task_id,assign_id,period_label,due_date,status,done_at,done_by,remark
TSK-000001,ASG-000003,2026년 수시,2026-07-29,기간초과,,,
TSK-000002,ASG-000011,2026년 수시,2026-08-05,기간초과,,,
TSK-000003,ASG-000012,2026년 수시,2026-08-12,점검완료,2026-08-09,SD03-1,
TSK-000004,ASG-000013,2026년 수시,2026-08-19,조치필요,2026-08-16,SD03-1,
TSK-000005,ASG-000014,2026년 수시,2026-08-26,기간초과,,,
TSK-000006,ASG-000015,2026년 수시,2026-09-02,이행완료,2026-08-30,SD03-1,
TSK-000007,ASG-000016,2026년 수시,2026-09-09,기간초과,,,
TSK-000008,ASG-000017,2026년 수시,2026-09-16,이행완료,2026-09-13,SD03-1,
TSK-000009,ASG-000018,2026년 수시,2026-09-23,이행대기,,,
TSK-000010,ASG-000019,2026년 연1회,2026-07-31,기간초과,,,
TSK-000011,ASG-000020,2026년 연1회,2026-08-07,점검완료,2026-08-04,SD03-1,
TSK-000012,ASG-000021,2026년 연1회,2026-08-14,조치필요,2026-08-11,SD03-1,
TSK-000013,ASG-000022,2026년 연1회,2026-08-21,기간초과,,,
TSK-000014,ASG-000023,2026년 수시,2026-10-28,이행완료,2026-10-25,SD03-1,
TSK-000015,ASG-000024,2026년 수시,2026-11-04,이행대기,,,
TSK-000016,ASG-000025,2026년 수시,2026-11-11,이행완료,2026-11-08,SD03-1,
TSK-000017,ASG-000026,2026년 수시,2026-11-18,이행대기,,,
TSK-000018,ASG-000027,2026년 수시,2026-11-25,이행대기,,,
TSK-000019,ASG-000028,2026년 수시,2026-12-02,점검완료,2026-11-29,SD03-1,
TSK-000020,ASG-000029,2026년 수시,2026-12-09,조치필요,2026-12-06,SD03-1,
TSK-000021,ASG-000030,2026년 수시,2026-12-16,기간초과,,,
TSK-000022,ASG-000033,2026년 수시,2026-12-23,이행완료,2026-12-20,SD04-1,
TSK-000023,ASG-000034,2026년 수시,2026-12-30,이행대기,,,
TSK-000024,ASG-000035,2026년 수시,2027-01-06,이행완료,2027-01-03,SD04-1,
TSK-000025,ASG-000036,2026년 수시,2027-01-13,이행대기,,,
TSK-000026,ASG-000039,2026년 수시,2026-07-24,기간초과,,,
TSK-000027,ASG-000040,2026년 수시,2026-07-31,점검완료,2026-07-28,SD09-1,
TSK-000028,ASG-000041,2026년 수시,2026-08-07,조치필요,2026-08-04,SD09-1,
TSK-000029,ASG-000042,2026년 수시,2026-08-14,기간초과,,,
TSK-000030,ASG-000045,2026년 수시,2026-08-21,이행완료,2026-08-18,SD09-1,
TSK-000031,ASG-000046,2026년 수시,2026-08-28,기간초과,,,
TSK-000032,ASG-000047,2026년 수시,2026-09-04,이행완료,2026-09-01,SD09-1,
TSK-000033,ASG-000048,2026년 수시,2026-09-11,기간초과,,,
TSK-000034,ASG-000051,2026년 수시,2026-09-18,기간초과,,,
TSK-000035,ASG-000052,2026년 수시,2026-09-25,점검완료,2026-09-22,SD09-1,
TSK-000036,ASG-000053,2026년 수시,2026-10-02,조치필요,2026-09-29,SD09-1,
TSK-000037,ASG-000054,2026년 수시,2026-10-09,기간초과,,,
TSK-000038,ASG-000059,2026년 수시,2026-10-16,이행완료,2026-10-13,SD09-1,
TSK-000039,ASG-000060,2026년 수시,2026-10-23,이행대기,,,
TSK-000040,ASG-000061,2026년 수시,2026-10-30,이행완료,2026-10-27,SD09-1,
TSK-000041,ASG-000062,2026년 수시,2026-11-06,이행대기,,,
TSK-000042,ASG-000063,2026년 수시,2026-11-13,이행대기,,,
TSK-000043,ASG-000064,2026년 수시,2026-11-20,점검완료,2026-11-17,SD09-1,
TSK-000044,ASG-000065,2026년 수시,2026-11-27,조치필요,2026-11-24,SD09-1,
TSK-000045,ASG-000066,2026년 수시,2026-12-04,기간초과,,,
TSK-000046,ASG-000071,2026년 수시,2026-12-11,이행완료,2026-12-08,SD09-1,
TSK-000047,ASG-000072,2026년 수시,2026-12-18,이행대기,,,
TSK-000048,ASG-000073,2026년 수시,2026-12-25,이행완료,2026-12-22,SD09-1,
TSK-000049,ASG-000074,2026년 수시,2027-01-01,이행대기,,,
TSK-000050,ASG-000075,2026년 수시,2027-01-08,이행대기,,,
TSK-000051,ASG-000076,2026년 수시,2027-01-15,점검완료,2027-01-12,SD02-1,
TSK-000052,ASG-000077,2026년 수시,2026-07-26,조치필요,2026-07-23,SD02-1,
TSK-000053,ASG-000078,2026년 수시,2026-08-02,기간초과,,,
TSK-000054,ASG-000099,2026년 수시,2026-08-09,이행완료,2026-08-06,SD13-1,
TSK-000055,ASG-000100,2026년 수시,2026-08-16,기간초과,,,
TSK-000056,ASG-000101,2026년 수시,2026-08-23,이행완료,2026-08-20,SD13-1,
TSK-000057,ASG-000102,2026년 수시,2026-08-30,기간초과,,,
TSK-000058,ASG-000103,2026년 수시,2026-09-06,기간초과,,,
TSK-000059,ASG-000104,2026년 수시,2026-09-13,점검완료,2026-09-10,SD13-1,
TSK-000060,ASG-000105,2026년 수시,2026-09-20,조치필요,2026-09-17,SD13-1,
TSK-000061,ASG-000106,2026년 수시,2026-09-27,기간초과,,,
TSK-000062,ASG-000107,2026년 수시,2026-10-04,이행완료,2026-10-01,SD13-1,
TSK-000063,ASG-000108,2026년 수시,2026-10-11,이행대기,,,
TSK-000064,ASG-000109,2026년 수시,2026-10-18,이행완료,2026-10-15,SD13-1,
TSK-000065,ASG-000110,2026년 수시,2026-10-25,이행대기,,,
TSK-000066,ASG-000111,2026년 수시,2026-11-01,이행대기,,,
TSK-000067,ASG-000112,2026년 수시,2026-11-08,점검완료,2026-11-05,SD13-1,
TSK-000068,ASG-000113,2026년 수시,2026-11-15,조치필요,2026-11-12,SD13-1,
TSK-000069,ASG-000114,2026년 수시,2026-11-22,기간초과,,,
TSK-000070,ASG-000115,2026년 수시,2026-11-29,이행완료,2026-11-26,SD13-1,
TSK-000071,ASG-000116,2026년 수시,2026-12-06,이행대기,,,
TSK-000072,ASG-000117,2026년 수시,2026-12-13,이행완료,2026-12-10,SD13-1,
TSK-000073,ASG-000118,2026년 수시,2026-12-20,이행대기,,,
TSK-000074,ASG-000119,2026년 수시,2026-12-27,이행대기,,,
TSK-000075,ASG-000120,2026년 수시,2027-01-03,점검완료,2026-12-31,SD13-1,
TSK-000076,ASG-000121,2026년 수시,2027-01-10,조치필요,2027-01-07,SD13-1,
TSK-000077,ASG-000122,2026년 수시,2027-01-17,기간초과,,,
TSK-000078,ASG-000123,2026년 수시,2026-07-28,이행완료,2026-07-25,SD13-1,
TSK-000079,ASG-000124,2026년 수시,2026-08-04,기간초과,,,
TSK-000080,ASG-000125,2026년 수시,2026-08-11,이행완료,2026-08-08,SD13-1,
TSK-000081,ASG-000126,2026년 수시,2026-08-18,기간초과,,,
TSK-000082,ASG-000127,2026년 수시,2026-08-25,기간초과,,,
TSK-000083,ASG-000128,2026년 수시,2026-09-01,점검완료,2026-08-29,SD13-1,
TSK-000084,ASG-000129,2026년 수시,2026-09-08,조치필요,2026-09-05,SD13-1,
TSK-000085,ASG-000130,2026년 수시,2026-09-15,기간초과,,,
TSK-000086,ASG-000131,2026년 수시,2026-09-22,이행완료,2026-09-19,SD13-1,
TSK-000087,ASG-000132,2026년 수시,2026-09-29,이행대기,,,
TSK-000088,ASG-000133,2026년 수시,2026-10-06,이행완료,2026-10-03,SD13-1,
TSK-000089,ASG-000134,2026년 수시,2026-10-13,이행대기,,,
TSK-000090,ASG-000135,2026년 수시,2026-10-20,이행대기,,,
TSK-000091,ASG-000136,2026년 수시,2026-10-27,점검완료,2026-10-24,SD13-1,
TSK-000092,ASG-000137,2026년 수시,2026-11-03,조치필요,2026-10-31,SD13-1,
TSK-000093,ASG-000138,2026년 수시,2026-11-10,기간초과,,,
TSK-000094,ASG-000139,2026년 수시,2026-11-17,이행완료,2026-11-14,SD13-1,
TSK-000095,ASG-000140,2026년 수시,2026-11-24,이행대기,,,
TSK-000096,ASG-000141,2026년 수시,2026-12-01,이행완료,2026-11-28,SD13-1,
TSK-000097,ASG-000142,2026년 수시,2026-12-08,이행대기,,,
TSK-000098,ASG-000143,2026년 수시,2026-12-15,이행대기,,,
TSK-000099,ASG-000145,2026년 수시,2026-12-22,점검완료,2026-12-19,SD13-1,
TSK-000100,ASG-000146,2026년 수시,2026-12-29,조치필요,2026-12-26,SD13-1,
TSK-000101,ASG-000148,2026년 수시,2027-01-05,기간초과,,,
TSK-000102,ASG-000149,2026년 수시,2027-01-12,이행완료,2027-01-09,SD13-1,
TSK-000103,ASG-000150,2026년 수시,2026-07-23,기간초과,,,
TSK-000104,ASG-000151,2026년 수시,2026-07-30,이행완료,2026-07-27,SD13-1,
TSK-000105,ASG-000152,2026년 수시,2026-08-06,기간초과,,,
TSK-000106,ASG-000153,2026년 수시,2026-08-13,기간초과,,,
TSK-000107,ASG-000154,2026년 수시,2026-08-20,점검완료,2026-08-17,SD13-1,
TSK-000108,ASG-000155,2026년 수시,2026-08-27,조치필요,2026-08-24,SD13-1,
TSK-000109,ASG-000156,2026년 수시,2026-09-03,기간초과,,,
TSK-000110,ASG-000157,2026년 수시,2026-09-10,이행완료,2026-09-07,SD13-1,
TSK-000111,ASG-000158,2026년 수시,2026-09-17,기간초과,,,
TSK-000112,ASG-000159,2026년 수시,2026-09-24,이행완료,2026-09-21,SD13-1,
TSK-000113,ASG-000160,2026년 수시,2026-10-01,이행대기,,,
TSK-000114,ASG-000161,2026년 수시,2026-10-08,이행대기,,,
TSK-000115,ASG-000162,2026년 수시,2026-10-15,점검완료,2026-10-12,SD13-1,
TSK-000116,ASG-000163,2026년 수시,2026-10-22,조치필요,2026-10-19,SD13-1,
TSK-000117,ASG-000164,2026년 수시,2026-10-29,기간초과,,,
TSK-000118,ASG-000165,2026년 수시,2026-11-05,이행완료,2026-11-02,SD13-1,
TSK-000119,ASG-000166,2026년 수시,2026-11-12,이행대기,,,
TSK-000120,ASG-000178,2026년 수시,2026-11-19,이행완료,2026-11-16,SD13-1,
TSK-000121,ASG-000179,2026년 수시,2026-11-26,이행대기,,,
TSK-000122,ASG-000180,2026년 수시,2026-12-03,이행대기,,,
TSK-000123,ASG-000181,2026년 수시,2026-12-10,점검완료,2026-12-07,SD13-1,
TSK-000124,ASG-000182,2026년 상시,2026-10-07,조치필요,2026-10-04,SD13-1,
TSK-000125,ASG-000183,2026년 상시,2026-10-14,기간초과,,,
TSK-000126,ASG-000184,2026년 상시,2026-10-21,이행완료,2026-10-18,SD13-1,
TSK-000127,ASG-000185,2026년 상시,2026-10-28,이행대기,,,
TSK-000128,ASG-000205,2026년 상시,2026-11-04,이행완료,2026-11-01,SD13-1,
TSK-000129,ASG-000206,2026년 상시,2026-11-11,이행대기,,,
TSK-000130,ASG-000207,2026년 상시,2026-11-18,이행대기,,,
TSK-000131,ASG-000208,2026년 상시,2026-11-25,점검완료,2026-11-22,SD13-1,
TSK-000132,ASG-000209,2026년 상시,2026-12-02,조치필요,2026-11-29,SD13-1,
TSK-000133,ASG-000210,2026년 상시,2026-12-09,기간초과,,,
TSK-000134,ASG-000211,2026년 상시,2026-12-16,이행완료,2026-12-13,SD13-1,
TSK-000135,ASG-000212,2026년 상시,2026-12-23,이행대기,,,
TSK-000136,ASG-000213,2026년 상시,2026-12-30,이행완료,2026-12-27,SD13-1,
TSK-000137,ASG-000214,2026년 상시,2027-01-06,이행대기,,,
TSK-000138,ASG-000215,2026년 상시,2027-01-13,이행대기,,,
TSK-000139,ASG-000216,2026년 상시,2027-01-20,점검완료,2027-01-17,SD13-1,
TSK-000140,ASG-000218,2026년 상시,2027-01-27,조치필요,2027-01-24,SD03-1,
TSK-000141,ASG-000219,2026년 상시,2027-02-03,기간초과,,,
TSK-000142,ASG-000220,2026년 상시,2027-02-10,이행완료,2027-02-07,SD03-1,
TSK-000143,ASG-000221,2026년 상시,2027-02-17,이행대기,,,
TSK-000144,ASG-000222,2026년 연1회,2027-02-24,이행완료,2027-02-21,SD13-1,
TSK-000145,ASG-000226,2026년 상시,2027-03-03,이행대기,,,
TSK-000146,ASG-000227,2026년 상시,2027-03-10,이행대기,,,
TSK-000147,ASG-000228,2026년 상시,2027-03-17,점검완료,2027-03-14,SD03-1,
TSK-000148,ASG-000229,2026년 상시,2027-03-24,조치필요,2027-03-21,SD03-1,
TSK-000149,ASG-000230,2026년 상시,2027-03-31,기간초과,,,
TSK-000150,ASG-000231,2026년 상시,2027-04-07,이행완료,2027-04-04,SD03-1,
TSK-000151,ASG-000232,2026년 상시,2027-04-14,이행대기,,,
TSK-000152,ASG-000233,2026년 상시,2027-04-21,이행완료,2027-04-18,SD03-1,
TSK-000153,ASG-000234,2026년 상시,2027-04-28,이행대기,,,
TSK-000154,ASG-000235,2026년 상시,2027-05-05,이행대기,,,
TSK-000155,ASG-000236,2026년 상시,2027-05-12,점검완료,2027-05-09,SD03-1,
TSK-000156,ASG-000237,2026년 상시,2027-05-19,조치필요,2027-05-16,SD03-1,
TSK-000157,ASG-000238,2026년 상시,2026-05-26,기간초과,,,
TSK-000158,ASG-000239,2026년 상시,2026-06-02,이행완료,2026-05-30,SD03-1,
TSK-000159,ASG-000240,2026년 상시,2026-06-09,기간초과,,,
TSK-000160,ASG-000241,2026년 상시,2026-06-16,이행완료,2026-06-13,SD03-1,
TSK-000161,ASG-000242,2026년 수시,2026-09-07,기간초과,,,
TSK-000162,ASG-000243,2026년 수시,2026-09-14,기간초과,,,
TSK-000163,ASG-000244,2026년 수시,2026-09-21,점검완료,2026-09-18,SD03-1,
TSK-000164,ASG-000245,2026년 수시,2026-09-28,조치필요,2026-09-25,SD03-1,
TSK-000165,ASG-000246,2026년 수시,2026-10-05,기간초과,,,
TSK-000166,ASG-000247,2026년 수시,2026-10-12,이행완료,2026-10-09,SD03-1,
TSK-000167,ASG-000248,2026년 수시,2026-10-19,이행대기,,,
TSK-000168,ASG-000249,2026년 수시,2026-10-26,이행완료,2026-10-23,SD03-1,
TSK-000169,ASG-000250,2026년 상시,2026-08-18,기간초과,,,
TSK-000170,ASG-000251,2026년 상시,2026-08-25,기간초과,,,
TSK-000171,ASG-000252,2026년 상시,2026-09-01,점검완료,2026-08-29,SD03-1,
TSK-000172,ASG-000253,2026년 상시,2026-09-08,조치필요,2026-09-05,SD03-1,
TSK-000173,ASG-000254,2026년 상시,2026-09-15,기간초과,,,
TSK-000174,ASG-000255,2026년 상시,2026-09-22,이행완료,2026-09-19,SD03-1,
TSK-000175,ASG-000256,2026년 상시,2026-09-29,이행대기,,,
TSK-000176,ASG-000257,2026년 상시,2026-10-06,이행완료,2026-10-03,SD03-1,
TSK-000177,ASG-000258,2026년 상시,2026-10-13,이행대기,,,
TSK-000178,ASG-000259,2026년 상시,2026-10-20,이행대기,,,
TSK-000179,ASG-000260,2026년 상시,2026-10-27,점검완료,2026-10-24,SD03-1,
TSK-000180,ASG-000261,2026년 상시,2026-11-03,조치필요,2026-10-31,SD03-1,
TSK-000181,ASG-000262,2026년 상시,2026-11-10,기간초과,,,
TSK-000182,ASG-000263,2026년 상시,2026-11-17,이행완료,2026-11-14,SD03-1,
TSK-000183,ASG-000264,2026년 상시,2026-11-24,이행대기,,,
TSK-000184,ASG-000265,2026년 상시,2026-12-01,이행완료,2026-11-28,SD03-1,
TSK-000185,ASG-000266,2026년 상시,2026-12-08,이행대기,,,
TSK-000186,ASG-000267,2026년 상시,2026-12-15,이행대기,,,
TSK-000187,ASG-000268,2026년 상시,2026-12-22,점검완료,2026-12-19,SD03-1,
TSK-000188,ASG-000269,2026년 상시,2026-12-29,조치필요,2026-12-26,SD03-1,
TSK-000189,ASG-000270,2026년 상시,2027-01-05,기간초과,,,
TSK-000190,ASG-000271,2026년 상시,2027-01-12,이행완료,2027-01-09,SD03-1,
TSK-000191,ASG-000272,2026년 상시,2027-01-19,이행대기,,,
TSK-000192,ASG-000273,2026년 상시,2027-01-26,이행완료,2027-01-23,SD03-1,
TSK-000193,ASG-000274,2026년 상시,2027-02-02,이행대기,,,
TSK-000194,ASG-000275,2026년 상시,2027-02-09,이행대기,,,
TSK-000195,ASG-000276,2026년 상시,2027-02-16,점검완료,2027-02-13,SD03-1,
TSK-000196,ASG-000277,2026년 상시,2027-02-23,조치필요,2027-02-20,SD03-1,
TSK-000197,ASG-000278,2026년 상시,2027-03-02,기간초과,,,
TSK-000198,ASG-000279,2026년 상시,2027-03-09,이행완료,2027-03-06,SD03-1,
TSK-000199,ASG-000280,2026년 상시,2027-03-16,이행대기,,,
TSK-000200,ASG-000281,2026년 상시,2027-03-23,이행완료,2027-03-20,SD03-1,
TSK-000201,ASG-000282,2026년 상시,2027-03-30,이행대기,,,
TSK-000202,ASG-000283,2026년 상시,2027-04-06,이행대기,,,
TSK-000203,ASG-000284,2026년 상시,2027-04-13,점검완료,2027-04-10,SD03-1,
TSK-000204,ASG-000285,2026년 상시,2027-04-20,조치필요,2027-04-17,SD03-1,
TSK-000205,ASG-000286,2026년 상시,2027-04-27,기간초과,,,
TSK-000206,ASG-000287,2026년 상시,2027-05-04,이행완료,2027-05-01,SD03-1,
TSK-000207,ASG-000288,2026년 상시,2027-05-11,이행대기,,,
TSK-000208,ASG-000289,2026년 상시,2027-05-18,이행완료,2027-05-15,SD03-1,
TSK-000209,ASG-000290,2026년 상시,2026-05-25,기간초과,,,
TSK-000210,ASG-000291,2026년 상시,2026-06-01,기간초과,,,
TSK-000211,ASG-000292,2026년 상시,2026-06-08,점검완료,2026-06-05,SD03-1,
TSK-000212,ASG-000293,2026년 상시,2026-06-15,조치필요,2026-06-12,SD03-1,
TSK-000213,ASG-000294,2026년 상시,2026-06-22,기간초과,,,
TSK-000214,ASG-000295,2026년 상시,2026-06-29,이행완료,2026-06-26,SD03-1,
TSK-000215,ASG-000296,2026년 상시,2026-07-06,기간초과,,,
TSK-000216,ASG-000297,2026년 상시,2026-07-13,이행완료,2026-07-10,SD03-1,
TSK-000217,ASG-000298,2026년 상시,2026-07-20,기간초과,,,
TSK-000218,ASG-000299,2026년 상시,2026-07-27,기간초과,,,
TSK-000219,ASG-000300,2026년 상시,2026-08-03,점검완료,2026-07-31,SD03-1,
TSK-000220,ASG-000301,2026년 상시,2026-08-10,조치필요,2026-08-07,SD03-1,
TSK-000221,ASG-000302,2026년 상시,2026-08-17,기간초과,,,
TSK-000222,ASG-000303,2026년 상시,2026-08-24,이행완료,2026-08-21,SD03-1,
TSK-000223,ASG-000304,2026년 상시,2026-08-31,기간초과,,,
TSK-000224,ASG-000305,2026년 상시,2026-09-07,이행완료,2026-09-04,SD03-1,
TSK-000225,ASG-000306,2026년 수시,2026-12-04,이행대기,,,
TSK-000226,ASG-000307,2026년 수시,2026-12-11,이행대기,,,
TSK-000227,ASG-000308,2026년 수시,2026-12-18,점검완료,2026-12-15,SD03-1,
TSK-000228,ASG-000309,2026년 수시,2026-12-25,조치필요,2026-12-22,SD03-1,
TSK-000229,ASG-000310,2026년 수시,2027-01-01,기간초과,,,
TSK-000230,ASG-000311,2026년 수시,2027-01-08,이행완료,2027-01-05,SD03-1,
TSK-000231,ASG-000312,2026년 수시,2027-01-15,이행대기,,,
TSK-000232,ASG-000313,2026년 수시,2026-07-26,이행완료,2026-07-23,SD03-1,
TSK-000233,ASG-000314,2026년 수시,2026-08-02,기간초과,,,
TSK-000234,ASG-000315,2026년 수시,2026-08-09,기간초과,,,
TSK-000235,ASG-000316,2026년 수시,2026-08-16,점검완료,2026-08-13,SD03-1,
TSK-000236,ASG-000317,2026년 수시,2026-08-23,조치필요,2026-08-20,SD03-1,
TSK-000237,ASG-000339,2026년 연1회,2026-12-07,기간초과,,,
TSK-000238,ASG-000340,2026년 연1회,2026-12-14,이행완료,2026-12-11,SD13-1,
TSK-000239,ASG-000341,2026년 연1회,2026-12-21,이행대기,,,
TSK-000240,ASG-000342,2026년 연1회,2026-12-28,이행완료,2026-12-25,SD13-1,
TSK-000241,ASG-000343,2026년 상시,2027-01-04,이행대기,,,
TSK-000242,ASG-000344,2026년 상시,2027-01-11,이행대기,,,
TSK-000243,ASG-000345,2026년 상시,2027-01-18,점검완료,2027-01-15,SD03-1,
TSK-000244,ASG-000346,2026년 상시,2027-01-25,조치필요,2027-01-22,SD03-1,
TSK-000245,ASG-000347,2026년 상시,2027-02-01,기간초과,,,
TSK-000246,ASG-000348,2026년 상시,2027-02-08,이행완료,2027-02-05,SD03-1,
TSK-000247,ASG-000349,2026년 상시,2027-02-15,이행대기,,,
TSK-000248,ASG-000350,2026년 상시,2027-02-22,이행완료,2027-02-19,SD03-1,
TSK-000249,ASG-000354,2026년 상시,2027-03-01,이행대기,,,
TSK-000250,ASG-000355,2026년 상시,2027-03-08,이행대기,,,
TSK-000251,ASG-000356,2026년 상시,2027-03-15,점검완료,2027-03-12,SD04-1,
TSK-000252,ASG-000357,2026년 상시,2027-03-22,조치필요,2027-03-19,SD04-1,
TSK-000253,ASG-000358,2026년 상시,2027-03-29,기간초과,,,
TSK-000254,ASG-000359,2026년 상시,2027-04-05,이행완료,2027-04-02,SD04-1,
TSK-000255,ASG-000360,2026년 상시,2027-04-12,이행대기,,,
TSK-000256,ASG-000361,2026년 상시,2027-04-19,이행완료,2027-04-16,SD04-1,
TSK-000257,ASG-000362,2026년 연1회,2027-04-26,이행대기,,,
TSK-000258,ASG-000363,2026년 연1회,2027-05-03,이행대기,,,
TSK-000259,ASG-000364,2026년 연1회,2027-05-10,점검완료,2027-05-07,SD04-1,
TSK-000260,ASG-000365,2026년 연1회,2027-05-17,조치필요,2027-05-14,SD04-1,
TSK-000261,ASG-000366,2026년 연1회,2026-05-24,기간초과,,,
TSK-000262,ASG-000367,2026년 연1회,2026-05-31,이행완료,2026-05-28,SD04-1,
TSK-000263,ASG-000368,2026년 연1회,2026-06-07,기간초과,,,
TSK-000264,ASG-000369,2026년 연1회,2026-06-14,이행완료,2026-06-11,SD04-1,
TSK-000265,ASG-000370,2026년 연1회,2026-06-21,기간초과,,,
TSK-000266,ASG-000371,2026년 연1회,2026-06-28,기간초과,,,
TSK-000267,ASG-000372,2026년 연1회,2026-07-05,점검완료,2026-07-02,SD04-1,
TSK-000268,ASG-000373,2026년 연1회,2026-07-12,조치필요,2026-07-09,SD04-1,
TSK-000269,ASG-000374,2026년 상시,2026-07-19,기간초과,,,
TSK-000270,ASG-000375,2026년 상시,2026-07-26,이행완료,2026-07-23,SD04-1,
TSK-000271,ASG-000376,2026년 상시,2026-08-02,기간초과,,,
TSK-000272,ASG-000377,2026년 상시,2026-08-09,이행완료,2026-08-06,SD04-1,
TSK-000273,ASG-000378,2026년 상시,2026-08-16,기간초과,,,
TSK-000274,ASG-000379,2026년 상시,2026-08-23,기간초과,,,
TSK-000275,ASG-000380,2026년 상시,2026-08-30,점검완료,2026-08-27,SD13-1,
TSK-000276,ASG-000381,2026년 상시,2026-09-06,조치필요,2026-09-03,SD13-1,
TSK-000277,ASG-000382,2026년 상시,2026-09-13,기간초과,,,
TSK-000278,ASG-000383,2026년 상시,2026-09-20,이행완료,2026-09-17,SD04-1,
TSK-000279,ASG-000384,2026년 상시,2026-09-27,이행대기,,,
TSK-000280,ASG-000385,2026년 상시,2026-10-04,이행완료,2026-10-01,SD04-1,
TSK-000281,ASG-000386,2026년 상시,2026-10-11,이행대기,,,
TSK-000282,ASG-000387,2026년 상시,2026-10-18,이행대기,,,
TSK-000283,ASG-000388,2026년 상시,2026-10-25,점검완료,2026-10-22,SD04-1,
TSK-000284,ASG-000389,2026년 상시,2026-11-01,조치필요,2026-10-29,SD04-1,
TSK-000285,ASG-000390,2026년 상시,2026-11-08,기간초과,,,
TSK-000286,ASG-000391,2026년 상시,2026-11-15,이행완료,2026-11-12,SD04-1,
TSK-000287,ASG-000392,2026년 상시,2026-11-22,이행대기,,,
TSK-000288,ASG-000393,2026년 상시,2026-11-29,이행완료,2026-11-26,SD04-1,
TSK-000289,ASG-000394,2026년 상시,2026-12-06,이행대기,,,
TSK-000290,ASG-000395,2026년 상시,2026-12-13,이행대기,,,
TSK-000291,ASG-000396,2026년 상시,2026-12-20,점검완료,2026-12-17,SD13-1,
TSK-000292,ASG-000397,2026년 상시,2026-12-27,조치필요,2026-12-24,SD13-1,
TSK-000293,ASG-000398,2026년 상시,2027-01-03,기간초과,,,
TSK-000294,ASG-000399,2026년 수시,2026-10-08,이행완료,2026-10-05,SD04-1,
TSK-000295,ASG-000400,2026년 수시,2026-10-15,이행대기,,,
TSK-000296,ASG-000401,2026년 수시,2026-10-22,이행완료,2026-10-19,SD04-1,
TSK-000297,ASG-000402,2026년 수시,2026-10-29,이행대기,,,
TSK-000298,ASG-000403,2026년 상시,2027-02-07,이행대기,,,
TSK-000299,ASG-000404,2026년 상시,2027-02-14,점검완료,2027-02-11,SD04-1,
TSK-000300,ASG-000405,2026년 상시,2027-02-21,조치필요,2027-02-18,SD04-1,
TSK-000301,ASG-000406,2026년 상시,2027-02-28,기간초과,,,
TSK-000302,ASG-000409,2026년 상시,2027-03-07,이행완료,2027-03-04,SD04-1,
TSK-000303,ASG-000410,2026년 상시,2027-03-14,이행대기,,,
TSK-000304,ASG-000411,2026년 상시,2027-03-21,이행완료,2027-03-18,SD04-1,
TSK-000305,ASG-000412,2026년 상시,2027-03-28,이행대기,,,
TSK-000306,ASG-000413,2026년 상시,2027-04-04,이행대기,,,
TSK-000307,ASG-000414,2026년 상시,2027-04-11,점검완료,2027-04-08,SD04-1,
TSK-000308,ASG-000415,2026년 상시,2027-04-18,조치필요,2027-04-15,SD04-1,
TSK-000309,ASG-000416,2026년 상시,2027-04-25,기간초과,,,
TSK-000310,ASG-000417,2026년 상시,2027-05-02,이행완료,2027-04-29,SD04-1,
TSK-000311,ASG-000418,2026년 상시,2027-05-09,이행대기,,,
TSK-000312,ASG-000419,2026년 상시,2027-05-16,이행완료,2027-05-13,SD04-1,
TSK-000313,ASG-000420,2026년 상시,2026-05-23,기간초과,,,
TSK-000314,ASG-000421,2026년 상시,2026-05-30,기간초과,,,
TSK-000315,ASG-000422,2026년 상시,2026-06-06,점검완료,2026-06-03,SD04-1,
TSK-000316,ASG-000423,2026년 상시,2026-06-13,조치필요,2026-06-10,SD04-1,
TSK-000317,ASG-000424,2026년 상시,2026-06-20,기간초과,,,
TSK-000318,ASG-000425,2026년 상시,2026-06-27,이행완료,2026-06-24,SD04-1,
TSK-000319,ASG-000426,2026년 상시,2026-07-04,기간초과,,,
TSK-000320,ASG-000427,2026년 상시,2026-07-11,이행완료,2026-07-08,SD04-1,
TSK-000321,ASG-000428,2026년 상시,2026-07-18,기간초과,,,
TSK-000322,ASG-000429,2026년 상시,2026-07-25,기간초과,,,
TSK-000323,ASG-000430,2026년 상시,2026-08-01,점검완료,2026-07-29,SD04-1,
TSK-000324,ASG-000431,2026년 상시,2026-08-08,조치필요,2026-08-05,SD04-1,
TSK-000325,ASG-000432,2026년 상시,2026-08-15,기간초과,,,
TSK-000326,ASG-000433,2026년 상시,2026-08-22,이행완료,2026-08-19,SD04-1,
TSK-000327,ASG-000434,2026년 상시,2026-08-29,기간초과,,,
TSK-000328,ASG-000435,2026년 상시,2026-09-05,이행완료,2026-09-02,SD04-1,
TSK-000329,ASG-000436,2026년 상시,2026-09-12,기간초과,,,
TSK-000330,ASG-000437,2026년 연1회,2026-09-19,기간초과,,,
TSK-000331,ASG-000438,2026년 연1회,2026-09-26,점검완료,2026-09-23,SD04-1,
TSK-000332,ASG-000439,2026년 연1회,2026-10-03,조치필요,2026-09-30,SD04-1,
TSK-000333,ASG-000440,2026년 연1회,2026-10-10,기간초과,,,
TSK-000334,ASG-000441,2026년 상시,2026-10-17,이행완료,2026-10-14,SD04-1,
TSK-000335,ASG-000442,2026년 상시,2026-10-24,이행대기,,,
TSK-000336,ASG-000443,2026년 상시,2026-10-31,이행완료,2026-10-28,SD04-1,
TSK-000337,ASG-000444,2026년 상시,2026-11-07,이행대기,,,
TSK-000338,ASG-000445,2026년 반기 1회,2026-08-17,기간초과,,,
TSK-000339,ASG-000446,2026년 반기 1회,2026-08-24,점검완료,2026-08-21,SD04-1,
TSK-000340,ASG-000447,2026년 반기 1회,2026-08-31,조치필요,2026-08-28,SD04-1,
TSK-000341,ASG-000448,2026년 반기 1회,2026-09-07,기간초과,,,
TSK-000342,ASG-000449,2026년 상시,2026-12-12,이행완료,2026-12-09,SD04-1,
TSK-000343,ASG-000450,2026년 상시,2026-12-19,이행대기,,,
TSK-000344,ASG-000451,2026년 상시,2026-12-26,이행완료,2026-12-23,SD04-1,
TSK-000345,ASG-000452,2026년 상시,2027-01-02,이행대기,,,
TSK-000346,ASG-000453,2026년 상시,2027-01-09,이행대기,,,
TSK-000347,ASG-000454,2026년 상시,2027-01-16,점검완료,2027-01-13,SD04-1,
TSK-000348,ASG-000455,2026년 상시,2027-01-23,조치필요,2027-01-20,SD04-1,
TSK-000349,ASG-000456,2026년 상시,2027-01-30,기간초과,,,
TSK-000350,ASG-000457,2026년 연1회,2027-02-06,이행완료,2027-02-03,SD02-1,
TSK-000351,ASG-000458,2026년 연1회,2027-02-13,이행대기,,,
TSK-000352,ASG-000459,2026년 연1회,2027-02-20,이행완료,2027-02-17,SD02-1,
TSK-000353,ASG-000460,2026년 연1회,2027-02-27,이행대기,,,
TSK-000354,ASG-000461,2026년 상시,2027-03-06,이행대기,,,
TSK-000355,ASG-000462,2026년 상시,2027-03-13,점검완료,2027-03-10,SD02-1,
TSK-000356,ASG-000463,2026년 상시,2027-03-20,조치필요,2027-03-17,SD02-1,
TSK-000357,ASG-000464,2026년 상시,2027-03-27,기간초과,,,
TSK-000358,ASG-000465,2026년 상시,2027-04-03,이행완료,2027-03-31,SD03-1,
TSK-000359,ASG-000466,2026년 상시,2027-04-10,이행대기,,,
TSK-000360,ASG-000467,2026년 상시,2027-04-17,이행완료,2027-04-14,SD03-1,
TSK-000361,ASG-000468,2026년 상시,2027-04-24,이행대기,,,
TSK-000362,ASG-000469,2026년 상시,2027-05-01,이행대기,,,
TSK-000363,ASG-000470,2026년 상시,2027-05-08,점검완료,2027-05-05,SD02-1,
TSK-000364,ASG-000471,2026년 상시,2027-05-15,조치필요,2027-05-12,SD02-1,
TSK-000365,ASG-000472,2026년 상시,2026-05-22,기간초과,,,
TSK-000366,ASG-000473,2026년 상시,2026-05-29,이행완료,2026-05-26,SD02-1,
TSK-000367,ASG-000474,2026년 상시,2026-06-05,기간초과,,,
TSK-000368,ASG-000475,2026년 상시,2026-06-12,이행완료,2026-06-09,SD02-1,
TSK-000369,ASG-000476,2026년 상시,2026-06-19,기간초과,,,
TSK-000370,ASG-000477,2026년 상시,2026-06-26,기간초과,,,
TSK-000371,ASG-000478,2026년 상시,2026-07-03,점검완료,2026-06-30,SD02-1,
TSK-000372,ASG-000479,2026년 상시,2026-07-10,조치필요,2026-07-07,SD02-1,
TSK-000373,ASG-000480,2026년 상시,2026-07-17,기간초과,,,
TSK-000374,ASG-000530,2026년 연1회,2026-07-24,이행완료,2026-07-21,SD04-1,
TSK-000375,ASG-000531,2026년 연1회,2026-07-31,기간초과,,,
TSK-000376,ASG-000532,2026년 연1회,2026-08-07,이행완료,2026-08-04,SD04-1,
TSK-000377,ASG-000533,2026년 연1회,2026-08-14,기간초과,,,
TSK-000378,ASG-000535,2026년 상시,2026-08-21,기간초과,,,
TSK-000379,ASG-000536,2026년 상시,2026-08-28,점검완료,2026-08-25,SD13-1,
TSK-000380,ASG-000537,2026년 상시,2026-09-04,조치필요,2026-09-01,SD13-1,
TSK-000381,ASG-000538,2026년 상시,2026-09-11,기간초과,,,
TSK-000382,ASG-000539,2026년 연1회,2026-09-18,이행완료,2026-09-15,SD13-1,
TSK-000383,ASG-000540,2026년 연1회,2026-09-25,이행대기,,,
TSK-000384,ASG-000541,2026년 연1회,2026-10-02,이행완료,2026-09-29,SD13-1,
TSK-000385,ASG-000542,2026년 연1회,2026-10-09,이행대기,,,
TSK-000386,ASG-000543,2026년 연1회,2026-10-16,이행대기,,,
TSK-000387,ASG-000544,2026년 연1회,2026-10-23,점검완료,2026-10-20,SD13-1,
TSK-000388,ASG-000545,2026년 연1회,2026-10-30,조치필요,2026-10-27,SD13-1,
TSK-000389,ASG-000546,2026년 상시,2026-11-06,기간초과,,,
TSK-000390,ASG-000547,2026년 상시,2026-11-13,이행완료,2026-11-10,SD13-1,
TSK-000391,ASG-000548,2026년 상시,2026-11-20,이행대기,,,
TSK-000392,ASG-000549,2026년 상시,2026-11-27,이행완료,2026-11-24,SD13-1,
TSK-000393,ASG-000550,2026년 상시,2026-12-04,이행대기,,,
TSK-000394,ASG-000551,2026년 상시,2026-12-11,이행대기,,,
TSK-000395,ASG-000552,2026년 상시,2026-12-18,점검완료,2026-12-15,SD13-1,
TSK-000396,ASG-000553,2026년 상시,2026-12-25,조치필요,2026-12-22,SD13-1,
TSK-000397,ASG-000554,2026년 상시,2027-01-01,기간초과,,,
TSK-000398,ASG-000555,2026년 연1회,2027-01-08,이행완료,2027-01-05,SD13-1,
TSK-000399,ASG-000556,2026년 수시,2026-10-23,이행대기,,,
TSK-000400,ASG-000557,2026년 연1회,2027-01-22,이행완료,2027-01-19,SD13-1,
TSK-000401,ASG-000558,2026년 연1회,2027-01-29,이행대기,,,
TSK-000402,ASG-000559,2026년 연1회,2027-02-05,이행대기,,,
TSK-000403,ASG-000560,2026년 연1회,2027-02-12,점검완료,2027-02-09,SD13-1,
TSK-000404,ASG-000561,2026년 반기 1회,2026-11-27,조치필요,2026-11-24,SD13-1,
TSK-000405,ASG-000562,2026년 반기 1회,2026-12-04,기간초과,,,
TSK-000406,ASG-000563,2026년 반기 1회,2026-12-11,이행완료,2026-12-08,SD13-1,
TSK-000407,ASG-000564,2026년 반기 1회,2026-12-18,이행대기,,,
TSK-000408,ASG-000565,2026년 연1회,2027-03-19,이행완료,2027-03-16,SD09-1,
TSK-000409,ASG-000566,2026년 연1회,2027-03-26,이행대기,,,
TSK-000410,ASG-000567,2026년 연1회,2027-04-02,이행대기,,,
TSK-000411,ASG-000568,2026년 연1회,2027-04-09,점검완료,2027-04-06,SD09-1,
TSK-000412,ASG-000572,2026년 상시,2027-04-16,조치필요,2027-04-13,SD13-1,
TSK-000413,ASG-000573,2026년 상시,2027-04-23,기간초과,,,
TSK-000414,ASG-000574,2026년 상시,2027-04-30,이행완료,2027-04-27,SD13-1,
TSK-000415,ASG-000575,2026년 상시,2027-05-07,이행대기,,,
TSK-000416,ASG-000576,2026년 상시,2027-05-14,이행완료,2027-05-11,SD13-1,
TSK-000417,ASG-000577,2026년 상시,2027-05-21,이행대기,,,
TSK-000418,ASG-000578,2026년 상시,2026-05-28,기간초과,,,
TSK-000419,ASG-000579,2026년 상시,2026-06-04,점검완료,2026-06-01,SD13-1,
TSK-000420,ASG-000580,2026년 상시,2026-06-11,조치필요,2026-06-08,SD13-1,
TSK-000421,ASG-000581,2026년 상시,2026-06-18,기간초과,,,
TSK-000422,ASG-000582,2026년 상시,2026-06-25,이행완료,2026-06-22,SD13-1,
TSK-000423,ASG-000583,2026년 상시,2026-07-02,기간초과,,,
TSK-000424,ASG-000584,2026년 수시,2026-10-18,이행완료,2026-10-15,SD13-1,
TSK-000425,ASG-000585,2026년 수시,2026-10-25,이행대기,,,
TSK-000426,ASG-000586,2026년 수시,2026-11-01,이행대기,,,
TSK-000427,ASG-000587,2026년 수시,2026-11-08,점검완료,2026-11-05,SD13-1,
TSK-000428,ASG-000608,2026년 상시,2026-08-06,조치필요,2026-08-03,SD05-1,
TSK-000429,ASG-000609,2026년 상시,2026-08-13,기간초과,,,
TSK-000430,ASG-000610,2026년 상시,2026-08-20,이행완료,2026-08-17,SD05-1,
TSK-000431,ASG-000611,2026년 상시,2026-08-27,기간초과,,,
TSK-000432,ASG-000612,2026년 상시,2026-09-03,이행완료,2026-08-31,SD05-1,
TSK-000433,ASG-000613,2026년 수시,2026-12-20,이행대기,,,
TSK-000434,ASG-000614,2026년 수시,2026-12-27,이행대기,,,
TSK-000435,ASG-000615,2026년 수시,2027-01-03,점검완료,2026-12-31,SD05-1,
TSK-000436,ASG-000616,2026년 수시,2027-01-10,조치필요,2027-01-07,SD05-1,
TSK-000437,ASG-000617,2026년 수시,2027-01-17,기간초과,,,
TSK-000438,ASG-000618,2026년 수시,2026-07-28,이행완료,2026-07-25,SD05-1,
TSK-000439,ASG-000619,2026년 수시,2026-08-04,기간초과,,,
TSK-000440,ASG-000620,2026년 수시,2026-08-11,이행완료,2026-08-08,SD05-1,
TSK-000441,ASG-000621,2026년 수시,2026-08-18,기간초과,,,
TSK-000442,ASG-000622,2026년 수시,2026-08-25,기간초과,,,
TSK-000443,ASG-000623,2026년 수시,2026-09-01,점검완료,2026-08-29,SD05-1,
TSK-000444,ASG-000624,2026년 수시,2026-09-08,조치필요,2026-09-05,SD05-1,
TSK-000445,ASG-000625,2026년 수시,2026-09-15,기간초과,,,
TSK-000446,ASG-000626,2026년 수시,2026-09-22,이행완료,2026-09-19,SD05-1,
TSK-000447,ASG-000627,2026년 수시,2026-09-29,이행대기,,,
TSK-000448,ASG-000628,2026년 수시,2026-10-06,이행완료,2026-10-03,SD13-1,
TSK-000449,ASG-000629,2026년 수시,2026-10-13,이행대기,,,
TSK-000450,ASG-000630,2026년 수시,2026-10-20,이행대기,,,
TSK-000451,ASG-000631,2026년 수시,2026-10-27,점검완료,2026-10-24,SD13-1,
TSK-000452,ASG-000632,2026년 수시,2026-11-03,조치필요,2026-10-31,SD13-1,
TSK-000453,ASG-000633,2026년 수시,2026-11-10,기간초과,,,
TSK-000454,ASG-000634,2026년 수시,2026-11-17,이행완료,2026-11-14,SD13-1,
TSK-000455,ASG-000635,2026년 수시,2026-11-24,이행대기,,,
TSK-000456,ASG-000636,2026년 수시,2026-12-01,이행완료,2026-11-28,SD13-1,
TSK-000457,ASG-000637,2026년 수시,2026-12-08,이행대기,,,
TSK-000458,ASG-000638,2026년 수시,2026-12-15,이행대기,,,
TSK-000459,ASG-000639,2026년 수시,2026-12-22,점검완료,2026-12-19,SD13-1,
TSK-000460,ASG-000640,2026년 수시,2026-12-29,조치필요,2026-12-26,SD13-1,
TSK-000461,ASG-000641,2026년 수시,2027-01-05,기간초과,,,
TSK-000462,ASG-000642,2026년 수시,2027-01-12,이행완료,2027-01-09,SD13-1,
TSK-000463,ASG-000643,2026년 수시,2026-07-23,기간초과,,,
TSK-000464,ASG-000644,2026년 수시,2026-07-30,이행완료,2026-07-27,SD13-1,
TSK-000465,ASG-000645,2026년 수시,2026-08-06,기간초과,,,
TSK-000466,ASG-000646,2026년 수시,2026-08-13,기간초과,,,
TSK-000467,ASG-000647,2026년 수시,2026-08-20,점검완료,2026-08-17,SD13-1,
TSK-000468,ASG-000648,2026년 수시,2026-08-27,조치필요,2026-08-24,SD13-1,
TSK-000469,ASG-000649,2026년 수시,2026-09-03,기간초과,,,
TSK-000470,ASG-000650,2026년 수시,2026-09-10,이행완료,2026-09-07,SD13-1,
TSK-000471,ASG-000651,2026년 수시,2026-09-17,기간초과,,,
TSK-000472,ASG-000652,2026년 수시,2026-09-24,이행완료,2026-09-21,SD13-1,
TSK-000473,ASG-000653,2026년 수시,2026-10-01,이행대기,,,
TSK-000474,ASG-000654,2026년 수시,2026-10-08,이행대기,,,
TSK-000475,ASG-000655,2026년 수시,2026-10-15,점검완료,2026-10-12,SD13-1,
TSK-000476,ASG-000664,2026년 반기 1회,2026-10-22,조치필요,2026-10-19,SD03-1,
TSK-000477,ASG-000665,2026년 반기 1회,2026-10-29,기간초과,,,
TSK-000478,ASG-000666,2026년 반기 1회,2026-11-05,이행완료,2026-11-02,SD03-1,
TSK-000479,ASG-000667,2026년 반기 1회,2026-11-12,이행대기,,,
TSK-000480,ASG-000668,2026년 연1회,2026-08-05,이행완료,2026-08-02,SD03-1,
TSK-000481,ASG-000669,2026년 연1회,2026-08-12,기간초과,,,
TSK-000482,ASG-000670,2026년 연1회,2026-08-19,기간초과,,,
TSK-000483,ASG-000671,2026년 연1회,2026-08-26,점검완료,2026-08-23,SD03-1,
TSK-000484,ASG-000672,2026년 반기 1회,2026-12-17,조치필요,2026-12-14,SD03-1,
TSK-000485,ASG-000673,2026년 반기 1회,2026-12-24,기간초과,,,
TSK-000486,ASG-000674,2026년 반기 1회,2026-12-31,이행완료,2026-12-28,SD03-1,
TSK-000487,ASG-000675,2026년 반기 1회,2027-01-07,이행대기,,,
TSK-000488,ASG-000676,2026년 반기 1회,2027-01-14,이행완료,2027-01-11,SD03-1,
TSK-000489,ASG-000677,2026년 반기 1회,2026-07-25,기간초과,,,
TSK-000490,ASG-000678,2026년 반기 1회,2026-08-01,기간초과,,,
TSK-000491,ASG-000679,2026년 반기 1회,2026-08-08,점검완료,2026-08-05,SD03-1,
TSK-000492,ASG-000680,2026년 반기 1회,2026-08-15,조치필요,2026-08-12,SD03-1,
TSK-000493,ASG-000681,2026년 반기 1회,2026-08-22,기간초과,,,
TSK-000494,ASG-000682,2026년 반기 1회,2026-08-29,이행완료,2026-08-26,SD03-1,
TSK-000495,ASG-000683,2026년 반기 1회,2026-09-05,기간초과,,,
TSK-000496,ASG-000684,2026년 반기 1회,2026-09-12,이행완료,2026-09-09,SD03-1,
TSK-000497,ASG-000685,2026년 반기 1회,2026-09-19,기간초과,,,
TSK-000498,ASG-000686,2026년 반기 1회,2026-09-26,이행대기,,,
TSK-000499,ASG-000687,2026년 반기 1회,2026-10-03,점검완료,2026-09-30,SD03-1,
TSK-000500,ASG-000688,2026년 반기 1회,2026-10-10,조치필요,2026-10-07,SD03-1,
TSK-000501,ASG-000689,2026년 반기 1회,2026-10-17,기간초과,,,
TSK-000502,ASG-000690,2026년 반기 1회,2026-10-24,이행완료,2026-10-21,SD03-1,
TSK-000503,ASG-000691,2026년 반기 1회,2026-10-31,이행대기,,,
TSK-000504,ASG-000692,2026년 반기 1회,2026-11-07,이행완료,2026-11-04,SD03-1,
TSK-000505,ASG-000693,2026년 반기 1회,2026-11-14,이행대기,,,
TSK-000506,ASG-000694,2026년 반기 1회,2026-11-21,이행대기,,,
TSK-000507,ASG-000695,2026년 반기 1회,2026-11-28,점검완료,2026-11-25,SD03-1,
TSK-000508,ASG-000696,2026년 반기 1회,2026-12-05,조치필요,2026-12-02,SD03-1,
TSK-000509,ASG-000697,2026년 반기 1회,2026-12-12,기간초과,,,
TSK-000510,ASG-000698,2026년 반기 1회,2026-12-19,이행완료,2026-12-16,SD03-1,
TSK-000511,ASG-000699,2026년 반기 1회,2026-12-26,이행대기,,,
TSK-000512,ASG-000700,2026년 반기 1회,2027-01-02,이행완료,2026-12-30,SD03-1,
TSK-000513,ASG-000701,2026년 반기 1회,2027-01-09,이행대기,,,
TSK-000514,ASG-000702,2026년 반기 1회,2027-01-16,이행대기,,,
TSK-000515,ASG-000703,2026년 반기 1회,2026-07-27,점검완료,2026-07-24,SD03-1,
TSK-000516,ASG-000704,2026년 반기 1회,2026-08-03,조치필요,2026-07-31,SD03-1,
TSK-000517,ASG-000705,2026년 반기 1회,2026-08-10,기간초과,,,
TSK-000518,ASG-000706,2026년 반기 1회,2026-08-17,이행완료,2026-08-14,SD03-1,
TSK-000519,ASG-000707,2026년 반기 1회,2026-08-24,기간초과,,,
TSK-000520,ASG-000708,2026년 반기 1회,2026-08-31,이행완료,2026-08-28,SD03-1,
TSK-000521,ASG-000709,2026년 반기 1회,2026-09-07,기간초과,,,
TSK-000522,ASG-000710,2026년 반기 1회,2026-09-14,기간초과,,,
TSK-000523,ASG-000711,2026년 반기 1회,2026-09-21,점검완료,2026-09-18,SD03-1,
TSK-000524,ASG-000712,2026년 반기 1회,2026-09-28,조치필요,2026-09-25,SD03-1,
TSK-000525,ASG-000713,2026년 반기 1회,2026-10-05,기간초과,,,
TSK-000526,ASG-000714,2026년 반기 1회,2026-10-12,이행완료,2026-10-09,SD03-1,
TSK-000527,ASG-000715,2026년 반기 1회,2026-10-19,이행대기,,,
TSK-000528,ASG-000716,2026년 반기 1회,2026-10-26,이행완료,2026-10-23,SD03-1,
TSK-000529,ASG-000717,2026년 반기 1회,2026-11-02,이행대기,,,
TSK-000530,ASG-000718,2026년 반기 1회,2026-11-09,이행대기,,,
TSK-000531,ASG-000719,2026년 반기 1회,2026-11-16,점검완료,2026-11-13,SD03-1,
TSK-000532,ASG-000720,2026년 반기 1회,2026-11-23,조치필요,2026-11-20,SD03-1,
TSK-000533,ASG-000721,2026년 반기 1회,2026-11-30,기간초과,,,
TSK-000534,ASG-000722,2026년 반기 1회,2026-12-07,이행완료,2026-12-04,SD03-1,
TSK-000535,ASG-000723,2026년 반기 1회,2026-12-14,이행대기,,,
TSK-000536,ASG-000724,2026년 반기 1회,2026-12-21,이행완료,2026-12-18,SD03-1,
TSK-000537,ASG-000725,2026년 반기 1회,2026-12-28,이행대기,,,
TSK-000538,ASG-000726,2026년 반기 1회,2027-01-04,이행대기,,,
TSK-000539,ASG-000727,2026년 반기 1회,2027-01-11,점검완료,2027-01-08,SD03-1,
TSK-000540,ASG-000728,2026년 반기 1회,2026-07-22,조치필요,2026-07-19,SD03-1,
TSK-000541,ASG-000729,2026년 반기 1회,2026-07-29,기간초과,,,
TSK-000542,ASG-000730,2026년 반기 1회,2026-08-05,이행완료,2026-08-02,SD03-1,
TSK-000543,ASG-000731,2026년 반기 1회,2026-08-12,기간초과,,,
TSK-000544,ASG-000732,2026년 반기 1회,2026-08-19,이행완료,2026-08-16,SD03-1,
TSK-000545,ASG-000733,2026년 반기 1회,2026-08-26,기간초과,,,
TSK-000546,ASG-000734,2026년 반기 1회,2026-09-02,기간초과,,,
TSK-000547,ASG-000735,2026년 반기 1회,2026-09-09,점검완료,2026-09-06,SD03-1,
TSK-000548,ASG-000736,2026년 반기 1회,2026-09-16,조치필요,2026-09-13,SD03-1,
TSK-000549,ASG-000737,2026년 반기 1회,2026-09-23,기간초과,,,
TSK-000550,ASG-000738,2026년 반기 1회,2026-09-30,이행완료,2026-09-27,SD03-1,
TSK-000551,ASG-000739,2026년 반기 1회,2026-10-07,이행대기,,,
TSK-000552,ASG-000740,2026년 반기 1회,2026-10-14,이행완료,2026-10-11,SD03-1,
TSK-000553,ASG-000741,2026년 반기 1회,2026-10-21,이행대기,,,
TSK-000554,ASG-000742,2026년 반기 1회,2026-10-28,이행대기,,,
TSK-000555,ASG-000743,2026년 반기 1회,2026-11-04,점검완료,2026-11-01,SD03-1,
TSK-000556,ASG-000744,2026년 반기 1회,2026-11-11,조치필요,2026-11-08,SD03-1,
TSK-000557,ASG-000745,2026년 반기 1회,2026-11-18,기간초과,,,
TSK-000558,ASG-000746,2026년 반기 1회,2026-11-25,이행완료,2026-11-22,SD03-1,
TSK-000559,ASG-000747,2026년 반기 1회,2026-12-02,이행대기,,,
TSK-000560,ASG-000748,2026년 반기 1회,2026-12-09,이행완료,2026-12-06,SD03-1,
TSK-000561,ASG-000749,2026년 반기 1회,2026-12-16,이행대기,,,
TSK-000562,ASG-000750,2026년 반기 1회,2026-12-23,이행대기,,,
TSK-000563,ASG-000751,2026년 반기 1회,2026-12-30,점검완료,2026-12-27,SD03-1,
TSK-000564,ASG-000752,2026년 수시,2027-01-06,조치필요,2027-01-03,SD03-1,
TSK-000565,ASG-000753,2026년 수시,2027-01-13,기간초과,,,
TSK-000566,ASG-000754,2026년 수시,2026-07-24,이행완료,2026-07-21,SD03-1,
TSK-000567,ASG-000755,2026년 수시,2026-07-31,기간초과,,,
TSK-000568,ASG-000756,2026년 수시,2026-08-07,이행완료,2026-08-04,SD03-1,
TSK-000569,ASG-000757,2026년 수시,2026-08-14,기간초과,,,
TSK-000570,ASG-000758,2026년 수시,2026-08-21,기간초과,,,
TSK-000571,ASG-000759,2026년 수시,2026-08-28,점검완료,2026-08-25,SD03-1,
TSK-000572,ASG-000760,2026년 반기 1회,2026-09-04,조치필요,2026-09-01,SD03-1,
TSK-000573,ASG-000761,2026년 반기 1회,2026-09-11,기간초과,,,
TSK-000574,ASG-000762,2026년 반기 1회,2026-09-18,이행완료,2026-09-15,SD03-1,
TSK-000575,ASG-000763,2026년 반기 1회,2026-09-25,이행대기,,,
TSK-000576,ASG-000765,2026년 반기 1회,2026-10-02,이행완료,2026-09-29,SD03-1,
TSK-000577,ASG-000766,2026년 반기 1회,2026-10-09,이행대기,,,
TSK-000578,ASG-000767,2026년 반기 1회,2026-10-16,이행대기,,,
TSK-000579,ASG-000768,2026년 반기 1회,2026-10-23,점검완료,2026-10-20,SD03-1,
TSK-000580,ASG-000769,2026년 반기 1회,2026-10-30,조치필요,2026-10-27,SD03-1,
TSK-000581,ASG-000770,2026년 반기 1회,2026-11-06,기간초과,,,
TSK-000582,ASG-000771,2026년 반기 1회,2026-11-13,이행완료,2026-11-10,SD03-1,
TSK-000583,ASG-000772,2026년 반기 1회,2026-11-20,이행대기,,,
TSK-000584,ASG-000773,2026년 반기 1회,2026-11-27,이행완료,2026-11-24,SD03-1,
TSK-000585,ASG-000774,2026년 반기 1회,2026-12-04,이행대기,,,
TSK-000586,ASG-000775,2026년 반기 1회,2026-12-11,이행대기,,,
TSK-000587,ASG-000776,2026년 반기 1회,2026-12-18,점검완료,2026-12-15,SD03-1,
TSK-000588,ASG-000777,2026년 반기 1회,2026-12-25,조치필요,2026-12-22,SD03-1,
TSK-000589,ASG-000778,2026년 반기 1회,2027-01-01,기간초과,,,
TSK-000590,ASG-000779,2026년 반기 1회,2027-01-08,이행완료,2027-01-05,SD03-1,
TSK-000591,ASG-000780,2026년 반기 1회,2027-01-15,이행대기,,,
TSK-000592,ASG-000781,2026년 반기 1회,2026-07-26,이행완료,2026-07-23,SD03-1,
TSK-000593,ASG-000782,2026년 반기 1회,2026-08-02,기간초과,,,
TSK-000594,ASG-000783,2026년 반기 1회,2026-08-09,기간초과,,,
TSK-000595,ASG-000784,2026년 반기 1회,2026-08-16,점검완료,2026-08-13,SD03-1,
TSK-000596,ASG-000785,2026년 반기 1회,2026-08-23,조치필요,2026-08-20,SD03-1,
TSK-000597,ASG-000786,2026년 반기 1회,2026-08-30,기간초과,,,
TSK-000598,ASG-000787,2026년 반기 1회,2026-09-06,이행완료,2026-09-03,SD03-1,
TSK-000599,ASG-000788,2026년 반기 1회,2026-09-13,기간초과,,,
TSK-000600,ASG-000800,2026년 반기 1회,2026-09-20,이행완료,2026-09-17,SD04-1,
TSK-000601,ASG-000801,2026년 반기 1회,2026-09-27,이행대기,,,
TSK-000602,ASG-000802,2026년 반기 1회,2026-10-04,이행대기,,,
TSK-000603,ASG-000803,2026년 반기 1회,2026-10-11,점검완료,2026-10-08,SD04-1,
TSK-000604,ASG-000804,2026년 반기 1회,2026-10-18,조치필요,2026-10-15,SD04-1,
TSK-000605,ASG-000805,2026년 반기 1회,2026-10-25,기간초과,,,
TSK-000606,ASG-000806,2026년 반기 1회,2026-11-01,이행완료,2026-10-29,SD04-1,
TSK-000607,ASG-000807,2026년 반기 1회,2026-11-08,이행대기,,,
TSK-000608,ASG-000808,2026년 반기 1회,2026-11-15,이행완료,2026-11-12,SD04-1,
TSK-000609,ASG-000809,2026년 반기 1회,2026-11-22,이행대기,,,
TSK-000610,ASG-000810,2026년 반기 1회,2026-11-29,이행대기,,,
TSK-000611,ASG-000811,2026년 반기 1회,2026-12-06,점검완료,2026-12-03,SD04-1,
TSK-000612,ASG-000812,2026년 반기 1회,2026-12-13,조치필요,2026-12-10,SD04-1,
TSK-000613,ASG-000813,2026년 반기 1회,2026-12-20,기간초과,,,
TSK-000614,ASG-000814,2026년 반기 1회,2026-12-27,이행완료,2026-12-24,SD04-1,
TSK-000615,ASG-000815,2026년 반기 1회,2027-01-03,이행대기,,,
TSK-000616,ASG-000816,2026년 반기 1회,2027-01-10,이행완료,2027-01-07,SD04-1,
TSK-000617,ASG-000817,2026년 반기 1회,2027-01-17,이행대기,,,
TSK-000618,ASG-000818,2026년 반기 1회,2026-07-28,기간초과,,,
TSK-000619,ASG-000819,2026년 반기 1회,2026-08-04,점검완료,2026-08-01,SD04-1,
TSK-000620,ASG-000820,2026년 연1회,2027-04-12,조치필요,2027-04-09,SD04-1,
TSK-000621,ASG-000821,2026년 연1회,2027-04-19,기간초과,,,
TSK-000622,ASG-000822,2026년 연1회,2027-04-26,이행완료,2027-04-23,SD04-1,
TSK-000623,ASG-000823,2026년 연1회,2027-05-03,이행대기,,,
TSK-000624,ASG-000824,2026년 반기 1회,2026-09-08,이행완료,2026-09-05,SD04-1,
TSK-000625,ASG-000825,2026년 반기 1회,2026-09-15,기간초과,,,
TSK-000626,ASG-000826,2026년 반기 1회,2026-09-22,이행대기,,,
TSK-000627,ASG-000827,2026년 반기 1회,2026-09-29,점검완료,2026-09-26,SD04-1,
TSK-000628,ASG-000828,2026년 연1회,2026-06-07,조치필요,2026-06-04,SD04-1,
TSK-000629,ASG-000829,2026년 연1회,2026-06-14,기간초과,,,
TSK-000630,ASG-000830,2026년 연1회,2026-06-21,이행완료,2026-06-18,SD04-1,
TSK-000631,ASG-000831,2026년 연1회,2026-06-28,기간초과,,,
TSK-000632,ASG-000832,2026년 연1회,2026-07-05,이행완료,2026-07-02,SD04-1,
TSK-000633,ASG-000833,2026년 연1회,2026-07-12,기간초과,,,
TSK-000634,ASG-000834,2026년 연1회,2026-07-19,기간초과,,,
TSK-000635,ASG-000835,2026년 연1회,2026-07-26,점검완료,2026-07-23,SD04-1,
TSK-000636,ASG-000836,2026년 반기 1회,2026-12-01,조치필요,2026-11-28,SD04-1,
TSK-000637,ASG-000837,2026년 반기 1회,2026-12-08,기간초과,,,
TSK-000638,ASG-000838,2026년 반기 1회,2026-12-15,이행완료,2026-12-12,SD04-1,
TSK-000639,ASG-000839,2026년 반기 1회,2026-12-22,이행대기,,,
TSK-000640,ASG-000840,2026년 연1회,2026-08-30,이행완료,2026-08-27,SD04-1,
TSK-000641,ASG-000841,2026년 연1회,2026-09-06,기간초과,,,
TSK-000642,ASG-000842,2026년 연1회,2026-09-13,기간초과,,,
TSK-000643,ASG-000843,2026년 연1회,2026-09-20,점검완료,2026-09-17,SD04-1,
TSK-000644,ASG-000844,2026년 반기 1회,2026-07-30,조치필요,2026-07-27,SD04-1,
TSK-000645,ASG-000845,2026년 반기 1회,2026-08-06,기간초과,,,
TSK-000646,ASG-000846,2026년 반기 1회,2026-08-13,이행완료,2026-08-10,SD04-1,
TSK-000647,ASG-000847,2026년 반기 1회,2026-08-20,기간초과,,,
TSK-000648,ASG-000848,2026년 반기 1회,2026-08-27,이행완료,2026-08-24,SD04-1,
TSK-000649,ASG-000849,2026년 반기 1회,2026-09-03,기간초과,,,
TSK-000650,ASG-000850,2026년 반기 1회,2026-09-10,기간초과,,,
TSK-000651,ASG-000851,2026년 반기 1회,2026-09-17,점검완료,2026-09-14,SD04-1,
TSK-000652,ASG-000852,2026년 반기 1회,2026-09-24,조치필요,2026-09-21,SD04-1,
TSK-000653,ASG-000853,2026년 반기 1회,2026-10-01,기간초과,,,
TSK-000654,ASG-000854,2026년 반기 1회,2026-10-08,이행완료,2026-10-05,SD04-1,
TSK-000655,ASG-000855,2026년 반기 1회,2026-10-15,이행대기,,,
TSK-000656,ASG-000856,2026년 반기 1회,2026-10-22,이행완료,2026-10-19,SD04-1,
TSK-000657,ASG-000857,2026년 반기 1회,2026-10-29,이행대기,,,
TSK-000658,ASG-000858,2026년 반기 1회,2026-11-05,이행대기,,,
TSK-000659,ASG-000859,2026년 반기 1회,2026-11-12,점검완료,2026-11-09,SD04-1,
TSK-000660,ASG-000860,2026년 반기 1회,2026-11-19,조치필요,2026-11-16,SD04-1,
TSK-000661,ASG-000861,2026년 반기 1회,2026-11-26,기간초과,,,
TSK-000662,ASG-000862,2026년 반기 1회,2026-12-03,이행완료,2026-11-30,SD04-1,
TSK-000663,ASG-000863,2026년 반기 1회,2026-12-10,이행대기,,,
TSK-000664,ASG-000864,2026년 반기 1회,2026-12-17,이행완료,2026-12-14,SD04-1,
TSK-000665,ASG-000865,2026년 반기 1회,2026-12-24,이행대기,,,
TSK-000666,ASG-000866,2026년 반기 1회,2026-12-31,이행대기,,,
TSK-000667,ASG-000867,2026년 반기 1회,2027-01-07,점검완료,2027-01-04,SD04-1,
TSK-000668,ASG-000868,2026년 반기 1회,2027-01-14,조치필요,2027-01-11,SD04-1,
TSK-000669,ASG-000869,2026년 반기 1회,2026-07-25,기간초과,,,
TSK-000670,ASG-000870,2026년 반기 1회,2026-08-01,이행완료,2026-07-29,SD04-1,
TSK-000671,ASG-000871,2026년 반기 1회,2026-08-08,기간초과,,,
TSK-000672,ASG-000872,2026년 연1회,2027-04-11,이행완료,2027-04-08,SD04-1,
TSK-000673,ASG-000873,2026년 연1회,2027-04-18,이행대기,,,
TSK-000674,ASG-000874,2026년 연1회,2027-04-25,이행대기,,,
TSK-000675,ASG-000875,2026년 연1회,2027-05-02,점검완료,2027-04-29,SD04-1,
TSK-000676,ASG-000876,2026년 반기 1회,2026-09-12,조치필요,2026-09-09,SD04-1,
TSK-000677,ASG-000877,2026년 반기 1회,2026-09-19,기간초과,,,
TSK-000678,ASG-000878,2026년 반기 1회,2026-09-26,이행완료,2026-09-23,SD04-1,
TSK-000679,ASG-000879,2026년 반기 1회,2026-10-03,이행대기,,,
TSK-000680,ASG-000881,2026년 반기 1회,2026-10-10,이행완료,2026-10-07,SD09-1,
TSK-000681,ASG-000882,2026년 반기 1회,2026-10-17,이행대기,,,
TSK-000682,ASG-000883,2026년 반기 1회,2026-10-24,이행대기,,,
TSK-000683,ASG-000884,2026년 반기 1회,2026-10-31,점검완료,2026-10-28,SD09-1,
TSK-000684,ASG-000891,2026년 반기 1회,2026-11-07,조치필요,2026-11-04,SD02-1,
TSK-000685,ASG-000892,2026년 반기 1회,2026-11-14,기간초과,,,
TSK-000686,ASG-000893,2026년 반기 1회,2026-11-21,이행완료,2026-11-18,SD02-1,
TSK-000687,ASG-000894,2026년 반기 1회,2026-11-28,이행대기,,,
TSK-000688,ASG-000895,2026년 반기 1회,2026-12-05,이행완료,2026-12-02,SD02-1,
TSK-000689,ASG-000896,2026년 반기 1회,2026-12-12,이행대기,,,
TSK-000690,ASG-000897,2026년 반기 1회,2026-12-19,이행대기,,,
TSK-000691,ASG-000898,2026년 반기 1회,2026-12-26,점검완료,2026-12-23,SD02-1,
TSK-000692,ASG-000899,2026년 반기 1회,2027-01-02,조치필요,2026-12-30,SD02-1,
TSK-000693,ASG-000900,2026년 반기 1회,2027-01-09,기간초과,,,
TSK-000694,ASG-000901,2026년 반기 1회,2027-01-16,이행완료,2027-01-13,SD02-1,
TSK-000695,ASG-000902,2026년 반기 1회,2026-07-27,기간초과,,,
TSK-000696,ASG-000903,2026년 반기 1회,2026-08-03,이행완료,2026-07-31,SD02-1,
TSK-000697,ASG-000904,2026년 반기 1회,2026-08-10,기간초과,,,
TSK-000698,ASG-000905,2026년 반기 1회,2026-08-17,기간초과,,,
TSK-000699,ASG-000906,2026년 반기 1회,2026-08-24,점검완료,2026-08-21,SD02-1,
TSK-000700,ASG-000907,2026년 반기 1회,2026-08-31,조치필요,2026-08-28,SD02-1,
TSK-000701,ASG-000908,2026년 반기 1회,2026-09-07,기간초과,,,
TSK-000702,ASG-000909,2026년 반기 1회,2026-09-14,이행완료,2026-09-11,SD02-1,
TSK-000703,ASG-000910,2026년 반기 1회,2026-09-21,이행대기,,,
TSK-000704,ASG-000911,2026년 반기 1회,2026-09-28,이행완료,2026-09-25,SD02-1,
TSK-000705,ASG-000912,2026년 반기 1회,2026-10-05,이행대기,,,
TSK-000706,ASG-000913,2026년 반기 1회,2026-10-12,이행대기,,,
TSK-000707,ASG-000914,2026년 반기 1회,2026-10-19,점검완료,2026-10-16,SD02-1,
TSK-000708,ASG-000915,2026년 반기 1회,2026-10-26,조치필요,2026-10-23,SD02-1,
TSK-000709,ASG-000916,2026년 반기 1회,2026-11-02,기간초과,,,
TSK-000710,ASG-000917,2026년 반기 1회,2026-11-09,이행완료,2026-11-06,SD02-1,
TSK-000711,ASG-000918,2026년 반기 1회,2026-11-16,이행대기,,,
TSK-000712,ASG-000919,2026년 상시,2027-01-16,이행완료,2027-01-13,SD02-1,
TSK-000713,ASG-000920,2026년 상시,2027-01-23,이행대기,,,
TSK-000714,ASG-000921,2026년 상시,2027-01-30,이행대기,,,
TSK-000715,ASG-000922,2026년 상시,2027-02-06,점검완료,2027-02-03,SD02-1,
TSK-000716,ASG-000923,2026년 상시,2027-02-13,조치필요,2027-02-10,SD02-1,
TSK-000717,ASG-000924,2026년 상시,2027-02-20,기간초과,,,
TSK-000718,ASG-000925,2026년 상시,2027-02-27,이행완료,2027-02-24,SD02-1,
TSK-000719,ASG-000926,2026년 상시,2027-03-06,이행대기,,,
TSK-000720,ASG-000927,2026년 상시,2027-03-13,이행완료,2027-03-10,SD02-1,
TSK-000721,ASG-000928,2026년 상시,2027-03-20,이행대기,,,
TSK-000722,ASG-000929,2026년 상시,2027-03-27,이행대기,,,
TSK-000723,ASG-000930,2026년 상시,2027-04-03,점검완료,2027-03-31,SD02-1,
TSK-000724,ASG-000931,2026년 반기 1회,2026-08-19,조치필요,2026-08-16,SD02-1,
TSK-000725,ASG-000932,2026년 반기 1회,2026-08-26,기간초과,,,
TSK-000726,ASG-000933,2026년 반기 1회,2026-09-02,이행완료,2026-08-30,SD02-1,
TSK-000727,ASG-000934,2026년 반기 1회,2026-09-09,기간초과,,,
TSK-000728,ASG-000935,2026년 반기 1회,2026-09-16,이행완료,2026-09-13,SD02-1,
TSK-000729,ASG-000936,2026년 반기 1회,2026-09-23,이행대기,,,
TSK-000730,ASG-000937,2026년 반기 1회,2026-09-30,이행대기,,,
TSK-000731,ASG-000938,2026년 반기 1회,2026-10-07,점검완료,2026-10-04,SD02-1,
TSK-000732,ASG-000939,2026년 반기 1회,2026-10-14,조치필요,2026-10-11,SD02-1,
TSK-000733,ASG-000940,2026년 반기 1회,2026-10-21,기간초과,,,
TSK-000734,ASG-000941,2026년 반기 1회,2026-10-28,이행완료,2026-10-25,SD02-1,
TSK-000735,ASG-000942,2026년 반기 1회,2026-11-04,이행대기,,,
TSK-000736,ASG-000943,2026년 반기 1회,2026-11-11,이행완료,2026-11-08,SD03-1,
TSK-000737,ASG-000944,2026년 반기 1회,2026-11-18,이행대기,,,
TSK-000738,ASG-000945,2026년 반기 1회,2026-11-25,이행대기,,,
TSK-000739,ASG-000946,2026년 반기 1회,2026-12-02,점검완료,2026-11-29,SD03-1,
TSK-000740,ASG-000947,2026년 반기 1회,2026-12-09,조치필요,2026-12-06,SD03-1,
TSK-000741,ASG-000948,2026년 반기 1회,2026-12-16,기간초과,,,
TSK-000742,ASG-000949,2026년 반기 1회,2026-12-23,이행완료,2026-12-20,SD03-1,
TSK-000743,ASG-000950,2026년 반기 1회,2026-12-30,이행대기,,,
TSK-000744,ASG-000951,2026년 반기 1회,2027-01-06,이행완료,2027-01-03,SD09-1,
TSK-000745,ASG-000952,2026년 반기 1회,2027-01-13,이행대기,,,
TSK-000746,ASG-000953,2026년 반기 1회,2026-07-24,기간초과,,,
TSK-000747,ASG-000954,2026년 반기 1회,2026-07-31,점검완료,2026-07-28,SD09-1,
TSK-000748,ASG-000955,2026년 반기 1회,2026-08-07,조치필요,2026-08-04,SD02-1,
TSK-000749,ASG-000956,2026년 반기 1회,2026-08-14,기간초과,,,
TSK-000750,ASG-000957,2026년 반기 1회,2026-08-21,이행완료,2026-08-18,SD02-1,
TSK-000751,ASG-000958,2026년 반기 1회,2026-08-28,기간초과,,,
TSK-000752,ASG-000959,2026년 반기 1회,2026-09-04,이행완료,2026-09-01,SD02-1,
TSK-000753,ASG-000960,2026년 반기 1회,2026-09-11,기간초과,,,
TSK-000754,ASG-000961,2026년 반기 1회,2026-09-18,기간초과,,,
TSK-000755,ASG-000962,2026년 반기 1회,2026-09-25,점검완료,2026-09-22,SD02-1,
TSK-000756,ASG-000963,2026년 수시,2026-10-02,조치필요,2026-09-29,SD02-1,
TSK-000757,ASG-000964,2026년 수시,2026-10-09,기간초과,,,
TSK-000758,ASG-000965,2026년 수시,2026-10-16,이행완료,2026-10-13,SD02-1,
TSK-000759,ASG-000966,2026년 수시,2026-10-23,이행대기,,,
TSK-000760,ASG-000967,2026년 반기 1회,2026-10-30,이행완료,2026-10-27,SD02-1,
TSK-000761,ASG-000968,2026년 반기 1회,2026-11-06,이행대기,,,
TSK-000762,ASG-000969,2026년 반기 1회,2026-11-13,이행대기,,,
TSK-000763,ASG-000970,2026년 반기 1회,2026-11-20,점검완료,2026-11-17,SD02-1,
TSK-000764,ASG-000971,2026년 수시,2026-11-27,조치필요,2026-11-24,SD02-1,
TSK-000765,ASG-000972,2026년 수시,2026-12-04,기간초과,,,
TSK-000766,ASG-000973,2026년 수시,2026-12-11,이행완료,2026-12-08,SD02-1,
TSK-000767,ASG-000974,2026년 수시,2026-12-18,이행대기,,,
TSK-000768,ASG-000975,2026년 수시,2026-12-25,이행완료,2026-12-22,SD02-1,
TSK-000769,ASG-000976,2026년 수시,2027-01-01,이행대기,,,
TSK-000770,ASG-000977,2026년 수시,2027-01-08,이행대기,,,
TSK-000771,ASG-000978,2026년 수시,2027-01-15,점검완료,2027-01-12,SD02-1,
TSK-000772,ASG-000979,2026년 반기 1회,2026-07-26,조치필요,2026-07-23,SD02-1,
TSK-000773,ASG-000980,2026년 반기 1회,2026-08-02,기간초과,,,
TSK-000774,ASG-000981,2026년 반기 1회,2026-08-09,이행완료,2026-08-06,SD02-1,
TSK-000775,ASG-000982,2026년 반기 1회,2026-08-16,기간초과,,,
TSK-000776,ASG-001030,2026년 반기 1회,2026-08-23,이행완료,2026-08-20,SD13-1,
TSK-000777,ASG-001031,2026년 반기 1회,2026-08-30,기간초과,,,
TSK-000778,ASG-001032,2026년 반기 1회,2026-09-06,기간초과,,,
TSK-000779,ASG-001033,2026년 반기 1회,2026-09-13,점검완료,2026-09-10,SD13-1,
TSK-000780,ASG-001034,2026년 상시,2027-05-07,조치필요,2027-05-04,SD13-1,
TSK-000781,ASG-001035,2026년 상시,2027-05-14,기간초과,,,
TSK-000782,ASG-001036,2026년 상시,2027-05-21,이행완료,2027-05-18,SD13-1,
TSK-000783,ASG-001037,2026년 상시,2026-05-28,기간초과,,,
TSK-000784,ASG-001038,2026년 반기 1회,2026-10-18,이행완료,2026-10-15,SD13-1,
TSK-000785,ASG-001039,2026년 반기 1회,2026-10-25,이행대기,,,
TSK-000786,ASG-001040,2026년 반기 1회,2026-11-01,이행대기,,,
TSK-000787,ASG-001041,2026년 반기 1회,2026-11-08,점검완료,2026-11-05,SD13-1,
TSK-000788,ASG-001042,2026년 수시,2026-11-15,조치필요,2026-11-12,SD13-1,
TSK-000789,ASG-001043,2026년 수시,2026-11-22,기간초과,,,
TSK-000790,ASG-001044,2026년 수시,2026-11-29,이행완료,2026-11-26,SD13-1,
TSK-000791,ASG-001045,2026년 수시,2026-12-06,이행대기,,,
TSK-000792,ASG-001046,2026년 상시,2026-07-30,이행완료,2026-07-27,SD13-1,
TSK-000793,ASG-001047,2026년 상시,2026-08-06,기간초과,,,
TSK-000794,ASG-001048,2026년 상시,2026-08-13,기간초과,,,
TSK-000795,ASG-001049,2026년 상시,2026-08-20,점검완료,2026-08-17,SD13-1,
TSK-000796,ASG-001050,2026년 반기 1회,2027-01-10,조치필요,2027-01-07,SD13-1,
TSK-000797,ASG-001051,2026년 반기 1회,2027-01-17,기간초과,,,
TSK-000798,ASG-001052,2026년 반기 1회,2026-07-28,이행완료,2026-07-25,SD13-1,
TSK-000799,ASG-001053,2026년 반기 1회,2026-08-04,기간초과,,,
TSK-000800,ASG-001054,2026년 반기 1회,2026-08-11,이행완료,2026-08-08,SD13-1,
TSK-000801,ASG-001055,2026년 반기 1회,2026-08-18,기간초과,,,
TSK-000802,ASG-001056,2026년 반기 1회,2026-08-25,기간초과,,,
TSK-000803,ASG-001057,2026년 반기 1회,2026-09-01,점검완료,2026-08-29,SD13-1,
TSK-000804,ASG-001058,2026년 연1회,2026-10-22,조치필요,2026-10-19,SD13-1,
TSK-000805,ASG-001059,2026년 연1회,2026-10-29,기간초과,,,
TSK-000806,ASG-001060,2026년 연1회,2026-11-05,이행완료,2026-11-02,SD13-1,
TSK-000807,ASG-001061,2026년 연1회,2026-11-12,이행대기,,,
TSK-000808,ASG-001067,2026년 반기 1회,2026-10-06,이행완료,2026-10-03,SD13-1,
TSK-000809,ASG-001068,2026년 반기 1회,2026-10-13,이행대기,,,
TSK-000810,ASG-001069,2026년 수시,2026-10-20,이행대기,,,
TSK-000811,ASG-001070,2026년 수시,2026-10-27,점검완료,2026-10-24,SD13-1,
TSK-000812,ASG-001071,2026년 반기 1회,2026-11-03,조치필요,2026-10-31,SD13-1,
TSK-000813,ASG-001072,2026년 반기 1회,2026-11-10,기간초과,,,
TSK-000814,ASG-001074,2026년 반기 1회,2026-11-17,이행완료,2026-11-14,SD13-1,
TSK-000815,ASG-001075,2026년 반기 1회,2026-11-24,이행대기,,,
TSK-000816,ASG-001076,2026년 반기 1회,2026-12-01,이행완료,2026-11-28,SD13-1,
TSK-000817,ASG-001077,2026년 반기 1회,2026-12-08,이행대기,,,
TSK-000818,ASG-001078,2026년 반기 1회,2026-12-15,이행대기,,,
TSK-000819,ASG-001079,2026년 반기 1회,2026-12-22,점검완료,2026-12-19,SD13-1,
TSK-000820,ASG-001080,2026년 반기 1회,2026-12-29,조치필요,2026-12-26,SD13-1,
TSK-000821,ASG-001081,2026년 반기 1회,2027-01-05,기간초과,,,
TSK-000822,ASG-001082,2026년 반기 1회,2027-01-12,이행완료,2027-01-09,SD13-1,
TSK-000823,ASG-001083,2026년 반기 1회,2026-07-23,기간초과,,,
TSK-000824,ASG-001084,2026년 반기 1회,2026-07-30,이행완료,2026-07-27,SD13-1,
TSK-000825,ASG-001085,2026년 반기 1회,2026-08-06,기간초과,,,
TSK-000826,ASG-001086,2026년 반기 1회,2026-08-13,기간초과,,,
TSK-000827,ASG-001087,2026년 반기 1회,2026-08-20,점검완료,2026-08-17,SD13-1,
TSK-000828,ASG-001088,2026년 반기 1회,2026-08-27,조치필요,2026-08-24,SD13-1,
TSK-000829,ASG-001089,2026년 반기 1회,2026-09-03,기간초과,,,
TSK-000830,ASG-001090,2026년 반기 1회,2026-09-10,이행완료,2026-09-07,SD13-1,
TSK-000831,ASG-001091,2026년 반기 1회,2026-09-17,기간초과,,,
TSK-000832,ASG-001092,2026년 반기 1회,2026-09-24,이행완료,2026-09-21,SD13-1,
TSK-000833,ASG-001093,2026년 반기 1회,2026-10-01,이행대기,,,
TSK-000834,ASG-001094,2026년 반기 1회,2026-10-08,이행대기,,,
TSK-000835,ASG-001095,2026년 반기 1회,2026-10-15,점검완료,2026-10-12,SD13-1,
TSK-000836,ASG-001096,2026년 반기 1회,2026-10-22,조치필요,2026-10-19,SD13-1,
TSK-000837,ASG-001097,2026년 반기 1회,2026-10-29,기간초과,,,
TSK-000838,ASG-001098,2026년 반기 1회,2026-11-05,이행완료,2026-11-02,SD13-1,
TSK-000839,ASG-001099,2026년 반기 1회,2026-11-12,이행대기,,,
TSK-000840,ASG-001100,2026년 반기 1회,2026-11-19,이행완료,2026-11-16,SD13-1,
TSK-000841,ASG-001101,2026년 반기 1회,2026-11-26,이행대기,,,
TSK-000842,ASG-001133,2026년 반기 1회,2026-12-03,이행대기,,,
TSK-000843,ASG-001134,2026년 반기 1회,2026-12-10,점검완료,2026-12-07,SD09-1,
TSK-000844,ASG-001135,2026년 반기 1회,2026-12-17,조치필요,2026-12-14,SD09-1,
TSK-000845,ASG-001136,2026년 반기 1회,2026-12-24,기간초과,,,
TSK-000846,ASG-001137,2026년 반기 1회,2026-12-31,이행완료,2026-12-28,SD09-1,
TSK-000847,ASG-001138,2026년 반기 1회,2027-01-07,이행대기,,,
TSK-000848,ASG-001139,2026년 반기 1회,2027-01-14,이행완료,2027-01-11,SD09-1,
TSK-000849,ASG-001140,2026년 반기 1회,2026-07-25,기간초과,,,
TSK-000850,ASG-001141,2026년 반기 1회,2026-08-01,기간초과,,,
TSK-000851,ASG-001142,2026년 반기 1회,2026-08-08,점검완료,2026-08-05,SD09-1,
TSK-000852,ASG-001143,2026년 반기 1회,2026-08-15,조치필요,2026-08-12,SD09-1,
TSK-000853,ASG-001144,2026년 반기 1회,2026-08-22,기간초과,,,
TSK-000854,ASG-001145,2026년 반기 1회,2026-08-29,이행완료,2026-08-26,SD09-1,
TSK-000855,ASG-001146,2026년 반기 1회,2026-09-05,기간초과,,,
TSK-000856,ASG-001147,2026년 반기 1회,2026-09-12,이행완료,2026-09-09,SD09-1,
TSK-000857,ASG-001148,2026년 반기 1회,2026-09-19,기간초과,,,
TSK-000858,ASG-001149,2026년 반기 1회,2026-09-26,이행대기,,,
TSK-000859,ASG-001150,2026년 반기 1회,2026-10-03,점검완료,2026-09-30,SD09-1,
TSK-000860,ASG-001151,2026년 반기 1회,2026-10-10,조치필요,2026-10-07,SD09-1,
TSK-000861,ASG-001152,2026년 반기 1회,2026-10-17,기간초과,,,
TSK-000862,ASG-001183,2026년 반기 1회,2026-10-24,이행완료,2026-10-21,SD03-1,
TSK-000863,ASG-001184,2026년 반기 1회,2026-10-31,이행대기,,,
TSK-000864,ASG-001185,2026년 반기 1회,2026-11-07,이행완료,2026-11-04,SD03-1,
TSK-000865,ASG-001186,2026년 반기 1회,2026-11-14,이행대기,,,
TSK-000866,ASG-001211,2026년 연1회,2026-12-30,이행대기,,,
TSK-000867,ASG-001212,2026년 연1회,2027-01-06,점검완료,2027-01-03,SD05-1,
TSK-000868,ASG-001213,2026년 연1회,2027-01-13,조치필요,2027-01-10,SD05-1,
TSK-000869,ASG-001214,2026년 반기 1회,2026-12-12,기간초과,,,
TSK-000870,ASG-001215,2026년 반기 1회,2026-12-19,이행완료,2026-12-16,SD05-1,
TSK-000871,ASG-001216,2026년 반기 1회,2026-12-26,이행대기,,,
TSK-000872,ASG-001217,2026년 반기 1회,2027-01-02,이행완료,2026-12-30,SD05-1,
TSK-000873,ASG-001218,2026년 반기 1회,2027-01-09,이행대기,,,
TSK-000874,ASG-001219,2026년 반기 1회,2027-01-16,이행대기,,,
TSK-000875,ASG-001220,2026년 연1회,2027-03-03,점검완료,2027-02-28,SD05-1,
TSK-000876,ASG-001221,2026년 연1회,2027-03-10,조치필요,2027-03-07,SD05-1,
TSK-000877,ASG-001222,2026년 연1회,2027-03-17,기간초과,,,
TSK-000878,ASG-001223,2026년 연1회,2027-03-24,이행완료,2027-03-21,SD05-1,
TSK-000879,ASG-001224,2026년 연1회,2027-03-31,이행대기,,,
TSK-000880,ASG-001225,2026년 연1회,2027-04-07,이행완료,2027-04-04,SD05-1,
TSK-000881,ASG-001226,2026년 연1회,2027-04-14,이행대기,,,
TSK-000882,ASG-001227,2026년 연1회,2027-04-21,이행대기,,,
TSK-000883,ASG-001228,2026년 연1회,2027-04-28,점검완료,2027-04-25,SD05-1,
TSK-000884,ASG-001229,2026년 연1회,2027-05-05,조치필요,2027-05-02,SD05-1,
TSK-000885,ASG-001230,2026년 연1회,2027-05-12,기간초과,,,
TSK-000886,ASG-001244,2026년 상시,2027-05-19,이행완료,2027-05-16,SD03-1,
TSK-000887,ASG-001245,2026년 상시,2026-05-26,기간초과,,,
TSK-000888,ASG-001246,2026년 상시,2026-06-02,이행완료,2026-05-30,SD03-1,
TSK-000889,ASG-001247,2026년 상시,2026-06-09,기간초과,,,
TSK-000890,ASG-001248,2026년 상시,2026-06-16,기간초과,,,
TSK-000891,ASG-001249,2026년 상시,2026-06-23,점검완료,2026-06-20,SD03-1,
TSK-000892,ASG-001250,2026년 상시,2026-06-30,조치필요,2026-06-27,SD03-1,
TSK-000893,ASG-001251,2026년 상시,2026-07-07,기간초과,,,
TSK-000894,ASG-001252,2026년 연1회,2026-07-14,이행완료,2026-07-11,SD13-1,
TSK-000895,ASG-001253,2026년 연1회,2026-07-21,기간초과,,,
TSK-000896,ASG-001254,2026년 연1회,2026-07-28,이행완료,2026-07-25,SD13-1,
TSK-000897,ASG-001255,2026년 연1회,2026-08-04,기간초과,,,
TSK-000898,ASG-001259,2026년 상시,2026-08-11,기간초과,,,
TSK-000899,ASG-001260,2026년 상시,2026-08-18,점검완료,2026-08-15,SD03-1,
TSK-000900,ASG-001261,2026년 상시,2026-08-25,조치필요,2026-08-22,SD03-1,
TSK-000901,ASG-001262,2026년 상시,2026-09-01,기간초과,,,
TSK-000902,ASG-001263,2026년 상시,2026-09-08,이행완료,2026-09-05,SD03-1,
TSK-000903,ASG-001264,2026년 상시,2026-09-15,기간초과,,,
TSK-000904,ASG-001265,2026년 상시,2026-09-22,이행완료,2026-09-19,SD03-1,
TSK-000905,ASG-001266,2026년 상시,2026-09-29,이행대기,,,
TSK-000906,ASG-001267,2026년 상시,2026-10-06,이행대기,,,
TSK-000907,ASG-001268,2026년 상시,2026-10-13,점검완료,2026-10-10,SD03-1,
TSK-000908,ASG-001269,2026년 상시,2026-10-20,조치필요,2026-10-17,SD03-1,
TSK-000909,ASG-001270,2026년 상시,2026-10-27,기간초과,,,
TSK-000910,ASG-001271,2026년 상시,2026-11-03,이행완료,2026-10-31,SD03-1,
TSK-000911,ASG-001272,2026년 상시,2026-11-10,이행대기,,,
TSK-000912,ASG-001273,2026년 상시,2026-11-17,이행완료,2026-11-14,SD03-1,
TSK-000913,ASG-001274,2026년 상시,2026-11-24,이행대기,,,
TSK-000914,ASG-001275,2026년 연1회,2026-12-01,이행대기,,,
TSK-000915,ASG-001276,2026년 연1회,2026-12-08,점검완료,2026-12-05,SD03-1,
TSK-000916,ASG-001277,2026년 연1회,2026-12-15,조치필요,2026-12-12,SD03-1,
TSK-000917,ASG-001278,2026년 연1회,2026-12-22,기간초과,,,
TSK-000918,ASG-001279,2026년 상시,2026-12-29,이행완료,2026-12-26,SD03-1,
TSK-000919,ASG-001280,2026년 상시,2027-01-05,이행대기,,,
TSK-000920,ASG-001281,2026년 상시,2027-01-12,이행완료,2027-01-09,SD03-1,
TSK-000921,ASG-001282,2026년 상시,2027-01-19,이행대기,,,
TSK-000922,ASG-001283,2026년 상시,2027-01-26,이행대기,,,
TSK-000923,ASG-001284,2026년 상시,2027-02-02,점검완료,2027-01-30,SD03-1,
TSK-000924,ASG-001285,2026년 상시,2027-02-09,조치필요,2027-02-06,SD03-1,
TSK-000925,ASG-001286,2026년 상시,2027-02-16,기간초과,,,
TSK-000926,ASG-001287,2026년 상시,2027-02-23,이행완료,2027-02-20,SD03-1,
TSK-000927,ASG-001288,2026년 상시,2027-03-02,이행대기,,,
TSK-000928,ASG-001289,2026년 상시,2027-03-09,이행완료,2027-03-06,SD03-1,
TSK-000929,ASG-001290,2026년 상시,2027-03-16,이행대기,,,
TSK-000930,ASG-001291,2026년 반기 1회,2026-08-21,기간초과,,,
TSK-000931,ASG-001292,2026년 반기 1회,2026-08-28,점검완료,2026-08-25,SD03-1,
TSK-000932,ASG-001293,2026년 반기 1회,2026-09-04,조치필요,2026-09-01,SD03-1,
TSK-000933,ASG-001294,2026년 반기 1회,2026-09-11,기간초과,,,
TSK-000934,ASG-001305,2026년 반기 1회,2026-09-18,이행완료,2026-09-15,SD13-1,
TSK-000935,ASG-001306,2026년 반기 1회,2026-09-25,이행대기,,,
TSK-000936,ASG-001307,2026년 반기 1회,2026-10-02,이행완료,2026-09-29,SD13-1,
TSK-000937,ASG-001308,2026년 반기 1회,2026-10-09,이행대기,,,
TSK-000938,ASG-001309,2026년 반기 1회,2026-10-16,이행대기,,,
TSK-000939,ASG-001310,2026년 반기 1회,2026-10-23,점검완료,2026-10-20,SD13-1,
TSK-000940,ASG-001311,2026년 반기 1회,2026-10-30,조치필요,2026-10-27,SD13-1,
TSK-000941,ASG-001312,2026년 반기 1회,2026-11-06,기간초과,,,
TSK-000942,ASG-001313,2026년 연1회,2026-06-15,이행완료,2026-06-12,SD13-1,
TSK-000943,ASG-001314,2026년 연1회,2026-06-22,기간초과,,,
TSK-000944,ASG-001315,2026년 연1회,2026-06-29,이행완료,2026-06-26,SD13-1,
TSK-000945,ASG-001316,2026년 연1회,2026-07-06,기간초과,,,
TSK-000946,ASG-001317,2026년 연1회,2026-07-13,기간초과,,,
TSK-000947,ASG-001318,2026년 연1회,2026-07-20,점검완료,2026-07-17,SD13-1,
TSK-000948,ASG-001319,2026년 연1회,2026-07-27,조치필요,2026-07-24,SD13-1,
TSK-000949,ASG-001320,2026년 연1회,2026-08-03,기간초과,,,
TSK-000950,ASG-001321,2026년 연1회,2026-08-10,이행완료,2026-08-07,SD03-1,
TSK-000951,ASG-001322,2026년 연1회,2026-08-17,기간초과,,,
TSK-000952,ASG-001323,2026년 연1회,2026-08-24,이행완료,2026-08-21,SD03-1,
TSK-000953,ASG-001324,2026년 연1회,2026-08-31,기간초과,,,
TSK-000954,ASG-001325,2026년 상시,2026-09-07,기간초과,,,
TSK-000955,ASG-001326,2026년 상시,2026-09-14,점검완료,2026-09-11,SD03-1,
TSK-000956,ASG-001327,2026년 상시,2026-09-21,조치필요,2026-09-18,SD03-1,
TSK-000957,ASG-001328,2026년 상시,2026-09-28,기간초과,,,
TSK-000958,ASG-001329,2026년 연1회,2026-10-05,이행완료,2026-10-02,SD03-1,
TSK-000959,ASG-001330,2026년 연1회,2026-10-12,이행대기,,,
TSK-000960,ASG-001331,2026년 연1회,2026-10-19,이행완료,2026-10-16,SD03-1,
TSK-000961,ASG-001332,2026년 연1회,2026-10-26,이행대기,,,
TSK-000962,ASG-001333,2026년 연1회,2026-11-02,이행대기,,,
TSK-000963,ASG-001334,2026년 연1회,2026-11-09,점검완료,2026-11-06,SD03-1,
TSK-000964,ASG-001335,2026년 연1회,2026-11-16,조치필요,2026-11-13,SD03-1,
TSK-000965,ASG-001336,2026년 연1회,2026-11-23,기간초과,,,
TSK-000966,ASG-001337,2026년 연1회,2026-11-30,이행완료,2026-11-27,SD03-1,
TSK-000967,ASG-001338,2026년 연1회,2026-12-07,이행대기,,,
TSK-000968,ASG-001339,2026년 연1회,2026-12-14,이행완료,2026-12-11,SD03-1,
TSK-000969,ASG-001340,2026년 연1회,2026-12-21,이행대기,,,
TSK-000970,ASG-001341,2026년 연1회,2026-12-28,이행대기,,,
TSK-000971,ASG-001342,2026년 연1회,2027-01-04,점검완료,2027-01-01,SD03-1,
TSK-000972,ASG-001343,2026년 연1회,2027-01-11,조치필요,2027-01-08,SD03-1,
TSK-000973,ASG-001344,2026년 연1회,2027-01-18,기간초과,,,
TSK-000974,ASG-001345,2026년 연1회,2027-01-25,이행완료,2027-01-22,SD03-1,
TSK-000975,ASG-001346,2026년 연1회,2027-02-01,이행대기,,,
TSK-000976,ASG-001347,2026년 연1회,2027-02-08,이행완료,2027-02-05,SD03-1,
TSK-000977,ASG-001348,2026년 연1회,2027-02-15,이행대기,,,
TSK-000978,ASG-001349,2026년 연1회,2027-02-22,이행대기,,,
TSK-000979,ASG-001350,2026년 연1회,2027-03-01,점검완료,2027-02-26,SD03-1,
TSK-000980,ASG-001351,2026년 연1회,2027-03-08,조치필요,2027-03-05,SD03-1,
TSK-000981,ASG-001352,2026년 연1회,2027-03-15,기간초과,,,
TSK-000982,ASG-001353,2026년 연1회,2027-03-22,이행완료,2027-03-19,SD03-1,
TSK-000983,ASG-001354,2026년 연1회,2027-03-29,이행대기,,,
TSK-000984,ASG-001355,2026년 연1회,2027-04-05,이행완료,2027-04-02,SD03-1,
TSK-000985,ASG-001356,2026년 연1회,2027-04-12,이행대기,,,
TSK-000986,ASG-001357,2026년 연1회,2027-04-19,이행대기,,,
TSK-000987,ASG-001358,2026년 연1회,2027-04-26,점검완료,2027-04-23,SD03-1,
TSK-000988,ASG-001359,2026년 연1회,2027-05-03,조치필요,2027-04-30,SD03-1,
TSK-000989,ASG-001360,2026년 연1회,2027-05-10,기간초과,,,
TSK-000990,ASG-001361,2026년 연1회,2027-05-17,이행완료,2027-05-14,SD03-1,
TSK-000991,ASG-001362,2026년 연1회,2026-05-24,기간초과,,,
TSK-000992,ASG-001363,2026년 연1회,2026-05-31,이행완료,2026-05-28,SD03-1,
TSK-000993,ASG-001364,2026년 연1회,2026-06-07,기간초과,,,
TSK-000994,ASG-001365,2026년 연1회,2026-06-14,기간초과,,,
TSK-000995,ASG-001366,2026년 연1회,2026-06-21,점검완료,2026-06-18,SD03-1,
TSK-000996,ASG-001367,2026년 연1회,2026-06-28,조치필요,2026-06-25,SD03-1,
TSK-000997,ASG-001368,2026년 연1회,2026-07-05,기간초과,,,
TSK-000998,ASG-001369,2026년 상시,2026-07-12,이행완료,2026-07-09,SD03-1,
TSK-000999,ASG-001370,2026년 상시,2026-07-19,기간초과,,,
TSK-001000,ASG-001371,2026년 상시,2026-07-26,이행완료,2026-07-23,SD03-1,
TSK-001001,ASG-001372,2026년 상시,2026-08-02,기간초과,,,
TSK-001002,ASG-001373,2026년 상시,2026-08-09,기간초과,,,
TSK-001003,ASG-001374,2026년 상시,2026-08-16,점검완료,2026-08-13,SD03-1,
TSK-001004,ASG-001375,2026년 상시,2026-08-23,조치필요,2026-08-20,SD03-1,
TSK-001005,ASG-001376,2026년 상시,2026-08-30,기간초과,,,
TSK-001006,ASG-001377,2026년 상시,2026-09-06,이행완료,2026-09-03,SD03-1,
TSK-001007,ASG-001378,2026년 상시,2026-09-13,기간초과,,,
TSK-001008,ASG-001379,2026년 상시,2026-09-20,이행완료,2026-09-17,SD03-1,
TSK-001009,ASG-001380,2026년 상시,2026-09-27,이행대기,,,
TSK-001010,ASG-001392,2026년 연1회,2026-10-04,이행대기,,,
TSK-001011,ASG-001393,2026년 연1회,2026-10-11,점검완료,2026-10-08,SD04-1,
TSK-001012,ASG-001394,2026년 연1회,2026-10-18,조치필요,2026-10-15,SD04-1,
TSK-001013,ASG-001395,2026년 연1회,2026-10-25,기간초과,,,
TSK-001014,ASG-001396,2026년 상시,2026-11-01,이행완료,2026-10-29,SD04-1,
TSK-001015,ASG-001397,2026년 상시,2026-11-08,이행대기,,,
TSK-001016,ASG-001398,2026년 상시,2026-11-15,이행완료,2026-11-12,SD04-1,
TSK-001017,ASG-001399,2026년 상시,2026-11-22,이행대기,,,
TSK-001018,ASG-001400,2026년 상시,2026-11-29,이행대기,,,
TSK-001019,ASG-001401,2026년 상시,2026-12-06,점검완료,2026-12-03,SD04-1,
TSK-001020,ASG-001402,2026년 상시,2026-12-13,조치필요,2026-12-10,SD04-1,
TSK-001021,ASG-001403,2026년 상시,2026-12-20,기간초과,,,
TSK-001022,ASG-001404,2026년 반기 1회,2026-12-03,이행완료,2026-11-30,SD04-1,
TSK-001023,ASG-001405,2026년 반기 1회,2026-12-10,이행대기,,,
TSK-001024,ASG-001406,2026년 반기 1회,2026-12-17,이행완료,2026-12-14,SD04-1,
TSK-001025,ASG-001407,2026년 반기 1회,2026-12-24,이행대기,,,
TSK-001026,ASG-001408,2026년 상시,2027-01-24,이행대기,,,
TSK-001027,ASG-001409,2026년 상시,2027-01-31,점검완료,2027-01-28,SD04-1,
TSK-001028,ASG-001410,2026년 상시,2027-02-07,조치필요,2027-02-04,SD04-1,
TSK-001029,ASG-001411,2026년 상시,2027-02-14,기간초과,,,
TSK-001030,ASG-001412,2026년 상시,2027-02-21,이행완료,2027-02-18,SD04-1,
TSK-001031,ASG-001413,2026년 상시,2027-02-28,이행대기,,,
TSK-001032,ASG-001414,2026년 상시,2027-03-07,이행완료,2027-03-04,SD04-1,
TSK-001033,ASG-001415,2026년 상시,2027-03-14,이행대기,,,
TSK-001034,ASG-001416,2026년 상시,2027-03-21,이행대기,,,
TSK-001035,ASG-001417,2026년 상시,2027-03-28,점검완료,2027-03-25,SD04-1,
TSK-001036,ASG-001418,2026년 상시,2027-04-04,조치필요,2027-04-01,SD04-1,
TSK-001037,ASG-001419,2026년 상시,2027-04-11,기간초과,,,
TSK-001038,ASG-001420,2026년 상시,2027-04-18,이행완료,2027-04-15,SD04-1,
TSK-001039,ASG-001421,2026년 상시,2027-04-25,이행대기,,,
TSK-001040,ASG-001422,2026년 상시,2027-05-02,이행완료,2027-04-29,SD04-1,
TSK-001041,ASG-001423,2026년 상시,2027-05-09,이행대기,,,
TSK-001042,ASG-001424,2026년 상시,2027-05-16,이행대기,,,
TSK-001043,ASG-001425,2026년 상시,2026-05-23,점검완료,2026-05-20,SD04-1,
TSK-001044,ASG-001426,2026년 상시,2026-05-30,조치필요,2026-05-27,SD04-1,
TSK-001045,ASG-001427,2026년 상시,2026-06-06,기간초과,,,
TSK-001046,ASG-001428,2026년 상시,2026-06-13,이행완료,2026-06-10,SD04-1,
TSK-001047,ASG-001429,2026년 상시,2026-06-20,기간초과,,,
TSK-001048,ASG-001430,2026년 상시,2026-06-27,이행완료,2026-06-24,SD04-1,
TSK-001049,ASG-001431,2026년 상시,2026-07-04,기간초과,,,
TSK-001050,ASG-001432,2026년 상시,2026-07-11,기간초과,,,
TSK-001051,ASG-001433,2026년 상시,2026-07-18,점검완료,2026-07-15,SD04-1,
TSK-001052,ASG-001434,2026년 상시,2026-07-25,조치필요,2026-07-22,SD04-1,
TSK-001053,ASG-001435,2026년 상시,2026-08-01,기간초과,,,
TSK-001054,ASG-001436,2026년 연1회,2026-08-08,이행완료,2026-08-05,SD04-1,
TSK-001055,ASG-001437,2026년 연1회,2026-08-15,기간초과,,,
TSK-001056,ASG-001438,2026년 연1회,2026-08-22,이행완료,2026-08-19,SD04-1,
TSK-001057,ASG-001439,2026년 연1회,2026-08-29,기간초과,,,
TSK-001058,ASG-001440,2026년 연1회,2026-09-05,기간초과,,,
TSK-001059,ASG-001441,2026년 연1회,2026-09-12,점검완료,2026-09-09,SD04-1,
TSK-001060,ASG-001442,2026년 연1회,2026-09-19,조치필요,2026-09-16,SD04-1,
TSK-001061,ASG-001443,2026년 연1회,2026-09-26,기간초과,,,
TSK-001062,ASG-001444,2026년 반기 1회,2026-09-14,이행완료,2026-09-11,SD02-1,
TSK-001063,ASG-001445,2026년 반기 1회,2026-09-21,이행대기,,,
TSK-001064,ASG-001446,2026년 반기 1회,2026-09-28,이행완료,2026-09-25,SD02-1,
TSK-001065,ASG-001447,2026년 반기 1회,2026-10-05,이행대기,,,
TSK-001066,ASG-001448,2026년 반기 1회,2026-10-12,이행대기,,,
TSK-001067,ASG-001449,2026년 반기 1회,2026-10-19,점검완료,2026-10-16,SD02-1,
TSK-001068,ASG-001450,2026년 반기 1회,2026-10-26,조치필요,2026-10-23,SD02-1,
TSK-001069,ASG-001451,2026년 반기 1회,2026-11-02,기간초과,,,
TSK-001070,ASG-001452,2026년 상시,2026-11-28,이행완료,2026-11-25,SD02-1,
TSK-001071,ASG-001453,2026년 상시,2026-12-05,이행대기,,,
TSK-001072,ASG-001454,2026년 상시,2026-12-12,이행완료,2026-12-09,SD02-1,
TSK-001073,ASG-001455,2026년 상시,2026-12-19,이행대기,,,
TSK-001074,ASG-001456,2026년 상시,2026-12-26,이행대기,,,
TSK-001075,ASG-001457,2026년 상시,2027-01-02,점검완료,2026-12-30,SD02-1,
TSK-001076,ASG-001458,2026년 상시,2027-01-09,조치필요,2027-01-06,SD02-1,
TSK-001077,ASG-001459,2026년 상시,2027-01-16,기간초과,,,
TSK-001078,ASG-001460,2026년 상시,2027-01-23,이행완료,2027-01-20,SD02-1,
TSK-001079,ASG-001461,2026년 상시,2027-01-30,이행대기,,,
TSK-001080,ASG-001462,2026년 상시,2027-02-06,이행완료,2027-02-03,SD02-1,
TSK-001081,ASG-001463,2026년 상시,2027-02-13,이행대기,,,
TSK-001082,ASG-001464,2026년 상시,2027-02-20,이행대기,,,
TSK-001083,ASG-001465,2026년 상시,2027-02-27,점검완료,2027-02-24,SD02-1,
TSK-001084,ASG-001466,2026년 상시,2027-03-06,조치필요,2027-03-03,SD02-1,
TSK-001085,ASG-001467,2026년 상시,2027-03-13,기간초과,,,
TSK-001086,ASG-001468,2026년 반기 1회,2026-09-02,이행완료,2026-08-30,SD02-1,
TSK-001087,ASG-001469,2026년 반기 1회,2026-09-09,기간초과,,,
TSK-001088,ASG-001470,2026년 반기 1회,2026-09-16,이행완료,2026-09-13,SD02-1,
TSK-001089,ASG-001471,2026년 반기 1회,2026-09-23,이행대기,,,
TSK-001090,ASG-001472,2026년 반기 1회,2026-09-30,이행대기,,,
TSK-001091,ASG-001473,2026년 반기 1회,2026-10-07,점검완료,2026-10-04,SD02-1,
TSK-001092,ASG-001474,2026년 반기 1회,2026-10-14,조치필요,2026-10-11,SD02-1,
TSK-001093,ASG-001475,2026년 반기 1회,2026-10-21,기간초과,,,
TSK-001094,ASG-001476,2026년 반기 1회,2026-10-28,이행완료,2026-10-25,SD02-1,
TSK-001095,ASG-001477,2026년 반기 1회,2026-11-04,이행대기,,,
TSK-001096,ASG-001478,2026년 반기 1회,2026-11-11,이행완료,2026-11-08,SD02-1,
TSK-001097,ASG-001479,2026년 반기 1회,2026-11-18,이행대기,,,
TSK-001098,ASG-001480,2026년 반기 1회,2026-11-25,이행대기,,,
TSK-001099,ASG-001481,2026년 반기 1회,2026-12-02,점검완료,2026-11-29,SD02-1,
TSK-001100,ASG-001482,2026년 반기 1회,2026-12-09,조치필요,2026-12-06,SD02-1,
TSK-001101,ASG-001483,2026년 반기 1회,2026-12-16,기간초과,,,
TSK-001102,ASG-001484,2026년 반기 1회,2026-12-23,이행완료,2026-12-20,SD02-1,
TSK-001103,ASG-001485,2026년 반기 1회,2026-12-30,이행대기,,,
TSK-001104,ASG-001486,2026년 반기 1회,2027-01-06,이행완료,2027-01-03,SD02-1,
TSK-001105,ASG-001487,2026년 반기 1회,2027-01-13,이행대기,,,
TSK-001106,ASG-001488,2026년 반기 1회,2026-07-24,기간초과,,,
TSK-001107,ASG-001489,2026년 반기 1회,2026-07-31,점검완료,2026-07-28,SD02-1,
TSK-001108,ASG-001490,2026년 반기 1회,2026-08-07,조치필요,2026-08-04,SD02-1,
TSK-001109,ASG-001491,2026년 반기 1회,2026-08-14,기간초과,,,
TSK-001110,ASG-001492,2026년 반기 1회,2026-08-21,이행완료,2026-08-18,SD02-1,
TSK-001111,ASG-001493,2026년 반기 1회,2026-08-28,기간초과,,,
TSK-001112,ASG-001494,2026년 반기 1회,2026-09-04,이행완료,2026-09-01,SD02-1,
TSK-001113,ASG-001495,2026년 반기 1회,2026-09-11,기간초과,,,
TSK-001114,ASG-001496,2026년 반기 1회,2026-09-18,기간초과,,,
TSK-001115,ASG-001497,2026년 반기 1회,2026-09-25,점검완료,2026-09-22,SD02-1,
TSK-001116,ASG-001498,2026년 반기 1회,2026-10-02,조치필요,2026-09-29,SD02-1,
TSK-001117,ASG-001499,2026년 반기 1회,2026-10-09,기간초과,,,
TSK-001118,ASG-001500,2026년 반기 1회,2026-10-16,이행완료,2026-10-13,SD02-1,
TSK-001119,ASG-001501,2026년 반기 1회,2026-10-23,이행대기,,,
TSK-001120,ASG-001502,2026년 반기 1회,2026-10-30,이행완료,2026-10-27,SD02-1,
TSK-001121,ASG-001503,2026년 반기 1회,2026-11-06,이행대기,,,
TSK-001122,ASG-001504,2026년 반기 1회,2026-11-13,이행대기,,,
TSK-001123,ASG-001505,2026년 반기 1회,2026-11-20,점검완료,2026-11-17,SD09-1,
TSK-001124,ASG-001506,2026년 반기 1회,2026-11-27,조치필요,2026-11-24,SD09-1,
TSK-001125,ASG-001507,2026년 반기 1회,2026-12-04,기간초과,,,
TSK-001126,ASG-001508,2026년 반기 1회,2026-12-11,이행완료,2026-12-08,SD02-1,
TSK-001127,ASG-001509,2026년 반기 1회,2026-12-18,이행대기,,,
TSK-001128,ASG-001510,2026년 반기 1회,2026-12-25,이행완료,2026-12-22,SD02-1,
TSK-001129,ASG-001511,2026년 반기 1회,2027-01-01,이행대기,,,
TSK-001130,ASG-001512,2026년 반기 1회,2027-01-08,이행대기,,,
TSK-001131,ASG-001513,2026년 반기 1회,2027-01-15,점검완료,2027-01-12,SD02-1,
TSK-001132,ASG-001514,2026년 반기 1회,2026-07-26,조치필요,2026-07-23,SD02-1,
TSK-001133,ASG-001515,2026년 반기 1회,2026-08-02,기간초과,,,
TSK-001134,ASG-001516,2026년 반기 1회,2026-08-09,이행완료,2026-08-06,SD02-1,
TSK-001135,ASG-001517,2026년 반기 1회,2026-08-16,기간초과,,,
TSK-001136,ASG-001518,2026년 반기 1회,2026-08-23,이행완료,2026-08-20,SD02-1,
TSK-001137,ASG-001519,2026년 반기 1회,2026-08-30,기간초과,,,
TSK-001138,ASG-001520,2026년 반기 1회,2026-09-06,기간초과,,,
TSK-001139,ASG-001521,2026년 반기 1회,2026-09-13,점검완료,2026-09-10,SD09-1,
TSK-001140,ASG-001522,2026년 반기 1회,2026-09-20,조치필요,2026-09-17,SD09-1,
TSK-001141,ASG-001523,2026년 반기 1회,2026-09-27,기간초과,,,
TSK-001142,ASG-001524,2026년 반기 1회,2026-10-04,이행완료,2026-10-01,SD02-1,
TSK-001143,ASG-001525,2026년 반기 1회,2026-10-11,이행대기,,,
TSK-001144,ASG-001526,2026년 반기 1회,2026-10-18,이행완료,2026-10-15,SD02-1,
TSK-001145,ASG-001527,2026년 반기 1회,2026-10-25,이행대기,,,
TSK-001146,ASG-001528,2026년 반기 1회,2026-11-01,이행대기,,,
TSK-001147,ASG-001529,2026년 반기 1회,2026-11-08,점검완료,2026-11-05,SD02-1,
TSK-001148,ASG-001530,2026년 반기 1회,2026-11-15,조치필요,2026-11-12,SD02-1,
TSK-001149,ASG-001531,2026년 반기 1회,2026-11-22,기간초과,,,
TSK-001150,ASG-001544,2026년 상시,2026-06-11,이행완료,2026-06-08,SD13-1,
TSK-001151,ASG-001545,2026년 상시,2026-06-18,기간초과,,,
TSK-001152,ASG-001546,2026년 상시,2026-06-25,이행완료,2026-06-22,SD13-1,
TSK-001153,ASG-001547,2026년 상시,2026-07-02,기간초과,,,
TSK-001154,ASG-001548,2026년 수시,2026-12-27,이행대기,,,
TSK-001155,ASG-001549,2026년 수시,2027-01-03,점검완료,2026-12-31,SD13-1,
TSK-001156,ASG-001550,2026년 수시,2027-01-10,조치필요,2027-01-07,SD13-1,
TSK-001157,ASG-001551,2026년 수시,2027-01-17,기간초과,,,
TSK-001158,ASG-001553,2026년 연1회,2026-08-06,이행완료,2026-08-03,SD13-1,
TSK-001159,ASG-001554,2026년 연1회,2026-08-13,기간초과,,,
TSK-001160,ASG-001555,2026년 수시,2026-08-11,이행완료,2026-08-08,SD13-1,
TSK-001161,ASG-001556,2026년 수시,2026-08-18,기간초과,,,
TSK-001162,ASG-001557,2026년 연1회,2026-09-03,기간초과,,,
TSK-001163,ASG-001558,2026년 상시,2026-09-10,점검완료,2026-09-07,SD13-1,
TSK-001164,ASG-001559,2026년 연1회,2026-09-17,조치필요,2026-09-14,SD13-1,
TSK-001165,ASG-001564,2026년 연1회,2026-09-24,기간초과,,,
TSK-001166,ASG-001565,2026년 연1회,2026-10-01,이행완료,2026-09-28,SD13-1,
TSK-001167,ASG-001566,2026년 연1회,2026-10-08,이행대기,,,
TSK-001168,ASG-001567,2026년 연1회,2026-10-15,이행완료,2026-10-12,SD13-1,
TSK-001169,ASG-001568,2026년 연1회,2026-10-22,이행대기,,,
TSK-001170,ASG-001569,2026년 연1회,2026-10-29,이행대기,,,
TSK-001171,ASG-001570,2026년 연1회,2026-11-05,점검완료,2026-11-02,SD13-1,
TSK-001172,ASG-001571,2026년 연1회,2026-11-12,조치필요,2026-11-09,SD13-1,
TSK-001173,ASG-001572,2026년 연1회,2026-11-19,기간초과,,,
TSK-001174,ASG-001573,2026년 연1회,2026-11-26,이행완료,2026-11-23,SD13-1,
TSK-001175,ASG-001574,2026년 연1회,2026-12-03,이행대기,,,
TSK-001176,ASG-001575,2026년 연1회,2026-12-10,이행완료,2026-12-07,SD13-1,
TSK-001177,ASG-001576,2026년 연1회,2026-12-17,이행대기,,,
TSK-001178,ASG-001577,2026년 연1회,2026-12-24,이행대기,,,
TSK-001179,ASG-001578,2026년 연1회,2026-12-31,점검완료,2026-12-28,SD13-1,
TSK-001180,ASG-001579,2026년 연1회,2027-01-07,조치필요,2027-01-04,SD13-1,
TSK-001181,ASG-001580,2026년 반기 1회,2027-01-05,기간초과,,,
TSK-001182,ASG-001581,2026년 반기 1회,2027-01-12,이행완료,2027-01-09,SD13-1,
TSK-001183,ASG-001582,2026년 반기 1회,2026-07-23,기간초과,,,
TSK-001184,ASG-001583,2026년 반기 1회,2026-07-30,이행완료,2026-07-27,SD13-1,
TSK-001185,ASG-001584,2026년 연1회,2027-02-11,이행대기,,,
TSK-001186,ASG-001585,2026년 연1회,2027-02-18,이행대기,,,
TSK-001187,ASG-001586,2026년 연1회,2027-02-25,점검완료,2027-02-22,SD13-1,
TSK-001188,ASG-001587,2026년 연1회,2027-03-04,조치필요,2027-03-01,SD13-1,
TSK-001189,ASG-001588,2026년 연1회,2027-03-11,기간초과,,,
TSK-001190,ASG-001589,2026년 연1회,2027-03-18,이행완료,2027-03-15,SD13-1,
TSK-001191,ASG-001590,2026년 연1회,2027-03-25,이행대기,,,
TSK-001192,ASG-001591,2026년 연1회,2027-04-01,이행완료,2027-03-29,SD13-1,
TSK-001193,ASG-001592,2026년 연1회,2027-04-08,이행대기,,,
TSK-001194,ASG-001593,2026년 연1회,2027-04-15,이행대기,,,
TSK-001195,ASG-001594,2026년 연1회,2027-04-22,점검완료,2027-04-19,SD13-1,
TSK-001196,ASG-001595,2026년 연1회,2027-04-29,조치필요,2027-04-26,SD13-1,
TSK-001197,ASG-001596,2026년 수시,2026-10-29,기간초과,,,
TSK-001198,ASG-001597,2026년 수시,2026-11-05,이행완료,2026-11-02,SD13-1,
TSK-001199,ASG-001598,2026년 수시,2026-11-12,이행대기,,,
TSK-001200,ASG-001599,2026년 수시,2026-11-19,이행완료,2026-11-16,SD13-1,
TSK-001201,ASG-001600,2026년 수시,2026-11-26,이행대기,,,
TSK-001202,ASG-001601,2026년 수시,2026-12-03,이행대기,,,
TSK-001203,ASG-001602,2026년 수시,2026-12-10,점검완료,2026-12-07,SD13-1,
TSK-001204,ASG-001603,2026년 수시,2026-12-17,조치필요,2026-12-14,SD13-1,
TSK-001205,ASG-001604,2026년 수시,2026-12-24,기간초과,,,
TSK-001206,ASG-001605,2026년 수시,2026-12-31,이행완료,2026-12-28,SD13-1,
TSK-001207,ASG-001606,2026년 수시,2027-01-07,이행대기,,,
TSK-001208,ASG-001607,2026년 수시,2027-01-14,이행완료,2027-01-11,SD13-1,
TSK-001209,ASG-001646,2026년 상시,2026-07-29,기간초과,,,
TSK-001210,ASG-001647,2026년 상시,2026-08-05,기간초과,,,
TSK-001211,ASG-001648,2026년 상시,2026-08-12,점검완료,2026-08-09,SD05-1,
TSK-001212,ASG-001649,2026년 상시,2026-08-19,조치필요,2026-08-16,SD05-1,
TSK-001213,ASG-001650,2026년 상시,2026-08-26,기간초과,,,
TSK-001214,ASG-001651,2026년 상시,2026-09-02,이행완료,2026-08-30,SD05-1,
TSK-001215,ASG-001652,2026년 상시,2026-09-09,기간초과,,,
TSK-001216,ASG-001653,2026년 상시,2026-09-16,이행완료,2026-09-13,SD05-1,
TSK-001217,ASG-001654,2026년 상시,2026-09-23,이행대기,,,
TSK-001218,ASG-001655,2026년 상시,2026-09-30,이행대기,,,
TSK-001219,ASG-001656,2026년 상시,2026-10-07,점검완료,2026-10-04,SD05-1,
TSK-001220,ASG-001657,2026년 상시,2026-10-14,조치필요,2026-10-11,SD05-1,
TSK-001221,ASG-001658,2026년 상시,2026-10-21,기간초과,,,
TSK-001222,ASG-001661,2026년 수시,2026-10-24,이행완료,2026-10-21,SD13-1,
TSK-001223,ASG-001662,2026년 수시,2026-10-31,이행대기,,,
TSK-001224,ASG-001663,2026년 수시,2026-11-07,이행완료,2026-11-04,SD13-1,
TSK-001225,ASG-001664,2026년 수시,2026-11-14,이행대기,,,
TSK-001226,ASG-001669,2026년 반기 1회,2026-11-21,이행대기,,,
TSK-001227,ASG-001670,2026년 반기 1회,2026-11-28,점검완료,2026-11-25,SD13-1,
TSK-001228,ASG-001671,2026년 반기 1회,2026-12-05,조치필요,2026-12-02,SD13-1,
TSK-001229,ASG-001672,2026년 반기 1회,2026-12-12,기간초과,,,
TSK-001230,ASG-001673,2026년 반기 1회,2026-12-19,이행완료,2026-12-16,SD03-1,
TSK-001231,ASG-001674,2026년 반기 1회,2026-12-26,이행대기,,,
TSK-001232,ASG-001675,2026년 반기 1회,2027-01-02,이행완료,2026-12-30,SD03-1,
TSK-001233,ASG-001676,2026년 반기 1회,2027-01-09,이행대기,,,
TSK-001234,ASG-001677,2026년 반기 1회,2027-01-16,이행대기,,,
TSK-001235,ASG-001678,2026년 반기 1회,2026-07-27,점검완료,2026-07-24,SD03-1,
TSK-001236,ASG-001679,2026년 반기 1회,2026-08-03,조치필요,2026-07-31,SD03-1,
TSK-001237,ASG-001680,2026년 반기 1회,2026-08-10,기간초과,,,
TSK-001238,ASG-001685,2026년 수시,2026-08-17,이행완료,2026-08-14,SD13-1,
TSK-001239,ASG-001687,2026년 수시,2026-08-24,기간초과,,,
TSK-001240,ASG-001688,2026년 수시,2026-08-31,이행완료,2026-08-28,SD03-1,
TSK-001241,ASG-001689,2026년 수시,2026-09-07,기간초과,,,
TSK-001242,ASG-001690,2026년 수시,2026-09-14,기간초과,,,
TSK-001243,ASG-001691,2026년 상시,2027-03-24,점검완료,2027-03-21,SD03-1,
TSK-001244,ASG-001692,2026년 상시,2027-03-31,조치필요,2027-03-28,SD03-1,
TSK-001245,ASG-001693,2026년 상시,2027-04-07,기간초과,,,
TSK-001246,ASG-001694,2026년 상시,2027-04-14,이행완료,2027-04-11,SD03-1,
TSK-001247,ASG-001695,2026년 상시,2027-04-21,이행대기,,,
TSK-001248,ASG-001696,2026년 상시,2027-04-28,이행완료,2027-04-25,SD03-1,
TSK-001249,ASG-001697,2026년 상시,2027-05-05,이행대기,,,
TSK-001250,ASG-001698,2026년 상시,2027-05-12,이행대기,,,
TSK-001251,ASG-001733,2026년 수시,2026-11-16,점검완료,2026-11-13,SD09-1,
TSK-001252,ASG-001734,2026년 수시,2026-11-23,조치필요,2026-11-20,SD09-1,
TSK-001253,ASG-001735,2026년 수시,2026-11-30,기간초과,,,
TSK-001254,ASG-001736,2026년 수시,2026-12-07,이행완료,2026-12-04,SD09-1,
TSK-001255,ASG-001737,2026년 반기 1회,2026-12-14,이행대기,,,
TSK-001256,ASG-001738,2026년 반기 1회,2026-12-21,이행완료,2026-12-18,SD09-1,
TSK-001257,ASG-001739,2026년 반기 1회,2026-12-28,이행대기,,,
TSK-001258,ASG-001740,2026년 반기 1회,2027-01-04,이행대기,,,
TSK-001259,ASG-001741,2026년 상시,2026-07-14,점검완료,2026-07-11,SD09-1,
TSK-001260,ASG-001742,2026년 상시,2026-07-21,조치필요,2026-07-18,SD09-1,
TSK-001261,ASG-001743,2026년 상시,2026-07-28,기간초과,,,
TSK-001262,ASG-001744,2026년 상시,2026-08-04,이행완료,2026-08-01,SD09-1,
TSK-001263,ASG-001746,2026년 수시,2026-08-12,기간초과,,,
TSK-001264,ASG-001747,2026년 수시,2026-08-19,이행완료,2026-08-16,SD13-1,
TSK-001265,ASG-001748,2026년 연1회,2026-08-25,기간초과,,,
TSK-001266,ASG-001774,2026년 상시,2026-09-01,기간초과,,,
TSK-001267,ASG-001775,2026년 상시,2026-09-08,점검완료,2026-09-05,SD03-1,
TSK-001268,ASG-001776,2026년 상시,2026-09-15,조치필요,2026-09-12,SD03-1,
TSK-001269,ASG-001777,2026년 상시,2026-09-22,기간초과,,,
TSK-001270,ASG-001778,2026년 반기 1회,2026-09-30,이행완료,2026-09-27,SD03-1,
TSK-001271,ASG-001779,2026년 반기 1회,2026-10-07,이행대기,,,
TSK-001272,ASG-001780,2026년 반기 1회,2026-10-14,이행완료,2026-10-11,SD03-1,
TSK-001273,ASG-001781,2026년 반기 1회,2026-10-21,이행대기,,,
TSK-001274,ASG-001782,2026년 반기 1회,2026-10-28,이행대기,,,
TSK-001275,ASG-001783,2026년 반기 1회,2026-11-04,점검완료,2026-11-01,SD03-1,
TSK-001276,ASG-001784,2026년 반기 1회,2026-11-11,조치필요,2026-11-08,SD03-1,
TSK-001277,ASG-001785,2026년 반기 1회,2026-11-18,기간초과,,,
TSK-001278,ASG-001786,2026년 상시,2026-11-24,이행완료,2026-11-21,SD03-1,
TSK-001279,ASG-001787,2026년 상시,2026-12-01,이행대기,,,
TSK-001280,ASG-001788,2026년 상시,2026-12-08,이행완료,2026-12-05,SD03-1,
TSK-001281,ASG-001789,2026년 상시,2026-12-15,이행대기,,,
TSK-001282,ASG-001790,2026년 반기 1회,2026-12-23,이행대기,,,
TSK-001283,ASG-001791,2026년 반기 1회,2026-12-30,점검완료,2026-12-27,SD03-1,
TSK-001284,ASG-001792,2026년 반기 1회,2027-01-06,조치필요,2027-01-03,SD03-1,
TSK-001285,ASG-001793,2026년 반기 1회,2027-01-13,기간초과,,,
TSK-001286,ASG-001794,2026년 반기 1회,2026-07-24,이행완료,2026-07-21,SD03-1,
TSK-001287,ASG-001795,2026년 반기 1회,2026-07-31,기간초과,,,
TSK-001288,ASG-001796,2026년 반기 1회,2026-08-07,이행완료,2026-08-04,SD03-1,
TSK-001289,ASG-001797,2026년 반기 1회,2026-08-14,기간초과,,,
TSK-001290,ASG-001798,2026년 수시,2026-08-21,기간초과,,,
TSK-001291,ASG-001799,2026년 수시,2026-08-28,점검완료,2026-08-25,SD03-1,
TSK-001292,ASG-001800,2026년 수시,2026-09-04,조치필요,2026-09-01,SD03-1,
TSK-001293,ASG-001801,2026년 수시,2026-09-11,기간초과,,,
TSK-001294,ASG-001802,2026년 상시,2027-03-16,이행완료,2027-03-13,SD03-1,
TSK-001295,ASG-001803,2026년 상시,2027-03-23,이행대기,,,
TSK-001296,ASG-001804,2026년 상시,2027-03-30,이행완료,2027-03-27,SD03-1,
TSK-001297,ASG-001805,2026년 상시,2027-04-06,이행대기,,,
TSK-001298,ASG-001806,2026년 반기 1회,2026-10-16,이행대기,,,
TSK-001299,ASG-001807,2026년 반기 1회,2026-10-23,점검완료,2026-10-20,SD03-1,
TSK-001300,ASG-001808,2026년 반기 1회,2026-10-30,조치필요,2026-10-27,SD03-1,
TSK-001301,ASG-001809,2026년 반기 1회,2026-11-06,기간초과,,,
TSK-001302,ASG-001810,2026년 반기 1회,2026-11-13,이행완료,2026-11-10,SD03-1,
TSK-001303,ASG-001811,2026년 반기 1회,2026-11-20,이행대기,,,
TSK-001304,ASG-001812,2026년 반기 1회,2026-11-27,이행완료,2026-11-24,SD03-1,
TSK-001305,ASG-001813,2026년 반기 1회,2026-12-04,이행대기,,,
TSK-001306,ASG-001814,2026년 반기 1회,2026-12-11,이행대기,,,
TSK-001307,ASG-001815,2026년 반기 1회,2026-12-18,점검완료,2026-12-15,SD03-1,
TSK-001308,ASG-001816,2026년 반기 1회,2026-12-25,조치필요,2026-12-22,SD03-1,
TSK-001309,ASG-001817,2026년 반기 1회,2027-01-01,기간초과,,,
TSK-001310,ASG-001818,2026년 수시,2027-01-08,이행완료,2027-01-05,SD03-1,
TSK-001311,ASG-001819,2026년 수시,2027-01-15,이행대기,,,
TSK-001312,ASG-001820,2026년 수시,2026-07-26,이행완료,2026-07-23,SD03-1,
TSK-001313,ASG-001821,2026년 수시,2026-08-02,기간초과,,,
TSK-001314,ASG-001822,2026년 수시,2026-08-09,기간초과,,,
TSK-001315,ASG-001823,2026년 수시,2026-08-16,점검완료,2026-08-13,SD03-1,
TSK-001316,ASG-001824,2026년 수시,2026-08-23,조치필요,2026-08-20,SD03-1,
TSK-001317,ASG-001825,2026년 수시,2026-08-30,기간초과,,,
TSK-001318,ASG-001826,2026년 수시,2026-09-06,이행완료,2026-09-03,SD04-1,
TSK-001319,ASG-001827,2026년 수시,2026-09-13,기간초과,,,
TSK-001320,ASG-001828,2026년 수시,2026-09-20,이행완료,2026-09-17,SD04-1,
TSK-001321,ASG-001829,2026년 수시,2026-09-27,이행대기,,,
TSK-001322,ASG-001830,2026년 수시,2026-10-04,이행대기,,,
TSK-001323,ASG-001831,2026년 수시,2026-10-11,점검완료,2026-10-08,SD03-1,
TSK-001324,ASG-001832,2026년 수시,2026-10-18,조치필요,2026-10-15,SD03-1,
TSK-001325,ASG-001833,2026년 수시,2026-10-25,기간초과,,,
TSK-001326,ASG-001834,2026년 수시,2026-11-01,이행완료,2026-10-29,SD03-1,
TSK-001327,ASG-001835,2026년 수시,2026-11-08,이행대기,,,
TSK-001328,ASG-001836,2026년 수시,2026-11-15,이행완료,2026-11-12,SD03-1,
TSK-001329,ASG-001837,2026년 수시,2026-11-22,이행대기,,,
TSK-001330,ASG-001838,2026년 수시,2026-11-29,이행대기,,,
TSK-001331,ASG-001839,2026년 수시,2026-12-06,점검완료,2026-12-03,SD03-1,
TSK-001332,ASG-001840,2026년 수시,2026-12-13,조치필요,2026-12-10,SD03-1,
TSK-001333,ASG-001841,2026년 수시,2026-12-20,기간초과,,,
TSK-001334,ASG-001842,2026년 수시,2026-12-27,이행완료,2026-12-24,SD03-1,
TSK-001335,ASG-001843,2026년 수시,2027-01-03,이행대기,,,
TSK-001336,ASG-001844,2026년 수시,2027-01-10,이행완료,2027-01-07,SD03-1,
TSK-001337,ASG-001845,2026년 수시,2027-01-17,이행대기,,,
TSK-001338,ASG-001846,2026년 상시,2027-01-18,이행대기,,,
TSK-001339,ASG-001847,2026년 상시,2027-01-25,점검완료,2027-01-22,SD03-1,
TSK-001340,ASG-001848,2026년 상시,2027-02-01,조치필요,2027-01-29,SD03-1,
TSK-001341,ASG-001849,2026년 상시,2027-02-08,기간초과,,,
TSK-001342,ASG-001850,2026년 상시,2027-02-15,이행완료,2027-02-12,SD03-1,
TSK-001343,ASG-001851,2026년 상시,2027-02-22,이행대기,,,
TSK-001344,ASG-001852,2026년 상시,2027-03-01,이행완료,2027-02-26,SD03-1,
TSK-001345,ASG-001853,2026년 상시,2027-03-08,이행대기,,,
TSK-001346,ASG-001854,2026년 상시,2027-03-15,이행대기,,,
TSK-001347,ASG-001855,2026년 상시,2027-03-22,점검완료,2027-03-19,SD03-1,
TSK-001348,ASG-001856,2026년 상시,2027-03-29,조치필요,2027-03-26,SD03-1,
TSK-001349,ASG-001857,2026년 상시,2027-04-05,기간초과,,,
TSK-001350,ASG-001858,2026년 반기 1회,2026-10-20,이행완료,2026-10-17,SD03-1,
TSK-001351,ASG-001859,2026년 반기 1회,2026-10-27,이행대기,,,
TSK-001352,ASG-001860,2026년 반기 1회,2026-11-03,이행완료,2026-10-31,SD03-1,
TSK-001353,ASG-001861,2026년 반기 1회,2026-11-10,이행대기,,,
TSK-001354,ASG-001862,2026년 반기 1회,2026-11-17,이행대기,,,
TSK-001355,ASG-001863,2026년 반기 1회,2026-11-24,점검완료,2026-11-21,SD03-1,
TSK-001356,ASG-001864,2026년 반기 1회,2026-12-01,조치필요,2026-11-28,SD03-1,
TSK-001357,ASG-001865,2026년 반기 1회,2026-12-08,기간초과,,,
TSK-001358,ASG-001866,2026년 반기 1회,2026-12-15,이행완료,2026-12-12,SD03-1,
TSK-001359,ASG-001867,2026년 반기 1회,2026-12-22,이행대기,,,
TSK-001360,ASG-001868,2026년 반기 1회,2026-12-29,이행완료,2026-12-26,SD03-1,
TSK-001361,ASG-001869,2026년 반기 1회,2027-01-05,이행대기,,,
TSK-001362,ASG-001870,2026년 수시,2027-01-12,이행대기,,,
TSK-001363,ASG-001871,2026년 수시,2026-07-23,점검완료,2026-07-20,SD03-1,
TSK-001364,ASG-001872,2026년 수시,2026-07-30,조치필요,2026-07-27,SD03-1,
TSK-001365,ASG-001873,2026년 수시,2026-08-06,기간초과,,,
TSK-001366,ASG-001874,2026년 수시,2026-08-13,이행완료,2026-08-10,SD03-1,
TSK-001367,ASG-001875,2026년 수시,2026-08-20,기간초과,,,
TSK-001368,ASG-001876,2026년 수시,2026-08-27,이행완료,2026-08-24,SD03-1,
TSK-001369,ASG-001877,2026년 수시,2026-09-03,기간초과,,,
TSK-001370,ASG-001878,2026년 상시,2026-08-30,기간초과,,,
TSK-001371,ASG-001879,2026년 상시,2026-09-06,점검완료,2026-09-03,SD03-1,
TSK-001372,ASG-001880,2026년 상시,2026-09-13,조치필요,2026-09-10,SD03-1,
TSK-001373,ASG-001881,2026년 상시,2026-09-20,기간초과,,,
TSK-001374,ASG-001882,2026년 상시,2026-09-27,이행완료,2026-09-24,SD03-1,
TSK-001375,ASG-001883,2026년 상시,2026-10-04,이행대기,,,
TSK-001376,ASG-001884,2026년 상시,2026-10-11,이행완료,2026-10-08,SD03-1,
TSK-001377,ASG-001885,2026년 상시,2026-10-18,이행대기,,,
TSK-001378,ASG-001886,2026년 수시,2026-11-05,이행대기,,,
TSK-001379,ASG-001887,2026년 수시,2026-11-12,점검완료,2026-11-09,SD03-1,
TSK-001380,ASG-001888,2026년 수시,2026-11-19,조치필요,2026-11-16,SD03-1,
TSK-001381,ASG-001889,2026년 수시,2026-11-26,기간초과,,,
TSK-001382,ASG-001890,2026년 수시,2026-12-03,이행완료,2026-11-30,SD03-1,
TSK-001383,ASG-001891,2026년 수시,2026-12-10,이행대기,,,
TSK-001384,ASG-001892,2026년 수시,2026-12-17,이행완료,2026-12-14,SD03-1,
TSK-001385,ASG-001893,2026년 수시,2026-12-24,이행대기,,,
TSK-001386,ASG-001894,2026년 상시,2026-12-20,이행대기,,,
TSK-001387,ASG-001895,2026년 상시,2026-12-27,점검완료,2026-12-24,SD03-1,
TSK-001388,ASG-001896,2026년 상시,2027-01-03,조치필요,2026-12-31,SD03-1,
TSK-001389,ASG-001897,2026년 상시,2027-01-10,기간초과,,,
TSK-001390,ASG-001898,2026년 상시,2027-01-17,이행완료,2027-01-14,SD03-1,
TSK-001391,ASG-001899,2026년 상시,2027-01-24,이행대기,,,
TSK-001392,ASG-001900,2026년 상시,2027-01-31,이행완료,2027-01-28,SD03-1,
TSK-001393,ASG-001901,2026년 상시,2027-02-07,이행대기,,,
TSK-001394,ASG-001902,2026년 상시,2027-02-14,이행대기,,,
TSK-001395,ASG-001903,2026년 상시,2027-02-21,점검완료,2027-02-18,SD03-1,
TSK-001396,ASG-001904,2026년 상시,2027-02-28,조치필요,2027-02-25,SD03-1,
TSK-001397,ASG-001905,2026년 상시,2027-03-07,기간초과,,,
TSK-001398,ASG-001906,2026년 수시,2026-09-26,이행완료,2026-09-23,SD03-1,
TSK-001399,ASG-001907,2026년 수시,2026-10-03,이행대기,,,
TSK-001400,ASG-001908,2026년 수시,2026-10-10,이행완료,2026-10-07,SD03-1,
TSK-001401,ASG-001909,2026년 수시,2026-10-17,이행대기,,,
TSK-001402,ASG-001910,2026년 상시,2027-04-11,이행대기,,,
TSK-001403,ASG-001911,2026년 상시,2027-04-18,점검완료,2027-04-15,SD03-1,
TSK-001404,ASG-001912,2026년 상시,2027-04-25,조치필요,2027-04-22,SD03-1,
TSK-001405,ASG-001913,2026년 상시,2027-05-02,기간초과,,,
TSK-001406,ASG-001914,2026년 수시,2026-11-21,이행완료,2026-11-18,SD03-1,
TSK-001407,ASG-001915,2026년 수시,2026-11-28,이행대기,,,
TSK-001408,ASG-001916,2026년 수시,2026-12-05,이행완료,2026-12-02,SD03-1,
TSK-001409,ASG-001917,2026년 수시,2026-12-12,이행대기,,,
TSK-001410,ASG-001918,2026년 반기 1회,2026-12-19,이행대기,,,
TSK-001411,ASG-001919,2026년 반기 1회,2026-12-26,점검완료,2026-12-23,SD03-1,
TSK-001412,ASG-001920,2026년 반기 1회,2027-01-02,조치필요,2026-12-30,SD03-1,
TSK-001413,ASG-001921,2026년 반기 1회,2027-01-09,기간초과,,,
TSK-001414,ASG-001922,2026년 반기 1회,2027-01-16,이행완료,2027-01-13,SD03-1,
TSK-001415,ASG-001923,2026년 반기 1회,2026-07-27,기간초과,,,
TSK-001416,ASG-001924,2026년 반기 1회,2026-08-03,이행완료,2026-07-31,SD03-1,
TSK-001417,ASG-001925,2026년 반기 1회,2026-08-10,기간초과,,,
TSK-001418,ASG-001926,2026년 반기 1회,2026-08-17,기간초과,,,
TSK-001419,ASG-001927,2026년 반기 1회,2026-08-24,점검완료,2026-08-21,SD03-1,
TSK-001420,ASG-001928,2026년 반기 1회,2026-08-31,조치필요,2026-08-28,SD03-1,
TSK-001421,ASG-001929,2026년 반기 1회,2026-09-07,기간초과,,,
TSK-001422,ASG-001930,2026년 반기 1회,2026-09-14,이행완료,2026-09-11,SD03-1,
TSK-001423,ASG-001931,2026년 반기 1회,2026-09-21,이행대기,,,
TSK-001424,ASG-001932,2026년 반기 1회,2026-09-28,이행완료,2026-09-25,SD03-1,
TSK-001425,ASG-001933,2026년 반기 1회,2026-10-05,이행대기,,,
TSK-001426,ASG-001934,2026년 반기 1회,2026-10-12,이행대기,,,
TSK-001427,ASG-001935,2026년 반기 1회,2026-10-19,점검완료,2026-10-16,SD03-1,
TSK-001428,ASG-001936,2026년 반기 1회,2026-10-26,조치필요,2026-10-23,SD03-1,
TSK-001429,ASG-001937,2026년 반기 1회,2026-11-02,기간초과,,,
TSK-001430,ASG-001938,2026년 반기 1회,2026-11-09,이행완료,2026-11-06,SD03-1,
TSK-001431,ASG-001939,2026년 반기 1회,2026-11-16,이행대기,,,
TSK-001432,ASG-001940,2026년 반기 1회,2026-11-23,이행완료,2026-11-20,SD03-1,
TSK-001433,ASG-001941,2026년 반기 1회,2026-11-30,이행대기,,,
TSK-001434,ASG-001942,2026년 반기 1회,2026-12-07,이행대기,,,
TSK-001435,ASG-001943,2026년 반기 1회,2026-12-14,점검완료,2026-12-11,SD03-1,
TSK-001436,ASG-001944,2026년 반기 1회,2026-12-21,조치필요,2026-12-18,SD03-1,
TSK-001437,ASG-001945,2026년 반기 1회,2026-12-28,기간초과,,,
TSK-001438,ASG-001952,2026년 상시,2026-12-19,이행완료,2026-12-16,SD04-1,
TSK-001439,ASG-001953,2026년 상시,2026-12-26,이행대기,,,
TSK-001440,ASG-001954,2026년 상시,2027-01-02,이행완료,2026-12-30,SD04-1,
TSK-001441,ASG-001955,2026년 상시,2027-01-09,이행대기,,,
TSK-001442,ASG-001956,2026년 반기 1회,2026-08-05,기간초과,,,
TSK-001443,ASG-001957,2026년 반기 1회,2026-08-12,점검완료,2026-08-09,SD04-1,
TSK-001444,ASG-001958,2026년 반기 1회,2026-08-19,조치필요,2026-08-16,SD04-1,
TSK-001445,ASG-001959,2026년 반기 1회,2026-08-26,기간초과,,,
TSK-001446,ASG-001960,2026년 연1회,2027-02-13,이행완료,2027-02-10,SD04-1,
TSK-001447,ASG-001961,2026년 연1회,2027-02-20,이행대기,,,
TSK-001448,ASG-001962,2026년 연1회,2027-02-27,이행완료,2027-02-24,SD04-1,
TSK-001449,ASG-001963,2026년 연1회,2027-03-06,이행대기,,,
TSK-001450,ASG-001970,2026년 상시,2027-03-13,이행대기,,,
TSK-001451,ASG-001971,2026년 상시,2027-03-20,점검완료,2027-03-17,SD02-1,
TSK-001452,ASG-001972,2026년 상시,2027-03-27,조치필요,2027-03-24,SD02-1,
TSK-001453,ASG-001973,2026년 상시,2027-04-03,기간초과,,,
TSK-001454,ASG-001974,2026년 상시,2027-04-10,이행완료,2027-04-07,SD02-1,
TSK-001455,ASG-001975,2026년 상시,2027-04-17,이행대기,,,
TSK-001456,ASG-001976,2026년 상시,2027-04-24,이행완료,2027-04-21,SD02-1,
TSK-001457,ASG-001977,2026년 상시,2027-05-01,이행대기,,,
TSK-001458,ASG-001978,2026년 상시,2027-05-08,이행대기,,,
TSK-001459,ASG-001979,2026년 상시,2027-05-15,점검완료,2027-05-12,SD02-1,
TSK-001460,ASG-001980,2026년 상시,2026-05-22,조치필요,2026-05-19,SD02-1,
TSK-001461,ASG-001981,2026년 상시,2026-05-29,기간초과,,,
TSK-001462,ASG-001982,2026년 수시,2026-12-23,이행완료,2026-12-20,SD05-1,
TSK-001463,ASG-001983,2026년 수시,2026-12-30,이행대기,,,
TSK-001464,ASG-001984,2026년 수시,2027-01-06,이행완료,2027-01-03,SD02-1,
TSK-001465,ASG-001985,2026년 수시,2027-01-13,이행대기,,,
TSK-001466,ASG-001986,2026년 수시,2026-07-24,기간초과,,,
TSK-001467,ASG-002005,2026년 반기 1회,2026-07-31,점검완료,2026-07-28,SD13-1,
TSK-001468,ASG-002006,2026년 반기 1회,2026-08-07,조치필요,2026-08-04,SD13-1,
TSK-001469,ASG-002007,2026년 반기 1회,2026-08-14,기간초과,,,
TSK-001470,ASG-002008,2026년 반기 1회,2026-08-21,이행완료,2026-08-18,SD13-1,
TSK-001471,ASG-002009,2026년 수시,2026-08-28,기간초과,,,
TSK-001472,ASG-002010,2026년 수시,2026-09-04,이행완료,2026-09-01,SD13-1,
TSK-001473,ASG-002011,2026년 수시,2026-09-11,기간초과,,,
TSK-001474,ASG-002012,2026년 수시,2026-09-18,기간초과,,,
TSK-001475,ASG-002013,2026년 수시,2026-09-25,점검완료,2026-09-22,SD13-1,
TSK-001476,ASG-002014,2026년 수시,2026-10-02,조치필요,2026-09-29,SD13-1,
TSK-001477,ASG-002015,2026년 수시,2026-10-09,기간초과,,,
TSK-001478,ASG-002016,2026년 수시,2026-10-16,이행완료,2026-10-13,SD13-1,
TSK-001479,ASG-002022,2026년 수시,2026-10-23,이행대기,,,
TSK-001480,ASG-002023,2026년 수시,2026-10-30,이행완료,2026-10-27,SD13-1,
TSK-001481,ASG-002024,2026년 수시,2026-11-06,이행대기,,,
TSK-001482,ASG-002025,2026년 수시,2026-11-13,이행대기,,,
TSK-001483,ASG-002026,2026년 수시,2026-11-20,점검완료,2026-11-17,SD13-1,
TSK-001484,ASG-002027,2026년 수시,2026-11-27,조치필요,2026-11-24,SD13-1,
TSK-001485,ASG-002028,2026년 수시,2026-12-04,기간초과,,,
TSK-001486,ASG-002029,2026년 수시,2026-12-11,이행완료,2026-12-08,SD13-1,
TSK-001487,ASG-002030,2026년 수시,2026-12-18,이행대기,,,
TSK-001488,ASG-002031,2026년 수시,2026-12-25,이행완료,2026-12-22,SD13-1,
TSK-001489,ASG-002032,2026년 수시,2027-01-01,이행대기,,,
TSK-001490,ASG-002033,2026년 수시,2027-01-08,이행대기,,,
TSK-001491,ASG-002034,2026년 수시,2027-01-15,점검완료,2027-01-12,SD13-1,
TSK-001492,ASG-002035,2026년 수시,2026-07-26,조치필요,2026-07-23,SD13-1,
TSK-001493,ASG-002036,2026년 수시,2026-08-02,기간초과,,,
TSK-001494,ASG-002037,2026년 수시,2026-08-09,이행완료,2026-08-06,SD13-1,
TSK-001495,ASG-002038,2026년 수시,2026-08-16,기간초과,,,
TSK-001496,ASG-002039,2026년 수시,2026-08-23,이행완료,2026-08-20,SD13-1,
TSK-001497,ASG-002040,2026년 수시,2026-08-30,기간초과,,,
TSK-001498,ASG-002041,2026년 수시,2026-09-06,기간초과,,,
TSK-001499,ASG-002042,2026년 수시,2026-09-13,점검완료,2026-09-10,SD13-1,
TSK-001500,ASG-002043,2026년 수시,2026-09-20,조치필요,2026-09-17,SD13-1,
TSK-001501,ASG-002044,2026년 수시,2026-09-27,기간초과,,,
TSK-001502,ASG-002045,2026년 수시,2026-10-04,이행완료,2026-10-01,SD13-1,
TSK-001503,ASG-002046,2026년 수시,2026-10-11,이행대기,,,
TSK-001504,ASG-002047,2026년 수시,2026-10-18,이행완료,2026-10-15,SD13-1,
TSK-001505,ASG-002048,2026년 수시,2026-10-25,이행대기,,,
TSK-001506,ASG-002049,2026년 수시,2026-11-01,이행대기,,,
TSK-001507,ASG-002050,2026년 수시,2026-11-08,점검완료,2026-11-05,SD13-1,
TSK-001508,ASG-002051,2026년 수시,2026-11-15,조치필요,2026-11-12,SD13-1,
TSK-001509,ASG-002052,2026년 수시,2026-11-22,기간초과,,,
TSK-001510,ASG-002053,2026년 연1회,2027-05-07,이행완료,2027-05-04,SD13-1,
TSK-001511,ASG-002054,2026년 연1회,2027-05-14,이행대기,,,
TSK-001512,ASG-002055,2026년 수시,2026-12-13,이행완료,2026-12-10,SD13-1,
TSK-001513,ASG-002056,2026년 수시,2026-12-20,이행대기,,,
TSK-001514,ASG-002057,2026년 반기 1회,2026-12-27,이행대기,,,
TSK-001515,ASG-002058,2026년 수시,2027-01-03,점검완료,2026-12-31,SD13-1,
TSK-001516,ASG-002059,2026년 반기 1회,2027-01-10,조치필요,2027-01-07,SD13-1,
TSK-001517,ASG-002060,2026년 수시,2027-01-17,기간초과,,,
TSK-001518,ASG-002170,2026년 반기 1회,2026-07-28,이행완료,2026-07-25,SD05-1,
TSK-001519,ASG-002171,2026년 상시,2026-07-09,기간초과,,,
TSK-001520,ASG-002172,2026년 연1회,2026-07-16,이행완료,2026-07-13,SD13-1,
TSK-001521,ASG-002173,2026년 연1회,2026-07-23,기간초과,,,
TSK-001522,ASG-002174,2026년 연1회,2026-07-30,기간초과,,,
TSK-001523,ASG-002175,2026년 연1회,2026-08-06,점검완료,2026-08-03,SD13-1,
TSK-001524,ASG-002182,2026년 연1회,2026-08-13,조치필요,2026-08-10,SD04-1,
TSK-001525,ASG-002183,2026년 연1회,2026-08-20,기간초과,,,
TSK-001526,ASG-002184,2026년 연1회,2026-08-27,이행완료,2026-08-24,SD04-1,
TSK-001527,ASG-002185,2026년 연1회,2026-09-03,기간초과,,,
TSK-001528,ASG-002193,2026년 상시,2026-09-10,이행완료,2026-09-07,SD13-1,
TSK-001529,ASG-002194,2026년 상시,2026-09-17,기간초과,,,
TSK-001530,ASG-002195,2026년 상시,2026-09-24,이행대기,,,
TSK-001531,ASG-002196,2026년 상시,2026-10-01,점검완료,2026-09-28,SD13-1,
TSK-001532,ASG-002200,2026년 연1회,2026-10-08,조치필요,2026-10-05,SD13-1,
TSK-001533,ASG-002201,2026년 연1회,2026-10-15,기간초과,,,
TSK-001534,ASG-002202,2026년 연1회,2026-10-22,이행완료,2026-10-19,SD13-1,
TSK-001535,ASG-002203,2026년 연1회,2026-10-29,이행대기,,,
TSK-001536,ASG-002204,2026년 연1회,2026-11-05,이행완료,2026-11-02,SD13-1,
TSK-001537,ASG-002205,2026년 연1회,2026-11-12,이행대기,,,
TSK-001538,ASG-002206,2026년 연1회,2026-11-19,이행대기,,,
TSK-001539,ASG-002207,2026년 연1회,2026-11-26,점검완료,2026-11-23,SD13-1,
TSK-001540,ASG-002212,2026년 반기 1회,2026-12-29,조치필요,2026-12-26,SD13-1,
TSK-001541,ASG-002213,2026년 반기 1회,2027-01-05,기간초과,,,
TSK-001542,ASG-002214,2026년 반기 1회,2027-01-12,이행완료,2027-01-09,SD13-1,
TSK-001543,ASG-002215,2026년 반기 1회,2026-07-23,기간초과,,,
TSK-001544,ASG-002216,2026년 반기 1회,2026-07-30,이행완료,2026-07-27,SD13-1,
TSK-001545,ASG-002217,2026년 반기 1회,2026-08-06,기간초과,,,
TSK-001546,ASG-002218,2026년 반기 1회,2026-08-13,기간초과,,,
TSK-001547,ASG-002219,2026년 반기 1회,2026-08-20,점검완료,2026-08-17,SD13-1,
TSK-001548,ASG-002220,2026년 상시,2027-01-28,조치필요,2027-01-25,SD13-1,
TSK-001549,ASG-002221,2026년 상시,2027-02-04,기간초과,,,
TSK-001550,ASG-002222,2026년 상시,2027-02-11,이행완료,2027-02-08,SD13-1,
TSK-001551,ASG-002223,2026년 상시,2027-02-18,이행대기,,,
TSK-001552,ASG-002224,2026년 반기 1회,2026-09-24,이행완료,2026-09-21,SD13-1,
TSK-001553,ASG-002225,2026년 반기 1회,2026-10-01,이행대기,,,
TSK-001554,ASG-002226,2026년 반기 1회,2026-10-08,이행대기,,,
TSK-001555,ASG-002227,2026년 반기 1회,2026-10-15,점검완료,2026-10-12,SD13-1,
TSK-001556,ASG-002228,2026년 반기 1회,2026-10-22,조치필요,2026-10-19,SD13-1,
TSK-001557,ASG-002229,2026년 반기 1회,2026-10-29,기간초과,,,
TSK-001558,ASG-002230,2026년 반기 1회,2026-11-05,이행완료,2026-11-02,SD13-1,
TSK-001559,ASG-002231,2026년 반기 1회,2026-11-12,이행대기,,,
TSK-001560,ASG-002232,2026년 반기 1회,2026-11-19,이행완료,2026-11-16,SD09-1,
TSK-001561,ASG-002233,2026년 반기 1회,2026-11-26,이행대기,,,
TSK-001562,ASG-002234,2026년 반기 1회,2026-12-03,이행대기,,,
TSK-001563,ASG-002246,2026년 상시,2027-05-13,점검완료,2027-05-10,SD09-1,
TSK-001564,ASG-002247,2026년 상시,2027-05-20,조치필요,2027-05-17,SD09-1,
TSK-001565,ASG-002248,2026년 상시,2026-05-27,기간초과,,,
TSK-001566,ASG-002249,2026년 상시,2026-06-03,이행완료,2026-05-31,SD09-1,
TSK-001567,ASG-002250,2026년 상시,2026-06-10,기간초과,,,
TSK-001568,ASG-002251,2026년 상시,2026-06-17,이행완료,2026-06-14,SD09-1,
TSK-001569,ASG-002252,2026년 상시,2026-06-24,기간초과,,,
TSK-001570,ASG-002253,2026년 상시,2026-07-01,기간초과,,,
TSK-001571,ASG-002254,2026년 상시,2026-07-08,점검완료,2026-07-05,SD09-1,
TSK-001572,ASG-002255,2026년 상시,2026-07-15,조치필요,2026-07-12,SD09-1,
TSK-001573,ASG-002256,2026년 상시,2026-07-22,기간초과,,,
TSK-001574,ASG-002257,2026년 상시,2026-07-29,이행완료,2026-07-26,SD09-1,
TSK-001575,ASG-002258,2026년 상시,2026-08-05,기간초과,,,
TSK-001576,ASG-002259,2026년 반기 1회,2026-09-12,이행완료,2026-09-09,SD13-1,
TSK-001577,ASG-002260,2026년 상시,2026-08-19,기간초과,,,
TSK-001578,ASG-002271,2026년 반기 1회,2026-09-26,이행대기,,,
TSK-001579,ASG-002272,2026년 반기 1회,2026-10-03,점검완료,2026-09-30,SD03-1,
TSK-001580,ASG-002273,2026년 반기 1회,2026-10-10,조치필요,2026-10-07,SD03-1,
TSK-001581,ASG-002274,2026년 반기 1회,2026-10-17,기간초과,,,
TSK-001582,ASG-002275,2026년 반기 1회,2026-10-24,이행완료,2026-10-21,SD03-1,
TSK-001583,ASG-002276,2026년 반기 1회,2026-10-31,이행대기,,,
TSK-001584,ASG-002277,2026년 반기 1회,2026-11-07,이행완료,2026-11-04,SD03-1,
TSK-001585,ASG-002278,2026년 반기 1회,2026-11-14,이행대기,,,
TSK-001586,ASG-002279,2026년 반기 1회,2026-11-21,이행대기,,,
TSK-001587,ASG-002280,2026년 반기 1회,2026-11-28,점검완료,2026-11-25,SD03-1,
TSK-001588,ASG-002281,2026년 반기 1회,2026-12-05,조치필요,2026-12-02,SD03-1,
TSK-001589,ASG-002282,2026년 반기 1회,2026-12-12,기간초과,,,
TSK-001590,ASG-002283,2026년 반기 1회,2026-12-19,이행완료,2026-12-16,SD03-1,
TSK-001591,ASG-002284,2026년 반기 1회,2026-12-26,이행대기,,,
TSK-001592,ASG-002285,2026년 반기 1회,2027-01-02,이행완료,2026-12-30,SD03-1,
TSK-001593,ASG-002286,2026년 반기 1회,2027-01-09,이행대기,,,
TSK-001594,ASG-002287,2026년 반기 1회,2027-01-16,이행대기,,,
TSK-001595,ASG-002288,2026년 반기 1회,2026-07-27,점검완료,2026-07-24,SD03-1,
TSK-001596,ASG-002289,2026년 반기 1회,2026-08-03,조치필요,2026-07-31,SD03-1,
TSK-001597,ASG-002290,2026년 반기 1회,2026-08-10,기간초과,,,
TSK-001598,ASG-002291,2026년 반기 1회,2026-08-17,이행완료,2026-08-14,SD09-1,
TSK-001599,ASG-002293,2026년 상시,2027-01-20,이행대기,,,
TSK-001600,ASG-002294,2026년 상시,2027-01-27,이행완료,2027-01-24,SD03-1,
TSK-001601,ASG-002295,2026년 상시,2027-02-03,이행대기,,,
TSK-001602,ASG-002296,2026년 상시,2027-02-10,이행대기,,,
TSK-001603,ASG-002297,2026년 상시,2027-02-17,점검완료,2027-02-14,SD03-1,
TSK-001604,ASG-002298,2026년 상시,2027-02-24,조치필요,2027-02-21,SD03-1,
TSK-001605,ASG-002299,2026년 상시,2027-03-03,기간초과,,,
TSK-001606,ASG-002300,2026년 상시,2027-03-10,이행완료,2027-03-07,SD03-1,
TSK-001607,ASG-002301,2026년 상시,2027-03-17,이행대기,,,
TSK-001608,ASG-002302,2026년 상시,2027-03-24,이행완료,2027-03-21,SD03-1,
TSK-001609,ASG-002303,2026년 상시,2027-03-31,이행대기,,,
TSK-001610,ASG-002304,2026년 상시,2027-04-07,이행대기,,,
TSK-001611,ASG-002305,2026년 상시,2027-04-14,점검완료,2027-04-11,SD03-1,
TSK-001612,ASG-002306,2026년 상시,2027-04-21,조치필요,2027-04-18,SD03-1,
TSK-001613,ASG-002307,2026년 상시,2027-04-28,기간초과,,,
TSK-001614,ASG-002308,2026년 상시,2027-05-05,이행완료,2027-05-02,SD03-1,
TSK-001615,ASG-002309,2026년 상시,2027-05-12,이행대기,,,
TSK-001616,ASG-002310,2026년 상시,2027-05-19,이행완료,2027-05-16,SD03-1,
TSK-001617,ASG-002311,2026년 상시,2026-05-26,기간초과,,,
TSK-001618,ASG-002312,2026년 상시,2026-06-02,기간초과,,,
TSK-001619,ASG-002313,2026년 상시,2026-06-09,점검완료,2026-06-06,SD05-1,
TSK-001620,ASG-002314,2026년 상시,2026-06-16,조치필요,2026-06-13,SD03-1,
TSK-001621,ASG-002315,2026년 상시,2026-06-23,기간초과,,,
TSK-001622,ASG-002316,2026년 상시,2026-06-30,이행완료,2026-06-27,SD03-1,
TSK-001623,ASG-002317,2026년 상시,2026-07-07,기간초과,,,
TSK-001624,ASG-002318,2026년 상시,2026-07-14,이행완료,2026-07-11,SD03-1,
TSK-001625,ASG-002319,2026년 상시,2026-07-21,기간초과,,,
TSK-001626,ASG-002320,2026년 상시,2026-07-28,기간초과,,,
TSK-001627,ASG-002321,2026년 상시,2026-08-04,점검완료,2026-08-01,SD03-1,
TSK-001628,ASG-002322,2026년 상시,2026-08-11,조치필요,2026-08-08,SD03-1,
TSK-001629,ASG-002323,2026년 상시,2026-08-18,기간초과,,,
TSK-001630,ASG-002324,2026년 상시,2026-08-25,이행완료,2026-08-22,SD03-1,
TSK-001631,ASG-002325,2026년 상시,2026-09-01,기간초과,,,
TSK-001632,ASG-002326,2026년 상시,2026-09-08,이행완료,2026-09-05,SD03-1,
TSK-001633,ASG-002327,2026년 상시,2026-09-15,기간초과,,,
TSK-001634,ASG-002328,2026년 상시,2026-09-22,이행대기,,,
TSK-001635,ASG-002329,2026년 상시,2026-09-29,점검완료,2026-09-26,SD03-1,
TSK-001636,ASG-002330,2026년 상시,2026-10-06,조치필요,2026-10-03,SD03-1,
TSK-001637,ASG-002331,2026년 상시,2026-10-13,기간초과,,,
TSK-001638,ASG-002332,2026년 상시,2026-10-20,이행완료,2026-10-17,SD03-1,
TSK-001639,ASG-002333,2026년 상시,2026-10-27,이행대기,,,
TSK-001640,ASG-002334,2026년 상시,2026-11-03,이행완료,2026-10-31,SD03-1,
TSK-001641,ASG-002335,2026년 상시,2026-11-10,이행대기,,,
TSK-001642,ASG-002336,2026년 상시,2026-11-17,이행대기,,,
TSK-001643,ASG-002337,2026년 상시,2026-11-24,점검완료,2026-11-21,SD03-1,
TSK-001644,ASG-002338,2026년 상시,2026-12-01,조치필요,2026-11-28,SD03-1,
TSK-001645,ASG-002339,2026년 상시,2026-12-08,기간초과,,,
TSK-001646,ASG-002340,2026년 상시,2026-12-15,이행완료,2026-12-12,SD03-1,
TSK-001647,ASG-002341,2026년 상시,2026-12-22,이행대기,,,
TSK-001648,ASG-002342,2026년 상시,2026-12-29,이행완료,2026-12-26,SD03-1,
TSK-001649,ASG-002343,2026년 상시,2027-01-05,이행대기,,,
TSK-001650,ASG-002344,2026년 상시,2027-01-12,이행대기,,,
TSK-001651,ASG-002345,2026년 상시,2027-01-19,점검완료,2027-01-16,SD03-1,
TSK-001652,ASG-002346,2026년 상시,2027-01-26,조치필요,2027-01-23,SD03-1,
TSK-001653,ASG-002347,2026년 상시,2027-02-02,기간초과,,,
TSK-001654,ASG-002348,2026년 상시,2027-02-09,이행완료,2027-02-06,SD03-1,
TSK-001655,ASG-002349,2026년 상시,2027-02-16,이행대기,,,
TSK-001656,ASG-002350,2026년 상시,2027-02-23,이행완료,2027-02-20,SD03-1,
TSK-001657,ASG-002351,2026년 상시,2027-03-02,이행대기,,,
TSK-001658,ASG-002352,2026년 상시,2027-03-09,이행대기,,,
TSK-001659,ASG-002353,2026년 상시,2027-03-16,점검완료,2027-03-13,SD03-1,
TSK-001660,ASG-002354,2026년 반기 1회,2026-10-30,조치필요,2026-10-27,SD03-1,
TSK-001661,ASG-002355,2026년 반기 1회,2026-11-06,기간초과,,,
TSK-001662,ASG-002356,2026년 반기 1회,2026-11-13,이행완료,2026-11-10,SD03-1,
TSK-001663,ASG-002357,2026년 반기 1회,2026-11-20,이행대기,,,
TSK-001664,ASG-002358,2026년 반기 1회,2026-11-27,이행완료,2026-11-24,SD03-1,
TSK-001665,ASG-002359,2026년 반기 1회,2026-12-04,이행대기,,,
TSK-001666,ASG-002360,2026년 반기 1회,2026-12-11,이행대기,,,
TSK-001667,ASG-002361,2026년 반기 1회,2026-12-18,점검완료,2026-12-15,SD03-1,
TSK-001668,ASG-002362,2026년 반기 1회,2026-12-25,조치필요,2026-12-22,SD03-1,
TSK-001669,ASG-002363,2026년 반기 1회,2027-01-01,기간초과,,,
TSK-001670,ASG-002364,2026년 반기 1회,2027-01-08,이행완료,2027-01-05,SD03-1,
TSK-001671,ASG-002365,2026년 반기 1회,2027-01-15,이행대기,,,
TSK-001672,ASG-002366,2026년 상시,2026-06-15,이행완료,2026-06-12,SD03-1,
TSK-001673,ASG-002367,2026년 상시,2026-06-22,기간초과,,,
TSK-001674,ASG-002368,2026년 상시,2026-06-29,기간초과,,,
TSK-001675,ASG-002369,2026년 상시,2026-07-06,점검완료,2026-07-03,SD03-1,
TSK-001676,ASG-002370,2026년 반기 1회,2026-08-23,조치필요,2026-08-20,SD03-1,
TSK-001677,ASG-002371,2026년 반기 1회,2026-08-30,기간초과,,,
TSK-001678,ASG-002372,2026년 반기 1회,2026-09-06,이행완료,2026-09-03,SD03-1,
TSK-001679,ASG-002373,2026년 반기 1회,2026-09-13,기간초과,,,
TSK-001680,ASG-002374,2026년 반기 1회,2026-09-20,이행완료,2026-09-17,SD03-1,
TSK-001681,ASG-002375,2026년 반기 1회,2026-09-27,이행대기,,,
TSK-001682,ASG-002376,2026년 반기 1회,2026-10-04,이행대기,,,
TSK-001683,ASG-002377,2026년 반기 1회,2026-10-11,점검완료,2026-10-08,SD03-1,
TSK-001684,ASG-002378,2026년 반기 1회,2026-10-18,조치필요,2026-10-15,SD03-1,
TSK-001685,ASG-002379,2026년 반기 1회,2026-10-25,기간초과,,,
TSK-001686,ASG-002380,2026년 반기 1회,2026-11-01,이행완료,2026-10-29,SD03-1,
TSK-001687,ASG-002381,2026년 반기 1회,2026-11-08,이행대기,,,
TSK-001688,ASG-002382,2026년 상시,2026-10-05,이행완료,2026-10-02,SD03-1,
TSK-001689,ASG-002383,2026년 상시,2026-10-12,이행대기,,,
TSK-001690,ASG-002384,2026년 상시,2026-10-19,이행대기,,,
TSK-001691,ASG-002385,2026년 상시,2026-10-26,점검완료,2026-10-23,SD03-1,
TSK-001692,ASG-002386,2026년 상시,2026-11-02,조치필요,2026-10-30,SD03-1,
TSK-001693,ASG-002387,2026년 상시,2026-11-09,기간초과,,,
TSK-001694,ASG-002388,2026년 상시,2026-11-16,이행완료,2026-11-13,SD03-1,
TSK-001695,ASG-002389,2026년 상시,2026-11-23,이행대기,,,
TSK-001696,ASG-002390,2026년 반기 1회,2027-01-10,이행완료,2027-01-07,SD03-1,
TSK-001697,ASG-002391,2026년 반기 1회,2027-01-17,이행대기,,,
TSK-001698,ASG-002392,2026년 반기 1회,2026-07-28,기간초과,,,
TSK-001699,ASG-002393,2026년 반기 1회,2026-08-04,점검완료,2026-08-01,SD03-1,
TSK-001700,ASG-002394,2026년 반기 1회,2026-08-11,조치필요,2026-08-08,SD03-1,
TSK-001701,ASG-002395,2026년 반기 1회,2026-08-18,기간초과,,,
TSK-001702,ASG-002396,2026년 반기 1회,2026-08-25,이행완료,2026-08-22,SD03-1,
TSK-001703,ASG-002397,2026년 반기 1회,2026-09-01,기간초과,,,
TSK-001704,ASG-002398,2026년 반기 1회,2026-09-08,이행완료,2026-09-05,SD03-1,
TSK-001705,ASG-002399,2026년 반기 1회,2026-09-15,기간초과,,,
TSK-001706,ASG-002400,2026년 반기 1회,2026-09-22,이행대기,,,
TSK-001707,ASG-002401,2026년 반기 1회,2026-09-29,점검완료,2026-09-26,SD03-1,
TSK-001708,ASG-002402,2026년 반기 1회,2026-10-06,조치필요,2026-10-03,SD03-1,
TSK-001709,ASG-002403,2026년 반기 1회,2026-10-13,기간초과,,,
TSK-001710,ASG-002404,2026년 반기 1회,2026-10-20,이행완료,2026-10-17,SD03-1,
TSK-001711,ASG-002405,2026년 반기 1회,2026-10-27,이행대기,,,
TSK-001712,ASG-002406,2026년 반기 1회,2026-11-03,이행완료,2026-10-31,SD03-1,
TSK-001713,ASG-002407,2026년 반기 1회,2026-11-10,이행대기,,,
TSK-001714,ASG-002408,2026년 반기 1회,2026-11-17,이행대기,,,
TSK-001715,ASG-002409,2026년 반기 1회,2026-11-24,점검완료,2026-11-21,SD03-1,
TSK-001716,ASG-002410,2026년 반기 1회,2026-12-01,조치필요,2026-11-28,SD03-1,
TSK-001717,ASG-002411,2026년 반기 1회,2026-12-08,기간초과,,,
TSK-001718,ASG-002412,2026년 반기 1회,2026-12-15,이행완료,2026-12-12,SD03-1,
TSK-001719,ASG-002413,2026년 반기 1회,2026-12-22,이행대기,,,
TSK-001720,ASG-002414,2026년 상시,2027-05-17,이행완료,2027-05-14,SD03-1,
TSK-001721,ASG-002415,2026년 상시,2026-05-24,기간초과,,,
TSK-001722,ASG-002416,2026년 상시,2026-05-31,기간초과,,,
TSK-001723,ASG-002417,2026년 상시,2026-06-07,점검완료,2026-06-04,SD03-1,
TSK-001724,ASG-002418,2026년 상시,2026-06-14,조치필요,2026-06-11,SD03-1,
TSK-001725,ASG-002419,2026년 상시,2026-06-21,기간초과,,,
TSK-001726,ASG-002420,2026년 상시,2026-06-28,이행완료,2026-06-25,SD03-1,
TSK-001727,ASG-002421,2026년 상시,2026-07-05,기간초과,,,
TSK-001728,ASG-002422,2026년 상시,2026-07-12,이행완료,2026-07-09,SD03-1,
TSK-001729,ASG-002423,2026년 상시,2026-07-19,기간초과,,,
TSK-001730,ASG-002424,2026년 상시,2026-07-26,기간초과,,,
TSK-001731,ASG-002425,2026년 상시,2026-08-02,점검완료,2026-07-30,SD03-1,
TSK-001732,ASG-002426,2026년 상시,2026-08-09,조치필요,2026-08-06,SD04-1,
TSK-001733,ASG-002427,2026년 상시,2026-08-16,기간초과,,,
TSK-001734,ASG-002428,2026년 상시,2026-08-23,이행완료,2026-08-20,SD04-1,
TSK-001735,ASG-002429,2026년 상시,2026-08-30,기간초과,,,
TSK-001736,ASG-002430,2026년 상시,2026-09-06,이행완료,2026-09-03,SD05-1,
TSK-001737,ASG-002431,2026년 상시,2026-09-13,기간초과,,,
TSK-001738,ASG-002432,2026년 상시,2026-09-20,이행대기,,,
TSK-001739,ASG-002433,2026년 상시,2026-09-27,점검완료,2026-09-24,SD03-1,
TSK-001740,ASG-002434,2026년 상시,2026-10-04,조치필요,2026-10-01,SD03-1,
TSK-001741,ASG-002435,2026년 상시,2026-10-11,기간초과,,,
TSK-001742,ASG-002436,2026년 상시,2026-10-18,이행완료,2026-10-15,SD03-1,
TSK-001743,ASG-002437,2026년 상시,2026-10-25,이행대기,,,
TSK-001744,ASG-002438,2026년 상시,2026-11-01,이행완료,2026-10-29,SD03-1,
TSK-001745,ASG-002439,2026년 상시,2026-11-08,이행대기,,,
TSK-001746,ASG-002440,2026년 상시,2026-11-15,이행대기,,,
TSK-001747,ASG-002441,2026년 상시,2026-11-22,점검완료,2026-11-19,SD03-1,
TSK-001748,ASG-002442,2026년 상시,2026-11-29,조치필요,2026-11-26,SD03-1,
TSK-001749,ASG-002443,2026년 상시,2026-12-06,기간초과,,,
TSK-001750,ASG-002444,2026년 상시,2026-12-13,이행완료,2026-12-10,SD03-1,
TSK-001751,ASG-002445,2026년 상시,2026-12-20,이행대기,,,
TSK-001752,ASG-002446,2026년 상시,2026-12-27,이행완료,2026-12-24,SD03-1,
TSK-001753,ASG-002447,2026년 수시,2026-08-22,기간초과,,,
TSK-001754,ASG-002448,2026년 수시,2026-08-29,기간초과,,,
TSK-001755,ASG-002449,2026년 수시,2026-09-05,점검완료,2026-09-02,SD03-1,
TSK-001756,ASG-002450,2026년 수시,2026-09-12,조치필요,2026-09-09,SD03-1,
TSK-001757,ASG-002451,2026년 수시,2026-09-19,기간초과,,,
TSK-001758,ASG-002452,2026년 수시,2026-09-26,이행완료,2026-09-23,SD03-1,
TSK-001759,ASG-002453,2026년 수시,2026-10-03,이행대기,,,
TSK-001760,ASG-002454,2026년 수시,2026-10-10,이행완료,2026-10-07,SD03-1,
TSK-001761,ASG-002455,2026년 반기 1회,2026-10-17,이행대기,,,
TSK-001762,ASG-002456,2026년 반기 1회,2026-10-24,이행대기,,,
TSK-001763,ASG-002457,2026년 반기 1회,2026-10-31,점검완료,2026-10-28,SD03-1,
TSK-001764,ASG-002458,2026년 반기 1회,2026-11-07,조치필요,2026-11-04,SD03-1,
TSK-001765,ASG-002459,2026년 반기 1회,2026-11-14,기간초과,,,
TSK-001766,ASG-002460,2026년 반기 1회,2026-11-21,이행완료,2026-11-18,SD03-1,
TSK-001767,ASG-002461,2026년 반기 1회,2026-11-28,이행대기,,,
TSK-001768,ASG-002462,2026년 반기 1회,2026-12-05,이행완료,2026-12-02,SD03-1,
TSK-001769,ASG-002463,2026년 반기 1회,2026-12-12,이행대기,,,
TSK-001770,ASG-002464,2026년 반기 1회,2026-12-19,이행대기,,,
TSK-001771,ASG-002465,2026년 반기 1회,2026-12-26,점검완료,2026-12-23,SD03-1,
TSK-001772,ASG-002466,2026년 반기 1회,2027-01-02,조치필요,2026-12-30,SD03-1,
TSK-001773,ASG-002467,2026년 반기 1회,2027-01-09,기간초과,,,
TSK-001774,ASG-002468,2026년 반기 1회,2027-01-16,이행완료,2027-01-13,SD03-1,
TSK-001775,ASG-002469,2026년 반기 1회,2026-07-27,기간초과,,,
TSK-001776,ASG-002470,2026년 반기 1회,2026-08-03,이행완료,2026-07-31,SD03-1,
TSK-001777,ASG-002471,2026년 반기 1회,2026-08-10,기간초과,,,
TSK-001778,ASG-002472,2026년 반기 1회,2026-08-17,기간초과,,,
TSK-001779,ASG-002473,2026년 반기 1회,2026-08-24,점검완료,2026-08-21,SD03-1,
TSK-001780,ASG-002474,2026년 반기 1회,2026-08-31,조치필요,2026-08-28,SD03-1,
TSK-001781,ASG-002475,2026년 반기 1회,2026-09-07,기간초과,,,
TSK-001782,ASG-002476,2026년 반기 1회,2026-09-14,이행완료,2026-09-11,SD03-1,
TSK-001783,ASG-002477,2026년 반기 1회,2026-09-21,이행대기,,,
TSK-001784,ASG-002478,2026년 반기 1회,2026-09-28,이행완료,2026-09-25,SD03-1,
TSK-001785,ASG-002479,2026년 반기 1회,2026-10-05,이행대기,,,
TSK-001786,ASG-002480,2026년 반기 1회,2026-10-12,이행대기,,,
TSK-001787,ASG-002481,2026년 반기 1회,2026-10-19,점검완료,2026-10-16,SD03-1,
TSK-001788,ASG-002482,2026년 반기 1회,2026-10-26,조치필요,2026-10-23,SD03-1,
TSK-001789,ASG-002483,2026년 상시,2026-09-12,기간초과,,,
TSK-001790,ASG-002484,2026년 상시,2026-09-19,이행완료,2026-09-16,SD03-1,
TSK-001791,ASG-002485,2026년 상시,2026-09-26,이행대기,,,
TSK-001792,ASG-002486,2026년 상시,2026-10-03,이행완료,2026-09-30,SD03-1,
TSK-001793,ASG-002487,2026년 반기 1회,2026-11-30,이행대기,,,
TSK-001794,ASG-002488,2026년 반기 1회,2026-12-07,이행대기,,,
TSK-001795,ASG-002489,2026년 반기 1회,2026-12-14,점검완료,2026-12-11,SD03-1,
TSK-001796,ASG-002490,2026년 반기 1회,2026-12-21,조치필요,2026-12-18,SD03-1,
TSK-001797,ASG-002491,2026년 반기 1회,2026-12-28,기간초과,,,
TSK-001798,ASG-002492,2026년 반기 1회,2027-01-04,이행완료,2027-01-01,SD03-1,
TSK-001799,ASG-002493,2026년 반기 1회,2027-01-11,이행대기,,,
TSK-001800,ASG-002494,2026년 반기 1회,2026-07-22,이행완료,2026-07-19,SD03-1,
TSK-001801,ASG-002495,2026년 상시,2026-12-05,이행대기,,,
TSK-001802,ASG-002496,2026년 상시,2026-12-12,이행대기,,,
TSK-001803,ASG-002497,2026년 상시,2026-12-19,점검완료,2026-12-16,SD03-1,
TSK-001804,ASG-002498,2026년 상시,2026-12-26,조치필요,2026-12-23,SD03-1,
TSK-001805,ASG-002499,2026년 상시,2027-01-02,기간초과,,,
TSK-001806,ASG-002500,2026년 상시,2027-01-09,이행완료,2027-01-06,SD03-1,
TSK-001807,ASG-002501,2026년 상시,2027-01-16,이행대기,,,
TSK-001808,ASG-002502,2026년 상시,2027-01-23,이행완료,2027-01-20,SD03-1,
TSK-001809,ASG-002503,2026년 상시,2027-01-30,이행대기,,,
TSK-001810,ASG-002504,2026년 상시,2027-02-06,이행대기,,,
TSK-001811,ASG-002505,2026년 상시,2027-02-13,점검완료,2027-02-10,SD03-1,
TSK-001812,ASG-002506,2026년 상시,2027-02-20,조치필요,2027-02-17,SD03-1,
TSK-001813,ASG-002527,2026년 반기 1회,2026-10-21,기간초과,,,
TSK-001814,ASG-002528,2026년 반기 1회,2026-10-28,이행완료,2026-10-25,SD13-1,
TSK-001815,ASG-002529,2026년 반기 1회,2026-11-04,이행대기,,,
TSK-001816,ASG-002530,2026년 반기 1회,2026-11-11,이행완료,2026-11-08,SD13-1,
TSK-001817,ASG-002533,2026년 반기 1회,2026-11-18,이행대기,,,
TSK-001818,ASG-002534,2026년 반기 1회,2026-11-25,이행대기,,,
TSK-001819,ASG-002535,2026년 반기 1회,2026-12-02,점검완료,2026-11-29,SD03-1,
TSK-001820,ASG-002536,2026년 반기 1회,2026-12-09,조치필요,2026-12-06,SD03-1,
TSK-001821,ASG-002537,2026년 반기 1회,2026-12-16,기간초과,,,
TSK-001822,ASG-002538,2026년 반기 1회,2026-12-23,이행완료,2026-12-20,SD03-1,
TSK-001823,ASG-002539,2026년 반기 1회,2026-12-30,이행대기,,,
TSK-001824,ASG-002540,2026년 반기 1회,2027-01-06,이행완료,2027-01-03,SD03-1,
TSK-001825,ASG-002541,2026년 반기 1회,2027-01-13,이행대기,,,
TSK-001826,ASG-002542,2026년 반기 1회,2026-07-24,기간초과,,,
TSK-001827,ASG-002543,2026년 반기 1회,2026-07-31,점검완료,2026-07-28,SD03-1,
TSK-001828,ASG-002544,2026년 반기 1회,2026-08-07,조치필요,2026-08-04,SD03-1,
TSK-001829,ASG-002545,2026년 반기 1회,2026-08-14,기간초과,,,
TSK-001830,ASG-002546,2026년 반기 1회,2026-08-21,이행완료,2026-08-18,SD03-1,
TSK-001831,ASG-002547,2026년 반기 1회,2026-08-28,기간초과,,,
TSK-001832,ASG-002548,2026년 반기 1회,2026-09-04,이행완료,2026-09-01,SD03-1,
TSK-001833,ASG-002549,2026년 반기 1회,2026-09-11,기간초과,,,
TSK-001834,ASG-002550,2026년 반기 1회,2026-09-18,기간초과,,,
TSK-001835,ASG-002551,2026년 반기 1회,2026-09-25,점검완료,2026-09-22,SD03-1,
TSK-001836,ASG-002552,2026년 반기 1회,2026-10-02,조치필요,2026-09-29,SD03-1,
TSK-001837,ASG-002553,2026년 반기 1회,2026-10-09,기간초과,,,
TSK-001838,ASG-002554,2026년 반기 1회,2026-10-16,이행완료,2026-10-13,SD03-1,
TSK-001839,ASG-002555,2026년 반기 1회,2026-10-23,이행대기,,,
TSK-001840,ASG-002556,2026년 반기 1회,2026-10-30,이행완료,2026-10-27,SD03-1,
TSK-001841,ASG-002557,2026년 반기 1회,2026-11-06,이행대기,,,
TSK-001842,ASG-002558,2026년 반기 1회,2026-11-13,이행대기,,,
TSK-001843,ASG-002559,2026년 반기 1회,2026-11-20,점검완료,2026-11-17,SD03-1,
TSK-001844,ASG-002560,2026년 반기 1회,2026-11-27,조치필요,2026-11-24,SD03-1,
TSK-001845,ASG-002561,2026년 반기 1회,2026-12-04,기간초과,,,
TSK-001846,ASG-002562,2026년 반기 1회,2026-12-11,이행완료,2026-12-08,SD03-1,
TSK-001847,ASG-002563,2026년 반기 1회,2026-12-18,이행대기,,,
TSK-001848,ASG-002564,2026년 반기 1회,2026-12-25,이행완료,2026-12-22,SD03-1,
TSK-001849,ASG-002565,2026년 반기 1회,2027-01-01,이행대기,,,
TSK-001850,ASG-002566,2026년 반기 1회,2027-01-08,이행대기,,,
TSK-001851,ASG-002567,2026년 반기 1회,2027-01-15,점검완료,2027-01-12,SD03-1,
TSK-001852,ASG-002568,2026년 반기 1회,2026-07-26,조치필요,2026-07-23,SD03-1,
TSK-001853,ASG-002569,2026년 반기 1회,2026-08-02,기간초과,,,
TSK-001854,ASG-002570,2026년 반기 1회,2026-08-09,이행완료,2026-08-06,SD03-1,
TSK-001855,ASG-002571,2026년 반기 1회,2026-08-16,기간초과,,,
TSK-001856,ASG-002572,2026년 반기 1회,2026-08-23,이행완료,2026-08-20,SD03-1,
TSK-001857,ASG-002574,2026년 상시,2027-01-01,이행대기,,,
TSK-001858,ASG-002575,2026년 상시,2027-01-08,이행대기,,,
TSK-001859,ASG-002576,2026년 상시,2027-01-15,점검완료,2027-01-12,SD03-1,
TSK-001860,ASG-002577,2026년 상시,2027-01-22,조치필요,2027-01-19,SD03-1,
TSK-001861,ASG-002578,2026년 상시,2027-01-29,기간초과,,,
TSK-001862,ASG-002579,2026년 상시,2027-02-05,이행완료,2027-02-02,SD03-1,
TSK-001863,ASG-002580,2026년 상시,2027-02-12,이행대기,,,
TSK-001864,ASG-002581,2026년 상시,2027-02-19,이행완료,2027-02-16,SD03-1,
TSK-001865,ASG-002582,2026년 상시,2027-02-26,이행대기,,,
TSK-001866,ASG-002583,2026년 상시,2027-03-05,이행대기,,,
TSK-001867,ASG-002584,2026년 상시,2027-03-12,점검완료,2027-03-09,SD03-1,
TSK-001868,ASG-002585,2026년 상시,2027-03-19,조치필요,2027-03-16,SD03-1,
TSK-001869,ASG-002586,2026년 상시,2027-03-26,기간초과,,,
TSK-001870,ASG-002587,2026년 상시,2027-04-02,이행완료,2027-03-30,SD03-1,
TSK-001871,ASG-002588,2026년 상시,2027-04-09,이행대기,,,
TSK-001872,ASG-002589,2026년 상시,2027-04-16,이행완료,2027-04-13,SD03-1,
TSK-001873,ASG-002590,2026년 상시,2027-04-23,이행대기,,,
TSK-001874,ASG-002591,2026년 상시,2027-04-30,이행대기,,,
TSK-001875,ASG-002592,2026년 상시,2027-05-07,점검완료,2027-05-04,SD03-1,
TSK-001876,ASG-002593,2026년 상시,2027-05-14,조치필요,2027-05-11,SD03-1,
TSK-001877,ASG-002594,2026년 상시,2027-05-21,기간초과,,,
TSK-001878,ASG-002595,2026년 상시,2026-05-28,이행완료,2026-05-25,SD03-1,
TSK-001879,ASG-002596,2026년 상시,2026-06-04,기간초과,,,
TSK-001880,ASG-002597,2026년 상시,2026-06-11,이행완료,2026-06-08,SD03-1,
TSK-001881,ASG-002598,2026년 상시,2026-06-18,기간초과,,,
TSK-001882,ASG-002599,2026년 상시,2026-06-25,기간초과,,,
TSK-001883,ASG-002600,2026년 상시,2026-07-02,점검완료,2026-06-29,SD03-1,
TSK-001884,ASG-002601,2026년 상시,2026-07-09,조치필요,2026-07-06,SD03-1,
TSK-001885,ASG-002602,2026년 상시,2026-07-16,기간초과,,,
TSK-001886,ASG-002603,2026년 상시,2026-07-23,이행완료,2026-07-20,SD03-1,
TSK-001887,ASG-002604,2026년 상시,2026-07-30,기간초과,,,
TSK-001888,ASG-002605,2026년 상시,2026-08-06,이행완료,2026-08-03,SD03-1,
TSK-001889,ASG-002606,2026년 반기 1회,2026-10-13,이행대기,,,
TSK-001890,ASG-002607,2026년 반기 1회,2026-10-20,이행대기,,,
TSK-001891,ASG-002608,2026년 반기 1회,2026-10-27,점검완료,2026-10-24,SD03-1,
TSK-001892,ASG-002609,2026년 반기 1회,2026-11-03,조치필요,2026-10-31,SD03-1,
TSK-001893,ASG-002610,2026년 반기 1회,2026-11-10,기간초과,,,
TSK-001894,ASG-002611,2026년 반기 1회,2026-11-17,이행완료,2026-11-14,SD03-1,
TSK-001895,ASG-002612,2026년 반기 1회,2026-11-24,이행대기,,,
TSK-001896,ASG-002613,2026년 반기 1회,2026-12-01,이행완료,2026-11-28,SD03-1,
TSK-001897,ASG-002629,2026년 상시,2026-10-08,이행대기,,,
TSK-001898,ASG-002630,2026년 상시,2026-10-15,이행대기,,,
TSK-001899,ASG-002631,2026년 상시,2026-10-22,점검완료,2026-10-19,SD04-1,
TSK-001900,ASG-002632,2026년 상시,2026-10-29,조치필요,2026-10-26,SD04-1,
TSK-001901,ASG-002633,2026년 상시,2026-11-05,기간초과,,,
TSK-001902,ASG-002634,2026년 상시,2026-11-12,이행완료,2026-11-09,SD04-1,
TSK-001903,ASG-002635,2026년 상시,2026-11-19,이행대기,,,
TSK-001904,ASG-002636,2026년 상시,2026-11-26,이행완료,2026-11-23,SD04-1,
TSK-001905,ASG-002637,2026년 상시,2026-12-03,이행대기,,,
TSK-001906,ASG-002638,2026년 상시,2026-12-10,이행대기,,,
TSK-001907,ASG-002639,2026년 상시,2026-12-17,점검완료,2026-12-14,SD04-1,
TSK-001908,ASG-002640,2026년 상시,2026-12-24,조치필요,2026-12-21,SD04-1,
TSK-001909,ASG-002641,2026년 상시,2026-12-31,기간초과,,,
TSK-001910,ASG-002642,2026년 상시,2027-01-07,이행완료,2027-01-04,SD04-1,
TSK-001911,ASG-002643,2026년 상시,2027-01-14,이행대기,,,
TSK-001912,ASG-002644,2026년 상시,2027-01-21,이행완료,2027-01-18,SD04-1,
TSK-001913,ASG-002645,2026년 연1회,2027-01-28,이행대기,,,
TSK-001914,ASG-002646,2026년 연1회,2027-02-04,이행대기,,,
TSK-001915,ASG-002647,2026년 연1회,2027-02-11,점검완료,2027-02-08,SD04-1,
TSK-001916,ASG-002648,2026년 연1회,2027-02-18,조치필요,2027-02-15,SD04-1,
TSK-001917,ASG-002649,2026년 연1회,2027-02-25,기간초과,,,
TSK-001918,ASG-002650,2026년 연1회,2027-03-04,이행완료,2027-03-01,SD04-1,
TSK-001919,ASG-002651,2026년 연1회,2027-03-11,이행대기,,,
TSK-001920,ASG-002652,2026년 연1회,2027-03-18,이행완료,2027-03-15,SD04-1,
TSK-001921,ASG-002653,2026년 상시,2027-03-25,이행대기,,,
TSK-001922,ASG-002654,2026년 상시,2027-04-01,이행대기,,,
TSK-001923,ASG-002655,2026년 상시,2027-04-08,점검완료,2027-04-05,SD04-1,
TSK-001924,ASG-002656,2026년 상시,2027-04-15,조치필요,2027-04-12,SD04-1,
TSK-001925,ASG-002657,2026년 상시,2027-04-22,기간초과,,,
TSK-001926,ASG-002658,2026년 상시,2027-04-29,이행완료,2027-04-26,SD04-1,
TSK-001927,ASG-002659,2026년 상시,2027-05-06,이행대기,,,
TSK-001928,ASG-002660,2026년 상시,2027-05-13,이행완료,2027-05-10,SD04-1,
TSK-001929,ASG-002661,2026년 상시,2027-05-20,이행대기,,,
TSK-001930,ASG-002662,2026년 상시,2026-05-27,기간초과,,,
TSK-001931,ASG-002663,2026년 상시,2026-06-03,점검완료,2026-05-31,SD04-1,
TSK-001932,ASG-002664,2026년 상시,2026-06-10,조치필요,2026-06-07,SD04-1,
TSK-001933,ASG-002665,2026년 상시,2026-06-17,기간초과,,,
TSK-001934,ASG-002666,2026년 상시,2026-06-24,이행완료,2026-06-21,SD04-1,
TSK-001935,ASG-002667,2026년 상시,2026-07-01,기간초과,,,
TSK-001936,ASG-002668,2026년 상시,2026-07-08,이행완료,2026-07-05,SD04-1,
TSK-001937,ASG-002669,2026년 상시,2026-07-15,기간초과,,,
TSK-001938,ASG-002670,2026년 상시,2026-07-22,기간초과,,,
TSK-001939,ASG-002671,2026년 상시,2026-07-29,점검완료,2026-07-26,SD04-1,
TSK-001940,ASG-002672,2026년 상시,2026-08-05,조치필요,2026-08-02,SD04-1,
TSK-001941,ASG-002673,2026년 상시,2026-08-12,기간초과,,,
TSK-001942,ASG-002674,2026년 상시,2026-08-19,이행완료,2026-08-16,SD04-1,
TSK-001943,ASG-002675,2026년 상시,2026-08-26,기간초과,,,
TSK-001944,ASG-002676,2026년 상시,2026-09-02,이행완료,2026-08-30,SD04-1,
TSK-001945,ASG-002677,2026년 상시,2026-09-09,기간초과,,,
TSK-001946,ASG-002678,2026년 상시,2026-09-16,기간초과,,,
TSK-001947,ASG-002679,2026년 상시,2026-09-23,점검완료,2026-09-20,SD04-1,
TSK-001948,ASG-002680,2026년 상시,2026-09-30,조치필요,2026-09-27,SD04-1,
TSK-001949,ASG-002681,2026년 상시,2026-10-07,기간초과,,,
TSK-001950,ASG-002682,2026년 상시,2026-10-14,이행완료,2026-10-11,SD04-1,
TSK-001951,ASG-002683,2026년 상시,2026-10-21,이행대기,,,
TSK-001952,ASG-002684,2026년 상시,2026-10-28,이행완료,2026-10-25,SD04-1,
TSK-001953,ASG-002685,2026년 상시,2026-11-04,이행대기,,,
TSK-001954,ASG-002686,2026년 상시,2026-11-11,이행대기,,,
TSK-001955,ASG-002687,2026년 상시,2026-11-18,점검완료,2026-11-15,SD04-1,
TSK-001956,ASG-002688,2026년 상시,2026-11-25,조치필요,2026-11-22,SD04-1,
TSK-001957,ASG-002689,2026년 상시,2026-12-02,기간초과,,,
TSK-001958,ASG-002690,2026년 상시,2026-12-09,이행완료,2026-12-06,SD04-1,
TSK-001959,ASG-002691,2026년 상시,2026-12-16,이행대기,,,
TSK-001960,ASG-002692,2026년 상시,2026-12-23,이행완료,2026-12-20,SD04-1,
TSK-001961,ASG-002693,2026년 상시,2026-12-30,이행대기,,,
TSK-001962,ASG-002694,2026년 상시,2027-01-06,이행대기,,,
TSK-001963,ASG-002695,2026년 상시,2027-01-13,점검완료,2027-01-10,SD04-1,
TSK-001964,ASG-002696,2026년 상시,2027-01-20,조치필요,2027-01-17,SD04-1,
TSK-001965,ASG-002697,2026년 상시,2027-01-27,기간초과,,,
TSK-001966,ASG-002698,2026년 상시,2027-02-03,이행완료,2027-01-31,SD04-1,
TSK-001967,ASG-002699,2026년 상시,2027-02-10,이행대기,,,
TSK-001968,ASG-002700,2026년 상시,2027-02-17,이행완료,2027-02-14,SD04-1,
TSK-001969,ASG-002701,2026년 반기 1회,2026-11-02,이행대기,,,
TSK-001970,ASG-002702,2026년 반기 1회,2026-11-09,이행대기,,,
TSK-001971,ASG-002703,2026년 반기 1회,2026-11-16,점검완료,2026-11-13,SD04-1,
TSK-001972,ASG-002704,2026년 반기 1회,2026-11-23,조치필요,2026-11-20,SD04-1,
TSK-001973,ASG-002706,2026년 반기 1회,2026-11-30,기간초과,,,
TSK-001974,ASG-002707,2026년 반기 1회,2026-12-07,이행완료,2026-12-04,SD09-1,
TSK-001975,ASG-002708,2026년 반기 1회,2026-12-14,이행대기,,,
TSK-001976,ASG-002709,2026년 반기 1회,2026-12-21,이행완료,2026-12-18,SD09-1,
TSK-001977,ASG-002720,2026년 상시,2027-04-21,이행대기,,,
TSK-001978,ASG-002721,2026년 상시,2027-04-28,이행대기,,,
TSK-001979,ASG-002722,2026년 상시,2027-05-05,점검완료,2027-05-02,SD02-1,
TSK-001980,ASG-002723,2026년 상시,2027-05-12,조치필요,2027-05-09,SD02-1,
TSK-001981,ASG-002724,2026년 반기 1회,2026-07-29,기간초과,,,
TSK-001982,ASG-002725,2026년 반기 1회,2026-08-05,이행완료,2026-08-02,SD02-1,
TSK-001983,ASG-002726,2026년 반기 1회,2026-08-12,기간초과,,,
TSK-001984,ASG-002727,2026년 반기 1회,2026-08-19,이행완료,2026-08-16,SD02-1,
TSK-001985,ASG-002728,2026년 상시,2026-06-16,기간초과,,,
TSK-001986,ASG-002729,2026년 상시,2026-06-23,기간초과,,,
TSK-001987,ASG-002730,2026년 상시,2026-06-30,점검완료,2026-06-27,SD02-1,
TSK-001988,ASG-002731,2026년 상시,2026-07-07,조치필요,2026-07-04,SD02-1,
TSK-001989,ASG-002767,2026년 상시,2026-07-14,기간초과,,,
TSK-001990,ASG-002768,2026년 상시,2026-07-21,이행완료,2026-07-18,SD13-1,
TSK-001991,ASG-002769,2026년 상시,2026-07-28,기간초과,,,
TSK-001992,ASG-002770,2026년 상시,2026-08-04,이행완료,2026-08-01,SD13-1,
TSK-001993,ASG-002771,2026년 상시,2026-08-11,기간초과,,,
TSK-001994,ASG-002772,2026년 상시,2026-08-18,기간초과,,,
TSK-001995,ASG-002773,2026년 상시,2026-08-25,점검완료,2026-08-22,SD13-1,
TSK-001996,ASG-002774,2026년 상시,2026-09-01,조치필요,2026-08-29,SD13-1,
TSK-001997,ASG-002775,2026년 수시,2026-11-18,기간초과,,,
TSK-001998,ASG-002776,2026년 수시,2026-11-25,이행완료,2026-11-22,SD13-1,
TSK-001999,ASG-002777,2026년 수시,2026-12-02,이행대기,,,
TSK-002000,ASG-002778,2026년 수시,2026-12-09,이행완료,2026-12-06,SD13-1,
TSK-002001,ASG-002787,2026년 상시,2026-10-06,이행대기,,,
TSK-002002,ASG-002788,2026년 상시,2026-10-13,이행대기,,,
TSK-002003,ASG-002789,2026년 상시,2026-10-20,점검완료,2026-10-17,SD03-1,
TSK-002004,ASG-002790,2026년 상시,2026-10-27,조치필요,2026-10-24,SD03-1,
TSK-002005,ASG-002793,2026년 상시,2026-11-03,기간초과,,,
TSK-002006,ASG-002794,2026년 상시,2026-11-10,이행완료,2026-11-07,SD13-1,
TSK-002007,ASG-002795,2026년 반기 1회,2026-07-31,기간초과,,,
TSK-002008,ASG-002796,2026년 상시,2026-11-24,이행완료,2026-11-21,SD13-1,
TSK-002009,ASG-002797,2026년 상시,2026-12-01,이행대기,,,
TSK-002010,ASG-002798,2026년 상시,2026-12-08,이행대기,,,
TSK-002011,ASG-002799,2026년 수시,2026-08-28,점검완료,2026-08-25,SD13-1,
TSK-002012,ASG-002800,2026년 수시,2026-09-04,조치필요,2026-09-01,SD13-1,
TSK-002013,ASG-002809,2026년 연1회,2026-12-29,기간초과,,,
TSK-002014,ASG-002810,2026년 연1회,2027-01-05,이행완료,2027-01-02,SD13-1,
TSK-002015,ASG-002811,2026년 연1회,2027-01-12,이행대기,,,
TSK-002016,ASG-002812,2026년 연1회,2027-01-19,이행완료,2027-01-16,SD13-1,
TSK-002017,ASG-002813,2026년 상시,2027-01-26,이행대기,,,
TSK-002018,ASG-002814,2026년 상시,2027-02-02,이행대기,,,
TSK-002019,ASG-002815,2026년 상시,2027-02-09,점검완료,2027-02-06,SD13-1,
TSK-002020,ASG-002816,2026년 상시,2027-02-16,조치필요,2027-02-13,SD13-1,
TSK-002021,ASG-002817,2026년 상시,2027-02-23,기간초과,,,
TSK-002022,ASG-002818,2026년 상시,2027-03-02,이행완료,2027-02-27,SD13-1,
TSK-002023,ASG-002819,2026년 상시,2027-03-09,이행대기,,,
TSK-002024,ASG-002820,2026년 상시,2027-03-16,이행완료,2027-03-13,SD13-1,
TSK-002025,ASG-002821,2026년 반기 1회,2026-12-04,이행대기,,,
TSK-002026,ASG-002822,2026년 반기 1회,2026-12-11,이행대기,,,
TSK-002027,ASG-002823,2026년 반기 1회,2026-12-18,점검완료,2026-12-15,SD13-1,
TSK-002028,ASG-002824,2026년 반기 1회,2026-12-25,조치필요,2026-12-22,SD13-1,
TSK-002029,ASG-002825,2026년 반기 1회,2027-01-01,기간초과,,,
TSK-002030,ASG-002826,2026년 반기 1회,2027-01-08,이행완료,2027-01-05,SD13-1,
TSK-002031,ASG-002827,2026년 반기 1회,2027-01-15,이행대기,,,
TSK-002032,ASG-002828,2026년 반기 1회,2026-07-26,이행완료,2026-07-23,SD13-1,
TSK-002033,ASG-002829,2026년 반기 1회,2026-08-02,기간초과,,,
TSK-002034,ASG-002830,2026년 반기 1회,2026-08-09,기간초과,,,
TSK-002035,ASG-002831,2026년 반기 1회,2026-08-16,점검완료,2026-08-13,SD13-1,
TSK-002036,ASG-002832,2026년 반기 1회,2026-08-23,조치필요,2026-08-20,SD13-1,
TSK-002037,ASG-002920,2026년 상시,2026-06-15,기간초과,,,
TSK-002038,ASG-002921,2026년 상시,2026-06-22,이행완료,2026-06-19,SD13-1,
TSK-002039,ASG-002922,2026년 상시,2026-06-29,기간초과,,,
TSK-002040,ASG-002923,2026년 상시,2026-07-06,이행완료,2026-07-03,SD13-1,
TSK-002041,ASG-002925,2026년 반기 1회,2026-09-27,이행대기,,,
TSK-002042,ASG-002926,2026년 반기 1회,2026-10-04,이행대기,,,
TSK-002043,ASG-002927,2026년 상시,2026-07-27,점검완료,2026-07-24,SD05-1,
TSK-002044,ASG-002928,2026년 상시,2026-08-03,조치필요,2026-07-31,SD05-1,
TSK-002045,ASG-002929,2026년 상시,2026-08-10,기간초과,,,
TSK-002046,ASG-002930,2026년 상시,2026-08-17,이행완료,2026-08-14,SD05-1,
TSK-002047,ASG-002931,2026년 상시,2026-08-24,기간초과,,,
TSK-002048,ASG-002932,2026년 상시,2026-08-31,이행완료,2026-08-28,SD05-1,
TSK-002049,ASG-002933,2026년 상시,2026-09-07,기간초과,,,
TSK-002050,ASG-002934,2026년 상시,2026-09-14,기간초과,,,
TSK-002051,ASG-002935,2026년 상시,2026-09-21,점검완료,2026-09-18,SD05-1,
TSK-002052,ASG-002936,2026년 반기 1회,2026-12-13,조치필요,2026-12-10,SD05-1,
TSK-002053,ASG-002937,2026년 상시,2026-10-05,기간초과,,,
TSK-002054,ASG-002938,2026년 상시,2026-10-12,이행완료,2026-10-09,SD05-1,
TSK-002055,ASG-002939,2026년 상시,2026-10-19,이행대기,,,
TSK-002056,ASG-002940,2026년 상시,2026-10-26,이행완료,2026-10-23,SD05-1,
TSK-002057,ASG-002946,2026년 상시,2026-11-02,이행대기,,,
TSK-002058,ASG-002947,2026년 상시,2026-11-09,이행대기,,,
TSK-002059,ASG-002948,2026년 상시,2026-11-16,점검완료,2026-11-13,SD13-1,
TSK-002060,ASG-002949,2026년 상시,2026-11-23,조치필요,2026-11-20,SD13-1,
TSK-002061,ASG-002958,2026년 연1회,2026-11-30,기간초과,,,
TSK-002062,ASG-002959,2026년 연1회,2026-12-07,이행완료,2026-12-04,SD13-1,
TSK-002063,ASG-002965,2026년 연1회,2026-12-14,이행대기,,,
TSK-002064,ASG-002966,2026년 연1회,2026-12-21,이행완료,2026-12-18,SD04-1,
TSK-002065,ASG-002967,2026년 연1회,2026-12-28,이행대기,,,
TSK-002066,ASG-002968,2026년 연1회,2027-01-04,이행대기,,,
TSK-002067,ASG-002969,2026년 연1회,2027-01-11,점검완료,2027-01-08,SD04-1,
TSK-002068,ASG-002970,2026년 연1회,2027-01-18,조치필요,2027-01-15,SD04-1,
TSK-002069,ASG-002971,2026년 연1회,2027-01-25,기간초과,,,
TSK-002070,ASG-002972,2026년 연1회,2027-02-01,이행완료,2027-01-29,SD04-1,
TSK-002071,ASG-002973,2026년 연1회,2027-02-08,이행대기,,,
TSK-002072,ASG-002974,2026년 연1회,2027-02-15,이행완료,2027-02-12,SD04-1,
TSK-002073,ASG-002975,2026년 연1회,2027-02-22,이행대기,,,
TSK-002074,ASG-002976,2026년 연1회,2027-03-01,이행대기,,,
TSK-002075,ASG-002977,2026년 연1회,2027-03-08,점검완료,2027-03-05,SD04-1,
TSK-002076,ASG-002978,2026년 연1회,2027-03-15,조치필요,2027-03-12,SD04-1,
TSK-002077,ASG-002979,2026년 연1회,2027-03-22,기간초과,,,
TSK-002078,ASG-002980,2026년 연1회,2027-03-29,이행완료,2027-03-26,SD04-1,
TSK-002079,ASG-003006,2026년 연1회,2027-04-05,이행대기,,,
TSK-002080,ASG-003007,2026년 연1회,2027-04-12,이행완료,2027-04-09,SD13-1,
TSK-002081,ASG-003008,2026년 연1회,2027-04-19,이행대기,,,
TSK-002082,ASG-003009,2026년 연1회,2027-04-26,이행대기,,,
TSK-002083,ASG-003010,2026년 연1회,2027-05-03,점검완료,2027-04-30,SD13-1,
TSK-002084,ASG-003011,2026년 연1회,2027-05-10,조치필요,2027-05-07,SD13-1,
TSK-002085,ASG-003012,2026년 연1회,2027-05-17,기간초과,,,
TSK-002086,ASG-003013,2026년 연1회,2026-05-24,이행완료,2026-05-21,SD13-1,
TSK-002087,ASG-003014,2026년 연1회,2026-05-31,기간초과,,,
TSK-002088,ASG-003015,2026년 연1회,2026-06-07,이행완료,2026-06-04,SD13-1,
TSK-002089,ASG-003016,2026년 연1회,2026-06-14,기간초과,,,
TSK-002090,ASG-003017,2026년 연1회,2026-06-21,기간초과,,,
TSK-002091,ASG-003018,2026년 수시,2026-09-17,점검완료,2026-09-14,SD13-1,
TSK-002092,ASG-003019,2026년 연1회,2026-07-05,조치필요,2026-07-02,SD13-1,
TSK-002093,ASG-003020,2026년 연1회,2026-07-12,기간초과,,,
TSK-002094,ASG-003021,2026년 연1회,2026-07-19,이행완료,2026-07-16,SD13-1,
TSK-002095,ASG-003022,2026년 연1회,2026-07-26,기간초과,,,
TSK-002096,ASG-003026,2026년 연1회,2026-08-02,이행완료,2026-07-30,SD13-1,
TSK-002097,ASG-003027,2026년 연1회,2026-08-09,기간초과,,,
TSK-002098,ASG-003028,2026년 연1회,2026-08-16,기간초과,,,
TSK-002099,ASG-003029,2026년 연1회,2026-08-23,점검완료,2026-08-20,SD13-1,
TSK-002100,ASG-003030,2026년 연1회,2026-08-30,조치필요,2026-08-27,SD13-1,
TSK-002101,ASG-003031,2026년 연1회,2026-09-06,기간초과,,,
TSK-002102,ASG-003032,2026년 연1회,2026-09-13,이행완료,2026-09-10,SD13-1,
TSK-002103,ASG-003033,2026년 연1회,2026-09-20,이행대기,,,
TSK-002104,ASG-003034,2026년 연1회,2026-09-27,이행완료,2026-09-24,SD13-1,
TSK-002105,ASG-003035,2026년 연1회,2026-10-04,이행대기,,,
TSK-002106,ASG-003036,2026년 연1회,2026-10-11,이행대기,,,
TSK-002107,ASG-003037,2026년 연1회,2026-10-18,점검완료,2026-10-15,SD13-1,
TSK-002108,ASG-003049,2026년 연1회,2026-10-25,조치필요,2026-10-22,SD05-1,
TSK-002109,ASG-003051,2026년 연1회,2026-11-01,기간초과,,,
TSK-002110,ASG-003052,2026년 연1회,2026-11-08,이행완료,2026-11-05,SD02-1,
TSK-002111,ASG-003053,2026년 연1회,2026-11-15,이행대기,,,
TSK-002112,ASG-003054,2026년 상시,2026-11-22,이행완료,2026-11-19,SD02-1,
TSK-002113,ASG-003055,2026년 상시,2026-11-29,이행대기,,,
TSK-002114,ASG-003056,2026년 반기 1회,2026-08-29,기간초과,,,
TSK-002115,ASG-003057,2026년 반기 1회,2026-09-05,점검완료,2026-09-02,SD02-1,
TSK-002116,ASG-003058,2026년 반기 1회,2026-09-12,조치필요,2026-09-09,SD02-1,
TSK-002117,ASG-003059,2026년 반기 1회,2026-09-19,기간초과,,,
TSK-002118,ASG-003060,2026년 반기 1회,2026-09-26,이행완료,2026-09-23,SD02-1,
TSK-002119,ASG-003061,2026년 반기 1회,2026-10-03,이행대기,,,
TSK-002120,ASG-003062,2026년 수시,2026-10-10,이행완료,2026-10-07,SD02-1,
TSK-002121,ASG-003063,2026년 수시,2026-10-17,이행대기,,,
TSK-002122,ASG-003064,2026년 수시,2026-10-24,이행대기,,,
TSK-002123,ASG-003065,2026년 수시,2026-10-31,점검완료,2026-10-28,SD02-1,
TSK-002124,ASG-003066,2026년 수시,2026-11-07,조치필요,2026-11-04,SD02-1,
TSK-002125,ASG-003067,2026년 수시,2026-11-14,기간초과,,,
TSK-002126,ASG-003068,2026년 상시,2027-02-28,이행완료,2027-02-25,SD02-1,
TSK-002127,ASG-003069,2026년 반기 1회,2026-11-28,이행대기,,,
TSK-002128,ASG-003070,2026년 반기 1회,2026-12-05,이행완료,2026-12-02,SD02-1,
TSK-002129,ASG-003071,2026년 반기 1회,2026-12-12,이행대기,,,
TSK-002130,ASG-003073,2026년 반기 1회,2026-12-19,이행대기,,,
TSK-002131,ASG-003074,2026년 반기 1회,2026-12-26,점검완료,2026-12-23,SD02-1,
TSK-002132,ASG-003075,2026년 반기 1회,2027-01-02,조치필요,2026-12-30,SD02-1,
TSK-002133,ASG-003076,2026년 반기 1회,2027-01-09,기간초과,,,
TSK-002134,ASG-003077,2026년 반기 1회,2027-01-16,이행완료,2027-01-13,SD02-1,
TSK-002135,ASG-003078,2026년 반기 1회,2026-07-27,기간초과,,,
TSK-002136,ASG-003079,2026년 반기 1회,2026-08-03,이행완료,2026-07-31,SD02-1,
TSK-002137,ASG-003080,2026년 반기 1회,2026-08-10,기간초과,,,
TSK-002138,ASG-003081,2026년 수시,2026-08-17,기간초과,,,
TSK-002139,ASG-003089,2026년 수시,2026-08-24,점검완료,2026-08-21,SD02-1,
TSK-002140,ASG-003090,2026년 수시,2026-08-31,조치필요,2026-08-28,SD02-1,
TSK-002141,ASG-003093,2026년 수시,2026-09-07,기간초과,,,
TSK-002142,ASG-003094,2026년 수시,2026-09-14,이행완료,2026-09-11,SD09-1,
TSK-002143,ASG-003095,2026년 수시,2026-09-21,이행대기,,,
TSK-002144,ASG-003096,2026년 수시,2026-09-28,이행완료,2026-09-25,SD09-1,
TSK-002145,ASG-003099,2026년 수시,2026-10-05,이행대기,,,
TSK-002146,ASG-003100,2026년 수시,2026-10-12,이행대기,,,
TSK-002147,ASG-003101,2026년 수시,2026-10-19,점검완료,2026-10-16,SD09-1,
TSK-002148,ASG-003102,2026년 수시,2026-10-26,조치필요,2026-10-23,SD09-1,
TSK-002149,ASG-003107,2026년 수시,2026-11-02,기간초과,,,
TSK-002150,ASG-003108,2026년 수시,2026-11-09,이행완료,2026-11-06,SD09-1,
TSK-002151,ASG-003109,2026년 수시,2026-11-16,이행대기,,,
TSK-002152,ASG-003110,2026년 수시,2026-11-23,이행완료,2026-11-20,SD09-1,
TSK-002153,ASG-003139,2026년 수시,2026-11-30,이행대기,,,
TSK-002154,ASG-003140,2026년 수시,2026-12-07,이행대기,,,
TSK-002155,ASG-003141,2026년 수시,2026-12-14,점검완료,2026-12-11,SD02-1,
TSK-002156,ASG-003142,2026년 수시,2026-12-21,조치필요,2026-12-18,SD02-1,
TSK-002157,ASG-003143,2026년 수시,2026-12-28,기간초과,,,
TSK-002158,ASG-003146,2026년 수시,2027-01-04,이행완료,2027-01-01,SD02-1,
TSK-002159,ASG-003160,2026년 반기 1회,2027-01-11,이행대기,,,
TSK-002160,ASG-003161,2026년 상시,2026-10-24,이행완료,2026-10-21,SD02-1,
TSK-002161,ASG-003162,2026년 반기 1회,2026-07-29,기간초과,,,
TSK-002162,ASG-003163,2026년 반기 1회,2026-08-05,기간초과,,,
TSK-002163,ASG-003165,2026년 반기 1회,2026-08-12,점검완료,2026-08-09,SD02-1,
TSK-002164,ASG-003166,2026년 반기 1회,2026-08-19,조치필요,2026-08-16,SD02-1,
TSK-002165,ASG-003167,2026년 반기 1회,2026-08-26,기간초과,,,
TSK-002166,ASG-003168,2026년 상시,2026-12-05,이행완료,2026-12-02,SD02-1,
TSK-002167,ASG-003169,2026년 수시,2026-09-09,기간초과,,,
TSK-002168,ASG-003170,2026년 상시,2026-12-19,이행완료,2026-12-16,SD02-1,
TSK-002169,ASG-003171,2026년 반기 1회,2026-09-23,이행대기,,,
TSK-002170,ASG-003172,2026년 반기 1회,2026-09-30,이행대기,,,
TSK-002171,ASG-003173,2026년 상시,2027-01-09,점검완료,2027-01-06,SD02-1,
TSK-002172,ASG-003174,2026년 연1회,2027-01-16,조치필요,2027-01-13,SD02-1,
TSK-002173,ASG-003175,2026년 반기 1회,2026-10-21,기간초과,,,
TSK-002174,ASG-003176,2026년 반기 1회,2026-10-28,이행완료,2026-10-25,SD02-1,
TSK-002175,ASG-003177,2026년 상시,2027-02-06,이행대기,,,
TSK-002176,ASG-003178,2026년 상시,2027-02-13,이행완료,2027-02-10,SD03-1,
TSK-002177,ASG-003179,2026년 상시,2027-02-20,이행대기,,,
TSK-002178,ASG-003180,2026년 상시,2027-02-27,이행대기,,,
TSK-002179,ASG-003181,2026년 상시,2027-03-06,점검완료,2027-03-03,SD03-1,
TSK-002180,ASG-003182,2026년 상시,2027-03-13,조치필요,2027-03-10,SD03-1,
TSK-002181,ASG-003183,2026년 상시,2027-03-20,기간초과,,,
TSK-002182,ASG-003184,2026년 상시,2027-03-27,이행완료,2027-03-24,SD03-1,
TSK-002183,ASG-003185,2026년 상시,2027-04-03,이행대기,,,
TSK-002184,ASG-003186,2026년 상시,2027-04-10,이행완료,2027-04-07,SD03-1,
TSK-002185,ASG-003187,2026년 상시,2027-04-17,이행대기,,,
TSK-002186,ASG-003188,2026년 상시,2027-04-24,이행대기,,,
TSK-002187,ASG-003198,2026년 반기 1회,2026-07-31,점검완료,2026-07-28,SD02-1,
TSK-002188,ASG-003199,2026년 상시,2027-05-08,조치필요,2027-05-05,SD02-1,
TSK-002189,ASG-003200,2026년 상시,2027-05-15,기간초과,,,
TSK-002190,ASG-003201,2026년 반기 1회,2026-08-21,이행완료,2026-08-18,SD02-1,
TSK-002191,ASG-003202,2026년 상시,2026-05-29,기간초과,,,
TSK-002192,ASG-003203,2026년 상시,2026-06-05,이행완료,2026-06-02,SD02-1,
TSK-002193,ASG-003204,2026년 상시,2026-06-12,기간초과,,,
TSK-002194,ASG-003205,2026년 반기 1회,2026-09-18,기간초과,,,
TSK-002195,ASG-003206,2026년 상시,2026-06-26,점검완료,2026-06-23,SD02-1,
TSK-002196,ASG-003207,2026년 상시,2026-07-03,조치필요,2026-06-30,SD02-1,
TSK-002197,ASG-003208,2026년 상시,2026-07-10,기간초과,,,
TSK-002198,ASG-003209,2026년 상시,2026-07-17,이행완료,2026-07-14,SD02-1,
TSK-002199,ASG-003211,2026년 상시,2026-07-24,기간초과,,,
TSK-002200,ASG-003212,2026년 상시,2026-07-31,이행완료,2026-07-28,SD02-1,
TSK-002201,ASG-003213,2026년 반기 1회,2026-11-06,이행대기,,,
TSK-002202,ASG-003214,2026년 상시,2026-08-14,기간초과,,,
TSK-002203,ASG-003215,2026년 연1회,2026-08-21,점검완료,2026-08-18,SD02-1,
TSK-002204,ASG-003216,2026년 연1회,2026-08-28,조치필요,2026-08-25,SD02-1,
TSK-002205,ASG-003217,2026년 상시,2026-09-04,기간초과,,,
TSK-002206,ASG-003218,2026년 상시,2026-09-11,이행완료,2026-09-08,SD02-1,
TSK-002207,ASG-003219,2026년 반기 1회,2026-12-18,이행대기,,,
TSK-002208,ASG-003220,2026년 상시,2026-09-25,이행완료,2026-09-22,SD02-1,
TSK-002209,ASG-003221,2026년 반기 1회,2027-01-01,이행대기,,,
TSK-002210,ASG-003222,2026년 상시,2026-10-09,이행대기,,,
TSK-002211,ASG-003223,2026년 연1회,2026-10-16,점검완료,2026-10-13,SD02-1,
TSK-002212,ASG-003224,2026년 상시,2026-10-23,조치필요,2026-10-20,SD02-1,
TSK-002213,ASG-003225,2026년 반기 1회,2026-08-02,기간초과,,,
TSK-002214,ASG-003226,2026년 상시,2026-11-06,이행완료,2026-11-03,SD02-1,
TSK-002215,ASG-003227,2026년 반기 1회,2026-08-16,기간초과,,,
TSK-002216,ASG-003228,2026년 반기 1회,2026-08-23,이행완료,2026-08-20,SD02-1,
TSK-002217,ASG-003229,2026년 반기 1회,2026-08-30,기간초과,,,
TSK-002218,ASG-003230,2026년 반기 1회,2026-09-06,기간초과,,,
TSK-002219,ASG-003231,2026년 반기 1회,2026-09-13,점검완료,2026-09-10,SD02-1,
TSK-002220,ASG-003232,2026년 반기 1회,2026-09-20,조치필요,2026-09-17,SD02-1,
TSK-002221,ASG-003247,2026년 반기 1회,2026-09-27,기간초과,,,
TSK-002222,ASG-003248,2026년 반기 1회,2026-10-04,이행완료,2026-10-01,SD09-1,
TSK-002223,ASG-003249,2026년 반기 1회,2026-10-11,이행대기,,,
TSK-002224,ASG-003250,2026년 반기 1회,2026-10-18,이행완료,2026-10-15,SD09-1,
TSK-002225,ASG-003308,2026년 연1회,2027-01-22,이행대기,,,
TSK-002226,ASG-003328,2026년 연1회,2027-01-29,이행대기,,,
TSK-002227,ASG-003329,2026년 연1회,2027-02-05,점검완료,2027-02-02,SD04-1,
TSK-002228,ASG-003330,2026년 연1회,2027-02-12,조치필요,2027-02-09,SD04-1,
TSK-002229,ASG-003331,2026년 연1회,2027-02-19,기간초과,,,
TSK-002230,ASG-003333,2026년 상시,2027-02-26,이행완료,2027-02-23,SD04-1,
TSK-002231,ASG-003334,2026년 상시,2027-03-05,이행대기,,,
TSK-002232,ASG-003335,2026년 상시,2027-03-12,이행완료,2027-03-09,SD04-1,
TSK-002233,ASG-003336,2026년 상시,2027-03-19,이행대기,,,
TSK-002234,ASG-003337,2026년 연1회,2027-03-26,이행대기,,,
TSK-002235,ASG-003338,2026년 연1회,2027-04-02,점검완료,2027-03-30,SD04-1,
TSK-002236,ASG-003339,2026년 연1회,2027-04-09,조치필요,2027-04-06,SD04-1,
TSK-002237,ASG-003340,2026년 연1회,2027-04-16,기간초과,,,
TSK-002238,ASG-003341,2026년 상시,2027-04-23,이행완료,2027-04-20,SD04-1,
TSK-002239,ASG-003342,2026년 상시,2027-04-30,이행대기,,,
TSK-002240,ASG-003343,2026년 상시,2027-05-07,이행완료,2027-05-04,SD04-1,
TSK-002241,ASG-003344,2026년 상시,2027-05-14,이행대기,,,
TSK-002242,ASG-003345,2026년 상시,2027-05-21,이행대기,,,
TSK-002243,ASG-003346,2026년 상시,2026-05-28,점검완료,2026-05-25,SD04-1,
TSK-002244,ASG-003347,2026년 상시,2026-06-04,조치필요,2026-06-01,SD04-1,
TSK-002245,ASG-003348,2026년 상시,2026-06-11,기간초과,,,
TSK-002246,ASG-003349,2026년 상시,2026-06-18,이행완료,2026-06-15,SD05-1,
TSK-002247,ASG-003350,2026년 상시,2026-06-25,기간초과,,,
TSK-002248,ASG-003351,2026년 상시,2026-07-02,이행완료,2026-06-29,SD13-1,
TSK-002249,ASG-003352,2026년 상시,2026-07-09,기간초과,,,
TSK-002250,ASG-003353,2026년 상시,2026-07-16,기간초과,,,
TSK-002251,ASG-003354,2026년 수시,2026-10-27,점검완료,2026-10-24,SD04-1,
TSK-002252,ASG-003355,2026년 수시,2026-11-03,조치필요,2026-10-31,SD04-1,
TSK-002253,ASG-003356,2026년 수시,2026-11-10,기간초과,,,
TSK-002254,ASG-003357,2026년 수시,2026-11-17,이행완료,2026-11-14,SD04-1,
TSK-002255,ASG-003358,2026년 상시,2026-08-20,기간초과,,,
TSK-002256,ASG-003359,2026년 상시,2026-08-27,이행완료,2026-08-24,SD04-1,
TSK-002257,ASG-003360,2026년 상시,2026-09-03,기간초과,,,
TSK-002258,ASG-003361,2026년 상시,2026-09-10,기간초과,,,
TSK-002259,ASG-003364,2026년 상시,2026-09-17,점검완료,2026-09-14,SD04-1,
TSK-002260,ASG-003365,2026년 상시,2026-09-24,조치필요,2026-09-21,SD04-1,
TSK-002261,ASG-003366,2026년 상시,2026-10-01,기간초과,,,
TSK-002262,ASG-003367,2026년 상시,2026-10-08,이행완료,2026-10-05,SD04-1,
TSK-002263,ASG-003368,2026년 상시,2026-10-15,이행대기,,,
TSK-002264,ASG-003369,2026년 상시,2026-10-22,이행완료,2026-10-19,SD04-1,
TSK-002265,ASG-003370,2026년 상시,2026-10-29,이행대기,,,
TSK-002266,ASG-003371,2026년 상시,2026-11-05,이행대기,,,
TSK-002267,ASG-003372,2026년 상시,2026-11-12,점검완료,2026-11-09,SD04-1,
TSK-002268,ASG-003373,2026년 상시,2026-11-19,조치필요,2026-11-16,SD04-1,
TSK-002269,ASG-003374,2026년 상시,2026-11-26,기간초과,,,
TSK-002270,ASG-003375,2026년 상시,2026-12-03,이행완료,2026-11-30,SD04-1,
TSK-002271,ASG-003376,2026년 상시,2026-12-10,이행대기,,,
TSK-002272,ASG-003377,2026년 상시,2026-12-17,이행완료,2026-12-14,SD04-1,
TSK-002273,ASG-003378,2026년 상시,2026-12-24,이행대기,,,
TSK-002274,ASG-003379,2026년 상시,2026-12-31,이행대기,,,
TSK-002275,ASG-003380,2026년 상시,2027-01-07,점검완료,2027-01-04,SD04-1,
TSK-002276,ASG-003381,2026년 상시,2027-01-14,조치필요,2027-01-11,SD04-1,
TSK-002277,ASG-003382,2026년 상시,2027-01-21,기간초과,,,
TSK-002278,ASG-003383,2026년 상시,2027-01-28,이행완료,2027-01-25,SD04-1,
TSK-002279,ASG-003384,2026년 상시,2027-02-04,이행대기,,,
TSK-002280,ASG-003385,2026년 상시,2027-02-11,이행완료,2027-02-08,SD04-1,
TSK-002281,ASG-003386,2026년 상시,2027-02-18,이행대기,,,
TSK-002282,ASG-003387,2026년 상시,2027-02-25,이행대기,,,
TSK-002283,ASG-003388,2026년 상시,2027-03-04,점검완료,2027-03-01,SD04-1,
TSK-002284,ASG-003389,2026년 상시,2027-03-11,조치필요,2027-03-08,SD04-1,
TSK-002285,ASG-003390,2026년 상시,2027-03-18,기간초과,,,
TSK-002286,ASG-003391,2026년 상시,2027-03-25,이행완료,2027-03-22,SD04-1,
TSK-002287,ASG-003392,2026년 연1회,2027-04-01,이행대기,,,
TSK-002288,ASG-003393,2026년 연1회,2027-04-08,이행완료,2027-04-05,SD04-1,
TSK-002289,ASG-003394,2026년 연1회,2027-04-15,이행대기,,,
TSK-002290,ASG-003395,2026년 연1회,2027-04-22,이행대기,,,
TSK-002291,ASG-003396,2026년 상시,2027-04-29,점검완료,2027-04-26,SD04-1,
TSK-002292,ASG-003397,2026년 상시,2027-05-06,조치필요,2027-05-03,SD04-1,
TSK-002293,ASG-003398,2026년 상시,2027-05-13,기간초과,,,
TSK-002294,ASG-003399,2026년 상시,2027-05-20,이행완료,2027-05-17,SD04-1,
TSK-002295,ASG-003400,2026년 반기 1회,2026-09-05,기간초과,,,
TSK-002296,ASG-003401,2026년 반기 1회,2026-09-12,이행완료,2026-09-09,SD04-1,
TSK-002297,ASG-003402,2026년 반기 1회,2026-09-19,기간초과,,,
TSK-002298,ASG-003403,2026년 반기 1회,2026-09-26,이행대기,,,
TSK-002299,ASG-003404,2026년 상시,2026-06-24,점검완료,2026-06-21,SD04-1,
TSK-002300,ASG-003405,2026년 상시,2026-07-01,조치필요,2026-06-28,SD04-1,
TSK-002301,ASG-003406,2026년 상시,2026-07-08,기간초과,,,
TSK-002302,ASG-003407,2026년 상시,2026-07-15,이행완료,2026-07-12,SD04-1,
TSK-002303,ASG-003408,2026년 상시,2026-07-22,기간초과,,,
TSK-002304,ASG-003409,2026년 상시,2026-07-29,이행완료,2026-07-26,SD04-1,
TSK-002305,ASG-003410,2026년 상시,2026-08-05,기간초과,,,
TSK-002306,ASG-003411,2026년 상시,2026-08-12,기간초과,,,
TSK-002307,ASG-003415,2026년 상시,2026-08-19,점검완료,2026-08-16,SD04-1,
TSK-002308,ASG-003416,2026년 상시,2026-08-26,조치필요,2026-08-23,SD04-1,
TSK-002309,ASG-003417,2026년 상시,2026-09-02,기간초과,,,
TSK-002310,ASG-003418,2026년 상시,2026-09-09,이행완료,2026-09-06,SD04-1,
TSK-002311,ASG-003420,2026년 상시,2026-09-16,기간초과,,,
TSK-002312,ASG-003421,2026년 상시,2026-09-23,이행완료,2026-09-20,SD04-1,
TSK-002313,ASG-003422,2026년 상시,2026-09-30,이행대기,,,
TSK-002314,ASG-003423,2026년 상시,2026-10-07,이행대기,,,
TSK-002315,ASG-003424,2026년 상시,2026-10-14,점검완료,2026-10-11,SD04-1,
TSK-002316,ASG-003425,2026년 상시,2026-10-21,조치필요,2026-10-18,SD04-1,
TSK-002317,ASG-003426,2026년 상시,2026-10-28,기간초과,,,
TSK-002318,ASG-003427,2026년 상시,2026-11-04,이행완료,2026-11-01,SD04-1,
TSK-002319,ASG-003428,2026년 상시,2026-11-11,이행대기,,,
TSK-002320,ASG-003429,2026년 상시,2026-11-18,이행완료,2026-11-15,SD04-1,
TSK-002321,ASG-003430,2026년 상시,2026-11-25,이행대기,,,
TSK-002322,ASG-003431,2026년 상시,2026-12-02,이행대기,,,
TSK-002323,ASG-003432,2026년 연1회,2026-12-09,점검완료,2026-12-06,SD04-1,
TSK-002324,ASG-003433,2026년 연1회,2026-12-16,조치필요,2026-12-13,SD04-1,
TSK-002325,ASG-003434,2026년 연1회,2026-12-23,기간초과,,,
TSK-002326,ASG-003435,2026년 연1회,2026-12-30,이행완료,2026-12-27,SD04-1,
TSK-002327,ASG-003436,2026년 반기 1회,2026-10-19,이행대기,,,
TSK-002328,ASG-003437,2026년 반기 1회,2026-10-26,이행완료,2026-10-23,SD04-1,
TSK-002329,ASG-003438,2026년 반기 1회,2026-11-02,이행대기,,,
TSK-002330,ASG-003439,2026년 반기 1회,2026-11-09,이행대기,,,
TSK-002331,ASG-003440,2026년 연1회,2027-02-03,점검완료,2027-01-31,SD04-1,
TSK-002332,ASG-003441,2026년 연1회,2027-02-10,조치필요,2027-02-07,SD04-1,
TSK-002333,ASG-003442,2026년 연1회,2027-02-17,기간초과,,,
TSK-002334,ASG-003443,2026년 연1회,2027-02-24,이행완료,2027-02-21,SD04-1,
TSK-002335,ASG-003444,2026년 연1회,2027-03-03,이행대기,,,
TSK-002336,ASG-003445,2026년 연1회,2027-03-10,이행완료,2027-03-07,SD04-1,
TSK-002337,ASG-003446,2026년 연1회,2027-03-17,이행대기,,,
TSK-002338,ASG-003447,2026년 연1회,2027-03-24,이행대기,,,
TSK-002339,ASG-003448,2026년 연1회,2027-03-31,점검완료,2027-03-28,SD04-1,
TSK-002340,ASG-003449,2026년 연1회,2027-04-07,조치필요,2027-04-04,SD04-1,
TSK-002341,ASG-003450,2026년 연1회,2027-04-14,기간초과,,,
TSK-002342,ASG-003451,2026년 연1회,2027-04-21,이행완료,2027-04-18,SD04-1,
TSK-002343,ASG-003452,2026년 연1회,2027-04-28,이행대기,,,
TSK-002344,ASG-003453,2026년 연1회,2027-05-05,이행완료,2027-05-02,SD04-1,
TSK-002345,ASG-003454,2026년 연1회,2027-05-12,이행대기,,,
TSK-002346,ASG-003455,2026년 연1회,2027-05-19,이행대기,,,
TSK-002347,ASG-003456,2026년 연1회,2026-05-26,점검완료,2026-05-23,SD04-1,
TSK-002348,ASG-003457,2026년 연1회,2026-06-02,조치필요,2026-05-30,SD04-1,
TSK-002349,ASG-003458,2026년 연1회,2026-06-09,기간초과,,,
TSK-002350,ASG-003459,2026년 연1회,2026-06-16,이행완료,2026-06-13,SD04-1,
TSK-002351,ASG-003460,2026년 상시,2026-06-23,기간초과,,,
TSK-002352,ASG-003461,2026년 상시,2026-06-30,이행완료,2026-06-27,SD04-1,
TSK-002353,ASG-003462,2026년 상시,2026-07-07,기간초과,,,
TSK-002354,ASG-003463,2026년 상시,2026-07-14,기간초과,,,
TSK-002355,ASG-003464,2026년 연1회,2026-07-21,점검완료,2026-07-18,SD04-1,
TSK-002356,ASG-003465,2026년 연1회,2026-07-28,조치필요,2026-07-25,SD04-1,
TSK-002357,ASG-003466,2026년 연1회,2026-08-04,기간초과,,,
TSK-002358,ASG-003467,2026년 연1회,2026-08-11,이행완료,2026-08-08,SD04-1,
TSK-002359,ASG-003468,2026년 연1회,2026-08-18,기간초과,,,
TSK-002360,ASG-003469,2026년 연1회,2026-08-25,이행완료,2026-08-22,SD04-1,
TSK-002361,ASG-003470,2026년 연1회,2026-09-01,기간초과,,,
TSK-002362,ASG-003471,2026년 연1회,2026-09-08,기간초과,,,
TSK-002363,ASG-003472,2026년 연1회,2026-09-15,점검완료,2026-09-12,SD04-1,
TSK-002364,ASG-003473,2026년 연1회,2026-09-22,조치필요,2026-09-19,SD04-1,
TSK-002365,ASG-003474,2026년 연1회,2026-09-29,기간초과,,,
TSK-002366,ASG-003475,2026년 연1회,2026-10-06,이행완료,2026-10-03,SD04-1,
TSK-002367,ASG-003476,2026년 연1회,2026-10-13,이행대기,,,
TSK-002368,ASG-003477,2026년 연1회,2026-10-20,이행완료,2026-10-17,SD04-1,
TSK-002369,ASG-003478,2026년 연1회,2026-10-27,이행대기,,,
TSK-002370,ASG-003479,2026년 연1회,2026-11-03,이행대기,,,
TSK-002371,ASG-003480,2026년 상시,2026-11-10,점검완료,2026-11-07,SD04-1,
TSK-002372,ASG-003481,2026년 상시,2026-11-17,조치필요,2026-11-14,SD04-1,
TSK-002373,ASG-003482,2026년 상시,2026-11-24,기간초과,,,
TSK-002374,ASG-003483,2026년 상시,2026-12-01,이행완료,2026-11-28,SD04-1,
TSK-002375,ASG-003484,2026년 연1회,2026-12-08,이행대기,,,
TSK-002376,ASG-003485,2026년 연1회,2026-12-15,이행완료,2026-12-12,SD04-1,
TSK-002377,ASG-003486,2026년 연1회,2026-12-22,이행대기,,,
TSK-002378,ASG-003487,2026년 연1회,2026-12-29,이행대기,,,
TSK-002379,ASG-003488,2026년 연1회,2027-01-05,점검완료,2027-01-02,SD04-1,
TSK-002380,ASG-003489,2026년 연1회,2027-01-12,조치필요,2027-01-09,SD04-1,
TSK-002381,ASG-003490,2026년 연1회,2027-01-19,기간초과,,,
TSK-002382,ASG-003491,2026년 연1회,2027-01-26,이행완료,2027-01-23,SD04-1,
TSK-002383,ASG-003492,2026년 반기 1회,2026-11-20,이행대기,,,
TSK-002384,ASG-003493,2026년 반기 1회,2026-11-27,이행완료,2026-11-24,SD04-1,
TSK-002385,ASG-003494,2026년 반기 1회,2026-12-04,이행대기,,,
TSK-002386,ASG-003495,2026년 반기 1회,2026-12-11,이행대기,,,
TSK-002387,ASG-003496,2026년 상시,2027-03-02,점검완료,2027-02-27,SD04-1,
TSK-002388,ASG-003497,2026년 상시,2027-03-09,조치필요,2027-03-06,SD04-1,
TSK-002389,ASG-003498,2026년 상시,2027-03-16,기간초과,,,
TSK-002390,ASG-003499,2026년 상시,2027-03-23,이행완료,2027-03-20,SD04-1,
TSK-002391,ASG-003500,2026년 상시,2027-03-30,이행대기,,,
TSK-002392,ASG-003501,2026년 상시,2027-04-06,이행완료,2027-04-03,SD04-1,
TSK-002393,ASG-003502,2026년 상시,2027-04-13,이행대기,,,
TSK-002394,ASG-003503,2026년 상시,2027-04-20,이행대기,,,
TSK-002395,ASG-003504,2026년 연1회,2027-04-27,점검완료,2027-04-24,SD04-1,
TSK-002396,ASG-003505,2026년 연1회,2027-05-04,조치필요,2027-05-01,SD04-1,
TSK-002397,ASG-003506,2026년 연1회,2027-05-11,기간초과,,,
TSK-002398,ASG-003507,2026년 연1회,2027-05-18,이행완료,2027-05-15,SD04-1,
TSK-002399,ASG-003510,2026년 반기 1회,2026-09-13,기간초과,,,
TSK-002400,ASG-003511,2026년 반기 1회,2026-09-20,이행완료,2026-09-17,SD04-1,
TSK-002401,ASG-003512,2026년 반기 1회,2026-09-27,이행대기,,,
TSK-002402,ASG-003513,2026년 반기 1회,2026-10-04,이행대기,,,
TSK-002403,ASG-003514,2026년 연1회,2026-06-22,점검완료,2026-06-19,SD04-1,
TSK-002404,ASG-003515,2026년 연1회,2026-06-29,조치필요,2026-06-26,SD04-1,
TSK-002405,ASG-003516,2026년 연1회,2026-07-06,기간초과,,,
TSK-002406,ASG-003517,2026년 연1회,2026-07-13,이행완료,2026-07-10,SD04-1,
TSK-002407,ASG-003518,2026년 반기 1회,2026-11-08,이행대기,,,
TSK-002408,ASG-003519,2026년 반기 1회,2026-11-15,이행완료,2026-11-12,SD04-1,
TSK-002409,ASG-003520,2026년 반기 1회,2026-11-22,이행대기,,,
TSK-002410,ASG-003521,2026년 반기 1회,2026-11-29,이행대기,,,
TSK-002411,ASG-003522,2026년 반기 1회,2026-12-06,점검완료,2026-12-03,SD04-1,
TSK-002412,ASG-003523,2026년 반기 1회,2026-12-13,조치필요,2026-12-10,SD04-1,
TSK-002413,ASG-003524,2026년 반기 1회,2026-12-20,기간초과,,,
TSK-002414,ASG-003525,2026년 반기 1회,2026-12-27,이행완료,2026-12-24,SD04-1,
TSK-002415,ASG-003526,2026년 반기 1회,2027-01-03,이행대기,,,
TSK-002416,ASG-003527,2026년 반기 1회,2027-01-10,이행완료,2027-01-07,SD04-1,
TSK-002417,ASG-003528,2026년 반기 1회,2027-01-17,이행대기,,,
TSK-002418,ASG-003529,2026년 반기 1회,2026-07-28,기간초과,,,
TSK-002419,ASG-003530,2026년 반기 1회,2026-08-04,점검완료,2026-08-01,SD04-1,
TSK-002420,ASG-003531,2026년 반기 1회,2026-08-11,조치필요,2026-08-08,SD04-1,
TSK-002421,ASG-003532,2026년 반기 1회,2026-08-18,기간초과,,,
TSK-002422,ASG-003533,2026년 반기 1회,2026-08-25,이행완료,2026-08-22,SD04-1,
TSK-002423,ASG-003534,2026년 상시,2026-11-09,이행대기,,,
TSK-002424,ASG-003535,2026년 상시,2026-11-16,이행완료,2026-11-13,SD04-1,
TSK-002425,ASG-003536,2026년 상시,2026-11-23,이행대기,,,
TSK-002426,ASG-003537,2026년 상시,2026-11-30,이행대기,,,
TSK-002427,ASG-003538,2026년 상시,2026-12-07,점검완료,2026-12-04,SD04-1,
TSK-002428,ASG-003539,2026년 상시,2026-12-14,조치필요,2026-12-11,SD04-1,
TSK-002429,ASG-003540,2026년 상시,2026-12-21,기간초과,,,
TSK-002430,ASG-003541,2026년 상시,2026-12-28,이행완료,2026-12-25,SD04-1,
TSK-002431,ASG-003542,2026년 상시,2027-01-04,이행대기,,,
TSK-002432,ASG-003543,2026년 상시,2027-01-11,이행완료,2027-01-08,SD04-1,
TSK-002433,ASG-003544,2026년 상시,2027-01-18,이행대기,,,
TSK-002434,ASG-003545,2026년 상시,2027-01-25,이행대기,,,
TSK-002435,ASG-003546,2026년 상시,2027-02-01,점검완료,2027-01-29,SD04-1,
TSK-002436,ASG-003547,2026년 상시,2027-02-08,조치필요,2027-02-05,SD04-1,
TSK-002437,ASG-003548,2026년 상시,2027-02-15,기간초과,,,
TSK-002438,ASG-003549,2026년 상시,2027-02-22,이행완료,2027-02-19,SD04-1,
TSK-002439,ASG-003550,2026년 상시,2027-03-01,이행대기,,,
TSK-002440,ASG-003551,2026년 상시,2027-03-08,이행완료,2027-03-05,SD04-1,
TSK-002441,ASG-003552,2026년 상시,2027-03-15,이행대기,,,
TSK-002442,ASG-003553,2026년 상시,2027-03-22,이행대기,,,
TSK-002443,ASG-003554,2026년 상시,2027-03-29,점검완료,2027-03-26,SD04-1,
TSK-002444,ASG-003555,2026년 상시,2027-04-05,조치필요,2027-04-02,SD04-1,
TSK-002445,ASG-003556,2026년 상시,2027-04-12,기간초과,,,
TSK-002446,ASG-003557,2026년 상시,2027-04-19,이행완료,2027-04-16,SD04-1,
TSK-002447,ASG-003558,2026년 연1회,2027-04-26,이행대기,,,
TSK-002448,ASG-003559,2026년 연1회,2027-05-03,이행완료,2027-04-30,SD04-1,
TSK-002449,ASG-003560,2026년 연1회,2027-05-10,이행대기,,,
TSK-002450,ASG-003561,2026년 연1회,2027-05-17,이행대기,,,
TSK-002451,ASG-003562,2026년 반기 1회,2026-09-17,점검완료,2026-09-14,SD04-1,
TSK-002452,ASG-003563,2026년 반기 1회,2026-09-24,조치필요,2026-09-21,SD04-1,
TSK-002453,ASG-003564,2026년 반기 1회,2026-10-01,기간초과,,,
TSK-002454,ASG-003565,2026년 반기 1회,2026-10-08,이행완료,2026-10-05,SD04-1,
TSK-002455,ASG-003575,2026년 연1회,2026-06-21,기간초과,,,
TSK-002456,ASG-003576,2026년 연1회,2026-06-28,이행완료,2026-06-25,SD04-1,
TSK-002457,ASG-003577,2026년 연1회,2026-07-05,기간초과,,,
TSK-002458,ASG-003578,2026년 연1회,2026-07-12,기간초과,,,
TSK-002459,ASG-003579,2026년 상시,2026-07-19,점검완료,2026-07-16,SD04-1,
TSK-002460,ASG-003580,2026년 상시,2026-07-26,조치필요,2026-07-23,SD04-1,
TSK-002461,ASG-003581,2026년 상시,2026-08-02,기간초과,,,
TSK-002462,ASG-003582,2026년 상시,2026-08-09,이행완료,2026-08-06,SD04-1,
TSK-002463,ASG-003583,2026년 반기 1회,2026-12-10,이행대기,,,
TSK-002464,ASG-003584,2026년 반기 1회,2026-12-17,이행완료,2026-12-14,SD04-1,
TSK-002465,ASG-003585,2026년 반기 1회,2026-12-24,이행대기,,,
TSK-002466,ASG-003586,2026년 반기 1회,2026-12-31,이행대기,,,
TSK-002467,ASG-003587,2026년 상시,2026-09-13,점검완료,2026-09-10,SD04-1,
TSK-002468,ASG-003588,2026년 상시,2026-09-20,조치필요,2026-09-17,SD04-1,
TSK-002469,ASG-003589,2026년 상시,2026-09-27,기간초과,,,
TSK-002470,ASG-003590,2026년 상시,2026-10-04,이행완료,2026-10-01,SD04-1,
TSK-002471,ASG-003591,2026년 수시,2026-08-08,기간초과,,,
TSK-002472,ASG-003592,2026년 수시,2026-08-15,이행완료,2026-08-12,SD04-1,
TSK-002473,ASG-003593,2026년 수시,2026-08-22,기간초과,,,
TSK-002474,ASG-003594,2026년 수시,2026-08-29,기간초과,,,
TSK-002475,ASG-003595,2026년 수시,2026-09-05,점검완료,2026-09-02,SD04-1,
TSK-002476,ASG-003596,2026년 수시,2026-09-12,조치필요,2026-09-09,SD04-1,
TSK-002477,ASG-003597,2026년 수시,2026-09-19,기간초과,,,
TSK-002478,ASG-003598,2026년 수시,2026-09-26,이행완료,2026-09-23,SD04-1,
TSK-002479,ASG-003599,2026년 상시,2026-12-06,이행대기,,,
TSK-002480,ASG-003600,2026년 상시,2026-12-13,이행완료,2026-12-10,SD04-1,
TSK-002481,ASG-003601,2026년 상시,2026-12-20,이행대기,,,
TSK-002482,ASG-003602,2026년 상시,2026-12-27,이행대기,,,
TSK-002483,ASG-003603,2026년 상시,2027-01-03,점검완료,2026-12-31,SD04-1,
TSK-002484,ASG-003604,2026년 상시,2027-01-10,조치필요,2027-01-07,SD04-1,
TSK-002485,ASG-003605,2026년 상시,2027-01-17,기간초과,,,
TSK-002486,ASG-003606,2026년 상시,2027-01-24,이행완료,2027-01-21,SD04-1,
TSK-002487,ASG-003607,2026년 상시,2027-01-31,이행대기,,,
TSK-002488,ASG-003608,2026년 상시,2027-02-07,이행완료,2027-02-04,SD04-1,
TSK-002489,ASG-003609,2026년 상시,2027-02-14,이행대기,,,
TSK-002490,ASG-003610,2026년 상시,2027-02-21,이행대기,,,
TSK-002491,ASG-003611,2026년 상시,2027-02-28,점검완료,2027-02-25,SD04-1,
TSK-002492,ASG-003612,2026년 상시,2027-03-07,조치필요,2027-03-04,SD04-1,
TSK-002493,ASG-003613,2026년 상시,2027-03-14,기간초과,,,
TSK-002494,ASG-003614,2026년 상시,2027-03-21,이행완료,2027-03-18,SD04-1,
TSK-002495,ASG-003615,2026년 상시,2027-03-28,이행대기,,,
TSK-002496,ASG-003616,2026년 상시,2027-04-04,이행완료,2027-04-01,SD04-1,
TSK-002497,ASG-003617,2026년 상시,2027-04-11,이행대기,,,
TSK-002498,ASG-003618,2026년 상시,2027-04-18,이행대기,,,
TSK-002499,ASG-003619,2026년 상시,2027-04-25,점검완료,2027-04-22,SD04-1,
TSK-002500,ASG-003620,2026년 상시,2027-05-02,조치필요,2027-04-29,SD04-1,
TSK-002501,ASG-003621,2026년 상시,2027-05-09,기간초과,,,
TSK-002502,ASG-003622,2026년 상시,2027-05-16,이행완료,2027-05-13,SD04-1,
TSK-002503,ASG-003623,2026년 연1회,2026-05-23,기간초과,,,
TSK-002504,ASG-003624,2026년 연1회,2026-05-30,이행완료,2026-05-27,SD04-1,
TSK-002505,ASG-003625,2026년 연1회,2026-06-06,기간초과,,,
TSK-002506,ASG-003626,2026년 연1회,2026-06-13,기간초과,,,
TSK-002507,ASG-003627,2026년 연1회,2026-06-20,점검완료,2026-06-17,SD04-1,
TSK-002508,ASG-003628,2026년 연1회,2026-06-27,조치필요,2026-06-24,SD04-1,
TSK-002509,ASG-003629,2026년 연1회,2026-07-04,기간초과,,,
TSK-002510,ASG-003630,2026년 연1회,2026-07-11,이행완료,2026-07-08,SD04-1,
TSK-002511,ASG-003631,2026년 반기 1회,2026-11-16,이행대기,,,
TSK-002512,ASG-003632,2026년 반기 1회,2026-11-23,이행완료,2026-11-20,SD04-1,
TSK-002513,ASG-003633,2026년 반기 1회,2026-11-30,이행대기,,,
TSK-002514,ASG-003634,2026년 반기 1회,2026-12-07,이행대기,,,
TSK-002515,ASG-003635,2026년 수시,2026-12-14,점검완료,2026-12-11,SD04-1,
TSK-002516,ASG-003636,2026년 수시,2026-12-21,조치필요,2026-12-18,SD04-1,
TSK-002517,ASG-003637,2026년 수시,2026-12-28,기간초과,,,
TSK-002518,ASG-003638,2026년 수시,2027-01-04,이행완료,2027-01-01,SD04-1,
TSK-002519,ASG-003641,2026년 수시,2027-01-11,이행대기,,,
TSK-002520,ASG-003643,2026년 반기 1회,2026-07-22,이행완료,2026-07-19,SD04-1,
TSK-002521,ASG-003644,2026년 반기 1회,2026-07-29,기간초과,,,
TSK-002522,ASG-003645,2026년 반기 1회,2026-08-05,기간초과,,,
TSK-002523,ASG-003646,2026년 반기 1회,2026-08-12,점검완료,2026-08-09,SD04-1,
TSK-002524,ASG-003647,2026년 반기 1회,2026-08-19,조치필요,2026-08-16,SD04-1,
TSK-002525,ASG-003648,2026년 반기 1회,2026-08-26,기간초과,,,
TSK-002526,ASG-003649,2026년 반기 1회,2026-09-02,이행완료,2026-08-30,SD04-1,
TSK-002527,ASG-003650,2026년 반기 1회,2026-09-09,기간초과,,,
TSK-002528,ASG-003651,2026년 반기 1회,2026-09-16,이행완료,2026-09-13,SD04-1,
TSK-002529,ASG-003652,2026년 반기 1회,2026-09-23,이행대기,,,
TSK-002530,ASG-003653,2026년 반기 1회,2026-09-30,이행대기,,,
TSK-002531,ASG-003654,2026년 반기 1회,2026-10-07,점검완료,2026-10-04,SD04-1,
TSK-002532,ASG-003655,2026년 반기 1회,2026-10-14,조치필요,2026-10-11,SD04-1,
TSK-002533,ASG-003656,2026년 반기 1회,2026-10-21,기간초과,,,
TSK-002534,ASG-003657,2026년 반기 1회,2026-10-28,이행완료,2026-10-25,SD04-1,
TSK-002535,ASG-003658,2026년 반기 1회,2026-11-04,이행대기,,,
TSK-002536,ASG-003659,2026년 반기 1회,2026-11-11,이행완료,2026-11-08,SD04-1,
TSK-002537,ASG-003660,2026년 반기 1회,2026-11-18,이행대기,,,
TSK-002538,ASG-003661,2026년 반기 1회,2026-11-25,이행대기,,,
TSK-002539,ASG-003662,2026년 반기 1회,2026-12-02,점검완료,2026-11-29,SD04-1,
TSK-002540,ASG-003663,2026년 반기 1회,2026-12-09,조치필요,2026-12-06,SD04-1,
TSK-002541,ASG-003664,2026년 반기 1회,2026-12-16,기간초과,,,
TSK-002542,ASG-003665,2026년 반기 1회,2026-12-23,이행완료,2026-12-20,SD04-1,
TSK-002543,ASG-003666,2026년 반기 1회,2026-12-30,이행대기,,,
TSK-002544,ASG-003667,2026년 상시,2027-03-06,이행완료,2027-03-03,SD04-1,
TSK-002545,ASG-003668,2026년 상시,2027-03-13,이행대기,,,
TSK-002546,ASG-003669,2026년 상시,2027-03-20,이행대기,,,
TSK-002547,ASG-003670,2026년 상시,2027-03-27,점검완료,2027-03-24,SD04-1,
TSK-002548,ASG-003671,2026년 상시,2027-04-03,조치필요,2027-03-31,SD04-1,
TSK-002549,ASG-003672,2026년 상시,2027-04-10,기간초과,,,
TSK-002550,ASG-003673,2026년 상시,2027-04-17,이행완료,2027-04-14,SD04-1,
TSK-002551,ASG-003674,2026년 상시,2027-04-24,이행대기,,,
TSK-002552,ASG-003675,2026년 상시,2027-05-01,이행완료,2027-04-28,SD04-1,
TSK-002553,ASG-003676,2026년 상시,2027-05-08,이행대기,,,
TSK-002554,ASG-003677,2026년 상시,2027-05-15,이행대기,,,
TSK-002555,ASG-003678,2026년 상시,2026-05-22,점검완료,2026-05-19,SD04-1,
TSK-002556,ASG-003679,2026년 상시,2026-05-29,조치필요,2026-05-26,SD04-1,
TSK-002557,ASG-003680,2026년 상시,2026-06-05,기간초과,,,
TSK-002558,ASG-003681,2026년 상시,2026-06-12,이행완료,2026-06-09,SD04-1,
TSK-002559,ASG-003682,2026년 상시,2026-06-19,기간초과,,,
TSK-002560,ASG-003683,2026년 상시,2026-06-26,이행완료,2026-06-23,SD04-1,
TSK-002561,ASG-003684,2026년 상시,2026-07-03,기간초과,,,
TSK-002562,ASG-003685,2026년 상시,2026-07-10,기간초과,,,
TSK-002563,ASG-003686,2026년 상시,2026-07-17,점검완료,2026-07-14,SD04-1,
TSK-002564,ASG-003687,2026년 상시,2026-07-24,조치필요,2026-07-21,SD04-1,
TSK-002565,ASG-003688,2026년 상시,2026-07-31,기간초과,,,
TSK-002566,ASG-003689,2026년 상시,2026-08-07,이행완료,2026-08-04,SD04-1,
TSK-002567,ASG-003690,2026년 상시,2026-08-14,기간초과,,,
TSK-002568,ASG-003691,2026년 상시,2026-08-21,이행완료,2026-08-18,SD04-1,
TSK-002569,ASG-003692,2026년 상시,2026-08-28,기간초과,,,
TSK-002570,ASG-003693,2026년 상시,2026-09-04,기간초과,,,
TSK-002571,ASG-003694,2026년 상시,2026-09-11,점검완료,2026-09-08,SD04-1,
TSK-002572,ASG-003695,2026년 상시,2026-09-18,조치필요,2026-09-15,SD04-1,
TSK-002573,ASG-003696,2026년 상시,2026-09-25,기간초과,,,
TSK-002574,ASG-003697,2026년 상시,2026-10-02,이행완료,2026-09-29,SD04-1,
TSK-002575,ASG-003698,2026년 상시,2026-10-09,이행대기,,,
TSK-002576,ASG-003702,2026년 반기 1회,2026-08-23,이행완료,2026-08-20,SD04-1,
TSK-002577,ASG-003703,2026년 반기 1회,2026-08-30,기간초과,,,
TSK-002578,ASG-003704,2026년 반기 1회,2026-09-06,기간초과,,,
TSK-002579,ASG-003705,2026년 반기 1회,2026-09-13,점검완료,2026-09-10,SD04-1,
TSK-002580,ASG-003706,2026년 반기 1회,2026-09-20,조치필요,2026-09-17,SD04-1,
TSK-002581,ASG-003707,2026년 반기 1회,2026-09-27,기간초과,,,
TSK-002582,ASG-003708,2026년 반기 1회,2026-10-04,이행완료,2026-10-01,SD04-1,
TSK-002583,ASG-003709,2026년 반기 1회,2026-10-11,이행대기,,,
TSK-002584,ASG-003710,2026년 반기 1회,2026-10-18,이행완료,2026-10-15,SD04-1,
TSK-002585,ASG-003711,2026년 반기 1회,2026-10-25,이행대기,,,
TSK-002586,ASG-003712,2026년 반기 1회,2026-11-01,이행대기,,,
TSK-002587,ASG-003713,2026년 반기 1회,2026-11-08,점검완료,2026-11-05,SD04-1,
TSK-002588,ASG-003714,2026년 반기 1회,2026-11-15,조치필요,2026-11-12,SD04-1,
TSK-002589,ASG-003715,2026년 반기 1회,2026-11-22,기간초과,,,
TSK-002590,ASG-003716,2026년 반기 1회,2026-11-29,이행완료,2026-11-26,SD04-1,
TSK-002591,ASG-003717,2026년 반기 1회,2026-12-06,이행대기,,,
TSK-002592,ASG-003718,2026년 상시,2027-02-05,이행완료,2027-02-02,SD04-1,
TSK-002593,ASG-003719,2026년 상시,2027-02-12,이행대기,,,
TSK-002594,ASG-003720,2026년 상시,2027-02-19,이행대기,,,
TSK-002595,ASG-003721,2026년 상시,2027-02-26,점검완료,2027-02-23,SD04-1,
TSK-002596,ASG-003723,2026년 상시,2027-03-05,조치필요,2027-03-02,SD04-1,
TSK-002597,ASG-003724,2026년 상시,2027-03-12,기간초과,,,
TSK-002598,ASG-003725,2026년 상시,2027-03-19,이행완료,2027-03-16,SD04-1,
TSK-002599,ASG-003726,2026년 상시,2027-03-26,이행대기,,,
TSK-002600,ASG-003727,2026년 상시,2027-04-02,이행완료,2027-03-30,SD05-1,
TSK-002601,ASG-003728,2026년 상시,2027-04-09,이행대기,,,
TSK-002602,ASG-003729,2026년 상시,2027-04-16,이행대기,,,
TSK-002603,ASG-003730,2026년 상시,2027-04-23,점검완료,2027-04-20,SD04-1,
TSK-002604,ASG-003731,2026년 상시,2027-04-30,조치필요,2027-04-27,SD04-1,
TSK-002605,ASG-003733,2026년 상시,2027-05-07,기간초과,,,
TSK-002606,ASG-003734,2026년 상시,2027-05-14,이행완료,2027-05-11,SD04-1,
TSK-002607,ASG-003735,2026년 상시,2027-05-21,이행대기,,,
TSK-002608,ASG-003736,2026년 상시,2026-05-28,이행완료,2026-05-25,SD04-1,
TSK-002609,ASG-003737,2026년 상시,2026-06-04,기간초과,,,
TSK-002610,ASG-003738,2026년 상시,2026-06-11,기간초과,,,
TSK-002611,ASG-003739,2026년 상시,2026-06-18,점검완료,2026-06-15,SD04-1,
TSK-002612,ASG-003740,2026년 상시,2026-06-25,조치필요,2026-06-22,SD04-1,
TSK-002613,ASG-003741,2026년 상시,2026-07-02,기간초과,,,
TSK-002614,ASG-003742,2026년 상시,2026-07-09,이행완료,2026-07-06,SD04-1,
TSK-002615,ASG-003743,2026년 상시,2026-07-16,기간초과,,,
TSK-002616,ASG-003744,2026년 상시,2026-07-23,이행완료,2026-07-20,SD04-1,
TSK-002617,ASG-003745,2026년 반기 1회,2026-12-08,이행대기,,,
TSK-002618,ASG-003746,2026년 반기 1회,2026-12-15,이행대기,,,
TSK-002619,ASG-003747,2026년 반기 1회,2026-12-22,점검완료,2026-12-19,SD04-1,
TSK-002620,ASG-003748,2026년 반기 1회,2026-12-29,조치필요,2026-12-26,SD04-1,
TSK-002621,ASG-003749,2026년 상시,2026-08-27,기간초과,,,
TSK-002622,ASG-003750,2026년 상시,2026-09-03,이행완료,2026-08-31,SD04-1,
TSK-002623,ASG-003751,2026년 상시,2026-09-10,기간초과,,,
TSK-002624,ASG-003752,2026년 상시,2026-09-17,이행완료,2026-09-14,SD04-1,
TSK-002625,ASG-003753,2026년 반기 1회,2026-08-06,기간초과,,,
TSK-002626,ASG-003754,2026년 반기 1회,2026-08-13,기간초과,,,
TSK-002627,ASG-003755,2026년 반기 1회,2026-08-20,점검완료,2026-08-17,SD04-1,
TSK-002628,ASG-003756,2026년 반기 1회,2026-08-27,조치필요,2026-08-24,SD04-1,
TSK-002629,ASG-003757,2026년 반기 1회,2026-09-03,기간초과,,,
TSK-002630,ASG-003758,2026년 반기 1회,2026-09-10,이행완료,2026-09-07,SD04-1,
TSK-002631,ASG-003759,2026년 반기 1회,2026-09-17,기간초과,,,
TSK-002632,ASG-003760,2026년 반기 1회,2026-09-24,이행완료,2026-09-21,SD04-1,
TSK-002633,ASG-003761,2026년 반기 1회,2026-10-01,이행대기,,,
TSK-002634,ASG-003762,2026년 반기 1회,2026-10-08,이행대기,,,
TSK-002635,ASG-003763,2026년 반기 1회,2026-10-15,점검완료,2026-10-12,SD04-1,
TSK-002636,ASG-003764,2026년 반기 1회,2026-10-22,조치필요,2026-10-19,SD04-1,
TSK-002637,ASG-003765,2026년 반기 1회,2026-10-29,기간초과,,,
TSK-002638,ASG-003766,2026년 반기 1회,2026-11-05,이행완료,2026-11-02,SD04-1,
TSK-002639,ASG-003767,2026년 반기 1회,2026-11-12,이행대기,,,
TSK-002640,ASG-003768,2026년 반기 1회,2026-11-19,이행완료,2026-11-16,SD04-1,
TSK-002641,ASG-003769,2026년 반기 1회,2026-11-26,이행대기,,,
TSK-002642,ASG-003770,2026년 반기 1회,2026-12-03,이행대기,,,
TSK-002643,ASG-003771,2026년 반기 1회,2026-12-10,점검완료,2026-12-07,SD04-1,
TSK-002644,ASG-003772,2026년 반기 1회,2026-12-17,조치필요,2026-12-14,SD04-1,
TSK-002645,ASG-003773,2026년 반기 1회,2026-12-24,기간초과,,,
TSK-002646,ASG-003774,2026년 반기 1회,2026-12-31,이행완료,2026-12-28,SD04-1,
TSK-002647,ASG-003775,2026년 반기 1회,2027-01-07,이행대기,,,
TSK-002648,ASG-003776,2026년 반기 1회,2027-01-14,이행완료,2027-01-11,SD04-1,
TSK-002649,ASG-003777,2026년 반기 1회,2026-07-25,기간초과,,,
TSK-002650,ASG-003778,2026년 반기 1회,2026-08-01,기간초과,,,
TSK-002651,ASG-003779,2026년 반기 1회,2026-08-08,점검완료,2026-08-05,SD04-1,
TSK-002652,ASG-003780,2026년 반기 1회,2026-08-15,조치필요,2026-08-12,SD04-1,
TSK-002653,ASG-003781,2026년 반기 1회,2026-08-22,기간초과,,,
TSK-002654,ASG-003782,2026년 반기 1회,2026-08-29,이행완료,2026-08-26,SD04-1,
TSK-002655,ASG-003783,2026년 반기 1회,2026-09-05,기간초과,,,
TSK-002656,ASG-003784,2026년 반기 1회,2026-09-12,이행완료,2026-09-09,SD04-1,
TSK-002657,ASG-003785,2026년 상시,2027-05-06,이행대기,,,
TSK-002658,ASG-003786,2026년 상시,2027-05-13,이행대기,,,
TSK-002659,ASG-003787,2026년 상시,2027-05-20,점검완료,2027-05-17,SD04-1,
TSK-002660,ASG-003788,2026년 상시,2026-05-27,조치필요,2026-05-24,SD04-1,
TSK-002661,ASG-003789,2026년 상시,2026-06-03,기간초과,,,
TSK-002662,ASG-003790,2026년 상시,2026-06-10,이행완료,2026-06-07,SD04-1,
TSK-002663,ASG-003791,2026년 상시,2026-06-17,기간초과,,,
TSK-002664,ASG-003792,2026년 상시,2026-06-24,이행완료,2026-06-21,SD04-1,
TSK-002665,ASG-003794,2026년 상시,2026-07-01,기간초과,,,
TSK-002666,ASG-003795,2026년 상시,2026-07-08,기간초과,,,
TSK-002667,ASG-003796,2026년 상시,2026-07-15,점검완료,2026-07-12,SD04-1,
TSK-002668,ASG-003797,2026년 상시,2026-07-22,조치필요,2026-07-19,SD04-1,
TSK-002669,ASG-003798,2026년 반기 1회,2026-12-12,기간초과,,,
TSK-002670,ASG-003799,2026년 반기 1회,2026-12-19,이행완료,2026-12-16,SD04-1,
TSK-002671,ASG-003800,2026년 반기 1회,2026-12-26,이행대기,,,
TSK-002672,ASG-003801,2026년 반기 1회,2027-01-02,이행완료,2026-12-30,SD04-1,
TSK-002673,ASG-003802,2026년 반기 1회,2027-01-09,이행대기,,,
TSK-002674,ASG-003803,2026년 반기 1회,2027-01-16,이행대기,,,
TSK-002675,ASG-003804,2026년 반기 1회,2026-07-27,점검완료,2026-07-24,SD04-1,
TSK-002676,ASG-003805,2026년 반기 1회,2026-08-03,조치필요,2026-07-31,SD04-1,
TSK-002677,ASG-003806,2026년 반기 1회,2026-08-10,기간초과,,,
TSK-002678,ASG-003807,2026년 반기 1회,2026-08-17,이행완료,2026-08-14,SD04-1,
TSK-002679,ASG-003808,2026년 반기 1회,2026-08-24,기간초과,,,
TSK-002680,ASG-003809,2026년 반기 1회,2026-08-31,이행완료,2026-08-28,SD04-1,
TSK-002681,ASG-003810,2026년 연1회,2026-10-21,이행대기,,,
TSK-002682,ASG-003811,2026년 연1회,2026-10-28,이행대기,,,
TSK-002683,ASG-003812,2026년 연1회,2026-11-04,점검완료,2026-11-01,SD04-1,
TSK-002684,ASG-003813,2026년 연1회,2026-11-11,조치필요,2026-11-08,SD04-1,
TSK-002685,ASG-003814,2026년 연1회,2026-11-18,기간초과,,,
TSK-002686,ASG-003815,2026년 연1회,2026-11-25,이행완료,2026-11-22,SD04-1,
TSK-002687,ASG-003816,2026년 연1회,2026-12-02,이행대기,,,
TSK-002688,ASG-003817,2026년 연1회,2026-12-09,이행완료,2026-12-06,SD04-1,
TSK-002689,ASG-003818,2026년 반기 1회,2026-11-02,이행대기,,,
TSK-002690,ASG-003819,2026년 반기 1회,2026-11-09,이행대기,,,
TSK-002691,ASG-003820,2026년 반기 1회,2026-11-16,점검완료,2026-11-13,SD04-1,
TSK-002692,ASG-003821,2026년 반기 1회,2026-11-23,조치필요,2026-11-20,SD04-1,
TSK-002693,ASG-003822,2026년 반기 1회,2026-11-30,기간초과,,,
TSK-002694,ASG-003823,2026년 반기 1회,2026-12-07,이행완료,2026-12-04,SD04-1,
TSK-002695,ASG-003824,2026년 반기 1회,2026-12-14,이행대기,,,
TSK-002696,ASG-003825,2026년 반기 1회,2026-12-21,이행완료,2026-12-18,SD04-1,
TSK-002697,ASG-003826,2026년 상시,2027-02-10,이행대기,,,
TSK-002698,ASG-003827,2026년 상시,2027-02-17,이행대기,,,
TSK-002699,ASG-003828,2026년 상시,2027-02-24,점검완료,2027-02-21,SD11-1,
TSK-002700,ASG-003829,2026년 상시,2027-03-03,조치필요,2027-02-28,SD11-1,
TSK-002701,ASG-003831,2026년 연1회,2027-03-10,기간초과,,,
TSK-002702,ASG-003832,2026년 연1회,2027-03-17,이행완료,2027-03-14,SD04-1,
TSK-002703,ASG-003833,2026년 연1회,2027-03-24,이행대기,,,
TSK-002704,ASG-003834,2026년 연1회,2027-03-31,이행완료,2027-03-28,SD04-1,
TSK-002705,ASG-003835,2026년 연1회,2027-04-07,이행대기,,,
TSK-002706,ASG-003836,2026년 연1회,2027-04-14,이행대기,,,
TSK-002707,ASG-003837,2026년 연1회,2027-04-21,점검완료,2027-04-18,SD04-1,
TSK-002708,ASG-003838,2026년 연1회,2027-04-28,조치필요,2027-04-25,SD04-1,
TSK-002709,ASG-003839,2026년 연1회,2027-05-05,기간초과,,,
TSK-002710,ASG-003840,2026년 연1회,2027-05-12,이행완료,2027-05-09,SD04-1,
TSK-002711,ASG-003841,2026년 연1회,2027-05-19,이행대기,,,
TSK-002712,ASG-003842,2026년 연1회,2026-05-26,이행완료,2026-05-23,SD04-1,
TSK-002713,ASG-003843,2026년 연1회,2026-06-02,기간초과,,,
TSK-002714,ASG-003844,2026년 연1회,2026-06-09,기간초과,,,
TSK-002715,ASG-003845,2026년 연1회,2026-06-16,점검완료,2026-06-13,SD04-1,
TSK-002716,ASG-003846,2026년 연1회,2026-06-23,조치필요,2026-06-20,SD04-1,
TSK-002717,ASG-003847,2026년 연1회,2026-06-30,기간초과,,,
