assign_id,duty_key,asset_id,scope,target_code,dept_id,owner_staff_id,deputy_staff_id,applicability,applicability_note,cycle,cycle_days,decided_by,decided_at,badge
ASG-000001,DTY-00001,,유형,TG18,D09,SD09-1,SD09-2,확인필요,조건부 의무 — 보유·해당 여부 확인 필요,반기 1회,180,,,자산 대장 없음 — 보유 확인 필요
ASG-000002,DTY-00002,,유형,TG18,D09,SD09-1,SD09-2,확인필요,조건부 의무 — 보유·해당 여부 확인 필요,반기 1회,180,,,자산 대장 없음 — 보유 확인 필요
ASG-000003,DTY-00003,,기관,TG24,D13,SD13-1,SD13-2,해당,,수시,180,,,분류 추론 — 검수 전
ASG-000004,DTY-00004,,유형,TG09,D08,SD08-1,SD08-2,확인필요,조건부 의무 — 보유·해당 여부 확인 필요,수시,180,,,자산 대장 없음 — 보유 확인 필요
ASG-000005,DTY-00005,,유형,TG09,D08,SD08-1,SD08-2,확인필요,조건부 의무 — 보유·해당 여부 확인 필요,수시,180,,,자산 대장 없음 — 보유 확인 필요
ASG-000006,DTY-00006,,유형,TG99,D99,,,확인필요,조건부 의무 — 보유·해당 여부 확인 필요,반기 1회,180,,,정본 미반영 — 새 정독(검수 전) · 관리대상 확인 필요
ASG-000007,DTY-00007,,유형,TG99,D99,,,확인필요,조건부 의무 — 보유·해당 여부 확인 필요,반기 1회,180,,,정본 미반영 — 새 정독(검수 전) · 관리대상 확인 필요
ASG-000008,DTY-00008,,유형,TG99,D99,,,확인필요,조건부 의무 — 보유·해당 여부 확인 필요,수시,180,,,정본 미반영 — 새 정독(검수 전) · 관리대상 확인 필요
ASG-000009,DTY-00009,,유형,TG99,D99,,,확인필요,조건부 의무 — 보유·해당 여부 확인 필요,반기 1회,180,,,정본 미반영 — 새 정독(검수 전) · 관리대상 확인 필요
ASG-000010,DTY-00010,,유형,TG99,D99,,,확인필요,조건부 의무 — 보유·해당 여부 확인 필요,수시,180,,,정본 미반영 — 새 정독(검수 전) · 관리대상 확인 필요
ASG-000011,DTY-00011,,유형,TG03,D03,SD03-1,SD03-2,해당,,수시,180,,,분류 추론 — 검수 전
ASG-000012,DTY-00011,BR0000-0000002,자산,TG03,D03,SD03-1,SD03-2,해당,,수시,180,,,분류 추론 — 검수 전
ASG-000013,DTY-00011,BR1018-0000001,자산,TG03,D03,SD03-1,SD03-2,해당,,수시,180,,,분류 추론 — 검수 전
ASG-000014,DTY-00011,BR1900-0000009,자산,TG03,D03,SD03-1,SD03-2,해당,,수시,180,,,분류 추론 — 검수 전
ASG-000015,DTY-00012,,유형,TG03,D03,SD03-1,SD03-2,해당,,수시,180,,,분류 추론 — 검수 전
ASG-000016,DTY-00012,BR0000-0000002,자산,TG03,D03,SD03-1,SD03-2,해당,,수시,180,,,분류 추론 — 검수 전
ASG-000017,DTY-00012,BR1018-0000001,자산,TG03,D03,SD03-1,SD03-2,해당,,수시,180,,,분류 추론 — 검수 전
ASG-000018,DTY-00012,BR1900-0000009,자산,TG03,D03,SD03-1,SD03-2,해당,,수시,180,,,분류 추론 — 검수 전
ASG-000019,DTY-00013,,유형,TG03,D03,SD03-1,SD03-2,해당,,연1회,365,,,
ASG-000020,DTY-00013,BR0000-0000002,자산,TG03,D03,SD03-1,SD03-2,해당,,연1회,365,,,
ASG-000021,DTY-00013,BR1018-0000001,자산,TG03,D03,SD03-1,SD03-2,해당,,연1회,365,,,
ASG-000022,DTY-00013,BR1900-0000009,자산,TG03,D03,SD03-1,SD03-2,해당,,연1회,365,,,
ASG-000023,DTY-00014,,유형,TG03,D03,SD03-1,SD03-2,해당,,수시,180,,,
ASG-000024,DTY-00014,BR0000-0000002,자산,TG03,D03,SD03-1,SD03-2,해당,,수시,180,,,
ASG-000025,DTY-00014,BR1018-0000001,자산,TG03,D03,SD03-1,SD03-2,해당,,수시,180,,,
ASG-000026,DTY-00014,BR1900-0000009,자산,TG03,D03,SD03-1,SD03-2,해당,,수시,180,,,
ASG-000027,DTY-00015,,유형,TG03,D03,SD03-1,SD03-2,해당,,수시,180,,,
ASG-000028,DTY-00015,BR0000-0000002,자산,TG03,D03,SD03-1,SD03-2,해당,,수시,180,,,
ASG-000029,DTY-00015,BR1018-0000001,자산,TG03,D03,SD03-1,SD03-2,해당,,수시,180,,,
ASG-000030,DTY-00015,BR1900-0000009,자산,TG03,D03,SD03-1,SD03-2,해당,,수시,180,,,
ASG-000031,DTY-00016,,유형,TG12,D06,SD06-1,SD06-2,확인필요,조건부 의무 — 보유·해당 여부 확인 필요,상시,365,,,자산 대장 없음 — 보유 확인 필요
ASG-000032,DTY-00017,,유형,TG14,D10,SD10-1,SD10-2,확인필요,조건부 의무 — 보유·해당 여부 확인 필요,수시,180,,,자산 대장 없음 — 보유 확인 필요 · 분류 추론 — 검수 전
ASG-000033,DTY-00018,,유형,TG01,D04,SD04-1,SD04-2,해당,,수시,180,,,분류 추론 — 검수 전
ASG-000034,DTY-00018,ST2005-0000048,자산,TG01,D04,SD04-1,SD04-2,해당,,수시,180,,,분류 추론 — 검수 전
ASG-000035,DTY-00018,ST2005-0000049,자산,TG01,D04,SD04-1,SD04-2,해당,,수시,180,,,분류 추론 — 검수 전
ASG-000036,DTY-00018,ST2009-0000031,자산,TG01,D04,SD04-1,SD04-2,해당,,수시,180,,,분류 추론 — 검수 전
ASG-000037,DTY-00019,,유형,TG16,D09,SD09-1,SD09-2,확인필요,조건부 의무 — 보유·해당 여부 확인 필요,수시,180,,,자산 대장 없음 — 보유 확인 필요
ASG-000038,DTY-00020,,유형,TG16,D09,SD09-1,SD09-2,확인필요,조건부 의무 — 보유·해당 여부 확인 필요,수시,180,,,자산 대장 없음 — 보유 확인 필요
ASG-000039,DTY-00021,,유형,TG13,D09,SD09-1,SD09-2,해당,,수시,180,,,
ASG-000040,DTY-00021,AR1967-0000142,자산,TG13,D09,SD09-1,SD09-2,해당,,수시,180,,,
ASG-000041,DTY-00021,AR1969-0000298,자산,TG13,D09,SD09-1,SD09-2,해당,,수시,180,,,
ASG-000042,DTY-00021,AR1969-0000299,자산,TG13,D09,SD09-1,SD09-2,해당,,수시,180,,,
ASG-000043,DTY-00022,,유형,TG16,D09,SD09-1,SD09-2,확인필요,조건부 의무 — 보유·해당 여부 확인 필요,수시,180,,,자산 대장 없음 — 보유 확인 필요
ASG-000044,DTY-00023,,유형,TG16,D09,SD09-1,SD09-2,확인필요,조건부 의무 — 보유·해당 여부 확인 필요,수시,180,,,자산 대장 없음 — 보유 확인 필요
ASG-000045,DTY-00024,,유형,TG13,D09,SD09-1,SD09-2,해당,,수시,180,,,
ASG-000046,DTY-00024,AR1967-0000142,자산,TG13,D09,SD09-1,SD09-2,해당,,수시,180,,,
ASG-000047,DTY-00024,AR1969-0000298,자산,TG13,D09,SD09-1,SD09-2,해당,,수시,180,,,
ASG-000048,DTY-00024,AR1969-0000299,자산,TG13,D09,SD09-1,SD09-2,해당,,수시,180,,,
ASG-000049,DTY-00025,,유형,TG16,D09,SD09-1,SD09-2,확인필요,조건부 의무 — 보유·해당 여부 확인 필요,수시,180,,,자산 대장 없음 — 보유 확인 필요
ASG-000050,DTY-00026,,유형,TG16,D09,SD09-1,SD09-2,확인필요,조건부 의무 — 보유·해당 여부 확인 필요,수시,180,,,자산 대장 없음 — 보유 확인 필요
ASG-000051,DTY-00027,,유형,TG13,D09,SD09-1,SD09-2,해당,,수시,180,,,
ASG-000052,DTY-00027,AR1967-0000142,자산,TG13,D09,SD09-1,SD09-2,해당,,수시,180,,,
ASG-000053,DTY-00027,AR1969-0000298,자산,TG13,D09,SD09-1,SD09-2,해당,,수시,180,,,
ASG-000054,DTY-00027,AR1969-0000299,자산,TG13,D09,SD09-1,SD09-2,해당,,수시,180,,,
ASG-000055,DTY-00028,,유형,TG16,D09,SD09-1,SD09-2,확인필요,조건부 의무 — 보유·해당 여부 확인 필요,수시,180,,,자산 대장 없음 — 보유 확인 필요
ASG-000056,DTY-00029,,유형,TG16,D09,SD09-1,SD09-2,확인필요,조건부 의무 — 보유·해당 여부 확인 필요,수시,180,,,자산 대장 없음 — 보유 확인 필요
ASG-000057,DTY-00030,,유형,TG16,D09,SD09-1,SD09-2,확인필요,조건부 의무 — 보유·해당 여부 확인 필요,수시,180,,,자산 대장 없음 — 보유 확인 필요
ASG-000058,DTY-00031,,유형,TG16,D09,SD09-1,SD09-2,확인필요,조건부 의무 — 보유·해당 여부 확인 필요,수시,180,,,자산 대장 없음 — 보유 확인 필요
ASG-000059,DTY-00032,,유형,TG13,D09,SD09-1,SD09-2,해당,,수시,180,,,
ASG-000060,DTY-00032,AR1967-0000142,자산,TG13,D09,SD09-1,SD09-2,해당,,수시,180,,,
ASG-000061,DTY-00032,AR1969-0000298,자산,TG13,D09,SD09-1,SD09-2,해당,,수시,180,,,
ASG-000062,DTY-00032,AR1969-0000299,자산,TG13,D09,SD09-1,SD09-2,해당,,수시,180,,,
ASG-000063,DTY-00033,,유형,TG13,D09,SD09-1,SD09-2,해당,,수시,180,,,
ASG-000064,DTY-00033,AR1967-0000142,자산,TG13,D09,SD09-1,SD09-2,해당,,수시,180,,,
ASG-000065,DTY-00033,AR1969-0000298,자산,TG13,D09,SD09-1,SD09-2,해당,,수시,180,,,
ASG-000066,DTY-00033,AR1969-0000299,자산,TG13,D09,SD09-1,SD09-2,해당,,수시,180,,,
ASG-000067,DTY-00034,,유형,TG16,D09,SD09-1,SD09-2,확인필요,조건부 의무 — 보유·해당 여부 확인 필요,수시,180,,,자산 대장 없음 — 보유 확인 필요
ASG-000068,DTY-00035,,유형,TG16,D09,SD09-1,SD09-2,확인필요,조건부 의무 — 보유·해당 여부 확인 필요,수시,180,,,자산 대장 없음 — 보유 확인 필요
ASG-000069,DTY-00036,,유형,TG16,D09,SD09-1,SD09-2,확인필요,조건부 의무 — 보유·해당 여부 확인 필요,수시,180,,,자산 대장 없음 — 보유 확인 필요
ASG-000070,DTY-00037,,유형,TG16,D09,SD09-1,SD09-2,확인필요,조건부 의무 — 보유·해당 여부 확인 필요,수시,180,,,자산 대장 없음 — 보유 확인 필요
ASG-000071,DTY-00038,,유형,TG13,D09,SD09-1,SD09-2,해당,,수시,180,,,
ASG-000072,DTY-00038,AR1967-0000142,자산,TG13,D09,SD09-1,SD09-2,해당,,수시,180,,,
ASG-000073,DTY-00038,AR1969-0000298,자산,TG13,D09,SD09-1,SD09-2,해당,,수시,180,,,
ASG-000074,DTY-00038,AR1969-0000299,자산,TG13,D09,SD09-1,SD09-2,해당,,수시,180,,,
ASG-000075,DTY-00039,,유형,TG25,D02,SD02-1,SD02-2,해당,,수시,180,,,분류 추론 — 검수 전
ASG-000076,DTY-00039,AR1967-0000142,자산,TG25,D02,SD02-1,SD02-2,해당,,수시,180,,,분류 추론 — 검수 전
ASG-000077,DTY-00039,AR1969-0000298,자산,TG25,D02,SD02-1,SD02-2,해당,,수시,180,,,분류 추론 — 검수 전
ASG-000078,DTY-00039,AR1969-0000299,자산,TG25,D02,SD02-1,SD02-2,해당,,수시,180,,,분류 추론 — 검수 전
ASG-000079,DTY-00040,,유형,TG18,D09,SD09-1,SD09-2,확인필요,조건부 의무 — 보유·해당 여부 확인 필요,반기 1회,180,,,자산 대장 없음 — 보유 확인 필요
ASG-000080,DTY-00041,,유형,TG18,D09,SD09-1,SD09-2,확인필요,조건부 의무 — 보유·해당 여부 확인 필요,상시,365,,,자산 대장 없음 — 보유 확인 필요
ASG-000081,DTY-00042,,유형,TG18,D09,SD09-1,SD09-2,확인필요,조건부 의무 — 보유·해당 여부 확인 필요,반기 1회,180,,,자산 대장 없음 — 보유 확인 필요
ASG-000082,DTY-00043,,유형,TG18,D09,SD09-1,SD09-2,확인필요,조건부 의무 — 보유·해당 여부 확인 필요,상시,365,,,자산 대장 없음 — 보유 확인 필요
ASG-000083,DTY-00044,,유형,TG08,D06,SD06-1,SD06-2,확인필요,조건부 의무 — 보유·해당 여부 확인 필요,수시,180,,,자산 대장 없음 — 보유 확인 필요
ASG-000084,DTY-00045,,유형,TG07,D07,SD07-1,SD07-2,확인필요,조건부 의무 — 보유·해당 여부 확인 필요,수시,180,,,자산 대장 없음 — 보유 확인 필요
ASG-000085,DTY-00046,,유형,TG07,D07,SD07-1,SD07-2,확인필요,조건부 의무 — 보유·해당 여부 확인 필요,수시,180,,,자산 대장 없음 — 보유 확인 필요 · 분류 추론 — 검수 전
ASG-000086,DTY-00047,,유형,TG07,D07,SD07-1,SD07-2,확인필요,조건부 의무 — 보유·해당 여부 확인 필요,수시,180,,,자산 대장 없음 — 보유 확인 필요
ASG-000087,DTY-00048,,유형,TG07,D07,SD07-1,SD07-2,확인필요,조건부 의무 — 보유·해당 여부 확인 필요,수시,180,,,자산 대장 없음 — 보유 확인 필요 · 분류 추론 — 검수 전
ASG-000088,DTY-00049,,유형,TG07,D07,SD07-1,SD07-2,확인필요,조건부 의무 — 보유·해당 여부 확인 필요,수시,180,,,자산 대장 없음 — 보유 확인 필요
ASG-000089,DTY-00050,,유형,TG07,D07,SD07-1,SD07-2,확인필요,조건부 의무 — 보유·해당 여부 확인 필요,수시,180,,,자산 대장 없음 — 보유 확인 필요
ASG-000090,DTY-00051,,유형,TG07,D07,SD07-1,SD07-2,확인필요,조건부 의무 — 보유·해당 여부 확인 필요,수시,180,,,자산 대장 없음 — 보유 확인 필요
ASG-000091,DTY-00052,,유형,TG07,D07,SD07-1,SD07-2,확인필요,조건부 의무 — 보유·해당 여부 확인 필요,수시,180,,,자산 대장 없음 — 보유 확인 필요
ASG-000092,DTY-00053,,유형,TG07,D07,SD07-1,SD07-2,확인필요,조건부 의무 — 보유·해당 여부 확인 필요,수시,180,,,자산 대장 없음 — 보유 확인 필요
ASG-000093,DTY-00054,,유형,TG07,D07,SD07-1,SD07-2,확인필요,조건부 의무 — 보유·해당 여부 확인 필요,수시,180,,,자산 대장 없음 — 보유 확인 필요
ASG-000094,DTY-00055,,유형,TG07,D07,SD07-1,SD07-2,확인필요,조건부 의무 — 보유·해당 여부 확인 필요,수시,180,,,자산 대장 없음 — 보유 확인 필요
ASG-000095,DTY-00056,,유형,TG07,D07,SD07-1,SD07-2,확인필요,조건부 의무 — 보유·해당 여부 확인 필요,수시,180,,,자산 대장 없음 — 보유 확인 필요
ASG-000096,DTY-00057,,유형,TG07,D07,SD07-1,SD07-2,확인필요,조건부 의무 — 보유·해당 여부 확인 필요,수시,180,,,자산 대장 없음 — 보유 확인 필요
ASG-000097,DTY-00058,,유형,TG07,D07,SD07-1,SD07-2,확인필요,조건부 의무 — 보유·해당 여부 확인 필요,수시,180,,,자산 대장 없음 — 보유 확인 필요 · 분류 추론 — 검수 전
ASG-000098,DTY-00059,,유형,TG30,D11,SD11-1,SD11-2,확인필요,조건부 의무 — 보유·해당 여부 확인 필요,수시,180,,,자산 대장 없음 — 보유 확인 필요 · 분류 추론 — 검수 전
ASG-000099,DTY-00060,,유형,TG06,D13,SD13-1,SD13-2,해당,,수시,180,,,분류 추론 — 검수 전
ASG-000100,DTY-00060,WG2008-0000097,자산,TG06,D13,SD13-1,SD13-2,해당,,수시,180,,,분류 추론 — 검수 전
ASG-000101,DTY-00060,WG2008-0000098,자산,TG06,D13,SD13-1,SD13-2,해당,,수시,180,,,분류 추론 — 검수 전
ASG-000102,DTY-00060,WG2008-0000099,자산,TG06,D13,SD13-1,SD13-2,해당,,수시,180,,,분류 추론 — 검수 전
ASG-000103,DTY-00061,,기관,TG24,D13,SD13-1,SD13-2,해당,,수시,180,,,분류 추론 — 검수 전
ASG-000104,DTY-00062,,기관,TG24,D13,SD13-1,SD13-2,해당,,수시,180,,,분류 추론 — 검수 전
ASG-000105,DTY-00063,,기관,TG24,D13,SD13-1,SD13-2,해당,,수시,180,,,분류 추론 — 검수 전
ASG-000106,DTY-00064,,기관,TG24,D13,SD13-1,SD13-2,해당,,수시,180,,,분류 추론 — 검수 전
ASG-000107,DTY-00065,,기관,TG24,D13,SD13-1,SD13-2,해당,,수시,180,,,분류 추론 — 검수 전
ASG-000108,DTY-00066,,기관,TG24,D13,SD13-1,SD13-2,해당,,수시,180,,,분류 추론 — 검수 전
ASG-000109,DTY-00067,,기관,TG24,D13,SD13-1,SD13-2,해당,,수시,180,,,분류 추론 — 검수 전
ASG-000110,DTY-00068,,기관,TG24,D13,SD13-1,SD13-2,해당,,수시,180,,,분류 추론 — 검수 전
ASG-000111,DTY-00069,,기관,TG24,D13,SD13-1,SD13-2,해당,,수시,180,,,분류 추론 — 검수 전
ASG-000112,DTY-00070,,기관,TG24,D13,SD13-1,SD13-2,해당,,수시,180,,,분류 추론 — 검수 전
ASG-000113,DTY-00071,,기관,TG24,D13,SD13-1,SD13-2,해당,,수시,180,,,분류 추론 — 검수 전
ASG-000114,DTY-00072,,기관,TG24,D13,SD13-1,SD13-2,해당,,수시,180,,,분류 추론 — 검수 전
ASG-000115,DTY-00073,,기관,TG24,D13,SD13-1,SD13-2,해당,,수시,180,,,분류 추론 — 검수 전
ASG-000116,DTY-00074,,기관,TG24,D13,SD13-1,SD13-2,해당,,수시,180,,,분류 추론 — 검수 전
ASG-000117,DTY-00075,,기관,TG24,D13,SD13-1,SD13-2,해당,,수시,180,,,분류 추론 — 검수 전
ASG-000118,DTY-00076,,기관,TG24,D13,SD13-1,SD13-2,해당,,수시,180,,,분류 추론 — 검수 전
ASG-000119,DTY-00077,,기관,TG24,D13,SD13-1,SD13-2,해당,,수시,180,,,분류 추론 — 검수 전
ASG-000120,DTY-00078,,기관,TG24,D13,SD13-1,SD13-2,해당,,수시,180,,,분류 추론 — 검수 전
ASG-000121,DTY-00079,,기관,TG24,D13,SD13-1,SD13-2,해당,,수시,180,,,분류 추론 — 검수 전
ASG-000122,DTY-00080,,기관,TG24,D13,SD13-1,SD13-2,해당,,수시,180,,,분류 추론 — 검수 전
ASG-000123,DTY-00081,,기관,TG24,D13,SD13-1,SD13-2,해당,,수시,180,,,분류 추론 — 검수 전
ASG-000124,DTY-00082,,기관,TG24,D13,SD13-1,SD13-2,해당,,수시,180,,,분류 추론 — 검수 전
ASG-000125,DTY-00083,,기관,TG24,D13,SD13-1,SD13-2,해당,,수시,180,,,분류 추론 — 검수 전
ASG-000126,DTY-00084,,기관,TG24,D13,SD13-1,SD13-2,해당,,수시,180,,,분류 추론 — 검수 전
ASG-000127,DTY-00085,,기관,TG24,D13,SD13-1,SD13-2,해당,,수시,180,,,분류 추론 — 검수 전
ASG-000128,DTY-00086,,기관,TG24,D13,SD13-1,SD13-2,해당,,수시,180,,,분류 추론 — 검수 전
ASG-000129,DTY-00087,,기관,TG24,D13,SD13-1,SD13-2,해당,,수시,180,,,분류 추론 — 검수 전
ASG-000130,DTY-00088,,기관,TG24,D13,SD13-1,SD13-2,해당,,수시,180,,,분류 추론 — 검수 전
ASG-000131,DTY-00089,,기관,TG24,D13,SD13-1,SD13-2,해당,,수시,180,,,분류 추론 — 검수 전
ASG-000132,DTY-00090,,기관,TG24,D13,SD13-1,SD13-2,해당,,수시,180,,,분류 추론 — 검수 전
ASG-000133,DTY-00091,,기관,TG24,D13,SD13-1,SD13-2,해당,,수시,180,,,분류 추론 — 검수 전
ASG-000134,DTY-00092,,기관,TG24,D13,SD13-1,SD13-2,해당,,수시,180,,,분류 추론 — 검수 전
ASG-000135,DTY-00093,,기관,TG24,D13,SD13-1,SD13-2,해당,,수시,180,,,분류 추론 — 검수 전
ASG-000136,DTY-00094,,기관,TG24,D13,SD13-1,SD13-2,해당,,수시,180,,,분류 추론 — 검수 전
ASG-000137,DTY-00095,,기관,TG24,D13,SD13-1,SD13-2,해당,,수시,180,,,분류 추론 — 검수 전
ASG-000138,DTY-00096,,기관,TG24,D13,SD13-1,SD13-2,해당,,수시,180,,,분류 추론 — 검수 전
ASG-000139,DTY-00097,,기관,TG24,D13,SD13-1,SD13-2,해당,,수시,180,,,분류 추론 — 검수 전
ASG-000140,DTY-00098,,기관,TG24,D13,SD13-1,SD13-2,해당,,수시,180,,,분류 추론 — 검수 전
ASG-000141,DTY-00099,,기관,TG24,D13,SD13-1,SD13-2,해당,,수시,180,,,분류 추론 — 검수 전
ASG-000142,DTY-00100,,기관,TG24,D13,SD13-1,SD13-2,해당,,수시,180,,,분류 추론 — 검수 전
ASG-000143,DTY-00101,,기관,TG24,D13,SD13-1,SD13-2,해당,,수시,180,,,분류 추론 — 검수 전
ASG-000144,DTY-00102,,유형,TG20,D09,SD09-1,SD09-2,확인필요,조건부 의무 — 보유·해당 여부 확인 필요,수시,180,,,자산 대장 없음 — 보유 확인 필요 · 분류 추론 — 검수 전
ASG-000145,DTY-00103,,기관,TG24,D13,SD13-1,SD13-2,해당,,수시,180,,,분류 추론 — 검수 전
ASG-000146,DTY-00104,,기관,TG24,D13,SD13-1,SD13-2,해당,,수시,180,,,분류 추론 — 검수 전
ASG-000147,DTY-00105,,유형,TG20,D09,SD09-1,SD09-2,확인필요,조건부 의무 — 보유·해당 여부 확인 필요,수시,180,,,자산 대장 없음 — 보유 확인 필요 · 분류 추론 — 검수 전
ASG-000148,DTY-00106,,기관,TG24,D13,SD13-1,SD13-2,해당,,수시,180,,,분류 추론 — 검수 전
ASG-000149,DTY-00107,,기관,TG24,D13,SD13-1,SD13-2,해당,,수시,180,,,분류 추론 — 검수 전
ASG-000150,DTY-00108,,기관,TG24,D13,SD13-1,SD13-2,해당,,수시,180,,,분류 추론 — 검수 전
ASG-000151,DTY-00109,,기관,TG24,D13,SD13-1,SD13-2,해당,,수시,180,,,분류 추론 — 검수 전
ASG-000152,DTY-00110,,기관,TG24,D13,SD13-1,SD13-2,해당,,수시,180,,,분류 추론 — 검수 전
ASG-000153,DTY-00111,,기관,TG24,D13,SD13-1,SD13-2,해당,,수시,180,,,분류 추론 — 검수 전
ASG-000154,DTY-00112,,기관,TG24,D13,SD13-1,SD13-2,해당,,수시,180,,,분류 추론 — 검수 전
ASG-000155,DTY-00113,,기관,TG24,D13,SD13-1,SD13-2,해당,,수시,180,,,분류 추론 — 검수 전
ASG-000156,DTY-00114,,기관,TG24,D13,SD13-1,SD13-2,해당,,수시,180,,,분류 추론 — 검수 전
ASG-000157,DTY-00115,,기관,TG24,D13,SD13-1,SD13-2,해당,,수시,180,,,분류 추론 — 검수 전
ASG-000158,DTY-00116,,기관,TG24,D13,SD13-1,SD13-2,해당,,수시,180,,,
ASG-000159,DTY-00117,,기관,TG24,D13,SD13-1,SD13-2,해당,,수시,180,,,
ASG-000160,DTY-00118,,기관,TG24,D13,SD13-1,SD13-2,해당,,수시,180,,,
ASG-000161,DTY-00119,,기관,TG24,D13,SD13-1,SD13-2,해당,,수시,180,,,
ASG-000162,DTY-00120,,기관,TG24,D13,SD13-1,SD13-2,해당,,수시,180,,,분류 추론 — 검수 전
ASG-000163,DTY-00121,,기관,TG24,D13,SD13-1,SD13-2,해당,,수시,180,,,분류 추론 — 검수 전
ASG-000164,DTY-00122,,기관,TG24,D13,SD13-1,SD13-2,해당,,수시,180,,,분류 추론 — 검수 전
ASG-000165,DTY-00123,,기관,TG24,D13,SD13-1,SD13-2,해당,,수시,180,,,분류 추론 — 검수 전
ASG-000166,DTY-00124,,기관,TG24,D13,SD13-1,SD13-2,해당,,수시,180,,,분류 추론 — 검수 전
ASG-000167,DTY-00125,,유형,TG99,D99,,,확인필요,조건부 의무 — 보유·해당 여부 확인 필요,수시,180,,,정본 미반영 — 새 정독(검수 전) · 관리대상 확인 필요
ASG-000168,DTY-00126,,유형,TG99,D99,,,확인필요,조건부 의무 — 보유·해당 여부 확인 필요,수시,180,,,정본 미반영 — 새 정독(검수 전) · 관리대상 확인 필요
ASG-000169,DTY-00127,,유형,TG99,D99,,,확인필요,조건부 의무 — 보유·해당 여부 확인 필요,수시,180,,,정본 미반영 — 새 정독(검수 전) · 관리대상 확인 필요
ASG-000170,DTY-00128,,유형,TG99,D99,,,확인필요,조건부 의무 — 보유·해당 여부 확인 필요,수시,180,,,정본 미반영 — 새 정독(검수 전) · 관리대상 확인 필요
ASG-000171,DTY-00129,,유형,TG99,D99,,,확인필요,조건부 의무 — 보유·해당 여부 확인 필요,수시,180,,,정본 미반영 — 새 정독(검수 전) · 관리대상 확인 필요
ASG-000172,DTY-00130,,유형,TG99,D99,,,확인필요,조건부 의무 — 보유·해당 여부 확인 필요,수시,180,,,정본 미반영 — 새 정독(검수 전) · 관리대상 확인 필요
ASG-000173,DTY-00131,,유형,TG99,D99,,,확인필요,조건부 의무 — 보유·해당 여부 확인 필요,수시,180,,,정본 미반영 — 새 정독(검수 전) · 관리대상 확인 필요
ASG-000174,DTY-00132,,유형,TG99,D99,,,확인필요,조건부 의무 — 보유·해당 여부 확인 필요,수시,180,,,정본 미반영 — 새 정독(검수 전) · 관리대상 확인 필요
ASG-000175,DTY-00133,,유형,TG99,D99,,,확인필요,조건부 의무 — 보유·해당 여부 확인 필요,수시,180,,,정본 미반영 — 새 정독(검수 전) · 관리대상 확인 필요
ASG-000176,DTY-00134,,유형,TG99,D99,,,확인필요,조건부 의무 — 보유·해당 여부 확인 필요,수시,180,,,정본 미반영 — 새 정독(검수 전) · 관리대상 확인 필요
ASG-000177,DTY-00135,,유형,TG99,D99,,,확인필요,조건부 의무 — 보유·해당 여부 확인 필요,수시,180,,,정본 미반영 — 새 정독(검수 전) · 관리대상 확인 필요
ASG-000178,DTY-00136,,유형,TG04,D13,SD13-1,SD13-2,해당,,수시,180,,,분류 추론 — 검수 전
ASG-000179,DTY-00136,DA2008-0000007,자산,TG04,D13,SD13-1,SD13-2,해당,,수시,180,,,분류 추론 — 검수 전
ASG-000180,DTY-00136,DA2008-0000154,자산,TG04,D13,SD13-1,SD13-2,해당,,수시,180,,,분류 추론 — 검수 전
ASG-000181,DTY-00136,DA2008-0000165,자산,TG04,D13,SD13-1,SD13-2,해당,,수시,180,,,분류 추론 — 검수 전
ASG-000182,DTY-00137,,유형,TG04,D13,SD13-1,SD13-2,해당,,상시,365,,,
ASG-000183,DTY-00137,DA2008-0000007,자산,TG04,D13,SD13-1,SD13-2,해당,,상시,365,,,
ASG-000184,DTY-00137,DA2008-0000154,자산,TG04,D13,SD13-1,SD13-2,해당,,상시,365,,,
ASG-000185,DTY-00137,DA2008-0000165,자산,TG04,D13,SD13-1,SD13-2,해당,,상시,365,,,
ASG-000186,DTY-00138,,유형,TG99,D99,,,확인필요,조건부 의무 — 보유·해당 여부 확인 필요,수시,180,,,정본 미반영 — 새 정독(검수 전) · 관리대상 확인 필요
ASG-000187,DTY-00139,,유형,TG99,D99,,,확인필요,조건부 의무 — 보유·해당 여부 확인 필요,수시,180,,,정본 미반영 — 새 정독(검수 전) · 관리대상 확인 필요
ASG-000188,DTY-00140,,유형,TG15,D10,SD10-1,SD10-2,확인필요,조건부 의무 — 보유·해당 여부 확인 필요,반기 1회,180,,,자산 대장 없음 — 보유 확인 필요
ASG-000189,DTY-00141,,유형,TG99,D99,,,확인필요,조건부 의무 — 보유·해당 여부 확인 필요,수시,180,,,자산 대장 없음 — 보유 확인 필요
ASG-000190,DTY-00142,,유형,TG99,D99,,,확인필요,조건부 의무 — 보유·해당 여부 확인 필요,수시,180,,,정본 미반영 — 새 정독(검수 전) · 관리대상 확인 필요
ASG-000191,DTY-00143,,유형,TG99,D99,,,확인필요,조건부 의무 — 보유·해당 여부 확인 필요,수시,180,,,정본 미반영 — 새 정독(검수 전) · 관리대상 확인 필요
ASG-000192,DTY-00144,,유형,TG99,D99,,,확인필요,조건부 의무 — 보유·해당 여부 확인 필요,수시,180,,,정본 미반영 — 새 정독(검수 전) · 관리대상 확인 필요
ASG-000193,DTY-00145,,유형,TG99,D99,,,확인필요,조건부 의무 — 보유·해당 여부 확인 필요,수시,180,,,정본 미반영 — 새 정독(검수 전) · 관리대상 확인 필요
ASG-000194,DTY-00146,,유형,TG99,D99,,,확인필요,조건부 의무 — 보유·해당 여부 확인 필요,수시,180,,,정본 미반영 — 새 정독(검수 전) · 관리대상 확인 필요
ASG-000195,DTY-00147,,유형,TG14,D10,SD10-1,SD10-2,확인필요,조건부 의무 — 보유·해당 여부 확인 필요,상시,365,,,자산 대장 없음 — 보유 확인 필요
ASG-000196,DTY-00148,,유형,TG14,D10,SD10-1,SD10-2,확인필요,조건부 의무 — 보유·해당 여부 확인 필요,상시,365,,,자산 대장 없음 — 보유 확인 필요
ASG-000197,DTY-00149,,유형,TG14,D10,SD10-1,SD10-2,확인필요,조건부 의무 — 보유·해당 여부 확인 필요,상시,365,,,자산 대장 없음 — 보유 확인 필요
ASG-000198,DTY-00150,,유형,TG14,D10,SD10-1,SD10-2,확인필요,조건부 의무 — 보유·해당 여부 확인 필요,수시,180,,,자산 대장 없음 — 보유 확인 필요
ASG-000199,DTY-00151,,유형,TG14,D10,SD10-1,SD10-2,확인필요,조건부 의무 — 보유·해당 여부 확인 필요,수시,180,,,자산 대장 없음 — 보유 확인 필요
ASG-000200,DTY-00152,,유형,TG14,D10,SD10-1,SD10-2,확인필요,조건부 의무 — 보유·해당 여부 확인 필요,수시,180,,,자산 대장 없음 — 보유 확인 필요
ASG-000201,DTY-00153,,유형,TG14,D10,SD10-1,SD10-2,확인필요,조건부 의무 — 보유·해당 여부 확인 필요,수시,180,,,자산 대장 없음 — 보유 확인 필요
ASG-000202,DTY-00154,,유형,TG09,D08,SD08-1,SD08-2,확인필요,조건부 의무 — 보유·해당 여부 확인 필요,수시,180,,,자산 대장 없음 — 보유 확인 필요
ASG-000203,DTY-00155,,유형,TG09,D08,SD08-1,SD08-2,확인필요,조건부 의무 — 보유·해당 여부 확인 필요,수시,180,,,자산 대장 없음 — 보유 확인 필요
ASG-000204,DTY-00156,,유형,TG09,D08,SD08-1,SD08-2,확인필요,조건부 의무 — 보유·해당 여부 확인 필요,수시,180,,,자산 대장 없음 — 보유 확인 필요
ASG-000205,DTY-00157,,유형,TG04,D13,SD13-1,SD13-2,해당,,상시,365,,,
ASG-000206,DTY-00157,DA2008-0000007,자산,TG04,D13,SD13-1,SD13-2,해당,,상시,365,,,
ASG-000207,DTY-00157,DA2008-0000154,자산,TG04,D13,SD13-1,SD13-2,해당,,상시,365,,,
ASG-000208,DTY-00157,DA2008-0000165,자산,TG04,D13,SD13-1,SD13-2,해당,,상시,365,,,
ASG-000209,DTY-00158,,유형,TG04,D13,SD13-1,SD13-2,해당,,상시,365,,,
ASG-000210,DTY-00158,DA2008-0000007,자산,TG04,D13,SD13-1,SD13-2,해당,,상시,365,,,
ASG-000211,DTY-00158,DA2008-0000154,자산,TG04,D13,SD13-1,SD13-2,해당,,상시,365,,,
ASG-000212,DTY-00158,DA2008-0000165,자산,TG04,D13,SD13-1,SD13-2,해당,,상시,365,,,
ASG-000213,DTY-00159,,유형,TG04,D13,SD13-1,SD13-2,해당,,상시,365,,,
ASG-000214,DTY-00159,DA2008-0000007,자산,TG04,D13,SD13-1,SD13-2,해당,,상시,365,,,
ASG-000215,DTY-00159,DA2008-0000154,자산,TG04,D13,SD13-1,SD13-2,해당,,상시,365,,,
ASG-000216,DTY-00159,DA2008-0000165,자산,TG04,D13,SD13-1,SD13-2,해당,,상시,365,,,
ASG-000217,DTY-00160,,유형,TG99,D99,,,확인필요,조건부 의무 — 보유·해당 여부 확인 필요,수시,180,,,정본 미반영 — 새 정독(검수 전) · 관리대상 확인 필요
ASG-000218,DTY-00161,,유형,TG03,D03,SD03-1,SD03-2,해당,,상시,365,,,
ASG-000219,DTY-00161,BR0000-0000002,자산,TG03,D03,SD03-1,SD03-2,해당,,상시,365,,,
ASG-000220,DTY-00161,BR1018-0000001,자산,TG03,D03,SD03-1,SD03-2,해당,,상시,365,,,
ASG-000221,DTY-00161,BR1900-0000009,자산,TG03,D03,SD03-1,SD03-2,해당,,상시,365,,,
ASG-000222,DTY-00162,,기관,TG24,D13,SD13-1,SD13-2,해당,,연1회,365,,,분류 추론 — 검수 전
ASG-000223,DTY-00163,,유형,TG09,D08,SD08-1,SD08-2,확인필요,조건부 의무 — 보유·해당 여부 확인 필요,연1회,365,,,자산 대장 없음 — 보유 확인 필요
ASG-000224,DTY-00164,,유형,TG09,D08,SD08-1,SD08-2,확인필요,조건부 의무 — 보유·해당 여부 확인 필요,연1회,365,,,자산 대장 없음 — 보유 확인 필요
ASG-000225,DTY-00165,,유형,TG09,D08,SD08-1,SD08-2,확인필요,조건부 의무 — 보유·해당 여부 확인 필요,상시,365,,,자산 대장 없음 — 보유 확인 필요
ASG-000226,DTY-00166,,유형,TG03,D03,SD03-1,SD03-2,해당,,상시,365,,,
ASG-000227,DTY-00166,BR0000-0000002,자산,TG03,D03,SD03-1,SD03-2,해당,,상시,365,,,
ASG-000228,DTY-00166,BR1018-0000001,자산,TG03,D03,SD03-1,SD03-2,해당,,상시,365,,,
ASG-000229,DTY-00166,BR1900-0000009,자산,TG03,D03,SD03-1,SD03-2,해당,,상시,365,,,
ASG-000230,DTY-00167,,유형,TG03,D03,SD03-1,SD03-2,해당,,상시,365,,,
ASG-000231,DTY-00167,BR0000-0000002,자산,TG03,D03,SD03-1,SD03-2,해당,,상시,365,,,
ASG-000232,DTY-00167,BR1018-0000001,자산,TG03,D03,SD03-1,SD03-2,해당,,상시,365,,,
ASG-000233,DTY-00167,BR1900-0000009,자산,TG03,D03,SD03-1,SD03-2,해당,,상시,365,,,
ASG-000234,DTY-00168,,유형,TG03,D03,SD03-1,SD03-2,해당,,상시,365,,,
ASG-000235,DTY-00168,BR0000-0000002,자산,TG03,D03,SD03-1,SD03-2,해당,,상시,365,,,
ASG-000236,DTY-00168,BR1018-0000001,자산,TG03,D03,SD03-1,SD03-2,해당,,상시,365,,,
ASG-000237,DTY-00168,BR1900-0000009,자산,TG03,D03,SD03-1,SD03-2,해당,,상시,365,,,
ASG-000238,DTY-00169,,유형,TG03,D03,SD03-1,SD03-2,해당,,상시,365,,,
ASG-000239,DTY-00169,BR0000-0000002,자산,TG03,D03,SD03-1,SD03-2,해당,,상시,365,,,
ASG-000240,DTY-00169,BR1018-0000001,자산,TG03,D03,SD03-1,SD03-2,해당,,상시,365,,,
ASG-000241,DTY-00169,BR1900-0000009,자산,TG03,D03,SD03-1,SD03-2,해당,,상시,365,,,
ASG-000242,DTY-00170,,유형,TG03,D03,SD03-1,SD03-2,해당,,수시,180,,,
ASG-000243,DTY-00170,BR0000-0000002,자산,TG03,D03,SD03-1,SD03-2,해당,,수시,180,,,
ASG-000244,DTY-00170,BR1018-0000001,자산,TG03,D03,SD03-1,SD03-2,해당,,수시,180,,,
ASG-000245,DTY-00170,BR1900-0000009,자산,TG03,D03,SD03-1,SD03-2,해당,,수시,180,,,
ASG-000246,DTY-00171,,유형,TG03,D03,SD03-1,SD03-2,해당,,수시,180,,,
ASG-000247,DTY-00171,BR0000-0000002,자산,TG03,D03,SD03-1,SD03-2,해당,,수시,180,,,
ASG-000248,DTY-00171,BR1018-0000001,자산,TG03,D03,SD03-1,SD03-2,해당,,수시,180,,,
ASG-000249,DTY-00171,BR1900-0000009,자산,TG03,D03,SD03-1,SD03-2,해당,,수시,180,,,
ASG-000250,DTY-00172,,유형,TG03,D03,SD03-1,SD03-2,해당,,상시,365,,,
ASG-000251,DTY-00172,BR0000-0000002,자산,TG03,D03,SD03-1,SD03-2,해당,,상시,365,,,
ASG-000252,DTY-00172,BR1018-0000001,자산,TG03,D03,SD03-1,SD03-2,해당,,상시,365,,,
ASG-000253,DTY-00172,BR1900-0000009,자산,TG03,D03,SD03-1,SD03-2,해당,,상시,365,,,
ASG-000254,DTY-00173,,유형,TG03,D03,SD03-1,SD03-2,해당,,상시,365,,,
ASG-000255,DTY-00173,BR0000-0000002,자산,TG03,D03,SD03-1,SD03-2,해당,,상시,365,,,
ASG-000256,DTY-00173,BR1018-0000001,자산,TG03,D03,SD03-1,SD03-2,해당,,상시,365,,,
ASG-000257,DTY-00173,BR1900-0000009,자산,TG03,D03,SD03-1,SD03-2,해당,,상시,365,,,
ASG-000258,DTY-00174,,유형,TG03,D03,SD03-1,SD03-2,해당,,상시,365,,,
ASG-000259,DTY-00174,BR0000-0000002,자산,TG03,D03,SD03-1,SD03-2,해당,,상시,365,,,
ASG-000260,DTY-00174,BR1018-0000001,자산,TG03,D03,SD03-1,SD03-2,해당,,상시,365,,,
ASG-000261,DTY-00174,BR1900-0000009,자산,TG03,D03,SD03-1,SD03-2,해당,,상시,365,,,
ASG-000262,DTY-00175,,유형,TG03,D03,SD03-1,SD03-2,해당,,상시,365,,,
ASG-000263,DTY-00175,BR0000-0000002,자산,TG03,D03,SD03-1,SD03-2,해당,,상시,365,,,
ASG-000264,DTY-00175,BR1018-0000001,자산,TG03,D03,SD03-1,SD03-2,해당,,상시,365,,,
ASG-000265,DTY-00175,BR1900-0000009,자산,TG03,D03,SD03-1,SD03-2,해당,,상시,365,,,
ASG-000266,DTY-00176,,유형,TG03,D03,SD03-1,SD03-2,해당,,상시,365,,,
ASG-000267,DTY-00176,BR0000-0000002,자산,TG03,D03,SD03-1,SD03-2,해당,,상시,365,,,
ASG-000268,DTY-00176,BR1018-0000001,자산,TG03,D03,SD03-1,SD03-2,해당,,상시,365,,,
ASG-000269,DTY-00176,BR1900-0000009,자산,TG03,D03,SD03-1,SD03-2,해당,,상시,365,,,
ASG-000270,DTY-00177,,유형,TG03,D03,SD03-1,SD03-2,해당,,상시,365,,,
ASG-000271,DTY-00177,BR0000-0000002,자산,TG03,D03,SD03-1,SD03-2,해당,,상시,365,,,
ASG-000272,DTY-00177,BR1018-0000001,자산,TG03,D03,SD03-1,SD03-2,해당,,상시,365,,,
ASG-000273,DTY-00177,BR1900-0000009,자산,TG03,D03,SD03-1,SD03-2,해당,,상시,365,,,
ASG-000274,DTY-00178,,유형,TG03,D03,SD03-1,SD03-2,해당,,상시,365,,,
ASG-000275,DTY-00178,BR0000-0000002,자산,TG03,D03,SD03-1,SD03-2,해당,,상시,365,,,
ASG-000276,DTY-00178,BR1018-0000001,자산,TG03,D03,SD03-1,SD03-2,해당,,상시,365,,,
ASG-000277,DTY-00178,BR1900-0000009,자산,TG03,D03,SD03-1,SD03-2,해당,,상시,365,,,
ASG-000278,DTY-00179,,유형,TG03,D03,SD03-1,SD03-2,해당,,상시,365,,,
ASG-000279,DTY-00179,BR0000-0000002,자산,TG03,D03,SD03-1,SD03-2,해당,,상시,365,,,
ASG-000280,DTY-00179,BR1018-0000001,자산,TG03,D03,SD03-1,SD03-2,해당,,상시,365,,,
ASG-000281,DTY-00179,BR1900-0000009,자산,TG03,D03,SD03-1,SD03-2,해당,,상시,365,,,
ASG-000282,DTY-00180,,유형,TG03,D03,SD03-1,SD03-2,해당,,상시,365,,,
ASG-000283,DTY-00180,BR0000-0000002,자산,TG03,D03,SD03-1,SD03-2,해당,,상시,365,,,
ASG-000284,DTY-00180,BR1018-0000001,자산,TG03,D03,SD03-1,SD03-2,해당,,상시,365,,,
ASG-000285,DTY-00180,BR1900-0000009,자산,TG03,D03,SD03-1,SD03-2,해당,,상시,365,,,
ASG-000286,DTY-00181,,유형,TG03,D03,SD03-1,SD03-2,해당,,상시,365,,,
ASG-000287,DTY-00181,BR0000-0000002,자산,TG03,D03,SD03-1,SD03-2,해당,,상시,365,,,
ASG-000288,DTY-00181,BR1018-0000001,자산,TG03,D03,SD03-1,SD03-2,해당,,상시,365,,,
ASG-000289,DTY-00181,BR1900-0000009,자산,TG03,D03,SD03-1,SD03-2,해당,,상시,365,,,
ASG-000290,DTY-00182,,유형,TG03,D03,SD03-1,SD03-2,해당,,상시,365,,,
ASG-000291,DTY-00182,BR0000-0000002,자산,TG03,D03,SD03-1,SD03-2,해당,,상시,365,,,
ASG-000292,DTY-00182,BR1018-0000001,자산,TG03,D03,SD03-1,SD03-2,해당,,상시,365,,,
ASG-000293,DTY-00182,BR1900-0000009,자산,TG03,D03,SD03-1,SD03-2,해당,,상시,365,,,
ASG-000294,DTY-00183,,유형,TG03,D03,SD03-1,SD03-2,해당,,상시,365,,,
ASG-000295,DTY-00183,BR0000-0000002,자산,TG03,D03,SD03-1,SD03-2,해당,,상시,365,,,
ASG-000296,DTY-00183,BR1018-0000001,자산,TG03,D03,SD03-1,SD03-2,해당,,상시,365,,,
ASG-000297,DTY-00183,BR1900-0000009,자산,TG03,D03,SD03-1,SD03-2,해당,,상시,365,,,
ASG-000298,DTY-00184,,유형,TG03,D03,SD03-1,SD03-2,해당,,상시,365,,,
ASG-000299,DTY-00184,BR0000-0000002,자산,TG03,D03,SD03-1,SD03-2,해당,,상시,365,,,
ASG-000300,DTY-00184,BR1018-0000001,자산,TG03,D03,SD03-1,SD03-2,해당,,상시,365,,,
ASG-000301,DTY-00184,BR1900-0000009,자산,TG03,D03,SD03-1,SD03-2,해당,,상시,365,,,
ASG-000302,DTY-00185,,유형,TG03,D03,SD03-1,SD03-2,해당,,상시,365,,,
ASG-000303,DTY-00185,BR0000-0000002,자산,TG03,D03,SD03-1,SD03-2,해당,,상시,365,,,
ASG-000304,DTY-00185,BR1018-0000001,자산,TG03,D03,SD03-1,SD03-2,해당,,상시,365,,,
ASG-000305,DTY-00185,BR1900-0000009,자산,TG03,D03,SD03-1,SD03-2,해당,,상시,365,,,
ASG-000306,DTY-00186,,유형,TG03,D03,SD03-1,SD03-2,해당,,수시,180,,,
ASG-000307,DTY-00186,BR0000-0000002,자산,TG03,D03,SD03-1,SD03-2,해당,,수시,180,,,
ASG-000308,DTY-00186,BR1018-0000001,자산,TG03,D03,SD03-1,SD03-2,해당,,수시,180,,,
ASG-000309,DTY-00186,BR1900-0000009,자산,TG03,D03,SD03-1,SD03-2,해당,,수시,180,,,
ASG-000310,DTY-00187,,유형,TG03,D03,SD03-1,SD03-2,해당,,수시,180,,,
ASG-000311,DTY-00187,BR0000-0000002,자산,TG03,D03,SD03-1,SD03-2,해당,,수시,180,,,
ASG-000312,DTY-00187,BR1018-0000001,자산,TG03,D03,SD03-1,SD03-2,해당,,수시,180,,,
ASG-000313,DTY-00187,BR1900-0000009,자산,TG03,D03,SD03-1,SD03-2,해당,,수시,180,,,
ASG-000314,DTY-00188,,유형,TG03,D03,SD03-1,SD03-2,해당,,수시,180,,,
ASG-000315,DTY-00188,BR0000-0000002,자산,TG03,D03,SD03-1,SD03-2,해당,,수시,180,,,
ASG-000316,DTY-00188,BR1018-0000001,자산,TG03,D03,SD03-1,SD03-2,해당,,수시,180,,,
ASG-000317,DTY-00188,BR1900-0000009,자산,TG03,D03,SD03-1,SD03-2,해당,,수시,180,,,
ASG-000318,DTY-00189,,유형,TG10,D09,SD09-1,SD09-2,확인필요,조건부 의무 — 보유·해당 여부 확인 필요,수시,180,,,자산 대장 없음 — 보유 확인 필요
ASG-000319,DTY-00190,,유형,TG12,D06,SD06-1,SD06-2,확인필요,조건부 의무 — 보유·해당 여부 확인 필요,상시,365,,,자산 대장 없음 — 보유 확인 필요
ASG-000320,DTY-00191,,유형,TG12,D06,SD06-1,SD06-2,확인필요,조건부 의무 — 보유·해당 여부 확인 필요,상시,365,,,자산 대장 없음 — 보유 확인 필요
ASG-000321,DTY-00192,,유형,TG12,D06,SD06-1,SD06-2,확인필요,조건부 의무 — 보유·해당 여부 확인 필요,상시,365,,,자산 대장 없음 — 보유 확인 필요
ASG-000322,DTY-00193,,유형,TG12,D06,SD06-1,SD06-2,확인필요,조건부 의무 — 보유·해당 여부 확인 필요,상시,365,,,자산 대장 없음 — 보유 확인 필요
ASG-000323,DTY-00194,,유형,TG12,D06,SD06-1,SD06-2,확인필요,조건부 의무 — 보유·해당 여부 확인 필요,상시,365,,,자산 대장 없음 — 보유 확인 필요
ASG-000324,DTY-00195,,유형,TG12,D06,SD06-1,SD06-2,확인필요,조건부 의무 — 보유·해당 여부 확인 필요,상시,365,,,자산 대장 없음 — 보유 확인 필요
ASG-000325,DTY-00196,,유형,TG12,D06,SD06-1,SD06-2,확인필요,조건부 의무 — 보유·해당 여부 확인 필요,상시,365,,,자산 대장 없음 — 보유 확인 필요
ASG-000326,DTY-00197,,유형,TG12,D06,SD06-1,SD06-2,확인필요,조건부 의무 — 보유·해당 여부 확인 필요,상시,365,,,자산 대장 없음 — 보유 확인 필요
ASG-000327,DTY-00198,,유형,TG12,D06,SD06-1,SD06-2,확인필요,조건부 의무 — 보유·해당 여부 확인 필요,상시,365,,,자산 대장 없음 — 보유 확인 필요
ASG-000328,DTY-00199,,유형,TG12,D06,SD06-1,SD06-2,확인필요,조건부 의무 — 보유·해당 여부 확인 필요,상시,365,,,자산 대장 없음 — 보유 확인 필요
ASG-000329,DTY-00200,,유형,TG12,D06,SD06-1,SD06-2,확인필요,조건부 의무 — 보유·해당 여부 확인 필요,상시,365,,,자산 대장 없음 — 보유 확인 필요
ASG-000330,DTY-00201,,유형,TG12,D06,SD06-1,SD06-2,확인필요,조건부 의무 — 보유·해당 여부 확인 필요,상시,365,,,자산 대장 없음 — 보유 확인 필요
ASG-000331,DTY-00202,,유형,TG12,D06,SD06-1,SD06-2,확인필요,조건부 의무 — 보유·해당 여부 확인 필요,상시,365,,,자산 대장 없음 — 보유 확인 필요
ASG-000332,DTY-00203,,유형,TG12,D06,SD06-1,SD06-2,확인필요,조건부 의무 — 보유·해당 여부 확인 필요,상시,365,,,자산 대장 없음 — 보유 확인 필요
ASG-000333,DTY-00204,,유형,TG12,D06,SD06-1,SD06-2,확인필요,조건부 의무 — 보유·해당 여부 확인 필요,상시,365,,,자산 대장 없음 — 보유 확인 필요
ASG-000334,DTY-00205,,유형,TG12,D06,SD06-1,SD06-2,확인필요,조건부 의무 — 보유·해당 여부 확인 필요,상시,365,,,자산 대장 없음 — 보유 확인 필요
ASG-000335,DTY-00206,,유형,TG14,D10,SD10-1,SD10-2,확인필요,조건부 의무 — 보유·해당 여부 확인 필요,상시,365,,,자산 대장 없음 — 보유 확인 필요
ASG-000336,DTY-00207,,유형,TG14,D10,SD10-1,SD10-2,확인필요,조건부 의무 — 보유·해당 여부 확인 필요,상시,365,,,자산 대장 없음 — 보유 확인 필요
ASG-000337,DTY-00208,,유형,TG14,D10,SD10-1,SD10-2,확인필요,조건부 의무 — 보유·해당 여부 확인 필요,상시,365,,,자산 대장 없음 — 보유 확인 필요
ASG-000338,DTY-00209,,유형,TG14,D10,SD10-1,SD10-2,확인필요,조건부 의무 — 보유·해당 여부 확인 필요,상시,365,,,자산 대장 없음 — 보유 확인 필요
ASG-000339,DTY-00210,,유형,TG06,D13,SD13-1,SD13-2,해당,,연1회,365,,,분류 추론 — 검수 전
ASG-000340,DTY-00210,WG2008-0000097,자산,TG06,D13,SD13-1,SD13-2,해당,,연1회,365,,,분류 추론 — 검수 전
ASG-000341,DTY-00210,WG2008-0000098,자산,TG06,D13,SD13-1,SD13-2,해당,,연1회,365,,,분류 추론 — 검수 전
ASG-000342,DTY-00210,WG2008-0000099,자산,TG06,D13,SD13-1,SD13-2,해당,,연1회,365,,,분류 추론 — 검수 전
ASG-000343,DTY-00211,,유형,TG03,D03,SD03-1,SD03-2,해당,,상시,365,,,
ASG-000344,DTY-00211,BR0000-0000002,자산,TG03,D03,SD03-1,SD03-2,해당,,상시,365,,,
ASG-000345,DTY-00211,BR1018-0000001,자산,TG03,D03,SD03-1,SD03-2,해당,,상시,365,,,
ASG-000346,DTY-00211,BR1900-0000009,자산,TG03,D03,SD03-1,SD03-2,해당,,상시,365,,,
ASG-000347,DTY-00212,,유형,TG03,D03,SD03-1,SD03-2,해당,,상시,365,,,
ASG-000348,DTY-00212,BR0000-0000002,자산,TG03,D03,SD03-1,SD03-2,해당,,상시,365,,,
ASG-000349,DTY-00212,BR1018-0000001,자산,TG03,D03,SD03-1,SD03-2,해당,,상시,365,,,
ASG-000350,DTY-00212,BR1900-0000009,자산,TG03,D03,SD03-1,SD03-2,해당,,상시,365,,,
ASG-000351,DTY-00213,,유형,TG27,D03,SD03-1,SD03-2,확인필요,조건부 의무 — 보유·해당 여부 확인 필요,반기 1회,180,,,자산 대장 없음 — 보유 확인 필요
ASG-000352,DTY-00214,,유형,TG20,D09,SD09-1,SD09-2,확인필요,조건부 의무 — 보유·해당 여부 확인 필요,상시,365,,,자산 대장 없음 — 보유 확인 필요
ASG-000353,DTY-00215,,유형,TG20,D09,SD09-1,SD09-2,확인필요,조건부 의무 — 보유·해당 여부 확인 필요,상시,365,,,자산 대장 없음 — 보유 확인 필요
ASG-000354,DTY-00216,,유형,TG01,D04,SD04-1,SD04-2,해당,,상시,365,,,
ASG-000355,DTY-00216,ST2005-0000048,자산,TG01,D04,SD04-1,SD04-2,해당,,상시,365,,,
ASG-000356,DTY-00216,ST2005-0000049,자산,TG01,D04,SD04-1,SD04-2,해당,,상시,365,,,
ASG-000357,DTY-00216,ST2009-0000031,자산,TG01,D04,SD04-1,SD04-2,해당,,상시,365,,,
ASG-000358,DTY-00217,,유형,TG01,D04,SD04-1,SD04-2,해당,,상시,365,,,
ASG-000359,DTY-00217,ST2005-0000048,자산,TG01,D04,SD04-1,SD04-2,해당,,상시,365,,,
ASG-000360,DTY-00217,ST2005-0000049,자산,TG01,D04,SD04-1,SD04-2,해당,,상시,365,,,
ASG-000361,DTY-00217,ST2009-0000031,자산,TG01,D04,SD04-1,SD04-2,해당,,상시,365,,,
ASG-000362,DTY-00218,,유형,TG01,D04,SD04-1,SD04-2,해당,,연1회,365,,,분류 추론 — 검수 전
ASG-000363,DTY-00218,ST2005-0000048,자산,TG01,D04,SD04-1,SD04-2,해당,,연1회,365,,,분류 추론 — 검수 전
ASG-000364,DTY-00218,ST2005-0000049,자산,TG01,D04,SD04-1,SD04-2,해당,,연1회,365,,,분류 추론 — 검수 전
ASG-000365,DTY-00218,ST2009-0000031,자산,TG01,D04,SD04-1,SD04-2,해당,,연1회,365,,,분류 추론 — 검수 전
ASG-000366,DTY-00219,,유형,TG01,D04,SD04-1,SD04-2,해당,,연1회,365,,,분류 추론 — 검수 전
ASG-000367,DTY-00219,ST2005-0000048,자산,TG01,D04,SD04-1,SD04-2,해당,,연1회,365,,,분류 추론 — 검수 전
ASG-000368,DTY-00219,ST2005-0000049,자산,TG01,D04,SD04-1,SD04-2,해당,,연1회,365,,,분류 추론 — 검수 전
ASG-000369,DTY-00219,ST2009-0000031,자산,TG01,D04,SD04-1,SD04-2,해당,,연1회,365,,,분류 추론 — 검수 전
ASG-000370,DTY-00220,,유형,TG01,D04,SD04-1,SD04-2,해당,,연1회,365,,,분류 추론 — 검수 전
ASG-000371,DTY-00220,ST2005-0000048,자산,TG01,D04,SD04-1,SD04-2,해당,,연1회,365,,,분류 추론 — 검수 전
ASG-000372,DTY-00220,ST2005-0000049,자산,TG01,D04,SD04-1,SD04-2,해당,,연1회,365,,,분류 추론 — 검수 전
ASG-000373,DTY-00220,ST2009-0000031,자산,TG01,D04,SD04-1,SD04-2,해당,,연1회,365,,,분류 추론 — 검수 전
ASG-000374,DTY-00221,,유형,TG01,D04,SD04-1,SD04-2,해당,,상시,365,,,
ASG-000375,DTY-00221,ST2005-0000048,자산,TG01,D04,SD04-1,SD04-2,해당,,상시,365,,,
ASG-000376,DTY-00221,ST2005-0000049,자산,TG01,D04,SD04-1,SD04-2,해당,,상시,365,,,
ASG-000377,DTY-00221,ST2009-0000031,자산,TG01,D04,SD04-1,SD04-2,해당,,상시,365,,,
ASG-000378,DTY-00222,,유형,TG06,D13,SD13-1,SD13-2,해당,,상시,365,,,
ASG-000379,DTY-00222,WG2008-0000097,자산,TG06,D13,SD13-1,SD13-2,해당,,상시,365,,,
ASG-000380,DTY-00222,WG2008-0000098,자산,TG06,D13,SD13-1,SD13-2,해당,,상시,365,,,
ASG-000381,DTY-00222,WG2008-0000099,자산,TG06,D13,SD13-1,SD13-2,해당,,상시,365,,,
ASG-000382,DTY-00223,,유형,TG01,D04,SD04-1,SD04-2,해당,,상시,365,,,
ASG-000383,DTY-00223,ST2005-0000048,자산,TG01,D04,SD04-1,SD04-2,해당,,상시,365,,,
ASG-000384,DTY-00223,ST2005-0000049,자산,TG01,D04,SD04-1,SD04-2,해당,,상시,365,,,
ASG-000385,DTY-00223,ST2009-0000031,자산,TG01,D04,SD04-1,SD04-2,해당,,상시,365,,,
ASG-000386,DTY-00224,,유형,TG01,D04,SD04-1,SD04-2,해당,,상시,365,,,
ASG-000387,DTY-00224,ST2005-0000048,자산,TG01,D04,SD04-1,SD04-2,해당,,상시,365,,,
ASG-000388,DTY-00224,ST2005-0000049,자산,TG01,D04,SD04-1,SD04-2,해당,,상시,365,,,
ASG-000389,DTY-00224,ST2009-0000031,자산,TG01,D04,SD04-1,SD04-2,해당,,상시,365,,,
ASG-000390,DTY-00225,,유형,TG01,D04,SD04-1,SD04-2,해당,,상시,365,,,
ASG-000391,DTY-00225,ST2005-0000048,자산,TG01,D04,SD04-1,SD04-2,해당,,상시,365,,,
ASG-000392,DTY-00225,ST2005-0000049,자산,TG01,D04,SD04-1,SD04-2,해당,,상시,365,,,
ASG-000393,DTY-00225,ST2009-0000031,자산,TG01,D04,SD04-1,SD04-2,해당,,상시,365,,,
ASG-000394,DTY-00226,,유형,TG02,D05,SD05-1,SD05-2,해당,,상시,365,,,
ASG-000395,DTY-00227,,유형,TG06,D13,SD13-1,SD13-2,해당,,상시,365,,,
ASG-000396,DTY-00227,WG2008-0000097,자산,TG06,D13,SD13-1,SD13-2,해당,,상시,365,,,
ASG-000397,DTY-00227,WG2008-0000098,자산,TG06,D13,SD13-1,SD13-2,해당,,상시,365,,,
ASG-000398,DTY-00227,WG2008-0000099,자산,TG06,D13,SD13-1,SD13-2,해당,,상시,365,,,
ASG-000399,DTY-00228,,유형,TG01,D04,SD04-1,SD04-2,해당,,수시,180,,,
ASG-000400,DTY-00228,ST2005-0000048,자산,TG01,D04,SD04-1,SD04-2,해당,,수시,180,,,
ASG-000401,DTY-00228,ST2005-0000049,자산,TG01,D04,SD04-1,SD04-2,해당,,수시,180,,,
ASG-000402,DTY-00228,ST2009-0000031,자산,TG01,D04,SD04-1,SD04-2,해당,,수시,180,,,
ASG-000403,DTY-00229,,유형,TG01,D04,SD04-1,SD04-2,해당,,상시,365,,,
ASG-000404,DTY-00229,ST2005-0000048,자산,TG01,D04,SD04-1,SD04-2,해당,,상시,365,,,
ASG-000405,DTY-00229,ST2005-0000049,자산,TG01,D04,SD04-1,SD04-2,해당,,상시,365,,,
ASG-000406,DTY-00229,ST2009-0000031,자산,TG01,D04,SD04-1,SD04-2,해당,,상시,365,,,
ASG-000407,DTY-00230,,유형,TG22,D11,SD11-1,SD11-2,확인필요,조건부 의무 — 보유·해당 여부 확인 필요,연1회,365,,,자산 대장 없음 — 보유 확인 필요
ASG-000408,DTY-00231,,유형,TG22,D11,SD11-1,SD11-2,확인필요,조건부 의무 — 보유·해당 여부 확인 필요,연1회,365,,,자산 대장 없음 — 보유 확인 필요
ASG-000409,DTY-00232,,유형,TG01,D04,SD04-1,SD04-2,해당,,상시,365,,,
ASG-000410,DTY-00232,ST2005-0000048,자산,TG01,D04,SD04-1,SD04-2,해당,,상시,365,,,
ASG-000411,DTY-00232,ST2005-0000049,자산,TG01,D04,SD04-1,SD04-2,해당,,상시,365,,,
ASG-000412,DTY-00232,ST2009-0000031,자산,TG01,D04,SD04-1,SD04-2,해당,,상시,365,,,
ASG-000413,DTY-00233,,유형,TG01,D04,SD04-1,SD04-2,해당,,상시,365,,,
ASG-000414,DTY-00233,ST2005-0000048,자산,TG01,D04,SD04-1,SD04-2,해당,,상시,365,,,
ASG-000415,DTY-00233,ST2005-0000049,자산,TG01,D04,SD04-1,SD04-2,해당,,상시,365,,,
ASG-000416,DTY-00233,ST2009-0000031,자산,TG01,D04,SD04-1,SD04-2,해당,,상시,365,,,
ASG-000417,DTY-00234,,유형,TG01,D04,SD04-1,SD04-2,해당,,상시,365,,,
ASG-000418,DTY-00234,ST2005-0000048,자산,TG01,D04,SD04-1,SD04-2,해당,,상시,365,,,
ASG-000419,DTY-00234,ST2005-0000049,자산,TG01,D04,SD04-1,SD04-2,해당,,상시,365,,,
ASG-000420,DTY-00234,ST2009-0000031,자산,TG01,D04,SD04-1,SD04-2,해당,,상시,365,,,
ASG-000421,DTY-00235,,유형,TG01,D04,SD04-1,SD04-2,해당,,상시,365,,,
ASG-000422,DTY-00235,ST2005-0000048,자산,TG01,D04,SD04-1,SD04-2,해당,,상시,365,,,
ASG-000423,DTY-00235,ST2005-0000049,자산,TG01,D04,SD04-1,SD04-2,해당,,상시,365,,,
ASG-000424,DTY-00235,ST2009-0000031,자산,TG01,D04,SD04-1,SD04-2,해당,,상시,365,,,
ASG-000425,DTY-00236,,유형,TG01,D04,SD04-1,SD04-2,해당,,상시,365,,,
ASG-000426,DTY-00236,ST2005-0000048,자산,TG01,D04,SD04-1,SD04-2,해당,,상시,365,,,
ASG-000427,DTY-00236,ST2005-0000049,자산,TG01,D04,SD04-1,SD04-2,해당,,상시,365,,,
ASG-000428,DTY-00236,ST2009-0000031,자산,TG01,D04,SD04-1,SD04-2,해당,,상시,365,,,
ASG-000429,DTY-00237,,유형,TG01,D04,SD04-1,SD04-2,해당,,상시,365,,,
ASG-000430,DTY-00237,ST2005-0000048,자산,TG01,D04,SD04-1,SD04-2,해당,,상시,365,,,
ASG-000431,DTY-00237,ST2005-0000049,자산,TG01,D04,SD04-1,SD04-2,해당,,상시,365,,,
ASG-000432,DTY-00237,ST2009-0000031,자산,TG01,D04,SD04-1,SD04-2,해당,,상시,365,,,
ASG-000433,DTY-00238,,유형,TG01,D04,SD04-1,SD04-2,해당,,상시,365,,,
ASG-000434,DTY-00238,ST2005-0000048,자산,TG01,D04,SD04-1,SD04-2,해당,,상시,365,,,
ASG-000435,DTY-00238,ST2005-0000049,자산,TG01,D04,SD04-1,SD04-2,해당,,상시,365,,,
ASG-000436,DTY-00238,ST2009-0000031,자산,TG01,D04,SD04-1,SD04-2,해당,,상시,365,,,
ASG-000437,DTY-00239,,유형,TG01,D04,SD04-1,SD04-2,해당,,연1회,365,,,
ASG-000438,DTY-00239,ST2005-0000048,자산,TG01,D04,SD04-1,SD04-2,해당,,연1회,365,,,
ASG-000439,DTY-00239,ST2005-0000049,자산,TG01,D04,SD04-1,SD04-2,해당,,연1회,365,,,
ASG-000440,DTY-00239,ST2009-0000031,자산,TG01,D04,SD04-1,SD04-2,해당,,연1회,365,,,
ASG-000441,DTY-00240,,유형,TG01,D04,SD04-1,SD04-2,해당,,상시,365,,,
ASG-000442,DTY-00240,ST2005-0000048,자산,TG01,D04,SD04-1,SD04-2,해당,,상시,365,,,
ASG-000443,DTY-00240,ST2005-0000049,자산,TG01,D04,SD04-1,SD04-2,해당,,상시,365,,,
ASG-000444,DTY-00240,ST2009-0000031,자산,TG01,D04,SD04-1,SD04-2,해당,,상시,365,,,
ASG-000445,DTY-00241,,유형,TG01,D04,SD04-1,SD04-2,해당,,반기 1회,180,,,
ASG-000446,DTY-00241,ST2005-0000048,자산,TG01,D04,SD04-1,SD04-2,해당,,반기 1회,180,,,
ASG-000447,DTY-00241,ST2005-0000049,자산,TG01,D04,SD04-1,SD04-2,해당,,반기 1회,180,,,
ASG-000448,DTY-00241,ST2009-0000031,자산,TG01,D04,SD04-1,SD04-2,해당,,반기 1회,180,,,
ASG-000449,DTY-00242,,유형,TG01,D04,SD04-1,SD04-2,해당,,상시,365,,,
ASG-000450,DTY-00242,ST2005-0000048,자산,TG01,D04,SD04-1,SD04-2,해당,,상시,365,,,
ASG-000451,DTY-00242,ST2005-0000049,자산,TG01,D04,SD04-1,SD04-2,해당,,상시,365,,,
ASG-000452,DTY-00242,ST2009-0000031,자산,TG01,D04,SD04-1,SD04-2,해당,,상시,365,,,
ASG-000453,DTY-00243,,유형,TG01,D04,SD04-1,SD04-2,해당,,상시,365,,,
ASG-000454,DTY-00243,ST2005-0000048,자산,TG01,D04,SD04-1,SD04-2,해당,,상시,365,,,
ASG-000455,DTY-00243,ST2005-0000049,자산,TG01,D04,SD04-1,SD04-2,해당,,상시,365,,,
ASG-000456,DTY-00243,ST2009-0000031,자산,TG01,D04,SD04-1,SD04-2,해당,,상시,365,,,
ASG-000457,DTY-00244,,유형,TG25,D02,SD02-1,SD02-2,해당,,연1회,365,,,
ASG-000458,DTY-00244,AR1967-0000142,자산,TG25,D02,SD02-1,SD02-2,해당,,연1회,365,,,
ASG-000459,DTY-00244,AR1969-0000298,자산,TG25,D02,SD02-1,SD02-2,해당,,연1회,365,,,
ASG-000460,DTY-00244,AR1969-0000299,자산,TG25,D02,SD02-1,SD02-2,해당,,연1회,365,,,
ASG-000461,DTY-00245,,유형,TG25,D02,SD02-1,SD02-2,해당,,상시,365,,,
ASG-000462,DTY-00245,AR1967-0000142,자산,TG25,D02,SD02-1,SD02-2,해당,,상시,365,,,
ASG-000463,DTY-00245,AR1969-0000298,자산,TG25,D02,SD02-1,SD02-2,해당,,상시,365,,,
ASG-000464,DTY-00245,AR1969-0000299,자산,TG25,D02,SD02-1,SD02-2,해당,,상시,365,,,
ASG-000465,DTY-00246,,유형,TG03,D03,SD03-1,SD03-2,해당,,상시,365,,,
ASG-000466,DTY-00246,BR0000-0000002,자산,TG03,D03,SD03-1,SD03-2,해당,,상시,365,,,
ASG-000467,DTY-00246,BR1018-0000001,자산,TG03,D03,SD03-1,SD03-2,해당,,상시,365,,,
ASG-000468,DTY-00246,BR1900-0000009,자산,TG03,D03,SD03-1,SD03-2,해당,,상시,365,,,
ASG-000469,DTY-00247,,유형,TG25,D02,SD02-1,SD02-2,해당,,상시,365,,,
ASG-000470,DTY-00247,AR1967-0000142,자산,TG25,D02,SD02-1,SD02-2,해당,,상시,365,,,
ASG-000471,DTY-00247,AR1969-0000298,자산,TG25,D02,SD02-1,SD02-2,해당,,상시,365,,,
ASG-000472,DTY-00247,AR1969-0000299,자산,TG25,D02,SD02-1,SD02-2,해당,,상시,365,,,
ASG-000473,DTY-00248,,유형,TG25,D02,SD02-1,SD02-2,해당,,상시,365,,,
ASG-000474,DTY-00248,AR1967-0000142,자산,TG25,D02,SD02-1,SD02-2,해당,,상시,365,,,
ASG-000475,DTY-00248,AR1969-0000298,자산,TG25,D02,SD02-1,SD02-2,해당,,상시,365,,,
ASG-000476,DTY-00248,AR1969-0000299,자산,TG25,D02,SD02-1,SD02-2,해당,,상시,365,,,
ASG-000477,DTY-00249,,유형,TG25,D02,SD02-1,SD02-2,해당,,상시,365,,,
ASG-000478,DTY-00249,AR1967-0000142,자산,TG25,D02,SD02-1,SD02-2,해당,,상시,365,,,
ASG-000479,DTY-00249,AR1969-0000298,자산,TG25,D02,SD02-1,SD02-2,해당,,상시,365,,,
ASG-000480,DTY-00249,AR1969-0000299,자산,TG25,D02,SD02-1,SD02-2,해당,,상시,365,,,
ASG-000481,DTY-00250,,유형,TG07,D07,SD07-1,SD07-2,확인필요,조건부 의무 — 보유·해당 여부 확인 필요,상시,365,,,자산 대장 없음 — 보유 확인 필요
ASG-000482,DTY-00251,,유형,TG07,D07,SD07-1,SD07-2,확인필요,조건부 의무 — 보유·해당 여부 확인 필요,상시,365,,,자산 대장 없음 — 보유 확인 필요
ASG-000483,DTY-00252,,유형,TG07,D07,SD07-1,SD07-2,확인필요,조건부 의무 — 보유·해당 여부 확인 필요,상시,365,,,자산 대장 없음 — 보유 확인 필요
ASG-000484,DTY-00253,,유형,TG07,D07,SD07-1,SD07-2,확인필요,조건부 의무 — 보유·해당 여부 확인 필요,상시,365,,,자산 대장 없음 — 보유 확인 필요
ASG-000485,DTY-00254,,유형,TG07,D07,SD07-1,SD07-2,확인필요,조건부 의무 — 보유·해당 여부 확인 필요,상시,365,,,자산 대장 없음 — 보유 확인 필요
ASG-000486,DTY-00255,,유형,TG07,D07,SD07-1,SD07-2,확인필요,조건부 의무 — 보유·해당 여부 확인 필요,상시,365,,,자산 대장 없음 — 보유 확인 필요
ASG-000487,DTY-00256,,유형,TG07,D07,SD07-1,SD07-2,확인필요,조건부 의무 — 보유·해당 여부 확인 필요,상시,365,,,자산 대장 없음 — 보유 확인 필요
ASG-000488,DTY-00257,,유형,TG07,D07,SD07-1,SD07-2,확인필요,조건부 의무 — 보유·해당 여부 확인 필요,상시,365,,,자산 대장 없음 — 보유 확인 필요
ASG-000489,DTY-00258,,유형,TG07,D07,SD07-1,SD07-2,확인필요,조건부 의무 — 보유·해당 여부 확인 필요,상시,365,,,자산 대장 없음 — 보유 확인 필요
ASG-000490,DTY-00259,,유형,TG07,D07,SD07-1,SD07-2,확인필요,조건부 의무 — 보유·해당 여부 확인 필요,상시,365,,,자산 대장 없음 — 보유 확인 필요
ASG-000491,DTY-00260,,유형,TG07,D07,SD07-1,SD07-2,확인필요,조건부 의무 — 보유·해당 여부 확인 필요,상시,365,,,자산 대장 없음 — 보유 확인 필요
ASG-000492,DTY-00261,,유형,TG07,D07,SD07-1,SD07-2,확인필요,조건부 의무 — 보유·해당 여부 확인 필요,상시,365,,,자산 대장 없음 — 보유 확인 필요
ASG-000493,DTY-00262,,유형,TG07,D07,SD07-1,SD07-2,확인필요,조건부 의무 — 보유·해당 여부 확인 필요,연1회,365,,,자산 대장 없음 — 보유 확인 필요 · 분류 추론 — 검수 전
ASG-000494,DTY-00263,,유형,TG07,D07,SD07-1,SD07-2,확인필요,조건부 의무 — 보유·해당 여부 확인 필요,반기 1회,180,,,자산 대장 없음 — 보유 확인 필요
ASG-000495,DTY-00264,,유형,TG07,D07,SD07-1,SD07-2,확인필요,조건부 의무 — 보유·해당 여부 확인 필요,연1회,365,,,자산 대장 없음 — 보유 확인 필요 · 분류 추론 — 검수 전
ASG-000496,DTY-00265,,유형,TG07,D07,SD07-1,SD07-2,확인필요,조건부 의무 — 보유·해당 여부 확인 필요,상시,365,,,자산 대장 없음 — 보유 확인 필요
ASG-000497,DTY-00266,,유형,TG07,D07,SD07-1,SD07-2,확인필요,조건부 의무 — 보유·해당 여부 확인 필요,상시,365,,,자산 대장 없음 — 보유 확인 필요
ASG-000498,DTY-00267,,유형,TG07,D07,SD07-1,SD07-2,확인필요,조건부 의무 — 보유·해당 여부 확인 필요,상시,365,,,자산 대장 없음 — 보유 확인 필요
ASG-000499,DTY-00268,,유형,TG07,D07,SD07-1,SD07-2,확인필요,조건부 의무 — 보유·해당 여부 확인 필요,상시,365,,,자산 대장 없음 — 보유 확인 필요
ASG-000500,DTY-00269,,유형,TG07,D07,SD07-1,SD07-2,확인필요,조건부 의무 — 보유·해당 여부 확인 필요,상시,365,,,자산 대장 없음 — 보유 확인 필요
ASG-000501,DTY-00270,,유형,TG07,D07,SD07-1,SD07-2,확인필요,조건부 의무 — 보유·해당 여부 확인 필요,상시,365,,,자산 대장 없음 — 보유 확인 필요
ASG-000502,DTY-00271,,유형,TG07,D07,SD07-1,SD07-2,확인필요,조건부 의무 — 보유·해당 여부 확인 필요,상시,365,,,자산 대장 없음 — 보유 확인 필요
ASG-000503,DTY-00272,,유형,TG07,D07,SD07-1,SD07-2,확인필요,조건부 의무 — 보유·해당 여부 확인 필요,상시,365,,,자산 대장 없음 — 보유 확인 필요
ASG-000504,DTY-00273,,유형,TG07,D07,SD07-1,SD07-2,확인필요,조건부 의무 — 보유·해당 여부 확인 필요,상시,365,,,자산 대장 없음 — 보유 확인 필요
ASG-000505,DTY-00274,,유형,TG07,D07,SD07-1,SD07-2,확인필요,조건부 의무 — 보유·해당 여부 확인 필요,상시,365,,,자산 대장 없음 — 보유 확인 필요
ASG-000506,DTY-00275,,유형,TG07,D07,SD07-1,SD07-2,확인필요,조건부 의무 — 보유·해당 여부 확인 필요,상시,365,,,자산 대장 없음 — 보유 확인 필요
ASG-000507,DTY-00276,,유형,TG07,D07,SD07-1,SD07-2,확인필요,조건부 의무 — 보유·해당 여부 확인 필요,연1회,365,,,자산 대장 없음 — 보유 확인 필요
ASG-000508,DTY-00277,,유형,TG07,D07,SD07-1,SD07-2,확인필요,조건부 의무 — 보유·해당 여부 확인 필요,상시,365,,,자산 대장 없음 — 보유 확인 필요
ASG-000509,DTY-00278,,유형,TG07,D07,SD07-1,SD07-2,확인필요,조건부 의무 — 보유·해당 여부 확인 필요,상시,365,,,자산 대장 없음 — 보유 확인 필요
ASG-000510,DTY-00279,,유형,TG07,D07,SD07-1,SD07-2,확인필요,조건부 의무 — 보유·해당 여부 확인 필요,상시,365,,,자산 대장 없음 — 보유 확인 필요
ASG-000511,DTY-00280,,유형,TG07,D07,SD07-1,SD07-2,확인필요,조건부 의무 — 보유·해당 여부 확인 필요,상시,365,,,자산 대장 없음 — 보유 확인 필요
ASG-000512,DTY-00281,,유형,TG07,D07,SD07-1,SD07-2,확인필요,조건부 의무 — 보유·해당 여부 확인 필요,상시,365,,,자산 대장 없음 — 보유 확인 필요
ASG-000513,DTY-00282,,유형,TG07,D07,SD07-1,SD07-2,확인필요,조건부 의무 — 보유·해당 여부 확인 필요,연1회,365,,,자산 대장 없음 — 보유 확인 필요
ASG-000514,DTY-00283,,유형,TG07,D07,SD07-1,SD07-2,확인필요,조건부 의무 — 보유·해당 여부 확인 필요,상시,365,,,자산 대장 없음 — 보유 확인 필요
ASG-000515,DTY-00284,,유형,TG07,D07,SD07-1,SD07-2,확인필요,조건부 의무 — 보유·해당 여부 확인 필요,수시,180,,,자산 대장 없음 — 보유 확인 필요
ASG-000516,DTY-00285,,유형,TG07,D07,SD07-1,SD07-2,확인필요,조건부 의무 — 보유·해당 여부 확인 필요,수시,180,,,자산 대장 없음 — 보유 확인 필요
ASG-000517,DTY-00286,,유형,TG07,D07,SD07-1,SD07-2,확인필요,조건부 의무 — 보유·해당 여부 확인 필요,상시,365,,,자산 대장 없음 — 보유 확인 필요
ASG-000518,DTY-00287,,유형,TG07,D07,SD07-1,SD07-2,확인필요,조건부 의무 — 보유·해당 여부 확인 필요,상시,365,,,자산 대장 없음 — 보유 확인 필요
ASG-000519,DTY-00288,,유형,TG07,D07,SD07-1,SD07-2,확인필요,조건부 의무 — 보유·해당 여부 확인 필요,상시,365,,,자산 대장 없음 — 보유 확인 필요
ASG-000520,DTY-00289,,유형,TG07,D07,SD07-1,SD07-2,확인필요,조건부 의무 — 보유·해당 여부 확인 필요,상시,365,,,자산 대장 없음 — 보유 확인 필요
ASG-000521,DTY-00290,,유형,TG07,D07,SD07-1,SD07-2,확인필요,조건부 의무 — 보유·해당 여부 확인 필요,상시,365,,,자산 대장 없음 — 보유 확인 필요
ASG-000522,DTY-00291,,유형,TG07,D07,SD07-1,SD07-2,확인필요,조건부 의무 — 보유·해당 여부 확인 필요,상시,365,,,자산 대장 없음 — 보유 확인 필요
ASG-000523,DTY-00292,,유형,TG07,D07,SD07-1,SD07-2,확인필요,조건부 의무 — 보유·해당 여부 확인 필요,상시,365,,,자산 대장 없음 — 보유 확인 필요
ASG-000524,DTY-00293,,유형,TG07,D07,SD07-1,SD07-2,확인필요,조건부 의무 — 보유·해당 여부 확인 필요,수시,180,,,자산 대장 없음 — 보유 확인 필요
ASG-000525,DTY-00294,,유형,TG07,D07,SD07-1,SD07-2,확인필요,조건부 의무 — 보유·해당 여부 확인 필요,상시,365,,,자산 대장 없음 — 보유 확인 필요
ASG-000526,DTY-00295,,유형,TG07,D07,SD07-1,SD07-2,확인필요,조건부 의무 — 보유·해당 여부 확인 필요,상시,365,,,자산 대장 없음 — 보유 확인 필요
ASG-000527,DTY-00296,,유형,TG07,D07,SD07-1,SD07-2,확인필요,조건부 의무 — 보유·해당 여부 확인 필요,상시,365,,,자산 대장 없음 — 보유 확인 필요
ASG-000528,DTY-00297,,유형,TG07,D07,SD07-1,SD07-2,확인필요,조건부 의무 — 보유·해당 여부 확인 필요,상시,365,,,자산 대장 없음 — 보유 확인 필요
ASG-000529,DTY-00298,,유형,TG07,D07,SD07-1,SD07-2,확인필요,조건부 의무 — 보유·해당 여부 확인 필요,상시,365,,,자산 대장 없음 — 보유 확인 필요
ASG-000530,DTY-00299,,유형,TG01,D04,SD04-1,SD04-2,해당,,연1회,365,,,
ASG-000531,DTY-00299,ST2005-0000048,자산,TG01,D04,SD04-1,SD04-2,해당,,연1회,365,,,
ASG-000532,DTY-00299,ST2005-0000049,자산,TG01,D04,SD04-1,SD04-2,해당,,연1회,365,,,
ASG-000533,DTY-00299,ST2009-0000031,자산,TG01,D04,SD04-1,SD04-2,해당,,연1회,365,,,
ASG-000534,DTY-00300,,유형,TG07,D07,SD07-1,SD07-2,확인필요,조건부 의무 — 보유·해당 여부 확인 필요,연1회,365,,,자산 대장 없음 — 보유 확인 필요
ASG-000535,DTY-00301,,유형,TG06,D13,SD13-1,SD13-2,해당,,상시,365,,,
ASG-000536,DTY-00301,WG2008-0000097,자산,TG06,D13,SD13-1,SD13-2,해당,,상시,365,,,
ASG-000537,DTY-00301,WG2008-0000098,자산,TG06,D13,SD13-1,SD13-2,해당,,상시,365,,,
ASG-000538,DTY-00301,WG2008-0000099,자산,TG06,D13,SD13-1,SD13-2,해당,,상시,365,,,
ASG-000539,DTY-00302,,기관,TG24,D13,SD13-1,SD13-2,해당,,연1회,365,,,분류 추론 — 검수 전
ASG-000540,DTY-00303,,기관,TG24,D13,SD13-1,SD13-2,해당,,연1회,365,,,분류 추론 — 검수 전
ASG-000541,DTY-00304,,기관,TG24,D13,SD13-1,SD13-2,해당,,연1회,365,,,분류 추론 — 검수 전
ASG-000542,DTY-00305,,기관,TG24,D13,SD13-1,SD13-2,해당,,연1회,365,,,분류 추론 — 검수 전
ASG-000543,DTY-00306,,기관,TG24,D13,SD13-1,SD13-2,해당,,연1회,365,,,분류 추론 — 검수 전
ASG-000544,DTY-00307,,기관,TG24,D13,SD13-1,SD13-2,해당,,연1회,365,,,분류 추론 — 검수 전
ASG-000545,DTY-00308,,기관,TG24,D13,SD13-1,SD13-2,해당,,연1회,365,,,분류 추론 — 검수 전
ASG-000546,DTY-00309,,기관,TG24,D13,SD13-1,SD13-2,해당,,상시,365,,,
ASG-000547,DTY-00310,,기관,TG24,D13,SD13-1,SD13-2,해당,,상시,365,,,
ASG-000548,DTY-00311,,기관,TG24,D13,SD13-1,SD13-2,해당,,상시,365,,,
ASG-000549,DTY-00312,,기관,TG24,D13,SD13-1,SD13-2,해당,,상시,365,,,
ASG-000550,DTY-00313,,기관,TG24,D13,SD13-1,SD13-2,해당,,상시,365,,,
ASG-000551,DTY-00314,,기관,TG24,D13,SD13-1,SD13-2,해당,,상시,365,,,
ASG-000552,DTY-00315,,기관,TG24,D13,SD13-1,SD13-2,해당,,상시,365,,,
ASG-000553,DTY-00316,,기관,TG24,D13,SD13-1,SD13-2,해당,,상시,365,,,
ASG-000554,DTY-00317,,기관,TG24,D13,SD13-1,SD13-2,해당,,상시,365,,,
ASG-000555,DTY-00318,,기관,TG24,D13,SD13-1,SD13-2,해당,,연1회,365,,,분류 추론 — 검수 전
ASG-000556,DTY-00319,,기관,TG24,D13,SD13-1,SD13-2,해당,,수시,180,,,
ASG-000557,DTY-00320,,유형,TG06,D13,SD13-1,SD13-2,해당,,연1회,365,,,
ASG-000558,DTY-00320,WG2008-0000097,자산,TG06,D13,SD13-1,SD13-2,해당,,연1회,365,,,
ASG-000559,DTY-00320,WG2008-0000098,자산,TG06,D13,SD13-1,SD13-2,해당,,연1회,365,,,
ASG-000560,DTY-00320,WG2008-0000099,자산,TG06,D13,SD13-1,SD13-2,해당,,연1회,365,,,
ASG-000561,DTY-00321,,유형,TG06,D13,SD13-1,SD13-2,해당,,반기 1회,180,,,
ASG-000562,DTY-00321,WG2008-0000097,자산,TG06,D13,SD13-1,SD13-2,해당,,반기 1회,180,,,
ASG-000563,DTY-00321,WG2008-0000098,자산,TG06,D13,SD13-1,SD13-2,해당,,반기 1회,180,,,
ASG-000564,DTY-00321,WG2008-0000099,자산,TG06,D13,SD13-1,SD13-2,해당,,반기 1회,180,,,
ASG-000565,DTY-00322,,유형,TG13,D09,SD09-1,SD09-2,해당,,연1회,365,,,분류 추론 — 검수 전
ASG-000566,DTY-00322,AR1967-0000142,자산,TG13,D09,SD09-1,SD09-2,해당,,연1회,365,,,분류 추론 — 검수 전
ASG-000567,DTY-00322,AR1969-0000298,자산,TG13,D09,SD09-1,SD09-2,해당,,연1회,365,,,분류 추론 — 검수 전
ASG-000568,DTY-00322,AR1969-0000299,자산,TG13,D09,SD09-1,SD09-2,해당,,연1회,365,,,분류 추론 — 검수 전
ASG-000569,DTY-00323,,유형,TG15,D10,SD10-1,SD10-2,확인필요,조건부 의무 — 보유·해당 여부 확인 필요,상시,365,,,자산 대장 없음 — 보유 확인 필요
ASG-000570,DTY-00324,,유형,TG15,D10,SD10-1,SD10-2,확인필요,조건부 의무 — 보유·해당 여부 확인 필요,상시,365,,,자산 대장 없음 — 보유 확인 필요
ASG-000571,DTY-00325,,유형,TG99,D99,,,확인필요,조건부 의무 — 보유·해당 여부 확인 필요,연1회,365,,,자산 대장 없음 — 보유 확인 필요
ASG-000572,DTY-00326,,유형,TG06,D13,SD13-1,SD13-2,해당,,상시,365,,,
ASG-000573,DTY-00326,WG2008-0000097,자산,TG06,D13,SD13-1,SD13-2,해당,,상시,365,,,
ASG-000574,DTY-00326,WG2008-0000098,자산,TG06,D13,SD13-1,SD13-2,해당,,상시,365,,,
ASG-000575,DTY-00326,WG2008-0000099,자산,TG06,D13,SD13-1,SD13-2,해당,,상시,365,,,
ASG-000576,DTY-00327,,유형,TG06,D13,SD13-1,SD13-2,해당,,상시,365,,,
ASG-000577,DTY-00327,WG2008-0000097,자산,TG06,D13,SD13-1,SD13-2,해당,,상시,365,,,
ASG-000578,DTY-00327,WG2008-0000098,자산,TG06,D13,SD13-1,SD13-2,해당,,상시,365,,,
ASG-000579,DTY-00327,WG2008-0000099,자산,TG06,D13,SD13-1,SD13-2,해당,,상시,365,,,
ASG-000580,DTY-00328,,유형,TG06,D13,SD13-1,SD13-2,해당,,상시,365,,,
ASG-000581,DTY-00328,WG2008-0000097,자산,TG06,D13,SD13-1,SD13-2,해당,,상시,365,,,
ASG-000582,DTY-00328,WG2008-0000098,자산,TG06,D13,SD13-1,SD13-2,해당,,상시,365,,,
ASG-000583,DTY-00328,WG2008-0000099,자산,TG06,D13,SD13-1,SD13-2,해당,,상시,365,,,
ASG-000584,DTY-00329,,유형,TG06,D13,SD13-1,SD13-2,해당,,수시,180,,,
ASG-000585,DTY-00329,WG2008-0000097,자산,TG06,D13,SD13-1,SD13-2,해당,,수시,180,,,
ASG-000586,DTY-00329,WG2008-0000098,자산,TG06,D13,SD13-1,SD13-2,해당,,수시,180,,,
ASG-000587,DTY-00329,WG2008-0000099,자산,TG06,D13,SD13-1,SD13-2,해당,,수시,180,,,
ASG-000588,DTY-00330,,유형,TG14,D10,SD10-1,SD10-2,확인필요,조건부 의무 — 보유·해당 여부 확인 필요,수시,180,,,자산 대장 없음 — 보유 확인 필요
ASG-000589,DTY-00331,,유형,TG09,D08,SD08-1,SD08-2,확인필요,조건부 의무 — 보유·해당 여부 확인 필요,연1회,365,,,자산 대장 없음 — 보유 확인 필요 · 분류 추론 — 검수 전
ASG-000590,DTY-00332,,유형,TG09,D08,SD08-1,SD08-2,확인필요,조건부 의무 — 보유·해당 여부 확인 필요,상시,365,,,자산 대장 없음 — 보유 확인 필요
ASG-000591,DTY-00333,,유형,TG09,D08,SD08-1,SD08-2,확인필요,조건부 의무 — 보유·해당 여부 확인 필요,연1회,365,,,자산 대장 없음 — 보유 확인 필요 · 분류 추론 — 검수 전
ASG-000592,DTY-00334,,유형,TG09,D08,SD08-1,SD08-2,확인필요,조건부 의무 — 보유·해당 여부 확인 필요,상시,365,,,자산 대장 없음 — 보유 확인 필요
ASG-000593,DTY-00335,,유형,TG09,D08,SD08-1,SD08-2,확인필요,조건부 의무 — 보유·해당 여부 확인 필요,상시,365,,,자산 대장 없음 — 보유 확인 필요
ASG-000594,DTY-00336,,유형,TG09,D08,SD08-1,SD08-2,확인필요,조건부 의무 — 보유·해당 여부 확인 필요,상시,365,,,자산 대장 없음 — 보유 확인 필요
ASG-000595,DTY-00337,,유형,TG09,D08,SD08-1,SD08-2,확인필요,조건부 의무 — 보유·해당 여부 확인 필요,상시,365,,,자산 대장 없음 — 보유 확인 필요
ASG-000596,DTY-00338,,유형,TG09,D08,SD08-1,SD08-2,확인필요,조건부 의무 — 보유·해당 여부 확인 필요,상시,365,,,자산 대장 없음 — 보유 확인 필요
ASG-000597,DTY-00339,,유형,TG09,D08,SD08-1,SD08-2,확인필요,조건부 의무 — 보유·해당 여부 확인 필요,상시,365,,,자산 대장 없음 — 보유 확인 필요
ASG-000598,DTY-00340,,유형,TG09,D08,SD08-1,SD08-2,확인필요,조건부 의무 — 보유·해당 여부 확인 필요,상시,365,,,자산 대장 없음 — 보유 확인 필요
ASG-000599,DTY-00341,,유형,TG09,D08,SD08-1,SD08-2,확인필요,조건부 의무 — 보유·해당 여부 확인 필요,상시,365,,,자산 대장 없음 — 보유 확인 필요
ASG-000600,DTY-00342,,유형,TG09,D08,SD08-1,SD08-2,확인필요,조건부 의무 — 보유·해당 여부 확인 필요,상시,365,,,자산 대장 없음 — 보유 확인 필요
ASG-000601,DTY-00343,,유형,TG09,D08,SD08-1,SD08-2,확인필요,조건부 의무 — 보유·해당 여부 확인 필요,상시,365,,,자산 대장 없음 — 보유 확인 필요
ASG-000602,DTY-00344,,유형,TG09,D08,SD08-1,SD08-2,확인필요,조건부 의무 — 보유·해당 여부 확인 필요,상시,365,,,자산 대장 없음 — 보유 확인 필요
ASG-000603,DTY-00345,,유형,TG09,D08,SD08-1,SD08-2,확인필요,조건부 의무 — 보유·해당 여부 확인 필요,상시,365,,,자산 대장 없음 — 보유 확인 필요
ASG-000604,DTY-00346,,유형,TG09,D08,SD08-1,SD08-2,확인필요,조건부 의무 — 보유·해당 여부 확인 필요,상시,365,,,자산 대장 없음 — 보유 확인 필요
ASG-000605,DTY-00347,,유형,TG09,D08,SD08-1,SD08-2,확인필요,조건부 의무 — 보유·해당 여부 확인 필요,상시,365,,,자산 대장 없음 — 보유 확인 필요
ASG-000606,DTY-00348,,유형,TG09,D08,SD08-1,SD08-2,확인필요,조건부 의무 — 보유·해당 여부 확인 필요,상시,365,,,자산 대장 없음 — 보유 확인 필요
ASG-000607,DTY-00349,,유형,TG09,D08,SD08-1,SD08-2,확인필요,조건부 의무 — 보유·해당 여부 확인 필요,상시,365,,,자산 대장 없음 — 보유 확인 필요
ASG-000608,DTY-00350,,유형,TG02,D05,SD05-1,SD05-2,해당,,상시,365,,,
ASG-000609,DTY-00351,,유형,TG02,D05,SD05-1,SD05-2,해당,,상시,365,,,
ASG-000610,DTY-00352,,유형,TG02,D05,SD05-1,SD05-2,해당,,상시,365,,,
ASG-000611,DTY-00353,,유형,TG02,D05,SD05-1,SD05-2,해당,,상시,365,,,
ASG-000612,DTY-00354,,유형,TG02,D05,SD05-1,SD05-2,해당,,상시,365,,,
ASG-000613,DTY-00355,,유형,TG02,D05,SD05-1,SD05-2,해당,,수시,180,,,
ASG-000614,DTY-00356,,유형,TG02,D05,SD05-1,SD05-2,해당,,수시,180,,,
ASG-000615,DTY-00357,,유형,TG02,D05,SD05-1,SD05-2,해당,,수시,180,,,
ASG-000616,DTY-00358,,유형,TG02,D05,SD05-1,SD05-2,해당,,수시,180,,,
ASG-000617,DTY-00359,,유형,TG02,D05,SD05-1,SD05-2,해당,,수시,180,,,
ASG-000618,DTY-00360,,유형,TG02,D05,SD05-1,SD05-2,해당,,수시,180,,,
ASG-000619,DTY-00361,,유형,TG02,D05,SD05-1,SD05-2,해당,,수시,180,,,
ASG-000620,DTY-00362,,유형,TG02,D05,SD05-1,SD05-2,해당,,수시,180,,,
ASG-000621,DTY-00363,,유형,TG02,D05,SD05-1,SD05-2,해당,,수시,180,,,
ASG-000622,DTY-00364,,유형,TG02,D05,SD05-1,SD05-2,해당,,수시,180,,,
ASG-000623,DTY-00365,,유형,TG02,D05,SD05-1,SD05-2,해당,,수시,180,,,
ASG-000624,DTY-00366,,유형,TG02,D05,SD05-1,SD05-2,해당,,수시,180,,,
ASG-000625,DTY-00367,,유형,TG02,D05,SD05-1,SD05-2,해당,,수시,180,,,
ASG-000626,DTY-00368,,유형,TG02,D05,SD05-1,SD05-2,해당,,수시,180,,,
ASG-000627,DTY-00369,,유형,TG02,D05,SD05-1,SD05-2,해당,,수시,180,,,
ASG-000628,DTY-00370,,유형,TG04,D13,SD13-1,SD13-2,해당,,수시,180,,,
ASG-000629,DTY-00370,DA2008-0000007,자산,TG04,D13,SD13-1,SD13-2,해당,,수시,180,,,
ASG-000630,DTY-00370,DA2008-0000154,자산,TG04,D13,SD13-1,SD13-2,해당,,수시,180,,,
ASG-000631,DTY-00370,DA2008-0000165,자산,TG04,D13,SD13-1,SD13-2,해당,,수시,180,,,
ASG-000632,DTY-00371,,유형,TG04,D13,SD13-1,SD13-2,해당,,수시,180,,,
ASG-000633,DTY-00371,DA2008-0000007,자산,TG04,D13,SD13-1,SD13-2,해당,,수시,180,,,
ASG-000634,DTY-00371,DA2008-0000154,자산,TG04,D13,SD13-1,SD13-2,해당,,수시,180,,,
ASG-000635,DTY-00371,DA2008-0000165,자산,TG04,D13,SD13-1,SD13-2,해당,,수시,180,,,
ASG-000636,DTY-00372,,유형,TG04,D13,SD13-1,SD13-2,해당,,수시,180,,,
ASG-000637,DTY-00372,DA2008-0000007,자산,TG04,D13,SD13-1,SD13-2,해당,,수시,180,,,
ASG-000638,DTY-00372,DA2008-0000154,자산,TG04,D13,SD13-1,SD13-2,해당,,수시,180,,,
ASG-000639,DTY-00372,DA2008-0000165,자산,TG04,D13,SD13-1,SD13-2,해당,,수시,180,,,
ASG-000640,DTY-00373,,유형,TG04,D13,SD13-1,SD13-2,해당,,수시,180,,,
ASG-000641,DTY-00373,DA2008-0000007,자산,TG04,D13,SD13-1,SD13-2,해당,,수시,180,,,
ASG-000642,DTY-00373,DA2008-0000154,자산,TG04,D13,SD13-1,SD13-2,해당,,수시,180,,,
ASG-000643,DTY-00373,DA2008-0000165,자산,TG04,D13,SD13-1,SD13-2,해당,,수시,180,,,
ASG-000644,DTY-00374,,유형,TG04,D13,SD13-1,SD13-2,해당,,수시,180,,,
ASG-000645,DTY-00374,DA2008-0000007,자산,TG04,D13,SD13-1,SD13-2,해당,,수시,180,,,
ASG-000646,DTY-00374,DA2008-0000154,자산,TG04,D13,SD13-1,SD13-2,해당,,수시,180,,,
ASG-000647,DTY-00374,DA2008-0000165,자산,TG04,D13,SD13-1,SD13-2,해당,,수시,180,,,
ASG-000648,DTY-00375,,유형,TG04,D13,SD13-1,SD13-2,해당,,수시,180,,,
ASG-000649,DTY-00375,DA2008-0000007,자산,TG04,D13,SD13-1,SD13-2,해당,,수시,180,,,
ASG-000650,DTY-00375,DA2008-0000154,자산,TG04,D13,SD13-1,SD13-2,해당,,수시,180,,,
ASG-000651,DTY-00375,DA2008-0000165,자산,TG04,D13,SD13-1,SD13-2,해당,,수시,180,,,
ASG-000652,DTY-00376,,유형,TG04,D13,SD13-1,SD13-2,해당,,수시,180,,,
ASG-000653,DTY-00376,DA2008-0000007,자산,TG04,D13,SD13-1,SD13-2,해당,,수시,180,,,
ASG-000654,DTY-00376,DA2008-0000154,자산,TG04,D13,SD13-1,SD13-2,해당,,수시,180,,,
ASG-000655,DTY-00376,DA2008-0000165,자산,TG04,D13,SD13-1,SD13-2,해당,,수시,180,,,
ASG-000656,DTY-00377,,유형,TG21,D99,,,확인필요,조건부 의무 — 보유·해당 여부 확인 필요,연1회,365,,,자산 대장 없음 — 보유 확인 필요
ASG-000657,DTY-00378,,유형,TG22,D11,SD11-1,SD11-2,확인필요,조건부 의무 — 보유·해당 여부 확인 필요,반기 1회,180,,,자산 대장 없음 — 보유 확인 필요
ASG-000658,DTY-00379,,유형,TG22,D11,SD11-1,SD11-2,확인필요,조건부 의무 — 보유·해당 여부 확인 필요,반기 1회,180,,,자산 대장 없음 — 보유 확인 필요
ASG-000659,DTY-00380,,유형,TG22,D11,SD11-1,SD11-2,확인필요,조건부 의무 — 보유·해당 여부 확인 필요,반기 1회,180,,,자산 대장 없음 — 보유 확인 필요
ASG-000660,DTY-00381,,유형,TG22,D11,SD11-1,SD11-2,확인필요,조건부 의무 — 보유·해당 여부 확인 필요,반기 1회,180,,,자산 대장 없음 — 보유 확인 필요
ASG-000661,DTY-00382,,유형,TG22,D11,SD11-1,SD11-2,확인필요,조건부 의무 — 보유·해당 여부 확인 필요,반기 1회,180,,,자산 대장 없음 — 보유 확인 필요
ASG-000662,DTY-00383,,유형,TG09,D08,SD08-1,SD08-2,확인필요,조건부 의무 — 보유·해당 여부 확인 필요,반기 1회,180,,,자산 대장 없음 — 보유 확인 필요 · 분류 추론 — 검수 전
ASG-000663,DTY-00384,,유형,TG99,D99,,,확인필요,조건부 의무 — 보유·해당 여부 확인 필요,반기 1회,180,,,정본 미반영 — 새 정독(검수 전) · 관리대상 확인 필요
ASG-000664,DTY-00385,,유형,TG05,D03,SD03-1,SD03-2,해당,,반기 1회,180,,,분류 추론 — 검수 전
ASG-000665,DTY-00385,RW1994-0000054,자산,TG05,D03,SD03-1,SD03-2,해당,,반기 1회,180,,,분류 추론 — 검수 전
ASG-000666,DTY-00385,RW1998-0000037,자산,TG05,D03,SD03-1,SD03-2,해당,,반기 1회,180,,,분류 추론 — 검수 전
ASG-000667,DTY-00385,RW2000-0000064,자산,TG05,D03,SD03-1,SD03-2,해당,,반기 1회,180,,,분류 추론 — 검수 전
ASG-000668,DTY-00386,,유형,TG05,D03,SD03-1,SD03-2,해당,,연1회,365,,,
ASG-000669,DTY-00386,RW1994-0000054,자산,TG05,D03,SD03-1,SD03-2,해당,,연1회,365,,,
ASG-000670,DTY-00386,RW1998-0000037,자산,TG05,D03,SD03-1,SD03-2,해당,,연1회,365,,,
ASG-000671,DTY-00386,RW2000-0000064,자산,TG05,D03,SD03-1,SD03-2,해당,,연1회,365,,,
ASG-000672,DTY-00387,,유형,TG05,D03,SD03-1,SD03-2,해당,,반기 1회,180,,,
ASG-000673,DTY-00387,RW1994-0000054,자산,TG05,D03,SD03-1,SD03-2,해당,,반기 1회,180,,,
ASG-000674,DTY-00387,RW1998-0000037,자산,TG05,D03,SD03-1,SD03-2,해당,,반기 1회,180,,,
ASG-000675,DTY-00387,RW2000-0000064,자산,TG05,D03,SD03-1,SD03-2,해당,,반기 1회,180,,,
ASG-000676,DTY-00388,,유형,TG05,D03,SD03-1,SD03-2,해당,,반기 1회,180,,,
ASG-000677,DTY-00388,RW1994-0000054,자산,TG05,D03,SD03-1,SD03-2,해당,,반기 1회,180,,,
ASG-000678,DTY-00388,RW1998-0000037,자산,TG05,D03,SD03-1,SD03-2,해당,,반기 1회,180,,,
ASG-000679,DTY-00388,RW2000-0000064,자산,TG05,D03,SD03-1,SD03-2,해당,,반기 1회,180,,,
ASG-000680,DTY-00389,,유형,TG05,D03,SD03-1,SD03-2,해당,,반기 1회,180,,,분류 추론 — 검수 전
ASG-000681,DTY-00389,RW1994-0000054,자산,TG05,D03,SD03-1,SD03-2,해당,,반기 1회,180,,,분류 추론 — 검수 전
ASG-000682,DTY-00389,RW1998-0000037,자산,TG05,D03,SD03-1,SD03-2,해당,,반기 1회,180,,,분류 추론 — 검수 전
ASG-000683,DTY-00389,RW2000-0000064,자산,TG05,D03,SD03-1,SD03-2,해당,,반기 1회,180,,,분류 추론 — 검수 전
ASG-000684,DTY-00390,,유형,TG05,D03,SD03-1,SD03-2,해당,,반기 1회,180,,,분류 추론 — 검수 전
ASG-000685,DTY-00390,RW1994-0000054,자산,TG05,D03,SD03-1,SD03-2,해당,,반기 1회,180,,,분류 추론 — 검수 전
ASG-000686,DTY-00390,RW1998-0000037,자산,TG05,D03,SD03-1,SD03-2,해당,,반기 1회,180,,,분류 추론 — 검수 전
ASG-000687,DTY-00390,RW2000-0000064,자산,TG05,D03,SD03-1,SD03-2,해당,,반기 1회,180,,,분류 추론 — 검수 전
ASG-000688,DTY-00391,,유형,TG05,D03,SD03-1,SD03-2,해당,,반기 1회,180,,,분류 추론 — 검수 전
ASG-000689,DTY-00391,RW1994-0000054,자산,TG05,D03,SD03-1,SD03-2,해당,,반기 1회,180,,,분류 추론 — 검수 전
ASG-000690,DTY-00391,RW1998-0000037,자산,TG05,D03,SD03-1,SD03-2,해당,,반기 1회,180,,,분류 추론 — 검수 전
ASG-000691,DTY-00391,RW2000-0000064,자산,TG05,D03,SD03-1,SD03-2,해당,,반기 1회,180,,,분류 추론 — 검수 전
ASG-000692,DTY-00392,,유형,TG05,D03,SD03-1,SD03-2,해당,,반기 1회,180,,,
ASG-000693,DTY-00392,RW1994-0000054,자산,TG05,D03,SD03-1,SD03-2,해당,,반기 1회,180,,,
ASG-000694,DTY-00392,RW1998-0000037,자산,TG05,D03,SD03-1,SD03-2,해당,,반기 1회,180,,,
ASG-000695,DTY-00392,RW2000-0000064,자산,TG05,D03,SD03-1,SD03-2,해당,,반기 1회,180,,,
ASG-000696,DTY-00393,,유형,TG05,D03,SD03-1,SD03-2,해당,,반기 1회,180,,,분류 추론 — 검수 전
ASG-000697,DTY-00393,RW1994-0000054,자산,TG05,D03,SD03-1,SD03-2,해당,,반기 1회,180,,,분류 추론 — 검수 전
ASG-000698,DTY-00393,RW1998-0000037,자산,TG05,D03,SD03-1,SD03-2,해당,,반기 1회,180,,,분류 추론 — 검수 전
ASG-000699,DTY-00393,RW2000-0000064,자산,TG05,D03,SD03-1,SD03-2,해당,,반기 1회,180,,,분류 추론 — 검수 전
ASG-000700,DTY-00394,,유형,TG05,D03,SD03-1,SD03-2,해당,,반기 1회,180,,,
ASG-000701,DTY-00394,RW1994-0000054,자산,TG05,D03,SD03-1,SD03-2,해당,,반기 1회,180,,,
ASG-000702,DTY-00394,RW1998-0000037,자산,TG05,D03,SD03-1,SD03-2,해당,,반기 1회,180,,,
ASG-000703,DTY-00394,RW2000-0000064,자산,TG05,D03,SD03-1,SD03-2,해당,,반기 1회,180,,,
ASG-000704,DTY-00395,,유형,TG05,D03,SD03-1,SD03-2,해당,,반기 1회,180,,,
ASG-000705,DTY-00395,RW1994-0000054,자산,TG05,D03,SD03-1,SD03-2,해당,,반기 1회,180,,,
ASG-000706,DTY-00395,RW1998-0000037,자산,TG05,D03,SD03-1,SD03-2,해당,,반기 1회,180,,,
ASG-000707,DTY-00395,RW2000-0000064,자산,TG05,D03,SD03-1,SD03-2,해당,,반기 1회,180,,,
ASG-000708,DTY-00396,,유형,TG05,D03,SD03-1,SD03-2,해당,,반기 1회,180,,,분류 추론 — 검수 전
ASG-000709,DTY-00396,RW1994-0000054,자산,TG05,D03,SD03-1,SD03-2,해당,,반기 1회,180,,,분류 추론 — 검수 전
ASG-000710,DTY-00396,RW1998-0000037,자산,TG05,D03,SD03-1,SD03-2,해당,,반기 1회,180,,,분류 추론 — 검수 전
ASG-000711,DTY-00396,RW2000-0000064,자산,TG05,D03,SD03-1,SD03-2,해당,,반기 1회,180,,,분류 추론 — 검수 전
ASG-000712,DTY-00397,,유형,TG05,D03,SD03-1,SD03-2,해당,,반기 1회,180,,,
ASG-000713,DTY-00397,RW1994-0000054,자산,TG05,D03,SD03-1,SD03-2,해당,,반기 1회,180,,,
ASG-000714,DTY-00397,RW1998-0000037,자산,TG05,D03,SD03-1,SD03-2,해당,,반기 1회,180,,,
ASG-000715,DTY-00397,RW2000-0000064,자산,TG05,D03,SD03-1,SD03-2,해당,,반기 1회,180,,,
ASG-000716,DTY-00398,,유형,TG05,D03,SD03-1,SD03-2,해당,,반기 1회,180,,,
ASG-000717,DTY-00398,RW1994-0000054,자산,TG05,D03,SD03-1,SD03-2,해당,,반기 1회,180,,,
ASG-000718,DTY-00398,RW1998-0000037,자산,TG05,D03,SD03-1,SD03-2,해당,,반기 1회,180,,,
ASG-000719,DTY-00398,RW2000-0000064,자산,TG05,D03,SD03-1,SD03-2,해당,,반기 1회,180,,,
ASG-000720,DTY-00399,,유형,TG05,D03,SD03-1,SD03-2,해당,,반기 1회,180,,,
ASG-000721,DTY-00399,RW1994-0000054,자산,TG05,D03,SD03-1,SD03-2,해당,,반기 1회,180,,,
ASG-000722,DTY-00399,RW1998-0000037,자산,TG05,D03,SD03-1,SD03-2,해당,,반기 1회,180,,,
ASG-000723,DTY-00399,RW2000-0000064,자산,TG05,D03,SD03-1,SD03-2,해당,,반기 1회,180,,,
ASG-000724,DTY-00400,,유형,TG05,D03,SD03-1,SD03-2,해당,,반기 1회,180,,,
ASG-000725,DTY-00400,RW1994-0000054,자산,TG05,D03,SD03-1,SD03-2,해당,,반기 1회,180,,,
ASG-000726,DTY-00400,RW1998-0000037,자산,TG05,D03,SD03-1,SD03-2,해당,,반기 1회,180,,,
ASG-000727,DTY-00400,RW2000-0000064,자산,TG05,D03,SD03-1,SD03-2,해당,,반기 1회,180,,,
ASG-000728,DTY-00401,,유형,TG03,D03,SD03-1,SD03-2,해당,,반기 1회,180,,,
ASG-000729,DTY-00401,BR0000-0000002,자산,TG03,D03,SD03-1,SD03-2,해당,,반기 1회,180,,,
ASG-000730,DTY-00401,BR1018-0000001,자산,TG03,D03,SD03-1,SD03-2,해당,,반기 1회,180,,,
ASG-000731,DTY-00401,BR1900-0000009,자산,TG03,D03,SD03-1,SD03-2,해당,,반기 1회,180,,,
ASG-000732,DTY-00402,,유형,TG03,D03,SD03-1,SD03-2,해당,,반기 1회,180,,,
ASG-000733,DTY-00402,BR0000-0000002,자산,TG03,D03,SD03-1,SD03-2,해당,,반기 1회,180,,,
ASG-000734,DTY-00402,BR1018-0000001,자산,TG03,D03,SD03-1,SD03-2,해당,,반기 1회,180,,,
ASG-000735,DTY-00402,BR1900-0000009,자산,TG03,D03,SD03-1,SD03-2,해당,,반기 1회,180,,,
ASG-000736,DTY-00403,,유형,TG03,D03,SD03-1,SD03-2,해당,,반기 1회,180,,,
ASG-000737,DTY-00403,BR0000-0000002,자산,TG03,D03,SD03-1,SD03-2,해당,,반기 1회,180,,,
ASG-000738,DTY-00403,BR1018-0000001,자산,TG03,D03,SD03-1,SD03-2,해당,,반기 1회,180,,,
ASG-000739,DTY-00403,BR1900-0000009,자산,TG03,D03,SD03-1,SD03-2,해당,,반기 1회,180,,,
ASG-000740,DTY-00404,,유형,TG03,D03,SD03-1,SD03-2,해당,,반기 1회,180,,,
ASG-000741,DTY-00404,BR0000-0000002,자산,TG03,D03,SD03-1,SD03-2,해당,,반기 1회,180,,,
ASG-000742,DTY-00404,BR1018-0000001,자산,TG03,D03,SD03-1,SD03-2,해당,,반기 1회,180,,,
ASG-000743,DTY-00404,BR1900-0000009,자산,TG03,D03,SD03-1,SD03-2,해당,,반기 1회,180,,,
ASG-000744,DTY-00405,,유형,TG03,D03,SD03-1,SD03-2,해당,,반기 1회,180,,,
ASG-000745,DTY-00405,BR0000-0000002,자산,TG03,D03,SD03-1,SD03-2,해당,,반기 1회,180,,,
ASG-000746,DTY-00405,BR1018-0000001,자산,TG03,D03,SD03-1,SD03-2,해당,,반기 1회,180,,,
ASG-000747,DTY-00405,BR1900-0000009,자산,TG03,D03,SD03-1,SD03-2,해당,,반기 1회,180,,,
ASG-000748,DTY-00406,,유형,TG03,D03,SD03-1,SD03-2,해당,,반기 1회,180,,,
ASG-000749,DTY-00406,BR0000-0000002,자산,TG03,D03,SD03-1,SD03-2,해당,,반기 1회,180,,,
ASG-000750,DTY-00406,BR1018-0000001,자산,TG03,D03,SD03-1,SD03-2,해당,,반기 1회,180,,,
ASG-000751,DTY-00406,BR1900-0000009,자산,TG03,D03,SD03-1,SD03-2,해당,,반기 1회,180,,,
ASG-000752,DTY-00407,,유형,TG03,D03,SD03-1,SD03-2,해당,,수시,180,,,
ASG-000753,DTY-00407,BR0000-0000002,자산,TG03,D03,SD03-1,SD03-2,해당,,수시,180,,,
ASG-000754,DTY-00407,BR1018-0000001,자산,TG03,D03,SD03-1,SD03-2,해당,,수시,180,,,
ASG-000755,DTY-00407,BR1900-0000009,자산,TG03,D03,SD03-1,SD03-2,해당,,수시,180,,,
ASG-000756,DTY-00408,,유형,TG03,D03,SD03-1,SD03-2,해당,,수시,180,,,
ASG-000757,DTY-00408,BR0000-0000002,자산,TG03,D03,SD03-1,SD03-2,해당,,수시,180,,,
ASG-000758,DTY-00408,BR1018-0000001,자산,TG03,D03,SD03-1,SD03-2,해당,,수시,180,,,
ASG-000759,DTY-00408,BR1900-0000009,자산,TG03,D03,SD03-1,SD03-2,해당,,수시,180,,,
ASG-000760,DTY-00409,,유형,TG03,D03,SD03-1,SD03-2,해당,,반기 1회,180,,,
ASG-000761,DTY-00409,BR0000-0000002,자산,TG03,D03,SD03-1,SD03-2,해당,,반기 1회,180,,,
ASG-000762,DTY-00409,BR1018-0000001,자산,TG03,D03,SD03-1,SD03-2,해당,,반기 1회,180,,,
ASG-000763,DTY-00409,BR1900-0000009,자산,TG03,D03,SD03-1,SD03-2,해당,,반기 1회,180,,,
ASG-000764,DTY-00410,,유형,TG12,D06,SD06-1,SD06-2,확인필요,조건부 의무 — 보유·해당 여부 확인 필요,반기 1회,180,,,자산 대장 없음 — 보유 확인 필요
ASG-000765,DTY-00411,,유형,TG03,D03,SD03-1,SD03-2,해당,,반기 1회,180,,,분류 추론 — 검수 전
ASG-000766,DTY-00411,BR0000-0000002,자산,TG03,D03,SD03-1,SD03-2,해당,,반기 1회,180,,,분류 추론 — 검수 전
ASG-000767,DTY-00411,BR1018-0000001,자산,TG03,D03,SD03-1,SD03-2,해당,,반기 1회,180,,,분류 추론 — 검수 전
ASG-000768,DTY-00411,BR1900-0000009,자산,TG03,D03,SD03-1,SD03-2,해당,,반기 1회,180,,,분류 추론 — 검수 전
ASG-000769,DTY-00412,,유형,TG03,D03,SD03-1,SD03-2,해당,,반기 1회,180,,,분류 추론 — 검수 전
ASG-000770,DTY-00412,BR0000-0000002,자산,TG03,D03,SD03-1,SD03-2,해당,,반기 1회,180,,,분류 추론 — 검수 전
ASG-000771,DTY-00412,BR1018-0000001,자산,TG03,D03,SD03-1,SD03-2,해당,,반기 1회,180,,,분류 추론 — 검수 전
ASG-000772,DTY-00412,BR1900-0000009,자산,TG03,D03,SD03-1,SD03-2,해당,,반기 1회,180,,,분류 추론 — 검수 전
ASG-000773,DTY-00413,,유형,TG03,D03,SD03-1,SD03-2,해당,,반기 1회,180,,,분류 추론 — 검수 전
ASG-000774,DTY-00413,BR0000-0000002,자산,TG03,D03,SD03-1,SD03-2,해당,,반기 1회,180,,,분류 추론 — 검수 전
ASG-000775,DTY-00413,BR1018-0000001,자산,TG03,D03,SD03-1,SD03-2,해당,,반기 1회,180,,,분류 추론 — 검수 전
ASG-000776,DTY-00413,BR1900-0000009,자산,TG03,D03,SD03-1,SD03-2,해당,,반기 1회,180,,,분류 추론 — 검수 전
ASG-000777,DTY-00414,,유형,TG03,D03,SD03-1,SD03-2,해당,,반기 1회,180,,,분류 추론 — 검수 전
ASG-000778,DTY-00414,BR0000-0000002,자산,TG03,D03,SD03-1,SD03-2,해당,,반기 1회,180,,,분류 추론 — 검수 전
ASG-000779,DTY-00414,BR1018-0000001,자산,TG03,D03,SD03-1,SD03-2,해당,,반기 1회,180,,,분류 추론 — 검수 전
ASG-000780,DTY-00414,BR1900-0000009,자산,TG03,D03,SD03-1,SD03-2,해당,,반기 1회,180,,,분류 추론 — 검수 전
ASG-000781,DTY-00415,,유형,TG03,D03,SD03-1,SD03-2,해당,,반기 1회,180,,,
ASG-000782,DTY-00415,BR0000-0000002,자산,TG03,D03,SD03-1,SD03-2,해당,,반기 1회,180,,,
ASG-000783,DTY-00415,BR1018-0000001,자산,TG03,D03,SD03-1,SD03-2,해당,,반기 1회,180,,,
ASG-000784,DTY-00415,BR1900-0000009,자산,TG03,D03,SD03-1,SD03-2,해당,,반기 1회,180,,,
ASG-000785,DTY-00416,,유형,TG03,D03,SD03-1,SD03-2,해당,,반기 1회,180,,,
ASG-000786,DTY-00416,BR0000-0000002,자산,TG03,D03,SD03-1,SD03-2,해당,,반기 1회,180,,,
ASG-000787,DTY-00416,BR1018-0000001,자산,TG03,D03,SD03-1,SD03-2,해당,,반기 1회,180,,,
ASG-000788,DTY-00416,BR1900-0000009,자산,TG03,D03,SD03-1,SD03-2,해당,,반기 1회,180,,,
ASG-000789,DTY-00417,,유형,TG27,D03,SD03-1,SD03-2,확인필요,조건부 의무 — 보유·해당 여부 확인 필요,반기 1회,180,,,자산 대장 없음 — 보유 확인 필요
ASG-000790,DTY-00418,,유형,TG27,D03,SD03-1,SD03-2,확인필요,조건부 의무 — 보유·해당 여부 확인 필요,반기 1회,180,,,자산 대장 없음 — 보유 확인 필요 · 분류 추론 — 검수 전
ASG-000791,DTY-00419,,유형,TG27,D03,SD03-1,SD03-2,확인필요,조건부 의무 — 보유·해당 여부 확인 필요,반기 1회,180,,,자산 대장 없음 — 보유 확인 필요 · 분류 추론 — 검수 전
ASG-000792,DTY-00420,,유형,TG27,D03,SD03-1,SD03-2,확인필요,조건부 의무 — 보유·해당 여부 확인 필요,반기 1회,180,,,자산 대장 없음 — 보유 확인 필요
ASG-000793,DTY-00421,,유형,TG27,D03,SD03-1,SD03-2,확인필요,조건부 의무 — 보유·해당 여부 확인 필요,반기 1회,180,,,자산 대장 없음 — 보유 확인 필요 · 분류 추론 — 검수 전
ASG-000794,DTY-00422,,유형,TG27,D03,SD03-1,SD03-2,확인필요,조건부 의무 — 보유·해당 여부 확인 필요,반기 1회,180,,,자산 대장 없음 — 보유 확인 필요
ASG-000795,DTY-00423,,유형,TG27,D03,SD03-1,SD03-2,확인필요,조건부 의무 — 보유·해당 여부 확인 필요,반기 1회,180,,,자산 대장 없음 — 보유 확인 필요
ASG-000796,DTY-00424,,유형,TG27,D03,SD03-1,SD03-2,확인필요,조건부 의무 — 보유·해당 여부 확인 필요,반기 1회,180,,,자산 대장 없음 — 보유 확인 필요
ASG-000797,DTY-00425,,유형,TG27,D03,SD03-1,SD03-2,확인필요,조건부 의무 — 보유·해당 여부 확인 필요,반기 1회,180,,,자산 대장 없음 — 보유 확인 필요
ASG-000798,DTY-00426,,유형,TG20,D09,SD09-1,SD09-2,확인필요,조건부 의무 — 보유·해당 여부 확인 필요,반기 1회,180,,,자산 대장 없음 — 보유 확인 필요
ASG-000799,DTY-00427,,유형,TG20,D09,SD09-1,SD09-2,확인필요,조건부 의무 — 보유·해당 여부 확인 필요,반기 1회,180,,,자산 대장 없음 — 보유 확인 필요
ASG-000800,DTY-00428,,유형,TG01,D04,SD04-1,SD04-2,해당,,반기 1회,180,,,분류 추론 — 검수 전
ASG-000801,DTY-00428,ST2005-0000048,자산,TG01,D04,SD04-1,SD04-2,해당,,반기 1회,180,,,분류 추론 — 검수 전
ASG-000802,DTY-00428,ST2005-0000049,자산,TG01,D04,SD04-1,SD04-2,해당,,반기 1회,180,,,분류 추론 — 검수 전
ASG-000803,DTY-00428,ST2009-0000031,자산,TG01,D04,SD04-1,SD04-2,해당,,반기 1회,180,,,분류 추론 — 검수 전
ASG-000804,DTY-00429,,유형,TG01,D04,SD04-1,SD04-2,해당,,반기 1회,180,,,
ASG-000805,DTY-00429,ST2005-0000048,자산,TG01,D04,SD04-1,SD04-2,해당,,반기 1회,180,,,
ASG-000806,DTY-00429,ST2005-0000049,자산,TG01,D04,SD04-1,SD04-2,해당,,반기 1회,180,,,
ASG-000807,DTY-00429,ST2009-0000031,자산,TG01,D04,SD04-1,SD04-2,해당,,반기 1회,180,,,
ASG-000808,DTY-00430,,유형,TG01,D04,SD04-1,SD04-2,해당,,반기 1회,180,,,분류 추론 — 검수 전
ASG-000809,DTY-00430,ST2005-0000048,자산,TG01,D04,SD04-1,SD04-2,해당,,반기 1회,180,,,분류 추론 — 검수 전
ASG-000810,DTY-00430,ST2005-0000049,자산,TG01,D04,SD04-1,SD04-2,해당,,반기 1회,180,,,분류 추론 — 검수 전
ASG-000811,DTY-00430,ST2009-0000031,자산,TG01,D04,SD04-1,SD04-2,해당,,반기 1회,180,,,분류 추론 — 검수 전
ASG-000812,DTY-00431,,유형,TG01,D04,SD04-1,SD04-2,해당,,반기 1회,180,,,분류 추론 — 검수 전
ASG-000813,DTY-00431,ST2005-0000048,자산,TG01,D04,SD04-1,SD04-2,해당,,반기 1회,180,,,분류 추론 — 검수 전
ASG-000814,DTY-00431,ST2005-0000049,자산,TG01,D04,SD04-1,SD04-2,해당,,반기 1회,180,,,분류 추론 — 검수 전
ASG-000815,DTY-00431,ST2009-0000031,자산,TG01,D04,SD04-1,SD04-2,해당,,반기 1회,180,,,분류 추론 — 검수 전
ASG-000816,DTY-00432,,유형,TG01,D04,SD04-1,SD04-2,해당,,반기 1회,180,,,
ASG-000817,DTY-00432,ST2005-0000048,자산,TG01,D04,SD04-1,SD04-2,해당,,반기 1회,180,,,
ASG-000818,DTY-00432,ST2005-0000049,자산,TG01,D04,SD04-1,SD04-2,해당,,반기 1회,180,,,
ASG-000819,DTY-00432,ST2009-0000031,자산,TG01,D04,SD04-1,SD04-2,해당,,반기 1회,180,,,
ASG-000820,DTY-00433,,유형,TG01,D04,SD04-1,SD04-2,해당,,연1회,365,,,
ASG-000821,DTY-00433,ST2005-0000048,자산,TG01,D04,SD04-1,SD04-2,해당,,연1회,365,,,
ASG-000822,DTY-00433,ST2005-0000049,자산,TG01,D04,SD04-1,SD04-2,해당,,연1회,365,,,
ASG-000823,DTY-00433,ST2009-0000031,자산,TG01,D04,SD04-1,SD04-2,해당,,연1회,365,,,
ASG-000824,DTY-00434,,유형,TG01,D04,SD04-1,SD04-2,해당,,반기 1회,180,,,
ASG-000825,DTY-00434,ST2005-0000048,자산,TG01,D04,SD04-1,SD04-2,해당,,반기 1회,180,,,
ASG-000826,DTY-00434,ST2005-0000049,자산,TG01,D04,SD04-1,SD04-2,해당,,반기 1회,180,,,
ASG-000827,DTY-00434,ST2009-0000031,자산,TG01,D04,SD04-1,SD04-2,해당,,반기 1회,180,,,
ASG-000828,DTY-00435,,유형,TG01,D04,SD04-1,SD04-2,해당,,연1회,365,,,
ASG-000829,DTY-00435,ST2005-0000048,자산,TG01,D04,SD04-1,SD04-2,해당,,연1회,365,,,
ASG-000830,DTY-00435,ST2005-0000049,자산,TG01,D04,SD04-1,SD04-2,해당,,연1회,365,,,
ASG-000831,DTY-00435,ST2009-0000031,자산,TG01,D04,SD04-1,SD04-2,해당,,연1회,365,,,
ASG-000832,DTY-00436,,유형,TG01,D04,SD04-1,SD04-2,해당,,연1회,365,,,
ASG-000833,DTY-00436,ST2005-0000048,자산,TG01,D04,SD04-1,SD04-2,해당,,연1회,365,,,
ASG-000834,DTY-00436,ST2005-0000049,자산,TG01,D04,SD04-1,SD04-2,해당,,연1회,365,,,
ASG-000835,DTY-00436,ST2009-0000031,자산,TG01,D04,SD04-1,SD04-2,해당,,연1회,365,,,
ASG-000836,DTY-00437,,유형,TG01,D04,SD04-1,SD04-2,해당,,반기 1회,180,,,
ASG-000837,DTY-00437,ST2005-0000048,자산,TG01,D04,SD04-1,SD04-2,해당,,반기 1회,180,,,
ASG-000838,DTY-00437,ST2005-0000049,자산,TG01,D04,SD04-1,SD04-2,해당,,반기 1회,180,,,
ASG-000839,DTY-00437,ST2009-0000031,자산,TG01,D04,SD04-1,SD04-2,해당,,반기 1회,180,,,
ASG-000840,DTY-00438,,유형,TG01,D04,SD04-1,SD04-2,해당,,연1회,365,,,
ASG-000841,DTY-00438,ST2005-0000048,자산,TG01,D04,SD04-1,SD04-2,해당,,연1회,365,,,
ASG-000842,DTY-00438,ST2005-0000049,자산,TG01,D04,SD04-1,SD04-2,해당,,연1회,365,,,
ASG-000843,DTY-00438,ST2009-0000031,자산,TG01,D04,SD04-1,SD04-2,해당,,연1회,365,,,
ASG-000844,DTY-00439,,유형,TG01,D04,SD04-1,SD04-2,해당,,반기 1회,180,,,
ASG-000845,DTY-00439,ST2005-0000048,자산,TG01,D04,SD04-1,SD04-2,해당,,반기 1회,180,,,
ASG-000846,DTY-00439,ST2005-0000049,자산,TG01,D04,SD04-1,SD04-2,해당,,반기 1회,180,,,
ASG-000847,DTY-00439,ST2009-0000031,자산,TG01,D04,SD04-1,SD04-2,해당,,반기 1회,180,,,
ASG-000848,DTY-00440,,유형,TG01,D04,SD04-1,SD04-2,해당,,반기 1회,180,,,
ASG-000849,DTY-00440,ST2005-0000048,자산,TG01,D04,SD04-1,SD04-2,해당,,반기 1회,180,,,
ASG-000850,DTY-00440,ST2005-0000049,자산,TG01,D04,SD04-1,SD04-2,해당,,반기 1회,180,,,
ASG-000851,DTY-00440,ST2009-0000031,자산,TG01,D04,SD04-1,SD04-2,해당,,반기 1회,180,,,
ASG-000852,DTY-00441,,유형,TG01,D04,SD04-1,SD04-2,해당,,반기 1회,180,,,
ASG-000853,DTY-00441,ST2005-0000048,자산,TG01,D04,SD04-1,SD04-2,해당,,반기 1회,180,,,
ASG-000854,DTY-00441,ST2005-0000049,자산,TG01,D04,SD04-1,SD04-2,해당,,반기 1회,180,,,
ASG-000855,DTY-00441,ST2009-0000031,자산,TG01,D04,SD04-1,SD04-2,해당,,반기 1회,180,,,
ASG-000856,DTY-00442,,유형,TG01,D04,SD04-1,SD04-2,해당,,반기 1회,180,,,
ASG-000857,DTY-00442,ST2005-0000048,자산,TG01,D04,SD04-1,SD04-2,해당,,반기 1회,180,,,
ASG-000858,DTY-00442,ST2005-0000049,자산,TG01,D04,SD04-1,SD04-2,해당,,반기 1회,180,,,
ASG-000859,DTY-00442,ST2009-0000031,자산,TG01,D04,SD04-1,SD04-2,해당,,반기 1회,180,,,
ASG-000860,DTY-00443,,유형,TG01,D04,SD04-1,SD04-2,해당,,반기 1회,180,,,
ASG-000861,DTY-00443,ST2005-0000048,자산,TG01,D04,SD04-1,SD04-2,해당,,반기 1회,180,,,
ASG-000862,DTY-00443,ST2005-0000049,자산,TG01,D04,SD04-1,SD04-2,해당,,반기 1회,180,,,
ASG-000863,DTY-00443,ST2009-0000031,자산,TG01,D04,SD04-1,SD04-2,해당,,반기 1회,180,,,
ASG-000864,DTY-00444,,유형,TG01,D04,SD04-1,SD04-2,해당,,반기 1회,180,,,분류 추론 — 검수 전
ASG-000865,DTY-00444,ST2005-0000048,자산,TG01,D04,SD04-1,SD04-2,해당,,반기 1회,180,,,분류 추론 — 검수 전
ASG-000866,DTY-00444,ST2005-0000049,자산,TG01,D04,SD04-1,SD04-2,해당,,반기 1회,180,,,분류 추론 — 검수 전
ASG-000867,DTY-00444,ST2009-0000031,자산,TG01,D04,SD04-1,SD04-2,해당,,반기 1회,180,,,분류 추론 — 검수 전
ASG-000868,DTY-00445,,유형,TG01,D04,SD04-1,SD04-2,해당,,반기 1회,180,,,분류 추론 — 검수 전
ASG-000869,DTY-00445,ST2005-0000048,자산,TG01,D04,SD04-1,SD04-2,해당,,반기 1회,180,,,분류 추론 — 검수 전
ASG-000870,DTY-00445,ST2005-0000049,자산,TG01,D04,SD04-1,SD04-2,해당,,반기 1회,180,,,분류 추론 — 검수 전
ASG-000871,DTY-00445,ST2009-0000031,자산,TG01,D04,SD04-1,SD04-2,해당,,반기 1회,180,,,분류 추론 — 검수 전
ASG-000872,DTY-00446,,유형,TG01,D04,SD04-1,SD04-2,해당,,연1회,365,,,
ASG-000873,DTY-00446,ST2005-0000048,자산,TG01,D04,SD04-1,SD04-2,해당,,연1회,365,,,
ASG-000874,DTY-00446,ST2005-0000049,자산,TG01,D04,SD04-1,SD04-2,해당,,연1회,365,,,
ASG-000875,DTY-00446,ST2009-0000031,자산,TG01,D04,SD04-1,SD04-2,해당,,연1회,365,,,
ASG-000876,DTY-00447,,유형,TG01,D04,SD04-1,SD04-2,해당,,반기 1회,180,,,
ASG-000877,DTY-00447,ST2005-0000048,자산,TG01,D04,SD04-1,SD04-2,해당,,반기 1회,180,,,
ASG-000878,DTY-00447,ST2005-0000049,자산,TG01,D04,SD04-1,SD04-2,해당,,반기 1회,180,,,
ASG-000879,DTY-00447,ST2009-0000031,자산,TG01,D04,SD04-1,SD04-2,해당,,반기 1회,180,,,
ASG-000880,DTY-00448,,유형,TG16,D09,SD09-1,SD09-2,확인필요,조건부 의무 — 보유·해당 여부 확인 필요,반기 1회,180,,,자산 대장 없음 — 보유 확인 필요
ASG-000881,DTY-00449,,유형,TG13,D09,SD09-1,SD09-2,해당,,반기 1회,180,,,
ASG-000882,DTY-00449,AR1967-0000142,자산,TG13,D09,SD09-1,SD09-2,해당,,반기 1회,180,,,
ASG-000883,DTY-00449,AR1969-0000298,자산,TG13,D09,SD09-1,SD09-2,해당,,반기 1회,180,,,
ASG-000884,DTY-00449,AR1969-0000299,자산,TG13,D09,SD09-1,SD09-2,해당,,반기 1회,180,,,
ASG-000885,DTY-00450,,유형,TG16,D09,SD09-1,SD09-2,확인필요,조건부 의무 — 보유·해당 여부 확인 필요,반기 1회,180,,,자산 대장 없음 — 보유 확인 필요
ASG-000886,DTY-00451,,유형,TG16,D09,SD09-1,SD09-2,확인필요,조건부 의무 — 보유·해당 여부 확인 필요,반기 1회,180,,,자산 대장 없음 — 보유 확인 필요
ASG-000887,DTY-00452,,유형,TG16,D09,SD09-1,SD09-2,확인필요,조건부 의무 — 보유·해당 여부 확인 필요,반기 1회,180,,,자산 대장 없음 — 보유 확인 필요 · 분류 추론 — 검수 전
ASG-000888,DTY-00453,,유형,TG16,D09,SD09-1,SD09-2,확인필요,조건부 의무 — 보유·해당 여부 확인 필요,반기 1회,180,,,자산 대장 없음 — 보유 확인 필요 · 분류 추론 — 검수 전
ASG-000889,DTY-00454,,유형,TG16,D09,SD09-1,SD09-2,확인필요,조건부 의무 — 보유·해당 여부 확인 필요,수시,180,,,자산 대장 없음 — 보유 확인 필요
ASG-000890,DTY-00455,,유형,TG16,D09,SD09-1,SD09-2,확인필요,조건부 의무 — 보유·해당 여부 확인 필요,수시,180,,,자산 대장 없음 — 보유 확인 필요
ASG-000891,DTY-00456,,유형,TG25,D02,SD02-1,SD02-2,해당,,반기 1회,180,,,
ASG-000892,DTY-00456,AR1967-0000142,자산,TG25,D02,SD02-1,SD02-2,해당,,반기 1회,180,,,
ASG-000893,DTY-00456,AR1969-0000298,자산,TG25,D02,SD02-1,SD02-2,해당,,반기 1회,180,,,
ASG-000894,DTY-00456,AR1969-0000299,자산,TG25,D02,SD02-1,SD02-2,해당,,반기 1회,180,,,
ASG-000895,DTY-00457,,유형,TG25,D02,SD02-1,SD02-2,해당,,반기 1회,180,,,분류 추론 — 검수 전
ASG-000896,DTY-00457,AR1967-0000142,자산,TG25,D02,SD02-1,SD02-2,해당,,반기 1회,180,,,분류 추론 — 검수 전
ASG-000897,DTY-00457,AR1969-0000298,자산,TG25,D02,SD02-1,SD02-2,해당,,반기 1회,180,,,분류 추론 — 검수 전
ASG-000898,DTY-00457,AR1969-0000299,자산,TG25,D02,SD02-1,SD02-2,해당,,반기 1회,180,,,분류 추론 — 검수 전
ASG-000899,DTY-00458,,유형,TG25,D02,SD02-1,SD02-2,해당,,반기 1회,180,,,
ASG-000900,DTY-00458,AR1967-0000142,자산,TG25,D02,SD02-1,SD02-2,해당,,반기 1회,180,,,
ASG-000901,DTY-00458,AR1969-0000298,자산,TG25,D02,SD02-1,SD02-2,해당,,반기 1회,180,,,
ASG-000902,DTY-00458,AR1969-0000299,자산,TG25,D02,SD02-1,SD02-2,해당,,반기 1회,180,,,
ASG-000903,DTY-00459,,유형,TG25,D02,SD02-1,SD02-2,해당,,반기 1회,180,,,
ASG-000904,DTY-00459,AR1967-0000142,자산,TG25,D02,SD02-1,SD02-2,해당,,반기 1회,180,,,
ASG-000905,DTY-00459,AR1969-0000298,자산,TG25,D02,SD02-1,SD02-2,해당,,반기 1회,180,,,
ASG-000906,DTY-00459,AR1969-0000299,자산,TG25,D02,SD02-1,SD02-2,해당,,반기 1회,180,,,
ASG-000907,DTY-00460,,유형,TG25,D02,SD02-1,SD02-2,해당,,반기 1회,180,,,
ASG-000908,DTY-00460,AR1967-0000142,자산,TG25,D02,SD02-1,SD02-2,해당,,반기 1회,180,,,
ASG-000909,DTY-00460,AR1969-0000298,자산,TG25,D02,SD02-1,SD02-2,해당,,반기 1회,180,,,
ASG-000910,DTY-00460,AR1969-0000299,자산,TG25,D02,SD02-1,SD02-2,해당,,반기 1회,180,,,
ASG-000911,DTY-00461,,유형,TG25,D02,SD02-1,SD02-2,해당,,반기 1회,180,,,
ASG-000912,DTY-00461,AR1967-0000142,자산,TG25,D02,SD02-1,SD02-2,해당,,반기 1회,180,,,
ASG-000913,DTY-00461,AR1969-0000298,자산,TG25,D02,SD02-1,SD02-2,해당,,반기 1회,180,,,
ASG-000914,DTY-00461,AR1969-0000299,자산,TG25,D02,SD02-1,SD02-2,해당,,반기 1회,180,,,
ASG-000915,DTY-00462,,유형,TG25,D02,SD02-1,SD02-2,해당,,반기 1회,180,,,
ASG-000916,DTY-00462,AR1967-0000142,자산,TG25,D02,SD02-1,SD02-2,해당,,반기 1회,180,,,
ASG-000917,DTY-00462,AR1969-0000298,자산,TG25,D02,SD02-1,SD02-2,해당,,반기 1회,180,,,
ASG-000918,DTY-00462,AR1969-0000299,자산,TG25,D02,SD02-1,SD02-2,해당,,반기 1회,180,,,
ASG-000919,DTY-00463,,유형,TG25,D02,SD02-1,SD02-2,해당,,상시,365,,,
ASG-000920,DTY-00463,AR1967-0000142,자산,TG25,D02,SD02-1,SD02-2,해당,,상시,365,,,
ASG-000921,DTY-00463,AR1969-0000298,자산,TG25,D02,SD02-1,SD02-2,해당,,상시,365,,,
ASG-000922,DTY-00463,AR1969-0000299,자산,TG25,D02,SD02-1,SD02-2,해당,,상시,365,,,
ASG-000923,DTY-00464,,유형,TG25,D02,SD02-1,SD02-2,해당,,상시,365,,,
ASG-000924,DTY-00464,AR1967-0000142,자산,TG25,D02,SD02-1,SD02-2,해당,,상시,365,,,
ASG-000925,DTY-00464,AR1969-0000298,자산,TG25,D02,SD02-1,SD02-2,해당,,상시,365,,,
ASG-000926,DTY-00464,AR1969-0000299,자산,TG25,D02,SD02-1,SD02-2,해당,,상시,365,,,
ASG-000927,DTY-00465,,유형,TG25,D02,SD02-1,SD02-2,해당,,상시,365,,,
ASG-000928,DTY-00465,AR1967-0000142,자산,TG25,D02,SD02-1,SD02-2,해당,,상시,365,,,
ASG-000929,DTY-00465,AR1969-0000298,자산,TG25,D02,SD02-1,SD02-2,해당,,상시,365,,,
ASG-000930,DTY-00465,AR1969-0000299,자산,TG25,D02,SD02-1,SD02-2,해당,,상시,365,,,
ASG-000931,DTY-00466,,유형,TG25,D02,SD02-1,SD02-2,해당,,반기 1회,180,,,
ASG-000932,DTY-00466,AR1967-0000142,자산,TG25,D02,SD02-1,SD02-2,해당,,반기 1회,180,,,
ASG-000933,DTY-00466,AR1969-0000298,자산,TG25,D02,SD02-1,SD02-2,해당,,반기 1회,180,,,
ASG-000934,DTY-00466,AR1969-0000299,자산,TG25,D02,SD02-1,SD02-2,해당,,반기 1회,180,,,
ASG-000935,DTY-00467,,유형,TG25,D02,SD02-1,SD02-2,해당,,반기 1회,180,,,
ASG-000936,DTY-00467,AR1967-0000142,자산,TG25,D02,SD02-1,SD02-2,해당,,반기 1회,180,,,
ASG-000937,DTY-00467,AR1969-0000298,자산,TG25,D02,SD02-1,SD02-2,해당,,반기 1회,180,,,
ASG-000938,DTY-00467,AR1969-0000299,자산,TG25,D02,SD02-1,SD02-2,해당,,반기 1회,180,,,
ASG-000939,DTY-00468,,유형,TG25,D02,SD02-1,SD02-2,해당,,반기 1회,180,,,분류 추론 — 검수 전
ASG-000940,DTY-00468,AR1967-0000142,자산,TG25,D02,SD02-1,SD02-2,해당,,반기 1회,180,,,분류 추론 — 검수 전
ASG-000941,DTY-00468,AR1969-0000298,자산,TG25,D02,SD02-1,SD02-2,해당,,반기 1회,180,,,분류 추론 — 검수 전
ASG-000942,DTY-00468,AR1969-0000299,자산,TG25,D02,SD02-1,SD02-2,해당,,반기 1회,180,,,분류 추론 — 검수 전
ASG-000943,DTY-00469,,유형,TG03,D03,SD03-1,SD03-2,해당,,반기 1회,180,,,분류 추론 — 검수 전
ASG-000944,DTY-00469,BR0000-0000002,자산,TG03,D03,SD03-1,SD03-2,해당,,반기 1회,180,,,분류 추론 — 검수 전
ASG-000945,DTY-00469,BR1018-0000001,자산,TG03,D03,SD03-1,SD03-2,해당,,반기 1회,180,,,분류 추론 — 검수 전
ASG-000946,DTY-00469,BR1900-0000009,자산,TG03,D03,SD03-1,SD03-2,해당,,반기 1회,180,,,분류 추론 — 검수 전
ASG-000947,DTY-00470,,유형,TG03,D03,SD03-1,SD03-2,해당,,반기 1회,180,,,분류 추론 — 검수 전
ASG-000948,DTY-00470,BR0000-0000002,자산,TG03,D03,SD03-1,SD03-2,해당,,반기 1회,180,,,분류 추론 — 검수 전
ASG-000949,DTY-00470,BR1018-0000001,자산,TG03,D03,SD03-1,SD03-2,해당,,반기 1회,180,,,분류 추론 — 검수 전
ASG-000950,DTY-00470,BR1900-0000009,자산,TG03,D03,SD03-1,SD03-2,해당,,반기 1회,180,,,분류 추론 — 검수 전
ASG-000951,DTY-00471,,유형,TG13,D09,SD09-1,SD09-2,해당,,반기 1회,180,,,분류 추론 — 검수 전
ASG-000952,DTY-00471,AR1967-0000142,자산,TG13,D09,SD09-1,SD09-2,해당,,반기 1회,180,,,분류 추론 — 검수 전
ASG-000953,DTY-00471,AR1969-0000298,자산,TG13,D09,SD09-1,SD09-2,해당,,반기 1회,180,,,분류 추론 — 검수 전
ASG-000954,DTY-00471,AR1969-0000299,자산,TG13,D09,SD09-1,SD09-2,해당,,반기 1회,180,,,분류 추론 — 검수 전
ASG-000955,DTY-00472,,유형,TG25,D02,SD02-1,SD02-2,해당,,반기 1회,180,,,
ASG-000956,DTY-00472,AR1967-0000142,자산,TG25,D02,SD02-1,SD02-2,해당,,반기 1회,180,,,
ASG-000957,DTY-00472,AR1969-0000298,자산,TG25,D02,SD02-1,SD02-2,해당,,반기 1회,180,,,
ASG-000958,DTY-00472,AR1969-0000299,자산,TG25,D02,SD02-1,SD02-2,해당,,반기 1회,180,,,
ASG-000959,DTY-00473,,유형,TG25,D02,SD02-1,SD02-2,해당,,반기 1회,180,,,
ASG-000960,DTY-00473,AR1967-0000142,자산,TG25,D02,SD02-1,SD02-2,해당,,반기 1회,180,,,
ASG-000961,DTY-00473,AR1969-0000298,자산,TG25,D02,SD02-1,SD02-2,해당,,반기 1회,180,,,
ASG-000962,DTY-00473,AR1969-0000299,자산,TG25,D02,SD02-1,SD02-2,해당,,반기 1회,180,,,
ASG-000963,DTY-00474,,유형,TG25,D02,SD02-1,SD02-2,해당,,수시,180,,,
ASG-000964,DTY-00474,AR1967-0000142,자산,TG25,D02,SD02-1,SD02-2,해당,,수시,180,,,
ASG-000965,DTY-00474,AR1969-0000298,자산,TG25,D02,SD02-1,SD02-2,해당,,수시,180,,,
ASG-000966,DTY-00474,AR1969-0000299,자산,TG25,D02,SD02-1,SD02-2,해당,,수시,180,,,
ASG-000967,DTY-00475,,유형,TG25,D02,SD02-1,SD02-2,해당,,반기 1회,180,,,
ASG-000968,DTY-00475,AR1967-0000142,자산,TG25,D02,SD02-1,SD02-2,해당,,반기 1회,180,,,
ASG-000969,DTY-00475,AR1969-0000298,자산,TG25,D02,SD02-1,SD02-2,해당,,반기 1회,180,,,
ASG-000970,DTY-00475,AR1969-0000299,자산,TG25,D02,SD02-1,SD02-2,해당,,반기 1회,180,,,
ASG-000971,DTY-00476,,유형,TG25,D02,SD02-1,SD02-2,해당,,수시,180,,,
ASG-000972,DTY-00476,AR1967-0000142,자산,TG25,D02,SD02-1,SD02-2,해당,,수시,180,,,
ASG-000973,DTY-00476,AR1969-0000298,자산,TG25,D02,SD02-1,SD02-2,해당,,수시,180,,,
ASG-000974,DTY-00476,AR1969-0000299,자산,TG25,D02,SD02-1,SD02-2,해당,,수시,180,,,
ASG-000975,DTY-00477,,유형,TG25,D02,SD02-1,SD02-2,해당,,수시,180,,,
ASG-000976,DTY-00477,AR1967-0000142,자산,TG25,D02,SD02-1,SD02-2,해당,,수시,180,,,
ASG-000977,DTY-00477,AR1969-0000298,자산,TG25,D02,SD02-1,SD02-2,해당,,수시,180,,,
ASG-000978,DTY-00477,AR1969-0000299,자산,TG25,D02,SD02-1,SD02-2,해당,,수시,180,,,
ASG-000979,DTY-00478,,유형,TG25,D02,SD02-1,SD02-2,해당,,반기 1회,180,,,분류 추론 — 검수 전
ASG-000980,DTY-00478,AR1967-0000142,자산,TG25,D02,SD02-1,SD02-2,해당,,반기 1회,180,,,분류 추론 — 검수 전
ASG-000981,DTY-00478,AR1969-0000298,자산,TG25,D02,SD02-1,SD02-2,해당,,반기 1회,180,,,분류 추론 — 검수 전
ASG-000982,DTY-00478,AR1969-0000299,자산,TG25,D02,SD02-1,SD02-2,해당,,반기 1회,180,,,분류 추론 — 검수 전
ASG-000983,DTY-00479,,유형,TG08,D06,SD06-1,SD06-2,확인필요,조건부 의무 — 보유·해당 여부 확인 필요,반기 1회,180,,,자산 대장 없음 — 보유 확인 필요
ASG-000984,DTY-00480,,유형,TG08,D06,SD06-1,SD06-2,확인필요,조건부 의무 — 보유·해당 여부 확인 필요,반기 1회,180,,,자산 대장 없음 — 보유 확인 필요
ASG-000985,DTY-00481,,유형,TG08,D06,SD06-1,SD06-2,확인필요,조건부 의무 — 보유·해당 여부 확인 필요,반기 1회,180,,,자산 대장 없음 — 보유 확인 필요
ASG-000986,DTY-00482,,유형,TG08,D06,SD06-1,SD06-2,확인필요,조건부 의무 — 보유·해당 여부 확인 필요,반기 1회,180,,,자산 대장 없음 — 보유 확인 필요
ASG-000987,DTY-00483,,유형,TG08,D06,SD06-1,SD06-2,확인필요,조건부 의무 — 보유·해당 여부 확인 필요,반기 1회,180,,,자산 대장 없음 — 보유 확인 필요
ASG-000988,DTY-00484,,유형,TG08,D06,SD06-1,SD06-2,확인필요,조건부 의무 — 보유·해당 여부 확인 필요,반기 1회,180,,,자산 대장 없음 — 보유 확인 필요
ASG-000989,DTY-00485,,유형,TG08,D06,SD06-1,SD06-2,확인필요,조건부 의무 — 보유·해당 여부 확인 필요,반기 1회,180,,,자산 대장 없음 — 보유 확인 필요
ASG-000990,DTY-00486,,유형,TG08,D06,SD06-1,SD06-2,확인필요,조건부 의무 — 보유·해당 여부 확인 필요,반기 1회,180,,,자산 대장 없음 — 보유 확인 필요
ASG-000991,DTY-00487,,유형,TG08,D06,SD06-1,SD06-2,확인필요,조건부 의무 — 보유·해당 여부 확인 필요,반기 1회,180,,,자산 대장 없음 — 보유 확인 필요
ASG-000992,DTY-00488,,유형,TG08,D06,SD06-1,SD06-2,확인필요,조건부 의무 — 보유·해당 여부 확인 필요,반기 1회,180,,,자산 대장 없음 — 보유 확인 필요
ASG-000993,DTY-00489,,유형,TG08,D06,SD06-1,SD06-2,확인필요,조건부 의무 — 보유·해당 여부 확인 필요,반기 1회,180,,,자산 대장 없음 — 보유 확인 필요
ASG-000994,DTY-00490,,유형,TG08,D06,SD06-1,SD06-2,확인필요,조건부 의무 — 보유·해당 여부 확인 필요,반기 1회,180,,,자산 대장 없음 — 보유 확인 필요
ASG-000995,DTY-00491,,유형,TG08,D06,SD06-1,SD06-2,확인필요,조건부 의무 — 보유·해당 여부 확인 필요,연1회,365,,,자산 대장 없음 — 보유 확인 필요
ASG-000996,DTY-00492,,유형,TG08,D06,SD06-1,SD06-2,확인필요,조건부 의무 — 보유·해당 여부 확인 필요,반기 1회,180,,,자산 대장 없음 — 보유 확인 필요
ASG-000997,DTY-00493,,유형,TG08,D06,SD06-1,SD06-2,확인필요,조건부 의무 — 보유·해당 여부 확인 필요,반기 1회,180,,,자산 대장 없음 — 보유 확인 필요
ASG-000998,DTY-00494,,유형,TG08,D06,SD06-1,SD06-2,확인필요,조건부 의무 — 보유·해당 여부 확인 필요,반기 1회,180,,,자산 대장 없음 — 보유 확인 필요
ASG-000999,DTY-00495,,유형,TG08,D06,SD06-1,SD06-2,확인필요,조건부 의무 — 보유·해당 여부 확인 필요,반기 1회,180,,,자산 대장 없음 — 보유 확인 필요
ASG-001000,DTY-00496,,유형,TG08,D06,SD06-1,SD06-2,확인필요,조건부 의무 — 보유·해당 여부 확인 필요,반기 1회,180,,,자산 대장 없음 — 보유 확인 필요
ASG-001001,DTY-00497,,유형,TG08,D06,SD06-1,SD06-2,확인필요,조건부 의무 — 보유·해당 여부 확인 필요,반기 1회,180,,,자산 대장 없음 — 보유 확인 필요
ASG-001002,DTY-00498,,유형,TG08,D06,SD06-1,SD06-2,확인필요,조건부 의무 — 보유·해당 여부 확인 필요,반기 1회,180,,,자산 대장 없음 — 보유 확인 필요
ASG-001003,DTY-00499,,유형,TG08,D06,SD06-1,SD06-2,확인필요,조건부 의무 — 보유·해당 여부 확인 필요,반기 1회,180,,,자산 대장 없음 — 보유 확인 필요
ASG-001004,DTY-00500,,유형,TG08,D06,SD06-1,SD06-2,확인필요,조건부 의무 — 보유·해당 여부 확인 필요,반기 1회,180,,,자산 대장 없음 — 보유 확인 필요
ASG-001005,DTY-00501,,유형,TG08,D06,SD06-1,SD06-2,확인필요,조건부 의무 — 보유·해당 여부 확인 필요,반기 1회,180,,,자산 대장 없음 — 보유 확인 필요
ASG-001006,DTY-00502,,유형,TG08,D06,SD06-1,SD06-2,확인필요,조건부 의무 — 보유·해당 여부 확인 필요,반기 1회,180,,,자산 대장 없음 — 보유 확인 필요
ASG-001007,DTY-00503,,유형,TG08,D06,SD06-1,SD06-2,확인필요,조건부 의무 — 보유·해당 여부 확인 필요,반기 1회,180,,,자산 대장 없음 — 보유 확인 필요
ASG-001008,DTY-00504,,유형,TG08,D06,SD06-1,SD06-2,확인필요,조건부 의무 — 보유·해당 여부 확인 필요,반기 1회,180,,,자산 대장 없음 — 보유 확인 필요
ASG-001009,DTY-00505,,유형,TG08,D06,SD06-1,SD06-2,확인필요,조건부 의무 — 보유·해당 여부 확인 필요,반기 1회,180,,,자산 대장 없음 — 보유 확인 필요
ASG-001010,DTY-00506,,유형,TG08,D06,SD06-1,SD06-2,확인필요,조건부 의무 — 보유·해당 여부 확인 필요,반기 1회,180,,,자산 대장 없음 — 보유 확인 필요
ASG-001011,DTY-00507,,유형,TG08,D06,SD06-1,SD06-2,확인필요,조건부 의무 — 보유·해당 여부 확인 필요,반기 1회,180,,,자산 대장 없음 — 보유 확인 필요
ASG-001012,DTY-00508,,유형,TG08,D06,SD06-1,SD06-2,확인필요,조건부 의무 — 보유·해당 여부 확인 필요,반기 1회,180,,,자산 대장 없음 — 보유 확인 필요
ASG-001013,DTY-00509,,유형,TG07,D07,SD07-1,SD07-2,확인필요,조건부 의무 — 보유·해당 여부 확인 필요,반기 1회,180,,,자산 대장 없음 — 보유 확인 필요 · 분류 추론 — 검수 전
ASG-001014,DTY-00510,,유형,TG07,D07,SD07-1,SD07-2,확인필요,조건부 의무 — 보유·해당 여부 확인 필요,연1회,365,,,자산 대장 없음 — 보유 확인 필요
ASG-001015,DTY-00511,,유형,TG07,D07,SD07-1,SD07-2,확인필요,조건부 의무 — 보유·해당 여부 확인 필요,연1회,365,,,자산 대장 없음 — 보유 확인 필요
ASG-001016,DTY-00512,,유형,TG07,D07,SD07-1,SD07-2,확인필요,조건부 의무 — 보유·해당 여부 확인 필요,수시,180,,,자산 대장 없음 — 보유 확인 필요
ASG-001017,DTY-00513,,유형,TG07,D07,SD07-1,SD07-2,확인필요,조건부 의무 — 보유·해당 여부 확인 필요,반기 1회,180,,,자산 대장 없음 — 보유 확인 필요
ASG-001018,DTY-00514,,유형,TG07,D07,SD07-1,SD07-2,확인필요,조건부 의무 — 보유·해당 여부 확인 필요,반기 1회,180,,,자산 대장 없음 — 보유 확인 필요
ASG-001019,DTY-00515,,유형,TG07,D07,SD07-1,SD07-2,확인필요,조건부 의무 — 보유·해당 여부 확인 필요,반기 1회,180,,,자산 대장 없음 — 보유 확인 필요 · 분류 추론 — 검수 전
ASG-001020,DTY-00516,,유형,TG07,D07,SD07-1,SD07-2,확인필요,조건부 의무 — 보유·해당 여부 확인 필요,반기 1회,180,,,자산 대장 없음 — 보유 확인 필요
ASG-001021,DTY-00517,,유형,TG07,D07,SD07-1,SD07-2,확인필요,조건부 의무 — 보유·해당 여부 확인 필요,반기 1회,180,,,자산 대장 없음 — 보유 확인 필요
ASG-001022,DTY-00518,,유형,TG07,D07,SD07-1,SD07-2,확인필요,조건부 의무 — 보유·해당 여부 확인 필요,반기 1회,180,,,자산 대장 없음 — 보유 확인 필요
ASG-001023,DTY-00519,,유형,TG07,D07,SD07-1,SD07-2,확인필요,조건부 의무 — 보유·해당 여부 확인 필요,반기 1회,180,,,자산 대장 없음 — 보유 확인 필요
ASG-001024,DTY-00520,,유형,TG07,D07,SD07-1,SD07-2,확인필요,조건부 의무 — 보유·해당 여부 확인 필요,반기 1회,180,,,자산 대장 없음 — 보유 확인 필요
ASG-001025,DTY-00521,,유형,TG07,D07,SD07-1,SD07-2,확인필요,조건부 의무 — 보유·해당 여부 확인 필요,반기 1회,180,,,자산 대장 없음 — 보유 확인 필요 · 분류 추론 — 검수 전
ASG-001026,DTY-00522,,유형,TG07,D07,SD07-1,SD07-2,확인필요,조건부 의무 — 보유·해당 여부 확인 필요,반기 1회,180,,,자산 대장 없음 — 보유 확인 필요 · 분류 추론 — 검수 전
ASG-001027,DTY-00523,,유형,TG07,D07,SD07-1,SD07-2,확인필요,조건부 의무 — 보유·해당 여부 확인 필요,반기 1회,180,,,자산 대장 없음 — 보유 확인 필요 · 분류 추론 — 검수 전
ASG-001028,DTY-00524,,유형,TG99,D99,,,확인필요,조건부 의무 — 보유·해당 여부 확인 필요,반기 1회,180,,,정본 미반영 — 새 정독(검수 전) · 관리대상 확인 필요
ASG-001029,DTY-00525,,유형,TG99,D99,,,확인필요,조건부 의무 — 보유·해당 여부 확인 필요,반기 1회,180,,,정본 미반영 — 새 정독(검수 전) · 관리대상 확인 필요
ASG-001030,DTY-00526,,유형,TG06,D13,SD13-1,SD13-2,해당,,반기 1회,180,,,
ASG-001031,DTY-00526,WG2008-0000097,자산,TG06,D13,SD13-1,SD13-2,해당,,반기 1회,180,,,
ASG-001032,DTY-00526,WG2008-0000098,자산,TG06,D13,SD13-1,SD13-2,해당,,반기 1회,180,,,
ASG-001033,DTY-00526,WG2008-0000099,자산,TG06,D13,SD13-1,SD13-2,해당,,반기 1회,180,,,
ASG-001034,DTY-00527,,유형,TG06,D13,SD13-1,SD13-2,해당,,상시,365,,,
ASG-001035,DTY-00527,WG2008-0000097,자산,TG06,D13,SD13-1,SD13-2,해당,,상시,365,,,
ASG-001036,DTY-00527,WG2008-0000098,자산,TG06,D13,SD13-1,SD13-2,해당,,상시,365,,,
ASG-001037,DTY-00527,WG2008-0000099,자산,TG06,D13,SD13-1,SD13-2,해당,,상시,365,,,
ASG-001038,DTY-00528,,유형,TG06,D13,SD13-1,SD13-2,해당,,반기 1회,180,,,
ASG-001039,DTY-00528,WG2008-0000097,자산,TG06,D13,SD13-1,SD13-2,해당,,반기 1회,180,,,
ASG-001040,DTY-00528,WG2008-0000098,자산,TG06,D13,SD13-1,SD13-2,해당,,반기 1회,180,,,
ASG-001041,DTY-00528,WG2008-0000099,자산,TG06,D13,SD13-1,SD13-2,해당,,반기 1회,180,,,
ASG-001042,DTY-00529,,유형,TG06,D13,SD13-1,SD13-2,해당,,수시,180,,,
ASG-001043,DTY-00529,WG2008-0000097,자산,TG06,D13,SD13-1,SD13-2,해당,,수시,180,,,
ASG-001044,DTY-00529,WG2008-0000098,자산,TG06,D13,SD13-1,SD13-2,해당,,수시,180,,,
ASG-001045,DTY-00529,WG2008-0000099,자산,TG06,D13,SD13-1,SD13-2,해당,,수시,180,,,
ASG-001046,DTY-00530,,유형,TG06,D13,SD13-1,SD13-2,해당,,상시,365,,,
ASG-001047,DTY-00530,WG2008-0000097,자산,TG06,D13,SD13-1,SD13-2,해당,,상시,365,,,
ASG-001048,DTY-00530,WG2008-0000098,자산,TG06,D13,SD13-1,SD13-2,해당,,상시,365,,,
ASG-001049,DTY-00530,WG2008-0000099,자산,TG06,D13,SD13-1,SD13-2,해당,,상시,365,,,
ASG-001050,DTY-00531,,유형,TG06,D13,SD13-1,SD13-2,해당,,반기 1회,180,,,분류 추론 — 검수 전
ASG-001051,DTY-00531,WG2008-0000097,자산,TG06,D13,SD13-1,SD13-2,해당,,반기 1회,180,,,분류 추론 — 검수 전
ASG-001052,DTY-00531,WG2008-0000098,자산,TG06,D13,SD13-1,SD13-2,해당,,반기 1회,180,,,분류 추론 — 검수 전
ASG-001053,DTY-00531,WG2008-0000099,자산,TG06,D13,SD13-1,SD13-2,해당,,반기 1회,180,,,분류 추론 — 검수 전
ASG-001054,DTY-00532,,유형,TG06,D13,SD13-1,SD13-2,해당,,반기 1회,180,,,
ASG-001055,DTY-00532,WG2008-0000097,자산,TG06,D13,SD13-1,SD13-2,해당,,반기 1회,180,,,
ASG-001056,DTY-00532,WG2008-0000098,자산,TG06,D13,SD13-1,SD13-2,해당,,반기 1회,180,,,
ASG-001057,DTY-00532,WG2008-0000099,자산,TG06,D13,SD13-1,SD13-2,해당,,반기 1회,180,,,
ASG-001058,DTY-00533,,유형,TG06,D13,SD13-1,SD13-2,해당,,연1회,365,,,
ASG-001059,DTY-00533,WG2008-0000097,자산,TG06,D13,SD13-1,SD13-2,해당,,연1회,365,,,
ASG-001060,DTY-00533,WG2008-0000098,자산,TG06,D13,SD13-1,SD13-2,해당,,연1회,365,,,
ASG-001061,DTY-00533,WG2008-0000099,자산,TG06,D13,SD13-1,SD13-2,해당,,연1회,365,,,
ASG-001062,DTY-00534,,유형,TG11,D11,SD11-1,SD11-2,확인필요,조건부 의무 — 보유·해당 여부 확인 필요,반기 1회,180,,,자산 대장 없음 — 보유 확인 필요 · 분류 추론 — 검수 전
ASG-001063,DTY-00535,,유형,TG11,D11,SD11-1,SD11-2,확인필요,조건부 의무 — 보유·해당 여부 확인 필요,반기 1회,180,,,자산 대장 없음 — 보유 확인 필요 · 분류 추론 — 검수 전
ASG-001064,DTY-00536,,유형,TG11,D11,SD11-1,SD11-2,확인필요,조건부 의무 — 보유·해당 여부 확인 필요,반기 1회,180,,,자산 대장 없음 — 보유 확인 필요 · 분류 추론 — 검수 전
ASG-001065,DTY-00537,,유형,TG11,D11,SD11-1,SD11-2,확인필요,조건부 의무 — 보유·해당 여부 확인 필요,반기 1회,180,,,자산 대장 없음 — 보유 확인 필요 · 분류 추론 — 검수 전
ASG-001066,DTY-00538,,유형,TG11,D11,SD11-1,SD11-2,확인필요,조건부 의무 — 보유·해당 여부 확인 필요,반기 1회,180,,,자산 대장 없음 — 보유 확인 필요 · 분류 추론 — 검수 전
ASG-001067,DTY-00539,,기관,TG24,D13,SD13-1,SD13-2,해당,,반기 1회,180,,,
ASG-001068,DTY-00540,,기관,TG24,D13,SD13-1,SD13-2,해당,,반기 1회,180,,,
ASG-001069,DTY-00541,,기관,TG24,D13,SD13-1,SD13-2,해당,,수시,180,,,
ASG-001070,DTY-00542,,기관,TG24,D13,SD13-1,SD13-2,해당,,수시,180,,,
ASG-001071,DTY-00543,,기관,TG24,D13,SD13-1,SD13-2,해당,,반기 1회,180,,,분류 추론 — 검수 전
ASG-001072,DTY-00544,,기관,TG24,D13,SD13-1,SD13-2,해당,,반기 1회,180,,,분류 추론 — 검수 전
ASG-001073,DTY-00545,,유형,TG99,D99,,,확인필요,조건부 의무 — 보유·해당 여부 확인 필요,반기 1회,180,,,정본 미반영 — 새 정독(검수 전) · 관리대상 확인 필요
ASG-001074,DTY-00546,,유형,TG06,D13,SD13-1,SD13-2,해당,,반기 1회,180,,,
ASG-001075,DTY-00546,WG2008-0000097,자산,TG06,D13,SD13-1,SD13-2,해당,,반기 1회,180,,,
ASG-001076,DTY-00546,WG2008-0000098,자산,TG06,D13,SD13-1,SD13-2,해당,,반기 1회,180,,,
ASG-001077,DTY-00546,WG2008-0000099,자산,TG06,D13,SD13-1,SD13-2,해당,,반기 1회,180,,,
ASG-001078,DTY-00547,,유형,TG06,D13,SD13-1,SD13-2,해당,,반기 1회,180,,,
ASG-001079,DTY-00547,WG2008-0000097,자산,TG06,D13,SD13-1,SD13-2,해당,,반기 1회,180,,,
ASG-001080,DTY-00547,WG2008-0000098,자산,TG06,D13,SD13-1,SD13-2,해당,,반기 1회,180,,,
ASG-001081,DTY-00547,WG2008-0000099,자산,TG06,D13,SD13-1,SD13-2,해당,,반기 1회,180,,,
ASG-001082,DTY-00548,,유형,TG04,D13,SD13-1,SD13-2,해당,,반기 1회,180,,,
ASG-001083,DTY-00548,DA2008-0000007,자산,TG04,D13,SD13-1,SD13-2,해당,,반기 1회,180,,,
ASG-001084,DTY-00548,DA2008-0000154,자산,TG04,D13,SD13-1,SD13-2,해당,,반기 1회,180,,,
ASG-001085,DTY-00548,DA2008-0000165,자산,TG04,D13,SD13-1,SD13-2,해당,,반기 1회,180,,,
ASG-001086,DTY-00549,,유형,TG04,D13,SD13-1,SD13-2,해당,,반기 1회,180,,,
ASG-001087,DTY-00549,DA2008-0000007,자산,TG04,D13,SD13-1,SD13-2,해당,,반기 1회,180,,,
ASG-001088,DTY-00549,DA2008-0000154,자산,TG04,D13,SD13-1,SD13-2,해당,,반기 1회,180,,,
ASG-001089,DTY-00549,DA2008-0000165,자산,TG04,D13,SD13-1,SD13-2,해당,,반기 1회,180,,,
ASG-001090,DTY-00550,,유형,TG04,D13,SD13-1,SD13-2,해당,,반기 1회,180,,,
ASG-001091,DTY-00550,DA2008-0000007,자산,TG04,D13,SD13-1,SD13-2,해당,,반기 1회,180,,,
ASG-001092,DTY-00550,DA2008-0000154,자산,TG04,D13,SD13-1,SD13-2,해당,,반기 1회,180,,,
ASG-001093,DTY-00550,DA2008-0000165,자산,TG04,D13,SD13-1,SD13-2,해당,,반기 1회,180,,,
ASG-001094,DTY-00551,,유형,TG04,D13,SD13-1,SD13-2,해당,,반기 1회,180,,,분류 추론 — 검수 전
ASG-001095,DTY-00551,DA2008-0000007,자산,TG04,D13,SD13-1,SD13-2,해당,,반기 1회,180,,,분류 추론 — 검수 전
ASG-001096,DTY-00551,DA2008-0000154,자산,TG04,D13,SD13-1,SD13-2,해당,,반기 1회,180,,,분류 추론 — 검수 전
ASG-001097,DTY-00551,DA2008-0000165,자산,TG04,D13,SD13-1,SD13-2,해당,,반기 1회,180,,,분류 추론 — 검수 전
ASG-001098,DTY-00552,,유형,TG04,D13,SD13-1,SD13-2,해당,,반기 1회,180,,,분류 추론 — 검수 전
ASG-001099,DTY-00552,DA2008-0000007,자산,TG04,D13,SD13-1,SD13-2,해당,,반기 1회,180,,,분류 추론 — 검수 전
ASG-001100,DTY-00552,DA2008-0000154,자산,TG04,D13,SD13-1,SD13-2,해당,,반기 1회,180,,,분류 추론 — 검수 전
ASG-001101,DTY-00552,DA2008-0000165,자산,TG04,D13,SD13-1,SD13-2,해당,,반기 1회,180,,,분류 추론 — 검수 전
ASG-001102,DTY-00553,,유형,TG17,D09,SD09-1,SD09-2,확인필요,조건부 의무 — 보유·해당 여부 확인 필요,반기 1회,180,,,자산 대장 없음 — 보유 확인 필요 · 분류 추론 — 검수 전
ASG-001103,DTY-00554,,유형,TG17,D09,SD09-1,SD09-2,확인필요,조건부 의무 — 보유·해당 여부 확인 필요,반기 1회,180,,,자산 대장 없음 — 보유 확인 필요 · 분류 추론 — 검수 전
ASG-001104,DTY-00555,,유형,TG17,D09,SD09-1,SD09-2,확인필요,조건부 의무 — 보유·해당 여부 확인 필요,반기 1회,180,,,자산 대장 없음 — 보유 확인 필요 · 분류 추론 — 검수 전
ASG-001105,DTY-00556,,유형,TG17,D09,SD09-1,SD09-2,확인필요,조건부 의무 — 보유·해당 여부 확인 필요,상시,365,,,자산 대장 없음 — 보유 확인 필요
ASG-001106,DTY-00557,,유형,TG17,D09,SD09-1,SD09-2,확인필요,조건부 의무 — 보유·해당 여부 확인 필요,상시,365,,,자산 대장 없음 — 보유 확인 필요
ASG-001107,DTY-00558,,유형,TG17,D09,SD09-1,SD09-2,확인필요,조건부 의무 — 보유·해당 여부 확인 필요,상시,365,,,자산 대장 없음 — 보유 확인 필요
ASG-001108,DTY-00559,,유형,TG17,D09,SD09-1,SD09-2,확인필요,조건부 의무 — 보유·해당 여부 확인 필요,반기 1회,180,,,자산 대장 없음 — 보유 확인 필요
ASG-001109,DTY-00560,,유형,TG17,D09,SD09-1,SD09-2,확인필요,조건부 의무 — 보유·해당 여부 확인 필요,반기 1회,180,,,자산 대장 없음 — 보유 확인 필요
ASG-001110,DTY-00561,,유형,TG17,D09,SD09-1,SD09-2,확인필요,조건부 의무 — 보유·해당 여부 확인 필요,상시,365,,,자산 대장 없음 — 보유 확인 필요
ASG-001111,DTY-00562,,유형,TG17,D09,SD09-1,SD09-2,확인필요,조건부 의무 — 보유·해당 여부 확인 필요,상시,365,,,자산 대장 없음 — 보유 확인 필요
ASG-001112,DTY-00563,,유형,TG17,D09,SD09-1,SD09-2,확인필요,조건부 의무 — 보유·해당 여부 확인 필요,수시,180,,,자산 대장 없음 — 보유 확인 필요
ASG-001113,DTY-00564,,유형,TG17,D09,SD09-1,SD09-2,확인필요,조건부 의무 — 보유·해당 여부 확인 필요,수시,180,,,자산 대장 없음 — 보유 확인 필요
ASG-001114,DTY-00565,,유형,TG17,D09,SD09-1,SD09-2,확인필요,조건부 의무 — 보유·해당 여부 확인 필요,수시,180,,,자산 대장 없음 — 보유 확인 필요
ASG-001115,DTY-00566,,유형,TG17,D09,SD09-1,SD09-2,확인필요,조건부 의무 — 보유·해당 여부 확인 필요,수시,180,,,자산 대장 없음 — 보유 확인 필요
ASG-001116,DTY-00567,,유형,TG17,D09,SD09-1,SD09-2,확인필요,조건부 의무 — 보유·해당 여부 확인 필요,반기 1회,180,,,자산 대장 없음 — 보유 확인 필요
ASG-001117,DTY-00568,,유형,TG17,D09,SD09-1,SD09-2,확인필요,조건부 의무 — 보유·해당 여부 확인 필요,수시,180,,,자산 대장 없음 — 보유 확인 필요
ASG-001118,DTY-00569,,유형,TG17,D09,SD09-1,SD09-2,확인필요,조건부 의무 — 보유·해당 여부 확인 필요,반기 1회,180,,,자산 대장 없음 — 보유 확인 필요
ASG-001119,DTY-00570,,유형,TG17,D09,SD09-1,SD09-2,확인필요,조건부 의무 — 보유·해당 여부 확인 필요,반기 1회,180,,,자산 대장 없음 — 보유 확인 필요
ASG-001120,DTY-00571,,유형,TG17,D09,SD09-1,SD09-2,확인필요,조건부 의무 — 보유·해당 여부 확인 필요,반기 1회,180,,,자산 대장 없음 — 보유 확인 필요
ASG-001121,DTY-00572,,유형,TG17,D09,SD09-1,SD09-2,확인필요,조건부 의무 — 보유·해당 여부 확인 필요,반기 1회,180,,,자산 대장 없음 — 보유 확인 필요
ASG-001122,DTY-00573,,유형,TG17,D09,SD09-1,SD09-2,확인필요,조건부 의무 — 보유·해당 여부 확인 필요,반기 1회,180,,,자산 대장 없음 — 보유 확인 필요
ASG-001123,DTY-00574,,유형,TG17,D09,SD09-1,SD09-2,확인필요,조건부 의무 — 보유·해당 여부 확인 필요,반기 1회,180,,,자산 대장 없음 — 보유 확인 필요
ASG-001124,DTY-00575,,유형,TG17,D09,SD09-1,SD09-2,확인필요,조건부 의무 — 보유·해당 여부 확인 필요,반기 1회,180,,,자산 대장 없음 — 보유 확인 필요
ASG-001125,DTY-00576,,유형,TG17,D09,SD09-1,SD09-2,확인필요,조건부 의무 — 보유·해당 여부 확인 필요,반기 1회,180,,,자산 대장 없음 — 보유 확인 필요
ASG-001126,DTY-00577,,유형,TG17,D09,SD09-1,SD09-2,확인필요,조건부 의무 — 보유·해당 여부 확인 필요,반기 1회,180,,,자산 대장 없음 — 보유 확인 필요
ASG-001127,DTY-00578,,유형,TG17,D09,SD09-1,SD09-2,확인필요,조건부 의무 — 보유·해당 여부 확인 필요,반기 1회,180,,,자산 대장 없음 — 보유 확인 필요
ASG-001128,DTY-00579,,유형,TG17,D09,SD09-1,SD09-2,확인필요,조건부 의무 — 보유·해당 여부 확인 필요,반기 1회,180,,,자산 대장 없음 — 보유 확인 필요
ASG-001129,DTY-00580,,유형,TG17,D09,SD09-1,SD09-2,확인필요,조건부 의무 — 보유·해당 여부 확인 필요,반기 1회,180,,,자산 대장 없음 — 보유 확인 필요
ASG-001130,DTY-00581,,유형,TG17,D09,SD09-1,SD09-2,확인필요,조건부 의무 — 보유·해당 여부 확인 필요,상시,365,,,자산 대장 없음 — 보유 확인 필요
ASG-001131,DTY-00582,,유형,TG17,D09,SD09-1,SD09-2,확인필요,조건부 의무 — 보유·해당 여부 확인 필요,상시,365,,,자산 대장 없음 — 보유 확인 필요
ASG-001132,DTY-00583,,유형,TG17,D09,SD09-1,SD09-2,확인필요,조건부 의무 — 보유·해당 여부 확인 필요,반기 1회,180,,,자산 대장 없음 — 보유 확인 필요
ASG-001133,DTY-00584,,유형,TG13,D09,SD09-1,SD09-2,해당,,반기 1회,180,,,
ASG-001134,DTY-00584,AR1967-0000142,자산,TG13,D09,SD09-1,SD09-2,해당,,반기 1회,180,,,
ASG-001135,DTY-00584,AR1969-0000298,자산,TG13,D09,SD09-1,SD09-2,해당,,반기 1회,180,,,
ASG-001136,DTY-00584,AR1969-0000299,자산,TG13,D09,SD09-1,SD09-2,해당,,반기 1회,180,,,
ASG-001137,DTY-00585,,유형,TG13,D09,SD09-1,SD09-2,해당,,반기 1회,180,,,분류 추론 — 검수 전
ASG-001138,DTY-00585,AR1967-0000142,자산,TG13,D09,SD09-1,SD09-2,해당,,반기 1회,180,,,분류 추론 — 검수 전
ASG-001139,DTY-00585,AR1969-0000298,자산,TG13,D09,SD09-1,SD09-2,해당,,반기 1회,180,,,분류 추론 — 검수 전
ASG-001140,DTY-00585,AR1969-0000299,자산,TG13,D09,SD09-1,SD09-2,해당,,반기 1회,180,,,분류 추론 — 검수 전
ASG-001141,DTY-00586,,유형,TG13,D09,SD09-1,SD09-2,해당,,반기 1회,180,,,
ASG-001142,DTY-00586,AR1967-0000142,자산,TG13,D09,SD09-1,SD09-2,해당,,반기 1회,180,,,
ASG-001143,DTY-00586,AR1969-0000298,자산,TG13,D09,SD09-1,SD09-2,해당,,반기 1회,180,,,
ASG-001144,DTY-00586,AR1969-0000299,자산,TG13,D09,SD09-1,SD09-2,해당,,반기 1회,180,,,
ASG-001145,DTY-00587,,유형,TG13,D09,SD09-1,SD09-2,해당,,반기 1회,180,,,
ASG-001146,DTY-00587,AR1967-0000142,자산,TG13,D09,SD09-1,SD09-2,해당,,반기 1회,180,,,
ASG-001147,DTY-00587,AR1969-0000298,자산,TG13,D09,SD09-1,SD09-2,해당,,반기 1회,180,,,
ASG-001148,DTY-00587,AR1969-0000299,자산,TG13,D09,SD09-1,SD09-2,해당,,반기 1회,180,,,
ASG-001149,DTY-00588,,유형,TG13,D09,SD09-1,SD09-2,해당,,반기 1회,180,,,
ASG-001150,DTY-00588,AR1967-0000142,자산,TG13,D09,SD09-1,SD09-2,해당,,반기 1회,180,,,
ASG-001151,DTY-00588,AR1969-0000298,자산,TG13,D09,SD09-1,SD09-2,해당,,반기 1회,180,,,
ASG-001152,DTY-00588,AR1969-0000299,자산,TG13,D09,SD09-1,SD09-2,해당,,반기 1회,180,,,
ASG-001153,DTY-00589,,유형,TG99,D99,,,확인필요,조건부 의무 — 보유·해당 여부 확인 필요,반기 1회,180,,,정본 미반영 — 새 정독(검수 전) · 관리대상 확인 필요
ASG-001154,DTY-00590,,유형,TG99,D99,,,확인필요,조건부 의무 — 보유·해당 여부 확인 필요,반기 1회,180,,,정본 미반영 — 새 정독(검수 전) · 관리대상 확인 필요
ASG-001155,DTY-00591,,유형,TG99,D99,,,확인필요,조건부 의무 — 보유·해당 여부 확인 필요,반기 1회,180,,,정본 미반영 — 새 정독(검수 전) · 관리대상 확인 필요
ASG-001156,DTY-00592,,유형,TG99,D99,,,확인필요,조건부 의무 — 보유·해당 여부 확인 필요,반기 1회,180,,,자산 대장 없음 — 보유 확인 필요
ASG-001157,DTY-00593,,유형,TG99,D99,,,확인필요,조건부 의무 — 보유·해당 여부 확인 필요,반기 1회,180,,,정본 미반영 — 새 정독(검수 전) · 관리대상 확인 필요
ASG-001158,DTY-00594,,유형,TG99,D99,,,확인필요,조건부 의무 — 보유·해당 여부 확인 필요,반기 1회,180,,,정본 미반영 — 새 정독(검수 전) · 관리대상 확인 필요
ASG-001159,DTY-00595,,유형,TG99,D99,,,확인필요,조건부 의무 — 보유·해당 여부 확인 필요,반기 1회,180,,,정본 미반영 — 새 정독(검수 전) · 관리대상 확인 필요
ASG-001160,DTY-00596,,유형,TG99,D99,,,확인필요,조건부 의무 — 보유·해당 여부 확인 필요,반기 1회,180,,,정본 미반영 — 새 정독(검수 전) · 관리대상 확인 필요
ASG-001161,DTY-00597,,유형,TG99,D99,,,확인필요,조건부 의무 — 보유·해당 여부 확인 필요,반기 1회,180,,,정본 미반영 — 새 정독(검수 전) · 관리대상 확인 필요
ASG-001162,DTY-00598,,유형,TG14,D10,SD10-1,SD10-2,확인필요,조건부 의무 — 보유·해당 여부 확인 필요,반기 1회,180,,,자산 대장 없음 — 보유 확인 필요 · 분류 추론 — 검수 전
ASG-001163,DTY-00599,,유형,TG14,D10,SD10-1,SD10-2,확인필요,조건부 의무 — 보유·해당 여부 확인 필요,반기 1회,180,,,자산 대장 없음 — 보유 확인 필요
ASG-001164,DTY-00600,,유형,TG14,D10,SD10-1,SD10-2,확인필요,조건부 의무 — 보유·해당 여부 확인 필요,반기 1회,180,,,자산 대장 없음 — 보유 확인 필요
ASG-001165,DTY-00601,,유형,TG14,D10,SD10-1,SD10-2,확인필요,조건부 의무 — 보유·해당 여부 확인 필요,반기 1회,180,,,자산 대장 없음 — 보유 확인 필요
ASG-001166,DTY-00602,,유형,TG14,D10,SD10-1,SD10-2,확인필요,조건부 의무 — 보유·해당 여부 확인 필요,반기 1회,180,,,자산 대장 없음 — 보유 확인 필요
ASG-001167,DTY-00603,,유형,TG14,D10,SD10-1,SD10-2,확인필요,조건부 의무 — 보유·해당 여부 확인 필요,반기 1회,180,,,자산 대장 없음 — 보유 확인 필요
ASG-001168,DTY-00604,,유형,TG14,D10,SD10-1,SD10-2,확인필요,조건부 의무 — 보유·해당 여부 확인 필요,반기 1회,180,,,자산 대장 없음 — 보유 확인 필요
ASG-001169,DTY-00605,,유형,TG14,D10,SD10-1,SD10-2,확인필요,조건부 의무 — 보유·해당 여부 확인 필요,반기 1회,180,,,자산 대장 없음 — 보유 확인 필요
ASG-001170,DTY-00606,,유형,TG14,D10,SD10-1,SD10-2,확인필요,조건부 의무 — 보유·해당 여부 확인 필요,반기 1회,180,,,자산 대장 없음 — 보유 확인 필요
ASG-001171,DTY-00607,,유형,TG10,D09,SD09-1,SD09-2,확인필요,조건부 의무 — 보유·해당 여부 확인 필요,반기 1회,180,,,자산 대장 없음 — 보유 확인 필요
ASG-001172,DTY-00608,,유형,TG09,D08,SD08-1,SD08-2,확인필요,조건부 의무 — 보유·해당 여부 확인 필요,반기 1회,180,,,자산 대장 없음 — 보유 확인 필요
ASG-001173,DTY-00609,,유형,TG09,D08,SD08-1,SD08-2,확인필요,조건부 의무 — 보유·해당 여부 확인 필요,반기 1회,180,,,자산 대장 없음 — 보유 확인 필요
ASG-001174,DTY-00610,,유형,TG09,D08,SD08-1,SD08-2,확인필요,조건부 의무 — 보유·해당 여부 확인 필요,반기 1회,180,,,자산 대장 없음 — 보유 확인 필요
ASG-001175,DTY-00611,,유형,TG09,D08,SD08-1,SD08-2,확인필요,조건부 의무 — 보유·해당 여부 확인 필요,반기 1회,180,,,자산 대장 없음 — 보유 확인 필요
ASG-001176,DTY-00612,,유형,TG09,D08,SD08-1,SD08-2,확인필요,조건부 의무 — 보유·해당 여부 확인 필요,반기 1회,180,,,자산 대장 없음 — 보유 확인 필요
ASG-001177,DTY-00613,,유형,TG09,D08,SD08-1,SD08-2,확인필요,조건부 의무 — 보유·해당 여부 확인 필요,반기 1회,180,,,자산 대장 없음 — 보유 확인 필요
ASG-001178,DTY-00614,,유형,TG09,D08,SD08-1,SD08-2,확인필요,조건부 의무 — 보유·해당 여부 확인 필요,반기 1회,180,,,자산 대장 없음 — 보유 확인 필요
ASG-001179,DTY-00615,,유형,TG09,D08,SD08-1,SD08-2,확인필요,조건부 의무 — 보유·해당 여부 확인 필요,반기 1회,180,,,자산 대장 없음 — 보유 확인 필요
ASG-001180,DTY-00616,,유형,TG09,D08,SD08-1,SD08-2,확인필요,조건부 의무 — 보유·해당 여부 확인 필요,반기 1회,180,,,자산 대장 없음 — 보유 확인 필요
ASG-001181,DTY-00617,,유형,TG09,D08,SD08-1,SD08-2,확인필요,조건부 의무 — 보유·해당 여부 확인 필요,반기 1회,180,,,자산 대장 없음 — 보유 확인 필요
ASG-001182,DTY-00618,,유형,TG09,D08,SD08-1,SD08-2,확인필요,조건부 의무 — 보유·해당 여부 확인 필요,반기 1회,180,,,자산 대장 없음 — 보유 확인 필요
ASG-001183,DTY-00619,,유형,TG05,D03,SD03-1,SD03-2,해당,,반기 1회,180,,,
ASG-001184,DTY-00619,RW1994-0000054,자산,TG05,D03,SD03-1,SD03-2,해당,,반기 1회,180,,,
ASG-001185,DTY-00619,RW1998-0000037,자산,TG05,D03,SD03-1,SD03-2,해당,,반기 1회,180,,,
ASG-001186,DTY-00619,RW2000-0000064,자산,TG05,D03,SD03-1,SD03-2,해당,,반기 1회,180,,,
ASG-001187,DTY-00620,,유형,TG09,D08,SD08-1,SD08-2,확인필요,조건부 의무 — 보유·해당 여부 확인 필요,반기 1회,180,,,자산 대장 없음 — 보유 확인 필요
ASG-001188,DTY-00621,,유형,TG09,D08,SD08-1,SD08-2,확인필요,조건부 의무 — 보유·해당 여부 확인 필요,수시,180,,,자산 대장 없음 — 보유 확인 필요
ASG-001189,DTY-00622,,유형,TG09,D08,SD08-1,SD08-2,확인필요,조건부 의무 — 보유·해당 여부 확인 필요,수시,180,,,자산 대장 없음 — 보유 확인 필요
ASG-001190,DTY-00623,,유형,TG09,D08,SD08-1,SD08-2,확인필요,조건부 의무 — 보유·해당 여부 확인 필요,수시,180,,,자산 대장 없음 — 보유 확인 필요
ASG-001191,DTY-00624,,유형,TG09,D08,SD08-1,SD08-2,확인필요,조건부 의무 — 보유·해당 여부 확인 필요,수시,180,,,자산 대장 없음 — 보유 확인 필요
ASG-001192,DTY-00625,,유형,TG09,D08,SD08-1,SD08-2,확인필요,조건부 의무 — 보유·해당 여부 확인 필요,반기 1회,180,,,자산 대장 없음 — 보유 확인 필요
ASG-001193,DTY-00626,,유형,TG09,D08,SD08-1,SD08-2,확인필요,조건부 의무 — 보유·해당 여부 확인 필요,반기 1회,180,,,자산 대장 없음 — 보유 확인 필요
ASG-001194,DTY-00627,,유형,TG09,D08,SD08-1,SD08-2,확인필요,조건부 의무 — 보유·해당 여부 확인 필요,반기 1회,180,,,자산 대장 없음 — 보유 확인 필요
ASG-001195,DTY-00628,,유형,TG09,D08,SD08-1,SD08-2,확인필요,조건부 의무 — 보유·해당 여부 확인 필요,반기 1회,180,,,자산 대장 없음 — 보유 확인 필요
ASG-001196,DTY-00629,,유형,TG09,D08,SD08-1,SD08-2,확인필요,조건부 의무 — 보유·해당 여부 확인 필요,반기 1회,180,,,자산 대장 없음 — 보유 확인 필요
ASG-001197,DTY-00630,,유형,TG09,D08,SD08-1,SD08-2,확인필요,조건부 의무 — 보유·해당 여부 확인 필요,반기 1회,180,,,자산 대장 없음 — 보유 확인 필요
ASG-001198,DTY-00631,,유형,TG09,D08,SD08-1,SD08-2,확인필요,조건부 의무 — 보유·해당 여부 확인 필요,반기 1회,180,,,자산 대장 없음 — 보유 확인 필요
ASG-001199,DTY-00632,,유형,TG09,D08,SD08-1,SD08-2,확인필요,조건부 의무 — 보유·해당 여부 확인 필요,반기 1회,180,,,자산 대장 없음 — 보유 확인 필요
ASG-001200,DTY-00633,,유형,TG09,D08,SD08-1,SD08-2,확인필요,조건부 의무 — 보유·해당 여부 확인 필요,반기 1회,180,,,자산 대장 없음 — 보유 확인 필요
ASG-001201,DTY-00634,,유형,TG09,D08,SD08-1,SD08-2,확인필요,조건부 의무 — 보유·해당 여부 확인 필요,반기 1회,180,,,자산 대장 없음 — 보유 확인 필요
ASG-001202,DTY-00635,,유형,TG09,D08,SD08-1,SD08-2,확인필요,조건부 의무 — 보유·해당 여부 확인 필요,반기 1회,180,,,자산 대장 없음 — 보유 확인 필요
ASG-001203,DTY-00636,,유형,TG09,D08,SD08-1,SD08-2,확인필요,조건부 의무 — 보유·해당 여부 확인 필요,반기 1회,180,,,자산 대장 없음 — 보유 확인 필요
ASG-001204,DTY-00637,,유형,TG09,D08,SD08-1,SD08-2,확인필요,조건부 의무 — 보유·해당 여부 확인 필요,반기 1회,180,,,자산 대장 없음 — 보유 확인 필요
ASG-001205,DTY-00638,,유형,TG09,D08,SD08-1,SD08-2,확인필요,조건부 의무 — 보유·해당 여부 확인 필요,반기 1회,180,,,자산 대장 없음 — 보유 확인 필요
ASG-001206,DTY-00639,,유형,TG09,D08,SD08-1,SD08-2,확인필요,조건부 의무 — 보유·해당 여부 확인 필요,반기 1회,180,,,자산 대장 없음 — 보유 확인 필요
ASG-001207,DTY-00640,,유형,TG09,D08,SD08-1,SD08-2,확인필요,조건부 의무 — 보유·해당 여부 확인 필요,반기 1회,180,,,자산 대장 없음 — 보유 확인 필요
ASG-001208,DTY-00641,,유형,TG09,D08,SD08-1,SD08-2,확인필요,조건부 의무 — 보유·해당 여부 확인 필요,반기 1회,180,,,자산 대장 없음 — 보유 확인 필요
ASG-001209,DTY-00642,,유형,TG09,D08,SD08-1,SD08-2,확인필요,조건부 의무 — 보유·해당 여부 확인 필요,반기 1회,180,,,자산 대장 없음 — 보유 확인 필요
ASG-001210,DTY-00643,,유형,TG09,D08,SD08-1,SD08-2,확인필요,조건부 의무 — 보유·해당 여부 확인 필요,반기 1회,180,,,자산 대장 없음 — 보유 확인 필요
ASG-001211,DTY-00644,,유형,TG02,D05,SD05-1,SD05-2,해당,,연1회,365,,,
ASG-001212,DTY-00645,,유형,TG02,D05,SD05-1,SD05-2,해당,,연1회,365,,,
ASG-001213,DTY-00646,,유형,TG02,D05,SD05-1,SD05-2,해당,,연1회,365,,,
ASG-001214,DTY-00647,,유형,TG02,D05,SD05-1,SD05-2,해당,,반기 1회,180,,,
ASG-001215,DTY-00648,,유형,TG02,D05,SD05-1,SD05-2,해당,,반기 1회,180,,,
ASG-001216,DTY-00649,,유형,TG02,D05,SD05-1,SD05-2,해당,,반기 1회,180,,,
ASG-001217,DTY-00650,,유형,TG02,D05,SD05-1,SD05-2,해당,,반기 1회,180,,,
ASG-001218,DTY-00651,,유형,TG02,D05,SD05-1,SD05-2,해당,,반기 1회,180,,,
ASG-001219,DTY-00652,,유형,TG02,D05,SD05-1,SD05-2,해당,,반기 1회,180,,,
ASG-001220,DTY-00653,,유형,TG02,D05,SD05-1,SD05-2,해당,,연1회,365,,,
ASG-001221,DTY-00654,,유형,TG02,D05,SD05-1,SD05-2,해당,,연1회,365,,,
ASG-001222,DTY-00655,,유형,TG02,D05,SD05-1,SD05-2,해당,,연1회,365,,,
ASG-001223,DTY-00656,,유형,TG02,D05,SD05-1,SD05-2,해당,,연1회,365,,,
ASG-001224,DTY-00657,,유형,TG02,D05,SD05-1,SD05-2,해당,,연1회,365,,,
ASG-001225,DTY-00658,,유형,TG02,D05,SD05-1,SD05-2,해당,,연1회,365,,,
ASG-001226,DTY-00659,,유형,TG02,D05,SD05-1,SD05-2,해당,,연1회,365,,,
ASG-001227,DTY-00660,,유형,TG02,D05,SD05-1,SD05-2,해당,,연1회,365,,,
ASG-001228,DTY-00661,,유형,TG02,D05,SD05-1,SD05-2,해당,,연1회,365,,,
ASG-001229,DTY-00662,,유형,TG02,D05,SD05-1,SD05-2,해당,,연1회,365,,,
ASG-001230,DTY-00663,,유형,TG02,D05,SD05-1,SD05-2,해당,,연1회,365,,,
ASG-001231,DTY-00664,,유형,TG99,D99,,,확인필요,조건부 의무 — 보유·해당 여부 확인 필요,반기 1회,180,,,자산 대장 없음 — 보유 확인 필요
ASG-001232,DTY-00665,,유형,TG99,D99,,,확인필요,조건부 의무 — 보유·해당 여부 확인 필요,반기 1회,180,,,자산 대장 없음 — 보유 확인 필요
ASG-001233,DTY-00666,,유형,TG99,D99,,,확인필요,조건부 의무 — 보유·해당 여부 확인 필요,반기 1회,180,,,자산 대장 없음 — 보유 확인 필요
ASG-001234,DTY-00667,,유형,TG99,D99,,,확인필요,조건부 의무 — 보유·해당 여부 확인 필요,반기 1회,180,,,정본 미반영 — 새 정독(검수 전) · 관리대상 확인 필요
ASG-001235,DTY-00668,,유형,TG99,D99,,,확인필요,조건부 의무 — 보유·해당 여부 확인 필요,반기 1회,180,,,정본 미반영 — 새 정독(검수 전) · 관리대상 확인 필요
ASG-001236,DTY-00669,,유형,TG99,D99,,,확인필요,조건부 의무 — 보유·해당 여부 확인 필요,반기 1회,180,,,정본 미반영 — 새 정독(검수 전) · 관리대상 확인 필요
ASG-001237,DTY-00670,,유형,TG99,D99,,,확인필요,조건부 의무 — 보유·해당 여부 확인 필요,반기 1회,180,,,정본 미반영 — 새 정독(검수 전) · 관리대상 확인 필요
ASG-001238,DTY-00671,,유형,TG99,D99,,,확인필요,조건부 의무 — 보유·해당 여부 확인 필요,반기 1회,180,,,정본 미반영 — 새 정독(검수 전) · 관리대상 확인 필요
ASG-001239,DTY-00672,,유형,TG99,D99,,,확인필요,조건부 의무 — 보유·해당 여부 확인 필요,반기 1회,180,,,정본 미반영 — 새 정독(검수 전) · 관리대상 확인 필요
ASG-001240,DTY-00673,,유형,TG19,D11,SD11-1,SD11-2,확인필요,조건부 의무 — 보유·해당 여부 확인 필요,반기 1회,180,,,자산 대장 없음 — 보유 확인 필요
ASG-001241,DTY-00674,,유형,TG19,D11,SD11-1,SD11-2,확인필요,조건부 의무 — 보유·해당 여부 확인 필요,반기 1회,180,,,자산 대장 없음 — 보유 확인 필요
ASG-001242,DTY-00675,,유형,TG19,D11,SD11-1,SD11-2,확인필요,조건부 의무 — 보유·해당 여부 확인 필요,반기 1회,180,,,자산 대장 없음 — 보유 확인 필요 · 분류 추론 — 검수 전
ASG-001243,DTY-00676,,유형,TG19,D11,SD11-1,SD11-2,확인필요,조건부 의무 — 보유·해당 여부 확인 필요,반기 1회,180,,,자산 대장 없음 — 보유 확인 필요 · 분류 추론 — 검수 전
ASG-001244,DTY-00677,,유형,TG03,D03,SD03-1,SD03-2,해당,,상시,365,,,
ASG-001245,DTY-00677,BR0000-0000002,자산,TG03,D03,SD03-1,SD03-2,해당,,상시,365,,,
ASG-001246,DTY-00677,BR1018-0000001,자산,TG03,D03,SD03-1,SD03-2,해당,,상시,365,,,
ASG-001247,DTY-00677,BR1900-0000009,자산,TG03,D03,SD03-1,SD03-2,해당,,상시,365,,,
ASG-001248,DTY-00678,,유형,TG03,D03,SD03-1,SD03-2,해당,,상시,365,,,
ASG-001249,DTY-00678,BR0000-0000002,자산,TG03,D03,SD03-1,SD03-2,해당,,상시,365,,,
ASG-001250,DTY-00678,BR1018-0000001,자산,TG03,D03,SD03-1,SD03-2,해당,,상시,365,,,
ASG-001251,DTY-00678,BR1900-0000009,자산,TG03,D03,SD03-1,SD03-2,해당,,상시,365,,,
ASG-001252,DTY-00679,,기관,TG24,D13,SD13-1,SD13-2,해당,,연1회,365,,,분류 추론 — 검수 전
ASG-001253,DTY-00680,,기관,TG24,D13,SD13-1,SD13-2,해당,,연1회,365,,,분류 추론 — 검수 전
ASG-001254,DTY-00681,,기관,TG24,D13,SD13-1,SD13-2,해당,,연1회,365,,,분류 추론 — 검수 전
ASG-001255,DTY-00682,,기관,TG24,D13,SD13-1,SD13-2,해당,,연1회,365,,,분류 추론 — 검수 전
ASG-001256,DTY-00683,,유형,TG09,D08,SD08-1,SD08-2,확인필요,조건부 의무 — 보유·해당 여부 확인 필요,연1회,365,,,자산 대장 없음 — 보유 확인 필요 · 분류 추론 — 검수 전
ASG-001257,DTY-00684,,유형,TG09,D08,SD08-1,SD08-2,확인필요,조건부 의무 — 보유·해당 여부 확인 필요,연1회,365,,,자산 대장 없음 — 보유 확인 필요 · 분류 추론 — 검수 전
ASG-001258,DTY-00685,,유형,TG99,D99,,,확인필요,조건부 의무 — 보유·해당 여부 확인 필요,연1회,365,,,정본 미반영 — 새 정독(검수 전) · 관리대상 확인 필요
ASG-001259,DTY-00686,,유형,TG05,D03,SD03-1,SD03-2,해당,,상시,365,,,
ASG-001260,DTY-00686,RW1994-0000054,자산,TG05,D03,SD03-1,SD03-2,해당,,상시,365,,,
ASG-001261,DTY-00686,RW1998-0000037,자산,TG05,D03,SD03-1,SD03-2,해당,,상시,365,,,
ASG-001262,DTY-00686,RW2000-0000064,자산,TG05,D03,SD03-1,SD03-2,해당,,상시,365,,,
ASG-001263,DTY-00687,,유형,TG05,D03,SD03-1,SD03-2,해당,,상시,365,,,
ASG-001264,DTY-00687,RW1994-0000054,자산,TG05,D03,SD03-1,SD03-2,해당,,상시,365,,,
ASG-001265,DTY-00687,RW1998-0000037,자산,TG05,D03,SD03-1,SD03-2,해당,,상시,365,,,
ASG-001266,DTY-00687,RW2000-0000064,자산,TG05,D03,SD03-1,SD03-2,해당,,상시,365,,,
ASG-001267,DTY-00688,,유형,TG05,D03,SD03-1,SD03-2,해당,,상시,365,,,
ASG-001268,DTY-00688,RW1994-0000054,자산,TG05,D03,SD03-1,SD03-2,해당,,상시,365,,,
ASG-001269,DTY-00688,RW1998-0000037,자산,TG05,D03,SD03-1,SD03-2,해당,,상시,365,,,
ASG-001270,DTY-00688,RW2000-0000064,자산,TG05,D03,SD03-1,SD03-2,해당,,상시,365,,,
ASG-001271,DTY-00689,,유형,TG05,D03,SD03-1,SD03-2,해당,,상시,365,,,
ASG-001272,DTY-00689,RW1994-0000054,자산,TG05,D03,SD03-1,SD03-2,해당,,상시,365,,,
ASG-001273,DTY-00689,RW1998-0000037,자산,TG05,D03,SD03-1,SD03-2,해당,,상시,365,,,
ASG-001274,DTY-00689,RW2000-0000064,자산,TG05,D03,SD03-1,SD03-2,해당,,상시,365,,,
ASG-001275,DTY-00690,,유형,TG03,D03,SD03-1,SD03-2,해당,,연1회,365,,,
ASG-001276,DTY-00690,BR0000-0000002,자산,TG03,D03,SD03-1,SD03-2,해당,,연1회,365,,,
ASG-001277,DTY-00690,BR1018-0000001,자산,TG03,D03,SD03-1,SD03-2,해당,,연1회,365,,,
ASG-001278,DTY-00690,BR1900-0000009,자산,TG03,D03,SD03-1,SD03-2,해당,,연1회,365,,,
ASG-001279,DTY-00691,,유형,TG03,D03,SD03-1,SD03-2,해당,,상시,365,,,
ASG-001280,DTY-00691,BR0000-0000002,자산,TG03,D03,SD03-1,SD03-2,해당,,상시,365,,,
ASG-001281,DTY-00691,BR1018-0000001,자산,TG03,D03,SD03-1,SD03-2,해당,,상시,365,,,
ASG-001282,DTY-00691,BR1900-0000009,자산,TG03,D03,SD03-1,SD03-2,해당,,상시,365,,,
ASG-001283,DTY-00692,,유형,TG03,D03,SD03-1,SD03-2,해당,,상시,365,,,
ASG-001284,DTY-00692,BR0000-0000002,자산,TG03,D03,SD03-1,SD03-2,해당,,상시,365,,,
ASG-001285,DTY-00692,BR1018-0000001,자산,TG03,D03,SD03-1,SD03-2,해당,,상시,365,,,
ASG-001286,DTY-00692,BR1900-0000009,자산,TG03,D03,SD03-1,SD03-2,해당,,상시,365,,,
ASG-001287,DTY-00693,,유형,TG03,D03,SD03-1,SD03-2,해당,,상시,365,,,
ASG-001288,DTY-00693,BR0000-0000002,자산,TG03,D03,SD03-1,SD03-2,해당,,상시,365,,,
ASG-001289,DTY-00693,BR1018-0000001,자산,TG03,D03,SD03-1,SD03-2,해당,,상시,365,,,
ASG-001290,DTY-00693,BR1900-0000009,자산,TG03,D03,SD03-1,SD03-2,해당,,상시,365,,,
ASG-001291,DTY-00694,,유형,TG03,D03,SD03-1,SD03-2,해당,,반기 1회,180,,,
ASG-001292,DTY-00694,BR0000-0000002,자산,TG03,D03,SD03-1,SD03-2,해당,,반기 1회,180,,,
ASG-001293,DTY-00694,BR1018-0000001,자산,TG03,D03,SD03-1,SD03-2,해당,,반기 1회,180,,,
ASG-001294,DTY-00694,BR1900-0000009,자산,TG03,D03,SD03-1,SD03-2,해당,,반기 1회,180,,,
ASG-001295,DTY-00695,,유형,TG12,D06,SD06-1,SD06-2,확인필요,조건부 의무 — 보유·해당 여부 확인 필요,연1회,365,,,자산 대장 없음 — 보유 확인 필요
ASG-001296,DTY-00696,,유형,TG12,D06,SD06-1,SD06-2,확인필요,조건부 의무 — 보유·해당 여부 확인 필요,연1회,365,,,자산 대장 없음 — 보유 확인 필요
ASG-001297,DTY-00697,,유형,TG12,D06,SD06-1,SD06-2,확인필요,조건부 의무 — 보유·해당 여부 확인 필요,연1회,365,,,자산 대장 없음 — 보유 확인 필요
ASG-001298,DTY-00698,,유형,TG12,D06,SD06-1,SD06-2,확인필요,조건부 의무 — 보유·해당 여부 확인 필요,연1회,365,,,자산 대장 없음 — 보유 확인 필요
ASG-001299,DTY-00699,,유형,TG12,D06,SD06-1,SD06-2,확인필요,조건부 의무 — 보유·해당 여부 확인 필요,연1회,365,,,자산 대장 없음 — 보유 확인 필요
ASG-001300,DTY-00700,,유형,TG12,D06,SD06-1,SD06-2,확인필요,조건부 의무 — 보유·해당 여부 확인 필요,연1회,365,,,자산 대장 없음 — 보유 확인 필요
ASG-001301,DTY-00701,,유형,TG12,D06,SD06-1,SD06-2,확인필요,조건부 의무 — 보유·해당 여부 확인 필요,수시,180,,,자산 대장 없음 — 보유 확인 필요
ASG-001302,DTY-00702,,유형,TG12,D06,SD06-1,SD06-2,확인필요,조건부 의무 — 보유·해당 여부 확인 필요,상시,365,,,자산 대장 없음 — 보유 확인 필요
ASG-001303,DTY-00703,,유형,TG12,D06,SD06-1,SD06-2,확인필요,조건부 의무 — 보유·해당 여부 확인 필요,연1회,365,,,자산 대장 없음 — 보유 확인 필요
ASG-001304,DTY-00704,,유형,TG12,D06,SD06-1,SD06-2,확인필요,조건부 의무 — 보유·해당 여부 확인 필요,연1회,365,,,자산 대장 없음 — 보유 확인 필요
ASG-001305,DTY-00705,,유형,TG06,D13,SD13-1,SD13-2,해당,,반기 1회,180,,,
ASG-001306,DTY-00705,WG2008-0000097,자산,TG06,D13,SD13-1,SD13-2,해당,,반기 1회,180,,,
ASG-001307,DTY-00705,WG2008-0000098,자산,TG06,D13,SD13-1,SD13-2,해당,,반기 1회,180,,,
ASG-001308,DTY-00705,WG2008-0000099,자산,TG06,D13,SD13-1,SD13-2,해당,,반기 1회,180,,,
ASG-001309,DTY-00706,,유형,TG06,D13,SD13-1,SD13-2,해당,,반기 1회,180,,,
ASG-001310,DTY-00706,WG2008-0000097,자산,TG06,D13,SD13-1,SD13-2,해당,,반기 1회,180,,,
ASG-001311,DTY-00706,WG2008-0000098,자산,TG06,D13,SD13-1,SD13-2,해당,,반기 1회,180,,,
ASG-001312,DTY-00706,WG2008-0000099,자산,TG06,D13,SD13-1,SD13-2,해당,,반기 1회,180,,,
ASG-001313,DTY-00707,,유형,TG06,D13,SD13-1,SD13-2,해당,,연1회,365,,,
ASG-001314,DTY-00707,WG2008-0000097,자산,TG06,D13,SD13-1,SD13-2,해당,,연1회,365,,,
ASG-001315,DTY-00707,WG2008-0000098,자산,TG06,D13,SD13-1,SD13-2,해당,,연1회,365,,,
ASG-001316,DTY-00707,WG2008-0000099,자산,TG06,D13,SD13-1,SD13-2,해당,,연1회,365,,,
ASG-001317,DTY-00708,,유형,TG06,D13,SD13-1,SD13-2,해당,,연1회,365,,,
ASG-001318,DTY-00708,WG2008-0000097,자산,TG06,D13,SD13-1,SD13-2,해당,,연1회,365,,,
ASG-001319,DTY-00708,WG2008-0000098,자산,TG06,D13,SD13-1,SD13-2,해당,,연1회,365,,,
ASG-001320,DTY-00708,WG2008-0000099,자산,TG06,D13,SD13-1,SD13-2,해당,,연1회,365,,,
ASG-001321,DTY-00709,,유형,TG03,D03,SD03-1,SD03-2,해당,,연1회,365,,,분류 추론 — 검수 전
ASG-001322,DTY-00709,BR0000-0000002,자산,TG03,D03,SD03-1,SD03-2,해당,,연1회,365,,,분류 추론 — 검수 전
ASG-001323,DTY-00709,BR1018-0000001,자산,TG03,D03,SD03-1,SD03-2,해당,,연1회,365,,,분류 추론 — 검수 전
ASG-001324,DTY-00709,BR1900-0000009,자산,TG03,D03,SD03-1,SD03-2,해당,,연1회,365,,,분류 추론 — 검수 전
ASG-001325,DTY-00710,,유형,TG03,D03,SD03-1,SD03-2,해당,,상시,365,,,
ASG-001326,DTY-00710,BR0000-0000002,자산,TG03,D03,SD03-1,SD03-2,해당,,상시,365,,,
ASG-001327,DTY-00710,BR1018-0000001,자산,TG03,D03,SD03-1,SD03-2,해당,,상시,365,,,
ASG-001328,DTY-00710,BR1900-0000009,자산,TG03,D03,SD03-1,SD03-2,해당,,상시,365,,,
ASG-001329,DTY-00711,,유형,TG03,D03,SD03-1,SD03-2,해당,,연1회,365,,,분류 추론 — 검수 전
ASG-001330,DTY-00711,BR0000-0000002,자산,TG03,D03,SD03-1,SD03-2,해당,,연1회,365,,,분류 추론 — 검수 전
ASG-001331,DTY-00711,BR1018-0000001,자산,TG03,D03,SD03-1,SD03-2,해당,,연1회,365,,,분류 추론 — 검수 전
ASG-001332,DTY-00711,BR1900-0000009,자산,TG03,D03,SD03-1,SD03-2,해당,,연1회,365,,,분류 추론 — 검수 전
ASG-001333,DTY-00712,,유형,TG03,D03,SD03-1,SD03-2,해당,,연1회,365,,,분류 추론 — 검수 전
ASG-001334,DTY-00712,BR0000-0000002,자산,TG03,D03,SD03-1,SD03-2,해당,,연1회,365,,,분류 추론 — 검수 전
ASG-001335,DTY-00712,BR1018-0000001,자산,TG03,D03,SD03-1,SD03-2,해당,,연1회,365,,,분류 추론 — 검수 전
ASG-001336,DTY-00712,BR1900-0000009,자산,TG03,D03,SD03-1,SD03-2,해당,,연1회,365,,,분류 추론 — 검수 전
ASG-001337,DTY-00713,,유형,TG03,D03,SD03-1,SD03-2,해당,,연1회,365,,,분류 추론 — 검수 전
ASG-001338,DTY-00713,BR0000-0000002,자산,TG03,D03,SD03-1,SD03-2,해당,,연1회,365,,,분류 추론 — 검수 전
ASG-001339,DTY-00713,BR1018-0000001,자산,TG03,D03,SD03-1,SD03-2,해당,,연1회,365,,,분류 추론 — 검수 전
ASG-001340,DTY-00713,BR1900-0000009,자산,TG03,D03,SD03-1,SD03-2,해당,,연1회,365,,,분류 추론 — 검수 전
ASG-001341,DTY-00714,,유형,TG03,D03,SD03-1,SD03-2,해당,,연1회,365,,,
ASG-001342,DTY-00714,BR0000-0000002,자산,TG03,D03,SD03-1,SD03-2,해당,,연1회,365,,,
ASG-001343,DTY-00714,BR1018-0000001,자산,TG03,D03,SD03-1,SD03-2,해당,,연1회,365,,,
ASG-001344,DTY-00714,BR1900-0000009,자산,TG03,D03,SD03-1,SD03-2,해당,,연1회,365,,,
ASG-001345,DTY-00715,,유형,TG03,D03,SD03-1,SD03-2,해당,,연1회,365,,,
ASG-001346,DTY-00715,BR0000-0000002,자산,TG03,D03,SD03-1,SD03-2,해당,,연1회,365,,,
ASG-001347,DTY-00715,BR1018-0000001,자산,TG03,D03,SD03-1,SD03-2,해당,,연1회,365,,,
ASG-001348,DTY-00715,BR1900-0000009,자산,TG03,D03,SD03-1,SD03-2,해당,,연1회,365,,,
ASG-001349,DTY-00716,,유형,TG03,D03,SD03-1,SD03-2,해당,,연1회,365,,,
ASG-001350,DTY-00716,BR0000-0000002,자산,TG03,D03,SD03-1,SD03-2,해당,,연1회,365,,,
ASG-001351,DTY-00716,BR1018-0000001,자산,TG03,D03,SD03-1,SD03-2,해당,,연1회,365,,,
ASG-001352,DTY-00716,BR1900-0000009,자산,TG03,D03,SD03-1,SD03-2,해당,,연1회,365,,,
ASG-001353,DTY-00717,,유형,TG03,D03,SD03-1,SD03-2,해당,,연1회,365,,,
ASG-001354,DTY-00717,BR0000-0000002,자산,TG03,D03,SD03-1,SD03-2,해당,,연1회,365,,,
ASG-001355,DTY-00717,BR1018-0000001,자산,TG03,D03,SD03-1,SD03-2,해당,,연1회,365,,,
ASG-001356,DTY-00717,BR1900-0000009,자산,TG03,D03,SD03-1,SD03-2,해당,,연1회,365,,,
ASG-001357,DTY-00718,,유형,TG03,D03,SD03-1,SD03-2,해당,,연1회,365,,,
ASG-001358,DTY-00718,BR0000-0000002,자산,TG03,D03,SD03-1,SD03-2,해당,,연1회,365,,,
ASG-001359,DTY-00718,BR1018-0000001,자산,TG03,D03,SD03-1,SD03-2,해당,,연1회,365,,,
ASG-001360,DTY-00718,BR1900-0000009,자산,TG03,D03,SD03-1,SD03-2,해당,,연1회,365,,,
ASG-001361,DTY-00719,,유형,TG03,D03,SD03-1,SD03-2,해당,,연1회,365,,,
ASG-001362,DTY-00719,BR0000-0000002,자산,TG03,D03,SD03-1,SD03-2,해당,,연1회,365,,,
ASG-001363,DTY-00719,BR1018-0000001,자산,TG03,D03,SD03-1,SD03-2,해당,,연1회,365,,,
ASG-001364,DTY-00719,BR1900-0000009,자산,TG03,D03,SD03-1,SD03-2,해당,,연1회,365,,,
ASG-001365,DTY-00720,,유형,TG03,D03,SD03-1,SD03-2,해당,,연1회,365,,,
ASG-001366,DTY-00720,BR0000-0000002,자산,TG03,D03,SD03-1,SD03-2,해당,,연1회,365,,,
ASG-001367,DTY-00720,BR1018-0000001,자산,TG03,D03,SD03-1,SD03-2,해당,,연1회,365,,,
ASG-001368,DTY-00720,BR1900-0000009,자산,TG03,D03,SD03-1,SD03-2,해당,,연1회,365,,,
ASG-001369,DTY-00721,,유형,TG03,D03,SD03-1,SD03-2,해당,,상시,365,,,
ASG-001370,DTY-00721,BR0000-0000002,자산,TG03,D03,SD03-1,SD03-2,해당,,상시,365,,,
ASG-001371,DTY-00721,BR1018-0000001,자산,TG03,D03,SD03-1,SD03-2,해당,,상시,365,,,
ASG-001372,DTY-00721,BR1900-0000009,자산,TG03,D03,SD03-1,SD03-2,해당,,상시,365,,,
ASG-001373,DTY-00722,,유형,TG03,D03,SD03-1,SD03-2,해당,,상시,365,,,
ASG-001374,DTY-00722,BR0000-0000002,자산,TG03,D03,SD03-1,SD03-2,해당,,상시,365,,,
ASG-001375,DTY-00722,BR1018-0000001,자산,TG03,D03,SD03-1,SD03-2,해당,,상시,365,,,
ASG-001376,DTY-00722,BR1900-0000009,자산,TG03,D03,SD03-1,SD03-2,해당,,상시,365,,,
ASG-001377,DTY-00723,,유형,TG03,D03,SD03-1,SD03-2,해당,,상시,365,,,
ASG-001378,DTY-00723,BR0000-0000002,자산,TG03,D03,SD03-1,SD03-2,해당,,상시,365,,,
ASG-001379,DTY-00723,BR1018-0000001,자산,TG03,D03,SD03-1,SD03-2,해당,,상시,365,,,
ASG-001380,DTY-00723,BR1900-0000009,자산,TG03,D03,SD03-1,SD03-2,해당,,상시,365,,,
ASG-001381,DTY-00724,,유형,TG27,D03,SD03-1,SD03-2,확인필요,조건부 의무 — 보유·해당 여부 확인 필요,상시,365,,,자산 대장 없음 — 보유 확인 필요
ASG-001382,DTY-00725,,유형,TG27,D03,SD03-1,SD03-2,확인필요,조건부 의무 — 보유·해당 여부 확인 필요,상시,365,,,자산 대장 없음 — 보유 확인 필요
ASG-001383,DTY-00726,,유형,TG27,D03,SD03-1,SD03-2,확인필요,조건부 의무 — 보유·해당 여부 확인 필요,상시,365,,,자산 대장 없음 — 보유 확인 필요
ASG-001384,DTY-00727,,유형,TG27,D03,SD03-1,SD03-2,확인필요,조건부 의무 — 보유·해당 여부 확인 필요,상시,365,,,자산 대장 없음 — 보유 확인 필요
ASG-001385,DTY-00728,,유형,TG27,D03,SD03-1,SD03-2,확인필요,조건부 의무 — 보유·해당 여부 확인 필요,상시,365,,,자산 대장 없음 — 보유 확인 필요
ASG-001386,DTY-00729,,유형,TG27,D03,SD03-1,SD03-2,확인필요,조건부 의무 — 보유·해당 여부 확인 필요,상시,365,,,자산 대장 없음 — 보유 확인 필요
ASG-001387,DTY-00730,,유형,TG27,D03,SD03-1,SD03-2,확인필요,조건부 의무 — 보유·해당 여부 확인 필요,상시,365,,,자산 대장 없음 — 보유 확인 필요
ASG-001388,DTY-00731,,유형,TG27,D03,SD03-1,SD03-2,확인필요,조건부 의무 — 보유·해당 여부 확인 필요,상시,365,,,자산 대장 없음 — 보유 확인 필요
ASG-001389,DTY-00732,,유형,TG27,D03,SD03-1,SD03-2,확인필요,조건부 의무 — 보유·해당 여부 확인 필요,상시,365,,,자산 대장 없음 — 보유 확인 필요
ASG-001390,DTY-00733,,유형,TG99,D99,,,확인필요,조건부 의무 — 보유·해당 여부 확인 필요,연1회,365,,,정본 미반영 — 새 정독(검수 전) · 관리대상 확인 필요
ASG-001391,DTY-00734,,유형,TG99,D99,,,확인필요,조건부 의무 — 보유·해당 여부 확인 필요,연1회,365,,,정본 미반영 — 새 정독(검수 전) · 관리대상 확인 필요
ASG-001392,DTY-00735,,유형,TG01,D04,SD04-1,SD04-2,해당,,연1회,365,,,
ASG-001393,DTY-00735,ST2005-0000048,자산,TG01,D04,SD04-1,SD04-2,해당,,연1회,365,,,
ASG-001394,DTY-00735,ST2005-0000049,자산,TG01,D04,SD04-1,SD04-2,해당,,연1회,365,,,
ASG-001395,DTY-00735,ST2009-0000031,자산,TG01,D04,SD04-1,SD04-2,해당,,연1회,365,,,
ASG-001396,DTY-00736,,유형,TG01,D04,SD04-1,SD04-2,해당,,상시,365,,,
ASG-001397,DTY-00736,ST2005-0000048,자산,TG01,D04,SD04-1,SD04-2,해당,,상시,365,,,
ASG-001398,DTY-00736,ST2005-0000049,자산,TG01,D04,SD04-1,SD04-2,해당,,상시,365,,,
ASG-001399,DTY-00736,ST2009-0000031,자산,TG01,D04,SD04-1,SD04-2,해당,,상시,365,,,
ASG-001400,DTY-00737,,유형,TG01,D04,SD04-1,SD04-2,해당,,상시,365,,,
ASG-001401,DTY-00737,ST2005-0000048,자산,TG01,D04,SD04-1,SD04-2,해당,,상시,365,,,
ASG-001402,DTY-00737,ST2005-0000049,자산,TG01,D04,SD04-1,SD04-2,해당,,상시,365,,,
ASG-001403,DTY-00737,ST2009-0000031,자산,TG01,D04,SD04-1,SD04-2,해당,,상시,365,,,
ASG-001404,DTY-00738,,유형,TG01,D04,SD04-1,SD04-2,해당,,반기 1회,180,,,
ASG-001405,DTY-00738,ST2005-0000048,자산,TG01,D04,SD04-1,SD04-2,해당,,반기 1회,180,,,
ASG-001406,DTY-00738,ST2005-0000049,자산,TG01,D04,SD04-1,SD04-2,해당,,반기 1회,180,,,
ASG-001407,DTY-00738,ST2009-0000031,자산,TG01,D04,SD04-1,SD04-2,해당,,반기 1회,180,,,
ASG-001408,DTY-00739,,유형,TG01,D04,SD04-1,SD04-2,해당,,상시,365,,,
ASG-001409,DTY-00739,ST2005-0000048,자산,TG01,D04,SD04-1,SD04-2,해당,,상시,365,,,
ASG-001410,DTY-00739,ST2005-0000049,자산,TG01,D04,SD04-1,SD04-2,해당,,상시,365,,,
ASG-001411,DTY-00739,ST2009-0000031,자산,TG01,D04,SD04-1,SD04-2,해당,,상시,365,,,
ASG-001412,DTY-00740,,유형,TG01,D04,SD04-1,SD04-2,해당,,상시,365,,,
ASG-001413,DTY-00740,ST2005-0000048,자산,TG01,D04,SD04-1,SD04-2,해당,,상시,365,,,
ASG-001414,DTY-00740,ST2005-0000049,자산,TG01,D04,SD04-1,SD04-2,해당,,상시,365,,,
ASG-001415,DTY-00740,ST2009-0000031,자산,TG01,D04,SD04-1,SD04-2,해당,,상시,365,,,
ASG-001416,DTY-00741,,유형,TG01,D04,SD04-1,SD04-2,해당,,상시,365,,,
ASG-001417,DTY-00741,ST2005-0000048,자산,TG01,D04,SD04-1,SD04-2,해당,,상시,365,,,
ASG-001418,DTY-00741,ST2005-0000049,자산,TG01,D04,SD04-1,SD04-2,해당,,상시,365,,,
ASG-001419,DTY-00741,ST2009-0000031,자산,TG01,D04,SD04-1,SD04-2,해당,,상시,365,,,
ASG-001420,DTY-00742,,유형,TG01,D04,SD04-1,SD04-2,해당,,상시,365,,,
ASG-001421,DTY-00742,ST2005-0000048,자산,TG01,D04,SD04-1,SD04-2,해당,,상시,365,,,
ASG-001422,DTY-00742,ST2005-0000049,자산,TG01,D04,SD04-1,SD04-2,해당,,상시,365,,,
ASG-001423,DTY-00742,ST2009-0000031,자산,TG01,D04,SD04-1,SD04-2,해당,,상시,365,,,
ASG-001424,DTY-00743,,유형,TG01,D04,SD04-1,SD04-2,해당,,상시,365,,,
ASG-001425,DTY-00743,ST2005-0000048,자산,TG01,D04,SD04-1,SD04-2,해당,,상시,365,,,
ASG-001426,DTY-00743,ST2005-0000049,자산,TG01,D04,SD04-1,SD04-2,해당,,상시,365,,,
ASG-001427,DTY-00743,ST2009-0000031,자산,TG01,D04,SD04-1,SD04-2,해당,,상시,365,,,
ASG-001428,DTY-00744,,유형,TG01,D04,SD04-1,SD04-2,해당,,상시,365,,,
ASG-001429,DTY-00744,ST2005-0000048,자산,TG01,D04,SD04-1,SD04-2,해당,,상시,365,,,
ASG-001430,DTY-00744,ST2005-0000049,자산,TG01,D04,SD04-1,SD04-2,해당,,상시,365,,,
ASG-001431,DTY-00744,ST2009-0000031,자산,TG01,D04,SD04-1,SD04-2,해당,,상시,365,,,
ASG-001432,DTY-00745,,유형,TG01,D04,SD04-1,SD04-2,해당,,상시,365,,,
ASG-001433,DTY-00745,ST2005-0000048,자산,TG01,D04,SD04-1,SD04-2,해당,,상시,365,,,
ASG-001434,DTY-00745,ST2005-0000049,자산,TG01,D04,SD04-1,SD04-2,해당,,상시,365,,,
ASG-001435,DTY-00745,ST2009-0000031,자산,TG01,D04,SD04-1,SD04-2,해당,,상시,365,,,
ASG-001436,DTY-00746,,유형,TG01,D04,SD04-1,SD04-2,해당,,연1회,365,,,
ASG-001437,DTY-00746,ST2005-0000048,자산,TG01,D04,SD04-1,SD04-2,해당,,연1회,365,,,
ASG-001438,DTY-00746,ST2005-0000049,자산,TG01,D04,SD04-1,SD04-2,해당,,연1회,365,,,
ASG-001439,DTY-00746,ST2009-0000031,자산,TG01,D04,SD04-1,SD04-2,해당,,연1회,365,,,
ASG-001440,DTY-00747,,유형,TG01,D04,SD04-1,SD04-2,해당,,연1회,365,,,
ASG-001441,DTY-00747,ST2005-0000048,자산,TG01,D04,SD04-1,SD04-2,해당,,연1회,365,,,
ASG-001442,DTY-00747,ST2005-0000049,자산,TG01,D04,SD04-1,SD04-2,해당,,연1회,365,,,
ASG-001443,DTY-00747,ST2009-0000031,자산,TG01,D04,SD04-1,SD04-2,해당,,연1회,365,,,
ASG-001444,DTY-00748,,유형,TG25,D02,SD02-1,SD02-2,해당,,반기 1회,180,,,
ASG-001445,DTY-00748,AR1967-0000142,자산,TG25,D02,SD02-1,SD02-2,해당,,반기 1회,180,,,
ASG-001446,DTY-00748,AR1969-0000298,자산,TG25,D02,SD02-1,SD02-2,해당,,반기 1회,180,,,
ASG-001447,DTY-00748,AR1969-0000299,자산,TG25,D02,SD02-1,SD02-2,해당,,반기 1회,180,,,
ASG-001448,DTY-00749,,유형,TG25,D02,SD02-1,SD02-2,해당,,반기 1회,180,,,
ASG-001449,DTY-00749,AR1967-0000142,자산,TG25,D02,SD02-1,SD02-2,해당,,반기 1회,180,,,
ASG-001450,DTY-00749,AR1969-0000298,자산,TG25,D02,SD02-1,SD02-2,해당,,반기 1회,180,,,
ASG-001451,DTY-00749,AR1969-0000299,자산,TG25,D02,SD02-1,SD02-2,해당,,반기 1회,180,,,
ASG-001452,DTY-00750,,유형,TG25,D02,SD02-1,SD02-2,해당,,상시,365,,,
ASG-001453,DTY-00750,AR1967-0000142,자산,TG25,D02,SD02-1,SD02-2,해당,,상시,365,,,
ASG-001454,DTY-00750,AR1969-0000298,자산,TG25,D02,SD02-1,SD02-2,해당,,상시,365,,,
ASG-001455,DTY-00750,AR1969-0000299,자산,TG25,D02,SD02-1,SD02-2,해당,,상시,365,,,
ASG-001456,DTY-00751,,유형,TG25,D02,SD02-1,SD02-2,해당,,상시,365,,,
ASG-001457,DTY-00751,AR1967-0000142,자산,TG25,D02,SD02-1,SD02-2,해당,,상시,365,,,
ASG-001458,DTY-00751,AR1969-0000298,자산,TG25,D02,SD02-1,SD02-2,해당,,상시,365,,,
ASG-001459,DTY-00751,AR1969-0000299,자산,TG25,D02,SD02-1,SD02-2,해당,,상시,365,,,
ASG-001460,DTY-00752,,유형,TG25,D02,SD02-1,SD02-2,해당,,상시,365,,,
ASG-001461,DTY-00752,AR1967-0000142,자산,TG25,D02,SD02-1,SD02-2,해당,,상시,365,,,
ASG-001462,DTY-00752,AR1969-0000298,자산,TG25,D02,SD02-1,SD02-2,해당,,상시,365,,,
ASG-001463,DTY-00752,AR1969-0000299,자산,TG25,D02,SD02-1,SD02-2,해당,,상시,365,,,
ASG-001464,DTY-00753,,유형,TG25,D02,SD02-1,SD02-2,해당,,상시,365,,,
ASG-001465,DTY-00753,AR1967-0000142,자산,TG25,D02,SD02-1,SD02-2,해당,,상시,365,,,
ASG-001466,DTY-00753,AR1969-0000298,자산,TG25,D02,SD02-1,SD02-2,해당,,상시,365,,,
ASG-001467,DTY-00753,AR1969-0000299,자산,TG25,D02,SD02-1,SD02-2,해당,,상시,365,,,
ASG-001468,DTY-00754,,유형,TG25,D02,SD02-1,SD02-2,해당,,반기 1회,180,,,
ASG-001469,DTY-00754,AR1967-0000142,자산,TG25,D02,SD02-1,SD02-2,해당,,반기 1회,180,,,
ASG-001470,DTY-00754,AR1969-0000298,자산,TG25,D02,SD02-1,SD02-2,해당,,반기 1회,180,,,
ASG-001471,DTY-00754,AR1969-0000299,자산,TG25,D02,SD02-1,SD02-2,해당,,반기 1회,180,,,
ASG-001472,DTY-00755,,유형,TG25,D02,SD02-1,SD02-2,해당,,반기 1회,180,,,
ASG-001473,DTY-00755,AR1967-0000142,자산,TG25,D02,SD02-1,SD02-2,해당,,반기 1회,180,,,
ASG-001474,DTY-00755,AR1969-0000298,자산,TG25,D02,SD02-1,SD02-2,해당,,반기 1회,180,,,
ASG-001475,DTY-00755,AR1969-0000299,자산,TG25,D02,SD02-1,SD02-2,해당,,반기 1회,180,,,
ASG-001476,DTY-00756,,유형,TG25,D02,SD02-1,SD02-2,해당,,반기 1회,180,,,
ASG-001477,DTY-00756,AR1967-0000142,자산,TG25,D02,SD02-1,SD02-2,해당,,반기 1회,180,,,
ASG-001478,DTY-00756,AR1969-0000298,자산,TG25,D02,SD02-1,SD02-2,해당,,반기 1회,180,,,
ASG-001479,DTY-00756,AR1969-0000299,자산,TG25,D02,SD02-1,SD02-2,해당,,반기 1회,180,,,
ASG-001480,DTY-00757,,유형,TG25,D02,SD02-1,SD02-2,해당,,반기 1회,180,,,
ASG-001481,DTY-00757,AR1967-0000142,자산,TG25,D02,SD02-1,SD02-2,해당,,반기 1회,180,,,
ASG-001482,DTY-00757,AR1969-0000298,자산,TG25,D02,SD02-1,SD02-2,해당,,반기 1회,180,,,
ASG-001483,DTY-00757,AR1969-0000299,자산,TG25,D02,SD02-1,SD02-2,해당,,반기 1회,180,,,
ASG-001484,DTY-00758,,유형,TG25,D02,SD02-1,SD02-2,해당,,반기 1회,180,,,
ASG-001485,DTY-00758,AR1967-0000142,자산,TG25,D02,SD02-1,SD02-2,해당,,반기 1회,180,,,
ASG-001486,DTY-00758,AR1969-0000298,자산,TG25,D02,SD02-1,SD02-2,해당,,반기 1회,180,,,
ASG-001487,DTY-00758,AR1969-0000299,자산,TG25,D02,SD02-1,SD02-2,해당,,반기 1회,180,,,
ASG-001488,DTY-00759,,유형,TG25,D02,SD02-1,SD02-2,해당,,반기 1회,180,,,
ASG-001489,DTY-00759,AR1967-0000142,자산,TG25,D02,SD02-1,SD02-2,해당,,반기 1회,180,,,
ASG-001490,DTY-00759,AR1969-0000298,자산,TG25,D02,SD02-1,SD02-2,해당,,반기 1회,180,,,
ASG-001491,DTY-00759,AR1969-0000299,자산,TG25,D02,SD02-1,SD02-2,해당,,반기 1회,180,,,
ASG-001492,DTY-00760,,유형,TG25,D02,SD02-1,SD02-2,해당,,반기 1회,180,,,
ASG-001493,DTY-00760,AR1967-0000142,자산,TG25,D02,SD02-1,SD02-2,해당,,반기 1회,180,,,
ASG-001494,DTY-00760,AR1969-0000298,자산,TG25,D02,SD02-1,SD02-2,해당,,반기 1회,180,,,
ASG-001495,DTY-00760,AR1969-0000299,자산,TG25,D02,SD02-1,SD02-2,해당,,반기 1회,180,,,
ASG-001496,DTY-00761,,유형,TG25,D02,SD02-1,SD02-2,해당,,반기 1회,180,,,
ASG-001497,DTY-00761,AR1967-0000142,자산,TG25,D02,SD02-1,SD02-2,해당,,반기 1회,180,,,
ASG-001498,DTY-00761,AR1969-0000298,자산,TG25,D02,SD02-1,SD02-2,해당,,반기 1회,180,,,
ASG-001499,DTY-00761,AR1969-0000299,자산,TG25,D02,SD02-1,SD02-2,해당,,반기 1회,180,,,
ASG-001500,DTY-00762,,유형,TG25,D02,SD02-1,SD02-2,해당,,반기 1회,180,,,
ASG-001501,DTY-00762,AR1967-0000142,자산,TG25,D02,SD02-1,SD02-2,해당,,반기 1회,180,,,
ASG-001502,DTY-00762,AR1969-0000298,자산,TG25,D02,SD02-1,SD02-2,해당,,반기 1회,180,,,
ASG-001503,DTY-00762,AR1969-0000299,자산,TG25,D02,SD02-1,SD02-2,해당,,반기 1회,180,,,
ASG-001504,DTY-00763,,유형,TG13,D09,SD09-1,SD09-2,해당,,반기 1회,180,,,
ASG-001505,DTY-00763,AR1967-0000142,자산,TG13,D09,SD09-1,SD09-2,해당,,반기 1회,180,,,
ASG-001506,DTY-00763,AR1969-0000298,자산,TG13,D09,SD09-1,SD09-2,해당,,반기 1회,180,,,
ASG-001507,DTY-00763,AR1969-0000299,자산,TG13,D09,SD09-1,SD09-2,해당,,반기 1회,180,,,
ASG-001508,DTY-00764,,유형,TG25,D02,SD02-1,SD02-2,해당,,반기 1회,180,,,
ASG-001509,DTY-00764,AR1967-0000142,자산,TG25,D02,SD02-1,SD02-2,해당,,반기 1회,180,,,
ASG-001510,DTY-00764,AR1969-0000298,자산,TG25,D02,SD02-1,SD02-2,해당,,반기 1회,180,,,
ASG-001511,DTY-00764,AR1969-0000299,자산,TG25,D02,SD02-1,SD02-2,해당,,반기 1회,180,,,
ASG-001512,DTY-00765,,유형,TG25,D02,SD02-1,SD02-2,해당,,반기 1회,180,,,
ASG-001513,DTY-00765,AR1967-0000142,자산,TG25,D02,SD02-1,SD02-2,해당,,반기 1회,180,,,
ASG-001514,DTY-00765,AR1969-0000298,자산,TG25,D02,SD02-1,SD02-2,해당,,반기 1회,180,,,
ASG-001515,DTY-00765,AR1969-0000299,자산,TG25,D02,SD02-1,SD02-2,해당,,반기 1회,180,,,
ASG-001516,DTY-00766,,유형,TG25,D02,SD02-1,SD02-2,해당,,반기 1회,180,,,
ASG-001517,DTY-00766,AR1967-0000142,자산,TG25,D02,SD02-1,SD02-2,해당,,반기 1회,180,,,
ASG-001518,DTY-00766,AR1969-0000298,자산,TG25,D02,SD02-1,SD02-2,해당,,반기 1회,180,,,
ASG-001519,DTY-00766,AR1969-0000299,자산,TG25,D02,SD02-1,SD02-2,해당,,반기 1회,180,,,
ASG-001520,DTY-00767,,유형,TG13,D09,SD09-1,SD09-2,해당,,반기 1회,180,,,
ASG-001521,DTY-00767,AR1967-0000142,자산,TG13,D09,SD09-1,SD09-2,해당,,반기 1회,180,,,
ASG-001522,DTY-00767,AR1969-0000298,자산,TG13,D09,SD09-1,SD09-2,해당,,반기 1회,180,,,
ASG-001523,DTY-00767,AR1969-0000299,자산,TG13,D09,SD09-1,SD09-2,해당,,반기 1회,180,,,
ASG-001524,DTY-00768,,유형,TG25,D02,SD02-1,SD02-2,해당,,반기 1회,180,,,
ASG-001525,DTY-00768,AR1967-0000142,자산,TG25,D02,SD02-1,SD02-2,해당,,반기 1회,180,,,
ASG-001526,DTY-00768,AR1969-0000298,자산,TG25,D02,SD02-1,SD02-2,해당,,반기 1회,180,,,
ASG-001527,DTY-00768,AR1969-0000299,자산,TG25,D02,SD02-1,SD02-2,해당,,반기 1회,180,,,
ASG-001528,DTY-00769,,유형,TG25,D02,SD02-1,SD02-2,해당,,반기 1회,180,,,
ASG-001529,DTY-00769,AR1967-0000142,자산,TG25,D02,SD02-1,SD02-2,해당,,반기 1회,180,,,
ASG-001530,DTY-00769,AR1969-0000298,자산,TG25,D02,SD02-1,SD02-2,해당,,반기 1회,180,,,
ASG-001531,DTY-00769,AR1969-0000299,자산,TG25,D02,SD02-1,SD02-2,해당,,반기 1회,180,,,
ASG-001532,DTY-00770,,유형,TG08,D06,SD06-1,SD06-2,확인필요,조건부 의무 — 보유·해당 여부 확인 필요,상시,365,,,자산 대장 없음 — 보유 확인 필요
ASG-001533,DTY-00771,,유형,TG07,D07,SD07-1,SD07-2,확인필요,조건부 의무 — 보유·해당 여부 확인 필요,수시,180,,,자산 대장 없음 — 보유 확인 필요
ASG-001534,DTY-00772,,유형,TG07,D07,SD07-1,SD07-2,확인필요,조건부 의무 — 보유·해당 여부 확인 필요,연1회,365,,,자산 대장 없음 — 보유 확인 필요 · 분류 추론 — 검수 전
ASG-001535,DTY-00773,,유형,TG07,D07,SD07-1,SD07-2,확인필요,조건부 의무 — 보유·해당 여부 확인 필요,연1회,365,,,자산 대장 없음 — 보유 확인 필요 · 분류 추론 — 검수 전
ASG-001536,DTY-00774,,유형,TG07,D07,SD07-1,SD07-2,확인필요,조건부 의무 — 보유·해당 여부 확인 필요,상시,365,,,자산 대장 없음 — 보유 확인 필요
ASG-001537,DTY-00775,,유형,TG07,D07,SD07-1,SD07-2,확인필요,조건부 의무 — 보유·해당 여부 확인 필요,연1회,365,,,자산 대장 없음 — 보유 확인 필요 · 분류 추론 — 검수 전
ASG-001538,DTY-00776,,유형,TG99,D99,,,확인필요,조건부 의무 — 보유·해당 여부 확인 필요,연1회,365,,,정본 미반영 — 새 정독(검수 전) · 관리대상 확인 필요
ASG-001539,DTY-00777,,유형,TG99,D99,,,확인필요,조건부 의무 — 보유·해당 여부 확인 필요,연1회,365,,,정본 미반영 — 새 정독(검수 전) · 관리대상 확인 필요
ASG-001540,DTY-00778,,유형,TG99,D99,,,확인필요,조건부 의무 — 보유·해당 여부 확인 필요,연1회,365,,,정본 미반영 — 새 정독(검수 전) · 관리대상 확인 필요
ASG-001541,DTY-00779,,유형,TG99,D99,,,확인필요,조건부 의무 — 보유·해당 여부 확인 필요,연1회,365,,,정본 미반영 — 새 정독(검수 전) · 관리대상 확인 필요
ASG-001542,DTY-00780,,유형,TG99,D99,,,확인필요,조건부 의무 — 보유·해당 여부 확인 필요,연1회,365,,,정본 미반영 — 새 정독(검수 전) · 관리대상 확인 필요
ASG-001543,DTY-00781,,유형,TG99,D99,,,확인필요,조건부 의무 — 보유·해당 여부 확인 필요,연1회,365,,,정본 미반영 — 새 정독(검수 전) · 관리대상 확인 필요
ASG-001544,DTY-00782,,유형,TG06,D13,SD13-1,SD13-2,해당,,상시,365,,,
ASG-001545,DTY-00782,WG2008-0000097,자산,TG06,D13,SD13-1,SD13-2,해당,,상시,365,,,
ASG-001546,DTY-00782,WG2008-0000098,자산,TG06,D13,SD13-1,SD13-2,해당,,상시,365,,,
ASG-001547,DTY-00782,WG2008-0000099,자산,TG06,D13,SD13-1,SD13-2,해당,,상시,365,,,
ASG-001548,DTY-00783,,유형,TG06,D13,SD13-1,SD13-2,해당,,수시,180,,,
ASG-001549,DTY-00783,WG2008-0000097,자산,TG06,D13,SD13-1,SD13-2,해당,,수시,180,,,
ASG-001550,DTY-00783,WG2008-0000098,자산,TG06,D13,SD13-1,SD13-2,해당,,수시,180,,,
ASG-001551,DTY-00783,WG2008-0000099,자산,TG06,D13,SD13-1,SD13-2,해당,,수시,180,,,
ASG-001552,DTY-00784,,유형,TG11,D11,SD11-1,SD11-2,확인필요,조건부 의무 — 보유·해당 여부 확인 필요,연1회,365,,,자산 대장 없음 — 보유 확인 필요 · 분류 추론 — 검수 전
ASG-001553,DTY-00785,,기관,TG24,D13,SD13-1,SD13-2,해당,,연1회,365,,,분류 추론 — 검수 전
ASG-001554,DTY-00786,,기관,TG24,D13,SD13-1,SD13-2,해당,,연1회,365,,,분류 추론 — 검수 전
ASG-001555,DTY-00787,,기관,TG24,D13,SD13-1,SD13-2,해당,,수시,180,,,
ASG-001556,DTY-00788,,기관,TG24,D13,SD13-1,SD13-2,해당,,수시,180,,,
ASG-001557,DTY-00789,,기관,TG24,D13,SD13-1,SD13-2,해당,,연1회,365,,,
ASG-001558,DTY-00790,,기관,TG24,D13,SD13-1,SD13-2,해당,,상시,365,,,
ASG-001559,DTY-00791,,기관,TG24,D13,SD13-1,SD13-2,해당,,연1회,365,,,분류 추론 — 검수 전
ASG-001560,DTY-00792,,유형,TG99,D99,,,확인필요,조건부 의무 — 보유·해당 여부 확인 필요,수시,180,,,정본 미반영 — 새 정독(검수 전) · 관리대상 확인 필요
ASG-001561,DTY-00793,,유형,TG99,D99,,,확인필요,조건부 의무 — 보유·해당 여부 확인 필요,연1회,365,,,정본 미반영 — 새 정독(검수 전) · 관리대상 확인 필요
ASG-001562,DTY-00794,,유형,TG99,D99,,,확인필요,조건부 의무 — 보유·해당 여부 확인 필요,수시,180,,,정본 미반영 — 새 정독(검수 전) · 관리대상 확인 필요
ASG-001563,DTY-00795,,유형,TG99,D99,,,확인필요,조건부 의무 — 보유·해당 여부 확인 필요,연1회,365,,,정본 미반영 — 새 정독(검수 전) · 관리대상 확인 필요
ASG-001564,DTY-00796,,유형,TG06,D13,SD13-1,SD13-2,해당,,연1회,365,,,
ASG-001565,DTY-00796,WG2008-0000097,자산,TG06,D13,SD13-1,SD13-2,해당,,연1회,365,,,
ASG-001566,DTY-00796,WG2008-0000098,자산,TG06,D13,SD13-1,SD13-2,해당,,연1회,365,,,
ASG-001567,DTY-00796,WG2008-0000099,자산,TG06,D13,SD13-1,SD13-2,해당,,연1회,365,,,
ASG-001568,DTY-00797,,유형,TG06,D13,SD13-1,SD13-2,해당,,연1회,365,,,
ASG-001569,DTY-00797,WG2008-0000097,자산,TG06,D13,SD13-1,SD13-2,해당,,연1회,365,,,
ASG-001570,DTY-00797,WG2008-0000098,자산,TG06,D13,SD13-1,SD13-2,해당,,연1회,365,,,
ASG-001571,DTY-00797,WG2008-0000099,자산,TG06,D13,SD13-1,SD13-2,해당,,연1회,365,,,
ASG-001572,DTY-00798,,유형,TG06,D13,SD13-1,SD13-2,해당,,연1회,365,,,
ASG-001573,DTY-00798,WG2008-0000097,자산,TG06,D13,SD13-1,SD13-2,해당,,연1회,365,,,
ASG-001574,DTY-00798,WG2008-0000098,자산,TG06,D13,SD13-1,SD13-2,해당,,연1회,365,,,
ASG-001575,DTY-00798,WG2008-0000099,자산,TG06,D13,SD13-1,SD13-2,해당,,연1회,365,,,
ASG-001576,DTY-00799,,유형,TG06,D13,SD13-1,SD13-2,해당,,연1회,365,,,
ASG-001577,DTY-00799,WG2008-0000097,자산,TG06,D13,SD13-1,SD13-2,해당,,연1회,365,,,
ASG-001578,DTY-00799,WG2008-0000098,자산,TG06,D13,SD13-1,SD13-2,해당,,연1회,365,,,
ASG-001579,DTY-00799,WG2008-0000099,자산,TG06,D13,SD13-1,SD13-2,해당,,연1회,365,,,
ASG-001580,DTY-00800,,유형,TG06,D13,SD13-1,SD13-2,해당,,반기 1회,180,,,
ASG-001581,DTY-00800,WG2008-0000097,자산,TG06,D13,SD13-1,SD13-2,해당,,반기 1회,180,,,
ASG-001582,DTY-00800,WG2008-0000098,자산,TG06,D13,SD13-1,SD13-2,해당,,반기 1회,180,,,
ASG-001583,DTY-00800,WG2008-0000099,자산,TG06,D13,SD13-1,SD13-2,해당,,반기 1회,180,,,
ASG-001584,DTY-00801,,유형,TG06,D13,SD13-1,SD13-2,해당,,연1회,365,,,
ASG-001585,DTY-00801,WG2008-0000097,자산,TG06,D13,SD13-1,SD13-2,해당,,연1회,365,,,
ASG-001586,DTY-00801,WG2008-0000098,자산,TG06,D13,SD13-1,SD13-2,해당,,연1회,365,,,
ASG-001587,DTY-00801,WG2008-0000099,자산,TG06,D13,SD13-1,SD13-2,해당,,연1회,365,,,
ASG-001588,DTY-00802,,유형,TG06,D13,SD13-1,SD13-2,해당,,연1회,365,,,
ASG-001589,DTY-00802,WG2008-0000097,자산,TG06,D13,SD13-1,SD13-2,해당,,연1회,365,,,
ASG-001590,DTY-00802,WG2008-0000098,자산,TG06,D13,SD13-1,SD13-2,해당,,연1회,365,,,
ASG-001591,DTY-00802,WG2008-0000099,자산,TG06,D13,SD13-1,SD13-2,해당,,연1회,365,,,
ASG-001592,DTY-00803,,유형,TG06,D13,SD13-1,SD13-2,해당,,연1회,365,,,
ASG-001593,DTY-00803,WG2008-0000097,자산,TG06,D13,SD13-1,SD13-2,해당,,연1회,365,,,
ASG-001594,DTY-00803,WG2008-0000098,자산,TG06,D13,SD13-1,SD13-2,해당,,연1회,365,,,
ASG-001595,DTY-00803,WG2008-0000099,자산,TG06,D13,SD13-1,SD13-2,해당,,연1회,365,,,
ASG-001596,DTY-00804,,유형,TG04,D13,SD13-1,SD13-2,해당,,수시,180,,,
ASG-001597,DTY-00804,DA2008-0000007,자산,TG04,D13,SD13-1,SD13-2,해당,,수시,180,,,
ASG-001598,DTY-00804,DA2008-0000154,자산,TG04,D13,SD13-1,SD13-2,해당,,수시,180,,,
ASG-001599,DTY-00804,DA2008-0000165,자산,TG04,D13,SD13-1,SD13-2,해당,,수시,180,,,
ASG-001600,DTY-00805,,유형,TG04,D13,SD13-1,SD13-2,해당,,수시,180,,,
ASG-001601,DTY-00805,DA2008-0000007,자산,TG04,D13,SD13-1,SD13-2,해당,,수시,180,,,
ASG-001602,DTY-00805,DA2008-0000154,자산,TG04,D13,SD13-1,SD13-2,해당,,수시,180,,,
ASG-001603,DTY-00805,DA2008-0000165,자산,TG04,D13,SD13-1,SD13-2,해당,,수시,180,,,
ASG-001604,DTY-00806,,유형,TG04,D13,SD13-1,SD13-2,해당,,수시,180,,,
ASG-001605,DTY-00806,DA2008-0000007,자산,TG04,D13,SD13-1,SD13-2,해당,,수시,180,,,
ASG-001606,DTY-00806,DA2008-0000154,자산,TG04,D13,SD13-1,SD13-2,해당,,수시,180,,,
ASG-001607,DTY-00806,DA2008-0000165,자산,TG04,D13,SD13-1,SD13-2,해당,,수시,180,,,
ASG-001608,DTY-00807,,유형,TG99,D99,,,확인필요,조건부 의무 — 보유·해당 여부 확인 필요,연1회,365,,,정본 미반영 — 새 정독(검수 전) · 관리대상 확인 필요
ASG-001609,DTY-00808,,유형,TG99,D99,,,확인필요,조건부 의무 — 보유·해당 여부 확인 필요,연1회,365,,,정본 미반영 — 새 정독(검수 전) · 관리대상 확인 필요
ASG-001610,DTY-00809,,유형,TG99,D99,,,확인필요,조건부 의무 — 보유·해당 여부 확인 필요,연1회,365,,,자산 대장 없음 — 보유 확인 필요
ASG-001611,DTY-00810,,유형,TG99,D99,,,확인필요,조건부 의무 — 보유·해당 여부 확인 필요,연1회,365,,,정본 미반영 — 새 정독(검수 전) · 관리대상 확인 필요
ASG-001612,DTY-00811,,유형,TG99,D99,,,확인필요,조건부 의무 — 보유·해당 여부 확인 필요,연1회,365,,,정본 미반영 — 새 정독(검수 전) · 관리대상 확인 필요
ASG-001613,DTY-00812,,유형,TG99,D99,,,확인필요,조건부 의무 — 보유·해당 여부 확인 필요,연1회,365,,,정본 미반영 — 새 정독(검수 전) · 관리대상 확인 필요
ASG-001614,DTY-00813,,유형,TG99,D99,,,확인필요,조건부 의무 — 보유·해당 여부 확인 필요,연1회,365,,,정본 미반영 — 새 정독(검수 전) · 관리대상 확인 필요
ASG-001615,DTY-00814,,유형,TG99,D99,,,확인필요,조건부 의무 — 보유·해당 여부 확인 필요,연1회,365,,,정본 미반영 — 새 정독(검수 전) · 관리대상 확인 필요
ASG-001616,DTY-00815,,유형,TG99,D99,,,확인필요,조건부 의무 — 보유·해당 여부 확인 필요,연1회,365,,,정본 미반영 — 새 정독(검수 전) · 관리대상 확인 필요
ASG-001617,DTY-00816,,유형,TG99,D99,,,확인필요,조건부 의무 — 보유·해당 여부 확인 필요,연1회,365,,,정본 미반영 — 새 정독(검수 전) · 관리대상 확인 필요
ASG-001618,DTY-00817,,유형,TG99,D99,,,확인필요,조건부 의무 — 보유·해당 여부 확인 필요,연1회,365,,,정본 미반영 — 새 정독(검수 전) · 관리대상 확인 필요
ASG-001619,DTY-00818,,유형,TG99,D99,,,확인필요,조건부 의무 — 보유·해당 여부 확인 필요,연1회,365,,,정본 미반영 — 새 정독(검수 전) · 관리대상 확인 필요
ASG-001620,DTY-00819,,유형,TG99,D99,,,확인필요,조건부 의무 — 보유·해당 여부 확인 필요,연1회,365,,,정본 미반영 — 새 정독(검수 전) · 관리대상 확인 필요
ASG-001621,DTY-00820,,유형,TG99,D99,,,확인필요,조건부 의무 — 보유·해당 여부 확인 필요,연1회,365,,,정본 미반영 — 새 정독(검수 전) · 관리대상 확인 필요
ASG-001622,DTY-00821,,유형,TG99,D99,,,확인필요,조건부 의무 — 보유·해당 여부 확인 필요,연1회,365,,,정본 미반영 — 새 정독(검수 전) · 관리대상 확인 필요
ASG-001623,DTY-00822,,유형,TG99,D99,,,확인필요,조건부 의무 — 보유·해당 여부 확인 필요,연1회,365,,,정본 미반영 — 새 정독(검수 전) · 관리대상 확인 필요
ASG-001624,DTY-00823,,유형,TG99,D99,,,확인필요,조건부 의무 — 보유·해당 여부 확인 필요,연1회,365,,,정본 미반영 — 새 정독(검수 전) · 관리대상 확인 필요
ASG-001625,DTY-00824,,유형,TG99,D99,,,확인필요,조건부 의무 — 보유·해당 여부 확인 필요,연1회,365,,,정본 미반영 — 새 정독(검수 전) · 관리대상 확인 필요
ASG-001626,DTY-00825,,유형,TG99,D99,,,확인필요,조건부 의무 — 보유·해당 여부 확인 필요,연1회,365,,,정본 미반영 — 새 정독(검수 전) · 관리대상 확인 필요
ASG-001627,DTY-00826,,유형,TG99,D99,,,확인필요,조건부 의무 — 보유·해당 여부 확인 필요,연1회,365,,,정본 미반영 — 새 정독(검수 전) · 관리대상 확인 필요
ASG-001628,DTY-00827,,유형,TG99,D99,,,확인필요,조건부 의무 — 보유·해당 여부 확인 필요,연1회,365,,,정본 미반영 — 새 정독(검수 전) · 관리대상 확인 필요
ASG-001629,DTY-00828,,유형,TG99,D99,,,확인필요,조건부 의무 — 보유·해당 여부 확인 필요,연1회,365,,,정본 미반영 — 새 정독(검수 전) · 관리대상 확인 필요
ASG-001630,DTY-00829,,유형,TG99,D99,,,확인필요,조건부 의무 — 보유·해당 여부 확인 필요,연1회,365,,,정본 미반영 — 새 정독(검수 전) · 관리대상 확인 필요
ASG-001631,DTY-00830,,유형,TG99,D99,,,확인필요,조건부 의무 — 보유·해당 여부 확인 필요,연1회,365,,,정본 미반영 — 새 정독(검수 전) · 관리대상 확인 필요
ASG-001632,DTY-00831,,유형,TG99,D99,,,확인필요,조건부 의무 — 보유·해당 여부 확인 필요,연1회,365,,,정본 미반영 — 새 정독(검수 전) · 관리대상 확인 필요
ASG-001633,DTY-00832,,유형,TG99,D99,,,확인필요,조건부 의무 — 보유·해당 여부 확인 필요,연1회,365,,,정본 미반영 — 새 정독(검수 전) · 관리대상 확인 필요
ASG-001634,DTY-00833,,유형,TG99,D99,,,확인필요,조건부 의무 — 보유·해당 여부 확인 필요,연1회,365,,,정본 미반영 — 새 정독(검수 전) · 관리대상 확인 필요
ASG-001635,DTY-00834,,유형,TG99,D99,,,확인필요,조건부 의무 — 보유·해당 여부 확인 필요,연1회,365,,,정본 미반영 — 새 정독(검수 전) · 관리대상 확인 필요
ASG-001636,DTY-00835,,유형,TG99,D99,,,확인필요,조건부 의무 — 보유·해당 여부 확인 필요,연1회,365,,,정본 미반영 — 새 정독(검수 전) · 관리대상 확인 필요
ASG-001637,DTY-00836,,유형,TG99,D99,,,확인필요,조건부 의무 — 보유·해당 여부 확인 필요,연1회,365,,,정본 미반영 — 새 정독(검수 전) · 관리대상 확인 필요
ASG-001638,DTY-00837,,유형,TG99,D99,,,확인필요,조건부 의무 — 보유·해당 여부 확인 필요,연1회,365,,,정본 미반영 — 새 정독(검수 전) · 관리대상 확인 필요
ASG-001639,DTY-00838,,유형,TG99,D99,,,확인필요,조건부 의무 — 보유·해당 여부 확인 필요,연1회,365,,,정본 미반영 — 새 정독(검수 전) · 관리대상 확인 필요
ASG-001640,DTY-00839,,유형,TG99,D99,,,확인필요,조건부 의무 — 보유·해당 여부 확인 필요,연1회,365,,,정본 미반영 — 새 정독(검수 전) · 관리대상 확인 필요
ASG-001641,DTY-00840,,유형,TG99,D99,,,확인필요,조건부 의무 — 보유·해당 여부 확인 필요,연1회,365,,,정본 미반영 — 새 정독(검수 전) · 관리대상 확인 필요
ASG-001642,DTY-00841,,유형,TG99,D99,,,확인필요,조건부 의무 — 보유·해당 여부 확인 필요,연1회,365,,,정본 미반영 — 새 정독(검수 전) · 관리대상 확인 필요
ASG-001643,DTY-00842,,유형,TG99,D99,,,확인필요,조건부 의무 — 보유·해당 여부 확인 필요,연1회,365,,,정본 미반영 — 새 정독(검수 전) · 관리대상 확인 필요
ASG-001644,DTY-00843,,유형,TG99,D99,,,확인필요,조건부 의무 — 보유·해당 여부 확인 필요,연1회,365,,,정본 미반영 — 새 정독(검수 전) · 관리대상 확인 필요
ASG-001645,DTY-00844,,유형,TG99,D99,,,확인필요,조건부 의무 — 보유·해당 여부 확인 필요,연1회,365,,,정본 미반영 — 새 정독(검수 전) · 관리대상 확인 필요
ASG-001646,DTY-00845,,유형,TG02,D05,SD05-1,SD05-2,해당,,상시,365,,,
ASG-001647,DTY-00846,,유형,TG02,D05,SD05-1,SD05-2,해당,,상시,365,,,
ASG-001648,DTY-00847,,유형,TG02,D05,SD05-1,SD05-2,해당,,상시,365,,,
ASG-001649,DTY-00848,,유형,TG02,D05,SD05-1,SD05-2,해당,,상시,365,,,
ASG-001650,DTY-00849,,유형,TG02,D05,SD05-1,SD05-2,해당,,상시,365,,,
ASG-001651,DTY-00850,,유형,TG02,D05,SD05-1,SD05-2,해당,,상시,365,,,
ASG-001652,DTY-00851,,유형,TG02,D05,SD05-1,SD05-2,해당,,상시,365,,,
ASG-001653,DTY-00852,,유형,TG02,D05,SD05-1,SD05-2,해당,,상시,365,,,
ASG-001654,DTY-00853,,유형,TG02,D05,SD05-1,SD05-2,해당,,상시,365,,,
ASG-001655,DTY-00854,,유형,TG02,D05,SD05-1,SD05-2,해당,,상시,365,,,
ASG-001656,DTY-00855,,유형,TG02,D05,SD05-1,SD05-2,해당,,상시,365,,,
ASG-001657,DTY-00856,,유형,TG02,D05,SD05-1,SD05-2,해당,,상시,365,,,
ASG-001658,DTY-00857,,유형,TG02,D05,SD05-1,SD05-2,해당,,상시,365,,,
ASG-001659,DTY-00858,,유형,TG99,D99,,,확인필요,조건부 의무 — 보유·해당 여부 확인 필요,상시,365,,,자산 대장 없음 — 보유 확인 필요
ASG-001660,DTY-00859,,유형,TG99,D99,,,확인필요,조건부 의무 — 보유·해당 여부 확인 필요,수시,180,,,자산 대장 없음 — 보유 확인 필요
ASG-001661,DTY-00860,,유형,TG04,D13,SD13-1,SD13-2,해당,,수시,180,,,
ASG-001662,DTY-00860,DA2008-0000007,자산,TG04,D13,SD13-1,SD13-2,해당,,수시,180,,,
ASG-001663,DTY-00860,DA2008-0000154,자산,TG04,D13,SD13-1,SD13-2,해당,,수시,180,,,
ASG-001664,DTY-00860,DA2008-0000165,자산,TG04,D13,SD13-1,SD13-2,해당,,수시,180,,,
ASG-001665,DTY-00861,,유형,TG99,D99,,,확인필요,조건부 의무 — 보유·해당 여부 확인 필요,상시,365,,,자산 대장 없음 — 보유 확인 필요
ASG-001666,DTY-00862,,유형,TG99,D99,,,확인필요,조건부 의무 — 보유·해당 여부 확인 필요,상시,365,,,자산 대장 없음 — 보유 확인 필요
ASG-001667,DTY-00863,,유형,TG21,D99,,,확인필요,조건부 의무 — 보유·해당 여부 확인 필요,연1회,365,,,자산 대장 없음 — 보유 확인 필요
ASG-001668,DTY-00864,,유형,TG99,D99,,,확인필요,조건부 의무 — 보유·해당 여부 확인 필요,수시,180,,,정본 미반영 — 새 정독(검수 전) · 관리대상 확인 필요
ASG-001669,DTY-00865,,유형,TG06,D13,SD13-1,SD13-2,해당,,반기 1회,180,,,분류 추론 — 검수 전
ASG-001670,DTY-00865,WG2008-0000097,자산,TG06,D13,SD13-1,SD13-2,해당,,반기 1회,180,,,분류 추론 — 검수 전
ASG-001671,DTY-00865,WG2008-0000098,자산,TG06,D13,SD13-1,SD13-2,해당,,반기 1회,180,,,분류 추론 — 검수 전
ASG-001672,DTY-00865,WG2008-0000099,자산,TG06,D13,SD13-1,SD13-2,해당,,반기 1회,180,,,분류 추론 — 검수 전
ASG-001673,DTY-00866,,유형,TG03,D03,SD03-1,SD03-2,해당,,반기 1회,180,,,분류 추론 — 검수 전
ASG-001674,DTY-00866,BR0000-0000002,자산,TG03,D03,SD03-1,SD03-2,해당,,반기 1회,180,,,분류 추론 — 검수 전
ASG-001675,DTY-00866,BR1018-0000001,자산,TG03,D03,SD03-1,SD03-2,해당,,반기 1회,180,,,분류 추론 — 검수 전
ASG-001676,DTY-00866,BR1900-0000009,자산,TG03,D03,SD03-1,SD03-2,해당,,반기 1회,180,,,분류 추론 — 검수 전
ASG-001677,DTY-00867,,유형,TG03,D03,SD03-1,SD03-2,해당,,반기 1회,180,,,분류 추론 — 검수 전
ASG-001678,DTY-00867,BR0000-0000002,자산,TG03,D03,SD03-1,SD03-2,해당,,반기 1회,180,,,분류 추론 — 검수 전
ASG-001679,DTY-00867,BR1018-0000001,자산,TG03,D03,SD03-1,SD03-2,해당,,반기 1회,180,,,분류 추론 — 검수 전
ASG-001680,DTY-00867,BR1900-0000009,자산,TG03,D03,SD03-1,SD03-2,해당,,반기 1회,180,,,분류 추론 — 검수 전
ASG-001681,DTY-00868,,유형,TG99,D99,,,확인필요,조건부 의무 — 보유·해당 여부 확인 필요,수시,180,,,정본 미반영 — 새 정독(검수 전) · 관리대상 확인 필요
ASG-001682,DTY-00869,,유형,TG99,D99,,,확인필요,조건부 의무 — 보유·해당 여부 확인 필요,반기 1회,180,,,자산 대장 없음 — 보유 확인 필요
ASG-001683,DTY-00870,,유형,TG14,D10,SD10-1,SD10-2,확인필요,조건부 의무 — 보유·해당 여부 확인 필요,반기 1회,180,,,자산 대장 없음 — 보유 확인 필요
ASG-001684,DTY-00871,,유형,TG14,D10,SD10-1,SD10-2,확인필요,조건부 의무 — 보유·해당 여부 확인 필요,반기 1회,180,,,자산 대장 없음 — 보유 확인 필요
ASG-001685,DTY-00872,,기관,TG24,D13,SD13-1,SD13-2,해당,,수시,180,,,분류 추론 — 검수 전
ASG-001686,DTY-00873,,유형,TG99,D99,,,확인필요,조건부 의무 — 보유·해당 여부 확인 필요,반기 1회,180,,,정본 미반영 — 새 정독(검수 전) · 관리대상 확인 필요
ASG-001687,DTY-00874,,유형,TG03,D03,SD03-1,SD03-2,해당,,수시,180,,,
ASG-001688,DTY-00874,BR0000-0000002,자산,TG03,D03,SD03-1,SD03-2,해당,,수시,180,,,
ASG-001689,DTY-00874,BR1018-0000001,자산,TG03,D03,SD03-1,SD03-2,해당,,수시,180,,,
ASG-001690,DTY-00874,BR1900-0000009,자산,TG03,D03,SD03-1,SD03-2,해당,,수시,180,,,
ASG-001691,DTY-00875,,유형,TG03,D03,SD03-1,SD03-2,해당,,상시,365,,,
ASG-001692,DTY-00875,BR0000-0000002,자산,TG03,D03,SD03-1,SD03-2,해당,,상시,365,,,
ASG-001693,DTY-00875,BR1018-0000001,자산,TG03,D03,SD03-1,SD03-2,해당,,상시,365,,,
ASG-001694,DTY-00875,BR1900-0000009,자산,TG03,D03,SD03-1,SD03-2,해당,,상시,365,,,
ASG-001695,DTY-00876,,유형,TG03,D03,SD03-1,SD03-2,해당,,상시,365,,,
ASG-001696,DTY-00876,BR0000-0000002,자산,TG03,D03,SD03-1,SD03-2,해당,,상시,365,,,
ASG-001697,DTY-00876,BR1018-0000001,자산,TG03,D03,SD03-1,SD03-2,해당,,상시,365,,,
ASG-001698,DTY-00876,BR1900-0000009,자산,TG03,D03,SD03-1,SD03-2,해당,,상시,365,,,
ASG-001699,DTY-00877,,유형,TG27,D03,SD03-1,SD03-2,확인필요,조건부 의무 — 보유·해당 여부 확인 필요,수시,180,,,자산 대장 없음 — 보유 확인 필요
ASG-001700,DTY-00878,,유형,TG27,D03,SD03-1,SD03-2,확인필요,조건부 의무 — 보유·해당 여부 확인 필요,반기 1회,180,,,자산 대장 없음 — 보유 확인 필요
ASG-001701,DTY-00879,,유형,TG27,D03,SD03-1,SD03-2,확인필요,조건부 의무 — 보유·해당 여부 확인 필요,수시,180,,,자산 대장 없음 — 보유 확인 필요 · 분류 추론 — 검수 전
ASG-001702,DTY-00880,,유형,TG16,D09,SD09-1,SD09-2,확인필요,조건부 의무 — 보유·해당 여부 확인 필요,상시,365,,,자산 대장 없음 — 보유 확인 필요
ASG-001703,DTY-00881,,유형,TG16,D09,SD09-1,SD09-2,확인필요,조건부 의무 — 보유·해당 여부 확인 필요,상시,365,,,자산 대장 없음 — 보유 확인 필요
ASG-001704,DTY-00882,,유형,TG16,D09,SD09-1,SD09-2,확인필요,조건부 의무 — 보유·해당 여부 확인 필요,연1회,365,,,자산 대장 없음 — 보유 확인 필요
ASG-001705,DTY-00883,,유형,TG16,D09,SD09-1,SD09-2,확인필요,조건부 의무 — 보유·해당 여부 확인 필요,연1회,365,,,자산 대장 없음 — 보유 확인 필요
ASG-001706,DTY-00884,,유형,TG16,D09,SD09-1,SD09-2,확인필요,조건부 의무 — 보유·해당 여부 확인 필요,연1회,365,,,자산 대장 없음 — 보유 확인 필요
ASG-001707,DTY-00885,,유형,TG16,D09,SD09-1,SD09-2,확인필요,조건부 의무 — 보유·해당 여부 확인 필요,연1회,365,,,자산 대장 없음 — 보유 확인 필요
ASG-001708,DTY-00886,,유형,TG16,D09,SD09-1,SD09-2,확인필요,조건부 의무 — 보유·해당 여부 확인 필요,상시,365,,,자산 대장 없음 — 보유 확인 필요
ASG-001709,DTY-00887,,유형,TG16,D09,SD09-1,SD09-2,확인필요,조건부 의무 — 보유·해당 여부 확인 필요,연1회,365,,,자산 대장 없음 — 보유 확인 필요
ASG-001710,DTY-00888,,유형,TG16,D09,SD09-1,SD09-2,확인필요,조건부 의무 — 보유·해당 여부 확인 필요,연1회,365,,,자산 대장 없음 — 보유 확인 필요
ASG-001711,DTY-00889,,유형,TG16,D09,SD09-1,SD09-2,확인필요,조건부 의무 — 보유·해당 여부 확인 필요,연1회,365,,,자산 대장 없음 — 보유 확인 필요
ASG-001712,DTY-00890,,유형,TG16,D09,SD09-1,SD09-2,확인필요,조건부 의무 — 보유·해당 여부 확인 필요,연1회,365,,,자산 대장 없음 — 보유 확인 필요
ASG-001713,DTY-00891,,유형,TG16,D09,SD09-1,SD09-2,확인필요,조건부 의무 — 보유·해당 여부 확인 필요,연1회,365,,,자산 대장 없음 — 보유 확인 필요
ASG-001714,DTY-00892,,유형,TG16,D09,SD09-1,SD09-2,확인필요,조건부 의무 — 보유·해당 여부 확인 필요,연1회,365,,,자산 대장 없음 — 보유 확인 필요
ASG-001715,DTY-00893,,유형,TG16,D09,SD09-1,SD09-2,확인필요,조건부 의무 — 보유·해당 여부 확인 필요,연1회,365,,,자산 대장 없음 — 보유 확인 필요
ASG-001716,DTY-00894,,유형,TG16,D09,SD09-1,SD09-2,확인필요,조건부 의무 — 보유·해당 여부 확인 필요,연1회,365,,,자산 대장 없음 — 보유 확인 필요
ASG-001717,DTY-00895,,유형,TG16,D09,SD09-1,SD09-2,확인필요,조건부 의무 — 보유·해당 여부 확인 필요,연1회,365,,,자산 대장 없음 — 보유 확인 필요
ASG-001718,DTY-00896,,유형,TG16,D09,SD09-1,SD09-2,확인필요,조건부 의무 — 보유·해당 여부 확인 필요,상시,365,,,자산 대장 없음 — 보유 확인 필요
ASG-001719,DTY-00897,,유형,TG16,D09,SD09-1,SD09-2,확인필요,조건부 의무 — 보유·해당 여부 확인 필요,연1회,365,,,자산 대장 없음 — 보유 확인 필요
ASG-001720,DTY-00898,,유형,TG16,D09,SD09-1,SD09-2,확인필요,조건부 의무 — 보유·해당 여부 확인 필요,연1회,365,,,자산 대장 없음 — 보유 확인 필요
ASG-001721,DTY-00899,,유형,TG16,D09,SD09-1,SD09-2,확인필요,조건부 의무 — 보유·해당 여부 확인 필요,연1회,365,,,자산 대장 없음 — 보유 확인 필요
ASG-001722,DTY-00900,,유형,TG16,D09,SD09-1,SD09-2,확인필요,조건부 의무 — 보유·해당 여부 확인 필요,연1회,365,,,자산 대장 없음 — 보유 확인 필요
ASG-001723,DTY-00901,,유형,TG16,D09,SD09-1,SD09-2,확인필요,조건부 의무 — 보유·해당 여부 확인 필요,연1회,365,,,자산 대장 없음 — 보유 확인 필요
ASG-001724,DTY-00902,,유형,TG08,D06,SD06-1,SD06-2,확인필요,조건부 의무 — 보유·해당 여부 확인 필요,연1회,365,,,자산 대장 없음 — 보유 확인 필요
ASG-001725,DTY-00903,,유형,TG22,D11,SD11-1,SD11-2,확인필요,조건부 의무 — 보유·해당 여부 확인 필요,연1회,365,,,자산 대장 없음 — 보유 확인 필요
ASG-001726,DTY-00904,,유형,TG07,D07,SD07-1,SD07-2,확인필요,조건부 의무 — 보유·해당 여부 확인 필요,상시,365,,,자산 대장 없음 — 보유 확인 필요
ASG-001727,DTY-00905,,유형,TG11,D11,SD11-1,SD11-2,확인필요,조건부 의무 — 보유·해당 여부 확인 필요,수시,180,,,자산 대장 없음 — 보유 확인 필요
ASG-001728,DTY-00906,,유형,TG99,D99,,,확인필요,조건부 의무 — 보유·해당 여부 확인 필요,반기 1회,180,,,정본 미반영 — 새 정독(검수 전) · 관리대상 확인 필요
ASG-001729,DTY-00907,,유형,TG99,D99,,,확인필요,조건부 의무 — 보유·해당 여부 확인 필요,반기 1회,180,,,자산 대장 없음 — 보유 확인 필요
ASG-001730,DTY-00908,,유형,TG09,D08,SD08-1,SD08-2,확인필요,조건부 의무 — 보유·해당 여부 확인 필요,반기 1회,180,,,자산 대장 없음 — 보유 확인 필요
ASG-001731,DTY-00909,,유형,TG19,D11,SD11-1,SD11-2,확인필요,조건부 의무 — 보유·해당 여부 확인 필요,수시,180,,,자산 대장 없음 — 보유 확인 필요 · 분류 추론 — 검수 전
ASG-001732,DTY-00910,,유형,TG19,D11,SD11-1,SD11-2,확인필요,조건부 의무 — 보유·해당 여부 확인 필요,수시,180,,,자산 대장 없음 — 보유 확인 필요 · 분류 추론 — 검수 전
ASG-001733,DTY-00911,,유형,TG13,D09,SD09-1,SD09-2,해당,,수시,180,,,분류 추론 — 검수 전
ASG-001734,DTY-00911,AR1967-0000142,자산,TG13,D09,SD09-1,SD09-2,해당,,수시,180,,,분류 추론 — 검수 전
ASG-001735,DTY-00911,AR1969-0000298,자산,TG13,D09,SD09-1,SD09-2,해당,,수시,180,,,분류 추론 — 검수 전
ASG-001736,DTY-00911,AR1969-0000299,자산,TG13,D09,SD09-1,SD09-2,해당,,수시,180,,,분류 추론 — 검수 전
ASG-001737,DTY-00912,,유형,TG13,D09,SD09-1,SD09-2,해당,,반기 1회,180,,,
ASG-001738,DTY-00912,AR1967-0000142,자산,TG13,D09,SD09-1,SD09-2,해당,,반기 1회,180,,,
ASG-001739,DTY-00912,AR1969-0000298,자산,TG13,D09,SD09-1,SD09-2,해당,,반기 1회,180,,,
ASG-001740,DTY-00912,AR1969-0000299,자산,TG13,D09,SD09-1,SD09-2,해당,,반기 1회,180,,,
ASG-001741,DTY-00913,,유형,TG13,D09,SD09-1,SD09-2,해당,,상시,365,,,
ASG-001742,DTY-00913,AR1967-0000142,자산,TG13,D09,SD09-1,SD09-2,해당,,상시,365,,,
ASG-001743,DTY-00913,AR1969-0000298,자산,TG13,D09,SD09-1,SD09-2,해당,,상시,365,,,
ASG-001744,DTY-00913,AR1969-0000299,자산,TG13,D09,SD09-1,SD09-2,해당,,상시,365,,,
ASG-001745,DTY-00914,,유형,TG99,D99,,,확인필요,조건부 의무 — 보유·해당 여부 확인 필요,수시,180,,,정본 미반영 — 새 정독(검수 전) · 관리대상 확인 필요
ASG-001746,DTY-00915,,기관,TG24,D13,SD13-1,SD13-2,해당,,수시,180,,,분류 추론 — 검수 전
ASG-001747,DTY-00916,,기관,TG24,D13,SD13-1,SD13-2,해당,,수시,180,,,분류 추론 — 검수 전
ASG-001748,DTY-00917,,기관,TG24,D13,SD13-1,SD13-2,해당,,연1회,365,,,분류 추론 — 검수 전
ASG-001749,DTY-00918,,유형,TG09,D08,SD08-1,SD08-2,확인필요,조건부 의무 — 보유·해당 여부 확인 필요,반기 1회,180,,,자산 대장 없음 — 보유 확인 필요
ASG-001750,DTY-00919,,유형,TG99,D99,,,확인필요,조건부 의무 — 보유·해당 여부 확인 필요,수시,180,,,정본 미반영 — 새 정독(검수 전) · 관리대상 확인 필요
ASG-001751,DTY-00920,,유형,TG99,D99,,,확인필요,조건부 의무 — 보유·해당 여부 확인 필요,상시,365,,,정본 미반영 — 새 정독(검수 전) · 관리대상 확인 필요
ASG-001752,DTY-00921,,유형,TG99,D99,,,확인필요,조건부 의무 — 보유·해당 여부 확인 필요,수시,180,,,정본 미반영 — 새 정독(검수 전) · 관리대상 확인 필요
ASG-001753,DTY-00922,,유형,TG99,D99,,,확인필요,조건부 의무 — 보유·해당 여부 확인 필요,상시,365,,,정본 미반영 — 새 정독(검수 전) · 관리대상 확인 필요
ASG-001754,DTY-00923,,유형,TG99,D99,,,확인필요,조건부 의무 — 보유·해당 여부 확인 필요,수시,180,,,정본 미반영 — 새 정독(검수 전) · 관리대상 확인 필요
ASG-001755,DTY-00924,,유형,TG99,D99,,,확인필요,조건부 의무 — 보유·해당 여부 확인 필요,수시,180,,,정본 미반영 — 새 정독(검수 전) · 관리대상 확인 필요
ASG-001756,DTY-00925,,유형,TG99,D99,,,확인필요,조건부 의무 — 보유·해당 여부 확인 필요,연1회,365,,,정본 미반영 — 새 정독(검수 전) · 관리대상 확인 필요
ASG-001757,DTY-00926,,유형,TG99,D99,,,확인필요,조건부 의무 — 보유·해당 여부 확인 필요,상시,365,,,정본 미반영 — 새 정독(검수 전) · 관리대상 확인 필요
ASG-001758,DTY-00927,,유형,TG99,D99,,,확인필요,조건부 의무 — 보유·해당 여부 확인 필요,반기 1회,180,,,정본 미반영 — 새 정독(검수 전) · 관리대상 확인 필요
ASG-001759,DTY-00928,,유형,TG99,D99,,,확인필요,조건부 의무 — 보유·해당 여부 확인 필요,상시,365,,,정본 미반영 — 새 정독(검수 전) · 관리대상 확인 필요
ASG-001760,DTY-00929,,유형,TG99,D99,,,확인필요,조건부 의무 — 보유·해당 여부 확인 필요,상시,365,,,정본 미반영 — 새 정독(검수 전) · 관리대상 확인 필요
ASG-001761,DTY-00930,,유형,TG99,D99,,,확인필요,조건부 의무 — 보유·해당 여부 확인 필요,수시,180,,,정본 미반영 — 새 정독(검수 전) · 관리대상 확인 필요
ASG-001762,DTY-00931,,유형,TG99,D99,,,확인필요,조건부 의무 — 보유·해당 여부 확인 필요,상시,365,,,정본 미반영 — 새 정독(검수 전) · 관리대상 확인 필요
ASG-001763,DTY-00932,,유형,TG99,D99,,,확인필요,조건부 의무 — 보유·해당 여부 확인 필요,상시,365,,,정본 미반영 — 새 정독(검수 전) · 관리대상 확인 필요
ASG-001764,DTY-00933,,유형,TG99,D99,,,확인필요,조건부 의무 — 보유·해당 여부 확인 필요,반기 1회,180,,,정본 미반영 — 새 정독(검수 전) · 관리대상 확인 필요
ASG-001765,DTY-00934,,유형,TG99,D99,,,확인필요,조건부 의무 — 보유·해당 여부 확인 필요,상시,365,,,정본 미반영 — 새 정독(검수 전) · 관리대상 확인 필요
ASG-001766,DTY-00935,,유형,TG99,D99,,,확인필요,조건부 의무 — 보유·해당 여부 확인 필요,상시,365,,,정본 미반영 — 새 정독(검수 전) · 관리대상 확인 필요
ASG-001767,DTY-00936,,유형,TG99,D99,,,확인필요,조건부 의무 — 보유·해당 여부 확인 필요,상시,365,,,정본 미반영 — 새 정독(검수 전) · 관리대상 확인 필요
ASG-001768,DTY-00937,,유형,TG99,D99,,,확인필요,조건부 의무 — 보유·해당 여부 확인 필요,수시,180,,,정본 미반영 — 새 정독(검수 전) · 관리대상 확인 필요
ASG-001769,DTY-00938,,유형,TG99,D99,,,확인필요,조건부 의무 — 보유·해당 여부 확인 필요,수시,180,,,정본 미반영 — 새 정독(검수 전) · 관리대상 확인 필요
ASG-001770,DTY-00939,,유형,TG99,D99,,,확인필요,조건부 의무 — 보유·해당 여부 확인 필요,수시,180,,,정본 미반영 — 새 정독(검수 전) · 관리대상 확인 필요
ASG-001771,DTY-00940,,유형,TG99,D99,,,확인필요,조건부 의무 — 보유·해당 여부 확인 필요,수시,180,,,정본 미반영 — 새 정독(검수 전) · 관리대상 확인 필요
ASG-001772,DTY-00941,,유형,TG99,D99,,,확인필요,조건부 의무 — 보유·해당 여부 확인 필요,수시,180,,,정본 미반영 — 새 정독(검수 전) · 관리대상 확인 필요
ASG-001773,DTY-00942,,유형,TG99,D99,,,확인필요,조건부 의무 — 보유·해당 여부 확인 필요,연1회,365,,,정본 미반영 — 새 정독(검수 전) · 관리대상 확인 필요
ASG-001774,DTY-00943,,유형,TG05,D03,SD03-1,SD03-2,해당,,상시,365,,,
ASG-001775,DTY-00943,RW1994-0000054,자산,TG05,D03,SD03-1,SD03-2,해당,,상시,365,,,
ASG-001776,DTY-00943,RW1998-0000037,자산,TG05,D03,SD03-1,SD03-2,해당,,상시,365,,,
ASG-001777,DTY-00943,RW2000-0000064,자산,TG05,D03,SD03-1,SD03-2,해당,,상시,365,,,
ASG-001778,DTY-00944,,유형,TG05,D03,SD03-1,SD03-2,해당,,반기 1회,180,,,
ASG-001779,DTY-00944,RW1994-0000054,자산,TG05,D03,SD03-1,SD03-2,해당,,반기 1회,180,,,
ASG-001780,DTY-00944,RW1998-0000037,자산,TG05,D03,SD03-1,SD03-2,해당,,반기 1회,180,,,
ASG-001781,DTY-00944,RW2000-0000064,자산,TG05,D03,SD03-1,SD03-2,해당,,반기 1회,180,,,
ASG-001782,DTY-00945,,유형,TG05,D03,SD03-1,SD03-2,해당,,반기 1회,180,,,
ASG-001783,DTY-00945,RW1994-0000054,자산,TG05,D03,SD03-1,SD03-2,해당,,반기 1회,180,,,
ASG-001784,DTY-00945,RW1998-0000037,자산,TG05,D03,SD03-1,SD03-2,해당,,반기 1회,180,,,
ASG-001785,DTY-00945,RW2000-0000064,자산,TG05,D03,SD03-1,SD03-2,해당,,반기 1회,180,,,
ASG-001786,DTY-00946,,유형,TG05,D03,SD03-1,SD03-2,해당,,상시,365,,,
ASG-001787,DTY-00946,RW1994-0000054,자산,TG05,D03,SD03-1,SD03-2,해당,,상시,365,,,
ASG-001788,DTY-00946,RW1998-0000037,자산,TG05,D03,SD03-1,SD03-2,해당,,상시,365,,,
ASG-001789,DTY-00946,RW2000-0000064,자산,TG05,D03,SD03-1,SD03-2,해당,,상시,365,,,
ASG-001790,DTY-00947,,유형,TG05,D03,SD03-1,SD03-2,해당,,반기 1회,180,,,
ASG-001791,DTY-00947,RW1994-0000054,자산,TG05,D03,SD03-1,SD03-2,해당,,반기 1회,180,,,
ASG-001792,DTY-00947,RW1998-0000037,자산,TG05,D03,SD03-1,SD03-2,해당,,반기 1회,180,,,
ASG-001793,DTY-00947,RW2000-0000064,자산,TG05,D03,SD03-1,SD03-2,해당,,반기 1회,180,,,
ASG-001794,DTY-00948,,유형,TG05,D03,SD03-1,SD03-2,해당,,반기 1회,180,,,
ASG-001795,DTY-00948,RW1994-0000054,자산,TG05,D03,SD03-1,SD03-2,해당,,반기 1회,180,,,
ASG-001796,DTY-00948,RW1998-0000037,자산,TG05,D03,SD03-1,SD03-2,해당,,반기 1회,180,,,
ASG-001797,DTY-00948,RW2000-0000064,자산,TG05,D03,SD03-1,SD03-2,해당,,반기 1회,180,,,
ASG-001798,DTY-00949,,유형,TG05,D03,SD03-1,SD03-2,해당,,수시,180,,,
ASG-001799,DTY-00949,RW1994-0000054,자산,TG05,D03,SD03-1,SD03-2,해당,,수시,180,,,
ASG-001800,DTY-00949,RW1998-0000037,자산,TG05,D03,SD03-1,SD03-2,해당,,수시,180,,,
ASG-001801,DTY-00949,RW2000-0000064,자산,TG05,D03,SD03-1,SD03-2,해당,,수시,180,,,
ASG-001802,DTY-00950,,유형,TG05,D03,SD03-1,SD03-2,해당,,상시,365,,,
ASG-001803,DTY-00950,RW1994-0000054,자산,TG05,D03,SD03-1,SD03-2,해당,,상시,365,,,
ASG-001804,DTY-00950,RW1998-0000037,자산,TG05,D03,SD03-1,SD03-2,해당,,상시,365,,,
ASG-001805,DTY-00950,RW2000-0000064,자산,TG05,D03,SD03-1,SD03-2,해당,,상시,365,,,
ASG-001806,DTY-00951,,유형,TG05,D03,SD03-1,SD03-2,해당,,반기 1회,180,,,
ASG-001807,DTY-00951,RW1994-0000054,자산,TG05,D03,SD03-1,SD03-2,해당,,반기 1회,180,,,
ASG-001808,DTY-00951,RW1998-0000037,자산,TG05,D03,SD03-1,SD03-2,해당,,반기 1회,180,,,
ASG-001809,DTY-00951,RW2000-0000064,자산,TG05,D03,SD03-1,SD03-2,해당,,반기 1회,180,,,
ASG-001810,DTY-00952,,유형,TG05,D03,SD03-1,SD03-2,해당,,반기 1회,180,,,
ASG-001811,DTY-00952,RW1994-0000054,자산,TG05,D03,SD03-1,SD03-2,해당,,반기 1회,180,,,
ASG-001812,DTY-00952,RW1998-0000037,자산,TG05,D03,SD03-1,SD03-2,해당,,반기 1회,180,,,
ASG-001813,DTY-00952,RW2000-0000064,자산,TG05,D03,SD03-1,SD03-2,해당,,반기 1회,180,,,
ASG-001814,DTY-00953,,유형,TG05,D03,SD03-1,SD03-2,해당,,반기 1회,180,,,
ASG-001815,DTY-00953,RW1994-0000054,자산,TG05,D03,SD03-1,SD03-2,해당,,반기 1회,180,,,
ASG-001816,DTY-00953,RW1998-0000037,자산,TG05,D03,SD03-1,SD03-2,해당,,반기 1회,180,,,
ASG-001817,DTY-00953,RW2000-0000064,자산,TG05,D03,SD03-1,SD03-2,해당,,반기 1회,180,,,
ASG-001818,DTY-00954,,유형,TG03,D03,SD03-1,SD03-2,해당,,수시,180,,,분류 추론 — 검수 전
ASG-001819,DTY-00954,BR0000-0000002,자산,TG03,D03,SD03-1,SD03-2,해당,,수시,180,,,분류 추론 — 검수 전
ASG-001820,DTY-00954,BR1018-0000001,자산,TG03,D03,SD03-1,SD03-2,해당,,수시,180,,,분류 추론 — 검수 전
ASG-001821,DTY-00954,BR1900-0000009,자산,TG03,D03,SD03-1,SD03-2,해당,,수시,180,,,분류 추론 — 검수 전
ASG-001822,DTY-00955,,유형,TG03,D03,SD03-1,SD03-2,해당,,수시,180,,,분류 추론 — 검수 전
ASG-001823,DTY-00955,BR0000-0000002,자산,TG03,D03,SD03-1,SD03-2,해당,,수시,180,,,분류 추론 — 검수 전
ASG-001824,DTY-00955,BR1018-0000001,자산,TG03,D03,SD03-1,SD03-2,해당,,수시,180,,,분류 추론 — 검수 전
ASG-001825,DTY-00955,BR1900-0000009,자산,TG03,D03,SD03-1,SD03-2,해당,,수시,180,,,분류 추론 — 검수 전
ASG-001826,DTY-00956,,유형,TG01,D04,SD04-1,SD04-2,해당,,수시,180,,,분류 추론 — 검수 전
ASG-001827,DTY-00956,ST2005-0000048,자산,TG01,D04,SD04-1,SD04-2,해당,,수시,180,,,분류 추론 — 검수 전
ASG-001828,DTY-00956,ST2005-0000049,자산,TG01,D04,SD04-1,SD04-2,해당,,수시,180,,,분류 추론 — 검수 전
ASG-001829,DTY-00956,ST2009-0000031,자산,TG01,D04,SD04-1,SD04-2,해당,,수시,180,,,분류 추론 — 검수 전
ASG-001830,DTY-00957,,유형,TG03,D03,SD03-1,SD03-2,해당,,수시,180,,,
ASG-001831,DTY-00957,BR0000-0000002,자산,TG03,D03,SD03-1,SD03-2,해당,,수시,180,,,
ASG-001832,DTY-00957,BR1018-0000001,자산,TG03,D03,SD03-1,SD03-2,해당,,수시,180,,,
ASG-001833,DTY-00957,BR1900-0000009,자산,TG03,D03,SD03-1,SD03-2,해당,,수시,180,,,
ASG-001834,DTY-00958,,유형,TG03,D03,SD03-1,SD03-2,해당,,수시,180,,,
ASG-001835,DTY-00958,BR0000-0000002,자산,TG03,D03,SD03-1,SD03-2,해당,,수시,180,,,
ASG-001836,DTY-00958,BR1018-0000001,자산,TG03,D03,SD03-1,SD03-2,해당,,수시,180,,,
ASG-001837,DTY-00958,BR1900-0000009,자산,TG03,D03,SD03-1,SD03-2,해당,,수시,180,,,
ASG-001838,DTY-00959,,유형,TG03,D03,SD03-1,SD03-2,해당,,수시,180,,,
ASG-001839,DTY-00959,BR0000-0000002,자산,TG03,D03,SD03-1,SD03-2,해당,,수시,180,,,
ASG-001840,DTY-00959,BR1018-0000001,자산,TG03,D03,SD03-1,SD03-2,해당,,수시,180,,,
ASG-001841,DTY-00959,BR1900-0000009,자산,TG03,D03,SD03-1,SD03-2,해당,,수시,180,,,
ASG-001842,DTY-00960,,유형,TG03,D03,SD03-1,SD03-2,해당,,수시,180,,,
ASG-001843,DTY-00960,BR0000-0000002,자산,TG03,D03,SD03-1,SD03-2,해당,,수시,180,,,
ASG-001844,DTY-00960,BR1018-0000001,자산,TG03,D03,SD03-1,SD03-2,해당,,수시,180,,,
ASG-001845,DTY-00960,BR1900-0000009,자산,TG03,D03,SD03-1,SD03-2,해당,,수시,180,,,
ASG-001846,DTY-00961,,유형,TG03,D03,SD03-1,SD03-2,해당,,상시,365,,,
ASG-001847,DTY-00961,BR0000-0000002,자산,TG03,D03,SD03-1,SD03-2,해당,,상시,365,,,
ASG-001848,DTY-00961,BR1018-0000001,자산,TG03,D03,SD03-1,SD03-2,해당,,상시,365,,,
ASG-001849,DTY-00961,BR1900-0000009,자산,TG03,D03,SD03-1,SD03-2,해당,,상시,365,,,
ASG-001850,DTY-00962,,유형,TG03,D03,SD03-1,SD03-2,해당,,상시,365,,,
ASG-001851,DTY-00962,BR0000-0000002,자산,TG03,D03,SD03-1,SD03-2,해당,,상시,365,,,
ASG-001852,DTY-00962,BR1018-0000001,자산,TG03,D03,SD03-1,SD03-2,해당,,상시,365,,,
ASG-001853,DTY-00962,BR1900-0000009,자산,TG03,D03,SD03-1,SD03-2,해당,,상시,365,,,
ASG-001854,DTY-00963,,유형,TG03,D03,SD03-1,SD03-2,해당,,상시,365,,,
ASG-001855,DTY-00963,BR0000-0000002,자산,TG03,D03,SD03-1,SD03-2,해당,,상시,365,,,
ASG-001856,DTY-00963,BR1018-0000001,자산,TG03,D03,SD03-1,SD03-2,해당,,상시,365,,,
ASG-001857,DTY-00963,BR1900-0000009,자산,TG03,D03,SD03-1,SD03-2,해당,,상시,365,,,
ASG-001858,DTY-00964,,유형,TG03,D03,SD03-1,SD03-2,해당,,반기 1회,180,,,
ASG-001859,DTY-00964,BR0000-0000002,자산,TG03,D03,SD03-1,SD03-2,해당,,반기 1회,180,,,
ASG-001860,DTY-00964,BR1018-0000001,자산,TG03,D03,SD03-1,SD03-2,해당,,반기 1회,180,,,
ASG-001861,DTY-00964,BR1900-0000009,자산,TG03,D03,SD03-1,SD03-2,해당,,반기 1회,180,,,
ASG-001862,DTY-00965,,유형,TG03,D03,SD03-1,SD03-2,해당,,반기 1회,180,,,
ASG-001863,DTY-00965,BR0000-0000002,자산,TG03,D03,SD03-1,SD03-2,해당,,반기 1회,180,,,
ASG-001864,DTY-00965,BR1018-0000001,자산,TG03,D03,SD03-1,SD03-2,해당,,반기 1회,180,,,
ASG-001865,DTY-00965,BR1900-0000009,자산,TG03,D03,SD03-1,SD03-2,해당,,반기 1회,180,,,
ASG-001866,DTY-00966,,유형,TG03,D03,SD03-1,SD03-2,해당,,반기 1회,180,,,
ASG-001867,DTY-00966,BR0000-0000002,자산,TG03,D03,SD03-1,SD03-2,해당,,반기 1회,180,,,
ASG-001868,DTY-00966,BR1018-0000001,자산,TG03,D03,SD03-1,SD03-2,해당,,반기 1회,180,,,
ASG-001869,DTY-00966,BR1900-0000009,자산,TG03,D03,SD03-1,SD03-2,해당,,반기 1회,180,,,
ASG-001870,DTY-00967,,유형,TG03,D03,SD03-1,SD03-2,해당,,수시,180,,,분류 추론 — 검수 전
ASG-001871,DTY-00967,BR0000-0000002,자산,TG03,D03,SD03-1,SD03-2,해당,,수시,180,,,분류 추론 — 검수 전
ASG-001872,DTY-00967,BR1018-0000001,자산,TG03,D03,SD03-1,SD03-2,해당,,수시,180,,,분류 추론 — 검수 전
ASG-001873,DTY-00967,BR1900-0000009,자산,TG03,D03,SD03-1,SD03-2,해당,,수시,180,,,분류 추론 — 검수 전
ASG-001874,DTY-00968,,유형,TG03,D03,SD03-1,SD03-2,해당,,수시,180,,,분류 추론 — 검수 전
ASG-001875,DTY-00968,BR0000-0000002,자산,TG03,D03,SD03-1,SD03-2,해당,,수시,180,,,분류 추론 — 검수 전
ASG-001876,DTY-00968,BR1018-0000001,자산,TG03,D03,SD03-1,SD03-2,해당,,수시,180,,,분류 추론 — 검수 전
ASG-001877,DTY-00968,BR1900-0000009,자산,TG03,D03,SD03-1,SD03-2,해당,,수시,180,,,분류 추론 — 검수 전
ASG-001878,DTY-00969,,유형,TG03,D03,SD03-1,SD03-2,해당,,상시,365,,,
ASG-001879,DTY-00969,BR0000-0000002,자산,TG03,D03,SD03-1,SD03-2,해당,,상시,365,,,
ASG-001880,DTY-00969,BR1018-0000001,자산,TG03,D03,SD03-1,SD03-2,해당,,상시,365,,,
ASG-001881,DTY-00969,BR1900-0000009,자산,TG03,D03,SD03-1,SD03-2,해당,,상시,365,,,
ASG-001882,DTY-00970,,유형,TG03,D03,SD03-1,SD03-2,해당,,상시,365,,,
ASG-001883,DTY-00970,BR0000-0000002,자산,TG03,D03,SD03-1,SD03-2,해당,,상시,365,,,
ASG-001884,DTY-00970,BR1018-0000001,자산,TG03,D03,SD03-1,SD03-2,해당,,상시,365,,,
ASG-001885,DTY-00970,BR1900-0000009,자산,TG03,D03,SD03-1,SD03-2,해당,,상시,365,,,
ASG-001886,DTY-00971,,유형,TG03,D03,SD03-1,SD03-2,해당,,수시,180,,,
ASG-001887,DTY-00971,BR0000-0000002,자산,TG03,D03,SD03-1,SD03-2,해당,,수시,180,,,
ASG-001888,DTY-00971,BR1018-0000001,자산,TG03,D03,SD03-1,SD03-2,해당,,수시,180,,,
ASG-001889,DTY-00971,BR1900-0000009,자산,TG03,D03,SD03-1,SD03-2,해당,,수시,180,,,
ASG-001890,DTY-00972,,유형,TG03,D03,SD03-1,SD03-2,해당,,수시,180,,,
ASG-001891,DTY-00972,BR0000-0000002,자산,TG03,D03,SD03-1,SD03-2,해당,,수시,180,,,
ASG-001892,DTY-00972,BR1018-0000001,자산,TG03,D03,SD03-1,SD03-2,해당,,수시,180,,,
ASG-001893,DTY-00972,BR1900-0000009,자산,TG03,D03,SD03-1,SD03-2,해당,,수시,180,,,
ASG-001894,DTY-00973,,유형,TG03,D03,SD03-1,SD03-2,해당,,상시,365,,,
ASG-001895,DTY-00973,BR0000-0000002,자산,TG03,D03,SD03-1,SD03-2,해당,,상시,365,,,
ASG-001896,DTY-00973,BR1018-0000001,자산,TG03,D03,SD03-1,SD03-2,해당,,상시,365,,,
ASG-001897,DTY-00973,BR1900-0000009,자산,TG03,D03,SD03-1,SD03-2,해당,,상시,365,,,
ASG-001898,DTY-00974,,유형,TG03,D03,SD03-1,SD03-2,해당,,상시,365,,,
ASG-001899,DTY-00974,BR0000-0000002,자산,TG03,D03,SD03-1,SD03-2,해당,,상시,365,,,
ASG-001900,DTY-00974,BR1018-0000001,자산,TG03,D03,SD03-1,SD03-2,해당,,상시,365,,,
ASG-001901,DTY-00974,BR1900-0000009,자산,TG03,D03,SD03-1,SD03-2,해당,,상시,365,,,
ASG-001902,DTY-00975,,유형,TG03,D03,SD03-1,SD03-2,해당,,상시,365,,,
ASG-001903,DTY-00975,BR0000-0000002,자산,TG03,D03,SD03-1,SD03-2,해당,,상시,365,,,
ASG-001904,DTY-00975,BR1018-0000001,자산,TG03,D03,SD03-1,SD03-2,해당,,상시,365,,,
ASG-001905,DTY-00975,BR1900-0000009,자산,TG03,D03,SD03-1,SD03-2,해당,,상시,365,,,
ASG-001906,DTY-00976,,유형,TG03,D03,SD03-1,SD03-2,해당,,수시,180,,,분류 추론 — 검수 전
ASG-001907,DTY-00976,BR0000-0000002,자산,TG03,D03,SD03-1,SD03-2,해당,,수시,180,,,분류 추론 — 검수 전
ASG-001908,DTY-00976,BR1018-0000001,자산,TG03,D03,SD03-1,SD03-2,해당,,수시,180,,,분류 추론 — 검수 전
ASG-001909,DTY-00976,BR1900-0000009,자산,TG03,D03,SD03-1,SD03-2,해당,,수시,180,,,분류 추론 — 검수 전
ASG-001910,DTY-00977,,유형,TG03,D03,SD03-1,SD03-2,해당,,상시,365,,,
ASG-001911,DTY-00977,BR0000-0000002,자산,TG03,D03,SD03-1,SD03-2,해당,,상시,365,,,
ASG-001912,DTY-00977,BR1018-0000001,자산,TG03,D03,SD03-1,SD03-2,해당,,상시,365,,,
ASG-001913,DTY-00977,BR1900-0000009,자산,TG03,D03,SD03-1,SD03-2,해당,,상시,365,,,
ASG-001914,DTY-00978,,유형,TG03,D03,SD03-1,SD03-2,해당,,수시,180,,,분류 추론 — 검수 전
ASG-001915,DTY-00978,BR0000-0000002,자산,TG03,D03,SD03-1,SD03-2,해당,,수시,180,,,분류 추론 — 검수 전
ASG-001916,DTY-00978,BR1018-0000001,자산,TG03,D03,SD03-1,SD03-2,해당,,수시,180,,,분류 추론 — 검수 전
ASG-001917,DTY-00978,BR1900-0000009,자산,TG03,D03,SD03-1,SD03-2,해당,,수시,180,,,분류 추론 — 검수 전
ASG-001918,DTY-00979,,유형,TG03,D03,SD03-1,SD03-2,해당,,반기 1회,180,,,
ASG-001919,DTY-00979,BR0000-0000002,자산,TG03,D03,SD03-1,SD03-2,해당,,반기 1회,180,,,
ASG-001920,DTY-00979,BR1018-0000001,자산,TG03,D03,SD03-1,SD03-2,해당,,반기 1회,180,,,
ASG-001921,DTY-00979,BR1900-0000009,자산,TG03,D03,SD03-1,SD03-2,해당,,반기 1회,180,,,
ASG-001922,DTY-00980,,유형,TG03,D03,SD03-1,SD03-2,해당,,반기 1회,180,,,
ASG-001923,DTY-00980,BR0000-0000002,자산,TG03,D03,SD03-1,SD03-2,해당,,반기 1회,180,,,
ASG-001924,DTY-00980,BR1018-0000001,자산,TG03,D03,SD03-1,SD03-2,해당,,반기 1회,180,,,
ASG-001925,DTY-00980,BR1900-0000009,자산,TG03,D03,SD03-1,SD03-2,해당,,반기 1회,180,,,
ASG-001926,DTY-00981,,유형,TG03,D03,SD03-1,SD03-2,해당,,반기 1회,180,,,
ASG-001927,DTY-00981,BR0000-0000002,자산,TG03,D03,SD03-1,SD03-2,해당,,반기 1회,180,,,
ASG-001928,DTY-00981,BR1018-0000001,자산,TG03,D03,SD03-1,SD03-2,해당,,반기 1회,180,,,
ASG-001929,DTY-00981,BR1900-0000009,자산,TG03,D03,SD03-1,SD03-2,해당,,반기 1회,180,,,
ASG-001930,DTY-00982,,유형,TG03,D03,SD03-1,SD03-2,해당,,반기 1회,180,,,
ASG-001931,DTY-00982,BR0000-0000002,자산,TG03,D03,SD03-1,SD03-2,해당,,반기 1회,180,,,
ASG-001932,DTY-00982,BR1018-0000001,자산,TG03,D03,SD03-1,SD03-2,해당,,반기 1회,180,,,
ASG-001933,DTY-00982,BR1900-0000009,자산,TG03,D03,SD03-1,SD03-2,해당,,반기 1회,180,,,
ASG-001934,DTY-00983,,유형,TG03,D03,SD03-1,SD03-2,해당,,반기 1회,180,,,
ASG-001935,DTY-00983,BR0000-0000002,자산,TG03,D03,SD03-1,SD03-2,해당,,반기 1회,180,,,
ASG-001936,DTY-00983,BR1018-0000001,자산,TG03,D03,SD03-1,SD03-2,해당,,반기 1회,180,,,
ASG-001937,DTY-00983,BR1900-0000009,자산,TG03,D03,SD03-1,SD03-2,해당,,반기 1회,180,,,
ASG-001938,DTY-00984,,유형,TG03,D03,SD03-1,SD03-2,해당,,반기 1회,180,,,
ASG-001939,DTY-00984,BR0000-0000002,자산,TG03,D03,SD03-1,SD03-2,해당,,반기 1회,180,,,
ASG-001940,DTY-00984,BR1018-0000001,자산,TG03,D03,SD03-1,SD03-2,해당,,반기 1회,180,,,
ASG-001941,DTY-00984,BR1900-0000009,자산,TG03,D03,SD03-1,SD03-2,해당,,반기 1회,180,,,
ASG-001942,DTY-00985,,유형,TG03,D03,SD03-1,SD03-2,해당,,반기 1회,180,,,
ASG-001943,DTY-00985,BR0000-0000002,자산,TG03,D03,SD03-1,SD03-2,해당,,반기 1회,180,,,
ASG-001944,DTY-00985,BR1018-0000001,자산,TG03,D03,SD03-1,SD03-2,해당,,반기 1회,180,,,
ASG-001945,DTY-00985,BR1900-0000009,자산,TG03,D03,SD03-1,SD03-2,해당,,반기 1회,180,,,
ASG-001946,DTY-00986,,유형,TG12,D06,SD06-1,SD06-2,확인필요,조건부 의무 — 보유·해당 여부 확인 필요,반기 1회,180,,,자산 대장 없음 — 보유 확인 필요
ASG-001947,DTY-00987,,유형,TG12,D06,SD06-1,SD06-2,확인필요,조건부 의무 — 보유·해당 여부 확인 필요,수시,180,,,자산 대장 없음 — 보유 확인 필요 · 분류 추론 — 검수 전
ASG-001948,DTY-00988,,유형,TG12,D06,SD06-1,SD06-2,확인필요,조건부 의무 — 보유·해당 여부 확인 필요,수시,180,,,자산 대장 없음 — 보유 확인 필요 · 분류 추론 — 검수 전
ASG-001949,DTY-00989,,유형,TG22,D11,SD11-1,SD11-2,확인필요,조건부 의무 — 보유·해당 여부 확인 필요,반기 1회,180,,,자산 대장 없음 — 보유 확인 필요
ASG-001950,DTY-00990,,유형,TG22,D11,SD11-1,SD11-2,확인필요,조건부 의무 — 보유·해당 여부 확인 필요,반기 1회,180,,,자산 대장 없음 — 보유 확인 필요
ASG-001951,DTY-00991,,유형,TG27,D03,SD03-1,SD03-2,확인필요,조건부 의무 — 보유·해당 여부 확인 필요,수시,180,,,자산 대장 없음 — 보유 확인 필요 · 분류 추론 — 검수 전
ASG-001952,DTY-00992,,유형,TG01,D04,SD04-1,SD04-2,해당,,상시,365,,,
ASG-001953,DTY-00992,ST2005-0000048,자산,TG01,D04,SD04-1,SD04-2,해당,,상시,365,,,
ASG-001954,DTY-00992,ST2005-0000049,자산,TG01,D04,SD04-1,SD04-2,해당,,상시,365,,,
ASG-001955,DTY-00992,ST2009-0000031,자산,TG01,D04,SD04-1,SD04-2,해당,,상시,365,,,
ASG-001956,DTY-00993,,유형,TG01,D04,SD04-1,SD04-2,해당,,반기 1회,180,,,
ASG-001957,DTY-00993,ST2005-0000048,자산,TG01,D04,SD04-1,SD04-2,해당,,반기 1회,180,,,
ASG-001958,DTY-00993,ST2005-0000049,자산,TG01,D04,SD04-1,SD04-2,해당,,반기 1회,180,,,
ASG-001959,DTY-00993,ST2009-0000031,자산,TG01,D04,SD04-1,SD04-2,해당,,반기 1회,180,,,
ASG-001960,DTY-00994,,유형,TG01,D04,SD04-1,SD04-2,해당,,연1회,365,,,분류 추론 — 검수 전
ASG-001961,DTY-00994,ST2005-0000048,자산,TG01,D04,SD04-1,SD04-2,해당,,연1회,365,,,분류 추론 — 검수 전
ASG-001962,DTY-00994,ST2005-0000049,자산,TG01,D04,SD04-1,SD04-2,해당,,연1회,365,,,분류 추론 — 검수 전
ASG-001963,DTY-00994,ST2009-0000031,자산,TG01,D04,SD04-1,SD04-2,해당,,연1회,365,,,분류 추론 — 검수 전
ASG-001964,DTY-00995,,유형,TG16,D09,SD09-1,SD09-2,확인필요,조건부 의무 — 보유·해당 여부 확인 필요,상시,365,,,자산 대장 없음 — 보유 확인 필요
ASG-001965,DTY-00996,,유형,TG16,D09,SD09-1,SD09-2,확인필요,조건부 의무 — 보유·해당 여부 확인 필요,수시,180,,,자산 대장 없음 — 보유 확인 필요
ASG-001966,DTY-00997,,유형,TG16,D09,SD09-1,SD09-2,확인필요,조건부 의무 — 보유·해당 여부 확인 필요,수시,180,,,자산 대장 없음 — 보유 확인 필요
ASG-001967,DTY-00998,,유형,TG16,D09,SD09-1,SD09-2,확인필요,조건부 의무 — 보유·해당 여부 확인 필요,수시,180,,,자산 대장 없음 — 보유 확인 필요
ASG-001968,DTY-00999,,유형,TG16,D09,SD09-1,SD09-2,확인필요,조건부 의무 — 보유·해당 여부 확인 필요,상시,365,,,자산 대장 없음 — 보유 확인 필요
ASG-001969,DTY-01000,,유형,TG16,D09,SD09-1,SD09-2,확인필요,조건부 의무 — 보유·해당 여부 확인 필요,상시,365,,,자산 대장 없음 — 보유 확인 필요
ASG-001970,DTY-01001,,유형,TG25,D02,SD02-1,SD02-2,해당,,상시,365,,,
ASG-001971,DTY-01001,AR1967-0000142,자산,TG25,D02,SD02-1,SD02-2,해당,,상시,365,,,
ASG-001972,DTY-01001,AR1969-0000298,자산,TG25,D02,SD02-1,SD02-2,해당,,상시,365,,,
ASG-001973,DTY-01001,AR1969-0000299,자산,TG25,D02,SD02-1,SD02-2,해당,,상시,365,,,
ASG-001974,DTY-01002,,유형,TG25,D02,SD02-1,SD02-2,해당,,상시,365,,,
ASG-001975,DTY-01002,AR1967-0000142,자산,TG25,D02,SD02-1,SD02-2,해당,,상시,365,,,
ASG-001976,DTY-01002,AR1969-0000298,자산,TG25,D02,SD02-1,SD02-2,해당,,상시,365,,,
ASG-001977,DTY-01002,AR1969-0000299,자산,TG25,D02,SD02-1,SD02-2,해당,,상시,365,,,
ASG-001978,DTY-01003,,유형,TG25,D02,SD02-1,SD02-2,해당,,상시,365,,,
ASG-001979,DTY-01003,AR1967-0000142,자산,TG25,D02,SD02-1,SD02-2,해당,,상시,365,,,
ASG-001980,DTY-01003,AR1969-0000298,자산,TG25,D02,SD02-1,SD02-2,해당,,상시,365,,,
ASG-001981,DTY-01003,AR1969-0000299,자산,TG25,D02,SD02-1,SD02-2,해당,,상시,365,,,
ASG-001982,DTY-01004,,유형,TG02,D05,SD05-1,SD05-2,해당,,수시,180,,,분류 추론 — 검수 전
ASG-001983,DTY-01005,,유형,TG25,D02,SD02-1,SD02-2,해당,,수시,180,,,분류 추론 — 검수 전
ASG-001984,DTY-01005,AR1967-0000142,자산,TG25,D02,SD02-1,SD02-2,해당,,수시,180,,,분류 추론 — 검수 전
ASG-001985,DTY-01005,AR1969-0000298,자산,TG25,D02,SD02-1,SD02-2,해당,,수시,180,,,분류 추론 — 검수 전
ASG-001986,DTY-01005,AR1969-0000299,자산,TG25,D02,SD02-1,SD02-2,해당,,수시,180,,,분류 추론 — 검수 전
ASG-001987,DTY-01006,,유형,TG08,D06,SD06-1,SD06-2,확인필요,조건부 의무 — 보유·해당 여부 확인 필요,상시,365,,,자산 대장 없음 — 보유 확인 필요
ASG-001988,DTY-01007,,유형,TG08,D06,SD06-1,SD06-2,확인필요,조건부 의무 — 보유·해당 여부 확인 필요,수시,180,,,자산 대장 없음 — 보유 확인 필요 · 분류 추론 — 검수 전
ASG-001989,DTY-01008,,유형,TG08,D06,SD06-1,SD06-2,확인필요,조건부 의무 — 보유·해당 여부 확인 필요,반기 1회,180,,,자산 대장 없음 — 보유 확인 필요
ASG-001990,DTY-01009,,유형,TG08,D06,SD06-1,SD06-2,확인필요,조건부 의무 — 보유·해당 여부 확인 필요,수시,180,,,자산 대장 없음 — 보유 확인 필요
ASG-001991,DTY-01010,,유형,TG08,D06,SD06-1,SD06-2,확인필요,조건부 의무 — 보유·해당 여부 확인 필요,상시,365,,,자산 대장 없음 — 보유 확인 필요
ASG-001992,DTY-01011,,유형,TG08,D06,SD06-1,SD06-2,확인필요,조건부 의무 — 보유·해당 여부 확인 필요,상시,365,,,자산 대장 없음 — 보유 확인 필요
ASG-001993,DTY-01012,,유형,TG08,D06,SD06-1,SD06-2,확인필요,조건부 의무 — 보유·해당 여부 확인 필요,상시,365,,,자산 대장 없음 — 보유 확인 필요
ASG-001994,DTY-01013,,유형,TG08,D06,SD06-1,SD06-2,확인필요,조건부 의무 — 보유·해당 여부 확인 필요,반기 1회,180,,,자산 대장 없음 — 보유 확인 필요
ASG-001995,DTY-01014,,유형,TG08,D06,SD06-1,SD06-2,확인필요,조건부 의무 — 보유·해당 여부 확인 필요,수시,180,,,자산 대장 없음 — 보유 확인 필요
ASG-001996,DTY-01015,,유형,TG07,D07,SD07-1,SD07-2,확인필요,조건부 의무 — 보유·해당 여부 확인 필요,반기 1회,180,,,자산 대장 없음 — 보유 확인 필요
ASG-001997,DTY-01016,,유형,TG07,D07,SD07-1,SD07-2,확인필요,조건부 의무 — 보유·해당 여부 확인 필요,반기 1회,180,,,자산 대장 없음 — 보유 확인 필요
ASG-001998,DTY-01017,,유형,TG07,D07,SD07-1,SD07-2,확인필요,조건부 의무 — 보유·해당 여부 확인 필요,수시,180,,,자산 대장 없음 — 보유 확인 필요 · 분류 추론 — 검수 전
ASG-001999,DTY-01018,,유형,TG07,D07,SD07-1,SD07-2,확인필요,조건부 의무 — 보유·해당 여부 확인 필요,상시,365,,,자산 대장 없음 — 보유 확인 필요
ASG-002000,DTY-01019,,유형,TG07,D07,SD07-1,SD07-2,확인필요,조건부 의무 — 보유·해당 여부 확인 필요,반기 1회,180,,,자산 대장 없음 — 보유 확인 필요
ASG-002001,DTY-01020,,유형,TG07,D07,SD07-1,SD07-2,확인필요,조건부 의무 — 보유·해당 여부 확인 필요,상시,365,,,자산 대장 없음 — 보유 확인 필요
ASG-002002,DTY-01021,,유형,TG07,D07,SD07-1,SD07-2,확인필요,조건부 의무 — 보유·해당 여부 확인 필요,연1회,365,,,자산 대장 없음 — 보유 확인 필요
ASG-002003,DTY-01022,,유형,TG07,D07,SD07-1,SD07-2,확인필요,조건부 의무 — 보유·해당 여부 확인 필요,수시,180,,,자산 대장 없음 — 보유 확인 필요
ASG-002004,DTY-01023,,유형,TG07,D07,SD07-1,SD07-2,확인필요,조건부 의무 — 보유·해당 여부 확인 필요,수시,180,,,자산 대장 없음 — 보유 확인 필요 · 분류 추론 — 검수 전
ASG-002005,DTY-01024,,유형,TG06,D13,SD13-1,SD13-2,해당,,반기 1회,180,,,
ASG-002006,DTY-01024,WG2008-0000097,자산,TG06,D13,SD13-1,SD13-2,해당,,반기 1회,180,,,
ASG-002007,DTY-01024,WG2008-0000098,자산,TG06,D13,SD13-1,SD13-2,해당,,반기 1회,180,,,
ASG-002008,DTY-01024,WG2008-0000099,자산,TG06,D13,SD13-1,SD13-2,해당,,반기 1회,180,,,
ASG-002009,DTY-01025,,유형,TG06,D13,SD13-1,SD13-2,해당,,수시,180,,,분류 추론 — 검수 전
ASG-002010,DTY-01025,WG2008-0000097,자산,TG06,D13,SD13-1,SD13-2,해당,,수시,180,,,분류 추론 — 검수 전
ASG-002011,DTY-01025,WG2008-0000098,자산,TG06,D13,SD13-1,SD13-2,해당,,수시,180,,,분류 추론 — 검수 전
ASG-002012,DTY-01025,WG2008-0000099,자산,TG06,D13,SD13-1,SD13-2,해당,,수시,180,,,분류 추론 — 검수 전
ASG-002013,DTY-01026,,유형,TG06,D13,SD13-1,SD13-2,해당,,수시,180,,,분류 추론 — 검수 전
ASG-002014,DTY-01026,WG2008-0000097,자산,TG06,D13,SD13-1,SD13-2,해당,,수시,180,,,분류 추론 — 검수 전
ASG-002015,DTY-01026,WG2008-0000098,자산,TG06,D13,SD13-1,SD13-2,해당,,수시,180,,,분류 추론 — 검수 전
ASG-002016,DTY-01026,WG2008-0000099,자산,TG06,D13,SD13-1,SD13-2,해당,,수시,180,,,분류 추론 — 검수 전
ASG-002017,DTY-01027,,유형,TG11,D11,SD11-1,SD11-2,확인필요,조건부 의무 — 보유·해당 여부 확인 필요,반기 1회,180,,,자산 대장 없음 — 보유 확인 필요
ASG-002018,DTY-01028,,유형,TG11,D11,SD11-1,SD11-2,확인필요,조건부 의무 — 보유·해당 여부 확인 필요,연1회,365,,,자산 대장 없음 — 보유 확인 필요
ASG-002019,DTY-01029,,유형,TG11,D11,SD11-1,SD11-2,확인필요,조건부 의무 — 보유·해당 여부 확인 필요,반기 1회,180,,,자산 대장 없음 — 보유 확인 필요
ASG-002020,DTY-01030,,유형,TG11,D11,SD11-1,SD11-2,확인필요,조건부 의무 — 보유·해당 여부 확인 필요,반기 1회,180,,,자산 대장 없음 — 보유 확인 필요
ASG-002021,DTY-01031,,유형,TG11,D11,SD11-1,SD11-2,확인필요,조건부 의무 — 보유·해당 여부 확인 필요,반기 1회,180,,,자산 대장 없음 — 보유 확인 필요
ASG-002022,DTY-01032,,기관,TG24,D13,SD13-1,SD13-2,해당,,수시,180,,,분류 추론 — 검수 전
ASG-002023,DTY-01033,,기관,TG24,D13,SD13-1,SD13-2,해당,,수시,180,,,분류 추론 — 검수 전
ASG-002024,DTY-01034,,기관,TG24,D13,SD13-1,SD13-2,해당,,수시,180,,,분류 추론 — 검수 전
ASG-002025,DTY-01035,,기관,TG24,D13,SD13-1,SD13-2,해당,,수시,180,,,분류 추론 — 검수 전
ASG-002026,DTY-01036,,기관,TG24,D13,SD13-1,SD13-2,해당,,수시,180,,,분류 추론 — 검수 전
ASG-002027,DTY-01037,,기관,TG24,D13,SD13-1,SD13-2,해당,,수시,180,,,분류 추론 — 검수 전
ASG-002028,DTY-01038,,기관,TG24,D13,SD13-1,SD13-2,해당,,수시,180,,,분류 추론 — 검수 전
ASG-002029,DTY-01039,,기관,TG24,D13,SD13-1,SD13-2,해당,,수시,180,,,분류 추론 — 검수 전
ASG-002030,DTY-01040,,기관,TG24,D13,SD13-1,SD13-2,해당,,수시,180,,,분류 추론 — 검수 전
ASG-002031,DTY-01041,,기관,TG24,D13,SD13-1,SD13-2,해당,,수시,180,,,분류 추론 — 검수 전
ASG-002032,DTY-01042,,기관,TG24,D13,SD13-1,SD13-2,해당,,수시,180,,,분류 추론 — 검수 전
ASG-002033,DTY-01043,,기관,TG24,D13,SD13-1,SD13-2,해당,,수시,180,,,분류 추론 — 검수 전
ASG-002034,DTY-01044,,기관,TG24,D13,SD13-1,SD13-2,해당,,수시,180,,,분류 추론 — 검수 전
ASG-002035,DTY-01045,,기관,TG24,D13,SD13-1,SD13-2,해당,,수시,180,,,분류 추론 — 검수 전
ASG-002036,DTY-01046,,기관,TG24,D13,SD13-1,SD13-2,해당,,수시,180,,,
ASG-002037,DTY-01047,,기관,TG24,D13,SD13-1,SD13-2,해당,,수시,180,,,분류 추론 — 검수 전
ASG-002038,DTY-01048,,기관,TG24,D13,SD13-1,SD13-2,해당,,수시,180,,,
ASG-002039,DTY-01049,,기관,TG24,D13,SD13-1,SD13-2,해당,,수시,180,,,분류 추론 — 검수 전
ASG-002040,DTY-01050,,기관,TG24,D13,SD13-1,SD13-2,해당,,수시,180,,,분류 추론 — 검수 전
ASG-002041,DTY-01051,,기관,TG24,D13,SD13-1,SD13-2,해당,,수시,180,,,
ASG-002042,DTY-01052,,기관,TG24,D13,SD13-1,SD13-2,해당,,수시,180,,,분류 추론 — 검수 전
ASG-002043,DTY-01053,,기관,TG24,D13,SD13-1,SD13-2,해당,,수시,180,,,분류 추론 — 검수 전
ASG-002044,DTY-01054,,기관,TG24,D13,SD13-1,SD13-2,해당,,수시,180,,,분류 추론 — 검수 전
ASG-002045,DTY-01055,,기관,TG24,D13,SD13-1,SD13-2,해당,,수시,180,,,분류 추론 — 검수 전
ASG-002046,DTY-01056,,기관,TG24,D13,SD13-1,SD13-2,해당,,수시,180,,,분류 추론 — 검수 전
ASG-002047,DTY-01057,,기관,TG24,D13,SD13-1,SD13-2,해당,,수시,180,,,분류 추론 — 검수 전
ASG-002048,DTY-01058,,기관,TG24,D13,SD13-1,SD13-2,해당,,수시,180,,,분류 추론 — 검수 전
ASG-002049,DTY-01059,,기관,TG24,D13,SD13-1,SD13-2,해당,,수시,180,,,분류 추론 — 검수 전
ASG-002050,DTY-01060,,기관,TG24,D13,SD13-1,SD13-2,해당,,수시,180,,,분류 추론 — 검수 전
ASG-002051,DTY-01061,,기관,TG24,D13,SD13-1,SD13-2,해당,,수시,180,,,분류 추론 — 검수 전
ASG-002052,DTY-01062,,기관,TG24,D13,SD13-1,SD13-2,해당,,수시,180,,,분류 추론 — 검수 전
ASG-002053,DTY-01063,,기관,TG24,D13,SD13-1,SD13-2,해당,,연1회,365,,,분류 추론 — 검수 전
ASG-002054,DTY-01064,,기관,TG24,D13,SD13-1,SD13-2,해당,,연1회,365,,,
ASG-002055,DTY-01065,,기관,TG24,D13,SD13-1,SD13-2,해당,,수시,180,,,분류 추론 — 검수 전
ASG-002056,DTY-01066,,기관,TG24,D13,SD13-1,SD13-2,해당,,수시,180,,,
ASG-002057,DTY-01067,,기관,TG24,D13,SD13-1,SD13-2,해당,,반기 1회,180,,,
ASG-002058,DTY-01068,,기관,TG24,D13,SD13-1,SD13-2,해당,,수시,180,,,분류 추론 — 검수 전
ASG-002059,DTY-01069,,기관,TG24,D13,SD13-1,SD13-2,해당,,반기 1회,180,,,
ASG-002060,DTY-01070,,기관,TG24,D13,SD13-1,SD13-2,해당,,수시,180,,,분류 추론 — 검수 전
ASG-002061,DTY-01071,,유형,TG99,D99,,,확인필요,조건부 의무 — 보유·해당 여부 확인 필요,수시,180,,,정본 미반영 — 새 정독(검수 전) · 관리대상 확인 필요
ASG-002062,DTY-01072,,유형,TG99,D99,,,확인필요,조건부 의무 — 보유·해당 여부 확인 필요,수시,180,,,정본 미반영 — 새 정독(검수 전) · 관리대상 확인 필요
ASG-002063,DTY-01073,,유형,TG99,D99,,,확인필요,조건부 의무 — 보유·해당 여부 확인 필요,수시,180,,,정본 미반영 — 새 정독(검수 전) · 관리대상 확인 필요
ASG-002064,DTY-01074,,유형,TG99,D99,,,확인필요,조건부 의무 — 보유·해당 여부 확인 필요,수시,180,,,정본 미반영 — 새 정독(검수 전) · 관리대상 확인 필요
ASG-002065,DTY-01075,,유형,TG99,D99,,,확인필요,조건부 의무 — 보유·해당 여부 확인 필요,수시,180,,,정본 미반영 — 새 정독(검수 전) · 관리대상 확인 필요
ASG-002066,DTY-01076,,유형,TG99,D99,,,확인필요,조건부 의무 — 보유·해당 여부 확인 필요,수시,180,,,정본 미반영 — 새 정독(검수 전) · 관리대상 확인 필요
ASG-002067,DTY-01077,,유형,TG99,D99,,,확인필요,조건부 의무 — 보유·해당 여부 확인 필요,수시,180,,,정본 미반영 — 새 정독(검수 전) · 관리대상 확인 필요
ASG-002068,DTY-01078,,유형,TG99,D99,,,확인필요,조건부 의무 — 보유·해당 여부 확인 필요,수시,180,,,정본 미반영 — 새 정독(검수 전) · 관리대상 확인 필요
ASG-002069,DTY-01079,,유형,TG99,D99,,,확인필요,조건부 의무 — 보유·해당 여부 확인 필요,수시,180,,,정본 미반영 — 새 정독(검수 전) · 관리대상 확인 필요
ASG-002070,DTY-01080,,유형,TG99,D99,,,확인필요,조건부 의무 — 보유·해당 여부 확인 필요,수시,180,,,정본 미반영 — 새 정독(검수 전) · 관리대상 확인 필요
ASG-002071,DTY-01081,,유형,TG99,D99,,,확인필요,조건부 의무 — 보유·해당 여부 확인 필요,수시,180,,,정본 미반영 — 새 정독(검수 전) · 관리대상 확인 필요
ASG-002072,DTY-01082,,유형,TG99,D99,,,확인필요,조건부 의무 — 보유·해당 여부 확인 필요,수시,180,,,정본 미반영 — 새 정독(검수 전) · 관리대상 확인 필요
ASG-002073,DTY-01083,,유형,TG99,D99,,,확인필요,조건부 의무 — 보유·해당 여부 확인 필요,수시,180,,,정본 미반영 — 새 정독(검수 전) · 관리대상 확인 필요
ASG-002074,DTY-01084,,유형,TG99,D99,,,확인필요,조건부 의무 — 보유·해당 여부 확인 필요,수시,180,,,정본 미반영 — 새 정독(검수 전) · 관리대상 확인 필요
ASG-002075,DTY-01085,,유형,TG99,D99,,,확인필요,조건부 의무 — 보유·해당 여부 확인 필요,수시,180,,,정본 미반영 — 새 정독(검수 전) · 관리대상 확인 필요
ASG-002076,DTY-01086,,유형,TG99,D99,,,확인필요,조건부 의무 — 보유·해당 여부 확인 필요,수시,180,,,정본 미반영 — 새 정독(검수 전) · 관리대상 확인 필요
ASG-002077,DTY-01087,,유형,TG99,D99,,,확인필요,조건부 의무 — 보유·해당 여부 확인 필요,수시,180,,,정본 미반영 — 새 정독(검수 전) · 관리대상 확인 필요
ASG-002078,DTY-01088,,유형,TG99,D99,,,확인필요,조건부 의무 — 보유·해당 여부 확인 필요,수시,180,,,정본 미반영 — 새 정독(검수 전) · 관리대상 확인 필요
ASG-002079,DTY-01089,,유형,TG99,D99,,,확인필요,조건부 의무 — 보유·해당 여부 확인 필요,수시,180,,,정본 미반영 — 새 정독(검수 전) · 관리대상 확인 필요
ASG-002080,DTY-01090,,유형,TG99,D99,,,확인필요,조건부 의무 — 보유·해당 여부 확인 필요,수시,180,,,정본 미반영 — 새 정독(검수 전) · 관리대상 확인 필요
ASG-002081,DTY-01091,,유형,TG99,D99,,,확인필요,조건부 의무 — 보유·해당 여부 확인 필요,수시,180,,,정본 미반영 — 새 정독(검수 전) · 관리대상 확인 필요
ASG-002082,DTY-01092,,유형,TG99,D99,,,확인필요,조건부 의무 — 보유·해당 여부 확인 필요,수시,180,,,정본 미반영 — 새 정독(검수 전) · 관리대상 확인 필요
ASG-002083,DTY-01093,,유형,TG99,D99,,,확인필요,조건부 의무 — 보유·해당 여부 확인 필요,수시,180,,,정본 미반영 — 새 정독(검수 전) · 관리대상 확인 필요
ASG-002084,DTY-01094,,유형,TG99,D99,,,확인필요,조건부 의무 — 보유·해당 여부 확인 필요,수시,180,,,정본 미반영 — 새 정독(검수 전) · 관리대상 확인 필요
ASG-002085,DTY-01095,,유형,TG99,D99,,,확인필요,조건부 의무 — 보유·해당 여부 확인 필요,수시,180,,,정본 미반영 — 새 정독(검수 전) · 관리대상 확인 필요
ASG-002086,DTY-01096,,유형,TG99,D99,,,확인필요,조건부 의무 — 보유·해당 여부 확인 필요,수시,180,,,정본 미반영 — 새 정독(검수 전) · 관리대상 확인 필요
ASG-002087,DTY-01097,,유형,TG99,D99,,,확인필요,조건부 의무 — 보유·해당 여부 확인 필요,수시,180,,,정본 미반영 — 새 정독(검수 전) · 관리대상 확인 필요
ASG-002088,DTY-01098,,유형,TG99,D99,,,확인필요,조건부 의무 — 보유·해당 여부 확인 필요,수시,180,,,정본 미반영 — 새 정독(검수 전) · 관리대상 확인 필요
ASG-002089,DTY-01099,,유형,TG99,D99,,,확인필요,조건부 의무 — 보유·해당 여부 확인 필요,수시,180,,,정본 미반영 — 새 정독(검수 전) · 관리대상 확인 필요
ASG-002090,DTY-01100,,유형,TG99,D99,,,확인필요,조건부 의무 — 보유·해당 여부 확인 필요,수시,180,,,정본 미반영 — 새 정독(검수 전) · 관리대상 확인 필요
ASG-002091,DTY-01101,,유형,TG99,D99,,,확인필요,조건부 의무 — 보유·해당 여부 확인 필요,수시,180,,,정본 미반영 — 새 정독(검수 전) · 관리대상 확인 필요
ASG-002092,DTY-01102,,유형,TG99,D99,,,확인필요,조건부 의무 — 보유·해당 여부 확인 필요,수시,180,,,정본 미반영 — 새 정독(검수 전) · 관리대상 확인 필요
ASG-002093,DTY-01103,,유형,TG99,D99,,,확인필요,조건부 의무 — 보유·해당 여부 확인 필요,수시,180,,,정본 미반영 — 새 정독(검수 전) · 관리대상 확인 필요
ASG-002094,DTY-01104,,유형,TG99,D99,,,확인필요,조건부 의무 — 보유·해당 여부 확인 필요,수시,180,,,정본 미반영 — 새 정독(검수 전) · 관리대상 확인 필요
ASG-002095,DTY-01105,,유형,TG99,D99,,,확인필요,조건부 의무 — 보유·해당 여부 확인 필요,수시,180,,,정본 미반영 — 새 정독(검수 전) · 관리대상 확인 필요
ASG-002096,DTY-01106,,유형,TG99,D99,,,확인필요,조건부 의무 — 보유·해당 여부 확인 필요,수시,180,,,정본 미반영 — 새 정독(검수 전) · 관리대상 확인 필요
ASG-002097,DTY-01107,,유형,TG99,D99,,,확인필요,조건부 의무 — 보유·해당 여부 확인 필요,수시,180,,,정본 미반영 — 새 정독(검수 전) · 관리대상 확인 필요
ASG-002098,DTY-01108,,유형,TG99,D99,,,확인필요,조건부 의무 — 보유·해당 여부 확인 필요,수시,180,,,정본 미반영 — 새 정독(검수 전) · 관리대상 확인 필요
ASG-002099,DTY-01109,,유형,TG99,D99,,,확인필요,조건부 의무 — 보유·해당 여부 확인 필요,수시,180,,,정본 미반영 — 새 정독(검수 전) · 관리대상 확인 필요
ASG-002100,DTY-01110,,유형,TG99,D99,,,확인필요,조건부 의무 — 보유·해당 여부 확인 필요,수시,180,,,정본 미반영 — 새 정독(검수 전) · 관리대상 확인 필요
ASG-002101,DTY-01111,,유형,TG99,D99,,,확인필요,조건부 의무 — 보유·해당 여부 확인 필요,수시,180,,,정본 미반영 — 새 정독(검수 전) · 관리대상 확인 필요
ASG-002102,DTY-01112,,유형,TG99,D99,,,확인필요,조건부 의무 — 보유·해당 여부 확인 필요,수시,180,,,정본 미반영 — 새 정독(검수 전) · 관리대상 확인 필요
ASG-002103,DTY-01113,,유형,TG99,D99,,,확인필요,조건부 의무 — 보유·해당 여부 확인 필요,수시,180,,,정본 미반영 — 새 정독(검수 전) · 관리대상 확인 필요
ASG-002104,DTY-01114,,유형,TG99,D99,,,확인필요,조건부 의무 — 보유·해당 여부 확인 필요,수시,180,,,정본 미반영 — 새 정독(검수 전) · 관리대상 확인 필요
ASG-002105,DTY-01115,,유형,TG99,D99,,,확인필요,조건부 의무 — 보유·해당 여부 확인 필요,수시,180,,,정본 미반영 — 새 정독(검수 전) · 관리대상 확인 필요
ASG-002106,DTY-01116,,유형,TG99,D99,,,확인필요,조건부 의무 — 보유·해당 여부 확인 필요,수시,180,,,정본 미반영 — 새 정독(검수 전) · 관리대상 확인 필요
ASG-002107,DTY-01117,,유형,TG99,D99,,,확인필요,조건부 의무 — 보유·해당 여부 확인 필요,수시,180,,,정본 미반영 — 새 정독(검수 전) · 관리대상 확인 필요
ASG-002108,DTY-01118,,유형,TG99,D99,,,확인필요,조건부 의무 — 보유·해당 여부 확인 필요,수시,180,,,정본 미반영 — 새 정독(검수 전) · 관리대상 확인 필요
ASG-002109,DTY-01119,,유형,TG99,D99,,,확인필요,조건부 의무 — 보유·해당 여부 확인 필요,수시,180,,,정본 미반영 — 새 정독(검수 전) · 관리대상 확인 필요
ASG-002110,DTY-01120,,유형,TG99,D99,,,확인필요,조건부 의무 — 보유·해당 여부 확인 필요,수시,180,,,정본 미반영 — 새 정독(검수 전) · 관리대상 확인 필요
ASG-002111,DTY-01121,,유형,TG99,D99,,,확인필요,조건부 의무 — 보유·해당 여부 확인 필요,수시,180,,,정본 미반영 — 새 정독(검수 전) · 관리대상 확인 필요
ASG-002112,DTY-01122,,유형,TG99,D99,,,확인필요,조건부 의무 — 보유·해당 여부 확인 필요,수시,180,,,정본 미반영 — 새 정독(검수 전) · 관리대상 확인 필요
ASG-002113,DTY-01123,,유형,TG99,D99,,,확인필요,조건부 의무 — 보유·해당 여부 확인 필요,수시,180,,,정본 미반영 — 새 정독(검수 전) · 관리대상 확인 필요
ASG-002114,DTY-01124,,유형,TG99,D99,,,확인필요,조건부 의무 — 보유·해당 여부 확인 필요,수시,180,,,정본 미반영 — 새 정독(검수 전) · 관리대상 확인 필요
ASG-002115,DTY-01125,,유형,TG99,D99,,,확인필요,조건부 의무 — 보유·해당 여부 확인 필요,수시,180,,,정본 미반영 — 새 정독(검수 전) · 관리대상 확인 필요
ASG-002116,DTY-01126,,유형,TG99,D99,,,확인필요,조건부 의무 — 보유·해당 여부 확인 필요,수시,180,,,정본 미반영 — 새 정독(검수 전) · 관리대상 확인 필요
ASG-002117,DTY-01127,,유형,TG99,D99,,,확인필요,조건부 의무 — 보유·해당 여부 확인 필요,수시,180,,,정본 미반영 — 새 정독(검수 전) · 관리대상 확인 필요
ASG-002118,DTY-01128,,유형,TG99,D99,,,확인필요,조건부 의무 — 보유·해당 여부 확인 필요,수시,180,,,정본 미반영 — 새 정독(검수 전) · 관리대상 확인 필요
ASG-002119,DTY-01129,,유형,TG99,D99,,,확인필요,조건부 의무 — 보유·해당 여부 확인 필요,수시,180,,,정본 미반영 — 새 정독(검수 전) · 관리대상 확인 필요
ASG-002120,DTY-01130,,유형,TG99,D99,,,확인필요,조건부 의무 — 보유·해당 여부 확인 필요,수시,180,,,정본 미반영 — 새 정독(검수 전) · 관리대상 확인 필요
ASG-002121,DTY-01131,,유형,TG99,D99,,,확인필요,조건부 의무 — 보유·해당 여부 확인 필요,수시,180,,,정본 미반영 — 새 정독(검수 전) · 관리대상 확인 필요
ASG-002122,DTY-01132,,유형,TG99,D99,,,확인필요,조건부 의무 — 보유·해당 여부 확인 필요,수시,180,,,정본 미반영 — 새 정독(검수 전) · 관리대상 확인 필요
ASG-002123,DTY-01133,,유형,TG99,D99,,,확인필요,조건부 의무 — 보유·해당 여부 확인 필요,수시,180,,,정본 미반영 — 새 정독(검수 전) · 관리대상 확인 필요
ASG-002124,DTY-01134,,유형,TG99,D99,,,확인필요,조건부 의무 — 보유·해당 여부 확인 필요,수시,180,,,정본 미반영 — 새 정독(검수 전) · 관리대상 확인 필요
ASG-002125,DTY-01135,,유형,TG99,D99,,,확인필요,조건부 의무 — 보유·해당 여부 확인 필요,수시,180,,,정본 미반영 — 새 정독(검수 전) · 관리대상 확인 필요
ASG-002126,DTY-01136,,유형,TG99,D99,,,확인필요,조건부 의무 — 보유·해당 여부 확인 필요,수시,180,,,정본 미반영 — 새 정독(검수 전) · 관리대상 확인 필요
ASG-002127,DTY-01137,,유형,TG99,D99,,,확인필요,조건부 의무 — 보유·해당 여부 확인 필요,수시,180,,,정본 미반영 — 새 정독(검수 전) · 관리대상 확인 필요
ASG-002128,DTY-01138,,유형,TG99,D99,,,확인필요,조건부 의무 — 보유·해당 여부 확인 필요,수시,180,,,정본 미반영 — 새 정독(검수 전) · 관리대상 확인 필요
ASG-002129,DTY-01139,,유형,TG99,D99,,,확인필요,조건부 의무 — 보유·해당 여부 확인 필요,수시,180,,,정본 미반영 — 새 정독(검수 전) · 관리대상 확인 필요
ASG-002130,DTY-01140,,유형,TG99,D99,,,확인필요,조건부 의무 — 보유·해당 여부 확인 필요,수시,180,,,정본 미반영 — 새 정독(검수 전) · 관리대상 확인 필요
ASG-002131,DTY-01141,,유형,TG99,D99,,,확인필요,조건부 의무 — 보유·해당 여부 확인 필요,수시,180,,,정본 미반영 — 새 정독(검수 전) · 관리대상 확인 필요
ASG-002132,DTY-01142,,유형,TG99,D99,,,확인필요,조건부 의무 — 보유·해당 여부 확인 필요,수시,180,,,정본 미반영 — 새 정독(검수 전) · 관리대상 확인 필요
ASG-002133,DTY-01143,,유형,TG99,D99,,,확인필요,조건부 의무 — 보유·해당 여부 확인 필요,수시,180,,,정본 미반영 — 새 정독(검수 전) · 관리대상 확인 필요
ASG-002134,DTY-01144,,유형,TG99,D99,,,확인필요,조건부 의무 — 보유·해당 여부 확인 필요,수시,180,,,정본 미반영 — 새 정독(검수 전) · 관리대상 확인 필요
ASG-002135,DTY-01145,,유형,TG99,D99,,,확인필요,조건부 의무 — 보유·해당 여부 확인 필요,수시,180,,,정본 미반영 — 새 정독(검수 전) · 관리대상 확인 필요
ASG-002136,DTY-01146,,유형,TG99,D99,,,확인필요,조건부 의무 — 보유·해당 여부 확인 필요,수시,180,,,정본 미반영 — 새 정독(검수 전) · 관리대상 확인 필요
ASG-002137,DTY-01147,,유형,TG99,D99,,,확인필요,조건부 의무 — 보유·해당 여부 확인 필요,수시,180,,,정본 미반영 — 새 정독(검수 전) · 관리대상 확인 필요
ASG-002138,DTY-01148,,유형,TG99,D99,,,확인필요,조건부 의무 — 보유·해당 여부 확인 필요,수시,180,,,정본 미반영 — 새 정독(검수 전) · 관리대상 확인 필요
ASG-002139,DTY-01149,,유형,TG99,D99,,,확인필요,조건부 의무 — 보유·해당 여부 확인 필요,수시,180,,,정본 미반영 — 새 정독(검수 전) · 관리대상 확인 필요
ASG-002140,DTY-01150,,유형,TG99,D99,,,확인필요,조건부 의무 — 보유·해당 여부 확인 필요,수시,180,,,정본 미반영 — 새 정독(검수 전) · 관리대상 확인 필요
ASG-002141,DTY-01151,,유형,TG99,D99,,,확인필요,조건부 의무 — 보유·해당 여부 확인 필요,수시,180,,,정본 미반영 — 새 정독(검수 전) · 관리대상 확인 필요
ASG-002142,DTY-01152,,유형,TG99,D99,,,확인필요,조건부 의무 — 보유·해당 여부 확인 필요,수시,180,,,정본 미반영 — 새 정독(검수 전) · 관리대상 확인 필요
ASG-002143,DTY-01153,,유형,TG99,D99,,,확인필요,조건부 의무 — 보유·해당 여부 확인 필요,수시,180,,,정본 미반영 — 새 정독(검수 전) · 관리대상 확인 필요
ASG-002144,DTY-01154,,유형,TG99,D99,,,확인필요,조건부 의무 — 보유·해당 여부 확인 필요,수시,180,,,정본 미반영 — 새 정독(검수 전) · 관리대상 확인 필요
ASG-002145,DTY-01155,,유형,TG99,D99,,,확인필요,조건부 의무 — 보유·해당 여부 확인 필요,수시,180,,,정본 미반영 — 새 정독(검수 전) · 관리대상 확인 필요
ASG-002146,DTY-01156,,유형,TG99,D99,,,확인필요,조건부 의무 — 보유·해당 여부 확인 필요,수시,180,,,정본 미반영 — 새 정독(검수 전) · 관리대상 확인 필요
ASG-002147,DTY-01157,,유형,TG99,D99,,,확인필요,조건부 의무 — 보유·해당 여부 확인 필요,수시,180,,,정본 미반영 — 새 정독(검수 전) · 관리대상 확인 필요
ASG-002148,DTY-01158,,유형,TG99,D99,,,확인필요,조건부 의무 — 보유·해당 여부 확인 필요,수시,180,,,정본 미반영 — 새 정독(검수 전) · 관리대상 확인 필요
ASG-002149,DTY-01159,,유형,TG99,D99,,,확인필요,조건부 의무 — 보유·해당 여부 확인 필요,수시,180,,,정본 미반영 — 새 정독(검수 전) · 관리대상 확인 필요
ASG-002150,DTY-01160,,유형,TG99,D99,,,확인필요,조건부 의무 — 보유·해당 여부 확인 필요,수시,180,,,정본 미반영 — 새 정독(검수 전) · 관리대상 확인 필요
ASG-002151,DTY-01161,,유형,TG99,D99,,,확인필요,조건부 의무 — 보유·해당 여부 확인 필요,수시,180,,,정본 미반영 — 새 정독(검수 전) · 관리대상 확인 필요
ASG-002152,DTY-01162,,유형,TG99,D99,,,확인필요,조건부 의무 — 보유·해당 여부 확인 필요,수시,180,,,정본 미반영 — 새 정독(검수 전) · 관리대상 확인 필요
ASG-002153,DTY-01163,,유형,TG99,D99,,,확인필요,조건부 의무 — 보유·해당 여부 확인 필요,수시,180,,,정본 미반영 — 새 정독(검수 전) · 관리대상 확인 필요
ASG-002154,DTY-01164,,유형,TG99,D99,,,확인필요,조건부 의무 — 보유·해당 여부 확인 필요,수시,180,,,정본 미반영 — 새 정독(검수 전) · 관리대상 확인 필요
ASG-002155,DTY-01165,,유형,TG17,D09,SD09-1,SD09-2,확인필요,조건부 의무 — 보유·해당 여부 확인 필요,수시,180,,,자산 대장 없음 — 보유 확인 필요
ASG-002156,DTY-01166,,유형,TG17,D09,SD09-1,SD09-2,확인필요,조건부 의무 — 보유·해당 여부 확인 필요,수시,180,,,자산 대장 없음 — 보유 확인 필요
ASG-002157,DTY-01167,,유형,TG17,D09,SD09-1,SD09-2,확인필요,조건부 의무 — 보유·해당 여부 확인 필요,수시,180,,,자산 대장 없음 — 보유 확인 필요
ASG-002158,DTY-01168,,유형,TG17,D09,SD09-1,SD09-2,확인필요,조건부 의무 — 보유·해당 여부 확인 필요,수시,180,,,자산 대장 없음 — 보유 확인 필요
ASG-002159,DTY-01169,,유형,TG17,D09,SD09-1,SD09-2,확인필요,조건부 의무 — 보유·해당 여부 확인 필요,수시,180,,,자산 대장 없음 — 보유 확인 필요
ASG-002160,DTY-01170,,유형,TG17,D09,SD09-1,SD09-2,확인필요,조건부 의무 — 보유·해당 여부 확인 필요,수시,180,,,자산 대장 없음 — 보유 확인 필요
ASG-002161,DTY-01171,,유형,TG17,D09,SD09-1,SD09-2,확인필요,조건부 의무 — 보유·해당 여부 확인 필요,수시,180,,,자산 대장 없음 — 보유 확인 필요
ASG-002162,DTY-01172,,유형,TG99,D99,,,확인필요,조건부 의무 — 보유·해당 여부 확인 필요,수시,180,,,정본 미반영 — 새 정독(검수 전) · 관리대상 확인 필요
ASG-002163,DTY-01173,,유형,TG99,D99,,,확인필요,조건부 의무 — 보유·해당 여부 확인 필요,수시,180,,,정본 미반영 — 새 정독(검수 전) · 관리대상 확인 필요
ASG-002164,DTY-01174,,유형,TG99,D99,,,확인필요,조건부 의무 — 보유·해당 여부 확인 필요,수시,180,,,정본 미반영 — 새 정독(검수 전) · 관리대상 확인 필요
ASG-002165,DTY-01175,,유형,TG99,D99,,,확인필요,조건부 의무 — 보유·해당 여부 확인 필요,연1회,365,,,자산 대장 없음 — 보유 확인 필요
ASG-002166,DTY-01176,,유형,TG14,D10,SD10-1,SD10-2,확인필요,조건부 의무 — 보유·해당 여부 확인 필요,수시,180,,,자산 대장 없음 — 보유 확인 필요
ASG-002167,DTY-01177,,유형,TG14,D10,SD10-1,SD10-2,확인필요,조건부 의무 — 보유·해당 여부 확인 필요,반기 1회,180,,,자산 대장 없음 — 보유 확인 필요
ASG-002168,DTY-01178,,유형,TG14,D10,SD10-1,SD10-2,확인필요,조건부 의무 — 보유·해당 여부 확인 필요,반기 1회,180,,,자산 대장 없음 — 보유 확인 필요
ASG-002169,DTY-01179,,유형,TG14,D10,SD10-1,SD10-2,확인필요,조건부 의무 — 보유·해당 여부 확인 필요,수시,180,,,자산 대장 없음 — 보유 확인 필요
ASG-002170,DTY-01180,,유형,TG02,D05,SD05-1,SD05-2,해당,,반기 1회,180,,,
ASG-002171,DTY-01181,,유형,TG02,D05,SD05-1,SD05-2,해당,,상시,365,,,
ASG-002172,DTY-01182,,유형,TG04,D13,SD13-1,SD13-2,해당,,연1회,365,,,
ASG-002173,DTY-01182,DA2008-0000007,자산,TG04,D13,SD13-1,SD13-2,해당,,연1회,365,,,
ASG-002174,DTY-01182,DA2008-0000154,자산,TG04,D13,SD13-1,SD13-2,해당,,연1회,365,,,
ASG-002175,DTY-01182,DA2008-0000165,자산,TG04,D13,SD13-1,SD13-2,해당,,연1회,365,,,
ASG-002176,DTY-01183,,유형,TG99,D99,,,확인필요,조건부 의무 — 보유·해당 여부 확인 필요,연1회,365,,,자산 대장 없음 — 보유 확인 필요
ASG-002177,DTY-01184,,유형,TG99,D99,,,확인필요,조건부 의무 — 보유·해당 여부 확인 필요,반기 1회,180,,,자산 대장 없음 — 보유 확인 필요
ASG-002178,DTY-01185,,유형,TG99,D99,,,확인필요,조건부 의무 — 보유·해당 여부 확인 필요,반기 1회,180,,,자산 대장 없음 — 보유 확인 필요
ASG-002179,DTY-01186,,유형,TG99,D99,,,확인필요,조건부 의무 — 보유·해당 여부 확인 필요,수시,180,,,정본 미반영 — 새 정독(검수 전) · 관리대상 확인 필요
ASG-002180,DTY-01187,,유형,TG99,D99,,,확인필요,조건부 의무 — 보유·해당 여부 확인 필요,상시,365,,,정본 미반영 — 새 정독(검수 전) · 관리대상 확인 필요
ASG-002181,DTY-01188,,유형,TG99,D99,,,확인필요,조건부 의무 — 보유·해당 여부 확인 필요,반기 1회,180,,,정본 미반영 — 새 정독(검수 전) · 관리대상 확인 필요
ASG-002182,DTY-01189,,유형,TG01,D04,SD04-1,SD04-2,해당,,연1회,365,,,
ASG-002183,DTY-01189,ST2005-0000048,자산,TG01,D04,SD04-1,SD04-2,해당,,연1회,365,,,
ASG-002184,DTY-01189,ST2005-0000049,자산,TG01,D04,SD04-1,SD04-2,해당,,연1회,365,,,
ASG-002185,DTY-01189,ST2009-0000031,자산,TG01,D04,SD04-1,SD04-2,해당,,연1회,365,,,
ASG-002186,DTY-01190,,유형,TG07,D07,SD07-1,SD07-2,확인필요,조건부 의무 — 보유·해당 여부 확인 필요,반기 1회,180,,,자산 대장 없음 — 보유 확인 필요
ASG-002187,DTY-01191,,유형,TG07,D07,SD07-1,SD07-2,확인필요,조건부 의무 — 보유·해당 여부 확인 필요,연1회,365,,,자산 대장 없음 — 보유 확인 필요
ASG-002188,DTY-01192,,유형,TG07,D07,SD07-1,SD07-2,확인필요,조건부 의무 — 보유·해당 여부 확인 필요,상시,365,,,자산 대장 없음 — 보유 확인 필요
ASG-002189,DTY-01193,,유형,TG07,D07,SD07-1,SD07-2,확인필요,조건부 의무 — 보유·해당 여부 확인 필요,상시,365,,,자산 대장 없음 — 보유 확인 필요
ASG-002190,DTY-01194,,유형,TG07,D07,SD07-1,SD07-2,확인필요,조건부 의무 — 보유·해당 여부 확인 필요,상시,365,,,자산 대장 없음 — 보유 확인 필요
ASG-002191,DTY-01195,,유형,TG07,D07,SD07-1,SD07-2,확인필요,조건부 의무 — 보유·해당 여부 확인 필요,반기 1회,180,,,자산 대장 없음 — 보유 확인 필요
ASG-002192,DTY-01196,,유형,TG07,D07,SD07-1,SD07-2,확인필요,조건부 의무 — 보유·해당 여부 확인 필요,상시,365,,,자산 대장 없음 — 보유 확인 필요
ASG-002193,DTY-01197,,유형,TG06,D13,SD13-1,SD13-2,해당,,상시,365,,,
ASG-002194,DTY-01197,WG2008-0000097,자산,TG06,D13,SD13-1,SD13-2,해당,,상시,365,,,
ASG-002195,DTY-01197,WG2008-0000098,자산,TG06,D13,SD13-1,SD13-2,해당,,상시,365,,,
ASG-002196,DTY-01197,WG2008-0000099,자산,TG06,D13,SD13-1,SD13-2,해당,,상시,365,,,
ASG-002197,DTY-01198,,유형,TG11,D11,SD11-1,SD11-2,확인필요,조건부 의무 — 보유·해당 여부 확인 필요,연1회,365,,,자산 대장 없음 — 보유 확인 필요
ASG-002198,DTY-01199,,유형,TG99,D99,,,확인필요,조건부 의무 — 보유·해당 여부 확인 필요,연1회,365,,,정본 미반영 — 새 정독(검수 전) · 관리대상 확인 필요
ASG-002199,DTY-01200,,유형,TG99,D99,,,확인필요,조건부 의무 — 보유·해당 여부 확인 필요,연1회,365,,,정본 미반영 — 새 정독(검수 전) · 관리대상 확인 필요
ASG-002200,DTY-01201,,유형,TG06,D13,SD13-1,SD13-2,해당,,연1회,365,,,분류 추론 — 검수 전
ASG-002201,DTY-01201,WG2008-0000097,자산,TG06,D13,SD13-1,SD13-2,해당,,연1회,365,,,분류 추론 — 검수 전
ASG-002202,DTY-01201,WG2008-0000098,자산,TG06,D13,SD13-1,SD13-2,해당,,연1회,365,,,분류 추론 — 검수 전
ASG-002203,DTY-01201,WG2008-0000099,자산,TG06,D13,SD13-1,SD13-2,해당,,연1회,365,,,분류 추론 — 검수 전
ASG-002204,DTY-01202,,유형,TG06,D13,SD13-1,SD13-2,해당,,연1회,365,,,분류 추론 — 검수 전
ASG-002205,DTY-01202,WG2008-0000097,자산,TG06,D13,SD13-1,SD13-2,해당,,연1회,365,,,분류 추론 — 검수 전
ASG-002206,DTY-01202,WG2008-0000098,자산,TG06,D13,SD13-1,SD13-2,해당,,연1회,365,,,분류 추론 — 검수 전
ASG-002207,DTY-01202,WG2008-0000099,자산,TG06,D13,SD13-1,SD13-2,해당,,연1회,365,,,분류 추론 — 검수 전
ASG-002208,DTY-01203,,유형,TG99,D99,,,확인필요,조건부 의무 — 보유·해당 여부 확인 필요,연1회,365,,,정본 미반영 — 새 정독(검수 전) · 관리대상 확인 필요
ASG-002209,DTY-01204,,유형,TG99,D99,,,확인필요,조건부 의무 — 보유·해당 여부 확인 필요,상시,365,,,자산 대장 없음 — 보유 확인 필요
ASG-002210,DTY-01205,,유형,TG09,D08,SD08-1,SD08-2,확인필요,조건부 의무 — 보유·해당 여부 확인 필요,반기 1회,180,,,자산 대장 없음 — 보유 확인 필요
ASG-002211,DTY-01206,,유형,TG99,D99,,,확인필요,조건부 의무 — 보유·해당 여부 확인 필요,수시,180,,,자산 대장 없음 — 보유 확인 필요
ASG-002212,DTY-01207,,유형,TG06,D13,SD13-1,SD13-2,해당,,반기 1회,180,,,분류 추론 — 검수 전
ASG-002213,DTY-01207,WG2008-0000097,자산,TG06,D13,SD13-1,SD13-2,해당,,반기 1회,180,,,분류 추론 — 검수 전
ASG-002214,DTY-01207,WG2008-0000098,자산,TG06,D13,SD13-1,SD13-2,해당,,반기 1회,180,,,분류 추론 — 검수 전
ASG-002215,DTY-01207,WG2008-0000099,자산,TG06,D13,SD13-1,SD13-2,해당,,반기 1회,180,,,분류 추론 — 검수 전
ASG-002216,DTY-01208,,유형,TG06,D13,SD13-1,SD13-2,해당,,반기 1회,180,,,분류 추론 — 검수 전
ASG-002217,DTY-01208,WG2008-0000097,자산,TG06,D13,SD13-1,SD13-2,해당,,반기 1회,180,,,분류 추론 — 검수 전
ASG-002218,DTY-01208,WG2008-0000098,자산,TG06,D13,SD13-1,SD13-2,해당,,반기 1회,180,,,분류 추론 — 검수 전
ASG-002219,DTY-01208,WG2008-0000099,자산,TG06,D13,SD13-1,SD13-2,해당,,반기 1회,180,,,분류 추론 — 검수 전
ASG-002220,DTY-01209,,유형,TG06,D13,SD13-1,SD13-2,해당,,상시,365,,,
ASG-002221,DTY-01209,WG2008-0000097,자산,TG06,D13,SD13-1,SD13-2,해당,,상시,365,,,
ASG-002222,DTY-01209,WG2008-0000098,자산,TG06,D13,SD13-1,SD13-2,해당,,상시,365,,,
ASG-002223,DTY-01209,WG2008-0000099,자산,TG06,D13,SD13-1,SD13-2,해당,,상시,365,,,
ASG-002224,DTY-01210,,유형,TG06,D13,SD13-1,SD13-2,해당,,반기 1회,180,,,
ASG-002225,DTY-01210,WG2008-0000097,자산,TG06,D13,SD13-1,SD13-2,해당,,반기 1회,180,,,
ASG-002226,DTY-01210,WG2008-0000098,자산,TG06,D13,SD13-1,SD13-2,해당,,반기 1회,180,,,
ASG-002227,DTY-01210,WG2008-0000099,자산,TG06,D13,SD13-1,SD13-2,해당,,반기 1회,180,,,
ASG-002228,DTY-01211,,기관,TG24,D13,SD13-1,SD13-2,해당,,반기 1회,180,,,
ASG-002229,DTY-01212,,기관,TG24,D13,SD13-1,SD13-2,해당,,반기 1회,180,,,분류 추론 — 검수 전
ASG-002230,DTY-01213,,기관,TG24,D13,SD13-1,SD13-2,해당,,반기 1회,180,,,
ASG-002231,DTY-01214,,유형,TG13,D09,SD09-1,SD09-2,해당,,반기 1회,180,,,
ASG-002232,DTY-01214,AR1967-0000142,자산,TG13,D09,SD09-1,SD09-2,해당,,반기 1회,180,,,
ASG-002233,DTY-01214,AR1969-0000298,자산,TG13,D09,SD09-1,SD09-2,해당,,반기 1회,180,,,
ASG-002234,DTY-01214,AR1969-0000299,자산,TG13,D09,SD09-1,SD09-2,해당,,반기 1회,180,,,
ASG-002235,DTY-01215,,유형,TG15,D10,SD10-1,SD10-2,확인필요,조건부 의무 — 보유·해당 여부 확인 필요,반기 1회,180,,,자산 대장 없음 — 보유 확인 필요 · 분류 추론 — 검수 전
ASG-002236,DTY-01216,,유형,TG99,D99,,,확인필요,조건부 의무 — 보유·해당 여부 확인 필요,반기 1회,180,,,자산 대장 없음 — 보유 확인 필요 · 분류 추론 — 검수 전
ASG-002237,DTY-01217,,유형,TG19,D11,SD11-1,SD11-2,확인필요,조건부 의무 — 보유·해당 여부 확인 필요,반기 1회,180,,,자산 대장 없음 — 보유 확인 필요
ASG-002238,DTY-01218,,유형,TG19,D11,SD11-1,SD11-2,확인필요,조건부 의무 — 보유·해당 여부 확인 필요,반기 1회,180,,,자산 대장 없음 — 보유 확인 필요 · 분류 추론 — 검수 전
ASG-002239,DTY-01219,,유형,TG22,D11,SD11-1,SD11-2,확인필요,조건부 의무 — 보유·해당 여부 확인 필요,연1회,365,,,자산 대장 없음 — 보유 확인 필요 · 분류 추론 — 검수 전
ASG-002240,DTY-01220,,유형,TG22,D11,SD11-1,SD11-2,확인필요,조건부 의무 — 보유·해당 여부 확인 필요,연1회,365,,,자산 대장 없음 — 보유 확인 필요 · 분류 추론 — 검수 전
ASG-002241,DTY-01221,,유형,TG22,D11,SD11-1,SD11-2,확인필요,조건부 의무 — 보유·해당 여부 확인 필요,연1회,365,,,자산 대장 없음 — 보유 확인 필요 · 분류 추론 — 검수 전
ASG-002242,DTY-01222,,유형,TG22,D11,SD11-1,SD11-2,확인필요,조건부 의무 — 보유·해당 여부 확인 필요,연1회,365,,,자산 대장 없음 — 보유 확인 필요 · 분류 추론 — 검수 전
ASG-002243,DTY-01223,,유형,TG22,D11,SD11-1,SD11-2,확인필요,조건부 의무 — 보유·해당 여부 확인 필요,상시,365,,,자산 대장 없음 — 보유 확인 필요
ASG-002244,DTY-01224,,유형,TG22,D11,SD11-1,SD11-2,확인필요,조건부 의무 — 보유·해당 여부 확인 필요,연1회,365,,,자산 대장 없음 — 보유 확인 필요 · 분류 추론 — 검수 전
ASG-002245,DTY-01225,,유형,TG22,D11,SD11-1,SD11-2,확인필요,조건부 의무 — 보유·해당 여부 확인 필요,연1회,365,,,자산 대장 없음 — 보유 확인 필요 · 분류 추론 — 검수 전
ASG-002246,DTY-01226,,유형,TG13,D09,SD09-1,SD09-2,해당,,상시,365,,,분류 추론 — 검수 전
ASG-002247,DTY-01226,AR1967-0000142,자산,TG13,D09,SD09-1,SD09-2,해당,,상시,365,,,분류 추론 — 검수 전
ASG-002248,DTY-01226,AR1969-0000298,자산,TG13,D09,SD09-1,SD09-2,해당,,상시,365,,,분류 추론 — 검수 전
ASG-002249,DTY-01226,AR1969-0000299,자산,TG13,D09,SD09-1,SD09-2,해당,,상시,365,,,분류 추론 — 검수 전
ASG-002250,DTY-01227,,유형,TG13,D09,SD09-1,SD09-2,해당,,상시,365,,,분류 추론 — 검수 전
ASG-002251,DTY-01227,AR1967-0000142,자산,TG13,D09,SD09-1,SD09-2,해당,,상시,365,,,분류 추론 — 검수 전
ASG-002252,DTY-01227,AR1969-0000298,자산,TG13,D09,SD09-1,SD09-2,해당,,상시,365,,,분류 추론 — 검수 전
ASG-002253,DTY-01227,AR1969-0000299,자산,TG13,D09,SD09-1,SD09-2,해당,,상시,365,,,분류 추론 — 검수 전
ASG-002254,DTY-01228,,유형,TG13,D09,SD09-1,SD09-2,해당,,상시,365,,,분류 추론 — 검수 전
ASG-002255,DTY-01228,AR1967-0000142,자산,TG13,D09,SD09-1,SD09-2,해당,,상시,365,,,분류 추론 — 검수 전
ASG-002256,DTY-01228,AR1969-0000298,자산,TG13,D09,SD09-1,SD09-2,해당,,상시,365,,,분류 추론 — 검수 전
ASG-002257,DTY-01228,AR1969-0000299,자산,TG13,D09,SD09-1,SD09-2,해당,,상시,365,,,분류 추론 — 검수 전
ASG-002258,DTY-01229,,기관,TG24,D13,SD13-1,SD13-2,해당,,상시,365,,,분류 추론 — 검수 전
ASG-002259,DTY-01230,,기관,TG24,D13,SD13-1,SD13-2,해당,,반기 1회,180,,,분류 추론 — 검수 전
ASG-002260,DTY-01231,,기관,TG24,D13,SD13-1,SD13-2,해당,,상시,365,,,분류 추론 — 검수 전
ASG-002261,DTY-01232,,유형,TG09,D08,SD08-1,SD08-2,확인필요,조건부 의무 — 보유·해당 여부 확인 필요,상시,365,,,자산 대장 없음 — 보유 확인 필요 · 분류 추론 — 검수 전
ASG-002262,DTY-01233,,유형,TG09,D08,SD08-1,SD08-2,확인필요,조건부 의무 — 보유·해당 여부 확인 필요,상시,365,,,자산 대장 없음 — 보유 확인 필요 · 분류 추론 — 검수 전
ASG-002263,DTY-01234,,유형,TG09,D08,SD08-1,SD08-2,확인필요,조건부 의무 — 보유·해당 여부 확인 필요,반기 1회,180,,,자산 대장 없음 — 보유 확인 필요 · 분류 추론 — 검수 전
ASG-002264,DTY-01235,,유형,TG09,D08,SD08-1,SD08-2,확인필요,조건부 의무 — 보유·해당 여부 확인 필요,반기 1회,180,,,자산 대장 없음 — 보유 확인 필요 · 분류 추론 — 검수 전
ASG-002265,DTY-01236,,유형,TG09,D08,SD08-1,SD08-2,확인필요,조건부 의무 — 보유·해당 여부 확인 필요,반기 1회,180,,,자산 대장 없음 — 보유 확인 필요 · 분류 추론 — 검수 전
ASG-002266,DTY-01237,,유형,TG99,D99,,,확인필요,조건부 의무 — 보유·해당 여부 확인 필요,반기 1회,180,,,정본 미반영 — 새 정독(검수 전) · 관리대상 확인 필요
ASG-002267,DTY-01238,,유형,TG99,D99,,,확인필요,조건부 의무 — 보유·해당 여부 확인 필요,반기 1회,180,,,정본 미반영 — 새 정독(검수 전) · 관리대상 확인 필요
ASG-002268,DTY-01239,,유형,TG99,D99,,,확인필요,조건부 의무 — 보유·해당 여부 확인 필요,상시,365,,,정본 미반영 — 새 정독(검수 전) · 관리대상 확인 필요
ASG-002269,DTY-01240,,유형,TG99,D99,,,확인필요,조건부 의무 — 보유·해당 여부 확인 필요,상시,365,,,정본 미반영 — 새 정독(검수 전) · 관리대상 확인 필요
ASG-002270,DTY-01241,,유형,TG99,D99,,,확인필요,조건부 의무 — 보유·해당 여부 확인 필요,상시,365,,,정본 미반영 — 새 정독(검수 전) · 관리대상 확인 필요
ASG-002271,DTY-01242,,유형,TG05,D03,SD03-1,SD03-2,해당,,반기 1회,180,,,분류 추론 — 검수 전
ASG-002272,DTY-01242,RW1994-0000054,자산,TG05,D03,SD03-1,SD03-2,해당,,반기 1회,180,,,분류 추론 — 검수 전
ASG-002273,DTY-01242,RW1998-0000037,자산,TG05,D03,SD03-1,SD03-2,해당,,반기 1회,180,,,분류 추론 — 검수 전
ASG-002274,DTY-01242,RW2000-0000064,자산,TG05,D03,SD03-1,SD03-2,해당,,반기 1회,180,,,분류 추론 — 검수 전
ASG-002275,DTY-01243,,유형,TG05,D03,SD03-1,SD03-2,해당,,반기 1회,180,,,분류 추론 — 검수 전
ASG-002276,DTY-01243,RW1994-0000054,자산,TG05,D03,SD03-1,SD03-2,해당,,반기 1회,180,,,분류 추론 — 검수 전
ASG-002277,DTY-01243,RW1998-0000037,자산,TG05,D03,SD03-1,SD03-2,해당,,반기 1회,180,,,분류 추론 — 검수 전
ASG-002278,DTY-01243,RW2000-0000064,자산,TG05,D03,SD03-1,SD03-2,해당,,반기 1회,180,,,분류 추론 — 검수 전
ASG-002279,DTY-01244,,유형,TG05,D03,SD03-1,SD03-2,해당,,반기 1회,180,,,분류 추론 — 검수 전
ASG-002280,DTY-01244,RW1994-0000054,자산,TG05,D03,SD03-1,SD03-2,해당,,반기 1회,180,,,분류 추론 — 검수 전
ASG-002281,DTY-01244,RW1998-0000037,자산,TG05,D03,SD03-1,SD03-2,해당,,반기 1회,180,,,분류 추론 — 검수 전
ASG-002282,DTY-01244,RW2000-0000064,자산,TG05,D03,SD03-1,SD03-2,해당,,반기 1회,180,,,분류 추론 — 검수 전
ASG-002283,DTY-01245,,유형,TG05,D03,SD03-1,SD03-2,해당,,반기 1회,180,,,분류 추론 — 검수 전
ASG-002284,DTY-01245,RW1994-0000054,자산,TG05,D03,SD03-1,SD03-2,해당,,반기 1회,180,,,분류 추론 — 검수 전
ASG-002285,DTY-01245,RW1998-0000037,자산,TG05,D03,SD03-1,SD03-2,해당,,반기 1회,180,,,분류 추론 — 검수 전
ASG-002286,DTY-01245,RW2000-0000064,자산,TG05,D03,SD03-1,SD03-2,해당,,반기 1회,180,,,분류 추론 — 검수 전
ASG-002287,DTY-01246,,유형,TG05,D03,SD03-1,SD03-2,해당,,반기 1회,180,,,분류 추론 — 검수 전
ASG-002288,DTY-01246,RW1994-0000054,자산,TG05,D03,SD03-1,SD03-2,해당,,반기 1회,180,,,분류 추론 — 검수 전
ASG-002289,DTY-01246,RW1998-0000037,자산,TG05,D03,SD03-1,SD03-2,해당,,반기 1회,180,,,분류 추론 — 검수 전
ASG-002290,DTY-01246,RW2000-0000064,자산,TG05,D03,SD03-1,SD03-2,해당,,반기 1회,180,,,분류 추론 — 검수 전
ASG-002291,DTY-01247,,유형,TG18,D09,SD09-1,SD09-2,해당,,반기 1회,180,,,정본 미반영 — 새 정독(검수 전)
ASG-002292,DTY-01248,,유형,TG99,D99,,,확인필요,조건부 의무 — 보유·해당 여부 확인 필요,반기 1회,180,,,정본 미반영 — 새 정독(검수 전) · 관리대상 확인 필요
ASG-002293,DTY-01249,,유형,TG03,D03,SD03-1,SD03-2,해당,,상시,365,,,분류 추론 — 검수 전
ASG-002294,DTY-01249,BR0000-0000002,자산,TG03,D03,SD03-1,SD03-2,해당,,상시,365,,,분류 추론 — 검수 전
ASG-002295,DTY-01249,BR1018-0000001,자산,TG03,D03,SD03-1,SD03-2,해당,,상시,365,,,분류 추론 — 검수 전
ASG-002296,DTY-01249,BR1900-0000009,자산,TG03,D03,SD03-1,SD03-2,해당,,상시,365,,,분류 추론 — 검수 전
ASG-002297,DTY-01250,,유형,TG03,D03,SD03-1,SD03-2,해당,,상시,365,,,분류 추론 — 검수 전
ASG-002298,DTY-01250,BR0000-0000002,자산,TG03,D03,SD03-1,SD03-2,해당,,상시,365,,,분류 추론 — 검수 전
ASG-002299,DTY-01250,BR1018-0000001,자산,TG03,D03,SD03-1,SD03-2,해당,,상시,365,,,분류 추론 — 검수 전
ASG-002300,DTY-01250,BR1900-0000009,자산,TG03,D03,SD03-1,SD03-2,해당,,상시,365,,,분류 추론 — 검수 전
ASG-002301,DTY-01251,,유형,TG03,D03,SD03-1,SD03-2,해당,,상시,365,,,분류 추론 — 검수 전
ASG-002302,DTY-01251,BR0000-0000002,자산,TG03,D03,SD03-1,SD03-2,해당,,상시,365,,,분류 추론 — 검수 전
ASG-002303,DTY-01251,BR1018-0000001,자산,TG03,D03,SD03-1,SD03-2,해당,,상시,365,,,분류 추론 — 검수 전
ASG-002304,DTY-01251,BR1900-0000009,자산,TG03,D03,SD03-1,SD03-2,해당,,상시,365,,,분류 추론 — 검수 전
ASG-002305,DTY-01252,,유형,TG03,D03,SD03-1,SD03-2,해당,,상시,365,,,분류 추론 — 검수 전
ASG-002306,DTY-01252,BR0000-0000002,자산,TG03,D03,SD03-1,SD03-2,해당,,상시,365,,,분류 추론 — 검수 전
ASG-002307,DTY-01252,BR1018-0000001,자산,TG03,D03,SD03-1,SD03-2,해당,,상시,365,,,분류 추론 — 검수 전
ASG-002308,DTY-01252,BR1900-0000009,자산,TG03,D03,SD03-1,SD03-2,해당,,상시,365,,,분류 추론 — 검수 전
ASG-002309,DTY-01253,,유형,TG03,D03,SD03-1,SD03-2,해당,,상시,365,,,분류 추론 — 검수 전
ASG-002310,DTY-01253,BR0000-0000002,자산,TG03,D03,SD03-1,SD03-2,해당,,상시,365,,,분류 추론 — 검수 전
ASG-002311,DTY-01253,BR1018-0000001,자산,TG03,D03,SD03-1,SD03-2,해당,,상시,365,,,분류 추론 — 검수 전
ASG-002312,DTY-01253,BR1900-0000009,자산,TG03,D03,SD03-1,SD03-2,해당,,상시,365,,,분류 추론 — 검수 전
ASG-002313,DTY-01254,,유형,TG02,D05,SD05-1,SD05-2,해당,,상시,365,,,분류 추론 — 검수 전
ASG-002314,DTY-01255,,유형,TG03,D03,SD03-1,SD03-2,해당,,상시,365,,,분류 추론 — 검수 전
ASG-002315,DTY-01255,BR0000-0000002,자산,TG03,D03,SD03-1,SD03-2,해당,,상시,365,,,분류 추론 — 검수 전
ASG-002316,DTY-01255,BR1018-0000001,자산,TG03,D03,SD03-1,SD03-2,해당,,상시,365,,,분류 추론 — 검수 전
ASG-002317,DTY-01255,BR1900-0000009,자산,TG03,D03,SD03-1,SD03-2,해당,,상시,365,,,분류 추론 — 검수 전
ASG-002318,DTY-01256,,유형,TG03,D03,SD03-1,SD03-2,해당,,상시,365,,,분류 추론 — 검수 전
ASG-002319,DTY-01256,BR0000-0000002,자산,TG03,D03,SD03-1,SD03-2,해당,,상시,365,,,분류 추론 — 검수 전
ASG-002320,DTY-01256,BR1018-0000001,자산,TG03,D03,SD03-1,SD03-2,해당,,상시,365,,,분류 추론 — 검수 전
ASG-002321,DTY-01256,BR1900-0000009,자산,TG03,D03,SD03-1,SD03-2,해당,,상시,365,,,분류 추론 — 검수 전
ASG-002322,DTY-01257,,유형,TG03,D03,SD03-1,SD03-2,해당,,상시,365,,,분류 추론 — 검수 전
ASG-002323,DTY-01257,BR0000-0000002,자산,TG03,D03,SD03-1,SD03-2,해당,,상시,365,,,분류 추론 — 검수 전
ASG-002324,DTY-01257,BR1018-0000001,자산,TG03,D03,SD03-1,SD03-2,해당,,상시,365,,,분류 추론 — 검수 전
ASG-002325,DTY-01257,BR1900-0000009,자산,TG03,D03,SD03-1,SD03-2,해당,,상시,365,,,분류 추론 — 검수 전
ASG-002326,DTY-01258,,유형,TG03,D03,SD03-1,SD03-2,해당,,상시,365,,,분류 추론 — 검수 전
ASG-002327,DTY-01258,BR0000-0000002,자산,TG03,D03,SD03-1,SD03-2,해당,,상시,365,,,분류 추론 — 검수 전
ASG-002328,DTY-01258,BR1018-0000001,자산,TG03,D03,SD03-1,SD03-2,해당,,상시,365,,,분류 추론 — 검수 전
ASG-002329,DTY-01258,BR1900-0000009,자산,TG03,D03,SD03-1,SD03-2,해당,,상시,365,,,분류 추론 — 검수 전
ASG-002330,DTY-01259,,유형,TG03,D03,SD03-1,SD03-2,해당,,상시,365,,,분류 추론 — 검수 전
ASG-002331,DTY-01259,BR0000-0000002,자산,TG03,D03,SD03-1,SD03-2,해당,,상시,365,,,분류 추론 — 검수 전
ASG-002332,DTY-01259,BR1018-0000001,자산,TG03,D03,SD03-1,SD03-2,해당,,상시,365,,,분류 추론 — 검수 전
ASG-002333,DTY-01259,BR1900-0000009,자산,TG03,D03,SD03-1,SD03-2,해당,,상시,365,,,분류 추론 — 검수 전
ASG-002334,DTY-01260,,유형,TG03,D03,SD03-1,SD03-2,해당,,상시,365,,,분류 추론 — 검수 전
ASG-002335,DTY-01260,BR0000-0000002,자산,TG03,D03,SD03-1,SD03-2,해당,,상시,365,,,분류 추론 — 검수 전
ASG-002336,DTY-01260,BR1018-0000001,자산,TG03,D03,SD03-1,SD03-2,해당,,상시,365,,,분류 추론 — 검수 전
ASG-002337,DTY-01260,BR1900-0000009,자산,TG03,D03,SD03-1,SD03-2,해당,,상시,365,,,분류 추론 — 검수 전
ASG-002338,DTY-01261,,유형,TG03,D03,SD03-1,SD03-2,해당,,상시,365,,,분류 추론 — 검수 전
ASG-002339,DTY-01261,BR0000-0000002,자산,TG03,D03,SD03-1,SD03-2,해당,,상시,365,,,분류 추론 — 검수 전
ASG-002340,DTY-01261,BR1018-0000001,자산,TG03,D03,SD03-1,SD03-2,해당,,상시,365,,,분류 추론 — 검수 전
ASG-002341,DTY-01261,BR1900-0000009,자산,TG03,D03,SD03-1,SD03-2,해당,,상시,365,,,분류 추론 — 검수 전
ASG-002342,DTY-01262,,유형,TG03,D03,SD03-1,SD03-2,해당,,상시,365,,,분류 추론 — 검수 전
ASG-002343,DTY-01262,BR0000-0000002,자산,TG03,D03,SD03-1,SD03-2,해당,,상시,365,,,분류 추론 — 검수 전
ASG-002344,DTY-01262,BR1018-0000001,자산,TG03,D03,SD03-1,SD03-2,해당,,상시,365,,,분류 추론 — 검수 전
ASG-002345,DTY-01262,BR1900-0000009,자산,TG03,D03,SD03-1,SD03-2,해당,,상시,365,,,분류 추론 — 검수 전
ASG-002346,DTY-01263,,유형,TG03,D03,SD03-1,SD03-2,해당,,상시,365,,,분류 추론 — 검수 전
ASG-002347,DTY-01263,BR0000-0000002,자산,TG03,D03,SD03-1,SD03-2,해당,,상시,365,,,분류 추론 — 검수 전
ASG-002348,DTY-01263,BR1018-0000001,자산,TG03,D03,SD03-1,SD03-2,해당,,상시,365,,,분류 추론 — 검수 전
ASG-002349,DTY-01263,BR1900-0000009,자산,TG03,D03,SD03-1,SD03-2,해당,,상시,365,,,분류 추론 — 검수 전
ASG-002350,DTY-01264,,유형,TG03,D03,SD03-1,SD03-2,해당,,상시,365,,,분류 추론 — 검수 전
ASG-002351,DTY-01264,BR0000-0000002,자산,TG03,D03,SD03-1,SD03-2,해당,,상시,365,,,분류 추론 — 검수 전
ASG-002352,DTY-01264,BR1018-0000001,자산,TG03,D03,SD03-1,SD03-2,해당,,상시,365,,,분류 추론 — 검수 전
ASG-002353,DTY-01264,BR1900-0000009,자산,TG03,D03,SD03-1,SD03-2,해당,,상시,365,,,분류 추론 — 검수 전
ASG-002354,DTY-01265,,유형,TG03,D03,SD03-1,SD03-2,해당,,반기 1회,180,,,분류 추론 — 검수 전
ASG-002355,DTY-01265,BR0000-0000002,자산,TG03,D03,SD03-1,SD03-2,해당,,반기 1회,180,,,분류 추론 — 검수 전
ASG-002356,DTY-01265,BR1018-0000001,자산,TG03,D03,SD03-1,SD03-2,해당,,반기 1회,180,,,분류 추론 — 검수 전
ASG-002357,DTY-01265,BR1900-0000009,자산,TG03,D03,SD03-1,SD03-2,해당,,반기 1회,180,,,분류 추론 — 검수 전
ASG-002358,DTY-01266,,유형,TG03,D03,SD03-1,SD03-2,해당,,반기 1회,180,,,분류 추론 — 검수 전
ASG-002359,DTY-01266,BR0000-0000002,자산,TG03,D03,SD03-1,SD03-2,해당,,반기 1회,180,,,분류 추론 — 검수 전
ASG-002360,DTY-01266,BR1018-0000001,자산,TG03,D03,SD03-1,SD03-2,해당,,반기 1회,180,,,분류 추론 — 검수 전
ASG-002361,DTY-01266,BR1900-0000009,자산,TG03,D03,SD03-1,SD03-2,해당,,반기 1회,180,,,분류 추론 — 검수 전
ASG-002362,DTY-01267,,유형,TG03,D03,SD03-1,SD03-2,해당,,반기 1회,180,,,분류 추론 — 검수 전
ASG-002363,DTY-01267,BR0000-0000002,자산,TG03,D03,SD03-1,SD03-2,해당,,반기 1회,180,,,분류 추론 — 검수 전
ASG-002364,DTY-01267,BR1018-0000001,자산,TG03,D03,SD03-1,SD03-2,해당,,반기 1회,180,,,분류 추론 — 검수 전
ASG-002365,DTY-01267,BR1900-0000009,자산,TG03,D03,SD03-1,SD03-2,해당,,반기 1회,180,,,분류 추론 — 검수 전
ASG-002366,DTY-01268,,유형,TG03,D03,SD03-1,SD03-2,해당,,상시,365,,,분류 추론 — 검수 전
ASG-002367,DTY-01268,BR0000-0000002,자산,TG03,D03,SD03-1,SD03-2,해당,,상시,365,,,분류 추론 — 검수 전
ASG-002368,DTY-01268,BR1018-0000001,자산,TG03,D03,SD03-1,SD03-2,해당,,상시,365,,,분류 추론 — 검수 전
ASG-002369,DTY-01268,BR1900-0000009,자산,TG03,D03,SD03-1,SD03-2,해당,,상시,365,,,분류 추론 — 검수 전
ASG-002370,DTY-01269,,유형,TG03,D03,SD03-1,SD03-2,해당,,반기 1회,180,,,분류 추론 — 검수 전
ASG-002371,DTY-01269,BR0000-0000002,자산,TG03,D03,SD03-1,SD03-2,해당,,반기 1회,180,,,분류 추론 — 검수 전
ASG-002372,DTY-01269,BR1018-0000001,자산,TG03,D03,SD03-1,SD03-2,해당,,반기 1회,180,,,분류 추론 — 검수 전
ASG-002373,DTY-01269,BR1900-0000009,자산,TG03,D03,SD03-1,SD03-2,해당,,반기 1회,180,,,분류 추론 — 검수 전
ASG-002374,DTY-01270,,유형,TG03,D03,SD03-1,SD03-2,해당,,반기 1회,180,,,분류 추론 — 검수 전
ASG-002375,DTY-01270,BR0000-0000002,자산,TG03,D03,SD03-1,SD03-2,해당,,반기 1회,180,,,분류 추론 — 검수 전
ASG-002376,DTY-01270,BR1018-0000001,자산,TG03,D03,SD03-1,SD03-2,해당,,반기 1회,180,,,분류 추론 — 검수 전
ASG-002377,DTY-01270,BR1900-0000009,자산,TG03,D03,SD03-1,SD03-2,해당,,반기 1회,180,,,분류 추론 — 검수 전
ASG-002378,DTY-01271,,유형,TG03,D03,SD03-1,SD03-2,해당,,반기 1회,180,,,분류 추론 — 검수 전
ASG-002379,DTY-01271,BR0000-0000002,자산,TG03,D03,SD03-1,SD03-2,해당,,반기 1회,180,,,분류 추론 — 검수 전
ASG-002380,DTY-01271,BR1018-0000001,자산,TG03,D03,SD03-1,SD03-2,해당,,반기 1회,180,,,분류 추론 — 검수 전
ASG-002381,DTY-01271,BR1900-0000009,자산,TG03,D03,SD03-1,SD03-2,해당,,반기 1회,180,,,분류 추론 — 검수 전
ASG-002382,DTY-01272,,유형,TG03,D03,SD03-1,SD03-2,해당,,상시,365,,,분류 추론 — 검수 전
ASG-002383,DTY-01272,BR0000-0000002,자산,TG03,D03,SD03-1,SD03-2,해당,,상시,365,,,분류 추론 — 검수 전
ASG-002384,DTY-01272,BR1018-0000001,자산,TG03,D03,SD03-1,SD03-2,해당,,상시,365,,,분류 추론 — 검수 전
ASG-002385,DTY-01272,BR1900-0000009,자산,TG03,D03,SD03-1,SD03-2,해당,,상시,365,,,분류 추론 — 검수 전
ASG-002386,DTY-01273,,유형,TG03,D03,SD03-1,SD03-2,해당,,상시,365,,,분류 추론 — 검수 전
ASG-002387,DTY-01273,BR0000-0000002,자산,TG03,D03,SD03-1,SD03-2,해당,,상시,365,,,분류 추론 — 검수 전
ASG-002388,DTY-01273,BR1018-0000001,자산,TG03,D03,SD03-1,SD03-2,해당,,상시,365,,,분류 추론 — 검수 전
ASG-002389,DTY-01273,BR1900-0000009,자산,TG03,D03,SD03-1,SD03-2,해당,,상시,365,,,분류 추론 — 검수 전
ASG-002390,DTY-01274,,유형,TG03,D03,SD03-1,SD03-2,해당,,반기 1회,180,,,분류 추론 — 검수 전
ASG-002391,DTY-01274,BR0000-0000002,자산,TG03,D03,SD03-1,SD03-2,해당,,반기 1회,180,,,분류 추론 — 검수 전
ASG-002392,DTY-01274,BR1018-0000001,자산,TG03,D03,SD03-1,SD03-2,해당,,반기 1회,180,,,분류 추론 — 검수 전
ASG-002393,DTY-01274,BR1900-0000009,자산,TG03,D03,SD03-1,SD03-2,해당,,반기 1회,180,,,분류 추론 — 검수 전
ASG-002394,DTY-01275,,유형,TG03,D03,SD03-1,SD03-2,해당,,반기 1회,180,,,분류 추론 — 검수 전
ASG-002395,DTY-01275,BR0000-0000002,자산,TG03,D03,SD03-1,SD03-2,해당,,반기 1회,180,,,분류 추론 — 검수 전
ASG-002396,DTY-01275,BR1018-0000001,자산,TG03,D03,SD03-1,SD03-2,해당,,반기 1회,180,,,분류 추론 — 검수 전
ASG-002397,DTY-01275,BR1900-0000009,자산,TG03,D03,SD03-1,SD03-2,해당,,반기 1회,180,,,분류 추론 — 검수 전
ASG-002398,DTY-01276,,유형,TG03,D03,SD03-1,SD03-2,해당,,반기 1회,180,,,분류 추론 — 검수 전
ASG-002399,DTY-01276,BR0000-0000002,자산,TG03,D03,SD03-1,SD03-2,해당,,반기 1회,180,,,분류 추론 — 검수 전
ASG-002400,DTY-01276,BR1018-0000001,자산,TG03,D03,SD03-1,SD03-2,해당,,반기 1회,180,,,분류 추론 — 검수 전
ASG-002401,DTY-01276,BR1900-0000009,자산,TG03,D03,SD03-1,SD03-2,해당,,반기 1회,180,,,분류 추론 — 검수 전
ASG-002402,DTY-01277,,유형,TG03,D03,SD03-1,SD03-2,해당,,반기 1회,180,,,분류 추론 — 검수 전
ASG-002403,DTY-01277,BR0000-0000002,자산,TG03,D03,SD03-1,SD03-2,해당,,반기 1회,180,,,분류 추론 — 검수 전
ASG-002404,DTY-01277,BR1018-0000001,자산,TG03,D03,SD03-1,SD03-2,해당,,반기 1회,180,,,분류 추론 — 검수 전
ASG-002405,DTY-01277,BR1900-0000009,자산,TG03,D03,SD03-1,SD03-2,해당,,반기 1회,180,,,분류 추론 — 검수 전
ASG-002406,DTY-01278,,유형,TG03,D03,SD03-1,SD03-2,해당,,반기 1회,180,,,분류 추론 — 검수 전
ASG-002407,DTY-01278,BR0000-0000002,자산,TG03,D03,SD03-1,SD03-2,해당,,반기 1회,180,,,분류 추론 — 검수 전
ASG-002408,DTY-01278,BR1018-0000001,자산,TG03,D03,SD03-1,SD03-2,해당,,반기 1회,180,,,분류 추론 — 검수 전
ASG-002409,DTY-01278,BR1900-0000009,자산,TG03,D03,SD03-1,SD03-2,해당,,반기 1회,180,,,분류 추론 — 검수 전
ASG-002410,DTY-01279,,유형,TG03,D03,SD03-1,SD03-2,해당,,반기 1회,180,,,분류 추론 — 검수 전
ASG-002411,DTY-01279,BR0000-0000002,자산,TG03,D03,SD03-1,SD03-2,해당,,반기 1회,180,,,분류 추론 — 검수 전
ASG-002412,DTY-01279,BR1018-0000001,자산,TG03,D03,SD03-1,SD03-2,해당,,반기 1회,180,,,분류 추론 — 검수 전
ASG-002413,DTY-01279,BR1900-0000009,자산,TG03,D03,SD03-1,SD03-2,해당,,반기 1회,180,,,분류 추론 — 검수 전
ASG-002414,DTY-01280,,유형,TG03,D03,SD03-1,SD03-2,해당,,상시,365,,,분류 추론 — 검수 전
ASG-002415,DTY-01280,BR0000-0000002,자산,TG03,D03,SD03-1,SD03-2,해당,,상시,365,,,분류 추론 — 검수 전
ASG-002416,DTY-01280,BR1018-0000001,자산,TG03,D03,SD03-1,SD03-2,해당,,상시,365,,,분류 추론 — 검수 전
ASG-002417,DTY-01280,BR1900-0000009,자산,TG03,D03,SD03-1,SD03-2,해당,,상시,365,,,분류 추론 — 검수 전
ASG-002418,DTY-01281,,유형,TG03,D03,SD03-1,SD03-2,해당,,상시,365,,,분류 추론 — 검수 전
ASG-002419,DTY-01281,BR0000-0000002,자산,TG03,D03,SD03-1,SD03-2,해당,,상시,365,,,분류 추론 — 검수 전
ASG-002420,DTY-01281,BR1018-0000001,자산,TG03,D03,SD03-1,SD03-2,해당,,상시,365,,,분류 추론 — 검수 전
ASG-002421,DTY-01281,BR1900-0000009,자산,TG03,D03,SD03-1,SD03-2,해당,,상시,365,,,분류 추론 — 검수 전
ASG-002422,DTY-01282,,유형,TG03,D03,SD03-1,SD03-2,해당,,상시,365,,,분류 추론 — 검수 전
ASG-002423,DTY-01282,BR0000-0000002,자산,TG03,D03,SD03-1,SD03-2,해당,,상시,365,,,분류 추론 — 검수 전
ASG-002424,DTY-01282,BR1018-0000001,자산,TG03,D03,SD03-1,SD03-2,해당,,상시,365,,,분류 추론 — 검수 전
ASG-002425,DTY-01282,BR1900-0000009,자산,TG03,D03,SD03-1,SD03-2,해당,,상시,365,,,분류 추론 — 검수 전
ASG-002426,DTY-01283,,유형,TG01,D04,SD04-1,SD04-2,해당,,상시,365,,,분류 추론 — 검수 전
ASG-002427,DTY-01283,ST2005-0000048,자산,TG01,D04,SD04-1,SD04-2,해당,,상시,365,,,분류 추론 — 검수 전
ASG-002428,DTY-01283,ST2005-0000049,자산,TG01,D04,SD04-1,SD04-2,해당,,상시,365,,,분류 추론 — 검수 전
ASG-002429,DTY-01283,ST2009-0000031,자산,TG01,D04,SD04-1,SD04-2,해당,,상시,365,,,분류 추론 — 검수 전
ASG-002430,DTY-01284,,유형,TG02,D05,SD05-1,SD05-2,해당,,상시,365,,,분류 추론 — 검수 전
ASG-002431,DTY-01285,,유형,TG03,D03,SD03-1,SD03-2,해당,,상시,365,,,분류 추론 — 검수 전
ASG-002432,DTY-01285,BR0000-0000002,자산,TG03,D03,SD03-1,SD03-2,해당,,상시,365,,,분류 추론 — 검수 전
ASG-002433,DTY-01285,BR1018-0000001,자산,TG03,D03,SD03-1,SD03-2,해당,,상시,365,,,분류 추론 — 검수 전
ASG-002434,DTY-01285,BR1900-0000009,자산,TG03,D03,SD03-1,SD03-2,해당,,상시,365,,,분류 추론 — 검수 전
ASG-002435,DTY-01286,,유형,TG03,D03,SD03-1,SD03-2,해당,,상시,365,,,
ASG-002436,DTY-01286,BR0000-0000002,자산,TG03,D03,SD03-1,SD03-2,해당,,상시,365,,,
ASG-002437,DTY-01286,BR1018-0000001,자산,TG03,D03,SD03-1,SD03-2,해당,,상시,365,,,
ASG-002438,DTY-01286,BR1900-0000009,자산,TG03,D03,SD03-1,SD03-2,해당,,상시,365,,,
ASG-002439,DTY-01287,,유형,TG03,D03,SD03-1,SD03-2,해당,,상시,365,,,분류 추론 — 검수 전
ASG-002440,DTY-01287,BR0000-0000002,자산,TG03,D03,SD03-1,SD03-2,해당,,상시,365,,,분류 추론 — 검수 전
ASG-002441,DTY-01287,BR1018-0000001,자산,TG03,D03,SD03-1,SD03-2,해당,,상시,365,,,분류 추론 — 검수 전
ASG-002442,DTY-01287,BR1900-0000009,자산,TG03,D03,SD03-1,SD03-2,해당,,상시,365,,,분류 추론 — 검수 전
ASG-002443,DTY-01288,,유형,TG03,D03,SD03-1,SD03-2,해당,,상시,365,,,분류 추론 — 검수 전
ASG-002444,DTY-01288,BR0000-0000002,자산,TG03,D03,SD03-1,SD03-2,해당,,상시,365,,,분류 추론 — 검수 전
ASG-002445,DTY-01288,BR1018-0000001,자산,TG03,D03,SD03-1,SD03-2,해당,,상시,365,,,분류 추론 — 검수 전
ASG-002446,DTY-01288,BR1900-0000009,자산,TG03,D03,SD03-1,SD03-2,해당,,상시,365,,,분류 추론 — 검수 전
ASG-002447,DTY-01289,,유형,TG03,D03,SD03-1,SD03-2,해당,,수시,180,,,
ASG-002448,DTY-01289,BR0000-0000002,자산,TG03,D03,SD03-1,SD03-2,해당,,수시,180,,,
ASG-002449,DTY-01289,BR1018-0000001,자산,TG03,D03,SD03-1,SD03-2,해당,,수시,180,,,
ASG-002450,DTY-01289,BR1900-0000009,자산,TG03,D03,SD03-1,SD03-2,해당,,수시,180,,,
ASG-002451,DTY-01290,,유형,TG03,D03,SD03-1,SD03-2,해당,,수시,180,,,
ASG-002452,DTY-01290,BR0000-0000002,자산,TG03,D03,SD03-1,SD03-2,해당,,수시,180,,,
ASG-002453,DTY-01290,BR1018-0000001,자산,TG03,D03,SD03-1,SD03-2,해당,,수시,180,,,
ASG-002454,DTY-01290,BR1900-0000009,자산,TG03,D03,SD03-1,SD03-2,해당,,수시,180,,,
ASG-002455,DTY-01291,,유형,TG03,D03,SD03-1,SD03-2,해당,,반기 1회,180,,,분류 추론 — 검수 전
ASG-002456,DTY-01291,BR0000-0000002,자산,TG03,D03,SD03-1,SD03-2,해당,,반기 1회,180,,,분류 추론 — 검수 전
ASG-002457,DTY-01291,BR1018-0000001,자산,TG03,D03,SD03-1,SD03-2,해당,,반기 1회,180,,,분류 추론 — 검수 전
ASG-002458,DTY-01291,BR1900-0000009,자산,TG03,D03,SD03-1,SD03-2,해당,,반기 1회,180,,,분류 추론 — 검수 전
ASG-002459,DTY-01292,,유형,TG03,D03,SD03-1,SD03-2,해당,,반기 1회,180,,,분류 추론 — 검수 전
ASG-002460,DTY-01292,BR0000-0000002,자산,TG03,D03,SD03-1,SD03-2,해당,,반기 1회,180,,,분류 추론 — 검수 전
ASG-002461,DTY-01292,BR1018-0000001,자산,TG03,D03,SD03-1,SD03-2,해당,,반기 1회,180,,,분류 추론 — 검수 전
ASG-002462,DTY-01292,BR1900-0000009,자산,TG03,D03,SD03-1,SD03-2,해당,,반기 1회,180,,,분류 추론 — 검수 전
ASG-002463,DTY-01293,,유형,TG03,D03,SD03-1,SD03-2,해당,,반기 1회,180,,,분류 추론 — 검수 전
ASG-002464,DTY-01293,BR0000-0000002,자산,TG03,D03,SD03-1,SD03-2,해당,,반기 1회,180,,,분류 추론 — 검수 전
ASG-002465,DTY-01293,BR1018-0000001,자산,TG03,D03,SD03-1,SD03-2,해당,,반기 1회,180,,,분류 추론 — 검수 전
ASG-002466,DTY-01293,BR1900-0000009,자산,TG03,D03,SD03-1,SD03-2,해당,,반기 1회,180,,,분류 추론 — 검수 전
ASG-002467,DTY-01294,,유형,TG03,D03,SD03-1,SD03-2,해당,,반기 1회,180,,,분류 추론 — 검수 전
ASG-002468,DTY-01294,BR0000-0000002,자산,TG03,D03,SD03-1,SD03-2,해당,,반기 1회,180,,,분류 추론 — 검수 전
ASG-002469,DTY-01294,BR1018-0000001,자산,TG03,D03,SD03-1,SD03-2,해당,,반기 1회,180,,,분류 추론 — 검수 전
ASG-002470,DTY-01294,BR1900-0000009,자산,TG03,D03,SD03-1,SD03-2,해당,,반기 1회,180,,,분류 추론 — 검수 전
ASG-002471,DTY-01295,,유형,TG03,D03,SD03-1,SD03-2,해당,,반기 1회,180,,,분류 추론 — 검수 전
ASG-002472,DTY-01295,BR0000-0000002,자산,TG03,D03,SD03-1,SD03-2,해당,,반기 1회,180,,,분류 추론 — 검수 전
ASG-002473,DTY-01295,BR1018-0000001,자산,TG03,D03,SD03-1,SD03-2,해당,,반기 1회,180,,,분류 추론 — 검수 전
ASG-002474,DTY-01295,BR1900-0000009,자산,TG03,D03,SD03-1,SD03-2,해당,,반기 1회,180,,,분류 추론 — 검수 전
ASG-002475,DTY-01296,,유형,TG03,D03,SD03-1,SD03-2,해당,,반기 1회,180,,,분류 추론 — 검수 전
ASG-002476,DTY-01296,BR0000-0000002,자산,TG03,D03,SD03-1,SD03-2,해당,,반기 1회,180,,,분류 추론 — 검수 전
ASG-002477,DTY-01296,BR1018-0000001,자산,TG03,D03,SD03-1,SD03-2,해당,,반기 1회,180,,,분류 추론 — 검수 전
ASG-002478,DTY-01296,BR1900-0000009,자산,TG03,D03,SD03-1,SD03-2,해당,,반기 1회,180,,,분류 추론 — 검수 전
ASG-002479,DTY-01297,,유형,TG03,D03,SD03-1,SD03-2,해당,,반기 1회,180,,,분류 추론 — 검수 전
ASG-002480,DTY-01297,BR0000-0000002,자산,TG03,D03,SD03-1,SD03-2,해당,,반기 1회,180,,,분류 추론 — 검수 전
ASG-002481,DTY-01297,BR1018-0000001,자산,TG03,D03,SD03-1,SD03-2,해당,,반기 1회,180,,,분류 추론 — 검수 전
ASG-002482,DTY-01297,BR1900-0000009,자산,TG03,D03,SD03-1,SD03-2,해당,,반기 1회,180,,,분류 추론 — 검수 전
ASG-002483,DTY-01298,,유형,TG03,D03,SD03-1,SD03-2,해당,,상시,365,,,분류 추론 — 검수 전
ASG-002484,DTY-01298,BR0000-0000002,자산,TG03,D03,SD03-1,SD03-2,해당,,상시,365,,,분류 추론 — 검수 전
ASG-002485,DTY-01298,BR1018-0000001,자산,TG03,D03,SD03-1,SD03-2,해당,,상시,365,,,분류 추론 — 검수 전
ASG-002486,DTY-01298,BR1900-0000009,자산,TG03,D03,SD03-1,SD03-2,해당,,상시,365,,,분류 추론 — 검수 전
ASG-002487,DTY-01299,,유형,TG03,D03,SD03-1,SD03-2,해당,,반기 1회,180,,,분류 추론 — 검수 전
ASG-002488,DTY-01299,BR0000-0000002,자산,TG03,D03,SD03-1,SD03-2,해당,,반기 1회,180,,,분류 추론 — 검수 전
ASG-002489,DTY-01299,BR1018-0000001,자산,TG03,D03,SD03-1,SD03-2,해당,,반기 1회,180,,,분류 추론 — 검수 전
ASG-002490,DTY-01299,BR1900-0000009,자산,TG03,D03,SD03-1,SD03-2,해당,,반기 1회,180,,,분류 추론 — 검수 전
ASG-002491,DTY-01300,,유형,TG03,D03,SD03-1,SD03-2,해당,,반기 1회,180,,,분류 추론 — 검수 전
ASG-002492,DTY-01300,BR0000-0000002,자산,TG03,D03,SD03-1,SD03-2,해당,,반기 1회,180,,,분류 추론 — 검수 전
ASG-002493,DTY-01300,BR1018-0000001,자산,TG03,D03,SD03-1,SD03-2,해당,,반기 1회,180,,,분류 추론 — 검수 전
ASG-002494,DTY-01300,BR1900-0000009,자산,TG03,D03,SD03-1,SD03-2,해당,,반기 1회,180,,,분류 추론 — 검수 전
ASG-002495,DTY-01301,,유형,TG03,D03,SD03-1,SD03-2,해당,,상시,365,,,분류 추론 — 검수 전
ASG-002496,DTY-01301,BR0000-0000002,자산,TG03,D03,SD03-1,SD03-2,해당,,상시,365,,,분류 추론 — 검수 전
ASG-002497,DTY-01301,BR1018-0000001,자산,TG03,D03,SD03-1,SD03-2,해당,,상시,365,,,분류 추론 — 검수 전
ASG-002498,DTY-01301,BR1900-0000009,자산,TG03,D03,SD03-1,SD03-2,해당,,상시,365,,,분류 추론 — 검수 전
ASG-002499,DTY-01302,,유형,TG03,D03,SD03-1,SD03-2,해당,,상시,365,,,분류 추론 — 검수 전
ASG-002500,DTY-01302,BR0000-0000002,자산,TG03,D03,SD03-1,SD03-2,해당,,상시,365,,,분류 추론 — 검수 전
ASG-002501,DTY-01302,BR1018-0000001,자산,TG03,D03,SD03-1,SD03-2,해당,,상시,365,,,분류 추론 — 검수 전
ASG-002502,DTY-01302,BR1900-0000009,자산,TG03,D03,SD03-1,SD03-2,해당,,상시,365,,,분류 추론 — 검수 전
ASG-002503,DTY-01303,,유형,TG03,D03,SD03-1,SD03-2,해당,,상시,365,,,분류 추론 — 검수 전
ASG-002504,DTY-01303,BR0000-0000002,자산,TG03,D03,SD03-1,SD03-2,해당,,상시,365,,,분류 추론 — 검수 전
ASG-002505,DTY-01303,BR1018-0000001,자산,TG03,D03,SD03-1,SD03-2,해당,,상시,365,,,분류 추론 — 검수 전
ASG-002506,DTY-01303,BR1900-0000009,자산,TG03,D03,SD03-1,SD03-2,해당,,상시,365,,,분류 추론 — 검수 전
ASG-002507,DTY-01304,,유형,TG10,D09,SD09-1,SD09-2,확인필요,조건부 의무 — 보유·해당 여부 확인 필요,상시,365,,,자산 대장 없음 — 보유 확인 필요 · 분류 추론 — 검수 전
ASG-002508,DTY-01305,,유형,TG10,D09,SD09-1,SD09-2,확인필요,조건부 의무 — 보유·해당 여부 확인 필요,상시,365,,,자산 대장 없음 — 보유 확인 필요 · 분류 추론 — 검수 전
ASG-002509,DTY-01306,,유형,TG10,D09,SD09-1,SD09-2,확인필요,조건부 의무 — 보유·해당 여부 확인 필요,상시,365,,,자산 대장 없음 — 보유 확인 필요 · 분류 추론 — 검수 전
ASG-002510,DTY-01307,,유형,TG10,D09,SD09-1,SD09-2,확인필요,조건부 의무 — 보유·해당 여부 확인 필요,상시,365,,,자산 대장 없음 — 보유 확인 필요 · 분류 추론 — 검수 전
ASG-002511,DTY-01308,,유형,TG10,D09,SD09-1,SD09-2,확인필요,조건부 의무 — 보유·해당 여부 확인 필요,상시,365,,,자산 대장 없음 — 보유 확인 필요 · 분류 추론 — 검수 전
ASG-002512,DTY-01309,,유형,TG10,D09,SD09-1,SD09-2,확인필요,조건부 의무 — 보유·해당 여부 확인 필요,상시,365,,,자산 대장 없음 — 보유 확인 필요 · 분류 추론 — 검수 전
ASG-002513,DTY-01310,,유형,TG12,D06,SD06-1,SD06-2,확인필요,조건부 의무 — 보유·해당 여부 확인 필요,상시,365,,,자산 대장 없음 — 보유 확인 필요 · 분류 추론 — 검수 전
ASG-002514,DTY-01311,,유형,TG12,D06,SD06-1,SD06-2,확인필요,조건부 의무 — 보유·해당 여부 확인 필요,상시,365,,,자산 대장 없음 — 보유 확인 필요 · 분류 추론 — 검수 전
ASG-002515,DTY-01312,,유형,TG12,D06,SD06-1,SD06-2,확인필요,조건부 의무 — 보유·해당 여부 확인 필요,상시,365,,,자산 대장 없음 — 보유 확인 필요 · 분류 추론 — 검수 전
ASG-002516,DTY-01313,,유형,TG12,D06,SD06-1,SD06-2,확인필요,조건부 의무 — 보유·해당 여부 확인 필요,반기 1회,180,,,자산 대장 없음 — 보유 확인 필요 · 분류 추론 — 검수 전
ASG-002517,DTY-01314,,유형,TG12,D06,SD06-1,SD06-2,확인필요,조건부 의무 — 보유·해당 여부 확인 필요,상시,365,,,자산 대장 없음 — 보유 확인 필요 · 분류 추론 — 검수 전
ASG-002518,DTY-01315,,유형,TG12,D06,SD06-1,SD06-2,확인필요,조건부 의무 — 보유·해당 여부 확인 필요,상시,365,,,자산 대장 없음 — 보유 확인 필요 · 분류 추론 — 검수 전
ASG-002519,DTY-01316,,유형,TG12,D06,SD06-1,SD06-2,확인필요,조건부 의무 — 보유·해당 여부 확인 필요,상시,365,,,자산 대장 없음 — 보유 확인 필요 · 분류 추론 — 검수 전
ASG-002520,DTY-01317,,유형,TG12,D06,SD06-1,SD06-2,확인필요,조건부 의무 — 보유·해당 여부 확인 필요,상시,365,,,자산 대장 없음 — 보유 확인 필요 · 분류 추론 — 검수 전
ASG-002521,DTY-01318,,유형,TG12,D06,SD06-1,SD06-2,확인필요,조건부 의무 — 보유·해당 여부 확인 필요,상시,365,,,자산 대장 없음 — 보유 확인 필요 · 분류 추론 — 검수 전
ASG-002522,DTY-01319,,유형,TG14,D10,SD10-1,SD10-2,확인필요,조건부 의무 — 보유·해당 여부 확인 필요,상시,365,,,자산 대장 없음 — 보유 확인 필요 · 분류 추론 — 검수 전
ASG-002523,DTY-01320,,유형,TG14,D10,SD10-1,SD10-2,확인필요,조건부 의무 — 보유·해당 여부 확인 필요,상시,365,,,자산 대장 없음 — 보유 확인 필요 · 분류 추론 — 검수 전
ASG-002524,DTY-01321,,유형,TG14,D10,SD10-1,SD10-2,확인필요,조건부 의무 — 보유·해당 여부 확인 필요,상시,365,,,자산 대장 없음 — 보유 확인 필요 · 분류 추론 — 검수 전
ASG-002525,DTY-01322,,유형,TG14,D10,SD10-1,SD10-2,확인필요,조건부 의무 — 보유·해당 여부 확인 필요,상시,365,,,자산 대장 없음 — 보유 확인 필요 · 분류 추론 — 검수 전
ASG-002526,DTY-01323,,유형,TG20,D09,SD09-1,SD09-2,확인필요,조건부 의무 — 보유·해당 여부 확인 필요,상시,365,,,자산 대장 없음 — 보유 확인 필요 · 분류 추론 — 검수 전
ASG-002527,DTY-01324,,유형,TG06,D13,SD13-1,SD13-2,해당,,반기 1회,180,,,분류 추론 — 검수 전
ASG-002528,DTY-01324,WG2008-0000097,자산,TG06,D13,SD13-1,SD13-2,해당,,반기 1회,180,,,분류 추론 — 검수 전
ASG-002529,DTY-01324,WG2008-0000098,자산,TG06,D13,SD13-1,SD13-2,해당,,반기 1회,180,,,분류 추론 — 검수 전
ASG-002530,DTY-01324,WG2008-0000099,자산,TG06,D13,SD13-1,SD13-2,해당,,반기 1회,180,,,분류 추론 — 검수 전
ASG-002531,DTY-01325,,유형,TG22,D11,SD11-1,SD11-2,확인필요,조건부 의무 — 보유·해당 여부 확인 필요,연1회,365,,,자산 대장 없음 — 보유 확인 필요 · 분류 추론 — 검수 전
ASG-002532,DTY-01326,,유형,TG22,D11,SD11-1,SD11-2,확인필요,조건부 의무 — 보유·해당 여부 확인 필요,반기 1회,180,,,자산 대장 없음 — 보유 확인 필요 · 분류 추론 — 검수 전
ASG-002533,DTY-01327,,유형,TG03,D03,SD03-1,SD03-2,해당,,반기 1회,180,,,분류 추론 — 검수 전
ASG-002534,DTY-01327,BR0000-0000002,자산,TG03,D03,SD03-1,SD03-2,해당,,반기 1회,180,,,분류 추론 — 검수 전
ASG-002535,DTY-01327,BR1018-0000001,자산,TG03,D03,SD03-1,SD03-2,해당,,반기 1회,180,,,분류 추론 — 검수 전
ASG-002536,DTY-01327,BR1900-0000009,자산,TG03,D03,SD03-1,SD03-2,해당,,반기 1회,180,,,분류 추론 — 검수 전
ASG-002537,DTY-01328,,유형,TG03,D03,SD03-1,SD03-2,해당,,반기 1회,180,,,분류 추론 — 검수 전
ASG-002538,DTY-01328,BR0000-0000002,자산,TG03,D03,SD03-1,SD03-2,해당,,반기 1회,180,,,분류 추론 — 검수 전
ASG-002539,DTY-01328,BR1018-0000001,자산,TG03,D03,SD03-1,SD03-2,해당,,반기 1회,180,,,분류 추론 — 검수 전
ASG-002540,DTY-01328,BR1900-0000009,자산,TG03,D03,SD03-1,SD03-2,해당,,반기 1회,180,,,분류 추론 — 검수 전
ASG-002541,DTY-01329,,유형,TG03,D03,SD03-1,SD03-2,해당,,반기 1회,180,,,분류 추론 — 검수 전
ASG-002542,DTY-01329,BR0000-0000002,자산,TG03,D03,SD03-1,SD03-2,해당,,반기 1회,180,,,분류 추론 — 검수 전
ASG-002543,DTY-01329,BR1018-0000001,자산,TG03,D03,SD03-1,SD03-2,해당,,반기 1회,180,,,분류 추론 — 검수 전
ASG-002544,DTY-01329,BR1900-0000009,자산,TG03,D03,SD03-1,SD03-2,해당,,반기 1회,180,,,분류 추론 — 검수 전
ASG-002545,DTY-01330,,유형,TG03,D03,SD03-1,SD03-2,해당,,반기 1회,180,,,분류 추론 — 검수 전
ASG-002546,DTY-01330,BR0000-0000002,자산,TG03,D03,SD03-1,SD03-2,해당,,반기 1회,180,,,분류 추론 — 검수 전
ASG-002547,DTY-01330,BR1018-0000001,자산,TG03,D03,SD03-1,SD03-2,해당,,반기 1회,180,,,분류 추론 — 검수 전
ASG-002548,DTY-01330,BR1900-0000009,자산,TG03,D03,SD03-1,SD03-2,해당,,반기 1회,180,,,분류 추론 — 검수 전
ASG-002549,DTY-01331,,유형,TG03,D03,SD03-1,SD03-2,해당,,반기 1회,180,,,분류 추론 — 검수 전
ASG-002550,DTY-01331,BR0000-0000002,자산,TG03,D03,SD03-1,SD03-2,해당,,반기 1회,180,,,분류 추론 — 검수 전
ASG-002551,DTY-01331,BR1018-0000001,자산,TG03,D03,SD03-1,SD03-2,해당,,반기 1회,180,,,분류 추론 — 검수 전
ASG-002552,DTY-01331,BR1900-0000009,자산,TG03,D03,SD03-1,SD03-2,해당,,반기 1회,180,,,분류 추론 — 검수 전
ASG-002553,DTY-01332,,유형,TG03,D03,SD03-1,SD03-2,해당,,반기 1회,180,,,분류 추론 — 검수 전
ASG-002554,DTY-01332,BR0000-0000002,자산,TG03,D03,SD03-1,SD03-2,해당,,반기 1회,180,,,분류 추론 — 검수 전
ASG-002555,DTY-01332,BR1018-0000001,자산,TG03,D03,SD03-1,SD03-2,해당,,반기 1회,180,,,분류 추론 — 검수 전
ASG-002556,DTY-01332,BR1900-0000009,자산,TG03,D03,SD03-1,SD03-2,해당,,반기 1회,180,,,분류 추론 — 검수 전
ASG-002557,DTY-01333,,유형,TG03,D03,SD03-1,SD03-2,해당,,반기 1회,180,,,분류 추론 — 검수 전
ASG-002558,DTY-01333,BR0000-0000002,자산,TG03,D03,SD03-1,SD03-2,해당,,반기 1회,180,,,분류 추론 — 검수 전
ASG-002559,DTY-01333,BR1018-0000001,자산,TG03,D03,SD03-1,SD03-2,해당,,반기 1회,180,,,분류 추론 — 검수 전
ASG-002560,DTY-01333,BR1900-0000009,자산,TG03,D03,SD03-1,SD03-2,해당,,반기 1회,180,,,분류 추론 — 검수 전
ASG-002561,DTY-01334,,유형,TG03,D03,SD03-1,SD03-2,해당,,반기 1회,180,,,분류 추론 — 검수 전
ASG-002562,DTY-01334,BR0000-0000002,자산,TG03,D03,SD03-1,SD03-2,해당,,반기 1회,180,,,분류 추론 — 검수 전
ASG-002563,DTY-01334,BR1018-0000001,자산,TG03,D03,SD03-1,SD03-2,해당,,반기 1회,180,,,분류 추론 — 검수 전
ASG-002564,DTY-01334,BR1900-0000009,자산,TG03,D03,SD03-1,SD03-2,해당,,반기 1회,180,,,분류 추론 — 검수 전
ASG-002565,DTY-01335,,유형,TG03,D03,SD03-1,SD03-2,해당,,반기 1회,180,,,분류 추론 — 검수 전
ASG-002566,DTY-01335,BR0000-0000002,자산,TG03,D03,SD03-1,SD03-2,해당,,반기 1회,180,,,분류 추론 — 검수 전
ASG-002567,DTY-01335,BR1018-0000001,자산,TG03,D03,SD03-1,SD03-2,해당,,반기 1회,180,,,분류 추론 — 검수 전
ASG-002568,DTY-01335,BR1900-0000009,자산,TG03,D03,SD03-1,SD03-2,해당,,반기 1회,180,,,분류 추론 — 검수 전
ASG-002569,DTY-01336,,유형,TG03,D03,SD03-1,SD03-2,해당,,반기 1회,180,,,분류 추론 — 검수 전
ASG-002570,DTY-01336,BR0000-0000002,자산,TG03,D03,SD03-1,SD03-2,해당,,반기 1회,180,,,분류 추론 — 검수 전
ASG-002571,DTY-01336,BR1018-0000001,자산,TG03,D03,SD03-1,SD03-2,해당,,반기 1회,180,,,분류 추론 — 검수 전
ASG-002572,DTY-01336,BR1900-0000009,자산,TG03,D03,SD03-1,SD03-2,해당,,반기 1회,180,,,분류 추론 — 검수 전
ASG-002573,DTY-01337,,유형,TG15,D10,SD10-1,SD10-2,확인필요,조건부 의무 — 보유·해당 여부 확인 필요,상시,365,,,자산 대장 없음 — 보유 확인 필요
ASG-002574,DTY-01338,,유형,TG03,D03,SD03-1,SD03-2,해당,,상시,365,,,
ASG-002575,DTY-01338,BR0000-0000002,자산,TG03,D03,SD03-1,SD03-2,해당,,상시,365,,,
ASG-002576,DTY-01338,BR1018-0000001,자산,TG03,D03,SD03-1,SD03-2,해당,,상시,365,,,
ASG-002577,DTY-01338,BR1900-0000009,자산,TG03,D03,SD03-1,SD03-2,해당,,상시,365,,,
ASG-002578,DTY-01339,,유형,TG03,D03,SD03-1,SD03-2,해당,,상시,365,,,
ASG-002579,DTY-01339,BR0000-0000002,자산,TG03,D03,SD03-1,SD03-2,해당,,상시,365,,,
ASG-002580,DTY-01339,BR1018-0000001,자산,TG03,D03,SD03-1,SD03-2,해당,,상시,365,,,
ASG-002581,DTY-01339,BR1900-0000009,자산,TG03,D03,SD03-1,SD03-2,해당,,상시,365,,,
ASG-002582,DTY-01340,,유형,TG03,D03,SD03-1,SD03-2,해당,,상시,365,,,분류 추론 — 검수 전
ASG-002583,DTY-01340,BR0000-0000002,자산,TG03,D03,SD03-1,SD03-2,해당,,상시,365,,,분류 추론 — 검수 전
ASG-002584,DTY-01340,BR1018-0000001,자산,TG03,D03,SD03-1,SD03-2,해당,,상시,365,,,분류 추론 — 검수 전
ASG-002585,DTY-01340,BR1900-0000009,자산,TG03,D03,SD03-1,SD03-2,해당,,상시,365,,,분류 추론 — 검수 전
ASG-002586,DTY-01341,,유형,TG03,D03,SD03-1,SD03-2,해당,,상시,365,,,분류 추론 — 검수 전
ASG-002587,DTY-01341,BR0000-0000002,자산,TG03,D03,SD03-1,SD03-2,해당,,상시,365,,,분류 추론 — 검수 전
ASG-002588,DTY-01341,BR1018-0000001,자산,TG03,D03,SD03-1,SD03-2,해당,,상시,365,,,분류 추론 — 검수 전
ASG-002589,DTY-01341,BR1900-0000009,자산,TG03,D03,SD03-1,SD03-2,해당,,상시,365,,,분류 추론 — 검수 전
ASG-002590,DTY-01342,,유형,TG03,D03,SD03-1,SD03-2,해당,,상시,365,,,분류 추론 — 검수 전
ASG-002591,DTY-01342,BR0000-0000002,자산,TG03,D03,SD03-1,SD03-2,해당,,상시,365,,,분류 추론 — 검수 전
ASG-002592,DTY-01342,BR1018-0000001,자산,TG03,D03,SD03-1,SD03-2,해당,,상시,365,,,분류 추론 — 검수 전
ASG-002593,DTY-01342,BR1900-0000009,자산,TG03,D03,SD03-1,SD03-2,해당,,상시,365,,,분류 추론 — 검수 전
ASG-002594,DTY-01343,,유형,TG03,D03,SD03-1,SD03-2,해당,,상시,365,,,분류 추론 — 검수 전
ASG-002595,DTY-01343,BR0000-0000002,자산,TG03,D03,SD03-1,SD03-2,해당,,상시,365,,,분류 추론 — 검수 전
ASG-002596,DTY-01343,BR1018-0000001,자산,TG03,D03,SD03-1,SD03-2,해당,,상시,365,,,분류 추론 — 검수 전
ASG-002597,DTY-01343,BR1900-0000009,자산,TG03,D03,SD03-1,SD03-2,해당,,상시,365,,,분류 추론 — 검수 전
ASG-002598,DTY-01344,,유형,TG03,D03,SD03-1,SD03-2,해당,,상시,365,,,분류 추론 — 검수 전
ASG-002599,DTY-01344,BR0000-0000002,자산,TG03,D03,SD03-1,SD03-2,해당,,상시,365,,,분류 추론 — 검수 전
ASG-002600,DTY-01344,BR1018-0000001,자산,TG03,D03,SD03-1,SD03-2,해당,,상시,365,,,분류 추론 — 검수 전
ASG-002601,DTY-01344,BR1900-0000009,자산,TG03,D03,SD03-1,SD03-2,해당,,상시,365,,,분류 추론 — 검수 전
ASG-002602,DTY-01345,,유형,TG03,D03,SD03-1,SD03-2,해당,,상시,365,,,분류 추론 — 검수 전
ASG-002603,DTY-01345,BR0000-0000002,자산,TG03,D03,SD03-1,SD03-2,해당,,상시,365,,,분류 추론 — 검수 전
ASG-002604,DTY-01345,BR1018-0000001,자산,TG03,D03,SD03-1,SD03-2,해당,,상시,365,,,분류 추론 — 검수 전
ASG-002605,DTY-01345,BR1900-0000009,자산,TG03,D03,SD03-1,SD03-2,해당,,상시,365,,,분류 추론 — 검수 전
ASG-002606,DTY-01346,,유형,TG03,D03,SD03-1,SD03-2,해당,,반기 1회,180,,,분류 추론 — 검수 전
ASG-002607,DTY-01346,BR0000-0000002,자산,TG03,D03,SD03-1,SD03-2,해당,,반기 1회,180,,,분류 추론 — 검수 전
ASG-002608,DTY-01346,BR1018-0000001,자산,TG03,D03,SD03-1,SD03-2,해당,,반기 1회,180,,,분류 추론 — 검수 전
ASG-002609,DTY-01346,BR1900-0000009,자산,TG03,D03,SD03-1,SD03-2,해당,,반기 1회,180,,,분류 추론 — 검수 전
ASG-002610,DTY-01347,,유형,TG03,D03,SD03-1,SD03-2,해당,,반기 1회,180,,,분류 추론 — 검수 전
ASG-002611,DTY-01347,BR0000-0000002,자산,TG03,D03,SD03-1,SD03-2,해당,,반기 1회,180,,,분류 추론 — 검수 전
ASG-002612,DTY-01347,BR1018-0000001,자산,TG03,D03,SD03-1,SD03-2,해당,,반기 1회,180,,,분류 추론 — 검수 전
ASG-002613,DTY-01347,BR1900-0000009,자산,TG03,D03,SD03-1,SD03-2,해당,,반기 1회,180,,,분류 추론 — 검수 전
ASG-002614,DTY-01348,,유형,TG27,D03,SD03-1,SD03-2,확인필요,조건부 의무 — 보유·해당 여부 확인 필요,상시,365,,,자산 대장 없음 — 보유 확인 필요
ASG-002615,DTY-01349,,유형,TG27,D03,SD03-1,SD03-2,확인필요,조건부 의무 — 보유·해당 여부 확인 필요,상시,365,,,자산 대장 없음 — 보유 확인 필요 · 분류 추론 — 검수 전
ASG-002616,DTY-01350,,유형,TG27,D03,SD03-1,SD03-2,확인필요,조건부 의무 — 보유·해당 여부 확인 필요,반기 1회,180,,,자산 대장 없음 — 보유 확인 필요 · 분류 추론 — 검수 전
ASG-002617,DTY-01351,,유형,TG27,D03,SD03-1,SD03-2,확인필요,조건부 의무 — 보유·해당 여부 확인 필요,상시,365,,,자산 대장 없음 — 보유 확인 필요 · 분류 추론 — 검수 전
ASG-002618,DTY-01352,,유형,TG27,D03,SD03-1,SD03-2,확인필요,조건부 의무 — 보유·해당 여부 확인 필요,상시,365,,,자산 대장 없음 — 보유 확인 필요 · 분류 추론 — 검수 전
ASG-002619,DTY-01353,,유형,TG27,D03,SD03-1,SD03-2,확인필요,조건부 의무 — 보유·해당 여부 확인 필요,상시,365,,,자산 대장 없음 — 보유 확인 필요 · 분류 추론 — 검수 전
ASG-002620,DTY-01354,,유형,TG27,D03,SD03-1,SD03-2,확인필요,조건부 의무 — 보유·해당 여부 확인 필요,상시,365,,,자산 대장 없음 — 보유 확인 필요 · 분류 추론 — 검수 전
ASG-002621,DTY-01355,,유형,TG27,D03,SD03-1,SD03-2,확인필요,조건부 의무 — 보유·해당 여부 확인 필요,상시,365,,,자산 대장 없음 — 보유 확인 필요 · 분류 추론 — 검수 전
ASG-002622,DTY-01356,,유형,TG27,D03,SD03-1,SD03-2,확인필요,조건부 의무 — 보유·해당 여부 확인 필요,반기 1회,180,,,자산 대장 없음 — 보유 확인 필요 · 분류 추론 — 검수 전
ASG-002623,DTY-01357,,유형,TG27,D03,SD03-1,SD03-2,확인필요,조건부 의무 — 보유·해당 여부 확인 필요,반기 1회,180,,,자산 대장 없음 — 보유 확인 필요
ASG-002624,DTY-01358,,유형,TG27,D03,SD03-1,SD03-2,확인필요,조건부 의무 — 보유·해당 여부 확인 필요,반기 1회,180,,,자산 대장 없음 — 보유 확인 필요 · 분류 추론 — 검수 전
ASG-002625,DTY-01359,,유형,TG99,D99,,,확인필요,조건부 의무 — 보유·해당 여부 확인 필요,상시,365,,,정본 미반영 — 새 정독(검수 전) · 관리대상 확인 필요
ASG-002626,DTY-01360,,유형,TG99,D99,,,확인필요,조건부 의무 — 보유·해당 여부 확인 필요,상시,365,,,정본 미반영 — 새 정독(검수 전) · 관리대상 확인 필요
ASG-002627,DTY-01361,,유형,TG99,D99,,,확인필요,조건부 의무 — 보유·해당 여부 확인 필요,상시,365,,,정본 미반영 — 새 정독(검수 전) · 관리대상 확인 필요
ASG-002628,DTY-01362,,유형,TG99,D99,,,확인필요,조건부 의무 — 보유·해당 여부 확인 필요,상시,365,,,정본 미반영 — 새 정독(검수 전) · 관리대상 확인 필요
ASG-002629,DTY-01363,,유형,TG01,D04,SD04-1,SD04-2,해당,,상시,365,,,분류 추론 — 검수 전
ASG-002630,DTY-01363,ST2005-0000048,자산,TG01,D04,SD04-1,SD04-2,해당,,상시,365,,,분류 추론 — 검수 전
ASG-002631,DTY-01363,ST2005-0000049,자산,TG01,D04,SD04-1,SD04-2,해당,,상시,365,,,분류 추론 — 검수 전
ASG-002632,DTY-01363,ST2009-0000031,자산,TG01,D04,SD04-1,SD04-2,해당,,상시,365,,,분류 추론 — 검수 전
ASG-002633,DTY-01364,,유형,TG01,D04,SD04-1,SD04-2,해당,,상시,365,,,분류 추론 — 검수 전
ASG-002634,DTY-01364,ST2005-0000048,자산,TG01,D04,SD04-1,SD04-2,해당,,상시,365,,,분류 추론 — 검수 전
ASG-002635,DTY-01364,ST2005-0000049,자산,TG01,D04,SD04-1,SD04-2,해당,,상시,365,,,분류 추론 — 검수 전
ASG-002636,DTY-01364,ST2009-0000031,자산,TG01,D04,SD04-1,SD04-2,해당,,상시,365,,,분류 추론 — 검수 전
ASG-002637,DTY-01365,,유형,TG01,D04,SD04-1,SD04-2,해당,,상시,365,,,분류 추론 — 검수 전
ASG-002638,DTY-01365,ST2005-0000048,자산,TG01,D04,SD04-1,SD04-2,해당,,상시,365,,,분류 추론 — 검수 전
ASG-002639,DTY-01365,ST2005-0000049,자산,TG01,D04,SD04-1,SD04-2,해당,,상시,365,,,분류 추론 — 검수 전
ASG-002640,DTY-01365,ST2009-0000031,자산,TG01,D04,SD04-1,SD04-2,해당,,상시,365,,,분류 추론 — 검수 전
ASG-002641,DTY-01366,,유형,TG01,D04,SD04-1,SD04-2,해당,,상시,365,,,분류 추론 — 검수 전
ASG-002642,DTY-01366,ST2005-0000048,자산,TG01,D04,SD04-1,SD04-2,해당,,상시,365,,,분류 추론 — 검수 전
ASG-002643,DTY-01366,ST2005-0000049,자산,TG01,D04,SD04-1,SD04-2,해당,,상시,365,,,분류 추론 — 검수 전
ASG-002644,DTY-01366,ST2009-0000031,자산,TG01,D04,SD04-1,SD04-2,해당,,상시,365,,,분류 추론 — 검수 전
ASG-002645,DTY-01367,,유형,TG01,D04,SD04-1,SD04-2,해당,,연1회,365,,,분류 추론 — 검수 전
ASG-002646,DTY-01367,ST2005-0000048,자산,TG01,D04,SD04-1,SD04-2,해당,,연1회,365,,,분류 추론 — 검수 전
ASG-002647,DTY-01367,ST2005-0000049,자산,TG01,D04,SD04-1,SD04-2,해당,,연1회,365,,,분류 추론 — 검수 전
ASG-002648,DTY-01367,ST2009-0000031,자산,TG01,D04,SD04-1,SD04-2,해당,,연1회,365,,,분류 추론 — 검수 전
ASG-002649,DTY-01368,,유형,TG01,D04,SD04-1,SD04-2,해당,,연1회,365,,,분류 추론 — 검수 전
ASG-002650,DTY-01368,ST2005-0000048,자산,TG01,D04,SD04-1,SD04-2,해당,,연1회,365,,,분류 추론 — 검수 전
ASG-002651,DTY-01368,ST2005-0000049,자산,TG01,D04,SD04-1,SD04-2,해당,,연1회,365,,,분류 추론 — 검수 전
ASG-002652,DTY-01368,ST2009-0000031,자산,TG01,D04,SD04-1,SD04-2,해당,,연1회,365,,,분류 추론 — 검수 전
ASG-002653,DTY-01369,,유형,TG01,D04,SD04-1,SD04-2,해당,,상시,365,,,분류 추론 — 검수 전
ASG-002654,DTY-01369,ST2005-0000048,자산,TG01,D04,SD04-1,SD04-2,해당,,상시,365,,,분류 추론 — 검수 전
ASG-002655,DTY-01369,ST2005-0000049,자산,TG01,D04,SD04-1,SD04-2,해당,,상시,365,,,분류 추론 — 검수 전
ASG-002656,DTY-01369,ST2009-0000031,자산,TG01,D04,SD04-1,SD04-2,해당,,상시,365,,,분류 추론 — 검수 전
ASG-002657,DTY-01370,,유형,TG01,D04,SD04-1,SD04-2,해당,,상시,365,,,분류 추론 — 검수 전
ASG-002658,DTY-01370,ST2005-0000048,자산,TG01,D04,SD04-1,SD04-2,해당,,상시,365,,,분류 추론 — 검수 전
ASG-002659,DTY-01370,ST2005-0000049,자산,TG01,D04,SD04-1,SD04-2,해당,,상시,365,,,분류 추론 — 검수 전
ASG-002660,DTY-01370,ST2009-0000031,자산,TG01,D04,SD04-1,SD04-2,해당,,상시,365,,,분류 추론 — 검수 전
ASG-002661,DTY-01371,,유형,TG01,D04,SD04-1,SD04-2,해당,,상시,365,,,분류 추론 — 검수 전
ASG-002662,DTY-01371,ST2005-0000048,자산,TG01,D04,SD04-1,SD04-2,해당,,상시,365,,,분류 추론 — 검수 전
ASG-002663,DTY-01371,ST2005-0000049,자산,TG01,D04,SD04-1,SD04-2,해당,,상시,365,,,분류 추론 — 검수 전
ASG-002664,DTY-01371,ST2009-0000031,자산,TG01,D04,SD04-1,SD04-2,해당,,상시,365,,,분류 추론 — 검수 전
ASG-002665,DTY-01372,,유형,TG01,D04,SD04-1,SD04-2,해당,,상시,365,,,분류 추론 — 검수 전
ASG-002666,DTY-01372,ST2005-0000048,자산,TG01,D04,SD04-1,SD04-2,해당,,상시,365,,,분류 추론 — 검수 전
ASG-002667,DTY-01372,ST2005-0000049,자산,TG01,D04,SD04-1,SD04-2,해당,,상시,365,,,분류 추론 — 검수 전
ASG-002668,DTY-01372,ST2009-0000031,자산,TG01,D04,SD04-1,SD04-2,해당,,상시,365,,,분류 추론 — 검수 전
ASG-002669,DTY-01373,,유형,TG01,D04,SD04-1,SD04-2,해당,,상시,365,,,분류 추론 — 검수 전
ASG-002670,DTY-01373,ST2005-0000048,자산,TG01,D04,SD04-1,SD04-2,해당,,상시,365,,,분류 추론 — 검수 전
ASG-002671,DTY-01373,ST2005-0000049,자산,TG01,D04,SD04-1,SD04-2,해당,,상시,365,,,분류 추론 — 검수 전
ASG-002672,DTY-01373,ST2009-0000031,자산,TG01,D04,SD04-1,SD04-2,해당,,상시,365,,,분류 추론 — 검수 전
ASG-002673,DTY-01374,,유형,TG01,D04,SD04-1,SD04-2,해당,,상시,365,,,분류 추론 — 검수 전
ASG-002674,DTY-01374,ST2005-0000048,자산,TG01,D04,SD04-1,SD04-2,해당,,상시,365,,,분류 추론 — 검수 전
ASG-002675,DTY-01374,ST2005-0000049,자산,TG01,D04,SD04-1,SD04-2,해당,,상시,365,,,분류 추론 — 검수 전
ASG-002676,DTY-01374,ST2009-0000031,자산,TG01,D04,SD04-1,SD04-2,해당,,상시,365,,,분류 추론 — 검수 전
ASG-002677,DTY-01375,,유형,TG01,D04,SD04-1,SD04-2,해당,,상시,365,,,분류 추론 — 검수 전
ASG-002678,DTY-01375,ST2005-0000048,자산,TG01,D04,SD04-1,SD04-2,해당,,상시,365,,,분류 추론 — 검수 전
ASG-002679,DTY-01375,ST2005-0000049,자산,TG01,D04,SD04-1,SD04-2,해당,,상시,365,,,분류 추론 — 검수 전
ASG-002680,DTY-01375,ST2009-0000031,자산,TG01,D04,SD04-1,SD04-2,해당,,상시,365,,,분류 추론 — 검수 전
ASG-002681,DTY-01376,,유형,TG01,D04,SD04-1,SD04-2,해당,,상시,365,,,분류 추론 — 검수 전
ASG-002682,DTY-01376,ST2005-0000048,자산,TG01,D04,SD04-1,SD04-2,해당,,상시,365,,,분류 추론 — 검수 전
ASG-002683,DTY-01376,ST2005-0000049,자산,TG01,D04,SD04-1,SD04-2,해당,,상시,365,,,분류 추론 — 검수 전
ASG-002684,DTY-01376,ST2009-0000031,자산,TG01,D04,SD04-1,SD04-2,해당,,상시,365,,,분류 추론 — 검수 전
ASG-002685,DTY-01377,,유형,TG01,D04,SD04-1,SD04-2,해당,,상시,365,,,분류 추론 — 검수 전
ASG-002686,DTY-01377,ST2005-0000048,자산,TG01,D04,SD04-1,SD04-2,해당,,상시,365,,,분류 추론 — 검수 전
ASG-002687,DTY-01377,ST2005-0000049,자산,TG01,D04,SD04-1,SD04-2,해당,,상시,365,,,분류 추론 — 검수 전
ASG-002688,DTY-01377,ST2009-0000031,자산,TG01,D04,SD04-1,SD04-2,해당,,상시,365,,,분류 추론 — 검수 전
ASG-002689,DTY-01378,,유형,TG01,D04,SD04-1,SD04-2,해당,,상시,365,,,분류 추론 — 검수 전
ASG-002690,DTY-01378,ST2005-0000048,자산,TG01,D04,SD04-1,SD04-2,해당,,상시,365,,,분류 추론 — 검수 전
ASG-002691,DTY-01378,ST2005-0000049,자산,TG01,D04,SD04-1,SD04-2,해당,,상시,365,,,분류 추론 — 검수 전
ASG-002692,DTY-01378,ST2009-0000031,자산,TG01,D04,SD04-1,SD04-2,해당,,상시,365,,,분류 추론 — 검수 전
ASG-002693,DTY-01379,,유형,TG01,D04,SD04-1,SD04-2,해당,,상시,365,,,
ASG-002694,DTY-01379,ST2005-0000048,자산,TG01,D04,SD04-1,SD04-2,해당,,상시,365,,,
ASG-002695,DTY-01379,ST2005-0000049,자산,TG01,D04,SD04-1,SD04-2,해당,,상시,365,,,
ASG-002696,DTY-01379,ST2009-0000031,자산,TG01,D04,SD04-1,SD04-2,해당,,상시,365,,,
ASG-002697,DTY-01380,,유형,TG01,D04,SD04-1,SD04-2,해당,,상시,365,,,분류 추론 — 검수 전
ASG-002698,DTY-01380,ST2005-0000048,자산,TG01,D04,SD04-1,SD04-2,해당,,상시,365,,,분류 추론 — 검수 전
ASG-002699,DTY-01380,ST2005-0000049,자산,TG01,D04,SD04-1,SD04-2,해당,,상시,365,,,분류 추론 — 검수 전
ASG-002700,DTY-01380,ST2009-0000031,자산,TG01,D04,SD04-1,SD04-2,해당,,상시,365,,,분류 추론 — 검수 전
ASG-002701,DTY-01381,,유형,TG01,D04,SD04-1,SD04-2,해당,,반기 1회,180,,,분류 추론 — 검수 전
ASG-002702,DTY-01381,ST2005-0000048,자산,TG01,D04,SD04-1,SD04-2,해당,,반기 1회,180,,,분류 추론 — 검수 전
ASG-002703,DTY-01381,ST2005-0000049,자산,TG01,D04,SD04-1,SD04-2,해당,,반기 1회,180,,,분류 추론 — 검수 전
ASG-002704,DTY-01381,ST2009-0000031,자산,TG01,D04,SD04-1,SD04-2,해당,,반기 1회,180,,,분류 추론 — 검수 전
ASG-002705,DTY-01382,,유형,TG16,D09,SD09-1,SD09-2,확인필요,조건부 의무 — 보유·해당 여부 확인 필요,반기 1회,180,,,자산 대장 없음 — 보유 확인 필요
ASG-002706,DTY-01383,,유형,TG13,D09,SD09-1,SD09-2,해당,,반기 1회,180,,,
ASG-002707,DTY-01383,AR1967-0000142,자산,TG13,D09,SD09-1,SD09-2,해당,,반기 1회,180,,,
ASG-002708,DTY-01383,AR1969-0000298,자산,TG13,D09,SD09-1,SD09-2,해당,,반기 1회,180,,,
ASG-002709,DTY-01383,AR1969-0000299,자산,TG13,D09,SD09-1,SD09-2,해당,,반기 1회,180,,,
ASG-002710,DTY-01384,,유형,TG16,D09,SD09-1,SD09-2,확인필요,조건부 의무 — 보유·해당 여부 확인 필요,반기 1회,180,,,자산 대장 없음 — 보유 확인 필요
ASG-002711,DTY-01385,,유형,TG16,D09,SD09-1,SD09-2,확인필요,조건부 의무 — 보유·해당 여부 확인 필요,반기 1회,180,,,자산 대장 없음 — 보유 확인 필요
ASG-002712,DTY-01386,,유형,TG16,D09,SD09-1,SD09-2,확인필요,조건부 의무 — 보유·해당 여부 확인 필요,상시,365,,,자산 대장 없음 — 보유 확인 필요
ASG-002713,DTY-01387,,유형,TG16,D09,SD09-1,SD09-2,확인필요,조건부 의무 — 보유·해당 여부 확인 필요,수시,180,,,자산 대장 없음 — 보유 확인 필요
ASG-002714,DTY-01388,,유형,TG16,D09,SD09-1,SD09-2,확인필요,조건부 의무 — 보유·해당 여부 확인 필요,수시,180,,,자산 대장 없음 — 보유 확인 필요
ASG-002715,DTY-01389,,유형,TG16,D09,SD09-1,SD09-2,확인필요,조건부 의무 — 보유·해당 여부 확인 필요,수시,180,,,자산 대장 없음 — 보유 확인 필요
ASG-002716,DTY-01390,,유형,TG16,D09,SD09-1,SD09-2,확인필요,조건부 의무 — 보유·해당 여부 확인 필요,수시,180,,,자산 대장 없음 — 보유 확인 필요
ASG-002717,DTY-01391,,유형,TG16,D09,SD09-1,SD09-2,확인필요,조건부 의무 — 보유·해당 여부 확인 필요,수시,180,,,자산 대장 없음 — 보유 확인 필요
ASG-002718,DTY-01392,,유형,TG16,D09,SD09-1,SD09-2,확인필요,조건부 의무 — 보유·해당 여부 확인 필요,상시,365,,,자산 대장 없음 — 보유 확인 필요
ASG-002719,DTY-01393,,유형,TG16,D09,SD09-1,SD09-2,확인필요,조건부 의무 — 보유·해당 여부 확인 필요,상시,365,,,자산 대장 없음 — 보유 확인 필요
ASG-002720,DTY-01394,,유형,TG25,D02,SD02-1,SD02-2,해당,,상시,365,,,분류 추론 — 검수 전
ASG-002721,DTY-01394,AR1967-0000142,자산,TG25,D02,SD02-1,SD02-2,해당,,상시,365,,,분류 추론 — 검수 전
ASG-002722,DTY-01394,AR1969-0000298,자산,TG25,D02,SD02-1,SD02-2,해당,,상시,365,,,분류 추론 — 검수 전
ASG-002723,DTY-01394,AR1969-0000299,자산,TG25,D02,SD02-1,SD02-2,해당,,상시,365,,,분류 추론 — 검수 전
ASG-002724,DTY-01395,,유형,TG25,D02,SD02-1,SD02-2,해당,,반기 1회,180,,,분류 추론 — 검수 전
ASG-002725,DTY-01395,AR1967-0000142,자산,TG25,D02,SD02-1,SD02-2,해당,,반기 1회,180,,,분류 추론 — 검수 전
ASG-002726,DTY-01395,AR1969-0000298,자산,TG25,D02,SD02-1,SD02-2,해당,,반기 1회,180,,,분류 추론 — 검수 전
ASG-002727,DTY-01395,AR1969-0000299,자산,TG25,D02,SD02-1,SD02-2,해당,,반기 1회,180,,,분류 추론 — 검수 전
ASG-002728,DTY-01396,,유형,TG25,D02,SD02-1,SD02-2,해당,,상시,365,,,분류 추론 — 검수 전
ASG-002729,DTY-01396,AR1967-0000142,자산,TG25,D02,SD02-1,SD02-2,해당,,상시,365,,,분류 추론 — 검수 전
ASG-002730,DTY-01396,AR1969-0000298,자산,TG25,D02,SD02-1,SD02-2,해당,,상시,365,,,분류 추론 — 검수 전
ASG-002731,DTY-01396,AR1969-0000299,자산,TG25,D02,SD02-1,SD02-2,해당,,상시,365,,,분류 추론 — 검수 전
ASG-002732,DTY-01397,,유형,TG07,D07,SD07-1,SD07-2,확인필요,조건부 의무 — 보유·해당 여부 확인 필요,상시,365,,,자산 대장 없음 — 보유 확인 필요 · 분류 추론 — 검수 전
ASG-002733,DTY-01398,,유형,TG07,D07,SD07-1,SD07-2,확인필요,조건부 의무 — 보유·해당 여부 확인 필요,상시,365,,,자산 대장 없음 — 보유 확인 필요 · 분류 추론 — 검수 전
ASG-002734,DTY-01399,,유형,TG07,D07,SD07-1,SD07-2,확인필요,조건부 의무 — 보유·해당 여부 확인 필요,상시,365,,,자산 대장 없음 — 보유 확인 필요 · 분류 추론 — 검수 전
ASG-002735,DTY-01400,,유형,TG07,D07,SD07-1,SD07-2,확인필요,조건부 의무 — 보유·해당 여부 확인 필요,상시,365,,,자산 대장 없음 — 보유 확인 필요 · 분류 추론 — 검수 전
ASG-002736,DTY-01401,,유형,TG07,D07,SD07-1,SD07-2,확인필요,조건부 의무 — 보유·해당 여부 확인 필요,상시,365,,,자산 대장 없음 — 보유 확인 필요 · 분류 추론 — 검수 전
ASG-002737,DTY-01402,,유형,TG07,D07,SD07-1,SD07-2,확인필요,조건부 의무 — 보유·해당 여부 확인 필요,반기 1회,180,,,자산 대장 없음 — 보유 확인 필요 · 분류 추론 — 검수 전
ASG-002738,DTY-01403,,유형,TG07,D07,SD07-1,SD07-2,확인필요,조건부 의무 — 보유·해당 여부 확인 필요,반기 1회,180,,,자산 대장 없음 — 보유 확인 필요 · 분류 추론 — 검수 전
ASG-002739,DTY-01404,,유형,TG07,D07,SD07-1,SD07-2,확인필요,조건부 의무 — 보유·해당 여부 확인 필요,상시,365,,,자산 대장 없음 — 보유 확인 필요 · 분류 추론 — 검수 전
ASG-002740,DTY-01405,,유형,TG07,D07,SD07-1,SD07-2,확인필요,조건부 의무 — 보유·해당 여부 확인 필요,상시,365,,,자산 대장 없음 — 보유 확인 필요 · 분류 추론 — 검수 전
ASG-002741,DTY-01406,,유형,TG07,D07,SD07-1,SD07-2,확인필요,조건부 의무 — 보유·해당 여부 확인 필요,연1회,365,,,자산 대장 없음 — 보유 확인 필요 · 분류 추론 — 검수 전
ASG-002742,DTY-01407,,유형,TG07,D07,SD07-1,SD07-2,확인필요,조건부 의무 — 보유·해당 여부 확인 필요,반기 1회,180,,,자산 대장 없음 — 보유 확인 필요 · 분류 추론 — 검수 전
ASG-002743,DTY-01408,,유형,TG07,D07,SD07-1,SD07-2,확인필요,조건부 의무 — 보유·해당 여부 확인 필요,반기 1회,180,,,자산 대장 없음 — 보유 확인 필요 · 분류 추론 — 검수 전
ASG-002744,DTY-01409,,유형,TG07,D07,SD07-1,SD07-2,확인필요,조건부 의무 — 보유·해당 여부 확인 필요,상시,365,,,자산 대장 없음 — 보유 확인 필요 · 분류 추론 — 검수 전
ASG-002745,DTY-01410,,유형,TG07,D07,SD07-1,SD07-2,확인필요,조건부 의무 — 보유·해당 여부 확인 필요,상시,365,,,자산 대장 없음 — 보유 확인 필요 · 분류 추론 — 검수 전
ASG-002746,DTY-01411,,유형,TG07,D07,SD07-1,SD07-2,확인필요,조건부 의무 — 보유·해당 여부 확인 필요,상시,365,,,자산 대장 없음 — 보유 확인 필요 · 분류 추론 — 검수 전
ASG-002747,DTY-01412,,유형,TG07,D07,SD07-1,SD07-2,확인필요,조건부 의무 — 보유·해당 여부 확인 필요,연1회,365,,,자산 대장 없음 — 보유 확인 필요 · 분류 추론 — 검수 전
ASG-002748,DTY-01413,,유형,TG07,D07,SD07-1,SD07-2,확인필요,조건부 의무 — 보유·해당 여부 확인 필요,상시,365,,,자산 대장 없음 — 보유 확인 필요 · 분류 추론 — 검수 전
ASG-002749,DTY-01414,,유형,TG07,D07,SD07-1,SD07-2,확인필요,조건부 의무 — 보유·해당 여부 확인 필요,상시,365,,,자산 대장 없음 — 보유 확인 필요 · 분류 추론 — 검수 전
ASG-002750,DTY-01415,,유형,TG07,D07,SD07-1,SD07-2,확인필요,조건부 의무 — 보유·해당 여부 확인 필요,상시,365,,,자산 대장 없음 — 보유 확인 필요 · 분류 추론 — 검수 전
ASG-002751,DTY-01416,,유형,TG07,D07,SD07-1,SD07-2,확인필요,조건부 의무 — 보유·해당 여부 확인 필요,연1회,365,,,자산 대장 없음 — 보유 확인 필요 · 분류 추론 — 검수 전
ASG-002752,DTY-01417,,유형,TG07,D07,SD07-1,SD07-2,확인필요,조건부 의무 — 보유·해당 여부 확인 필요,상시,365,,,자산 대장 없음 — 보유 확인 필요 · 분류 추론 — 검수 전
ASG-002753,DTY-01418,,유형,TG07,D07,SD07-1,SD07-2,확인필요,조건부 의무 — 보유·해당 여부 확인 필요,상시,365,,,자산 대장 없음 — 보유 확인 필요 · 분류 추론 — 검수 전
ASG-002754,DTY-01419,,유형,TG07,D07,SD07-1,SD07-2,확인필요,조건부 의무 — 보유·해당 여부 확인 필요,상시,365,,,자산 대장 없음 — 보유 확인 필요 · 분류 추론 — 검수 전
ASG-002755,DTY-01420,,유형,TG07,D07,SD07-1,SD07-2,확인필요,조건부 의무 — 보유·해당 여부 확인 필요,연1회,365,,,자산 대장 없음 — 보유 확인 필요 · 분류 추론 — 검수 전
ASG-002756,DTY-01421,,유형,TG99,D99,,,확인필요,조건부 의무 — 보유·해당 여부 확인 필요,반기 1회,180,,,정본 미반영 — 새 정독(검수 전) · 관리대상 확인 필요
ASG-002757,DTY-01422,,유형,TG99,D99,,,확인필요,조건부 의무 — 보유·해당 여부 확인 필요,상시,365,,,정본 미반영 — 새 정독(검수 전) · 관리대상 확인 필요
ASG-002758,DTY-01423,,유형,TG99,D99,,,확인필요,조건부 의무 — 보유·해당 여부 확인 필요,상시,365,,,정본 미반영 — 새 정독(검수 전) · 관리대상 확인 필요
ASG-002759,DTY-01424,,유형,TG99,D99,,,확인필요,조건부 의무 — 보유·해당 여부 확인 필요,상시,365,,,정본 미반영 — 새 정독(검수 전) · 관리대상 확인 필요
ASG-002760,DTY-01425,,유형,TG99,D99,,,확인필요,조건부 의무 — 보유·해당 여부 확인 필요,반기 1회,180,,,정본 미반영 — 새 정독(검수 전) · 관리대상 확인 필요
ASG-002761,DTY-01426,,유형,TG99,D99,,,확인필요,조건부 의무 — 보유·해당 여부 확인 필요,반기 1회,180,,,정본 미반영 — 새 정독(검수 전) · 관리대상 확인 필요
ASG-002762,DTY-01427,,유형,TG99,D99,,,확인필요,조건부 의무 — 보유·해당 여부 확인 필요,반기 1회,180,,,정본 미반영 — 새 정독(검수 전) · 관리대상 확인 필요
ASG-002763,DTY-01428,,유형,TG99,D99,,,확인필요,조건부 의무 — 보유·해당 여부 확인 필요,반기 1회,180,,,정본 미반영 — 새 정독(검수 전) · 관리대상 확인 필요
ASG-002764,DTY-01429,,유형,TG99,D99,,,확인필요,조건부 의무 — 보유·해당 여부 확인 필요,상시,365,,,정본 미반영 — 새 정독(검수 전) · 관리대상 확인 필요
ASG-002765,DTY-01430,,유형,TG99,D99,,,확인필요,조건부 의무 — 보유·해당 여부 확인 필요,상시,365,,,정본 미반영 — 새 정독(검수 전) · 관리대상 확인 필요
ASG-002766,DTY-01431,,유형,TG99,D99,,,확인필요,조건부 의무 — 보유·해당 여부 확인 필요,상시,365,,,정본 미반영 — 새 정독(검수 전) · 관리대상 확인 필요
ASG-002767,DTY-01432,,유형,TG06,D13,SD13-1,SD13-2,해당,,상시,365,,,분류 추론 — 검수 전
ASG-002768,DTY-01432,WG2008-0000097,자산,TG06,D13,SD13-1,SD13-2,해당,,상시,365,,,분류 추론 — 검수 전
ASG-002769,DTY-01432,WG2008-0000098,자산,TG06,D13,SD13-1,SD13-2,해당,,상시,365,,,분류 추론 — 검수 전
ASG-002770,DTY-01432,WG2008-0000099,자산,TG06,D13,SD13-1,SD13-2,해당,,상시,365,,,분류 추론 — 검수 전
ASG-002771,DTY-01433,,유형,TG06,D13,SD13-1,SD13-2,해당,,상시,365,,,분류 추론 — 검수 전
ASG-002772,DTY-01433,WG2008-0000097,자산,TG06,D13,SD13-1,SD13-2,해당,,상시,365,,,분류 추론 — 검수 전
ASG-002773,DTY-01433,WG2008-0000098,자산,TG06,D13,SD13-1,SD13-2,해당,,상시,365,,,분류 추론 — 검수 전
ASG-002774,DTY-01433,WG2008-0000099,자산,TG06,D13,SD13-1,SD13-2,해당,,상시,365,,,분류 추론 — 검수 전
ASG-002775,DTY-01434,,유형,TG06,D13,SD13-1,SD13-2,해당,,수시,180,,,
ASG-002776,DTY-01434,WG2008-0000097,자산,TG06,D13,SD13-1,SD13-2,해당,,수시,180,,,
ASG-002777,DTY-01434,WG2008-0000098,자산,TG06,D13,SD13-1,SD13-2,해당,,수시,180,,,
ASG-002778,DTY-01434,WG2008-0000099,자산,TG06,D13,SD13-1,SD13-2,해당,,수시,180,,,
ASG-002779,DTY-01435,,유형,TG11,D11,SD11-1,SD11-2,확인필요,조건부 의무 — 보유·해당 여부 확인 필요,수시,180,,,자산 대장 없음 — 보유 확인 필요
ASG-002780,DTY-01436,,유형,TG11,D11,SD11-1,SD11-2,확인필요,조건부 의무 — 보유·해당 여부 확인 필요,상시,365,,,자산 대장 없음 — 보유 확인 필요 · 분류 추론 — 검수 전
ASG-002781,DTY-01437,,유형,TG11,D11,SD11-1,SD11-2,확인필요,조건부 의무 — 보유·해당 여부 확인 필요,상시,365,,,자산 대장 없음 — 보유 확인 필요 · 분류 추론 — 검수 전
ASG-002782,DTY-01438,,유형,TG11,D11,SD11-1,SD11-2,확인필요,조건부 의무 — 보유·해당 여부 확인 필요,상시,365,,,자산 대장 없음 — 보유 확인 필요 · 분류 추론 — 검수 전
ASG-002783,DTY-01439,,유형,TG11,D11,SD11-1,SD11-2,확인필요,조건부 의무 — 보유·해당 여부 확인 필요,상시,365,,,자산 대장 없음 — 보유 확인 필요 · 분류 추론 — 검수 전
ASG-002784,DTY-01440,,유형,TG11,D11,SD11-1,SD11-2,확인필요,조건부 의무 — 보유·해당 여부 확인 필요,상시,365,,,자산 대장 없음 — 보유 확인 필요 · 분류 추론 — 검수 전
ASG-002785,DTY-01441,,유형,TG11,D11,SD11-1,SD11-2,확인필요,조건부 의무 — 보유·해당 여부 확인 필요,상시,365,,,자산 대장 없음 — 보유 확인 필요 · 분류 추론 — 검수 전
ASG-002786,DTY-01442,,유형,TG11,D11,SD11-1,SD11-2,확인필요,조건부 의무 — 보유·해당 여부 확인 필요,상시,365,,,자산 대장 없음 — 보유 확인 필요 · 분류 추론 — 검수 전
ASG-002787,DTY-01443,,유형,TG03,D03,SD03-1,SD03-2,해당,,상시,365,,,분류 추론 — 검수 전
ASG-002788,DTY-01443,BR0000-0000002,자산,TG03,D03,SD03-1,SD03-2,해당,,상시,365,,,분류 추론 — 검수 전
ASG-002789,DTY-01443,BR1018-0000001,자산,TG03,D03,SD03-1,SD03-2,해당,,상시,365,,,분류 추론 — 검수 전
ASG-002790,DTY-01443,BR1900-0000009,자산,TG03,D03,SD03-1,SD03-2,해당,,상시,365,,,분류 추론 — 검수 전
ASG-002791,DTY-01444,,유형,TG11,D11,SD11-1,SD11-2,확인필요,조건부 의무 — 보유·해당 여부 확인 필요,상시,365,,,자산 대장 없음 — 보유 확인 필요 · 분류 추론 — 검수 전
ASG-002792,DTY-01445,,유형,TG11,D11,SD11-1,SD11-2,확인필요,조건부 의무 — 보유·해당 여부 확인 필요,상시,365,,,자산 대장 없음 — 보유 확인 필요 · 분류 추론 — 검수 전
ASG-002793,DTY-01446,,기관,TG24,D13,SD13-1,SD13-2,해당,,상시,365,,,분류 추론 — 검수 전
ASG-002794,DTY-01447,,기관,TG24,D13,SD13-1,SD13-2,해당,,상시,365,,,분류 추론 — 검수 전
ASG-002795,DTY-01448,,기관,TG24,D13,SD13-1,SD13-2,해당,,반기 1회,180,,,분류 추론 — 검수 전
ASG-002796,DTY-01449,,기관,TG24,D13,SD13-1,SD13-2,해당,,상시,365,,,분류 추론 — 검수 전
ASG-002797,DTY-01450,,기관,TG24,D13,SD13-1,SD13-2,해당,,상시,365,,,분류 추론 — 검수 전
ASG-002798,DTY-01451,,기관,TG24,D13,SD13-1,SD13-2,해당,,상시,365,,,분류 추론 — 검수 전
ASG-002799,DTY-01452,,기관,TG24,D13,SD13-1,SD13-2,해당,,수시,180,,,
ASG-002800,DTY-01453,,기관,TG24,D13,SD13-1,SD13-2,해당,,수시,180,,,
ASG-002801,DTY-01454,,유형,TG99,D99,,,확인필요,조건부 의무 — 보유·해당 여부 확인 필요,상시,365,,,정본 미반영 — 새 정독(검수 전) · 관리대상 확인 필요
ASG-002802,DTY-01455,,유형,TG99,D99,,,확인필요,조건부 의무 — 보유·해당 여부 확인 필요,반기 1회,180,,,정본 미반영 — 새 정독(검수 전) · 관리대상 확인 필요
ASG-002803,DTY-01456,,유형,TG99,D99,,,확인필요,조건부 의무 — 보유·해당 여부 확인 필요,반기 1회,180,,,정본 미반영 — 새 정독(검수 전) · 관리대상 확인 필요
ASG-002804,DTY-01457,,유형,TG99,D99,,,확인필요,조건부 의무 — 보유·해당 여부 확인 필요,상시,365,,,정본 미반영 — 새 정독(검수 전) · 관리대상 확인 필요
ASG-002805,DTY-01458,,유형,TG99,D99,,,확인필요,조건부 의무 — 보유·해당 여부 확인 필요,상시,365,,,정본 미반영 — 새 정독(검수 전) · 관리대상 확인 필요
ASG-002806,DTY-01459,,유형,TG99,D99,,,확인필요,조건부 의무 — 보유·해당 여부 확인 필요,반기 1회,180,,,정본 미반영 — 새 정독(검수 전) · 관리대상 확인 필요
ASG-002807,DTY-01460,,유형,TG99,D99,,,확인필요,조건부 의무 — 보유·해당 여부 확인 필요,반기 1회,180,,,정본 미반영 — 새 정독(검수 전) · 관리대상 확인 필요
ASG-002808,DTY-01461,,유형,TG99,D99,,,확인필요,조건부 의무 — 보유·해당 여부 확인 필요,반기 1회,180,,,정본 미반영 — 새 정독(검수 전) · 관리대상 확인 필요
ASG-002809,DTY-01462,,유형,TG06,D13,SD13-1,SD13-2,해당,,연1회,365,,,
ASG-002810,DTY-01462,WG2008-0000097,자산,TG06,D13,SD13-1,SD13-2,해당,,연1회,365,,,
ASG-002811,DTY-01462,WG2008-0000098,자산,TG06,D13,SD13-1,SD13-2,해당,,연1회,365,,,
ASG-002812,DTY-01462,WG2008-0000099,자산,TG06,D13,SD13-1,SD13-2,해당,,연1회,365,,,
ASG-002813,DTY-01463,,유형,TG06,D13,SD13-1,SD13-2,해당,,상시,365,,,분류 추론 — 검수 전
ASG-002814,DTY-01463,WG2008-0000097,자산,TG06,D13,SD13-1,SD13-2,해당,,상시,365,,,분류 추론 — 검수 전
ASG-002815,DTY-01463,WG2008-0000098,자산,TG06,D13,SD13-1,SD13-2,해당,,상시,365,,,분류 추론 — 검수 전
ASG-002816,DTY-01463,WG2008-0000099,자산,TG06,D13,SD13-1,SD13-2,해당,,상시,365,,,분류 추론 — 검수 전
ASG-002817,DTY-01464,,유형,TG06,D13,SD13-1,SD13-2,해당,,상시,365,,,분류 추론 — 검수 전
ASG-002818,DTY-01464,WG2008-0000097,자산,TG06,D13,SD13-1,SD13-2,해당,,상시,365,,,분류 추론 — 검수 전
ASG-002819,DTY-01464,WG2008-0000098,자산,TG06,D13,SD13-1,SD13-2,해당,,상시,365,,,분류 추론 — 검수 전
ASG-002820,DTY-01464,WG2008-0000099,자산,TG06,D13,SD13-1,SD13-2,해당,,상시,365,,,분류 추론 — 검수 전
ASG-002821,DTY-01465,,유형,TG06,D13,SD13-1,SD13-2,해당,,반기 1회,180,,,분류 추론 — 검수 전
ASG-002822,DTY-01465,WG2008-0000097,자산,TG06,D13,SD13-1,SD13-2,해당,,반기 1회,180,,,분류 추론 — 검수 전
ASG-002823,DTY-01465,WG2008-0000098,자산,TG06,D13,SD13-1,SD13-2,해당,,반기 1회,180,,,분류 추론 — 검수 전
ASG-002824,DTY-01465,WG2008-0000099,자산,TG06,D13,SD13-1,SD13-2,해당,,반기 1회,180,,,분류 추론 — 검수 전
ASG-002825,DTY-01466,,유형,TG06,D13,SD13-1,SD13-2,해당,,반기 1회,180,,,분류 추론 — 검수 전
ASG-002826,DTY-01466,WG2008-0000097,자산,TG06,D13,SD13-1,SD13-2,해당,,반기 1회,180,,,분류 추론 — 검수 전
ASG-002827,DTY-01466,WG2008-0000098,자산,TG06,D13,SD13-1,SD13-2,해당,,반기 1회,180,,,분류 추론 — 검수 전
ASG-002828,DTY-01466,WG2008-0000099,자산,TG06,D13,SD13-1,SD13-2,해당,,반기 1회,180,,,분류 추론 — 검수 전
ASG-002829,DTY-01467,,유형,TG06,D13,SD13-1,SD13-2,해당,,반기 1회,180,,,분류 추론 — 검수 전
ASG-002830,DTY-01467,WG2008-0000097,자산,TG06,D13,SD13-1,SD13-2,해당,,반기 1회,180,,,분류 추론 — 검수 전
ASG-002831,DTY-01467,WG2008-0000098,자산,TG06,D13,SD13-1,SD13-2,해당,,반기 1회,180,,,분류 추론 — 검수 전
ASG-002832,DTY-01467,WG2008-0000099,자산,TG06,D13,SD13-1,SD13-2,해당,,반기 1회,180,,,분류 추론 — 검수 전
ASG-002833,DTY-01468,,유형,TG99,D99,,,확인필요,조건부 의무 — 보유·해당 여부 확인 필요,상시,365,,,정본 미반영 — 새 정독(검수 전) · 관리대상 확인 필요
ASG-002834,DTY-01469,,유형,TG20,D09,SD09-1,SD09-2,확인필요,조건부 의무 — 보유·해당 여부 확인 필요,상시,365,,,자산 대장 없음 — 보유 확인 필요
ASG-002835,DTY-01470,,유형,TG99,D99,,,확인필요,조건부 의무 — 보유·해당 여부 확인 필요,상시,365,,,정본 미반영 — 새 정독(검수 전) · 관리대상 확인 필요
ASG-002836,DTY-01471,,유형,TG99,D99,,,확인필요,조건부 의무 — 보유·해당 여부 확인 필요,상시,365,,,정본 미반영 — 새 정독(검수 전) · 관리대상 확인 필요
ASG-002837,DTY-01472,,유형,TG99,D99,,,확인필요,조건부 의무 — 보유·해당 여부 확인 필요,반기 1회,180,,,정본 미반영 — 새 정독(검수 전) · 관리대상 확인 필요
ASG-002838,DTY-01473,,유형,TG99,D99,,,확인필요,조건부 의무 — 보유·해당 여부 확인 필요,상시,365,,,정본 미반영 — 새 정독(검수 전) · 관리대상 확인 필요
ASG-002839,DTY-01474,,유형,TG99,D99,,,확인필요,조건부 의무 — 보유·해당 여부 확인 필요,반기 1회,180,,,정본 미반영 — 새 정독(검수 전) · 관리대상 확인 필요
ASG-002840,DTY-01475,,유형,TG99,D99,,,확인필요,조건부 의무 — 보유·해당 여부 확인 필요,상시,365,,,정본 미반영 — 새 정독(검수 전) · 관리대상 확인 필요
ASG-002841,DTY-01476,,유형,TG99,D99,,,확인필요,조건부 의무 — 보유·해당 여부 확인 필요,상시,365,,,정본 미반영 — 새 정독(검수 전) · 관리대상 확인 필요
ASG-002842,DTY-01477,,유형,TG99,D99,,,확인필요,조건부 의무 — 보유·해당 여부 확인 필요,상시,365,,,정본 미반영 — 새 정독(검수 전) · 관리대상 확인 필요
ASG-002843,DTY-01478,,유형,TG99,D99,,,확인필요,조건부 의무 — 보유·해당 여부 확인 필요,반기 1회,180,,,정본 미반영 — 새 정독(검수 전) · 관리대상 확인 필요
ASG-002844,DTY-01479,,유형,TG99,D99,,,확인필요,조건부 의무 — 보유·해당 여부 확인 필요,반기 1회,180,,,정본 미반영 — 새 정독(검수 전) · 관리대상 확인 필요
ASG-002845,DTY-01480,,유형,TG99,D99,,,확인필요,조건부 의무 — 보유·해당 여부 확인 필요,상시,365,,,정본 미반영 — 새 정독(검수 전) · 관리대상 확인 필요
ASG-002846,DTY-01481,,유형,TG99,D99,,,확인필요,조건부 의무 — 보유·해당 여부 확인 필요,반기 1회,180,,,정본 미반영 — 새 정독(검수 전) · 관리대상 확인 필요
ASG-002847,DTY-01482,,유형,TG99,D99,,,확인필요,조건부 의무 — 보유·해당 여부 확인 필요,반기 1회,180,,,정본 미반영 — 새 정독(검수 전) · 관리대상 확인 필요
ASG-002848,DTY-01483,,유형,TG99,D99,,,확인필요,조건부 의무 — 보유·해당 여부 확인 필요,반기 1회,180,,,자산 대장 없음 — 보유 확인 필요
ASG-002849,DTY-01484,,유형,TG99,D99,,,확인필요,조건부 의무 — 보유·해당 여부 확인 필요,상시,365,,,정본 미반영 — 새 정독(검수 전) · 관리대상 확인 필요
ASG-002850,DTY-01485,,유형,TG99,D99,,,확인필요,조건부 의무 — 보유·해당 여부 확인 필요,상시,365,,,정본 미반영 — 새 정독(검수 전) · 관리대상 확인 필요
ASG-002851,DTY-01486,,유형,TG99,D99,,,확인필요,조건부 의무 — 보유·해당 여부 확인 필요,상시,365,,,정본 미반영 — 새 정독(검수 전) · 관리대상 확인 필요
ASG-002852,DTY-01487,,유형,TG99,D99,,,확인필요,조건부 의무 — 보유·해당 여부 확인 필요,상시,365,,,정본 미반영 — 새 정독(검수 전) · 관리대상 확인 필요
ASG-002853,DTY-01488,,유형,TG99,D99,,,확인필요,조건부 의무 — 보유·해당 여부 확인 필요,상시,365,,,정본 미반영 — 새 정독(검수 전) · 관리대상 확인 필요
ASG-002854,DTY-01489,,유형,TG99,D99,,,확인필요,조건부 의무 — 보유·해당 여부 확인 필요,상시,365,,,정본 미반영 — 새 정독(검수 전) · 관리대상 확인 필요
ASG-002855,DTY-01490,,유형,TG99,D99,,,확인필요,조건부 의무 — 보유·해당 여부 확인 필요,상시,365,,,정본 미반영 — 새 정독(검수 전) · 관리대상 확인 필요
ASG-002856,DTY-01491,,유형,TG99,D99,,,확인필요,조건부 의무 — 보유·해당 여부 확인 필요,상시,365,,,정본 미반영 — 새 정독(검수 전) · 관리대상 확인 필요
ASG-002857,DTY-01492,,유형,TG99,D99,,,확인필요,조건부 의무 — 보유·해당 여부 확인 필요,상시,365,,,정본 미반영 — 새 정독(검수 전) · 관리대상 확인 필요
ASG-002858,DTY-01493,,유형,TG99,D99,,,확인필요,조건부 의무 — 보유·해당 여부 확인 필요,상시,365,,,정본 미반영 — 새 정독(검수 전) · 관리대상 확인 필요
ASG-002859,DTY-01494,,유형,TG99,D99,,,확인필요,조건부 의무 — 보유·해당 여부 확인 필요,상시,365,,,정본 미반영 — 새 정독(검수 전) · 관리대상 확인 필요
ASG-002860,DTY-01495,,유형,TG99,D99,,,확인필요,조건부 의무 — 보유·해당 여부 확인 필요,상시,365,,,정본 미반영 — 새 정독(검수 전) · 관리대상 확인 필요
ASG-002861,DTY-01496,,유형,TG99,D99,,,확인필요,조건부 의무 — 보유·해당 여부 확인 필요,상시,365,,,정본 미반영 — 새 정독(검수 전) · 관리대상 확인 필요
ASG-002862,DTY-01497,,유형,TG99,D99,,,확인필요,조건부 의무 — 보유·해당 여부 확인 필요,상시,365,,,정본 미반영 — 새 정독(검수 전) · 관리대상 확인 필요
ASG-002863,DTY-01498,,유형,TG99,D99,,,확인필요,조건부 의무 — 보유·해당 여부 확인 필요,상시,365,,,정본 미반영 — 새 정독(검수 전) · 관리대상 확인 필요
ASG-002864,DTY-01499,,유형,TG99,D99,,,확인필요,조건부 의무 — 보유·해당 여부 확인 필요,상시,365,,,정본 미반영 — 새 정독(검수 전) · 관리대상 확인 필요
ASG-002865,DTY-01500,,유형,TG99,D99,,,확인필요,조건부 의무 — 보유·해당 여부 확인 필요,상시,365,,,정본 미반영 — 새 정독(검수 전) · 관리대상 확인 필요
ASG-002866,DTY-01501,,유형,TG99,D99,,,확인필요,조건부 의무 — 보유·해당 여부 확인 필요,상시,365,,,정본 미반영 — 새 정독(검수 전) · 관리대상 확인 필요
ASG-002867,DTY-01502,,유형,TG99,D99,,,확인필요,조건부 의무 — 보유·해당 여부 확인 필요,상시,365,,,정본 미반영 — 새 정독(검수 전) · 관리대상 확인 필요
ASG-002868,DTY-01503,,유형,TG99,D99,,,확인필요,조건부 의무 — 보유·해당 여부 확인 필요,상시,365,,,정본 미반영 — 새 정독(검수 전) · 관리대상 확인 필요
ASG-002869,DTY-01504,,유형,TG99,D99,,,확인필요,조건부 의무 — 보유·해당 여부 확인 필요,상시,365,,,정본 미반영 — 새 정독(검수 전) · 관리대상 확인 필요
ASG-002870,DTY-01505,,유형,TG99,D99,,,확인필요,조건부 의무 — 보유·해당 여부 확인 필요,상시,365,,,정본 미반영 — 새 정독(검수 전) · 관리대상 확인 필요
ASG-002871,DTY-01506,,유형,TG99,D99,,,확인필요,조건부 의무 — 보유·해당 여부 확인 필요,반기 1회,180,,,정본 미반영 — 새 정독(검수 전) · 관리대상 확인 필요
ASG-002872,DTY-01507,,유형,TG99,D99,,,확인필요,조건부 의무 — 보유·해당 여부 확인 필요,상시,365,,,정본 미반영 — 새 정독(검수 전) · 관리대상 확인 필요
ASG-002873,DTY-01508,,유형,TG99,D99,,,확인필요,조건부 의무 — 보유·해당 여부 확인 필요,상시,365,,,정본 미반영 — 새 정독(검수 전) · 관리대상 확인 필요
ASG-002874,DTY-01509,,유형,TG99,D99,,,확인필요,조건부 의무 — 보유·해당 여부 확인 필요,상시,365,,,정본 미반영 — 새 정독(검수 전) · 관리대상 확인 필요
ASG-002875,DTY-01510,,유형,TG99,D99,,,확인필요,조건부 의무 — 보유·해당 여부 확인 필요,상시,365,,,정본 미반영 — 새 정독(검수 전) · 관리대상 확인 필요
ASG-002876,DTY-01511,,유형,TG99,D99,,,확인필요,조건부 의무 — 보유·해당 여부 확인 필요,상시,365,,,정본 미반영 — 새 정독(검수 전) · 관리대상 확인 필요
ASG-002877,DTY-01512,,유형,TG99,D99,,,확인필요,조건부 의무 — 보유·해당 여부 확인 필요,상시,365,,,정본 미반영 — 새 정독(검수 전) · 관리대상 확인 필요
ASG-002878,DTY-01513,,유형,TG99,D99,,,확인필요,조건부 의무 — 보유·해당 여부 확인 필요,반기 1회,180,,,정본 미반영 — 새 정독(검수 전) · 관리대상 확인 필요
ASG-002879,DTY-01514,,유형,TG99,D99,,,확인필요,조건부 의무 — 보유·해당 여부 확인 필요,상시,365,,,정본 미반영 — 새 정독(검수 전) · 관리대상 확인 필요
ASG-002880,DTY-01515,,유형,TG99,D99,,,확인필요,조건부 의무 — 보유·해당 여부 확인 필요,상시,365,,,정본 미반영 — 새 정독(검수 전) · 관리대상 확인 필요
ASG-002881,DTY-01516,,유형,TG99,D99,,,확인필요,조건부 의무 — 보유·해당 여부 확인 필요,반기 1회,180,,,정본 미반영 — 새 정독(검수 전) · 관리대상 확인 필요
ASG-002882,DTY-01517,,유형,TG99,D99,,,확인필요,조건부 의무 — 보유·해당 여부 확인 필요,반기 1회,180,,,정본 미반영 — 새 정독(검수 전) · 관리대상 확인 필요
ASG-002883,DTY-01518,,유형,TG99,D99,,,확인필요,조건부 의무 — 보유·해당 여부 확인 필요,반기 1회,180,,,정본 미반영 — 새 정독(검수 전) · 관리대상 확인 필요
ASG-002884,DTY-01519,,유형,TG99,D99,,,확인필요,조건부 의무 — 보유·해당 여부 확인 필요,상시,365,,,정본 미반영 — 새 정독(검수 전) · 관리대상 확인 필요
ASG-002885,DTY-01520,,유형,TG99,D99,,,확인필요,조건부 의무 — 보유·해당 여부 확인 필요,상시,365,,,정본 미반영 — 새 정독(검수 전) · 관리대상 확인 필요
ASG-002886,DTY-01521,,유형,TG99,D99,,,확인필요,조건부 의무 — 보유·해당 여부 확인 필요,상시,365,,,정본 미반영 — 새 정독(검수 전) · 관리대상 확인 필요
ASG-002887,DTY-01522,,유형,TG99,D99,,,확인필요,조건부 의무 — 보유·해당 여부 확인 필요,상시,365,,,정본 미반영 — 새 정독(검수 전) · 관리대상 확인 필요
ASG-002888,DTY-01523,,유형,TG99,D99,,,확인필요,조건부 의무 — 보유·해당 여부 확인 필요,상시,365,,,정본 미반영 — 새 정독(검수 전) · 관리대상 확인 필요
ASG-002889,DTY-01524,,유형,TG99,D99,,,확인필요,조건부 의무 — 보유·해당 여부 확인 필요,상시,365,,,정본 미반영 — 새 정독(검수 전) · 관리대상 확인 필요
ASG-002890,DTY-01525,,유형,TG99,D99,,,확인필요,조건부 의무 — 보유·해당 여부 확인 필요,상시,365,,,정본 미반영 — 새 정독(검수 전) · 관리대상 확인 필요
ASG-002891,DTY-01526,,유형,TG99,D99,,,확인필요,조건부 의무 — 보유·해당 여부 확인 필요,상시,365,,,정본 미반영 — 새 정독(검수 전) · 관리대상 확인 필요
ASG-002892,DTY-01527,,유형,TG99,D99,,,확인필요,조건부 의무 — 보유·해당 여부 확인 필요,상시,365,,,정본 미반영 — 새 정독(검수 전) · 관리대상 확인 필요
ASG-002893,DTY-01528,,유형,TG99,D99,,,확인필요,조건부 의무 — 보유·해당 여부 확인 필요,상시,365,,,정본 미반영 — 새 정독(검수 전) · 관리대상 확인 필요
ASG-002894,DTY-01529,,유형,TG99,D99,,,확인필요,조건부 의무 — 보유·해당 여부 확인 필요,상시,365,,,정본 미반영 — 새 정독(검수 전) · 관리대상 확인 필요
ASG-002895,DTY-01530,,유형,TG99,D99,,,확인필요,조건부 의무 — 보유·해당 여부 확인 필요,상시,365,,,정본 미반영 — 새 정독(검수 전) · 관리대상 확인 필요
ASG-002896,DTY-01531,,유형,TG99,D99,,,확인필요,조건부 의무 — 보유·해당 여부 확인 필요,반기 1회,180,,,정본 미반영 — 새 정독(검수 전) · 관리대상 확인 필요
ASG-002897,DTY-01532,,유형,TG99,D99,,,확인필요,조건부 의무 — 보유·해당 여부 확인 필요,반기 1회,180,,,정본 미반영 — 새 정독(검수 전) · 관리대상 확인 필요
ASG-002898,DTY-01533,,유형,TG99,D99,,,확인필요,조건부 의무 — 보유·해당 여부 확인 필요,상시,365,,,정본 미반영 — 새 정독(검수 전) · 관리대상 확인 필요
ASG-002899,DTY-01534,,유형,TG99,D99,,,확인필요,조건부 의무 — 보유·해당 여부 확인 필요,상시,365,,,정본 미반영 — 새 정독(검수 전) · 관리대상 확인 필요
ASG-002900,DTY-01535,,유형,TG99,D99,,,확인필요,조건부 의무 — 보유·해당 여부 확인 필요,상시,365,,,정본 미반영 — 새 정독(검수 전) · 관리대상 확인 필요
ASG-002901,DTY-01536,,유형,TG99,D99,,,확인필요,조건부 의무 — 보유·해당 여부 확인 필요,반기 1회,180,,,정본 미반영 — 새 정독(검수 전) · 관리대상 확인 필요
ASG-002902,DTY-01537,,유형,TG99,D99,,,확인필요,조건부 의무 — 보유·해당 여부 확인 필요,상시,365,,,정본 미반영 — 새 정독(검수 전) · 관리대상 확인 필요
ASG-002903,DTY-01538,,유형,TG99,D99,,,확인필요,조건부 의무 — 보유·해당 여부 확인 필요,상시,365,,,정본 미반영 — 새 정독(검수 전) · 관리대상 확인 필요
ASG-002904,DTY-01539,,유형,TG99,D99,,,확인필요,조건부 의무 — 보유·해당 여부 확인 필요,상시,365,,,정본 미반영 — 새 정독(검수 전) · 관리대상 확인 필요
ASG-002905,DTY-01540,,유형,TG99,D99,,,확인필요,조건부 의무 — 보유·해당 여부 확인 필요,상시,365,,,정본 미반영 — 새 정독(검수 전) · 관리대상 확인 필요
ASG-002906,DTY-01541,,유형,TG99,D99,,,확인필요,조건부 의무 — 보유·해당 여부 확인 필요,상시,365,,,정본 미반영 — 새 정독(검수 전) · 관리대상 확인 필요
ASG-002907,DTY-01542,,유형,TG99,D99,,,확인필요,조건부 의무 — 보유·해당 여부 확인 필요,상시,365,,,정본 미반영 — 새 정독(검수 전) · 관리대상 확인 필요
ASG-002908,DTY-01543,,유형,TG99,D99,,,확인필요,조건부 의무 — 보유·해당 여부 확인 필요,상시,365,,,정본 미반영 — 새 정독(검수 전) · 관리대상 확인 필요
ASG-002909,DTY-01544,,유형,TG99,D99,,,확인필요,조건부 의무 — 보유·해당 여부 확인 필요,상시,365,,,정본 미반영 — 새 정독(검수 전) · 관리대상 확인 필요
ASG-002910,DTY-01545,,유형,TG99,D99,,,확인필요,조건부 의무 — 보유·해당 여부 확인 필요,반기 1회,180,,,정본 미반영 — 새 정독(검수 전) · 관리대상 확인 필요
ASG-002911,DTY-01546,,유형,TG99,D99,,,확인필요,조건부 의무 — 보유·해당 여부 확인 필요,반기 1회,180,,,정본 미반영 — 새 정독(검수 전) · 관리대상 확인 필요
ASG-002912,DTY-01547,,유형,TG99,D99,,,확인필요,조건부 의무 — 보유·해당 여부 확인 필요,상시,365,,,정본 미반영 — 새 정독(검수 전) · 관리대상 확인 필요
ASG-002913,DTY-01548,,유형,TG99,D99,,,확인필요,조건부 의무 — 보유·해당 여부 확인 필요,상시,365,,,정본 미반영 — 새 정독(검수 전) · 관리대상 확인 필요
ASG-002914,DTY-01549,,유형,TG99,D99,,,확인필요,조건부 의무 — 보유·해당 여부 확인 필요,반기 1회,180,,,정본 미반영 — 새 정독(검수 전) · 관리대상 확인 필요
ASG-002915,DTY-01550,,유형,TG99,D99,,,확인필요,조건부 의무 — 보유·해당 여부 확인 필요,반기 1회,180,,,정본 미반영 — 새 정독(검수 전) · 관리대상 확인 필요
ASG-002916,DTY-01551,,유형,TG99,D99,,,확인필요,조건부 의무 — 보유·해당 여부 확인 필요,상시,365,,,정본 미반영 — 새 정독(검수 전) · 관리대상 확인 필요
ASG-002917,DTY-01552,,유형,TG99,D99,,,확인필요,조건부 의무 — 보유·해당 여부 확인 필요,상시,365,,,정본 미반영 — 새 정독(검수 전) · 관리대상 확인 필요
ASG-002918,DTY-01553,,유형,TG99,D99,,,확인필요,조건부 의무 — 보유·해당 여부 확인 필요,상시,365,,,정본 미반영 — 새 정독(검수 전) · 관리대상 확인 필요
ASG-002919,DTY-01554,,유형,TG99,D99,,,확인필요,조건부 의무 — 보유·해당 여부 확인 필요,상시,365,,,정본 미반영 — 새 정독(검수 전) · 관리대상 확인 필요
ASG-002920,DTY-01555,,유형,TG06,D13,SD13-1,SD13-2,해당,,상시,365,,,
ASG-002921,DTY-01555,WG2008-0000097,자산,TG06,D13,SD13-1,SD13-2,해당,,상시,365,,,
ASG-002922,DTY-01555,WG2008-0000098,자산,TG06,D13,SD13-1,SD13-2,해당,,상시,365,,,
ASG-002923,DTY-01555,WG2008-0000099,자산,TG06,D13,SD13-1,SD13-2,해당,,상시,365,,,
ASG-002924,DTY-01556,,유형,TG09,D08,SD08-1,SD08-2,확인필요,조건부 의무 — 보유·해당 여부 확인 필요,반기 1회,180,,,자산 대장 없음 — 보유 확인 필요
ASG-002925,DTY-01557,,유형,TG02,D05,SD05-1,SD05-2,해당,,반기 1회,180,,,분류 추론 — 검수 전
ASG-002926,DTY-01558,,유형,TG02,D05,SD05-1,SD05-2,해당,,반기 1회,180,,,분류 추론 — 검수 전
ASG-002927,DTY-01559,,유형,TG02,D05,SD05-1,SD05-2,해당,,상시,365,,,분류 추론 — 검수 전
ASG-002928,DTY-01560,,유형,TG02,D05,SD05-1,SD05-2,해당,,상시,365,,,분류 추론 — 검수 전
ASG-002929,DTY-01561,,유형,TG02,D05,SD05-1,SD05-2,해당,,상시,365,,,분류 추론 — 검수 전
ASG-002930,DTY-01562,,유형,TG02,D05,SD05-1,SD05-2,해당,,상시,365,,,
ASG-002931,DTY-01563,,유형,TG02,D05,SD05-1,SD05-2,해당,,상시,365,,,분류 추론 — 검수 전
ASG-002932,DTY-01564,,유형,TG02,D05,SD05-1,SD05-2,해당,,상시,365,,,분류 추론 — 검수 전
ASG-002933,DTY-01565,,유형,TG02,D05,SD05-1,SD05-2,해당,,상시,365,,,분류 추론 — 검수 전
ASG-002934,DTY-01566,,유형,TG02,D05,SD05-1,SD05-2,해당,,상시,365,,,분류 추론 — 검수 전
ASG-002935,DTY-01567,,유형,TG02,D05,SD05-1,SD05-2,해당,,상시,365,,,분류 추론 — 검수 전
ASG-002936,DTY-01568,,유형,TG02,D05,SD05-1,SD05-2,해당,,반기 1회,180,,,분류 추론 — 검수 전
ASG-002937,DTY-01569,,유형,TG02,D05,SD05-1,SD05-2,해당,,상시,365,,,분류 추론 — 검수 전
ASG-002938,DTY-01570,,유형,TG02,D05,SD05-1,SD05-2,해당,,상시,365,,,분류 추론 — 검수 전
ASG-002939,DTY-01571,,유형,TG02,D05,SD05-1,SD05-2,해당,,상시,365,,,분류 추론 — 검수 전
ASG-002940,DTY-01572,,유형,TG02,D05,SD05-1,SD05-2,해당,,상시,365,,,분류 추론 — 검수 전
ASG-002941,DTY-01573,,유형,TG99,D99,,,확인필요,조건부 의무 — 보유·해당 여부 확인 필요,반기 1회,180,,,자산 대장 없음 — 보유 확인 필요 · 분류 추론 — 검수 전
ASG-002942,DTY-01574,,유형,TG99,D99,,,확인필요,조건부 의무 — 보유·해당 여부 확인 필요,반기 1회,180,,,자산 대장 없음 — 보유 확인 필요 · 분류 추론 — 검수 전
ASG-002943,DTY-01575,,유형,TG99,D99,,,확인필요,조건부 의무 — 보유·해당 여부 확인 필요,상시,365,,,자산 대장 없음 — 보유 확인 필요 · 분류 추론 — 검수 전
ASG-002944,DTY-01576,,유형,TG99,D99,,,확인필요,조건부 의무 — 보유·해당 여부 확인 필요,상시,365,,,자산 대장 없음 — 보유 확인 필요 · 분류 추론 — 검수 전
ASG-002945,DTY-01577,,유형,TG99,D99,,,확인필요,조건부 의무 — 보유·해당 여부 확인 필요,상시,365,,,자산 대장 없음 — 보유 확인 필요 · 분류 추론 — 검수 전
ASG-002946,DTY-01578,,유형,TG04,D13,SD13-1,SD13-2,해당,,상시,365,,,분류 추론 — 검수 전
ASG-002947,DTY-01578,DA2008-0000007,자산,TG04,D13,SD13-1,SD13-2,해당,,상시,365,,,분류 추론 — 검수 전
ASG-002948,DTY-01578,DA2008-0000154,자산,TG04,D13,SD13-1,SD13-2,해당,,상시,365,,,분류 추론 — 검수 전
ASG-002949,DTY-01578,DA2008-0000165,자산,TG04,D13,SD13-1,SD13-2,해당,,상시,365,,,분류 추론 — 검수 전
ASG-002950,DTY-01579,,유형,TG99,D99,,,확인필요,조건부 의무 — 보유·해당 여부 확인 필요,상시,365,,,자산 대장 없음 — 보유 확인 필요 · 분류 추론 — 검수 전
ASG-002951,DTY-01580,,유형,TG99,D99,,,확인필요,조건부 의무 — 보유·해당 여부 확인 필요,상시,365,,,자산 대장 없음 — 보유 확인 필요 · 분류 추론 — 검수 전
ASG-002952,DTY-01581,,유형,TG99,D99,,,확인필요,조건부 의무 — 보유·해당 여부 확인 필요,반기 1회,180,,,자산 대장 없음 — 보유 확인 필요 · 분류 추론 — 검수 전
ASG-002953,DTY-01582,,유형,TG99,D99,,,확인필요,조건부 의무 — 보유·해당 여부 확인 필요,상시,365,,,자산 대장 없음 — 보유 확인 필요 · 분류 추론 — 검수 전
ASG-002954,DTY-01583,,유형,TG99,D99,,,확인필요,조건부 의무 — 보유·해당 여부 확인 필요,상시,365,,,자산 대장 없음 — 보유 확인 필요 · 분류 추론 — 검수 전
ASG-002955,DTY-01584,,유형,TG19,D11,SD11-1,SD11-2,확인필요,조건부 의무 — 보유·해당 여부 확인 필요,상시,365,,,자산 대장 없음 — 보유 확인 필요
ASG-002956,DTY-01585,,유형,TG18,D09,SD09-1,SD09-2,확인필요,조건부 의무 — 보유·해당 여부 확인 필요,연1회,365,,,자산 대장 없음 — 보유 확인 필요
ASG-002957,DTY-01586,,유형,TG18,D09,SD09-1,SD09-2,확인필요,조건부 의무 — 보유·해당 여부 확인 필요,연1회,365,,,자산 대장 없음 — 보유 확인 필요
ASG-002958,DTY-01587,,기관,TG24,D13,SD13-1,SD13-2,해당,,연1회,365,,,
ASG-002959,DTY-01588,,기관,TG24,D13,SD13-1,SD13-2,해당,,연1회,365,,,
ASG-002960,DTY-01589,,유형,TG09,D08,SD08-1,SD08-2,확인필요,조건부 의무 — 보유·해당 여부 확인 필요,연1회,365,,,자산 대장 없음 — 보유 확인 필요 · 분류 추론 — 검수 전
ASG-002961,DTY-01590,,유형,TG99,D99,,,확인필요,조건부 의무 — 보유·해당 여부 확인 필요,연1회,365,,,정본 미반영 — 새 정독(검수 전) · 관리대상 확인 필요
ASG-002962,DTY-01591,,유형,TG11,D11,SD11-1,SD11-2,확인필요,조건부 의무 — 보유·해당 여부 확인 필요,연1회,365,,,자산 대장 없음 — 보유 확인 필요
ASG-002963,DTY-01592,,유형,TG11,D11,SD11-1,SD11-2,확인필요,조건부 의무 — 보유·해당 여부 확인 필요,연1회,365,,,자산 대장 없음 — 보유 확인 필요
ASG-002964,DTY-01593,,유형,TG12,D06,SD06-1,SD06-2,확인필요,조건부 의무 — 보유·해당 여부 확인 필요,연1회,365,,,자산 대장 없음 — 보유 확인 필요
ASG-002965,DTY-01594,,유형,TG01,D04,SD04-1,SD04-2,해당,,연1회,365,,,
ASG-002966,DTY-01594,ST2005-0000048,자산,TG01,D04,SD04-1,SD04-2,해당,,연1회,365,,,
ASG-002967,DTY-01594,ST2005-0000049,자산,TG01,D04,SD04-1,SD04-2,해당,,연1회,365,,,
ASG-002968,DTY-01594,ST2009-0000031,자산,TG01,D04,SD04-1,SD04-2,해당,,연1회,365,,,
ASG-002969,DTY-01595,,유형,TG01,D04,SD04-1,SD04-2,해당,,연1회,365,,,
ASG-002970,DTY-01595,ST2005-0000048,자산,TG01,D04,SD04-1,SD04-2,해당,,연1회,365,,,
ASG-002971,DTY-01595,ST2005-0000049,자산,TG01,D04,SD04-1,SD04-2,해당,,연1회,365,,,
ASG-002972,DTY-01595,ST2009-0000031,자산,TG01,D04,SD04-1,SD04-2,해당,,연1회,365,,,
ASG-002973,DTY-01596,,유형,TG01,D04,SD04-1,SD04-2,해당,,연1회,365,,,
ASG-002974,DTY-01596,ST2005-0000048,자산,TG01,D04,SD04-1,SD04-2,해당,,연1회,365,,,
ASG-002975,DTY-01596,ST2005-0000049,자산,TG01,D04,SD04-1,SD04-2,해당,,연1회,365,,,
ASG-002976,DTY-01596,ST2009-0000031,자산,TG01,D04,SD04-1,SD04-2,해당,,연1회,365,,,
ASG-002977,DTY-01597,,유형,TG01,D04,SD04-1,SD04-2,해당,,연1회,365,,,
ASG-002978,DTY-01597,ST2005-0000048,자산,TG01,D04,SD04-1,SD04-2,해당,,연1회,365,,,
ASG-002979,DTY-01597,ST2005-0000049,자산,TG01,D04,SD04-1,SD04-2,해당,,연1회,365,,,
ASG-002980,DTY-01597,ST2009-0000031,자산,TG01,D04,SD04-1,SD04-2,해당,,연1회,365,,,
ASG-002981,DTY-01598,,유형,TG16,D09,SD09-1,SD09-2,확인필요,조건부 의무 — 보유·해당 여부 확인 필요,연1회,365,,,자산 대장 없음 — 보유 확인 필요
ASG-002982,DTY-01599,,유형,TG16,D09,SD09-1,SD09-2,확인필요,조건부 의무 — 보유·해당 여부 확인 필요,연1회,365,,,자산 대장 없음 — 보유 확인 필요
ASG-002983,DTY-01600,,유형,TG16,D09,SD09-1,SD09-2,확인필요,조건부 의무 — 보유·해당 여부 확인 필요,연1회,365,,,자산 대장 없음 — 보유 확인 필요
ASG-002984,DTY-01601,,유형,TG16,D09,SD09-1,SD09-2,확인필요,조건부 의무 — 보유·해당 여부 확인 필요,연1회,365,,,자산 대장 없음 — 보유 확인 필요
ASG-002985,DTY-01602,,유형,TG16,D09,SD09-1,SD09-2,확인필요,조건부 의무 — 보유·해당 여부 확인 필요,연1회,365,,,자산 대장 없음 — 보유 확인 필요
ASG-002986,DTY-01603,,유형,TG16,D09,SD09-1,SD09-2,확인필요,조건부 의무 — 보유·해당 여부 확인 필요,연1회,365,,,자산 대장 없음 — 보유 확인 필요
ASG-002987,DTY-01604,,유형,TG16,D09,SD09-1,SD09-2,확인필요,조건부 의무 — 보유·해당 여부 확인 필요,연1회,365,,,자산 대장 없음 — 보유 확인 필요
ASG-002988,DTY-01605,,유형,TG16,D09,SD09-1,SD09-2,확인필요,조건부 의무 — 보유·해당 여부 확인 필요,연1회,365,,,자산 대장 없음 — 보유 확인 필요
ASG-002989,DTY-01606,,유형,TG16,D09,SD09-1,SD09-2,확인필요,조건부 의무 — 보유·해당 여부 확인 필요,연1회,365,,,자산 대장 없음 — 보유 확인 필요
ASG-002990,DTY-01607,,유형,TG16,D09,SD09-1,SD09-2,확인필요,조건부 의무 — 보유·해당 여부 확인 필요,연1회,365,,,자산 대장 없음 — 보유 확인 필요
ASG-002991,DTY-01608,,유형,TG16,D09,SD09-1,SD09-2,확인필요,조건부 의무 — 보유·해당 여부 확인 필요,연1회,365,,,자산 대장 없음 — 보유 확인 필요
ASG-002992,DTY-01609,,유형,TG16,D09,SD09-1,SD09-2,확인필요,조건부 의무 — 보유·해당 여부 확인 필요,연1회,365,,,자산 대장 없음 — 보유 확인 필요
ASG-002993,DTY-01610,,유형,TG16,D09,SD09-1,SD09-2,확인필요,조건부 의무 — 보유·해당 여부 확인 필요,연1회,365,,,자산 대장 없음 — 보유 확인 필요
ASG-002994,DTY-01611,,유형,TG16,D09,SD09-1,SD09-2,확인필요,조건부 의무 — 보유·해당 여부 확인 필요,연1회,365,,,자산 대장 없음 — 보유 확인 필요
ASG-002995,DTY-01612,,유형,TG16,D09,SD09-1,SD09-2,확인필요,조건부 의무 — 보유·해당 여부 확인 필요,연1회,365,,,자산 대장 없음 — 보유 확인 필요
ASG-002996,DTY-01613,,유형,TG16,D09,SD09-1,SD09-2,확인필요,조건부 의무 — 보유·해당 여부 확인 필요,연1회,365,,,자산 대장 없음 — 보유 확인 필요
ASG-002997,DTY-01614,,유형,TG16,D09,SD09-1,SD09-2,확인필요,조건부 의무 — 보유·해당 여부 확인 필요,연1회,365,,,자산 대장 없음 — 보유 확인 필요
ASG-002998,DTY-01615,,유형,TG16,D09,SD09-1,SD09-2,확인필요,조건부 의무 — 보유·해당 여부 확인 필요,연1회,365,,,자산 대장 없음 — 보유 확인 필요
ASG-002999,DTY-01616,,유형,TG08,D06,SD06-1,SD06-2,확인필요,조건부 의무 — 보유·해당 여부 확인 필요,연1회,365,,,자산 대장 없음 — 보유 확인 필요
ASG-003000,DTY-01617,,유형,TG07,D07,SD07-1,SD07-2,확인필요,조건부 의무 — 보유·해당 여부 확인 필요,연1회,365,,,자산 대장 없음 — 보유 확인 필요
ASG-003001,DTY-01618,,유형,TG11,D11,SD11-1,SD11-2,확인필요,조건부 의무 — 보유·해당 여부 확인 필요,연1회,365,,,자산 대장 없음 — 보유 확인 필요
ASG-003002,DTY-01619,,유형,TG11,D11,SD11-1,SD11-2,확인필요,조건부 의무 — 보유·해당 여부 확인 필요,연1회,365,,,자산 대장 없음 — 보유 확인 필요
ASG-003003,DTY-01620,,유형,TG11,D11,SD11-1,SD11-2,확인필요,조건부 의무 — 보유·해당 여부 확인 필요,연1회,365,,,자산 대장 없음 — 보유 확인 필요 · 분류 추론 — 검수 전
ASG-003004,DTY-01621,,유형,TG11,D11,SD11-1,SD11-2,확인필요,조건부 의무 — 보유·해당 여부 확인 필요,연1회,365,,,자산 대장 없음 — 보유 확인 필요 · 분류 추론 — 검수 전
ASG-003005,DTY-01622,,유형,TG11,D11,SD11-1,SD11-2,확인필요,조건부 의무 — 보유·해당 여부 확인 필요,연1회,365,,,자산 대장 없음 — 보유 확인 필요
ASG-003006,DTY-01623,,기관,TG24,D13,SD13-1,SD13-2,해당,,연1회,365,,,분류 추론 — 검수 전
ASG-003007,DTY-01624,,기관,TG24,D13,SD13-1,SD13-2,해당,,연1회,365,,,
ASG-003008,DTY-01625,,기관,TG24,D13,SD13-1,SD13-2,해당,,연1회,365,,,
ASG-003009,DTY-01626,,기관,TG24,D13,SD13-1,SD13-2,해당,,연1회,365,,,분류 추론 — 검수 전
ASG-003010,DTY-01627,,기관,TG24,D13,SD13-1,SD13-2,해당,,연1회,365,,,분류 추론 — 검수 전
ASG-003011,DTY-01628,,기관,TG24,D13,SD13-1,SD13-2,해당,,연1회,365,,,분류 추론 — 검수 전
ASG-003012,DTY-01629,,기관,TG24,D13,SD13-1,SD13-2,해당,,연1회,365,,,분류 추론 — 검수 전
ASG-003013,DTY-01630,,기관,TG24,D13,SD13-1,SD13-2,해당,,연1회,365,,,분류 추론 — 검수 전
ASG-003014,DTY-01631,,기관,TG24,D13,SD13-1,SD13-2,해당,,연1회,365,,,분류 추론 — 검수 전
ASG-003015,DTY-01632,,기관,TG24,D13,SD13-1,SD13-2,해당,,연1회,365,,,분류 추론 — 검수 전
ASG-003016,DTY-01633,,기관,TG24,D13,SD13-1,SD13-2,해당,,연1회,365,,,
ASG-003017,DTY-01634,,기관,TG24,D13,SD13-1,SD13-2,해당,,연1회,365,,,
ASG-003018,DTY-01635,,기관,TG24,D13,SD13-1,SD13-2,해당,,수시,180,,,
ASG-003019,DTY-01636,,기관,TG24,D13,SD13-1,SD13-2,해당,,연1회,365,,,분류 추론 — 검수 전
ASG-003020,DTY-01637,,기관,TG24,D13,SD13-1,SD13-2,해당,,연1회,365,,,분류 추론 — 검수 전
ASG-003021,DTY-01638,,기관,TG24,D13,SD13-1,SD13-2,해당,,연1회,365,,,분류 추론 — 검수 전
ASG-003022,DTY-01639,,기관,TG24,D13,SD13-1,SD13-2,해당,,연1회,365,,,분류 추론 — 검수 전
ASG-003023,DTY-01640,,유형,TG99,D99,,,확인필요,조건부 의무 — 보유·해당 여부 확인 필요,연1회,365,,,정본 미반영 — 새 정독(검수 전) · 관리대상 확인 필요
ASG-003024,DTY-01641,,유형,TG99,D99,,,확인필요,조건부 의무 — 보유·해당 여부 확인 필요,연1회,365,,,정본 미반영 — 새 정독(검수 전) · 관리대상 확인 필요
ASG-003025,DTY-01642,,유형,TG99,D99,,,확인필요,조건부 의무 — 보유·해당 여부 확인 필요,연1회,365,,,정본 미반영 — 새 정독(검수 전) · 관리대상 확인 필요
ASG-003026,DTY-01643,,유형,TG04,D13,SD13-1,SD13-2,해당,,연1회,365,,,
ASG-003027,DTY-01643,DA2008-0000007,자산,TG04,D13,SD13-1,SD13-2,해당,,연1회,365,,,
ASG-003028,DTY-01643,DA2008-0000154,자산,TG04,D13,SD13-1,SD13-2,해당,,연1회,365,,,
ASG-003029,DTY-01643,DA2008-0000165,자산,TG04,D13,SD13-1,SD13-2,해당,,연1회,365,,,
ASG-003030,DTY-01644,,유형,TG04,D13,SD13-1,SD13-2,해당,,연1회,365,,,
ASG-003031,DTY-01644,DA2008-0000007,자산,TG04,D13,SD13-1,SD13-2,해당,,연1회,365,,,
ASG-003032,DTY-01644,DA2008-0000154,자산,TG04,D13,SD13-1,SD13-2,해당,,연1회,365,,,
ASG-003033,DTY-01644,DA2008-0000165,자산,TG04,D13,SD13-1,SD13-2,해당,,연1회,365,,,
ASG-003034,DTY-01645,,유형,TG04,D13,SD13-1,SD13-2,해당,,연1회,365,,,
ASG-003035,DTY-01645,DA2008-0000007,자산,TG04,D13,SD13-1,SD13-2,해당,,연1회,365,,,
ASG-003036,DTY-01645,DA2008-0000154,자산,TG04,D13,SD13-1,SD13-2,해당,,연1회,365,,,
ASG-003037,DTY-01645,DA2008-0000165,자산,TG04,D13,SD13-1,SD13-2,해당,,연1회,365,,,
ASG-003038,DTY-01646,,유형,TG17,D09,SD09-1,SD09-2,확인필요,조건부 의무 — 보유·해당 여부 확인 필요,연1회,365,,,자산 대장 없음 — 보유 확인 필요
ASG-003039,DTY-01647,,유형,TG17,D09,SD09-1,SD09-2,확인필요,조건부 의무 — 보유·해당 여부 확인 필요,연1회,365,,,자산 대장 없음 — 보유 확인 필요
ASG-003040,DTY-01648,,유형,TG17,D09,SD09-1,SD09-2,확인필요,조건부 의무 — 보유·해당 여부 확인 필요,연1회,365,,,자산 대장 없음 — 보유 확인 필요
ASG-003041,DTY-01649,,유형,TG99,D99,,,확인필요,조건부 의무 — 보유·해당 여부 확인 필요,연1회,365,,,정본 미반영 — 새 정독(검수 전) · 관리대상 확인 필요
ASG-003042,DTY-01650,,유형,TG99,D99,,,확인필요,조건부 의무 — 보유·해당 여부 확인 필요,연1회,365,,,정본 미반영 — 새 정독(검수 전) · 관리대상 확인 필요
ASG-003043,DTY-01651,,유형,TG99,D99,,,확인필요,조건부 의무 — 보유·해당 여부 확인 필요,연1회,365,,,정본 미반영 — 새 정독(검수 전) · 관리대상 확인 필요
ASG-003044,DTY-01652,,유형,TG99,D99,,,확인필요,조건부 의무 — 보유·해당 여부 확인 필요,연1회,365,,,자산 대장 없음 — 보유 확인 필요
ASG-003045,DTY-01653,,유형,TG14,D10,SD10-1,SD10-2,확인필요,조건부 의무 — 보유·해당 여부 확인 필요,연1회,365,,,자산 대장 없음 — 보유 확인 필요 · 분류 추론 — 검수 전
ASG-003046,DTY-01654,,유형,TG14,D10,SD10-1,SD10-2,확인필요,조건부 의무 — 보유·해당 여부 확인 필요,연1회,365,,,자산 대장 없음 — 보유 확인 필요 · 분류 추론 — 검수 전
ASG-003047,DTY-01655,,유형,TG14,D10,SD10-1,SD10-2,확인필요,조건부 의무 — 보유·해당 여부 확인 필요,연1회,365,,,자산 대장 없음 — 보유 확인 필요
ASG-003048,DTY-01656,,유형,TG14,D10,SD10-1,SD10-2,확인필요,조건부 의무 — 보유·해당 여부 확인 필요,반기 1회,180,,,자산 대장 없음 — 보유 확인 필요
ASG-003049,DTY-01657,,유형,TG02,D05,SD05-1,SD05-2,해당,,연1회,365,,,
ASG-003050,DTY-01658,,유형,TG99,D99,,,확인필요,조건부 의무 — 보유·해당 여부 확인 필요,연1회,365,,,자산 대장 없음 — 보유 확인 필요 · 분류 추론 — 검수 전
ASG-003051,DTY-01659,,기관,TG26,D02,SD02-1,SD02-2,해당,,연1회,365,,,분류 추론 — 검수 전
ASG-003052,DTY-01660,,기관,TG26,D02,SD02-1,SD02-2,해당,,연1회,365,,,
ASG-003053,DTY-01661,,기관,TG26,D02,SD02-1,SD02-2,해당,,연1회,365,,,분류 추론 — 검수 전
ASG-003054,DTY-01662,,기관,TG26,D02,SD02-1,SD02-2,해당,,상시,365,,,
ASG-003055,DTY-01663,,기관,TG26,D02,SD02-1,SD02-2,해당,,상시,365,,,
ASG-003056,DTY-01664,,기관,TG26,D02,SD02-1,SD02-2,해당,,반기 1회,180,,,분류 추론 — 검수 전
ASG-003057,DTY-01665,,기관,TG26,D02,SD02-1,SD02-2,해당,,반기 1회,180,,,분류 추론 — 검수 전
ASG-003058,DTY-01666,,기관,TG26,D02,SD02-1,SD02-2,해당,,반기 1회,180,,,분류 추론 — 검수 전
ASG-003059,DTY-01667,,기관,TG26,D02,SD02-1,SD02-2,해당,,반기 1회,180,,,분류 추론 — 검수 전
ASG-003060,DTY-01668,,기관,TG26,D02,SD02-1,SD02-2,해당,,반기 1회,180,,,분류 추론 — 검수 전
ASG-003061,DTY-01669,,기관,TG26,D02,SD02-1,SD02-2,해당,,반기 1회,180,,,
ASG-003062,DTY-01670,,기관,TG26,D02,SD02-1,SD02-2,해당,,수시,180,,,
ASG-003063,DTY-01671,,기관,TG26,D02,SD02-1,SD02-2,해당,,수시,180,,,
ASG-003064,DTY-01672,,기관,TG26,D02,SD02-1,SD02-2,해당,,수시,180,,,
ASG-003065,DTY-01673,,기관,TG26,D02,SD02-1,SD02-2,해당,,수시,180,,,
ASG-003066,DTY-01674,,기관,TG26,D02,SD02-1,SD02-2,해당,,수시,180,,,
ASG-003067,DTY-01675,,기관,TG26,D02,SD02-1,SD02-2,해당,,수시,180,,,
ASG-003068,DTY-01676,,기관,TG26,D02,SD02-1,SD02-2,해당,,상시,365,,,
ASG-003069,DTY-01677,,기관,TG26,D02,SD02-1,SD02-2,해당,,반기 1회,180,,,분류 추론 — 검수 전
ASG-003070,DTY-01678,,기관,TG26,D02,SD02-1,SD02-2,해당,,반기 1회,180,,,분류 추론 — 검수 전
ASG-003071,DTY-01679,,기관,TG26,D02,SD02-1,SD02-2,해당,,반기 1회,180,,,분류 추론 — 검수 전
ASG-003072,DTY-01680,,유형,TG22,D11,SD11-1,SD11-2,확인필요,조건부 의무 — 보유·해당 여부 확인 필요,반기 1회,180,,,자산 대장 없음 — 보유 확인 필요 · 분류 추론 — 검수 전
ASG-003073,DTY-01681,,기관,TG26,D02,SD02-1,SD02-2,해당,,반기 1회,180,,,분류 추론 — 검수 전
ASG-003074,DTY-01682,,기관,TG26,D02,SD02-1,SD02-2,해당,,반기 1회,180,,,분류 추론 — 검수 전
ASG-003075,DTY-01683,,기관,TG26,D02,SD02-1,SD02-2,해당,,반기 1회,180,,,분류 추론 — 검수 전
ASG-003076,DTY-01684,,기관,TG26,D02,SD02-1,SD02-2,해당,,반기 1회,180,,,
ASG-003077,DTY-01685,,기관,TG26,D02,SD02-1,SD02-2,해당,,반기 1회,180,,,분류 추론 — 검수 전
ASG-003078,DTY-01686,,기관,TG26,D02,SD02-1,SD02-2,해당,,반기 1회,180,,,분류 추론 — 검수 전
ASG-003079,DTY-01687,,기관,TG26,D02,SD02-1,SD02-2,해당,,반기 1회,180,,,분류 추론 — 검수 전
ASG-003080,DTY-01688,,기관,TG26,D02,SD02-1,SD02-2,해당,,반기 1회,180,,,분류 추론 — 검수 전
ASG-003081,DTY-01689,,기관,TG26,D02,SD02-1,SD02-2,해당,,수시,180,,,분류 추론 — 검수 전
ASG-003082,DTY-01690,,유형,TG18,D09,SD09-1,SD09-2,확인필요,조건부 의무 — 보유·해당 여부 확인 필요,반기 1회,180,,,자산 대장 없음 — 보유 확인 필요
ASG-003083,DTY-01691,,유형,TG09,D08,SD08-1,SD08-2,확인필요,조건부 의무 — 보유·해당 여부 확인 필요,수시,180,,,자산 대장 없음 — 보유 확인 필요 · 분류 추론 — 검수 전
ASG-003084,DTY-01692,,유형,TG09,D08,SD08-1,SD08-2,확인필요,조건부 의무 — 보유·해당 여부 확인 필요,수시,180,,,자산 대장 없음 — 보유 확인 필요 · 분류 추론 — 검수 전
ASG-003085,DTY-01693,,유형,TG09,D08,SD08-1,SD08-2,확인필요,조건부 의무 — 보유·해당 여부 확인 필요,수시,180,,,자산 대장 없음 — 보유 확인 필요 · 분류 추론 — 검수 전
ASG-003086,DTY-01694,,유형,TG09,D08,SD08-1,SD08-2,확인필요,조건부 의무 — 보유·해당 여부 확인 필요,수시,180,,,자산 대장 없음 — 보유 확인 필요 · 분류 추론 — 검수 전
ASG-003087,DTY-01695,,유형,TG09,D08,SD08-1,SD08-2,확인필요,조건부 의무 — 보유·해당 여부 확인 필요,수시,180,,,자산 대장 없음 — 보유 확인 필요
ASG-003088,DTY-01696,,유형,TG09,D08,SD08-1,SD08-2,확인필요,조건부 의무 — 보유·해당 여부 확인 필요,수시,180,,,자산 대장 없음 — 보유 확인 필요
ASG-003089,DTY-01697,,기관,TG26,D02,SD02-1,SD02-2,해당,,수시,180,,,분류 추론 — 검수 전
ASG-003090,DTY-01698,,기관,TG26,D02,SD02-1,SD02-2,해당,,수시,180,,,분류 추론 — 검수 전
ASG-003091,DTY-01699,,유형,TG14,D10,SD10-1,SD10-2,확인필요,조건부 의무 — 보유·해당 여부 확인 필요,수시,180,,,자산 대장 없음 — 보유 확인 필요 · 분류 추론 — 검수 전
ASG-003092,DTY-01700,,유형,TG16,D09,SD09-1,SD09-2,확인필요,조건부 의무 — 보유·해당 여부 확인 필요,수시,180,,,자산 대장 없음 — 보유 확인 필요
ASG-003093,DTY-01701,,유형,TG13,D09,SD09-1,SD09-2,해당,,수시,180,,,
ASG-003094,DTY-01701,AR1967-0000142,자산,TG13,D09,SD09-1,SD09-2,해당,,수시,180,,,
ASG-003095,DTY-01701,AR1969-0000298,자산,TG13,D09,SD09-1,SD09-2,해당,,수시,180,,,
ASG-003096,DTY-01701,AR1969-0000299,자산,TG13,D09,SD09-1,SD09-2,해당,,수시,180,,,
ASG-003097,DTY-01702,,유형,TG16,D09,SD09-1,SD09-2,확인필요,조건부 의무 — 보유·해당 여부 확인 필요,수시,180,,,자산 대장 없음 — 보유 확인 필요
ASG-003098,DTY-01703,,유형,TG16,D09,SD09-1,SD09-2,확인필요,조건부 의무 — 보유·해당 여부 확인 필요,수시,180,,,자산 대장 없음 — 보유 확인 필요
ASG-003099,DTY-01704,,유형,TG13,D09,SD09-1,SD09-2,해당,,수시,180,,,
ASG-003100,DTY-01704,AR1967-0000142,자산,TG13,D09,SD09-1,SD09-2,해당,,수시,180,,,
ASG-003101,DTY-01704,AR1969-0000298,자산,TG13,D09,SD09-1,SD09-2,해당,,수시,180,,,
ASG-003102,DTY-01704,AR1969-0000299,자산,TG13,D09,SD09-1,SD09-2,해당,,수시,180,,,
ASG-003103,DTY-01705,,유형,TG16,D09,SD09-1,SD09-2,확인필요,조건부 의무 — 보유·해당 여부 확인 필요,수시,180,,,자산 대장 없음 — 보유 확인 필요
ASG-003104,DTY-01706,,유형,TG16,D09,SD09-1,SD09-2,확인필요,조건부 의무 — 보유·해당 여부 확인 필요,수시,180,,,자산 대장 없음 — 보유 확인 필요
ASG-003105,DTY-01707,,유형,TG16,D09,SD09-1,SD09-2,확인필요,조건부 의무 — 보유·해당 여부 확인 필요,수시,180,,,자산 대장 없음 — 보유 확인 필요
ASG-003106,DTY-01708,,유형,TG16,D09,SD09-1,SD09-2,확인필요,조건부 의무 — 보유·해당 여부 확인 필요,수시,180,,,자산 대장 없음 — 보유 확인 필요
ASG-003107,DTY-01709,,유형,TG13,D09,SD09-1,SD09-2,해당,,수시,180,,,
ASG-003108,DTY-01709,AR1967-0000142,자산,TG13,D09,SD09-1,SD09-2,해당,,수시,180,,,
ASG-003109,DTY-01709,AR1969-0000298,자산,TG13,D09,SD09-1,SD09-2,해당,,수시,180,,,
ASG-003110,DTY-01709,AR1969-0000299,자산,TG13,D09,SD09-1,SD09-2,해당,,수시,180,,,
ASG-003111,DTY-01710,,유형,TG18,D09,SD09-1,SD09-2,확인필요,조건부 의무 — 보유·해당 여부 확인 필요,반기 1회,180,,,자산 대장 없음 — 보유 확인 필요
ASG-003112,DTY-01711,,유형,TG18,D09,SD09-1,SD09-2,확인필요,조건부 의무 — 보유·해당 여부 확인 필요,상시,365,,,자산 대장 없음 — 보유 확인 필요
ASG-003113,DTY-01712,,유형,TG17,D09,SD09-1,SD09-2,확인필요,조건부 의무 — 보유·해당 여부 확인 필요,수시,180,,,자산 대장 없음 — 보유 확인 필요 · 분류 추론 — 검수 전
ASG-003114,DTY-01713,,유형,TG17,D09,SD09-1,SD09-2,확인필요,조건부 의무 — 보유·해당 여부 확인 필요,수시,180,,,자산 대장 없음 — 보유 확인 필요 · 분류 추론 — 검수 전
ASG-003115,DTY-01714,,유형,TG17,D09,SD09-1,SD09-2,확인필요,조건부 의무 — 보유·해당 여부 확인 필요,수시,180,,,자산 대장 없음 — 보유 확인 필요 · 분류 추론 — 검수 전
ASG-003116,DTY-01715,,유형,TG17,D09,SD09-1,SD09-2,확인필요,조건부 의무 — 보유·해당 여부 확인 필요,상시,365,,,자산 대장 없음 — 보유 확인 필요
ASG-003117,DTY-01716,,유형,TG17,D09,SD09-1,SD09-2,확인필요,조건부 의무 — 보유·해당 여부 확인 필요,상시,365,,,자산 대장 없음 — 보유 확인 필요
ASG-003118,DTY-01717,,유형,TG17,D09,SD09-1,SD09-2,확인필요,조건부 의무 — 보유·해당 여부 확인 필요,상시,365,,,자산 대장 없음 — 보유 확인 필요
ASG-003119,DTY-01718,,유형,TG17,D09,SD09-1,SD09-2,확인필요,조건부 의무 — 보유·해당 여부 확인 필요,수시,180,,,자산 대장 없음 — 보유 확인 필요 · 분류 추론 — 검수 전
ASG-003120,DTY-01719,,유형,TG17,D09,SD09-1,SD09-2,확인필요,조건부 의무 — 보유·해당 여부 확인 필요,수시,180,,,자산 대장 없음 — 보유 확인 필요 · 분류 추론 — 검수 전
ASG-003121,DTY-01720,,유형,TG17,D09,SD09-1,SD09-2,확인필요,조건부 의무 — 보유·해당 여부 확인 필요,수시,180,,,자산 대장 없음 — 보유 확인 필요 · 분류 추론 — 검수 전
ASG-003122,DTY-01721,,유형,TG17,D09,SD09-1,SD09-2,확인필요,조건부 의무 — 보유·해당 여부 확인 필요,수시,180,,,자산 대장 없음 — 보유 확인 필요 · 분류 추론 — 검수 전
ASG-003123,DTY-01722,,유형,TG17,D09,SD09-1,SD09-2,확인필요,조건부 의무 — 보유·해당 여부 확인 필요,수시,180,,,자산 대장 없음 — 보유 확인 필요 · 분류 추론 — 검수 전
ASG-003124,DTY-01723,,유형,TG17,D09,SD09-1,SD09-2,확인필요,조건부 의무 — 보유·해당 여부 확인 필요,수시,180,,,자산 대장 없음 — 보유 확인 필요 · 분류 추론 — 검수 전
ASG-003125,DTY-01724,,유형,TG17,D09,SD09-1,SD09-2,확인필요,조건부 의무 — 보유·해당 여부 확인 필요,반기 1회,180,,,자산 대장 없음 — 보유 확인 필요
ASG-003126,DTY-01725,,유형,TG17,D09,SD09-1,SD09-2,확인필요,조건부 의무 — 보유·해당 여부 확인 필요,반기 1회,180,,,자산 대장 없음 — 보유 확인 필요
ASG-003127,DTY-01726,,유형,TG17,D09,SD09-1,SD09-2,확인필요,조건부 의무 — 보유·해당 여부 확인 필요,반기 1회,180,,,자산 대장 없음 — 보유 확인 필요
ASG-003128,DTY-01727,,유형,TG17,D09,SD09-1,SD09-2,확인필요,조건부 의무 — 보유·해당 여부 확인 필요,반기 1회,180,,,자산 대장 없음 — 보유 확인 필요
ASG-003129,DTY-01728,,유형,TG17,D09,SD09-1,SD09-2,확인필요,조건부 의무 — 보유·해당 여부 확인 필요,반기 1회,180,,,자산 대장 없음 — 보유 확인 필요
ASG-003130,DTY-01729,,유형,TG17,D09,SD09-1,SD09-2,확인필요,조건부 의무 — 보유·해당 여부 확인 필요,수시,180,,,자산 대장 없음 — 보유 확인 필요 · 분류 추론 — 검수 전
ASG-003131,DTY-01730,,유형,TG17,D09,SD09-1,SD09-2,확인필요,조건부 의무 — 보유·해당 여부 확인 필요,수시,180,,,자산 대장 없음 — 보유 확인 필요 · 분류 추론 — 검수 전
ASG-003132,DTY-01731,,유형,TG14,D10,SD10-1,SD10-2,확인필요,조건부 의무 — 보유·해당 여부 확인 필요,상시,365,,,자산 대장 없음 — 보유 확인 필요
ASG-003133,DTY-01732,,유형,TG14,D10,SD10-1,SD10-2,확인필요,조건부 의무 — 보유·해당 여부 확인 필요,상시,365,,,자산 대장 없음 — 보유 확인 필요
ASG-003134,DTY-01733,,유형,TG14,D10,SD10-1,SD10-2,확인필요,조건부 의무 — 보유·해당 여부 확인 필요,상시,365,,,자산 대장 없음 — 보유 확인 필요
ASG-003135,DTY-01734,,유형,TG14,D10,SD10-1,SD10-2,확인필요,조건부 의무 — 보유·해당 여부 확인 필요,수시,180,,,자산 대장 없음 — 보유 확인 필요
ASG-003136,DTY-01735,,유형,TG14,D10,SD10-1,SD10-2,확인필요,조건부 의무 — 보유·해당 여부 확인 필요,수시,180,,,자산 대장 없음 — 보유 확인 필요
ASG-003137,DTY-01736,,유형,TG14,D10,SD10-1,SD10-2,확인필요,조건부 의무 — 보유·해당 여부 확인 필요,수시,180,,,자산 대장 없음 — 보유 확인 필요
ASG-003138,DTY-01737,,유형,TG14,D10,SD10-1,SD10-2,확인필요,조건부 의무 — 보유·해당 여부 확인 필요,수시,180,,,자산 대장 없음 — 보유 확인 필요
ASG-003139,DTY-01738,,기관,TG26,D02,SD02-1,SD02-2,해당,,수시,180,,,분류 추론 — 검수 전
ASG-003140,DTY-01739,,기관,TG26,D02,SD02-1,SD02-2,해당,,수시,180,,,분류 추론 — 검수 전
ASG-003141,DTY-01740,,기관,TG26,D02,SD02-1,SD02-2,해당,,수시,180,,,분류 추론 — 검수 전
ASG-003142,DTY-01741,,기관,TG26,D02,SD02-1,SD02-2,해당,,수시,180,,,분류 추론 — 검수 전
ASG-003143,DTY-01742,,기관,TG26,D02,SD02-1,SD02-2,해당,,수시,180,,,분류 추론 — 검수 전
ASG-003144,DTY-01743,,유형,TG17,D09,SD09-1,SD09-2,확인필요,조건부 의무 — 보유·해당 여부 확인 필요,수시,180,,,자산 대장 없음 — 보유 확인 필요 · 분류 추론 — 검수 전
ASG-003145,DTY-01744,,유형,TG17,D09,SD09-1,SD09-2,확인필요,조건부 의무 — 보유·해당 여부 확인 필요,반기 1회,180,,,자산 대장 없음 — 보유 확인 필요
ASG-003146,DTY-01745,,기관,TG26,D02,SD02-1,SD02-2,해당,,수시,180,,,분류 추론 — 검수 전
ASG-003147,DTY-01746,,유형,TG17,D09,SD09-1,SD09-2,확인필요,조건부 의무 — 보유·해당 여부 확인 필요,수시,180,,,자산 대장 없음 — 보유 확인 필요
ASG-003148,DTY-01747,,유형,TG22,D11,SD11-1,SD11-2,확인필요,조건부 의무 — 보유·해당 여부 확인 필요,반기 1회,180,,,자산 대장 없음 — 보유 확인 필요
ASG-003149,DTY-01748,,유형,TG22,D11,SD11-1,SD11-2,확인필요,조건부 의무 — 보유·해당 여부 확인 필요,연1회,365,,,자산 대장 없음 — 보유 확인 필요 · 분류 추론 — 검수 전
ASG-003150,DTY-01749,,유형,TG22,D11,SD11-1,SD11-2,확인필요,조건부 의무 — 보유·해당 여부 확인 필요,반기 1회,180,,,자산 대장 없음 — 보유 확인 필요
ASG-003151,DTY-01750,,유형,TG22,D11,SD11-1,SD11-2,확인필요,조건부 의무 — 보유·해당 여부 확인 필요,연1회,365,,,자산 대장 없음 — 보유 확인 필요 · 분류 추론 — 검수 전
ASG-003152,DTY-01751,,유형,TG22,D11,SD11-1,SD11-2,확인필요,조건부 의무 — 보유·해당 여부 확인 필요,반기 1회,180,,,자산 대장 없음 — 보유 확인 필요
ASG-003153,DTY-01752,,유형,TG22,D11,SD11-1,SD11-2,확인필요,조건부 의무 — 보유·해당 여부 확인 필요,반기 1회,180,,,자산 대장 없음 — 보유 확인 필요
ASG-003154,DTY-01753,,유형,TG22,D11,SD11-1,SD11-2,확인필요,조건부 의무 — 보유·해당 여부 확인 필요,연1회,365,,,자산 대장 없음 — 보유 확인 필요 · 분류 추론 — 검수 전
ASG-003155,DTY-01754,,유형,TG22,D11,SD11-1,SD11-2,확인필요,조건부 의무 — 보유·해당 여부 확인 필요,연1회,365,,,자산 대장 없음 — 보유 확인 필요 · 분류 추론 — 검수 전
ASG-003156,DTY-01755,,유형,TG22,D11,SD11-1,SD11-2,확인필요,조건부 의무 — 보유·해당 여부 확인 필요,상시,365,,,자산 대장 없음 — 보유 확인 필요
ASG-003157,DTY-01756,,유형,TG22,D11,SD11-1,SD11-2,확인필요,조건부 의무 — 보유·해당 여부 확인 필요,연1회,365,,,자산 대장 없음 — 보유 확인 필요 · 분류 추론 — 검수 전
ASG-003158,DTY-01757,,유형,TG22,D11,SD11-1,SD11-2,확인필요,조건부 의무 — 보유·해당 여부 확인 필요,연1회,365,,,자산 대장 없음 — 보유 확인 필요 · 분류 추론 — 검수 전
ASG-003159,DTY-01758,,유형,TG22,D11,SD11-1,SD11-2,확인필요,조건부 의무 — 보유·해당 여부 확인 필요,반기 1회,180,,,자산 대장 없음 — 보유 확인 필요
ASG-003160,DTY-01759,,기관,TG26,D02,SD02-1,SD02-2,해당,,반기 1회,180,,,분류 추론 — 검수 전
ASG-003161,DTY-01760,,기관,TG26,D02,SD02-1,SD02-2,해당,,상시,365,,,분류 추론 — 검수 전
ASG-003162,DTY-01761,,기관,TG26,D02,SD02-1,SD02-2,해당,,반기 1회,180,,,분류 추론 — 검수 전
ASG-003163,DTY-01762,,기관,TG26,D02,SD02-1,SD02-2,해당,,반기 1회,180,,,분류 추론 — 검수 전
ASG-003164,DTY-01763,,유형,TG11,D11,SD11-1,SD11-2,확인필요,조건부 의무 — 보유·해당 여부 확인 필요,상시,365,,,자산 대장 없음 — 보유 확인 필요 · 분류 추론 — 검수 전
ASG-003165,DTY-01764,,기관,TG26,D02,SD02-1,SD02-2,해당,,반기 1회,180,,,분류 추론 — 검수 전
ASG-003166,DTY-01765,,기관,TG26,D02,SD02-1,SD02-2,해당,,반기 1회,180,,,
ASG-003167,DTY-01766,,기관,TG26,D02,SD02-1,SD02-2,해당,,반기 1회,180,,,분류 추론 — 검수 전
ASG-003168,DTY-01767,,기관,TG26,D02,SD02-1,SD02-2,해당,,상시,365,,,분류 추론 — 검수 전
ASG-003169,DTY-01768,,기관,TG26,D02,SD02-1,SD02-2,해당,,수시,180,,,
ASG-003170,DTY-01769,,기관,TG26,D02,SD02-1,SD02-2,해당,,상시,365,,,분류 추론 — 검수 전
ASG-003171,DTY-01770,,기관,TG26,D02,SD02-1,SD02-2,해당,,반기 1회,180,,,분류 추론 — 검수 전
ASG-003172,DTY-01771,,기관,TG26,D02,SD02-1,SD02-2,해당,,반기 1회,180,,,분류 추론 — 검수 전
ASG-003173,DTY-01772,,기관,TG26,D02,SD02-1,SD02-2,해당,,상시,365,,,분류 추론 — 검수 전
ASG-003174,DTY-01773,,기관,TG26,D02,SD02-1,SD02-2,해당,,연1회,365,,,분류 추론 — 검수 전
ASG-003175,DTY-01774,,기관,TG26,D02,SD02-1,SD02-2,해당,,반기 1회,180,,,분류 추론 — 검수 전
ASG-003176,DTY-01775,,기관,TG26,D02,SD02-1,SD02-2,해당,,반기 1회,180,,,분류 추론 — 검수 전
ASG-003177,DTY-01776,,유형,TG03,D03,SD03-1,SD03-2,해당,,상시,365,,,
ASG-003178,DTY-01776,BR0000-0000002,자산,TG03,D03,SD03-1,SD03-2,해당,,상시,365,,,
ASG-003179,DTY-01776,BR1018-0000001,자산,TG03,D03,SD03-1,SD03-2,해당,,상시,365,,,
ASG-003180,DTY-01776,BR1900-0000009,자산,TG03,D03,SD03-1,SD03-2,해당,,상시,365,,,
ASG-003181,DTY-01777,,유형,TG03,D03,SD03-1,SD03-2,해당,,상시,365,,,
ASG-003182,DTY-01777,BR0000-0000002,자산,TG03,D03,SD03-1,SD03-2,해당,,상시,365,,,
ASG-003183,DTY-01777,BR1018-0000001,자산,TG03,D03,SD03-1,SD03-2,해당,,상시,365,,,
ASG-003184,DTY-01777,BR1900-0000009,자산,TG03,D03,SD03-1,SD03-2,해당,,상시,365,,,
ASG-003185,DTY-01778,,유형,TG03,D03,SD03-1,SD03-2,해당,,상시,365,,,
ASG-003186,DTY-01778,BR0000-0000002,자산,TG03,D03,SD03-1,SD03-2,해당,,상시,365,,,
ASG-003187,DTY-01778,BR1018-0000001,자산,TG03,D03,SD03-1,SD03-2,해당,,상시,365,,,
ASG-003188,DTY-01778,BR1900-0000009,자산,TG03,D03,SD03-1,SD03-2,해당,,상시,365,,,
ASG-003189,DTY-01779,,유형,TG09,D08,SD08-1,SD08-2,확인필요,조건부 의무 — 보유·해당 여부 확인 필요,상시,365,,,자산 대장 없음 — 보유 확인 필요 · 분류 추론 — 검수 전
ASG-003190,DTY-01780,,유형,TG09,D08,SD08-1,SD08-2,확인필요,조건부 의무 — 보유·해당 여부 확인 필요,반기 1회,180,,,자산 대장 없음 — 보유 확인 필요
ASG-003191,DTY-01781,,유형,TG09,D08,SD08-1,SD08-2,확인필요,조건부 의무 — 보유·해당 여부 확인 필요,반기 1회,180,,,자산 대장 없음 — 보유 확인 필요
ASG-003192,DTY-01782,,유형,TG09,D08,SD08-1,SD08-2,확인필요,조건부 의무 — 보유·해당 여부 확인 필요,상시,365,,,자산 대장 없음 — 보유 확인 필요
ASG-003193,DTY-01783,,유형,TG09,D08,SD08-1,SD08-2,확인필요,조건부 의무 — 보유·해당 여부 확인 필요,반기 1회,180,,,자산 대장 없음 — 보유 확인 필요
ASG-003194,DTY-01784,,유형,TG09,D08,SD08-1,SD08-2,확인필요,조건부 의무 — 보유·해당 여부 확인 필요,상시,365,,,자산 대장 없음 — 보유 확인 필요 · 분류 추론 — 검수 전
ASG-003195,DTY-01785,,유형,TG09,D08,SD08-1,SD08-2,확인필요,조건부 의무 — 보유·해당 여부 확인 필요,반기 1회,180,,,자산 대장 없음 — 보유 확인 필요 · 분류 추론 — 검수 전
ASG-003196,DTY-01786,,유형,TG09,D08,SD08-1,SD08-2,확인필요,조건부 의무 — 보유·해당 여부 확인 필요,반기 1회,180,,,자산 대장 없음 — 보유 확인 필요 · 분류 추론 — 검수 전
ASG-003197,DTY-01787,,유형,TG09,D08,SD08-1,SD08-2,확인필요,조건부 의무 — 보유·해당 여부 확인 필요,반기 1회,180,,,자산 대장 없음 — 보유 확인 필요 · 분류 추론 — 검수 전
ASG-003198,DTY-01788,,기관,TG26,D02,SD02-1,SD02-2,해당,,반기 1회,180,,,
ASG-003199,DTY-01789,,기관,TG26,D02,SD02-1,SD02-2,해당,,상시,365,,,분류 추론 — 검수 전
ASG-003200,DTY-01790,,기관,TG26,D02,SD02-1,SD02-2,해당,,상시,365,,,분류 추론 — 검수 전
ASG-003201,DTY-01791,,기관,TG26,D02,SD02-1,SD02-2,해당,,반기 1회,180,,,
ASG-003202,DTY-01792,,기관,TG26,D02,SD02-1,SD02-2,해당,,상시,365,,,분류 추론 — 검수 전
ASG-003203,DTY-01793,,기관,TG26,D02,SD02-1,SD02-2,해당,,상시,365,,,분류 추론 — 검수 전
ASG-003204,DTY-01794,,기관,TG26,D02,SD02-1,SD02-2,해당,,상시,365,,,분류 추론 — 검수 전
ASG-003205,DTY-01795,,기관,TG26,D02,SD02-1,SD02-2,해당,,반기 1회,180,,,분류 추론 — 검수 전
ASG-003206,DTY-01796,,기관,TG26,D02,SD02-1,SD02-2,해당,,상시,365,,,분류 추론 — 검수 전
ASG-003207,DTY-01797,,기관,TG26,D02,SD02-1,SD02-2,해당,,상시,365,,,분류 추론 — 검수 전
ASG-003208,DTY-01798,,기관,TG26,D02,SD02-1,SD02-2,해당,,상시,365,,,
ASG-003209,DTY-01799,,기관,TG26,D02,SD02-1,SD02-2,해당,,상시,365,,,분류 추론 — 검수 전
ASG-003210,DTY-01800,,유형,TG11,D11,SD11-1,SD11-2,확인필요,조건부 의무 — 보유·해당 여부 확인 필요,상시,365,,,자산 대장 없음 — 보유 확인 필요 · 분류 추론 — 검수 전
ASG-003211,DTY-01801,,기관,TG26,D02,SD02-1,SD02-2,해당,,상시,365,,,분류 추론 — 검수 전
ASG-003212,DTY-01802,,기관,TG26,D02,SD02-1,SD02-2,해당,,상시,365,,,분류 추론 — 검수 전
ASG-003213,DTY-01803,,기관,TG26,D02,SD02-1,SD02-2,해당,,반기 1회,180,,,분류 추론 — 검수 전
ASG-003214,DTY-01804,,기관,TG26,D02,SD02-1,SD02-2,해당,,상시,365,,,분류 추론 — 검수 전
ASG-003215,DTY-01805,,기관,TG26,D02,SD02-1,SD02-2,해당,,연1회,365,,,분류 추론 — 검수 전
ASG-003216,DTY-01806,,기관,TG26,D02,SD02-1,SD02-2,해당,,연1회,365,,,분류 추론 — 검수 전
ASG-003217,DTY-01807,,기관,TG26,D02,SD02-1,SD02-2,해당,,상시,365,,,분류 추론 — 검수 전
ASG-003218,DTY-01808,,기관,TG26,D02,SD02-1,SD02-2,해당,,상시,365,,,분류 추론 — 검수 전
ASG-003219,DTY-01809,,기관,TG26,D02,SD02-1,SD02-2,해당,,반기 1회,180,,,분류 추론 — 검수 전
ASG-003220,DTY-01810,,기관,TG26,D02,SD02-1,SD02-2,해당,,상시,365,,,분류 추론 — 검수 전
ASG-003221,DTY-01811,,기관,TG26,D02,SD02-1,SD02-2,해당,,반기 1회,180,,,분류 추론 — 검수 전
ASG-003222,DTY-01812,,기관,TG26,D02,SD02-1,SD02-2,해당,,상시,365,,,분류 추론 — 검수 전
ASG-003223,DTY-01813,,기관,TG26,D02,SD02-1,SD02-2,해당,,연1회,365,,,분류 추론 — 검수 전
ASG-003224,DTY-01814,,기관,TG26,D02,SD02-1,SD02-2,해당,,상시,365,,,분류 추론 — 검수 전
ASG-003225,DTY-01815,,기관,TG26,D02,SD02-1,SD02-2,해당,,반기 1회,180,,,
ASG-003226,DTY-01816,,기관,TG26,D02,SD02-1,SD02-2,해당,,상시,365,,,분류 추론 — 검수 전
ASG-003227,DTY-01817,,기관,TG26,D02,SD02-1,SD02-2,해당,,반기 1회,180,,,
ASG-003228,DTY-01818,,기관,TG26,D02,SD02-1,SD02-2,해당,,반기 1회,180,,,분류 추론 — 검수 전
ASG-003229,DTY-01819,,기관,TG26,D02,SD02-1,SD02-2,해당,,반기 1회,180,,,분류 추론 — 검수 전
ASG-003230,DTY-01820,,기관,TG26,D02,SD02-1,SD02-2,해당,,반기 1회,180,,,분류 추론 — 검수 전
ASG-003231,DTY-01821,,기관,TG26,D02,SD02-1,SD02-2,해당,,반기 1회,180,,,분류 추론 — 검수 전
ASG-003232,DTY-01822,,기관,TG26,D02,SD02-1,SD02-2,해당,,반기 1회,180,,,분류 추론 — 검수 전
ASG-003233,DTY-01823,,유형,TG14,D10,SD10-1,SD10-2,확인필요,조건부 의무 — 보유·해당 여부 확인 필요,상시,365,,,자산 대장 없음 — 보유 확인 필요
ASG-003234,DTY-01824,,유형,TG14,D10,SD10-1,SD10-2,확인필요,조건부 의무 — 보유·해당 여부 확인 필요,상시,365,,,자산 대장 없음 — 보유 확인 필요 · 분류 추론 — 검수 전
ASG-003235,DTY-01825,,유형,TG14,D10,SD10-1,SD10-2,확인필요,조건부 의무 — 보유·해당 여부 확인 필요,상시,365,,,자산 대장 없음 — 보유 확인 필요 · 분류 추론 — 검수 전
ASG-003236,DTY-01826,,유형,TG14,D10,SD10-1,SD10-2,확인필요,조건부 의무 — 보유·해당 여부 확인 필요,상시,365,,,자산 대장 없음 — 보유 확인 필요 · 분류 추론 — 검수 전
ASG-003237,DTY-01827,,유형,TG14,D10,SD10-1,SD10-2,확인필요,조건부 의무 — 보유·해당 여부 확인 필요,상시,365,,,자산 대장 없음 — 보유 확인 필요 · 분류 추론 — 검수 전
ASG-003238,DTY-01828,,유형,TG14,D10,SD10-1,SD10-2,확인필요,조건부 의무 — 보유·해당 여부 확인 필요,상시,365,,,자산 대장 없음 — 보유 확인 필요
ASG-003239,DTY-01829,,유형,TG14,D10,SD10-1,SD10-2,확인필요,조건부 의무 — 보유·해당 여부 확인 필요,상시,365,,,자산 대장 없음 — 보유 확인 필요
ASG-003240,DTY-01830,,유형,TG14,D10,SD10-1,SD10-2,확인필요,조건부 의무 — 보유·해당 여부 확인 필요,상시,365,,,자산 대장 없음 — 보유 확인 필요
ASG-003241,DTY-01831,,유형,TG20,D09,SD09-1,SD09-2,확인필요,조건부 의무 — 보유·해당 여부 확인 필요,반기 1회,180,,,자산 대장 없음 — 보유 확인 필요 · 분류 추론 — 검수 전
ASG-003242,DTY-01832,,유형,TG20,D09,SD09-1,SD09-2,확인필요,조건부 의무 — 보유·해당 여부 확인 필요,반기 1회,180,,,자산 대장 없음 — 보유 확인 필요
ASG-003243,DTY-01833,,유형,TG20,D09,SD09-1,SD09-2,확인필요,조건부 의무 — 보유·해당 여부 확인 필요,상시,365,,,자산 대장 없음 — 보유 확인 필요
ASG-003244,DTY-01834,,유형,TG20,D09,SD09-1,SD09-2,확인필요,조건부 의무 — 보유·해당 여부 확인 필요,반기 1회,180,,,자산 대장 없음 — 보유 확인 필요
ASG-003245,DTY-01835,,유형,TG16,D09,SD09-1,SD09-2,확인필요,조건부 의무 — 보유·해당 여부 확인 필요,반기 1회,180,,,자산 대장 없음 — 보유 확인 필요
ASG-003246,DTY-01836,,유형,TG16,D09,SD09-1,SD09-2,확인필요,조건부 의무 — 보유·해당 여부 확인 필요,수시,180,,,자산 대장 없음 — 보유 확인 필요
ASG-003247,DTY-01837,,유형,TG13,D09,SD09-1,SD09-2,해당,,반기 1회,180,,,
ASG-003248,DTY-01837,AR1967-0000142,자산,TG13,D09,SD09-1,SD09-2,해당,,반기 1회,180,,,
ASG-003249,DTY-01837,AR1969-0000298,자산,TG13,D09,SD09-1,SD09-2,해당,,반기 1회,180,,,
ASG-003250,DTY-01837,AR1969-0000299,자산,TG13,D09,SD09-1,SD09-2,해당,,반기 1회,180,,,
ASG-003251,DTY-01838,,유형,TG16,D09,SD09-1,SD09-2,확인필요,조건부 의무 — 보유·해당 여부 확인 필요,반기 1회,180,,,자산 대장 없음 — 보유 확인 필요
ASG-003252,DTY-01839,,유형,TG16,D09,SD09-1,SD09-2,확인필요,조건부 의무 — 보유·해당 여부 확인 필요,반기 1회,180,,,자산 대장 없음 — 보유 확인 필요
ASG-003253,DTY-01840,,유형,TG16,D09,SD09-1,SD09-2,확인필요,조건부 의무 — 보유·해당 여부 확인 필요,반기 1회,180,,,자산 대장 없음 — 보유 확인 필요 · 분류 추론 — 검수 전
ASG-003254,DTY-01841,,유형,TG16,D09,SD09-1,SD09-2,확인필요,조건부 의무 — 보유·해당 여부 확인 필요,상시,365,,,자산 대장 없음 — 보유 확인 필요
ASG-003255,DTY-01842,,유형,TG16,D09,SD09-1,SD09-2,확인필요,조건부 의무 — 보유·해당 여부 확인 필요,수시,180,,,자산 대장 없음 — 보유 확인 필요
ASG-003256,DTY-01843,,유형,TG16,D09,SD09-1,SD09-2,확인필요,조건부 의무 — 보유·해당 여부 확인 필요,수시,180,,,자산 대장 없음 — 보유 확인 필요
ASG-003257,DTY-01844,,유형,TG16,D09,SD09-1,SD09-2,확인필요,조건부 의무 — 보유·해당 여부 확인 필요,수시,180,,,자산 대장 없음 — 보유 확인 필요
ASG-003258,DTY-01845,,유형,TG16,D09,SD09-1,SD09-2,확인필요,조건부 의무 — 보유·해당 여부 확인 필요,수시,180,,,자산 대장 없음 — 보유 확인 필요
ASG-003259,DTY-01846,,유형,TG16,D09,SD09-1,SD09-2,확인필요,조건부 의무 — 보유·해당 여부 확인 필요,수시,180,,,자산 대장 없음 — 보유 확인 필요
ASG-003260,DTY-01847,,유형,TG16,D09,SD09-1,SD09-2,확인필요,조건부 의무 — 보유·해당 여부 확인 필요,상시,365,,,자산 대장 없음 — 보유 확인 필요
ASG-003261,DTY-01848,,유형,TG16,D09,SD09-1,SD09-2,확인필요,조건부 의무 — 보유·해당 여부 확인 필요,상시,365,,,자산 대장 없음 — 보유 확인 필요
ASG-003262,DTY-01849,,유형,TG16,D09,SD09-1,SD09-2,확인필요,조건부 의무 — 보유·해당 여부 확인 필요,연1회,365,,,자산 대장 없음 — 보유 확인 필요
ASG-003263,DTY-01850,,유형,TG16,D09,SD09-1,SD09-2,확인필요,조건부 의무 — 보유·해당 여부 확인 필요,수시,180,,,자산 대장 없음 — 보유 확인 필요
ASG-003264,DTY-01851,,유형,TG16,D09,SD09-1,SD09-2,확인필요,조건부 의무 — 보유·해당 여부 확인 필요,수시,180,,,자산 대장 없음 — 보유 확인 필요
ASG-003265,DTY-01852,,유형,TG16,D09,SD09-1,SD09-2,확인필요,조건부 의무 — 보유·해당 여부 확인 필요,연1회,365,,,자산 대장 없음 — 보유 확인 필요
ASG-003266,DTY-01853,,유형,TG16,D09,SD09-1,SD09-2,확인필요,조건부 의무 — 보유·해당 여부 확인 필요,수시,180,,,자산 대장 없음 — 보유 확인 필요
ASG-003267,DTY-01854,,유형,TG16,D09,SD09-1,SD09-2,확인필요,조건부 의무 — 보유·해당 여부 확인 필요,연1회,365,,,자산 대장 없음 — 보유 확인 필요
ASG-003268,DTY-01855,,유형,TG16,D09,SD09-1,SD09-2,확인필요,조건부 의무 — 보유·해당 여부 확인 필요,연1회,365,,,자산 대장 없음 — 보유 확인 필요
ASG-003269,DTY-01856,,유형,TG16,D09,SD09-1,SD09-2,확인필요,조건부 의무 — 보유·해당 여부 확인 필요,연1회,365,,,자산 대장 없음 — 보유 확인 필요
ASG-003270,DTY-01857,,유형,TG16,D09,SD09-1,SD09-2,확인필요,조건부 의무 — 보유·해당 여부 확인 필요,수시,180,,,자산 대장 없음 — 보유 확인 필요
ASG-003271,DTY-01858,,유형,TG16,D09,SD09-1,SD09-2,확인필요,조건부 의무 — 보유·해당 여부 확인 필요,연1회,365,,,자산 대장 없음 — 보유 확인 필요
ASG-003272,DTY-01859,,유형,TG17,D09,SD09-1,SD09-2,확인필요,조건부 의무 — 보유·해당 여부 확인 필요,수시,180,,,자산 대장 없음 — 보유 확인 필요
ASG-003273,DTY-01860,,유형,TG17,D09,SD09-1,SD09-2,확인필요,조건부 의무 — 보유·해당 여부 확인 필요,수시,180,,,자산 대장 없음 — 보유 확인 필요
ASG-003274,DTY-01861,,유형,TG17,D09,SD09-1,SD09-2,확인필요,조건부 의무 — 보유·해당 여부 확인 필요,수시,180,,,자산 대장 없음 — 보유 확인 필요
ASG-003275,DTY-01862,,유형,TG17,D09,SD09-1,SD09-2,확인필요,조건부 의무 — 보유·해당 여부 확인 필요,수시,180,,,자산 대장 없음 — 보유 확인 필요
ASG-003276,DTY-01863,,유형,TG17,D09,SD09-1,SD09-2,확인필요,조건부 의무 — 보유·해당 여부 확인 필요,수시,180,,,자산 대장 없음 — 보유 확인 필요
ASG-003277,DTY-01864,,유형,TG17,D09,SD09-1,SD09-2,확인필요,조건부 의무 — 보유·해당 여부 확인 필요,수시,180,,,자산 대장 없음 — 보유 확인 필요
ASG-003278,DTY-01865,,유형,TG17,D09,SD09-1,SD09-2,확인필요,조건부 의무 — 보유·해당 여부 확인 필요,수시,180,,,자산 대장 없음 — 보유 확인 필요
ASG-003279,DTY-01866,,유형,TG17,D09,SD09-1,SD09-2,확인필요,조건부 의무 — 보유·해당 여부 확인 필요,수시,180,,,자산 대장 없음 — 보유 확인 필요
ASG-003280,DTY-01867,,유형,TG17,D09,SD09-1,SD09-2,확인필요,조건부 의무 — 보유·해당 여부 확인 필요,수시,180,,,자산 대장 없음 — 보유 확인 필요
ASG-003281,DTY-01868,,유형,TG17,D09,SD09-1,SD09-2,확인필요,조건부 의무 — 보유·해당 여부 확인 필요,수시,180,,,자산 대장 없음 — 보유 확인 필요
ASG-003282,DTY-01869,,유형,TG17,D09,SD09-1,SD09-2,확인필요,조건부 의무 — 보유·해당 여부 확인 필요,수시,180,,,자산 대장 없음 — 보유 확인 필요
ASG-003283,DTY-01870,,유형,TG17,D09,SD09-1,SD09-2,확인필요,조건부 의무 — 보유·해당 여부 확인 필요,수시,180,,,자산 대장 없음 — 보유 확인 필요
ASG-003284,DTY-01871,,유형,TG17,D09,SD09-1,SD09-2,확인필요,조건부 의무 — 보유·해당 여부 확인 필요,수시,180,,,자산 대장 없음 — 보유 확인 필요
ASG-003285,DTY-01872,,유형,TG17,D09,SD09-1,SD09-2,확인필요,조건부 의무 — 보유·해당 여부 확인 필요,수시,180,,,자산 대장 없음 — 보유 확인 필요
ASG-003286,DTY-01873,,유형,TG17,D09,SD09-1,SD09-2,확인필요,조건부 의무 — 보유·해당 여부 확인 필요,수시,180,,,자산 대장 없음 — 보유 확인 필요
ASG-003287,DTY-01874,,유형,TG14,D10,SD10-1,SD10-2,확인필요,조건부 의무 — 보유·해당 여부 확인 필요,연1회,365,,,자산 대장 없음 — 보유 확인 필요
ASG-003288,DTY-01875,,유형,TG14,D10,SD10-1,SD10-2,확인필요,조건부 의무 — 보유·해당 여부 확인 필요,수시,180,,,자산 대장 없음 — 보유 확인 필요
ASG-003289,DTY-01876,,유형,TG14,D10,SD10-1,SD10-2,확인필요,조건부 의무 — 보유·해당 여부 확인 필요,연1회,365,,,자산 대장 없음 — 보유 확인 필요
ASG-003290,DTY-01877,,유형,TG14,D10,SD10-1,SD10-2,확인필요,조건부 의무 — 보유·해당 여부 확인 필요,연1회,365,,,자산 대장 없음 — 보유 확인 필요
ASG-003291,DTY-01878,,유형,TG14,D10,SD10-1,SD10-2,확인필요,조건부 의무 — 보유·해당 여부 확인 필요,연1회,365,,,자산 대장 없음 — 보유 확인 필요
ASG-003292,DTY-01879,,유형,TG14,D10,SD10-1,SD10-2,확인필요,조건부 의무 — 보유·해당 여부 확인 필요,연1회,365,,,자산 대장 없음 — 보유 확인 필요
ASG-003293,DTY-01880,,유형,TG14,D10,SD10-1,SD10-2,확인필요,조건부 의무 — 보유·해당 여부 확인 필요,연1회,365,,,자산 대장 없음 — 보유 확인 필요
ASG-003294,DTY-01881,,유형,TG14,D10,SD10-1,SD10-2,확인필요,조건부 의무 — 보유·해당 여부 확인 필요,연1회,365,,,자산 대장 없음 — 보유 확인 필요
ASG-003295,DTY-01882,,유형,TG14,D10,SD10-1,SD10-2,확인필요,조건부 의무 — 보유·해당 여부 확인 필요,연1회,365,,,자산 대장 없음 — 보유 확인 필요
ASG-003296,DTY-01883,,유형,TG14,D10,SD10-1,SD10-2,확인필요,조건부 의무 — 보유·해당 여부 확인 필요,연1회,365,,,자산 대장 없음 — 보유 확인 필요
ASG-003297,DTY-01884,,유형,TG14,D10,SD10-1,SD10-2,확인필요,조건부 의무 — 보유·해당 여부 확인 필요,연1회,365,,,자산 대장 없음 — 보유 확인 필요
ASG-003298,DTY-01885,,유형,TG14,D10,SD10-1,SD10-2,확인필요,조건부 의무 — 보유·해당 여부 확인 필요,연1회,365,,,자산 대장 없음 — 보유 확인 필요
ASG-003299,DTY-01886,,유형,TG14,D10,SD10-1,SD10-2,확인필요,조건부 의무 — 보유·해당 여부 확인 필요,연1회,365,,,자산 대장 없음 — 보유 확인 필요
ASG-003300,DTY-01887,,유형,TG14,D10,SD10-1,SD10-2,확인필요,조건부 의무 — 보유·해당 여부 확인 필요,연1회,365,,,자산 대장 없음 — 보유 확인 필요
ASG-003301,DTY-01888,,유형,TG14,D10,SD10-1,SD10-2,확인필요,조건부 의무 — 보유·해당 여부 확인 필요,연1회,365,,,자산 대장 없음 — 보유 확인 필요
ASG-003302,DTY-01889,,유형,TG23,D12,SD12-1,SD12-2,확인필요,조건부 의무 — 보유·해당 여부 확인 필요,상시,365,,,자산 대장 없음 — 보유 확인 필요 · 분류 추론 — 검수 전
ASG-003303,DTY-01890,,유형,TG21,D99,,,확인필요,조건부 의무 — 보유·해당 여부 확인 필요,연1회,365,,,자산 대장 없음 — 보유 확인 필요
ASG-003304,DTY-01891,,유형,TG21,D99,,,확인필요,조건부 의무 — 보유·해당 여부 확인 필요,연1회,365,,,자산 대장 없음 — 보유 확인 필요
ASG-003305,DTY-01892,,유형,TG17,D09,SD09-1,SD09-2,확인필요,조건부 의무 — 보유·해당 여부 확인 필요,반기 1회,180,,,자산 대장 없음 — 보유 확인 필요 · 분류 추론 — 검수 전
ASG-003306,DTY-01893,,유형,TG23,D12,SD12-1,SD12-2,확인필요,조건부 의무 — 보유·해당 여부 확인 필요,반기 1회,180,,,자산 대장 없음 — 보유 확인 필요 · 분류 추론 — 검수 전
ASG-003307,DTY-01894,,유형,TG18,D09,SD09-1,SD09-2,확인필요,조건부 의무 — 보유·해당 여부 확인 필요,연1회,365,,,자산 대장 없음 — 보유 확인 필요
ASG-003308,DTY-01895,,기관,TG26,D02,SD02-1,SD02-2,해당,,연1회,365,,,
ASG-003309,DTY-01896,,유형,TG16,D09,SD09-1,SD09-2,확인필요,조건부 의무 — 보유·해당 여부 확인 필요,연1회,365,,,자산 대장 없음 — 보유 확인 필요
ASG-003310,DTY-01897,,유형,TG16,D09,SD09-1,SD09-2,확인필요,조건부 의무 — 보유·해당 여부 확인 필요,연1회,365,,,자산 대장 없음 — 보유 확인 필요
ASG-003311,DTY-01898,,유형,TG16,D09,SD09-1,SD09-2,확인필요,조건부 의무 — 보유·해당 여부 확인 필요,연1회,365,,,자산 대장 없음 — 보유 확인 필요
ASG-003312,DTY-01899,,유형,TG16,D09,SD09-1,SD09-2,확인필요,조건부 의무 — 보유·해당 여부 확인 필요,연1회,365,,,자산 대장 없음 — 보유 확인 필요
ASG-003313,DTY-01900,,유형,TG16,D09,SD09-1,SD09-2,확인필요,조건부 의무 — 보유·해당 여부 확인 필요,연1회,365,,,자산 대장 없음 — 보유 확인 필요
ASG-003314,DTY-01901,,유형,TG16,D09,SD09-1,SD09-2,확인필요,조건부 의무 — 보유·해당 여부 확인 필요,연1회,365,,,자산 대장 없음 — 보유 확인 필요
ASG-003315,DTY-01902,,유형,TG16,D09,SD09-1,SD09-2,확인필요,조건부 의무 — 보유·해당 여부 확인 필요,연1회,365,,,자산 대장 없음 — 보유 확인 필요
ASG-003316,DTY-01903,,유형,TG16,D09,SD09-1,SD09-2,확인필요,조건부 의무 — 보유·해당 여부 확인 필요,연1회,365,,,자산 대장 없음 — 보유 확인 필요
ASG-003317,DTY-01904,,유형,TG16,D09,SD09-1,SD09-2,확인필요,조건부 의무 — 보유·해당 여부 확인 필요,연1회,365,,,자산 대장 없음 — 보유 확인 필요
ASG-003318,DTY-01905,,유형,TG17,D09,SD09-1,SD09-2,확인필요,조건부 의무 — 보유·해당 여부 확인 필요,연1회,365,,,자산 대장 없음 — 보유 확인 필요
ASG-003319,DTY-01906,,유형,TG17,D09,SD09-1,SD09-2,확인필요,조건부 의무 — 보유·해당 여부 확인 필요,연1회,365,,,자산 대장 없음 — 보유 확인 필요
ASG-003320,DTY-01907,,유형,TG17,D09,SD09-1,SD09-2,확인필요,조건부 의무 — 보유·해당 여부 확인 필요,연1회,365,,,자산 대장 없음 — 보유 확인 필요
ASG-003321,DTY-01908,,유형,TG17,D09,SD09-1,SD09-2,확인필요,조건부 의무 — 보유·해당 여부 확인 필요,연1회,365,,,자산 대장 없음 — 보유 확인 필요 · 분류 추론 — 검수 전
ASG-003322,DTY-01909,,유형,TG14,D10,SD10-1,SD10-2,확인필요,조건부 의무 — 보유·해당 여부 확인 필요,연1회,365,,,자산 대장 없음 — 보유 확인 필요 · 분류 추론 — 검수 전
ASG-003323,DTY-01910,,유형,TG14,D10,SD10-1,SD10-2,확인필요,조건부 의무 — 보유·해당 여부 확인 필요,연1회,365,,,자산 대장 없음 — 보유 확인 필요 · 분류 추론 — 검수 전
ASG-003324,DTY-01911,,유형,TG14,D10,SD10-1,SD10-2,확인필요,조건부 의무 — 보유·해당 여부 확인 필요,연1회,365,,,자산 대장 없음 — 보유 확인 필요 · 분류 추론 — 검수 전
ASG-003325,DTY-01912,,유형,TG14,D10,SD10-1,SD10-2,확인필요,조건부 의무 — 보유·해당 여부 확인 필요,연1회,365,,,자산 대장 없음 — 보유 확인 필요
ASG-003326,DTY-01913,,유형,TG14,D10,SD10-1,SD10-2,확인필요,조건부 의무 — 보유·해당 여부 확인 필요,연1회,365,,,자산 대장 없음 — 보유 확인 필요 · 분류 추론 — 검수 전
ASG-003327,DTY-01914,,유형,TG99,D99,,,확인필요,조건부 의무 — 보유·해당 여부 확인 필요,연1회,365,,,정본 미반영 — 새 정독(검수 전) · 관리대상 확인 필요
ASG-003328,DTY-01915,,유형,TG01,D04,SD04-1,SD04-2,해당,,연1회,365,,,
ASG-003329,DTY-01915,ST2005-0000048,자산,TG01,D04,SD04-1,SD04-2,해당,,연1회,365,,,
ASG-003330,DTY-01915,ST2005-0000049,자산,TG01,D04,SD04-1,SD04-2,해당,,연1회,365,,,
ASG-003331,DTY-01915,ST2009-0000031,자산,TG01,D04,SD04-1,SD04-2,해당,,연1회,365,,,
ASG-003332,DTY-01916,,유형,TG11,D11,SD11-1,SD11-2,확인필요,조건부 의무 — 보유·해당 여부 확인 필요,연1회,365,,,자산 대장 없음 — 보유 확인 필요
ASG-003333,DTY-01917,,유형,TG01,D04,SD04-1,SD04-2,해당,,상시,365,,,
ASG-003334,DTY-01917,ST2005-0000048,자산,TG01,D04,SD04-1,SD04-2,해당,,상시,365,,,
ASG-003335,DTY-01917,ST2005-0000049,자산,TG01,D04,SD04-1,SD04-2,해당,,상시,365,,,
ASG-003336,DTY-01917,ST2009-0000031,자산,TG01,D04,SD04-1,SD04-2,해당,,상시,365,,,
ASG-003337,DTY-01918,,유형,TG01,D04,SD04-1,SD04-2,해당,,연1회,365,,,분류 추론 — 검수 전
ASG-003338,DTY-01918,ST2005-0000048,자산,TG01,D04,SD04-1,SD04-2,해당,,연1회,365,,,분류 추론 — 검수 전
ASG-003339,DTY-01918,ST2005-0000049,자산,TG01,D04,SD04-1,SD04-2,해당,,연1회,365,,,분류 추론 — 검수 전
ASG-003340,DTY-01918,ST2009-0000031,자산,TG01,D04,SD04-1,SD04-2,해당,,연1회,365,,,분류 추론 — 검수 전
ASG-003341,DTY-01919,,유형,TG01,D04,SD04-1,SD04-2,해당,,상시,365,,,
ASG-003342,DTY-01919,ST2005-0000048,자산,TG01,D04,SD04-1,SD04-2,해당,,상시,365,,,
ASG-003343,DTY-01919,ST2005-0000049,자산,TG01,D04,SD04-1,SD04-2,해당,,상시,365,,,
ASG-003344,DTY-01919,ST2009-0000031,자산,TG01,D04,SD04-1,SD04-2,해당,,상시,365,,,
ASG-003345,DTY-01920,,유형,TG01,D04,SD04-1,SD04-2,해당,,상시,365,,,
ASG-003346,DTY-01920,ST2005-0000048,자산,TG01,D04,SD04-1,SD04-2,해당,,상시,365,,,
ASG-003347,DTY-01920,ST2005-0000049,자산,TG01,D04,SD04-1,SD04-2,해당,,상시,365,,,
ASG-003348,DTY-01920,ST2009-0000031,자산,TG01,D04,SD04-1,SD04-2,해당,,상시,365,,,
ASG-003349,DTY-01921,,유형,TG02,D05,SD05-1,SD05-2,해당,,상시,365,,,
ASG-003350,DTY-01922,,유형,TG06,D13,SD13-1,SD13-2,해당,,상시,365,,,
ASG-003351,DTY-01922,WG2008-0000097,자산,TG06,D13,SD13-1,SD13-2,해당,,상시,365,,,
ASG-003352,DTY-01922,WG2008-0000098,자산,TG06,D13,SD13-1,SD13-2,해당,,상시,365,,,
ASG-003353,DTY-01922,WG2008-0000099,자산,TG06,D13,SD13-1,SD13-2,해당,,상시,365,,,
ASG-003354,DTY-01923,,유형,TG01,D04,SD04-1,SD04-2,해당,,수시,180,,,
ASG-003355,DTY-01923,ST2005-0000048,자산,TG01,D04,SD04-1,SD04-2,해당,,수시,180,,,
ASG-003356,DTY-01923,ST2005-0000049,자산,TG01,D04,SD04-1,SD04-2,해당,,수시,180,,,
ASG-003357,DTY-01923,ST2009-0000031,자산,TG01,D04,SD04-1,SD04-2,해당,,수시,180,,,
ASG-003358,DTY-01924,,유형,TG01,D04,SD04-1,SD04-2,해당,,상시,365,,,
ASG-003359,DTY-01924,ST2005-0000048,자산,TG01,D04,SD04-1,SD04-2,해당,,상시,365,,,
ASG-003360,DTY-01924,ST2005-0000049,자산,TG01,D04,SD04-1,SD04-2,해당,,상시,365,,,
ASG-003361,DTY-01924,ST2009-0000031,자산,TG01,D04,SD04-1,SD04-2,해당,,상시,365,,,
ASG-003362,DTY-01925,,유형,TG22,D11,SD11-1,SD11-2,확인필요,조건부 의무 — 보유·해당 여부 확인 필요,연1회,365,,,자산 대장 없음 — 보유 확인 필요
ASG-003363,DTY-01926,,유형,TG22,D11,SD11-1,SD11-2,확인필요,조건부 의무 — 보유·해당 여부 확인 필요,연1회,365,,,자산 대장 없음 — 보유 확인 필요
ASG-003364,DTY-01927,,유형,TG01,D04,SD04-1,SD04-2,해당,,상시,365,,,
ASG-003365,DTY-01927,ST2005-0000048,자산,TG01,D04,SD04-1,SD04-2,해당,,상시,365,,,
ASG-003366,DTY-01927,ST2005-0000049,자산,TG01,D04,SD04-1,SD04-2,해당,,상시,365,,,
ASG-003367,DTY-01927,ST2009-0000031,자산,TG01,D04,SD04-1,SD04-2,해당,,상시,365,,,
ASG-003368,DTY-01928,,유형,TG01,D04,SD04-1,SD04-2,해당,,상시,365,,,
ASG-003369,DTY-01928,ST2005-0000048,자산,TG01,D04,SD04-1,SD04-2,해당,,상시,365,,,
ASG-003370,DTY-01928,ST2005-0000049,자산,TG01,D04,SD04-1,SD04-2,해당,,상시,365,,,
ASG-003371,DTY-01928,ST2009-0000031,자산,TG01,D04,SD04-1,SD04-2,해당,,상시,365,,,
ASG-003372,DTY-01929,,유형,TG01,D04,SD04-1,SD04-2,해당,,상시,365,,,
ASG-003373,DTY-01929,ST2005-0000048,자산,TG01,D04,SD04-1,SD04-2,해당,,상시,365,,,
ASG-003374,DTY-01929,ST2005-0000049,자산,TG01,D04,SD04-1,SD04-2,해당,,상시,365,,,
ASG-003375,DTY-01929,ST2009-0000031,자산,TG01,D04,SD04-1,SD04-2,해당,,상시,365,,,
ASG-003376,DTY-01930,,유형,TG01,D04,SD04-1,SD04-2,해당,,상시,365,,,
ASG-003377,DTY-01930,ST2005-0000048,자산,TG01,D04,SD04-1,SD04-2,해당,,상시,365,,,
ASG-003378,DTY-01930,ST2005-0000049,자산,TG01,D04,SD04-1,SD04-2,해당,,상시,365,,,
ASG-003379,DTY-01930,ST2009-0000031,자산,TG01,D04,SD04-1,SD04-2,해당,,상시,365,,,
ASG-003380,DTY-01931,,유형,TG01,D04,SD04-1,SD04-2,해당,,상시,365,,,
ASG-003381,DTY-01931,ST2005-0000048,자산,TG01,D04,SD04-1,SD04-2,해당,,상시,365,,,
ASG-003382,DTY-01931,ST2005-0000049,자산,TG01,D04,SD04-1,SD04-2,해당,,상시,365,,,
ASG-003383,DTY-01931,ST2009-0000031,자산,TG01,D04,SD04-1,SD04-2,해당,,상시,365,,,
ASG-003384,DTY-01932,,유형,TG01,D04,SD04-1,SD04-2,해당,,상시,365,,,
ASG-003385,DTY-01932,ST2005-0000048,자산,TG01,D04,SD04-1,SD04-2,해당,,상시,365,,,
ASG-003386,DTY-01932,ST2005-0000049,자산,TG01,D04,SD04-1,SD04-2,해당,,상시,365,,,
ASG-003387,DTY-01932,ST2009-0000031,자산,TG01,D04,SD04-1,SD04-2,해당,,상시,365,,,
ASG-003388,DTY-01933,,유형,TG01,D04,SD04-1,SD04-2,해당,,상시,365,,,
ASG-003389,DTY-01933,ST2005-0000048,자산,TG01,D04,SD04-1,SD04-2,해당,,상시,365,,,
ASG-003390,DTY-01933,ST2005-0000049,자산,TG01,D04,SD04-1,SD04-2,해당,,상시,365,,,
ASG-003391,DTY-01933,ST2009-0000031,자산,TG01,D04,SD04-1,SD04-2,해당,,상시,365,,,
ASG-003392,DTY-01934,,유형,TG01,D04,SD04-1,SD04-2,해당,,연1회,365,,,
ASG-003393,DTY-01934,ST2005-0000048,자산,TG01,D04,SD04-1,SD04-2,해당,,연1회,365,,,
ASG-003394,DTY-01934,ST2005-0000049,자산,TG01,D04,SD04-1,SD04-2,해당,,연1회,365,,,
ASG-003395,DTY-01934,ST2009-0000031,자산,TG01,D04,SD04-1,SD04-2,해당,,연1회,365,,,
ASG-003396,DTY-01935,,유형,TG01,D04,SD04-1,SD04-2,해당,,상시,365,,,
ASG-003397,DTY-01935,ST2005-0000048,자산,TG01,D04,SD04-1,SD04-2,해당,,상시,365,,,
ASG-003398,DTY-01935,ST2005-0000049,자산,TG01,D04,SD04-1,SD04-2,해당,,상시,365,,,
ASG-003399,DTY-01935,ST2009-0000031,자산,TG01,D04,SD04-1,SD04-2,해당,,상시,365,,,
ASG-003400,DTY-01936,,유형,TG01,D04,SD04-1,SD04-2,해당,,반기 1회,180,,,
ASG-003401,DTY-01936,ST2005-0000048,자산,TG01,D04,SD04-1,SD04-2,해당,,반기 1회,180,,,
ASG-003402,DTY-01936,ST2005-0000049,자산,TG01,D04,SD04-1,SD04-2,해당,,반기 1회,180,,,
ASG-003403,DTY-01936,ST2009-0000031,자산,TG01,D04,SD04-1,SD04-2,해당,,반기 1회,180,,,
ASG-003404,DTY-01937,,유형,TG01,D04,SD04-1,SD04-2,해당,,상시,365,,,
ASG-003405,DTY-01937,ST2005-0000048,자산,TG01,D04,SD04-1,SD04-2,해당,,상시,365,,,
ASG-003406,DTY-01937,ST2005-0000049,자산,TG01,D04,SD04-1,SD04-2,해당,,상시,365,,,
ASG-003407,DTY-01937,ST2009-0000031,자산,TG01,D04,SD04-1,SD04-2,해당,,상시,365,,,
ASG-003408,DTY-01938,,유형,TG01,D04,SD04-1,SD04-2,해당,,상시,365,,,
ASG-003409,DTY-01938,ST2005-0000048,자산,TG01,D04,SD04-1,SD04-2,해당,,상시,365,,,
ASG-003410,DTY-01938,ST2005-0000049,자산,TG01,D04,SD04-1,SD04-2,해당,,상시,365,,,
ASG-003411,DTY-01938,ST2009-0000031,자산,TG01,D04,SD04-1,SD04-2,해당,,상시,365,,,
ASG-003412,DTY-01939,,유형,TG28,D11,SD11-1,SD11-2,확인필요,조건부 의무 — 보유·해당 여부 확인 필요,연1회,365,,,자산 대장 없음 — 보유 확인 필요
ASG-003413,DTY-01940,,유형,TG11,D11,SD11-1,SD11-2,확인필요,조건부 의무 — 보유·해당 여부 확인 필요,연1회,365,,,자산 대장 없음 — 보유 확인 필요 · 분류 추론 — 검수 전
ASG-003414,DTY-01941,,유형,TG99,D99,,,확인필요,조건부 의무 — 보유·해당 여부 확인 필요,상시,365,,,정본 미반영 — 새 정독(검수 전) · 관리대상 확인 필요
ASG-003415,DTY-01942,,유형,TG01,D04,SD04-1,SD04-2,해당,,상시,365,,,분류 추론 — 검수 전
ASG-003416,DTY-01942,ST2005-0000048,자산,TG01,D04,SD04-1,SD04-2,해당,,상시,365,,,분류 추론 — 검수 전
ASG-003417,DTY-01942,ST2005-0000049,자산,TG01,D04,SD04-1,SD04-2,해당,,상시,365,,,분류 추론 — 검수 전
ASG-003418,DTY-01942,ST2009-0000031,자산,TG01,D04,SD04-1,SD04-2,해당,,상시,365,,,분류 추론 — 검수 전
ASG-003419,DTY-01943,,유형,TG99,D99,,,확인필요,조건부 의무 — 보유·해당 여부 확인 필요,상시,365,,,정본 미반영 — 새 정독(검수 전) · 관리대상 확인 필요
ASG-003420,DTY-01944,,유형,TG01,D04,SD04-1,SD04-2,해당,,상시,365,,,분류 추론 — 검수 전
ASG-003421,DTY-01944,ST2005-0000048,자산,TG01,D04,SD04-1,SD04-2,해당,,상시,365,,,분류 추론 — 검수 전
ASG-003422,DTY-01944,ST2005-0000049,자산,TG01,D04,SD04-1,SD04-2,해당,,상시,365,,,분류 추론 — 검수 전
ASG-003423,DTY-01944,ST2009-0000031,자산,TG01,D04,SD04-1,SD04-2,해당,,상시,365,,,분류 추론 — 검수 전
ASG-003424,DTY-01945,,유형,TG01,D04,SD04-1,SD04-2,해당,,상시,365,,,
ASG-003425,DTY-01945,ST2005-0000048,자산,TG01,D04,SD04-1,SD04-2,해당,,상시,365,,,
ASG-003426,DTY-01945,ST2005-0000049,자산,TG01,D04,SD04-1,SD04-2,해당,,상시,365,,,
ASG-003427,DTY-01945,ST2009-0000031,자산,TG01,D04,SD04-1,SD04-2,해당,,상시,365,,,
ASG-003428,DTY-01946,,유형,TG01,D04,SD04-1,SD04-2,해당,,상시,365,,,분류 추론 — 검수 전
ASG-003429,DTY-01946,ST2005-0000048,자산,TG01,D04,SD04-1,SD04-2,해당,,상시,365,,,분류 추론 — 검수 전
ASG-003430,DTY-01946,ST2005-0000049,자산,TG01,D04,SD04-1,SD04-2,해당,,상시,365,,,분류 추론 — 검수 전
ASG-003431,DTY-01946,ST2009-0000031,자산,TG01,D04,SD04-1,SD04-2,해당,,상시,365,,,분류 추론 — 검수 전
ASG-003432,DTY-01947,,유형,TG01,D04,SD04-1,SD04-2,해당,,연1회,365,,,분류 추론 — 검수 전
ASG-003433,DTY-01947,ST2005-0000048,자산,TG01,D04,SD04-1,SD04-2,해당,,연1회,365,,,분류 추론 — 검수 전
ASG-003434,DTY-01947,ST2005-0000049,자산,TG01,D04,SD04-1,SD04-2,해당,,연1회,365,,,분류 추론 — 검수 전
ASG-003435,DTY-01947,ST2009-0000031,자산,TG01,D04,SD04-1,SD04-2,해당,,연1회,365,,,분류 추론 — 검수 전
ASG-003436,DTY-01948,,유형,TG01,D04,SD04-1,SD04-2,해당,,반기 1회,180,,,
ASG-003437,DTY-01948,ST2005-0000048,자산,TG01,D04,SD04-1,SD04-2,해당,,반기 1회,180,,,
ASG-003438,DTY-01948,ST2005-0000049,자산,TG01,D04,SD04-1,SD04-2,해당,,반기 1회,180,,,
ASG-003439,DTY-01948,ST2009-0000031,자산,TG01,D04,SD04-1,SD04-2,해당,,반기 1회,180,,,
ASG-003440,DTY-01949,,유형,TG01,D04,SD04-1,SD04-2,해당,,연1회,365,,,
ASG-003441,DTY-01949,ST2005-0000048,자산,TG01,D04,SD04-1,SD04-2,해당,,연1회,365,,,
ASG-003442,DTY-01949,ST2005-0000049,자산,TG01,D04,SD04-1,SD04-2,해당,,연1회,365,,,
ASG-003443,DTY-01949,ST2009-0000031,자산,TG01,D04,SD04-1,SD04-2,해당,,연1회,365,,,
ASG-003444,DTY-01950,,유형,TG01,D04,SD04-1,SD04-2,해당,,연1회,365,,,
ASG-003445,DTY-01950,ST2005-0000048,자산,TG01,D04,SD04-1,SD04-2,해당,,연1회,365,,,
ASG-003446,DTY-01950,ST2005-0000049,자산,TG01,D04,SD04-1,SD04-2,해당,,연1회,365,,,
ASG-003447,DTY-01950,ST2009-0000031,자산,TG01,D04,SD04-1,SD04-2,해당,,연1회,365,,,
ASG-003448,DTY-01951,,유형,TG01,D04,SD04-1,SD04-2,해당,,연1회,365,,,
ASG-003449,DTY-01951,ST2005-0000048,자산,TG01,D04,SD04-1,SD04-2,해당,,연1회,365,,,
ASG-003450,DTY-01951,ST2005-0000049,자산,TG01,D04,SD04-1,SD04-2,해당,,연1회,365,,,
ASG-003451,DTY-01951,ST2009-0000031,자산,TG01,D04,SD04-1,SD04-2,해당,,연1회,365,,,
ASG-003452,DTY-01952,,유형,TG01,D04,SD04-1,SD04-2,해당,,연1회,365,,,
ASG-003453,DTY-01952,ST2005-0000048,자산,TG01,D04,SD04-1,SD04-2,해당,,연1회,365,,,
ASG-003454,DTY-01952,ST2005-0000049,자산,TG01,D04,SD04-1,SD04-2,해당,,연1회,365,,,
ASG-003455,DTY-01952,ST2009-0000031,자산,TG01,D04,SD04-1,SD04-2,해당,,연1회,365,,,
ASG-003456,DTY-01953,,유형,TG01,D04,SD04-1,SD04-2,해당,,연1회,365,,,
ASG-003457,DTY-01953,ST2005-0000048,자산,TG01,D04,SD04-1,SD04-2,해당,,연1회,365,,,
ASG-003458,DTY-01953,ST2005-0000049,자산,TG01,D04,SD04-1,SD04-2,해당,,연1회,365,,,
ASG-003459,DTY-01953,ST2009-0000031,자산,TG01,D04,SD04-1,SD04-2,해당,,연1회,365,,,
ASG-003460,DTY-01954,,유형,TG01,D04,SD04-1,SD04-2,해당,,상시,365,,,분류 추론 — 검수 전
ASG-003461,DTY-01954,ST2005-0000048,자산,TG01,D04,SD04-1,SD04-2,해당,,상시,365,,,분류 추론 — 검수 전
ASG-003462,DTY-01954,ST2005-0000049,자산,TG01,D04,SD04-1,SD04-2,해당,,상시,365,,,분류 추론 — 검수 전
ASG-003463,DTY-01954,ST2009-0000031,자산,TG01,D04,SD04-1,SD04-2,해당,,상시,365,,,분류 추론 — 검수 전
ASG-003464,DTY-01955,,유형,TG01,D04,SD04-1,SD04-2,해당,,연1회,365,,,분류 추론 — 검수 전
ASG-003465,DTY-01955,ST2005-0000048,자산,TG01,D04,SD04-1,SD04-2,해당,,연1회,365,,,분류 추론 — 검수 전
ASG-003466,DTY-01955,ST2005-0000049,자산,TG01,D04,SD04-1,SD04-2,해당,,연1회,365,,,분류 추론 — 검수 전
ASG-003467,DTY-01955,ST2009-0000031,자산,TG01,D04,SD04-1,SD04-2,해당,,연1회,365,,,분류 추론 — 검수 전
ASG-003468,DTY-01956,,유형,TG01,D04,SD04-1,SD04-2,해당,,연1회,365,,,분류 추론 — 검수 전
ASG-003469,DTY-01956,ST2005-0000048,자산,TG01,D04,SD04-1,SD04-2,해당,,연1회,365,,,분류 추론 — 검수 전
ASG-003470,DTY-01956,ST2005-0000049,자산,TG01,D04,SD04-1,SD04-2,해당,,연1회,365,,,분류 추론 — 검수 전
ASG-003471,DTY-01956,ST2009-0000031,자산,TG01,D04,SD04-1,SD04-2,해당,,연1회,365,,,분류 추론 — 검수 전
ASG-003472,DTY-01957,,유형,TG01,D04,SD04-1,SD04-2,해당,,연1회,365,,,
ASG-003473,DTY-01957,ST2005-0000048,자산,TG01,D04,SD04-1,SD04-2,해당,,연1회,365,,,
ASG-003474,DTY-01957,ST2005-0000049,자산,TG01,D04,SD04-1,SD04-2,해당,,연1회,365,,,
ASG-003475,DTY-01957,ST2009-0000031,자산,TG01,D04,SD04-1,SD04-2,해당,,연1회,365,,,
ASG-003476,DTY-01958,,유형,TG01,D04,SD04-1,SD04-2,해당,,연1회,365,,,
ASG-003477,DTY-01958,ST2005-0000048,자산,TG01,D04,SD04-1,SD04-2,해당,,연1회,365,,,
ASG-003478,DTY-01958,ST2005-0000049,자산,TG01,D04,SD04-1,SD04-2,해당,,연1회,365,,,
ASG-003479,DTY-01958,ST2009-0000031,자산,TG01,D04,SD04-1,SD04-2,해당,,연1회,365,,,
ASG-003480,DTY-01959,,유형,TG01,D04,SD04-1,SD04-2,해당,,상시,365,,,분류 추론 — 검수 전
ASG-003481,DTY-01959,ST2005-0000048,자산,TG01,D04,SD04-1,SD04-2,해당,,상시,365,,,분류 추론 — 검수 전
ASG-003482,DTY-01959,ST2005-0000049,자산,TG01,D04,SD04-1,SD04-2,해당,,상시,365,,,분류 추론 — 검수 전
ASG-003483,DTY-01959,ST2009-0000031,자산,TG01,D04,SD04-1,SD04-2,해당,,상시,365,,,분류 추론 — 검수 전
ASG-003484,DTY-01960,,유형,TG01,D04,SD04-1,SD04-2,해당,,연1회,365,,,
ASG-003485,DTY-01960,ST2005-0000048,자산,TG01,D04,SD04-1,SD04-2,해당,,연1회,365,,,
ASG-003486,DTY-01960,ST2005-0000049,자산,TG01,D04,SD04-1,SD04-2,해당,,연1회,365,,,
ASG-003487,DTY-01960,ST2009-0000031,자산,TG01,D04,SD04-1,SD04-2,해당,,연1회,365,,,
ASG-003488,DTY-01961,,유형,TG01,D04,SD04-1,SD04-2,해당,,연1회,365,,,
ASG-003489,DTY-01961,ST2005-0000048,자산,TG01,D04,SD04-1,SD04-2,해당,,연1회,365,,,
ASG-003490,DTY-01961,ST2005-0000049,자산,TG01,D04,SD04-1,SD04-2,해당,,연1회,365,,,
ASG-003491,DTY-01961,ST2009-0000031,자산,TG01,D04,SD04-1,SD04-2,해당,,연1회,365,,,
ASG-003492,DTY-01962,,유형,TG01,D04,SD04-1,SD04-2,해당,,반기 1회,180,,,
ASG-003493,DTY-01962,ST2005-0000048,자산,TG01,D04,SD04-1,SD04-2,해당,,반기 1회,180,,,
ASG-003494,DTY-01962,ST2005-0000049,자산,TG01,D04,SD04-1,SD04-2,해당,,반기 1회,180,,,
ASG-003495,DTY-01962,ST2009-0000031,자산,TG01,D04,SD04-1,SD04-2,해당,,반기 1회,180,,,
ASG-003496,DTY-01963,,유형,TG01,D04,SD04-1,SD04-2,해당,,상시,365,,,분류 추론 — 검수 전
ASG-003497,DTY-01963,ST2005-0000048,자산,TG01,D04,SD04-1,SD04-2,해당,,상시,365,,,분류 추론 — 검수 전
ASG-003498,DTY-01963,ST2005-0000049,자산,TG01,D04,SD04-1,SD04-2,해당,,상시,365,,,분류 추론 — 검수 전
ASG-003499,DTY-01963,ST2009-0000031,자산,TG01,D04,SD04-1,SD04-2,해당,,상시,365,,,분류 추론 — 검수 전
ASG-003500,DTY-01964,,유형,TG01,D04,SD04-1,SD04-2,해당,,상시,365,,,
ASG-003501,DTY-01964,ST2005-0000048,자산,TG01,D04,SD04-1,SD04-2,해당,,상시,365,,,
ASG-003502,DTY-01964,ST2005-0000049,자산,TG01,D04,SD04-1,SD04-2,해당,,상시,365,,,
ASG-003503,DTY-01964,ST2009-0000031,자산,TG01,D04,SD04-1,SD04-2,해당,,상시,365,,,
ASG-003504,DTY-01965,,유형,TG01,D04,SD04-1,SD04-2,해당,,연1회,365,,,
ASG-003505,DTY-01965,ST2005-0000048,자산,TG01,D04,SD04-1,SD04-2,해당,,연1회,365,,,
ASG-003506,DTY-01965,ST2005-0000049,자산,TG01,D04,SD04-1,SD04-2,해당,,연1회,365,,,
ASG-003507,DTY-01965,ST2009-0000031,자산,TG01,D04,SD04-1,SD04-2,해당,,연1회,365,,,
ASG-003508,DTY-01966,,유형,TG22,D11,SD11-1,SD11-2,확인필요,조건부 의무 — 보유·해당 여부 확인 필요,연1회,365,,,자산 대장 없음 — 보유 확인 필요 · 분류 추론 — 검수 전
ASG-003509,DTY-01967,,유형,TG20,D09,SD09-1,SD09-2,확인필요,조건부 의무 — 보유·해당 여부 확인 필요,상시,365,,,자산 대장 없음 — 보유 확인 필요 · 분류 추론 — 검수 전
ASG-003510,DTY-01968,,유형,TG01,D04,SD04-1,SD04-2,해당,,반기 1회,180,,,
ASG-003511,DTY-01968,ST2005-0000048,자산,TG01,D04,SD04-1,SD04-2,해당,,반기 1회,180,,,
ASG-003512,DTY-01968,ST2005-0000049,자산,TG01,D04,SD04-1,SD04-2,해당,,반기 1회,180,,,
ASG-003513,DTY-01968,ST2009-0000031,자산,TG01,D04,SD04-1,SD04-2,해당,,반기 1회,180,,,
ASG-003514,DTY-01969,,유형,TG01,D04,SD04-1,SD04-2,해당,,연1회,365,,,
ASG-003515,DTY-01969,ST2005-0000048,자산,TG01,D04,SD04-1,SD04-2,해당,,연1회,365,,,
ASG-003516,DTY-01969,ST2005-0000049,자산,TG01,D04,SD04-1,SD04-2,해당,,연1회,365,,,
ASG-003517,DTY-01969,ST2009-0000031,자산,TG01,D04,SD04-1,SD04-2,해당,,연1회,365,,,
ASG-003518,DTY-01970,,유형,TG01,D04,SD04-1,SD04-2,해당,,반기 1회,180,,,
ASG-003519,DTY-01970,ST2005-0000048,자산,TG01,D04,SD04-1,SD04-2,해당,,반기 1회,180,,,
ASG-003520,DTY-01970,ST2005-0000049,자산,TG01,D04,SD04-1,SD04-2,해당,,반기 1회,180,,,
ASG-003521,DTY-01970,ST2009-0000031,자산,TG01,D04,SD04-1,SD04-2,해당,,반기 1회,180,,,
ASG-003522,DTY-01971,,유형,TG01,D04,SD04-1,SD04-2,해당,,반기 1회,180,,,
ASG-003523,DTY-01971,ST2005-0000048,자산,TG01,D04,SD04-1,SD04-2,해당,,반기 1회,180,,,
ASG-003524,DTY-01971,ST2005-0000049,자산,TG01,D04,SD04-1,SD04-2,해당,,반기 1회,180,,,
ASG-003525,DTY-01971,ST2009-0000031,자산,TG01,D04,SD04-1,SD04-2,해당,,반기 1회,180,,,
ASG-003526,DTY-01972,,유형,TG01,D04,SD04-1,SD04-2,해당,,반기 1회,180,,,
ASG-003527,DTY-01972,ST2005-0000048,자산,TG01,D04,SD04-1,SD04-2,해당,,반기 1회,180,,,
ASG-003528,DTY-01972,ST2005-0000049,자산,TG01,D04,SD04-1,SD04-2,해당,,반기 1회,180,,,
ASG-003529,DTY-01972,ST2009-0000031,자산,TG01,D04,SD04-1,SD04-2,해당,,반기 1회,180,,,
ASG-003530,DTY-01973,,유형,TG01,D04,SD04-1,SD04-2,해당,,반기 1회,180,,,
ASG-003531,DTY-01973,ST2005-0000048,자산,TG01,D04,SD04-1,SD04-2,해당,,반기 1회,180,,,
ASG-003532,DTY-01973,ST2005-0000049,자산,TG01,D04,SD04-1,SD04-2,해당,,반기 1회,180,,,
ASG-003533,DTY-01973,ST2009-0000031,자산,TG01,D04,SD04-1,SD04-2,해당,,반기 1회,180,,,
ASG-003534,DTY-01974,,유형,TG01,D04,SD04-1,SD04-2,해당,,상시,365,,,
ASG-003535,DTY-01974,ST2005-0000048,자산,TG01,D04,SD04-1,SD04-2,해당,,상시,365,,,
ASG-003536,DTY-01974,ST2005-0000049,자산,TG01,D04,SD04-1,SD04-2,해당,,상시,365,,,
ASG-003537,DTY-01974,ST2009-0000031,자산,TG01,D04,SD04-1,SD04-2,해당,,상시,365,,,
ASG-003538,DTY-01975,,유형,TG01,D04,SD04-1,SD04-2,해당,,상시,365,,,분류 추론 — 검수 전
ASG-003539,DTY-01975,ST2005-0000048,자산,TG01,D04,SD04-1,SD04-2,해당,,상시,365,,,분류 추론 — 검수 전
ASG-003540,DTY-01975,ST2005-0000049,자산,TG01,D04,SD04-1,SD04-2,해당,,상시,365,,,분류 추론 — 검수 전
ASG-003541,DTY-01975,ST2009-0000031,자산,TG01,D04,SD04-1,SD04-2,해당,,상시,365,,,분류 추론 — 검수 전
ASG-003542,DTY-01976,,유형,TG01,D04,SD04-1,SD04-2,해당,,상시,365,,,분류 추론 — 검수 전
ASG-003543,DTY-01976,ST2005-0000048,자산,TG01,D04,SD04-1,SD04-2,해당,,상시,365,,,분류 추론 — 검수 전
ASG-003544,DTY-01976,ST2005-0000049,자산,TG01,D04,SD04-1,SD04-2,해당,,상시,365,,,분류 추론 — 검수 전
ASG-003545,DTY-01976,ST2009-0000031,자산,TG01,D04,SD04-1,SD04-2,해당,,상시,365,,,분류 추론 — 검수 전
ASG-003546,DTY-01977,,유형,TG01,D04,SD04-1,SD04-2,해당,,상시,365,,,분류 추론 — 검수 전
ASG-003547,DTY-01977,ST2005-0000048,자산,TG01,D04,SD04-1,SD04-2,해당,,상시,365,,,분류 추론 — 검수 전
ASG-003548,DTY-01977,ST2005-0000049,자산,TG01,D04,SD04-1,SD04-2,해당,,상시,365,,,분류 추론 — 검수 전
ASG-003549,DTY-01977,ST2009-0000031,자산,TG01,D04,SD04-1,SD04-2,해당,,상시,365,,,분류 추론 — 검수 전
ASG-003550,DTY-01978,,유형,TG01,D04,SD04-1,SD04-2,해당,,상시,365,,,분류 추론 — 검수 전
ASG-003551,DTY-01978,ST2005-0000048,자산,TG01,D04,SD04-1,SD04-2,해당,,상시,365,,,분류 추론 — 검수 전
ASG-003552,DTY-01978,ST2005-0000049,자산,TG01,D04,SD04-1,SD04-2,해당,,상시,365,,,분류 추론 — 검수 전
ASG-003553,DTY-01978,ST2009-0000031,자산,TG01,D04,SD04-1,SD04-2,해당,,상시,365,,,분류 추론 — 검수 전
ASG-003554,DTY-01979,,유형,TG01,D04,SD04-1,SD04-2,해당,,상시,365,,,분류 추론 — 검수 전
ASG-003555,DTY-01979,ST2005-0000048,자산,TG01,D04,SD04-1,SD04-2,해당,,상시,365,,,분류 추론 — 검수 전
ASG-003556,DTY-01979,ST2005-0000049,자산,TG01,D04,SD04-1,SD04-2,해당,,상시,365,,,분류 추론 — 검수 전
ASG-003557,DTY-01979,ST2009-0000031,자산,TG01,D04,SD04-1,SD04-2,해당,,상시,365,,,분류 추론 — 검수 전
ASG-003558,DTY-01980,,유형,TG01,D04,SD04-1,SD04-2,해당,,연1회,365,,,
ASG-003559,DTY-01980,ST2005-0000048,자산,TG01,D04,SD04-1,SD04-2,해당,,연1회,365,,,
ASG-003560,DTY-01980,ST2005-0000049,자산,TG01,D04,SD04-1,SD04-2,해당,,연1회,365,,,
ASG-003561,DTY-01980,ST2009-0000031,자산,TG01,D04,SD04-1,SD04-2,해당,,연1회,365,,,
ASG-003562,DTY-01981,,유형,TG01,D04,SD04-1,SD04-2,해당,,반기 1회,180,,,
ASG-003563,DTY-01981,ST2005-0000048,자산,TG01,D04,SD04-1,SD04-2,해당,,반기 1회,180,,,
ASG-003564,DTY-01981,ST2005-0000049,자산,TG01,D04,SD04-1,SD04-2,해당,,반기 1회,180,,,
ASG-003565,DTY-01981,ST2009-0000031,자산,TG01,D04,SD04-1,SD04-2,해당,,반기 1회,180,,,
ASG-003566,DTY-01982,,유형,TG28,D11,SD11-1,SD11-2,확인필요,조건부 의무 — 보유·해당 여부 확인 필요,상시,365,,,자산 대장 없음 — 보유 확인 필요 · 분류 추론 — 검수 전
ASG-003567,DTY-01983,,유형,TG28,D11,SD11-1,SD11-2,확인필요,조건부 의무 — 보유·해당 여부 확인 필요,상시,365,,,자산 대장 없음 — 보유 확인 필요 · 분류 추론 — 검수 전
ASG-003568,DTY-01984,,유형,TG28,D11,SD11-1,SD11-2,확인필요,조건부 의무 — 보유·해당 여부 확인 필요,상시,365,,,자산 대장 없음 — 보유 확인 필요 · 분류 추론 — 검수 전
ASG-003569,DTY-01985,,유형,TG28,D11,SD11-1,SD11-2,확인필요,조건부 의무 — 보유·해당 여부 확인 필요,상시,365,,,자산 대장 없음 — 보유 확인 필요 · 분류 추론 — 검수 전
ASG-003570,DTY-01986,,유형,TG28,D11,SD11-1,SD11-2,확인필요,조건부 의무 — 보유·해당 여부 확인 필요,연1회,365,,,자산 대장 없음 — 보유 확인 필요 · 분류 추론 — 검수 전
ASG-003571,DTY-01987,,유형,TG28,D11,SD11-1,SD11-2,확인필요,조건부 의무 — 보유·해당 여부 확인 필요,상시,365,,,자산 대장 없음 — 보유 확인 필요 · 분류 추론 — 검수 전
ASG-003572,DTY-01988,,유형,TG28,D11,SD11-1,SD11-2,확인필요,조건부 의무 — 보유·해당 여부 확인 필요,상시,365,,,자산 대장 없음 — 보유 확인 필요 · 분류 추론 — 검수 전
ASG-003573,DTY-01989,,유형,TG28,D11,SD11-1,SD11-2,확인필요,조건부 의무 — 보유·해당 여부 확인 필요,상시,365,,,자산 대장 없음 — 보유 확인 필요
ASG-003574,DTY-01990,,유형,TG28,D11,SD11-1,SD11-2,확인필요,조건부 의무 — 보유·해당 여부 확인 필요,상시,365,,,자산 대장 없음 — 보유 확인 필요 · 분류 추론 — 검수 전
ASG-003575,DTY-01991,,유형,TG01,D04,SD04-1,SD04-2,해당,,연1회,365,,,
ASG-003576,DTY-01991,ST2005-0000048,자산,TG01,D04,SD04-1,SD04-2,해당,,연1회,365,,,
ASG-003577,DTY-01991,ST2005-0000049,자산,TG01,D04,SD04-1,SD04-2,해당,,연1회,365,,,
ASG-003578,DTY-01991,ST2009-0000031,자산,TG01,D04,SD04-1,SD04-2,해당,,연1회,365,,,
ASG-003579,DTY-01992,,유형,TG01,D04,SD04-1,SD04-2,해당,,상시,365,,,
ASG-003580,DTY-01992,ST2005-0000048,자산,TG01,D04,SD04-1,SD04-2,해당,,상시,365,,,
ASG-003581,DTY-01992,ST2005-0000049,자산,TG01,D04,SD04-1,SD04-2,해당,,상시,365,,,
ASG-003582,DTY-01992,ST2009-0000031,자산,TG01,D04,SD04-1,SD04-2,해당,,상시,365,,,
ASG-003583,DTY-01993,,유형,TG01,D04,SD04-1,SD04-2,해당,,반기 1회,180,,,
ASG-003584,DTY-01993,ST2005-0000048,자산,TG01,D04,SD04-1,SD04-2,해당,,반기 1회,180,,,
ASG-003585,DTY-01993,ST2005-0000049,자산,TG01,D04,SD04-1,SD04-2,해당,,반기 1회,180,,,
ASG-003586,DTY-01993,ST2009-0000031,자산,TG01,D04,SD04-1,SD04-2,해당,,반기 1회,180,,,
ASG-003587,DTY-01994,,유형,TG01,D04,SD04-1,SD04-2,해당,,상시,365,,,
ASG-003588,DTY-01994,ST2005-0000048,자산,TG01,D04,SD04-1,SD04-2,해당,,상시,365,,,
ASG-003589,DTY-01994,ST2005-0000049,자산,TG01,D04,SD04-1,SD04-2,해당,,상시,365,,,
ASG-003590,DTY-01994,ST2009-0000031,자산,TG01,D04,SD04-1,SD04-2,해당,,상시,365,,,
ASG-003591,DTY-01995,,유형,TG01,D04,SD04-1,SD04-2,해당,,수시,180,,,분류 추론 — 검수 전
ASG-003592,DTY-01995,ST2005-0000048,자산,TG01,D04,SD04-1,SD04-2,해당,,수시,180,,,분류 추론 — 검수 전
ASG-003593,DTY-01995,ST2005-0000049,자산,TG01,D04,SD04-1,SD04-2,해당,,수시,180,,,분류 추론 — 검수 전
ASG-003594,DTY-01995,ST2009-0000031,자산,TG01,D04,SD04-1,SD04-2,해당,,수시,180,,,분류 추론 — 검수 전
ASG-003595,DTY-01996,,유형,TG01,D04,SD04-1,SD04-2,해당,,수시,180,,,분류 추론 — 검수 전
ASG-003596,DTY-01996,ST2005-0000048,자산,TG01,D04,SD04-1,SD04-2,해당,,수시,180,,,분류 추론 — 검수 전
ASG-003597,DTY-01996,ST2005-0000049,자산,TG01,D04,SD04-1,SD04-2,해당,,수시,180,,,분류 추론 — 검수 전
ASG-003598,DTY-01996,ST2009-0000031,자산,TG01,D04,SD04-1,SD04-2,해당,,수시,180,,,분류 추론 — 검수 전
ASG-003599,DTY-01997,,유형,TG01,D04,SD04-1,SD04-2,해당,,상시,365,,,
ASG-003600,DTY-01997,ST2005-0000048,자산,TG01,D04,SD04-1,SD04-2,해당,,상시,365,,,
ASG-003601,DTY-01997,ST2005-0000049,자산,TG01,D04,SD04-1,SD04-2,해당,,상시,365,,,
ASG-003602,DTY-01997,ST2009-0000031,자산,TG01,D04,SD04-1,SD04-2,해당,,상시,365,,,
ASG-003603,DTY-01998,,유형,TG01,D04,SD04-1,SD04-2,해당,,상시,365,,,
ASG-003604,DTY-01998,ST2005-0000048,자산,TG01,D04,SD04-1,SD04-2,해당,,상시,365,,,
ASG-003605,DTY-01998,ST2005-0000049,자산,TG01,D04,SD04-1,SD04-2,해당,,상시,365,,,
ASG-003606,DTY-01998,ST2009-0000031,자산,TG01,D04,SD04-1,SD04-2,해당,,상시,365,,,
ASG-003607,DTY-01999,,유형,TG01,D04,SD04-1,SD04-2,해당,,상시,365,,,
ASG-003608,DTY-01999,ST2005-0000048,자산,TG01,D04,SD04-1,SD04-2,해당,,상시,365,,,
ASG-003609,DTY-01999,ST2005-0000049,자산,TG01,D04,SD04-1,SD04-2,해당,,상시,365,,,
ASG-003610,DTY-01999,ST2009-0000031,자산,TG01,D04,SD04-1,SD04-2,해당,,상시,365,,,
ASG-003611,DTY-02000,,유형,TG01,D04,SD04-1,SD04-2,해당,,상시,365,,,
ASG-003612,DTY-02000,ST2005-0000048,자산,TG01,D04,SD04-1,SD04-2,해당,,상시,365,,,
ASG-003613,DTY-02000,ST2005-0000049,자산,TG01,D04,SD04-1,SD04-2,해당,,상시,365,,,
ASG-003614,DTY-02000,ST2009-0000031,자산,TG01,D04,SD04-1,SD04-2,해당,,상시,365,,,
ASG-003615,DTY-02001,,유형,TG01,D04,SD04-1,SD04-2,해당,,상시,365,,,
ASG-003616,DTY-02001,ST2005-0000048,자산,TG01,D04,SD04-1,SD04-2,해당,,상시,365,,,
ASG-003617,DTY-02001,ST2005-0000049,자산,TG01,D04,SD04-1,SD04-2,해당,,상시,365,,,
ASG-003618,DTY-02001,ST2009-0000031,자산,TG01,D04,SD04-1,SD04-2,해당,,상시,365,,,
ASG-003619,DTY-02002,,유형,TG01,D04,SD04-1,SD04-2,해당,,상시,365,,,
ASG-003620,DTY-02002,ST2005-0000048,자산,TG01,D04,SD04-1,SD04-2,해당,,상시,365,,,
ASG-003621,DTY-02002,ST2005-0000049,자산,TG01,D04,SD04-1,SD04-2,해당,,상시,365,,,
ASG-003622,DTY-02002,ST2009-0000031,자산,TG01,D04,SD04-1,SD04-2,해당,,상시,365,,,
ASG-003623,DTY-02003,,유형,TG01,D04,SD04-1,SD04-2,해당,,연1회,365,,,
ASG-003624,DTY-02003,ST2005-0000048,자산,TG01,D04,SD04-1,SD04-2,해당,,연1회,365,,,
ASG-003625,DTY-02003,ST2005-0000049,자산,TG01,D04,SD04-1,SD04-2,해당,,연1회,365,,,
ASG-003626,DTY-02003,ST2009-0000031,자산,TG01,D04,SD04-1,SD04-2,해당,,연1회,365,,,
ASG-003627,DTY-02004,,유형,TG01,D04,SD04-1,SD04-2,해당,,연1회,365,,,
ASG-003628,DTY-02004,ST2005-0000048,자산,TG01,D04,SD04-1,SD04-2,해당,,연1회,365,,,
ASG-003629,DTY-02004,ST2005-0000049,자산,TG01,D04,SD04-1,SD04-2,해당,,연1회,365,,,
ASG-003630,DTY-02004,ST2009-0000031,자산,TG01,D04,SD04-1,SD04-2,해당,,연1회,365,,,
ASG-003631,DTY-02005,,유형,TG01,D04,SD04-1,SD04-2,해당,,반기 1회,180,,,
ASG-003632,DTY-02005,ST2005-0000048,자산,TG01,D04,SD04-1,SD04-2,해당,,반기 1회,180,,,
ASG-003633,DTY-02005,ST2005-0000049,자산,TG01,D04,SD04-1,SD04-2,해당,,반기 1회,180,,,
ASG-003634,DTY-02005,ST2009-0000031,자산,TG01,D04,SD04-1,SD04-2,해당,,반기 1회,180,,,
ASG-003635,DTY-02006,,유형,TG01,D04,SD04-1,SD04-2,해당,,수시,180,,,분류 추론 — 검수 전
ASG-003636,DTY-02006,ST2005-0000048,자산,TG01,D04,SD04-1,SD04-2,해당,,수시,180,,,분류 추론 — 검수 전
ASG-003637,DTY-02006,ST2005-0000049,자산,TG01,D04,SD04-1,SD04-2,해당,,수시,180,,,분류 추론 — 검수 전
ASG-003638,DTY-02006,ST2009-0000031,자산,TG01,D04,SD04-1,SD04-2,해당,,수시,180,,,분류 추론 — 검수 전
ASG-003639,DTY-02007,,유형,TG28,D11,SD11-1,SD11-2,확인필요,조건부 의무 — 보유·해당 여부 확인 필요,수시,180,,,자산 대장 없음 — 보유 확인 필요 · 분류 추론 — 검수 전
ASG-003640,DTY-02008,,유형,TG28,D11,SD11-1,SD11-2,확인필요,조건부 의무 — 보유·해당 여부 확인 필요,수시,180,,,자산 대장 없음 — 보유 확인 필요 · 분류 추론 — 검수 전
ASG-003641,DTY-02009,,유형,TG28,D11,SD11-1,SD11-2,해당,,수시,180,,,정본 미반영 — 새 정독(검수 전)
ASG-003642,DTY-02010,,유형,TG28,D11,SD11-1,SD11-2,확인필요,조건부 의무 — 보유·해당 여부 확인 필요,수시,180,,,자산 대장 없음 — 보유 확인 필요 · 분류 추론 — 검수 전
ASG-003643,DTY-02011,,유형,TG01,D04,SD04-1,SD04-2,해당,,반기 1회,180,,,분류 추론 — 검수 전
ASG-003644,DTY-02011,ST2005-0000048,자산,TG01,D04,SD04-1,SD04-2,해당,,반기 1회,180,,,분류 추론 — 검수 전
ASG-003645,DTY-02011,ST2005-0000049,자산,TG01,D04,SD04-1,SD04-2,해당,,반기 1회,180,,,분류 추론 — 검수 전
ASG-003646,DTY-02011,ST2009-0000031,자산,TG01,D04,SD04-1,SD04-2,해당,,반기 1회,180,,,분류 추론 — 검수 전
ASG-003647,DTY-02012,,유형,TG01,D04,SD04-1,SD04-2,해당,,반기 1회,180,,,분류 추론 — 검수 전
ASG-003648,DTY-02012,ST2005-0000048,자산,TG01,D04,SD04-1,SD04-2,해당,,반기 1회,180,,,분류 추론 — 검수 전
ASG-003649,DTY-02012,ST2005-0000049,자산,TG01,D04,SD04-1,SD04-2,해당,,반기 1회,180,,,분류 추론 — 검수 전
ASG-003650,DTY-02012,ST2009-0000031,자산,TG01,D04,SD04-1,SD04-2,해당,,반기 1회,180,,,분류 추론 — 검수 전
ASG-003651,DTY-02013,,유형,TG01,D04,SD04-1,SD04-2,해당,,반기 1회,180,,,분류 추론 — 검수 전
ASG-003652,DTY-02013,ST2005-0000048,자산,TG01,D04,SD04-1,SD04-2,해당,,반기 1회,180,,,분류 추론 — 검수 전
ASG-003653,DTY-02013,ST2005-0000049,자산,TG01,D04,SD04-1,SD04-2,해당,,반기 1회,180,,,분류 추론 — 검수 전
ASG-003654,DTY-02013,ST2009-0000031,자산,TG01,D04,SD04-1,SD04-2,해당,,반기 1회,180,,,분류 추론 — 검수 전
ASG-003655,DTY-02014,,유형,TG01,D04,SD04-1,SD04-2,해당,,반기 1회,180,,,분류 추론 — 검수 전
ASG-003656,DTY-02014,ST2005-0000048,자산,TG01,D04,SD04-1,SD04-2,해당,,반기 1회,180,,,분류 추론 — 검수 전
ASG-003657,DTY-02014,ST2005-0000049,자산,TG01,D04,SD04-1,SD04-2,해당,,반기 1회,180,,,분류 추론 — 검수 전
ASG-003658,DTY-02014,ST2009-0000031,자산,TG01,D04,SD04-1,SD04-2,해당,,반기 1회,180,,,분류 추론 — 검수 전
ASG-003659,DTY-02015,,유형,TG01,D04,SD04-1,SD04-2,해당,,반기 1회,180,,,분류 추론 — 검수 전
ASG-003660,DTY-02015,ST2005-0000048,자산,TG01,D04,SD04-1,SD04-2,해당,,반기 1회,180,,,분류 추론 — 검수 전
ASG-003661,DTY-02015,ST2005-0000049,자산,TG01,D04,SD04-1,SD04-2,해당,,반기 1회,180,,,분류 추론 — 검수 전
ASG-003662,DTY-02015,ST2009-0000031,자산,TG01,D04,SD04-1,SD04-2,해당,,반기 1회,180,,,분류 추론 — 검수 전
ASG-003663,DTY-02016,,유형,TG01,D04,SD04-1,SD04-2,해당,,반기 1회,180,,,분류 추론 — 검수 전
ASG-003664,DTY-02016,ST2005-0000048,자산,TG01,D04,SD04-1,SD04-2,해당,,반기 1회,180,,,분류 추론 — 검수 전
ASG-003665,DTY-02016,ST2005-0000049,자산,TG01,D04,SD04-1,SD04-2,해당,,반기 1회,180,,,분류 추론 — 검수 전
ASG-003666,DTY-02016,ST2009-0000031,자산,TG01,D04,SD04-1,SD04-2,해당,,반기 1회,180,,,분류 추론 — 검수 전
ASG-003667,DTY-02017,,유형,TG01,D04,SD04-1,SD04-2,해당,,상시,365,,,
ASG-003668,DTY-02017,ST2005-0000048,자산,TG01,D04,SD04-1,SD04-2,해당,,상시,365,,,
ASG-003669,DTY-02017,ST2005-0000049,자산,TG01,D04,SD04-1,SD04-2,해당,,상시,365,,,
ASG-003670,DTY-02017,ST2009-0000031,자산,TG01,D04,SD04-1,SD04-2,해당,,상시,365,,,
ASG-003671,DTY-02018,,유형,TG01,D04,SD04-1,SD04-2,해당,,상시,365,,,
ASG-003672,DTY-02018,ST2005-0000048,자산,TG01,D04,SD04-1,SD04-2,해당,,상시,365,,,
ASG-003673,DTY-02018,ST2005-0000049,자산,TG01,D04,SD04-1,SD04-2,해당,,상시,365,,,
ASG-003674,DTY-02018,ST2009-0000031,자산,TG01,D04,SD04-1,SD04-2,해당,,상시,365,,,
ASG-003675,DTY-02019,,유형,TG01,D04,SD04-1,SD04-2,해당,,상시,365,,,
ASG-003676,DTY-02019,ST2005-0000048,자산,TG01,D04,SD04-1,SD04-2,해당,,상시,365,,,
ASG-003677,DTY-02019,ST2005-0000049,자산,TG01,D04,SD04-1,SD04-2,해당,,상시,365,,,
ASG-003678,DTY-02019,ST2009-0000031,자산,TG01,D04,SD04-1,SD04-2,해당,,상시,365,,,
ASG-003679,DTY-02020,,유형,TG01,D04,SD04-1,SD04-2,해당,,상시,365,,,
ASG-003680,DTY-02020,ST2005-0000048,자산,TG01,D04,SD04-1,SD04-2,해당,,상시,365,,,
ASG-003681,DTY-02020,ST2005-0000049,자산,TG01,D04,SD04-1,SD04-2,해당,,상시,365,,,
ASG-003682,DTY-02020,ST2009-0000031,자산,TG01,D04,SD04-1,SD04-2,해당,,상시,365,,,
ASG-003683,DTY-02021,,유형,TG01,D04,SD04-1,SD04-2,해당,,상시,365,,,
ASG-003684,DTY-02021,ST2005-0000048,자산,TG01,D04,SD04-1,SD04-2,해당,,상시,365,,,
ASG-003685,DTY-02021,ST2005-0000049,자산,TG01,D04,SD04-1,SD04-2,해당,,상시,365,,,
ASG-003686,DTY-02021,ST2009-0000031,자산,TG01,D04,SD04-1,SD04-2,해당,,상시,365,,,
ASG-003687,DTY-02022,,유형,TG01,D04,SD04-1,SD04-2,해당,,상시,365,,,
ASG-003688,DTY-02022,ST2005-0000048,자산,TG01,D04,SD04-1,SD04-2,해당,,상시,365,,,
ASG-003689,DTY-02022,ST2005-0000049,자산,TG01,D04,SD04-1,SD04-2,해당,,상시,365,,,
ASG-003690,DTY-02022,ST2009-0000031,자산,TG01,D04,SD04-1,SD04-2,해당,,상시,365,,,
ASG-003691,DTY-02023,,유형,TG01,D04,SD04-1,SD04-2,해당,,상시,365,,,
ASG-003692,DTY-02023,ST2005-0000048,자산,TG01,D04,SD04-1,SD04-2,해당,,상시,365,,,
ASG-003693,DTY-02023,ST2005-0000049,자산,TG01,D04,SD04-1,SD04-2,해당,,상시,365,,,
ASG-003694,DTY-02023,ST2009-0000031,자산,TG01,D04,SD04-1,SD04-2,해당,,상시,365,,,
ASG-003695,DTY-02024,,유형,TG01,D04,SD04-1,SD04-2,해당,,상시,365,,,
ASG-003696,DTY-02024,ST2005-0000048,자산,TG01,D04,SD04-1,SD04-2,해당,,상시,365,,,
ASG-003697,DTY-02024,ST2005-0000049,자산,TG01,D04,SD04-1,SD04-2,해당,,상시,365,,,
ASG-003698,DTY-02024,ST2009-0000031,자산,TG01,D04,SD04-1,SD04-2,해당,,상시,365,,,
ASG-003699,DTY-02025,,유형,TG99,D99,,,확인필요,조건부 의무 — 보유·해당 여부 확인 필요,상시,365,,,정본 미반영 — 새 정독(검수 전) · 관리대상 확인 필요
ASG-003700,DTY-02026,,유형,TG11,D11,SD11-1,SD11-2,확인필요,조건부 의무 — 보유·해당 여부 확인 필요,반기 1회,180,,,자산 대장 없음 — 보유 확인 필요
ASG-003701,DTY-02027,,유형,TG11,D11,SD11-1,SD11-2,확인필요,조건부 의무 — 보유·해당 여부 확인 필요,반기 1회,180,,,자산 대장 없음 — 보유 확인 필요 · 분류 추론 — 검수 전
ASG-003702,DTY-02028,,유형,TG01,D04,SD04-1,SD04-2,해당,,반기 1회,180,,,
ASG-003703,DTY-02028,ST2005-0000048,자산,TG01,D04,SD04-1,SD04-2,해당,,반기 1회,180,,,
ASG-003704,DTY-02028,ST2005-0000049,자산,TG01,D04,SD04-1,SD04-2,해당,,반기 1회,180,,,
ASG-003705,DTY-02028,ST2009-0000031,자산,TG01,D04,SD04-1,SD04-2,해당,,반기 1회,180,,,
ASG-003706,DTY-02029,,유형,TG01,D04,SD04-1,SD04-2,해당,,반기 1회,180,,,
ASG-003707,DTY-02029,ST2005-0000048,자산,TG01,D04,SD04-1,SD04-2,해당,,반기 1회,180,,,
ASG-003708,DTY-02029,ST2005-0000049,자산,TG01,D04,SD04-1,SD04-2,해당,,반기 1회,180,,,
ASG-003709,DTY-02029,ST2009-0000031,자산,TG01,D04,SD04-1,SD04-2,해당,,반기 1회,180,,,
ASG-003710,DTY-02030,,유형,TG01,D04,SD04-1,SD04-2,해당,,반기 1회,180,,,
ASG-003711,DTY-02030,ST2005-0000048,자산,TG01,D04,SD04-1,SD04-2,해당,,반기 1회,180,,,
ASG-003712,DTY-02030,ST2005-0000049,자산,TG01,D04,SD04-1,SD04-2,해당,,반기 1회,180,,,
ASG-003713,DTY-02030,ST2009-0000031,자산,TG01,D04,SD04-1,SD04-2,해당,,반기 1회,180,,,
ASG-003714,DTY-02031,,유형,TG01,D04,SD04-1,SD04-2,해당,,반기 1회,180,,,
ASG-003715,DTY-02031,ST2005-0000048,자산,TG01,D04,SD04-1,SD04-2,해당,,반기 1회,180,,,
ASG-003716,DTY-02031,ST2005-0000049,자산,TG01,D04,SD04-1,SD04-2,해당,,반기 1회,180,,,
ASG-003717,DTY-02031,ST2009-0000031,자산,TG01,D04,SD04-1,SD04-2,해당,,반기 1회,180,,,
ASG-003718,DTY-02032,,유형,TG01,D04,SD04-1,SD04-2,해당,,상시,365,,,
ASG-003719,DTY-02032,ST2005-0000048,자산,TG01,D04,SD04-1,SD04-2,해당,,상시,365,,,
ASG-003720,DTY-02032,ST2005-0000049,자산,TG01,D04,SD04-1,SD04-2,해당,,상시,365,,,
ASG-003721,DTY-02032,ST2009-0000031,자산,TG01,D04,SD04-1,SD04-2,해당,,상시,365,,,
ASG-003722,DTY-02033,,유형,TG22,D11,SD11-1,SD11-2,확인필요,조건부 의무 — 보유·해당 여부 확인 필요,연1회,365,,,자산 대장 없음 — 보유 확인 필요
ASG-003723,DTY-02034,,유형,TG01,D04,SD04-1,SD04-2,해당,,상시,365,,,
ASG-003724,DTY-02034,ST2005-0000048,자산,TG01,D04,SD04-1,SD04-2,해당,,상시,365,,,
ASG-003725,DTY-02034,ST2005-0000049,자산,TG01,D04,SD04-1,SD04-2,해당,,상시,365,,,
ASG-003726,DTY-02034,ST2009-0000031,자산,TG01,D04,SD04-1,SD04-2,해당,,상시,365,,,
ASG-003727,DTY-02035,,유형,TG02,D05,SD05-1,SD05-2,해당,,상시,365,,,
ASG-003728,DTY-02036,,유형,TG01,D04,SD04-1,SD04-2,해당,,상시,365,,,
ASG-003729,DTY-02036,ST2005-0000048,자산,TG01,D04,SD04-1,SD04-2,해당,,상시,365,,,
ASG-003730,DTY-02036,ST2005-0000049,자산,TG01,D04,SD04-1,SD04-2,해당,,상시,365,,,
ASG-003731,DTY-02036,ST2009-0000031,자산,TG01,D04,SD04-1,SD04-2,해당,,상시,365,,,
ASG-003732,DTY-02037,,유형,TG22,D11,SD11-1,SD11-2,확인필요,조건부 의무 — 보유·해당 여부 확인 필요,연1회,365,,,자산 대장 없음 — 보유 확인 필요
ASG-003733,DTY-02038,,유형,TG01,D04,SD04-1,SD04-2,해당,,상시,365,,,
ASG-003734,DTY-02038,ST2005-0000048,자산,TG01,D04,SD04-1,SD04-2,해당,,상시,365,,,
ASG-003735,DTY-02038,ST2005-0000049,자산,TG01,D04,SD04-1,SD04-2,해당,,상시,365,,,
ASG-003736,DTY-02038,ST2009-0000031,자산,TG01,D04,SD04-1,SD04-2,해당,,상시,365,,,
ASG-003737,DTY-02039,,유형,TG01,D04,SD04-1,SD04-2,해당,,상시,365,,,
ASG-003738,DTY-02039,ST2005-0000048,자산,TG01,D04,SD04-1,SD04-2,해당,,상시,365,,,
ASG-003739,DTY-02039,ST2005-0000049,자산,TG01,D04,SD04-1,SD04-2,해당,,상시,365,,,
ASG-003740,DTY-02039,ST2009-0000031,자산,TG01,D04,SD04-1,SD04-2,해당,,상시,365,,,
ASG-003741,DTY-02040,,유형,TG01,D04,SD04-1,SD04-2,해당,,상시,365,,,
ASG-003742,DTY-02040,ST2005-0000048,자산,TG01,D04,SD04-1,SD04-2,해당,,상시,365,,,
ASG-003743,DTY-02040,ST2005-0000049,자산,TG01,D04,SD04-1,SD04-2,해당,,상시,365,,,
ASG-003744,DTY-02040,ST2009-0000031,자산,TG01,D04,SD04-1,SD04-2,해당,,상시,365,,,
ASG-003745,DTY-02041,,유형,TG01,D04,SD04-1,SD04-2,해당,,반기 1회,180,,,
ASG-003746,DTY-02041,ST2005-0000048,자산,TG01,D04,SD04-1,SD04-2,해당,,반기 1회,180,,,
ASG-003747,DTY-02041,ST2005-0000049,자산,TG01,D04,SD04-1,SD04-2,해당,,반기 1회,180,,,
ASG-003748,DTY-02041,ST2009-0000031,자산,TG01,D04,SD04-1,SD04-2,해당,,반기 1회,180,,,
ASG-003749,DTY-02042,,유형,TG01,D04,SD04-1,SD04-2,해당,,상시,365,,,
ASG-003750,DTY-02042,ST2005-0000048,자산,TG01,D04,SD04-1,SD04-2,해당,,상시,365,,,
ASG-003751,DTY-02042,ST2005-0000049,자산,TG01,D04,SD04-1,SD04-2,해당,,상시,365,,,
ASG-003752,DTY-02042,ST2009-0000031,자산,TG01,D04,SD04-1,SD04-2,해당,,상시,365,,,
ASG-003753,DTY-02043,,유형,TG01,D04,SD04-1,SD04-2,해당,,반기 1회,180,,,
ASG-003754,DTY-02043,ST2005-0000048,자산,TG01,D04,SD04-1,SD04-2,해당,,반기 1회,180,,,
ASG-003755,DTY-02043,ST2005-0000049,자산,TG01,D04,SD04-1,SD04-2,해당,,반기 1회,180,,,
ASG-003756,DTY-02043,ST2009-0000031,자산,TG01,D04,SD04-1,SD04-2,해당,,반기 1회,180,,,
ASG-003757,DTY-02044,,유형,TG01,D04,SD04-1,SD04-2,해당,,반기 1회,180,,,
ASG-003758,DTY-02044,ST2005-0000048,자산,TG01,D04,SD04-1,SD04-2,해당,,반기 1회,180,,,
ASG-003759,DTY-02044,ST2005-0000049,자산,TG01,D04,SD04-1,SD04-2,해당,,반기 1회,180,,,
ASG-003760,DTY-02044,ST2009-0000031,자산,TG01,D04,SD04-1,SD04-2,해당,,반기 1회,180,,,
ASG-003761,DTY-02045,,유형,TG01,D04,SD04-1,SD04-2,해당,,반기 1회,180,,,
ASG-003762,DTY-02045,ST2005-0000048,자산,TG01,D04,SD04-1,SD04-2,해당,,반기 1회,180,,,
ASG-003763,DTY-02045,ST2005-0000049,자산,TG01,D04,SD04-1,SD04-2,해당,,반기 1회,180,,,
ASG-003764,DTY-02045,ST2009-0000031,자산,TG01,D04,SD04-1,SD04-2,해당,,반기 1회,180,,,
ASG-003765,DTY-02046,,유형,TG01,D04,SD04-1,SD04-2,해당,,반기 1회,180,,,
ASG-003766,DTY-02046,ST2005-0000048,자산,TG01,D04,SD04-1,SD04-2,해당,,반기 1회,180,,,
ASG-003767,DTY-02046,ST2005-0000049,자산,TG01,D04,SD04-1,SD04-2,해당,,반기 1회,180,,,
ASG-003768,DTY-02046,ST2009-0000031,자산,TG01,D04,SD04-1,SD04-2,해당,,반기 1회,180,,,
ASG-003769,DTY-02047,,유형,TG01,D04,SD04-1,SD04-2,해당,,반기 1회,180,,,
ASG-003770,DTY-02047,ST2005-0000048,자산,TG01,D04,SD04-1,SD04-2,해당,,반기 1회,180,,,
ASG-003771,DTY-02047,ST2005-0000049,자산,TG01,D04,SD04-1,SD04-2,해당,,반기 1회,180,,,
ASG-003772,DTY-02047,ST2009-0000031,자산,TG01,D04,SD04-1,SD04-2,해당,,반기 1회,180,,,
ASG-003773,DTY-02048,,유형,TG01,D04,SD04-1,SD04-2,해당,,반기 1회,180,,,
ASG-003774,DTY-02048,ST2005-0000048,자산,TG01,D04,SD04-1,SD04-2,해당,,반기 1회,180,,,
ASG-003775,DTY-02048,ST2005-0000049,자산,TG01,D04,SD04-1,SD04-2,해당,,반기 1회,180,,,
ASG-003776,DTY-02048,ST2009-0000031,자산,TG01,D04,SD04-1,SD04-2,해당,,반기 1회,180,,,
ASG-003777,DTY-02049,,유형,TG01,D04,SD04-1,SD04-2,해당,,반기 1회,180,,,
ASG-003778,DTY-02049,ST2005-0000048,자산,TG01,D04,SD04-1,SD04-2,해당,,반기 1회,180,,,
ASG-003779,DTY-02049,ST2005-0000049,자산,TG01,D04,SD04-1,SD04-2,해당,,반기 1회,180,,,
ASG-003780,DTY-02049,ST2009-0000031,자산,TG01,D04,SD04-1,SD04-2,해당,,반기 1회,180,,,
ASG-003781,DTY-02050,,유형,TG01,D04,SD04-1,SD04-2,해당,,반기 1회,180,,,
ASG-003782,DTY-02050,ST2005-0000048,자산,TG01,D04,SD04-1,SD04-2,해당,,반기 1회,180,,,
ASG-003783,DTY-02050,ST2005-0000049,자산,TG01,D04,SD04-1,SD04-2,해당,,반기 1회,180,,,
ASG-003784,DTY-02050,ST2009-0000031,자산,TG01,D04,SD04-1,SD04-2,해당,,반기 1회,180,,,
ASG-003785,DTY-02051,,유형,TG01,D04,SD04-1,SD04-2,해당,,상시,365,,,
ASG-003786,DTY-02051,ST2005-0000048,자산,TG01,D04,SD04-1,SD04-2,해당,,상시,365,,,
ASG-003787,DTY-02051,ST2005-0000049,자산,TG01,D04,SD04-1,SD04-2,해당,,상시,365,,,
ASG-003788,DTY-02051,ST2009-0000031,자산,TG01,D04,SD04-1,SD04-2,해당,,상시,365,,,
ASG-003789,DTY-02052,,유형,TG01,D04,SD04-1,SD04-2,해당,,상시,365,,,
ASG-003790,DTY-02052,ST2005-0000048,자산,TG01,D04,SD04-1,SD04-2,해당,,상시,365,,,
ASG-003791,DTY-02052,ST2005-0000049,자산,TG01,D04,SD04-1,SD04-2,해당,,상시,365,,,
ASG-003792,DTY-02052,ST2009-0000031,자산,TG01,D04,SD04-1,SD04-2,해당,,상시,365,,,
ASG-003793,DTY-02053,,유형,TG22,D11,SD11-1,SD11-2,확인필요,조건부 의무 — 보유·해당 여부 확인 필요,연1회,365,,,자산 대장 없음 — 보유 확인 필요
ASG-003794,DTY-02054,,유형,TG01,D04,SD04-1,SD04-2,해당,,상시,365,,,분류 추론 — 검수 전
ASG-003795,DTY-02054,ST2005-0000048,자산,TG01,D04,SD04-1,SD04-2,해당,,상시,365,,,분류 추론 — 검수 전
ASG-003796,DTY-02054,ST2005-0000049,자산,TG01,D04,SD04-1,SD04-2,해당,,상시,365,,,분류 추론 — 검수 전
ASG-003797,DTY-02054,ST2009-0000031,자산,TG01,D04,SD04-1,SD04-2,해당,,상시,365,,,분류 추론 — 검수 전
ASG-003798,DTY-02055,,유형,TG01,D04,SD04-1,SD04-2,해당,,반기 1회,180,,,
ASG-003799,DTY-02055,ST2005-0000048,자산,TG01,D04,SD04-1,SD04-2,해당,,반기 1회,180,,,
ASG-003800,DTY-02055,ST2005-0000049,자산,TG01,D04,SD04-1,SD04-2,해당,,반기 1회,180,,,
ASG-003801,DTY-02055,ST2009-0000031,자산,TG01,D04,SD04-1,SD04-2,해당,,반기 1회,180,,,
ASG-003802,DTY-02056,,유형,TG01,D04,SD04-1,SD04-2,해당,,반기 1회,180,,,
ASG-003803,DTY-02056,ST2005-0000048,자산,TG01,D04,SD04-1,SD04-2,해당,,반기 1회,180,,,
ASG-003804,DTY-02056,ST2005-0000049,자산,TG01,D04,SD04-1,SD04-2,해당,,반기 1회,180,,,
ASG-003805,DTY-02056,ST2009-0000031,자산,TG01,D04,SD04-1,SD04-2,해당,,반기 1회,180,,,
ASG-003806,DTY-02057,,유형,TG01,D04,SD04-1,SD04-2,해당,,반기 1회,180,,,
ASG-003807,DTY-02057,ST2005-0000048,자산,TG01,D04,SD04-1,SD04-2,해당,,반기 1회,180,,,
ASG-003808,DTY-02057,ST2005-0000049,자산,TG01,D04,SD04-1,SD04-2,해당,,반기 1회,180,,,
ASG-003809,DTY-02057,ST2009-0000031,자산,TG01,D04,SD04-1,SD04-2,해당,,반기 1회,180,,,
ASG-003810,DTY-02058,,유형,TG01,D04,SD04-1,SD04-2,해당,,연1회,365,,,
ASG-003811,DTY-02058,ST2005-0000048,자산,TG01,D04,SD04-1,SD04-2,해당,,연1회,365,,,
ASG-003812,DTY-02058,ST2005-0000049,자산,TG01,D04,SD04-1,SD04-2,해당,,연1회,365,,,
ASG-003813,DTY-02058,ST2009-0000031,자산,TG01,D04,SD04-1,SD04-2,해당,,연1회,365,,,
ASG-003814,DTY-02059,,유형,TG01,D04,SD04-1,SD04-2,해당,,연1회,365,,,
ASG-003815,DTY-02059,ST2005-0000048,자산,TG01,D04,SD04-1,SD04-2,해당,,연1회,365,,,
ASG-003816,DTY-02059,ST2005-0000049,자산,TG01,D04,SD04-1,SD04-2,해당,,연1회,365,,,
ASG-003817,DTY-02059,ST2009-0000031,자산,TG01,D04,SD04-1,SD04-2,해당,,연1회,365,,,
ASG-003818,DTY-02060,,유형,TG01,D04,SD04-1,SD04-2,해당,,반기 1회,180,,,분류 추론 — 검수 전
ASG-003819,DTY-02060,ST2005-0000048,자산,TG01,D04,SD04-1,SD04-2,해당,,반기 1회,180,,,분류 추론 — 검수 전
ASG-003820,DTY-02060,ST2005-0000049,자산,TG01,D04,SD04-1,SD04-2,해당,,반기 1회,180,,,분류 추론 — 검수 전
ASG-003821,DTY-02060,ST2009-0000031,자산,TG01,D04,SD04-1,SD04-2,해당,,반기 1회,180,,,분류 추론 — 검수 전
ASG-003822,DTY-02061,,유형,TG01,D04,SD04-1,SD04-2,해당,,반기 1회,180,,,분류 추론 — 검수 전
ASG-003823,DTY-02061,ST2005-0000048,자산,TG01,D04,SD04-1,SD04-2,해당,,반기 1회,180,,,분류 추론 — 검수 전
ASG-003824,DTY-02061,ST2005-0000049,자산,TG01,D04,SD04-1,SD04-2,해당,,반기 1회,180,,,분류 추론 — 검수 전
ASG-003825,DTY-02061,ST2009-0000031,자산,TG01,D04,SD04-1,SD04-2,해당,,반기 1회,180,,,분류 추론 — 검수 전
ASG-003826,DTY-02062,,유형,TG28,D11,SD11-1,SD11-2,해당,,상시,365,,,정본 미반영 — 새 정독(검수 전)
ASG-003827,DTY-02063,,유형,TG28,D11,SD11-1,SD11-2,해당,,상시,365,,,정본 미반영 — 새 정독(검수 전)
ASG-003828,DTY-02064,,유형,TG28,D11,SD11-1,SD11-2,해당,,상시,365,,,정본 미반영 — 새 정독(검수 전)
ASG-003829,DTY-02065,,유형,TG28,D11,SD11-1,SD11-2,해당,,상시,365,,,정본 미반영 — 새 정독(검수 전)
ASG-003830,DTY-02066,,유형,TG28,D11,SD11-1,SD11-2,확인필요,조건부 의무 — 보유·해당 여부 확인 필요,반기 1회,180,,,자산 대장 없음 — 보유 확인 필요 · 분류 추론 — 검수 전
ASG-003831,DTY-02067,,유형,TG01,D04,SD04-1,SD04-2,해당,,연1회,365,,,
ASG-003832,DTY-02067,ST2005-0000048,자산,TG01,D04,SD04-1,SD04-2,해당,,연1회,365,,,
ASG-003833,DTY-02067,ST2005-0000049,자산,TG01,D04,SD04-1,SD04-2,해당,,연1회,365,,,
ASG-003834,DTY-02067,ST2009-0000031,자산,TG01,D04,SD04-1,SD04-2,해당,,연1회,365,,,
ASG-003835,DTY-02068,,유형,TG01,D04,SD04-1,SD04-2,해당,,연1회,365,,,분류 추론 — 검수 전
ASG-003836,DTY-02068,ST2005-0000048,자산,TG01,D04,SD04-1,SD04-2,해당,,연1회,365,,,분류 추론 — 검수 전
ASG-003837,DTY-02068,ST2005-0000049,자산,TG01,D04,SD04-1,SD04-2,해당,,연1회,365,,,분류 추론 — 검수 전
ASG-003838,DTY-02068,ST2009-0000031,자산,TG01,D04,SD04-1,SD04-2,해당,,연1회,365,,,분류 추론 — 검수 전
ASG-003839,DTY-02069,,유형,TG01,D04,SD04-1,SD04-2,해당,,연1회,365,,,
ASG-003840,DTY-02069,ST2005-0000048,자산,TG01,D04,SD04-1,SD04-2,해당,,연1회,365,,,
ASG-003841,DTY-02069,ST2005-0000049,자산,TG01,D04,SD04-1,SD04-2,해당,,연1회,365,,,
ASG-003842,DTY-02069,ST2009-0000031,자산,TG01,D04,SD04-1,SD04-2,해당,,연1회,365,,,
ASG-003843,DTY-02070,,유형,TG01,D04,SD04-1,SD04-2,해당,,연1회,365,,,
ASG-003844,DTY-02070,ST2005-0000048,자산,TG01,D04,SD04-1,SD04-2,해당,,연1회,365,,,
ASG-003845,DTY-02070,ST2005-0000049,자산,TG01,D04,SD04-1,SD04-2,해당,,연1회,365,,,
ASG-003846,DTY-02070,ST2009-0000031,자산,TG01,D04,SD04-1,SD04-2,해당,,연1회,365,,,
ASG-003847,DTY-02071,,유형,TG28,D11,SD11-1,SD11-2,해당,,연1회,365,,,정본 미반영 — 새 정독(검수 전)
ASG-003848,DTY-02072,,유형,TG29,D11,SD11-1,SD11-2,확인필요,조건부 의무 — 보유·해당 여부 확인 필요,연1회,365,,,자산 대장 없음 — 보유 확인 필요
ASG-003849,DTY-02073,,유형,TG03,D03,SD03-1,SD03-2,확인필요,조건부 의무 — 보유·해당 여부 확인 필요,반기 1회,180,,,조건부 의무 — 해당 여부 확인 필요
ASG-003850,DTY-02074,,유형,TG03,D03,SD03-1,SD03-2,확인필요,조건부 의무 — 보유·해당 여부 확인 필요,반기 1회,180,,,조건부 의무 — 해당 여부 확인 필요
ASG-003851,DTY-02075,,유형,TG10,D09,SD09-1,SD09-2,확인필요,조건부 의무 — 보유·해당 여부 확인 필요,수시,180,,,조건부 의무 — 해당 여부 확인 필요 · 자산 대장 없음 — 보유 확인 필요
ASG-003852,DTY-02076,,유형,TG10,D09,SD09-1,SD09-2,확인필요,조건부 의무 — 보유·해당 여부 확인 필요,수시,180,,,조건부 의무 — 해당 여부 확인 필요 · 자산 대장 없음 — 보유 확인 필요
ASG-003853,DTY-02077,,유형,TG10,D09,SD09-1,SD09-2,확인필요,조건부 의무 — 보유·해당 여부 확인 필요,수시,180,,,조건부 의무 — 해당 여부 확인 필요 · 자산 대장 없음 — 보유 확인 필요
ASG-003854,DTY-02078,,유형,TG10,D09,SD09-1,SD09-2,확인필요,조건부 의무 — 보유·해당 여부 확인 필요,수시,180,,,조건부 의무 — 해당 여부 확인 필요 · 자산 대장 없음 — 보유 확인 필요
ASG-003855,DTY-02079,,유형,TG12,D06,SD06-1,SD06-2,확인필요,조건부 의무 — 보유·해당 여부 확인 필요,수시,180,,,조건부 의무 — 해당 여부 확인 필요 · 자산 대장 없음 — 보유 확인 필요
ASG-003856,DTY-02080,,유형,TG12,D06,SD06-1,SD06-2,확인필요,조건부 의무 — 보유·해당 여부 확인 필요,상시,365,,,조건부 의무 — 해당 여부 확인 필요 · 자산 대장 없음 — 보유 확인 필요
ASG-003857,DTY-02081,,유형,TG01,D04,SD04-1,SD04-2,확인필요,조건부 의무 — 보유·해당 여부 확인 필요,연1회,365,,,조건부 의무 — 해당 여부 확인 필요
ASG-003858,DTY-02082,,유형,TG01,D04,SD04-1,SD04-2,확인필요,조건부 의무 — 보유·해당 여부 확인 필요,연1회,365,,,조건부 의무 — 해당 여부 확인 필요
ASG-003859,DTY-02083,,유형,TG01,D04,SD04-1,SD04-2,확인필요,조건부 의무 — 보유·해당 여부 확인 필요,수시,180,,,조건부 의무 — 해당 여부 확인 필요
ASG-003860,DTY-02084,,유형,TG01,D04,SD04-1,SD04-2,확인필요,조건부 의무 — 보유·해당 여부 확인 필요,수시,180,,,조건부 의무 — 해당 여부 확인 필요
ASG-003861,DTY-02085,,유형,TG01,D04,SD04-1,SD04-2,확인필요,조건부 의무 — 보유·해당 여부 확인 필요,수시,180,,,조건부 의무 — 해당 여부 확인 필요
ASG-003862,DTY-02086,,유형,TG16,D09,SD09-1,SD09-2,확인필요,조건부 의무 — 보유·해당 여부 확인 필요,수시,180,,,조건부 의무 — 해당 여부 확인 필요 · 자산 대장 없음 — 보유 확인 필요
ASG-003863,DTY-02087,,유형,TG16,D09,SD09-1,SD09-2,확인필요,조건부 의무 — 보유·해당 여부 확인 필요,수시,180,,,조건부 의무 — 해당 여부 확인 필요 · 자산 대장 없음 — 보유 확인 필요
ASG-003864,DTY-02088,,유형,TG16,D09,SD09-1,SD09-2,확인필요,조건부 의무 — 보유·해당 여부 확인 필요,수시,180,,,조건부 의무 — 해당 여부 확인 필요 · 자산 대장 없음 — 보유 확인 필요
ASG-003865,DTY-02089,,유형,TG16,D09,SD09-1,SD09-2,확인필요,조건부 의무 — 보유·해당 여부 확인 필요,수시,180,,,조건부 의무 — 해당 여부 확인 필요 · 자산 대장 없음 — 보유 확인 필요
ASG-003866,DTY-02090,,유형,TG25,D02,SD02-1,SD02-2,확인필요,조건부 의무 — 보유·해당 여부 확인 필요,수시,180,,,조건부 의무 — 해당 여부 확인 필요
ASG-003867,DTY-02091,,유형,TG25,D02,SD02-1,SD02-2,확인필요,조건부 의무 — 보유·해당 여부 확인 필요,수시,180,,,조건부 의무 — 해당 여부 확인 필요
ASG-003868,DTY-02092,,유형,TG25,D02,SD02-1,SD02-2,확인필요,조건부 의무 — 보유·해당 여부 확인 필요,수시,180,,,조건부 의무 — 해당 여부 확인 필요
ASG-003869,DTY-02093,,유형,TG25,D02,SD02-1,SD02-2,확인필요,조건부 의무 — 보유·해당 여부 확인 필요,수시,180,,,조건부 의무 — 해당 여부 확인 필요
ASG-003870,DTY-02094,,유형,TG25,D02,SD02-1,SD02-2,확인필요,조건부 의무 — 보유·해당 여부 확인 필요,수시,180,,,조건부 의무 — 해당 여부 확인 필요
ASG-003871,DTY-02095,,유형,TG18,D09,SD09-1,SD09-2,확인필요,조건부 의무 — 보유·해당 여부 확인 필요,수시,180,,,조건부 의무 — 해당 여부 확인 필요 · 자산 대장 없음 — 보유 확인 필요
ASG-003872,DTY-02096,,유형,TG18,D09,SD09-1,SD09-2,확인필요,조건부 의무 — 보유·해당 여부 확인 필요,수시,180,,,조건부 의무 — 해당 여부 확인 필요 · 자산 대장 없음 — 보유 확인 필요
ASG-003873,DTY-02097,,유형,TG08,D06,SD06-1,SD06-2,확인필요,조건부 의무 — 보유·해당 여부 확인 필요,수시,180,,,조건부 의무 — 해당 여부 확인 필요 · 자산 대장 없음 — 보유 확인 필요
ASG-003874,DTY-02098,,유형,TG08,D06,SD06-1,SD06-2,확인필요,조건부 의무 — 보유·해당 여부 확인 필요,수시,180,,,조건부 의무 — 해당 여부 확인 필요 · 자산 대장 없음 — 보유 확인 필요
ASG-003875,DTY-02099,,유형,TG08,D06,SD06-1,SD06-2,확인필요,조건부 의무 — 보유·해당 여부 확인 필요,수시,180,,,조건부 의무 — 해당 여부 확인 필요 · 자산 대장 없음 — 보유 확인 필요
ASG-003876,DTY-02100,,유형,TG08,D06,SD06-1,SD06-2,확인필요,조건부 의무 — 보유·해당 여부 확인 필요,수시,180,,,조건부 의무 — 해당 여부 확인 필요 · 자산 대장 없음 — 보유 확인 필요
ASG-003877,DTY-02101,,유형,TG08,D06,SD06-1,SD06-2,확인필요,조건부 의무 — 보유·해당 여부 확인 필요,수시,180,,,조건부 의무 — 해당 여부 확인 필요 · 자산 대장 없음 — 보유 확인 필요
ASG-003878,DTY-02102,,유형,TG07,D07,SD07-1,SD07-2,확인필요,조건부 의무 — 보유·해당 여부 확인 필요,수시,180,,,조건부 의무 — 해당 여부 확인 필요 · 자산 대장 없음 — 보유 확인 필요
ASG-003879,DTY-02103,,유형,TG07,D07,SD07-1,SD07-2,확인필요,조건부 의무 — 보유·해당 여부 확인 필요,수시,180,,,조건부 의무 — 해당 여부 확인 필요 · 자산 대장 없음 — 보유 확인 필요
ASG-003880,DTY-02104,,유형,TG07,D07,SD07-1,SD07-2,확인필요,조건부 의무 — 보유·해당 여부 확인 필요,수시,180,,,조건부 의무 — 해당 여부 확인 필요 · 자산 대장 없음 — 보유 확인 필요
ASG-003881,DTY-02105,,유형,TG07,D07,SD07-1,SD07-2,확인필요,조건부 의무 — 보유·해당 여부 확인 필요,수시,180,,,조건부 의무 — 해당 여부 확인 필요 · 자산 대장 없음 — 보유 확인 필요
ASG-003882,DTY-02106,,유형,TG07,D07,SD07-1,SD07-2,확인필요,조건부 의무 — 보유·해당 여부 확인 필요,수시,180,,,조건부 의무 — 해당 여부 확인 필요 · 자산 대장 없음 — 보유 확인 필요 · 분류 추론 — 검수 전
ASG-003883,DTY-02107,,유형,TG07,D07,SD07-1,SD07-2,확인필요,조건부 의무 — 보유·해당 여부 확인 필요,상시,365,,,조건부 의무 — 해당 여부 확인 필요 · 자산 대장 없음 — 보유 확인 필요
ASG-003884,DTY-02108,,유형,TG08,D06,SD06-1,SD06-2,확인필요,조건부 의무 — 보유·해당 여부 확인 필요,수시,180,,,조건부 의무 — 해당 여부 확인 필요 · 자산 대장 없음 — 보유 확인 필요
ASG-003885,DTY-02109,,유형,TG15,D10,SD10-1,SD10-2,확인필요,조건부 의무 — 보유·해당 여부 확인 필요,상시,365,,,조건부 의무 — 해당 여부 확인 필요 · 자산 대장 없음 — 보유 확인 필요
ASG-003886,DTY-02110,,유형,TG15,D10,SD10-1,SD10-2,확인필요,조건부 의무 — 보유·해당 여부 확인 필요,수시,180,,,조건부 의무 — 해당 여부 확인 필요 · 자산 대장 없음 — 보유 확인 필요 · 분류 추론 — 검수 전
ASG-003887,DTY-02111,,유형,TG15,D10,SD10-1,SD10-2,확인필요,조건부 의무 — 보유·해당 여부 확인 필요,상시,365,,,조건부 의무 — 해당 여부 확인 필요 · 자산 대장 없음 — 보유 확인 필요
ASG-003888,DTY-02112,,유형,TG15,D10,SD10-1,SD10-2,확인필요,조건부 의무 — 보유·해당 여부 확인 필요,수시,180,,,조건부 의무 — 해당 여부 확인 필요 · 자산 대장 없음 — 보유 확인 필요
ASG-003889,DTY-02113,,유형,TG15,D10,SD10-1,SD10-2,확인필요,조건부 의무 — 보유·해당 여부 확인 필요,반기 1회,180,,,조건부 의무 — 해당 여부 확인 필요 · 자산 대장 없음 — 보유 확인 필요
ASG-003890,DTY-02114,,유형,TG15,D10,SD10-1,SD10-2,확인필요,조건부 의무 — 보유·해당 여부 확인 필요,반기 1회,180,,,조건부 의무 — 해당 여부 확인 필요 · 자산 대장 없음 — 보유 확인 필요
ASG-003891,DTY-02115,,유형,TG09,D08,SD08-1,SD08-2,확인필요,조건부 의무 — 보유·해당 여부 확인 필요,수시,180,,,조건부 의무 — 해당 여부 확인 필요 · 자산 대장 없음 — 보유 확인 필요
ASG-003892,DTY-02116,,유형,TG09,D08,SD08-1,SD08-2,확인필요,조건부 의무 — 보유·해당 여부 확인 필요,수시,180,,,조건부 의무 — 해당 여부 확인 필요 · 자산 대장 없음 — 보유 확인 필요
ASG-003893,DTY-02117,,유형,TG09,D08,SD08-1,SD08-2,확인필요,조건부 의무 — 보유·해당 여부 확인 필요,수시,180,,,조건부 의무 — 해당 여부 확인 필요 · 자산 대장 없음 — 보유 확인 필요
ASG-003894,DTY-02118,,유형,TG02,D05,SD05-1,SD05-2,확인필요,조건부 의무 — 보유·해당 여부 확인 필요,수시,180,,,조건부 의무 — 해당 여부 확인 필요
ASG-003895,DTY-02119,,유형,TG02,D05,SD05-1,SD05-2,확인필요,조건부 의무 — 보유·해당 여부 확인 필요,수시,180,,,조건부 의무 — 해당 여부 확인 필요
ASG-003896,DTY-02120,,유형,TG02,D05,SD05-1,SD05-2,확인필요,조건부 의무 — 보유·해당 여부 확인 필요,수시,180,,,조건부 의무 — 해당 여부 확인 필요
ASG-003897,DTY-02121,,유형,TG02,D05,SD05-1,SD05-2,확인필요,조건부 의무 — 보유·해당 여부 확인 필요,수시,180,,,조건부 의무 — 해당 여부 확인 필요
ASG-003898,DTY-02122,,유형,TG02,D05,SD05-1,SD05-2,확인필요,조건부 의무 — 보유·해당 여부 확인 필요,수시,180,,,조건부 의무 — 해당 여부 확인 필요
ASG-003899,DTY-02123,,유형,TG02,D05,SD05-1,SD05-2,확인필요,조건부 의무 — 보유·해당 여부 확인 필요,수시,180,,,조건부 의무 — 해당 여부 확인 필요
ASG-003900,DTY-02124,,유형,TG02,D05,SD05-1,SD05-2,확인필요,조건부 의무 — 보유·해당 여부 확인 필요,수시,180,,,조건부 의무 — 해당 여부 확인 필요
ASG-003901,DTY-02125,,유형,TG03,D03,SD03-1,SD03-2,확인필요,조건부 의무 — 보유·해당 여부 확인 필요,수시,180,,,조건부 의무 — 해당 여부 확인 필요
ASG-003902,DTY-02126,,유형,TG03,D03,SD03-1,SD03-2,확인필요,조건부 의무 — 보유·해당 여부 확인 필요,상시,365,,,조건부 의무 — 해당 여부 확인 필요
ASG-003903,DTY-02127,,유형,TG10,D09,SD09-1,SD09-2,확인필요,조건부 의무 — 보유·해당 여부 확인 필요,상시,365,,,조건부 의무 — 해당 여부 확인 필요 · 자산 대장 없음 — 보유 확인 필요
ASG-003904,DTY-02128,,유형,TG12,D06,SD06-1,SD06-2,확인필요,조건부 의무 — 보유·해당 여부 확인 필요,연1회,365,,,조건부 의무 — 해당 여부 확인 필요 · 자산 대장 없음 — 보유 확인 필요
ASG-003905,DTY-02129,,유형,TG12,D06,SD06-1,SD06-2,확인필요,조건부 의무 — 보유·해당 여부 확인 필요,상시,365,,,조건부 의무 — 해당 여부 확인 필요 · 자산 대장 없음 — 보유 확인 필요
ASG-003906,DTY-02130,,유형,TG12,D06,SD06-1,SD06-2,확인필요,조건부 의무 — 보유·해당 여부 확인 필요,수시,180,,,조건부 의무 — 해당 여부 확인 필요 · 자산 대장 없음 — 보유 확인 필요
ASG-003907,DTY-02131,,유형,TG12,D06,SD06-1,SD06-2,확인필요,조건부 의무 — 보유·해당 여부 확인 필요,상시,365,,,조건부 의무 — 해당 여부 확인 필요 · 자산 대장 없음 — 보유 확인 필요
ASG-003908,DTY-02132,,유형,TG12,D06,SD06-1,SD06-2,확인필요,조건부 의무 — 보유·해당 여부 확인 필요,상시,365,,,조건부 의무 — 해당 여부 확인 필요 · 자산 대장 없음 — 보유 확인 필요
ASG-003909,DTY-02133,,유형,TG12,D06,SD06-1,SD06-2,확인필요,조건부 의무 — 보유·해당 여부 확인 필요,상시,365,,,조건부 의무 — 해당 여부 확인 필요 · 자산 대장 없음 — 보유 확인 필요
ASG-003910,DTY-02134,,유형,TG12,D06,SD06-1,SD06-2,확인필요,조건부 의무 — 보유·해당 여부 확인 필요,상시,365,,,조건부 의무 — 해당 여부 확인 필요 · 자산 대장 없음 — 보유 확인 필요
ASG-003911,DTY-02135,,유형,TG12,D06,SD06-1,SD06-2,확인필요,조건부 의무 — 보유·해당 여부 확인 필요,상시,365,,,조건부 의무 — 해당 여부 확인 필요 · 자산 대장 없음 — 보유 확인 필요
ASG-003912,DTY-02136,,유형,TG12,D06,SD06-1,SD06-2,확인필요,조건부 의무 — 보유·해당 여부 확인 필요,상시,365,,,조건부 의무 — 해당 여부 확인 필요 · 자산 대장 없음 — 보유 확인 필요
ASG-003913,DTY-02137,,유형,TG12,D06,SD06-1,SD06-2,확인필요,조건부 의무 — 보유·해당 여부 확인 필요,상시,365,,,조건부 의무 — 해당 여부 확인 필요 · 자산 대장 없음 — 보유 확인 필요
ASG-003914,DTY-02138,,유형,TG12,D06,SD06-1,SD06-2,확인필요,조건부 의무 — 보유·해당 여부 확인 필요,상시,365,,,조건부 의무 — 해당 여부 확인 필요 · 자산 대장 없음 — 보유 확인 필요
ASG-003915,DTY-02139,,유형,TG12,D06,SD06-1,SD06-2,확인필요,조건부 의무 — 보유·해당 여부 확인 필요,상시,365,,,조건부 의무 — 해당 여부 확인 필요 · 자산 대장 없음 — 보유 확인 필요
ASG-003916,DTY-02140,,유형,TG12,D06,SD06-1,SD06-2,확인필요,조건부 의무 — 보유·해당 여부 확인 필요,상시,365,,,조건부 의무 — 해당 여부 확인 필요 · 자산 대장 없음 — 보유 확인 필요
ASG-003917,DTY-02141,,유형,TG12,D06,SD06-1,SD06-2,확인필요,조건부 의무 — 보유·해당 여부 확인 필요,상시,365,,,조건부 의무 — 해당 여부 확인 필요 · 자산 대장 없음 — 보유 확인 필요
ASG-003918,DTY-02142,,유형,TG12,D06,SD06-1,SD06-2,확인필요,조건부 의무 — 보유·해당 여부 확인 필요,상시,365,,,조건부 의무 — 해당 여부 확인 필요 · 자산 대장 없음 — 보유 확인 필요
ASG-003919,DTY-02143,,유형,TG12,D06,SD06-1,SD06-2,확인필요,조건부 의무 — 보유·해당 여부 확인 필요,상시,365,,,조건부 의무 — 해당 여부 확인 필요 · 자산 대장 없음 — 보유 확인 필요
ASG-003920,DTY-02144,,유형,TG12,D06,SD06-1,SD06-2,확인필요,조건부 의무 — 보유·해당 여부 확인 필요,상시,365,,,조건부 의무 — 해당 여부 확인 필요 · 자산 대장 없음 — 보유 확인 필요
ASG-003921,DTY-02145,,유형,TG12,D06,SD06-1,SD06-2,확인필요,조건부 의무 — 보유·해당 여부 확인 필요,상시,365,,,조건부 의무 — 해당 여부 확인 필요 · 자산 대장 없음 — 보유 확인 필요
ASG-003922,DTY-02146,,유형,TG12,D06,SD06-1,SD06-2,확인필요,조건부 의무 — 보유·해당 여부 확인 필요,상시,365,,,조건부 의무 — 해당 여부 확인 필요 · 자산 대장 없음 — 보유 확인 필요
ASG-003923,DTY-02147,,유형,TG12,D06,SD06-1,SD06-2,확인필요,조건부 의무 — 보유·해당 여부 확인 필요,상시,365,,,조건부 의무 — 해당 여부 확인 필요 · 자산 대장 없음 — 보유 확인 필요
ASG-003924,DTY-02148,,유형,TG12,D06,SD06-1,SD06-2,확인필요,조건부 의무 — 보유·해당 여부 확인 필요,상시,365,,,조건부 의무 — 해당 여부 확인 필요 · 자산 대장 없음 — 보유 확인 필요
ASG-003925,DTY-02149,,유형,TG12,D06,SD06-1,SD06-2,확인필요,조건부 의무 — 보유·해당 여부 확인 필요,상시,365,,,조건부 의무 — 해당 여부 확인 필요 · 자산 대장 없음 — 보유 확인 필요
ASG-003926,DTY-02150,,유형,TG12,D06,SD06-1,SD06-2,확인필요,조건부 의무 — 보유·해당 여부 확인 필요,상시,365,,,조건부 의무 — 해당 여부 확인 필요 · 자산 대장 없음 — 보유 확인 필요
ASG-003927,DTY-02151,,유형,TG12,D06,SD06-1,SD06-2,확인필요,조건부 의무 — 보유·해당 여부 확인 필요,상시,365,,,조건부 의무 — 해당 여부 확인 필요 · 자산 대장 없음 — 보유 확인 필요
ASG-003928,DTY-02152,,유형,TG12,D06,SD06-1,SD06-2,확인필요,조건부 의무 — 보유·해당 여부 확인 필요,상시,365,,,조건부 의무 — 해당 여부 확인 필요 · 자산 대장 없음 — 보유 확인 필요
ASG-003929,DTY-02153,,유형,TG12,D06,SD06-1,SD06-2,확인필요,조건부 의무 — 보유·해당 여부 확인 필요,상시,365,,,조건부 의무 — 해당 여부 확인 필요 · 자산 대장 없음 — 보유 확인 필요
ASG-003930,DTY-02154,,유형,TG14,D10,SD10-1,SD10-2,확인필요,조건부 의무 — 보유·해당 여부 확인 필요,상시,365,,,조건부 의무 — 해당 여부 확인 필요 · 자산 대장 없음 — 보유 확인 필요
ASG-003931,DTY-02155,,유형,TG01,D04,SD04-1,SD04-2,확인필요,조건부 의무 — 보유·해당 여부 확인 필요,상시,365,,,조건부 의무 — 해당 여부 확인 필요
ASG-003932,DTY-02156,,유형,TG01,D04,SD04-1,SD04-2,확인필요,조건부 의무 — 보유·해당 여부 확인 필요,반기 1회,180,,,조건부 의무 — 해당 여부 확인 필요
ASG-003933,DTY-02157,,유형,TG01,D04,SD04-1,SD04-2,확인필요,조건부 의무 — 보유·해당 여부 확인 필요,상시,365,,,조건부 의무 — 해당 여부 확인 필요
ASG-003934,DTY-02158,,유형,TG01,D04,SD04-1,SD04-2,확인필요,조건부 의무 — 보유·해당 여부 확인 필요,상시,365,,,조건부 의무 — 해당 여부 확인 필요
ASG-003935,DTY-02159,,유형,TG01,D04,SD04-1,SD04-2,확인필요,조건부 의무 — 보유·해당 여부 확인 필요,상시,365,,,조건부 의무 — 해당 여부 확인 필요
ASG-003936,DTY-02160,,유형,TG01,D04,SD04-1,SD04-2,확인필요,조건부 의무 — 보유·해당 여부 확인 필요,상시,365,,,조건부 의무 — 해당 여부 확인 필요
ASG-003937,DTY-02161,,유형,TG01,D04,SD04-1,SD04-2,확인필요,조건부 의무 — 보유·해당 여부 확인 필요,상시,365,,,조건부 의무 — 해당 여부 확인 필요
ASG-003938,DTY-02162,,유형,TG01,D04,SD04-1,SD04-2,확인필요,조건부 의무 — 보유·해당 여부 확인 필요,상시,365,,,조건부 의무 — 해당 여부 확인 필요
ASG-003939,DTY-02163,,유형,TG01,D04,SD04-1,SD04-2,확인필요,조건부 의무 — 보유·해당 여부 확인 필요,상시,365,,,조건부 의무 — 해당 여부 확인 필요
ASG-003940,DTY-02164,,유형,TG01,D04,SD04-1,SD04-2,확인필요,조건부 의무 — 보유·해당 여부 확인 필요,상시,365,,,조건부 의무 — 해당 여부 확인 필요
ASG-003941,DTY-02165,,유형,TG01,D04,SD04-1,SD04-2,확인필요,조건부 의무 — 보유·해당 여부 확인 필요,상시,365,,,조건부 의무 — 해당 여부 확인 필요
ASG-003942,DTY-02166,,유형,TG01,D04,SD04-1,SD04-2,확인필요,조건부 의무 — 보유·해당 여부 확인 필요,상시,365,,,조건부 의무 — 해당 여부 확인 필요
ASG-003943,DTY-02167,,유형,TG01,D04,SD04-1,SD04-2,확인필요,조건부 의무 — 보유·해당 여부 확인 필요,상시,365,,,조건부 의무 — 해당 여부 확인 필요
ASG-003944,DTY-02168,,유형,TG01,D04,SD04-1,SD04-2,확인필요,조건부 의무 — 보유·해당 여부 확인 필요,상시,365,,,조건부 의무 — 해당 여부 확인 필요
ASG-003945,DTY-02169,,유형,TG01,D04,SD04-1,SD04-2,확인필요,조건부 의무 — 보유·해당 여부 확인 필요,상시,365,,,조건부 의무 — 해당 여부 확인 필요
ASG-003946,DTY-02170,,유형,TG01,D04,SD04-1,SD04-2,확인필요,조건부 의무 — 보유·해당 여부 확인 필요,상시,365,,,조건부 의무 — 해당 여부 확인 필요
ASG-003947,DTY-02171,,유형,TG01,D04,SD04-1,SD04-2,확인필요,조건부 의무 — 보유·해당 여부 확인 필요,반기 1회,180,,,조건부 의무 — 해당 여부 확인 필요
ASG-003948,DTY-02172,,유형,TG01,D04,SD04-1,SD04-2,확인필요,조건부 의무 — 보유·해당 여부 확인 필요,연1회,365,,,조건부 의무 — 해당 여부 확인 필요 · 분류 추론 — 검수 전
ASG-003949,DTY-02173,,유형,TG22,D11,SD11-1,SD11-2,확인필요,조건부 의무 — 보유·해당 여부 확인 필요,연1회,365,,,조건부 의무 — 해당 여부 확인 필요 · 자산 대장 없음 — 보유 확인 필요 · 분류 추론 — 검수 전
ASG-003950,DTY-02174,,유형,TG01,D04,SD04-1,SD04-2,확인필요,조건부 의무 — 보유·해당 여부 확인 필요,연1회,365,,,조건부 의무 — 해당 여부 확인 필요 · 분류 추론 — 검수 전
ASG-003951,DTY-02175,,유형,TG01,D04,SD04-1,SD04-2,확인필요,조건부 의무 — 보유·해당 여부 확인 필요,연1회,365,,,조건부 의무 — 해당 여부 확인 필요 · 분류 추론 — 검수 전
ASG-003952,DTY-02176,,유형,TG01,D04,SD04-1,SD04-2,확인필요,조건부 의무 — 보유·해당 여부 확인 필요,연1회,365,,,조건부 의무 — 해당 여부 확인 필요 · 분류 추론 — 검수 전
ASG-003953,DTY-02177,,유형,TG01,D04,SD04-1,SD04-2,확인필요,조건부 의무 — 보유·해당 여부 확인 필요,상시,365,,,조건부 의무 — 해당 여부 확인 필요
ASG-003954,DTY-02178,,유형,TG01,D04,SD04-1,SD04-2,확인필요,조건부 의무 — 보유·해당 여부 확인 필요,상시,365,,,조건부 의무 — 해당 여부 확인 필요
ASG-003955,DTY-02179,,유형,TG01,D04,SD04-1,SD04-2,확인필요,조건부 의무 — 보유·해당 여부 확인 필요,상시,365,,,조건부 의무 — 해당 여부 확인 필요
ASG-003956,DTY-02180,,유형,TG01,D04,SD04-1,SD04-2,확인필요,조건부 의무 — 보유·해당 여부 확인 필요,상시,365,,,조건부 의무 — 해당 여부 확인 필요
ASG-003957,DTY-02181,,유형,TG01,D04,SD04-1,SD04-2,확인필요,조건부 의무 — 보유·해당 여부 확인 필요,상시,365,,,조건부 의무 — 해당 여부 확인 필요
ASG-003958,DTY-02182,,유형,TG01,D04,SD04-1,SD04-2,확인필요,조건부 의무 — 보유·해당 여부 확인 필요,상시,365,,,조건부 의무 — 해당 여부 확인 필요
ASG-003959,DTY-02183,,유형,TG01,D04,SD04-1,SD04-2,확인필요,조건부 의무 — 보유·해당 여부 확인 필요,상시,365,,,조건부 의무 — 해당 여부 확인 필요
ASG-003960,DTY-02184,,유형,TG01,D04,SD04-1,SD04-2,확인필요,조건부 의무 — 보유·해당 여부 확인 필요,상시,365,,,조건부 의무 — 해당 여부 확인 필요
ASG-003961,DTY-02185,,유형,TG01,D04,SD04-1,SD04-2,확인필요,조건부 의무 — 보유·해당 여부 확인 필요,상시,365,,,조건부 의무 — 해당 여부 확인 필요
ASG-003962,DTY-02186,,유형,TG01,D04,SD04-1,SD04-2,확인필요,조건부 의무 — 보유·해당 여부 확인 필요,반기 1회,180,,,조건부 의무 — 해당 여부 확인 필요
ASG-003963,DTY-02187,,유형,TG01,D04,SD04-1,SD04-2,확인필요,조건부 의무 — 보유·해당 여부 확인 필요,상시,365,,,조건부 의무 — 해당 여부 확인 필요
ASG-003964,DTY-02188,,유형,TG01,D04,SD04-1,SD04-2,확인필요,조건부 의무 — 보유·해당 여부 확인 필요,연1회,365,,,조건부 의무 — 해당 여부 확인 필요
ASG-003965,DTY-02189,,유형,TG01,D04,SD04-1,SD04-2,확인필요,조건부 의무 — 보유·해당 여부 확인 필요,연1회,365,,,조건부 의무 — 해당 여부 확인 필요
ASG-003966,DTY-02190,,유형,TG01,D04,SD04-1,SD04-2,확인필요,조건부 의무 — 보유·해당 여부 확인 필요,연1회,365,,,조건부 의무 — 해당 여부 확인 필요
ASG-003967,DTY-02191,,유형,TG25,D02,SD02-1,SD02-2,확인필요,조건부 의무 — 보유·해당 여부 확인 필요,연1회,365,,,조건부 의무 — 해당 여부 확인 필요
ASG-003968,DTY-02192,,유형,TG25,D02,SD02-1,SD02-2,확인필요,조건부 의무 — 보유·해당 여부 확인 필요,연1회,365,,,조건부 의무 — 해당 여부 확인 필요
ASG-003969,DTY-02193,,유형,TG07,D07,SD07-1,SD07-2,확인필요,조건부 의무 — 보유·해당 여부 확인 필요,상시,365,,,조건부 의무 — 해당 여부 확인 필요 · 자산 대장 없음 — 보유 확인 필요
ASG-003970,DTY-02194,,유형,TG07,D07,SD07-1,SD07-2,확인필요,조건부 의무 — 보유·해당 여부 확인 필요,연1회,365,,,조건부 의무 — 해당 여부 확인 필요 · 자산 대장 없음 — 보유 확인 필요
ASG-003971,DTY-02195,,유형,TG07,D07,SD07-1,SD07-2,확인필요,조건부 의무 — 보유·해당 여부 확인 필요,상시,365,,,조건부 의무 — 해당 여부 확인 필요 · 자산 대장 없음 — 보유 확인 필요
ASG-003972,DTY-02196,,유형,TG07,D07,SD07-1,SD07-2,확인필요,조건부 의무 — 보유·해당 여부 확인 필요,수시,180,,,조건부 의무 — 해당 여부 확인 필요 · 자산 대장 없음 — 보유 확인 필요
ASG-003973,DTY-02197,,유형,TG07,D07,SD07-1,SD07-2,확인필요,조건부 의무 — 보유·해당 여부 확인 필요,상시,365,,,조건부 의무 — 해당 여부 확인 필요 · 자산 대장 없음 — 보유 확인 필요
ASG-003974,DTY-02198,,유형,TG07,D07,SD07-1,SD07-2,확인필요,조건부 의무 — 보유·해당 여부 확인 필요,상시,365,,,조건부 의무 — 해당 여부 확인 필요 · 자산 대장 없음 — 보유 확인 필요
ASG-003975,DTY-02199,,유형,TG07,D07,SD07-1,SD07-2,확인필요,조건부 의무 — 보유·해당 여부 확인 필요,상시,365,,,조건부 의무 — 해당 여부 확인 필요 · 자산 대장 없음 — 보유 확인 필요
ASG-003976,DTY-02200,,유형,TG07,D07,SD07-1,SD07-2,확인필요,조건부 의무 — 보유·해당 여부 확인 필요,수시,180,,,조건부 의무 — 해당 여부 확인 필요 · 자산 대장 없음 — 보유 확인 필요
ASG-003977,DTY-02201,,유형,TG07,D07,SD07-1,SD07-2,확인필요,조건부 의무 — 보유·해당 여부 확인 필요,수시,180,,,조건부 의무 — 해당 여부 확인 필요 · 자산 대장 없음 — 보유 확인 필요
ASG-003978,DTY-02202,,유형,TG07,D07,SD07-1,SD07-2,확인필요,조건부 의무 — 보유·해당 여부 확인 필요,상시,365,,,조건부 의무 — 해당 여부 확인 필요 · 자산 대장 없음 — 보유 확인 필요
ASG-003979,DTY-02203,,유형,TG07,D07,SD07-1,SD07-2,확인필요,조건부 의무 — 보유·해당 여부 확인 필요,상시,365,,,조건부 의무 — 해당 여부 확인 필요 · 자산 대장 없음 — 보유 확인 필요
ASG-003980,DTY-02204,,유형,TG07,D07,SD07-1,SD07-2,확인필요,조건부 의무 — 보유·해당 여부 확인 필요,상시,365,,,조건부 의무 — 해당 여부 확인 필요 · 자산 대장 없음 — 보유 확인 필요
ASG-003981,DTY-02205,,유형,TG07,D07,SD07-1,SD07-2,확인필요,조건부 의무 — 보유·해당 여부 확인 필요,상시,365,,,조건부 의무 — 해당 여부 확인 필요 · 자산 대장 없음 — 보유 확인 필요
ASG-003982,DTY-02206,,유형,TG07,D07,SD07-1,SD07-2,확인필요,조건부 의무 — 보유·해당 여부 확인 필요,수시,180,,,조건부 의무 — 해당 여부 확인 필요 · 자산 대장 없음 — 보유 확인 필요
ASG-003983,DTY-02207,,유형,TG07,D07,SD07-1,SD07-2,확인필요,조건부 의무 — 보유·해당 여부 확인 필요,상시,365,,,조건부 의무 — 해당 여부 확인 필요 · 자산 대장 없음 — 보유 확인 필요
ASG-003984,DTY-02208,,유형,TG07,D07,SD07-1,SD07-2,확인필요,조건부 의무 — 보유·해당 여부 확인 필요,상시,365,,,조건부 의무 — 해당 여부 확인 필요 · 자산 대장 없음 — 보유 확인 필요
ASG-003985,DTY-02209,,유형,TG07,D07,SD07-1,SD07-2,확인필요,조건부 의무 — 보유·해당 여부 확인 필요,상시,365,,,조건부 의무 — 해당 여부 확인 필요 · 자산 대장 없음 — 보유 확인 필요
ASG-003986,DTY-02210,,유형,TG15,D10,SD10-1,SD10-2,확인필요,조건부 의무 — 보유·해당 여부 확인 필요,상시,365,,,조건부 의무 — 해당 여부 확인 필요 · 자산 대장 없음 — 보유 확인 필요
ASG-003987,DTY-02211,,유형,TG15,D10,SD10-1,SD10-2,확인필요,조건부 의무 — 보유·해당 여부 확인 필요,상시,365,,,조건부 의무 — 해당 여부 확인 필요 · 자산 대장 없음 — 보유 확인 필요
ASG-003988,DTY-02212,,유형,TG15,D10,SD10-1,SD10-2,확인필요,조건부 의무 — 보유·해당 여부 확인 필요,상시,365,,,조건부 의무 — 해당 여부 확인 필요 · 자산 대장 없음 — 보유 확인 필요
ASG-003989,DTY-02213,,유형,TG15,D10,SD10-1,SD10-2,확인필요,조건부 의무 — 보유·해당 여부 확인 필요,상시,365,,,조건부 의무 — 해당 여부 확인 필요 · 자산 대장 없음 — 보유 확인 필요
ASG-003990,DTY-02214,,유형,TG15,D10,SD10-1,SD10-2,확인필요,조건부 의무 — 보유·해당 여부 확인 필요,상시,365,,,조건부 의무 — 해당 여부 확인 필요 · 자산 대장 없음 — 보유 확인 필요
ASG-003991,DTY-02215,,유형,TG15,D10,SD10-1,SD10-2,확인필요,조건부 의무 — 보유·해당 여부 확인 필요,상시,365,,,조건부 의무 — 해당 여부 확인 필요 · 자산 대장 없음 — 보유 확인 필요
ASG-003992,DTY-02216,,유형,TG15,D10,SD10-1,SD10-2,확인필요,조건부 의무 — 보유·해당 여부 확인 필요,상시,365,,,조건부 의무 — 해당 여부 확인 필요 · 자산 대장 없음 — 보유 확인 필요
ASG-003993,DTY-02217,,유형,TG15,D10,SD10-1,SD10-2,확인필요,조건부 의무 — 보유·해당 여부 확인 필요,상시,365,,,조건부 의무 — 해당 여부 확인 필요 · 자산 대장 없음 — 보유 확인 필요
ASG-003994,DTY-02218,,유형,TG15,D10,SD10-1,SD10-2,확인필요,조건부 의무 — 보유·해당 여부 확인 필요,상시,365,,,조건부 의무 — 해당 여부 확인 필요 · 자산 대장 없음 — 보유 확인 필요
ASG-003995,DTY-02219,,유형,TG09,D08,SD08-1,SD08-2,확인필요,조건부 의무 — 보유·해당 여부 확인 필요,상시,365,,,조건부 의무 — 해당 여부 확인 필요 · 자산 대장 없음 — 보유 확인 필요
ASG-003996,DTY-02220,,유형,TG09,D08,SD08-1,SD08-2,확인필요,조건부 의무 — 보유·해당 여부 확인 필요,상시,365,,,조건부 의무 — 해당 여부 확인 필요 · 자산 대장 없음 — 보유 확인 필요
ASG-003997,DTY-02221,,유형,TG09,D08,SD08-1,SD08-2,확인필요,조건부 의무 — 보유·해당 여부 확인 필요,상시,365,,,조건부 의무 — 해당 여부 확인 필요 · 자산 대장 없음 — 보유 확인 필요
ASG-003998,DTY-02222,,유형,TG09,D08,SD08-1,SD08-2,확인필요,조건부 의무 — 보유·해당 여부 확인 필요,상시,365,,,조건부 의무 — 해당 여부 확인 필요 · 자산 대장 없음 — 보유 확인 필요
ASG-003999,DTY-02223,,유형,TG09,D08,SD08-1,SD08-2,확인필요,조건부 의무 — 보유·해당 여부 확인 필요,상시,365,,,조건부 의무 — 해당 여부 확인 필요 · 자산 대장 없음 — 보유 확인 필요
ASG-004000,DTY-02224,,유형,TG09,D08,SD08-1,SD08-2,확인필요,조건부 의무 — 보유·해당 여부 확인 필요,상시,365,,,조건부 의무 — 해당 여부 확인 필요 · 자산 대장 없음 — 보유 확인 필요
ASG-004001,DTY-02225,,유형,TG09,D08,SD08-1,SD08-2,확인필요,조건부 의무 — 보유·해당 여부 확인 필요,상시,365,,,조건부 의무 — 해당 여부 확인 필요 · 자산 대장 없음 — 보유 확인 필요
ASG-004002,DTY-02226,,유형,TG09,D08,SD08-1,SD08-2,확인필요,조건부 의무 — 보유·해당 여부 확인 필요,수시,180,,,조건부 의무 — 해당 여부 확인 필요 · 자산 대장 없음 — 보유 확인 필요
ASG-004003,DTY-02227,,유형,TG09,D08,SD08-1,SD08-2,확인필요,조건부 의무 — 보유·해당 여부 확인 필요,상시,365,,,조건부 의무 — 해당 여부 확인 필요 · 자산 대장 없음 — 보유 확인 필요
ASG-004004,DTY-02228,,유형,TG09,D08,SD08-1,SD08-2,확인필요,조건부 의무 — 보유·해당 여부 확인 필요,상시,365,,,조건부 의무 — 해당 여부 확인 필요 · 자산 대장 없음 — 보유 확인 필요
ASG-004005,DTY-02229,,유형,TG09,D08,SD08-1,SD08-2,확인필요,조건부 의무 — 보유·해당 여부 확인 필요,수시,180,,,조건부 의무 — 해당 여부 확인 필요 · 자산 대장 없음 — 보유 확인 필요
ASG-004006,DTY-02230,,유형,TG09,D08,SD08-1,SD08-2,확인필요,조건부 의무 — 보유·해당 여부 확인 필요,수시,180,,,조건부 의무 — 해당 여부 확인 필요 · 자산 대장 없음 — 보유 확인 필요
ASG-004007,DTY-02231,,유형,TG09,D08,SD08-1,SD08-2,확인필요,조건부 의무 — 보유·해당 여부 확인 필요,수시,180,,,조건부 의무 — 해당 여부 확인 필요 · 자산 대장 없음 — 보유 확인 필요
ASG-004008,DTY-02232,,유형,TG09,D08,SD08-1,SD08-2,확인필요,조건부 의무 — 보유·해당 여부 확인 필요,연1회,365,,,조건부 의무 — 해당 여부 확인 필요 · 자산 대장 없음 — 보유 확인 필요 · 분류 추론 — 검수 전
ASG-004009,DTY-02233,,유형,TG09,D08,SD08-1,SD08-2,확인필요,조건부 의무 — 보유·해당 여부 확인 필요,연1회,365,,,조건부 의무 — 해당 여부 확인 필요 · 자산 대장 없음 — 보유 확인 필요 · 분류 추론 — 검수 전
ASG-004010,DTY-02234,,유형,TG09,D08,SD08-1,SD08-2,확인필요,조건부 의무 — 보유·해당 여부 확인 필요,수시,180,,,조건부 의무 — 해당 여부 확인 필요 · 자산 대장 없음 — 보유 확인 필요
ASG-004011,DTY-02235,,유형,TG09,D08,SD08-1,SD08-2,확인필요,조건부 의무 — 보유·해당 여부 확인 필요,상시,365,,,조건부 의무 — 해당 여부 확인 필요 · 자산 대장 없음 — 보유 확인 필요
ASG-004012,DTY-02236,,유형,TG09,D08,SD08-1,SD08-2,확인필요,조건부 의무 — 보유·해당 여부 확인 필요,상시,365,,,조건부 의무 — 해당 여부 확인 필요 · 자산 대장 없음 — 보유 확인 필요
ASG-004013,DTY-02237,,유형,TG09,D08,SD08-1,SD08-2,확인필요,조건부 의무 — 보유·해당 여부 확인 필요,수시,180,,,조건부 의무 — 해당 여부 확인 필요 · 자산 대장 없음 — 보유 확인 필요
ASG-004014,DTY-02238,,유형,TG09,D08,SD08-1,SD08-2,확인필요,조건부 의무 — 보유·해당 여부 확인 필요,상시,365,,,조건부 의무 — 해당 여부 확인 필요 · 자산 대장 없음 — 보유 확인 필요
ASG-004015,DTY-02239,,유형,TG09,D08,SD08-1,SD08-2,확인필요,조건부 의무 — 보유·해당 여부 확인 필요,수시,180,,,조건부 의무 — 해당 여부 확인 필요 · 자산 대장 없음 — 보유 확인 필요
ASG-004016,DTY-02240,,유형,TG02,D05,SD05-1,SD05-2,확인필요,조건부 의무 — 보유·해당 여부 확인 필요,상시,365,,,조건부 의무 — 해당 여부 확인 필요
ASG-004017,DTY-02241,,유형,TG02,D05,SD05-1,SD05-2,확인필요,조건부 의무 — 보유·해당 여부 확인 필요,상시,365,,,조건부 의무 — 해당 여부 확인 필요
ASG-004018,DTY-02242,,유형,TG02,D05,SD05-1,SD05-2,확인필요,조건부 의무 — 보유·해당 여부 확인 필요,상시,365,,,조건부 의무 — 해당 여부 확인 필요
ASG-004019,DTY-02243,,유형,TG02,D05,SD05-1,SD05-2,확인필요,조건부 의무 — 보유·해당 여부 확인 필요,상시,365,,,조건부 의무 — 해당 여부 확인 필요
ASG-004020,DTY-02244,,유형,TG02,D05,SD05-1,SD05-2,확인필요,조건부 의무 — 보유·해당 여부 확인 필요,상시,365,,,조건부 의무 — 해당 여부 확인 필요
ASG-004021,DTY-02245,,유형,TG02,D05,SD05-1,SD05-2,확인필요,조건부 의무 — 보유·해당 여부 확인 필요,상시,365,,,조건부 의무 — 해당 여부 확인 필요
ASG-004022,DTY-02246,,유형,TG02,D05,SD05-1,SD05-2,확인필요,조건부 의무 — 보유·해당 여부 확인 필요,상시,365,,,조건부 의무 — 해당 여부 확인 필요
ASG-004023,DTY-02247,,유형,TG02,D05,SD05-1,SD05-2,확인필요,조건부 의무 — 보유·해당 여부 확인 필요,연1회,365,,,조건부 의무 — 해당 여부 확인 필요
ASG-004024,DTY-02248,,유형,TG02,D05,SD05-1,SD05-2,확인필요,조건부 의무 — 보유·해당 여부 확인 필요,연1회,365,,,조건부 의무 — 해당 여부 확인 필요
ASG-004025,DTY-02249,,유형,TG02,D05,SD05-1,SD05-2,확인필요,조건부 의무 — 보유·해당 여부 확인 필요,상시,365,,,조건부 의무 — 해당 여부 확인 필요
ASG-004026,DTY-02250,,유형,TG02,D05,SD05-1,SD05-2,확인필요,조건부 의무 — 보유·해당 여부 확인 필요,수시,180,,,조건부 의무 — 해당 여부 확인 필요
ASG-004027,DTY-02251,,유형,TG02,D05,SD05-1,SD05-2,확인필요,조건부 의무 — 보유·해당 여부 확인 필요,상시,365,,,조건부 의무 — 해당 여부 확인 필요
ASG-004028,DTY-02252,,유형,TG02,D05,SD05-1,SD05-2,확인필요,조건부 의무 — 보유·해당 여부 확인 필요,상시,365,,,조건부 의무 — 해당 여부 확인 필요
ASG-004029,DTY-02253,,유형,TG02,D05,SD05-1,SD05-2,확인필요,조건부 의무 — 보유·해당 여부 확인 필요,수시,180,,,조건부 의무 — 해당 여부 확인 필요
ASG-004030,DTY-02254,,유형,TG02,D05,SD05-1,SD05-2,확인필요,조건부 의무 — 보유·해당 여부 확인 필요,상시,365,,,조건부 의무 — 해당 여부 확인 필요
ASG-004031,DTY-02255,,유형,TG02,D05,SD05-1,SD05-2,확인필요,조건부 의무 — 보유·해당 여부 확인 필요,상시,365,,,조건부 의무 — 해당 여부 확인 필요
ASG-004032,DTY-02256,,유형,TG02,D05,SD05-1,SD05-2,확인필요,조건부 의무 — 보유·해당 여부 확인 필요,상시,365,,,조건부 의무 — 해당 여부 확인 필요
ASG-004033,DTY-02257,,유형,TG02,D05,SD05-1,SD05-2,확인필요,조건부 의무 — 보유·해당 여부 확인 필요,상시,365,,,조건부 의무 — 해당 여부 확인 필요
ASG-004034,DTY-02258,,유형,TG02,D05,SD05-1,SD05-2,확인필요,조건부 의무 — 보유·해당 여부 확인 필요,상시,365,,,조건부 의무 — 해당 여부 확인 필요
ASG-004035,DTY-02259,,유형,TG02,D05,SD05-1,SD05-2,확인필요,조건부 의무 — 보유·해당 여부 확인 필요,상시,365,,,조건부 의무 — 해당 여부 확인 필요
ASG-004036,DTY-02260,,유형,TG02,D05,SD05-1,SD05-2,확인필요,조건부 의무 — 보유·해당 여부 확인 필요,수시,180,,,조건부 의무 — 해당 여부 확인 필요
ASG-004037,DTY-02261,,유형,TG02,D05,SD05-1,SD05-2,확인필요,조건부 의무 — 보유·해당 여부 확인 필요,상시,365,,,조건부 의무 — 해당 여부 확인 필요
ASG-004038,DTY-02262,,유형,TG02,D05,SD05-1,SD05-2,확인필요,조건부 의무 — 보유·해당 여부 확인 필요,연1회,365,,,조건부 의무 — 해당 여부 확인 필요
ASG-004039,DTY-02263,,유형,TG02,D05,SD05-1,SD05-2,확인필요,조건부 의무 — 보유·해당 여부 확인 필요,연1회,365,,,조건부 의무 — 해당 여부 확인 필요
ASG-004040,DTY-02264,,유형,TG02,D05,SD05-1,SD05-2,확인필요,조건부 의무 — 보유·해당 여부 확인 필요,연1회,365,,,조건부 의무 — 해당 여부 확인 필요
ASG-004041,DTY-02265,,유형,TG02,D05,SD05-1,SD05-2,확인필요,조건부 의무 — 보유·해당 여부 확인 필요,상시,365,,,조건부 의무 — 해당 여부 확인 필요
ASG-004042,DTY-02266,,유형,TG02,D05,SD05-1,SD05-2,확인필요,조건부 의무 — 보유·해당 여부 확인 필요,상시,365,,,조건부 의무 — 해당 여부 확인 필요
ASG-004043,DTY-02267,,유형,TG02,D05,SD05-1,SD05-2,확인필요,조건부 의무 — 보유·해당 여부 확인 필요,반기 1회,180,,,조건부 의무 — 해당 여부 확인 필요
ASG-004044,DTY-02268,,유형,TG02,D05,SD05-1,SD05-2,확인필요,조건부 의무 — 보유·해당 여부 확인 필요,반기 1회,180,,,조건부 의무 — 해당 여부 확인 필요
ASG-004045,DTY-02269,,유형,TG02,D05,SD05-1,SD05-2,확인필요,조건부 의무 — 보유·해당 여부 확인 필요,반기 1회,180,,,조건부 의무 — 해당 여부 확인 필요
ASG-004046,DTY-02270,,유형,TG02,D05,SD05-1,SD05-2,확인필요,조건부 의무 — 보유·해당 여부 확인 필요,수시,180,,,조건부 의무 — 해당 여부 확인 필요
ASG-004047,DTY-02271,,유형,TG02,D05,SD05-1,SD05-2,확인필요,조건부 의무 — 보유·해당 여부 확인 필요,상시,365,,,조건부 의무 — 해당 여부 확인 필요
ASG-004048,DTY-02272,,유형,TG02,D05,SD05-1,SD05-2,확인필요,조건부 의무 — 보유·해당 여부 확인 필요,상시,365,,,조건부 의무 — 해당 여부 확인 필요
ASG-004049,DTY-02273,,유형,TG02,D05,SD05-1,SD05-2,확인필요,조건부 의무 — 보유·해당 여부 확인 필요,상시,365,,,조건부 의무 — 해당 여부 확인 필요
ASG-004050,DTY-02274,,유형,TG02,D05,SD05-1,SD05-2,확인필요,조건부 의무 — 보유·해당 여부 확인 필요,상시,365,,,조건부 의무 — 해당 여부 확인 필요
ASG-004051,DTY-02275,,유형,TG02,D05,SD05-1,SD05-2,확인필요,조건부 의무 — 보유·해당 여부 확인 필요,상시,365,,,조건부 의무 — 해당 여부 확인 필요
ASG-004052,DTY-02276,,유형,TG02,D05,SD05-1,SD05-2,확인필요,조건부 의무 — 보유·해당 여부 확인 필요,상시,365,,,조건부 의무 — 해당 여부 확인 필요
ASG-004053,DTY-02277,,유형,TG05,D03,SD03-1,SD03-2,확인필요,조건부 의무 — 보유·해당 여부 확인 필요,반기 1회,180,,,조건부 의무 — 해당 여부 확인 필요
ASG-004054,DTY-02278,,유형,TG03,D03,SD03-1,SD03-2,확인필요,조건부 의무 — 보유·해당 여부 확인 필요,반기 1회,180,,,조건부 의무 — 해당 여부 확인 필요
ASG-004055,DTY-02279,,유형,TG03,D03,SD03-1,SD03-2,확인필요,조건부 의무 — 보유·해당 여부 확인 필요,반기 1회,180,,,조건부 의무 — 해당 여부 확인 필요
ASG-004056,DTY-02280,,유형,TG03,D03,SD03-1,SD03-2,확인필요,조건부 의무 — 보유·해당 여부 확인 필요,반기 1회,180,,,조건부 의무 — 해당 여부 확인 필요
ASG-004057,DTY-02281,,유형,TG03,D03,SD03-1,SD03-2,확인필요,조건부 의무 — 보유·해당 여부 확인 필요,반기 1회,180,,,조건부 의무 — 해당 여부 확인 필요
ASG-004058,DTY-02282,,유형,TG03,D03,SD03-1,SD03-2,확인필요,조건부 의무 — 보유·해당 여부 확인 필요,반기 1회,180,,,조건부 의무 — 해당 여부 확인 필요 · 분류 추론 — 검수 전
ASG-004059,DTY-02283,,유형,TG03,D03,SD03-1,SD03-2,확인필요,조건부 의무 — 보유·해당 여부 확인 필요,반기 1회,180,,,조건부 의무 — 해당 여부 확인 필요
ASG-004060,DTY-02284,,유형,TG03,D03,SD03-1,SD03-2,확인필요,조건부 의무 — 보유·해당 여부 확인 필요,반기 1회,180,,,조건부 의무 — 해당 여부 확인 필요
ASG-004061,DTY-02285,,유형,TG01,D04,SD04-1,SD04-2,확인필요,조건부 의무 — 보유·해당 여부 확인 필요,연1회,365,,,조건부 의무 — 해당 여부 확인 필요
ASG-004062,DTY-02286,,유형,TG01,D04,SD04-1,SD04-2,확인필요,조건부 의무 — 보유·해당 여부 확인 필요,반기 1회,180,,,조건부 의무 — 해당 여부 확인 필요
ASG-004063,DTY-02287,,유형,TG22,D11,SD11-1,SD11-2,확인필요,조건부 의무 — 보유·해당 여부 확인 필요,연1회,365,,,조건부 의무 — 해당 여부 확인 필요 · 자산 대장 없음 — 보유 확인 필요
ASG-004064,DTY-02288,,유형,TG01,D04,SD04-1,SD04-2,확인필요,조건부 의무 — 보유·해당 여부 확인 필요,상시,365,,,조건부 의무 — 해당 여부 확인 필요
ASG-004065,DTY-02289,,유형,TG22,D11,SD11-1,SD11-2,확인필요,조건부 의무 — 보유·해당 여부 확인 필요,연1회,365,,,조건부 의무 — 해당 여부 확인 필요 · 자산 대장 없음 — 보유 확인 필요
ASG-004066,DTY-02290,,유형,TG01,D04,SD04-1,SD04-2,확인필요,조건부 의무 — 보유·해당 여부 확인 필요,상시,365,,,조건부 의무 — 해당 여부 확인 필요
ASG-004067,DTY-02291,,유형,TG01,D04,SD04-1,SD04-2,확인필요,조건부 의무 — 보유·해당 여부 확인 필요,상시,365,,,조건부 의무 — 해당 여부 확인 필요
ASG-004068,DTY-02292,,유형,TG01,D04,SD04-1,SD04-2,확인필요,조건부 의무 — 보유·해당 여부 확인 필요,상시,365,,,조건부 의무 — 해당 여부 확인 필요
ASG-004069,DTY-02293,,유형,TG01,D04,SD04-1,SD04-2,확인필요,조건부 의무 — 보유·해당 여부 확인 필요,상시,365,,,조건부 의무 — 해당 여부 확인 필요
ASG-004070,DTY-02294,,유형,TG01,D04,SD04-1,SD04-2,확인필요,조건부 의무 — 보유·해당 여부 확인 필요,상시,365,,,조건부 의무 — 해당 여부 확인 필요
ASG-004071,DTY-02295,,유형,TG01,D04,SD04-1,SD04-2,확인필요,조건부 의무 — 보유·해당 여부 확인 필요,반기 1회,180,,,조건부 의무 — 해당 여부 확인 필요
ASG-004072,DTY-02296,,유형,TG01,D04,SD04-1,SD04-2,확인필요,조건부 의무 — 보유·해당 여부 확인 필요,연1회,365,,,조건부 의무 — 해당 여부 확인 필요
ASG-004073,DTY-02297,,유형,TG01,D04,SD04-1,SD04-2,확인필요,조건부 의무 — 보유·해당 여부 확인 필요,연1회,365,,,조건부 의무 — 해당 여부 확인 필요
ASG-004074,DTY-02298,,유형,TG01,D04,SD04-1,SD04-2,확인필요,조건부 의무 — 보유·해당 여부 확인 필요,연1회,365,,,조건부 의무 — 해당 여부 확인 필요
ASG-004075,DTY-02299,,유형,TG01,D04,SD04-1,SD04-2,확인필요,조건부 의무 — 보유·해당 여부 확인 필요,연1회,365,,,조건부 의무 — 해당 여부 확인 필요
ASG-004076,DTY-02300,,유형,TG01,D04,SD04-1,SD04-2,확인필요,조건부 의무 — 보유·해당 여부 확인 필요,연1회,365,,,조건부 의무 — 해당 여부 확인 필요
ASG-004077,DTY-02301,,유형,TG01,D04,SD04-1,SD04-2,확인필요,조건부 의무 — 보유·해당 여부 확인 필요,연1회,365,,,조건부 의무 — 해당 여부 확인 필요
ASG-004078,DTY-02302,,유형,TG01,D04,SD04-1,SD04-2,확인필요,조건부 의무 — 보유·해당 여부 확인 필요,연1회,365,,,조건부 의무 — 해당 여부 확인 필요
ASG-004079,DTY-02303,,유형,TG01,D04,SD04-1,SD04-2,확인필요,조건부 의무 — 보유·해당 여부 확인 필요,반기 1회,180,,,조건부 의무 — 해당 여부 확인 필요
ASG-004080,DTY-02304,,유형,TG01,D04,SD04-1,SD04-2,확인필요,조건부 의무 — 보유·해당 여부 확인 필요,반기 1회,180,,,조건부 의무 — 해당 여부 확인 필요
ASG-004081,DTY-02305,,유형,TG01,D04,SD04-1,SD04-2,확인필요,조건부 의무 — 보유·해당 여부 확인 필요,반기 1회,180,,,조건부 의무 — 해당 여부 확인 필요
ASG-004082,DTY-02306,,유형,TG01,D04,SD04-1,SD04-2,확인필요,조건부 의무 — 보유·해당 여부 확인 필요,반기 1회,180,,,조건부 의무 — 해당 여부 확인 필요
ASG-004083,DTY-02307,,유형,TG01,D04,SD04-1,SD04-2,확인필요,조건부 의무 — 보유·해당 여부 확인 필요,반기 1회,180,,,조건부 의무 — 해당 여부 확인 필요
ASG-004084,DTY-02308,,유형,TG01,D04,SD04-1,SD04-2,확인필요,조건부 의무 — 보유·해당 여부 확인 필요,반기 1회,180,,,조건부 의무 — 해당 여부 확인 필요
ASG-004085,DTY-02309,,유형,TG01,D04,SD04-1,SD04-2,확인필요,조건부 의무 — 보유·해당 여부 확인 필요,반기 1회,180,,,조건부 의무 — 해당 여부 확인 필요
ASG-004086,DTY-02310,,유형,TG22,D11,SD11-1,SD11-2,확인필요,조건부 의무 — 보유·해당 여부 확인 필요,반기 1회,180,,,조건부 의무 — 해당 여부 확인 필요 · 자산 대장 없음 — 보유 확인 필요
ASG-004087,DTY-02311,,유형,TG01,D04,SD04-1,SD04-2,확인필요,조건부 의무 — 보유·해당 여부 확인 필요,반기 1회,180,,,조건부 의무 — 해당 여부 확인 필요
ASG-004088,DTY-02312,,유형,TG01,D04,SD04-1,SD04-2,확인필요,조건부 의무 — 보유·해당 여부 확인 필요,반기 1회,180,,,조건부 의무 — 해당 여부 확인 필요
ASG-004089,DTY-02313,,유형,TG01,D04,SD04-1,SD04-2,확인필요,조건부 의무 — 보유·해당 여부 확인 필요,반기 1회,180,,,조건부 의무 — 해당 여부 확인 필요
ASG-004090,DTY-02314,,유형,TG22,D11,SD11-1,SD11-2,확인필요,조건부 의무 — 보유·해당 여부 확인 필요,연1회,365,,,조건부 의무 — 해당 여부 확인 필요 · 자산 대장 없음 — 보유 확인 필요
ASG-004091,DTY-02315,,유형,TG01,D04,SD04-1,SD04-2,확인필요,조건부 의무 — 보유·해당 여부 확인 필요,반기 1회,180,,,조건부 의무 — 해당 여부 확인 필요
ASG-004092,DTY-02316,,유형,TG01,D04,SD04-1,SD04-2,확인필요,조건부 의무 — 보유·해당 여부 확인 필요,반기 1회,180,,,조건부 의무 — 해당 여부 확인 필요
ASG-004093,DTY-02317,,유형,TG01,D04,SD04-1,SD04-2,확인필요,조건부 의무 — 보유·해당 여부 확인 필요,연1회,365,,,조건부 의무 — 해당 여부 확인 필요
ASG-004094,DTY-02318,,유형,TG01,D04,SD04-1,SD04-2,확인필요,조건부 의무 — 보유·해당 여부 확인 필요,연1회,365,,,조건부 의무 — 해당 여부 확인 필요
ASG-004095,DTY-02319,,유형,TG01,D04,SD04-1,SD04-2,확인필요,조건부 의무 — 보유·해당 여부 확인 필요,연1회,365,,,조건부 의무 — 해당 여부 확인 필요
ASG-004096,DTY-02320,,유형,TG01,D04,SD04-1,SD04-2,확인필요,조건부 의무 — 보유·해당 여부 확인 필요,연1회,365,,,조건부 의무 — 해당 여부 확인 필요
ASG-004097,DTY-02321,,유형,TG01,D04,SD04-1,SD04-2,확인필요,조건부 의무 — 보유·해당 여부 확인 필요,연1회,365,,,조건부 의무 — 해당 여부 확인 필요
ASG-004098,DTY-02322,,유형,TG01,D04,SD04-1,SD04-2,확인필요,조건부 의무 — 보유·해당 여부 확인 필요,연1회,365,,,조건부 의무 — 해당 여부 확인 필요
ASG-004099,DTY-02323,,유형,TG01,D04,SD04-1,SD04-2,확인필요,조건부 의무 — 보유·해당 여부 확인 필요,수시,180,,,조건부 의무 — 해당 여부 확인 필요
ASG-004100,DTY-02324,,유형,TG01,D04,SD04-1,SD04-2,확인필요,조건부 의무 — 보유·해당 여부 확인 필요,연1회,365,,,조건부 의무 — 해당 여부 확인 필요
ASG-004101,DTY-02325,,유형,TG01,D04,SD04-1,SD04-2,확인필요,조건부 의무 — 보유·해당 여부 확인 필요,연1회,365,,,조건부 의무 — 해당 여부 확인 필요
ASG-004102,DTY-02326,,유형,TG01,D04,SD04-1,SD04-2,확인필요,조건부 의무 — 보유·해당 여부 확인 필요,연1회,365,,,조건부 의무 — 해당 여부 확인 필요
ASG-004103,DTY-02327,,유형,TG01,D04,SD04-1,SD04-2,확인필요,조건부 의무 — 보유·해당 여부 확인 필요,연1회,365,,,조건부 의무 — 해당 여부 확인 필요
ASG-004104,DTY-02328,,유형,TG01,D04,SD04-1,SD04-2,확인필요,조건부 의무 — 보유·해당 여부 확인 필요,연1회,365,,,조건부 의무 — 해당 여부 확인 필요
ASG-004105,DTY-02329,,유형,TG01,D04,SD04-1,SD04-2,확인필요,조건부 의무 — 보유·해당 여부 확인 필요,반기 1회,180,,,조건부 의무 — 해당 여부 확인 필요
ASG-004106,DTY-02330,,유형,TG01,D04,SD04-1,SD04-2,확인필요,조건부 의무 — 보유·해당 여부 확인 필요,반기 1회,180,,,조건부 의무 — 해당 여부 확인 필요
ASG-004107,DTY-02331,,유형,TG01,D04,SD04-1,SD04-2,확인필요,조건부 의무 — 보유·해당 여부 확인 필요,반기 1회,180,,,조건부 의무 — 해당 여부 확인 필요
ASG-004108,DTY-02332,,유형,TG01,D04,SD04-1,SD04-2,확인필요,조건부 의무 — 보유·해당 여부 확인 필요,반기 1회,180,,,조건부 의무 — 해당 여부 확인 필요
ASG-004109,DTY-02333,,유형,TG01,D04,SD04-1,SD04-2,확인필요,조건부 의무 — 보유·해당 여부 확인 필요,반기 1회,180,,,조건부 의무 — 해당 여부 확인 필요
ASG-004110,DTY-02334,,유형,TG01,D04,SD04-1,SD04-2,확인필요,조건부 의무 — 보유·해당 여부 확인 필요,반기 1회,180,,,조건부 의무 — 해당 여부 확인 필요
ASG-004111,DTY-02335,,유형,TG01,D04,SD04-1,SD04-2,확인필요,조건부 의무 — 보유·해당 여부 확인 필요,반기 1회,180,,,조건부 의무 — 해당 여부 확인 필요
ASG-004112,DTY-02336,,유형,TG01,D04,SD04-1,SD04-2,확인필요,조건부 의무 — 보유·해당 여부 확인 필요,반기 1회,180,,,조건부 의무 — 해당 여부 확인 필요
ASG-004113,DTY-02337,,유형,TG01,D04,SD04-1,SD04-2,확인필요,조건부 의무 — 보유·해당 여부 확인 필요,반기 1회,180,,,조건부 의무 — 해당 여부 확인 필요
ASG-004114,DTY-02338,,유형,TG01,D04,SD04-1,SD04-2,확인필요,조건부 의무 — 보유·해당 여부 확인 필요,반기 1회,180,,,조건부 의무 — 해당 여부 확인 필요
ASG-004115,DTY-02339,,유형,TG01,D04,SD04-1,SD04-2,확인필요,조건부 의무 — 보유·해당 여부 확인 필요,반기 1회,180,,,조건부 의무 — 해당 여부 확인 필요
ASG-004116,DTY-02340,,유형,TG01,D04,SD04-1,SD04-2,확인필요,조건부 의무 — 보유·해당 여부 확인 필요,반기 1회,180,,,조건부 의무 — 해당 여부 확인 필요
ASG-004117,DTY-02341,,유형,TG01,D04,SD04-1,SD04-2,확인필요,조건부 의무 — 보유·해당 여부 확인 필요,연1회,365,,,조건부 의무 — 해당 여부 확인 필요
ASG-004118,DTY-02342,,유형,TG01,D04,SD04-1,SD04-2,확인필요,조건부 의무 — 보유·해당 여부 확인 필요,연1회,365,,,조건부 의무 — 해당 여부 확인 필요
ASG-004119,DTY-02343,,유형,TG01,D04,SD04-1,SD04-2,확인필요,조건부 의무 — 보유·해당 여부 확인 필요,반기 1회,180,,,조건부 의무 — 해당 여부 확인 필요
ASG-004120,DTY-02344,,유형,TG01,D04,SD04-1,SD04-2,확인필요,조건부 의무 — 보유·해당 여부 확인 필요,연1회,365,,,조건부 의무 — 해당 여부 확인 필요
ASG-004121,DTY-02345,,유형,TG16,D09,SD09-1,SD09-2,확인필요,조건부 의무 — 보유·해당 여부 확인 필요,반기 1회,180,,,조건부 의무 — 해당 여부 확인 필요 · 자산 대장 없음 — 보유 확인 필요
ASG-004122,DTY-02346,,유형,TG16,D09,SD09-1,SD09-2,확인필요,조건부 의무 — 보유·해당 여부 확인 필요,반기 1회,180,,,조건부 의무 — 해당 여부 확인 필요 · 자산 대장 없음 — 보유 확인 필요
ASG-004123,DTY-02347,,유형,TG16,D09,SD09-1,SD09-2,확인필요,조건부 의무 — 보유·해당 여부 확인 필요,반기 1회,180,,,조건부 의무 — 해당 여부 확인 필요 · 자산 대장 없음 — 보유 확인 필요
ASG-004124,DTY-02348,,유형,TG16,D09,SD09-1,SD09-2,확인필요,조건부 의무 — 보유·해당 여부 확인 필요,반기 1회,180,,,조건부 의무 — 해당 여부 확인 필요 · 자산 대장 없음 — 보유 확인 필요
ASG-004125,DTY-02349,,유형,TG16,D09,SD09-1,SD09-2,확인필요,조건부 의무 — 보유·해당 여부 확인 필요,반기 1회,180,,,조건부 의무 — 해당 여부 확인 필요 · 자산 대장 없음 — 보유 확인 필요
ASG-004126,DTY-02350,,유형,TG16,D09,SD09-1,SD09-2,확인필요,조건부 의무 — 보유·해당 여부 확인 필요,반기 1회,180,,,조건부 의무 — 해당 여부 확인 필요 · 자산 대장 없음 — 보유 확인 필요
ASG-004127,DTY-02351,,유형,TG25,D02,SD02-1,SD02-2,확인필요,조건부 의무 — 보유·해당 여부 확인 필요,반기 1회,180,,,조건부 의무 — 해당 여부 확인 필요
ASG-004128,DTY-02352,,유형,TG25,D02,SD02-1,SD02-2,확인필요,조건부 의무 — 보유·해당 여부 확인 필요,반기 1회,180,,,조건부 의무 — 해당 여부 확인 필요
ASG-004129,DTY-02353,,유형,TG25,D02,SD02-1,SD02-2,확인필요,조건부 의무 — 보유·해당 여부 확인 필요,반기 1회,180,,,조건부 의무 — 해당 여부 확인 필요
ASG-004130,DTY-02354,,유형,TG25,D02,SD02-1,SD02-2,확인필요,조건부 의무 — 보유·해당 여부 확인 필요,반기 1회,180,,,조건부 의무 — 해당 여부 확인 필요 · 분류 추론 — 검수 전
ASG-004131,DTY-02355,,유형,TG25,D02,SD02-1,SD02-2,확인필요,조건부 의무 — 보유·해당 여부 확인 필요,반기 1회,180,,,조건부 의무 — 해당 여부 확인 필요
ASG-004132,DTY-02356,,유형,TG25,D02,SD02-1,SD02-2,확인필요,조건부 의무 — 보유·해당 여부 확인 필요,반기 1회,180,,,조건부 의무 — 해당 여부 확인 필요
ASG-004133,DTY-02357,,유형,TG25,D02,SD02-1,SD02-2,확인필요,조건부 의무 — 보유·해당 여부 확인 필요,수시,180,,,조건부 의무 — 해당 여부 확인 필요
ASG-004134,DTY-02358,,유형,TG25,D02,SD02-1,SD02-2,확인필요,조건부 의무 — 보유·해당 여부 확인 필요,수시,180,,,조건부 의무 — 해당 여부 확인 필요
ASG-004135,DTY-02359,,유형,TG25,D02,SD02-1,SD02-2,확인필요,조건부 의무 — 보유·해당 여부 확인 필요,반기 1회,180,,,조건부 의무 — 해당 여부 확인 필요
ASG-004136,DTY-02360,,유형,TG25,D02,SD02-1,SD02-2,확인필요,조건부 의무 — 보유·해당 여부 확인 필요,반기 1회,180,,,조건부 의무 — 해당 여부 확인 필요
ASG-004137,DTY-02361,,유형,TG25,D02,SD02-1,SD02-2,확인필요,조건부 의무 — 보유·해당 여부 확인 필요,반기 1회,180,,,조건부 의무 — 해당 여부 확인 필요
ASG-004138,DTY-02362,,유형,TG25,D02,SD02-1,SD02-2,확인필요,조건부 의무 — 보유·해당 여부 확인 필요,반기 1회,180,,,조건부 의무 — 해당 여부 확인 필요
ASG-004139,DTY-02363,,유형,TG25,D02,SD02-1,SD02-2,확인필요,조건부 의무 — 보유·해당 여부 확인 필요,반기 1회,180,,,조건부 의무 — 해당 여부 확인 필요
ASG-004140,DTY-02364,,유형,TG25,D02,SD02-1,SD02-2,확인필요,조건부 의무 — 보유·해당 여부 확인 필요,반기 1회,180,,,조건부 의무 — 해당 여부 확인 필요
ASG-004141,DTY-02365,,유형,TG25,D02,SD02-1,SD02-2,확인필요,조건부 의무 — 보유·해당 여부 확인 필요,반기 1회,180,,,조건부 의무 — 해당 여부 확인 필요
ASG-004142,DTY-02366,,유형,TG13,D09,SD09-1,SD09-2,확인필요,조건부 의무 — 보유·해당 여부 확인 필요,반기 1회,180,,,조건부 의무 — 해당 여부 확인 필요
ASG-004143,DTY-02367,,유형,TG07,D07,SD07-1,SD07-2,확인필요,조건부 의무 — 보유·해당 여부 확인 필요,반기 1회,180,,,조건부 의무 — 해당 여부 확인 필요 · 자산 대장 없음 — 보유 확인 필요
ASG-004144,DTY-02368,,유형,TG07,D07,SD07-1,SD07-2,확인필요,조건부 의무 — 보유·해당 여부 확인 필요,반기 1회,180,,,조건부 의무 — 해당 여부 확인 필요 · 자산 대장 없음 — 보유 확인 필요
ASG-004145,DTY-02369,,유형,TG07,D07,SD07-1,SD07-2,확인필요,조건부 의무 — 보유·해당 여부 확인 필요,연1회,365,,,조건부 의무 — 해당 여부 확인 필요 · 자산 대장 없음 — 보유 확인 필요
ASG-004146,DTY-02370,,유형,TG04,D13,SD13-1,SD13-2,확인필요,조건부 의무 — 보유·해당 여부 확인 필요,반기 1회,180,,,조건부 의무 — 해당 여부 확인 필요
ASG-004147,DTY-02371,,유형,TG04,D13,SD13-1,SD13-2,확인필요,조건부 의무 — 보유·해당 여부 확인 필요,반기 1회,180,,,조건부 의무 — 해당 여부 확인 필요 · 분류 추론 — 검수 전
ASG-004148,DTY-02372,,유형,TG04,D13,SD13-1,SD13-2,확인필요,조건부 의무 — 보유·해당 여부 확인 필요,반기 1회,180,,,조건부 의무 — 해당 여부 확인 필요
ASG-004149,DTY-02373,,유형,TG15,D10,SD10-1,SD10-2,확인필요,조건부 의무 — 보유·해당 여부 확인 필요,반기 1회,180,,,조건부 의무 — 해당 여부 확인 필요 · 자산 대장 없음 — 보유 확인 필요
ASG-004150,DTY-02374,,유형,TG15,D10,SD10-1,SD10-2,확인필요,조건부 의무 — 보유·해당 여부 확인 필요,반기 1회,180,,,조건부 의무 — 해당 여부 확인 필요 · 자산 대장 없음 — 보유 확인 필요
ASG-004151,DTY-02375,,유형,TG15,D10,SD10-1,SD10-2,확인필요,조건부 의무 — 보유·해당 여부 확인 필요,반기 1회,180,,,조건부 의무 — 해당 여부 확인 필요 · 자산 대장 없음 — 보유 확인 필요
ASG-004152,DTY-02376,,유형,TG15,D10,SD10-1,SD10-2,확인필요,조건부 의무 — 보유·해당 여부 확인 필요,반기 1회,180,,,조건부 의무 — 해당 여부 확인 필요 · 자산 대장 없음 — 보유 확인 필요
ASG-004153,DTY-02377,,유형,TG15,D10,SD10-1,SD10-2,확인필요,조건부 의무 — 보유·해당 여부 확인 필요,반기 1회,180,,,조건부 의무 — 해당 여부 확인 필요 · 자산 대장 없음 — 보유 확인 필요
ASG-004154,DTY-02378,,유형,TG15,D10,SD10-1,SD10-2,확인필요,조건부 의무 — 보유·해당 여부 확인 필요,반기 1회,180,,,조건부 의무 — 해당 여부 확인 필요 · 자산 대장 없음 — 보유 확인 필요
ASG-004155,DTY-02379,,유형,TG15,D10,SD10-1,SD10-2,확인필요,조건부 의무 — 보유·해당 여부 확인 필요,반기 1회,180,,,조건부 의무 — 해당 여부 확인 필요 · 자산 대장 없음 — 보유 확인 필요
ASG-004156,DTY-02380,,유형,TG15,D10,SD10-1,SD10-2,확인필요,조건부 의무 — 보유·해당 여부 확인 필요,반기 1회,180,,,조건부 의무 — 해당 여부 확인 필요 · 자산 대장 없음 — 보유 확인 필요
ASG-004157,DTY-02381,,유형,TG15,D10,SD10-1,SD10-2,확인필요,조건부 의무 — 보유·해당 여부 확인 필요,반기 1회,180,,,조건부 의무 — 해당 여부 확인 필요 · 자산 대장 없음 — 보유 확인 필요
ASG-004158,DTY-02382,,유형,TG15,D10,SD10-1,SD10-2,확인필요,조건부 의무 — 보유·해당 여부 확인 필요,반기 1회,180,,,조건부 의무 — 해당 여부 확인 필요 · 자산 대장 없음 — 보유 확인 필요
ASG-004159,DTY-02383,,유형,TG15,D10,SD10-1,SD10-2,확인필요,조건부 의무 — 보유·해당 여부 확인 필요,반기 1회,180,,,조건부 의무 — 해당 여부 확인 필요 · 자산 대장 없음 — 보유 확인 필요
ASG-004160,DTY-02384,,유형,TG15,D10,SD10-1,SD10-2,확인필요,조건부 의무 — 보유·해당 여부 확인 필요,반기 1회,180,,,조건부 의무 — 해당 여부 확인 필요 · 자산 대장 없음 — 보유 확인 필요
ASG-004161,DTY-02385,,유형,TG15,D10,SD10-1,SD10-2,확인필요,조건부 의무 — 보유·해당 여부 확인 필요,반기 1회,180,,,조건부 의무 — 해당 여부 확인 필요 · 자산 대장 없음 — 보유 확인 필요
ASG-004162,DTY-02386,,유형,TG15,D10,SD10-1,SD10-2,확인필요,조건부 의무 — 보유·해당 여부 확인 필요,반기 1회,180,,,조건부 의무 — 해당 여부 확인 필요 · 자산 대장 없음 — 보유 확인 필요
ASG-004163,DTY-02387,,유형,TG09,D08,SD08-1,SD08-2,확인필요,조건부 의무 — 보유·해당 여부 확인 필요,반기 1회,180,,,조건부 의무 — 해당 여부 확인 필요 · 자산 대장 없음 — 보유 확인 필요
ASG-004164,DTY-02388,,유형,TG09,D08,SD08-1,SD08-2,확인필요,조건부 의무 — 보유·해당 여부 확인 필요,반기 1회,180,,,조건부 의무 — 해당 여부 확인 필요 · 자산 대장 없음 — 보유 확인 필요
ASG-004165,DTY-02389,,유형,TG09,D08,SD08-1,SD08-2,확인필요,조건부 의무 — 보유·해당 여부 확인 필요,반기 1회,180,,,조건부 의무 — 해당 여부 확인 필요 · 자산 대장 없음 — 보유 확인 필요 · 분류 추론 — 검수 전
ASG-004166,DTY-02390,,유형,TG09,D08,SD08-1,SD08-2,확인필요,조건부 의무 — 보유·해당 여부 확인 필요,반기 1회,180,,,조건부 의무 — 해당 여부 확인 필요 · 자산 대장 없음 — 보유 확인 필요
ASG-004167,DTY-02391,,유형,TG09,D08,SD08-1,SD08-2,확인필요,조건부 의무 — 보유·해당 여부 확인 필요,반기 1회,180,,,조건부 의무 — 해당 여부 확인 필요 · 자산 대장 없음 — 보유 확인 필요
ASG-004168,DTY-02392,,유형,TG09,D08,SD08-1,SD08-2,확인필요,조건부 의무 — 보유·해당 여부 확인 필요,반기 1회,180,,,조건부 의무 — 해당 여부 확인 필요 · 자산 대장 없음 — 보유 확인 필요
ASG-004169,DTY-02393,,유형,TG09,D08,SD08-1,SD08-2,확인필요,조건부 의무 — 보유·해당 여부 확인 필요,연1회,365,,,조건부 의무 — 해당 여부 확인 필요 · 자산 대장 없음 — 보유 확인 필요
ASG-004170,DTY-02394,,유형,TG09,D08,SD08-1,SD08-2,확인필요,조건부 의무 — 보유·해당 여부 확인 필요,연1회,365,,,조건부 의무 — 해당 여부 확인 필요 · 자산 대장 없음 — 보유 확인 필요
ASG-004171,DTY-02395,,유형,TG09,D08,SD08-1,SD08-2,확인필요,조건부 의무 — 보유·해당 여부 확인 필요,연1회,365,,,조건부 의무 — 해당 여부 확인 필요 · 자산 대장 없음 — 보유 확인 필요
ASG-004172,DTY-02396,,유형,TG02,D05,SD05-1,SD05-2,확인필요,조건부 의무 — 보유·해당 여부 확인 필요,반기 1회,180,,,조건부 의무 — 해당 여부 확인 필요
ASG-004173,DTY-02397,,유형,TG02,D05,SD05-1,SD05-2,확인필요,조건부 의무 — 보유·해당 여부 확인 필요,반기 1회,180,,,조건부 의무 — 해당 여부 확인 필요
ASG-004174,DTY-02398,,유형,TG02,D05,SD05-1,SD05-2,확인필요,조건부 의무 — 보유·해당 여부 확인 필요,반기 1회,180,,,조건부 의무 — 해당 여부 확인 필요 · 분류 추론 — 검수 전
ASG-004175,DTY-02399,,유형,TG02,D05,SD05-1,SD05-2,확인필요,조건부 의무 — 보유·해당 여부 확인 필요,반기 1회,180,,,조건부 의무 — 해당 여부 확인 필요 · 분류 추론 — 검수 전
ASG-004176,DTY-02400,,유형,TG02,D05,SD05-1,SD05-2,확인필요,조건부 의무 — 보유·해당 여부 확인 필요,반기 1회,180,,,조건부 의무 — 해당 여부 확인 필요 · 분류 추론 — 검수 전
ASG-004177,DTY-02401,,유형,TG02,D05,SD05-1,SD05-2,확인필요,조건부 의무 — 보유·해당 여부 확인 필요,반기 1회,180,,,조건부 의무 — 해당 여부 확인 필요
ASG-004178,DTY-02402,,유형,TG02,D05,SD05-1,SD05-2,확인필요,조건부 의무 — 보유·해당 여부 확인 필요,반기 1회,180,,,조건부 의무 — 해당 여부 확인 필요
ASG-004179,DTY-02403,,유형,TG02,D05,SD05-1,SD05-2,확인필요,조건부 의무 — 보유·해당 여부 확인 필요,상시,365,,,조건부 의무 — 해당 여부 확인 필요
ASG-004180,DTY-02404,,유형,TG02,D05,SD05-1,SD05-2,확인필요,조건부 의무 — 보유·해당 여부 확인 필요,반기 1회,180,,,조건부 의무 — 해당 여부 확인 필요 · 분류 추론 — 검수 전
ASG-004181,DTY-02405,,유형,TG02,D05,SD05-1,SD05-2,확인필요,조건부 의무 — 보유·해당 여부 확인 필요,반기 1회,180,,,조건부 의무 — 해당 여부 확인 필요 · 분류 추론 — 검수 전
ASG-004182,DTY-02406,,유형,TG02,D05,SD05-1,SD05-2,확인필요,조건부 의무 — 보유·해당 여부 확인 필요,반기 1회,180,,,조건부 의무 — 해당 여부 확인 필요
ASG-004183,DTY-02407,,유형,TG02,D05,SD05-1,SD05-2,확인필요,조건부 의무 — 보유·해당 여부 확인 필요,수시,180,,,조건부 의무 — 해당 여부 확인 필요
ASG-004184,DTY-02408,,유형,TG02,D05,SD05-1,SD05-2,확인필요,조건부 의무 — 보유·해당 여부 확인 필요,반기 1회,180,,,조건부 의무 — 해당 여부 확인 필요
ASG-004185,DTY-02409,,유형,TG02,D05,SD05-1,SD05-2,확인필요,조건부 의무 — 보유·해당 여부 확인 필요,반기 1회,180,,,조건부 의무 — 해당 여부 확인 필요
ASG-004186,DTY-02410,,유형,TG02,D05,SD05-1,SD05-2,확인필요,조건부 의무 — 보유·해당 여부 확인 필요,반기 1회,180,,,조건부 의무 — 해당 여부 확인 필요
ASG-004187,DTY-02411,,유형,TG02,D05,SD05-1,SD05-2,확인필요,조건부 의무 — 보유·해당 여부 확인 필요,반기 1회,180,,,조건부 의무 — 해당 여부 확인 필요
ASG-004188,DTY-02412,,유형,TG02,D05,SD05-1,SD05-2,확인필요,조건부 의무 — 보유·해당 여부 확인 필요,반기 1회,180,,,조건부 의무 — 해당 여부 확인 필요
ASG-004189,DTY-02413,,유형,TG02,D05,SD05-1,SD05-2,확인필요,조건부 의무 — 보유·해당 여부 확인 필요,반기 1회,180,,,조건부 의무 — 해당 여부 확인 필요 · 분류 추론 — 검수 전
ASG-004190,DTY-02414,,유형,TG02,D05,SD05-1,SD05-2,확인필요,조건부 의무 — 보유·해당 여부 확인 필요,반기 1회,180,,,조건부 의무 — 해당 여부 확인 필요 · 분류 추론 — 검수 전
ASG-004191,DTY-02415,,유형,TG02,D05,SD05-1,SD05-2,확인필요,조건부 의무 — 보유·해당 여부 확인 필요,반기 1회,180,,,조건부 의무 — 해당 여부 확인 필요
ASG-004192,DTY-02416,,유형,TG02,D05,SD05-1,SD05-2,확인필요,조건부 의무 — 보유·해당 여부 확인 필요,반기 1회,180,,,조건부 의무 — 해당 여부 확인 필요
ASG-004193,DTY-02417,,유형,TG02,D05,SD05-1,SD05-2,확인필요,조건부 의무 — 보유·해당 여부 확인 필요,반기 1회,180,,,조건부 의무 — 해당 여부 확인 필요
ASG-004194,DTY-02418,,유형,TG02,D05,SD05-1,SD05-2,확인필요,조건부 의무 — 보유·해당 여부 확인 필요,반기 1회,180,,,조건부 의무 — 해당 여부 확인 필요
ASG-004195,DTY-02419,,유형,TG02,D05,SD05-1,SD05-2,확인필요,조건부 의무 — 보유·해당 여부 확인 필요,반기 1회,180,,,조건부 의무 — 해당 여부 확인 필요
ASG-004196,DTY-02420,,유형,TG02,D05,SD05-1,SD05-2,확인필요,조건부 의무 — 보유·해당 여부 확인 필요,연1회,365,,,조건부 의무 — 해당 여부 확인 필요
ASG-004197,DTY-02421,,유형,TG03,D03,SD03-1,SD03-2,확인필요,조건부 의무 — 보유·해당 여부 확인 필요,반기 1회,180,,,조건부 의무 — 해당 여부 확인 필요
ASG-004198,DTY-02422,,유형,TG03,D03,SD03-1,SD03-2,확인필요,조건부 의무 — 보유·해당 여부 확인 필요,반기 1회,180,,,조건부 의무 — 해당 여부 확인 필요
ASG-004199,DTY-02423,,유형,TG03,D03,SD03-1,SD03-2,확인필요,조건부 의무 — 보유·해당 여부 확인 필요,연1회,365,,,조건부 의무 — 해당 여부 확인 필요
ASG-004200,DTY-02424,,유형,TG03,D03,SD03-1,SD03-2,확인필요,조건부 의무 — 보유·해당 여부 확인 필요,연1회,365,,,조건부 의무 — 해당 여부 확인 필요
ASG-004201,DTY-02425,,유형,TG03,D03,SD03-1,SD03-2,확인필요,조건부 의무 — 보유·해당 여부 확인 필요,연1회,365,,,조건부 의무 — 해당 여부 확인 필요
ASG-004202,DTY-02426,,유형,TG12,D06,SD06-1,SD06-2,확인필요,조건부 의무 — 보유·해당 여부 확인 필요,상시,365,,,조건부 의무 — 해당 여부 확인 필요 · 자산 대장 없음 — 보유 확인 필요
ASG-004203,DTY-02427,,유형,TG01,D04,SD04-1,SD04-2,확인필요,조건부 의무 — 보유·해당 여부 확인 필요,상시,365,,,조건부 의무 — 해당 여부 확인 필요
ASG-004204,DTY-02428,,유형,TG01,D04,SD04-1,SD04-2,확인필요,조건부 의무 — 보유·해당 여부 확인 필요,반기 1회,180,,,조건부 의무 — 해당 여부 확인 필요
ASG-004205,DTY-02429,,유형,TG01,D04,SD04-1,SD04-2,확인필요,조건부 의무 — 보유·해당 여부 확인 필요,수시,180,,,조건부 의무 — 해당 여부 확인 필요
ASG-004206,DTY-02430,,유형,TG01,D04,SD04-1,SD04-2,확인필요,조건부 의무 — 보유·해당 여부 확인 필요,반기 1회,180,,,조건부 의무 — 해당 여부 확인 필요
ASG-004207,DTY-02431,,유형,TG01,D04,SD04-1,SD04-2,확인필요,조건부 의무 — 보유·해당 여부 확인 필요,반기 1회,180,,,조건부 의무 — 해당 여부 확인 필요
ASG-004208,DTY-02432,,유형,TG01,D04,SD04-1,SD04-2,확인필요,조건부 의무 — 보유·해당 여부 확인 필요,반기 1회,180,,,조건부 의무 — 해당 여부 확인 필요
ASG-004209,DTY-02433,,유형,TG01,D04,SD04-1,SD04-2,확인필요,조건부 의무 — 보유·해당 여부 확인 필요,반기 1회,180,,,조건부 의무 — 해당 여부 확인 필요
ASG-004210,DTY-02434,,유형,TG25,D02,SD02-1,SD02-2,확인필요,조건부 의무 — 보유·해당 여부 확인 필요,반기 1회,180,,,조건부 의무 — 해당 여부 확인 필요
ASG-004211,DTY-02435,,유형,TG25,D02,SD02-1,SD02-2,확인필요,조건부 의무 — 보유·해당 여부 확인 필요,반기 1회,180,,,조건부 의무 — 해당 여부 확인 필요
ASG-004212,DTY-02436,,유형,TG25,D02,SD02-1,SD02-2,확인필요,조건부 의무 — 보유·해당 여부 확인 필요,반기 1회,180,,,조건부 의무 — 해당 여부 확인 필요
ASG-004213,DTY-02437,,유형,TG25,D02,SD02-1,SD02-2,확인필요,조건부 의무 — 보유·해당 여부 확인 필요,반기 1회,180,,,조건부 의무 — 해당 여부 확인 필요
ASG-004214,DTY-02438,,유형,TG25,D02,SD02-1,SD02-2,확인필요,조건부 의무 — 보유·해당 여부 확인 필요,반기 1회,180,,,조건부 의무 — 해당 여부 확인 필요
ASG-004215,DTY-02439,,유형,TG25,D02,SD02-1,SD02-2,확인필요,조건부 의무 — 보유·해당 여부 확인 필요,상시,365,,,조건부 의무 — 해당 여부 확인 필요
ASG-004216,DTY-02440,,유형,TG25,D02,SD02-1,SD02-2,확인필요,조건부 의무 — 보유·해당 여부 확인 필요,상시,365,,,조건부 의무 — 해당 여부 확인 필요
ASG-004217,DTY-02441,,유형,TG07,D07,SD07-1,SD07-2,확인필요,조건부 의무 — 보유·해당 여부 확인 필요,연1회,365,,,조건부 의무 — 해당 여부 확인 필요 · 자산 대장 없음 — 보유 확인 필요 · 분류 추론 — 검수 전
ASG-004218,DTY-02442,,유형,TG07,D07,SD07-1,SD07-2,확인필요,조건부 의무 — 보유·해당 여부 확인 필요,연1회,365,,,조건부 의무 — 해당 여부 확인 필요 · 자산 대장 없음 — 보유 확인 필요
ASG-004219,DTY-02443,,유형,TG04,D13,SD13-1,SD13-2,확인필요,조건부 의무 — 보유·해당 여부 확인 필요,상시,365,,,조건부 의무 — 해당 여부 확인 필요
ASG-004220,DTY-02444,,유형,TG04,D13,SD13-1,SD13-2,확인필요,조건부 의무 — 보유·해당 여부 확인 필요,상시,365,,,조건부 의무 — 해당 여부 확인 필요
ASG-004221,DTY-02445,,유형,TG04,D13,SD13-1,SD13-2,확인필요,조건부 의무 — 보유·해당 여부 확인 필요,상시,365,,,조건부 의무 — 해당 여부 확인 필요
ASG-004222,DTY-02446,,유형,TG04,D13,SD13-1,SD13-2,확인필요,조건부 의무 — 보유·해당 여부 확인 필요,상시,365,,,조건부 의무 — 해당 여부 확인 필요
ASG-004223,DTY-02447,,유형,TG04,D13,SD13-1,SD13-2,확인필요,조건부 의무 — 보유·해당 여부 확인 필요,상시,365,,,조건부 의무 — 해당 여부 확인 필요
ASG-004224,DTY-02448,,유형,TG04,D13,SD13-1,SD13-2,확인필요,조건부 의무 — 보유·해당 여부 확인 필요,상시,365,,,조건부 의무 — 해당 여부 확인 필요
ASG-004225,DTY-02449,,유형,TG04,D13,SD13-1,SD13-2,확인필요,조건부 의무 — 보유·해당 여부 확인 필요,상시,365,,,조건부 의무 — 해당 여부 확인 필요
ASG-004226,DTY-02450,,유형,TG04,D13,SD13-1,SD13-2,확인필요,조건부 의무 — 보유·해당 여부 확인 필요,상시,365,,,조건부 의무 — 해당 여부 확인 필요
ASG-004227,DTY-02451,,유형,TG04,D13,SD13-1,SD13-2,확인필요,조건부 의무 — 보유·해당 여부 확인 필요,상시,365,,,조건부 의무 — 해당 여부 확인 필요
ASG-004228,DTY-02452,,유형,TG04,D13,SD13-1,SD13-2,확인필요,조건부 의무 — 보유·해당 여부 확인 필요,상시,365,,,조건부 의무 — 해당 여부 확인 필요
ASG-004229,DTY-02453,,유형,TG04,D13,SD13-1,SD13-2,확인필요,조건부 의무 — 보유·해당 여부 확인 필요,상시,365,,,조건부 의무 — 해당 여부 확인 필요
ASG-004230,DTY-02454,,유형,TG04,D13,SD13-1,SD13-2,확인필요,조건부 의무 — 보유·해당 여부 확인 필요,상시,365,,,조건부 의무 — 해당 여부 확인 필요
ASG-004231,DTY-02455,,유형,TG04,D13,SD13-1,SD13-2,확인필요,조건부 의무 — 보유·해당 여부 확인 필요,상시,365,,,조건부 의무 — 해당 여부 확인 필요
ASG-004232,DTY-02456,,유형,TG09,D08,SD08-1,SD08-2,확인필요,조건부 의무 — 보유·해당 여부 확인 필요,상시,365,,,조건부 의무 — 해당 여부 확인 필요 · 자산 대장 없음 — 보유 확인 필요
ASG-004233,DTY-02457,,유형,TG09,D08,SD08-1,SD08-2,확인필요,조건부 의무 — 보유·해당 여부 확인 필요,연1회,365,,,조건부 의무 — 해당 여부 확인 필요 · 자산 대장 없음 — 보유 확인 필요 · 분류 추론 — 검수 전
ASG-004234,DTY-02458,,유형,TG09,D08,SD08-1,SD08-2,확인필요,조건부 의무 — 보유·해당 여부 확인 필요,연1회,365,,,조건부 의무 — 해당 여부 확인 필요 · 자산 대장 없음 — 보유 확인 필요 · 분류 추론 — 검수 전
ASG-004235,DTY-02459,,유형,TG02,D05,SD05-1,SD05-2,확인필요,조건부 의무 — 보유·해당 여부 확인 필요,상시,365,,,조건부 의무 — 해당 여부 확인 필요
ASG-004236,DTY-02460,,유형,TG02,D05,SD05-1,SD05-2,확인필요,조건부 의무 — 보유·해당 여부 확인 필요,상시,365,,,조건부 의무 — 해당 여부 확인 필요
ASG-004237,DTY-02461,,유형,TG02,D05,SD05-1,SD05-2,확인필요,조건부 의무 — 보유·해당 여부 확인 필요,상시,365,,,조건부 의무 — 해당 여부 확인 필요
ASG-004238,DTY-02462,,유형,TG02,D05,SD05-1,SD05-2,확인필요,조건부 의무 — 보유·해당 여부 확인 필요,상시,365,,,조건부 의무 — 해당 여부 확인 필요
ASG-004239,DTY-02463,,유형,TG05,D03,SD03-1,SD03-2,확인필요,조건부 의무 — 보유·해당 여부 확인 필요,상시,365,,,조건부 의무 — 해당 여부 확인 필요
ASG-004240,DTY-02464,,유형,TG12,D06,SD06-1,SD06-2,확인필요,조건부 의무 — 보유·해당 여부 확인 필요,상시,365,,,조건부 의무 — 해당 여부 확인 필요 · 자산 대장 없음 — 보유 확인 필요
ASG-004241,DTY-02465,,유형,TG01,D04,SD04-1,SD04-2,확인필요,조건부 의무 — 보유·해당 여부 확인 필요,반기 1회,180,,,조건부 의무 — 해당 여부 확인 필요
ASG-004242,DTY-02466,,유형,TG07,D07,SD07-1,SD07-2,확인필요,조건부 의무 — 보유·해당 여부 확인 필요,상시,365,,,조건부 의무 — 해당 여부 확인 필요 · 자산 대장 없음 — 보유 확인 필요
ASG-004243,DTY-02467,,유형,TG04,D13,SD13-1,SD13-2,확인필요,조건부 의무 — 보유·해당 여부 확인 필요,수시,180,,,조건부 의무 — 해당 여부 확인 필요
ASG-004244,DTY-02468,,유형,TG09,D08,SD08-1,SD08-2,확인필요,조건부 의무 — 보유·해당 여부 확인 필요,연1회,365,,,조건부 의무 — 해당 여부 확인 필요 · 자산 대장 없음 — 보유 확인 필요
ASG-004245,DTY-02469,,유형,TG03,D03,SD03-1,SD03-2,확인필요,조건부 의무 — 보유·해당 여부 확인 필요,반기 1회,180,,,조건부 의무 — 해당 여부 확인 필요
ASG-004246,DTY-02470,,유형,TG03,D03,SD03-1,SD03-2,확인필요,조건부 의무 — 보유·해당 여부 확인 필요,반기 1회,180,,,조건부 의무 — 해당 여부 확인 필요
ASG-004247,DTY-02471,,유형,TG03,D03,SD03-1,SD03-2,확인필요,조건부 의무 — 보유·해당 여부 확인 필요,수시,180,,,조건부 의무 — 해당 여부 확인 필요 · 분류 추론 — 검수 전
ASG-004248,DTY-02472,,유형,TG03,D03,SD03-1,SD03-2,확인필요,조건부 의무 — 보유·해당 여부 확인 필요,반기 1회,180,,,조건부 의무 — 해당 여부 확인 필요
ASG-004249,DTY-02473,,유형,TG03,D03,SD03-1,SD03-2,확인필요,조건부 의무 — 보유·해당 여부 확인 필요,상시,365,,,조건부 의무 — 해당 여부 확인 필요
ASG-004250,DTY-02474,,유형,TG03,D03,SD03-1,SD03-2,확인필요,조건부 의무 — 보유·해당 여부 확인 필요,상시,365,,,조건부 의무 — 해당 여부 확인 필요
ASG-004251,DTY-02475,,유형,TG03,D03,SD03-1,SD03-2,확인필요,조건부 의무 — 보유·해당 여부 확인 필요,상시,365,,,조건부 의무 — 해당 여부 확인 필요
ASG-004252,DTY-02476,,유형,TG03,D03,SD03-1,SD03-2,확인필요,조건부 의무 — 보유·해당 여부 확인 필요,상시,365,,,조건부 의무 — 해당 여부 확인 필요
ASG-004253,DTY-02477,,유형,TG03,D03,SD03-1,SD03-2,확인필요,조건부 의무 — 보유·해당 여부 확인 필요,상시,365,,,조건부 의무 — 해당 여부 확인 필요
ASG-004254,DTY-02478,,유형,TG03,D03,SD03-1,SD03-2,확인필요,조건부 의무 — 보유·해당 여부 확인 필요,상시,365,,,조건부 의무 — 해당 여부 확인 필요
ASG-004255,DTY-02479,,유형,TG03,D03,SD03-1,SD03-2,확인필요,조건부 의무 — 보유·해당 여부 확인 필요,상시,365,,,조건부 의무 — 해당 여부 확인 필요
ASG-004256,DTY-02480,,유형,TG03,D03,SD03-1,SD03-2,확인필요,조건부 의무 — 보유·해당 여부 확인 필요,상시,365,,,조건부 의무 — 해당 여부 확인 필요
ASG-004257,DTY-02481,,유형,TG03,D03,SD03-1,SD03-2,확인필요,조건부 의무 — 보유·해당 여부 확인 필요,상시,365,,,조건부 의무 — 해당 여부 확인 필요
ASG-004258,DTY-02482,,유형,TG12,D06,SD06-1,SD06-2,확인필요,조건부 의무 — 보유·해당 여부 확인 필요,수시,180,,,조건부 의무 — 해당 여부 확인 필요 · 자산 대장 없음 — 보유 확인 필요
ASG-004259,DTY-02483,,유형,TG01,D04,SD04-1,SD04-2,확인필요,조건부 의무 — 보유·해당 여부 확인 필요,연1회,365,,,조건부 의무 — 해당 여부 확인 필요
ASG-004260,DTY-02484,,유형,TG01,D04,SD04-1,SD04-2,확인필요,조건부 의무 — 보유·해당 여부 확인 필요,연1회,365,,,조건부 의무 — 해당 여부 확인 필요
ASG-004261,DTY-02485,,유형,TG01,D04,SD04-1,SD04-2,확인필요,조건부 의무 — 보유·해당 여부 확인 필요,연1회,365,,,조건부 의무 — 해당 여부 확인 필요
ASG-004262,DTY-02486,,유형,TG01,D04,SD04-1,SD04-2,확인필요,조건부 의무 — 보유·해당 여부 확인 필요,반기 1회,180,,,조건부 의무 — 해당 여부 확인 필요
ASG-004263,DTY-02487,,유형,TG01,D04,SD04-1,SD04-2,확인필요,조건부 의무 — 보유·해당 여부 확인 필요,반기 1회,180,,,조건부 의무 — 해당 여부 확인 필요
ASG-004264,DTY-02488,,유형,TG01,D04,SD04-1,SD04-2,확인필요,조건부 의무 — 보유·해당 여부 확인 필요,연1회,365,,,조건부 의무 — 해당 여부 확인 필요
ASG-004265,DTY-02489,,유형,TG01,D04,SD04-1,SD04-2,확인필요,조건부 의무 — 보유·해당 여부 확인 필요,수시,180,,,조건부 의무 — 해당 여부 확인 필요
ASG-004266,DTY-02490,,유형,TG22,D11,SD11-1,SD11-2,확인필요,조건부 의무 — 보유·해당 여부 확인 필요,수시,180,,,조건부 의무 — 해당 여부 확인 필요 · 자산 대장 없음 — 보유 확인 필요 · 분류 추론 — 검수 전
ASG-004267,DTY-02491,,유형,TG16,D09,SD09-1,SD09-2,확인필요,조건부 의무 — 보유·해당 여부 확인 필요,수시,180,,,조건부 의무 — 해당 여부 확인 필요 · 자산 대장 없음 — 보유 확인 필요
ASG-004268,DTY-02492,,유형,TG16,D09,SD09-1,SD09-2,확인필요,조건부 의무 — 보유·해당 여부 확인 필요,수시,180,,,조건부 의무 — 해당 여부 확인 필요 · 자산 대장 없음 — 보유 확인 필요 · 분류 추론 — 검수 전
ASG-004269,DTY-02493,,유형,TG16,D09,SD09-1,SD09-2,확인필요,조건부 의무 — 보유·해당 여부 확인 필요,수시,180,,,조건부 의무 — 해당 여부 확인 필요 · 자산 대장 없음 — 보유 확인 필요 · 분류 추론 — 검수 전
ASG-004270,DTY-02494,,유형,TG16,D09,SD09-1,SD09-2,확인필요,조건부 의무 — 보유·해당 여부 확인 필요,상시,365,,,조건부 의무 — 해당 여부 확인 필요 · 자산 대장 없음 — 보유 확인 필요
ASG-004271,DTY-02495,,유형,TG25,D02,SD02-1,SD02-2,확인필요,조건부 의무 — 보유·해당 여부 확인 필요,반기 1회,180,,,조건부 의무 — 해당 여부 확인 필요
ASG-004272,DTY-02496,,유형,TG25,D02,SD02-1,SD02-2,확인필요,조건부 의무 — 보유·해당 여부 확인 필요,상시,365,,,조건부 의무 — 해당 여부 확인 필요
ASG-004273,DTY-02497,,유형,TG25,D02,SD02-1,SD02-2,확인필요,조건부 의무 — 보유·해당 여부 확인 필요,반기 1회,180,,,조건부 의무 — 해당 여부 확인 필요
ASG-004274,DTY-02498,,유형,TG25,D02,SD02-1,SD02-2,확인필요,조건부 의무 — 보유·해당 여부 확인 필요,반기 1회,180,,,조건부 의무 — 해당 여부 확인 필요
ASG-004275,DTY-02499,,유형,TG25,D02,SD02-1,SD02-2,확인필요,조건부 의무 — 보유·해당 여부 확인 필요,반기 1회,180,,,조건부 의무 — 해당 여부 확인 필요
ASG-004276,DTY-02500,,유형,TG25,D02,SD02-1,SD02-2,확인필요,조건부 의무 — 보유·해당 여부 확인 필요,반기 1회,180,,,조건부 의무 — 해당 여부 확인 필요
ASG-004277,DTY-02501,,유형,TG25,D02,SD02-1,SD02-2,확인필요,조건부 의무 — 보유·해당 여부 확인 필요,반기 1회,180,,,조건부 의무 — 해당 여부 확인 필요
ASG-004278,DTY-02502,,유형,TG25,D02,SD02-1,SD02-2,확인필요,조건부 의무 — 보유·해당 여부 확인 필요,반기 1회,180,,,조건부 의무 — 해당 여부 확인 필요
ASG-004279,DTY-02503,,유형,TG17,D09,SD09-1,SD09-2,확인필요,조건부 의무 — 보유·해당 여부 확인 필요,수시,180,,,조건부 의무 — 해당 여부 확인 필요 · 자산 대장 없음 — 보유 확인 필요
ASG-004280,DTY-02504,,유형,TG08,D06,SD06-1,SD06-2,확인필요,조건부 의무 — 보유·해당 여부 확인 필요,상시,365,,,조건부 의무 — 해당 여부 확인 필요 · 자산 대장 없음 — 보유 확인 필요
ASG-004281,DTY-02505,,유형,TG07,D07,SD07-1,SD07-2,확인필요,조건부 의무 — 보유·해당 여부 확인 필요,상시,365,,,조건부 의무 — 해당 여부 확인 필요 · 자산 대장 없음 — 보유 확인 필요
ASG-004282,DTY-02506,,유형,TG07,D07,SD07-1,SD07-2,확인필요,조건부 의무 — 보유·해당 여부 확인 필요,반기 1회,180,,,조건부 의무 — 해당 여부 확인 필요 · 자산 대장 없음 — 보유 확인 필요
ASG-004283,DTY-02507,,유형,TG07,D07,SD07-1,SD07-2,확인필요,조건부 의무 — 보유·해당 여부 확인 필요,반기 1회,180,,,조건부 의무 — 해당 여부 확인 필요 · 자산 대장 없음 — 보유 확인 필요
ASG-004284,DTY-02508,,유형,TG07,D07,SD07-1,SD07-2,확인필요,조건부 의무 — 보유·해당 여부 확인 필요,수시,180,,,조건부 의무 — 해당 여부 확인 필요 · 자산 대장 없음 — 보유 확인 필요 · 분류 추론 — 검수 전
ASG-004285,DTY-02509,,유형,TG07,D07,SD07-1,SD07-2,확인필요,조건부 의무 — 보유·해당 여부 확인 필요,수시,180,,,조건부 의무 — 해당 여부 확인 필요 · 자산 대장 없음 — 보유 확인 필요
ASG-004286,DTY-02510,,유형,TG07,D07,SD07-1,SD07-2,확인필요,조건부 의무 — 보유·해당 여부 확인 필요,수시,180,,,조건부 의무 — 해당 여부 확인 필요 · 자산 대장 없음 — 보유 확인 필요 · 분류 추론 — 검수 전
ASG-004287,DTY-02511,,유형,TG04,D13,SD13-1,SD13-2,확인필요,조건부 의무 — 보유·해당 여부 확인 필요,반기 1회,180,,,조건부 의무 — 해당 여부 확인 필요
ASG-004288,DTY-02512,,유형,TG15,D10,SD10-1,SD10-2,확인필요,조건부 의무 — 보유·해당 여부 확인 필요,수시,180,,,조건부 의무 — 해당 여부 확인 필요 · 자산 대장 없음 — 보유 확인 필요 · 분류 추론 — 검수 전
ASG-004289,DTY-02513,,유형,TG15,D10,SD10-1,SD10-2,확인필요,조건부 의무 — 보유·해당 여부 확인 필요,상시,365,,,조건부 의무 — 해당 여부 확인 필요 · 자산 대장 없음 — 보유 확인 필요
ASG-004290,DTY-02514,,유형,TG15,D10,SD10-1,SD10-2,확인필요,조건부 의무 — 보유·해당 여부 확인 필요,상시,365,,,조건부 의무 — 해당 여부 확인 필요 · 자산 대장 없음 — 보유 확인 필요
ASG-004291,DTY-02515,,유형,TG15,D10,SD10-1,SD10-2,확인필요,조건부 의무 — 보유·해당 여부 확인 필요,상시,365,,,조건부 의무 — 해당 여부 확인 필요 · 자산 대장 없음 — 보유 확인 필요
ASG-004292,DTY-02516,,유형,TG14,D10,SD10-1,SD10-2,확인필요,조건부 의무 — 보유·해당 여부 확인 필요,반기 1회,180,,,조건부 의무 — 해당 여부 확인 필요 · 자산 대장 없음 — 보유 확인 필요
ASG-004293,DTY-02517,,유형,TG09,D08,SD08-1,SD08-2,확인필요,조건부 의무 — 보유·해당 여부 확인 필요,수시,180,,,조건부 의무 — 해당 여부 확인 필요 · 자산 대장 없음 — 보유 확인 필요
ASG-004294,DTY-02518,,유형,TG03,D03,SD03-1,SD03-2,확인필요,조건부 의무 — 보유·해당 여부 확인 필요,반기 1회,180,,,조건부 의무 — 해당 여부 확인 필요
ASG-004295,DTY-02519,,유형,TG09,D08,SD08-1,SD08-2,확인필요,조건부 의무 — 보유·해당 여부 확인 필요,수시,180,,,조건부 의무 — 해당 여부 확인 필요 · 자산 대장 없음 — 보유 확인 필요
ASG-004296,DTY-02520,,유형,TG09,D08,SD08-1,SD08-2,확인필요,조건부 의무 — 보유·해당 여부 확인 필요,수시,180,,,조건부 의무 — 해당 여부 확인 필요 · 자산 대장 없음 — 보유 확인 필요 · 분류 추론 — 검수 전
ASG-004297,DTY-02521,,유형,TG09,D08,SD08-1,SD08-2,확인필요,조건부 의무 — 보유·해당 여부 확인 필요,수시,180,,,조건부 의무 — 해당 여부 확인 필요 · 자산 대장 없음 — 보유 확인 필요
ASG-004298,DTY-02522,,유형,TG09,D08,SD08-1,SD08-2,확인필요,조건부 의무 — 보유·해당 여부 확인 필요,수시,180,,,조건부 의무 — 해당 여부 확인 필요 · 자산 대장 없음 — 보유 확인 필요 · 분류 추론 — 검수 전
ASG-004299,DTY-02523,,유형,TG09,D08,SD08-1,SD08-2,확인필요,조건부 의무 — 보유·해당 여부 확인 필요,수시,180,,,조건부 의무 — 해당 여부 확인 필요 · 자산 대장 없음 — 보유 확인 필요 · 분류 추론 — 검수 전
ASG-004300,DTY-02524,,유형,TG02,D05,SD05-1,SD05-2,확인필요,조건부 의무 — 보유·해당 여부 확인 필요,상시,365,,,조건부 의무 — 해당 여부 확인 필요
ASG-004301,DTY-02525,,유형,TG02,D05,SD05-1,SD05-2,확인필요,조건부 의무 — 보유·해당 여부 확인 필요,반기 1회,180,,,조건부 의무 — 해당 여부 확인 필요
ASG-004302,DTY-02526,,유형,TG02,D05,SD05-1,SD05-2,확인필요,조건부 의무 — 보유·해당 여부 확인 필요,수시,180,,,조건부 의무 — 해당 여부 확인 필요 · 분류 추론 — 검수 전
ASG-004303,DTY-02527,,유형,TG02,D05,SD05-1,SD05-2,확인필요,조건부 의무 — 보유·해당 여부 확인 필요,반기 1회,180,,,조건부 의무 — 해당 여부 확인 필요
ASG-004304,DTY-02528,,유형,TG02,D05,SD05-1,SD05-2,확인필요,조건부 의무 — 보유·해당 여부 확인 필요,반기 1회,180,,,조건부 의무 — 해당 여부 확인 필요
ASG-004305,DTY-02529,,유형,TG02,D05,SD05-1,SD05-2,확인필요,조건부 의무 — 보유·해당 여부 확인 필요,반기 1회,180,,,조건부 의무 — 해당 여부 확인 필요
ASG-004306,DTY-02530,,유형,TG02,D05,SD05-1,SD05-2,확인필요,조건부 의무 — 보유·해당 여부 확인 필요,상시,365,,,조건부 의무 — 해당 여부 확인 필요
ASG-004307,DTY-02531,,유형,TG02,D05,SD05-1,SD05-2,확인필요,조건부 의무 — 보유·해당 여부 확인 필요,수시,180,,,조건부 의무 — 해당 여부 확인 필요 · 분류 추론 — 검수 전
ASG-004308,DTY-02532,,유형,TG02,D05,SD05-1,SD05-2,확인필요,조건부 의무 — 보유·해당 여부 확인 필요,수시,180,,,조건부 의무 — 해당 여부 확인 필요 · 분류 추론 — 검수 전
ASG-004309,DTY-02533,,유형,TG02,D05,SD05-1,SD05-2,확인필요,조건부 의무 — 보유·해당 여부 확인 필요,수시,180,,,조건부 의무 — 해당 여부 확인 필요 · 분류 추론 — 검수 전
ASG-004310,DTY-02534,,유형,TG02,D05,SD05-1,SD05-2,확인필요,조건부 의무 — 보유·해당 여부 확인 필요,수시,180,,,조건부 의무 — 해당 여부 확인 필요 · 분류 추론 — 검수 전
ASG-004311,DTY-02535,,유형,TG14,D10,SD10-1,SD10-2,확인필요,조건부 의무 — 보유·해당 여부 확인 필요,반기 1회,180,,,조건부 의무 — 해당 여부 확인 필요 · 자산 대장 없음 — 보유 확인 필요
ASG-004312,DTY-02536,,유형,TG25,D02,SD02-1,SD02-2,확인필요,조건부 의무 — 보유·해당 여부 확인 필요,반기 1회,180,,,조건부 의무 — 해당 여부 확인 필요
ASG-004313,DTY-02537,,유형,TG25,D02,SD02-1,SD02-2,확인필요,조건부 의무 — 보유·해당 여부 확인 필요,반기 1회,180,,,조건부 의무 — 해당 여부 확인 필요
ASG-004314,DTY-02538,,유형,TG07,D07,SD07-1,SD07-2,확인필요,조건부 의무 — 보유·해당 여부 확인 필요,상시,365,,,조건부 의무 — 해당 여부 확인 필요 · 자산 대장 없음 — 보유 확인 필요
ASG-004315,DTY-02539,,유형,TG07,D07,SD07-1,SD07-2,확인필요,조건부 의무 — 보유·해당 여부 확인 필요,연1회,365,,,조건부 의무 — 해당 여부 확인 필요 · 자산 대장 없음 — 보유 확인 필요
ASG-004316,DTY-02540,,유형,TG07,D07,SD07-1,SD07-2,확인필요,조건부 의무 — 보유·해당 여부 확인 필요,연1회,365,,,조건부 의무 — 해당 여부 확인 필요 · 자산 대장 없음 — 보유 확인 필요
ASG-004317,DTY-02541,,유형,TG07,D07,SD07-1,SD07-2,확인필요,조건부 의무 — 보유·해당 여부 확인 필요,반기 1회,180,,,조건부 의무 — 해당 여부 확인 필요 · 자산 대장 없음 — 보유 확인 필요
ASG-004318,DTY-02542,,유형,TG07,D07,SD07-1,SD07-2,확인필요,조건부 의무 — 보유·해당 여부 확인 필요,상시,365,,,조건부 의무 — 해당 여부 확인 필요 · 자산 대장 없음 — 보유 확인 필요
ASG-004319,DTY-02543,,유형,TG07,D07,SD07-1,SD07-2,확인필요,조건부 의무 — 보유·해당 여부 확인 필요,연1회,365,,,조건부 의무 — 해당 여부 확인 필요 · 자산 대장 없음 — 보유 확인 필요 · 분류 추론 — 검수 전
ASG-004320,DTY-02544,,유형,TG07,D07,SD07-1,SD07-2,확인필요,조건부 의무 — 보유·해당 여부 확인 필요,상시,365,,,조건부 의무 — 해당 여부 확인 필요 · 자산 대장 없음 — 보유 확인 필요
ASG-004321,DTY-02545,,유형,TG04,D13,SD13-1,SD13-2,확인필요,조건부 의무 — 보유·해당 여부 확인 필요,연1회,365,,,조건부 의무 — 해당 여부 확인 필요 · 분류 추론 — 검수 전
ASG-004322,DTY-02546,,유형,TG04,D13,SD13-1,SD13-2,확인필요,조건부 의무 — 보유·해당 여부 확인 필요,연1회,365,,,조건부 의무 — 해당 여부 확인 필요 · 분류 추론 — 검수 전
ASG-004323,DTY-02547,,유형,TG04,D13,SD13-1,SD13-2,확인필요,조건부 의무 — 보유·해당 여부 확인 필요,연1회,365,,,조건부 의무 — 해당 여부 확인 필요
ASG-004324,DTY-02548,,유형,TG04,D13,SD13-1,SD13-2,확인필요,조건부 의무 — 보유·해당 여부 확인 필요,수시,180,,,조건부 의무 — 해당 여부 확인 필요
ASG-004325,DTY-02549,,유형,TG04,D13,SD13-1,SD13-2,확인필요,조건부 의무 — 보유·해당 여부 확인 필요,상시,365,,,조건부 의무 — 해당 여부 확인 필요
ASG-004326,DTY-02550,,유형,TG02,D05,SD05-1,SD05-2,확인필요,조건부 의무 — 보유·해당 여부 확인 필요,반기 1회,180,,,조건부 의무 — 해당 여부 확인 필요
ASG-004327,DTY-02551,,유형,TG05,D03,SD03-1,SD03-2,확인필요,조건부 의무 — 보유·해당 여부 확인 필요,반기 1회,180,,,조건부 의무 — 해당 여부 확인 필요 · 분류 추론 — 검수 전
ASG-004328,DTY-02552,,유형,TG05,D03,SD03-1,SD03-2,확인필요,조건부 의무 — 보유·해당 여부 확인 필요,상시,365,,,조건부 의무 — 해당 여부 확인 필요 · 분류 추론 — 검수 전
ASG-004329,DTY-02553,,유형,TG05,D03,SD03-1,SD03-2,확인필요,조건부 의무 — 보유·해당 여부 확인 필요,상시,365,,,조건부 의무 — 해당 여부 확인 필요 · 분류 추론 — 검수 전
ASG-004330,DTY-02554,,유형,TG05,D03,SD03-1,SD03-2,확인필요,조건부 의무 — 보유·해당 여부 확인 필요,상시,365,,,조건부 의무 — 해당 여부 확인 필요 · 분류 추론 — 검수 전
ASG-004331,DTY-02555,,유형,TG03,D03,SD03-1,SD03-2,확인필요,조건부 의무 — 보유·해당 여부 확인 필요,반기 1회,180,,,조건부 의무 — 해당 여부 확인 필요
ASG-004332,DTY-02556,,유형,TG03,D03,SD03-1,SD03-2,확인필요,조건부 의무 — 보유·해당 여부 확인 필요,상시,365,,,조건부 의무 — 해당 여부 확인 필요 · 분류 추론 — 검수 전
ASG-004333,DTY-02557,,유형,TG03,D03,SD03-1,SD03-2,확인필요,조건부 의무 — 보유·해당 여부 확인 필요,반기 1회,180,,,조건부 의무 — 해당 여부 확인 필요
ASG-004334,DTY-02558,,유형,TG03,D03,SD03-1,SD03-2,확인필요,조건부 의무 — 보유·해당 여부 확인 필요,반기 1회,180,,,조건부 의무 — 해당 여부 확인 필요 · 분류 추론 — 검수 전
ASG-004335,DTY-02559,,유형,TG03,D03,SD03-1,SD03-2,확인필요,조건부 의무 — 보유·해당 여부 확인 필요,수시,180,,,조건부 의무 — 해당 여부 확인 필요
ASG-004336,DTY-02560,,유형,TG01,D04,SD04-1,SD04-2,확인필요,조건부 의무 — 보유·해당 여부 확인 필요,연1회,365,,,조건부 의무 — 해당 여부 확인 필요 · 분류 추론 — 검수 전
ASG-004337,DTY-02561,,유형,TG01,D04,SD04-1,SD04-2,확인필요,조건부 의무 — 보유·해당 여부 확인 필요,연1회,365,,,조건부 의무 — 해당 여부 확인 필요 · 분류 추론 — 검수 전
ASG-004338,DTY-02562,,유형,TG01,D04,SD04-1,SD04-2,확인필요,조건부 의무 — 보유·해당 여부 확인 필요,연1회,365,,,조건부 의무 — 해당 여부 확인 필요 · 분류 추론 — 검수 전
ASG-004339,DTY-02563,,유형,TG01,D04,SD04-1,SD04-2,확인필요,조건부 의무 — 보유·해당 여부 확인 필요,연1회,365,,,조건부 의무 — 해당 여부 확인 필요 · 분류 추론 — 검수 전
ASG-004340,DTY-02564,,유형,TG01,D04,SD04-1,SD04-2,확인필요,조건부 의무 — 보유·해당 여부 확인 필요,연1회,365,,,조건부 의무 — 해당 여부 확인 필요
ASG-004341,DTY-02565,,유형,TG01,D04,SD04-1,SD04-2,확인필요,조건부 의무 — 보유·해당 여부 확인 필요,연1회,365,,,조건부 의무 — 해당 여부 확인 필요 · 분류 추론 — 검수 전
ASG-004342,DTY-02566,,유형,TG01,D04,SD04-1,SD04-2,확인필요,조건부 의무 — 보유·해당 여부 확인 필요,연1회,365,,,조건부 의무 — 해당 여부 확인 필요 · 분류 추론 — 검수 전
ASG-004343,DTY-02567,,유형,TG01,D04,SD04-1,SD04-2,확인필요,조건부 의무 — 보유·해당 여부 확인 필요,연1회,365,,,조건부 의무 — 해당 여부 확인 필요 · 분류 추론 — 검수 전
ASG-004344,DTY-02568,,유형,TG01,D04,SD04-1,SD04-2,확인필요,조건부 의무 — 보유·해당 여부 확인 필요,연1회,365,,,조건부 의무 — 해당 여부 확인 필요 · 분류 추론 — 검수 전
ASG-004345,DTY-02569,,유형,TG01,D04,SD04-1,SD04-2,확인필요,조건부 의무 — 보유·해당 여부 확인 필요,연1회,365,,,조건부 의무 — 해당 여부 확인 필요 · 분류 추론 — 검수 전
ASG-004346,DTY-02570,,유형,TG01,D04,SD04-1,SD04-2,확인필요,조건부 의무 — 보유·해당 여부 확인 필요,연1회,365,,,조건부 의무 — 해당 여부 확인 필요 · 분류 추론 — 검수 전
ASG-004347,DTY-02571,,유형,TG01,D04,SD04-1,SD04-2,확인필요,조건부 의무 — 보유·해당 여부 확인 필요,연1회,365,,,조건부 의무 — 해당 여부 확인 필요 · 분류 추론 — 검수 전
ASG-004348,DTY-02572,,유형,TG01,D04,SD04-1,SD04-2,확인필요,조건부 의무 — 보유·해당 여부 확인 필요,연1회,365,,,조건부 의무 — 해당 여부 확인 필요 · 분류 추론 — 검수 전
ASG-004349,DTY-02573,,유형,TG01,D04,SD04-1,SD04-2,확인필요,조건부 의무 — 보유·해당 여부 확인 필요,연1회,365,,,조건부 의무 — 해당 여부 확인 필요 · 분류 추론 — 검수 전
ASG-004350,DTY-02574,,유형,TG01,D04,SD04-1,SD04-2,확인필요,조건부 의무 — 보유·해당 여부 확인 필요,연1회,365,,,조건부 의무 — 해당 여부 확인 필요 · 분류 추론 — 검수 전
ASG-004351,DTY-02575,,유형,TG01,D04,SD04-1,SD04-2,확인필요,조건부 의무 — 보유·해당 여부 확인 필요,연1회,365,,,조건부 의무 — 해당 여부 확인 필요 · 분류 추론 — 검수 전
ASG-004352,DTY-02576,,유형,TG01,D04,SD04-1,SD04-2,확인필요,조건부 의무 — 보유·해당 여부 확인 필요,연1회,365,,,조건부 의무 — 해당 여부 확인 필요
ASG-004353,DTY-02577,,유형,TG01,D04,SD04-1,SD04-2,확인필요,조건부 의무 — 보유·해당 여부 확인 필요,연1회,365,,,조건부 의무 — 해당 여부 확인 필요 · 분류 추론 — 검수 전
ASG-004354,DTY-02578,,유형,TG01,D04,SD04-1,SD04-2,확인필요,조건부 의무 — 보유·해당 여부 확인 필요,연1회,365,,,조건부 의무 — 해당 여부 확인 필요 · 분류 추론 — 검수 전
ASG-004355,DTY-02579,,유형,TG16,D09,SD09-1,SD09-2,확인필요,조건부 의무 — 보유·해당 여부 확인 필요,상시,365,,,조건부 의무 — 해당 여부 확인 필요 · 자산 대장 없음 — 보유 확인 필요
ASG-004356,DTY-02580,,유형,TG16,D09,SD09-1,SD09-2,확인필요,조건부 의무 — 보유·해당 여부 확인 필요,상시,365,,,조건부 의무 — 해당 여부 확인 필요 · 자산 대장 없음 — 보유 확인 필요
ASG-004357,DTY-02581,,유형,TG16,D09,SD09-1,SD09-2,확인필요,조건부 의무 — 보유·해당 여부 확인 필요,반기 1회,180,,,조건부 의무 — 해당 여부 확인 필요 · 자산 대장 없음 — 보유 확인 필요
ASG-004358,DTY-02582,,유형,TG16,D09,SD09-1,SD09-2,확인필요,조건부 의무 — 보유·해당 여부 확인 필요,반기 1회,180,,,조건부 의무 — 해당 여부 확인 필요 · 자산 대장 없음 — 보유 확인 필요
ASG-004359,DTY-02583,,유형,TG16,D09,SD09-1,SD09-2,확인필요,조건부 의무 — 보유·해당 여부 확인 필요,수시,180,,,조건부 의무 — 해당 여부 확인 필요 · 자산 대장 없음 — 보유 확인 필요
ASG-004360,DTY-02584,,유형,TG16,D09,SD09-1,SD09-2,확인필요,조건부 의무 — 보유·해당 여부 확인 필요,반기 1회,180,,,조건부 의무 — 해당 여부 확인 필요 · 자산 대장 없음 — 보유 확인 필요
ASG-004361,DTY-02585,,유형,TG16,D09,SD09-1,SD09-2,확인필요,조건부 의무 — 보유·해당 여부 확인 필요,반기 1회,180,,,조건부 의무 — 해당 여부 확인 필요 · 자산 대장 없음 — 보유 확인 필요
ASG-004362,DTY-02586,,유형,TG16,D09,SD09-1,SD09-2,확인필요,조건부 의무 — 보유·해당 여부 확인 필요,반기 1회,180,,,조건부 의무 — 해당 여부 확인 필요 · 자산 대장 없음 — 보유 확인 필요
ASG-004363,DTY-02587,,유형,TG16,D09,SD09-1,SD09-2,확인필요,조건부 의무 — 보유·해당 여부 확인 필요,반기 1회,180,,,조건부 의무 — 해당 여부 확인 필요 · 자산 대장 없음 — 보유 확인 필요
ASG-004364,DTY-02588,,유형,TG16,D09,SD09-1,SD09-2,확인필요,조건부 의무 — 보유·해당 여부 확인 필요,상시,365,,,조건부 의무 — 해당 여부 확인 필요 · 자산 대장 없음 — 보유 확인 필요
ASG-004365,DTY-02589,,유형,TG25,D02,SD02-1,SD02-2,확인필요,조건부 의무 — 보유·해당 여부 확인 필요,상시,365,,,조건부 의무 — 해당 여부 확인 필요 · 분류 추론 — 검수 전
ASG-004366,DTY-02590,,유형,TG25,D02,SD02-1,SD02-2,확인필요,조건부 의무 — 보유·해당 여부 확인 필요,반기 1회,180,,,조건부 의무 — 해당 여부 확인 필요 · 분류 추론 — 검수 전
ASG-004367,DTY-02591,,유형,TG25,D02,SD02-1,SD02-2,확인필요,조건부 의무 — 보유·해당 여부 확인 필요,반기 1회,180,,,조건부 의무 — 해당 여부 확인 필요 · 분류 추론 — 검수 전
ASG-004368,DTY-02592,,유형,TG25,D02,SD02-1,SD02-2,확인필요,조건부 의무 — 보유·해당 여부 확인 필요,반기 1회,180,,,조건부 의무 — 해당 여부 확인 필요 · 분류 추론 — 검수 전
ASG-004369,DTY-02593,,유형,TG25,D02,SD02-1,SD02-2,확인필요,조건부 의무 — 보유·해당 여부 확인 필요,반기 1회,180,,,조건부 의무 — 해당 여부 확인 필요 · 분류 추론 — 검수 전
ASG-004370,DTY-02594,,유형,TG13,D09,SD09-1,SD09-2,확인필요,조건부 의무 — 보유·해당 여부 확인 필요,반기 1회,180,,,조건부 의무 — 해당 여부 확인 필요 · 분류 추론 — 검수 전
ASG-004371,DTY-02595,,유형,TG25,D02,SD02-1,SD02-2,확인필요,조건부 의무 — 보유·해당 여부 확인 필요,반기 1회,180,,,조건부 의무 — 해당 여부 확인 필요 · 분류 추론 — 검수 전
ASG-004372,DTY-02596,,유형,TG08,D06,SD06-1,SD06-2,확인필요,조건부 의무 — 보유·해당 여부 확인 필요,상시,365,,,조건부 의무 — 해당 여부 확인 필요 · 자산 대장 없음 — 보유 확인 필요 · 분류 추론 — 검수 전
ASG-004373,DTY-02597,,유형,TG25,D02,SD02-1,SD02-2,확인필요,조건부 의무 — 보유·해당 여부 확인 필요,상시,365,,,조건부 의무 — 해당 여부 확인 필요 · 분류 추론 — 검수 전
ASG-004374,DTY-02598,,유형,TG07,D07,SD07-1,SD07-2,확인필요,조건부 의무 — 보유·해당 여부 확인 필요,상시,365,,,조건부 의무 — 해당 여부 확인 필요 · 자산 대장 없음 — 보유 확인 필요 · 분류 추론 — 검수 전
ASG-004375,DTY-02599,,유형,TG07,D07,SD07-1,SD07-2,확인필요,조건부 의무 — 보유·해당 여부 확인 필요,상시,365,,,조건부 의무 — 해당 여부 확인 필요 · 자산 대장 없음 — 보유 확인 필요 · 분류 추론 — 검수 전
ASG-004376,DTY-02600,,유형,TG07,D07,SD07-1,SD07-2,확인필요,조건부 의무 — 보유·해당 여부 확인 필요,상시,365,,,조건부 의무 — 해당 여부 확인 필요 · 자산 대장 없음 — 보유 확인 필요 · 분류 추론 — 검수 전
ASG-004377,DTY-02601,,유형,TG07,D07,SD07-1,SD07-2,확인필요,조건부 의무 — 보유·해당 여부 확인 필요,상시,365,,,조건부 의무 — 해당 여부 확인 필요 · 자산 대장 없음 — 보유 확인 필요 · 분류 추론 — 검수 전
ASG-004378,DTY-02602,,유형,TG07,D07,SD07-1,SD07-2,확인필요,조건부 의무 — 보유·해당 여부 확인 필요,상시,365,,,조건부 의무 — 해당 여부 확인 필요 · 자산 대장 없음 — 보유 확인 필요 · 분류 추론 — 검수 전
ASG-004379,DTY-02603,,유형,TG07,D07,SD07-1,SD07-2,확인필요,조건부 의무 — 보유·해당 여부 확인 필요,상시,365,,,조건부 의무 — 해당 여부 확인 필요 · 자산 대장 없음 — 보유 확인 필요 · 분류 추론 — 검수 전
ASG-004380,DTY-02604,,유형,TG07,D07,SD07-1,SD07-2,확인필요,조건부 의무 — 보유·해당 여부 확인 필요,상시,365,,,조건부 의무 — 해당 여부 확인 필요 · 자산 대장 없음 — 보유 확인 필요 · 분류 추론 — 검수 전
ASG-004381,DTY-02605,,유형,TG07,D07,SD07-1,SD07-2,확인필요,조건부 의무 — 보유·해당 여부 확인 필요,상시,365,,,조건부 의무 — 해당 여부 확인 필요 · 자산 대장 없음 — 보유 확인 필요 · 분류 추론 — 검수 전
ASG-004382,DTY-02606,,유형,TG07,D07,SD07-1,SD07-2,확인필요,조건부 의무 — 보유·해당 여부 확인 필요,상시,365,,,조건부 의무 — 해당 여부 확인 필요 · 자산 대장 없음 — 보유 확인 필요 · 분류 추론 — 검수 전
ASG-004383,DTY-02607,,유형,TG07,D07,SD07-1,SD07-2,확인필요,조건부 의무 — 보유·해당 여부 확인 필요,반기 1회,180,,,조건부 의무 — 해당 여부 확인 필요 · 자산 대장 없음 — 보유 확인 필요 · 분류 추론 — 검수 전
ASG-004384,DTY-02608,,유형,TG07,D07,SD07-1,SD07-2,확인필요,조건부 의무 — 보유·해당 여부 확인 필요,반기 1회,180,,,조건부 의무 — 해당 여부 확인 필요 · 자산 대장 없음 — 보유 확인 필요 · 분류 추론 — 검수 전
ASG-004385,DTY-02609,,유형,TG07,D07,SD07-1,SD07-2,확인필요,조건부 의무 — 보유·해당 여부 확인 필요,상시,365,,,조건부 의무 — 해당 여부 확인 필요 · 자산 대장 없음 — 보유 확인 필요 · 분류 추론 — 검수 전
ASG-004386,DTY-02610,,유형,TG07,D07,SD07-1,SD07-2,확인필요,조건부 의무 — 보유·해당 여부 확인 필요,상시,365,,,조건부 의무 — 해당 여부 확인 필요 · 자산 대장 없음 — 보유 확인 필요 · 분류 추론 — 검수 전
ASG-004387,DTY-02611,,유형,TG07,D07,SD07-1,SD07-2,확인필요,조건부 의무 — 보유·해당 여부 확인 필요,상시,365,,,조건부 의무 — 해당 여부 확인 필요 · 자산 대장 없음 — 보유 확인 필요 · 분류 추론 — 검수 전
ASG-004388,DTY-02612,,유형,TG07,D07,SD07-1,SD07-2,확인필요,조건부 의무 — 보유·해당 여부 확인 필요,상시,365,,,조건부 의무 — 해당 여부 확인 필요 · 자산 대장 없음 — 보유 확인 필요 · 분류 추론 — 검수 전
ASG-004389,DTY-02613,,유형,TG07,D07,SD07-1,SD07-2,확인필요,조건부 의무 — 보유·해당 여부 확인 필요,상시,365,,,조건부 의무 — 해당 여부 확인 필요 · 자산 대장 없음 — 보유 확인 필요 · 분류 추론 — 검수 전
ASG-004390,DTY-02614,,유형,TG07,D07,SD07-1,SD07-2,확인필요,조건부 의무 — 보유·해당 여부 확인 필요,상시,365,,,조건부 의무 — 해당 여부 확인 필요 · 자산 대장 없음 — 보유 확인 필요 · 분류 추론 — 검수 전
ASG-004391,DTY-02615,,유형,TG07,D07,SD07-1,SD07-2,확인필요,조건부 의무 — 보유·해당 여부 확인 필요,상시,365,,,조건부 의무 — 해당 여부 확인 필요 · 자산 대장 없음 — 보유 확인 필요 · 분류 추론 — 검수 전
ASG-004392,DTY-02616,,유형,TG07,D07,SD07-1,SD07-2,확인필요,조건부 의무 — 보유·해당 여부 확인 필요,상시,365,,,조건부 의무 — 해당 여부 확인 필요 · 자산 대장 없음 — 보유 확인 필요 · 분류 추론 — 검수 전
ASG-004393,DTY-02617,,유형,TG04,D13,SD13-1,SD13-2,확인필요,조건부 의무 — 보유·해당 여부 확인 필요,반기 1회,180,,,조건부 의무 — 해당 여부 확인 필요
ASG-004394,DTY-02618,,유형,TG04,D13,SD13-1,SD13-2,확인필요,조건부 의무 — 보유·해당 여부 확인 필요,반기 1회,180,,,조건부 의무 — 해당 여부 확인 필요
ASG-004395,DTY-02619,,유형,TG04,D13,SD13-1,SD13-2,확인필요,조건부 의무 — 보유·해당 여부 확인 필요,연1회,365,,,조건부 의무 — 해당 여부 확인 필요
ASG-004396,DTY-02620,,유형,TG04,D13,SD13-1,SD13-2,확인필요,조건부 의무 — 보유·해당 여부 확인 필요,반기 1회,180,,,조건부 의무 — 해당 여부 확인 필요 · 분류 추론 — 검수 전
ASG-004397,DTY-02621,,유형,TG09,D08,SD08-1,SD08-2,확인필요,조건부 의무 — 보유·해당 여부 확인 필요,반기 1회,180,,,조건부 의무 — 해당 여부 확인 필요 · 자산 대장 없음 — 보유 확인 필요 · 분류 추론 — 검수 전
ASG-004398,DTY-02622,,유형,TG09,D08,SD08-1,SD08-2,확인필요,조건부 의무 — 보유·해당 여부 확인 필요,상시,365,,,조건부 의무 — 해당 여부 확인 필요 · 자산 대장 없음 — 보유 확인 필요 · 분류 추론 — 검수 전
ASG-004399,DTY-02623,,유형,TG09,D08,SD08-1,SD08-2,확인필요,조건부 의무 — 보유·해당 여부 확인 필요,상시,365,,,조건부 의무 — 해당 여부 확인 필요 · 자산 대장 없음 — 보유 확인 필요 · 분류 추론 — 검수 전
ASG-004400,DTY-02624,,유형,TG01,D04,SD04-1,SD04-2,확인필요,조건부 의무 — 보유·해당 여부 확인 필요,상시,365,,,조건부 의무 — 해당 여부 확인 필요 · 분류 추론 — 검수 전
ASG-004401,DTY-02625,,유형,TG09,D08,SD08-1,SD08-2,확인필요,조건부 의무 — 보유·해당 여부 확인 필요,상시,365,,,조건부 의무 — 해당 여부 확인 필요 · 자산 대장 없음 — 보유 확인 필요 · 분류 추론 — 검수 전
ASG-004402,DTY-02626,,유형,TG09,D08,SD08-1,SD08-2,확인필요,조건부 의무 — 보유·해당 여부 확인 필요,상시,365,,,조건부 의무 — 해당 여부 확인 필요 · 자산 대장 없음 — 보유 확인 필요 · 분류 추론 — 검수 전
ASG-004403,DTY-02627,,유형,TG09,D08,SD08-1,SD08-2,확인필요,조건부 의무 — 보유·해당 여부 확인 필요,연1회,365,,,조건부 의무 — 해당 여부 확인 필요 · 자산 대장 없음 — 보유 확인 필요 · 분류 추론 — 검수 전
ASG-004404,DTY-02628,,유형,TG09,D08,SD08-1,SD08-2,확인필요,조건부 의무 — 보유·해당 여부 확인 필요,연1회,365,,,조건부 의무 — 해당 여부 확인 필요 · 자산 대장 없음 — 보유 확인 필요 · 분류 추론 — 검수 전
ASG-004405,DTY-02629,,유형,TG09,D08,SD08-1,SD08-2,확인필요,조건부 의무 — 보유·해당 여부 확인 필요,연1회,365,,,조건부 의무 — 해당 여부 확인 필요 · 자산 대장 없음 — 보유 확인 필요 · 분류 추론 — 검수 전
ASG-004406,DTY-02630,,유형,TG09,D08,SD08-1,SD08-2,확인필요,조건부 의무 — 보유·해당 여부 확인 필요,연1회,365,,,조건부 의무 — 해당 여부 확인 필요 · 자산 대장 없음 — 보유 확인 필요 · 분류 추론 — 검수 전
ASG-004407,DTY-02631,,유형,TG09,D08,SD08-1,SD08-2,확인필요,조건부 의무 — 보유·해당 여부 확인 필요,연1회,365,,,조건부 의무 — 해당 여부 확인 필요 · 자산 대장 없음 — 보유 확인 필요 · 분류 추론 — 검수 전
ASG-004408,DTY-02632,,유형,TG09,D08,SD08-1,SD08-2,확인필요,조건부 의무 — 보유·해당 여부 확인 필요,연1회,365,,,조건부 의무 — 해당 여부 확인 필요 · 자산 대장 없음 — 보유 확인 필요 · 분류 추론 — 검수 전
ASG-004409,DTY-02633,,유형,TG09,D08,SD08-1,SD08-2,확인필요,조건부 의무 — 보유·해당 여부 확인 필요,연1회,365,,,조건부 의무 — 해당 여부 확인 필요 · 자산 대장 없음 — 보유 확인 필요 · 분류 추론 — 검수 전
ASG-004410,DTY-02634,,유형,TG09,D08,SD08-1,SD08-2,확인필요,조건부 의무 — 보유·해당 여부 확인 필요,연1회,365,,,조건부 의무 — 해당 여부 확인 필요 · 자산 대장 없음 — 보유 확인 필요 · 분류 추론 — 검수 전
ASG-004411,DTY-02635,,유형,TG09,D08,SD08-1,SD08-2,확인필요,조건부 의무 — 보유·해당 여부 확인 필요,연1회,365,,,조건부 의무 — 해당 여부 확인 필요 · 자산 대장 없음 — 보유 확인 필요 · 분류 추론 — 검수 전
ASG-004412,DTY-02636,,유형,TG09,D08,SD08-1,SD08-2,확인필요,조건부 의무 — 보유·해당 여부 확인 필요,연1회,365,,,조건부 의무 — 해당 여부 확인 필요 · 자산 대장 없음 — 보유 확인 필요 · 분류 추론 — 검수 전
ASG-004413,DTY-02637,,유형,TG09,D08,SD08-1,SD08-2,확인필요,조건부 의무 — 보유·해당 여부 확인 필요,연1회,365,,,조건부 의무 — 해당 여부 확인 필요 · 자산 대장 없음 — 보유 확인 필요 · 분류 추론 — 검수 전
ASG-004414,DTY-02638,,유형,TG09,D08,SD08-1,SD08-2,확인필요,조건부 의무 — 보유·해당 여부 확인 필요,연1회,365,,,조건부 의무 — 해당 여부 확인 필요 · 자산 대장 없음 — 보유 확인 필요 · 분류 추론 — 검수 전
ASG-004415,DTY-02639,,유형,TG09,D08,SD08-1,SD08-2,확인필요,조건부 의무 — 보유·해당 여부 확인 필요,연1회,365,,,조건부 의무 — 해당 여부 확인 필요 · 자산 대장 없음 — 보유 확인 필요 · 분류 추론 — 검수 전
ASG-004416,DTY-02640,,유형,TG09,D08,SD08-1,SD08-2,확인필요,조건부 의무 — 보유·해당 여부 확인 필요,연1회,365,,,조건부 의무 — 해당 여부 확인 필요 · 자산 대장 없음 — 보유 확인 필요 · 분류 추론 — 검수 전
ASG-004417,DTY-02641,,유형,TG09,D08,SD08-1,SD08-2,확인필요,조건부 의무 — 보유·해당 여부 확인 필요,연1회,365,,,조건부 의무 — 해당 여부 확인 필요 · 자산 대장 없음 — 보유 확인 필요 · 분류 추론 — 검수 전
ASG-004418,DTY-02642,,유형,TG09,D08,SD08-1,SD08-2,확인필요,조건부 의무 — 보유·해당 여부 확인 필요,연1회,365,,,조건부 의무 — 해당 여부 확인 필요 · 자산 대장 없음 — 보유 확인 필요 · 분류 추론 — 검수 전
ASG-004419,DTY-02643,,유형,TG09,D08,SD08-1,SD08-2,확인필요,조건부 의무 — 보유·해당 여부 확인 필요,연1회,365,,,조건부 의무 — 해당 여부 확인 필요 · 자산 대장 없음 — 보유 확인 필요 · 분류 추론 — 검수 전
ASG-004420,DTY-02644,,유형,TG09,D08,SD08-1,SD08-2,확인필요,조건부 의무 — 보유·해당 여부 확인 필요,연1회,365,,,조건부 의무 — 해당 여부 확인 필요 · 자산 대장 없음 — 보유 확인 필요 · 분류 추론 — 검수 전
ASG-004421,DTY-02645,,유형,TG09,D08,SD08-1,SD08-2,확인필요,조건부 의무 — 보유·해당 여부 확인 필요,연1회,365,,,조건부 의무 — 해당 여부 확인 필요 · 자산 대장 없음 — 보유 확인 필요 · 분류 추론 — 검수 전
ASG-004422,DTY-02646,,유형,TG09,D08,SD08-1,SD08-2,확인필요,조건부 의무 — 보유·해당 여부 확인 필요,연1회,365,,,조건부 의무 — 해당 여부 확인 필요 · 자산 대장 없음 — 보유 확인 필요 · 분류 추론 — 검수 전
ASG-004423,DTY-02647,,유형,TG09,D08,SD08-1,SD08-2,확인필요,조건부 의무 — 보유·해당 여부 확인 필요,연1회,365,,,조건부 의무 — 해당 여부 확인 필요 · 자산 대장 없음 — 보유 확인 필요 · 분류 추론 — 검수 전
ASG-004424,DTY-02648,,유형,TG02,D05,SD05-1,SD05-2,확인필요,조건부 의무 — 보유·해당 여부 확인 필요,상시,365,,,조건부 의무 — 해당 여부 확인 필요 · 분류 추론 — 검수 전
ASG-004425,DTY-02649,,유형,TG02,D05,SD05-1,SD05-2,확인필요,조건부 의무 — 보유·해당 여부 확인 필요,상시,365,,,조건부 의무 — 해당 여부 확인 필요 · 분류 추론 — 검수 전
ASG-004426,DTY-02650,,유형,TG02,D05,SD05-1,SD05-2,확인필요,조건부 의무 — 보유·해당 여부 확인 필요,상시,365,,,조건부 의무 — 해당 여부 확인 필요 · 분류 추론 — 검수 전
ASG-004427,DTY-02651,,유형,TG02,D05,SD05-1,SD05-2,확인필요,조건부 의무 — 보유·해당 여부 확인 필요,상시,365,,,조건부 의무 — 해당 여부 확인 필요 · 분류 추론 — 검수 전
ASG-004428,DTY-02652,,유형,TG02,D05,SD05-1,SD05-2,확인필요,조건부 의무 — 보유·해당 여부 확인 필요,상시,365,,,조건부 의무 — 해당 여부 확인 필요 · 분류 추론 — 검수 전
ASG-004429,DTY-02653,,유형,TG02,D05,SD05-1,SD05-2,확인필요,조건부 의무 — 보유·해당 여부 확인 필요,상시,365,,,조건부 의무 — 해당 여부 확인 필요 · 분류 추론 — 검수 전
ASG-004430,DTY-02654,,유형,TG02,D05,SD05-1,SD05-2,확인필요,조건부 의무 — 보유·해당 여부 확인 필요,상시,365,,,조건부 의무 — 해당 여부 확인 필요 · 분류 추론 — 검수 전
ASG-004431,DTY-02655,,유형,TG02,D05,SD05-1,SD05-2,확인필요,조건부 의무 — 보유·해당 여부 확인 필요,상시,365,,,조건부 의무 — 해당 여부 확인 필요 · 분류 추론 — 검수 전
ASG-004432,DTY-02656,,유형,TG02,D05,SD05-1,SD05-2,확인필요,조건부 의무 — 보유·해당 여부 확인 필요,상시,365,,,조건부 의무 — 해당 여부 확인 필요 · 분류 추론 — 검수 전
ASG-004433,DTY-02657,,유형,TG02,D05,SD05-1,SD05-2,확인필요,조건부 의무 — 보유·해당 여부 확인 필요,상시,365,,,조건부 의무 — 해당 여부 확인 필요 · 분류 추론 — 검수 전
ASG-004434,DTY-02658,,유형,TG02,D05,SD05-1,SD05-2,확인필요,조건부 의무 — 보유·해당 여부 확인 필요,상시,365,,,조건부 의무 — 해당 여부 확인 필요 · 분류 추론 — 검수 전
ASG-004435,DTY-02659,,유형,TG02,D05,SD05-1,SD05-2,확인필요,조건부 의무 — 보유·해당 여부 확인 필요,상시,365,,,조건부 의무 — 해당 여부 확인 필요 · 분류 추론 — 검수 전
ASG-004436,DTY-02660,,유형,TG02,D05,SD05-1,SD05-2,확인필요,조건부 의무 — 보유·해당 여부 확인 필요,상시,365,,,조건부 의무 — 해당 여부 확인 필요 · 분류 추론 — 검수 전
ASG-004437,DTY-02661,,유형,TG02,D05,SD05-1,SD05-2,확인필요,조건부 의무 — 보유·해당 여부 확인 필요,상시,365,,,조건부 의무 — 해당 여부 확인 필요 · 분류 추론 — 검수 전
ASG-004438,DTY-02662,,유형,TG02,D05,SD05-1,SD05-2,확인필요,조건부 의무 — 보유·해당 여부 확인 필요,상시,365,,,조건부 의무 — 해당 여부 확인 필요 · 분류 추론 — 검수 전
ASG-004439,DTY-02663,,유형,TG02,D05,SD05-1,SD05-2,확인필요,조건부 의무 — 보유·해당 여부 확인 필요,상시,365,,,조건부 의무 — 해당 여부 확인 필요 · 분류 추론 — 검수 전
ASG-004440,DTY-02664,,유형,TG02,D05,SD05-1,SD05-2,확인필요,조건부 의무 — 보유·해당 여부 확인 필요,상시,365,,,조건부 의무 — 해당 여부 확인 필요 · 분류 추론 — 검수 전
ASG-004441,DTY-02665,,유형,TG02,D05,SD05-1,SD05-2,확인필요,조건부 의무 — 보유·해당 여부 확인 필요,상시,365,,,조건부 의무 — 해당 여부 확인 필요 · 분류 추론 — 검수 전
ASG-004442,DTY-02666,,유형,TG02,D05,SD05-1,SD05-2,확인필요,조건부 의무 — 보유·해당 여부 확인 필요,상시,365,,,조건부 의무 — 해당 여부 확인 필요 · 분류 추론 — 검수 전
ASG-004443,DTY-02667,,유형,TG02,D05,SD05-1,SD05-2,확인필요,조건부 의무 — 보유·해당 여부 확인 필요,상시,365,,,조건부 의무 — 해당 여부 확인 필요 · 분류 추론 — 검수 전
ASG-004444,DTY-02668,,유형,TG02,D05,SD05-1,SD05-2,확인필요,조건부 의무 — 보유·해당 여부 확인 필요,상시,365,,,조건부 의무 — 해당 여부 확인 필요 · 분류 추론 — 검수 전
ASG-004445,DTY-02669,,유형,TG02,D05,SD05-1,SD05-2,확인필요,조건부 의무 — 보유·해당 여부 확인 필요,상시,365,,,조건부 의무 — 해당 여부 확인 필요 · 분류 추론 — 검수 전
ASG-004446,DTY-02670,,유형,TG02,D05,SD05-1,SD05-2,확인필요,조건부 의무 — 보유·해당 여부 확인 필요,상시,365,,,조건부 의무 — 해당 여부 확인 필요 · 분류 추론 — 검수 전
ASG-004447,DTY-02671,,유형,TG02,D05,SD05-1,SD05-2,확인필요,조건부 의무 — 보유·해당 여부 확인 필요,상시,365,,,조건부 의무 — 해당 여부 확인 필요 · 분류 추론 — 검수 전
ASG-004448,DTY-02672,,유형,TG02,D05,SD05-1,SD05-2,확인필요,조건부 의무 — 보유·해당 여부 확인 필요,상시,365,,,조건부 의무 — 해당 여부 확인 필요 · 분류 추론 — 검수 전
ASG-004449,DTY-02673,,유형,TG02,D05,SD05-1,SD05-2,확인필요,조건부 의무 — 보유·해당 여부 확인 필요,상시,365,,,조건부 의무 — 해당 여부 확인 필요 · 분류 추론 — 검수 전
ASG-004450,DTY-02674,,유형,TG02,D05,SD05-1,SD05-2,확인필요,조건부 의무 — 보유·해당 여부 확인 필요,상시,365,,,조건부 의무 — 해당 여부 확인 필요 · 분류 추론 — 검수 전
ASG-004451,DTY-02675,,유형,TG02,D05,SD05-1,SD05-2,확인필요,조건부 의무 — 보유·해당 여부 확인 필요,상시,365,,,조건부 의무 — 해당 여부 확인 필요 · 분류 추론 — 검수 전
ASG-004452,DTY-02676,,유형,TG05,D03,SD03-1,SD03-2,확인필요,조건부 의무 — 보유·해당 여부 확인 필요,연1회,365,,,조건부 의무 — 해당 여부 확인 필요
ASG-004453,DTY-02677,,유형,TG11,D11,SD11-1,SD11-2,확인필요,조건부 의무 — 보유·해당 여부 확인 필요,연1회,365,,,조건부 의무 — 해당 여부 확인 필요 · 자산 대장 없음 — 보유 확인 필요
ASG-004454,DTY-02678,,유형,TG10,D09,SD09-1,SD09-2,확인필요,조건부 의무 — 보유·해당 여부 확인 필요,연1회,365,,,조건부 의무 — 해당 여부 확인 필요 · 자산 대장 없음 — 보유 확인 필요 · 분류 추론 — 검수 전
ASG-004455,DTY-02679,,유형,TG01,D04,SD04-1,SD04-2,확인필요,조건부 의무 — 보유·해당 여부 확인 필요,연1회,365,,,조건부 의무 — 해당 여부 확인 필요
ASG-004456,DTY-02680,,유형,TG25,D02,SD02-1,SD02-2,확인필요,조건부 의무 — 보유·해당 여부 확인 필요,연1회,365,,,조건부 의무 — 해당 여부 확인 필요
ASG-004457,DTY-02681,,유형,TG07,D07,SD07-1,SD07-2,확인필요,조건부 의무 — 보유·해당 여부 확인 필요,연1회,365,,,조건부 의무 — 해당 여부 확인 필요 · 자산 대장 없음 — 보유 확인 필요
ASG-004458,DTY-02682,,유형,TG07,D07,SD07-1,SD07-2,확인필요,조건부 의무 — 보유·해당 여부 확인 필요,연1회,365,,,조건부 의무 — 해당 여부 확인 필요 · 자산 대장 없음 — 보유 확인 필요
ASG-004459,DTY-02683,,유형,TG07,D07,SD07-1,SD07-2,확인필요,조건부 의무 — 보유·해당 여부 확인 필요,연1회,365,,,조건부 의무 — 해당 여부 확인 필요 · 자산 대장 없음 — 보유 확인 필요
ASG-004460,DTY-02684,,유형,TG07,D07,SD07-1,SD07-2,확인필요,조건부 의무 — 보유·해당 여부 확인 필요,연1회,365,,,조건부 의무 — 해당 여부 확인 필요 · 자산 대장 없음 — 보유 확인 필요
ASG-004461,DTY-02685,,유형,TG07,D07,SD07-1,SD07-2,확인필요,조건부 의무 — 보유·해당 여부 확인 필요,연1회,365,,,조건부 의무 — 해당 여부 확인 필요 · 자산 대장 없음 — 보유 확인 필요
ASG-004462,DTY-02686,,유형,TG07,D07,SD07-1,SD07-2,확인필요,조건부 의무 — 보유·해당 여부 확인 필요,연1회,365,,,조건부 의무 — 해당 여부 확인 필요 · 자산 대장 없음 — 보유 확인 필요
ASG-004463,DTY-02687,,유형,TG07,D07,SD07-1,SD07-2,확인필요,조건부 의무 — 보유·해당 여부 확인 필요,연1회,365,,,조건부 의무 — 해당 여부 확인 필요 · 자산 대장 없음 — 보유 확인 필요
ASG-004464,DTY-02688,,유형,TG09,D08,SD08-1,SD08-2,확인필요,조건부 의무 — 보유·해당 여부 확인 필요,연1회,365,,,조건부 의무 — 해당 여부 확인 필요 · 자산 대장 없음 — 보유 확인 필요
ASG-004465,DTY-02689,,유형,TG09,D08,SD08-1,SD08-2,확인필요,조건부 의무 — 보유·해당 여부 확인 필요,연1회,365,,,조건부 의무 — 해당 여부 확인 필요 · 자산 대장 없음 — 보유 확인 필요
ASG-004466,DTY-02690,,유형,TG02,D05,SD05-1,SD05-2,확인필요,조건부 의무 — 보유·해당 여부 확인 필요,연1회,365,,,조건부 의무 — 해당 여부 확인 필요
ASG-004467,DTY-02691,,유형,TG02,D05,SD05-1,SD05-2,확인필요,조건부 의무 — 보유·해당 여부 확인 필요,연1회,365,,,조건부 의무 — 해당 여부 확인 필요
ASG-004468,DTY-02692,,유형,TG02,D05,SD05-1,SD05-2,확인필요,조건부 의무 — 보유·해당 여부 확인 필요,연1회,365,,,조건부 의무 — 해당 여부 확인 필요
ASG-004469,DTY-02693,,유형,TG16,D09,SD09-1,SD09-2,확인필요,조건부 의무 — 보유·해당 여부 확인 필요,수시,180,,,조건부 의무 — 해당 여부 확인 필요 · 자산 대장 없음 — 보유 확인 필요
ASG-004470,DTY-02694,,유형,TG16,D09,SD09-1,SD09-2,확인필요,조건부 의무 — 보유·해당 여부 확인 필요,수시,180,,,조건부 의무 — 해당 여부 확인 필요 · 자산 대장 없음 — 보유 확인 필요
ASG-004471,DTY-02695,,유형,TG18,D09,SD09-1,SD09-2,확인필요,조건부 의무 — 보유·해당 여부 확인 필요,수시,180,,,조건부 의무 — 해당 여부 확인 필요 · 자산 대장 없음 — 보유 확인 필요
ASG-004472,DTY-02696,,유형,TG16,D09,SD09-1,SD09-2,확인필요,조건부 의무 — 보유·해당 여부 확인 필요,수시,180,,,조건부 의무 — 해당 여부 확인 필요 · 자산 대장 없음 — 보유 확인 필요 · 분류 추론 — 검수 전
ASG-004473,DTY-02697,,유형,TG14,D10,SD10-1,SD10-2,확인필요,조건부 의무 — 보유·해당 여부 확인 필요,반기 1회,180,,,조건부 의무 — 해당 여부 확인 필요 · 자산 대장 없음 — 보유 확인 필요
ASG-004474,DTY-02698,,유형,TG19,D11,SD11-1,SD11-2,확인필요,조건부 의무 — 보유·해당 여부 확인 필요,수시,180,,,조건부 의무 — 해당 여부 확인 필요 · 자산 대장 없음 — 보유 확인 필요
ASG-004475,DTY-02699,,유형,TG14,D10,SD10-1,SD10-2,확인필요,조건부 의무 — 보유·해당 여부 확인 필요,상시,365,,,조건부 의무 — 해당 여부 확인 필요 · 자산 대장 없음 — 보유 확인 필요
ASG-004476,DTY-02700,,유형,TG16,D09,SD09-1,SD09-2,확인필요,조건부 의무 — 보유·해당 여부 확인 필요,상시,365,,,조건부 의무 — 해당 여부 확인 필요 · 자산 대장 없음 — 보유 확인 필요
ASG-004477,DTY-02701,,유형,TG16,D09,SD09-1,SD09-2,확인필요,조건부 의무 — 보유·해당 여부 확인 필요,반기 1회,180,,,조건부 의무 — 해당 여부 확인 필요 · 자산 대장 없음 — 보유 확인 필요
ASG-004478,DTY-02702,,유형,TG16,D09,SD09-1,SD09-2,확인필요,조건부 의무 — 보유·해당 여부 확인 필요,수시,180,,,조건부 의무 — 해당 여부 확인 필요 · 자산 대장 없음 — 보유 확인 필요
ASG-004479,DTY-02703,,유형,TG16,D09,SD09-1,SD09-2,확인필요,조건부 의무 — 보유·해당 여부 확인 필요,수시,180,,,조건부 의무 — 해당 여부 확인 필요 · 자산 대장 없음 — 보유 확인 필요
ASG-004480,DTY-02704,,유형,TG16,D09,SD09-1,SD09-2,확인필요,조건부 의무 — 보유·해당 여부 확인 필요,수시,180,,,조건부 의무 — 해당 여부 확인 필요 · 자산 대장 없음 — 보유 확인 필요
ASG-004481,DTY-02705,,유형,TG16,D09,SD09-1,SD09-2,확인필요,조건부 의무 — 보유·해당 여부 확인 필요,반기 1회,180,,,조건부 의무 — 해당 여부 확인 필요 · 자산 대장 없음 — 보유 확인 필요
ASG-004482,DTY-02706,,유형,TG16,D09,SD09-1,SD09-2,확인필요,조건부 의무 — 보유·해당 여부 확인 필요,반기 1회,180,,,조건부 의무 — 해당 여부 확인 필요 · 자산 대장 없음 — 보유 확인 필요
ASG-004483,DTY-02707,,유형,TG16,D09,SD09-1,SD09-2,확인필요,조건부 의무 — 보유·해당 여부 확인 필요,반기 1회,180,,,조건부 의무 — 해당 여부 확인 필요 · 자산 대장 없음 — 보유 확인 필요
ASG-004484,DTY-02708,,유형,TG16,D09,SD09-1,SD09-2,확인필요,조건부 의무 — 보유·해당 여부 확인 필요,상시,365,,,조건부 의무 — 해당 여부 확인 필요 · 자산 대장 없음 — 보유 확인 필요
ASG-004485,DTY-02709,,유형,TG19,D11,SD11-1,SD11-2,확인필요,조건부 의무 — 보유·해당 여부 확인 필요,반기 1회,180,,,조건부 의무 — 해당 여부 확인 필요 · 자산 대장 없음 — 보유 확인 필요
ASG-004486,DTY-02710,,유형,TG19,D11,SD11-1,SD11-2,확인필요,조건부 의무 — 보유·해당 여부 확인 필요,반기 1회,180,,,조건부 의무 — 해당 여부 확인 필요 · 자산 대장 없음 — 보유 확인 필요
ASG-004487,DTY-02711,,유형,TG19,D11,SD11-1,SD11-2,확인필요,조건부 의무 — 보유·해당 여부 확인 필요,반기 1회,180,,,조건부 의무 — 해당 여부 확인 필요 · 자산 대장 없음 — 보유 확인 필요
ASG-004488,DTY-02712,,유형,TG19,D11,SD11-1,SD11-2,확인필요,조건부 의무 — 보유·해당 여부 확인 필요,반기 1회,180,,,조건부 의무 — 해당 여부 확인 필요 · 자산 대장 없음 — 보유 확인 필요
ASG-004489,DTY-02713,,유형,TG19,D11,SD11-1,SD11-2,확인필요,조건부 의무 — 보유·해당 여부 확인 필요,상시,365,,,조건부 의무 — 해당 여부 확인 필요 · 자산 대장 없음 — 보유 확인 필요 · 분류 추론 — 검수 전
ASG-004490,DTY-02714,,유형,TG19,D11,SD11-1,SD11-2,확인필요,조건부 의무 — 보유·해당 여부 확인 필요,반기 1회,180,,,조건부 의무 — 해당 여부 확인 필요 · 자산 대장 없음 — 보유 확인 필요 · 분류 추론 — 검수 전
ASG-004491,DTY-02715,,유형,TG19,D11,SD11-1,SD11-2,확인필요,조건부 의무 — 보유·해당 여부 확인 필요,반기 1회,180,,,조건부 의무 — 해당 여부 확인 필요 · 자산 대장 없음 — 보유 확인 필요 · 분류 추론 — 검수 전
ASG-004492,DTY-02716,,유형,TG19,D11,SD11-1,SD11-2,확인필요,조건부 의무 — 보유·해당 여부 확인 필요,상시,365,,,조건부 의무 — 해당 여부 확인 필요 · 자산 대장 없음 — 보유 확인 필요
ASG-004493,DTY-02717,,유형,TG19,D11,SD11-1,SD11-2,확인필요,조건부 의무 — 보유·해당 여부 확인 필요,수시,180,,,조건부 의무 — 해당 여부 확인 필요 · 자산 대장 없음 — 보유 확인 필요
ASG-004494,DTY-02718,,유형,TG19,D11,SD11-1,SD11-2,확인필요,조건부 의무 — 보유·해당 여부 확인 필요,반기 1회,180,,,조건부 의무 — 해당 여부 확인 필요 · 자산 대장 없음 — 보유 확인 필요
ASG-004495,DTY-02719,,유형,TG19,D11,SD11-1,SD11-2,확인필요,조건부 의무 — 보유·해당 여부 확인 필요,반기 1회,180,,,조건부 의무 — 해당 여부 확인 필요 · 자산 대장 없음 — 보유 확인 필요
ASG-004496,DTY-02720,,유형,TG19,D11,SD11-1,SD11-2,확인필요,조건부 의무 — 보유·해당 여부 확인 필요,수시,180,,,조건부 의무 — 해당 여부 확인 필요 · 자산 대장 없음 — 보유 확인 필요
ASG-004497,DTY-02721,,유형,TG19,D11,SD11-1,SD11-2,확인필요,조건부 의무 — 보유·해당 여부 확인 필요,상시,365,,,조건부 의무 — 해당 여부 확인 필요 · 자산 대장 없음 — 보유 확인 필요
ASG-004498,DTY-02722,,유형,TG01,D04,SD04-1,SD04-2,확인필요,조건부 의무 — 보유·해당 여부 확인 필요,연1회,365,,,조건부 의무 — 해당 여부 확인 필요
ASG-004499,DTY-02723,,유형,TG01,D04,SD04-1,SD04-2,확인필요,조건부 의무 — 보유·해당 여부 확인 필요,연1회,365,,,조건부 의무 — 해당 여부 확인 필요
ASG-004500,DTY-02724,,유형,TG01,D04,SD04-1,SD04-2,확인필요,조건부 의무 — 보유·해당 여부 확인 필요,수시,180,,,조건부 의무 — 해당 여부 확인 필요
ASG-004501,DTY-02725,,유형,TG01,D04,SD04-1,SD04-2,확인필요,조건부 의무 — 보유·해당 여부 확인 필요,수시,180,,,조건부 의무 — 해당 여부 확인 필요
ASG-004502,DTY-02726,,유형,TG01,D04,SD04-1,SD04-2,확인필요,조건부 의무 — 보유·해당 여부 확인 필요,수시,180,,,조건부 의무 — 해당 여부 확인 필요
ASG-004503,DTY-02727,,유형,TG01,D04,SD04-1,SD04-2,확인필요,조건부 의무 — 보유·해당 여부 확인 필요,상시,365,,,조건부 의무 — 해당 여부 확인 필요
ASG-004504,DTY-02728,,유형,TG01,D04,SD04-1,SD04-2,확인필요,조건부 의무 — 보유·해당 여부 확인 필요,반기 1회,180,,,조건부 의무 — 해당 여부 확인 필요
ASG-004505,DTY-02729,,유형,TG01,D04,SD04-1,SD04-2,확인필요,조건부 의무 — 보유·해당 여부 확인 필요,상시,365,,,조건부 의무 — 해당 여부 확인 필요
ASG-004506,DTY-02730,,유형,TG01,D04,SD04-1,SD04-2,확인필요,조건부 의무 — 보유·해당 여부 확인 필요,상시,365,,,조건부 의무 — 해당 여부 확인 필요
ASG-004507,DTY-02731,,유형,TG01,D04,SD04-1,SD04-2,확인필요,조건부 의무 — 보유·해당 여부 확인 필요,상시,365,,,조건부 의무 — 해당 여부 확인 필요
ASG-004508,DTY-02732,,유형,TG01,D04,SD04-1,SD04-2,확인필요,조건부 의무 — 보유·해당 여부 확인 필요,상시,365,,,조건부 의무 — 해당 여부 확인 필요
ASG-004509,DTY-02733,,유형,TG01,D04,SD04-1,SD04-2,확인필요,조건부 의무 — 보유·해당 여부 확인 필요,상시,365,,,조건부 의무 — 해당 여부 확인 필요
ASG-004510,DTY-02734,,유형,TG01,D04,SD04-1,SD04-2,확인필요,조건부 의무 — 보유·해당 여부 확인 필요,상시,365,,,조건부 의무 — 해당 여부 확인 필요
ASG-004511,DTY-02735,,유형,TG01,D04,SD04-1,SD04-2,확인필요,조건부 의무 — 보유·해당 여부 확인 필요,상시,365,,,조건부 의무 — 해당 여부 확인 필요
ASG-004512,DTY-02736,,유형,TG01,D04,SD04-1,SD04-2,확인필요,조건부 의무 — 보유·해당 여부 확인 필요,상시,365,,,조건부 의무 — 해당 여부 확인 필요
ASG-004513,DTY-02737,,유형,TG01,D04,SD04-1,SD04-2,확인필요,조건부 의무 — 보유·해당 여부 확인 필요,상시,365,,,조건부 의무 — 해당 여부 확인 필요
ASG-004514,DTY-02738,,유형,TG01,D04,SD04-1,SD04-2,확인필요,조건부 의무 — 보유·해당 여부 확인 필요,상시,365,,,조건부 의무 — 해당 여부 확인 필요
ASG-004515,DTY-02739,,유형,TG01,D04,SD04-1,SD04-2,확인필요,조건부 의무 — 보유·해당 여부 확인 필요,상시,365,,,조건부 의무 — 해당 여부 확인 필요
ASG-004516,DTY-02740,,유형,TG01,D04,SD04-1,SD04-2,확인필요,조건부 의무 — 보유·해당 여부 확인 필요,상시,365,,,조건부 의무 — 해당 여부 확인 필요
ASG-004517,DTY-02741,,유형,TG01,D04,SD04-1,SD04-2,확인필요,조건부 의무 — 보유·해당 여부 확인 필요,상시,365,,,조건부 의무 — 해당 여부 확인 필요
ASG-004518,DTY-02742,,유형,TG01,D04,SD04-1,SD04-2,확인필요,조건부 의무 — 보유·해당 여부 확인 필요,상시,365,,,조건부 의무 — 해당 여부 확인 필요
ASG-004519,DTY-02743,,유형,TG01,D04,SD04-1,SD04-2,확인필요,조건부 의무 — 보유·해당 여부 확인 필요,반기 1회,180,,,조건부 의무 — 해당 여부 확인 필요
ASG-004520,DTY-02744,,유형,TG01,D04,SD04-1,SD04-2,확인필요,조건부 의무 — 보유·해당 여부 확인 필요,연1회,365,,,조건부 의무 — 해당 여부 확인 필요 · 분류 추론 — 검수 전
ASG-004521,DTY-02745,,유형,TG22,D11,SD11-1,SD11-2,확인필요,조건부 의무 — 보유·해당 여부 확인 필요,연1회,365,,,조건부 의무 — 해당 여부 확인 필요 · 자산 대장 없음 — 보유 확인 필요 · 분류 추론 — 검수 전
ASG-004522,DTY-02746,,유형,TG01,D04,SD04-1,SD04-2,확인필요,조건부 의무 — 보유·해당 여부 확인 필요,연1회,365,,,조건부 의무 — 해당 여부 확인 필요 · 분류 추론 — 검수 전
ASG-004523,DTY-02747,,유형,TG01,D04,SD04-1,SD04-2,확인필요,조건부 의무 — 보유·해당 여부 확인 필요,연1회,365,,,조건부 의무 — 해당 여부 확인 필요 · 분류 추론 — 검수 전
ASG-004524,DTY-02748,,유형,TG01,D04,SD04-1,SD04-2,확인필요,조건부 의무 — 보유·해당 여부 확인 필요,연1회,365,,,조건부 의무 — 해당 여부 확인 필요 · 분류 추론 — 검수 전
ASG-004525,DTY-02749,,유형,TG01,D04,SD04-1,SD04-2,확인필요,조건부 의무 — 보유·해당 여부 확인 필요,상시,365,,,조건부 의무 — 해당 여부 확인 필요
ASG-004526,DTY-02750,,유형,TG01,D04,SD04-1,SD04-2,확인필요,조건부 의무 — 보유·해당 여부 확인 필요,상시,365,,,조건부 의무 — 해당 여부 확인 필요
ASG-004527,DTY-02751,,유형,TG01,D04,SD04-1,SD04-2,확인필요,조건부 의무 — 보유·해당 여부 확인 필요,상시,365,,,조건부 의무 — 해당 여부 확인 필요
ASG-004528,DTY-02752,,유형,TG01,D04,SD04-1,SD04-2,확인필요,조건부 의무 — 보유·해당 여부 확인 필요,상시,365,,,조건부 의무 — 해당 여부 확인 필요
ASG-004529,DTY-02753,,유형,TG01,D04,SD04-1,SD04-2,확인필요,조건부 의무 — 보유·해당 여부 확인 필요,상시,365,,,조건부 의무 — 해당 여부 확인 필요
ASG-004530,DTY-02754,,유형,TG01,D04,SD04-1,SD04-2,확인필요,조건부 의무 — 보유·해당 여부 확인 필요,상시,365,,,조건부 의무 — 해당 여부 확인 필요
ASG-004531,DTY-02755,,유형,TG01,D04,SD04-1,SD04-2,확인필요,조건부 의무 — 보유·해당 여부 확인 필요,상시,365,,,조건부 의무 — 해당 여부 확인 필요
ASG-004532,DTY-02756,,유형,TG01,D04,SD04-1,SD04-2,확인필요,조건부 의무 — 보유·해당 여부 확인 필요,상시,365,,,조건부 의무 — 해당 여부 확인 필요
ASG-004533,DTY-02757,,유형,TG01,D04,SD04-1,SD04-2,확인필요,조건부 의무 — 보유·해당 여부 확인 필요,상시,365,,,조건부 의무 — 해당 여부 확인 필요
ASG-004534,DTY-02758,,유형,TG01,D04,SD04-1,SD04-2,확인필요,조건부 의무 — 보유·해당 여부 확인 필요,반기 1회,180,,,조건부 의무 — 해당 여부 확인 필요
ASG-004535,DTY-02759,,유형,TG01,D04,SD04-1,SD04-2,확인필요,조건부 의무 — 보유·해당 여부 확인 필요,상시,365,,,조건부 의무 — 해당 여부 확인 필요
ASG-004536,DTY-02760,,유형,TG01,D04,SD04-1,SD04-2,확인필요,조건부 의무 — 보유·해당 여부 확인 필요,연1회,365,,,조건부 의무 — 해당 여부 확인 필요
ASG-004537,DTY-02761,,유형,TG01,D04,SD04-1,SD04-2,확인필요,조건부 의무 — 보유·해당 여부 확인 필요,연1회,365,,,조건부 의무 — 해당 여부 확인 필요
ASG-004538,DTY-02762,,유형,TG01,D04,SD04-1,SD04-2,확인필요,조건부 의무 — 보유·해당 여부 확인 필요,연1회,365,,,조건부 의무 — 해당 여부 확인 필요
ASG-004539,DTY-02763,,유형,TG19,D11,SD11-1,SD11-2,확인필요,조건부 의무 — 보유·해당 여부 확인 필요,수시,180,,,조건부 의무 — 해당 여부 확인 필요 · 자산 대장 없음 — 보유 확인 필요
ASG-004540,DTY-02764,,유형,TG19,D11,SD11-1,SD11-2,확인필요,조건부 의무 — 보유·해당 여부 확인 필요,상시,365,,,조건부 의무 — 해당 여부 확인 필요 · 자산 대장 없음 — 보유 확인 필요
ASG-004541,DTY-02765,,유형,TG19,D11,SD11-1,SD11-2,확인필요,조건부 의무 — 보유·해당 여부 확인 필요,수시,180,,,조건부 의무 — 해당 여부 확인 필요 · 자산 대장 없음 — 보유 확인 필요
ASG-004542,DTY-02766,,유형,TG01,D04,SD04-1,SD04-2,확인필요,조건부 의무 — 보유·해당 여부 확인 필요,연1회,365,,,조건부 의무 — 해당 여부 확인 필요 · 분류 추론 — 검수 전
ASG-004543,DTY-02767,,유형,TG01,D04,SD04-1,SD04-2,확인필요,조건부 의무 — 보유·해당 여부 확인 필요,연1회,365,,,조건부 의무 — 해당 여부 확인 필요 · 분류 추론 — 검수 전
ASG-004544,DTY-02768,,유형,TG01,D04,SD04-1,SD04-2,확인필요,조건부 의무 — 보유·해당 여부 확인 필요,연1회,365,,,조건부 의무 — 해당 여부 확인 필요
ASG-004545,DTY-02769,,유형,TG01,D04,SD04-1,SD04-2,확인필요,조건부 의무 — 보유·해당 여부 확인 필요,연1회,365,,,조건부 의무 — 해당 여부 확인 필요 · 분류 추론 — 검수 전
ASG-004546,DTY-02770,,유형,TG01,D04,SD04-1,SD04-2,확인필요,조건부 의무 — 보유·해당 여부 확인 필요,연1회,365,,,조건부 의무 — 해당 여부 확인 필요 · 분류 추론 — 검수 전
ASG-004547,DTY-02771,,유형,TG01,D04,SD04-1,SD04-2,확인필요,조건부 의무 — 보유·해당 여부 확인 필요,연1회,365,,,조건부 의무 — 해당 여부 확인 필요
ASG-004548,DTY-02772,,유형,TG01,D04,SD04-1,SD04-2,확인필요,조건부 의무 — 보유·해당 여부 확인 필요,반기 1회,180,,,조건부 의무 — 해당 여부 확인 필요
ASG-004549,DTY-02773,,유형,TG22,D11,SD11-1,SD11-2,확인필요,조건부 의무 — 보유·해당 여부 확인 필요,연1회,365,,,조건부 의무 — 해당 여부 확인 필요 · 자산 대장 없음 — 보유 확인 필요
ASG-004550,DTY-02774,,유형,TG01,D04,SD04-1,SD04-2,확인필요,조건부 의무 — 보유·해당 여부 확인 필요,상시,365,,,조건부 의무 — 해당 여부 확인 필요
ASG-004551,DTY-02775,,유형,TG22,D11,SD11-1,SD11-2,확인필요,조건부 의무 — 보유·해당 여부 확인 필요,연1회,365,,,조건부 의무 — 해당 여부 확인 필요 · 자산 대장 없음 — 보유 확인 필요
ASG-004552,DTY-02776,,유형,TG01,D04,SD04-1,SD04-2,확인필요,조건부 의무 — 보유·해당 여부 확인 필요,상시,365,,,조건부 의무 — 해당 여부 확인 필요
ASG-004553,DTY-02777,,유형,TG01,D04,SD04-1,SD04-2,확인필요,조건부 의무 — 보유·해당 여부 확인 필요,상시,365,,,조건부 의무 — 해당 여부 확인 필요
ASG-004554,DTY-02778,,유형,TG01,D04,SD04-1,SD04-2,확인필요,조건부 의무 — 보유·해당 여부 확인 필요,상시,365,,,조건부 의무 — 해당 여부 확인 필요
ASG-004555,DTY-02779,,유형,TG01,D04,SD04-1,SD04-2,확인필요,조건부 의무 — 보유·해당 여부 확인 필요,상시,365,,,조건부 의무 — 해당 여부 확인 필요
ASG-004556,DTY-02780,,유형,TG01,D04,SD04-1,SD04-2,확인필요,조건부 의무 — 보유·해당 여부 확인 필요,상시,365,,,조건부 의무 — 해당 여부 확인 필요
ASG-004557,DTY-02781,,유형,TG01,D04,SD04-1,SD04-2,확인필요,조건부 의무 — 보유·해당 여부 확인 필요,연1회,365,,,조건부 의무 — 해당 여부 확인 필요
ASG-004558,DTY-02782,,유형,TG01,D04,SD04-1,SD04-2,확인필요,조건부 의무 — 보유·해당 여부 확인 필요,연1회,365,,,조건부 의무 — 해당 여부 확인 필요 · 분류 추론 — 검수 전
ASG-004559,DTY-02783,,유형,TG01,D04,SD04-1,SD04-2,확인필요,조건부 의무 — 보유·해당 여부 확인 필요,연1회,365,,,조건부 의무 — 해당 여부 확인 필요 · 분류 추론 — 검수 전
ASG-004560,DTY-02784,,유형,TG01,D04,SD04-1,SD04-2,확인필요,조건부 의무 — 보유·해당 여부 확인 필요,연1회,365,,,조건부 의무 — 해당 여부 확인 필요
ASG-004561,DTY-02785,,유형,TG01,D04,SD04-1,SD04-2,확인필요,조건부 의무 — 보유·해당 여부 확인 필요,반기 1회,180,,,조건부 의무 — 해당 여부 확인 필요
ASG-004562,DTY-02786,,유형,TG01,D04,SD04-1,SD04-2,확인필요,조건부 의무 — 보유·해당 여부 확인 필요,연1회,365,,,조건부 의무 — 해당 여부 확인 필요
ASG-004563,DTY-02787,,유형,TG01,D04,SD04-1,SD04-2,확인필요,조건부 의무 — 보유·해당 여부 확인 필요,연1회,365,,,조건부 의무 — 해당 여부 확인 필요
ASG-004564,DTY-02788,,유형,TG01,D04,SD04-1,SD04-2,확인필요,조건부 의무 — 보유·해당 여부 확인 필요,반기 1회,180,,,조건부 의무 — 해당 여부 확인 필요
ASG-004565,DTY-02789,,유형,TG01,D04,SD04-1,SD04-2,확인필요,조건부 의무 — 보유·해당 여부 확인 필요,반기 1회,180,,,조건부 의무 — 해당 여부 확인 필요
ASG-004566,DTY-02790,,유형,TG01,D04,SD04-1,SD04-2,확인필요,조건부 의무 — 보유·해당 여부 확인 필요,연1회,365,,,조건부 의무 — 해당 여부 확인 필요
ASG-004567,DTY-02791,,유형,TG01,D04,SD04-1,SD04-2,확인필요,조건부 의무 — 보유·해당 여부 확인 필요,연1회,365,,,조건부 의무 — 해당 여부 확인 필요
ASG-004568,DTY-02792,,유형,TG01,D04,SD04-1,SD04-2,확인필요,조건부 의무 — 보유·해당 여부 확인 필요,수시,180,,,조건부 의무 — 해당 여부 확인 필요
ASG-004569,DTY-02793,,유형,TG01,D04,SD04-1,SD04-2,확인필요,조건부 의무 — 보유·해당 여부 확인 필요,연1회,365,,,조건부 의무 — 해당 여부 확인 필요
ASG-004570,DTY-02794,,유형,TG01,D04,SD04-1,SD04-2,확인필요,조건부 의무 — 보유·해당 여부 확인 필요,연1회,365,,,조건부 의무 — 해당 여부 확인 필요
ASG-004571,DTY-02795,,유형,TG01,D04,SD04-1,SD04-2,확인필요,조건부 의무 — 보유·해당 여부 확인 필요,연1회,365,,,조건부 의무 — 해당 여부 확인 필요
ASG-004572,DTY-02796,,유형,TG01,D04,SD04-1,SD04-2,확인필요,조건부 의무 — 보유·해당 여부 확인 필요,연1회,365,,,조건부 의무 — 해당 여부 확인 필요
ASG-004573,DTY-02797,,유형,TG01,D04,SD04-1,SD04-2,확인필요,조건부 의무 — 보유·해당 여부 확인 필요,연1회,365,,,조건부 의무 — 해당 여부 확인 필요
ASG-004574,DTY-02798,,유형,TG01,D04,SD04-1,SD04-2,확인필요,조건부 의무 — 보유·해당 여부 확인 필요,반기 1회,180,,,조건부 의무 — 해당 여부 확인 필요
ASG-004575,DTY-02799,,유형,TG01,D04,SD04-1,SD04-2,확인필요,조건부 의무 — 보유·해당 여부 확인 필요,반기 1회,180,,,조건부 의무 — 해당 여부 확인 필요
ASG-004576,DTY-02800,,유형,TG01,D04,SD04-1,SD04-2,확인필요,조건부 의무 — 보유·해당 여부 확인 필요,반기 1회,180,,,조건부 의무 — 해당 여부 확인 필요
ASG-004577,DTY-02801,,유형,TG01,D04,SD04-1,SD04-2,확인필요,조건부 의무 — 보유·해당 여부 확인 필요,반기 1회,180,,,조건부 의무 — 해당 여부 확인 필요
ASG-004578,DTY-02802,,유형,TG01,D04,SD04-1,SD04-2,확인필요,조건부 의무 — 보유·해당 여부 확인 필요,반기 1회,180,,,조건부 의무 — 해당 여부 확인 필요
ASG-004579,DTY-02803,,유형,TG01,D04,SD04-1,SD04-2,확인필요,조건부 의무 — 보유·해당 여부 확인 필요,반기 1회,180,,,조건부 의무 — 해당 여부 확인 필요
ASG-004580,DTY-02804,,유형,TG01,D04,SD04-1,SD04-2,확인필요,조건부 의무 — 보유·해당 여부 확인 필요,반기 1회,180,,,조건부 의무 — 해당 여부 확인 필요
ASG-004581,DTY-02805,,유형,TG22,D11,SD11-1,SD11-2,확인필요,조건부 의무 — 보유·해당 여부 확인 필요,반기 1회,180,,,조건부 의무 — 해당 여부 확인 필요 · 자산 대장 없음 — 보유 확인 필요
ASG-004582,DTY-02806,,유형,TG01,D04,SD04-1,SD04-2,확인필요,조건부 의무 — 보유·해당 여부 확인 필요,반기 1회,180,,,조건부 의무 — 해당 여부 확인 필요
ASG-004583,DTY-02807,,유형,TG01,D04,SD04-1,SD04-2,확인필요,조건부 의무 — 보유·해당 여부 확인 필요,반기 1회,180,,,조건부 의무 — 해당 여부 확인 필요
ASG-004584,DTY-02808,,유형,TG01,D04,SD04-1,SD04-2,확인필요,조건부 의무 — 보유·해당 여부 확인 필요,반기 1회,180,,,조건부 의무 — 해당 여부 확인 필요
ASG-004585,DTY-02809,,유형,TG22,D11,SD11-1,SD11-2,확인필요,조건부 의무 — 보유·해당 여부 확인 필요,연1회,365,,,조건부 의무 — 해당 여부 확인 필요 · 자산 대장 없음 — 보유 확인 필요
ASG-004586,DTY-02810,,유형,TG01,D04,SD04-1,SD04-2,확인필요,조건부 의무 — 보유·해당 여부 확인 필요,반기 1회,180,,,조건부 의무 — 해당 여부 확인 필요
ASG-004587,DTY-02811,,유형,TG01,D04,SD04-1,SD04-2,확인필요,조건부 의무 — 보유·해당 여부 확인 필요,반기 1회,180,,,조건부 의무 — 해당 여부 확인 필요
ASG-004588,DTY-02812,,유형,TG01,D04,SD04-1,SD04-2,확인필요,조건부 의무 — 보유·해당 여부 확인 필요,연1회,365,,,조건부 의무 — 해당 여부 확인 필요
ASG-004589,DTY-02813,,유형,TG01,D04,SD04-1,SD04-2,확인필요,조건부 의무 — 보유·해당 여부 확인 필요,연1회,365,,,조건부 의무 — 해당 여부 확인 필요
ASG-004590,DTY-02814,,유형,TG01,D04,SD04-1,SD04-2,확인필요,조건부 의무 — 보유·해당 여부 확인 필요,연1회,365,,,조건부 의무 — 해당 여부 확인 필요
ASG-004591,DTY-02815,,유형,TG01,D04,SD04-1,SD04-2,확인필요,조건부 의무 — 보유·해당 여부 확인 필요,연1회,365,,,조건부 의무 — 해당 여부 확인 필요
ASG-004592,DTY-02816,,유형,TG01,D04,SD04-1,SD04-2,확인필요,조건부 의무 — 보유·해당 여부 확인 필요,연1회,365,,,조건부 의무 — 해당 여부 확인 필요
ASG-004593,DTY-02817,,유형,TG01,D04,SD04-1,SD04-2,확인필요,조건부 의무 — 보유·해당 여부 확인 필요,연1회,365,,,조건부 의무 — 해당 여부 확인 필요
ASG-004594,DTY-02818,,유형,TG01,D04,SD04-1,SD04-2,확인필요,조건부 의무 — 보유·해당 여부 확인 필요,수시,180,,,조건부 의무 — 해당 여부 확인 필요
ASG-004595,DTY-02819,,유형,TG01,D04,SD04-1,SD04-2,확인필요,조건부 의무 — 보유·해당 여부 확인 필요,연1회,365,,,조건부 의무 — 해당 여부 확인 필요
ASG-004596,DTY-02820,,유형,TG01,D04,SD04-1,SD04-2,확인필요,조건부 의무 — 보유·해당 여부 확인 필요,연1회,365,,,조건부 의무 — 해당 여부 확인 필요
ASG-004597,DTY-02821,,유형,TG01,D04,SD04-1,SD04-2,확인필요,조건부 의무 — 보유·해당 여부 확인 필요,연1회,365,,,조건부 의무 — 해당 여부 확인 필요
ASG-004598,DTY-02822,,유형,TG01,D04,SD04-1,SD04-2,확인필요,조건부 의무 — 보유·해당 여부 확인 필요,연1회,365,,,조건부 의무 — 해당 여부 확인 필요
ASG-004599,DTY-02823,,유형,TG01,D04,SD04-1,SD04-2,확인필요,조건부 의무 — 보유·해당 여부 확인 필요,연1회,365,,,조건부 의무 — 해당 여부 확인 필요
ASG-004600,DTY-02824,,유형,TG01,D04,SD04-1,SD04-2,확인필요,조건부 의무 — 보유·해당 여부 확인 필요,반기 1회,180,,,조건부 의무 — 해당 여부 확인 필요
ASG-004601,DTY-02825,,유형,TG01,D04,SD04-1,SD04-2,확인필요,조건부 의무 — 보유·해당 여부 확인 필요,반기 1회,180,,,조건부 의무 — 해당 여부 확인 필요
ASG-004602,DTY-02826,,유형,TG01,D04,SD04-1,SD04-2,확인필요,조건부 의무 — 보유·해당 여부 확인 필요,반기 1회,180,,,조건부 의무 — 해당 여부 확인 필요
ASG-004603,DTY-02827,,유형,TG01,D04,SD04-1,SD04-2,확인필요,조건부 의무 — 보유·해당 여부 확인 필요,반기 1회,180,,,조건부 의무 — 해당 여부 확인 필요
ASG-004604,DTY-02828,,유형,TG01,D04,SD04-1,SD04-2,확인필요,조건부 의무 — 보유·해당 여부 확인 필요,반기 1회,180,,,조건부 의무 — 해당 여부 확인 필요
ASG-004605,DTY-02829,,유형,TG01,D04,SD04-1,SD04-2,확인필요,조건부 의무 — 보유·해당 여부 확인 필요,반기 1회,180,,,조건부 의무 — 해당 여부 확인 필요
ASG-004606,DTY-02830,,유형,TG01,D04,SD04-1,SD04-2,확인필요,조건부 의무 — 보유·해당 여부 확인 필요,반기 1회,180,,,조건부 의무 — 해당 여부 확인 필요
ASG-004607,DTY-02831,,유형,TG01,D04,SD04-1,SD04-2,확인필요,조건부 의무 — 보유·해당 여부 확인 필요,반기 1회,180,,,조건부 의무 — 해당 여부 확인 필요
ASG-004608,DTY-02832,,유형,TG01,D04,SD04-1,SD04-2,확인필요,조건부 의무 — 보유·해당 여부 확인 필요,반기 1회,180,,,조건부 의무 — 해당 여부 확인 필요
ASG-004609,DTY-02833,,유형,TG01,D04,SD04-1,SD04-2,확인필요,조건부 의무 — 보유·해당 여부 확인 필요,반기 1회,180,,,조건부 의무 — 해당 여부 확인 필요
ASG-004610,DTY-02834,,유형,TG01,D04,SD04-1,SD04-2,확인필요,조건부 의무 — 보유·해당 여부 확인 필요,반기 1회,180,,,조건부 의무 — 해당 여부 확인 필요
ASG-004611,DTY-02835,,유형,TG01,D04,SD04-1,SD04-2,확인필요,조건부 의무 — 보유·해당 여부 확인 필요,반기 1회,180,,,조건부 의무 — 해당 여부 확인 필요
ASG-004612,DTY-02836,,유형,TG01,D04,SD04-1,SD04-2,확인필요,조건부 의무 — 보유·해당 여부 확인 필요,연1회,365,,,조건부 의무 — 해당 여부 확인 필요
ASG-004613,DTY-02837,,유형,TG01,D04,SD04-1,SD04-2,확인필요,조건부 의무 — 보유·해당 여부 확인 필요,연1회,365,,,조건부 의무 — 해당 여부 확인 필요
ASG-004614,DTY-02838,,유형,TG01,D04,SD04-1,SD04-2,확인필요,조건부 의무 — 보유·해당 여부 확인 필요,반기 1회,180,,,조건부 의무 — 해당 여부 확인 필요
ASG-004615,DTY-02839,,유형,TG01,D04,SD04-1,SD04-2,확인필요,조건부 의무 — 보유·해당 여부 확인 필요,연1회,365,,,조건부 의무 — 해당 여부 확인 필요
ASG-004616,DTY-02840,,유형,TG01,D04,SD04-1,SD04-2,확인필요,조건부 의무 — 보유·해당 여부 확인 필요,연1회,365,,,조건부 의무 — 해당 여부 확인 필요
ASG-004617,DTY-02841,,유형,TG01,D04,SD04-1,SD04-2,확인필요,조건부 의무 — 보유·해당 여부 확인 필요,연1회,365,,,조건부 의무 — 해당 여부 확인 필요 · 분류 추론 — 검수 전
ASG-004618,DTY-02842,,유형,TG01,D04,SD04-1,SD04-2,확인필요,조건부 의무 — 보유·해당 여부 확인 필요,연1회,365,,,조건부 의무 — 해당 여부 확인 필요 · 분류 추론 — 검수 전
ASG-004619,DTY-02843,,유형,TG01,D04,SD04-1,SD04-2,확인필요,조건부 의무 — 보유·해당 여부 확인 필요,연1회,365,,,조건부 의무 — 해당 여부 확인 필요 · 분류 추론 — 검수 전
ASG-004620,DTY-02844,,유형,TG01,D04,SD04-1,SD04-2,확인필요,조건부 의무 — 보유·해당 여부 확인 필요,연1회,365,,,조건부 의무 — 해당 여부 확인 필요 · 분류 추론 — 검수 전
ASG-004621,DTY-02845,,유형,TG01,D04,SD04-1,SD04-2,확인필요,조건부 의무 — 보유·해당 여부 확인 필요,연1회,365,,,조건부 의무 — 해당 여부 확인 필요 · 분류 추론 — 검수 전
ASG-004622,DTY-02846,,유형,TG01,D04,SD04-1,SD04-2,확인필요,조건부 의무 — 보유·해당 여부 확인 필요,연1회,365,,,조건부 의무 — 해당 여부 확인 필요 · 분류 추론 — 검수 전
ASG-004623,DTY-02847,,유형,TG01,D04,SD04-1,SD04-2,확인필요,조건부 의무 — 보유·해당 여부 확인 필요,연1회,365,,,조건부 의무 — 해당 여부 확인 필요 · 분류 추론 — 검수 전
ASG-004624,DTY-02848,,유형,TG01,D04,SD04-1,SD04-2,확인필요,조건부 의무 — 보유·해당 여부 확인 필요,연1회,365,,,조건부 의무 — 해당 여부 확인 필요 · 분류 추론 — 검수 전
ASG-004625,DTY-02849,,유형,TG01,D04,SD04-1,SD04-2,확인필요,조건부 의무 — 보유·해당 여부 확인 필요,연1회,365,,,조건부 의무 — 해당 여부 확인 필요 · 분류 추론 — 검수 전
ASG-004626,DTY-02850,,유형,TG01,D04,SD04-1,SD04-2,확인필요,조건부 의무 — 보유·해당 여부 확인 필요,연1회,365,,,조건부 의무 — 해당 여부 확인 필요 · 분류 추론 — 검수 전
ASG-004627,DTY-02851,,유형,TG01,D04,SD04-1,SD04-2,확인필요,조건부 의무 — 보유·해당 여부 확인 필요,연1회,365,,,조건부 의무 — 해당 여부 확인 필요 · 분류 추론 — 검수 전
ASG-004628,DTY-02852,,유형,TG19,D11,SD11-1,SD11-2,확인필요,조건부 의무 — 보유·해당 여부 확인 필요,반기 1회,180,,,조건부 의무 — 해당 여부 확인 필요 · 자산 대장 없음 — 보유 확인 필요
ASG-004629,DTY-02853,,유형,TG19,D11,SD11-1,SD11-2,확인필요,조건부 의무 — 보유·해당 여부 확인 필요,상시,365,,,조건부 의무 — 해당 여부 확인 필요 · 자산 대장 없음 — 보유 확인 필요 · 분류 추론 — 검수 전
ASG-004630,DTY-02854,,유형,TG19,D11,SD11-1,SD11-2,확인필요,조건부 의무 — 보유·해당 여부 확인 필요,반기 1회,180,,,조건부 의무 — 해당 여부 확인 필요 · 자산 대장 없음 — 보유 확인 필요
ASG-004631,DTY-02855,,유형,TG19,D11,SD11-1,SD11-2,확인필요,조건부 의무 — 보유·해당 여부 확인 필요,수시,180,,,조건부 의무 — 해당 여부 확인 필요 · 자산 대장 없음 — 보유 확인 필요
ASG-004632,DTY-02856,,유형,TG19,D11,SD11-1,SD11-2,확인필요,조건부 의무 — 보유·해당 여부 확인 필요,반기 1회,180,,,조건부 의무 — 해당 여부 확인 필요 · 자산 대장 없음 — 보유 확인 필요
ASG-004633,DTY-02857,,유형,TG19,D11,SD11-1,SD11-2,확인필요,조건부 의무 — 보유·해당 여부 확인 필요,수시,180,,,조건부 의무 — 해당 여부 확인 필요 · 자산 대장 없음 — 보유 확인 필요 · 분류 추론 — 검수 전
ASG-004634,DTY-02858,,유형,TG01,D04,SD04-1,SD04-2,확인필요,조건부 의무 — 보유·해당 여부 확인 필요,상시,365,,,조건부 의무 — 해당 여부 확인 필요
ASG-004635,DTY-02859,,유형,TG01,D04,SD04-1,SD04-2,확인필요,조건부 의무 — 보유·해당 여부 확인 필요,반기 1회,180,,,조건부 의무 — 해당 여부 확인 필요
ASG-004636,DTY-02860,,유형,TG01,D04,SD04-1,SD04-2,확인필요,조건부 의무 — 보유·해당 여부 확인 필요,수시,180,,,조건부 의무 — 해당 여부 확인 필요
ASG-004637,DTY-02861,,유형,TG01,D04,SD04-1,SD04-2,확인필요,조건부 의무 — 보유·해당 여부 확인 필요,반기 1회,180,,,조건부 의무 — 해당 여부 확인 필요
ASG-004638,DTY-02862,,유형,TG01,D04,SD04-1,SD04-2,확인필요,조건부 의무 — 보유·해당 여부 확인 필요,반기 1회,180,,,조건부 의무 — 해당 여부 확인 필요
ASG-004639,DTY-02863,,유형,TG01,D04,SD04-1,SD04-2,확인필요,조건부 의무 — 보유·해당 여부 확인 필요,반기 1회,180,,,조건부 의무 — 해당 여부 확인 필요
ASG-004640,DTY-02864,,유형,TG01,D04,SD04-1,SD04-2,확인필요,조건부 의무 — 보유·해당 여부 확인 필요,반기 1회,180,,,조건부 의무 — 해당 여부 확인 필요
ASG-004641,DTY-02865,,유형,TG22,D11,SD11-1,SD11-2,확인필요,조건부 의무 — 보유·해당 여부 확인 필요,수시,180,,,조건부 의무 — 해당 여부 확인 필요 · 자산 대장 없음 — 보유 확인 필요 · 분류 추론 — 검수 전
ASG-004642,DTY-02866,,유형,TG19,D11,SD11-1,SD11-2,확인필요,조건부 의무 — 보유·해당 여부 확인 필요,반기 1회,180,,,조건부 의무 — 해당 여부 확인 필요 · 자산 대장 없음 — 보유 확인 필요
ASG-004643,DTY-02867,,유형,TG19,D11,SD11-1,SD11-2,확인필요,조건부 의무 — 보유·해당 여부 확인 필요,반기 1회,180,,,조건부 의무 — 해당 여부 확인 필요 · 자산 대장 없음 — 보유 확인 필요
ASG-004644,DTY-02868,,유형,TG19,D11,SD11-1,SD11-2,확인필요,조건부 의무 — 보유·해당 여부 확인 필요,반기 1회,180,,,조건부 의무 — 해당 여부 확인 필요 · 자산 대장 없음 — 보유 확인 필요
ASG-004645,DTY-02869,,유형,TG19,D11,SD11-1,SD11-2,확인필요,조건부 의무 — 보유·해당 여부 확인 필요,반기 1회,180,,,조건부 의무 — 해당 여부 확인 필요 · 자산 대장 없음 — 보유 확인 필요
ASG-004646,DTY-02870,,유형,TG19,D11,SD11-1,SD11-2,확인필요,조건부 의무 — 보유·해당 여부 확인 필요,상시,365,,,조건부 의무 — 해당 여부 확인 필요 · 자산 대장 없음 — 보유 확인 필요
ASG-004647,DTY-02871,,유형,TG01,D04,SD04-1,SD04-2,확인필요,조건부 의무 — 보유·해당 여부 확인 필요,반기 1회,180,,,조건부 의무 — 해당 여부 확인 필요
ASG-004648,DTY-02872,,유형,TG19,D11,SD11-1,SD11-2,확인필요,조건부 의무 — 보유·해당 여부 확인 필요,수시,180,,,조건부 의무 — 해당 여부 확인 필요 · 자산 대장 없음 — 보유 확인 필요
ASG-004649,DTY-02873,,유형,TG19,D11,SD11-1,SD11-2,확인필요,조건부 의무 — 보유·해당 여부 확인 필요,반기 1회,180,,,조건부 의무 — 해당 여부 확인 필요 · 자산 대장 없음 — 보유 확인 필요 · 분류 추론 — 검수 전
ASG-004650,DTY-02874,,유형,TG19,D11,SD11-1,SD11-2,확인필요,조건부 의무 — 보유·해당 여부 확인 필요,반기 1회,180,,,조건부 의무 — 해당 여부 확인 필요 · 자산 대장 없음 — 보유 확인 필요 · 분류 추론 — 검수 전
ASG-004651,DTY-02875,,유형,TG19,D11,SD11-1,SD11-2,확인필요,조건부 의무 — 보유·해당 여부 확인 필요,연1회,365,,,조건부 의무 — 해당 여부 확인 필요 · 자산 대장 없음 — 보유 확인 필요
ASG-004652,DTY-02876,,유형,TG01,D04,SD04-1,SD04-2,확인필요,조건부 의무 — 보유·해당 여부 확인 필요,연1회,365,,,조건부 의무 — 해당 여부 확인 필요
