evidence_id,task_id,evidence_kind,file_name,file_url,form_id,uploaded_by,uploaded_at,note
EVD-000001,TSK-000001,임명·선임 문서,인력배치 선임 통보서.pdf,,,SD13-1,2026-07-27,예시 데이터(시연용)
EVD-000002,TSK-000002,임명·선임 문서,안전관리 선임 통보서.pdf,,,SD03-1,2026-08-02,예시 데이터(시연용)
EVD-000003,TSK-000004,임명·선임 문서,안전관리 선임 통보서.pdf,,,SD03-1,2026-08-14,예시 데이터(시연용)
EVD-000004,TSK-000005,임명·선임 문서,안전관리 선임 통보서.pdf,,,SD03-1,2026-08-20,예시 데이터(시연용)
EVD-000005,TSK-000007,임명·선임 문서,안전관리 선임 통보서.pdf,,,SD03-1,2026-09-01,예시 데이터(시연용)
EVD-000006,TSK-000008,임명·선임 문서,안전관리 선임 통보서.pdf,,,SD03-1,2026-09-07,예시 데이터(시연용)
EVD-000007,TSK-000009,임명·선임 문서,안전관리 선임 통보서.pdf,,,SD03-1,2026-09-12,예시 데이터(시연용)
EVD-000008,TSK-000010,계획서,2026년 제공받은 정보 안전관리·파기 계획서.pdf,,,SD03-1,2026-07-20,예시 데이터(시연용)
EVD-000009,TSK-000011,계획서,2026년 제공받은 정보 안전관리·파기 계획서.pdf,,,SD03-1,2026-07-26,예시 데이터(시연용)
EVD-000010,TSK-000012,계획서,2026년 제공받은 정보 안전관리·파기 계획서.pdf,,,SD03-1,2026-08-01,예시 데이터(시연용)
EVD-000011,TSK-000013,계획서,2026년 제공받은 정보 안전관리·파기 계획서.pdf,,,SD03-1,2026-08-19,예시 데이터(시연용)
EVD-000012,TSK-000020,임명·선임 문서,위치도·배치도 첨부 선임 통보서.pdf,,SCH-0005304,SD03-1,2026-09-01,예시 데이터(시연용)
EVD-000013,TSK-000026,임명·선임 문서,안전관리자 선임·변경 통보 선임 통보서.pdf,,SCH-0000620,SD09-1,2026-07-21,예시 데이터(시연용)
EVD-000014,TSK-000027,임명·선임 문서,안전관리자 선임·변경 통보 선임 통보서.pdf,,SCH-0000620,SD09-1,2026-07-27,예시 데이터(시연용)
EVD-000015,TSK-000028,임명·선임 문서,안전관리자 선임·변경 통보 선임 통보서.pdf,,SCH-0000620,SD09-1,2026-08-02,예시 데이터(시연용)
EVD-000016,TSK-000029,임명·선임 문서,안전관리자 선임·변경 통보 선임 통보서.pdf,,SCH-0000620,SD09-1,2026-08-08,예시 데이터(시연용)
EVD-000017,TSK-000030,임명·선임 문서,안전관리자 선임·변경 통보 선임 통보서.pdf,,SCH-0000620,SD09-1,2026-08-14,예시 데이터(시연용)
EVD-000018,TSK-000031,임명·선임 문서,안전관리자 선임·변경 통보 선임 통보서.pdf,,SCH-0000620,SD09-1,2026-08-20,예시 데이터(시연용)
EVD-000019,TSK-000032,임명·선임 문서,안전관리자 선임·변경 통보 선임 통보서.pdf,,SCH-0000620,SD09-1,2026-08-26,예시 데이터(시연용)
EVD-000020,TSK-000033,임명·선임 문서,안전관리자 선임·변경 통보 선임 통보서.pdf,,SCH-0000620,SD09-1,2026-09-01,예시 데이터(시연용)
EVD-000021,TSK-000034,임명·선임 문서,다중이용건축물 관리자 자격 선임 통보서.pdf,,SCH-0000620,SD09-1,2026-09-07,예시 데이터(시연용)
EVD-000022,TSK-000036,임명·선임 문서,다중이용건축물 관리자 자격 선임 통보서.pdf,,SCH-0000620,SD09-1,2026-09-05,예시 데이터(시연용)
EVD-000023,TSK-000039,임명·선임 문서,그 밖 승강기 관리자 자격 선임 통보서.pdf,,SCH-0000620,SD09-1,2026-09-02,예시 데이터(시연용)
EVD-000024,TSK-000047,임명·선임 문서,그 밖 승강기 관리자 자격 선임 통보서.pdf,,SCH-0000620,SD09-1,2026-09-14,예시 데이터(시연용)
EVD-000025,TSK-000050,임명·선임 문서,국가 등의 책무 선임 통보서.pdf,,,SD02-1,2026-09-11,예시 데이터(시연용)
EVD-000026,TSK-000052,임명·선임 문서,국가 등의 책무 선임 통보서.pdf,,,SD02-1,2026-07-21,예시 데이터(시연용)
EVD-000027,TSK-000053,임명·선임 문서,국가 등의 책무 선임 통보서.pdf,,,SD02-1,2026-07-27,예시 데이터(시연용)
EVD-000028,TSK-000054,임명·선임 문서,인력배치 선임 통보서.pdf,,,SD13-1,2026-08-02,예시 데이터(시연용)
EVD-000029,TSK-000055,임명·선임 문서,인력배치 선임 통보서.pdf,,,SD13-1,2026-08-08,예시 데이터(시연용)
EVD-000030,TSK-000056,임명·선임 문서,인력배치 선임 통보서.pdf,,,SD13-1,2026-08-14,예시 데이터(시연용)
EVD-000031,TSK-000057,임명·선임 문서,인력배치 선임 통보서.pdf,,,SD13-1,2026-08-20,예시 데이터(시연용)
EVD-000032,TSK-000058,임명·선임 문서,인력배치 선임 통보서.pdf,,,SD13-1,2026-08-26,예시 데이터(시연용)
EVD-000033,TSK-000059,임명·선임 문서,인력배치 선임 통보서.pdf,,,SD13-1,2026-09-01,예시 데이터(시연용)
EVD-000034,TSK-000060,임명·선임 문서,인력배치 선임 통보서.pdf,,,SD13-1,2026-09-07,예시 데이터(시연용)
EVD-000035,TSK-000063,임명·선임 문서,인력배치 선임 통보서.pdf,,,SD13-1,2026-09-18,예시 데이터(시연용)
EVD-000036,TSK-000066,임명·선임 문서,인력배치 선임 통보서.pdf,,,SD13-1,2026-09-15,예시 데이터(시연용)
EVD-000037,TSK-000069,임명·선임 문서,인력배치 선임 통보서.pdf,,,SD13-1,2026-09-12,예시 데이터(시연용)
EVD-000038,TSK-000074,임명·선임 문서,인력배치 선임 통보서.pdf,,,SD13-1,2026-09-07,예시 데이터(시연용)
EVD-000039,TSK-000077,임명·선임 문서,인력배치 선임 통보서.pdf,,,SD13-1,2026-09-04,예시 데이터(시연용)
EVD-000040,TSK-000078,임명·선임 문서,인력배치 선임 통보서.pdf,,,SD13-1,2026-07-21,예시 데이터(시연용)
EVD-000041,TSK-000079,임명·선임 문서,인력배치 선임 통보서.pdf,,,SD13-1,2026-07-27,예시 데이터(시연용)
EVD-000042,TSK-000080,임명·선임 문서,인력배치 선임 통보서.pdf,,,SD13-1,2026-08-02,예시 데이터(시연용)
EVD-000043,TSK-000081,임명·선임 문서,인력배치 선임 통보서.pdf,,,SD13-1,2026-08-08,예시 데이터(시연용)
EVD-000044,TSK-000082,임명·선임 문서,인력배치 선임 통보서.pdf,,,SD13-1,2026-08-14,예시 데이터(시연용)
EVD-000045,TSK-000083,임명·선임 문서,인력배치 선임 통보서.pdf,,,SD13-1,2026-08-20,예시 데이터(시연용)
EVD-000046,TSK-000084,임명·선임 문서,인력배치 선임 통보서.pdf,,,SD13-1,2026-08-26,예시 데이터(시연용)
EVD-000047,TSK-000085,임명·선임 문서,인력배치 선임 통보서.pdf,,,SD13-1,2026-09-13,예시 데이터(시연용)
EVD-000048,TSK-000090,임명·선임 문서,인력배치 선임 통보서.pdf,,,SD13-1,2026-09-11,예시 데이터(시연용)
EVD-000049,TSK-000093,임명·선임 문서,인력배치 선임 통보서.pdf,,,SD13-1,2026-09-08,예시 데이터(시연용)
EVD-000050,TSK-000096,임명·선임 문서,인력배치 선임 통보서.pdf,,,SD13-1,2026-09-05,예시 데이터(시연용)
EVD-000051,TSK-000101,임명·선임 문서,인력배치 선임 통보서.pdf,,,SD13-1,2026-09-20,예시 데이터(시연용)
EVD-000052,TSK-000103,임명·선임 문서,인력배치 선임 통보서.pdf,,,SD13-1,2026-07-15,예시 데이터(시연용)
EVD-000053,TSK-000104,임명·선임 문서,인력배치 선임 통보서.pdf,,,SD13-1,2026-07-21,예시 데이터(시연용)
EVD-000054,TSK-000105,임명·선임 문서,인력배치 선임 통보서.pdf,,,SD13-1,2026-07-27,예시 데이터(시연용)
EVD-000055,TSK-000106,임명·선임 문서,인력배치 선임 통보서.pdf,,,SD13-1,2026-08-02,예시 데이터(시연용)
EVD-000056,TSK-000107,임명·선임 문서,인력배치 선임 통보서.pdf,,,SD13-1,2026-08-08,예시 데이터(시연용)
EVD-000057,TSK-000108,임명·선임 문서,인력배치 선임 통보서.pdf,,,SD13-1,2026-08-14,예시 데이터(시연용)
EVD-000058,TSK-000109,임명·선임 문서,인력배치 선임 통보서.pdf,,,SD13-1,2026-09-01,예시 데이터(시연용)
EVD-000059,TSK-000110,임명·선임 문서,인력배치 선임 통보서.pdf,,,SD13-1,2026-09-07,예시 데이터(시연용)
EVD-000060,TSK-000111,훈련 결과보고서,2026년 인력배치 훈련 결과보고서.pdf,,,SD13-1,2026-09-13,예시 데이터(시연용)
EVD-000061,TSK-000112,임명·선임 문서,인력배치 선임 통보서.pdf,,,SD13-1,2026-09-09,예시 데이터(시연용)
EVD-000062,TSK-000120,임명·선임 문서,저수지·댐관리자의 책무 선임 통보서.pdf,,,SD13-1,2026-09-01,예시 데이터(시연용)
EVD-000063,TSK-000123,임명·선임 문서,저수지·댐관리자의 책무 선임 통보서.pdf,,,SD13-1,2026-09-18,예시 데이터(시연용)
EVD-000064,TSK-000128,점검표,댐등 설치자 또는 관리자의 재해방지시설의 설치  기준 적합 확인서.pdf,,,SD13-1,2026-09-13,예시 데이터(시연용)
EVD-000065,TSK-000128,사진,댐등 설치자 또는 관리자의 재해방지시설의 설치  현장사진.zip,,,SD13-1,2026-09-13,예시 데이터(시연용)
EVD-000066,TSK-000131,점검표,댐등 설치자 또는 관리자의 재해방지시설의 설치  기준 적합 확인서.pdf,,,SD13-1,2026-09-10,예시 데이터(시연용)
EVD-000067,TSK-000136,점검표,댐등 설치자 또는 관리자의 재해방지시설의 설치  기준 적합 확인서.pdf,,,SD13-1,2026-09-05,예시 데이터(시연용)
EVD-000068,TSK-000139,점검표,댐등 설치자 또는 관리자의 재해방지시설의 설치  기준 적합 확인서.pdf,,,SD13-1,2026-09-02,예시 데이터(시연용)
EVD-000069,TSK-000139,사진,댐등 설치자 또는 관리자의 재해방지시설의 설치  현장사진.zip,,,SD13-1,2026-09-02,예시 데이터(시연용)
EVD-000070,TSK-000147,점검표,중앙선·중앙분리대 설치 기준 적합 확인서.pdf,,SCH-0004105,SD03-1,2026-09-14,예시 데이터(시연용)
EVD-000071,TSK-000155,점검표,도로부속물 설치 사전협의 기준 적합 확인서.pdf,,,SD03-1,2026-09-06,예시 데이터(시연용)
EVD-000072,TSK-000158,점검표,양보차로 설치 기준 적합 확인서.pdf,,SCH-0004105,SD03-1,2026-05-30,예시 데이터(시연용)
EVD-000073,TSK-000158,사진,양보차로 설치 현장사진.zip,,,SD03-1,2026-05-30,예시 데이터(시연용)
EVD-000074,TSK-000159,점검표,양보차로 설치 기준 적합 확인서.pdf,,SCH-0004105,SD03-1,2026-06-05,예시 데이터(시연용)
EVD-000075,TSK-000161,훈련 결과보고서,2026년 비상주차대·휴게시설 설치 훈련 결과보고서.pdf,,SCH-0004105,SD03-1,2026-09-01,예시 데이터(시연용)
EVD-000076,TSK-000162,훈련 결과보고서,2026년 비상주차대·휴게시설 설치 훈련 결과보고서.pdf,,SCH-0004105,SD03-1,2026-09-07,예시 데이터(시연용)
EVD-000077,TSK-000163,훈련 결과보고서,2026년 비상주차대·휴게시설 설치 훈련 결과보고서.pdf,,SCH-0004105,SD03-1,2026-09-13,예시 데이터(시연용)
EVD-000078,TSK-000166,훈련 결과보고서,2026년 도로의 구조ㆍ시설 기준 등 훈련 결과보고서.pdf,,,SD03-1,2026-09-15,예시 데이터(시연용)
EVD-000079,TSK-000169,점검표,접도구역 표주 설치간격 기준 적합 확인서.pdf,,SCH-0012303,SD03-1,2026-08-16,예시 데이터(시연용)
EVD-000080,TSK-000170,점검표,접도구역 표주 설치간격 기준 적합 확인서.pdf,,SCH-0012303,SD03-1,2026-08-22,예시 데이터(시연용)
EVD-000081,TSK-000170,사진,접도구역 표주 설치간격 현장사진.zip,,,SD03-1,2026-08-22,예시 데이터(시연용)
EVD-000082,TSK-000172,점검표,접도구역 표주 설치간격 기준 적합 확인서.pdf,,SCH-0012303,SD03-1,2026-09-03,예시 데이터(시연용)
EVD-000083,TSK-000173,점검표,횡단 구간 표주 설치 기준 적합 확인서.pdf,,SCH-0012303,SD03-1,2026-09-09,예시 데이터(시연용)
EVD-000084,TSK-000174,점검표,횡단 구간 표주 설치 기준 적합 확인서.pdf,,SCH-0012303,SD03-1,2026-09-07,예시 데이터(시연용)
EVD-000085,TSK-000174,사진,횡단 구간 표주 설치 현장사진.zip,,,SD03-1,2026-09-07,예시 데이터(시연용)
EVD-000086,TSK-000182,점검표,표주 설치·이상 현황 기준 적합 확인서.pdf,,SCH-0012303,SD03-1,2026-09-19,예시 데이터(시연용)
EVD-000087,TSK-000185,점검표,미설치 표주 집계 기준 적합 확인서.pdf,,SCH-0012303,SD03-1,2026-09-16,예시 데이터(시연용)
EVD-000088,TSK-000190,점검표,도로원표 관리청 명칭 표시 기준 적합 확인서.pdf,,SCH-0005304,SD03-1,2026-09-11,예시 데이터(시연용)
EVD-000089,TSK-000190,사진,도로원표 관리청 명칭 표시 현장사진.zip,,,SD03-1,2026-09-11,예시 데이터(시연용)
EVD-000090,TSK-000193,점검표,주요 도시명·거리 표시 기준 적합 확인서.pdf,,SCH-0005304,SD03-1,2026-09-08,예시 데이터(시연용)
EVD-000091,TSK-000201,점검표,이설 시 황동판 설치 기준 적합 확인서.pdf,,SCH-0005304,SD03-1,2026-09-20,예시 데이터(시연용)
EVD-000092,TSK-000209,점검표,점용물 설치 위치 기준 적합 확인서.pdf,,SCH-0005298,SD03-1,2026-05-19,예시 데이터(시연용)
EVD-000093,TSK-000209,사진,점용물 설치 위치 현장사진.zip,,,SD03-1,2026-05-19,예시 데이터(시연용)
EVD-000094,TSK-000210,점검표,점용물 설치 위치 기준 적합 확인서.pdf,,SCH-0005298,SD03-1,2026-05-25,예시 데이터(시연용)
EVD-000095,TSK-000211,점검표,점용물 설치 위치 기준 적합 확인서.pdf,,SCH-0005298,SD03-1,2026-05-31,예시 데이터(시연용)
EVD-000096,TSK-000212,점검표,점용물 설치 위치 기준 적합 확인서.pdf,,SCH-0005298,SD03-1,2026-06-06,예시 데이터(시연용)
EVD-000097,TSK-000212,사진,점용물 설치 위치 현장사진.zip,,,SD03-1,2026-06-06,예시 데이터(시연용)
EVD-000098,TSK-000213,점검표,교차·굴곡부 설치 금지 기준 적합 확인서.pdf,,SCH-0005298,SD03-1,2026-06-12,예시 데이터(시연용)
EVD-000099,TSK-000215,점검표,교차·굴곡부 설치 금지 기준 적합 확인서.pdf,,SCH-0005298,SD03-1,2026-06-24,예시 데이터(시연용)
EVD-000100,TSK-000216,점검표,교차·굴곡부 설치 금지 기준 적합 확인서.pdf,,SCH-0005298,SD03-1,2026-06-30,예시 데이터(시연용)
EVD-000101,TSK-000216,사진,교차·굴곡부 설치 금지 현장사진.zip,,,SD03-1,2026-06-30,예시 데이터(시연용)
EVD-000102,TSK-000218,점검표,지하 점용물 설치기준 기준 적합 확인서.pdf,,SCH-0005298,SD03-1,2026-07-24,예시 데이터(시연용)
EVD-000103,TSK-000219,점검표,지하 점용물 설치기준 기준 적합 확인서.pdf,,SCH-0005298,SD03-1,2026-07-30,예시 데이터(시연용)
EVD-000104,TSK-000220,점검표,지하 점용물 설치기준 기준 적합 확인서.pdf,,SCH-0005298,SD03-1,2026-08-05,예시 데이터(시연용)
EVD-000105,TSK-000220,사진,지하 점용물 설치기준 현장사진.zip,,,SD03-1,2026-08-05,예시 데이터(시연용)
EVD-000106,TSK-000221,점검표,고가도로 밑 설치기준 기준 적합 확인서.pdf,,SCH-0005298,SD03-1,2026-08-11,예시 데이터(시연용)
EVD-000107,TSK-000223,점검표,고가도로 밑 설치기준 기준 적합 확인서.pdf,,SCH-0005298,SD03-1,2026-08-23,예시 데이터(시연용)
EVD-000108,TSK-000224,점검표,고가도로 밑 설치기준 기준 적합 확인서.pdf,,SCH-0005298,SD03-1,2026-08-29,예시 데이터(시연용)
EVD-000109,TSK-000224,사진,고가도로 밑 설치기준 현장사진.zip,,,SD03-1,2026-08-29,예시 데이터(시연용)
EVD-000110,TSK-000228,훈련 결과보고서,2026년 지상 점용물 구조안전 훈련 결과보고서.pdf,,SCH-0005298,SD03-1,2026-09-13,예시 데이터(시연용)
EVD-000111,TSK-000231,훈련 결과보고서,2026년 지하 점용물 구조 훈련 결과보고서.pdf,,SCH-0005298,SD03-1,2026-09-10,예시 데이터(시연용)
EVD-000112,TSK-000232,훈련 결과보고서,2026년 지하 점용물 구조 훈련 결과보고서.pdf,,SCH-0005298,SD03-1,2026-07-21,예시 데이터(시연용)
EVD-000113,TSK-000234,훈련 결과보고서,2026년 교량·고가 부착 구조안전 훈련 결과보고서.pdf,,SCH-0005298,SD03-1,2026-08-02,예시 데이터(시연용)
EVD-000114,TSK-000235,훈련 결과보고서,2026년 교량·고가 부착 구조안전 훈련 결과보고서.pdf,,SCH-0005298,SD03-1,2026-08-08,예시 데이터(시연용)
EVD-000115,TSK-000236,훈련 결과보고서,2026년 교량·고가 부착 구조안전 훈련 결과보고서.pdf,,SCH-0005298,SD03-1,2026-08-14,예시 데이터(시연용)
EVD-000116,TSK-000239,계획서,2026년 예산 편성·집행 계획서.pdf,,,SD13-1,2026-09-02,예시 데이터(시연용)
EVD-000117,TSK-000247,점검표,예산 편성·집행 기준 적합 확인서.pdf,,,SD03-1,2026-09-14,예시 데이터(시연용)
EVD-000118,TSK-000255,점검표,시설 기준 등 기준 적합 확인서.pdf,,,SD04-1,2026-09-06,예시 데이터(시연용)
EVD-000119,TSK-000261,계획서,2026년 수도시설의 관리 계획서.pdf,,,SD04-1,2026-05-14,예시 데이터(시연용)
EVD-000120,TSK-000262,계획서,2026년 수도시설의 관리 계획서.pdf,,,SD04-1,2026-05-20,예시 데이터(시연용)
EVD-000121,TSK-000263,계획서,2026년 수도시설의 관리 계획서.pdf,,,SD04-1,2026-05-26,예시 데이터(시연용)
EVD-000122,TSK-000264,계획서,2026년 수도시설의 관리 계획서.pdf,,,SD04-1,2026-06-01,예시 데이터(시연용)
EVD-000123,TSK-000266,계획서,2026년 수도시설의 관리 계획서.pdf,,,SD04-1,2026-06-25,예시 데이터(시연용)
EVD-000124,TSK-000267,계획서,2026년 수도시설의 관리 계획서.pdf,,,SD04-1,2026-07-01,예시 데이터(시연용)
EVD-000125,TSK-000269,점검표,시설기준 기준 적합 확인서.pdf,,SCH-0009022,SD04-1,2026-07-13,예시 데이터(시연용)
EVD-000126,TSK-000270,점검표,시설기준 기준 적합 확인서.pdf,,SCH-0009022,SD04-1,2026-07-19,예시 데이터(시연용)
EVD-000127,TSK-000272,점검표,시설기준 기준 적합 확인서.pdf,,SCH-0009022,SD04-1,2026-07-31,예시 데이터(시연용)
EVD-000128,TSK-000273,점검표,시설기준 기준 적합 확인서.pdf,,SCH-0009022,SD13-1,2026-08-06,예시 데이터(시연용)
EVD-000129,TSK-000273,사진,시설기준 현장사진.zip,,,SD13-1,2026-08-06,예시 데이터(시연용)
EVD-000130,TSK-000274,점검표,시설기준 기준 적합 확인서.pdf,,SCH-0009022,SD13-1,2026-08-12,예시 데이터(시연용)
EVD-000131,TSK-000275,점검표,시설기준 기준 적합 확인서.pdf,,SCH-0009022,SD13-1,2026-08-18,예시 데이터(시연용)
EVD-000132,TSK-000276,점검표,시설기준 기준 적합 확인서.pdf,,SCH-0009022,SD13-1,2026-08-24,예시 데이터(시연용)
EVD-000133,TSK-000276,사진,시설기준 현장사진.zip,,,SD13-1,2026-08-24,예시 데이터(시연용)
EVD-000134,TSK-000277,점검표,막여과 정수시설 설치 시 검토사항 기준 적합 확인서.pdf,,,SD04-1,2026-09-11,예시 데이터(시연용)
EVD-000135,TSK-000278,점검표,막여과 정수시설 설치 시 검토사항 기준 적합 확인서.pdf,,,SD04-1,2026-09-17,예시 데이터(시연용)
EVD-000136,TSK-000282,점검표,지표수 취수시설 요건 기준 적합 확인서.pdf,,SCH-0009025,SD04-1,2026-09-19,예시 데이터(시연용)
EVD-000137,TSK-000282,사진,지표수 취수시설 요건 현장사진.zip,,,SD04-1,2026-09-19,예시 데이터(시연용)
EVD-000138,TSK-000290,점검표,저수시설 지진·홍수 대비 기준 적합 확인서.pdf,,SCH-0009025,SD13-1,2026-09-11,예시 데이터(시연용)
EVD-000139,TSK-000293,점검표,저수시설 지진·홍수 대비 기준 적합 확인서.pdf,,SCH-0009025,SD13-1,2026-09-08,예시 데이터(시연용)
EVD-000140,TSK-000301,점검표,부압 방지·수격완화시설 기준 적합 확인서.pdf,,SCH-0009025,SD04-1,2026-09-20,예시 데이터(시연용)
EVD-000141,TSK-000301,사진,부압 방지·수격완화시설 현장사진.zip,,,SD04-1,2026-09-20,예시 데이터(시연용)
EVD-000142,TSK-000309,점검표,완속여과 설계 기준 기준 적합 확인서.pdf,,SCH-0009025,SD04-1,2026-09-12,예시 데이터(시연용)
EVD-000143,TSK-000313,점검표,급속여과 속도·역세척 기준 적합 확인서.pdf,,SCH-0009025,SD04-1,2026-05-21,예시 데이터(시연용)
EVD-000144,TSK-000315,점검표,배수관 수압 범위 기준 적합 확인서.pdf,,SCH-0009025,SD04-1,2026-06-02,예시 데이터(시연용)
EVD-000145,TSK-000315,사진,배수관 수압 범위 현장사진.zip,,,SD04-1,2026-06-02,예시 데이터(시연용)
EVD-000146,TSK-000316,점검표,배수관 수압 범위 기준 적합 확인서.pdf,,SCH-0009025,SD04-1,2026-06-08,예시 데이터(시연용)
EVD-000147,TSK-000318,점검표,배수지 용량·구분 설치 기준 적합 확인서.pdf,,SCH-0009025,SD04-1,2026-06-20,예시 데이터(시연용)
EVD-000148,TSK-000320,점검표,배수지 용량·구분 설치 기준 적합 확인서.pdf,,SCH-0009025,SD04-1,2026-07-02,예시 데이터(시연용)
EVD-000149,TSK-000320,사진,배수지 용량·구분 설치 현장사진.zip,,,SD04-1,2026-07-02,예시 데이터(시연용)
EVD-000150,TSK-000321,점검표,배수지 용량·구분 설치 기준 적합 확인서.pdf,,SCH-0009025,SD04-1,2026-07-08,예시 데이터(시연용)
EVD-000151,TSK-000323,점검표,적체 배수관 역류방지설비 기준 적합 확인서.pdf,,SCH-0009025,SD04-1,2026-07-20,예시 데이터(시연용)
EVD-000152,TSK-000324,점검표,적체 배수관 역류방지설비 기준 적합 확인서.pdf,,SCH-0009025,SD04-1,2026-07-26,예시 데이터(시연용)
EVD-000153,TSK-000324,사진,적체 배수관 역류방지설비 현장사진.zip,,,SD04-1,2026-07-26,예시 데이터(시연용)
EVD-000154,TSK-000326,점검표,단수 영향·오염물질 차단 기준 적합 확인서.pdf,,SCH-0009025,SD04-1,2026-08-19,예시 데이터(시연용)
EVD-000155,TSK-000328,점검표,단수 영향·오염물질 차단 기준 적합 확인서.pdf,,SCH-0009025,SD04-1,2026-08-31,예시 데이터(시연용)
EVD-000156,TSK-000329,점검표,단수 영향·오염물질 차단 기준 적합 확인서.pdf,,SCH-0009025,SD04-1,2026-09-06,예시 데이터(시연용)
EVD-000157,TSK-000329,사진,단수 영향·오염물질 차단 현장사진.zip,,,SD04-1,2026-09-06,예시 데이터(시연용)
EVD-000158,TSK-000336,점검표,재해 대비 차단밸브 기준 적합 확인서.pdf,,SCH-0009025,SD04-1,2026-09-05,예시 데이터(시연용)
EVD-000159,TSK-000339,점검표,2026년 상반기 운전상태 감시·제어 설비 점검 결과표.pdf,,SCH-0009025,SD04-1,2026-08-20,예시 데이터(시연용)
EVD-000160,TSK-000340,점검표,2026년 하반기 운전상태 감시·제어 설비 점검 결과표.pdf,,SCH-0009025,SD04-1,2026-08-26,예시 데이터(시연용)
EVD-000161,TSK-000340,사진,운전상태 감시·제어 설비 현장사진.zip,,,SD04-1,2026-08-26,예시 데이터(시연용)
EVD-000162,TSK-000347,점검표,재해 대비 급수시설 기준 적합 확인서.pdf,,SCH-0009025,SD04-1,2026-09-14,예시 데이터(시연용)
EVD-000163,TSK-000350,계획서,2026년 시설물의 안전 및 유지관리 예산의 확보 계획서.pdf,,,SD02-1,2026-09-11,예시 데이터(시연용)
EVD-000164,TSK-000355,점검표,설계도서 등의 제출 등 기준 적합 확인서.pdf,,,SD02-1,2026-09-06,예시 데이터(시연용)
EVD-000165,TSK-000355,사진,설계도서 등의 제출 등 현장사진.zip,,,SD02-1,2026-09-06,예시 데이터(시연용)
EVD-000166,TSK-000358,점검표,설계도서 등 준공·사용승인 신청 시 제출 기준 적합 확인서.pdf,,SCH-0000941,SD03-1,2026-09-03,예시 데이터(시연용)
EVD-000167,TSK-000363,점검표,시설물관리대장 작성·제출 기준 적합 확인서.pdf,,SCH-0000941,SD02-1,2026-09-18,예시 데이터(시연용)
EVD-000168,TSK-000365,점검표,시설물관리대장 작성·제출 기준 적합 확인서.pdf,,SCH-0000941,SD02-1,2026-05-16,예시 데이터(시연용)
EVD-000169,TSK-000365,사진,시설물관리대장 작성·제출 현장사진.zip,,,SD02-1,2026-05-16,예시 데이터(시연용)
EVD-000170,TSK-000366,점검표,설계도서 등 비치 서류 기준 적합 확인서.pdf,,SCH-0000927,SD02-1,2026-05-22,예시 데이터(시연용)
EVD-000171,TSK-000367,점검표,설계도서 등 비치 서류 기준 적합 확인서.pdf,,SCH-0000927,SD02-1,2026-05-28,예시 데이터(시연용)
EVD-000172,TSK-000368,점검표,설계도서 등 비치 서류 기준 적합 확인서.pdf,,SCH-0000927,SD02-1,2026-06-03,예시 데이터(시연용)
EVD-000173,TSK-000368,사진,설계도서 등 비치 서류 현장사진.zip,,,SD02-1,2026-06-03,예시 데이터(시연용)
EVD-000174,TSK-000369,점검표,설계도서 등 비치 서류 기준 적합 확인서.pdf,,SCH-0000927,SD02-1,2026-06-09,예시 데이터(시연용)
EVD-000175,TSK-000370,점검표,시설물관리대장 기준 적합 확인서.pdf,,SCH-0000927,SD02-1,2026-06-15,예시 데이터(시연용)
EVD-000176,TSK-000372,점검표,시설물관리대장 기준 적합 확인서.pdf,,SCH-0000927,SD02-1,2026-06-27,예시 데이터(시연용)
EVD-000177,TSK-000372,사진,시설물관리대장 현장사진.zip,,,SD02-1,2026-06-27,예시 데이터(시연용)
EVD-000178,TSK-000373,점검표,시설물관리대장 기준 적합 확인서.pdf,,SCH-0000927,SD02-1,2026-07-15,예시 데이터(시연용)
EVD-000179,TSK-000374,측정결과표,2026년 하반기 먹는물 수질관리·성적서 비치 측정 결과표.pdf,,SCH-0009846,SD04-1,2026-07-21,예시 데이터(시연용)
EVD-000180,TSK-000375,측정결과표,2026년 상반기 먹는물 수질관리·성적서 비치 측정 결과표.pdf,,SCH-0009846,SD04-1,2026-07-27,예시 데이터(시연용)
EVD-000181,TSK-000377,측정결과표,2026년 상반기 먹는물 수질관리·성적서 비치 측정 결과표.pdf,,SCH-0009846,SD04-1,2026-08-08,예시 데이터(시연용)
EVD-000182,TSK-000378,점검표,예산 편성·집행 기준 적합 확인서.pdf,,,SD13-1,2026-08-14,예시 데이터(시연용)
EVD-000183,TSK-000379,점검표,예산 편성·집행 기준 적합 확인서.pdf,,,SD13-1,2026-08-20,예시 데이터(시연용)
EVD-000184,TSK-000380,점검표,예산 편성·집행 기준 적합 확인서.pdf,,,SD13-1,2026-08-26,예시 데이터(시연용)
EVD-000185,TSK-000380,사진,예산 편성·집행 현장사진.zip,,,SD13-1,2026-08-26,예시 데이터(시연용)
EVD-000186,TSK-000381,점검표,예산 편성·집행 기준 적합 확인서.pdf,,,SD13-1,2026-09-01,예시 데이터(시연용)
EVD-000187,TSK-000382,계획서,2026년 예산 편성·집행 계획서.pdf,,,SD13-1,2026-09-07,예시 데이터(시연용)
EVD-000188,TSK-000385,계획서,2026년 예산 편성·집행 계획서.pdf,,,SD13-1,2026-09-16,예시 데이터(시연용)
EVD-000189,TSK-000390,점검표,예산 편성·집행 기준 적합 확인서.pdf,,,SD13-1,2026-09-11,예시 데이터(시연용)
EVD-000190,TSK-000393,점검표,예산 편성·집행 기준 적합 확인서.pdf,,,SD13-1,2026-09-08,예시 데이터(시연용)
EVD-000191,TSK-000396,점검표,예산 편성·집행 기준 적합 확인서.pdf,,,SD13-1,2026-09-05,예시 데이터(시연용)
EVD-000192,TSK-000401,계획서,2026년 예산 편성·집행 계획서.pdf,,,SD13-1,2026-09-20,예시 데이터(시연용)
EVD-000193,TSK-000404,보고·게시 증빙,2026년 하반기 예산 편성·집행 보고 공문.pdf,,,SD13-1,2026-09-17,예시 데이터(시연용)
EVD-000194,TSK-000409,계획서,2026년 예산 편성·집행 계획서.pdf,,,SD09-1,2026-09-12,예시 데이터(시연용)
EVD-000195,TSK-000412,점검표,내진설계 일반(KDS 17 10 00) — 관련 기준 적합 확인서.pdf,,,SD13-1,2026-09-09,예시 데이터(시연용)
EVD-000196,TSK-000418,점검표,내진설계 일반(KDS 17 10 00) — 내진 기준 적합 확인서.pdf,,,SD13-1,2026-05-17,예시 데이터(시연용)
EVD-000197,TSK-000418,사진,내진설계 일반(KDS 17 10 00) — 내진 현장사진.zip,,,SD13-1,2026-05-17,예시 데이터(시연용)
EVD-000198,TSK-000419,점검표,내진설계 일반(KDS 17 10 00) — 내진 기준 적합 확인서.pdf,,,SD13-1,2026-05-23,예시 데이터(시연용)
EVD-000199,TSK-000420,점검표,내진설계 일반(KDS 17 10 00) — 상관 기준 적합 확인서.pdf,,,SD13-1,2026-05-29,예시 데이터(시연용)
EVD-000200,TSK-000421,점검표,내진설계 일반(KDS 17 10 00) — 상관 기준 적합 확인서.pdf,,,SD13-1,2026-06-16,예시 데이터(시연용)
EVD-000201,TSK-000421,사진,내진설계 일반(KDS 17 10 00) — 상관 현장사진.zip,,,SD13-1,2026-06-16,예시 데이터(시연용)
EVD-000202,TSK-000422,점검표,내진설계 일반(KDS 17 10 00) — 상관 기준 적합 확인서.pdf,,,SD13-1,2026-06-22,예시 데이터(시연용)
EVD-000203,TSK-000423,점검표,내진설계 일반(KDS 17 10 00) — 상관 기준 적합 확인서.pdf,,,SD13-1,2026-06-28,예시 데이터(시연용)
EVD-000204,TSK-000428,점검표,공공하수도 설치기준 준수 기준 적합 확인서.pdf,,SCH-0009077,SD05-1,2026-07-28,예시 데이터(시연용)
EVD-000205,TSK-000428,사진,공공하수도 설치기준 준수 현장사진.zip,,,SD05-1,2026-07-28,예시 데이터(시연용)
EVD-000206,TSK-000429,관리대장,하수도용 자재 품질 확보 관리대장.pdf,,SCH-0009077,SD05-1,2026-08-03,예시 데이터(시연용)
EVD-000207,TSK-000431,점검표,설치기준 등 기준 적합 확인서.pdf,,,SD05-1,2026-08-15,예시 데이터(시연용)
EVD-000208,TSK-000432,점검표,설치기준 등 기준 적합 확인서.pdf,,,SD05-1,2026-08-21,예시 데이터(시연용)
EVD-000209,TSK-000432,사진,설치기준 등 현장사진.zip,,,SD05-1,2026-08-21,예시 데이터(시연용)
EVD-000210,TSK-000436,훈련 결과보고서,2026년 분류식 오수·우수 분리 훈련 결과보고서.pdf,,SCH-0009088,SD05-1,2026-09-05,예시 데이터(시연용)
EVD-000211,TSK-000439,훈련 결과보고서,2026년 침수예방 유입·유출 구조 훈련 결과보고서.pdf,,SCH-0009088,SD05-1,2026-07-27,예시 데이터(시연용)
EVD-000212,TSK-000440,훈련 결과보고서,2026년 유출수 연계·자체 처리 훈련 결과보고서.pdf,,SCH-0009088,SD05-1,2026-08-02,예시 데이터(시연용)
EVD-000213,TSK-000442,훈련 결과보고서,2026년 맨홀 규격 KS·표준도 훈련 결과보고서.pdf,,SCH-0009088,SD05-1,2026-08-14,예시 데이터(시연용)
EVD-000214,TSK-000443,훈련 결과보고서,2026년 물받이 설치 훈련 결과보고서.pdf,,SCH-0009088,SD05-1,2026-08-20,예시 데이터(시연용)
EVD-000215,TSK-000445,훈련 결과보고서,2026년 빗물받이 간격 훈련 결과보고서.pdf,,SCH-0009088,SD05-1,2026-09-13,예시 데이터(시연용)
EVD-000216,TSK-000447,훈련 결과보고서,2026년 하수펌프장 월류 방지 훈련 결과보고서.pdf,,SCH-0009088,SD05-1,2026-09-14,예시 데이터(시연용)
EVD-000217,TSK-000450,훈련 결과보고서,2026년 재해발생의 방지 및 경감에 필요한 시설의 설치 훈련 결과보고서.pdf,,,SD13-1,2026-09-11,예시 데이터(시연용)
EVD-000218,TSK-000455,훈련 결과보고서,2026년 재해발생의 방지 및 경감에 필요한 시설의 설치 훈련 결과보고서.pdf,,,SD13-1,2026-09-06,예시 데이터(시연용)
EVD-000219,TSK-000458,훈련 결과보고서,2026년 재해발생의 방지 및 경감에 필요한 시설의 설치 훈련 결과보고서.pdf,,,SD13-1,2026-09-03,예시 데이터(시연용)
EVD-000220,TSK-000463,훈련 결과보고서,2026년 재해발생의 방지 및 경감에 필요한 시설의 설치 훈련 결과보고서.pdf,,,SD13-1,2026-07-15,예시 데이터(시연용)
EVD-000221,TSK-000464,훈련 결과보고서,2026년 재해발생의 방지 및 경감에 필요한 시설의 설치 훈련 결과보고서.pdf,,,SD13-1,2026-07-21,예시 데이터(시연용)
EVD-000222,TSK-000465,훈련 결과보고서,2026년 재해발생의 방지 및 경감에 필요한 시설의 설치 훈련 결과보고서.pdf,,,SD13-1,2026-07-27,예시 데이터(시연용)
EVD-000223,TSK-000466,훈련 결과보고서,2026년 재해발생의 방지 및 경감에 필요한 시설의 설치 훈련 결과보고서.pdf,,,SD13-1,2026-08-02,예시 데이터(시연용)
EVD-000224,TSK-000467,훈련 결과보고서,2026년 재해발생의 방지 및 경감에 필요한 시설의 설치 훈련 결과보고서.pdf,,,SD13-1,2026-08-08,예시 데이터(시연용)
EVD-000225,TSK-000468,훈련 결과보고서,2026년 재해발생의 방지 및 경감에 필요한 시설의 설치 훈련 결과보고서.pdf,,,SD13-1,2026-08-14,예시 데이터(시연용)
EVD-000226,TSK-000469,훈련 결과보고서,2026년 재해발생의 방지 및 경감에 필요한 시설의 설치 훈련 결과보고서.pdf,,,SD13-1,2026-09-01,예시 데이터(시연용)
EVD-000227,TSK-000470,훈련 결과보고서,2026년 재해발생의 방지 및 경감에 필요한 시설의 설치 훈련 결과보고서.pdf,,,SD13-1,2026-09-07,예시 데이터(시연용)
EVD-000228,TSK-000474,훈련 결과보고서,2026년 재해발생의 방지 및 경감에 필요한 시설의 설치 훈련 결과보고서.pdf,,,SD13-1,2026-09-07,예시 데이터(시연용)
EVD-000229,TSK-000480,계획서,2026년 방재대행자 수행능력 평가 계획서.pdf,,,SD03-1,2026-07-23,예시 데이터(시연용)
EVD-000230,TSK-000481,계획서,2026년 방재대행자 수행능력 평가 계획서.pdf,,,SD03-1,2026-08-10,예시 데이터(시연용)
EVD-000231,TSK-000482,계획서,2026년 방재대행자 수행능력 평가 계획서.pdf,,,SD03-1,2026-08-16,예시 데이터(시연용)
EVD-000232,TSK-000483,계획서,2026년 방재대행자 수행능력 평가 계획서.pdf,,,SD03-1,2026-08-22,예시 데이터(시연용)
EVD-000233,TSK-000485,점검표,2026년 상반기 급경사지에 대한 안전점검 결과의 공개 점검 결과표.pdf,,,SD03-1,2026-09-16,예시 데이터(시연용)
EVD-000234,TSK-000489,점검표,2026년 상반기 적용범위 및 성능검사기관 점검 결과표.pdf,,,SD03-1,2026-07-15,예시 데이터(시연용)
EVD-000235,TSK-000490,점검표,2026년 하반기 적용범위 및 성능검사기관 점검 결과표.pdf,,,SD03-1,2026-07-21,예시 데이터(시연용)
EVD-000236,TSK-000491,점검표,2026년 상반기 적용범위 및 성능검사기관 점검 결과표.pdf,,,SD03-1,2026-07-27,예시 데이터(시연용)
EVD-000237,TSK-000491,사진,적용범위 및 성능검사기관 현장사진.zip,,,SD03-1,2026-07-27,예시 데이터(시연용)
EVD-000238,TSK-000492,점검표,2026년 하반기 재해위험도평가 등 점검 결과표.pdf,,,SD03-1,2026-08-02,예시 데이터(시연용)
EVD-000239,TSK-000493,점검표,2026년 상반기 재해위험도평가 등 점검 결과표.pdf,,,SD03-1,2026-08-20,예시 데이터(시연용)
EVD-000240,TSK-000494,점검표,2026년 하반기 재해위험도평가 등 점검 결과표.pdf,,,SD03-1,2026-08-26,예시 데이터(시연용)
EVD-000241,TSK-000494,사진,재해위험도평가 등 현장사진.zip,,,SD03-1,2026-08-26,예시 데이터(시연용)
EVD-000242,TSK-000496,점검표,2026년 하반기 재해위험도평가 등 점검 결과표.pdf,,,SD03-1,2026-09-07,예시 데이터(시연용)
EVD-000243,TSK-000497,점검표,2026년 상반기 재해위험도평가 등 점검 결과표.pdf,,,SD03-1,2026-09-13,예시 데이터(시연용)
EVD-000244,TSK-000501,점검표,2026년 상반기 평가방법 등 점검 결과표.pdf,,,SD03-1,2026-09-20,예시 데이터(시연용)
EVD-000245,TSK-000501,사진,평가방법 등 현장사진.zip,,,SD03-1,2026-09-20,예시 데이터(시연용)
EVD-000246,TSK-000509,점검표,2026년 상반기 토질조사 자료 등의 활용 점검 결과표.pdf,,,SD03-1,2026-09-12,예시 데이터(시연용)
EVD-000247,TSK-000512,점검표,2026년 하반기 급경사지에 대한 안전점검 점검 결과표.pdf,,,SD03-1,2026-09-09,예시 데이터(시연용)
EVD-000248,TSK-000515,점검표,2026년 상반기 급경사지에 대한 안전점검 점검 결과표.pdf,,,SD03-1,2026-07-15,예시 데이터(시연용)
EVD-000249,TSK-000515,사진,급경사지에 대한 안전점검 현장사진.zip,,,SD03-1,2026-07-15,예시 데이터(시연용)
EVD-000250,TSK-000516,점검표,2026년 하반기 급경사지 실태조사 점검 결과표.pdf,,,SD03-1,2026-07-21,예시 데이터(시연용)
EVD-000251,TSK-000518,점검표,2026년 하반기 급경사지 실태조사 점검 결과표.pdf,,,SD03-1,2026-08-14,예시 데이터(시연용)
EVD-000252,TSK-000519,점검표,2026년 상반기 급경사지 실태조사 점검 결과표.pdf,,,SD03-1,2026-08-20,예시 데이터(시연용)
EVD-000253,TSK-000519,사진,급경사지 실태조사 현장사진.zip,,,SD03-1,2026-08-20,예시 데이터(시연용)
EVD-000254,TSK-000520,점검표,2026년 하반기 붕괴위험지역의 지정 등 점검 결과표.pdf,,,SD03-1,2026-08-26,예시 데이터(시연용)
EVD-000255,TSK-000521,점검표,2026년 상반기 붕괴위험지역의 지정 등 점검 결과표.pdf,,,SD03-1,2026-09-01,예시 데이터(시연용)
EVD-000256,TSK-000523,점검표,2026년 상반기 붕괴위험지역의 지정 등 점검 결과표.pdf,,,SD03-1,2026-09-13,예시 데이터(시연용)
EVD-000257,TSK-000523,사진,붕괴위험지역의 지정 등 현장사진.zip,,,SD03-1,2026-09-13,예시 데이터(시연용)
EVD-000258,TSK-000528,점검표,2026년 하반기 성능검사 주기 점검 결과표.pdf,,,SD03-1,2026-09-13,예시 데이터(시연용)
EVD-000259,TSK-000531,점검표,2026년 상반기 성능검사 주기 점검 결과표.pdf,,,SD03-1,2026-09-10,예시 데이터(시연용)
EVD-000260,TSK-000536,점검표,2026년 하반기 성능검사 주기 점검 결과표.pdf,,,SD03-1,2026-09-05,예시 데이터(시연용)
EVD-000261,TSK-000536,사진,성능검사 주기 현장사진.zip,,,SD03-1,2026-09-05,예시 데이터(시연용)
EVD-000262,TSK-000539,점검표,2026년 상반기 성능검사 주기 점검 결과표.pdf,,,SD03-1,2026-09-02,예시 데이터(시연용)
EVD-000263,TSK-000540,점검표,2026년 하반기 작업구 점검계획 점검 결과표.pdf,,,SD03-1,2026-07-09,예시 데이터(시연용)
EVD-000264,TSK-000542,점검표,2026년 하반기 작업구 점검계획 점검 결과표.pdf,,,SD03-1,2026-08-02,예시 데이터(시연용)
EVD-000265,TSK-000542,사진,작업구 점검계획 현장사진.zip,,,SD03-1,2026-08-02,예시 데이터(시연용)
EVD-000266,TSK-000543,점검표,2026년 상반기 작업구 점검계획 점검 결과표.pdf,,,SD03-1,2026-08-08,예시 데이터(시연용)
EVD-000267,TSK-000545,점검표,2026년 상반기 확인 결과 기재 점검 결과표.pdf,,SCH-0012303,SD03-1,2026-08-20,예시 데이터(시연용)
EVD-000268,TSK-000546,점검표,2026년 하반기 확인 결과 기재 점검 결과표.pdf,,SCH-0012303,SD03-1,2026-08-26,예시 데이터(시연용)
EVD-000269,TSK-000546,사진,확인 결과 기재 현장사진.zip,,,SD03-1,2026-08-26,예시 데이터(시연용)
EVD-000270,TSK-000547,점검표,2026년 상반기 확인 결과 기재 점검 결과표.pdf,,SCH-0012303,SD03-1,2026-09-01,예시 데이터(시연용)
EVD-000271,TSK-000548,점검표,2026년 하반기 불법건축물 확인 결과 점검 결과표.pdf,,SCH-0012303,SD03-1,2026-09-07,예시 데이터(시연용)
EVD-000272,TSK-000555,점검표,2026년 상반기 확인 결과 기재 점검 결과표.pdf,,SCH-0005304,SD03-1,2026-09-06,예시 데이터(시연용)
EVD-000273,TSK-000555,사진,확인 결과 기재 현장사진.zip,,,SD03-1,2026-09-06,예시 데이터(시연용)
EVD-000274,TSK-000558,점검표,2026년 하반기 확인자·결재자 서명 점검 결과표.pdf,,SCH-0005304,SD03-1,2026-09-03,예시 데이터(시연용)
EVD-000275,TSK-000563,점검표,2026년 상반기 굴착 전 표지·관리청 확인 점검 결과표.pdf,,SCH-0005298,SD03-1,2026-09-18,예시 데이터(시연용)
EVD-000276,TSK-000566,훈련 결과보고서,2026년 점용료 부과·복구 검사일 훈련 결과보고서.pdf,,SCH-0005304,SD03-1,2026-07-21,예시 데이터(시연용)
EVD-000277,TSK-000567,훈련 결과보고서,2026년 점용료 부과·복구 검사일 훈련 결과보고서.pdf,,SCH-0005304,SD03-1,2026-07-27,예시 데이터(시연용)
EVD-000278,TSK-000569,훈련 결과보고서,2026년 조사·감독·복구검사 담당 훈련 결과보고서.pdf,,SCH-0005304,SD03-1,2026-08-08,예시 데이터(시연용)
EVD-000279,TSK-000570,훈련 결과보고서,2026년 조사·감독·복구검사 담당 훈련 결과보고서.pdf,,SCH-0005304,SD03-1,2026-08-14,예시 데이터(시연용)
EVD-000280,TSK-000572,점검표,2026년 하반기 준공확인 처리기간 점검 결과표.pdf,,SCH-0005304,SD03-1,2026-08-26,예시 데이터(시연용)
EVD-000281,TSK-000572,사진,준공확인 처리기간 현장사진.zip,,,SD03-1,2026-08-26,예시 데이터(시연용)
EVD-000282,TSK-000573,점검표,2026년 상반기 준공확인 처리기간 점검 결과표.pdf,,SCH-0005304,SD03-1,2026-09-01,예시 데이터(시연용)
EVD-000283,TSK-000574,점검표,2026년 하반기 준공확인 처리기간 점검 결과표.pdf,,SCH-0005304,SD03-1,2026-09-07,예시 데이터(시연용)
EVD-000284,TSK-000582,점검표,2026년 하반기 관계법령 안전점검계획·수행 점검 결과표.pdf,,,SD03-1,2026-09-19,예시 데이터(시연용)
EVD-000285,TSK-000582,사진,관계법령 안전점검계획·수행 현장사진.zip,,,SD03-1,2026-09-19,예시 데이터(시연용)
EVD-000286,TSK-000585,점검표,2026년 상반기 관계법령 안전점검계획·수행 점검 결과표.pdf,,,SD03-1,2026-09-16,예시 데이터(시연용)
EVD-000287,TSK-000590,점검표,2026년 하반기 관계법령 안전점검계획·수행 점검 결과표.pdf,,,SD03-1,2026-09-11,예시 데이터(시연용)
EVD-000288,TSK-000592,점검표,2026년 하반기 관계법령 안전점검계획·수행 점검 결과표.pdf,,,SD03-1,2026-07-21,예시 데이터(시연용)
EVD-000289,TSK-000592,사진,관계법령 안전점검계획·수행 현장사진.zip,,,SD03-1,2026-07-21,예시 데이터(시연용)
EVD-000290,TSK-000593,점검표,2026년 상반기 관계법령 안전점검계획·수행 점검 결과표.pdf,,,SD03-1,2026-07-27,예시 데이터(시연용)
EVD-000291,TSK-000594,점검표,2026년 하반기 관계법령 안전점검계획·수행 점검 결과표.pdf,,,SD03-1,2026-08-02,예시 데이터(시연용)
EVD-000292,TSK-000596,점검표,2026년 하반기 관계법령 안전점검계획·수행 점검 결과표.pdf,,,SD03-1,2026-08-14,예시 데이터(시연용)
EVD-000293,TSK-000596,사진,관계법령 안전점검계획·수행 현장사진.zip,,,SD03-1,2026-08-14,예시 데이터(시연용)
EVD-000294,TSK-000597,점검표,2026년 상반기 관계법령 안전점검계획·수행 점검 결과표.pdf,,,SD03-1,2026-08-20,예시 데이터(시연용)
EVD-000295,TSK-000599,점검표,2026년 상반기 관계법령 안전점검계획·수행 점검 결과표.pdf,,,SD03-1,2026-09-01,예시 데이터(시연용)
EVD-000296,TSK-000601,점검표,2026년 상반기 공정평가 점검 결과표.pdf,,,SD04-1,2026-09-20,예시 데이터(시연용)
EVD-000297,TSK-000601,사진,공정평가 현장사진.zip,,,SD04-1,2026-09-20,예시 데이터(시연용)
EVD-000298,TSK-000609,점검표,2026년 상반기 정수처리기준 등 점검 결과표.pdf,,SCH-0009025,SD04-1,2026-09-12,예시 데이터(시연용)
EVD-000299,TSK-000618,점검표,2026년 하반기 병원성 미생물의 분포 실태조사 점검 결과표.pdf,,,SD04-1,2026-07-21,예시 데이터(시연용)
EVD-000300,TSK-000620,측정결과표,2026년 하반기 수질검사와 수량분석 측정 결과표.pdf,,,SD04-1,2026-09-01,예시 데이터(시연용)
EVD-000301,TSK-000624,점검표,2026년 하반기 자체기술진단 점검 결과표.pdf,,SCH-0009025,SD04-1,2026-08-26,예시 데이터(시연용)
EVD-000302,TSK-000628,측정결과표,2026년 하반기 건강진단 측정 결과표.pdf,,,SD04-1,2026-06-02,예시 데이터(시연용)
EVD-000303,TSK-000629,측정결과표,2026년 상반기 건강진단 측정 결과표.pdf,,,SD04-1,2026-06-08,예시 데이터(시연용)
EVD-000304,TSK-000631,측정결과표,2026년 상반기 건강진단 측정 결과표.pdf,,,SD04-1,2026-06-20,예시 데이터(시연용)
EVD-000305,TSK-000632,측정결과표,2026년 하반기 건강진단 측정 결과표.pdf,,,SD04-1,2026-06-26,예시 데이터(시연용)
EVD-000306,TSK-000634,측정결과표,2026년 하반기 건강진단 측정 결과표.pdf,,,SD04-1,2026-07-08,예시 데이터(시연용)
EVD-000307,TSK-000635,측정결과표,2026년 상반기 건강진단 측정 결과표.pdf,,,SD04-1,2026-07-14,예시 데이터(시연용)
EVD-000308,TSK-000636,점검표,2026년 하반기 수돗물 검사·결과 공표 점검 결과표.pdf,,SCH-0009022,SD04-1,2026-09-05,예시 데이터(시연용)
EVD-000309,TSK-000636,사진,수돗물 검사·결과 공표 현장사진.zip,,,SD04-1,2026-09-05,예시 데이터(시연용)
EVD-000310,TSK-000640,측정결과표,2026년 하반기 소규모급수시설 수질검사 측정 결과표.pdf,,,SD04-1,2026-08-25,예시 데이터(시연용)
EVD-000311,TSK-000642,측정결과표,2026년 하반기 소규모급수시설 수질검사 측정 결과표.pdf,,,SD04-1,2026-09-06,예시 데이터(시연용)
EVD-000312,TSK-000643,측정결과표,2026년 상반기 소규모급수시설 수질검사 측정 결과표.pdf,,,SD04-1,2026-09-12,예시 데이터(시연용)
EVD-000313,TSK-000645,점검표,2026년 상반기 일반기술진단의 시행방법 점검 결과표.pdf,,,SD04-1,2026-07-27,예시 데이터(시연용)
EVD-000314,TSK-000647,점검표,2026년 상반기 일반기술진단의 시행방법 점검 결과표.pdf,,,SD04-1,2026-08-08,예시 데이터(시연용)
EVD-000315,TSK-000648,점검표,2026년 하반기 수도시설에 대한 기술진단 등 점검 결과표.pdf,,,SD04-1,2026-08-14,예시 데이터(시연용)
EVD-000316,TSK-000650,점검표,2026년 하반기 수도시설에 대한 기술진단 등 점검 결과표.pdf,,,SD04-1,2026-09-07,예시 데이터(시연용)
EVD-000317,TSK-000650,사진,수도시설에 대한 기술진단 등 현장사진.zip,,,SD04-1,2026-09-07,예시 데이터(시연용)
EVD-000318,TSK-000651,점검표,2026년 상반기 수도시설에 대한 기술진단 등 점검 결과표.pdf,,,SD04-1,2026-09-13,예시 데이터(시연용)
EVD-000319,TSK-000655,점검표,2026년 상반기 수도시설에 대한 기술진단 등 점검 결과표.pdf,,,SD04-1,2026-09-06,예시 데이터(시연용)
EVD-000320,TSK-000663,점검표,2026년 상반기 전문기술진단의 시행방법 점검 결과표.pdf,,,SD04-1,2026-09-18,예시 데이터(시연용)
EVD-000321,TSK-000663,사진,전문기술진단의 시행방법 현장사진.zip,,,SD04-1,2026-09-18,예시 데이터(시연용)
EVD-000322,TSK-000666,점검표,2026년 하반기 샤워용 수도꼭지 유량 점검 결과표.pdf,,SCH-0009025,SD04-1,2026-09-15,예시 데이터(시연용)
EVD-000323,TSK-000669,점검표,2026년 상반기 시험성적서 기준 점검 결과표.pdf,,SCH-0009025,SD04-1,2026-07-15,예시 데이터(시연용)
EVD-000324,TSK-000670,점검표,2026년 하반기 시험성적서 기준 점검 결과표.pdf,,SCH-0009025,SD04-1,2026-07-21,예시 데이터(시연용)
EVD-000325,TSK-000670,사진,시험성적서 기준 현장사진.zip,,,SD04-1,2026-07-21,예시 데이터(시연용)
EVD-000326,TSK-000674,측정결과표,2026년 하반기 수질·수위·수량 측정설비 측정 결과표.pdf,,SCH-0009025,SD04-1,2026-09-07,예시 데이터(시연용)
EVD-000327,TSK-000677,점검표,2026년 상반기 관로 점검구 설치 점검 결과표.pdf,,SCH-0009025,SD04-1,2026-09-13,예시 데이터(시연용)
EVD-000328,TSK-000682,점검표,2026년 하반기 안전검사 신청 점검 결과표.pdf,,SCH-0000620,SD09-1,2026-09-19,예시 데이터(시연용)
EVD-000329,TSK-000682,사진,안전검사 신청 현장사진.zip,,,SD09-1,2026-09-19,예시 데이터(시연용)
EVD-000330,TSK-000685,점검표,2026년 상반기 안전점검의 실시 점검 결과표.pdf,,,SD02-1,2026-09-16,예시 데이터(시연용)
EVD-000331,TSK-000688,점검표,2026년 하반기 시설물 안전등급 지정 점검 결과표.pdf,,,SD02-1,2026-09-13,예시 데이터(시연용)
EVD-000332,TSK-000690,점검표,2026년 하반기 시설물 안전등급 지정 점검 결과표.pdf,,,SD02-1,2026-09-11,예시 데이터(시연용)
EVD-000333,TSK-000690,사진,시설물 안전등급 지정 현장사진.zip,,,SD02-1,2026-09-11,예시 데이터(시연용)
EVD-000334,TSK-000693,점검표,2026년 상반기 관리계획 시·도지사 보고 점검 결과표.pdf,,SCH-0000941,SD02-1,2026-09-08,예시 데이터(시연용)
EVD-000335,TSK-000695,점검표,2026년 상반기 관리계획 시·도지사 보고 점검 결과표.pdf,,SCH-0000941,SD02-1,2026-07-15,예시 데이터(시연용)
EVD-000336,TSK-000696,점검표,2026년 하반기 안전점검 및 정밀안전진단 결과보고 등 점검 결과표.pdf,,,SD02-1,2026-07-21,예시 데이터(시연용)
EVD-000337,TSK-000696,사진,안전점검 및 정밀안전진단 결과보고 등 현장사진.zip,,,SD02-1,2026-07-21,예시 데이터(시연용)
EVD-000338,TSK-000697,점검표,2026년 상반기 안전점검 및 정밀안전진단 결과보고 등 점검 결과표.pdf,,,SD02-1,2026-08-08,예시 데이터(시연용)
EVD-000339,TSK-000699,점검표,2026년 상반기 안전점검 및 정밀안전진단 결과보고 등 점검 결과표.pdf,,,SD02-1,2026-08-20,예시 데이터(시연용)
EVD-000340,TSK-000700,점검표,2026년 하반기 소규모취약시설 관리계획 수립 점검 결과표.pdf,,,SD02-1,2026-08-26,예시 데이터(시연용)
EVD-000341,TSK-000700,사진,소규모취약시설 관리계획 수립 현장사진.zip,,,SD02-1,2026-08-26,예시 데이터(시연용)
EVD-000342,TSK-000701,점검표,2026년 상반기 소규모취약시설 관리계획 수립 점검 결과표.pdf,,,SD02-1,2026-09-01,예시 데이터(시연용)
EVD-000343,TSK-000702,점검표,2026년 하반기 소규모취약시설 관리계획 수립 점검 결과표.pdf,,,SD02-1,2026-09-07,예시 데이터(시연용)
EVD-000344,TSK-000703,점검표,2026년 상반기 소규모취약시설 관리계획 수립 점검 결과표.pdf,,,SD02-1,2026-09-13,예시 데이터(시연용)
EVD-000345,TSK-000703,사진,소규모취약시설 관리계획 수립 현장사진.zip,,,SD02-1,2026-09-13,예시 데이터(시연용)
EVD-000346,TSK-000704,점검표,2026년 하반기 소규모취약시설 계획 보고 점검 결과표.pdf,,,SD02-1,2026-09-17,예시 데이터(시연용)
EVD-000347,TSK-000707,점검표,2026년 상반기 소규모취약시설 계획 보고 점검 결과표.pdf,,,SD02-1,2026-09-14,예시 데이터(시연용)
EVD-000348,TSK-000709,점검표,2026년 상반기 안전점검등 성실수행 점검 결과표.pdf,,,SD02-1,2026-09-12,예시 데이터(시연용)
EVD-000349,TSK-000709,사진,안전점검등 성실수행 현장사진.zip,,,SD02-1,2026-09-12,예시 데이터(시연용)
EVD-000350,TSK-000712,점검표,시설물의 성능평가 기준 적합 확인서.pdf,,,SD02-1,2026-09-09,예시 데이터(시연용)
EVD-000351,TSK-000715,점검표,시설물의 성능평가 기준 적합 확인서.pdf,,,SD02-1,2026-09-06,예시 데이터(시연용)
EVD-000352,TSK-000720,점검표,시설물을 유지관리 또는 성능평가를 하는 자의 의 기준 적합 확인서.pdf,,,SD02-1,2026-09-01,예시 데이터(시연용)
EVD-000353,TSK-000720,사진,시설물을 유지관리 또는 성능평가를 하는 자의 의 현장사진.zip,,,SD02-1,2026-09-01,예시 데이터(시연용)
EVD-000354,TSK-000723,점검표,시설물을 유지관리 또는 성능평가를 하는 자의 의 기준 적합 확인서.pdf,,,SD02-1,2026-09-18,예시 데이터(시연용)
EVD-000355,TSK-000724,점검표,2026년 하반기 실태점검 시정요청 이행 점검 결과표.pdf,,,SD02-1,2026-08-14,예시 데이터(시연용)
EVD-000356,TSK-000726,점검표,2026년 하반기 실태점검 시정요청 이행 점검 결과표.pdf,,,SD02-1,2026-08-26,예시 데이터(시연용)
EVD-000357,TSK-000726,사진,실태점검 시정요청 이행 현장사진.zip,,,SD02-1,2026-08-26,예시 데이터(시연용)
EVD-000358,TSK-000727,점검표,2026년 상반기 실태점검 시정요청 이행 점검 결과표.pdf,,,SD02-1,2026-09-01,예시 데이터(시연용)
EVD-000359,TSK-000728,점검표,2026년 하반기 실태점검 자료제출 점검 결과표.pdf,,,SD02-1,2026-09-07,예시 데이터(시연용)
EVD-000360,TSK-000731,점검표,2026년 상반기 실태점검 자료제출 점검 결과표.pdf,,,SD02-1,2026-09-10,예시 데이터(시연용)
EVD-000361,TSK-000731,사진,실태점검 자료제출 현장사진.zip,,,SD02-1,2026-09-10,예시 데이터(시연용)
EVD-000362,TSK-000734,점검표,2026년 하반기 제3종시설물 지정·고시 점검 결과표.pdf,,,SD02-1,2026-09-07,예시 데이터(시연용)
EVD-000363,TSK-000736,점검표,2026년 하반기 교량 주요부분 점검 결과표.pdf,,SCH-0000927,SD03-1,2026-09-05,예시 데이터(시연용)
EVD-000364,TSK-000739,점검표,2026년 상반기 교량 주요부분 점검 결과표.pdf,,SCH-0000927,SD03-1,2026-09-02,예시 데이터(시연용)
EVD-000365,TSK-000739,사진,교량 주요부분 현장사진.zip,,,SD03-1,2026-09-02,예시 데이터(시연용)
EVD-000366,TSK-000746,점검표,2026년 하반기 건축물 주요부분 점검 결과표.pdf,,SCH-0000927,SD09-1,2026-07-21,예시 데이터(시연용)
EVD-000367,TSK-000747,점검표,2026년 상반기 건축물 주요부분 점검 결과표.pdf,,SCH-0000927,SD09-1,2026-07-27,예시 데이터(시연용)
EVD-000368,TSK-000748,점검표,2026년 하반기 결과보고서 필수 포함사항 점검 결과표.pdf,,SCH-0000927,SD02-1,2026-08-02,예시 데이터(시연용)
EVD-000369,TSK-000748,사진,결과보고서 필수 포함사항 현장사진.zip,,,SD02-1,2026-08-02,예시 데이터(시연용)
EVD-000370,TSK-000749,점검표,2026년 상반기 결과보고서 필수 포함사항 점검 결과표.pdf,,SCH-0000927,SD02-1,2026-08-08,예시 데이터(시연용)
EVD-000371,TSK-000750,점검표,2026년 하반기 결과보고서 필수 포함사항 점검 결과표.pdf,,SCH-0000927,SD02-1,2026-08-14,예시 데이터(시연용)
EVD-000372,TSK-000751,점검표,2026년 상반기 결과보고서 필수 포함사항 점검 결과표.pdf,,SCH-0000927,SD02-1,2026-08-20,예시 데이터(시연용)
EVD-000373,TSK-000751,사진,결과보고서 필수 포함사항 현장사진.zip,,,SD02-1,2026-08-20,예시 데이터(시연용)
EVD-000374,TSK-000752,점검표,2026년 하반기 상태평가 항목 점검 결과표.pdf,,SCH-0000927,SD02-1,2026-08-26,예시 데이터(시연용)
EVD-000375,TSK-000753,점검표,2026년 상반기 상태평가 항목 점검 결과표.pdf,,SCH-0000927,SD02-1,2026-09-01,예시 데이터(시연용)
EVD-000376,TSK-000754,점검표,2026년 하반기 상태평가 항목 점검 결과표.pdf,,SCH-0000927,SD02-1,2026-09-07,예시 데이터(시연용)
EVD-000377,TSK-000754,사진,상태평가 항목 현장사진.zip,,,SD02-1,2026-09-07,예시 데이터(시연용)
EVD-000378,TSK-000755,점검표,2026년 상반기 상태평가 항목 점검 결과표.pdf,,SCH-0000927,SD02-1,2026-09-06,예시 데이터(시연용)
EVD-000379,TSK-000758,훈련 결과보고서,2026년 구조해석 등 안전성 평가 훈련 결과보고서.pdf,,SCH-0000927,SD02-1,2026-09-03,예시 데이터(시연용)
EVD-000380,TSK-000761,점검표,2026년 상반기 보수·보강 방법 점검 결과표.pdf,,SCH-0000927,SD02-1,2026-09-20,예시 데이터(시연용)
EVD-000381,TSK-000761,사진,보수·보강 방법 현장사진.zip,,,SD02-1,2026-09-20,예시 데이터(시연용)
EVD-000382,TSK-000763,점검표,2026년 상반기 보수·보강 방법 점검 결과표.pdf,,SCH-0000927,SD02-1,2026-09-18,예시 데이터(시연용)
EVD-000383,TSK-000766,훈련 결과보고서,2026년 긴급안전점검 실시·요구 훈련 결과보고서.pdf,,SCH-0000941,SD02-1,2026-09-15,예시 데이터(시연용)
EVD-000384,TSK-000769,훈련 결과보고서,2026년 점검 요구에 응할 의무 훈련 결과보고서.pdf,,SCH-0000941,SD02-1,2026-09-12,예시 데이터(시연용)
EVD-000385,TSK-000772,점검표,2026년 하반기 시설물 안전등급 5단계 점검 결과표.pdf,,SCH-0000927,SD02-1,2026-07-21,예시 데이터(시연용)
EVD-000386,TSK-000773,점검표,2026년 상반기 시설물 안전등급 5단계 점검 결과표.pdf,,SCH-0000927,SD02-1,2026-07-27,예시 데이터(시연용)
EVD-000387,TSK-000774,점검표,2026년 하반기 시설물 안전등급 5단계 점검 결과표.pdf,,SCH-0000927,SD02-1,2026-08-02,예시 데이터(시연용)
EVD-000388,TSK-000775,점검표,2026년 상반기 시설물 안전등급 5단계 점검 결과표.pdf,,SCH-0000927,SD02-1,2026-08-08,예시 데이터(시연용)
EVD-000389,TSK-000775,사진,시설물 안전등급 5단계 현장사진.zip,,,SD02-1,2026-08-08,예시 데이터(시연용)
EVD-000390,TSK-000776,보고·게시 증빙,2026년 하반기 관계법령 안전점검계획·수행 보고 공문.pdf,,,SD13-1,2026-08-14,예시 데이터(시연용)
EVD-000391,TSK-000777,보고·게시 증빙,2026년 상반기 관계법령 안전점검계획·수행 보고 공문.pdf,,,SD13-1,2026-08-20,예시 데이터(시연용)
EVD-000392,TSK-000778,보고·게시 증빙,2026년 하반기 관계법령 안전점검계획·수행 보고 공문.pdf,,,SD13-1,2026-08-26,예시 데이터(시연용)
EVD-000393,TSK-000779,보고·게시 증빙,2026년 상반기 관계법령 안전점검계획·수행 보고 공문.pdf,,,SD13-1,2026-09-01,예시 데이터(시연용)
EVD-000394,TSK-000782,관리대장,관계법령 안전점검계획·수행 관리대장.pdf,,,SD13-1,2026-09-19,예시 데이터(시연용)
EVD-000395,TSK-000783,관리대장,관계법령 안전점검계획·수행 관리대장.pdf,,,SD13-1,2026-05-24,예시 데이터(시연용)
EVD-000396,TSK-000785,점검표,2026년 상반기 관계법령 안전점검계획·수행 점검 결과표.pdf,,,SD13-1,2026-09-16,예시 데이터(시연용)
EVD-000397,TSK-000785,사진,관계법령 안전점검계획·수행 현장사진.zip,,,SD13-1,2026-09-16,예시 데이터(시연용)
EVD-000398,TSK-000790,훈련 결과보고서,2026년 관계법령 안전점검계획·수행 훈련 결과보고서.pdf,,,SD13-1,2026-09-11,예시 데이터(시연용)
EVD-000399,TSK-000792,점검표,관계법령 안전점검계획·수행 기준 적합 확인서.pdf,,,SD13-1,2026-07-17,예시 데이터(시연용)
EVD-000400,TSK-000793,점검표,관계법령 안전점검계획·수행 기준 적합 확인서.pdf,,,SD13-1,2026-08-04,예시 데이터(시연용)
EVD-000401,TSK-000793,사진,관계법령 안전점검계획·수행 현장사진.zip,,,SD13-1,2026-08-04,예시 데이터(시연용)
EVD-000402,TSK-000794,점검표,관계법령 안전점검계획·수행 기준 적합 확인서.pdf,,,SD13-1,2026-08-10,예시 데이터(시연용)
EVD-000403,TSK-000795,점검표,관계법령 안전점검계획·수행 기준 적합 확인서.pdf,,,SD13-1,2026-08-16,예시 데이터(시연용)
EVD-000404,TSK-000796,점검표,2026년 하반기 관계법령 안전점검계획·수행 점검 결과표.pdf,,,SD13-1,2026-09-05,예시 데이터(시연용)
EVD-000405,TSK-000796,사진,관계법령 안전점검계획·수행 현장사진.zip,,,SD13-1,2026-09-05,예시 데이터(시연용)
EVD-000406,TSK-000799,점검표,2026년 상반기 관계법령 안전점검계획·수행 점검 결과표.pdf,,,SD13-1,2026-07-27,예시 데이터(시연용)
EVD-000407,TSK-000800,보고·게시 증빙,2026년 하반기 관계법령 안전점검계획·수행 보고 공문.pdf,,,SD13-1,2026-08-02,예시 데이터(시연용)
EVD-000408,TSK-000801,보고·게시 증빙,2026년 상반기 관계법령 안전점검계획·수행 보고 공문.pdf,,,SD13-1,2026-08-08,예시 데이터(시연용)
EVD-000409,TSK-000802,보고·게시 증빙,2026년 하반기 관계법령 안전점검계획·수행 보고 공문.pdf,,,SD13-1,2026-08-14,예시 데이터(시연용)
EVD-000410,TSK-000803,보고·게시 증빙,2026년 상반기 관계법령 안전점검계획·수행 보고 공문.pdf,,,SD13-1,2026-08-20,예시 데이터(시연용)
EVD-000411,TSK-000804,계획서,2026년 관계법령 안전점검계획·수행 계획서.pdf,,,SD13-1,2026-09-17,예시 데이터(시연용)
EVD-000412,TSK-000809,점검표,2026년 상반기 관계법령 안전점검계획·수행 점검 결과표.pdf,,,SD13-1,2026-09-12,예시 데이터(시연용)
EVD-000413,TSK-000809,사진,관계법령 안전점검계획·수행 현장사진.zip,,,SD13-1,2026-09-12,예시 데이터(시연용)
EVD-000414,TSK-000812,점검표,2026년 하반기 관계법령 안전점검계획·수행 점검 결과표.pdf,,,SD13-1,2026-09-09,예시 데이터(시연용)
EVD-000415,TSK-000820,점검표,2026년 하반기 관계법령 안전점검계획·수행 점검 결과표.pdf,,,SD13-1,2026-09-01,예시 데이터(시연용)
EVD-000416,TSK-000823,점검표,2026년 상반기 안전점검 점검 결과표.pdf,,,SD13-1,2026-07-15,예시 데이터(시연용)
EVD-000417,TSK-000823,사진,안전점검 현장사진.zip,,,SD13-1,2026-07-15,예시 데이터(시연용)
EVD-000418,TSK-000824,점검표,2026년 하반기 안전점검 점검 결과표.pdf,,,SD13-1,2026-07-21,예시 데이터(시연용)
EVD-000419,TSK-000826,점검표,2026년 하반기 안전점검 점검 결과표.pdf,,,SD13-1,2026-08-02,예시 데이터(시연용)
EVD-000420,TSK-000827,점검표,2026년 상반기 안전점검 점검 결과표.pdf,,,SD13-1,2026-08-08,예시 데이터(시연용)
EVD-000421,TSK-000827,사진,안전점검 현장사진.zip,,,SD13-1,2026-08-08,예시 데이터(시연용)
EVD-000422,TSK-000828,점검표,2026년 하반기 안전점검 점검 결과표.pdf,,,SD13-1,2026-08-14,예시 데이터(시연용)
EVD-000423,TSK-000829,점검표,2026년 상반기 안전점검 점검 결과표.pdf,,,SD13-1,2026-09-01,예시 데이터(시연용)
EVD-000424,TSK-000830,점검표,2026년 하반기 합동안전점검 점검 결과표.pdf,,,SD13-1,2026-09-07,예시 데이터(시연용)
EVD-000425,TSK-000830,사진,합동안전점검 현장사진.zip,,,SD13-1,2026-09-07,예시 데이터(시연용)
EVD-000426,TSK-000831,점검표,2026년 상반기 합동안전점검 점검 결과표.pdf,,,SD13-1,2026-09-13,예시 데이터(시연용)
EVD-000427,TSK-000836,점검표,2026년 하반기 재해위험저수지·댐의 지정 및 관리 점검 결과표.pdf,,,SD13-1,2026-09-05,예시 데이터(시연용)
EVD-000428,TSK-000839,점검표,2026년 상반기 재해위험저수지·댐의 지정 및 관리 점검 결과표.pdf,,,SD13-1,2026-09-02,예시 데이터(시연용)
EVD-000429,TSK-000839,사진,재해위험저수지·댐의 지정 및 관리 현장사진.zip,,,SD13-1,2026-09-02,예시 데이터(시연용)
EVD-000430,TSK-000847,점검표,2026년 상반기 관계법령 안전점검계획·수행 점검 결과표.pdf,,,SD09-1,2026-09-14,예시 데이터(시연용)
EVD-000431,TSK-000849,점검표,2026년 상반기 관계법령 안전점검계획·수행 점검 결과표.pdf,,,SD09-1,2026-07-15,예시 데이터(시연용)
EVD-000432,TSK-000850,점검표,2026년 하반기 관계법령 안전점검계획·수행 점검 결과표.pdf,,,SD09-1,2026-07-21,예시 데이터(시연용)
EVD-000433,TSK-000850,사진,관계법령 안전점검계획·수행 현장사진.zip,,,SD09-1,2026-07-21,예시 데이터(시연용)
EVD-000434,TSK-000851,점검표,2026년 상반기 관계법령 안전점검계획·수행 점검 결과표.pdf,,,SD09-1,2026-07-27,예시 데이터(시연용)
EVD-000435,TSK-000853,점검표,2026년 상반기 관계법령 안전점검계획·수행 점검 결과표.pdf,,,SD09-1,2026-08-20,예시 데이터(시연용)
EVD-000436,TSK-000854,점검표,2026년 하반기 관계법령 안전점검계획·수행 점검 결과표.pdf,,,SD09-1,2026-08-26,예시 데이터(시연용)
EVD-000437,TSK-000854,사진,관계법령 안전점검계획·수행 현장사진.zip,,,SD09-1,2026-08-26,예시 데이터(시연용)
EVD-000438,TSK-000855,점검표,2026년 상반기 관계법령 안전점검계획·수행 점검 결과표.pdf,,,SD09-1,2026-09-01,예시 데이터(시연용)
EVD-000439,TSK-000856,점검표,2026년 하반기 관계법령 안전점검계획·수행 점검 결과표.pdf,,,SD09-1,2026-09-07,예시 데이터(시연용)
EVD-000440,TSK-000857,점검표,2026년 상반기 관계법령 안전점검계획·수행 점검 결과표.pdf,,,SD09-1,2026-09-13,예시 데이터(시연용)
EVD-000441,TSK-000857,사진,관계법령 안전점검계획·수행 현장사진.zip,,,SD09-1,2026-09-13,예시 데이터(시연용)
EVD-000442,TSK-000858,점검표,2026년 하반기 관계법령 안전점검계획·수행 점검 결과표.pdf,,,SD09-1,2026-09-03,예시 데이터(시연용)
EVD-000443,TSK-000863,점검표,2026년 상반기 축대·옹벽·부대시설 상태 점검 결과표.pdf,,SCH-0005500,SD03-1,2026-09-18,예시 데이터(시연용)
EVD-000444,TSK-000874,점검표,2026년 하반기 점검 대상 및 주기 등 점검 결과표.pdf,,,SD05-1,2026-09-07,예시 데이터(시연용)
EVD-000445,TSK-000874,사진,점검 대상 및 주기 등 현장사진.zip,,,SD05-1,2026-09-07,예시 데이터(시연용)
EVD-000446,TSK-000882,측정결과표,2026년 하반기 측정 항목 측정 결과표.pdf,,SCH-0009088,SD05-1,2026-09-19,예시 데이터(시연용)
EVD-000447,TSK-000888,점검표,단지내도로 교통안전시설의 설치·관리기준 — 유지 기준 적합 확인서.pdf,,,SD03-1,2026-05-20,예시 데이터(시연용)
EVD-000448,TSK-000889,점검표,단지내도로 교통안전시설의 설치·관리기준 — 유지 기준 적합 확인서.pdf,,,SD03-1,2026-06-07,예시 데이터(시연용)
EVD-000449,TSK-000889,사진,단지내도로 교통안전시설의 설치·관리기준 — 유지 현장사진.zip,,,SD03-1,2026-06-07,예시 데이터(시연용)
EVD-000450,TSK-000890,점검표,단지내도로 교통안전시설의 설치·관리기준 — 보수 기준 적합 확인서.pdf,,,SD03-1,2026-06-13,예시 데이터(시연용)
EVD-000451,TSK-000891,점검표,단지내도로 교통안전시설의 설치·관리기준 — 보수 기준 적합 확인서.pdf,,,SD03-1,2026-06-19,예시 데이터(시연용)
EVD-000452,TSK-000892,점검표,단지내도로 교통안전시설의 설치·관리기준 — 보수 기준 적합 확인서.pdf,,,SD03-1,2026-06-25,예시 데이터(시연용)
EVD-000453,TSK-000892,사진,단지내도로 교통안전시설의 설치·관리기준 — 보수 현장사진.zip,,,SD03-1,2026-06-25,예시 데이터(시연용)
EVD-000454,TSK-000893,점검표,단지내도로 교통안전시설의 설치·관리기준 — 보수 기준 적합 확인서.pdf,,,SD03-1,2026-07-01,예시 데이터(시연용)
EVD-000455,TSK-000894,계획서,2026년 안전계획 수립·이행 계획서.pdf,,,SD13-1,2026-07-07,예시 데이터(시연용)
EVD-000456,TSK-000895,계획서,2026년 안전계획 수립·이행 계획서.pdf,,,SD13-1,2026-07-13,예시 데이터(시연용)
EVD-000457,TSK-000896,계획서,2026년 안전계획 수립·이행 계획서.pdf,,,SD13-1,2026-07-19,예시 데이터(시연용)
EVD-000458,TSK-000897,계획서,2026년 안전계획 수립·이행 계획서.pdf,,,SD13-1,2026-07-25,예시 데이터(시연용)
EVD-000459,TSK-000899,점검표,붕괴위험지역 정비 중기계획의 수립 기준 적합 확인서.pdf,,,SD03-1,2026-08-06,예시 데이터(시연용)
EVD-000460,TSK-000900,점검표,붕괴위험지역 정비 중기계획의 수립 기준 적합 확인서.pdf,,,SD03-1,2026-08-12,예시 데이터(시연용)
EVD-000461,TSK-000900,사진,붕괴위험지역 정비 중기계획의 수립 현장사진.zip,,,SD03-1,2026-08-12,예시 데이터(시연용)
EVD-000462,TSK-000901,점검표,붕괴위험지역 정비 중기계획의 수립 기준 적합 확인서.pdf,,,SD03-1,2026-08-30,예시 데이터(시연용)
EVD-000463,TSK-000902,점검표,붕괴위험지역의 정비사업 실시계획 기준 적합 확인서.pdf,,,SD03-1,2026-09-05,예시 데이터(시연용)
EVD-000464,TSK-000909,점검표,붕괴위험지역의 정비사업 실시계획 기준 적합 확인서.pdf,,,SD03-1,2026-09-12,예시 데이터(시연용)
EVD-000465,TSK-000909,사진,붕괴위험지역의 정비사업 실시계획 현장사진.zip,,,SD03-1,2026-09-12,예시 데이터(시연용)
EVD-000466,TSK-000912,점검표,붕괴위험지역의 정비사업 실시계획 기준 적합 확인서.pdf,,,SD03-1,2026-09-09,예시 데이터(시연용)
EVD-000467,TSK-000920,점검표,도로정비계획 노선내역서 작성 기준 적합 확인서.pdf,,,SD03-1,2026-09-01,예시 데이터(시연용)
EVD-000468,TSK-000928,작업일지,2026-09 작업구 관리계획 수립 등 작업일지.xlsx,,,SD03-1,2026-09-13,예시 데이터(시연용)
EVD-000469,TSK-000931,보고·게시 증빙,2026년 상반기 공정 계획·실적·대비 보고 공문.pdf,,SCH-0005304,SD03-1,2026-08-20,예시 데이터(시연용)
EVD-000470,TSK-000932,보고·게시 증빙,2026년 하반기 공정 계획·실적·대비 보고 공문.pdf,,SCH-0005304,SD03-1,2026-08-26,예시 데이터(시연용)
EVD-000471,TSK-000934,보고·게시 증빙,2026년 하반기 안전계획 수립·이행 보고 공문.pdf,,,SD13-1,2026-09-07,예시 데이터(시연용)
EVD-000472,TSK-000936,보고·게시 증빙,2026년 하반기 안전계획 수립·이행 보고 공문.pdf,,,SD13-1,2026-09-05,예시 데이터(시연용)
EVD-000473,TSK-000939,보고·게시 증빙,2026년 상반기 안전계획 수립·이행 보고 공문.pdf,,,SD13-1,2026-09-02,예시 데이터(시연용)
EVD-000474,TSK-000942,계획서,2026년 안전계획 수립·이행 계획서.pdf,,,SD13-1,2026-06-08,예시 데이터(시연용)
EVD-000475,TSK-000943,계획서,2026년 안전계획 수립·이행 계획서.pdf,,,SD13-1,2026-06-14,예시 데이터(시연용)
EVD-000476,TSK-000945,계획서,2026년 안전계획 수립·이행 계획서.pdf,,,SD13-1,2026-06-26,예시 데이터(시연용)
EVD-000477,TSK-000946,계획서,2026년 안전계획 수립·이행 계획서.pdf,,,SD13-1,2026-07-02,예시 데이터(시연용)
EVD-000478,TSK-000947,계획서,2026년 안전계획 수립·이행 계획서.pdf,,,SD13-1,2026-07-08,예시 데이터(시연용)
EVD-000479,TSK-000948,계획서,2026년 안전계획 수립·이행 계획서.pdf,,,SD13-1,2026-07-14,예시 데이터(시연용)
EVD-000480,TSK-000949,계획서,2026년 안전계획 수립·이행 계획서.pdf,,,SD13-1,2026-08-01,예시 데이터(시연용)
EVD-000481,TSK-000950,계획서,2026년 안전계획 수립·이행 계획서.pdf,,,SD03-1,2026-08-07,예시 데이터(시연용)
EVD-000482,TSK-000951,계획서,2026년 안전계획 수립·이행 계획서.pdf,,,SD03-1,2026-08-13,예시 데이터(시연용)
EVD-000483,TSK-000953,계획서,2026년 안전계획 수립·이행 계획서.pdf,,,SD03-1,2026-08-25,예시 데이터(시연용)
EVD-000484,TSK-000954,점검표,안전계획 수립·이행 기준 적합 확인서.pdf,,,SD03-1,2026-08-31,예시 데이터(시연용)
EVD-000485,TSK-000954,사진,안전계획 수립·이행 현장사진.zip,,,SD03-1,2026-08-31,예시 데이터(시연용)
EVD-000486,TSK-000955,점검표,안전계획 수립·이행 기준 적합 확인서.pdf,,,SD03-1,2026-09-06,예시 데이터(시연용)
EVD-000487,TSK-000956,점검표,안전계획 수립·이행 기준 적합 확인서.pdf,,,SD03-1,2026-09-12,예시 데이터(시연용)
EVD-000488,TSK-000958,계획서,2026년 안전계획 수립·이행 계획서.pdf,,,SD03-1,2026-09-03,예시 데이터(시연용)
EVD-000489,TSK-000963,계획서,2026년 안전계획 수립·이행 계획서.pdf,,,SD03-1,2026-09-18,예시 데이터(시연용)
EVD-000490,TSK-000966,계획서,2026년 안전계획 수립·이행 계획서.pdf,,,SD03-1,2026-09-15,예시 데이터(시연용)
EVD-000491,TSK-000974,계획서,2026년 안전계획 수립·이행 계획서.pdf,,,SD03-1,2026-09-07,예시 데이터(시연용)
EVD-000492,TSK-000982,계획서,2026년 안전계획 수립·이행 계획서.pdf,,,SD03-1,2026-09-19,예시 데이터(시연용)
EVD-000493,TSK-000985,계획서,2026년 안전계획 수립·이행 계획서.pdf,,,SD03-1,2026-09-16,예시 데이터(시연용)
EVD-000494,TSK-000990,계획서,2026년 안전계획 수립·이행 계획서.pdf,,,SD03-1,2026-09-11,예시 데이터(시연용)
EVD-000495,TSK-000991,계획서,2026년 안전계획 수립·이행 계획서.pdf,,,SD03-1,2026-05-16,예시 데이터(시연용)
EVD-000496,TSK-000992,계획서,2026년 안전계획 수립·이행 계획서.pdf,,,SD03-1,2026-05-22,예시 데이터(시연용)
EVD-000497,TSK-000993,계획서,2026년 안전계획 수립·이행 계획서.pdf,,,SD03-1,2026-05-28,예시 데이터(시연용)
EVD-000498,TSK-000994,계획서,2026년 안전계획 수립·이행 계획서.pdf,,,SD03-1,2026-06-03,예시 데이터(시연용)
EVD-000499,TSK-000996,계획서,2026년 안전계획 수립·이행 계획서.pdf,,,SD03-1,2026-06-15,예시 데이터(시연용)
EVD-000500,TSK-000997,계획서,2026년 안전계획 수립·이행 계획서.pdf,,,SD03-1,2026-07-03,예시 데이터(시연용)
EVD-000501,TSK-000999,점검표,소규모 공공시설 유지관리기준 — 취입보 및 낙차 기준 적합 확인서.pdf,,,SD03-1,2026-07-15,예시 데이터(시연용)
EVD-000502,TSK-001000,점검표,소규모 공공시설 유지관리기준 — 취입보 및 낙차 기준 적합 확인서.pdf,,,SD03-1,2026-07-21,예시 데이터(시연용)
EVD-000503,TSK-001001,점검표,소규모 공공시설 유지관리기준 — 취입보 및 낙차 기준 적합 확인서.pdf,,,SD03-1,2026-07-27,예시 데이터(시연용)
EVD-000504,TSK-001002,점검표,소규모 공공시설 유지관리기준 — 아스팔트포장 기준 적합 확인서.pdf,,,SD03-1,2026-08-02,예시 데이터(시연용)
EVD-000505,TSK-001002,사진,소규모 공공시설 유지관리기준 — 아스팔트포장 현장사진.zip,,,SD03-1,2026-08-02,예시 데이터(시연용)
EVD-000506,TSK-001004,점검표,소규모 공공시설 유지관리기준 — 아스팔트포장 기준 적합 확인서.pdf,,,SD03-1,2026-08-14,예시 데이터(시연용)
EVD-000507,TSK-001005,점검표,소규모 공공시설 유지관리기준 — 아스팔트포장 기준 적합 확인서.pdf,,,SD03-1,2026-08-20,예시 데이터(시연용)
EVD-000508,TSK-001007,점검표,소규모 공공시설 유지관리기준 — 재검토기한 기준 적합 확인서.pdf,,,SD03-1,2026-09-01,예시 데이터(시연용)
EVD-000509,TSK-001007,사진,소규모 공공시설 유지관리기준 — 재검토기한 현장사진.zip,,,SD03-1,2026-09-01,예시 데이터(시연용)
EVD-000510,TSK-001008,점검표,소규모 공공시설 유지관리기준 — 재검토기한 기준 적합 확인서.pdf,,,SD03-1,2026-09-07,예시 데이터(시연용)
EVD-000511,TSK-001009,점검표,소규모 공공시설 유지관리기준 — 재검토기한 기준 적합 확인서.pdf,,,SD03-1,2026-09-12,예시 데이터(시연용)
EVD-000512,TSK-001020,점검표,유지관리 기준 적합 확인서.pdf,,,SD04-1,2026-09-01,예시 데이터(시연용)
EVD-000513,TSK-001020,사진,유지관리 현장사진.zip,,,SD04-1,2026-09-01,예시 데이터(시연용)
EVD-000514,TSK-001028,점검표,상수도관망시설의 운영 및 유지관리계획 수립 기준 적합 확인서.pdf,,,SD04-1,2026-09-13,예시 데이터(시연용)
EVD-000515,TSK-001036,점검표,수도정비계획 수립 기준 적합 확인서.pdf,,,SD04-1,2026-09-05,예시 데이터(시연용)
EVD-000516,TSK-001043,점검표,수도정비계획 고시·통보 기준 적합 확인서.pdf,,,SD04-1,2026-05-11,예시 데이터(시연용)
EVD-000517,TSK-001043,사진,수도정비계획 고시·통보 현장사진.zip,,,SD04-1,2026-05-11,예시 데이터(시연용)
EVD-000518,TSK-001045,점검표,수도정비계획 고시·통보 기준 적합 확인서.pdf,,,SD04-1,2026-06-04,예시 데이터(시연용)
EVD-000519,TSK-001047,점검표,수도정비계획 타당성 재검토 기준 적합 확인서.pdf,,,SD04-1,2026-06-16,예시 데이터(시연용)
EVD-000520,TSK-001048,점검표,수도정비계획 타당성 재검토 기준 적합 확인서.pdf,,,SD04-1,2026-06-22,예시 데이터(시연용)
EVD-000521,TSK-001048,사진,수도정비계획 타당성 재검토 현장사진.zip,,,SD04-1,2026-06-22,예시 데이터(시연용)
EVD-000522,TSK-001050,점검표,통합 수도정비계획 고시·통보 기준 적합 확인서.pdf,,SCH-0009022,SD04-1,2026-07-04,예시 데이터(시연용)
EVD-000523,TSK-001051,점검표,통합 수도정비계획 고시·통보 기준 적합 확인서.pdf,,SCH-0009022,SD04-1,2026-07-10,예시 데이터(시연용)
EVD-000524,TSK-001053,점검표,통합 수도정비계획 고시·통보 기준 적합 확인서.pdf,,SCH-0009022,SD04-1,2026-07-22,예시 데이터(시연용)
EVD-000525,TSK-001053,사진,통합 수도정비계획 고시·통보 현장사진.zip,,,SD04-1,2026-07-22,예시 데이터(시연용)
EVD-000526,TSK-001055,측정결과표,2026년 상반기 상수원보호구역 수질관리계획 측정 결과표.pdf,,,SD04-1,2026-08-03,예시 데이터(시연용)
EVD-000527,TSK-001056,측정결과표,2026년 하반기 상수원보호구역 수질관리계획 측정 결과표.pdf,,,SD04-1,2026-08-09,예시 데이터(시연용)
EVD-000528,TSK-001058,계획서,2026년 주민지원사업 계획 승인 계획서.pdf,,,SD04-1,2026-09-02,예시 데이터(시연용)
EVD-000529,TSK-001059,계획서,2026년 주민지원사업 계획 승인 계획서.pdf,,,SD04-1,2026-09-08,예시 데이터(시연용)
EVD-000530,TSK-001062,점검표,2026년 하반기 정밀안전진단의 실시 점검 결과표.pdf,,,SD02-1,2026-09-07,예시 데이터(시연용)
EVD-000531,TSK-001063,점검표,2026년 상반기 정밀안전진단의 실시 점검 결과표.pdf,,,SD02-1,2026-09-13,예시 데이터(시연용)
EVD-000532,TSK-001066,점검표,2026년 하반기 정밀안전진단의 실시 점검 결과표.pdf,,,SD02-1,2026-09-15,예시 데이터(시연용)
EVD-000533,TSK-001066,사진,정밀안전진단의 실시 현장사진.zip,,,SD02-1,2026-09-15,예시 데이터(시연용)
EVD-000534,TSK-001069,점검표,2026년 상반기 정밀안전진단의 실시 점검 결과표.pdf,,,SD02-1,2026-09-12,예시 데이터(시연용)
EVD-000535,TSK-001074,점검표,시설물의 안전 및 유지관리계획의 수립ㆍ시행 기준 적합 확인서.pdf,,,SD02-1,2026-09-07,예시 데이터(시연용)
EVD-000536,TSK-001077,점검표,시설물의 안전 및 유지관리계획의 수립ㆍ시행 기준 적합 확인서.pdf,,,SD02-1,2026-09-04,예시 데이터(시연용)
EVD-000537,TSK-001077,사진,시설물의 안전 및 유지관리계획의 수립ㆍ시행 현장사진.zip,,,SD02-1,2026-09-04,예시 데이터(시연용)
EVD-000538,TSK-001082,점검표,보수ㆍ보강 완료 후 30일 이내 제출 기준 적합 확인서.pdf,,SCH-0000941,SD02-1,2026-09-19,예시 데이터(시연용)
EVD-000539,TSK-001085,점검표,보수ㆍ보강 완료 후 30일 이내 제출 기준 적합 확인서.pdf,,SCH-0000941,SD02-1,2026-09-16,예시 데이터(시연용)
EVD-000540,TSK-001086,점검표,2026년 하반기 A등급 점검·진단 주기 점검 결과표.pdf,,SCH-0000927,SD02-1,2026-08-26,예시 데이터(시연용)
EVD-000541,TSK-001086,사진,A등급 점검·진단 주기 현장사진.zip,,,SD02-1,2026-08-26,예시 데이터(시연용)
EVD-000542,TSK-001087,점검표,2026년 상반기 A등급 점검·진단 주기 점검 결과표.pdf,,SCH-0000927,SD02-1,2026-09-01,예시 데이터(시연용)
EVD-000543,TSK-001088,점검표,2026년 하반기 A등급 점검·진단 주기 점검 결과표.pdf,,SCH-0000927,SD02-1,2026-09-07,예시 데이터(시연용)
EVD-000544,TSK-001090,점검표,2026년 하반기 B·C등급 점검·진단 주기 점검 결과표.pdf,,SCH-0000927,SD02-1,2026-09-11,예시 데이터(시연용)
EVD-000545,TSK-001090,사진,B·C등급 점검·진단 주기 현장사진.zip,,,SD02-1,2026-09-11,예시 데이터(시연용)
EVD-000546,TSK-001093,점검표,2026년 상반기 B·C등급 점검·진단 주기 점검 결과표.pdf,,SCH-0000927,SD02-1,2026-09-08,예시 데이터(시연용)
EVD-000547,TSK-001096,점검표,2026년 하반기 D·E등급 점검·진단 주기 점검 결과표.pdf,,SCH-0000927,SD02-1,2026-09-05,예시 데이터(시연용)
EVD-000548,TSK-001101,점검표,2026년 상반기 최초 안전등급 전 정기점검 점검 결과표.pdf,,SCH-0000927,SD02-1,2026-09-20,예시 데이터(시연용)
EVD-000549,TSK-001101,사진,최초 안전등급 전 정기점검 현장사진.zip,,,SD02-1,2026-09-20,예시 데이터(시연용)
EVD-000550,TSK-001104,점검표,2026년 하반기 D·E등급 계절별 정기점검 점검 결과표.pdf,,SCH-0000927,SD02-1,2026-09-17,예시 데이터(시연용)
EVD-000551,TSK-001106,점검표,2026년 하반기 공동주택 정기점검 갈음 점검 결과표.pdf,,SCH-0000927,SD02-1,2026-07-21,예시 데이터(시연용)
EVD-000552,TSK-001107,점검표,2026년 상반기 공동주택 정기점검 갈음 점검 결과표.pdf,,SCH-0000927,SD02-1,2026-07-27,예시 데이터(시연용)
EVD-000553,TSK-001107,사진,공동주택 정기점검 갈음 현장사진.zip,,,SD02-1,2026-07-27,예시 데이터(시연용)
EVD-000554,TSK-001108,점검표,2026년 하반기 공동주택 정기점검 갈음 점검 결과표.pdf,,SCH-0000927,SD02-1,2026-08-02,예시 데이터(시연용)
EVD-000555,TSK-001109,점검표,2026년 상반기 공동주택 정기점검 갈음 점검 결과표.pdf,,SCH-0000927,SD02-1,2026-08-08,예시 데이터(시연용)
EVD-000556,TSK-001110,점검표,2026년 하반기 최초 정밀안전점검 시기 점검 결과표.pdf,,SCH-0000927,SD02-1,2026-08-14,예시 데이터(시연용)
EVD-000557,TSK-001110,사진,최초 정밀안전점검 시기 현장사진.zip,,,SD02-1,2026-08-14,예시 데이터(시연용)
EVD-000558,TSK-001111,점검표,2026년 상반기 최초 정밀안전점검 시기 점검 결과표.pdf,,SCH-0000927,SD02-1,2026-08-20,예시 데이터(시연용)
EVD-000559,TSK-001112,점검표,2026년 하반기 최초 정밀안전점검 시기 점검 결과표.pdf,,SCH-0000927,SD02-1,2026-08-26,예시 데이터(시연용)
EVD-000560,TSK-001113,점검표,2026년 상반기 최초 정밀안전점검 시기 점검 결과표.pdf,,SCH-0000927,SD02-1,2026-09-01,예시 데이터(시연용)
EVD-000561,TSK-001113,사진,최초 정밀안전점검 시기 현장사진.zip,,,SD02-1,2026-09-01,예시 데이터(시연용)
EVD-000562,TSK-001114,점검표,2026년 하반기 제3종 D·E 최초 정밀점검 점검 결과표.pdf,,SCH-0000927,SD02-1,2026-09-07,예시 데이터(시연용)
EVD-000563,TSK-001115,점검표,2026년 상반기 제3종 D·E 최초 정밀점검 점검 결과표.pdf,,SCH-0000927,SD02-1,2026-09-06,예시 데이터(시연용)
EVD-000564,TSK-001120,점검표,2026년 하반기 최초 정밀안전진단 시기 점검 결과표.pdf,,SCH-0000927,SD02-1,2026-09-01,예시 데이터(시연용)
EVD-000565,TSK-001120,사진,최초 정밀안전진단 시기 현장사진.zip,,,SD02-1,2026-09-01,예시 데이터(시연용)
EVD-000566,TSK-001123,점검표,2026년 상반기 D·E 제2종 최초 정밀진단 점검 결과표.pdf,,SCH-0000927,SD09-1,2026-09-18,예시 데이터(시연용)
EVD-000567,TSK-001128,점검표,2026년 하반기 준공 30년 경과 정밀진단 점검 결과표.pdf,,SCH-0000927,SD02-1,2026-09-13,예시 데이터(시연용)
EVD-000568,TSK-001131,점검표,2026년 상반기 점검·진단 주기 기산일 점검 결과표.pdf,,SCH-0000927,SD02-1,2026-09-10,예시 데이터(시연용)
EVD-000569,TSK-001131,사진,점검·진단 주기 기산일 현장사진.zip,,,SD02-1,2026-09-10,예시 데이터(시연용)
EVD-000570,TSK-001132,점검표,2026년 하반기 점검·진단 주기 기산일 점검 결과표.pdf,,SCH-0000927,SD02-1,2026-07-21,예시 데이터(시연용)
EVD-000571,TSK-001133,점검표,2026년 상반기 점검·진단 주기 기산일 점검 결과표.pdf,,SCH-0000927,SD02-1,2026-07-27,예시 데이터(시연용)
EVD-000572,TSK-001134,점검표,2026년 하반기 정기점검 생략 점검 결과표.pdf,,SCH-0000927,SD02-1,2026-08-02,예시 데이터(시연용)
EVD-000573,TSK-001134,사진,정기점검 생략 현장사진.zip,,,SD02-1,2026-08-02,예시 데이터(시연용)
EVD-000574,TSK-001135,점검표,2026년 상반기 정기점검 생략 점검 결과표.pdf,,SCH-0000927,SD02-1,2026-08-08,예시 데이터(시연용)
EVD-000575,TSK-001136,점검표,2026년 하반기 정기점검 생략 점검 결과표.pdf,,SCH-0000927,SD02-1,2026-08-14,예시 데이터(시연용)
EVD-000576,TSK-001137,점검표,2026년 상반기 정기점검 생략 점검 결과표.pdf,,SCH-0000927,SD02-1,2026-08-20,예시 데이터(시연용)
EVD-000577,TSK-001137,사진,정기점검 생략 현장사진.zip,,,SD02-1,2026-08-20,예시 데이터(시연용)
EVD-000578,TSK-001138,점검표,2026년 하반기 건축물관리법 정기점검 인정 점검 결과표.pdf,,SCH-0000927,SD09-1,2026-08-26,예시 데이터(시연용)
EVD-000579,TSK-001139,점검표,2026년 상반기 건축물관리법 정기점검 인정 점검 결과표.pdf,,SCH-0000927,SD09-1,2026-09-01,예시 데이터(시연용)
EVD-000580,TSK-001140,점검표,2026년 하반기 건축물관리법 정기점검 인정 점검 결과표.pdf,,SCH-0000927,SD09-1,2026-09-07,예시 데이터(시연용)
EVD-000581,TSK-001140,사진,건축물관리법 정기점검 인정 현장사진.zip,,,SD09-1,2026-09-07,예시 데이터(시연용)
EVD-000582,TSK-001142,점검표,2026년 하반기 정밀점검 생략 점검 결과표.pdf,,SCH-0000927,SD02-1,2026-09-19,예시 데이터(시연용)
EVD-000583,TSK-001147,점검표,2026년 상반기 공사중·철거예정 생략·조정 점검 결과표.pdf,,SCH-0000927,SD02-1,2026-09-14,예시 데이터(시연용)
EVD-000584,TSK-001150,점검표,안전계획 수립·이행 기준 적합 확인서.pdf,,,SD13-1,2026-05-31,예시 데이터(시연용)
EVD-000585,TSK-001150,사진,안전계획 수립·이행 현장사진.zip,,,SD13-1,2026-05-31,예시 데이터(시연용)
EVD-000586,TSK-001151,점검표,안전계획 수립·이행 기준 적합 확인서.pdf,,,SD13-1,2026-06-06,예시 데이터(시연용)
EVD-000587,TSK-001152,점검표,안전계획 수립·이행 기준 적합 확인서.pdf,,,SD13-1,2026-06-12,예시 데이터(시연용)
EVD-000588,TSK-001153,점검표,안전계획 수립·이행 기준 적합 확인서.pdf,,,SD13-1,2026-06-30,예시 데이터(시연용)
EVD-000589,TSK-001153,사진,안전계획 수립·이행 현장사진.zip,,,SD13-1,2026-06-30,예시 데이터(시연용)
EVD-000590,TSK-001155,훈련 결과보고서,2026년 안전계획 수립·이행 훈련 결과보고서.pdf,,,SD13-1,2026-09-06,예시 데이터(시연용)
EVD-000591,TSK-001158,계획서,2026년 안전계획 수립·이행 계획서.pdf,,,SD13-1,2026-07-30,예시 데이터(시연용)
EVD-000592,TSK-001159,계획서,2026년 안전계획 수립·이행 계획서.pdf,,,SD13-1,2026-08-05,예시 데이터(시연용)
EVD-000593,TSK-001160,훈련 결과보고서,2026년 안전계획 수립·이행 훈련 결과보고서.pdf,,,SD13-1,2026-08-02,예시 데이터(시연용)
EVD-000594,TSK-001161,훈련 결과보고서,2026년 안전계획 수립·이행 훈련 결과보고서.pdf,,,SD13-1,2026-08-08,예시 데이터(시연용)
EVD-000595,TSK-001162,계획서,2026년 안전계획 수립·이행 계획서.pdf,,,SD13-1,2026-08-23,예시 데이터(시연용)
EVD-000596,TSK-001163,점검표,안전계획 수립·이행 기준 적합 확인서.pdf,,,SD13-1,2026-08-29,예시 데이터(시연용)
EVD-000597,TSK-001163,사진,안전계획 수립·이행 현장사진.zip,,,SD13-1,2026-08-29,예시 데이터(시연용)
EVD-000598,TSK-001164,계획서,2026년 안전계획 수립·이행 계획서.pdf,,,SD13-1,2026-09-04,예시 데이터(시연용)
EVD-000599,TSK-001166,계획서,2026년 안전계획 수립·이행 계획서.pdf,,,SD13-1,2026-09-15,예시 데이터(시연용)
EVD-000600,TSK-001169,계획서,2026년 안전계획 수립·이행 계획서.pdf,,,SD13-1,2026-09-12,예시 데이터(시연용)
EVD-000601,TSK-001174,계획서,2026년 안전계획 수립·이행 계획서.pdf,,,SD13-1,2026-09-07,예시 데이터(시연용)
EVD-000602,TSK-001177,계획서,2026년 안전계획 수립·이행 계획서.pdf,,,SD13-1,2026-09-04,예시 데이터(시연용)
EVD-000603,TSK-001182,점검표,2026년 하반기 안전계획 수립·이행 점검 결과표.pdf,,,SD13-1,2026-09-19,예시 데이터(시연용)
EVD-000604,TSK-001183,점검표,2026년 상반기 안전계획 수립·이행 점검 결과표.pdf,,,SD13-1,2026-07-15,예시 데이터(시연용)
EVD-000605,TSK-001183,사진,안전계획 수립·이행 현장사진.zip,,,SD13-1,2026-07-15,예시 데이터(시연용)
EVD-000606,TSK-001184,점검표,2026년 하반기 안전계획 수립·이행 점검 결과표.pdf,,,SD13-1,2026-07-21,예시 데이터(시연용)
EVD-000607,TSK-001185,계획서,2026년 안전계획 수립·이행 계획서.pdf,,,SD13-1,2026-09-16,예시 데이터(시연용)
EVD-000608,TSK-001190,계획서,2026년 안전계획 수립·이행 계획서.pdf,,,SD13-1,2026-09-11,예시 데이터(시연용)
EVD-000609,TSK-001193,계획서,2026년 안전계획 수립·이행 계획서.pdf,,,SD13-1,2026-09-08,예시 데이터(시연용)
EVD-000610,TSK-001196,계획서,2026년 안전계획 수립·이행 계획서.pdf,,,SD13-1,2026-09-05,예시 데이터(시연용)
EVD-000611,TSK-001201,훈련 결과보고서,2026년 비상대처계획의 수립 등 훈련 결과보고서.pdf,,,SD13-1,2026-09-20,예시 데이터(시연용)
EVD-000612,TSK-001204,훈련 결과보고서,2026년 비상대처계획의 수립 등 훈련 결과보고서.pdf,,,SD13-1,2026-09-17,예시 데이터(시연용)
EVD-000613,TSK-001209,점검표,하수관로 유지관리 실적 제출 기준 적합 확인서.pdf,,SCH-0009088,SD05-1,2026-07-19,예시 데이터(시연용)
EVD-000614,TSK-001210,점검표,하수도정비기본계획 수립 기준 적합 확인서.pdf,,SCH-0009077,SD05-1,2026-07-25,예시 데이터(시연용)
EVD-000615,TSK-001212,점검표,하수관로 유지관리계획 수립 기준 적합 확인서.pdf,,,SD05-1,2026-08-06,예시 데이터(시연용)
EVD-000616,TSK-001213,점검표,하수관로 유지관리계획 수립 기준 적합 확인서.pdf,,,SD05-1,2026-08-24,예시 데이터(시연용)
EVD-000617,TSK-001213,사진,하수관로 유지관리계획 수립 현장사진.zip,,,SD05-1,2026-08-24,예시 데이터(시연용)
EVD-000618,TSK-001215,점검표,유역하수도계획 자료 제출 기준 적합 확인서.pdf,,,SD05-1,2026-09-05,예시 데이터(시연용)
EVD-000619,TSK-001216,점검표,하수관로 유지관리계획 수립 등 기준 적합 확인서.pdf,,,SD05-1,2026-09-11,예시 데이터(시연용)
EVD-000620,TSK-001220,점검표,하수도정비기본계획 검토 기준 적합 확인서.pdf,,,SD05-1,2026-09-01,예시 데이터(시연용)
EVD-000621,TSK-001220,사진,하수도정비기본계획 검토 현장사진.zip,,,SD05-1,2026-09-01,예시 데이터(시연용)
EVD-000622,TSK-001223,훈련 결과보고서,2026년 하천시설의 비상대처계획 훈련 결과보고서.pdf,,,SD13-1,2026-09-18,예시 데이터(시연용)
EVD-000623,TSK-001228,점검표,2026년 하반기 이행점검 점검 결과표.pdf,,,SD13-1,2026-09-13,예시 데이터(시연용)
EVD-000624,TSK-001231,점검표,2026년 상반기 이행점검 점검 결과표.pdf,,,SD03-1,2026-09-10,예시 데이터(시연용)
EVD-000625,TSK-001231,사진,이행점검 현장사진.zip,,,SD03-1,2026-09-10,예시 데이터(시연용)
EVD-000626,TSK-001235,점검표,2026년 상반기 이행점검 점검 결과표.pdf,,,SD03-1,2026-07-15,예시 데이터(시연용)
EVD-000627,TSK-001236,점검표,2026년 하반기 이행점검 점검 결과표.pdf,,,SD03-1,2026-07-21,예시 데이터(시연용)
EVD-000628,TSK-001237,점검표,2026년 상반기 이행점검 점검 결과표.pdf,,,SD03-1,2026-08-08,예시 데이터(시연용)
EVD-000629,TSK-001237,사진,이행점검 현장사진.zip,,,SD03-1,2026-08-08,예시 데이터(시연용)
EVD-000630,TSK-001238,훈련 결과보고서,2026년 이행 점검결과 조치 훈련 결과보고서.pdf,,,SD13-1,2026-08-14,예시 데이터(시연용)
EVD-000631,TSK-001239,훈련 결과보고서,2026년 작업구 긴급조치 훈련 결과보고서.pdf,,,SD03-1,2026-08-20,예시 데이터(시연용)
EVD-000632,TSK-001240,훈련 결과보고서,2026년 작업구 긴급조치 훈련 결과보고서.pdf,,,SD03-1,2026-08-26,예시 데이터(시연용)
EVD-000633,TSK-001242,훈련 결과보고서,2026년 작업구 긴급조치 훈련 결과보고서.pdf,,,SD03-1,2026-09-07,예시 데이터(시연용)
EVD-000634,TSK-001247,점검표,이행 점검결과 조치 기준 적합 확인서.pdf,,,SD03-1,2026-09-14,예시 데이터(시연용)
EVD-000635,TSK-001255,보고·게시 증빙,2026년 상반기 재해예방 업무처리절차 마련·이행 보고 공문.pdf,,,SD09-1,2026-09-06,예시 데이터(시연용)
EVD-000636,TSK-001258,보고·게시 증빙,2026년 하반기 재해예방 업무처리절차 마련·이행 보고 공문.pdf,,,SD09-1,2026-09-03,예시 데이터(시연용)
EVD-000637,TSK-001259,점검표,건축공사 감리세부기준 — 공사감리중간보고서 기준 적합 확인서.pdf,,,SD09-1,2026-07-02,예시 데이터(시연용)
EVD-000638,TSK-001260,점검표,건축공사 감리세부기준 — 공사감리중간보고서 기준 적합 확인서.pdf,,,SD09-1,2026-07-08,예시 데이터(시연용)
EVD-000639,TSK-001261,점검표,건축공사 감리세부기준 — 공사감리중간보고서 기준 적합 확인서.pdf,,,SD09-1,2026-07-26,예시 데이터(시연용)
EVD-000640,TSK-001262,점검표,건축공사 감리세부기준 — 공사감리중간보고서 기준 적합 확인서.pdf,,,SD09-1,2026-08-01,예시 데이터(시연용)
EVD-000641,TSK-001262,사진,건축공사 감리세부기준 — 공사감리중간보고서 현장사진.zip,,,SD09-1,2026-08-01,예시 데이터(시연용)
EVD-000642,TSK-001263,훈련 결과보고서,2026년 재해예방 업무처리절차 마련·이행 훈련 결과보고서.pdf,,,SD13-1,2026-08-08,예시 데이터(시연용)
EVD-000643,TSK-001264,훈련 결과보고서,2026년 재해예방 업무처리절차 마련·이행 훈련 결과보고서.pdf,,,SD13-1,2026-08-14,예시 데이터(시연용)
EVD-000644,TSK-001265,계획서,2026년 재해예방 업무처리절차 마련·이행 계획서.pdf,,,SD13-1,2026-08-19,예시 데이터(시연용)
EVD-000645,TSK-001266,점검표,위험표지의 설치 기준 적합 확인서.pdf,,,SD03-1,2026-08-25,예시 데이터(시연용)
EVD-000646,TSK-001267,점검표,위험표지의 설치 기준 적합 확인서.pdf,,,SD03-1,2026-08-31,예시 데이터(시연용)
EVD-000647,TSK-001274,점검표,2026년 하반기 상시계측관리 점검 결과표.pdf,,,SD03-1,2026-09-07,예시 데이터(시연용)
EVD-000648,TSK-001282,점검표,2026년 하반기 급경사지의 계측관리 등 점검 결과표.pdf,,,SD03-1,2026-09-19,예시 데이터(시연용)
EVD-000649,TSK-001282,사진,급경사지의 계측관리 등 현장사진.zip,,,SD03-1,2026-09-19,예시 데이터(시연용)
EVD-000650,TSK-001285,점검표,2026년 상반기 급경사지의 계측관리 등 점검 결과표.pdf,,,SD03-1,2026-09-16,예시 데이터(시연용)
EVD-000651,TSK-001286,점검표,2026년 하반기 급경사지의 계측관리 등 점검 결과표.pdf,,,SD03-1,2026-07-21,예시 데이터(시연용)
EVD-000652,TSK-001288,점검표,2026년 하반기 급경사지의 계측관리 등 점검 결과표.pdf,,,SD03-1,2026-08-02,예시 데이터(시연용)
EVD-000653,TSK-001288,사진,급경사지의 계측관리 등 현장사진.zip,,,SD03-1,2026-08-02,예시 데이터(시연용)
EVD-000654,TSK-001289,점검표,2026년 상반기 급경사지의 계측관리 등 점검 결과표.pdf,,,SD03-1,2026-08-08,예시 데이터(시연용)
EVD-000655,TSK-001290,훈련 결과보고서,2026년 주민대피 관리기준 제정·운영 훈련 결과보고서.pdf,,,SD03-1,2026-08-14,예시 데이터(시연용)
EVD-000656,TSK-001291,훈련 결과보고서,2026년 주민대피 관리기준 제정·운영 훈련 결과보고서.pdf,,,SD03-1,2026-08-20,예시 데이터(시연용)
EVD-000657,TSK-001292,훈련 결과보고서,2026년 주민대피 관리기준 제정·운영 훈련 결과보고서.pdf,,,SD03-1,2026-08-26,예시 데이터(시연용)
EVD-000658,TSK-001293,훈련 결과보고서,2026년 주민대피 관리기준 제정·운영 훈련 결과보고서.pdf,,,SD03-1,2026-09-01,예시 데이터(시연용)
EVD-000659,TSK-001301,보고·게시 증빙,2026년 상반기 표지판 기둥 지름 보고 공문.pdf,,SCH-0007028,SD03-1,2026-09-20,예시 데이터(시연용)
EVD-000660,TSK-001309,보고·게시 증빙,2026년 상반기 표지판 색상·야간 시인성 보고 공문.pdf,,SCH-0007028,SD03-1,2026-09-12,예시 데이터(시연용)
EVD-000661,TSK-001312,훈련 결과보고서,2026년 비상조명등 훈련 결과보고서.pdf,,,SD03-1,2026-07-21,예시 데이터(시연용)
EVD-000662,TSK-001313,훈련 결과보고서,2026년 비상조명등 훈련 결과보고서.pdf,,,SD03-1,2026-07-27,예시 데이터(시연용)
EVD-000663,TSK-001315,훈련 결과보고서,2026년 비상콘센트설비 훈련 결과보고서.pdf,,,SD03-1,2026-08-08,예시 데이터(시연용)
EVD-000664,TSK-001316,훈련 결과보고서,2026년 비상콘센트설비 훈련 결과보고서.pdf,,,SD03-1,2026-08-14,예시 데이터(시연용)
EVD-000665,TSK-001318,훈련 결과보고서,2026년 주요 업무 훈련 결과보고서.pdf,,,SD04-1,2026-08-26,예시 데이터(시연용)
EVD-000666,TSK-001320,훈련 결과보고서,2026년 주요 업무 훈련 결과보고서.pdf,,,SD04-1,2026-09-07,예시 데이터(시연용)
EVD-000667,TSK-001328,훈련 결과보고서,2026년 경계표지 규격·색상 훈련 결과보고서.pdf,,SCH-0012303,SD03-1,2026-09-13,예시 데이터(시연용)
EVD-000668,TSK-001331,훈련 결과보고서,2026년 경계표지 알림 문구 훈련 결과보고서.pdf,,SCH-0012303,SD03-1,2026-09-10,예시 데이터(시연용)
EVD-000669,TSK-001336,훈련 결과보고서,2026년 경계표지 설치위치 훈련 결과보고서.pdf,,SCH-0012303,SD03-1,2026-09-05,예시 데이터(시연용)
EVD-000670,TSK-001339,점검표,안내표지 규격 기준 적합 확인서.pdf,,SCH-0012303,SD03-1,2026-09-02,예시 데이터(시연용)
EVD-000671,TSK-001347,점검표,안내표지 설치위치 기준 적합 확인서.pdf,,SCH-0012303,SD03-1,2026-09-14,예시 데이터(시연용)
EVD-000672,TSK-001355,보고·게시 증빙,2026년 상반기 관리현황 반기 보고 보고 공문.pdf,,SCH-0012303,SD03-1,2026-09-06,예시 데이터(시연용)
EVD-000673,TSK-001358,보고·게시 증빙,2026년 하반기 보고표 집계 축 보고 공문.pdf,,SCH-0012303,SD03-1,2026-09-03,예시 데이터(시연용)
EVD-000674,TSK-001363,훈련 결과보고서,2026년 기존 건축물 내용 기재 훈련 결과보고서.pdf,,SCH-0012303,SD03-1,2026-07-15,예시 데이터(시연용)
EVD-000675,TSK-001364,훈련 결과보고서,2026년 기존 건축물 내용 기재 훈련 결과보고서.pdf,,SCH-0012303,SD03-1,2026-07-21,예시 데이터(시연용)
EVD-000676,TSK-001365,훈련 결과보고서,2026년 기존 건축물 내용 기재 훈련 결과보고서.pdf,,SCH-0012303,SD03-1,2026-07-27,예시 데이터(시연용)
EVD-000677,TSK-001366,훈련 결과보고서,2026년 불법건축물 조치사항 훈련 결과보고서.pdf,,SCH-0012303,SD03-1,2026-08-02,예시 데이터(시연용)
EVD-000678,TSK-001367,훈련 결과보고서,2026년 불법건축물 조치사항 훈련 결과보고서.pdf,,SCH-0012303,SD03-1,2026-08-08,예시 데이터(시연용)
EVD-000679,TSK-001369,훈련 결과보고서,2026년 불법건축물 조치사항 훈련 결과보고서.pdf,,SCH-0012303,SD03-1,2026-09-01,예시 데이터(시연용)
EVD-000680,TSK-001370,점검표,접도구역 푯대 설치간격 기준 적합 확인서.pdf,,SCH-0005304,SD03-1,2026-08-27,예시 데이터(시연용)
EVD-000681,TSK-001370,사진,접도구역 푯대 설치간격 현장사진.zip,,,SD03-1,2026-08-27,예시 데이터(시연용)
EVD-000682,TSK-001372,점검표,접도구역 푯대 설치간격 기준 적합 확인서.pdf,,SCH-0005304,SD03-1,2026-09-08,예시 데이터(시연용)
EVD-000683,TSK-001373,점검표,접도구역 푯대 설치간격 기준 적합 확인서.pdf,,SCH-0005304,SD03-1,2026-09-14,예시 데이터(시연용)
EVD-000684,TSK-001374,점검표,횡단·농경지 푯대 설치위치 기준 적합 확인서.pdf,,SCH-0005304,SD03-1,2026-09-07,예시 데이터(시연용)
EVD-000685,TSK-001374,사진,횡단·농경지 푯대 설치위치 현장사진.zip,,,SD03-1,2026-09-07,예시 데이터(시연용)
EVD-000686,TSK-001382,훈련 결과보고서,2026년 경계표지 설치위치 훈련 결과보고서.pdf,,SCH-0005304,SD03-1,2026-09-19,예시 데이터(시연용)
EVD-000687,TSK-001385,훈련 결과보고서,2026년 경계표지 설치위치 훈련 결과보고서.pdf,,SCH-0005304,SD03-1,2026-09-16,예시 데이터(시연용)
EVD-000688,TSK-001390,점검표,안내표지 알림 문구 기준 적합 확인서.pdf,,SCH-0005304,SD03-1,2026-09-11,예시 데이터(시연용)
EVD-000689,TSK-001390,사진,안내표지 알림 문구 현장사진.zip,,,SD03-1,2026-09-11,예시 데이터(시연용)
EVD-000690,TSK-001393,점검표,안내표지 알림 문구 기준 적합 확인서.pdf,,SCH-0005304,SD03-1,2026-09-08,예시 데이터(시연용)
EVD-000691,TSK-001401,훈련 결과보고서,2026년 건축물(공작물) 내용 기재 훈련 결과보고서.pdf,,SCH-0005304,SD03-1,2026-09-20,예시 데이터(시연용)
EVD-000692,TSK-001409,훈련 결과보고서,2026년 복구 범위 상한 훈련 결과보고서.pdf,,SCH-0005298,SD03-1,2026-09-12,예시 데이터(시연용)
EVD-000693,TSK-001412,보고·게시 증빙,2026년 하반기 도로공사 착공 보고 보고 공문.pdf,,SCH-0005304,SD03-1,2026-09-09,예시 데이터(시연용)
EVD-000694,TSK-001415,보고·게시 증빙,2026년 상반기 착공 보고 사업개요 보고 공문.pdf,,SCH-0005304,SD03-1,2026-07-15,예시 데이터(시연용)
EVD-000695,TSK-001416,보고·게시 증빙,2026년 하반기 착공 보고 사업개요 보고 공문.pdf,,SCH-0005304,SD03-1,2026-07-21,예시 데이터(시연용)
EVD-000696,TSK-001418,보고·게시 증빙,2026년 하반기 착공일·준공예정일 보고 공문.pdf,,SCH-0005304,SD03-1,2026-08-14,예시 데이터(시연용)
EVD-000697,TSK-001419,보고·게시 증빙,2026년 상반기 착공일·준공예정일 보고 공문.pdf,,SCH-0005304,SD03-1,2026-08-20,예시 데이터(시연용)
EVD-000698,TSK-001420,보고·게시 증빙,2026년 하반기 착공일·준공예정일 보고 공문.pdf,,SCH-0005304,SD03-1,2026-08-26,예시 데이터(시연용)
EVD-000699,TSK-001421,보고·게시 증빙,2026년 상반기 착공일·준공예정일 보고 공문.pdf,,SCH-0005304,SD03-1,2026-09-01,예시 데이터(시연용)
EVD-000700,TSK-001423,보고·게시 증빙,2026년 상반기 착공 보고 수신기관 보고 공문.pdf,,SCH-0005304,SD03-1,2026-09-13,예시 데이터(시연용)
EVD-000701,TSK-001428,보고·게시 증빙,2026년 하반기 첨부 공사착공계 보고 공문.pdf,,SCH-0005304,SD03-1,2026-09-13,예시 데이터(시연용)
EVD-000702,TSK-001431,보고·게시 증빙,2026년 상반기 분기별 공정 보고 보고 공문.pdf,,SCH-0005304,SD03-1,2026-09-10,예시 데이터(시연용)
EVD-000703,TSK-001436,보고·게시 증빙,2026년 하반기 공정 보고 수신기관 보고 공문.pdf,,SCH-0005304,SD03-1,2026-09-05,예시 데이터(시연용)
EVD-000704,TSK-001442,점검표,2026년 하반기 계측제어 예비설비 확보 점검 결과표.pdf,,SCH-0009025,SD04-1,2026-08-02,예시 데이터(시연용)
EVD-000705,TSK-001442,사진,계측제어 예비설비 확보 현장사진.zip,,,SD04-1,2026-08-02,예시 데이터(시연용)
EVD-000706,TSK-001443,점검표,2026년 상반기 계측제어 예비설비 확보 점검 결과표.pdf,,SCH-0009025,SD04-1,2026-08-08,예시 데이터(시연용)
EVD-000707,TSK-001445,점검표,2026년 상반기 계측제어 예비설비 확보 점검 결과표.pdf,,SCH-0009025,SD04-1,2026-08-20,예시 데이터(시연용)
EVD-000708,TSK-001447,계획서,2026년 재해예방 업무처리절차 마련·이행 계획서.pdf,,,SD04-1,2026-09-14,예시 데이터(시연용)
EVD-000709,TSK-001450,점검표,제3종 지정 통보 후 30일 이내 제출 기준 적합 확인서.pdf,,SCH-0000941,SD02-1,2026-09-11,예시 데이터(시연용)
EVD-000710,TSK-001455,점검표,감리보고서 준공 후 3개월 이내 제출 기준 적합 확인서.pdf,,SCH-0000941,SD02-1,2026-09-06,예시 데이터(시연용)
EVD-000711,TSK-001458,점검표,최종감리보고서 기준 적합 확인서.pdf,,SCH-0000927,SD02-1,2026-09-03,예시 데이터(시연용)
EVD-000712,TSK-001460,점검표,최종감리보고서 기준 적합 확인서.pdf,,SCH-0000927,SD02-1,2026-05-13,예시 데이터(시연용)
EVD-000713,TSK-001460,사진,최종감리보고서 현장사진.zip,,,SD02-1,2026-05-13,예시 데이터(시연용)
EVD-000714,TSK-001461,점검표,최종감리보고서 기준 적합 확인서.pdf,,SCH-0000927,SD02-1,2026-05-19,예시 데이터(시연용)
EVD-000715,TSK-001463,훈련 결과보고서,2026년 D(미흡) 등급 상태 훈련 결과보고서.pdf,,SCH-0000927,SD02-1,2026-09-18,예시 데이터(시연용)
EVD-000716,TSK-001466,훈련 결과보고서,2026년 D(미흡) 등급 상태 훈련 결과보고서.pdf,,SCH-0000927,SD02-1,2026-07-21,예시 데이터(시연용)
EVD-000717,TSK-001467,보고·게시 증빙,2026년 상반기 재해예방 업무처리절차 마련·이행 보고 공문.pdf,,,SD13-1,2026-07-27,예시 데이터(시연용)
EVD-000718,TSK-001468,보고·게시 증빙,2026년 하반기 재해예방 업무처리절차 마련·이행 보고 공문.pdf,,,SD13-1,2026-08-02,예시 데이터(시연용)
EVD-000719,TSK-001469,보고·게시 증빙,2026년 상반기 재해예방 업무처리절차 마련·이행 보고 공문.pdf,,,SD13-1,2026-08-08,예시 데이터(시연용)
EVD-000720,TSK-001470,보고·게시 증빙,2026년 하반기 재해예방 업무처리절차 마련·이행 보고 공문.pdf,,,SD13-1,2026-08-14,예시 데이터(시연용)
EVD-000721,TSK-001472,훈련 결과보고서,2026년 재해예방 업무처리절차 마련·이행 훈련 결과보고서.pdf,,,SD13-1,2026-08-26,예시 데이터(시연용)
EVD-000722,TSK-001473,훈련 결과보고서,2026년 재해예방 업무처리절차 마련·이행 훈련 결과보고서.pdf,,,SD13-1,2026-09-01,예시 데이터(시연용)
EVD-000723,TSK-001474,훈련 결과보고서,2026년 재해예방 업무처리절차 마련·이행 훈련 결과보고서.pdf,,,SD13-1,2026-09-07,예시 데이터(시연용)
EVD-000724,TSK-001477,훈련 결과보고서,2026년 재해예방 업무처리절차 마련·이행 훈련 결과보고서.pdf,,,SD13-1,2026-09-04,예시 데이터(시연용)
EVD-000725,TSK-001482,훈련 결과보고서,2026년 재해예방 업무처리절차 마련·이행 훈련 결과보고서.pdf,,,SD13-1,2026-09-19,예시 데이터(시연용)
EVD-000726,TSK-001485,훈련 결과보고서,2026년 재해예방 업무처리절차 마련·이행 훈련 결과보고서.pdf,,,SD13-1,2026-09-16,예시 데이터(시연용)
EVD-000727,TSK-001490,훈련 결과보고서,2026년 재해예방 업무처리절차 마련·이행 훈련 결과보고서.pdf,,,SD13-1,2026-09-11,예시 데이터(시연용)
EVD-000728,TSK-001492,훈련 결과보고서,2026년 재해예방 업무처리절차 마련·이행 훈련 결과보고서.pdf,,,SD13-1,2026-07-21,예시 데이터(시연용)
EVD-000729,TSK-001493,훈련 결과보고서,2026년 재해예방 업무처리절차 마련·이행 훈련 결과보고서.pdf,,,SD13-1,2026-07-27,예시 데이터(시연용)
EVD-000730,TSK-001494,훈련 결과보고서,2026년 재해예방 업무처리절차 마련·이행 훈련 결과보고서.pdf,,,SD13-1,2026-08-02,예시 데이터(시연용)
EVD-000731,TSK-001495,훈련 결과보고서,2026년 재해예방 업무처리절차 마련·이행 훈련 결과보고서.pdf,,,SD13-1,2026-08-08,예시 데이터(시연용)
EVD-000732,TSK-001496,훈련 결과보고서,2026년 재해예방 업무처리절차 마련·이행 훈련 결과보고서.pdf,,,SD13-1,2026-08-14,예시 데이터(시연용)
EVD-000733,TSK-001497,훈련 결과보고서,2026년 재해예방 업무처리절차 마련·이행 훈련 결과보고서.pdf,,,SD13-1,2026-08-20,예시 데이터(시연용)
EVD-000734,TSK-001499,훈련 결과보고서,2026년 재해예방 업무처리절차 마련·이행 훈련 결과보고서.pdf,,,SD13-1,2026-09-01,예시 데이터(시연용)
EVD-000735,TSK-001500,훈련 결과보고서,2026년 재해예방 업무처리절차 마련·이행 훈련 결과보고서.pdf,,,SD13-1,2026-09-07,예시 데이터(시연용)
EVD-000736,TSK-001501,훈련 결과보고서,2026년 재해예방 업무처리절차 마련·이행 훈련 결과보고서.pdf,,,SD13-1,2026-09-20,예시 데이터(시연용)
EVD-000737,TSK-001504,훈련 결과보고서,2026년 재해예방 업무처리절차 마련·이행 훈련 결과보고서.pdf,,,SD13-1,2026-09-17,예시 데이터(시연용)
EVD-000738,TSK-001509,훈련 결과보고서,2026년 재해예방 업무처리절차 마련·이행 훈련 결과보고서.pdf,,,SD13-1,2026-09-12,예시 데이터(시연용)
EVD-000739,TSK-001512,훈련 결과보고서,2026년 재해예방 업무처리절차 마련·이행 훈련 결과보고서.pdf,,,SD13-1,2026-09-09,예시 데이터(시연용)
EVD-000740,TSK-001518,보고·게시 증빙,2026년 하반기 사용개시 공고내용 통보 보고 공문.pdf,,SCH-0009077,SD05-1,2026-07-21,예시 데이터(시연용)
EVD-000741,TSK-001520,계획서,2026년 하천시설의 관리규정 계획서.pdf,,,SD13-1,2026-07-07,예시 데이터(시연용)
EVD-000742,TSK-001521,계획서,2026년 하천시설의 관리규정 계획서.pdf,,,SD13-1,2026-07-13,예시 데이터(시연용)
EVD-000743,TSK-001522,계획서,2026년 하천시설의 관리규정 계획서.pdf,,,SD13-1,2026-07-19,예시 데이터(시연용)
EVD-000744,TSK-001523,계획서,2026년 하천시설의 관리규정 계획서.pdf,,,SD13-1,2026-07-25,예시 데이터(시연용)
EVD-000745,TSK-001524,계획서,2026년 수탁자 지도·감독 계획서.pdf,,,SD04-1,2026-07-31,예시 데이터(시연용)
EVD-000746,TSK-001526,계획서,2026년 수탁자 지도·감독 계획서.pdf,,,SD04-1,2026-08-24,예시 데이터(시연용)
EVD-000747,TSK-001528,점검표,도급·용역·위탁 기준·절차 마련 기준 적합 확인서.pdf,,,SD13-1,2026-09-05,예시 데이터(시연용)
EVD-000748,TSK-001529,점검표,도급·용역·위탁 기준·절차 마련 기준 적합 확인서.pdf,,,SD13-1,2026-09-11,예시 데이터(시연용)
EVD-000749,TSK-001529,사진,도급·용역·위탁 기준·절차 마련 현장사진.zip,,,SD13-1,2026-09-11,예시 데이터(시연용)
EVD-000750,TSK-001531,점검표,도급·용역·위탁 기준·절차 마련 기준 적합 확인서.pdf,,,SD13-1,2026-09-10,예시 데이터(시연용)
EVD-000751,TSK-001536,계획서,2026년 도급·용역·위탁 기준·절차 마련 계획서.pdf,,,SD13-1,2026-09-05,예시 데이터(시연용)
EVD-000752,TSK-001539,계획서,2026년 도급·용역·위탁 기준·절차 마련 계획서.pdf,,,SD13-1,2026-09-02,예시 데이터(시연용)
EVD-000753,TSK-001542,보고·게시 증빙,2026년 하반기 개선·시정 보고 공문.pdf,,,SD13-1,2026-09-19,예시 데이터(시연용)
EVD-000754,TSK-001543,보고·게시 증빙,2026년 상반기 개선·시정 보고 공문.pdf,,,SD13-1,2026-07-15,예시 데이터(시연용)
EVD-000755,TSK-001545,보고·게시 증빙,2026년 상반기 개선·시정 보고 공문.pdf,,,SD13-1,2026-07-27,예시 데이터(시연용)
EVD-000756,TSK-001546,보고·게시 증빙,2026년 하반기 개선·시정 보고 공문.pdf,,,SD13-1,2026-08-02,예시 데이터(시연용)
EVD-000757,TSK-001547,보고·게시 증빙,2026년 상반기 개선·시정 보고 공문.pdf,,,SD13-1,2026-08-08,예시 데이터(시연용)
EVD-000758,TSK-001550,점검표,개선·시정 기준 적합 확인서.pdf,,,SD13-1,2026-09-11,예시 데이터(시연용)
EVD-000759,TSK-001555,점검표,2026년 상반기 개선·시정 점검 결과표.pdf,,,SD13-1,2026-09-06,예시 데이터(시연용)
EVD-000760,TSK-001558,보고·게시 증빙,2026년 하반기 개선·시정 보고 공문.pdf,,,SD13-1,2026-09-03,예시 데이터(시연용)
EVD-000761,TSK-001563,점검표,건축공사 감리세부기준 — 현장시공관리 기준 적합 확인서.pdf,,,SD09-1,2026-09-18,예시 데이터(시연용)
EVD-000762,TSK-001565,점검표,건축공사 감리세부기준 — 현장시공관리 기준 적합 확인서.pdf,,,SD09-1,2026-05-21,예시 데이터(시연용)
EVD-000763,TSK-001566,점검표,건축공사 감리세부기준 — 현장시공관리 기준 적합 확인서.pdf,,,SD09-1,2026-05-27,예시 데이터(시연용)
EVD-000764,TSK-001567,점검표,건축공사 감리세부기준 — 다세대 주택 공사감리자 기준 적합 확인서.pdf,,,SD09-1,2026-06-02,예시 데이터(시연용)
EVD-000765,TSK-001567,사진,건축공사 감리세부기준 — 다세대 주택 공사감리자 현장사진.zip,,,SD09-1,2026-06-02,예시 데이터(시연용)
EVD-000766,TSK-001568,점검표,건축공사 감리세부기준 — 다세대 주택 공사감리자 기준 적합 확인서.pdf,,,SD09-1,2026-06-08,예시 데이터(시연용)
EVD-000767,TSK-001569,점검표,건축공사 감리세부기준 — 다세대 주택 공사감리자 기준 적합 확인서.pdf,,,SD09-1,2026-06-14,예시 데이터(시연용)
EVD-000768,TSK-001570,점검표,건축공사 감리세부기준 — 다세대 주택 공사감리자 기준 적합 확인서.pdf,,,SD09-1,2026-06-20,예시 데이터(시연용)
EVD-000769,TSK-001570,사진,건축공사 감리세부기준 — 다세대 주택 공사감리자 현장사진.zip,,,SD09-1,2026-06-20,예시 데이터(시연용)
EVD-000770,TSK-001572,점검표,건축공사 감리세부기준 — 공사감리업무의 수행방법 기준 적합 확인서.pdf,,,SD09-1,2026-07-02,예시 데이터(시연용)
EVD-000771,TSK-001573,점검표,건축공사 감리세부기준 — 공사감리업무의 수행방법 기준 적합 확인서.pdf,,,SD09-1,2026-07-20,예시 데이터(시연용)
EVD-000772,TSK-001574,점검표,건축공사 감리세부기준 — 공사감리업무의 수행방법 기준 적합 확인서.pdf,,,SD09-1,2026-07-26,예시 데이터(시연용)
EVD-000773,TSK-001574,사진,건축공사 감리세부기준 — 공사감리업무의 수행방법 현장사진.zip,,,SD09-1,2026-07-26,예시 데이터(시연용)
EVD-000774,TSK-001575,점검표,관계법령 의무이행 기준 적합 확인서.pdf,,,SD13-1,2026-08-01,예시 데이터(시연용)
EVD-000775,TSK-001576,보고·게시 증빙,2026년 하반기 관계법령 의무이행 보고 공문.pdf,,,SD13-1,2026-09-07,예시 데이터(시연용)
EVD-000776,TSK-001577,점검표,관계법령 의무이행 기준 적합 확인서.pdf,,,SD13-1,2026-08-13,예시 데이터(시연용)
EVD-000777,TSK-001577,사진,관계법령 의무이행 현장사진.zip,,,SD13-1,2026-08-13,예시 데이터(시연용)
EVD-000778,TSK-001582,보고·게시 증빙,2026년 하반기 관계인 불명 시 공보 고시 보고 공문.pdf,,SCH-0007028,SD03-1,2026-09-19,예시 데이터(시연용)
EVD-000779,TSK-001585,보고·게시 증빙,2026년 상반기 관계인 불명 시 공보 고시 보고 공문.pdf,,SCH-0007028,SD03-1,2026-09-16,예시 데이터(시연용)
EVD-000780,TSK-001590,보고·게시 증빙,2026년 하반기 붕괴위험지역 지정 요청 보고 공문.pdf,,,SD03-1,2026-09-11,예시 데이터(시연용)
EVD-000781,TSK-001593,보고·게시 증빙,2026년 상반기 붕괴위험지역 지정 요청 보고 공문.pdf,,,SD03-1,2026-09-08,예시 데이터(시연용)
EVD-000782,TSK-001596,보고·게시 증빙,2026년 하반기 급경사지 등록·소관 관리 보고 공문.pdf,,,SD03-1,2026-07-21,예시 데이터(시연용)
EVD-000783,TSK-001597,보고·게시 증빙,2026년 상반기 급경사지 등록·소관 관리 보고 공문.pdf,,,SD03-1,2026-08-08,예시 데이터(시연용)
EVD-000784,TSK-001601,점검표,제연설비 기준 적합 확인서.pdf,,,SD03-1,2026-09-20,예시 데이터(시연용)
EVD-000785,TSK-001601,사진,제연설비 현장사진.zip,,,SD03-1,2026-09-20,예시 데이터(시연용)
EVD-000786,TSK-001609,점검표,무선통신보조설비 기준 적합 확인서.pdf,,,SD03-1,2026-09-12,예시 데이터(시연용)
EVD-000787,TSK-001612,작업일지,2026-09 작업구 관리대장 작업일지.xlsx,,,SD03-1,2026-09-09,예시 데이터(시연용)
EVD-000788,TSK-001618,점검표,차로·측대 포장 기준 적합 확인서.pdf,,SCH-0004105,SD03-1,2026-05-22,예시 데이터(시연용)
EVD-000789,TSK-001618,사진,차로·측대 포장 현장사진.zip,,,SD03-1,2026-05-22,예시 데이터(시연용)
EVD-000790,TSK-001620,점검표,소화기 기준 적합 확인서.pdf,,,SD03-1,2026-06-03,예시 데이터(시연용)
EVD-000791,TSK-001621,점검표,소화기 기준 적합 확인서.pdf,,,SD03-1,2026-06-21,예시 데이터(시연용)
EVD-000792,TSK-001623,점검표,소화기 기준 적합 확인서.pdf,,,SD03-1,2026-07-03,예시 데이터(시연용)
EVD-000793,TSK-001623,사진,소화기 현장사진.zip,,,SD03-1,2026-07-03,예시 데이터(시연용)
EVD-000794,TSK-001624,점검표,옥내소화전설비 기준 적합 확인서.pdf,,,SD03-1,2026-07-09,예시 데이터(시연용)
EVD-000795,TSK-001626,점검표,옥내소화전설비 기준 적합 확인서.pdf,,,SD03-1,2026-07-21,예시 데이터(시연용)
EVD-000796,TSK-001627,점검표,옥내소화전설비 기준 적합 확인서.pdf,,,SD03-1,2026-07-27,예시 데이터(시연용)
EVD-000797,TSK-001627,사진,옥내소화전설비 현장사진.zip,,,SD03-1,2026-07-27,예시 데이터(시연용)
EVD-000798,TSK-001628,작업일지,2026-08 어린이보호구역 점용허가 협의 작업일지.xlsx,,,SD03-1,2026-08-02,예시 데이터(시연용)
EVD-000799,TSK-001629,작업일지,2026-08 어린이보호구역 점용허가 협의 작업일지.xlsx,,,SD03-1,2026-08-08,예시 데이터(시연용)
EVD-000800,TSK-001631,작업일지,2026-08 어린이보호구역 점용허가 협의 작업일지.xlsx,,,SD03-1,2026-08-20,예시 데이터(시연용)
EVD-000801,TSK-001632,점검표,물분무소화설비 기준 적합 확인서.pdf,,,SD03-1,2026-08-26,예시 데이터(시연용)
EVD-000802,TSK-001636,점검표,자동화재탐지설비 기준 적합 확인서.pdf,,,SD03-1,2026-09-05,예시 데이터(시연용)
EVD-000803,TSK-001639,점검표,자동화재탐지설비 기준 적합 확인서.pdf,,,SD03-1,2026-09-02,예시 데이터(시연용)
EVD-000804,TSK-001647,점검표,시설한계 모서리 높이 b 기준 적합 확인서.pdf,,SCH-0004105,SD03-1,2026-09-14,예시 데이터(시연용)
EVD-000805,TSK-001647,사진,시설한계 모서리 높이 b 현장사진.zip,,,SD03-1,2026-09-14,예시 데이터(시연용)
EVD-000806,TSK-001655,점검표,보도·자전거도로 시설한계 기준 적합 확인서.pdf,,SCH-0004105,SD03-1,2026-09-06,예시 데이터(시연용)
EVD-000807,TSK-001658,작업일지,2026-09 표주 훼손 금지 안내 작업일지.xlsx,,SCH-0012303,SD03-1,2026-09-03,예시 데이터(시연용)
EVD-000808,TSK-001663,보고·게시 증빙,2026년 상반기 접도구역 지정 고시 보고 공문.pdf,,SCH-0012303,SD03-1,2026-09-18,예시 데이터(시연용)
EVD-000809,TSK-001666,보고·게시 증빙,2026년 하반기 고시 기재사항 보고 공문.pdf,,SCH-0012303,SD03-1,2026-09-15,예시 데이터(시연용)
EVD-000810,TSK-001672,점검표,관리대장 기재항목 기준 적합 확인서.pdf,,SCH-0012303,SD03-1,2026-06-10,예시 데이터(시연용)
EVD-000811,TSK-001673,점검표,관리대장 기재항목 기준 적합 확인서.pdf,,SCH-0012303,SD03-1,2026-06-16,예시 데이터(시연용)
EVD-000812,TSK-001674,점검표,관리대장 기재항목 기준 적합 확인서.pdf,,SCH-0012303,SD03-1,2026-06-22,예시 데이터(시연용)
EVD-000813,TSK-001674,사진,관리대장 기재항목 현장사진.zip,,,SD03-1,2026-06-22,예시 데이터(시연용)
EVD-000814,TSK-001675,점검표,관리대장 기재항목 기준 적합 확인서.pdf,,SCH-0012303,SD03-1,2026-06-28,예시 데이터(시연용)
EVD-000815,TSK-001677,보고·게시 증빙,2026년 상반기 대장 작성방법 보고 공문.pdf,,SCH-0012303,SD03-1,2026-08-20,예시 데이터(시연용)
EVD-000816,TSK-001678,보고·게시 증빙,2026년 하반기 대장 작성방법 보고 공문.pdf,,SCH-0012303,SD03-1,2026-08-26,예시 데이터(시연용)
EVD-000817,TSK-001680,보고·게시 증빙,2026년 하반기 불법건축물 관리대장 보고 공문.pdf,,SCH-0012303,SD03-1,2026-09-07,예시 데이터(시연용)
EVD-000818,TSK-001682,보고·게시 증빙,2026년 하반기 불법건축물 관리대장 보고 공문.pdf,,SCH-0012303,SD03-1,2026-09-19,예시 데이터(시연용)
EVD-000819,TSK-001685,보고·게시 증빙,2026년 상반기 불법건축물 기재항목 보고 공문.pdf,,SCH-0012303,SD03-1,2026-09-16,예시 데이터(시연용)
EVD-000820,TSK-001690,점검표,증축 기재기준 기준 적합 확인서.pdf,,SCH-0012303,SD03-1,2026-09-11,예시 데이터(시연용)
EVD-000821,TSK-001690,사진,증축 기재기준 현장사진.zip,,,SD03-1,2026-09-11,예시 데이터(시연용)
EVD-000822,TSK-001693,점검표,위반 거리 산정기준 기준 적합 확인서.pdf,,SCH-0012303,SD03-1,2026-09-08,예시 데이터(시연용)
EVD-000823,TSK-001699,보고·게시 증빙,2026년 상반기 이상 표주 시정 집계 보고 공문.pdf,,SCH-0012303,SD03-1,2026-07-27,예시 데이터(시연용)
EVD-000824,TSK-001700,보고·게시 증빙,2026년 하반기 건축물 증감 사유 보고 공문.pdf,,SCH-0012303,SD03-1,2026-08-02,예시 데이터(시연용)
EVD-000825,TSK-001701,보고·게시 증빙,2026년 상반기 건축물 증감 사유 보고 공문.pdf,,SCH-0012303,SD03-1,2026-08-08,예시 데이터(시연용)
EVD-000826,TSK-001702,보고·게시 증빙,2026년 하반기 건축물 증감 사유 보고 공문.pdf,,SCH-0012303,SD03-1,2026-08-14,예시 데이터(시연용)
EVD-000827,TSK-001704,보고·게시 증빙,2026년 하반기 관리대장 표제 기재사항 보고 공문.pdf,,SCH-0005304,SD03-1,2026-08-26,예시 데이터(시연용)
EVD-000828,TSK-001705,보고·게시 증빙,2026년 상반기 관리대장 표제 기재사항 보고 공문.pdf,,SCH-0005304,SD03-1,2026-09-13,예시 데이터(시연용)
EVD-000829,TSK-001709,보고·게시 증빙,2026년 상반기 건축물·토지 소유자 기재 보고 공문.pdf,,SCH-0005304,SD03-1,2026-09-12,예시 데이터(시연용)
EVD-000830,TSK-001712,보고·게시 증빙,2026년 하반기 도로예정지·접도구역 구분 보고 공문.pdf,,SCH-0005304,SD03-1,2026-09-09,예시 데이터(시연용)
EVD-000831,TSK-001720,점검표,전봇대 이격거리 기준 적합 확인서.pdf,,SCH-0005298,SD03-1,2026-09-01,예시 데이터(시연용)
EVD-000832,TSK-001721,점검표,전봇대 이격거리 기준 적합 확인서.pdf,,SCH-0005298,SD03-1,2026-05-18,예시 데이터(시연용)
EVD-000833,TSK-001721,사진,전봇대 이격거리 현장사진.zip,,,SD03-1,2026-05-18,예시 데이터(시연용)
EVD-000834,TSK-001723,점검표,전봇대 이격거리 기준 적합 확인서.pdf,,SCH-0005298,SD03-1,2026-05-30,예시 데이터(시연용)
EVD-000835,TSK-001724,점검표,지상 전선 높이 기준 적합 확인서.pdf,,SCH-0005298,SD03-1,2026-06-05,예시 데이터(시연용)
EVD-000836,TSK-001726,점검표,지상 전선 높이 기준 적합 확인서.pdf,,SCH-0005298,SD03-1,2026-06-17,예시 데이터(시연용)
EVD-000837,TSK-001726,사진,지상 전선 높이 현장사진.zip,,,SD03-1,2026-06-17,예시 데이터(시연용)
EVD-000838,TSK-001727,점검표,지상 전선 높이 기준 적합 확인서.pdf,,SCH-0005298,SD03-1,2026-06-23,예시 데이터(시연용)
EVD-000839,TSK-001728,점검표,지하 전선 토피 기준 적합 확인서.pdf,,SCH-0005298,SD03-1,2026-06-29,예시 데이터(시연용)
EVD-000840,TSK-001729,점검표,지하 전선 토피 기준 적합 확인서.pdf,,SCH-0005298,SD03-1,2026-07-17,예시 데이터(시연용)
EVD-000841,TSK-001729,사진,지하 전선 토피 현장사진.zip,,,SD03-1,2026-07-17,예시 데이터(시연용)
EVD-000842,TSK-001731,점검표,지하 전선 토피 기준 적합 확인서.pdf,,SCH-0005298,SD03-1,2026-07-29,예시 데이터(시연용)
EVD-000843,TSK-001732,점검표,관로 매설 깊이 기준 적합 확인서.pdf,,SCH-0005298,SD04-1,2026-08-04,예시 데이터(시연용)
EVD-000844,TSK-001734,점검표,관로 매설 깊이 기준 적합 확인서.pdf,,SCH-0005298,SD04-1,2026-08-16,예시 데이터(시연용)
EVD-000845,TSK-001734,사진,관로 매설 깊이 현장사진.zip,,,SD04-1,2026-08-16,예시 데이터(시연용)
EVD-000846,TSK-001735,점검표,관로 매설 깊이 기준 적합 확인서.pdf,,SCH-0005298,SD04-1,2026-08-22,예시 데이터(시연용)
EVD-000847,TSK-001736,점검표,하수도관 매설 깊이 기준 적합 확인서.pdf,,SCH-0005298,SD05-1,2026-08-28,예시 데이터(시연용)
EVD-000848,TSK-001737,점검표,통신구·맨홀 안전대책 기준 적합 확인서.pdf,,SCH-0005298,SD03-1,2026-09-03,예시 데이터(시연용)
EVD-000849,TSK-001737,사진,통신구·맨홀 안전대책 현장사진.zip,,,SD03-1,2026-09-03,예시 데이터(시연용)
EVD-000850,TSK-001738,점검표,통신구·맨홀 안전대책 기준 적합 확인서.pdf,,SCH-0005298,SD03-1,2026-09-09,예시 데이터(시연용)
EVD-000851,TSK-001739,점검표,통신구·맨홀 안전대책 기준 적합 확인서.pdf,,SCH-0005298,SD03-1,2026-09-02,예시 데이터(시연용)
EVD-000852,TSK-001747,점검표,차로 차단 시 교통소통대책 기준 적합 확인서.pdf,,SCH-0005298,SD03-1,2026-09-14,예시 데이터(시연용)
EVD-000853,TSK-001747,사진,차로 차단 시 교통소통대책 현장사진.zip,,,SD03-1,2026-09-14,예시 데이터(시연용)
EVD-000854,TSK-001753,훈련 결과보고서,2026년 굴착 원상복구 품질 훈련 결과보고서.pdf,,SCH-0005298,SD03-1,2026-08-20,예시 데이터(시연용)
EVD-000855,TSK-001754,훈련 결과보고서,2026년 굴착 원상복구 품질 훈련 결과보고서.pdf,,SCH-0005298,SD03-1,2026-08-26,예시 데이터(시연용)
EVD-000856,TSK-001755,훈련 결과보고서,2026년 굴착 원상복구 품질 훈련 결과보고서.pdf,,SCH-0005298,SD03-1,2026-09-01,예시 데이터(시연용)
EVD-000857,TSK-001756,훈련 결과보고서,2026년 굴착 원상복구 품질 훈련 결과보고서.pdf,,SCH-0005298,SD03-1,2026-09-07,예시 데이터(시연용)
EVD-000858,TSK-001758,훈련 결과보고서,2026년 비포장도로 복구 훈련 결과보고서.pdf,,SCH-0005298,SD03-1,2026-09-03,예시 데이터(시연용)
EVD-000859,TSK-001763,보고·게시 증빙,2026년 상반기 처리기간 적용 구분 보고 공문.pdf,,SCH-0005304,SD03-1,2026-09-18,예시 데이터(시연용)
EVD-000860,TSK-001766,보고·게시 증빙,2026년 하반기 경찰청 협의처리기간 보고 공문.pdf,,SCH-0005304,SD03-1,2026-09-15,예시 데이터(시연용)
EVD-000861,TSK-001774,보고·게시 증빙,2026년 하반기 수수료 조례 위임 보고 공문.pdf,,SCH-0005304,SD03-1,2026-09-07,예시 데이터(시연용)
EVD-000862,TSK-001775,보고·게시 증빙,2026년 상반기 수수료 조례 위임 보고 공문.pdf,,SCH-0005304,SD03-1,2026-07-15,예시 데이터(시연용)
EVD-000863,TSK-001777,보고·게시 증빙,2026년 상반기 허가 기본사항 기재 보고 공문.pdf,,SCH-0005304,SD03-1,2026-08-08,예시 데이터(시연용)
EVD-000864,TSK-001778,보고·게시 증빙,2026년 하반기 허가 기본사항 기재 보고 공문.pdf,,SCH-0005304,SD03-1,2026-08-14,예시 데이터(시연용)
EVD-000865,TSK-001780,보고·게시 증빙,2026년 하반기 허가 기본사항 기재 보고 공문.pdf,,SCH-0005304,SD03-1,2026-08-26,예시 데이터(시연용)
EVD-000866,TSK-001781,보고·게시 증빙,2026년 상반기 도로종류·점용장소·피허가자 보고 공문.pdf,,SCH-0005304,SD03-1,2026-09-01,예시 데이터(시연용)
EVD-000867,TSK-001782,보고·게시 증빙,2026년 하반기 도로종류·점용장소·피허가자 보고 공문.pdf,,SCH-0005304,SD03-1,2026-09-07,예시 데이터(시연용)
EVD-000868,TSK-001783,보고·게시 증빙,2026년 상반기 도로종류·점용장소·피허가자 보고 공문.pdf,,SCH-0005304,SD03-1,2026-09-13,예시 데이터(시연용)
EVD-000869,TSK-001785,보고·게시 증빙,2026년 상반기 점용목적·점용면적 기재 보고 공문.pdf,,SCH-0005304,SD03-1,2026-09-16,예시 데이터(시연용)
EVD-000870,TSK-001789,점검표,점용·굴착기간 기재 기준 적합 확인서.pdf,,SCH-0005304,SD03-1,2026-09-10,예시 데이터(시연용)
EVD-000871,TSK-001790,점검표,점용·굴착기간 기재 기준 적합 확인서.pdf,,SCH-0005304,SD03-1,2026-09-16,예시 데이터(시연용)
EVD-000872,TSK-001793,보고·게시 증빙,2026년 상반기 변동사항·교통소통대책 보고 공문.pdf,,SCH-0005304,SD03-1,2026-09-08,예시 데이터(시연용)
EVD-000873,TSK-001800,보고·게시 증빙,2026년 하반기 위치도·평면도·사진 보고 공문.pdf,,SCH-0005304,SD03-1,2026-07-09,예시 데이터(시연용)
EVD-000874,TSK-001801,점검표,점용공사 대행 통지 기준 적합 확인서.pdf,,SCH-0005304,SD03-1,2026-09-20,예시 데이터(시연용)
EVD-000875,TSK-001809,점검표,대행 첨부서류 기준 적합 확인서.pdf,,SCH-0005304,SD03-1,2026-09-12,예시 데이터(시연용)
EVD-000876,TSK-001812,점검표,대행 첨부서류 기준 적합 확인서.pdf,,SCH-0005304,SD03-1,2026-09-09,예시 데이터(시연용)
EVD-000877,TSK-001812,사진,대행 첨부서류 현장사진.zip,,,SD03-1,2026-09-09,예시 데이터(시연용)
EVD-000878,TSK-001820,보고·게시 증빙,2026년 하반기 관계법령 의무이행 보고 공문.pdf,,,SD03-1,2026-09-01,예시 데이터(시연용)
EVD-000879,TSK-001826,보고·게시 증빙,2026년 하반기 관계법령 의무이행 보고 공문.pdf,,,SD03-1,2026-07-21,예시 데이터(시연용)
EVD-000880,TSK-001827,보고·게시 증빙,2026년 상반기 관계법령 의무이행 보고 공문.pdf,,,SD03-1,2026-07-27,예시 데이터(시연용)
EVD-000881,TSK-001828,보고·게시 증빙,2026년 하반기 관계법령 의무이행 보고 공문.pdf,,,SD03-1,2026-08-02,예시 데이터(시연용)
EVD-000882,TSK-001829,보고·게시 증빙,2026년 상반기 관계법령 의무이행 보고 공문.pdf,,,SD03-1,2026-08-08,예시 데이터(시연용)
EVD-000883,TSK-001831,보고·게시 증빙,2026년 상반기 관계법령 의무이행 보고 공문.pdf,,,SD03-1,2026-08-20,예시 데이터(시연용)
EVD-000884,TSK-001832,보고·게시 증빙,2026년 하반기 관계법령 의무이행 보고 공문.pdf,,,SD03-1,2026-08-26,예시 데이터(시연용)
EVD-000885,TSK-001834,보고·게시 증빙,2026년 하반기 관계법령 의무이행 보고 공문.pdf,,,SD03-1,2026-09-07,예시 데이터(시연용)
EVD-000886,TSK-001836,보고·게시 증빙,2026년 하반기 관계법령 의무이행 보고 공문.pdf,,,SD03-1,2026-09-05,예시 데이터(시연용)
EVD-000887,TSK-001839,보고·게시 증빙,2026년 상반기 관계법령 의무이행 보고 공문.pdf,,,SD03-1,2026-09-02,예시 데이터(시연용)
EVD-000888,TSK-001847,보고·게시 증빙,2026년 상반기 관계법령 의무이행 보고 공문.pdf,,,SD03-1,2026-09-14,예시 데이터(시연용)
EVD-000889,TSK-001853,보고·게시 증빙,2026년 상반기 관계법령 의무이행 보고 공문.pdf,,,SD03-1,2026-07-27,예시 데이터(시연용)
EVD-000890,TSK-001854,보고·게시 증빙,2026년 하반기 관계법령 의무이행 보고 공문.pdf,,,SD03-1,2026-08-02,예시 데이터(시연용)
EVD-000891,TSK-001855,보고·게시 증빙,2026년 상반기 관계법령 의무이행 보고 공문.pdf,,,SD03-1,2026-08-08,예시 데이터(시연용)
EVD-000892,TSK-001856,보고·게시 증빙,2026년 하반기 관계법령 의무이행 보고 공문.pdf,,,SD03-1,2026-08-14,예시 데이터(시연용)
EVD-000893,TSK-001858,점검표,관계법령 의무이행 기준 적합 확인서.pdf,,,SD03-1,2026-09-03,예시 데이터(시연용)
EVD-000894,TSK-001863,점검표,관계법령 의무이행 기준 적합 확인서.pdf,,,SD03-1,2026-09-18,예시 데이터(시연용)
EVD-000895,TSK-001866,점검표,관계법령 의무이행 기준 적합 확인서.pdf,,,SD03-1,2026-09-15,예시 데이터(시연용)
EVD-000896,TSK-001874,점검표,관계법령 의무이행 기준 적합 확인서.pdf,,,SD03-1,2026-09-07,예시 데이터(시연용)
EVD-000897,TSK-001874,사진,관계법령 의무이행 현장사진.zip,,,SD03-1,2026-09-07,예시 데이터(시연용)
EVD-000898,TSK-001878,점검표,관계법령 의무이행 기준 적합 확인서.pdf,,,SD03-1,2026-05-21,예시 데이터(시연용)
EVD-000899,TSK-001880,점검표,관계법령 의무이행 기준 적합 확인서.pdf,,,SD03-1,2026-06-02,예시 데이터(시연용)
EVD-000900,TSK-001881,점검표,관계법령 의무이행 기준 적합 확인서.pdf,,,SD03-1,2026-06-08,예시 데이터(시연용)
EVD-000901,TSK-001881,사진,관계법령 의무이행 현장사진.zip,,,SD03-1,2026-06-08,예시 데이터(시연용)
EVD-000902,TSK-001882,점검표,관계법령 의무이행 기준 적합 확인서.pdf,,,SD03-1,2026-06-14,예시 데이터(시연용)
EVD-000903,TSK-001883,점검표,관계법령 의무이행 기준 적합 확인서.pdf,,,SD03-1,2026-06-20,예시 데이터(시연용)
EVD-000904,TSK-001884,점검표,관계법령 의무이행 기준 적합 확인서.pdf,,,SD03-1,2026-06-26,예시 데이터(시연용)
EVD-000905,TSK-001884,사진,관계법령 의무이행 현장사진.zip,,,SD03-1,2026-06-26,예시 데이터(시연용)
EVD-000906,TSK-001885,점검표,관계법령 의무이행 기준 적합 확인서.pdf,,,SD03-1,2026-07-14,예시 데이터(시연용)
EVD-000907,TSK-001886,점검표,관계법령 의무이행 기준 적합 확인서.pdf,,,SD03-1,2026-07-20,예시 데이터(시연용)
EVD-000908,TSK-001888,점검표,관계법령 의무이행 기준 적합 확인서.pdf,,,SD03-1,2026-08-01,예시 데이터(시연용)
EVD-000909,TSK-001888,사진,관계법령 의무이행 현장사진.zip,,,SD03-1,2026-08-01,예시 데이터(시연용)
EVD-000910,TSK-001890,보고·게시 증빙,2026년 하반기 관계법령 의무이행 보고 공문.pdf,,,SD03-1,2026-09-11,예시 데이터(시연용)
EVD-000911,TSK-001893,보고·게시 증빙,2026년 상반기 관계법령 의무이행 보고 공문.pdf,,,SD03-1,2026-09-08,예시 데이터(시연용)
EVD-000912,TSK-001901,작업일지,2026-09 보호구역 지적 고시·열람 작업일지.xlsx,,SCH-0009022,SD04-1,2026-09-20,예시 데이터(시연용)
EVD-000913,TSK-001909,점검표,정수처리기준 등 기준 적합 확인서.pdf,,SCH-0009025,SD04-1,2026-09-12,예시 데이터(시연용)
EVD-000914,TSK-001920,측정결과표,2026년 하반기 일반수도사업자가 해야 하는 위생상의 조치 측정 결과표.pdf,,SCH-0009025,SD04-1,2026-09-01,예시 데이터(시연용)
EVD-000915,TSK-001928,점검표,정수처리기준 기준 적합 확인서.pdf,,,SD04-1,2026-09-13,예시 데이터(시연용)
EVD-000916,TSK-001931,점검표,관세척 시행 기준 적합 확인서.pdf,,,SD04-1,2026-05-22,예시 데이터(시연용)
EVD-000917,TSK-001931,사진,관세척 시행 현장사진.zip,,,SD04-1,2026-05-22,예시 데이터(시연용)
EVD-000918,TSK-001932,점검표,관세척 시행 기준 적합 확인서.pdf,,,SD04-1,2026-05-28,예시 데이터(시연용)
EVD-000919,TSK-001934,점검표,막모듈의 성능기준 기준 적합 확인서.pdf,,,SD04-1,2026-06-21,예시 데이터(시연용)
EVD-000920,TSK-001935,점검표,막모듈의 성능기준 기준 적합 확인서.pdf,,,SD04-1,2026-06-27,예시 데이터(시연용)
EVD-000921,TSK-001935,사진,막모듈의 성능기준 현장사진.zip,,,SD04-1,2026-06-27,예시 데이터(시연용)
EVD-000922,TSK-001936,점검표,막모듈의 성능기준 기준 적합 확인서.pdf,,,SD04-1,2026-07-03,예시 데이터(시연용)
EVD-000923,TSK-001937,점검표,시설능력 기준 적합 확인서.pdf,,,SD04-1,2026-07-09,예시 데이터(시연용)
EVD-000924,TSK-001939,점검표,시설능력 기준 적합 확인서.pdf,,,SD04-1,2026-07-21,예시 데이터(시연용)
EVD-000925,TSK-001939,사진,시설능력 현장사진.zip,,,SD04-1,2026-07-21,예시 데이터(시연용)
EVD-000926,TSK-001940,점검표,시설능력 기준 적합 확인서.pdf,,,SD04-1,2026-07-27,예시 데이터(시연용)
EVD-000927,TSK-001942,점검표,계열구성 기준 적합 확인서.pdf,,,SD04-1,2026-08-08,예시 데이터(시연용)
EVD-000928,TSK-001943,점검표,계열구성 기준 적합 확인서.pdf,,,SD04-1,2026-08-14,예시 데이터(시연용)
EVD-000929,TSK-001943,사진,계열구성 현장사진.zip,,,SD04-1,2026-08-14,예시 데이터(시연용)
EVD-000930,TSK-001945,점검표,수도꼭지 최대토수유량 기준 적합 확인서.pdf,,SCH-0009025,SD04-1,2026-09-07,예시 데이터(시연용)
EVD-000931,TSK-001947,점검표,수도꼭지 최대토수유량 기준 적합 확인서.pdf,,SCH-0009025,SD04-1,2026-09-14,예시 데이터(시연용)
EVD-000932,TSK-001955,점검표,대·소변 구분형 대변기 기준 적합 확인서.pdf,,SCH-0009025,SD04-1,2026-09-06,예시 데이터(시연용)
EVD-000933,TSK-001955,사진,대·소변 구분형 대변기 현장사진.zip,,,SD04-1,2026-09-06,예시 데이터(시연용)
EVD-000934,TSK-001963,점검표,대변기 사용수량 표시 기준 적합 확인서.pdf,,SCH-0009025,SD04-1,2026-09-18,예시 데이터(시연용)
EVD-000935,TSK-001966,점검표,사용수량 조절 부속품 기준 적합 확인서.pdf,,SCH-0009025,SD04-1,2026-09-15,예시 데이터(시연용)
EVD-000936,TSK-001974,점검표,2026년 하반기 안전검사 신청 점검 결과표.pdf,,SCH-0000620,SD09-1,2026-09-07,예시 데이터(시연용)
EVD-000937,TSK-001974,사진,안전검사 신청 현장사진.zip,,,SD09-1,2026-09-07,예시 데이터(시연용)
EVD-000938,TSK-001977,점검표,국가 등의 책무 기준 적합 확인서.pdf,,,SD02-1,2026-09-04,예시 데이터(시연용)
EVD-000939,TSK-001981,보고·게시 증빙,2026년 상반기 제3종시설물 지정 해제 보고 공문.pdf,,,SD02-1,2026-07-27,예시 데이터(시연용)
EVD-000940,TSK-001982,보고·게시 증빙,2026년 하반기 제3종시설물 지정 해제 보고 공문.pdf,,,SD02-1,2026-08-02,예시 데이터(시연용)
EVD-000941,TSK-001983,보고·게시 증빙,2026년 상반기 제3종시설물 지정 해제 보고 공문.pdf,,,SD02-1,2026-08-08,예시 데이터(시연용)
EVD-000942,TSK-001984,보고·게시 증빙,2026년 하반기 제3종시설물 지정 해제 보고 공문.pdf,,,SD02-1,2026-08-14,예시 데이터(시연용)
EVD-000943,TSK-001985,점검표,E(불량) 등급 상태 기준 적합 확인서.pdf,,SCH-0000927,SD02-1,2026-06-10,예시 데이터(시연용)
EVD-000944,TSK-001986,점검표,E(불량) 등급 상태 기준 적합 확인서.pdf,,SCH-0000927,SD02-1,2026-06-16,예시 데이터(시연용)
EVD-000945,TSK-001986,사진,E(불량) 등급 상태 현장사진.zip,,,SD02-1,2026-06-16,예시 데이터(시연용)
EVD-000946,TSK-001987,점검표,E(불량) 등급 상태 기준 적합 확인서.pdf,,SCH-0000927,SD02-1,2026-06-22,예시 데이터(시연용)
EVD-000947,TSK-001988,점검표,E(불량) 등급 상태 기준 적합 확인서.pdf,,SCH-0000927,SD02-1,2026-06-28,예시 데이터(시연용)
EVD-000948,TSK-001989,점검표,관계법령 의무이행 기준 적합 확인서.pdf,,,SD13-1,2026-07-04,예시 데이터(시연용)
EVD-000949,TSK-001989,사진,관계법령 의무이행 현장사진.zip,,,SD13-1,2026-07-04,예시 데이터(시연용)
EVD-000950,TSK-001990,점검표,관계법령 의무이행 기준 적합 확인서.pdf,,,SD13-1,2026-07-10,예시 데이터(시연용)
EVD-000951,TSK-001991,점검표,관계법령 의무이행 기준 적합 확인서.pdf,,,SD13-1,2026-07-16,예시 데이터(시연용)
EVD-000952,TSK-001992,점검표,관계법령 의무이행 기준 적합 확인서.pdf,,,SD13-1,2026-07-22,예시 데이터(시연용)
EVD-000953,TSK-001992,사진,관계법령 의무이행 현장사진.zip,,,SD13-1,2026-07-22,예시 데이터(시연용)
EVD-000954,TSK-001993,점검표,관계법령 의무이행 기준 적합 확인서.pdf,,,SD13-1,2026-08-09,예시 데이터(시연용)
EVD-000955,TSK-001994,점검표,관계법령 의무이행 기준 적합 확인서.pdf,,,SD13-1,2026-08-15,예시 데이터(시연용)
EVD-000956,TSK-001995,점검표,관계법령 의무이행 기준 적합 확인서.pdf,,,SD13-1,2026-08-21,예시 데이터(시연용)
EVD-000957,TSK-001995,사진,관계법령 의무이행 현장사진.zip,,,SD13-1,2026-08-21,예시 데이터(시연용)
EVD-000958,TSK-001996,점검표,관계법령 의무이행 기준 적합 확인서.pdf,,,SD13-1,2026-08-27,예시 데이터(시연용)
EVD-000959,TSK-002001,작업일지,2026-09 관계법령 의무이행 작업일지.xlsx,,,SD03-1,2026-09-20,예시 데이터(시연용)
EVD-000960,TSK-002007,보고·게시 증빙,2026년 상반기 관계법령 의무이행 보고 공문.pdf,,,SD13-1,2026-07-27,예시 데이터(시연용)
EVD-000961,TSK-002009,작업일지,2026-09 관계법령 의무이행 작업일지.xlsx,,,SD13-1,2026-09-12,예시 데이터(시연용)
EVD-000962,TSK-002011,훈련 결과보고서,2026년 관계법령 의무이행 훈련 결과보고서.pdf,,,SD13-1,2026-08-20,예시 데이터(시연용)
EVD-000963,TSK-002012,훈련 결과보고서,2026년 관계법령 의무이행 훈련 결과보고서.pdf,,,SD13-1,2026-08-26,예시 데이터(시연용)
EVD-000964,TSK-002020,작업일지,2026-09 관계법령 의무이행 작업일지.xlsx,,,SD13-1,2026-09-01,예시 데이터(시연용)
EVD-000965,TSK-002023,작업일지,2026-09 관계법령 의무이행 작업일지.xlsx,,,SD13-1,2026-09-18,예시 데이터(시연용)
EVD-000966,TSK-002028,보고·게시 증빙,2026년 하반기 관계법령 의무이행 보고 공문.pdf,,,SD13-1,2026-09-13,예시 데이터(시연용)
EVD-000967,TSK-002031,보고·게시 증빙,2026년 상반기 관계법령 의무이행 보고 공문.pdf,,,SD13-1,2026-09-10,예시 데이터(시연용)
EVD-000968,TSK-002032,보고·게시 증빙,2026년 하반기 관계법령 의무이행 보고 공문.pdf,,,SD13-1,2026-07-21,예시 데이터(시연용)
EVD-000969,TSK-002033,보고·게시 증빙,2026년 상반기 관계법령 의무이행 보고 공문.pdf,,,SD13-1,2026-07-27,예시 데이터(시연용)
EVD-000970,TSK-002034,보고·게시 증빙,2026년 하반기 관계법령 의무이행 보고 공문.pdf,,,SD13-1,2026-08-02,예시 데이터(시연용)
EVD-000971,TSK-002035,보고·게시 증빙,2026년 상반기 관계법령 의무이행 보고 공문.pdf,,,SD13-1,2026-08-08,예시 데이터(시연용)
EVD-000972,TSK-002036,보고·게시 증빙,2026년 하반기 관계법령 의무이행 보고 공문.pdf,,,SD13-1,2026-08-14,예시 데이터(시연용)
EVD-000973,TSK-002037,관리대장,관계법령 의무이행 관리대장.pdf,,,SD13-1,2026-06-05,예시 데이터(시연용)
EVD-000974,TSK-002038,관리대장,관계법령 의무이행 관리대장.pdf,,,SD13-1,2026-06-11,예시 데이터(시연용)
EVD-000975,TSK-002039,관리대장,관계법령 의무이행 관리대장.pdf,,,SD13-1,2026-06-17,예시 데이터(시연용)
EVD-000976,TSK-002040,관리대장,관계법령 의무이행 관리대장.pdf,,,SD13-1,2026-06-23,예시 데이터(시연용)
EVD-000977,TSK-002043,점검표,공공하수도 운영·관리기준 기준 적합 확인서.pdf,,SCH-0009077,SD05-1,2026-07-23,예시 데이터(시연용)
EVD-000978,TSK-002045,점검표,관리대행 계약해지 사전통지 기준 적합 확인서.pdf,,,SD05-1,2026-08-04,예시 데이터(시연용)
EVD-000979,TSK-002047,점검표,청소 및 준설 등 기준 적합 확인서.pdf,,,SD05-1,2026-08-16,예시 데이터(시연용)
EVD-000980,TSK-002048,점검표,청소 및 준설 등 기준 적합 확인서.pdf,,,SD05-1,2026-08-22,예시 데이터(시연용)
EVD-000981,TSK-002048,사진,청소 및 준설 등 현장사진.zip,,,SD05-1,2026-08-22,예시 데이터(시연용)
EVD-000982,TSK-002050,점검표,청소 및 준설 등 기준 적합 확인서.pdf,,,SD05-1,2026-09-03,예시 데이터(시연용)
EVD-000983,TSK-002051,점검표,청소 및 준설 등 기준 적합 확인서.pdf,,,SD05-1,2026-09-09,예시 데이터(시연용)
EVD-000984,TSK-002055,점검표,작업실적의 기록 관리 등 기준 적합 확인서.pdf,,,SD05-1,2026-09-06,예시 데이터(시연용)
EVD-000985,TSK-002055,사진,작업실적의 기록 관리 등 현장사진.zip,,,SD05-1,2026-09-06,예시 데이터(시연용)
EVD-000986,TSK-002058,점검표,홍수조절을 위한 조치 기준 적합 확인서.pdf,,,SD13-1,2026-09-03,예시 데이터(시연용)
EVD-000987,TSK-002063,교육일지,2026년 상반기 직무교육 실시 교육일지.pdf,,,SD04-1,2026-09-18,예시 데이터(시연용)
EVD-000988,TSK-002066,교육일지,2026년 하반기 직무교육 실시 교육일지.pdf,,,SD04-1,2026-09-15,예시 데이터(시연용)
EVD-000989,TSK-002074,교육일지,2026년 하반기 교육 교육일지.pdf,,,SD04-1,2026-09-07,예시 데이터(시연용)
EVD-000990,TSK-002082,교육일지,2026년 하반기 관계법령 교육이수 교육일지.pdf,,,SD13-1,2026-09-19,예시 데이터(시연용)
EVD-000991,TSK-002085,교육일지,2026년 상반기 관계법령 교육이수 교육일지.pdf,,,SD13-1,2026-09-16,예시 데이터(시연용)
EVD-000992,TSK-002086,교육일지,2026년 하반기 관계법령 교육이수 교육일지.pdf,,,SD13-1,2026-05-13,예시 데이터(시연용)
EVD-000993,TSK-002087,교육일지,2026년 상반기 관계법령 교육이수 교육일지.pdf,,,SD13-1,2026-05-19,예시 데이터(시연용)
EVD-000994,TSK-002088,교육일지,2026년 하반기 관계법령 교육이수 교육일지.pdf,,,SD13-1,2026-05-25,예시 데이터(시연용)
EVD-000995,TSK-002089,교육일지,2026년 상반기 관계법령 교육이수 교육일지.pdf,,,SD13-1,2026-06-12,예시 데이터(시연용)
EVD-000996,TSK-002090,교육일지,2026년 하반기 관계법령 교육이수 교육일지.pdf,,,SD13-1,2026-06-18,예시 데이터(시연용)
EVD-000997,TSK-002091,훈련 결과보고서,2026년 관계법령 교육이수 훈련 결과보고서.pdf,,,SD13-1,2026-09-13,예시 데이터(시연용)
EVD-000998,TSK-002092,교육일지,2026년 하반기 관계법령 교육이수 교육일지.pdf,,,SD13-1,2026-06-30,예시 데이터(시연용)
EVD-000999,TSK-002093,교육일지,2026년 상반기 관계법령 교육이수 교육일지.pdf,,,SD13-1,2026-07-06,예시 데이터(시연용)
EVD-001000,TSK-002094,교육일지,2026년 하반기 관계법령 교육이수 교육일지.pdf,,,SD13-1,2026-07-12,예시 데이터(시연용)
EVD-001001,TSK-002095,교육일지,2026년 상반기 관계법령 교육이수 교육일지.pdf,,,SD13-1,2026-07-18,예시 데이터(시연용)
EVD-001002,TSK-002096,교육일지,2026년 하반기 저수지·댐 안전관리 교육 이수 교육일지.pdf,,,SD13-1,2026-07-24,예시 데이터(시연용)
EVD-001003,TSK-002097,교육일지,2026년 상반기 저수지·댐 안전관리 교육 이수 교육일지.pdf,,,SD13-1,2026-07-30,예시 데이터(시연용)
EVD-001004,TSK-002099,교육일지,2026년 상반기 저수지·댐 안전관리 교육 이수 교육일지.pdf,,,SD13-1,2026-08-11,예시 데이터(시연용)
EVD-001005,TSK-002100,교육일지,2026년 하반기 교육 이수 점검·수교 조치 교육일지.pdf,,,SD13-1,2026-08-17,예시 데이터(시연용)
EVD-001006,TSK-002101,교육일지,2026년 상반기 교육 이수 점검·수교 조치 교육일지.pdf,,,SD13-1,2026-09-04,예시 데이터(시연용)
EVD-001007,TSK-002102,교육일지,2026년 하반기 교육 이수 점검·수교 조치 교육일지.pdf,,,SD13-1,2026-09-10,예시 데이터(시연용)
EVD-001008,TSK-002103,교육일지,2026년 상반기 교육 이수 점검·수교 조치 교육일지.pdf,,,SD13-1,2026-09-16,예시 데이터(시연용)
EVD-001009,TSK-002104,교육일지,2026년 하반기 교육·훈련 교육일지.pdf,,,SD13-1,2026-09-17,예시 데이터(시연용)
EVD-001010,TSK-002109,계획서,2026년 목표·경영방침 설정 계획서.pdf,,,SD02-1,2026-09-12,예시 데이터(시연용)
EVD-001011,TSK-002112,점검표,유해·위험요인 관리 기준 적합 확인서.pdf,,,SD02-1,2026-09-09,예시 데이터(시연용)
EVD-001012,TSK-002114,점검표,2026년 하반기 유해·위험요인 관리 점검 결과표.pdf,,,SD02-1,2026-08-26,예시 데이터(시연용)
EVD-001013,TSK-002114,사진,유해·위험요인 관리 현장사진.zip,,,SD02-1,2026-08-26,예시 데이터(시연용)
EVD-001014,TSK-002115,점검표,2026년 상반기 유해·위험요인 관리 점검 결과표.pdf,,,SD02-1,2026-09-01,예시 데이터(시연용)
EVD-001015,TSK-002116,점검표,2026년 하반기 유해·위험요인 관리 점검 결과표.pdf,,,SD02-1,2026-09-07,예시 데이터(시연용)
EVD-001016,TSK-002120,훈련 결과보고서,2026년 유해·위험요인 관리 훈련 결과보고서.pdf,,,SD02-1,2026-09-01,예시 데이터(시연용)
EVD-001017,TSK-002123,훈련 결과보고서,2026년 유해·위험요인 관리 훈련 결과보고서.pdf,,,SD02-1,2026-09-18,예시 데이터(시연용)
EVD-001018,TSK-002128,점검표,2026년 하반기 유해·위험요인 관리 점검 결과표.pdf,,,SD02-1,2026-09-13,예시 데이터(시연용)
EVD-001019,TSK-002131,점검표,2026년 상반기 유해·위험요인 관리 점검 결과표.pdf,,,SD02-1,2026-09-10,예시 데이터(시연용)
EVD-001020,TSK-002134,점검표,2026년 하반기 유해·위험요인 관리 점검 결과표.pdf,,,SD02-1,2026-09-07,예시 데이터(시연용)
EVD-001021,TSK-002134,사진,유해·위험요인 관리 현장사진.zip,,,SD02-1,2026-09-07,예시 데이터(시연용)
EVD-001022,TSK-002135,점검표,2026년 상반기 유해·위험요인 관리 점검 결과표.pdf,,,SD02-1,2026-07-15,예시 데이터(시연용)
EVD-001023,TSK-002136,점검표,2026년 하반기 유해·위험요인 관리 점검 결과표.pdf,,,SD02-1,2026-07-21,예시 데이터(시연용)
EVD-001024,TSK-002137,점검표,2026년 상반기 유해·위험요인 관리 점검 결과표.pdf,,,SD02-1,2026-08-08,예시 데이터(시연용)
EVD-001025,TSK-002137,사진,유해·위험요인 관리 현장사진.zip,,,SD02-1,2026-08-08,예시 데이터(시연용)
EVD-001026,TSK-002138,임명·선임 문서,관리책임자 지원·평가 선임 통보서.pdf,,,SD02-1,2026-08-14,예시 데이터(시연용)
EVD-001027,TSK-002139,임명·선임 문서,전문인력 배치 선임 통보서.pdf,,,SD02-1,2026-08-20,예시 데이터(시연용)
EVD-001028,TSK-002140,임명·선임 문서,전문인력 배치 선임 통보서.pdf,,,SD02-1,2026-08-26,예시 데이터(시연용)
EVD-001029,TSK-002141,임명·선임 문서,안전관리자 선임·변경 통보 선임 통보서.pdf,,SCH-0000620,SD09-1,2026-09-01,예시 데이터(시연용)
EVD-001030,TSK-002142,임명·선임 문서,안전관리자 선임·변경 통보 선임 통보서.pdf,,SCH-0000620,SD09-1,2026-09-07,예시 데이터(시연용)
EVD-001031,TSK-002143,임명·선임 문서,안전관리자 선임·변경 통보 선임 통보서.pdf,,SCH-0000620,SD09-1,2026-09-13,예시 데이터(시연용)
EVD-001032,TSK-002147,임명·선임 문서,다중이용건축물 관리자 자격 선임 통보서.pdf,,SCH-0000620,SD09-1,2026-09-14,예시 데이터(시연용)
EVD-001033,TSK-002150,임명·선임 문서,그 밖 승강기 관리자 자격 선임 통보서.pdf,,SCH-0000620,SD09-1,2026-09-11,예시 데이터(시연용)
EVD-001034,TSK-002155,훈련 결과보고서,2026년 매뉴얼 마련 훈련 결과보고서.pdf,,,SD02-1,2026-09-06,예시 데이터(시연용)
EVD-001035,TSK-002158,훈련 결과보고서,2026년 재발방지대책 수립 훈련 결과보고서.pdf,,,SD02-1,2026-09-03,예시 데이터(시연용)
EVD-001036,TSK-002161,점검표,2026년 상반기 관계법령 의무이행 점검 결과표.pdf,,,SD02-1,2026-07-27,예시 데이터(시연용)
EVD-001037,TSK-002161,사진,관계법령 의무이행 현장사진.zip,,,SD02-1,2026-07-27,예시 데이터(시연용)
EVD-001038,TSK-002162,보고·게시 증빙,2026년 하반기 관계법령 의무이행 보고 공문.pdf,,,SD02-1,2026-08-02,예시 데이터(시연용)
EVD-001039,TSK-002163,점검표,2026년 상반기 관계법령 의무이행 점검 결과표.pdf,,,SD02-1,2026-08-08,예시 데이터(시연용)
EVD-001040,TSK-002164,보고·게시 증빙,2026년 하반기 관계법령 의무이행 보고 공문.pdf,,,SD02-1,2026-08-14,예시 데이터(시연용)
EVD-001041,TSK-002165,보고·게시 증빙,2026년 상반기 관계법령 의무이행 보고 공문.pdf,,,SD02-1,2026-08-20,예시 데이터(시연용)
EVD-001042,TSK-002166,점검표,관계법령 의무이행 기준 적합 확인서.pdf,,,SD02-1,2026-09-15,예시 데이터(시연용)
EVD-001043,TSK-002167,임명·선임 문서,관계법령 의무이행 선임 통보서.pdf,,,SD02-1,2026-09-01,예시 데이터(시연용)
EVD-001044,TSK-002169,점검표,2026년 상반기 관계법령 의무이행 점검 결과표.pdf,,,SD02-1,2026-09-12,예시 데이터(시연용)
EVD-001045,TSK-002169,사진,관계법령 의무이행 현장사진.zip,,,SD02-1,2026-09-12,예시 데이터(시연용)
EVD-001046,TSK-002174,점검표,2026년 하반기 관계법령 의무이행 점검 결과표.pdf,,,SD02-1,2026-09-07,예시 데이터(시연용)
EVD-001047,TSK-002182,점검표,단지내도로 교통안전시설의 설치·관리기준 — 유지 기준 적합 확인서.pdf,,,SD03-1,2026-09-19,예시 데이터(시연용)
EVD-001048,TSK-002185,점검표,단지내도로 교통안전시설의 설치·관리기준 — 보수 기준 적합 확인서.pdf,,,SD03-1,2026-09-16,예시 데이터(시연용)
EVD-001049,TSK-002185,사진,단지내도로 교통안전시설의 설치·관리기준 — 보수 현장사진.zip,,,SD03-1,2026-09-16,예시 데이터(시연용)
EVD-001050,TSK-002187,보고·게시 증빙,2026년 상반기 관계법령 의무이행 보고 공문.pdf,,,SD02-1,2026-07-27,예시 데이터(시연용)
EVD-001051,TSK-002188,점검표,관계법령 의무이행 기준 적합 확인서.pdf,,,SD02-1,2026-09-13,예시 데이터(시연용)
EVD-001052,TSK-002190,보고·게시 증빙,2026년 하반기 관계법령 의무이행 보고 공문.pdf,,,SD02-1,2026-08-14,예시 데이터(시연용)
EVD-001053,TSK-002191,점검표,관계법령 의무이행 기준 적합 확인서.pdf,,,SD02-1,2026-05-21,예시 데이터(시연용)
EVD-001054,TSK-002192,점검표,관계법령 의무이행 기준 적합 확인서.pdf,,,SD02-1,2026-05-27,예시 데이터(시연용)
EVD-001055,TSK-002193,점검표,관계법령 의무이행 기준 적합 확인서.pdf,,,SD02-1,2026-06-02,예시 데이터(시연용)
EVD-001056,TSK-002194,보고·게시 증빙,2026년 하반기 관계법령 의무이행 보고 공문.pdf,,,SD02-1,2026-09-07,예시 데이터(시연용)
EVD-001057,TSK-002195,점검표,관계법령 의무이행 기준 적합 확인서.pdf,,,SD02-1,2026-06-14,예시 데이터(시연용)
EVD-001058,TSK-002196,작업일지,2026-06 관계법령 의무이행 작업일지.xlsx,,,SD02-1,2026-06-20,예시 데이터(시연용)
EVD-001059,TSK-002197,점검표,관계법령 의무이행 기준 적합 확인서.pdf,,,SD02-1,2026-07-08,예시 데이터(시연용)
EVD-001060,TSK-002199,점검표,관계법령 의무이행 기준 적합 확인서.pdf,,,SD02-1,2026-07-20,예시 데이터(시연용)
EVD-001061,TSK-002199,사진,관계법령 의무이행 현장사진.zip,,,SD02-1,2026-07-20,예시 데이터(시연용)
EVD-001062,TSK-002200,점검표,관계법령 의무이행 기준 적합 확인서.pdf,,,SD02-1,2026-07-26,예시 데이터(시연용)
EVD-001063,TSK-002201,보고·게시 증빙,2026년 상반기 관계법령 의무이행 보고 공문.pdf,,,SD02-1,2026-09-20,예시 데이터(시연용)
EVD-001064,TSK-002202,점검표,관계법령 의무이행 기준 적합 확인서.pdf,,,SD02-1,2026-08-07,예시 데이터(시연용)
EVD-001065,TSK-002202,사진,관계법령 의무이행 현장사진.zip,,,SD02-1,2026-08-07,예시 데이터(시연용)
EVD-001066,TSK-002203,측정결과표,2026년 상반기 관계법령 의무이행 측정 결과표.pdf,,,SD02-1,2026-08-13,예시 데이터(시연용)
EVD-001067,TSK-002204,계획서,2026년 관계법령 의무이행 계획서.pdf,,,SD02-1,2026-08-19,예시 데이터(시연용)
EVD-001068,TSK-002205,점검표,관계법령 의무이행 기준 적합 확인서.pdf,,,SD02-1,2026-08-25,예시 데이터(시연용)
EVD-001069,TSK-002205,사진,관계법령 의무이행 현장사진.zip,,,SD02-1,2026-08-25,예시 데이터(시연용)
EVD-001070,TSK-002206,점검표,관계법령 의무이행 기준 적합 확인서.pdf,,,SD02-1,2026-08-31,예시 데이터(시연용)
EVD-001071,TSK-002207,보고·게시 증빙,2026년 상반기 관계법령 의무이행 보고 공문.pdf,,,SD02-1,2026-09-14,예시 데이터(시연용)
EVD-001072,TSK-002209,점검표,2026년 상반기 관계법령 의무이행 점검 결과표.pdf,,,SD02-1,2026-09-12,예시 데이터(시연용)
EVD-001073,TSK-002209,사진,관계법령 의무이행 현장사진.zip,,,SD02-1,2026-09-12,예시 데이터(시연용)
EVD-001074,TSK-002212,작업일지,2026-09 관계법령 의무이행 작업일지.xlsx,,,SD02-1,2026-09-09,예시 데이터(시연용)
EVD-001075,TSK-002213,보고·게시 증빙,2026년 상반기 관계법령 의무이행 보고 공문.pdf,,,SD02-1,2026-07-27,예시 데이터(시연용)
EVD-001076,TSK-002215,보고·게시 증빙,2026년 상반기 관계법령 의무이행 보고 공문.pdf,,,SD02-1,2026-08-08,예시 데이터(시연용)
EVD-001077,TSK-002216,보고·게시 증빙,2026년 하반기 관계법령 의무이행 보고 공문.pdf,,,SD02-1,2026-08-14,예시 데이터(시연용)
EVD-001078,TSK-002218,보고·게시 증빙,2026년 하반기 관계법령 의무이행 보고 공문.pdf,,,SD02-1,2026-08-26,예시 데이터(시연용)
EVD-001079,TSK-002219,보고·게시 증빙,2026년 상반기 관계법령 의무이행 보고 공문.pdf,,,SD02-1,2026-09-01,예시 데이터(시연용)
EVD-001080,TSK-002220,보고·게시 증빙,2026년 하반기 관계법령 의무이행 보고 공문.pdf,,,SD02-1,2026-09-07,예시 데이터(시연용)
EVD-001081,TSK-002223,점검표,2026년 상반기 안전검사 신청 점검 결과표.pdf,,SCH-0000620,SD09-1,2026-09-18,예시 데이터(시연용)
EVD-001082,TSK-002228,측정결과표,2026년 하반기 위생 및 안전관리계획 수립 등 측정 결과표.pdf,,,SD04-1,2026-09-13,예시 데이터(시연용)
EVD-001083,TSK-002236,계획서,2026년 병원성 미생물의 조사 대상 시설 등 계획서.pdf,,SCH-0009025,SD04-1,2026-09-05,예시 데이터(시연용)
EVD-001084,TSK-002243,점검표,홍수·세굴 영향 최소화 기준 적합 확인서.pdf,,SCH-0009025,SD04-1,2026-05-16,예시 데이터(시연용)
EVD-001085,TSK-002243,사진,홍수·세굴 영향 최소화 현장사진.zip,,,SD04-1,2026-05-16,예시 데이터(시연용)
EVD-001086,TSK-002245,점검표,홍수·세굴 영향 최소화 기준 적합 확인서.pdf,,SCH-0009025,SD04-1,2026-06-09,예시 데이터(시연용)
EVD-001087,TSK-002247,점검표,저수시설 지진·홍수 대비 기준 적합 확인서.pdf,,SCH-0009025,SD13-1,2026-06-21,예시 데이터(시연용)
EVD-001088,TSK-002248,점검표,저수시설 지진·홍수 대비 기준 적합 확인서.pdf,,SCH-0009025,SD13-1,2026-06-27,예시 데이터(시연용)
EVD-001089,TSK-002248,사진,저수시설 지진·홍수 대비 현장사진.zip,,,SD13-1,2026-06-27,예시 데이터(시연용)
EVD-001090,TSK-002249,점검표,저수시설 지진·홍수 대비 기준 적합 확인서.pdf,,SCH-0009025,SD13-1,2026-07-03,예시 데이터(시연용)
EVD-001091,TSK-002250,점검표,저수시설 지진·홍수 대비 기준 적합 확인서.pdf,,SCH-0009025,SD13-1,2026-07-09,예시 데이터(시연용)
EVD-001092,TSK-002255,점검표,부압 방지·수격완화시설 기준 적합 확인서.pdf,,SCH-0009025,SD04-1,2026-08-08,예시 데이터(시연용)
EVD-001093,TSK-002255,사진,부압 방지·수격완화시설 현장사진.zip,,,SD04-1,2026-08-08,예시 데이터(시연용)
EVD-001094,TSK-002256,점검표,부압 방지·수격완화시설 기준 적합 확인서.pdf,,SCH-0009025,SD04-1,2026-08-14,예시 데이터(시연용)
EVD-001095,TSK-002258,점검표,부압 방지·수격완화시설 기준 적합 확인서.pdf,,SCH-0009025,SD04-1,2026-09-07,예시 데이터(시연용)
EVD-001096,TSK-002259,점검표,중화설비·여과시설 기준 적합 확인서.pdf,,SCH-0009025,SD04-1,2026-09-13,예시 데이터(시연용)
EVD-001097,TSK-002259,사진,중화설비·여과시설 현장사진.zip,,,SD04-1,2026-09-13,예시 데이터(시연용)
EVD-001098,TSK-002263,점검표,완속여과 설계 기준 기준 적합 확인서.pdf,,SCH-0009025,SD04-1,2026-09-18,예시 데이터(시연용)
EVD-001099,TSK-002266,점검표,완속여과 설계 기준 기준 적합 확인서.pdf,,SCH-0009025,SD04-1,2026-09-15,예시 데이터(시연용)
EVD-001100,TSK-002274,점검표,배수관 수압 범위 기준 적합 확인서.pdf,,SCH-0009025,SD04-1,2026-09-07,예시 데이터(시연용)
EVD-001101,TSK-002274,사진,배수관 수압 범위 현장사진.zip,,,SD04-1,2026-09-07,예시 데이터(시연용)
EVD-001102,TSK-002282,점검표,적체 배수관 역류방지설비 기준 적합 확인서.pdf,,SCH-0009025,SD04-1,2026-09-19,예시 데이터(시연용)
EVD-001103,TSK-002290,계획서,2026년 취수·송수펌프 예비용량 계획서.pdf,,SCH-0009025,SD04-1,2026-09-11,예시 데이터(시연용)
EVD-001104,TSK-002293,점검표,재해 대비 차단밸브 기준 적합 확인서.pdf,,SCH-0009025,SD04-1,2026-09-08,예시 데이터(시연용)
EVD-001105,TSK-002293,사진,재해 대비 차단밸브 현장사진.zip,,,SD04-1,2026-09-08,예시 데이터(시연용)
EVD-001106,TSK-002296,점검표,2026년 하반기 운전상태 감시·제어 설비 점검 결과표.pdf,,SCH-0009025,SD04-1,2026-09-07,예시 데이터(시연용)
EVD-001107,TSK-002297,점검표,2026년 상반기 운전상태 감시·제어 설비 점검 결과표.pdf,,SCH-0009025,SD04-1,2026-09-13,예시 데이터(시연용)
EVD-001108,TSK-002299,점검표,CCTV 등 시설보안 강화 기준 적합 확인서.pdf,,SCH-0009025,SD04-1,2026-06-16,예시 데이터(시연용)
EVD-001109,TSK-002299,사진,CCTV 등 시설보안 강화 현장사진.zip,,,SD04-1,2026-06-16,예시 데이터(시연용)
EVD-001110,TSK-002301,점검표,CCTV 등 시설보안 강화 기준 적합 확인서.pdf,,SCH-0009025,SD04-1,2026-06-28,예시 데이터(시연용)
EVD-001111,TSK-002302,점검표,CCTV 등 시설보안 강화 기준 적합 확인서.pdf,,SCH-0009025,SD04-1,2026-07-04,예시 데이터(시연용)
EVD-001112,TSK-002304,점검표,재해 대비 급수시설 기준 적합 확인서.pdf,,SCH-0009025,SD04-1,2026-07-16,예시 데이터(시연용)
EVD-001113,TSK-002304,사진,재해 대비 급수시설 현장사진.zip,,,SD04-1,2026-07-16,예시 데이터(시연용)
EVD-001114,TSK-002305,점검표,재해 대비 급수시설 기준 적합 확인서.pdf,,SCH-0009025,SD04-1,2026-08-03,예시 데이터(시연용)
EVD-001115,TSK-002307,점검표,별표5 대상 재해예방 조치 기준 적합 확인서.pdf,,,SD04-1,2026-08-15,예시 데이터(시연용)
EVD-001116,TSK-002309,점검표,별표5 대상 재해예방 조치 기준 적합 확인서.pdf,,,SD04-1,2026-08-27,예시 데이터(시연용)
EVD-001117,TSK-002309,사진,별표5 대상 재해예방 조치 현장사진.zip,,,SD04-1,2026-08-27,예시 데이터(시연용)
EVD-001118,TSK-002310,점검표,별표5 대상 재해예방 조치 기준 적합 확인서.pdf,,,SD04-1,2026-09-02,예시 데이터(시연용)
EVD-001119,TSK-002320,작업일지,2026-09 상수원보호구역 관리 조치 작업일지.xlsx,,SCH-0009022,SD04-1,2026-09-01,예시 데이터(시연용)
EVD-001120,TSK-002328,보고·게시 증빙,2026년 하반기 주민공지 결과 보고 보고 공문.pdf,,SCH-0009025,SD04-1,2026-09-13,예시 데이터(시연용)
EVD-001121,TSK-002336,측정결과표,2026년 하반기 수질검사 및 수량분석 측정 결과표.pdf,,SCH-0009025,SD04-1,2026-09-05,예시 데이터(시연용)
EVD-001122,TSK-002347,측정결과표,2026년 상반기 수질검사 및 수량분석 측정 결과표.pdf,,SCH-0009025,SD04-1,2026-05-18,예시 데이터(시연용)
EVD-001123,TSK-002348,측정결과표,2026년 하반기 수질검사 및 수량분석 측정 결과표.pdf,,SCH-0009025,SD04-1,2026-05-24,예시 데이터(시연용)
EVD-001124,TSK-002350,측정결과표,2026년 하반기 수질검사 및 수량분석 측정 결과표.pdf,,SCH-0009025,SD04-1,2026-06-05,예시 데이터(시연용)
EVD-001125,TSK-002351,점검표,상수도관망의 관리 기준 적합 확인서.pdf,,,SD04-1,2026-06-11,예시 데이터(시연용)
EVD-001126,TSK-002353,점검표,상수도관망의 관리 기준 적합 확인서.pdf,,,SD04-1,2026-07-05,예시 데이터(시연용)
EVD-001127,TSK-002355,측정결과표,2026년 상반기 일반수도사업자가 해야 하는 위생상의 조치 측정 결과표.pdf,,SCH-0009025,SD04-1,2026-07-17,예시 데이터(시연용)
EVD-001128,TSK-002356,측정결과표,2026년 하반기 일반수도사업자가 해야 하는 위생상의 조치 측정 결과표.pdf,,SCH-0009025,SD04-1,2026-07-23,예시 데이터(시연용)
EVD-001129,TSK-002358,측정결과표,2026년 하반기 일반수도사업자가 해야 하는 위생상의 조치 측정 결과표.pdf,,SCH-0009025,SD04-1,2026-08-04,예시 데이터(시연용)
EVD-001130,TSK-002359,측정결과표,2026년 상반기 일반수도사업자가 해야 하는 위생상의 조치 측정 결과표.pdf,,SCH-0009025,SD04-1,2026-08-10,예시 데이터(시연용)
EVD-001131,TSK-002361,측정결과표,2026년 상반기 일반수도사업자가 해야 하는 위생상의 조치 측정 결과표.pdf,,SCH-0009025,SD04-1,2026-08-22,예시 데이터(시연용)
EVD-001132,TSK-002362,측정결과표,2026년 하반기 일반수도사업자가 해야 하는 위생상의 조치 측정 결과표.pdf,,SCH-0009025,SD04-1,2026-08-28,예시 데이터(시연용)
EVD-001133,TSK-002363,측정결과표,2026년 상반기 수돗물 수질기준 위반 보고 등 측정 결과표.pdf,,,SD04-1,2026-09-03,예시 데이터(시연용)
EVD-001134,TSK-002366,측정결과표,2026년 하반기 수돗물 수질기준 위반 보고 등 측정 결과표.pdf,,,SD04-1,2026-09-15,예시 데이터(시연용)
EVD-001135,TSK-002374,점검표,정수처리기준 기준 적합 확인서.pdf,,,SD04-1,2026-09-07,예시 데이터(시연용)
EVD-001136,TSK-002382,측정결과표,2026년 하반기 수질검사와 수량분석 측정 결과표.pdf,,,SD04-1,2026-09-19,예시 데이터(시연용)
EVD-001137,TSK-002390,점검표,모니터링 방법 등 기준 적합 확인서.pdf,,,SD04-1,2026-09-11,예시 데이터(시연용)
EVD-001138,TSK-002393,관리대장,수돗물품질보고서 관리대장.pdf,,,SD04-1,2026-09-08,예시 데이터(시연용)
EVD-001139,TSK-002399,점검표,2026년 상반기 수돗물 검사·결과 공표 점검 결과표.pdf,,SCH-0009022,SD04-1,2026-09-01,예시 데이터(시연용)
EVD-001140,TSK-002401,점검표,2026년 상반기 수돗물 검사·결과 공표 점검 결과표.pdf,,SCH-0009022,SD04-1,2026-09-20,예시 데이터(시연용)
EVD-001141,TSK-002401,사진,수돗물 검사·결과 공표 현장사진.zip,,,SD04-1,2026-09-20,예시 데이터(시연용)
EVD-001142,TSK-002404,측정결과표,2026년 하반기 소규모급수시설 수질검사 측정 결과표.pdf,,,SD04-1,2026-06-24,예시 데이터(시연용)
EVD-001143,TSK-002405,측정결과표,2026년 상반기 소규모급수시설 수질검사 측정 결과표.pdf,,,SD04-1,2026-06-30,예시 데이터(시연용)
EVD-001144,TSK-002409,점검표,2026년 상반기 일반기술진단 결과 점검 결과표.pdf,,,SD04-1,2026-09-12,예시 데이터(시연용)
EVD-001145,TSK-002409,사진,일반기술진단 결과 현장사진.zip,,,SD04-1,2026-09-12,예시 데이터(시연용)
EVD-001146,TSK-002418,점검표,2026년 하반기 상수도관망시설의 점검ㆍ정비 점검 결과표.pdf,,,SD04-1,2026-07-21,예시 데이터(시연용)
EVD-001147,TSK-002420,점검표,2026년 하반기 전문기술진단 결과 점검 결과표.pdf,,,SD04-1,2026-08-02,예시 데이터(시연용)
EVD-001148,TSK-002421,점검표,2026년 상반기 전문기술진단 결과 점검 결과표.pdf,,,SD04-1,2026-08-08,예시 데이터(시연용)
EVD-001149,TSK-002421,사진,전문기술진단 결과 현장사진.zip,,,SD04-1,2026-08-08,예시 데이터(시연용)
EVD-001150,TSK-002428,점검표,수도꼭지 최대토수유량 기준 적합 확인서.pdf,,SCH-0009025,SD04-1,2026-09-13,예시 데이터(시연용)
EVD-001151,TSK-002436,점검표,대·소변 구분형 대변기 기준 적합 확인서.pdf,,SCH-0009025,SD04-1,2026-09-05,예시 데이터(시연용)
EVD-001152,TSK-002447,측정결과표,2026년 상반기 수질·수위·수량 측정설비 측정 결과표.pdf,,SCH-0009025,SD04-1,2026-09-14,예시 데이터(시연용)
EVD-001153,TSK-002451,점검표,2026년 상반기 관로 점검구 설치 점검 결과표.pdf,,SCH-0009025,SD04-1,2026-09-13,예시 데이터(시연용)
EVD-001154,TSK-002455,계획서,2026년 수계전환 계획의 수립 계획서.pdf,,,SD04-1,2026-06-13,예시 데이터(시연용)
EVD-001155,TSK-002456,계획서,2026년 수계전환 계획의 수립 계획서.pdf,,,SD04-1,2026-06-19,예시 데이터(시연용)
EVD-001156,TSK-002458,계획서,2026년 수계전환 계획의 수립 계획서.pdf,,,SD04-1,2026-07-01,예시 데이터(시연용)
EVD-001157,TSK-002459,점검표,유지관리 기준 적합 확인서.pdf,,,SD04-1,2026-07-07,예시 데이터(시연용)
EVD-001158,TSK-002461,점검표,유지관리 기준 적합 확인서.pdf,,,SD04-1,2026-07-31,예시 데이터(시연용)
EVD-001159,TSK-002462,점검표,유지관리 기준 적합 확인서.pdf,,,SD04-1,2026-08-06,예시 데이터(시연용)
EVD-001160,TSK-002463,보고·게시 증빙,2026년 상반기 주민지원사업계획 수립·제출 보고 공문.pdf,,SCH-0009022,SD04-1,2026-09-18,예시 데이터(시연용)
EVD-001161,TSK-002466,보고·게시 증빙,2026년 하반기 주민지원사업계획 수립·제출 보고 공문.pdf,,SCH-0009022,SD04-1,2026-09-15,예시 데이터(시연용)
EVD-001162,TSK-002467,점검표,상수도관망의 유지ㆍ관리 업무 기준 적합 확인서.pdf,,SCH-0009022,SD04-1,2026-09-05,예시 데이터(시연용)
EVD-001163,TSK-002472,훈련 결과보고서,2026년 급수의 긴급정지 등 훈련 결과보고서.pdf,,,SD04-1,2026-08-02,예시 데이터(시연용)
EVD-001164,TSK-002474,훈련 결과보고서,2026년 급수의 긴급정지 등 훈련 결과보고서.pdf,,,SD04-1,2026-08-26,예시 데이터(시연용)
EVD-001165,TSK-002475,훈련 결과보고서,2026년 급수의 긴급정지 등 훈련 결과보고서.pdf,,,SD04-1,2026-09-01,예시 데이터(시연용)
EVD-001166,TSK-002477,훈련 결과보고서,2026년 급수의 긴급정지 등 훈련 결과보고서.pdf,,,SD04-1,2026-09-13,예시 데이터(시연용)
EVD-001167,TSK-002482,점검표,상수도관망시설의 운영 및 유지관리계획 수립 기준 적합 확인서.pdf,,,SD04-1,2026-09-19,예시 데이터(시연용)
EVD-001168,TSK-002490,점검표,수도정비계획 승인 기준 적합 확인서.pdf,,,SD04-1,2026-09-11,예시 데이터(시연용)
EVD-001169,TSK-002490,사진,수도정비계획 승인 현장사진.zip,,,SD04-1,2026-09-11,예시 데이터(시연용)
EVD-001170,TSK-002493,점검표,수도정비계획 고시·통보 기준 적합 확인서.pdf,,,SD04-1,2026-09-08,예시 데이터(시연용)
EVD-001171,TSK-002501,점검표,통합 수도정비계획 고시·통보 기준 적합 확인서.pdf,,SCH-0009022,SD04-1,2026-09-20,예시 데이터(시연용)
EVD-001172,TSK-002504,측정결과표,2026년 하반기 상수원보호구역 수질관리계획 측정 결과표.pdf,,,SD04-1,2026-05-21,예시 데이터(시연용)
EVD-001173,TSK-002505,측정결과표,2026년 상반기 상수원보호구역 수질관리계획 측정 결과표.pdf,,,SD04-1,2026-05-27,예시 데이터(시연용)
EVD-001174,TSK-002507,계획서,2026년 주민지원사업 계획 승인 계획서.pdf,,,SD04-1,2026-06-08,예시 데이터(시연용)
EVD-001175,TSK-002509,계획서,2026년 주민지원사업 계획 승인 계획서.pdf,,,SD04-1,2026-07-02,예시 데이터(시연용)
EVD-001176,TSK-002510,계획서,2026년 주민지원사업 계획 승인 계획서.pdf,,,SD04-1,2026-07-08,예시 데이터(시연용)
EVD-001177,TSK-002520,점검표,2026년 하반기 상수도관망 중점관리지역 지정 등 점검 결과표.pdf,,,SD04-1,2026-07-09,예시 데이터(시연용)
EVD-001178,TSK-002521,점검표,2026년 상반기 상수도관망 중점관리지역 지정 등 점검 결과표.pdf,,,SD04-1,2026-07-27,예시 데이터(시연용)
EVD-001179,TSK-002523,점검표,2026년 상반기 상수도관망 중점관리지역 지정 등 점검 결과표.pdf,,,SD04-1,2026-08-08,예시 데이터(시연용)
EVD-001180,TSK-002524,점검표,2026년 하반기 정수처리기준 점검 결과표.pdf,,,SD04-1,2026-08-14,예시 데이터(시연용)
EVD-001181,TSK-002524,사진,정수처리기준 현장사진.zip,,,SD04-1,2026-08-14,예시 데이터(시연용)
EVD-001182,TSK-002526,점검표,2026년 하반기 정수처리기준 점검 결과표.pdf,,,SD04-1,2026-08-26,예시 데이터(시연용)
EVD-001183,TSK-002528,점검표,2026년 하반기 정수처리기준 점검 결과표.pdf,,,SD04-1,2026-09-07,예시 데이터(시연용)
EVD-001184,TSK-002536,점검표,2026년 하반기 샤워용 수도꼭지 유량 점검 결과표.pdf,,SCH-0009025,SD04-1,2026-09-05,예시 데이터(시연용)
EVD-001185,TSK-002536,사진,샤워용 수도꼭지 유량 현장사진.zip,,,SD04-1,2026-09-05,예시 데이터(시연용)
EVD-001186,TSK-002547,점검표,개선·시정 기준 적합 확인서.pdf,,,SD04-1,2026-09-14,예시 데이터(시연용)
EVD-001187,TSK-002555,점검표,개선·시정 기준 적합 확인서.pdf,,,SD04-1,2026-05-10,예시 데이터(시연용)
EVD-001188,TSK-002556,점검표,개선·시정 기준 적합 확인서.pdf,,,SD04-1,2026-05-16,예시 데이터(시연용)
EVD-001189,TSK-002556,사진,개선·시정 현장사진.zip,,,SD04-1,2026-05-16,예시 데이터(시연용)
EVD-001190,TSK-002558,점검표,개선·시정 기준 적합 확인서.pdf,,,SD04-1,2026-06-09,예시 데이터(시연용)
EVD-001191,TSK-002559,점검표,개선·시정 기준 적합 확인서.pdf,,,SD04-1,2026-06-15,예시 데이터(시연용)
EVD-001192,TSK-002561,점검표,개선·시정 기준 적합 확인서.pdf,,,SD04-1,2026-06-27,예시 데이터(시연용)
EVD-001193,TSK-002561,사진,개선·시정 현장사진.zip,,,SD04-1,2026-06-27,예시 데이터(시연용)
EVD-001194,TSK-002562,점검표,개선·시정 기준 적합 확인서.pdf,,,SD04-1,2026-07-03,예시 데이터(시연용)
EVD-001195,TSK-002563,점검표,개선·시정 기준 적합 확인서.pdf,,,SD04-1,2026-07-09,예시 데이터(시연용)
EVD-001196,TSK-002564,점검표,개선·시정 기준 적합 확인서.pdf,,,SD04-1,2026-07-15,예시 데이터(시연용)
EVD-001197,TSK-002564,사진,개선·시정 현장사진.zip,,,SD04-1,2026-07-15,예시 데이터(시연용)
EVD-001198,TSK-002566,점검표,개선·시정 기준 적합 확인서.pdf,,,SD04-1,2026-07-27,예시 데이터(시연용)
EVD-001199,TSK-002567,점검표,개선·시정 기준 적합 확인서.pdf,,,SD04-1,2026-08-02,예시 데이터(시연용)
EVD-001200,TSK-002569,점검표,개선·시정 기준 적합 확인서.pdf,,,SD04-1,2026-08-26,예시 데이터(시연용)
EVD-001201,TSK-002569,사진,개선·시정 현장사진.zip,,,SD04-1,2026-08-26,예시 데이터(시연용)
EVD-001202,TSK-002570,점검표,개선·시정 기준 적합 확인서.pdf,,,SD04-1,2026-09-01,예시 데이터(시연용)
EVD-001203,TSK-002572,점검표,개선·시정 기준 적합 확인서.pdf,,,SD04-1,2026-09-13,예시 데이터(시연용)
EVD-001204,TSK-002574,점검표,개선·시정 기준 적합 확인서.pdf,,,SD04-1,2026-09-07,예시 데이터(시연용)
EVD-001205,TSK-002574,사진,개선·시정 현장사진.zip,,,SD04-1,2026-09-07,예시 데이터(시연용)
EVD-001206,TSK-002577,점검표,2026년 상반기 관계법령 의무이행 점검 결과표.pdf,,,SD04-1,2026-08-20,예시 데이터(시연용)
EVD-001207,TSK-002578,점검표,2026년 하반기 관계법령 의무이행 점검 결과표.pdf,,,SD04-1,2026-08-26,예시 데이터(시연용)
EVD-001208,TSK-002580,점검표,2026년 하반기 관계법령 의무이행 점검 결과표.pdf,,,SD04-1,2026-09-07,예시 데이터(시연용)
EVD-001209,TSK-002580,사진,관계법령 의무이행 현장사진.zip,,,SD04-1,2026-09-07,예시 데이터(시연용)
EVD-001210,TSK-002582,점검표,2026년 하반기 관계법령 의무이행 점검 결과표.pdf,,,SD04-1,2026-09-19,예시 데이터(시연용)
EVD-001211,TSK-002590,점검표,2026년 하반기 관계법령 의무이행 점검 결과표.pdf,,,SD04-1,2026-09-11,예시 데이터(시연용)
EVD-001212,TSK-002593,점검표,관계법령 의무이행 기준 적합 확인서.pdf,,,SD04-1,2026-09-08,예시 데이터(시연용)
EVD-001213,TSK-002593,사진,관계법령 의무이행 현장사진.zip,,,SD04-1,2026-09-08,예시 데이터(시연용)
EVD-001214,TSK-002601,점검표,관계법령 의무이행 기준 적합 확인서.pdf,,,SD04-1,2026-09-20,예시 데이터(시연용)
EVD-001215,TSK-002609,점검표,관계법령 의무이행 기준 적합 확인서.pdf,,,SD04-1,2026-05-29,예시 데이터(시연용)
EVD-001216,TSK-002610,점검표,관계법령 의무이행 기준 적합 확인서.pdf,,,SD04-1,2026-06-04,예시 데이터(시연용)
EVD-001217,TSK-002610,사진,관계법령 의무이행 현장사진.zip,,,SD04-1,2026-06-04,예시 데이터(시연용)
EVD-001218,TSK-002612,점검표,관계법령 의무이행 기준 적합 확인서.pdf,,,SD04-1,2026-06-16,예시 데이터(시연용)
EVD-001219,TSK-002613,점검표,관계법령 의무이행 기준 적합 확인서.pdf,,,SD04-1,2026-06-22,예시 데이터(시연용)
EVD-001220,TSK-002615,점검표,관계법령 의무이행 기준 적합 확인서.pdf,,,SD04-1,2026-07-04,예시 데이터(시연용)
EVD-001221,TSK-002615,사진,관계법령 의무이행 현장사진.zip,,,SD04-1,2026-07-04,예시 데이터(시연용)
EVD-001222,TSK-002616,점검표,관계법령 의무이행 기준 적합 확인서.pdf,,,SD04-1,2026-07-10,예시 데이터(시연용)
EVD-001223,TSK-002620,점검표,2026년 하반기 관계법령 의무이행 점검 결과표.pdf,,,SD04-1,2026-09-01,예시 데이터(시연용)
EVD-001224,TSK-002621,점검표,관계법령 의무이행 기준 적합 확인서.pdf,,,SD04-1,2026-08-21,예시 데이터(시연용)
EVD-001225,TSK-002621,사진,관계법령 의무이행 현장사진.zip,,,SD04-1,2026-08-21,예시 데이터(시연용)
EVD-001226,TSK-002623,점검표,관계법령 의무이행 기준 적합 확인서.pdf,,,SD04-1,2026-09-02,예시 데이터(시연용)
EVD-001227,TSK-002624,점검표,관계법령 의무이행 기준 적합 확인서.pdf,,,SD04-1,2026-09-08,예시 데이터(시연용)
EVD-001228,TSK-002626,점검표,2026년 하반기 관계법령 의무이행 점검 결과표.pdf,,,SD04-1,2026-08-02,예시 데이터(시연용)
EVD-001229,TSK-002626,사진,관계법령 의무이행 현장사진.zip,,,SD04-1,2026-08-02,예시 데이터(시연용)
EVD-001230,TSK-002628,점검표,2026년 하반기 관계법령 의무이행 점검 결과표.pdf,,,SD04-1,2026-08-14,예시 데이터(시연용)
EVD-001231,TSK-002629,점검표,2026년 상반기 관계법령 의무이행 점검 결과표.pdf,,,SD04-1,2026-09-01,예시 데이터(시연용)
EVD-001232,TSK-002631,점검표,2026년 상반기 관계법령 의무이행 점검 결과표.pdf,,,SD04-1,2026-09-13,예시 데이터(시연용)
EVD-001233,TSK-002631,사진,관계법령 의무이행 현장사진.zip,,,SD04-1,2026-09-13,예시 데이터(시연용)
EVD-001234,TSK-002636,점검표,2026년 하반기 관계법령 의무이행 점검 결과표.pdf,,,SD04-1,2026-09-05,예시 데이터(시연용)
EVD-001235,TSK-002647,점검표,2026년 상반기 관계법령 의무이행 점검 결과표.pdf,,,SD04-1,2026-09-14,예시 데이터(시연용)
EVD-001236,TSK-002650,보고·게시 증빙,2026년 하반기 관계법령 의무이행 보고 공문.pdf,,,SD04-1,2026-07-21,예시 데이터(시연용)
EVD-001237,TSK-002651,보고·게시 증빙,2026년 상반기 관계법령 의무이행 보고 공문.pdf,,,SD04-1,2026-07-27,예시 데이터(시연용)
EVD-001238,TSK-002653,점검표,2026년 상반기 관계법령 의무이행 점검 결과표.pdf,,,SD04-1,2026-08-20,예시 데이터(시연용)
EVD-001239,TSK-002655,점검표,2026년 상반기 관계법령 의무이행 점검 결과표.pdf,,,SD04-1,2026-09-01,예시 데이터(시연용)
EVD-001240,TSK-002656,점검표,2026년 하반기 관계법령 의무이행 점검 결과표.pdf,,,SD04-1,2026-09-07,예시 데이터(시연용)
EVD-001241,TSK-002656,사진,관계법령 의무이행 현장사진.zip,,,SD04-1,2026-09-07,예시 데이터(시연용)
EVD-001242,TSK-002661,점검표,관계법령 의무이행 기준 적합 확인서.pdf,,,SD04-1,2026-05-24,예시 데이터(시연용)
EVD-001243,TSK-002662,점검표,관계법령 의무이행 기준 적합 확인서.pdf,,,SD04-1,2026-05-30,예시 데이터(시연용)
EVD-001244,TSK-002663,점검표,관계법령 의무이행 기준 적합 확인서.pdf,,,SD04-1,2026-06-05,예시 데이터(시연용)
EVD-001245,TSK-002663,사진,관계법령 의무이행 현장사진.zip,,,SD04-1,2026-06-05,예시 데이터(시연용)
EVD-001246,TSK-002664,점검표,관계법령 의무이행 기준 적합 확인서.pdf,,,SD04-1,2026-06-11,예시 데이터(시연용)
EVD-001247,TSK-002666,점검표,관계법령 의무이행 기준 적합 확인서.pdf,,,SD04-1,2026-07-05,예시 데이터(시연용)
EVD-001248,TSK-002667,점검표,관계법령 의무이행 기준 적합 확인서.pdf,,,SD04-1,2026-07-11,예시 데이터(시연용)
EVD-001249,TSK-002667,사진,관계법령 의무이행 현장사진.zip,,,SD04-1,2026-07-11,예시 데이터(시연용)
EVD-001250,TSK-002674,보고·게시 증빙,2026년 하반기 관계법령 의무이행 보고 공문.pdf,,,SD04-1,2026-09-07,예시 데이터(시연용)
EVD-001251,TSK-002675,보고·게시 증빙,2026년 상반기 관계법령 의무이행 보고 공문.pdf,,,SD04-1,2026-07-15,예시 데이터(시연용)
EVD-001252,TSK-002677,점검표,2026년 상반기 관계법령 의무이행 점검 결과표.pdf,,,SD04-1,2026-08-08,예시 데이터(시연용)
EVD-001253,TSK-002677,사진,관계법령 의무이행 현장사진.zip,,,SD04-1,2026-08-08,예시 데이터(시연용)
EVD-001254,TSK-002678,점검표,2026년 하반기 관계법령 의무이행 점검 결과표.pdf,,,SD04-1,2026-08-14,예시 데이터(시연용)
EVD-001255,TSK-002680,점검표,2026년 하반기 관계법령 의무이행 점검 결과표.pdf,,,SD04-1,2026-08-26,예시 데이터(시연용)
EVD-001256,TSK-002682,계획서,2026년 관계법령 의무이행 계획서.pdf,,,SD04-1,2026-09-19,예시 데이터(시연용)
EVD-001257,TSK-002690,보고·게시 증빙,2026년 하반기 관세척 시행 보고 공문.pdf,,,SD04-1,2026-09-11,예시 데이터(시연용)
EVD-001258,TSK-002693,보고·게시 증빙,2026년 상반기 관계법령 의무이행 보고 공문.pdf,,,SD04-1,2026-09-08,예시 데이터(시연용)
EVD-001259,TSK-002701,측정결과표,2026년 상반기 관계법령 교육이수 측정 결과표.pdf,,,SD04-1,2026-09-20,예시 데이터(시연용)
EVD-001260,TSK-002709,교육일지,2026년 상반기 교육 교육일지.pdf,,,SD04-1,2026-09-12,예시 데이터(시연용)
EVD-001261,TSK-002712,교육일지,2026년 하반기 교육 교육일지.pdf,,,SD04-1,2026-05-13,예시 데이터(시연용)
EVD-001262,TSK-002713,교육일지,2026년 상반기 수도시설 관리 교육 이수 교육일지.pdf,,SCH-0009022,SD04-1,2026-05-31,예시 데이터(시연용)
EVD-001263,TSK-002715,교육일지,2026년 상반기 수도시설 관리 교육 이수 교육일지.pdf,,SCH-0009022,SD04-1,2026-06-12,예시 데이터(시연용)
EVD-001264,TSK-002716,교육일지,2026년 하반기 수도시설 관리 교육 이수 교육일지.pdf,,SCH-0009022,SD04-1,2026-06-18,예시 데이터(시연용)
