task_id,approval_status,created_by,submitted_at,submitted_by,approved_at,approved_by,rejected_at,reject_reason,created_at,period_year,half_year,plan_date,evidence_cnt,check_result
TSK-000001,작성중,SD13-1,,,,,,,2026-06-23,2026,상반기,2026-08-22,0,미이행
TSK-000002,작성중,SD03-1,,,,,,,2026-06-24,2026,하반기,2026-08-23,0,미이행
TSK-000003,승인,SD03-1,2026-09-03,SD03-1,2026-09-11,SD02-1,,,2026-06-25,2026,상반기,2026-08-24,1,이행완료
TSK-000004,반려,SD03-1,2026-09-04,SD03-1,,,2026-09-14,증빙 사진에 일자 표기가 없음,2026-06-26,2026,하반기,2026-08-25,0,보완필요
TSK-000005,작성중,SD03-1,,,,,,,2026-06-27,2026,상반기,2026-08-26,0,미이행
TSK-000006,제출,SD03-1,2026-09-06,SD03-1,,,,,2026-06-28,2026,하반기,2026-08-27,1,
TSK-000007,작성중,SD03-1,,,,,,,2026-06-29,2026,상반기,2026-08-28,0,미이행
TSK-000008,제출,SD03-1,2026-09-08,SD03-1,,,,,2026-06-30,2026,하반기,2026-08-29,1,
TSK-000009,작성중,SD03-1,,,,,,,2026-07-01,2026,상반기,2026-08-30,0,
TSK-000010,작성중,SD03-1,,,,,,,2026-07-02,2026,하반기,2026-08-31,0,미이행
TSK-000011,승인,SD03-1,2026-09-01,SD03-1,2026-09-11,SD02-1,,,2026-07-03,2026,상반기,2026-09-01,1,이행완료
TSK-000012,반려,SD03-1,2026-09-02,SD03-1,,,2026-09-10,증빙 사진에 일자 표기가 없음,2026-07-04,2026,하반기,2026-09-02,0,보완필요
TSK-000013,작성중,SD03-1,,,,,,,2026-07-05,2026,상반기,2026-09-03,0,미이행
TSK-000014,제출,SD03-1,2026-09-04,SD03-1,,,,,2026-07-06,2026,하반기,2026-09-04,1,
TSK-000015,작성중,SD03-1,,,,,,,2026-07-07,2026,상반기,2026-09-05,0,
TSK-000016,제출,SD03-1,2026-09-06,SD03-1,,,,,2026-07-08,2026,하반기,2026-09-06,1,
TSK-000017,작성중,SD03-1,,,,,,,2026-07-09,2026,상반기,2026-09-07,0,
TSK-000018,작성중,SD03-1,,,,,,,2026-07-10,2026,하반기,2026-09-08,0,
TSK-000019,승인,SD03-1,2026-09-09,SD03-1,2026-09-11,SD02-1,,,2026-07-11,2026,상반기,2026-09-09,1,이행완료
TSK-000020,반려,SD03-1,2026-08-31,SD03-1,,,2026-09-12,증빙 사진에 일자 표기가 없음,2026-07-12,2026,하반기,2026-09-10,0,보완필요
TSK-000021,작성중,SD03-1,,,,,,,2026-07-13,2026,상반기,2026-09-11,0,미이행
TSK-000022,제출,SD04-1,2026-09-02,SD04-1,,,,,2026-07-14,2026,하반기,2026-09-12,1,
TSK-000023,작성중,SD04-1,,,,,,,2026-07-15,2026,상반기,2026-09-13,0,
TSK-000024,제출,SD04-1,2026-09-04,SD04-1,,,,,2026-07-16,2026,하반기,2026-09-14,1,
TSK-000025,작성중,SD04-1,,,,,,,2026-07-17,2026,상반기,2026-08-21,0,
TSK-000026,작성중,SD09-1,,,,,,,2026-07-18,2026,하반기,2026-08-22,0,미이행
TSK-000027,승인,SD09-1,2026-09-07,SD09-1,2026-09-11,SD02-1,,,2026-07-19,2026,상반기,2026-08-23,1,이행완료
TSK-000028,반려,SD09-1,2026-09-08,SD09-1,,,2026-09-14,증빙 사진에 일자 표기가 없음,2026-07-20,2026,하반기,2026-08-24,0,보완필요
TSK-000029,작성중,SD09-1,,,,,,,2026-07-21,2026,상반기,2026-08-25,0,미이행
TSK-000030,제출,SD09-1,2026-08-31,SD09-1,,,,,2026-07-22,2026,하반기,2026-08-26,1,
TSK-000031,작성중,SD09-1,,,,,,,2026-07-23,2026,상반기,2026-08-27,0,미이행
TSK-000032,제출,SD09-1,2026-09-02,SD09-1,,,,,2026-07-24,2026,하반기,2026-08-28,1,
TSK-000033,작성중,SD09-1,,,,,,,2026-07-25,2026,상반기,2026-08-29,0,미이행
TSK-000034,작성중,SD09-1,,,,,,,2026-07-26,2026,하반기,2026-08-30,0,미이행
TSK-000035,승인,SD09-1,2026-09-05,SD09-1,2026-09-11,SD02-1,,,2026-07-27,2026,상반기,2026-08-31,1,이행완료
TSK-000036,반려,SD09-1,2026-09-06,SD09-1,,,2026-09-10,증빙 사진에 일자 표기가 없음,2026-07-28,2026,하반기,2026-09-01,0,보완필요
TSK-000037,작성중,SD09-1,,,,,,,2026-07-29,2026,상반기,2026-09-02,0,미이행
TSK-000038,제출,SD09-1,2026-09-08,SD09-1,,,,,2026-07-30,2026,하반기,2026-09-03,1,
TSK-000039,작성중,SD09-1,,,,,,,2026-07-31,2026,상반기,2026-09-04,0,
TSK-000040,제출,SD09-1,2026-08-31,SD09-1,,,,,2026-06-22,2026,하반기,2026-09-05,1,
TSK-000041,작성중,SD09-1,,,,,,,2026-06-23,2026,상반기,2026-09-06,0,
TSK-000042,작성중,SD09-1,,,,,,,2026-06-24,2026,하반기,2026-09-07,0,
TSK-000043,승인,SD09-1,2026-09-03,SD09-1,2026-09-11,SD02-1,,,2026-06-25,2026,상반기,2026-09-08,1,이행완료
TSK-000044,반려,SD09-1,2026-09-04,SD09-1,,,2026-09-12,증빙 사진에 일자 표기가 없음,2026-06-26,2026,하반기,2026-09-09,0,보완필요
TSK-000045,작성중,SD09-1,,,,,,,2026-06-27,2026,상반기,2026-09-10,0,미이행
TSK-000046,제출,SD09-1,2026-09-06,SD09-1,,,,,2026-06-28,2026,하반기,2026-09-11,1,
TSK-000047,작성중,SD09-1,,,,,,,2026-06-29,2026,상반기,2026-09-12,0,
TSK-000048,제출,SD09-1,2026-09-08,SD09-1,,,,,2026-06-30,2026,하반기,2026-09-13,1,
TSK-000049,작성중,SD09-1,,,,,,,2026-07-01,2026,상반기,2026-09-14,0,
TSK-000050,작성중,SD02-1,,,,,,,2026-07-02,2026,하반기,2026-08-21,0,
TSK-000051,승인,SD02-1,2026-09-01,SD02-1,2026-09-11,SD02-1,,,2026-07-03,2026,상반기,2026-08-22,1,이행완료
TSK-000052,반려,SD02-1,2026-09-02,SD02-1,,,2026-09-14,증빙 사진에 일자 표기가 없음,2026-07-04,2026,하반기,2026-08-23,0,보완필요
TSK-000053,작성중,SD02-1,,,,,,,2026-07-05,2026,상반기,2026-08-24,0,미이행
TSK-000054,제출,SD13-1,2026-09-04,SD13-1,,,,,2026-07-06,2026,하반기,2026-08-25,1,
TSK-000055,작성중,SD13-1,,,,,,,2026-07-07,2026,상반기,2026-08-26,0,미이행
TSK-000056,제출,SD13-1,2026-09-06,SD13-1,,,,,2026-07-08,2026,하반기,2026-08-27,1,
TSK-000057,작성중,SD13-1,,,,,,,2026-07-09,2026,상반기,2026-08-28,0,미이행
TSK-000058,작성중,SD13-1,,,,,,,2026-07-10,2026,하반기,2026-08-29,0,미이행
TSK-000059,승인,SD13-1,2026-09-09,SD13-1,2026-09-11,SD02-1,,,2026-07-11,2026,상반기,2026-08-30,1,이행완료
TSK-000060,반려,SD13-1,2026-08-31,SD13-1,,,2026-09-10,증빙 사진에 일자 표기가 없음,2026-07-12,2026,하반기,2026-08-31,0,보완필요
TSK-000061,작성중,SD13-1,,,,,,,2026-07-13,2026,상반기,2026-09-01,0,미이행
TSK-000062,제출,SD13-1,2026-09-02,SD13-1,,,,,2026-07-14,2026,하반기,2026-09-02,1,
TSK-000063,작성중,SD13-1,,,,,,,2026-07-15,2026,상반기,2026-09-03,0,
TSK-000064,제출,SD13-1,2026-09-04,SD13-1,,,,,2026-07-16,2026,하반기,2026-09-04,1,
TSK-000065,작성중,SD13-1,,,,,,,2026-07-17,2026,상반기,2026-09-05,0,
TSK-000066,작성중,SD13-1,,,,,,,2026-07-18,2026,하반기,2026-09-06,0,
TSK-000067,승인,SD13-1,2026-09-07,SD13-1,2026-09-11,SD02-1,,,2026-07-19,2026,상반기,2026-09-07,1,이행완료
TSK-000068,반려,SD13-1,2026-09-08,SD13-1,,,2026-09-12,증빙 사진에 일자 표기가 없음,2026-07-20,2026,하반기,2026-09-08,0,보완필요
TSK-000069,작성중,SD13-1,,,,,,,2026-07-21,2026,상반기,2026-09-09,0,미이행
TSK-000070,제출,SD13-1,2026-08-31,SD13-1,,,,,2026-07-22,2026,하반기,2026-09-10,1,
TSK-000071,작성중,SD13-1,,,,,,,2026-07-23,2026,상반기,2026-09-11,0,
TSK-000072,제출,SD13-1,2026-09-02,SD13-1,,,,,2026-07-24,2026,하반기,2026-09-12,1,
TSK-000073,작성중,SD13-1,,,,,,,2026-07-25,2026,상반기,2026-09-13,0,
TSK-000074,작성중,SD13-1,,,,,,,2026-07-26,2026,하반기,2026-09-14,0,
TSK-000075,승인,SD13-1,2026-09-05,SD13-1,2026-09-11,SD02-1,,,2026-07-27,2026,상반기,2026-08-21,1,이행완료
TSK-000076,반려,SD13-1,2026-09-06,SD13-1,,,2026-09-14,증빙 사진에 일자 표기가 없음,2026-07-28,2026,하반기,2026-08-22,0,보완필요
TSK-000077,작성중,SD13-1,,,,,,,2026-07-29,2026,상반기,2026-08-23,0,미이행
TSK-000078,제출,SD13-1,2026-09-08,SD13-1,,,,,2026-07-30,2026,하반기,2026-08-24,1,
TSK-000079,작성중,SD13-1,,,,,,,2026-07-31,2026,상반기,2026-08-25,0,미이행
TSK-000080,제출,SD13-1,2026-08-31,SD13-1,,,,,2026-06-22,2026,하반기,2026-08-26,1,
TSK-000081,작성중,SD13-1,,,,,,,2026-06-23,2026,상반기,2026-08-27,0,미이행
TSK-000082,작성중,SD13-1,,,,,,,2026-06-24,2026,하반기,2026-08-28,0,미이행
TSK-000083,승인,SD13-1,2026-09-03,SD13-1,2026-09-11,SD02-1,,,2026-06-25,2026,상반기,2026-08-29,1,이행완료
TSK-000084,반려,SD13-1,2026-09-04,SD13-1,,,2026-09-10,증빙 사진에 일자 표기가 없음,2026-06-26,2026,하반기,2026-08-30,0,보완필요
TSK-000085,작성중,SD13-1,,,,,,,2026-06-27,2026,상반기,2026-08-31,0,미이행
TSK-000086,제출,SD13-1,2026-09-06,SD13-1,,,,,2026-06-28,2026,하반기,2026-09-01,1,
TSK-000087,작성중,SD13-1,,,,,,,2026-06-29,2026,상반기,2026-09-02,0,
TSK-000088,제출,SD13-1,2026-09-08,SD13-1,,,,,2026-06-30,2026,하반기,2026-09-03,1,
TSK-000089,작성중,SD13-1,,,,,,,2026-07-01,2026,상반기,2026-09-04,0,
TSK-000090,작성중,SD13-1,,,,,,,2026-07-02,2026,하반기,2026-09-05,0,
TSK-000091,승인,SD13-1,2026-09-01,SD13-1,2026-09-11,SD02-1,,,2026-07-03,2026,상반기,2026-09-06,1,이행완료
TSK-000092,반려,SD13-1,2026-09-02,SD13-1,,,2026-09-12,증빙 사진에 일자 표기가 없음,2026-07-04,2026,하반기,2026-09-07,0,보완필요
TSK-000093,작성중,SD13-1,,,,,,,2026-07-05,2026,상반기,2026-09-08,0,미이행
TSK-000094,제출,SD13-1,2026-09-04,SD13-1,,,,,2026-07-06,2026,하반기,2026-09-09,1,
TSK-000095,작성중,SD13-1,,,,,,,2026-07-07,2026,상반기,2026-09-10,0,
TSK-000096,제출,SD13-1,2026-09-06,SD13-1,,,,,2026-07-08,2026,하반기,2026-09-11,1,
TSK-000097,작성중,SD13-1,,,,,,,2026-07-09,2026,상반기,2026-09-12,0,
TSK-000098,작성중,SD13-1,,,,,,,2026-07-10,2026,하반기,2026-09-13,0,
TSK-000099,승인,SD13-1,2026-09-09,SD13-1,2026-09-11,SD02-1,,,2026-07-11,2026,상반기,2026-09-14,1,이행완료
TSK-000100,반려,SD13-1,2026-08-31,SD13-1,,,2026-09-14,증빙 사진에 일자 표기가 없음,2026-07-12,2026,하반기,2026-08-21,0,보완필요
TSK-000101,작성중,SD13-1,,,,,,,2026-07-13,2026,상반기,2026-08-22,0,미이행
TSK-000102,제출,SD13-1,2026-09-02,SD13-1,,,,,2026-07-14,2026,하반기,2026-08-23,1,
TSK-000103,작성중,SD13-1,,,,,,,2026-07-15,2026,상반기,2026-08-24,0,미이행
TSK-000104,제출,SD13-1,2026-09-04,SD13-1,,,,,2026-07-16,2026,하반기,2026-08-25,1,
TSK-000105,작성중,SD13-1,,,,,,,2026-07-17,2026,상반기,2026-08-26,0,미이행
TSK-000106,작성중,SD13-1,,,,,,,2026-07-18,2026,하반기,2026-08-27,0,미이행
TSK-000107,승인,SD13-1,2026-09-07,SD13-1,2026-09-11,SD02-1,,,2026-07-19,2026,상반기,2026-08-28,1,이행완료
TSK-000108,반려,SD13-1,2026-09-08,SD13-1,,,2026-09-10,증빙 사진에 일자 표기가 없음,2026-07-20,2026,하반기,2026-08-29,0,보완필요
TSK-000109,작성중,SD13-1,,,,,,,2026-07-21,2026,상반기,2026-08-30,0,미이행
TSK-000110,제출,SD13-1,2026-08-31,SD13-1,,,,,2026-07-22,2026,하반기,2026-08-31,1,
TSK-000111,작성중,SD13-1,,,,,,,2026-07-23,2026,상반기,2026-09-01,0,미이행
TSK-000112,제출,SD13-1,2026-09-02,SD13-1,,,,,2026-07-24,2026,하반기,2026-09-02,1,
TSK-000113,작성중,SD13-1,,,,,,,2026-07-25,2026,상반기,2026-09-03,0,
TSK-000114,작성중,SD13-1,,,,,,,2026-07-26,2026,하반기,2026-09-04,0,
TSK-000115,승인,SD13-1,2026-09-05,SD13-1,2026-09-11,SD02-1,,,2026-07-27,2026,상반기,2026-09-05,1,이행완료
TSK-000116,반려,SD13-1,2026-09-06,SD13-1,,,2026-09-12,증빙 사진에 일자 표기가 없음,2026-07-28,2026,하반기,2026-09-06,0,보완필요
TSK-000117,작성중,SD13-1,,,,,,,2026-07-29,2026,상반기,2026-09-07,0,미이행
TSK-000118,제출,SD13-1,2026-09-08,SD13-1,,,,,2026-07-30,2026,하반기,2026-09-08,1,
TSK-000119,작성중,SD13-1,,,,,,,2026-07-31,2026,상반기,2026-09-09,0,
TSK-000120,제출,SD13-1,2026-08-31,SD13-1,,,,,2026-06-22,2026,하반기,2026-09-10,1,
TSK-000121,작성중,SD13-1,,,,,,,2026-06-23,2026,상반기,2026-09-11,0,
TSK-000122,작성중,SD13-1,,,,,,,2026-06-24,2026,하반기,2026-09-12,0,
TSK-000123,승인,SD13-1,2026-09-03,SD13-1,2026-09-11,SD02-1,,,2026-06-25,2026,상반기,2026-09-13,1,이행완료
TSK-000124,반려,SD13-1,2026-09-04,SD13-1,,,2026-09-14,증빙 사진에 일자 표기가 없음,2026-06-26,2026,하반기,2026-09-14,0,보완필요
TSK-000125,작성중,SD13-1,,,,,,,2026-06-27,2026,상반기,2026-08-21,0,미이행
TSK-000126,제출,SD13-1,2026-09-06,SD13-1,,,,,2026-06-28,2026,하반기,2026-08-22,1,
TSK-000127,작성중,SD13-1,,,,,,,2026-06-29,2026,상반기,2026-08-23,0,
TSK-000128,제출,SD13-1,2026-09-08,SD13-1,,,,,2026-06-30,2026,하반기,2026-08-24,1,
TSK-000129,작성중,SD13-1,,,,,,,2026-07-01,2026,상반기,2026-08-25,0,
TSK-000130,작성중,SD13-1,,,,,,,2026-07-02,2026,하반기,2026-08-26,0,
TSK-000131,승인,SD13-1,2026-09-01,SD13-1,2026-09-11,SD02-1,,,2026-07-03,2026,상반기,2026-08-27,1,이행완료
TSK-000132,반려,SD13-1,2026-09-02,SD13-1,,,2026-09-10,증빙 사진에 일자 표기가 없음,2026-07-04,2026,하반기,2026-08-28,0,보완필요
TSK-000133,작성중,SD13-1,,,,,,,2026-07-05,2026,상반기,2026-08-29,0,미이행
TSK-000134,제출,SD13-1,2026-09-04,SD13-1,,,,,2026-07-06,2026,하반기,2026-08-30,1,
TSK-000135,작성중,SD13-1,,,,,,,2026-07-07,2026,상반기,2026-08-31,0,
TSK-000136,제출,SD13-1,2026-09-06,SD13-1,,,,,2026-07-08,2026,하반기,2026-09-01,1,
TSK-000137,작성중,SD13-1,,,,,,,2026-07-09,2026,상반기,2026-09-02,0,
TSK-000138,작성중,SD13-1,,,,,,,2026-07-10,2026,하반기,2026-09-03,0,
TSK-000139,승인,SD13-1,2026-09-09,SD13-1,2026-09-11,SD02-1,,,2026-07-11,2026,상반기,2026-09-04,1,이행완료
TSK-000140,반려,SD03-1,2026-08-31,SD03-1,,,2026-09-12,증빙 사진에 일자 표기가 없음,2026-07-12,2026,하반기,2026-09-05,0,보완필요
TSK-000141,작성중,SD03-1,,,,,,,2026-07-13,2026,상반기,2026-09-06,0,미이행
TSK-000142,제출,SD03-1,2026-09-02,SD03-1,,,,,2026-07-14,2026,하반기,2026-09-07,1,
TSK-000143,작성중,SD03-1,,,,,,,2026-07-15,2026,상반기,2026-09-08,0,
TSK-000144,제출,SD13-1,2026-09-04,SD13-1,,,,,2026-07-16,2026,하반기,2026-09-09,1,
TSK-000145,작성중,SD03-1,,,,,,,2026-07-17,2026,상반기,2026-09-10,0,
TSK-000146,작성중,SD03-1,,,,,,,2026-07-18,2026,하반기,2026-09-11,0,
TSK-000147,승인,SD03-1,2026-09-07,SD03-1,2026-09-11,SD02-1,,,2026-07-19,2026,상반기,2026-09-12,1,이행완료
TSK-000148,반려,SD03-1,2026-09-08,SD03-1,,,2026-09-14,증빙 사진에 일자 표기가 없음,2026-07-20,2026,하반기,2026-09-13,0,보완필요
TSK-000149,작성중,SD03-1,,,,,,,2026-07-21,2026,상반기,2026-09-14,0,미이행
TSK-000150,제출,SD03-1,2026-08-31,SD03-1,,,,,2026-07-22,2026,하반기,2026-08-21,1,
TSK-000151,작성중,SD03-1,,,,,,,2026-07-23,2026,상반기,2026-08-22,0,
TSK-000152,제출,SD03-1,2026-09-02,SD03-1,,,,,2026-07-24,2026,하반기,2026-08-23,1,
TSK-000153,작성중,SD03-1,,,,,,,2026-07-25,2026,상반기,2026-08-24,0,
TSK-000154,작성중,SD03-1,,,,,,,2026-07-26,2026,하반기,2026-08-25,0,
TSK-000155,승인,SD03-1,2026-09-05,SD03-1,2026-09-11,SD02-1,,,2026-07-27,2026,상반기,2026-08-26,1,이행완료
TSK-000156,반려,SD03-1,2026-09-06,SD03-1,,,2026-09-10,증빙 사진에 일자 표기가 없음,2026-07-28,2026,하반기,2026-08-27,0,보완필요
TSK-000157,작성중,SD03-1,,,,,,,2026-07-29,2026,상반기,2026-08-28,0,미이행
TSK-000158,제출,SD03-1,2026-09-08,SD03-1,,,,,2026-07-30,2026,하반기,2026-08-29,1,
TSK-000159,작성중,SD03-1,,,,,,,2026-07-31,2026,상반기,2026-08-30,0,미이행
TSK-000160,제출,SD03-1,2026-08-31,SD03-1,,,,,2026-06-22,2026,하반기,2026-08-31,1,
TSK-000161,작성중,SD03-1,,,,,,,2026-06-23,2026,상반기,2026-09-01,0,미이행
TSK-000162,작성중,SD03-1,,,,,,,2026-06-24,2026,하반기,2026-09-02,0,미이행
TSK-000163,승인,SD03-1,2026-09-03,SD03-1,2026-09-11,SD02-1,,,2026-06-25,2026,상반기,2026-09-03,1,이행완료
TSK-000164,반려,SD03-1,2026-09-04,SD03-1,,,2026-09-12,증빙 사진에 일자 표기가 없음,2026-06-26,2026,하반기,2026-09-04,0,보완필요
TSK-000165,작성중,SD03-1,,,,,,,2026-06-27,2026,상반기,2026-09-05,0,미이행
TSK-000166,제출,SD03-1,2026-09-06,SD03-1,,,,,2026-06-28,2026,하반기,2026-09-06,1,
TSK-000167,작성중,SD03-1,,,,,,,2026-06-29,2026,상반기,2026-09-07,0,
TSK-000168,제출,SD03-1,2026-09-08,SD03-1,,,,,2026-06-30,2026,하반기,2026-09-08,1,
TSK-000169,작성중,SD03-1,,,,,,,2026-07-01,2026,상반기,2026-09-09,0,미이행
TSK-000170,작성중,SD03-1,,,,,,,2026-07-02,2026,하반기,2026-09-10,0,미이행
TSK-000171,승인,SD03-1,2026-09-01,SD03-1,2026-09-11,SD02-1,,,2026-07-03,2026,상반기,2026-09-11,1,이행완료
TSK-000172,반려,SD03-1,2026-09-02,SD03-1,,,2026-09-14,증빙 사진에 일자 표기가 없음,2026-07-04,2026,하반기,2026-09-12,0,보완필요
TSK-000173,작성중,SD03-1,,,,,,,2026-07-05,2026,상반기,2026-09-13,0,미이행
TSK-000174,제출,SD03-1,2026-09-04,SD03-1,,,,,2026-07-06,2026,하반기,2026-09-14,1,
TSK-000175,작성중,SD03-1,,,,,,,2026-07-07,2026,상반기,2026-08-21,0,
TSK-000176,제출,SD03-1,2026-09-06,SD03-1,,,,,2026-07-08,2026,하반기,2026-08-22,1,
TSK-000177,작성중,SD03-1,,,,,,,2026-07-09,2026,상반기,2026-08-23,0,
TSK-000178,작성중,SD03-1,,,,,,,2026-07-10,2026,하반기,2026-08-24,0,
TSK-000179,승인,SD03-1,2026-09-09,SD03-1,2026-09-11,SD02-1,,,2026-07-11,2026,상반기,2026-08-25,1,이행완료
TSK-000180,반려,SD03-1,2026-08-31,SD03-1,,,2026-09-10,증빙 사진에 일자 표기가 없음,2026-07-12,2026,하반기,2026-08-26,0,보완필요
TSK-000181,작성중,SD03-1,,,,,,,2026-07-13,2026,상반기,2026-08-27,0,미이행
TSK-000182,제출,SD03-1,2026-09-02,SD03-1,,,,,2026-07-14,2026,하반기,2026-08-28,1,
TSK-000183,작성중,SD03-1,,,,,,,2026-07-15,2026,상반기,2026-08-29,0,
TSK-000184,제출,SD03-1,2026-09-04,SD03-1,,,,,2026-07-16,2026,하반기,2026-08-30,1,
TSK-000185,작성중,SD03-1,,,,,,,2026-07-17,2026,상반기,2026-08-31,0,
TSK-000186,작성중,SD03-1,,,,,,,2026-07-18,2026,하반기,2026-09-01,0,
TSK-000187,승인,SD03-1,2026-09-07,SD03-1,2026-09-11,SD02-1,,,2026-07-19,2026,상반기,2026-09-02,1,이행완료
TSK-000188,반려,SD03-1,2026-09-08,SD03-1,,,2026-09-12,증빙 사진에 일자 표기가 없음,2026-07-20,2026,하반기,2026-09-03,0,보완필요
TSK-000189,작성중,SD03-1,,,,,,,2026-07-21,2026,상반기,2026-09-04,0,미이행
TSK-000190,제출,SD03-1,2026-08-31,SD03-1,,,,,2026-07-22,2026,하반기,2026-09-05,1,
TSK-000191,작성중,SD03-1,,,,,,,2026-07-23,2026,상반기,2026-09-06,0,
TSK-000192,제출,SD03-1,2026-09-02,SD03-1,,,,,2026-07-24,2026,하반기,2026-09-07,1,
TSK-000193,작성중,SD03-1,,,,,,,2026-07-25,2026,상반기,2026-09-08,0,
TSK-000194,작성중,SD03-1,,,,,,,2026-07-26,2026,하반기,2026-09-09,0,
TSK-000195,승인,SD03-1,2026-09-05,SD03-1,2026-09-11,SD02-1,,,2026-07-27,2026,상반기,2026-09-10,1,이행완료
TSK-000196,반려,SD03-1,2026-09-06,SD03-1,,,2026-09-14,증빙 사진에 일자 표기가 없음,2026-07-28,2026,하반기,2026-09-11,0,보완필요
TSK-000197,작성중,SD03-1,,,,,,,2026-07-29,2026,상반기,2026-09-12,0,미이행
TSK-000198,제출,SD03-1,2026-09-08,SD03-1,,,,,2026-07-30,2026,하반기,2026-09-13,1,
TSK-000199,작성중,SD03-1,,,,,,,2026-07-31,2026,상반기,2026-09-14,0,
TSK-000200,제출,SD03-1,2026-08-31,SD03-1,,,,,2026-06-22,2026,하반기,2026-08-21,1,
TSK-000201,작성중,SD03-1,,,,,,,2026-06-23,2026,상반기,2026-08-22,0,
TSK-000202,작성중,SD03-1,,,,,,,2026-06-24,2026,하반기,2026-08-23,0,
TSK-000203,승인,SD03-1,2026-09-03,SD03-1,2026-09-11,SD02-1,,,2026-06-25,2026,상반기,2026-08-24,1,이행완료
TSK-000204,반려,SD03-1,2026-09-04,SD03-1,,,2026-09-10,증빙 사진에 일자 표기가 없음,2026-06-26,2026,하반기,2026-08-25,0,보완필요
TSK-000205,작성중,SD03-1,,,,,,,2026-06-27,2026,상반기,2026-08-26,0,미이행
TSK-000206,제출,SD03-1,2026-09-06,SD03-1,,,,,2026-06-28,2026,하반기,2026-08-27,1,
TSK-000207,작성중,SD03-1,,,,,,,2026-06-29,2026,상반기,2026-08-28,0,
TSK-000208,제출,SD03-1,2026-09-08,SD03-1,,,,,2026-06-30,2026,하반기,2026-08-29,1,
TSK-000209,작성중,SD03-1,,,,,,,2026-07-01,2026,상반기,2026-08-30,0,미이행
TSK-000210,작성중,SD03-1,,,,,,,2026-07-02,2026,하반기,2026-08-31,0,미이행
TSK-000211,승인,SD03-1,2026-09-01,SD03-1,2026-09-11,SD02-1,,,2026-07-03,2026,상반기,2026-09-01,1,이행완료
TSK-000212,반려,SD03-1,2026-09-02,SD03-1,,,2026-09-12,증빙 사진에 일자 표기가 없음,2026-07-04,2026,하반기,2026-09-02,0,보완필요
TSK-000213,작성중,SD03-1,,,,,,,2026-07-05,2026,상반기,2026-09-03,0,미이행
TSK-000214,제출,SD03-1,2026-09-04,SD03-1,,,,,2026-07-06,2026,하반기,2026-09-04,1,
TSK-000215,작성중,SD03-1,,,,,,,2026-07-07,2026,상반기,2026-09-05,0,미이행
TSK-000216,제출,SD03-1,2026-09-06,SD03-1,,,,,2026-07-08,2026,하반기,2026-09-06,1,
TSK-000217,작성중,SD03-1,,,,,,,2026-07-09,2026,상반기,2026-09-07,0,미이행
TSK-000218,작성중,SD03-1,,,,,,,2026-07-10,2026,하반기,2026-09-08,0,미이행
TSK-000219,승인,SD03-1,2026-09-09,SD03-1,2026-09-11,SD02-1,,,2026-07-11,2026,상반기,2026-09-09,1,이행완료
TSK-000220,반려,SD03-1,2026-08-31,SD03-1,,,2026-09-14,증빙 사진에 일자 표기가 없음,2026-07-12,2026,하반기,2026-09-10,0,보완필요
TSK-000221,작성중,SD03-1,,,,,,,2026-07-13,2026,상반기,2026-09-11,0,미이행
TSK-000222,제출,SD03-1,2026-09-02,SD03-1,,,,,2026-07-14,2026,하반기,2026-09-12,1,
TSK-000223,작성중,SD03-1,,,,,,,2026-07-15,2026,상반기,2026-09-13,0,미이행
TSK-000224,제출,SD03-1,2026-09-04,SD03-1,,,,,2026-07-16,2026,하반기,2026-09-14,1,
TSK-000225,작성중,SD03-1,,,,,,,2026-07-17,2026,상반기,2026-08-21,0,
TSK-000226,작성중,SD03-1,,,,,,,2026-07-18,2026,하반기,2026-08-22,0,
TSK-000227,승인,SD03-1,2026-09-07,SD03-1,2026-09-11,SD02-1,,,2026-07-19,2026,상반기,2026-08-23,1,이행완료
TSK-000228,반려,SD03-1,2026-09-08,SD03-1,,,2026-09-10,증빙 사진에 일자 표기가 없음,2026-07-20,2026,하반기,2026-08-24,0,보완필요
TSK-000229,작성중,SD03-1,,,,,,,2026-07-21,2026,상반기,2026-08-25,0,미이행
TSK-000230,제출,SD03-1,2026-08-31,SD03-1,,,,,2026-07-22,2026,하반기,2026-08-26,1,
TSK-000231,작성중,SD03-1,,,,,,,2026-07-23,2026,상반기,2026-08-27,0,
TSK-000232,제출,SD03-1,2026-09-02,SD03-1,,,,,2026-07-24,2026,하반기,2026-08-28,1,
TSK-000233,작성중,SD03-1,,,,,,,2026-07-25,2026,상반기,2026-08-29,0,미이행
TSK-000234,작성중,SD03-1,,,,,,,2026-07-26,2026,하반기,2026-08-30,0,미이행
TSK-000235,승인,SD03-1,2026-09-05,SD03-1,2026-09-11,SD02-1,,,2026-07-27,2026,상반기,2026-08-31,1,이행완료
TSK-000236,반려,SD03-1,2026-09-06,SD03-1,,,2026-09-12,증빙 사진에 일자 표기가 없음,2026-07-28,2026,하반기,2026-09-01,0,보완필요
TSK-000237,작성중,SD13-1,,,,,,,2026-07-29,2026,상반기,2026-09-02,0,미이행
TSK-000238,제출,SD13-1,2026-09-08,SD13-1,,,,,2026-07-30,2026,하반기,2026-09-03,1,
TSK-000239,작성중,SD13-1,,,,,,,2026-07-31,2026,상반기,2026-09-04,0,
TSK-000240,제출,SD13-1,2026-08-31,SD13-1,,,,,2026-06-22,2026,하반기,2026-09-05,1,
TSK-000241,작성중,SD03-1,,,,,,,2026-06-23,2026,상반기,2026-09-06,0,
TSK-000242,작성중,SD03-1,,,,,,,2026-06-24,2026,하반기,2026-09-07,0,
TSK-000243,승인,SD03-1,2026-09-03,SD03-1,2026-09-11,SD02-1,,,2026-06-25,2026,상반기,2026-09-08,1,이행완료
TSK-000244,반려,SD03-1,2026-09-04,SD03-1,,,2026-09-14,증빙 사진에 일자 표기가 없음,2026-06-26,2026,하반기,2026-09-09,0,보완필요
TSK-000245,작성중,SD03-1,,,,,,,2026-06-27,2026,상반기,2026-09-10,0,미이행
TSK-000246,제출,SD03-1,2026-09-06,SD03-1,,,,,2026-06-28,2026,하반기,2026-09-11,1,
TSK-000247,작성중,SD03-1,,,,,,,2026-06-29,2026,상반기,2026-09-12,0,
TSK-000248,제출,SD03-1,2026-09-08,SD03-1,,,,,2026-06-30,2026,하반기,2026-09-13,1,
TSK-000249,작성중,SD04-1,,,,,,,2026-07-01,2026,상반기,2026-09-14,0,
TSK-000250,작성중,SD04-1,,,,,,,2026-07-02,2026,하반기,2026-08-21,0,
TSK-000251,승인,SD04-1,2026-09-01,SD04-1,2026-09-11,SD02-1,,,2026-07-03,2026,상반기,2026-08-22,1,이행완료
TSK-000252,반려,SD04-1,2026-09-02,SD04-1,,,2026-09-10,증빙 사진에 일자 표기가 없음,2026-07-04,2026,하반기,2026-08-23,0,보완필요
TSK-000253,작성중,SD04-1,,,,,,,2026-07-05,2026,상반기,2026-08-24,0,미이행
TSK-000254,제출,SD04-1,2026-09-04,SD04-1,,,,,2026-07-06,2026,하반기,2026-08-25,1,
TSK-000255,작성중,SD04-1,,,,,,,2026-07-07,2026,상반기,2026-08-26,0,
TSK-000256,제출,SD04-1,2026-09-06,SD04-1,,,,,2026-07-08,2026,하반기,2026-08-27,1,
TSK-000257,작성중,SD04-1,,,,,,,2026-07-09,2026,상반기,2026-08-28,0,
TSK-000258,작성중,SD04-1,,,,,,,2026-07-10,2026,하반기,2026-08-29,0,
TSK-000259,승인,SD04-1,2026-09-09,SD04-1,2026-09-11,SD02-1,,,2026-07-11,2026,상반기,2026-08-30,1,이행완료
TSK-000260,반려,SD04-1,2026-08-31,SD04-1,,,2026-09-12,증빙 사진에 일자 표기가 없음,2026-07-12,2026,하반기,2026-08-31,0,보완필요
TSK-000261,작성중,SD04-1,,,,,,,2026-07-13,2026,상반기,2026-09-01,0,미이행
TSK-000262,제출,SD04-1,2026-09-02,SD04-1,,,,,2026-07-14,2026,하반기,2026-09-02,1,
TSK-000263,작성중,SD04-1,,,,,,,2026-07-15,2026,상반기,2026-09-03,0,미이행
TSK-000264,제출,SD04-1,2026-09-04,SD04-1,,,,,2026-07-16,2026,하반기,2026-09-04,1,
TSK-000265,작성중,SD04-1,,,,,,,2026-07-17,2026,상반기,2026-09-05,0,미이행
TSK-000266,작성중,SD04-1,,,,,,,2026-07-18,2026,하반기,2026-09-06,0,미이행
TSK-000267,승인,SD04-1,2026-09-07,SD04-1,2026-09-11,SD02-1,,,2026-07-19,2026,상반기,2026-09-07,1,이행완료
TSK-000268,반려,SD04-1,2026-09-08,SD04-1,,,2026-09-14,증빙 사진에 일자 표기가 없음,2026-07-20,2026,하반기,2026-09-08,0,보완필요
TSK-000269,작성중,SD04-1,,,,,,,2026-07-21,2026,상반기,2026-09-09,0,미이행
TSK-000270,제출,SD04-1,2026-08-31,SD04-1,,,,,2026-07-22,2026,하반기,2026-09-10,1,
TSK-000271,작성중,SD04-1,,,,,,,2026-07-23,2026,상반기,2026-09-11,0,미이행
TSK-000272,제출,SD04-1,2026-09-02,SD04-1,,,,,2026-07-24,2026,하반기,2026-09-12,1,
TSK-000273,작성중,SD13-1,,,,,,,2026-07-25,2026,상반기,2026-09-13,0,미이행
TSK-000274,작성중,SD13-1,,,,,,,2026-07-26,2026,하반기,2026-09-14,0,미이행
TSK-000275,승인,SD13-1,2026-09-05,SD13-1,2026-09-11,SD02-1,,,2026-07-27,2026,상반기,2026-08-21,1,이행완료
TSK-000276,반려,SD13-1,2026-09-06,SD13-1,,,2026-09-10,증빙 사진에 일자 표기가 없음,2026-07-28,2026,하반기,2026-08-22,0,보완필요
TSK-000277,작성중,SD04-1,,,,,,,2026-07-29,2026,상반기,2026-08-23,0,미이행
TSK-000278,제출,SD04-1,2026-09-08,SD04-1,,,,,2026-07-30,2026,하반기,2026-08-24,1,
TSK-000279,작성중,SD04-1,,,,,,,2026-07-31,2026,상반기,2026-08-25,0,
TSK-000280,제출,SD04-1,2026-08-31,SD04-1,,,,,2026-06-22,2026,하반기,2026-08-26,1,
TSK-000281,작성중,SD04-1,,,,,,,2026-06-23,2026,상반기,2026-08-27,0,
TSK-000282,작성중,SD04-1,,,,,,,2026-06-24,2026,하반기,2026-08-28,0,
TSK-000283,승인,SD04-1,2026-09-03,SD04-1,2026-09-11,SD02-1,,,2026-06-25,2026,상반기,2026-08-29,1,이행완료
TSK-000284,반려,SD04-1,2026-09-04,SD04-1,,,2026-09-12,증빙 사진에 일자 표기가 없음,2026-06-26,2026,하반기,2026-08-30,0,보완필요
TSK-000285,작성중,SD04-1,,,,,,,2026-06-27,2026,상반기,2026-08-31,0,미이행
TSK-000286,제출,SD04-1,2026-09-06,SD04-1,,,,,2026-06-28,2026,하반기,2026-09-01,1,
TSK-000287,작성중,SD04-1,,,,,,,2026-06-29,2026,상반기,2026-09-02,0,
TSK-000288,제출,SD04-1,2026-09-08,SD04-1,,,,,2026-06-30,2026,하반기,2026-09-03,1,
TSK-000289,작성중,SD05-1,,,,,,,2026-07-01,2026,상반기,2026-09-04,0,
TSK-000290,작성중,SD13-1,,,,,,,2026-07-02,2026,하반기,2026-09-05,0,
TSK-000291,승인,SD13-1,2026-09-01,SD13-1,2026-09-11,SD02-1,,,2026-07-03,2026,상반기,2026-09-06,1,이행완료
TSK-000292,반려,SD13-1,2026-09-02,SD13-1,,,2026-09-14,증빙 사진에 일자 표기가 없음,2026-07-04,2026,하반기,2026-09-07,0,보완필요
TSK-000293,작성중,SD13-1,,,,,,,2026-07-05,2026,상반기,2026-09-08,0,미이행
TSK-000294,제출,SD04-1,2026-09-04,SD04-1,,,,,2026-07-06,2026,하반기,2026-09-09,1,
TSK-000295,작성중,SD04-1,,,,,,,2026-07-07,2026,상반기,2026-09-10,0,
TSK-000296,제출,SD04-1,2026-09-06,SD04-1,,,,,2026-07-08,2026,하반기,2026-09-11,1,
TSK-000297,작성중,SD04-1,,,,,,,2026-07-09,2026,상반기,2026-09-12,0,
TSK-000298,작성중,SD04-1,,,,,,,2026-07-10,2026,하반기,2026-09-13,0,
TSK-000299,승인,SD04-1,2026-09-09,SD04-1,2026-09-11,SD02-1,,,2026-07-11,2026,상반기,2026-09-14,1,이행완료
TSK-000300,반려,SD04-1,2026-08-31,SD04-1,,,2026-09-10,증빙 사진에 일자 표기가 없음,2026-07-12,2026,하반기,2026-08-21,0,보완필요
TSK-000301,작성중,SD04-1,,,,,,,2026-07-13,2026,상반기,2026-08-22,0,미이행
TSK-000302,제출,SD04-1,2026-09-02,SD04-1,,,,,2026-07-14,2026,하반기,2026-08-23,1,
TSK-000303,작성중,SD04-1,,,,,,,2026-07-15,2026,상반기,2026-08-24,0,
TSK-000304,제출,SD04-1,2026-09-04,SD04-1,,,,,2026-07-16,2026,하반기,2026-08-25,1,
TSK-000305,작성중,SD04-1,,,,,,,2026-07-17,2026,상반기,2026-08-26,0,
TSK-000306,작성중,SD04-1,,,,,,,2026-07-18,2026,하반기,2026-08-27,0,
TSK-000307,승인,SD04-1,2026-09-07,SD04-1,2026-09-11,SD02-1,,,2026-07-19,2026,상반기,2026-08-28,1,이행완료
TSK-000308,반려,SD04-1,2026-09-08,SD04-1,,,2026-09-12,증빙 사진에 일자 표기가 없음,2026-07-20,2026,하반기,2026-08-29,0,보완필요
TSK-000309,작성중,SD04-1,,,,,,,2026-07-21,2026,상반기,2026-08-30,0,미이행
TSK-000310,제출,SD04-1,2026-08-31,SD04-1,,,,,2026-07-22,2026,하반기,2026-08-31,1,
TSK-000311,작성중,SD04-1,,,,,,,2026-07-23,2026,상반기,2026-09-01,0,
TSK-000312,제출,SD04-1,2026-09-02,SD04-1,,,,,2026-07-24,2026,하반기,2026-09-02,1,
TSK-000313,작성중,SD04-1,,,,,,,2026-07-25,2026,상반기,2026-09-03,0,미이행
TSK-000314,작성중,SD04-1,,,,,,,2026-07-26,2026,하반기,2026-09-04,0,미이행
TSK-000315,승인,SD04-1,2026-09-05,SD04-1,2026-09-11,SD02-1,,,2026-07-27,2026,상반기,2026-09-05,1,이행완료
TSK-000316,반려,SD04-1,2026-09-06,SD04-1,,,2026-09-14,증빙 사진에 일자 표기가 없음,2026-07-28,2026,하반기,2026-09-06,0,보완필요
TSK-000317,작성중,SD04-1,,,,,,,2026-07-29,2026,상반기,2026-09-07,0,미이행
TSK-000318,제출,SD04-1,2026-09-08,SD04-1,,,,,2026-07-30,2026,하반기,2026-09-08,1,
TSK-000319,작성중,SD04-1,,,,,,,2026-07-31,2026,상반기,2026-09-09,0,미이행
TSK-000320,제출,SD04-1,2026-08-31,SD04-1,,,,,2026-06-22,2026,하반기,2026-09-10,1,
TSK-000321,작성중,SD04-1,,,,,,,2026-06-23,2026,상반기,2026-09-11,0,미이행
TSK-000322,작성중,SD04-1,,,,,,,2026-06-24,2026,하반기,2026-09-12,0,미이행
TSK-000323,승인,SD04-1,2026-09-03,SD04-1,2026-09-11,SD02-1,,,2026-06-25,2026,상반기,2026-09-13,1,이행완료
TSK-000324,반려,SD04-1,2026-09-04,SD04-1,,,2026-09-10,증빙 사진에 일자 표기가 없음,2026-06-26,2026,하반기,2026-09-14,0,보완필요
TSK-000325,작성중,SD04-1,,,,,,,2026-06-27,2026,상반기,2026-08-21,0,미이행
TSK-000326,제출,SD04-1,2026-09-06,SD04-1,,,,,2026-06-28,2026,하반기,2026-08-22,1,
TSK-000327,작성중,SD04-1,,,,,,,2026-06-29,2026,상반기,2026-08-23,0,미이행
TSK-000328,제출,SD04-1,2026-09-08,SD04-1,,,,,2026-06-30,2026,하반기,2026-08-24,1,
TSK-000329,작성중,SD04-1,,,,,,,2026-07-01,2026,상반기,2026-08-25,0,미이행
TSK-000330,작성중,SD04-1,,,,,,,2026-07-02,2026,하반기,2026-08-26,0,미이행
TSK-000331,승인,SD04-1,2026-09-01,SD04-1,2026-09-11,SD02-1,,,2026-07-03,2026,상반기,2026-08-27,1,이행완료
TSK-000332,반려,SD04-1,2026-09-02,SD04-1,,,2026-09-12,증빙 사진에 일자 표기가 없음,2026-07-04,2026,하반기,2026-08-28,0,보완필요
TSK-000333,작성중,SD04-1,,,,,,,2026-07-05,2026,상반기,2026-08-29,0,미이행
TSK-000334,제출,SD04-1,2026-09-04,SD04-1,,,,,2026-07-06,2026,하반기,2026-08-30,1,
TSK-000335,작성중,SD04-1,,,,,,,2026-07-07,2026,상반기,2026-08-31,0,
TSK-000336,제출,SD04-1,2026-09-06,SD04-1,,,,,2026-07-08,2026,하반기,2026-09-01,1,
TSK-000337,작성중,SD04-1,,,,,,,2026-07-09,2026,상반기,2026-09-02,0,
TSK-000338,작성중,SD04-1,,,,,,,2026-07-10,2026,하반기,2026-09-03,0,미이행
TSK-000339,승인,SD04-1,2026-09-09,SD04-1,2026-09-11,SD02-1,,,2026-07-11,2026,상반기,2026-09-04,1,이행완료
TSK-000340,반려,SD04-1,2026-08-31,SD04-1,,,2026-09-14,증빙 사진에 일자 표기가 없음,2026-07-12,2026,하반기,2026-09-05,0,보완필요
TSK-000341,작성중,SD04-1,,,,,,,2026-07-13,2026,상반기,2026-09-06,0,미이행
TSK-000342,제출,SD04-1,2026-09-02,SD04-1,,,,,2026-07-14,2026,하반기,2026-09-07,1,
TSK-000343,작성중,SD04-1,,,,,,,2026-07-15,2026,상반기,2026-09-08,0,
TSK-000344,제출,SD04-1,2026-09-04,SD04-1,,,,,2026-07-16,2026,하반기,2026-09-09,1,
TSK-000345,작성중,SD04-1,,,,,,,2026-07-17,2026,상반기,2026-09-10,0,
TSK-000346,작성중,SD04-1,,,,,,,2026-07-18,2026,하반기,2026-09-11,0,
TSK-000347,승인,SD04-1,2026-09-07,SD04-1,2026-09-11,SD02-1,,,2026-07-19,2026,상반기,2026-09-12,1,이행완료
TSK-000348,반려,SD04-1,2026-09-08,SD04-1,,,2026-09-10,증빙 사진에 일자 표기가 없음,2026-07-20,2026,하반기,2026-09-13,0,보완필요
TSK-000349,작성중,SD04-1,,,,,,,2026-07-21,2026,상반기,2026-09-14,0,미이행
TSK-000350,제출,SD02-1,2026-08-31,SD02-1,,,,,2026-07-22,2026,하반기,2026-08-21,1,
TSK-000351,작성중,SD02-1,,,,,,,2026-07-23,2026,상반기,2026-08-22,0,
TSK-000352,제출,SD02-1,2026-09-02,SD02-1,,,,,2026-07-24,2026,하반기,2026-08-23,1,
TSK-000353,작성중,SD02-1,,,,,,,2026-07-25,2026,상반기,2026-08-24,0,
TSK-000354,작성중,SD02-1,,,,,,,2026-07-26,2026,하반기,2026-08-25,0,
TSK-000355,승인,SD02-1,2026-09-05,SD02-1,2026-09-11,SD02-1,,,2026-07-27,2026,상반기,2026-08-26,1,이행완료
TSK-000356,반려,SD02-1,2026-09-06,SD02-1,,,2026-09-12,증빙 사진에 일자 표기가 없음,2026-07-28,2026,하반기,2026-08-27,0,보완필요
TSK-000357,작성중,SD02-1,,,,,,,2026-07-29,2026,상반기,2026-08-28,0,미이행
TSK-000358,제출,SD03-1,2026-09-08,SD03-1,,,,,2026-07-30,2026,하반기,2026-08-29,1,
TSK-000359,작성중,SD03-1,,,,,,,2026-07-31,2026,상반기,2026-08-30,0,
TSK-000360,제출,SD03-1,2026-08-31,SD03-1,,,,,2026-06-22,2026,하반기,2026-08-31,1,
TSK-000361,작성중,SD03-1,,,,,,,2026-06-23,2026,상반기,2026-09-01,0,
TSK-000362,작성중,SD02-1,,,,,,,2026-06-24,2026,하반기,2026-09-02,0,
TSK-000363,승인,SD02-1,2026-09-03,SD02-1,2026-09-11,SD02-1,,,2026-06-25,2026,상반기,2026-09-03,1,이행완료
TSK-000364,반려,SD02-1,2026-09-04,SD02-1,,,2026-09-14,증빙 사진에 일자 표기가 없음,2026-06-26,2026,하반기,2026-09-04,0,보완필요
TSK-000365,작성중,SD02-1,,,,,,,2026-06-27,2026,상반기,2026-09-05,0,미이행
TSK-000366,제출,SD02-1,2026-09-06,SD02-1,,,,,2026-06-28,2026,하반기,2026-09-06,1,
TSK-000367,작성중,SD02-1,,,,,,,2026-06-29,2026,상반기,2026-09-07,0,미이행
TSK-000368,제출,SD02-1,2026-09-08,SD02-1,,,,,2026-06-30,2026,하반기,2026-09-08,1,
TSK-000369,작성중,SD02-1,,,,,,,2026-07-01,2026,상반기,2026-09-09,0,미이행
TSK-000370,작성중,SD02-1,,,,,,,2026-07-02,2026,하반기,2026-09-10,0,미이행
TSK-000371,승인,SD02-1,2026-09-01,SD02-1,2026-09-11,SD02-1,,,2026-07-03,2026,상반기,2026-09-11,1,이행완료
TSK-000372,반려,SD02-1,2026-09-02,SD02-1,,,2026-09-10,증빙 사진에 일자 표기가 없음,2026-07-04,2026,하반기,2026-09-12,0,보완필요
TSK-000373,작성중,SD02-1,,,,,,,2026-07-05,2026,상반기,2026-09-13,0,미이행
TSK-000374,제출,SD04-1,2026-09-04,SD04-1,,,,,2026-07-06,2026,하반기,2026-09-14,1,
TSK-000375,작성중,SD04-1,,,,,,,2026-07-07,2026,상반기,2026-08-21,0,미이행
TSK-000376,제출,SD04-1,2026-09-06,SD04-1,,,,,2026-07-08,2026,하반기,2026-08-22,1,
TSK-000377,작성중,SD04-1,,,,,,,2026-07-09,2026,상반기,2026-08-23,0,미이행
TSK-000378,작성중,SD13-1,,,,,,,2026-07-10,2026,하반기,2026-08-24,0,미이행
TSK-000379,승인,SD13-1,2026-09-09,SD13-1,2026-09-11,SD02-1,,,2026-07-11,2026,상반기,2026-08-25,1,이행완료
TSK-000380,반려,SD13-1,2026-08-31,SD13-1,,,2026-09-12,증빙 사진에 일자 표기가 없음,2026-07-12,2026,하반기,2026-08-26,0,보완필요
TSK-000381,작성중,SD13-1,,,,,,,2026-07-13,2026,상반기,2026-08-27,0,미이행
TSK-000382,제출,SD13-1,2026-09-02,SD13-1,,,,,2026-07-14,2026,하반기,2026-08-28,1,
TSK-000383,작성중,SD13-1,,,,,,,2026-07-15,2026,상반기,2026-08-29,0,
TSK-000384,제출,SD13-1,2026-09-04,SD13-1,,,,,2026-07-16,2026,하반기,2026-08-30,1,
TSK-000385,작성중,SD13-1,,,,,,,2026-07-17,2026,상반기,2026-08-31,0,
TSK-000386,작성중,SD13-1,,,,,,,2026-07-18,2026,하반기,2026-09-01,0,
TSK-000387,승인,SD13-1,2026-09-07,SD13-1,2026-09-11,SD02-1,,,2026-07-19,2026,상반기,2026-09-02,1,이행완료
TSK-000388,반려,SD13-1,2026-09-08,SD13-1,,,2026-09-14,증빙 사진에 일자 표기가 없음,2026-07-20,2026,하반기,2026-09-03,0,보완필요
TSK-000389,작성중,SD13-1,,,,,,,2026-07-21,2026,상반기,2026-09-04,0,미이행
TSK-000390,제출,SD13-1,2026-08-31,SD13-1,,,,,2026-07-22,2026,하반기,2026-09-05,1,
TSK-000391,작성중,SD13-1,,,,,,,2026-07-23,2026,상반기,2026-09-06,0,
TSK-000392,제출,SD13-1,2026-09-02,SD13-1,,,,,2026-07-24,2026,하반기,2026-09-07,1,
TSK-000393,작성중,SD13-1,,,,,,,2026-07-25,2026,상반기,2026-09-08,0,
TSK-000394,작성중,SD13-1,,,,,,,2026-07-26,2026,하반기,2026-09-09,0,
TSK-000395,승인,SD13-1,2026-09-05,SD13-1,2026-09-11,SD02-1,,,2026-07-27,2026,상반기,2026-09-10,1,이행완료
TSK-000396,반려,SD13-1,2026-09-06,SD13-1,,,2026-09-10,증빙 사진에 일자 표기가 없음,2026-07-28,2026,하반기,2026-09-11,0,보완필요
TSK-000397,작성중,SD13-1,,,,,,,2026-07-29,2026,상반기,2026-09-12,0,미이행
TSK-000398,제출,SD13-1,2026-09-08,SD13-1,,,,,2026-07-30,2026,하반기,2026-09-13,1,
TSK-000399,작성중,SD13-1,,,,,,,2026-07-31,2026,상반기,2026-09-14,0,
TSK-000400,제출,SD13-1,2026-08-31,SD13-1,,,,,2026-06-22,2026,하반기,2026-08-21,1,
TSK-000401,작성중,SD13-1,,,,,,,2026-06-23,2026,상반기,2026-08-22,0,
TSK-000402,작성중,SD13-1,,,,,,,2026-06-24,2026,하반기,2026-08-23,0,
TSK-000403,승인,SD13-1,2026-09-03,SD13-1,2026-09-11,SD02-1,,,2026-06-25,2026,상반기,2026-08-24,1,이행완료
TSK-000404,반려,SD13-1,2026-09-04,SD13-1,,,2026-09-12,증빙 사진에 일자 표기가 없음,2026-06-26,2026,하반기,2026-08-25,0,보완필요
TSK-000405,작성중,SD13-1,,,,,,,2026-06-27,2026,상반기,2026-08-26,0,미이행
TSK-000406,제출,SD13-1,2026-09-06,SD13-1,,,,,2026-06-28,2026,하반기,2026-08-27,1,
TSK-000407,작성중,SD13-1,,,,,,,2026-06-29,2026,상반기,2026-08-28,0,
TSK-000408,제출,SD09-1,2026-09-08,SD09-1,,,,,2026-06-30,2026,하반기,2026-08-29,1,
TSK-000409,작성중,SD09-1,,,,,,,2026-07-01,2026,상반기,2026-08-30,0,
TSK-000410,작성중,SD09-1,,,,,,,2026-07-02,2026,하반기,2026-08-31,0,
TSK-000411,승인,SD09-1,2026-09-01,SD09-1,2026-09-11,SD02-1,,,2026-07-03,2026,상반기,2026-09-01,1,이행완료
TSK-000412,반려,SD13-1,2026-09-02,SD13-1,,,2026-09-14,증빙 사진에 일자 표기가 없음,2026-07-04,2026,하반기,2026-09-02,0,보완필요
TSK-000413,작성중,SD13-1,,,,,,,2026-07-05,2026,상반기,2026-09-03,0,미이행
TSK-000414,제출,SD13-1,2026-09-04,SD13-1,,,,,2026-07-06,2026,하반기,2026-09-04,1,
TSK-000415,작성중,SD13-1,,,,,,,2026-07-07,2026,상반기,2026-09-05,0,
TSK-000416,제출,SD13-1,2026-09-06,SD13-1,,,,,2026-07-08,2026,하반기,2026-09-06,1,
TSK-000417,작성중,SD13-1,,,,,,,2026-07-09,2026,상반기,2026-09-07,0,
TSK-000418,작성중,SD13-1,,,,,,,2026-07-10,2026,하반기,2026-09-08,0,미이행
TSK-000419,승인,SD13-1,2026-09-09,SD13-1,2026-09-11,SD02-1,,,2026-07-11,2026,상반기,2026-09-09,1,이행완료
TSK-000420,반려,SD13-1,2026-08-31,SD13-1,,,2026-09-10,증빙 사진에 일자 표기가 없음,2026-07-12,2026,하반기,2026-09-10,0,보완필요
TSK-000421,작성중,SD13-1,,,,,,,2026-07-13,2026,상반기,2026-09-11,0,미이행
TSK-000422,제출,SD13-1,2026-09-02,SD13-1,,,,,2026-07-14,2026,하반기,2026-09-12,1,
TSK-000423,작성중,SD13-1,,,,,,,2026-07-15,2026,상반기,2026-09-13,0,미이행
TSK-000424,제출,SD13-1,2026-09-04,SD13-1,,,,,2026-07-16,2026,하반기,2026-09-14,1,
TSK-000425,작성중,SD13-1,,,,,,,2026-07-17,2026,상반기,2026-08-21,0,
TSK-000426,작성중,SD13-1,,,,,,,2026-07-18,2026,하반기,2026-08-22,0,
TSK-000427,승인,SD13-1,2026-09-07,SD13-1,2026-09-11,SD02-1,,,2026-07-19,2026,상반기,2026-08-23,1,이행완료
TSK-000428,반려,SD05-1,2026-09-08,SD05-1,,,2026-09-12,증빙 사진에 일자 표기가 없음,2026-07-20,2026,하반기,2026-08-24,0,보완필요
TSK-000429,작성중,SD05-1,,,,,,,2026-07-21,2026,상반기,2026-08-25,0,미이행
TSK-000430,제출,SD05-1,2026-08-31,SD05-1,,,,,2026-07-22,2026,하반기,2026-08-26,1,
TSK-000431,작성중,SD05-1,,,,,,,2026-07-23,2026,상반기,2026-08-27,0,미이행
TSK-000432,제출,SD05-1,2026-09-02,SD05-1,,,,,2026-07-24,2026,하반기,2026-08-28,1,
TSK-000433,작성중,SD05-1,,,,,,,2026-07-25,2026,상반기,2026-08-29,0,
TSK-000434,작성중,SD05-1,,,,,,,2026-07-26,2026,하반기,2026-08-30,0,
TSK-000435,승인,SD05-1,2026-09-05,SD05-1,2026-09-11,SD02-1,,,2026-07-27,2026,상반기,2026-08-31,1,이행완료
TSK-000436,반려,SD05-1,2026-09-06,SD05-1,,,2026-09-14,증빙 사진에 일자 표기가 없음,2026-07-28,2026,하반기,2026-09-01,0,보완필요
TSK-000437,작성중,SD05-1,,,,,,,2026-07-29,2026,상반기,2026-09-02,0,미이행
TSK-000438,제출,SD05-1,2026-09-08,SD05-1,,,,,2026-07-30,2026,하반기,2026-09-03,1,
TSK-000439,작성중,SD05-1,,,,,,,2026-07-31,2026,상반기,2026-09-04,0,미이행
TSK-000440,제출,SD05-1,2026-08-31,SD05-1,,,,,2026-06-22,2026,하반기,2026-09-05,1,
TSK-000441,작성중,SD05-1,,,,,,,2026-06-23,2026,상반기,2026-09-06,0,미이행
TSK-000442,작성중,SD05-1,,,,,,,2026-06-24,2026,하반기,2026-09-07,0,미이행
TSK-000443,승인,SD05-1,2026-09-03,SD05-1,2026-09-11,SD02-1,,,2026-06-25,2026,상반기,2026-09-08,1,이행완료
TSK-000444,반려,SD05-1,2026-09-04,SD05-1,,,2026-09-10,증빙 사진에 일자 표기가 없음,2026-06-26,2026,하반기,2026-09-09,0,보완필요
TSK-000445,작성중,SD05-1,,,,,,,2026-06-27,2026,상반기,2026-09-10,0,미이행
TSK-000446,제출,SD05-1,2026-09-06,SD05-1,,,,,2026-06-28,2026,하반기,2026-09-11,1,
TSK-000447,작성중,SD05-1,,,,,,,2026-06-29,2026,상반기,2026-09-12,0,
TSK-000448,제출,SD13-1,2026-09-08,SD13-1,,,,,2026-06-30,2026,하반기,2026-09-13,1,
TSK-000449,작성중,SD13-1,,,,,,,2026-07-01,2026,상반기,2026-09-14,0,
TSK-000450,작성중,SD13-1,,,,,,,2026-07-02,2026,하반기,2026-08-21,0,
TSK-000451,승인,SD13-1,2026-09-01,SD13-1,2026-09-11,SD02-1,,,2026-07-03,2026,상반기,2026-08-22,1,이행완료
TSK-000452,반려,SD13-1,2026-09-02,SD13-1,,,2026-09-12,증빙 사진에 일자 표기가 없음,2026-07-04,2026,하반기,2026-08-23,0,보완필요
TSK-000453,작성중,SD13-1,,,,,,,2026-07-05,2026,상반기,2026-08-24,0,미이행
TSK-000454,제출,SD13-1,2026-09-04,SD13-1,,,,,2026-07-06,2026,하반기,2026-08-25,1,
TSK-000455,작성중,SD13-1,,,,,,,2026-07-07,2026,상반기,2026-08-26,0,
TSK-000456,제출,SD13-1,2026-09-06,SD13-1,,,,,2026-07-08,2026,하반기,2026-08-27,1,
TSK-000457,작성중,SD13-1,,,,,,,2026-07-09,2026,상반기,2026-08-28,0,
TSK-000458,작성중,SD13-1,,,,,,,2026-07-10,2026,하반기,2026-08-29,0,
TSK-000459,승인,SD13-1,2026-09-09,SD13-1,2026-09-11,SD02-1,,,2026-07-11,2026,상반기,2026-08-30,1,이행완료
TSK-000460,반려,SD13-1,2026-08-31,SD13-1,,,2026-09-14,증빙 사진에 일자 표기가 없음,2026-07-12,2026,하반기,2026-08-31,0,보완필요
TSK-000461,작성중,SD13-1,,,,,,,2026-07-13,2026,상반기,2026-09-01,0,미이행
TSK-000462,제출,SD13-1,2026-09-02,SD13-1,,,,,2026-07-14,2026,하반기,2026-09-02,1,
TSK-000463,작성중,SD13-1,,,,,,,2026-07-15,2026,상반기,2026-09-03,0,미이행
TSK-000464,제출,SD13-1,2026-09-04,SD13-1,,,,,2026-07-16,2026,하반기,2026-09-04,1,
TSK-000465,작성중,SD13-1,,,,,,,2026-07-17,2026,상반기,2026-09-05,0,미이행
TSK-000466,작성중,SD13-1,,,,,,,2026-07-18,2026,하반기,2026-09-06,0,미이행
TSK-000467,승인,SD13-1,2026-09-07,SD13-1,2026-09-11,SD02-1,,,2026-07-19,2026,상반기,2026-09-07,1,이행완료
TSK-000468,반려,SD13-1,2026-09-08,SD13-1,,,2026-09-10,증빙 사진에 일자 표기가 없음,2026-07-20,2026,하반기,2026-09-08,0,보완필요
TSK-000469,작성중,SD13-1,,,,,,,2026-07-21,2026,상반기,2026-09-09,0,미이행
TSK-000470,제출,SD13-1,2026-08-31,SD13-1,,,,,2026-07-22,2026,하반기,2026-09-10,1,
TSK-000471,작성중,SD13-1,,,,,,,2026-07-23,2026,상반기,2026-09-11,0,미이행
TSK-000472,제출,SD13-1,2026-09-02,SD13-1,,,,,2026-07-24,2026,하반기,2026-09-12,1,
TSK-000473,작성중,SD13-1,,,,,,,2026-07-25,2026,상반기,2026-09-13,0,
TSK-000474,작성중,SD13-1,,,,,,,2026-07-26,2026,하반기,2026-09-14,0,
TSK-000475,승인,SD13-1,2026-09-05,SD13-1,2026-09-11,SD02-1,,,2026-07-27,2026,상반기,2026-08-21,1,이행완료
TSK-000476,반려,SD03-1,2026-09-06,SD03-1,,,2026-09-12,증빙 사진에 일자 표기가 없음,2026-07-28,2026,하반기,2026-08-22,0,보완필요
TSK-000477,작성중,SD03-1,,,,,,,2026-07-29,2026,상반기,2026-08-23,0,미이행
TSK-000478,제출,SD03-1,2026-09-08,SD03-1,,,,,2026-07-30,2026,하반기,2026-08-24,1,
TSK-000479,작성중,SD03-1,,,,,,,2026-07-31,2026,상반기,2026-08-25,0,
TSK-000480,제출,SD03-1,2026-08-31,SD03-1,,,,,2026-06-22,2026,하반기,2026-08-26,1,
TSK-000481,작성중,SD03-1,,,,,,,2026-06-23,2026,상반기,2026-08-27,0,미이행
TSK-000482,작성중,SD03-1,,,,,,,2026-06-24,2026,하반기,2026-08-28,0,미이행
TSK-000483,승인,SD03-1,2026-09-03,SD03-1,2026-09-11,SD02-1,,,2026-06-25,2026,상반기,2026-08-29,1,이행완료
TSK-000484,반려,SD03-1,2026-09-04,SD03-1,,,2026-09-14,증빙 사진에 일자 표기가 없음,2026-06-26,2026,하반기,2026-08-30,0,보완필요
TSK-000485,작성중,SD03-1,,,,,,,2026-06-27,2026,상반기,2026-08-31,0,미이행
TSK-000486,제출,SD03-1,2026-09-06,SD03-1,,,,,2026-06-28,2026,하반기,2026-09-01,1,
TSK-000487,작성중,SD03-1,,,,,,,2026-06-29,2026,상반기,2026-09-02,0,
TSK-000488,제출,SD03-1,2026-09-08,SD03-1,,,,,2026-06-30,2026,하반기,2026-09-03,1,
TSK-000489,작성중,SD03-1,,,,,,,2026-07-01,2026,상반기,2026-09-04,0,미이행
TSK-000490,작성중,SD03-1,,,,,,,2026-07-02,2026,하반기,2026-09-05,0,미이행
TSK-000491,승인,SD03-1,2026-09-01,SD03-1,2026-09-11,SD02-1,,,2026-07-03,2026,상반기,2026-09-06,1,이행완료
TSK-000492,반려,SD03-1,2026-09-02,SD03-1,,,2026-09-10,증빙 사진에 일자 표기가 없음,2026-07-04,2026,하반기,2026-09-07,0,보완필요
TSK-000493,작성중,SD03-1,,,,,,,2026-07-05,2026,상반기,2026-09-08,0,미이행
TSK-000494,제출,SD03-1,2026-09-04,SD03-1,,,,,2026-07-06,2026,하반기,2026-09-09,1,
TSK-000495,작성중,SD03-1,,,,,,,2026-07-07,2026,상반기,2026-09-10,0,미이행
TSK-000496,제출,SD03-1,2026-09-06,SD03-1,,,,,2026-07-08,2026,하반기,2026-09-11,1,
TSK-000497,작성중,SD03-1,,,,,,,2026-07-09,2026,상반기,2026-09-12,0,미이행
TSK-000498,작성중,SD03-1,,,,,,,2026-07-10,2026,하반기,2026-09-13,0,
TSK-000499,승인,SD03-1,2026-09-09,SD03-1,2026-09-11,SD02-1,,,2026-07-11,2026,상반기,2026-09-14,1,이행완료
TSK-000500,반려,SD03-1,2026-08-31,SD03-1,,,2026-09-12,증빙 사진에 일자 표기가 없음,2026-07-12,2026,하반기,2026-08-21,0,보완필요
TSK-000501,작성중,SD03-1,,,,,,,2026-07-13,2026,상반기,2026-08-22,0,미이행
TSK-000502,제출,SD03-1,2026-09-02,SD03-1,,,,,2026-07-14,2026,하반기,2026-08-23,1,
TSK-000503,작성중,SD03-1,,,,,,,2026-07-15,2026,상반기,2026-08-24,0,
TSK-000504,제출,SD03-1,2026-09-04,SD03-1,,,,,2026-07-16,2026,하반기,2026-08-25,1,
TSK-000505,작성중,SD03-1,,,,,,,2026-07-17,2026,상반기,2026-08-26,0,
TSK-000506,작성중,SD03-1,,,,,,,2026-07-18,2026,하반기,2026-08-27,0,
TSK-000507,승인,SD03-1,2026-09-07,SD03-1,2026-09-11,SD02-1,,,2026-07-19,2026,상반기,2026-08-28,1,이행완료
TSK-000508,반려,SD03-1,2026-09-08,SD03-1,,,2026-09-14,증빙 사진에 일자 표기가 없음,2026-07-20,2026,하반기,2026-08-29,0,보완필요
TSK-000509,작성중,SD03-1,,,,,,,2026-07-21,2026,상반기,2026-08-30,0,미이행
TSK-000510,제출,SD03-1,2026-08-31,SD03-1,,,,,2026-07-22,2026,하반기,2026-08-31,1,
TSK-000511,작성중,SD03-1,,,,,,,2026-07-23,2026,상반기,2026-09-01,0,
TSK-000512,제출,SD03-1,2026-09-02,SD03-1,,,,,2026-07-24,2026,하반기,2026-09-02,1,
TSK-000513,작성중,SD03-1,,,,,,,2026-07-25,2026,상반기,2026-09-03,0,
TSK-000514,작성중,SD03-1,,,,,,,2026-07-26,2026,하반기,2026-09-04,0,
TSK-000515,승인,SD03-1,2026-09-05,SD03-1,2026-09-11,SD02-1,,,2026-07-27,2026,상반기,2026-09-05,1,이행완료
TSK-000516,반려,SD03-1,2026-09-06,SD03-1,,,2026-09-10,증빙 사진에 일자 표기가 없음,2026-07-28,2026,하반기,2026-09-06,0,보완필요
TSK-000517,작성중,SD03-1,,,,,,,2026-07-29,2026,상반기,2026-09-07,0,미이행
TSK-000518,제출,SD03-1,2026-09-08,SD03-1,,,,,2026-07-30,2026,하반기,2026-09-08,1,
TSK-000519,작성중,SD03-1,,,,,,,2026-07-31,2026,상반기,2026-09-09,0,미이행
TSK-000520,제출,SD03-1,2026-08-31,SD03-1,,,,,2026-06-22,2026,하반기,2026-09-10,1,
TSK-000521,작성중,SD03-1,,,,,,,2026-06-23,2026,상반기,2026-09-11,0,미이행
TSK-000522,작성중,SD03-1,,,,,,,2026-06-24,2026,하반기,2026-09-12,0,미이행
TSK-000523,승인,SD03-1,2026-09-03,SD03-1,2026-09-11,SD02-1,,,2026-06-25,2026,상반기,2026-09-13,1,이행완료
TSK-000524,반려,SD03-1,2026-09-04,SD03-1,,,2026-09-12,증빙 사진에 일자 표기가 없음,2026-06-26,2026,하반기,2026-09-14,0,보완필요
TSK-000525,작성중,SD03-1,,,,,,,2026-06-27,2026,상반기,2026-08-21,0,미이행
TSK-000526,제출,SD03-1,2026-09-06,SD03-1,,,,,2026-06-28,2026,하반기,2026-08-22,1,
TSK-000527,작성중,SD03-1,,,,,,,2026-06-29,2026,상반기,2026-08-23,0,
TSK-000528,제출,SD03-1,2026-09-08,SD03-1,,,,,2026-06-30,2026,하반기,2026-08-24,1,
TSK-000529,작성중,SD03-1,,,,,,,2026-07-01,2026,상반기,2026-08-25,0,
TSK-000530,작성중,SD03-1,,,,,,,2026-07-02,2026,하반기,2026-08-26,0,
TSK-000531,승인,SD03-1,2026-09-01,SD03-1,2026-09-11,SD02-1,,,2026-07-03,2026,상반기,2026-08-27,1,이행완료
TSK-000532,반려,SD03-1,2026-09-02,SD03-1,,,2026-09-14,증빙 사진에 일자 표기가 없음,2026-07-04,2026,하반기,2026-08-28,0,보완필요
TSK-000533,작성중,SD03-1,,,,,,,2026-07-05,2026,상반기,2026-08-29,0,미이행
TSK-000534,제출,SD03-1,2026-09-04,SD03-1,,,,,2026-07-06,2026,하반기,2026-08-30,1,
TSK-000535,작성중,SD03-1,,,,,,,2026-07-07,2026,상반기,2026-08-31,0,
TSK-000536,제출,SD03-1,2026-09-06,SD03-1,,,,,2026-07-08,2026,하반기,2026-09-01,1,
TSK-000537,작성중,SD03-1,,,,,,,2026-07-09,2026,상반기,2026-09-02,0,
TSK-000538,작성중,SD03-1,,,,,,,2026-07-10,2026,하반기,2026-09-03,0,
TSK-000539,승인,SD03-1,2026-09-09,SD03-1,2026-09-11,SD02-1,,,2026-07-11,2026,상반기,2026-09-04,1,이행완료
TSK-000540,반려,SD03-1,2026-08-31,SD03-1,,,2026-09-10,증빙 사진에 일자 표기가 없음,2026-07-12,2026,하반기,2026-09-05,0,보완필요
TSK-000541,작성중,SD03-1,,,,,,,2026-07-13,2026,상반기,2026-09-06,0,미이행
TSK-000542,제출,SD03-1,2026-09-02,SD03-1,,,,,2026-07-14,2026,하반기,2026-09-07,1,
TSK-000543,작성중,SD03-1,,,,,,,2026-07-15,2026,상반기,2026-09-08,0,미이행
TSK-000544,제출,SD03-1,2026-09-04,SD03-1,,,,,2026-07-16,2026,하반기,2026-09-09,1,
TSK-000545,작성중,SD03-1,,,,,,,2026-07-17,2026,상반기,2026-09-10,0,미이행
TSK-000546,작성중,SD03-1,,,,,,,2026-07-18,2026,하반기,2026-09-11,0,미이행
TSK-000547,승인,SD03-1,2026-09-07,SD03-1,2026-09-11,SD02-1,,,2026-07-19,2026,상반기,2026-09-12,1,이행완료
TSK-000548,반려,SD03-1,2026-09-08,SD03-1,,,2026-09-12,증빙 사진에 일자 표기가 없음,2026-07-20,2026,하반기,2026-09-13,0,보완필요
TSK-000549,작성중,SD03-1,,,,,,,2026-07-21,2026,상반기,2026-09-14,0,미이행
TSK-000550,제출,SD03-1,2026-08-31,SD03-1,,,,,2026-07-22,2026,하반기,2026-08-21,1,
TSK-000551,작성중,SD03-1,,,,,,,2026-07-23,2026,상반기,2026-08-22,0,
TSK-000552,제출,SD03-1,2026-09-02,SD03-1,,,,,2026-07-24,2026,하반기,2026-08-23,1,
TSK-000553,작성중,SD03-1,,,,,,,2026-07-25,2026,상반기,2026-08-24,0,
TSK-000554,작성중,SD03-1,,,,,,,2026-07-26,2026,하반기,2026-08-25,0,
TSK-000555,승인,SD03-1,2026-09-05,SD03-1,2026-09-11,SD02-1,,,2026-07-27,2026,상반기,2026-08-26,1,이행완료
TSK-000556,반려,SD03-1,2026-09-06,SD03-1,,,2026-09-14,증빙 사진에 일자 표기가 없음,2026-07-28,2026,하반기,2026-08-27,0,보완필요
TSK-000557,작성중,SD03-1,,,,,,,2026-07-29,2026,상반기,2026-08-28,0,미이행
TSK-000558,제출,SD03-1,2026-09-08,SD03-1,,,,,2026-07-30,2026,하반기,2026-08-29,1,
TSK-000559,작성중,SD03-1,,,,,,,2026-07-31,2026,상반기,2026-08-30,0,
TSK-000560,제출,SD03-1,2026-08-31,SD03-1,,,,,2026-06-22,2026,하반기,2026-08-31,1,
TSK-000561,작성중,SD03-1,,,,,,,2026-06-23,2026,상반기,2026-09-01,0,
TSK-000562,작성중,SD03-1,,,,,,,2026-06-24,2026,하반기,2026-09-02,0,
TSK-000563,승인,SD03-1,2026-09-03,SD03-1,2026-09-11,SD02-1,,,2026-06-25,2026,상반기,2026-09-03,1,이행완료
TSK-000564,반려,SD03-1,2026-09-04,SD03-1,,,2026-09-10,증빙 사진에 일자 표기가 없음,2026-06-26,2026,하반기,2026-09-04,0,보완필요
TSK-000565,작성중,SD03-1,,,,,,,2026-06-27,2026,상반기,2026-09-05,0,미이행
TSK-000566,제출,SD03-1,2026-09-06,SD03-1,,,,,2026-06-28,2026,하반기,2026-09-06,1,
TSK-000567,작성중,SD03-1,,,,,,,2026-06-29,2026,상반기,2026-09-07,0,미이행
TSK-000568,제출,SD03-1,2026-09-08,SD03-1,,,,,2026-06-30,2026,하반기,2026-09-08,1,
TSK-000569,작성중,SD03-1,,,,,,,2026-07-01,2026,상반기,2026-09-09,0,미이행
TSK-000570,작성중,SD03-1,,,,,,,2026-07-02,2026,하반기,2026-09-10,0,미이행
TSK-000571,승인,SD03-1,2026-09-01,SD03-1,2026-09-11,SD02-1,,,2026-07-03,2026,상반기,2026-09-11,1,이행완료
TSK-000572,반려,SD03-1,2026-09-02,SD03-1,,,2026-09-12,증빙 사진에 일자 표기가 없음,2026-07-04,2026,하반기,2026-09-12,0,보완필요
TSK-000573,작성중,SD03-1,,,,,,,2026-07-05,2026,상반기,2026-09-13,0,미이행
TSK-000574,제출,SD03-1,2026-09-04,SD03-1,,,,,2026-07-06,2026,하반기,2026-09-14,1,
TSK-000575,작성중,SD03-1,,,,,,,2026-07-07,2026,상반기,2026-08-21,0,
TSK-000576,제출,SD03-1,2026-09-06,SD03-1,,,,,2026-07-08,2026,하반기,2026-08-22,1,
TSK-000577,작성중,SD03-1,,,,,,,2026-07-09,2026,상반기,2026-08-23,0,
TSK-000578,작성중,SD03-1,,,,,,,2026-07-10,2026,하반기,2026-08-24,0,
TSK-000579,승인,SD03-1,2026-09-09,SD03-1,2026-09-11,SD02-1,,,2026-07-11,2026,상반기,2026-08-25,1,이행완료
TSK-000580,반려,SD03-1,2026-08-31,SD03-1,,,2026-09-14,증빙 사진에 일자 표기가 없음,2026-07-12,2026,하반기,2026-08-26,0,보완필요
TSK-000581,작성중,SD03-1,,,,,,,2026-07-13,2026,상반기,2026-08-27,0,미이행
TSK-000582,제출,SD03-1,2026-09-02,SD03-1,,,,,2026-07-14,2026,하반기,2026-08-28,1,
TSK-000583,작성중,SD03-1,,,,,,,2026-07-15,2026,상반기,2026-08-29,0,
TSK-000584,제출,SD03-1,2026-09-04,SD03-1,,,,,2026-07-16,2026,하반기,2026-08-30,1,
TSK-000585,작성중,SD03-1,,,,,,,2026-07-17,2026,상반기,2026-08-31,0,
TSK-000586,작성중,SD03-1,,,,,,,2026-07-18,2026,하반기,2026-09-01,0,
TSK-000587,승인,SD03-1,2026-09-07,SD03-1,2026-09-11,SD02-1,,,2026-07-19,2026,상반기,2026-09-02,1,이행완료
TSK-000588,반려,SD03-1,2026-09-08,SD03-1,,,2026-09-10,증빙 사진에 일자 표기가 없음,2026-07-20,2026,하반기,2026-09-03,0,보완필요
TSK-000589,작성중,SD03-1,,,,,,,2026-07-21,2026,상반기,2026-09-04,0,미이행
TSK-000590,제출,SD03-1,2026-08-31,SD03-1,,,,,2026-07-22,2026,하반기,2026-09-05,1,
TSK-000591,작성중,SD03-1,,,,,,,2026-07-23,2026,상반기,2026-09-06,0,
TSK-000592,제출,SD03-1,2026-09-02,SD03-1,,,,,2026-07-24,2026,하반기,2026-09-07,1,
TSK-000593,작성중,SD03-1,,,,,,,2026-07-25,2026,상반기,2026-09-08,0,미이행
TSK-000594,작성중,SD03-1,,,,,,,2026-07-26,2026,하반기,2026-09-09,0,미이행
TSK-000595,승인,SD03-1,2026-09-05,SD03-1,2026-09-11,SD02-1,,,2026-07-27,2026,상반기,2026-09-10,1,이행완료
TSK-000596,반려,SD03-1,2026-09-06,SD03-1,,,2026-09-12,증빙 사진에 일자 표기가 없음,2026-07-28,2026,하반기,2026-09-11,0,보완필요
TSK-000597,작성중,SD03-1,,,,,,,2026-07-29,2026,상반기,2026-09-12,0,미이행
TSK-000598,제출,SD03-1,2026-09-08,SD03-1,,,,,2026-07-30,2026,하반기,2026-09-13,1,
TSK-000599,작성중,SD03-1,,,,,,,2026-07-31,2026,상반기,2026-09-14,0,미이행
TSK-000600,제출,SD04-1,2026-08-31,SD04-1,,,,,2026-06-22,2026,하반기,2026-08-21,1,
TSK-000601,작성중,SD04-1,,,,,,,2026-06-23,2026,상반기,2026-08-22,0,
TSK-000602,작성중,SD04-1,,,,,,,2026-06-24,2026,하반기,2026-08-23,0,
TSK-000603,승인,SD04-1,2026-09-03,SD04-1,2026-09-11,SD02-1,,,2026-06-25,2026,상반기,2026-08-24,1,이행완료
TSK-000604,반려,SD04-1,2026-09-04,SD04-1,,,2026-09-14,증빙 사진에 일자 표기가 없음,2026-06-26,2026,하반기,2026-08-25,0,보완필요
TSK-000605,작성중,SD04-1,,,,,,,2026-06-27,2026,상반기,2026-08-26,0,미이행
TSK-000606,제출,SD04-1,2026-09-06,SD04-1,,,,,2026-06-28,2026,하반기,2026-08-27,1,
TSK-000607,작성중,SD04-1,,,,,,,2026-06-29,2026,상반기,2026-08-28,0,
TSK-000608,제출,SD04-1,2026-09-08,SD04-1,,,,,2026-06-30,2026,하반기,2026-08-29,1,
TSK-000609,작성중,SD04-1,,,,,,,2026-07-01,2026,상반기,2026-08-30,0,
TSK-000610,작성중,SD04-1,,,,,,,2026-07-02,2026,하반기,2026-08-31,0,
TSK-000611,승인,SD04-1,2026-09-01,SD04-1,2026-09-11,SD02-1,,,2026-07-03,2026,상반기,2026-09-01,1,이행완료
TSK-000612,반려,SD04-1,2026-09-02,SD04-1,,,2026-09-10,증빙 사진에 일자 표기가 없음,2026-07-04,2026,하반기,2026-09-02,0,보완필요
TSK-000613,작성중,SD04-1,,,,,,,2026-07-05,2026,상반기,2026-09-03,0,미이행
TSK-000614,제출,SD04-1,2026-09-04,SD04-1,,,,,2026-07-06,2026,하반기,2026-09-04,1,
TSK-000615,작성중,SD04-1,,,,,,,2026-07-07,2026,상반기,2026-09-05,0,
TSK-000616,제출,SD04-1,2026-09-06,SD04-1,,,,,2026-07-08,2026,하반기,2026-09-06,1,
TSK-000617,작성중,SD04-1,,,,,,,2026-07-09,2026,상반기,2026-09-07,0,
TSK-000618,작성중,SD04-1,,,,,,,2026-07-10,2026,하반기,2026-09-08,0,미이행
TSK-000619,승인,SD04-1,2026-09-09,SD04-1,2026-09-11,SD02-1,,,2026-07-11,2026,상반기,2026-09-09,1,이행완료
TSK-000620,반려,SD04-1,2026-08-31,SD04-1,,,2026-09-12,증빙 사진에 일자 표기가 없음,2026-07-12,2026,하반기,2026-09-10,0,보완필요
TSK-000621,작성중,SD04-1,,,,,,,2026-07-13,2026,상반기,2026-09-11,0,미이행
TSK-000622,제출,SD04-1,2026-09-02,SD04-1,,,,,2026-07-14,2026,하반기,2026-09-12,1,
TSK-000623,작성중,SD04-1,,,,,,,2026-07-15,2026,상반기,2026-09-13,0,
TSK-000624,제출,SD04-1,2026-09-04,SD04-1,,,,,2026-07-16,2026,하반기,2026-09-14,1,
TSK-000625,작성중,SD04-1,,,,,,,2026-07-17,2026,상반기,2026-08-21,0,미이행
TSK-000626,작성중,SD04-1,,,,,,,2026-07-18,2026,하반기,2026-08-22,0,
TSK-000627,승인,SD04-1,2026-09-07,SD04-1,2026-09-11,SD02-1,,,2026-07-19,2026,상반기,2026-08-23,1,이행완료
TSK-000628,반려,SD04-1,2026-09-08,SD04-1,,,2026-09-14,증빙 사진에 일자 표기가 없음,2026-07-20,2026,하반기,2026-08-24,0,보완필요
TSK-000629,작성중,SD04-1,,,,,,,2026-07-21,2026,상반기,2026-08-25,0,미이행
TSK-000630,제출,SD04-1,2026-08-31,SD04-1,,,,,2026-07-22,2026,하반기,2026-08-26,1,
TSK-000631,작성중,SD04-1,,,,,,,2026-07-23,2026,상반기,2026-08-27,0,미이행
TSK-000632,제출,SD04-1,2026-09-02,SD04-1,,,,,2026-07-24,2026,하반기,2026-08-28,1,
TSK-000633,작성중,SD04-1,,,,,,,2026-07-25,2026,상반기,2026-08-29,0,미이행
TSK-000634,작성중,SD04-1,,,,,,,2026-07-26,2026,하반기,2026-08-30,0,미이행
TSK-000635,승인,SD04-1,2026-09-05,SD04-1,2026-09-11,SD02-1,,,2026-07-27,2026,상반기,2026-08-31,1,이행완료
TSK-000636,반려,SD04-1,2026-09-06,SD04-1,,,2026-09-10,증빙 사진에 일자 표기가 없음,2026-07-28,2026,하반기,2026-09-01,0,보완필요
TSK-000637,작성중,SD04-1,,,,,,,2026-07-29,2026,상반기,2026-09-02,0,미이행
TSK-000638,제출,SD04-1,2026-09-08,SD04-1,,,,,2026-07-30,2026,하반기,2026-09-03,1,
TSK-000639,작성중,SD04-1,,,,,,,2026-07-31,2026,상반기,2026-09-04,0,
TSK-000640,제출,SD04-1,2026-08-31,SD04-1,,,,,2026-06-22,2026,하반기,2026-09-05,1,
TSK-000641,작성중,SD04-1,,,,,,,2026-06-23,2026,상반기,2026-09-06,0,미이행
TSK-000642,작성중,SD04-1,,,,,,,2026-06-24,2026,하반기,2026-09-07,0,미이행
TSK-000643,승인,SD04-1,2026-09-03,SD04-1,2026-09-11,SD02-1,,,2026-06-25,2026,상반기,2026-09-08,1,이행완료
TSK-000644,반려,SD04-1,2026-09-04,SD04-1,,,2026-09-12,증빙 사진에 일자 표기가 없음,2026-06-26,2026,하반기,2026-09-09,0,보완필요
TSK-000645,작성중,SD04-1,,,,,,,2026-06-27,2026,상반기,2026-09-10,0,미이행
TSK-000646,제출,SD04-1,2026-09-06,SD04-1,,,,,2026-06-28,2026,하반기,2026-09-11,1,
TSK-000647,작성중,SD04-1,,,,,,,2026-06-29,2026,상반기,2026-09-12,0,미이행
TSK-000648,제출,SD04-1,2026-09-08,SD04-1,,,,,2026-06-30,2026,하반기,2026-09-13,1,
TSK-000649,작성중,SD04-1,,,,,,,2026-07-01,2026,상반기,2026-09-14,0,미이행
TSK-000650,작성중,SD04-1,,,,,,,2026-07-02,2026,하반기,2026-08-21,0,미이행
TSK-000651,승인,SD04-1,2026-09-01,SD04-1,2026-09-11,SD02-1,,,2026-07-03,2026,상반기,2026-08-22,1,이행완료
TSK-000652,반려,SD04-1,2026-09-02,SD04-1,,,2026-09-14,증빙 사진에 일자 표기가 없음,2026-07-04,2026,하반기,2026-08-23,0,보완필요
TSK-000653,작성중,SD04-1,,,,,,,2026-07-05,2026,상반기,2026-08-24,0,미이행
TSK-000654,제출,SD04-1,2026-09-04,SD04-1,,,,,2026-07-06,2026,하반기,2026-08-25,1,
TSK-000655,작성중,SD04-1,,,,,,,2026-07-07,2026,상반기,2026-08-26,0,
TSK-000656,제출,SD04-1,2026-09-06,SD04-1,,,,,2026-07-08,2026,하반기,2026-08-27,1,
TSK-000657,작성중,SD04-1,,,,,,,2026-07-09,2026,상반기,2026-08-28,0,
TSK-000658,작성중,SD04-1,,,,,,,2026-07-10,2026,하반기,2026-08-29,0,
TSK-000659,승인,SD04-1,2026-09-09,SD04-1,2026-09-11,SD02-1,,,2026-07-11,2026,상반기,2026-08-30,1,이행완료
TSK-000660,반려,SD04-1,2026-08-31,SD04-1,,,2026-09-10,증빙 사진에 일자 표기가 없음,2026-07-12,2026,하반기,2026-08-31,0,보완필요
TSK-000661,작성중,SD04-1,,,,,,,2026-07-13,2026,상반기,2026-09-01,0,미이행
TSK-000662,제출,SD04-1,2026-09-02,SD04-1,,,,,2026-07-14,2026,하반기,2026-09-02,1,
TSK-000663,작성중,SD04-1,,,,,,,2026-07-15,2026,상반기,2026-09-03,0,
TSK-000664,제출,SD04-1,2026-09-04,SD04-1,,,,,2026-07-16,2026,하반기,2026-09-04,1,
TSK-000665,작성중,SD04-1,,,,,,,2026-07-17,2026,상반기,2026-09-05,0,
TSK-000666,작성중,SD04-1,,,,,,,2026-07-18,2026,하반기,2026-09-06,0,
TSK-000667,승인,SD04-1,2026-09-07,SD04-1,2026-09-11,SD02-1,,,2026-07-19,2026,상반기,2026-09-07,1,이행완료
TSK-000668,반려,SD04-1,2026-09-08,SD04-1,,,2026-09-12,증빙 사진에 일자 표기가 없음,2026-07-20,2026,하반기,2026-09-08,0,보완필요
TSK-000669,작성중,SD04-1,,,,,,,2026-07-21,2026,상반기,2026-09-09,0,미이행
TSK-000670,제출,SD04-1,2026-08-31,SD04-1,,,,,2026-07-22,2026,하반기,2026-09-10,1,
TSK-000671,작성중,SD04-1,,,,,,,2026-07-23,2026,상반기,2026-09-11,0,미이행
TSK-000672,제출,SD04-1,2026-09-02,SD04-1,,,,,2026-07-24,2026,하반기,2026-09-12,1,
TSK-000673,작성중,SD04-1,,,,,,,2026-07-25,2026,상반기,2026-09-13,0,
TSK-000674,작성중,SD04-1,,,,,,,2026-07-26,2026,하반기,2026-09-14,0,
TSK-000675,승인,SD04-1,2026-09-05,SD04-1,2026-09-11,SD02-1,,,2026-07-27,2026,상반기,2026-08-21,1,이행완료
TSK-000676,반려,SD04-1,2026-09-06,SD04-1,,,2026-09-14,증빙 사진에 일자 표기가 없음,2026-07-28,2026,하반기,2026-08-22,0,보완필요
TSK-000677,작성중,SD04-1,,,,,,,2026-07-29,2026,상반기,2026-08-23,0,미이행
TSK-000678,제출,SD04-1,2026-09-08,SD04-1,,,,,2026-07-30,2026,하반기,2026-08-24,1,
TSK-000679,작성중,SD04-1,,,,,,,2026-07-31,2026,상반기,2026-08-25,0,
TSK-000680,제출,SD09-1,2026-08-31,SD09-1,,,,,2026-06-22,2026,하반기,2026-08-26,1,
TSK-000681,작성중,SD09-1,,,,,,,2026-06-23,2026,상반기,2026-08-27,0,
TSK-000682,작성중,SD09-1,,,,,,,2026-06-24,2026,하반기,2026-08-28,0,
TSK-000683,승인,SD09-1,2026-09-03,SD09-1,2026-09-11,SD02-1,,,2026-06-25,2026,상반기,2026-08-29,1,이행완료
TSK-000684,반려,SD02-1,2026-09-04,SD02-1,,,2026-09-10,증빙 사진에 일자 표기가 없음,2026-06-26,2026,하반기,2026-08-30,0,보완필요
TSK-000685,작성중,SD02-1,,,,,,,2026-06-27,2026,상반기,2026-08-31,0,미이행
TSK-000686,제출,SD02-1,2026-09-06,SD02-1,,,,,2026-06-28,2026,하반기,2026-09-01,1,
TSK-000687,작성중,SD02-1,,,,,,,2026-06-29,2026,상반기,2026-09-02,0,
TSK-000688,제출,SD02-1,2026-09-08,SD02-1,,,,,2026-06-30,2026,하반기,2026-09-03,1,
TSK-000689,작성중,SD02-1,,,,,,,2026-07-01,2026,상반기,2026-09-04,0,
TSK-000690,작성중,SD02-1,,,,,,,2026-07-02,2026,하반기,2026-09-05,0,
TSK-000691,승인,SD02-1,2026-09-01,SD02-1,2026-09-11,SD02-1,,,2026-07-03,2026,상반기,2026-09-06,1,이행완료
TSK-000692,반려,SD02-1,2026-09-02,SD02-1,,,2026-09-12,증빙 사진에 일자 표기가 없음,2026-07-04,2026,하반기,2026-09-07,0,보완필요
TSK-000693,작성중,SD02-1,,,,,,,2026-07-05,2026,상반기,2026-09-08,0,미이행
TSK-000694,제출,SD02-1,2026-09-04,SD02-1,,,,,2026-07-06,2026,하반기,2026-09-09,1,
TSK-000695,작성중,SD02-1,,,,,,,2026-07-07,2026,상반기,2026-09-10,0,미이행
TSK-000696,제출,SD02-1,2026-09-06,SD02-1,,,,,2026-07-08,2026,하반기,2026-09-11,1,
TSK-000697,작성중,SD02-1,,,,,,,2026-07-09,2026,상반기,2026-09-12,0,미이행
TSK-000698,작성중,SD02-1,,,,,,,2026-07-10,2026,하반기,2026-09-13,0,미이행
TSK-000699,승인,SD02-1,2026-09-09,SD02-1,2026-09-11,SD02-1,,,2026-07-11,2026,상반기,2026-09-14,1,이행완료
TSK-000700,반려,SD02-1,2026-08-31,SD02-1,,,2026-09-14,증빙 사진에 일자 표기가 없음,2026-07-12,2026,하반기,2026-08-21,0,보완필요
TSK-000701,작성중,SD02-1,,,,,,,2026-07-13,2026,상반기,2026-08-22,0,미이행
TSK-000702,제출,SD02-1,2026-09-02,SD02-1,,,,,2026-07-14,2026,하반기,2026-08-23,1,
TSK-000703,작성중,SD02-1,,,,,,,2026-07-15,2026,상반기,2026-08-24,0,
TSK-000704,제출,SD02-1,2026-09-04,SD02-1,,,,,2026-07-16,2026,하반기,2026-08-25,1,
TSK-000705,작성중,SD02-1,,,,,,,2026-07-17,2026,상반기,2026-08-26,0,
TSK-000706,작성중,SD02-1,,,,,,,2026-07-18,2026,하반기,2026-08-27,0,
TSK-000707,승인,SD02-1,2026-09-07,SD02-1,2026-09-11,SD02-1,,,2026-07-19,2026,상반기,2026-08-28,1,이행완료
TSK-000708,반려,SD02-1,2026-09-08,SD02-1,,,2026-09-10,증빙 사진에 일자 표기가 없음,2026-07-20,2026,하반기,2026-08-29,0,보완필요
TSK-000709,작성중,SD02-1,,,,,,,2026-07-21,2026,상반기,2026-08-30,0,미이행
TSK-000710,제출,SD02-1,2026-08-31,SD02-1,,,,,2026-07-22,2026,하반기,2026-08-31,1,
TSK-000711,작성중,SD02-1,,,,,,,2026-07-23,2026,상반기,2026-09-01,0,
TSK-000712,제출,SD02-1,2026-09-02,SD02-1,,,,,2026-07-24,2026,하반기,2026-09-02,1,
TSK-000713,작성중,SD02-1,,,,,,,2026-07-25,2026,상반기,2026-09-03,0,
TSK-000714,작성중,SD02-1,,,,,,,2026-07-26,2026,하반기,2026-09-04,0,
TSK-000715,승인,SD02-1,2026-09-05,SD02-1,2026-09-11,SD02-1,,,2026-07-27,2026,상반기,2026-09-05,1,이행완료
TSK-000716,반려,SD02-1,2026-09-06,SD02-1,,,2026-09-12,증빙 사진에 일자 표기가 없음,2026-07-28,2026,하반기,2026-09-06,0,보완필요
TSK-000717,작성중,SD02-1,,,,,,,2026-07-29,2026,상반기,2026-09-07,0,미이행
TSK-000718,제출,SD02-1,2026-09-08,SD02-1,,,,,2026-07-30,2026,하반기,2026-09-08,1,
TSK-000719,작성중,SD02-1,,,,,,,2026-07-31,2026,상반기,2026-09-09,0,
TSK-000720,제출,SD02-1,2026-08-31,SD02-1,,,,,2026-06-22,2026,하반기,2026-09-10,1,
TSK-000721,작성중,SD02-1,,,,,,,2026-06-23,2026,상반기,2026-09-11,0,
TSK-000722,작성중,SD02-1,,,,,,,2026-06-24,2026,하반기,2026-09-12,0,
TSK-000723,승인,SD02-1,2026-09-03,SD02-1,2026-09-11,SD02-1,,,2026-06-25,2026,상반기,2026-09-13,1,이행완료
TSK-000724,반려,SD02-1,2026-09-04,SD02-1,,,2026-09-14,증빙 사진에 일자 표기가 없음,2026-06-26,2026,하반기,2026-09-14,0,보완필요
TSK-000725,작성중,SD02-1,,,,,,,2026-06-27,2026,상반기,2026-08-21,0,미이행
TSK-000726,제출,SD02-1,2026-09-06,SD02-1,,,,,2026-06-28,2026,하반기,2026-08-22,1,
TSK-000727,작성중,SD02-1,,,,,,,2026-06-29,2026,상반기,2026-08-23,0,미이행
TSK-000728,제출,SD02-1,2026-09-08,SD02-1,,,,,2026-06-30,2026,하반기,2026-08-24,1,
TSK-000729,작성중,SD02-1,,,,,,,2026-07-01,2026,상반기,2026-08-25,0,
TSK-000730,작성중,SD02-1,,,,,,,2026-07-02,2026,하반기,2026-08-26,0,
TSK-000731,승인,SD02-1,2026-09-01,SD02-1,2026-09-11,SD02-1,,,2026-07-03,2026,상반기,2026-08-27,1,이행완료
TSK-000732,반려,SD02-1,2026-09-02,SD02-1,,,2026-09-10,증빙 사진에 일자 표기가 없음,2026-07-04,2026,하반기,2026-08-28,0,보완필요
TSK-000733,작성중,SD02-1,,,,,,,2026-07-05,2026,상반기,2026-08-29,0,미이행
TSK-000734,제출,SD02-1,2026-09-04,SD02-1,,,,,2026-07-06,2026,하반기,2026-08-30,1,
TSK-000735,작성중,SD02-1,,,,,,,2026-07-07,2026,상반기,2026-08-31,0,
TSK-000736,제출,SD03-1,2026-09-06,SD03-1,,,,,2026-07-08,2026,하반기,2026-09-01,1,
TSK-000737,작성중,SD03-1,,,,,,,2026-07-09,2026,상반기,2026-09-02,0,
TSK-000738,작성중,SD03-1,,,,,,,2026-07-10,2026,하반기,2026-09-03,0,
TSK-000739,승인,SD03-1,2026-09-09,SD03-1,2026-09-11,SD02-1,,,2026-07-11,2026,상반기,2026-09-04,1,이행완료
TSK-000740,반려,SD03-1,2026-08-31,SD03-1,,,2026-09-12,증빙 사진에 일자 표기가 없음,2026-07-12,2026,하반기,2026-09-05,0,보완필요
TSK-000741,작성중,SD03-1,,,,,,,2026-07-13,2026,상반기,2026-09-06,0,미이행
TSK-000742,제출,SD03-1,2026-09-02,SD03-1,,,,,2026-07-14,2026,하반기,2026-09-07,1,
TSK-000743,작성중,SD03-1,,,,,,,2026-07-15,2026,상반기,2026-09-08,0,
TSK-000744,제출,SD09-1,2026-09-04,SD09-1,,,,,2026-07-16,2026,하반기,2026-09-09,1,
TSK-000745,작성중,SD09-1,,,,,,,2026-07-17,2026,상반기,2026-09-10,0,
TSK-000746,작성중,SD09-1,,,,,,,2026-07-18,2026,하반기,2026-09-11,0,미이행
TSK-000747,승인,SD09-1,2026-09-07,SD09-1,2026-09-11,SD02-1,,,2026-07-19,2026,상반기,2026-09-12,1,이행완료
TSK-000748,반려,SD02-1,2026-09-08,SD02-1,,,2026-09-14,증빙 사진에 일자 표기가 없음,2026-07-20,2026,하반기,2026-09-13,0,보완필요
TSK-000749,작성중,SD02-1,,,,,,,2026-07-21,2026,상반기,2026-09-14,0,미이행
TSK-000750,제출,SD02-1,2026-08-31,SD02-1,,,,,2026-07-22,2026,하반기,2026-08-21,1,
TSK-000751,작성중,SD02-1,,,,,,,2026-07-23,2026,상반기,2026-08-22,0,미이행
TSK-000752,제출,SD02-1,2026-09-02,SD02-1,,,,,2026-07-24,2026,하반기,2026-08-23,1,
TSK-000753,작성중,SD02-1,,,,,,,2026-07-25,2026,상반기,2026-08-24,0,미이행
TSK-000754,작성중,SD02-1,,,,,,,2026-07-26,2026,하반기,2026-08-25,0,미이행
TSK-000755,승인,SD02-1,2026-09-05,SD02-1,2026-09-11,SD02-1,,,2026-07-27,2026,상반기,2026-08-26,1,이행완료
TSK-000756,반려,SD02-1,2026-09-06,SD02-1,,,2026-09-10,증빙 사진에 일자 표기가 없음,2026-07-28,2026,하반기,2026-08-27,0,보완필요
TSK-000757,작성중,SD02-1,,,,,,,2026-07-29,2026,상반기,2026-08-28,0,미이행
TSK-000758,제출,SD02-1,2026-09-08,SD02-1,,,,,2026-07-30,2026,하반기,2026-08-29,1,
TSK-000759,작성중,SD02-1,,,,,,,2026-07-31,2026,상반기,2026-08-30,0,
TSK-000760,제출,SD02-1,2026-08-31,SD02-1,,,,,2026-06-22,2026,하반기,2026-08-31,1,
TSK-000761,작성중,SD02-1,,,,,,,2026-06-23,2026,상반기,2026-09-01,0,
TSK-000762,작성중,SD02-1,,,,,,,2026-06-24,2026,하반기,2026-09-02,0,
TSK-000763,승인,SD02-1,2026-09-03,SD02-1,2026-09-11,SD02-1,,,2026-06-25,2026,상반기,2026-09-03,1,이행완료
TSK-000764,반려,SD02-1,2026-09-04,SD02-1,,,2026-09-12,증빙 사진에 일자 표기가 없음,2026-06-26,2026,하반기,2026-09-04,0,보완필요
TSK-000765,작성중,SD02-1,,,,,,,2026-06-27,2026,상반기,2026-09-05,0,미이행
TSK-000766,제출,SD02-1,2026-09-06,SD02-1,,,,,2026-06-28,2026,하반기,2026-09-06,1,
TSK-000767,작성중,SD02-1,,,,,,,2026-06-29,2026,상반기,2026-09-07,0,
TSK-000768,제출,SD02-1,2026-09-08,SD02-1,,,,,2026-06-30,2026,하반기,2026-09-08,1,
TSK-000769,작성중,SD02-1,,,,,,,2026-07-01,2026,상반기,2026-09-09,0,
TSK-000770,작성중,SD02-1,,,,,,,2026-07-02,2026,하반기,2026-09-10,0,
TSK-000771,승인,SD02-1,2026-09-01,SD02-1,2026-09-11,SD02-1,,,2026-07-03,2026,상반기,2026-09-11,1,이행완료
TSK-000772,반려,SD02-1,2026-09-02,SD02-1,,,2026-09-14,증빙 사진에 일자 표기가 없음,2026-07-04,2026,하반기,2026-09-12,0,보완필요
TSK-000773,작성중,SD02-1,,,,,,,2026-07-05,2026,상반기,2026-09-13,0,미이행
TSK-000774,제출,SD02-1,2026-09-04,SD02-1,,,,,2026-07-06,2026,하반기,2026-09-14,1,
TSK-000775,작성중,SD02-1,,,,,,,2026-07-07,2026,상반기,2026-08-21,0,미이행
TSK-000776,제출,SD13-1,2026-09-06,SD13-1,,,,,2026-07-08,2026,하반기,2026-08-22,1,
TSK-000777,작성중,SD13-1,,,,,,,2026-07-09,2026,상반기,2026-08-23,0,미이행
TSK-000778,작성중,SD13-1,,,,,,,2026-07-10,2026,하반기,2026-08-24,0,미이행
TSK-000779,승인,SD13-1,2026-09-09,SD13-1,2026-09-11,SD02-1,,,2026-07-11,2026,상반기,2026-08-25,1,이행완료
TSK-000780,반려,SD13-1,2026-08-31,SD13-1,,,2026-09-10,증빙 사진에 일자 표기가 없음,2026-07-12,2026,하반기,2026-08-26,0,보완필요
TSK-000781,작성중,SD13-1,,,,,,,2026-07-13,2026,상반기,2026-08-27,0,미이행
TSK-000782,제출,SD13-1,2026-09-02,SD13-1,,,,,2026-07-14,2026,하반기,2026-08-28,1,
TSK-000783,작성중,SD13-1,,,,,,,2026-07-15,2026,상반기,2026-08-29,0,미이행
TSK-000784,제출,SD13-1,2026-09-04,SD13-1,,,,,2026-07-16,2026,하반기,2026-08-30,1,
TSK-000785,작성중,SD13-1,,,,,,,2026-07-17,2026,상반기,2026-08-31,0,
TSK-000786,작성중,SD13-1,,,,,,,2026-07-18,2026,하반기,2026-09-01,0,
TSK-000787,승인,SD13-1,2026-09-07,SD13-1,2026-09-11,SD02-1,,,2026-07-19,2026,상반기,2026-09-02,1,이행완료
TSK-000788,반려,SD13-1,2026-09-08,SD13-1,,,2026-09-12,증빙 사진에 일자 표기가 없음,2026-07-20,2026,하반기,2026-09-03,0,보완필요
TSK-000789,작성중,SD13-1,,,,,,,2026-07-21,2026,상반기,2026-09-04,0,미이행
TSK-000790,제출,SD13-1,2026-08-31,SD13-1,,,,,2026-07-22,2026,하반기,2026-09-05,1,
TSK-000791,작성중,SD13-1,,,,,,,2026-07-23,2026,상반기,2026-09-06,0,
TSK-000792,제출,SD13-1,2026-09-02,SD13-1,,,,,2026-07-24,2026,하반기,2026-09-07,1,
TSK-000793,작성중,SD13-1,,,,,,,2026-07-25,2026,상반기,2026-09-08,0,미이행
TSK-000794,작성중,SD13-1,,,,,,,2026-07-26,2026,하반기,2026-09-09,0,미이행
TSK-000795,승인,SD13-1,2026-09-05,SD13-1,2026-09-11,SD02-1,,,2026-07-27,2026,상반기,2026-09-10,1,이행완료
TSK-000796,반려,SD13-1,2026-09-06,SD13-1,,,2026-09-14,증빙 사진에 일자 표기가 없음,2026-07-28,2026,하반기,2026-09-11,0,보완필요
TSK-000797,작성중,SD13-1,,,,,,,2026-07-29,2026,상반기,2026-09-12,0,미이행
TSK-000798,제출,SD13-1,2026-09-08,SD13-1,,,,,2026-07-30,2026,하반기,2026-09-13,1,
TSK-000799,작성중,SD13-1,,,,,,,2026-07-31,2026,상반기,2026-09-14,0,미이행
TSK-000800,제출,SD13-1,2026-08-31,SD13-1,,,,,2026-06-22,2026,하반기,2026-08-21,1,
TSK-000801,작성중,SD13-1,,,,,,,2026-06-23,2026,상반기,2026-08-22,0,미이행
TSK-000802,작성중,SD13-1,,,,,,,2026-06-24,2026,하반기,2026-08-23,0,미이행
TSK-000803,승인,SD13-1,2026-09-03,SD13-1,2026-09-11,SD02-1,,,2026-06-25,2026,상반기,2026-08-24,1,이행완료
TSK-000804,반려,SD13-1,2026-09-04,SD13-1,,,2026-09-10,증빙 사진에 일자 표기가 없음,2026-06-26,2026,하반기,2026-08-25,0,보완필요
TSK-000805,작성중,SD13-1,,,,,,,2026-06-27,2026,상반기,2026-08-26,0,미이행
TSK-000806,제출,SD13-1,2026-09-06,SD13-1,,,,,2026-06-28,2026,하반기,2026-08-27,1,
TSK-000807,작성중,SD13-1,,,,,,,2026-06-29,2026,상반기,2026-08-28,0,
TSK-000808,제출,SD13-1,2026-09-08,SD13-1,,,,,2026-06-30,2026,하반기,2026-08-29,1,
TSK-000809,작성중,SD13-1,,,,,,,2026-07-01,2026,상반기,2026-08-30,0,
TSK-000810,작성중,SD13-1,,,,,,,2026-07-02,2026,하반기,2026-08-31,0,
TSK-000811,승인,SD13-1,2026-09-01,SD13-1,2026-09-11,SD02-1,,,2026-07-03,2026,상반기,2026-09-01,1,이행완료
TSK-000812,반려,SD13-1,2026-09-02,SD13-1,,,2026-09-12,증빙 사진에 일자 표기가 없음,2026-07-04,2026,하반기,2026-09-02,0,보완필요
TSK-000813,작성중,SD13-1,,,,,,,2026-07-05,2026,상반기,2026-09-03,0,미이행
TSK-000814,제출,SD13-1,2026-09-04,SD13-1,,,,,2026-07-06,2026,하반기,2026-09-04,1,
TSK-000815,작성중,SD13-1,,,,,,,2026-07-07,2026,상반기,2026-09-05,0,
TSK-000816,제출,SD13-1,2026-09-06,SD13-1,,,,,2026-07-08,2026,하반기,2026-09-06,1,
TSK-000817,작성중,SD13-1,,,,,,,2026-07-09,2026,상반기,2026-09-07,0,
TSK-000818,작성중,SD13-1,,,,,,,2026-07-10,2026,하반기,2026-09-08,0,
TSK-000819,승인,SD13-1,2026-09-09,SD13-1,2026-09-11,SD02-1,,,2026-07-11,2026,상반기,2026-09-09,1,이행완료
TSK-000820,반려,SD13-1,2026-08-31,SD13-1,,,2026-09-14,증빙 사진에 일자 표기가 없음,2026-07-12,2026,하반기,2026-09-10,0,보완필요
TSK-000821,작성중,SD13-1,,,,,,,2026-07-13,2026,상반기,2026-09-11,0,미이행
TSK-000822,제출,SD13-1,2026-09-02,SD13-1,,,,,2026-07-14,2026,하반기,2026-09-12,1,
TSK-000823,작성중,SD13-1,,,,,,,2026-07-15,2026,상반기,2026-09-13,0,미이행
TSK-000824,제출,SD13-1,2026-09-04,SD13-1,,,,,2026-07-16,2026,하반기,2026-09-14,1,
TSK-000825,작성중,SD13-1,,,,,,,2026-07-17,2026,상반기,2026-08-21,0,미이행
TSK-000826,작성중,SD13-1,,,,,,,2026-07-18,2026,하반기,2026-08-22,0,미이행
TSK-000827,승인,SD13-1,2026-09-07,SD13-1,2026-09-11,SD02-1,,,2026-07-19,2026,상반기,2026-08-23,1,이행완료
TSK-000828,반려,SD13-1,2026-09-08,SD13-1,,,2026-09-10,증빙 사진에 일자 표기가 없음,2026-07-20,2026,하반기,2026-08-24,0,보완필요
TSK-000829,작성중,SD13-1,,,,,,,2026-07-21,2026,상반기,2026-08-25,0,미이행
TSK-000830,제출,SD13-1,2026-08-31,SD13-1,,,,,2026-07-22,2026,하반기,2026-08-26,1,
TSK-000831,작성중,SD13-1,,,,,,,2026-07-23,2026,상반기,2026-08-27,0,미이행
TSK-000832,제출,SD13-1,2026-09-02,SD13-1,,,,,2026-07-24,2026,하반기,2026-08-28,1,
TSK-000833,작성중,SD13-1,,,,,,,2026-07-25,2026,상반기,2026-08-29,0,
TSK-000834,작성중,SD13-1,,,,,,,2026-07-26,2026,하반기,2026-08-30,0,
TSK-000835,승인,SD13-1,2026-09-05,SD13-1,2026-09-11,SD02-1,,,2026-07-27,2026,상반기,2026-08-31,1,이행완료
TSK-000836,반려,SD13-1,2026-09-06,SD13-1,,,2026-09-12,증빙 사진에 일자 표기가 없음,2026-07-28,2026,하반기,2026-09-01,0,보완필요
TSK-000837,작성중,SD13-1,,,,,,,2026-07-29,2026,상반기,2026-09-02,0,미이행
TSK-000838,제출,SD13-1,2026-09-08,SD13-1,,,,,2026-07-30,2026,하반기,2026-09-03,1,
TSK-000839,작성중,SD13-1,,,,,,,2026-07-31,2026,상반기,2026-09-04,0,
TSK-000840,제출,SD13-1,2026-08-31,SD13-1,,,,,2026-06-22,2026,하반기,2026-09-05,1,
TSK-000841,작성중,SD13-1,,,,,,,2026-06-23,2026,상반기,2026-09-06,0,
TSK-000842,작성중,SD09-1,,,,,,,2026-06-24,2026,하반기,2026-09-07,0,
TSK-000843,승인,SD09-1,2026-09-03,SD09-1,2026-09-11,SD02-1,,,2026-06-25,2026,상반기,2026-09-08,1,이행완료
TSK-000844,반려,SD09-1,2026-09-04,SD09-1,,,2026-09-14,증빙 사진에 일자 표기가 없음,2026-06-26,2026,하반기,2026-09-09,0,보완필요
TSK-000845,작성중,SD09-1,,,,,,,2026-06-27,2026,상반기,2026-09-10,0,미이행
TSK-000846,제출,SD09-1,2026-09-06,SD09-1,,,,,2026-06-28,2026,하반기,2026-09-11,1,
TSK-000847,작성중,SD09-1,,,,,,,2026-06-29,2026,상반기,2026-09-12,0,
TSK-000848,제출,SD09-1,2026-09-08,SD09-1,,,,,2026-06-30,2026,하반기,2026-09-13,1,
TSK-000849,작성중,SD09-1,,,,,,,2026-07-01,2026,상반기,2026-09-14,0,미이행
TSK-000850,작성중,SD09-1,,,,,,,2026-07-02,2026,하반기,2026-08-21,0,미이행
TSK-000851,승인,SD09-1,2026-09-01,SD09-1,2026-09-11,SD02-1,,,2026-07-03,2026,상반기,2026-08-22,1,이행완료
TSK-000852,반려,SD09-1,2026-09-02,SD09-1,,,2026-09-10,증빙 사진에 일자 표기가 없음,2026-07-04,2026,하반기,2026-08-23,0,보완필요
TSK-000853,작성중,SD09-1,,,,,,,2026-07-05,2026,상반기,2026-08-24,0,미이행
TSK-000854,제출,SD09-1,2026-09-04,SD09-1,,,,,2026-07-06,2026,하반기,2026-08-25,1,
TSK-000855,작성중,SD09-1,,,,,,,2026-07-07,2026,상반기,2026-08-26,0,미이행
TSK-000856,제출,SD09-1,2026-09-06,SD09-1,,,,,2026-07-08,2026,하반기,2026-08-27,1,
TSK-000857,작성중,SD09-1,,,,,,,2026-07-09,2026,상반기,2026-08-28,0,미이행
TSK-000858,작성중,SD09-1,,,,,,,2026-07-10,2026,하반기,2026-08-29,0,
TSK-000859,승인,SD09-1,2026-09-09,SD09-1,2026-09-11,SD02-1,,,2026-07-11,2026,상반기,2026-08-30,1,이행완료
TSK-000860,반려,SD09-1,2026-08-31,SD09-1,,,2026-09-12,증빙 사진에 일자 표기가 없음,2026-07-12,2026,하반기,2026-08-31,0,보완필요
TSK-000861,작성중,SD09-1,,,,,,,2026-07-13,2026,상반기,2026-09-01,0,미이행
TSK-000862,제출,SD03-1,2026-09-02,SD03-1,,,,,2026-07-14,2026,하반기,2026-09-02,1,
TSK-000863,작성중,SD03-1,,,,,,,2026-07-15,2026,상반기,2026-09-03,0,
TSK-000864,제출,SD03-1,2026-09-04,SD03-1,,,,,2026-07-16,2026,하반기,2026-09-04,1,
TSK-000865,작성중,SD03-1,,,,,,,2026-07-17,2026,상반기,2026-09-05,0,
TSK-000866,작성중,SD05-1,,,,,,,2026-07-18,2026,하반기,2026-09-06,0,
TSK-000867,승인,SD05-1,2026-09-07,SD05-1,2026-09-11,SD02-1,,,2026-07-19,2026,상반기,2026-09-07,1,이행완료
TSK-000868,반려,SD05-1,2026-09-08,SD05-1,,,2026-09-14,증빙 사진에 일자 표기가 없음,2026-07-20,2026,하반기,2026-09-08,0,보완필요
TSK-000869,작성중,SD05-1,,,,,,,2026-07-21,2026,상반기,2026-09-09,0,미이행
TSK-000870,제출,SD05-1,2026-08-31,SD05-1,,,,,2026-07-22,2026,하반기,2026-09-10,1,
TSK-000871,작성중,SD05-1,,,,,,,2026-07-23,2026,상반기,2026-09-11,0,
TSK-000872,제출,SD05-1,2026-09-02,SD05-1,,,,,2026-07-24,2026,하반기,2026-09-12,1,
TSK-000873,작성중,SD05-1,,,,,,,2026-07-25,2026,상반기,2026-09-13,0,
TSK-000874,작성중,SD05-1,,,,,,,2026-07-26,2026,하반기,2026-09-14,0,
TSK-000875,승인,SD05-1,2026-09-05,SD05-1,2026-09-11,SD02-1,,,2026-07-27,2026,상반기,2026-08-21,1,이행완료
TSK-000876,반려,SD05-1,2026-09-06,SD05-1,,,2026-09-10,증빙 사진에 일자 표기가 없음,2026-07-28,2026,하반기,2026-08-22,0,보완필요
TSK-000877,작성중,SD05-1,,,,,,,2026-07-29,2026,상반기,2026-08-23,0,미이행
TSK-000878,제출,SD05-1,2026-09-08,SD05-1,,,,,2026-07-30,2026,하반기,2026-08-24,1,
TSK-000879,작성중,SD05-1,,,,,,,2026-07-31,2026,상반기,2026-08-25,0,
TSK-000880,제출,SD05-1,2026-08-31,SD05-1,,,,,2026-06-22,2026,하반기,2026-08-26,1,
TSK-000881,작성중,SD05-1,,,,,,,2026-06-23,2026,상반기,2026-08-27,0,
TSK-000882,작성중,SD05-1,,,,,,,2026-06-24,2026,하반기,2026-08-28,0,
TSK-000883,승인,SD05-1,2026-09-03,SD05-1,2026-09-11,SD02-1,,,2026-06-25,2026,상반기,2026-08-29,1,이행완료
TSK-000884,반려,SD05-1,2026-09-04,SD05-1,,,2026-09-12,증빙 사진에 일자 표기가 없음,2026-06-26,2026,하반기,2026-08-30,0,보완필요
TSK-000885,작성중,SD05-1,,,,,,,2026-06-27,2026,상반기,2026-08-31,0,미이행
TSK-000886,제출,SD03-1,2026-09-06,SD03-1,,,,,2026-06-28,2026,하반기,2026-09-01,1,
TSK-000887,작성중,SD03-1,,,,,,,2026-06-29,2026,상반기,2026-09-02,0,미이행
TSK-000888,제출,SD03-1,2026-09-08,SD03-1,,,,,2026-06-30,2026,하반기,2026-09-03,1,
TSK-000889,작성중,SD03-1,,,,,,,2026-07-01,2026,상반기,2026-09-04,0,미이행
TSK-000890,작성중,SD03-1,,,,,,,2026-07-02,2026,하반기,2026-09-05,0,미이행
TSK-000891,승인,SD03-1,2026-09-01,SD03-1,2026-09-11,SD02-1,,,2026-07-03,2026,상반기,2026-09-06,1,이행완료
TSK-000892,반려,SD03-1,2026-09-02,SD03-1,,,2026-09-14,증빙 사진에 일자 표기가 없음,2026-07-04,2026,하반기,2026-09-07,0,보완필요
TSK-000893,작성중,SD03-1,,,,,,,2026-07-05,2026,상반기,2026-09-08,0,미이행
TSK-000894,제출,SD13-1,2026-09-04,SD13-1,,,,,2026-07-06,2026,하반기,2026-09-09,1,
TSK-000895,작성중,SD13-1,,,,,,,2026-07-07,2026,상반기,2026-09-10,0,미이행
TSK-000896,제출,SD13-1,2026-09-06,SD13-1,,,,,2026-07-08,2026,하반기,2026-09-11,1,
TSK-000897,작성중,SD13-1,,,,,,,2026-07-09,2026,상반기,2026-09-12,0,미이행
TSK-000898,작성중,SD03-1,,,,,,,2026-07-10,2026,하반기,2026-09-13,0,미이행
TSK-000899,승인,SD03-1,2026-09-09,SD03-1,2026-09-11,SD02-1,,,2026-07-11,2026,상반기,2026-09-14,1,이행완료
TSK-000900,반려,SD03-1,2026-08-31,SD03-1,,,2026-09-10,증빙 사진에 일자 표기가 없음,2026-07-12,2026,하반기,2026-08-21,0,보완필요
TSK-000901,작성중,SD03-1,,,,,,,2026-07-13,2026,상반기,2026-08-22,0,미이행
TSK-000902,제출,SD03-1,2026-09-02,SD03-1,,,,,2026-07-14,2026,하반기,2026-08-23,1,
TSK-000903,작성중,SD03-1,,,,,,,2026-07-15,2026,상반기,2026-08-24,0,미이행
TSK-000904,제출,SD03-1,2026-09-04,SD03-1,,,,,2026-07-16,2026,하반기,2026-08-25,1,
TSK-000905,작성중,SD03-1,,,,,,,2026-07-17,2026,상반기,2026-08-26,0,
TSK-000906,작성중,SD03-1,,,,,,,2026-07-18,2026,하반기,2026-08-27,0,
TSK-000907,승인,SD03-1,2026-09-07,SD03-1,2026-09-11,SD02-1,,,2026-07-19,2026,상반기,2026-08-28,1,이행완료
TSK-000908,반려,SD03-1,2026-09-08,SD03-1,,,2026-09-12,증빙 사진에 일자 표기가 없음,2026-07-20,2026,하반기,2026-08-29,0,보완필요
TSK-000909,작성중,SD03-1,,,,,,,2026-07-21,2026,상반기,2026-08-30,0,미이행
TSK-000910,제출,SD03-1,2026-08-31,SD03-1,,,,,2026-07-22,2026,하반기,2026-08-31,1,
TSK-000911,작성중,SD03-1,,,,,,,2026-07-23,2026,상반기,2026-09-01,0,
TSK-000912,제출,SD03-1,2026-09-02,SD03-1,,,,,2026-07-24,2026,하반기,2026-09-02,1,
TSK-000913,작성중,SD03-1,,,,,,,2026-07-25,2026,상반기,2026-09-03,0,
TSK-000914,작성중,SD03-1,,,,,,,2026-07-26,2026,하반기,2026-09-04,0,
TSK-000915,승인,SD03-1,2026-09-05,SD03-1,2026-09-11,SD02-1,,,2026-07-27,2026,상반기,2026-09-05,1,이행완료
TSK-000916,반려,SD03-1,2026-09-06,SD03-1,,,2026-09-14,증빙 사진에 일자 표기가 없음,2026-07-28,2026,하반기,2026-09-06,0,보완필요
TSK-000917,작성중,SD03-1,,,,,,,2026-07-29,2026,상반기,2026-09-07,0,미이행
TSK-000918,제출,SD03-1,2026-09-08,SD03-1,,,,,2026-07-30,2026,하반기,2026-09-08,1,
TSK-000919,작성중,SD03-1,,,,,,,2026-07-31,2026,상반기,2026-09-09,0,
TSK-000920,제출,SD03-1,2026-08-31,SD03-1,,,,,2026-06-22,2026,하반기,2026-09-10,1,
TSK-000921,작성중,SD03-1,,,,,,,2026-06-23,2026,상반기,2026-09-11,0,
TSK-000922,작성중,SD03-1,,,,,,,2026-06-24,2026,하반기,2026-09-12,0,
TSK-000923,승인,SD03-1,2026-09-03,SD03-1,2026-09-11,SD02-1,,,2026-06-25,2026,상반기,2026-09-13,1,이행완료
TSK-000924,반려,SD03-1,2026-09-04,SD03-1,,,2026-09-10,증빙 사진에 일자 표기가 없음,2026-06-26,2026,하반기,2026-09-14,0,보완필요
TSK-000925,작성중,SD03-1,,,,,,,2026-06-27,2026,상반기,2026-08-21,0,미이행
TSK-000926,제출,SD03-1,2026-09-06,SD03-1,,,,,2026-06-28,2026,하반기,2026-08-22,1,
TSK-000927,작성중,SD03-1,,,,,,,2026-06-29,2026,상반기,2026-08-23,0,
TSK-000928,제출,SD03-1,2026-09-08,SD03-1,,,,,2026-06-30,2026,하반기,2026-08-24,1,
TSK-000929,작성중,SD03-1,,,,,,,2026-07-01,2026,상반기,2026-08-25,0,
TSK-000930,작성중,SD03-1,,,,,,,2026-07-02,2026,하반기,2026-08-26,0,미이행
TSK-000931,승인,SD03-1,2026-09-01,SD03-1,2026-09-11,SD02-1,,,2026-07-03,2026,상반기,2026-08-27,1,이행완료
TSK-000932,반려,SD03-1,2026-09-02,SD03-1,,,2026-09-12,증빙 사진에 일자 표기가 없음,2026-07-04,2026,하반기,2026-08-28,0,보완필요
TSK-000933,작성중,SD03-1,,,,,,,2026-07-05,2026,상반기,2026-08-29,0,미이행
TSK-000934,제출,SD13-1,2026-09-04,SD13-1,,,,,2026-07-06,2026,하반기,2026-08-30,1,
TSK-000935,작성중,SD13-1,,,,,,,2026-07-07,2026,상반기,2026-08-31,0,
TSK-000936,제출,SD13-1,2026-09-06,SD13-1,,,,,2026-07-08,2026,하반기,2026-09-01,1,
TSK-000937,작성중,SD13-1,,,,,,,2026-07-09,2026,상반기,2026-09-02,0,
TSK-000938,작성중,SD13-1,,,,,,,2026-07-10,2026,하반기,2026-09-03,0,
TSK-000939,승인,SD13-1,2026-09-09,SD13-1,2026-09-11,SD02-1,,,2026-07-11,2026,상반기,2026-09-04,1,이행완료
TSK-000940,반려,SD13-1,2026-08-31,SD13-1,,,2026-09-14,증빙 사진에 일자 표기가 없음,2026-07-12,2026,하반기,2026-09-05,0,보완필요
TSK-000941,작성중,SD13-1,,,,,,,2026-07-13,2026,상반기,2026-09-06,0,미이행
TSK-000942,제출,SD13-1,2026-09-02,SD13-1,,,,,2026-07-14,2026,하반기,2026-09-07,1,
TSK-000943,작성중,SD13-1,,,,,,,2026-07-15,2026,상반기,2026-09-08,0,미이행
TSK-000944,제출,SD13-1,2026-09-04,SD13-1,,,,,2026-07-16,2026,하반기,2026-09-09,1,
TSK-000945,작성중,SD13-1,,,,,,,2026-07-17,2026,상반기,2026-09-10,0,미이행
TSK-000946,작성중,SD13-1,,,,,,,2026-07-18,2026,하반기,2026-09-11,0,미이행
TSK-000947,승인,SD13-1,2026-09-07,SD13-1,2026-09-11,SD02-1,,,2026-07-19,2026,상반기,2026-09-12,1,이행완료
TSK-000948,반려,SD13-1,2026-09-08,SD13-1,,,2026-09-10,증빙 사진에 일자 표기가 없음,2026-07-20,2026,하반기,2026-09-13,0,보완필요
TSK-000949,작성중,SD13-1,,,,,,,2026-07-21,2026,상반기,2026-09-14,0,미이행
TSK-000950,제출,SD03-1,2026-08-31,SD03-1,,,,,2026-07-22,2026,하반기,2026-08-21,1,
TSK-000951,작성중,SD03-1,,,,,,,2026-07-23,2026,상반기,2026-08-22,0,미이행
TSK-000952,제출,SD03-1,2026-09-02,SD03-1,,,,,2026-07-24,2026,하반기,2026-08-23,1,
TSK-000953,작성중,SD03-1,,,,,,,2026-07-25,2026,상반기,2026-08-24,0,미이행
TSK-000954,작성중,SD03-1,,,,,,,2026-07-26,2026,하반기,2026-08-25,0,미이행
TSK-000955,승인,SD03-1,2026-09-05,SD03-1,2026-09-11,SD02-1,,,2026-07-27,2026,상반기,2026-08-26,1,이행완료
TSK-000956,반려,SD03-1,2026-09-06,SD03-1,,,2026-09-12,증빙 사진에 일자 표기가 없음,2026-07-28,2026,하반기,2026-08-27,0,보완필요
TSK-000957,작성중,SD03-1,,,,,,,2026-07-29,2026,상반기,2026-08-28,0,미이행
TSK-000958,제출,SD03-1,2026-09-08,SD03-1,,,,,2026-07-30,2026,하반기,2026-08-29,1,
TSK-000959,작성중,SD03-1,,,,,,,2026-07-31,2026,상반기,2026-08-30,0,
TSK-000960,제출,SD03-1,2026-08-31,SD03-1,,,,,2026-06-22,2026,하반기,2026-08-31,1,
TSK-000961,작성중,SD03-1,,,,,,,2026-06-23,2026,상반기,2026-09-01,0,
TSK-000962,작성중,SD03-1,,,,,,,2026-06-24,2026,하반기,2026-09-02,0,
TSK-000963,승인,SD03-1,2026-09-03,SD03-1,2026-09-11,SD02-1,,,2026-06-25,2026,상반기,2026-09-03,1,이행완료
TSK-000964,반려,SD03-1,2026-09-04,SD03-1,,,2026-09-14,증빙 사진에 일자 표기가 없음,2026-06-26,2026,하반기,2026-09-04,0,보완필요
TSK-000965,작성중,SD03-1,,,,,,,2026-06-27,2026,상반기,2026-09-05,0,미이행
TSK-000966,제출,SD03-1,2026-09-06,SD03-1,,,,,2026-06-28,2026,하반기,2026-09-06,1,
TSK-000967,작성중,SD03-1,,,,,,,2026-06-29,2026,상반기,2026-09-07,0,
TSK-000968,제출,SD03-1,2026-09-08,SD03-1,,,,,2026-06-30,2026,하반기,2026-09-08,1,
TSK-000969,작성중,SD03-1,,,,,,,2026-07-01,2026,상반기,2026-09-09,0,
TSK-000970,작성중,SD03-1,,,,,,,2026-07-02,2026,하반기,2026-09-10,0,
TSK-000971,승인,SD03-1,2026-09-01,SD03-1,2026-09-11,SD02-1,,,2026-07-03,2026,상반기,2026-09-11,1,이행완료
TSK-000972,반려,SD03-1,2026-09-02,SD03-1,,,2026-09-10,증빙 사진에 일자 표기가 없음,2026-07-04,2026,하반기,2026-09-12,0,보완필요
TSK-000973,작성중,SD03-1,,,,,,,2026-07-05,2026,상반기,2026-09-13,0,미이행
TSK-000974,제출,SD03-1,2026-09-04,SD03-1,,,,,2026-07-06,2026,하반기,2026-09-14,1,
TSK-000975,작성중,SD03-1,,,,,,,2026-07-07,2026,상반기,2026-08-21,0,
TSK-000976,제출,SD03-1,2026-09-06,SD03-1,,,,,2026-07-08,2026,하반기,2026-08-22,1,
TSK-000977,작성중,SD03-1,,,,,,,2026-07-09,2026,상반기,2026-08-23,0,
TSK-000978,작성중,SD03-1,,,,,,,2026-07-10,2026,하반기,2026-08-24,0,
TSK-000979,승인,SD03-1,2026-09-09,SD03-1,2026-09-11,SD02-1,,,2026-07-11,2026,상반기,2026-08-25,1,이행완료
TSK-000980,반려,SD03-1,2026-08-31,SD03-1,,,2026-09-12,증빙 사진에 일자 표기가 없음,2026-07-12,2026,하반기,2026-08-26,0,보완필요
TSK-000981,작성중,SD03-1,,,,,,,2026-07-13,2026,상반기,2026-08-27,0,미이행
TSK-000982,제출,SD03-1,2026-09-02,SD03-1,,,,,2026-07-14,2026,하반기,2026-08-28,1,
TSK-000983,작성중,SD03-1,,,,,,,2026-07-15,2026,상반기,2026-08-29,0,
TSK-000984,제출,SD03-1,2026-09-04,SD03-1,,,,,2026-07-16,2026,하반기,2026-08-30,1,
TSK-000985,작성중,SD03-1,,,,,,,2026-07-17,2026,상반기,2026-08-31,0,
TSK-000986,작성중,SD03-1,,,,,,,2026-07-18,2026,하반기,2026-09-01,0,
TSK-000987,승인,SD03-1,2026-09-07,SD03-1,2026-09-11,SD02-1,,,2026-07-19,2026,상반기,2026-09-02,1,이행완료
TSK-000988,반려,SD03-1,2026-09-08,SD03-1,,,2026-09-14,증빙 사진에 일자 표기가 없음,2026-07-20,2026,하반기,2026-09-03,0,보완필요
TSK-000989,작성중,SD03-1,,,,,,,2026-07-21,2026,상반기,2026-09-04,0,미이행
TSK-000990,제출,SD03-1,2026-08-31,SD03-1,,,,,2026-07-22,2026,하반기,2026-09-05,1,
TSK-000991,작성중,SD03-1,,,,,,,2026-07-23,2026,상반기,2026-09-06,0,미이행
TSK-000992,제출,SD03-1,2026-09-02,SD03-1,,,,,2026-07-24,2026,하반기,2026-09-07,1,
TSK-000993,작성중,SD03-1,,,,,,,2026-07-25,2026,상반기,2026-09-08,0,미이행
TSK-000994,작성중,SD03-1,,,,,,,2026-07-26,2026,하반기,2026-09-09,0,미이행
TSK-000995,승인,SD03-1,2026-09-05,SD03-1,2026-09-11,SD02-1,,,2026-07-27,2026,상반기,2026-09-10,1,이행완료
TSK-000996,반려,SD03-1,2026-09-06,SD03-1,,,2026-09-10,증빙 사진에 일자 표기가 없음,2026-07-28,2026,하반기,2026-09-11,0,보완필요
TSK-000997,작성중,SD03-1,,,,,,,2026-07-29,2026,상반기,2026-09-12,0,미이행
TSK-000998,제출,SD03-1,2026-09-08,SD03-1,,,,,2026-07-30,2026,하반기,2026-09-13,1,
TSK-000999,작성중,SD03-1,,,,,,,2026-07-31,2026,상반기,2026-09-14,0,미이행
TSK-001000,제출,SD03-1,2026-08-31,SD03-1,,,,,2026-06-22,2026,하반기,2026-08-21,1,
TSK-001001,작성중,SD03-1,,,,,,,2026-06-23,2026,상반기,2026-08-22,0,미이행
TSK-001002,작성중,SD03-1,,,,,,,2026-06-24,2026,하반기,2026-08-23,0,미이행
TSK-001003,승인,SD03-1,2026-09-03,SD03-1,2026-09-11,SD02-1,,,2026-06-25,2026,상반기,2026-08-24,1,이행완료
TSK-001004,반려,SD03-1,2026-09-04,SD03-1,,,2026-09-12,증빙 사진에 일자 표기가 없음,2026-06-26,2026,하반기,2026-08-25,0,보완필요
TSK-001005,작성중,SD03-1,,,,,,,2026-06-27,2026,상반기,2026-08-26,0,미이행
TSK-001006,제출,SD03-1,2026-09-06,SD03-1,,,,,2026-06-28,2026,하반기,2026-08-27,1,
TSK-001007,작성중,SD03-1,,,,,,,2026-06-29,2026,상반기,2026-08-28,0,미이행
TSK-001008,제출,SD03-1,2026-09-08,SD03-1,,,,,2026-06-30,2026,하반기,2026-08-29,1,
TSK-001009,작성중,SD03-1,,,,,,,2026-07-01,2026,상반기,2026-08-30,0,
TSK-001010,작성중,SD04-1,,,,,,,2026-07-02,2026,하반기,2026-08-31,0,
TSK-001011,승인,SD04-1,2026-09-01,SD04-1,2026-09-11,SD02-1,,,2026-07-03,2026,상반기,2026-09-01,1,이행완료
TSK-001012,반려,SD04-1,2026-09-02,SD04-1,,,2026-09-14,증빙 사진에 일자 표기가 없음,2026-07-04,2026,하반기,2026-09-02,0,보완필요
TSK-001013,작성중,SD04-1,,,,,,,2026-07-05,2026,상반기,2026-09-03,0,미이행
TSK-001014,제출,SD04-1,2026-09-04,SD04-1,,,,,2026-07-06,2026,하반기,2026-09-04,1,
TSK-001015,작성중,SD04-1,,,,,,,2026-07-07,2026,상반기,2026-09-05,0,
TSK-001016,제출,SD04-1,2026-09-06,SD04-1,,,,,2026-07-08,2026,하반기,2026-09-06,1,
TSK-001017,작성중,SD04-1,,,,,,,2026-07-09,2026,상반기,2026-09-07,0,
TSK-001018,작성중,SD04-1,,,,,,,2026-07-10,2026,하반기,2026-09-08,0,
TSK-001019,승인,SD04-1,2026-09-09,SD04-1,2026-09-11,SD02-1,,,2026-07-11,2026,상반기,2026-09-09,1,이행완료
TSK-001020,반려,SD04-1,2026-08-31,SD04-1,,,2026-09-10,증빙 사진에 일자 표기가 없음,2026-07-12,2026,하반기,2026-09-10,0,보완필요
TSK-001021,작성중,SD04-1,,,,,,,2026-07-13,2026,상반기,2026-09-11,0,미이행
TSK-001022,제출,SD04-1,2026-09-02,SD04-1,,,,,2026-07-14,2026,하반기,2026-09-12,1,
TSK-001023,작성중,SD04-1,,,,,,,2026-07-15,2026,상반기,2026-09-13,0,
TSK-001024,제출,SD04-1,2026-09-04,SD04-1,,,,,2026-07-16,2026,하반기,2026-09-14,1,
TSK-001025,작성중,SD04-1,,,,,,,2026-07-17,2026,상반기,2026-08-21,0,
TSK-001026,작성중,SD04-1,,,,,,,2026-07-18,2026,하반기,2026-08-22,0,
TSK-001027,승인,SD04-1,2026-09-07,SD04-1,2026-09-11,SD02-1,,,2026-07-19,2026,상반기,2026-08-23,1,이행완료
TSK-001028,반려,SD04-1,2026-09-08,SD04-1,,,2026-09-12,증빙 사진에 일자 표기가 없음,2026-07-20,2026,하반기,2026-08-24,0,보완필요
TSK-001029,작성중,SD04-1,,,,,,,2026-07-21,2026,상반기,2026-08-25,0,미이행
TSK-001030,제출,SD04-1,2026-08-31,SD04-1,,,,,2026-07-22,2026,하반기,2026-08-26,1,
TSK-001031,작성중,SD04-1,,,,,,,2026-07-23,2026,상반기,2026-08-27,0,
TSK-001032,제출,SD04-1,2026-09-02,SD04-1,,,,,2026-07-24,2026,하반기,2026-08-28,1,
TSK-001033,작성중,SD04-1,,,,,,,2026-07-25,2026,상반기,2026-08-29,0,
TSK-001034,작성중,SD04-1,,,,,,,2026-07-26,2026,하반기,2026-08-30,0,
TSK-001035,승인,SD04-1,2026-09-05,SD04-1,2026-09-11,SD02-1,,,2026-07-27,2026,상반기,2026-08-31,1,이행완료
TSK-001036,반려,SD04-1,2026-09-06,SD04-1,,,2026-09-14,증빙 사진에 일자 표기가 없음,2026-07-28,2026,하반기,2026-09-01,0,보완필요
TSK-001037,작성중,SD04-1,,,,,,,2026-07-29,2026,상반기,2026-09-02,0,미이행
TSK-001038,제출,SD04-1,2026-09-08,SD04-1,,,,,2026-07-30,2026,하반기,2026-09-03,1,
TSK-001039,작성중,SD04-1,,,,,,,2026-07-31,2026,상반기,2026-09-04,0,
TSK-001040,제출,SD04-1,2026-08-31,SD04-1,,,,,2026-06-22,2026,하반기,2026-09-05,1,
TSK-001041,작성중,SD04-1,,,,,,,2026-06-23,2026,상반기,2026-09-06,0,
TSK-001042,작성중,SD04-1,,,,,,,2026-06-24,2026,하반기,2026-09-07,0,
TSK-001043,승인,SD04-1,2026-09-03,SD04-1,2026-09-11,SD02-1,,,2026-06-25,2026,상반기,2026-09-08,1,이행완료
TSK-001044,반려,SD04-1,2026-09-04,SD04-1,,,2026-09-10,증빙 사진에 일자 표기가 없음,2026-06-26,2026,하반기,2026-09-09,0,보완필요
TSK-001045,작성중,SD04-1,,,,,,,2026-06-27,2026,상반기,2026-09-10,0,미이행
TSK-001046,제출,SD04-1,2026-09-06,SD04-1,,,,,2026-06-28,2026,하반기,2026-09-11,1,
TSK-001047,작성중,SD04-1,,,,,,,2026-06-29,2026,상반기,2026-09-12,0,미이행
TSK-001048,제출,SD04-1,2026-09-08,SD04-1,,,,,2026-06-30,2026,하반기,2026-09-13,1,
TSK-001049,작성중,SD04-1,,,,,,,2026-07-01,2026,상반기,2026-09-14,0,미이행
TSK-001050,작성중,SD04-1,,,,,,,2026-07-02,2026,하반기,2026-08-21,0,미이행
TSK-001051,승인,SD04-1,2026-09-01,SD04-1,2026-09-11,SD02-1,,,2026-07-03,2026,상반기,2026-08-22,1,이행완료
TSK-001052,반려,SD04-1,2026-09-02,SD04-1,,,2026-09-12,증빙 사진에 일자 표기가 없음,2026-07-04,2026,하반기,2026-08-23,0,보완필요
TSK-001053,작성중,SD04-1,,,,,,,2026-07-05,2026,상반기,2026-08-24,0,미이행
TSK-001054,제출,SD04-1,2026-09-04,SD04-1,,,,,2026-07-06,2026,하반기,2026-08-25,1,
TSK-001055,작성중,SD04-1,,,,,,,2026-07-07,2026,상반기,2026-08-26,0,미이행
TSK-001056,제출,SD04-1,2026-09-06,SD04-1,,,,,2026-07-08,2026,하반기,2026-08-27,1,
TSK-001057,작성중,SD04-1,,,,,,,2026-07-09,2026,상반기,2026-08-28,0,미이행
TSK-001058,작성중,SD04-1,,,,,,,2026-07-10,2026,하반기,2026-08-29,0,미이행
TSK-001059,승인,SD04-1,2026-09-09,SD04-1,2026-09-11,SD02-1,,,2026-07-11,2026,상반기,2026-08-30,1,이행완료
TSK-001060,반려,SD04-1,2026-08-31,SD04-1,,,2026-09-14,증빙 사진에 일자 표기가 없음,2026-07-12,2026,하반기,2026-08-31,0,보완필요
TSK-001061,작성중,SD04-1,,,,,,,2026-07-13,2026,상반기,2026-09-01,0,미이행
TSK-001062,제출,SD02-1,2026-09-02,SD02-1,,,,,2026-07-14,2026,하반기,2026-09-02,1,
TSK-001063,작성중,SD02-1,,,,,,,2026-07-15,2026,상반기,2026-09-03,0,
TSK-001064,제출,SD02-1,2026-09-04,SD02-1,,,,,2026-07-16,2026,하반기,2026-09-04,1,
TSK-001065,작성중,SD02-1,,,,,,,2026-07-17,2026,상반기,2026-09-05,0,
TSK-001066,작성중,SD02-1,,,,,,,2026-07-18,2026,하반기,2026-09-06,0,
TSK-001067,승인,SD02-1,2026-09-07,SD02-1,2026-09-11,SD02-1,,,2026-07-19,2026,상반기,2026-09-07,1,이행완료
TSK-001068,반려,SD02-1,2026-09-08,SD02-1,,,2026-09-10,증빙 사진에 일자 표기가 없음,2026-07-20,2026,하반기,2026-09-08,0,보완필요
TSK-001069,작성중,SD02-1,,,,,,,2026-07-21,2026,상반기,2026-09-09,0,미이행
TSK-001070,제출,SD02-1,2026-08-31,SD02-1,,,,,2026-07-22,2026,하반기,2026-09-10,1,
TSK-001071,작성중,SD02-1,,,,,,,2026-07-23,2026,상반기,2026-09-11,0,
TSK-001072,제출,SD02-1,2026-09-02,SD02-1,,,,,2026-07-24,2026,하반기,2026-09-12,1,
TSK-001073,작성중,SD02-1,,,,,,,2026-07-25,2026,상반기,2026-09-13,0,
TSK-001074,작성중,SD02-1,,,,,,,2026-07-26,2026,하반기,2026-09-14,0,
TSK-001075,승인,SD02-1,2026-09-05,SD02-1,2026-09-11,SD02-1,,,2026-07-27,2026,상반기,2026-08-21,1,이행완료
TSK-001076,반려,SD02-1,2026-09-06,SD02-1,,,2026-09-12,증빙 사진에 일자 표기가 없음,2026-07-28,2026,하반기,2026-08-22,0,보완필요
TSK-001077,작성중,SD02-1,,,,,,,2026-07-29,2026,상반기,2026-08-23,0,미이행
TSK-001078,제출,SD02-1,2026-09-08,SD02-1,,,,,2026-07-30,2026,하반기,2026-08-24,1,
TSK-001079,작성중,SD02-1,,,,,,,2026-07-31,2026,상반기,2026-08-25,0,
TSK-001080,제출,SD02-1,2026-08-31,SD02-1,,,,,2026-06-22,2026,하반기,2026-08-26,1,
TSK-001081,작성중,SD02-1,,,,,,,2026-06-23,2026,상반기,2026-08-27,0,
TSK-001082,작성중,SD02-1,,,,,,,2026-06-24,2026,하반기,2026-08-28,0,
TSK-001083,승인,SD02-1,2026-09-03,SD02-1,2026-09-11,SD02-1,,,2026-06-25,2026,상반기,2026-08-29,1,이행완료
TSK-001084,반려,SD02-1,2026-09-04,SD02-1,,,2026-09-14,증빙 사진에 일자 표기가 없음,2026-06-26,2026,하반기,2026-08-30,0,보완필요
TSK-001085,작성중,SD02-1,,,,,,,2026-06-27,2026,상반기,2026-08-31,0,미이행
TSK-001086,제출,SD02-1,2026-09-06,SD02-1,,,,,2026-06-28,2026,하반기,2026-09-01,1,
TSK-001087,작성중,SD02-1,,,,,,,2026-06-29,2026,상반기,2026-09-02,0,미이행
TSK-001088,제출,SD02-1,2026-09-08,SD02-1,,,,,2026-06-30,2026,하반기,2026-09-03,1,
TSK-001089,작성중,SD02-1,,,,,,,2026-07-01,2026,상반기,2026-09-04,0,
TSK-001090,작성중,SD02-1,,,,,,,2026-07-02,2026,하반기,2026-09-05,0,
TSK-001091,승인,SD02-1,2026-09-01,SD02-1,2026-09-11,SD02-1,,,2026-07-03,2026,상반기,2026-09-06,1,이행완료
TSK-001092,반려,SD02-1,2026-09-02,SD02-1,,,2026-09-10,증빙 사진에 일자 표기가 없음,2026-07-04,2026,하반기,2026-09-07,0,보완필요
TSK-001093,작성중,SD02-1,,,,,,,2026-07-05,2026,상반기,2026-09-08,0,미이행
TSK-001094,제출,SD02-1,2026-09-04,SD02-1,,,,,2026-07-06,2026,하반기,2026-09-09,1,
TSK-001095,작성중,SD02-1,,,,,,,2026-07-07,2026,상반기,2026-09-10,0,
TSK-001096,제출,SD02-1,2026-09-06,SD02-1,,,,,2026-07-08,2026,하반기,2026-09-11,1,
TSK-001097,작성중,SD02-1,,,,,,,2026-07-09,2026,상반기,2026-09-12,0,
TSK-001098,작성중,SD02-1,,,,,,,2026-07-10,2026,하반기,2026-09-13,0,
TSK-001099,승인,SD02-1,2026-09-09,SD02-1,2026-09-11,SD02-1,,,2026-07-11,2026,상반기,2026-09-14,1,이행완료
TSK-001100,반려,SD02-1,2026-08-31,SD02-1,,,2026-09-12,증빙 사진에 일자 표기가 없음,2026-07-12,2026,하반기,2026-08-21,0,보완필요
TSK-001101,작성중,SD02-1,,,,,,,2026-07-13,2026,상반기,2026-08-22,0,미이행
TSK-001102,제출,SD02-1,2026-09-02,SD02-1,,,,,2026-07-14,2026,하반기,2026-08-23,1,
TSK-001103,작성중,SD02-1,,,,,,,2026-07-15,2026,상반기,2026-08-24,0,
TSK-001104,제출,SD02-1,2026-09-04,SD02-1,,,,,2026-07-16,2026,하반기,2026-08-25,1,
TSK-001105,작성중,SD02-1,,,,,,,2026-07-17,2026,상반기,2026-08-26,0,
TSK-001106,작성중,SD02-1,,,,,,,2026-07-18,2026,하반기,2026-08-27,0,미이행
TSK-001107,승인,SD02-1,2026-09-07,SD02-1,2026-09-11,SD02-1,,,2026-07-19,2026,상반기,2026-08-28,1,이행완료
TSK-001108,반려,SD02-1,2026-09-08,SD02-1,,,2026-09-14,증빙 사진에 일자 표기가 없음,2026-07-20,2026,하반기,2026-08-29,0,보완필요
TSK-001109,작성중,SD02-1,,,,,,,2026-07-21,2026,상반기,2026-08-30,0,미이행
TSK-001110,제출,SD02-1,2026-08-31,SD02-1,,,,,2026-07-22,2026,하반기,2026-08-31,1,
TSK-001111,작성중,SD02-1,,,,,,,2026-07-23,2026,상반기,2026-09-01,0,미이행
TSK-001112,제출,SD02-1,2026-09-02,SD02-1,,,,,2026-07-24,2026,하반기,2026-09-02,1,
TSK-001113,작성중,SD02-1,,,,,,,2026-07-25,2026,상반기,2026-09-03,0,미이행
TSK-001114,작성중,SD02-1,,,,,,,2026-07-26,2026,하반기,2026-09-04,0,미이행
TSK-001115,승인,SD02-1,2026-09-05,SD02-1,2026-09-11,SD02-1,,,2026-07-27,2026,상반기,2026-09-05,1,이행완료
TSK-001116,반려,SD02-1,2026-09-06,SD02-1,,,2026-09-10,증빙 사진에 일자 표기가 없음,2026-07-28,2026,하반기,2026-09-06,0,보완필요
TSK-001117,작성중,SD02-1,,,,,,,2026-07-29,2026,상반기,2026-09-07,0,미이행
TSK-001118,제출,SD02-1,2026-09-08,SD02-1,,,,,2026-07-30,2026,하반기,2026-09-08,1,
TSK-001119,작성중,SD02-1,,,,,,,2026-07-31,2026,상반기,2026-09-09,0,
TSK-001120,제출,SD02-1,2026-08-31,SD02-1,,,,,2026-06-22,2026,하반기,2026-09-10,1,
TSK-001121,작성중,SD02-1,,,,,,,2026-06-23,2026,상반기,2026-09-11,0,
TSK-001122,작성중,SD09-1,,,,,,,2026-06-24,2026,하반기,2026-09-12,0,
TSK-001123,승인,SD09-1,2026-09-03,SD09-1,2026-09-11,SD02-1,,,2026-06-25,2026,상반기,2026-09-13,1,이행완료
TSK-001124,반려,SD09-1,2026-09-04,SD09-1,,,2026-09-12,증빙 사진에 일자 표기가 없음,2026-06-26,2026,하반기,2026-09-14,0,보완필요
TSK-001125,작성중,SD09-1,,,,,,,2026-06-27,2026,상반기,2026-08-21,0,미이행
TSK-001126,제출,SD02-1,2026-09-06,SD02-1,,,,,2026-06-28,2026,하반기,2026-08-22,1,
TSK-001127,작성중,SD02-1,,,,,,,2026-06-29,2026,상반기,2026-08-23,0,
TSK-001128,제출,SD02-1,2026-09-08,SD02-1,,,,,2026-06-30,2026,하반기,2026-08-24,1,
TSK-001129,작성중,SD02-1,,,,,,,2026-07-01,2026,상반기,2026-08-25,0,
TSK-001130,작성중,SD02-1,,,,,,,2026-07-02,2026,하반기,2026-08-26,0,
TSK-001131,승인,SD02-1,2026-09-01,SD02-1,2026-09-11,SD02-1,,,2026-07-03,2026,상반기,2026-08-27,1,이행완료
TSK-001132,반려,SD02-1,2026-09-02,SD02-1,,,2026-09-14,증빙 사진에 일자 표기가 없음,2026-07-04,2026,하반기,2026-08-28,0,보완필요
TSK-001133,작성중,SD02-1,,,,,,,2026-07-05,2026,상반기,2026-08-29,0,미이행
TSK-001134,제출,SD02-1,2026-09-04,SD02-1,,,,,2026-07-06,2026,하반기,2026-08-30,1,
TSK-001135,작성중,SD02-1,,,,,,,2026-07-07,2026,상반기,2026-08-31,0,미이행
TSK-001136,제출,SD02-1,2026-09-06,SD02-1,,,,,2026-07-08,2026,하반기,2026-09-01,1,
TSK-001137,작성중,SD02-1,,,,,,,2026-07-09,2026,상반기,2026-09-02,0,미이행
TSK-001138,작성중,SD09-1,,,,,,,2026-07-10,2026,하반기,2026-09-03,0,미이행
TSK-001139,승인,SD09-1,2026-09-09,SD09-1,2026-09-11,SD02-1,,,2026-07-11,2026,상반기,2026-09-04,1,이행완료
TSK-001140,반려,SD09-1,2026-08-31,SD09-1,,,2026-09-10,증빙 사진에 일자 표기가 없음,2026-07-12,2026,하반기,2026-09-05,0,보완필요
TSK-001141,작성중,SD09-1,,,,,,,2026-07-13,2026,상반기,2026-09-06,0,미이행
TSK-001142,제출,SD02-1,2026-09-02,SD02-1,,,,,2026-07-14,2026,하반기,2026-09-07,1,
TSK-001143,작성중,SD02-1,,,,,,,2026-07-15,2026,상반기,2026-09-08,0,
TSK-001144,제출,SD02-1,2026-09-04,SD02-1,,,,,2026-07-16,2026,하반기,2026-09-09,1,
TSK-001145,작성중,SD02-1,,,,,,,2026-07-17,2026,상반기,2026-09-10,0,
TSK-001146,작성중,SD02-1,,,,,,,2026-07-18,2026,하반기,2026-09-11,0,
TSK-001147,승인,SD02-1,2026-09-07,SD02-1,2026-09-11,SD02-1,,,2026-07-19,2026,상반기,2026-09-12,1,이행완료
TSK-001148,반려,SD02-1,2026-09-08,SD02-1,,,2026-09-12,증빙 사진에 일자 표기가 없음,2026-07-20,2026,하반기,2026-09-13,0,보완필요
TSK-001149,작성중,SD02-1,,,,,,,2026-07-21,2026,상반기,2026-09-14,0,미이행
TSK-001150,제출,SD13-1,2026-08-31,SD13-1,,,,,2026-07-22,2026,하반기,2026-08-21,1,
TSK-001151,작성중,SD13-1,,,,,,,2026-07-23,2026,상반기,2026-08-22,0,미이행
TSK-001152,제출,SD13-1,2026-09-02,SD13-1,,,,,2026-07-24,2026,하반기,2026-08-23,1,
TSK-001153,작성중,SD13-1,,,,,,,2026-07-25,2026,상반기,2026-08-24,0,미이행
TSK-001154,작성중,SD13-1,,,,,,,2026-07-26,2026,하반기,2026-08-25,0,
TSK-001155,승인,SD13-1,2026-09-05,SD13-1,2026-09-11,SD02-1,,,2026-07-27,2026,상반기,2026-08-26,1,이행완료
TSK-001156,반려,SD13-1,2026-09-06,SD13-1,,,2026-09-14,증빙 사진에 일자 표기가 없음,2026-07-28,2026,하반기,2026-08-27,0,보완필요
TSK-001157,작성중,SD13-1,,,,,,,2026-07-29,2026,상반기,2026-08-28,0,미이행
TSK-001158,제출,SD13-1,2026-09-08,SD13-1,,,,,2026-07-30,2026,하반기,2026-08-29,1,
TSK-001159,작성중,SD13-1,,,,,,,2026-07-31,2026,상반기,2026-08-30,0,미이행
TSK-001160,제출,SD13-1,2026-08-31,SD13-1,,,,,2026-06-22,2026,하반기,2026-08-31,1,
TSK-001161,작성중,SD13-1,,,,,,,2026-06-23,2026,상반기,2026-09-01,0,미이행
TSK-001162,작성중,SD13-1,,,,,,,2026-06-24,2026,하반기,2026-09-02,0,미이행
TSK-001163,승인,SD13-1,2026-09-03,SD13-1,2026-09-11,SD02-1,,,2026-06-25,2026,상반기,2026-09-03,1,이행완료
TSK-001164,반려,SD13-1,2026-09-04,SD13-1,,,2026-09-10,증빙 사진에 일자 표기가 없음,2026-06-26,2026,하반기,2026-09-04,0,보완필요
TSK-001165,작성중,SD13-1,,,,,,,2026-06-27,2026,상반기,2026-09-05,0,미이행
TSK-001166,제출,SD13-1,2026-09-06,SD13-1,,,,,2026-06-28,2026,하반기,2026-09-06,1,
TSK-001167,작성중,SD13-1,,,,,,,2026-06-29,2026,상반기,2026-09-07,0,
TSK-001168,제출,SD13-1,2026-09-08,SD13-1,,,,,2026-06-30,2026,하반기,2026-09-08,1,
TSK-001169,작성중,SD13-1,,,,,,,2026-07-01,2026,상반기,2026-09-09,0,
TSK-001170,작성중,SD13-1,,,,,,,2026-07-02,2026,하반기,2026-09-10,0,
TSK-001171,승인,SD13-1,2026-09-01,SD13-1,2026-09-11,SD02-1,,,2026-07-03,2026,상반기,2026-09-11,1,이행완료
TSK-001172,반려,SD13-1,2026-09-02,SD13-1,,,2026-09-12,증빙 사진에 일자 표기가 없음,2026-07-04,2026,하반기,2026-09-12,0,보완필요
TSK-001173,작성중,SD13-1,,,,,,,2026-07-05,2026,상반기,2026-09-13,0,미이행
TSK-001174,제출,SD13-1,2026-09-04,SD13-1,,,,,2026-07-06,2026,하반기,2026-09-14,1,
TSK-001175,작성중,SD13-1,,,,,,,2026-07-07,2026,상반기,2026-08-21,0,
TSK-001176,제출,SD13-1,2026-09-06,SD13-1,,,,,2026-07-08,2026,하반기,2026-08-22,1,
TSK-001177,작성중,SD13-1,,,,,,,2026-07-09,2026,상반기,2026-08-23,0,
TSK-001178,작성중,SD13-1,,,,,,,2026-07-10,2026,하반기,2026-08-24,0,
TSK-001179,승인,SD13-1,2026-09-09,SD13-1,2026-09-11,SD02-1,,,2026-07-11,2026,상반기,2026-08-25,1,이행완료
TSK-001180,반려,SD13-1,2026-08-31,SD13-1,,,2026-09-14,증빙 사진에 일자 표기가 없음,2026-07-12,2026,하반기,2026-08-26,0,보완필요
TSK-001181,작성중,SD13-1,,,,,,,2026-07-13,2026,상반기,2026-08-27,0,미이행
TSK-001182,제출,SD13-1,2026-09-02,SD13-1,,,,,2026-07-14,2026,하반기,2026-08-28,1,
TSK-001183,작성중,SD13-1,,,,,,,2026-07-15,2026,상반기,2026-08-29,0,미이행
TSK-001184,제출,SD13-1,2026-09-04,SD13-1,,,,,2026-07-16,2026,하반기,2026-08-30,1,
TSK-001185,작성중,SD13-1,,,,,,,2026-07-17,2026,상반기,2026-08-31,0,
TSK-001186,작성중,SD13-1,,,,,,,2026-07-18,2026,하반기,2026-09-01,0,
TSK-001187,승인,SD13-1,2026-09-07,SD13-1,2026-09-11,SD02-1,,,2026-07-19,2026,상반기,2026-09-02,1,이행완료
TSK-001188,반려,SD13-1,2026-09-08,SD13-1,,,2026-09-10,증빙 사진에 일자 표기가 없음,2026-07-20,2026,하반기,2026-09-03,0,보완필요
TSK-001189,작성중,SD13-1,,,,,,,2026-07-21,2026,상반기,2026-09-04,0,미이행
TSK-001190,제출,SD13-1,2026-08-31,SD13-1,,,,,2026-07-22,2026,하반기,2026-09-05,1,
TSK-001191,작성중,SD13-1,,,,,,,2026-07-23,2026,상반기,2026-09-06,0,
TSK-001192,제출,SD13-1,2026-09-02,SD13-1,,,,,2026-07-24,2026,하반기,2026-09-07,1,
TSK-001193,작성중,SD13-1,,,,,,,2026-07-25,2026,상반기,2026-09-08,0,
TSK-001194,작성중,SD13-1,,,,,,,2026-07-26,2026,하반기,2026-09-09,0,
TSK-001195,승인,SD13-1,2026-09-05,SD13-1,2026-09-11,SD02-1,,,2026-07-27,2026,상반기,2026-09-10,1,이행완료
TSK-001196,반려,SD13-1,2026-09-06,SD13-1,,,2026-09-12,증빙 사진에 일자 표기가 없음,2026-07-28,2026,하반기,2026-09-11,0,보완필요
TSK-001197,작성중,SD13-1,,,,,,,2026-07-29,2026,상반기,2026-09-12,0,미이행
TSK-001198,제출,SD13-1,2026-09-08,SD13-1,,,,,2026-07-30,2026,하반기,2026-09-13,1,
TSK-001199,작성중,SD13-1,,,,,,,2026-07-31,2026,상반기,2026-09-14,0,
TSK-001200,제출,SD13-1,2026-08-31,SD13-1,,,,,2026-06-22,2026,하반기,2026-08-21,1,
TSK-001201,작성중,SD13-1,,,,,,,2026-06-23,2026,상반기,2026-08-22,0,
TSK-001202,작성중,SD13-1,,,,,,,2026-06-24,2026,하반기,2026-08-23,0,
TSK-001203,승인,SD13-1,2026-09-03,SD13-1,2026-09-11,SD02-1,,,2026-06-25,2026,상반기,2026-08-24,1,이행완료
TSK-001204,반려,SD13-1,2026-09-04,SD13-1,,,2026-09-14,증빙 사진에 일자 표기가 없음,2026-06-26,2026,하반기,2026-08-25,0,보완필요
TSK-001205,작성중,SD13-1,,,,,,,2026-06-27,2026,상반기,2026-08-26,0,미이행
TSK-001206,제출,SD13-1,2026-09-06,SD13-1,,,,,2026-06-28,2026,하반기,2026-08-27,1,
TSK-001207,작성중,SD13-1,,,,,,,2026-06-29,2026,상반기,2026-08-28,0,
TSK-001208,제출,SD13-1,2026-09-08,SD13-1,,,,,2026-06-30,2026,하반기,2026-08-29,1,
TSK-001209,작성중,SD05-1,,,,,,,2026-07-01,2026,상반기,2026-08-30,0,미이행
TSK-001210,작성중,SD05-1,,,,,,,2026-07-02,2026,하반기,2026-08-31,0,미이행
TSK-001211,승인,SD05-1,2026-09-01,SD05-1,2026-09-11,SD02-1,,,2026-07-03,2026,상반기,2026-09-01,1,이행완료
TSK-001212,반려,SD05-1,2026-09-02,SD05-1,,,2026-09-10,증빙 사진에 일자 표기가 없음,2026-07-04,2026,하반기,2026-09-02,0,보완필요
TSK-001213,작성중,SD05-1,,,,,,,2026-07-05,2026,상반기,2026-09-03,0,미이행
TSK-001214,제출,SD05-1,2026-09-04,SD05-1,,,,,2026-07-06,2026,하반기,2026-09-04,1,
TSK-001215,작성중,SD05-1,,,,,,,2026-07-07,2026,상반기,2026-09-05,0,미이행
TSK-001216,제출,SD05-1,2026-09-06,SD05-1,,,,,2026-07-08,2026,하반기,2026-09-06,1,
TSK-001217,작성중,SD05-1,,,,,,,2026-07-09,2026,상반기,2026-09-07,0,
TSK-001218,작성중,SD05-1,,,,,,,2026-07-10,2026,하반기,2026-09-08,0,
TSK-001219,승인,SD05-1,2026-09-09,SD05-1,2026-09-11,SD02-1,,,2026-07-11,2026,상반기,2026-09-09,1,이행완료
TSK-001220,반려,SD05-1,2026-08-31,SD05-1,,,2026-09-12,증빙 사진에 일자 표기가 없음,2026-07-12,2026,하반기,2026-09-10,0,보완필요
TSK-001221,작성중,SD05-1,,,,,,,2026-07-13,2026,상반기,2026-09-11,0,미이행
TSK-001222,제출,SD13-1,2026-09-02,SD13-1,,,,,2026-07-14,2026,하반기,2026-09-12,1,
TSK-001223,작성중,SD13-1,,,,,,,2026-07-15,2026,상반기,2026-09-13,0,
TSK-001224,제출,SD13-1,2026-09-04,SD13-1,,,,,2026-07-16,2026,하반기,2026-09-14,1,
TSK-001225,작성중,SD13-1,,,,,,,2026-07-17,2026,상반기,2026-08-21,0,
TSK-001226,작성중,SD13-1,,,,,,,2026-07-18,2026,하반기,2026-08-22,0,
TSK-001227,승인,SD13-1,2026-09-07,SD13-1,2026-09-11,SD02-1,,,2026-07-19,2026,상반기,2026-08-23,1,이행완료
TSK-001228,반려,SD13-1,2026-09-08,SD13-1,,,2026-09-14,증빙 사진에 일자 표기가 없음,2026-07-20,2026,하반기,2026-08-24,0,보완필요
TSK-001229,작성중,SD13-1,,,,,,,2026-07-21,2026,상반기,2026-08-25,0,미이행
TSK-001230,제출,SD03-1,2026-08-31,SD03-1,,,,,2026-07-22,2026,하반기,2026-08-26,1,
TSK-001231,작성중,SD03-1,,,,,,,2026-07-23,2026,상반기,2026-08-27,0,
TSK-001232,제출,SD03-1,2026-09-02,SD03-1,,,,,2026-07-24,2026,하반기,2026-08-28,1,
TSK-001233,작성중,SD03-1,,,,,,,2026-07-25,2026,상반기,2026-08-29,0,
TSK-001234,작성중,SD03-1,,,,,,,2026-07-26,2026,하반기,2026-08-30,0,
TSK-001235,승인,SD03-1,2026-09-05,SD03-1,2026-09-11,SD02-1,,,2026-07-27,2026,상반기,2026-08-31,1,이행완료
TSK-001236,반려,SD03-1,2026-09-06,SD03-1,,,2026-09-10,증빙 사진에 일자 표기가 없음,2026-07-28,2026,하반기,2026-09-01,0,보완필요
TSK-001237,작성중,SD03-1,,,,,,,2026-07-29,2026,상반기,2026-09-02,0,미이행
TSK-001238,제출,SD13-1,2026-09-08,SD13-1,,,,,2026-07-30,2026,하반기,2026-09-03,1,
TSK-001239,작성중,SD03-1,,,,,,,2026-07-31,2026,상반기,2026-09-04,0,미이행
TSK-001240,제출,SD03-1,2026-08-31,SD03-1,,,,,2026-06-22,2026,하반기,2026-09-05,1,
TSK-001241,작성중,SD03-1,,,,,,,2026-06-23,2026,상반기,2026-09-06,0,미이행
TSK-001242,작성중,SD03-1,,,,,,,2026-06-24,2026,하반기,2026-09-07,0,미이행
TSK-001243,승인,SD03-1,2026-09-03,SD03-1,2026-09-11,SD02-1,,,2026-06-25,2026,상반기,2026-09-08,1,이행완료
TSK-001244,반려,SD03-1,2026-09-04,SD03-1,,,2026-09-12,증빙 사진에 일자 표기가 없음,2026-06-26,2026,하반기,2026-09-09,0,보완필요
TSK-001245,작성중,SD03-1,,,,,,,2026-06-27,2026,상반기,2026-09-10,0,미이행
TSK-001246,제출,SD03-1,2026-09-06,SD03-1,,,,,2026-06-28,2026,하반기,2026-09-11,1,
TSK-001247,작성중,SD03-1,,,,,,,2026-06-29,2026,상반기,2026-09-12,0,
TSK-001248,제출,SD03-1,2026-09-08,SD03-1,,,,,2026-06-30,2026,하반기,2026-09-13,1,
TSK-001249,작성중,SD03-1,,,,,,,2026-07-01,2026,상반기,2026-09-14,0,
TSK-001250,작성중,SD03-1,,,,,,,2026-07-02,2026,하반기,2026-08-21,0,
TSK-001251,승인,SD09-1,2026-09-01,SD09-1,2026-09-11,SD02-1,,,2026-07-03,2026,상반기,2026-08-22,1,이행완료
TSK-001252,반려,SD09-1,2026-09-02,SD09-1,,,2026-09-14,증빙 사진에 일자 표기가 없음,2026-07-04,2026,하반기,2026-08-23,0,보완필요
TSK-001253,작성중,SD09-1,,,,,,,2026-07-05,2026,상반기,2026-08-24,0,미이행
TSK-001254,제출,SD09-1,2026-09-04,SD09-1,,,,,2026-07-06,2026,하반기,2026-08-25,1,
TSK-001255,작성중,SD09-1,,,,,,,2026-07-07,2026,상반기,2026-08-26,0,
TSK-001256,제출,SD09-1,2026-09-06,SD09-1,,,,,2026-07-08,2026,하반기,2026-08-27,1,
TSK-001257,작성중,SD09-1,,,,,,,2026-07-09,2026,상반기,2026-08-28,0,
TSK-001258,작성중,SD09-1,,,,,,,2026-07-10,2026,하반기,2026-08-29,0,
TSK-001259,승인,SD09-1,2026-09-09,SD09-1,2026-09-11,SD02-1,,,2026-07-11,2026,상반기,2026-08-30,1,이행완료
TSK-001260,반려,SD09-1,2026-08-31,SD09-1,,,2026-09-10,증빙 사진에 일자 표기가 없음,2026-07-12,2026,하반기,2026-08-31,0,보완필요
TSK-001261,작성중,SD09-1,,,,,,,2026-07-13,2026,상반기,2026-09-01,0,미이행
TSK-001262,제출,SD09-1,2026-09-02,SD09-1,,,,,2026-07-14,2026,하반기,2026-09-02,1,
TSK-001263,작성중,SD13-1,,,,,,,2026-07-15,2026,상반기,2026-09-03,0,미이행
TSK-001264,제출,SD13-1,2026-09-04,SD13-1,,,,,2026-07-16,2026,하반기,2026-09-04,1,
TSK-001265,작성중,SD13-1,,,,,,,2026-07-17,2026,상반기,2026-09-05,0,미이행
TSK-001266,작성중,SD03-1,,,,,,,2026-07-18,2026,하반기,2026-09-06,0,미이행
TSK-001267,승인,SD03-1,2026-09-07,SD03-1,2026-09-11,SD02-1,,,2026-07-19,2026,상반기,2026-09-07,1,이행완료
TSK-001268,반려,SD03-1,2026-09-08,SD03-1,,,2026-09-12,증빙 사진에 일자 표기가 없음,2026-07-20,2026,하반기,2026-09-08,0,보완필요
TSK-001269,작성중,SD03-1,,,,,,,2026-07-21,2026,상반기,2026-09-09,0,미이행
TSK-001270,제출,SD03-1,2026-08-31,SD03-1,,,,,2026-07-22,2026,하반기,2026-09-10,1,
TSK-001271,작성중,SD03-1,,,,,,,2026-07-23,2026,상반기,2026-09-11,0,
TSK-001272,제출,SD03-1,2026-09-02,SD03-1,,,,,2026-07-24,2026,하반기,2026-09-12,1,
TSK-001273,작성중,SD03-1,,,,,,,2026-07-25,2026,상반기,2026-09-13,0,
TSK-001274,작성중,SD03-1,,,,,,,2026-07-26,2026,하반기,2026-09-14,0,
TSK-001275,승인,SD03-1,2026-09-05,SD03-1,2026-09-11,SD02-1,,,2026-07-27,2026,상반기,2026-08-21,1,이행완료
TSK-001276,반려,SD03-1,2026-09-06,SD03-1,,,2026-09-14,증빙 사진에 일자 표기가 없음,2026-07-28,2026,하반기,2026-08-22,0,보완필요
TSK-001277,작성중,SD03-1,,,,,,,2026-07-29,2026,상반기,2026-08-23,0,미이행
TSK-001278,제출,SD03-1,2026-09-08,SD03-1,,,,,2026-07-30,2026,하반기,2026-08-24,1,
TSK-001279,작성중,SD03-1,,,,,,,2026-07-31,2026,상반기,2026-08-25,0,
TSK-001280,제출,SD03-1,2026-08-31,SD03-1,,,,,2026-06-22,2026,하반기,2026-08-26,1,
TSK-001281,작성중,SD03-1,,,,,,,2026-06-23,2026,상반기,2026-08-27,0,
TSK-001282,작성중,SD03-1,,,,,,,2026-06-24,2026,하반기,2026-08-28,0,
TSK-001283,승인,SD03-1,2026-09-03,SD03-1,2026-09-11,SD02-1,,,2026-06-25,2026,상반기,2026-08-29,1,이행완료
TSK-001284,반려,SD03-1,2026-09-04,SD03-1,,,2026-09-10,증빙 사진에 일자 표기가 없음,2026-06-26,2026,하반기,2026-08-30,0,보완필요
TSK-001285,작성중,SD03-1,,,,,,,2026-06-27,2026,상반기,2026-08-31,0,미이행
TSK-001286,제출,SD03-1,2026-09-06,SD03-1,,,,,2026-06-28,2026,하반기,2026-09-01,1,
TSK-001287,작성중,SD03-1,,,,,,,2026-06-29,2026,상반기,2026-09-02,0,미이행
TSK-001288,제출,SD03-1,2026-09-08,SD03-1,,,,,2026-06-30,2026,하반기,2026-09-03,1,
TSK-001289,작성중,SD03-1,,,,,,,2026-07-01,2026,상반기,2026-09-04,0,미이행
TSK-001290,작성중,SD03-1,,,,,,,2026-07-02,2026,하반기,2026-09-05,0,미이행
TSK-001291,승인,SD03-1,2026-09-01,SD03-1,2026-09-11,SD02-1,,,2026-07-03,2026,상반기,2026-09-06,1,이행완료
TSK-001292,반려,SD03-1,2026-09-02,SD03-1,,,2026-09-12,증빙 사진에 일자 표기가 없음,2026-07-04,2026,하반기,2026-09-07,0,보완필요
TSK-001293,작성중,SD03-1,,,,,,,2026-07-05,2026,상반기,2026-09-08,0,미이행
TSK-001294,제출,SD03-1,2026-09-04,SD03-1,,,,,2026-07-06,2026,하반기,2026-09-09,1,
TSK-001295,작성중,SD03-1,,,,,,,2026-07-07,2026,상반기,2026-09-10,0,
TSK-001296,제출,SD03-1,2026-09-06,SD03-1,,,,,2026-07-08,2026,하반기,2026-09-11,1,
TSK-001297,작성중,SD03-1,,,,,,,2026-07-09,2026,상반기,2026-09-12,0,
TSK-001298,작성중,SD03-1,,,,,,,2026-07-10,2026,하반기,2026-09-13,0,
TSK-001299,승인,SD03-1,2026-09-09,SD03-1,2026-09-11,SD02-1,,,2026-07-11,2026,상반기,2026-09-14,1,이행완료
TSK-001300,반려,SD03-1,2026-08-31,SD03-1,,,2026-09-14,증빙 사진에 일자 표기가 없음,2026-07-12,2026,하반기,2026-08-21,0,보완필요
TSK-001301,작성중,SD03-1,,,,,,,2026-07-13,2026,상반기,2026-08-22,0,미이행
TSK-001302,제출,SD03-1,2026-09-02,SD03-1,,,,,2026-07-14,2026,하반기,2026-08-23,1,
TSK-001303,작성중,SD03-1,,,,,,,2026-07-15,2026,상반기,2026-08-24,0,
TSK-001304,제출,SD03-1,2026-09-04,SD03-1,,,,,2026-07-16,2026,하반기,2026-08-25,1,
TSK-001305,작성중,SD03-1,,,,,,,2026-07-17,2026,상반기,2026-08-26,0,
TSK-001306,작성중,SD03-1,,,,,,,2026-07-18,2026,하반기,2026-08-27,0,
TSK-001307,승인,SD03-1,2026-09-07,SD03-1,2026-09-11,SD02-1,,,2026-07-19,2026,상반기,2026-08-28,1,이행완료
TSK-001308,반려,SD03-1,2026-09-08,SD03-1,,,2026-09-10,증빙 사진에 일자 표기가 없음,2026-07-20,2026,하반기,2026-08-29,0,보완필요
TSK-001309,작성중,SD03-1,,,,,,,2026-07-21,2026,상반기,2026-08-30,0,미이행
TSK-001310,제출,SD03-1,2026-08-31,SD03-1,,,,,2026-07-22,2026,하반기,2026-08-31,1,
TSK-001311,작성중,SD03-1,,,,,,,2026-07-23,2026,상반기,2026-09-01,0,
TSK-001312,제출,SD03-1,2026-09-02,SD03-1,,,,,2026-07-24,2026,하반기,2026-09-02,1,
TSK-001313,작성중,SD03-1,,,,,,,2026-07-25,2026,상반기,2026-09-03,0,미이행
TSK-001314,작성중,SD03-1,,,,,,,2026-07-26,2026,하반기,2026-09-04,0,미이행
TSK-001315,승인,SD03-1,2026-09-05,SD03-1,2026-09-11,SD02-1,,,2026-07-27,2026,상반기,2026-09-05,1,이행완료
TSK-001316,반려,SD03-1,2026-09-06,SD03-1,,,2026-09-12,증빙 사진에 일자 표기가 없음,2026-07-28,2026,하반기,2026-09-06,0,보완필요
TSK-001317,작성중,SD03-1,,,,,,,2026-07-29,2026,상반기,2026-09-07,0,미이행
TSK-001318,제출,SD04-1,2026-09-08,SD04-1,,,,,2026-07-30,2026,하반기,2026-09-08,1,
TSK-001319,작성중,SD04-1,,,,,,,2026-07-31,2026,상반기,2026-09-09,0,미이행
TSK-001320,제출,SD04-1,2026-08-31,SD04-1,,,,,2026-06-22,2026,하반기,2026-09-10,1,
TSK-001321,작성중,SD04-1,,,,,,,2026-06-23,2026,상반기,2026-09-11,0,
TSK-001322,작성중,SD03-1,,,,,,,2026-06-24,2026,하반기,2026-09-12,0,
TSK-001323,승인,SD03-1,2026-09-03,SD03-1,2026-09-11,SD02-1,,,2026-06-25,2026,상반기,2026-09-13,1,이행완료
TSK-001324,반려,SD03-1,2026-09-04,SD03-1,,,2026-09-14,증빙 사진에 일자 표기가 없음,2026-06-26,2026,하반기,2026-09-14,0,보완필요
TSK-001325,작성중,SD03-1,,,,,,,2026-06-27,2026,상반기,2026-08-21,0,미이행
TSK-001326,제출,SD03-1,2026-09-06,SD03-1,,,,,2026-06-28,2026,하반기,2026-08-22,1,
TSK-001327,작성중,SD03-1,,,,,,,2026-06-29,2026,상반기,2026-08-23,0,
TSK-001328,제출,SD03-1,2026-09-08,SD03-1,,,,,2026-06-30,2026,하반기,2026-08-24,1,
TSK-001329,작성중,SD03-1,,,,,,,2026-07-01,2026,상반기,2026-08-25,0,
TSK-001330,작성중,SD03-1,,,,,,,2026-07-02,2026,하반기,2026-08-26,0,
TSK-001331,승인,SD03-1,2026-09-01,SD03-1,2026-09-11,SD02-1,,,2026-07-03,2026,상반기,2026-08-27,1,이행완료
TSK-001332,반려,SD03-1,2026-09-02,SD03-1,,,2026-09-10,증빙 사진에 일자 표기가 없음,2026-07-04,2026,하반기,2026-08-28,0,보완필요
TSK-001333,작성중,SD03-1,,,,,,,2026-07-05,2026,상반기,2026-08-29,0,미이행
TSK-001334,제출,SD03-1,2026-09-04,SD03-1,,,,,2026-07-06,2026,하반기,2026-08-30,1,
TSK-001335,작성중,SD03-1,,,,,,,2026-07-07,2026,상반기,2026-08-31,0,
TSK-001336,제출,SD03-1,2026-09-06,SD03-1,,,,,2026-07-08,2026,하반기,2026-09-01,1,
TSK-001337,작성중,SD03-1,,,,,,,2026-07-09,2026,상반기,2026-09-02,0,
TSK-001338,작성중,SD03-1,,,,,,,2026-07-10,2026,하반기,2026-09-03,0,
TSK-001339,승인,SD03-1,2026-09-09,SD03-1,2026-09-11,SD02-1,,,2026-07-11,2026,상반기,2026-09-04,1,이행완료
TSK-001340,반려,SD03-1,2026-08-31,SD03-1,,,2026-09-12,증빙 사진에 일자 표기가 없음,2026-07-12,2026,하반기,2026-09-05,0,보완필요
TSK-001341,작성중,SD03-1,,,,,,,2026-07-13,2026,상반기,2026-09-06,0,미이행
TSK-001342,제출,SD03-1,2026-09-02,SD03-1,,,,,2026-07-14,2026,하반기,2026-09-07,1,
TSK-001343,작성중,SD03-1,,,,,,,2026-07-15,2026,상반기,2026-09-08,0,
TSK-001344,제출,SD03-1,2026-09-04,SD03-1,,,,,2026-07-16,2026,하반기,2026-09-09,1,
TSK-001345,작성중,SD03-1,,,,,,,2026-07-17,2026,상반기,2026-09-10,0,
TSK-001346,작성중,SD03-1,,,,,,,2026-07-18,2026,하반기,2026-09-11,0,
TSK-001347,승인,SD03-1,2026-09-07,SD03-1,2026-09-11,SD02-1,,,2026-07-19,2026,상반기,2026-09-12,1,이행완료
TSK-001348,반려,SD03-1,2026-09-08,SD03-1,,,2026-09-14,증빙 사진에 일자 표기가 없음,2026-07-20,2026,하반기,2026-09-13,0,보완필요
TSK-001349,작성중,SD03-1,,,,,,,2026-07-21,2026,상반기,2026-09-14,0,미이행
TSK-001350,제출,SD03-1,2026-08-31,SD03-1,,,,,2026-07-22,2026,하반기,2026-08-21,1,
TSK-001351,작성중,SD03-1,,,,,,,2026-07-23,2026,상반기,2026-08-22,0,
TSK-001352,제출,SD03-1,2026-09-02,SD03-1,,,,,2026-07-24,2026,하반기,2026-08-23,1,
TSK-001353,작성중,SD03-1,,,,,,,2026-07-25,2026,상반기,2026-08-24,0,
TSK-001354,작성중,SD03-1,,,,,,,2026-07-26,2026,하반기,2026-08-25,0,
TSK-001355,승인,SD03-1,2026-09-05,SD03-1,2026-09-11,SD02-1,,,2026-07-27,2026,상반기,2026-08-26,1,이행완료
TSK-001356,반려,SD03-1,2026-09-06,SD03-1,,,2026-09-10,증빙 사진에 일자 표기가 없음,2026-07-28,2026,하반기,2026-08-27,0,보완필요
TSK-001357,작성중,SD03-1,,,,,,,2026-07-29,2026,상반기,2026-08-28,0,미이행
TSK-001358,제출,SD03-1,2026-09-08,SD03-1,,,,,2026-07-30,2026,하반기,2026-08-29,1,
TSK-001359,작성중,SD03-1,,,,,,,2026-07-31,2026,상반기,2026-08-30,0,
TSK-001360,제출,SD03-1,2026-08-31,SD03-1,,,,,2026-06-22,2026,하반기,2026-08-31,1,
TSK-001361,작성중,SD03-1,,,,,,,2026-06-23,2026,상반기,2026-09-01,0,
TSK-001362,작성중,SD03-1,,,,,,,2026-06-24,2026,하반기,2026-09-02,0,
TSK-001363,승인,SD03-1,2026-09-03,SD03-1,2026-09-11,SD02-1,,,2026-06-25,2026,상반기,2026-09-03,1,이행완료
TSK-001364,반려,SD03-1,2026-09-04,SD03-1,,,2026-09-12,증빙 사진에 일자 표기가 없음,2026-06-26,2026,하반기,2026-09-04,0,보완필요
TSK-001365,작성중,SD03-1,,,,,,,2026-06-27,2026,상반기,2026-09-05,0,미이행
TSK-001366,제출,SD03-1,2026-09-06,SD03-1,,,,,2026-06-28,2026,하반기,2026-09-06,1,
TSK-001367,작성중,SD03-1,,,,,,,2026-06-29,2026,상반기,2026-09-07,0,미이행
TSK-001368,제출,SD03-1,2026-09-08,SD03-1,,,,,2026-06-30,2026,하반기,2026-09-08,1,
TSK-001369,작성중,SD03-1,,,,,,,2026-07-01,2026,상반기,2026-09-09,0,미이행
TSK-001370,작성중,SD03-1,,,,,,,2026-07-02,2026,하반기,2026-09-10,0,미이행
TSK-001371,승인,SD03-1,2026-09-01,SD03-1,2026-09-11,SD02-1,,,2026-07-03,2026,상반기,2026-09-11,1,이행완료
TSK-001372,반려,SD03-1,2026-09-02,SD03-1,,,2026-09-14,증빙 사진에 일자 표기가 없음,2026-07-04,2026,하반기,2026-09-12,0,보완필요
TSK-001373,작성중,SD03-1,,,,,,,2026-07-05,2026,상반기,2026-09-13,0,미이행
TSK-001374,제출,SD03-1,2026-09-04,SD03-1,,,,,2026-07-06,2026,하반기,2026-09-14,1,
TSK-001375,작성중,SD03-1,,,,,,,2026-07-07,2026,상반기,2026-08-21,0,
TSK-001376,제출,SD03-1,2026-09-06,SD03-1,,,,,2026-07-08,2026,하반기,2026-08-22,1,
TSK-001377,작성중,SD03-1,,,,,,,2026-07-09,2026,상반기,2026-08-23,0,
TSK-001378,작성중,SD03-1,,,,,,,2026-07-10,2026,하반기,2026-08-24,0,
TSK-001379,승인,SD03-1,2026-09-09,SD03-1,2026-09-11,SD02-1,,,2026-07-11,2026,상반기,2026-08-25,1,이행완료
TSK-001380,반려,SD03-1,2026-08-31,SD03-1,,,2026-09-10,증빙 사진에 일자 표기가 없음,2026-07-12,2026,하반기,2026-08-26,0,보완필요
TSK-001381,작성중,SD03-1,,,,,,,2026-07-13,2026,상반기,2026-08-27,0,미이행
TSK-001382,제출,SD03-1,2026-09-02,SD03-1,,,,,2026-07-14,2026,하반기,2026-08-28,1,
TSK-001383,작성중,SD03-1,,,,,,,2026-07-15,2026,상반기,2026-08-29,0,
TSK-001384,제출,SD03-1,2026-09-04,SD03-1,,,,,2026-07-16,2026,하반기,2026-08-30,1,
TSK-001385,작성중,SD03-1,,,,,,,2026-07-17,2026,상반기,2026-08-31,0,
TSK-001386,작성중,SD03-1,,,,,,,2026-07-18,2026,하반기,2026-09-01,0,
TSK-001387,승인,SD03-1,2026-09-07,SD03-1,2026-09-11,SD02-1,,,2026-07-19,2026,상반기,2026-09-02,1,이행완료
TSK-001388,반려,SD03-1,2026-09-08,SD03-1,,,2026-09-12,증빙 사진에 일자 표기가 없음,2026-07-20,2026,하반기,2026-09-03,0,보완필요
TSK-001389,작성중,SD03-1,,,,,,,2026-07-21,2026,상반기,2026-09-04,0,미이행
TSK-001390,제출,SD03-1,2026-08-31,SD03-1,,,,,2026-07-22,2026,하반기,2026-09-05,1,
TSK-001391,작성중,SD03-1,,,,,,,2026-07-23,2026,상반기,2026-09-06,0,
TSK-001392,제출,SD03-1,2026-09-02,SD03-1,,,,,2026-07-24,2026,하반기,2026-09-07,1,
TSK-001393,작성중,SD03-1,,,,,,,2026-07-25,2026,상반기,2026-09-08,0,
TSK-001394,작성중,SD03-1,,,,,,,2026-07-26,2026,하반기,2026-09-09,0,
TSK-001395,승인,SD03-1,2026-09-05,SD03-1,2026-09-11,SD02-1,,,2026-07-27,2026,상반기,2026-09-10,1,이행완료
TSK-001396,반려,SD03-1,2026-09-06,SD03-1,,,2026-09-14,증빙 사진에 일자 표기가 없음,2026-07-28,2026,하반기,2026-09-11,0,보완필요
TSK-001397,작성중,SD03-1,,,,,,,2026-07-29,2026,상반기,2026-09-12,0,미이행
TSK-001398,제출,SD03-1,2026-09-08,SD03-1,,,,,2026-07-30,2026,하반기,2026-09-13,1,
TSK-001399,작성중,SD03-1,,,,,,,2026-07-31,2026,상반기,2026-09-14,0,
TSK-001400,제출,SD03-1,2026-08-31,SD03-1,,,,,2026-06-22,2026,하반기,2026-08-21,1,
TSK-001401,작성중,SD03-1,,,,,,,2026-06-23,2026,상반기,2026-08-22,0,
TSK-001402,작성중,SD03-1,,,,,,,2026-06-24,2026,하반기,2026-08-23,0,
TSK-001403,승인,SD03-1,2026-09-03,SD03-1,2026-09-11,SD02-1,,,2026-06-25,2026,상반기,2026-08-24,1,이행완료
TSK-001404,반려,SD03-1,2026-09-04,SD03-1,,,2026-09-10,증빙 사진에 일자 표기가 없음,2026-06-26,2026,하반기,2026-08-25,0,보완필요
TSK-001405,작성중,SD03-1,,,,,,,2026-06-27,2026,상반기,2026-08-26,0,미이행
TSK-001406,제출,SD03-1,2026-09-06,SD03-1,,,,,2026-06-28,2026,하반기,2026-08-27,1,
TSK-001407,작성중,SD03-1,,,,,,,2026-06-29,2026,상반기,2026-08-28,0,
TSK-001408,제출,SD03-1,2026-09-08,SD03-1,,,,,2026-06-30,2026,하반기,2026-08-29,1,
TSK-001409,작성중,SD03-1,,,,,,,2026-07-01,2026,상반기,2026-08-30,0,
TSK-001410,작성중,SD03-1,,,,,,,2026-07-02,2026,하반기,2026-08-31,0,
TSK-001411,승인,SD03-1,2026-09-01,SD03-1,2026-09-11,SD02-1,,,2026-07-03,2026,상반기,2026-09-01,1,이행완료
TSK-001412,반려,SD03-1,2026-09-02,SD03-1,,,2026-09-12,증빙 사진에 일자 표기가 없음,2026-07-04,2026,하반기,2026-09-02,0,보완필요
TSK-001413,작성중,SD03-1,,,,,,,2026-07-05,2026,상반기,2026-09-03,0,미이행
TSK-001414,제출,SD03-1,2026-09-04,SD03-1,,,,,2026-07-06,2026,하반기,2026-09-04,1,
TSK-001415,작성중,SD03-1,,,,,,,2026-07-07,2026,상반기,2026-09-05,0,미이행
TSK-001416,제출,SD03-1,2026-09-06,SD03-1,,,,,2026-07-08,2026,하반기,2026-09-06,1,
TSK-001417,작성중,SD03-1,,,,,,,2026-07-09,2026,상반기,2026-09-07,0,미이행
TSK-001418,작성중,SD03-1,,,,,,,2026-07-10,2026,하반기,2026-09-08,0,미이행
TSK-001419,승인,SD03-1,2026-09-09,SD03-1,2026-09-11,SD02-1,,,2026-07-11,2026,상반기,2026-09-09,1,이행완료
TSK-001420,반려,SD03-1,2026-08-31,SD03-1,,,2026-09-14,증빙 사진에 일자 표기가 없음,2026-07-12,2026,하반기,2026-09-10,0,보완필요
TSK-001421,작성중,SD03-1,,,,,,,2026-07-13,2026,상반기,2026-09-11,0,미이행
TSK-001422,제출,SD03-1,2026-09-02,SD03-1,,,,,2026-07-14,2026,하반기,2026-09-12,1,
TSK-001423,작성중,SD03-1,,,,,,,2026-07-15,2026,상반기,2026-09-13,0,
TSK-001424,제출,SD03-1,2026-09-04,SD03-1,,,,,2026-07-16,2026,하반기,2026-09-14,1,
TSK-001425,작성중,SD03-1,,,,,,,2026-07-17,2026,상반기,2026-08-21,0,
TSK-001426,작성중,SD03-1,,,,,,,2026-07-18,2026,하반기,2026-08-22,0,
TSK-001427,승인,SD03-1,2026-09-07,SD03-1,2026-09-11,SD02-1,,,2026-07-19,2026,상반기,2026-08-23,1,이행완료
TSK-001428,반려,SD03-1,2026-09-08,SD03-1,,,2026-09-10,증빙 사진에 일자 표기가 없음,2026-07-20,2026,하반기,2026-08-24,0,보완필요
TSK-001429,작성중,SD03-1,,,,,,,2026-07-21,2026,상반기,2026-08-25,0,미이행
TSK-001430,제출,SD03-1,2026-08-31,SD03-1,,,,,2026-07-22,2026,하반기,2026-08-26,1,
TSK-001431,작성중,SD03-1,,,,,,,2026-07-23,2026,상반기,2026-08-27,0,
TSK-001432,제출,SD03-1,2026-09-02,SD03-1,,,,,2026-07-24,2026,하반기,2026-08-28,1,
TSK-001433,작성중,SD03-1,,,,,,,2026-07-25,2026,상반기,2026-08-29,0,
TSK-001434,작성중,SD03-1,,,,,,,2026-07-26,2026,하반기,2026-08-30,0,
TSK-001435,승인,SD03-1,2026-09-05,SD03-1,2026-09-11,SD02-1,,,2026-07-27,2026,상반기,2026-08-31,1,이행완료
TSK-001436,반려,SD03-1,2026-09-06,SD03-1,,,2026-09-12,증빙 사진에 일자 표기가 없음,2026-07-28,2026,하반기,2026-09-01,0,보완필요
TSK-001437,작성중,SD03-1,,,,,,,2026-07-29,2026,상반기,2026-09-02,0,미이행
TSK-001438,제출,SD04-1,2026-09-08,SD04-1,,,,,2026-07-30,2026,하반기,2026-09-03,1,
TSK-001439,작성중,SD04-1,,,,,,,2026-07-31,2026,상반기,2026-09-04,0,
TSK-001440,제출,SD04-1,2026-08-31,SD04-1,,,,,2026-06-22,2026,하반기,2026-09-05,1,
TSK-001441,작성중,SD04-1,,,,,,,2026-06-23,2026,상반기,2026-09-06,0,
TSK-001442,작성중,SD04-1,,,,,,,2026-06-24,2026,하반기,2026-09-07,0,미이행
TSK-001443,승인,SD04-1,2026-09-03,SD04-1,2026-09-11,SD02-1,,,2026-06-25,2026,상반기,2026-09-08,1,이행완료
TSK-001444,반려,SD04-1,2026-09-04,SD04-1,,,2026-09-14,증빙 사진에 일자 표기가 없음,2026-06-26,2026,하반기,2026-09-09,0,보완필요
TSK-001445,작성중,SD04-1,,,,,,,2026-06-27,2026,상반기,2026-09-10,0,미이행
TSK-001446,제출,SD04-1,2026-09-06,SD04-1,,,,,2026-06-28,2026,하반기,2026-09-11,1,
TSK-001447,작성중,SD04-1,,,,,,,2026-06-29,2026,상반기,2026-09-12,0,
TSK-001448,제출,SD04-1,2026-09-08,SD04-1,,,,,2026-06-30,2026,하반기,2026-09-13,1,
TSK-001449,작성중,SD04-1,,,,,,,2026-07-01,2026,상반기,2026-09-14,0,
TSK-001450,작성중,SD02-1,,,,,,,2026-07-02,2026,하반기,2026-08-21,0,
TSK-001451,승인,SD02-1,2026-09-01,SD02-1,2026-09-11,SD02-1,,,2026-07-03,2026,상반기,2026-08-22,1,이행완료
TSK-001452,반려,SD02-1,2026-09-02,SD02-1,,,2026-09-10,증빙 사진에 일자 표기가 없음,2026-07-04,2026,하반기,2026-08-23,0,보완필요
TSK-001453,작성중,SD02-1,,,,,,,2026-07-05,2026,상반기,2026-08-24,0,미이행
TSK-001454,제출,SD02-1,2026-09-04,SD02-1,,,,,2026-07-06,2026,하반기,2026-08-25,1,
TSK-001455,작성중,SD02-1,,,,,,,2026-07-07,2026,상반기,2026-08-26,0,
TSK-001456,제출,SD02-1,2026-09-06,SD02-1,,,,,2026-07-08,2026,하반기,2026-08-27,1,
TSK-001457,작성중,SD02-1,,,,,,,2026-07-09,2026,상반기,2026-08-28,0,
TSK-001458,작성중,SD02-1,,,,,,,2026-07-10,2026,하반기,2026-08-29,0,
TSK-001459,승인,SD02-1,2026-09-09,SD02-1,2026-09-11,SD02-1,,,2026-07-11,2026,상반기,2026-08-30,1,이행완료
TSK-001460,반려,SD02-1,2026-08-31,SD02-1,,,2026-09-12,증빙 사진에 일자 표기가 없음,2026-07-12,2026,하반기,2026-08-31,0,보완필요
TSK-001461,작성중,SD02-1,,,,,,,2026-07-13,2026,상반기,2026-09-01,0,미이행
TSK-001462,제출,SD05-1,2026-09-02,SD05-1,,,,,2026-07-14,2026,하반기,2026-09-02,1,
TSK-001463,작성중,SD02-1,,,,,,,2026-07-15,2026,상반기,2026-09-03,0,
TSK-001464,제출,SD02-1,2026-09-04,SD02-1,,,,,2026-07-16,2026,하반기,2026-09-04,1,
TSK-001465,작성중,SD02-1,,,,,,,2026-07-17,2026,상반기,2026-09-05,0,
TSK-001466,작성중,SD02-1,,,,,,,2026-07-18,2026,하반기,2026-09-06,0,미이행
TSK-001467,승인,SD13-1,2026-09-07,SD13-1,2026-09-11,SD02-1,,,2026-07-19,2026,상반기,2026-09-07,1,이행완료
TSK-001468,반려,SD13-1,2026-09-08,SD13-1,,,2026-09-14,증빙 사진에 일자 표기가 없음,2026-07-20,2026,하반기,2026-09-08,0,보완필요
TSK-001469,작성중,SD13-1,,,,,,,2026-07-21,2026,상반기,2026-09-09,0,미이행
TSK-001470,제출,SD13-1,2026-08-31,SD13-1,,,,,2026-07-22,2026,하반기,2026-09-10,1,
TSK-001471,작성중,SD13-1,,,,,,,2026-07-23,2026,상반기,2026-09-11,0,미이행
TSK-001472,제출,SD13-1,2026-09-02,SD13-1,,,,,2026-07-24,2026,하반기,2026-09-12,1,
TSK-001473,작성중,SD13-1,,,,,,,2026-07-25,2026,상반기,2026-09-13,0,미이행
TSK-001474,작성중,SD13-1,,,,,,,2026-07-26,2026,하반기,2026-09-14,0,미이행
TSK-001475,승인,SD13-1,2026-09-05,SD13-1,2026-09-11,SD02-1,,,2026-07-27,2026,상반기,2026-08-21,1,이행완료
TSK-001476,반려,SD13-1,2026-09-06,SD13-1,,,2026-09-10,증빙 사진에 일자 표기가 없음,2026-07-28,2026,하반기,2026-08-22,0,보완필요
TSK-001477,작성중,SD13-1,,,,,,,2026-07-29,2026,상반기,2026-08-23,0,미이행
TSK-001478,제출,SD13-1,2026-09-08,SD13-1,,,,,2026-07-30,2026,하반기,2026-08-24,1,
TSK-001479,작성중,SD13-1,,,,,,,2026-07-31,2026,상반기,2026-08-25,0,
TSK-001480,제출,SD13-1,2026-08-31,SD13-1,,,,,2026-06-22,2026,하반기,2026-08-26,1,
TSK-001481,작성중,SD13-1,,,,,,,2026-06-23,2026,상반기,2026-08-27,0,
TSK-001482,작성중,SD13-1,,,,,,,2026-06-24,2026,하반기,2026-08-28,0,
TSK-001483,승인,SD13-1,2026-09-03,SD13-1,2026-09-11,SD02-1,,,2026-06-25,2026,상반기,2026-08-29,1,이행완료
TSK-001484,반려,SD13-1,2026-09-04,SD13-1,,,2026-09-12,증빙 사진에 일자 표기가 없음,2026-06-26,2026,하반기,2026-08-30,0,보완필요
TSK-001485,작성중,SD13-1,,,,,,,2026-06-27,2026,상반기,2026-08-31,0,미이행
TSK-001486,제출,SD13-1,2026-09-06,SD13-1,,,,,2026-06-28,2026,하반기,2026-09-01,1,
TSK-001487,작성중,SD13-1,,,,,,,2026-06-29,2026,상반기,2026-09-02,0,
TSK-001488,제출,SD13-1,2026-09-08,SD13-1,,,,,2026-06-30,2026,하반기,2026-09-03,1,
TSK-001489,작성중,SD13-1,,,,,,,2026-07-01,2026,상반기,2026-09-04,0,
TSK-001490,작성중,SD13-1,,,,,,,2026-07-02,2026,하반기,2026-09-05,0,
TSK-001491,승인,SD13-1,2026-09-01,SD13-1,2026-09-11,SD02-1,,,2026-07-03,2026,상반기,2026-09-06,1,이행완료
TSK-001492,반려,SD13-1,2026-09-02,SD13-1,,,2026-09-14,증빙 사진에 일자 표기가 없음,2026-07-04,2026,하반기,2026-09-07,0,보완필요
TSK-001493,작성중,SD13-1,,,,,,,2026-07-05,2026,상반기,2026-09-08,0,미이행
TSK-001494,제출,SD13-1,2026-09-04,SD13-1,,,,,2026-07-06,2026,하반기,2026-09-09,1,
TSK-001495,작성중,SD13-1,,,,,,,2026-07-07,2026,상반기,2026-09-10,0,미이행
TSK-001496,제출,SD13-1,2026-09-06,SD13-1,,,,,2026-07-08,2026,하반기,2026-09-11,1,
TSK-001497,작성중,SD13-1,,,,,,,2026-07-09,2026,상반기,2026-09-12,0,미이행
TSK-001498,작성중,SD13-1,,,,,,,2026-07-10,2026,하반기,2026-09-13,0,미이행
TSK-001499,승인,SD13-1,2026-09-09,SD13-1,2026-09-11,SD02-1,,,2026-07-11,2026,상반기,2026-09-14,1,이행완료
TSK-001500,반려,SD13-1,2026-08-31,SD13-1,,,2026-09-10,증빙 사진에 일자 표기가 없음,2026-07-12,2026,하반기,2026-08-21,0,보완필요
TSK-001501,작성중,SD13-1,,,,,,,2026-07-13,2026,상반기,2026-08-22,0,미이행
TSK-001502,제출,SD13-1,2026-09-02,SD13-1,,,,,2026-07-14,2026,하반기,2026-08-23,1,
TSK-001503,작성중,SD13-1,,,,,,,2026-07-15,2026,상반기,2026-08-24,0,
TSK-001504,제출,SD13-1,2026-09-04,SD13-1,,,,,2026-07-16,2026,하반기,2026-08-25,1,
TSK-001505,작성중,SD13-1,,,,,,,2026-07-17,2026,상반기,2026-08-26,0,
TSK-001506,작성중,SD13-1,,,,,,,2026-07-18,2026,하반기,2026-08-27,0,
TSK-001507,승인,SD13-1,2026-09-07,SD13-1,2026-09-11,SD02-1,,,2026-07-19,2026,상반기,2026-08-28,1,이행완료
TSK-001508,반려,SD13-1,2026-09-08,SD13-1,,,2026-09-12,증빙 사진에 일자 표기가 없음,2026-07-20,2026,하반기,2026-08-29,0,보완필요
TSK-001509,작성중,SD13-1,,,,,,,2026-07-21,2026,상반기,2026-08-30,0,미이행
TSK-001510,제출,SD13-1,2026-08-31,SD13-1,,,,,2026-07-22,2026,하반기,2026-08-31,1,
TSK-001511,작성중,SD13-1,,,,,,,2026-07-23,2026,상반기,2026-09-01,0,
TSK-001512,제출,SD13-1,2026-09-02,SD13-1,,,,,2026-07-24,2026,하반기,2026-09-02,1,
TSK-001513,작성중,SD13-1,,,,,,,2026-07-25,2026,상반기,2026-09-03,0,
TSK-001514,작성중,SD13-1,,,,,,,2026-07-26,2026,하반기,2026-09-04,0,
TSK-001515,승인,SD13-1,2026-09-05,SD13-1,2026-09-11,SD02-1,,,2026-07-27,2026,상반기,2026-09-05,1,이행완료
TSK-001516,반려,SD13-1,2026-09-06,SD13-1,,,2026-09-14,증빙 사진에 일자 표기가 없음,2026-07-28,2026,하반기,2026-09-06,0,보완필요
TSK-001517,작성중,SD13-1,,,,,,,2026-07-29,2026,상반기,2026-09-07,0,미이행
TSK-001518,제출,SD05-1,2026-09-08,SD05-1,,,,,2026-07-30,2026,하반기,2026-09-08,1,
TSK-001519,작성중,SD05-1,,,,,,,2026-07-31,2026,상반기,2026-09-09,0,미이행
TSK-001520,제출,SD13-1,2026-08-31,SD13-1,,,,,2026-06-22,2026,하반기,2026-09-10,1,
TSK-001521,작성중,SD13-1,,,,,,,2026-06-23,2026,상반기,2026-09-11,0,미이행
TSK-001522,작성중,SD13-1,,,,,,,2026-06-24,2026,하반기,2026-09-12,0,미이행
TSK-001523,승인,SD13-1,2026-09-03,SD13-1,2026-09-11,SD02-1,,,2026-06-25,2026,상반기,2026-09-13,1,이행완료
TSK-001524,반려,SD04-1,2026-09-04,SD04-1,,,2026-09-10,증빙 사진에 일자 표기가 없음,2026-06-26,2026,하반기,2026-09-14,0,보완필요
TSK-001525,작성중,SD04-1,,,,,,,2026-06-27,2026,상반기,2026-08-21,0,미이행
TSK-001526,제출,SD04-1,2026-09-06,SD04-1,,,,,2026-06-28,2026,하반기,2026-08-22,1,
TSK-001527,작성중,SD04-1,,,,,,,2026-06-29,2026,상반기,2026-08-23,0,미이행
TSK-001528,제출,SD13-1,2026-09-08,SD13-1,,,,,2026-06-30,2026,하반기,2026-08-24,1,
TSK-001529,작성중,SD13-1,,,,,,,2026-07-01,2026,상반기,2026-08-25,0,미이행
TSK-001530,작성중,SD13-1,,,,,,,2026-07-02,2026,하반기,2026-08-26,0,
TSK-001531,승인,SD13-1,2026-09-01,SD13-1,2026-09-11,SD02-1,,,2026-07-03,2026,상반기,2026-08-27,1,이행완료
TSK-001532,반려,SD13-1,2026-09-02,SD13-1,,,2026-09-12,증빙 사진에 일자 표기가 없음,2026-07-04,2026,하반기,2026-08-28,0,보완필요
TSK-001533,작성중,SD13-1,,,,,,,2026-07-05,2026,상반기,2026-08-29,0,미이행
TSK-001534,제출,SD13-1,2026-09-04,SD13-1,,,,,2026-07-06,2026,하반기,2026-08-30,1,
TSK-001535,작성중,SD13-1,,,,,,,2026-07-07,2026,상반기,2026-08-31,0,
TSK-001536,제출,SD13-1,2026-09-06,SD13-1,,,,,2026-07-08,2026,하반기,2026-09-01,1,
TSK-001537,작성중,SD13-1,,,,,,,2026-07-09,2026,상반기,2026-09-02,0,
TSK-001538,작성중,SD13-1,,,,,,,2026-07-10,2026,하반기,2026-09-03,0,
TSK-001539,승인,SD13-1,2026-09-09,SD13-1,2026-09-11,SD02-1,,,2026-07-11,2026,상반기,2026-09-04,1,이행완료
TSK-001540,반려,SD13-1,2026-08-31,SD13-1,,,2026-09-14,증빙 사진에 일자 표기가 없음,2026-07-12,2026,하반기,2026-09-05,0,보완필요
TSK-001541,작성중,SD13-1,,,,,,,2026-07-13,2026,상반기,2026-09-06,0,미이행
TSK-001542,제출,SD13-1,2026-09-02,SD13-1,,,,,2026-07-14,2026,하반기,2026-09-07,1,
TSK-001543,작성중,SD13-1,,,,,,,2026-07-15,2026,상반기,2026-09-08,0,미이행
TSK-001544,제출,SD13-1,2026-09-04,SD13-1,,,,,2026-07-16,2026,하반기,2026-09-09,1,
TSK-001545,작성중,SD13-1,,,,,,,2026-07-17,2026,상반기,2026-09-10,0,미이행
TSK-001546,작성중,SD13-1,,,,,,,2026-07-18,2026,하반기,2026-09-11,0,미이행
TSK-001547,승인,SD13-1,2026-09-07,SD13-1,2026-09-11,SD02-1,,,2026-07-19,2026,상반기,2026-09-12,1,이행완료
TSK-001548,반려,SD13-1,2026-09-08,SD13-1,,,2026-09-10,증빙 사진에 일자 표기가 없음,2026-07-20,2026,하반기,2026-09-13,0,보완필요
TSK-001549,작성중,SD13-1,,,,,,,2026-07-21,2026,상반기,2026-09-14,0,미이행
TSK-001550,제출,SD13-1,2026-08-31,SD13-1,,,,,2026-07-22,2026,하반기,2026-08-21,1,
TSK-001551,작성중,SD13-1,,,,,,,2026-07-23,2026,상반기,2026-08-22,0,
TSK-001552,제출,SD13-1,2026-09-02,SD13-1,,,,,2026-07-24,2026,하반기,2026-08-23,1,
TSK-001553,작성중,SD13-1,,,,,,,2026-07-25,2026,상반기,2026-08-24,0,
TSK-001554,작성중,SD13-1,,,,,,,2026-07-26,2026,하반기,2026-08-25,0,
TSK-001555,승인,SD13-1,2026-09-05,SD13-1,2026-09-11,SD02-1,,,2026-07-27,2026,상반기,2026-08-26,1,이행완료
TSK-001556,반려,SD13-1,2026-09-06,SD13-1,,,2026-09-12,증빙 사진에 일자 표기가 없음,2026-07-28,2026,하반기,2026-08-27,0,보완필요
TSK-001557,작성중,SD13-1,,,,,,,2026-07-29,2026,상반기,2026-08-28,0,미이행
TSK-001558,제출,SD13-1,2026-09-08,SD13-1,,,,,2026-07-30,2026,하반기,2026-08-29,1,
TSK-001559,작성중,SD09-1,,,,,,,2026-07-31,2026,상반기,2026-08-30,0,
TSK-001560,제출,SD09-1,2026-08-31,SD09-1,,,,,2026-06-22,2026,하반기,2026-08-31,1,
TSK-001561,작성중,SD09-1,,,,,,,2026-06-23,2026,상반기,2026-09-01,0,
TSK-001562,작성중,SD09-1,,,,,,,2026-06-24,2026,하반기,2026-09-02,0,
TSK-001563,승인,SD09-1,2026-09-03,SD09-1,2026-09-11,SD02-1,,,2026-06-25,2026,상반기,2026-09-03,1,이행완료
TSK-001564,반려,SD09-1,2026-09-04,SD09-1,,,2026-09-14,증빙 사진에 일자 표기가 없음,2026-06-26,2026,하반기,2026-09-04,0,보완필요
TSK-001565,작성중,SD09-1,,,,,,,2026-06-27,2026,상반기,2026-09-05,0,미이행
TSK-001566,제출,SD09-1,2026-09-06,SD09-1,,,,,2026-06-28,2026,하반기,2026-09-06,1,
TSK-001567,작성중,SD09-1,,,,,,,2026-06-29,2026,상반기,2026-09-07,0,미이행
TSK-001568,제출,SD09-1,2026-09-08,SD09-1,,,,,2026-06-30,2026,하반기,2026-09-08,1,
TSK-001569,작성중,SD09-1,,,,,,,2026-07-01,2026,상반기,2026-09-09,0,미이행
TSK-001570,작성중,SD09-1,,,,,,,2026-07-02,2026,하반기,2026-09-10,0,미이행
TSK-001571,승인,SD09-1,2026-09-01,SD09-1,2026-09-11,SD02-1,,,2026-07-03,2026,상반기,2026-09-11,1,이행완료
TSK-001572,반려,SD09-1,2026-09-02,SD09-1,,,2026-09-10,증빙 사진에 일자 표기가 없음,2026-07-04,2026,하반기,2026-09-12,0,보완필요
TSK-001573,작성중,SD09-1,,,,,,,2026-07-05,2026,상반기,2026-09-13,0,미이행
TSK-001574,제출,SD09-1,2026-09-04,SD09-1,,,,,2026-07-06,2026,하반기,2026-09-14,1,
TSK-001575,작성중,SD13-1,,,,,,,2026-07-07,2026,상반기,2026-08-21,0,미이행
TSK-001576,제출,SD13-1,2026-09-06,SD13-1,,,,,2026-07-08,2026,하반기,2026-08-22,1,
TSK-001577,작성중,SD13-1,,,,,,,2026-07-09,2026,상반기,2026-08-23,0,미이행
TSK-001578,작성중,SD03-1,,,,,,,2026-07-10,2026,하반기,2026-08-24,0,
TSK-001579,승인,SD03-1,2026-09-09,SD03-1,2026-09-11,SD02-1,,,2026-07-11,2026,상반기,2026-08-25,1,이행완료
TSK-001580,반려,SD03-1,2026-08-31,SD03-1,,,2026-09-12,증빙 사진에 일자 표기가 없음,2026-07-12,2026,하반기,2026-08-26,0,보완필요
TSK-001581,작성중,SD03-1,,,,,,,2026-07-13,2026,상반기,2026-08-27,0,미이행
TSK-001582,제출,SD03-1,2026-09-02,SD03-1,,,,,2026-07-14,2026,하반기,2026-08-28,1,
TSK-001583,작성중,SD03-1,,,,,,,2026-07-15,2026,상반기,2026-08-29,0,
TSK-001584,제출,SD03-1,2026-09-04,SD03-1,,,,,2026-07-16,2026,하반기,2026-08-30,1,
TSK-001585,작성중,SD03-1,,,,,,,2026-07-17,2026,상반기,2026-08-31,0,
TSK-001586,작성중,SD03-1,,,,,,,2026-07-18,2026,하반기,2026-09-01,0,
TSK-001587,승인,SD03-1,2026-09-07,SD03-1,2026-09-11,SD02-1,,,2026-07-19,2026,상반기,2026-09-02,1,이행완료
TSK-001588,반려,SD03-1,2026-09-08,SD03-1,,,2026-09-14,증빙 사진에 일자 표기가 없음,2026-07-20,2026,하반기,2026-09-03,0,보완필요
TSK-001589,작성중,SD03-1,,,,,,,2026-07-21,2026,상반기,2026-09-04,0,미이행
TSK-001590,제출,SD03-1,2026-08-31,SD03-1,,,,,2026-07-22,2026,하반기,2026-09-05,1,
TSK-001591,작성중,SD03-1,,,,,,,2026-07-23,2026,상반기,2026-09-06,0,
TSK-001592,제출,SD03-1,2026-09-02,SD03-1,,,,,2026-07-24,2026,하반기,2026-09-07,1,
TSK-001593,작성중,SD03-1,,,,,,,2026-07-25,2026,상반기,2026-09-08,0,
TSK-001594,작성중,SD03-1,,,,,,,2026-07-26,2026,하반기,2026-09-09,0,
TSK-001595,승인,SD03-1,2026-09-05,SD03-1,2026-09-11,SD02-1,,,2026-07-27,2026,상반기,2026-09-10,1,이행완료
TSK-001596,반려,SD03-1,2026-09-06,SD03-1,,,2026-09-10,증빙 사진에 일자 표기가 없음,2026-07-28,2026,하반기,2026-09-11,0,보완필요
TSK-001597,작성중,SD03-1,,,,,,,2026-07-29,2026,상반기,2026-09-12,0,미이행
TSK-001598,제출,SD09-1,2026-09-08,SD09-1,,,,,2026-07-30,2026,하반기,2026-09-13,1,
TSK-001599,작성중,SD03-1,,,,,,,2026-07-31,2026,상반기,2026-09-14,0,
TSK-001600,제출,SD03-1,2026-08-31,SD03-1,,,,,2026-06-22,2026,하반기,2026-08-21,1,
TSK-001601,작성중,SD03-1,,,,,,,2026-06-23,2026,상반기,2026-08-22,0,
TSK-001602,작성중,SD03-1,,,,,,,2026-06-24,2026,하반기,2026-08-23,0,
TSK-001603,승인,SD03-1,2026-09-03,SD03-1,2026-09-11,SD02-1,,,2026-06-25,2026,상반기,2026-08-24,1,이행완료
TSK-001604,반려,SD03-1,2026-09-04,SD03-1,,,2026-09-12,증빙 사진에 일자 표기가 없음,2026-06-26,2026,하반기,2026-08-25,0,보완필요
TSK-001605,작성중,SD03-1,,,,,,,2026-06-27,2026,상반기,2026-08-26,0,미이행
TSK-001606,제출,SD03-1,2026-09-06,SD03-1,,,,,2026-06-28,2026,하반기,2026-08-27,1,
TSK-001607,작성중,SD03-1,,,,,,,2026-06-29,2026,상반기,2026-08-28,0,
TSK-001608,제출,SD03-1,2026-09-08,SD03-1,,,,,2026-06-30,2026,하반기,2026-08-29,1,
TSK-001609,작성중,SD03-1,,,,,,,2026-07-01,2026,상반기,2026-08-30,0,
TSK-001610,작성중,SD03-1,,,,,,,2026-07-02,2026,하반기,2026-08-31,0,
TSK-001611,승인,SD03-1,2026-09-01,SD03-1,2026-09-11,SD02-1,,,2026-07-03,2026,상반기,2026-09-01,1,이행완료
TSK-001612,반려,SD03-1,2026-09-02,SD03-1,,,2026-09-14,증빙 사진에 일자 표기가 없음,2026-07-04,2026,하반기,2026-09-02,0,보완필요
TSK-001613,작성중,SD03-1,,,,,,,2026-07-05,2026,상반기,2026-09-03,0,미이행
TSK-001614,제출,SD03-1,2026-09-04,SD03-1,,,,,2026-07-06,2026,하반기,2026-09-04,1,
TSK-001615,작성중,SD03-1,,,,,,,2026-07-07,2026,상반기,2026-09-05,0,
TSK-001616,제출,SD03-1,2026-09-06,SD03-1,,,,,2026-07-08,2026,하반기,2026-09-06,1,
TSK-001617,작성중,SD03-1,,,,,,,2026-07-09,2026,상반기,2026-09-07,0,미이행
TSK-001618,작성중,SD03-1,,,,,,,2026-07-10,2026,하반기,2026-09-08,0,미이행
TSK-001619,승인,SD05-1,2026-09-09,SD05-1,2026-09-11,SD02-1,,,2026-07-11,2026,상반기,2026-09-09,1,이행완료
TSK-001620,반려,SD03-1,2026-08-31,SD03-1,,,2026-09-10,증빙 사진에 일자 표기가 없음,2026-07-12,2026,하반기,2026-09-10,0,보완필요
TSK-001621,작성중,SD03-1,,,,,,,2026-07-13,2026,상반기,2026-09-11,0,미이행
TSK-001622,제출,SD03-1,2026-09-02,SD03-1,,,,,2026-07-14,2026,하반기,2026-09-12,1,
TSK-001623,작성중,SD03-1,,,,,,,2026-07-15,2026,상반기,2026-09-13,0,미이행
TSK-001624,제출,SD03-1,2026-09-04,SD03-1,,,,,2026-07-16,2026,하반기,2026-09-14,1,
TSK-001625,작성중,SD03-1,,,,,,,2026-07-17,2026,상반기,2026-08-21,0,미이행
TSK-001626,작성중,SD03-1,,,,,,,2026-07-18,2026,하반기,2026-08-22,0,미이행
TSK-001627,승인,SD03-1,2026-09-07,SD03-1,2026-09-11,SD02-1,,,2026-07-19,2026,상반기,2026-08-23,1,이행완료
TSK-001628,반려,SD03-1,2026-09-08,SD03-1,,,2026-09-12,증빙 사진에 일자 표기가 없음,2026-07-20,2026,하반기,2026-08-24,0,보완필요
TSK-001629,작성중,SD03-1,,,,,,,2026-07-21,2026,상반기,2026-08-25,0,미이행
TSK-001630,제출,SD03-1,2026-08-31,SD03-1,,,,,2026-07-22,2026,하반기,2026-08-26,1,
TSK-001631,작성중,SD03-1,,,,,,,2026-07-23,2026,상반기,2026-08-27,0,미이행
TSK-001632,제출,SD03-1,2026-09-02,SD03-1,,,,,2026-07-24,2026,하반기,2026-08-28,1,
TSK-001633,작성중,SD03-1,,,,,,,2026-07-25,2026,상반기,2026-08-29,0,미이행
TSK-001634,작성중,SD03-1,,,,,,,2026-07-26,2026,하반기,2026-08-30,0,
TSK-001635,승인,SD03-1,2026-09-05,SD03-1,2026-09-11,SD02-1,,,2026-07-27,2026,상반기,2026-08-31,1,이행완료
TSK-001636,반려,SD03-1,2026-09-06,SD03-1,,,2026-09-14,증빙 사진에 일자 표기가 없음,2026-07-28,2026,하반기,2026-09-01,0,보완필요
TSK-001637,작성중,SD03-1,,,,,,,2026-07-29,2026,상반기,2026-09-02,0,미이행
TSK-001638,제출,SD03-1,2026-09-08,SD03-1,,,,,2026-07-30,2026,하반기,2026-09-03,1,
TSK-001639,작성중,SD03-1,,,,,,,2026-07-31,2026,상반기,2026-09-04,0,
TSK-001640,제출,SD03-1,2026-08-31,SD03-1,,,,,2026-06-22,2026,하반기,2026-09-05,1,
TSK-001641,작성중,SD03-1,,,,,,,2026-06-23,2026,상반기,2026-09-06,0,
TSK-001642,작성중,SD03-1,,,,,,,2026-06-24,2026,하반기,2026-09-07,0,
TSK-001643,승인,SD03-1,2026-09-03,SD03-1,2026-09-11,SD02-1,,,2026-06-25,2026,상반기,2026-09-08,1,이행완료
TSK-001644,반려,SD03-1,2026-09-04,SD03-1,,,2026-09-10,증빙 사진에 일자 표기가 없음,2026-06-26,2026,하반기,2026-09-09,0,보완필요
TSK-001645,작성중,SD03-1,,,,,,,2026-06-27,2026,상반기,2026-09-10,0,미이행
TSK-001646,제출,SD03-1,2026-09-06,SD03-1,,,,,2026-06-28,2026,하반기,2026-09-11,1,
TSK-001647,작성중,SD03-1,,,,,,,2026-06-29,2026,상반기,2026-09-12,0,
TSK-001648,제출,SD03-1,2026-09-08,SD03-1,,,,,2026-06-30,2026,하반기,2026-09-13,1,
TSK-001649,작성중,SD03-1,,,,,,,2026-07-01,2026,상반기,2026-09-14,0,
TSK-001650,작성중,SD03-1,,,,,,,2026-07-02,2026,하반기,2026-08-21,0,
TSK-001651,승인,SD03-1,2026-09-01,SD03-1,2026-09-11,SD02-1,,,2026-07-03,2026,상반기,2026-08-22,1,이행완료
TSK-001652,반려,SD03-1,2026-09-02,SD03-1,,,2026-09-12,증빙 사진에 일자 표기가 없음,2026-07-04,2026,하반기,2026-08-23,0,보완필요
TSK-001653,작성중,SD03-1,,,,,,,2026-07-05,2026,상반기,2026-08-24,0,미이행
TSK-001654,제출,SD03-1,2026-09-04,SD03-1,,,,,2026-07-06,2026,하반기,2026-08-25,1,
TSK-001655,작성중,SD03-1,,,,,,,2026-07-07,2026,상반기,2026-08-26,0,
TSK-001656,제출,SD03-1,2026-09-06,SD03-1,,,,,2026-07-08,2026,하반기,2026-08-27,1,
TSK-001657,작성중,SD03-1,,,,,,,2026-07-09,2026,상반기,2026-08-28,0,
TSK-001658,작성중,SD03-1,,,,,,,2026-07-10,2026,하반기,2026-08-29,0,
TSK-001659,승인,SD03-1,2026-09-09,SD03-1,2026-09-11,SD02-1,,,2026-07-11,2026,상반기,2026-08-30,1,이행완료
TSK-001660,반려,SD03-1,2026-08-31,SD03-1,,,2026-09-14,증빙 사진에 일자 표기가 없음,2026-07-12,2026,하반기,2026-08-31,0,보완필요
TSK-001661,작성중,SD03-1,,,,,,,2026-07-13,2026,상반기,2026-09-01,0,미이행
TSK-001662,제출,SD03-1,2026-09-02,SD03-1,,,,,2026-07-14,2026,하반기,2026-09-02,1,
TSK-001663,작성중,SD03-1,,,,,,,2026-07-15,2026,상반기,2026-09-03,0,
TSK-001664,제출,SD03-1,2026-09-04,SD03-1,,,,,2026-07-16,2026,하반기,2026-09-04,1,
TSK-001665,작성중,SD03-1,,,,,,,2026-07-17,2026,상반기,2026-09-05,0,
TSK-001666,작성중,SD03-1,,,,,,,2026-07-18,2026,하반기,2026-09-06,0,
TSK-001667,승인,SD03-1,2026-09-07,SD03-1,2026-09-11,SD02-1,,,2026-07-19,2026,상반기,2026-09-07,1,이행완료
TSK-001668,반려,SD03-1,2026-09-08,SD03-1,,,2026-09-10,증빙 사진에 일자 표기가 없음,2026-07-20,2026,하반기,2026-09-08,0,보완필요
TSK-001669,작성중,SD03-1,,,,,,,2026-07-21,2026,상반기,2026-09-09,0,미이행
TSK-001670,제출,SD03-1,2026-08-31,SD03-1,,,,,2026-07-22,2026,하반기,2026-09-10,1,
TSK-001671,작성중,SD03-1,,,,,,,2026-07-23,2026,상반기,2026-09-11,0,
TSK-001672,제출,SD03-1,2026-09-02,SD03-1,,,,,2026-07-24,2026,하반기,2026-09-12,1,
TSK-001673,작성중,SD03-1,,,,,,,2026-07-25,2026,상반기,2026-09-13,0,미이행
TSK-001674,작성중,SD03-1,,,,,,,2026-07-26,2026,하반기,2026-09-14,0,미이행
TSK-001675,승인,SD03-1,2026-09-05,SD03-1,2026-09-11,SD02-1,,,2026-07-27,2026,상반기,2026-08-21,1,이행완료
TSK-001676,반려,SD03-1,2026-09-06,SD03-1,,,2026-09-12,증빙 사진에 일자 표기가 없음,2026-07-28,2026,하반기,2026-08-22,0,보완필요
TSK-001677,작성중,SD03-1,,,,,,,2026-07-29,2026,상반기,2026-08-23,0,미이행
TSK-001678,제출,SD03-1,2026-09-08,SD03-1,,,,,2026-07-30,2026,하반기,2026-08-24,1,
TSK-001679,작성중,SD03-1,,,,,,,2026-07-31,2026,상반기,2026-08-25,0,미이행
TSK-001680,제출,SD03-1,2026-08-31,SD03-1,,,,,2026-06-22,2026,하반기,2026-08-26,1,
TSK-001681,작성중,SD03-1,,,,,,,2026-06-23,2026,상반기,2026-08-27,0,
TSK-001682,작성중,SD03-1,,,,,,,2026-06-24,2026,하반기,2026-08-28,0,
TSK-001683,승인,SD03-1,2026-09-03,SD03-1,2026-09-11,SD02-1,,,2026-06-25,2026,상반기,2026-08-29,1,이행완료
TSK-001684,반려,SD03-1,2026-09-04,SD03-1,,,2026-09-14,증빙 사진에 일자 표기가 없음,2026-06-26,2026,하반기,2026-08-30,0,보완필요
TSK-001685,작성중,SD03-1,,,,,,,2026-06-27,2026,상반기,2026-08-31,0,미이행
TSK-001686,제출,SD03-1,2026-09-06,SD03-1,,,,,2026-06-28,2026,하반기,2026-09-01,1,
TSK-001687,작성중,SD03-1,,,,,,,2026-06-29,2026,상반기,2026-09-02,0,
TSK-001688,제출,SD03-1,2026-09-08,SD03-1,,,,,2026-06-30,2026,하반기,2026-09-03,1,
TSK-001689,작성중,SD03-1,,,,,,,2026-07-01,2026,상반기,2026-09-04,0,
TSK-001690,작성중,SD03-1,,,,,,,2026-07-02,2026,하반기,2026-09-05,0,
TSK-001691,승인,SD03-1,2026-09-01,SD03-1,2026-09-11,SD02-1,,,2026-07-03,2026,상반기,2026-09-06,1,이행완료
TSK-001692,반려,SD03-1,2026-09-02,SD03-1,,,2026-09-10,증빙 사진에 일자 표기가 없음,2026-07-04,2026,하반기,2026-09-07,0,보완필요
TSK-001693,작성중,SD03-1,,,,,,,2026-07-05,2026,상반기,2026-09-08,0,미이행
TSK-001694,제출,SD03-1,2026-09-04,SD03-1,,,,,2026-07-06,2026,하반기,2026-09-09,1,
TSK-001695,작성중,SD03-1,,,,,,,2026-07-07,2026,상반기,2026-09-10,0,
TSK-001696,제출,SD03-1,2026-09-06,SD03-1,,,,,2026-07-08,2026,하반기,2026-09-11,1,
TSK-001697,작성중,SD03-1,,,,,,,2026-07-09,2026,상반기,2026-09-12,0,
TSK-001698,작성중,SD03-1,,,,,,,2026-07-10,2026,하반기,2026-09-13,0,미이행
TSK-001699,승인,SD03-1,2026-09-09,SD03-1,2026-09-11,SD02-1,,,2026-07-11,2026,상반기,2026-09-14,1,이행완료
TSK-001700,반려,SD03-1,2026-08-31,SD03-1,,,2026-09-12,증빙 사진에 일자 표기가 없음,2026-07-12,2026,하반기,2026-08-21,0,보완필요
TSK-001701,작성중,SD03-1,,,,,,,2026-07-13,2026,상반기,2026-08-22,0,미이행
TSK-001702,제출,SD03-1,2026-09-02,SD03-1,,,,,2026-07-14,2026,하반기,2026-08-23,1,
TSK-001703,작성중,SD03-1,,,,,,,2026-07-15,2026,상반기,2026-08-24,0,미이행
TSK-001704,제출,SD03-1,2026-09-04,SD03-1,,,,,2026-07-16,2026,하반기,2026-08-25,1,
TSK-001705,작성중,SD03-1,,,,,,,2026-07-17,2026,상반기,2026-08-26,0,미이행
TSK-001706,작성중,SD03-1,,,,,,,2026-07-18,2026,하반기,2026-08-27,0,
TSK-001707,승인,SD03-1,2026-09-07,SD03-1,2026-09-11,SD02-1,,,2026-07-19,2026,상반기,2026-08-28,1,이행완료
TSK-001708,반려,SD03-1,2026-09-08,SD03-1,,,2026-09-14,증빙 사진에 일자 표기가 없음,2026-07-20,2026,하반기,2026-08-29,0,보완필요
TSK-001709,작성중,SD03-1,,,,,,,2026-07-21,2026,상반기,2026-08-30,0,미이행
TSK-001710,제출,SD03-1,2026-08-31,SD03-1,,,,,2026-07-22,2026,하반기,2026-08-31,1,
TSK-001711,작성중,SD03-1,,,,,,,2026-07-23,2026,상반기,2026-09-01,0,
TSK-001712,제출,SD03-1,2026-09-02,SD03-1,,,,,2026-07-24,2026,하반기,2026-09-02,1,
TSK-001713,작성중,SD03-1,,,,,,,2026-07-25,2026,상반기,2026-09-03,0,
TSK-001714,작성중,SD03-1,,,,,,,2026-07-26,2026,하반기,2026-09-04,0,
TSK-001715,승인,SD03-1,2026-09-05,SD03-1,2026-09-11,SD02-1,,,2026-07-27,2026,상반기,2026-09-05,1,이행완료
TSK-001716,반려,SD03-1,2026-09-06,SD03-1,,,2026-09-10,증빙 사진에 일자 표기가 없음,2026-07-28,2026,하반기,2026-09-06,0,보완필요
TSK-001717,작성중,SD03-1,,,,,,,2026-07-29,2026,상반기,2026-09-07,0,미이행
TSK-001718,제출,SD03-1,2026-09-08,SD03-1,,,,,2026-07-30,2026,하반기,2026-09-08,1,
TSK-001719,작성중,SD03-1,,,,,,,2026-07-31,2026,상반기,2026-09-09,0,
TSK-001720,제출,SD03-1,2026-08-31,SD03-1,,,,,2026-06-22,2026,하반기,2026-09-10,1,
TSK-001721,작성중,SD03-1,,,,,,,2026-06-23,2026,상반기,2026-09-11,0,미이행
TSK-001722,작성중,SD03-1,,,,,,,2026-06-24,2026,하반기,2026-09-12,0,미이행
TSK-001723,승인,SD03-1,2026-09-03,SD03-1,2026-09-11,SD02-1,,,2026-06-25,2026,상반기,2026-09-13,1,이행완료
TSK-001724,반려,SD03-1,2026-09-04,SD03-1,,,2026-09-12,증빙 사진에 일자 표기가 없음,2026-06-26,2026,하반기,2026-09-14,0,보완필요
TSK-001725,작성중,SD03-1,,,,,,,2026-06-27,2026,상반기,2026-08-21,0,미이행
TSK-001726,제출,SD03-1,2026-09-06,SD03-1,,,,,2026-06-28,2026,하반기,2026-08-22,1,
TSK-001727,작성중,SD03-1,,,,,,,2026-06-29,2026,상반기,2026-08-23,0,미이행
TSK-001728,제출,SD03-1,2026-09-08,SD03-1,,,,,2026-06-30,2026,하반기,2026-08-24,1,
TSK-001729,작성중,SD03-1,,,,,,,2026-07-01,2026,상반기,2026-08-25,0,미이행
TSK-001730,작성중,SD03-1,,,,,,,2026-07-02,2026,하반기,2026-08-26,0,미이행
TSK-001731,승인,SD03-1,2026-09-01,SD03-1,2026-09-11,SD02-1,,,2026-07-03,2026,상반기,2026-08-27,1,이행완료
TSK-001732,반려,SD04-1,2026-09-02,SD04-1,,,2026-09-14,증빙 사진에 일자 표기가 없음,2026-07-04,2026,하반기,2026-08-28,0,보완필요
TSK-001733,작성중,SD04-1,,,,,,,2026-07-05,2026,상반기,2026-08-29,0,미이행
TSK-001734,제출,SD04-1,2026-09-04,SD04-1,,,,,2026-07-06,2026,하반기,2026-08-30,1,
TSK-001735,작성중,SD04-1,,,,,,,2026-07-07,2026,상반기,2026-08-31,0,미이행
TSK-001736,제출,SD05-1,2026-09-06,SD05-1,,,,,2026-07-08,2026,하반기,2026-09-01,1,
TSK-001737,작성중,SD03-1,,,,,,,2026-07-09,2026,상반기,2026-09-02,0,미이행
TSK-001738,작성중,SD03-1,,,,,,,2026-07-10,2026,하반기,2026-09-03,0,
TSK-001739,승인,SD03-1,2026-09-09,SD03-1,2026-09-11,SD02-1,,,2026-07-11,2026,상반기,2026-09-04,1,이행완료
TSK-001740,반려,SD03-1,2026-08-31,SD03-1,,,2026-09-10,증빙 사진에 일자 표기가 없음,2026-07-12,2026,하반기,2026-09-05,0,보완필요
TSK-001741,작성중,SD03-1,,,,,,,2026-07-13,2026,상반기,2026-09-06,0,미이행
TSK-001742,제출,SD03-1,2026-09-02,SD03-1,,,,,2026-07-14,2026,하반기,2026-09-07,1,
TSK-001743,작성중,SD03-1,,,,,,,2026-07-15,2026,상반기,2026-09-08,0,
TSK-001744,제출,SD03-1,2026-09-04,SD03-1,,,,,2026-07-16,2026,하반기,2026-09-09,1,
TSK-001745,작성중,SD03-1,,,,,,,2026-07-17,2026,상반기,2026-09-10,0,
TSK-001746,작성중,SD03-1,,,,,,,2026-07-18,2026,하반기,2026-09-11,0,
TSK-001747,승인,SD03-1,2026-09-07,SD03-1,2026-09-11,SD02-1,,,2026-07-19,2026,상반기,2026-09-12,1,이행완료
TSK-001748,반려,SD03-1,2026-09-08,SD03-1,,,2026-09-12,증빙 사진에 일자 표기가 없음,2026-07-20,2026,하반기,2026-09-13,0,보완필요
TSK-001749,작성중,SD03-1,,,,,,,2026-07-21,2026,상반기,2026-09-14,0,미이행
TSK-001750,제출,SD03-1,2026-08-31,SD03-1,,,,,2026-07-22,2026,하반기,2026-08-21,1,
TSK-001751,작성중,SD03-1,,,,,,,2026-07-23,2026,상반기,2026-08-22,0,
TSK-001752,제출,SD03-1,2026-09-02,SD03-1,,,,,2026-07-24,2026,하반기,2026-08-23,1,
TSK-001753,작성중,SD03-1,,,,,,,2026-07-25,2026,상반기,2026-08-24,0,미이행
TSK-001754,작성중,SD03-1,,,,,,,2026-07-26,2026,하반기,2026-08-25,0,미이행
TSK-001755,승인,SD03-1,2026-09-05,SD03-1,2026-09-11,SD02-1,,,2026-07-27,2026,상반기,2026-08-26,1,이행완료
TSK-001756,반려,SD03-1,2026-09-06,SD03-1,,,2026-09-14,증빙 사진에 일자 표기가 없음,2026-07-28,2026,하반기,2026-08-27,0,보완필요
TSK-001757,작성중,SD03-1,,,,,,,2026-07-29,2026,상반기,2026-08-28,0,미이행
TSK-001758,제출,SD03-1,2026-09-08,SD03-1,,,,,2026-07-30,2026,하반기,2026-08-29,1,
TSK-001759,작성중,SD03-1,,,,,,,2026-07-31,2026,상반기,2026-08-30,0,
TSK-001760,제출,SD03-1,2026-08-31,SD03-1,,,,,2026-06-22,2026,하반기,2026-08-31,1,
TSK-001761,작성중,SD03-1,,,,,,,2026-06-23,2026,상반기,2026-09-01,0,
TSK-001762,작성중,SD03-1,,,,,,,2026-06-24,2026,하반기,2026-09-02,0,
TSK-001763,승인,SD03-1,2026-09-03,SD03-1,2026-09-11,SD02-1,,,2026-06-25,2026,상반기,2026-09-03,1,이행완료
TSK-001764,반려,SD03-1,2026-09-04,SD03-1,,,2026-09-10,증빙 사진에 일자 표기가 없음,2026-06-26,2026,하반기,2026-09-04,0,보완필요
TSK-001765,작성중,SD03-1,,,,,,,2026-06-27,2026,상반기,2026-09-05,0,미이행
TSK-001766,제출,SD03-1,2026-09-06,SD03-1,,,,,2026-06-28,2026,하반기,2026-09-06,1,
TSK-001767,작성중,SD03-1,,,,,,,2026-06-29,2026,상반기,2026-09-07,0,
TSK-001768,제출,SD03-1,2026-09-08,SD03-1,,,,,2026-06-30,2026,하반기,2026-09-08,1,
TSK-001769,작성중,SD03-1,,,,,,,2026-07-01,2026,상반기,2026-09-09,0,
TSK-001770,작성중,SD03-1,,,,,,,2026-07-02,2026,하반기,2026-09-10,0,
TSK-001771,승인,SD03-1,2026-09-01,SD03-1,2026-09-11,SD02-1,,,2026-07-03,2026,상반기,2026-09-11,1,이행완료
TSK-001772,반려,SD03-1,2026-09-02,SD03-1,,,2026-09-12,증빙 사진에 일자 표기가 없음,2026-07-04,2026,하반기,2026-09-12,0,보완필요
TSK-001773,작성중,SD03-1,,,,,,,2026-07-05,2026,상반기,2026-09-13,0,미이행
TSK-001774,제출,SD03-1,2026-09-04,SD03-1,,,,,2026-07-06,2026,하반기,2026-09-14,1,
TSK-001775,작성중,SD03-1,,,,,,,2026-07-07,2026,상반기,2026-08-21,0,미이행
TSK-001776,제출,SD03-1,2026-09-06,SD03-1,,,,,2026-07-08,2026,하반기,2026-08-22,1,
TSK-001777,작성중,SD03-1,,,,,,,2026-07-09,2026,상반기,2026-08-23,0,미이행
TSK-001778,작성중,SD03-1,,,,,,,2026-07-10,2026,하반기,2026-08-24,0,미이행
TSK-001779,승인,SD03-1,2026-09-09,SD03-1,2026-09-11,SD02-1,,,2026-07-11,2026,상반기,2026-08-25,1,이행완료
TSK-001780,반려,SD03-1,2026-08-31,SD03-1,,,2026-09-14,증빙 사진에 일자 표기가 없음,2026-07-12,2026,하반기,2026-08-26,0,보완필요
TSK-001781,작성중,SD03-1,,,,,,,2026-07-13,2026,상반기,2026-08-27,0,미이행
TSK-001782,제출,SD03-1,2026-09-02,SD03-1,,,,,2026-07-14,2026,하반기,2026-08-28,1,
TSK-001783,작성중,SD03-1,,,,,,,2026-07-15,2026,상반기,2026-08-29,0,
TSK-001784,제출,SD03-1,2026-09-04,SD03-1,,,,,2026-07-16,2026,하반기,2026-08-30,1,
TSK-001785,작성중,SD03-1,,,,,,,2026-07-17,2026,상반기,2026-08-31,0,
TSK-001786,작성중,SD03-1,,,,,,,2026-07-18,2026,하반기,2026-09-01,0,
TSK-001787,승인,SD03-1,2026-09-07,SD03-1,2026-09-11,SD02-1,,,2026-07-19,2026,상반기,2026-09-02,1,이행완료
TSK-001788,반려,SD03-1,2026-09-08,SD03-1,,,2026-09-10,증빙 사진에 일자 표기가 없음,2026-07-20,2026,하반기,2026-09-03,0,보완필요
TSK-001789,작성중,SD03-1,,,,,,,2026-07-21,2026,상반기,2026-09-04,0,미이행
TSK-001790,제출,SD03-1,2026-08-31,SD03-1,,,,,2026-07-22,2026,하반기,2026-09-05,1,
TSK-001791,작성중,SD03-1,,,,,,,2026-07-23,2026,상반기,2026-09-06,0,
TSK-001792,제출,SD03-1,2026-09-02,SD03-1,,,,,2026-07-24,2026,하반기,2026-09-07,1,
TSK-001793,작성중,SD03-1,,,,,,,2026-07-25,2026,상반기,2026-09-08,0,
TSK-001794,작성중,SD03-1,,,,,,,2026-07-26,2026,하반기,2026-09-09,0,
TSK-001795,승인,SD03-1,2026-09-05,SD03-1,2026-09-11,SD02-1,,,2026-07-27,2026,상반기,2026-09-10,1,이행완료
TSK-001796,반려,SD03-1,2026-09-06,SD03-1,,,2026-09-12,증빙 사진에 일자 표기가 없음,2026-07-28,2026,하반기,2026-09-11,0,보완필요
TSK-001797,작성중,SD03-1,,,,,,,2026-07-29,2026,상반기,2026-09-12,0,미이행
TSK-001798,제출,SD03-1,2026-09-08,SD03-1,,,,,2026-07-30,2026,하반기,2026-09-13,1,
TSK-001799,작성중,SD03-1,,,,,,,2026-07-31,2026,상반기,2026-09-14,0,
TSK-001800,제출,SD03-1,2026-08-31,SD03-1,,,,,2026-06-22,2026,하반기,2026-08-21,1,
TSK-001801,작성중,SD03-1,,,,,,,2026-06-23,2026,상반기,2026-08-22,0,
TSK-001802,작성중,SD03-1,,,,,,,2026-06-24,2026,하반기,2026-08-23,0,
TSK-001803,승인,SD03-1,2026-09-03,SD03-1,2026-09-11,SD02-1,,,2026-06-25,2026,상반기,2026-08-24,1,이행완료
TSK-001804,반려,SD03-1,2026-09-04,SD03-1,,,2026-09-14,증빙 사진에 일자 표기가 없음,2026-06-26,2026,하반기,2026-08-25,0,보완필요
TSK-001805,작성중,SD03-1,,,,,,,2026-06-27,2026,상반기,2026-08-26,0,미이행
TSK-001806,제출,SD03-1,2026-09-06,SD03-1,,,,,2026-06-28,2026,하반기,2026-08-27,1,
TSK-001807,작성중,SD03-1,,,,,,,2026-06-29,2026,상반기,2026-08-28,0,
TSK-001808,제출,SD03-1,2026-09-08,SD03-1,,,,,2026-06-30,2026,하반기,2026-08-29,1,
TSK-001809,작성중,SD03-1,,,,,,,2026-07-01,2026,상반기,2026-08-30,0,
TSK-001810,작성중,SD03-1,,,,,,,2026-07-02,2026,하반기,2026-08-31,0,
TSK-001811,승인,SD03-1,2026-09-01,SD03-1,2026-09-11,SD02-1,,,2026-07-03,2026,상반기,2026-09-01,1,이행완료
TSK-001812,반려,SD03-1,2026-09-02,SD03-1,,,2026-09-10,증빙 사진에 일자 표기가 없음,2026-07-04,2026,하반기,2026-09-02,0,보완필요
TSK-001813,작성중,SD13-1,,,,,,,2026-07-05,2026,상반기,2026-09-03,0,미이행
TSK-001814,제출,SD13-1,2026-09-04,SD13-1,,,,,2026-07-06,2026,하반기,2026-09-04,1,
TSK-001815,작성중,SD13-1,,,,,,,2026-07-07,2026,상반기,2026-09-05,0,
TSK-001816,제출,SD13-1,2026-09-06,SD13-1,,,,,2026-07-08,2026,하반기,2026-09-06,1,
TSK-001817,작성중,SD03-1,,,,,,,2026-07-09,2026,상반기,2026-09-07,0,
TSK-001818,작성중,SD03-1,,,,,,,2026-07-10,2026,하반기,2026-09-08,0,
TSK-001819,승인,SD03-1,2026-09-09,SD03-1,2026-09-11,SD02-1,,,2026-07-11,2026,상반기,2026-09-09,1,이행완료
TSK-001820,반려,SD03-1,2026-08-31,SD03-1,,,2026-09-12,증빙 사진에 일자 표기가 없음,2026-07-12,2026,하반기,2026-09-10,0,보완필요
TSK-001821,작성중,SD03-1,,,,,,,2026-07-13,2026,상반기,2026-09-11,0,미이행
TSK-001822,제출,SD03-1,2026-09-02,SD03-1,,,,,2026-07-14,2026,하반기,2026-09-12,1,
TSK-001823,작성중,SD03-1,,,,,,,2026-07-15,2026,상반기,2026-09-13,0,
TSK-001824,제출,SD03-1,2026-09-04,SD03-1,,,,,2026-07-16,2026,하반기,2026-09-14,1,
TSK-001825,작성중,SD03-1,,,,,,,2026-07-17,2026,상반기,2026-08-21,0,
TSK-001826,작성중,SD03-1,,,,,,,2026-07-18,2026,하반기,2026-08-22,0,미이행
TSK-001827,승인,SD03-1,2026-09-07,SD03-1,2026-09-11,SD02-1,,,2026-07-19,2026,상반기,2026-08-23,1,이행완료
TSK-001828,반려,SD03-1,2026-09-08,SD03-1,,,2026-09-14,증빙 사진에 일자 표기가 없음,2026-07-20,2026,하반기,2026-08-24,0,보완필요
TSK-001829,작성중,SD03-1,,,,,,,2026-07-21,2026,상반기,2026-08-25,0,미이행
TSK-001830,제출,SD03-1,2026-08-31,SD03-1,,,,,2026-07-22,2026,하반기,2026-08-26,1,
TSK-001831,작성중,SD03-1,,,,,,,2026-07-23,2026,상반기,2026-08-27,0,미이행
TSK-001832,제출,SD03-1,2026-09-02,SD03-1,,,,,2026-07-24,2026,하반기,2026-08-28,1,
TSK-001833,작성중,SD03-1,,,,,,,2026-07-25,2026,상반기,2026-08-29,0,미이행
TSK-001834,작성중,SD03-1,,,,,,,2026-07-26,2026,하반기,2026-08-30,0,미이행
TSK-001835,승인,SD03-1,2026-09-05,SD03-1,2026-09-11,SD02-1,,,2026-07-27,2026,상반기,2026-08-31,1,이행완료
TSK-001836,반려,SD03-1,2026-09-06,SD03-1,,,2026-09-10,증빙 사진에 일자 표기가 없음,2026-07-28,2026,하반기,2026-09-01,0,보완필요
TSK-001837,작성중,SD03-1,,,,,,,2026-07-29,2026,상반기,2026-09-02,0,미이행
TSK-001838,제출,SD03-1,2026-09-08,SD03-1,,,,,2026-07-30,2026,하반기,2026-09-03,1,
TSK-001839,작성중,SD03-1,,,,,,,2026-07-31,2026,상반기,2026-09-04,0,
TSK-001840,제출,SD03-1,2026-08-31,SD03-1,,,,,2026-06-22,2026,하반기,2026-09-05,1,
TSK-001841,작성중,SD03-1,,,,,,,2026-06-23,2026,상반기,2026-09-06,0,
TSK-001842,작성중,SD03-1,,,,,,,2026-06-24,2026,하반기,2026-09-07,0,
TSK-001843,승인,SD03-1,2026-09-03,SD03-1,2026-09-11,SD02-1,,,2026-06-25,2026,상반기,2026-09-08,1,이행완료
TSK-001844,반려,SD03-1,2026-09-04,SD03-1,,,2026-09-12,증빙 사진에 일자 표기가 없음,2026-06-26,2026,하반기,2026-09-09,0,보완필요
TSK-001845,작성중,SD03-1,,,,,,,2026-06-27,2026,상반기,2026-09-10,0,미이행
TSK-001846,제출,SD03-1,2026-09-06,SD03-1,,,,,2026-06-28,2026,하반기,2026-09-11,1,
TSK-001847,작성중,SD03-1,,,,,,,2026-06-29,2026,상반기,2026-09-12,0,
TSK-001848,제출,SD03-1,2026-09-08,SD03-1,,,,,2026-06-30,2026,하반기,2026-09-13,1,
TSK-001849,작성중,SD03-1,,,,,,,2026-07-01,2026,상반기,2026-09-14,0,
TSK-001850,작성중,SD03-1,,,,,,,2026-07-02,2026,하반기,2026-08-21,0,
TSK-001851,승인,SD03-1,2026-09-01,SD03-1,2026-09-11,SD02-1,,,2026-07-03,2026,상반기,2026-08-22,1,이행완료
TSK-001852,반려,SD03-1,2026-09-02,SD03-1,,,2026-09-14,증빙 사진에 일자 표기가 없음,2026-07-04,2026,하반기,2026-08-23,0,보완필요
TSK-001853,작성중,SD03-1,,,,,,,2026-07-05,2026,상반기,2026-08-24,0,미이행
TSK-001854,제출,SD03-1,2026-09-04,SD03-1,,,,,2026-07-06,2026,하반기,2026-08-25,1,
TSK-001855,작성중,SD03-1,,,,,,,2026-07-07,2026,상반기,2026-08-26,0,미이행
TSK-001856,제출,SD03-1,2026-09-06,SD03-1,,,,,2026-07-08,2026,하반기,2026-08-27,1,
TSK-001857,작성중,SD03-1,,,,,,,2026-07-09,2026,상반기,2026-08-28,0,
TSK-001858,작성중,SD03-1,,,,,,,2026-07-10,2026,하반기,2026-08-29,0,
TSK-001859,승인,SD03-1,2026-09-09,SD03-1,2026-09-11,SD02-1,,,2026-07-11,2026,상반기,2026-08-30,1,이행완료
TSK-001860,반려,SD03-1,2026-08-31,SD03-1,,,2026-09-10,증빙 사진에 일자 표기가 없음,2026-07-12,2026,하반기,2026-08-31,0,보완필요
TSK-001861,작성중,SD03-1,,,,,,,2026-07-13,2026,상반기,2026-09-01,0,미이행
TSK-001862,제출,SD03-1,2026-09-02,SD03-1,,,,,2026-07-14,2026,하반기,2026-09-02,1,
TSK-001863,작성중,SD03-1,,,,,,,2026-07-15,2026,상반기,2026-09-03,0,
TSK-001864,제출,SD03-1,2026-09-04,SD03-1,,,,,2026-07-16,2026,하반기,2026-09-04,1,
TSK-001865,작성중,SD03-1,,,,,,,2026-07-17,2026,상반기,2026-09-05,0,
TSK-001866,작성중,SD03-1,,,,,,,2026-07-18,2026,하반기,2026-09-06,0,
TSK-001867,승인,SD03-1,2026-09-07,SD03-1,2026-09-11,SD02-1,,,2026-07-19,2026,상반기,2026-09-07,1,이행완료
TSK-001868,반려,SD03-1,2026-09-08,SD03-1,,,2026-09-12,증빙 사진에 일자 표기가 없음,2026-07-20,2026,하반기,2026-09-08,0,보완필요
TSK-001869,작성중,SD03-1,,,,,,,2026-07-21,2026,상반기,2026-09-09,0,미이행
TSK-001870,제출,SD03-1,2026-08-31,SD03-1,,,,,2026-07-22,2026,하반기,2026-09-10,1,
TSK-001871,작성중,SD03-1,,,,,,,2026-07-23,2026,상반기,2026-09-11,0,
TSK-001872,제출,SD03-1,2026-09-02,SD03-1,,,,,2026-07-24,2026,하반기,2026-09-12,1,
TSK-001873,작성중,SD03-1,,,,,,,2026-07-25,2026,상반기,2026-09-13,0,
TSK-001874,작성중,SD03-1,,,,,,,2026-07-26,2026,하반기,2026-09-14,0,
TSK-001875,승인,SD03-1,2026-09-05,SD03-1,2026-09-11,SD02-1,,,2026-07-27,2026,상반기,2026-08-21,1,이행완료
TSK-001876,반려,SD03-1,2026-09-06,SD03-1,,,2026-09-14,증빙 사진에 일자 표기가 없음,2026-07-28,2026,하반기,2026-08-22,0,보완필요
TSK-001877,작성중,SD03-1,,,,,,,2026-07-29,2026,상반기,2026-08-23,0,미이행
TSK-001878,제출,SD03-1,2026-09-08,SD03-1,,,,,2026-07-30,2026,하반기,2026-08-24,1,
TSK-001879,작성중,SD03-1,,,,,,,2026-07-31,2026,상반기,2026-08-25,0,미이행
TSK-001880,제출,SD03-1,2026-08-31,SD03-1,,,,,2026-06-22,2026,하반기,2026-08-26,1,
TSK-001881,작성중,SD03-1,,,,,,,2026-06-23,2026,상반기,2026-08-27,0,미이행
TSK-001882,작성중,SD03-1,,,,,,,2026-06-24,2026,하반기,2026-08-28,0,미이행
TSK-001883,승인,SD03-1,2026-09-03,SD03-1,2026-09-11,SD02-1,,,2026-06-25,2026,상반기,2026-08-29,1,이행완료
TSK-001884,반려,SD03-1,2026-09-04,SD03-1,,,2026-09-10,증빙 사진에 일자 표기가 없음,2026-06-26,2026,하반기,2026-08-30,0,보완필요
TSK-001885,작성중,SD03-1,,,,,,,2026-06-27,2026,상반기,2026-08-31,0,미이행
TSK-001886,제출,SD03-1,2026-09-06,SD03-1,,,,,2026-06-28,2026,하반기,2026-09-01,1,
TSK-001887,작성중,SD03-1,,,,,,,2026-06-29,2026,상반기,2026-09-02,0,미이행
TSK-001888,제출,SD03-1,2026-09-08,SD03-1,,,,,2026-06-30,2026,하반기,2026-09-03,1,
TSK-001889,작성중,SD03-1,,,,,,,2026-07-01,2026,상반기,2026-09-04,0,
TSK-001890,작성중,SD03-1,,,,,,,2026-07-02,2026,하반기,2026-09-05,0,
TSK-001891,승인,SD03-1,2026-09-01,SD03-1,2026-09-11,SD02-1,,,2026-07-03,2026,상반기,2026-09-06,1,이행완료
TSK-001892,반려,SD03-1,2026-09-02,SD03-1,,,2026-09-12,증빙 사진에 일자 표기가 없음,2026-07-04,2026,하반기,2026-09-07,0,보완필요
TSK-001893,작성중,SD03-1,,,,,,,2026-07-05,2026,상반기,2026-09-08,0,미이행
TSK-001894,제출,SD03-1,2026-09-04,SD03-1,,,,,2026-07-06,2026,하반기,2026-09-09,1,
TSK-001895,작성중,SD03-1,,,,,,,2026-07-07,2026,상반기,2026-09-10,0,
TSK-001896,제출,SD03-1,2026-09-06,SD03-1,,,,,2026-07-08,2026,하반기,2026-09-11,1,
TSK-001897,작성중,SD04-1,,,,,,,2026-07-09,2026,상반기,2026-09-12,0,
TSK-001898,작성중,SD04-1,,,,,,,2026-07-10,2026,하반기,2026-09-13,0,
TSK-001899,승인,SD04-1,2026-09-09,SD04-1,2026-09-11,SD02-1,,,2026-07-11,2026,상반기,2026-09-14,1,이행완료
TSK-001900,반려,SD04-1,2026-08-31,SD04-1,,,2026-09-14,증빙 사진에 일자 표기가 없음,2026-07-12,2026,하반기,2026-08-21,0,보완필요
TSK-001901,작성중,SD04-1,,,,,,,2026-07-13,2026,상반기,2026-08-22,0,미이행
TSK-001902,제출,SD04-1,2026-09-02,SD04-1,,,,,2026-07-14,2026,하반기,2026-08-23,1,
TSK-001903,작성중,SD04-1,,,,,,,2026-07-15,2026,상반기,2026-08-24,0,
TSK-001904,제출,SD04-1,2026-09-04,SD04-1,,,,,2026-07-16,2026,하반기,2026-08-25,1,
TSK-001905,작성중,SD04-1,,,,,,,2026-07-17,2026,상반기,2026-08-26,0,
TSK-001906,작성중,SD04-1,,,,,,,2026-07-18,2026,하반기,2026-08-27,0,
TSK-001907,승인,SD04-1,2026-09-07,SD04-1,2026-09-11,SD02-1,,,2026-07-19,2026,상반기,2026-08-28,1,이행완료
TSK-001908,반려,SD04-1,2026-09-08,SD04-1,,,2026-09-10,증빙 사진에 일자 표기가 없음,2026-07-20,2026,하반기,2026-08-29,0,보완필요
TSK-001909,작성중,SD04-1,,,,,,,2026-07-21,2026,상반기,2026-08-30,0,미이행
TSK-001910,제출,SD04-1,2026-08-31,SD04-1,,,,,2026-07-22,2026,하반기,2026-08-31,1,
TSK-001911,작성중,SD04-1,,,,,,,2026-07-23,2026,상반기,2026-09-01,0,
TSK-001912,제출,SD04-1,2026-09-02,SD04-1,,,,,2026-07-24,2026,하반기,2026-09-02,1,
TSK-001913,작성중,SD04-1,,,,,,,2026-07-25,2026,상반기,2026-09-03,0,
TSK-001914,작성중,SD04-1,,,,,,,2026-07-26,2026,하반기,2026-09-04,0,
TSK-001915,승인,SD04-1,2026-09-05,SD04-1,2026-09-11,SD02-1,,,2026-07-27,2026,상반기,2026-09-05,1,이행완료
TSK-001916,반려,SD04-1,2026-09-06,SD04-1,,,2026-09-12,증빙 사진에 일자 표기가 없음,2026-07-28,2026,하반기,2026-09-06,0,보완필요
TSK-001917,작성중,SD04-1,,,,,,,2026-07-29,2026,상반기,2026-09-07,0,미이행
TSK-001918,제출,SD04-1,2026-09-08,SD04-1,,,,,2026-07-30,2026,하반기,2026-09-08,1,
TSK-001919,작성중,SD04-1,,,,,,,2026-07-31,2026,상반기,2026-09-09,0,
TSK-001920,제출,SD04-1,2026-08-31,SD04-1,,,,,2026-06-22,2026,하반기,2026-09-10,1,
TSK-001921,작성중,SD04-1,,,,,,,2026-06-23,2026,상반기,2026-09-11,0,
TSK-001922,작성중,SD04-1,,,,,,,2026-06-24,2026,하반기,2026-09-12,0,
TSK-001923,승인,SD04-1,2026-09-03,SD04-1,2026-09-11,SD02-1,,,2026-06-25,2026,상반기,2026-09-13,1,이행완료
TSK-001924,반려,SD04-1,2026-09-04,SD04-1,,,2026-09-14,증빙 사진에 일자 표기가 없음,2026-06-26,2026,하반기,2026-09-14,0,보완필요
TSK-001925,작성중,SD04-1,,,,,,,2026-06-27,2026,상반기,2026-08-21,0,미이행
TSK-001926,제출,SD04-1,2026-09-06,SD04-1,,,,,2026-06-28,2026,하반기,2026-08-22,1,
TSK-001927,작성중,SD04-1,,,,,,,2026-06-29,2026,상반기,2026-08-23,0,
TSK-001928,제출,SD04-1,2026-09-08,SD04-1,,,,,2026-06-30,2026,하반기,2026-08-24,1,
TSK-001929,작성중,SD04-1,,,,,,,2026-07-01,2026,상반기,2026-08-25,0,
TSK-001930,작성중,SD04-1,,,,,,,2026-07-02,2026,하반기,2026-08-26,0,미이행
TSK-001931,승인,SD04-1,2026-09-01,SD04-1,2026-09-11,SD02-1,,,2026-07-03,2026,상반기,2026-08-27,1,이행완료
TSK-001932,반려,SD04-1,2026-09-02,SD04-1,,,2026-09-10,증빙 사진에 일자 표기가 없음,2026-07-04,2026,하반기,2026-08-28,0,보완필요
TSK-001933,작성중,SD04-1,,,,,,,2026-07-05,2026,상반기,2026-08-29,0,미이행
TSK-001934,제출,SD04-1,2026-09-04,SD04-1,,,,,2026-07-06,2026,하반기,2026-08-30,1,
TSK-001935,작성중,SD04-1,,,,,,,2026-07-07,2026,상반기,2026-08-31,0,미이행
TSK-001936,제출,SD04-1,2026-09-06,SD04-1,,,,,2026-07-08,2026,하반기,2026-09-01,1,
TSK-001937,작성중,SD04-1,,,,,,,2026-07-09,2026,상반기,2026-09-02,0,미이행
TSK-001938,작성중,SD04-1,,,,,,,2026-07-10,2026,하반기,2026-09-03,0,미이행
TSK-001939,승인,SD04-1,2026-09-09,SD04-1,2026-09-11,SD02-1,,,2026-07-11,2026,상반기,2026-09-04,1,이행완료
TSK-001940,반려,SD04-1,2026-08-31,SD04-1,,,2026-09-12,증빙 사진에 일자 표기가 없음,2026-07-12,2026,하반기,2026-09-05,0,보완필요
TSK-001941,작성중,SD04-1,,,,,,,2026-07-13,2026,상반기,2026-09-06,0,미이행
TSK-001942,제출,SD04-1,2026-09-02,SD04-1,,,,,2026-07-14,2026,하반기,2026-09-07,1,
TSK-001943,작성중,SD04-1,,,,,,,2026-07-15,2026,상반기,2026-09-08,0,미이행
TSK-001944,제출,SD04-1,2026-09-04,SD04-1,,,,,2026-07-16,2026,하반기,2026-09-09,1,
TSK-001945,작성중,SD04-1,,,,,,,2026-07-17,2026,상반기,2026-09-10,0,미이행
TSK-001946,작성중,SD04-1,,,,,,,2026-07-18,2026,하반기,2026-09-11,0,미이행
TSK-001947,승인,SD04-1,2026-09-07,SD04-1,2026-09-11,SD02-1,,,2026-07-19,2026,상반기,2026-09-12,1,이행완료
TSK-001948,반려,SD04-1,2026-09-08,SD04-1,,,2026-09-14,증빙 사진에 일자 표기가 없음,2026-07-20,2026,하반기,2026-09-13,0,보완필요
TSK-001949,작성중,SD04-1,,,,,,,2026-07-21,2026,상반기,2026-09-14,0,미이행
TSK-001950,제출,SD04-1,2026-08-31,SD04-1,,,,,2026-07-22,2026,하반기,2026-08-21,1,
TSK-001951,작성중,SD04-1,,,,,,,2026-07-23,2026,상반기,2026-08-22,0,
TSK-001952,제출,SD04-1,2026-09-02,SD04-1,,,,,2026-07-24,2026,하반기,2026-08-23,1,
TSK-001953,작성중,SD04-1,,,,,,,2026-07-25,2026,상반기,2026-08-24,0,
TSK-001954,작성중,SD04-1,,,,,,,2026-07-26,2026,하반기,2026-08-25,0,
TSK-001955,승인,SD04-1,2026-09-05,SD04-1,2026-09-11,SD02-1,,,2026-07-27,2026,상반기,2026-08-26,1,이행완료
TSK-001956,반려,SD04-1,2026-09-06,SD04-1,,,2026-09-10,증빙 사진에 일자 표기가 없음,2026-07-28,2026,하반기,2026-08-27,0,보완필요
TSK-001957,작성중,SD04-1,,,,,,,2026-07-29,2026,상반기,2026-08-28,0,미이행
TSK-001958,제출,SD04-1,2026-09-08,SD04-1,,,,,2026-07-30,2026,하반기,2026-08-29,1,
TSK-001959,작성중,SD04-1,,,,,,,2026-07-31,2026,상반기,2026-08-30,0,
TSK-001960,제출,SD04-1,2026-08-31,SD04-1,,,,,2026-06-22,2026,하반기,2026-08-31,1,
TSK-001961,작성중,SD04-1,,,,,,,2026-06-23,2026,상반기,2026-09-01,0,
TSK-001962,작성중,SD04-1,,,,,,,2026-06-24,2026,하반기,2026-09-02,0,
TSK-001963,승인,SD04-1,2026-09-03,SD04-1,2026-09-11,SD02-1,,,2026-06-25,2026,상반기,2026-09-03,1,이행완료
TSK-001964,반려,SD04-1,2026-09-04,SD04-1,,,2026-09-12,증빙 사진에 일자 표기가 없음,2026-06-26,2026,하반기,2026-09-04,0,보완필요
TSK-001965,작성중,SD04-1,,,,,,,2026-06-27,2026,상반기,2026-09-05,0,미이행
TSK-001966,제출,SD04-1,2026-09-06,SD04-1,,,,,2026-06-28,2026,하반기,2026-09-06,1,
TSK-001967,작성중,SD04-1,,,,,,,2026-06-29,2026,상반기,2026-09-07,0,
TSK-001968,제출,SD04-1,2026-09-08,SD04-1,,,,,2026-06-30,2026,하반기,2026-09-08,1,
TSK-001969,작성중,SD04-1,,,,,,,2026-07-01,2026,상반기,2026-09-09,0,
TSK-001970,작성중,SD04-1,,,,,,,2026-07-02,2026,하반기,2026-09-10,0,
TSK-001971,승인,SD04-1,2026-09-01,SD04-1,2026-09-11,SD02-1,,,2026-07-03,2026,상반기,2026-09-11,1,이행완료
TSK-001972,반려,SD04-1,2026-09-02,SD04-1,,,2026-09-14,증빙 사진에 일자 표기가 없음,2026-07-04,2026,하반기,2026-09-12,0,보완필요
TSK-001973,작성중,SD09-1,,,,,,,2026-07-05,2026,상반기,2026-09-13,0,미이행
TSK-001974,제출,SD09-1,2026-09-04,SD09-1,,,,,2026-07-06,2026,하반기,2026-09-14,1,
TSK-001975,작성중,SD09-1,,,,,,,2026-07-07,2026,상반기,2026-08-21,0,
TSK-001976,제출,SD09-1,2026-09-06,SD09-1,,,,,2026-07-08,2026,하반기,2026-08-22,1,
TSK-001977,작성중,SD02-1,,,,,,,2026-07-09,2026,상반기,2026-08-23,0,
TSK-001978,작성중,SD02-1,,,,,,,2026-07-10,2026,하반기,2026-08-24,0,
TSK-001979,승인,SD02-1,2026-09-09,SD02-1,2026-09-11,SD02-1,,,2026-07-11,2026,상반기,2026-08-25,1,이행완료
TSK-001980,반려,SD02-1,2026-08-31,SD02-1,,,2026-09-10,증빙 사진에 일자 표기가 없음,2026-07-12,2026,하반기,2026-08-26,0,보완필요
TSK-001981,작성중,SD02-1,,,,,,,2026-07-13,2026,상반기,2026-08-27,0,미이행
TSK-001982,제출,SD02-1,2026-09-02,SD02-1,,,,,2026-07-14,2026,하반기,2026-08-28,1,
TSK-001983,작성중,SD02-1,,,,,,,2026-07-15,2026,상반기,2026-08-29,0,미이행
TSK-001984,제출,SD02-1,2026-09-04,SD02-1,,,,,2026-07-16,2026,하반기,2026-08-30,1,
TSK-001985,작성중,SD02-1,,,,,,,2026-07-17,2026,상반기,2026-08-31,0,미이행
TSK-001986,작성중,SD02-1,,,,,,,2026-07-18,2026,하반기,2026-09-01,0,미이행
TSK-001987,승인,SD02-1,2026-09-07,SD02-1,2026-09-11,SD02-1,,,2026-07-19,2026,상반기,2026-09-02,1,이행완료
TSK-001988,반려,SD02-1,2026-09-08,SD02-1,,,2026-09-12,증빙 사진에 일자 표기가 없음,2026-07-20,2026,하반기,2026-09-03,0,보완필요
TSK-001989,작성중,SD13-1,,,,,,,2026-07-21,2026,상반기,2026-09-04,0,미이행
TSK-001990,제출,SD13-1,2026-08-31,SD13-1,,,,,2026-07-22,2026,하반기,2026-09-05,1,
TSK-001991,작성중,SD13-1,,,,,,,2026-07-23,2026,상반기,2026-09-06,0,미이행
TSK-001992,제출,SD13-1,2026-09-02,SD13-1,,,,,2026-07-24,2026,하반기,2026-09-07,1,
TSK-001993,작성중,SD13-1,,,,,,,2026-07-25,2026,상반기,2026-09-08,0,미이행
TSK-001994,작성중,SD13-1,,,,,,,2026-07-26,2026,하반기,2026-09-09,0,미이행
TSK-001995,승인,SD13-1,2026-09-05,SD13-1,2026-09-11,SD02-1,,,2026-07-27,2026,상반기,2026-09-10,1,이행완료
TSK-001996,반려,SD13-1,2026-09-06,SD13-1,,,2026-09-14,증빙 사진에 일자 표기가 없음,2026-07-28,2026,하반기,2026-09-11,0,보완필요
TSK-001997,작성중,SD13-1,,,,,,,2026-07-29,2026,상반기,2026-09-12,0,미이행
TSK-001998,제출,SD13-1,2026-09-08,SD13-1,,,,,2026-07-30,2026,하반기,2026-09-13,1,
TSK-001999,작성중,SD13-1,,,,,,,2026-07-31,2026,상반기,2026-09-14,0,
TSK-002000,제출,SD13-1,2026-08-31,SD13-1,,,,,2026-06-22,2026,하반기,2026-08-21,1,
TSK-002001,작성중,SD03-1,,,,,,,2026-06-23,2026,상반기,2026-08-22,0,
TSK-002002,작성중,SD03-1,,,,,,,2026-06-24,2026,하반기,2026-08-23,0,
TSK-002003,승인,SD03-1,2026-09-03,SD03-1,2026-09-11,SD02-1,,,2026-06-25,2026,상반기,2026-08-24,1,이행완료
TSK-002004,반려,SD03-1,2026-09-04,SD03-1,,,2026-09-10,증빙 사진에 일자 표기가 없음,2026-06-26,2026,하반기,2026-08-25,0,보완필요
TSK-002005,작성중,SD13-1,,,,,,,2026-06-27,2026,상반기,2026-08-26,0,미이행
TSK-002006,제출,SD13-1,2026-09-06,SD13-1,,,,,2026-06-28,2026,하반기,2026-08-27,1,
TSK-002007,작성중,SD13-1,,,,,,,2026-06-29,2026,상반기,2026-08-28,0,미이행
TSK-002008,제출,SD13-1,2026-09-08,SD13-1,,,,,2026-06-30,2026,하반기,2026-08-29,1,
TSK-002009,작성중,SD13-1,,,,,,,2026-07-01,2026,상반기,2026-08-30,0,
TSK-002010,작성중,SD13-1,,,,,,,2026-07-02,2026,하반기,2026-08-31,0,
TSK-002011,승인,SD13-1,2026-09-01,SD13-1,2026-09-11,SD02-1,,,2026-07-03,2026,상반기,2026-09-01,1,이행완료
TSK-002012,반려,SD13-1,2026-09-02,SD13-1,,,2026-09-12,증빙 사진에 일자 표기가 없음,2026-07-04,2026,하반기,2026-09-02,0,보완필요
TSK-002013,작성중,SD13-1,,,,,,,2026-07-05,2026,상반기,2026-09-03,0,미이행
TSK-002014,제출,SD13-1,2026-09-04,SD13-1,,,,,2026-07-06,2026,하반기,2026-09-04,1,
TSK-002015,작성중,SD13-1,,,,,,,2026-07-07,2026,상반기,2026-09-05,0,
TSK-002016,제출,SD13-1,2026-09-06,SD13-1,,,,,2026-07-08,2026,하반기,2026-09-06,1,
TSK-002017,작성중,SD13-1,,,,,,,2026-07-09,2026,상반기,2026-09-07,0,
TSK-002018,작성중,SD13-1,,,,,,,2026-07-10,2026,하반기,2026-09-08,0,
TSK-002019,승인,SD13-1,2026-09-09,SD13-1,2026-09-11,SD02-1,,,2026-07-11,2026,상반기,2026-09-09,1,이행완료
TSK-002020,반려,SD13-1,2026-08-31,SD13-1,,,2026-09-14,증빙 사진에 일자 표기가 없음,2026-07-12,2026,하반기,2026-09-10,0,보완필요
TSK-002021,작성중,SD13-1,,,,,,,2026-07-13,2026,상반기,2026-09-11,0,미이행
TSK-002022,제출,SD13-1,2026-09-02,SD13-1,,,,,2026-07-14,2026,하반기,2026-09-12,1,
TSK-002023,작성중,SD13-1,,,,,,,2026-07-15,2026,상반기,2026-09-13,0,
TSK-002024,제출,SD13-1,2026-09-04,SD13-1,,,,,2026-07-16,2026,하반기,2026-09-14,1,
TSK-002025,작성중,SD13-1,,,,,,,2026-07-17,2026,상반기,2026-08-21,0,
TSK-002026,작성중,SD13-1,,,,,,,2026-07-18,2026,하반기,2026-08-22,0,
TSK-002027,승인,SD13-1,2026-09-07,SD13-1,2026-09-11,SD02-1,,,2026-07-19,2026,상반기,2026-08-23,1,이행완료
TSK-002028,반려,SD13-1,2026-09-08,SD13-1,,,2026-09-10,증빙 사진에 일자 표기가 없음,2026-07-20,2026,하반기,2026-08-24,0,보완필요
TSK-002029,작성중,SD13-1,,,,,,,2026-07-21,2026,상반기,2026-08-25,0,미이행
TSK-002030,제출,SD13-1,2026-08-31,SD13-1,,,,,2026-07-22,2026,하반기,2026-08-26,1,
TSK-002031,작성중,SD13-1,,,,,,,2026-07-23,2026,상반기,2026-08-27,0,
TSK-002032,제출,SD13-1,2026-09-02,SD13-1,,,,,2026-07-24,2026,하반기,2026-08-28,1,
TSK-002033,작성중,SD13-1,,,,,,,2026-07-25,2026,상반기,2026-08-29,0,미이행
TSK-002034,작성중,SD13-1,,,,,,,2026-07-26,2026,하반기,2026-08-30,0,미이행
TSK-002035,승인,SD13-1,2026-09-05,SD13-1,2026-09-11,SD02-1,,,2026-07-27,2026,상반기,2026-08-31,1,이행완료
TSK-002036,반려,SD13-1,2026-09-06,SD13-1,,,2026-09-12,증빙 사진에 일자 표기가 없음,2026-07-28,2026,하반기,2026-09-01,0,보완필요
TSK-002037,작성중,SD13-1,,,,,,,2026-07-29,2026,상반기,2026-09-02,0,미이행
TSK-002038,제출,SD13-1,2026-09-08,SD13-1,,,,,2026-07-30,2026,하반기,2026-09-03,1,
TSK-002039,작성중,SD13-1,,,,,,,2026-07-31,2026,상반기,2026-09-04,0,미이행
TSK-002040,제출,SD13-1,2026-08-31,SD13-1,,,,,2026-06-22,2026,하반기,2026-09-05,1,
TSK-002041,작성중,SD05-1,,,,,,,2026-06-23,2026,상반기,2026-09-06,0,
TSK-002042,작성중,SD05-1,,,,,,,2026-06-24,2026,하반기,2026-09-07,0,
TSK-002043,승인,SD05-1,2026-09-03,SD05-1,2026-09-11,SD02-1,,,2026-06-25,2026,상반기,2026-09-08,1,이행완료
TSK-002044,반려,SD05-1,2026-09-04,SD05-1,,,2026-09-14,증빙 사진에 일자 표기가 없음,2026-06-26,2026,하반기,2026-09-09,0,보완필요
TSK-002045,작성중,SD05-1,,,,,,,2026-06-27,2026,상반기,2026-09-10,0,미이행
TSK-002046,제출,SD05-1,2026-09-06,SD05-1,,,,,2026-06-28,2026,하반기,2026-09-11,1,
TSK-002047,작성중,SD05-1,,,,,,,2026-06-29,2026,상반기,2026-09-12,0,미이행
TSK-002048,제출,SD05-1,2026-09-08,SD05-1,,,,,2026-06-30,2026,하반기,2026-09-13,1,
TSK-002049,작성중,SD05-1,,,,,,,2026-07-01,2026,상반기,2026-09-14,0,미이행
TSK-002050,작성중,SD05-1,,,,,,,2026-07-02,2026,하반기,2026-08-21,0,미이행
TSK-002051,승인,SD05-1,2026-09-01,SD05-1,2026-09-11,SD02-1,,,2026-07-03,2026,상반기,2026-08-22,1,이행완료
TSK-002052,반려,SD05-1,2026-09-02,SD05-1,,,2026-09-10,증빙 사진에 일자 표기가 없음,2026-07-04,2026,하반기,2026-08-23,0,보완필요
TSK-002053,작성중,SD05-1,,,,,,,2026-07-05,2026,상반기,2026-08-24,0,미이행
TSK-002054,제출,SD05-1,2026-09-04,SD05-1,,,,,2026-07-06,2026,하반기,2026-08-25,1,
TSK-002055,작성중,SD05-1,,,,,,,2026-07-07,2026,상반기,2026-08-26,0,
TSK-002056,제출,SD05-1,2026-09-06,SD05-1,,,,,2026-07-08,2026,하반기,2026-08-27,1,
TSK-002057,작성중,SD13-1,,,,,,,2026-07-09,2026,상반기,2026-08-28,0,
TSK-002058,작성중,SD13-1,,,,,,,2026-07-10,2026,하반기,2026-08-29,0,
TSK-002059,승인,SD13-1,2026-09-09,SD13-1,2026-09-11,SD02-1,,,2026-07-11,2026,상반기,2026-08-30,1,이행완료
TSK-002060,반려,SD13-1,2026-08-31,SD13-1,,,2026-09-12,증빙 사진에 일자 표기가 없음,2026-07-12,2026,하반기,2026-08-31,0,보완필요
TSK-002061,작성중,SD13-1,,,,,,,2026-07-13,2026,상반기,2026-09-01,0,미이행
TSK-002062,제출,SD13-1,2026-09-02,SD13-1,,,,,2026-07-14,2026,하반기,2026-09-02,1,
TSK-002063,작성중,SD04-1,,,,,,,2026-07-15,2026,상반기,2026-09-03,0,
TSK-002064,제출,SD04-1,2026-09-04,SD04-1,,,,,2026-07-16,2026,하반기,2026-09-04,1,
TSK-002065,작성중,SD04-1,,,,,,,2026-07-17,2026,상반기,2026-09-05,0,
TSK-002066,작성중,SD04-1,,,,,,,2026-07-18,2026,하반기,2026-09-06,0,
TSK-002067,승인,SD04-1,2026-09-07,SD04-1,2026-09-11,SD02-1,,,2026-07-19,2026,상반기,2026-09-07,1,이행완료
TSK-002068,반려,SD04-1,2026-09-08,SD04-1,,,2026-09-14,증빙 사진에 일자 표기가 없음,2026-07-20,2026,하반기,2026-09-08,0,보완필요
TSK-002069,작성중,SD04-1,,,,,,,2026-07-21,2026,상반기,2026-09-09,0,미이행
TSK-002070,제출,SD04-1,2026-08-31,SD04-1,,,,,2026-07-22,2026,하반기,2026-09-10,1,
TSK-002071,작성중,SD04-1,,,,,,,2026-07-23,2026,상반기,2026-09-11,0,
TSK-002072,제출,SD04-1,2026-09-02,SD04-1,,,,,2026-07-24,2026,하반기,2026-09-12,1,
TSK-002073,작성중,SD04-1,,,,,,,2026-07-25,2026,상반기,2026-09-13,0,
TSK-002074,작성중,SD04-1,,,,,,,2026-07-26,2026,하반기,2026-09-14,0,
TSK-002075,승인,SD04-1,2026-09-05,SD04-1,2026-09-11,SD02-1,,,2026-07-27,2026,상반기,2026-08-21,1,이행완료
TSK-002076,반려,SD04-1,2026-09-06,SD04-1,,,2026-09-10,증빙 사진에 일자 표기가 없음,2026-07-28,2026,하반기,2026-08-22,0,보완필요
TSK-002077,작성중,SD04-1,,,,,,,2026-07-29,2026,상반기,2026-08-23,0,미이행
TSK-002078,제출,SD04-1,2026-09-08,SD04-1,,,,,2026-07-30,2026,하반기,2026-08-24,1,
TSK-002079,작성중,SD13-1,,,,,,,2026-07-31,2026,상반기,2026-08-25,0,
TSK-002080,제출,SD13-1,2026-08-31,SD13-1,,,,,2026-06-22,2026,하반기,2026-08-26,1,
TSK-002081,작성중,SD13-1,,,,,,,2026-06-23,2026,상반기,2026-08-27,0,
TSK-002082,작성중,SD13-1,,,,,,,2026-06-24,2026,하반기,2026-08-28,0,
TSK-002083,승인,SD13-1,2026-09-03,SD13-1,2026-09-11,SD02-1,,,2026-06-25,2026,상반기,2026-08-29,1,이행완료
TSK-002084,반려,SD13-1,2026-09-04,SD13-1,,,2026-09-12,증빙 사진에 일자 표기가 없음,2026-06-26,2026,하반기,2026-08-30,0,보완필요
TSK-002085,작성중,SD13-1,,,,,,,2026-06-27,2026,상반기,2026-08-31,0,미이행
TSK-002086,제출,SD13-1,2026-09-06,SD13-1,,,,,2026-06-28,2026,하반기,2026-09-01,1,
TSK-002087,작성중,SD13-1,,,,,,,2026-06-29,2026,상반기,2026-09-02,0,미이행
TSK-002088,제출,SD13-1,2026-09-08,SD13-1,,,,,2026-06-30,2026,하반기,2026-09-03,1,
TSK-002089,작성중,SD13-1,,,,,,,2026-07-01,2026,상반기,2026-09-04,0,미이행
TSK-002090,작성중,SD13-1,,,,,,,2026-07-02,2026,하반기,2026-09-05,0,미이행
TSK-002091,승인,SD13-1,2026-09-01,SD13-1,2026-09-11,SD02-1,,,2026-07-03,2026,상반기,2026-09-06,1,이행완료
TSK-002092,반려,SD13-1,2026-09-02,SD13-1,,,2026-09-14,증빙 사진에 일자 표기가 없음,2026-07-04,2026,하반기,2026-09-07,0,보완필요
TSK-002093,작성중,SD13-1,,,,,,,2026-07-05,2026,상반기,2026-09-08,0,미이행
TSK-002094,제출,SD13-1,2026-09-04,SD13-1,,,,,2026-07-06,2026,하반기,2026-09-09,1,
TSK-002095,작성중,SD13-1,,,,,,,2026-07-07,2026,상반기,2026-09-10,0,미이행
TSK-002096,제출,SD13-1,2026-09-06,SD13-1,,,,,2026-07-08,2026,하반기,2026-09-11,1,
TSK-002097,작성중,SD13-1,,,,,,,2026-07-09,2026,상반기,2026-09-12,0,미이행
TSK-002098,작성중,SD13-1,,,,,,,2026-07-10,2026,하반기,2026-09-13,0,미이행
TSK-002099,승인,SD13-1,2026-09-09,SD13-1,2026-09-11,SD02-1,,,2026-07-11,2026,상반기,2026-09-14,1,이행완료
TSK-002100,반려,SD13-1,2026-08-31,SD13-1,,,2026-09-10,증빙 사진에 일자 표기가 없음,2026-07-12,2026,하반기,2026-08-21,0,보완필요
TSK-002101,작성중,SD13-1,,,,,,,2026-07-13,2026,상반기,2026-08-22,0,미이행
TSK-002102,제출,SD13-1,2026-09-02,SD13-1,,,,,2026-07-14,2026,하반기,2026-08-23,1,
TSK-002103,작성중,SD13-1,,,,,,,2026-07-15,2026,상반기,2026-08-24,0,
TSK-002104,제출,SD13-1,2026-09-04,SD13-1,,,,,2026-07-16,2026,하반기,2026-08-25,1,
TSK-002105,작성중,SD13-1,,,,,,,2026-07-17,2026,상반기,2026-08-26,0,
TSK-002106,작성중,SD13-1,,,,,,,2026-07-18,2026,하반기,2026-08-27,0,
TSK-002107,승인,SD13-1,2026-09-07,SD13-1,2026-09-11,SD02-1,,,2026-07-19,2026,상반기,2026-08-28,1,이행완료
TSK-002108,반려,SD05-1,2026-09-08,SD05-1,,,2026-09-12,증빙 사진에 일자 표기가 없음,2026-07-20,2026,하반기,2026-08-29,0,보완필요
TSK-002109,작성중,SD02-1,,,,,,,2026-07-21,2026,상반기,2026-08-30,0,미이행
TSK-002110,제출,SD02-1,2026-08-31,SD02-1,,,,,2026-07-22,2026,하반기,2026-08-31,1,
TSK-002111,작성중,SD02-1,,,,,,,2026-07-23,2026,상반기,2026-09-01,0,
TSK-002112,제출,SD02-1,2026-09-02,SD02-1,,,,,2026-07-24,2026,하반기,2026-09-02,1,
TSK-002113,작성중,SD02-1,,,,,,,2026-07-25,2026,상반기,2026-09-03,0,
TSK-002114,작성중,SD02-1,,,,,,,2026-07-26,2026,하반기,2026-09-04,0,미이행
TSK-002115,승인,SD02-1,2026-09-05,SD02-1,2026-09-11,SD02-1,,,2026-07-27,2026,상반기,2026-09-05,1,이행완료
TSK-002116,반려,SD02-1,2026-09-06,SD02-1,,,2026-09-14,증빙 사진에 일자 표기가 없음,2026-07-28,2026,하반기,2026-09-06,0,보완필요
TSK-002117,작성중,SD02-1,,,,,,,2026-07-29,2026,상반기,2026-09-07,0,미이행
TSK-002118,제출,SD02-1,2026-09-08,SD02-1,,,,,2026-07-30,2026,하반기,2026-09-08,1,
TSK-002119,작성중,SD02-1,,,,,,,2026-07-31,2026,상반기,2026-09-09,0,
TSK-002120,제출,SD02-1,2026-08-31,SD02-1,,,,,2026-06-22,2026,하반기,2026-09-10,1,
TSK-002121,작성중,SD02-1,,,,,,,2026-06-23,2026,상반기,2026-09-11,0,
TSK-002122,작성중,SD02-1,,,,,,,2026-06-24,2026,하반기,2026-09-12,0,
TSK-002123,승인,SD02-1,2026-09-03,SD02-1,2026-09-11,SD02-1,,,2026-06-25,2026,상반기,2026-09-13,1,이행완료
TSK-002124,반려,SD02-1,2026-09-04,SD02-1,,,2026-09-10,증빙 사진에 일자 표기가 없음,2026-06-26,2026,하반기,2026-09-14,0,보완필요
TSK-002125,작성중,SD02-1,,,,,,,2026-06-27,2026,상반기,2026-08-21,0,미이행
TSK-002126,제출,SD02-1,2026-09-06,SD02-1,,,,,2026-06-28,2026,하반기,2026-08-22,1,
TSK-002127,작성중,SD02-1,,,,,,,2026-06-29,2026,상반기,2026-08-23,0,
TSK-002128,제출,SD02-1,2026-09-08,SD02-1,,,,,2026-06-30,2026,하반기,2026-08-24,1,
TSK-002129,작성중,SD02-1,,,,,,,2026-07-01,2026,상반기,2026-08-25,0,
TSK-002130,작성중,SD02-1,,,,,,,2026-07-02,2026,하반기,2026-08-26,0,
TSK-002131,승인,SD02-1,2026-09-01,SD02-1,2026-09-11,SD02-1,,,2026-07-03,2026,상반기,2026-08-27,1,이행완료
TSK-002132,반려,SD02-1,2026-09-02,SD02-1,,,2026-09-12,증빙 사진에 일자 표기가 없음,2026-07-04,2026,하반기,2026-08-28,0,보완필요
TSK-002133,작성중,SD02-1,,,,,,,2026-07-05,2026,상반기,2026-08-29,0,미이행
TSK-002134,제출,SD02-1,2026-09-04,SD02-1,,,,,2026-07-06,2026,하반기,2026-08-30,1,
TSK-002135,작성중,SD02-1,,,,,,,2026-07-07,2026,상반기,2026-08-31,0,미이행
TSK-002136,제출,SD02-1,2026-09-06,SD02-1,,,,,2026-07-08,2026,하반기,2026-09-01,1,
TSK-002137,작성중,SD02-1,,,,,,,2026-07-09,2026,상반기,2026-09-02,0,미이행
TSK-002138,작성중,SD02-1,,,,,,,2026-07-10,2026,하반기,2026-09-03,0,미이행
TSK-002139,승인,SD02-1,2026-09-09,SD02-1,2026-09-11,SD02-1,,,2026-07-11,2026,상반기,2026-09-04,1,이행완료
TSK-002140,반려,SD02-1,2026-08-31,SD02-1,,,2026-09-14,증빙 사진에 일자 표기가 없음,2026-07-12,2026,하반기,2026-09-05,0,보완필요
TSK-002141,작성중,SD09-1,,,,,,,2026-07-13,2026,상반기,2026-09-06,0,미이행
TSK-002142,제출,SD09-1,2026-09-02,SD09-1,,,,,2026-07-14,2026,하반기,2026-09-07,1,
TSK-002143,작성중,SD09-1,,,,,,,2026-07-15,2026,상반기,2026-09-08,0,
TSK-002144,제출,SD09-1,2026-09-04,SD09-1,,,,,2026-07-16,2026,하반기,2026-09-09,1,
TSK-002145,작성중,SD09-1,,,,,,,2026-07-17,2026,상반기,2026-09-10,0,
TSK-002146,작성중,SD09-1,,,,,,,2026-07-18,2026,하반기,2026-09-11,0,
TSK-002147,승인,SD09-1,2026-09-07,SD09-1,2026-09-11,SD02-1,,,2026-07-19,2026,상반기,2026-09-12,1,이행완료
TSK-002148,반려,SD09-1,2026-09-08,SD09-1,,,2026-09-10,증빙 사진에 일자 표기가 없음,2026-07-20,2026,하반기,2026-09-13,0,보완필요
TSK-002149,작성중,SD09-1,,,,,,,2026-07-21,2026,상반기,2026-09-14,0,미이행
TSK-002150,제출,SD09-1,2026-08-31,SD09-1,,,,,2026-07-22,2026,하반기,2026-08-21,1,
TSK-002151,작성중,SD09-1,,,,,,,2026-07-23,2026,상반기,2026-08-22,0,
TSK-002152,제출,SD09-1,2026-09-02,SD09-1,,,,,2026-07-24,2026,하반기,2026-08-23,1,
TSK-002153,작성중,SD02-1,,,,,,,2026-07-25,2026,상반기,2026-08-24,0,
TSK-002154,작성중,SD02-1,,,,,,,2026-07-26,2026,하반기,2026-08-25,0,
TSK-002155,승인,SD02-1,2026-09-05,SD02-1,2026-09-11,SD02-1,,,2026-07-27,2026,상반기,2026-08-26,1,이행완료
TSK-002156,반려,SD02-1,2026-09-06,SD02-1,,,2026-09-12,증빙 사진에 일자 표기가 없음,2026-07-28,2026,하반기,2026-08-27,0,보완필요
TSK-002157,작성중,SD02-1,,,,,,,2026-07-29,2026,상반기,2026-08-28,0,미이행
TSK-002158,제출,SD02-1,2026-09-08,SD02-1,,,,,2026-07-30,2026,하반기,2026-08-29,1,
TSK-002159,작성중,SD02-1,,,,,,,2026-07-31,2026,상반기,2026-08-30,0,
TSK-002160,제출,SD02-1,2026-08-31,SD02-1,,,,,2026-06-22,2026,하반기,2026-08-31,1,
TSK-002161,작성중,SD02-1,,,,,,,2026-06-23,2026,상반기,2026-09-01,0,미이행
TSK-002162,작성중,SD02-1,,,,,,,2026-06-24,2026,하반기,2026-09-02,0,미이행
TSK-002163,승인,SD02-1,2026-09-03,SD02-1,2026-09-11,SD02-1,,,2026-06-25,2026,상반기,2026-09-03,1,이행완료
TSK-002164,반려,SD02-1,2026-09-04,SD02-1,,,2026-09-14,증빙 사진에 일자 표기가 없음,2026-06-26,2026,하반기,2026-09-04,0,보완필요
TSK-002165,작성중,SD02-1,,,,,,,2026-06-27,2026,상반기,2026-09-05,0,미이행
TSK-002166,제출,SD02-1,2026-09-06,SD02-1,,,,,2026-06-28,2026,하반기,2026-09-06,1,
TSK-002167,작성중,SD02-1,,,,,,,2026-06-29,2026,상반기,2026-09-07,0,미이행
TSK-002168,제출,SD02-1,2026-09-08,SD02-1,,,,,2026-06-30,2026,하반기,2026-09-08,1,
TSK-002169,작성중,SD02-1,,,,,,,2026-07-01,2026,상반기,2026-09-09,0,
TSK-002170,작성중,SD02-1,,,,,,,2026-07-02,2026,하반기,2026-09-10,0,
TSK-002171,승인,SD02-1,2026-09-01,SD02-1,2026-09-11,SD02-1,,,2026-07-03,2026,상반기,2026-09-11,1,이행완료
TSK-002172,반려,SD02-1,2026-09-02,SD02-1,,,2026-09-10,증빙 사진에 일자 표기가 없음,2026-07-04,2026,하반기,2026-09-12,0,보완필요
TSK-002173,작성중,SD02-1,,,,,,,2026-07-05,2026,상반기,2026-09-13,0,미이행
TSK-002174,제출,SD02-1,2026-09-04,SD02-1,,,,,2026-07-06,2026,하반기,2026-09-14,1,
TSK-002175,작성중,SD03-1,,,,,,,2026-07-07,2026,상반기,2026-08-21,0,
TSK-002176,제출,SD03-1,2026-09-06,SD03-1,,,,,2026-07-08,2026,하반기,2026-08-22,1,
TSK-002177,작성중,SD03-1,,,,,,,2026-07-09,2026,상반기,2026-08-23,0,
TSK-002178,작성중,SD03-1,,,,,,,2026-07-10,2026,하반기,2026-08-24,0,
TSK-002179,승인,SD03-1,2026-09-09,SD03-1,2026-09-11,SD02-1,,,2026-07-11,2026,상반기,2026-08-25,1,이행완료
TSK-002180,반려,SD03-1,2026-08-31,SD03-1,,,2026-09-12,증빙 사진에 일자 표기가 없음,2026-07-12,2026,하반기,2026-08-26,0,보완필요
TSK-002181,작성중,SD03-1,,,,,,,2026-07-13,2026,상반기,2026-08-27,0,미이행
TSK-002182,제출,SD03-1,2026-09-02,SD03-1,,,,,2026-07-14,2026,하반기,2026-08-28,1,
TSK-002183,작성중,SD03-1,,,,,,,2026-07-15,2026,상반기,2026-08-29,0,
TSK-002184,제출,SD03-1,2026-09-04,SD03-1,,,,,2026-07-16,2026,하반기,2026-08-30,1,
TSK-002185,작성중,SD03-1,,,,,,,2026-07-17,2026,상반기,2026-08-31,0,
TSK-002186,작성중,SD03-1,,,,,,,2026-07-18,2026,하반기,2026-09-01,0,
TSK-002187,승인,SD02-1,2026-09-07,SD02-1,2026-09-11,SD02-1,,,2026-07-19,2026,상반기,2026-09-02,1,이행완료
TSK-002188,반려,SD02-1,2026-09-08,SD02-1,,,2026-09-14,증빙 사진에 일자 표기가 없음,2026-07-20,2026,하반기,2026-09-03,0,보완필요
TSK-002189,작성중,SD02-1,,,,,,,2026-07-21,2026,상반기,2026-09-04,0,미이행
TSK-002190,제출,SD02-1,2026-08-31,SD02-1,,,,,2026-07-22,2026,하반기,2026-09-05,1,
TSK-002191,작성중,SD02-1,,,,,,,2026-07-23,2026,상반기,2026-09-06,0,미이행
TSK-002192,제출,SD02-1,2026-09-02,SD02-1,,,,,2026-07-24,2026,하반기,2026-09-07,1,
TSK-002193,작성중,SD02-1,,,,,,,2026-07-25,2026,상반기,2026-09-08,0,미이행
TSK-002194,작성중,SD02-1,,,,,,,2026-07-26,2026,하반기,2026-09-09,0,미이행
TSK-002195,승인,SD02-1,2026-09-05,SD02-1,2026-09-11,SD02-1,,,2026-07-27,2026,상반기,2026-09-10,1,이행완료
TSK-002196,반려,SD02-1,2026-09-06,SD02-1,,,2026-09-10,증빙 사진에 일자 표기가 없음,2026-07-28,2026,하반기,2026-09-11,0,보완필요
TSK-002197,작성중,SD02-1,,,,,,,2026-07-29,2026,상반기,2026-09-12,0,미이행
TSK-002198,제출,SD02-1,2026-09-08,SD02-1,,,,,2026-07-30,2026,하반기,2026-09-13,1,
TSK-002199,작성중,SD02-1,,,,,,,2026-07-31,2026,상반기,2026-09-14,0,미이행
TSK-002200,제출,SD02-1,2026-08-31,SD02-1,,,,,2026-06-22,2026,하반기,2026-08-21,1,
TSK-002201,작성중,SD02-1,,,,,,,2026-06-23,2026,상반기,2026-08-22,0,
TSK-002202,작성중,SD02-1,,,,,,,2026-06-24,2026,하반기,2026-08-23,0,미이행
TSK-002203,승인,SD02-1,2026-09-03,SD02-1,2026-09-11,SD02-1,,,2026-06-25,2026,상반기,2026-08-24,1,이행완료
TSK-002204,반려,SD02-1,2026-09-04,SD02-1,,,2026-09-12,증빙 사진에 일자 표기가 없음,2026-06-26,2026,하반기,2026-08-25,0,보완필요
TSK-002205,작성중,SD02-1,,,,,,,2026-06-27,2026,상반기,2026-08-26,0,미이행
TSK-002206,제출,SD02-1,2026-09-06,SD02-1,,,,,2026-06-28,2026,하반기,2026-08-27,1,
TSK-002207,작성중,SD02-1,,,,,,,2026-06-29,2026,상반기,2026-08-28,0,
TSK-002208,제출,SD02-1,2026-09-08,SD02-1,,,,,2026-06-30,2026,하반기,2026-08-29,1,
TSK-002209,작성중,SD02-1,,,,,,,2026-07-01,2026,상반기,2026-08-30,0,
TSK-002210,작성중,SD02-1,,,,,,,2026-07-02,2026,하반기,2026-08-31,0,
TSK-002211,승인,SD02-1,2026-09-01,SD02-1,2026-09-11,SD02-1,,,2026-07-03,2026,상반기,2026-09-01,1,이행완료
TSK-002212,반려,SD02-1,2026-09-02,SD02-1,,,2026-09-14,증빙 사진에 일자 표기가 없음,2026-07-04,2026,하반기,2026-09-02,0,보완필요
TSK-002213,작성중,SD02-1,,,,,,,2026-07-05,2026,상반기,2026-09-03,0,미이행
TSK-002214,제출,SD02-1,2026-09-04,SD02-1,,,,,2026-07-06,2026,하반기,2026-09-04,1,
TSK-002215,작성중,SD02-1,,,,,,,2026-07-07,2026,상반기,2026-09-05,0,미이행
TSK-002216,제출,SD02-1,2026-09-06,SD02-1,,,,,2026-07-08,2026,하반기,2026-09-06,1,
TSK-002217,작성중,SD02-1,,,,,,,2026-07-09,2026,상반기,2026-09-07,0,미이행
TSK-002218,작성중,SD02-1,,,,,,,2026-07-10,2026,하반기,2026-09-08,0,미이행
TSK-002219,승인,SD02-1,2026-09-09,SD02-1,2026-09-11,SD02-1,,,2026-07-11,2026,상반기,2026-09-09,1,이행완료
TSK-002220,반려,SD02-1,2026-08-31,SD02-1,,,2026-09-10,증빙 사진에 일자 표기가 없음,2026-07-12,2026,하반기,2026-09-10,0,보완필요
TSK-002221,작성중,SD09-1,,,,,,,2026-07-13,2026,상반기,2026-09-11,0,미이행
TSK-002222,제출,SD09-1,2026-09-02,SD09-1,,,,,2026-07-14,2026,하반기,2026-09-12,1,
TSK-002223,작성중,SD09-1,,,,,,,2026-07-15,2026,상반기,2026-09-13,0,
TSK-002224,제출,SD09-1,2026-09-04,SD09-1,,,,,2026-07-16,2026,하반기,2026-09-14,1,
TSK-002225,작성중,SD02-1,,,,,,,2026-07-17,2026,상반기,2026-08-21,0,
TSK-002226,작성중,SD04-1,,,,,,,2026-07-18,2026,하반기,2026-08-22,0,
TSK-002227,승인,SD04-1,2026-09-07,SD04-1,2026-09-11,SD02-1,,,2026-07-19,2026,상반기,2026-08-23,1,이행완료
TSK-002228,반려,SD04-1,2026-09-08,SD04-1,,,2026-09-12,증빙 사진에 일자 표기가 없음,2026-07-20,2026,하반기,2026-08-24,0,보완필요
TSK-002229,작성중,SD04-1,,,,,,,2026-07-21,2026,상반기,2026-08-25,0,미이행
TSK-002230,제출,SD04-1,2026-08-31,SD04-1,,,,,2026-07-22,2026,하반기,2026-08-26,1,
TSK-002231,작성중,SD04-1,,,,,,,2026-07-23,2026,상반기,2026-08-27,0,
TSK-002232,제출,SD04-1,2026-09-02,SD04-1,,,,,2026-07-24,2026,하반기,2026-08-28,1,
TSK-002233,작성중,SD04-1,,,,,,,2026-07-25,2026,상반기,2026-08-29,0,
TSK-002234,작성중,SD04-1,,,,,,,2026-07-26,2026,하반기,2026-08-30,0,
TSK-002235,승인,SD04-1,2026-09-05,SD04-1,2026-09-11,SD02-1,,,2026-07-27,2026,상반기,2026-08-31,1,이행완료
TSK-002236,반려,SD04-1,2026-09-06,SD04-1,,,2026-09-14,증빙 사진에 일자 표기가 없음,2026-07-28,2026,하반기,2026-09-01,0,보완필요
TSK-002237,작성중,SD04-1,,,,,,,2026-07-29,2026,상반기,2026-09-02,0,미이행
TSK-002238,제출,SD04-1,2026-09-08,SD04-1,,,,,2026-07-30,2026,하반기,2026-09-03,1,
TSK-002239,작성중,SD04-1,,,,,,,2026-07-31,2026,상반기,2026-09-04,0,
TSK-002240,제출,SD04-1,2026-08-31,SD04-1,,,,,2026-06-22,2026,하반기,2026-09-05,1,
TSK-002241,작성중,SD04-1,,,,,,,2026-06-23,2026,상반기,2026-09-06,0,
TSK-002242,작성중,SD04-1,,,,,,,2026-06-24,2026,하반기,2026-09-07,0,
TSK-002243,승인,SD04-1,2026-09-03,SD04-1,2026-09-11,SD02-1,,,2026-06-25,2026,상반기,2026-09-08,1,이행완료
TSK-002244,반려,SD04-1,2026-09-04,SD04-1,,,2026-09-10,증빙 사진에 일자 표기가 없음,2026-06-26,2026,하반기,2026-09-09,0,보완필요
TSK-002245,작성중,SD04-1,,,,,,,2026-06-27,2026,상반기,2026-09-10,0,미이행
TSK-002246,제출,SD05-1,2026-09-06,SD05-1,,,,,2026-06-28,2026,하반기,2026-09-11,1,
TSK-002247,작성중,SD13-1,,,,,,,2026-06-29,2026,상반기,2026-09-12,0,미이행
TSK-002248,제출,SD13-1,2026-09-08,SD13-1,,,,,2026-06-30,2026,하반기,2026-09-13,1,
TSK-002249,작성중,SD13-1,,,,,,,2026-07-01,2026,상반기,2026-09-14,0,미이행
TSK-002250,작성중,SD13-1,,,,,,,2026-07-02,2026,하반기,2026-08-21,0,미이행
TSK-002251,승인,SD04-1,2026-09-01,SD04-1,2026-09-11,SD02-1,,,2026-07-03,2026,상반기,2026-08-22,1,이행완료
TSK-002252,반려,SD04-1,2026-09-02,SD04-1,,,2026-09-12,증빙 사진에 일자 표기가 없음,2026-07-04,2026,하반기,2026-08-23,0,보완필요
TSK-002253,작성중,SD04-1,,,,,,,2026-07-05,2026,상반기,2026-08-24,0,미이행
TSK-002254,제출,SD04-1,2026-09-04,SD04-1,,,,,2026-07-06,2026,하반기,2026-08-25,1,
TSK-002255,작성중,SD04-1,,,,,,,2026-07-07,2026,상반기,2026-08-26,0,미이행
TSK-002256,제출,SD04-1,2026-09-06,SD04-1,,,,,2026-07-08,2026,하반기,2026-08-27,1,
TSK-002257,작성중,SD04-1,,,,,,,2026-07-09,2026,상반기,2026-08-28,0,미이행
TSK-002258,작성중,SD04-1,,,,,,,2026-07-10,2026,하반기,2026-08-29,0,미이행
TSK-002259,승인,SD04-1,2026-09-09,SD04-1,2026-09-11,SD02-1,,,2026-07-11,2026,상반기,2026-08-30,1,이행완료
TSK-002260,반려,SD04-1,2026-08-31,SD04-1,,,2026-09-14,증빙 사진에 일자 표기가 없음,2026-07-12,2026,하반기,2026-08-31,0,보완필요
TSK-002261,작성중,SD04-1,,,,,,,2026-07-13,2026,상반기,2026-09-01,0,미이행
TSK-002262,제출,SD04-1,2026-09-02,SD04-1,,,,,2026-07-14,2026,하반기,2026-09-02,1,
TSK-002263,작성중,SD04-1,,,,,,,2026-07-15,2026,상반기,2026-09-03,0,
TSK-002264,제출,SD04-1,2026-09-04,SD04-1,,,,,2026-07-16,2026,하반기,2026-09-04,1,
TSK-002265,작성중,SD04-1,,,,,,,2026-07-17,2026,상반기,2026-09-05,0,
TSK-002266,작성중,SD04-1,,,,,,,2026-07-18,2026,하반기,2026-09-06,0,
TSK-002267,승인,SD04-1,2026-09-07,SD04-1,2026-09-11,SD02-1,,,2026-07-19,2026,상반기,2026-09-07,1,이행완료
TSK-002268,반려,SD04-1,2026-09-08,SD04-1,,,2026-09-10,증빙 사진에 일자 표기가 없음,2026-07-20,2026,하반기,2026-09-08,0,보완필요
TSK-002269,작성중,SD04-1,,,,,,,2026-07-21,2026,상반기,2026-09-09,0,미이행
TSK-002270,제출,SD04-1,2026-08-31,SD04-1,,,,,2026-07-22,2026,하반기,2026-09-10,1,
TSK-002271,작성중,SD04-1,,,,,,,2026-07-23,2026,상반기,2026-09-11,0,
TSK-002272,제출,SD04-1,2026-09-02,SD04-1,,,,,2026-07-24,2026,하반기,2026-09-12,1,
TSK-002273,작성중,SD04-1,,,,,,,2026-07-25,2026,상반기,2026-09-13,0,
TSK-002274,작성중,SD04-1,,,,,,,2026-07-26,2026,하반기,2026-09-14,0,
TSK-002275,승인,SD04-1,2026-09-05,SD04-1,2026-09-11,SD02-1,,,2026-07-27,2026,상반기,2026-08-21,1,이행완료
TSK-002276,반려,SD04-1,2026-09-06,SD04-1,,,2026-09-12,증빙 사진에 일자 표기가 없음,2026-07-28,2026,하반기,2026-08-22,0,보완필요
TSK-002277,작성중,SD04-1,,,,,,,2026-07-29,2026,상반기,2026-08-23,0,미이행
TSK-002278,제출,SD04-1,2026-09-08,SD04-1,,,,,2026-07-30,2026,하반기,2026-08-24,1,
TSK-002279,작성중,SD04-1,,,,,,,2026-07-31,2026,상반기,2026-08-25,0,
TSK-002280,제출,SD04-1,2026-08-31,SD04-1,,,,,2026-06-22,2026,하반기,2026-08-26,1,
TSK-002281,작성중,SD04-1,,,,,,,2026-06-23,2026,상반기,2026-08-27,0,
TSK-002282,작성중,SD04-1,,,,,,,2026-06-24,2026,하반기,2026-08-28,0,
TSK-002283,승인,SD04-1,2026-09-03,SD04-1,2026-09-11,SD02-1,,,2026-06-25,2026,상반기,2026-08-29,1,이행완료
TSK-002284,반려,SD04-1,2026-09-04,SD04-1,,,2026-09-14,증빙 사진에 일자 표기가 없음,2026-06-26,2026,하반기,2026-08-30,0,보완필요
TSK-002285,작성중,SD04-1,,,,,,,2026-06-27,2026,상반기,2026-08-31,0,미이행
TSK-002286,제출,SD04-1,2026-09-06,SD04-1,,,,,2026-06-28,2026,하반기,2026-09-01,1,
TSK-002287,작성중,SD04-1,,,,,,,2026-06-29,2026,상반기,2026-09-02,0,
TSK-002288,제출,SD04-1,2026-09-08,SD04-1,,,,,2026-06-30,2026,하반기,2026-09-03,1,
TSK-002289,작성중,SD04-1,,,,,,,2026-07-01,2026,상반기,2026-09-04,0,
TSK-002290,작성중,SD04-1,,,,,,,2026-07-02,2026,하반기,2026-09-05,0,
TSK-002291,승인,SD04-1,2026-09-01,SD04-1,2026-09-11,SD02-1,,,2026-07-03,2026,상반기,2026-09-06,1,이행완료
TSK-002292,반려,SD04-1,2026-09-02,SD04-1,,,2026-09-10,증빙 사진에 일자 표기가 없음,2026-07-04,2026,하반기,2026-09-07,0,보완필요
TSK-002293,작성중,SD04-1,,,,,,,2026-07-05,2026,상반기,2026-09-08,0,미이행
TSK-002294,제출,SD04-1,2026-09-04,SD04-1,,,,,2026-07-06,2026,하반기,2026-09-09,1,
TSK-002295,작성중,SD04-1,,,,,,,2026-07-07,2026,상반기,2026-09-10,0,미이행
TSK-002296,제출,SD04-1,2026-09-06,SD04-1,,,,,2026-07-08,2026,하반기,2026-09-11,1,
TSK-002297,작성중,SD04-1,,,,,,,2026-07-09,2026,상반기,2026-09-12,0,미이행
TSK-002298,작성중,SD04-1,,,,,,,2026-07-10,2026,하반기,2026-09-13,0,
TSK-002299,승인,SD04-1,2026-09-09,SD04-1,2026-09-11,SD02-1,,,2026-07-11,2026,상반기,2026-09-14,1,이행완료
TSK-002300,반려,SD04-1,2026-08-31,SD04-1,,,2026-09-12,증빙 사진에 일자 표기가 없음,2026-07-12,2026,하반기,2026-08-21,0,보완필요
TSK-002301,작성중,SD04-1,,,,,,,2026-07-13,2026,상반기,2026-08-22,0,미이행
TSK-002302,제출,SD04-1,2026-09-02,SD04-1,,,,,2026-07-14,2026,하반기,2026-08-23,1,
TSK-002303,작성중,SD04-1,,,,,,,2026-07-15,2026,상반기,2026-08-24,0,미이행
TSK-002304,제출,SD04-1,2026-09-04,SD04-1,,,,,2026-07-16,2026,하반기,2026-08-25,1,
TSK-002305,작성중,SD04-1,,,,,,,2026-07-17,2026,상반기,2026-08-26,0,미이행
TSK-002306,작성중,SD04-1,,,,,,,2026-07-18,2026,하반기,2026-08-27,0,미이행
TSK-002307,승인,SD04-1,2026-09-07,SD04-1,2026-09-11,SD02-1,,,2026-07-19,2026,상반기,2026-08-28,1,이행완료
TSK-002308,반려,SD04-1,2026-09-08,SD04-1,,,2026-09-14,증빙 사진에 일자 표기가 없음,2026-07-20,2026,하반기,2026-08-29,0,보완필요
TSK-002309,작성중,SD04-1,,,,,,,2026-07-21,2026,상반기,2026-08-30,0,미이행
TSK-002310,제출,SD04-1,2026-08-31,SD04-1,,,,,2026-07-22,2026,하반기,2026-08-31,1,
TSK-002311,작성중,SD04-1,,,,,,,2026-07-23,2026,상반기,2026-09-01,0,미이행
TSK-002312,제출,SD04-1,2026-09-02,SD04-1,,,,,2026-07-24,2026,하반기,2026-09-02,1,
TSK-002313,작성중,SD04-1,,,,,,,2026-07-25,2026,상반기,2026-09-03,0,
TSK-002314,작성중,SD04-1,,,,,,,2026-07-26,2026,하반기,2026-09-04,0,
TSK-002315,승인,SD04-1,2026-09-05,SD04-1,2026-09-11,SD02-1,,,2026-07-27,2026,상반기,2026-09-05,1,이행완료
TSK-002316,반려,SD04-1,2026-09-06,SD04-1,,,2026-09-10,증빙 사진에 일자 표기가 없음,2026-07-28,2026,하반기,2026-09-06,0,보완필요
TSK-002317,작성중,SD04-1,,,,,,,2026-07-29,2026,상반기,2026-09-07,0,미이행
TSK-002318,제출,SD04-1,2026-09-08,SD04-1,,,,,2026-07-30,2026,하반기,2026-09-08,1,
TSK-002319,작성중,SD04-1,,,,,,,2026-07-31,2026,상반기,2026-09-09,0,
TSK-002320,제출,SD04-1,2026-08-31,SD04-1,,,,,2026-06-22,2026,하반기,2026-09-10,1,
TSK-002321,작성중,SD04-1,,,,,,,2026-06-23,2026,상반기,2026-09-11,0,
TSK-002322,작성중,SD04-1,,,,,,,2026-06-24,2026,하반기,2026-09-12,0,
TSK-002323,승인,SD04-1,2026-09-03,SD04-1,2026-09-11,SD02-1,,,2026-06-25,2026,상반기,2026-09-13,1,이행완료
TSK-002324,반려,SD04-1,2026-09-04,SD04-1,,,2026-09-12,증빙 사진에 일자 표기가 없음,2026-06-26,2026,하반기,2026-09-14,0,보완필요
TSK-002325,작성중,SD04-1,,,,,,,2026-06-27,2026,상반기,2026-08-21,0,미이행
TSK-002326,제출,SD04-1,2026-09-06,SD04-1,,,,,2026-06-28,2026,하반기,2026-08-22,1,
TSK-002327,작성중,SD04-1,,,,,,,2026-06-29,2026,상반기,2026-08-23,0,
TSK-002328,제출,SD04-1,2026-09-08,SD04-1,,,,,2026-06-30,2026,하반기,2026-08-24,1,
TSK-002329,작성중,SD04-1,,,,,,,2026-07-01,2026,상반기,2026-08-25,0,
TSK-002330,작성중,SD04-1,,,,,,,2026-07-02,2026,하반기,2026-08-26,0,
TSK-002331,승인,SD04-1,2026-09-01,SD04-1,2026-09-11,SD02-1,,,2026-07-03,2026,상반기,2026-08-27,1,이행완료
TSK-002332,반려,SD04-1,2026-09-02,SD04-1,,,2026-09-14,증빙 사진에 일자 표기가 없음,2026-07-04,2026,하반기,2026-08-28,0,보완필요
TSK-002333,작성중,SD04-1,,,,,,,2026-07-05,2026,상반기,2026-08-29,0,미이행
TSK-002334,제출,SD04-1,2026-09-04,SD04-1,,,,,2026-07-06,2026,하반기,2026-08-30,1,
TSK-002335,작성중,SD04-1,,,,,,,2026-07-07,2026,상반기,2026-08-31,0,
TSK-002336,제출,SD04-1,2026-09-06,SD04-1,,,,,2026-07-08,2026,하반기,2026-09-01,1,
TSK-002337,작성중,SD04-1,,,,,,,2026-07-09,2026,상반기,2026-09-02,0,
TSK-002338,작성중,SD04-1,,,,,,,2026-07-10,2026,하반기,2026-09-03,0,
TSK-002339,승인,SD04-1,2026-09-09,SD04-1,2026-09-11,SD02-1,,,2026-07-11,2026,상반기,2026-09-04,1,이행완료
TSK-002340,반려,SD04-1,2026-08-31,SD04-1,,,2026-09-10,증빙 사진에 일자 표기가 없음,2026-07-12,2026,하반기,2026-09-05,0,보완필요
TSK-002341,작성중,SD04-1,,,,,,,2026-07-13,2026,상반기,2026-09-06,0,미이행
TSK-002342,제출,SD04-1,2026-09-02,SD04-1,,,,,2026-07-14,2026,하반기,2026-09-07,1,
TSK-002343,작성중,SD04-1,,,,,,,2026-07-15,2026,상반기,2026-09-08,0,
TSK-002344,제출,SD04-1,2026-09-04,SD04-1,,,,,2026-07-16,2026,하반기,2026-09-09,1,
TSK-002345,작성중,SD04-1,,,,,,,2026-07-17,2026,상반기,2026-09-10,0,
TSK-002346,작성중,SD04-1,,,,,,,2026-07-18,2026,하반기,2026-09-11,0,
TSK-002347,승인,SD04-1,2026-09-07,SD04-1,2026-09-11,SD02-1,,,2026-07-19,2026,상반기,2026-09-12,1,이행완료
TSK-002348,반려,SD04-1,2026-09-08,SD04-1,,,2026-09-12,증빙 사진에 일자 표기가 없음,2026-07-20,2026,하반기,2026-09-13,0,보완필요
TSK-002349,작성중,SD04-1,,,,,,,2026-07-21,2026,상반기,2026-09-14,0,미이행
TSK-002350,제출,SD04-1,2026-08-31,SD04-1,,,,,2026-07-22,2026,하반기,2026-08-21,1,
TSK-002351,작성중,SD04-1,,,,,,,2026-07-23,2026,상반기,2026-08-22,0,미이행
TSK-002352,제출,SD04-1,2026-09-02,SD04-1,,,,,2026-07-24,2026,하반기,2026-08-23,1,
TSK-002353,작성중,SD04-1,,,,,,,2026-07-25,2026,상반기,2026-08-24,0,미이행
TSK-002354,작성중,SD04-1,,,,,,,2026-07-26,2026,하반기,2026-08-25,0,미이행
TSK-002355,승인,SD04-1,2026-09-05,SD04-1,2026-09-11,SD02-1,,,2026-07-27,2026,상반기,2026-08-26,1,이행완료
TSK-002356,반려,SD04-1,2026-09-06,SD04-1,,,2026-09-14,증빙 사진에 일자 표기가 없음,2026-07-28,2026,하반기,2026-08-27,0,보완필요
TSK-002357,작성중,SD04-1,,,,,,,2026-07-29,2026,상반기,2026-08-28,0,미이행
TSK-002358,제출,SD04-1,2026-09-08,SD04-1,,,,,2026-07-30,2026,하반기,2026-08-29,1,
TSK-002359,작성중,SD04-1,,,,,,,2026-07-31,2026,상반기,2026-08-30,0,미이행
TSK-002360,제출,SD04-1,2026-08-31,SD04-1,,,,,2026-06-22,2026,하반기,2026-08-31,1,
TSK-002361,작성중,SD04-1,,,,,,,2026-06-23,2026,상반기,2026-09-01,0,미이행
TSK-002362,작성중,SD04-1,,,,,,,2026-06-24,2026,하반기,2026-09-02,0,미이행
TSK-002363,승인,SD04-1,2026-09-03,SD04-1,2026-09-11,SD02-1,,,2026-06-25,2026,상반기,2026-09-03,1,이행완료
TSK-002364,반려,SD04-1,2026-09-04,SD04-1,,,2026-09-10,증빙 사진에 일자 표기가 없음,2026-06-26,2026,하반기,2026-09-04,0,보완필요
TSK-002365,작성중,SD04-1,,,,,,,2026-06-27,2026,상반기,2026-09-05,0,미이행
TSK-002366,제출,SD04-1,2026-09-06,SD04-1,,,,,2026-06-28,2026,하반기,2026-09-06,1,
TSK-002367,작성중,SD04-1,,,,,,,2026-06-29,2026,상반기,2026-09-07,0,
TSK-002368,제출,SD04-1,2026-09-08,SD04-1,,,,,2026-06-30,2026,하반기,2026-09-08,1,
TSK-002369,작성중,SD04-1,,,,,,,2026-07-01,2026,상반기,2026-09-09,0,
TSK-002370,작성중,SD04-1,,,,,,,2026-07-02,2026,하반기,2026-09-10,0,
TSK-002371,승인,SD04-1,2026-09-01,SD04-1,2026-09-11,SD02-1,,,2026-07-03,2026,상반기,2026-09-11,1,이행완료
TSK-002372,반려,SD04-1,2026-09-02,SD04-1,,,2026-09-12,증빙 사진에 일자 표기가 없음,2026-07-04,2026,하반기,2026-09-12,0,보완필요
TSK-002373,작성중,SD04-1,,,,,,,2026-07-05,2026,상반기,2026-09-13,0,미이행
TSK-002374,제출,SD04-1,2026-09-04,SD04-1,,,,,2026-07-06,2026,하반기,2026-09-14,1,
TSK-002375,작성중,SD04-1,,,,,,,2026-07-07,2026,상반기,2026-08-21,0,
TSK-002376,제출,SD04-1,2026-09-06,SD04-1,,,,,2026-07-08,2026,하반기,2026-08-22,1,
TSK-002377,작성중,SD04-1,,,,,,,2026-07-09,2026,상반기,2026-08-23,0,
TSK-002378,작성중,SD04-1,,,,,,,2026-07-10,2026,하반기,2026-08-24,0,
TSK-002379,승인,SD04-1,2026-09-09,SD04-1,2026-09-11,SD02-1,,,2026-07-11,2026,상반기,2026-08-25,1,이행완료
TSK-002380,반려,SD04-1,2026-08-31,SD04-1,,,2026-09-14,증빙 사진에 일자 표기가 없음,2026-07-12,2026,하반기,2026-08-26,0,보완필요
TSK-002381,작성중,SD04-1,,,,,,,2026-07-13,2026,상반기,2026-08-27,0,미이행
TSK-002382,제출,SD04-1,2026-09-02,SD04-1,,,,,2026-07-14,2026,하반기,2026-08-28,1,
TSK-002383,작성중,SD04-1,,,,,,,2026-07-15,2026,상반기,2026-08-29,0,
TSK-002384,제출,SD04-1,2026-09-04,SD04-1,,,,,2026-07-16,2026,하반기,2026-08-30,1,
TSK-002385,작성중,SD04-1,,,,,,,2026-07-17,2026,상반기,2026-08-31,0,
TSK-002386,작성중,SD04-1,,,,,,,2026-07-18,2026,하반기,2026-09-01,0,
TSK-002387,승인,SD04-1,2026-09-07,SD04-1,2026-09-11,SD02-1,,,2026-07-19,2026,상반기,2026-09-02,1,이행완료
TSK-002388,반려,SD04-1,2026-09-08,SD04-1,,,2026-09-10,증빙 사진에 일자 표기가 없음,2026-07-20,2026,하반기,2026-09-03,0,보완필요
TSK-002389,작성중,SD04-1,,,,,,,2026-07-21,2026,상반기,2026-09-04,0,미이행
TSK-002390,제출,SD04-1,2026-08-31,SD04-1,,,,,2026-07-22,2026,하반기,2026-09-05,1,
TSK-002391,작성중,SD04-1,,,,,,,2026-07-23,2026,상반기,2026-09-06,0,
TSK-002392,제출,SD04-1,2026-09-02,SD04-1,,,,,2026-07-24,2026,하반기,2026-09-07,1,
TSK-002393,작성중,SD04-1,,,,,,,2026-07-25,2026,상반기,2026-09-08,0,
TSK-002394,작성중,SD04-1,,,,,,,2026-07-26,2026,하반기,2026-09-09,0,
TSK-002395,승인,SD04-1,2026-09-05,SD04-1,2026-09-11,SD02-1,,,2026-07-27,2026,상반기,2026-09-10,1,이행완료
TSK-002396,반려,SD04-1,2026-09-06,SD04-1,,,2026-09-12,증빙 사진에 일자 표기가 없음,2026-07-28,2026,하반기,2026-09-11,0,보완필요
TSK-002397,작성중,SD04-1,,,,,,,2026-07-29,2026,상반기,2026-09-12,0,미이행
TSK-002398,제출,SD04-1,2026-09-08,SD04-1,,,,,2026-07-30,2026,하반기,2026-09-13,1,
TSK-002399,작성중,SD04-1,,,,,,,2026-07-31,2026,상반기,2026-09-14,0,미이행
TSK-002400,제출,SD04-1,2026-08-31,SD04-1,,,,,2026-06-22,2026,하반기,2026-08-21,1,
TSK-002401,작성중,SD04-1,,,,,,,2026-06-23,2026,상반기,2026-08-22,0,
TSK-002402,작성중,SD04-1,,,,,,,2026-06-24,2026,하반기,2026-08-23,0,
TSK-002403,승인,SD04-1,2026-09-03,SD04-1,2026-09-11,SD02-1,,,2026-06-25,2026,상반기,2026-08-24,1,이행완료
TSK-002404,반려,SD04-1,2026-09-04,SD04-1,,,2026-09-14,증빙 사진에 일자 표기가 없음,2026-06-26,2026,하반기,2026-08-25,0,보완필요
TSK-002405,작성중,SD04-1,,,,,,,2026-06-27,2026,상반기,2026-08-26,0,미이행
TSK-002406,제출,SD04-1,2026-09-06,SD04-1,,,,,2026-06-28,2026,하반기,2026-08-27,1,
TSK-002407,작성중,SD04-1,,,,,,,2026-06-29,2026,상반기,2026-08-28,0,
TSK-002408,제출,SD04-1,2026-09-08,SD04-1,,,,,2026-06-30,2026,하반기,2026-08-29,1,
TSK-002409,작성중,SD04-1,,,,,,,2026-07-01,2026,상반기,2026-08-30,0,
TSK-002410,작성중,SD04-1,,,,,,,2026-07-02,2026,하반기,2026-08-31,0,
TSK-002411,승인,SD04-1,2026-09-01,SD04-1,2026-09-11,SD02-1,,,2026-07-03,2026,상반기,2026-09-01,1,이행완료
TSK-002412,반려,SD04-1,2026-09-02,SD04-1,,,2026-09-10,증빙 사진에 일자 표기가 없음,2026-07-04,2026,하반기,2026-09-02,0,보완필요
TSK-002413,작성중,SD04-1,,,,,,,2026-07-05,2026,상반기,2026-09-03,0,미이행
TSK-002414,제출,SD04-1,2026-09-04,SD04-1,,,,,2026-07-06,2026,하반기,2026-09-04,1,
TSK-002415,작성중,SD04-1,,,,,,,2026-07-07,2026,상반기,2026-09-05,0,
TSK-002416,제출,SD04-1,2026-09-06,SD04-1,,,,,2026-07-08,2026,하반기,2026-09-06,1,
TSK-002417,작성중,SD04-1,,,,,,,2026-07-09,2026,상반기,2026-09-07,0,
TSK-002418,작성중,SD04-1,,,,,,,2026-07-10,2026,하반기,2026-09-08,0,미이행
TSK-002419,승인,SD04-1,2026-09-09,SD04-1,2026-09-11,SD02-1,,,2026-07-11,2026,상반기,2026-09-09,1,이행완료
TSK-002420,반려,SD04-1,2026-08-31,SD04-1,,,2026-09-12,증빙 사진에 일자 표기가 없음,2026-07-12,2026,하반기,2026-09-10,0,보완필요
TSK-002421,작성중,SD04-1,,,,,,,2026-07-13,2026,상반기,2026-09-11,0,미이행
TSK-002422,제출,SD04-1,2026-09-02,SD04-1,,,,,2026-07-14,2026,하반기,2026-09-12,1,
TSK-002423,작성중,SD04-1,,,,,,,2026-07-15,2026,상반기,2026-09-13,0,
TSK-002424,제출,SD04-1,2026-09-04,SD04-1,,,,,2026-07-16,2026,하반기,2026-09-14,1,
TSK-002425,작성중,SD04-1,,,,,,,2026-07-17,2026,상반기,2026-08-21,0,
TSK-002426,작성중,SD04-1,,,,,,,2026-07-18,2026,하반기,2026-08-22,0,
TSK-002427,승인,SD04-1,2026-09-07,SD04-1,2026-09-11,SD02-1,,,2026-07-19,2026,상반기,2026-08-23,1,이행완료
TSK-002428,반려,SD04-1,2026-09-08,SD04-1,,,2026-09-14,증빙 사진에 일자 표기가 없음,2026-07-20,2026,하반기,2026-08-24,0,보완필요
TSK-002429,작성중,SD04-1,,,,,,,2026-07-21,2026,상반기,2026-08-25,0,미이행
TSK-002430,제출,SD04-1,2026-08-31,SD04-1,,,,,2026-07-22,2026,하반기,2026-08-26,1,
TSK-002431,작성중,SD04-1,,,,,,,2026-07-23,2026,상반기,2026-08-27,0,
TSK-002432,제출,SD04-1,2026-09-02,SD04-1,,,,,2026-07-24,2026,하반기,2026-08-28,1,
TSK-002433,작성중,SD04-1,,,,,,,2026-07-25,2026,상반기,2026-08-29,0,
TSK-002434,작성중,SD04-1,,,,,,,2026-07-26,2026,하반기,2026-08-30,0,
TSK-002435,승인,SD04-1,2026-09-05,SD04-1,2026-09-11,SD02-1,,,2026-07-27,2026,상반기,2026-08-31,1,이행완료
TSK-002436,반려,SD04-1,2026-09-06,SD04-1,,,2026-09-10,증빙 사진에 일자 표기가 없음,2026-07-28,2026,하반기,2026-09-01,0,보완필요
TSK-002437,작성중,SD04-1,,,,,,,2026-07-29,2026,상반기,2026-09-02,0,미이행
TSK-002438,제출,SD04-1,2026-09-08,SD04-1,,,,,2026-07-30,2026,하반기,2026-09-03,1,
TSK-002439,작성중,SD04-1,,,,,,,2026-07-31,2026,상반기,2026-09-04,0,
TSK-002440,제출,SD04-1,2026-08-31,SD04-1,,,,,2026-06-22,2026,하반기,2026-09-05,1,
TSK-002441,작성중,SD04-1,,,,,,,2026-06-23,2026,상반기,2026-09-06,0,
TSK-002442,작성중,SD04-1,,,,,,,2026-06-24,2026,하반기,2026-09-07,0,
TSK-002443,승인,SD04-1,2026-09-03,SD04-1,2026-09-11,SD02-1,,,2026-06-25,2026,상반기,2026-09-08,1,이행완료
TSK-002444,반려,SD04-1,2026-09-04,SD04-1,,,2026-09-12,증빙 사진에 일자 표기가 없음,2026-06-26,2026,하반기,2026-09-09,0,보완필요
TSK-002445,작성중,SD04-1,,,,,,,2026-06-27,2026,상반기,2026-09-10,0,미이행
TSK-002446,제출,SD04-1,2026-09-06,SD04-1,,,,,2026-06-28,2026,하반기,2026-09-11,1,
TSK-002447,작성중,SD04-1,,,,,,,2026-06-29,2026,상반기,2026-09-12,0,
TSK-002448,제출,SD04-1,2026-09-08,SD04-1,,,,,2026-06-30,2026,하반기,2026-09-13,1,
TSK-002449,작성중,SD04-1,,,,,,,2026-07-01,2026,상반기,2026-09-14,0,
TSK-002450,작성중,SD04-1,,,,,,,2026-07-02,2026,하반기,2026-08-21,0,
TSK-002451,승인,SD04-1,2026-09-01,SD04-1,2026-09-11,SD02-1,,,2026-07-03,2026,상반기,2026-08-22,1,이행완료
TSK-002452,반려,SD04-1,2026-09-02,SD04-1,,,2026-09-14,증빙 사진에 일자 표기가 없음,2026-07-04,2026,하반기,2026-08-23,0,보완필요
TSK-002453,작성중,SD04-1,,,,,,,2026-07-05,2026,상반기,2026-08-24,0,미이행
TSK-002454,제출,SD04-1,2026-09-04,SD04-1,,,,,2026-07-06,2026,하반기,2026-08-25,1,
TSK-002455,작성중,SD04-1,,,,,,,2026-07-07,2026,상반기,2026-08-26,0,미이행
TSK-002456,제출,SD04-1,2026-09-06,SD04-1,,,,,2026-07-08,2026,하반기,2026-08-27,1,
TSK-002457,작성중,SD04-1,,,,,,,2026-07-09,2026,상반기,2026-08-28,0,미이행
TSK-002458,작성중,SD04-1,,,,,,,2026-07-10,2026,하반기,2026-08-29,0,미이행
TSK-002459,승인,SD04-1,2026-09-09,SD04-1,2026-09-11,SD02-1,,,2026-07-11,2026,상반기,2026-08-30,1,이행완료
TSK-002460,반려,SD04-1,2026-08-31,SD04-1,,,2026-09-10,증빙 사진에 일자 표기가 없음,2026-07-12,2026,하반기,2026-08-31,0,보완필요
TSK-002461,작성중,SD04-1,,,,,,,2026-07-13,2026,상반기,2026-09-01,0,미이행
TSK-002462,제출,SD04-1,2026-09-02,SD04-1,,,,,2026-07-14,2026,하반기,2026-09-02,1,
TSK-002463,작성중,SD04-1,,,,,,,2026-07-15,2026,상반기,2026-09-03,0,
TSK-002464,제출,SD04-1,2026-09-04,SD04-1,,,,,2026-07-16,2026,하반기,2026-09-04,1,
TSK-002465,작성중,SD04-1,,,,,,,2026-07-17,2026,상반기,2026-09-05,0,
TSK-002466,작성중,SD04-1,,,,,,,2026-07-18,2026,하반기,2026-09-06,0,
TSK-002467,승인,SD04-1,2026-09-07,SD04-1,2026-09-11,SD02-1,,,2026-07-19,2026,상반기,2026-09-07,1,이행완료
TSK-002468,반려,SD04-1,2026-09-08,SD04-1,,,2026-09-12,증빙 사진에 일자 표기가 없음,2026-07-20,2026,하반기,2026-09-08,0,보완필요
TSK-002469,작성중,SD04-1,,,,,,,2026-07-21,2026,상반기,2026-09-09,0,미이행
TSK-002470,제출,SD04-1,2026-08-31,SD04-1,,,,,2026-07-22,2026,하반기,2026-09-10,1,
TSK-002471,작성중,SD04-1,,,,,,,2026-07-23,2026,상반기,2026-09-11,0,미이행
TSK-002472,제출,SD04-1,2026-09-02,SD04-1,,,,,2026-07-24,2026,하반기,2026-09-12,1,
TSK-002473,작성중,SD04-1,,,,,,,2026-07-25,2026,상반기,2026-09-13,0,미이행
TSK-002474,작성중,SD04-1,,,,,,,2026-07-26,2026,하반기,2026-09-14,0,미이행
TSK-002475,승인,SD04-1,2026-09-05,SD04-1,2026-09-11,SD02-1,,,2026-07-27,2026,상반기,2026-08-21,1,이행완료
TSK-002476,반려,SD04-1,2026-09-06,SD04-1,,,2026-09-14,증빙 사진에 일자 표기가 없음,2026-07-28,2026,하반기,2026-08-22,0,보완필요
TSK-002477,작성중,SD04-1,,,,,,,2026-07-29,2026,상반기,2026-08-23,0,미이행
TSK-002478,제출,SD04-1,2026-09-08,SD04-1,,,,,2026-07-30,2026,하반기,2026-08-24,1,
TSK-002479,작성중,SD04-1,,,,,,,2026-07-31,2026,상반기,2026-08-25,0,
TSK-002480,제출,SD04-1,2026-08-31,SD04-1,,,,,2026-06-22,2026,하반기,2026-08-26,1,
TSK-002481,작성중,SD04-1,,,,,,,2026-06-23,2026,상반기,2026-08-27,0,
TSK-002482,작성중,SD04-1,,,,,,,2026-06-24,2026,하반기,2026-08-28,0,
TSK-002483,승인,SD04-1,2026-09-03,SD04-1,2026-09-11,SD02-1,,,2026-06-25,2026,상반기,2026-08-29,1,이행완료
TSK-002484,반려,SD04-1,2026-09-04,SD04-1,,,2026-09-10,증빙 사진에 일자 표기가 없음,2026-06-26,2026,하반기,2026-08-30,0,보완필요
TSK-002485,작성중,SD04-1,,,,,,,2026-06-27,2026,상반기,2026-08-31,0,미이행
TSK-002486,제출,SD04-1,2026-09-06,SD04-1,,,,,2026-06-28,2026,하반기,2026-09-01,1,
TSK-002487,작성중,SD04-1,,,,,,,2026-06-29,2026,상반기,2026-09-02,0,
TSK-002488,제출,SD04-1,2026-09-08,SD04-1,,,,,2026-06-30,2026,하반기,2026-09-03,1,
TSK-002489,작성중,SD04-1,,,,,,,2026-07-01,2026,상반기,2026-09-04,0,
TSK-002490,작성중,SD04-1,,,,,,,2026-07-02,2026,하반기,2026-09-05,0,
TSK-002491,승인,SD04-1,2026-09-01,SD04-1,2026-09-11,SD02-1,,,2026-07-03,2026,상반기,2026-09-06,1,이행완료
TSK-002492,반려,SD04-1,2026-09-02,SD04-1,,,2026-09-12,증빙 사진에 일자 표기가 없음,2026-07-04,2026,하반기,2026-09-07,0,보완필요
TSK-002493,작성중,SD04-1,,,,,,,2026-07-05,2026,상반기,2026-09-08,0,미이행
TSK-002494,제출,SD04-1,2026-09-04,SD04-1,,,,,2026-07-06,2026,하반기,2026-09-09,1,
TSK-002495,작성중,SD04-1,,,,,,,2026-07-07,2026,상반기,2026-09-10,0,
TSK-002496,제출,SD04-1,2026-09-06,SD04-1,,,,,2026-07-08,2026,하반기,2026-09-11,1,
TSK-002497,작성중,SD04-1,,,,,,,2026-07-09,2026,상반기,2026-09-12,0,
TSK-002498,작성중,SD04-1,,,,,,,2026-07-10,2026,하반기,2026-09-13,0,
TSK-002499,승인,SD04-1,2026-09-09,SD04-1,2026-09-11,SD02-1,,,2026-07-11,2026,상반기,2026-09-14,1,이행완료
TSK-002500,반려,SD04-1,2026-08-31,SD04-1,,,2026-09-14,증빙 사진에 일자 표기가 없음,2026-07-12,2026,하반기,2026-08-21,0,보완필요
TSK-002501,작성중,SD04-1,,,,,,,2026-07-13,2026,상반기,2026-08-22,0,미이행
TSK-002502,제출,SD04-1,2026-09-02,SD04-1,,,,,2026-07-14,2026,하반기,2026-08-23,1,
TSK-002503,작성중,SD04-1,,,,,,,2026-07-15,2026,상반기,2026-08-24,0,미이행
TSK-002504,제출,SD04-1,2026-09-04,SD04-1,,,,,2026-07-16,2026,하반기,2026-08-25,1,
TSK-002505,작성중,SD04-1,,,,,,,2026-07-17,2026,상반기,2026-08-26,0,미이행
TSK-002506,작성중,SD04-1,,,,,,,2026-07-18,2026,하반기,2026-08-27,0,미이행
TSK-002507,승인,SD04-1,2026-09-07,SD04-1,2026-09-11,SD02-1,,,2026-07-19,2026,상반기,2026-08-28,1,이행완료
TSK-002508,반려,SD04-1,2026-09-08,SD04-1,,,2026-09-10,증빙 사진에 일자 표기가 없음,2026-07-20,2026,하반기,2026-08-29,0,보완필요
TSK-002509,작성중,SD04-1,,,,,,,2026-07-21,2026,상반기,2026-08-30,0,미이행
TSK-002510,제출,SD04-1,2026-08-31,SD04-1,,,,,2026-07-22,2026,하반기,2026-08-31,1,
TSK-002511,작성중,SD04-1,,,,,,,2026-07-23,2026,상반기,2026-09-01,0,
TSK-002512,제출,SD04-1,2026-09-02,SD04-1,,,,,2026-07-24,2026,하반기,2026-09-02,1,
TSK-002513,작성중,SD04-1,,,,,,,2026-07-25,2026,상반기,2026-09-03,0,
TSK-002514,작성중,SD04-1,,,,,,,2026-07-26,2026,하반기,2026-09-04,0,
TSK-002515,승인,SD04-1,2026-09-05,SD04-1,2026-09-11,SD02-1,,,2026-07-27,2026,상반기,2026-09-05,1,이행완료
TSK-002516,반려,SD04-1,2026-09-06,SD04-1,,,2026-09-12,증빙 사진에 일자 표기가 없음,2026-07-28,2026,하반기,2026-09-06,0,보완필요
TSK-002517,작성중,SD04-1,,,,,,,2026-07-29,2026,상반기,2026-09-07,0,미이행
TSK-002518,제출,SD04-1,2026-09-08,SD04-1,,,,,2026-07-30,2026,하반기,2026-09-08,1,
TSK-002519,작성중,SD11-1,,,,,,,2026-07-31,2026,상반기,2026-09-09,0,
TSK-002520,제출,SD04-1,2026-08-31,SD04-1,,,,,2026-06-22,2026,하반기,2026-09-10,1,
TSK-002521,작성중,SD04-1,,,,,,,2026-06-23,2026,상반기,2026-09-11,0,미이행
TSK-002522,작성중,SD04-1,,,,,,,2026-06-24,2026,하반기,2026-09-12,0,미이행
TSK-002523,승인,SD04-1,2026-09-03,SD04-1,2026-09-11,SD02-1,,,2026-06-25,2026,상반기,2026-09-13,1,이행완료
TSK-002524,반려,SD04-1,2026-09-04,SD04-1,,,2026-09-14,증빙 사진에 일자 표기가 없음,2026-06-26,2026,하반기,2026-09-14,0,보완필요
TSK-002525,작성중,SD04-1,,,,,,,2026-06-27,2026,상반기,2026-08-21,0,미이행
TSK-002526,제출,SD04-1,2026-09-06,SD04-1,,,,,2026-06-28,2026,하반기,2026-08-22,1,
TSK-002527,작성중,SD04-1,,,,,,,2026-06-29,2026,상반기,2026-08-23,0,미이행
TSK-002528,제출,SD04-1,2026-09-08,SD04-1,,,,,2026-06-30,2026,하반기,2026-08-24,1,
TSK-002529,작성중,SD04-1,,,,,,,2026-07-01,2026,상반기,2026-08-25,0,
TSK-002530,작성중,SD04-1,,,,,,,2026-07-02,2026,하반기,2026-08-26,0,
TSK-002531,승인,SD04-1,2026-09-01,SD04-1,2026-09-11,SD02-1,,,2026-07-03,2026,상반기,2026-08-27,1,이행완료
TSK-002532,반려,SD04-1,2026-09-02,SD04-1,,,2026-09-10,증빙 사진에 일자 표기가 없음,2026-07-04,2026,하반기,2026-08-28,0,보완필요
TSK-002533,작성중,SD04-1,,,,,,,2026-07-05,2026,상반기,2026-08-29,0,미이행
TSK-002534,제출,SD04-1,2026-09-04,SD04-1,,,,,2026-07-06,2026,하반기,2026-08-30,1,
TSK-002535,작성중,SD04-1,,,,,,,2026-07-07,2026,상반기,2026-08-31,0,
TSK-002536,제출,SD04-1,2026-09-06,SD04-1,,,,,2026-07-08,2026,하반기,2026-09-01,1,
TSK-002537,작성중,SD04-1,,,,,,,2026-07-09,2026,상반기,2026-09-02,0,
TSK-002538,작성중,SD04-1,,,,,,,2026-07-10,2026,하반기,2026-09-03,0,
TSK-002539,승인,SD04-1,2026-09-09,SD04-1,2026-09-11,SD02-1,,,2026-07-11,2026,상반기,2026-09-04,1,이행완료
TSK-002540,반려,SD04-1,2026-08-31,SD04-1,,,2026-09-12,증빙 사진에 일자 표기가 없음,2026-07-12,2026,하반기,2026-09-05,0,보완필요
TSK-002541,작성중,SD04-1,,,,,,,2026-07-13,2026,상반기,2026-09-06,0,미이행
TSK-002542,제출,SD04-1,2026-09-02,SD04-1,,,,,2026-07-14,2026,하반기,2026-09-07,1,
TSK-002543,작성중,SD04-1,,,,,,,2026-07-15,2026,상반기,2026-09-08,0,
TSK-002544,제출,SD04-1,2026-09-04,SD04-1,,,,,2026-07-16,2026,하반기,2026-09-09,1,
TSK-002545,작성중,SD04-1,,,,,,,2026-07-17,2026,상반기,2026-09-10,0,
TSK-002546,작성중,SD04-1,,,,,,,2026-07-18,2026,하반기,2026-09-11,0,
TSK-002547,승인,SD04-1,2026-09-07,SD04-1,2026-09-11,SD02-1,,,2026-07-19,2026,상반기,2026-09-12,1,이행완료
TSK-002548,반려,SD04-1,2026-09-08,SD04-1,,,2026-09-14,증빙 사진에 일자 표기가 없음,2026-07-20,2026,하반기,2026-09-13,0,보완필요
TSK-002549,작성중,SD04-1,,,,,,,2026-07-21,2026,상반기,2026-09-14,0,미이행
TSK-002550,제출,SD04-1,2026-08-31,SD04-1,,,,,2026-07-22,2026,하반기,2026-08-21,1,
TSK-002551,작성중,SD04-1,,,,,,,2026-07-23,2026,상반기,2026-08-22,0,
TSK-002552,제출,SD04-1,2026-09-02,SD04-1,,,,,2026-07-24,2026,하반기,2026-08-23,1,
TSK-002553,작성중,SD04-1,,,,,,,2026-07-25,2026,상반기,2026-08-24,0,
TSK-002554,작성중,SD04-1,,,,,,,2026-07-26,2026,하반기,2026-08-25,0,
TSK-002555,승인,SD04-1,2026-09-05,SD04-1,2026-09-11,SD02-1,,,2026-07-27,2026,상반기,2026-08-26,1,이행완료
TSK-002556,반려,SD04-1,2026-09-06,SD04-1,,,2026-09-10,증빙 사진에 일자 표기가 없음,2026-07-28,2026,하반기,2026-08-27,0,보완필요
TSK-002557,작성중,SD04-1,,,,,,,2026-07-29,2026,상반기,2026-08-28,0,미이행
TSK-002558,제출,SD04-1,2026-09-08,SD04-1,,,,,2026-07-30,2026,하반기,2026-08-29,1,
TSK-002559,작성중,SD04-1,,,,,,,2026-07-31,2026,상반기,2026-08-30,0,미이행
TSK-002560,제출,SD04-1,2026-08-31,SD04-1,,,,,2026-06-22,2026,하반기,2026-08-31,1,
TSK-002561,작성중,SD04-1,,,,,,,2026-06-23,2026,상반기,2026-09-01,0,미이행
TSK-002562,작성중,SD04-1,,,,,,,2026-06-24,2026,하반기,2026-09-02,0,미이행
TSK-002563,승인,SD04-1,2026-09-03,SD04-1,2026-09-11,SD02-1,,,2026-06-25,2026,상반기,2026-09-03,1,이행완료
TSK-002564,반려,SD04-1,2026-09-04,SD04-1,,,2026-09-12,증빙 사진에 일자 표기가 없음,2026-06-26,2026,하반기,2026-09-04,0,보완필요
TSK-002565,작성중,SD04-1,,,,,,,2026-06-27,2026,상반기,2026-09-05,0,미이행
TSK-002566,제출,SD04-1,2026-09-06,SD04-1,,,,,2026-06-28,2026,하반기,2026-09-06,1,
TSK-002567,작성중,SD04-1,,,,,,,2026-06-29,2026,상반기,2026-09-07,0,미이행
TSK-002568,제출,SD04-1,2026-09-08,SD04-1,,,,,2026-06-30,2026,하반기,2026-09-08,1,
TSK-002569,작성중,SD04-1,,,,,,,2026-07-01,2026,상반기,2026-09-09,0,미이행
TSK-002570,작성중,SD04-1,,,,,,,2026-07-02,2026,하반기,2026-09-10,0,미이행
TSK-002571,승인,SD04-1,2026-09-01,SD04-1,2026-09-11,SD02-1,,,2026-07-03,2026,상반기,2026-09-11,1,이행완료
TSK-002572,반려,SD04-1,2026-09-02,SD04-1,,,2026-09-14,증빙 사진에 일자 표기가 없음,2026-07-04,2026,하반기,2026-09-12,0,보완필요
TSK-002573,작성중,SD04-1,,,,,,,2026-07-05,2026,상반기,2026-09-13,0,미이행
TSK-002574,제출,SD04-1,2026-09-04,SD04-1,,,,,2026-07-06,2026,하반기,2026-09-14,1,
TSK-002575,작성중,SD04-1,,,,,,,2026-07-07,2026,상반기,2026-08-21,0,
TSK-002576,제출,SD04-1,2026-09-06,SD04-1,,,,,2026-07-08,2026,하반기,2026-08-22,1,
TSK-002577,작성중,SD04-1,,,,,,,2026-07-09,2026,상반기,2026-08-23,0,미이행
TSK-002578,작성중,SD04-1,,,,,,,2026-07-10,2026,하반기,2026-08-24,0,미이행
TSK-002579,승인,SD04-1,2026-09-09,SD04-1,2026-09-11,SD02-1,,,2026-07-11,2026,상반기,2026-08-25,1,이행완료
TSK-002580,반려,SD04-1,2026-08-31,SD04-1,,,2026-09-10,증빙 사진에 일자 표기가 없음,2026-07-12,2026,하반기,2026-08-26,0,보완필요
TSK-002581,작성중,SD04-1,,,,,,,2026-07-13,2026,상반기,2026-08-27,0,미이행
TSK-002582,제출,SD04-1,2026-09-02,SD04-1,,,,,2026-07-14,2026,하반기,2026-08-28,1,
TSK-002583,작성중,SD04-1,,,,,,,2026-07-15,2026,상반기,2026-08-29,0,
TSK-002584,제출,SD04-1,2026-09-04,SD04-1,,,,,2026-07-16,2026,하반기,2026-08-30,1,
TSK-002585,작성중,SD04-1,,,,,,,2026-07-17,2026,상반기,2026-08-31,0,
TSK-002586,작성중,SD04-1,,,,,,,2026-07-18,2026,하반기,2026-09-01,0,
TSK-002587,승인,SD04-1,2026-09-07,SD04-1,2026-09-11,SD02-1,,,2026-07-19,2026,상반기,2026-09-02,1,이행완료
TSK-002588,반려,SD04-1,2026-09-08,SD04-1,,,2026-09-12,증빙 사진에 일자 표기가 없음,2026-07-20,2026,하반기,2026-09-03,0,보완필요
TSK-002589,작성중,SD04-1,,,,,,,2026-07-21,2026,상반기,2026-09-04,0,미이행
TSK-002590,제출,SD04-1,2026-08-31,SD04-1,,,,,2026-07-22,2026,하반기,2026-09-05,1,
TSK-002591,작성중,SD04-1,,,,,,,2026-07-23,2026,상반기,2026-09-06,0,
TSK-002592,제출,SD04-1,2026-09-02,SD04-1,,,,,2026-07-24,2026,하반기,2026-09-07,1,
TSK-002593,작성중,SD04-1,,,,,,,2026-07-25,2026,상반기,2026-09-08,0,
TSK-002594,작성중,SD04-1,,,,,,,2026-07-26,2026,하반기,2026-09-09,0,
TSK-002595,승인,SD04-1,2026-09-05,SD04-1,2026-09-11,SD02-1,,,2026-07-27,2026,상반기,2026-09-10,1,이행완료
TSK-002596,반려,SD04-1,2026-09-06,SD04-1,,,2026-09-14,증빙 사진에 일자 표기가 없음,2026-07-28,2026,하반기,2026-09-11,0,보완필요
TSK-002597,작성중,SD04-1,,,,,,,2026-07-29,2026,상반기,2026-09-12,0,미이행
TSK-002598,제출,SD04-1,2026-09-08,SD04-1,,,,,2026-07-30,2026,하반기,2026-09-13,1,
TSK-002599,작성중,SD04-1,,,,,,,2026-07-31,2026,상반기,2026-09-14,0,
TSK-002600,제출,SD05-1,2026-08-31,SD05-1,,,,,2026-06-22,2026,하반기,2026-08-21,1,
TSK-002601,작성중,SD04-1,,,,,,,2026-06-23,2026,상반기,2026-08-22,0,
TSK-002602,작성중,SD04-1,,,,,,,2026-06-24,2026,하반기,2026-08-23,0,
TSK-002603,승인,SD04-1,2026-09-03,SD04-1,2026-09-11,SD02-1,,,2026-06-25,2026,상반기,2026-08-24,1,이행완료
TSK-002604,반려,SD04-1,2026-09-04,SD04-1,,,2026-09-10,증빙 사진에 일자 표기가 없음,2026-06-26,2026,하반기,2026-08-25,0,보완필요
TSK-002605,작성중,SD04-1,,,,,,,2026-06-27,2026,상반기,2026-08-26,0,미이행
TSK-002606,제출,SD04-1,2026-09-06,SD04-1,,,,,2026-06-28,2026,하반기,2026-08-27,1,
TSK-002607,작성중,SD04-1,,,,,,,2026-06-29,2026,상반기,2026-08-28,0,
TSK-002608,제출,SD04-1,2026-09-08,SD04-1,,,,,2026-06-30,2026,하반기,2026-08-29,1,
TSK-002609,작성중,SD04-1,,,,,,,2026-07-01,2026,상반기,2026-08-30,0,미이행
TSK-002610,작성중,SD04-1,,,,,,,2026-07-02,2026,하반기,2026-08-31,0,미이행
TSK-002611,승인,SD04-1,2026-09-01,SD04-1,2026-09-11,SD02-1,,,2026-07-03,2026,상반기,2026-09-01,1,이행완료
TSK-002612,반려,SD04-1,2026-09-02,SD04-1,,,2026-09-12,증빙 사진에 일자 표기가 없음,2026-07-04,2026,하반기,2026-09-02,0,보완필요
TSK-002613,작성중,SD04-1,,,,,,,2026-07-05,2026,상반기,2026-09-03,0,미이행
TSK-002614,제출,SD04-1,2026-09-04,SD04-1,,,,,2026-07-06,2026,하반기,2026-09-04,1,
TSK-002615,작성중,SD04-1,,,,,,,2026-07-07,2026,상반기,2026-09-05,0,미이행
TSK-002616,제출,SD04-1,2026-09-06,SD04-1,,,,,2026-07-08,2026,하반기,2026-09-06,1,
TSK-002617,작성중,SD04-1,,,,,,,2026-07-09,2026,상반기,2026-09-07,0,
TSK-002618,작성중,SD04-1,,,,,,,2026-07-10,2026,하반기,2026-09-08,0,
TSK-002619,승인,SD04-1,2026-09-09,SD04-1,2026-09-11,SD02-1,,,2026-07-11,2026,상반기,2026-09-09,1,이행완료
TSK-002620,반려,SD04-1,2026-08-31,SD04-1,,,2026-09-14,증빙 사진에 일자 표기가 없음,2026-07-12,2026,하반기,2026-09-10,0,보완필요
TSK-002621,작성중,SD04-1,,,,,,,2026-07-13,2026,상반기,2026-09-11,0,미이행
TSK-002622,제출,SD04-1,2026-09-02,SD04-1,,,,,2026-07-14,2026,하반기,2026-09-12,1,
TSK-002623,작성중,SD04-1,,,,,,,2026-07-15,2026,상반기,2026-09-13,0,미이행
TSK-002624,제출,SD04-1,2026-09-04,SD04-1,,,,,2026-07-16,2026,하반기,2026-09-14,1,
TSK-002625,작성중,SD04-1,,,,,,,2026-07-17,2026,상반기,2026-08-21,0,미이행
TSK-002626,작성중,SD04-1,,,,,,,2026-07-18,2026,하반기,2026-08-22,0,미이행
TSK-002627,승인,SD04-1,2026-09-07,SD04-1,2026-09-11,SD02-1,,,2026-07-19,2026,상반기,2026-08-23,1,이행완료
TSK-002628,반려,SD04-1,2026-09-08,SD04-1,,,2026-09-10,증빙 사진에 일자 표기가 없음,2026-07-20,2026,하반기,2026-08-24,0,보완필요
TSK-002629,작성중,SD04-1,,,,,,,2026-07-21,2026,상반기,2026-08-25,0,미이행
TSK-002630,제출,SD04-1,2026-08-31,SD04-1,,,,,2026-07-22,2026,하반기,2026-08-26,1,
TSK-002631,작성중,SD04-1,,,,,,,2026-07-23,2026,상반기,2026-08-27,0,미이행
TSK-002632,제출,SD04-1,2026-09-02,SD04-1,,,,,2026-07-24,2026,하반기,2026-08-28,1,
TSK-002633,작성중,SD04-1,,,,,,,2026-07-25,2026,상반기,2026-08-29,0,
TSK-002634,작성중,SD04-1,,,,,,,2026-07-26,2026,하반기,2026-08-30,0,
TSK-002635,승인,SD04-1,2026-09-05,SD04-1,2026-09-11,SD02-1,,,2026-07-27,2026,상반기,2026-08-31,1,이행완료
TSK-002636,반려,SD04-1,2026-09-06,SD04-1,,,2026-09-12,증빙 사진에 일자 표기가 없음,2026-07-28,2026,하반기,2026-09-01,0,보완필요
TSK-002637,작성중,SD04-1,,,,,,,2026-07-29,2026,상반기,2026-09-02,0,미이행
TSK-002638,제출,SD04-1,2026-09-08,SD04-1,,,,,2026-07-30,2026,하반기,2026-09-03,1,
TSK-002639,작성중,SD04-1,,,,,,,2026-07-31,2026,상반기,2026-09-04,0,
TSK-002640,제출,SD04-1,2026-08-31,SD04-1,,,,,2026-06-22,2026,하반기,2026-09-05,1,
TSK-002641,작성중,SD04-1,,,,,,,2026-06-23,2026,상반기,2026-09-06,0,
TSK-002642,작성중,SD04-1,,,,,,,2026-06-24,2026,하반기,2026-09-07,0,
TSK-002643,승인,SD04-1,2026-09-03,SD04-1,2026-09-11,SD02-1,,,2026-06-25,2026,상반기,2026-09-08,1,이행완료
TSK-002644,반려,SD04-1,2026-09-04,SD04-1,,,2026-09-14,증빙 사진에 일자 표기가 없음,2026-06-26,2026,하반기,2026-09-09,0,보완필요
TSK-002645,작성중,SD04-1,,,,,,,2026-06-27,2026,상반기,2026-09-10,0,미이행
TSK-002646,제출,SD04-1,2026-09-06,SD04-1,,,,,2026-06-28,2026,하반기,2026-09-11,1,
TSK-002647,작성중,SD04-1,,,,,,,2026-06-29,2026,상반기,2026-09-12,0,
TSK-002648,제출,SD04-1,2026-09-08,SD04-1,,,,,2026-06-30,2026,하반기,2026-09-13,1,
TSK-002649,작성중,SD04-1,,,,,,,2026-07-01,2026,상반기,2026-09-14,0,미이행
TSK-002650,작성중,SD04-1,,,,,,,2026-07-02,2026,하반기,2026-08-21,0,미이행
TSK-002651,승인,SD04-1,2026-09-01,SD04-1,2026-09-11,SD02-1,,,2026-07-03,2026,상반기,2026-08-22,1,이행완료
TSK-002652,반려,SD04-1,2026-09-02,SD04-1,,,2026-09-10,증빙 사진에 일자 표기가 없음,2026-07-04,2026,하반기,2026-08-23,0,보완필요
TSK-002653,작성중,SD04-1,,,,,,,2026-07-05,2026,상반기,2026-08-24,0,미이행
TSK-002654,제출,SD04-1,2026-09-04,SD04-1,,,,,2026-07-06,2026,하반기,2026-08-25,1,
TSK-002655,작성중,SD04-1,,,,,,,2026-07-07,2026,상반기,2026-08-26,0,미이행
TSK-002656,제출,SD04-1,2026-09-06,SD04-1,,,,,2026-07-08,2026,하반기,2026-08-27,1,
TSK-002657,작성중,SD04-1,,,,,,,2026-07-09,2026,상반기,2026-08-28,0,
TSK-002658,작성중,SD04-1,,,,,,,2026-07-10,2026,하반기,2026-08-29,0,
TSK-002659,승인,SD04-1,2026-09-09,SD04-1,2026-09-11,SD02-1,,,2026-07-11,2026,상반기,2026-08-30,1,이행완료
TSK-002660,반려,SD04-1,2026-08-31,SD04-1,,,2026-09-12,증빙 사진에 일자 표기가 없음,2026-07-12,2026,하반기,2026-08-31,0,보완필요
TSK-002661,작성중,SD04-1,,,,,,,2026-07-13,2026,상반기,2026-09-01,0,미이행
TSK-002662,제출,SD04-1,2026-09-02,SD04-1,,,,,2026-07-14,2026,하반기,2026-09-02,1,
TSK-002663,작성중,SD04-1,,,,,,,2026-07-15,2026,상반기,2026-09-03,0,미이행
TSK-002664,제출,SD04-1,2026-09-04,SD04-1,,,,,2026-07-16,2026,하반기,2026-09-04,1,
TSK-002665,작성중,SD04-1,,,,,,,2026-07-17,2026,상반기,2026-09-05,0,미이행
TSK-002666,작성중,SD04-1,,,,,,,2026-07-18,2026,하반기,2026-09-06,0,미이행
TSK-002667,승인,SD04-1,2026-09-07,SD04-1,2026-09-11,SD02-1,,,2026-07-19,2026,상반기,2026-09-07,1,이행완료
TSK-002668,반려,SD04-1,2026-09-08,SD04-1,,,2026-09-14,증빙 사진에 일자 표기가 없음,2026-07-20,2026,하반기,2026-09-08,0,보완필요
TSK-002669,작성중,SD04-1,,,,,,,2026-07-21,2026,상반기,2026-09-09,0,미이행
TSK-002670,제출,SD04-1,2026-08-31,SD04-1,,,,,2026-07-22,2026,하반기,2026-09-10,1,
TSK-002671,작성중,SD04-1,,,,,,,2026-07-23,2026,상반기,2026-09-11,0,
TSK-002672,제출,SD04-1,2026-09-02,SD04-1,,,,,2026-07-24,2026,하반기,2026-09-12,1,
TSK-002673,작성중,SD04-1,,,,,,,2026-07-25,2026,상반기,2026-09-13,0,
TSK-002674,작성중,SD04-1,,,,,,,2026-07-26,2026,하반기,2026-09-14,0,
TSK-002675,승인,SD04-1,2026-09-05,SD04-1,2026-09-11,SD02-1,,,2026-07-27,2026,상반기,2026-08-21,1,이행완료
TSK-002676,반려,SD04-1,2026-09-06,SD04-1,,,2026-09-10,증빙 사진에 일자 표기가 없음,2026-07-28,2026,하반기,2026-08-22,0,보완필요
TSK-002677,작성중,SD04-1,,,,,,,2026-07-29,2026,상반기,2026-08-23,0,미이행
TSK-002678,제출,SD04-1,2026-09-08,SD04-1,,,,,2026-07-30,2026,하반기,2026-08-24,1,
TSK-002679,작성중,SD04-1,,,,,,,2026-07-31,2026,상반기,2026-08-25,0,미이행
TSK-002680,제출,SD04-1,2026-08-31,SD04-1,,,,,2026-06-22,2026,하반기,2026-08-26,1,
TSK-002681,작성중,SD04-1,,,,,,,2026-06-23,2026,상반기,2026-08-27,0,
TSK-002682,작성중,SD04-1,,,,,,,2026-06-24,2026,하반기,2026-08-28,0,
TSK-002683,승인,SD04-1,2026-09-03,SD04-1,2026-09-11,SD02-1,,,2026-06-25,2026,상반기,2026-08-29,1,이행완료
TSK-002684,반려,SD04-1,2026-09-04,SD04-1,,,2026-09-12,증빙 사진에 일자 표기가 없음,2026-06-26,2026,하반기,2026-08-30,0,보완필요
TSK-002685,작성중,SD04-1,,,,,,,2026-06-27,2026,상반기,2026-08-31,0,미이행
TSK-002686,제출,SD04-1,2026-09-06,SD04-1,,,,,2026-06-28,2026,하반기,2026-09-01,1,
TSK-002687,작성중,SD04-1,,,,,,,2026-06-29,2026,상반기,2026-09-02,0,
TSK-002688,제출,SD04-1,2026-09-08,SD04-1,,,,,2026-06-30,2026,하반기,2026-09-03,1,
TSK-002689,작성중,SD04-1,,,,,,,2026-07-01,2026,상반기,2026-09-04,0,
TSK-002690,작성중,SD04-1,,,,,,,2026-07-02,2026,하반기,2026-09-05,0,
TSK-002691,승인,SD04-1,2026-09-01,SD04-1,2026-09-11,SD02-1,,,2026-07-03,2026,상반기,2026-09-06,1,이행완료
TSK-002692,반려,SD04-1,2026-09-02,SD04-1,,,2026-09-14,증빙 사진에 일자 표기가 없음,2026-07-04,2026,하반기,2026-09-07,0,보완필요
TSK-002693,작성중,SD04-1,,,,,,,2026-07-05,2026,상반기,2026-09-08,0,미이행
TSK-002694,제출,SD04-1,2026-09-04,SD04-1,,,,,2026-07-06,2026,하반기,2026-09-09,1,
TSK-002695,작성중,SD04-1,,,,,,,2026-07-07,2026,상반기,2026-09-10,0,
TSK-002696,제출,SD04-1,2026-09-06,SD04-1,,,,,2026-07-08,2026,하반기,2026-09-11,1,
TSK-002697,작성중,SD11-1,,,,,,,2026-07-09,2026,상반기,2026-09-12,0,
TSK-002698,작성중,SD11-1,,,,,,,2026-07-10,2026,하반기,2026-09-13,0,
TSK-002699,승인,SD11-1,2026-09-09,SD11-1,2026-09-11,SD02-1,,,2026-07-11,2026,상반기,2026-09-14,1,이행완료
TSK-002700,반려,SD11-1,2026-08-31,SD11-1,,,2026-09-10,증빙 사진에 일자 표기가 없음,2026-07-12,2026,하반기,2026-08-21,0,보완필요
TSK-002701,작성중,SD04-1,,,,,,,2026-07-13,2026,상반기,2026-08-22,0,미이행
TSK-002702,제출,SD04-1,2026-09-02,SD04-1,,,,,2026-07-14,2026,하반기,2026-08-23,1,
TSK-002703,작성중,SD04-1,,,,,,,2026-07-15,2026,상반기,2026-08-24,0,
TSK-002704,제출,SD04-1,2026-09-04,SD04-1,,,,,2026-07-16,2026,하반기,2026-08-25,1,
TSK-002705,작성중,SD04-1,,,,,,,2026-07-17,2026,상반기,2026-08-26,0,
TSK-002706,작성중,SD04-1,,,,,,,2026-07-18,2026,하반기,2026-08-27,0,
TSK-002707,승인,SD04-1,2026-09-07,SD04-1,2026-09-11,SD02-1,,,2026-07-19,2026,상반기,2026-08-28,1,이행완료
TSK-002708,반려,SD04-1,2026-09-08,SD04-1,,,2026-09-12,증빙 사진에 일자 표기가 없음,2026-07-20,2026,하반기,2026-08-29,0,보완필요
TSK-002709,작성중,SD04-1,,,,,,,2026-07-21,2026,상반기,2026-08-30,0,미이행
TSK-002710,제출,SD04-1,2026-08-31,SD04-1,,,,,2026-07-22,2026,하반기,2026-08-31,1,
TSK-002711,작성중,SD04-1,,,,,,,2026-07-23,2026,상반기,2026-09-01,0,
TSK-002712,제출,SD04-1,2026-09-02,SD04-1,,,,,2026-07-24,2026,하반기,2026-09-02,1,
TSK-002713,작성중,SD04-1,,,,,,,2026-07-25,2026,상반기,2026-09-03,0,미이행
TSK-002714,작성중,SD04-1,,,,,,,2026-07-26,2026,하반기,2026-09-04,0,미이행
TSK-002715,승인,SD04-1,2026-09-05,SD04-1,2026-09-11,SD02-1,,,2026-07-27,2026,상반기,2026-09-05,1,이행완료
TSK-002716,반려,SD04-1,2026-09-06,SD04-1,,,2026-09-14,증빙 사진에 일자 표기가 없음,2026-07-28,2026,하반기,2026-09-06,0,보완필요
TSK-002717,작성중,SD11-1,,,,,,,2026-07-29,2026,상반기,2026-09-07,0,미이행
