plan_id,plan_year,facility_kind,asset_id,facility_name,asset_gbn,asset_kind,asset_class,dept_id,plan_status,plan_basis,ceo_confirmed,confirmed_at,mok_ga,mok_na,mok_da,items_planned,items_done,established_at,owner_staff_id,note
CSP-2025-0001,2025,공중이용시설,AR1978-0000349,죽전(서울)휴게소(본관),건축물,다중이용건축물,3종,D09,수립,자체 안전계획,,,N,Y,Y,9,9,2025-02-11,SD09-1,예시 자료(시연용)
CSP-2025-0002,2025,공중이용시설,AR1982-0000084,처인구청(본관),건축물,다중이용건축물,3종,D09,수립,시설물안전법 제6조 안전 및 유지관리계획,Y,2025-02-28,Y,Y,Y,3,3,2025-01-21,SD09-1,예시 자료(시연용)
CSP-2025-0003,2025,공중이용시설,AR1987-0000089,새로운경기도립정신병원,건축물,다중이용건축물,2종,D09,수립,시설물안전법 제6조 안전 및 유지관리계획,Y,2025-02-02,Y,Y,Y,9,9,2025-01-19,SD09-1,예시 자료(시연용)
CSP-2025-0004,2025,공중이용시설,AR1988-0000166,88골프장 클럽하우스,건축물,다중이용건축물,2종,D09,수립,시설물안전법 제6조 안전 및 유지관리계획,Y,2025-02-23,Y,Y,Y,3,3,2025-02-13,SD09-1,예시 자료(시연용)
CSP-2025-0005,2025,공중이용시설,AR1988-0001150,신갈동 주민자치센터,건축물,다중이용건축물,3종,D09,수립,자체 안전계획,,,Y,Y,N,4,4,2025-01-20,SD09-1,예시 자료(시연용)
CSP-2025-0006,2025,공중이용시설,AR1989-0000718,용인시문예회관,건축물,다중이용건축물,3종,D09,수립,시설물안전법 제6조 안전 및 유지관리계획,Y,2025-03-13,Y,Y,Y,3,3,2025-02-25,SD09-1,예시 자료(시연용)
CSP-2025-0007,2025,공중이용시설,AR1990-0000202,처인구청(별관 1),건축물,다중이용건축물,3종,D09,수립,자체 안전계획,,,Y,Y,Y,8,6,2025-02-13,SD09-1,예시 자료(시연용)
CSP-2025-0008,2025,공중이용시설,AR1990-0000745,백암면사무소,건축물,다중이용건축물,3종,D09,수립,자체 안전계획,,,N,Y,Y,3,3,2025-01-12,SD09-1,예시 자료(시연용)
CSP-2025-0009,2025,공중이용시설,AR1991-0000802,기흥(부산)휴게소,건축물,다중이용건축물,3종,D09,수립,시설물안전법 제6조 안전 및 유지관리계획,Y,2025-03-21,Y,Y,Y,4,4,2025-01-22,SD09-1,예시 자료(시연용)
CSP-2025-0010,2025,공중이용시설,AR1992-0001684,용인공용버스터미널,건축물,다중이용건축물,3종,D09,수립,자체 안전계획,,,Y,Y,Y,7,7,2025-02-07,SD09-1,예시 자료(시연용)
CSP-2025-0011,2025,공중이용시설,AR1993-0002013,이동읍사무소,건축물,다중이용건축물,3종,D09,수립,자체 안전계획,,,Y,Y,Y,5,3,2025-02-21,SD09-1,예시 자료(시연용)
CSP-2025-0012,2025,공중이용시설,AR1993-0002067,양지면사무소,건축물,다중이용건축물,3종,D09,수립,시설물안전법 제6조 안전 및 유지관리계획,Y,2025-02-23,Y,Y,Y,3,3,2025-01-24,SD09-1,예시 자료(시연용)
CSP-2025-0013,2025,공중이용시설,AR1993-0002498,용인다목적복지회관,건축물,다중이용건축물,3종,D09,수립,시설물안전법 제6조 안전 및 유지관리계획,Y,2025-02-13,Y,Y,Y,7,7,2025-02-05,SD09-1,예시 자료(시연용)
CSP-2025-0014,2025,공중이용시설,AR1994-0002317,용인(인천)휴게소,건축물,다중이용건축물,3종,D09,수립,시설물안전법 제6조 안전 및 유지관리계획,Y,2025-02-23,N,Y,Y,10,10,2025-01-27,SD09-1,예시 자료(시연용)
CSP-2025-0015,2025,공중이용시설,AR1995-0001560,서울특별시백암정신병원,건축물,다중이용건축물,2종,D09,수립,자체 안전계획,,,Y,Y,Y,9,9,2025-02-13,SD09-1,예시 자료(시연용)
CSP-2025-0016,2025,공중이용시설,AR1995-0002306,용인소방서 본서,건축물,다중이용건축물,3종,D09,수립,시설물안전법 제6조 안전 및 유지관리계획,Y,2025-02-13,Y,Y,Y,9,9,2025-01-26,SD09-1,예시 자료(시연용)
CSP-2025-0017,2025,공중이용시설,AR1996-0002536,용인시청소년수련원,건축물,다중이용건축물,3종,D09,수립,자체 안전계획,,,Y,Y,Y,10,10,2025-01-08,SD09-1,예시 자료(시연용)
CSP-2025-0018,2025,공중이용시설,AR1996-0002570,구성동주민센터,건축물,다중이용건축물,3종,D09,수립,시설물안전법 제6조 안전 및 유지관리계획,Y,2025-02-17,Y,Y,Y,3,3,2025-01-01,SD09-1,예시 자료(시연용)
CSP-2025-0019,2025,공중이용시설,AR1996-0002915,용인중앙동우체국,건축물,다중이용건축물,3종,D09,수립,자체 안전계획,,,Y,Y,Y,5,5,2025-01-09,SD09-1,예시 자료(시연용)
CSP-2025-0020,2025,공중이용시설,AR1997-0003359,용인(강릉)휴게소,건축물,다중이용건축물,3종,D09,수립,자체 안전계획,,,Y,Y,Y,7,7,2025-02-24,SD09-1,예시 자료(시연용)
CSP-2025-0021,2025,공중이용시설,AR1997-0003521,소방학교 창조관,건축물,다중이용건축물,3종,D09,수립,시설물안전법 제6조 안전 및 유지관리계획,Y,2025-03-28,Y,Y,Y,3,3,2025-02-13,SD09-1,예시 자료(시연용)
CSP-2025-0022,2025,공중이용시설,AR1997-0003523,소방학교 생활1관,건축물,다중이용건축물,3종,D09,수립,시설물안전법 제6조 안전 및 유지관리계획,Y,2025-02-08,N,Y,Y,10,10,2025-02-19,SD09-1,예시 자료(시연용)
CSP-2025-0023,2025,공중이용시설,AR1997-0003524,소방학교 후생관,건축물,다중이용건축물,3종,D09,수립,시설물안전법 제6조 안전 및 유지관리계획,Y,2025-02-18,Y,Y,Y,5,4,2025-02-18,SD09-1,예시 자료(시연용)
CSP-2025-0024,2025,공중이용시설,AR1997-0003525,소방학교 훈련탑,건축물,다중이용건축물,3종,D09,수립,시설물안전법 제6조 안전 및 유지관리계획,Y,2025-02-21,Y,Y,Y,8,8,2025-01-22,SD09-1,예시 자료(시연용)
CSP-2025-0025,2025,공중이용시설,AR1997-0003533,특수대응단(항공대),건축물,다중이용건축물,3종,D09,수립,시설물안전법 제6조 안전 및 유지관리계획,Y,2025-02-01,Y,Y,Y,4,4,2025-01-14,SD09-1,예시 자료(시연용)
CSP-2025-0026,2025,공중이용시설,AR1997-0003549,분당차량기지 종합청사,건축물,다중이용건축물,3종,D09,수립,시설물안전법 제6조 안전 및 유지관리계획,Y,2025-03-09,Y,Y,Y,4,4,2025-02-21,SD09-1,예시 자료(시연용)
CSP-2025-0027,2025,공중이용시설,AR1997-0003550,분당차량기지 현업사업소,건축물,다중이용건축물,3종,D09,수립,시설물안전법 제6조 안전 및 유지관리계획,Y,2025-02-04,Y,Y,Y,8,8,2025-01-02,SD09-1,예시 자료(시연용)
CSP-2025-0028,2025,공중이용시설,AR1997-0003716,분당차량기지 중수선차고,건축물,다중이용건축물,3종,D09,수립,자체 안전계획,,,N,Y,Y,7,7,2025-01-17,SD09-1,예시 자료(시연용)
CSP-2025-0029,2025,공중이용시설,AR1997-0003717,분당차량기지 경수선차고,건축물,다중이용건축물,3종,D09,수립,시설물안전법 제6조 안전 및 유지관리계획,Y,2025-03-08,Y,Y,Y,5,5,2025-01-04,SD09-1,예시 자료(시연용)
CSP-2025-0030,2025,공중이용시설,AR1998-0002431,용인도시공사 청사,건축물,기타,3종,D09,수립,시설물안전법 제6조 안전 및 유지관리계획,Y,2025-02-15,Y,Y,Y,8,8,2025-02-01,SD09-1,예시 자료(시연용)
CSP-2025-0031,2025,공중이용시설,AR1998-0003179,용인 집단에너지공급시설 열원설비동,건축물,대형건축물,3종,D09,수립,시설물안전법 제6조 안전 및 유지관리계획,Y,2025-02-09,Y,Y,Y,9,9,2025-01-11,SD09-1,예시 자료(시연용)
CSP-2025-0032,2025,공중이용시설,AR1999-0003538,용인시 농업기술센터,건축물,다중이용건축물,3종,D09,수립,시설물안전법 제6조 안전 및 유지관리계획,Y,2025-02-14,Y,Y,Y,6,6,2025-01-21,SD09-1,예시 자료(시연용)
CSP-2025-0033,2025,공중이용시설,AR1999-0003651,유림동주민센터,건축물,다중이용건축물,3종,D09,수립,시설물안전법 제6조 안전 및 유지관리계획,Y,2025-03-16,Y,Y,Y,10,8,2025-01-16,SD09-1,예시 자료(시연용)
CSP-2025-0034,2025,공중이용시설,AR2000-0003276,수지정수장 관리동,건축물,다중이용건축물,3종,D09,수립,자체 안전계획,,,Y,Y,Y,7,7,2025-01-23,SD09-1,예시 자료(시연용)
CSP-2025-0035,2025,공중이용시설,AR2001-0002118,경기도축산진흥센터(본관동),건축물,기타,3종,D09,수립,시설물안전법 제6조 안전 및 유지관리계획,N,,N,Y,Y,4,4,2025-02-03,SD09-1,예시 자료(시연용)
CSP-2025-0036,2025,공중이용시설,AR2001-0002157,남사읍행정복지센터,건축물,다중이용건축물,3종,D09,수립,자체 안전계획,,,Y,Y,Y,10,10,2025-02-14,SD09-1,예시 자료(시연용)
CSP-2025-0037,2025,공중이용시설,AR2001-0002328,용인수지우체국,건축물,다중이용건축물,3종,D09,수립,자체 안전계획,,,N,Y,Y,5,5,2025-02-13,SD09-1,예시 자료(시연용)
CSP-2025-0038,2025,공중이용시설,AR2001-0002365,처인구청(별관2),건축물,다중이용건축물,3종,D09,수립,시설물안전법 제6조 안전 및 유지관리계획,Y,2025-03-04,Y,Y,Y,8,8,2025-02-14,SD09-1,예시 자료(시연용)
CSP-2025-0039,2025,공중이용시설,AR2002-0001653,포곡읍사무소,건축물,다중이용건축물,3종,D09,수립,시설물안전법 제6조 안전 및 유지관리계획,Y,2025-02-15,Y,Y,Y,5,5,2025-02-15,SD09-1,예시 자료(시연용)
CSP-2025-0040,2025,공중이용시설,AR2002-0001743,동부동주민센터,건축물,다중이용건축물,3종,D09,수립,시설물안전법 제6조 안전 및 유지관리계획,Y,2025-03-19,Y,Y,Y,7,7,2025-01-21,SD09-1,예시 자료(시연용)
CSP-2025-0041,2025,공중이용시설,AR2003-0002336,기업은행 IT센터,건축물,대형건축물,2종,D09,수립,자체 안전계획,,,Y,Y,Y,4,4,2025-01-19,SD09-1,예시 자료(시연용)
CSP-2025-0042,2025,공중이용시설,AR2003-0006407,용인시 실내체육관,건축물,다중이용건축물,2종,D09,수립,자체 안전계획,,,Y,Y,Y,9,9,2025-01-17,SD09-1,예시 자료(시연용)
CSP-2025-0043,2025,공중이용시설,AR2003-0009489,소방학교 구급교육센터,건축물,다중이용건축물,3종,D09,수립,시설물안전법 제6조 안전 및 유지관리계획,Y,2025-02-19,Y,Y,Y,5,5,2025-01-22,SD09-1,예시 자료(시연용)
CSP-2025-0044,2025,공중이용시설,AR2003-0009544,상현1동사무소,건축물,다중이용건축물,3종,D09,수립,시설물안전법 제6조 안전 및 유지관리계획,Y,2025-02-10,Y,Y,Y,9,9,2025-02-19,SD09-1,예시 자료(시연용)
CSP-2025-0045,2025,공중이용시설,AR2003-0009551,풍덕천1동 주민센터,건축물,다중이용건축물,3종,D09,수립,시설물안전법 제6조 안전 및 유지관리계획,Y,2025-03-22,Y,Y,Y,9,9,2025-02-11,SD09-1,예시 자료(시연용)
CSP-2025-0046,2025,공중이용시설,AR2003-0009575,풍덕천2동주민센터,건축물,다중이용건축물,3종,D09,수립,자체 안전계획,,,N,Y,Y,7,7,2025-01-02,SD09-1,예시 자료(시연용)
CSP-2025-0047,2025,공중이용시설,AR2003-0009584,기흥구청사,건축물,다중이용건축물,3종,D09,수립,자체 안전계획,,,Y,N,Y,4,4,2025-01-24,SD09-1,예시 자료(시연용)
CSP-2025-0048,2025,공중이용시설,AR2004-0004482,경기도국악당,건축물,다중이용건축물,2종,D09,수립,자체 안전계획,,,Y,Y,Y,7,7,2025-01-24,SD09-1,예시 자료(시연용)
CSP-2025-0049,2025,공중이용시설,AR2004-0004612,용인시 평생학습관,건축물,다중이용건축물,2종,D09,수립,시설물안전법 제6조 안전 및 유지관리계획,Y,2025-03-27,Y,Y,Y,5,5,2025-02-03,SD09-1,예시 자료(시연용)
CSP-2025-0050,2025,공중이용시설,AR2004-0006390,원삼면 행정복지센터,건축물,다중이용건축물,3종,D09,수립,시설물안전법 제6조 안전 및 유지관리계획,Y,2025-02-24,Y,Y,Y,5,5,2025-01-13,SD09-1,예시 자료(시연용)
CSP-2025-0051,2025,공중이용시설,AR2005-0002918,용인시문화복지행정타운본청사,건축물,대형건축물,2종,D09,수립,시설물안전법 제6조 안전 및 유지관리계획,Y,2025-02-16,Y,Y,Y,10,10,2025-01-15,SD09-1,예시 자료(시연용)
CSP-2025-0052,2025,공중이용시설,AR2005-0003757,88골프장 실외골프연습장,건축물,다중이용건축물,2종,D09,수립,시설물안전법 제6조 안전 및 유지관리계획,Y,2025-02-08,Y,Y,Y,4,4,2025-01-14,SD09-1,예시 자료(시연용)
CSP-2025-0053,2025,공중이용시설,AR2005-0003904,용인시문화복지행정타운문화예술원,건축물,다중이용건축물,2종,D09,수립,자체 안전계획,,,Y,Y,Y,3,3,2025-02-09,SD09-1,예시 자료(시연용)
CSP-2025-0054,2025,공중이용시설,AR2005-0003905,용인시문화복지행정타운복지센타,건축물,다중이용건축물,2종,D09,수립,시설물안전법 제6조 안전 및 유지관리계획,Y,2025-02-28,Y,Y,Y,9,9,2025-02-14,SD09-1,예시 자료(시연용)
CSP-2025-0055,2025,공중이용시설,AR2005-0003906,용인시문화복지행정타운보건소,건축물,다중이용건축물,3종,D09,수립,시설물안전법 제6조 안전 및 유지관리계획,Y,2025-02-18,Y,Y,Y,8,8,2025-02-06,SD09-1,예시 자료(시연용)
CSP-2025-0056,2025,공중이용시설,AR2005-0003907,용인시문화복지행정타운의회청사,건축물,다중이용건축물,3종,D09,수립,시설물안전법 제6조 안전 및 유지관리계획,Y,2025-03-14,Y,Y,Y,5,5,2025-02-02,SD09-1,예시 자료(시연용)
CSP-2025-0057,2025,공중이용시설,AR2005-0004605,경기도소방학교 생활2관,건축물,다중이용건축물,3종,D09,수립,시설물안전법 제6조 안전 및 유지관리계획,Y,2025-03-25,Y,Y,Y,9,9,2025-01-10,SD09-1,예시 자료(시연용)
CSP-2025-0058,2025,공중이용시설,AR2005-0004877,죽전야외음악당,건축물,다중이용건축물,3종,D09,수립,시설물안전법 제6조 안전 및 유지관리계획,Y,2025-03-09,N,Y,Y,10,10,2025-02-08,SD09-1,예시 자료(시연용)
CSP-2025-0059,2025,공중이용시설,AR2005-0004883,죽전1동행정복지센터,건축물,다중이용건축물,3종,D09,수립,시설물안전법 제6조 안전 및 유지관리계획,Y,2025-02-10,Y,Y,Y,5,5,2025-02-14,SD09-1,예시 자료(시연용)
CSP-2025-0060,2025,공중이용시설,AR2005-0005059,용인동백 열원시설 열원 설비동,건축물,기타,3종,D09,수립,자체 안전계획,,,Y,Y,Y,7,7,2025-02-21,SD09-1,예시 자료(시연용)
CSP-2025-0061,2025,공중이용시설,AR2006-0004246,동천동 행정복지센터,건축물,다중이용건축물,3종,D09,수립,자체 안전계획,,,Y,Y,Y,9,9,2025-02-09,SD09-1,예시 자료(시연용)
CSP-2025-0062,2025,공중이용시설,AR2006-0004258,모현읍 행정복지센터,건축물,다중이용건축물,3종,D09,수립,자체 안전계획,,,Y,N,Y,9,9,2025-01-02,SD09-1,예시 자료(시연용)
CSP-2025-0063,2025,공중이용시설,AR2008-0004135,신봉동 행정복지센터,건축물,다중이용건축물,3종,D09,수립,자체 안전계획,,,Y,Y,Y,8,7,2025-01-15,SD09-1,예시 자료(시연용)
CSP-2025-0064,2025,공중이용시설,AR2008-0004738,구갈동 행정복지센터,건축물,다중이용건축물,3종,D09,수립,시설물안전법 제6조 안전 및 유지관리계획,Y,2025-02-18,N,Y,Y,9,9,2025-01-08,SD09-1,예시 자료(시연용)
CSP-2025-0065,2025,공중이용시설,AR2009-0000230,죽전역,건축물,철도역시설,2종,D16,수립,시설물안전법 제6조 안전 및 유지관리계획,Y,2025-02-28,Y,Y,Y,5,5,2025-02-27,SD09-1,예시 자료(시연용)
CSP-2025-0066,2025,공중이용시설,AR2009-0002925,용인시민체육센터,건축물,다중이용건축물,2종,D09,수립,시설물안전법 제6조 안전 및 유지관리계획,Y,2025-03-28,Y,Y,Y,7,7,2025-01-17,SD09-1,예시 자료(시연용)
CSP-2025-0067,2025,공중이용시설,AR2009-0003069,용인시박물관,건축물,다중이용건축물,3종,D09,수립,자체 안전계획,,,Y,Y,Y,3,3,2025-02-18,SD09-1,예시 자료(시연용)
CSP-2025-0068,2025,공중이용시설,AR2009-0003439,상갈동 행정복지센터,건축물,다중이용건축물,3종,D09,수립,자체 안전계획,,,N,Y,Y,6,6,2025-02-07,SD09-1,예시 자료(시연용)
CSP-2025-0069,2025,공중이용시설,AR2009-0003440,성복동 행정복지센터,건축물,다중이용건축물,3종,D09,수립,시설물안전법 제6조 안전 및 유지관리계획,Y,2025-03-04,Y,Y,Y,9,9,2025-01-20,SD09-1,예시 자료(시연용)
CSP-2025-0070,2025,공중이용시설,AR2010-0000987,한국전력기술(주),건축물,대형건축물,2종,D09,수립,시설물안전법 제6조 안전 및 유지관리계획,Y,2025-03-25,Y,Y,Y,5,5,2025-01-02,SD09-1,예시 자료(시연용)
CSP-2025-0071,2025,공중이용시설,AR2010-0002609,경기도어린이박물관,건축물,다중이용건축물,2종,D09,수립,시설물안전법 제6조 안전 및 유지관리계획,N,,Y,Y,Y,6,4,2025-02-27,SD09-1,예시 자료(시연용)
CSP-2025-0072,2025,공중이용시설,AR2010-0002931,용인종합운동장,건축물,다중이용건축물,2종,D09,수립,시설물안전법 제6조 안전 및 유지관리계획,Y,2025-03-10,Y,Y,Y,9,9,2025-01-17,SD09-1,예시 자료(시연용)
CSP-2025-0073,2025,공중이용시설,AR2011-0000066,경기도박물관,건축물,다중이용건축물,2종,D09,수립,시설물안전법 제6조 안전 및 유지관리계획,Y,2025-02-09,Y,Y,Y,3,3,2025-02-23,SD09-1,예시 자료(시연용)
CSP-2025-0074,2025,공중이용시설,AR2011-0000169,백남준아트센터,건축물,다중이용건축물,2종,D09,수립,자체 안전계획,,,Y,Y,Y,5,5,2025-02-07,SD09-1,예시 자료(시연용)
CSP-2025-0075,2025,공중이용시설,AR2012-0000682,구성역사,건축물,철도역시설,2종,D16,수립,자체 안전계획,,,Y,Y,Y,4,4,2025-02-14,SD09-1,예시 자료(시연용)
CSP-2025-0076,2025,공중이용시설,AR2012-0000800,기흥역사,건축물,철도역시설,2종,D16,수립,시설물안전법 제6조 안전 및 유지관리계획,Y,2025-03-02,Y,Y,Y,8,8,2025-01-21,SD09-1,예시 자료(시연용)
CSP-2025-0077,2025,공중이용시설,AR2012-0000804,수지문화복지타운,건축물,대형건축물,2종,D09,수립,자체 안전계획,,,Y,Y,Y,5,5,2025-01-08,SD09-1,예시 자료(시연용)
CSP-2025-0078,2025,공중이용시설,AR2012-0002011,상갈역사,건축물,철도역시설,2종,D16,수립,시설물안전법 제6조 안전 및 유지관리계획,Y,2025-02-07,Y,Y,Y,8,6,2025-01-14,SD09-1,예시 자료(시연용)
CSP-2025-0079,2025,공중이용시설,AR2012-0002015,아르피아스포츠센터,건축물,다중이용건축물,2종,D09,수립,자체 안전계획,,,Y,Y,Y,4,4,2025-01-06,SD09-1,예시 자료(시연용)
CSP-2025-0080,2025,공중이용시설,AR2013-0001203,보정역사,건축물,철도역시설,2종,D16,수립,시설물안전법 제6조 안전 및 유지관리계획,N,,Y,Y,Y,7,6,2025-01-16,SD09-1,예시 자료(시연용)
CSP-2025-0081,2025,공중이용시설,AR2013-0001204,신갈역사,건축물,철도역시설,2종,D16,수립,시설물안전법 제6조 안전 및 유지관리계획,Y,2025-02-02,Y,Y,Y,9,9,2025-01-15,SD09-1,예시 자료(시연용)
CSP-2025-0082,2025,공중이용시설,AR2013-0001894,용인포은아트홀,건축물,다중이용건축물,2종,D09,수립,시설물안전법 제6조 안전 및 유지관리계획,Y,2025-02-24,Y,Y,Y,8,8,2025-01-13,SD09-1,예시 자료(시연용)
CSP-2025-0083,2025,공중이용시설,AR2013-0002113,처인체력단련장,건축물,다중이용건축물,2종,D09,수립,시설물안전법 제6조 안전 및 유지관리계획,Y,2025-03-12,Y,Y,Y,10,9,2025-01-19,SD09-1,예시 자료(시연용)
CSP-2025-0084,2025,공중이용시설,AR2018-0000223,용인미르스타디움,건축물,대형건축물,1종,D09,수립,시설물안전법 제6조 안전 및 유지관리계획,Y,2025-03-02,Y,Y,Y,5,5,2025-01-28,SD09-1,예시 자료(시연용)
CSP-2025-0085,2025,공중이용시설,AR2018-0002175,남사 스포츠센터,건축물,다중이용건축물,2종,D09,수립,자체 안전계획,,,Y,Y,Y,4,4,2025-01-11,SD09-1,예시 자료(시연용)
CSP-2025-0086,2025,공중이용시설,BR0000-0000002,꽃터교(안대지2교),교량,도로교량,3종,D03,수립,시설물안전법 제6조 안전 및 유지관리계획,Y,2025-03-12,Y,Y,Y,8,8,2025-02-03,SD03-1,예시 자료(시연용)
CSP-2025-0087,2025,공중이용시설,BR1018-0000001,하고개교(상행),교량,도로교량,2종,D03,수립,자체 안전계획,,,Y,Y,N,10,10,2025-01-27,SD03-1,예시 자료(시연용)
CSP-2025-0088,2025,공중이용시설,BR1900-0000009,안대지천교,교량,도로교량,3종,D03,수립,시설물안전법 제6조 안전 및 유지관리계획,N,,Y,Y,Y,10,10,2025-02-01,SD03-1,예시 자료(시연용)
CSP-2025-0089,2025,공중이용시설,BR1900-0000033,봉안교,교량,도로교량,3종,D03,수립,시설물안전법 제6조 안전 및 유지관리계획,Y,2025-03-07,Y,Y,Y,8,8,2025-01-14,SD03-1,예시 자료(시연용)
CSP-2025-0090,2025,공중이용시설,BR1968-0000035,영덕교(0),교량,도로교량,3종,D03,수립,시설물안전법 제6조 안전 및 유지관리계획,Y,2025-02-08,Y,Y,Y,3,3,2025-02-15,SD03-1,예시 자료(시연용)
CSP-2025-0091,2025,공중이용시설,BR1968-0000057,옥산교,교량,도로교량,3종,D03,수립,시설물안전법 제6조 안전 및 유지관리계획,Y,2025-02-08,Y,Y,Y,4,4,2025-01-05,SD03-1,예시 자료(시연용)
CSP-2025-0092,2025,공중이용시설,BR1970-0000129,가재월2교,교량,도로교량,3종,D03,수립,시설물안전법 제6조 안전 및 유지관리계획,Y,2025-03-28,Y,Y,Y,3,3,2025-01-17,SD03-1,예시 자료(시연용)
CSP-2025-0093,2025,공중이용시설,BR1974-0000037,공세교,교량,도로교량,3종,D03,수립,시설물안전법 제6조 안전 및 유지관리계획,Y,2025-03-22,Y,Y,Y,4,4,2025-01-24,SD03-1,예시 자료(시연용)
CSP-2025-0094,2025,공중이용시설,BR1977-0000141,(구)수포교,교량,도로교량,3종,D03,수립,시설물안전법 제6조 안전 및 유지관리계획,Y,2025-03-10,Y,Y,Y,6,4,2025-02-23,SD03-1,예시 자료(시연용)
CSP-2025-0095,2025,공중이용시설,BR1979-0000106,보정교,교량,도로교량,3종,D03,수립,시설물안전법 제6조 안전 및 유지관리계획,Y,2025-02-12,Y,Y,Y,7,7,2025-01-11,SD03-1,예시 자료(시연용)
CSP-2025-0096,2025,공중이용시설,BR1980-0000136,백암교,교량,도로교량,3종,D03,수립,시설물안전법 제6조 안전 및 유지관리계획,Y,2025-02-09,Y,Y,Y,10,10,2025-02-24,SD03-1,예시 자료(시연용)
CSP-2025-0097,2025,공중이용시설,BR1980-0000309,예지교,교량,도로교량,3종,D03,수립,시설물안전법 제6조 안전 및 유지관리계획,Y,2025-03-01,Y,Y,Y,4,4,2025-01-07,SD03-1,예시 자료(시연용)
CSP-2025-0098,2025,공중이용시설,BR1982-0000241,(구)창동교,교량,도로교량,3종,D03,수립,시설물안전법 제6조 안전 및 유지관리계획,Y,2025-02-23,Y,Y,Y,8,7,2025-01-17,SD03-1,예시 자료(시연용)
CSP-2025-0099,2025,공중이용시설,BR1983-0000196,천리2교,교량,도로교량,3종,D03,수립,시설물안전법 제6조 안전 및 유지관리계획,Y,2025-02-21,N,Y,Y,8,8,2025-02-01,SD03-1,예시 자료(시연용)
CSP-2025-0100,2025,공중이용시설,BR1984-0000143,농서교,교량,도로교량,3종,D03,수립,시설물안전법 제6조 안전 및 유지관리계획,N,,Y,Y,Y,3,3,2025-01-13,SD03-1,예시 자료(시연용)
CSP-2025-0101,2025,공중이용시설,BR1984-0000148,하갈교,교량,도로교량,3종,D03,수립,시설물안전법 제6조 안전 및 유지관리계획,Y,2025-02-19,Y,Y,Y,9,7,2025-01-27,SD03-1,예시 자료(시연용)
CSP-2025-0102,2025,공중이용시설,BR1984-0000272,휴암교,교량,도로교량,3종,D03,수립,시설물안전법 제6조 안전 및 유지관리계획,Y,2025-03-14,Y,Y,Y,10,10,2025-02-15,SD03-1,예시 자료(시연용)
CSP-2025-0103,2025,공중이용시설,BR1986-0000243,상갈교,교량,도로교량,3종,D03,수립,시설물안전법 제6조 안전 및 유지관리계획,Y,2025-02-13,Y,Y,Y,9,9,2025-01-16,SD03-1,예시 자료(시연용)
CSP-2025-0104,2025,공중이용시설,BR1987-0000200,영덕교(1),교량,도로교량,3종,D03,수립,시설물안전법 제6조 안전 및 유지관리계획,Y,2025-02-03,Y,Y,Y,7,7,2025-01-18,SD03-1,예시 자료(시연용)
CSP-2025-0105,2025,공중이용시설,BR1987-0000420,석성교,교량,도로교량,3종,D03,수립,시설물안전법 제6조 안전 및 유지관리계획,Y,2025-02-13,Y,Y,Y,10,10,2025-01-12,SD03-1,예시 자료(시연용)
CSP-2025-0106,2025,공중이용시설,BR1987-0000421,능말교,교량,도로교량,3종,D03,수립,시설물안전법 제6조 안전 및 유지관리계획,Y,2025-03-11,Y,Y,Y,6,6,2025-01-08,SD03-1,예시 자료(시연용)
CSP-2025-0107,2025,공중이용시설,BR1988-0000411,샘골2교,교량,도로교량,3종,D03,수립,시설물안전법 제6조 안전 및 유지관리계획,N,,Y,Y,Y,4,4,2025-02-26,SD03-1,예시 자료(시연용)
CSP-2025-0108,2025,공중이용시설,BR1988-0000418,금북교,교량,도로교량,3종,D03,수립,시설물안전법 제6조 안전 및 유지관리계획,Y,2025-03-19,Y,Y,Y,3,3,2025-02-28,SD03-1,예시 자료(시연용)
CSP-2025-0109,2025,공중이용시설,BR1989-0000314,마평교,교량,도로교량,3종,D03,수립,시설물안전법 제6조 안전 및 유지관리계획,Y,2025-03-12,N,Y,Y,5,4,2025-01-11,SD03-1,예시 자료(시연용)
CSP-2025-0110,2025,공중이용시설,BR1990-0000184,아곡교,교량,도로교량,3종,D03,수립,시설물안전법 제6조 안전 및 유지관리계획,Y,2025-03-25,Y,Y,Y,9,9,2025-01-02,SD03-1,예시 자료(시연용)
CSP-2025-0111,2025,공중이용시설,BR1990-0000185,송전1교,교량,도로교량,3종,D03,수립,시설물안전법 제6조 안전 및 유지관리계획,Y,2025-03-07,Y,Y,Y,7,7,2025-01-27,SD03-1,예시 자료(시연용)
CSP-2025-0112,2025,공중이용시설,BR1990-0000186,묘봉교,교량,도로교량,3종,D03,수립,시설물안전법 제6조 안전 및 유지관리계획,Y,2025-03-17,Y,Y,Y,5,5,2025-02-03,SD03-1,예시 자료(시연용)
CSP-2025-0113,2025,공중이용시설,BR1990-0000234,중동교,교량,도로교량,3종,D03,수립,자체 안전계획,,,Y,Y,Y,10,10,2025-01-25,SD03-1,예시 자료(시연용)
CSP-2025-0114,2025,공중이용시설,BR1990-0000445,옥산2교,교량,도로교량,3종,D03,수립,시설물안전법 제6조 안전 및 유지관리계획,Y,2025-02-19,Y,Y,Y,9,9,2025-01-03,SD03-1,예시 자료(시연용)
CSP-2025-0115,2025,공중이용시설,BR1990-0000446,숙골교,교량,도로교량,3종,D03,수립,시설물안전법 제6조 안전 및 유지관리계획,Y,2025-03-07,Y,Y,Y,6,6,2025-01-20,SD03-1,예시 자료(시연용)
CSP-2025-0116,2025,공중이용시설,BR1990-0000450,제1천리교,교량,도로교량,3종,D03,수립,시설물안전법 제6조 안전 및 유지관리계획,Y,2025-02-26,Y,Y,Y,6,6,2025-01-17,SD03-1,예시 자료(시연용)
CSP-2025-0117,2025,공중이용시설,BR1990-0000453,용인교,교량,도로교량,3종,D03,수립,시설물안전법 제6조 안전 및 유지관리계획,Y,2025-03-23,Y,Y,Y,9,9,2025-02-19,SD03-1,예시 자료(시연용)
CSP-2025-0118,2025,공중이용시설,BR1990-0000455,신성교,교량,도로교량,3종,D03,수립,자체 안전계획,,,Y,Y,Y,8,8,2025-01-01,SD03-1,예시 자료(시연용)
CSP-2025-0119,2025,공중이용시설,BR1991-0000011,신갈JCT4육교,교량,도로교량,1종,D03,수립,시설물안전법 제6조 안전 및 유지관리계획,Y,2025-03-20,Y,Y,Y,8,8,2025-01-23,SD03-1,예시 자료(시연용)
CSP-2025-0120,2025,공중이용시설,BR1991-0000074,신갈JCT육교(인천0),교량,도로교량,2종,D03,수립,시설물안전법 제6조 안전 및 유지관리계획,Y,2025-03-10,Y,Y,Y,4,4,2025-02-11,SD03-1,예시 자료(시연용)
CSP-2025-0121,2025,공중이용시설,BR1991-0000075,신갈JCT육교(강릉0),교량,도로교량,2종,D03,수립,시설물안전법 제6조 안전 및 유지관리계획,Y,2025-03-20,Y,Y,Y,9,9,2025-01-21,SD03-1,예시 자료(시연용)
CSP-2025-0122,2025,공중이용시설,BR1991-0000184,신갈JCT3육교,교량,도로교량,3종,D03,수립,시설물안전법 제6조 안전 및 유지관리계획,Y,2025-03-28,Y,Y,Y,9,9,2025-01-02,SD03-1,예시 자료(시연용)
CSP-2025-0123,2025,공중이용시설,BR1991-0000227,기흥교(강릉0),교량,도로교량,3종,D03,수립,시설물안전법 제6조 안전 및 유지관리계획,Y,2025-03-11,Y,Y,Y,10,10,2025-02-21,SD03-1,예시 자료(시연용)
CSP-2025-0124,2025,공중이용시설,BR1991-0000228,기흥교(인천0),교량,도로교량,3종,D03,수립,자체 안전계획,,,Y,Y,Y,9,9,2025-02-20,SD03-1,예시 자료(시연용)
CSP-2025-0125,2025,공중이용시설,BR1991-0000229,동백교(강릉0),교량,도로교량,3종,D03,수립,시설물안전법 제6조 안전 및 유지관리계획,Y,2025-02-18,Y,Y,Y,4,4,2025-02-25,SD03-1,예시 자료(시연용)
CSP-2025-0126,2025,공중이용시설,BR1991-0000230,동백교(인천0),교량,도로교량,3종,D03,수립,시설물안전법 제6조 안전 및 유지관리계획,Y,2025-03-04,Y,Y,Y,8,8,2025-01-03,SD03-1,예시 자료(시연용)
CSP-2025-0127,2025,공중이용시설,BR1991-0000245,삼마교(강릉0),교량,도로교량,3종,D03,수립,시설물안전법 제6조 안전 및 유지관리계획,Y,2025-03-12,N,Y,Y,6,6,2025-01-19,SD03-1,예시 자료(시연용)
CSP-2025-0128,2025,공중이용시설,BR1991-0000246,삼마교(인천0),교량,도로교량,3종,D03,수립,시설물안전법 제6조 안전 및 유지관리계획,N,,Y,Y,Y,4,4,2025-02-25,SD03-1,예시 자료(시연용)
CSP-2025-0129,2025,공중이용시설,BR1991-0000253,신대교(강릉0),교량,도로교량,3종,D03,수립,자체 안전계획,,,N,Y,Y,3,3,2025-01-18,SD03-1,예시 자료(시연용)
CSP-2025-0130,2025,공중이용시설,BR1991-0000254,신대교(인천0),교량,도로교량,3종,D03,수립,시설물안전법 제6조 안전 및 유지관리계획,Y,2025-03-07,Y,Y,Y,10,10,2025-02-22,SD03-1,예시 자료(시연용)
CSP-2025-0131,2025,공중이용시설,BR1991-0000430,정평교(구),교량,도로교량,3종,D03,수립,시설물안전법 제6조 안전 및 유지관리계획,Y,2025-03-21,Y,Y,Y,5,5,2025-02-26,SD03-1,예시 자료(시연용)
CSP-2025-0132,2025,공중이용시설,BR1991-0000519,중복교,교량,도로교량,3종,D03,수립,시설물안전법 제6조 안전 및 유지관리계획,Y,2025-02-26,Y,Y,Y,8,8,2025-01-05,SD03-1,예시 자료(시연용)
CSP-2025-0133,2025,공중이용시설,BR1991-0000520,어현교,교량,도로교량,3종,D03,수립,시설물안전법 제6조 안전 및 유지관리계획,Y,2025-02-12,Y,Y,Y,10,10,2025-02-14,SD03-1,예시 자료(시연용)
CSP-2025-0134,2025,공중이용시설,BR1992-0000156,용인고가육교,교량,도로교량,2종,D03,수립,시설물안전법 제6조 안전 및 유지관리계획,Y,2025-03-17,Y,Y,Y,3,3,2025-02-05,SD03-1,예시 자료(시연용)
CSP-2025-0135,2025,공중이용시설,BR1992-0000261,풍덕천교(서울),교량,도로교량,3종,D03,수립,시설물안전법 제6조 안전 및 유지관리계획,Y,2025-03-25,Y,Y,Y,9,9,2025-01-17,SD03-1,예시 자료(시연용)
CSP-2025-0136,2025,공중이용시설,BR1992-0000262,풍덕천교(부산),교량,도로교량,3종,D03,수립,시설물안전법 제6조 안전 및 유지관리계획,Y,2025-02-26,Y,Y,Y,6,6,2025-02-11,SD03-1,예시 자료(시연용)
CSP-2025-0137,2025,공중이용시설,BR1992-0000263,하갈교(부산),교량,도로교량,3종,D03,수립,시설물안전법 제6조 안전 및 유지관리계획,Y,2025-03-15,Y,Y,Y,6,6,2025-01-17,SD03-1,예시 자료(시연용)
CSP-2025-0138,2025,공중이용시설,BR1992-0000264,하갈교(서울),교량,도로교량,3종,D03,수립,시설물안전법 제6조 안전 및 유지관리계획,Y,2025-03-26,N,Y,Y,9,9,2025-01-23,SD03-1,예시 자료(시연용)
CSP-2025-0139,2025,공중이용시설,BR1992-0000269,신갈JCT1교(서울),교량,도로교량,3종,D03,수립,시설물안전법 제6조 안전 및 유지관리계획,Y,2025-02-01,Y,Y,Y,10,10,2025-01-26,SD03-1,예시 자료(시연용)
CSP-2025-0140,2025,공중이용시설,BR1992-0000270,신갈JCT1교(부산),교량,도로교량,3종,D03,수립,시설물안전법 제6조 안전 및 유지관리계획,Y,2025-03-13,N,Y,Y,4,4,2025-02-06,SD03-1,예시 자료(시연용)
CSP-2025-0141,2025,공중이용시설,BR1992-0000271,신갈2육교(서울),교량,도로교량,3종,D03,수립,시설물안전법 제6조 안전 및 유지관리계획,Y,2025-02-08,N,Y,Y,10,10,2025-01-09,SD03-1,예시 자료(시연용)
CSP-2025-0142,2025,공중이용시설,BR1992-0000272,신갈2육교(부산),교량,도로교량,3종,D03,수립,시설물안전법 제6조 안전 및 유지관리계획,Y,2025-02-28,Y,Y,Y,10,10,2025-01-18,SD03-1,예시 자료(시연용)
CSP-2025-0143,2025,공중이용시설,BR1992-0000273,수원육교(서울),교량,도로교량,3종,D03,수립,시설물안전법 제6조 안전 및 유지관리계획,Y,2025-03-03,Y,Y,Y,9,9,2025-02-05,SD03-1,예시 자료(시연용)
CSP-2025-0144,2025,공중이용시설,BR1992-0000274,수원육교(부산0),교량,도로교량,3종,D03,수립,시설물안전법 제6조 안전 및 유지관리계획,Y,2025-02-10,Y,Y,Y,7,7,2025-01-01,SD03-1,예시 자료(시연용)
CSP-2025-0145,2025,공중이용시설,BR1992-0000278,죽전육교(서울),교량,도로교량,3종,D03,수립,시설물안전법 제6조 안전 및 유지관리계획,Y,2025-02-17,Y,Y,Y,9,9,2025-01-06,SD03-1,예시 자료(시연용)
CSP-2025-0146,2025,공중이용시설,BR1992-0000279,죽전육교(부산),교량,도로교량,3종,D03,수립,시설물안전법 제6조 안전 및 유지관리계획,Y,2025-03-23,Y,Y,Y,9,9,2025-01-08,SD03-1,예시 자료(시연용)
CSP-2025-0147,2025,공중이용시설,BR1992-0000280,영덕교(2),교량,도로교량,3종,D03,수립,시설물안전법 제6조 안전 및 유지관리계획,Y,2025-03-09,Y,Y,Y,7,7,2025-01-13,SD03-1,예시 자료(시연용)
CSP-2025-0148,2025,공중이용시설,BR1992-0000499,고려교,교량,도로교량,3종,D03,수립,시설물안전법 제6조 안전 및 유지관리계획,Y,2025-02-28,Y,Y,Y,9,9,2025-02-01,SD03-1,예시 자료(시연용)
CSP-2025-0149,2025,공중이용시설,BR1992-0000500,구갈교,교량,도로교량,3종,D03,수립,시설물안전법 제6조 안전 및 유지관리계획,N,,Y,Y,Y,8,8,2025-02-07,SD03-1,예시 자료(시연용)
CSP-2025-0150,2025,공중이용시설,BR1992-0000904,오산천보도교,교량,도로교량,2종,D03,수립,시설물안전법 제6조 안전 및 유지관리계획,Y,2025-02-21,Y,Y,Y,8,7,2025-02-21,SD03-1,예시 자료(시연용)
CSP-2025-0151,2025,공중이용시설,BR1993-0000058,진위천교(부산0),교량,도로교량,2종,D03,수립,시설물안전법 제6조 안전 및 유지관리계획,Y,2025-02-21,Y,Y,Y,8,8,2025-01-14,SD03-1,예시 자료(시연용)
CSP-2025-0152,2025,공중이용시설,BR1993-0000261,기흥육교(부산),교량,도로교량,3종,D03,수립,시설물안전법 제6조 안전 및 유지관리계획,Y,2025-02-15,Y,Y,Y,9,9,2025-01-08,SD03-1,예시 자료(시연용)
CSP-2025-0153,2025,공중이용시설,BR1993-0000262,기흥육교(서울0),교량,도로교량,3종,D03,수립,시설물안전법 제6조 안전 및 유지관리계획,Y,2025-02-26,Y,Y,Y,10,10,2025-02-16,SD03-1,예시 자료(시연용)
CSP-2025-0154,2025,공중이용시설,BR1993-0000263,공세육교(서울),교량,도로교량,3종,D03,수립,시설물안전법 제6조 안전 및 유지관리계획,Y,2025-02-19,Y,Y,Y,7,7,2025-02-19,SD03-1,예시 자료(시연용)
CSP-2025-0155,2025,공중이용시설,BR1993-0000264,공세육교(부산),교량,도로교량,3종,D03,수립,시설물안전법 제6조 안전 및 유지관리계획,Y,2025-03-13,Y,Y,Y,6,6,2025-02-21,SD03-1,예시 자료(시연용)
CSP-2025-0156,2025,공중이용시설,BR1993-0000265,공세2교(서울0),교량,도로교량,3종,D03,수립,시설물안전법 제6조 안전 및 유지관리계획,Y,2025-03-14,Y,Y,Y,8,6,2025-01-23,SD03-1,예시 자료(시연용)
CSP-2025-0157,2025,공중이용시설,BR1993-0000266,공세2교(부산),교량,도로교량,3종,D03,수립,자체 안전계획,,,Y,Y,Y,6,6,2025-01-01,SD03-1,예시 자료(시연용)
CSP-2025-0158,2025,공중이용시설,BR1993-0000267,공세1교(서울0),교량,도로교량,3종,D03,수립,시설물안전법 제6조 안전 및 유지관리계획,Y,2025-03-28,Y,Y,Y,3,3,2025-01-15,SD03-1,예시 자료(시연용)
CSP-2025-0159,2025,공중이용시설,BR1993-0000268,공세1교(부산),교량,도로교량,3종,D03,수립,시설물안전법 제6조 안전 및 유지관리계획,Y,2025-03-04,Y,Y,Y,9,8,2025-01-19,SD03-1,예시 자료(시연용)
CSP-2025-0160,2025,공중이용시설,BR1993-0000269,고매교(서울),교량,도로교량,3종,D03,수립,시설물안전법 제6조 안전 및 유지관리계획,Y,2025-02-22,Y,Y,Y,5,5,2025-02-18,SD03-1,예시 자료(시연용)
CSP-2025-0161,2025,공중이용시설,BR1993-0000270,고매교(부산),교량,도로교량,3종,D03,수립,시설물안전법 제6조 안전 및 유지관리계획,Y,2025-03-08,Y,Y,Y,7,6,2025-01-11,SD03-1,예시 자료(시연용)
CSP-2025-0162,2025,공중이용시설,BR1993-0000273,보평육교(서울),교량,도로교량,3종,D03,수립,시설물안전법 제6조 안전 및 유지관리계획,Y,2025-03-08,N,Y,Y,10,10,2025-01-05,SD03-1,예시 자료(시연용)
CSP-2025-0163,2025,공중이용시설,BR1993-0000274,보평육교(부산),교량,도로교량,3종,D03,수립,시설물안전법 제6조 안전 및 유지관리계획,Y,2025-03-01,Y,Y,Y,10,10,2025-01-19,SD03-1,예시 자료(시연용)
CSP-2025-0164,2025,공중이용시설,BR1993-0000275,보평교(서울),교량,도로교량,3종,D03,수립,시설물안전법 제6조 안전 및 유지관리계획,Y,2025-03-02,Y,Y,Y,5,5,2025-02-24,SD03-1,예시 자료(시연용)
CSP-2025-0165,2025,공중이용시설,BR1993-0000276,보평교(부산),교량,도로교량,3종,D03,수립,시설물안전법 제6조 안전 및 유지관리계획,Y,2025-02-07,Y,Y,Y,9,9,2025-01-14,SD03-1,예시 자료(시연용)
CSP-2025-0166,2025,공중이용시설,BR1993-0000291,외동천교(서울),교량,도로교량,3종,D03,수립,시설물안전법 제6조 안전 및 유지관리계획,N,,Y,Y,Y,5,5,2025-02-17,SD03-1,예시 자료(시연용)
CSP-2025-0167,2025,공중이용시설,BR1993-0000292,외동천교(부산),교량,도로교량,3종,D03,수립,시설물안전법 제6조 안전 및 유지관리계획,Y,2025-03-08,Y,Y,Y,3,3,2025-02-22,SD03-1,예시 자료(시연용)
CSP-2025-0168,2025,공중이용시설,BR1993-0000744,무수교,교량,도로교량,3종,D03,수립,시설물안전법 제6조 안전 및 유지관리계획,Y,2025-02-25,Y,Y,Y,5,5,2025-01-06,SD03-1,예시 자료(시연용)
CSP-2025-0169,2025,공중이용시설,BR1993-0000845,전궁교,교량,도로교량,2종,D03,미수립,,,,,,,,,,SD03-1,예시 자료(시연용)
CSP-2025-0170,2025,공중이용시설,BR1994-0000099,죽전천교,교량,철도교량,2종,D03,수립,시설물안전법 제6조 안전 및 유지관리계획,Y,2025-03-26,Y,Y,Y,7,7,2025-02-12,SD03-1,예시 자료(시연용)
CSP-2025-0171,2025,공중이용시설,BR1994-0000100,탄천교,교량,철도교량,2종,D03,수립,시설물안전법 제6조 안전 및 유지관리계획,Y,2025-02-17,Y,Y,Y,4,4,2025-02-26,SD03-1,예시 자료(시연용)
CSP-2025-0172,2025,공중이용시설,BR1994-0000170,추계육교(인천2),교량,도로교량,2종,D03,수립,시설물안전법 제6조 안전 및 유지관리계획,Y,2025-03-11,N,Y,Y,6,6,2025-01-02,SD03-1,예시 자료(시연용)
CSP-2025-0173,2025,공중이용시설,BR1994-0000171,추계육교(인천1),교량,도로교량,2종,D03,수립,시설물안전법 제6조 안전 및 유지관리계획,Y,2025-02-11,Y,Y,Y,6,6,2025-02-12,SD03-1,예시 자료(시연용)
CSP-2025-0174,2025,공중이용시설,BR1994-0000173,경안천교(인천0),교량,도로교량,2종,D03,수립,시설물안전법 제6조 안전 및 유지관리계획,Y,2025-03-28,Y,Y,Y,3,3,2025-01-26,SD03-1,예시 자료(시연용)
CSP-2025-0175,2025,공중이용시설,BR1994-0000174,경안천교(강릉0),교량,도로교량,2종,D03,수립,시설물안전법 제6조 안전 및 유지관리계획,Y,2025-02-11,Y,Y,Y,7,7,2025-02-06,SD03-1,예시 자료(시연용)
CSP-2025-0176,2025,공중이용시설,BR1994-0000289,총신교(인천1),교량,도로교량,3종,D03,수립,시설물안전법 제6조 안전 및 유지관리계획,Y,2025-02-10,Y,Y,Y,8,6,2025-01-09,SD03-1,예시 자료(시연용)
CSP-2025-0177,2025,공중이용시설,BR1994-0000290,총신교(인천2),교량,도로교량,3종,D03,수립,시설물안전법 제6조 안전 및 유지관리계획,Y,2025-03-09,Y,Y,Y,3,3,2025-02-14,SD03-1,예시 자료(시연용)
CSP-2025-0178,2025,공중이용시설,BR1994-0000291,추계교(강릉0),교량,도로교량,3종,D03,수립,시설물안전법 제6조 안전 및 유지관리계획,N,,Y,Y,Y,9,9,2025-01-23,SD03-1,예시 자료(시연용)
CSP-2025-0179,2025,공중이용시설,BR1994-0000292,추계교(인천1),교량,도로교량,3종,D03,수립,시설물안전법 제6조 안전 및 유지관리계획,Y,2025-02-19,Y,Y,Y,7,7,2025-01-16,SD03-1,예시 자료(시연용)
CSP-2025-0180,2025,공중이용시설,BR1994-0000293,추계교(인천2),교량,도로교량,3종,D03,수립,자체 안전계획,,,Y,Y,Y,8,8,2025-01-16,SD03-1,예시 자료(시연용)
CSP-2025-0181,2025,공중이용시설,BR1994-0000300,고림교(인천0),교량,도로교량,3종,D03,수립,시설물안전법 제6조 안전 및 유지관리계획,Y,2025-02-06,Y,Y,Y,4,4,2025-02-21,SD03-1,예시 자료(시연용)
CSP-2025-0182,2025,공중이용시설,BR1994-0000301,고림교(강릉0),교량,도로교량,3종,D03,수립,시설물안전법 제6조 안전 및 유지관리계획,Y,2025-02-21,Y,Y,Y,6,6,2025-02-19,SD03-1,예시 자료(시연용)
CSP-2025-0183,2025,공중이용시설,BR1994-0000306,양지IC육교(강릉0),교량,도로교량,3종,D03,수립,시설물안전법 제6조 안전 및 유지관리계획,Y,2025-02-15,N,Y,Y,6,6,2025-01-12,SD03-1,예시 자료(시연용)
CSP-2025-0184,2025,공중이용시설,BR1994-0000307,양지IC육교(인천0),교량,도로교량,3종,D03,수립,시설물안전법 제6조 안전 및 유지관리계획,Y,2025-03-06,Y,Y,Y,8,8,2025-01-23,SD03-1,예시 자료(시연용)
CSP-2025-0185,2025,공중이용시설,BR1994-0000308,용인IC1교(0),교량,도로교량,3종,D03,수립,시설물안전법 제6조 안전 및 유지관리계획,Y,2025-02-25,Y,Y,Y,9,9,2025-01-15,SD03-1,예시 자료(시연용)
CSP-2025-0186,2025,공중이용시설,BR1994-0000309,용인IC육교(강릉0),교량,도로교량,3종,D03,수립,시설물안전법 제6조 안전 및 유지관리계획,Y,2025-03-15,Y,Y,Y,9,9,2025-02-07,SD03-1,예시 자료(시연용)
CSP-2025-0187,2025,공중이용시설,BR1994-0000310,용인IC육교(인천0),교량,도로교량,3종,D03,수립,시설물안전법 제6조 안전 및 유지관리계획,Y,2025-03-14,N,Y,Y,5,5,2025-01-02,SD03-1,예시 자료(시연용)
CSP-2025-0188,2025,공중이용시설,BR1994-0000311,유방2교(강릉0),교량,도로교량,3종,D03,수립,자체 안전계획,,,Y,Y,Y,10,10,2025-02-21,SD03-1,예시 자료(시연용)
CSP-2025-0189,2025,공중이용시설,BR1994-0000312,유방2교(인천0),교량,도로교량,3종,D03,수립,시설물안전법 제6조 안전 및 유지관리계획,Y,2025-03-11,Y,Y,Y,8,8,2025-02-04,SD03-1,예시 자료(시연용)
CSP-2025-0190,2025,공중이용시설,BR1994-0000447,봉무교,교량,도로교량,3종,D03,수립,시설물안전법 제6조 안전 및 유지관리계획,Y,2025-03-20,Y,Y,Y,5,5,2025-01-26,SD03-1,예시 자료(시연용)
CSP-2025-0191,2025,공중이용시설,BR1994-0000479,남산교,교량,도로교량,3종,D03,수립,시설물안전법 제6조 안전 및 유지관리계획,Y,2025-03-14,Y,Y,Y,6,4,2025-01-18,SD03-1,예시 자료(시연용)
CSP-2025-0192,2025,공중이용시설,BR1994-0000690,보정3가도교,교량,철도교량,3종,D03,수립,자체 안전계획,,,Y,Y,Y,10,10,2025-01-11,SD03-1,예시 자료(시연용)
CSP-2025-0193,2025,공중이용시설,BR1995-0000519,신촌교,교량,도로교량,3종,D03,수립,시설물안전법 제6조 안전 및 유지관리계획,Y,2025-02-17,Y,Y,Y,5,5,2025-01-20,SD03-1,예시 자료(시연용)
CSP-2025-0194,2025,공중이용시설,BR1995-0000589,공세교,교량,도로교량,3종,D03,수립,시설물안전법 제6조 안전 및 유지관리계획,Y,2025-02-02,Y,Y,Y,6,6,2025-02-12,SD03-1,예시 자료(시연용)
CSP-2025-0195,2025,공중이용시설,BR1995-0000784,일신교,교량,도로교량,3종,D03,수립,자체 안전계획,,,N,Y,Y,3,3,2025-01-23,SD03-1,예시 자료(시연용)
CSP-2025-0196,2025,공중이용시설,BR1995-0000810,수정교,교량,도로교량,3종,D03,수립,시설물안전법 제6조 안전 및 유지관리계획,Y,2025-02-19,Y,Y,Y,8,8,2025-01-04,SD03-1,예시 자료(시연용)
CSP-2025-0197,2025,공중이용시설,BR1995-0000813,가창1교,교량,도로교량,3종,D03,수립,시설물안전법 제6조 안전 및 유지관리계획,Y,2025-03-17,Y,Y,Y,6,6,2025-01-12,SD03-1,예시 자료(시연용)
CSP-2025-0198,2025,공중이용시설,BR1995-0000814,가창2교,교량,도로교량,3종,D03,수립,시설물안전법 제6조 안전 및 유지관리계획,Y,2025-02-05,Y,Y,Y,6,4,2025-02-27,SD03-1,예시 자료(시연용)
CSP-2025-0199,2025,공중이용시설,BR1995-0000815,주리교(구),교량,도로교량,3종,D03,수립,시설물안전법 제6조 안전 및 유지관리계획,Y,2025-02-19,Y,Y,Y,9,9,2025-01-06,SD03-1,예시 자료(시연용)
CSP-2025-0200,2025,공중이용시설,BR1995-0000816,마두교,교량,도로교량,3종,D03,수립,시설물안전법 제6조 안전 및 유지관리계획,Y,2025-03-01,Y,Y,Y,10,8,2025-01-04,SD03-1,예시 자료(시연용)
CSP-2025-0201,2025,공중이용시설,BR1995-0000820,금학교,교량,도로교량,3종,D03,수립,시설물안전법 제6조 안전 및 유지관리계획,Y,2025-03-27,N,Y,Y,6,4,2025-02-12,SD03-1,예시 자료(시연용)
CSP-2025-0202,2025,공중이용시설,BR1995-0000821,주북교,교량,도로교량,3종,D03,수립,시설물안전법 제6조 안전 및 유지관리계획,Y,2025-02-08,Y,Y,Y,3,3,2025-02-11,SD03-1,예시 자료(시연용)
CSP-2025-0203,2025,공중이용시설,BR1996-0000136,(신)왕산교,교량,도로교량,2종,D03,수립,시설물안전법 제6조 안전 및 유지관리계획,Y,2025-03-16,Y,Y,Y,6,6,2025-02-09,SD03-1,예시 자료(시연용)
CSP-2025-0204,2025,공중이용시설,BR1996-0000392,영덕교(3),교량,도로교량,3종,D03,수립,시설물안전법 제6조 안전 및 유지관리계획,Y,2025-02-03,Y,Y,Y,8,8,2025-01-06,SD03-1,예시 자료(시연용)
CSP-2025-0205,2025,공중이용시설,BR1996-0000460,백봉교,교량,도로교량,3종,D03,수립,시설물안전법 제6조 안전 및 유지관리계획,Y,2025-02-11,Y,Y,Y,9,9,2025-01-12,SD03-1,예시 자료(시연용)
CSP-2025-0206,2025,공중이용시설,BR1996-0000467,근곡교,교량,도로교량,3종,D03,수립,시설물안전법 제6조 안전 및 유지관리계획,Y,2025-03-19,N,Y,Y,10,10,2025-01-05,SD03-1,예시 자료(시연용)
CSP-2025-0207,2025,공중이용시설,BR1996-0000495,능교,교량,도로교량,3종,D03,수립,시설물안전법 제6조 안전 및 유지관리계획,Y,2025-03-16,Y,Y,Y,7,6,2025-02-04,SD03-1,예시 자료(시연용)
CSP-2025-0208,2025,공중이용시설,BR1996-0000497,두창육교,교량,도로교량,3종,D03,수립,시설물안전법 제6조 안전 및 유지관리계획,Y,2025-03-12,Y,Y,Y,6,6,2025-01-15,SD03-1,예시 자료(시연용)
CSP-2025-0209,2025,공중이용시설,BR1996-0000753,언동2교,교량,도로교량,3종,D03,수립,자체 안전계획,,,Y,Y,Y,3,3,2025-02-08,SD03-1,예시 자료(시연용)
CSP-2025-0210,2025,공중이용시설,BR1996-0000899,신봉교,교량,도로교량,3종,D03,수립,시설물안전법 제6조 안전 및 유지관리계획,Y,2025-03-16,Y,Y,Y,9,9,2025-01-03,SD03-1,예시 자료(시연용)
CSP-2025-0211,2025,공중이용시설,BR1996-0001044,(구)산정교,교량,도로교량,3종,D03,수립,시설물안전법 제6조 안전 및 유지관리계획,Y,2025-03-26,Y,Y,Y,6,6,2025-01-10,SD03-1,예시 자료(시연용)
CSP-2025-0212,2025,공중이용시설,BR1996-0001045,송전2교,교량,도로교량,3종,D03,수립,시설물안전법 제6조 안전 및 유지관리계획,Y,2025-03-23,Y,Y,Y,3,3,2025-02-10,SD03-1,예시 자료(시연용)
CSP-2025-0213,2025,공중이용시설,BR1996-0001054,고진교,교량,도로교량,3종,D03,수립,시설물안전법 제6조 안전 및 유지관리계획,Y,2025-02-23,Y,Y,Y,5,3,2025-02-28,SD03-1,예시 자료(시연용)
CSP-2025-0214,2025,공중이용시설,BR1996-0001055,전대2교,교량,도로교량,3종,D03,수립,시설물안전법 제6조 안전 및 유지관리계획,Y,2025-03-22,Y,Y,Y,10,10,2025-02-10,SD03-1,예시 자료(시연용)
CSP-2025-0215,2025,공중이용시설,BR1997-0000183,보라횡단교,교량,도로교량,1종,D03,수립,시설물안전법 제6조 안전 및 유지관리계획,Y,2025-03-16,Y,Y,Y,4,4,2025-02-27,SD03-1,예시 자료(시연용)
CSP-2025-0216,2025,공중이용시설,BR1997-0000185,하갈교,교량,도로교량,2종,D03,수립,시설물안전법 제6조 안전 및 유지관리계획,Y,2025-03-24,Y,Y,Y,9,9,2025-01-24,SD03-1,예시 자료(시연용)
CSP-2025-0217,2025,공중이용시설,BR1997-0000230,추계1교,교량,도로교량,1종,D03,수립,시설물안전법 제6조 안전 및 유지관리계획,Y,2025-02-02,N,Y,Y,6,6,2025-01-21,SD03-1,예시 자료(시연용)
CSP-2025-0218,2025,공중이용시설,BR1997-0000231,추계2교,교량,도로교량,1종,D03,수립,시설물안전법 제6조 안전 및 유지관리계획,N,,Y,Y,Y,6,6,2025-01-04,SD03-1,예시 자료(시연용)
CSP-2025-0219,2025,공중이용시설,BR1997-0000360,수포1육교,교량,도로교량,3종,D03,수립,시설물안전법 제6조 안전 및 유지관리계획,Y,2025-03-13,Y,Y,Y,7,7,2025-01-09,SD03-1,예시 자료(시연용)
CSP-2025-0220,2025,공중이용시설,BR1997-0000478,초현교,교량,도로교량,3종,D03,수립,시설물안전법 제6조 안전 및 유지관리계획,Y,2025-02-08,Y,Y,Y,9,9,2025-02-28,SD03-1,예시 자료(시연용)
CSP-2025-0221,2025,공중이용시설,BR1997-0000525,창리교,교량,도로교량,3종,D03,수립,시설물안전법 제6조 안전 및 유지관리계획,Y,2025-02-17,Y,Y,Y,6,5,2025-01-13,SD03-1,예시 자료(시연용)
CSP-2025-0222,2025,공중이용시설,BR1997-0000727,죽전교,교량,도로교량,3종,D03,수립,시설물안전법 제6조 안전 및 유지관리계획,Y,2025-03-24,Y,Y,Y,5,4,2025-01-27,SD03-1,예시 자료(시연용)
CSP-2025-0223,2025,공중이용시설,BR1997-0000740,양지1교,교량,도로교량,3종,D03,수립,시설물안전법 제6조 안전 및 유지관리계획,Y,2025-02-15,Y,Y,Y,4,4,2025-02-05,SD03-1,예시 자료(시연용)
CSP-2025-0224,2025,공중이용시설,BR1997-0000743,송문2교,교량,도로교량,3종,D03,수립,시설물안전법 제6조 안전 및 유지관리계획,N,,Y,Y,Y,3,3,2025-02-09,SD03-1,예시 자료(시연용)
CSP-2025-0225,2025,공중이용시설,BR1997-0000744,송문1교,교량,도로교량,3종,D03,수립,자체 안전계획,,,N,Y,Y,3,2,2025-01-15,SD03-1,예시 자료(시연용)
CSP-2025-0226,2025,공중이용시설,BR1997-0000747,정평교,교량,도로교량,3종,D03,수립,자체 안전계획,,,Y,Y,N,4,4,2025-01-27,SD03-1,예시 자료(시연용)
CSP-2025-0227,2025,공중이용시설,BR1997-0000784,왕산소교,교량,도로교량,3종,D03,수립,시설물안전법 제6조 안전 및 유지관리계획,Y,2025-03-11,Y,Y,Y,6,6,2025-01-25,SD03-1,예시 자료(시연용)
CSP-2025-0228,2025,공중이용시설,BR1997-0000786,삼계교,교량,도로교량,3종,D03,수립,시설물안전법 제6조 안전 및 유지관리계획,N,,Y,Y,Y,10,10,2025-01-18,SD03-1,예시 자료(시연용)
CSP-2025-0229,2025,공중이용시설,BR1998-0000469,백암교,교량,도로교량,3종,D03,수립,시설물안전법 제6조 안전 및 유지관리계획,Y,2025-02-19,Y,Y,Y,7,7,2025-02-01,SD03-1,예시 자료(시연용)
CSP-2025-0230,2025,공중이용시설,BR1998-0000470,원대교,교량,도로교량,3종,D03,수립,시설물안전법 제6조 안전 및 유지관리계획,Y,2025-03-11,Y,Y,Y,6,6,2025-02-28,SD03-1,예시 자료(시연용)
CSP-2025-0231,2025,공중이용시설,BR1998-0000697,(구)상갈교,교량,도로교량,3종,D03,수립,시설물안전법 제6조 안전 및 유지관리계획,Y,2025-03-16,Y,Y,Y,6,6,2025-02-17,SD03-1,예시 자료(시연용)
CSP-2025-0232,2025,공중이용시설,BR1998-0000709,풍림교,교량,도로교량,3종,D03,수립,시설물안전법 제6조 안전 및 유지관리계획,Y,2025-02-04,Y,Y,Y,8,8,2025-02-19,SD03-1,예시 자료(시연용)
CSP-2025-0233,2025,공중이용시설,BR1998-0000988,북리교,교량,도로교량,3종,D03,수립,시설물안전법 제6조 안전 및 유지관리계획,Y,2025-02-21,N,Y,Y,4,4,2025-02-04,SD03-1,예시 자료(시연용)
CSP-2025-0234,2025,공중이용시설,BR1998-0001033,주리교(신),교량,도로교량,3종,D03,수립,시설물안전법 제6조 안전 및 유지관리계획,Y,2025-02-08,N,Y,Y,7,7,2025-01-23,SD03-1,예시 자료(시연용)
CSP-2025-0235,2025,공중이용시설,BR1998-0001037,두평교,교량,도로교량,3종,D03,수립,시설물안전법 제6조 안전 및 유지관리계획,Y,2025-03-23,Y,Y,Y,9,9,2025-01-17,SD03-1,예시 자료(시연용)
CSP-2025-0236,2025,공중이용시설,BR1999-0000081,오산천교,교량,도로교량,2종,D03,수립,시설물안전법 제6조 안전 및 유지관리계획,Y,2025-02-17,Y,Y,Y,9,9,2025-02-13,SD03-1,예시 자료(시연용)
CSP-2025-0237,2025,공중이용시설,BR1999-0000220,양지고가차도,교량,도로교량,1종,D03,수립,시설물안전법 제6조 안전 및 유지관리계획,Y,2025-02-24,Y,Y,Y,3,3,2025-01-12,SD03-1,예시 자료(시연용)
CSP-2025-0238,2025,공중이용시설,BR1999-0000261,영덕고가차도(상),교량,도로교량,1종,D03,수립,시설물안전법 제6조 안전 및 유지관리계획,Y,2025-02-13,Y,Y,Y,10,10,2025-01-18,SD03-1,예시 자료(시연용)
CSP-2025-0239,2025,공중이용시설,BR1999-0000262,영덕고가차도(하),교량,도로교량,1종,D03,수립,시설물안전법 제6조 안전 및 유지관리계획,Y,2025-03-24,Y,Y,Y,4,4,2025-02-08,SD03-1,예시 자료(시연용)
CSP-2025-0240,2025,공중이용시설,BR1999-0000475,기흥교(강릉1),교량,도로교량,3종,D03,수립,시설물안전법 제6조 안전 및 유지관리계획,Y,2025-02-24,Y,Y,Y,4,4,2025-01-01,SD03-1,예시 자료(시연용)
CSP-2025-0241,2025,공중이용시설,BR1999-0000607,고매육교,교량,육교,3종,D03,수립,시설물안전법 제6조 안전 및 유지관리계획,Y,2025-02-10,Y,Y,Y,10,10,2025-01-06,SD03-1,예시 자료(시연용)
CSP-2025-0242,2025,공중이용시설,BR1999-0000734,풍덕천교,교량,도로교량,3종,D03,수립,시설물안전법 제6조 안전 및 유지관리계획,Y,2025-02-18,Y,Y,Y,9,9,2025-01-15,SD03-1,예시 자료(시연용)
CSP-2025-0243,2025,공중이용시설,BR1999-0000735,신촌3교,교량,도로교량,3종,D03,수립,시설물안전법 제6조 안전 및 유지관리계획,Y,2025-03-20,Y,Y,Y,10,10,2025-02-10,SD03-1,예시 자료(시연용)
CSP-2025-0244,2025,공중이용시설,BR1999-0000737,신촌1교,교량,도로교량,3종,D03,수립,시설물안전법 제6조 안전 및 유지관리계획,Y,2025-02-25,Y,Y,Y,4,4,2025-01-08,SD03-1,예시 자료(시연용)
CSP-2025-0245,2025,공중이용시설,BR1999-0000738,성복2교,교량,도로교량,3종,D03,수립,시설물안전법 제6조 안전 및 유지관리계획,Y,2025-02-28,Y,Y,Y,9,9,2025-02-07,SD03-1,예시 자료(시연용)
CSP-2025-0246,2025,공중이용시설,BR1999-0000747,성원교,교량,도로교량,3종,D03,수립,자체 안전계획,,,Y,Y,Y,8,8,2025-02-14,SD03-1,예시 자료(시연용)
CSP-2025-0247,2025,공중이용시설,BR1999-0000748,신촌2교,교량,도로교량,3종,D03,수립,시설물안전법 제6조 안전 및 유지관리계획,Y,2025-02-28,Y,Y,Y,6,6,2025-01-13,SD03-1,예시 자료(시연용)
CSP-2025-0248,2025,공중이용시설,BR1999-0000878,성결교,교량,도로교량,3종,D03,수립,시설물안전법 제6조 안전 및 유지관리계획,Y,2025-02-21,Y,Y,Y,4,4,2025-01-05,SD03-1,예시 자료(시연용)
CSP-2025-0249,2025,공중이용시설,BR2000-0000080,독정교,교량,도로교량,2종,D03,수립,시설물안전법 제6조 안전 및 유지관리계획,Y,2025-03-01,Y,Y,Y,6,6,2025-02-22,SD03-1,예시 자료(시연용)
CSP-2025-0250,2025,공중이용시설,BR2000-0000084,보정교,교량,도로교량,2종,D03,수립,시설물안전법 제6조 안전 및 유지관리계획,Y,2025-02-26,Y,Y,Y,10,10,2025-02-13,SD03-1,예시 자료(시연용)
CSP-2025-0251,2025,공중이용시설,BR2000-0000090,죽전고가차도,교량,도로교량,1종,D03,수립,시설물안전법 제6조 안전 및 유지관리계획,Y,2025-02-27,Y,Y,Y,6,6,2025-02-09,SD03-1,예시 자료(시연용)
CSP-2025-0252,2025,공중이용시설,BR2000-0000151,상하교,교량,도로교량,1종,D03,수립,시설물안전법 제6조 안전 및 유지관리계획,Y,2025-02-21,Y,Y,Y,4,4,2025-01-28,SD03-1,예시 자료(시연용)
CSP-2025-0253,2025,공중이용시설,BR2000-0000638,삼거교-하행,교량,도로교량,3종,D03,수립,시설물안전법 제6조 안전 및 유지관리계획,Y,2025-02-07,Y,Y,Y,4,4,2025-02-24,SD03-1,예시 자료(시연용)
CSP-2025-0254,2025,공중이용시설,BR2000-0000639,한원교,교량,도로교량,3종,D03,수립,시설물안전법 제6조 안전 및 유지관리계획,Y,2025-03-16,N,Y,Y,5,5,2025-01-18,SD03-1,예시 자료(시연용)
CSP-2025-0255,2025,공중이용시설,BR2000-0000640,기흥구갈2교,교량,도로교량,3종,D03,수립,시설물안전법 제6조 안전 및 유지관리계획,Y,2025-02-13,Y,Y,Y,7,7,2025-01-08,SD03-1,예시 자료(시연용)
CSP-2025-0256,2025,공중이용시설,BR2000-0000641,삼거교-상행,교량,도로교량,3종,D03,수립,시설물안전법 제6조 안전 및 유지관리계획,Y,2025-03-23,Y,Y,Y,10,10,2025-01-17,SD03-1,예시 자료(시연용)
CSP-2025-0257,2025,공중이용시설,BR2000-0000642,하동교,교량,도로교량,3종,D03,수립,자체 안전계획,,,Y,N,Y,9,9,2025-02-26,SD03-1,예시 자료(시연용)
CSP-2025-0258,2025,공중이용시설,BR2000-0000730,성복천교(이마트인근),교량,도로교량,3종,D03,수립,자체 안전계획,,,Y,Y,Y,9,7,2025-01-08,SD03-1,예시 자료(시연용)
CSP-2025-0259,2025,공중이용시설,BR2000-0000741,죽전3교,교량,도로교량,3종,D03,수립,시설물안전법 제6조 안전 및 유지관리계획,Y,2025-02-24,Y,Y,Y,6,6,2025-01-21,SD03-1,예시 자료(시연용)
CSP-2025-0260,2025,공중이용시설,BR2000-0000766,어청교,교량,도로교량,3종,D03,수립,시설물안전법 제6조 안전 및 유지관리계획,Y,2025-02-17,Y,Y,Y,4,4,2025-01-16,SD03-1,예시 자료(시연용)
CSP-2025-0261,2025,공중이용시설,BR2000-0000771,죽전4교,교량,도로교량,3종,D03,수립,시설물안전법 제6조 안전 및 유지관리계획,Y,2025-03-20,Y,Y,Y,4,4,2025-02-15,SD03-1,예시 자료(시연용)
CSP-2025-0262,2025,공중이용시설,BR2000-0000831,양지,교량,육교,3종,D03,수립,시설물안전법 제6조 안전 및 유지관리계획,Y,2025-03-15,N,Y,Y,4,4,2025-01-10,SD03-1,예시 자료(시연용)
CSP-2025-0263,2025,공중이용시설,BR2001-0000502,능원교,교량,도로교량,2종,D03,수립,시설물안전법 제6조 안전 및 유지관리계획,Y,2025-02-19,Y,Y,Y,5,5,2025-02-06,SD03-1,예시 자료(시연용)
CSP-2025-0264,2025,공중이용시설,BR2001-0000504,문형교,교량,도로교량,1종,D03,수립,시설물안전법 제6조 안전 및 유지관리계획,Y,2025-02-22,Y,Y,Y,9,8,2025-02-11,SD03-1,예시 자료(시연용)
CSP-2025-0265,2025,공중이용시설,BR2001-0000573,동림육교,교량,도로교량,2종,D03,수립,시설물안전법 제6조 안전 및 유지관리계획,Y,2025-02-04,Y,Y,Y,10,8,2025-02-04,SD03-1,예시 자료(시연용)
CSP-2025-0266,2025,공중이용시설,BR2001-0001047,삼마교(강릉1),교량,도로교량,3종,D03,수립,시설물안전법 제6조 안전 및 유지관리계획,Y,2025-03-26,Y,Y,Y,5,5,2025-02-16,SD03-1,예시 자료(시연용)
CSP-2025-0267,2025,공중이용시설,BR2001-0001048,삼마교(인천1),교량,도로교량,3종,D03,수립,시설물안전법 제6조 안전 및 유지관리계획,Y,2025-02-02,Y,Y,Y,9,9,2025-02-20,SD03-1,예시 자료(시연용)
CSP-2025-0268,2025,공중이용시설,BR2001-0001056,신대교(강릉1),교량,도로교량,3종,D03,수립,시설물안전법 제6조 안전 및 유지관리계획,Y,2025-02-16,Y,Y,Y,9,9,2025-01-10,SD03-1,예시 자료(시연용)
CSP-2025-0269,2025,공중이용시설,BR2001-0001057,신대교(인천1),교량,도로교량,3종,D03,수립,시설물안전법 제6조 안전 및 유지관리계획,N,,N,Y,Y,6,6,2025-01-19,SD03-1,예시 자료(시연용)
CSP-2025-0270,2025,공중이용시설,BR2001-0001306,망현1육교,교량,도로교량,3종,D03,수립,시설물안전법 제6조 안전 및 유지관리계획,Y,2025-02-21,Y,Y,Y,4,4,2025-02-08,SD03-1,예시 자료(시연용)
CSP-2025-0271,2025,공중이용시설,BR2001-0001307,성복교,교량,도로교량,3종,D03,수립,시설물안전법 제6조 안전 및 유지관리계획,Y,2025-02-10,Y,Y,Y,6,6,2025-02-27,SD03-1,예시 자료(시연용)
CSP-2025-0272,2025,공중이용시설,BR2001-0001308,죽전육교,교량,도로교량,3종,D03,수립,시설물안전법 제6조 안전 및 유지관리계획,Y,2025-03-06,N,Y,Y,4,4,2025-02-23,SD03-1,예시 자료(시연용)
CSP-2025-0273,2025,공중이용시설,BR2001-0001375,능원육교,교량,도로교량,3종,D03,수립,시설물안전법 제6조 안전 및 유지관리계획,Y,2025-03-09,Y,Y,Y,4,4,2025-01-04,SD03-1,예시 자료(시연용)
CSP-2025-0274,2025,공중이용시설,BR2001-0001376,양촌교,교량,도로교량,3종,D03,수립,시설물안전법 제6조 안전 및 유지관리계획,Y,2025-03-12,Y,Y,Y,9,9,2025-01-06,SD03-1,예시 자료(시연용)
CSP-2025-0275,2025,공중이용시설,BR2001-0001484,용천2교,교량,도로교량,3종,D03,수립,시설물안전법 제6조 안전 및 유지관리계획,Y,2025-02-06,Y,Y,Y,4,4,2025-01-04,SD03-1,예시 자료(시연용)
CSP-2025-0276,2025,공중이용시설,BR2001-0001485,사암교,교량,도로교량,3종,D03,미수립,,,,,,,,,,SD03-1,예시 자료(시연용)
CSP-2025-0277,2025,공중이용시설,BR2001-0001489,동신교,교량,도로교량,3종,D03,수립,시설물안전법 제6조 안전 및 유지관리계획,Y,2025-03-22,Y,Y,Y,5,5,2025-01-16,SD03-1,예시 자료(시연용)
CSP-2025-0278,2025,공중이용시설,BR2002-0000636,신봉2교,교량,도로교량,3종,D03,수립,시설물안전법 제6조 안전 및 유지관리계획,Y,2025-03-03,Y,Y,Y,8,8,2025-02-20,SD03-1,예시 자료(시연용)
CSP-2025-0279,2025,공중이용시설,BR2002-0000682,성복4교,교량,도로교량,3종,D03,수립,시설물안전법 제6조 안전 및 유지관리계획,Y,2025-03-16,Y,Y,Y,9,9,2025-01-13,SD03-1,예시 자료(시연용)
CSP-2025-0280,2025,공중이용시설,BR2002-0000961,갈곡보도육교,교량,육교,3종,D03,수립,시설물안전법 제6조 안전 및 유지관리계획,Y,2025-03-16,Y,Y,Y,10,10,2025-01-07,SD03-1,예시 자료(시연용)
CSP-2025-0281,2025,공중이용시설,BR2002-0000962,산양보도육교,교량,육교,3종,D03,수립,시설물안전법 제6조 안전 및 유지관리계획,Y,2025-02-13,Y,Y,Y,7,7,2025-01-02,SD03-1,예시 자료(시연용)
CSP-2025-0282,2025,공중이용시설,BR2002-0000963,상갈보도육교,교량,육교,3종,D03,수립,시설물안전법 제6조 안전 및 유지관리계획,Y,2025-03-01,N,Y,Y,8,8,2025-02-06,SD03-1,예시 자료(시연용)
CSP-2025-0283,2025,공중이용시설,BR2002-0000964,새천년보도육교,교량,육교,3종,D03,수립,시설물안전법 제6조 안전 및 유지관리계획,Y,2025-03-03,Y,Y,Y,3,3,2025-01-18,SD03-1,예시 자료(시연용)
CSP-2025-0284,2025,공중이용시설,BR2002-0000965,언남초교보도육교,교량,육교,3종,D03,수립,시설물안전법 제6조 안전 및 유지관리계획,Y,2025-03-27,Y,Y,Y,4,4,2025-02-21,SD03-1,예시 자료(시연용)
CSP-2025-0285,2025,공중이용시설,BR2003-0000518,진위천교(서울0),교량,도로교량,2종,D03,수립,시설물안전법 제6조 안전 및 유지관리계획,Y,2025-02-04,Y,Y,Y,8,8,2025-02-18,SD03-1,예시 자료(시연용)
CSP-2025-0286,2025,공중이용시설,BR2003-0000825,마성IC3교,교량,도로교량,1종,D03,수립,시설물안전법 제6조 안전 및 유지관리계획,Y,2025-02-27,Y,Y,Y,3,3,2025-01-14,SD03-1,예시 자료(시연용)
CSP-2025-0287,2025,공중이용시설,BR2003-0000842,신갈JCT육교(인천1),교량,도로교량,2종,D03,수립,시설물안전법 제6조 안전 및 유지관리계획,Y,2025-03-22,N,Y,Y,9,9,2025-01-19,SD03-1,예시 자료(시연용)
CSP-2025-0288,2025,공중이용시설,BR2003-0000848,신갈JCT육교(강릉1),교량,도로교량,2종,D03,수립,자체 안전계획,,,N,Y,Y,9,9,2025-02-23,SD03-1,예시 자료(시연용)
CSP-2025-0289,2025,공중이용시설,BR2003-0003365,신일교,교량,도로교량,3종,D03,수립,시설물안전법 제6조 안전 및 유지관리계획,Y,2025-03-11,Y,Y,Y,9,8,2025-02-15,SD03-1,예시 자료(시연용)
CSP-2025-0290,2025,공중이용시설,BR2003-0003366,남산1교,교량,도로교량,3종,D03,미수립,,,,,,,,,,SD03-1,예시 자료(시연용)
CSP-2025-0291,2025,공중이용시설,BR2003-0003431,고기교,교량,도로교량,3종,D03,수립,자체 안전계획,,,Y,Y,Y,3,3,2025-01-18,SD03-1,예시 자료(시연용)
CSP-2025-0292,2025,공중이용시설,BR2003-0003434,정평1교,교량,도로교량,3종,D03,수립,시설물안전법 제6조 안전 및 유지관리계획,Y,2025-02-05,Y,Y,Y,5,5,2025-02-20,SD03-1,예시 자료(시연용)
CSP-2025-0293,2025,공중이용시설,BR2003-0003497,신봉1교,교량,도로교량,3종,D03,수립,시설물안전법 제6조 안전 및 유지관리계획,Y,2025-03-20,Y,Y,Y,9,9,2025-01-05,SD03-1,예시 자료(시연용)
CSP-2025-0294,2025,공중이용시설,BR2003-0003498,정평2교,교량,도로교량,3종,D03,수립,시설물안전법 제6조 안전 및 유지관리계획,Y,2025-02-28,Y,Y,Y,5,5,2025-01-09,SD03-1,예시 자료(시연용)
CSP-2025-0295,2025,공중이용시설,BR2003-0003650,금어교,교량,도로교량,3종,D03,수립,시설물안전법 제6조 안전 및 유지관리계획,Y,2025-02-15,Y,Y,Y,10,10,2025-02-04,SD03-1,예시 자료(시연용)
CSP-2025-0296,2025,공중이용시설,BR2004-0000628,(신)수포교,교량,도로교량,2종,D03,수립,시설물안전법 제6조 안전 및 유지관리계획,Y,2025-03-25,Y,Y,Y,10,9,2025-02-19,SD03-1,예시 자료(시연용)
CSP-2025-0297,2025,공중이용시설,BR2004-0001287,묵리교,교량,도로교량,3종,D03,수립,시설물안전법 제6조 안전 및 유지관리계획,Y,2025-02-14,Y,Y,Y,10,10,2025-01-02,SD03-1,예시 자료(시연용)
CSP-2025-0298,2025,공중이용시설,BR2004-0001288,굴암1교,교량,도로교량,3종,D03,수립,시설물안전법 제6조 안전 및 유지관리계획,Y,2025-02-01,N,Y,Y,3,3,2025-02-06,SD03-1,예시 자료(시연용)
CSP-2025-0299,2025,공중이용시설,BR2004-0001289,굴암2교,교량,도로교량,3종,D03,수립,시설물안전법 제6조 안전 및 유지관리계획,Y,2025-02-21,Y,Y,Y,10,10,2025-01-26,SD03-1,예시 자료(시연용)
CSP-2025-0300,2025,공중이용시설,BR2004-0001321,상덕교,교량,도로교량,3종,D03,수립,시설물안전법 제6조 안전 및 유지관리계획,Y,2025-03-13,Y,Y,Y,5,5,2025-02-01,SD03-1,예시 자료(시연용)
CSP-2025-0301,2025,공중이용시설,BR2004-0001325,후촌교,교량,도로교량,3종,D03,수립,시설물안전법 제6조 안전 및 유지관리계획,Y,2025-02-02,Y,Y,Y,10,10,2025-02-24,SD03-1,예시 자료(시연용)
CSP-2025-0302,2025,공중이용시설,BR2004-0001988,풍덕고가차도,교량,도로교량,1종,D03,미수립,,,,,,,,,,SD03-1,예시 자료(시연용)
CSP-2025-0303,2025,공중이용시설,BR2004-0001989,풍덕고가(RAMP-A교),교량,도로교량,1종,D03,수립,시설물안전법 제6조 안전 및 유지관리계획,Y,2025-02-06,Y,Y,Y,4,4,2025-02-07,SD03-1,예시 자료(시연용)
CSP-2025-0304,2025,공중이용시설,BR2004-0001990,풍덕고가(RAMP-B교),교량,도로교량,1종,D03,수립,시설물안전법 제6조 안전 및 유지관리계획,Y,2025-03-10,Y,Y,Y,5,5,2025-02-01,SD03-1,예시 자료(시연용)
CSP-2025-0305,2025,공중이용시설,BR2004-0002027,신갈제1고가차도,교량,도로교량,1종,D03,수립,시설물안전법 제6조 안전 및 유지관리계획,Y,2025-03-09,Y,Y,Y,7,7,2025-01-25,SD03-1,예시 자료(시연용)
CSP-2025-0306,2025,공중이용시설,BR2004-0002028,신갈제2고가차도,교량,도로교량,1종,D03,수립,시설물안전법 제6조 안전 및 유지관리계획,Y,2025-02-22,Y,Y,Y,4,4,2025-01-05,SD03-1,예시 자료(시연용)
CSP-2025-0307,2025,공중이용시설,BR2004-0002101,공세1교,교량,도로교량,1종,D03,수립,시설물안전법 제6조 안전 및 유지관리계획,Y,2025-03-20,Y,Y,Y,10,10,2025-01-07,SD03-1,예시 자료(시연용)
CSP-2025-0308,2025,공중이용시설,BR2004-0002102,공세2교,교량,도로교량,1종,D03,수립,시설물안전법 제6조 안전 및 유지관리계획,Y,2025-03-02,Y,Y,Y,7,7,2025-02-05,SD03-1,예시 자료(시연용)
CSP-2025-0309,2025,공중이용시설,BR2004-0002103,상갈육교,교량,도로교량,1종,D03,수립,시설물안전법 제6조 안전 및 유지관리계획,Y,2025-03-07,Y,Y,Y,6,6,2025-02-22,SD03-1,예시 자료(시연용)
CSP-2025-0310,2025,공중이용시설,BR2004-0002545,보라교,교량,도로교량,3종,D03,수립,시설물안전법 제6조 안전 및 유지관리계획,Y,2025-02-16,N,Y,Y,7,7,2025-01-07,SD03-1,예시 자료(시연용)
CSP-2025-0311,2025,공중이용시설,BR2004-0002546,능안교,교량,도로교량,3종,D03,수립,시설물안전법 제6조 안전 및 유지관리계획,Y,2025-02-02,Y,Y,Y,9,7,2025-02-04,SD03-1,예시 자료(시연용)
CSP-2025-0312,2025,공중이용시설,BR2004-0002548,남산2교,교량,도로교량,3종,D03,수립,시설물안전법 제6조 안전 및 유지관리계획,Y,2025-03-23,N,Y,Y,7,7,2025-02-06,SD03-1,예시 자료(시연용)
CSP-2025-0313,2025,공중이용시설,BR2004-0002549,남산교,교량,도로교량,3종,D03,수립,시설물안전법 제6조 안전 및 유지관리계획,Y,2025-03-22,Y,Y,Y,7,5,2025-02-20,SD03-1,예시 자료(시연용)
CSP-2025-0314,2025,공중이용시설,BR2004-0002551,신갈보도교,교량,도로교량,3종,D03,수립,시설물안전법 제6조 안전 및 유지관리계획,Y,2025-03-11,Y,Y,Y,7,7,2025-02-14,SD03-1,예시 자료(시연용)
CSP-2025-0315,2025,공중이용시설,BR2004-0002621,새터교,교량,도로교량,3종,D03,수립,시설물안전법 제6조 안전 및 유지관리계획,Y,2025-02-18,Y,Y,Y,9,9,2025-01-23,SD03-1,예시 자료(시연용)
CSP-2025-0316,2025,공중이용시설,BR2004-0002622,성복천교(정평1교),교량,도로교량,3종,D03,수립,시설물안전법 제6조 안전 및 유지관리계획,N,,Y,Y,Y,6,6,2025-01-24,SD03-1,예시 자료(시연용)
CSP-2025-0317,2025,공중이용시설,BR2004-0002625,죽전5교,교량,도로교량,3종,D03,수립,시설물안전법 제6조 안전 및 유지관리계획,Y,2025-03-28,Y,Y,Y,8,6,2025-02-22,SD03-1,예시 자료(시연용)
CSP-2025-0318,2025,공중이용시설,BR2004-0002653,풍덕천2교,교량,도로교량,3종,D03,수립,시설물안전법 제6조 안전 및 유지관리계획,Y,2025-03-18,Y,Y,Y,8,8,2025-01-14,SD03-1,예시 자료(시연용)
CSP-2025-0319,2025,공중이용시설,BR2004-0002657,대지교,교량,도로교량,3종,D03,수립,시설물안전법 제6조 안전 및 유지관리계획,Y,2025-03-20,N,Y,Y,8,7,2025-02-11,SD03-1,예시 자료(시연용)
CSP-2025-0320,2025,공중이용시설,BR2004-0002658,성현교,교량,도로교량,3종,D03,수립,시설물안전법 제6조 안전 및 유지관리계획,N,,Y,Y,Y,4,4,2025-01-19,SD03-1,예시 자료(시연용)
CSP-2025-0321,2025,공중이용시설,BR2004-0002662,풍덕천2교(풍덕공원옆),교량,도로교량,3종,D03,수립,시설물안전법 제6조 안전 및 유지관리계획,Y,2025-02-07,Y,Y,Y,4,4,2025-02-05,SD03-1,예시 자료(시연용)
CSP-2025-0322,2025,공중이용시설,BR2004-0002729,시미육교,교량,도로교량,3종,D03,수립,시설물안전법 제6조 안전 및 유지관리계획,Y,2025-03-04,Y,Y,Y,7,7,2025-02-17,SD03-1,예시 자료(시연용)
CSP-2025-0323,2025,공중이용시설,BR2004-0002730,묘봉육교,교량,도로교량,3종,D03,수립,시설물안전법 제6조 안전 및 유지관리계획,Y,2025-03-09,Y,Y,Y,6,6,2025-01-23,SD03-1,예시 자료(시연용)
CSP-2025-0324,2025,공중이용시설,BR2004-0002732,원천교,교량,도로교량,3종,D03,수립,시설물안전법 제6조 안전 및 유지관리계획,Y,2025-03-13,Y,Y,Y,8,8,2025-01-18,SD03-1,예시 자료(시연용)
CSP-2025-0325,2025,공중이용시설,BR2004-0002738,송전1교,교량,도로교량,3종,D03,수립,시설물안전법 제6조 안전 및 유지관리계획,Y,2025-03-15,Y,Y,Y,7,7,2025-01-24,SD03-1,예시 자료(시연용)
CSP-2025-0326,2025,공중이용시설,BR2004-0002739,송전육교,교량,도로교량,3종,D03,수립,시설물안전법 제6조 안전 및 유지관리계획,Y,2025-03-26,Y,Y,Y,5,5,2025-01-16,SD03-1,예시 자료(시연용)
CSP-2025-0327,2025,공중이용시설,BR2004-0002740,덕성육교,교량,도로교량,3종,D03,수립,자체 안전계획,,,Y,Y,Y,7,7,2025-02-28,SD03-1,예시 자료(시연용)
CSP-2025-0328,2025,공중이용시설,BR2004-0003231,상미보도육교,교량,육교,3종,D03,수립,시설물안전법 제6조 안전 및 유지관리계획,Y,2025-02-03,Y,Y,Y,9,7,2025-02-25,SD03-1,예시 자료(시연용)
CSP-2025-0329,2025,공중이용시설,BR2004-0003232,신갈보도육교,교량,육교,3종,D03,수립,시설물안전법 제6조 안전 및 유지관리계획,Y,2025-03-07,Y,Y,Y,3,3,2025-01-14,SD03-1,예시 자료(시연용)
CSP-2025-0330,2025,공중이용시설,BR2005-0000271,묘봉교(상),교량,도로교량,2종,D03,수립,시설물안전법 제6조 안전 및 유지관리계획,Y,2025-02-17,Y,Y,Y,8,8,2025-02-10,SD03-1,예시 자료(시연용)
CSP-2025-0331,2025,공중이용시설,BR2005-0000272,묘봉교(하),교량,도로교량,2종,D03,수립,시설물안전법 제6조 안전 및 유지관리계획,Y,2025-03-12,Y,Y,Y,10,10,2025-02-03,SD03-1,예시 자료(시연용)
CSP-2025-0332,2025,공중이용시설,BR2005-0000273,요덕교,교량,도로교량,2종,D03,수립,시설물안전법 제6조 안전 및 유지관리계획,Y,2025-03-01,Y,Y,Y,7,5,2025-01-08,SD03-1,예시 자료(시연용)
CSP-2025-0333,2025,공중이용시설,BR2005-0000274,비룡2교,교량,도로교량,2종,D03,수립,시설물안전법 제6조 안전 및 유지관리계획,Y,2025-02-06,Y,Y,Y,5,5,2025-01-15,SD03-1,예시 자료(시연용)
CSP-2025-0334,2025,공중이용시설,BR2005-0000275,덕성1교,교량,도로교량,2종,D03,수립,시설물안전법 제6조 안전 및 유지관리계획,Y,2025-03-11,N,Y,Y,5,5,2025-01-07,SD03-1,예시 자료(시연용)
CSP-2025-0335,2025,공중이용시설,BR2005-0000276,덕성2교,교량,도로교량,2종,D03,수립,시설물안전법 제6조 안전 및 유지관리계획,Y,2025-03-19,Y,Y,Y,5,5,2025-01-20,SD03-1,예시 자료(시연용)
CSP-2025-0336,2025,공중이용시설,BR2005-0000277,원천육교,교량,도로교량,2종,D03,수립,시설물안전법 제6조 안전 및 유지관리계획,Y,2025-03-01,N,Y,Y,9,9,2025-02-13,SD03-1,예시 자료(시연용)
CSP-2025-0337,2025,공중이용시설,BR2005-0000278,원촌교,교량,도로교량,2종,D03,수립,시설물안전법 제6조 안전 및 유지관리계획,Y,2025-02-15,Y,Y,Y,7,7,2025-01-05,SD03-1,예시 자료(시연용)
CSP-2025-0338,2025,공중이용시설,BR2005-0000279,남리교(상행선),교량,도로교량,1종,D03,수립,시설물안전법 제6조 안전 및 유지관리계획,N,,Y,Y,Y,8,8,2025-01-25,SD03-1,예시 자료(시연용)
CSP-2025-0339,2025,공중이용시설,BR2005-0000280,남리교(하행선),교량,도로교량,1종,D03,수립,시설물안전법 제6조 안전 및 유지관리계획,Y,2025-02-19,Y,Y,Y,10,10,2025-01-11,SD03-1,예시 자료(시연용)
CSP-2025-0340,2025,공중이용시설,BR2005-0000281,기선교,교량,도로교량,1종,D03,수립,시설물안전법 제6조 안전 및 유지관리계획,Y,2025-03-27,Y,Y,Y,8,8,2025-02-13,SD03-1,예시 자료(시연용)
CSP-2025-0341,2025,공중이용시설,BR2005-0000282,마평육교(상행선),교량,도로교량,1종,D03,수립,시설물안전법 제6조 안전 및 유지관리계획,Y,2025-02-12,Y,Y,Y,10,10,2025-01-18,SD03-1,예시 자료(시연용)
CSP-2025-0342,2025,공중이용시설,BR2005-0000283,마평육교(하행선),교량,도로교량,1종,D03,수립,자체 안전계획,,,Y,Y,Y,5,5,2025-01-16,SD03-1,예시 자료(시연용)
CSP-2025-0343,2025,공중이용시설,BR2005-0000637,탄천 1교,교량,도로교량,1종,D03,수립,시설물안전법 제6조 안전 및 유지관리계획,Y,2025-03-01,Y,Y,Y,6,5,2025-02-16,SD03-1,예시 자료(시연용)
CSP-2025-0344,2025,공중이용시설,BR2005-0000638,현메교,교량,도로교량,1종,D03,수립,자체 안전계획,,,Y,Y,Y,6,6,2025-02-12,SD03-1,예시 자료(시연용)
CSP-2025-0345,2025,공중이용시설,BR2005-0000639,동아고가교,교량,도로교량,1종,D03,수립,시설물안전법 제6조 안전 및 유지관리계획,N,,Y,Y,Y,3,3,2025-01-10,SD03-1,예시 자료(시연용)
CSP-2025-0346,2025,공중이용시설,BR2005-0000717,신국도43호선 연결램프교,교량,도로교량,1종,D03,수립,시설물안전법 제6조 안전 및 유지관리계획,N,,Y,Y,Y,10,8,2025-02-14,SD03-1,예시 자료(시연용)
CSP-2025-0347,2025,공중이용시설,BR2005-0001933,언동1교,교량,도로교량,3종,D03,수립,시설물안전법 제6조 안전 및 유지관리계획,Y,2025-02-20,Y,Y,Y,6,6,2025-02-14,SD03-1,예시 자료(시연용)
CSP-2025-0348,2025,공중이용시설,BR2005-0001935,구성IC교,교량,도로교량,3종,D03,수립,시설물안전법 제6조 안전 및 유지관리계획,Y,2025-02-13,Y,Y,Y,5,5,2025-02-10,SD03-1,예시 자료(시연용)
CSP-2025-0349,2025,공중이용시설,BR2005-0001936,구성1교,교량,도로교량,3종,D03,수립,시설물안전법 제6조 안전 및 유지관리계획,Y,2025-03-03,Y,Y,Y,3,2,2025-01-11,SD03-1,예시 자료(시연용)
CSP-2025-0350,2025,공중이용시설,BR2005-0001937,보뜰교,교량,도로교량,3종,D03,수립,시설물안전법 제6조 안전 및 유지관리계획,N,,Y,Y,Y,4,4,2025-01-13,SD03-1,예시 자료(시연용)
CSP-2025-0351,2025,공중이용시설,BR2005-0001938,어정교,교량,도로교량,3종,D03,수립,시설물안전법 제6조 안전 및 유지관리계획,Y,2025-03-02,Y,Y,Y,7,7,2025-01-06,SD03-1,예시 자료(시연용)
CSP-2025-0352,2025,공중이용시설,BR2005-0001939,청덕1교,교량,도로교량,3종,D03,수립,시설물안전법 제6조 안전 및 유지관리계획,Y,2025-03-08,Y,Y,Y,3,3,2025-01-10,SD03-1,예시 자료(시연용)
CSP-2025-0353,2025,공중이용시설,BR2005-0001940,구성교,교량,도로교량,3종,D03,수립,자체 안전계획,,,Y,Y,N,6,6,2025-02-27,SD03-1,예시 자료(시연용)
CSP-2025-0354,2025,공중이용시설,BR2005-0001941,무지개다리,교량,도로교량,3종,D03,수립,자체 안전계획,,,N,N,Y,4,4,2025-01-13,SD03-1,예시 자료(시연용)
CSP-2025-0355,2025,공중이용시설,BR2005-0001942,청덕교,교량,도로교량,3종,D03,수립,자체 안전계획,,,Y,Y,N,4,4,2025-01-24,SD03-1,예시 자료(시연용)
CSP-2025-0356,2025,공중이용시설,BR2005-0002043,백설교,교량,도로교량,3종,D03,수립,시설물안전법 제6조 안전 및 유지관리계획,Y,2025-02-05,Y,Y,Y,9,9,2025-02-10,SD03-1,예시 자료(시연용)
CSP-2025-0357,2025,공중이용시설,BR2005-0002141,전대교,교량,도로교량,3종,D03,수립,시설물안전법 제6조 안전 및 유지관리계획,Y,2025-03-05,Y,Y,Y,9,9,2025-01-16,SD03-1,예시 자료(시연용)
CSP-2025-0358,2025,공중이용시설,BR2005-0002142,태성고교앞보도육교,교량,육교,3종,D03,수립,시설물안전법 제6조 안전 및 유지관리계획,Y,2025-03-18,Y,Y,Y,3,1,2025-02-13,SD03-1,예시 자료(시연용)
CSP-2025-0359,2025,공중이용시설,BR2005-0002398,금학1교,교량,도로교량,3종,D03,수립,시설물안전법 제6조 안전 및 유지관리계획,Y,2025-02-10,Y,Y,Y,9,9,2025-01-07,SD03-1,예시 자료(시연용)
CSP-2025-0360,2025,공중이용시설,BR2006-0000127,상마곡교(죽전방향),교량,도로교량,1종,D03,수립,시설물안전법 제6조 안전 및 유지관리계획,Y,2025-03-13,Y,Y,Y,10,10,2025-02-27,SD03-1,예시 자료(시연용)
CSP-2025-0361,2025,공중이용시설,BR2006-0000128,상마곡교(동백방향),교량,도로교량,2종,D03,수립,시설물안전법 제6조 안전 및 유지관리계획,Y,2025-03-27,Y,Y,Y,5,5,2025-01-07,SD03-1,예시 자료(시연용)
CSP-2025-0362,2025,공중이용시설,BR2006-0000417,어장교,교량,도로교량,3종,D03,수립,시설물안전법 제6조 안전 및 유지관리계획,Y,2025-02-13,Y,Y,Y,7,7,2025-02-05,SD03-1,예시 자료(시연용)
CSP-2025-0363,2025,공중이용시설,BR2006-0000420,성은교,교량,도로교량,3종,D03,수립,시설물안전법 제6조 안전 및 유지관리계획,Y,2025-03-08,Y,Y,Y,3,3,2025-01-11,SD03-1,예시 자료(시연용)
CSP-2025-0364,2025,공중이용시설,BR2006-0000425,상암교,교량,도로교량,3종,D03,수립,시설물안전법 제6조 안전 및 유지관리계획,Y,2025-03-11,Y,Y,Y,6,4,2025-01-09,SD03-1,예시 자료(시연용)
CSP-2025-0365,2025,공중이용시설,BR2006-0000430,전대2교,교량,도로교량,3종,D03,수립,시설물안전법 제6조 안전 및 유지관리계획,N,,Y,Y,Y,9,9,2025-02-08,SD03-1,예시 자료(시연용)
CSP-2025-0366,2025,공중이용시설,BR2006-0000432,신원교,교량,도로교량,3종,D03,미수립,,,,,,,,,,SD03-1,예시 자료(시연용)
CSP-2025-0367,2025,공중이용시설,BR2006-0000433,윗말1교,교량,도로교량,3종,D03,수립,시설물안전법 제6조 안전 및 유지관리계획,Y,2025-03-13,Y,Y,Y,7,7,2025-01-22,SD03-1,예시 자료(시연용)
CSP-2025-0368,2025,공중이용시설,BR2006-0000434,매산교,교량,도로교량,3종,D03,수립,시설물안전법 제6조 안전 및 유지관리계획,Y,2025-03-01,Y,Y,Y,8,8,2025-02-08,SD03-1,예시 자료(시연용)
CSP-2025-0369,2025,공중이용시설,BR2006-0000623,동진교(강릉),교량,도로교량,2종,D03,수립,시설물안전법 제6조 안전 및 유지관리계획,Y,2025-03-21,Y,Y,Y,5,5,2025-01-21,SD03-1,예시 자료(시연용)
CSP-2025-0370,2025,공중이용시설,BR2006-0000743,우당육교,교량,도로교량,1종,D03,수립,시설물안전법 제6조 안전 및 유지관리계획,Y,2025-02-10,Y,Y,Y,5,5,2025-02-02,SD03-1,예시 자료(시연용)
CSP-2025-0371,2025,공중이용시설,BR2006-0000827,언동육교,교량,도로교량,2종,D03,수립,시설물안전법 제6조 안전 및 유지관리계획,Y,2025-03-02,Y,Y,Y,4,4,2025-02-06,SD03-1,예시 자료(시연용)
CSP-2025-0372,2025,공중이용시설,BR2006-0001191,음달안교,교량,도로교량,3종,D03,수립,시설물안전법 제6조 안전 및 유지관리계획,Y,2025-02-13,N,Y,Y,4,4,2025-01-09,SD03-1,예시 자료(시연용)
CSP-2025-0373,2025,공중이용시설,BR2006-0001914,한보라교,교량,도로교량,3종,D03,수립,시설물안전법 제6조 안전 및 유지관리계획,Y,2025-03-05,Y,Y,Y,4,4,2025-02-13,SD03-1,예시 자료(시연용)
CSP-2025-0374,2025,공중이용시설,BR2006-0002077,시청앞보도육교,교량,육교,3종,D03,수립,시설물안전법 제6조 안전 및 유지관리계획,Y,2025-02-26,Y,Y,Y,6,6,2025-02-03,SD03-1,예시 자료(시연용)
CSP-2025-0375,2025,공중이용시설,BR2006-0002206,가람다리보도육교,교량,육교,3종,D03,수립,자체 안전계획,,,Y,Y,Y,10,10,2025-02-01,SD03-1,예시 자료(시연용)
CSP-2025-0376,2025,공중이용시설,BR2006-0002207,교통광장보도육교,교량,육교,3종,D03,수립,시설물안전법 제6조 안전 및 유지관리계획,Y,2025-02-14,Y,Y,Y,5,5,2025-02-14,SD03-1,예시 자료(시연용)
CSP-2025-0377,2025,공중이용시설,BR2006-0002208,내담다리보도육교,교량,육교,3종,D03,수립,시설물안전법 제6조 안전 및 유지관리계획,Y,2025-02-02,Y,Y,Y,9,8,2025-02-18,SD03-1,예시 자료(시연용)
CSP-2025-0378,2025,공중이용시설,BR2006-0002209,마루다리보도육교,교량,육교,3종,D03,수립,시설물안전법 제6조 안전 및 유지관리계획,Y,2025-02-27,Y,Y,Y,6,6,2025-02-10,SD03-1,예시 자료(시연용)
CSP-2025-0379,2025,공중이용시설,BR2006-0002210,바름다리보도육교,교량,육교,3종,D03,수립,자체 안전계획,,,Y,Y,Y,6,6,2025-02-20,SD03-1,예시 자료(시연용)
CSP-2025-0380,2025,공중이용시설,BR2006-0002211,미리내다리보도육교,교량,육교,3종,D03,수립,시설물안전법 제6조 안전 및 유지관리계획,Y,2025-03-19,Y,Y,Y,8,8,2025-01-26,SD03-1,예시 자료(시연용)
CSP-2025-0381,2025,공중이용시설,BR2006-0002212,성산다리보도육교,교량,육교,3종,D03,수립,자체 안전계획,,,Y,Y,Y,7,7,2025-02-20,SD03-1,예시 자료(시연용)
CSP-2025-0382,2025,공중이용시설,BR2006-0002213,솔개다리보도육교,교량,육교,3종,D03,수립,시설물안전법 제6조 안전 및 유지관리계획,Y,2025-03-18,Y,Y,Y,4,4,2025-02-18,SD03-1,예시 자료(시연용)
CSP-2025-0383,2025,공중이용시설,BR2006-0002214,참솔보도육교,교량,육교,3종,D03,수립,시설물안전법 제6조 안전 및 유지관리계획,Y,2025-02-19,N,Y,Y,10,9,2025-01-06,SD03-1,예시 자료(시연용)
CSP-2025-0384,2025,공중이용시설,BR2007-0000723,수역교,교량,도로교량,2종,D03,수립,시설물안전법 제6조 안전 및 유지관리계획,Y,2025-02-23,Y,Y,Y,8,8,2025-01-17,SD03-1,예시 자료(시연용)
CSP-2025-0385,2025,공중이용시설,BR2007-0000724,봉천교,교량,도로교량,2종,D03,수립,시설물안전법 제6조 안전 및 유지관리계획,Y,2025-03-03,Y,Y,Y,9,9,2025-02-21,SD03-1,예시 자료(시연용)
CSP-2025-0386,2025,공중이용시설,BR2007-0000725,남리대교,교량,도로교량,2종,D03,수립,시설물안전법 제6조 안전 및 유지관리계획,Y,2025-02-11,Y,Y,Y,4,4,2025-01-17,SD03-1,예시 자료(시연용)
CSP-2025-0387,2025,공중이용시설,BR2007-0000726,유림교,교량,도로교량,2종,D03,수립,시설물안전법 제6조 안전 및 유지관리계획,Y,2025-03-10,N,Y,Y,5,5,2025-02-15,SD03-1,예시 자료(시연용)
CSP-2025-0388,2025,공중이용시설,BR2007-0001446,고매2교,교량,도로교량,3종,D03,수립,자체 안전계획,,,Y,Y,Y,7,7,2025-02-10,SD03-1,예시 자료(시연용)
CSP-2025-0389,2025,공중이용시설,BR2007-0001447,지곡1새마을교,교량,도로교량,3종,D03,수립,시설물안전법 제6조 안전 및 유지관리계획,Y,2025-03-16,Y,Y,Y,3,3,2025-02-03,SD03-1,예시 자료(시연용)
CSP-2025-0390,2025,공중이용시설,BR2007-0001448,지곡2새마을교,교량,도로교량,3종,D03,수립,시설물안전법 제6조 안전 및 유지관리계획,Y,2025-02-01,Y,Y,Y,5,5,2025-02-14,SD03-1,예시 자료(시연용)
CSP-2025-0391,2025,공중이용시설,BR2007-0001449,고매4교,교량,도로교량,3종,D03,수립,시설물안전법 제6조 안전 및 유지관리계획,Y,2025-02-22,Y,Y,Y,9,9,2025-02-13,SD03-1,예시 자료(시연용)
CSP-2025-0392,2025,공중이용시설,BR2007-0001450,마북교,교량,도로교량,3종,D03,수립,시설물안전법 제6조 안전 및 유지관리계획,Y,2025-03-25,Y,Y,Y,4,4,2025-01-28,SD03-1,예시 자료(시연용)
CSP-2025-0393,2025,공중이용시설,BR2007-0001451,하동교,교량,도로교량,3종,D03,수립,시설물안전법 제6조 안전 및 유지관리계획,N,,Y,Y,Y,5,5,2025-02-24,SD03-1,예시 자료(시연용)
CSP-2025-0394,2025,공중이용시설,BR2007-0001492,영문교,교량,도로교량,3종,D03,수립,시설물안전법 제6조 안전 및 유지관리계획,Y,2025-03-28,N,Y,Y,7,7,2025-02-12,SD03-1,예시 자료(시연용)
CSP-2025-0395,2025,공중이용시설,BR2008-0000456,신역1교,교량,도로교량,1종,D03,수립,시설물안전법 제6조 안전 및 유지관리계획,Y,2025-02-07,Y,Y,Y,10,9,2025-02-14,SD03-1,예시 자료(시연용)
CSP-2025-0396,2025,공중이용시설,BR2008-0000457,흥덕IC교,교량,도로교량,2종,D03,수립,시설물안전법 제6조 안전 및 유지관리계획,Y,2025-02-24,Y,Y,Y,4,2,2025-01-27,SD03-1,예시 자료(시연용)
CSP-2025-0397,2025,공중이용시설,BR2008-0000458,동진교(인천),교량,도로교량,2종,D03,수립,시설물안전법 제6조 안전 및 유지관리계획,Y,2025-02-28,Y,Y,Y,6,6,2025-02-18,SD03-1,예시 자료(시연용)
CSP-2025-0398,2025,공중이용시설,BR2008-0000581,삼성고가차도,교량,도로교량,1종,D03,수립,시설물안전법 제6조 안전 및 유지관리계획,N,,Y,Y,Y,8,8,2025-01-03,SD03-1,예시 자료(시연용)
CSP-2025-0399,2025,공중이용시설,BR2008-0000636,풍덕천제2고가차도,교량,도로교량,1종,D03,수립,시설물안전법 제6조 안전 및 유지관리계획,Y,2025-02-16,Y,Y,Y,9,8,2025-02-03,SD03-1,예시 자료(시연용)
CSP-2025-0400,2025,공중이용시설,BR2008-0000700,공세교,교량,도로교량,2종,D03,수립,자체 안전계획,,,Y,Y,Y,10,10,2025-02-01,SD03-1,예시 자료(시연용)
CSP-2025-0401,2025,공중이용시설,BR2008-0001067,죽전2교,교량,도로교량,2종,D03,수립,시설물안전법 제6조 안전 및 유지관리계획,Y,2025-02-26,Y,Y,Y,10,10,2025-02-21,SD03-1,예시 자료(시연용)
CSP-2025-0402,2025,공중이용시설,BR2008-0001312,마성 1R-A교,교량,도로교량,1종,D03,수립,시설물안전법 제6조 안전 및 유지관리계획,Y,2025-02-15,Y,Y,Y,3,3,2025-01-10,SD03-1,예시 자료(시연용)
CSP-2025-0403,2025,공중이용시설,BR2008-0001313,마성 1R-B교,교량,도로교량,1종,D03,수립,시설물안전법 제6조 안전 및 유지관리계획,Y,2025-02-02,Y,Y,Y,10,10,2025-01-18,SD03-1,예시 자료(시연용)
CSP-2025-0404,2025,공중이용시설,BR2008-0001314,마성 2연결교,교량,도로교량,1종,D03,수립,시설물안전법 제6조 안전 및 유지관리계획,Y,2025-03-05,Y,Y,Y,7,7,2025-01-21,SD03-1,예시 자료(시연용)
CSP-2025-0405,2025,공중이용시설,BR2008-0001315,마성 2R-D교,교량,도로교량,2종,D03,수립,시설물안전법 제6조 안전 및 유지관리계획,Y,2025-02-17,Y,Y,Y,9,9,2025-01-23,SD03-1,예시 자료(시연용)
CSP-2025-0406,2025,공중이용시설,BR2008-0001348,육교A,교량,육교,3종,D03,수립,자체 안전계획,,,Y,Y,Y,5,5,2025-02-16,SD03-1,예시 자료(시연용)
CSP-2025-0407,2025,공중이용시설,BR2008-0001349,육교C,교량,육교,3종,D03,수립,시설물안전법 제6조 안전 및 유지관리계획,Y,2025-03-21,Y,Y,Y,6,4,2025-01-16,SD03-1,예시 자료(시연용)
CSP-2025-0408,2025,공중이용시설,BR2008-0001350,청덕2교,교량,도로교량,3종,D03,미수립,,,,,,,,,,SD03-1,예시 자료(시연용)
CSP-2025-0409,2025,공중이용시설,BR2008-0001351,청덕3교,교량,도로교량,3종,D03,수립,시설물안전법 제6조 안전 및 유지관리계획,Y,2025-03-26,Y,Y,Y,6,6,2025-02-04,SD03-1,예시 자료(시연용)
CSP-2025-0410,2025,공중이용시설,BR2008-0001352,청덕4교,교량,도로교량,3종,D03,수립,시설물안전법 제6조 안전 및 유지관리계획,Y,2025-03-18,Y,Y,Y,9,9,2025-02-09,SD03-1,예시 자료(시연용)
CSP-2025-0411,2025,공중이용시설,BR2008-0001353,상마곡교(포은),교량,도로교량,3종,D03,수립,시설물안전법 제6조 안전 및 유지관리계획,Y,2025-03-21,N,Y,Y,4,4,2025-02-19,SD03-1,예시 자료(시연용)
CSP-2025-0412,2025,공중이용시설,BR2008-0001354,지석교,교량,도로교량,3종,D03,수립,시설물안전법 제6조 안전 및 유지관리계획,Y,2025-02-07,Y,Y,Y,3,3,2025-02-16,SD03-1,예시 자료(시연용)
CSP-2025-0413,2025,공중이용시설,BR2008-0001355,청덕1교,교량,도로교량,3종,D03,수립,시설물안전법 제6조 안전 및 유지관리계획,N,,Y,Y,Y,7,6,2025-02-01,SD03-1,예시 자료(시연용)
CSP-2025-0414,2025,공중이용시설,BR2008-0001356,고매교,교량,도로교량,3종,D03,수립,시설물안전법 제6조 안전 및 유지관리계획,Y,2025-02-17,Y,Y,Y,8,8,2025-02-06,SD03-1,예시 자료(시연용)
CSP-2025-0415,2025,공중이용시설,BR2008-0001357,육교B,교량,육교,3종,D03,수립,시설물안전법 제6조 안전 및 유지관리계획,Y,2025-03-19,Y,Y,Y,6,6,2025-01-10,SD03-1,예시 자료(시연용)
CSP-2025-0416,2025,공중이용시설,BR2008-0001358,육교F-G,교량,육교,3종,D03,수립,시설물안전법 제6조 안전 및 유지관리계획,Y,2025-02-05,Y,Y,Y,9,9,2025-02-26,SD03-1,예시 자료(시연용)
CSP-2025-0417,2025,공중이용시설,BR2009-0000035,죽전교,교량,철도교량,2종,D03,수립,시설물안전법 제6조 안전 및 유지관리계획,Y,2025-02-13,Y,Y,Y,10,10,2025-01-15,SD03-1,예시 자료(시연용)
CSP-2025-0418,2025,공중이용시설,BR2009-0000178,제34호교통광장RAMP교,교량,도로교량,1종,D03,수립,시설물안전법 제6조 안전 및 유지관리계획,Y,2025-03-16,Y,Y,Y,9,8,2025-02-28,SD03-1,예시 자료(시연용)
CSP-2025-0419,2025,공중이용시설,BR2009-0000427,하갈2교,교량,도로교량,1종,D03,수립,시설물안전법 제6조 안전 및 유지관리계획,Y,2025-03-01,Y,Y,Y,10,10,2025-01-23,SD03-1,예시 자료(시연용)
CSP-2025-0420,2025,공중이용시설,BR2009-0000429,기흥교,교량,도로교량,1종,D03,수립,시설물안전법 제6조 안전 및 유지관리계획,Y,2025-02-28,Y,Y,Y,9,9,2025-02-13,SD03-1,예시 자료(시연용)
CSP-2025-0421,2025,공중이용시설,BR2009-0000430,기흥1교,교량,도로교량,1종,D03,수립,시설물안전법 제6조 안전 및 유지관리계획,Y,2025-02-14,Y,Y,Y,8,8,2025-02-23,SD03-1,예시 자료(시연용)
CSP-2025-0422,2025,공중이용시설,BR2009-0000597,영덕교,교량,도로교량,1종,D03,수립,시설물안전법 제6조 안전 및 유지관리계획,Y,2025-03-18,Y,Y,Y,5,5,2025-02-12,SD03-1,예시 자료(시연용)
CSP-2025-0423,2025,공중이용시설,BR2009-0000598,영덕1교,교량,도로교량,1종,D03,수립,시설물안전법 제6조 안전 및 유지관리계획,Y,2025-02-26,Y,Y,Y,7,7,2025-01-06,SD03-1,예시 자료(시연용)
CSP-2025-0424,2025,공중이용시설,BR2009-0000599,하갈1교,교량,도로교량,1종,D03,수립,시설물안전법 제6조 안전 및 유지관리계획,Y,2025-03-24,Y,Y,Y,8,8,2025-01-28,SD03-1,예시 자료(시연용)
CSP-2025-0425,2025,공중이용시설,BR2009-0000600,청명RAMP-B1교,교량,도로교량,1종,D03,수립,시설물안전법 제6조 안전 및 유지관리계획,Y,2025-02-22,N,Y,Y,3,3,2025-01-05,SD03-1,예시 자료(시연용)
CSP-2025-0426,2025,공중이용시설,BR2009-0000601,청명RAMP-C교,교량,도로교량,1종,D03,수립,시설물안전법 제6조 안전 및 유지관리계획,Y,2025-02-22,Y,Y,Y,9,9,2025-01-05,SD03-1,예시 자료(시연용)
CSP-2025-0427,2025,공중이용시설,BR2009-0001235,영덕2교,교량,도로교량,3종,D03,수립,시설물안전법 제6조 안전 및 유지관리계획,Y,2025-03-14,N,Y,Y,7,6,2025-02-25,SD03-1,예시 자료(시연용)
CSP-2025-0428,2025,공중이용시설,BR2009-0001236,영덕육교,교량,도로교량,3종,D03,수립,시설물안전법 제6조 안전 및 유지관리계획,Y,2025-03-23,Y,Y,Y,7,7,2025-01-06,SD03-1,예시 자료(시연용)
CSP-2025-0429,2025,공중이용시설,BR2009-0001237,청명램프D교,교량,도로교량,3종,D03,수립,시설물안전법 제6조 안전 및 유지관리계획,Y,2025-03-02,Y,Y,Y,8,6,2025-02-12,SD03-1,예시 자료(시연용)
CSP-2025-0430,2025,공중이용시설,BR2009-0001238,언남3교,교량,도로교량,3종,D03,수립,시설물안전법 제6조 안전 및 유지관리계획,Y,2025-03-14,Y,Y,Y,6,6,2025-01-17,SD03-1,예시 자료(시연용)
CSP-2025-0431,2025,공중이용시설,BR2009-0001239,청명램프B-2교,교량,도로교량,3종,D03,수립,시설물안전법 제6조 안전 및 유지관리계획,Y,2025-03-02,Y,Y,Y,7,7,2025-01-07,SD03-1,예시 자료(시연용)
CSP-2025-0432,2025,공중이용시설,BR2009-0001240,불당교,교량,도로교량,3종,D03,수립,시설물안전법 제6조 안전 및 유지관리계획,Y,2025-03-17,Y,Y,Y,4,4,2025-02-27,SD03-1,예시 자료(시연용)
CSP-2025-0433,2025,공중이용시설,BR2009-0001242,상하2교,교량,도로교량,2종,D03,수립,시설물안전법 제6조 안전 및 유지관리계획,Y,2025-03-17,Y,Y,Y,10,10,2025-02-26,SD03-1,예시 자료(시연용)
CSP-2025-0434,2025,공중이용시설,BR2009-0001268,문촌교,교량,도로교량,3종,D03,수립,시설물안전법 제6조 안전 및 유지관리계획,N,,N,Y,Y,5,5,2025-01-09,SD03-1,예시 자료(시연용)
CSP-2025-0435,2025,공중이용시설,BR2009-0001270,장촌교,교량,도로교량,3종,D03,수립,시설물안전법 제6조 안전 및 유지관리계획,Y,2025-02-15,Y,Y,Y,4,4,2025-02-20,SD03-1,예시 자료(시연용)
CSP-2025-0436,2025,공중이용시설,BR2009-0001271,야광교,교량,도로교량,3종,D03,수립,시설물안전법 제6조 안전 및 유지관리계획,Y,2025-03-02,Y,Y,Y,5,5,2025-01-05,SD03-1,예시 자료(시연용)
CSP-2025-0437,2025,공중이용시설,BR2009-0001272,학일교,교량,도로교량,3종,D03,수립,시설물안전법 제6조 안전 및 유지관리계획,Y,2025-02-14,Y,Y,Y,9,9,2025-01-18,SD03-1,예시 자료(시연용)
CSP-2025-0438,2025,공중이용시설,BR2009-0001469,물푸레생태교,교량,도로교량,3종,D03,수립,시설물안전법 제6조 안전 및 유지관리계획,Y,2025-03-16,Y,Y,Y,10,10,2025-01-22,SD03-1,예시 자료(시연용)
CSP-2025-0439,2025,공중이용시설,BR2009-0001470,흥덕1교,교량,도로교량,3종,D03,수립,시설물안전법 제6조 안전 및 유지관리계획,Y,2025-02-01,Y,Y,Y,5,5,2025-01-04,SD03-1,예시 자료(시연용)
CSP-2025-0440,2025,공중이용시설,BR2009-0001471,흥덕2교,교량,도로교량,3종,D03,수립,시설물안전법 제6조 안전 및 유지관리계획,Y,2025-03-13,Y,Y,Y,7,7,2025-01-22,SD03-1,예시 자료(시연용)
CSP-2025-0441,2025,공중이용시설,BR2009-0001472,흥덕3교,교량,도로교량,3종,D03,수립,시설물안전법 제6조 안전 및 유지관리계획,Y,2025-02-23,Y,Y,Y,4,4,2025-02-17,SD03-1,예시 자료(시연용)
CSP-2025-0442,2025,공중이용시설,BR2010-0000471,청덕고가차도,교량,도로교량,1종,D03,수립,시설물안전법 제6조 안전 및 유지관리계획,Y,2025-03-15,Y,Y,Y,6,4,2025-02-07,SD03-1,예시 자료(시연용)
CSP-2025-0443,2025,공중이용시설,BR2010-0000601,청미교,교량,도로교량,2종,D03,수립,시설물안전법 제6조 안전 및 유지관리계획,Y,2025-02-24,Y,Y,Y,10,10,2025-01-20,SD03-1,예시 자료(시연용)
CSP-2025-0444,2025,공중이용시설,BR2010-0000906,수원IC교,교량,도로교량,1종,D03,수립,시설물안전법 제6조 안전 및 유지관리계획,Y,2025-02-06,Y,Y,Y,7,7,2025-01-10,SD03-1,예시 자료(시연용)
CSP-2025-0445,2025,공중이용시설,BR2010-0000907,수원IC1교,교량,도로교량,1종,D03,수립,자체 안전계획,,,Y,Y,Y,9,9,2025-01-20,SD03-1,예시 자료(시연용)
CSP-2025-0446,2025,공중이용시설,BR2010-0001029,금어1교,교량,도로교량,3종,D03,수립,시설물안전법 제6조 안전 및 유지관리계획,Y,2025-03-20,Y,Y,Y,3,3,2025-02-05,SD03-1,예시 자료(시연용)
CSP-2025-0447,2025,공중이용시설,BR2010-0001192,기흥IC2교,교량,도로교량,3종,D03,수립,시설물안전법 제6조 안전 및 유지관리계획,Y,2025-03-18,Y,Y,Y,7,7,2025-01-14,SD03-1,예시 자료(시연용)
CSP-2025-0448,2025,공중이용시설,BR2010-0001193,기흥IC3교,교량,도로교량,3종,D03,수립,자체 안전계획,,,Y,Y,Y,3,3,2025-01-21,SD03-1,예시 자료(시연용)
CSP-2025-0449,2025,공중이용시설,BR2010-0001195,기흥IC4교,교량,도로교량,3종,D03,수립,시설물안전법 제6조 안전 및 유지관리계획,Y,2025-03-04,Y,Y,Y,5,5,2025-02-06,SD03-1,예시 자료(시연용)
CSP-2025-0450,2025,공중이용시설,BR2010-0001197,기흥IC1교,교량,도로교량,3종,D03,수립,시설물안전법 제6조 안전 및 유지관리계획,Y,2025-02-15,N,Y,Y,4,4,2025-02-16,SD03-1,예시 자료(시연용)
CSP-2025-0451,2025,공중이용시설,BR2010-0001210,기흥IC6교,교량,도로교량,3종,D03,수립,시설물안전법 제6조 안전 및 유지관리계획,Y,2025-03-26,Y,Y,Y,5,5,2025-01-03,SD03-1,예시 자료(시연용)
CSP-2025-0452,2025,공중이용시설,BR2010-0001211,기흥IC8교,교량,도로교량,3종,D03,수립,시설물안전법 제6조 안전 및 유지관리계획,Y,2025-02-26,Y,Y,Y,3,3,2025-01-19,SD03-1,예시 자료(시연용)
CSP-2025-0453,2025,공중이용시설,BR2010-0001214,기흥IC9교,교량,도로교량,3종,D03,수립,시설물안전법 제6조 안전 및 유지관리계획,Y,2025-03-05,Y,Y,Y,10,10,2025-02-17,SD03-1,예시 자료(시연용)
CSP-2025-0454,2025,공중이용시설,BR2010-0001215,오산천교(진입),교량,도로교량,3종,D03,수립,시설물안전법 제6조 안전 및 유지관리계획,Y,2025-03-18,Y,Y,Y,7,7,2025-01-14,SD03-1,예시 자료(시연용)
CSP-2025-0455,2025,공중이용시설,BR2010-0001218,오산천교(진출),교량,도로교량,3종,D03,수립,시설물안전법 제6조 안전 및 유지관리계획,Y,2025-02-01,Y,Y,Y,5,5,2025-02-01,SD03-1,예시 자료(시연용)
CSP-2025-0456,2025,공중이용시설,BR2010-0001219,기흥육교(서울1),교량,도로교량,3종,D03,수립,시설물안전법 제6조 안전 및 유지관리계획,Y,2025-03-28,Y,Y,Y,9,9,2025-01-10,SD03-1,예시 자료(시연용)
CSP-2025-0457,2025,공중이용시설,BR2010-0001220,공세2교(서울1),교량,도로교량,3종,D03,수립,시설물안전법 제6조 안전 및 유지관리계획,Y,2025-02-01,Y,Y,Y,10,10,2025-01-24,SD03-1,예시 자료(시연용)
CSP-2025-0458,2025,공중이용시설,BR2010-0001221,공세1교(서울1),교량,도로교량,3종,D03,수립,시설물안전법 제6조 안전 및 유지관리계획,Y,2025-02-20,Y,Y,Y,6,6,2025-01-19,SD03-1,예시 자료(시연용)
CSP-2025-0459,2025,공중이용시설,BR2010-0001222,수원IC2교,교량,도로교량,3종,D03,수립,자체 안전계획,,,Y,Y,Y,9,7,2025-02-11,SD03-1,예시 자료(시연용)
CSP-2025-0460,2025,공중이용시설,BR2010-0001223,수원IC4교,교량,도로교량,3종,D03,수립,시설물안전법 제6조 안전 및 유지관리계획,N,,Y,Y,Y,9,9,2025-01-03,SD03-1,예시 자료(시연용)
CSP-2025-0461,2025,공중이용시설,BR2010-0001226,수원육교(부산1),교량,도로교량,3종,D03,수립,자체 안전계획,,,Y,Y,Y,4,4,2025-02-18,SD03-1,예시 자료(시연용)
CSP-2025-0462,2025,공중이용시설,BR2010-0001341,선달교,교량,도로교량,3종,D03,수립,시설물안전법 제6조 안전 및 유지관리계획,Y,2025-03-11,Y,Y,Y,8,8,2025-02-17,SD03-1,예시 자료(시연용)
CSP-2025-0463,2025,공중이용시설,BR2010-0001508,양치교,교량,도로교량,3종,D03,수립,시설물안전법 제6조 안전 및 유지관리계획,Y,2025-03-06,Y,Y,Y,9,9,2025-01-12,SD03-1,예시 자료(시연용)
CSP-2025-0464,2025,공중이용시설,BR2011-0001084,갈천교,교량,도로교량,2종,D03,수립,시설물안전법 제6조 안전 및 유지관리계획,Y,2025-02-27,N,Y,Y,4,4,2025-01-25,SD03-1,예시 자료(시연용)
CSP-2025-0465,2025,공중이용시설,BR2011-0001307,기흥교(인천1),교량,도로교량,3종,D03,수립,시설물안전법 제6조 안전 및 유지관리계획,Y,2025-02-18,Y,Y,Y,3,2,2025-01-03,SD03-1,예시 자료(시연용)
CSP-2025-0466,2025,공중이용시설,BR2011-0001308,동백교(강릉1),교량,도로교량,3종,D03,수립,시설물안전법 제6조 안전 및 유지관리계획,Y,2025-03-04,Y,Y,Y,4,4,2025-02-08,SD03-1,예시 자료(시연용)
CSP-2025-0467,2025,공중이용시설,BR2011-0001309,동백교(인천1),교량,도로교량,3종,D03,수립,시설물안전법 제6조 안전 및 유지관리계획,N,,Y,Y,Y,7,5,2025-01-07,SD03-1,예시 자료(시연용)
CSP-2025-0468,2025,공중이용시설,BR2011-0001310,마성IC1교,교량,도로교량,3종,D03,수립,시설물안전법 제6조 안전 및 유지관리계획,Y,2025-03-28,Y,Y,Y,8,8,2025-01-06,SD03-1,예시 자료(시연용)
CSP-2025-0469,2025,공중이용시설,BR2011-0001311,삼마교(강릉2),교량,도로교량,3종,D03,수립,시설물안전법 제6조 안전 및 유지관리계획,Y,2025-02-20,Y,Y,Y,4,4,2025-02-12,SD03-1,예시 자료(시연용)
CSP-2025-0470,2025,공중이용시설,BR2011-0001312,상유교(강릉),교량,도로교량,3종,D03,수립,시설물안전법 제6조 안전 및 유지관리계획,Y,2025-02-10,Y,Y,Y,6,6,2025-01-06,SD03-1,예시 자료(시연용)
CSP-2025-0471,2025,공중이용시설,BR2011-0001313,상유교(인천),교량,도로교량,3종,D03,수립,시설물안전법 제6조 안전 및 유지관리계획,Y,2025-02-28,Y,Y,Y,8,8,2025-01-18,SD03-1,예시 자료(시연용)
CSP-2025-0472,2025,공중이용시설,BR2011-0001314,신갈JC5교,교량,도로교량,3종,D03,수립,시설물안전법 제6조 안전 및 유지관리계획,Y,2025-03-10,Y,Y,Y,9,9,2025-02-18,SD03-1,예시 자료(시연용)
CSP-2025-0473,2025,공중이용시설,BR2011-0001315,언남교(강릉),교량,도로교량,3종,D03,수립,시설물안전법 제6조 안전 및 유지관리계획,Y,2025-02-12,N,Y,Y,7,7,2025-02-04,SD03-1,예시 자료(시연용)
CSP-2025-0474,2025,공중이용시설,BR2011-0001316,언남교(인천),교량,도로교량,3종,D03,미수립,,,,,,,,,,SD03-1,예시 자료(시연용)
CSP-2025-0475,2025,공중이용시설,BR2011-0001346,수포2육교,교량,도로교량,3종,D03,수립,시설물안전법 제6조 안전 및 유지관리계획,Y,2025-02-28,Y,Y,Y,6,6,2025-01-03,SD03-1,예시 자료(시연용)
CSP-2025-0476,2025,공중이용시설,BR2011-0001349,용인IC육교(강릉1),교량,도로교량,3종,D03,수립,시설물안전법 제6조 안전 및 유지관리계획,Y,2025-03-28,N,Y,Y,7,7,2025-01-14,SD03-1,예시 자료(시연용)
CSP-2025-0477,2025,공중이용시설,BR2011-0001350,용인IC육교(인천1),교량,도로교량,3종,D03,수립,시설물안전법 제6조 안전 및 유지관리계획,Y,2025-03-22,Y,Y,Y,6,6,2025-01-13,SD03-1,예시 자료(시연용)
CSP-2025-0478,2025,공중이용시설,BR2011-0001351,회차로교,교량,도로교량,3종,D03,수립,시설물안전법 제6조 안전 및 유지관리계획,Y,2025-03-11,Y,Y,Y,6,6,2025-02-25,SD03-1,예시 자료(시연용)
CSP-2025-0479,2025,공중이용시설,BR2011-0001355,용인IC1교(1),교량,도로교량,3종,D03,수립,시설물안전법 제6조 안전 및 유지관리계획,Y,2025-03-04,Y,Y,Y,8,8,2025-02-07,SD03-1,예시 자료(시연용)
CSP-2025-0480,2025,공중이용시설,BR2011-0001356,유방2교(강릉1),교량,도로교량,3종,D03,수립,시설물안전법 제6조 안전 및 유지관리계획,Y,2025-03-26,Y,Y,Y,4,4,2025-02-05,SD03-1,예시 자료(시연용)
CSP-2025-0481,2025,공중이용시설,BR2011-0001358,유방2교(인천1),교량,도로교량,3종,D03,수립,시설물안전법 제6조 안전 및 유지관리계획,Y,2025-03-18,N,Y,Y,6,6,2025-01-27,SD03-1,예시 자료(시연용)
CSP-2025-0482,2025,공중이용시설,BR2011-0001359,임원교(강릉),교량,도로교량,3종,D03,수립,시설물안전법 제6조 안전 및 유지관리계획,Y,2025-02-01,Y,Y,Y,4,4,2025-01-11,SD03-1,예시 자료(시연용)
CSP-2025-0483,2025,공중이용시설,BR2011-0001360,임원교(인천),교량,도로교량,3종,D03,수립,자체 안전계획,,,Y,Y,Y,5,5,2025-02-17,SD03-1,예시 자료(시연용)
CSP-2025-0484,2025,공중이용시설,BR2011-0001378,추계교(강릉1),교량,도로교량,3종,D03,수립,시설물안전법 제6조 안전 및 유지관리계획,Y,2025-03-25,N,Y,Y,9,9,2025-01-16,SD03-1,예시 자료(시연용)
CSP-2025-0485,2025,공중이용시설,BR2011-0001379,고림교(강릉1),교량,도로교량,3종,D03,수립,시설물안전법 제6조 안전 및 유지관리계획,Y,2025-03-10,Y,Y,Y,9,9,2025-02-23,SD03-1,예시 자료(시연용)
CSP-2025-0486,2025,공중이용시설,BR2011-0001380,총신교(강릉),교량,도로교량,3종,D03,수립,시설물안전법 제6조 안전 및 유지관리계획,Y,2025-03-15,Y,Y,Y,3,3,2025-02-13,SD03-1,예시 자료(시연용)
CSP-2025-0487,2025,공중이용시설,BR2011-0001381,양지IC육교(강릉1),교량,도로교량,3종,D03,수립,시설물안전법 제6조 안전 및 유지관리계획,Y,2025-03-10,Y,Y,Y,5,5,2025-01-12,SD03-1,예시 자료(시연용)
CSP-2025-0488,2025,공중이용시설,BR2011-0001382,양지IC육교(인천1),교량,도로교량,3종,D03,수립,시설물안전법 제6조 안전 및 유지관리계획,Y,2025-03-15,N,Y,Y,5,5,2025-02-01,SD03-1,예시 자료(시연용)
CSP-2025-0489,2025,공중이용시설,BR2011-0001383,고림교(인천1),교량,도로교량,3종,D03,수립,시설물안전법 제6조 안전 및 유지관리계획,Y,2025-03-06,Y,Y,Y,5,5,2025-01-11,SD03-1,예시 자료(시연용)
CSP-2025-0490,2025,공중이용시설,BR2011-0001384,주북2교(강릉),교량,도로교량,3종,D03,수립,시설물안전법 제6조 안전 및 유지관리계획,Y,2025-02-15,Y,Y,Y,6,6,2025-02-16,SD03-1,예시 자료(시연용)
CSP-2025-0491,2025,공중이용시설,BR2011-0001385,주북2교(인천),교량,도로교량,3종,D03,수립,시설물안전법 제6조 안전 및 유지관리계획,Y,2025-02-08,Y,Y,Y,4,4,2025-02-26,SD03-1,예시 자료(시연용)
CSP-2025-0492,2025,공중이용시설,BR2012-0000152,경안천교(강릉1),교량,도로교량,2종,D03,수립,시설물안전법 제6조 안전 및 유지관리계획,Y,2025-02-02,Y,Y,Y,6,6,2025-02-04,SD03-1,예시 자료(시연용)
CSP-2025-0493,2025,공중이용시설,BR2012-0000153,경안천교(인천1),교량,도로교량,2종,D03,수립,시설물안전법 제6조 안전 및 유지관리계획,Y,2025-03-07,Y,Y,Y,5,5,2025-02-01,SD03-1,예시 자료(시연용)
CSP-2025-0494,2025,공중이용시설,BR2012-0000256,유운교,교량,도로교량,2종,D03,수립,시설물안전법 제6조 안전 및 유지관리계획,Y,2025-02-28,Y,Y,Y,10,10,2025-02-01,SD03-1,예시 자료(시연용)
CSP-2025-0495,2025,공중이용시설,BR2012-0000371,추계육교(강릉),교량,도로교량,2종,D03,수립,시설물안전법 제6조 안전 및 유지관리계획,Y,2025-02-06,Y,Y,Y,5,5,2025-02-04,SD03-1,예시 자료(시연용)
CSP-2025-0496,2025,공중이용시설,BR2013-0000007,동백2교 상행(동백방향),교량,도로교량,1종,D03,수립,시설물안전법 제6조 안전 및 유지관리계획,Y,2025-03-02,Y,Y,Y,6,6,2025-01-02,SD03-1,예시 자료(시연용)
CSP-2025-0497,2025,공중이용시설,BR2013-0000008,동백2교 하행(마성방향),교량,도로교량,1종,D03,수립,시설물안전법 제6조 안전 및 유지관리계획,Y,2025-02-12,Y,Y,Y,9,9,2025-02-15,SD03-1,예시 자료(시연용)
CSP-2025-0498,2025,공중이용시설,BR2013-0000098,신갈JCT육교(강릉2),교량,도로교량,2종,D03,수립,시설물안전법 제6조 안전 및 유지관리계획,Y,2025-03-27,Y,Y,Y,6,6,2025-02-21,SD03-1,예시 자료(시연용)
CSP-2025-0499,2025,공중이용시설,BR2013-0000099,신갈JCT육교(인천2),교량,도로교량,2종,D03,수립,시설물안전법 제6조 안전 및 유지관리계획,Y,2025-03-19,Y,Y,Y,8,8,2025-01-04,SD03-1,예시 자료(시연용)
CSP-2025-0500,2025,공중이용시설,BR2013-0000100,마성IC2교,교량,도로교량,1종,D03,수립,시설물안전법 제6조 안전 및 유지관리계획,Y,2025-03-14,Y,Y,Y,9,9,2025-01-23,SD03-1,예시 자료(시연용)
CSP-2025-0501,2025,공중이용시설,BR2013-0000101,마성IC4교,교량,도로교량,2종,D03,수립,시설물안전법 제6조 안전 및 유지관리계획,Y,2025-03-10,Y,Y,Y,3,3,2025-01-04,SD03-1,예시 자료(시연용)
CSP-2025-0502,2025,공중이용시설,BR2013-0000319,상미교,교량,도로교량,1종,D03,수립,시설물안전법 제6조 안전 및 유지관리계획,Y,2025-02-27,Y,Y,Y,5,5,2025-01-22,SD03-1,예시 자료(시연용)
CSP-2025-0503,2025,공중이용시설,BR2013-0000320,신갈교,교량,도로교량,1종,D03,수립,시설물안전법 제6조 안전 및 유지관리계획,Y,2025-02-27,Y,Y,Y,5,5,2025-01-02,SD03-1,예시 자료(시연용)
CSP-2025-0504,2025,공중이용시설,BR2013-0000652,삼막곡교,교량,도로교량,2종,D03,수립,시설물안전법 제6조 안전 및 유지관리계획,Y,2025-03-14,Y,Y,Y,6,4,2025-01-16,SD03-1,예시 자료(시연용)
CSP-2025-0505,2025,공중이용시설,BR2013-0000653,마복교,교량,도로교량,2종,D03,수립,시설물안전법 제6조 안전 및 유지관리계획,Y,2025-02-20,Y,Y,Y,3,3,2025-01-15,SD03-1,예시 자료(시연용)
CSP-2025-0506,2025,공중이용시설,BR2014-0000726,진목교,교량,도로교량,2종,D03,수립,시설물안전법 제6조 안전 및 유지관리계획,Y,2025-03-10,Y,Y,Y,7,7,2025-01-20,SD03-1,예시 자료(시연용)
CSP-2025-0507,2025,공중이용시설,BR2015-0000118,고매2교(성남방향),교량,도로교량,1종,D03,수립,시설물안전법 제6조 안전 및 유지관리계획,Y,2025-02-08,N,Y,Y,9,9,2025-01-25,SD03-1,예시 자료(시연용)
CSP-2025-0508,2025,공중이용시설,BR2015-0000119,고매2교(오산방향),교량,도로교량,1종,D03,수립,시설물안전법 제6조 안전 및 유지관리계획,N,,Y,Y,Y,5,5,2025-01-28,SD03-1,예시 자료(시연용)
CSP-2025-0509,2025,공중이용시설,BR2016-0000542,봉명IC교,교량,도로교량,2종,D03,수립,시설물안전법 제6조 안전 및 유지관리계획,Y,2025-03-05,Y,Y,Y,5,5,2025-01-07,SD03-1,예시 자료(시연용)
CSP-2025-0510,2025,공중이용시설,BR2018-0000241,동해교,교량,도로교량,3종,D03,수립,시설물안전법 제6조 안전 및 유지관리계획,N,,Y,Y,Y,4,4,2025-02-26,SD03-1,예시 자료(시연용)
CSP-2025-0511,2025,공중이용시설,BR2018-0000337,하고개교(하행),교량,도로교량,2종,D03,수립,자체 안전계획,,,Y,Y,N,4,2,2025-02-18,SD03-1,예시 자료(시연용)
CSP-2025-0512,2025,공중이용시설,BR2018-0000338,상하3교,교량,도로교량,2종,D03,수립,시설물안전법 제6조 안전 및 유지관리계획,Y,2025-03-04,Y,Y,Y,4,4,2025-01-27,SD03-1,예시 자료(시연용)
CSP-2025-0513,2025,공중이용시설,BR2018-0000339,궁촌교,교량,도로교량,1종,D03,수립,시설물안전법 제6조 안전 및 유지관리계획,Y,2025-03-09,N,Y,Y,9,8,2025-02-12,SD03-1,예시 자료(시연용)
CSP-2025-0514,2025,공중이용시설,BR2018-0000340,상하IC RAMP-A교,교량,도로교량,1종,D03,수립,시설물안전법 제6조 안전 및 유지관리계획,Y,2025-03-20,Y,Y,Y,6,6,2025-01-27,SD03-1,예시 자료(시연용)
CSP-2025-0515,2025,공중이용시설,BR2018-0000341,상하1교,교량,도로교량,1종,D03,수립,시설물안전법 제6조 안전 및 유지관리계획,Y,2025-03-22,Y,Y,Y,8,8,2025-01-13,SD03-1,예시 자료(시연용)
CSP-2025-0516,2025,공중이용시설,BR2018-0000342,명지교,교량,도로교량,1종,D03,수립,시설물안전법 제6조 안전 및 유지관리계획,Y,2025-03-25,Y,Y,Y,7,5,2025-01-03,SD03-1,예시 자료(시연용)
CSP-2025-0517,2025,공중이용시설,BR2018-0000348,대촌IC RAMP-A교,교량,도로교량,2종,D03,수립,시설물안전법 제6조 안전 및 유지관리계획,Y,2025-02-01,Y,Y,Y,8,8,2025-01-05,SD03-1,예시 자료(시연용)
CSP-2025-0518,2025,공중이용시설,BR2019-0000041,초부교,교량,도로교량,2종,D03,수립,시설물안전법 제6조 안전 및 유지관리계획,Y,2025-03-02,Y,Y,Y,8,8,2025-02-04,SD03-1,예시 자료(시연용)
CSP-2025-0519,2025,공중이용시설,BR2019-0000061,구갈1교(수원방향),교량,도로교량,2종,D03,수립,시설물안전법 제6조 안전 및 유지관리계획,N,,Y,Y,Y,3,3,2025-02-23,SD03-1,예시 자료(시연용)
CSP-2025-0520,2025,공중이용시설,BR2019-0000062,구갈1교(용인방향),교량,도로교량,2종,D03,수립,시설물안전법 제6조 안전 및 유지관리계획,Y,2025-03-07,Y,Y,Y,10,10,2025-02-05,SD03-1,예시 자료(시연용)
CSP-2025-0521,2025,공중이용시설,BR2019-0000063,상갈2교(수원방향),교량,도로교량,2종,D03,수립,시설물안전법 제6조 안전 및 유지관리계획,Y,2025-03-06,Y,Y,Y,4,4,2025-02-07,SD03-1,예시 자료(시연용)
CSP-2025-0522,2025,공중이용시설,BR2019-0000064,상갈4교(수원방향),교량,도로교량,2종,D03,수립,시설물안전법 제6조 안전 및 유지관리계획,Y,2025-02-23,Y,Y,Y,5,5,2025-01-06,SD03-1,예시 자료(시연용)
CSP-2025-0523,2025,공중이용시설,BR2019-0000065,상갈4교(용인방향),교량,도로교량,2종,D03,수립,시설물안전법 제6조 안전 및 유지관리계획,Y,2025-02-15,Y,Y,Y,6,6,2025-01-05,SD03-1,예시 자료(시연용)
CSP-2025-0524,2025,공중이용시설,BR2019-0000066,신갈고가교(수원방향),교량,도로교량,1종,D03,수립,시설물안전법 제6조 안전 및 유지관리계획,N,,Y,Y,Y,7,7,2025-01-21,SD03-1,예시 자료(시연용)
CSP-2025-0525,2025,공중이용시설,BR2019-0000067,신갈고가교(용인방향),교량,도로교량,1종,D03,수립,시설물안전법 제6조 안전 및 유지관리계획,Y,2025-03-18,Y,Y,Y,10,10,2025-01-03,SD03-1,예시 자료(시연용)
CSP-2025-0526,2025,공중이용시설,BR2019-0000068,어정1교(수원방향),교량,도로교량,2종,D03,수립,시설물안전법 제6조 안전 및 유지관리계획,Y,2025-03-20,Y,Y,Y,4,4,2025-02-08,SD03-1,예시 자료(시연용)
CSP-2025-0527,2025,공중이용시설,BR2019-0000069,어정1교(용인방향),교량,도로교량,2종,D03,수립,자체 안전계획,,,Y,Y,Y,7,7,2025-01-25,SD03-1,예시 자료(시연용)
CSP-2025-0528,2025,공중이용시설,BR2019-0000070,어정R-D1교,교량,도로교량,2종,D03,수립,시설물안전법 제6조 안전 및 유지관리계획,N,,Y,Y,Y,9,9,2025-01-06,SD03-1,예시 자료(시연용)
CSP-2025-0529,2025,공중이용시설,BR2020-0000150,영덕교(신갈~수지),교량,도로교량,1종,D03,수립,시설물안전법 제6조 안전 및 유지관리계획,Y,2025-02-17,Y,Y,Y,7,7,2025-02-17,SD03-1,예시 자료(시연용)
CSP-2025-0530,2025,공중이용시설,BR2020-0000260,포곡교(오포방향),교량,도로교량,1종,D03,수립,시설물안전법 제6조 안전 및 유지관리계획,Y,2025-03-16,Y,Y,Y,8,8,2025-01-11,SD03-1,예시 자료(시연용)
CSP-2025-0531,2025,공중이용시설,BR2020-0000261,포곡교(용인방향),교량,도로교량,1종,D03,수립,시설물안전법 제6조 안전 및 유지관리계획,N,,Y,Y,Y,4,4,2025-01-24,SD03-1,예시 자료(시연용)
CSP-2025-0532,2025,공중이용시설,BR2020-0000262,동림교(오포방향),교량,도로교량,2종,D03,수립,시설물안전법 제6조 안전 및 유지관리계획,Y,2025-02-04,Y,Y,Y,9,9,2025-01-18,SD03-1,예시 자료(시연용)
CSP-2025-0533,2025,공중이용시설,BR2020-0000263,동림교(용인방향),교량,도로교량,2종,D03,수립,시설물안전법 제6조 안전 및 유지관리계획,Y,2025-02-16,Y,Y,Y,6,6,2025-01-17,SD03-1,예시 자료(시연용)
CSP-2025-0534,2025,공중이용시설,BR2020-0000304,궁촌IC Ramp-B2교,교량,도로교량,1종,D03,수립,자체 안전계획,,,Y,Y,Y,8,8,2025-01-01,SD03-1,예시 자료(시연용)
CSP-2025-0535,2025,공중이용시설,BR2020-0000305,궁촌IC Ramp-D교,교량,도로교량,2종,D03,수립,시설물안전법 제6조 안전 및 유지관리계획,Y,2025-03-12,Y,Y,Y,7,7,2025-02-13,SD03-1,예시 자료(시연용)
CSP-2025-0536,2025,공중이용시설,BR2022-0000087,남사진위IC3교,교량,도로교량,1종,D03,수립,시설물안전법 제6조 안전 및 유지관리계획,Y,2025-02-26,N,Y,Y,10,10,2025-02-11,SD03-1,예시 자료(시연용)
CSP-2025-0537,2025,공중이용시설,BR2022-0000089,진위천교(서울1),교량,도로교량,2종,D03,수립,시설물안전법 제6조 안전 및 유지관리계획,N,,Y,Y,Y,7,7,2025-02-28,SD03-1,예시 자료(시연용)
CSP-2025-0538,2025,공중이용시설,BR2023-0000111,기흥IC Ramp-A1교,교량,도로교량,2종,D03,수립,시설물안전법 제6조 안전 및 유지관리계획,Y,2025-02-12,Y,Y,Y,9,9,2025-02-27,SD03-1,예시 자료(시연용)
CSP-2025-0539,2025,공중이용시설,BR2023-0000112,기흥IC Ramp-B교,교량,도로교량,1종,D03,수립,시설물안전법 제6조 안전 및 유지관리계획,Y,2025-03-09,Y,Y,Y,9,9,2025-02-06,SD03-1,예시 자료(시연용)
CSP-2025-0540,2025,공중이용시설,BR2023-0000113,기흥IC Ramp-D교,교량,도로교량,2종,D03,수립,시설물안전법 제6조 안전 및 유지관리계획,Y,2025-02-24,Y,Y,Y,3,3,2025-02-26,SD03-1,예시 자료(시연용)
CSP-2025-0541,2025,공중이용시설,CS1960-0000004,신갈오거리복개구조물,교량,복개구조물,2종,D03,수립,시설물안전법 제6조 안전 및 유지관리계획,Y,2025-03-11,Y,Y,Y,7,7,2025-02-20,SD03-1,예시 자료(시연용)
CSP-2025-0542,2025,공중이용시설,CS1999-0000001,고매복개천교,교량,복개구조물,2종,D03,수립,시설물안전법 제6조 안전 및 유지관리계획,Y,2025-02-09,Y,Y,Y,9,7,2025-02-21,SD03-1,예시 자료(시연용)
CSP-2025-0543,2025,공중이용시설,CS2004-0000197,남산3교,교량,복개구조물,2종,D03,수립,시설물안전법 제6조 안전 및 유지관리계획,Y,2025-02-27,Y,Y,Y,4,4,2025-02-04,SD03-1,예시 자료(시연용)
CSP-2025-0544,2025,공중이용시설,CS2010-0000007,복개BOX,교량,복개구조물,2종,D03,수립,시설물안전법 제6조 안전 및 유지관리계획,Y,2025-03-01,Y,Y,Y,10,10,2025-01-17,SD03-1,예시 자료(시연용)
CSP-2025-0549,2025,공중이용시설,ET1998-0000003,용인 지상탱크(11기),기타,기타,3종,D99,미수립,,,,,,,,,,,예시 자료(시연용) · 관리 부서 미지정
CSP-2025-0550,2025,공중이용시설,RW1994-0000054,영동선60.39k(강릉)옹벽,옹벽,도로옹벽,3종,D03,수립,시설물안전법 제6조 안전 및 유지관리계획,Y,2025-02-25,Y,Y,Y,8,8,2025-01-11,SD03-1,예시 자료(시연용)
CSP-2025-0551,2025,공중이용시설,RW1998-0000037,한국석유공사 용인비축기지 옹벽(휘발유 지역),옹벽,도로옹벽,2종,D03,수립,시설물안전법 제6조 안전 및 유지관리계획,Y,2025-02-11,Y,Y,Y,4,4,2025-02-24,SD03-1,예시 자료(시연용)
CSP-2025-0552,2025,공중이용시설,RW2000-0000064,구성고 운동장 부지경계부 옹벽,옹벽,건축물옹벽,2종,D03,수립,시설물안전법 제6조 안전 및 유지관리계획,Y,2025-03-06,Y,Y,Y,3,3,2025-02-07,SD03-1,예시 자료(시연용)
CSP-2025-0553,2025,공중이용시설,RW2000-0000099,죽전중 운동장 북쪽 및 동쪽 부지경계부 옹벽,옹벽,기타옹벽,3종,D03,수립,시설물안전법 제6조 안전 및 유지관리계획,Y,2025-03-20,Y,Y,Y,8,8,2025-01-03,SD03-1,예시 자료(시연용)
CSP-2025-0554,2025,공중이용시설,RW2000-0000118,마북초 옹벽(14081893),옹벽,기타옹벽,3종,D03,수립,시설물안전법 제6조 안전 및 유지관리계획,Y,2025-03-07,Y,Y,Y,9,9,2025-02-28,SD03-1,예시 자료(시연용)
CSP-2025-0555,2025,공중이용시설,RW2001-0000005,교동초 운동장 북서쪽 부지경계부 옹벽,옹벽,건축물옹벽,2종,D03,수립,시설물안전법 제6조 안전 및 유지관리계획,Y,2025-03-07,Y,Y,Y,8,8,2025-01-06,SD03-1,예시 자료(시연용)
CSP-2025-0556,2025,공중이용시설,RW2001-0000006,교동초 교사동 후면 옹벽,옹벽,건축물옹벽,2종,D03,수립,자체 안전계획,,,Y,Y,Y,3,3,2025-01-15,SD03-1,예시 자료(시연용)
CSP-2025-0557,2025,공중이용시설,RW2001-0000007,홍천중 진입로 옹벽,옹벽,건축물옹벽,2종,D03,수립,시설물안전법 제6조 안전 및 유지관리계획,Y,2025-02-20,N,Y,Y,5,5,2025-02-03,SD03-1,예시 자료(시연용)
CSP-2025-0558,2025,공중이용시설,RW2001-0000008,구성중 운동장 남쪽에서 서쪽 부지경계부 옹벽,옹벽,건축물옹벽,2종,D03,수립,시설물안전법 제6조 안전 및 유지관리계획,Y,2025-03-05,Y,Y,Y,6,6,2025-01-18,SD03-1,예시 자료(시연용)
CSP-2025-0559,2025,공중이용시설,RW2001-0000037,서원초등학교 운동장 경계부 옹벽,옹벽,건축물옹벽,2종,D03,수립,시설물안전법 제6조 안전 및 유지관리계획,Y,2025-02-09,Y,Y,Y,9,9,2025-01-21,SD03-1,예시 자료(시연용)
CSP-2025-0560,2025,공중이용시설,RW2001-0000042,성복초등학교 운동장 남쪽 부지경계부 옹벽,옹벽,기타옹벽,3종,D03,수립,시설물안전법 제6조 안전 및 유지관리계획,Y,2025-02-24,Y,Y,Y,10,10,2025-01-18,SD03-1,예시 자료(시연용)
CSP-2025-0561,2025,공중이용시설,RW2001-0000065,서원중학교 옹벽[143m],옹벽,기타옹벽,3종,D03,수립,시설물안전법 제6조 안전 및 유지관리계획,Y,2025-02-07,Y,Y,Y,9,9,2025-01-17,SD03-1,예시 자료(시연용)
CSP-2025-0562,2025,공중이용시설,RW2002-0000002,이현중학교 앞 옹벽,옹벽,도로옹벽,2종,D03,수립,시설물안전법 제6조 안전 및 유지관리계획,Y,2025-03-14,Y,Y,Y,6,6,2025-01-12,SD03-1,예시 자료(시연용)
CSP-2025-0563,2025,공중이용시설,RW2002-0000004,소현중 운동장 경계부 옹벽,옹벽,건축물옹벽,2종,D03,수립,시설물안전법 제6조 안전 및 유지관리계획,Y,2025-03-18,Y,Y,Y,7,7,2025-01-13,SD03-1,예시 자료(시연용)
CSP-2025-0564,2025,공중이용시설,RW2002-0000039,나곡초등학교 학교주위옹벽(23137118),옹벽,기타옹벽,3종,D03,수립,시설물안전법 제6조 안전 및 유지관리계획,N,,Y,Y,Y,4,4,2025-01-06,SD03-1,예시 자료(시연용)
CSP-2025-0565,2025,공중이용시설,RW2002-0000042,솔개초등학교 교사동 남쪽에서 동쪽 측면 옹벽,옹벽,기타옹벽,3종,D03,수립,시설물안전법 제6조 안전 및 유지관리계획,Y,2025-03-21,Y,Y,Y,3,2,2025-02-28,SD03-1,예시 자료(시연용)
CSP-2025-0566,2025,공중이용시설,RW2002-0000044,지석초등학교 후문에서 농구장 옹벽,옹벽,기타옹벽,3종,D03,수립,시설물안전법 제6조 안전 및 유지관리계획,Y,2025-03-27,Y,Y,Y,7,7,2025-01-01,SD03-1,예시 자료(시연용)
CSP-2025-0567,2025,공중이용시설,RW2002-0000052,"지석초 북서쪽 교사동후면, 진입로 옹벽",옹벽,건축물옹벽,2종,D03,수립,시설물안전법 제6조 안전 및 유지관리계획,Y,2025-03-24,Y,Y,Y,9,7,2025-02-22,SD03-1,예시 자료(시연용)
CSP-2025-0568,2025,공중이용시설,RW2003-0000129,용인김량장주공2 옹벽,옹벽,건축물옹벽,2종,D03,수립,시설물안전법 제6조 안전 및 유지관리계획,Y,2025-03-27,Y,Y,Y,7,7,2025-01-02,SD03-1,예시 자료(시연용)
CSP-2025-0569,2025,공중이용시설,RW2003-0000253,서원고 정문에서 운동장 남쪽 부지경계부 옹벽,옹벽,건축물옹벽,2종,D03,수립,시설물안전법 제6조 안전 및 유지관리계획,Y,2025-02-25,Y,Y,Y,5,5,2025-01-03,SD03-1,예시 자료(시연용)
CSP-2025-0570,2025,공중이용시설,RW2003-0000353,이현초등학교 옹벽2[153m],옹벽,기타옹벽,3종,D03,수립,시설물안전법 제6조 안전 및 유지관리계획,Y,2025-03-17,Y,Y,Y,10,10,2025-01-20,SD03-1,예시 자료(시연용)
CSP-2025-0571,2025,공중이용시설,RW2004-0000004,영동선 59.9k(강릉방향) 옹벽,옹벽,도로옹벽,2종,D03,수립,시설물안전법 제6조 안전 및 유지관리계획,N,,N,Y,Y,8,8,2025-02-25,SD03-1,예시 자료(시연용)
CSP-2025-0572,2025,공중이용시설,RW2004-0000204,용인대덕초 교문진입로에서 운동장 부지경계부 옹벽,옹벽,건축물옹벽,2종,D03,수립,시설물안전법 제6조 안전 및 유지관리계획,Y,2025-02-22,Y,Y,Y,3,3,2025-01-04,SD03-1,예시 자료(시연용)
CSP-2025-0573,2025,공중이용시설,RW2004-0000291,용인신릉초등학교 교사동 후면 옹벽,옹벽,기타옹벽,3종,D03,수립,시설물안전법 제6조 안전 및 유지관리계획,Y,2025-03-08,Y,Y,Y,6,6,2025-02-13,SD03-1,예시 자료(시연용)
CSP-2025-0574,2025,공중이용시설,RW2004-0000298,지곡초등학교 교사동 동쪽 운동장 부지경계부 옹벽,옹벽,기타옹벽,3종,D03,수립,시설물안전법 제6조 안전 및 유지관리계획,Y,2025-02-04,Y,Y,Y,10,10,2025-01-07,SD03-1,예시 자료(시연용)
CSP-2025-0575,2025,공중이용시설,RW2004-0000299,대청초등학교 옹벽(1401892),옹벽,기타옹벽,3종,D03,수립,시설물안전법 제6조 안전 및 유지관리계획,Y,2025-02-22,Y,Y,Y,9,9,2025-02-25,SD03-1,예시 자료(시연용)
CSP-2025-0576,2025,공중이용시설,RW2004-0000301,구성고등학교 교사동 후면 옹벽,옹벽,기타옹벽,3종,D03,미수립,,,,,,,,,,SD03-1,예시 자료(시연용)
CSP-2025-0577,2025,공중이용시설,RW2004-0000328,홍천초등학교 홍천초 정문 진입로 후면 옹벽,옹벽,기타옹벽,3종,D03,수립,자체 안전계획,,,Y,Y,Y,7,7,2025-02-24,SD03-1,예시 자료(시연용)
CSP-2025-0578,2025,공중이용시설,RW2005-0000071,용인죽전1공구 내 RC옹벽 3호,옹벽,도로옹벽,2종,D03,수립,시설물안전법 제6조 안전 및 유지관리계획,Y,2025-03-15,Y,Y,Y,10,8,2025-02-26,SD03-1,예시 자료(시연용)
CSP-2025-0579,2025,공중이용시설,RW2005-0000144,언동중 교사동 후면 외측 옹벽,옹벽,건축물옹벽,2종,D03,수립,시설물안전법 제6조 안전 및 유지관리계획,Y,2025-03-21,Y,Y,Y,5,5,2025-02-14,SD03-1,예시 자료(시연용)
CSP-2025-0580,2025,공중이용시설,RW2005-0000186,언남초등학교 운동장 북쪽 부지경계부 옹벽,옹벽,기타옹벽,3종,D03,수립,시설물안전법 제6조 안전 및 유지관리계획,Y,2025-02-13,Y,Y,Y,10,10,2025-01-21,SD03-1,예시 자료(시연용)
CSP-2025-0581,2025,공중이용시설,RW2006-0000050,동백연수원간 보강토옹벽 1호,옹벽,도로옹벽,2종,D03,수립,시설물안전법 제6조 안전 및 유지관리계획,Y,2025-03-19,Y,Y,Y,9,9,2025-01-15,SD03-1,예시 자료(시연용)
CSP-2025-0582,2025,공중이용시설,RW2006-0000051,동백연수원간 보강토옹벽 2호,옹벽,도로옹벽,2종,D03,수립,시설물안전법 제6조 안전 및 유지관리계획,Y,2025-02-20,Y,Y,Y,5,5,2025-01-16,SD03-1,예시 자료(시연용)
CSP-2025-0583,2025,공중이용시설,RW2006-0000208,홍천고 운동장쪽 옹벽,옹벽,건축물옹벽,2종,D03,수립,시설물안전법 제6조 안전 및 유지관리계획,Y,2025-03-25,Y,Y,Y,8,8,2025-01-23,SD03-1,예시 자료(시연용)
CSP-2025-0584,2025,공중이용시설,RW2006-0000234,석성초등학교 교사동 후면 옹벽,옹벽,기타옹벽,3종,D03,수립,시설물안전법 제6조 안전 및 유지관리계획,Y,2025-03-22,Y,Y,Y,9,9,2025-02-25,SD03-1,예시 자료(시연용)
CSP-2025-0585,2025,공중이용시설,RW2007-0000127,동백동 도로옹벽,옹벽,도로옹벽,2종,D03,수립,시설물안전법 제6조 안전 및 유지관리계획,Y,2025-03-22,Y,Y,Y,5,5,2025-02-21,SD03-1,예시 자료(시연용)
CSP-2025-0586,2025,공중이용시설,RW2007-0000163,용인심곡초등학교 교사동 후면 옹벽,옹벽,기타옹벽,3종,D03,수립,시설물안전법 제6조 안전 및 유지관리계획,Y,2025-03-28,Y,Y,Y,5,5,2025-01-15,SD03-1,예시 자료(시연용)
CSP-2025-0587,2025,공중이용시설,RW2008-0000019,용인보라도로옹벽,옹벽,도로옹벽,2종,D03,수립,시설물안전법 제6조 안전 및 유지관리계획,Y,2025-03-06,N,Y,Y,4,4,2025-01-06,SD03-1,예시 자료(시연용)
CSP-2025-0588,2025,공중이용시설,RW2008-0000077,강재틀 옹벽,옹벽,도로옹벽,2종,D03,수립,시설물안전법 제6조 안전 및 유지관리계획,Y,2025-02-02,Y,Y,Y,4,4,2025-02-26,SD03-1,예시 자료(시연용)
CSP-2025-0589,2025,공중이용시설,RW2008-0000112,용인구성 9단지 LH아파트 옹벽,옹벽,건축물옹벽,2종,D03,수립,시설물안전법 제6조 안전 및 유지관리계획,Y,2025-02-01,Y,Y,Y,3,3,2025-01-07,SD03-1,예시 자료(시연용)
CSP-2025-0590,2025,공중이용시설,RW2008-0000173,용인시청소년수련원 대운동장 보강토옹벽,옹벽,기타옹벽,2종,D03,수립,시설물안전법 제6조 안전 및 유지관리계획,Y,2025-02-09,N,Y,Y,7,7,2025-02-13,SD03-1,예시 자료(시연용)
CSP-2025-0591,2025,공중이용시설,RW2008-0000175,보강토옹벽(마성1교차로 RAMP-B교: 우측),옹벽,도로옹벽,2종,D03,수립,시설물안전법 제6조 안전 및 유지관리계획,Y,2025-02-27,Y,Y,Y,9,9,2025-01-23,SD03-1,예시 자료(시연용)
CSP-2025-0592,2025,공중이용시설,RW2008-0000176,보강토옹벽(LINE11),옹벽,도로옹벽,2종,D03,수립,시설물안전법 제6조 안전 및 유지관리계획,Y,2025-02-14,Y,Y,Y,7,7,2025-02-01,SD03-1,예시 자료(시연용)
CSP-2025-0593,2025,공중이용시설,RW2009-0000058,경부선 386.4k(서울) 옹벽,옹벽,도로옹벽,2종,D03,수립,시설물안전법 제6조 안전 및 유지관리계획,Y,2025-03-11,Y,Y,Y,4,4,2025-02-06,SD03-1,예시 자료(시연용)
CSP-2025-0594,2025,공중이용시설,RW2009-0000128,흥덕초 교사동 서편 부지경계부 옹벽,옹벽,건축물옹벽,2종,D03,수립,시설물안전법 제6조 안전 및 유지관리계획,Y,2025-03-19,Y,Y,Y,10,10,2025-01-16,SD03-1,예시 자료(시연용)
CSP-2025-0595,2025,공중이용시설,RW2009-0000151,흥덕변전소 옹벽,옹벽,기타옹벽,2종,D03,수립,시설물안전법 제6조 안전 및 유지관리계획,Y,2025-02-07,Y,Y,Y,9,9,2025-01-18,SD03-1,예시 자료(시연용)
CSP-2025-0596,2025,공중이용시설,RW2010-0000078,보강토 옹벽 1호,옹벽,도로옹벽,2종,D03,수립,시설물안전법 제6조 안전 및 유지관리계획,Y,2025-03-10,Y,Y,Y,3,3,2025-01-13,SD03-1,예시 자료(시연용)
CSP-2025-0597,2025,공중이용시설,RW2010-0000079,보강토 옹벽 3호,옹벽,도로옹벽,2종,D03,수립,자체 안전계획,,,N,Y,Y,3,3,2025-01-04,SD03-1,예시 자료(시연용)
CSP-2025-0598,2025,공중이용시설,RW2010-0000080,향린동산진입도로 보강토 옹벽,옹벽,도로옹벽,2종,D03,수립,시설물안전법 제6조 안전 및 유지관리계획,Y,2025-02-15,Y,Y,Y,7,7,2025-02-25,SD03-1,예시 자료(시연용)
CSP-2025-0599,2025,공중이용시설,RW2010-0000133,경부선 392.3k(부산) 옹벽,옹벽,도로옹벽,2종,D03,수립,자체 안전계획,,,Y,Y,Y,10,8,2025-01-16,SD03-1,예시 자료(시연용)
CSP-2025-0600,2025,공중이용시설,RW2011-0000080,중로2-1옹벽,옹벽,도로옹벽,2종,D03,수립,시설물안전법 제6조 안전 및 유지관리계획,Y,2025-03-25,Y,Y,Y,5,5,2025-02-12,SD03-1,예시 자료(시연용)
CSP-2025-0601,2025,공중이용시설,RW2011-0000165,신봉변전소 옹벽,옹벽,기타옹벽,2종,D03,수립,시설물안전법 제6조 안전 및 유지관리계획,Y,2025-03-13,Y,Y,Y,7,7,2025-01-04,SD03-1,예시 자료(시연용)
CSP-2025-0602,2025,공중이용시설,RW2011-0000166,영동선 47.47k(강릉) 옹벽,옹벽,도로옹벽,2종,D03,수립,시설물안전법 제6조 안전 및 유지관리계획,Y,2025-03-24,Y,Y,Y,9,9,2025-02-20,SD03-1,예시 자료(시연용)
CSP-2025-0603,2025,공중이용시설,RW2011-0000187,성서중학교 옹벽(11797164),옹벽,기타옹벽,3종,D03,수립,시설물안전법 제6조 안전 및 유지관리계획,Y,2025-02-07,Y,Y,Y,6,6,2025-01-11,SD03-1,예시 자료(시연용)
CSP-2025-0604,2025,공중이용시설,RW2011-0000207,영동선 41.09k(강릉방향) 옹벽,옹벽,도로옹벽,3종,D03,수립,시설물안전법 제6조 안전 및 유지관리계획,Y,2025-02-03,Y,Y,Y,9,9,2025-01-06,SD03-1,예시 자료(시연용)
CSP-2025-0605,2025,공중이용시설,RW2011-0000208,영동선63.33k(강릉)옹벽,옹벽,도로옹벽,3종,D03,수립,시설물안전법 제6조 안전 및 유지관리계획,Y,2025-03-05,Y,Y,Y,9,9,2025-02-27,SD03-1,예시 자료(시연용)
CSP-2025-0606,2025,공중이용시설,RW2012-0000001,PEM옹벽,옹벽,도로옹벽,2종,D03,수립,시설물안전법 제6조 안전 및 유지관리계획,N,,Y,Y,Y,10,10,2025-01-14,SD03-1,예시 자료(시연용)
CSP-2025-0607,2025,공중이용시설,RW2012-0000123,석벽43호,옹벽,도로옹벽,2종,D03,수립,시설물안전법 제6조 안전 및 유지관리계획,Y,2025-02-22,Y,Y,Y,3,3,2025-02-21,SD03-1,예시 자료(시연용)
CSP-2025-0608,2025,공중이용시설,RW2012-0000142,매봉초 교사동 후면 옹벽,옹벽,건축물옹벽,2종,D03,수립,시설물안전법 제6조 안전 및 유지관리계획,Y,2025-03-11,Y,Y,Y,3,3,2025-01-28,SD03-1,예시 자료(시연용)
CSP-2025-0609,2025,공중이용시설,RW2013-0000123,한국석유공사 용인비축기지 옹벽(등경유 지역),옹벽,도로옹벽,2종,D03,수립,시설물안전법 제6조 안전 및 유지관리계획,Y,2025-02-27,Y,Y,Y,9,9,2025-02-15,SD03-1,예시 자료(시연용)
CSP-2025-0610,2025,공중이용시설,RW2013-0000137,용인 평온의 숲,옹벽,건축물옹벽,2종,D03,수립,자체 안전계획,,,Y,Y,Y,10,10,2025-02-20,SD03-1,예시 자료(시연용)
CSP-2025-0611,2025,공중이용시설,RW2013-0000214,어정중 교사동 후면 옹벽,옹벽,건축물옹벽,2종,D03,수립,시설물안전법 제6조 안전 및 유지관리계획,Y,2025-02-03,Y,Y,Y,3,3,2025-01-20,SD03-1,예시 자료(시연용)
CSP-2025-0612,2025,공중이용시설,RW2013-0000215,"중일초 정문 진입로 측면,교사동 후면 옹벽",옹벽,건축물옹벽,2종,D03,수립,시설물안전법 제6조 안전 및 유지관리계획,Y,2025-02-08,Y,Y,Y,9,9,2025-02-20,SD03-1,예시 자료(시연용)
CSP-2025-0613,2025,공중이용시설,RW2016-0000212,봉명IC교 우측 보강토옹벽,옹벽,도로옹벽,2종,D03,수립,시설물안전법 제6조 안전 및 유지관리계획,Y,2025-03-21,Y,Y,Y,8,8,2025-01-14,SD03-1,예시 자료(시연용)
CSP-2025-0614,2025,공중이용시설,RW2017-0000261,용인미르스타디움 옹벽,옹벽,건축물옹벽,2종,D03,수립,시설물안전법 제6조 안전 및 유지관리계획,Y,2025-03-07,Y,Y,Y,7,7,2025-01-09,SD03-1,예시 자료(시연용)
CSP-2025-0615,2025,공중이용시설,RW2018-0000266,절토부보강옹벽(제3깍기부),옹벽,도로옹벽,2종,D03,수립,시설물안전법 제6조 안전 및 유지관리계획,Y,2025-03-18,Y,Y,Y,4,4,2025-02-05,SD03-1,예시 자료(시연용)
CSP-2025-0616,2025,공중이용시설,RW2018-0000268,상하 R-B PEM옹벽,옹벽,도로옹벽,2종,D03,수립,시설물안전법 제6조 안전 및 유지관리계획,N,,Y,Y,Y,9,9,2025-01-27,SD03-1,예시 자료(시연용)
CSP-2025-0617,2025,공중이용시설,RW2018-0000269,명지교 보강토옹벽 R-AB,옹벽,도로옹벽,2종,D03,수립,시설물안전법 제6조 안전 및 유지관리계획,Y,2025-03-05,Y,Y,Y,9,7,2025-01-21,SD03-1,예시 자료(시연용)
CSP-2025-0618,2025,공중이용시설,RW2018-0000270,명지교 보강토옹벽 R-CD,옹벽,도로옹벽,2종,D03,수립,자체 안전계획,,,Y,Y,Y,9,7,2025-02-10,SD03-1,예시 자료(시연용)
CSP-2025-0619,2025,공중이용시설,RW2018-0000272,절토부보강옹벽(제2깍기부(2-1)),옹벽,도로옹벽,2종,D03,수립,시설물안전법 제6조 안전 및 유지관리계획,Y,2025-02-16,Y,Y,Y,5,5,2025-01-13,SD03-1,예시 자료(시연용)
CSP-2025-0620,2025,공중이용시설,RW2019-0000031,보강토옹벽(Sta.3+647~3+801(L)),옹벽,도로옹벽,2종,D03,수립,시설물안전법 제6조 안전 및 유지관리계획,Y,2025-02-20,Y,Y,Y,3,3,2025-02-18,SD03-1,예시 자료(시연용)
CSP-2025-0621,2025,공중이용시설,RW2019-0000032,보강토옹벽(Sta.4+018~4+250(L)),옹벽,도로옹벽,2종,D03,수립,시설물안전법 제6조 안전 및 유지관리계획,Y,2025-02-26,N,Y,Y,8,8,2025-02-27,SD03-1,예시 자료(시연용)
CSP-2025-0622,2025,공중이용시설,RW2019-0000033,보강토옹벽(Sta.4+260~4+392(L)),옹벽,도로옹벽,2종,D03,수립,시설물안전법 제6조 안전 및 유지관리계획,Y,2025-02-18,Y,Y,Y,5,5,2025-02-25,SD03-1,예시 자료(시연용)
CSP-2025-0623,2025,공중이용시설,RW2019-0000034,성토부 보강토옹벽(LINE3),옹벽,도로옹벽,2종,D03,수립,시설물안전법 제6조 안전 및 유지관리계획,Y,2025-02-09,Y,Y,Y,6,6,2025-01-14,SD03-1,예시 자료(시연용)
CSP-2025-0624,2025,공중이용시설,RW2019-0000035,성토부 보강토옹벽(LINE5),옹벽,도로옹벽,2종,D03,수립,시설물안전법 제6조 안전 및 유지관리계획,Y,2025-03-26,Y,Y,Y,9,9,2025-02-16,SD03-1,예시 자료(시연용)
CSP-2025-0625,2025,공중이용시설,RW2019-0000037,중1-53호 TD옹벽,옹벽,도로옹벽,2종,D03,수립,시설물안전법 제6조 안전 및 유지관리계획,Y,2025-03-14,Y,Y,Y,10,10,2025-02-08,SD03-1,예시 자료(시연용)
CSP-2025-0626,2025,공중이용시설,RW2019-0000059,GPA옹벽,옹벽,도로옹벽,2종,D03,수립,시설물안전법 제6조 안전 및 유지관리계획,Y,2025-02-01,N,Y,Y,3,3,2025-01-04,SD03-1,예시 자료(시연용)
CSP-2025-0627,2025,공중이용시설,RW2019-0000060,보강토옹벽 1구간,옹벽,도로옹벽,2종,D03,수립,시설물안전법 제6조 안전 및 유지관리계획,Y,2025-03-07,Y,Y,Y,8,8,2025-02-24,SD03-1,예시 자료(시연용)
CSP-2025-0628,2025,공중이용시설,RW2019-0000061,보강토옹벽 2구간,옹벽,도로옹벽,2종,D03,수립,시설물안전법 제6조 안전 및 유지관리계획,Y,2025-03-20,Y,Y,Y,4,4,2025-02-21,SD03-1,예시 자료(시연용)
CSP-2025-0629,2025,공중이용시설,RW2020-0000152,중(집)2-1 합벽식옹벽(CEP),옹벽,기타옹벽,2종,D03,미수립,,,,,,,,,,SD03-1,예시 자료(시연용)
CSP-2025-0630,2025,공중이용시설,RW2020-0000153,가도-산업6 합벽식옹벽(PPP),옹벽,기타옹벽,2종,D03,수립,시설물안전법 제6조 안전 및 유지관리계획,Y,2025-02-14,Y,Y,Y,4,4,2025-01-20,SD03-1,예시 자료(시연용)
CSP-2025-0631,2025,공중이용시설,RW2020-0000154,중(국)3-10 합벽식옹벽(PPP),옹벽,기타옹벽,2종,D03,수립,시설물안전법 제6조 안전 및 유지관리계획,Y,2025-02-14,Y,Y,Y,4,4,2025-02-14,SD03-1,예시 자료(시연용)
CSP-2025-0632,2025,공중이용시설,RW2020-0000155,블록식 보강토 옹벽,옹벽,기타옹벽,2종,D03,수립,시설물안전법 제6조 안전 및 유지관리계획,Y,2025-03-06,Y,Y,Y,5,5,2025-01-25,SD03-1,예시 자료(시연용)
CSP-2025-0633,2025,공중이용시설,RW2021-0000131,상미 다목적구장 옹벽,옹벽,기타옹벽,2종,D03,수립,자체 안전계획,,,Y,Y,Y,5,5,2025-01-15,SD03-1,예시 자료(시연용)
CSP-2025-0634,2025,공중이용시설,SL1980-0000026,대대리 절토사면(산208),절토사면,도로사면,2종,D03,수립,시설물안전법 제6조 안전 및 유지관리계획,Y,2025-03-08,Y,Y,Y,7,7,2025-02-26,SD03-1,예시 자료(시연용)
CSP-2025-0635,2025,공중이용시설,SL1998-0000067,한국석유공사 용인비축기지 사면(휘발유 지역),절토사면,도로사면,2종,D03,수립,시설물안전법 제6조 안전 및 유지관리계획,Y,2025-02-03,Y,Y,Y,6,6,2025-02-20,SD03-1,예시 자료(시연용)
CSP-2025-0636,2025,공중이용시설,SL2001-0000383,홍천중 주차장 절토사면,절토사면,건축물사면,2종,D03,수립,시설물안전법 제6조 안전 및 유지관리계획,Y,2025-02-24,Y,Y,Y,10,10,2025-01-02,SD03-1,예시 자료(시연용)
CSP-2025-0637,2025,공중이용시설,SL2004-0000360,홍천초 교사동 후면 절토사면,절토사면,건축물사면,2종,D03,수립,시설물안전법 제6조 안전 및 유지관리계획,Y,2025-02-26,Y,Y,Y,3,3,2025-01-15,SD03-1,예시 자료(시연용)
CSP-2025-0638,2025,공중이용시설,SL2005-0000254,마북동 급경사지,절토사면,도로사면,2종,D03,수립,시설물안전법 제6조 안전 및 유지관리계획,Y,2025-02-24,Y,Y,Y,7,7,2025-02-11,SD03-1,예시 자료(시연용)
CSP-2025-0639,2025,공중이용시설,SL2006-0000242,신일초 교사동 후면 절토사면,절토사면,건축물사면,2종,D03,수립,시설물안전법 제6조 안전 및 유지관리계획,N,,Y,Y,Y,7,7,2025-02-08,SD03-1,예시 자료(시연용)
CSP-2025-0640,2025,공중이용시설,SL2008-0000141,08SS17D06200,절토사면,도로사면,2종,D03,수립,시설물안전법 제6조 안전 및 유지관리계획,Y,2025-02-18,Y,Y,Y,5,5,2025-01-12,SD03-1,예시 자료(시연용)
CSP-2025-0641,2025,공중이용시설,SL2008-0000142,08SS17U03600,절토사면,도로사면,2종,D03,수립,시설물안전법 제6조 안전 및 유지관리계획,Y,2025-02-02,Y,Y,Y,7,7,2025-01-05,SD03-1,예시 자료(시연용)
CSP-2025-0642,2025,공중이용시설,SL2008-0000143,08SS17U05100,절토사면,도로사면,2종,D03,수립,시설물안전법 제6조 안전 및 유지관리계획,Y,2025-03-16,Y,Y,Y,8,8,2025-02-27,SD03-1,예시 자료(시연용)
CSP-2025-0643,2025,공중이용시설,SL2008-0000144,08SS17U05200,절토사면,도로사면,2종,D03,수립,자체 안전계획,,,Y,Y,Y,3,3,2025-01-26,SD03-1,예시 자료(시연용)
CSP-2025-0644,2025,공중이용시설,SL2008-0000145,08SS17U05300,절토사면,도로사면,2종,D03,수립,시설물안전법 제6조 안전 및 유지관리계획,Y,2025-02-16,Y,Y,Y,8,8,2025-02-27,SD03-1,예시 자료(시연용)
CSP-2025-0645,2025,공중이용시설,SL2010-0000226,10SS45D03800,절토사면,도로사면,2종,D03,수립,시설물안전법 제6조 안전 및 유지관리계획,N,,Y,Y,Y,7,7,2025-02-08,SD03-1,예시 자료(시연용)
CSP-2025-0646,2025,공중이용시설,SL2010-0000227,10SS45D04300,절토사면,도로사면,2종,D03,수립,시설물안전법 제6조 안전 및 유지관리계획,Y,2025-03-28,Y,Y,Y,9,9,2025-02-18,SD03-1,예시 자료(시연용)
CSP-2025-0647,2025,공중이용시설,SL2010-0000228,10SS45D05400,절토사면,도로사면,2종,D03,수립,시설물안전법 제6조 안전 및 유지관리계획,Y,2025-03-09,Y,Y,Y,9,9,2025-01-15,SD03-1,예시 자료(시연용)
CSP-2025-0648,2025,공중이용시설,SL2010-0000229,10SS45D05600,절토사면,도로사면,2종,D03,수립,시설물안전법 제6조 안전 및 유지관리계획,Y,2025-03-08,Y,Y,Y,5,5,2025-01-27,SD03-1,예시 자료(시연용)
CSP-2025-0649,2025,공중이용시설,SL2010-0000230,10SS45D06200,절토사면,도로사면,2종,D03,수립,시설물안전법 제6조 안전 및 유지관리계획,Y,2025-03-21,Y,Y,Y,6,6,2025-02-03,SD03-1,예시 자료(시연용)
CSP-2025-0650,2025,공중이용시설,SL2010-0000235,10SS45U05300,절토사면,도로사면,2종,D03,수립,시설물안전법 제6조 안전 및 유지관리계획,Y,2025-02-24,Y,Y,Y,3,3,2025-01-09,SD03-1,예시 자료(시연용)
CSP-2025-0651,2025,공중이용시설,SL2010-0000236,10SS45U06300,절토사면,도로사면,2종,D03,수립,시설물안전법 제6조 안전 및 유지관리계획,N,,Y,Y,Y,6,6,2025-02-04,SD03-1,예시 자료(시연용)
CSP-2025-0652,2025,공중이용시설,SL2010-0000237,10SS45U06400,절토사면,도로사면,2종,D03,수립,시설물안전법 제6조 안전 및 유지관리계획,Y,2025-03-24,Y,Y,Y,5,3,2025-01-21,SD03-1,예시 자료(시연용)
CSP-2025-0653,2025,공중이용시설,SL2011-0000124,영동선 45.15k(강릉방향) 절토사면,절토사면,도로사면,2종,D03,수립,시설물안전법 제6조 안전 및 유지관리계획,Y,2025-02-24,Y,Y,Y,9,9,2025-02-20,SD03-1,예시 자료(시연용)
CSP-2025-0654,2025,공중이용시설,SL2011-0000139,C-050-54.8-S,절토사면,도로사면,2종,D03,수립,시설물안전법 제6조 안전 및 유지관리계획,Y,2025-02-14,Y,Y,Y,7,7,2025-02-25,SD03-1,예시 자료(시연용)
CSP-2025-0655,2025,공중이용시설,SL2011-0000141,C-050-57.2-S,절토사면,도로사면,2종,D03,수립,시설물안전법 제6조 안전 및 유지관리계획,Y,2025-02-27,Y,Y,Y,9,9,2025-02-25,SD03-1,예시 자료(시연용)
CSP-2025-0656,2025,공중이용시설,SL2011-0000142,C-050-58.61-S,절토사면,도로사면,2종,D03,수립,시설물안전법 제6조 안전 및 유지관리계획,Y,2025-02-24,Y,Y,Y,3,3,2025-01-11,SD03-1,예시 자료(시연용)
CSP-2025-0657,2025,공중이용시설,SL2011-0000143,C-050-59.31-TN-EX,절토사면,도로사면,2종,D03,수립,시설물안전법 제6조 안전 및 유지관리계획,Y,2025-02-05,Y,Y,Y,3,3,2025-01-10,SD03-1,예시 자료(시연용)
CSP-2025-0658,2025,공중이용시설,SL2013-0000011,한국석유공사 용인비축기지 사면(등경유 지역),절토사면,도로사면,2종,D03,수립,시설물안전법 제6조 안전 및 유지관리계획,Y,2025-02-16,Y,Y,Y,3,3,2025-01-14,SD03-1,예시 자료(시연용)
CSP-2025-0659,2025,공중이용시설,ST2005-0000048,기흥레스피아,상하수도,공공하수처리시설,2종,D05,수립,시설물안전법 제6조 안전 및 유지관리계획,Y,2025-03-17,Y,Y,Y,3,3,2025-01-14,SD04-1,예시 자료(시연용)
CSP-2025-0660,2025,공중이용시설,ST2005-0000049,구갈레스피아,상하수도,공공하수처리시설,2종,D05,수립,시설물안전법 제6조 안전 및 유지관리계획,Y,2025-03-12,Y,Y,Y,8,7,2025-02-18,SD04-1,예시 자료(시연용)
CSP-2025-0661,2025,공중이용시설,ST2009-0000031,영덕레스피아,상하수도,공공하수처리시설,2종,D05,수립,시설물안전법 제6조 안전 및 유지관리계획,Y,2025-02-09,N,Y,Y,5,5,2025-02-28,SD04-1,예시 자료(시연용)
CSP-2025-0662,2025,공중이용시설,ST2010-0000022,수지레스피아,상하수도,공공하수처리시설,2종,D05,수립,시설물안전법 제6조 안전 및 유지관리계획,Y,2025-02-25,N,Y,Y,6,6,2025-02-26,SD04-1,예시 자료(시연용)
CSP-2025-0663,2025,공중이용시설,ST2010-0000023,상현레스피아,상하수도,공공하수처리시설,2종,D05,수립,시설물안전법 제6조 안전 및 유지관리계획,Y,2025-03-21,Y,Y,Y,9,9,2025-01-18,SD04-1,예시 자료(시연용)
CSP-2025-0664,2025,공중이용시설,ST2010-0000024,고매레스피아,상하수도,공공하수처리시설,2종,D05,수립,시설물안전법 제6조 안전 및 유지관리계획,Y,2025-02-05,Y,Y,Y,7,7,2025-02-18,SD04-1,예시 자료(시연용)
CSP-2025-0665,2025,공중이용시설,ST2010-0000025,서천레스피아,상하수도,공공하수처리시설,2종,D05,수립,시설물안전법 제6조 안전 및 유지관리계획,Y,2025-02-03,Y,Y,Y,8,8,2025-02-20,SD04-1,예시 자료(시연용)
CSP-2025-0666,2025,공중이용시설,ST2010-0000026,모현레스피아,상하수도,공공하수처리시설,2종,D05,수립,시설물안전법 제6조 안전 및 유지관리계획,Y,2025-03-28,Y,Y,Y,10,10,2025-01-06,SD04-1,예시 자료(시연용)
CSP-2025-0667,2025,공중이용시설,ST2010-0000027,동부레스피아,상하수도,공공하수처리시설,2종,D05,수립,시설물안전법 제6조 안전 및 유지관리계획,Y,2025-02-21,Y,Y,Y,4,4,2025-02-24,SD04-1,예시 자료(시연용)
CSP-2025-0668,2025,공중이용시설,ST2010-0000028,백암레스피아,상하수도,공공하수처리시설,2종,D05,수립,시설물안전법 제6조 안전 및 유지관리계획,Y,2025-03-11,Y,Y,Y,4,4,2025-01-01,SD04-1,예시 자료(시연용)
CSP-2025-0669,2025,공중이용시설,ST2010-0000029,송전레스피아,상하수도,공공하수처리시설,2종,D05,수립,시설물안전법 제6조 안전 및 유지관리계획,Y,2025-02-17,Y,Y,Y,3,3,2025-01-21,SD04-1,예시 자료(시연용)
CSP-2025-0670,2025,공중이용시설,ST2010-0000030,천리레스피아,상하수도,공공하수처리시설,2종,D05,수립,시설물안전법 제6조 안전 및 유지관리계획,Y,2025-02-23,Y,Y,Y,3,3,2025-02-23,SD04-1,예시 자료(시연용)
CSP-2025-0671,2025,공중이용시설,ST2010-0000031,남사레스피아,상하수도,공공하수처리시설,2종,D05,수립,시설물안전법 제6조 안전 및 유지관리계획,Y,2025-02-07,Y,Y,Y,6,6,2025-01-12,SD04-1,예시 자료(시연용)
CSP-2025-0672,2025,공중이용시설,ST2010-0000032,추계레스피아,상하수도,공공하수처리시설,2종,D05,수립,시설물안전법 제6조 안전 및 유지관리계획,Y,2025-03-20,Y,Y,Y,3,3,2025-02-24,SD04-1,예시 자료(시연용)
CSP-2025-0673,2025,공중이용시설,ST2014-0000006,상현하수처리수 재이용(총인)시설,상하수도,공공하수처리시설,2종,D05,수립,시설물안전법 제6조 안전 및 유지관리계획,N,,Y,Y,Y,7,7,2025-01-02,SD04-1,예시 자료(시연용)
CSP-2025-0674,2025,공중이용시설,ST2018-0000019,아곡레스피아,상하수도,공공하수처리시설,2종,D05,수립,시설물안전법 제6조 안전 및 유지관리계획,Y,2025-02-20,Y,Y,Y,6,6,2025-01-20,SD04-1,예시 자료(시연용)
CSP-2025-0675,2025,공중이용시설,ST2019-0000005,용인레스피아,상하수도,공공하수처리시설,2종,D05,수립,시설물안전법 제6조 안전 및 유지관리계획,Y,2025-03-15,Y,Y,Y,3,3,2025-01-05,SD04-1,예시 자료(시연용)
CSP-2025-0676,2025,공중이용시설,TU1980-0000032,주북리터널,터널,도로터널,3종,D03,수립,시설물안전법 제6조 안전 및 유지관리계획,Y,2025-03-06,Y,Y,Y,7,7,2025-02-13,SD03-1,예시 자료(시연용)
CSP-2025-0677,2025,공중이용시설,TU1994-0000014,양지터널(인천2),터널,도로터널,2종,D03,수립,시설물안전법 제6조 안전 및 유지관리계획,Y,2025-02-14,Y,Y,Y,6,6,2025-02-10,SD03-1,예시 자료(시연용)
CSP-2025-0678,2025,공중이용시설,TU1994-0000015,양지터널(인천1),터널,도로터널,2종,D03,수립,시설물안전법 제6조 안전 및 유지관리계획,Y,2025-02-11,Y,Y,Y,7,7,2025-02-03,SD03-1,예시 자료(시연용)
CSP-2025-0679,2025,공중이용시설,TU1994-0000016,마성터널(인천0),터널,도로터널,1종,D03,수립,시설물안전법 제6조 안전 및 유지관리계획,Y,2025-02-03,Y,Y,Y,7,7,2025-01-16,SD03-1,예시 자료(시연용)
CSP-2025-0680,2025,공중이용시설,TU1994-0000017,마성터널(강릉0),터널,도로터널,1종,D03,수립,시설물안전법 제6조 안전 및 유지관리계획,Y,2025-03-02,Y,Y,Y,7,7,2025-02-24,SD03-1,예시 자료(시연용)
CSP-2025-0681,2025,공중이용시설,TU2002-0000025,학고개터널,터널,도로터널,3종,D03,수립,시설물안전법 제6조 안전 및 유지관리계획,Y,2025-02-06,N,Y,Y,10,10,2025-02-10,SD03-1,예시 자료(시연용)
CSP-2025-0682,2025,공중이용시설,TU2002-0000027,능원터널,터널,도로터널,3종,D03,수립,시설물안전법 제6조 안전 및 유지관리계획,N,,Y,Y,Y,3,3,2025-02-10,SD03-1,예시 자료(시연용)
CSP-2025-0683,2025,공중이용시설,TU2004-0000147,금어리터널,터널,도로터널,3종,D03,수립,시설물안전법 제6조 안전 및 유지관리계획,Y,2025-03-10,Y,Y,Y,5,5,2025-01-19,SD03-1,예시 자료(시연용)
CSP-2025-0684,2025,공중이용시설,TU2006-0000031,법화터널,터널,도로터널,1종,D03,수립,시설물안전법 제6조 안전 및 유지관리계획,Y,2025-02-18,Y,Y,Y,7,7,2025-01-05,SD03-1,예시 자료(시연용)
CSP-2025-0685,2025,공중이용시설,TU2006-0000032,마북터널,터널,도로터널,2종,D03,수립,시설물안전법 제6조 안전 및 유지관리계획,Y,2025-03-12,Y,Y,Y,10,10,2025-01-26,SD03-1,예시 자료(시연용)
CSP-2025-0686,2025,공중이용시설,TU2007-0000145,여수곡터널,터널,도로터널,3종,D03,미수립,,,,,,,,,,SD03-1,예시 자료(시연용)
CSP-2025-0687,2025,공중이용시설,TU2007-0000147,역북터널,터널,도로터널,2종,D03,수립,시설물안전법 제6조 안전 및 유지관리계획,Y,2025-03-02,Y,Y,Y,6,6,2025-01-14,SD03-1,예시 자료(시연용)
CSP-2025-0688,2025,공중이용시설,TU2008-0000224,신갈터널,터널,도로터널,3종,D03,수립,시설물안전법 제6조 안전 및 유지관리계획,Y,2025-02-27,Y,Y,Y,4,4,2025-01-22,SD03-1,예시 자료(시연용)
CSP-2025-0689,2025,공중이용시설,TU2009-0000008,본선 BOX 터널,터널,철도터널,2종,D03,수립,시설물안전법 제6조 안전 및 유지관리계획,Y,2025-03-23,Y,Y,Y,3,3,2025-02-28,SD03-1,예시 자료(시연용)
CSP-2025-0690,2025,공중이용시설,TU2009-0000078,문수산터널,터널,도로터널,1종,D03,수립,시설물안전법 제6조 안전 및 유지관리계획,Y,2025-03-05,Y,Y,Y,4,4,2025-01-02,SD03-1,예시 자료(시연용)
CSP-2025-0691,2025,공중이용시설,TU2009-0000101,청명터널,터널,도로터널,1종,D03,수립,시설물안전법 제6조 안전 및 유지관리계획,Y,2025-03-08,Y,Y,Y,3,3,2025-01-14,SD03-1,예시 자료(시연용)
CSP-2025-0692,2025,공중이용시설,TU2009-0000102,기흥터널,터널,도로터널,1종,D03,수립,시설물안전법 제6조 안전 및 유지관리계획,Y,2025-02-15,Y,Y,Y,3,3,2025-02-18,SD03-1,예시 자료(시연용)
CSP-2025-0693,2025,공중이용시설,TU2009-0000143,영덕3터널,터널,도로터널,1종,D03,수립,시설물안전법 제6조 안전 및 유지관리계획,Y,2025-02-13,Y,Y,Y,3,1,2025-02-22,SD03-1,예시 자료(시연용)
CSP-2025-0694,2025,공중이용시설,TU2009-0000144,영덕2터널,터널,도로터널,1종,D03,수립,시설물안전법 제6조 안전 및 유지관리계획,N,,N,Y,Y,9,9,2025-01-02,SD03-1,예시 자료(시연용)
CSP-2025-0695,2025,공중이용시설,TU2009-0000243,청명생태터널,터널,도로터널,2종,D03,수립,자체 안전계획,,,Y,Y,Y,4,4,2025-02-11,SD03-1,예시 자료(시연용)
CSP-2025-0696,2025,공중이용시설,TU2009-0000247,동천터널,터널,도로터널,2종,D03,수립,시설물안전법 제6조 안전 및 유지관리계획,Y,2025-02-21,Y,Y,Y,8,8,2025-01-23,SD03-1,예시 자료(시연용)
CSP-2025-0697,2025,공중이용시설,TU2010-0000087,초막터널,터널,도로터널,2종,D03,수립,자체 안전계획,,,Y,Y,Y,6,6,2025-02-06,SD03-1,예시 자료(시연용)
CSP-2025-0698,2025,공중이용시설,TU2011-0000221,버들치터널(상),터널,도로터널,2종,D03,수립,시설물안전법 제6조 안전 및 유지관리계획,Y,2025-02-03,Y,Y,Y,8,8,2025-02-20,SD03-1,예시 자료(시연용)
CSP-2025-0699,2025,공중이용시설,TU2011-0000222,버들치터널(하),터널,도로터널,2종,D03,수립,시설물안전법 제6조 안전 및 유지관리계획,Y,2025-02-15,Y,Y,Y,9,9,2025-02-16,SD03-1,예시 자료(시연용)
CSP-2025-0700,2025,공중이용시설,TU2011-0000223,신봉터널,터널,도로터널,2종,D03,수립,시설물안전법 제6조 안전 및 유지관리계획,Y,2025-02-26,N,Y,Y,3,3,2025-01-06,SD03-1,예시 자료(시연용)
CSP-2025-0701,2025,공중이용시설,TU2012-0000028,양지터널(강릉),터널,도로터널,1종,D03,수립,시설물안전법 제6조 안전 및 유지관리계획,Y,2025-03-28,Y,Y,Y,10,9,2025-02-20,SD03-1,예시 자료(시연용)
CSP-2025-0702,2025,공중이용시설,TU2012-0000181,영덕1터널,터널,도로터널,3종,D03,수립,시설물안전법 제6조 안전 및 유지관리계획,Y,2025-02-15,N,Y,Y,5,5,2025-02-14,SD03-1,예시 자료(시연용)
CSP-2025-0703,2025,공중이용시설,TU2012-0000207,서리터널,터널,도로터널,2종,D03,수립,시설물안전법 제6조 안전 및 유지관리계획,Y,2025-02-24,Y,Y,Y,3,3,2025-01-13,SD03-1,예시 자료(시연용)
CSP-2025-0704,2025,공중이용시설,TU2013-0000001,본선터널(기흥~상갈),터널,철도터널,1종,D03,수립,시설물안전법 제6조 안전 및 유지관리계획,Y,2025-02-07,Y,Y,Y,10,10,2025-01-15,SD03-1,예시 자료(시연용)
CSP-2025-0705,2025,공중이용시설,TU2013-0000002,동백터널(동백방향),터널,도로터널,2종,D03,수립,시설물안전법 제6조 안전 및 유지관리계획,Y,2025-02-16,Y,Y,Y,6,6,2025-01-14,SD03-1,예시 자료(시연용)
CSP-2025-0706,2025,공중이용시설,TU2013-0000003,동백터널(마성방향),터널,도로터널,2종,D03,수립,자체 안전계획,,,Y,Y,N,9,9,2025-01-13,SD03-1,예시 자료(시연용)
CSP-2025-0707,2025,공중이용시설,TU2013-0000024,마성터널(강릉1),터널,도로터널,1종,D03,수립,자체 안전계획,,,Y,Y,Y,7,7,2025-02-10,SD03-1,예시 자료(시연용)
CSP-2025-0708,2025,공중이용시설,TU2013-0000025,마성터널(인천1),터널,도로터널,1종,D03,미수립,,,,,,,,,,SD03-1,예시 자료(시연용)
CSP-2025-0709,2025,공중이용시설,TU2013-0000122,본선터널(보정~구성),터널,철도터널,1종,D03,수립,시설물안전법 제6조 안전 및 유지관리계획,Y,2025-02-18,N,Y,Y,5,5,2025-02-20,SD03-1,예시 자료(시연용)
CSP-2025-0710,2025,공중이용시설,TU2013-0000124,본선터널(구성~신갈),터널,철도터널,1종,D03,수립,자체 안전계획,,,Y,Y,Y,8,6,2025-02-16,SD03-1,예시 자료(시연용)
CSP-2025-0711,2025,공중이용시설,TU2013-0000125,본선터널(신갈~기흥),터널,철도터널,2종,D03,수립,시설물안전법 제6조 안전 및 유지관리계획,Y,2025-03-25,Y,Y,Y,5,5,2025-02-21,SD03-1,예시 자료(시연용)
CSP-2025-0712,2025,공중이용시설,TU2014-0000042,본선터널(상갈~영통),터널,철도터널,1종,D03,수립,시설물안전법 제6조 안전 및 유지관리계획,Y,2025-03-27,Y,Y,Y,10,10,2025-01-21,SD03-1,예시 자료(시연용)
CSP-2025-0713,2025,공중이용시설,TU2015-0000033,고매터널(성남방향),터널,도로터널,2종,D03,수립,시설물안전법 제6조 안전 및 유지관리계획,Y,2025-02-17,Y,Y,Y,3,3,2025-01-06,SD03-1,예시 자료(시연용)
CSP-2025-0714,2025,공중이용시설,TU2015-0000034,고매터널(오산방향),터널,도로터널,2종,D03,수립,시설물안전법 제6조 안전 및 유지관리계획,Y,2025-03-15,Y,Y,Y,10,10,2025-01-02,SD03-1,예시 자료(시연용)
CSP-2025-0715,2025,공중이용시설,TU2016-0000097,율현터널,터널,철도터널,1종,D03,수립,시설물안전법 제6조 안전 및 유지관리계획,Y,2025-03-18,Y,Y,Y,8,8,2025-01-05,SD03-1,예시 자료(시연용)
CSP-2025-0716,2025,공중이용시설,TU2018-0000166,상하터널(상),터널,도로터널,2종,D03,수립,시설물안전법 제6조 안전 및 유지관리계획,N,,Y,Y,Y,5,5,2025-01-13,SD03-1,예시 자료(시연용)
CSP-2025-0717,2025,공중이용시설,TU2018-0000167,상하터널(하),터널,도로터널,2종,D03,수립,시설물안전법 제6조 안전 및 유지관리계획,Y,2025-02-21,N,Y,Y,7,7,2025-02-22,SD03-1,예시 자료(시연용)
CSP-2025-0718,2025,공중이용시설,TU2018-0000168,능안터널(상),터널,도로터널,2종,D03,수립,시설물안전법 제6조 안전 및 유지관리계획,Y,2025-03-08,Y,Y,Y,7,7,2025-02-10,SD03-1,예시 자료(시연용)
CSP-2025-0719,2025,공중이용시설,TU2018-0000169,능안터널(하),터널,도로터널,2종,D03,수립,시설물안전법 제6조 안전 및 유지관리계획,Y,2025-03-08,Y,Y,Y,3,3,2025-02-21,SD03-1,예시 자료(시연용)
CSP-2025-0720,2025,공중이용시설,TU2018-0000170,신기터널(상),터널,도로터널,2종,D03,수립,시설물안전법 제6조 안전 및 유지관리계획,Y,2025-03-06,N,Y,Y,4,4,2025-01-10,SD03-1,예시 자료(시연용)
CSP-2025-0721,2025,공중이용시설,TU2018-0000171,신기터널(하),터널,도로터널,2종,D03,수립,시설물안전법 제6조 안전 및 유지관리계획,Y,2025-02-07,Y,Y,Y,9,7,2025-02-15,SD03-1,예시 자료(시연용)
CSP-2025-0722,2025,공중이용시설,TU2019-0000023,Precast Arch 통로암거,터널,도로터널,2종,D03,수립,시설물안전법 제6조 안전 및 유지관리계획,Y,2025-02-05,N,Y,Y,7,7,2025-02-27,SD03-1,예시 자료(시연용)
CSP-2025-0723,2025,공중이용시설,UR1999-0000007,농서지하차도,터널,지하차도,3종,D03,수립,시설물안전법 제6조 안전 및 유지관리계획,Y,2025-02-03,Y,Y,Y,7,7,2025-01-06,SD03-1,예시 자료(시연용)
CSP-2025-0724,2025,공중이용시설,UR2005-0000013,강남대지하차도,터널,지하차도,2종,D03,수립,시설물안전법 제6조 안전 및 유지관리계획,Y,2025-02-13,Y,Y,Y,9,9,2025-02-16,SD03-1,예시 자료(시연용)
CSP-2025-0725,2025,공중이용시설,UR2005-0000055,삼막곡제2지하차도,터널,지하차도,3종,D03,수립,시설물안전법 제6조 안전 및 유지관리계획,Y,2025-03-19,Y,Y,Y,10,8,2025-02-07,SD03-1,예시 자료(시연용)
CSP-2025-0726,2025,공중이용시설,UR2006-0000017,신일지하차도,터널,지하차도,2종,D03,수립,시설물안전법 제6조 안전 및 유지관리계획,Y,2025-03-17,Y,Y,Y,7,7,2025-02-23,SD03-1,예시 자료(시연용)
CSP-2025-0727,2025,공중이용시설,UR2006-0000018,삼막곡 제1지하차도,터널,지하차도,2종,D03,수립,시설물안전법 제6조 안전 및 유지관리계획,Y,2025-03-27,N,Y,Y,10,10,2025-02-07,SD03-1,예시 자료(시연용)
CSP-2025-0728,2025,공중이용시설,UR2006-0000030,동백지하차도(지하차도 #1),터널,지하차도,2종,D03,수립,시설물안전법 제6조 안전 및 유지관리계획,Y,2025-03-19,Y,Y,Y,4,3,2025-01-05,SD03-1,예시 자료(시연용)
CSP-2025-0729,2025,공중이용시설,UR2006-0000031,수성지하차도(지하차도 #2),터널,지하차도,2종,D03,수립,시설물안전법 제6조 안전 및 유지관리계획,Y,2025-02-26,Y,Y,Y,7,7,2025-02-12,SD03-1,예시 자료(시연용)
CSP-2025-0730,2025,공중이용시설,UR2006-0000036,성산지하차도(지하차도#3),터널,지하차도,2종,D03,수립,시설물안전법 제6조 안전 및 유지관리계획,Y,2025-02-15,Y,Y,Y,8,8,2025-01-23,SD03-1,예시 자료(시연용)
CSP-2025-0731,2025,공중이용시설,UR2006-0000037,은목지하차도(지하차도#4),터널,지하차도,2종,D03,수립,시설물안전법 제6조 안전 및 유지관리계획,Y,2025-03-06,N,Y,Y,9,9,2025-02-17,SD03-1,예시 자료(시연용)
CSP-2025-0732,2025,공중이용시설,UR2006-0000038,초당지하차도(지하차도#5),터널,지하차도,2종,D03,수립,자체 안전계획,,,Y,Y,Y,8,8,2025-02-12,SD03-1,예시 자료(시연용)
CSP-2025-0733,2025,공중이용시설,UR2008-0000045,청덕지하차도,터널,지하차도,3종,D03,수립,시설물안전법 제6조 안전 및 유지관리계획,N,,Y,Y,Y,5,5,2025-01-28,SD03-1,예시 자료(시연용)
CSP-2025-0734,2025,공중이용시설,UR2008-0000048,삼막곡터널,터널,지하차도,3종,D03,수립,시설물안전법 제6조 안전 및 유지관리계획,Y,2025-02-01,Y,Y,Y,7,7,2025-02-11,SD03-1,예시 자료(시연용)
CSP-2025-0735,2025,공중이용시설,UR2009-0000011,죽전지하차도,터널,지하차도,1종,D03,수립,시설물안전법 제6조 안전 및 유지관리계획,N,,N,Y,Y,3,3,2025-01-09,SD03-1,예시 자료(시연용)
CSP-2025-0736,2025,공중이용시설,UR2010-0000038,흥덕지하차도,터널,지하차도,2종,D03,수립,시설물안전법 제6조 안전 및 유지관리계획,Y,2025-02-27,Y,Y,Y,5,5,2025-02-10,SD03-1,예시 자료(시연용)
CSP-2025-0737,2025,공중이용시설,UR2012-0000009,서천지하차도,터널,지하차도,2종,D03,수립,시설물안전법 제6조 안전 및 유지관리계획,Y,2025-03-11,Y,Y,Y,6,6,2025-01-26,SD03-1,예시 자료(시연용)
CSP-2025-0738,2025,공중이용시설,UR2012-0000052,하동IC램프2,터널,지하차도,2종,D03,수립,시설물안전법 제6조 안전 및 유지관리계획,Y,2025-02-01,Y,Y,Y,8,8,2025-01-06,SD03-1,예시 자료(시연용)
CSP-2025-0739,2025,공중이용시설,UR2012-0000054,신대지하차도,터널,지하차도,1종,D03,수립,시설물안전법 제6조 안전 및 유지관리계획,Y,2025-02-07,Y,Y,Y,4,4,2025-02-27,SD03-1,예시 자료(시연용)
CSP-2025-0740,2025,공중이용시설,UR2013-0000010,성복지하차도,터널,지하차도,2종,D03,미수립,,,,,,,,,,SD03-1,예시 자료(시연용)
CSP-2025-0741,2025,공중이용시설,UR2017-0000003,상현지하차도,터널,지하차도,1종,D03,수립,시설물안전법 제6조 안전 및 유지관리계획,Y,2025-02-28,Y,Y,Y,10,10,2025-02-07,SD03-1,예시 자료(시연용)
CSP-2025-0742,2025,공중이용시설,UR2018-0000010,공세지하차도,터널,지하차도,2종,D03,수립,시설물안전법 제6조 안전 및 유지관리계획,Y,2025-02-27,Y,Y,Y,8,8,2025-02-24,SD03-1,예시 자료(시연용)
CSP-2025-0743,2025,공중이용시설,WG2008-0000097,갈담제1배수통문,하천,수문 및 통문,2종,D17,수립,시설물안전법 제6조 안전 및 유지관리계획,Y,2025-02-27,Y,Y,Y,5,5,2025-02-11,SD13-1,예시 자료(시연용)
CSP-2025-0744,2025,공중이용시설,WG2008-0000098,고림제1배수통문,하천,수문 및 통문,2종,D17,수립,시설물안전법 제6조 안전 및 유지관리계획,Y,2025-03-02,N,Y,Y,3,3,2025-02-04,SD13-1,예시 자료(시연용)
CSP-2025-0745,2025,공중이용시설,WG2008-0000099,둔전제1배수통문,하천,수문 및 통문,2종,D17,수립,시설물안전법 제6조 안전 및 유지관리계획,Y,2025-03-10,N,Y,Y,7,7,2025-02-19,SD13-1,예시 자료(시연용)
CSP-2025-0746,2025,공중이용시설,WG2008-0000101,송문제1배수통문,하천,수문 및 통문,2종,D17,수립,시설물안전법 제6조 안전 및 유지관리계획,Y,2025-02-16,N,Y,Y,9,9,2025-01-18,SD13-1,예시 자료(시연용)
CSP-2025-0747,2025,공중이용시설,WG2008-0000102,역북제2배수통문,하천,수문 및 통문,2종,D17,수립,시설물안전법 제6조 안전 및 유지관리계획,Y,2025-03-12,Y,Y,Y,5,5,2025-01-12,SD13-1,예시 자료(시연용)
CSP-2025-0748,2025,공중이용시설,WG2008-0000111,진목1 배수암거,하천,수문 및 통문,2종,D17,수립,시설물안전법 제6조 안전 및 유지관리계획,Y,2025-03-13,Y,Y,Y,5,5,2025-02-11,SD13-1,예시 자료(시연용)
CSP-2025-0749,2025,공중이용시설,WG2008-0000112,진목2 배수암거,하천,수문 및 통문,2종,D17,수립,시설물안전법 제6조 안전 및 유지관리계획,Y,2025-02-06,Y,Y,Y,5,5,2025-02-22,SD13-1,예시 자료(시연용)
CSP-2025-0750,2025,공중이용시설,WG2008-0000113,진목1 배수문,하천,수문 및 통문,2종,D17,수립,시설물안전법 제6조 안전 및 유지관리계획,Y,2025-03-03,Y,Y,Y,6,4,2025-01-28,SD13-1,예시 자료(시연용)
CSP-2025-0751,2025,공중이용시설,WG2008-0000114,방아1 배수문,하천,수문 및 통문,2종,D17,수립,시설물안전법 제6조 안전 및 유지관리계획,Y,2025-02-18,Y,Y,Y,4,4,2025-02-20,SD13-1,예시 자료(시연용)
CSP-2025-0752,2025,공중이용시설,WG2008-0000116,방아2 배수문,하천,수문 및 통문,2종,D17,수립,자체 안전계획,,,Y,Y,Y,10,10,2025-01-12,SD13-1,예시 자료(시연용)
CSP-2025-0753,2025,공중이용시설,WG2008-0000117,방아1 배수암거,하천,수문 및 통문,2종,D17,수립,시설물안전법 제6조 안전 및 유지관리계획,N,,Y,Y,Y,5,5,2025-02-16,SD13-1,예시 자료(시연용)
CSP-2025-0754,2025,공중이용시설,WG2008-0000118,방아3 배수문,하천,수문 및 통문,2종,D17,수립,시설물안전법 제6조 안전 및 유지관리계획,Y,2025-02-28,N,Y,Y,6,6,2025-01-20,SD13-1,예시 자료(시연용)
CSP-2025-0755,2025,공중이용시설,WG2008-0000119,방아4 배수문,하천,수문 및 통문,2종,D17,수립,시설물안전법 제6조 안전 및 유지관리계획,Y,2025-02-04,Y,Y,Y,6,6,2025-01-24,SD13-1,예시 자료(시연용)
CSP-2025-0756,2025,공중이용시설,WG2008-0000120,방아2 배수암거,하천,수문 및 통문,2종,D17,수립,시설물안전법 제6조 안전 및 유지관리계획,Y,2025-03-12,Y,Y,Y,10,10,2025-01-27,SD13-1,예시 자료(시연용)
CSP-2025-0757,2025,공중이용시설,WG2008-0000121,봉명1 배수문,하천,수문 및 통문,2종,D17,수립,시설물안전법 제6조 안전 및 유지관리계획,Y,2025-03-02,Y,Y,Y,6,6,2025-01-26,SD13-1,예시 자료(시연용)
CSP-2025-0758,2025,공중이용시설,WG2008-0000122,원암1 배수암거,하천,수문 및 통문,2종,D17,수립,시설물안전법 제6조 안전 및 유지관리계획,Y,2025-03-17,Y,Y,Y,6,6,2025-01-13,SD13-1,예시 자료(시연용)
CSP-2025-0759,2025,공중이용시설,WG2008-0000123,방아1 배수문,하천,수문 및 통문,2종,D17,수립,시설물안전법 제6조 안전 및 유지관리계획,Y,2025-03-12,Y,Y,Y,3,1,2025-01-22,SD13-1,예시 자료(시연용)
CSP-2025-0760,2025,공중이용시설,WG2008-0000135,구갈제3배수암거,하천,수문 및 통문,2종,D17,수립,시설물안전법 제6조 안전 및 유지관리계획,Y,2025-02-17,Y,Y,Y,4,4,2025-01-10,SD13-1,예시 자료(시연용)
CSP-2025-0761,2025,공중이용시설,WG2008-0000136,상하제1배수암거,하천,수문 및 통문,2종,D17,수립,시설물안전법 제6조 안전 및 유지관리계획,N,,Y,Y,Y,9,9,2025-02-10,SD13-1,예시 자료(시연용)
CSP-2025-0762,2025,공중이용시설,WG2008-0000137,상하제2배수암거,하천,수문 및 통문,2종,D17,수립,시설물안전법 제6조 안전 및 유지관리계획,Y,2025-03-02,Y,Y,Y,8,8,2025-01-09,SD13-1,예시 자료(시연용)
CSP-2025-0763,2025,공중이용시설,WG2008-0000138,상하제4배수암거,하천,수문 및 통문,2종,D17,수립,시설물안전법 제6조 안전 및 유지관리계획,Y,2025-02-07,Y,Y,Y,10,9,2025-01-14,SD13-1,예시 자료(시연용)
CSP-2025-0764,2025,공중이용시설,WG2008-0000141,진목1배수문,하천,수문 및 통문,2종,D17,수립,시설물안전법 제6조 안전 및 유지관리계획,Y,2025-03-20,Y,Y,Y,6,6,2025-02-26,SD13-1,예시 자료(시연용)
CSP-2025-0765,2025,공중이용시설,WG2008-0000142,창리1배수문,하천,수문 및 통문,2종,D17,수립,시설물안전법 제6조 안전 및 유지관리계획,N,,Y,Y,Y,8,8,2025-02-09,SD13-1,예시 자료(시연용)
CSP-2025-0766,2025,공중이용시설,WG2008-0000143,유방제1배수통관,하천,수문 및 통문,2종,D17,수립,시설물안전법 제6조 안전 및 유지관리계획,Y,2025-03-22,Y,Y,Y,3,3,2025-02-22,SD13-1,예시 자료(시연용)
CSP-2025-0767,2025,공중이용시설,WG2008-0000144,유방제5배수통관,하천,수문 및 통문,2종,D17,수립,시설물안전법 제6조 안전 및 유지관리계획,Y,2025-03-28,Y,Y,Y,10,10,2025-01-26,SD13-1,예시 자료(시연용)
CSP-2025-0768,2025,공중이용시설,WG2019-0000004,초부1배수문,하천,수문 및 통문,2종,D17,수립,시설물안전법 제6조 안전 및 유지관리계획,Y,2025-02-02,Y,Y,Y,7,7,2025-02-11,SD13-1,예시 자료(시연용)
CSP-2025-0769,2025,공중이용시설,WG2019-0000005,초부2배수문,하천,수문 및 통문,2종,D17,수립,시설물안전법 제6조 안전 및 유지관리계획,Y,2025-03-03,Y,Y,Y,9,9,2025-02-17,SD13-1,예시 자료(시연용)
CSP-2025-0770,2025,공중이용시설,WG2019-0000006,갈담1배수문,하천,수문 및 통문,2종,D17,수립,시설물안전법 제6조 안전 및 유지관리계획,Y,2025-02-15,Y,Y,Y,4,4,2025-02-14,SD13-1,예시 자료(시연용)
CSP-2025-0771,2025,공중이용시설,WG2019-0000007,왕산3배수문,하천,수문 및 통문,2종,D17,수립,시설물안전법 제6조 안전 및 유지관리계획,Y,2025-02-01,Y,Y,Y,5,5,2025-02-21,SD13-1,예시 자료(시연용)
CSP-2025-0772,2025,공중이용시설,WS1991-0000015,기흥상수도,상하수도,지방상수도,2종,D04,수립,시설물안전법 제6조 안전 및 유지관리계획,Y,2025-03-07,Y,Y,Y,7,7,2025-01-24,SD04-1,예시 자료(시연용)
CSP-2025-0773,2025,공중이용시설,WS1991-0000016,용인상수도,상하수도,지방상수도,2종,D04,수립,시설물안전법 제6조 안전 및 유지관리계획,Y,2025-03-17,Y,Y,Y,8,8,2025-01-28,SD04-1,예시 자료(시연용)
CSP-2025-0774,2025,공중이용시설,WS1991-0000019,구성상수도,상하수도,지방상수도,2종,D04,수립,시설물안전법 제6조 안전 및 유지관리계획,Y,2025-03-23,Y,Y,Y,5,5,2025-02-04,SD04-1,예시 자료(시연용)
CSP-2025-0775,2025,공중이용시설,WS2003-0000053,용인시 지방상수도,상하수도,지방상수도,1종,D04,수립,시설물안전법 제6조 안전 및 유지관리계획,Y,2025-02-05,Y,Y,Y,3,3,2025-02-16,SD04-1,예시 자료(시연용)
CSP-2025-0776,2025,공중이용시설,WS2005-0000091,죽전지구 상수도,상하수도,지방상수도,2종,D04,수립,시설물안전법 제6조 안전 및 유지관리계획,Y,2025-03-14,Y,Y,Y,3,3,2025-02-12,SD04-1,예시 자료(시연용)
CSP-2025-0777,2025,공중이용시설,WS2006-0000016,신봉상수도,상하수도,지방상수도,2종,D04,수립,시설물안전법 제6조 안전 및 유지관리계획,Y,2025-03-03,Y,Y,Y,8,8,2025-01-04,SD04-1,예시 자료(시연용)
CSP-2025-0778,2025,공중이용시설,WS2009-0000054,백원지역상수도시설,상하수도,지방상수도,2종,D04,수립,시설물안전법 제6조 안전 및 유지관리계획,Y,2025-02-09,Y,Y,Y,4,4,2025-01-17,SD04-1,예시 자료(시연용)
CSP-2025-0779,2025,공중이용시설,WS2013-0000050,청덕상수도,상하수도,지방상수도,2종,D04,수립,시설물안전법 제6조 안전 및 유지관리계획,Y,2025-02-21,Y,Y,Y,6,6,2025-01-07,SD04-1,예시 자료(시연용)
CSP-2025-0780,2025,공중이용시설,WS2013-0000051,고기상수도,상하수도,지방상수도,2종,D04,수립,시설물안전법 제6조 안전 및 유지관리계획,Y,2025-03-15,Y,Y,Y,7,7,2025-02-19,SD04-1,예시 자료(시연용)
CSP-2025-0781,2025,공중이용시설,WS2018-0000041,남사 상수도,상하수도,지방상수도,2종,D04,수립,시설물안전법 제6조 안전 및 유지관리계획,Y,2025-03-06,Y,Y,Y,5,4,2025-02-04,SD04-1,예시 자료(시연용)
CSP-2025-T001,2025,공중교통수단,,용인경전철(에버라인),경전철,도시철도차량·시설,,D16,수립,철도안전법 제6조 연차별 시행계획,Y,2025-02-24,Y,Y,Y,12,12,2025-01-20,SD10-1,예시 자료(시연용) · 도시철도법 계열(궤도운송법 비적용) · 자산 대장 밖
CSP-2026-0001,2026,공중이용시설,AR1978-0000349,죽전(서울)휴게소(본관),건축물,다중이용건축물,3종,D09,수립,시설물안전법 제6조 안전 및 유지관리계획,Y,2026-03-22,Y,Y,Y,8,7,2026-02-08,SD09-1,예시 자료(시연용)
CSP-2026-0002,2026,공중이용시설,AR1982-0000084,처인구청(본관),건축물,다중이용건축물,3종,D09,수립,시설물안전법 제6조 안전 및 유지관리계획,Y,2026-03-06,Y,Y,Y,8,5,2026-02-15,SD09-1,예시 자료(시연용)
CSP-2026-0003,2026,공중이용시설,AR1987-0000089,새로운경기도립정신병원,건축물,다중이용건축물,2종,D09,수립,시설물안전법 제6조 안전 및 유지관리계획,Y,2026-02-26,Y,Y,Y,4,4,2026-01-23,SD09-1,예시 자료(시연용)
CSP-2026-0004,2026,공중이용시설,AR1988-0000166,88골프장 클럽하우스,건축물,다중이용건축물,2종,D09,수립,자체 안전계획,,,Y,Y,N,6,4,2026-01-24,SD09-1,예시 자료(시연용)
CSP-2026-0005,2026,공중이용시설,AR1988-0001150,신갈동 주민자치센터,건축물,다중이용건축물,3종,D09,수립,자체 안전계획,,,Y,Y,Y,3,1,2026-01-03,SD09-1,예시 자료(시연용)
CSP-2026-0006,2026,공중이용시설,AR1989-0000718,용인시문예회관,건축물,다중이용건축물,3종,D09,수립,자체 안전계획,,,N,Y,Y,7,6,2026-02-13,SD09-1,예시 자료(시연용)
CSP-2026-0007,2026,공중이용시설,AR1990-0000202,처인구청(별관 1),건축물,다중이용건축물,3종,D09,수립,시설물안전법 제6조 안전 및 유지관리계획,Y,2026-03-21,Y,Y,Y,4,2,2026-02-08,SD09-1,예시 자료(시연용)
CSP-2026-0008,2026,공중이용시설,AR1990-0000745,백암면사무소,건축물,다중이용건축물,3종,D09,미수립,,,,,,,,,,SD09-1,예시 자료(시연용)
CSP-2026-0009,2026,공중이용시설,AR1991-0000802,기흥(부산)휴게소,건축물,다중이용건축물,3종,D09,수립,시설물안전법 제6조 안전 및 유지관리계획,Y,2026-02-11,Y,Y,Y,9,3,2026-01-02,SD09-1,예시 자료(시연용)
CSP-2026-0010,2026,공중이용시설,AR1992-0001684,용인공용버스터미널,건축물,다중이용건축물,3종,D09,수립,시설물안전법 제6조 안전 및 유지관리계획,Y,2026-02-24,Y,Y,Y,7,3,2026-02-22,SD09-1,예시 자료(시연용)
CSP-2026-0011,2026,공중이용시설,AR1993-0002013,이동읍사무소,건축물,다중이용건축물,3종,D09,수립,시설물안전법 제6조 안전 및 유지관리계획,Y,2026-02-08,Y,Y,Y,3,3,2026-02-19,SD09-1,예시 자료(시연용)
CSP-2026-0012,2026,공중이용시설,AR1993-0002067,양지면사무소,건축물,다중이용건축물,3종,D09,수립,자체 안전계획,,,Y,Y,Y,7,7,2026-02-25,SD09-1,예시 자료(시연용)
CSP-2026-0013,2026,공중이용시설,AR1993-0002498,용인다목적복지회관,건축물,다중이용건축물,3종,D09,수립,자체 안전계획,,,Y,Y,Y,10,4,2026-02-09,SD09-1,예시 자료(시연용)
CSP-2026-0014,2026,공중이용시설,AR1994-0002317,용인(인천)휴게소,건축물,다중이용건축물,3종,D09,수립,시설물안전법 제6조 안전 및 유지관리계획,Y,2026-03-27,Y,Y,Y,10,9,2026-01-13,SD09-1,예시 자료(시연용)
CSP-2026-0015,2026,공중이용시설,AR1995-0001560,서울특별시백암정신병원,건축물,다중이용건축물,2종,D09,수립,자체 안전계획,,,Y,Y,Y,4,3,2026-01-05,SD09-1,예시 자료(시연용)
CSP-2026-0016,2026,공중이용시설,AR1995-0002306,용인소방서 본서,건축물,다중이용건축물,3종,D09,수립,시설물안전법 제6조 안전 및 유지관리계획,Y,2026-02-06,Y,Y,Y,3,2,2026-02-21,SD09-1,예시 자료(시연용)
CSP-2026-0017,2026,공중이용시설,AR1996-0002536,용인시청소년수련원,건축물,다중이용건축물,3종,D09,수립,시설물안전법 제6조 안전 및 유지관리계획,Y,2026-02-17,Y,Y,Y,5,3,2026-01-19,SD09-1,예시 자료(시연용)
CSP-2026-0018,2026,공중이용시설,AR1996-0002570,구성동주민센터,건축물,다중이용건축물,3종,D09,수립,자체 안전계획,,,Y,Y,Y,8,3,2026-01-17,SD09-1,예시 자료(시연용)
CSP-2026-0019,2026,공중이용시설,AR1996-0002915,용인중앙동우체국,건축물,다중이용건축물,3종,D09,수립,시설물안전법 제6조 안전 및 유지관리계획,Y,2026-02-03,Y,Y,Y,8,4,2026-01-12,SD09-1,예시 자료(시연용)
CSP-2026-0020,2026,공중이용시설,AR1997-0003359,용인(강릉)휴게소,건축물,다중이용건축물,3종,D09,수립,자체 안전계획,,,Y,Y,Y,3,3,2026-02-08,SD09-1,예시 자료(시연용)
CSP-2026-0021,2026,공중이용시설,AR1997-0003521,소방학교 창조관,건축물,다중이용건축물,3종,D09,수립,자체 안전계획,,,Y,Y,Y,8,7,2026-02-21,SD09-1,예시 자료(시연용)
CSP-2026-0022,2026,공중이용시설,AR1997-0003523,소방학교 생활1관,건축물,다중이용건축물,3종,D09,수립,시설물안전법 제6조 안전 및 유지관리계획,N,,Y,Y,Y,4,2,2026-02-09,SD09-1,예시 자료(시연용)
CSP-2026-0023,2026,공중이용시설,AR1997-0003524,소방학교 후생관,건축물,다중이용건축물,3종,D09,수립,시설물안전법 제6조 안전 및 유지관리계획,Y,2026-03-07,Y,Y,Y,4,2,2026-02-18,SD09-1,예시 자료(시연용)
CSP-2026-0024,2026,공중이용시설,AR1997-0003525,소방학교 훈련탑,건축물,다중이용건축물,3종,D09,수립,자체 안전계획,,,Y,Y,Y,10,8,2026-01-24,SD09-1,예시 자료(시연용)
CSP-2026-0025,2026,공중이용시설,AR1997-0003533,특수대응단(항공대),건축물,다중이용건축물,3종,D09,수립,시설물안전법 제6조 안전 및 유지관리계획,Y,2026-03-18,Y,Y,Y,6,3,2026-01-04,SD09-1,예시 자료(시연용)
CSP-2026-0026,2026,공중이용시설,AR1997-0003549,분당차량기지 종합청사,건축물,다중이용건축물,3종,D09,수립,자체 안전계획,,,Y,Y,Y,8,6,2026-01-04,SD09-1,예시 자료(시연용)
CSP-2026-0027,2026,공중이용시설,AR1997-0003550,분당차량기지 현업사업소,건축물,다중이용건축물,3종,D09,수립,시설물안전법 제6조 안전 및 유지관리계획,Y,2026-03-25,Y,Y,Y,3,3,2026-01-04,SD09-1,예시 자료(시연용)
CSP-2026-0028,2026,공중이용시설,AR1997-0003716,분당차량기지 중수선차고,건축물,다중이용건축물,3종,D09,수립,자체 안전계획,,,Y,Y,Y,8,4,2026-01-13,SD09-1,예시 자료(시연용)
CSP-2026-0029,2026,공중이용시설,AR1997-0003717,분당차량기지 경수선차고,건축물,다중이용건축물,3종,D09,수립,시설물안전법 제6조 안전 및 유지관리계획,Y,2026-02-22,N,Y,Y,4,3,2026-01-03,SD09-1,예시 자료(시연용)
CSP-2026-0030,2026,공중이용시설,AR1998-0002431,용인도시공사 청사,건축물,기타,3종,D09,수립,자체 안전계획,,,Y,Y,Y,10,9,2026-01-27,SD09-1,예시 자료(시연용)
CSP-2026-0031,2026,공중이용시설,AR1998-0003179,용인 집단에너지공급시설 열원설비동,건축물,대형건축물,3종,D09,수립,시설물안전법 제6조 안전 및 유지관리계획,Y,2026-03-25,Y,Y,Y,9,6,2026-02-23,SD09-1,예시 자료(시연용)
CSP-2026-0032,2026,공중이용시설,AR1999-0003538,용인시 농업기술센터,건축물,다중이용건축물,3종,D09,수립,자체 안전계획,,,N,Y,Y,6,2,2026-02-01,SD09-1,예시 자료(시연용)
CSP-2026-0033,2026,공중이용시설,AR1999-0003651,유림동주민센터,건축물,다중이용건축물,3종,D09,수립,자체 안전계획,,,Y,Y,Y,4,3,2026-02-27,SD09-1,예시 자료(시연용)
CSP-2026-0034,2026,공중이용시설,AR2000-0003276,수지정수장 관리동,건축물,다중이용건축물,3종,D09,수립,자체 안전계획,,,Y,Y,Y,4,3,2026-02-08,SD09-1,예시 자료(시연용)
CSP-2026-0035,2026,공중이용시설,AR2001-0002118,경기도축산진흥센터(본관동),건축물,기타,3종,D09,수립,시설물안전법 제6조 안전 및 유지관리계획,Y,2026-02-28,Y,Y,Y,7,4,2026-02-24,SD09-1,예시 자료(시연용)
CSP-2026-0036,2026,공중이용시설,AR2001-0002157,남사읍행정복지센터,건축물,다중이용건축물,3종,D09,수립,시설물안전법 제6조 안전 및 유지관리계획,Y,2026-02-24,Y,Y,Y,3,2,2026-01-25,SD09-1,예시 자료(시연용)
CSP-2026-0037,2026,공중이용시설,AR2001-0002328,용인수지우체국,건축물,다중이용건축물,3종,D09,수립,자체 안전계획,,,Y,Y,Y,5,3,2026-01-21,SD09-1,예시 자료(시연용)
CSP-2026-0038,2026,공중이용시설,AR2001-0002365,처인구청(별관2),건축물,다중이용건축물,3종,D09,수립,시설물안전법 제6조 안전 및 유지관리계획,Y,2026-02-18,Y,Y,Y,4,2,2026-01-16,SD09-1,예시 자료(시연용)
CSP-2026-0039,2026,공중이용시설,AR2002-0001653,포곡읍사무소,건축물,다중이용건축물,3종,D09,수립,자체 안전계획,,,Y,Y,Y,7,6,2026-02-13,SD09-1,예시 자료(시연용)
CSP-2026-0040,2026,공중이용시설,AR2002-0001743,동부동주민센터,건축물,다중이용건축물,3종,D09,수립,자체 안전계획,,,Y,Y,Y,9,5,2026-02-13,SD09-1,예시 자료(시연용)
CSP-2026-0041,2026,공중이용시설,AR2003-0002336,기업은행 IT센터,건축물,대형건축물,2종,D09,수립,자체 안전계획,,,Y,Y,Y,6,3,2026-01-01,SD09-1,예시 자료(시연용)
CSP-2026-0042,2026,공중이용시설,AR2003-0006407,용인시 실내체육관,건축물,다중이용건축물,2종,D09,수립,시설물안전법 제6조 안전 및 유지관리계획,Y,2026-03-20,Y,Y,Y,6,3,2026-02-04,SD09-1,예시 자료(시연용)
CSP-2026-0043,2026,공중이용시설,AR2003-0009489,소방학교 구급교육센터,건축물,다중이용건축물,3종,D09,수립,자체 안전계획,,,Y,Y,Y,5,4,2026-02-03,SD09-1,예시 자료(시연용)
CSP-2026-0044,2026,공중이용시설,AR2003-0009544,상현1동사무소,건축물,다중이용건축물,3종,D09,수립,시설물안전법 제6조 안전 및 유지관리계획,Y,2026-02-27,Y,Y,Y,8,5,2026-02-06,SD09-1,예시 자료(시연용)
CSP-2026-0045,2026,공중이용시설,AR2003-0009551,풍덕천1동 주민센터,건축물,다중이용건축물,3종,D09,수립,자체 안전계획,,,Y,Y,Y,8,3,2026-01-10,SD09-1,예시 자료(시연용)
CSP-2026-0046,2026,공중이용시설,AR2003-0009575,풍덕천2동주민센터,건축물,다중이용건축물,3종,D09,수립,자체 안전계획,,,Y,Y,Y,6,4,2026-02-04,SD09-1,예시 자료(시연용)
CSP-2026-0047,2026,공중이용시설,AR2003-0009584,기흥구청사,건축물,다중이용건축물,3종,D09,수립,시설물안전법 제6조 안전 및 유지관리계획,Y,2026-02-19,Y,Y,Y,7,5,2026-02-06,SD09-1,예시 자료(시연용)
CSP-2026-0048,2026,공중이용시설,AR2004-0004482,경기도국악당,건축물,다중이용건축물,2종,D09,수립,자체 안전계획,,,Y,Y,Y,10,9,2026-01-07,SD09-1,예시 자료(시연용)
CSP-2026-0049,2026,공중이용시설,AR2004-0004612,용인시 평생학습관,건축물,다중이용건축물,2종,D09,수립,시설물안전법 제6조 안전 및 유지관리계획,N,,Y,Y,Y,3,2,2026-01-14,SD09-1,예시 자료(시연용)
CSP-2026-0050,2026,공중이용시설,AR2004-0006390,원삼면 행정복지센터,건축물,다중이용건축물,3종,D09,수립,자체 안전계획,,,Y,Y,Y,6,4,2026-02-28,SD09-1,예시 자료(시연용)
CSP-2026-0051,2026,공중이용시설,AR2005-0002918,용인시문화복지행정타운본청사,건축물,대형건축물,2종,D09,수립,자체 안전계획,,,N,Y,Y,5,3,2026-02-06,SD09-1,예시 자료(시연용)
CSP-2026-0052,2026,공중이용시설,AR2005-0003757,88골프장 실외골프연습장,건축물,다중이용건축물,2종,D09,수립,자체 안전계획,,,Y,N,Y,5,3,2026-01-05,SD09-1,예시 자료(시연용)
CSP-2026-0053,2026,공중이용시설,AR2005-0003904,용인시문화복지행정타운문화예술원,건축물,다중이용건축물,2종,D09,작성중,자체 안전계획,,,Y,Y,N,6,0,,SD09-1,예시 자료(시연용)
CSP-2026-0054,2026,공중이용시설,AR2005-0003905,용인시문화복지행정타운복지센타,건축물,다중이용건축물,2종,D09,수립,시설물안전법 제6조 안전 및 유지관리계획,Y,2026-03-08,Y,Y,Y,6,2,2026-02-21,SD09-1,예시 자료(시연용)
CSP-2026-0055,2026,공중이용시설,AR2005-0003906,용인시문화복지행정타운보건소,건축물,다중이용건축물,3종,D09,수립,시설물안전법 제6조 안전 및 유지관리계획,Y,2026-02-04,Y,Y,Y,10,4,2026-02-09,SD09-1,예시 자료(시연용)
CSP-2026-0056,2026,공중이용시설,AR2005-0003907,용인시문화복지행정타운의회청사,건축물,다중이용건축물,3종,D09,수립,자체 안전계획,,,Y,Y,Y,10,9,2026-02-13,SD09-1,예시 자료(시연용)
CSP-2026-0057,2026,공중이용시설,AR2005-0004605,경기도소방학교 생활2관,건축물,다중이용건축물,3종,D09,수립,시설물안전법 제6조 안전 및 유지관리계획,Y,2026-02-05,Y,Y,Y,5,5,2026-02-26,SD09-1,예시 자료(시연용)
CSP-2026-0058,2026,공중이용시설,AR2005-0004877,죽전야외음악당,건축물,다중이용건축물,3종,D09,수립,자체 안전계획,,,N,Y,Y,6,5,2026-02-28,SD09-1,예시 자료(시연용)
CSP-2026-0059,2026,공중이용시설,AR2005-0004883,죽전1동행정복지센터,건축물,다중이용건축물,3종,D09,수립,시설물안전법 제6조 안전 및 유지관리계획,Y,2026-03-18,Y,Y,Y,6,4,2026-02-15,SD09-1,예시 자료(시연용)
CSP-2026-0060,2026,공중이용시설,AR2005-0005059,용인동백 열원시설 열원 설비동,건축물,기타,3종,D09,수립,시설물안전법 제6조 안전 및 유지관리계획,Y,2026-02-02,Y,Y,Y,10,4,2026-01-16,SD09-1,예시 자료(시연용)
CSP-2026-0061,2026,공중이용시설,AR2006-0004246,동천동 행정복지센터,건축물,다중이용건축물,3종,D09,수립,시설물안전법 제6조 안전 및 유지관리계획,Y,2026-03-04,Y,Y,Y,9,4,2026-01-02,SD09-1,예시 자료(시연용)
CSP-2026-0062,2026,공중이용시설,AR2006-0004258,모현읍 행정복지센터,건축물,다중이용건축물,3종,D09,수립,시설물안전법 제6조 안전 및 유지관리계획,Y,2026-02-23,Y,Y,Y,5,4,2026-01-18,SD09-1,예시 자료(시연용)
CSP-2026-0063,2026,공중이용시설,AR2008-0004135,신봉동 행정복지센터,건축물,다중이용건축물,3종,D09,수립,시설물안전법 제6조 안전 및 유지관리계획,Y,2026-02-12,Y,Y,Y,7,5,2026-02-25,SD09-1,예시 자료(시연용)
CSP-2026-0064,2026,공중이용시설,AR2008-0004738,구갈동 행정복지센터,건축물,다중이용건축물,3종,D09,수립,시설물안전법 제6조 안전 및 유지관리계획,Y,2026-03-26,N,Y,Y,4,2,2026-01-18,SD09-1,예시 자료(시연용)
CSP-2026-0065,2026,공중이용시설,AR2009-0000230,죽전역,건축물,철도역시설,2종,D16,수립,시설물안전법 제6조 안전 및 유지관리계획,Y,2026-03-20,Y,Y,Y,8,4,2026-01-02,SD09-1,예시 자료(시연용)
CSP-2026-0066,2026,공중이용시설,AR2009-0002925,용인시민체육센터,건축물,다중이용건축물,2종,D09,수립,시설물안전법 제6조 안전 및 유지관리계획,Y,2026-02-21,Y,Y,Y,3,3,2026-02-27,SD09-1,예시 자료(시연용)
CSP-2026-0067,2026,공중이용시설,AR2009-0003069,용인시박물관,건축물,다중이용건축물,3종,D09,수립,시설물안전법 제6조 안전 및 유지관리계획,Y,2026-02-05,Y,Y,Y,3,2,2026-01-11,SD09-1,예시 자료(시연용)
CSP-2026-0068,2026,공중이용시설,AR2009-0003439,상갈동 행정복지센터,건축물,다중이용건축물,3종,D09,수립,시설물안전법 제6조 안전 및 유지관리계획,Y,2026-02-07,Y,Y,Y,4,2,2026-01-24,SD09-1,예시 자료(시연용)
CSP-2026-0069,2026,공중이용시설,AR2009-0003440,성복동 행정복지센터,건축물,다중이용건축물,3종,D09,수립,시설물안전법 제6조 안전 및 유지관리계획,Y,2026-02-04,Y,Y,Y,3,1,2026-01-10,SD09-1,예시 자료(시연용)
CSP-2026-0070,2026,공중이용시설,AR2010-0000987,한국전력기술(주),건축물,대형건축물,2종,D09,수립,시설물안전법 제6조 안전 및 유지관리계획,Y,2026-02-03,Y,Y,Y,8,6,2026-01-19,SD09-1,예시 자료(시연용)
CSP-2026-0071,2026,공중이용시설,AR2010-0002609,경기도어린이박물관,건축물,다중이용건축물,2종,D09,수립,시설물안전법 제6조 안전 및 유지관리계획,N,,Y,Y,Y,6,3,2026-02-18,SD09-1,예시 자료(시연용)
CSP-2026-0072,2026,공중이용시설,AR2010-0002931,용인종합운동장,건축물,다중이용건축물,2종,D09,수립,시설물안전법 제6조 안전 및 유지관리계획,Y,2026-03-24,Y,Y,Y,9,4,2026-02-24,SD09-1,예시 자료(시연용)
CSP-2026-0073,2026,공중이용시설,AR2011-0000066,경기도박물관,건축물,다중이용건축물,2종,D09,수립,자체 안전계획,,,Y,Y,Y,5,2,2026-02-03,SD09-1,예시 자료(시연용)
CSP-2026-0074,2026,공중이용시설,AR2011-0000169,백남준아트센터,건축물,다중이용건축물,2종,D09,수립,시설물안전법 제6조 안전 및 유지관리계획,Y,2026-02-05,Y,Y,Y,9,3,2026-02-03,SD09-1,예시 자료(시연용)
CSP-2026-0075,2026,공중이용시설,AR2012-0000682,구성역사,건축물,철도역시설,2종,D16,수립,자체 안전계획,,,Y,Y,Y,10,7,2026-01-07,SD09-1,예시 자료(시연용)
CSP-2026-0076,2026,공중이용시설,AR2012-0000800,기흥역사,건축물,철도역시설,2종,D16,수립,시설물안전법 제6조 안전 및 유지관리계획,Y,2026-03-19,Y,Y,Y,9,4,2026-01-04,SD09-1,예시 자료(시연용)
CSP-2026-0077,2026,공중이용시설,AR2012-0000804,수지문화복지타운,건축물,대형건축물,2종,D09,수립,시설물안전법 제6조 안전 및 유지관리계획,Y,2026-02-07,Y,Y,Y,9,6,2026-02-27,SD09-1,예시 자료(시연용)
CSP-2026-0078,2026,공중이용시설,AR2012-0002011,상갈역사,건축물,철도역시설,2종,D16,수립,자체 안전계획,,,Y,Y,Y,10,6,2026-01-02,SD09-1,예시 자료(시연용)
CSP-2026-0079,2026,공중이용시설,AR2012-0002015,아르피아스포츠센터,건축물,다중이용건축물,2종,D09,수립,시설물안전법 제6조 안전 및 유지관리계획,Y,2026-02-17,Y,Y,Y,3,2,2026-01-07,SD09-1,예시 자료(시연용)
CSP-2026-0080,2026,공중이용시설,AR2013-0001203,보정역사,건축물,철도역시설,2종,D16,수립,시설물안전법 제6조 안전 및 유지관리계획,Y,2026-02-24,Y,Y,Y,10,6,2026-02-25,SD09-1,예시 자료(시연용)
CSP-2026-0081,2026,공중이용시설,AR2013-0001204,신갈역사,건축물,철도역시설,2종,D16,수립,자체 안전계획,,,Y,Y,Y,3,2,2026-01-17,SD09-1,예시 자료(시연용)
CSP-2026-0082,2026,공중이용시설,AR2013-0001894,용인포은아트홀,건축물,다중이용건축물,2종,D09,수립,자체 안전계획,,,Y,Y,Y,6,5,2026-01-24,SD09-1,예시 자료(시연용)
CSP-2026-0083,2026,공중이용시설,AR2013-0002113,처인체력단련장,건축물,다중이용건축물,2종,D09,수립,자체 안전계획,,,Y,Y,Y,5,2,2026-01-28,SD09-1,예시 자료(시연용)
CSP-2026-0084,2026,공중이용시설,AR2018-0000223,용인미르스타디움,건축물,대형건축물,1종,D09,수립,시설물안전법 제6조 안전 및 유지관리계획,Y,2026-03-09,Y,Y,Y,6,3,2026-02-01,SD09-1,예시 자료(시연용)
CSP-2026-0085,2026,공중이용시설,AR2018-0002175,남사 스포츠센터,건축물,다중이용건축물,2종,D09,수립,자체 안전계획,,,Y,Y,Y,5,3,2026-01-05,SD09-1,예시 자료(시연용)
CSP-2026-0086,2026,공중이용시설,BR0000-0000002,꽃터교(안대지2교),교량,도로교량,3종,D03,수립,시설물안전법 제6조 안전 및 유지관리계획,Y,2026-02-12,Y,Y,Y,8,3,2026-01-19,SD03-1,예시 자료(시연용)
CSP-2026-0087,2026,공중이용시설,BR1018-0000001,하고개교(상행),교량,도로교량,2종,D03,수립,시설물안전법 제6조 안전 및 유지관리계획,N,,Y,Y,Y,5,3,2026-02-24,SD03-1,예시 자료(시연용)
CSP-2026-0088,2026,공중이용시설,BR1900-0000009,안대지천교,교량,도로교량,3종,D03,수립,시설물안전법 제6조 안전 및 유지관리계획,Y,2026-03-11,Y,Y,Y,9,7,2026-01-03,SD03-1,예시 자료(시연용)
CSP-2026-0089,2026,공중이용시설,BR1900-0000033,봉안교,교량,도로교량,3종,D03,수립,시설물안전법 제6조 안전 및 유지관리계획,Y,2026-02-14,Y,Y,Y,5,3,2026-02-11,SD03-1,예시 자료(시연용)
CSP-2026-0090,2026,공중이용시설,BR1968-0000035,영덕교(0),교량,도로교량,3종,D03,수립,시설물안전법 제6조 안전 및 유지관리계획,N,,Y,Y,Y,9,7,2026-01-18,SD03-1,예시 자료(시연용)
CSP-2026-0091,2026,공중이용시설,BR1968-0000057,옥산교,교량,도로교량,3종,D03,수립,시설물안전법 제6조 안전 및 유지관리계획,Y,2026-02-02,Y,Y,Y,7,5,2026-01-23,SD03-1,예시 자료(시연용)
CSP-2026-0092,2026,공중이용시설,BR1970-0000129,가재월2교,교량,도로교량,3종,D03,수립,시설물안전법 제6조 안전 및 유지관리계획,Y,2026-02-27,Y,Y,Y,6,3,2026-02-08,SD03-1,예시 자료(시연용)
CSP-2026-0093,2026,공중이용시설,BR1974-0000037,공세교,교량,도로교량,3종,D03,수립,시설물안전법 제6조 안전 및 유지관리계획,Y,2026-03-20,Y,Y,Y,5,2,2026-02-01,SD03-1,예시 자료(시연용)
CSP-2026-0094,2026,공중이용시설,BR1977-0000141,(구)수포교,교량,도로교량,3종,D03,수립,시설물안전법 제6조 안전 및 유지관리계획,Y,2026-02-22,Y,Y,Y,3,1,2026-02-24,SD03-1,예시 자료(시연용)
CSP-2026-0095,2026,공중이용시설,BR1979-0000106,보정교,교량,도로교량,3종,D03,수립,자체 안전계획,,,Y,Y,Y,7,7,2026-01-05,SD03-1,예시 자료(시연용)
CSP-2026-0096,2026,공중이용시설,BR1980-0000136,백암교,교량,도로교량,3종,D03,수립,시설물안전법 제6조 안전 및 유지관리계획,Y,2026-03-24,Y,Y,Y,6,5,2026-02-20,SD03-1,예시 자료(시연용)
CSP-2026-0097,2026,공중이용시설,BR1980-0000309,예지교,교량,도로교량,3종,D03,수립,시설물안전법 제6조 안전 및 유지관리계획,Y,2026-02-27,Y,Y,Y,10,8,2026-02-28,SD03-1,예시 자료(시연용)
CSP-2026-0098,2026,공중이용시설,BR1982-0000241,(구)창동교,교량,도로교량,3종,D03,수립,시설물안전법 제6조 안전 및 유지관리계획,N,,Y,Y,Y,10,5,2026-01-03,SD03-1,예시 자료(시연용)
CSP-2026-0099,2026,공중이용시설,BR1983-0000196,천리2교,교량,도로교량,3종,D03,수립,시설물안전법 제6조 안전 및 유지관리계획,Y,2026-02-24,Y,Y,Y,3,1,2026-02-09,SD03-1,예시 자료(시연용)
CSP-2026-0100,2026,공중이용시설,BR1984-0000143,농서교,교량,도로교량,3종,D03,수립,시설물안전법 제6조 안전 및 유지관리계획,Y,2026-02-13,Y,Y,Y,5,4,2026-02-18,SD03-1,예시 자료(시연용)
CSP-2026-0101,2026,공중이용시설,BR1984-0000148,하갈교,교량,도로교량,3종,D03,수립,시설물안전법 제6조 안전 및 유지관리계획,Y,2026-03-25,Y,Y,Y,10,4,2026-02-12,SD03-1,예시 자료(시연용)
CSP-2026-0102,2026,공중이용시설,BR1984-0000272,휴암교,교량,도로교량,3종,D03,수립,시설물안전법 제6조 안전 및 유지관리계획,Y,2026-03-19,Y,Y,Y,10,7,2026-01-19,SD03-1,예시 자료(시연용)
CSP-2026-0103,2026,공중이용시설,BR1986-0000243,상갈교,교량,도로교량,3종,D03,수립,시설물안전법 제6조 안전 및 유지관리계획,Y,2026-02-15,Y,Y,Y,9,4,2026-01-11,SD03-1,예시 자료(시연용)
CSP-2026-0104,2026,공중이용시설,BR1987-0000200,영덕교(1),교량,도로교량,3종,D03,수립,시설물안전법 제6조 안전 및 유지관리계획,N,,Y,Y,Y,4,3,2026-02-21,SD03-1,예시 자료(시연용)
CSP-2026-0105,2026,공중이용시설,BR1987-0000420,석성교,교량,도로교량,3종,D03,미수립,,,,,,,,,,SD03-1,예시 자료(시연용)
CSP-2026-0106,2026,공중이용시설,BR1987-0000421,능말교,교량,도로교량,3종,D03,수립,시설물안전법 제6조 안전 및 유지관리계획,Y,2026-02-12,Y,Y,Y,6,4,2026-02-01,SD03-1,예시 자료(시연용)
CSP-2026-0107,2026,공중이용시설,BR1988-0000411,샘골2교,교량,도로교량,3종,D03,수립,시설물안전법 제6조 안전 및 유지관리계획,Y,2026-02-03,Y,Y,Y,10,8,2026-02-19,SD03-1,예시 자료(시연용)
CSP-2026-0108,2026,공중이용시설,BR1988-0000418,금북교,교량,도로교량,3종,D03,수립,시설물안전법 제6조 안전 및 유지관리계획,Y,2026-03-18,Y,Y,Y,3,2,2026-01-11,SD03-1,예시 자료(시연용)
CSP-2026-0109,2026,공중이용시설,BR1989-0000314,마평교,교량,도로교량,3종,D03,수립,시설물안전법 제6조 안전 및 유지관리계획,Y,2026-02-04,Y,Y,Y,6,6,2026-02-12,SD03-1,예시 자료(시연용)
CSP-2026-0110,2026,공중이용시설,BR1990-0000184,아곡교,교량,도로교량,3종,D03,수립,시설물안전법 제6조 안전 및 유지관리계획,Y,2026-02-09,Y,Y,Y,8,5,2026-02-09,SD03-1,예시 자료(시연용)
CSP-2026-0111,2026,공중이용시설,BR1990-0000185,송전1교,교량,도로교량,3종,D03,작성중,자체 안전계획,,,Y,Y,N,8,0,,SD03-1,예시 자료(시연용)
CSP-2026-0112,2026,공중이용시설,BR1990-0000186,묘봉교,교량,도로교량,3종,D03,수립,시설물안전법 제6조 안전 및 유지관리계획,Y,2026-02-20,Y,Y,Y,5,3,2026-02-07,SD03-1,예시 자료(시연용)
CSP-2026-0113,2026,공중이용시설,BR1990-0000234,중동교,교량,도로교량,3종,D03,수립,시설물안전법 제6조 안전 및 유지관리계획,Y,2026-02-27,Y,Y,Y,5,4,2026-01-23,SD03-1,예시 자료(시연용)
CSP-2026-0114,2026,공중이용시설,BR1990-0000445,옥산2교,교량,도로교량,3종,D03,수립,시설물안전법 제6조 안전 및 유지관리계획,N,,Y,Y,Y,6,4,2026-02-28,SD03-1,예시 자료(시연용)
CSP-2026-0115,2026,공중이용시설,BR1990-0000446,숙골교,교량,도로교량,3종,D03,수립,시설물안전법 제6조 안전 및 유지관리계획,Y,2026-02-06,Y,Y,Y,9,7,2026-01-09,SD03-1,예시 자료(시연용)
CSP-2026-0116,2026,공중이용시설,BR1990-0000450,제1천리교,교량,도로교량,3종,D03,작성중,자체 안전계획,,,Y,Y,N,3,0,,SD03-1,예시 자료(시연용)
CSP-2026-0117,2026,공중이용시설,BR1990-0000453,용인교,교량,도로교량,3종,D03,수립,시설물안전법 제6조 안전 및 유지관리계획,Y,2026-03-09,Y,Y,Y,9,4,2026-01-21,SD03-1,예시 자료(시연용)
CSP-2026-0118,2026,공중이용시설,BR1990-0000455,신성교,교량,도로교량,3종,D03,수립,시설물안전법 제6조 안전 및 유지관리계획,Y,2026-03-23,Y,Y,Y,10,9,2026-01-10,SD03-1,예시 자료(시연용)
CSP-2026-0119,2026,공중이용시설,BR1991-0000011,신갈JCT4육교,교량,도로교량,1종,D03,수립,시설물안전법 제6조 안전 및 유지관리계획,Y,2026-03-13,Y,Y,Y,10,9,2026-02-03,SD03-1,예시 자료(시연용)
CSP-2026-0120,2026,공중이용시설,BR1991-0000074,신갈JCT육교(인천0),교량,도로교량,2종,D03,수립,자체 안전계획,,,Y,Y,Y,3,3,2026-01-23,SD03-1,예시 자료(시연용)
CSP-2026-0121,2026,공중이용시설,BR1991-0000075,신갈JCT육교(강릉0),교량,도로교량,2종,D03,수립,시설물안전법 제6조 안전 및 유지관리계획,Y,2026-02-24,Y,Y,Y,3,3,2026-01-09,SD03-1,예시 자료(시연용)
CSP-2026-0122,2026,공중이용시설,BR1991-0000184,신갈JCT3육교,교량,도로교량,3종,D03,수립,시설물안전법 제6조 안전 및 유지관리계획,Y,2026-02-28,Y,Y,Y,5,3,2026-01-15,SD03-1,예시 자료(시연용)
CSP-2026-0123,2026,공중이용시설,BR1991-0000227,기흥교(강릉0),교량,도로교량,3종,D03,수립,시설물안전법 제6조 안전 및 유지관리계획,Y,2026-02-19,Y,Y,Y,4,4,2026-02-11,SD03-1,예시 자료(시연용)
CSP-2026-0124,2026,공중이용시설,BR1991-0000228,기흥교(인천0),교량,도로교량,3종,D03,수립,자체 안전계획,,,N,Y,Y,5,3,2026-02-11,SD03-1,예시 자료(시연용)
CSP-2026-0125,2026,공중이용시설,BR1991-0000229,동백교(강릉0),교량,도로교량,3종,D03,미수립,,,,,,,,,,SD03-1,예시 자료(시연용)
CSP-2026-0126,2026,공중이용시설,BR1991-0000230,동백교(인천0),교량,도로교량,3종,D03,수립,시설물안전법 제6조 안전 및 유지관리계획,Y,2026-03-22,Y,Y,Y,3,2,2026-01-12,SD03-1,예시 자료(시연용)
CSP-2026-0127,2026,공중이용시설,BR1991-0000245,삼마교(강릉0),교량,도로교량,3종,D03,수립,자체 안전계획,,,N,Y,Y,6,5,2026-01-02,SD03-1,예시 자료(시연용)
CSP-2026-0128,2026,공중이용시설,BR1991-0000246,삼마교(인천0),교량,도로교량,3종,D03,수립,시설물안전법 제6조 안전 및 유지관리계획,Y,2026-03-04,Y,Y,Y,6,5,2026-02-01,SD03-1,예시 자료(시연용)
CSP-2026-0129,2026,공중이용시설,BR1991-0000253,신대교(강릉0),교량,도로교량,3종,D03,수립,시설물안전법 제6조 안전 및 유지관리계획,Y,2026-03-17,Y,Y,Y,5,3,2026-01-09,SD03-1,예시 자료(시연용)
CSP-2026-0130,2026,공중이용시설,BR1991-0000254,신대교(인천0),교량,도로교량,3종,D03,수립,시설물안전법 제6조 안전 및 유지관리계획,Y,2026-03-23,Y,Y,Y,8,4,2026-01-26,SD03-1,예시 자료(시연용)
CSP-2026-0131,2026,공중이용시설,BR1991-0000430,정평교(구),교량,도로교량,3종,D03,수립,시설물안전법 제6조 안전 및 유지관리계획,Y,2026-02-24,Y,Y,Y,10,9,2026-02-04,SD03-1,예시 자료(시연용)
CSP-2026-0132,2026,공중이용시설,BR1991-0000519,중복교,교량,도로교량,3종,D03,수립,시설물안전법 제6조 안전 및 유지관리계획,Y,2026-03-28,Y,Y,Y,4,3,2026-02-13,SD03-1,예시 자료(시연용)
CSP-2026-0133,2026,공중이용시설,BR1991-0000520,어현교,교량,도로교량,3종,D03,수립,시설물안전법 제6조 안전 및 유지관리계획,Y,2026-02-01,Y,Y,Y,4,2,2026-01-17,SD03-1,예시 자료(시연용)
CSP-2026-0134,2026,공중이용시설,BR1992-0000156,용인고가육교,교량,도로교량,2종,D03,수립,시설물안전법 제6조 안전 및 유지관리계획,Y,2026-03-16,Y,Y,Y,4,3,2026-02-16,SD03-1,예시 자료(시연용)
CSP-2026-0135,2026,공중이용시설,BR1992-0000261,풍덕천교(서울),교량,도로교량,3종,D03,수립,시설물안전법 제6조 안전 및 유지관리계획,Y,2026-02-18,Y,Y,Y,9,6,2026-02-10,SD03-1,예시 자료(시연용)
CSP-2026-0136,2026,공중이용시설,BR1992-0000262,풍덕천교(부산),교량,도로교량,3종,D03,수립,시설물안전법 제6조 안전 및 유지관리계획,Y,2026-03-14,Y,Y,Y,10,7,2026-02-10,SD03-1,예시 자료(시연용)
CSP-2026-0137,2026,공중이용시설,BR1992-0000263,하갈교(부산),교량,도로교량,3종,D03,수립,시설물안전법 제6조 안전 및 유지관리계획,Y,2026-03-14,Y,Y,Y,6,5,2026-01-10,SD03-1,예시 자료(시연용)
CSP-2026-0138,2026,공중이용시설,BR1992-0000264,하갈교(서울),교량,도로교량,3종,D03,수립,시설물안전법 제6조 안전 및 유지관리계획,Y,2026-02-23,Y,Y,Y,3,3,2026-01-24,SD03-1,예시 자료(시연용)
CSP-2026-0139,2026,공중이용시설,BR1992-0000269,신갈JCT1교(서울),교량,도로교량,3종,D03,수립,시설물안전법 제6조 안전 및 유지관리계획,Y,2026-03-10,Y,Y,Y,4,2,2026-01-02,SD03-1,예시 자료(시연용)
CSP-2026-0140,2026,공중이용시설,BR1992-0000270,신갈JCT1교(부산),교량,도로교량,3종,D03,수립,시설물안전법 제6조 안전 및 유지관리계획,Y,2026-02-08,Y,Y,Y,5,4,2026-02-10,SD03-1,예시 자료(시연용)
CSP-2026-0141,2026,공중이용시설,BR1992-0000271,신갈2육교(서울),교량,도로교량,3종,D03,수립,시설물안전법 제6조 안전 및 유지관리계획,Y,2026-03-13,Y,Y,Y,8,7,2026-02-15,SD03-1,예시 자료(시연용)
CSP-2026-0142,2026,공중이용시설,BR1992-0000272,신갈2육교(부산),교량,도로교량,3종,D03,수립,시설물안전법 제6조 안전 및 유지관리계획,Y,2026-02-28,Y,Y,Y,3,3,2026-02-01,SD03-1,예시 자료(시연용)
CSP-2026-0143,2026,공중이용시설,BR1992-0000273,수원육교(서울),교량,도로교량,3종,D03,작성중,자체 안전계획,,,Y,Y,N,5,0,,SD03-1,예시 자료(시연용)
CSP-2026-0144,2026,공중이용시설,BR1992-0000274,수원육교(부산0),교량,도로교량,3종,D03,수립,자체 안전계획,,,Y,Y,Y,6,5,2026-02-27,SD03-1,예시 자료(시연용)
CSP-2026-0145,2026,공중이용시설,BR1992-0000278,죽전육교(서울),교량,도로교량,3종,D03,수립,자체 안전계획,,,Y,Y,Y,6,3,2026-02-15,SD03-1,예시 자료(시연용)
CSP-2026-0146,2026,공중이용시설,BR1992-0000279,죽전육교(부산),교량,도로교량,3종,D03,수립,시설물안전법 제6조 안전 및 유지관리계획,Y,2026-02-12,Y,Y,Y,5,3,2026-02-21,SD03-1,예시 자료(시연용)
CSP-2026-0147,2026,공중이용시설,BR1992-0000280,영덕교(2),교량,도로교량,3종,D03,수립,시설물안전법 제6조 안전 및 유지관리계획,Y,2026-02-05,Y,Y,Y,3,2,2026-01-14,SD03-1,예시 자료(시연용)
CSP-2026-0148,2026,공중이용시설,BR1992-0000499,고려교,교량,도로교량,3종,D03,수립,시설물안전법 제6조 안전 및 유지관리계획,Y,2026-02-12,Y,Y,Y,3,3,2026-01-05,SD03-1,예시 자료(시연용)
CSP-2026-0149,2026,공중이용시설,BR1992-0000500,구갈교,교량,도로교량,3종,D03,수립,시설물안전법 제6조 안전 및 유지관리계획,Y,2026-02-01,Y,Y,Y,9,4,2026-01-01,SD03-1,예시 자료(시연용)
CSP-2026-0150,2026,공중이용시설,BR1992-0000904,오산천보도교,교량,도로교량,2종,D03,수립,시설물안전법 제6조 안전 및 유지관리계획,Y,2026-02-27,Y,Y,Y,6,4,2026-02-04,SD03-1,예시 자료(시연용)
CSP-2026-0151,2026,공중이용시설,BR1993-0000058,진위천교(부산0),교량,도로교량,2종,D03,수립,시설물안전법 제6조 안전 및 유지관리계획,N,,Y,Y,Y,6,5,2026-02-03,SD03-1,예시 자료(시연용)
CSP-2026-0152,2026,공중이용시설,BR1993-0000261,기흥육교(부산),교량,도로교량,3종,D03,수립,자체 안전계획,,,Y,Y,Y,4,2,2026-01-10,SD03-1,예시 자료(시연용)
CSP-2026-0153,2026,공중이용시설,BR1993-0000262,기흥육교(서울0),교량,도로교량,3종,D03,수립,시설물안전법 제6조 안전 및 유지관리계획,Y,2026-03-13,Y,Y,Y,8,6,2026-01-18,SD03-1,예시 자료(시연용)
CSP-2026-0154,2026,공중이용시설,BR1993-0000263,공세육교(서울),교량,도로교량,3종,D03,수립,시설물안전법 제6조 안전 및 유지관리계획,N,,Y,Y,Y,6,4,2026-02-11,SD03-1,예시 자료(시연용)
CSP-2026-0155,2026,공중이용시설,BR1993-0000264,공세육교(부산),교량,도로교량,3종,D03,수립,시설물안전법 제6조 안전 및 유지관리계획,Y,2026-03-18,N,Y,Y,10,7,2026-02-19,SD03-1,예시 자료(시연용)
CSP-2026-0156,2026,공중이용시설,BR1993-0000265,공세2교(서울0),교량,도로교량,3종,D03,수립,시설물안전법 제6조 안전 및 유지관리계획,Y,2026-02-15,N,Y,Y,7,3,2026-02-19,SD03-1,예시 자료(시연용)
CSP-2026-0157,2026,공중이용시설,BR1993-0000266,공세2교(부산),교량,도로교량,3종,D03,수립,시설물안전법 제6조 안전 및 유지관리계획,Y,2026-02-19,Y,Y,Y,8,6,2026-01-24,SD03-1,예시 자료(시연용)
CSP-2026-0158,2026,공중이용시설,BR1993-0000267,공세1교(서울0),교량,도로교량,3종,D03,수립,시설물안전법 제6조 안전 및 유지관리계획,Y,2026-02-13,Y,Y,Y,8,7,2026-01-14,SD03-1,예시 자료(시연용)
CSP-2026-0159,2026,공중이용시설,BR1993-0000268,공세1교(부산),교량,도로교량,3종,D03,미수립,,,,,,,,,,SD03-1,예시 자료(시연용)
CSP-2026-0160,2026,공중이용시설,BR1993-0000269,고매교(서울),교량,도로교량,3종,D03,수립,시설물안전법 제6조 안전 및 유지관리계획,Y,2026-03-22,Y,Y,Y,3,3,2026-01-24,SD03-1,예시 자료(시연용)
CSP-2026-0161,2026,공중이용시설,BR1993-0000270,고매교(부산),교량,도로교량,3종,D03,수립,시설물안전법 제6조 안전 및 유지관리계획,Y,2026-03-18,Y,Y,Y,6,5,2026-02-07,SD03-1,예시 자료(시연용)
CSP-2026-0162,2026,공중이용시설,BR1993-0000273,보평육교(서울),교량,도로교량,3종,D03,수립,시설물안전법 제6조 안전 및 유지관리계획,Y,2026-02-11,Y,Y,Y,7,5,2026-01-15,SD03-1,예시 자료(시연용)
CSP-2026-0163,2026,공중이용시설,BR1993-0000274,보평육교(부산),교량,도로교량,3종,D03,수립,시설물안전법 제6조 안전 및 유지관리계획,Y,2026-03-22,Y,Y,Y,9,5,2026-02-22,SD03-1,예시 자료(시연용)
CSP-2026-0164,2026,공중이용시설,BR1993-0000275,보평교(서울),교량,도로교량,3종,D03,수립,시설물안전법 제6조 안전 및 유지관리계획,Y,2026-03-28,Y,Y,Y,8,6,2026-02-05,SD03-1,예시 자료(시연용)
CSP-2026-0165,2026,공중이용시설,BR1993-0000276,보평교(부산),교량,도로교량,3종,D03,수립,시설물안전법 제6조 안전 및 유지관리계획,Y,2026-02-27,N,Y,Y,5,5,2026-01-07,SD03-1,예시 자료(시연용)
CSP-2026-0166,2026,공중이용시설,BR1993-0000291,외동천교(서울),교량,도로교량,3종,D03,수립,시설물안전법 제6조 안전 및 유지관리계획,N,,Y,Y,Y,6,2,2026-01-20,SD03-1,예시 자료(시연용)
CSP-2026-0167,2026,공중이용시설,BR1993-0000292,외동천교(부산),교량,도로교량,3종,D03,수립,시설물안전법 제6조 안전 및 유지관리계획,Y,2026-02-15,Y,Y,Y,10,7,2026-02-26,SD03-1,예시 자료(시연용)
CSP-2026-0168,2026,공중이용시설,BR1993-0000744,무수교,교량,도로교량,3종,D03,수립,시설물안전법 제6조 안전 및 유지관리계획,Y,2026-03-05,Y,Y,Y,9,8,2026-01-24,SD03-1,예시 자료(시연용)
CSP-2026-0169,2026,공중이용시설,BR1993-0000845,전궁교,교량,도로교량,2종,D03,작성중,자체 안전계획,,,Y,Y,N,3,0,,SD03-1,예시 자료(시연용)
CSP-2026-0170,2026,공중이용시설,BR1994-0000099,죽전천교,교량,철도교량,2종,D03,수립,자체 안전계획,,,Y,Y,Y,9,6,2026-02-15,SD03-1,예시 자료(시연용)
CSP-2026-0171,2026,공중이용시설,BR1994-0000100,탄천교,교량,철도교량,2종,D03,수립,시설물안전법 제6조 안전 및 유지관리계획,Y,2026-03-10,Y,Y,Y,8,5,2026-02-02,SD03-1,예시 자료(시연용)
CSP-2026-0172,2026,공중이용시설,BR1994-0000170,추계육교(인천2),교량,도로교량,2종,D03,수립,시설물안전법 제6조 안전 및 유지관리계획,Y,2026-02-05,Y,Y,Y,7,4,2026-01-03,SD03-1,예시 자료(시연용)
CSP-2026-0173,2026,공중이용시설,BR1994-0000171,추계육교(인천1),교량,도로교량,2종,D03,수립,시설물안전법 제6조 안전 및 유지관리계획,Y,2026-02-01,Y,Y,Y,3,1,2026-02-24,SD03-1,예시 자료(시연용)
CSP-2026-0174,2026,공중이용시설,BR1994-0000173,경안천교(인천0),교량,도로교량,2종,D03,수립,시설물안전법 제6조 안전 및 유지관리계획,Y,2026-03-18,Y,Y,Y,6,5,2026-02-22,SD03-1,예시 자료(시연용)
CSP-2026-0175,2026,공중이용시설,BR1994-0000174,경안천교(강릉0),교량,도로교량,2종,D03,수립,시설물안전법 제6조 안전 및 유지관리계획,Y,2026-03-08,Y,Y,Y,3,2,2026-01-22,SD03-1,예시 자료(시연용)
CSP-2026-0176,2026,공중이용시설,BR1994-0000289,총신교(인천1),교량,도로교량,3종,D03,수립,시설물안전법 제6조 안전 및 유지관리계획,Y,2026-02-13,Y,Y,Y,7,6,2026-01-15,SD03-1,예시 자료(시연용)
CSP-2026-0177,2026,공중이용시설,BR1994-0000290,총신교(인천2),교량,도로교량,3종,D03,수립,시설물안전법 제6조 안전 및 유지관리계획,Y,2026-03-10,Y,Y,Y,5,2,2026-01-22,SD03-1,예시 자료(시연용)
CSP-2026-0178,2026,공중이용시설,BR1994-0000291,추계교(강릉0),교량,도로교량,3종,D03,수립,시설물안전법 제6조 안전 및 유지관리계획,Y,2026-03-05,Y,Y,Y,6,6,2026-01-20,SD03-1,예시 자료(시연용)
CSP-2026-0179,2026,공중이용시설,BR1994-0000292,추계교(인천1),교량,도로교량,3종,D03,수립,시설물안전법 제6조 안전 및 유지관리계획,Y,2026-02-01,Y,Y,Y,4,3,2026-02-18,SD03-1,예시 자료(시연용)
CSP-2026-0180,2026,공중이용시설,BR1994-0000293,추계교(인천2),교량,도로교량,3종,D03,수립,자체 안전계획,,,Y,Y,Y,6,5,2026-02-14,SD03-1,예시 자료(시연용)
CSP-2026-0181,2026,공중이용시설,BR1994-0000300,고림교(인천0),교량,도로교량,3종,D03,수립,시설물안전법 제6조 안전 및 유지관리계획,Y,2026-03-07,Y,Y,Y,6,3,2026-01-07,SD03-1,예시 자료(시연용)
CSP-2026-0182,2026,공중이용시설,BR1994-0000301,고림교(강릉0),교량,도로교량,3종,D03,수립,시설물안전법 제6조 안전 및 유지관리계획,Y,2026-03-06,Y,Y,Y,6,4,2026-02-23,SD03-1,예시 자료(시연용)
CSP-2026-0183,2026,공중이용시설,BR1994-0000306,양지IC육교(강릉0),교량,도로교량,3종,D03,수립,시설물안전법 제6조 안전 및 유지관리계획,Y,2026-03-16,Y,Y,Y,7,5,2026-02-03,SD03-1,예시 자료(시연용)
CSP-2026-0184,2026,공중이용시설,BR1994-0000307,양지IC육교(인천0),교량,도로교량,3종,D03,수립,자체 안전계획,,,Y,Y,Y,3,2,2026-02-14,SD03-1,예시 자료(시연용)
CSP-2026-0185,2026,공중이용시설,BR1994-0000308,용인IC1교(0),교량,도로교량,3종,D03,미수립,,,,,,,,,,SD03-1,예시 자료(시연용)
CSP-2026-0186,2026,공중이용시설,BR1994-0000309,용인IC육교(강릉0),교량,도로교량,3종,D03,수립,시설물안전법 제6조 안전 및 유지관리계획,N,,Y,Y,Y,3,3,2026-01-22,SD03-1,예시 자료(시연용)
CSP-2026-0187,2026,공중이용시설,BR1994-0000310,용인IC육교(인천0),교량,도로교량,3종,D03,수립,시설물안전법 제6조 안전 및 유지관리계획,Y,2026-02-18,Y,Y,Y,8,4,2026-01-12,SD03-1,예시 자료(시연용)
CSP-2026-0188,2026,공중이용시설,BR1994-0000311,유방2교(강릉0),교량,도로교량,3종,D03,수립,시설물안전법 제6조 안전 및 유지관리계획,Y,2026-02-02,N,Y,Y,9,6,2026-02-19,SD03-1,예시 자료(시연용)
CSP-2026-0189,2026,공중이용시설,BR1994-0000312,유방2교(인천0),교량,도로교량,3종,D03,수립,시설물안전법 제6조 안전 및 유지관리계획,Y,2026-02-03,Y,Y,Y,4,3,2026-02-02,SD03-1,예시 자료(시연용)
CSP-2026-0190,2026,공중이용시설,BR1994-0000447,봉무교,교량,도로교량,3종,D03,수립,시설물안전법 제6조 안전 및 유지관리계획,Y,2026-03-28,Y,Y,Y,8,5,2026-02-06,SD03-1,예시 자료(시연용)
CSP-2026-0191,2026,공중이용시설,BR1994-0000479,남산교,교량,도로교량,3종,D03,수립,시설물안전법 제6조 안전 및 유지관리계획,Y,2026-02-04,Y,Y,Y,7,3,2026-01-27,SD03-1,예시 자료(시연용)
CSP-2026-0192,2026,공중이용시설,BR1994-0000690,보정3가도교,교량,철도교량,3종,D03,수립,시설물안전법 제6조 안전 및 유지관리계획,Y,2026-03-24,Y,Y,Y,3,2,2026-01-27,SD03-1,예시 자료(시연용)
CSP-2026-0193,2026,공중이용시설,BR1995-0000519,신촌교,교량,도로교량,3종,D03,수립,시설물안전법 제6조 안전 및 유지관리계획,Y,2026-03-15,Y,Y,Y,6,5,2026-02-15,SD03-1,예시 자료(시연용)
CSP-2026-0194,2026,공중이용시설,BR1995-0000589,공세교,교량,도로교량,3종,D03,수립,시설물안전법 제6조 안전 및 유지관리계획,Y,2026-03-25,Y,Y,Y,10,7,2026-02-16,SD03-1,예시 자료(시연용)
CSP-2026-0195,2026,공중이용시설,BR1995-0000784,일신교,교량,도로교량,3종,D03,수립,시설물안전법 제6조 안전 및 유지관리계획,N,,Y,Y,Y,4,2,2026-01-19,SD03-1,예시 자료(시연용)
CSP-2026-0196,2026,공중이용시설,BR1995-0000810,수정교,교량,도로교량,3종,D03,수립,시설물안전법 제6조 안전 및 유지관리계획,Y,2026-03-03,Y,Y,Y,10,7,2026-01-09,SD03-1,예시 자료(시연용)
CSP-2026-0197,2026,공중이용시설,BR1995-0000813,가창1교,교량,도로교량,3종,D03,수립,시설물안전법 제6조 안전 및 유지관리계획,Y,2026-03-01,Y,Y,Y,10,4,2026-01-09,SD03-1,예시 자료(시연용)
CSP-2026-0198,2026,공중이용시설,BR1995-0000814,가창2교,교량,도로교량,3종,D03,수립,시설물안전법 제6조 안전 및 유지관리계획,Y,2026-02-19,Y,Y,Y,3,2,2026-01-02,SD03-1,예시 자료(시연용)
CSP-2026-0199,2026,공중이용시설,BR1995-0000815,주리교(구),교량,도로교량,3종,D03,수립,시설물안전법 제6조 안전 및 유지관리계획,N,,Y,Y,Y,4,3,2026-02-03,SD03-1,예시 자료(시연용)
CSP-2026-0200,2026,공중이용시설,BR1995-0000816,마두교,교량,도로교량,3종,D03,수립,시설물안전법 제6조 안전 및 유지관리계획,Y,2026-03-06,Y,Y,Y,8,3,2026-01-15,SD03-1,예시 자료(시연용)
CSP-2026-0201,2026,공중이용시설,BR1995-0000820,금학교,교량,도로교량,3종,D03,수립,시설물안전법 제6조 안전 및 유지관리계획,Y,2026-03-10,N,Y,Y,9,7,2026-02-09,SD03-1,예시 자료(시연용)
CSP-2026-0202,2026,공중이용시설,BR1995-0000821,주북교,교량,도로교량,3종,D03,수립,자체 안전계획,,,Y,Y,Y,5,3,2026-02-06,SD03-1,예시 자료(시연용)
CSP-2026-0203,2026,공중이용시설,BR1996-0000136,(신)왕산교,교량,도로교량,2종,D03,수립,시설물안전법 제6조 안전 및 유지관리계획,Y,2026-03-02,Y,Y,Y,3,3,2026-01-06,SD03-1,예시 자료(시연용)
CSP-2026-0204,2026,공중이용시설,BR1996-0000392,영덕교(3),교량,도로교량,3종,D03,수립,시설물안전법 제6조 안전 및 유지관리계획,N,,Y,Y,Y,4,3,2026-02-22,SD03-1,예시 자료(시연용)
CSP-2026-0205,2026,공중이용시설,BR1996-0000460,백봉교,교량,도로교량,3종,D03,수립,시설물안전법 제6조 안전 및 유지관리계획,Y,2026-03-23,Y,Y,Y,4,4,2026-01-17,SD03-1,예시 자료(시연용)
CSP-2026-0206,2026,공중이용시설,BR1996-0000467,근곡교,교량,도로교량,3종,D03,수립,시설물안전법 제6조 안전 및 유지관리계획,Y,2026-02-25,Y,Y,Y,8,4,2026-02-22,SD03-1,예시 자료(시연용)
CSP-2026-0207,2026,공중이용시설,BR1996-0000495,능교,교량,도로교량,3종,D03,수립,시설물안전법 제6조 안전 및 유지관리계획,N,,Y,Y,Y,4,3,2026-01-25,SD03-1,예시 자료(시연용)
CSP-2026-0208,2026,공중이용시설,BR1996-0000497,두창육교,교량,도로교량,3종,D03,수립,시설물안전법 제6조 안전 및 유지관리계획,Y,2026-02-18,Y,Y,Y,3,2,2026-01-19,SD03-1,예시 자료(시연용)
CSP-2026-0209,2026,공중이용시설,BR1996-0000753,언동2교,교량,도로교량,3종,D03,수립,시설물안전법 제6조 안전 및 유지관리계획,Y,2026-02-24,Y,Y,Y,3,3,2026-01-09,SD03-1,예시 자료(시연용)
CSP-2026-0210,2026,공중이용시설,BR1996-0000899,신봉교,교량,도로교량,3종,D03,수립,시설물안전법 제6조 안전 및 유지관리계획,Y,2026-03-11,N,Y,Y,8,3,2026-01-10,SD03-1,예시 자료(시연용)
CSP-2026-0211,2026,공중이용시설,BR1996-0001044,(구)산정교,교량,도로교량,3종,D03,수립,시설물안전법 제6조 안전 및 유지관리계획,Y,2026-02-17,Y,Y,Y,5,2,2026-02-04,SD03-1,예시 자료(시연용)
CSP-2026-0212,2026,공중이용시설,BR1996-0001045,송전2교,교량,도로교량,3종,D03,미수립,,,,,,,,,,SD03-1,예시 자료(시연용)
CSP-2026-0213,2026,공중이용시설,BR1996-0001054,고진교,교량,도로교량,3종,D03,수립,시설물안전법 제6조 안전 및 유지관리계획,Y,2026-02-12,Y,Y,Y,9,8,2026-01-25,SD03-1,예시 자료(시연용)
CSP-2026-0214,2026,공중이용시설,BR1996-0001055,전대2교,교량,도로교량,3종,D03,수립,자체 안전계획,,,Y,Y,Y,5,3,2026-01-08,SD03-1,예시 자료(시연용)
CSP-2026-0215,2026,공중이용시설,BR1997-0000183,보라횡단교,교량,도로교량,1종,D03,수립,시설물안전법 제6조 안전 및 유지관리계획,Y,2026-03-04,Y,Y,Y,6,5,2026-01-13,SD03-1,예시 자료(시연용)
CSP-2026-0216,2026,공중이용시설,BR1997-0000185,하갈교,교량,도로교량,2종,D03,수립,시설물안전법 제6조 안전 및 유지관리계획,Y,2026-03-13,N,Y,Y,7,6,2026-02-14,SD03-1,예시 자료(시연용)
CSP-2026-0217,2026,공중이용시설,BR1997-0000230,추계1교,교량,도로교량,1종,D03,수립,시설물안전법 제6조 안전 및 유지관리계획,Y,2026-03-10,N,Y,Y,3,2,2026-01-15,SD03-1,예시 자료(시연용)
CSP-2026-0218,2026,공중이용시설,BR1997-0000231,추계2교,교량,도로교량,1종,D03,수립,시설물안전법 제6조 안전 및 유지관리계획,N,,N,Y,Y,9,5,2026-02-14,SD03-1,예시 자료(시연용)
CSP-2026-0219,2026,공중이용시설,BR1997-0000360,수포1육교,교량,도로교량,3종,D03,수립,시설물안전법 제6조 안전 및 유지관리계획,Y,2026-02-22,Y,Y,Y,3,1,2026-02-18,SD03-1,예시 자료(시연용)
CSP-2026-0220,2026,공중이용시설,BR1997-0000478,초현교,교량,도로교량,3종,D03,수립,시설물안전법 제6조 안전 및 유지관리계획,Y,2026-03-04,Y,Y,Y,10,7,2026-01-03,SD03-1,예시 자료(시연용)
CSP-2026-0221,2026,공중이용시설,BR1997-0000525,창리교,교량,도로교량,3종,D03,수립,시설물안전법 제6조 안전 및 유지관리계획,Y,2026-03-11,N,Y,Y,4,3,2026-02-09,SD03-1,예시 자료(시연용)
CSP-2026-0222,2026,공중이용시설,BR1997-0000727,죽전교,교량,도로교량,3종,D03,수립,시설물안전법 제6조 안전 및 유지관리계획,Y,2026-02-19,Y,Y,Y,3,1,2026-01-26,SD03-1,예시 자료(시연용)
CSP-2026-0223,2026,공중이용시설,BR1997-0000740,양지1교,교량,도로교량,3종,D03,수립,시설물안전법 제6조 안전 및 유지관리계획,Y,2026-03-01,Y,Y,Y,5,2,2026-02-25,SD03-1,예시 자료(시연용)
CSP-2026-0224,2026,공중이용시설,BR1997-0000743,송문2교,교량,도로교량,3종,D03,수립,시설물안전법 제6조 안전 및 유지관리계획,N,,Y,Y,Y,6,4,2026-01-20,SD03-1,예시 자료(시연용)
CSP-2026-0225,2026,공중이용시설,BR1997-0000744,송문1교,교량,도로교량,3종,D03,수립,자체 안전계획,,,N,Y,Y,7,5,2026-02-06,SD03-1,예시 자료(시연용)
CSP-2026-0226,2026,공중이용시설,BR1997-0000747,정평교,교량,도로교량,3종,D03,수립,시설물안전법 제6조 안전 및 유지관리계획,Y,2026-03-26,Y,Y,Y,5,4,2026-02-20,SD03-1,예시 자료(시연용)
CSP-2026-0227,2026,공중이용시설,BR1997-0000784,왕산소교,교량,도로교량,3종,D03,수립,시설물안전법 제6조 안전 및 유지관리계획,Y,2026-03-03,Y,Y,Y,8,5,2026-02-10,SD03-1,예시 자료(시연용)
CSP-2026-0228,2026,공중이용시설,BR1997-0000786,삼계교,교량,도로교량,3종,D03,수립,시설물안전법 제6조 안전 및 유지관리계획,Y,2026-03-07,N,Y,Y,5,4,2026-01-26,SD03-1,예시 자료(시연용)
CSP-2026-0229,2026,공중이용시설,BR1998-0000469,백암교,교량,도로교량,3종,D03,수립,시설물안전법 제6조 안전 및 유지관리계획,Y,2026-03-21,Y,Y,Y,7,4,2026-02-01,SD03-1,예시 자료(시연용)
CSP-2026-0230,2026,공중이용시설,BR1998-0000470,원대교,교량,도로교량,3종,D03,작성중,자체 안전계획,,,Y,Y,N,3,0,,SD03-1,예시 자료(시연용)
CSP-2026-0231,2026,공중이용시설,BR1998-0000697,(구)상갈교,교량,도로교량,3종,D03,수립,시설물안전법 제6조 안전 및 유지관리계획,Y,2026-02-26,Y,Y,Y,5,3,2026-01-26,SD03-1,예시 자료(시연용)
CSP-2026-0232,2026,공중이용시설,BR1998-0000709,풍림교,교량,도로교량,3종,D03,수립,시설물안전법 제6조 안전 및 유지관리계획,Y,2026-03-24,Y,Y,Y,6,3,2026-01-11,SD03-1,예시 자료(시연용)
CSP-2026-0233,2026,공중이용시설,BR1998-0000988,북리교,교량,도로교량,3종,D03,수립,시설물안전법 제6조 안전 및 유지관리계획,Y,2026-03-24,Y,Y,Y,9,6,2026-02-27,SD03-1,예시 자료(시연용)
CSP-2026-0234,2026,공중이용시설,BR1998-0001033,주리교(신),교량,도로교량,3종,D03,수립,시설물안전법 제6조 안전 및 유지관리계획,Y,2026-03-03,Y,Y,Y,10,4,2026-01-05,SD03-1,예시 자료(시연용)
CSP-2026-0235,2026,공중이용시설,BR1998-0001037,두평교,교량,도로교량,3종,D03,수립,시설물안전법 제6조 안전 및 유지관리계획,Y,2026-02-15,Y,Y,Y,10,8,2026-02-14,SD03-1,예시 자료(시연용)
CSP-2026-0236,2026,공중이용시설,BR1999-0000081,오산천교,교량,도로교량,2종,D03,수립,시설물안전법 제6조 안전 및 유지관리계획,N,,Y,Y,Y,7,6,2026-01-17,SD03-1,예시 자료(시연용)
CSP-2026-0237,2026,공중이용시설,BR1999-0000220,양지고가차도,교량,도로교량,1종,D03,수립,시설물안전법 제6조 안전 및 유지관리계획,Y,2026-03-20,Y,Y,Y,9,8,2026-01-26,SD03-1,예시 자료(시연용)
CSP-2026-0238,2026,공중이용시설,BR1999-0000261,영덕고가차도(상),교량,도로교량,1종,D03,수립,시설물안전법 제6조 안전 및 유지관리계획,Y,2026-03-10,Y,Y,Y,5,4,2026-01-22,SD03-1,예시 자료(시연용)
CSP-2026-0239,2026,공중이용시설,BR1999-0000262,영덕고가차도(하),교량,도로교량,1종,D03,수립,시설물안전법 제6조 안전 및 유지관리계획,Y,2026-02-12,Y,Y,Y,3,2,2026-02-04,SD03-1,예시 자료(시연용)
CSP-2026-0240,2026,공중이용시설,BR1999-0000475,기흥교(강릉1),교량,도로교량,3종,D03,수립,시설물안전법 제6조 안전 및 유지관리계획,Y,2026-02-04,Y,Y,Y,10,5,2026-02-23,SD03-1,예시 자료(시연용)
CSP-2026-0241,2026,공중이용시설,BR1999-0000607,고매육교,교량,육교,3종,D03,수립,시설물안전법 제6조 안전 및 유지관리계획,Y,2026-03-25,Y,Y,Y,8,7,2026-02-13,SD03-1,예시 자료(시연용)
CSP-2026-0242,2026,공중이용시설,BR1999-0000734,풍덕천교,교량,도로교량,3종,D03,수립,시설물안전법 제6조 안전 및 유지관리계획,Y,2026-03-21,Y,Y,Y,9,8,2026-02-13,SD03-1,예시 자료(시연용)
CSP-2026-0243,2026,공중이용시설,BR1999-0000735,신촌3교,교량,도로교량,3종,D03,수립,시설물안전법 제6조 안전 및 유지관리계획,Y,2026-02-14,Y,Y,Y,10,7,2026-02-02,SD03-1,예시 자료(시연용)
CSP-2026-0244,2026,공중이용시설,BR1999-0000737,신촌1교,교량,도로교량,3종,D03,수립,시설물안전법 제6조 안전 및 유지관리계획,Y,2026-03-24,Y,Y,Y,8,7,2026-02-05,SD03-1,예시 자료(시연용)
CSP-2026-0245,2026,공중이용시설,BR1999-0000738,성복2교,교량,도로교량,3종,D03,수립,시설물안전법 제6조 안전 및 유지관리계획,Y,2026-02-26,Y,Y,Y,5,4,2026-02-18,SD03-1,예시 자료(시연용)
CSP-2026-0246,2026,공중이용시설,BR1999-0000747,성원교,교량,도로교량,3종,D03,수립,시설물안전법 제6조 안전 및 유지관리계획,N,,Y,Y,Y,4,2,2026-02-02,SD03-1,예시 자료(시연용)
CSP-2026-0247,2026,공중이용시설,BR1999-0000748,신촌2교,교량,도로교량,3종,D03,수립,시설물안전법 제6조 안전 및 유지관리계획,Y,2026-03-05,Y,Y,Y,6,4,2026-02-17,SD03-1,예시 자료(시연용)
CSP-2026-0248,2026,공중이용시설,BR1999-0000878,성결교,교량,도로교량,3종,D03,수립,시설물안전법 제6조 안전 및 유지관리계획,Y,2026-03-19,Y,Y,Y,9,4,2026-02-02,SD03-1,예시 자료(시연용)
CSP-2026-0249,2026,공중이용시설,BR2000-0000080,독정교,교량,도로교량,2종,D03,수립,시설물안전법 제6조 안전 및 유지관리계획,Y,2026-02-02,Y,Y,Y,6,4,2026-01-13,SD03-1,예시 자료(시연용)
CSP-2026-0250,2026,공중이용시설,BR2000-0000084,보정교,교량,도로교량,2종,D03,수립,시설물안전법 제6조 안전 및 유지관리계획,N,,Y,Y,Y,6,5,2026-02-08,SD03-1,예시 자료(시연용)
CSP-2026-0251,2026,공중이용시설,BR2000-0000090,죽전고가차도,교량,도로교량,1종,D03,수립,자체 안전계획,,,Y,Y,Y,7,5,2026-01-17,SD03-1,예시 자료(시연용)
CSP-2026-0252,2026,공중이용시설,BR2000-0000151,상하교,교량,도로교량,1종,D03,수립,시설물안전법 제6조 안전 및 유지관리계획,Y,2026-02-17,Y,Y,Y,10,8,2026-02-05,SD03-1,예시 자료(시연용)
CSP-2026-0253,2026,공중이용시설,BR2000-0000638,삼거교-하행,교량,도로교량,3종,D03,수립,시설물안전법 제6조 안전 및 유지관리계획,N,,Y,Y,Y,7,5,2026-01-17,SD03-1,예시 자료(시연용)
CSP-2026-0254,2026,공중이용시설,BR2000-0000639,한원교,교량,도로교량,3종,D03,수립,시설물안전법 제6조 안전 및 유지관리계획,Y,2026-02-23,Y,Y,Y,5,5,2026-02-16,SD03-1,예시 자료(시연용)
CSP-2026-0255,2026,공중이용시설,BR2000-0000640,기흥구갈2교,교량,도로교량,3종,D03,작성중,자체 안전계획,,,Y,Y,N,7,0,,SD03-1,예시 자료(시연용)
CSP-2026-0256,2026,공중이용시설,BR2000-0000641,삼거교-상행,교량,도로교량,3종,D03,수립,시설물안전법 제6조 안전 및 유지관리계획,N,,Y,Y,Y,5,3,2026-02-09,SD03-1,예시 자료(시연용)
CSP-2026-0257,2026,공중이용시설,BR2000-0000642,하동교,교량,도로교량,3종,D03,수립,시설물안전법 제6조 안전 및 유지관리계획,N,,Y,Y,Y,7,4,2026-02-22,SD03-1,예시 자료(시연용)
CSP-2026-0258,2026,공중이용시설,BR2000-0000730,성복천교(이마트인근),교량,도로교량,3종,D03,수립,시설물안전법 제6조 안전 및 유지관리계획,Y,2026-03-09,Y,Y,Y,10,6,2026-01-27,SD03-1,예시 자료(시연용)
CSP-2026-0259,2026,공중이용시설,BR2000-0000741,죽전3교,교량,도로교량,3종,D03,수립,시설물안전법 제6조 안전 및 유지관리계획,Y,2026-02-10,Y,Y,Y,3,2,2026-01-16,SD03-1,예시 자료(시연용)
CSP-2026-0260,2026,공중이용시설,BR2000-0000766,어청교,교량,도로교량,3종,D03,수립,시설물안전법 제6조 안전 및 유지관리계획,Y,2026-02-27,Y,Y,Y,5,4,2026-02-07,SD03-1,예시 자료(시연용)
CSP-2026-0261,2026,공중이용시설,BR2000-0000771,죽전4교,교량,도로교량,3종,D03,수립,시설물안전법 제6조 안전 및 유지관리계획,Y,2026-03-07,Y,Y,Y,3,2,2026-02-24,SD03-1,예시 자료(시연용)
CSP-2026-0262,2026,공중이용시설,BR2000-0000831,양지,교량,육교,3종,D03,수립,시설물안전법 제6조 안전 및 유지관리계획,Y,2026-02-15,Y,Y,Y,10,7,2026-01-19,SD03-1,예시 자료(시연용)
CSP-2026-0263,2026,공중이용시설,BR2001-0000502,능원교,교량,도로교량,2종,D03,수립,시설물안전법 제6조 안전 및 유지관리계획,Y,2026-02-24,Y,Y,Y,3,3,2026-02-12,SD03-1,예시 자료(시연용)
CSP-2026-0264,2026,공중이용시설,BR2001-0000504,문형교,교량,도로교량,1종,D03,수립,시설물안전법 제6조 안전 및 유지관리계획,Y,2026-02-10,N,Y,Y,5,2,2026-01-01,SD03-1,예시 자료(시연용)
CSP-2026-0265,2026,공중이용시설,BR2001-0000573,동림육교,교량,도로교량,2종,D03,수립,시설물안전법 제6조 안전 및 유지관리계획,Y,2026-02-03,Y,Y,Y,7,6,2026-01-13,SD03-1,예시 자료(시연용)
CSP-2026-0266,2026,공중이용시설,BR2001-0001047,삼마교(강릉1),교량,도로교량,3종,D03,수립,자체 안전계획,,,N,Y,Y,4,3,2026-01-17,SD03-1,예시 자료(시연용)
CSP-2026-0267,2026,공중이용시설,BR2001-0001048,삼마교(인천1),교량,도로교량,3종,D03,수립,시설물안전법 제6조 안전 및 유지관리계획,Y,2026-02-25,N,Y,Y,4,2,2026-01-17,SD03-1,예시 자료(시연용)
CSP-2026-0268,2026,공중이용시설,BR2001-0001056,신대교(강릉1),교량,도로교량,3종,D03,수립,시설물안전법 제6조 안전 및 유지관리계획,Y,2026-02-20,Y,Y,Y,3,1,2026-01-07,SD03-1,예시 자료(시연용)
CSP-2026-0269,2026,공중이용시설,BR2001-0001057,신대교(인천1),교량,도로교량,3종,D03,수립,시설물안전법 제6조 안전 및 유지관리계획,Y,2026-02-10,Y,Y,Y,7,4,2026-02-08,SD03-1,예시 자료(시연용)
CSP-2026-0270,2026,공중이용시설,BR2001-0001306,망현1육교,교량,도로교량,3종,D03,수립,시설물안전법 제6조 안전 및 유지관리계획,Y,2026-03-19,Y,Y,Y,6,4,2026-01-07,SD03-1,예시 자료(시연용)
CSP-2026-0271,2026,공중이용시설,BR2001-0001307,성복교,교량,도로교량,3종,D03,수립,시설물안전법 제6조 안전 및 유지관리계획,Y,2026-02-13,Y,Y,Y,8,4,2026-01-27,SD03-1,예시 자료(시연용)
CSP-2026-0272,2026,공중이용시설,BR2001-0001308,죽전육교,교량,도로교량,3종,D03,수립,시설물안전법 제6조 안전 및 유지관리계획,Y,2026-03-20,Y,Y,Y,9,4,2026-02-11,SD03-1,예시 자료(시연용)
CSP-2026-0273,2026,공중이용시설,BR2001-0001375,능원육교,교량,도로교량,3종,D03,수립,시설물안전법 제6조 안전 및 유지관리계획,Y,2026-02-16,Y,Y,Y,8,4,2026-01-25,SD03-1,예시 자료(시연용)
CSP-2026-0274,2026,공중이용시설,BR2001-0001376,양촌교,교량,도로교량,3종,D03,수립,시설물안전법 제6조 안전 및 유지관리계획,Y,2026-02-02,Y,Y,Y,8,4,2026-01-12,SD03-1,예시 자료(시연용)
CSP-2026-0275,2026,공중이용시설,BR2001-0001484,용천2교,교량,도로교량,3종,D03,수립,시설물안전법 제6조 안전 및 유지관리계획,Y,2026-03-28,Y,Y,Y,4,3,2026-01-08,SD03-1,예시 자료(시연용)
CSP-2026-0276,2026,공중이용시설,BR2001-0001485,사암교,교량,도로교량,3종,D03,수립,시설물안전법 제6조 안전 및 유지관리계획,Y,2026-03-25,Y,Y,Y,9,5,2026-02-03,SD03-1,예시 자료(시연용)
CSP-2026-0277,2026,공중이용시설,BR2001-0001489,동신교,교량,도로교량,3종,D03,수립,시설물안전법 제6조 안전 및 유지관리계획,Y,2026-03-09,Y,Y,Y,5,3,2026-01-13,SD03-1,예시 자료(시연용)
CSP-2026-0278,2026,공중이용시설,BR2002-0000636,신봉2교,교량,도로교량,3종,D03,수립,시설물안전법 제6조 안전 및 유지관리계획,Y,2026-02-08,Y,Y,Y,9,3,2026-02-13,SD03-1,예시 자료(시연용)
CSP-2026-0279,2026,공중이용시설,BR2002-0000682,성복4교,교량,도로교량,3종,D03,수립,자체 안전계획,,,Y,Y,Y,5,5,2026-01-26,SD03-1,예시 자료(시연용)
CSP-2026-0280,2026,공중이용시설,BR2002-0000961,갈곡보도육교,교량,육교,3종,D03,수립,시설물안전법 제6조 안전 및 유지관리계획,N,,Y,Y,Y,10,4,2026-01-08,SD03-1,예시 자료(시연용)
CSP-2026-0281,2026,공중이용시설,BR2002-0000962,산양보도육교,교량,육교,3종,D03,수립,시설물안전법 제6조 안전 및 유지관리계획,Y,2026-02-28,Y,Y,Y,3,2,2026-01-24,SD03-1,예시 자료(시연용)
CSP-2026-0282,2026,공중이용시설,BR2002-0000963,상갈보도육교,교량,육교,3종,D03,수립,시설물안전법 제6조 안전 및 유지관리계획,Y,2026-02-09,Y,Y,Y,4,4,2026-01-17,SD03-1,예시 자료(시연용)
CSP-2026-0283,2026,공중이용시설,BR2002-0000964,새천년보도육교,교량,육교,3종,D03,수립,시설물안전법 제6조 안전 및 유지관리계획,Y,2026-02-01,N,Y,Y,9,8,2026-02-04,SD03-1,예시 자료(시연용)
CSP-2026-0284,2026,공중이용시설,BR2002-0000965,언남초교보도육교,교량,육교,3종,D03,미수립,,,,,,,,,,SD03-1,예시 자료(시연용)
CSP-2026-0285,2026,공중이용시설,BR2003-0000518,진위천교(서울0),교량,도로교량,2종,D03,수립,시설물안전법 제6조 안전 및 유지관리계획,Y,2026-03-25,Y,Y,Y,9,4,2026-01-08,SD03-1,예시 자료(시연용)
CSP-2026-0286,2026,공중이용시설,BR2003-0000825,마성IC3교,교량,도로교량,1종,D03,수립,자체 안전계획,,,Y,Y,Y,7,6,2026-01-14,SD03-1,예시 자료(시연용)
CSP-2026-0287,2026,공중이용시설,BR2003-0000842,신갈JCT육교(인천1),교량,도로교량,2종,D03,수립,시설물안전법 제6조 안전 및 유지관리계획,N,,Y,Y,Y,10,4,2026-02-07,SD03-1,예시 자료(시연용)
CSP-2026-0288,2026,공중이용시설,BR2003-0000848,신갈JCT육교(강릉1),교량,도로교량,2종,D03,수립,시설물안전법 제6조 안전 및 유지관리계획,Y,2026-02-08,Y,Y,Y,4,2,2026-01-12,SD03-1,예시 자료(시연용)
CSP-2026-0289,2026,공중이용시설,BR2003-0003365,신일교,교량,도로교량,3종,D03,수립,시설물안전법 제6조 안전 및 유지관리계획,Y,2026-02-25,Y,Y,Y,5,3,2026-01-25,SD03-1,예시 자료(시연용)
CSP-2026-0290,2026,공중이용시설,BR2003-0003366,남산1교,교량,도로교량,3종,D03,수립,시설물안전법 제6조 안전 및 유지관리계획,Y,2026-02-11,N,Y,Y,3,1,2026-02-07,SD03-1,예시 자료(시연용)
CSP-2026-0291,2026,공중이용시설,BR2003-0003431,고기교,교량,도로교량,3종,D03,수립,시설물안전법 제6조 안전 및 유지관리계획,Y,2026-02-24,Y,Y,Y,6,4,2026-02-16,SD03-1,예시 자료(시연용)
CSP-2026-0292,2026,공중이용시설,BR2003-0003434,정평1교,교량,도로교량,3종,D03,수립,시설물안전법 제6조 안전 및 유지관리계획,N,,Y,Y,Y,8,6,2026-01-18,SD03-1,예시 자료(시연용)
CSP-2026-0293,2026,공중이용시설,BR2003-0003497,신봉1교,교량,도로교량,3종,D03,수립,시설물안전법 제6조 안전 및 유지관리계획,N,,Y,Y,Y,10,9,2026-01-26,SD03-1,예시 자료(시연용)
CSP-2026-0294,2026,공중이용시설,BR2003-0003498,정평2교,교량,도로교량,3종,D03,수립,시설물안전법 제6조 안전 및 유지관리계획,Y,2026-02-11,Y,Y,Y,4,3,2026-02-10,SD03-1,예시 자료(시연용)
CSP-2026-0295,2026,공중이용시설,BR2003-0003650,금어교,교량,도로교량,3종,D03,수립,시설물안전법 제6조 안전 및 유지관리계획,Y,2026-03-19,Y,Y,Y,5,2,2026-01-07,SD03-1,예시 자료(시연용)
CSP-2026-0296,2026,공중이용시설,BR2004-0000628,(신)수포교,교량,도로교량,2종,D03,수립,시설물안전법 제6조 안전 및 유지관리계획,Y,2026-02-02,Y,Y,Y,4,3,2026-01-24,SD03-1,예시 자료(시연용)
CSP-2026-0297,2026,공중이용시설,BR2004-0001287,묵리교,교량,도로교량,3종,D03,미수립,,,,,,,,,,SD03-1,예시 자료(시연용)
CSP-2026-0298,2026,공중이용시설,BR2004-0001288,굴암1교,교량,도로교량,3종,D03,수립,시설물안전법 제6조 안전 및 유지관리계획,Y,2026-03-02,Y,Y,Y,7,6,2026-01-02,SD03-1,예시 자료(시연용)
CSP-2026-0299,2026,공중이용시설,BR2004-0001289,굴암2교,교량,도로교량,3종,D03,수립,자체 안전계획,,,Y,Y,Y,5,3,2026-01-26,SD03-1,예시 자료(시연용)
CSP-2026-0300,2026,공중이용시설,BR2004-0001321,상덕교,교량,도로교량,3종,D03,수립,시설물안전법 제6조 안전 및 유지관리계획,Y,2026-03-28,Y,Y,Y,10,8,2026-02-19,SD03-1,예시 자료(시연용)
CSP-2026-0301,2026,공중이용시설,BR2004-0001325,후촌교,교량,도로교량,3종,D03,수립,시설물안전법 제6조 안전 및 유지관리계획,Y,2026-03-11,Y,Y,Y,9,3,2026-02-21,SD03-1,예시 자료(시연용)
CSP-2026-0302,2026,공중이용시설,BR2004-0001988,풍덕고가차도,교량,도로교량,1종,D03,수립,시설물안전법 제6조 안전 및 유지관리계획,Y,2026-03-18,Y,Y,Y,5,2,2026-01-27,SD03-1,예시 자료(시연용)
CSP-2026-0303,2026,공중이용시설,BR2004-0001989,풍덕고가(RAMP-A교),교량,도로교량,1종,D03,수립,시설물안전법 제6조 안전 및 유지관리계획,Y,2026-03-22,Y,Y,Y,3,2,2026-01-02,SD03-1,예시 자료(시연용)
CSP-2026-0304,2026,공중이용시설,BR2004-0001990,풍덕고가(RAMP-B교),교량,도로교량,1종,D03,수립,자체 안전계획,,,N,Y,Y,8,3,2026-01-26,SD03-1,예시 자료(시연용)
CSP-2026-0305,2026,공중이용시설,BR2004-0002027,신갈제1고가차도,교량,도로교량,1종,D03,수립,시설물안전법 제6조 안전 및 유지관리계획,Y,2026-02-04,Y,Y,Y,3,1,2026-01-10,SD03-1,예시 자료(시연용)
CSP-2026-0306,2026,공중이용시설,BR2004-0002028,신갈제2고가차도,교량,도로교량,1종,D03,수립,시설물안전법 제6조 안전 및 유지관리계획,Y,2026-02-24,Y,Y,Y,9,7,2026-01-10,SD03-1,예시 자료(시연용)
CSP-2026-0307,2026,공중이용시설,BR2004-0002101,공세1교,교량,도로교량,1종,D03,수립,시설물안전법 제6조 안전 및 유지관리계획,Y,2026-02-28,Y,Y,Y,10,9,2026-02-07,SD03-1,예시 자료(시연용)
CSP-2026-0308,2026,공중이용시설,BR2004-0002102,공세2교,교량,도로교량,1종,D03,수립,시설물안전법 제6조 안전 및 유지관리계획,Y,2026-03-28,Y,Y,Y,7,6,2026-02-08,SD03-1,예시 자료(시연용)
CSP-2026-0309,2026,공중이용시설,BR2004-0002103,상갈육교,교량,도로교량,1종,D03,수립,시설물안전법 제6조 안전 및 유지관리계획,Y,2026-02-19,Y,Y,Y,6,3,2026-01-17,SD03-1,예시 자료(시연용)
CSP-2026-0310,2026,공중이용시설,BR2004-0002545,보라교,교량,도로교량,3종,D03,수립,시설물안전법 제6조 안전 및 유지관리계획,Y,2026-03-17,Y,Y,Y,9,7,2026-02-17,SD03-1,예시 자료(시연용)
CSP-2026-0311,2026,공중이용시설,BR2004-0002546,능안교,교량,도로교량,3종,D03,수립,시설물안전법 제6조 안전 및 유지관리계획,Y,2026-02-11,Y,Y,Y,7,5,2026-02-22,SD03-1,예시 자료(시연용)
CSP-2026-0312,2026,공중이용시설,BR2004-0002548,남산2교,교량,도로교량,3종,D03,미수립,,,,,,,,,,SD03-1,예시 자료(시연용)
CSP-2026-0313,2026,공중이용시설,BR2004-0002549,남산교,교량,도로교량,3종,D03,수립,시설물안전법 제6조 안전 및 유지관리계획,Y,2026-02-20,Y,Y,Y,9,7,2026-01-09,SD03-1,예시 자료(시연용)
CSP-2026-0314,2026,공중이용시설,BR2004-0002551,신갈보도교,교량,도로교량,3종,D03,수립,시설물안전법 제6조 안전 및 유지관리계획,Y,2026-03-04,Y,Y,Y,4,2,2026-02-13,SD03-1,예시 자료(시연용)
CSP-2026-0315,2026,공중이용시설,BR2004-0002621,새터교,교량,도로교량,3종,D03,수립,시설물안전법 제6조 안전 및 유지관리계획,N,,Y,Y,Y,9,3,2026-01-13,SD03-1,예시 자료(시연용)
CSP-2026-0316,2026,공중이용시설,BR2004-0002622,성복천교(정평1교),교량,도로교량,3종,D03,수립,시설물안전법 제6조 안전 및 유지관리계획,Y,2026-03-17,Y,Y,Y,3,3,2026-02-18,SD03-1,예시 자료(시연용)
CSP-2026-0317,2026,공중이용시설,BR2004-0002625,죽전5교,교량,도로교량,3종,D03,미수립,,,,,,,,,,SD03-1,예시 자료(시연용)
CSP-2026-0318,2026,공중이용시설,BR2004-0002653,풍덕천2교,교량,도로교량,3종,D03,수립,시설물안전법 제6조 안전 및 유지관리계획,Y,2026-03-27,Y,Y,Y,6,4,2026-02-10,SD03-1,예시 자료(시연용)
CSP-2026-0319,2026,공중이용시설,BR2004-0002657,대지교,교량,도로교량,3종,D03,수립,시설물안전법 제6조 안전 및 유지관리계획,Y,2026-03-05,Y,Y,Y,5,2,2026-01-28,SD03-1,예시 자료(시연용)
CSP-2026-0320,2026,공중이용시설,BR2004-0002658,성현교,교량,도로교량,3종,D03,수립,시설물안전법 제6조 안전 및 유지관리계획,Y,2026-02-10,Y,Y,Y,10,7,2026-01-05,SD03-1,예시 자료(시연용)
CSP-2026-0321,2026,공중이용시설,BR2004-0002662,풍덕천2교(풍덕공원옆),교량,도로교량,3종,D03,수립,자체 안전계획,,,Y,Y,Y,4,2,2026-02-13,SD03-1,예시 자료(시연용)
CSP-2026-0322,2026,공중이용시설,BR2004-0002729,시미육교,교량,도로교량,3종,D03,수립,시설물안전법 제6조 안전 및 유지관리계획,N,,Y,Y,Y,7,4,2026-01-18,SD03-1,예시 자료(시연용)
CSP-2026-0323,2026,공중이용시설,BR2004-0002730,묘봉육교,교량,도로교량,3종,D03,수립,시설물안전법 제6조 안전 및 유지관리계획,Y,2026-03-21,Y,Y,Y,5,2,2026-01-16,SD03-1,예시 자료(시연용)
CSP-2026-0324,2026,공중이용시설,BR2004-0002732,원천교,교량,도로교량,3종,D03,수립,시설물안전법 제6조 안전 및 유지관리계획,Y,2026-03-27,Y,Y,Y,10,8,2026-02-11,SD03-1,예시 자료(시연용)
CSP-2026-0325,2026,공중이용시설,BR2004-0002738,송전1교,교량,도로교량,3종,D03,수립,시설물안전법 제6조 안전 및 유지관리계획,Y,2026-02-12,Y,Y,Y,7,6,2026-02-26,SD03-1,예시 자료(시연용)
CSP-2026-0326,2026,공중이용시설,BR2004-0002739,송전육교,교량,도로교량,3종,D03,수립,시설물안전법 제6조 안전 및 유지관리계획,Y,2026-02-08,Y,Y,Y,9,7,2026-01-27,SD03-1,예시 자료(시연용)
CSP-2026-0327,2026,공중이용시설,BR2004-0002740,덕성육교,교량,도로교량,3종,D03,수립,시설물안전법 제6조 안전 및 유지관리계획,Y,2026-03-08,Y,Y,Y,9,4,2026-02-10,SD03-1,예시 자료(시연용)
CSP-2026-0328,2026,공중이용시설,BR2004-0003231,상미보도육교,교량,육교,3종,D03,수립,시설물안전법 제6조 안전 및 유지관리계획,Y,2026-02-13,N,Y,Y,6,2,2026-01-03,SD03-1,예시 자료(시연용)
CSP-2026-0329,2026,공중이용시설,BR2004-0003232,신갈보도육교,교량,육교,3종,D03,수립,시설물안전법 제6조 안전 및 유지관리계획,Y,2026-03-09,Y,Y,Y,5,2,2026-01-04,SD03-1,예시 자료(시연용)
CSP-2026-0330,2026,공중이용시설,BR2005-0000271,묘봉교(상),교량,도로교량,2종,D03,수립,시설물안전법 제6조 안전 및 유지관리계획,Y,2026-03-13,Y,Y,Y,6,3,2026-01-11,SD03-1,예시 자료(시연용)
CSP-2026-0331,2026,공중이용시설,BR2005-0000272,묘봉교(하),교량,도로교량,2종,D03,미수립,,,,,,,,,,SD03-1,예시 자료(시연용)
CSP-2026-0332,2026,공중이용시설,BR2005-0000273,요덕교,교량,도로교량,2종,D03,수립,시설물안전법 제6조 안전 및 유지관리계획,Y,2026-02-21,Y,Y,Y,5,2,2026-01-17,SD03-1,예시 자료(시연용)
CSP-2026-0333,2026,공중이용시설,BR2005-0000274,비룡2교,교량,도로교량,2종,D03,수립,시설물안전법 제6조 안전 및 유지관리계획,N,,Y,Y,Y,5,3,2026-01-20,SD03-1,예시 자료(시연용)
CSP-2026-0334,2026,공중이용시설,BR2005-0000275,덕성1교,교량,도로교량,2종,D03,수립,시설물안전법 제6조 안전 및 유지관리계획,Y,2026-02-10,Y,Y,Y,8,6,2026-02-20,SD03-1,예시 자료(시연용)
CSP-2026-0335,2026,공중이용시설,BR2005-0000276,덕성2교,교량,도로교량,2종,D03,수립,시설물안전법 제6조 안전 및 유지관리계획,Y,2026-03-02,Y,Y,Y,10,4,2026-01-15,SD03-1,예시 자료(시연용)
CSP-2026-0336,2026,공중이용시설,BR2005-0000277,원천육교,교량,도로교량,2종,D03,수립,시설물안전법 제6조 안전 및 유지관리계획,Y,2026-03-20,N,Y,Y,8,6,2026-02-16,SD03-1,예시 자료(시연용)
CSP-2026-0337,2026,공중이용시설,BR2005-0000278,원촌교,교량,도로교량,2종,D03,수립,시설물안전법 제6조 안전 및 유지관리계획,Y,2026-02-18,Y,Y,Y,4,3,2026-01-20,SD03-1,예시 자료(시연용)
CSP-2026-0338,2026,공중이용시설,BR2005-0000279,남리교(상행선),교량,도로교량,1종,D03,수립,시설물안전법 제6조 안전 및 유지관리계획,Y,2026-03-11,Y,Y,Y,6,6,2026-02-28,SD03-1,예시 자료(시연용)
CSP-2026-0339,2026,공중이용시설,BR2005-0000280,남리교(하행선),교량,도로교량,1종,D03,수립,시설물안전법 제6조 안전 및 유지관리계획,Y,2026-03-25,Y,Y,Y,10,9,2026-02-14,SD03-1,예시 자료(시연용)
CSP-2026-0340,2026,공중이용시설,BR2005-0000281,기선교,교량,도로교량,1종,D03,수립,자체 안전계획,,,Y,Y,Y,4,2,2026-01-13,SD03-1,예시 자료(시연용)
CSP-2026-0341,2026,공중이용시설,BR2005-0000282,마평육교(상행선),교량,도로교량,1종,D03,수립,시설물안전법 제6조 안전 및 유지관리계획,Y,2026-02-23,Y,Y,Y,8,4,2026-01-12,SD03-1,예시 자료(시연용)
CSP-2026-0342,2026,공중이용시설,BR2005-0000283,마평육교(하행선),교량,도로교량,1종,D03,수립,시설물안전법 제6조 안전 및 유지관리계획,Y,2026-03-15,Y,Y,Y,4,3,2026-02-12,SD03-1,예시 자료(시연용)
CSP-2026-0343,2026,공중이용시설,BR2005-0000637,탄천 1교,교량,도로교량,1종,D03,수립,시설물안전법 제6조 안전 및 유지관리계획,Y,2026-02-15,Y,Y,Y,8,3,2026-01-12,SD03-1,예시 자료(시연용)
CSP-2026-0344,2026,공중이용시설,BR2005-0000638,현메교,교량,도로교량,1종,D03,수립,시설물안전법 제6조 안전 및 유지관리계획,Y,2026-03-03,Y,Y,Y,8,3,2026-02-13,SD03-1,예시 자료(시연용)
CSP-2026-0345,2026,공중이용시설,BR2005-0000639,동아고가교,교량,도로교량,1종,D03,수립,시설물안전법 제6조 안전 및 유지관리계획,Y,2026-03-18,N,Y,Y,10,5,2026-01-04,SD03-1,예시 자료(시연용)
CSP-2026-0346,2026,공중이용시설,BR2005-0000717,신국도43호선 연결램프교,교량,도로교량,1종,D03,수립,자체 안전계획,,,Y,Y,Y,9,5,2026-02-27,SD03-1,예시 자료(시연용)
CSP-2026-0347,2026,공중이용시설,BR2005-0001933,언동1교,교량,도로교량,3종,D03,수립,시설물안전법 제6조 안전 및 유지관리계획,N,,Y,Y,Y,5,4,2026-02-11,SD03-1,예시 자료(시연용)
CSP-2026-0348,2026,공중이용시설,BR2005-0001935,구성IC교,교량,도로교량,3종,D03,작성중,자체 안전계획,,,Y,Y,N,6,0,,SD03-1,예시 자료(시연용)
CSP-2026-0349,2026,공중이용시설,BR2005-0001936,구성1교,교량,도로교량,3종,D03,수립,시설물안전법 제6조 안전 및 유지관리계획,Y,2026-03-28,Y,Y,Y,10,8,2026-01-28,SD03-1,예시 자료(시연용)
CSP-2026-0350,2026,공중이용시설,BR2005-0001937,보뜰교,교량,도로교량,3종,D03,수립,자체 안전계획,,,Y,N,Y,6,3,2026-02-25,SD03-1,예시 자료(시연용)
CSP-2026-0351,2026,공중이용시설,BR2005-0001938,어정교,교량,도로교량,3종,D03,수립,시설물안전법 제6조 안전 및 유지관리계획,Y,2026-03-12,Y,Y,Y,10,5,2026-02-07,SD03-1,예시 자료(시연용)
CSP-2026-0352,2026,공중이용시설,BR2005-0001939,청덕1교,교량,도로교량,3종,D03,수립,시설물안전법 제6조 안전 및 유지관리계획,Y,2026-02-13,Y,Y,Y,8,4,2026-02-21,SD03-1,예시 자료(시연용)
CSP-2026-0353,2026,공중이용시설,BR2005-0001940,구성교,교량,도로교량,3종,D03,수립,시설물안전법 제6조 안전 및 유지관리계획,Y,2026-03-15,Y,Y,Y,6,5,2026-02-25,SD03-1,예시 자료(시연용)
CSP-2026-0354,2026,공중이용시설,BR2005-0001941,무지개다리,교량,도로교량,3종,D03,수립,시설물안전법 제6조 안전 및 유지관리계획,Y,2026-03-05,Y,Y,Y,10,5,2026-02-26,SD03-1,예시 자료(시연용)
CSP-2026-0355,2026,공중이용시설,BR2005-0001942,청덕교,교량,도로교량,3종,D03,수립,시설물안전법 제6조 안전 및 유지관리계획,Y,2026-03-22,Y,Y,Y,9,6,2026-02-04,SD03-1,예시 자료(시연용)
CSP-2026-0356,2026,공중이용시설,BR2005-0002043,백설교,교량,도로교량,3종,D03,수립,시설물안전법 제6조 안전 및 유지관리계획,Y,2026-03-22,Y,Y,Y,5,3,2026-02-27,SD03-1,예시 자료(시연용)
CSP-2026-0357,2026,공중이용시설,BR2005-0002141,전대교,교량,도로교량,3종,D03,수립,시설물안전법 제6조 안전 및 유지관리계획,Y,2026-02-18,Y,Y,Y,10,7,2026-01-07,SD03-1,예시 자료(시연용)
CSP-2026-0358,2026,공중이용시설,BR2005-0002142,태성고교앞보도육교,교량,육교,3종,D03,수립,시설물안전법 제6조 안전 및 유지관리계획,Y,2026-02-17,Y,Y,Y,3,3,2026-02-14,SD03-1,예시 자료(시연용)
CSP-2026-0359,2026,공중이용시설,BR2005-0002398,금학1교,교량,도로교량,3종,D03,수립,시설물안전법 제6조 안전 및 유지관리계획,Y,2026-02-06,Y,Y,Y,9,6,2026-02-22,SD03-1,예시 자료(시연용)
CSP-2026-0360,2026,공중이용시설,BR2006-0000127,상마곡교(죽전방향),교량,도로교량,1종,D03,수립,시설물안전법 제6조 안전 및 유지관리계획,Y,2026-02-16,Y,Y,Y,8,6,2026-01-08,SD03-1,예시 자료(시연용)
CSP-2026-0361,2026,공중이용시설,BR2006-0000128,상마곡교(동백방향),교량,도로교량,2종,D03,수립,시설물안전법 제6조 안전 및 유지관리계획,Y,2026-02-21,Y,Y,Y,6,3,2026-02-15,SD03-1,예시 자료(시연용)
CSP-2026-0362,2026,공중이용시설,BR2006-0000417,어장교,교량,도로교량,3종,D03,수립,시설물안전법 제6조 안전 및 유지관리계획,Y,2026-02-15,Y,Y,Y,3,3,2026-02-02,SD03-1,예시 자료(시연용)
CSP-2026-0363,2026,공중이용시설,BR2006-0000420,성은교,교량,도로교량,3종,D03,수립,시설물안전법 제6조 안전 및 유지관리계획,Y,2026-03-26,Y,Y,Y,7,5,2026-02-12,SD03-1,예시 자료(시연용)
CSP-2026-0364,2026,공중이용시설,BR2006-0000425,상암교,교량,도로교량,3종,D03,수립,시설물안전법 제6조 안전 및 유지관리계획,Y,2026-02-19,Y,Y,Y,6,3,2026-01-03,SD03-1,예시 자료(시연용)
CSP-2026-0365,2026,공중이용시설,BR2006-0000430,전대2교,교량,도로교량,3종,D03,수립,시설물안전법 제6조 안전 및 유지관리계획,Y,2026-03-24,Y,Y,Y,10,7,2026-02-16,SD03-1,예시 자료(시연용)
CSP-2026-0366,2026,공중이용시설,BR2006-0000432,신원교,교량,도로교량,3종,D03,수립,시설물안전법 제6조 안전 및 유지관리계획,Y,2026-02-12,Y,Y,Y,10,9,2026-01-23,SD03-1,예시 자료(시연용)
CSP-2026-0367,2026,공중이용시설,BR2006-0000433,윗말1교,교량,도로교량,3종,D03,수립,시설물안전법 제6조 안전 및 유지관리계획,Y,2026-03-28,Y,Y,Y,10,7,2026-01-24,SD03-1,예시 자료(시연용)
CSP-2026-0368,2026,공중이용시설,BR2006-0000434,매산교,교량,도로교량,3종,D03,수립,시설물안전법 제6조 안전 및 유지관리계획,N,,Y,Y,Y,9,4,2026-01-03,SD03-1,예시 자료(시연용)
CSP-2026-0369,2026,공중이용시설,BR2006-0000623,동진교(강릉),교량,도로교량,2종,D03,수립,시설물안전법 제6조 안전 및 유지관리계획,N,,Y,Y,Y,9,7,2026-01-22,SD03-1,예시 자료(시연용)
CSP-2026-0370,2026,공중이용시설,BR2006-0000743,우당육교,교량,도로교량,1종,D03,수립,시설물안전법 제6조 안전 및 유지관리계획,Y,2026-02-14,Y,Y,Y,4,3,2026-01-17,SD03-1,예시 자료(시연용)
CSP-2026-0371,2026,공중이용시설,BR2006-0000827,언동육교,교량,도로교량,2종,D03,수립,시설물안전법 제6조 안전 및 유지관리계획,Y,2026-03-13,Y,Y,Y,9,7,2026-02-21,SD03-1,예시 자료(시연용)
CSP-2026-0372,2026,공중이용시설,BR2006-0001191,음달안교,교량,도로교량,3종,D03,수립,시설물안전법 제6조 안전 및 유지관리계획,N,,Y,Y,Y,9,5,2026-02-19,SD03-1,예시 자료(시연용)
CSP-2026-0373,2026,공중이용시설,BR2006-0001914,한보라교,교량,도로교량,3종,D03,수립,자체 안전계획,,,Y,Y,Y,8,3,2026-02-20,SD03-1,예시 자료(시연용)
CSP-2026-0374,2026,공중이용시설,BR2006-0002077,시청앞보도육교,교량,육교,3종,D03,수립,시설물안전법 제6조 안전 및 유지관리계획,Y,2026-02-01,Y,Y,Y,9,8,2026-02-25,SD03-1,예시 자료(시연용)
CSP-2026-0375,2026,공중이용시설,BR2006-0002206,가람다리보도육교,교량,육교,3종,D03,수립,시설물안전법 제6조 안전 및 유지관리계획,Y,2026-02-15,N,Y,Y,10,7,2026-02-09,SD03-1,예시 자료(시연용)
CSP-2026-0376,2026,공중이용시설,BR2006-0002207,교통광장보도육교,교량,육교,3종,D03,수립,시설물안전법 제6조 안전 및 유지관리계획,Y,2026-02-26,Y,Y,Y,9,4,2026-02-08,SD03-1,예시 자료(시연용)
CSP-2026-0377,2026,공중이용시설,BR2006-0002208,내담다리보도육교,교량,육교,3종,D03,수립,시설물안전법 제6조 안전 및 유지관리계획,Y,2026-02-15,Y,Y,Y,9,8,2026-02-19,SD03-1,예시 자료(시연용)
CSP-2026-0378,2026,공중이용시설,BR2006-0002209,마루다리보도육교,교량,육교,3종,D03,수립,자체 안전계획,,,Y,Y,Y,7,3,2026-01-20,SD03-1,예시 자료(시연용)
CSP-2026-0379,2026,공중이용시설,BR2006-0002210,바름다리보도육교,교량,육교,3종,D03,수립,시설물안전법 제6조 안전 및 유지관리계획,Y,2026-03-18,Y,Y,Y,3,2,2026-01-02,SD03-1,예시 자료(시연용)
CSP-2026-0380,2026,공중이용시설,BR2006-0002211,미리내다리보도육교,교량,육교,3종,D03,수립,자체 안전계획,,,Y,N,Y,7,4,2026-02-10,SD03-1,예시 자료(시연용)
CSP-2026-0381,2026,공중이용시설,BR2006-0002212,성산다리보도육교,교량,육교,3종,D03,수립,시설물안전법 제6조 안전 및 유지관리계획,Y,2026-02-24,Y,Y,Y,3,2,2026-01-26,SD03-1,예시 자료(시연용)
CSP-2026-0382,2026,공중이용시설,BR2006-0002213,솔개다리보도육교,교량,육교,3종,D03,수립,시설물안전법 제6조 안전 및 유지관리계획,Y,2026-03-16,Y,Y,Y,8,4,2026-01-09,SD03-1,예시 자료(시연용)
CSP-2026-0383,2026,공중이용시설,BR2006-0002214,참솔보도육교,교량,육교,3종,D03,수립,시설물안전법 제6조 안전 및 유지관리계획,Y,2026-03-20,Y,Y,Y,10,4,2026-02-08,SD03-1,예시 자료(시연용)
CSP-2026-0384,2026,공중이용시설,BR2007-0000723,수역교,교량,도로교량,2종,D03,수립,시설물안전법 제6조 안전 및 유지관리계획,Y,2026-02-03,Y,Y,Y,9,4,2026-01-25,SD03-1,예시 자료(시연용)
CSP-2026-0385,2026,공중이용시설,BR2007-0000724,봉천교,교량,도로교량,2종,D03,수립,시설물안전법 제6조 안전 및 유지관리계획,Y,2026-03-18,Y,Y,Y,5,2,2026-01-19,SD03-1,예시 자료(시연용)
CSP-2026-0386,2026,공중이용시설,BR2007-0000725,남리대교,교량,도로교량,2종,D03,미수립,,,,,,,,,,SD03-1,예시 자료(시연용)
CSP-2026-0387,2026,공중이용시설,BR2007-0000726,유림교,교량,도로교량,2종,D03,수립,시설물안전법 제6조 안전 및 유지관리계획,Y,2026-03-04,Y,Y,Y,5,4,2026-01-18,SD03-1,예시 자료(시연용)
CSP-2026-0388,2026,공중이용시설,BR2007-0001446,고매2교,교량,도로교량,3종,D03,수립,시설물안전법 제6조 안전 및 유지관리계획,Y,2026-03-18,Y,Y,Y,7,4,2026-01-18,SD03-1,예시 자료(시연용)
CSP-2026-0389,2026,공중이용시설,BR2007-0001447,지곡1새마을교,교량,도로교량,3종,D03,수립,시설물안전법 제6조 안전 및 유지관리계획,Y,2026-03-17,Y,Y,Y,9,6,2026-02-08,SD03-1,예시 자료(시연용)
CSP-2026-0390,2026,공중이용시설,BR2007-0001448,지곡2새마을교,교량,도로교량,3종,D03,수립,시설물안전법 제6조 안전 및 유지관리계획,Y,2026-02-10,Y,Y,Y,10,6,2026-01-12,SD03-1,예시 자료(시연용)
CSP-2026-0391,2026,공중이용시설,BR2007-0001449,고매4교,교량,도로교량,3종,D03,수립,시설물안전법 제6조 안전 및 유지관리계획,N,,Y,Y,Y,10,5,2026-02-25,SD03-1,예시 자료(시연용)
CSP-2026-0392,2026,공중이용시설,BR2007-0001450,마북교,교량,도로교량,3종,D03,수립,시설물안전법 제6조 안전 및 유지관리계획,Y,2026-02-07,Y,Y,Y,5,3,2026-01-04,SD03-1,예시 자료(시연용)
CSP-2026-0393,2026,공중이용시설,BR2007-0001451,하동교,교량,도로교량,3종,D03,수립,자체 안전계획,,,Y,Y,Y,9,4,2026-01-16,SD03-1,예시 자료(시연용)
CSP-2026-0394,2026,공중이용시설,BR2007-0001492,영문교,교량,도로교량,3종,D03,수립,시설물안전법 제6조 안전 및 유지관리계획,Y,2026-02-23,Y,Y,Y,7,6,2026-02-19,SD03-1,예시 자료(시연용)
CSP-2026-0395,2026,공중이용시설,BR2008-0000456,신역1교,교량,도로교량,1종,D03,수립,시설물안전법 제6조 안전 및 유지관리계획,Y,2026-02-15,Y,Y,Y,10,7,2026-01-13,SD03-1,예시 자료(시연용)
CSP-2026-0396,2026,공중이용시설,BR2008-0000457,흥덕IC교,교량,도로교량,2종,D03,수립,시설물안전법 제6조 안전 및 유지관리계획,Y,2026-03-07,Y,Y,Y,5,3,2026-01-02,SD03-1,예시 자료(시연용)
CSP-2026-0397,2026,공중이용시설,BR2008-0000458,동진교(인천),교량,도로교량,2종,D03,수립,시설물안전법 제6조 안전 및 유지관리계획,Y,2026-02-08,Y,Y,Y,5,3,2026-01-20,SD03-1,예시 자료(시연용)
CSP-2026-0398,2026,공중이용시설,BR2008-0000581,삼성고가차도,교량,도로교량,1종,D03,수립,시설물안전법 제6조 안전 및 유지관리계획,Y,2026-02-11,Y,Y,Y,3,2,2026-01-11,SD03-1,예시 자료(시연용)
CSP-2026-0399,2026,공중이용시설,BR2008-0000636,풍덕천제2고가차도,교량,도로교량,1종,D03,수립,시설물안전법 제6조 안전 및 유지관리계획,N,,Y,Y,Y,9,5,2026-01-25,SD03-1,예시 자료(시연용)
CSP-2026-0400,2026,공중이용시설,BR2008-0000700,공세교,교량,도로교량,2종,D03,수립,시설물안전법 제6조 안전 및 유지관리계획,Y,2026-03-26,Y,Y,Y,5,3,2026-01-15,SD03-1,예시 자료(시연용)
CSP-2026-0401,2026,공중이용시설,BR2008-0001067,죽전2교,교량,도로교량,2종,D03,수립,시설물안전법 제6조 안전 및 유지관리계획,Y,2026-03-07,Y,Y,Y,7,5,2026-01-21,SD03-1,예시 자료(시연용)
CSP-2026-0402,2026,공중이용시설,BR2008-0001312,마성 1R-A교,교량,도로교량,1종,D03,수립,시설물안전법 제6조 안전 및 유지관리계획,Y,2026-02-20,Y,Y,Y,6,3,2026-01-06,SD03-1,예시 자료(시연용)
CSP-2026-0403,2026,공중이용시설,BR2008-0001313,마성 1R-B교,교량,도로교량,1종,D03,수립,시설물안전법 제6조 안전 및 유지관리계획,Y,2026-02-14,Y,Y,Y,10,5,2026-01-22,SD03-1,예시 자료(시연용)
CSP-2026-0404,2026,공중이용시설,BR2008-0001314,마성 2연결교,교량,도로교량,1종,D03,수립,시설물안전법 제6조 안전 및 유지관리계획,Y,2026-02-16,Y,Y,Y,7,5,2026-01-24,SD03-1,예시 자료(시연용)
CSP-2026-0405,2026,공중이용시설,BR2008-0001315,마성 2R-D교,교량,도로교량,2종,D03,수립,시설물안전법 제6조 안전 및 유지관리계획,Y,2026-02-18,Y,Y,Y,4,3,2026-01-14,SD03-1,예시 자료(시연용)
CSP-2026-0406,2026,공중이용시설,BR2008-0001348,육교A,교량,육교,3종,D03,수립,시설물안전법 제6조 안전 및 유지관리계획,N,,Y,Y,Y,3,3,2026-01-19,SD03-1,예시 자료(시연용)
CSP-2026-0407,2026,공중이용시설,BR2008-0001349,육교C,교량,육교,3종,D03,수립,시설물안전법 제6조 안전 및 유지관리계획,Y,2026-03-12,Y,Y,Y,6,5,2026-01-24,SD03-1,예시 자료(시연용)
CSP-2026-0408,2026,공중이용시설,BR2008-0001350,청덕2교,교량,도로교량,3종,D03,수립,시설물안전법 제6조 안전 및 유지관리계획,Y,2026-03-07,N,Y,Y,10,6,2026-01-12,SD03-1,예시 자료(시연용)
CSP-2026-0409,2026,공중이용시설,BR2008-0001351,청덕3교,교량,도로교량,3종,D03,수립,시설물안전법 제6조 안전 및 유지관리계획,Y,2026-03-28,Y,Y,Y,9,7,2026-01-21,SD03-1,예시 자료(시연용)
CSP-2026-0410,2026,공중이용시설,BR2008-0001352,청덕4교,교량,도로교량,3종,D03,작성중,자체 안전계획,,,Y,Y,N,5,0,,SD03-1,예시 자료(시연용)
CSP-2026-0411,2026,공중이용시설,BR2008-0001353,상마곡교(포은),교량,도로교량,3종,D03,수립,시설물안전법 제6조 안전 및 유지관리계획,Y,2026-03-17,Y,Y,Y,7,6,2026-02-25,SD03-1,예시 자료(시연용)
CSP-2026-0412,2026,공중이용시설,BR2008-0001354,지석교,교량,도로교량,3종,D03,수립,시설물안전법 제6조 안전 및 유지관리계획,Y,2026-03-02,Y,Y,Y,6,3,2026-02-10,SD03-1,예시 자료(시연용)
CSP-2026-0413,2026,공중이용시설,BR2008-0001355,청덕1교,교량,도로교량,3종,D03,미수립,,,,,,,,,,SD03-1,예시 자료(시연용)
CSP-2026-0414,2026,공중이용시설,BR2008-0001356,고매교,교량,도로교량,3종,D03,수립,시설물안전법 제6조 안전 및 유지관리계획,Y,2026-03-23,Y,Y,Y,3,1,2026-02-13,SD03-1,예시 자료(시연용)
CSP-2026-0415,2026,공중이용시설,BR2008-0001357,육교B,교량,육교,3종,D03,미수립,,,,,,,,,,SD03-1,예시 자료(시연용)
CSP-2026-0416,2026,공중이용시설,BR2008-0001358,육교F-G,교량,육교,3종,D03,수립,시설물안전법 제6조 안전 및 유지관리계획,Y,2026-02-21,Y,Y,Y,8,4,2026-02-04,SD03-1,예시 자료(시연용)
CSP-2026-0417,2026,공중이용시설,BR2009-0000035,죽전교,교량,철도교량,2종,D03,수립,자체 안전계획,,,Y,Y,Y,5,3,2026-01-23,SD03-1,예시 자료(시연용)
CSP-2026-0418,2026,공중이용시설,BR2009-0000178,제34호교통광장RAMP교,교량,도로교량,1종,D03,수립,시설물안전법 제6조 안전 및 유지관리계획,Y,2026-02-19,Y,Y,Y,8,4,2026-01-05,SD03-1,예시 자료(시연용)
CSP-2026-0419,2026,공중이용시설,BR2009-0000427,하갈2교,교량,도로교량,1종,D03,수립,시설물안전법 제6조 안전 및 유지관리계획,N,,Y,Y,Y,4,2,2026-01-25,SD03-1,예시 자료(시연용)
CSP-2026-0420,2026,공중이용시설,BR2009-0000429,기흥교,교량,도로교량,1종,D03,수립,시설물안전법 제6조 안전 및 유지관리계획,Y,2026-03-25,Y,Y,Y,3,3,2026-01-04,SD03-1,예시 자료(시연용)
CSP-2026-0421,2026,공중이용시설,BR2009-0000430,기흥1교,교량,도로교량,1종,D03,수립,시설물안전법 제6조 안전 및 유지관리계획,Y,2026-03-10,Y,Y,Y,10,6,2026-02-11,SD03-1,예시 자료(시연용)
CSP-2026-0422,2026,공중이용시설,BR2009-0000597,영덕교,교량,도로교량,1종,D03,수립,시설물안전법 제6조 안전 및 유지관리계획,Y,2026-02-11,Y,Y,Y,5,3,2026-01-03,SD03-1,예시 자료(시연용)
CSP-2026-0423,2026,공중이용시설,BR2009-0000598,영덕1교,교량,도로교량,1종,D03,수립,시설물안전법 제6조 안전 및 유지관리계획,Y,2026-03-25,Y,Y,Y,7,5,2026-01-08,SD03-1,예시 자료(시연용)
CSP-2026-0424,2026,공중이용시설,BR2009-0000599,하갈1교,교량,도로교량,1종,D03,수립,시설물안전법 제6조 안전 및 유지관리계획,N,,Y,Y,Y,4,2,2026-01-05,SD03-1,예시 자료(시연용)
CSP-2026-0425,2026,공중이용시설,BR2009-0000600,청명RAMP-B1교,교량,도로교량,1종,D03,수립,시설물안전법 제6조 안전 및 유지관리계획,Y,2026-03-09,Y,Y,Y,4,2,2026-01-20,SD03-1,예시 자료(시연용)
CSP-2026-0426,2026,공중이용시설,BR2009-0000601,청명RAMP-C교,교량,도로교량,1종,D03,수립,시설물안전법 제6조 안전 및 유지관리계획,Y,2026-02-11,N,Y,Y,9,8,2026-01-01,SD03-1,예시 자료(시연용)
CSP-2026-0427,2026,공중이용시설,BR2009-0001235,영덕2교,교량,도로교량,3종,D03,수립,시설물안전법 제6조 안전 및 유지관리계획,Y,2026-03-24,Y,Y,Y,8,4,2026-02-19,SD03-1,예시 자료(시연용)
CSP-2026-0428,2026,공중이용시설,BR2009-0001236,영덕육교,교량,도로교량,3종,D03,수립,시설물안전법 제6조 안전 및 유지관리계획,Y,2026-02-28,Y,Y,Y,7,5,2026-02-23,SD03-1,예시 자료(시연용)
CSP-2026-0429,2026,공중이용시설,BR2009-0001237,청명램프D교,교량,도로교량,3종,D03,수립,시설물안전법 제6조 안전 및 유지관리계획,Y,2026-03-07,Y,Y,Y,3,1,2026-02-13,SD03-1,예시 자료(시연용)
CSP-2026-0430,2026,공중이용시설,BR2009-0001238,언남3교,교량,도로교량,3종,D03,수립,시설물안전법 제6조 안전 및 유지관리계획,Y,2026-03-10,Y,Y,Y,4,4,2026-01-09,SD03-1,예시 자료(시연용)
CSP-2026-0431,2026,공중이용시설,BR2009-0001239,청명램프B-2교,교량,도로교량,3종,D03,수립,시설물안전법 제6조 안전 및 유지관리계획,Y,2026-03-27,Y,Y,Y,4,3,2026-02-18,SD03-1,예시 자료(시연용)
CSP-2026-0432,2026,공중이용시설,BR2009-0001240,불당교,교량,도로교량,3종,D03,수립,시설물안전법 제6조 안전 및 유지관리계획,Y,2026-03-12,Y,Y,Y,10,7,2026-02-13,SD03-1,예시 자료(시연용)
CSP-2026-0433,2026,공중이용시설,BR2009-0001242,상하2교,교량,도로교량,2종,D03,수립,시설물안전법 제6조 안전 및 유지관리계획,Y,2026-03-07,Y,Y,Y,8,3,2026-02-15,SD03-1,예시 자료(시연용)
CSP-2026-0434,2026,공중이용시설,BR2009-0001268,문촌교,교량,도로교량,3종,D03,수립,시설물안전법 제6조 안전 및 유지관리계획,Y,2026-02-20,Y,Y,Y,10,4,2026-02-19,SD03-1,예시 자료(시연용)
CSP-2026-0435,2026,공중이용시설,BR2009-0001270,장촌교,교량,도로교량,3종,D03,미수립,,,,,,,,,,SD03-1,예시 자료(시연용)
CSP-2026-0436,2026,공중이용시설,BR2009-0001271,야광교,교량,도로교량,3종,D03,미수립,,,,,,,,,,SD03-1,예시 자료(시연용)
CSP-2026-0437,2026,공중이용시설,BR2009-0001272,학일교,교량,도로교량,3종,D03,수립,시설물안전법 제6조 안전 및 유지관리계획,Y,2026-02-01,Y,Y,Y,3,2,2026-01-04,SD03-1,예시 자료(시연용)
CSP-2026-0438,2026,공중이용시설,BR2009-0001469,물푸레생태교,교량,도로교량,3종,D03,수립,시설물안전법 제6조 안전 및 유지관리계획,Y,2026-03-21,Y,Y,Y,3,2,2026-01-25,SD03-1,예시 자료(시연용)
CSP-2026-0439,2026,공중이용시설,BR2009-0001470,흥덕1교,교량,도로교량,3종,D03,수립,시설물안전법 제6조 안전 및 유지관리계획,Y,2026-02-02,Y,Y,Y,3,3,2026-02-23,SD03-1,예시 자료(시연용)
CSP-2026-0440,2026,공중이용시설,BR2009-0001471,흥덕2교,교량,도로교량,3종,D03,수립,시설물안전법 제6조 안전 및 유지관리계획,Y,2026-03-25,Y,Y,Y,7,4,2026-02-14,SD03-1,예시 자료(시연용)
CSP-2026-0441,2026,공중이용시설,BR2009-0001472,흥덕3교,교량,도로교량,3종,D03,수립,시설물안전법 제6조 안전 및 유지관리계획,Y,2026-03-22,Y,Y,Y,4,2,2026-01-07,SD03-1,예시 자료(시연용)
CSP-2026-0442,2026,공중이용시설,BR2010-0000471,청덕고가차도,교량,도로교량,1종,D03,수립,시설물안전법 제6조 안전 및 유지관리계획,Y,2026-02-13,N,Y,Y,6,4,2026-02-13,SD03-1,예시 자료(시연용)
CSP-2026-0443,2026,공중이용시설,BR2010-0000601,청미교,교량,도로교량,2종,D03,수립,시설물안전법 제6조 안전 및 유지관리계획,Y,2026-03-23,Y,Y,Y,6,5,2026-01-03,SD03-1,예시 자료(시연용)
CSP-2026-0444,2026,공중이용시설,BR2010-0000906,수원IC교,교량,도로교량,1종,D03,수립,시설물안전법 제6조 안전 및 유지관리계획,Y,2026-03-04,Y,Y,Y,5,5,2026-01-03,SD03-1,예시 자료(시연용)
CSP-2026-0445,2026,공중이용시설,BR2010-0000907,수원IC1교,교량,도로교량,1종,D03,수립,자체 안전계획,,,Y,Y,N,5,2,2026-02-21,SD03-1,예시 자료(시연용)
CSP-2026-0446,2026,공중이용시설,BR2010-0001029,금어1교,교량,도로교량,3종,D03,수립,시설물안전법 제6조 안전 및 유지관리계획,Y,2026-03-21,Y,Y,Y,10,7,2026-01-15,SD03-1,예시 자료(시연용)
CSP-2026-0447,2026,공중이용시설,BR2010-0001192,기흥IC2교,교량,도로교량,3종,D03,수립,시설물안전법 제6조 안전 및 유지관리계획,Y,2026-02-23,N,Y,Y,9,6,2026-01-26,SD03-1,예시 자료(시연용)
CSP-2026-0448,2026,공중이용시설,BR2010-0001193,기흥IC3교,교량,도로교량,3종,D03,수립,시설물안전법 제6조 안전 및 유지관리계획,Y,2026-03-12,Y,Y,Y,5,2,2026-02-23,SD03-1,예시 자료(시연용)
CSP-2026-0449,2026,공중이용시설,BR2010-0001195,기흥IC4교,교량,도로교량,3종,D03,수립,시설물안전법 제6조 안전 및 유지관리계획,Y,2026-02-26,N,Y,Y,6,4,2026-02-18,SD03-1,예시 자료(시연용)
CSP-2026-0450,2026,공중이용시설,BR2010-0001197,기흥IC1교,교량,도로교량,3종,D03,수립,시설물안전법 제6조 안전 및 유지관리계획,Y,2026-02-20,Y,Y,Y,6,5,2026-01-04,SD03-1,예시 자료(시연용)
CSP-2026-0451,2026,공중이용시설,BR2010-0001210,기흥IC6교,교량,도로교량,3종,D03,수립,시설물안전법 제6조 안전 및 유지관리계획,Y,2026-03-13,Y,Y,Y,10,7,2026-02-24,SD03-1,예시 자료(시연용)
CSP-2026-0452,2026,공중이용시설,BR2010-0001211,기흥IC8교,교량,도로교량,3종,D03,수립,자체 안전계획,,,N,Y,N,7,4,2026-01-01,SD03-1,예시 자료(시연용)
CSP-2026-0453,2026,공중이용시설,BR2010-0001214,기흥IC9교,교량,도로교량,3종,D03,작성중,자체 안전계획,,,Y,Y,N,4,0,,SD03-1,예시 자료(시연용)
CSP-2026-0454,2026,공중이용시설,BR2010-0001215,오산천교(진입),교량,도로교량,3종,D03,수립,시설물안전법 제6조 안전 및 유지관리계획,Y,2026-03-02,N,Y,Y,7,5,2026-02-02,SD03-1,예시 자료(시연용)
CSP-2026-0455,2026,공중이용시설,BR2010-0001218,오산천교(진출),교량,도로교량,3종,D03,수립,시설물안전법 제6조 안전 및 유지관리계획,Y,2026-03-23,Y,Y,Y,9,6,2026-01-20,SD03-1,예시 자료(시연용)
CSP-2026-0456,2026,공중이용시설,BR2010-0001219,기흥육교(서울1),교량,도로교량,3종,D03,미수립,,,,,,,,,,SD03-1,예시 자료(시연용)
CSP-2026-0457,2026,공중이용시설,BR2010-0001220,공세2교(서울1),교량,도로교량,3종,D03,수립,시설물안전법 제6조 안전 및 유지관리계획,Y,2026-03-23,Y,Y,Y,3,2,2026-01-11,SD03-1,예시 자료(시연용)
CSP-2026-0458,2026,공중이용시설,BR2010-0001221,공세1교(서울1),교량,도로교량,3종,D03,수립,시설물안전법 제6조 안전 및 유지관리계획,Y,2026-03-01,Y,Y,Y,4,2,2026-01-12,SD03-1,예시 자료(시연용)
CSP-2026-0459,2026,공중이용시설,BR2010-0001222,수원IC2교,교량,도로교량,3종,D03,수립,시설물안전법 제6조 안전 및 유지관리계획,Y,2026-02-04,Y,Y,Y,10,6,2026-02-17,SD03-1,예시 자료(시연용)
CSP-2026-0460,2026,공중이용시설,BR2010-0001223,수원IC4교,교량,도로교량,3종,D03,수립,시설물안전법 제6조 안전 및 유지관리계획,Y,2026-03-17,Y,Y,Y,6,5,2026-01-07,SD03-1,예시 자료(시연용)
CSP-2026-0461,2026,공중이용시설,BR2010-0001226,수원육교(부산1),교량,도로교량,3종,D03,수립,시설물안전법 제6조 안전 및 유지관리계획,Y,2026-03-09,Y,Y,Y,9,7,2026-02-03,SD03-1,예시 자료(시연용)
CSP-2026-0462,2026,공중이용시설,BR2010-0001341,선달교,교량,도로교량,3종,D03,수립,시설물안전법 제6조 안전 및 유지관리계획,Y,2026-02-19,Y,Y,Y,6,5,2026-02-19,SD03-1,예시 자료(시연용)
CSP-2026-0463,2026,공중이용시설,BR2010-0001508,양치교,교량,도로교량,3종,D03,수립,시설물안전법 제6조 안전 및 유지관리계획,N,,Y,Y,Y,7,4,2026-01-23,SD03-1,예시 자료(시연용)
CSP-2026-0464,2026,공중이용시설,BR2011-0001084,갈천교,교량,도로교량,2종,D03,수립,시설물안전법 제6조 안전 및 유지관리계획,Y,2026-02-22,Y,Y,Y,8,5,2026-02-03,SD03-1,예시 자료(시연용)
CSP-2026-0465,2026,공중이용시설,BR2011-0001307,기흥교(인천1),교량,도로교량,3종,D03,수립,시설물안전법 제6조 안전 및 유지관리계획,Y,2026-02-11,Y,Y,Y,6,5,2026-01-28,SD03-1,예시 자료(시연용)
CSP-2026-0466,2026,공중이용시설,BR2011-0001308,동백교(강릉1),교량,도로교량,3종,D03,수립,시설물안전법 제6조 안전 및 유지관리계획,Y,2026-03-25,Y,Y,Y,5,2,2026-02-02,SD03-1,예시 자료(시연용)
CSP-2026-0467,2026,공중이용시설,BR2011-0001309,동백교(인천1),교량,도로교량,3종,D03,수립,시설물안전법 제6조 안전 및 유지관리계획,Y,2026-03-09,Y,Y,Y,5,4,2026-01-17,SD03-1,예시 자료(시연용)
CSP-2026-0468,2026,공중이용시설,BR2011-0001310,마성IC1교,교량,도로교량,3종,D03,작성중,자체 안전계획,,,Y,Y,N,4,0,,SD03-1,예시 자료(시연용)
CSP-2026-0469,2026,공중이용시설,BR2011-0001311,삼마교(강릉2),교량,도로교량,3종,D03,수립,시설물안전법 제6조 안전 및 유지관리계획,Y,2026-03-18,N,Y,Y,3,2,2026-01-21,SD03-1,예시 자료(시연용)
CSP-2026-0470,2026,공중이용시설,BR2011-0001312,상유교(강릉),교량,도로교량,3종,D03,수립,시설물안전법 제6조 안전 및 유지관리계획,Y,2026-03-27,Y,Y,Y,8,3,2026-02-03,SD03-1,예시 자료(시연용)
CSP-2026-0471,2026,공중이용시설,BR2011-0001313,상유교(인천),교량,도로교량,3종,D03,수립,시설물안전법 제6조 안전 및 유지관리계획,Y,2026-02-26,Y,Y,Y,7,3,2026-02-07,SD03-1,예시 자료(시연용)
CSP-2026-0472,2026,공중이용시설,BR2011-0001314,신갈JC5교,교량,도로교량,3종,D03,수립,시설물안전법 제6조 안전 및 유지관리계획,Y,2026-03-10,Y,Y,Y,3,1,2026-01-12,SD03-1,예시 자료(시연용)
CSP-2026-0473,2026,공중이용시설,BR2011-0001315,언남교(강릉),교량,도로교량,3종,D03,수립,시설물안전법 제6조 안전 및 유지관리계획,N,,Y,Y,Y,5,2,2026-01-09,SD03-1,예시 자료(시연용)
CSP-2026-0474,2026,공중이용시설,BR2011-0001316,언남교(인천),교량,도로교량,3종,D03,수립,시설물안전법 제6조 안전 및 유지관리계획,N,,N,Y,Y,8,4,2026-02-12,SD03-1,예시 자료(시연용)
CSP-2026-0475,2026,공중이용시설,BR2011-0001346,수포2육교,교량,도로교량,3종,D03,수립,시설물안전법 제6조 안전 및 유지관리계획,Y,2026-02-09,N,Y,Y,8,5,2026-02-15,SD03-1,예시 자료(시연용)
CSP-2026-0476,2026,공중이용시설,BR2011-0001349,용인IC육교(강릉1),교량,도로교량,3종,D03,수립,시설물안전법 제6조 안전 및 유지관리계획,N,,Y,Y,Y,4,3,2026-01-22,SD03-1,예시 자료(시연용)
CSP-2026-0477,2026,공중이용시설,BR2011-0001350,용인IC육교(인천1),교량,도로교량,3종,D03,수립,자체 안전계획,,,Y,Y,Y,3,1,2026-02-25,SD03-1,예시 자료(시연용)
CSP-2026-0478,2026,공중이용시설,BR2011-0001351,회차로교,교량,도로교량,3종,D03,수립,시설물안전법 제6조 안전 및 유지관리계획,Y,2026-02-23,N,Y,Y,9,4,2026-01-17,SD03-1,예시 자료(시연용)
CSP-2026-0479,2026,공중이용시설,BR2011-0001355,용인IC1교(1),교량,도로교량,3종,D03,수립,시설물안전법 제6조 안전 및 유지관리계획,Y,2026-03-26,Y,Y,Y,7,3,2026-02-15,SD03-1,예시 자료(시연용)
CSP-2026-0480,2026,공중이용시설,BR2011-0001356,유방2교(강릉1),교량,도로교량,3종,D03,수립,시설물안전법 제6조 안전 및 유지관리계획,N,,Y,Y,Y,5,5,2026-02-14,SD03-1,예시 자료(시연용)
CSP-2026-0481,2026,공중이용시설,BR2011-0001358,유방2교(인천1),교량,도로교량,3종,D03,수립,자체 안전계획,,,Y,Y,Y,3,2,2026-01-07,SD03-1,예시 자료(시연용)
CSP-2026-0482,2026,공중이용시설,BR2011-0001359,임원교(강릉),교량,도로교량,3종,D03,수립,시설물안전법 제6조 안전 및 유지관리계획,Y,2026-02-07,Y,Y,Y,6,3,2026-02-15,SD03-1,예시 자료(시연용)
CSP-2026-0483,2026,공중이용시설,BR2011-0001360,임원교(인천),교량,도로교량,3종,D03,수립,시설물안전법 제6조 안전 및 유지관리계획,Y,2026-03-25,Y,Y,Y,10,5,2026-02-12,SD03-1,예시 자료(시연용)
CSP-2026-0484,2026,공중이용시설,BR2011-0001378,추계교(강릉1),교량,도로교량,3종,D03,수립,자체 안전계획,,,Y,Y,Y,9,3,2026-01-15,SD03-1,예시 자료(시연용)
CSP-2026-0485,2026,공중이용시설,BR2011-0001379,고림교(강릉1),교량,도로교량,3종,D03,수립,시설물안전법 제6조 안전 및 유지관리계획,Y,2026-02-02,Y,Y,Y,5,4,2026-02-25,SD03-1,예시 자료(시연용)
CSP-2026-0486,2026,공중이용시설,BR2011-0001380,총신교(강릉),교량,도로교량,3종,D03,수립,시설물안전법 제6조 안전 및 유지관리계획,Y,2026-02-09,Y,Y,Y,10,8,2026-02-25,SD03-1,예시 자료(시연용)
CSP-2026-0487,2026,공중이용시설,BR2011-0001381,양지IC육교(강릉1),교량,도로교량,3종,D03,수립,시설물안전법 제6조 안전 및 유지관리계획,Y,2026-03-15,Y,Y,Y,9,7,2026-02-13,SD03-1,예시 자료(시연용)
CSP-2026-0488,2026,공중이용시설,BR2011-0001382,양지IC육교(인천1),교량,도로교량,3종,D03,수립,시설물안전법 제6조 안전 및 유지관리계획,Y,2026-02-17,Y,Y,Y,9,4,2026-01-08,SD03-1,예시 자료(시연용)
CSP-2026-0489,2026,공중이용시설,BR2011-0001383,고림교(인천1),교량,도로교량,3종,D03,수립,시설물안전법 제6조 안전 및 유지관리계획,Y,2026-03-26,Y,Y,Y,4,2,2026-02-02,SD03-1,예시 자료(시연용)
CSP-2026-0490,2026,공중이용시설,BR2011-0001384,주북2교(강릉),교량,도로교량,3종,D03,수립,시설물안전법 제6조 안전 및 유지관리계획,Y,2026-02-13,Y,Y,Y,6,5,2026-02-03,SD03-1,예시 자료(시연용)
CSP-2026-0491,2026,공중이용시설,BR2011-0001385,주북2교(인천),교량,도로교량,3종,D03,수립,시설물안전법 제6조 안전 및 유지관리계획,Y,2026-02-25,Y,Y,Y,6,5,2026-02-19,SD03-1,예시 자료(시연용)
CSP-2026-0492,2026,공중이용시설,BR2012-0000152,경안천교(강릉1),교량,도로교량,2종,D03,수립,시설물안전법 제6조 안전 및 유지관리계획,Y,2026-03-27,Y,Y,Y,4,3,2026-01-28,SD03-1,예시 자료(시연용)
CSP-2026-0493,2026,공중이용시설,BR2012-0000153,경안천교(인천1),교량,도로교량,2종,D03,수립,시설물안전법 제6조 안전 및 유지관리계획,Y,2026-02-05,Y,Y,Y,9,5,2026-01-17,SD03-1,예시 자료(시연용)
CSP-2026-0494,2026,공중이용시설,BR2012-0000256,유운교,교량,도로교량,2종,D03,수립,시설물안전법 제6조 안전 및 유지관리계획,Y,2026-02-08,Y,Y,Y,5,3,2026-02-01,SD03-1,예시 자료(시연용)
CSP-2026-0495,2026,공중이용시설,BR2012-0000371,추계육교(강릉),교량,도로교량,2종,D03,수립,시설물안전법 제6조 안전 및 유지관리계획,Y,2026-03-27,N,Y,Y,3,1,2026-01-26,SD03-1,예시 자료(시연용)
CSP-2026-0496,2026,공중이용시설,BR2013-0000007,동백2교 상행(동백방향),교량,도로교량,1종,D03,수립,시설물안전법 제6조 안전 및 유지관리계획,Y,2026-03-22,Y,Y,Y,10,9,2026-02-13,SD03-1,예시 자료(시연용)
CSP-2026-0497,2026,공중이용시설,BR2013-0000008,동백2교 하행(마성방향),교량,도로교량,1종,D03,수립,시설물안전법 제6조 안전 및 유지관리계획,Y,2026-02-26,N,Y,Y,3,2,2026-01-28,SD03-1,예시 자료(시연용)
CSP-2026-0498,2026,공중이용시설,BR2013-0000098,신갈JCT육교(강릉2),교량,도로교량,2종,D03,수립,시설물안전법 제6조 안전 및 유지관리계획,Y,2026-02-24,Y,Y,Y,3,1,2026-02-12,SD03-1,예시 자료(시연용)
CSP-2026-0499,2026,공중이용시설,BR2013-0000099,신갈JCT육교(인천2),교량,도로교량,2종,D03,수립,시설물안전법 제6조 안전 및 유지관리계획,Y,2026-02-24,Y,Y,Y,4,2,2026-02-11,SD03-1,예시 자료(시연용)
CSP-2026-0500,2026,공중이용시설,BR2013-0000100,마성IC2교,교량,도로교량,1종,D03,수립,시설물안전법 제6조 안전 및 유지관리계획,Y,2026-03-15,Y,Y,Y,4,2,2026-02-18,SD03-1,예시 자료(시연용)
CSP-2026-0501,2026,공중이용시설,BR2013-0000101,마성IC4교,교량,도로교량,2종,D03,미수립,,,,,,,,,,SD03-1,예시 자료(시연용)
CSP-2026-0502,2026,공중이용시설,BR2013-0000319,상미교,교량,도로교량,1종,D03,수립,시설물안전법 제6조 안전 및 유지관리계획,Y,2026-02-26,Y,Y,Y,4,4,2026-01-18,SD03-1,예시 자료(시연용)
CSP-2026-0503,2026,공중이용시설,BR2013-0000320,신갈교,교량,도로교량,1종,D03,수립,시설물안전법 제6조 안전 및 유지관리계획,Y,2026-03-11,Y,Y,Y,3,2,2026-02-20,SD03-1,예시 자료(시연용)
CSP-2026-0504,2026,공중이용시설,BR2013-0000652,삼막곡교,교량,도로교량,2종,D03,수립,시설물안전법 제6조 안전 및 유지관리계획,Y,2026-02-04,Y,Y,Y,3,2,2026-01-24,SD03-1,예시 자료(시연용)
CSP-2026-0505,2026,공중이용시설,BR2013-0000653,마복교,교량,도로교량,2종,D03,수립,시설물안전법 제6조 안전 및 유지관리계획,N,,Y,Y,Y,8,5,2026-01-10,SD03-1,예시 자료(시연용)
CSP-2026-0506,2026,공중이용시설,BR2014-0000726,진목교,교량,도로교량,2종,D03,수립,시설물안전법 제6조 안전 및 유지관리계획,N,,Y,Y,Y,4,4,2026-02-18,SD03-1,예시 자료(시연용)
CSP-2026-0507,2026,공중이용시설,BR2015-0000118,고매2교(성남방향),교량,도로교량,1종,D03,수립,시설물안전법 제6조 안전 및 유지관리계획,Y,2026-02-13,Y,Y,Y,8,4,2026-01-25,SD03-1,예시 자료(시연용)
CSP-2026-0508,2026,공중이용시설,BR2015-0000119,고매2교(오산방향),교량,도로교량,1종,D03,수립,시설물안전법 제6조 안전 및 유지관리계획,Y,2026-02-28,Y,Y,Y,9,6,2026-02-15,SD03-1,예시 자료(시연용)
CSP-2026-0509,2026,공중이용시설,BR2016-0000542,봉명IC교,교량,도로교량,2종,D03,수립,자체 안전계획,,,N,Y,Y,4,3,2026-01-01,SD03-1,예시 자료(시연용)
CSP-2026-0510,2026,공중이용시설,BR2018-0000241,동해교,교량,도로교량,3종,D03,수립,시설물안전법 제6조 안전 및 유지관리계획,Y,2026-02-22,Y,Y,Y,10,5,2026-02-13,SD03-1,예시 자료(시연용)
CSP-2026-0511,2026,공중이용시설,BR2018-0000337,하고개교(하행),교량,도로교량,2종,D03,수립,시설물안전법 제6조 안전 및 유지관리계획,Y,2026-02-24,Y,Y,Y,7,2,2026-01-18,SD03-1,예시 자료(시연용)
CSP-2026-0512,2026,공중이용시설,BR2018-0000338,상하3교,교량,도로교량,2종,D03,수립,시설물안전법 제6조 안전 및 유지관리계획,Y,2026-03-13,Y,Y,Y,7,6,2026-01-22,SD03-1,예시 자료(시연용)
CSP-2026-0513,2026,공중이용시설,BR2018-0000339,궁촌교,교량,도로교량,1종,D03,수립,시설물안전법 제6조 안전 및 유지관리계획,Y,2026-03-06,Y,Y,Y,3,1,2026-01-06,SD03-1,예시 자료(시연용)
CSP-2026-0514,2026,공중이용시설,BR2018-0000340,상하IC RAMP-A교,교량,도로교량,1종,D03,수립,시설물안전법 제6조 안전 및 유지관리계획,Y,2026-03-28,Y,Y,Y,10,8,2026-01-23,SD03-1,예시 자료(시연용)
CSP-2026-0515,2026,공중이용시설,BR2018-0000341,상하1교,교량,도로교량,1종,D03,수립,시설물안전법 제6조 안전 및 유지관리계획,Y,2026-03-06,Y,Y,Y,7,4,2026-01-16,SD03-1,예시 자료(시연용)
CSP-2026-0516,2026,공중이용시설,BR2018-0000342,명지교,교량,도로교량,1종,D03,수립,시설물안전법 제6조 안전 및 유지관리계획,Y,2026-03-04,Y,Y,Y,9,5,2026-02-11,SD03-1,예시 자료(시연용)
CSP-2026-0517,2026,공중이용시설,BR2018-0000348,대촌IC RAMP-A교,교량,도로교량,2종,D03,수립,시설물안전법 제6조 안전 및 유지관리계획,Y,2026-02-14,Y,Y,Y,7,4,2026-02-27,SD03-1,예시 자료(시연용)
CSP-2026-0518,2026,공중이용시설,BR2019-0000041,초부교,교량,도로교량,2종,D03,수립,시설물안전법 제6조 안전 및 유지관리계획,Y,2026-02-23,Y,Y,Y,9,5,2026-01-15,SD03-1,예시 자료(시연용)
CSP-2026-0519,2026,공중이용시설,BR2019-0000061,구갈1교(수원방향),교량,도로교량,2종,D03,수립,시설물안전법 제6조 안전 및 유지관리계획,Y,2026-03-13,N,Y,Y,5,4,2026-01-26,SD03-1,예시 자료(시연용)
CSP-2026-0520,2026,공중이용시설,BR2019-0000062,구갈1교(용인방향),교량,도로교량,2종,D03,수립,시설물안전법 제6조 안전 및 유지관리계획,Y,2026-03-02,Y,Y,Y,10,9,2026-01-13,SD03-1,예시 자료(시연용)
CSP-2026-0521,2026,공중이용시설,BR2019-0000063,상갈2교(수원방향),교량,도로교량,2종,D03,미수립,,,,,,,,,,SD03-1,예시 자료(시연용)
CSP-2026-0522,2026,공중이용시설,BR2019-0000064,상갈4교(수원방향),교량,도로교량,2종,D03,수립,시설물안전법 제6조 안전 및 유지관리계획,Y,2026-02-28,N,Y,Y,6,4,2026-02-04,SD03-1,예시 자료(시연용)
CSP-2026-0523,2026,공중이용시설,BR2019-0000065,상갈4교(용인방향),교량,도로교량,2종,D03,작성중,자체 안전계획,,,Y,Y,N,6,0,,SD03-1,예시 자료(시연용)
CSP-2026-0524,2026,공중이용시설,BR2019-0000066,신갈고가교(수원방향),교량,도로교량,1종,D03,수립,시설물안전법 제6조 안전 및 유지관리계획,Y,2026-03-01,Y,Y,Y,3,1,2026-01-05,SD03-1,예시 자료(시연용)
CSP-2026-0525,2026,공중이용시설,BR2019-0000067,신갈고가교(용인방향),교량,도로교량,1종,D03,수립,자체 안전계획,,,Y,Y,Y,4,2,2026-01-16,SD03-1,예시 자료(시연용)
CSP-2026-0526,2026,공중이용시설,BR2019-0000068,어정1교(수원방향),교량,도로교량,2종,D03,수립,시설물안전법 제6조 안전 및 유지관리계획,N,,Y,Y,Y,3,1,2026-01-06,SD03-1,예시 자료(시연용)
CSP-2026-0527,2026,공중이용시설,BR2019-0000069,어정1교(용인방향),교량,도로교량,2종,D03,수립,시설물안전법 제6조 안전 및 유지관리계획,Y,2026-03-10,Y,Y,Y,8,7,2026-02-09,SD03-1,예시 자료(시연용)
CSP-2026-0528,2026,공중이용시설,BR2019-0000070,어정R-D1교,교량,도로교량,2종,D03,수립,시설물안전법 제6조 안전 및 유지관리계획,N,,Y,Y,Y,8,3,2026-02-21,SD03-1,예시 자료(시연용)
CSP-2026-0529,2026,공중이용시설,BR2020-0000150,영덕교(신갈~수지),교량,도로교량,1종,D03,수립,시설물안전법 제6조 안전 및 유지관리계획,Y,2026-02-06,Y,Y,Y,4,3,2026-01-09,SD03-1,예시 자료(시연용)
CSP-2026-0530,2026,공중이용시설,BR2020-0000260,포곡교(오포방향),교량,도로교량,1종,D03,수립,시설물안전법 제6조 안전 및 유지관리계획,Y,2026-03-25,Y,Y,Y,10,4,2026-02-25,SD03-1,예시 자료(시연용)
CSP-2026-0531,2026,공중이용시설,BR2020-0000261,포곡교(용인방향),교량,도로교량,1종,D03,수립,시설물안전법 제6조 안전 및 유지관리계획,Y,2026-03-11,Y,Y,Y,10,4,2026-01-13,SD03-1,예시 자료(시연용)
CSP-2026-0532,2026,공중이용시설,BR2020-0000262,동림교(오포방향),교량,도로교량,2종,D03,수립,시설물안전법 제6조 안전 및 유지관리계획,Y,2026-03-28,Y,Y,Y,6,4,2026-02-20,SD03-1,예시 자료(시연용)
CSP-2026-0533,2026,공중이용시설,BR2020-0000263,동림교(용인방향),교량,도로교량,2종,D03,미수립,,,,,,,,,,SD03-1,예시 자료(시연용)
CSP-2026-0534,2026,공중이용시설,BR2020-0000304,궁촌IC Ramp-B2교,교량,도로교량,1종,D03,수립,시설물안전법 제6조 안전 및 유지관리계획,Y,2026-02-18,Y,Y,Y,5,4,2026-02-25,SD03-1,예시 자료(시연용)
CSP-2026-0535,2026,공중이용시설,BR2020-0000305,궁촌IC Ramp-D교,교량,도로교량,2종,D03,수립,시설물안전법 제6조 안전 및 유지관리계획,Y,2026-03-23,Y,Y,Y,5,3,2026-02-21,SD03-1,예시 자료(시연용)
CSP-2026-0536,2026,공중이용시설,BR2022-0000087,남사진위IC3교,교량,도로교량,1종,D03,수립,시설물안전법 제6조 안전 및 유지관리계획,Y,2026-03-26,Y,Y,Y,8,4,2026-02-21,SD03-1,예시 자료(시연용)
CSP-2026-0537,2026,공중이용시설,BR2022-0000089,진위천교(서울1),교량,도로교량,2종,D03,수립,자체 안전계획,,,Y,Y,Y,10,8,2026-01-01,SD03-1,예시 자료(시연용)
CSP-2026-0538,2026,공중이용시설,BR2023-0000111,기흥IC Ramp-A1교,교량,도로교량,2종,D03,수립,시설물안전법 제6조 안전 및 유지관리계획,Y,2026-03-12,Y,Y,Y,5,3,2026-01-21,SD03-1,예시 자료(시연용)
CSP-2026-0539,2026,공중이용시설,BR2023-0000112,기흥IC Ramp-B교,교량,도로교량,1종,D03,수립,시설물안전법 제6조 안전 및 유지관리계획,Y,2026-02-09,Y,Y,Y,3,2,2026-01-22,SD03-1,예시 자료(시연용)
CSP-2026-0540,2026,공중이용시설,BR2023-0000113,기흥IC Ramp-D교,교량,도로교량,2종,D03,수립,시설물안전법 제6조 안전 및 유지관리계획,Y,2026-02-14,Y,Y,Y,10,7,2026-01-25,SD03-1,예시 자료(시연용)
CSP-2026-0541,2026,공중이용시설,CS1960-0000004,신갈오거리복개구조물,교량,복개구조물,2종,D03,수립,시설물안전법 제6조 안전 및 유지관리계획,Y,2026-03-28,Y,Y,Y,3,2,2026-02-10,SD03-1,예시 자료(시연용)
CSP-2026-0542,2026,공중이용시설,CS1999-0000001,고매복개천교,교량,복개구조물,2종,D03,수립,시설물안전법 제6조 안전 및 유지관리계획,Y,2026-03-24,Y,Y,Y,5,3,2026-01-14,SD03-1,예시 자료(시연용)
CSP-2026-0543,2026,공중이용시설,CS2004-0000197,남산3교,교량,복개구조물,2종,D03,수립,자체 안전계획,,,Y,Y,Y,4,2,2026-01-11,SD03-1,예시 자료(시연용)
CSP-2026-0544,2026,공중이용시설,CS2010-0000007,복개BOX,교량,복개구조물,2종,D03,수립,시설물안전법 제6조 안전 및 유지관리계획,N,,Y,Y,Y,10,8,2026-01-08,SD03-1,예시 자료(시연용)
CSP-2026-0549,2026,공중이용시설,ET1998-0000003,용인 지상탱크(11기),기타,기타,3종,D99,미수립,,,,,,,,,,,예시 자료(시연용) · 관리 부서 미지정
CSP-2026-0550,2026,공중이용시설,RW1994-0000054,영동선60.39k(강릉)옹벽,옹벽,도로옹벽,3종,D03,수립,시설물안전법 제6조 안전 및 유지관리계획,Y,2026-03-21,Y,Y,Y,8,5,2026-02-01,SD03-1,예시 자료(시연용)
CSP-2026-0551,2026,공중이용시설,RW1998-0000037,한국석유공사 용인비축기지 옹벽(휘발유 지역),옹벽,도로옹벽,2종,D03,수립,시설물안전법 제6조 안전 및 유지관리계획,Y,2026-03-06,Y,Y,Y,8,4,2026-02-13,SD03-1,예시 자료(시연용)
CSP-2026-0552,2026,공중이용시설,RW2000-0000064,구성고 운동장 부지경계부 옹벽,옹벽,건축물옹벽,2종,D03,수립,시설물안전법 제6조 안전 및 유지관리계획,N,,Y,Y,Y,7,6,2026-02-19,SD03-1,예시 자료(시연용)
CSP-2026-0553,2026,공중이용시설,RW2000-0000099,죽전중 운동장 북쪽 및 동쪽 부지경계부 옹벽,옹벽,기타옹벽,3종,D03,수립,시설물안전법 제6조 안전 및 유지관리계획,Y,2026-03-09,Y,Y,Y,6,5,2026-02-08,SD03-1,예시 자료(시연용)
CSP-2026-0554,2026,공중이용시설,RW2000-0000118,마북초 옹벽(14081893),옹벽,기타옹벽,3종,D03,수립,자체 안전계획,,,Y,Y,Y,7,5,2026-01-01,SD03-1,예시 자료(시연용)
CSP-2026-0555,2026,공중이용시설,RW2001-0000005,교동초 운동장 북서쪽 부지경계부 옹벽,옹벽,건축물옹벽,2종,D03,수립,시설물안전법 제6조 안전 및 유지관리계획,Y,2026-02-22,Y,Y,Y,8,7,2026-02-13,SD03-1,예시 자료(시연용)
CSP-2026-0556,2026,공중이용시설,RW2001-0000006,교동초 교사동 후면 옹벽,옹벽,건축물옹벽,2종,D03,수립,시설물안전법 제6조 안전 및 유지관리계획,Y,2026-02-19,Y,Y,Y,6,5,2026-01-14,SD03-1,예시 자료(시연용)
CSP-2026-0557,2026,공중이용시설,RW2001-0000007,홍천중 진입로 옹벽,옹벽,건축물옹벽,2종,D03,수립,시설물안전법 제6조 안전 및 유지관리계획,Y,2026-03-13,N,Y,Y,4,3,2026-02-13,SD03-1,예시 자료(시연용)
CSP-2026-0558,2026,공중이용시설,RW2001-0000008,구성중 운동장 남쪽에서 서쪽 부지경계부 옹벽,옹벽,건축물옹벽,2종,D03,수립,시설물안전법 제6조 안전 및 유지관리계획,Y,2026-02-26,Y,Y,Y,3,1,2026-02-25,SD03-1,예시 자료(시연용)
CSP-2026-0559,2026,공중이용시설,RW2001-0000037,서원초등학교 운동장 경계부 옹벽,옹벽,건축물옹벽,2종,D03,수립,시설물안전법 제6조 안전 및 유지관리계획,Y,2026-02-03,Y,Y,Y,6,4,2026-01-02,SD03-1,예시 자료(시연용)
CSP-2026-0560,2026,공중이용시설,RW2001-0000042,성복초등학교 운동장 남쪽 부지경계부 옹벽,옹벽,기타옹벽,3종,D03,수립,시설물안전법 제6조 안전 및 유지관리계획,Y,2026-02-07,Y,Y,Y,8,5,2026-02-06,SD03-1,예시 자료(시연용)
CSP-2026-0561,2026,공중이용시설,RW2001-0000065,서원중학교 옹벽[143m],옹벽,기타옹벽,3종,D03,수립,시설물안전법 제6조 안전 및 유지관리계획,Y,2026-03-04,Y,Y,Y,7,6,2026-02-14,SD03-1,예시 자료(시연용)
CSP-2026-0562,2026,공중이용시설,RW2002-0000002,이현중학교 앞 옹벽,옹벽,도로옹벽,2종,D03,수립,시설물안전법 제6조 안전 및 유지관리계획,Y,2026-02-16,Y,Y,Y,5,4,2026-01-04,SD03-1,예시 자료(시연용)
CSP-2026-0563,2026,공중이용시설,RW2002-0000004,소현중 운동장 경계부 옹벽,옹벽,건축물옹벽,2종,D03,수립,시설물안전법 제6조 안전 및 유지관리계획,Y,2026-02-17,Y,Y,Y,7,3,2026-02-27,SD03-1,예시 자료(시연용)
CSP-2026-0564,2026,공중이용시설,RW2002-0000039,나곡초등학교 학교주위옹벽(23137118),옹벽,기타옹벽,3종,D03,수립,시설물안전법 제6조 안전 및 유지관리계획,Y,2026-03-28,Y,Y,Y,6,6,2026-01-21,SD03-1,예시 자료(시연용)
CSP-2026-0565,2026,공중이용시설,RW2002-0000042,솔개초등학교 교사동 남쪽에서 동쪽 측면 옹벽,옹벽,기타옹벽,3종,D03,수립,시설물안전법 제6조 안전 및 유지관리계획,Y,2026-02-20,Y,Y,Y,8,5,2026-02-22,SD03-1,예시 자료(시연용)
CSP-2026-0566,2026,공중이용시설,RW2002-0000044,지석초등학교 후문에서 농구장 옹벽,옹벽,기타옹벽,3종,D03,수립,시설물안전법 제6조 안전 및 유지관리계획,Y,2026-03-28,Y,Y,Y,3,2,2026-01-18,SD03-1,예시 자료(시연용)
CSP-2026-0567,2026,공중이용시설,RW2002-0000052,"지석초 북서쪽 교사동후면, 진입로 옹벽",옹벽,건축물옹벽,2종,D03,수립,시설물안전법 제6조 안전 및 유지관리계획,Y,2026-02-08,Y,Y,Y,8,7,2026-02-07,SD03-1,예시 자료(시연용)
CSP-2026-0568,2026,공중이용시설,RW2003-0000129,용인김량장주공2 옹벽,옹벽,건축물옹벽,2종,D03,수립,시설물안전법 제6조 안전 및 유지관리계획,Y,2026-02-16,Y,Y,Y,10,9,2026-02-10,SD03-1,예시 자료(시연용)
CSP-2026-0569,2026,공중이용시설,RW2003-0000253,서원고 정문에서 운동장 남쪽 부지경계부 옹벽,옹벽,건축물옹벽,2종,D03,수립,시설물안전법 제6조 안전 및 유지관리계획,Y,2026-02-06,Y,Y,Y,6,2,2026-01-17,SD03-1,예시 자료(시연용)
CSP-2026-0570,2026,공중이용시설,RW2003-0000353,이현초등학교 옹벽2[153m],옹벽,기타옹벽,3종,D03,수립,시설물안전법 제6조 안전 및 유지관리계획,Y,2026-03-28,Y,Y,Y,10,5,2026-02-12,SD03-1,예시 자료(시연용)
CSP-2026-0571,2026,공중이용시설,RW2004-0000004,영동선 59.9k(강릉방향) 옹벽,옹벽,도로옹벽,2종,D03,수립,자체 안전계획,,,Y,Y,Y,9,7,2026-02-26,SD03-1,예시 자료(시연용)
CSP-2026-0572,2026,공중이용시설,RW2004-0000204,용인대덕초 교문진입로에서 운동장 부지경계부 옹벽,옹벽,건축물옹벽,2종,D03,수립,시설물안전법 제6조 안전 및 유지관리계획,Y,2026-03-17,Y,Y,Y,7,4,2026-02-20,SD03-1,예시 자료(시연용)
CSP-2026-0573,2026,공중이용시설,RW2004-0000291,용인신릉초등학교 교사동 후면 옹벽,옹벽,기타옹벽,3종,D03,수립,자체 안전계획,,,N,Y,Y,6,3,2026-02-01,SD03-1,예시 자료(시연용)
CSP-2026-0574,2026,공중이용시설,RW2004-0000298,지곡초등학교 교사동 동쪽 운동장 부지경계부 옹벽,옹벽,기타옹벽,3종,D03,수립,시설물안전법 제6조 안전 및 유지관리계획,N,,Y,Y,Y,6,5,2026-01-25,SD03-1,예시 자료(시연용)
CSP-2026-0575,2026,공중이용시설,RW2004-0000299,대청초등학교 옹벽(1401892),옹벽,기타옹벽,3종,D03,수립,시설물안전법 제6조 안전 및 유지관리계획,Y,2026-02-27,Y,Y,Y,7,3,2026-02-07,SD03-1,예시 자료(시연용)
CSP-2026-0576,2026,공중이용시설,RW2004-0000301,구성고등학교 교사동 후면 옹벽,옹벽,기타옹벽,3종,D03,수립,시설물안전법 제6조 안전 및 유지관리계획,N,,Y,Y,Y,10,9,2026-02-10,SD03-1,예시 자료(시연용)
CSP-2026-0577,2026,공중이용시설,RW2004-0000328,홍천초등학교 홍천초 정문 진입로 후면 옹벽,옹벽,기타옹벽,3종,D03,수립,시설물안전법 제6조 안전 및 유지관리계획,N,,Y,Y,Y,3,1,2026-02-21,SD03-1,예시 자료(시연용)
CSP-2026-0578,2026,공중이용시설,RW2005-0000071,용인죽전1공구 내 RC옹벽 3호,옹벽,도로옹벽,2종,D03,수립,자체 안전계획,,,Y,Y,Y,8,4,2026-01-12,SD03-1,예시 자료(시연용)
CSP-2026-0579,2026,공중이용시설,RW2005-0000144,언동중 교사동 후면 외측 옹벽,옹벽,건축물옹벽,2종,D03,수립,시설물안전법 제6조 안전 및 유지관리계획,Y,2026-02-03,Y,Y,Y,5,4,2026-02-21,SD03-1,예시 자료(시연용)
CSP-2026-0580,2026,공중이용시설,RW2005-0000186,언남초등학교 운동장 북쪽 부지경계부 옹벽,옹벽,기타옹벽,3종,D03,수립,시설물안전법 제6조 안전 및 유지관리계획,Y,2026-03-20,Y,Y,Y,4,2,2026-02-17,SD03-1,예시 자료(시연용)
CSP-2026-0581,2026,공중이용시설,RW2006-0000050,동백연수원간 보강토옹벽 1호,옹벽,도로옹벽,2종,D03,수립,시설물안전법 제6조 안전 및 유지관리계획,Y,2026-02-05,Y,Y,Y,6,3,2026-01-23,SD03-1,예시 자료(시연용)
CSP-2026-0582,2026,공중이용시설,RW2006-0000051,동백연수원간 보강토옹벽 2호,옹벽,도로옹벽,2종,D03,수립,시설물안전법 제6조 안전 및 유지관리계획,Y,2026-02-22,Y,Y,Y,7,4,2026-02-04,SD03-1,예시 자료(시연용)
CSP-2026-0583,2026,공중이용시설,RW2006-0000208,홍천고 운동장쪽 옹벽,옹벽,건축물옹벽,2종,D03,수립,시설물안전법 제6조 안전 및 유지관리계획,Y,2026-02-10,Y,Y,Y,4,2,2026-02-26,SD03-1,예시 자료(시연용)
CSP-2026-0584,2026,공중이용시설,RW2006-0000234,석성초등학교 교사동 후면 옹벽,옹벽,기타옹벽,3종,D03,수립,시설물안전법 제6조 안전 및 유지관리계획,Y,2026-02-27,Y,Y,Y,6,4,2026-02-17,SD03-1,예시 자료(시연용)
CSP-2026-0585,2026,공중이용시설,RW2007-0000127,동백동 도로옹벽,옹벽,도로옹벽,2종,D03,수립,시설물안전법 제6조 안전 및 유지관리계획,Y,2026-03-13,Y,Y,Y,6,3,2026-01-08,SD03-1,예시 자료(시연용)
CSP-2026-0586,2026,공중이용시설,RW2007-0000163,용인심곡초등학교 교사동 후면 옹벽,옹벽,기타옹벽,3종,D03,미수립,,,,,,,,,,SD03-1,예시 자료(시연용)
CSP-2026-0587,2026,공중이용시설,RW2008-0000019,용인보라도로옹벽,옹벽,도로옹벽,2종,D03,수립,시설물안전법 제6조 안전 및 유지관리계획,N,,Y,Y,Y,7,4,2026-01-02,SD03-1,예시 자료(시연용)
CSP-2026-0588,2026,공중이용시설,RW2008-0000077,강재틀 옹벽,옹벽,도로옹벽,2종,D03,수립,시설물안전법 제6조 안전 및 유지관리계획,Y,2026-03-17,Y,Y,Y,10,8,2026-02-02,SD03-1,예시 자료(시연용)
CSP-2026-0589,2026,공중이용시설,RW2008-0000112,용인구성 9단지 LH아파트 옹벽,옹벽,건축물옹벽,2종,D03,수립,자체 안전계획,,,Y,Y,Y,7,4,2026-01-19,SD03-1,예시 자료(시연용)
CSP-2026-0590,2026,공중이용시설,RW2008-0000173,용인시청소년수련원 대운동장 보강토옹벽,옹벽,기타옹벽,2종,D03,수립,시설물안전법 제6조 안전 및 유지관리계획,N,,Y,Y,Y,7,5,2026-02-04,SD03-1,예시 자료(시연용)
CSP-2026-0591,2026,공중이용시설,RW2008-0000175,보강토옹벽(마성1교차로 RAMP-B교: 우측),옹벽,도로옹벽,2종,D03,수립,시설물안전법 제6조 안전 및 유지관리계획,Y,2026-02-19,Y,Y,Y,9,3,2026-02-21,SD03-1,예시 자료(시연용)
CSP-2026-0592,2026,공중이용시설,RW2008-0000176,보강토옹벽(LINE11),옹벽,도로옹벽,2종,D03,수립,시설물안전법 제6조 안전 및 유지관리계획,Y,2026-02-03,Y,Y,Y,10,5,2026-02-11,SD03-1,예시 자료(시연용)
CSP-2026-0593,2026,공중이용시설,RW2009-0000058,경부선 386.4k(서울) 옹벽,옹벽,도로옹벽,2종,D03,수립,시설물안전법 제6조 안전 및 유지관리계획,Y,2026-03-16,Y,Y,Y,4,3,2026-01-07,SD03-1,예시 자료(시연용)
CSP-2026-0594,2026,공중이용시설,RW2009-0000128,흥덕초 교사동 서편 부지경계부 옹벽,옹벽,건축물옹벽,2종,D03,수립,시설물안전법 제6조 안전 및 유지관리계획,Y,2026-02-13,Y,Y,Y,6,5,2026-01-15,SD03-1,예시 자료(시연용)
CSP-2026-0595,2026,공중이용시설,RW2009-0000151,흥덕변전소 옹벽,옹벽,기타옹벽,2종,D03,수립,시설물안전법 제6조 안전 및 유지관리계획,Y,2026-03-08,Y,Y,Y,5,2,2026-01-22,SD03-1,예시 자료(시연용)
CSP-2026-0596,2026,공중이용시설,RW2010-0000078,보강토 옹벽 1호,옹벽,도로옹벽,2종,D03,수립,자체 안전계획,,,Y,Y,Y,3,2,2026-01-02,SD03-1,예시 자료(시연용)
CSP-2026-0597,2026,공중이용시설,RW2010-0000079,보강토 옹벽 3호,옹벽,도로옹벽,2종,D03,수립,시설물안전법 제6조 안전 및 유지관리계획,Y,2026-02-21,Y,Y,Y,5,5,2026-01-13,SD03-1,예시 자료(시연용)
CSP-2026-0598,2026,공중이용시설,RW2010-0000080,향린동산진입도로 보강토 옹벽,옹벽,도로옹벽,2종,D03,수립,시설물안전법 제6조 안전 및 유지관리계획,Y,2026-02-10,Y,Y,Y,4,3,2026-02-06,SD03-1,예시 자료(시연용)
CSP-2026-0599,2026,공중이용시설,RW2010-0000133,경부선 392.3k(부산) 옹벽,옹벽,도로옹벽,2종,D03,수립,시설물안전법 제6조 안전 및 유지관리계획,Y,2026-02-17,Y,Y,Y,5,4,2026-02-23,SD03-1,예시 자료(시연용)
CSP-2026-0600,2026,공중이용시설,RW2011-0000080,중로2-1옹벽,옹벽,도로옹벽,2종,D03,수립,시설물안전법 제6조 안전 및 유지관리계획,N,,Y,Y,Y,6,5,2026-01-09,SD03-1,예시 자료(시연용)
CSP-2026-0601,2026,공중이용시설,RW2011-0000165,신봉변전소 옹벽,옹벽,기타옹벽,2종,D03,수립,시설물안전법 제6조 안전 및 유지관리계획,Y,2026-02-17,Y,Y,Y,7,5,2026-02-04,SD03-1,예시 자료(시연용)
CSP-2026-0602,2026,공중이용시설,RW2011-0000166,영동선 47.47k(강릉) 옹벽,옹벽,도로옹벽,2종,D03,수립,시설물안전법 제6조 안전 및 유지관리계획,Y,2026-02-18,Y,Y,Y,10,9,2026-01-06,SD03-1,예시 자료(시연용)
CSP-2026-0603,2026,공중이용시설,RW2011-0000187,성서중학교 옹벽(11797164),옹벽,기타옹벽,3종,D03,미수립,,,,,,,,,,SD03-1,예시 자료(시연용)
CSP-2026-0604,2026,공중이용시설,RW2011-0000207,영동선 41.09k(강릉방향) 옹벽,옹벽,도로옹벽,3종,D03,수립,시설물안전법 제6조 안전 및 유지관리계획,N,,Y,Y,Y,10,4,2026-01-21,SD03-1,예시 자료(시연용)
CSP-2026-0605,2026,공중이용시설,RW2011-0000208,영동선63.33k(강릉)옹벽,옹벽,도로옹벽,3종,D03,수립,자체 안전계획,,,Y,Y,Y,9,9,2026-02-08,SD03-1,예시 자료(시연용)
CSP-2026-0606,2026,공중이용시설,RW2012-0000001,PEM옹벽,옹벽,도로옹벽,2종,D03,수립,시설물안전법 제6조 안전 및 유지관리계획,Y,2026-02-20,Y,Y,Y,4,3,2026-01-28,SD03-1,예시 자료(시연용)
CSP-2026-0607,2026,공중이용시설,RW2012-0000123,석벽43호,옹벽,도로옹벽,2종,D03,수립,시설물안전법 제6조 안전 및 유지관리계획,Y,2026-03-15,Y,Y,Y,8,4,2026-02-17,SD03-1,예시 자료(시연용)
CSP-2026-0608,2026,공중이용시설,RW2012-0000142,매봉초 교사동 후면 옹벽,옹벽,건축물옹벽,2종,D03,수립,시설물안전법 제6조 안전 및 유지관리계획,Y,2026-02-26,Y,Y,Y,6,3,2026-02-16,SD03-1,예시 자료(시연용)
CSP-2026-0609,2026,공중이용시설,RW2013-0000123,한국석유공사 용인비축기지 옹벽(등경유 지역),옹벽,도로옹벽,2종,D03,수립,시설물안전법 제6조 안전 및 유지관리계획,Y,2026-03-02,Y,Y,Y,3,3,2026-01-25,SD03-1,예시 자료(시연용)
CSP-2026-0610,2026,공중이용시설,RW2013-0000137,용인 평온의 숲,옹벽,건축물옹벽,2종,D03,수립,자체 안전계획,,,N,Y,Y,8,5,2026-01-13,SD03-1,예시 자료(시연용)
CSP-2026-0611,2026,공중이용시설,RW2013-0000214,어정중 교사동 후면 옹벽,옹벽,건축물옹벽,2종,D03,수립,시설물안전법 제6조 안전 및 유지관리계획,N,,Y,Y,Y,4,3,2026-02-26,SD03-1,예시 자료(시연용)
CSP-2026-0612,2026,공중이용시설,RW2013-0000215,"중일초 정문 진입로 측면,교사동 후면 옹벽",옹벽,건축물옹벽,2종,D03,수립,시설물안전법 제6조 안전 및 유지관리계획,Y,2026-03-17,Y,Y,Y,5,3,2026-01-11,SD03-1,예시 자료(시연용)
CSP-2026-0613,2026,공중이용시설,RW2016-0000212,봉명IC교 우측 보강토옹벽,옹벽,도로옹벽,2종,D03,수립,시설물안전법 제6조 안전 및 유지관리계획,Y,2026-02-14,Y,Y,Y,6,3,2026-02-05,SD03-1,예시 자료(시연용)
CSP-2026-0614,2026,공중이용시설,RW2017-0000261,용인미르스타디움 옹벽,옹벽,건축물옹벽,2종,D03,수립,시설물안전법 제6조 안전 및 유지관리계획,Y,2026-03-04,Y,Y,Y,9,6,2026-01-04,SD03-1,예시 자료(시연용)
CSP-2026-0615,2026,공중이용시설,RW2018-0000266,절토부보강옹벽(제3깍기부),옹벽,도로옹벽,2종,D03,수립,시설물안전법 제6조 안전 및 유지관리계획,Y,2026-02-24,Y,Y,Y,6,4,2026-02-09,SD03-1,예시 자료(시연용)
CSP-2026-0616,2026,공중이용시설,RW2018-0000268,상하 R-B PEM옹벽,옹벽,도로옹벽,2종,D03,수립,자체 안전계획,,,Y,Y,Y,7,4,2026-01-10,SD03-1,예시 자료(시연용)
CSP-2026-0617,2026,공중이용시설,RW2018-0000269,명지교 보강토옹벽 R-AB,옹벽,도로옹벽,2종,D03,수립,시설물안전법 제6조 안전 및 유지관리계획,Y,2026-02-08,Y,Y,Y,7,5,2026-01-22,SD03-1,예시 자료(시연용)
CSP-2026-0618,2026,공중이용시설,RW2018-0000270,명지교 보강토옹벽 R-CD,옹벽,도로옹벽,2종,D03,수립,시설물안전법 제6조 안전 및 유지관리계획,Y,2026-02-27,Y,Y,Y,3,1,2026-02-15,SD03-1,예시 자료(시연용)
CSP-2026-0619,2026,공중이용시설,RW2018-0000272,절토부보강옹벽(제2깍기부(2-1)),옹벽,도로옹벽,2종,D03,수립,시설물안전법 제6조 안전 및 유지관리계획,Y,2026-03-05,N,Y,Y,6,2,2026-02-19,SD03-1,예시 자료(시연용)
CSP-2026-0620,2026,공중이용시설,RW2019-0000031,보강토옹벽(Sta.3+647~3+801(L)),옹벽,도로옹벽,2종,D03,미수립,,,,,,,,,,SD03-1,예시 자료(시연용)
CSP-2026-0621,2026,공중이용시설,RW2019-0000032,보강토옹벽(Sta.4+018~4+250(L)),옹벽,도로옹벽,2종,D03,수립,시설물안전법 제6조 안전 및 유지관리계획,Y,2026-02-08,Y,Y,Y,6,2,2026-02-05,SD03-1,예시 자료(시연용)
CSP-2026-0622,2026,공중이용시설,RW2019-0000033,보강토옹벽(Sta.4+260~4+392(L)),옹벽,도로옹벽,2종,D03,미수립,,,,,,,,,,SD03-1,예시 자료(시연용)
CSP-2026-0623,2026,공중이용시설,RW2019-0000034,성토부 보강토옹벽(LINE3),옹벽,도로옹벽,2종,D03,수립,시설물안전법 제6조 안전 및 유지관리계획,Y,2026-03-06,Y,Y,Y,8,3,2026-01-16,SD03-1,예시 자료(시연용)
CSP-2026-0624,2026,공중이용시설,RW2019-0000035,성토부 보강토옹벽(LINE5),옹벽,도로옹벽,2종,D03,수립,시설물안전법 제6조 안전 및 유지관리계획,Y,2026-02-20,Y,Y,Y,9,6,2026-02-03,SD03-1,예시 자료(시연용)
CSP-2026-0625,2026,공중이용시설,RW2019-0000037,중1-53호 TD옹벽,옹벽,도로옹벽,2종,D03,수립,시설물안전법 제6조 안전 및 유지관리계획,Y,2026-03-12,Y,Y,Y,9,4,2026-02-23,SD03-1,예시 자료(시연용)
CSP-2026-0626,2026,공중이용시설,RW2019-0000059,GPA옹벽,옹벽,도로옹벽,2종,D03,수립,시설물안전법 제6조 안전 및 유지관리계획,Y,2026-02-27,Y,Y,Y,5,3,2026-02-07,SD03-1,예시 자료(시연용)
CSP-2026-0627,2026,공중이용시설,RW2019-0000060,보강토옹벽 1구간,옹벽,도로옹벽,2종,D03,수립,시설물안전법 제6조 안전 및 유지관리계획,Y,2026-02-17,Y,Y,Y,8,7,2026-02-28,SD03-1,예시 자료(시연용)
CSP-2026-0628,2026,공중이용시설,RW2019-0000061,보강토옹벽 2구간,옹벽,도로옹벽,2종,D03,수립,시설물안전법 제6조 안전 및 유지관리계획,N,,Y,Y,Y,3,2,2026-02-20,SD03-1,예시 자료(시연용)
CSP-2026-0629,2026,공중이용시설,RW2020-0000152,중(집)2-1 합벽식옹벽(CEP),옹벽,기타옹벽,2종,D03,수립,자체 안전계획,,,Y,Y,Y,3,3,2026-01-01,SD03-1,예시 자료(시연용)
CSP-2026-0630,2026,공중이용시설,RW2020-0000153,가도-산업6 합벽식옹벽(PPP),옹벽,기타옹벽,2종,D03,수립,시설물안전법 제6조 안전 및 유지관리계획,Y,2026-02-10,Y,Y,Y,6,5,2026-02-07,SD03-1,예시 자료(시연용)
CSP-2026-0631,2026,공중이용시설,RW2020-0000154,중(국)3-10 합벽식옹벽(PPP),옹벽,기타옹벽,2종,D03,수립,시설물안전법 제6조 안전 및 유지관리계획,Y,2026-03-28,Y,Y,Y,5,3,2026-02-12,SD03-1,예시 자료(시연용)
CSP-2026-0632,2026,공중이용시설,RW2020-0000155,블록식 보강토 옹벽,옹벽,기타옹벽,2종,D03,수립,시설물안전법 제6조 안전 및 유지관리계획,Y,2026-02-05,Y,Y,Y,8,4,2026-01-04,SD03-1,예시 자료(시연용)
CSP-2026-0633,2026,공중이용시설,RW2021-0000131,상미 다목적구장 옹벽,옹벽,기타옹벽,2종,D03,수립,시설물안전법 제6조 안전 및 유지관리계획,Y,2026-03-10,Y,Y,Y,6,3,2026-01-17,SD03-1,예시 자료(시연용)
CSP-2026-0634,2026,공중이용시설,SL1980-0000026,대대리 절토사면(산208),절토사면,도로사면,2종,D03,수립,시설물안전법 제6조 안전 및 유지관리계획,Y,2026-03-08,N,Y,Y,5,3,2026-02-07,SD03-1,예시 자료(시연용)
CSP-2026-0635,2026,공중이용시설,SL1998-0000067,한국석유공사 용인비축기지 사면(휘발유 지역),절토사면,도로사면,2종,D03,수립,시설물안전법 제6조 안전 및 유지관리계획,Y,2026-03-09,Y,Y,Y,8,5,2026-02-02,SD03-1,예시 자료(시연용)
CSP-2026-0636,2026,공중이용시설,SL2001-0000383,홍천중 주차장 절토사면,절토사면,건축물사면,2종,D03,작성중,자체 안전계획,,,Y,Y,N,8,0,,SD03-1,예시 자료(시연용)
CSP-2026-0637,2026,공중이용시설,SL2004-0000360,홍천초 교사동 후면 절토사면,절토사면,건축물사면,2종,D03,수립,시설물안전법 제6조 안전 및 유지관리계획,N,,Y,Y,Y,10,9,2026-01-11,SD03-1,예시 자료(시연용)
CSP-2026-0638,2026,공중이용시설,SL2005-0000254,마북동 급경사지,절토사면,도로사면,2종,D03,수립,시설물안전법 제6조 안전 및 유지관리계획,Y,2026-02-01,Y,Y,Y,10,6,2026-01-18,SD03-1,예시 자료(시연용)
CSP-2026-0639,2026,공중이용시설,SL2006-0000242,신일초 교사동 후면 절토사면,절토사면,건축물사면,2종,D03,수립,시설물안전법 제6조 안전 및 유지관리계획,N,,Y,Y,Y,7,4,2026-01-26,SD03-1,예시 자료(시연용)
CSP-2026-0640,2026,공중이용시설,SL2008-0000141,08SS17D06200,절토사면,도로사면,2종,D03,수립,시설물안전법 제6조 안전 및 유지관리계획,Y,2026-03-01,Y,Y,Y,7,4,2026-01-16,SD03-1,예시 자료(시연용)
CSP-2026-0641,2026,공중이용시설,SL2008-0000142,08SS17U03600,절토사면,도로사면,2종,D03,수립,시설물안전법 제6조 안전 및 유지관리계획,Y,2026-03-06,Y,Y,Y,8,4,2026-01-04,SD03-1,예시 자료(시연용)
CSP-2026-0642,2026,공중이용시설,SL2008-0000143,08SS17U05100,절토사면,도로사면,2종,D03,수립,시설물안전법 제6조 안전 및 유지관리계획,Y,2026-03-12,Y,Y,Y,3,1,2026-01-17,SD03-1,예시 자료(시연용)
CSP-2026-0643,2026,공중이용시설,SL2008-0000144,08SS17U05200,절토사면,도로사면,2종,D03,수립,시설물안전법 제6조 안전 및 유지관리계획,N,,Y,Y,Y,6,5,2026-01-06,SD03-1,예시 자료(시연용)
CSP-2026-0644,2026,공중이용시설,SL2008-0000145,08SS17U05300,절토사면,도로사면,2종,D03,수립,자체 안전계획,,,Y,Y,Y,4,3,2026-01-26,SD03-1,예시 자료(시연용)
CSP-2026-0645,2026,공중이용시설,SL2010-0000226,10SS45D03800,절토사면,도로사면,2종,D03,수립,시설물안전법 제6조 안전 및 유지관리계획,Y,2026-02-25,Y,Y,Y,10,9,2026-01-18,SD03-1,예시 자료(시연용)
CSP-2026-0646,2026,공중이용시설,SL2010-0000227,10SS45D04300,절토사면,도로사면,2종,D03,수립,시설물안전법 제6조 안전 및 유지관리계획,Y,2026-03-16,Y,Y,Y,9,8,2026-01-13,SD03-1,예시 자료(시연용)
CSP-2026-0647,2026,공중이용시설,SL2010-0000228,10SS45D05400,절토사면,도로사면,2종,D03,수립,시설물안전법 제6조 안전 및 유지관리계획,Y,2026-03-04,N,Y,Y,10,9,2026-02-17,SD03-1,예시 자료(시연용)
CSP-2026-0648,2026,공중이용시설,SL2010-0000229,10SS45D05600,절토사면,도로사면,2종,D03,수립,자체 안전계획,,,Y,Y,N,10,7,2026-01-01,SD03-1,예시 자료(시연용)
CSP-2026-0649,2026,공중이용시설,SL2010-0000230,10SS45D06200,절토사면,도로사면,2종,D03,수립,시설물안전법 제6조 안전 및 유지관리계획,Y,2026-03-07,Y,Y,Y,7,7,2026-02-19,SD03-1,예시 자료(시연용)
CSP-2026-0650,2026,공중이용시설,SL2010-0000235,10SS45U05300,절토사면,도로사면,2종,D03,미수립,,,,,,,,,,SD03-1,예시 자료(시연용)
CSP-2026-0651,2026,공중이용시설,SL2010-0000236,10SS45U06300,절토사면,도로사면,2종,D03,수립,자체 안전계획,,,Y,Y,N,9,4,2026-02-24,SD03-1,예시 자료(시연용)
CSP-2026-0652,2026,공중이용시설,SL2010-0000237,10SS45U06400,절토사면,도로사면,2종,D03,수립,시설물안전법 제6조 안전 및 유지관리계획,Y,2026-03-03,Y,Y,Y,6,4,2026-02-25,SD03-1,예시 자료(시연용)
CSP-2026-0653,2026,공중이용시설,SL2011-0000124,영동선 45.15k(강릉방향) 절토사면,절토사면,도로사면,2종,D03,수립,시설물안전법 제6조 안전 및 유지관리계획,Y,2026-03-18,Y,Y,Y,9,8,2026-02-28,SD03-1,예시 자료(시연용)
CSP-2026-0654,2026,공중이용시설,SL2011-0000139,C-050-54.8-S,절토사면,도로사면,2종,D03,수립,시설물안전법 제6조 안전 및 유지관리계획,Y,2026-02-09,Y,Y,Y,6,4,2026-02-18,SD03-1,예시 자료(시연용)
CSP-2026-0655,2026,공중이용시설,SL2011-0000141,C-050-57.2-S,절토사면,도로사면,2종,D03,수립,자체 안전계획,,,Y,Y,Y,9,7,2026-02-06,SD03-1,예시 자료(시연용)
CSP-2026-0656,2026,공중이용시설,SL2011-0000142,C-050-58.61-S,절토사면,도로사면,2종,D03,수립,시설물안전법 제6조 안전 및 유지관리계획,Y,2026-03-02,Y,Y,Y,5,3,2026-01-07,SD03-1,예시 자료(시연용)
CSP-2026-0657,2026,공중이용시설,SL2011-0000143,C-050-59.31-TN-EX,절토사면,도로사면,2종,D03,수립,시설물안전법 제6조 안전 및 유지관리계획,Y,2026-02-07,N,Y,Y,10,4,2026-01-03,SD03-1,예시 자료(시연용)
CSP-2026-0658,2026,공중이용시설,SL2013-0000011,한국석유공사 용인비축기지 사면(등경유 지역),절토사면,도로사면,2종,D03,수립,시설물안전법 제6조 안전 및 유지관리계획,N,,Y,Y,Y,5,3,2026-02-03,SD03-1,예시 자료(시연용)
CSP-2026-0659,2026,공중이용시설,ST2005-0000048,기흥레스피아,상하수도,공공하수처리시설,2종,D05,수립,시설물안전법 제6조 안전 및 유지관리계획,Y,2026-02-22,Y,Y,Y,4,2,2026-02-26,SD04-1,예시 자료(시연용)
CSP-2026-0660,2026,공중이용시설,ST2005-0000049,구갈레스피아,상하수도,공공하수처리시설,2종,D05,수립,시설물안전법 제6조 안전 및 유지관리계획,Y,2026-03-11,Y,Y,Y,8,7,2026-01-11,SD04-1,예시 자료(시연용)
CSP-2026-0661,2026,공중이용시설,ST2009-0000031,영덕레스피아,상하수도,공공하수처리시설,2종,D05,수립,시설물안전법 제6조 안전 및 유지관리계획,Y,2026-03-16,Y,Y,Y,6,3,2026-02-05,SD04-1,예시 자료(시연용)
CSP-2026-0662,2026,공중이용시설,ST2010-0000022,수지레스피아,상하수도,공공하수처리시설,2종,D05,수립,시설물안전법 제6조 안전 및 유지관리계획,Y,2026-03-15,Y,Y,Y,6,4,2026-01-20,SD04-1,예시 자료(시연용)
CSP-2026-0663,2026,공중이용시설,ST2010-0000023,상현레스피아,상하수도,공공하수처리시설,2종,D05,수립,시설물안전법 제6조 안전 및 유지관리계획,N,,Y,Y,Y,5,4,2026-01-07,SD04-1,예시 자료(시연용)
CSP-2026-0664,2026,공중이용시설,ST2010-0000024,고매레스피아,상하수도,공공하수처리시설,2종,D05,수립,시설물안전법 제6조 안전 및 유지관리계획,Y,2026-03-22,Y,Y,Y,7,6,2026-02-27,SD04-1,예시 자료(시연용)
CSP-2026-0665,2026,공중이용시설,ST2010-0000025,서천레스피아,상하수도,공공하수처리시설,2종,D05,수립,시설물안전법 제6조 안전 및 유지관리계획,Y,2026-02-06,Y,Y,Y,3,2,2026-02-18,SD04-1,예시 자료(시연용)
CSP-2026-0666,2026,공중이용시설,ST2010-0000026,모현레스피아,상하수도,공공하수처리시설,2종,D05,수립,시설물안전법 제6조 안전 및 유지관리계획,Y,2026-03-05,Y,Y,Y,4,2,2026-01-13,SD04-1,예시 자료(시연용)
CSP-2026-0667,2026,공중이용시설,ST2010-0000027,동부레스피아,상하수도,공공하수처리시설,2종,D05,수립,시설물안전법 제6조 안전 및 유지관리계획,Y,2026-02-04,N,Y,Y,8,6,2026-02-22,SD04-1,예시 자료(시연용)
CSP-2026-0668,2026,공중이용시설,ST2010-0000028,백암레스피아,상하수도,공공하수처리시설,2종,D05,수립,시설물안전법 제6조 안전 및 유지관리계획,Y,2026-03-20,Y,Y,Y,10,4,2026-02-28,SD04-1,예시 자료(시연용)
CSP-2026-0669,2026,공중이용시설,ST2010-0000029,송전레스피아,상하수도,공공하수처리시설,2종,D05,수립,시설물안전법 제6조 안전 및 유지관리계획,Y,2026-02-26,Y,Y,Y,4,3,2026-02-10,SD04-1,예시 자료(시연용)
CSP-2026-0670,2026,공중이용시설,ST2010-0000030,천리레스피아,상하수도,공공하수처리시설,2종,D05,수립,시설물안전법 제6조 안전 및 유지관리계획,Y,2026-02-27,N,Y,Y,10,4,2026-01-05,SD04-1,예시 자료(시연용)
CSP-2026-0671,2026,공중이용시설,ST2010-0000031,남사레스피아,상하수도,공공하수처리시설,2종,D05,수립,시설물안전법 제6조 안전 및 유지관리계획,Y,2026-03-18,Y,Y,Y,9,6,2026-01-19,SD04-1,예시 자료(시연용)
CSP-2026-0672,2026,공중이용시설,ST2010-0000032,추계레스피아,상하수도,공공하수처리시설,2종,D05,수립,시설물안전법 제6조 안전 및 유지관리계획,Y,2026-02-21,Y,Y,Y,9,4,2026-02-04,SD04-1,예시 자료(시연용)
CSP-2026-0673,2026,공중이용시설,ST2014-0000006,상현하수처리수 재이용(총인)시설,상하수도,공공하수처리시설,2종,D05,수립,시설물안전법 제6조 안전 및 유지관리계획,Y,2026-03-15,Y,Y,Y,8,5,2026-02-11,SD04-1,예시 자료(시연용)
CSP-2026-0674,2026,공중이용시설,ST2018-0000019,아곡레스피아,상하수도,공공하수처리시설,2종,D05,수립,시설물안전법 제6조 안전 및 유지관리계획,Y,2026-02-01,Y,Y,Y,3,2,2026-02-27,SD04-1,예시 자료(시연용)
CSP-2026-0675,2026,공중이용시설,ST2019-0000005,용인레스피아,상하수도,공공하수처리시설,2종,D05,수립,시설물안전법 제6조 안전 및 유지관리계획,Y,2026-02-12,N,Y,Y,6,3,2026-02-05,SD04-1,예시 자료(시연용)
CSP-2026-0676,2026,공중이용시설,TU1980-0000032,주북리터널,터널,도로터널,3종,D03,수립,시설물안전법 제6조 안전 및 유지관리계획,Y,2026-03-05,Y,Y,Y,7,4,2026-01-07,SD03-1,예시 자료(시연용)
CSP-2026-0677,2026,공중이용시설,TU1994-0000014,양지터널(인천2),터널,도로터널,2종,D03,수립,시설물안전법 제6조 안전 및 유지관리계획,Y,2026-03-16,Y,Y,Y,9,8,2026-01-01,SD03-1,예시 자료(시연용)
CSP-2026-0678,2026,공중이용시설,TU1994-0000015,양지터널(인천1),터널,도로터널,2종,D03,수립,시설물안전법 제6조 안전 및 유지관리계획,Y,2026-02-24,Y,Y,Y,9,8,2026-02-04,SD03-1,예시 자료(시연용)
CSP-2026-0679,2026,공중이용시설,TU1994-0000016,마성터널(인천0),터널,도로터널,1종,D03,수립,시설물안전법 제6조 안전 및 유지관리계획,Y,2026-03-06,Y,Y,Y,10,4,2026-02-12,SD03-1,예시 자료(시연용)
CSP-2026-0680,2026,공중이용시설,TU1994-0000017,마성터널(강릉0),터널,도로터널,1종,D03,수립,시설물안전법 제6조 안전 및 유지관리계획,Y,2026-02-22,Y,Y,Y,9,4,2026-01-12,SD03-1,예시 자료(시연용)
CSP-2026-0681,2026,공중이용시설,TU2002-0000025,학고개터널,터널,도로터널,3종,D03,수립,시설물안전법 제6조 안전 및 유지관리계획,Y,2026-03-27,Y,Y,Y,9,7,2026-02-02,SD03-1,예시 자료(시연용)
CSP-2026-0682,2026,공중이용시설,TU2002-0000027,능원터널,터널,도로터널,3종,D03,수립,시설물안전법 제6조 안전 및 유지관리계획,Y,2026-02-05,Y,Y,Y,3,2,2026-01-18,SD03-1,예시 자료(시연용)
CSP-2026-0683,2026,공중이용시설,TU2004-0000147,금어리터널,터널,도로터널,3종,D03,수립,시설물안전법 제6조 안전 및 유지관리계획,Y,2026-02-06,Y,Y,Y,4,2,2026-02-16,SD03-1,예시 자료(시연용)
CSP-2026-0684,2026,공중이용시설,TU2006-0000031,법화터널,터널,도로터널,1종,D03,수립,자체 안전계획,,,Y,Y,Y,6,6,2026-01-22,SD03-1,예시 자료(시연용)
CSP-2026-0685,2026,공중이용시설,TU2006-0000032,마북터널,터널,도로터널,2종,D03,수립,시설물안전법 제6조 안전 및 유지관리계획,Y,2026-02-25,Y,Y,Y,5,2,2026-02-05,SD03-1,예시 자료(시연용)
CSP-2026-0686,2026,공중이용시설,TU2007-0000145,여수곡터널,터널,도로터널,3종,D03,수립,시설물안전법 제6조 안전 및 유지관리계획,Y,2026-02-19,Y,Y,Y,8,7,2026-01-23,SD03-1,예시 자료(시연용)
CSP-2026-0687,2026,공중이용시설,TU2007-0000147,역북터널,터널,도로터널,2종,D03,수립,시설물안전법 제6조 안전 및 유지관리계획,Y,2026-02-23,Y,Y,Y,6,5,2026-02-16,SD03-1,예시 자료(시연용)
CSP-2026-0688,2026,공중이용시설,TU2008-0000224,신갈터널,터널,도로터널,3종,D03,수립,시설물안전법 제6조 안전 및 유지관리계획,Y,2026-02-18,Y,Y,Y,4,2,2026-02-17,SD03-1,예시 자료(시연용)
CSP-2026-0689,2026,공중이용시설,TU2009-0000008,본선 BOX 터널,터널,철도터널,2종,D03,수립,시설물안전법 제6조 안전 및 유지관리계획,Y,2026-03-01,Y,Y,Y,5,4,2026-02-17,SD03-1,예시 자료(시연용)
CSP-2026-0690,2026,공중이용시설,TU2009-0000078,문수산터널,터널,도로터널,1종,D03,수립,시설물안전법 제6조 안전 및 유지관리계획,Y,2026-02-04,N,Y,Y,5,3,2026-02-12,SD03-1,예시 자료(시연용)
CSP-2026-0691,2026,공중이용시설,TU2009-0000101,청명터널,터널,도로터널,1종,D03,수립,시설물안전법 제6조 안전 및 유지관리계획,Y,2026-03-18,Y,Y,Y,9,4,2026-01-22,SD03-1,예시 자료(시연용)
CSP-2026-0692,2026,공중이용시설,TU2009-0000102,기흥터널,터널,도로터널,1종,D03,수립,시설물안전법 제6조 안전 및 유지관리계획,N,,Y,Y,Y,10,7,2026-02-14,SD03-1,예시 자료(시연용)
CSP-2026-0693,2026,공중이용시설,TU2009-0000143,영덕3터널,터널,도로터널,1종,D03,작성중,자체 안전계획,,,Y,Y,N,5,0,,SD03-1,예시 자료(시연용)
CSP-2026-0694,2026,공중이용시설,TU2009-0000144,영덕2터널,터널,도로터널,1종,D03,수립,시설물안전법 제6조 안전 및 유지관리계획,Y,2026-02-11,Y,Y,Y,5,4,2026-01-14,SD03-1,예시 자료(시연용)
CSP-2026-0695,2026,공중이용시설,TU2009-0000243,청명생태터널,터널,도로터널,2종,D03,수립,시설물안전법 제6조 안전 및 유지관리계획,Y,2026-03-19,Y,Y,Y,10,5,2026-01-05,SD03-1,예시 자료(시연용)
CSP-2026-0696,2026,공중이용시설,TU2009-0000247,동천터널,터널,도로터널,2종,D03,수립,시설물안전법 제6조 안전 및 유지관리계획,Y,2026-02-21,Y,Y,Y,9,7,2026-02-28,SD03-1,예시 자료(시연용)
CSP-2026-0697,2026,공중이용시설,TU2010-0000087,초막터널,터널,도로터널,2종,D03,수립,시설물안전법 제6조 안전 및 유지관리계획,Y,2026-02-14,Y,Y,Y,9,7,2026-01-21,SD03-1,예시 자료(시연용)
CSP-2026-0698,2026,공중이용시설,TU2011-0000221,버들치터널(상),터널,도로터널,2종,D03,수립,시설물안전법 제6조 안전 및 유지관리계획,Y,2026-02-12,Y,Y,Y,6,3,2026-01-23,SD03-1,예시 자료(시연용)
CSP-2026-0699,2026,공중이용시설,TU2011-0000222,버들치터널(하),터널,도로터널,2종,D03,수립,시설물안전법 제6조 안전 및 유지관리계획,Y,2026-02-16,Y,Y,Y,5,2,2026-01-06,SD03-1,예시 자료(시연용)
CSP-2026-0700,2026,공중이용시설,TU2011-0000223,신봉터널,터널,도로터널,2종,D03,수립,자체 안전계획,,,Y,Y,Y,8,7,2026-01-17,SD03-1,예시 자료(시연용)
CSP-2026-0701,2026,공중이용시설,TU2012-0000028,양지터널(강릉),터널,도로터널,1종,D03,수립,시설물안전법 제6조 안전 및 유지관리계획,Y,2026-03-27,Y,Y,Y,8,7,2026-01-23,SD03-1,예시 자료(시연용)
CSP-2026-0702,2026,공중이용시설,TU2012-0000181,영덕1터널,터널,도로터널,3종,D03,수립,시설물안전법 제6조 안전 및 유지관리계획,Y,2026-02-09,Y,Y,Y,6,6,2026-01-02,SD03-1,예시 자료(시연용)
CSP-2026-0703,2026,공중이용시설,TU2012-0000207,서리터널,터널,도로터널,2종,D03,수립,시설물안전법 제6조 안전 및 유지관리계획,Y,2026-02-28,N,Y,Y,6,5,2026-02-11,SD03-1,예시 자료(시연용)
CSP-2026-0704,2026,공중이용시설,TU2013-0000001,본선터널(기흥~상갈),터널,철도터널,1종,D03,수립,시설물안전법 제6조 안전 및 유지관리계획,Y,2026-02-03,Y,Y,Y,4,2,2026-01-08,SD03-1,예시 자료(시연용)
CSP-2026-0705,2026,공중이용시설,TU2013-0000002,동백터널(동백방향),터널,도로터널,2종,D03,수립,시설물안전법 제6조 안전 및 유지관리계획,N,,Y,Y,Y,9,6,2026-02-01,SD03-1,예시 자료(시연용)
CSP-2026-0706,2026,공중이용시설,TU2013-0000003,동백터널(마성방향),터널,도로터널,2종,D03,수립,시설물안전법 제6조 안전 및 유지관리계획,Y,2026-03-27,N,Y,Y,9,8,2026-02-20,SD03-1,예시 자료(시연용)
CSP-2026-0707,2026,공중이용시설,TU2013-0000024,마성터널(강릉1),터널,도로터널,1종,D03,수립,시설물안전법 제6조 안전 및 유지관리계획,N,,Y,Y,Y,10,4,2026-02-26,SD03-1,예시 자료(시연용)
CSP-2026-0708,2026,공중이용시설,TU2013-0000025,마성터널(인천1),터널,도로터널,1종,D03,수립,자체 안전계획,,,N,Y,Y,10,8,2026-02-11,SD03-1,예시 자료(시연용)
CSP-2026-0709,2026,공중이용시설,TU2013-0000122,본선터널(보정~구성),터널,철도터널,1종,D03,수립,시설물안전법 제6조 안전 및 유지관리계획,Y,2026-03-17,Y,Y,Y,3,2,2026-02-22,SD03-1,예시 자료(시연용)
CSP-2026-0710,2026,공중이용시설,TU2013-0000124,본선터널(구성~신갈),터널,철도터널,1종,D03,수립,시설물안전법 제6조 안전 및 유지관리계획,N,,Y,Y,Y,6,3,2026-02-23,SD03-1,예시 자료(시연용)
CSP-2026-0711,2026,공중이용시설,TU2013-0000125,본선터널(신갈~기흥),터널,철도터널,2종,D03,수립,시설물안전법 제6조 안전 및 유지관리계획,N,,Y,Y,Y,10,7,2026-01-09,SD03-1,예시 자료(시연용)
CSP-2026-0712,2026,공중이용시설,TU2014-0000042,본선터널(상갈~영통),터널,철도터널,1종,D03,수립,시설물안전법 제6조 안전 및 유지관리계획,Y,2026-02-12,Y,Y,Y,3,2,2026-01-02,SD03-1,예시 자료(시연용)
CSP-2026-0713,2026,공중이용시설,TU2015-0000033,고매터널(성남방향),터널,도로터널,2종,D03,수립,시설물안전법 제6조 안전 및 유지관리계획,N,,Y,Y,Y,8,5,2026-01-25,SD03-1,예시 자료(시연용)
CSP-2026-0714,2026,공중이용시설,TU2015-0000034,고매터널(오산방향),터널,도로터널,2종,D03,수립,시설물안전법 제6조 안전 및 유지관리계획,Y,2026-03-25,Y,Y,Y,8,3,2026-02-19,SD03-1,예시 자료(시연용)
CSP-2026-0715,2026,공중이용시설,TU2016-0000097,율현터널,터널,철도터널,1종,D03,수립,시설물안전법 제6조 안전 및 유지관리계획,Y,2026-02-17,Y,Y,Y,6,4,2026-02-19,SD03-1,예시 자료(시연용)
CSP-2026-0716,2026,공중이용시설,TU2018-0000166,상하터널(상),터널,도로터널,2종,D03,수립,시설물안전법 제6조 안전 및 유지관리계획,Y,2026-03-03,Y,Y,Y,5,5,2026-01-21,SD03-1,예시 자료(시연용)
CSP-2026-0717,2026,공중이용시설,TU2018-0000167,상하터널(하),터널,도로터널,2종,D03,수립,시설물안전법 제6조 안전 및 유지관리계획,Y,2026-02-14,Y,Y,Y,8,4,2026-02-28,SD03-1,예시 자료(시연용)
CSP-2026-0718,2026,공중이용시설,TU2018-0000168,능안터널(상),터널,도로터널,2종,D03,수립,시설물안전법 제6조 안전 및 유지관리계획,Y,2026-03-03,Y,Y,Y,5,4,2026-02-05,SD03-1,예시 자료(시연용)
CSP-2026-0719,2026,공중이용시설,TU2018-0000169,능안터널(하),터널,도로터널,2종,D03,수립,시설물안전법 제6조 안전 및 유지관리계획,Y,2026-03-25,N,Y,Y,5,3,2026-02-20,SD03-1,예시 자료(시연용)
CSP-2026-0720,2026,공중이용시설,TU2018-0000170,신기터널(상),터널,도로터널,2종,D03,수립,시설물안전법 제6조 안전 및 유지관리계획,Y,2026-02-14,Y,Y,Y,9,8,2026-01-28,SD03-1,예시 자료(시연용)
CSP-2026-0721,2026,공중이용시설,TU2018-0000171,신기터널(하),터널,도로터널,2종,D03,수립,시설물안전법 제6조 안전 및 유지관리계획,Y,2026-02-27,N,Y,Y,5,3,2026-02-20,SD03-1,예시 자료(시연용)
CSP-2026-0722,2026,공중이용시설,TU2019-0000023,Precast Arch 통로암거,터널,도로터널,2종,D03,수립,시설물안전법 제6조 안전 및 유지관리계획,Y,2026-03-18,N,Y,Y,6,4,2026-02-23,SD03-1,예시 자료(시연용)
CSP-2026-0723,2026,공중이용시설,UR1999-0000007,농서지하차도,터널,지하차도,3종,D03,수립,시설물안전법 제6조 안전 및 유지관리계획,Y,2026-03-09,Y,Y,Y,8,5,2026-01-22,SD03-1,예시 자료(시연용)
CSP-2026-0724,2026,공중이용시설,UR2005-0000013,강남대지하차도,터널,지하차도,2종,D03,수립,시설물안전법 제6조 안전 및 유지관리계획,Y,2026-02-14,Y,Y,Y,8,7,2026-02-26,SD03-1,예시 자료(시연용)
CSP-2026-0725,2026,공중이용시설,UR2005-0000055,삼막곡제2지하차도,터널,지하차도,3종,D03,수립,자체 안전계획,,,Y,Y,Y,10,9,2026-02-11,SD03-1,예시 자료(시연용)
CSP-2026-0726,2026,공중이용시설,UR2006-0000017,신일지하차도,터널,지하차도,2종,D03,수립,시설물안전법 제6조 안전 및 유지관리계획,Y,2026-03-16,N,Y,Y,6,5,2026-02-21,SD03-1,예시 자료(시연용)
CSP-2026-0727,2026,공중이용시설,UR2006-0000018,삼막곡 제1지하차도,터널,지하차도,2종,D03,수립,시설물안전법 제6조 안전 및 유지관리계획,Y,2026-03-26,Y,Y,Y,3,2,2026-01-06,SD03-1,예시 자료(시연용)
CSP-2026-0728,2026,공중이용시설,UR2006-0000030,동백지하차도(지하차도 #1),터널,지하차도,2종,D03,수립,시설물안전법 제6조 안전 및 유지관리계획,Y,2026-02-17,Y,Y,Y,3,2,2026-02-11,SD03-1,예시 자료(시연용)
CSP-2026-0729,2026,공중이용시설,UR2006-0000031,수성지하차도(지하차도 #2),터널,지하차도,2종,D03,수립,시설물안전법 제6조 안전 및 유지관리계획,Y,2026-03-06,Y,Y,Y,6,5,2026-01-21,SD03-1,예시 자료(시연용)
CSP-2026-0730,2026,공중이용시설,UR2006-0000036,성산지하차도(지하차도#3),터널,지하차도,2종,D03,수립,시설물안전법 제6조 안전 및 유지관리계획,Y,2026-02-03,Y,Y,Y,4,3,2026-01-18,SD03-1,예시 자료(시연용)
CSP-2026-0731,2026,공중이용시설,UR2006-0000037,은목지하차도(지하차도#4),터널,지하차도,2종,D03,수립,시설물안전법 제6조 안전 및 유지관리계획,Y,2026-02-13,Y,Y,Y,6,3,2026-01-13,SD03-1,예시 자료(시연용)
CSP-2026-0732,2026,공중이용시설,UR2006-0000038,초당지하차도(지하차도#5),터널,지하차도,2종,D03,수립,자체 안전계획,,,Y,N,Y,7,3,2026-02-23,SD03-1,예시 자료(시연용)
CSP-2026-0733,2026,공중이용시설,UR2008-0000045,청덕지하차도,터널,지하차도,3종,D03,수립,시설물안전법 제6조 안전 및 유지관리계획,Y,2026-02-21,Y,Y,Y,3,1,2026-02-04,SD03-1,예시 자료(시연용)
CSP-2026-0734,2026,공중이용시설,UR2008-0000048,삼막곡터널,터널,지하차도,3종,D03,수립,시설물안전법 제6조 안전 및 유지관리계획,Y,2026-03-07,Y,Y,Y,3,3,2026-02-09,SD03-1,예시 자료(시연용)
CSP-2026-0735,2026,공중이용시설,UR2009-0000011,죽전지하차도,터널,지하차도,1종,D03,수립,시설물안전법 제6조 안전 및 유지관리계획,Y,2026-03-06,Y,Y,Y,3,3,2026-02-23,SD03-1,예시 자료(시연용)
CSP-2026-0736,2026,공중이용시설,UR2010-0000038,흥덕지하차도,터널,지하차도,2종,D03,수립,시설물안전법 제6조 안전 및 유지관리계획,Y,2026-03-28,Y,Y,Y,3,1,2026-01-10,SD03-1,예시 자료(시연용)
CSP-2026-0737,2026,공중이용시설,UR2012-0000009,서천지하차도,터널,지하차도,2종,D03,수립,시설물안전법 제6조 안전 및 유지관리계획,Y,2026-02-12,N,Y,Y,9,8,2026-02-03,SD03-1,예시 자료(시연용)
CSP-2026-0738,2026,공중이용시설,UR2012-0000052,하동IC램프2,터널,지하차도,2종,D03,수립,시설물안전법 제6조 안전 및 유지관리계획,N,,Y,Y,Y,10,5,2026-02-02,SD03-1,예시 자료(시연용)
CSP-2026-0739,2026,공중이용시설,UR2012-0000054,신대지하차도,터널,지하차도,1종,D03,수립,시설물안전법 제6조 안전 및 유지관리계획,Y,2026-03-16,Y,Y,Y,6,3,2026-01-01,SD03-1,예시 자료(시연용)
CSP-2026-0740,2026,공중이용시설,UR2013-0000010,성복지하차도,터널,지하차도,2종,D03,수립,시설물안전법 제6조 안전 및 유지관리계획,Y,2026-03-24,Y,Y,Y,5,2,2026-02-08,SD03-1,예시 자료(시연용)
CSP-2026-0741,2026,공중이용시설,UR2017-0000003,상현지하차도,터널,지하차도,1종,D03,수립,시설물안전법 제6조 안전 및 유지관리계획,Y,2026-02-22,Y,Y,Y,4,3,2026-01-19,SD03-1,예시 자료(시연용)
CSP-2026-0742,2026,공중이용시설,UR2018-0000010,공세지하차도,터널,지하차도,2종,D03,수립,자체 안전계획,,,Y,Y,Y,8,7,2026-01-24,SD03-1,예시 자료(시연용)
CSP-2026-0743,2026,공중이용시설,WG2008-0000097,갈담제1배수통문,하천,수문 및 통문,2종,D17,수립,시설물안전법 제6조 안전 및 유지관리계획,Y,2026-03-02,Y,Y,Y,6,5,2026-02-22,SD13-1,예시 자료(시연용)
CSP-2026-0744,2026,공중이용시설,WG2008-0000098,고림제1배수통문,하천,수문 및 통문,2종,D17,수립,시설물안전법 제6조 안전 및 유지관리계획,Y,2026-03-16,Y,Y,Y,7,5,2026-01-19,SD13-1,예시 자료(시연용)
CSP-2026-0745,2026,공중이용시설,WG2008-0000099,둔전제1배수통문,하천,수문 및 통문,2종,D17,작성중,자체 안전계획,,,Y,Y,N,8,0,,SD13-1,예시 자료(시연용)
CSP-2026-0746,2026,공중이용시설,WG2008-0000101,송문제1배수통문,하천,수문 및 통문,2종,D17,수립,시설물안전법 제6조 안전 및 유지관리계획,Y,2026-02-22,Y,Y,Y,3,3,2026-01-26,SD13-1,예시 자료(시연용)
CSP-2026-0747,2026,공중이용시설,WG2008-0000102,역북제2배수통문,하천,수문 및 통문,2종,D17,수립,시설물안전법 제6조 안전 및 유지관리계획,Y,2026-03-11,Y,Y,Y,6,5,2026-02-06,SD13-1,예시 자료(시연용)
CSP-2026-0748,2026,공중이용시설,WG2008-0000111,진목1 배수암거,하천,수문 및 통문,2종,D17,수립,시설물안전법 제6조 안전 및 유지관리계획,Y,2026-02-05,Y,Y,Y,5,4,2026-01-05,SD13-1,예시 자료(시연용)
CSP-2026-0749,2026,공중이용시설,WG2008-0000112,진목2 배수암거,하천,수문 및 통문,2종,D17,작성중,자체 안전계획,,,Y,Y,N,8,0,,SD13-1,예시 자료(시연용)
CSP-2026-0750,2026,공중이용시설,WG2008-0000113,진목1 배수문,하천,수문 및 통문,2종,D17,수립,시설물안전법 제6조 안전 및 유지관리계획,Y,2026-02-28,Y,Y,Y,9,8,2026-02-12,SD13-1,예시 자료(시연용)
CSP-2026-0751,2026,공중이용시설,WG2008-0000114,방아1 배수문,하천,수문 및 통문,2종,D17,수립,시설물안전법 제6조 안전 및 유지관리계획,Y,2026-03-21,Y,Y,Y,9,6,2026-02-04,SD13-1,예시 자료(시연용)
CSP-2026-0752,2026,공중이용시설,WG2008-0000116,방아2 배수문,하천,수문 및 통문,2종,D17,수립,시설물안전법 제6조 안전 및 유지관리계획,N,,Y,Y,Y,9,4,2026-01-27,SD13-1,예시 자료(시연용)
CSP-2026-0753,2026,공중이용시설,WG2008-0000117,방아1 배수암거,하천,수문 및 통문,2종,D17,수립,시설물안전법 제6조 안전 및 유지관리계획,Y,2026-03-05,Y,Y,Y,10,9,2026-02-02,SD13-1,예시 자료(시연용)
CSP-2026-0754,2026,공중이용시설,WG2008-0000118,방아3 배수문,하천,수문 및 통문,2종,D17,수립,시설물안전법 제6조 안전 및 유지관리계획,Y,2026-02-06,Y,Y,Y,4,2,2026-02-27,SD13-1,예시 자료(시연용)
CSP-2026-0755,2026,공중이용시설,WG2008-0000119,방아4 배수문,하천,수문 및 통문,2종,D17,수립,시설물안전법 제6조 안전 및 유지관리계획,N,,Y,Y,Y,5,4,2026-01-02,SD13-1,예시 자료(시연용)
CSP-2026-0756,2026,공중이용시설,WG2008-0000120,방아2 배수암거,하천,수문 및 통문,2종,D17,수립,시설물안전법 제6조 안전 및 유지관리계획,Y,2026-02-24,Y,Y,Y,9,5,2026-01-07,SD13-1,예시 자료(시연용)
CSP-2026-0757,2026,공중이용시설,WG2008-0000121,봉명1 배수문,하천,수문 및 통문,2종,D17,미수립,,,,,,,,,,SD13-1,예시 자료(시연용)
CSP-2026-0758,2026,공중이용시설,WG2008-0000122,원암1 배수암거,하천,수문 및 통문,2종,D17,수립,시설물안전법 제6조 안전 및 유지관리계획,Y,2026-02-22,Y,Y,Y,5,3,2026-01-19,SD13-1,예시 자료(시연용)
CSP-2026-0759,2026,공중이용시설,WG2008-0000123,방아1 배수문,하천,수문 및 통문,2종,D17,수립,시설물안전법 제6조 안전 및 유지관리계획,Y,2026-03-07,Y,Y,Y,9,4,2026-01-15,SD13-1,예시 자료(시연용)
CSP-2026-0760,2026,공중이용시설,WG2008-0000135,구갈제3배수암거,하천,수문 및 통문,2종,D17,수립,시설물안전법 제6조 안전 및 유지관리계획,Y,2026-03-23,Y,Y,Y,3,3,2026-01-15,SD13-1,예시 자료(시연용)
CSP-2026-0761,2026,공중이용시설,WG2008-0000136,상하제1배수암거,하천,수문 및 통문,2종,D17,수립,시설물안전법 제6조 안전 및 유지관리계획,Y,2026-03-01,Y,Y,Y,6,3,2026-02-14,SD13-1,예시 자료(시연용)
CSP-2026-0762,2026,공중이용시설,WG2008-0000137,상하제2배수암거,하천,수문 및 통문,2종,D17,수립,시설물안전법 제6조 안전 및 유지관리계획,Y,2026-02-03,Y,Y,Y,6,2,2026-01-04,SD13-1,예시 자료(시연용)
CSP-2026-0763,2026,공중이용시설,WG2008-0000138,상하제4배수암거,하천,수문 및 통문,2종,D17,수립,시설물안전법 제6조 안전 및 유지관리계획,Y,2026-03-22,Y,Y,Y,10,7,2026-01-21,SD13-1,예시 자료(시연용)
CSP-2026-0764,2026,공중이용시설,WG2008-0000141,진목1배수문,하천,수문 및 통문,2종,D17,수립,시설물안전법 제6조 안전 및 유지관리계획,Y,2026-03-23,Y,Y,Y,3,2,2026-01-15,SD13-1,예시 자료(시연용)
CSP-2026-0765,2026,공중이용시설,WG2008-0000142,창리1배수문,하천,수문 및 통문,2종,D17,수립,시설물안전법 제6조 안전 및 유지관리계획,Y,2026-03-02,Y,Y,Y,6,3,2026-01-14,SD13-1,예시 자료(시연용)
CSP-2026-0766,2026,공중이용시설,WG2008-0000143,유방제1배수통관,하천,수문 및 통문,2종,D17,수립,시설물안전법 제6조 안전 및 유지관리계획,Y,2026-02-22,Y,Y,Y,10,9,2026-01-15,SD13-1,예시 자료(시연용)
CSP-2026-0767,2026,공중이용시설,WG2008-0000144,유방제5배수통관,하천,수문 및 통문,2종,D17,수립,시설물안전법 제6조 안전 및 유지관리계획,N,,Y,Y,Y,5,2,2026-02-08,SD13-1,예시 자료(시연용)
CSP-2026-0768,2026,공중이용시설,WG2019-0000004,초부1배수문,하천,수문 및 통문,2종,D17,수립,시설물안전법 제6조 안전 및 유지관리계획,Y,2026-02-26,Y,Y,Y,3,2,2026-01-21,SD13-1,예시 자료(시연용)
CSP-2026-0769,2026,공중이용시설,WG2019-0000005,초부2배수문,하천,수문 및 통문,2종,D17,수립,시설물안전법 제6조 안전 및 유지관리계획,Y,2026-03-02,Y,Y,Y,10,7,2026-02-19,SD13-1,예시 자료(시연용)
CSP-2026-0770,2026,공중이용시설,WG2019-0000006,갈담1배수문,하천,수문 및 통문,2종,D17,수립,자체 안전계획,,,Y,Y,Y,6,2,2026-02-03,SD13-1,예시 자료(시연용)
CSP-2026-0771,2026,공중이용시설,WG2019-0000007,왕산3배수문,하천,수문 및 통문,2종,D17,수립,자체 안전계획,,,Y,Y,Y,10,5,2026-01-07,SD13-1,예시 자료(시연용)
CSP-2026-0772,2026,공중이용시설,WS1991-0000015,기흥상수도,상하수도,지방상수도,2종,D04,수립,시설물안전법 제6조 안전 및 유지관리계획,Y,2026-03-16,Y,Y,Y,5,2,2026-02-19,SD04-1,예시 자료(시연용)
CSP-2026-0773,2026,공중이용시설,WS1991-0000016,용인상수도,상하수도,지방상수도,2종,D04,수립,자체 안전계획,,,Y,Y,Y,8,6,2026-01-25,SD04-1,예시 자료(시연용)
CSP-2026-0774,2026,공중이용시설,WS1991-0000019,구성상수도,상하수도,지방상수도,2종,D04,수립,시설물안전법 제6조 안전 및 유지관리계획,Y,2026-02-09,Y,Y,Y,8,8,2026-02-20,SD04-1,예시 자료(시연용)
CSP-2026-0775,2026,공중이용시설,WS2003-0000053,용인시 지방상수도,상하수도,지방상수도,1종,D04,수립,시설물안전법 제6조 안전 및 유지관리계획,Y,2026-02-21,N,Y,Y,9,8,2026-02-09,SD04-1,예시 자료(시연용)
CSP-2026-0776,2026,공중이용시설,WS2005-0000091,죽전지구 상수도,상하수도,지방상수도,2종,D04,수립,시설물안전법 제6조 안전 및 유지관리계획,Y,2026-02-12,Y,Y,Y,5,4,2026-01-04,SD04-1,예시 자료(시연용)
CSP-2026-0777,2026,공중이용시설,WS2006-0000016,신봉상수도,상하수도,지방상수도,2종,D04,수립,시설물안전법 제6조 안전 및 유지관리계획,Y,2026-03-24,Y,Y,Y,10,9,2026-02-03,SD04-1,예시 자료(시연용)
CSP-2026-0778,2026,공중이용시설,WS2009-0000054,백원지역상수도시설,상하수도,지방상수도,2종,D04,수립,시설물안전법 제6조 안전 및 유지관리계획,Y,2026-03-14,Y,Y,Y,7,5,2026-01-28,SD04-1,예시 자료(시연용)
CSP-2026-0779,2026,공중이용시설,WS2013-0000050,청덕상수도,상하수도,지방상수도,2종,D04,수립,시설물안전법 제6조 안전 및 유지관리계획,Y,2026-02-28,Y,Y,Y,9,5,2026-02-09,SD04-1,예시 자료(시연용)
CSP-2026-0780,2026,공중이용시설,WS2013-0000051,고기상수도,상하수도,지방상수도,2종,D04,수립,시설물안전법 제6조 안전 및 유지관리계획,Y,2026-03-01,Y,Y,Y,10,6,2026-02-07,SD04-1,예시 자료(시연용)
CSP-2026-0781,2026,공중이용시설,WS2018-0000041,남사 상수도,상하수도,지방상수도,2종,D04,수립,시설물안전법 제6조 안전 및 유지관리계획,Y,2026-03-01,Y,Y,Y,6,5,2026-01-12,SD04-1,예시 자료(시연용)
CSP-2026-T001,2026,공중교통수단,,용인경전철(에버라인),경전철,도시철도차량·시설,,D16,수립,철도안전법 제6조 연차별 시행계획,Y,2026-02-24,Y,Y,Y,12,8,2026-01-20,SD10-1,예시 자료(시연용) · 도시철도법 계열(궤도운송법 비적용) · 자산 대장 밖
