tech_item_id,tech_obl_id,anchor_unit_id,항목 경로,항목 제목,제목 출처,글자,원문,용인시 해당,review_status
TITM-000001,TOBL-00001,UNIT-0277147,a11/s0-1-2,함선의 내부,규칙,41,함선의 내부는 침수로부터 안전성을 확보할 수 있는 격벽을 설치하여야 한다.,모름,pending
TITM-000002,TOBL-00001,UNIT-0277147,a11/s0-1-3,물속에 잠기,규칙,42,물속에 잠기는 강재에는 부식을 최소화할 수 있는 전기방식을 고려하여야 한다.,모름,pending
TITM-000003,TOBL-00001,UNIT-0277147,a11/s0-1-4,함선의 방충재,규칙,63,"함선의 방충재는 계류 대상 선박의 규모, 사용용도 등을 고려하여 이에 적합한 형태의 규격을 선정·설치하여야 한다.",모름,pending
TITM-000004,TOBL-00001,UNIT-0277147,a11/s0-1-5,함선내부,규칙,40,함선내부는 유지관리 및 보수가 가능하도록 격벽에 맨홀을 설치하여야 한다.,모름,pending
TITM-000005,TOBL-00001,UNIT-0277147,a11/s0-1-6,함선갑판의 맨홀,규칙,82,함선갑판의 맨홀은 함선내부로 해수 및 민물이 유입되지 아니하도록 주변보다 조금 높게 설치하여야 하며 수밀용 패킹과 함께 맨홀뚜껑을 체결하여야 한다.,모름,pending
TITM-000006,TOBL-00001,UNIT-0277147,a11/s0-1-9,조절탑,규칙,74,조절탑을 설치할 때에는 연락도교의 끝단에는 푸팅롤러 설치 및 연락도교 좌우에 롤러시설을 하여 조절탑 기둥에서 구동되도록 하여야 한다.,모름,pending
TITM-000007,TOBL-00001,UNIT-0277147,a11/s0-1-11,조절탑에,규칙,108,"조절탑에는 상부의 시설물을 유지관리할 수 있는 사다리를 설치하여야 하며, 사다리높이가 3미터 이상인 경우에는 등받이(Back Hoop)시설을 조위에 관계 없이 접근이 가능하도록 설치하여야 한다.",모름,pending
TITM-000008,TOBL-00001,UNIT-0277147,a11/s0-1-12,조절탑의 연락도교 권양시설,규칙,53,조절탑의 연락도교 권양시설은 도교를 안전하게 권양할 수 있는 기계장치 및 설비를 갖추어야 한다.,모름,pending
TITM-000009,TOBL-00001,UNIT-0277147,a11/s0-1-13,제12호의 규정,규칙,97,"제12호의 규정에서 ""기계장치 및 설비""에는 권양기, 감속기, 활차, 와이어드럼, 연락도교 인양후크 및 고정장치, 기계조작장치(조작판넬), 전기 및 제동설비를 갖추어야 한다.",모름,pending
TITM-000010,TOBL-00001,UNIT-0277147,a11/s0-1-14-1,전선관,규칙,89,"전선관과 통신관은 분리하여 설치하여야 한다.
    나. 도교를 통과하는 전기·통신관은  유형볼트, 파이프클립, 전선관지지대  등으로 견고하게 고정하여야 한다.",모름,pending
TITM-000011,TOBL-00001,UNIT-0277147,a11/s0-1-14-3,함선의 갑판상,규칙,85,함선의 갑판상으로 관로를 설치할 때에는 형강 등을 사용하여 케이블  트렌치방식 또는 덕트방식으로 제작하여 갑판상부 콘크리트높이와 같게  설치하여야 한다.,모름,pending
TITM-000012,TOBL-00001,UNIT-0277147,a11/s0-1-14-4,함선내부로 관로,규칙,45,함선내부로 관로를 설치하는 때에는 전선·통신관 등을 사용하여   설치하여야 한다.,모름,pending
TITM-000013,TOBL-00001,UNIT-0277147,a11/s0-1-16,조절추,규칙,97,조절추와 연락도교의 연결용으로 사용되는 와이어로프의 줄수가 두줄이상인 경우에는 조절추의 뒤틀림 방지를 위하여 왼꼬임 와이어로프와 오른꼬임 와이어로프를 교대로 설치하여야 한다.,모름,pending
TITM-000014,TOBL-00001,UNIT-0277147,a11/s0-1-17,함선의 맨홀취부에 사용되,규칙,50,함선의 맨홀취부에 사용되는 볼트는 부식되지 않는 재질(스테인리스강 등)을 사용하여야 한다.,모름,pending
TITM-000015,TOBL-00001,UNIT-0277147,a11/s0-1-18,볼라드 및 비트의 재질,규칙,57,볼라드 및 비트의 재질은 KSD3562 압력배관용 탄소강관 이상의 세기를 갖춘 제품을 사용하여야 한다.,모름,pending
TITM-000016,TOBL-00001,UNIT-0277147,a11/s0-1-21-1,용접부의 결함검사,규칙,130,"용접부의 결함검사는 KS B 0845 방사선 투과시험, KS B 0896 초음파 탐상시험은 분류등급 기준상 3급 이상, KS D 0213 자분 탐상시험, KS B 0816 침투 탐상시험은 육안검사 기준에 의한 품질을 확보하여야 한다.",모름,pending
TITM-000017,TOBL-00001,UNIT-0277147,a11/s0-1-21-2,용접검사결,규칙,62,용접검사결과 20퍼센트 이상 결함이 있을 때에는 동일한 용접절차에 의하여 시공한 용접부 전체를 검사하여야 한다.,모름,pending
TITM-000018,TOBL-00001,UNIT-0277147,a11/s0-1-21-3,함선의 누설1차검사,규칙,86,함선의 누설1차검사는 각 격실별로 제곱센치미터당 0.15내지 0.2킬로그램의 게이지기압을 유지한 상태에서 용접부위에 비눗물을 도포하여 이상이 없어야 한다.,모름,pending
TITM-000019,TOBL-00001,UNIT-0277147,a11/s0-1-21-4,함선의 누설2차검사,규칙,58,함선의 누설2차검사는 진수상태에서 24시간 경과 후 각 격실별로 침수여부를 확인하여 이상이 없어야 한다.,모름,pending
TITM-000020,TOBL-00001,UNIT-0277147,a11/s0-1-21-5,검사결,규칙,57,검사결과 결함이 발생되면 결함이 발생된 해당 부위를 보완시공 후 재검사를 실시하여 이상이 없어야 한다.,모름,pending
TITM-000021,TOBL-00001,UNIT-0277147,a11/s0-1-23,강재함선의 사용강종,규칙,103,"강재함선의 사용강종은 용접구조용 압연강재(SM400) 이상의 세기를 갖는 강재를 사용하여야 하며, 콘크리트 함선의 강도는 해양콘크리트 또는 기준에 적합한 재료와 강도를 적용하여야 한다.",모름,pending
TITM-000022,TOBL-00001,UNIT-0277147,a11/s0-1-24-2,콘크리트 함선의 경우에,규칙,118,콘크리트 함선의 경우에는 각 격실별로 제곱센치미터당 0.02킬로그램(수두차 20센치미터)의 내압을 유지한 상태에서 20분간 방치하여 내압변화가 제곱센치미터당 0.005킬로그램(수두차 5센티미터) 이하이여야 한다.,모름,pending
TITM-000023,TOBL-00002,UNIT-0277197,a1/s0-1-3-1,신규항만,규칙,197,"신규항만을 개발하거나 항만을 대규모로 개보수할 경우(「항만법」 제9조제2항의 규정에 따라 시행되는 비관리청 항만공사의 경우를 포함한다)에는 항만별 입지적 특성 등에 부합되도록 친수공간을 조성해야 한다. 다만, 해당 시설이 항만보안구역 내에 위치하여 일반시민의 접근이 곤란한 때에는 예외로 할 수 있다.

   제4장 항만친수시설 조성 및 관리계획의 범위",Y(후보),pending
TITM-000024,TOBL-00002,UNIT-0277197,a1/s0-1-4-1,"항만친수시설 조성 및 관리계획(이하 ""계획""이라 한다)",규칙,98,"항만친수시설 조성 및 관리계획(이하 ""계획""이라 한다)은 무역항 및 연안항을 대상으로 수립하며, 친수공간의 개발ㆍ보전ㆍ관리 등을 위한 사항과 중장기적인 방향이 제시되어야 한다.",Y(후보),pending
TITM-000025,TOBL-00003,UNIT-0277197,a1/s0-2-1-1-1,기초조사,규칙,37,기초조사는 자료의 신뢰성과 자료분석의 객관성 등이 확보되어야 한다.,모름,pending
TITM-000026,TOBL-00003,UNIT-0277197,a1/s0-2-1-1-2,위치 지형지세 기상 해상 공사여건 등의 현황자료,규칙,82,"위치, 지형지세, 기상, 해상, 공사여건 등의 현황자료는 신뢰성에 바탕을 두며, 자료의 출처를 명확히 적어야 한다.

    제2절 항목별 분석기준",모름,pending
TITM-000027,TOBL-00003,UNIT-0277197,a1/s0-2-1-3-2,계획대상 항만,규칙,159,"계획대상 항만을 방문하여 친수시설의 이용시간대, 이용 목적, 매력요소, 항만친수시설에 대한 요구사항, 친수시설의 위치, 향후 개발방향, 활성화를 위해 도입되어야 할 사항, 항만친수공간과 관련된 건의사항 등을 조사해야 하며, 그 결과는 항만친수시설 조성 및 관리계획에 연계하여 활용한다.",모름,pending
TITM-000028,TOBL-00003,UNIT-0277197,a1/s0-2-2-2-3,친수공간에 하나의 통합이미지 구현,규칙,98,"친수공간에 하나의 통합이미지 구현을 위하여 전체 계획테마에 부합하는 테마전개 및 모티브를 선정하고, 공간 및 시설 디자인에 이를 반영해야 한다.

    제3절 추진전략의 제시",모름,pending
TITM-000029,TOBL-00003,UNIT-0277197,a1/s0-2-2-3-4,설정된 권역 축 거점 등에 대해서,규칙,73,"설정된 권역, 축, 거점 등에 대해서는 예상되는 이용자의 형태를 고려하여 그 공간을 구분하고, 이를 기본구상 내용에 반영해야 한다.",모름,pending
TITM-000030,TOBL-00003,UNIT-0277197,a1/s0-2-3-1-1,해양수산부장관,규칙,98,"해양수산부장관은 항만별 친수공간 조성방향과 개발계획이 포함된 친수시설 조성 및 관리계획을 검토하여, 필요한 경우 그 내용을 항만기본계획 또는 항만재개발기본계획에 반영해야 한다.",모름,pending
TITM-000031,TOBL-00003,UNIT-0277197,a1/s0-2-3-4-2,조망축의 경우 양호한 조망기회,규칙,70,"조망축의 경우 양호한 조망기회를 부여할 수 있는 지점을 거점계획과 연계하여 연출계획을 실시해야 한다.

    제5절 거점계획",모름,pending
TITM-000032,TOBL-00004,UNIT-0277197,a1/s0-3-2-1-1-3,안전한 지역 선점 설치,생성,58,"완만한 경사의 해안이 형성되어 있거나, 물결의 높이가 비교적 낮은 안전한 지역을 선점하여 설치해야 한다.",모름,pending
TITM-000033,TOBL-00004,UNIT-0277197,a1/s0-3-2-1-2-2,시설 규모와 형태 결정,생성,48,"해안으로의 접근방법, 항만이용 빈도 등을 고려하여 시설의 규모와 형태를 결정해야 한다.",모름,pending
TITM-000034,TOBL-00004,UNIT-0277197,a1/s0-3-2-1-2-3,파라펫·난간 설치 규격,생성,66,파라펫(Parapet) 혹은 난간 설치 시 높이 등 규격은 항만시설물의 안전시설 설계지침ㆍ해설의 내용을 준수해야 한다.,모름,pending
TITM-000035,TOBL-00004,UNIT-0277197,a1/s0-3-2-1-2-5,친수계단 조성 시 이용자의 접근,규칙,37,친수계단 조성 시 이용자의 접근과 안전성을 고려하여 설계해야 한다.,모름,pending
TITM-000036,TOBL-00004,UNIT-0277197,a1/s0-3-2-1-3-1,체험형 시설의 재료,규칙,88,"체험형 시설의 재료는 안전성을 고려하여 내구성이 좋고, 물에 의한 미끄럼을 방지할 수 있는 재료를 사용해야 하며, 조수간만의 차 등을 고려하여 선택해야 한다.",모름,pending
TITM-000037,TOBL-00004,UNIT-0277197,a1/s0-3-2-1-3-2,자갈 모래 돌 등 해안 이미지,규칙,40,"자갈, 모래, 돌 등 해안 이미지와 조화를 이루는 재료를 사용해야 한다.",모름,pending
TITM-000038,TOBL-00004,UNIT-0277197,a1/s0-3-2-1-3-3,바다 및 해양자연,규칙,55,"바다 및 해양자연과 어울리는 편안하고, 안정된 색채를 선정하여 통일된 색채 이미지를 적용해야 한다.",모름,pending
TITM-000039,TOBL-00004,UNIT-0277197,a1/s0-3-2-4-1-2,레저형 친수시설의 배치 시 항만공간,규칙,49,레저형 친수시설의 배치 시 항만공간과 문화자원이 자연스럽게 연결될 수 있도록 해야 한다.,모름,pending
TITM-000040,TOBL-00004,UNIT-0277197,a1/s0-3-2-4-1-4,방파제구간에 낚시 산책 등의 여가활동,규칙,88,"방파제구간에 낚시, 산책 등의 여가활동을 즐길 수 있는 공간을 조성할 수 있으며, 기습적인 악천후(거친 날씨)에 대비한 피난시설 등 안전시설을 확보해야 한다.",모름,pending
TITM-000041,TOBL-00004,UNIT-0277197,a1/s0-3-2-4-2-1,친수광장 및 공연장의 설치 시 주변 진입동선,규칙,54,친수광장 및 공연장의 설치 시 주변 진입동선과 이용자의 특성을 고려하여 그 규모를 설정해야 한다.,모름,pending
TITM-000042,TOBL-00004,UNIT-0277197,a1/s0-3-2-4-2-2,공연장 설치 시 소리세기의 정도,규칙,39,공연장 설치 시 소리세기의 정도는 「소음ㆍ진동규제법」을 준수해야 한다.,모름,pending
TITM-000043,TOBL-00004,UNIT-0277197,a1/s0-3-2-4-3-2,「항만공간의 공공디자인 가이드라인」,규칙,79,「항만공간의 공공디자인 가이드라인」을 토대로 항만 전체에 대해 통일된 디자인 개념을 도입하여 전반적으로 조화로운 공간 이미지를 부여해야 한다.,모름,pending
TITM-000044,TOBL-00004,UNIT-0277197,a1/s0-3-2-6-1-2,이용자의 동선,규칙,55,"이용자의 동선을 고려하여 조성해야 하며, 조망, 산책이 가능한 친수시설과 연계하여 조성하도록 한다.",모름,pending
TITM-000045,TOBL-00004,UNIT-0277197,a1/s0-3-2-6-1-3,여객터미널 및 물양장 주변에 바다방향,규칙,31,여객터미널 및 물양장 주변에 바다방향으로 배치해야 한다.,모름,pending
TITM-000046,TOBL-00004,UNIT-0277197,a1/s0-3-2-6-2-1,산책로의 조성 시 폭은,규칙,29,산책로의 조성 시 폭은 1.5m 이상 확보해야 한다.,모름,pending
TITM-000047,TOBL-00004,UNIT-0277197,a1/s0-3-2-6-3-1,목재 석재 등 자연적 재료,규칙,45,"목재, 석재 등 자연적 재료를 활용하여, 편안하고 안정된 분위기를 조성해야 한다.",모름,pending
TITM-000048,TOBL-00004,UNIT-0277197,a1/s0-3-2-6-3-3,항만 전체의 디자인,규칙,93,"항만 전체의 디자인과 통일성을 줄 수 있는 색채, 재료를 선정해야 한다.
　
  제4편 사업의 시행 및 유지ㆍ관리
   제1장 사업의 시행
    제1절 사업시행 방안",모름,pending
TITM-000049,TOBL-00005,UNIT-0277197,a1/s0-4-2-2-2,해양수산부장관,규칙,98,"해양수산부장관은 지방자치단체의 추진계획 중 타당하다고 인정되는 경우에는 항만친수시설 조성 및 관리계획에 반영해야 한다.

   제3장 이해관계의 조정
    제1절 협의체 구성",Y(후보),pending
TITM-000050,TOBL-00005,UNIT-0277197,a1/s0-4-5-1-2,재검토기한,생성,139,(재검토기한) 해양수산부장관은 「훈령ㆍ예규 등의 발령 및 관리에 관한 규정」에 따라 이 예규에 대하여 2025년 1월 1일 기준으로 매 3년이 되는 시점(매 3년째의 12월 31일까지를 말한다)마다 그 타당성을 검토하여 개선 등의 조치를 해야 한다.,Y(후보),pending
TITM-000051,TOBL-00006,UNIT-0327071,a901/p3/n1/mta/s0-2~3,시장ㆍ군수ㆍ구청장,규칙,159,"시장ㆍ군수ㆍ구청장은 제1항에 따라 불량 통보를 받은 때에는 당해 불량품을 제조하게 된 원인과 정도에 따라 관련 업소에 필요한 조치를 명하여야 한다. 제3-3-8조 (수집시료 보관) 수집한 시료의 보관기간은 6개월로 하며, 6개월 경과 후 폐기처분 한다. 제3-3-9조 (그 밖의 사항)",Y(후보),pending
TITM-000052,TOBL-00007,UNIT-0327071,a901/p3/n1/mta/s0-3-6,위험제거 방안 실행일정 계획,생성,400,잠재적 위험제거 방안에 대한 실행일정 계획 제3장 용기등 보완 기준 제1절 용기등의 수리 기준 제3-1-1조 (적용범위) 이 절은 규칙 제62조에 따라 규칙 제10조에 따른 용기등을 수리할 수 있는 자에 대하여 적용한다. 제3-1-2조 (수리장비의 사용) 규칙 제10조에 따라 용기등을 수리하고자 하는 자는 잔가스회수설비를 사용하여 용기 안에 있는 가스를 안전하게 회수한 후 수리를 하여야 한다. 제2절 내용연한 적용제외 부속품 기준 제3-2-1조 (적용범위) 이 절은 규칙 별표 22 제1호 비고 5에 따라 내용적 125리터 미만의 용기에 부착된 부속품으로서 내용연한 적용대상에서 제외되는 부속품의 종류에 대하여 적용한다. 제3-2-2조 (종류) 내용연한 적용대상에서 제외되는 부속품의 종류는 다음 각 호와 같다.,모름,pending
TITM-000053,TOBL-00008,UNIT-0327071,a901/p3/n1/mta/s0-5,유통 중인 고압가스용기,규칙,183,"유통 중인 고압가스용기는 제2항의 그림과 같이 가스명 표시부분 아래에 적색(규칙 별표 24 제1호나목에 따른 용기도색이  주황색, 갈색, 자색, 적색, 흑색인 경우에는 백색)으로 그 충전기한을 표시하여야 하며, 이 경우 액화석유가스용 용기에 대해서는 차기 재검사기한까지 충분히 식별할 수 있도록 내구성이 보장되도록 하여야 한다.",모름,pending
TITM-000054,TOBL-00009,UNIT-0327071,a901/p3/n1/mta/s0-7-2,검사기관,규칙,372,검사기관은 각인표시 등을 폐기하고자 하는 경우에는 그 사실을 한국가스전문검사기관협회에 통보한다. 제5절 용기의 검사특례신청 기준 제3-5-1조 (적용범위) 이 절은 규칙 제43조제1항제1호 및 제2호 관련 규칙 별표 10 제4호다목 및 규칙 별표 10의2제4호다목에 따라 검사특례를 받고자 하는 자에 대하여 적용한다. 제3-5-2조 (검사특례 신청) 용기에 대하여 검사특례를 받고자 하는 자는 다음의 신청서를 산업통상자원부장관에게 제출하여야 한다 제6절 경미한 수리에 해당되는 안전밸브의 부품범위 기준 제3-6-1조 (적용범위) 이 절은 규칙 제37조제4항제2호가목에 따라 경미한 수리에 해당되는 안전밸브의 부품범위에 대하여 적용한다. 제3-6-2조 (부품의 범위),N,pending
TITM-000055,TOBL-00010,UNIT-0327079,a901/p2/n3/mpa/s0,그 밖에 평가에 필요한 자료,생성,228,파. 그 밖에 평가에 필요한 자료 4. 위험도기반검사기법 운영방안에 관하여 다음 사항을 포함한 자체규정을 제정ㆍ운영하고 있을 것 가. 위험도기반검사기법 평가결과를 바탕으로 검사가 필요한 위험도(Risk) 순위가 높은 압력용기의 검사계획(Inspection planning) 나. 검사계획에 따라 실시한 검사의 결과에 근거한 해당 압력용기에 대한 유지관리(Maintenance) 방법 제3-8-5조 (심사신청),모름,pending
TITM-000056,TOBL-00011,UNIT-0327079,a901/p2/n3/mpa/s0-1,위험도기반검사기법 심사,규칙,99,"위험도기반검사기법 심사를 받고자 하는 자(이하 ""심사신청자""라 한다. 이하 이 절에서 같다)는 별지 제1호서식의 위험도기반검사기법 심사신청서를 한국가스안전공사에 제출하여야 한다.",N,pending
TITM-000057,TOBL-00011,UNIT-0327079,a901/p2/n3/mpa/s0-1~3,심사신청자,규칙,127,심사신청자는 제3-8-7조제1호에 따라 위험도기반검사기법 심사결과 적합판정을 받은 후 매 4년이 되는 날의 30일 전까지 별지 제1호에 따른 위험도기반검사기법 정기심사 신청서를 한국가스안전공사에 제출하여 적합판정을 받아야 한다.,N,pending
TITM-000058,TOBL-00011,UNIT-0327079,a901/p2/n3/mpa/s0-1~4,품질관리능력 우수 제조업체 제조 용기등,규칙,75,품질관리능력 우수 제조업체 제조 용기등으로 지정을 받고자 하는 자는 별지 제1호 서식을 작성하여 산업통상자원부장관에게 제출하여야 한다.,N,pending
TITM-000059,TOBL-00011,UNIT-0327079,a901/p2/n3/mpa/s0-1~5,전문검사기관의 자본금,규칙,78,"전문검사기관의 자본금은 5억원 이상일 것. 다만, 용기 또는 용기부속품의 재검사를 위한 전문검사기관의 자본금은 3억원 이상으로 할 수 있다.",N,pending
TITM-000060,TOBL-00011,UNIT-0327079,a901/p2/n3/mpa/s0-1~6,전문검사기관,규칙,181,"전문검사기관은 660㎡(용기부속품 전문검사기관의 경우는 100㎡) 이상의 검사설비 설치에 필요한 검사장 면적을 확보하여야 한다. 다만, 전문검사기관(용기부속품 전문검사기관은 제외한다)이 특정설비ㆍLPG용기 및 일반고압가스용기 검사장을 함께 설치할 경우에는 추가 시마다 각각 330㎡의 검사장 면적을 추가하여 확보하여야 한다.",N,pending
TITM-000061,TOBL-00011,UNIT-0327079,a901/p2/n3/mpa/s0-1~7,검사장비의 종류 및 규격,규칙,62,검사장비의 종류 및 규격은 산업통상자원부장관의 승인을 얻어 한국가스안전공사 사장이 정하는 기준에 적합한 것일 것,N,pending
TITM-000062,TOBL-00011,UNIT-0327079,a901/p2/n3/mpa/s0-1-1-1,검사기관의 임직원 구성이 검사의 공정한 실시에 지장,규칙,40,검사기관의 임직원 구성이 검사의 공정한 실시에 지장을 줄 우려가 없을 것,N,pending
TITM-000063,TOBL-00011,UNIT-0327079,a901/p2/n3/mpa/s0-1-1-2,검사업무 외의 업무,규칙,61,검사업무 외의 업무를 운영하고 있을 때에는 그 업무의 운영으로 검사업무의 처리가 불공정하게 될 우려가 없을 것,N,pending
TITM-000064,TOBL-00011,UNIT-0327079,a901/p2/n3/mpa/s0-1-1-3,검사,규칙,61,"검사를 받으려는 자가 소속된 협회, 기관 또는 이와 유사한 단체로서 해당 검사업무와 관련이 있는 자가 아닐 것",N,pending
TITM-000065,TOBL-00011,UNIT-0327079,a901/p2/n3/mpa/s0-1-2-1,검사,규칙,55,검사를 받으려는 자로부터 사업후원을 받거나 예산지원 또는 이와 유사한 후원이나 지원을 받지 않을 것,N,pending
TITM-000066,TOBL-00011,UNIT-0327079,a901/p2/n3/mpa/s0-1-2-2,검사,규칙,41,검사를 받으려는 자와 거래관계 등 그 밖의 이해관계에 영향을 받지 않을 것,N,pending
TITM-000067,TOBL-00012,UNIT-0327079,a901/p2/n3/mpa/s0-2,심사신청자,규칙,112,심사신청자는 제3-8-7조에 따른 조건부 적합 통보를 받은 경우에는 조건부 적합 통보를 받은 날로부터 3개월 이내에 별지 제1호서식의 위험도기반검사기법 재심사신청서를 한국가스안전공사에 제출하여야 한다.,N,pending
TITM-000068,TOBL-00012,UNIT-0327079,a901/p2/n3/mpa/s0-2~4,제1항에 따라 신청,규칙,102,제1항에 따라 신청을 받은 산업통상자원부장관은 해당 업체의 수집검사등의 결과를 고려하여 안전상 위해가 없다고 인정한 용기에 대하여는 그 신청 접수일로부터 2개월 내에 고시하여야 한다.,N,pending
TITM-000069,TOBL-00012,UNIT-0327079,a901/p2/n3/mpa/s0-2-1~2,검사기관이 충전사업,규칙,67,검사기관이 충전사업과 겸업을 할 경우에 검사장은 저장설비ㆍ가스설비 및 충전설비와 별도로 구획된 건축물에 설치하여야 한다.,N,pending
TITM-000070,TOBL-00012,UNIT-0327079,a901/p2/n3/mpa/s0-2-2~2,액화석유가스충전사업소의 저장설비ㆍ가스설비 및 충전설비,규칙,81,액화석유가스충전사업소의 저장설비ㆍ가스설비 및 충전설비와 검사장안의 화기설비와는 8m 이상의 우회거리를 유지하여야 한다. 제4-1-4조 (검사장비),N,pending
TITM-000071,TOBL-00012,UNIT-0327079,a901/p2/n3/mpa/s0-2~7,검사장비의 용량,규칙,33,검사장비의 용량은 검사물량을 충분히 처리할 수 있는 것일 것,N,pending
TITM-000072,TOBL-00012,UNIT-0327079,a901/p2/n3/mpa/s0-2~8,검사기관의 수를 당해지역의 검사대상물량,규칙,102,"검사기관의 수를 당해지역의 검사대상물량을 감안하여 과도한 경쟁으로 부실검사의 우려가 없는 범위 내로 하고, 검사기관의 기술인력은 검사수행물량에 따라 다음 표에 적합하게 확보된 것일 것",N,pending
TITM-000073,TOBL-00013,UNIT-0327079,a901/p2/n3/mpa/s0-3-9,그 밖에 검사업무에 필요한 사항 제4-1-8조,규칙,159,"그 밖에 검사업무에 필요한 사항 제4-1-8조 (검사기관 운영규정의 작성기준) 규칙 제58조제1항제2호에 따른 검사기관 운영규정에는 다음 각 호의 사항이 포함되어야 하며 세부 작성기준은 <표 1>에 따른다.  다만, 검사기관의 검사구분에 따라 아래 각호 가운데 일부를 생략할 수 있다.",N,pending
TITM-000074,TOBL-00013,UNIT-0327079,a901/p2/n3/mpa/s0-3-16,협력에 관한 사항,생성,102,협력에 관한 사항 주1) 용기재검사기관에 한함. 제4-1-9조 (자체안전관리규정의 기재사항) 규칙 제58조제1항제3호에 따른 자체안전관리규정에는 다음 각 호의 사항이 포함되어야 한다.,N,pending
TITM-000075,TOBL-00014,UNIT-0327211,a901/p3/n3/s0-2-2,안전관리규정 확인·평가결,규칙,367,"안전관리규정 확인·평가결과 통지서 제8장 안전관리자 신고대상 기준 제8-1-1조(적용범위) 이 장은 법 제34조제2항에 따른 안전관리자의 선임, 해임 및 퇴직 신고 대상에 대하여 적용한다. 제8-1-2조(안전관리자 신고대상) 법 제34조제2항 및 규칙 제49조에 따라 안전관리자 선임, 해임 및 퇴직 신고를 하여야 하는 자는 「기업활동 규제완화에 관한 특별조치법 시행령」 제19조의7에 따라 영 제15조제1항에 따른 안전관리책임자로 한다. 제9장 안전관리자 직무수행 및 직무대행 기준 제9-1-1조(적용범위) 이 장은 영 제16조제7항에 따라 안전관리자가 그 직무를 성실히 수행하는 데 필요한 세부기준에 대하여 적용한다. 제9-1-2조(상시근무 체제 유지)",Y(후보),pending
TITM-000076,TOBL-00014,UNIT-0327211,a901/p3/n3/s0-2~2,가스시설,규칙,244,"가스시설을 가동하는 동안은 법령에 규정된 인원의 안전관리자가 근무하여야 한다. 다만, 공휴일 또는 야간까지 연장하여 가스시설을 가동하는 경우 연장시간 동안에는 1인 이상의 안전관리자 또는 영 제16조제5항에 따른 안전관리자의 직무대행자(이하 같은 조에서 ""안전관리자등""이라 한다)가 근무하여야 하며, 이 경우 해당 안전관리자등 이외의 안전관리자와는 즉시 연락이 가능하도록 비상연락체계를 유지하여야 한다. 제9-1-3조(안전관리자의 직무)",Y(후보),pending
TITM-000077,TOBL-00014,UNIT-0327211,a901/p3/n3/s0-2~3,제1항에 따른 안전관리자의 직무,규칙,185,"제1항에 따른 안전관리자의 직무는 안전관리총괄자의 지휘 및 안전관리책임자의 실무책임 하에 실행하고, 실행계획 및 결과에 대해서는 안전관리자의 단계별 확인(결재)절차를 거친 후, 그 실행기록은 해당 사업소의 안전관리규정에서 정하는 기간(액화석유가스특정사용시설의 경우에는 1년) 동안 보존하여야 한다. 제9-1-4조(비상연락체계 유지)",Y(후보),pending
TITM-000078,TOBL-00014,UNIT-0327211,a901/p3/n3/s0-2~4,안전관리자,규칙,444,"안전관리자는 가능한 한 해당 사업소로부터 가까운 위치에 상시 거주하여 비상시에는 신속한 안전조치를 할 수 있어야 한다. 제9-1-5조(안전관리자 직무대행) 법 제34조제3항에 따라 안전관리자가 여행ㆍ질병ㆍ휴가ㆍ퇴직ㆍ해임 및 그밖에 부득이한 사유로 일시적으로 그 직무를 수행할 수 없을 경우에는 안전관리총괄자가 대리근무 기간, 대리근무 사유 등을 명시하여 대리근무자를 지정한다. 다만, 액화석유가스특정사용시설 중 공동저장시설의 경우에는 안전관리책임자가 지정할 수 있다. 제9-1-6조  <삭  제> 제10장 가스용품 제조등록 면제 및 검사 기준 제1절 외국가스용품 제조등록 면제대상 제10-1-1조 (적용범위) 이 절은 규칙 제17조제1항제7호에 따라 외국가스용품의 제조등록이 곤란하여 외국가스용품 제조등록을 면제하는 가스용품에 대하여 적용한다. 제10-1-2조 (외국가스용품 제조등록 면제대상)",Y(후보),pending
TITM-000079,TOBL-00014,UNIT-0327211,a901/p3/n3/s0-2-2~5,시장·군수·구청장,규칙,159,"시장·군수·구청장은 제1호에 따라 부적합 통보를 받은 때에는 해당 불량품을 제조하게 된 원인과 정도에 따라 관련업소에 필요한 조치를 명하여야 한다. 제10-3-8조(수집시료 보관) 수집한 시료의 보관기간은 6개월로 하며, 6개월 경과 후 폐기처분 한다. 제10-3-9조(그 밖의 사항)",Y(후보),pending
TITM-000080,TOBL-00015,UNIT-0327211,a901/p3/n3/s0-1,안전관리자,규칙,209,"안전관리자는 항상 해당 액화석유가스시설의 유지관리가 용이하고 비상시 신속한 연락 및 안전조치가 가능하도록 근무시간 중에는 항상 해당 사업소 내에서 근무하여야 한다. 다만, 영 별표 1 비고 제15호에 따라 겸직을 하거나 제16호부터 제18호까지에 따라 시장·군수·구청장으로부터 겸직을 인정받은 안전관리자의 경우에는 상시연락이 가능한 통신장비를 갖추고 순회관리를 하여야 한다.",Y(후보),pending
TITM-000081,TOBL-00015,UNIT-0327211,a901/p3/n3/s0-1~3,제9-1-3조제1항제8호나목,규칙,92,"제9-1-3조제1항제8호나목에서 정한 안전관리자 비상연락망은 퇴근, 휴무 등으로 안전관리자가 해당 사업소에 부재중일 경우에도 즉시 연락이 가능하도록 유지하여야 한다.",Y(후보),pending
TITM-000082,TOBL-00016,UNIT-0328862,a901/n1/mka/s0-1-2-2,안전경영방침의 제공 등 철도운영자등,규칙,94,"안전경영방침의 제공 등 철도운영자등은 수립된 안전경영방침을 직원, 이해관계자 및 일반인 등 누구나 알 수 있도록 홈페이지 게재 등의 방법으로 공개 또는 제공하여야 한다.",Y(후보),pending
TITM-000083,TOBL-00016,UNIT-0328862,a901/n1/mka/s0-1-2-3,안전경영방침의 검토 최고경영자,규칙,79,"안전경영방침의 검토 최고경영자는 안전경영방침을 주기적으로 검토하여야 하며, 검토 시 안전관리변화, 철도이용자 등의 요구 등을 감안하여야 한다.",Y(후보),pending
TITM-000084,TOBL-00016,UNIT-0328862,a901/n1/mka/s0-1-4-2,안전계획의 검토 철도운영자등,규칙,101,"안전계획의 검토 철도운영자등은 안전목표를 달성하기 위해 안전목표와 관련된 안전성과 안전계획을 주기적으로 검토하여야 하며, 검토결과 변경이 필요할 경우에는 안전목표를 조정하여야 한다.",Y(후보),pending
TITM-000085,TOBL-00016,UNIT-0328862,a901/n1/mka/s0-1-5-3,안전경영 검토 결과의 제공 안전경영의 검토 결과,규칙,83,"안전경영 검토 결과의 제공 안전경영의 검토 결과는 관련 직원, 계약자 및 이해관계자가 알 수 있도록 홈페이지 게재 등으로 공개 또는 제공하여야 한다.",Y(후보),pending
TITM-000086,TOBL-00016,UNIT-0328862,a901/n1/mka/s0-1-6-5,역할,규칙,73,"역할과 책임의 문서화 철도운영자등은 조직 구성원의 철도안전관리에 대한 역할과 책임을 문서화하여야 하며, 주기적으로 검토하여야 한다.",Y(후보),pending
TITM-000087,TOBL-00017,UNIT-0328862,a901/n1/mka/s0-2-1-1,철도안전관리체계 문서화 대상,생성,60,문서화 대상 철도운영자등의 철도안전관리체계 문서화 대상에는 다음 사항을 포함하여야 한다. 가. 안전경영방침 ,Y(후보),pending
TITM-000088,TOBL-00018,UNIT-0328862,a901/n1/mka/s0-3-1-1,위험관리 절차 철도운영자등,규칙,125,"위험관리 절차 철도운영자등은 철도사고 및 장애 등을 유발하는 잠재된 위험요인을 발견하고, 이를 평가 및 관리하기 위해 문서화된 위험관리 절차를 수립, 실행 및 유지하여야 하며, 위험관리 절차에는 다음 사항이 포함되어야 한다.",Y(후보),pending
TITM-000089,TOBL-00019,UNIT-0328911,a901/n11/mcha/s0-11-2-1,철도사업면허 취득 철도운영자등,규칙,72,철도사업면허 취득 철도운영자등은 「철도사업법」에 따른 철도사업면허 또는 「도시철도법」에 따른 도시철도운송사업 면허를 받아야 한다.,Y(후보),pending
TITM-000090,TOBL-00019,UNIT-0328911,a901/n11/mcha/s0-11-3-3,철도종사자 자격 등 철도운영자등,규칙,66,"철도종사자 자격 등 철도운영자등은 철도종사자가 철도 관련법령에서 요구하는 면허, 자격기준 등을 준수하도록 하여야 한다.",Y(후보),pending
TITM-000091,TOBL-00019,UNIT-0328911,a901/n11/mcha/s0-11-3-4,철도종사자 관리 철도운영자등,규칙,91,"철도종사자 관리 철도운영자등은 철도종사자의 준수사항 위반, 인적오류, 음주, 약물 및 과로 등을 방지하기 위해 문서화된 관리절차를 수립, 실행 및 유지하여야 한다.",Y(후보),pending
TITM-000092,TOBL-00019,UNIT-0328911,a901/n11/mcha/s0-11-3-5,열차운행 인력의 적격성 철도운영자등,규칙,73,"열차운행 인력의 적격성 철도운영자등은 문서화된 열차운행 인력의 적격성에 대한 기준 및 확인 절차를 수립, 실행 및 유지하여야 한다.",Y(후보),pending
TITM-000093,TOBL-00019,UNIT-0328911,a901/n11/mcha/s0-11-4-1,열차운전 철도운영자등,규칙,89,"열차운전 철도운영자등은 운영하려는 철도의 특성을 고려하여 철도차량 또는 열차를 안전하게 운행하기 위해 문서화된 열차운전 절차를 수립, 실행 및 유지하여야 한다.",Y(후보),pending
TITM-000094,TOBL-00019,UNIT-0328911,a901/n11/mcha/s0-11-4-2,폐색방식 철도운영자등,규칙,90,"폐색방식 철도운영자등은 운영하려는 철도의 특성을 고려하여 열차와 열차 사이의 안전을 확보하기 위해 문서화된 폐색방식 관련 절차를 수립, 실행 및 유지하여야 한다.",Y(후보),pending
TITM-000095,TOBL-00019,UNIT-0328911,a901/n11/mcha/s0-11-4-3,철도신호 철도운영자등,규칙,92,"철도신호 철도운영자등은 운영하려는 철도의 특성을 고려하여 철도차량 또는 열차를 안전하게 운행하기 위해 문서화된 철도신호 관련 절차를 수립, 실행 및 유지하여야 한다.",Y(후보),pending
TITM-000096,TOBL-00019,UNIT-0328911,a901/n11/mcha/s0-11-4-4,사고 시 안전조치 철도운영자등,규칙,152,"사고 시 안전조치 철도운영자등은 철도차량 또는 열차 사고가 발생하였을 때 신속한 안전조치를 위해 문서화된 안전조치절차를 수립, 실행 및 유지하여야 하며, 안전조치 절차에는 다음 사항을 포함하여야 한다. 가. 열차의 방호 방식 나. 사고가 발생하였을 때의 분야별 조치사항 등",Y(후보),pending
TITM-000097,TOBL-00019,UNIT-0328911,a901/n11/mcha/s0-11-4-5,승객 대피 철도운영자등,규칙,86,"승객 대피 철도운영자등은 사고 및 장애가 발생하였을 때 승객의 안전을 최우선적으로 확보하기 위해 문서화된 승객대피 절차를 수립, 실행 및 유지하여야 한다.",Y(후보),pending
TITM-000098,TOBL-00019,UNIT-0328911,a901/n11/mcha/s0-11-5-2,철도차량 또는 열차의 증편운행 철도운영자등,규칙,104,"철도차량 또는 열차의 증편운행 철도운영자등은 철도차량 또는 열차를 증편운행하는 경우 열차운행, 유지관리에 대한 안전관리 사항을 검토하고, 문서화된 절차를 수립, 실행 및 유지하여야 한다.",Y(후보),pending
TITM-000099,TOBL-00019,UNIT-0328911,a901/n11/mcha/s0-11-6-1,승무 철도운영자등,규칙,83,"승무 철도운영자등은 철도차량 또는 열차의 안전운행을 위해 문서화된 운전 및 승무 업무 종사자의 운영 및 관리 절차를 수립, 실행 및 유지하여야 한다.",Y(후보),pending
TITM-000100,TOBL-00019,UNIT-0328911,a901/n11/mcha/s0-11-6-2,역무 철도운영자등,규칙,81,"역무 철도운영자등은 철도차량 또는 열차의 안전운행을 위해 문서화된 여객 및 화물 취급 역의 운영 및 관리 절차를 수립, 실행 및 유지하여야 한다.",Y(후보),pending
TITM-000101,TOBL-00019,UNIT-0328911,a901/n11/mcha/s0-11-7-1,관제업무 철도운영자등,규칙,94,"관제업무 철도운영자등은 철도차량 및 열차의 운행 제어, 통제, 감시를 위해 운행기준ㆍ방법ㆍ절차 및 순서를 정한 문서화된 관제업무 절차를 수립, 실행 및 유지하여야 한다.",Y(후보),pending
TITM-000102,TOBL-00019,UNIT-0328911,a901/n11/mcha/s0-11-7-2,관제지원 철도운영자등,규칙,64,"관제지원 철도운영자등은 이례사항 등에 대비하기 위해 문서화된 관제지원 업무 절차를 수립, 실행 및 유지하여야 한다.",Y(후보),pending
TITM-000103,TOBL-00019,UNIT-0328911,a901/n11/mcha/s0-11-7-3,운행정보의 제공 철도운영자등,규칙,98,운행정보의 제공 철도운영자등은 철도차량 또는 열차의 안전하고 효율적인 운행을 위하여 철도시설 현황 및 철도차량 또는 열차의 운행과 관련된 정보를 철도종사자에게 제공하여야 한다.,Y(후보),pending
TITM-000104,TOBL-00019,UNIT-0328911,a901/n11/mcha/s0-11-7-4,운행정보의 공유 철도운영자등,규칙,86,"운행정보의 공유 철도운영자등은 동일 선로를 운행하거나, 환승이 필요한 다른 철도운영자등의 철도차량 또는 열차의 운행과 관련된 정보를 상호 공유하여야 한다.",Y(후보),pending
TITM-000105,TOBL-00019,UNIT-0328911,a901/n11/mcha/s0-11-7-5,운행제한·열차 운행 일시중지,생성,132,"철도차량의 운행제한 또는 열차 운행의 일시중지 철도운영자등은 철도차량의 운행제한 또는 열차의 안전운행에 지장이 있다고 판단되는 경우에 철도차량의 운행제한 또는 열차 운행의 일시중지를 위해 문서화된 절차를 수립, 실행 및 유지하여야 한다.",Y(후보),pending
TITM-000106,TOBL-00019,UNIT-0328911,a901/n11/mcha/s0-11-9-1,열차운행 기록 철도운영자등,규칙,83,"열차운행 기록 철도운영자등은 운전, 관제, 승무, 역무 등의 열차운행 기록을 작성 및 유지하기 위해 문서화된 절차를 수립, 실행 및 유지하여야 한다.",Y(후보),pending
TITM-000107,TOBL-00019,UNIT-0328911,a901/n11/mcha/s0-11-9-2,열차운행 기록의 보존 철도운영자등,규칙,67,"열차운행 기록의 보존 철도운영자등은 문서화된 열차운행 기록의 보존에 대한 방법과 절차를 수립, 실행 및 유지하여야 한다.",Y(후보),pending
TITM-000108,TOBL-00019,UNIT-0328911,a901/n11/mcha/s0-11-10-3,계약자 시정조치 철도운영자등,규칙,94,"계약자 시정조치 철도운영자등은 계약자의 열차운행이 안전에 지장이 있다고 판단되는 경우에 시정조치가 적기에 시행되기 위해 문서화된 절차를 수립, 실행 및 유지하여야 한다.",Y(후보),pending
TITM-000109,TOBL-00019,UNIT-0328911,a901/n11/mcha/s0-11-10-4,계약자의 지속적 확인 철도운영자등,규칙,137,"계약자의 지속적 확인 철도운영자등은 계약자의 철도 안전운행을 위한 열차운행 업무의 수행, 열차운행 기록의 유지, 차량 고장과 시설물 손상 발견 및 적기 시정조치 여부 등을 지속적으로 확인하기 위해 문서화된 절차를 수립, 실행 및 유지하여야 한다.",Y(후보),pending
TITM-000110,TOBL-00020,UNIT-0328921,a901/n12/mja/s0-12-2-4,유지관리 인력의 적격성 철도운영자등,규칙,73,"유지관리 인력의 적격성 철도운영자등은 문서화된 유지관리 인력의 적격성에 대한 기준 및 확인 절차를 수립, 실행 및 유지하여야 한다.",Y(후보),pending
TITM-000111,TOBL-00020,UNIT-0328921,a901/n12/mja/s0-12-2-5,유지관리 종사자의 소관 업무 명확화 철도운영자등,규칙,78,유지관리 종사자의 소관 업무 명확화 철도운영자등은 유지관리 업무 종사자에게 작업별 또는 직명별 소관업무를 명확히 문서화하여 제공하여야 한다.,Y(후보),pending
TITM-000112,TOBL-00020,UNIT-0328921,a901/n12/mja/s0-12-3-4,노후 철도차량 및 철도시설 철도운영자등,규칙,208,"노후 철도차량 및 철도시설 철도운영자등은 노후 철도차량 및 철도시설의 정의, 평가방법, 관리방안 등을 포함한 노후 철도차량 및 철도시설의 유지관리 방법 및 절차를 수립, 실행 및 유지하여야 하며, 노후 철도차량 및 철도시설의 유지관리를 위한 세부적인 사항은 별표4와 같다. 다만, 철도차량 및 철도시설의 소유자와 운영자가 다를 경우에는 관리권을 가진 자가 실행하여야 한다.",Y(후보),pending
TITM-000113,TOBL-00020,UNIT-0328921,a901/n12/mja/s0-12-3-5,운행선 구간 임시 설치시설 유지관리 철도운영자등,규칙,121,"운행선 구간 임시 설치시설 유지관리 철도운영자등은 철도 운행선구간에 임시설치(유지관리자에게 인계되지 않은 시설)한 선로전환기 등 운행시설에 대하여는 그 설치자가 문서화된 유지관리절차를 수립, 실행 및 유지하여야 한다.",Y(후보),pending
TITM-000114,TOBL-00020,UNIT-0328921,a901/n12/mja/s0-12-3-6,철도보호지구 안에서의 행위 제한 철도운영자등,규칙,75,"철도보호지구 안에서의 행위 제한 철도운영자등은 철도보호지구 안에서의 행위 제한을 위해 문서화된 절차를 수립, 실행 및 유지하여야 한다.",Y(후보),pending
TITM-000115,TOBL-00020,UNIT-0328921,a901/n12/mja/s0-12-3-7,철도차량의 개조 절차 철도운영자등,규칙,143,"철도차량의 개조 절차 철도운영자등은 철도차량을 개조하고자 하는 경우 차량의 근본적인 구조 변경을 하지 않는 범위에서 개조하여야 하며, 개조를 수행하는 업체의 적격성에 대한 기준 및 개조한 철도차량의 안전성을 확인하는 절차를 수립, 실행 및 유지하여야 한다.",Y(후보),pending
TITM-000116,TOBL-00020,UNIT-0328921,a901/n12/mja/s0-12-3-8,취약 작업현장 안전관리 철도운영자등,규칙,188,"취약 작업현장 안전관리 철도운영자등은 작업자 안전을 확보하기 위하여 매년 1회 이상 선로 작업, 입환 작업, 승강장안전문 작업 등 안전에 취약한 작업을 선정하고 작업환경에 대한 조사를 실시하여 작업환경을 개선하고 이를 지속적으로 관리하여야 한다. 이 경우 취약 작업 선정 및 작업환경 조사ㆍ개선ㆍ관리 과정에 현장작업자를 참여시켜야 한다.",Y(후보),pending
TITM-000117,TOBL-00020,UNIT-0328921,a901/n12/mja/s0-12-4-1,유지관리 이행계획의 수립 철도운영자등,규칙,257,"유지관리 이행계획의 수립 철도운영자등은 철도차량 및 철도시설에 대한 정기 또는 비정기적인 점검, 보수, 교체 및 개량 등을 원활히 수행하기 위하여 유지관리 대상, 방법, 인력(계약자 포함) 및 일정 등에 대해 문서화된 유지관리 이행계획을 수립, 실행 및 유지하여야 한다. 다만, 20년이 경과한 철도차량은 안전성 확보를 위해 5년마다 별표4에 따른 철도차량 정밀안전진단 실시 등을 포함한 유지보수 관리방안을 별도 수립ㆍ실행하거나 본 이행계획에 포함하여야 한다.",Y(후보),pending
TITM-000118,TOBL-00020,UNIT-0328921,a901/n12/mja/s0-12-5-1,유지관리 기록 철도운영자등,규칙,226,"유지관리 기록 철도운영자등은 유지관리를 실시한 경우, 그 대상, 내용, 인원, 일정 및 실시결과(적합여부 판정기준 및 철도차량 개조 시 개조 전ㆍ후 사양대비표 등을 포함한다) 등에 대해 참여 수행자, 확인자의 서명(전자서명을 포함한다)을 포함한 문서화된 유지관리 기록 절차를 수립, 실행ㆍ유지하여야 한다. 단, 철도차량 개조의 경우 전문기관에 개조작업을 맡긴 경우 관련 자료를 증빙자료로 대체할 수 있다.",Y(후보),pending
TITM-000119,TOBL-00020,UNIT-0328921,a901/n12/mja/s0-12-5-2,유지관리 결과의 활용 철도운영자등,규칙,111,"유지관리 결과의 활용 철도운영자등은 유지관리 결과에 대한 신뢰성ㆍ가용성ㆍ정비성ㆍ안전성(RAMS)을 검토하여 유지관리 업무의 기본 자료로 활용하여야 하며, 활용 결과를 주기적으로 기록 유지하여야 한다.",Y(후보),pending
TITM-000120,TOBL-00020,UNIT-0328921,a901/n12/mja/s0-12-5-3,유지관리 기록의 보존 철도운영자등,규칙,227,"유지관리 기록의 보존 철도운영자등은 유지관리 기록의 보존을 위해 문서화된 절차를 수립, 실행 및 유지하여야 하며, 유지보수 시행내용을 항상 확인할 수 있도록 근거자료(사진, 영상)를 점검부 또는 전산으로 기록ㆍ관리하여야 한다. 다만, 사진ㆍ영상으로는 유지보수 실행 전후 확인이 곤란한 경우 등 근거자료 확보가 곤란한 경우에는 유지관리 수행 내용ㆍ결과를 명확히 알 수 있는 문서를 근거자료로 대체할 수 있다.",Y(후보),pending
TITM-000121,TOBL-00020,UNIT-0328921,a901/n12/mja/s0-12-5-4,철도차량의 이력관리 철도운영자등,규칙,110,"철도차량의 이력관리 철도운영자등은 보유 또는 운영하고 있는 철도차량과 관련한 제작, 운용, 철도차량정비 및 폐차 등의 이력을 관리하기 위해 문서화된 이력관리 절차를 수립, 실행 및 유지하여야 한다.",Y(후보),pending
TITM-000122,TOBL-00020,UNIT-0328921,a901/n12/mja/s0-12-6-4,시험ㆍ검사 및 측정 장비의 교정 철도운영자등,규칙,74,"시험ㆍ검사 및 측정 장비의 교정 철도운영자등은 시험ㆍ검사 및 측정 장비에 대해 문서화된 교정 절차를 수립, 실행 및 유지하여야 한다.",Y(후보),pending
TITM-000123,TOBL-00020,UNIT-0328921,a901/n12/mja/s0-12-7-4,신뢰성기반 유지관리 적용 철도안전 주요부품,규칙,128,"신뢰성기반 유지관리 적용 철도안전 주요부품은 신뢰성기반 유지보수체계를 적용하여 관리하여야 하며, 교체주기변경 등 안전에 영향이 있는 사항을 변경하기 위해서는 신뢰성 기반 유지보수체계 분석을 시행하고 그 결과를 기초로 하여야 한다.",Y(후보),pending
TITM-000124,TOBL-00020,UNIT-0328921,a901/n12/mja/s0-12-8-1,제작 감독 철도운영자등,규칙,204,제작 감독 철도운영자등은 철도차량을 제작하는 동안「국가를 당사자로 하는 계약에 관한 법률」 제13조 또는「지방자치단체를 당사자로 하는 계약에 관한 법률」제16조에 따라 차량 제작자에 대한 감독의무를 수행할 수 있는 전문기관에 준한 전문성을 갖춘 인력으로 구성된 조직을 운영하거나「철도안전법 시행령」제63조제4항에 따른 전문기관으로 감독업무를 수행하도록 하여야 한다.,Y(후보),pending
TITM-000125,TOBL-00020,UNIT-0328921,a901/n12/mja/s0-12-8-3,제작자 시정조치 철도운영자등,규칙,95,"제작자 시정조치 철도운영자등은 제작자의 차량 제작 과정상에 이상이 있다고 판단되는 경우에 시정조치가 적기에 시행되기 위해 문서화된 절차를 수립, 실행 및 유지하여야 한다.",Y(후보),pending
TITM-000126,TOBL-00020,UNIT-0328921,a901/n12/mja/s0-12-8-4,제작자의 지속적 확인 철도운영자등,규칙,139,"제작자의 지속적 확인 철도운영자등은 제작자의 차량 발주 시 요구사항 및 철도안전법령 상 의무 준수, 차량 제작 기록의 유지, 제작 결함 등의 발견 및 적기 시정조치 여부 등을 지속적으로 확인하기 위해 문서화된 절차를 수립, 실행 및 유지하여야 한다.",Y(후보),pending
TITM-000127,TOBL-00020,UNIT-0328921,a901/n12/mja/s0-12-8-5,철도차량 발주자,규칙,154,"철도차량 발주자와 운영자가 다른 경우 업무협조 철도차량 발주자와 운영자가 다른 경우 발주자는 차량설계, 제작, 완성검사, 시운전 시 운영자 의견을 최대한 반영하여야 하며, 철도운영자등은 철도차량 제작감독 관련 사항을 협의ㆍ이행하기 위한 문서화된 절차를 수립, 실행하여야 한다.",Y(후보),pending
TITM-000128,TOBL-00020,UNIT-0328921,a901/n12/mja/s0-12-9-3,계약자 시정조치 철도운영자등,규칙,94,"계약자 시정조치 철도운영자등은 계약자의 유지관리가 안전에 지장이 있다고 판단되는 경우에 시정조치가 적기에 시행되기 위해 문서화된 절차를 수립, 실행 및 유지하여야 한다.",Y(후보),pending
TITM-000129,TOBL-00020,UNIT-0328921,a901/n12/mja/s0-12-9-4,계약자의 지속적 확인 철도운영자등,규칙,137,"계약자의 지속적 확인 철도운영자등은 계약자의 철도 안전운행을 위한 유지관리 업무의 수행, 유지관리 기록의 유지, 차량 고장과 시설물 손상 발견 및 적기 시정조치 여부 등을 지속적으로 확인하기 위해 문서화된 절차를 수립, 실행 및 유지하여야 한다.",Y(후보),pending
TITM-000130,TOBL-00020,UNIT-0328921,a901/n12/mja/s0-12-9-5-1,철도운영자등의 운영절차 철도운영자등,규칙,160,"철도운영자등의 운영절차 철도운영자등은 철도안전관리시스템(SMS) 프로그램, 열차운행 프로그램 및 유지관리 프로그램의 이행을 위해 필요한 운영절차를 따로 정할 수 있다. 이 경우 본문에 따라 운영절차를 제ㆍ개정하려는 때에는 철도안전법에 따라 안전관리체계 변경승인을 받거나 신고하여야 한다.",Y(후보),pending
TITM-000131,TOBL-00020,UNIT-0328921,a901/n12/mja/s0-12-9-5-2,재검토기한,생성,136,재검토기한 국토교통부장관은「훈령ㆍ예규 등의 발령 및 관리에 관한 규정」에 따라 이 훈령에 대하여 2017년 1월 1일 기준으로 매3년이 되는 시점(매 3년째의 12월 31일까지를 말한다)마다 그 타당성을 검토하여 개선 등의 조치를 하여야 한다.,Y(후보),pending
TITM-000132,TOBL-00021,UNIT-0329031,a901/s0-2-1-1,공원녹지기본계획의 수립대상,규칙,82,공원녹지기본계획의 수립대상 : 시(「국토의 계획 및 이용에 관한 법률」 제18조제1항에 따라 도시ㆍ군기본계획을 수립하여야 하는 시) 제2절 목표연도,Y(후보),pending
TITM-000133,TOBL-00021,UNIT-0329031,a901/s0-2-3-2,시장,규칙,123,"시장은 지역여건상 필요하다고 인정되는 때에는 인접한 시 또는 군(광역시의 관할구역 안에 있는 군을 제외)의 관할구역의 일부를 포함하여 계획을 수립할 수 있다. 다만, 이 경우 미리 당해 시장 또는 군수와 협의하여야 한다.",Y(후보),pending
TITM-000134,TOBL-00022,UNIT-0329031,a901/s0-3-3-2-1,공원녹지기본계획도 부문별 구상도 및 계획도,규칙,97,"공원녹지기본계획도, 부문별 구상도 및 계획도는 일반인이 알기 쉽도록 작성하여야 하고 공원녹지조성계획 수립에 혼란이 없도록 계획의 내용과 용어사용, 도면표현이 분명하여야 한다.",Y(후보),pending
TITM-000135,TOBL-00023,UNIT-0329031,a901/s0-4-2-1,공원녹지기본계획의 수립권자,규칙,68,"공원녹지기본계획의 수립권자는 계획의 입안을 위하여 시의 자연 및 인문현황, 기타 필요한 사항을 조사하거나 측량하여야 한다.",Y(후보),pending
TITM-000136,TOBL-00023,UNIT-0329031,a901/s0-4-3-3-2,대항목·세부항목 조사내용,생성,75,"<표 4-1>의 대항목과 세부항목의 조사내용에 따라 조사하여야 한다. 다만, 당해 시에 해당하지 않는 사항은 조사에서 제외할 수 있다.",Y(후보),pending
TITM-000137,TOBL-00024,UNIT-0329035,a901/p4/s0-4-6-1,기초조사 결과,규칙,97,기초조사 결과는 과거로부터의 추이ㆍ현황ㆍ향후전망 등을 쉽게 파악할 수 있도록 분석하여 공원녹지기본계획ㆍ도시녹화계획ㆍ공원조성계획 등을 수립하는데 활용할 수 있도록 하여야 한다.,Y(후보),pending
TITM-000138,TOBL-00024,UNIT-0329035,a901/p4/s0-4-6-3,기초조사 결과,규칙,172,"기초조사 결과는 수치지도로 제작하고, 지리정보체계(GIS)에 의해 관리시스템을 제작하여 향후 계획수립 및 관리에 활용할 수 있도록 하고, 내용 및 활용방법은 별도의 책자를 인쇄하여 보관 및 활용하도록 한다. 또한, 각 시의 인터넷 홈페이지에 수록하는 등 주민이 이들 정보에 쉽게 접할 수 있도록 하여야 한다.",Y(후보),pending
TITM-000139,TOBL-00025,UNIT-0329035,a901/p4/s0-5-2-2-1,보전체계구상,규칙,266,"보전체계구상 (가) 자연생태환경, 역사적 풍토, 도시골격형성, 쾌적한 생활환경, 농지 등 다양한 도시환경의 보전을 위한 다양한 종류의 공원녹지체계를 구상한다. (나) 상업지, 주택지, 공장 등 각 지구의 성격에 적합한 지구내의 경관과 환경개선이 이루어지도록 배치하고 녹화 추진계획을 세운다. (다) 시가화지역 내에 보전해야 하는 농지는 자연환경보전에 기여하는 녹지로서 자격을 부여하고 적절한 보전 계획을 세운다. (라) 보전체계구상을 도면화한 「환경보전체계구상도」를 작성한다.",Y(후보),pending
TITM-000140,TOBL-00026,UNIT-0329035,a901/p4/s0-6-3-2-2,중점녹화지구,규칙,97,"중점녹화지구는 도시의 자연ㆍ인문적 상황 및 수요에 따라 적절히 지정하고, 도시의 전반적인 녹지 배치계획과 연계성을 갖고 녹지 네트워크 형성 계획과 상호연결이 이루어져야 한다.",Y(후보),pending
TITM-000141,TOBL-00027,UNIT-0329035,a901/p4/s0-7-4-2-1,재정수요,규칙,84,"재정수요를 추정하고 세입원칙, 조달방법과 투자우선원칙을 정한다. 이 경우, 1단계 집행계획에 포함되는 사항은 지방재정계획에 반영되도록 노력하여야 한다.",Y(후보),pending
TITM-000142,TOBL-00028,UNIT-0329035,a901/p4/s0-8-1-1,공원녹지기본계획의 입안권자,규칙,73,"공원녹지기본계획의 입안권자는 시장으로 하되, 인접 시 또는 군의 관할구역을 포함할 경우에는 당해 시장 또는 군수와 협의하여야 한다.",Y(후보),pending
TITM-000143,TOBL-00028,UNIT-0329035,a901/p4/s0-8-1-4,공원녹지기본계획 입안,규칙,67,공원녹지기본계획 입안은 시의 게시판 및 인터넷 등 홍보를 통하여 주민에게 알게 하여 주민이 참여할 수 있게 하여야 한다.,Y(후보),pending
TITM-000144,TOBL-00028,UNIT-0329035,a901/p4/s0-8-1-5,각 유관기관 및 관련부서,규칙,86,각 유관기관 및 관련부서는 개별 법률에 따라 수립되는 계획들과 공원녹지기본계획과의 연관성을 사전검토하기 위하여 협의하여야 한다. 제2절 주민 등의 의견청취,Y(후보),pending
TITM-000145,TOBL-00028,UNIT-0329035,a901/p4/s0-8-4-1,공원녹지기본계획 협의·심의·승인,생성,260,"특별시장ㆍ광역시장ㆍ특별자치시장 또는 특별자치도지사가 공원녹지기본계획을 수립하고자 하는 때에는 관계 행정기관의 장과 협의한 후 「국토의 계획 및 이용에 관한 법률」 제113조에 따른 지방도시계획위원회의 심의를 거쳐야 하고, 도지사는 신청된 공원녹지기본계획(안)을 관계 행정기관의 장과 협의한 후 지방도시계획위원회 심의를 거쳐 승인한다. 필요한 경우 공원녹지계획에 관한 전문기관의 자문을 거칠 수 있다. 8-4-2. 도지사는 승인된 공원녹지기본계획을 시장에게 송부한다.",Y(후보),pending
TITM-000146,TOBL-00028,UNIT-0329035,a901/p4/s0-8-4-4,공원녹지기본계획수립권자,규칙,141,"공원녹지기본계획수립권자는 수립 또는 승인된 공원녹지기본계획을 지체 없이 이를 공고하고 일반인에게 열람시켜야 하며, 승인된 공원녹지기본계획 골격을 토대로 내용의 보완과 설명도의 삽입 등으로 기본계획서를 보완한 후, 최종 공원녹지기본계획서를 색도 인쇄한다.",Y(후보),pending
TITM-000147,TOBL-00028,UNIT-0329035,a901/p4/s0-8-4-5,공원녹지기본계획수립권자,규칙,31,공원녹지기본계획수립권자는 최종 보고서를 송부하여야 한다.,Y(후보),pending
TITM-000148,TOBL-00029,UNIT-0329035,a901/p4/s0-9-1,재검토기한,생성,153,(재검토기한) 국토교통부장관은 「훈령ㆍ예규 등의 발령 및 관리에 관한 규정」(대통령 훈령 334호)에 따라 이 훈령에 대하여 2019년 1월 1일 기준으로 매 3년이 되는 시점(매 3년째의 12월 31일까지를 말한다)마다 그 타당성을 검토하여 개선 등의 조치를 하여야 한다.,Y(후보),pending
TITM-000149,TOBL-00030,UNIT-0331811,a901/n1/mma/s0-2-1,진출입로는「도로교통법」 제2조제1호에 따른 도로,규칙,119,"진출입로는「도로교통법」 제2조제1호에 따른 도로와 단지간의 보행자와 자동차 진출입이 상시 발생하고 자동차와 보행자, 자동차간의 상충으로 교통사고 위험이 높은 구간으로 보행자와 자동차의 상충 최소화를 고려해야 한다.",Y(후보),pending
TITM-000150,TOBL-00030,UNIT-0331811,a901/n1/mma/s0-2-2,모든 진출입로 입구의 자동차 운전자가 잘 보이,규칙,257,"모든 진출입로 입구의 자동차 운전자가 잘 보이는 곳에 자동차의 통행방법을 금속판, 현수막 등에 적어 게시해야 하며 자동차의 통행방법 안내표지에는 아래의 내용을 포함해야 한다. 가) 자동차의 통행 속도 나) 서행, 일시정지 등 보행자 보호를 위한 자동차 운전자의 준수사항 다) 「주택건설기준 등에 관한 규정」제26조제4항에 따라 설치된 어린이 안전보호구역에서 자동차 운전자의 준수사항 라) 그 밖에 단지내도로에서 교통안전을 위해 자동차 운전자가 준수해야 할 사항",Y(후보),pending
TITM-000151,TOBL-00030,UNIT-0331811,a901/n1/mma/s0-2-7,진출입로 교통안전성 확보,규칙,589,"진출입로 교통안전성 확보를 위해 다음과 같은 시설물을 설치 및 적용할 수 있다. 가) 고원식 횡단보도 : 자동차의 감소유도 및 보행의 연속성 확보를 위해 보행단절 구간에 고원식 횡단보도를 설치할 수 있다. 나) 정지선 : 횡단보도 전방에 정지선을 설치하여 자동차의 일시정지 위치를 알려준다. 다) 안전표지 : 단지 내 자동차 감속유도를 위해 제한속도(20㎞/h 이하) 노면표시 및 교통안전표지를 설치할 수 있다. 라) 과속방지턱 : 자동차의 감속 유도를 위해 과속방지턱을 설치할 수 있다. 마) 분리대 : 명확한 차로 구분 및 운영을 위한 분리대(화분, 연석, 중앙선 등을 말한다)를 설치할 수 있다. 바) 차단기 : 차단기 설치시 진입부에서 최소 10.0m(승용차 2대)이상 평탄부 대기 공간을 확보해야 하며, 세대수 등 교통상황을 고려하여 방문차량, 입주차량을 별도로 분리하여 설치할 수 있다. 다만, 공동주택의 배치, 지형 등의 여건에 따라 10.0m 이상의 확보가 불가피할 경우 안전시설로 보완조치 할 수 있다. 사) 노면포장 : 진출입로 노면포장은 운전자 주의환기 및 속도저감 유도를 위해 블록 또는 사괴석 포장을 설치할 수 있다. 나. 교차로",Y(후보),pending
TITM-000152,TOBL-00030,UNIT-0331811,a901/n1/mma/s0-2-1~2,교차로,규칙,94,"교차로는 보차혼용도로 교차, 도로와 도로의 교차, 도로와 주차장의 교차, 회전교차로 등으로 구분할 수 있으며, 통행우선권 부여, 속도저감, 시거확보 등을 고려해야 한다.",Y(후보),pending
TITM-000153,TOBL-00030,UNIT-0331811,a901/n1/mma/s0-2-2~2,교차로,규칙,56,교차로는 보행자와 자동차간 및 자동차간의 상충이 가장 많은 지점으로 단지 내 설치를 최소화해야 한다.,Y(후보),pending
TITM-000154,TOBL-00030,UNIT-0331811,a901/n1/mma/s0-2-5~2,운전자 혼란 등으로 인한 사고 예방,규칙,41,운전자 혼란 등으로 인한 사고 예방을 위해 통행우선권을 명확히 해야 한다.,Y(후보),pending
TITM-000155,TOBL-00030,UNIT-0331811,a901/n1/mma/s0-2-6~2,교차로에 접근시 사전에 인지할 수 있도록 시인성,규칙,37,교차로에 접근시 사전에 인지할 수 있도록 시인성을 향상시켜야 한다.,Y(후보),pending
TITM-000156,TOBL-00030,UNIT-0331811,a901/n1/mma/s0-2-1~3,가로,규칙,73,"가로는 단지 내 보행자와 자동차의 시설 접근을 위한 통행로로 속도관리, 보행연속성, 보호구역의 교통안전성 확보 등을 고려해야 한다.",Y(후보),pending
TITM-000157,TOBL-00030,UNIT-0331811,a901/n1/mma/s0-2-6~3,가로,규칙,590,"가로에서 교통안전성 확보를 위해 다음과 같은 시설물을 설치 및 적용할 수 있다. 가) 교통정온화 기법 : 가로에서 자동차의 충분한 속도제어를 위해 지그재그 형태의 도로, 차로 폭 좁힘 등의 교통정온화 기법을 적용하여 설치할 수 있다. 나) 과속방지턱 : 교차로와 교차로의 간격을 고려하여 과속방지턱을 설치할 수 있다. 다) 노면표시 : 단지내도로 제한속도 20㎞/h 이하에 대한 노면표시를 설치할 수 있다. 라) 수목 등 지장물 제거 : 곡선구간 등 충분한 시거확보를 위해 수목 및 지장물을 제거한다. 마) 조명시설 : 야간에 시거확보가 어려운 가로에 조명시설을 설치할 수 있다. 바) 차량 진입억제용 말뚝 : 지상공원형 공동주택 비상도로 등 자동차의 통행을 제한하여야 하는 곳에 설치할 수 있다. 사) 어린이 안전보호구역 표지 : 어린이 안전보호구역은 별도의 공간을 확보하여 설치하도록하며, 노면표시 및 표지를 설치하도록 한다.(단, 부득이 공간 확보가 어려울 경우 노면표시만 설치할 수 있다) 아) 보호구역 노면표시 : 단지 내 보호구역시설인 어린이집, 경로당, 놀이터 등이 위치한 가로에 보호구역 노면표시를 설치할 수 있다. 라. 주차장(지상/지하)",Y(후보),pending
TITM-000158,TOBL-00030,UNIT-0331811,a901/n1/mma/s0-2-1~4,주차장,규칙,74,"주차장은 단지 내 주차를 위한 시설로 지상주차장과 지하주차장으로 구분되며, 시거확보, 통행우선권 부여, 속도저감 등을 고려해야 한다.",Y(후보),pending
TITM-000159,TOBL-00030,UNIT-0331811,a901/n1/mma/s0-2-2~4,단지 내 주차장 설계시 충분한 주차면수,규칙,69,단지 내 주차장 설계시 충분한 주차면수를 확보하여 주차장내 불법주정차 자동차에 따른 통행방해 및 시거제약을 최소화해야 한다.,Y(후보),pending
TITM-000160,TOBL-00030,UNIT-0331811,a901/n1/mma/s0-2-1~5,진출입로는「도로교통법」 제2조제1호에 따른 도로,규칙,121,"진출입로는「도로교통법」 제2조제1호에 따른 도로와 단지 간의 보행자와 자동차 진출입이 상시 발생하고 자동차와 보행자, 자동차 간의 상충으로 교통사고 위험이 높은 구간으로 보행자와 자동차의 상충 최소화를 고려해야 한다.",Y(후보),pending
TITM-000161,TOBL-00030,UNIT-0331811,a901/n1/mma/s0-2-2~5,모든 진출입로 입구의 자동차 운전자가 잘 보이,규칙,194,"모든 진출입로 입구의 자동차 운전자가 잘 보이는 곳에 자동차의 통행방법을 금속판, 현수막 등에 적어 게시해야 하며 자동차의 통행방법 안내표지에는 아래의 내용을 포함해야 한다. 가) 자동차의 통행 속도 나) 서행, 일시정지 등 보행자 보호를 위한 자동차 운전자의 준수사항 다) 그 밖에 단지내도로에서 교통안전을 위해 자동차 운전자가 준수해야 할 사항",Y(후보),pending
TITM-000162,TOBL-00030,UNIT-0331811,a901/n1/mma/s0-2-4~5,진출입로에서,규칙,136,"진출입로에서는 보행자와 자동차의 상충을 최소화하기 위해 동선을 분리 설치하는 것을 원칙으로 하며, 진출입로가 이미 설치된 대학교에서는 주차장 등의 건설ㆍ확장 시 보행자와 동선 분리를 위한 자동차 전용 진출입로를 설치하는 방안을 고려하여야 한다.",Y(후보),pending
TITM-000163,TOBL-00030,UNIT-0331811,a901/n1/mma/s0-2-7~4,진출입로 교통안전성 확보,규칙,1159,"진출입로 교통안전성 확보를 위해 다음과 같은 시설물을 설치 및 적용할 수 있다. 가) 도로표지 : 대학교 내부 주요 건물 및 주차장 위치 등을 안내하기 위한 도로표지를 설치할 수 있다. 나) 조명시설 : 야간 시거확보가 어려운 지점에 조명시설을 설치할 수 있다. 다) 교통정온화시설 : 고원식 횡단보도, 회전교차로 등 자동차의 속도 저감 및 교통사고 예방, 보행자의 안전하고 쾌적한 보행환경을 제공하기 위한 교통정온화 시설을 설치할 수 있다. 라) 포장 : 대학교 진출입로 주변에 보행자우선 구역인 단지내도로 진입에 대한 경각심을 높이기 위한 목적으로 유색포장, 블록 또는 사괴석 포장을 설치할 수 있다. 마) 교통안전표지 : 대학교 내 자동차 감속유도를 위해 최고속도제한, 일시정지, 서행 등의 교통안전표지를 설치할 수 있다. 바) 교통노면표시 : 진출입로 인근 자동차의 통행우선권 및 주행동선 명확화를 위한 중앙선, 정지선, 진행방향 노면표시, 횡단보도 등을 설치할 수 있다. 또한, 대학교 내 자동차 감속유도를 위한 속도제한, 길가장자리 구역선, 보행자우선도로, 기점ㆍ종점 등의 교통노면표시를 설치할 수 있다. 사) 교통신호시설 : 대학교 진출입로 주변의 안전과 원활한 흐름을 확보하기 위하여 교통신호시설을 설치할 수 있다. 아) 속도저감시설 : 자동차의 감속 유도를 위해 과속방지턱 등을 설치할 수 있다. 자) 분리대 : 명확한 차로 구분 및 운영을 위한 분리대(화분, 연석, 중앙선, 무단횡단금지시설 등을 말한다)를 설치할 수 있다. 차) 차단기 : 차단기 설치 시 진입부에서 최소 20.0m(버스 2대) 이상 평탄부 대기 공간을 확보해야 하며, 주차장 형태 및 운영상황을 고려하여 방문차량용과 직원차량 등 정기차량용 차단기를 별도로 분리하여 설치할 수 있다. 다만, 대학교내 건물 배치, 지형 등의 여건에 따라 20.0m 이상의 확보가 불가피할 경우 안전시설로 보완조치 할 수 있다. 카) 방호울타리 : 자동차의 시거확보가 제약되는 구간에 보행자의 횡단을 금지할 수 있도록 보행자용 방호울타리를 설치할 수 있다. 타) 시선유도시설 : 진출입구 인근 운전자의 주의가 현저히 요구되는 지점에 시선유도봉, 매립형태의 점등형 표지병 등을 설치할 수 있다. 파) 그 밖에 단지내도로 설치ㆍ관리자가 진출입로의 특성 및 여건에 적합한 시설물을 설치할 수 있다. 나. 교차로",Y(후보),pending
TITM-000164,TOBL-00030,UNIT-0331811,a901/n1/mma/s0-2-1~6,교차로,규칙,94,"교차로는 보차혼용도로 교차, 도로와 도로의 교차, 도로와 주차장의 교차, 회전교차로 등으로 구분할 수 있으며, 통행우선권 부여, 속도저감, 시거확보 등을 고려해야 한다.",Y(후보),pending
TITM-000165,TOBL-00030,UNIT-0331811,a901/n1/mma/s0-2-2~6,교차로,규칙,59,교차로는 보행자와 자동차 간 및 자동차 간의 상충이 가장 많은 지점으로 대학교 내 설치를 최소화해야 한다.,Y(후보),pending
TITM-000166,TOBL-00030,UNIT-0331811,a901/n1/mma/s0-2-5~6,운전자 혼란 등으로 인한 사고 예방,규칙,41,운전자 혼란 등으로 인한 사고 예방을 위해 통행우선권을 명확히 해야 한다.,Y(후보),pending
TITM-000167,TOBL-00030,UNIT-0331811,a901/n1/mma/s0-2-6~6,교차지점 교통안전 향상방안,생성,104,"기존 단지내도로의 교차각이 예각 또는 둔각이거나, 교차지점이 급경사인 경우에는 교차지점 이설, 좌ㆍ우회전 금지 등 운영방식 개선, 기하구조 개선 등의 교통안전 향상방안을 검토하여야 한다.",Y(후보),pending
TITM-000168,TOBL-00030,UNIT-0331811,a901/n1/mma/s0-2-1~7,가로,규칙,74,"가로는 대학교 내 보행자와 자동차의 시설 접근을 위한 통행로로 속도관리, 보행연속성, 보호구역의 교통안전성 확보 등을 고려해야 한다.",Y(후보),pending
TITM-000169,TOBL-00030,UNIT-0331811,a901/n1/mma/s0-2-6~7,가로,규칙,1202,"가로에서 교통안전성 확보를 위해 다음과 같은 시설물을 설치 및 적용할 수 있다. 가) 운전자 시거 : 곡선구간 등 충분한 시거확보를 위해 수목 및 지장물을 제거할 수 있다. 나) 조명시설 : 야간 시거확보가 어려운 가로에 조명시설을 설치할 수 있다. 다) 교통정온화시설 : 지그재그 형태의 도로, 차로 폭 좁힘, 고원식 횡단보도 등 자동차의 속도 저감 및 교통사고 예방을 위한 교통정온화 시설을 설치할 수 있다. 라) 포장 : 노면의 미끄럼 저항이 낮아진 곳, 경사진 구간 등에서 미끄럼 저항력을 높여 주어 자동차의 제동 거리를 짧게 하기 위한 목적으로 미끄럼방지 포장을 설치할 수 있다. 마) 교통안전표지 : 가로구간 자동차 감속유도 및 주의운전을 위해 규제표지(서행, 최고속도제한 등), 주의표지(굽은도로 등), 지시표지(일방통행 등) 등을 설치할 수 있다. 바) 교통노면표시 : 가로구간 주행동선 명확화를 위한 중앙선, 진행방향 노면표시, 횡단보도 등을 설치할 수 있다. 또한, 운전자의 혼란을 초래하는 구간에서 명확한 경로 안내가 필요한 지점에 노면색깔유도선을 설치할 수 있다. 사) 속도저감시설 : 교차로와 교차로의 간격을 고려하여, 자동차의 감속 유도를 위해 과속방지턱 등을 설치할 수 있다. 아) 자동차 진입억제용 말뚝 : 보행자 전용도로 등 자동차의 통행을 제한하여야 하는 곳에 설치할 수 있다. 자) 방호울타리 : 자동차의 시거확보가 제약되는 구간에 보행자의 횡단을 금지할 수 있도록 보행자용 방호울타리를 설치할 수 있으며, 차량이 길 밖으로 이탈하는 것을 방지하고, 차량의 파손을 최소한도로 줄이고 차량을 정상 진행 방향으로 복귀시키는 것을 목적으로 차량용 방호울타리를 설치할 수 있다. 차) 시선유도시설 : 가로구간에서 운전자의 주의가 현저히 요구되는 지점에 시선유도봉, 매립형태의 점등형 표지병 등을 설치할 수 있다. 카) 버스정차공간 : 대학교 내부에 노선버스 및 통학버스 등 버스가 운행중인 경우 정류장을 설치하여야 한다. 정류장 설치가 어려울 경우, 노면표시를 통해 버스정차구획을 표시하여야 하며, 버스정차구획은 자동차의 교행이 가능하도록 6.0m 이상 또는 일방통행 3.0m 이상의 시인성이 확보되는 지점에 설치하도록 한다. 또한 보행자 편의를 위한 대기공간 및 보행자 쉼터 등을 설치할 수 있다. 타) 그 밖에 단지내도로 설치ㆍ관리자가 가로의 특성 및 여건에 적합한 시설물을 설치할 수 있다. 라. 주차장(지상/지",Y(후보),pending
TITM-000170,TOBL-00030,UNIT-0331811,a901/n1/mma/s0-2-1~8,주차장,규칙,151,"주차장은 대학교 내 주차를 위한 시설로 지상주차장과 지하주차장으로 구분되며, 시거확보, 통행우선권 부여, 속도저감 등을 고려해야 한다. 2) 대학교 내 주차장 설계 시 충분한 주차면수를 확보하여 주차장 내 불법주정차 자동차에 따른 통행방해 및 시거제약을 최소화해야 한다.",Y(후보),pending
TITM-000171,TOBL-00030,UNIT-0331811,a901/n1/mma/s0-2-8~2,지상 주차장,규칙,636,"지상 주차장에서 교통안전성 확보를 위해 다음과 같은 시설물을 설치 및 적용할 수 있다. 가) 운전자 시거 : 주차장 내 충분한 시거확보를 위해 반사경을 설치하거나 수목 및 지장물을 제거할 수 있다. 나) 조명시설 : 야간 시거확보가 어려운 주차장에 조명시설을 설치할 수 있다. 다) 교통안전표지 : 지상 주차장 내 자동차 감속유도 및 주의운전을 위해 규제표지(서행, 최고속도제한 등), 지시표지(일방통행 등) 등을 설치할 수 있다. 라) 교통노면표시 : 주차장 내 제한속도에 대한 노면표시를 설치할 수 있다. 또한, 주차장 내 교차지점에 정지선 및 교차점 마크를 설치할 수 있다. 마) 속도저감시설 : 주차장 내 속도저감을 위해 과속방지턱 등을 설치할 수 있다. 바) 보행안전시설 : 주차장 면을 따라 주 진입부 또는 보도까지 1.0∼1.5m의 보행공간을 확보하거나, 보행자 동선을 표시하여 유도하도록 할 수 있다. 사) 차단기 : 차단기 설치 시 진입부에서 최소 20.0m(버스 2대)이상 평탄부 대기 공간을 확보해야 하며, 주차장 형태 및 운영상황을 고려하여 방문차량, 정기차량을 별도로 분리하여 설치할 수 있다. 다만, 대학교의 배치, 지형 등의 여건에 따라 20.0m 이상의 확보가 불가피할 경우 안전시설로 보완조치 할 수 있다.",Y(후보),pending
TITM-000172,TOBL-00030,UNIT-0331811,a901/n1/mma/s0-2-2~8,단지내도로,규칙,78,"단지내도로를 설치ㆍ관리하는 자는 안전시설의 유지보수와 개선에 활용할 수 있도록 안전시설물 관리대장을 비치하고, 그 기록사항을 유지해야 한다.",Y(후보),pending
TITM-000173,TOBL-00031,UNIT-0331811,a901/n1/mma/s0-1,유지관리의 목적 안전시설의 유지관리 목적,규칙,139,"유지관리의 목적 안전시설의 유지관리 목적은 초기 상태의 시설물의 기능 유지 및 안전한 단지내도로 환경을 지속적으로 유지하는데 있으므로, 설치된 시설물이 최상의 상태로 유지관리 될 수 있도록 단지내도로 설치ㆍ관리자는 시설물 관리 방안을 마련해야 한다.",Y(후보),pending
TITM-000174,TOBL-00032,UNIT-0331811,a901/n1/mma/s0-3-2,안전시설물 재도색·시인성 확보,생성,77,"안전시설물이 인위적인 상황이나, 잦은 마찰 등에 따라 본래의 색상을 유지 못하는 경우 재도색을 통해 시인성이 확보될 수 있도록 해야 한다.",Y(후보),pending
TITM-000175,TOBL-00033,UNIT-0332004,a901/s0-1-3,적용범위 ㅇ 「체육시설법」 제5조(전문체육시설),규칙,651,"적용범위 ㅇ 「체육시설법」 제5조(전문체육시설), 6조(생활체육시설), 제7조(직장체육시설)에 따라 설치ㆍ운영되는 공공체육시설 ㅇ 「체육시설법」 제10조(체육시설업의 구분ㆍ종류)에 따른 등록 및 신고 체육시설업의 시설 ㅇ 「체육시설법 시행규칙」 제25조 제3항에 따른 소규모 체육시설업의 시설 - 소규모 체육시설업인 체육도장업, 골프연습장업, 체력단련장업,  당구장업 및 가상체험 체육시설업은 연면적에 상관없이 자율점검시설로 한다. - 자율점검시설은 해당 체육시설업자가 안전관리표준매뉴얼을 참고하여 안전관리를 실시하고, 안전점검지침에 따라 자체적으로 안전점검을 실시하여 안전점검결과를 시장ㆍ군수 또는 구청장에게 서면 또는 국민체육진흥공단이 운영하는 홈페이지(체육시설알리미)를 통하여 제출하여야 한다. [시설유형별 점검 항목 및 주기] ※ 표 내의 ‘*’로 표기된 분야는 「시설물의 안전 및 유지관리에 관한 특별법(이하 시설물안전법)」에 의한 점검결과 확인으로 대체. 다만, 「시설물안전법」에 의한 점검이 이루어지지 않은 경우 점검 시행 ※ 1년 이내에「화재예방, 소방시설 설치ㆍ유지 및 안전관리에 관한 법률(이하 소방시설법)」에 의한 작동기능점검, 종합정밀점검, 소방특별조사 중 한 가지 이상의 점검을 받은 시설은 소방시설 분야 점검 제외(점검결과 확인으로 대체)",Y(후보),pending
TITM-000176,TOBL-00033,UNIT-0332004,a901/s0-1-5,특수사항 ㅇ 체육시설 안전점검,규칙,633,"특수사항 ㅇ 체육시설 안전점검은 시설물 분야, 소방시설 분야, 체육시설법 관련 규정 준수 분야에 대하여 실시한다. ㅇ 다음의 안전 관련 법령에 의하여 안전점검을 받은 경우, 해당 분야에 대해서는 체육시설법에 따른 안전점검을 받은 것으로 한다. - ?시설물의 안전관리에 관한 특별법?(이하 시설물안전법) 제11조에 따른 안전점검 또는 같은 법 제12조에 따른 정밀안전진단을 받은 시설은 시설물 분야 제외 - ?화재예방, 소방시설 설치ㆍ유지 및 안전관리에 관한 법률?(이하 소방시설법) 제4조에 따른 소방특별조사 또는 동법 제25조에 따른 작동기능점검/종합정밀점검을 최근 1년 이내에  받은 시설의 경우, 소방시설 분야 제외 ㅇ 다만, 개별법령에 의해 안전점검을 받은 경우, 안전검검기관은 체육시설관리주체로부터 안전점검 결과를 제출받아 체육시설정보관리종합시스템에 입력하여야 한다. - 안전점검 결과는 전자파일(pdf)로 변환하여 입력하여야 한다. ㅇ 안전점검은 국가의 재난상황 등 다음 사항에 해당하여 실시가 불가능하다고 판단되는 경우에는 문화체육관광부장관의 명으로 생략하거나 시기를 조정할 수 있다. - 천재지변, 전쟁ㆍ사변, 전염병 등 안전점검을 실시할 수 없는 불가항력의 사유가 장기간 지속되는 경우 제2절 체육시설 안전관리 일반",Y(후보),pending
TITM-000177,TOBL-00034,UNIT-0332004,a901/s0-2-1-2,안전점검 계획수립 및 보고 ㅇ 체육시설 안전점검기관,규칙,244,안전점검 계획수립 및 보고 ㅇ 체육시설 안전점검기관은 체육시설 안전점검 계획을 수립하여 체육시설정보관리시스템에 입력하고 문화체육관광부장관에게 보고하여야 한다. ㅇ 시도지사는 시장ㆍ군수ㆍ구청장으로부터 체육시설 안전점검 계획을 제출받아 시도의 안전점검 계획을 포함하여 매년 1월 말까지 문화체육관광부장관에게 보고하여야 한다. ㅇ 국민체육진흥공단은 수립된 체육시설 안전점검 계획을 매년 12월 15일까지 문화체육관광부장관에게 보고하여야 한다.,Y(후보),pending
TITM-000178,TOBL-00034,UNIT-0332004,a901/s0-2-2-1,안전점검 실시자의 구성,생성,195,"안전점검 실시자의 구성 ㅇ 재난관리책임기관의 장은 체육시설 특성 및 점검 목적에 맞추어 해당분야(시설물 분야, 소방시설 분야, 체육시설법 관련 규정 준수 분야) 공무원(담당자)과 민간전문가 등으로 점검반을 구성하여 안전점검을 실시하여야 한다. ㅇ 필요시 체육시설 안전점검 분야와 관련된 공공기관, 민간단체, 협회 등과 합동 점검반을 구성할 수 있다.",Y(후보),pending
TITM-000179,TOBL-00034,UNIT-0332004,a901/s0-2-3-1,자료의 수집 ㅇ 체육시설 관리주체,규칙,429,"자료의 수집 ㅇ 체육시설 관리주체는 안전점검과 관련된 자료를 해당 체육시설에 비치하여야 한다. 안전점검기관은 안전점검 시 관련 자료의 비치 여부를 확인하고 해당 자료를 활용하여 안전점검을 실시한다. 안전점검 결과 종합등급이 사용중지인 경우에는 안전점검과 관련, 필요한 자료를 수집하여야 한다. - 안전점검 관련 자료 ㆍ 시설물 분야 자료 : 설계도면, 시방서, 시설물의 안전 및 유지관리에 관한 특별법에 의한 안전점검기록 등 ㆍ 소방시설 분야 자료 : 소방작동기능점검 또는 종합정밀점검 기록 등 ㆍ 체육시설법 관련 규정 준수 분야 자료 : 체육시설업소 등록 및 신고 서류, 체육지도자 자격서류, 책임배상보험증서 등 ㆍ 체육시설법에 의한 안전점검 결과통보서(최근 2년) - 수집경로 : 한국시설안전공단의 시설물정보관리종합시스템(FMS), 해당 시군구 건축 담당 부서 등",Y(후보),pending
TITM-000180,TOBL-00034,UNIT-0332004,a901/s0-2-3-2,자료의 등록 및 보존 ㅇ 체육시설 안전점검기관,규칙,219,자료의 등록 및 보존 ㅇ 체육시설 안전점검기관은 안전점검과 관련된 자료 등을 국민체육진흥공단의 체육시설정보관리종합시스템에 등록하여 보존하여야 한다. ㅇ 체육시설 안전점검과 관련된 자료의 범위는 다음과 같다. - 체육시설 안전점검에 관한 자료로서 체육시설법 시행령 제2조의3에 의하여 실시하는 안전점검 실시자료 일체 - 안전점검 결과 발견된 중대한 결함에 대하여 실시한 보수ㆍ보강공사 자료 일체,Y(후보),pending
TITM-000181,TOBL-00034,UNIT-0332004,a901/s0-2-4,체육시설 안전점검 장비에 관한 사항 ㅇ 안전점검 시,규칙,254,"체육시설 안전점검 장비에 관한 사항 ㅇ 안전점검 시 사용하는 장비는 소요성능 및 측정의 정밀ㆍ정확도를 유지하도록 관리하여야 하며, ?국가표준기본법? 및 ?계량에 관한 법률?에 의하여 검ㆍ교정을 받은 장비이어야 한다. ㅇ 안전점검활동시 안전점검자는 안전모, 작업복, 작업화와 필요한 경우 청각, 시각 및 안면보호장비 등을 포함한 개인용 보호장구를 항시 착용하여야 하며 안전점검 장비 등을 항상 최적의 상태로 유지하여야 한다. 제3절 안전점검 항목별 점검방법",Y(후보),pending
TITM-000182,TOBL-00035,UNIT-0332004,a901/s0-3-1-1,정기점검 ㅇ 정기점검,규칙,369,정기점검 ㅇ 정기점검은 경험과 기술을 갖춘 자에 의한 세심한 육안검사 수준의 점검으로서 체육시설의 기능적 안전상태를 판단하고 체육시설이 현재의 사용요건을 계속 만족시키고 있는지 확인하기 위한 관찰로 이루어진다. ㅇ 점검자는 체육시설의 전반적인 외관 및 관리형태를 관찰하여 중대한 결함 여부를 확인하기 위하여 세심한 주의를 기울여야 한다. ㅇ 점검자는 정기점검결과 중대한 결함이 확인된 경우에는 안전점검 결과를 체육시설정보관리종합시스템에 입력하고 문화체육관광부장관에게 즉시 보고하여야 한다. ㅇ 체육시설 점검기관은 정기점검 결과 필요한 경우 결함의 정도에 따라 긴급점검 또는 정밀점검을 실시하도록 체육시설 관리주체에 통보하고 적절한 조치를 취하도록 하여야 한다.,Y(후보),pending
TITM-000183,TOBL-00035,UNIT-0332004,a901/s0-3-1-2,긴급점검 ㅇ 긴급점검,규칙,457,"긴급점검 ㅇ 긴급점검은 취약시기(여름철, 해빙기, 겨울철 등)점검이나 관리주체가 필요하다고 판단한 때 또는 관계 행정기관의 장이 필요하다고 판단하여 관리주체에게 요청한 때에 실시하는 안전점검이며 실시목적에 따라 손상점검과 특별점검으로 구분한다. - 손상점검 : 손상점검은 재해나 사고에 의해 비롯된 구조적 손상 등에 대하여 긴급히 시행하는 점검으로 시설물의 손상 정도를 파악하여 긴급한 사용중지의 필요 여부, 보수ㆍ보강의 긴급성, 보수ㆍ보강작업의 규모 및 작업량 등을 결정하기 위한 점검이다. 점검자는 사용제한 및 사용중지가 필요할 경우에는 즉시 관리주체에 보고하여야 하며 관리주체는 필요한 조치를 취하여야 한다. - 특별점검 : 특별점검은 취약시기(여름철, 해빙기, 겨울철 등) 점검이나 관리주체, 관계행정기관의 장이 필요하다고 판단하거나, 사용제한 중인 체육시설의 재사용여부 등을 판단하기 위해 실시하는 점검이다.",Y(후보),pending
TITM-000184,TOBL-00035,UNIT-0332004,a901/s0-3-1-3,정밀점검 ㅇ 정밀점검,규칙,274,정밀점검 ㅇ 정밀점검은 체육시설의 현 상태를 정확히 판단하고 최초 또는 이전에 기록된 상태로부터의 변화를 확인하며 체육시설이 현재의 사용요건을 계속 만족시키고 있는지 확인하기 위하여 관련 법규에 의거 해당분야의 전문지식을 가진 자가 외관 및 관리 상태에 대한 면밀한 조사와 각종 측정ㆍ시험장비로 실시하는 점검을 말한다. ㅇ 정밀점검 결과 결함이 광범위하게 발생하는 등 정밀안전진단이 필요하다고 판단될 경우에는 점검자는 체육시설 관리주체에게 즉시 통보하고 적절한 조치를 취하도록 하여야 한다.,Y(후보),pending
TITM-000185,TOBL-00035,UNIT-0332004,a901/s0-3-2-1,정기점검 ㅇ 정기점검,규칙,164,"정기점검 ㅇ 정기점검은 시설물의 준공일 또는 사용승인일(임시사용 포함)로부터 6개월에 1회 이상 실시하여야 하며 긴급점검 및 정밀점검 실시기간과 중복되는 경우에는 생략할 수 있다. ㅇ 또한, 시설물안전법에 의한 정밀점검, 긴급점검 및 정밀안전진단의 실시기간과 중복되는 경우에는 생략할 수 있다.",Y(후보),pending
TITM-000186,TOBL-00035,UNIT-0332004,a901/s0-3-3,안전점검의 절차 ㅇ 체육시설 안전점검 절차,규칙,235,"안전점검의 절차 ㅇ 체육시설 안전점검 절차는 다음과 같다 [안전점검 절차] ㅇ 안전점검을 실시한 경우에는 안전점검 평가기준에 따라 평가한 안전점검 결과를 안전점검 종료일로부터 1개월 이내에 체육시설정보관리종합시스템에 입력하여야 한다. ㅇ 안전점검업무 담당자는 정기점검 및 긴급점검 결과, 사용중지 등급인 경우에는 즉시 재난관리책임기관의 장에게 보고하고 해당 체육시설 관리주체에 통보하여 정밀점검을 실시하도록 하여야 한다.",Y(후보),pending
TITM-000187,TOBL-00035,UNIT-0332004,a901/s0-3-5,안전점검 실시결과의 이행 ㅇ 체육시설 안전점검기관,규칙,892,"안전점검 실시결과의 이행 ㅇ 체육시설 안전점검기관은 체육시설법 제4조의4 및 동법 시행령 제2조의6에 따라 안전점검을 실시한 결과를 체육시설의 소유자(체육시설을 위탁받아 운영ㆍ관리하는 자를 포함)와 체육시설업자, 시ㆍ도지사, 시장ㆍ군수 또는 구청장에게 지체 없이 통보하여야 한다. ㅇ 법 제4조의4 및 동법 시행령 제2조의6에 따라 체육시설 안전점검 결과로 통보하여야 할 사항은 다음과 같다. - 체육시설의 명칭 및 소재지 - 체육시설 소유자와 체육시설업자의 성명(법인인 경우에는 대표자의 성명을 말한다) - 체육시설 안전점검의 실시기간 및 실시자 - 체육시설 안전점검의 결과(체육시설법 시행령 제2조의6 제3항에 따른 중대한 결함이 있는 경우에는 그 내용을 포함한다) - 체육시설의 소유자와 체육시설업자가 조치하여야 할 사항 - 그 밖에 안전관리에 필요한 사항 ㅇ 법 제4조의4 제1항에 따라 안전점검 결과를 통보받은 체육시설의 소유자와 체육시설업자는 해당 체육시설에 시행령 제2조의6 제3항에 따른 중대한 결함이 있는 경우에는 조속한 안전관리 대책을 수립하여야 하며, 통보를 받은 날부터 1년 이내에 그 결함에 대한 보수ㆍ보강 등 필요한 조치에 착수하여야 하며, 특별한 사유가 없으면 착수한 날부터 2년 이내에 그 조치를 완료하여야 한다. ㅇ 법 제4조의4 제2항에서 ""대통령령으로 정하는 중대한 결함""이란 다음 각 호의 결함을 말한다. - 시설물 기초의 세굴(洗掘 : 단면이 물에 의해 깎이는 현상) - 건축물의 기둥, 보 또는 내력(耐力)벽의 내력 손실 - 철근콘크리트의 염해(鹽害) 또는 중성화에 따른 내력 손실 - 땅깎기ㆍ흙쌓기에 의한 경사면의 균열ㆍ이완 등에 따른 옹벽의 균열 또는 파손 - 그 밖에 체육시설의 안전에 영향을 주는 결함으로서 문화체육관광부장관이 정하여 고시하는 결함",Y(후보),pending
TITM-000188,TOBL-00035,UNIT-0332004,a901/s0-3-6,안전점검 결과보고서의 작성 ㅇ 시행령 제2조의5에 따른,규칙,444,"안전점검 결과보고서의 작성 ㅇ 시행령 제2조의5에 따른 체육시설 안전점검기관은 법 제4조의3 제2호에 따라 실시한 안전점검 결과보고서를 작성하여야 한다. ㅇ 작성된 안전점검 결과보고서는 체육시설정보관리종합시스템에 등록하고, 각각의 상급기관에 보고 해야 한다. ㅇ 결과보고서의 주요 내용은 다음과 같다. - 안전점검 결과 총평 - 점검 분야별(시설물 분야, 소방시설 분야, 체육시설법 관련 규정 준수 분야) 점검결과 및 개선방안 - 각 시설별 점검결과 조치방향(문제점, 위험 해소방안 등) ㅇ 결과 보고서는 보관 및 활용 등 유지관리 업무에 효율적으로 활용할 수 있도록 전자매체(PDF파일)로 변환하여 입력하여야 한다. ㅇ 결과 보고서에는 분야별 점검내용, 점검결과 등을 구체적으로 작성하여야 하며, 첨부되는 사진(칼라) 또는 동영상(칼라) 등은 결함을 구체적으로 확인할 수 있도록 하여야 한다.",Y(후보),pending
TITM-000189,TOBL-00036,UNIT-0332020,a901/n2/mda/s0,다세대 주택 공사감리자 지정,생성,751,"다. 다세대 주택 3) 2)항에 따른 공사감리자 모집 및 선정 (1)「건축법 시행령」제19조의2에 따라 시ㆍ도지사는 모집공고를 거쳐 법 제25조제2항에 따라 공사감리자로 지정될 수 있는 건축사의 명부를 작성하고 관리하여야 한다. (2)허가권자는 제1호에 따른 명부에서 공사감리자를 지정하여야 한다. 4) 2)에도 불구하고 다음 각 호 어느 하나에 해당하는 건축물의 건축주는 허가권자에게 신청하여 건축물을 설계한 자를 공사감리자로 지정할 수 있다. (1)「건설기술 진흥법」 제14조에 따른 신기술을 적용하여 설계한 건축물 (2)「건축서비스산업 진흥법」 제13조제4항에 따른 역량 있는 건축사가 설계한 건축물 (3) 설계공모를 통하여 설계한 건축물 3. 공사감리 계약 및 감리비용 1) 「건축법」 제25조제2항에 따라 허가권자가 감리자를 지정하는 건축물에 해당하는 경우 건축주와의 세부감리업무를 협의하여 건축법 제15조제3항의 규정에 따라 건축물의 공사감리 표준계약서에 의거하여 감리계약서를 작성하여야 한다. 2) 허가권자가 공사감리자를 지정하는 건축물에 해당하는 경우 건축주는 제21조에 따라 착공신고를 하는 때에 감리비용이 명시된 감리계약서를 허가권자에게 제출하여야 하고, 제22조에 따른 사용승인을 신청하는 때에는 감리용역 계약내용에 따라 감리비용이 지불되었는지를 확인할 수 있는 감리비용 입금내역서, 세금계산서, 통장 사본 등의 증빙서류를 제출하여야 한다. 3) 허가권자는 감리비용에 관한 기준을 해당 지방자치단체의 조례로 정할 수 있다.",Y(후보),pending
TITM-000190,TOBL-00037,UNIT-0332020,a901/n2/mda/s0-2-3-2,감리업무 세부내용 및 범위,생성,183,"건축물의 규모별 구분에 따른 감리업무의 세부내용 및 전기, 통신, 소방분야 등 공사감리자가 공사현장에서 수행하여야 하는 당해 공사감리의 범위는 [별표1] 건축공사감리 체크리스트의 해당사항에 따른다. 단, 「전력기술관리법」, 「정보통신공사업법」, 「소방시설 공사업법」에 의해 별도 감리업무를 수행하는 경우는 각 개별법령에 따른다.",Y(후보),pending
TITM-000191,TOBL-00037,UNIT-0332020,a901/n2/mda/s0-2-4-3-4-2,품질시험계획 검토,생성,80,품질시험계획 검토(시방서 및 관계법령에 따라 수행해야 하는 시험 포함) 대상은 「건설기술 진흥법 시행령」 제89조제2항에 따른 건설공사로 한다.,Y(후보),pending
TITM-000192,TOBL-00037,UNIT-0332020,a901/n2/mda/s0-2-4-5-2-4,안전성의 확보 여부,생성,96,"안전성의 확보 여부(주철근의 경우, 철근의 길이나 겹이음의 위치 등 철근상세에 관한 변경이 필요한 경우 반드시 전문기술사의 검토ㆍ확인을 거쳐 공사감독관의 승인을 받아야 함)",Y(후보),pending
TITM-000193,TOBL-00037,UNIT-0332020,a901/n2/mda/s0-2-5-1-2,공사감리자,규칙,106,공사감리자는 제1항에 따라 처리된 하도급에 대해서는 시공자가 「건설산업기본법」 제34조부터 제38조까지 및 「하도급거래 공정화에 관한 법률」에 규정된 사항을 이행하도록 지도ㆍ확인하여야 한다.,Y(후보),pending
TITM-000194,TOBL-00037,UNIT-0332020,a901/n2/mda/s0-2-5-1-4,공사감리자,규칙,91,공사감리자는 1의 각 호 사항을 검토하기 위해 시공자에게 하도급에 관한 세부 자료를 요청할 수 있으며 시공자는 공사감리자의 요청에 따라 관련 서류를 제출해야 한다.,Y(후보),pending
TITM-000195,TOBL-00037,UNIT-0332020,a901/n2/mda/s0-2-5-2-2,공사 준비사항 사전 점검,생성,99,"공사 준비사항 사전 점검 주요공종 공사착수 전에 시공준비 상태를 점검하여야 하며, 미흡한 사항에 대하여 공사시공자에게 개선을 촉구하고 협의한 내용의 이행 여부를 문서로 확인한다.",Y(후보),pending
TITM-000196,TOBL-00038,UNIT-0332022,a901/n14/s0-2-5-7-2,공사감리자,규칙,118,"공사감리자와 설계자는 시공자가 공사비 절감과 건설공사 품질향상 등을 위해 설계변경사유서, 설계변경 도면, 개략적인 수량증감내역 및 공사비 증감내역 등의 서류를 제출하면 이에 대한 적합여부를 검토ㆍ확인하여야 한다.",Y(후보),pending
TITM-000197,TOBL-00038,UNIT-0332022,a901/n14/s0-2-6-3-2,공사감리자,규칙,180,"공사감리자는 사용승인 완료후 공사시공자가 당해 시설물을 관리할 자에게 인계하도록 협의하여야 하며, 당해 현장에서 특수한 재료 혹은 공법을 적용하였을 경우 시공 부위, 방법, 특성, 공사시공자 관리상의 주의점 등에 대한 기록을 인계하도록 하여 유지관리, 점검이 용이하도록 협력하여야 한다. 제3장 공사감리업무의 보고ㆍ기록 등",Y(후보),pending
TITM-000198,TOBL-00039,UNIT-0332022,a901/n14/s0-3-4-1,공사감리자,규칙,220,"공사감리자는 당해 공사감리를 함에 있어 법 및 이법의 규정에 의한 명령이나 처분 기타 관계법령의 규정에 위반된 사항을 발견하거나 공사시공자가 설계도서대로 공사를 하지 아니하는 경우에는 이를 건축주에게 통지한 후 공사시공자로 하여금 이를 시정 또는 재시공하도록 요청하여야 하며, 공사시공자가 이에 따라 시정 또는 재시공하지 아니하는 경우에는 서면으로 당해 건축공사를 중지하도록 요청 할 수 있다.",Y(후보),pending
TITM-000199,TOBL-00039,UNIT-0332022,a901/n14/s0-3-6,재검토 기한 국토교통부장관,규칙,151,재검토 기한 국토교통부장관은 「훈령ㆍ예규 등의 발령 및 관리에 관한 규정」(대통령 훈령 334호)에 따라 이 고시에 대하여 2019년 1월 1일 기준으로 매3년이 되는 시점(매 3년째의 12월 31일까지를 말한다)마다 그 타당성을 검토하여 개선 등의 조치를 하여야 한다.,Y(후보),pending
TITM-000200,TOBL-00040,UNIT-0333644,a901/s0-1-3-2,증축형 리모델링,규칙,143,"증축형 리모델링을 위한 안전진단은 이 기준에 따라 실시하여야 한다. 구체적인 안전진단 방법이나 실시요령은 국토안전관리원과 한국건설기술연구원(이하 ""전문기관""이라 한다)이 협의하여 정하는 증축형 리모델링 안전진단 매뉴얼(이하 ""매뉴얼""이라 한다)을 참고한다.",Y(후보),pending
TITM-000201,TOBL-00041,UNIT-0333644,a901/s0-2-1-2,안전진단 기관,규칙,74,"안전진단 기관은 조합등이 추천한 건축구조기술사(이하 ""구조설계자""라 한다)와 함께 구조안전성 평가를 위한 현장조사를 실시하여야 한다.",Y(후보),pending
TITM-000202,TOBL-00041,UNIT-0333644,a901/s0-2-1-3,안전진단 기관,규칙,92,"안전진단 기관은 구조설계자의 의견을 들어 현장조사의 평가항목별 조사부위, 위치 등을 결정하여야 하며, 구조설계자가 요청하는 경우에는 추가 현장조사를 실시할 수 있다.",Y(후보),pending
TITM-000203,TOBL-00041,UNIT-0333644,a901/s0-2-1-5-5,검증된 계산식에 의한 동별 기존 말뚝의 설계지지력,규칙,106,"검증된 계산식에 의한 동별 기존 말뚝의 설계지지력은 지질조사 위치의  평균값을 적용하되, 개별 설계지지력이 평균값의 90% 이하인 경우 편차가 10% 이내가 되도록 평균값을 조정하여야 한다.",Y(후보),pending
TITM-000204,TOBL-00042,UNIT-0333644,a901/s0-3-1-2,안전진단 기관,규칙,87,안전진단 기관은 구조설계자와 함께 1차 안전진단에서 평가한 구조안전성과 리모델링 설계(안)의 적합성 등에 대한 상세 확인을 위한 현장조사를 실시하여야 한다.,Y(후보),pending
TITM-000205,TOBL-00042,UNIT-0333644,a901/s0-3-1-3,현장조사,규칙,98,"현장조사는 해당 건축물의 마감재를 제거한 상태에서 실시하며, 1차 안전진단시 조사한 부위를 포함하며, 2차 안전진단의 특성에 맞게 표본 수를 늘리고 조사항목을 추가하여야 한다.",Y(후보),pending
TITM-000206,TOBL-00042,UNIT-0333644,a901/s0-3-2-3,안전진단 기관,규칙,77,안전진단 기관은 현장조사 결과를 토대로 1차 안전진단시 실시한 평가결과와 법 제69조제2항에 따른 설계도서의 변경 여부를 확인하여야 한다.,Y(후보),pending
TITM-000207,TOBL-00042,UNIT-0333644,a901/s0-3-2-3~2,에 따른 확인결,규칙,240,에 따른 확인결과 평가결과가 상이하거나 구조설계의 변경이 필요한 경우에는 구조설계자 등과 함께 이에 대한 의견을 시장ㆍ군수 및 조합등에게 제출하여야 한다. 제4장 행정사항 4-1 (재검토기한) 국토교통부장관은 이 고시에 대하여 「훈령ㆍ예규 등의 발령 및 관리에 관한 규정」에 따라 2021년 1월 1일 기준으로 매 3년이 되는 시점(매 3년째의 12월 31일까지를 말한다)마다 그 타당성을 검토하여 개선 등의 조치를 하여야 한다.,Y(후보),pending
TITM-000208,TOBL-00043,UNIT-0335202,a901/n4/s0-4-1-1,보호형태,규칙,109,"보호형태 [그림 6]은 기구의 높이에 따른 적절한 보호 형태를 명시하고 있다. 난간, 보호난간 또는 울타리를 경사로나 계단에 설치 할 때는 경사로나 계단의 가장 낮은 위치에서부터 설치되어야 한다.",Y(후보),pending
TITM-000209,TOBL-00043,UNIT-0335202,a901/n4/s0-4-1-2,난간,규칙,57,"난간의 높이는 발판에서 측정하였을 때 600 mm 이상, 850 mm 이하이어야 한다(그림 7 참조).",Y(후보),pending
TITM-000210,TOBL-00043,UNIT-0335202,a901/n4/s0-4-1-3,보호난간,규칙,366,"보호난간 36개월 미만의 어린이가 쉽게 사용할 수 없는 기구의 플랫폼의 높이가 놀이시설 표면에서 측정하였을 때 1000 mm ∼ 2000 mm 사이일 때 설치한다. 보호난간의 상단면 높이는 플랫폼, 계단 또는 경사로의 표면에서 측정했을 때 600 mm 이상, 850 mm 이하이어야 한다. 보호난간은 각각의 놀이요소에 필수적인 출입구를 제외하고 플랫폼을 완전히 둘러쳐 설치되어야 한다. 계단, 경사로, 다리를 제외하고, 보호난간 내에 있는 출입구의 너비는 어느 지점에서든지 수평으로 측정 시 500 mm를 초과해서는 안 된다. 계단, 경사로, 다리에 대해서, 보호난간에 있는 출구의 너비는 계단, 경사로, 다리의 구성요소의 너비보다 더 넓어서는 안 된다.",Y(후보),pending
TITM-000211,TOBL-00043,UNIT-0335202,a901/n4/s0-4-1-4,울타리,규칙,133,울타리 36개월 미만의 어린이가 쉽게 사용할 수 없는 기구의 플랫폼의 높이가 놀이시설 표면에서 측정하였을 때 2000 mm 이상일 경우 설치한다. 울타리는 각각의 놀이요소에 필수적인 출입구를 제외하고 플랫폼을 완전히 둘러 설치되어야 한다.,Y(후보),pending
TITM-000212,TOBL-00043,UNIT-0335202,a901/n4/s0-4-1-4-1,울타리 출입구,규칙,175,"울타리 출입구 : 울타리에 있는 출입구의 너비는 어느 지점에서든지 수평으로 측정 시 500 mm를 초과해서는 안 되며, 만약 울타리 사이에 보호난간이 개구부를 가로질러 설치가 된다면 [그림 8]의 b와 c를 따른다. 보호난간이 있는 울타리의 개구부 너비는 1200 mm를 초과해서는 안 된다.(그림 8의 c 참조)",Y(후보),pending
TITM-000213,TOBL-00043,UNIT-0335202,a901/n4/s0-4-1-4-2,울타리 구조,규칙,546,"울타리 구조 : 계단, 경사로, 다리 등 구조에 따라 울타리를 설치해야 하는 경우, 울타리 사이 출입구 너비가 계단, 경사로, 다리 등의 구성요소의 너비보다 더 넓어서는 안 되며, 울타리에는 발판으로 사용될 만한 반 수평이나 혹은 수평에 가까운 가로대가 있어서는 안 된다. 울타리 상단 면은 사용자가 그 위에 서거나 앉는 행위를 시도하도록 고안해서는 안 되며, 또한 올라가고 싶은 충동을 느끼게 해서도 안 된다. 플랫폼과 울타리 하단부 사이의 개구부와 울타리를 구성하는 요소들 사이에 있는 개구부는 탐침봉 C가 통과해서는 안 된다. 플랫폼, 계단, 경사로의 서 있을 수 있는 표면으로부터 측정하였을 때, 울타리 상단면의 높이는 최소한 700 mm 이상이어야 한다. 비고 1 : 모든 연령이 쉽게 접근할 수 있는 놀이기구의 경우 플랫폼의 높이가 놀이시설 표면에서 측정했을 때 600 mm 이상인 경우 울타리를 설치해야 한다. 비고 2 : 세로 형태의 울타리 살사이의 공간이 60 mm 이상, 수평형태로 두 발을 동시에 밟을 수 있는 경우에는 서 있을 수 있는 표면으로 간주한다.",Y(후보),pending
TITM-000214,TOBL-00043,UNIT-0335202,a901/n4/s0-4-2,자유하강높이의 측정 자유하강높이,규칙,132,자유하강높이의 측정 자유하강높이는 특정한 경우를 제외하고는 다음 <표 1>에 따라 결정한다. 자유하강높이를 결정할 때는 사용자와 놀이기구의 모든 가능한 움직임을 고려해야 한다. 자유하강높이는 3 m를 초과해서는 안 된다(그림 11 참조),Y(후보),pending
TITM-000215,TOBL-00043,UNIT-0335202,a901/n4/s0-4-3,공간,규칙,261,"공간과 영역의 결정 4.3.1 일반사항 이 기준에 명시한 충격구역 및 하강공간에 대한 요구사항은 떨어질 가능성이 있는 곳에서 낙하하는 사용자를 보호하기 위한 것이다. 또한 놀이기구 주변의 다른 사용자를 보호하기 위해 놀이기구 사이에는 충분한 공간이 확보되어 있어야 한다. 특히 그네, 공중놀이기구 또는 흔들놀이기구와 같이 놀이기구 자체의 움직임이 큰 경우에는 놀이기구 사용 도중 다른 사용자가 이 놀이기구에 우발적으로 부딪히는 경우가 있으므로 세심한 주의가 요구된다.",Y(후보),pending
TITM-000216,TOBL-00043,UNIT-0335202,a901/n4/s0-4-3-3,자유공간,규칙,514,"자유공간은 사용자가 쉽게 움직임을 멈출 수 없는 놀이기구(예: 그네, 미끄럼틀, 회전놀이기구, 공중케이블, 흔들놀이기구 등)에 적용된다. 자유공간은 놀이기구 사용 시 사용자가 움직이면서 차지하는 원통형 공간의 연속이며, 사용자가 움직이는 경로의 중심선을 따라 만들어진다(그림 12 참조). 원통형 공간은 [그림 13]에 나타나 있으며, 그 치수는 <표 2>에 명시되어 있다. 비고 1 : 특정한 경우 자유공간의 치수가 바뀔 수 있다. 이에 대한 사항은 기구 종류에 따라 부가적인 요구사항이 명시되어 있는 Ⅱ～Ⅵ의 내용에 따른다. 비고 2 : 자유공간에는 강제된 움직임을 겪는 동안 사용자의 움직임을 방해하는 어떠한 장애물(예를 들어, 나뭇가지, 로프, 가로대 등)이 있어서는 안 된다. 그러나 사용자를 담고 있거나 지탱하는 기구의 부품 또는 사용자가 균형을 유지할 수 있도록 도와주거나 사용자가 자유공간 내로 들어가는 것을 도와주는 기구의 부품인 경우에는 자유공간 내에 허용한다.(예: 소방관 지주와 플랫폼 등의 경우)",Y(후보),pending
TITM-000217,TOBL-00043,UNIT-0335202,a901/n4/s0-4-3-4,하강공간의 범위 기구,규칙,559,"하강공간의 범위 기구에서 떨어질 가능성이 있는 곳에는 자유하강높이에 따른 하강공간을 확보하여야 한다. 하강공간의 범위는 특정한 경우를 제외하고 기구에서 떨어질 가능성이 있는 곳의 둘레를 수평으로 측정 하였을 때 1500 mm 이상이어야 한다. 1500 mm 이상의 자유하강높이에서는 충격구역의 범위뿐만 아니라 하강공간의 범위도 확대된다. 하강공간에 대한 예는 [그림 14]에 나타나 있다. 하강공간의 범위에 대한 요구사항은 다음과 같은 경우에 변할 수 있다. - 강제적인 움직임(놀이기구 사용 시 사용자의 의도에 따라 즉각적으로 움직임을 멈출 수 없는)이 있는 경우, 하강공간이 늘어날 수 있음 - 벽면에 밀착하여 기구를 설치하거나 기구가 완전히 폐쇄된 형태인 경우, 하강공간이 줄어들 수 있음(그림 15 참조) 놀이기구 사이에 하강공간의 겹침이 있을 수 있으나, 강제적 움직임이 존재하는 그네, 회전놀이기구, 공중놀이기구에서는 하강공간의 겹침은 발생하지 않아야 한다(그림 16, 17 참조). 하강공간을 고려함에 있어, 하강높이가 서로 다른 두 기구가 인접한 경우 하강공간이 더 큰 쪽이 우선한다.",Y(후보),pending
TITM-000218,TOBL-00043,UNIT-0335202,a901/n4/s0-4-3-5,하강공간에서의 상해에 대비한 보호처리 하강공간에,규칙,439,하강공간에서의 상해에 대비한 보호처리 하강공간에는 인접한 부분보다 돌출된 기둥 또는 노출된 기초물과 같이 사용자가 하강하여 상해를 입을 만한 장애물이 있어서는 아니 된다. 비고 1 : 모든 상황에서 사용자가 경미하게 부딪쳐 타박상을 입거나 접질림과 같은 형태의 상해의 위험성은 존재한다. 이 요구사항의 의도는 이러한 경미한 부딪침으로 발생하는 위험으로부터 사용자를 보호하려는 것은 아니다. 비고 2 : 아래 명시된 놀이구조물의 부품은 하강 공간 내 허용될 수 있다. - 자유하강높이 차가 600 mm 미만인 놀이구조물의 인접부품들 - 사용자를 포함하거나 사용자를 둘러싼 기구의 부분 혹은 사용자가 균형을 유지할 수 있도록 도와주는 부품 - 수평에서 측정하였을 때 경사면의 각도가 60˚ 이상인 놀이기구의 부품 (이와 같은 경우 사용자는 놀이기구에 접촉하여 미끄러지며 떨어질 수 있다.),Y(후보),pending
TITM-000219,TOBL-00043,UNIT-0335202,a901/n4/s0-4-4-1-2,충격흡수용 표면재,규칙,28,충격흡수용 표면재는 심한 패임 현상이 없어야 한다.,Y(후보),pending
TITM-000220,TOBL-00043,UNIT-0335202,a901/n4/s0-4-4-1-3,충격흡수용 표면재에 상해,규칙,83,"충격흡수용 표면재에 상해를 줄만한 이물질(유리, 돌부리, 조개껍질 등)이 없어야 하며, 놀이시설 안에는 밧줄이나 전선이 늘어뜨려져 있어서는 안 된다.",Y(후보),pending
TITM-000221,TOBL-00043,UNIT-0335202,a901/n4/s0-4-4-1-4,고무바닥재 및 포설 도포 바닥재의 경우 뒤틀림이나 분리,규칙,61,"고무바닥재 및 포설 도포 바닥재의 경우 뒤틀림이나 분리, 빈 공간이 발생하지 않도록 조밀하고 단단하여야 한다.",Y(후보),pending
TITM-000222,TOBL-00043,UNIT-0335202,a901/n4/s0-4-4-1-5,놀이기구의 기둥 기초부(몸체 등)등,규칙,63,놀이기구의 기둥 기초부(몸체 등)등은 충격흡수용 표면재 외부로 노출되지 않아야 하며 고정 상태는 견고하여야 한다.,Y(후보),pending
TITM-000223,TOBL-00043,UNIT-0335202,a901/n4/s0-4-4-2,충격흡수용 표면재의 환경안전기준 안전검사기준,규칙,90,충격흡수용 표면재의 환경안전기준 안전검사기준은 2017년 1월 1일부터「환경보건법」제23조 ‘환경안전관리기준’에 따른 확인검사에 적합한지 여부를 확인하여야 한다.,Y(후보),pending
TITM-000224,TOBL-00043,UNIT-0335202,a901/n4/s0-4-4-3-1,자유하강높이가,규칙,214,자유하강높이가 600 mm 이상인 모든 놀이기구 또는 사용자의 몸체에 강제적인 움직임을 발생시키는 놀이기구 아래의 충격구역은 충격흡수표면처리가 되어야 한다. 또한 충격흡수표면의 최대하강높이는 놀이기구의 자유하강높이와 동등하거나 더 높아야 한다. 4.4.3.2 인접한 플랫폼 사이의 자유하강높이가 1 m 이상이라면 상대적으로 낮은 플랫폼의 상부에 적합한 충격흡수특성이 제공되어야 한다.,Y(후보),pending
TITM-000225,TOBL-00043,UNIT-0335202,a901/n4/s0-4-4-4,충격흡수용 표면재 HIC 측정,생성,462,"충격흡수용 표면재에 대한 HIC 측정 자유하강높이에 따른 충격흡수용 표면재의 HIC(Head Injury Criterion) 측정은「어린이제품안전특별법」에 따른 안전인증대상 어린이제품의 안전인증기준 부속서 2(제9부 : 충격흡수표면구역의 시험방법)에서 요구하는 측정 장비을 사용하여 어린이놀이기구 종류별로 측정한다. 다만, 모래는 육안으로 확인하여 모래량 및 굳기의 상태가 양호한 경우 자유하강높이가 가장 높은 곳에서 측정할 수 있다. 이때 바닥구역이 서로 다른 장소에 설치된 놀이기구는 각각 적용한다.  측정 장비를 사용하여 측정한다. 측정된 HIC 값은 1000 이하이어야 한다. 비고 1 : 단축(1축) 가속도계를 사용할 경우 유도 장비 또는 그와 동일한 기능을 하는 장치를 활용하여 검사를 실시하여야 한다. 비고 2 : 물이용놀이기구가 설치된 충격흡수용 표면재에 대한 HIC 측정은 물이 없는 상태에서 실시하여야 한다.",Y(후보),pending
TITM-000226,TOBL-00043,UNIT-0335202,a901/n4/s0-4-5,얽매임에 대한 보호 얽매임 개구부,규칙,368,"얽매임에 대한 보호 얽매임 개구부는 60° 미만의 각도로 아래 방향으로 물리는 부분이 있어서는 안 된다. 단, 정상적인 사용 시 사용자가 접근할 수 없는 영역은 적용하지 않는다. 비고 1 : 얽매임은 「어린이제품안전특별법」에 따른 안전인증대상 어린이제품의 안전인증기준 부속서 2 (제1부 : 일반 안전요건 및 시험방법 부록D)에서 요구하는 측정 장비를 사용하여 측정한다. 비고 2 : 발생 가능한 얽매임 상황은 [그림 19]에서 제시하고 있다. 4.5.1 개구부의 크기는 적절하여야 한다. 지면이나 서 있는 면으로부터 600 mm 이상 1800mm 이하의 높이에 위치한 개구부는 머리모양의 탐침봉 D가 통과하지 않는다면 탐침봉 C와 E는 통과해서는 안 된다.",Y(후보),pending
TITM-000227,TOBL-00043,UNIT-0335202,a901/n4/s0-4-5-2,사용자가 놀이기구로부터 추락하,규칙,112,"사용자가 놀이기구로부터 추락하는 것을 방지하기 위해 설치하는 울타리의 경우, 사용자가 울타리 밑으로 빠져나가는 것을 방지하는 목적으로 만들어진 것이기 때문에 개구부는 탐침봉 C가 들어가지 않아야 한다.",Y(후보),pending
TITM-000228,TOBL-00043,UNIT-0335202,a901/n4/s0-4-5-3,서 있는 위치로부터,규칙,60,서 있는 위치로부터 600 mm 이상 1800mm 이하에 위치한 V형 개구부는 다음 조건을 만족하여야 한다.,Y(후보),pending
TITM-000229,TOBL-00043,UNIT-0335202,a901/n4/s0-4-5-3-1,수직방향인 경우 목 형상 부분이 개구부에 완전히 잠기지,규칙,58,"수직방향인 경우, 목 형상 부분이 개구부에 완전히 잠기지 않거나 판정용 형판의 머리형상보다 넓어야 한다.",Y(후보),pending
TITM-000230,TOBL-00043,UNIT-0335202,a901/n4/s0-4-5-3-2,수평 방향인 경우 목 형상 부분이 개구부에 완전히,규칙,170,"수평 방향인 경우, 목 형상 부분이 개구부에 완전히 잠기지 않거나, 머리 형상 말단 부분이 개구부의 기저부에 닿는다면, 개구부의 깊이는 형판의 A부분보다 작아야 한다. 만약 개구부의 깊이가 형판의 A부분보다 더 크다면, 형판의 어깨 형상의 부분까지 삽입이 되거나 230 mm 큰 탐침봉이 삽입되어야 한다.",Y(후보),pending
TITM-000231,TOBL-00043,UNIT-0335202,a901/n4/s0-4-5-4,어린이가 걷거나 뛰어다닐 수 있는 표면의 발 또는,규칙,134,"어린이가 걷거나 뛰어다닐 수 있는 표면의 발 또는 다리의 얽매임을 방지하기 위해서는 주 진행방향과 평행한 30 mm 이상의 틈이 있어서는 안 된다. 단, 45° 이상 경사진 표면에 대해서는 발 또는 다리의 얽매임 요구사항을 적용하지 않는다.",Y(후보),pending
TITM-000232,TOBL-00043,UNIT-0335202,a901/n4/s0-4-5-5,자유공간 내 또는 추락할 가능성이 있는 충격구역 위,규칙,159,자유공간 내 또는 추락할 가능성이 있는 충격구역 위 1000 mm 이상의 위치에 가장자리가 있는 개구부는 손가락 얽매임을 방지하기 위해 8~25 mm의 크기가 아니어야 한다. 움직이는 부분은 최소 12 mm 이상의 공간을 유지하여야 한다. 튜브나 파이프 등은 막음 처리를 하여야 한다.,Y(후보),pending
TITM-000233,TOBL-00043,UNIT-0335202,a901/n4/s0-4-5-6,강제적 움직임이 발생하,규칙,58,"강제적 움직임이 발생하는 소방관 지주, 미끄럼틀이나 회전놀이기구 등은 옷 얽매임이 발생하지 않아야 한다.",Y(후보),pending
TITM-000234,TOBL-00043,UNIT-0335202,a901/n4/s0-4-6,연결장치의 결합상태 모든 연결장치의 결합상태,규칙,66,"연결장치의 결합상태 모든 연결장치의 결합상태는 견고하여야 하며 물고임 및 과도한 부식, 균열, 파손 등이 없어야 한다.",Y(후보),pending
TITM-000235,TOBL-00044,UNIT-0335207,a901/n9/s1~4,공중놀이기구 충격구역,생성,460,"일반안전요건에 규정된 요건을 만족해야 할 뿐 아니라, 공중놀이기구의 양 측면 방향으로 각각 2m씩, 그리고 손잡이나 좌석이 45˚가 되는 지점 끝을 연장하여 적어도 2000 mm 거리까지이다. 충격구역은 주행이 끝나는 지점으로부터 연장하여 최소 2000 mm의 폭으로 대칭하며 줄어든다(그림 5 참조). 충격이 감소할 수 있는 충격구역 안의 표면은 적어도 자유하강높이에서 HIC값은 최소 1000이하가 되도록 해야 한다. 하강높이가 1000 mm 보다 큰 충격구역은 자유하강높이가 하강높이 이상이 되도록 충격흡수재 처리를 하여야 한다. 4.7 손잡이 및 발 받침대 손잡이 및 발 받침대 끝의 어떠한 부분도 손잡이와 발 받침대 돌출부 측정용 링게이지 밖으로 돌출되어서는 안 된다. 비고 「어린이제품안전특별법」에 따른 안전인증대상 어린이제품의 안전인증기준 부속서 2 부록 E(손잡이와 발 받침대 돌출부 측정 방법)를 적용한다.",Y(후보),pending
TITM-000236,TOBL-00044,UNIT-0335207,a901/n9/s1~9,물이용 놀이기구의 일반 사용,생성,90,일반안전요건 및 Ⅱ∼Ⅷ 추가안전요건의 내용에 따른다. 물이용 놀이기구는 물을 이용하지 않을 때에는 전단의 요건을 만족하여 일반 놀이기구로 사용할 수 있어야 한다.,Y(후보),pending
TITM-000237,TOBL-00044,UNIT-0335207,a901/n9/s1~10,기구이용형 그네 울타리 구조,생성,84,일반안전요건 4.1.4.2에 명시된 울타리 구조에 대한 요구사항을 따라야 한다. 기구이용형 그네 울타리 구조는 안전관리를 위해 시인성을 확보해야 한다.,Y(후보),pending
TITM-000238,TOBL-00045,UNIT-0335207,a901/n9/s1-4-2,지면간격 그네가 정지된 상태,규칙,302,"지면간격 그네가 정지된 상태에서 지면간격은 최소 350 mm이어야 한다(그림 5 참조). 다중사용자용 좌석의 경우 최소 지면간격은 400 mm이어야 한다. 하부가 유연한 다중사용자용 좌석의 경우 최소 지면간격은 400 mm이어야 하며, 이는 가장 극단적인 위치에서 좌석의 단단한 부분에서 측정한 것이다(그림 7a 참조). 타이어로 좌석 이 만들어져 있을 경우, 제 1, 2, 3형 타이어 좌석의 지면간격은 정지된 상태에서 최소 400 mm이어야 한다. 타이어가 수직으로 설치된 좌석의 경우 지면간격은 최소 100 mm이다(그림 7b 참조).",Y(후보),pending
TITM-000239,TOBL-00045,UNIT-0335207,a901/n9/s1-4-3,단일 지점 매달림 그네(제,규칙,71,단일 지점 매달림 그네(제 3형)의 좌석 여유공간 제 3형 그네의 최소 좌석 여유공간(그림 6 참조)은 400 mm이어야 한다.,Y(후보),pending
TITM-000240,TOBL-00045,UNIT-0335207,a901/n9/s1-4-4-2-2,그네 충격흡수표면 최소 너비,생성,391,"제 1, 2, 4형 그네의 경우, 좌석 너비가 500mm 미만이면 충격 흡수 표면의 최소 너비는 1750mm이어야 하고, 좌석 너비가 500mm를 초과하면 실제 좌석 너비에서 500mm를 뺀 수치를 표면 너비에 더해야 한다(그림 8 참조). 단, 요람좌석으로 구성된 그네의 경우는 충격흡수표면의 최소너비를 안전인증기준 부속서2의 제2부 4.4.1(그네 좌석사이의 최소공간 : 그네가 정지된 상태에서 그네 좌석의 측면과 인접한 구조물 사이(그림 8 참조)의 최소 수평 범위 c는 ≥ 20 % × 매달림 구성체 길이 + 200 mm 일 것. 그네가 정지된 상태에서 인접한 좌석(그림 8 참조)간의 최소 수평 범위 s는 ≥ 20 % × 매달림 구성체 길이 + 300 mm 일 것의 조건으로 따를 수 있음)",Y(후보),pending
TITM-000241,TOBL-00045,UNIT-0335207,a901/n9/s1-4-2~2,접근 출발 지점에 접근하기 위해서 사다리 계단 오르기,규칙,171,"접근 출발 지점에 접근하기 위해서 사다리, 계단, 오르기 기구 등을 이용한다. 둑 미끄럼틀의 경우, 둔덕에서 출발 지점으로의 직접 접근이 가능하다. 독립 미끄럼틀인 경우, 접근수단(예, 사다리, 계단 등)의 너비는 출발지점의 너비보다 좁지 않아야 한다. 접근수단의 최대 수직높이는 2500 mm이어야 한다.",Y(후보),pending
TITM-000242,TOBL-00045,UNIT-0335207,a901/n9/s1-4-3-1,길이,규칙,111,길이와 각도 미끄럼틀의 출발지점의 길이는 최소한 350 mm이어야 한다. 출발지점의 내리막경사는 0° ~ 5° 범위이어야 한다. 비고 : 연결(부착) 미끄럼틀의 플랫폼은 출발지점으로 사용될 수 있다.,Y(후보),pending
TITM-000243,TOBL-00045,UNIT-0335207,a901/n9/s1-4-3-2,폭 출발 지점의 폭은 활강 부분의 폭과 동일해야,규칙,129,폭 출발 지점의 폭은 활강 부분의 폭과 동일해야 한다. 출발 지점은 초기 활강 운동 방향과 동일선상에 위치하도록 설계되어야 한다. 만약 출발 지점이 플랫폼이거나 플랫폼의 연장선상이라면 출발 지점은 활강 지점의 폭보다 커질 수 있다.,Y(후보),pending
TITM-000244,TOBL-00045,UNIT-0335207,a901/n9/s1-4-3-3,유지측면 출발 지점의 유지측면,규칙,44,유지측면 출발 지점의 유지측면과 활강 지점의 유지측면은 연속으로 이어져야 한다.,Y(후보),pending
TITM-000245,TOBL-00045,UNIT-0335207,a901/n9/s1-4-4~2,활강지점의 각도 활강 지점의 기울기,규칙,450,"활강지점의 각도 활강 지점의 기울기는 수평면을 기준으로, 모든 지점에서 60°를 초과하거나, 전체 기울기의 평균이 40°를 넘어서는 안 된다. 4.5 도착지점 모든 미끄럼틀은 짧은 도착지점과 긴 충격구역을 갖는 제 1형과 긴 도착지점과 짧은 충격구역을 갖는 제 2형으로 구분된다. 제 1형의 경우 도착지점 길이가 500 mm 이상의 최대 기울기는 10°이며, 제 2형의 경우 도착지점 길이(활강지점 길이 × 0.3이상)의 최대 기울기는 5°이다. 도착지점의 높이는 활강지점의 길이가 1500 mm 이하인 경우 최대 200 mm, 1500 mm 초과인 경우 최대 350 mm 이하이어야 한다. 비고 : 활강지점의 길이가 1500 mm 이하인 제 1형과 2형인 경우 도착지점 길이가 300 mm 이상이며, 활강지점의 길이가 7500 mm 초과인 제 1형인 경우 도착지점 길이가 1500 mm 초과이어야 한다.",Y(후보),pending
TITM-000246,TOBL-00045,UNIT-0335207,a901/n9/s1-4-6,미끄럼틀의 표면 미끄럼틀,규칙,117,"미끄럼틀의 표면 미끄럼틀과 미끄럼틀 주위의 접근 가능한 구조물들은 사용자의 옷이 걸리지 않도록 설계되어야 한다. 미끄럼틀 표면이 두 조각 이상을 이어서 제작된 경우, 이음부에 틈이 발생하지 않게 제작해야 한다.",Y(후보),pending
TITM-000247,TOBL-00045,UNIT-0335207,a901/n9/s1-4-8,충격구역,규칙,179,"충격구역은 도착지점의 측면으로 최소 1000 mm의 거리까지 제공되어져야 한다. 제1형의 경우 도착 지점의 전방으로 최소 2000 mm, 제2형의 경우 최소 1000 mm의 거리까지 제공되어져야 한다. 도착지점 주위의 충격구역 표면은 최소 1000 mm 이상의 자유하강높이에서 HIC값은 최소 1000이하를 가져야 한다.",Y(후보),pending
TITM-000248,TOBL-00045,UNIT-0335207,a901/n9/s1-4-9-1,여유공간 터널 미끄럼틀,규칙,94,"여유공간 터널 미끄럼틀을 둘러싸는 부분은 활강 지점에 수직으로 측정하였을 때, 내부높이는 650 mm 이상, 내부 폭은 650 mm 이상 이어야 한다(그림 11 참조).",Y(후보),pending
TITM-000249,TOBL-00045,UNIT-0335207,a901/n9/s1-4-9-2,위치 터널지점,규칙,97,위치 터널지점은 적어도 출발지점의 끝에서 시작해야 하고 도착지점 끝까지 연장되어서는 안 된다. 터널지점은 전체 터널지점 상에 연속되어 연결되어 있어야 한다(그림 12 참조).,Y(후보),pending
TITM-000250,TOBL-00045,UNIT-0335207,a901/n9/s1-4-2~3,평행,규칙,65,평행으로 배열된 공중놀이기구 평행으로 배열된 공중 놀이기구의 케이블 사이 거리는 적어도 2000 mm가 되어야 한다.,Y(후보),pending
TITM-000251,TOBL-00045,UNIT-0335207,a901/n9/s1-4-3~3,자유하강높이 좌석형 공중놀이기구의 자유하강높이,규칙,138,"자유하강높이 좌석형 공중놀이기구의 자유하강높이 H2는 2000 mm를 초과해서는 안 된다. 매달린 자세에서의 자유하강높이(H2)는 손잡이 위치에서 1500 mm를 뺀 지점에서 아래 표면까지이며, 1500 mm를 초과해서는 안 된다(그림 2 참조).",Y(후보),pending
TITM-000252,TOBL-00045,UNIT-0335207,a901/n9/s1-4-5,케이블 높이 좌석형 공중 놀이기구의 좌석,규칙,202,케이블 높이 좌석형 공중 놀이기구의 좌석과 케이블과의 간격 C1은 [그림 2]에서 보여준 바와 같이 최소 2100 mm가 되어야 한다. 주행기가 완전히 폐쇄적인 구조여서 손가락 얽매임이 발생하지 않는 경우 좌석과 케이블과의 간격 C1은 1800 mm 까지 줄어들 수 있다. 매달림형 공중놀이기구의 손잡이와 케이블과의 간격 C2는 최소 300 mm가 되어야 한다.,Y(후보),pending
TITM-000253,TOBL-00045,UNIT-0335207,a901/n9/s1-4-6~2,하강공간,규칙,82,"하강공간과 충격구역 하강공간과 충격구역 내에는 사용자에게 상해를 끼칠 수 있는 물체가 없어야 하며, [그림 4]에서 보여준 바와 같아야 한다. 이는",Y(후보),pending
TITM-000254,TOBL-00045,UNIT-0335207,a901/n9/s1-4-2~4,자유하강높이,규칙,184,자유하강높이와 충격구역 회전놀이기구 유형C를 제외한 유형의 자유하강높이는 모든 지점에서 최대 1000 mm 이하이어야 한다. 회전놀이기구 유형C의 자유하강높이는 손잡이 하단에서 지면까지 거리에서 1500 mm를 뺀 높이다. 회전놀이기구의 충격구역은 최소 1000 mm의 자유하강높이에서 HIC값은 최소 1000이하를 가져야 한다.,Y(후보),pending
TITM-000255,TOBL-00045,UNIT-0335207,a901/n9/s1-4-3~4,자유공간,규칙,433,"자유공간과 하강공간 회전놀이기구와 관련된 주요 위험은 기구의 회전으로 인해 발생하는 원심력에 기인한다. 따라서 회전놀이기구의 자유공간과 하강공간은 동일하다. 특별한 다른 규정이 없는 한, 회전놀이기구의 자유공간 또는 하강공간은 다음과 같다(그림 6 참조). - 회전 놀이기구 측면 방향으로 최소 2000 mm - 회전 놀이기구 위의 자유공간은 최소 2000 mm 단, C형 회전 놀이기구의 자유공간과 하강공간의 측정은 매달림 사용자 스테이션이 수직에서 밖으로 30˚ 까지의 위치에서부터 한다. E형 회전 놀이기구의 측면 자유공간은 3000 mm 이상이어야 한다. 자유공간과 하강공간에 부가적으로, 장애물로부터 적어도 1000 mm 이상의 추가 공간이 필요하다. 회전놀이기구가 다른 기구와 인접한 경우, 회전놀이기구의 충격구역과 다른 기구의 충격구역은 겹침을 허용하지 않는다.",Y(후보),pending
TITM-000256,TOBL-00045,UNIT-0335207,a901/n9/s1-4-4~4,사용자 스테이션 사용자가 회전놀이기구,규칙,137,"사용자 스테이션 사용자가 회전놀이기구에서 하차할 때, 신체의 일부가(팔이나 다리) 억류되거나, 옷(윗도리나 방한용 겉옷)이 걸리는 등의 위험이 없어야 한다. 또한 회전놀이기구 유형A의 사용자 스테이션의 좌석은 등받침 또는 손잡이를 갖추어야 한다.",Y(후보),pending
TITM-000257,TOBL-00045,UNIT-0335207,a901/n9/s1-4-5~2,축 회전놀이기구의 지탱축,규칙,43,축 회전놀이기구의 지탱축은 수직선을 기준으로 5° 이상 기울어져서는 안 된다.,Y(후보),pending
TITM-000258,TOBL-00045,UNIT-0335207,a901/n9/s1-4-6~3,지면간격,규칙,74,지면간격 4.6.1 회전놀이기구 유형A 회전놀이기구 유형 A의 지면간격은 최소 400 mm이어야 한다. 4.6.2 회전놀이기구 유형B,Y(후보),pending
TITM-000259,TOBL-00045,UNIT-0335207,a901/n9/s1-4-6-2-1,플랫폼이 지면,규칙,121,플랫폼이 지면과 인접한 경우 지면의 측면과 회전놀이기구 측면 가장자리 사이의 수직간격은 8 mm를 초과해서는 안 된다. 또한 플랫폼 윗면의 높이와 지면사이의 수직거리는 20 mm를 초과해서는 안 된다(그림 7 참조).,Y(후보),pending
TITM-000260,TOBL-00045,UNIT-0335207,a901/n9/s1-4-6-2-2,플랫폼이 지면,규칙,441,"플랫폼이 지면과 인접하지 않은 경우 4.6.2.2.1 플랫폼과 지면사이의 간격이 60~110 mm인 경우, 지면간격이 축 방향으로 최소 300 mm, 나머지 부분에 대해서는 최소 60 mm가 유지되어야 한다. 4.6.2.2.2 플랫폼과 지면사이의 간격이 110 mm를 초과하는 경우, 다음과 같이 설치하여야 한다. a) 지면과 플랫폼 보호덮개의 가장 낮은 지점 사이의 거리는 60~110 mm가 되어야 한다. b) 플랫폼 아랫부분의 표면은 끊어짐이 없이 매끄러워야 한다. c) 매끄러운 표면과 지면사이의 거리는, 주변 지역에서 축에 이르는 반경 범위 내에서 감소해야 한다. 4.6.3 회전놀이기구 유형E 회전놀이기구 유형E의 지면간격은 [그림 8]과 같이 측정했을 때 헐겁게 다져진 표면(모래 등)에서는 최소 300 mm, 인조합성물로 이루어진 표면에서는 최소 400 mm가 되어야 한다.",Y(후보),pending
TITM-000261,TOBL-00045,UNIT-0335207,a901/n9/s1-4-2~5,자유하강높이 동작의 극단 위치,규칙,67,자유하강높이 동작의 극단 위치에서 측정할 때 좌석 중심에서부터의 최대자유하강높이는 <표 1>에 제시된 바와 같아야 한다.,Y(후보),pending
TITM-000262,TOBL-00045,UNIT-0335207,a901/n9/s1-4-3~5,하강공간 기구의 최극단 위치,규칙,154,"하강공간 기구의 최극단 위치에서 기구의 테두리를 따라 최소 1,000mm의 하강공간이 제공되어야 한다(그림 7 참조). 기립된 형태로 사용하도록 의도된 기구의 경우 하강공간은 1,500 mm 이상이어야 한다. 5형과 6형 흔들 놀이기구의 하강공간은 제1부 4.3.4에 따른다.",Y(후보),pending
TITM-000263,TOBL-00045,UNIT-0335207,a901/n9/s1-4-4~5,손잡이 및 발 받침대 손잡이 및 발 받침대,규칙,156,손잡이 및 발 받침대 손잡이 및 발 받침대 끝의 어떠한 부분도 손잡이와 발 받침대 돌출부 측정용 링게이지 밖으로 돌출되어서는 안 된다. 비고 「어린이제품안전특별법」에 따른 안전인증대상 어린이제품의 안전인증기준 부속서 2 부록 E(손잡이와 발 받침대 돌출부 측정 방법)를 적용한다.,Y(후보),pending
TITM-000264,TOBL-00045,UNIT-0335207,a901/n9/s1-4-2-2,기초,규칙,73,기초는 프레임의 결합으로 이루어지기 때문에 결합체는 놀이형태 및 기타 움직임에 의해서 잘 풀어지지 않도록 견고하게 기초되어야 한다.,Y(후보),pending
TITM-000265,TOBL-00045,UNIT-0335207,a901/n9/s1-4-2-3,화재 등 비상상황에 대비하기 위해,규칙,87,화재 등 비상상황에 대비하기 위해 2000 mm 이상 둘러싸인 부분에 대해서는 다른 면에 위치한 지름 500 mm 이상의 출입구를 2개 이상 만들어야 한다.,Y(후보),pending
TITM-000266,TOBL-00045,UNIT-0335207,a901/n9/s1-4-2-4,결합 부분 및 모든 부분에 대해서,규칙,49,"결합 부분 및 모든 부분에 대해서는 안전 폼으로 감싸고, 적절한 마감처리를 하여야 한다.",Y(후보),pending
TITM-000267,TOBL-00045,UNIT-0335207,a901/n9/s1-4-7-1,볼풀 내에서 어린이의 은폐 위험성,규칙,129,볼풀 내에서 어린이의 은폐 위험성은 최소화 되어야 한다. 사용연령 36개월 이상의 어린이가 사용하는 볼풀의 깊이는 600 mm 이하이어야 하고 사용연령 36개월 미만의 어린이가 사용하는  볼풀의 깊이는 450 mm 이하이어야 한다.,Y(후보),pending
TITM-000268,TOBL-00045,UNIT-0335207,a901/n9/s1-4-7-2,다음,규칙,252,다음과 같은 경우 볼풀은 미끄럼틀 도착지점 영역의 일부분으로 이용될 수 있다. - 일반적인 놀이영역의 볼풀장과 분리되어 있는 경우 - 관찰/관리 영역에서 볼 수 있는 경우 - 볼풀의 최대 깊이가 400 mm 이하인 경우 비고 1 : 미끄럼틀 도착지점 영역으로 이용되는 볼풀은 미끄럼틀 도착지점 영역의 말단부터 진행방향으로 최소 2000mm 의 길이를 제공해야 한다. 비고 2 : 미끄럼틀 도착지점 영역으로 사용되는 볼풀에는 장애물이 있어서는 안 된다.,Y(후보),pending
TITM-000269,TOBL-00045,UNIT-0335207,a901/n9/s1-4-2~7,설치장소 물이용 놀이기구가 설치된 어린이놀이시설에,규칙,75,설치장소 물이용 놀이기구가 설치된 어린이놀이시설에는 물놀이 안전에 관한 안전수칙 및 최대 수심등이 포함된 안전표지판을 설치하여야 한다.,Y(후보),pending
TITM-000270,TOBL-00045,UNIT-0335207,a901/n9/s1-4-2-1~2,물순환시설 전기동력,규칙,60,물순환시설 전기동력을 이용하는 물순환시설은 감전사고를 방지하기 위하여 물이용 놀이구역 밖에 설치하여야 한다.,Y(후보),pending
TITM-000271,TOBL-00045,UNIT-0335207,a901/n9/s1-4-3-1~3,매달려 있는 구조물,생성,211,"매달려 있는 구조물 매달려 있는 구조물(버킷 등)의 이탈 시 추락방지를 위하여 체인, 와이어로프 등으로 이중안전장치를 하여야 하며, 쉽게 분리할 수 없어야 한다. 단, 사용자의 조작으로 구동하는 것, 자유공간 내에 위치한 것, 소량의 물로 작동되는 것 등은 이중안전장치를 하지 않아도 된다. 구동 구조물(버킷 등)은 장기간 미사용할 경우 버킷이 작동되지 않도록 조치하여야 한다.",Y(후보),pending
TITM-000272,TOBL-00045,UNIT-0335207,a901/n9/s1-4-3-2~3,배수장치 및 최대수심,생성,423,"배수장치 지정수위 이상의 물은 자연 배수되어야하고 배수구(오버플로우) 그물망의 메쉬(mesh)는 20mm를 초과해서는 아니 되며, 이용자의 접근이  용이하지 않는 곳에 설치하여야 한다.(이용자가 쉽게 접근할 수 없도록 사방(四方)이 막힌 조합놀이대형 물이용 놀이기구 하부 등에 설치) 물이용 놀이기구의 활동공간 내의 최대수심은 300mm를 초과해서는 아니 되며 가장 깊은 곳의 수심을 안내표시판에 표시하여야 한다. 또한 배수할 때 배수로의 배수기능은 정상상태를 유지하여야 하며, 배수하였을 시 바닥은 물이 고이는 현상이 없어야 한다. 비고 1 : 수심(물의 깊이)은 측정 시 변형이 생기지 않는 곧은 자를 이용하여 측정한다. 비고 2 : 안전표지판의 최대수심은 실제 측정한 수심과 다를 경우 300mm  범위내에서 실제 측정한 최고수심으로 표시하여야 한다.",Y(후보),pending
TITM-000273,TOBL-00045,UNIT-0335207,a901/n9/s1-4-1,보호형태,규칙,109,"보호형태 [그림 1]은 기구의 높이에 따른 적절한 보호 형태를 명시하고 있다. 난간, 보호난간 또는 울타리를 경사로나 계단에 설치 할 때는 경사로나 계단의 가장 낮은 위치에서부터 설치되어야 한다.",Y(후보),pending
TITM-000274,TOBL-00045,UNIT-0335207,a901/n9/s1-4-2~8,난간,규칙,57,"난간의 높이는 발판에서 측정하였을 때 600 mm 이상, 850 mm 이하이어야 한다(그림 2 참조).",Y(후보),pending
TITM-000275,TOBL-00045,UNIT-0335207,a901/n9/s1-4-3~8,보호난간,규칙,365,"보호난간 36개월 미만의 어린이가 쉽게 사용할 수 없는 기구의 플랫폼 높이가 놀이시설 표면에서 측정하였을 때 1000 mm ~ 2000 mm 사이일 때 설치한다. 보호난간의 상단면 높이는 플랫폼, 계단 또는 경사로의 표면에서 측정했을 때 600 mm 이상, 850 mm 이하이어야 한다. 보호난간은 각각의 놀이요소에 필수적인 출입구를 제외하고 플랫폼을 완전히 둘러쳐 설치되어야 한다. 계단, 경사로, 다리를 제외하고, 보호난간 내에 있는 출입구의 너비는 어느 지점에서든지 수평으로 측정 시 500 mm를 초과해서는 안 된다. 계단, 경사로, 다리에 대해서, 보호난간에 있는 출구의 너비는 계단, 경사로, 다리의 구성요소의 너비보다 더 넓어서는 안 된다.",Y(후보),pending
TITM-000276,TOBL-00045,UNIT-0335207,a901/n9/s1-4-4~7,울타리,규칙,133,울타리 36개월 미만의 어린이가 쉽게 사용할 수 없는 기구의 플랫폼의 높이가 놀이시설 표면에서 측정하였을 때 2000 mm 이상일 경우 설치한다. 울타리는 각각의 놀이요소에 필수적인 출입구를 제외하고 플랫폼을 완전히 둘러 설치되어야 한다.,Y(후보),pending
TITM-000277,TOBL-00045,UNIT-0335207,a901/n9/s1-4-4-1~3,울타리 출입구,규칙,173,"울타리 출입구 : 울타리에 있는 출입구의 너비는 어느 지점에서든지 수평으로 측정 시 500 mm를 초과해서는 안 되며, 만약 울타리 사이에 보호난간이 개구부를 가로질러 설치가 된다면 [그림 3]의 b와 c를 따른다. 보호난간이 있는 울타리의 개구부 너비는 1200 mm 초과해서는 안 된다.(그림 3 c 참조)",Y(후보),pending
TITM-000278,TOBL-00045,UNIT-0335207,a901/n9/s1-4-4-2~2,울타리 구조,규칙,705,"울타리 구조 : 계단, 경사로, 다리 등 구조에 따라 울타리를 설치해야 하는 경우, 울타리 사이 출입구 너비가 계단, 경사로, 다리 등의 구성요소의 너비보다 더 넓어서는 안 되며, 울타리에는 발판으로 사용될 만한 반 수평이나 혹은 수평에 가까운 가로대가 있어서는 안 된다. 울타리 상단 면은 사용자가 그 위에 서거나 앉는 행위를 시도하도록 고안해서는 안 되며, 또한 올라가고 싶은 충동을 느끼게 해서도 안 된다. 플랫폼과 울타리 하단부 사이의 개구부와 울타리를 구성하는 요소들 사이에 있는 개구부는 탐침봉 C가 통과해서는 안 된다. 플랫폼, 계단, 경사로의 서 있을 수 있는 표면으로부터 측정하였을 때, 울타리 상단면의 높이는 최소한 700 mm 이상이어야 한다. 비고 1 : 모든 연령이 쉽게 접근할 수 있는 놀이기구의 경우 플랫폼의 높이가 놀이시설 표면에서 측정했을 때 600mm 이상인 경우 울타리를 설치해야 한다. 비고 2 : 세로 형태의 울타리 살사이의 공간이 60mm 이상, 수평형태로 두 발을 동시에 밟을 수 있는 경우에는 서 있을 수 있는 표면으로 간주한다. 5. 자유하강높이의 측정 및 충격구역의 표면처리 비고 : 놀이시설 설치검사 이후 새로 설치한 놀이기구가 있거나, 기존 놀이기구의 수리 및 부품교체에 따라 놀이기구의 형태가 변형된 경우 어린이놀이시설 설치검사기준 항목 ‘4.3 공간과 영역의 결정’에 따라 최소공간이 확보되었는지 확인한다.",Y(후보),pending
TITM-000279,TOBL-00046,UNIT-0335207,a901/n9/s10,기구이용형 그네의 안전요건,생성,414,"기구이용형 그네의 안전요건 1. 적용범위 이 기준은 신체 활동에 대한 지원이 필요한 어린이가 휠체어ㆍ유모차 등의 기구를 이용하여 탑승하는 기구이용형 그네의 안전요건에 관하여 규정하였다. 어린이놀이기구 안전인증기준에 따른 이용 대상인 어린이가 이용하도록 권고되며, 보호자의 충분한 감시ㆍ감독이 있다는 전제 하에 안전기준을 적용한다. 휠체어ㆍ유모차 등을 기구에 고정하여 운영하기 위해서 별도의 보호자가 필요하다. 보호자가 자리를 떠나는 불가피한 경우 즉시 기구이용형 그네의 이용을 중단하고, 기구를 고정시켜 안전사고를 방지해야 한다. 비고 : 기구이용형 그네는 사용 시 보호자의 감독이 요구되며, 안전관리자는 이 규정에서 정한 물리적 안전 요건 외 사용상 발생될 수 있는 그 밖의 위험에 대하여 상시적으로 관리할 수 있어야 한다. 2. 인용규격",Y(후보),pending
TITM-000280,TOBL-00047,UNIT-0335207,a901/n9/s10-3-3,유모차,규칙,55,유모차 : 수동으로 밀거나 조종할 수 있는 한 명 또는 그 이상의 유아를 태우는 데 사용하는 탈 것,Y(후보),pending
TITM-000281,TOBL-00048,UNIT-0335207,a901/n9/s10-4-2,신체 고정장치,규칙,306,신체 고정장치 : 기구이용형 그네 스테이션에 수동 휠체어 및 유모차 등의 기구 또는 사용자의 신체에 연결하여 과도한 움직임이 없도록 제어할 수 있는 고정장치(예 : 벨트)가 설치되어야 한다. 고정장치는 길이 조절이 가능해야 한다. 길이 조절은 손쉽게 동작이 가능하여야 하고 수동 휠체어 및 유모차 등의 기구 또는 사용자의 신체에 맞도록 쉽게 조절되어야 한다. 또한 충격을 가하였을 때에도 되도록 조절 위치가 변하지 않는 구조이어야 한다. 사용자의 신체에 접촉하는 형식의 고정장치일 경우 상해를 입힐 수 있는 날카로운 부분이나 돌출부가 없어야 한다.,Y(후보),pending
TITM-000282,TOBL-00048,UNIT-0335207,a901/n9/s10-4-3,사용자 스테이션에 대한 안전성,규칙,113,"사용자 스테이션에 대한 안전성 : 기구 미이용 시에는 이용 대상이 아닌 어린이의 사용을 방지하기 위한 고정장치로 고정해야 한다. 안전관리자는 고정장치가 풀리거나, 고장 나지 않았는지 매일 점검해야 한다.",Y(후보),pending
TITM-000283,TOBL-00048,UNIT-0335207,a901/n9/s10-4-4,손잡이,규칙,149,"손잡이 : 사용자 스테이션이 손잡이를 포함하여 설계됐다면 안전인증대상 어린이제품의 안전기준의 움켜잡음 요구사항에 따라야 한다. 또한 손잡이의 위치는 스테이션 바닥 면에서 손잡이 상부 면까지 재었을 때 최소 700mm 이상이어야 하며, 850mm를 초과해서는 안 된다.",Y(후보),pending
TITM-000284,TOBL-00048,UNIT-0335207,a901/n9/s10-4-5,활동영역,규칙,83,활동영역 : 가로폭이 최소 900mm 이상이어야 한다. 방향 변경이 필요한 경우 활동영역은 반드시 그 길이와 폭이 최소 1500mm 이상이어야 한다.,Y(후보),pending
TITM-000285,TOBL-00048,UNIT-0335207,a901/n9/s10-4-5~2,얽매임의 보호’ 기준에 따라 사용 중 발생할 수,규칙,49,얽매임의 보호’ 기준에 따라 사용 중 발생할 수 있는 얽매임의 위험성을 확인하여야 한다.,Y(후보),pending
TITM-000286,TOBL-00048,UNIT-0335207,a901/n9/s10-4-7,충돌에 대한 보호,규칙,89,충돌에 대한 보호 : 지나가는 어린이 또는 사용자에게 충격을 줄 수 있는 측면의 형상과 주 형상으로부터 돌출된 기구의 정면과 뒷면은 충격흡수물질로 감싸야 한다.,Y(후보),pending
TITM-000287,TOBL-00048,UNIT-0335207,a901/n9/s10-4-8,사용자 스테이션의 최소공간,규칙,312,"사용자 스테이션의 최소공간 : 그네가 정지된 상태에서 사용자 스테이션의 측면과 인접한 구조물 사이의 최소 수평 범위(C)는 C ≥ 20% × 매달림 구성체 길이 + 200mm 이어야 한다.(그림 3 참조) 사용자 스테이션을 1개 초과하여 설치할 때, 구조물을 이용해 기둥 사이에 그네를 배치하여 기둥 사이에 사용자 스테이션 수가 1개를 초과하지 않도록 한다. 기둥 사이에 1개의 기구이용형 그네가 설치된 경우, 다른 좌석을 설치해서는 안 된다. 비고 : 이는 다른 좌석을 이용하는 사용자가 기구이용형 그네의 사용자 스테이션에 부딪히는 것을 방지하기 위함이다.",Y(후보),pending
TITM-000288,TOBL-00048,UNIT-0335207,a901/n9/s10-4-9,이차적 지지수단 케이블,규칙,105,이차적 지지수단 케이블과 지지구조물 사이 또는 체인과 지지구조물 사이의 일차이음쇠가 붕괴되면서 그네 좌석이 무너지는 것을 방지하기 위한 이차적 지지 수단이 마련되어야 한다.(그림 4 참조),Y(후보),pending
TITM-000289,TOBL-00048,UNIT-0335207,a901/n9/s10-4-10-1,자유공간,규칙,78,자유공간 : 사용자의 강제적 움직임으로 발생하는 자유공간은 「안전인증대상 어린이제품의 안전기준」 제1부 4.2.8.2.3에 적합하여야 한다.,Y(후보),pending
TITM-000290,TOBL-00048,UNIT-0335207,a901/n9/s10-4-10-2,공간의 겹침,규칙,80,"공간의 겹침 : 기구이용형 그네는 다른 기구에 부착해서 설치해서는 안 된다. 다만, 일반 그네의 기둥과 나란히 부착해서 설치하는 것은 가능하다.",Y(후보),pending
TITM-000291,TOBL-00048,UNIT-0335207,a901/n9/s10-4-10-3,하강공간,규칙,75,"하강공간 : 기구이용형 그네의 하강공간은 기구의 가장 극단적인 위치 둘레로 측정했을 때, 1500mm 이상이어야 한다.(그림 5 참조)",Y(후보),pending
TITM-000292,TOBL-00048,UNIT-0335207,a901/n9/s10-4-11-5,기구의 마감처리’ 기준에 적합한지 확인해야 한다,규칙,27,기구의 마감처리’ 기준에 적합한지 확인해야 한다.,Y(후보),pending
TITM-000293,TOBL-00048,UNIT-0335207,a901/n9/s10-4-11-5~2,그 밖의 움직임에 대한 보호 이용대상이 아닌 어린이의,규칙,130,그 밖의 움직임에 대한 보호 이용대상이 아닌 어린이의 이용과 접근으로 인한 사고를 방지하기 위해서 울타리를 다음과 같이 설치해야 한다. 일반 그네의 기둥과 나란히 부착해서 설치하는 경우에도 아래와 같이 구분된 울타리를 설치해야 한다.,Y(후보),pending
TITM-000294,TOBL-00049,UNIT-0335207,a901/n9/s10-5-1,울타리,규칙,102,"울타리 : 기구이용형 그네의 하강공간과 사용자 스테이션의 최소공간 밖으로 울타리를 완전히 둘러 설치해야 한다. 울타리 상단면의 높이는 700mm 이상 900mm 이하여야 하며, 제1부",Y(후보),pending
TITM-000295,TOBL-00050,UNIT-0335207,a901/n9/s1-5-2,울타리 재료,규칙,98,"울타리 재료 : 울타리는 금속재로 제작되어야 하며, 금속재질은 도장처리가 되어있고 녹이 발생되거나 도장의 벗겨짐이 없어야 한다. 또한 갈라짐, 휘어짐 등의 파손이 없어야 한다.",Y(후보),pending
TITM-000296,TOBL-00050,UNIT-0335207,a901/n9/s1-5-3,울타리 기초물 울타리의 주요 기둥의 토대 및 고정장치,규칙,57,울타리 기초물 울타리의 주요 기둥의 토대 및 고정장치 등은 콘크리트로 고정시켜 견고하게 시공해야 한다.,Y(후보),pending
TITM-000297,TOBL-00050,UNIT-0335207,a901/n9/s1-5-4-1,구조,규칙,126,"구조 : 울타리의 출입구는 개폐식으로 설치되고, 개폐 시 갑작스러운 움직임으로 인한 사용자의 상해를 방지해야 한다. 또한, 기구이용형 그네 미이용 또는 이용 중에 출입구는 잠금장치로 닫혀있어야 하며, 쉽게 열리지 않아야 한다.",Y(후보),pending
TITM-000298,TOBL-00050,UNIT-0335207,a901/n9/s1-5-4-2-6,설치장소,규칙,194,"설치장소 : 기구이용형 그네가 설치된 어린이놀이시설에는 기구이용형 그네 안전에 관한 안전수칙 및 기구이용형 그네의 최대 허용하중, 안전관리자의 연락처 등이 포함된 안전표지판을 울타리 내외부 출입구 주변에 설치하여야 한다.  공통 안전수칙 및 이용자(보호자) 대상 안전수칙으로 분류하고, 어린이놀이시설 이용자들이 잘 볼 수 있는 곳에 설치해야 한다.",Y(후보),pending
TITM-000299,TOBL-00050,UNIT-0335207,a901/n9/s1-5-1,자유하강높이의 측정 자유하강높이,규칙,132,자유하강높이의 측정 자유하강높이는 특정한 경우를 제외하고는 다음 <표 1>에 따라 결정한다. 자유하강높이를 결정할 때는 사용자와 놀이기구의 모든 가능한 움직임을 고려해야 한다. 자유하강높이는 3 m를 초과해서는 안 된다(그림 6 참조).,Y(후보),pending
TITM-000300,TOBL-00050,UNIT-0335207,a901/n9/s1-5-3-1-2,충격흡수용 표면재,규칙,28,충격흡수용 표면재는 심한 패임 현상이 없어야 한다.,Y(후보),pending
TITM-000301,TOBL-00050,UNIT-0335207,a901/n9/s1-5-3-1-3,충격흡수용 표면재에 상해,규칙,83,"충격흡수용 표면재에 상해를 줄만한 이물질(유리, 돌부리, 조개껍질 등)이 없어야 한며, 놀이시설 안에는 밧줄이나 전선이 늘어뜨려져 있어서는 안 된다.",Y(후보),pending
TITM-000302,TOBL-00050,UNIT-0335207,a901/n9/s1-5-3-1-4,고무바닥재 및 포설 도포 바닥재의 경우 뒤틀림이나 분리,규칙,61,"고무바닥재 및 포설 도포 바닥재의 경우 뒤틀림이나 분리, 빈 공간이 발생하지 않도록 조밀하고 단단하여야 한다.",Y(후보),pending
TITM-000303,TOBL-00050,UNIT-0335207,a901/n9/s1-5-3-1-5,놀이기구의 기둥 기초부(몸체 등)등,규칙,63,놀이기구의 기둥 기초부(몸체 등)등은 충격흡수용 표면재 외부로 노출되지 않아야 하며 고정 상태는 견고하여야 한다.,Y(후보),pending
TITM-000304,TOBL-00050,UNIT-0335207,a901/n9/s1-5-3-2,충격흡수용 표면재의 환경안전기준 안전검사기준,규칙,90,충격흡수용 표면재의 환경안전기준 안전검사기준은 2017년 1월 1일부터「환경보건법」제23조 ‘환경안전관리기준’에 따른 확인검사에 적합한지 여부를 확인하여야 한다.,Y(후보),pending
TITM-000305,TOBL-00050,UNIT-0335207,a901/n9/s1-5-3-3-1,자유하강높이가,규칙,214,자유하강높이가 600 mm 이상인 모든 놀이기구 또는 사용자의 몸체에 강제적인 움직임을 발생시키는 놀이기구 아래의 충격구역은 충격흡수표면처리가 되어야 한다. 또한 충격흡수표면의 최대하강높이는 놀이기구의 자유하강높이와 동등하거나 더 높아야 한다. 5.3.3.2 인접한 플랫폼 사이의 자유하강높이가 1 m 이상이라면 상대적으로 낮은 플랫폼의 상부에 적합한 충격흡수특성이 제공되어야 한다.,Y(후보),pending
TITM-000306,TOBL-00050,UNIT-0335207,a901/n9/s1-5-3-4,충격흡수용 표면재 HIC 측정,생성,456,"충격흡수용 표면재에 대한 HIC 측정 자유하강높이에 따른 충격흡수용 표면재의 HIC(Head Injury Criterion) 측정은 「어린이제품안전특별법」에 따른 안전인증대상 어린이제품의 안전인증기준 부속서 2(제9부 : 충격흡수표면구역의 시험방법)에서 요구하는 측정 장비를 사용하여 어린이놀이기구 종류별로 측정한다. 다만, 모래는 육안으로 확인하여 모래량 및 굳기의 상태가 양호한 경우, 자유하강높이가 가장 높은 곳에서 측정할 수 있다. 이때 바닥구역이 서로 다른 장소에 설치된 놀이기구는 각각 적용한다. 측정된 HIC값은 1000 이하이어야 한다. 비고 1 : 단축(1축) 가속도계를 사용할 경우 유도 장비 또는 그와 동일한 기능을 하는 장치를 활용하여 검사를 실시하여야 한다. 비고 2 : 물이용놀이기구가 설치된 충격흡수용 표면재에 대한 HIC 측정은 물이 없는 상태에서 실시하여야 한다. 6. 기구의 마감처리",Y(후보),pending
TITM-000307,TOBL-00051,UNIT-0335207,a901/n9/s1-7-1,자체 진입로,규칙,302,"자체 진입로를 가진 그네(1형) 기구에 부착되어 있는 개폐식 경사로의 경우 완충장치(예 : 공기압)를 설치하여 개폐 시 갑작스러운 움직임으로 인한 사용자의 상해를 방지해야 한다. 개폐 시 발생할 수 있는 모든 구멍, 연결부 틈새의 내부 크기는 어느 방향에서든 최대 8mm를 넘어서는 안 된다. 사용자가 탑승 후 닫혀있는 경사로가 운행 중 쉽게 열리지 않도록 결합상태가 견고해야 한다. 그네가 정지된 상태에서 지면간격은 최소한 230mm 이어야 한다. 개폐식 경사로는 양쪽 모서리에 최소 51mm 높이의 연석이 있어야 한다. (그림 6 참조)",Y(후보),pending
TITM-000308,TOBL-00051,UNIT-0335207,a901/n9/s1-7-2,지면에 인접한 플랫폼,규칙,118,"지면에 인접한 플랫폼을 가진 그네(2형) 한 방향으로만 측정 시, 지면과 그네 측면 가장자리의 수직거리는 8mm 미만이어야 하며, 플랫폼 표면과 지면과의 수직 이동량은 20mm 이하이어야 한다. (그림 7 참조)",Y(후보),pending
TITM-000309,TOBL-00051,UNIT-0335207,a901/n9/s1-7-2-1,지면에 인접한 플랫폼,규칙,768,"지면에 인접한 플랫폼과 지면 간의 수직 이동량은 사용자가 걸려 넘어지거나 부딪히는 등의 위험 상황이 발생하지 않도록 설치되어야 하며, 바닥에 물이 고이지 않도록, 배수 기능은 정상상태를 유지하여야 한다. 제2부 어린이놀이시설 정기시설검사기준 1. 적용범위 이 기준은 어린이놀이시설 안전관리법 제12조 제2항의 규정에 따른 정기시설검사시 적용하며, 그 적용 대상은 제1부 설치검사기준과 같다. 비고 1 : 이 기준은 놀이시설 및 기구에 의해 발생되는 안전사고를 미연에 방지하기 위해 충족되어야 할 기술적 측면의 최저기준을 제시한 것으로, 놀이시설에서의 사용자 안전은 놀이시설 및 기구의 목적에 부합되는 적합한 놀이행동을 했을 때 보장될 수 있다. 따라서 사용자의 오용이나 과실로 인한 사고가 일어날 수 있으며 안전사고가 전혀 일어나지 않는다는 것을 보장하지는 않는다. 비고 2 : 이 기준을 준수함으로써 어린이가 놀이기구 사용으로 인한 모든 부상과 위험을 방지할 수 있는 것이 아니라 중대한 사고를 막기 위한 최소한의 안전기준을 제시한 것이다. 따라서 안전한 놀이를 위해서는 어린이의 보호관찰이 중요하다. 비고 3 : 이 기준은 놀이시설 정기시설검사를 위한 것이므로 놀이시설의 부식과 마모, 기후의 영향, 기구의 수리 및 부품 교체에 따른 영향 등에 대한 안전검사 사항에 대해 기술하는 것을 주목적으로 한다. 비고 4 : 기구의 수리, 부품교체, 기구의 변경 및 이전설치 등으로 제품의 안전에 영향을 미치는 경우, 어린이놀이시설 설치검사기준을 만족하여야 한다. 2. 인용규격",Y(후보),pending
TITM-000310,TOBL-00052,UNIT-0335207,a901/n9/s1-6-1,놀이기구 표면 및 끝처리 놀이기구의 표면,규칙,172,"놀이기구 표면 및 끝처리 놀이기구의 표면은 갈라지거나 거친 부분이 없어야 한다. 돌출된 못, 튀어나온 와이어로프 끝 부위, 날카로운 모서리나 끝이 있는 부품이 없어야 한다. 또한 끝처리된 모든 부분의 최소반경은 3 mm 이상이어야 하며, 실내놀이기구의 결합 부위는 안전폼(스펀지 등)으로 감싸져 있어야 한다.",Y(후보),pending
TITM-000311,TOBL-00052,UNIT-0335207,a901/n9/s1-6-2,목재,규칙,115,"목재는 쪼개지거나 거친 부분이 없어야 한다. 또한 썩거나 파손된 부분이 없어야 하며, 도장이 벗겨진 곳이 없어야 한다. 목재가 지면에 닿지 않도록 캡이나 다리를 세운 경우 캡이나 다리의 파손여부를 확인한다.",Y(후보),pending
TITM-000312,TOBL-00052,UNIT-0335207,a901/n9/s1-6-3,금속재 금속재질,규칙,76,"금속재 금속재질은 도장처리가 되어 있으며, 녹이 발생되거나 도장의 벗겨짐이 없어야 한다. 또한 갈라짐, 휘어짐 등의 파손이 없어야 한다.",Y(후보),pending
TITM-000313,TOBL-00052,UNIT-0335207,a901/n9/s1-6-4,합성수지재 변색 또는 심한 마모가 없어야 한다,규칙,26,합성수지재 변색 또는 심한 마모가 없어야 한다.,Y(후보),pending
TITM-000314,TOBL-00052,UNIT-0335207,a901/n9/s1-6-5,너트 및 볼트 모든 놀이기구의 너트,규칙,237,"너트 및 볼트 모든 놀이기구의 너트와 볼트는 단단히 조여져 있어야 하며, 탈락 및 심한 마모가 없어야 한다. 또한 기구에 접근 가능한 모든 부분에 있는 돌출된 나사산은 영구히 덮여 있어야 한다(예를 들어 둥근 지붕형태를 한 너트). 8 mm 미만으로 돌출된 너트 및 볼트 머리는 꺼끌꺼끌한 부분이 없어야 한다. 모든 용접 부위는 부드럽게 연마되어야 한다. 비고 : [그림 7]은 너트와 볼트에 대한 보호처리의 예를 보여준다.",Y(후보),pending
TITM-000315,TOBL-00052,UNIT-0335207,a901/n9/s1-6-6,기구의 움직이는 부분(구동부분),생성,60,<삭제> 7. 기구의 움직이는 부분(구동부분) 기구의 구동부분은 심하게 마모되거나 파손된 곳이 없어야 한다.,Y(후보),pending
TITM-000316,TOBL-00052,UNIT-0335207,a901/n9/s1-6-6-7,기구의 움직이,규칙,259,기구의 움직이는 부분(구동부분) 기구의 구동부분은 심하게 마모되거나 파손된 곳이 없어야 한다. 큰 충격력을 발생하는 부분은 충격을 흡수할 수 있는 구조이어야 한다. 기구의 구동부분과 비구동부분 사이에는 전단지점과 짓눌림 지점이 없어야 한다. 기구를 사용하는 동안 변동되는 구동부분과 비구동부분 사이의 틈은 어느 위치에서나 최소 12 mm이어야 한다. 또한 구동부품의 움직임으로 인하여 몸 전체의 얽매임이 발생하지 않도록 400 mm 이상의 지면간격을 두어야 한다.,Y(후보),pending
TITM-000317,TOBL-00052,UNIT-0335207,a901/n9/s1-6-6-8,얽매임에 대한 보호 얽매임 개구부,규칙,366,"얽매임에 대한 보호 얽매임 개구부는 60° 미만의 각도로 아래 방향으로 물리는 부분이 있어서는 안 된다. 단, 정상적인 사용 시 사용자가 접근할 수 없는 영역은 적용하지 않는다. 비고 1 : 얽매임은 「어린이제품안전특별법」에 따른 안전인증대상 어린이제품의 안전인증기준 부속서 2 (제1부 : 일반 안전요건 및 시험방법 부록D)에서 요구하는 측정 장비를 사용하여 측정한다. 비고 2 : 발생 가능한 얽매임 상황은 [그림 8]에서 제시하고 있다. 8.1 개구부의 크기는 적절하여야 한다. 지면이나 서 있는 면으로부터 600 mm 이상 1800 mm 이하의 높이에 위치한 개구부는 머리모양의 탐침봉 D가 통과하지 않는다면 탐침봉 C와 E는 통과해서는 안 된다.",Y(후보),pending
TITM-000318,TOBL-00053,UNIT-0335207,a901/n9/s1-8-2,사용자가 놀이기구로부터 추락하,규칙,112,"사용자가 놀이기구로부터 추락하는 것을 방지하기 위해 설치하는 울타리의 경우, 사용자가 울타리 밑으로 빠져나가는 것을 방지하는 목적으로 만들어진 것이기 때문에 개구부는 탐침봉 C가 들어가지 않아야 한다.",Y(후보),pending
TITM-000319,TOBL-00053,UNIT-0335207,a901/n9/s1-8-3,서 있는 위치로부터,규칙,61,서 있는 위치로부터 600 mm 이상 1800 mm 이하에 위치한 V형 개구부는 다음 조건을 만족하여야 한다.,Y(후보),pending
TITM-000320,TOBL-00053,UNIT-0335207,a901/n9/s1-8-3-1,수직방향인 경우 목 형상 부분이 개구부에 완전히 잠기지,규칙,58,"수직방향인 경우, 목 형상 부분이 개구부에 완전히 잠기지 않거나 판정용 형판의 머리형상보다 넓어야 한다.",Y(후보),pending
TITM-000321,TOBL-00053,UNIT-0335207,a901/n9/s1-8-3-2,수평 방향인 경우 목 형상 부분이 개구부에 완전히,규칙,170,"수평 방향인 경우, 목 형상 부분이 개구부에 완전히 잠기지 않거나, 머리 형상 말단 부분이 개구부의 기저부에 닿는다면, 개구부의 깊이는 형판의 A부분보다 작아야 한다. 만약 개구부의 깊이가 형판의 A부분보다 더 크다면, 형판의 어깨 형상의 부분까지 삽입이 되거나 230 mm 큰 탐침봉이 삽입되어야 한다.",Y(후보),pending
TITM-000322,TOBL-00053,UNIT-0335207,a901/n9/s1-8-4,어린이가 걷거나 뛰어다닐 수 있는 표면의 발 또는,규칙,136,"어린이가 걷거나 뛰어다닐 수 있는 표면의 발 또는 다리의 얽매임을 방지하기 위해서는 주 진행방향과 평행한 30 mm 이상의 틈이 있어서는 안 된다.  단, 45° 이상 경사진 표면에 대해서는 발 또는 다리의 얽매임의 요구사항을 적용하지 않는다.",Y(후보),pending
TITM-000323,TOBL-00053,UNIT-0335207,a901/n9/s1-8-5,자유공간 내 또는 추락할 가능성이 있는 충격구역 위,규칙,159,자유공간 내 또는 추락할 가능성이 있는 충격구역 위 1000 mm 이상의 위치에 가장자리가 있는 개구부는 손가락 얽매임을 방지하기 위해 8∼25 mm의 크기가 아니어야 한다. 움직이는 부분은 최소 12 mm 이상의 공간을 유지하여야 한다. 튜브나 파이프 등은 막음 처리를 하여야 한다.,Y(후보),pending
TITM-000324,TOBL-00053,UNIT-0335207,a901/n9/s1-8-6,강제적 움직임이 발생하,규칙,50,강제적 움직임이 발생하는 미끄럼틀이나 회전놀이기구 등은 옷 얽매임이 발생하지 않아야 한다.,Y(후보),pending
TITM-000325,TOBL-00053,UNIT-0335207,a901/n9/s1-8-7,손잡이 및 발 받침대,생성,362,"공중놀이기구 및 흔들놀이기구의 손잡이 및 발 받침대 손잡이 및 발 받침대 끝의 어떠한 부분도 손잡이와 발 받침대 돌출부 측정용 링게이지 밖으로 돌출되어서는 안 된다. 비고 「어린이제품안전특별법」에 따른 안전인증대상 어린이제품의 안전인증기준 부속서 2 부록 E(손잡이와 발 받침대 돌출부 측정 방법)를 적용한다. 9. 장애물 및 기초물 놀이시설 내에는 사용자가 걸려 넘어지거나 부딪힐 수 있는 장애물이 없어야 한다. 놀이시설 지면높이가 급격하게 변하거나 돌부리 또는 나무뿌리가 튀어나와 있지 않아야 한다. 또한 놀이기구의 일부가 사용자의 몸높이에 튀어나와 있지 않아야 하며(그림 9 참조), 기초물은 다음 [그림 10]과 같이 고정되어 있어야 한다.",Y(후보),pending
TITM-000326,TOBL-00054,UNIT-0344018,a2/n33/msa/s0,A형선박의 침수 및 평형상태 요건,생성,236,"사. B형선박보다 작은 건현을 지정받은 건현용 길이가 150미터를 넘는 A형선박이 아래 (1)의 규정에 따라 하기만재흘수선까지 적재하는 경우 0.95의 침수율을 가정하여 아래 (2)의 규정에 따른 손상의 결과로서 일어나는 어떤 구획 또는 구획들의 침수를 견딜 수 있어야 하며, 아래 (3)의 규정에 따른 평형상태에서의 요건을 만족해야 한다. 이 경우 기관구역은 침수구역으로 보며 침수율은 0.85로 한다. <개정 2008.",모름,pending
TITM-000327,TOBL-00055,UNIT-0344018,a2/n33/msa/s0-7-3,평형상태,규칙,460,"평형상태는 다음의 요건에 적합한 것이어야 한다. (가) 침하, 횡경사 및 종경사를 고려한 침수후의 최종흘수선이 계속적인 침수를 유발시키는 어떠한 개구의 하단보다 아래에 있어야 한다. 이 경우 개구는 공기관, 통풍관, 풍우밀문 또는 창구덮개로서 폐쇄되는 개구를 포함한다. 다만, 맨홀덮개, 수밀평갑판구, 강 또는 이와 동등한 재료의 개스킷붙이수밀덮개, 원격으로 조작되는 슬라이딩수밀문, 지역 및 선교에 개폐 여부가 표시되고 항해 중 통상 폐쇄되는 신속작동 또는 단일작동 형식의 여닫이 수밀문, 항해중 영구적으로 폐쇄되는 여닫이 수밀문 및 비개폐식 밀폐형 현창으로 폐쇄되는 개구는 제외할 수 있다. 주기관실과 조타기실을 분리시키는 문으로서 사용되지 않는 동안 항해 중 폐쇄된 상태로 유지되는 것으로서 힌지식 급속작동형 문(문의 하단이 하기만재흘수선 상부에 있는 것에 한정한다)도 제외할 수 있다. (나) 관, 관로 또는 터널이",모름,pending
TITM-000328,TOBL-00055,UNIT-0344018,a2/n33/msa/s0-7-2,횡경사각 및 복원정곡선 요건,생성,373,"(나)의 규정에 따른 횡방향의 손상범위 내에 있는 경우에는 손상시 계산된 침수구역 이외의 구획까지 침수가 확장되지 않도록 이를 배치해야 한다. (다) 비대칭 침수로 인한 횡경사각이 15도를 넘지 않을 것. 다만, 갑판이 어느 부분에서도 잠기지 않는 경우에는 이를 17도까지 허용할 수 있다. (라) 침수된 상태에서 횡메타센터의 높이는 양(+)의 것이어야 한다. (마) 손상시 침수구획의 외부에 있는 갑판의 어느 부분이 잠기거나 침수되는 경우에는 복원정곡선이 다음의 요건에 적합한 것이어야 한다. 이 경우 해양수산부장관은 잔여복원성 범위 내에서 일시적으로 잠길 수 있는 보호 또는 비보호된 개구에 의하여 나타날 수 있는 잠재적인 위험을 고려해야 한다. <개정 2008.",모름,pending
TITM-000329,TOBL-00055,UNIT-0344018,a2/n33/msa/s0-7~3,최대복원정 및 횡경사각,생성,60,18.> 1) 최대복원정이 0.1미터 이상일 것 2) 평형상태의 위치로부터 20도 이상의 횡경사각을 가질 것,모름,pending
TITM-000330,TOBL-00055,UNIT-0344018,a2/n33/msa/s0-7-1,최대복원정이,규칙,18,최대복원정이 0.1미터 이상일 것,모름,pending
TITM-000331,TOBL-00055,UNIT-0344018,a2/n33/msa/s0-7-2~2,평형상태의 위치로부터,규칙,30,평형상태의 위치로부터 20도 이상의 횡경사각을 가질 것,모름,pending
TITM-000332,TOBL-00055,UNIT-0344018,a2/n33/msa/s0-7-3~2,복원정곡선 하부의 면적이,규칙,91,복원정곡선 하부의 면적이 0.0175미터ㆍ라디안 이상일 것 (바) 침수되는 과정에 있어서 해양수산부장관이 인정하는 복원성을 가지는 것이어야 한다. <개정 2008.,모름,pending
TITM-000333,TOBL-00056,UNIT-0344018,a2/n33/msa/s0-5-1,방법,규칙,226,방법 1(가상 수정 시 적절) 초기상태의 가상 무게중심은 다음과 같이 결정한다. 가) 적재상태는 (가)부터 (라)까지에 따른다. 나) 자유표면 수정은 수직방향 무게중심에 더한다. 다) 모든 구획이 비어있는 하나의 가상 초기상태는 상기 적재상태의 수직방향 무게중심을 사용하여 트림이 없는 하기만재흘수 상에서 생성한다. 라) 상기 초기상태를 고려한 손상된 경우들은 손상복원성기준에 적합한지 확인되어져야 한다.,모름,pending
TITM-000334,TOBL-00056,UNIT-0344018,a2/n33/msa/s0-5-2,방법,규칙,1533,"방법 2(손상된 경우 가정된 탱크 적재에 따른 실제 자유표면 모멘트 사용 시 적절)초기상태에 대한 가상 무게 중심은 다음과 같이 결정한다. 가) 적재상태는 (가)부터 (라)까지에 따른다. 나) 액체가 적재된 상태에서 각각의 손상 경우에 대한 하나의 가상 초기상태는 구획들이 적재되어 있는 가상 초기상태를 생성할 때 사용한 트림이 없는 하기만재흘수선상에서 생성한다. 상기 적재상태로부터 수직방향의 중심과 자유표면 수정을 사용하여 각각의 손상 경우에 대하여 별도의 계산을 수행한다. 다만, 손상되어 액체가 적재된 구획은 손상 전에 비어있는 것으로 한다. 다) 상기 초기상태(각각의 손상된 경우에 대하여 하나의 초기상태)를 고려한 손상된 경우들은 손상복원성기준에 적합한지 확인되어져야 한다. (사) 액체의 중량은 다음표의 비중값에 의하여 계산한다. (2) 손상의 가정은 다음을 따른다. (가) 모든 경우에 있어서 손상의 수직범위는 기선으로부터 상방향으로 무제한으로 한다. (나) 손상의 횡방향의 범위는 하기만재흘수선에 있어서 선체의 중심선에 수직으로 선측에서 내측으로 측정하여 배의 너비의 5분의 1 또는 11.5미터 중 작은 것으로 한다. (다) (가) 및 (나)의 규정에 따른 것보다 작은 범위에서 더 심각한 손상상태를 가져오는 경우에는 더 작은 범위의 것으로 한다. (라) 구획의 내부 종방향 경계가 가정된 횡방향 손상범위내의 위치에 있지 않는 경우에는 인접한 횡격벽사이의 1개의 구획이 침수되는 것으로 해야 한다. 이 경우 배의 전너비까지 연장되어 있지 않는 윙탱크의 격벽은 윙탱크가 (나)의 규정에 따른 횡방향의 손상범위를 넘어 연장되어 있는 경우에는 손상되지 않는 것으로 하고, 횡격벽에서 길이 3미터 이하의 스텝 또는 리세스가 (나)의 규정에 따른 횡방향의 손상범위 내에 있는 경우에는 그러한 횡격벽은 손상되지 않으며 인접한 1개의 구획만이 침수되는 것으로 본다. 다만, 횡방향의 손상범위 내에 길이 3미터를 넘는 스텝 또는 리세스가 횡격벽에 있는 경우에는 이 격벽에 인접한 2개의 구획이 침수되는 것으로 보며, 선미격벽 및 선미창 상면에 의하여 형성되는 스텝은 이 규정의 적용에 있어서 이를 스텝으로 보지 않는다. (마) 주횡격벽이 횡방향의 손상범위 내에 있고 이중저 또는 사이드 탱크 부근에서 3미터를 넘어 스텝이 되어 있는 경우에는 주횡격벽의 스텝된 부분에 인접한 이중저 또는 사이드탱크는 동시에 침수되는 것으로 본다. 이 경우 사",모름,pending
TITM-000335,TOBL-00057,UNIT-0345651,a901/p14/s0-14-7,보관시설·재활용시설 설치내역서,생성,574,"보관시설·재활용시설 설치내역서 가) 보관시설, 재활용시설이 재활용신고서의 용도 및 방법에 적합하게 구비되어 있는지 검토한다. 다만, 법 제25조의 규정에 의한 폐기물처리업 허가를 받은 자가 폐기물처리 신고를 하는 경우 동일한 시설·장비를 중복하여 갖추지 아니할 수 있다. 나) 폐기물 재활용시설 및 부대시설이 영 제5조의 규정에 의한 폐기물처리시설에 해당되는 경우에는 법 제29조제2항, 규칙 제39조 및 제40조의 규정에 의한 폐기물처리시설의 설치승인 또는 신고를 득하였는지 검토한다. 다) 폐기물의 재활용시설 및 부대시설이 대기환경보전법, 수질 및 수생태계 보전에 관한 법률, 소음·진동규제법 등에 의한 인·허가를 득하여야 하는 경우에는 해당법령에 의한 인·허가를 득하였는지 검토한다. 라) 차량등록증을 확인하여 수집·운반전용 차량이 신청인(법인 또는 개인) 소유 차량 인지를 확인하고 대여차량 여부 등을 검토(임차 및 대여차량은 수집·운반전용차량으로 부적합) 라. 관계행정기관과의 협의 등 수리권자는 재활용시설 및 보관시설의 입지가능여부 등에 관하여 관계법령에 의한 저촉여부를 검토하여야 하며 검토할 타법은 다음과 같다.",모름,pending
TITM-000336,TOBL-00057,UNIT-0345651,a901/p14/s0-14-11,기타 재활용시설 등의 설치·운영,규칙,172,"기타 재활용시설 등의 설치·운영을 제한하는 법률 마. 현지조사 수리권자는 폐기물의 종류, 재활용 방법 및 시설의 적정성 등을 면밀히 검토하고 신고한 내용에 적합하게 재활용이 가능한지 여부 등을 최종 확인하기 위하여 재활용하고자 하는 사업장에 대한 현지조사를 반드시 실시하여야 하며 확인할 사항은 다음과 같다.",모름,pending
TITM-000337,TOBL-00057,UNIT-0345651,a901/p14/s0-14-2~3,보완이 완료된 사실,규칙,126,"보완이 완료된 사실을 접수한 때에는 즉시 서류검토와 현지조사를 다시 실시하고 그 조사결과에 따라 수리여부를 결정하여야 한다. 다만, 서류 검토만으로 가능한 경우에는 현지조사를 생략할 수 있다. 사. 폐기물처리 신고서의 반려 등",모름,pending
TITM-000338,TOBL-00057,UNIT-0345651,a901/p14/s0-14-1~4,폐기물처리 신고서 반려 다음의 항에 해당하,규칙,204,폐기물처리 신고서 반려 다음의 항에 해당하는 경우에는 그 사유를 명기하여 폐기물처리 신고서를 반려하여야 한다. 가) 민원사무 처리에 관한 법률 시행령 제15조의 규정에 의거 2차에 걸쳐 서류보완·보정요구를 하였으나 이에 응하지 아니한 때 나) 민원인으로부터 폐기물처리 신고서 반려요구가 있는 경우 다) 폐기물처리 신고서의 전면적인 재작성이 불가피하다고 판단되는 경우,모름,pending
TITM-000339,TOBL-00057,UNIT-0345651,a901/p14/s0-14-2~4,부적정 통보 폐기물처리 신고서에 대한 검토 결과 다음의,규칙,166,부적정 통보 폐기물처리 신고서에 대한 검토 결과 다음의 항에 해당하는 경우에는 그 사유를 명기하여 부적정 통보를 하여야 한다. 가) 재활용대상폐기물이 폐기물처리 신고대상 폐기물에 해당되지 않는 경우 나) 규칙 제66조의 규정에 의한 재활용용도 및 방법에 적합하지 않는 경우 아. 폐기물처리 신고수리,모름,pending
TITM-000340,TOBL-00057,UNIT-0345651,a901/p14/s0-14-1~5,신고서류 검토 및 현지조사 결과 적합한 경우 수리권자,규칙,110,신고서류 검토 및 현지조사 결과 적합한 경우 수리권자는 규칙 제67조 제2항 규정에 따라 규칙 별지 제57호서식 또는 별지 제57호의2서식의 폐기물처리 신고증명서를 교부하여야 한다. ※ 신고증명서의,모름,pending
TITM-000341,TOBL-00058,UNIT-0345651,a901/p14/s0-1-2,신고증명서 교부 시 수리권자,규칙,314,"신고증명서 교부 시 수리권자는 다음사항을 참고하여 신고증명서 교부조건을 부여할 수 있다. 가) 폐기물처리 신고자가 그 사업장을 이전 또는 휴·폐업하는 경우 신고증명서를 자진 반납하여야 하며 사업장내 남은 폐기물을 제거하거나 환경오염이 발생되지 않도록 적정조치를 하여야 한다. 나) 위탁받은 폐기물을 재활용신고의 내용대로 재활용하지 않고 재위탁하거나 재위탁을 받아서는 아니되며, 허용 보관량을 초과하여 폐기물을 위탁받아서는 아니 되는 등 규칙 별표 5의4에 따른 폐기물을 재활용하는 자의 준수사항과 별표 17의2에 따른 폐기물처리 신고자의 준수사항을 지켜야 한다.",모름,pending
TITM-000342,TOBL-00058,UNIT-0345651,a901/p14/s0-1-3,준수사항·행정처분 등 통보,생성,328,"폐기물처리 신고자의 준수사항, 행정처분, 과징금 기준 등 통보 수리권자는 폐기물처리 신고자에게 폐기물처리 신고증명서를 교부하면서 다음 사항을 반드시 통보하여야 한다. 가) 폐기물처리 신고자는 폐기물관리법 제46조제6항, 규칙 제67조의2, 별표 17의2에 따른 폐기물처리 신고자의 준수사항을 지켜야 한다. 나) 폐기물처리 신고자의 준수사항, 폐기물관리법 제13조에 따른 폐기물의 수집·운반·보관·처리의 기준과 방법, 폐기물관리법 제40조에 따른 방치폐기물 발생방지 조치의 위반 시에는 시·도지사는 재활용신고자에게 재활용시설의 폐쇄, 6개월 이내의 처리금지 등 행정처분을 부과할 수 있다.",모름,pending
TITM-000343,TOBL-00059,UNIT-0346729,a901/s0-2-2-1-5,기존 도시자연공원 조성사업,생성,62,"조성계획이 수립되었으나 조성이 되지 아니한 기존 도시자연공원의 조성사업(다만, 도시공원의 세분을 고려하여야 함)",Y(후보),pending
TITM-000344,TOBL-00059,UNIT-0346729,a901/s0-2-3-1-1,공원녹지의 확충 및 질적 수준의 향상 등 시범사업의,규칙,46,공원녹지의 확충 및 질적 수준의 향상 등 시범사업의 목적달성에 이바지 하여야 한다.,Y(후보),pending
TITM-000345,TOBL-00059,UNIT-0346729,a901/s0-2-3-1-2,시범사업의 대상지역,규칙,164,"시범사업의 대상지역은 도시환경의 균형발전과 도시경쟁력을 강화할 수 있는 지역 등을 감안하여 선정하여야 한다. (3) 도시환경의 균형발전 측면에서 도시환경의 상대적 낙후지역이 우선적으로 고려되어야 하며, 도시경쟁력 강화 차원에서는 도시를 상징하고 거점 역할을 할 수 있는 입지가 고려되어야 한다.",Y(후보),pending
TITM-000346,TOBL-00059,UNIT-0346729,a901/s0-2-3-1-4,시범사업,규칙,47,시범사업은 공원녹지의 확충과 질적 수준의 향상에 대한 선도모델이 될 수 있어야 한다.,Y(후보),pending
TITM-000347,TOBL-00059,UNIT-0346729,a901/s0-2-3-1-5,시범사업,규칙,68,"시범사업은 파급효과가 크고 국민적 관심을 제고시키며, 지자체의 자발적이고 적극적인 참여가 이루어질 수 있도록 하여야 한다.",Y(후보),pending
TITM-000348,TOBL-00059,UNIT-0346729,a901/s0-2-3-1-6,시범사업,규칙,38,시범사업은 지역적 특성이 잘 반영되고 대표성을 지닐 수 있어야 한다.,Y(후보),pending
TITM-000349,TOBL-00059,UNIT-0346729,a901/s0-2-3-1-7,시범사업계획,규칙,158,"시범사업계획은 광역도시계획, 도시ㆍ군기본계획, 공원녹지기본계획, 도시녹화계획 등 관련계획에 부합하여야 하며, 관련계획의 공원녹지의 종합적인 배치, 공원녹지의 축과 망, 공원녹지의 수요 및 공급, 공원녹지의 보전ㆍ관리ㆍ이용, 도시녹화에 관한 사항 등을 충분히 검토하여 반영하여야 한다.",Y(후보),pending
TITM-000350,TOBL-00059,UNIT-0346729,a901/s0-2-3-1-8,재정부담 최소화와 협력·지원,생성,70,"중앙 및 지방정부의 재정부담이 최소화되고, 해당 지방자치단체 및 지역 주민들로부터 적극적인 협력ㆍ지원을 받을 수 있어야 한다.",Y(후보),pending
TITM-000351,TOBL-00059,UNIT-0346729,a901/s0-2-3-1-9,투자계획의 실현가능성 확보,생성,53,투자계획이 수요 추정의 객관성ㆍ사업성 등에 의해 뒷받침되어 실현가능성을 확보할 수 있어야 한다.,Y(후보),pending
TITM-000352,TOBL-00060,UNIT-0346729,a901/s0-4-2-1,제3장제3절에 따른 예비평가 결과 시범사업 평가대상,규칙,160,"제3장제3절에 따른 예비평가 결과 시범사업 평가대상으로 선정된 사업에 대하여는 당해 사업계획에 대한 평가를 실시하여야 하며, 일반 도시지역의 사업군과 개발제한구역 안의 사업군으로 구분하여 시ㆍ도별로 평가하되 [별표 2] 평가기준과 [별표 3]평가분야ㆍ평가항목별 배점을 적용하여 평가한다.",Y(후보),pending
TITM-000353,TOBL-00060,UNIT-0346729,a901/s0-4-3-2,국토교통부장관이 시범사업,규칙,88,국토교통부장관이 시범사업을 지정하는 때에는 지정 목적ㆍ내용ㆍ대상지역 등을 관보에 공고하고 관계 시ㆍ도지사에게 통보하여야 한다. 제4절 시범사업의 지원 및 협조,Y(후보),pending
TITM-000354,TOBL-00060,UNIT-0346729,a901/s0-4-4-2,시범사업이 지정된 후 해당 지방자치단체에서,규칙,69,시범사업이 지정된 후 해당 지방자치단체에서는 재원조달방안을 다각적으로 검토하여 조속히 사업이 추진될 수 있도록 하여야 한다.,Y(후보),pending
TITM-000355,TOBL-00060,UNIT-0346729,a901/s0-4-4-3,시ㆍ도지사,규칙,47,시ㆍ도지사는 시범사업의 추진에 대한 관련 예산 지원 등을 통해 적극 협조하여야 한다.,Y(후보),pending
TITM-000356,TOBL-00061,UNIT-0346729,a901/s0-3-1-2,시범사업계획,규칙,77,시범사업계획은 공원녹지기본계획 등 관련계획의 범위내에서 특정 주제를 설정하고 이를 가시화할 수 있는 실행 프로그램 위주로 수립하여야 한다.,Y(후보),pending
TITM-000357,TOBL-00061,UNIT-0346729,a901/s0-3-1-3-2,공원녹지기본계획 등 관련계획에 부합되도록 사업계획,규칙,38,공원녹지기본계획 등 관련계획에 부합되도록 사업계획을 수립하여야 한다.,Y(후보),pending
TITM-000358,TOBL-00061,UNIT-0346729,a901/s0-3-2-2,시범사업계획,규칙,91,"시범사업계획을 수립하고자 할 때에는 미리 주민의 의견을 듣고, 당해 시ㆍ도도시공원위위원회 심의를 거쳐야 한다. 다만, 시ㆍ도도시공원위원회가 구성되지 아니한 경우에는",Y(후보),pending
TITM-000359,TOBL-00061,UNIT-0346729,a901/s0-3-3-4,국토교통부장관이 시범사업 평가대상 사업,규칙,123,국토교통부장관이 시범사업 평가대상 사업을 선정한 때에는 즉시 신청자인 관계 중앙행정기관의 장 또는 시ㆍ도지사에게 통보하여야 한다. 이 경우 사업계획 내용의 보완이 필요한 경우에는 그 사유를 명시하여 보완 요구할 수 있다.,Y(후보),pending
TITM-000360,TOBL-00061,UNIT-0346729,a901/s0-3-3-5,보완 요구 자료 제출,생성,125,3-3-4.에 따른 사업계획의 보완 요구를 받은 때에는 그 요구를 받은 날로부터 7일 이내에 관련 자료를 국토교통부장관에게 제출하여야 한다. 제4장 시범사업계획의 평가 및 시범사업의 지정 제1절 시범사업평가위원회의 구성ㆍ운영,Y(후보),pending
TITM-000361,TOBL-00062,UNIT-0346729,a901/s0-5-1-1~2,시범사업,규칙,179,"시범사업을 추진하는 해당 지방자치단체의 장은 시범사업의 지정ㆍ공고 내용에 따라 사업을 적극 추진하고, 전년도 추진실적(N년), 지원사항의 활용내역, 사업비의 집행 및 관리에 대한 내용, 당해 연도(N+1년) 사업추진계획 등을 [별표 5]서식에 따라 매년 1월말까지 시ㆍ도지사를 경유하여 국토교통부장관에게 제출하여야 한다.",Y(후보),pending
TITM-000362,TOBL-00062,UNIT-0346729,a901/s0-5-1-2,시범사업,규칙,98,시범사업을 추진하는 해당 지방자치단체의 장은 다음 연도(N+2년)의 시범사업 추진계획을 [별표 6] 서식에 따라 매년 3월말까지 제출하여야 한다. 제2절 사업 추진실적 등 평가,Y(후보),pending
TITM-000363,TOBL-00062,UNIT-0346729,a901/s0-5-2-3,국토교통부장관,규칙,67,국토교통부장관은 사업 추진실적 및 평가 결과 등을 종합분석하여 시범사업 추진계획 수립시 반영하여야 한다. 제6장 행정사항,Y(후보),pending
TITM-000364,TOBL-00063,UNIT-0346729,a901/s0-6-1,유효기간,생성,107,(유효기간) 이 훈령은 「훈령ㆍ예규 등의 발령 및 관리에 관한 규정」에 따라 이 훈령을 발령한 후의 법령이나 현실 여건의 변화 등을 검토하여야 하는 2027년 12월 31일까지 효력을 가진다.,Y(후보),pending
TITM-000365,TOBL-00064,UNIT-0346730,a901/s0-2-2-2~2,도시자연공원구역의 변경(해제),생성,270,"(3)에 따른 자연보전 목적을 갖는 지역 또는 구역과 도시자연공원구역이 중복 지정된 경우 2-4-2. 도시자연공원구역의 변경(해제)은 당해 도시·군기본계획 및 공원녹지기본계획에 부합되어야 한다. 2-4-3. 도시자연공원구역의 변경(해제)을 위하여 환경성 검토를 통해 국토환경성평가 결과 3등급～5등급, 생태·자연도 3등급, 임상도 3영급～1영급을 이용등급으로 하고, 이용등급을 대상으로 변경(해제)하도록 한다. 다만, 입지여건상 불가피한 경우에는 상위등급지를 변경(해제)할 수 있다.",Y(후보),pending
TITM-000366,TOBL-00064,UNIT-0346730,a901/s0-2-4-5,특별시장ㆍ광역시장ㆍ특별자치시장ㆍ특별자치도지사ㆍ시장 또는,규칙,121,특별시장ㆍ광역시장ㆍ특별자치시장ㆍ특별자치도지사ㆍ시장 또는 군수는 5년마다 관할 구역의 도시자연공원구역에 대하여 그 타당성 여부를 전반적으로 재검토하여 정비하여야 한다. 제5절 기존 도시자연공원의 도시·군관리계획 변경기준,Y(후보),pending
TITM-000367,TOBL-00064,UNIT-0346730,a901/s0-2-5-1-3,도시·군계획시설(공원) 결정 해제,생성,655,"기존 도시자연공원이 부적절하게 지정되었거나 도시자연공원구역으로 유지할 필요가 없는 경우에는 도시·군계획시설(공원) 결정의 해제를 검토하여야 한다. 제6절 도시자연공원구역의 지정 및 변경(해제) 절차 2-6-1. 도시자연공원구역의 지정(변경 포함)에 관한 도시·군관리계획의 입안·결정절차는 국토계획법에 의한 도시·군관리계획의 수립절차에 의하되, 도시·군관리계획 결정시 그 결정권자가 필요한 경우에는 도시계획위원회 심의 전에 도시공원위원회의 자문을 거칠 수 있다. 제3장 도시자연공원구역의 관리 등 3-1. 개발제한구역과 중복 지정된 도시자연공원구역 안에서 법 제27조 및 영 제26조에 의한 시설의 설치 등의 행위를 하고자 할 경우에는 개발제한구역의 관리계획에도 부합하여야 한다. 3-2. 개발제한구역이나 도시자연공원구역 안에서 매수청구 등에 의하여 매수가 완료된 토지는 도시민의 여가ㆍ휴식공간 등의 시설로 활용될 수 있도록 도시자연공원구역 관리계획을 수립할 수 있다. 3-3. 도시자연공원구역안의 체력단련시설의 세부설치기준은 다음과 같다. (1) 도시자연공원구역 지정 이전에 공원시설로 설치된 운동시설 및 체력단련과 관계되는 시설은 법 제27조 및 영 제26조 별표 2(도시자연공원구역 안의 허가대상 건축물 또는 공작물의 종류와 범위) 제4호에 의한 체력단련시설로 본다.",Y(후보),pending
TITM-000368,TOBL-00065,UNIT-0346730,a901/s0-4-2-1-2,생태적,규칙,61,생태적으로 양호한 임상이나 보호하여야 할 자연자원이 있는 지역으로부터 직선거리 50m 이내의 지역은 제외할 것,Y(후보),pending
TITM-000369,TOBL-00065,UNIT-0346730,a901/s0-4-2-1-4,취락지구의 경계선의 형상,규칙,274,"취락지구의 경계선의 형상은 가급적 장방형, 원형, 타원형 등 정형화된 형태를 가지도록 하여야 하며, 가로와 세로의 비가 지나치게 크지 않도록 경계선을 설정하도록 한다. 제4절 지정절차 4-4-1. 도시자연공원구역 안의 취락지구의 지정은 국토계획법에 의한 도시·군관리계획 수립 절차에 의한다. 제5절 행위제한의 특례 4-5-1. 도시자연공원구역안의 취락지구 안에서 건축물의 용도·높이·연면적·건폐율 및 용적률은 다음의 경우를 제외하고는 취락지구 밖의 도시자연공원구역에 적용되는 기준에 의한다.",Y(후보),pending
TITM-000370,TOBL-00065,UNIT-0346730,a901/s0-4-2-1-1~2,신축이 금지된 기존 건축물,규칙,310,"신축이 금지된 기존 건축물을 제1종 근린생활시설(「건축법 시행령」 별표 1 제3호의 규정에 의한 제1종 근린생활시설을 말하며, 동호 아목을 제외한다)로 용도변경하는 경우(표 4-1). 다만, 휴게음식점으로 용도변경하고자 하는 자는 다음의 기준에 적합한 경우에 한한다. (가) 도시자연공원구역 내 5년 이상 거주자 또는 지정 당시 거주자일 것 (나) 건축물의 연면적은 300m2 이하 이어야 하며 인접한 토지를 이용하여 200m2 이내의 주차장을 설치할 수 있되, 휴게음식점을 다른 용도로 변경하는 경우에는 주차장 부지를 원래의 지목으로 환원할 수 있을 것",Y(후보),pending
TITM-000371,TOBL-00066,UNIT-0346730,a901/s0-5-1,재검토기한,생성,152,(재검토기한) 국토교통부장관은 「훈령·예규 등의 발령 및 관리에 관한 규정」(대통령 훈령 334호)에 따라 이 훈령에 대하여 2018년 7월 1일 기준으로 매 3년이 되는 시점(매 3년째의 6월 30일까지를 말한다)마다 그 타당성을 검토하여 개선 등의 조치를 하여야 한다.,Y(후보),pending
TITM-000372,TOBL-00067,UNIT-0346731,a901/s0-3-2-1-3-4,승강장별로 계단이,규칙,45,승강장별로 계단이 2개소 이상인 경우에는 계단 간에 충분한 순간격을 두어야 한다.,Y(후보),pending
TITM-000373,TOBL-00067,UNIT-0346731,a901/s0-3-2-3-1-4,양방향 개폐가 가능해야 하며,규칙,33,"양방향 개폐가 가능해야 하며, 1방향 배치를 원칙으로 한다.",Y(후보),pending
TITM-000374,TOBL-00067,UNIT-0346731,a901/s0-3-2-4-1-2,환승통로(구역) 중앙,규칙,112,"환승통로(구역) 중앙을 기준으로 정거장 내 화장실과의 이격 거리가 100m 이상인 경우 환승통로(구역) 화장실을 할 수 있으며, 화장실까지의 안내가 원활히 이루어질 수 있도록 안내표지를 설치해야 한다.",Y(후보),pending
TITM-000375,TOBL-00067,UNIT-0346731,a901/s0-3-3-4-1-3,정거장 내 유료공간,규칙,130,"정거장 내 유료공간에서 승강장까지에는 섬식 승강장의 경우 1개소 이상, 상대식 승강장의 경우 각 승강장에 1개소 이상 설치한다. 또한, 엘리베이터의 위치를 쉽게 인지할 수 있도록 안내해야 하며, 다국어의 안내표지판을 설치할 수 있다.",Y(후보),pending
TITM-000376,TOBL-00067,UNIT-0346731,a901/s0-3-4-6,경사통로,규칙,28,경사통로에서 경사면은 미끄럼방지 처리를 해야 한다.,Y(후보),pending
TITM-000377,TOBL-00067,UNIT-0346731,a901/s0-3-4-3-1-2,통로 폭 유지,생성,40,통로 폭은 일정하게 유지되도록 하고 가급적 중간에 지장물이 없어야 한다.,Y(후보),pending
TITM-000378,TOBL-00067,UNIT-0346731,a901/s0-3-4-3-1-6,연결통로 설치에 따른 소방 대책,규칙,27,연결통로 설치에 따른 소방 대책을 마련해야 한다.,Y(후보),pending
TITM-000379,TOBL-00067,UNIT-0346731,a901/s0-3-4-4-1,신교통 연결통로 계획,생성,135,「도시철도망 구축계획 및 노선별 도시철도 기본계획 수립지침」(국토교통부 고시)에서 제시된 목표년도 이내에 도시철도 정거장과 건설계획이 확정된 신교통이 교차한다면 해당 정거장에서는 신교통과의 연계에 대비한 연결통로 계획을 설계에 반영해야 한다.,Y(후보),pending
TITM-000380,TOBL-00067,UNIT-0346731,a901/s0-3-4-4-2,지하형 지상형 고가형의 다양한 신교통,규칙,42,"지하형, 지상형, 고가형의 다양한 신교통과 연계할 수 있도록 계획해야 한다.",Y(후보),pending
TITM-000381,TOBL-00067,UNIT-0346731,a901/s0-3-5-2-1-4,기능실의 내부계단,규칙,133,"기능실의 내부계단은 관련 직원만 이용하는 계단으로서 유효폭 1.8m 이상, 단 높이 180㎜ 이하, 단 너비 280㎜ 이상, 계단참 1.8m 이상으로 하되, 환기실이나 변전실로 연결되는 주계단은 유효폭과 계단참이 2.5m 이상이어야 한다.",Y(후보),pending
TITM-000382,TOBL-00067,UNIT-0346731,a901/s0-3-5-2-3-3,공조기계실,규칙,57,공조기계실과 역무실 및 승객공간과의 경계벽은 차음구조(소리를 차단할 수 있는 구조를 말한다)여야 한다.,Y(후보),pending
TITM-000383,TOBL-00067,UNIT-0346731,a901/s0-3-5-3-1-1,각 승강장마다 독립적인 탈출경로가 두 가지 이상 있어야,규칙,73,각 승강장마다 독립적인 탈출경로가 두 가지 이상 있어야 한다. 2) 대피 수용량은 일 통행시간 중 가장 혼잡할 때를 기준으로 한다.,Y(후보),pending
TITM-000384,TOBL-00067,UNIT-0346731,a901/s0-3-5-3-1-4,정거장 내 열차 화재 및 정거장 화재에 대비해야,규칙,30,정거장 내 열차 화재 및 정거장 화재에 대비해야 한다.,Y(후보),pending
TITM-000385,TOBL-00067,UNIT-0346731,a901/s0-3-5-3-2-1-2,각 층마다 하나의 에스컬레이터가 고장이 나서 계단으로도,규칙,747,"각 층마다 하나의 에스컬레이터가 고장이 나서 계단으로도 사용할 수 없게 되는 경우를 가정한다. 엘리베이터 또한 비상대피에는 사용할 수 없다고 가정한다. 2) 대피인원 산정 열차에 화재가 발생한 승강장의 대피인원은 한 대의 열차가 연착될 경우의 열차의 승객 수까지 감안한 것으로 식 3.19로 산정한다. (대피인원) = (피크시의 승강장 대기인원) + (열차수용인원) × 2 [식 3.19] 여기에서, 피크시의 승강장 대기인원은 첨두 1시간 대기인원의 30%를 첨두 15분 대기인원으로 하여 분당 인원을 산정한다. 또한, 열차수용인원은 재차인원으로 하되 [(열차수용인원) × 2]항이 만차인원을 초과 시에는 만차인원을 적용한다. 다른 승강장의 대피용량은 일반 승하차인원으로 식 3.20으로 산정한다. (대피인원) = (피크시의 승강장 대기인원) + (피크시의 승강장 하차인원) [식 3.20] 또한, 두 개나 그 이상의 탈출 경로가 한 곳으로 모이는 곳에서는 해당 통행량을 모두 더해야 한다. 3) 대피시간의 산정 가. 대피시간은 대기시간과 이동시간의 합으로 산정하며 대피요소별로 대피인원과 대피 수용량에 따라 대기시간 및 이동시간을 구한다. 나. 대기시간은 표 3.1의 대피요소별 단위 폭 당 대피 수용량을 적용하여 산정하고 이동시간은 표 3.2의 대피요소별 승객 이동속도를 적용하여 산정한다. 4) 대피시간의 기준 모든 승객이 4분 이내에 승강장에서 벗어나고, 6분 이내에 연기나 유독 가스로부터 안전한 외부출입구를 벗어나도록 한다.",Y(후보),pending
TITM-000386,TOBL-00067,UNIT-0346731,a901/s0-3-5-3-3-1-2,각 층마다 하나의 에스컬레이터가 고장이 나서 계단으로도,규칙,260,"각 층마다 하나의 에스컬레이터가 고장이 나서 계단으로도 사용할 수 없게 되는 경우를 가정하며 엘리베이터는 비상대피에는 사용할 수 없다. 2) 대피인원 산정 정거장에 화재가 발생한 승강장의 대피인원은 피크 때의 열차를 기다리는 승객에 열차에서 하차하는 승객수를 더한 수로 한다. 즉, 대피인원은 피크시의 승강장 대기인원과 피크시의 승강장 하차인원을 합한 것으로 한다. 또한, 두 개나 그 이상의 탈출 경로가 한 곳으로 모이는 곳에서는 해당 통행량을 모두 더해야 한다.",Y(후보),pending
TITM-000387,TOBL-00067,UNIT-0346731,a901/s0-3-5-3-3-3,비상 대피에 사용할 수 있는 대피경로에 대하여 열차,규칙,74,비상 대피에 사용할 수 있는 대피경로에 대하여 열차 화재 시와 동일한 방법으로 대피시간을 산정하고 대피시간의 기준 내에 들어야 한다.,Y(후보),pending
TITM-000388,TOBL-00067,UNIT-0346731,a901/s0-3-5-4-3,연계출입구 지하상가나 인접한 대형 건물과의 연결통로,규칙,77,연계출입구 지하상가나 인접한 대형 건물과의 연결통로는 연결사업 시행자가 연계 출입구의 계획 시 침수가능 여부와 침수대비책을 수립해야 한다.,Y(후보),pending
TITM-000389,TOBL-00067,UNIT-0346731,a901/s0-3-5-4-4-1,침수가능지역에서,규칙,227,"침수가능지역에서는 환기구의 지상개구부로 우수가 유입되지 않도록 보도면에서 2m 이상의 돌출형으로 계획하거나 2m 이상 돌출이 곤란한 경우에는 별도의 차수시설을 설치한다. 다만, 배기형 환기구를 보도에 바닥형으로 설치하는 경우에는 최소 유효폭 2m를 확보하고 0.3m 이상의 유입방지턱을 설치해야 한다. 2) 일반지역에서는 환기구의 지상개구부 주변의 지상면의 경사를 조정하여 우수가 유입되지 않도록 계획한다.",Y(후보),pending
TITM-000390,TOBL-00067,UNIT-0346731,a901/s0-3-6-1-1,장애인 임산부 노인 어린이 등을 포함하,규칙,79,"장애인, 임산부, 노인, 어린이 등을 포함하는 교통약자가 도시철도 접근시설에서 탑승하기까지 편리하고 안전하게 이용할 수 있도록 계획해야 한다.",Y(후보),pending
TITM-000391,TOBL-00067,UNIT-0346731,a901/s0-3-6-1-2,교통약자,규칙,43,교통약자를 위하여 표 3.3의 시설별 상세 고려사항을 반영하여 계획해야 한다.,Y(후보),pending
TITM-000392,TOBL-00067,UNIT-0346731,a901/s0-3-6-2-1~2,동일 층에,규칙,111,동일 층에는 원칙적으로 단차를 두지 않도록 해야 하나 부득이하게 단차를 두어야 할 경우에는 경사로를 설치하도록 하며 위험 방지 측면에서 표면을 거칠게 처리하여 미끄러짐을 방지할 수 있도록 해야 한다.,Y(후보),pending
TITM-000393,TOBL-00067,UNIT-0346731,a901/s0-3-6-4-1,바닥면의 구배,규칙,54,바닥면의 구배는 1/100 정도로 하며 물에 젖어도 미끄럽지 않는 재료를 사용하여 마감해야 한다.,Y(후보),pending
TITM-000394,TOBL-00067,UNIT-0346731,a901/s0-3-6-6-1,가급적 계단의 양측에 설치해야 하고 계단의 폭이 넓어,규칙,129,"가급적 계단의 양측에 설치해야 하고 계단의 폭이 넓어 중앙난간을 설치할 경우에도 시작부터 끝까지 연속되게 설치되어야 하며, 소화전 박스나 셔터 등의 설치로 부득이 끊길 경우에는 개구의 폭이 100㎜ 이상 떨어지지 않도록 해야 한다.",Y(후보),pending
TITM-000395,TOBL-00067,UNIT-0346731,a901/s0-3-6-6-4,손잡이의 굵기,규칙,42,손잡이의 굵기는 32～38㎜ 범위의 원형 또는 타원형의 단면으로 해야 한다.,Y(후보),pending
TITM-000396,TOBL-00067,UNIT-0346731,a901/s0-3-6-7-4,계단 손잡이의 점자 안내판 표시,규칙,38,계단 손잡이의 점자 안내판 표시는 표 3.4의 내용을 포함해야 한다.,Y(후보),pending
TITM-000397,TOBL-00067,UNIT-0346731,a901/s0-3-6-7-7,엘리베이터가 설치되어 있는 정거장의 경우에,규칙,128,"엘리베이터가 설치되어 있는 정거장의 경우에는 각 외부계단입구(출입구)에 지상 엘리베이터가 설치되어 있는 곳을 알려주는 안내시설을 설치해야 하고, 그 곳까지 동선이 유지될 수 있도록 엘리베이터 위치안내를 연결성 있게 표시해야 한다.",Y(후보),pending
TITM-000398,TOBL-00067,UNIT-0346731,a901/s0-3-6-7-8,유도블록 양 끝선,규칙,38,유도블록 양 끝선에서 60㎝ 내에는 보행 장애물이 없도록 해야 한다.,Y(후보),pending
TITM-000399,TOBL-00067,UNIT-0346731,a901/s0-3-6-7-11,전동휠체어 충전장치가 설치되어 있는 정거장의 경우에,규칙,94,"전동휠체어 충전장치가 설치되어 있는 정거장의 경우에는 전동휠체어 충전장치가 설치되어 있는 곳을 알려주는 안내시설을 설치해야 하고, 위치안내를 연결성 있게 표시해야 한다.",Y(후보),pending
TITM-000400,TOBL-00067,UNIT-0346731,a901/s0-3-6-10-6,화장실 출입구,규칙,49,화장실 출입구는 휠체어 사용자가 통행할 수 있는 폭 이상이어야 하고 단차를 두지 않는다.,Y(후보),pending
TITM-000401,TOBL-00067,UNIT-0346731,a901/s0-3-6-10-7,화장실 문은 유효폭,규칙,73,화장실 문은 유효폭 90㎝ 이상으로 가볍고 견고한 재질을 사용하며 휠체어 사용자가 조작하기 쉽고 작은 힘으로 개폐가 가능해야 한다.,Y(후보),pending
TITM-000402,TOBL-00067,UNIT-0346731,a901/s0-3-6-10-9,휠체어용 화장실의 내부 치수,규칙,86,"휠체어용 화장실의 내부 치수는 2.1m × 2.1m을 원칙으로 하고, 현장 여건 시 조정할 수 있으나 내부에 휠체어가 회전할 수 있는 공간이 있어야 한다.",Y(후보),pending
TITM-000403,TOBL-00067,UNIT-0346731,a901/s0-3-6-11-9,엘리베이터의 고장 점검 등의 비상상황,규칙,97,"엘리베이터의 고장, 점검 등의 비상상황으로 인하여 장애인의 이동편의시설 이용이 불가능할 경우 역무실에 도움을 요청할 수 있도록 엘리베이터 외부에 비상호출버튼을 설치해야 한다.",Y(후보),pending
TITM-000404,TOBL-00067,UNIT-0346731,a901/s0-3-6-12-1,휠체어리프트 전면에,규칙,283,"휠체어리프트 전면에는 승ㆍ하강을 위하여 1.5m × 1.5m의 유효바닥 면적을 확보해야 하며, 휠체어용 평판의 크기는 최소 유효폭 76㎝, 유효길이 1.05m 이상으로 휠체어 사용자가 탑승 가능한 구조이어야 한다. 다만, 휠체어리프트를 신설하거나 기존의 휠체어리프트를 교체하는 경우에는 설치 폭 등 운행적합 여부를 고려한 후 전동휠체어 등 신형휠체어의 탑승이 가능한 휠체어리프트로 설치해야 하고, 교체 전까지 기존의 휠체어리프트를 이용하는 경우에는 반드시 보조자의 도움을 받아 사용할 수 있도록 해야 한다.",Y(후보),pending
TITM-000405,TOBL-00067,UNIT-0346731,a901/s0-3-6-12-2,휠체어리프트,규칙,83,"휠체어리프트를 사용하지 아니할 때에는 지정 장소에 접어서 보관 할 수 있도록 해야 하며, 이 경우 벽면으로부터 40cm 이상이 돌출되지 않아야 한다.",Y(후보),pending
TITM-000406,TOBL-00067,UNIT-0346731,a901/s0-3-6-12-3,계단 상부 및 하부,규칙,63,"계단 상부 및 하부 2개소에 원격조정이 가능한 탑승 장치를 갖추어야 하며, 탑승자 스스로도 조작이 가능해야 한다.",Y(후보),pending
TITM-000407,TOBL-00067,UNIT-0346731,a901/s0-3-6-12-4,운행 중 휠체어가 구르거나 장애물,규칙,67,운행 중 휠체어가 구르거나 장애물과 접촉하는 경우 자동정지가 가능하도록 잠금장치를 설치하고 과속제한장치를 설치해야 한다.,Y(후보),pending
TITM-000408,TOBL-00067,UNIT-0346731,a901/s0-3-6-12-5,휠체어리프트가 설치되어 있는 시설물의 입구에,규칙,127,"휠체어리프트가 설치되어 있는 시설물의 입구에는 눈에 잘 띄는 문자 또는 도안으로 안내표시를 해야 하며, 휠체어리프트는 자동호출이 가능하도록 호출버튼을 설치하고 작동설명서를 부착해야 한다. 제4장 정거장 외 시설 4.1 일반 사항",Y(후보),pending
TITM-000409,TOBL-00067,UNIT-0346731,a901/s0-3-6-2~2,이 장에서,규칙,161,"이 장에서는 도시철도를 위주로 한 교통수단의 환승시설의 규모와 설치기준에 대한 기본사항을 정한다. (3) 도시철도의 이용편의를 위하여 도시철도 간의 환승뿐만 아니라 도시철도와 타 교통수단(버스, 택시, 승용차, 자전거 등)과의 환승실태를 파악하여 편리하고 신속한 환승체계를 제시해야 한다.",Y(후보),pending
TITM-000410,TOBL-00068,UNIT-0346731,a901/s0-4-2-3-5,계획 주차면 수,생성,169,"계획 주차면 수는 「주차장법 시행령」 제4조제2항에 따른 규모 이상으로 해야 하며, 환승이 편리하도록 분산 배치한다. 이 경우 위 규정에 따른 도시철도 연장은 기ㆍ종점부를 포함하고 지선 도시철도가 동시에 건설되는 경우에는 해당 구간을 포함하며 주차수요예측기법은 특별한 사유가 없는 한 원단위법을 따른다.",Y(후보),pending
TITM-000411,TOBL-00068,UNIT-0346731,a901/s0-4-2-3-6-2,기계식 주차장,규칙,74,기계식 주차장을 설치하고자 하는 경우에는 차량의 입ㆍ출고 시 최소ㆍ최대ㆍ평균 소요시간을 산정하고 이에 대한 확인방법을 표시해야 한다.,Y(후보),pending
TITM-000412,TOBL-00068,UNIT-0346731,a901/s0-4-2-3-6-3,기계식 주차장에,규칙,59,기계식 주차장에는 최대입고 소요시간을 기준으로 「주차장법 시행규칙」에 따른 대기 주차공간을 설치해야 한다.,Y(후보),pending
TITM-000413,TOBL-00068,UNIT-0346731,a901/s0-4-2-3-6-4,장애인 주차공간,규칙,41,장애인 주차공간은 지상층 등 사용하기에 가장 편리한 장소에 설치해야 한다.,Y(후보),pending
TITM-000414,TOBL-00068,UNIT-0346731,a901/s0-4-2-3-6-5,주차요금,규칙,139,주차요금을 징수하고자 하는 경우에는 주차요금 정산소의 위치를 정해야 한다. 이 경우 주차요금 정산소는 첨두시 교통량을 기준으로 최근접 교차로의 교통신호의 한 주기에 해당하는 대기차량 수요를 수용할 수 있도록 진ㆍ출입구로부터 대기동선을 확보해야 한다.,Y(후보),pending
TITM-000415,TOBL-00068,UNIT-0346731,a901/s0-4-2-3-6-6,시설물 이용자,규칙,63,시설물 이용자를 위한 셔틀버스를 운행하고자 하는 경우에는 지상에 적정규모의 셔틀버스 주ㆍ정차공간을 확보해야 한다.,Y(후보),pending
TITM-000416,TOBL-00069,UNIT-0346731,a901/s0-5-1,재검토기한 국토교통부장관,규칙,137,재검토기한 국토교통부장관은 이 고시에 대하여 「훈령ㆍ예규 등의 발령 및 관리에 관한 규정」에 따라 2025년 7월 1일을 기준으로 매 3년이 되는 시점(매 3년째의 6월 30일까지를 말한다)마다 그 타당성을 검토하여 개선 등의 조치를 해야 한다.,Y(후보),pending
TITM-000417,TOBL-00070,UNIT-0346844,a901/n1/mra/s0-2-2~4,기간,규칙,145,"기간 : 계절적인 변화를 고려하여 겨울철을 제외한 2계절 이상 조사하여야 한다. 다만, 우천시에는 원칙적으로 조사를 실시하지 않는다. 다) 실외 대기질 시료의 채취 조건은 다음과 같으며, 시료채취 및 석면 분석에 대한 세부사항은 별표 2의 ""대기편""을 따른다.",모름,pending
TITM-000418,TOBL-00070,UNIT-0346844,a901/n1/mra/s0-2-3~4,기간,규칙,166,"기간 : 계절적인 변화를 고려하여 겨울철을 제외한 2계절 이상 조사하여야 한다. 다만, 우천시에는 원칙적으로 조사를 실시하지 않는다. 라) 인체 위해성평가의 세부사항은 다음과 같다. (1) 대상 집단의 선정 : 대상 집단은 지질도를 근거로 하여 예비조사에서 석면의 오염이 확인된 지역에서 선정한다.",모름,pending
TITM-000419,TOBL-00071,UNIT-0346844,a901/n1/mra/s0-1,재검토기한 가 기후에너지환경부장관,규칙,143,재검토기한 가. 기후에너지환경부장관은 이 고시에 대하여 「훈령ㆍ예규 등의 발령 및 관리에 관한 규정」에 따라 2024년 7월 1일 기준으로 매 3년이 되는 시점(매 3년째의 6월 30일까지를 말한다)마다 그 타당성을 검토하여 개선 등의 조치를 하여야 한다.,모름,pending
TITM-000420,TOBL-00072,UNIT-0349648,a901/p2/n8/mda/s0,분뇨처리장치(전기분해식) 검정기준,생성,894,"다. 검정기준 8의2. 분뇨처리장치(전기분해식) 이 시험기준은 2009년 12월 31일까지 선박에 설치되는 장치에 적용한다. 가. 구조등의 요건 1) 분뇨에 접촉하는 탱크는 강판제로서 에폭시라이닝, F.R.P라이닝 또는 타르에폭시 도장을 시공한 것. 또는 스테인리스 및 이와 동등 이상의 내식성 재질의 것이어야 한다. 2) 관, 밸브류는 두꺼운 강판 및 주철 또는 이와 동등 이상의 내식성 재질이어야 한다. 다만, 전해처리장치와 접하는 관 및 밸브류는 고압수도용 경질(단단한 성질) 폴리염화비닐(PVC)관 또는 그 이상의 전기절연성을 가지고 있는 재질의 것이어야 한다. 3) 처리장치는 유지, 관리 및 점검을 위하여 안전하게 작업을 할 수 있어야 한다. 4) 각 탱크에는 공기배출관을 설치해야 한다. 5) 탱크에서 혼합액 및 처리수의 표본을 채취할 수 있어야 한다. 6) 처리장치의 분뇨 및 처리수는 부속펌프로 선외로 배출 또는 육상시설로 이송할 수 있어야 한다. 7) 처리장치는 분뇨 및 오염된 물의 유입으로부터 처리수의 배출까지 자동적으로 처리될 수 있는 것이어야 한다. 8) 고위액면경보장치를 설치하고 탱크내에 설치된 감지기는 방진방수 등급(IP) 67 이상의 완전밀폐된 방수구조이거나 이와 동등 이상의 구조이어야 한다. 9) 처리장치에는 분쇄기 또는 스크린이나 이와 유사한 분뇨마쇄장치(분뇨를 갈아서 부수는 장치를 말한다)를 설치해야 한다. 10) 장치의 운전판넬과 전해장치는 전기절연상태가 확보된 것이어야 한다. 11) 처리장치의 운전에 적합한 조건과 성능에 대한 사양을 장치에다 표시해야 한다. 12) 처리능력은 처리수의 수질기준을 충족할 수 있는 범위에서 처리할 수 있는 매일당 ㎘로 표시하며 처리수의 화학적 산소요구량을 표시해야 한다. 나. 성능시험 방법 및 판정기준 성능시험은 나목",모름,pending
TITM-000421,TOBL-00073,UNIT-0349648,a901/p2/n8/mda/s0-1-2,소각식분뇨처리장치,규칙,105,"소각식분뇨처리장치는 다음의 장치를 갖춰야 한다. 가) 본체: 변기커버, 변기 나) 소각부: 분뇨이송장치, 분뇨소각장치 다) 악취제거부: 강제통풍장치, 악취제거필터 라) 제어부: 온도제어장치",Y(후보),pending
TITM-000422,TOBL-00073,UNIT-0349648,a901/p2/n8/mda/s0-1-3,변기,규칙,838,"변기는 다음 기준에 적합해야 한다. 가) 변기의 내부는 분뇨가 표면에 잘 묻지 않도록 테플론 코팅이나 이와 동등 이상의 재질로 도장할 것 나) 변기의 재질은 고열과 부식에도 잘 견딜 수 있는 스테인리스강판이나 이와 동등 이상의 재질일 것 4) 분뇨이송장치는 다음 기준에 적합해야 한다. 가) 분뇨를 이송할 수 있도록 구동피니언을 구비한 모터나 이와 동등 이상의 장치가 설치되어 있을 것 나) 분뇨이송장치는 자동감지장치 또는 수동장치로 구동할 수 있을 것 다) 분뇨가 변받이에 잔류하거나 축적되지 않는 구조일 것 라) 소각 시 발생되는 열 및 악취가 변기로 전달되는 것을 막을 수 있는 장치를 갖추어야 하며, 안전을 위하여 작동 시 화기가 변기로 직접 전달되지 않는 구조일 것 마) 암모니아가스 등 부식성 가스에 대한 내식성이 있을 것 5) 분뇨소각장치는 다음 기준에 적합해야 한다. (가) 소각기의 재질은 고열과 부식에도 잘 견딜 수 있는 스테인리스강판 또는 이와 동등 이상의 재질일 것 (나) 분뇨를 소각시킬 수 있는 전기히터 또는 오일버너가 설치되어 있고, 소각실내의 온도를 일정하게 유지시킬 수 있도록 제어장치가 있을 것 (다) 소각된 분뇨를 모을 수 있는 재받이가 있어야 하고 재받이는 재가 누설되지 않고 또한 재를 쉽게 수거할 수 있는 구조로 되어 있을 것 (라) 전기히터인 경우 충분한 절연상태를 유지하는 구조로 되어 있을 것 (마) 오일버너인 경우 기름이 누설되지 않는 구조로 되어 있을 것 (바) 소각실에서 악취제거장치로 이송되는 관에는 불꽃전달을 차단할 수 있는 소호실을 설치할 것 (사) 소각실에는 관리자의 안전 등을 고려하여 단열재 또는 이와 동등 이상의 재질로 마감 처리할 것",Y(후보),pending
TITM-000423,TOBL-00073,UNIT-0349648,a901/p2/n8/mda/s0-1-6,악취제거부,규칙,192,"악취제거부는 다음 기준에 적합해야 한다. 가) 소각 시 발생하는 악취를 제거할 수 있는 악취제거필터, 즉 약품을 끈끈하게 달라붙는 활성탄 또는 이와 동등 이상의 장치가 있을 것 나) 소각 시 발생하는 악취를 소각실 외부로 배출할 수 있는 강제 통풍팬을 설치할 것 (다) 내식성이 있을 것 (라) 악취제거필터는 교체가 가능한 구조로 되어 있을 것",Y(후보),pending
TITM-000424,TOBL-00073,UNIT-0349648,a901/p2/n8/mda/s0-1-7-1,구조 등의 요건,규칙,97,"구조 등의 요건 1) 분뇨에 접촉하는 탱크는 강판제로서 에폭시라이닝, F.R.P라이닝 또는 타르에폭시 도장을 시공한 것. 또는 스테인리스 및 이와 동등 이상의 것이어야 한다.",Y(후보),pending
TITM-000425,TOBL-00073,UNIT-0349648,a901/p2/n8/mda/s0-1-2~2,관 밸브류,규칙,55,"관, 밸브류는 두꺼운 강판 및 주철 또는 이와 동등 이상의 재질이고 내식성이 있는 재료이어야 한다.",Y(후보),pending
TITM-000426,TOBL-00073,UNIT-0349648,a901/p2/n8/mda/s0-1-3~2,처리장치,규칙,43,"처리장치는 유지, 관리 및 점검을 위하여 작업을 안전하게 할 수 있어야 한다.",Y(후보),pending
TITM-000427,TOBL-00073,UNIT-0349648,a901/p2/n8/mda/s0-1-4,공기관,규칙,13,공기관을 설치해야 한다.,Y(후보),pending
TITM-000428,TOBL-00073,UNIT-0349648,a901/p2/n8/mda/s0-1-5,선박 안에서 탱크 안의 혼합액 및 처리수의 표본,규칙,41,선박 안에서 탱크 안의 혼합액 및 처리수의 표본을 채취할 수 있어야 한다.,Y(후보),pending
TITM-000429,TOBL-00073,UNIT-0349648,a901/p2/n8/mda/s0-1-6~2,처리장치,규칙,36,처리장치는 부속펌프로 처리수를 배출 또는 이송할 수 있어야 한다.,Y(후보),pending
TITM-000430,TOBL-00073,UNIT-0349648,a901/p2/n8/mda/s0-1-7~2,처리장치,규칙,53,처리장치는 오염된 물의 유입으로부터 처리수의 배출까지 자동적으로 처리될 수 있는 것이어야 한다.,Y(후보),pending
TITM-000431,TOBL-00073,UNIT-0349648,a901/p2/n8/mda/s0-1-8,고위 액면 경보장치,규칙,46,고위 액면 경보장치를 비치하고 탱크 안에 설치된 감지기는 방폭구조의 것이어야 한다.,Y(후보),pending
TITM-000432,TOBL-00073,UNIT-0349648,a901/p2/n8/mda/s0-1-9,폭기식 분뇨처리장치에 사용되,규칙,88,폭기식 분뇨처리장치에 사용되는 송기장치는 평균유입 오수량의 50배 이상의 송기량을 확보할 수 있거나 이와 동등 이상의 산화력을 확보할 수 있는 것이어야 한다.,Y(후보),pending
TITM-000433,TOBL-00073,UNIT-0349648,a901/p2/n8/mda/s0-1-10,장치에,규칙,25,장치에는 분쇄기 또는 스크린을 설치해야 한다.,Y(후보),pending
TITM-000434,TOBL-00073,UNIT-0349648,a901/p2/n8/mda/s0-1-11,잔류된 오염 침전물,규칙,30,잔류된 오염 침전물을 빼기 쉬운 구조의 것이어야 한다.,Y(후보),pending
TITM-000435,TOBL-00073,UNIT-0349648,a901/p2/n8/mda/s0-1-12,사용온도 및 염분농도 범위 표시,생성,41,처리장치의 운전조건에 적합한 사용온도 및 염분농도의 범위를 표시해야 한다.,Y(후보),pending
TITM-000436,TOBL-00073,UNIT-0349648,a901/p2/n8/mda/s0-1-2~3,오수처리시험 시에,규칙,31,오수처리시험 시에는 <그림 1>과 같이 구성되어야 한다.,Y(후보),pending
TITM-000437,TOBL-00074,UNIT-0349648,a901/p2/n8/mda/s0-5-2,관 밸브류,규칙,55,"관, 밸브류는 두꺼운 강판 및 주철 또는 이와 동등 이상의 재질이고 내식성이 있는 재료이어야 한다.",모름,pending
TITM-000438,TOBL-00074,UNIT-0349648,a901/p2/n8/mda/s0-5-3,처리장치,규칙,43,"처리장치는 유지, 관리 및 점검을 위하여 작업을 안전하게 할 수 있어야 한다.",모름,pending
TITM-000439,TOBL-00074,UNIT-0349648,a901/p2/n8/mda/s0-5-4,공기관,규칙,13,공기관을 설치해야 한다.,모름,pending
TITM-000440,TOBL-00074,UNIT-0349648,a901/p2/n8/mda/s0-5-5,선박 안에서 탱크내의 혼합액 및 처리수의 표본,규칙,40,선박 안에서 탱크내의 혼합액 및 처리수의 표본을 채취할 수 있어야 한다.,모름,pending
TITM-000441,TOBL-00074,UNIT-0349648,a901/p2/n8/mda/s0-5-6,처리장치,규칙,36,처리장치는 부속펌프로 처리수를 배출 또는 이송할 수 있어야 한다.,모름,pending
TITM-000442,TOBL-00074,UNIT-0349648,a901/p2/n8/mda/s0-5-7,처리장치,규칙,53,처리장치는 오염된 물의 유입으로부터 처리수의 배출까지 자동적으로 처리될 수 있는 것이어야 한다.,모름,pending
TITM-000443,TOBL-00074,UNIT-0349648,a901/p2/n8/mda/s0-5-8,고위 액면 경보장치,규칙,45,고위 액면 경보장치를 비치하고 탱크내에 설치된 감지기는 방폭구조의 것이어야 한다.,모름,pending
TITM-000444,TOBL-00074,UNIT-0349648,a901/p2/n8/mda/s0-5-9,폭기식 분뇨처리장치에 사용되,규칙,88,폭기식 분뇨처리장치에 사용되는 송기장치는 평균유입 오수량의 50배 이상의 송기량을 확보할 수 있거나 이와 동등 이상의 산화력을 확보할 수 있는 것이어야 한다.,모름,pending
TITM-000445,TOBL-00074,UNIT-0349648,a901/p2/n8/mda/s0-5-10,장치에,규칙,25,장치에는 분쇄기 또는 스크린을 설치해야 한다.,모름,pending
TITM-000446,TOBL-00074,UNIT-0349648,a901/p2/n8/mda/s0-5-11,잔류된 오염 침전물,규칙,30,잔류된 오염 침전물을 빼기 쉬운 구조의 것이어야 한다.,모름,pending
TITM-000447,TOBL-00074,UNIT-0349648,a901/p2/n8/mda/s0-5-12,사용온도 및 염분농도 범위 표시,생성,41,처리장치의 운전조건에 적합한 사용온도 및 염분농도의 범위를 표시해야 한다.,모름,pending
TITM-000448,TOBL-00075,UNIT-0349656,a901/p2/n10/mda/s0,선내 소각기(IMO형) 검정기준,생성,463,"다. 검정기준 10의2. 선내 소각기(IMO형) 국제해사기구가 정한 기준에 따라 형식승인을 받으려고 하는 단위용량 4,000kW 이하의 선내소각기 가. 성능시험의 일반조건 1) 연소시험시간은 6～8시간으로 한다. 2) 연소시험용 연소물질은 다음의 2종류로 한다. 가) 슬러지유(무게 퍼센트) : 15℃에 있어서 비중이 0.98 이상이고 점도가 50℃에서 380센티스톡 이상의 중질연료유에서 발생되는 슬러지 75퍼센트, 비중이 0.92～0.94의 실린더유 5퍼센트 및 유화된 물 20퍼센트로 구성할 것 나) 고체폐기물(무게 퍼센트) : 음식찌꺼기 50퍼센트 및 그 밖의 쓰레기 50퍼센트로서 혼합물을 50퍼센트의 수분의 7퍼센트의 불연성물질을 함유하되, 그 밖의 쓰레기는 종이 30퍼센트, 마분지 40퍼센트, 넝마조각 10퍼센트 및 플라스틱 20퍼센트로 구성할 것 3) 소각기는 다음 요건에 적합해야 한다. 가) 재료 및 제조요건",모름,pending
TITM-000449,TOBL-00076,UNIT-0349656,a901/p2/n10/mda/s0-1,연료유관 및 슬러지관,규칙,85,"연료유관 및 슬러지관은 적절한 강도를 가진 이음매가 없는 강관이어야 하며 버너에는 길이가 짧은 강관, 구리니켈관, 니켈구리관, 구리관을 사용할 수 있다.",모름,pending
TITM-000450,TOBL-00076,UNIT-0349656,a901/p2/n10/mda/s0-1~2,비상시에 소각기의 모든 전원,규칙,60,비상시에 소각기의 모든 전원을 차단할 수 있도록 소각기 또는 근접위치에 고정식 전원차단장치를 설치해야 한다.,모름,pending
TITM-000451,TOBL-00076,UNIT-0349656,a901/p2/n10/mda/s0-1~3,다음 조건에 따라 운전되도록 설계되고 제작되어야 한다,규칙,283,"다음 조건에 따라 운전되도록 설계되고 제작되어야 한다. (가) 연소실 배기가스 출구 최고온도: 1,200℃ (나) 연소실 배기가스 출구 최저온도: 850℃ (다) 연소실 예열온도: 650℃ (라) 최초 운전시 및 재가동시 환기시간: 15초 이상(4회) (마) 정지시 환기시간: 연료유관을 폐쇄후 15초 이상 실시 (바) 소각기 배출가스: 최소 산소함유량 6퍼센트(건조한 연소가스에서 측정) (사) 상기 조항 외의 요건은 해양오염방지협약(MARPOL73/78) 부속서 제6장 제16규칙 및 통일해석을 따른다.",모름,pending
TITM-000452,TOBL-00076,UNIT-0349656,a901/p2/n10/mda/s0-1~4,소각기,규칙,47,소각기는 소각기 근처에 있는 주전원 차단스위치로 모든 전원이 차단될 수 있어야 한다.,모름,pending
TITM-000453,TOBL-00077,UNIT-0349656,a901/p2/n10/mda/s0-2,연료유관,규칙,25,연료유관은 비철금속재료를 사용해서는 안 된다.,모름,pending
TITM-000454,TOBL-00077,UNIT-0349656,a901/p2/n10/mda/s0-2~2,절연되지 아니한 모든 금속부분,규칙,49,절연되지 아니한 모든 금속부분은 접촉에 의한 사고위험을 피할 수 있도록 보호되어야 한다.,모름,pending
TITM-000455,TOBL-00077,UNIT-0349656,a901/p2/n10/mda/s0-2~3,소각기의 운전 중에,규칙,61,소각기의 운전 중에는 연소실의 가스 또는 연기가 밖으로 누설되지 않도록 연소실 내를 부압상태로 유지해야 한다.,모름,pending
TITM-000456,TOBL-00077,UNIT-0349656,a901/p2/n10/mda/s0-2~4,비상시에,규칙,153,"비상시에는 소각기의 모든 전원을 차단할 수 있도록 그 구획 외부에 비상정지 스위치를 설치해야 하고 비상정지스위치는 연료펌프의 모든 전원을 차단할 수 있어야 하며, 소각기에 연소가스팬이 설치되어 있는 경우 그 팬은 소각기의 다른 부속장비와는 독립적으로 재작동이 가능해야 한다.",모름,pending
TITM-000457,TOBL-00078,UNIT-0349656,a901/p2/n10/mda/s0-3,바깥지름,규칙,110,바깥지름 60㎜ 이하의 관에 부착되는 밸브 및 부속품은 나사박이 이음을 사용할 수 있다. 다만 바깥지름 33㎜ 이상의 압력관에 부착하는 밸브 및 부착품은 나사박이 유니온 이음을 사용해서는 안 된다.,모름,pending
TITM-000458,TOBL-00078,UNIT-0349656,a901/p2/n10/mda/s0-3~2,전기설비 이상 시 연료공급 중단,생성,44,전기설비에 이상이 발생할 경우 연료공급이 중단되도록 제어회로가 설치되어야 한다.,모름,pending
TITM-000459,TOBL-00078,UNIT-0349656,a901/p2/n10/mda/s0-3~3,소각기,규칙,87,"소각기는 눈에 잘 띄는 위치에 운전 중 연소실문의 개방금지, 쓰레기의 적정 처리량을 초과하여 투입금지, 운전절차 및 작동지침서 등을 작성하여 부착해야 한다.",모름,pending
TITM-000460,TOBL-00078,UNIT-0349656,a901/p2/n10/mda/s0-3~4,연소가스 배출관에 설치된 감지기,규칙,98,연소가스 배출관에 설치된 감지기를 가진 연소가스온도 조절기는 연소실의 배출 가스온도가 설계사양서에 따라 제조자가 설정한 규정온도를 초과하는 경우 버너를 차단할 수 있어야 한다.,모름,pending
TITM-000461,TOBL-00079,UNIT-0349656,a901/p2/n10/mda/s0-4,소각기의 연소실 내벽,규칙,104,"소각기의 연소실 내벽은 내화재(불에 타지 않고 잘 견디는 재료)로 시공하고 냉각장치를 설치하여 보호해야 하며, 정상운전 중 소각로의 외벽온도는 주위온도보다 20℃를 초과하지 않아야 한다.",모름,pending
TITM-000462,TOBL-00079,UNIT-0349656,a901/p2/n10/mda/s0-4~2,제어회로에 설치된 모든 안전장치의 전기배선,규칙,66,제어회로에 설치된 모든 안전장치의 전기배선은 직렬로 연결되어야 하며 병렬로 연결하는 경우에는 특별한 고려를 해야 한다.,모름,pending
TITM-000463,TOBL-00079,UNIT-0349656,a901/p2/n10/mda/s0-4~3,소각기의 배출가스,규칙,80,소각기의 배출가스는 다이옥신의 생성을 방지하기 위하여 연소실 출구로부터 2.5미터 이내에서 350℃를 넘지 않도록 급속냉각 후 배출되어야 한다.,모름,pending
TITM-000464,TOBL-00079,UNIT-0349656,a901/p2/n10/mda/s0-4~4,연소실에 설치된 감지기,규칙,86,연소실에 설치된 감지기를 가진 연소 온도 조절기는 연소실의 온도가 설계사양에 따라 제조자가 설정한 규정온도를 초과하는 경우 버너를 차단할 수 있어야 한다.,모름,pending
TITM-000465,TOBL-00080,UNIT-0349656,a901/p2/n10/mda/s0-5,내화재,규칙,73,"내화재는 열충격에 견디고 통상적인 선박진동에 견뎌야 하며, 내화재의 설계 온도는 연소실 설계온도에 20%를 더한 것과 같아야 한다.",모름,pending
TITM-000466,TOBL-00080,UNIT-0349656,a901/p2/n10/mda/s0-5~2,모든 전기장치,규칙,40,모든 전기장치는 제어시스템의 공급전압에 상응하는 정격전압을 가져야 한다.,모름,pending
TITM-000467,TOBL-00080,UNIT-0349656,a901/p2/n10/mda/s0-5~3,선박에 설치된 소각기의 모든 부품,규칙,121,선박에 설치된 소각기의 모든 부품은 다음 상태에서 작동되도록 설계되어야 한다. (가) 정적인 상태에서 양현 및 선수미 방향으로 15° 경사된 상태 (나) 동적인 상태에서 양현 및 선수미 방향으로 22.5° 경사된 상태,모름,pending
TITM-000468,TOBL-00080,UNIT-0349656,a901/p2/n10/mda/s0-5~4,부압스위치,규칙,93,부압스위치는 소각기의 운전중에 연소실의 충분한 통풍 및 부압을 유지하지 않을 경우에는 부압이 대기압까지 상승하기 전에 버너와 연료공급을 중단하고 경보음이 울려야 한다.,모름,pending
TITM-000469,TOBL-00081,UNIT-0349656,a901/p2/n10/mda/s0-6,소각기,규칙,82,"소각기는 내부의 부식이 최소화될 수 있도록 설계되어야 하며, 내화재 및 방열재를 포함한 모든 내부부품을 쉽게 정비 유지할 수 있도록 설계해야 한다.",Y(후보),pending
TITM-000470,TOBL-00081,UNIT-0349656,a901/p2/n10/mda/s0-6~2,풍우에 노출된 모든 전기장치 및 전기설비,규칙,68,풍우에 노출된 모든 전기장치 및 전기설비는 IEC 60092-201 표 5(1994-08 발행판)의 요건에 적합해야 한다.,Y(후보),pending
TITM-000471,TOBL-00081,UNIT-0349656,a901/p2/n10/mda/s0-6~3,연소실 외부 표면,규칙,106,연소실 외부 표면은 정상 작업중인 사람이 주위온도보다 20℃ 높은 열에 노출되지 않도록 하고 60℃를 넘는 표면온도에 대해서는 사람이 직접 접촉되지 않도록 보호되어야 한다. 라) 운전통제요건,Y(후보),pending
TITM-000472,TOBL-00081,UNIT-0349656,a901/p2/n10/mda/s0-6~4,소각기,규칙,113,소각기는 연소도중 점화실패 및 불꽃소실이 될 경우 소각기를 정지시킬 수 있는 감지기를 가진 불꽃감시장치가 설치되어야 하며 이 불꽃감시제어장치에 고장이 있는 경우 즉시 소각기를 정지하도록 설계되어야 한다.,Y(후보),pending
TITM-000473,TOBL-00082,UNIT-0349656,a901/p2/n10/mda/s0-7,소각기의 연소실,규칙,118,"소각기의 연소실은 대기압보다 낮은 압력(이하 “부압”이라 한다)이 유지되어 연소실의 가스 또는 연기가 연소실 밖으로 새어 나오지 않아야 하며, 연소실 내의 부압을 유지하기 위하여 연소가스팬 등을 설치할 수 있다.",모름,pending
TITM-000474,TOBL-00082,UNIT-0349656,a901/p2/n10/mda/s0-7~2,모든 전기식 및 기계식 제어장치,규칙,47,모든 전기식 및 기계식 제어장치는 한국공업규격 또는 이와 같은 규격에 적합해야 한다.,모름,pending
TITM-000475,TOBL-00082,UNIT-0349656,a901/p2/n10/mda/s0-7~3,불꽃감시제어장치,규칙,57,불꽃감시제어장치는 소각기의 연소실에 불꽃이 소실된 경우 4초 이내에 연료밸브를 차단할 수 있어야 한다.,모름,pending
TITM-000476,TOBL-00083,UNIT-0349656,a901/p2/n10/mda/s0-8,어느 경우에 있어서도 화재위험,규칙,78,어느 경우에 있어서도 화재위험을 방지해야 하며 운전자에게 위험을 주지 않고 소각기에 고체 쓰레기를 수동 또는 자동으로 공급이 가능해야 한다.,모름,pending
TITM-000477,TOBL-00083,UNIT-0349656,a901/p2/n10/mda/s0-8~2,공급도선보다 작은 상호연결 가설용도선에,규칙,75,공급도선보다 작은 상호연결 가설용도선에는 모든 콘트롤박스 외부의 가장 작은 상호연결 도선의 크기에 따라 과전류보호장치를 설치해야 한다.,모름,pending
TITM-000478,TOBL-00083,UNIT-0349656,a901/p2/n10/mda/s0-8~3,불꽃제어장치의 점화시도기간,규칙,79,불꽃제어장치의 점화시도기간은 10초 이내로 해야 하며 10초 이내에 불꽃이 점화되지 않으면 버너의 연로공급은 즉시 자동적으로 중단되어야 한다.,모름,pending
TITM-000479,TOBL-00084,UNIT-0349656,a901/p2/n10/mda/s0-9,쓰레기 투입구,규칙,77,쓰레기 투입구를 통하여 수동으로 고체쓰레기를 공급하는 경우 투입구가 열려 있는 동안에는 연소실을 차단시키는 공급차단장치가 설치되어야 한다.,모름,pending
TITM-000480,TOBL-00084,UNIT-0349656,a901/p2/n10/mda/s0-9~2,모든 전기모터,규칙,70,모든 전기모터는 IEC 60529(2013-08 발행 및 개정판)의 요건에 따라 IP44의 환경요건에 맞는 폐위형이어야 한다.,모름,pending
TITM-000481,TOBL-00084,UNIT-0349656,a901/p2/n10/mda/s0-9~3,불꽃감시제어장치,규칙,108,"불꽃감시제어장치는 점화실패, 불꽃소실, 부품의 고장이 있는 경우에는 오직 한 번의 자동 재점화시도가 있어야 하며, 이때 자동점화가 되지 않을 경우에는 불꽃감시제어장치는 수동으로 복귀되어야 한다.",모름,pending
TITM-000482,TOBL-00085,UNIT-0349656,a901/p2/n10/mda/s0-10,공급차단장치가 설치되어 있지 않은 경우에,규칙,69,공급차단장치가 설치되어 있지 않은 경우에는 쓰레기 투입구와 재제거문이 열리는 것을 방지하기 위한 안전장치가 설치되어야 한다.,모름,pending
TITM-000483,TOBL-00085,UNIT-0349656,a901/p2/n10/mda/s0-10~2,모터에,규칙,69,모터에는 IEC 60092-301(1980-01 발행 및 개정판)의 요건에 따른 사항을 기술한 내식성 명판을 부착해야 한다.,모름,pending
TITM-000484,TOBL-00086,UNIT-0349656,a901/p2/n10/mda/s0-11,연소상태,규칙,78,"연소상태와 연소실 내부를 육안으로 감시할 수 있는 관찰구를 설치하고 이 관찰구를 통하여 열, 불꽃 및 미립자등이 누설되지 않도록 해야 한다.",모름,pending
TITM-000485,TOBL-00086,UNIT-0349656,a901/p2/n10/mda/s0-11~2,모터에,규칙,79,"모터에는 IEC 60092-202(1994-03 발행 및 개정판)의 요건에 따라 열보호장치, 과부하장치 등의 운전자 보호장치를 설치해야 한다.",모름,pending
TITM-000486,TOBL-00086,UNIT-0349656,a901/p2/n10/mda/s0-11~3,침전물(슬러지),규칙,73,침전물(슬러지)을 연료유로 사용하는 소각기는 연료유 압력이 제조자가 규정한 압력 이하로 떨어진 경우에는 제어회로로 통제되어야 한다.,모름,pending
TITM-000487,TOBL-00087,UNIT-0349656,a901/p2/n10/mda/s0-12,소각기,규칙,61,"소각기는 이 기준의 요건에 충족함을 보증하는 방식으로 설계되고, 제작되고 시험되어야 한다. 나) 전기장치 요건",모름,pending
TITM-000488,TOBL-00087,UNIT-0349656,a901/p2/n10/mda/s0-12~2,모터,규칙,44,모터는 연속운전이 가능해야 하며 주위온도 45℃ 이상에서 운전이 가능해야 한다.,모름,pending
TITM-000489,TOBL-00087,UNIT-0349656,a901/p2/n10/mda/s0-12~3,소각기 작동 중단,생성,48,소각기의 제어회로 및 경보장치 계통에 전원이 끊어지면 소각기는 작동이 중단되어야 한다.,모름,pending
TITM-000490,TOBL-00088,UNIT-0349656,a901/p2/n10/mda/s0-13,모터고정틀,규칙,71,모터고정틀과 일체형이거나 모터프레임에 고정된 모터의 터미널박스에는 터미널 인입선(引入線) 또는 터미널 나사못이 구비되어야 한다.,모름,pending
TITM-000491,TOBL-00088,UNIT-0349656,a901/p2/n10/mda/s0-13~2,단독버너의 연료유 공급관에,규칙,155,"단독버너의 연료유 공급관에는 2개의 솔레노이드 밸브를 직렬로 설치해야 하며, 버너가 여러개 설치되는 경우에는 주연료 공급관에 1개의 솔레노이드 밸브와 각 버너에 1개의 솔레노이드 밸브를 설치해야 한다. 다만, 이러한 밸브들은 동시에 작동하도록 전기적으로 병렬로 연결되어야 한다.",모름,pending
TITM-000492,TOBL-00089,UNIT-0349656,a901/p2/n10/mda/s0-14,자동전기 점화장치가 설치된 소각기의 점화방식,규칙,74,"자동전기 점화장치가 설치된 소각기의 점화방식은 고압전기스파크방식, 고에너지 전기스파크방식 또는 적열 코일방식 중에서 채택되어야 한다.",모름,pending
TITM-000493,TOBL-00089,UNIT-0349656,a901/p2/n10/mda/s0-14~2,소각기의 가청 경보기,규칙,104,소각기의 가청 경보기는 소각기가 위치한 구역의 경보장치 또는 중앙경보장치에 연결할 수 있도록 외부인출단자가 설치되어야 하며 고장이 발생한 경우 가시 경보기에는 고장부위가 표시되어야 한다.,모름,pending
TITM-000494,TOBL-00090,UNIT-0349656,a901/p2/n10/mda/s0-15,점화용 변압기,규칙,71,점화용 변압기는 IEC 60529(2013-08 발행 및 개정판)의 요건에 따라 IP44의 환경요건에 적합한 폐위형이어야 한다.,모름,pending
TITM-000495,TOBL-00090,UNIT-0349656,a901/p2/n10/mda/s0-15~2,안전,규칙,62,안전과 관련된 이상발생으로 인해 장비가 정지된 경우 가시 경보기는 수동 재설정을 할 수 있도록 설계되어야 한다.,모름,pending
TITM-000496,TOBL-00091,UNIT-0349656,a901/p2/n10/mda/s0-16,점화용 전선,규칙,53,점화용 전선은 IEC 60092-503(2007-06 발행 및 개정판)의 요건에 적합해야 한다.,모름,pending
TITM-000497,TOBL-00091,UNIT-0349656,a901/p2/n10/mda/s0-16~2,버너에 연료공급이 중단된 경우에,규칙,69,버너에 연료공급이 중단된 경우에는 연소실이 충분히 냉각되도록 배기가스팬 또는 이젝터 등의 장치는 계속 작동되도록 해야 한다.,모름,pending
TITM-000498,TOBL-00092,UNIT-0349656,a901/p2/n10/mda/s0-17,소각기의 모든 전선,규칙,57,소각기의 모든 전선은 IEC 60092-352(2005-09 발행 및 개정판)의 요건에 적합해야 한다.,모름,pending
TITM-000499,TOBL-00092,UNIT-0349656,a901/p2/n10/mda/s0-17~2,열회수기,규칙,49,열회수기와 결합된 소각기는 급수 부족 시 보고 들을 수 있는 경보장치가 설치되어야 한다.,모름,pending
TITM-000500,TOBL-00093,UNIT-0349656,a901/p2/n10/mda/s0-18,소각기의 주요금속 프레임,규칙,51,소각기의 주요금속 프레임과 소각기 전체를 접지시키는 접지장치를 설치해야 한다. 다) 설계요건,모름,pending
TITM-000501,TOBL-00094,UNIT-0375007,a901/n3/s0-2-2-2,헹굼보조제에 사용하,규칙,48,헹굼보조제에 사용하는 성분은 [별표 2]에서 규정한 사용농도를 초과하여서는 아니 된다.,모름,pending
TITM-000502,TOBL-00094,UNIT-0375007,a901/n3/s0-2-2-3,헹굼보조제 성분 사용 검토,생성,105,[별표 2]에 기재되지 않은 성분을 헹굼보조제 성분으로 사용하고자 하는 경우에는 국외에서 사용하고 있는 근거서류나 관련 문헌 등을 식품의약품안전처장에 제출하여 검토 받아야 한다. 4) 규격,모름,pending
TITM-000503,TOBL-00094,UNIT-0375007,a901/n3/s0-2-3-3,제조기준 제조·가공에 사용되,규칙,89,제조기준 제조·가공에 사용되는 재질 및 제조방법은 「식품위생법」에 따른 「기구 및 용기·포장의 기준 및 규격」(식품의약품안전처 고시) 에 따라 제조하여야 한다.,모름,pending
TITM-000504,TOBL-00095,UNIT-0375036,a901/p8/s0-8-40-1~2,성상,규칙,157,"성상 : 육안 및 촉각 검사할 때 흠이나 오염이 없고 날카로운 부분, 거친 표면 등이 없어야 한다. * 육안으로 확인 할 때 의도적으로 사용할 용도로 제조된 날카롭거나 거친 부분(이쑤시개용 등)이 포함된 치실(손잡이형 포함)인 경우는 성상의 날카로운 부분, 거친 표면에서 제외한다.",모름,pending
TITM-000505,TOBL-00095,UNIT-0375036,a901/p8/s0-8-40-2,강도,규칙,62,강도 : 시료 10 개 중 8 개 이상이 다음 기준에 적합하여야 한다(치실이 손잡이 등에 고정된 제품에 한함).,모름,pending
TITM-000506,TOBL-00095,UNIT-0375036,a901/p8/s0-8-40-1~4,성상,규칙,129,"성상 : 육안 및 촉각 검사할 때 흠이나 오염이 없고 날카로운 부분, 거친 표면 등이 없어야 하며, 모의 빠짐·부서짐이 없어야 한다. * 육안으로 모의 빠짐을 확인 할 때 모가 없는 설태제거기는 성상의 모의 빠짐·부서집은 제외한다.",모름,pending
TITM-000507,TOBL-00096,UNIT-0375036,a901/p8/s0-1,하중 방향,규칙,67,하중 방향으로 10 mm 이상의 하중점 변위가 없이 10 N의 하중을 10 초 동안 견딜 수 있어야 한다(인장 시험은 ‘,모름,pending
TITM-000508,TOBL-00097,UNIT-0375036,a901/p8/s0-2~2,또한,규칙,129,"또한, 10 N의 하중에 의해 치실의 절단이나 손잡이의 파손, 손잡이로부터 치실의 뽑힘이 없어야 한다. * 10 N 하중 이외, 시료 고정 중에 가해지는 힘으로 시료의 절단 또는 파손은 제외한다. (3) 유해원소 용출 (mg/kg)",모름,pending
TITM-000509,TOBL-00098,UNIT-0375046,a901/p10/n1/mna/s0,수성추출액 측정법,생성,1433,"나. 수성추출액 측정법 1) 장치 (1) pH 측정기 (2) 기계적 진탕기 2) 기구 (1) 마개 달린 유리 또는 폴리프로필렌 플라스크 수성 추출을 하기 위하여 사용되며 내화학성이 있는 것이어야 한다. 유리제품은 오직 이 용도를 위해서만 사용하며, 시험과 시험 사이에는 증류수를 채워 놓을 것을 권장한다. 3) 시약 및 시액 (1) 증류수 또는 탈이온수 pH 5.0∼7.5 이어야 한다. 규정된 범위 안에 들어오지 않는 경우 내화학성이 있는 유리제품을 사용하여 다시 증류한다. 산 또는 유기물은 1 g/L의 과망간산칼륨과 4 g/L의 수산화나트륨을 이용하여 증류수에서 제거할 수 있다. 알칼리성은 묽은 황산 용액을 이용하여 증류수에서 제거할 수 있다. (2) 염화칼륨용액 증류수 또는 탈이온수를 이용한 0.1 mol/L 용액 4) 시료의 준비 (1) 섬유의 안감부위를 시료로 하고 흡수층이 있는 경우 흡수층을 제거한다. (2) 섬유 재료를 대표할 수 있고 필요한 모든 시료량을 제공하기에 충분한 양을 채취한다. 시료 각각의 크기가 대략 5 ㎜ 정도의 조각들로 자르거나 또는 시료가 빨리 젖을 수 있도록 시료를 조각낸다. (3) 오염을 피하기 위해 손으로 재료를 만지지 않도록 하며, 시험용 시료는 각각 2.00±0.05 g씩 3개의 시료를 취한다. 5) 시험용액의 조제 각각의 시료에 100 mL의 추출용액(물 또는 염화칼륨 용액)을 마개가 달린 플라스크에 넣고 시료가 적당히 적셔지도록 손으로 짧은 시간 동안 플라스크를 흔들어 준 후 2시간 ± 5분 동안 기계로 진탕하여 추출하여 시험용액으로 한다. 6) 시험조작 (1) 첫 번째 추출액을 비이커에 옮긴 후 즉시 10 ㎜ 이상의 깊이로 전극을 담그고 pH 표시 값이 안정화될 때까지 막대로 천천히 젓는다.(이 용액의 pH 값은 기록하지 않는다) (2) 두 번째 추출액을 다른 비이커로 옮긴 후 전극을 수세하지 않은 상태로 즉시 10 ㎜ 이상의 깊이로 비이커에 전극을 담그고 pH 값이 안정화될 때까지 젓지 않고 세워둔 후 pH 값을 측정한다. (3) 세 번째 추출액을 다른 비이커로 옮긴 후 전극을 수세하지 않은 상태로 즉시 10 ㎜ 이상의 깊이로 비이커에 전극을 담그고 pH 값이 안정화될 때까지 젓지 않고 세워둔 후 pH 값을 측정한다. (4) 두 개의 pH 값 사이에 차이가 0.2보다 적은 경우 평균치로 계산하며, 0.2보다 크다면 다른 시료를 사용하여 시험절차를 반복한다. 2. 메탄",모름,pending
TITM-000510,TOBL-00099,UNIT-0375048,a901/p10/n4/mna/s0,포름알데히드 제2법,생성,746,"나. 제2법 1) 장치 분광광도계 2) 시약 및 시액 (1) 아세틸아세톤시액 암모늄아세테이트 150 g을 800 mL의 증류수에 넣어 녹인 후 3 mL의 아세트산과 2 mL의 아세틸아세톤을 넣고 증류수를 첨가하여 1,000 mL이 되도록 맞춘 것을 아세틸아세톤시액으로 하며, 제조 후 갈색병에 보관한다. * 처음 조제 후 12시간 방치하면 그 색이 약간 진해지므로 사용하기 12시간 이전에 미리 조제하여야 하며, 조제 후 6주까지는 사용 가능하다. (2) 디메돈에탄올용액 디메돈(dimethyl-dihydro resrcinol 또는 5,5-dimethyl-cyclohexanedione) 1 g을 에탄올에 녹인 후 용액을 에탄올로 희석시켜 100 mL를 만든다. 사용 직전에 제조한다. (3) 포름알데히드 용액 농도 약 37%(w/v 또는 w/w) 3) 표준용액 (1) 표준원액 포름알데히드 용액을 증류수로 희석하여 1,500 mg/L 농도의 용액을 표준원액으로 하며 4주간 보관한다. (2) 표준용액 표준원액(1.5 mg/mL) 10 mL를 취하여 200 mL 메스플라스크에 넣은 다음 증류수를 가하여 200 mL로 한 액을 표준용액으로 한다. 이 용액은 75 mg/L의 포름알데히드를 포함한다. (3) 검량 곡선용 표준용액의 준비 표준용액을 500 mL 메스플라스크로 옮겨 증류수로 희석하여 다음과 같은 방법으로 최소 5개의 검량 곡선용 표준용액을 준비한다. 가) 표준용액 1 mL를 희석하여 500 mL로 하면 포름알데히드 농도",모름,pending
TITM-000511,TOBL-00100,UNIT-0375048,a901/p10/n4/mna/s0-2-5-3,시료가,규칙,142,시료가 500 mg/kg보다 높은 포름알데히드 추출값이 나올 것으로 예측되거나 5 : 5 비율을 사용하여 계산한 값이 500 mg/kg보다 높을 경우에는 흡광도가 검정 곡선의 범위 내에 들어오도록 희석해야 한다.(결과 계산할 때 희석비를 고려하여야 한다),모름,pending
TITM-000512,TOBL-00100,UNIT-0375048,a901/p10/n4/mna/s0-2-5-5,적어도,규칙,249,"적어도 2개의 평행 시험을 한다. 다만, 일회용 면봉은 평행시험을 생략할 수 있다. * 발색된 노란색은 일광에 잠시동안 직접 노출되면 색이 변화한다. 이러한 경우 시험관의 흡광도를 측정하는 시간이 지연되므로 강한 일광이 비치는 장소이면 시험관들을 포름알데히드가 포함되지 않은 재료로 된 덮개를 씌우는 방법 등을 사용하여 주의를 기울여야 한다. 이렇게 하면 일정 시간(하룻밤 정도)동안 색상의 변화가 없으므로 필요시 흡광도 측정이 지연되어도 된다.",모름,pending
TITM-000513,TOBL-00101,UNIT-0375049,a901/p10/n4/mda/s0,제3법 비색법,생성,1657,"다. 제3법 1) 비색법 (1) 장치 네슬레관 (2) 표준용액 크롬산칼륨 218.1 mg을 정확하게 달아 물을 넣어 녹여 정확하게 1 L로 하고 이 액 10 mL를 정확하게 취하여 물을 넣어 정확하게 100 mL로 하여 이것을 비교액으로 한다 (3) 시험조작 시료 1개를 취하여 그 질량을 정확하게 달고 이것을 가늘게 잘라 1 L 마개달린 플라스크에 넣고 검체질량의 40배량의 물을 정확하게 넣은 다음 마개를 하고 40 ℃ 수욕중에서 때때로 흔들어 섞으면서 1시간 추출한다. 다음에 이 액을 유리여과기(G4)를 써서 따뜻할 때 여과하여 이것을 시험용액으로 한다.  시험용액 10 mL를 정확하게 취하여 네슬레관에 넣고 아세틸아세톤시액 10 mL를 넣어 흔들어 섞고 40 ℃ 수욕중에서 30분간 가온하여 급냉한다. 따로 비교액 20 mL를 네슬러관에 넣고 두관을 흰색의 배경을 써서 위에서 관찰하여 액의 색을 비교할 때 시험용액에서 나타나는 색은 비교액에서 나타나는 색보다 진하지 않다. 다만, 고분자쉬트(또는 고분자흡수제)를 함유한 제품에 대해서는 검체질량의 60배량의 새로 끓여 식힌 물을 사용하여 시험용액을 만들고 시험용액은 15 mL를 정확하게 취하여 네슬러관에 넣고 아세틸아세톤시액 5 mL를 넣는다. 2) 액체크로마토그래프법 (1) 장치 액체크로마토그래프 (2) 시험조작 가) 상기 1) 비색법에서 얻은 시험용액 및 표준용액  5 mL씩을 정확하게 취하여 마개달린 시험관에 넣고 각각에 아세틸아세톤시액 5.0 mL를 넣어 흔들어 섞은 다음 40 ℃ 수욕중에서 30분간 가온하고 30분간 방치한다. 이 액들을 가지고 다음의 조건으로 액체크로마토그래프법에 따라 시험할 때 시험용액 중의 포름알데히드-아세틸아세톤 반응생성물의 피크면적은 표준용액의 포름알데히드-아세틸아세톤 반응생성물의 피크면적보다 크지 않아야 한다. 다만, 고분자쉬트(또는 고분자흡수제)를 함유한 제품에 대해서는 포름알데히드 표준용액 10 mL를 정확하게 취하여 물을 넣어 15.0 mL로 한 액을 표준용액으로 한다. 나) 액체크로마토그래프 측정조건 - 검출기 : 자외부흡광광도계(측정파장 415 nm) - 컬럼 : 안지름 약 4.6 mm, 길이 약 15 cm인 스테인레스강관에 5 μm의 액체크로마토그래프용 옥타데실실릴화한실리카겔을 충전한 것 또는 이와 동등한 것 - 컬럼온도 : 35 ℃ - 이동상 : 아세토니트릴ㆍ물(20 : 80) 혼합액 - 유속 : 1.0 mL/분 ",모름,pending
TITM-000514,TOBL-00102,UNIT-0375059,a901/p10/n13/s0-1-0,μL 아) 주입모드,규칙,476,"μL 아) 주입모드 : Splitless * 라이너 : Split/Splitless liner (ID: 4 mm, single tap with glass wool) 자) 질량분석기(MS) 조건 - 용매지연 : 1.0분 - MS Quad : 150 ℃ (최대 200 ℃) - MS Source : 230 ℃ (최대 250 ℃) - 모드 : SCAN/SIM 모드 - 스캔범위 : 35～320 amu - 샘플링 레이트 : 2 - 스레시 홀드 : 100 7) 계산 시료의 오염화석탄산(PCP) 함유량은 아세틸 유도체화 과정을 통해 생성된 시료의 PCP-아세테이트 피크 면적과 여러 농도의 작업 표준용액의 PCP-아세테이트 피크 면적의 외부 검량곡선에 의해 계산되며, 계산식은 다음과 같다. * 시료의 TCG-아세테이트 피크 면적은 작업 표준용액의 TCG-아세테이트 피크 평균 면적 대비 최소 70% 이상이어야 하며, 70% 미만일 경우 다시 시험하여야 한다.",모름,pending
TITM-000515,TOBL-00103,UNIT-0375060,a901/p10/n14/s0-1-0~2,μL 아) 주입모드,규칙,484,"μL 아) 주입모드 : Splitless * 라이너 : Split/Splitless liner (ID: 4 mm, single tap with glass wool) 자) 질량분석기(MS) 조건 - 용매지연 : 1.0분 - MS Quad : 150 ℃ (최대 200 ℃) - MS Source : 230 ℃ (최대 250 ℃) - 어케지션 모드 : SCAN/SIM 모드 - 스캔범위 : 35～320 amu - 샘플링 레이트 : 2 - 스레시 홀드 : 100 7) 계산 시료의 사염화석탄산(TeCP) 함유량은 아세틸 유도체화 과정을 통해 생성된 시료의 TeCP-아세테이트 피크 면적과 여러 농도의 작업 표준용액의 TeCP-아세테이트 피크 면적의 외부 검량곡선에 의해 계산되며, 계산식은 다음과 같다. * 시료의 TCG-아세테이트 피크 면적은 작업 표준용액의 TCG-아세테이트 피크 평균 면적 대비 최소 70% 이상이어야 하며, 70% 미만일 경우 다시 시험하여야 한다.",모름,pending
TITM-000516,TOBL-00104,UNIT-0375062,a901/p10/n15/mga/s0-0-8-2,t-부틸메틸에테르로 mL 당,규칙,104,"t-부틸메틸에테르로 mL 당 15 μg의 농도가 되도록 희석한 것을 내부표준용액으로 사용한다. GC-MS 분석의 경우 ‘5), (4) 중 나)’의 내부표준용액 중 하나를 사용하여야 한다.",모름,pending
TITM-000517,TOBL-00104,UNIT-0375062,a901/p10/n15/mga/s0-0-8-7-5,아민 검출,규칙,114,아민 검출과 정량 제시된 크로마토그래프를 이용하여 아민을 검출하며 정량을 확인하기 위하여 세 점의 검량곡선을 작성해야 한다. * 만약 확인된 아민들이 이성질체를 가진다면 정확한 확인을 위해 주의해야 한다.,모름,pending
TITM-000518,TOBL-00105,UNIT-0375062,a901/p10/n15/mga/s0-10-0-1,다양한 색상,규칙,99,"다양한 색상을 가진 원단의 경우, 가능한 색상별로 분리해서 시험해야 한다. 다양한 직물 특성으로 구성된 제품, 다양한 특성의 시편(섬유와 색상에 관해)은 분리해서 분석해야 한다.",모름,pending
TITM-000519,TOBL-00105,UNIT-0375062,a901/p10/n15/mga/s0-10-0-4,4-아미노아조벤젠 분리와 농축,생성,313,4-아미노아조벤젠의 분리와 농축 5 mL t-부틸메틸에테르 또는 5 mL 내부표준용액을 반응용액에 첨가한다. 그 후 7 g의 염화나트륨을 첨가하고 혼합액을 45분 동안 수평방향으로 일정하게 f=5s-1 의 빈도로 진탕한다. * 냉각과 진탕 사이의 지연 시간은 5분을 초과해서는 안된다. 진탕 후의 완전한 상 분리를 위해 혼합물을 원심분리 하는 것을 추천한다. 이후 분석을 위해 t-부틸메틸에테르층의 일부를 적합한 바이알에 옮기고 즉시 밀폐한다. 4-아미노아조벤젠의 검출 및 정량은 크로마토그래피법을 사용하여 수행한다. * 다음 분석을 위해서는 용매를 변경하거나,모름,pending
TITM-000520,TOBL-00105,UNIT-0375062,a901/p10/n15/mga/s0-10-0-3~2,환원 분해로부터 추출물,규칙,403,환원 분해로부터 추출물을 농축하고 이를 적절한 다른 용매(메탄올 등)로 전환시킬 필요가 있다. 만약 제시된 조건에 맞지 않게 용매를 제거할 경우 상당한 4-아미노아조벤젠의 손실을 일으킬 수 있다. t-부틸메틸에테르 추출액을 감압증발농축기에서 약한 진공으로 50 ℃ 미만에서 약 1 mL(건조주의)까지 농축한다. 그 다음 진공 없이 약한 유량의 비활성 기체로 매우 조심히 잔류 용매를 제거한다. 분석절차의 과정에 매질효과로 인해 분석물의 심각한 손실이 발생할 수 있다면 가능한 한 용매를 바꾸는 것은 피한다. 24시간 이내에 분석을 완료할 수 없다면 －18 ℃ 미만의 온도로 보관되어야 한다. * 매질로 인해 4-아미노아조벤젠은 매우 낮은 안정성을 나타내므로 작업 중 지연이 발생할 경우 분석에 큰 손실을 가져올 수 있다.,모름,pending
TITM-000521,TOBL-00105,UNIT-0375062,a901/p10/n15/mga/s0-10-0-3~3,환원 분해에 따라 처리한다,규칙,126,환원 분해에 따라 처리한다. 4-아미노아조벤젠의 회수율은 최소 60% 이상이어야 한다. 나) 염료를 추출하는 시료 준비 절차를 확인하기 위해 4-아미노아조벤젠 검정용액 100 μL를 메탄올 6.9 mL에 첨가한다. 이 혼합액은,모름,pending
TITM-000522,TOBL-00105,UNIT-0375062,a901/p10/n15/mga/s0-10-0-3~4,환원 분해에 따라 처리한다,규칙,56,환원 분해에 따라 처리한다. 4-아미노아조벤젠의 회수율은 최소 60% 이상이어야 한다. 8) 시험조작,모름,pending
TITM-000523,TOBL-00106,UNIT-0375064,a901/p4/n17/s0,17. 납,생성,843,"17. 납 1) 장치 (1) 원자흡광광도기(AAS) (2) 유도결합플라즈마 분광분석기(ICP-OES) (3) 유도결합플라즈마 질량분석기(ICP-MS) 2) 기구 (1) 마이크로파 분해 시스템 시료용기와 고압 TFM(tetrafluoromethaxil)이나 PFA(perfluoro-alkoxyfluorocarbon) 또는 다른 불화탄소물질로 이루어진 용기를 사용 3) 시약 및 시액 (1) 황산 (2) 질산 (3) 염산 (4) 과산화수소 (5) 플루오르화 수소산 (6) 붕산 4) 표준용액 (1) 납 표준용액 1,000 mg/L (2) 내부표준용액 분석대상원소와 방해되지 않는 내부표준물질을 사용하고, 적은 양의 내부표준원소를 사용한다. 내부표준원소로는 Sc, In, Tb, Lu, Re, Rh, Bi, Y등이 대표적으로 사용된다. ICP-OES의 경우에는 Sc, Y가 추천되고, 농도는 반드시 1,000 mg/kg 이하이어야 한다. (3) 검량선용 표준용액 납 표준용액을 0～100 μg을 단계적으로 취해 100 mL 부피 플라스크에 옮겨 넣는다. 내부표준물 첨가방법으로 측정 할 경우에는 시료용액의 산농도와 내부표준물 검량선 용액의 산 농도를 동일한 조건으로 만들어 준다. 5) 시료의 준비 시료 분해방법 선택에 따라 적당한 시료량의 범위는 가장 많은 양으로 시작하는 것이 좋다. 시료채취에 있어 산분해법은 절단, 분쇄된 시료 400 mg을 0.1 mg까지 정확하게 달아 취하고, 건식 회화법 또는 밀폐된 용기에 의한 산분해법은 시료를 분쇄하거나, 깎거나, 잘라서 200 mg을 0.1 mg까지 정확히 달아 취한다. 6) 시험용액의 조제 (1) 건식 회화법 가) 할로겐 원소를 포함하지 않는 시료의 경우",모름,pending
TITM-000524,TOBL-00107,UNIT-0375064,a901/p4/n17/s0-6-2,산분해법 가) 일반적인 분해 방법 시료 약,규칙,1161,"산분해법 가) 일반적인 분해 방법 시료 약 1～2 g을 0.1 mg까지 무게를 달아 코니컬 비커에 넣는다. 시료에 황산 약 10 mL를 가하고 시계접시를 덮은 다음 가열판에서 서서히 가열하여 시료를 분해시킨 후, 조심스럽게 질산을 소량씩 추가하면서 가열하여 액의 색이 갈색을 나타낼 때 가열을 중단하고 식힌 뒤에 과염소산* 2 mL와 질산 5 mL를 주의하면서 가하고 가열한다. 반응의 정도에 따라 가열의 세기를 조절하여 액의 색이 무색이 될 때까지 질산 소량을 가하고, 황산의 흰 연기가 발생하면 가열을 중지하고 냉각시킨다. 비커 안벽을 물로 세척하고 서서히 가열하여 황산을 증발 건고시킨다. 냉각시킨 후에 염산 10 mL를 가하고 시계접시를 덮은 후에 증발 건고시킨다. 다시 염산 10 mL를 가하고 가열시킨 후에 아이오딘화 수소산 2 mL를 첨가한 후 서서히 가열하여 용액이 10 mL가 되도록 농축한다. 냉각시키고 물 50 mL와 질산 2～3 mL를 가하고 서서히 가열하여 과잉의 아이오딘화 수소산을 휘발시킨다. 이 투명 용액을 50 mL 부피 플라스크에 옮기고 물로 눈금까지 희석한 후 흔들어 섞고 시험용액으로 한다. * 과염소산을 넣고 가열할 경우에는 가열 온도가 200℃ 이상 되거나 또는 다량의 유기물이 분해되기 전에 증발 건고되면 폭발을 일으킬 수 있으므로 각별히 주의하여야 한다. 나) 실리카를 함유한 고무의 분해 방법 시료 약 1 g을 달아 테프론 비커에 넣고 황산 약 5 mL를 가해서 가열하여 분해시키고 황산의 흰 연기가 약간 나올 정도의 온도로 서서히 가열, 탄화시킨다. 질산 5 mL, 플루오르화 수소산 3 mL를 조심스럽게 가하기 시작하여 시료의 1차 분해를 마무리하고 증발 건고시킨다. 이 조작을 2～3회 반복해서 행한 뒤, 질산 5 mL, 과염소산 3 mL를 주의하면서 가하고 반응 정도에 따라 가열 온도를 조절하여 가열 용해시킨 후 질산을 소량씩 가하여 액이 거의 무색이 될 때까지 반복한다. 이 용액을 증발 건고시키고 염산 10 mL를 가한 다음 시계접시를 덮은 후에 증발 건고시킨다. 다시 염산 10 mL를 가하고 가열시킨 후에 물 50 mL와 질산 2～3 mL를 가하고 서서히 가열하여 과잉의 아이오딘화 수소산을 휘발시킨 후, 이 투명 용액을 50 mL 부피 플라스크에 옮기고 물로 눈금까지 희석한 후 흔들어 섞고 시험 용액으로 한다.",모름,pending
TITM-000525,TOBL-00107,UNIT-0375064,a901/p4/n17/s0-6-3,마이크로파 분해 방법 가) 일반적인 분해 방법 시료,규칙,1169,"마이크로파 분해 방법 가) 일반적인 분해 방법 시료를 달아 마이크로파 분해 용기에 옮겨 넣고, 질산 5 mL와 과산화수소 0.1～1.0 mL를 넣는다. 시료와 산류의 반응이 끝나고 안정되었을 때 용기를 마개로 막고, 마이크로파 분해 장치를 조립한 후, 미리 제시된 분해 프로그램에 따라 마이크로파 오븐을 조작하여 시료를 용해시킨다. 용기를 식힌 후 용액을 50 mL 부피 플라스크에 옮겨 넣고 눈금까지 물로 묽힌다. 시료용액은 각 측정기기의 농도 수준에 적합하게 물로 희석한다. 내부표준물질을 사용할 경우, 플라스크의 눈금까지 묽히기 전에 ICP-OES경우 500 μL를 넣어주고, ICP-MS를 사용 할 경우는 1 : 1,000으로 묽혀 내부표준물질을 각각 넣는다. 나) 상기 가)의 방법으로 분해되지 않거나 시료에 실리카 또는 티타늄이 함유되어 있는 제품의 분해 방법 시료를 달아 마이크로파 분해 용기로 옮겨 넣고, 질산 5 mL, 플루오르화 수소 1 mL 및 과산화수소 0.1～1.0 mL를 넣는다. 용기를 마개로 막고, 마이크로파 분해 장치를 조립한 후, 미리 제시된 분해 프로그램에 따라 마이크로파 오븐을 조작하여 시료를 용해시킨다. 용기를 식힌 후 용액을 50 mL 저밀도 폴리에틸렌(low density polyethylene, LDPE) 또는 PFA 부피 플라스크로 옮겨 넣고 눈금까지 물로 묽힌다. 석영 플라즈마  토치(만일 산에 견디는 시료도입장치가 없다면)를 보호하기 위하여 플루오르화 착물을 형성하도록 붕산을 넣는다. 시료용액은 각 측정기기의 농도 수준에 적합하게 물로 희석한다. 내부표준물질을 사용할 경우, 플라스크의 눈금까지 묽히기 전에 ICP-OES 경우 500 μL를 넣어주고, ICP-MS를 사용 할 경우는 1 : 1,000으로 묽혀 내부표준용액을 각각 넣는다. * 비고; 과산화수소는 시료의 반응물질을 알 때 첨가한다. 쉽게 산화되는 물질과는 빠르고 격렬하게 반응하므로 쉽게 산화되는 물질이 많이 존재할 경우, 첨가하지 말아야 한다. 다) 상기 가) 및 나)에 따른 시험 용액에 잔류물이 남아 있을 경우에는 원심분리하거나 걸러서 분리한다. 그리고 잔류물에 납의 함유 존재를 확인하기 위하여 적절한 측정방법을 이용하여 확인해야 한다. * 시료를 제외하고 사용된 모든 시약을 사용하여 시료용액 조제 방법에 따라 동일한 방법으로 조작하여 공시험 용액을 조제한다.",모름,pending
TITM-000526,TOBL-00107,UNIT-0375064,a901/p4/n17/s0-6-4,용매추출법(일회용 타월),규칙,314,"용매추출법(일회용 타월) 4% 초산을 침출용액으로 하여 표면적(양면의 표면적을 합하여 계산한다) 1 ㎠ 당 2 mL 비율의 침출용액에 시료를 담근 후 시계접시로 덮고 25℃를 유지하면서 10분간 방치한 액을 납, 카드뮴 시험용액으로 한다. 7) 시험조작 일반적으로 시료는 미지조성물로 되어 있다고 가정하며, 이와 같은 경우 내부표준물법(감도비교법)을 추천한다. 필요하다면 표준물 첨가법을 사용할 수도 있다. 간섭원소가 없거나 시료의 조성이 알려져 있으면 검량선법(매질보정법)을 사용할 수 있다. * 비고; 모든 상황에서 산은 시료의 농도에 따라 조정되어야 한다.",모름,pending
TITM-000527,TOBL-00108,UNIT-0375076,a901/p3/n23/s0,23. 유해원소 용출,생성,561,"23. 유해원소 용출 1) 장치 (1) 원자흡광광도기 (2) 유도결합플라즈마 2) 시험용액의 준비 (1) 종이 및 판지 가) 시험편 준비 종이와 판지는 표면 코팅되어 있으나 제거되지 않는다면 하나의 재료로 처리되어야 한다. 종이 또는 판지 시험편은 되도록 100 mg 이상 채취한다. 시험 재료의 재질이 균일하지 않으며 100 mg 이상의 무게를 갖는 각각 다른 재질로부터 시험편을 채취한다. 시험편 100 mg을 사용한 것으로 적당량의 원소의 양을 계산한다. 종이와 판지, 페인트, 바니시, 래커, 인쇄잉크, 접착제 또는 유사한 코팅이 되어 있으며, 코팅 부분을 구분할 필요는 없다. 이러한 경우의 시료는 코팅면을 포함하기 위하여 재질로부터 채취되어야 한다. 나) 추출 과정 시험편이 고르게 섞일 수 있도록 37±2 ℃에서 증류수의 무게가 시험편의 25배가 되도록 혼합하여 준비한다. 혼합물의 손실이 없이 적당한 크기의 추출용기에 옮긴 다음 37±2 ℃에서 농도 0.14 mol/L인 염산 수용액의 무게가 시험편의 25배가 되도록 혼합하여 준비한다. 1분 동안 흔들고 혼합물의 pH를 확인한다. pH가",모름,pending
TITM-000528,TOBL-00109,UNIT-0375076,a901/p3/n23/s0-1-5,이상이면 농도 약,규칙,745,"이상이면 농도 약 2 mol/L인 염산 수용액을 pH가 1.0～1.5로 될 때까지 흔들면서 한 방울씩 첨가한다. 혼합물은 빛을 차단하고 37±2 ℃에서 1시간 동안 흔들어 준 다음 37±2 ℃에서 1시간 동안 방치 후 용액과 시험편을 분리한다. 먼저 여과지를 이용하여 여과하고 필요하면 5,000 G 이상으로 원심분리한다. 방치 시간이 끝난 후 가능하면 빨리 분리 과정을 진행하여야 한다. 원심분리할 경우 10분 이내에 끝낸 것을 시험용액으로 한다. 추출용액을 원소 분석 전에 하루 이상 보관할 경우에는 염산 수용액을 첨가하여 보관 용액의 농도가 1 moL/L가 되도록 한다. (2) 천연섬유 및 합성섬유 가) 시험편 준비 시험편은 섬유 재질을 잘라 되도록 100 mg 이상 채취한다. 시험편은 압축되지 않은 상태에서 약 6 mm를 넘지 않아야 한다. 시험 시료의 재질이 고르지 않거나 다른 색을 가질 경우에는, 100 mg 이상의 무게를 갖는 각각 다른 재질 또는 색으로부터 시험편을 채취한다. 동일 재질 또는 동일 색의 시험편이 10～100 mg이면 주된 재질에 포함된다. 나) 추출 과정 적당한 크기의 추출용기를 사용하여 37±2 ℃에서 농도 0.07 mol/L인 염산 수용액의 무게가 준비된 시험편의 50배가 되도록 혼합하여 준비한다. 시험편의 무게가 10∼100 mg이면, 37±2 ℃에서 농도 0.07 mol/L인 염산 수용액 5.0 mL에 시험편을 혼합하여 준비한다. 1분 동안 흔들고 혼합물의 pH를 확인한다. pH가",모름,pending
TITM-000529,TOBL-00110,UNIT-0375095,a901/p3/n37/s0,37. 구강관리용품 유해원소 함유량,생성,851,"37. 구강관리용품 유해원소 함유량 1) 납 (1) 장치 가) 원자흡광광도기(AAS) 나) 유도결합플라즈마 분광분석기(ICP-OES) 다) 유도결합플라즈마 질량분석기(ICP-MS) (2) 기구 가) 마이크로파 분해 시스템 시료용기와 고압 TFM(tetrafluoromethaxil)이나 PFA(perfluoro-alkoxyfluorocarbon) 또는 다른 불화탄소물질로 이루어진 용기를 사용 (3) 시약 및 시액 가) 황산 나) 질산 다) 염산 라) 과산화수소 마) 플루오린화 수소산 바) 붕산 (4) 표준용액 가) 납 표준용액 1,000 mg/L 나) 내부표준용액 분석대상원소와 방해되지 않는 내부표준물질을 사용하고, 적은 양의 내부표준원소를 사용한다. 내부표준원소로는 Sc, In, Tb, Lu, Re, Rh, Bi, Y등이 대표적으로 사용된다. ICP-OES의 경우에는 Sc, Y가 추천되고, 농도는 반드시 1,000 mg/kg 이하이어야 한다. 다) 검량선용 표준용액 납 표준용액을 0∼100 μg을 단계적으로 취해 100 mL 부피 플라스크에 옮겨 넣는다. 내부표준물 첨가방법으로 측정 할 경우에는 시료용액의 산농도와 내부표준물 검량선 용액의 산 농도를 동일한 조건으로 만들어 준다. (5) 시료의 준비 시료 분해방법 선택에 따라 적당한 시료량의 범위는 가장 많은 양으로 시작하는 것이 좋다. 시료채취에 있어 산분해법은 절단, 분쇄된 시료 400 mg을 0.1 mg까지 정확하게 달아 취하고, 건식 회화법 또는 마이크로파 분해 방법은 시료를 분쇄하거나, 깎거나, 잘라서 200 mg을 0.1 mg까지 정확히 달아 취한다. (6) 시험용액의 조제 가) 건식 회화법 (가) 할로겐 원소를 포함하지 않는 시료의 경우",모름,pending
TITM-000530,TOBL-00111,UNIT-0375095,a901/p3/n37/s0-6-7,시험조작 일반적,규칙,1236,"시험조작 일반적으로 시료는 미지조성물로 되어 있다고 가정하며, 이와 같은 경우 내부표준물법(감도비교법)을 추천한다. 필요하다면 표준물 첨가법을 사용할 수도 있다. 간섭원소가 없거나 시료의 조성이 알려져 있으면 검량선법(매질보정법)을 사용할 수 있다. * 비고; 모든 상황에서 산은 시료의 농도에 따라 조정되어야 한다. 가) 검량선 작성 분광기는 정량을 위해 준비한다. 조제된 검량선 용액의 일부를 각각 아르곤 플라즈마 또는 공기-아세틸렌 불꽃 안으로 분무한다. 플루오린화 수소산이 함유된 시료를 측정할 경우에는 플루오린화 수소산에 견디는 시료 도입 장치를 사용한다. (가) 원자흡광광도법(AAS) 납, 카드뮴 원소의 흡광도(파장 : 납 283.3 nm, 카드뮴 228.8 nm)를 측정하여 정량한다. 검량선법(매질보정법)에서는 납 원소의 흡광도와 농도의 관계를 나타낸 곡선을 검량선으로 작성한다. 표준물 첨가법에서 표준물을 시료용액에 넣어주고, 미지농도는 영의 흡광도로 첨가곡선을 외삽하여 결정한다. 0.998보다 큰 직선계수(R2)를 가진 직선 회귀곡선은 초기검정에 사용될 수 있다. 검정 표준물질 측정 결과(즉, 표준물질, 표준용액 등)가 예상치보다 20% 이상 차이가 나면 관계있는 검정 표준물질과 모든 시료는 다시 측정한다. (나) 유도결합플라즈마 분광분석기(ICP-OES) 납, 카드뮴 원소의 방출세기를 측정하여 정량한다. 검량선법으로 납, 카드뮴 원소를 정량할 경우 납, 카드뮴 원소의 방출세기와 납, 카드뮴 농도의 관계를 검량선으로 작성한다. 내부표준물 첨가법에서는 내부표준원소의 곡선에 대한 납, 카드뮴 원소의 세기비와 농도의 관계를 검량선으로 작성한다. (다) 유도결합플라즈마 질량분석법(ICP-MS) 납, 카드뮴 원소의 질량대전하수의 비율을 측정하여 정량한다. 검량선법에서는 납, 카드뮴 원소의 질량/전하수의 비율의 세기와 납, 카드뮴 농도의 관계를 검량선으로 작성한다. 내부표준물 첨가법에서는 내부표준원소의 곡선에 대한 납, 카드뮴 원소의 세기비와 농도의 관계를 검량선으로 작성한다. 나) 시료 측정 검량선을 작성한 후, 바탕용액과 시료용액을 측정한다. 만약 시료의 농도가 검량선보다 높으면 시료용액을 검량선 범위 내로 묽혀 다시 측정한다. 측정 정밀도는 일정한 간격을 두고 표준물질, 검량선 용액 등으로 확인한다. (10개 시료마다 1회) 만약 필요할 경우 검량선을 다시 작성한다. * 비고 만약 시료용액이 검량선 범위로 ",모름,pending
TITM-000531,TOBL-00111,UNIT-0375095,a901/p3/n37/s0-6-4,표준용액 가) 카드뮴 표준용액,규칙,335,"표준용액 가) 카드뮴 표준용액 1,000 mg/L 나) 내부표준용액 분석대상원소와 방해되지 않는 내부표준물질을 사용하고, 적은 양의 내부표준원소를 사용한다. 내부표준원소로는 Sc, In, Tb, Lu, Re, Rh, Bi, Y등이 대표적으로 사용된다. ICP-OES의 경우에는 Sc, Y가 추천되고, 농도는 반드시 1,000 mg/kg 이하이어야 한다. 다) 검량선용 표준용액 카드뮴 표준 용액을 0∼100 μg을 단계적으로 취해 100 mL 부피 플라스크에 옮겨 넣는다. 내부표준물 첨가방법으로 측정 할 경우에는 시료용액의 산농도와 내부표준물 검량선 용액의 산 농도를 동일한 조건으로 만들어 준다.",모름,pending
TITM-000532,TOBL-00112,UNIT-0375097,a901/p6/n39/s0-0-1-1~2,의 니트로사민류 내부표준물질 농도가,규칙,475,"의 니트로사민류 내부표준물질 농도가 10 mg/L가 될 수 있도록 10 mg/L 중간내부표준혼합용액을 조제한다.(-18 ± 3) ℃의 어두운 곳에 보관하며 약 2주간 안정성을 가진다. (3) 인공 침액으로 조제된 1mg/L 작업내부표준혼합용액(매일조제) 가) 10 mg/L 중간내부표준혼합용액을 사용하여 1 mg/L 농도의 작업내부표준용액을 인공 침액으로 희석하여 조제한다. 이 용액의 안정성은 하루만 유지되므로 매일 조제한다. 4) 표준물질 니트로사민류는 자외선에 분해되므로 추출물 또는 표준물질이 태양광이나 형광등에 노출되지 않도록 한다. 표준물질은 알루미늄 호일로 감싸거나 갈색 바이알을 사용해야 하며, (5 ± 3) ℃의 어두운 곳에 보관한다. * 비고 ;  니트로사민류는 인체에 유해할 수 있으므로 시험실 관리기준을 잘 숙지한 시험원이 수행하도록 한다. 이러한 물질의 처리 및 취급은 해당 국가 보건 및 안전 규정을 엄격하게 준수해야 한다.",모름,pending
TITM-000533,TOBL-00112,UNIT-0375097,a901/p6/n39/s0-0-1-4,LC-MS/MS 분석,규칙,358,"LC-MS/MS 분석을 위해 인공 침액으로 조제된 검정표준용액(매일조제) 가) 0.01 mg/L ~ 1 mg/L 중간표준혼합용액을 사용 하여 0.001 mg/L ~ 0.05 mg/L 농도의 최소 5개의 검정표준용액을 인공 침액으로 희석하여 조제한다. 조제 후 각각의 검정표준용액 1 mL에 1 mg/L 작업내부표준혼합용액 0.010 mL를 넣어준다. 이 용액의 안정성은 하루만 유지되므로 매일 조제한다. * 비고 ;  니트로사민류는 자외선에 분해되므로 추출물 또는 표준물질이 태양광이나 형광등에 노출되지 않도록 한다. 표준물질은 알루미늄 호일로 감싸거나 갈색 바이알을 사용해야 하며, (5 ± 3) ℃의 어두운 곳에 보관한다. 5) 품질관리",모름,pending
TITM-000534,TOBL-00112,UNIT-0375097,a901/p6/n39/s0-0-1-1~5,검정곡선의 상관계수,규칙,31,"검정곡선의 상관계수, R2은 0.995 이상이어야 한다.",모름,pending
TITM-000535,TOBL-00112,UNIT-0375097,a901/p6/n39/s0-0-1-2~3,기기 재현성,규칙,110,"기기 재현성은 중간농도의 검정표준용액 농도편차를 확인함으로써 관찰한다. 검정 곡선 작성 후, 매 20개 시료 분석 후, 모든 분석 순서 완료 후 각각 실시하고 허용오차는 ± 25 % 이내이야 한다.",모름,pending
TITM-000536,TOBL-00112,UNIT-0375097,a901/p6/n39/s0-0-1-3~2,MS/MS,규칙,141,"MS/MS를 이용하여 분석하는 니트로사민류는 이온 고유 비율로 확인 가능하다. 정성 이온에 사용되는 이온의 비율은 정량 이온의 백분율로 표시되어야 하며, 이는 동일한 조건에서 측정한 동등 농도의 검정표준용액의 허용 오차 범위인 아래 표와 일치해야 한다.",모름,pending
TITM-000537,TOBL-00112,UNIT-0375097,a901/p6/n39/s0-0-1-4~2,니트로사민류,규칙,315,"니트로사민류는 자외선에 분해되므로 추출물 또는 표준물질이 태양광이나 형광등에 노출되지 않도록 한다. 시험용액은 알루미늄 호일로 감싸거나 갈색 바이알을 사용해야 하며, 기기 분석을 바로 수행할 수 없는 경우 (5 ± 3) ℃의 어두운 곳에 보관이 가능하나 24 시간을 넘지 않아야 한다. (5) 인공 침액을 사용함에 따라 기기에 다량의 염분이 들어가 LC-MS/MS의 검출기 입구 부분이 막히거나 매트릭스에 영향을 줄 수 있으므로 기기분석 전에 LC-MS/MS의 적절한 유지보수가 필요하다. (예: 스프레이 챔버, 네블라이져 세척 및 LC 플러싱 등) 6) 시험조작",모름,pending
TITM-000538,TOBL-00112,UNIT-0375097,a901/p6/n39/s0-0-1-1~6,가능한 탄성중합체 부분,규칙,186,"가능한 탄성중합체 부분을 다른 재질(예: 섬유)과 분리한다. 시료는 잘리지 않은 상태로 시험해야 하며, 불가능한 경우에는 (예: 부품의 탄성중합체 무게가 4 g 이상이거나 용기에 들어가지 않는 경우) 부품의 탄성중합체 내부표면 및 접근 불가능한 부분이 최소로 들어날 수 있도록 절단한다. 절단면으로 발생한 표면은 가능한 작아야 한다.",모름,pending
TITM-000539,TOBL-00112,UNIT-0375097,a901/p6/n39/s0-0-45-5~2,LC-MS/MS,규칙,212,LC-MS/MS를 사용하여 인공 침액 내 비극성 NDiNA를 측정 시 시간이 지남에 따라 감도가 감소 할 수 있다. 이는 NDiNA 측정 전에 Methanol로 시료와 검정표준용액을 1:1로 희석하면 해결 할 수 있으며 시료 내 NDiNA가 검출되는 경우 수행하여야 한다. LC-MS/MS 측정 전에 바이알을 잘 흔들어 주어 용액을 균질화 함으로써 해결 할 수도 있다. 8) 계산,모름,pending
TITM-000540,TOBL-00113,UNIT-0375099,a901/p2/n41/s0,41. 치실의 강도,생성,414,"41. 치실의 강도 1) 치실 (1) 시료 성상이 적합한 제품 10 개를 준비하여 시험하고 10 개 각각에 대한 결과를 기록하여야 한다. (2) 시험 장치 시험 장치는 정적 시험 또는 인장 시험으로 강도를 측정하기 위한 장치를 사용할 수 있다. 시험에 사용하는 장치는 시험결과에 영향을 주지 않도록 그림 1 및 그림 2 모식도 예시와 같이 제작된 것 또는 유사한 방식의 지그 장치(시료 고정용 장치) 사용할 수 있고 고정 장치는 검체 치실을 바닥면과 수평 방향으로 고정할 수 있는 것을 사용할 수 있다. ① 정적 시험 장치 가. 고정 장치 : 그림 1의 예시와 같이 검체를 잘 고정시킬 수 있는 장치이다. 나. 조임쇠 : 고정 장치를 지탱해 줄 수 있는 장치이다. 다. 틈이 있는 고리 : 표면이 매끄럽고 모양이 둥근 고리로서, 단면 지름이",모름,pending
TITM-000541,TOBL-00114,UNIT-0375099,a901/p2/n41/s0-3-0-7,습식 분석에 적합한 물,생성,189,"물 : 대부분의 습식 분석과 시약 용액 조제에 적합한 물로서, 1차 증류, 탈이온 또는 역삼투 처리에 의해 조제되어야 한다. 별도의 언급이 없는 한 일반적인 분석에 사용된다(KS M ISO 3696 또는 이와 동등한 것). ②-1 인장 시험 장치의 시험 절차 검체 10 개를 가지고 각 검체의 강도를 측정하기 위해 다음의 절차를 수행한다.",모름,pending
TITM-000542,TOBL-00114,UNIT-0375099,a901/p2/n41/s0-3-0-3,검체,규칙,515,검체를 물에서 꺼내자마자 즉시 손으로 2회 털어 표면에 남은 물을 제거하고 검체를 다음과 같이 고정 장치에 고정한다. 가) 검체의 치실의 길이방향 축은 적어도 시험 시작 시 인장 시험기 또는 푸시-풀 힘 게이지의 당기는 방향과 수직이 되어야 한다. 나) 하부 나사받이(그림 2의 6번)의 원둘레는 검체 손잡이의 사용 시 잡는 부분의 중앙 아랫면에 부착되어야 한다. 손잡이와 접촉하는 패드 면(그림 2의 7번)은 사용 시 잡는 부분의 중앙을 포함하여 손잡이의 각 면에 밀착되어야 한다. 사용 시 잡는 부분은 손잡이의 모양에 따라 지정되거나 제조사의 사용 설명서에 따라 규정되어야 한다. 규정되지 않은 경우 사용 시 잡는 부분의 가상의 중앙은 손잡이에 치실을 고정하는 양쪽 지점의 중앙에서 수평 30±1 mm 떨어진 곳으로 추정한다. 다) 상부 나사받이(그림 2의 2번)는 치실 손잡이의 모양과 길이에 따라 하부 나사받이(그림 2의 6번)로부터 적당히 떨어진 거리에서 그 원주 표면이 손잡이 상단 면위에 오도록 놓여야 한다.,모름,pending
TITM-000543,TOBL-00114,UNIT-0375099,a901/p2/n41/s0-3-0-7~2,검사 결과,규칙,192,"검사 결과는 치실이 뽑히거나 끊어지지 않았고, 손잡이도 파손되지 않았으며 하중 방향으로 10 mm 이상의 하중점 변위도 발생하지 않은 것이 확인되더라도 인장시험에 의해 적용된 하중은 10 N 이상이어야 한다. ㆍ 비고 치실을 수평방향으로 고정하기 위한 고정 장치 조작으로 인해 손잡이에 흠이나 파손이 생기는 경우는 검사 결과에 해당하지 않는다.",모름,pending
TITM-000544,TOBL-00115,UNIT-0375099,a901/p2/n41/s0-0-5-1-3,검체,규칙,482,검체를 물에서 꺼내자마자 즉시 손으로 2회 털어 표면에 남은 물을 제거하고 검체를 다음과 같이 고정 장치에 고정한다. 가) 검체의 치실 세로축은 적어도 시험 시작 시에는 수평을 유지해야 한다. 나) 하부 나사받이(그림 1의 6번)의 원둘레는 검체 손잡이의 사용 시 잡는 부분의 중앙 아랫면에 부착되어야 한다. 손잡이와 접촉하는 패드 면(그림 1의 7번)은 사용 시 잡는 부분의 중앙을 포함하여 손잡이의 각 면에 밀착되어야 한다. 사용 시 잡는 부분은 손잡이의 모양에 따라 지정되거나 제조사의 사용 설명서에 따라 규정되어야 한다. 규정되지 않은 경우 사용 시 잡는 부분의 가상의 중앙은 손잡이에 치실을 고정하는 양쪽 지점의 중앙에서 수평 30±1 mm 떨어진 곳으로 추정한다. 다) 상부 나사받이(그림 1의 2번)는 치실 손잡이의 모양과 길이에 따라 하부 나사받이(그림 1의 6번)와 적절히 떨어진 곳에서 그 원둘레가 손잡이의 위쪽 면위에 오도록 부착되어야 한다.,모름,pending
TITM-000545,TOBL-00116,UNIT-0375100,a901/p2/n42/s0,42. 문신용 염료 유해원소,생성,1018,"42. 문신용 염료에 함량을 제한하는 성분(유해원소) 1) 장치 (1) 유도결합플라즈마 분광광도기(ICP-OES) (2) 유도결합플라즈마 질량분석기(ICP-MS) 2) 시약 및 시액 (1) 질산 (2) 염산 (3) 과산화수소 (4) 플루오린화수소산 (5) 황산 (6) 붕산 (99.999% 이상 또는 시험에 영향을 주지 않는 동등한 등급의 붕산) 3) 표준용액 (1) 바륨 표준용액(1,000 mg/L) (2) 코발트 표준용액(1,000 mg/L) (3) 구리 표준용액(1,000 mg/L) (4) 셀레늄 표준용액(1,000 mg/L) (5) 안티몬 표준용액(1,000 mg/L) (6) 주석 표준용액(1,000 mg/L) (7) 아연 표준용액(1,000 mg/L) [비고] 코발트, 구리, 셀레늄, 안티몬, 주석, 아연의 경우 ICP Quality Control Standard #1(Accustandard사 또는 이와 동등한 것), 바륨의 경우 ICP Quality Control Standard #2(Accustandard사 또는 이와 동등한 것)를 표준용액으로 사용할 수 있다. (8) 내부표준용액 분석대상원소와 방해되지 않는 내부 표준물질을 사용하고, 적은 양의 내부 표준원소를 사용한다. 내부표준 원소로는 Sc, In, Tb, Lu, Re, Rh, Bi, Y등이 대표적으로 사용된다. ICP-OES의 경우에는 Sc, Y가 추천되고, 농도는 반드시 1,000 mg/kg 이하이어야 한다. (9) 검정 곡선용 표준용액 바륨, 코발트, 구리, 셀레늄, 안티몬, 주석, 아연 표준 용액을 (0 ∼ 100) μg을 단계적으로 취해 100 mL 부피 플라스크에 옮겨 넣는다. 내부 표준물 첨가방법으로 측정 할 경우에는 시료용액의 산농도와 내부 표준물 검정 곡선 용액의 산 농도를 동일한 조건으로 만들어 준다. 4) 시험용액의 조제 (1) 마이크로파 분해 방법 PFA(Perfluoro-alkoxyfluorocarbon) 또는 TFM(Tetrafluoromethaxil) 재질의 마이크로파 분해용기에 잘 혼합된 시료를 약",모름,pending
TITM-000546,TOBL-00117,UNIT-0375100,a901/p2/n42/s0-0-3-2,산 분해법 시료 약,규칙,740,"산 분해법 시료 약  1 g ∼ 5 g을 0.1 mg까지 무게를 달아 비커에 넣는다. 시료에 질산 약 10 mL를 가하고 시계접시를 덮은 다음 가열판에서 서서히 가열하여 시료를 분해시킨 후, 조심스럽게 질산을 소량씩 추가하면서 가열하여 액의 색이 갈색을 나타낼 때 가열을 중단하고 식힌다. [비고] 분해가 더디다면 소량의 황산을 첨가 가능하며, 과산화수소를 선택적으로 첨가할 수 있다. 분해되지 않거나 시료에 실리카 또는 타이타늄이 함유된 경우 플루오린화수소산(HF)을 추가적으로 0.5 mL를 넣는다. [비고 ] 산분해법은 셀레늄(Se), 수은(Hg) 분석에 적용하지 않는다. 비커 안벽을 물로 세척하고 서서히 가열한다(황산을 첨가한 경우엔 황산을 증발 건고시킨 후 비커 안벽을 물과 질산으로 세척하고 서서히 가열한다). 분해가 끝난 후 충분히 냉각시킨 후 시료를 거름종이로 여과하여 부피플라스크에 옮기고 정제수로 분해용기 내부와 거름종이를 세척하여 최종액량을 (20 ∼ 100) mL로 한다. 용기를 별도로 준비하여 시료와 동일하게 전처리하고 산분해하여 여과한 용액을 바탕 시험용액으로 한다. 5) 시험조작 일반적으로 시료는 미지조성물로 되어 있다고 가정하며, 이와 같은 경우 내부표준물법(감도비교법)을 추천한다. 필요하다면 표준물 첨가법을 사용할 수도 있다. 간섭원소가 없거나 시료의 조성이 알려져 있으면 검정 곡선법(매질 보정법)을 사용할 수 있다. [비고] 모든 상황에서 산은 시료의 농도에 따라 조정되어야 한다.",모름,pending
TITM-000547,TOBL-00118,UNIT-0391376,a901/n3/s0-3-1-6,사용금지 물질 석면,규칙,35,사용금지 물질  석면을 사용하거나 석면이 검출되어서는 안 된다.,모름,pending
TITM-000548,TOBL-00118,UNIT-0391376,a901/n3/s0-3-2-1-1,36개월 미만 어린이제품 작은 부품,생성,169,36개월 미만의 어린이제품 36개월 미만의 어린이제품 및 분리 가능 부품은 부록 D.1에 따라 시험했을 때 어떤 방향에서도 작은 부품 실린더 안에 완전히 들어가서는 안 된다. 본 요구사항은 어린이제품의 조각 등에 제한을 두지 않고 광범위하게 적용된다. 다음의 품목들은 작은 부품 시험이 적용되지 않는다.,모름,pending
TITM-000549,TOBL-00118,UNIT-0391376,a901/n3/s0-3-2-1-2,72개월 미만 어린이제품 경고표시,생성,198,"36개월 이상 72개월 미만의 어린이제품 36개월 이상 72개월 미만의 어린이제품 및 분리가능 부품은 부록 D.1에 따라 시험했을 때 작은 부품 실린더 안에 완전히 들어가면 경고표시를 해야 한다. 다만, 72개월 이상의 어린이를 대상으로 하는 어린이제품은 시험대상에서 제외한다. 비고  경고표시는 안전확인 안전기준 부속서 6 제1부 5.2.3을 참조한다.",모름,pending
TITM-000550,TOBL-00118,UNIT-0391376,a901/n3/s0-3-2-2-1,날카로운 유리ㆍ금속 가장자리,생성,360,"유리 또는 금속의 날카로운 가장자리 어린이제품에 있는 접근 가능한 날카로운 유리 또는 금속 가장자리는 다음의 요구사항을 만족해야 한다. 3.2.2.1.1 96개월 미만의 어린이제품에는 부록 D.2에 따라 시험하였을 때, 위해한 날카로운 가장자리가 없어야 한다. 3.2.2.1.2 잠재적으로 날카로운 유리 또는 금속의 가장자리는 시험 시료의 표면에 인접하여 있고, 인접한 표면 간의 틈새가 0.5 mm를 초과하지 않는 경우에 한하여 접근할 수 없는 가장자리로 간주하며 시험대상에서 제외한다. 3.2.2.1.3 전기 전도체, 현미경 슬라이드 및 커버 슬립으로 적용되는 조각의 가장자리는 기능성 가장자리로 간주되어 경고 문구를 표시하지 않아도 된다.",모름,pending
TITM-000551,TOBL-00118,UNIT-0391376,a901/n3/s0-3-2-2-2,기능성 날카로운 가장자리 아래의 요구사항,규칙,330,"기능성 날카로운 가장자리 아래의 요구사항은 기능성 날카로운 가장자리를 가지는 어린이제품에 적용한다. 3.2.2.2.1 36개월 미만의 어린이제품은 접근 가능한 위험한 기능성 날카로운 가장자리가 없어야 한다. 3.2.2.2.2 36개월 이상 96개월 미만 어린이제품으로 기능성 날카로운 가장자리가 반드시 있어야 하는 제품(예를 들면 기능성 어린이제품 가위 및 기능성 어린이제품 공구)의 경우, 기능상 필요한 것 이외의 날카로운 가장자리가 전혀 없으면 3.2.2에서 제외되며, 포장에 경고 문구를 표시하여야 한다. 비고  경고 문구는 안전확인 안전기준 부속서 6 제1부 5.2.12를 참조한다.",모름,pending
TITM-000552,TOBL-00118,UNIT-0391376,a901/n3/s0-3-2-2-3,금속 어린이제품에 대한 가장자리,규칙,231,"금속 어린이제품에 대한 가장자리 96개월 미만의 어린이제품의 접근할 수 있는 금속 가장자리(구멍 및 홈이 있는 접근 가능한 금속 가장자리를 포함한다)에는 거스러미와 페더링이 없어야 하며, 구부러져 있거나 끝을 접거나 말려있는 가장자리이어야 한다. 그렇지 않으면 영구적으로 부착된 보호 장치나 끝마무리가 되어 있어야 한다. 가장자리의 끝마무리 방식에 관계없이 부록 D.2에 따라 날카로운 가장자리 시험을 해야 한다.",모름,pending
TITM-000553,TOBL-00118,UNIT-0391376,a901/n3/s0-3-2-2-4,성형 어린이제품에 대한 가장자리,규칙,167,"성형 어린이제품에 대한 가장자리 96개월 미만의 성형 어린이제품에 접근할 수 있는 가장자리, 모서리 또는 성형 부분에는 거스러미와 플래시에 의해 일어날 수 있는 위해한 날카로운 가장자리가 있어서는 안 된다. 그렇지 않으면 위해한 날카로운 가장자리에 접근 할 수 없도록 보호 장치가 되어 있어야 한다.",모름,pending
TITM-000554,TOBL-00118,UNIT-0391376,a901/n3/s0-3-2-2-5,나사못 또는 나선줄이 있는 막대의 가장자리 나사못 또는,규칙,130,나사못 또는 나선줄이 있는 막대의 가장자리 나사못 또는 나선상 막대의 접근 가능한 끝은 날카로운 가장자리와 거스러미가 없어야 한다. 그렇지 않으면 날카로운 가장자리와 거스러미가 접근되지 않도록 편평한 보호 덮개가 씌워져 있어야 한다.,모름,pending
TITM-000555,TOBL-00118,UNIT-0391376,a901/n3/s0-3-2-3-1,접근 가능한 날카로운 끝 아래의 요구사항,규칙,397,"접근 가능한 날카로운 끝 아래의 요구사항은 접근 가능한 날카로운 끝을 가지는 어린이제품에 적용한다. 3.2.3.1.1 96개월 미만의 어린이제품의 접근 가능한 끝은 부록 D.3에 따라 시험했을 때 위해한 날카로운 끝이 없어야 한다. 연필의 끝과 유사한 필기도구의 끝은 날카로운 끝으로 간주하지 않는다. 3.2.3.1.2 잠재적으로 날카로운 끝이 시험 시료의 표면에 대해 인접해 있고, 끝과 인접한 표면 간의 틈새가 0.5 mm를 넘지 않는다면 접근할 수 없는 것으로 간주한다. 3.2.3.1.3 가장 큰 단면 치수가 2 mm 이하이고 부록 D.3에 따라 시험했을 때 필연적으로 날카로운 끝이 나타나지 않는 36개월 미만의 어린이가 사용하도록 의도된 어린이제품의 끝은 잠재적으로 위해한 날카로운 끝으로 간주된다.",모름,pending
TITM-000556,TOBL-00118,UNIT-0391376,a901/n3/s0-3-2-3-2,기능성 날카로운 끝 아래의 요구사항,규칙,295,"기능성 날카로운 끝 아래의 요구사항은 기능성 날카로운 끝을 가지는 어린이제품에 적용한다. 3.2.3.2.1 36개월 미만의 어린이제품은 접근 가능한 위험한 기능성의 날카로운 끝이 없어야 한다. 3.2.3.2.2 36개월 이상 96개월 미만으로 기능상 날카로운 끝이 반드시 있어야 하는 어린이제품(예를 들면 바늘이 있는 어린이제품)의 경우, 기능상 필요한 것 이외의 날카로운 끝이 없으면 3.2.3에서 제외되며, 포장에 경고 문구를 표시하여야 한다. 비고  경고 문구는 안전확인 안전기준 부속서 6 제1부 5.2.12를 참조한다.",모름,pending
TITM-000557,TOBL-00118,UNIT-0391376,a901/n3/s0-3-2-3-3,목재 어린이제품,생성,66,목재 어린이제품 목재로 만든 어린이제품의 접근 가능한 가장자리와 표면은 부서진 조각(splinters)이 없어야 한다.,모름,pending
TITM-000558,TOBL-00118,UNIT-0391376,a901/n3/s0-3-2-4-1,96개월 이상 자석/전기 실험 세트,생성,337,"96개월 이상의 어린이용 자석/전기 실험 세트 96개월 이상의 어린이 실험용 자석(세트 및 부속품 포함)은 다음의 경우에 해당된다면 경고 문구를 실어야 한다. - 부록 D.4에 따라 시험할 때, 50 kG2mm2(0.5T2mm2)보다 큰 자속 지수를 가지면서 - 부록 D.1에 따라 시험했을 때 실린더에 완전히 들어가는 경우 ""경고! 8세 미만의 어린이에게는 적합하지 않음. 이 제품은 작은 자석(들)을 포함하고 있음. 삼킨 자석들은 장기를 사이에 두고 서로 붙어 심각한 상해를 야기할 수 있음. 자석을 삼킨 경우 즉시 전문의의 치료를 받을 것."" 비고  96개월 미만의 어린이용 자석/전기 실험 세트는",모름,pending
TITM-000559,TOBL-00118,UNIT-0391376,a901/n3/s0-3-2-4-2,자석,규칙,38,자석과 자석부품을 포함하는 모든 어린이제품의 요구조건을 따라야 한다.,모름,pending
TITM-000560,TOBL-00118,UNIT-0391376,a901/n3/s0-3-2-5,유리 접근할 수 있는 유리,규칙,107,"유리 접근할 수 있는 유리는 36개월 미만의 어린이가 사용토록 된 어린이제품의 구조에 사용되어서는 안되며, 36개월 이상의 어린이가 사용하는 어린이제품에 포함된 경우는 경고 표시를 해야 한다.",모름,pending
TITM-000561,TOBL-00118,UNIT-0391376,a901/n3/s0-3-3,전기적 안전요건 어린이제품에 포함되,규칙,197,"전기적 안전요건 어린이제품에 포함되는 리튬 2차 전지(니켈계 전지는 제외)는 독립적인 제어 및 보호장치를 가져야하며, 이에 대한 적합함을 확증해주는 서류 즉, 「전기용품 및 생활용품 안전관리법」에 따른 안전확인신고증명서, 국제공인 성적서 (KOLAS 시험성적서, CB 성적서 및 인증서 등) 및 사용 충전기에 대한 전기용품 안전인증서를 비치하여야 한다.",모름,pending
TITM-000562,TOBL-00118,UNIT-0391376,a901/n3/s0-3-3-1,안전정보 비산성 전해액,규칙,145,"안전정보 비산성 전해액을 갖는 밀폐 2차전지의 사용 및 특히 남용 시, 위험할 수 있으며 피해를 줄 수 있다. 전지 제조자는 장비 제조자와, 직접 판매의 경우 최종 사용자에게 위험을 최소화하고 완화하기 위한 정보를 부록 E 및 부록 F와 같이 제공하여야 한다.",모름,pending
TITM-000563,TOBL-00118,UNIT-0391376,a901/n3/s0-3-3-2,전지표시 전지,규칙,153,"전지표시 전지는 전지 조립에 사용한 단전지의 요구사항에 의거하여 KC 62133 10항에 따라 표시하여야 한다. 아래의 사항은 전지 또는 제품의 설명서 등에 표시되어야 한다. - 모델번호 - 정격전압, 정격용량 - 제조년 전지는 또한 적절한 주의문구와 함께 표시하여야 한다.",모름,pending
TITM-000564,TOBL-00119,UNIT-0392542,a901/s0-2-2,개발제한구역 해제 활용ㆍ관리방안,생성,114,"2-1의 규정에 따라 개발제한구역의 해제를 추진하고자 할 때에는 해제대상지역에 대한 활용방안(개발계획 및 재원조달계획 등) 뿐만 아니라, 주변 개발제한구역에 대한 관리방안 등을 종합적으로 검토하여야 한다.",모름,pending
TITM-000565,TOBL-00119,UNIT-0392542,a901/s0-2-3,국토교통부장관,규칙,281,"국토교통부장관은 해제대상지역과 주변지역 일대에 대한 개발행위 허가제한 조치 등 난개발 및 투기방지를 위한 대책을 실시하지 아니하였거나, 그 대책 수립의 시행결과 실효를 거두지 못한 지역이 대부분인 지역에 대하여 개발제한구역을 해제하는 내용의 도시ㆍ군관리계획변경안을 제출받은 경우에는 이를 그대로 수용ㆍ결정하여서는 아니 된다. 2-4. 개발제한구역을 추가적으로 지정하고자 할 때에는 공간적으로 연속성을 갖도록 하고, 도시의 자족성 확보ㆍ합리적인 토지이용 및 적정한 성장관리 등을 감안하여 추진하여야 한다.",모름,pending
TITM-000566,TOBL-00119,UNIT-0392542,a901/s0-2-7-2-3,국방군사시설 등이 보안업무규정 등에 따라 실제 현황,규칙,135,국방군사시설 등이 보안업무규정 등에 따라 실제 현황과 다르게 지도 상에 표시된 사실이 관계기관 자료 및 현지조사 등을 통해 확인된 경우 라. 대상지의 정형화를 위하여 불가피한 경우. 이 경우 포함되는 1～2등급지는 가급적 원형보전하여야 한다.,모름,pending
TITM-000567,TOBL-00120,UNIT-0392542,a901/s0-3-5-3-2,의 가 나에 따라 해제되,규칙,55,"의 가, 나에 따라 해제되는 경우는 제외한다)에 상응하는 면적의 개발제한구역을 신규 지정해야 한다.",모름,pending
TITM-000568,TOBL-00121,UNIT-0392547,a901/p5/s0-3-2-3-4~2,집단취락 해제지역에 대해 지구단위계획,규칙,150,"집단취락 해제지역에 대해 지구단위계획을 수립하는 경우에는 취락의 현황 및 주변여건을 고려하여 도로, 주차장, 공원녹지 등 기반시설을 적정하게 계획하되, 장기미집행 도시군계획시설이 발생하지 않도록 반드시 시군 중기지방재정계획과 연동하여 단계별 집행계획에 반영하여야 한다.",Y(후보),pending
TITM-000569,TOBL-00121,UNIT-0392547,a901/p5/s0-3-2-4-3~2,합병,규칙,197,"합병으로 1천제곱미터를 초과한 적이 있는 대지(필지) 제3절 경계선 설정 기준 3-3-1. 도시ㆍ군관리계획 입안권자는 사업 추진에 필요한 최소의 면적으로 경계선을 설정하여야 하며, 경계선 설정으로 인하여 맹지 또는 경계선 관통대지, 단절토지가 발생하거나 개발제한구역이 공간적 연속성을 유지되지 못하고 섬처럼 존치되는 지역이 발생하지 않도록 하여야 한다.",Y(후보),pending
TITM-000570,TOBL-00121,UNIT-0392547,a901/p5/s0-3-5-1-1-6,해제대상지역 개발,규칙,73,"해제대상지역 개발을 위해 설립한 특수목적법인(민간의 출자비율 총합계가 50퍼센트 미만으로서, 개발제한구역 해제 결정전에 설립할 것)",Y(후보),pending
TITM-000571,TOBL-00121,UNIT-0392547,a901/p5/s0-3-2-3-4~3,지분한도 준수와 민간 출자비율,생성,152,"제1항 마ㆍ바의 경우 해제지역 개발사업 착공 시까지 마ㆍ바에 규정된 각 지분한도를 준수하여야 하고 착공 이후에 각 지분한도를 변경할 수 있으나, 이 경우에도 민간의 출자비율은 전체 지분의 50퍼센트 미만이어야 한다. (2) 공원녹지의 확보(도시계획시설로 결정된 것에 한함)",Y(후보),pending
TITM-000572,TOBL-00121,UNIT-0392547,a901/p5/s0-3-2-1-2,의 공원ㆍ녹지확보 기준,규칙,130,"의 공원ㆍ녹지확보 기준과 별도로 해당 지역 또는 그에 상응하는 면적을 공원ㆍ녹지로 추가 확보하여야 한다. 다만, 「공공주택 특별법」에 따른 공공주택지구에서 환경평가 1～2등급지에 상응하는 면적을 공원ㆍ녹지로 지정하는 경우 해당 지역을",Y(후보),pending
TITM-000573,TOBL-00121,UNIT-0392547,a901/p5/s0-3-2-1-1~3,해제대상지역 내 공동주택,규칙,365,"해제대상지역 내 공동주택을 건설하고자 하는 경우에는 전체 세대수 대비 최소 35퍼센트 비율로 공공임대주택(「공공주택 특별법 시행령」 제2조제1항제5호에 따른 공공임대주택은 제외한다. 다만, 같은 영 제54조제1항제6호에 따른 임대의무기간이 6년인 공공임대주택은 포함한다. 이하 같다)을 확보한다. 다만, 산업단지ㆍR&D단지ㆍ매입공공기관이 매입한 종전부동산(당해당해 특별시ㆍ광역시ㆍ특별자치시시 또는 군의 임대주택 공급이 충분하여 특별시장ㆍ광역시장ㆍ특별자치시장시장 또는 군수가 임대주택 비율 완화가 필요하다고 인정한 경우에 한한다) 내 건설하는 공동주택의 경우에는 지구별 여건에 따라 전체 세대수 대비 최소 20퍼센트 비율로 공공임대주택을 확보하여야 한다.",Y(후보),pending
TITM-000574,TOBL-00121,UNIT-0392547,a901/p5/s0-3-2-1-1~4,의 바목에 해당하,규칙,273,"의 바목에 해당하는 사업시행자가 개발계획에 반영된 공공임대주택건설용지로 공급할 용지가 최초 공급공고(일간신문, 주택협회 또는 지자체 홈페이지를 통한 공고를 말한다.)일 후 12개월 이내에 공급되지 않을 경우 시행자는 「공공주택특별법」 제4조제1항제1호부터 제4호 중 하나에 해당하는 자에게 해당 공공임대주택건설용지에 공공임대주택을 공급할 계획이 있는지 여부를 확인해야 하며 확인 결과 공공임대주택공급 계획이 없다고 판단되는 경우 이를 국민주택규모 이하의 분양주택건설용지로 공급할 수 있다.",Y(후보),pending
TITM-000575,TOBL-00121,UNIT-0392547,a901/p5/s0-3-2-1-1~5,에도 불구하고 공공지원민간임대주택 공급촉진지구,규칙,251,"에도 불구하고 공공지원민간임대주택 공급촉진지구를 지정하기 위해 개발제한구역을 해제하는 경우에는 해당 공급촉진지구 내 전체 공동주택 세대수의 20퍼센트 이상을 공공임대주택으로 확보하여야 한다. 다만, 해제대상지역이 15만 제곱미터 미만인 경우, 개발제한구역 해제 결정권자는 사업시행자와 협의 후 중앙도시계획위원회(또는 지방도시계획위원회)의 심의를 거쳐 사업시행자에게 공공임대주택 확보가 아닌 다른 공공성 확보를 위해 필요한 조치사항을 요구할 수 있다.",Y(후보),pending
TITM-000576,TOBL-00121,UNIT-0392547,a901/p5/s0-3-5-1-1-4~2,상위계획과의 부합 해제대상지역에 대한 활용방안,규칙,156,"상위계획과의 부합 해제대상지역에 대한 활용방안은 「국토계획법」, 「수도권정비계획법」, 「산업집적활성화 및 공장설립에 관한 법률」,「산업입지 및 개발에 관한 법률」,「지방재정법」등의 관련법령 및 도시ㆍ군기본계획, 산업단지지정계획, 투자심사 등 그에 따른 관련계획에 부합하여야 한다.",Y(후보),pending
TITM-000577,TOBL-00121,UNIT-0392547,a901/p5/s0-3-5-1-1~5,에 따라 조성되,규칙,293,에 따라 조성되는 전용단지(용지 또는 입주공간) 중 최초 분양공고(일간신문과 해당 지자체 및 중소벤처기업부가 운영하는 입주기업 모집공고 홈페이지를 통한 공고를 말한다) 후 1년 이상이 경과하도록 미분양된 분에 대해서는 중소기업 외의 자에게도 공급할 수 있다. (6) 초과 개발이익에 대한 공익적 활용 ① 도시ㆍ군관리계획 입안권자는 개발계획을 결정(변경을 포함한다)할 때 중앙(지방)도시계획위원회 심의 시 제시한 예상 이익을 초과하는 이익이 발생하는 경우 그 일부를 공익을 위해 활용하도록 할 수 있는 방안을 마련하여야 한다.,Y(후보),pending
TITM-000578,TOBL-00121,UNIT-0392547,a901/p5/s0-3-5-3-2~2,도시ㆍ군관리계획 입안,생성,435,"지번ㆍ지목별 토지이용현황 ③ 대상토지 중 개발제한구역 부분의 면적과 비율 ④ 대상토지 안팎의 토지이용현황 및 환경상태 제2절 도시ㆍ군관리계획 입안 및 결정 절차 4-2-1. 도시ㆍ군관리계획의 입안은 법 제4조제1항에 따라 당해 도시지역을 관할하는 특별시장ㆍ광역시장ㆍ특별자치시장ㆍ시장 또는 군수가 입안한다. 다만, 서민주택공급 건설계획 등 국가계획(국가의 중요한 정책의 목적을 달성하기 위하여 수립하는 계획으로 국무회의 심의를 거쳐 확정된 계획을 말한다. 이하 ""국가계획""이라 한다)과 관련된 경우에는 국토교통부장관이 직접 도시ㆍ군관리계획을 입안할 수 있다. 이 경우 국토교통부장관은 미리 관할 시ㆍ도지사, 시장 및 군수의 의견을 들은 후 가급적 제시된 의견을 반영하도록 노력하여야 한다. 4-2-2. 도시ㆍ군관리계획 결정절차는 다음과 같다. (1) 국토교통부장관이 입안하는 경우",Y(후보),pending
TITM-000579,TOBL-00121,UNIT-0392547,a901/p5/s0-3-5-3-1~2,국토교통부장관,규칙,279,국토교통부장관은 주민 및 지방의회 의견청취를 위하여 도시ㆍ군관리계획안을 특별시장ㆍ광역시장ㆍ특별자치시장ㆍ시장 또는 군수에게 송부하여야 한다. ② 도시ㆍ군관리계획안을 송부받은 특별시장ㆍ광역시장ㆍ특별자치시장ㆍ시장 또는 군수는 주민 및 지방의회의 의견을 청취하여 그 결과를 국토교통부장관에게 제출하여야 한다. 이 경우 국토교통부장관은 특별시장ㆍ광역시장ㆍ특별자치시장ㆍ시장 또는 군수가 특별한 사유없이 주민 및 지방의회의 의견을 60일 이내에 제출하지 아니한 경우에는 의견이 없거나 동의한 것으로 볼 수 있다.,Y(후보),pending
TITM-000580,TOBL-00121,UNIT-0392547,a901/p5/s0-3-5-3-3,국토교통부장관,규칙,119,"국토교통부장관은 도시ㆍ군관리계획을 결정하고자 하는 때에는 관계 중앙행정기관의 장과 미리 협의하여야 하며, 중앙도시계획위원회의 심의를 거쳐야 한다. (2) 특별시장ㆍ광역시장ㆍ특별자치시장시장 또는 군수가 입안하는 경우",Y(후보),pending
TITM-000581,TOBL-00121,UNIT-0392547,a901/p5/s0-3-5-3-1~3,특별시장ㆍ광역시장특별자치시장ㆍ시장 또는 군수,규칙,196,"특별시장ㆍ광역시장특별자치시장ㆍ시장 또는 군수는 주민 및 지방의회 의견청취를 거쳐 국토교통부장관(특특별시장ㆍ광역시장특별자치시장ㆍ도지사)에게 도시ㆍ군관리계획 변경 결정을 요청하여야 한다. 다만, 시장 또는 군수가 국토교통부장관에게 도시ㆍ군관리계획 변경 결정을 요청하기 위해 입안하는 경우 국토교통부장관에게 요청하기 전에 관할 도지사와 협의를 거쳐야 한다.",Y(후보),pending
TITM-000582,TOBL-00121,UNIT-0392547,a901/p5/s0-3-5-3-2~3,국토교통부장관(특특별시장ㆍ광역시장특별자치시장ㆍ도지사),규칙,114,"국토교통부장관(특특별시장ㆍ광역시장특별자치시장ㆍ도지사)은 도시ㆍ군관리계획을 결정하고자 하는 때에는 관계 중앙행정기관의 장과 미리 협의하여야 하며, 중앙도시계획위원회(지방도시계획위원회)의 심의를 거쳐야 한다.",Y(후보),pending
TITM-000583,TOBL-00122,UNIT-0392549,a901/p7/s0,국토교통부장관 자문단 설치ㆍ운영,생성,148,"⑦ 제5항에 따라 국토교통부장관과 미리 협의해야 하는 경우 제5항 각 호의 사항에 대하여 국토교통부장관은 필요시 국책연구원 등 관련연구원 관계자, 학계 전문가 등 5인 이내로 구성된 자문단을 설치ㆍ운영하여 심사를 강화하거나 중앙도시계획위원회에 자문을 구할 수 있다.",모름,pending
TITM-000584,TOBL-00123,UNIT-0392549,a901/p7/s0-4-2-2,도시ㆍ군관리계획 결정 신청 구비서류,생성,88,(2) ⑤에 따라 국토교통부장관과 미리 협의해야 하는 경우 제5항 각 호의 사항 제3절 구비서류 4-3-1. 도시ㆍ군관리계획 결정 신청시 첨부하는 서류와 도면,모름,pending
TITM-000585,TOBL-00124,UNIT-0392549,a901/p7/s0-5-1-1,국토교통부장관 특별시장ㆍ광역시장ㆍ특별자치시장ㆍ시장 또는,규칙,235,"국토교통부장관, 특별시장ㆍ광역시장ㆍ특별자치시장ㆍ시장 또는 군수는 해제를 검토하고자 하는 지역 및 그 주변지역 일대에 대하여 국토계획법 제63조의 규정에 의하여 개발행위 허가를 제한하는 조치를 하여야 한다. 이 경우 그 주변지역의 범위는 부동산 투기 또는 난개발이 예상되거나 이를 철저히 방지할 필요가 있는 지역 일대를 설정하며, 제4장 제2절에 따른 도시ㆍ군관리계획안에 대한 주민공람이 실시되기 이전까지 조치하여야 한다.",Y(후보),pending
TITM-000586,TOBL-00125,UNIT-0392549,a901/p7/s0-6-1-1,시장ㆍ군수 또는 구청장,규칙,89,시장ㆍ군수 또는 구청장은 토지거래계약 허가시 반드시 관계서류 등의 진실성 여부를 심사하고 현장 확인을 실시하며 사후에는 허가사항의 이행 여부를 조사하여야 한다.,Y(후보),pending
TITM-000587,TOBL-00125,UNIT-0392549,a901/p7/s0-6-2-1,단속,규칙,134,"단속은 세무관서 등 관련기관과 합동으로 실시하여 효과성을 제고할 수 있게 하고 위법행위가 확인되거나 혐의가 짙은 사안 중 형사처벌 대상은 사법당국에 고발조치 또는 수사의뢰 하며, 탈세의 의혹이 있는 건에 대하여는 세무관서에 통보하여야 한다.",Y(후보),pending
TITM-000588,TOBL-00125,UNIT-0392549,a901/p7/s0-6-2-2,개발제한구역 법령 위반자 조치,생성,267,"무허가 건축물, 불법용도변경 행위 등 개발제한구역 법령 위반자에 대해서는 법 제30조 및 「개발제한구역내 불법행위의 예방과 단속에 관한 규정」(국토교통부 훈령)에 따른 조치를 철저히 이행하여야 한다. 제7장 행정사항 7-1-1 (재검토기한) 국토교통부장관은 「훈령예규 등의 발령 및 관리에 관한 규정」에 따라 이 훈령에 대하여 2020년 1월 1일을 기준으로 매 3년이 되는 시점(매 3년째의 12월 31일까지를 말한다)마다 그 타당성을 검토하여 개선 등의 조치를 하여야 한다.",Y(후보),pending
TITM-000589,TOBL-00126,UNIT-0392562,a901/p9/s0,개발행위허가 제출서류와 허가기준 검토,생성,286,"⑨ 다른 법령에 의한 인가·허가 등의 과정에서 제1항부터 제8항까지의 제출서류에 대한 내용을 확인할 수 있는 경우에는 그 확인으로 제출서류에 갈음할 수 있다. (2) 개발행위허가신청서에는 개발행위의 목적·종류, 사업기간(착공 및 준공시기) 등을 명확히 기재하여야 한다. (3) 개발행위허가신청서 첨부서류의 작성방법은 별표 1의 작성기준에 따른다. 2-1-3 허가기준 검토(법 제57조, 제58조제1항) (1) 허가권자는 개발행위허가의 신청내용이 다음의 기준에 적합한 경우에 한하여 개발행위허가를 할 수 있다. ①",모름,pending
TITM-000590,TOBL-00127,UNIT-0392562,a901/p9/s0-3-1-1,개발행위허가 규모 적합,생성,60,에 규정된 개발행위허가 규모에 적합할 것 ② 도시·군관리계획의 내용에 배치되지 않을 것 ③ 도시·군계획사업의,모름,pending
TITM-000591,TOBL-00127,UNIT-0392562,a901/p9/s0-3-1-1-4,주변지역의 토지이용실태 또는 토지이용계획 건축물의 높이,규칙,92,"주변지역의 토지이용실태 또는 토지이용계획, 건축물의 높이, 토지의 경사도, 수목의 상태, 물의 배수, 하천·호소·습지의 배수 등 주변환경 또는 경관과 조화를 이룰 것",모름,pending
TITM-000592,TOBL-00127,UNIT-0392562,a901/p9/s0-3-1-1-5-2,허가권자,규칙,545,"허가권자는 개발행위허가의 신청내용이 별표 3의 경관체크리스트, 별표 5의 위해방지 체크리스트, 그 밖에 이 지침에서 정하는 규정에 적합한지 여부를 검토한 후 개발행위허가 신청인에게 위해방지에 관한 계획서를 제출하게 하거나 개발행위허가 신청자의 의견을 듣고 필요한 조건을 붙일 수 있다. 2-1-4 도시·군계획사업자의 의견청취(법 제58조제2항) 허가권자가 개발행위허가를 하고자 하는 때에는 당해 개발행위가 도시·군계획사업의 시행에 지장을 주는지의 여부에 관하여 당해 지역안에서 시행되는 도시·군계획사업 시행자의 의견을 들어야 한다. 2-1-5 관련 인·허가 등의 의제협의(법 제61조) 허가권자는 개발행위허가를 함에 있어서 다음에 해당하는 사항이 있을 경우 미리 관계 행정기관의 장과 협의하여야 한다. 협의요청을 받은 관계 행정기관의 장은 20일 이내에 의견을 제출하여야 하며, 그 기간 내에 의견을 제출하지 아니하면 협의가 이루어진 것으로 본다. 허가권자가 당해 개발행위에 대하여 미리 관계행정기관의 장과 협의한 다음 사항에 대하여는 당해 인·허가 등을 받은 것으로 본다.",모름,pending
TITM-000593,TOBL-00127,UNIT-0392562,a901/p9/s0-3-1-1-5-1~2,허가권자,규칙,97,허가권자는 2-1-5에 따라 관계 행정기관의 장과 협의하기 위하여 개발행위 의제협의를 위한 개발행위복합민원 일괄협의회를 개발행위허가 신청일부터 10일 이내에 개최하여야 한다.,모름,pending
TITM-000594,TOBL-00127,UNIT-0392562,a901/p9/s0-3-1-1-5-2~3,허가권자,규칙,68,허가권자는 협의회를 개최하기 3일 전까지 협의회 개최 사실을 법 제61조제3항에 따른 관계 행정기관의 장에게 알려야 한다.,모름,pending
TITM-000595,TOBL-00127,UNIT-0392562,a901/p9/s0-3-1-1-5-3~2,법 제61조제3항에 따른 관계 행정기관의 장은 협의회,규칙,169,"법 제61조제3항에 따른 관계 행정기관의 장은 협의회에서 인·허가 등의 의제에 대한 의견을 제출하여야 한다. 다만, 법령 검토 및 사실 확인 등을 위한 추가 검토가 필요하여 해당 인·허가 등에 대한 의견을 협의회에서 제출하기 곤란한 경우에는 요청을 받은 날부터 20일 이내에 그 의견을 제출할 수 있다.",모름,pending
TITM-000596,TOBL-00127,UNIT-0392562,a901/p9/s0-3-1-1-5-1~3,허가권자,규칙,177,"허가권자는 허가신청에 대하여 특별한 사유가 없는 한 15일(심의 또는 협의기간 제외)내에 허가 또는 불허가 처분을 하여야 하며, 허가 또는 불허가처분을 하는 때에는 지체없이 신청인에게 허가증을 교부하거나 불허가처분사유를 서면 또는 법 제128조에 따른 국토이용정보체계를 통하여 알려야 한다.(법 제57조제2항·제3항)",모름,pending
TITM-000597,TOBL-00127,UNIT-0392562,a901/p9/s0-3-1-1-9-3,허가권자가 개발행위허가에 조건,규칙,158,"허가권자가 개발행위허가에 조건을 붙이고자 하는 때에는 미리 개발행위허가를 신청한 자의 의견을 들어야 한다. 다만, 기반시설부담계획에 따라 기반시설의 설치 또는 부담을 조건으로 하는 경우에는 의견을 듣지 않고 조건을 붙일 수 있다.(영 제54조제2항) 2-1-8 준공검사(법 제62조)",모름,pending
TITM-000598,TOBL-00127,UNIT-0392562,a901/p9/s0-3-1-1-9-1,공작물의 설치(「건축법」 제83조에 따라 설치되,규칙,152,"공작물의 설치(「건축법」 제83조에 따라 설치되는 것은 제외), 토지의 형질변경 또는 토석채취를 위한 개발행위허가를 받은 자는 그 개발행위를 완료한 때에 개발행위준공신청서에 다음의 서류를 첨부하여 허가권자의 준공검사를 받아야 한다.(법 제62조제1항, 규칙 제11조제2항)",모름,pending
TITM-000599,TOBL-00127,UNIT-0392562,a901/p9/s0-3-2-4-4-4,를 적용함에 있어 산지에 대해서,규칙,86,"를 적용함에 있어 산지에 대해서는 산지관리법령의 규정에도 적합하여야 한다. 다만, 보전산지에서는 산지관리법령에서 정한 기준을 따른다. 3-3-2-2 상수도",모름,pending
TITM-000600,TOBL-00127,UNIT-0392562,a901/p9/s0-3-3-2-4-2-4,비탈면의 높이가,규칙,204,"비탈면의 높이가 5m를 넘을 경우 수직높이 5m마다 폭 1m이상의 소단을 만들어 사면안정을 기함은 물론 비탈면의 점검, 배수 등이 이루어 질 수 있도록 해야 하며, 지피식물, 소관목 등 비탈면의 구조안전에 영향이 없는 수종으로 녹화처리를 하여야 한다. 다만 비탈면이 암반 등으로 이루어져 유실이나 붕괴의 우려가 없다고 허가권자가 인정하는 경우에는 그러하지 아니한다.",모름,pending
TITM-000601,TOBL-00127,UNIT-0392562,a901/p9/s0-3-3-2-4-2-2,절토·성토시 사면의 안정,규칙,56,절토·성토시 사면의 안정과 미관을 위해 가급적 구조물 공법보다 친환경적 공법을 사용토록 하여야 한다.,모름,pending
TITM-000602,TOBL-00127,UNIT-0392562,a901/p9/s0-3-4-4-2-1,토석채취 후 복구대상 비탈면에 수직높이,규칙,148,"토석채취 후 복구대상 비탈면에 수직높이 5m마다 1m이상의 소단을 설치하고 당해 소단에 평균 60cm 이상의 흙을 덮고 수목, 초본류 및 덩굴류 등을 식재며, 최초의 소단 앞부분은 수목을 존치하거나 식재하여 녹화하여야 한다. 다만, 산지에서는 산지관리법을 준용한다.",모름,pending
TITM-000603,TOBL-00127,UNIT-0392562,a901/p9/s0-3-4-4-2-4,토석채취 재해 방지 시설,생성,419,"(1)~(3)을 적용함에 있어 산지에 대해서는 산지관리법령을 따른다. 3-5-4 방재기준 토석채취로 인하여 생활환경 등에 영향을 받을 수 있는 인근지역에 대하여는 배수시설, 낙석방지시설, 비탈면 안정을 위한 보호공법, 비사(飛沙)방지시설, 저소음·진동 발파공법의 채택, 표토와 폐석의 처리대책 등 재해를 방지하기 위한 계획 및 시설을 설치하여야 한다. 제6절 토지분할 3-6-1 용도지역 상향을 위한 토지분할 방지 2 이상의 용도지역이 인접하고 있는 경우 용도지역 상향을 목적으로 행위제한이 강한 지역의 토지를 분할하는 행위를 제한할 수 있다. 3-6-2 분할제한면적 이상으로의 토지분할 녹지지역·관리지역·농림지역 및 자연환경보전지역 안에서 관계 법령에 의한 허가·인가 등을 받지 아니하고 토지를 분할하는 경우에는 다음의 요건을 모두 갖추어야 한다.",모름,pending
TITM-000604,TOBL-00127,UNIT-0392562,a901/p9/s0-3-4-4-2-1~2,「건축법」 제57조제1항에 따른 분할제한면적 이상으로서,규칙,62,「건축법」 제57조제1항에 따른 분할제한면적 이상으로서 도시·군계획조례가 정하는 면적 이상으로 분할하여야 한다.,모름,pending
TITM-000605,TOBL-00127,UNIT-0392562,a901/p9/s0-3-4-4-3-3,국토의계획및이용에관한법률 또는 다른 법령,규칙,241,"국토의계획및이용에관한법률 또는 다른 법령에서 인가·허가 등을 받지 않거나 기반시설이 갖추어지지 않아 토지의 개발이 불가능한 토지의 분할에 관한 사항은 당해 특별시·광역시·특별자치시·특별자치도, 시 또는 군의 도시·군계획조례로 정하는 기준에 적합하여야 한다. 3-6-3 분할제한면적 미만으로의 토지분할 「건축법」 제57조제1항에 따른 분할제한면적(이하 ""분할제한면적""이라 함) 미만으로 분할하는 경우에는 다음 기준에 해당하여야 한다.",모름,pending
TITM-000606,TOBL-00127,UNIT-0392562,a901/p9/s0-3-4-4-3-4,토지이용상 불합리한 토지경계선,규칙,372,"토지이용상 불합리한 토지경계선을 시정하여 당해 토지의 효용을 증진시키기 위하여 분할 후 인접토지와 합필하고자 하는 경우에는 다음의 1에 해당할 것. 이 경우 허가신청인은 분할 후 합필되는 토지의 소유권 또는 공유지분을 보유하고 있거나 그 토지를 매수하기 위한 매매계약을 체결하여야 한다. ① 분할 후 남는 토지의 면적 및 분할된 토지와 인접토지가 합필된 후의 면적이 분할제한면적에 미달되지 아니할 것 ② 분할전후의 토지면적에 증감이 없을 것 ③ 분할하고자 하는 기존토지의 면적이 분할제한면적에 미달되고, 분할된 토지 중 하나를 제외한 나머지 분할된 토지와 인접토지를 합필한 후의 면적이 분할제한면적에 미달되지 아니할 것 3-6-4 주변 토지이용 및 도로조건과의 조화",모름,pending
TITM-000607,TOBL-00127,UNIT-0392562,a901/p9/s0-3-4-4-3-3~3,쉽게 옮길 수 있는 물건,생성,88,"당해 행위로 인하여 위해발생, 주변환경오염 및 경관훼손 등의 우려가 없고, 당해 물건을 쉽게 옮길 수 있는 경우로서 도시·군계획조례가 정하는 기준에 적합할 것",모름,pending
TITM-000608,TOBL-00127,UNIT-0392562,a901/p9/s0-3-4-4-3-4~2,입목의 벌채가 수반되지 아니할 것,규칙,18,입목의 벌채가 수반되지 아니할 것,모름,pending
TITM-000609,TOBL-00127,UNIT-0392562,a901/p9/s0-3-7-3-5,개발행위허가 허가대장 양식,생성,254,준공일 ⑥ 개발행위허가 신청관련 도서작성 책임자의 소속/기술등급/성명 ⑦ 개발행위허가 담당 공무원 직위/성명 (3) 개발행위허가 허가대장의 양식은 별표 2의 서식 2를 따른다. 제6장 재검토 기한 6-1-1 재검토 기한 국토교통부장관은 이 훈령에 대하여 「훈령ㆍ예규 등의 발령 및 관리에 관한 규정」에 따라 2021년 7월 1일 기준으로 매 3년이 되는 시점(매 3년째의 6월 30일까지를 말한다)마다 그 타당성을 검토하여 개선 등의 조치를 하여야 한다.,모름,pending
TITM-000610,TOBL-00128,UNIT-0392562,a901/p9/s0-2-1-5-3,허가권자,규칙,75,허가권자는 허가내용대로 사업이 완료되었다고 인정하는 경우에는 개발행위 준공검사 필증을 신청인에게 교부하여야 한다.(규칙 제11조제3항),Y(후보),pending
TITM-000611,TOBL-00128,UNIT-0392562,a901/p9/s0-2-2-1-5,까지에 해당하,규칙,117,까지에 해당하는 지역에 대하여는 1회에 한하여 2년 이내의 기간동안 개발행위허가의 제한을 연장할 수 있다. 이 경우 제한지역·제한사유·제한대상행위 및 제한기간을 미리 고시하여야 한다.(법 제63조제1항·제2항),Y(후보),pending
TITM-000612,TOBL-00128,UNIT-0392562,a901/p9/s0-2-2-1-5~2,기반시설부담구역,규칙,459,"기반시설부담구역으로 지정된 지역 2-3-2 국토교통부장관, 시·도지사, 시장·군수는 개발행위허가제한 기간내에도 도시·군관리계획의 변경 등으로 제한의 필요성이 없어진 경우 즉시 개발행위허가 제한을 해제하여야 한다. 제4절 도시·군계획시설부지에서의 개발행위 2-4-1. 도시·군계획시설결정의 고시일부터 10년 이내에 도시·군계획시설사업이 시행되지 아니하는 도시·군계획시설 부지로서 지목이 대인 토지에 대하여 매수청구를 하였으나 매수의무자가 매수하지 아니하기로 결정한 경우 또는 매수 결정을 알린 날부터 2년이 지날 때까지 매수하지 아니하는 경우에는 다음의 어느 하나에 해당하는 건축물 또는 공작물로서 조례로 정하는 건축물 또는 공작물에 대하여 법 제56조에 따라 개발행위허가를 할 수 있다. 이 경우 법 제58조(개발행위허가의 기준) 및 제64조(도시ㆍ군계획시설 부지에서의 개발행위)는 적용하지 아니한다.(법 제47조제7항)",Y(후보),pending
TITM-000613,TOBL-00128,UNIT-0392562,a901/p9/s0-2-2-1-4~2,공작물,규칙,115,"공작물 2-4-2 허가권자는 도시·군계획시설 부지에 대하여는 당해 도시·군계획시설이 아닌 건축물의 건축이나 공작물의 설치를 허가해서는 아니된다. 다만, 다음의 어느 하나에 해당하는 경우에는 허가할 수 있다.",Y(후보),pending
TITM-000614,TOBL-00128,UNIT-0392562,a901/p9/s0-2-4-2-5,사정이 변경되어 개발행위,규칙,427,"사정이 변경되어 개발행위를 계속적으로 시행하면 현저히 공익을 해칠 우려가 있다고 인정되는 경우의 그 개발행위허가를 받은 자 (6) 개발행위허가 또는 변경허가를 받고 그 허가받은 사업기간 동안 개발행위를 완료하지 아니한 자 2-5-2 허가권자는 개발행위허가를 취소 처분을 하고자 하는 경우에는 청문을 실시하여야 한다. (법 제136조) 제6절 기반시설 기부채납 운영기준 2-6-1. 개발행위허가를 함에 있어 기반시설 기부채납은 필요한 경우에 한하여 요구하도록 하며, 동 운영기준은 개발사업자에게 과도한 기부채납(공공시설 무상귀속 포함) 요구를 방지하기 위하여 규정한 사항으로 개발사업을 시행함에 있어 공공성의 확보와 적정 수준의 개발이익이 조화될 수 있도록 하고, 개발사업자의 정당한 재산권 행사를 제한하거나 사업 추진에 지장을 초래하는 과도한 기부채납은 지양한다.",Y(후보),pending
TITM-000615,TOBL-00128,UNIT-0392562,a901/p9/s0-2-6-6,기부채납 부담률 협의 결정,생성,162,"2-6-5의 기준을 적용함에 있어 지역실정 또는 개발여건이나 지역경제 활성화 차원에서 위 부담기준보다 낮거나 높은 비율로 협의 결정할 수 있으며, 기부채납을 요구하지 아니할 수 있다. 단, 기부채납 부담률을 위 최대 기준보다 높게 결정할 필요가 있는 경우에는 그 사유를 명백히 밝혀야 한다.",Y(후보),pending
TITM-000616,TOBL-00128,UNIT-0392562,a901/p9/s0-2-6-9-4-2,2 이상 용도지역에 걸치는 토지,생성,212,"(1)의 규정을 적용함에 있어서 개발행위허가의 대상인 토지가 2 이상의 용도지역에 걸치는 경우에는 각각의 용도지역에 위치하는 토지부분에 대하여 각각의 용도지역의 개발행위의 규모에 관한 규정을 적용한다. 다만, 개발행위허가의 대상인 토지의 총면적이 당해 토지가 걸쳐 있는 용도지역중 개발행위의 규모가 가장 큰 용도지역의 개발행위의 규모를 초과하여서는 아니 된다.(영 제55조제2항)",Y(후보),pending
TITM-000617,TOBL-00128,UNIT-0392562,a901/p9/s0-2-6-9-7-1,집단서식지ㆍ우량농지 보전 필요,생성,52,"조수류·수목 등의 집단서식지가 아니고, 우량농지 등에 해당하지 아니하여 보전의 필요가 없을 것",Y(후보),pending
TITM-000618,TOBL-00128,UNIT-0392562,a901/p9/s0-2-6-9-7-2,역사적ㆍ문화적 가치 원형보전 필요,생성,43,"역사적·문화적·향토적 가치, 국방상 목적 등에 따른 원형보전의 필요가 없을 것",Y(후보),pending
TITM-000619,TOBL-00128,UNIT-0392562,a901/p9/s0-2-6-9-7-3,토지의 형질변경 또는 토석채취의 경우에,규칙,323,"토지의 형질변경 또는 토석채취의 경우에는 표고·경사도·임상 및 인근 도로의 높이, 물의 배수 등을 참작하여 도시·군계획조례가 정하는 기준에 적합할 것. 다만, 다음의 어느 하나에 해당하는 경우에는 위해 방지, 환경오염 방지, 경관 조성, 조경 등에 관한 조치가 포함된 개발행위내용에 대하여 해당 개발행위허가권자에게 소속된 도시계획위원회(영 제55조제3항제3호의2 각 목 외의 부분 후단 및 제57조제4항에 따라 중앙도시계획위원회 또는 시·도도시계획위원회의 심의를 거치는 경우에는 중앙도시계획위원회 또는 시·도도시계획위원회를 말한다)의 심의를 거쳐 이를 완화하여 적용할 수 있다.",Y(후보),pending
TITM-000620,TOBL-00128,UNIT-0392562,a901/p9/s0-2-6-9-2~4,지형 여건 또는 사업수행상 도시·군계획조례가 정하,규칙,252,지형 여건 또는 사업수행상 도시·군계획조례가 정하는 기준을 그대로 적용하는 것이 불합리하다고 인정되는 경우 3-2-2 도시·군관리계획 (1) 용도지역별 개발행위의 규모 및 건축제한 기준에 적합할 것 (2) 개발행위허가제한지역에 해당하지 아니할 것 3-2-3 도시·군계획사업 (1) 도시·군계획사업부지에 해당하지 아니할 것(제2장제4절에 따라 허용되는 개발행위를 제외) (2) 개발시기와 가설시설의 설치 등이 도시·군계획사업에 지장을 초래하지 아니할 것,Y(후보),pending
TITM-000621,TOBL-00129,UNIT-0392800,a901/p9/s0-3-2-3,계획의 목표,규칙,589,"계획의 목표를 달성하기 위한 인구 및 사회ㆍ경제ㆍ환경 등과 관련된 주요지표를 아래와 같은 원칙에 따라 단계별로 제시하고 모니터링한다. (1) 인구지표는 국가데이터처의 장래인구추계와 상위계획 및 관련계획상의 객관적인 인구지표 등을 종합적으로 고려하여 광역계획권 전체 또는 생활권별로 제시하되, 필요한 경우 해당 지자체와의 충분한 협의를 거쳐 시ㆍ도별 또는 시ㆍ군별로 구분하여 제시할 수 있다. 한편, 광역계획권내 시ㆍ군이 도시ㆍ군기본계획에서 인구지표를 과도하게 설정하지 않도록 이 지침에 따른 기준을 토대로 인구지표 설정에 대한 적절한 가이드라인을 제시하여야 하며, 광역계획권 전체 인구지표와 광역계획권 내 시ㆍ군별 도시ㆍ군기본계획상 인구지표의 합계가 유사하도록 관리하여야 한다. (2) 사회ㆍ경제ㆍ환경 등과 관련된 지표는 기초조사 자료를 바탕으로 광역계획권 전체 또는 생활권별로 제시한다. 다만, 필요한 경우에는 시ㆍ도별, 시ㆍ군별로 구분하여 지표를 제시할 수 있다. (3) 도시ㆍ군계획시설과 관련된 지표는 기존 시설의 정비ㆍ활용방안, 신규 시설의 집행 가능성 등을 종합적으로 고려하여 과도하게 설정되지 않도록 한다. 제3절 공간구조구상 및 기능분담계획",모름,pending
TITM-000622,TOBL-00129,UNIT-0392800,a901/p9/s0-3-4-1-3-3,시가화예정용지,규칙,220,"시가화예정용지는 광역계획권의 개발밀도, 인구 증감, 고용 및 소득 변화 등을 종합적으로 분석하여 광역계획권 전체의 성장관리 측면에서 적합한 위치로 선정될 수 있도록 기준을 제시하고, 정해진 위치가 기존 시가지의 공동화 방지, 도시 간ㆍ생활권 간 균형개발, 발전축ㆍ교통축ㆍ보전축과의 정합성, 도시 간의 연담화 방지, 기반시설의 확보, 환경과의 조화 측면에서 문제가 없는지 충분히 검토하여야 한다.",모름,pending
TITM-000623,TOBL-00129,UNIT-0392800,a901/p9/s0-3-4-1-3-5,개발제한구역 시가화용지 전환,생성,290,"광역계획권의 미래상 달성 및 공간구조 형성에 기여하고 도시권의 경쟁력을 강화하기 위해 시가화용지나 시가화예정용지를 활용하여 전략사업을 추진하고자 할 경우에는 해당 사업의 개략적인 위치와 개발방향을 제시할 수 있다. (6) 개발제한구역을 시가화용지로 전환하여 활용하고자 하는 경우에는 광역계획권 내에서 개발제한구역 외에 활용가능한 토지가 없거나 개발제한구역을 우선적으로 활용해야 하는 사유를 충분히 입증하여야 하며, 그 위치와 개발방향이 개발제한구역의 지정 및 관리에 관한 특별조치법에서 정하는 기준에도 부합하여야 한다.",모름,pending
TITM-000624,TOBL-00129,UNIT-0392800,a901/p9/s0-3-4-5-2,광역시설,규칙,53,광역시설은 광역계획권 전체를 대상으로 적정 배치하여 중복투자가 발생하지 않도록 계획하여야 한다.,모름,pending
TITM-000625,TOBL-00129,UNIT-0392800,a901/p9/s0-3-4-8-4,연안침식이 심각하거나 우려되,규칙,73,"연안침식이 심각하거나 우려되는 지역, 해수면 상승의 영향을 고려할 필요가 있는 지역은 방조설비 설치 등의 방재대책을 마련해야 한다.",모름,pending
TITM-000626,TOBL-00129,UNIT-0392800,a901/p9/s0-3-4-8-5,수변공간,규칙,159,"수변공간을 친환경적으로 이용ㆍ개발할 경우에도 해안ㆍ하천ㆍ지천 등의 방재기능이 충분히 유지ㆍ확보되어야 한다. (6) 대형 안전사고나 감염병 대유행 등에 대비하여 생활권별로 충분한 오픈스페이스를 확보하고, 광역계획권 차원의 대응을 위한 지원ㆍ협력체계를 구축한다. 제5절 개발제한구역의 조정",모름,pending
TITM-000627,TOBL-00129,UNIT-0392800,a901/p9/s0-3-5-1-4,광역계획권의 녹지체계,규칙,196,"광역계획권의 녹지체계를 훼손하는 개발제한구역 해제는 원칙적으로 금지하며, 광역녹지축상에 이미 훼손된 지역에 대해서는 해제하여 활용하기보다는 녹지 및 생태계 복원 필요지역으로 지정하여 환경적 가치를 복원하는 것을 우선한다. (5) 개발제한구역에서 해제된 지역은 원칙적으로 저밀도 개발을 유도하고 주변지역과 조화를 이루도록 경관계획 등을 수립하여야 한다.",모름,pending
TITM-000628,TOBL-00129,UNIT-0392800,a901/p9/s0-3-5-2-1,입안권자,규칙,168,"입안권자는 개발제한구역을 해제할 수 있는 최대 면적(이하 ""해제가능총량""이라 한다)의 설정과 관련하여 중앙도시계획위원회의 사전자문(도지사가 광역도시계획의 승인권자인 경우에도 그러하다) 등을 받아야 하며, 중앙도시계획위원회는 사전자문을 통해 해제가능총량의 상한(上限) 및 사용조건 등을 제시할 수 있다.",모름,pending
TITM-000629,TOBL-00129,UNIT-0392800,a901/p9/s0-3-5-2-2,해제가능총량,규칙,126,"해제가능총량은 객관적인 방법에 따라 추정된 목표연도까지의 개발수요에 근거하여 설정하되 개발수요가 광역계획권의 미래상과 발전전략, 공간구조, 가용토지 현황 및 녹지체계 유지ㆍ관리방안 등에 부합하는지를 종합적으로 검토하여야 한다.",모름,pending
TITM-000630,TOBL-00130,UNIT-0392800,a901/p9/s0-4-1-3,계획안 작성 광역계획권의 현황분석 결과,규칙,145,"계획안 작성 광역계획권의 현황분석 결과와 도출된 이슈를 바탕으로 광역도시계획의 수립목표와 전략이 달성될 수 있도록 계획안을 작성하고, 광역도시계획서 작성양식 등은 별표2를 준수하여야 한다. 이 과정에서 필요한 경우 전문연구기관 또는 용역기관을 활용할 수 있다.",Y(후보),pending
TITM-000631,TOBL-00130,UNIT-0392800,a901/p9/s0-4-1-4-2,국토교통부장관,규칙,146,"국토교통부장관은 광역도시계획의 수립 또는 변경에 관하여 특별시장ㆍ광역시장ㆍ도지사 간에 상호 협의가 제대로 이루어지지 아니하는 경우에는 적극적으로 중재하여 조속한 시일 내에 협의가 이루어지도록 노력하여야 하며, 시ㆍ도지사는 국토교통부장관의 조정의견에 따라야 한다.",Y(후보),pending
TITM-000632,TOBL-00130,UNIT-0392800,a901/p9/s0-4-1-4-3,국토교통부장관이 국가계획에 관한 사항,규칙,84,국토교통부장관이 국가계획에 관한 사항을 광역도시계획에 반영하고자 할 때는 관계 시ㆍ도지사와 충분한 협의를 거쳐야한다. 제2절 주민 및 관계기관 의견청취,Y(후보),pending
TITM-000633,TOBL-00130,UNIT-0392800,a901/p9/s0-4-2-3,지방의회 및 지방자치단체 의견청취 입안권자,규칙,106,"지방의회 및 지방자치단체 의견청취 입안권자는 광역도시계획(안)에 대하여 미리 관계 시ㆍ도, 시 또는 군의 의회와 관계 시장 또는 군수의 의견을 들어야 한다. 제3절 광역도시계획 승인 및 확정",Y(후보),pending
TITM-000634,TOBL-00130,UNIT-0392800,a901/p9/s0-4-3-5,공고ㆍ열람 시ㆍ도지사 시장 또는 군수,규칙,195,"공고ㆍ열람 시ㆍ도지사, 시장 또는 군수는 광역도시계획을 승인받은 때에는 지체없이 이를 공고하고 일반이 열람할 수 있도록 하여야 하며, 계획의 일부 내용을 보완하는 조건으로 승인ㆍ확정된 경우에는 내용을 보완하고 설명도를 삽입하는 등 동 계획서를 보완한 후 최종 광역도시계획서를 색도 인쇄하여 국토교통부장관 또는 도지사에게 제출한다. 제4절 절차의 진행",Y(후보),pending
TITM-000635,TOBL-00131,UNIT-0392800,a901/p9/s0-5-1,광역도시계획에 도시ㆍ군기본계획에 포함되어야 할 내용들,규칙,177,"광역도시계획에 도시ㆍ군기본계획에 포함되어야 할 내용들을 모두 포함하여 수립하는 경우, 광역계획권에 관할구역 전부가 포함된 시ㆍ군은 도시ㆍ군기본계획을 수립하지 아니할 수 있다. 5-2. 도시ㆍ군기본계획을 대체하기 위한 목적으로 광역도시계획을 수립하는 경우에는 도시ㆍ군기본계획수립지침에 부합하도록 계획을 수립하여야 한다.",모름,pending
TITM-000636,TOBL-00131,UNIT-0392800,a901/p9/s0-5-4,국토교통부장관,규칙,132,국토교통부장관은 이 훈령에 대하여 「훈령ㆍ예규 등의 발령 및 관리에 관한 규정」에 따라 2021년 1월 1일 기준으로 매 3년이 되는 시점(매 3년째의 12월 31일까지를 말한다)마다 그 타당성을 검토하여 개선 등의 조치를 하여야 한다.,모름,pending
TITM-000637,TOBL-00132,UNIT-0392810,a901/n4/s0,개발밀도관리구역 기반시설 변화 검토,생성,85,4. 개발밀도관리구역안의 기반시설의 변화를 주기적으로 검토하여 용적률을 강화 또는 완화하거나 개발밀도관리구역을 해제하는 등 필요한 조치를 취하도록 할 것,모름,pending
TITM-000638,TOBL-00133,UNIT-0392810,a901/n4/s0-1-4-4-1,기반시설부담구역,규칙,64,기반시설부담구역은 기반시설이 적절하게 배치될 수 있는 규모로서 최소 10만 제곱미터 이상의 규모가 되도록 지정할 것,Y(후보),pending
TITM-000639,TOBL-00133,UNIT-0392810,a901/n4/s0-1-4-4-2,소규모 개발행위가 연접하여 시행될 것으로 예상되,규칙,67,소규모 개발행위가 연접하여 시행될 것으로 예상되는 지역의 경우에는 하나의 단위구역으로 묶어서 기반시설부담구역을 지정할 것,Y(후보),pending
TITM-000640,TOBL-00133,UNIT-0392810,a901/n4/s0-1-4-4-3,기반시설부담구역의 경계,규칙,369,"기반시설부담구역의 경계는 도로, 하천, 그 밖의 특색 있는 지형지물을 이용하는 등 경계선이 분명하게 구분되도록 할 것 제2장 개발밀도관리구역 제1절 일반원칙 2-1-1. 개발밀도관리구역은 시장ㆍ군수가 주거지역ㆍ상업지역 또는 공업지역안에서 개발행위로 인하여 기반시설의 처리ㆍ공급ㆍ수용능력이 부족할 것으로 예상되는 지역중 기반시설의 설치가 곤란한 지역에 대하여 지정한다. 2-1-2. 개발밀도관리구역의 지정기준인 기반시설은 도로ㆍ수도공급설비ㆍ하수도 및 학교이며, 개발밀도관리구역은 이 중 어느 하나라도 용량이 부족할 것으로 예상되는 지역에 대하여 지정될 수 있다. 2-1-3. 개발밀도관리구역으로 지정된 지역에 대하여는 용적률을 강화하여 적용한다. 제2절 지정절차",Y(후보),pending
TITM-000641,TOBL-00134,UNIT-0392810,a901/n4/s0-2-2-2,시장ㆍ군수,규칙,103,시장ㆍ군수는 개발밀도관리구역을 지정ㆍ변경하고자 하는 경우에는 개발밀도관리구역의 명칭ㆍ범위와 용적률의 강화범위를 포함한 지정(안)을 마련하여 해당 지방도시계획위원회의 심의를 거쳐야 한다.,Y(후보),pending
TITM-000642,TOBL-00134,UNIT-0392810,a901/n4/s0-2-4-6-3,학교시설기준에 의하여 개발밀도관리구역,규칙,94,학교시설기준에 의하여 개발밀도관리구역을 지정할 경우 대상지역의 인구증가에 따른 학생증가와 대상지역안의 학교의 증축ㆍ개축 등에 따른 수용능력의 증가 등을 고려하여야 한다.,Y(후보),pending
TITM-000643,TOBL-00134,UNIT-0392810,a901/n4/s0-2-5-3,시장ㆍ군수,규칙,142,"시장ㆍ군수는 개발밀도관리구역으로 지정된 지역에 대하여 2년에 1회 이상 도시관리계획, 수도ㆍ하수도정비기본계획 등 관련계획, 시설물유지관리시스템 또는 별도의 기반시설연동시스템 등에 의하여 기반시설의 처리ㆍ공급ㆍ수용능력과 수요량의 변화추이를 측정하여야 한다.",Y(후보),pending
TITM-000644,TOBL-00134,UNIT-0392810,a901/n4/s0-2-5-3~2,기반시설 변화 검토와 필요한 조치,생성,117,"의 방법 등에 의하여 개발밀도관리구역안의 기반시설의 변화를 주기적으로 검토하여, 용적률을 강화 또는 완화하거나 개발밀도관리구역을 해제하는 등 필요한 조치를 취하여야 한다. 제3장 기반시설부담구역 제1절 일반원칙",Y(후보),pending
TITM-000645,TOBL-00135,UNIT-0392810,a901/n4/s0-3-2-2,시장ㆍ군수,규칙,166,"시장ㆍ군수는 기반시설부담구역을 지정ㆍ변경하고자 할 경우에는 기반시설부담구역의 명칭ㆍ위치ㆍ면적 및 지정일자를 포함한 지정(안)을 작성하여 주민의 의견을 들어야 하며, 해당 지방도시계획위원회의 심의를 거쳐야 한다. 이 경우 주민의 의견청취에 관하여는 법 제28조제1항부터 제4항까지의 규정을 준용한다.",Y(후보),pending
TITM-000646,TOBL-00135,UNIT-0392810,a901/n4/s0-3-2-3,시장ㆍ군수,규칙,104,시장ㆍ군수는 기반시설부담구역을 지정하거나 변경하였으면 구역의 명칭ㆍ위치ㆍ면적 및 지정일자와 관계 도서의 열람방법을 해당 지자체의 공보와 인터넷 홈페이지에 고시하여야 한다. 제3절 지정기준,Y(후보),pending
TITM-000647,TOBL-00135,UNIT-0392810,a901/n4/s0-3-3-3,시장ㆍ군수가,규칙,153,시장ㆍ군수가 3-3-1 및 3-3-2에 따라 건축물의 용도가 확대되거나 규모가 증가되어 구역을 지정하고자 하는 경우에는 구역 지정 대상지역의 개발밀도나 규모 등의 증가로 인하여 장래 기반시설 부족을 초래할 우려가 있는지 등을 충분히 고려하여 구역지정 여부를 판단하여야 한다.,Y(후보),pending
TITM-000648,TOBL-00136,UNIT-0392813,a901/p3/s0-3-3-6,기반시설 설치의무,규칙,127,"기반시설 설치의무를 회피할 목적으로 소규모로 개발하거나 분할하여 개발하는 사례를 방지하기 위하여, 소규모 개발행위가 연접하여 시행될 것으로 예상되는 지역의 경우에는 하나의 단위구역으로 묶어서 기반시설부담구역으로 지정하여야 한다.",Y(후보),pending
TITM-000649,TOBL-00136,UNIT-0392813,a901/p3/s0-3-4-5,기반시설부담구역안,규칙,102,기반시설부담구역안에서 주택건설사업 등 다른 법령의 규정에 의하여 개발사업을 시행할 경우 기반시설의 확보는 이 지침에서 정한 기준뿐 아니라 해당 법령에서 정한 기준에도 적합하여야 한다.,Y(후보),pending
TITM-000650,TOBL-00136,UNIT-0392813,a901/p3/s0-3-4-7,기반시설 설치 및 용지 확보,생성,91,3-4-6.에서 정한 기반시설설치비용 부과대상인 건축행위를 하는 자는 기반시설부담계획이 정하는 바에 따라 기반시설을 설치하거나 그에 필요한 용지를 확보하여야 한다.,Y(후보),pending
TITM-000651,TOBL-00136,UNIT-0392813,a901/p3/s0-3-4-8,기반시설,규칙,84,기반시설을 부담하여야 하는 건축물의 종류는 「건축법 시행령」 별표 1에  따른 용도별 건축물을 말한다. 다만 영 별표 1에서 규정한 건축물은 제외한다.,Y(후보),pending
TITM-000652,TOBL-00136,UNIT-0392813,a901/p3/s0-3-5-4-4,기반시설의 종류 위치 및 규모 등 기반시설의 배치계획,규칙,87,"기반시설의 종류, 위치 및 규모 등 기반시설의 배치계획은 당해 기반시설부담구역의 토지이용계획 또는 향후 예상되는 개발수요를 감안하여 적정하게 정하여야 한다.",Y(후보),pending
TITM-000653,TOBL-00136,UNIT-0392813,a901/p3/s0-3-6-2,기반시설설치계획,규칙,95,"기반시설설치계획은 기반시설부담구역의 지정고시일로부터 1년 이내에 수립ㆍ고시되어야 하며, 그러하지 아니할 경우 그 1년이 되는 날의 다음날에 그 지정이 해제된 것으로 본다.",Y(후보),pending
TITM-000654,TOBL-00136,UNIT-0392813,a901/p3/s0-3-7-3-1,납부의무자가 설치하거나 그에 필요한 용지,규칙,61,납부의무자가 설치하거나 그에 필요한 용지를 확보하여야 하는 기반시설의 종류ㆍ위치ㆍ규모 등 기반시설에 대한 계획,Y(후보),pending
TITM-000655,TOBL-00136,UNIT-0392813,a901/p3/s0-3-7-4-1,총부담비용,규칙,101,"총부담비용은 각 시설별로 소요되는 용지보상비ㆍ공사비 등 합리적 근거를 기준으로 산출하고, 기반시설의 설치 또는 용지 확보에 필요한 비용을 초과하여 과다하게 산정되지 아니하도록 할 것",Y(후보),pending
TITM-000656,TOBL-00136,UNIT-0392813,a901/p3/s0-3-7-4-2,각 납부의무자의 부담분,규칙,61,각 납부의무자의 부담분은 건축물의 연면적ㆍ용도 등을 종합적으로 고려하여 합리적이고 형평에 맞게 정하도록 할 것,Y(후보),pending
TITM-000657,TOBL-00136,UNIT-0392813,a901/p3/s0-3-7-4-3,기반시설부담계획의 수립시기,규칙,116,기반시설부담계획의 수립시기와 기반시설의 설치 또는 용지의 확보에 필요한 비용의 납부시기가 일치하지 아니하는 경우에는 물가상승률 등을 고려하여 부담분을 조정할 수 있도록 할 것 제8절 기반시설부담계획의 수립절차,Y(후보),pending
TITM-000658,TOBL-00136,UNIT-0392813,a901/p3/s0-3-8-3,시장ㆍ군수,규칙,81,시장ㆍ군수는 기반시설부담계획을 수립하거나 변경하였으면 기반시설부담계획의 내용과 열람방법을 해당 지자체의 공보와 인터넷 홈페이지에 고시하여야 한다.,Y(후보),pending
TITM-000659,TOBL-00137,UNIT-0392817,a901/p3/n4/s0-3-11-4,영 제70조제3항 각 호의 토지의 가액이,규칙,137,영 제70조제3항 각 호의 토지의 가액이 2 이상인 경우에는 부과기준시점으로부터 가장 최근의 토지가격을 적용한다. 다만 영 제70조제3항제2호 내지 제5호의 토지의 가액은 부과기준시점부터 1년 이내의 시점을 가격시점으로 하는 토지가액이어야 한다.,Y(후보),pending
TITM-000660,TOBL-00137,UNIT-0392817,a901/p3/n4/s0-3-11-7,실제 투입 설치비용 인정과 일반관리비,생성,339,"「국토의 계획 및 이용에 관한 법률 시행규칙」(이하 ""규칙""이라 한다) 제11조의2에 따라 납부의무자가 실제 투입한 설치비용을 인정하는 경우에는 납부의무자가 실제 투입되었다고 제출하는 일부 기반시설만을 대상으로 하지 않고 해당 건축행위에 따라 설치한 모든 기반시설 설치비용에서 당초 공제받은 금액 전체를 차감하여 기반시설설치비용의 범위 내에서 정산하여야 한다. 3-11-8. 일반관리비는 규칙 별표의 규정에 따라 산정한 순공사비, 조사비, 설계비에 속하지 아니하는 비용 중 예정가격 작성기준(기획재정부 회계예규) 제12조에 열거된 임원급료, 사무실 직원의 급료 등의 비용으로서 동 규정을 준용하여 산정한다.",Y(후보),pending
TITM-000661,TOBL-00137,UNIT-0392817,a901/p3/n4/s0-3-12-3,법인이 합병된 때에,규칙,82,법인이 합병된 때에는 합병 후 법인 또는 합병으로 설립된 법인은 종전의 법인이 납부하여야 할 기반시설설치비용ㆍ가산금과 체납처분비를 납부하여야 한다.,Y(후보),pending
TITM-000662,TOBL-00137,UNIT-0392817,a901/p3/n4/s0-3-12-4,상속이 개시된 때에,규칙,87,상속이 개시된 때에는 그 상속인 또는 상속재산관리인은 상속재산의 범위 내에서 피상속인이 납부하여야 할 기반시설설치비용ㆍ가산금과 체납처분비를 납부하여야 한다.,Y(후보),pending
TITM-000663,TOBL-00137,UNIT-0392817,a901/p3/n4/s0-3-12-6,연대납부의무자에게 기반시설설치비용,규칙,80,"연대납부의무자에게 기반시설설치비용을 부과ㆍ고지할 때에는 연대납부의무자 전원을 고지서에 기재하여야 하며, 각자 모두에게 고지서를 발부하여야 한다.",Y(후보),pending
TITM-000664,TOBL-00137,UNIT-0392817,a901/p3/n4/s0-3-13-1,시장ㆍ군수,규칙,162,"시장ㆍ군수는 기반시설설치비용을 부과하려면 부과기준시점부터 30일 이내에 납부의무자에게 적용되는 부과기준 및 부과될 기반시설설치비용을 미리 알려야 하며, 법 제69조제2항에 따라 기반시설설치비용을 부과하려면 납부금액 및 산출근거, 납부기한, 납부장소 등을 기재한 납부고지서를 발급하여야 한다.",Y(후보),pending
TITM-000665,TOBL-00137,UNIT-0392817,a901/p3/n4/s0-3-13-2,시장ㆍ군수,규칙,114,시장ㆍ군수는 기반시설설치비용을 부과한 후 그 내용에 누락이나 오류가 있는 것을 발견한 경우에는 즉시 부과한 기반시설설치비용을 조사하여 정정하고 그 정정 납부고지서를 지체없이 납부의무자에게 발부하여야 한다.,Y(후보),pending
TITM-000666,TOBL-00137,UNIT-0392817,a901/p3/n4/s0-3-13-3,납부의무자가 부담금액 등에 이의가 있는 경우,규칙,151,"납부의무자가 부담금액 등에 이의가 있는 경우는 예정통지를 받은 날로 부터 15일 이내에 이의를 증명할 수 있는 자료를 첨부하여 시장ㆍ군수에게 이의를 신청하고, 시장ㆍ군수는 이의신청을 받은 날부터 15일 이내에 이를 심의하여 그 결과를 신청인에게 서면으로 통보하여야 한다.",Y(후보),pending
TITM-000667,TOBL-00137,UNIT-0392817,a901/p3/n4/s0-3-13-4,기반시설설치비용의 분할납부,규칙,163,"기반시설설치비용의 분할납부를 신청하고자 하는 자는 부담비용ㆍ개발면적ㆍ위치ㆍ분할납부사유 등을 기재한 분할납부 신청서를 납부고지일부터 15일 이내에 시장ㆍ군수에게 신청하여야 하고, 신청을 받은 시장ㆍ군수는 신청을 받은 날부터 15일 이내에 신청인에게 분할납부 허가여부를 서면으로 통지하여야 한다.",Y(후보),pending
TITM-000668,TOBL-00137,UNIT-0392817,a901/p3/n4/s0-3-13-5,시장ㆍ군수,규칙,95,시장ㆍ군수는 납부를 연기한 기간 또는 분할 납부로 납부가 유예되는 기간에 대하여는 기반시설설치비용에 국세기본법 시행령 제30조제2항에 따른 이자를 더하여 징수하여야 한다.,Y(후보),pending
TITM-000669,TOBL-00137,UNIT-0392817,a901/p3/n4/s0-3-13-6,건축허가사항의 변경(준공당시 경미한 사항의 변경,규칙,100,건축허가사항의 변경(준공당시 경미한 사항의 변경을 포함한다)에 따라 기반시설설치비용을 재산정하여 부과하는 경우에도 예정통지 등 최초 건축행위시와 같은 부과ㆍ징수절차를 거쳐야 한다.,Y(후보),pending
TITM-000670,TOBL-00137,UNIT-0392817,a901/p3/n4/s0-3-13-8,영 제70조의7제1항에 따라 물납이 인정되,규칙,97,영 제70조의7제1항에 따라 물납이 인정되는 토지는 해당 부과대상 토지 또는 그와 유사한 토지로서 해당 지방자치단체에서 직접 활용할 수 있거나 처분이 가능한 토지이어야 한다.,Y(후보),pending
TITM-000671,TOBL-00137,UNIT-0392817,a901/p3/n4/s0-3-13-11,납부연기ㆍ분할납부의 효력,생성,173,3-13-10.의 규정에 의한 납부연기 또는 분할납부의 효력은 해당 납부의무자에 한하여 유효하며 납부의무자가 변경된 경우에는 기존 납부의무자에게 부여된 납부연기 또는 분할납부의 효력은 중단된다. 이 경우 시장ㆍ군수는 납부의무자의 지위를 승계한 자에게 지체 없이 정상적인 납부기일을 다시 정하여 부과하여야 한다.,Y(후보),pending
TITM-000672,TOBL-00137,UNIT-0392817,a901/p3/n4/s0-3-13-12,납부연기 또는 분할납부 중인 납부의무자로부터 그 지위,규칙,273,"납부연기 또는 분할납부 중인 납부의무자로부터 그 지위를 승계한 자가 납부연기 또는 분할납부를 신청하는 경우에는 당초 납부의무자의 납부연기 또는 분할납부의 잔여기간 범위내로 하여야 한다. 3-13-13. 분할납부는 월, 분기 또는 반기단위로 4회 원리금 균등분할상환방식으로 한다. 분할납부 기간이 1년인 경우에는 분기 단위로, 2년인 경우에는 반기로 하며 1년 또는 2년으로 한정되지 아니한 경우에는 시장ㆍ군수가 분기 또는 반기 4회 원리금 균등분할상환방식을 적의 조정하여 사용할 수 있다.",Y(후보),pending
TITM-000673,TOBL-00137,UNIT-0392817,a901/p3/n4/s0-3-13-14,시장ㆍ군수,규칙,91,시장ㆍ군수는 영 제70조의9의 규정에 의한 독촉장 발송 이후에도 징수를 위하여 가능한 필요한 조치를 하여야 하며 결손을 최소화 할 수 있는 조치를 강구하여야 한다.,Y(후보),pending
TITM-000674,TOBL-00137,UNIT-0392817,a901/p3/n4/s0-3-13-20-1,시장ㆍ군수,규칙,160,"시장ㆍ군수는 납부의무자가 국가 또는 지방자치단체로부터 건축허가를(다른 법률에 따른 사업승인)를 받은 날부터 2개월 이내에 기반시설설치비용을 부과하여야 하고, 납부의무자는 사용승인(다른 법률에 따라 준공검사 등 사용승인이 의제되는 경우에는 그 준공검사) 신청시 까지 이를 납부하여야 한다.",Y(후보),pending
TITM-000675,TOBL-00137,UNIT-0392817,a901/p3/n4/s0-3-13-20-3,선납부의무자가 기반시설,규칙,150,선납부의무자가 기반시설을 직접 설치한 경우 그 설치비용중 해당 납부의무자의 부담분을 초과하는 설치비용은 설치시기와 상환시기의 기간을 고려하여 시중의 평균 정기예금이자율의 범위안에서 할부이자를 가산하여 상환하여야 한다. 제14절 기반시설의 설치 및 기반시설설치비용의 관리,Y(후보),pending
TITM-000676,TOBL-00137,UNIT-0392817,a901/p3/n4/s0-3-14-1-1,납부의무자,규칙,66,납부의무자는 당해 개발행위에 대한 준공검사를 신청하기 전까지 기반시설을 설치하거나 그에 필요한 용지를 확보하여야 한다.,Y(후보),pending
TITM-000677,TOBL-00137,UNIT-0392817,a901/p3/n4/s0-3-14-1-2,시장ㆍ군수,규칙,101,시장ㆍ군수는 납부의무자로부터 기반시설설치비용을 납부받은 경우에는 당해 납부의무자가 건축물에 대한 사용검사를 신청하기 전까지 기반시설을 설치하거나 그에 필요한 용지를 확보하여야 한다.,Y(후보),pending
TITM-000678,TOBL-00137,UNIT-0392817,a901/p3/n4/s0-3-14-1-5,시장ㆍ군수,규칙,107,시장ㆍ군수는 단계별 개발이 필요한 경우에 선납부의무자가 기반시설을 직접 설치하고자 하는 경우 이를 설치하도록 하되 그 설치비용중 해당 납부의무자의 부담분을 초과하는 설치비용은 상환하여야 한다.,Y(후보),pending
TITM-000679,TOBL-00137,UNIT-0392817,a901/p3/n4/s0-3-14-1-1~2,기반시설부담구역의 규모가 학교ㆍ폐기물처리시설등,규칙,88,기반시설부담구역의 규모가 학교ㆍ폐기물처리시설등과 같은 기반시설을 설치하여야 하는 최소기준에 미달하는 경우 (2) 개발행위가 시간적 차이를 두고 이루어지는 경우,Y(후보),pending
TITM-000680,TOBL-00137,UNIT-0392817,a901/p3/n4/s0-3-14-4-1,납부의무자가 납부한 기반시설설치비용,규칙,75,납부의무자가 납부한 기반시설설치비용은 당해 기반시설부담구역안의 기반시설의 설치 또는 그에 필요한 용지의 확보에 한하여 사용하여야 한다.,Y(후보),pending
TITM-000681,TOBL-00137,UNIT-0392817,a901/p3/n4/s0-3-14-4-4,납부의무자가 납부한 기반시설설치비용,규칙,198,"납부의무자가 납부한 기반시설설치비용은 기반시설부담구역별 기반시설설치계획 및 기반시설부담계획 수립, 기반시설부담구역에서 건축물의 신ㆍ증축행위로 유발되는 기반시설의 신규설치, 그에 필요한 용지 확보 또는 기존 기반시설의 개량, 기반시설부담구역별로 설치하는 특별회계의 관리 및 운영 등을 위한 용도로 사용하여야 한다. 제4장 도서작성지침 제1절 관계서류의 작성",Y(후보),pending
TITM-000682,TOBL-00138,UNIT-0392835,a901/p7/s0-1-6-2-1,계획설명서에,규칙,440,"계획설명서에는 기초조사결과서, 토지적성평가검토서, 재해취약성분석 결과서, 교통성검토서, 환경성검토서, 경관검토서, 도시ㆍ군계획시설 재검토서(장기미집행 시설을 해제하는 경우에는 해제 이후의 관리방안을 포함한다)가 첨부되어야 한다. 다만, 도시ㆍ군관리계획이 「도시교통정비촉진법」 제15조에 따른 교통영향평가 대상인 경우에는 교통성 검토서를 교통영향분석 및 개선대책으로 대체할 수 있다. 1-6-2-2. 도시ㆍ군기본계획을 수립하는 시ㆍ군 중 용도지역을 상향조정하고자 하는 지역, 도시ㆍ군계획시설을 설치하거나 도시ㆍ군계획사업을 시행하기 위하여 도시ㆍ군관리계획을 수립하는 지역에 대하여는 교통성검토서 및 환경성검토서를 별도로 작성하여야 한다. 다만, 도시ㆍ군관리계획이 「도시교통정비촉진법」 제15조에 따른 교통영향평가 대상인 경우에는 교통성 검토서를 교통영향분석 및 개선대책으로 대체할 수 있다.",모름,pending
TITM-000683,TOBL-00139,UNIT-0392835,a901/p7/s0-2-1-1,법 제27조(도시ㆍ군관리계획의 입안,규칙,358,"법 제27조(도시ㆍ군관리계획의 입안을 위한 기초조사)에 따라 의무화된 사항으로서 기초조사의 내용, 조사 및 분석방법, 결과의 관리, 활용 등에 관하여 필요한 사항을 규정하는 것을 목적으로 한다. 제2장 기초조사 방법 2-2-1. 도시ㆍ군관리계획의 입안을 위한 기초조사는 「도시ㆍ군기본계획수립지침」 [별표]에 규정된 조사항목에 대해 같은 지침에서 정하고 있는 기초조사 방법을 준용하여 실시하며, 기초조사의 내용에는 도시ㆍ군관리계획이 환경에 미치는 영향 등에 관한 환경성검토(제7편 참조), 「토지의 적성평가에 관한 지침」에 따른 토지적성평가와 「도시기후변화 재해취약성분석 및 활용에 관한 지침」에 따라 실시한 재해취약성분석을 포함하여야 한다.",모름,pending
TITM-000684,TOBL-00140,UNIT-0392843,a901/p15/s0-2-2-5,기초조사 자료의 활용성 제고,규칙,55,기초조사 자료의 활용성 제고를 위해 그 결과는 시각화 및 지도정보화하여야 한다. 제3장 자료의 활용,모름,pending
TITM-000685,TOBL-00141,UNIT-0392843,a901/p15/s0-3-1-1-1,용도지역계획,규칙,163,"용도지역계획은 합리적인 공간구조의 형성, 교통계획, 기반시설 배치계획, 주거환경보호 및 경관 등과의 상호 관련성을 고려하여 시ㆍ군의 규모별 또는 시가지의 특성에 따라 적절히 지정하고, 도시기능수행과 효율적인 교통처리 및 생활환경의 질적 향상 등을 도모할 수 있도록 합리적으로 계획하여야 한다.",Y(후보),pending
TITM-000686,TOBL-00141,UNIT-0392843,a901/p15/s0-3-1-1-2,보전이 필요한 지역에 대한 보전용도의 용도지역,규칙,159,보전이 필요한 지역에 대한 보전용도의 용도지역을 우선하여 부여하고 나머지 개발이 필요한 지역에 대하여 공간구조와 생활권 배치에 따라 적절한 용도지역을 부여하도록 한다. 보전용도의 용도지역을 지정할 때는 생태계가 연결될 수 있도록 가급적 녹지축이 단절되지 않는 방향으로 계획하여야 한다.,Y(후보),pending
TITM-000687,TOBL-00141,UNIT-0392843,a901/p15/s0-3-1-1-3,자연환경ㆍ경관 양호 지역의 보존대책,생성,130,"자연환경이나 경관이 양호한 지역, 희귀 및 멸종위기 야생동ㆍ식물의 분포지역, 상수원보호 및 역사적ㆍ문화적 가치가 있는 지역은 개발용도의 용도지역을 부여하지 않도록 하고, 관계 행정기관과 충분한 협의를 거쳐 보존대책을 마련하여야 한다.",Y(후보),pending
TITM-000688,TOBL-00141,UNIT-0392843,a901/p15/s0-3-1-1-6-1,개발제한구역 해제 심의 내용의 이행,생성,352,"「개발제한구역의 지정 및 관리에 관한 특별조치법」 제8조에 따른 개발제한구역 해제를 위한 도시ㆍ군관리계획 결정시 중앙도시계획위원회(특별시장ㆍ광역시장ㆍ특별자치시장ㆍ도지사ㆍ특별자치도지사(이하 ""시ㆍ도지사""라 한다)가 결정한 경우 지방도시계획위원회)의 심의 내용 및 조건을 이행하도록 수립하여야 한다. 다만, 중앙(지방)도시계획위원회의 심의 내용 및 조건을 변경하는 경우 국토교통부장관(시ㆍ도지사)과 협의하여야 하고, 국토교통부장관(시ㆍ도지사)이 개발계획 주요사항(개발 목적, 용도지역ㆍ개발밀도 등 토지이용계획 및 기반시설계획의 주요사항 등)의 중대한 변경에 해당한다고 판단하는 경우에는 중앙(지방)도시계획위원회의 심의를 거쳐야 한다.",Y(후보),pending
TITM-000689,TOBL-00141,UNIT-0392843,a901/p15/s0-3-1-1-6-2,해제지역 개발사업 계획 변경 협의,생성,131,"(1)에도 불구하고 수도권외의 지역에서 개발제한구역 해제지역의 면적이 30만 제곱미터를 초과하는 개발사업의 계획을 변경하는 경우에는 국토교통부장관과 협의하여야 하고, 협의결과가 개발제한구역의 조정을 위한 도시ㆍ군관리계획 변경안 수립지침",Y(후보),pending
TITM-000690,TOBL-00142,UNIT-0392843,a901/p15/s0-4-2-2-5,각 호에 해당하,규칙,511,"각 호에 해당하는 경우 등 필요하다고 인정한 경우에는 중앙도시계획위원회의 심의를 거쳐야 한다. (3) 집단취락 해제지역은 집단주거밀도ㆍ주변토지이용상황ㆍ자연환경 등에 따라 적정하게 자연녹지지역 또는 주거지역 등의 용도지역을 부여하되, 주거지역으로 변경하는 경우에는 제1종 전용주거지역 또는 제1종 일반주거지역으로 계획하여 저층ㆍ저밀도로 정비한다. 다만, 집단취락의 규모 등에 따라 전략환경영향평가 결과를 고려하여 다음 각 호의 용도지역을 부여할 수 있다. ① 개발제한구역 해제 당시 100호 이상 300호 미만의 중규모 집단취락 : 제2종 전용주거지역(최고 5층 이하) ② 개발제한구역 해제 당시 300호 이상 1천호 미만 또는 1천인 이상 3천인 미만의 대규모 집단취락 : 제2종 일반주거지역 ③ 개발제한구역 해제 당시 1천호 이상 또는 3천인 이상으로 지역 여건상 상업ㆍ업무기능 보완이 필요한 대규모 집단취락 : 해제면적 5% 미만에 한해 준주거지역 또는 근린상업지역 ④ 개발제한구역 해제 당시 300호 미만으로",모름,pending
TITM-000691,TOBL-00142,UNIT-0392843,a901/p15/s0-4-2-2-5~2,다음 각 호의 지역,규칙,169,"다음 각 호의 지역과 연접한 경우로서 상업ㆍ공업기능 등의 토지이용수요가 존재하는 집단취락 : 주거지역 또는 근린상업지역 또는 준공업지역(다만, 용도지역 변경에 따른 수요를 감안하여 도로, 공원, 녹지, 주차장 등 기반시설을 충분히 계획하고, 시ㆍ도지사와 용도지역, 개발밀도 등에 대해 협의하여야 한다.)",모름,pending
TITM-000692,TOBL-00143,UNIT-0392846,a901/p5/n3/s0,집단취락 해제지역 지구단위계획 변경,생성,916,"3. 「공공주택특별법」 제17조에 다른 지구계획 승인을 받아 착공된 지역. 이 경우 「개발제한구역 조정을 위한 도시ㆍ군관리계획 변경안 수립지침」3-5-1.(1)②가목 내지 다목의 사업시행자가 정비사업을 시행하는 경우로 한한다. (4) 집단취락 해제지역의 경우 「개발제한구역의 조정을 위한 도시관리계획 변경안 수립지침(이하 ‘해제지침’)」3-5-1(2)ㆍ(3)에 따라 공원ㆍ녹지(도시계획시설)와 임대주택을 확보하여야 하고, 이미 지구단위계획을 수립한 해제취락이 정비사업 시행을 위해 도로ㆍ공원 등 기반시설 면적 조정이 필요한 경우 해제지침 3-3-3(4)에 따른 집단취락 해제가능면적(다만, 주택 1호당 최대 1천㎡ 이하를 유지할 것) 내에서 지구단위계획을 변경할 수 있다. 다만, 공원ㆍ녹지 비율의 경우 취락의 규모ㆍ밀집도ㆍ주변 여건 등을 종합적으로 고려하여 지방도시계획위원회 심의를 거쳐 이를 강화할 수 있다. (5) 개발제한구역 해제지역(집단취락 해제지역 이외의 지역을 말한다)은 다음의 원칙에 따라 용도지역을 부여한다. ① 도시ㆍ군기본계획상 보전용지로 지정된 지역은 환경평가결과를 고려하여 이 지침이 정하는 바에 따라 보전녹지지역 또는 생산녹지지역으로 지정한다. ② 해제지역중 시가화예정용지로 지정된 지역은 우선 자연녹지지역으로 지정하고, 당해 지역에 대한 개발이 필요한 경우 다른 용도지역으로 지정할 수 있다. ③ 녹지지역외의 용도지역으로 지정하는 경우 장래 개발수요ㆍ개발순위 등을 고려하여 용도지역을 부여함과 동시에 지구단위계획을 수립하여 도로ㆍ상하수도 등 기반시설을 정비하여야 한다. 이 경우 용도지역은 환경평가결과를 고려하여 지정하고, 가급적 제2종 또는 제3종 일반주거지역이 과다하게 지정되지 않도록 한다. (6) 개발제한구역 해제지역에 대하여 해제 이후 최초로 결정되는 도시ㆍ군관리계획은 국토교통부장관과 협의하여야 한다.",모름,pending
TITM-000693,TOBL-00144,UNIT-0392846,a901/p5/n3/s0-3-1-1-9-2,주거ㆍ상업ㆍ공업지역,규칙,198,"주거ㆍ상업ㆍ공업지역과 녹지지역의 경계에 있는 도로가 지역간 통과도로인 경우에는 중심선을 경계로 하고, 일반도로인 경우에는 녹지지역이 아닌 지역으로 한다. 3-1-1-10. 도시지역내의 하천은 녹지지역으로 한다. 3-1-1-11. 도시ㆍ군기본계획상의 토지이용계획에 따라 공유수면매립이 허가된 경우 매립공사의 준공전에 용도지역ㆍ용도지구 등을 지정하여야 한다.",모름,pending
TITM-000694,TOBL-00144,UNIT-0392846,a901/p5/n3/s0-3-1-1-13-2,기존시가지의 전용주거지역 및 일반주거지역의 세분,규칙,230,기존시가지의 전용주거지역 및 일반주거지역의 세분은 원칙적으로 현재의 건축물의 현황 및 당해 시ㆍ군의 도시ㆍ군계획조례가 정하는 바에 따라 지정하여야 한다. (3) 일반주거지역 및 준주거지역의 경우 일부 상업기능을 허용하고 있으므로 기존시가지중 저층주택지와 신시가지의 단독주택지는 주거환경을 적극적으로 보호하기 위하여 제1종전용주거지역 또는 제1종일반주거지역으로 지정하는 등 저층 위주의 주거지역이 형성되도록 한다.,모름,pending
TITM-000695,TOBL-00144,UNIT-0392846,a901/p5/n3/s0-3-1-1-13-4,새로이 조성되,규칙,520,"새로이 조성되는 대단위 주거지역은 단독주택, 중층주택, 고층주택 등이 적절히 배치되어 다양한 경관을 형성할 수 있고 스카이라인이 유지되고, 미기후환경(바람유동 및 열섬현상)이 개선되도록 주거지역을 세분하여야 한다. 도시자연공원이나 구릉지 주변의 주거지역은 주변환경과 조화되고 스카이라인이 유지되도록 적절한 용도의 주거지역으로 지정하고, 고도지구 등의 지정을 함께 고려한다. (5) 일반주거지역의 제1ㆍ2ㆍ3종이 적절히 배분되도록 계획하여 도시가 균형적으로 발전되도록 한다. 특히 자연녹지지역 등 비시가화지역이 주거지역으로 지정될 경우에는 가급적 저층ㆍ저밀도로 개발되도록 하여야 하며, 고밀도로 개발할 필요가 있는 경우에는 당해 지역에 지구단위계획을 수립토록 한다. (6) 일반주거지역을 세분하는 경우에는 사업시행계획인가를 받은 재개발사업계획과 사업계획승인을 받은 재건축사업계획의 용적률과 건축물의 높이 등을 우선 고려하고, 사업인가 또는 승인을 받지 않은 사업에 대하여는 향후 재개발 및 재건축계획 등을 면밀히 감안하여 지정한다.",모름,pending
TITM-000696,TOBL-00144,UNIT-0392846,a901/p5/n3/s0-3-1-2-2-3,불가피한 경우,규칙,110,"불가피한 경우를 제외하고는 상업지역이나 공업지역에 접하여 지정하지 않아야 한다. 다만, 녹지대 또는 지역적으로 차단되어 이러한 지역에 의하여 주거환경이 지장을 받지 않을 경우에는 그러하지 아니하다.",모름,pending
TITM-000697,TOBL-00144,UNIT-0392846,a901/p5/n3/s0-3-1-2-2-4,원칙적,규칙,88,"원칙적으로 주간선도로에 접하여 지정하지 않아야 한다. 다만, 주간선도로에 충분한 시설녹지가 설치되어 있는 경우에는 그러하지 아니하다. (2) 제1종전용주거지역",모름,pending
TITM-000698,TOBL-00144,UNIT-0392846,a901/p5/n3/s0-3-1-2-2-2~5,원칙적,규칙,102,"원칙적으로 중심상업지역, 전용공업지역, 일반공업지역과 접하여 지정하지 않아야 한다. 다만, 녹지대 또는 지형적으로 차단되어 주거환경에 지장을 초래하지 않는 경우에는 그러하지 아니하다.",모름,pending
TITM-000699,TOBL-00144,UNIT-0392846,a901/p5/n3/s0-3-1-2-4-4~2,당해 도시내 기반시설의 기존 용량,규칙,78,"당해 도시내 기반시설의 기존 용량과 장차 확보 가능한 용량을 고려하고 특히, 국지적으로 충분히 대응할 수 있는 지역을 대상으로 하여야 한다.",모름,pending
TITM-000700,TOBL-00144,UNIT-0392846,a901/p5/n3/s0-3-1-2-4-6~2,상업ㆍ업무기능의 활성화,규칙,53,상업ㆍ업무기능의 활성화를 위하여 도시의 규모를 고려하여 적정하게 발전될 수 있도록 하여야 한다.,모름,pending
TITM-000701,TOBL-00144,UNIT-0392846,a901/p5/n3/s0-3-1-3-2-6,주거지역과,규칙,51,"주거지역과는 분리시켜야 하며, 불가피한 경우 녹지 등과 같은 완충대 설치를 고려하여야 한다.",모름,pending
TITM-000702,TOBL-00144,UNIT-0392846,a901/p5/n3/s0-3-1-3-4-2,걸어서 접근할 수 있는 지역,생성,65,근린생활권의 주민들이 간선도로의 횡단 없이 걸어서 접근할 수 있어야 하며 휴식공간을 함께 입지시키는 것이 용이한 지역,모름,pending
TITM-000703,TOBL-00144,UNIT-0392846,a901/p5/n3/s0-3-1-4-4-4~2,표고 경사도 식생 임상 자연생태계 등을 조사한 후,규칙,55,"표고, 경사도, 식생, 임상, 자연생태계 등을 조사한 후 그 결과를 토대로 계획을 수립하여야 한다.",모름,pending
TITM-000704,TOBL-00144,UNIT-0392846,a901/p5/n3/s0-3-1-5-4-4~2,계획관리지역 용도지역 변경 의제 처리,생성,132,"<삭제> (5) 도시지역외의 지역에서 「농어촌정비법」 등 개별법령에 따라 계획관리지역으로의 용도지역 변경을 위한 도시ㆍ군관리계획결정을 의제 처리하기 위해서는 그 부지면적이 3만㎡ 이상이어야 하며, 이 경우 지구단위계획을 수립하여야 한다.",모름,pending
TITM-000705,TOBL-00144,UNIT-0392846,a901/p5/n3/s0-3-2-1-1,공공의 안녕질서,규칙,86,"공공의 안녕질서와 시ㆍ군기능의 증진을 위하여 필요하다고 인정할 때에는 용도지구의 지정을 계획할 수 있으며, 용도지구는 지정목적에 부합되게 지정하여야 한다.",모름,pending
TITM-000706,TOBL-00144,UNIT-0392846,a901/p5/n3/s0-3-2-1-3,용도지구,규칙,107,"용도지구는 지정목적, 지정내용 및 범위 등을 고려할 때 해당 용도지구와 유사하거나 대체가능한 다른 법률에 따른 지역ㆍ지구 등과 불필요하게 중첩하여 지정하지 않도록 하여야 한다. 제2절 경관지구",모름,pending
TITM-000707,TOBL-00144,UNIT-0392846,a901/p5/n3/s0-3-2-2-3-3,해당 지역의 특성 등을 고려하여 보다 특별한 목적의,규칙,148,"해당 지역의 특성 등을 고려하여 보다 특별한 목적의 특화경관지구의 지정이 필요한 경우에는 시행령 제31조제3항에 따라 특화경관지구의 세분을 검토할 수 있다. 이 경우 지정목적 및 필요성, 그에 수반되는 행위제한 등에 관한 사항을 명확히 하여야 한다. 제3절 고도지구",모름,pending
TITM-000708,TOBL-00144,UNIT-0392846,a901/p5/n3/s0-3-2-5-5,방재지구의 지정 또는 변경 시에,규칙,120,"방재지구의 지정 또는 변경 시에는 해당 방재지구에 대한 재해저감대책을 포함하여야 하고, 재해저감대책은 「도시 기후변화 재해취약성분석 및 활용에 관한 지침」 및 「방재지구 가이드라인」에 따라 수립한다. 제6절 보호지구",모름,pending
TITM-000709,TOBL-00144,UNIT-0392846,a901/p5/n3/s0-3-2-6-4,역사문화환경보호지구 중요시설물보호지구 및 생태계보호지구,규칙,237,"역사문화환경보호지구, 중요시설물보호지구 및 생태계보호지구를 지정하려는 경우에는 각각 「문화유산의 보존 및 활용에 관한 법률」ㆍ「자연유산의 보존 및 활용에 관한 법률」에 따른 도시지역 외에 속하는 문화유산보호구역ㆍ자연유산보호구역 및 역사문화환경보존지역, 「군사기지 및 군사시설 보호법」에 따른 군사기지 및 군사시설 보호구역 및 「습지보전법」에 따른 습지보호구역 등과 불필요하게 중첩되지 않도록 검토하여야 한다. 제7절 취락지구",모름,pending
TITM-000710,TOBL-00144,UNIT-0392846,a901/p5/n3/s0-3-2-7-1-3~2,지구의 지정 및 개발에 관한 기준,규칙,424,"지구의 지정 및 개발에 관한 기준은 다음과 같다. 이 경우 각 시ㆍ군은 그 범위안에서 세부기준을 정할 수 있다. ㉮ 녹지지역ㆍ관리지역ㆍ농림지역ㆍ자연환경보전지역내 자연취락지구 지정 대상호수 또는 호수밀도(폐가 또는 공가로 사용하지 않는 주택은 대상호수에서 제외하고, 취락의 인근에 있는 주택을 취락안으로 이전함으로써 대상호수 이상이 되는 경우는 포함한다) 등을 고려하여 과다하게 결정되지 않도록 할 것 ㉯ 취락이 형성된 주택간의 거리, 지구경계와 외곽 주택간의 거리 등 지구경계 결정기준 ㉰ 자연취락지구의 계획적 정비 또는 개별적 현지개량 등의 정비에 관한 계획 등(도로ㆍ상하수도ㆍ공동이용시설 등의 설치에 관한 사항 포함) ㉱ 기타 지구지정 및 개발에 대한 필요한 사항(예시 : 자연취락지구 지정시 지구단위계획을 수립하는 경우 이에 수반되는 지구지정 지침 등)",모름,pending
TITM-000711,TOBL-00144,UNIT-0392846,a901/p5/n3/s0-3-2-7-2-1~3,농촌마을보호지구와 함께 지정,생성,112,「농촌공간 재구조화 및 재생지원에 관한 법률」 제12조제1항제1호에 따른 농촌마을보호지구와 함께 지정하는 것을 원칙으로 한다. 이 경우 같은 법령에서 정하는 농촌마을보호지구 지정기준에도 부합해야 한다.,모름,pending
TITM-000712,TOBL-00144,UNIT-0392846,a901/p5/n3/s0-3-2-8-3-4-4,산업ㆍ유통개발진흥지구 지정 제안 요건,생성,113,법 제26조제1항제3호에 따라 산업ㆍ유통개발진흥지구의 지정을 제안하려는 경우에는 시행령 제19조의2제3항제1호부터 제3호까지에 규정된 요건 외에 같은 항 제4호에 따라 다음의 요건을 모두 갖추어야 한다.,모름,pending
TITM-000713,TOBL-00144,UNIT-0392846,a901/p5/n3/s0-3-2-8-3-3-5,지구단위계획이나 관계 법률에 따른 개발계획,규칙,159,"지구단위계획이나 관계 법률에 따른 개발계획을 수립하지 아니하고 시행령 제79조제3항 및 제84조제4항제2호에 따른 건축규제를 완화하고자 산업ㆍ유통개발진흥지구를 지정하는 경우에는 시행령 제79조제3항에 따른 지구계획(이하 ""산업ㆍ유통개발진흥지구 계획""이라 한다)을 함께 결정하여야 한다.",모름,pending
TITM-000714,TOBL-00144,UNIT-0392846,a901/p5/n3/s0-3-2-8-3-3-6,산업ㆍ유통개발진흥지구 계획,규칙,90,"산업ㆍ유통개발진흥지구 계획은 별첨 2의 기준에 따라야 하며, 지정 목적, 대상지 및 주변 지역의 여건 등을 감안하여 계획의 항목과 상세수준을 다르게 할 수 있다.",모름,pending
TITM-000715,TOBL-00144,UNIT-0392846,a901/p5/n3/s0-3-3-2-2-1,시가화,규칙,35,시가화를 유보하는 기간은 5년 이상 20년 이내로 하여야 한다.,모름,pending
TITM-000716,TOBL-00144,UNIT-0392846,a901/p5/n3/s0-3-3-2-2-2,유보기간,규칙,54,"유보기간은 당해 계획구역안의 인구동태, 토지이용상황, 산업발전상황 등을 고려하여 결정하여야 한다.",모름,pending
TITM-000717,TOBL-00144,UNIT-0392846,a901/p5/n3/s0-3-3-2-2-3,유보기간,규칙,46,유보기간은 구역을 지정한 목적을 이행하는데 필요한 최소한의 기간으로 정하여야 한다.,모름,pending
TITM-000718,TOBL-00144,UNIT-0392846,a901/p5/n3/s0-3-3-2-2-4,계획적 개발,규칙,59,계획적 개발을 도모하기 위하여 지정하는 경우에는 사업시행 준비에 소요되는 최소한의 기간으로 정하여야 한다.,모름,pending
TITM-000719,TOBL-00144,UNIT-0392846,a901/p5/n3/s0-3-2-8-3~3,산업ㆍ유통개발진흥지구 계획 반영,생성,51,의 (5)ㆍ(6)에 따른 산업ㆍ유통개발진흥지구 계획에 관한 사항을 제안서에 반영하여야 한다.,모름,pending
TITM-000720,TOBL-00145,UNIT-0392846,a901/p5/n3/s0-4-1-3,기반시설,규칙,85,기반시설은 규모의 적정성을 검토하여 규모의 과대 또는 과소로 인하여 시설관리상의 지장이나 주변에 불필요한 피해가 발생하지 않도록 규모를 조정하여야 한다.,모름,pending
TITM-000721,TOBL-00145,UNIT-0392846,a901/p5/n3/s0-4-1-4,복합기능 시설의 중복 결정,생성,61,2 이상의 시설을 함께 설치하는 복합기능을 가지는 시설에 대하여는 중복하여 도시ㆍ군관리계획을 결정하여야 한다.,모름,pending
TITM-000722,TOBL-00145,UNIT-0392846,a901/p5/n3/s0-4-1-5,부대시설 및 편익시설의 규모,규칙,212,"부대시설 및 편익시설의 규모는 당해 시설의 기능을 보조하며 당해 시설의 주기능에 지장을 주지 않는 범위내에서 결정되어야 하며, 주시설의 규모보다 커서는 아니 된다. 다만, 주시설과 부대시설 및 편익시설의 규모를 비교할 경우 「주차장법」에 따른 부설주차장, 「영유아보육법」에 따른 직장보육시설 등 관계 법령에 따라 주시설에 의무적으로 설치해야 하는 시설은 규모에 산입하지 아니한다.",모름,pending
TITM-000723,TOBL-00145,UNIT-0392846,a901/p5/n3/s0-4-1-6,미집행 도시ㆍ군계획시설 해제ㆍ조정,생성,266,"미집행 도시ㆍ군계획시설중 여건변화 등으로 불합리하거나 실현 불가능한 시설은 과감히 해제하거나 조정하여 미집행시설을 최소화하고, 사업시행계획이 없는 도시ㆍ군계획시설의 계획은 가급적 억제하여야 한다. 4-1-7. 도시ㆍ군계획시설 결정에 따라 설치된 시설 중 존치 필요성이 없는 시설(청사 이전 등으로 국유재산법 제40조제1항에 의해 용도폐지된 공공청사 등)에 대한 해제여부를 지체없이 검토하여 그 결과를 도시ㆍ군관리계획 입안에 반영하여야 한다. 제2장 교통시설계획 제1절 일반원칙",모름,pending
TITM-000724,TOBL-00145,UNIT-0392846,a901/p5/n3/s0-4-2-1-2,토지이용 도시개발 경제 행정 등 각 부문별 정책계획,규칙,89,"토지이용, 도시개발, 경제, 행정 등 각 부문별 정책계획 및 집행에 따라 교통량이나 교통활동이 달라지므로, 주변의 토지이용상태와 계획을 면밀히 분석하여야 한다.",모름,pending
TITM-000725,TOBL-00145,UNIT-0392846,a901/p5/n3/s0-4-2-1-7,교통시설계획,규칙,184,"교통시설계획은 시설의 기능 및 설치방안과 재원조달 등을 고려하여 체계적으로 수립한다. 4-2-1-8.도시ㆍ군계획시설을 계획할 때에는 교통약자의 이동편리와 장애물 없는 생활환경 조성이 최대한 고려되도록 하여야 하며, 보행자의 안전과 편의를 위하여 교통시설계획에 보도 또는 보행자전용도로 등의 설치를 포함할지 여부를 검토하여야 한다.",모름,pending
TITM-000726,TOBL-00145,UNIT-0392846,a901/p5/n3/s0-4-2-1-9-1,국도,규칙,70,국도와 지방도 등 지역간 연결도로를 환상도로 또는 우회도로로 계획할 때에는 도시고속화도로 등 자동차전용도로로 계획하여야 한다.,모름,pending
TITM-000727,TOBL-00145,UNIT-0392846,a901/p5/n3/s0-4-2-1-9-2,국도,규칙,121,"국도와 지방도 등 지역간 연결도로를 환상도로 또는 우회도로로 계획하기 어려운 경우에는 내부도로와의 혼합도로로 계획하고, 지역간 통과 교통량과 시가지 교통량을 동시에 수용할 수 있는 충분한 도로 폭원을 확보하여야 한다.",모름,pending
TITM-000728,TOBL-00145,UNIT-0392846,a901/p5/n3/s0-4-2-1-9-3,자동차전용도로 및 주간선도로에,규칙,265,"자동차전용도로 및 주간선도로에는 이면도로로서 집산도로를 병행배치하여 자동차전용도로 주변 교통량이 원활히 소통되도록 하여야 한다 (5) 도로의 폭원은 차도, 보도, 자전거도로, 분리대, 주정차대, 안전지대, 식수대 및 노상공작물 등의 설치에 관한 계획을 포함하여 이에 필요한 도로상단폭을 결정한다. (6) 기간도로에 연하여 완충녹지를 설치하였을 때에는 완충녹지 뒤에 이면도로를 계획하여 각 필지에 접근이 용이하도록 하고 도로에서 완충녹지를 통하여 접근되지 않도록 하여야 한다.",모름,pending
TITM-000729,TOBL-00145,UNIT-0392846,a901/p5/n3/s0-4-2-1-9-1-7,통과교통,규칙,191,"통과교통은 환상도로 또는 우회도로로 처리하여 도심부에 유입되지 않도록 하고, 우회도로나 환상도로변은 적정폭의 완충녹지의 설치, 교차지점의 입체화 및 주간선도로나 보조간선도로만을 접속시키는 등 통과교통에 지장을 주지 않도록 하며, 통과용 도로와 면하여 건축물 등이 건축되지 않도록 하여 장기적으로 통과교통에 지장을 주지 않도록 계획하여야 한다.",모름,pending
TITM-000730,TOBL-00145,UNIT-0392846,a901/p5/n3/s0-4-2-2-3-5,노선번호체계,규칙,38,노선번호체계는 가급적 각 시ㆍ군마다 통일성이 유지되도록 하여야 한다.,모름,pending
TITM-000731,TOBL-00145,UNIT-0392846,a901/p5/n3/s0-4-2-3-3,철도,규칙,48,철도는 주변지역의 주거환경을 보호하기 위하여 수림대 등을 설치하여야 한다. 제4절 항만,모름,pending
TITM-000732,TOBL-00145,UNIT-0392846,a901/p5/n3/s0-4-2-4-3,항만,규칙,36,항만은 항만법에 의한 항만기본계획을 고려하여야 한다. 제5절 공항,모름,pending
TITM-000733,TOBL-00145,UNIT-0392846,a901/p5/n3/s0-4-2-5-2,공항,규칙,31,공항은 항공법에 의한 공항개발기본계획을 고려하여야 한다.,모름,pending
TITM-000734,TOBL-00145,UNIT-0392846,a901/p5/n3/s0-4-2-5-3,안전운항,규칙,64,안전운항을 위하여 시설물의 높이를 제한하여야 할 필요가 있는 지역은 공항시설과 함께 계획하여야 한다. 제6절 주차장,모름,pending
TITM-000735,TOBL-00145,UNIT-0392846,a901/p5/n3/s0-4-2-6-2,주거지역에,규칙,75,주거지역에는 주민이 공동으로 이용할 수 있는 주차장을 확보하는 등 주차난을 해결할 수 있는 방안을 강구하여야 한다. 제7절 자동차정류장,모름,pending
TITM-000736,TOBL-00145,UNIT-0392846,a901/p5/n3/s0-4-2-7-4,공영차고지,규칙,66,공영차고지는 차량의 접근이 용이하고 주변의 주거환경을 해치지  않도록 하여야 한다. 제3장 공간시설계획 제1절 일반원칙,모름,pending
TITM-000737,TOBL-00145,UNIT-0392846,a901/p5/n3/s0-4-3-1-1,공간시설계획,규칙,66,공간시설계획은 당해 시ㆍ군의 토지이용현황과 지형조건 및 개발계획을 감안하고 녹지계통을 파악하여 계획을 수립하여야 한다.,모름,pending
TITM-000738,TOBL-00145,UNIT-0392846,a901/p5/n3/s0-4-3-1-3,녹지계통에,규칙,128,"녹지계통에는 공원ㆍ녹지ㆍ수변공간 외에 유원지, 체육시설, 자연녹지, 생산녹지, 보전녹지, 그 밖에 공공공지 등을 포함하고, 미관ㆍ경관 및 환경보전을 충분히 고려하여 각각의 기능이 충분히 발휘되고 연계될 수 있도록 계획하여야 한다.",모름,pending
TITM-000739,TOBL-00145,UNIT-0392846,a901/p5/n3/s0-4-3-2-1,공원,규칙,55,공원은 자연경관의 보호와 시민의 건강ㆍ휴양 및 정서생활의 향상에 기여할 수 있도록 계획하여야 한다.,모름,pending
TITM-000740,TOBL-00145,UNIT-0392846,a901/p5/n3/s0-4-3-2-2,공원의 입지,규칙,53,"공원의 입지는 접근성, 안전성, 쾌적성, 편의성, 시설의 적지성 등을 고려하여 선정하여야 한다.",모름,pending
TITM-000741,TOBL-00145,UNIT-0392846,a901/p5/n3/s0-4-3-2-3,공원면적,규칙,37,공원면적은 주민 1인당 6제곱미터 이상 확보하도록 노력하여야 한다.,모름,pending
TITM-000742,TOBL-00145,UNIT-0392846,a901/p5/n3/s0-4-3-2-5,공원의 기능에 따라 그 특성에 맞도록 「도시공원 및,규칙,154,"공원의 기능에 따라 그 특성에 맞도록 「도시공원 및 녹지등에 관한 법률 시행규칙」별표 3에서 정하는 기준에 따라 계획하여야 한다. 다만, 토지이용계획상 또는 이미 시가지가 조성된 지역 안에서의 새로운 공원의 계획을 위하여 불가피한 경우에는 그 면적을 기준 이하로 할 수 있다.",모름,pending
TITM-000743,TOBL-00145,UNIT-0392846,a901/p5/n3/s0-4-3-2-8,공원,규칙,114,"공원은 이용자의 안전하고 원활한 집산을 위하여 원칙적으로 3면 이상이 도로에 접하도록 계획하여야 한다. 다만, 당해 입지상 불가피하고 이용자의 안전하고 원활한 집산에 지장이 없을 때에는 그러하지 아니하다.",모름,pending
TITM-000744,TOBL-00145,UNIT-0392846,a901/p5/n3/s0-4-3-2-9,공원의 경계,규칙,68,공원의 경계는 가급적 식별이 명확한 지형ㆍ지물을 이용하거나 주변의 토지이용과 쉽게 구별할 수 있는 위치에 계획하여야 한다.,모름,pending
TITM-000745,TOBL-00145,UNIT-0392846,a901/p5/n3/s0-4-3-2-10,공원의 조정기준,규칙,176,"공원의 조정기준 (1) 공원의 구역내에 공원기능의 회복이 사실상 불가능한 지역은 다음 각호의 기준에 따라 이를 조정할 수 있다. ① 공원의 해제면적이 공원 전체면적의 10%(최대면적 : 근린공원ㆍ체육공원 5만㎡, 도시자연공원 10만㎡) 이상이 될 때에는 도시ㆍ군기본계획 변경절차를 먼저 이행하여야 한다. 다만, 지침",모름,pending
TITM-000746,TOBL-00145,UNIT-0392846,a901/p5/n3/s0-4-3-3-1-4,완충녹지,규칙,63,완충녹지는 당해 지역의 지형ㆍ지물의 여건을 감안하여 녹지의 기능을 충분히 발휘할 수 있는 규모로 계획하여야 한다.,모름,pending
TITM-000747,TOBL-00145,UNIT-0392846,a901/p5/n3/s0-4-3-3-1-6,완충녹지,규칙,68,완충녹지는 우수등에 포함된 비점오염 물질이 저류ㆍ침투할 수 있는 기능을 보유할 수 있도록 계획하여야 한다. (2) 경관녹지,모름,pending
TITM-000748,TOBL-00145,UNIT-0392846,a901/p5/n3/s0-4-3-3-1-2~3,에 따른 녹지,규칙,37,에 따른 녹지는 그 기능이 공원과 상충되지 않도록 계획하여야 한다.,모름,pending
TITM-000749,TOBL-00145,UNIT-0392846,a901/p5/n3/s0-4-4-1-8,공급시설,규칙,154,"공급시설은 당해 지역별로 공급처리수요, 광역공급처리체계, 공급처리실태, 용량에 대하여 조사하여야 한다. 4-4-1-9. 일정한 장소를 개발할 때에는 계획목표년도, 계획공급량, 처리구역, 공급처리 사업체계 등의 공급처리시설의 정비ㆍ확충과 그 체계에 관한 정비계획을 세워야 한다.",모름,pending
TITM-000750,TOBL-00145,UNIT-0392846,a901/p5/n3/s0-4-4-4-2,전력공급ㆍ가스공급 및 유류공급에 필요한 시설,규칙,123,전력공급ㆍ가스공급 및 유류공급에 필요한 시설은 장래 수요량을 예측하여 시설이 중복하여 설치되지 않도록 하여야 한다. 제5절 공동구 4-4-5-1. 도시환경을 위하여 필요하다고 인정되는 구간에 도시ㆍ군관리계획으로 결정한다.,모름,pending
TITM-000751,TOBL-00145,UNIT-0392846,a901/p5/n3/s0-4-4-5-3,공동구가 설치되,규칙,52,공동구가 설치되는 구간에서는 공동구에 수용되는 시설은 공동구외의 장소에 설치하여서는 아니된다.,모름,pending
TITM-000752,TOBL-00145,UNIT-0392846,a901/p5/n3/s0-4-4-6-1,방송ㆍ통신시설,규칙,62,방송ㆍ통신시설은 계획인구에 맞추어 필요한 수요량을 추정하여 시ㆍ군내의 정보의 교류에 불편이 없도록 하여야 한다.,모름,pending
TITM-000753,TOBL-00145,UNIT-0392846,a901/p5/n3/s0-4-5-1-4,주거지 간선도로 또는 주보행자도로의 결절점에 위치하도록,규칙,285,"주거지 간선도로 또는 주보행자도로의 결절점에 위치하도록 한다. 4-5-1-5. 대중교통수단으로 쉽게 접근이 가능하도록 하여야 하며, 주거지에 분산배치하기 보다는 기능이 연계되는 편의시설끼리 서로 인접시켜 집중 배치한다. 제2절 학교 4-5-2-1. 초등학교ㆍ중학교 및 고등학교는 생활권과 연계하여 적정하게 배치하고, 대학은 주변의 토지이용 및 교통수단과의 접근을 고려하여야 한다. 4-5-2-2. 초등학교는 생활권의 중심과 근린생활권 공원과 연접하여 배치함으로써 주민의 생활공간과 함께 활용할 수 있도록 한다.",모름,pending
TITM-000754,TOBL-00145,UNIT-0392846,a901/p5/n3/s0-4-5-3-1,체육시설,규칙,40,체육시설은 생활권별 계획인구에 필요한 수요량을 추정하여 배치하여야 한다.,모름,pending
TITM-000755,TOBL-00145,UNIT-0392846,a901/p5/n3/s0-4-5-3-2,근린생활권내 체육시설,규칙,34,근린생활권내 체육시설은 실외 체육시설 위주로 계획하여야 한다.,모름,pending
TITM-000756,TOBL-00145,UNIT-0392846,a901/p5/n3/s0-4-5-3-3,체육시설의 주변에,규칙,36,체육시설의 주변에는 수림대와 휴게공간 등을 함께 조성하여야 한다.,모름,pending
TITM-000757,TOBL-00145,UNIT-0392846,a901/p5/n3/s0-4-5-3-4,체육시설,규칙,63,체육시설은 가급적 체육공원으로 조성하여 주민의 다양한 수요를 충족시킬 수 있도록 계획하여야 한다. 제4절 공공청사,모름,pending
TITM-000758,TOBL-00145,UNIT-0392846,a901/p5/n3/s0-4-5-5-2,사회복지시설,규칙,70,사회복지시설은 이용자의 특성에 따라 입지를 정하고 관련 유사시설을 집단화하여 이용에 불편이 없도록 특별시설을 설치하여야 한다.,모름,pending
TITM-000759,TOBL-00145,UNIT-0392846,a901/p5/n3/s0-4-5-5-3,규모가 큰 도서관 또는 본관,규칙,105,규모가 큰 도서관 또는 본관은 도심부에 배치하여 이용자의 접근이 용이하고 그 위치가 쉽게 확인될 수 있는 장소에 도시ㆍ군관리계획으로 배치하여야 한다. 제6장 보건위생시설계획 제1절 일반원칙,모름,pending
TITM-000760,TOBL-00145,UNIT-0392846,a901/p5/n3/s0-4-6-1-1,현황ㆍ수요 조사 및 관리계획 수립,생성,124,"당해 지역별 현황ㆍ수요, 광역적 체계 등에 대하여 조사하여야 한다. 4-6-1-2. 일정한 장소에 개발할 때에는 계획목표년도, 개발규모, 서비스 범위 등 시설에 대한 정비ㆍ확충과 그 시설에 대한 관리계획을 수립하여야 한다.",모름,pending
TITM-000761,TOBL-00145,UNIT-0392846,a901/p5/n3/s0-4-6-1-3,당해 지역에만 한정하지 않고 주변지역,규칙,59,당해 지역에만 한정하지 않고 주변지역을 포함하여 과다하게 공급되지 아니하도록 하여야 한다. 제2절 장사시설,모름,pending
TITM-000762,TOBL-00145,UNIT-0392846,a901/p5/n3/s0-4-6-2-2,기존의 집단묘지,규칙,32,기존의 집단묘지는 공원묘지화 또는 이설을 계획하여야 한다.,모름,pending
TITM-000763,TOBL-00145,UNIT-0392846,a901/p5/n3/s0-4-6-2-3,묘지의 설치에 관한 기준,규칙,81,묘지의 설치에 관한 기준을 마련하여 묘지가 무질서하게 설치된 것을 예방하고 필요한 경우에는 장사시설을 도시ㆍ군관리계획으로 입지를 결정하여야 한다.,모름,pending
TITM-000764,TOBL-00145,UNIT-0392846,a901/p5/n3/s0-4-6-2-4,장사시설안에 일정 폭의 수림대,규칙,52,장사시설안에 일정 폭의 수림대를 조성하여 주변 환경과의 접촉을 차단하여야 한다. 제3절 도축장,모름,pending
TITM-000765,TOBL-00145,UNIT-0392846,a901/p5/n3/s0-4-6-3-2,가축의 도살,규칙,126,가축의 도살은 특정 장소에서만 집단적으로 이루어질 수 있도록 입지를 가급적 도시ㆍ군관리계획으로 결정하여야 한다. 4-6-3-3. 도축장안에 일정 폭의 수림대를 조성하여 주변 환경과의 접촉을 차단하여야 한다. 제4절 종합의료시설,모름,pending
TITM-000766,TOBL-00145,UNIT-0392846,a901/p5/n3/s0-4-7-1-1,환경기초시설,규칙,142,"환경기초시설은 당해 지역별로 수요ㆍ처리체계ㆍ처리실태ㆍ용량에 대하여 조사하여야 한다. 4-7-1-2. 일정한 장소를 개발할 때에는 계획목표년도, 계획공급량, 처리구역, 공급처리 사업체계 등 환경기초시설의 정비ㆍ확충과 그 체계에 관한 정비계획을 세워야 한다.",모름,pending
TITM-000767,TOBL-00145,UNIT-0392846,a901/p5/n3/s0-4-7-2-2,계획인구에 적합한 하수량,규칙,62,계획인구에 적합한 하수량을 산정하여 관거계획을 수립하고 계획하수량이상이 발생되지 않도록 개발을 조정하여야 한다.,모름,pending
TITM-000768,TOBL-00145,UNIT-0392846,a901/p5/n3/s0-4-7-2-3,하수종말처리장,규칙,85,하수종말처리장은 하수를 최종적으로 처리하여 방류하는 시설로서 시ㆍ군내의 계획오수량을 처리할 수 있는 입지를 선정하여 도시ㆍ군관리계획으로 결정하여야 한다.,모름,pending
TITM-000769,TOBL-00145,UNIT-0392846,a901/p5/n3/s0-4-7-2-4,하수종말처리장안에 일정 폭의 수림대,규칙,46,하수종말처리장안에 일정 폭의 수림대를 조성하여 주변환경과의 접촉을 차단하여야 한다.,모름,pending
TITM-000770,TOBL-00145,UNIT-0392846,a901/p5/n3/s0-4-7-3-2,처리장,규칙,60,처리장은 발생량의 분포에 따라 각 시설이 보완적 기능을 발휘할 수 있도록 집단적으로 시설을 설치하여야 한다.,모름,pending
TITM-000771,TOBL-00145,UNIT-0392846,a901/p5/n3/s0-4-7-3-3,처리장,규칙,90,"처리장은 무질서하게 설치되지 않도록 입지를 도시ㆍ군관리계획으로 정하고 정하여진 장소에서만 설치되도록 하여야 한다. 다만, 재활용시설의 경우에는 그러하지 아니하다.",모름,pending
TITM-000772,TOBL-00145,UNIT-0392846,a901/p5/n3/s0-4-7-3-4,처리장안에 일정 폭의 수림대,규칙,50,처리장안에 일정 폭의 수림대를 조성하여 주변환경과의 접촉을 차단하여야 한다. 제4절 폐차장,모름,pending
TITM-000773,TOBL-00145,UNIT-0392846,a901/p5/n3/s0-4-7-4-2,폐차장안에 일정 폭의 수림대,규칙,43,폐차장안에 일정 폭의 수림대를 조성하여 주변 환경과의 접촉을 차단하여야 한다.,모름,pending
TITM-000774,TOBL-00145,UNIT-0392846,a901/p5/n3/s0-4-7-4-3,토양오염 등 환경오염이 발생되지 않도록 별도의 조치방안,규칙,57,토양오염 등 환경오염이 발생되지 않도록 별도의 조치방안을 강구하여야 한다. 제5절 빗물저장 및 이용시설,모름,pending
TITM-000775,TOBL-00145,UNIT-0392846,a901/p5/n3/s0-4-7-5-4-1,모든 도시ㆍ군계획시설에 대해서,규칙,211,"모든 도시ㆍ군계획시설에 대해서는 도시ㆍ군계획시설결정의 고시일로부터  3개월 이내에 단계별 집행계획을 수립하여 공고하여야 한다. 다만, 「도시 및 주거환경정비법」, 「도시재정비 촉진을 위한 특별법」, 「도시재생 활성화 및 지원에 관한 특별법」에 따라 도시ㆍ군관리계획의 결정이 의제되는 경우에는 해당 도시ㆍ군계획시설결정의 고시일로부터 2년 이내에 단계별 집행계획을 수립할 수 있다.",모름,pending
TITM-000776,TOBL-00145,UNIT-0392846,a901/p5/n3/s0-4-7-5-4-3,장기미집행 도시ㆍ군계획시설의 경우 존치 또는 해제,규칙,83,장기미집행 도시ㆍ군계획시설의 경우 존치 또는 해제를 판단하여 자동실효 시점을 고려하여 해당 도시ㆍ군계획시설에 대한 단계별 집행계획을 수립하여야 한다.,모름,pending
TITM-000777,TOBL-00145,UNIT-0392846,a901/p5/n3/s0-4-10-6,기부채납 부담률의 협의 결정,생성,153,"4-10-5를 적용함에 있어 지역여건이나 지역경제 활성화 차원에서 필요한 경우 위 부담기준보다 낮거나 높은 비율로 협의 결정하거나 기부채납을 요구하지 아니할 수 있다. 단, 기부채납 부담률을 위 최대 기준보다 높게 결정할 필요가 있는 경우에는 그 사유를 명백히 밝혀야 한다.",모름,pending
TITM-000778,TOBL-00145,UNIT-0392846,a901/p5/n3/s0-4-10-9,기부채납 시설,규칙,102,"기부채납 시설은 그 시설의 기능을 충분히 수행할 수 있는 적정규모로 계획하고, 기반시설의 효용성이 낮은 자투리형 토지의 기부채납은 지양하여야 한다. 제5편 도시개발계획 제1장 일반원칙",모름,pending
TITM-000779,TOBL-00146,UNIT-0392846,a901/p5/n3/s0-1-5-3-2-3,공원 경계선의 조정,생성,91,공원의 경계가 심하게 요철이 되어 공원의 기능이 저하되거나 불합리한 구역이 되지 아니하도록 경계선을 조정하여야 한다. (2) 다음의 경우에는 조정대상에서 제외한다.,모름,pending
TITM-000780,TOBL-00147,UNIT-0392846,a901/p5/n3/s0-5-1-1,용도지역 추가 지정 유보 및 환원,생성,302,"주거ㆍ상업ㆍ공업지역에 개발이 되지 않은 부지가 많은 경우에는 그 지역의 개발계획이 확정될 때까지는 새로운 용도지역의 추가 지정을 가급적 유보한다. 5-1-2. 도시ㆍ군계획시설사업, 도시개발사업, 재개발사업 등 도시ㆍ군계획사업이 필요한 구역에 대하여는 지역지정후 3년 이내에 개발계획을 수립하여야 하며, 민간의 제안에 의하여 도시ㆍ군계획사업구역으로 지정하여 용도지역이 변경되었으나 3년 이내에 개발계획을 수립하지 않은 경우에는 개별법에 별도의 규정이 있는 경우를 제외하고는 이를 당초의 용도지역으로 환원하는 도시ㆍ군관리계획을 수립할 수 있다.",모름,pending
TITM-000781,TOBL-00147,UNIT-0392846,a901/p5/n3/s0-5-2-1-4,수도 하수도 하수처리장 전기ㆍ통신 등 공급처리시설,규칙,354,"수도, 하수도, 하수처리장, 전기ㆍ통신 등 공급처리시설은 시ㆍ군내에 필요한 시설수요와 기존 시설용량을 비교검토하여 부족분은 사업시행시에 확보되도록 계획하며 기존 시가지와 신시가지간의 균형이 이루어지도록 계획한다. 제2절 시가화예정용지의 개발 5-2-2-1. 도시개발법에 의한 도시개발사업, 택지개발촉진법에 의한 택지개발사업, 산업입지및개발에관한법률에 의한 산업단지조성사업, 전원개발에관한특례법에 의한 전원개발사업 등에 의하여 자연녹지지역 또는 계획관리지역이 신시가지로 조성되는 경우에는 공간구조, 토지이용체계, 교통체계 등을 종합적으로 검토하여 적정한 용도지역을 결정하여야 하며, 시가지 발전축, 간선가로망체계 등을 고려하여야 한다.",모름,pending
TITM-000782,TOBL-00147,UNIT-0392846,a901/p5/n3/s0-5-2-2-2,신시가지개발에 있어서,규칙,151,"신시가지개발에 있어서는 시ㆍ군 교통체계를 유기적으로 연결하기 위하여 주간선도로, 보조간선도로, 집산도로 등을 면밀하게 검토하여야 한다. 5-2-2-3. 도시ㆍ군계획시설은 신시가지 조성시 수요를 정확히 예측하여 충분한 시설을 공급하고 인접지역과의 연계성도 검토하여야 한다.",모름,pending
TITM-000783,TOBL-00147,UNIT-0392846,a901/p5/n3/s0-5-2-2-4,공급처리시설,규칙,68,공급처리시설은 간선공급망에서 공급하도록 계획함으로써 주변지역의 용량부족 현상 등 악역향이 나타나지 않도록 계획하여야 한다.,모름,pending
TITM-000784,TOBL-00147,UNIT-0392846,a901/p5/n3/s0-5-2-2-5,신시가지의 개발계획,규칙,64,신시가지의 개발계획은 기존 시가지의 각종 기반시설 및 토지이용과의 연계 등 기존시가지와 조화되도록 수립하여야 한다.,모름,pending
TITM-000785,TOBL-00148,UNIT-0392846,a901/p5/n3/s0-6-1-4-3,경관,규칙,88,경관을 중점적으로 관리하여야 할 지역에 대하여는 향후 지구단위계획을 수립하여 구체적인 경관계획을 수립하도록 도시ㆍ군관리계획으로 그 대상구역을 결정하여야 한다.,모름,pending
TITM-000786,TOBL-00148,UNIT-0392846,a901/p5/n3/s0-6-1-4-4,경관계획,규칙,119,"경관계획과 관련하여 주민의견 수렴, 관계 행정기관과의 협의, 도시계획위원회의 심의 등의 과정에서 제시된 의견이 타당하다고 인정되는 경우 특별한 사유가 없는 한 이를 반영하여야 한다. 제2장 안전계획 제1절 일반원칙",모름,pending
TITM-000787,TOBL-00148,UNIT-0392846,a901/p5/n3/s0-6-2-2-1,시ㆍ군의 규모확대,규칙,230,시ㆍ군의 규모확대와 고밀화에 따라 재해발생시 피해규모가 확대되는 추세임을 감안하여 토지이용계획이나 기반시설계획시 도시ㆍ군기본계획에서 제시된 방재계획(도시ㆍ군기본계획을 수립하지 아니하는 시ㆍ군의 경우 당해 시ㆍ군의 장기발전구상에 포함된 방재계획을 말한다. 이하 이 장에서 같다)을 구체화시키고 안전도를 높일 수 있도록  「도시기후변화 재해취약성분석 및 활용에 관한 지침」에 따라 재해예방형 계획을 수립하여야 한다.,모름,pending
TITM-000788,TOBL-00148,UNIT-0392846,a901/p5/n3/s0-6-2-2-2-5,주민통행로,규칙,415,"주민통행로는 각종 시설의 입지, 버스나 전철이용의 편의성 등을 면밀히 검토하여 계획을 수립하여 인적이 드문 노선이 생기지 않도록 하고, 불가피한 경우에는 방범초소 등을 설치할 수 있는 공지를 마련하고 충분한 조도가 확보되도록 조명시설을 하여야 한다. (2) 토지이용계획 유흥업소가 시가지 전역에 확산되지 아니하도록 근린생활중심지는 준주거지역으로 계획하고 상업ㆍ업무기능이 집중되는 도심지ㆍ지구중심지 등에 한하여 상업지역으로 계획하며, 용도지역ㆍ용도지구의 지정계획시 방범계획의 관점에서 관계기관과 상호 협의하여야 한다. 제7편 환경성검토 제1장 목적 7-1-1. 도시ㆍ군관리계획이 환경에 미치는 영향을 고려한 환경성검토를 시행함으로써 도시ㆍ군관리계획의 이념인 환경적으로 건전하고 지속가능한 정주환경을 조성하는 것을 목적으로 한다. 제2장 일반원칙",모름,pending
TITM-000789,TOBL-00149,UNIT-0392846,a901/p5/n3/s0-7-2-6,환경성검토,규칙,95,"환경성검토는 항목별로 환경영향, 저감방안 등을 종합적으로 검토하고, 그 결과에 따라 필요한 경우 환류ㆍ조정을 거쳐 환경적으로 건전한 도시ㆍ군관리계획안으로 조정하여야 한다.",Y(후보),pending
TITM-000790,TOBL-00149,UNIT-0392846,a901/p5/n3/s0-7-3-1-1-3,환경성검토,규칙,142,"환경성검토를 위한 환경지표 및 평가기준의 설정은 객관적이어야 하나, 실제 적용가능한 정량적 환경지표가 없는 경우는 정성적으로 평가하고, 개별사업 등 유사사례의 적용이 가능한 경우 그 항목에 한하여 추가적으로 정량적 평가를 실시하여 검토에 적용하도록 한다.",Y(후보),pending
TITM-000791,TOBL-00149,UNIT-0392846,a901/p5/n3/s0-7-4-1-2-4,종합평가 및 결론,규칙,241,종합평가 및 결론 : 환경성검토 실시결과를 도표ㆍ도면 등을 이용하여 간단ㆍ명료하게 정리 제2절 환경성 검토결과의 도시ㆍ군관리계획에의 반영 7-4-2-1. 도시ㆍ군관리계획입안권자는 환경성검토 후 환경에 미치는 부정적인 영향이 적은 도시ㆍ군관리계획안을 선택하는 것을 원칙으로 한다. 선택된 도시ㆍ군관리계획안에 대하여도 환경성검토서에서 제시된 환경영향 저감방안 등을 시행하기 위하여 필요한 경우 도시ㆍ군관리계획안을 보완ㆍ조정하여야 한다.,Y(후보),pending
TITM-000792,TOBL-00149,UNIT-0392846,a901/p5/n3/s0-7-4-2-2,환경성검토,규칙,213,"환경성검토와 관련하여 주민의견 수렴, 관계 행정기관과의 협의, 도시계획위원회의 심의 등의 과정에서 제시된 의견이 타당하다고 인정되는 경우 특별한 사유가 없는 한 이를 반영하여야 한다. 제8편 도시ㆍ군관리계획의 수립절차 제1장 입안절차 제1절 입안자 8-1-1-1. 도시ㆍ군기본계획 수립대상 시ㆍ군의 시장ㆍ군수는 도시ㆍ군기본계획의 내용에 적합하도록 도시ㆍ군관리계획을 입안하여야 한다.",Y(후보),pending
TITM-000793,TOBL-00150,UNIT-0392846,a901/p5/n3/s0-8-1-1-2-2,도시ㆍ군관리계획의 직접 입안,생성,287,2 이상의 시ㆍ도에 걸쳐 지정되는 용도지역ㆍ용도지구 또는 용도구역과 2 이상의 시ㆍ도에 걸쳐 이루어지는 사업의 계획중 도시ㆍ군관리계획으로 결정하여야 할 사항이 있는 경우 ③ 도시ㆍ군관리계획이 도시ㆍ군기본계획에 부합되지 아니하다고 판단하여 시장ㆍ군수에게 도시ㆍ군관리계획의 조정을 요구하였으나 정한 기간까지 도시ㆍ군관리계획을 정비하지 아니한 경우 (4) 도지사는 다음의 경우에는 직접 또는 시장이나 군수의 요청에 의하여 도시ㆍ군관리계획을 입안할 수 있다. 이 경우 도지사는 관계 시장 또는 군수의 의견을 들어야 한다.,Y(후보),pending
TITM-000794,TOBL-00150,UNIT-0392846,a901/p5/n3/s0-8-1-1-4-1,예측가능한 도시ㆍ군관리계획사항,규칙,69,예측가능한 도시ㆍ군관리계획사항은 일괄하여 포함함으로써 도시ㆍ군관리계획이 입안된 이후 단편적으로 수립하지 않도록 하여야 한다.,Y(후보),pending
TITM-000795,TOBL-00150,UNIT-0392846,a901/p5/n3/s0-8-1-1-4-2,택지개발촉진법에 따라 이미 택지개발지구로 지정된 지역에,규칙,103,택지개발촉진법에 따라 이미 택지개발지구로 지정된 지역에 대하여는 당해 지구에 대한 개발계획을 고려하여 도시ㆍ군관리계획을 입안하여야 한다. 제2절 주민의 제안에 의한 도시ㆍ군관리계획 입안,Y(후보),pending
TITM-000796,TOBL-00150,UNIT-0392846,a901/p5/n3/s0-8-1-2-1-4,시ㆍ군의 재정여건 및 주민의 사업시행능력,규칙,80,시ㆍ군의 재정여건 및 주민의 사업시행능력 (2) 주민은 도시ㆍ군관리계획의 입안을 제안하고자 하는 경우에는 다음의 서류를 갖추어 제안하여야 한다.,Y(후보),pending
TITM-000797,TOBL-00150,UNIT-0392846,a901/p5/n3/s0-8-1-2-1-3-4,주민이 사업시행,규칙,59,주민이 사업시행을 하고자 제안하는 경우에는 도시ㆍ군관리계획결정 등에 필요한 비용의 전부를 부담하여야 한다.,Y(후보),pending
TITM-000798,TOBL-00150,UNIT-0392846,a901/p5/n3/s0-8-1-2-2,지구단위계획구역의 지정제안,생성,507,"지구단위계획구역의 지정제안 지구단위계획구역의 지정제안은「지구단위계획수립지침」을 따른다. 8-1-2-3. 도시ㆍ군계획시설의 설치제안 (1) 도시ㆍ군계획시설의결정ㆍ구조및설치기준에관한규칙 및 관계법령에 의한 입지 및 규모기준에 적합하여야 한다. (2) 도시ㆍ군관리계획의 입안을 제안하려는 자는 대상 토지(국ㆍ공유지 제외) 면적의 5분의 4 이상에 해당하는 토지소유자의 동의를 받아야 한다. 다만, 국ㆍ공유지가 포함되어 있을 경우에는 해당 재산관리청과 사전협의가 있어야 한다. (3) 도시ㆍ군계획시설의 변경은 변경사유와 규모의 적정성을 면밀히 검토하여 규모의 과대 또는 과소로 인하여 시설관리의 장애나 주변에 불필요한 피해가 발생하지 않도록 조정하여야 한다. (4) 도시ㆍ군계획시설의 폐지를 제안하는 경우에는 반드시 도시ㆍ군관리계획으로 설치하여야 할 특별한 사유가 없는 때에는 도시ㆍ군관리계획을 폐지한다. (5) 구체적인 토지매입계획, 사업시행계획 및 재원조달계획을 검토하여 사업을 시행할 능력이 인정되어야 한다.",Y(후보),pending
TITM-000799,TOBL-00150,UNIT-0392846,a901/p5/n3/s0-8-1-2-4-1,지구 지정 대상토지(국ㆍ공유지,규칙,62,지구 지정 대상토지(국ㆍ공유지를 제외한다) 면적의 3분의 2 이상을 시행자가 확보(동의를 포함한다)하여야 한다.,Y(후보),pending
TITM-000800,TOBL-00150,UNIT-0392846,a901/p5/n3/s0-8-1-2-5-1,용도지구에 관한 도시ㆍ군관리계획의 입안,규칙,140,용도지구에 관한 도시ㆍ군관리계획의 입안을 제안하려는 경우에는 해당 용도지구에 따른 건축물이나 그 밖의 시설의 용도ㆍ종류 및 규모 등의 제한을 대체하는 지구단위계획구역의 지정 및 변경과 지구단위계획의 수립 및 변경에 관한 사항을 동시에 제안하여야 한다.,Y(후보),pending
TITM-000801,TOBL-00150,UNIT-0392846,a901/p5/n3/s0-8-1-2-5-2,도시ㆍ군관리계획제안서의 처리,생성,242,"(1)에 따라 제안하려는 경우에는 둘 이상의 용도지구가 중첩하여 지정되어 해당 행위제한의 내용을 지구단위계획을 통하여 정비하거나 통합적으로 관리할 필요가 있는 지역에 제안한다. 8-1-2-6. 도시ㆍ군관리계획제안서의 처리 (1) 도시ㆍ군관리계획의 입안을 제안받은 시장ㆍ군수는 제안한 날부터 45일 이내에 도시ㆍ군관리계획입안에의 반영여부를 통보하여야 한다. 다만, 부득이한 사정이 있는 경우에는 1회에 한하여 30일을 연장할 수 있다.",Y(후보),pending
TITM-000802,TOBL-00150,UNIT-0392846,a901/p5/n3/s0-8-1-2-5-3,입안시기ㆍ내용ㆍ비용부담액 통보,생성,90,"시장ㆍ군수가 제안서의 내용이 타당하다고 인정하여 도시ㆍ군관리계획 입안을 제안자에게 통보할 때에는 입안시기, 입안내용, 예상되는 비용부담액을 함께 통보하여야 한다.",Y(후보),pending
TITM-000803,TOBL-00150,UNIT-0392846,a901/p5/n3/s0-8-1-3-1-1,항의 열람기일내에 시장ㆍ군수에게 의견서,규칙,135,항의 열람기일내에 시장ㆍ군수에게 의견서를 제출할 수 있다. ⑦ 도시ㆍ군관리계획(안)에 대한 주민의견 청취결과 도시ㆍ군계획조례가 정하는 중요한 변경사항이 있을 경우에는 변경된 부분에 대하여 재공고ㆍ열람을 하여야 한다. (4) 주민 등의 의견청취,Y(후보),pending
TITM-000804,TOBL-00150,UNIT-0392846,a901/p5/n3/s0-8-1-3-1-1~2,시장ㆍ군수,규칙,204,시장ㆍ군수는 도시ㆍ군관리계획을 입안하고자 할 때에는 주민의 의견을 청취하고 그 의견이 타당하다고 인정할 때에는 이를 도시ㆍ군관리계획의 입안에 반영하여야 한다. ② 도시ㆍ군관리계획안의 공고 및 열람결과 제출된 주민의 의견은 그 내용의 타당성 여부에 불구하고 조치여부ㆍ조치내용ㆍ미조치사유 등 주민의 의견청취 결과요지를 작성하여 도시ㆍ군관리계획결정 신청시 이를 첨부한다.,Y(후보),pending
TITM-000805,TOBL-00150,UNIT-0392846,a901/p5/n3/s0-8-1-3-1-3-5,시장 또는 군수,규칙,162,"시장 또는 군수는 도시ㆍ군관리계획을 입안할 때에 법 제30조제1항에 따라 협의하여야 할 사항에 관하여  결정신청 이전에 해당 행정기관의 장과 협의할 수 있으며,  도지사에게 결정을 신청할 때에는 동 협의 결과를 첨부하여야 한다. 이 경우 도지사는 관계행정기관의 장과 협의를 생략할 수 있다.",Y(후보),pending
TITM-000806,TOBL-00150,UNIT-0392846,a901/p5/n3/s0-8-1-3-1-3-6,시ㆍ도지사 시장 또는 군수,규칙,52,"시ㆍ도지사, 시장 또는 군수는 도시ㆍ군관리계획안에 대하여 관계 지방의회의 의견을 들어야 한다.",Y(후보),pending
TITM-000807,TOBL-00150,UNIT-0392846,a901/p5/n3/s0-8-2-2-2,시ㆍ도지사,규칙,166,"시ㆍ도지사는 관계 행정기관과 미리 협의(30일내 의견제시)하여야 하며, 시ㆍ도도시계획위원회의 심의를 거쳐 이를 결정한다. 결정된 도시ㆍ군관리계획을 변경할 때에도 위의 절차와 같다. 다만, 주민 등의 의견청취를 생략할 수 있는 경미한 사항의 변경(근거법령을 포함할 것)에 있어서는 그러하지 아니하다.",Y(후보),pending
TITM-000808,TOBL-00150,UNIT-0392846,a901/p5/n3/s0-8-2-3-3,시ㆍ도지사가 도면,규칙,106,"시ㆍ도지사가 도면을 승인한 때 또는 도면을 작성한 때에는 도시ㆍ군관리계획결정을 고시한 사항과 승인 또는 작성한 도면을 고시하고, 지체 없이 고시된 내용을 관계 시장ㆍ군수에게 송부하여야 한다.",Y(후보),pending
TITM-000809,TOBL-00150,UNIT-0392846,a901/p5/n3/s0-8-3-2-2,해제 입안신청 방법,규칙,249,"해제 입안신청 방법 8-3-2-1의 경우에 해당하는 도시ㆍ계획시설 부지의 토지 소유자가 입안권자에게 그 도시ㆍ군계획시설결정의 해제입안을 신청하려는 경우에는 「국토의 계획 및 이용에 관한 법률 시행규칙」(이하 ""시행규칙""이라 한다) 제8조의2제1항에 따른 해제 입안신청서를 갖추어 제출하여야 한다. 이 경우 해제 입안신청을 받은 입안권자는 해당 도시ㆍ군관리계획 결정권자(이하 이 장에서 ""결정권자""라고 한다)에게 지체없이 그 사실을  알려야 한다.",Y(후보),pending
TITM-000810,TOBL-00150,UNIT-0392846,a901/p5/n3/s0-8-3-2-3-1,입안권자,규칙,178,"입안권자는 해제 입안신청을 받은 날부터 3개월 이내에 입안여부를 결정하여 해제 입안신청에 대한 결과를 신청인 및 결정권자에게 알려야 한다. 다만, 신청인이  8-3-2-1에 해당하지 않음에도 불구하고, 해제 입안신청을 한 경우에는 입안권자는 해제 입안신청을 받은 날부터 14일 이내에 신청인에게 그 사실을 알려야 한다.",Y(후보),pending
TITM-000811,TOBL-00150,UNIT-0392846,a901/p5/n3/s0-8-3-2-3-1~2,의 본문에 따른 해제 입안신청 결과,규칙,167,"의 본문에 따른 해제 입안신청 결과를 통지할 때에는 신청에 대해 수용할 경우에는 도시ㆍ군계획시설결정 해제를 위한 도시ㆍ군관리계획 입안(법 제28조에 따른 주민의견 청취를 위한 공고를 말한다. 이하 이 장에서 같다)기한 및 해제결정기한을 제시하여야 하고, 반려할 경우에는 그 사유 등을 제시하여야 하며",Y(후보),pending
TITM-000812,TOBL-00150,UNIT-0392846,a901/p5/n3/s0-8-3-2-3-1~3,의 단서에 따라 해제 입안신청 대상에 해당하지 않음,규칙,130,"의 단서에 따라 해제 입안신청 대상에 해당하지 않음을 통지할 경우에는 해당 도시ㆍ군계획시설의 결정시기, 실효시기, 단계별 집행계획 상 집행시기 등을 제시하여야 한다. 이 경우 해제 입안신청 결과 등의 통지는 별지 제1호서식에 따른다.",Y(후보),pending
TITM-000813,TOBL-00150,UNIT-0392846,a901/p5/n3/s0-8-3-2-4-1,집행계획을 수립ㆍ변경하는 경우,생성,166,"신청토지가 포함되어 있는 도시ㆍ군계획시설에 대하여 도시ㆍ군계획시설결정의 실효 시까지 설치하기로 집행계획을 수립하거나 변경하는 경우(이 경우 단계별 집행계획에 대해 지방의회의 의견을 청취하고, 중기지방재정계획 등 예산계획 상 도시ㆍ군계획시설사업 예산을 기초로 해당 시설의 집행예산을 산정하여야 한다)",Y(후보),pending
TITM-000814,TOBL-00150,UNIT-0392846,a901/p5/n3/s0-8-3-2-5-1,6개월 이내 해제결정 이행,생성,214,"입안권자가 신청인에게 해당 도시ㆍ군계획시설결정의 해제입안을 하기로 통지한 경우에는 입안권자와 결정권자는 신청인에게 입안하기로 통지한 날부터 6개월 이내에 해당 도시ㆍ군계획시설결정의 해제결정(해제를 하지 아니하기로 결정하는 것을 포함한다. 이하 이 장에서 같다)을 이행하여야 한다. 다만, 관계 법률에 따른 별도의 협의가 필요한 경우 그 협의에 필요한 기간은 기간계산에서 제외한다. ※",Y(후보),pending
TITM-000815,TOBL-00150,UNIT-0392846,a901/p5/n3/s0-8-3-2-5-3,입안권자,규칙,217,"입안권자는 해제입안을 한 경우에는 주민의견 청취 공고의 내용과 의견이 있으면 의견서를 제출할 수 있다는 뜻을 해당 도시ㆍ군계획시설에 포함된 토지의 소유자에게 서면으로 통지(토지 소유자가 원하는 경우에는 전자문서에 의한 통지를 포함한다. 이하 이 장에서 같다)하여야 한다. 다만, 통지받을 자를 알 수 없거나 그 주소ㆍ거소 또는 그 밖에 통지할 장소를 알 수 없을 때에는 그러하지 아니하다.",Y(후보),pending
TITM-000816,TOBL-00150,UNIT-0392846,a901/p5/n3/s0-8-3-2-5-4,지방의회의 60일 이내 의견 제출,생성,123,입안권자가 법 제28조제5항에 따라 해당 지방의회에 의견을 요청한 경우 지방의회는 요청을 받은 날부터 60일 이내에 의견을 제출하여야 한다. 이 경우 60일 이내에 의견이 제출되지 않은 경우에는 의견이 없는 것으로 본다.,Y(후보),pending
TITM-000817,TOBL-00150,UNIT-0392846,a901/p5/n3/s0-8-3-2-4~2,⑤의 절차가 완료된 경우도 포함한다)에,규칙,348,"⑤의 절차가 완료된 경우도 포함한다)에는 그 결과를 입안권자, 결정권자 및 신청인에게 알려야 한다. 이 경우 결과 통지는 별지 제1호서식에 따른다. (6) 결정권자가 도시ㆍ군관리계획 결정절차를 거쳐 신청토지의 전부 또는 일부를 해제하지 아니하기로 결정한 경우, 입안권자 또는 결정권자는 지체없이 해당 도시ㆍ군계획시설에 대하여 단계별 집행계획을 수립 또는 변경하거나, 사업을 시행하여야 한다.(단계별 집행계획을 수립 또는 변경하는 경우에는 지방의회의 의견을 청취하고, 중기지방재정계획 등 예산계획 상 도시ㆍ군계획시설사업 예산을 기초로 해당 시설의 집행예산을 산정하여야 한다) 제3절 장기미집행 도시ㆍ군계획시설결정의 해제 신청",Y(후보),pending
TITM-000818,TOBL-00150,UNIT-0392846,a901/p5/n3/s0-8-3-3-1~2,의 경우에 해당하,규칙,151,의 경우에 해당하는 도시ㆍ계획시설 부지의 토지 소유자가 결정권자에게 그 도시ㆍ군계획시설결정 해제를 신청하는 경우에는 시행규칙 제8조의2제2항에 따른 해제 신청서를 갖추어 제출하여야 한다. 이 경우 해제 신청을 받은 결정권자는 입안권자에게 지체없이 그 사실을 알려야 한다.,Y(후보),pending
TITM-000819,TOBL-00150,UNIT-0392846,a901/p5/n3/s0-8-3-3-3-1,결정권자,규칙,77,결정권자는 해제 신청을 받은 날부터 2개월 이내에 해제절차 진행여부를 결정하여 해제신청에 대한 결과를 신청인 및 입안권자에게 알려야 한다.,Y(후보),pending
TITM-000820,TOBL-00150,UNIT-0392846,a901/p5/n3/s0-8-3-3-3-1~2,에 의한 해제 신청 결과,규칙,136,"에 의한 해제 신청 결과를 통지할 때에는 신청에 대해 수용할 경우에는 도시ㆍ군계획시설결정의 해제입안 기한 또는 해제결정 기한을 제시하고, 반려할 경우에는 그 사유 등을 제시하여야 한다. 이 경우 해제 신청 결과 통지는 별지 제2호서식에 따른다.",Y(후보),pending
TITM-000821,TOBL-00150,UNIT-0392846,a901/p5/n3/s0-8-3-3-5,해제 신청 결과 통지 이후 해제절차,생성,122,해제 신청에 대한 결과 통지이후 도시ㆍ군계획시설결정의 해제절차 (1) 결정권자는 신청인에게 해당 도시ㆍ군계획시설결정 해제를 위한 해제절차를 이행하기로 통지한 경우에는 다음과 같이 해제절차를 진행하여야 한다. ① 신청인이,Y(후보),pending
TITM-000822,TOBL-00150,UNIT-0392846,a901/p5/n3/s0-8-3-3-1-1,에 해당하,규칙,203,"에 해당하는 사유로 신청한 경우 : 결정권자는 해제신청을 받은 날부터 2개월 이내에 입안권자에게 해당 도시ㆍ군계획시설의 해제입안을 요청하여야 하며, 신청인에게 해제절차를 이행하기로 통지한 날부터 6개월 이내에 해당 도시ㆍ군계획시설결정의 해제결정을 이행하여야 한다. 다만, 관계 법률에 따른 별도의 협의가 필요한 경우 그 협의에 필요한 기간은 기간계산에서 제외한다.",Y(후보),pending
TITM-000823,TOBL-00150,UNIT-0392846,a901/p5/n3/s0-8-3-3-1-2~2,에 해당하,규칙,117,"에 해당하는 사유로 신청한 경우 : 결정권자는 신청인에게 해제절차를 이행하기로 통지한 날부터 2개월 이내에 해당 도시ㆍ군계획시설결정의 해제결정을 이행하여야 한다. 다만, (4)의 단서에 해당하는 경우에는 (1)",Y(후보),pending
TITM-000824,TOBL-00150,UNIT-0392846,a901/p5/n3/s0-8-3-3-1-1-2,입안권자,규칙,217,"입안권자는 해제입안을 한 경우에는 주민의견 청취 공고의 내용과 의견이 있으면 의견서를 제출할 수 있다는 뜻을 해당 도시ㆍ군계획시설에 포함된 토지의 소유자에게 서면으로 통지(토지 소유자가 원하는 경우에는 전자문서에 의한 통지를 포함한다. 이하 이 장에서 같다)하여야 한다. 다만, 통지받을 자를 알 수 없거나 그 주소ㆍ거소 또는 그 밖에 통지할 장소를 알 수 없을 때에는 그러하지 아니하다.",Y(후보),pending
TITM-000825,TOBL-00150,UNIT-0392846,a901/p5/n3/s0-8-3-3-1-1-3,지방의회의 60일 이내 의견 제출,생성,123,입안권자가 법 제28조제5항에 따라 해당 지방의회에 의견을 요청한 경우 지방의회는 요청을 받은 날부터 60일 이내에 의견을 제출하여야 한다. 이 경우 60일 이내에 의견이 제출되지 않은 경우에는 의견이 없는 것으로 본다.,Y(후보),pending
TITM-000826,TOBL-00150,UNIT-0392846,a901/p5/n3/s0-8-3-3-1-1-5,입안권자 결정권자,규칙,107,"입안권자, 결정권자는 해당 도시ㆍ군계획시설결정의 해제입안, 해제결정을 이행한 경우에는 그 결과를 입안권자, 결정권자 및 신청인에게 알려야 한다. 이 경우 결과 통지는 별지 제2호서식에 따른다.",Y(후보),pending
TITM-000827,TOBL-00150,UNIT-0392846,a901/p5/n3/s0-8-3-3-1-1-6,결정권자가 도시ㆍ군관리계획 결정절차,규칙,263,"결정권자가 도시ㆍ군관리계획 결정절차를 거쳐 신청토지의 전부 또는 일부를 해제하지 아니하기로 결정한 경우, 입안권자 또는 결정권자는 지체없이 해당 도시ㆍ군계획시설에 대하여 단계별 집행계획을 수립 또는 변경하거나, 사업을 시행하여야 한다.(단계별 집행계획을 수립 또는 변경하는 경우에는 지방의회의 의견을 청취하고, 중기지방재정계획 등 예산계획 상 도시ㆍ군계획시설사업 예산을 기초로 해당 시설의 집행예산을 산정하여야 한다) 제4절 장기미집행 도시ㆍ군계획시설결정의 해제 심사신청",Y(후보),pending
TITM-000828,TOBL-00150,UNIT-0392846,a901/p5/n3/s0-8-3-4-1~2,의 경우에 해당하,규칙,207,"의 경우에 해당하는 도시ㆍ계획시설 부지의 토지 소유자가 국토교통부장관에게 그 도시ㆍ군계획시설결정 해제 심사를 신청하는 경우에는 시행규칙 제8조의2제3항에 따른 해제 심사신청서를 갖추어 제출하여야 한다. 이 경우 해제 심사신청을 받은 국토교통부장관은 입안권자 및 결정권자에게 지체없이 그 사실을 알려야 하며, 해제 심사를 위한 관련 서류 등을 제출할 것을 요구할 수 있다.",Y(후보),pending
TITM-000829,TOBL-00150,UNIT-0392846,a901/p5/n3/s0-8-3-4-3-1,국토교통부장관,규칙,160,"국토교통부장관은 해제 심사신청을 받은 날부터 3개월 이내에 해당 도시ㆍ군계획시설결정의 해제 권고 여부를 결정하여 해제 심사신청에 대한 결과를 신청인 및 결정권자에게 알려야 한다. 다만, 현장조사 등으로 기한 내 절차를 완료할 수 없는 부득이한 경우에는 2개월 범위내에서 연장할 수 있다.",Y(후보),pending
TITM-000830,TOBL-00150,UNIT-0392846,a901/p5/n3/s0-8-3-4-3-1~2,에 의한 해제 심사신청 결과,규칙,98,에 의한 해제 심사신청 결과를 통지할 때에는 그 사유와 도시ㆍ군계획시설결정의 해제결정 기한 등을 제시하여야 한다. 이 경우 해제 심사신청 결과 통지는 별지 제3호서식에 따른다.,Y(후보),pending
TITM-000831,TOBL-00150,UNIT-0392846,a901/p5/n3/s0-8-3-4-2~2,에 따라 국토교통부장관이 해제 심사신청,규칙,87,"에 따라 국토교통부장관이 해제 심사신청을 받은 경우, 결정권자에게 해제를 권고하기 위해서는 중앙도시계획위원회 심의를 거쳐야한다. (2) 입안권자, 결정권자는",Y(후보),pending
TITM-000832,TOBL-00150,UNIT-0392846,a901/p5/n3/s0-8-3-4-2-4,그밖에 국토교통부장관이 요청하,규칙,131,"그밖에 국토교통부장관이 요청하는 자료 (3) 국토교통부장관이 입안권자, 결정권자에게 해제 심사와 관련하여 제출한 자료에 대해 중앙도시계획위원회에 직접 출석하여 관련사항을 설명하도록 요청할 경우 입안권자, 결정권자는 이에 응하여야 한다.",Y(후보),pending
TITM-000833,TOBL-00150,UNIT-0392846,a901/p5/n3/s0-8-3-4-3-3,입안권자,규칙,217,"입안권자는 해제입안을 한 경우에는 주민의견 청취 공고의 내용과 의견이 있으면 의견서를 제출할 수 있다는 뜻을 해당 도시ㆍ군계획시설에 포함된 토지의 소유자에게 서면으로 통지(토지 소유자가 원하는 경우에는 전자문서에 의한 통지를 포함한다. 이하 이 장에서 같다)하여야 한다. 다만, 통지받을 자를 알 수 없거나 그 주소ㆍ거소 또는 그 밖에 통지할 장소를 알 수 없을 때에는 그러하지 아니하다.",Y(후보),pending
TITM-000834,TOBL-00150,UNIT-0392846,a901/p5/n3/s0-8-3-4-3-4,지방의회의 60일 이내 의견 제출,생성,123,입안권자가 법 제28조제5항에 따라 해당 지방의회에 의견을 요청한 경우 지방의회는 요청을 받은 날부터 60일 이내에 의견을 제출하여야 한다. 이 경우 60일 이내에 의견이 제출되지 않은 경우에는 의견이 없는 것으로 본다.,Y(후보),pending
TITM-000835,TOBL-00150,UNIT-0392846,a901/p5/n3/s0-8-3-4-3-1~4,의 본문에도 불구하고 국토교통부장관으로부터 해제,규칙,103,의 본문에도 불구하고 국토교통부장관으로부터 해제를 권고 받은 날부터 2개월 이내에 해당 도시ㆍ군계획시설 결정을 해제하여야 한다.(결정권자가 입안내용의 변경이 필요하다고 판단하는 경우에는,Y(후보),pending
TITM-000836,TOBL-00150,UNIT-0392846,a901/p5/n3/s0-8-3-4-3-6,입안권자 결정권자,규칙,98,"입안권자, 결정권자는 해당 도시ㆍ군계획시설결정의 해제입안, 해제결정을 이행한 경우에는 그 결과를 입안권자, 결정권자, 국토교통부장관 및 신청인에게 알려야 한다. 제9편 행정사항",Y(후보),pending
TITM-000837,TOBL-00151,UNIT-0392846,a901/p5/n3/s0-9-2,재검토기한,생성,139,(재검토기한) 국토교통부장관은 이 훈령에 대하여 「훈령ㆍ예규 등의 발령 및 관리에 관한 규정」에 따라 2023년 7월 1일 기준으로 매 3년이 되는 시점(매 3년째의 6월 30일까지를 말한다)마다 그 타당성을 검토하여 개선 등의 조치를 하여야 한다.,모름,pending
TITM-000838,TOBL-00152,UNIT-0392847,a901/s0-1-2-2,지속가능성,생성,160,"(지속가능성) 도시ㆍ군기본계획을 수립하는 목적은 궁극적으로 국토의 이용ㆍ개발과 보전을 위한 국토관리의 지속가능성을 담보하는데 있다. 특히, 인구 감소가 도시에 미치는 영향을 파악하여 부문별 계획 수립시 반영하어야 한다. 이를 위하여 국토계획평가를 계획 입안시부터 충실히 시행하여야 한다.",모름,pending
TITM-000839,TOBL-00152,UNIT-0392847,a901/s0-1-2-3,환경ㆍ경제ㆍ사회의 통합적 접근,생성,158,"(환경ㆍ경제ㆍ사회의 통합적 접근) 도시ㆍ군기본계획은 지속가능한 국토관리를 위해 국토의 이용ㆍ개발과 보전에 있어 환경, 경제, 사회적 측면의 세 가지 영향을 통합적이고 균형있게 고려하여야 하며 환경적, 경제적, 사회적 이해관계를 공간적 차원에서 종합, 조정하는 역할을 담당하여야 한다.",모름,pending
TITM-000840,TOBL-00152,UNIT-0392847,a901/s0-1-2-4,환경적 측면,생성,263,"(환경적 측면) 환경적 측면에서 지속가능한 국토관리를 추구하기 위해 도시ㆍ군기본계획은 도시의 급속한 성장과 외연적 확산에 따른 자연환경의 훼손과 대기ㆍ수질ㆍ토양 등의 오염발생을 사전적으로 방지하는 역할을 담당하여야 한다. 탄소중립 사회로의 이행 및 녹색성장에 적극 대응하기 위하여, 탄소감축에 유리한 공간구조를 형성하고, 화석연료 사용 억제 및 신재생에너지의 사용을 촉진하여 에너지전환을 추구하며, 도시 내 탄소흡수원을 확충하고, 재해취약성을 저감하는데 주력하여야 한다.",모름,pending
TITM-000841,TOBL-00152,UNIT-0392847,a901/s0-1-2-5,경제적 측면,생성,348,"(경제적 측면) 지속가능한 국토관리는 경제발전과 함께 이루어져야 한다. 이를 위해 도시ㆍ군기본계획은 지역의 고용 창출을 위한 물리적 기반을 조성함으로써 기업에게 다양한 비즈니스 기회를 제공하는 한편, 지역민의 거주성을 제고하여 지역상권을 활성화하는 등 도시재생과 지역경제의 활성화를 도모하여야 한다. 나아가 4차 산업혁명에 따른 새로운 기술변화를 적용한 스마트도시기반시설을 확충하고, 산업구조 변화에 유연하게 대응할 수 있는 토지이용체계를 구축하여야 한다. 이와 함께 자원이용의 경제적 효율성을 추구하여 비용효과적인 도시개발을 지향함으로써 개발과 보존의 조화를 이루면서 탄소중립 사회로의 이행과 녹색성장을 달성하여야 한다.",모름,pending
TITM-000842,TOBL-00152,UNIT-0392847,a901/s0-1-2-6,사회적 측면,생성,407,"(사회적 측면) 지속가능한 개발을 위해 도시ㆍ군기본계획은 지역사회의 다양한 이해관계를 충분하게 수렴, 반영함으로써 사회적 형평성을 제고하는 한편, 사회적 갈등을 줄이고 통합을 이루는 사회적 자본의 증진에 기여하여야 한다. 이를 위해 도시ㆍ군기본계획은 저소득층, 노약자, 장애인 등 사회적 약자가 경제적, 신체적 이유 등으로 주거권과 이동성을 비롯하여 주민으로서의 기본적인 활동에 제약을 받지 않도록 저렴한 주택과 대중교통을 공급하고, 어디서든 의료ㆍ복지ㆍ문화 등에 격차없는 삶의 질을 보장받을 수 있도록 교육ㆍ의료ㆍ복지시설 등 생활인프라를 확충하는데 주력하여야 한다. 이와 함께 지역사회의 사회ㆍ경제ㆍ문화적 다양성을 존중하는 포용적 발전을 추구하고 범죄예방, 재해방지 등 사회안전망을 확충하는데 힘써야 한다. 제3절 지위와 성격",모름,pending
TITM-000843,TOBL-00152,UNIT-0392847,a901/s0-1-3-1,도시ㆍ군기본계획의 지위,생성,202,"(도시ㆍ군기본계획의 지위) 국토종합계획, 도종합계획, 광역도시계획 등 상위계획의 내용을 수용하여 시ㆍ군이 지향하여야 할 바람직한 미래상을 제시하고, 정책계획과 전략계획을 실현할 수 있는 도시ㆍ군관리계획의 지침적 계획으로서의 위상을 갖는다. 따라서, 다른 법률에 의해 수립하는 각 부문별 계획이나 지침 등은 시ㆍ군의 가장 상위계획인 도시ㆍ군기본계획을 따라야 한다.",모름,pending
TITM-000844,TOBL-00152,UNIT-0392847,a901/s0-1-3-2,종합계획,생성,213,"(종합계획) 지속가능한 국토관리를 위해서는 경제ㆍ산업, 주택, 교통ㆍ기반시설, 환경ㆍ에너지, 사회ㆍ문화ㆍ복지 등 각 분야에서 수립한 부문별 정책 및 계획 등이 서로 조화를 이루어야 한다. 도시ㆍ군기본계획은 부문별 정책과 계획 등의 환경적, 경제적, 사회적 영향을 통합적이고 균형있게 조정ㆍ보완하여, 이를 공간적 차원에서 지속가능한 국토관리를 위한 정책과 전략으로 구체화하여야 한다.",모름,pending
TITM-000845,TOBL-00152,UNIT-0392847,a901/s0-1-3-3,정책계획과 전략계획,생성,266,"(정책계획, 전략계획) 도시ㆍ군기본계획은 공간구성에 관한 정책계획 또는 전략계획의 성격을 동시에 가져야 한다. 공간구성에 관한 정책계획은 자치단체의 국토이용ㆍ개발과 보전에 관한 '정책을 계획하는 것'을 의미하며, 전략계획은 자치단체가 이의 실현을 위해 행정역량을 선택적으로 집중해야 할 전략을 수립하는 것을 의미한다. 도시ㆍ군기본계획은 해당 시ㆍ군의 발전을 위한 공간적 정책 목표와 이를 달성하기 위한 국토이용ㆍ개발과 보전에 관한 전략 또는 정책적 우선순위를 기술하여야 한다.",모름,pending
TITM-000846,TOBL-00152,UNIT-0392847,a901/s0-1-3-6,계획 내용의 유연성,생성,197,"(계획 내용의 유연성) 도시ㆍ군기본계획은 정책계획 또는 전략계획으로서 공간계획의 유연성을 충분히 확보하여야 한다. 따라서, 계획구역내 각 지역별로 입지와 토지이용의 원칙과 기준 등을 기술하거나 개념도 수준의 도면으로 표현함으로써 도시ㆍ군관리계획(지구단위계획 포함) 차원에서 구체적인 상황과 여건에 따라 탄력적으로 조정할 수 있는 여지를 남겨두어야 한다.",모름,pending
TITM-000847,TOBL-00152,UNIT-0392847,a901/s0-1-3-7,최상위 공간계획,생성,217,"(최상위 공간계획) 도시ㆍ군기본계획은 공간구조 및 입지와 토지이용에 관한 한 부문별 정책이나 계획 등에  우선한다. 즉, 도시ㆍ군기본계획은 각 분야의 부문별 정책과 계획 등을 공간구조 및 입지와 토지이용을 통해 통합ㆍ조정하는 역할을 수행하여야 하며, 부문별 정책이나 계획 등에 따라 개별적으로 입지나 토지이용이 변경되어서는 아니된다. 제2장 도시ㆍ군기본계획의 수립범위 제1절 계획수립 대상",모름,pending
TITM-000848,TOBL-00153,UNIT-0392850,a901/p3/s0-3-2-3-5,공유수면에 대하여,규칙,59,공유수면에 대하여는 항만ㆍ어항 등의 개발과 공유수면의 매립 및 보전에 대한 방향과 기준을 제시하여야 한다.,Y(후보),pending
TITM-000849,TOBL-00153,UNIT-0392850,a901/p3/s0-3-2-3-6,비점오염 물질 유출량 최소화,생성,79,단지등의 개발로 초기강우시 비점오염 물질의 유출량이 증가되지 않도록 하거나 수계에 미치는 영향을 최소화하는 개발방향과 기준을 제시하여야 한다.,Y(후보),pending
TITM-000850,TOBL-00153,UNIT-0392850,a901/p3/s0-3-2-3-8,기후위기 대응,규칙,140,"기후위기 대응과 탄소중립 사회로의 이행을 위하여 도시의 온실가스 배출 및 흡수 특성과 관계된 다양한 요소를 공간적으로 진단하고, 도시의 탄소중립 달성을 위한 공간구조 개편, 토지이용 방향 등 부문별 계획 수립 시 구체적 탄소중립방안을 제시하여야 한다.",Y(후보),pending
TITM-000851,TOBL-00153,UNIT-0392850,a901/p3/s0-3-2-3-11,기후변화에 따른 재해취약성 분석,규칙,153,"기후변화에 따른 재해취약성 분석을 통해 도시의 다양한 재해위험을 파악하여 부문별 계획 수립시 반영하고, 재해취약성 저감 및 회복력 증진 방안을 제시하여야 한다. (12) 도시의 쾌적성과 건강성 확보를 위한 바람길 분석 및 조성 등 도심 열섬현상을 완화할 수 있도록 계획한다.",Y(후보),pending
TITM-000852,TOBL-00153,UNIT-0392850,a901/p3/s0-3-3-2-1,모든 계획서 및 도면 등의 성과물,규칙,144,모든 계획서 및 도면 등의 성과물은 일반인이 알기 쉽고 도시ㆍ군관리계획수립에 혼란이 없도록 계획의 내용과 용어사용이 분명하여야 한다. (2) 도시ㆍ군기본계획서는 계획서와 자료집으로 구분하고 기초조사 자료 및 결과ㆍ대안분석ㆍ의견수렴 결과 등으로 구분 작성한다.,Y(후보),pending
TITM-000853,TOBL-00153,UNIT-0392850,a901/p3/s0-3-3-3-2,특정주제별 계획,규칙,143,"특정주제별 계획은 기초조사 결과에 입각하여 지방자치단체의 특성과 계획수립의 목적에 부합하는 항목을 선택적으로 추출ㆍ취합하고, 이에 따른 계획과제 또는 특정주제를 발굴하여 이를 중심으로 수립하되, 법 제19조제1항에 따른 정책방향이 특정주제별로 담겨야 한다.",Y(후보),pending
TITM-000854,TOBL-00153,UNIT-0392850,a901/p3/s0-3-3-3-3,특정주제별로 계획,규칙,266,특정주제별로 계획을 수립하는 경우 법 제19조제1항에 따른 정책방향이 모두 포함되었는지를 확인할 수 있는 체크리스트를 작성하여 자료집에 수록한다. 3-3-4. 도시ㆍ군기본계획의 정비 (1) 도시ㆍ군기본계획은 공동체의 합의이며 주민들과의 약속이므로 도시여건의 급격한 변화등 불가피한 사유가 없는 한 변경하지 않도록 하여야 한다. (2) 도시ㆍ군기본계획을 정비할 때에는 종전의 도시ㆍ군기본계획의 내용중 수정이 필요한 부분만을 발췌하여 보완함으로써 계획의 연속성이 유지되도록 한다.,Y(후보),pending
TITM-000855,TOBL-00153,UNIT-0392850,a901/p3/s0-3-3-3-3~2,재수립시에,규칙,201,재수립시에는 기존 도시ㆍ군기본계획의 추진실적을 평가하고 그 결과를 반영한다. 제4장 부문별 계획 수립기준 제1절 지역의 특성과 현황 4-1-1. 도시ㆍ군기본계획은 시ㆍ군의 장기적인 종합계획이며 미래상을 제시하는 가장 중요한 계획이다. 따라서 구체적인 계획을 수립하기 이전에 시ㆍ군이 가지고 있는 문제점과 잠재력 등 시ㆍ군의 특성과 현황을 먼저 파악하여야 한다.,Y(후보),pending
TITM-000856,TOBL-00154,UNIT-0392850,a901/p3/s0-4-2-4-1,국가데이터처 장래인구,규칙,64,국가데이터처 장래인구를 권장 ㆍ국가데이터처 장래인구를 사용할 경우 공청회 개최일 기준 최신 자료를 사용하여야 한다.,모름,pending
TITM-000857,TOBL-00154,UNIT-0392850,a901/p3/s0-4-2-4-2,추세연장법 ㆍ함수들,규칙,1368,"추세연장법 ㆍ함수들과 시계열기간에 대하여 적합도 검증을 반드시 실시하여 최적 함수식을 선정하여야 한다. 이 때 가장 신뢰도가 높은 상위 3개의 함수식에 의한 추계치를 산술평균하여 인구추계를 한다. 추세연장법에 의해 인구를 추계할 시는 ""사회적 증가분에 의한 추정방법""을 보조적 수단으로 활용할 수 없다. (나) 사회적증가분에 의한 추정방법(보조적 수단) ㆍ사회적증가는 택지개발, 산업단지개발, 주택건설사업 승인과 같은 개발사업으로 인한 인구의 증가를 말하며, 개발사업 이외에 엑스포 등의 행사 또는 고속철도역사 건설이나 항만개발 등을 통한 유발인구는 개발사업이 존재할 경우 이로 인하여 늘어나는 인구와 중복될 가능성이 크므로 따로 계상하지 않는다. 다만, 동일한 생활권에서 산업단지 개발과 주거단지 개발이 동시에 이루어지는 경우 이중 하나의 외부유입률을 선택하여 사용해야 한다. ㆍ인구의 유입량을 결정함에 있어 그 지역의 과거사례나 유사한 특성을 가지는 인근 지역의 사례를 반영하여 비교유추하여 실제로 유발가능한 ‘가능유발인구’를 결정한다. ㆍ사회적 증가분은 아래의 식에 의하여 결정된다. 사회적 증가분 = (가능유발인구 - 추계에 의한 자연증가분) × 계수 (단, 계수는 1 미만으로서 가능유발인구에 포함되는 기존 인구 등을 고려하여 정한다) ㆍ사회적 증가에 반영할 토지개발사업은 도시ㆍ군기본계획의 도시계획위원회 심의 상정 전에 그 사업이 실시계획인가ㆍ승인(또는 그에 준하는 숭인이나 인가를 얻은 경우를 포함)를 얻은 경우와 지구단위계획 결정 후 개별법에 의한 승인, 허가를 얻은 경우만 반영한다. 단 도시계획위원회 심의를 거쳐 인정하는 개발사업의 경우에는 실시계획인가ㆍ승인 이전 단계이더라도 해당 사업을 포함할 수 있다. ㆍ개발 사업이 없는 경우, 인구의 유입량을 결정함에 있어 순유입률(전입-전출)을 적용하여 객관적인 외부유입률 추이를 반영한다. 주거단지 개발사업은 해당 시ㆍ군에서 최근 5년간 준공된 주거단지의 주민등록 전입현황을 토대로 외부유입률을 산정하고, 산업단지 개발사업의 외부유입률은 산업단지통계의 고용현황에 제시된 외지인비율을 활용하거나 산업단지 종사자 설문조사를 통해 산정한다. 또한 그 근거로는 어디에서 인구가 유입될 것인지에 대하여 유출지역별로 해당 유출지역의 인구변화추세에 비추어 타당성있는 수치를 제시하도록 한다. ㆍ이상과 같이 결정된 인구예측은 불완전성을 감안하여, 각 부문계획 수립시 ±10퍼센트내에서 해당 계획의",모름,pending
TITM-000858,TOBL-00154,UNIT-0392850,a901/p3/s0-4-2-4-1~2,산출된 인구지표가 상위계획상의 지표,규칙,200,"산출된 인구지표가 상위계획상의 지표와 상이할 경우 각 지표간 신뢰도를 검토하고 그 내용을 구체적으로 명시한다. ② 인구의 사회적 증가율이 최근 5년간의 인구증가율을 상회할 경우, 인구이동이 예상되는 인근 지역의 도시ㆍ군기본계획이나 도계획 등과도 비교하여 주변으로부터의 인구이동 가능성을 입증하여야 한다.(필요한 경우에는 이에 대하여 해당 지역의 의견을 첨부)",모름,pending
TITM-000859,TOBL-00155,UNIT-0392853,a901/p6/s0-4-2-8-2,온실가스 감축 목표 제시,규칙,172,"온실가스 감축 목표 제시는 도시ㆍ군기본계획 목표 연도까지의 5년 단위로 제시하며, 계획 수립 시점의 최신 자료를 바탕으로 한 현행 순배출량 대비 감축 비율과 절대 감축량을 제시하여야 한다. 이 때 현행 순배출량은 계획 수립 시점 최신 자료 기준 단년도에서 최근 5년 이하 기간의 평균을 기준으로 할 수 있다.",모름,pending
TITM-000860,TOBL-00155,UNIT-0392853,a901/p6/s0-4-2-8-1~2,온실가스 배출ㆍ흡수량 현황 분석,생성,128,"기초조사 시 해당 시ㆍ군의 연도별 직ㆍ간접적 온실가스 배출ㆍ흡수량을 부문별로 수집하여 현황을 분석하여야 하며, 해당 시ㆍ군에서 구축가능한 최신 자료 기준 최근 5년 간의 온실가스 배출ㆍ흡수량을 파악하고 순배출량을 파악하여야 한다.",모름,pending
TITM-000861,TOBL-00155,UNIT-0392853,a901/p6/s0-4-2-8-3~2,온실가스 배출ㆍ흡수 현황 파악 시에,규칙,300,"온실가스 배출ㆍ흡수 현황 파악 시에는 위 기준을 만족하는 타 법정 계획에 의해 구축된 자료가 있을 경우 이를 준용할 수 있으며 가능한 한 최신 자료를 활용하여야 한다. ④ 도시ㆍ군기본계획을 위한 온실가스ㆍ배출 흡수 현황 파악을 위해 「기후위기 대응을 위한 탄소중립ㆍ녹색성장 기본법」제36조 및 해당 법 시행령에 따라 마련되는 기준, IPCC Guidelines for National Greenhouse Gas Inventories 등 국제표준을 준용하되, 기준이 존재하지 않는 등 불가피한 경우 해당 시ㆍ군이 자율적으로 정할 수 있다.",모름,pending
TITM-000862,TOBL-00155,UNIT-0392853,a901/p6/s0-4-3-1-1~2,기본골격안 구상과 개발축 설정,생성,343,"당해 시ㆍ군 및 주변 시ㆍ군의 지형ㆍ개발상태ㆍ환경오염 등 여건과 목표년도의 개발지표에 의한 중심지체계를 설정하고, 토지이용계획, 교통계획, 기타 도시ㆍ군기본계획의 근간이 되는 사항을 대상으로 하여 2개안 이상의 기본골격안을 구상한다. 이 때 인구가 감소하는 성숙ㆍ안정형과 감소형의 시ㆍ군은 가급적 콤팩트-네트워크 도시가 구현되기 위한 공간구조를 목표로 하여야 하며, 이를 위하여 시ㆍ도지사는 관할 구역 또는 시ㆍ군에 적합한 성장유도선 설정 등의 계획기준을 마련하여 운영할 수 있다. ② 대안별로 개발축ㆍ보전축을 설정하고 성장주축과 부축 등을 설정하여, 개발축별 핵심기능을 부여하고 기능강화를 위한 전략을 제시한다.",모름,pending
TITM-000863,TOBL-00156,UNIT-0392857,a901/p10/s0-4-3-2-3,생활권의 경계,규칙,147,"생활권의 경계는 생활서비스의 공간적 제공범위와 물리적ㆍ사회문화적 공간의 동질성, 인접 시ㆍ군과의 관계 및 각종 자료 취득의 용이성 등을 고려하여 정한다. ④ 인접 시ㆍ군을 포함한 생활권을 설정하고자 하는 경우에는 해당 지자체와 협의하여야 한다. (2) 인구배분계획",Y(후보),pending
TITM-000864,TOBL-00156,UNIT-0392857,a901/p10/s0-4-3-2-6,에 따라 인구배분계획,규칙,63,에 따라 인구배분계획을 조정한 경우에는 도시ㆍ군기본계획을 변경하거나 재수립할 때에 동 조정내용을 반영하여야 한다.,Y(후보),pending
TITM-000865,TOBL-00156,UNIT-0392857,a901/p10/s0-4-4-1-2,기개발지,규칙,136,"기개발지는 비효율적인 토지이용 발생지역과 도시기능의 왜곡지역을 조사ㆍ분석하고, 발생원인과 문제점을 판단하여 기존 토지이용계획을 변경할 필요가 있는 곳을 선별한다. (3) 도시지역 등에 위치한 개발가능토지는 단계별로 시차를 두어 개발되도록 할 것",Y(후보),pending
TITM-000866,TOBL-00156,UNIT-0392857,a901/p10/s0-4-4-1-8,재해위험 해소,규칙,45,재해위험 해소를 위해 재해취약성분석 결과를 고려한 토지이용계획을 수립하여야 한다.,Y(후보),pending
TITM-000867,TOBL-00156,UNIT-0392857,a901/p10/s0-4-4-2-5,용도별 토지수요,규칙,303,"용도별 토지수요를 추정할 경우 아래의 기준에 따라 조정할 수 있다. ㉮ 국가산업단지 등 국가정책사업에 따라 필요한 용도별 토지수요를 별도로 고려할 수 있다. ㉯ 성숙ㆍ안정형 도시는 산업단지, 농공단지, 물류단지 등 지역발전을 위한 공업용지를 별도로 고려할 수 있다. ㉰ 감소형 도시는 ㉯에 따른 공업용지와 도시개발사업, 관광단지 등 관할구역내 국지적 토지수요를 별도로 고려할 수 있다. ㉱ ㉯와 ㉰에 따라 별도로 고려된 토지수요는 콤팩트-네트워크 도시 공간구조를 위한 성장유도선 등 계획적 관리 방안을 마련하여 적합한 입지에 배분하여야 한다.",Y(후보),pending
TITM-000868,TOBL-00156,UNIT-0392857,a901/p10/s0-4-4-3-1,시가화용지,규칙,478,"시가화용지는 현재 시가화가 형성된 기개발지로서 기존 토지이용을 변경할 필요가 있을 때 정비하는 토지로서 주거용지ㆍ상업용지ㆍ공업용지ㆍ관리용지로 구분하여 계획하고, 면적은 계획수립 기준연도의 주거용지ㆍ상업용지ㆍ공업용지ㆍ관리용지로 하여 위치별로 표시한다. 다만, 목표연도의 추정된 시가화용지(주거용지ㆍ상업용지ㆍ공업용지)가 도시ㆍ군기본계획 기준연도의 주거지역ㆍ상업지역ㆍ공업지역(도시ㆍ군관리계획으로 결정된 지역에 한한다) 면적보다 감소한 시ㆍ군은 추정된 토지수요에도 불구하고 주거지역ㆍ상업지역ㆍ공업지역을 시가화용지로 배분할 수 있으며, 이 때 해당 시ㆍ군은 시가화용지의 계획적 관리방안을 제시하여야 한다. ② 대상지역 ㉮ 도시지역내 주거지역, 상업지역, 공업지역 ㉯ 택지개발예정지구, 국가ㆍ일반ㆍ 도시첨단산업단지 및 농공단지, 전원개발사업구역 ㉰ 도시공원 중 어린이공원, 근린공원 ㉱ 계획관리지역 중 비도시지역 지구단위계획이 구역으로 지정된 지역(관리용지로 계획)",Y(후보),pending
TITM-000869,TOBL-00156,UNIT-0392857,a901/p10/s0-4-4-3-5,시가화예정용지의 세부용도 및 구체적인 위치,규칙,318,"시가화예정용지의 세부용도 및 구체적인 위치는 다음 각호의 기준에 따라 도시ㆍ군관리계획의 결정(변경)을 통해 정하도록 하여야 한다. ㉮ 상위계획의 개발계획과 조화를 이루고 개발의 타당성이 인정되는 경우 지정 ㉯ 인구변동과 개발수요가 해당 단계에 도달한 때 지정 ㉰ 도시지역의 자연녹지지역과 관리지역의 계획관리지역 및 개발진흥지구 중 개발계획이 미수립된 지역에 우선 지정토록하되, 그 외의 지역에 대해서도 도시의 장래 성장방향 및 도시와 주변지역의 전반적인 토지이용상황에 비추어 볼 때 시가화가 필요한 지역에 지정 ㉱ 재해취약성 분석 결과 재해 발생 우려가 적은 곳에 지정",Y(후보),pending
TITM-000870,TOBL-00156,UNIT-0392857,a901/p10/s0-4-4-3-6,시가화예정용지,규칙,102,시가화예정용지를 개발 용도지역으로 부여하기 위해서는 지구단위계획을 수반토록 하여 도시의 무질서한 개발을 방지하고 토지의 계획적 이용ㆍ개발이 될 수 있도록 하여야 한다. (4) 보전용지,Y(후보),pending
TITM-000871,TOBL-00156,UNIT-0392857,a901/p10/s0-4-4-4-3-4,해제지역,규칙,181,"해제지역은 주변의 토지이용현황과 조화되도록 친환경적으로 계획한다. (5) 개발제한구역이 부분 해제되는 도시권에서는 도시ㆍ군기본계획의 내용 중 개발제한구역의 조정에 관한 사항은 광역도시계획수립지침이 정하는 바에 따라 계획을 수립하도록 하며, 조정내용에 대하여는 사전에 국토교통부장관과 협의 및 그 협의 결과를 반영하여야 한다.",Y(후보),pending
TITM-000872,TOBL-00156,UNIT-0392857,a901/p10/s0-4-5-7-1,도심 기반시설 정비,생성,102,"(기반시설) 기존 도심지역의 노후한 기반시설을 정비하는 등 도시의 핵심역량 강화 및 기업활동을 지원하고, 압축적 도시공간 활용에 지장을 주지 않도록 물리적 환경여건을 개선하여야 한다.",Y(후보),pending
TITM-000873,TOBL-00156,UNIT-0392857,a901/p10/s0-4-5-7-2,대중교통 및 보행 중심 개발,생성,334,"(대중교통 및 보행) 도심지역에 활동인구(유동인구)가 증가하고 체류시간이 증대하도록 인간중심적이고 쾌적한 도심환경을 조성하여 도심상권의 활성화를 도모하여야 한다. 이를 위해 대중교통과 보행 중심의 개발(TOD; Transit-Oriented Development)을 통해 유동인구가 많은 역세권 등을 복합적이고 입체적으로 정비함으로써 보행권내에서 다양한 쇼핑ㆍ여가ㆍ문화활동이 이루어질 수 있도록 한다. 또한 보행의 안전성과 편리성이 증대되도록 가급적 자동차 통행을 배제하고, 보행의 연속성과 즐거움을 제공하기 위해 업무용 건물을 비롯한 도심지역내 건물의 저층부에는 상업ㆍ문화공간을 배치하도록 한다.",Y(후보),pending
TITM-000874,TOBL-00156,UNIT-0392857,a901/p10/s0-4-5-7-3,역사ㆍ문화자원 발굴ㆍ활용,생성,156,"(역사ㆍ문화자원) 기존 도심지역은 도시민의 다양한 추억과 향수가 어려 있는 곳으로, 지역 고유의 역사ㆍ문화자원을 적극적으로 발굴하고 문화여가공간으로 보전, 활용함으로써 도시 정체성과 장소성을 제고하여 집객력을 높여야 하며 재래시장이나 전통상가 역시 생활문화자원으로 활용하도록 한다",Y(후보),pending
TITM-000875,TOBL-00156,UNIT-0392857,a901/p10/s0-4-5-7-4-3,수립대상 성숙ㆍ안정형 도시의 경우 도시재생계획,규칙,99,수립대상 성숙ㆍ안정형 도시의 경우 도시재생계획을 수립하여야 한다. 성장형 도시는 자치단체장이 해당 지역의 여건상 도시재생계획이 필요하다고 판단할 경우 선택적으로 수립할 수 있다.,Y(후보),pending
TITM-000876,TOBL-00156,UNIT-0392857,a901/p10/s0-4-5-7-4-4,수립방향 ① 도시재생전략계획의 방향,규칙,360,"수립방향 ① 도시재생전략계획의 방향을 제시해 줄 수 있도록 구도심과 도시내 쇠퇴지역 등의 기능을 증진 시키고 지역공동체를 복원하여 자생적 도시재생을 위한 기반을 마련할 수 있는 전략이나 정책방향을 제시하여야 한다. ② 도시쇠퇴지역에 대해서는 도시ㆍ군기본계획(공간계획이나 토지이용계획, 기반시설 계획)에서 종상향 또는 기반시설 우선 설치 등 인센티브 방향을 제시하고, 공간계획에 대한 방향을 제시하여야 한다. (5) 도시재생계획의 내용 ① 도시쇠퇴 현황 ② 도시재생에 대한 지자체의 정책방향 ③ 도시재생사업 중 도시ㆍ군기본계획과의 연관사업 및 정책 제시 ④ 도시재생활성화지역의 지정 및 도시재생기반시설의 설치, 정비 또는 개량에 관한 방향성 제시",Y(후보),pending
TITM-000877,TOBL-00156,UNIT-0392857,a901/p10/s0-4-7-1-5,단지개발시 불투수층,규칙,95,단지개발시 불투수층을 최대한 감소시켜 초기강우시 비점오염 물질의 발생을 억제시키고 발생된 비점오염 물질은 하천에 유입되기 전에 이를 차단ㆍ관리하는 방안을 수립하여야 한다.,Y(후보),pending
TITM-000878,TOBL-00156,UNIT-0392857,a901/p10/s0-4-7-2-1,탄소중립도시 조성,규칙,73,탄소중립도시 조성을 위하여 계획 지표에서 제시한 연도별 온실가스 감축 목표에 따라 탄소중립 도시 조성 계획 방안을 수립하여야 한다.,Y(후보),pending
TITM-000879,TOBL-00156,UNIT-0392857,a901/p10/s0-4-7-2-5,유관 계획과의 일관성,생성,90,"지자체 탄소중립 녹색성장 기본계획. 지역에너지계획 등 유관 계획이 있을 경우, 해당 계획 내용을 언급하거나 준용할 수 있으며 해당 계획들과 일관성을 갖춰야 한다.",Y(후보),pending
TITM-000880,TOBL-00156,UNIT-0392857,a901/p10/s0-4-8-1-1,경관계획,규칙,90,"경관계획은 도시미관의 향상뿐만 아니라 주민의 생활환경 개선과 삶의 질 향상, 지역의 공공성 과 어메니티 제고 등을 목표로 하여 종합적인 관점에서 수립되어야 한다.",Y(후보),pending
TITM-000881,TOBL-00156,UNIT-0392857,a901/p10/s0-4-8-1-2,경관계획,규칙,73,"경관계획은 자연, 역사ㆍ문화, 주민의 생활상 등 지역의 고유한  특성과 요구를 고려하여 정체성ㆍ독창성이 확보되도록 수립하여야 한다.",Y(후보),pending
TITM-000882,TOBL-00156,UNIT-0392857,a901/p10/s0-4-8-1-3,경관계획,규칙,101,"경관계획은 장기적인 관점에서 도시 전체의 경관미래상을 제시하며, 단기적으로는 이에 부합하는 경관의 보존ㆍ관리 및 형성을 위한 계획방향을 지역 여건에 따라 선택적으로 제시하여야 한다.",Y(후보),pending
TITM-000883,TOBL-00156,UNIT-0392857,a901/p10/s0-4-8-1-4,경관계획,규칙,54,경관계획은 경관법에 의한 경관계획 등 관련 계획과 상호 연계하여 정합성을 갖도록 수립하여야 한다.,Y(후보),pending
TITM-000884,TOBL-00156,UNIT-0392857,a901/p10/s0-4-8-2-2,경관계획,규칙,80,"경관계획은 토지이용계획, 주거환경계획 등 다른 부문과 밀접하게 연관되어 있으므로, 도시ㆍ군기본계획의 다른 부문과 연계 검토하여 수립하여야 한다.",Y(후보),pending
TITM-000885,TOBL-00156,UNIT-0392857,a901/p10/s0-4-9-1-1~4,공원녹지의 공간적 배분,규칙,193,"공원녹지의 공간적 배분과 질적 수준에 있어 지역간, 세대간, 계층간 형평성을 유지한다. ② 도시의 공간적 다양성과 계층간의 다양성을 존중하고, 지역 고유의 특성에 기반을 둔 다양한 도시환경을 조성한다. (5) 공원ㆍ녹지계획은 도시공원 및 녹지 등에 관한 법률에 의한 공원녹지기본계획 등 관련 계획과 상호 연계하여 정합성을 갖도록 수립하여야 한다.",Y(후보),pending
TITM-000886,TOBL-00156,UNIT-0392857,a901/p10/s0-4-9-2-2-4,공원 또는 녹지대,규칙,92,공원 또는 녹지대는 단지내의 비점오염물질 발생을 줄이거나 발생된 비점오염 물질의 외부 유출을 저감할 수 있는 시설이 되도록 위치 및 규모를 고려하여 계획하여야 한다.,Y(후보),pending
TITM-000887,TOBL-00156,UNIT-0392857,a901/p10/s0-4-9-3-2-2,녹지체계가 단절된 경우에,규칙,100,"녹지체계가 단절된 경우에는 이를 복원하고 주요 녹지를 연결하는 선형녹지축 등을 조성하는 등 녹지체계가 연계되도록 하여야 하며, 주민들의 공원ㆍ녹지에 대한 접근도를 제고하도록 한다.",Y(후보),pending
TITM-000888,TOBL-00156,UNIT-0392857,a901/p10/s0-4-9-3-2~2,수변공간 및 도시지역 내부의 녹지,규칙,91,수변공간 및 도시지역 내부의 녹지는 방재기능도 동시에 고려하여 검토되어야 한다. (4) 생활권별로 공원ㆍ녹지분포와 이용현황을 분석하고 공원ㆍ녹지의 지표를 설정한다.,Y(후보),pending
TITM-000889,TOBL-00156,UNIT-0392857,a901/p10/s0-4-10-2,안전한 생활환경 조성,규칙,95,"안전한 생활환경 조성을 위해 기성시가지에 존재하고 있는 재해위험요소와 범죄유발위험요소를 정비하고, 신규 도시개발 지역에서는 새로운 위험요소가 발생하지 않도록 하여야 한다.",Y(후보),pending
TITM-000890,TOBL-00156,UNIT-0392857,a901/p10/s0-4-10-3,방수ㆍ방화ㆍ방조ㆍ방풍 등 재해방지 계획,규칙,225,"방수ㆍ방화ㆍ방조ㆍ방풍 등 재해방지 계획과 피해발생을 대비한 방재계획을 수립한다. 이 경우 「도시기후변화 재해취약성분석 및 활용에 관한 지침」에 따라 실시한 재해취약성분석 결과 및 「재난 및 안전관리 기본법」 제24조제1항에 따른 시ㆍ도안전관리계획, 같은 법 제25조제1항에 따른 시ㆍ군ㆍ구안전관리계획과 「자연재해대책법」 제16조제1항에 따른 시ㆍ군 자연재해저감종합계획을 충분히 고려하여 수립하여야 한다.",Y(후보),pending
TITM-000891,TOBL-00156,UNIT-0392857,a901/p10/s0-4-10-5-1~2,의 재해예방대책,규칙,25,의 재해예방대책을 구체적으로 제시하여야 한다.,Y(후보),pending
TITM-000892,TOBL-00156,UNIT-0392857,a901/p10/s0-4-10-6,연안침식이 진행중이거나 우려되,규칙,176,"연안침식이 진행중이거나 우려되는 지역, 「자연재해대책법」제12조에 따라 자연재해위험개선지구로 지정된 지역 등은 원칙적으로 시가화예정용지 대상지역에서 제외하되, 불가피하게 시가화예정용지로 지정하고자 하는 경우에는 해수면 상승, 연안침식, 지형적인 여건에 따른 영향 등을 종합적으로 고려하여 방재대책을 수립하여야 한다.",Y(후보),pending
TITM-000893,TOBL-00156,UNIT-0392857,a901/p10/s0-4-10-8,방재계획,규칙,134,"방재계획은 재해취약성분석 검증기관(국토연구원) 등에 자문을 실시하고, 도시ㆍ군기본계획(안)에 반영 후 법 제22조제1항 및 제22조의2제2항에 따른 관계 행정기관의 장과 협의를 요청하여야 한다. 제11절 경제ㆍ산업ㆍ사회ㆍ문화의 개발 및 진흥",Y(후보),pending
TITM-000894,TOBL-00156,UNIT-0392857,a901/p10/s0-4-12-1,재정수요,규칙,84,"재정수요를 추정하고 세입원칙, 조달방법과 투자우선원칙을 정한다. 이 경우, 1단계 집행계획에 포함되는 사항은 지방재정계획에 반영되도록 노력하여야 한다.",Y(후보),pending
TITM-000895,TOBL-00156,UNIT-0392857,a901/p10/s0-4-12-5,시ㆍ군의 부단체장,규칙,123,시ㆍ군의 부단체장은 다른 법률에 따른 계획과 지침 등이 상위계획인 도시ㆍ군기본계획에 적합하게 수립ㆍ시행될 수 있도록 기본계획 정책모니터링을 실시하고 집행상황을 점검할 수 있는 체계를 구성하여야 한다. 제13절 생활권 계획,Y(후보),pending
TITM-000896,TOBL-00156,UNIT-0392857,a901/p10/s0-4-13-1-4,모든 자치단체가 위계적,규칙,78,"모든 자치단체가 위계적으로 생활권을 권역, 일상생활권으로 의무적으로 구분해야 하는 것은 아니며, 필요한 지역에만 생활권을 설정할 수도 있다.",Y(후보),pending
TITM-000897,TOBL-00156,UNIT-0392857,a901/p10/s0-4-13-3-3,권역생활권의 중심지 체계 및 기반시설 등에 영향,규칙,234,"권역생활권의 중심지 체계 및 기반시설 등에 영향을 줄 수 있는 대규모 이전 적지, 유휴지, 나대지 등을 개발하는 경우 그 개발방향을 설정하는 내용을 포함할 수도 있다. 제5장 도시ㆍ군기본계획 수립절차 제1절 도시ㆍ군기본계획의 입안 5-1-1. 도시ㆍ군기본계획의 입안권자는 특별시장ㆍ광역시장ㆍ시장 또는 군수(이하 ""시장ㆍ군수""라 한다)로 하되, 인접 시ㆍ군의 관할구역을 포함할 경우에는 당해 시장ㆍ군수와 협의하여야 한다.",Y(후보),pending
TITM-000898,TOBL-00157,UNIT-0392857,a901/p10/s0-5-1-2-2,조정 대상구역이,규칙,284,조정 대상구역이 2 이상의 도(특별시ㆍ광역시를 포함한다)의 행정구역에 걸치는 경우에는 관할 도지사(특별시장 또는 광역시장)의 요청에 의하여 국토교통부장관이 조정 5-1-3. 도시ㆍ군기본계획 입안은 계획의 종합성과 집행성을 확보하기 위하여 도시ㆍ군계획부서 및 기획ㆍ예산ㆍ집행부서간의 긴밀한 협의에 의하여 추진하고 인구ㆍ기반시설 공급능력ㆍ재정자립도를 연동하여 계획하여야 한다. 5-1-4. 도시ㆍ군기본계획 입안은 시ㆍ군의 게시판 및 인터넷 등 홍보를 통하여 주민에게 알게하여 주민이 참여할 수 있게 하여야 한다.,Y(후보),pending
TITM-000899,TOBL-00157,UNIT-0392857,a901/p10/s0-5-2-1-1,지속가능한 발전,규칙,212,지속가능한 발전을 실현하고 효과적인 도시ㆍ군기본계획을 수립하기 위해서는 도시ㆍ군기본계획의 전 과정에서 많은 지역주민들이 참여할 수 있는 기회가 주어져야 한다. (2) 도시ㆍ군기본계획 수립시 주민참여가 활발하게 이루어질 수 있도록 입안권자와 지방자치단체는 최대한의 지원을 해야 한다. 또한 도시ㆍ군기본계획의 입안권자는 계획수립시 주민의 의견을 최대한 반영할 수 있도록 하여야 한다.,Y(후보),pending
TITM-000900,TOBL-00157,UNIT-0392857,a901/p10/s0-5-2-1-3,주민참여,규칙,58,주민참여를 제고하기 위하여 계획의 도서와 보고서는 일반 주민들이 쉽게 이해할 수 있도록 작성되어야 한다.,Y(후보),pending
TITM-000901,TOBL-00157,UNIT-0392857,a901/p10/s0-5-2-2,계획의 입안전 참여 입안권자,규칙,217,"계획의 입안전 참여 입안권자는 도시ㆍ군기본계획에 주민의사가 충분히 반영될 수 있도록 계획을 입안하기 전에 미리 주민간담회 등을 통하여 주민의견을 수렴하고, 계획의 방향, 주민참여의 과정과 필요성 등을 설명하여 참여를 유도해야 한다. 필요시 주민참여 생활권계획을 수립하고 계획수립과정에 주민대표 등이 직접 참여할 수 있도록 주민계획단 구성, 도시대학 운영 등 계획수립체계를 마련할 수 있다.",Y(후보),pending
TITM-000902,TOBL-00157,UNIT-0392857,a901/p10/s0-5-2-3,의견청취 도시ㆍ군기본계획,규칙,87,"의견청취 도시ㆍ군기본계획을 수립하는 경우에는 법에 따라 관계 시장ㆍ군수, 지방의회, 관계행정기관 등의 의견을 듣고 필요한 경우 이를 계획에 반영하여야 한다.",Y(후보),pending
TITM-000903,TOBL-00157,UNIT-0392857,a901/p10/s0-5-2-6,입안권자,규칙,127,입안권자와 승인권자는 계획의 수립과 실행의 모든 과정에서 주민상호간 또는 이해관계자 등의 갈등이 발생하지 않도록 대책을 강구하고 갈등의 조정과 해소에 필요한 협의 및 관리체계를 구축하여야 한다. 제3절 도시ㆍ군기본계획의 승인신청,Y(후보),pending
TITM-000904,TOBL-00157,UNIT-0392857,a901/p10/s0-5-3-1,특별시장 또는 광역시장,규칙,86,특별시장 또는 광역시장은 도시ㆍ군기본계획을 수립하거나 변경하려면 관계행정기관의 장(국토교통부장관 포함)과 협의한 후 지방도시계획위원회 심의를 거쳐야 한다.,Y(후보),pending
TITM-000905,TOBL-00157,UNIT-0392857,a901/p10/s0-5-4-4,시장ㆍ군수,규칙,157,"시장ㆍ군수는 시ㆍ도지사로부터 도시ㆍ군기본계획을 승인받은 때에는 지체없이 이를 공고하고 일반인에게 열람시켜야 하며, 승인된 도시ㆍ군기본계획 골격을 토대로 내용의 보완과 설명도의 삽입 등으로 기본계획서를 보완한 후, 시ㆍ도지사의 사전검토를 거쳐 최종 도시ㆍ군기본계획서를 색도 인쇄한다.",Y(후보),pending
TITM-000906,TOBL-00157,UNIT-0392857,a901/p10/s0-5-4-5,시장ㆍ군수,규칙,40,시장ㆍ군수는 최종 보고서를 국토교통부장관 및 유관기관에 제출하여야 한다.,Y(후보),pending
TITM-000907,TOBL-00158,UNIT-0392857,a901/p10/s0-3-3-3,에 따라 특정주제별로 계획,규칙,97,에 따라 특정주제별로 계획을 수립하는 경우 입안권자는 법 제19조제1항에 따른 정책방향에 대한 검토 여부를 판단할 수 있는 체크리스트를 제시하여야 한다. 제2절 주민참여 제고,모름,pending
TITM-000908,TOBL-00159,UNIT-0392857,a901/p10/s0-6-1,재검토기한,생성,139,(재검토기한) 국토교통부장관은 이 훈령에 대하여 「훈령ㆍ예규 등의 발령 및 관리에 관한 규정」에 따라 2023년 7월 1일 기준으로 매 3년이 되는 시점(매 3년째의 6월 30일까지를 말한다)마다 그 타당성을 검토하여 개선 등의 조치를 하여야 한다.,모름,pending
TITM-000909,TOBL-00160,UNIT-0392974,a901/p5/s0-3-1-2,해당 지역 및 주변 지역의 토지이용 교통여건 관련계획,규칙,105,"해당 지역 및 주변 지역의 토지이용, 교통여건, 관련계획 등을 함께 고려하여 성장관리계획구역 지정으로 의도하는 목적이 달성될 수 있는지 그 타당성을 면밀히 검토하여야 한다. 제2절 지정기준",모름,pending
TITM-000910,TOBL-00161,UNIT-0392974,a901/p5/s0-4-1-7,수도권 지방광역시 인구,규칙,533,"수도권, 지방광역시, 인구 50만 이상 대도시 및 각 인접 시ㆍ군을 제외한 나머지 중소도시에서는 환경오염ㆍ훼손, 기반시설 과부하 및 민원 우려가 없는 업종의 제조업소에 대해서는 지역의 자연 및 생활환경 여건을 고려하여 성장관리계획을 통한 건축물 입지제한이나 기반시설 설치 부담 등이 최소화되도록 한다. 제2절 계획의 목표 및 공간구상 4-2-1 해당 지역의 비시가화지역의 특성, 개발현황 및 난개발 진단, 장래 개발수요 등을 고려하여 성장관리계획의 목표를 수립한다. 4-2-2 성장관리계획의 목표는 해당 지역의 도시ㆍ군기본계획에서 제시한 목표, 지표, 공간구조, 비시가화지역의 성장관리의 원칙과 내용에 부합하여야 한다. 4-2-3 비시가화지역 내 지역중심지, 지역주민의 일상생활범위, 도시기반시설 설치여부, 장래의 도시공간 변화가능성 등을 고려하여 공간구상안을 마련한다. 4-2-4 공간구상안에는 비시가화지역의 특성을 고려한 압축적인 토지이용, 정온한 정주환경 조성, 환경적으로 민감한 지역에 대한 보호 등의 개념이 반영되어야 한다. 제3절 기반시설계획",모름,pending
TITM-000911,TOBL-00161,UNIT-0392974,a901/p5/s0-4-3-2-1~2,검토 대상지 내 도로 등의 기반시설이 지역 발전,규칙,271,"검토 대상지 내 도로 등의 기반시설이 지역 발전 가능성에 비추어 부족하다고 판단될 경우, 장래 기반시설 설치를 위한 공간을 사전에 마련하기 위하여 도로계획선을 지정할 수 있다. (2) 도로계획선의 폭은 지역여건, 간선도로와의 관계, 개발수요 등을 고려하여 차등적으로 운용할 수 있다. (3) 도로계획선이 지정된 부지를 포함하여 개발행위허가 신청이 있는 경우, 도로계획선 내 부지에 대하여 개발행위자가 도로를 조성할 수 있도록 건폐율 완화 등 건축기준 완화와 연계방안을 고려하여야 한다.",모름,pending
TITM-000912,TOBL-00161,UNIT-0392974,a901/p5/s0-4-3-4,성장관리계획구역 안의 기반시설계획에 대하여,규칙,104,성장관리계획구역 안의 기반시설계획에 대하여는 향후 도시ㆍ군계획시설로 결정할 수 있다. 또한 도시ㆍ군관리계획 결정 시 성장관리계획구역의 기반시설계획을 고려하여야 한다. 제4절 건축물의 용도,모름,pending
TITM-000913,TOBL-00161,UNIT-0392974,a901/p5/s0-4-7-2-3,습지ㆍ서식처 등 개발 제한,생성,82,"임상이 양호한 지역, 수변, 습지나 야생동식물의 서식처 등이 개발행위로 인하여 훼손되지 않도록 개발을 제한하거나 영향 저감 방안을 마련하여야 한다.",모름,pending
TITM-000914,TOBL-00161,UNIT-0392974,a901/p5/s0-4-7-2-4,경사지에서,규칙,29,경사지에서는 자연지형을 살린 개발을 유도하여야 한다.,모름,pending
TITM-000915,TOBL-00161,UNIT-0392974,a901/p5/s0-4-8-2-4,건축물 건축 공작물 설치 등의 경우 주변 경관,규칙,74,"건축물 건축, 공작물 설치 등의 경우 주변 경관과 조화를 이루도록 하여야 하며, 주변 경관에 대한 조망권이 침해되지 않도록 유도한다.",모름,pending
TITM-000916,TOBL-00162,UNIT-0392974,a901/p5/s0-5-2-1,지정권자가 성장관리계획구역안,규칙,82,지정권자가 성장관리계획구역안을 입안하고자 할 때에는 주민의 의견을 청취하고 그 의견이 타당하다고 인정할 때에는 이를 성장관리계획에 반영하여야 한다.,Y(후보),pending
TITM-000917,TOBL-00162,UNIT-0392974,a901/p5/s0-5-2-2,성장관리계획구역안의 입안에 관하여 주민의 의견,규칙,165,성장관리계획구역안의 입안에 관하여 주민의 의견을 청취하고자 할 때에는 입안하고자 하는 성장관리계획구역안의 내용을 전국 또는 해당 지방자치단체의 지역을 주된 보급지역으로 하는 둘 이상의 일간신문과 해당 지방자치단체의 인터넷 홈페이지 등에 공고하고 14일 이상 일반이 열람할 수 있도록 하여야 한다.,Y(후보),pending
TITM-000918,TOBL-00162,UNIT-0392974,a901/p5/s0-5-2-3,의견서 제출 및 반영 여부 통보,생성,149,"성장관리계획구역안에 대한 의견이 있는 자는 열람기간 내에 지정권자에게 의견서를 제출할 수 있으며, 지정권자는 제출된 의견을 성장관리계획구역안에 반영할 것인지 여부를 검토하여 그 결과를 열람기간이 종료된 날부터 30일 이내에 해당 의견을 제출한 자에게 통보하여야 한다.",Y(후보),pending
TITM-000919,TOBL-00162,UNIT-0392974,a901/p5/s0-5-2-4,지정권자,규칙,292,"지정권자는 지방의회의 의견을 들으려면 성장관리계획구역안을 지방의회에 송부하여야 하며, 지방의회는 특별한 사유가 없으면 송부 받은 날부터 60일 이내에 지정권자에게 의견을 제시하여야 하고, 그 기한까지 의견을 제시하지 아니하면 의견이 없는 것으로 본다. 5-2-5 지정권자는 성장관리계획구역안에 대하여 관계 행정기관의 장과 협의하여야 하며, 협의 요청을 받은 관계 행정기관의 장은 특별한 사유가 없으면 요청을 받은 날부터 30일 이내에 지정권자에게 의견을 제시하여야 한다. 제3절 지방도시계획위원회의 심의, 지정 및 고시 등",Y(후보),pending
TITM-000920,TOBL-00162,UNIT-0392974,a901/p5/s0-5-3-1,지정권자,규칙,77,지정권자는 성장관리계획구역을 지정하려면 법 제113조제1항 또는 제2항에 의한 해당 지역에 설치된 지방도시계획위원회의 심의를 거쳐야 한다.,Y(후보),pending
TITM-000921,TOBL-00163,UNIT-0392974,a901/p5/s0-6-1-1,재검토기한,생성,140,(재검토기한) 국토교통부장관은 이 훈령에 대하여 「훈령·예규 등의 발령 및 관리에 관한 규정」에 따라 2022년 1월 1일 기준으로 매 3년이 되는 시점(매 3년째의 12월 31일까지를 말한다)마다 그 타당성을 검토하여 개선 등의 조치를 하여야 한다.,모름,pending
TITM-000922,TOBL-00164,UNIT-0392975,a901/s0-1-6-1-1,광역도시계획에,규칙,97,"광역도시계획에는 기후변화에 효과적으로 대응하기 위한 광역도시계획권역의 공간구조를 설정하여야 하며, 광역권역의 성장관리와 연계하여 효율적인 기후변화 대응요소가 반영되어야 한다.",모름,pending
TITM-000923,TOBL-00164,UNIT-0392975,a901/s0-1-6-1-2,광역도시계획에,규칙,470,"광역도시계획에는 광역도시계획권역의 온실가스 감축을 위한 광역차원의 토지이용계획, 교통·물류 등 광역시설 설치, 업무용 건물 및 사업자의 대책 촉진 등이 반영되어야 하며, 하위 도시·군계획의 수립을 비롯한 관련 시·군의 정책 실현의 기준 및 지침으로 적용된다. 1-6-2. 도시·군기본계획에는 온실가스 배출현황 및 장래예측을 토대로 온실가스 배출을 최소화 할 수 있도록 토지이용계획, 교통체계, 기반시설, 도심 및 주거환경, 환경보전과 관리, 환경친화적·에너지효율적 개발, 대기환경 및 수환경의 보전, 폐기물, 에너지, 공원·녹지, 방재 및 안전, 경제·산업· 사회·문화의 개발 및 진흥 등의 각 부문별 계획이 포함되어야 한다. (1) 도시·군기본계획에는 기후변화 문제에 효과적으로 대응할 수 있는 도시공간을 조성하기 위하여 지역의 자연적·사회적 여건을 분석하고 지역 자원을 활용한 신·재생에너지 도입 등 포괄적인 정책방향이 반영되어야 한다.",모름,pending
TITM-000924,TOBL-00164,UNIT-0392975,a901/s0-1-6-1-2~2,수립권자,규칙,324,"수립권자는 국가와 광역자치단체 등의 기후변화 정책과 연계하여 지역적 특성을 살린 가장 효과적인 정책을 계획으로 수립하여야 한다. 1-6-3. 도시·군관리계획은 광역도시계획과 도시·군기본계획 등 상위계획에서 제시한 기후변화 대응계획이 실현될 수 있는 실행계획으로 수립되어야 한다. (1) 도시·군관리계획에는 탄소배출 저감 및 에너지 절감형 토지이용계획이 포함되어야 하며, 건축물의 온실가스 감축, 에너지 절감 및 신·재생에너지 보급 확대를 통한 에너지 효율성 제고 등 친환경적이며 에너지 절약적인 계획으로 수립되어야 한다. 제2장 광역도시계획에의 적용 제1절 광역도시계획 적용 기준",모름,pending
TITM-000925,TOBL-00165,UNIT-0392975,a901/s0-2-1-1,광역도시계획에서,규칙,168,광역도시계획에서는 국가의 녹색성장 전략에 부합하고 광역계획권의 미래상과 부합하는 저탄소 녹색성장 전략이 목표로 제시되어야 한다. 2-1-2 광역도시계획의 기본구상 및 부문별 계획은 광역권역내의 특성과  전략적 방향성이 포함된 녹색성장 전략목표와 연계하여 수립되어야 한다. 제2절 기후변화 대응계획 수립,Y(후보),pending
TITM-000926,TOBL-00165,UNIT-0392975,a901/s0-2-2-3-3,수립권자,규칙,205,"수립권자는 광역토지이용계획에서 신·재생에너지의 도입과 개선된 기술 등을 반영하여 감축가능한 온실가스 배출량을 제시하도록 하되, 지역여건 등을 감안하여 정성적으로 제시하는 것도 가능하다. 2-2-4. 대규모 개발사업이 계획으로 수립될 경우에는 개략적인 위치 및 개발방향과 연계하여 해당 개발사업별로 온실가스 배출현황을 분석하고, 이에 대한 감축 전략이 제시되어야 한다.",Y(후보),pending
TITM-000927,TOBL-00165,UNIT-0392975,a901/s0-2-2-5,광역계획권의 녹지계획,규칙,85,"광역계획권의 녹지계획은 산림·녹지·공원 등의 보전 및 관리방안을 제시하여, 광역적인 온실가스 흡수원의 확보와 유지를 도모할 수 있도록  수립되어야 한다.",Y(후보),pending
TITM-000928,TOBL-00165,UNIT-0392975,a901/s0-2-2-6,환경보전계획에서,규칙,85,"환경보전계획에서는 수질개선계획, 대기질 개선계획 및 자연환경보전계획 등이 온실가스 감축방안, 기후변화 대응계획 등과 연계하여 종합적으로 제시되어야 한다.",Y(후보),pending
TITM-000929,TOBL-00165,UNIT-0392975,a901/s0-2-2-7,교통 및 물류유통체계에서,규칙,183,"교통 및 물류유통체계에서는 운송(도로, 철도, 해운 등)부문의 온실가스 배출 감축과 연계하여 에너지 효율적인 체계가 제시되어야 한다. (1) 수립권자는 녹색교통체계가 도시 내·외부간에 유기적으로 잘 연계될 수 있도록 검토·반영하여야 하며, 특히, 자전거 이용을 활성화 할 수 있도록 광역권역내의 자전거 교통체계를 적극 검토한다.",Y(후보),pending
TITM-000930,TOBL-00165,UNIT-0392975,a901/s0-2-2-8-1,광역시설계획에서,규칙,75,"광역시설계획에서는 양질의 녹지공간 확보, 강·하천·수로 등을 통한 수공간 확보, 열섬효과를 감소시키기 위한 방안 등이 제시되어야 한다.",Y(후보),pending
TITM-000931,TOBL-00165,UNIT-0392975,a901/s0-2-2-8-2,광역시설계획에서,규칙,95,광역시설계획에서는 신·재생에너지를 적극적으로 도입하고 미활용에너지 등 새로운 기술을 적극적으로 반영하여 화석연료 에너지소비를 최대한 줄일 수 있는 방안이 제시되어야 한다.,Y(후보),pending
TITM-000932,TOBL-00165,UNIT-0392975,a901/s0-2-2-8-3,광역시설계획에서,규칙,110,광역시설계획에서는 물의 순환적 이용을 촉진하고 도심 열섬현상 완화 및 이상 기후에 대비한 수해·가뭄 등에 효과적으로 대응하기 위하여 빗물 등의 이용·처리에 대한 종합적인 대응방안이 제시되어야 한다.,Y(후보),pending
TITM-000933,TOBL-00165,UNIT-0392975,a901/s0-2-2-9,수립권자가 개발제한구역,규칙,534,"수립권자가 개발제한구역을 조정할 때에는 개발제한구역 해제에 따른 온실가스 등 기후변화 대응효과를 분석하고 이에 대한 대책을 제시 한다. (1) 개발제한구역 해제에 따른 온실가스 배출현황을 분석하고 개발제한 구역을 해제하여 개발할 경우 온실가스 저감을 위한 대책을 제시하여야 한다. (2) 특히, 개발제한구역 해제지역의 우량림의 훼손에 따른 수림대책을 별도로 제시하여 온실가스 흡수원 확보와 보전에 기여할 수 있도록 하여야 한다. 예) 온실가스를 많이 흡수하는 수종을 분석하여 이를 보전하거나 복구 지역 등 다른 지역으로 옮겨서 심도록 계획을 수립 제3장 도시·군기본계획에의 적용 제1절 도시·군기본계획의 적용 기준 3-1-1. 도시·군기본계획에서는 지방자치단체의 미래상 및 장기 발전방향과 부합하는 저탄소 녹색성장 전략이 목표로 제시되어야 한다. 3-1-2 도시·군기본계획에서 제시하는 저탄소 녹색성장 전략목표는 국가의 녹색성장 전략과 연계되어야 하며, 지역적 특성과 공간발전 전략에 부합하는 추진전략 등이 반영되어야 한다. 제2절 온실가스 배출 현황파악",Y(후보),pending
TITM-000934,TOBL-00166,UNIT-0392975,a901/s0-3-4-2-2,수립권자,규칙,291,"수립권자는 도시 공간구조가 교통체계와의 연계를 강화하고, 신ㆍ재생에너지의 도입이 가능한 공간구조로의 개편을 유도하여, 화석연료 소비의 최소화 등을 통해 온실가스 배출을 감축할 수 있는 방향을 제시한다. (3) 도시 공간구조는 기존 개발지를 최대한 활용하고, 신규개발지는 기존의 녹지축·보전축을 최대한 훼손하지 않도록 하며, 가능한 기존교통축과 연계되도록 한다. (4) 도시 공간구조는 도심 바람통로의 확보와 수공간 및 녹지의 확충 등을 통해 쾌적한 도심 미기후를 조성하고 도심 열섬효과를 줄일 수 있도록 제시되어야 한다.",모름,pending
TITM-000935,TOBL-00166,UNIT-0392975,a901/s0-3-4-3-4,시가화예정용지,규칙,62,시가화예정용지는 토지용도별 수요량과 연계하여 온실가스 배출예측이 계획에 따라 단계적으로 제시될 수 있어야 한다.,모름,pending
TITM-000936,TOBL-00166,UNIT-0392975,a901/s0-3-4-4-1,수립권자,규칙,262,수립권자는 목표년도 및 단계별 최종년도의 교통량을 추정하고 교통부문 에너지 소비량과 온실가스 배출량을 줄이기 위하여 교통수단별·지역별 배분계획을 수립하여 기능별 도로의 배치 및 규모에 대한 원칙을 제시하여 도시·군관리계획 수립시 이에 대한 지침이 될 수 있도록 한다. (2) 도시교통은 토지이용계획과의 상관관계를 고려하여 기존의 교통결절점과 연계된 대중교통중심의 교통체계를 구축함으로써 불필요한 교통량 발생을 최소화하여 온실가스 배출을 줄일 수 있도록 계획되어야 한다.,모름,pending
TITM-000937,TOBL-00166,UNIT-0392975,a901/s0-3-4-4-3,교통계획,규칙,212,"교통계획은 각종 차량 및 교통시설에 의한 에너지 대량소비, 대기오염, 소음, 진동, 경관 저해 및 자연생태계 단절 등의 문제가 없도록 한다. 또한, 버스(BRT등)·지하철·경전철 등의 대중교통 수단을 확대하고 자전거 및 보행 등 비동력 교통수단을 활성화하며, 대중교통전용지구 조성 등을 적극 검토하여 대중교통·자전거·보행 중심의 녹색교통 체계로 전환하는 계획으로 수립되어야 한다.",모름,pending
TITM-000938,TOBL-00166,UNIT-0392975,a901/s0-3-4-4-4,교통ㆍ기반시설 연계 계획,생성,87,"철도(지하철 포함), 경전철, 공항, 주차장, 환승시설 및 자동차정류장 등은 교통 및 기반시설과 연계시켜 교통에너지 소비 감소를 유도하도록 계획되어야 한다.",모름,pending
TITM-000939,TOBL-00167,UNIT-0392977,a901/p2/s0,도심 및 주거환경 온실가스 감축,생성,409,"② 빗물관리에 대한 대응계획은 도시·군관리계획, 지구단위계획 등 하위계획에서 실현할 수 있도록 그 기준을 제시하는 계획으로 수립되어야 한다. 3-4-6. 도심 및 주거환경 (1) 도심 및 시가지 정비 계획에서는 지역적 특성 및 에너지 소비에 따른 온실가스 배출을 고려한 목표와 전략이 제시되어야 한다. (2) 수립권자는 주거환경계획 수립시, 주택의 규모·밀도·형태는 지역의 특성, 주변경관, 에너지 효율성 등을 고려하여 녹색 건축물과 그린홈 도입을 적극 검토하고, 건축물 주변부 식재 등 미기후 향상 등을 통하여 온실가스를 감축할 수 있는 방안을 제시한다. (3) 수립권자는 주택공급계획 수립시, 기존 주변지역의 주택유형별 온실가스 배출 원단위를 조사하고, 주택수요에 그린홈 등 온실가스 감축을 유도할 수 있는 주택계획을 수립한다.",모름,pending
TITM-000940,TOBL-00168,UNIT-0392977,a901/p2/s0-3-4-7-2,수립권자,규칙,107,"수립권자는 토지이용계획, 산업입지 및 교통계획 수립시 쾌적한 환경조성과 온실가스 배출을 고려하고, 산업입지 조건을 검토할 경우에는 자연·인공·문화적 경관보전·관리대책을 충분히 검토하여야 한다.",모름,pending
TITM-000941,TOBL-00168,UNIT-0392977,a901/p2/s0-3-4-7-3,산업개발계획에,규칙,51,"산업개발계획에는 에너지수요관리계획, 대기오염 등 환경오염방지에 따른 대책이 포함되어야 한다.",모름,pending
TITM-000942,TOBL-00168,UNIT-0392977,a901/p2/s0-3-4-8-1,각종 개발사업,규칙,83,"각종 개발사업은 환경친화적으로 계획되어야 하며, 에너지소비를 줄여 온실가스 배출 감축을 유도할 수 있도록 에너지 수요관리 방안 등이 제시되어야 한다.",모름,pending
TITM-000943,TOBL-00168,UNIT-0392977,a901/p2/s0-3-4-8-2,비시가화 지역에,규칙,183,"비시가화 지역에는 환경림의 조성 등을 통하여 산림자원을 증진하고, 시가화 지역에서는 도시 녹화사업과 공원녹지 확대사업 등을 추진하여 녹화량 제고 및 온실가스 흡수원을 확보하며, 기존 도심의 업무지역에는 옥상조경과 벽면녹화 등 도심녹지를 확충하여 열섬현상을 예방하는 방안이 마련되어야 한다. 3-4-9. 대기환경 및 수환경의 보전",모름,pending
TITM-000944,TOBL-00168,UNIT-0392977,a901/p2/s0-3-4-13,방재 및 안전계획에서,규칙,96,"방재 및 안전계획에서는 기후변화로 인해 발생가능한 집중호우, 열파, 한파, 해수면 상승 및 하천 범람 등에 대한 영향평가 및 취약성 분석을 통한 적응계획이 제시되어야 한다.",모름,pending
TITM-000945,TOBL-00168,UNIT-0392977,a901/p2/s0-3-4-14,경제·산업·사회·문화의 개발 및 진흥계획 중 경제·산업,규칙,91,경제·산업·사회·문화의 개발 및 진흥계획 중 경제·산업 요소는 온실가스 배출과 밀접한 연관이 있으므로 온실가스 배출을 줄일 수 있는 전략과 방안이 제시되어야 한다.,모름,pending
TITM-000946,TOBL-00168,UNIT-0392977,a901/p2/s0-3-4-15-1,기본목표 및 전략,규칙,104,"기본목표 및 전략을 수립할 때에는 시·군의 현황과 특성, 관련 계획의 내용, 주민들의 의견 등을 종합적으로 검토·분석한 결과를 근간으로 온실가스 감축 목표와 전략이 함께 제시되어야 한다.",모름,pending
TITM-000947,TOBL-00168,UNIT-0392977,a901/p2/s0-3-4-15-2,주요지표,규칙,93,"주요지표를 설정할 때에는 인구구조, 경제구조 및 생활환경 등과 관련된 지표들이 온실가스 배출과의 상관성을 파악하여 온실가스 장래배출 예측치와 연계하여 제시되어야 한다.",모름,pending
TITM-000948,TOBL-00169,UNIT-0392977,a901/p2/s0-4-3-4-4,용도지구계획에서,규칙,54,용도지구계획에서는 수변경관지구 지정시에 바람통로 확보를 고려할 수 있도록 계획이 수립되어야 한다.,모름,pending
TITM-000949,TOBL-00169,UNIT-0392977,a901/p2/s0-4-3-4-5,방화지구 및 방재지구,규칙,39,방화지구 및 방재지구는 기후변화 적응 계획을 고려하여 계획되어야 한다.,모름,pending
TITM-000950,TOBL-00169,UNIT-0392977,a901/p2/s0-4-3-4-6,수립권자,규칙,54,수립권자는 기타 다양한 지구및 용도구역에 대한 계획을 수립할 때 온실가스 감축을 고려하여야 한다.,모름,pending
TITM-000951,TOBL-00169,UNIT-0392977,a901/p2/s0-4-3-5-1,공공시설 공동편의시설 및 기타 입지우수지역 등에서,규칙,169,"공공시설, 공동편의시설 및 기타 입지우수지역 등에서는 태양광, 태양열, 지열, 풍력 등 신·재생에너지의 도입을 활성화 할 수 있도록 유도하여야 한다. (4) 수립권자는 체계적인 빗물 관리를 위하여 광역도시계획 및 도시·군기본계획에서 수립한 빗물 대응계획을 구체화하여 실현할 수 있는 실천방안을 제시한다.",모름,pending
TITM-000952,TOBL-00169,UNIT-0392977,a901/p2/s0-4-3-5-1~2,주차장 도시공원 종합운동장 및 공공청사 등 국·공유시설,규칙,71,"주차장, 도시공원, 종합운동장 및 공공청사 등 국·공유시설을 신축·개축하는 경우에 빗물관리시설을 설치·운용토록 유도하여야 한다.",모름,pending
TITM-000953,TOBL-00169,UNIT-0392977,a901/p2/s0-4-3-5-2-2,신규 시가화용지의 개발에서,규칙,59,신규 시가화용지의 개발에서는 주변 기존시가지보다 낮은 온실가스 배출이 가능 하도록 계획이 수립되어야 한다.,모름,pending
TITM-000954,TOBL-00170,UNIT-0393058,a901/s0-1-3-1,지구단위계획,규칙,77,"지구단위계획은 광역도시계획ㆍ도시ㆍ군기본계획 등의 상위계획, 도시ㆍ군관리계획 및 수도권정비계획 등 관련계획의 내용과 취지를 반영하여야 한다.",모름,pending
TITM-000955,TOBL-00171,UNIT-0393067,a901/p9/s0,지구단위계획구역 지정 필요 지역,생성,1602,"⑨ 그 밖에 양호한 환경의 확보 또는 기능 및 미관의 증진 등을 위하여 필요한 지역으로서 도시ㆍ군계획조례가 정하는 지역 (4) 도시지역내 주거ㆍ상업ㆍ업무 등의 기능을 결합하는 등 일단의 토지에 복합적인 용도개발을 증진시킬 필요가 있는 지역은 일반주거지역, 준주거지역, 준공업지역 및 상업지역에서 낙후된 도심 기능을 회복하거나 도시균형발전을 위한 중심지 육성이 필요한 경우로서 다음 각 호의 어느 하나에 해당하는 지역 ① 주요 역세권, 고속버스 및 시외버스 터미널, 간선도로의 교차지 등 양호한 기반시설을 갖추고 있어 대중교통 이용이 용이한 지역 ② 역세권의 체계적ㆍ계획적 개발이 필요한 지역 ③ 세 개 이상의 노선이 교차하는 대중교통 결절지(結節地)로부터 1킬로미터 이내에 위치한 지역 ④「역세권의 개발 및 이용에 관한 법률」에 따른 역세권개발구역, 「도시재정비 촉진을 위한 특별법」에 따른 고밀복합형 재정비촉진지구로 지정된 지역 (5) 도시지역내 5천제곱미터 이상으로서 도시ㆍ군계획조례로 정하는 면적 이상의 유휴토지 또는 교정시설, 군사시설 등 영 제43조제2항에 해당하는 시설의 이전부지로서 ① 대규모 시설의 이전에 따라 도시기능의 재배치 및 정비가 필요한 지역 ② 토지의 활용 잠재력이 높고 지역거점 육성이 필요한 지역 ③ 지역경제 활성화와 고용창출의 효과가 클 것으로 예상되는 지역 (6) 용도지구를 대체하기 위하여 지구단위계획수립이 필요한 지역 (7) 도시지역의 체계적ㆍ계획적 관리 또는 개발이 필요한 지역 2-2-5. 도시지역외 지역에서 지구단위계획구역을 지정할 수 있는 지역은 다음과 같다. (1) 계획관리지역 (2) 지구단위계획구역 면적의 50%이상이 계획관리지역이고, 나머지 용도지역은 생산관리지역 또는 보전관리지역일 것. 다만, 지구단위계획구역에 보전관리지역을 포함하는 경우 해당 보전관리지역의 면적은 다음 각 호의 구분에 따른 요건을 충족하되, 이 경우 개발행위허가를 받는 등 이미 개발된 토지, 「산지관리법」 제25조에 따른 토석채취허가를 받고 토석의 채취가 완료된 토지로서 같은 법 제4조제1항제2호의 준보전산지에 해당하는 토지 및 해당 토지를 개발하여도 주변지역의 환경오염ㆍ환경훼손 우려가 없는 경우로서 해당 도시계획위원회 또는 공동위원회의 심의를 거쳐 지구단위계획구역에 포함되는 토지의 면적은 다음 각 호에 따른 보전관리지역의 면적 산정에서 제외한다. ① 전체 지구단위계획구역 면적이 10만㎡ 이하인 경우 : 전체 지",모름,pending
TITM-000956,TOBL-00172,UNIT-0393067,a901/p9/s0-2-2-7,지구단위계획구역,규칙,102,"지구단위계획구역으로 반드시 지정하여야 하는 지역은 다음과 같다. 다만, 관계법률에 의하여 당해 지역에 토지이용 및 건축에 관한 계획이 수립되어 있는 경우에는 그러하지 아니하다. (1)",Y(후보),pending
TITM-000957,TOBL-00172,UNIT-0393067,a901/p9/s0-2-2-9-4-2,아파트 또는 연립주택,규칙,68,아파트 또는 연립주택을 건설하는 경우를 제외하고는 지구단위계획구역을 지정하고자 하는 일단의 토지의 면적이 3만㎡ 이상일 것,Y(후보),pending
TITM-000958,TOBL-00172,UNIT-0393067,a901/p9/s0-2-2-9-4-3,당해 지역에 도로 상ㆍ하수도 등 기반시설,규칙,35,"당해 지역에 도로, 상ㆍ하수도 등 기반시설을 공급할 수 있을 것",Y(후보),pending
TITM-000959,TOBL-00172,UNIT-0393067,a901/p9/s0-2-2-9-4-4,자연환경ㆍ경관ㆍ국가유산 훼손우려,생성,39,자연환경ㆍ경관ㆍ미관 등을 해치지 아니하고 국가유산의 훼손우려가 없을 것,Y(후보),pending
TITM-000960,TOBL-00172,UNIT-0393067,a901/p9/s0-2-2-9-4-5,생산관리지역ㆍ농림지역안에 입안하,규칙,169,"생산관리지역ㆍ농림지역안에 입안하는 산업유통형 지구단위계획은 농업ㆍ임업ㆍ축산업 또는 수산업을 위한 것일 것 (6) 도시ㆍ군기본계획에서 정하는 지구단위계획에 대한 목표년도 총량 및 단계별 토지수요량 범위안에서 지정할 것. 다만, 목표년도의 총량을 유지하면서 단계별 토지수요량의 30%내에서 조정할 수 있다.",Y(후보),pending
TITM-000961,TOBL-00172,UNIT-0393067,a901/p9/s0-2-2-13,지구단위계획구역 다시 지정,생성,161,"2-2-7.의 규정에 의하여 지구단위계획을 반드시 수립하여야 하는 지역에서 구역 지정 결정후 3년 이내에 지구단위계획이 결정ㆍ고시되지 아니하는 경우 당해 지역은 지구단위계획구역으로 다시 지정하여야 한다. 다만, 지구단위계획의 수립이 필요 없다고 명백히 인정되는 경우에는 그러하지 아니하다.",Y(후보),pending
TITM-000962,TOBL-00172,UNIT-0393067,a901/p9/s0-2-3-1,지구단위계획 항목과 상세수준,생성,324,"기존 시가지의 정비ㆍ관리ㆍ보전, 신시가지의 계획적 개발 등 지구단위계획 수립의 목적에 따라 계획의 항목과 상세수준을 정한다. 다만, 법 제52조제1항 각 호의 사항중 제2호와 제4호의 사항을 포함한 2 이상의 사항을 포함(기존의 용도지구를 폐지하고 그 용도지구에서의 건축물이나 그 밖의 시설의 용도ㆍ종류 및 규모 등의 제한을 대체하는 사항을 내용으로 하는 경우 제외)하여 수립하여야 한다. 2-3-2. 도시지역외에서 수립하는 지구단위계획은 주거ㆍ산업유통ㆍ관광휴양 기능의 증진 및 육성 등 그 목적에 따라 기반시설의 종류ㆍ건축기준 등 계획의 항목이나 상세정도를 다르게 할 수 있다.",Y(후보),pending
TITM-000963,TOBL-00172,UNIT-0393067,a901/p9/s0-2-3-4,환경친화적 계획 수립 및 환경성검토,생성,145,"쾌적하고 편리한 환경이 조성되도록 지역현황 및 성장잠재력을 고려하여 적절한 개발밀도가 유지되도록 하는 등 환경친화적으로 계획을 수립하여야 하며, 이를 위하여 도시ㆍ군관리계획수립지침의 환경성검토 방법중 지구단위계획에 적합한 사항을 설정하여 환경성검토를 실시한다.",Y(후보),pending
TITM-000964,TOBL-00172,UNIT-0393067,a901/p9/s0-2-3-5,정비구역 및 택지개발지구,규칙,315,"정비구역 및 택지개발지구에서 시행되는 사업이 완료된 후 10년이 경과한 지역에 수립하는 지구단위계획은 기존의 기반시설 및 주변환경에 적합하고 과도한 재건축이 되지 않도록 하여야 한다. 이 경우 지구단위계획의 내용중 용도지역 또는 용도지구의 결정, 건축물의 건폐율ㆍ용적률, 건축물의 높이의 최고한도 또는 최저한도에 관한 사항은 당해 지역에 시행된 사업이 완료된 때의 내용을 유지함을 원칙으로 한다. 다만, 당초 사업 시행시에 비하여 상주인구, 상근인구 및 이용인구의 현저한 증가, 건축물의 노후화 등 변화된 여건을 반영하되 개발규모가 과도하게 증대되지 않도록 한다.",Y(후보),pending
TITM-000965,TOBL-00172,UNIT-0393067,a901/p9/s0-2-3-8,입안권자,규칙,129,"입안권자는 지구단위계획구역의 지정목적이 순조롭게 달성될 수 있도록 지구단위계획으로 결정되는 기반시설의 종류, 설치 우선순위 등을 정하도록 한다. 특히, 기반시설부담계획이 수립되는 경우에는 기반시설부담계획과 연계하여 검토하여야 한다.",Y(후보),pending
TITM-000966,TOBL-00172,UNIT-0393067,a901/p9/s0-2-3-12,지구단위계획이 다른 법률에 따른 평가ㆍ협의 등을 받아야,규칙,198,"지구단위계획이 다른 법률에 따른 평가ㆍ협의 등을 받아야 하는 경우에는 공동위원회 심의에 상정하기 이전에 그 평가ㆍ협의결과를 반영하여야 한다. 2-3-13. 개발제한구역에서 지구단위계획을 수립하는 경우에는 개발제한구역의 지정목적이나 주변환경이 훼손되지 아니하도록 하되, 개발제한구역의지정및관리에관한특별조치법령 및 관련지침의 내용을 우선하여 적용하여야 한다.",Y(후보),pending
TITM-000967,TOBL-00172,UNIT-0393067,a901/p9/s0-2-4-4-1,공동위원회의 위원,규칙,149,공동위원회의 위원은 건축위원회 및 도시계획위원회의 위원중에서 시ㆍ도지사 등이 선임 또는 위촉한다. 이 경우 시ㆍ도도시계획위원회에 지구단위계획을 심의하기 위한 분과위원회가 설치되어 있는 때에는 당해 분과위원회 위원 전원을 공동위원회 위원으로 선임 또는 위촉하여야 한다.,Y(후보),pending
TITM-000968,TOBL-00172,UNIT-0393067,a901/p9/s0-2-6-4-1,관계법령 및 수립지침 적합,생성,36,계획의 내용이 관계법령 및 지구단위계획수립지침에 적합하여야 한다.,Y(후보),pending
TITM-000969,TOBL-00172,UNIT-0393067,a901/p9/s0-2-6-4-2,지구단위계획의 수립,규칙,27,지구단위계획의 수립과 사업시행이 전제되어야 한다.,Y(후보),pending
TITM-000970,TOBL-00172,UNIT-0393067,a901/p9/s0-2-6-4-3,지구단위계획,규칙,120,"지구단위계획은 제안한 지역의 대상 토지면적(국공유지의 면적을 제외한다)의 2/3 이상에 해당하는 토지소유자의 동의가 있어야 한다. 다만, 국공유지가 포함되어 있을 경우에는 해당 재산관리청과의 사전협의가 있어야 한다.",Y(후보),pending
TITM-000971,TOBL-00172,UNIT-0393067,a901/p9/s0-2-6-4~2,서면동의 방법 및 동의서 서식,생성,407,"(3)에 따른 동의는 서면동의서에 토지소유자의 지장(指章)을 날인하고 자필로 서명하는 서면동의의 방법으로 하며, 주민등록증ㆍ여권 등 신원을 확인할 수 있는 신분증명서의 사본을 첨부하여야 한다. 다만, 토지소유자가 해외에 장기체류하거나 법인인 경우 등 불가피한 사유가 있다고 시ㆍ도지사 등이 인정하는 경우에는 토지소유자의 인감도장을 날인한 서면동의서에 해당 인감증명서를 첨부하는 방법으로 할 수 있다. 또한, 동의서 서식은 별첨2를 참고하여 시ㆍ도지사 등이 별도로 정할 수 있다 (다만,「본인서명사실 확인 등에 관한 법률」 제13조제1항에 따라 본인서명사실확인서나 전자본인서명확인서 발급증을 제출하는 경우에는 인감증명서를 제출한 것으로 볼 수 있다). 또한, 동의서 서식은 별첨2를 참고하여 시ㆍ도지사 등이 별도로 정할 수 있다.",Y(후보),pending
TITM-000972,TOBL-00172,UNIT-0393067,a901/p9/s0-2-6-5-1,지정목적과 토지이용계획 적합,생성,35,기존 지구단위계획구역의 지정목적과토지이용계획에 적합하여야 한다.,Y(후보),pending
TITM-000973,TOBL-00172,UNIT-0393067,a901/p9/s0-2-6-5-2,기반시설 변경 시 주변지역 영향 검토,생성,106,기존 지구단위계획구역 내의 기반시설에 관한 계획의 변경이 필요한 경우에는 기반시설변경에 따라 주변지역에 미치는 영향을 면밀하게 검토하여 지역주민 등 이해관계자간에 분쟁이 없도록 하여야 한다.,Y(후보),pending
TITM-000974,TOBL-00172,UNIT-0393067,a901/p9/s0-2-6-3~2,까지에 따라 제안,규칙,106,"까지에 따라 제안을 하고자 하는 주민은 다음 각호에 따른 도시ㆍ군관리계획도서와 계획설명서를 제출하여야 한다. (1) 도시ㆍ군관리계획도서는 1/1,000 ～ 1/5,000의 지형도에 <별첨1>",Y(후보),pending
TITM-000975,TOBL-00172,UNIT-0393067,a901/p9/s0-2-6-6~2,의 도시ㆍ군관리계획도서 및 계획설명서,규칙,213,"의 도시ㆍ군관리계획도서 및 계획설명서를 제안의 취지와 목적이 드러날 수 있는 정도로 개략적으로 작성하여 제출하도록 하고, 입안단계에서 보다 상세한 계획을 수립하도록 할 수 있다. 2-6-8 .주민제안을 받은 시장ㆍ군수는 그 타당성 여부를 판단하여 45일 이내에 그 처리결과를 제안자에게 통보하여야 한다. 다만, 부득이한 사정이 있는 경우에는 1회에 한하여 30일을 연장할 수 있다.",Y(후보),pending
TITM-000976,TOBL-00172,UNIT-0393067,a901/p9/s0-2-6-6~3,에 따라 제출된 주민제안의 타당성,규칙,159,"에 따라 제출된 주민제안의 타당성을 판단함에 있어 주민제안의 목적이 지구단위계획을 통한 용도지역의 변경에 목적이 있는 경우에는 당해 구역의 개발밀도에 맞는 기반시설이 충분히 확보되었는지, 주변지역에 미치는 환경적 영향은 없는지 등을 종합적으로 검토하여 이의 수용여부를 결정하여야 한다.",Y(후보),pending
TITM-000977,TOBL-00173,UNIT-0393067,a901/p9/s0-3-1-4-3,미적 가치 등 역사ㆍ문화적인 가치,규칙,73,미적 가치 등 역사ㆍ문화적인 가치를 가지고 있어 후대를 위하여 보존하여야 하는 시설물이나 시ㆍ군의 특성을 살릴 수 있는 요소의 보전,모름,pending
TITM-000978,TOBL-00173,UNIT-0393067,a901/p9/s0-3-1-10-1,가로내 적정 활동이 유지될 수 있도록 가로,규칙,86,가로내 적정 활동이 유지될 수 있도록 가로를 따라서 건축물ㆍ공원ㆍ광장 등을 배치한다. 이 경우 가로변에 과도한 오픈스페이스가 발생하지 않도록 하여야 한다.,모름,pending
TITM-000979,TOBL-00173,UNIT-0393067,a901/p9/s0-3-1-10-6,보행자가 안전하고 편리하게 이동할 수 있도록 교통정온화,규칙,645,"보행자가 안전하고 편리하게 이동할 수 있도록 교통정온화 기법을 적용하여야 한다. 제2절 행위제한의 완화 3-2-1. 도시지역내 지구단위계획구역안에서는 용도지역상 불허되는 용도라도 주거지역ㆍ상업지역ㆍ공업지역ㆍ녹지지역의 테두리안에서 허용되는 용도ㆍ종류ㆍ규모의 건축물(도시ㆍ군계획조례가 정하는 바에 따라 건축할 수 있는 건축물의 경우 도시ㆍ군계획조례에서 허용되는 건축물에 한한다)을 지구단위계획으로 허용할 수 있다(예 : 제2종전용주거지역이라도 제3종일반주거지역에서 허용되는 건축물을 허용할 수 있음). 3-2-2. 도시지역내 지구단위계획구역에서 대지(이 경우 사업부지 및 이와 인접한 공공시설 부지를 포함한다) 면적의 일부가 공공시설 또는 기반시설 중 학교와 해당 시ㆍ도 또는 대도시의 도시ㆍ군계획조례로 정하는 기반시설(이하 ‘공공시설등’이라 한다)의 부지로 제공(기부채납하거나 공공시설로 귀속되는 경우에 한한다)되는 것으로 계획되는 경우에는 당해 대지의 건축물의 건폐율ㆍ용적률ㆍ높이를 각각 완화하여 지구단위계획을 수립할 수 있다. 다만, 제1종일반주거지역에서 제2종일반주거지역으로 변경되는 것과 같이 토지이용도를 높이는 방향으로 용도지역이 변경되는 경우로서 기존의 용도지역 또는 용도지구의 용적률을 적용하지 아니하는 경우 다음 제2항을 적용하지 아니한다.",모름,pending
TITM-000980,TOBL-00174,UNIT-0393069,a901/p2/n2/s0-3-2-2,규정,규칙,77,규정을 적용하여 당해 건축물에 대한 건폐율ㆍ용적률 및 높이제한을 완화할 수 있다. 이 경우 그 반환금은 기반시설의 확보에 사용되어야 한다.,Y(후보),pending
TITM-000981,TOBL-00174,UNIT-0393069,a901/p2/n2/s0-3-2-11,지구단위계획의 행위제한 완화범위,규칙,105,"지구단위계획의 행위제한 완화범위는 지구단위계획으로 결정되어야 하며, 지구단위계획에서 완화범위가 반영되어 있지 않은 경우에는 건축허가시에 행위제한을 완화할 수 없다. 제3절 용도지역ㆍ용도지구",Y(후보),pending
TITM-000982,TOBL-00174,UNIT-0393069,a901/p2/n2/s0-3-3-4,기반시설 제공에 따른 용적률 완화,생성,506,"3-3-3. 후단에 따라 용적률이 높아지거나 건축제한이 완화되는 용도지역으로 변경되는 경우 또는 법 제43조에 따른 도시ㆍ군계획시설 결정의 변경 등으로 행위제한이 완화되는 사항이 포함되어 있는 경우에는 해당 지구단위계획구역 내 기반시설의 부지를 제공하거나 기반시설을 설치하여 제공하는 것을 고려하여 용적률 또는 건축제한을 완화할 수 있도록 계획할 것. 이 경우 기반시설의 부지를 제공하거나 기반시설을 설치하는 비용은 용도지역의 변경으로 인한 용적률의 증가 및 건축제한의 변경에 따른 토지가치 상승분(「부동산 가격공시 및 감정평가에 관한 법률」에 따른 감정평가업자가 평가한 금액을 말한다)의 범위로 한다. 다만, 해당 지구단위계획구역 안의 기반시설이 충분할 때에는 해당 지구단위계획구역 밖의 관할 시ㆍ군ㆍ구에 지정된 고도지구, 역사문화환경보호지구, 방재지구 또는 기반시설이 취약한 지역으로서 시ㆍ도 또는 대도시의 도시ㆍ군계획조례로 정하는 지역에 기반시설을 설치하거나 기반시설의 설치비용을 내게 할 수 있다.",Y(후보),pending
TITM-000983,TOBL-00174,UNIT-0393069,a901/p2/n2/s0-3-3-5,기반시설 설치비용의 사용 및 운영기준,생성,215,"3-3-4.에 따른 기반시설의 설치비용은 해당 지구단위계획구역 밖의 관할 시ㆍ군ㆍ구에 지정된 고도지구, 역사문화환경보호지구, 방재지구 또는 기반시설이 취약한 지역으로서 시ㆍ도 또는 대도시의 도시ㆍ군계획조례로 정하는 지역 내 기반시설의 확보에 사용해야 하며, 기반시설 설치내용, 기반시설 설치비용에 대한 산정방법 및 구체적인 운영기준 등은 시ㆍ도 또는 대도시의 도시ㆍ군계획조례로 정한다.",Y(후보),pending
TITM-000984,TOBL-00174,UNIT-0393069,a901/p2/n2/s0-3-4-3-3,차도,규칙,92,"차도와 주거지 사이에 방음벽을 설치하는 경우에는 소음원에 가깝게 설치하여야 하며, 자연지형을 적극적으로 이용하여 소음원과 건물사이에 둔덕을 설치하는 것이 바람직하다.",Y(후보),pending
TITM-000985,TOBL-00174,UNIT-0393069,a901/p2/n2/s0-3-4-3-4,강우시 유출수에 의한 환경오염,규칙,103,강우시 유출수에 의한 환경오염을 저감하기 위하여 투수성 포장 등 비점원오염(non-point source pollution)물질을 줄일 수 있는 방안을 고려하여야 한다. 제5절 기반시설,Y(후보),pending
TITM-000986,TOBL-00174,UNIT-0393069,a901/p2/n2/s0-3-5-2~2,외의 기반시설,규칙,177,"외의 기반시설을 도시ㆍ군계획시설로 결정하거나 변경하고자 하는 경우에는 지구단위계획과 다른 도시ㆍ군관리계획을 동시에 결정 또는 변경결정하여야 하며, 구역외 기반시설이 지구단위계획 수립으로 인해 도시ㆍ군계획시설로결정ㆍ변경될 필요가 있는 경우에는 지구단위계획과 다른 도시ㆍ군관리계획을 동시에 결정 또는 변경결정할 수 있다.",Y(후보),pending
TITM-000987,TOBL-00174,UNIT-0393069,a901/p2/n2/s0-3-6-5,구역의 가로망(network),규칙,86,구역의 가로망(network)은 주거ㆍ공공ㆍ편익시설물을 상호 연결시키고 계획구역 외부와 연계되므로 보행자 및 차량의 이동성ㆍ접근성ㆍ안전성이 고려되어야한다.,Y(후보),pending
TITM-000988,TOBL-00174,UNIT-0393069,a901/p2/n2/s0-3-6-10-6,에 따라 공공보행통로,규칙,229,"에 따라 공공보행통로를 지정하는 경우에는 다음 사항을 고려하여야 한다. ① 대지안에 공공보행통로를 계획하는 경우 보행통로 주변에 거주하는 주민들에게 소음, 사생활 침해 등이 발생하지 않도록 지정위치를 검토하고, 공공보행통로로 주변에 수목식재 등을 검토하여야 한다. ② 향후 대지안에 거주하는 주민과 공공보행통로 이용자와의 분쟁발생 요인에 대해 사전분석을 통하여 분쟁이 발생되지 않도록 방안을 강구 하여야 한다.",Y(후보),pending
TITM-000989,TOBL-00174,UNIT-0393069,a901/p2/n2/s0-3-6-11-4,주거기능이 포함된 지구단위계획,규칙,83,주거기능이 포함된 지구단위계획을 수립하는 경우에는 보행자의 안전과 편의를 위하여 보도 또는 보행자전용도로 등이 포함된 교통처리계획을 포함하여야 한다.,Y(후보),pending
TITM-000990,TOBL-00174,UNIT-0393069,a901/p2/n2/s0-3-6-18~2,의 부설주차장의 출입구,규칙,110,"의 부설주차장의 출입구는 간선도로변에 두어서는 아니된다. 다만, 시장ㆍ군수가 당해 지구단위계획구역의 교통소통에 관한 계획 등을 감안하여 교통소통에 지장이 없다고 인정하는 경우에는 그러하지 아니하다.",Y(후보),pending
TITM-000991,TOBL-00174,UNIT-0393069,a901/p2/n2/s0-3-8-4-2,자동차서비스센터 등 필수시설이나 환경에 나쁜 영향,규칙,101,자동차서비스센터 등 필수시설이나 환경에 나쁜 영향을 줄 수 있어 특정지역에 설치하는 것이 좋은 시설 (3) 도시ㆍ군계획시설은 아니나 공공적 성격이 강하여 특별히 확보하여야 하는 시설,Y(후보),pending
TITM-000992,TOBL-00174,UNIT-0393069,a901/p2/n2/s0-3-8-5,지정용도,규칙,168,"지정용도는 복수로 할 수 있으며 지정용도가 적용되는 건축물의 위치와 지정용도의 규모를 함께 지정할 수 있다. 예를 들어, A라는 건축물에 B라는 용도를 지정하는 경우 ‘B용도는 A건축물의 1층에 입지하여야 하며, B용도의 바닥면적은 A건축물 바닥연면적의 80%를 넘을 수 없다’와 같이 정할 수 있다.",Y(후보),pending
TITM-000993,TOBL-00174,UNIT-0393069,a901/p2/n2/s0-3-9-5-4,건축물의 높이(층수),규칙,56,건축물의 높이(층수)는 건폐율ㆍ용적률ㆍ건축물의 배치와 건축선에 관한 계획과 연계하여 결정하여야 한다.,Y(후보),pending
TITM-000994,TOBL-00174,UNIT-0393069,a901/p2/n2/s0-3-9-9,리모델링사업의 시행상 불가피한 경우에,규칙,208,"리모델링사업의 시행상 불가피한 경우에는 경관지구ㆍ고도지구에서 정하는 건축물의 높이 및 규모제한을 완화하여 적용할 수 있고 건폐율ㆍ용적률 등 건축법 기타 관계법령에서 정하는 건축기준의 일부완화가 가능하므로, 해당 사업지역에 지구단위계획을 수립할 때에는 리모델링사업 지원과 지구경관의 보호 및 증진을 위하여 구체적인 완화범위를 포함하여야 한다. 제10절 건축물의 배치와 건축선",Y(후보),pending
TITM-000995,TOBL-00174,UNIT-0393069,a901/p2/n2/s0-3-11-3,건축물의 색채,규칙,66,건축물의 색채는 주위와 조화시킴으로써 연속성 있는 가로경관을 조성하고 지역의 이미지와 특성을 부각시킬 수 있어야 한다.,Y(후보),pending
TITM-000996,TOBL-00174,UNIT-0393069,a901/p2/n2/s0-3-12-7,합벽건축,규칙,105,"합벽건축을 하는 경우에는 건축물 외관의 통일성을 유지하기 위하여 건축물의 높이ㆍ층고ㆍ층수ㆍ형태ㆍ구조ㆍ외장재ㆍ건축선, 건축물간 접하여야 하는 길이 등에 대하여 별도의 기준을 제시할 수 있다.",Y(후보),pending
TITM-000997,TOBL-00174,UNIT-0393069,a901/p2/n2/s0-3-14-1-3,공원 또는 녹지,규칙,77,공원 또는 녹지는 단지내에서 발생되는 비점오염 물질의 외부 유출을 저감할 수 있는 시설이 되도록 위치 및 규모를 고려하여 계획하여야 한다.,Y(후보),pending
TITM-000998,TOBL-00174,UNIT-0393069,a901/p2/n2/s0-3-14-1-5,공원 또는 녹지,규칙,49,공원 또는 녹지는 지구단위계획구역 내 보행네트워크와의 연계성을 고려하여 계획하여야 한다.,Y(후보),pending
TITM-000999,TOBL-00174,UNIT-0393069,a901/p2/n2/s0-3-14-3,순차개발,규칙,84,순차개발을 하는 경우에 공원 및 녹지는 개발단계별로 입주하는 주거자수에 맞추어 각 개발단계에 적절하게 공급되도록 계획하여야 한다. 제15절 특별계획구역,Y(후보),pending
TITM-001000,TOBL-00174,UNIT-0393069,a901/p2/n2/s0-3-15-2-3,복잡한 지형의 재개발구역,규칙,82,복잡한 지형의 재개발구역을 종합적으로 개발하는 경우와 같이 지형조건상 지반의 높낮이 차이가 심하여 건축적으로 상세한 입체계획을 수립하여야 하는 경우,Y(후보),pending
TITM-001001,TOBL-00174,UNIT-0393069,a901/p2/n2/s0-3-15-3-1,특별계획구역의 면적이 전체구역면적의,규칙,34,특별계획구역의 면적이 전체구역면적의 2/3를 초과하지 않을 것,Y(후보),pending
TITM-001002,TOBL-00174,UNIT-0393069,a901/p2/n2/s0-3-15-3-2,전체구역의 개발방향,규칙,164,"전체구역의 개발방향과 특별계획구역이 조화될 수 있도록 특별계획구역에 대하여 간선도로의 노선, 허용용도, 용적률ㆍ건폐율 등 개발밀도의 규모 및 공원과 녹지의 비율을 제시할 것 (3) 대상구역내 특별계획구역으로 지정되지 않은 곳의 개발완료 시점에서 초등학교 등 필수 기반시설의 설치완료가 전제될 것",Y(후보),pending
TITM-001003,TOBL-00174,UNIT-0393069,a901/p2/n2/s0-3-15-2-5~2,건축물 용도ㆍ형태ㆍ색채 결정,생성,114,(4)에서 도시ㆍ군관리계획으로 결정하는데 있어 건축물의 용도 등은 물론 건축물의 형태ㆍ색채 등 법령에서 지구단위계획으로 결정하도록 한 부분이 있는 경우에는 이들 모두를 도시ㆍ군관리계획으로 결정하여야 한다.,Y(후보),pending
TITM-001004,TOBL-00174,UNIT-0393069,a901/p2/n2/s0-3-16-3-2-14,역사적 가로나 주요한 상징가로의 경우에,규칙,74,역사적 가로나 주요한 상징가로의 경우에는 건축물의 특징적 형태ㆍ재료ㆍ외벽높이ㆍ의장ㆍ지붕ㆍ담장ㆍ석재ㆍ셔터 등의 기준을 제시하여야 한다.,Y(후보),pending
TITM-001005,TOBL-00174,UNIT-0393069,a901/p2/n2/s0-3-16-3-2-15,국가유산 산 수변 및 특정 건축물의 조망권,규칙,67,"국가유산, 산, 수변 및 특정 건축물의 조망권을 확보하기 위하여 주요지점에서 시뮬레이션을 통하여 경관분석을 하여야 한다.",Y(후보),pending
TITM-001006,TOBL-00174,UNIT-0393069,a901/p2/n2/s0-3-17-6,기부채납 부담기준 협의 결정,생성,157,"3-17-5의 기준을 적용함에 있어 지역여건이나 지역경제 활성화 차원에서 필요한 경우 위 부담기준보다 낮거나 높은 비율로 협의 결정하거나 기부채납을 요구하지 아니할 수 있다. 단, 기부채납 부담률을 위 최대 기준보다 높게 결정할 필요가 있는 경우에는 그 사유를 명백히 밝혀야 한다.",Y(후보),pending
TITM-001007,TOBL-00174,UNIT-0393069,a901/p2/n2/s0-3-17-9,기부채납 시설,규칙,105,"기부채납 시설은 그 시설의 기능을 충분히 수행할 수 있는 적정규모로 계획하고, 기반시설의 효용성이 낮은 자투리형 토지의 기부채납은 지양하여야 한다. 제18절 기존 건축물의 특례에 관한 사항",Y(후보),pending
TITM-001008,TOBL-00174,UNIT-0393069,a901/p2/n2/s0-3-19-3,허용용도,규칙,61,"허용용도는 지구단위계획의 지정목적, 용도지역, 용도지구, 토지이용, 주변환경 등을 종합적으로 고려하여야 한다.",Y(후보),pending
TITM-001009,TOBL-00175,UNIT-0393069,a901/p2/n2/s0-4-1-2,주거용지,규칙,67,"주거용지는 양호한 주거환경과 적정한 밀도가 유지되도록 하여야 하며, 대중교통시설과 보행네트워크의 연계를 고려하여야 한다.",Y(후보),pending
TITM-001010,TOBL-00175,UNIT-0393069,a901/p2/n2/s0-4-1-9,다음에 해당하,규칙,250,다음에 해당하는 지역은 당해 지방자치단체의 장이 불가피하다고 인정하는 경우를 제외하고는 녹지용지로 구획하여 가급적 원형을 보전하고 지형변화를 최소화하여야 한다. (1) 도시지역 또는 도시ㆍ군기본계획상 도시지역으로 편입될 예정인 지역에서 200m 이내에 있는 지역 (2) 자연환경보전지역의 경계에서 200m 이내에 있는 지역 (3) 일단의 토지가 대부분 토지적성평가 결과 1ㆍ2등급 토지로 구성되어 있으나 그 규모가 작아 계획관리지역으로 편입된 지역,Y(후보),pending
TITM-001011,TOBL-00175,UNIT-0393069,a901/p2/n2/s0-4-2-2,진입도로,규칙,112,"진입도로는 계획구역 경계에서 간선도로에 연결하는 것을 원칙으로 하며, 진입도로의 폭은 최소 8m를 기준으로 교통소통에 지장이 없는 범위내에서 지역여건 및 이용세대수의 규모에 따라 차등 계획하여야 한다.",Y(후보),pending
TITM-001012,TOBL-00175,UNIT-0393069,a901/p2/n2/s0-4-2-5-3,상수도,규칙,47,"상수도는 수도법에 따른 일반상수도를 설치하여야 하며, 지하수를 사용하여서는 아니된다.",Y(후보),pending
TITM-001013,TOBL-00175,UNIT-0393069,a901/p2/n2/s0-4-2-5-4,수도정비기본계획 반영,생성,68,당해 구역이 수도정비기본계획상 급수대상구역에 포함되지 않은 경우에는 개발시기를 고려하여 수도정비기본계획에 반영하여야 한다.,Y(후보),pending
TITM-001014,TOBL-00175,UNIT-0393069,a901/p2/n2/s0-4-2-6-4,하수도정비기본계획 반영,생성,73,당해 구역이 하수처리구역에 포함되어 있지 않을 경우 개발시기를 고려하여 하수도정비기본계획 및 하수처리장 확충계획에 반영하여야 한다.,Y(후보),pending
TITM-001015,TOBL-00175,UNIT-0393069,a901/p2/n2/s0-4-2-9,공원 및 녹지는「도시공원 및 녹지 등에 관한 법률」에,규칙,129,"공원 및 녹지는「도시공원 및 녹지 등에 관한 법률」에 따른 공원 및 녹지의 설치기준에 따라 설치하여야 하며, 공원 이용주체가 대중교통, 도보, 자전거 등 다양한 이동수단을 이용하여 접근하는 것을 고려하여 그 규모와 위치를 결정한다.",Y(후보),pending
TITM-001016,TOBL-00175,UNIT-0393069,a901/p2/n2/s0-4-2-10,구역내의 녹지,규칙,100,"구역내의 녹지는 가급적 구역 외부의 녹지와 연결되도록 함으로써 녹지축을 형성하여 생태계가 단절되지 않도록 하여야 하고, 근린공원ㆍ어린이 공원은 원칙적으로 주거용지 사이에 구획한다.",Y(후보),pending
TITM-001017,TOBL-00175,UNIT-0393069,a901/p2/n2/s0-4-2-11,폐기물처리시설,규칙,127,"폐기물처리시설은 당해 지방자치단체에 폐기물처리계획이 수립된 경우 이와 연계하여 페기물처리대책을 마련하고, 필요시 폐기물소각시설의 설치를 계획하여야 한다. 다만, 위탁처리가 가능한 경우에는 그러하지 아니하다. 제3절 가구 및 획지",Y(후보),pending
TITM-001018,TOBL-00175,UNIT-0393069,a901/p2/n2/s0-4-3-2-1,획지분할,규칙,106,"획지분할은 주택의 유형과 주호당 평당규모를 고려하여야 하며, 획지는 5천㎡ 이상으로 분할하는 것을 원칙으로 한다. 다만, 택지수요, 지형조건 등을 감안하여 필요한 경우에는 그러하지 아니하다.",Y(후보),pending
TITM-001019,TOBL-00175,UNIT-0393069,a901/p2/n2/s0-4-4-4-2,15층 이상 건축물 경관 시뮬레이션,생성,130,15층 이상으로 건축물을 건축하는 경우 당해 구역을 조망할 수 있는 도로법에  따른 간선도로에서 컴퓨터 시뮬레이션을 실시하여 당해 구역안의 시설 배치 및 층수에 관한 계획이 배경이 되는 산이나 주변경관을 훼손하는지를 검토하여야 한다.,Y(후보),pending
TITM-001020,TOBL-00175,UNIT-0393069,a901/p2/n2/s0-4-4-5-2,주거단지내 보행로,규칙,77,"주거단지내 보행로는 차로와 완전히 분리될 수 있는 재료를 선택하고, 예상되는 보행량과 하중을 견딜 수 있도록 설계되어야 한다. 제5절 환경",Y(후보),pending
TITM-001021,TOBL-00175,UNIT-0393069,a901/p2/n2/s0-4-6-5-1,노외주차장,규칙,62,"노외주차장은 주차수요가 많은 곳에 설치하여야 하며, 가급적 공원ㆍ광장 및 상가 인접지역 등에 연접하여 배치한다.",Y(후보),pending
TITM-001022,TOBL-00175,UNIT-0393069,a901/p2/n2/s0-4-7-1-2,개발행위 신청지역 구역 포함,생성,115,지구단위계획이 수립되지 않은 지구단위계획구역의 일부 또는 연접한 곳에 민간사업자가 주택건설 등을 위한 개발행위를 신청한 경우에는 신청지역을 지구단위계획구역에 포함하여야 한다. 4-7-2. 개발사업의 시행방법,Y(후보),pending
TITM-001023,TOBL-00175,UNIT-0393069,a901/p2/n2/s0-4-7-1-2~2,사업시행자가 타인에게 개발된 부지,규칙,77,"사업시행자가 타인에게 개발된 부지를 분양하고자 하는 경우에는 분양할 부지의 공급가격, 공급방법, 절차 등을 지구단위계획에 포함하여야 한다.",Y(후보),pending
TITM-001024,TOBL-00175,UNIT-0393069,a901/p2/n2/s0-4-7-3,사업기간,규칙,81,"사업기간은 원칙적으로 지구단위계획 결정ㆍ고시후 5년 이내로 하여야 한다. 다만, 시행자가 지정되지 않은 경우에는 지정된 날부터 5년 이내로 한다.",Y(후보),pending
TITM-001025,TOBL-00176,UNIT-0393069,a901/p2/n2/s0-5-1-4,공업용지,규칙,77,"공업용지는 주요 유치업종용 공업용지와 그 밖의 공업용지로 구획하여야 하며, 필요한 경우 주차장 및 창고 등 물류시설용지를 구획할 수 있다.",Y(후보),pending
TITM-001026,TOBL-00176,UNIT-0393069,a901/p2/n2/s0-5-1-8,공업용지 및 유통용지,규칙,69,공업용지 및 유통용지와 그 밖의 용지 사이에는 구역내 주변여건을 감안하여 완충용 녹지용지를 구획하여야 한다. 제2절 기반시설,Y(후보),pending
TITM-001027,TOBL-00176,UNIT-0393069,a901/p2/n2/s0-5-2-1-1,구역의 경계,규칙,121,"구역의 경계에서 국도ㆍ지방도ㆍ시도ㆍ군도, 기타 도로에 연결되는 진입도로를 8m이상으로 설치하되 교통성검토 결과를 고려하여 공동위원회에서 심의한 결과에 따른다. 다만, 기타 도로의 폭은 ‘진입도로 폭’ 이상이어야 한다.",Y(후보),pending
TITM-001028,TOBL-00176,UNIT-0393069,a901/p2/n2/s0-5-2-3-4,수도정비기본계획 반영,생성,68,당해 구역이 수도정비기본계획상 급수대상구역에 포함되지 않은 경우에는 개발시기를 고려하여 수도정비기본계획에 반영하여야 한다.,Y(후보),pending
TITM-001029,TOBL-00176,UNIT-0393069,a901/p2/n2/s0-5-2-4-4,당해 구역이 하수처리 구역에 포함되어 있지 않을 경우,규칙,74,당해 구역이 하수처리 구역에 포함되어 있지 않을 경우 개발시기를 고려하여 하수도정비기본계획 및 하수처리장 확충계획에 반영하여야 한다.,Y(후보),pending
TITM-001030,TOBL-00176,UNIT-0393069,a901/p2/n2/s0-5-2-4-5,주요 유치업종이「물환경보전법」상,규칙,262,"주요 유치업종이「물환경보전법」상 1종부터 4종까지 사업장인 경우 또는 특정수질유해물질을 배출하는 사업장인 경우에는 공공폐수처리시설을 계획하여야 한다. 다만, 폐수를 인근지역의 하수종말처리장 또는 공공폐수처리시설으로 유입하여 처리할 수 있는 경우 또는 폐수배출량이 극히 적어 공공폐수처리시설에서 처리하기에는 경제성이 없다고 환경관서에서 판단하여 당해 폐수배출 사업장에서 자체적으로 폐수처리시설을 설치하거나 인근 시설과 공동으로 시설을 설치하는 경우에는 그러하지 아니하다.",Y(후보),pending
TITM-001031,TOBL-00176,UNIT-0393069,a901/p2/n2/s0-5-2-5,공원 및 녹지는「도시공원 및 녹지 등에 관한 법률」에,규칙,60,공원 및 녹지는「도시공원 및 녹지 등에 관한 법률」에 따른 공원 및 녹지의 설치기준에 따라 설치하여야 한다.,Y(후보),pending
TITM-001032,TOBL-00176,UNIT-0393069,a901/p2/n2/s0-5-2-6,폐기물처리시설은「폐기물처리시설 설치촉진 및 주변지역지원,규칙,180,"폐기물처리시설은「폐기물처리시설 설치촉진 및 주변지역지원 등에 관한 법률」 제5조의 산업단지에 대한 규정을 준용하며, 당해 지방자치단체에 폐기물처리계획이 수립된 경우 이와 연계하여 폐기물처리대책을 마련하고, 필요시 폐기물소각시설의 설치를 계획하여야 한다. 다만, 위탁처리가 가능한 경우에는 그러하지 아니하다. 제3절 건축계획",Y(후보),pending
TITM-001033,TOBL-00176,UNIT-0393069,a901/p2/n2/s0-5-5-2-3,토지이용이 상이한 구역경계부,규칙,94,토지이용이 상이한 구역경계부는 인접지역의 보호를 위해 필요한 경우 완충용녹지를 설치할 수 있다. (4) 개발단계별로 입주하는 업체수를 고려하여 적절하게 공급되어야 한다.,Y(후보),pending
TITM-001034,TOBL-00176,UNIT-0393069,a901/p2/n2/s0-5-5-5-2,주변에 주거지역이 있는 경우에,규칙,152,"주변에 주거지역이 있는 경우에는 굴뚝의 높이를 높게 한다. (3) 대형차량의 주도로와 주변주거지 사이에 방음벽을 설치할 경우 주로 소음원에 가깝게 설치하여야 하며, 인공적 방음벽뿐 아니라 자연지형도 적극적으로 이용하여 소음원과 건물사이에 식재한 둔덕을 설치하는 것이 좋다.",Y(후보),pending
TITM-001035,TOBL-00176,UNIT-0393069,a901/p2/n2/s0-5-5-6-1,산자락 하단,규칙,121,"산자락 하단을 기준으로 최소한 8부 능선 이상 지역은 원형대로 보전하여야 한다. 다만, 산지의 표고(산자락 하단부를 기준으로 한 산정부의 높이)가 100m미만인 경우와 해발고 300m 미만의 산지는 그러하지 아니하다.",Y(후보),pending
TITM-001036,TOBL-00176,UNIT-0393069,a901/p2/n2/s0-5-5-6-3,사업부지내 조경,규칙,64,사업부지내 조경은 되도록 기존 수목과 조화를 이룰 수 있도록 향토수종을 선정하는 등 생태적 배식을 적용하여야 한다.,Y(후보),pending
TITM-001037,TOBL-00176,UNIT-0393069,a901/p2/n2/s0-5-5-6-4,토지의 형질변경에 따라 발생하,규칙,217,"토지의 형질변경에 따라 발생하는 법면(옹벽을 포함한다)의 높이는 16m 이하로 하되, 5m 이하의 소단(폭은 2m 이상으로 한다)을 조성하고 가급적 구역 밖에서 보이지 않도록 한다. 제6절 보칙 5-6-1. 개발사업은 지구단위계획이 고시된 날로부터 2년내 시행하여야 한다. 다만, 불가피한 사유가 있는 경우에는 그러하지 아니하다. 제6장 관광휴양형 지구단위계획 수립기준 제1절 토지이용계획",Y(후보),pending
TITM-001038,TOBL-00177,UNIT-0393069,a901/p2/n2/s0-6-1-5-1,구역의 경계,규칙,121,"구역의 경계에서 국도ㆍ지방도ㆍ시도ㆍ군도, 기타 도로에 연결되는 진입도로를 8m이상으로 설치하되 교통성검토 결과를 고려하여 공동위원회에서 심의한 결과에 따른다. 다만, 기타 도로의 폭은 ‘진입도로 폭’ 이상이어야 한다.",모름,pending
TITM-001039,TOBL-00177,UNIT-0393069,a901/p2/n2/s0-6-2-2-4,수도정비기본계획 반영,생성,68,당해 구역이 수도정비기본계획상 급수대상구역에 포함되지 않은 경우에는 개발시기를 고려하여 수도정비기본계획에 반영하여야 한다.,모름,pending
TITM-001040,TOBL-00177,UNIT-0393069,a901/p2/n2/s0-6-2-3-4,당해 구역이 하수처리 구역에 포함되어 있지 않을 경우,규칙,74,당해 구역이 하수처리 구역에 포함되어 있지 않을 경우 개발시기를 고려하여 하수도정비기본계획 및 하수처리장 확충계획에 반영하여야 한다.,모름,pending
TITM-001041,TOBL-00177,UNIT-0393069,a901/p2/n2/s0-6-2-3-5,구역안,규칙,59,구역안에서 발생하는 하수는 최소한 BOD 10ppm 이하로 처리할 수 있는 하수처리시설을 설치하여야 한다.,모름,pending
TITM-001042,TOBL-00177,UNIT-0393069,a901/p2/n2/s0-6-2-4,공원 및 녹지,규칙,61,공원 및 녹지는 「도시공원 및 녹지 등에 관한 법률」에 따른 공원 및 녹지의 설치기준에 따라 설치하여야 한다.,모름,pending
TITM-001043,TOBL-00177,UNIT-0393069,a901/p2/n2/s0-6-2-5,구역내 폐기물 발생시설이 있는 경우에,규칙,98,"구역내 폐기물 발생시설이 있는 경우에는 폐기물관리법에 따른 처리시설(소각장을 포함한다)을 계획하여야 한다. 다만, 위탁처리가 가능한 경우에는 그러하지 아니하다. 제3절 건축계획",모름,pending
TITM-001044,TOBL-00177,UNIT-0393069,a901/p2/n2/s0-6-4-1-2,건물의 부차색,규칙,62,건물의 부차색은 주조색과 같은 계통의 색으로 명도ㆍ채도ㆍ색상에 크게 차이가 없는 가까운 색중에 선택하여야 한다.,모름,pending
TITM-001045,TOBL-00177,UNIT-0393069,a901/p2/n2/s0-6-5-1-1,산자락 하단,규칙,122,"산자락 하단을 기준으로 최소한 8부 능선 이상의 지역은 원형대로 보전하여야 한다. 다만, 산지의 표고(산자락 하단부를 기준으로 한 산정부의 높이)가 100m미만인 경우와 해발고 300m 미만의 산지는 그러하지 아니하다.",모름,pending
TITM-001046,TOBL-00177,UNIT-0393069,a901/p2/n2/s0-6-5-1-3,조경,규칙,58,조경은 되도록 기존 수목과 조화를 이룰 수 있도록 향토수종을 선정하는 등 생태적 배식을 적용하여야 한다.,모름,pending
TITM-001047,TOBL-00177,UNIT-0393069,a901/p2/n2/s0-6-5-3-2,자동차도로,규칙,118,"자동차도로와 관광휴양지내 숙박시설 사이에 방음벽을 설치할 경우 주로 소음원에 가깝게 설치하여야 하며, 인공적인 방음벽뿐 아니라 자연지형도 적극적으로 이용하여 소음원과 건물사이에 식재한 둔덕을 설치하는 것이 좋다.",모름,pending
TITM-001048,TOBL-00177,UNIT-0393069,a901/p2/n2/s0-6-5-4-2,방재계획에,규칙,63,방재계획에는 구역안에서 중점적으로 방재시설을 설치할 필요가 있는 지역과 이를 위한 시설의 종류가 포함되어야 한다.,모름,pending
TITM-001049,TOBL-00177,UNIT-0393069,a901/p2/n2/s0-6-6-1,당해 구역내 일부에 체육시설,규칙,269,"당해 구역내 일부에 체육시설을 설치하고자 하는 경우 체육시설의 용지(이하 ""체육시설용지""라 한다)를 별도로 구획하여 도시ㆍ군계획시설의결정ㆍ구조및설치기준에관한규칙 제100조 및 제101조의 규정을 그대로 적용하되, 동규칙 동조에서 정하지 않은 사항에 대하여는 이 장에서 정하는 기준을 적용한다. 예를 들어, 동규칙 제100조에 따라 골프장의 경우는 자연환경보전지역에는 설치가 되지 않으므로 골프장이 설치되는 구획은 계획관리지역 등 골프장의 설치가 가능한 용도지역으로 변경하여야 한다.",모름,pending
TITM-001050,TOBL-00178,UNIT-0393069,a901/p2/n2/s0-7-2-1,복합용도개발형 지구단위계획에서,규칙,48,복합용도개발형 지구단위계획에서는 건축물의 주용도와 부대용도를 구분하여 제시하여야 한다.,모름,pending
TITM-001051,TOBL-00178,UNIT-0393069,a901/p2/n2/s0-7-2-5,복합용도개발구역내 건축물의 용도,규칙,74,"복합용도개발구역내 건축물의 용도는 3개 이상의 중심기능을 포함하여야 하고, 중심기능 중 어느 하나에 집중되지 않도록 계획하여야 한다.",모름,pending
TITM-001052,TOBL-00178,UNIT-0393069,a901/p2/n2/s0-7-2-8,복합용도개발용지에서,규칙,147,"복합용도개발용지에서는 내ㆍ외부의 기능이 서로 조화를 이루도록 계획하여야 하며, 지역여건상 상호 상충되는 용도의 입지가 필요한 경우에는 완충기능을 할 수 있는 오픈스페이스 및 완충공간 등을 계획하여 장래 발생될 소음, 환경, 안전 등의 문제점을 사전 예방토록 한다.",모름,pending
TITM-001053,TOBL-00178,UNIT-0393069,a901/p2/n2/s0-7-2-9,교통소음이 비교적 크게 발생되,규칙,92,교통소음이 비교적 크게 발생되는 간선도로 주변에는 가급적 공원이나 교통소음에 영향이 적은 상업 및 산업시설 등을 설치하여 주거환경의 쾌적성을 최대한 고려하여야 한다.,모름,pending
TITM-001054,TOBL-00179,UNIT-0393069,a901/p2/n2/s0-8-1-2,복합형 지구단위계획구역,규칙,65,복합형 지구단위계획구역을 구성하는 각 지구단위계획구역의 경계를 명확히 하여야 한다. 제2절 특정 지구단위계획 수립기준,모름,pending
TITM-001055,TOBL-00179,UNIT-0393069,a901/p2/n2/s0-8-2-1,제1장부터 제3장까지의 기준에 적합하게 계획,규칙,135,"제1장부터 제3장까지의 기준에 적합하게 계획을 수립하여야 하며, 제4장부터 제7장까지의 기준중 당해 구역에 적용이 가능하다고 지구단위계획결정권자가 인정하는 것에도 적합하게 계획을 수립하여야 한다. 제3절  용도지구 대체형 지구단위계획 수립기준",모름,pending
TITM-001056,TOBL-00180,UNIT-0393069,a901/p2/n2/s0-9-11,재검토기한,생성,139,(재검토기한) 국토교통부장관은 이 훈령에 대하여 「훈령ㆍ예규 등의 발령 및 관리에 관한 규정」에 따라 2023년 7월 1일 기준으로 매 3년이 되는 시점(매 3년째의 6월 30일까지를 말한다)마다 그 타당성을 검토하여 개선 등의 조치를 하여야 한다.,모름,pending
TITM-001057,TOBL-00181,UNIT-0393159,a901/s0-2-1-1,정비계획,규칙,104,"정비계획은 도시ㆍ군기본계획과 기본계획의 범위 안에서 수립되어야 하고, 국토계획법 제2조제4호에 따른 도시ㆍ군관리계획(이하 ""도시ㆍ군관리계획""이라 한다)과 서로 연계되도록 수립되어야 한다.",Y(후보),pending
TITM-001058,TOBL-00181,UNIT-0393159,a901/s0-2-1-2,정비계획,규칙,66,정비계획은 정비사업을 시행하기 위한 법정계획으로 정비사업 유형별 목적을 분명히 하여야 하며 종합적으로 수립되어야 한다.,Y(후보),pending
TITM-001059,TOBL-00181,UNIT-0393159,a901/s0-2-1-3,정비계획,규칙,162,"정비계획은 장래 토지이용에 관한 계획 위주로 수립되어야 하며 법 제9조제1항제11호에 따라 국토계획법 제52조제1항 각 호의 사항에 관한 계획(지구단위계획)을 포함할 경우에는 제5호 중 건축물의 배치ㆍ형태ㆍ색채에 관한 계획, 제6호 중 경관계획과 제8호에 관한 사항은 포함되지 않아야 한다.",Y(후보),pending
TITM-001060,TOBL-00181,UNIT-0393159,a901/s0-2-1-4,정비계획,규칙,88,정비계획은 쾌적하고 편리한 환경이 조성되도록 지역 현황을 조사하고 도시의 용량을 고려하여 적절한 개발밀도가 유지되도록 하는 등 환경친화적으로 수립되어야 한다.,Y(후보),pending
TITM-001061,TOBL-00181,UNIT-0393159,a901/s0-2-1-5,정비계획,규칙,116,"정비계획은 특별자치시장, 특별자치도지사, 시장, 군수 또는 구청장(이하 ""시장ㆍ군수등""이라 한다)이 수립하며 계획수립 시 주민설명회ㆍ주민공람을 통해 다양한 형태의 주민참여 및 관계기관 협의를 실시하여야 한다.",Y(후보),pending
TITM-001062,TOBL-00181,UNIT-0393159,a901/s0-2-1-6,시장ㆍ군수등,규칙,213,"시장ㆍ군수등은 정비기반시설 및 국ㆍ공유지의 귀속 및 처분에 관한 사항이 포함된 정비계획을 수립하고자 하는 때에는 미리 해당 관리청과 사전 협의하고 그 결과에 따라 해당 정비기반시설 및 국ㆍ공유지를 정비구역에 포함하여야 할 지 여부를 결정하여야 하며, 사업시행계획인가 시점에서 관리청과 협의하여 사업의 지연 등 사업추진에 지장을 초래하지 않도록 하여야 한다. 제2절 정비계획 수립내용",Y(후보),pending
TITM-001063,TOBL-00182,UNIT-0393159,a901/s0-3-1-1,기초조사,규칙,85,기초조사는 정비계획 수립에 기본이 되는 자료로써 조사내용의 충실도에 따라 정비계획 수립에 많은 영향을 줄 수 있으므로 상세하고 정확하게 조사하여야 한다.,모름,pending
TITM-001064,TOBL-00182,UNIT-0393159,a901/s0-3-2-1,기초조사,규칙,63,"기초조사는 법, 영 또는 조례에서 규정하고 있는 정비사업 유형별 구역지정 요건에 해당하는 항목을 조사하여야 한다.",모름,pending
TITM-001065,TOBL-00183,UNIT-0393159,a901/s0-4-1-2,각 부문별 계획,규칙,79,"각 부문별 계획은 정비사업의 목표, 기본방향, 부문별 계획간 위계 및 연관성을 가지면서, 상호 환류속에서 유기적으로 연관되게 작성되어야 한다.",Y(후보),pending
TITM-001066,TOBL-00183,UNIT-0393159,a901/s0-4-3-1-1,정비사업의 명칭,규칙,106,"정비사업의 명칭은 해당 정비구역이 위치한 시ㆍ군ㆍ구 단위 이하의 행정구역명을 중심으로 해당 정비구역의 특성, 현재의 단지명 등을 고려하여 다른 정비구역과 구별이 될 수 있도록 정하여야 한다.",Y(후보),pending
TITM-001067,TOBL-00183,UNIT-0393159,a901/s0-4-3-1-2,정비사업의 명칭에,규칙,62,"정비사업의 명칭에는 사업유형을 알 수 있도록 주거환경개선사업, 재개발사업 및 재건축사업을 함께 표기하여야 한다.",Y(후보),pending
TITM-001068,TOBL-00183,UNIT-0393159,a901/s0-4-3-1-5,재건축사업의 경우에,규칙,47,재건축사업의 경우에는 정비구역 내 주택단지의 재건축진단 실시 여부를 기재하여야 한다.,Y(후보),pending
TITM-001069,TOBL-00183,UNIT-0393159,a901/s0-4-4-2,토지이용계획,규칙,143,"토지이용계획은 토지이용의 효율성을 증대하고 도시별ㆍ지역별 특성 그리고 현재의 토지이용 상황, 기반시설의 용량과 주변 환경과의 연속성 등을 종합적으로 고려하여 계획하여야 하며 주변 및 연접한 지역의 개발계획이 있을 경우에는 반드시 연계할 수 있도록 계획한다.",Y(후보),pending
TITM-001070,TOBL-00183,UNIT-0393159,a901/s0-4-5-3,시장ㆍ군수등,규칙,164,"시장ㆍ군수등은 정비계획 수립 시, 해당 정비사업과 직접적으로 관련이 없거나 과도한 정비기반시설, 기반시설(도시ㆍ군계획시설) 및 「국토의 계획 및 이용에 관한 법률」 제52조의2제1항제3호에 따라 조례로 정하는 시설(이하 이 절에서 ""정비기반시설등""이라 한다)의 기부채납을 요구하여서는 아니된다.",Y(후보),pending
TITM-001071,TOBL-00183,UNIT-0393159,a901/s0-4-5-5,정비기반시설등,규칙,218,"정비기반시설등을 설치하여 그 부지와 함께 제공하는 경우에는 정비기반시설등을 설치하는 데에 드는 비용(부지 비용은 제외)에 상응하는 가액의 부지를 제공한 것으로 보아, 부지와 시설의 제공에 따라 완화되는 용적률 등을 합산하여 적용하여야 한다. 이 경우 정비기반시설 설치비용 및 이에 상응하는 부지 가액의 산정방법 등은 「국토의 계획 및 이용에 관한 법률 시행령」 제46조제1항제2호를 따른다.",Y(후보),pending
TITM-001072,TOBL-00183,UNIT-0393159,a901/s0-4-5-5~2,에 따라 용적률 등을 완화할 수 있는 만큼,규칙,145,"에 따라 용적률 등을 완화할 수 있는 만큼 정비기반시설등을 계획하여야 한다. 다만, 지역 여건 등 부득이한 사유로 정비기반시설등의 기부채납만큼 용적률 등을 완화할 수 없는 경우에는 법 제92조에 따라 정비기반시설등의 설치비용을 지원하는 방안을 강구하여야 한다.",Y(후보),pending
TITM-001073,TOBL-00183,UNIT-0393159,a901/s0-4-6-2,정비구역 및 인근의 한옥 등 역사적 유물,규칙,103,정비구역 및 인근의 한옥 등 역사적 유물과 전통적 건축물에 대해서는 보존 및 정비사업과 관련한 문화재보호법 등 관련법에 적합하게 계획하여야 한다. 제7절 지구단위계획의 내용에 관한 계획,Y(후보),pending
TITM-001074,TOBL-00183,UNIT-0393159,a901/s0-4-8-2-2-1,시장ㆍ군수등,규칙,184,"시장ㆍ군수등은 용도지역, 용도지구 등과 해당 정비사업의 유형에 따라 허용할 수 있는 최대치의 건폐율과 용적률의 상한을 제시하여 사업시행자가 허용범위 내에서 건축계획을 수립할 수 있도록 한다. 이 때 정비기반시설의 설치 등으로 국토계획법 제52조제1항 및 제3항에 따른 건폐율 및 용적률의 완화가 가능한 경우 이를 고려하여야 한다.",Y(후보),pending
TITM-001075,TOBL-00183,UNIT-0393159,a901/s0-4-8-2-2-2,법 제54조에 따라 소형주택 건설비율,규칙,48,법 제54조에 따라 소형주택 건설비율을 확정하기 위하여 법적상한용적률을 정하여야 한다.,Y(후보),pending
TITM-001076,TOBL-00183,UNIT-0393159,a901/s0-4-8-2-2-5,시장ㆍ군수등,규칙,134,시장ㆍ군수등은 「도시ㆍ주거환경정비기본계획 수립 지침」 4-16-5에 따라 다양한 공익요소를 고려하여 용적률 완화를 검토하여야 한다. 이 경우 침수우려지역 정비를 위한 용적률 완화는 4-10-2에 따른 재난방지계획과 연계하여 고려할 수 있다.,Y(후보),pending
TITM-001077,TOBL-00183,UNIT-0393159,a901/s0-4-9-1,정비구역의 교통처리계획,규칙,91,"정비구역의 교통처리계획은 도시ㆍ군기본계획 및 기본계획 등의 상위계획, 도시ㆍ군관리계획, 광역교통계획 등의 교통체계 개선과 관련한 계획을 종합적으로 고려하여야 한다.",Y(후보),pending
TITM-001078,TOBL-00183,UNIT-0393159,a901/s0-4-9-2,정비구역의 도로망계획,규칙,100,"정비구역의 도로망계획은 정비사업 시행에 따라 증가되는 교통량과 향후 토지이용변화를 수용하고, 주변지역의 교통량과 도로용량 등 주변 간선교통체계와 연계될 수 있도록 수립하여야 한다.",Y(후보),pending
TITM-001079,TOBL-00183,UNIT-0393159,a901/s0-4-10-2-2,저지대,규칙,112,"저지대는 가급적 자연배수가 되도록 계획하고, 불가피한 경우에는 공원ㆍ녹지 지하에 유수지를 확보하고 유수지의 기능이 최대한 발휘되도록 계획하여야 한다. 제11절 정비구역 주변의 교육환경 보호에 관한 계획",Y(후보),pending
TITM-001080,TOBL-00183,UNIT-0393159,a901/s0-4-11-2,교육환경 보호 대책 수립,생성,158,"정비구역 주변에 교육시설이 인접하여 설치되어 있는 경우(정비구역으로부터 200미터 이내에 교육시설이 설치되어 있는 경우에 한한다) 정비사업 시행으로 인한 일조장애, 통학로 단절 등에 대한 대책을 수립하여 교육환경이 보호되도록 하여야 한다. 제12절 정비구역의 분할 또는 결합 시행계획",Y(후보),pending
TITM-001081,TOBL-00183,UNIT-0393159,a901/s0-4-12-2,서로 떨어진,규칙,112,서로 떨어진 2 이상의 구역 또는 정비구역을 하나의 정비구역으로 지정 신청하고자 할 경우에는 각각의 구역은 법 제8조제1항 및 영 제7조에 따라 별표 1의 정비계획 수립대상구역 요건에 해당되어야 한다.,Y(후보),pending
TITM-001082,TOBL-00183,UNIT-0393159,a901/s0-4-13-2,주택수급에 관한 검토결,규칙,196,"주택수급에 관한 검토결과 해당 정비사업 시행으로 인해 주변지역의 전ㆍ월세난이 발생할 우려가 있는 경우에는 정비계획 수립시기나 정비사업시행 예정시기를 조정하여야 한다. 이 경우 법 제12조에 따른 재건축진단 결과 조건부재건축으로 판정받은 경우에 대하여 우선 조정대상으로 검토할 수 있으며, 해당 시기 조정은 1년을 단위로 한다. 제14절 세입자 주거대책",Y(후보),pending
TITM-001083,TOBL-00183,UNIT-0393159,a901/s0-4-14-1,시장ㆍ군수등,규칙,106,시장ㆍ군수등은 정비구역 내 세입자에 대한 주거실태조사를 실시하여야 하며 세입자의 재정착 유도를 위해 주택수요 조사를 실시하여 정비계획에 반영하여야 한다. 조사항목은 「재정비촉진계획 수립지침」,Y(후보),pending
TITM-001084,TOBL-00183,UNIT-0393159,a901/s0-4-15-1,범죄 예방 계획,생성,94,정비계획수립에 있어 각종 범죄 유발가능성이 있는 환경요소를 제거하고 주민의 공동체 의식을 고양하여 인간성을 유지ㆍ회복시킴으로써 범죄를 예방할 수 있도록 계획하여야 한다.,Y(후보),pending
TITM-001085,TOBL-00183,UNIT-0393159,a901/s0-4-15-5,주민통행로,규칙,162,"주민통행로는 각종 시설의 입지, 버스나 전철이용의 편의성 등을 면밀히 검토하여 계획을 수립하여 인적이 드문 노선이 생기지 않도록 하고, 불가피한 경우에는 방범초소 등을 설치할 수 있는 공지를 마련하고 충분한 조도가 확보되도록 하여야 한다. 제5장 정비구역의 지정 제1절 정비구역의 지정 신청",Y(후보),pending
TITM-001086,TOBL-00184,UNIT-0393159,a901/s0-6-1,재검토기한,생성,138,(재검토기한) 국토교통부장관은 「훈령ㆍ예규 등의 발령 및 관리에 관한 규정」에 따라 이 훈령에 대하여 2018년 7월 1일 기준으로 매3년이 되는 시점(매 3년째의 6월 30일까지를 말한다)마다 그 타당성을 검토하여 개선 등의 조치를 하여야 한다.,모름,pending
TITM-001087,TOBL-00185,UNIT-0393160,a901/s0-1-3-1,기본계획,규칙,120,"기본계획은 도시ㆍ군기본계획의 하위계획으로 도시ㆍ군기본계획상 토지이용계획과 부문별 계획 중 도시ㆍ주거환경의 정비에 관한 내용을 반영하며, 기본계획의 내용은 정비계획 등 하위계획 및 관련 토지이용계획에 반영되어야 한다.",모름,pending
TITM-001088,TOBL-00186,UNIT-0393160,a901/s0-3-2-1,기초조사,규칙,95,"기초조사는 조사내용의 충실도에 따라 기본계획 수립에 많은 영향을 줄 수 있으므로 상세하게 조사하여야 하며, 필요한 경우 전수조사와 측량(항공측량 포함)도 실시할 수 있다.",모름,pending
TITM-001089,TOBL-00187,UNIT-0393160,a901/s0-4-1-2,부문별 계획,규칙,85,"부문별 계획은 목표, 기본방향, 부문별 계획간 위계성 및 연관성을 가지면서, 상호 환류속에서 유기적으로 작성되어야 한다. 제2절 정비예정구역의 설정 요건",모름,pending
TITM-001090,TOBL-00187,UNIT-0393160,a901/s0-4-2-6-2,정비예정구역에,규칙,130,"정비예정구역에는 원칙적으로 공원ㆍ녹지ㆍ나대지를 포함하여서는 아니된다. 다만, 지형여건, 건물의 배치, 토지이용계획의 증진을 위하여 필요한 경우 또는 순환정비방식으로 시행하기 위하여 특히 필요한 경우에는 이를 포함하여 계획할 수 있다.",모름,pending
TITM-001091,TOBL-00187,UNIT-0393160,a901/s0-4-4-3,공동화 방지 대책 조사ㆍ방향 제시,생성,60,4-4-2.의 공동화 방지 대책에는 다음의 사항에 대한 조사와 방향 제시가 포함되어야 한다. (1) 도심 및,모름,pending
TITM-001092,TOBL-00187,UNIT-0393160,a901/s0-4-5-2,주거지 활성화 및 불량화 방지,규칙,123,"주거지 활성화 및 불량화 방지를 위하여 도시의 특성에 맞는 주거지 관리계획을 수립하여야 하며, 매년 주거지관리 효과에 대한 평가를 하도록 하여 5년 마다 기본계획의 타당성 여부 검토시 반영한다. 제6절 공공과 민간의 역할",모름,pending
TITM-001093,TOBL-00187,UNIT-0393160,a901/s0-4-8-1,단계별 추진계획,규칙,138,"단계별 추진계획은 우선순위 선정원칙과 단계별 시행계획이 포함되어야 한다. 다만, 기본계획에 생활권의 설정, 생활권별 기반시설 설치계획 및 주택수급계획, 생활권별 주거지의 정비ㆍ보전ㆍ관리의 방향을 포함하는 경우에는 단계별 추진계획을 생략할 수 있다.",모름,pending
TITM-001094,TOBL-00187,UNIT-0393160,a901/s0-4-9-1,정비사업 시행,규칙,89,정비사업 시행으로 인하여 저소득층이 거주할 수 있는 저렴한 가격의 주택수가 감소될 우려가 있는 경우 사업지구내 거주민의 주거안정에 대한 대책이 수립되어야 한다.,모름,pending
TITM-001095,TOBL-00187,UNIT-0393160,a901/s0-4-10-2,정비예정구역관리계획 수립,생성,173,정비예정구역 지정 이후 정비사업이 착수되기 전까지의 기간이 길어질 경우 ‘정비예정구역관리계획’을 별도로 수립할 수 있다. 제11절 토지이용계획 4-11-1. 도시별ㆍ지역별 특성 및 입지적인 잠재력 그리고 현재의 토지이용 상황과 토지이용의 효율성 및 주변 환경과의 연속성 등을 종합적으로 반영한 계획이어야 한다.,모름,pending
TITM-001096,TOBL-00187,UNIT-0393160,a901/s0-4-11-3,하나의 정비예정구역이,규칙,165,"하나의 정비예정구역이 2이상의 용도지역(예: 일반주거지역 및 상업지역)에 걸쳐 있는 경우 정비예정구역의 사업유형 결정은 현 토지이용 현황 및 향후 도시발전 방향, 각 용도지역의 면적 등을 종합적으로 검토하여 결정하여야 하며, 개발밀도계획은 국토계획법 제78조 및 제84조에 따라 계획할 수 있다.",모름,pending
TITM-001097,TOBL-00187,UNIT-0393160,a901/s0-4-11-4,준공업지역 정비 사업유형 결정,생성,185,"준공업지역 내 노후ㆍ불량주택 등이 밀집하여 정비가 필요한 지역 등에 대하여는 용도지역에 구애됨이 없이 현재의 토지이용 현황과 향후 도시 발전방향 및 도시ㆍ군기본계획 등을 종합적으로 고려하여 사업유형을 결정하여야 하며, 도시정비의 효율성 등을 위하여 필요시 노후불량주택 인근의 공장부지 등을 포함하여 정비예정구역으로 계획할 수 있다.",모름,pending
TITM-001098,TOBL-00187,UNIT-0393160,a901/s0-4-11-5,정비예정구역 내 문화재나 주요시설물 및 문화적ㆍ생태적,규칙,242,"정비예정구역 내 문화재나 주요시설물 및 문화적ㆍ생태적으로 보존가치가 큰 지역의 보호ㆍ보존이 필요한 경우에는 정비사업 시행 후 보존될 수 있도록 보존지구로의 지정을 계획하여야 하며, 여타 경관의 보호나 미관의 유지, 쾌적한 환경조성 및 토지의 고도이용을 위한 건축물의 높이를 제한하여야 할 필요가 있다고 인정되는 경우 등에는 고도지구 또는 경관지구 등의 용도지구 지정을 계획하여야 한다. 제12절 정비기반시설계획 및 공동이용시설설치계획",모름,pending
TITM-001099,TOBL-00187,UNIT-0393160,a901/s0-4-12-1,정비기반시설계획,생성,238,"정비기반시설계획이란 도로, 상하수도, 공원, 공용주차장, 공동구, 녹지, 하천, 공공공지, 소방용수시설, 비상대피시설, 가스공급시설 등에 관한 계획을 말한다. 4-12-2. 도시ㆍ군기본계획 등 관련 상위계획상의 기반시설계획 및 공급처리시설계획 등을 반영하여 적합하게 수립하여야 하며, 도시ㆍ군계획시설의 설치 및 규모결정 기준 등은 국토계획법에 따른 「도시ㆍ군계획시설의 결정ㆍ구조 및 설치기준에 관한 규칙」에 적합하게 계획한다.",모름,pending
TITM-001100,TOBL-00187,UNIT-0393160,a901/s0-4-12-3,정비기반시설계획,규칙,262,"정비기반시설계획은 기존의 기반시설 규모를 토대로 주변지역을 포함하는 광역적 수요추정에 의한 공간적 범위와 향후의 토지이용계획 및 교통계획, 건축계획 등 관련계획을 종합적으로 고려하여 계획하여야 하며, 「도시공원 및 녹지 등에 관한 법률」 등 관련 개별법령에 적합하게 수립한다. 4-12-4. 일정규모 이상의 정비기반시설 등 공공용지는 도시전체에 적정 배치될 수 있도록 하여야 하며, 개발유형 및 밀도계획 등과 연계하여 도시환경 조성 유도수단으로 활용될 수 있도록 한다.",모름,pending
TITM-001101,TOBL-00187,UNIT-0393160,a901/s0-4-12-5,정비사업,규칙,96,정비사업으로 인하여 밀도가 현재보다 현저히 늘어날 것이 예상되는 경우 또는 도로 및 공원 등의 정비기반시설이 부족한 경우에는 기반시설 등에 대한 확대방안이 계획되어야 한다.,모름,pending
TITM-001102,TOBL-00187,UNIT-0393160,a901/s0-4-13-2,교통체계 연계 가로망 계획,생성,88,"정비사업 시행에 따른 교통량 증가 등 향후 토지이용계획에 부합되고, 주변지역의 교통량과 도로용량 등 주변간선 교통체계와 연계된 가로망 계획이 수립되어야 한다.",모름,pending
TITM-001103,TOBL-00187,UNIT-0393160,a901/s0-4-14-3,공원ㆍ녹지축,규칙,125,공원ㆍ녹지축은 주변에 입지한 기존 도시계획공원 및 녹지공간등과 연계될 수 있도록 계획하여야 한다. 4-14-4. 도시전체에 대한 도시관리 체계를 수립함으로써 자원절약적인 에너지 및 폐기물처리계획 등이 구축될 수 있도록 한다.,모름,pending
TITM-001104,TOBL-00187,UNIT-0393160,a901/s0-4-15-4,시설의 종류 및 규모의 계획,규칙,120,"시설의 종류 및 규모의 계획은 개발 이후 총 거주세대 뿐 아니라 유입인구 등을 고려해야 하며, 시설에 대한 사용자들의 인식과 접근성, 주 이용자의 특성 등을 고려하여 시설의 적정배분 및 입지 계획을 포함하도록 한다.",모름,pending
TITM-001105,TOBL-00187,UNIT-0393160,a901/s0-4-15-11,주민의 정서함양,규칙,332,"주민의 정서함양과 건강 및 여가선용을 위하여 또는 시ㆍ군의 문화성을 향상시키기 위하여 인구계획에 따라 시민회관ㆍ생활과학관ㆍ극장ㆍ체육관ㆍ운동장 등에 관한 배치계획을 수립한다. 4-15-12. 도서관은 지역의 특성과 기능에 따라 적절한 계열화를 도모할 수 있도록 배치하되, 규모가 큰 도서관 또는 본관은 도심부에 배치하여 이용자의 접근이 용이하고 그 위치가 쉽게 확인될 수 있는 장소에 도시ㆍ군관리계획으로 배치하여야 하며, 규모가 작은 도서관 또는 분관은 대부분의 이용자가 도보로 접근할 수 있도록 근린주구(近隣住區) 또는 지역단위로 배치한다. 제16절 건폐율, 용적률 등에 관한 건축물의 밀도계획",모름,pending
TITM-001106,TOBL-00187,UNIT-0393160,a901/s0-4-17-1,정비예정구역 및 인근의 역사적 유물 및 전통적 건축물에,규칙,123,"정비예정구역 및 인근의 역사적 유물 및 전통적 건축물에 대하여 보존 및 정비사업과 관련한 활용계획을 세워야 하며, 이를 위해서는 정비예정구역 및 인근의 역사적 유물 및 전통적 건축물에 대한 충실한 조사가 선행되어야 한다.",모름,pending
TITM-001107,TOBL-00188,UNIT-0393160,a901/s0-5-3-1,특별시장ㆍ광역시장ㆍ특별자치시장ㆍ특별자치도지사 또는 시장,규칙,454,"특별시장ㆍ광역시장ㆍ특별자치시장ㆍ특별자치도지사 또는 시장은 입안된 기본계획(안)을 14일 이상 주민에게 공람하고, 지방의회의 의견을 들은 후(이 경우 지방의회는 특별시장ㆍ광역시장ㆍ특별자치시장ㆍ특별자치도지사 또는 시장이 기본계획을 통지한 날부터 60일 이내에 의견을 제시하여야 하며, 의견제시 없이 60일이 도과한 경우 이의가 없는 것으로 본다) 지방 도시계획위원회의 심의(대도시의 시장이 아닌 시장이 기본계획을 수립 또는 변경하는 경우에는 제외한다)를 거친다. 5-3-2. 대도시의 시장이 아닌 시장은 기본계획을 수립 또는 변경하려면 도지사의 승인을 얻어야 하며, 도지사가 이를 승인함에 있어서는 지방도시계획위원회의 심의를 거쳐야 한다. 다만, 영 제6조제4항에 해당하는 기본계획의 경미한 변경사항은 법 제6조제1항 및 제2항에 따른 주민공람과 지방의회의 의견청취 절차 및 도지사의 승인을 거치지 아니할 수 있다.",Y(후보),pending
TITM-001108,TOBL-00188,UNIT-0393160,a901/s0-5-3-4,심의 전 관계행정기관 협의,생성,194,"특별시장ㆍ광역시장ㆍ특별자치시장ㆍ특별자치도지사ㆍ도지사 또는 시장(대도시의 시장이 아닌 시장은 제외한다)은 지방도시계획위원회의 심의를 거치기 전에 관계행정기관의 장과 협의를 거쳐야 한다. 5-3-5. 도지사는 지방도시계획위원회의 심의와 관계행정기관의 장과의 협의를 통하여 대도시의 시장이 아닌 시장이 신청한 기본계획을 수정, 보완하여 승인할 수 있다.",Y(후보),pending
TITM-001109,TOBL-00188,UNIT-0393160,a901/s0-5-3-6,특별시장ㆍ광역시장ㆍ특별자치시장ㆍ특별자치도지사 또는 시장,규칙,100,특별시장ㆍ광역시장ㆍ특별자치시장ㆍ특별자치도지사 또는 시장은 기본계획이 수립된 때에는 기본계획의 요지 및 열람장소를 포함하여 이를 지체없이 해당 지방자치단체의 공보에 고시하여야 한다.,Y(후보),pending
TITM-001110,TOBL-00188,UNIT-0393160,a901/s0-5-3-6~2,의 고시문,규칙,65,의 고시문과 기본계획 책자 및 기초자료 조사집 각 2부를 첨부하여 국토교통부장관에게 보고하여야 한다. 제6장 행정사항,Y(후보),pending
TITM-001111,TOBL-00189,UNIT-0393160,a901/s0-6-1,재검토기한,생성,138,(재검토기한) 국토교통부장관은 「훈령ㆍ예규 등의 발령 및 관리에 관한 규정」에 따라 이 훈령에 대하여 2018년 7월 1일 기준으로 매3년이 되는 시점(매 3년째의 6월 30일까지를 말한다)마다 그 타당성을 검토하여 개선 등의 조치를 하여야 한다.,모름,pending
TITM-001112,TOBL-00190,UNIT-0393183,a901/s0-2-1,시장ㆍ군수등,규칙,204,"시장ㆍ군수등은 법 제12조제2항 각 호에 따른 재건축진단의 실시 요청이 있는 때에는 「도시 및 주거환경정비법 시행령」(이하 ""영""이라 한다) 제10조제1항에 따라 요청일로부터 30일 이내에 재건축진단의 실시계획을 요청한 자에게 통보하여야 한다. 이 경우 재건축진단의 실시계획에는 재건축진단의 진행절차, 평가기준, 재건축진단의 개략적인 소요기간 등을 포함하여야 한다.",Y(후보),pending
TITM-001113,TOBL-00190,UNIT-0393183,a901/s0-2-2,시장ㆍ군수등,규칙,223,"시장ㆍ군수등은 법 제12조제2항 각 호에 따라 재건축진단의 실시를 요청한 자에게 재건축진단의 실시계획을 통보한 후 영 제10조제4항에 따른 재건축진단기관에 재건축진단을 의뢰하여야 한다. 다만, 단계별 정비사업추진계획 등의 사유로 재건축사업의 시기를 조정할 필요가 있다고 인정되어 재건축진단의 실시 시기를 조정(법 제16조에 따른 정비구역의 지정ㆍ고시 이전에만 해당한다)하는 경우는 그러하지 아니하다.",Y(후보),pending
TITM-001114,TOBL-00191,UNIT-0393183,a901/s0-3-2-3-2,조사 동수의 기준,규칙,89,"조사 동수의 기준은 다음 표의 기준 이상으로 하여야 한다. 다만, 50세대 이하인 연립주택 또는 다세대 주택인 경우에는 최소 조사 동수의 1/2로 할 수 있다.",Y(후보),pending
TITM-001115,TOBL-00191,UNIT-0393183,a901/s0-3-7-1,최종 성능점수 가중치,생성,228,"주거환경중심 평가 재건축진단의 경우 주거환경, 건축마감 및 설비노후도, 구조안전성, 비용분석 점수에 다음 표의 가중치를 곱하여 최종 성능점수를 구한다. 다만, 법 제12조제2항 각 호에 따라 재건축진단의 실시를 요청한 자는 시장ㆍ군수등에게 주거환경의 가중치를 0.3으로 하고, 비용분석의 가중치를 0.1로 하여 최종 성능점수를 구하도록 요청할 수 있다. 이 경우 요청을 받은 시장ㆍ군수등은 이에 따라야 한다.",Y(후보),pending
TITM-001116,TOBL-00191,UNIT-0393183,a901/s0-3-8-2,법 제12조제2항 각 호에 따라 재건축진단의 실시,규칙,210,"법 제12조제2항 각 호에 따라 재건축진단의 실시를 요청한 자가 3-8-1에 따라 재건축진단 결과보고서를 다시 활용하려는 경우에는 주거환경, 건축마감 및 설비노후도, 구조안전성 분야 중에서 다시 활용하려는 분야(각 분야의 평가부문, 평가항목 등을 포함한다)를 정하여 시장ㆍ군수등에게 요청할 수 있다. 이 경우 요청을 받은 시장ㆍ군수등은 그 요청에 따라야 한다. 제4장 행정사항",Y(후보),pending
TITM-001117,TOBL-00192,UNIT-0393183,a901/s0-4-1,국토교통부장관,규칙,132,국토교통부장관은 이 고시에 대하여 「훈령ㆍ예규 등의 발령 및 관리에 관한 규정」에 따라 2023년 1월 1일 기준으로 매 3년이 되는 시점(매 3년째의 12월 31일까지를 말한다)마다 그 타당성을 검토하여 개선 등의 조치를 하여야 한다.,Y(후보),pending
TITM-001118,TOBL-00193,UNIT-0395548,a901/p3/n3/s0-3-10-4-1,진드기 유충에 물린 부위에 나타나,규칙,134,"진드기 유충에 물린 부위에 나타나는 가피(eschar) 형성이 특징적임. 주요 가피 발견 신체부위는 피부가 겹치고 습한 곳으로, 가슴, 겨드랑이, 복부, 종아리 등임 - 의사환자는 임상증상 중 가피(eschar) 형성이 반드시 확인되어야 함",모름,pending
TITM-001119,TOBL-00194,UNIT-0395549,a901/p3/n3/mga/s0-3-26-2-4,지카바이러스 감염증 발생국가,규칙,127,지카바이러스 감염증 발생국가에서 수혈력이 있는 경우 * 선천성 지카바이러스감염증의 경우 산모의 역학적 연관성이 고려되어야 함 - 병원체보유자 : 임상증상은 없으나 확인 진단을 위한 검사기준에 따라 감염병병원체 감염이 확인된 사람,모름,pending
TITM-001120,TOBL-00195,UNIT-0397132,a901/p8/s0-2~2,고법 규칙 별표,규칙,936,"고법 규칙 별표 5 제1호나목2)라)에 따라 수소 품질검사를 실시하여야 하는 경우에는 검사 주기를 주 1회 이상으로 할 수 있다. 제2-13조(점검기준) 제조식 수소연료 충전시설의 점검기준은 고법 규칙 별표 5 제1호나목3), 저장식 수소연료 충전시설의 점검기준은 고법 규칙 별표 5 제2호나목4), 고정식 압축도시가스 자동차 충전시설의 점검기준은 도법 규칙 별표 6의2 제1호나목3), 액화도시가스 자동차 충전시설의 점검기준은 별표 6의2 제4호나목3)의 기준에 따른다. 제2-14조(수리 및 청소기준) 제조식 수소연료 충전시설의 수리 및 청소기준은 고법 규칙 별표 5 제1호나목4), 저장식 수소연료 충전시설의 수리 및 청소기준은 고법 규칙 별표 5 제2호나목4), 고정식 압축도시가스 자동차 충전시설의 수리 및 청소기준은 도법 규칙 별표 6의2 제1호나목4), 액화도시가스 자동차 충전시설의 수리 및 청소기준은 별표 6의2 제4호나목4)의 기준에 따른다. 제2-15조(그 밖의 기준) 제조식 수소연료 충전시설 기술기준에 관한 그 외의 기준은 고법 규칙 별표 5 제1호나목5), 저장식 수소연료 충전시설 기술기준에 관한 그 외의 기준은 고법 규칙 별표 5 제2호나목4), 고정식 압축도시가스 자동차 충전시설의 저장탱크에 대하여는 도법 규칙 별표 6의2 제1호나목5)의 기준에 따른다. 제3절 수소연료 충전시설, 압축도시가스, 액화도시가스 및 전기 자동차 융ㆍ복합충전소의 검사기준 제2-16조(검사기준) 수소연료 충전시설, 압축도시가스, 액화도시가스 및 전기 자동차 융ㆍ복합충전소의 검사는 제2-1조부터 제2-15조까지의 기준에 적합하게 시설이 설치 또는 유지ㆍ관리되고 있는지 확인하는 것으로 한다. 제3장 수소연료 충전시설, 액화석유가스 및 전기 자동차 융ㆍ복합충전소 제1절 수소연료 충전시설, 액화석유가스 및 전기 자동차 융ㆍ복합충전소의 시설기준 제3-1조(배치기준)",모름,pending
TITM-001121,TOBL-00195,UNIT-0397132,a901/p8/s0-2~5,고법 규칙 별표,규칙,1109,"고법 규칙 별표 5 제1호나목2)라)에 따라 수소 품질검사를 실시하여야 하는 경우에는 검사 주기를 주 1회 이상으로 할 수 있다. 제3-13조(점검기준) 제조식 수소연료 충전시설의 점검기준은 고법 규칙 별표 5 제1호나목3), 저장식 수소연료 충전시설의 점검기준은 고법 규칙 별표 5 제2호나목4), 액화석유가스 자동차에 고정된 용기 충전시설의 점검기준은 액법 규칙 별표 4 제2호나목3)의 기준에 따른다. 제3-14조(수리 및 청소기준) 제조식 수소연료 충전시설의 수리 및 청소기준은 고법 규칙 별표 5 제1호나목4), 저장식 수소연료 충전시설의 수리 및 청소기준은 고법 규칙 별표 5 제2호나목4), 액화석유가스 자동차에 고정된 용기 충전시설의 수리 및 청소기준은 액법 규칙 별표 4 제2호나목3)의 기준에 따른다. 제3-15조(그 밖의 기준) 제조식 수소연료 충전시설 기술기준에 관한 그 외의 기준은 고법 규칙 별표 5 제1호나목5), 저장식 수소연료 충전시설 기술기준에 관한 그 외의 기준은 고법 규칙 별표 5 제2호나목4), 액화석유가스 자동차에 고정된 용기 충전시설 기술기준에 관한 그 외의 기준은 액법 규칙 별표 4 제2호나목2)ㆍ3)의 기준에 따른다. 제3절 수소, 액화석유가스 및 전기 자동차 융ㆍ복합충전소의 검사기준 제3-16조(검사기준) 수소, 액화석유가스 및 전기 자동차 융ㆍ복합충전소의 검사는 제3-1조부터 제3-15조까지의 기준에 적합하게 시설이 설치 또는 유지ㆍ관리되고 있는지 확인하는 것으로 한다. 제4절 수소연료 충전시설, 액화석유가스 및 전기 자동차 융합충전소의 정밀안전진단 및 안전성평가 기준 제3-17조(정밀안전진단 및 안전성평가 항목) 액화석유가스 자동차에 고정된 용기 충전시설의 정밀안전진단 및 안전성평가 항목은 액법 규칙 별표 4 제2호라목1)의 기준에 따른다. 제3-18조(정밀안전진단 및 안전성평가 방법) 액화석유가스 자동차에 고정된 용기 충전시설의 정밀안전진단 및 안전성평가 방법은 액법 규칙 별표 4 제2호라목2)의 기준에 따른다. 제4장 수소연료 충전시설 및 전기자동차 충전소와 액화석유가스 충전소의 융ㆍ복합 충전소 제1절 수소연료 충전시설 및 전기자동차 충전소와 액화석유가스 충전소의 융ㆍ복합 충전소 시설기준 제4-1조(배치기준)",모름,pending
TITM-001122,TOBL-00196,UNIT-0397137,a901/p5/n2/s0-2,고법 규칙 별표,규칙,671,"고법 규칙 별표 5 제1호나목2)라)에 따라 수소 품질검사를 실시하여야 하는 경우에는 검사 주기를 주 1회 이상으로 할 수 있다. 제5-13조(점검기준) 제조식 수소연료 충전시설의 점검기준은 고법 규칙 별표 5 제1호나목3), 저장식 수소연료 충전시설의 충전기준은 고법 규칙 별표 5 제2호나목4)의 기준에 따른다. 제5-14조(수리 및 청소기준) 제조식 수소연료 충전시설의 수리 및 청소기준은 고법 규칙 별표 5 제1호나목4), 저장식 수소연료 충전시설의 수리 및 청소기준은 고법 규칙 별표 5 제2호나목4)의 기준에 따른다. 제5-15조(그 밖의 기준) 제조식 수소연료 충전시설 기술기준에 관한 그 외의 기준은 고법 규칙 별표 5 제1호나목5), 저장식 수소연료 충전시설 기술기준에 관한 그 외의 기준은 고법 규칙 별표 5 제2호나목4)의 기준에 따른다. 제3절 수소연료 충전시설, 유류 및 전기 자동차 융ㆍ복합충전소의 검사기준 제5-16조(검사기준) 수소, 유류 및 전기 자동차 융ㆍ복합충전소의 검사는 제5-1조부터 제5-15조까지의 기준에 적합하게 시설이 설치 또는 유지ㆍ관리되고 있는지 확인하는 것으로 한다. 제6장 압축도시가스, 액화도시가스, 액화석유가스 및 전기 자동차 복합충전소 제1절 압축도시가스, 액화도시가스, 액화석유가스 및 전기 자동차 복합충전소의 시설기준 제6-1조(배치기준)",모름,pending
TITM-001123,TOBL-00197,UNIT-0397144,a901/p2/n4/s0,과류방지장치 작동 유량,생성,99,4. 저장설비 및 압축가스설비의 출구 측에 설치하는 과류방지장치는 그 과류방지장치 후단의 모든 충전설비를 동시에 사용하여 충전하는 유량의 3배 이상에서 확실하게 작동하는 것일 것,모름,pending
TITM-001124,TOBL-00198,UNIT-0397144,a901/p2/n4/s0-3-1,자동,규칙,116,"자동으로 차단하는 조치는 긴급차단장치로 할 것. 다만, 압축수소의 이입배관의 경우에는 둘 이상의 차단조치 중 하나를 체크밸브로 할 수 있다. 또한 액화수소의 이입배관에 대한 차단조치는 체크밸브로 할 수 있다.",모름,pending
TITM-001125,TOBL-00199,UNIT-0397144,a901/p2/n4/s0-4-1,열작동식 안전밸브,규칙,71,"열작동식 안전밸브는 압축가스설비의 길이방향 1.65m 당 1개를 설치하며, 그 설치 위치는 압축가스설비에서 가장 가까운 곳일 것",모름,pending
TITM-001126,TOBL-00199,UNIT-0397144,a901/p2/n4/s0-4-2,열작동식 안전밸브의 작동온도,규칙,27,열작동식 안전밸브의 작동온도는 110℃ 이하일 것,모름,pending
TITM-001127,TOBL-00199,UNIT-0397144,a901/p2/n4/s0-4-3,압축가스설비,규칙,130,"압축가스설비와 열작동식 안전밸브 사이에 설치하는 배관, 관이음쇠, 이음쇠 패킹 등은 해당 안전밸브의 작동온도를 초과하는 온도에서 내열성을 가지고, 화재 등의 발생시에 안전하게 압축가스설비 내부의 수소를 방출할 수 있는 유량을 가질 것",모름,pending
TITM-001128,TOBL-00199,UNIT-0397144,a901/p2/n4/s0-4-1~2,자동,규칙,72,"자동으로 차단하는 조치는 긴급차단장치로 할 것. 다만, 압축수소 및 액화수소의 이입배관에 대한 차단조치는 체크밸브로 할 수 있다.",모름,pending
TITM-001129,TOBL-00199,UNIT-0397144,a901/p2/n4/s0-4-2~2,긴급차단장치 및 체크밸브,규칙,350,긴급차단장치 및 체크밸브는 저장설비 및 압축가스설비의 밸브 후단의 압축가스설비에서 최대한 가까운 위치에 설치할 것 제9-2조(기술기준) 소규모 충전시설의 기술기준은 제8-10조부터 제8-13조까지의 기준에 따른다. 제9-3조(검사기준) 소규모 충전시설의 검사는 제9-1조 및 제9-2조의 기준에 적합하게 시설이 설치 또는 유지ㆍ관리되고 있는지 확인하는 것으로 한다. 제10장 규제의 존속기한 및 재검토기한 설정 기준 제10조(재검토기한) 산업통상자원부장관은 이 고시에 대하여 2020년 7월 1일 기준으로 매 3년이 되는 시점(매 3년째의 12월 31일까지를 말한다) 마다 그 타당성을 검토하여 개선 등의 조치를 하여야 한다.,모름,pending
TITM-001130,TOBL-00200,UNIT-0397144,a901/p2/n4/s0-5,고법 규칙 별표,규칙,197,"고법 규칙 별표 5 제1호가목6)가)에 따라 설치하는 과압안전장치 및 제4항에 따라 설치하는 열작동식 안전밸브의 방출관 방출구는 충전시설의 상부 또는 인접한 건축물(당해 건축물이 화기를 취급하는 시설인 경우에는 방출관에서 8m 이내, 그 외의 경우에는 5m 이내의 것을 말한다)의 높이 이상이어야 하며, 주위에 점화원 등이 없는 안전한 위치에 설치한다.",모름,pending
TITM-001131,TOBL-00201,UNIT-0413505,a901/s0-1-6-1,설계자,규칙,51,설계자는 시설물의 내진등급별 요구 내진성능수준을 만족하도록 품질보증요건을 문서화하여야 한다.,Y(후보),pending
TITM-001132,TOBL-00201,UNIT-0413505,a901/s0-1-6-2-1,설계자,규칙,49,"설계자는 규정된 내진설계항목을 숙지하고, 요구내진성능 이상을 확보하도록 설계하여야 한다.",Y(후보),pending
TITM-001133,TOBL-00201,UNIT-0413505,a901/s0-1-6-2-2,시공자,규칙,34,시공자는 품질보증계획에 의해 검사 및 시험을 수행하여야 한다.,Y(후보),pending
TITM-001134,TOBL-00201,UNIT-0413505,a901/s0-1-6-3,유지관리,규칙,57,유지관리 (1) 시설물 관리주체는 시설물 사용기간 중에도 내진성능을 유지할 수 있도록 관리하여야 한다.,Y(후보),pending
TITM-001135,TOBL-00202,UNIT-0413515,a901/p7/s0-4-1-4-4,시설물별로 보다 강화된 내진성능목표가 필요한 경우에,규칙,67,시설물별로 보다 강화된 내진성능목표가 필요한 경우에는 표 4.1-1에 규정된 최소 내진성능목표 이상으로 설계하여야 한다.,Y(후보),pending
TITM-001136,TOBL-00202,UNIT-0413515,a901/p7/s0-4-2-1-4-1-4,그림,규칙,146,"그림 4.2-1 및 그림 4.2-2에서 유효수평지반가속도( )는 지진하중을 산정하기 위한 지반운동수준으로 국가지진위험지도 또는 행정구역에 따라 결정한다. 다만, 국가지진위험지도를 이용하여 결정하는 경우, 행정구역에 따라 결정한 값의 80%보다 작지 않아야 한다.",Y(후보),pending
TITM-001137,TOBL-00202,UNIT-0413515,a901/p7/s0-4-2-1-4-1-3,에서 규정한 표준설계응답스펙트럼,규칙,33,에서 규정한 표준설계응답스펙트럼과 일관성을 유지하여야 한다.,Y(후보),pending
TITM-001138,TOBL-00202,UNIT-0413515,a901/p7/s0-4-2-1-4-2~3,3차원 해석 지반운동 성분,생성,62,3차원 해석이 필요할 때 지반운동은 동시에 작용하는 3개의 성분(수평 2축운동과 수직운동)으로 구성하여야 한다.,Y(후보),pending
TITM-001139,TOBL-00202,UNIT-0413515,a901/p7/s0-4-2-1-4-5,지반응답해석,규칙,135,지반응답해석으로 계산된 S2 ~ S6 지반의 설계지반운동의 가속도 시간이력의 평균 응답스펙트럼은 4.2.1.4(3)에 따라 결정된 가속도표준설계응답스펙트럼의 부터 주기 영역에서 80% 이상이어야 한다. (9) 실지진기록 활용 지반운동 시간이력,Y(후보),pending
TITM-001140,TOBL-00202,UNIT-0413515,a901/p7/s0-4-2-1-4-2~4,실지진 기록,규칙,98,"실지진 기록은 관측소 하부지반이 S1 지반 혹은 이에 준하는 보통암 지반에서 계측된 지진기록 이어야 하며, 목표하는 설계지진과 유사한 지진규모특성에 부합하도록 선정하여야 한다.",Y(후보),pending
TITM-001141,TOBL-00202,UNIT-0413515,a901/p7/s0-4-2-1-4-4~3,다수의 입력 지진기록 가속도시간이력으로부터 계산된,규칙,152,다수의 입력 지진기록 가속도시간이력으로부터 계산된 5% 감쇠비 응답스펙트럼의 평균은 부터 주기 영역에서 표준설계응답스펙트럼의 90% 이상이어야 한다. 또한 지진기록의 평균 최대지반가속도는 유효수평지반가속도(S)의 90% 이상이어야 한다. (10) 인공합성 지반운동 시간이력,Y(후보),pending
TITM-001142,TOBL-00202,UNIT-0413515,a901/p7/s0-4-2-1-4-2~5,지반운동의 장주기 성분이 구조물의 거동에 미치,규칙,409,"지반운동의 장주기 성분이 구조물의 거동에 미치는 영향이 중요하다고 판단될 경우에는 지진원의 특성과 국지적인 영향을 고려하여 시간이력을 생성하여야 한다. ③ 시간이력의 차단진동수는 최소 50Hz 이상이어야 한다. ④ 인공합성 지반운동의 지속시간은 지진의 규모와 특성, 전파경로 및 부지의 국지적인 조건이 미치는 영향을 고려하여야 하며, 지진규모에 따른 구간선형 포락함수의 형상과 지속시간은 그림 4.2-3 및 표 4.2-9와 같다. 이 때 강진동지속시간( )의 한쪽 파워스펙트럼밀도는 식(4.2-3)과 같이 구할 수 있다. 여기서, 는 강진동지속시간 구간에 해당되는 가속도시간이력의 푸리에진폭이다. 그림 4.2-3 가속도시간이력의 구간선형 포락함수 표 4.2-9 가속도시간이력 구간선형 포락함수에 대한 지진규모별 지속시간(단위: 초)",Y(후보),pending
TITM-001143,TOBL-00202,UNIT-0413515,a901/p7/s0-4-2-1-4-6,다수의 인공합성가속도시간이력으로부터 계산된,규칙,128,다수의 인공합성가속도시간이력으로부터 계산된 5% 감쇠비 응답스펙트럼의 평균은 부터 주기 영역에서 표준설계응답스펙트럼의 90% 이상이어야 한다. 또한 시간이력의 평균 최대지반가속도는 유효수평지반가속도( )의 90% 이상이어야 한다.,Y(후보),pending
TITM-001144,TOBL-00202,UNIT-0413515,a901/p7/s0-4-2-1-4-7,다수의 인공합성가속도시간이력으로부터 계산된,규칙,79,다수의 인공합성가속도시간이력으로부터 계산된 5% 감쇠비 응답스펙트럼의 평균은 부터 주기 영역에서 표준설계응답스펙트럼의 130% 이하여야 한다.,Y(후보),pending
TITM-001145,TOBL-00203,UNIT-0413516,a901/p8/s0,상관계수 및 지반운동 공간적 변화,생성,121,⑧ 어떤 두 개의 가속도시간이력 간의 상관계수는 0.16을 초과할 수 없다. (11) 지반운동의 공간적 변화 특성 고려 ① 해석 시 지반운동의 공간적 변화 특성이 응답에 큰 영향을 주는 경우에는 이를 반영하여야 한다.,Y(후보),pending
TITM-001146,TOBL-00204,UNIT-0413516,a901/p8/s0-4-2-2,지진해일,규칙,85,지진해일 (1) 해안지역에 위치한 시설물은 지진해일로 인한 추가적인 파력 작용 및 수위 상승이 있을 수 있으므로 설계 시 이러한 사항을 반영하여야 한다.,Y(후보),pending
TITM-001147,TOBL-00204,UNIT-0413516,a901/p8/s0-4-3-1-1-2,각 시설물의 특성 및 중요도,규칙,101,"각 시설물의 특성 및 중요도를 고려하여 목표로 하는 내진성능수준을 만족하도록 각 시설물은 충분한 강도 및 연성을 갖도록 설계하여야 하며, 필요에 따라 지진보호장치를 적용할 수 있다.",Y(후보),pending
TITM-001148,TOBL-00204,UNIT-0413516,a901/p8/s0-4-3-3-2,내진성능수준,규칙,76,"내진성능수준은 시설물의 특성을 반영하여 구체적으로 정의되어야 하며, 이에 부합되는 설계거동한계가 정량적 또는 정성적으로 정의되어야 한다.",Y(후보),pending
TITM-001149,TOBL-00204,UNIT-0413516,a901/p8/s0-4-3-5-3,즉시복구수준 및 장기복구/인명보호수준,규칙,87,즉시복구수준 및 장기복구/인명보호수준은 구조물의 붕괴까지 연성거동능력 또는 붕괴까지 충분한 여유가 전제되어야 하며 그렇지 않은 경우 붕괴방지수준을 선택한다.,Y(후보),pending
TITM-001150,TOBL-00204,UNIT-0413516,a901/p8/s0-4-3-6-1-2,설계거동한계,규칙,73,"설계거동한계는 내진성능수준별로 정량적 또는 정성적으로 구체화 하여야 하며, 기술적 구현이 가능하도록 공학적 의미가 부여되어야 한다.",Y(후보),pending
TITM-001151,TOBL-00204,UNIT-0413516,a901/p8/s0-4-3-6-1-3,다른 내진설계기준 인용 시 검토,생성,65,해당 시설물의 내진설계기준이 아닌 다른 시설물의 내진설계기준을 인용하는 경우 설계거동한계가 적절한지 검토하여야 한다.,Y(후보),pending
TITM-001152,TOBL-00204,UNIT-0413516,a901/p8/s0-4-3-6-2-1,구체적인 절차에 따라 신뢰성 있게 보수적,규칙,72,구체적인 절차에 따라 신뢰성 있게 보수적으로 요구 내진성능수준을 확보할 수 있는 설계법 또는 내진성능검증법 등이 제시되어야 한다.,Y(후보),pending
TITM-001153,TOBL-00204,UNIT-0413516,a901/p8/s0-4-3-6-2-2,신뢰성이 입증된 설계법,규칙,61,신뢰성이 입증된 설계법을 따르거나 정밀해석 또는 실험 등을 통해서 객관적으로 입증된 설계법을 적용하여야 한다.,Y(후보),pending
TITM-001154,TOBL-00204,UNIT-0413516,a901/p8/s0-4-3-6-2-3,소성거동,규칙,52,소성거동을 허용하는 경우 소요연성도 확보를 위한 구조시스템 및 내진상세 등이 제시되어야 한다.,Y(후보),pending
TITM-001155,TOBL-00204,UNIT-0413516,a901/p8/s0-4-3-7-2-1,지진해석법 적용,생성,51,"시설물의 지진거동특성, 요구 내진성능수준 등을 고려하여 적합한 지진해석법을 적용하여야 한다.",Y(후보),pending
TITM-001156,TOBL-00204,UNIT-0413516,a901/p8/s0-4-3-7-2-3,지반(,규칙,56,지반(또는 유체)-구조물(또는 시설물) 상호작용의 영향을 무시할 수 없는 경우 이를 고려하여야 한다.,Y(후보),pending
TITM-001157,TOBL-00204,UNIT-0413516,a901/p8/s0-4-4-2,성능기반 내진설계,규칙,38,성능기반 내진설계를 수행할 경우 그 절차 및 근거를 제시하여야 한다.,Y(후보),pending
TITM-001158,TOBL-00204,UNIT-0413516,a901/p8/s0-4-4-2~2,내진성능목표,규칙,66,내진성능목표 (1) 성능기반 내진설계를 위한 내진성능목표는 4.1.4(4)에 제시된 최소 내진성능목표 이상이어야 한다.,Y(후보),pending
TITM-001159,TOBL-00204,UNIT-0413516,a901/p8/s0-4-4-3-2,시설물의 형상 응답특성 등을 고려하여 해석방법,규칙,37,"시설물의 형상, 응답특성 등을 고려하여 해석방법을 선정하여야 한다.",Y(후보),pending
TITM-001160,TOBL-00204,UNIT-0413516,a901/p8/s0-4-5-1-1,지진격리장치,규칙,34,지진격리장치는 역학적 거동이 명확한 범위에서 사용하여야 한다.,Y(후보),pending
TITM-001161,TOBL-00204,UNIT-0413516,a901/p8/s0-4-5-1-2,지진 시의 반복적인 횡변위,규칙,41,지진 시의 반복적인 횡변위와 상하진동에 대하여 안정적으로 거동하여야 한다.,Y(후보),pending
TITM-001162,TOBL-00204,UNIT-0413516,a901/p8/s0-4-5-1-3,설계지진변위 범위,규칙,29,설계지진변위 범위에서 항상 복원력을 유지하여야 한다.,Y(후보),pending
TITM-001163,TOBL-00204,UNIT-0413516,a901/p8/s0-4-5-1-4-2,지진격리장치,규칙,125,"지진격리장치와 이를 적용한 구조물의 해석 및 설계를 위해서는 구조물의 사용기간 동안 지진격리장치의 물리적 특성의 열화, 오염, 환경노출, 재하속도, 온도 등에 의해서 발생하는 지진격리장치 재료상수의 변동성을 반영하여야 한다.",Y(후보),pending
TITM-001164,TOBL-00204,UNIT-0413516,a901/p8/s0-4-5-1-4-3,지진격리장치,규칙,77,"지진격리장치는 열화, 크리프, 피로, 주변 온도, 습기 등 지진격리장치의 성능을 저하시킬 수 있는 환경적 요인에 대해서도 대비하여야 한다.",Y(후보),pending
TITM-001165,TOBL-00204,UNIT-0413516,a901/p8/s0-4-5-1-4-4,지진격리 구조물,규칙,46,지진격리 구조물은 설계풍하중에 대하여 사용성에 유해한 변위가 발생하지 않아야 한다.,Y(후보),pending
TITM-001166,TOBL-00204,UNIT-0413516,a901/p8/s0-4-5-1-4-5,지진격리장치,규칙,55,지진격리장치는 구조물의 자중을 지지하는 다른 구조요소들과 동등한 수준의 내화성능을 확보하여야 한다.,Y(후보),pending
TITM-001167,TOBL-00204,UNIT-0413516,a901/p8/s0-4-5-1-4-6,지진격리장치,규칙,65,지진격리장치는 수평방향으로 최대 설계변위가 발생하였을 때에도 수직하중에 대한 안정성 및 수평복원력을 보유하여야 한다.,Y(후보),pending
TITM-001168,TOBL-00204,UNIT-0413516,a901/p8/s0-4-5-1-4-7,구조물 전체에 작용하,규칙,50,구조물 전체에 작용하는 수평하중에 의한 전도모멘트에 대해서 지진격리장치는 안전하여야 한다.,Y(후보),pending
TITM-001169,TOBL-00204,UNIT-0413516,a901/p8/s0-4-5-1-4-8,지진격리층,규칙,64,지진격리층에서 작용하는 지진력이 상부구조 바닥에 고르게 분포하도록 지진격리 상부층은 충분한 강성를 확보하여야 한다.,Y(후보),pending
TITM-001170,TOBL-00204,UNIT-0413516,a901/p8/s0-4-5-1-4-9,지진격리층,규칙,54,지진격리층을 통과하여 이어지는 설비와 요소는 최대 설계변위에 대해서도 그 기능을 유지하여야 한다.,Y(후보),pending
TITM-001171,TOBL-00204,UNIT-0413516,a901/p8/s0-4-5-1-2-1,지진격리장치의 해석모델에 적용되,규칙,70,지진격리장치의 해석모델에 적용되는 변수는 성능시험과 사용기간 동안의 물리적 특성에 대한 변동성을 고려한 값을 적용하여야 한다.,Y(후보),pending
TITM-001172,TOBL-00204,UNIT-0413516,a901/p8/s0-4-5-1-2-2,지진격리 구조물의 해석에,규칙,47,지진격리 구조물의 해석에는 지진격리장치의 비선형성을 반영한 해석법을 사용하여야 한다.,Y(후보),pending
TITM-001173,TOBL-00204,UNIT-0413516,a901/p8/s0-4-5-2-1,감쇠시스템,규칙,36,감쇠시스템은 구조물의 상시 안정성에 악영향을 미치지 않아야 한다.,Y(후보),pending
TITM-001174,TOBL-00204,UNIT-0413516,a901/p8/s0-4-5-2-2,역학적 거동이 명확한 범위,규칙,26,역학적 거동이 명확한 범위에서 사용하여야 한다.,Y(후보),pending
TITM-001175,TOBL-00204,UNIT-0413516,a901/p8/s0-4-5-2-3-2,감쇠시스템,규칙,50,감쇠시스템으로 인한 비틀림 거동을 방지하기 위해 대칭성을 고려하여 장치를 배치하여야 한다.,Y(후보),pending
TITM-001176,TOBL-00204,UNIT-0413516,a901/p8/s0-4-5-2-3-3,감쇠시스템,규칙,45,감쇠시스템은 지진 시에 그 감쇠성능이 발휘될 수 있도록 구조물에 설치하여야 한다.,Y(후보),pending
TITM-001177,TOBL-00204,UNIT-0413516,a901/p8/s0-4-5-2-2-1,감쇠시스템의 특성,규칙,70,"감쇠시스템의 특성은 진동수, 진폭, 지반운동 지속시간 등에 따라서 달라지며 이는 성능시험을 통해 검증된 값을 적용하여야 한다.",Y(후보),pending
TITM-001178,TOBL-00204,UNIT-0413516,a901/p8/s0-4-5-2-2-2,감쇠시스템이 설치된 구조물의 해석에,규칙,51,감쇠시스템이 설치된 구조물의 해석에는 감쇠장치의 비선형성을 반영한 해석법을 사용하여야 한다.,Y(후보),pending
TITM-001179,TOBL-00204,UNIT-0413516,a901/p8/s0-4-5-2-2-3,감쇠시스템의 역학적 특성이 이력,규칙,64,감쇠시스템의 역학적 특성이 이력과 온도에 따라 변화하는 경우에는 그 영향을 반영하거나 안전측으로 모델링하여야 한다.,Y(후보),pending
TITM-001180,TOBL-00204,UNIT-0413516,a901/p8/s0-4-5-3-1,충격전달장치,규칙,65,"충격전달장치는 지진 시 고정단에 집중되는 지진력을 주위의 이동단 구조부재에 고르게 분산되도록 설계, 시공하여야 한다.",Y(후보),pending
TITM-001181,TOBL-00204,UNIT-0413516,a901/p8/s0-4-7-3-2,N값,규칙,40,N값은 지층 내 평균값을 사용하지 않으며 측점별 평가를 실시하여야 한다.,Y(후보),pending
TITM-001182,TOBL-00204,UNIT-0413516,a901/p8/s0-4-7-4,고소성 점토거동 지반 액상화 평가,생성,422,"고소성의 점토거동 유형 지반: 소성지수(PI), 액성한계(LL), 현장함수비(wc)가 그림 4.7-1에서의 영역 C에 해당하는 지반(주의: 액상화 발생 가능성은 낮지만, 반복연화가 발생하여 급격한 강도저하 및 대변형이 예상되는 지반) (5)대상 시설물이 내진 특등급일 경우, 실트나 점토에서 액상화로 인한 피해 발생보다는 반복전단응력에 의한 반복연화로 지반의 동적변형이 크게 발생할 수 있으므로, 이를 비배수 반복삼축강도시험 또는 비배수 반복직접단순전단시험 등의 실내시험을 통해 검토해야 한다. (6) 본 평가에서 액상화 발생 가능성은 대상 지반에서 액상화에 저항하는 반복저항응력비(CRR)를 지진에 의해 발생되는 반복전단응력비(CSR)로 나눈 안전율로 평가하며 안전율 1.0이하를 액상화 발생으로 판정한다. 이때 액상화 평가 안전율 계산은 다음과 같다.",Y(후보),pending
TITM-001183,TOBL-00204,UNIT-0413516,a901/p8/s0-4-7-1~2,반복전단응력비(CSR),규칙,224,"반복전단응력비(CSR)는 지반응답해석을 수행하여 다음 식을 따라 결정한다. 여기서, 는 지반응답해석으로 얻어진 최대 전단응력이며, 는 반복전단응력비를 산정하는 깊이의 연직유효응력이다. 반복전단응력비는 지반응답해석으로부터 산정된 지표면 최대지반가속도와 응력감소계수를 이용하여 결정할 수도 있다. 단, 지표면 최대지반가속도는 기반암에서의 유효수평지반가속도와 단주기지반증폭계수의 곱보다 크거나 같아야 한다.",Y(후보),pending
TITM-001184,TOBL-00205,UNIT-0416858,a901/p7/s0-5-2,취입보 및 낙차공 취입보 및 낙차공의 유지·보수,규칙,545,"취입보 및 낙차공 취입보 및 낙차공의 유지·보수는 ‘소하천 유지·보수 추진지침’(2015. 행정안전부) 제6장 하상유지시설 및 보를 준용하여 시행한다. 제6장 농로 및 마을 진입로 6.1 일반 사항 포장도로의 유지보수는 포장의 기능이 저하되었을 경우 그 기능을 시공 당시의 상태로 회복시키기 위하여 통상적으로 실시하는 작업을 말하며 태풍, 지진, 산사태, 산불, 돌풍 또는 심한 교통 체증 등으로 인한 비규칙적인 보수도 유지보수에 포함되기도 한다. 또한 도로 폭 협소(교행불가) 및 선형불량(심한만곡, 시야 미확보)등과 같은 구조적 문제점과 농로입지에 따른 위험성을 조사하여 평가한다. 포장의 유지보수는 사용 중인 도로를 차단하고 수행하는 업무이므로, 운전자와 시공자의 안전을 위해서는 규정에 적합한 교통안전시설을 필요로 한다. 도로 공사장에서 사용되는 관련 교통 안전시설은 표지와 노면표시, 조명 시설, 방호 울타리와 충격 흡수시설, 작업보호 자동차, 휴대용 신호등 등이 있다. 관리자 및 시공자 측면에서 볼 때 교통안전시설의 구비조건은 설치와 관리가 쉬운 것이어야 한다.",Y(후보),pending
TITM-001185,TOBL-00206,UNIT-0416858,a901/p7/s0-6-4-1~4,붕괴징후가 관찰되거나 전문가에 의해 붕괴위험성이 높다고,규칙,164,"붕괴징후가 관찰되거나 전문가에 의해 붕괴위험성이 높다고 판단되는 경우 현장에 대해서는 위험구간의 시종점부에 위험경고판을 설치하고 사면에 대해서는 임시 안전조치를 취해야 한다. 먼저, 붕괴발생 가능부위에 대해서는 강우에 의한 자중 증가로 추가적인 활동력이 발생되지 않도록 비닐 포장막을 포설한다.",Y(후보),pending
TITM-001186,TOBL-00206,UNIT-0416858,a901/p7/s0-6-4-4~2,미끄럼방지포장,규칙,184,"미끄럼방지포장 - 과도한 골재의 이탈이나 결합재의 벗겨짐 등에 유의하여 관찰하며, 특히 적설 지대에서  제설 작업으로 인하여 미끄럼방지포장의 훼손이 발생하지 않도록 주의 깊게 관찰 - 일상 순회 점검이나 정기 점검 등으로 미끄럼방지포장이 손상된 곳을 발견했을 때는 즉각 보수하여, 항상 기능을 충분히 발휘할 수 있도록 해야 한다.",Y(후보),pending
TITM-001187,TOBL-00207,UNIT-0416858,a901/p7/s0-7-1,재검토기한,규칙,141,재검토기한 ○ 행정안전부장관은 「훈령·예규 등의 발령 및 관리에 관한 규정」에 따라 이 고시에 대하여 2020년 1월 1일을 기준으로 매3년이 되는 시점(매 3년째의 12월 31일까지를 말한다) 마다 그 타당성을 검토하여 개선 등의 조치를 하여야 한다.,Y(후보),pending
TITM-001188,TOBL-00208,UNIT-0696383,a901/n4/mna/s0-3-5,문장 부호 사용,생성,351,"문장 부호(구두점) 역시 한글 맞춤법에 따라 정확히 사용한다. 특히 반점(,)과 가운뎃점(ㆍ), 큰따옴표(""  "")와 작은따옴표(‘  ’)를 사용하는 경우, 오류가 없도록 특히 유의하여야 한다. - 반점은 같은 자격의 어구를 열거할 때, 단어를 짝지어 구별할 때 등에 사용하고, 가운뎃점은 반점으로 연결된 어구가 다시 여러 단위로 나누어질 때 같은 계열의 단어 사이에 쓴다. - 큰따옴표는 정의ㆍ약칭ㆍ총칭ㆍ준용ㆍ인용 등에 사용하고, 개정 사항의 인용 시에 사용한다. (예시1) ""정보""라 함은 공공기관이 직무상 … (예시2) 정보의 공개를 청구하는 자(이하 ""청구인""이라 한다) … (예시3) 하수도법 중 다음과 같이 개정한다.",모름,pending
TITM-001189,TOBL-00209,UNIT-0696383,a901/n4/mna/s0-2-1,문장,규칙,1530,"문장은 간결하면서도 문장 성분 간의 호응 관계를 지키고 조사와 어미를 기능에 맞게 사용하는 등 문법에 따라 짜임새가 반듯하고 이해하기 쉽도록 쓴다. - 주격 조사 ‘이/가’를 쓸 자리에 관형격 조사 ‘의’를 쓰거나, 부사격 조사 ‘에게’를 쓸 자리에 ‘에’를 쓰거나, ‘에’를 쓸 자리에 ‘에게’를 써서는 아니된다. (예시) 민법 제914조의 ‘자는 친권자의 지정한 장소에 거주하여야 한다.’에서 ‘친권자의’는 ‘친권자가’로, 민법 제111조제1항의 ‘상대방 있는 의사표시는 그 통지가 상대방에 도달한 때로부터 그 효력이 생긴다.’에서 ‘상대방에’는 ‘상대방에게’로 표현하는 것이 맞다. - 피동사와 능동사를 혼동하여서는 아니 된다. (예시) 민법 제998조의 ‘상속은 피상속인의 주소지에서 개시한다.’에서 ‘개시한다’는 목적어가 필요한 타동사이므로 목적어가 필요 없는 ‘개시된다’가 적절하다. - 지시대명사 ‘이것’을 불필요하게 남용하여서는 아니 된다. (예시) 민법 제29조제2항의 ‘실종선고의 취소가 있을 때에 실종의 선고를 직접원인으로 하여 재산을 취득한 자가 선의인 경우에는 그 받은 이익이 현존하는 한도에서 반환할 의무가 있고 악의인 경우에는 그 받은 이익에 이자를 붙여서 반환하고 손해가 있으면 이를 배상하여야 한다.’에서 ‘이를’은 군더더기 표현이므로 삭제하는 것이 맞다. - 접속조사 ‘와/과’, 접속어미 ‘ㆍㆍㆍ거나’, 접속부사 ‘및’, ‘또는’ 등은 문장에서 앞뒤 말을 대등한 자격으로 이어주는 기능어이므로 접속어가 이어주는 앞뒤 말은 문장 성분으로서의 지위가 대등하여야 한다. (예시) 민법 제201조제2항의 ‘악의의 점유자는 수취한 과실을 반환하여야 하며 소비하였거나 과실로 인하여 훼손 또는 수취하지 못한 경우에는 그 과실의 대가를 보상하여야 한다.’에서, ‘또는’의 앞에는 ‘훼손’이라는 명사가 왔고, 그 뒤에는 ‘수취하지’라는 동사가 왔다. ‘훼손’과 ‘수취하다’는 대등한 자격이 아니어서 문법적으로 문제가 있다. 그리고 부정의 범위가 ‘수취’에만 걸리는 것이 아니라 ‘훼손’에도 걸릴 가능성이 크므로 그러한 해석을 막기 위하여 ‘훼손하였거나 수취하지 못한’으로 표현하는 것이 맞다. - ‘또는’은 2개 이상의 사항을 나열할 때 사용하는 선택적 접속사이고, ‘및’은 2개 이상의 사항이 함께 필요한 경우에 사용하는 병합적 접속사이다. 3개 이상의 사항을 연결할 때는 마지막으로 연결되는 사항 앞에만 ‘또는’, ‘및’",모름,pending
TITM-001190,TOBL-00210,UNIT-0727723,a8/n2/mna/s0-6,구조 결정에 대한 화학적 자료(유도체화 등),규칙,744,"구조 결정에 대한 화학적 자료(유도체화 등)와 그 고찰 나) 중합체 등과 같이 주성분의 구조 조성이 명확하지 않은 원료의약품은 가능한 한 물리ㆍ화학적 성질에 관한 자료를 제출하고, 제조공정으로부터 균일한 조성 또는 역가를 가지는 의약품이 생산됨을 입증할 수 있는 자료 2) 물리ㆍ화학적 성질에 관한 자료 : 주성분의 물리ㆍ화학적 성질은 기준 및 시험방법의 시험항목 설정의 근거가 되는 자료를 제출하며 실측치에 대한 자료를 포함한다. 가) 성상 : 색, 형상, 냄새, 맛 등에 대한 자료 나) 용해도 : 용해도는 포화용액의 농도로부터 판정한 자료 다) 흡습성 라) 용액의 pH 마) 융점(분해유무 포함) 및 열분석치 바) 해리정수 사) 분배계수 및 분배비 : 옥탄올/물 계 등의 분배계수, 분배비는 pH영향을 포함한 자료 아) 결정다형 : 결정다형의 유무, 결정형간의 상호관계, 각 결정형의 물리적 성질 등에 관한 자료로서 원료의약품 및 재결정한 원료의약품에 대하여 적외부스펙트럼측정, 열분석, 분말 X선 회절 등의 자료 자) 선광도 : 선광성의 유무 및 선광성이 확인된 것은 측정 용매의 영향에 관한 자료 차) 이성체(광학이성체 등) : 원료의약품이 광학이성체 등 이성체의 혼합물인 경우에는 이성체의 분리ㆍ분석법에 관한 자료 및 이성체 비에 관한 자료 카) 성분프로파일 (1) 대표성을 갖는 성분의 분포 및 함량 등을 확인할 수 있어야 하며, 시험방법, 시험방법의 검증, 실측치 등 성분프로파일 설정 근거에 대한 자료를 포함한다.",모름,pending
TITM-001191,TOBL-00211,UNIT-0756486,a32/p4/s0-4~54,제1항에 따른 내구성시험 및 열화계수 산정방법,규칙,284,"제1항에 따른 내구성시험 및 열화계수 산정방법을 적용하지 않으려는 제작자는 아래 표와 같이 곱셈식의 지정 열화계수를 적용할 수 있다. 기 제작사가 제1항에 따라 내구시험을 실시할 때는 동일 내구원동기 그룹, 시험원동기선정, 시험시간, 운전 싸이클 구성, 배출가스 측정 시점 및 방법 등에 관한 내구시험 계획서를 별표 10호 및 별지 제14호 서식에 따라 작성하여 인증기관으로부터 승인을 받은 이후에 실시해야하고 내구시험 종료 후 측정결과 및 정비내역 등을 별지 제15호 서식에 따라 인증기관에 보고하여야한다.",N,pending
TITM-001192,TOBL-00211,UNIT-0756486,a32/p4/s0-4~55,제1항에 따른 내구성시험 및 열화계수 산정방법,규칙,277,"제1항에 따른 내구성시험 및 열화계수 산정방법을 적용하지 않으려는 제작자는 아래 표와 같이 곱셈식의 지정 열화계수를 적용할 수 있다. 제1항에 따라 내구시험을 실시할 때는 동일 내구원동기 그룹, 시험원동기선정, 시험시간, 운전 싸이클 구성, 배출가스 측정 시점 및 방법 등에 관한 내구시험 계획서를 별표 10호 및 별지 제14호 서식에 따라 작성하여 인증기관으로부터 승인을 받은 이후에 실시해야하고 내구시험 종료 후 측정결과 및 정비내역 등을 별지 제15호 서식에 따라 인증기관에 보고하여야한다.",N,pending
TITM-001193,TOBL-00211,UNIT-0756486,a32/p4/s0-4~56,제1항에 따른 내구성시험 및 열화계수 산정방법,규칙,272,"제1항에 따른 내구성시험 및 열화계수 산정방법을 적용하지 않으려는 제작자는 아래 표와 같이 곱셈식의 지정 열화계수를 적용할 수 있다. 따라 내구시험을 실시할 때는 동일 내구원동기 그룹, 시험원동기선정, 시험시간, 운전 싸이클 구성, 배출가스 측정 시점 및 방법 등에 관한 내구시험 계획서를 별표 10호 및 별지 제14호 서식에 따라 작성하여 인증기관으로부터 승인을 받은 이후에 실시해야하고 내구시험 종료 후 측정결과 및 정비내역 등을 별지 제15호 서식에 따라 인증기관에 보고하여야한다.",N,pending
TITM-001194,TOBL-00211,UNIT-0756486,a32/p4/s0-4~57,제1항에 따른 내구성시험 및 열화계수 산정방법,규칙,266,"제1항에 따른 내구성시험 및 열화계수 산정방법을 적용하지 않으려는 제작자는 아래 표와 같이 곱셈식의 지정 열화계수를 적용할 수 있다. 험을 실시할 때는 동일 내구원동기 그룹, 시험원동기선정, 시험시간, 운전 싸이클 구성, 배출가스 측정 시점 및 방법 등에 관한 내구시험 계획서를 별표 10호 및 별지 제14호 서식에 따라 작성하여 인증기관으로부터 승인을 받은 이후에 실시해야하고 내구시험 종료 후 측정결과 및 정비내역 등을 별지 제15호 서식에 따라 인증기관에 보고하여야한다.",N,pending
TITM-001195,TOBL-00211,UNIT-0756486,a32/p4/s0-4~58,제1항에 따른 내구성시험 및 열화계수 산정방법,규칙,259,"제1항에 따른 내구성시험 및 열화계수 산정방법을 적용하지 않으려는 제작자는 아래 표와 같이 곱셈식의 지정 열화계수를 적용할 수 있다. 때는 동일 내구원동기 그룹, 시험원동기선정, 시험시간, 운전 싸이클 구성, 배출가스 측정 시점 및 방법 등에 관한 내구시험 계획서를 별표 10호 및 별지 제14호 서식에 따라 작성하여 인증기관으로부터 승인을 받은 이후에 실시해야하고 내구시험 종료 후 측정결과 및 정비내역 등을 별지 제15호 서식에 따라 인증기관에 보고하여야한다.",N,pending
TITM-001196,TOBL-00211,UNIT-0756486,a32/p4/s0-4~59,제1항에 따른 내구성시험 및 열화계수 산정방법,규칙,253,"제1항에 따른 내구성시험 및 열화계수 산정방법을 적용하지 않으려는 제작자는 아래 표와 같이 곱셈식의 지정 열화계수를 적용할 수 있다. 내구원동기 그룹, 시험원동기선정, 시험시간, 운전 싸이클 구성, 배출가스 측정 시점 및 방법 등에 관한 내구시험 계획서를 별표 10호 및 별지 제14호 서식에 따라 작성하여 인증기관으로부터 승인을 받은 이후에 실시해야하고 내구시험 종료 후 측정결과 및 정비내역 등을 별지 제15호 서식에 따라 인증기관에 보고하여야한다.",N,pending
TITM-001197,TOBL-00211,UNIT-0756486,a32/p4/s0-4~60,제1항에 따른 내구성시험 및 열화계수 산정방법,규칙,247,"제1항에 따른 내구성시험 및 열화계수 산정방법을 적용하지 않으려는 제작자는 아래 표와 같이 곱셈식의 지정 열화계수를 적용할 수 있다. 그룹, 시험원동기선정, 시험시간, 운전 싸이클 구성, 배출가스 측정 시점 및 방법 등에 관한 내구시험 계획서를 별표 10호 및 별지 제14호 서식에 따라 작성하여 인증기관으로부터 승인을 받은 이후에 실시해야하고 내구시험 종료 후 측정결과 및 정비내역 등을 별지 제15호 서식에 따라 인증기관에 보고하여야한다.",N,pending
TITM-001198,TOBL-00211,UNIT-0756486,a32/p4/s0-4~61,제1항에 따른 내구성시험 및 열화계수 산정방법,규칙,242,"제1항에 따른 내구성시험 및 열화계수 산정방법을 적용하지 않으려는 제작자는 아래 표와 같이 곱셈식의 지정 열화계수를 적용할 수 있다. 험원동기선정, 시험시간, 운전 싸이클 구성, 배출가스 측정 시점 및 방법 등에 관한 내구시험 계획서를 별표 10호 및 별지 제14호 서식에 따라 작성하여 인증기관으로부터 승인을 받은 이후에 실시해야하고 내구시험 종료 후 측정결과 및 정비내역 등을 별지 제15호 서식에 따라 인증기관에 보고하여야한다.",N,pending
TITM-001199,TOBL-00211,UNIT-0756486,a32/p4/s0-4~62,제1항에 따른 내구성시험 및 열화계수 산정방법,규칙,236,"제1항에 따른 내구성시험 및 열화계수 산정방법을 적용하지 않으려는 제작자는 아래 표와 같이 곱셈식의 지정 열화계수를 적용할 수 있다. , 시험시간, 운전 싸이클 구성, 배출가스 측정 시점 및 방법 등에 관한 내구시험 계획서를 별표 10호 및 별지 제14호 서식에 따라 작성하여 인증기관으로부터 승인을 받은 이후에 실시해야하고 내구시험 종료 후 측정결과 및 정비내역 등을 별지 제15호 서식에 따라 인증기관에 보고하여야한다.",N,pending
TITM-001200,TOBL-00211,UNIT-0756486,a32/p4/s0-4~63,제1항에 따른 내구성시험 및 열화계수 산정방법,규칙,230,"제1항에 따른 내구성시험 및 열화계수 산정방법을 적용하지 않으려는 제작자는 아래 표와 같이 곱셈식의 지정 열화계수를 적용할 수 있다. , 운전 싸이클 구성, 배출가스 측정 시점 및 방법 등에 관한 내구시험 계획서를 별표 10호 및 별지 제14호 서식에 따라 작성하여 인증기관으로부터 승인을 받은 이후에 실시해야하고 내구시험 종료 후 측정결과 및 정비내역 등을 별지 제15호 서식에 따라 인증기관에 보고하여야한다.",N,pending
TITM-001201,TOBL-00211,UNIT-0756486,a32/p4/s0-4~64,제1항에 따른 내구성시험 및 열화계수 산정방법,규칙,224,"제1항에 따른 내구성시험 및 열화계수 산정방법을 적용하지 않으려는 제작자는 아래 표와 같이 곱셈식의 지정 열화계수를 적용할 수 있다. 이클 구성, 배출가스 측정 시점 및 방법 등에 관한 내구시험 계획서를 별표 10호 및 별지 제14호 서식에 따라 작성하여 인증기관으로부터 승인을 받은 이후에 실시해야하고 내구시험 종료 후 측정결과 및 정비내역 등을 별지 제15호 서식에 따라 인증기관에 보고하여야한다.",N,pending
TITM-001202,TOBL-00211,UNIT-0756486,a32/p4/s0-4~65,제1항에 따른 내구성시험 및 열화계수 산정방법,규칙,217,제1항에 따른 내구성시험 및 열화계수 산정방법을 적용하지 않으려는 제작자는 아래 표와 같이 곱셈식의 지정 열화계수를 적용할 수 있다. 배출가스 측정 시점 및 방법 등에 관한 내구시험 계획서를 별표 10호 및 별지 제14호 서식에 따라 작성하여 인증기관으로부터 승인을 받은 이후에 실시해야하고 내구시험 종료 후 측정결과 및 정비내역 등을 별지 제15호 서식에 따라 인증기관에 보고하여야한다.,N,pending
TITM-001203,TOBL-00211,UNIT-0756486,a32/p4/s0-4~66,제1항에 따른 내구성시험 및 열화계수 산정방법,규칙,212,제1항에 따른 내구성시험 및 열화계수 산정방법을 적용하지 않으려는 제작자는 아래 표와 같이 곱셈식의 지정 열화계수를 적용할 수 있다. 측정 시점 및 방법 등에 관한 내구시험 계획서를 별표 10호 및 별지 제14호 서식에 따라 작성하여 인증기관으로부터 승인을 받은 이후에 실시해야하고 내구시험 종료 후 측정결과 및 정비내역 등을 별지 제15호 서식에 따라 인증기관에 보고하여야한다.,N,pending
TITM-001204,TOBL-00211,UNIT-0756486,a32/p4/s0-4~67,제1항에 따른 내구성시험 및 열화계수 산정방법,규칙,206,제1항에 따른 내구성시험 및 열화계수 산정방법을 적용하지 않으려는 제작자는 아래 표와 같이 곱셈식의 지정 열화계수를 적용할 수 있다. 및 방법 등에 관한 내구시험 계획서를 별표 10호 및 별지 제14호 서식에 따라 작성하여 인증기관으로부터 승인을 받은 이후에 실시해야하고 내구시험 종료 후 측정결과 및 정비내역 등을 별지 제15호 서식에 따라 인증기관에 보고하여야한다.,N,pending
TITM-001205,TOBL-00211,UNIT-0756486,a32/p4/s0-4~68,제1항에 따른 내구성시험 및 열화계수 산정방법,규칙,200,제1항에 따른 내구성시험 및 열화계수 산정방법을 적용하지 않으려는 제작자는 아래 표와 같이 곱셈식의 지정 열화계수를 적용할 수 있다. 에 관한 내구시험 계획서를 별표 10호 및 별지 제14호 서식에 따라 작성하여 인증기관으로부터 승인을 받은 이후에 실시해야하고 내구시험 종료 후 측정결과 및 정비내역 등을 별지 제15호 서식에 따라 인증기관에 보고하여야한다.,N,pending
TITM-001206,TOBL-00211,UNIT-0756486,a32/p4/s0-4~69,제1항에 따른 내구성시험 및 열화계수 산정방법,규칙,194,제1항에 따른 내구성시험 및 열화계수 산정방법을 적용하지 않으려는 제작자는 아래 표와 같이 곱셈식의 지정 열화계수를 적용할 수 있다. 구시험 계획서를 별표 10호 및 별지 제14호 서식에 따라 작성하여 인증기관으로부터 승인을 받은 이후에 실시해야하고 내구시험 종료 후 측정결과 및 정비내역 등을 별지 제15호 서식에 따라 인증기관에 보고하여야한다.,N,pending
TITM-001207,TOBL-00211,UNIT-0756486,a32/p4/s0-4~70,제1항에 따른 내구성시험 및 열화계수 산정방법,규칙,188,제1항에 따른 내구성시험 및 열화계수 산정방법을 적용하지 않으려는 제작자는 아래 표와 같이 곱셈식의 지정 열화계수를 적용할 수 있다. 서를 별표 10호 및 별지 제14호 서식에 따라 작성하여 인증기관으로부터 승인을 받은 이후에 실시해야하고 내구시험 종료 후 측정결과 및 정비내역 등을 별지 제15호 서식에 따라 인증기관에 보고하여야한다.,N,pending
TITM-001208,TOBL-00211,UNIT-0756486,a32/p4/s0-4~71,제1항에 따른 내구성시험 및 열화계수 산정방법,규칙,182,제1항에 따른 내구성시험 및 열화계수 산정방법을 적용하지 않으려는 제작자는 아래 표와 같이 곱셈식의 지정 열화계수를 적용할 수 있다. 10호 및 별지 제14호 서식에 따라 작성하여 인증기관으로부터 승인을 받은 이후에 실시해야하고 내구시험 종료 후 측정결과 및 정비내역 등을 별지 제15호 서식에 따라 인증기관에 보고하여야한다.,N,pending
TITM-001209,TOBL-00211,UNIT-0756486,a32/p4/s0-4~72,제1항에 따른 내구성시험 및 열화계수 산정방법,규칙,176,제1항에 따른 내구성시험 및 열화계수 산정방법을 적용하지 않으려는 제작자는 아래 표와 같이 곱셈식의 지정 열화계수를 적용할 수 있다. 별지 제14호 서식에 따라 작성하여 인증기관으로부터 승인을 받은 이후에 실시해야하고 내구시험 종료 후 측정결과 및 정비내역 등을 별지 제15호 서식에 따라 인증기관에 보고하여야한다.,N,pending
TITM-001210,TOBL-00211,UNIT-0756486,a32/p4/s0-4~73,제1항에 따른 내구성시험 및 열화계수 산정방법,규칙,170,제1항에 따른 내구성시험 및 열화계수 산정방법을 적용하지 않으려는 제작자는 아래 표와 같이 곱셈식의 지정 열화계수를 적용할 수 있다. 호 서식에 따라 작성하여 인증기관으로부터 승인을 받은 이후에 실시해야하고 내구시험 종료 후 측정결과 및 정비내역 등을 별지 제15호 서식에 따라 인증기관에 보고하여야한다.,N,pending
TITM-001211,TOBL-00211,UNIT-0756486,a32/p4/s0-4~74,제1항에 따른 내구성시험 및 열화계수 산정방법,규칙,164,제1항에 따른 내구성시험 및 열화계수 산정방법을 적용하지 않으려는 제작자는 아래 표와 같이 곱셈식의 지정 열화계수를 적용할 수 있다. 따라 작성하여 인증기관으로부터 승인을 받은 이후에 실시해야하고 내구시험 종료 후 측정결과 및 정비내역 등을 별지 제15호 서식에 따라 인증기관에 보고하여야한다.,N,pending
TITM-001212,TOBL-00211,UNIT-0756486,a32/p4/s0-4~75,제1항에 따른 내구성시험 및 열화계수 산정방법,규칙,158,제1항에 따른 내구성시험 및 열화계수 산정방법을 적용하지 않으려는 제작자는 아래 표와 같이 곱셈식의 지정 열화계수를 적용할 수 있다. 여 인증기관으로부터 승인을 받은 이후에 실시해야하고 내구시험 종료 후 측정결과 및 정비내역 등을 별지 제15호 서식에 따라 인증기관에 보고하여야한다.,N,pending
TITM-001213,TOBL-00211,UNIT-0756486,a32/p4/s0-4~76,제1항에 따른 내구성시험 및 열화계수 산정방법,규칙,152,제1항에 따른 내구성시험 및 열화계수 산정방법을 적용하지 않으려는 제작자는 아래 표와 같이 곱셈식의 지정 열화계수를 적용할 수 있다. 으로부터 승인을 받은 이후에 실시해야하고 내구시험 종료 후 측정결과 및 정비내역 등을 별지 제15호 서식에 따라 인증기관에 보고하여야한다.,N,pending
TITM-001214,TOBL-00211,UNIT-0756486,a32/p4/s0-4~77,제1항에 따른 내구성시험 및 열화계수 산정방법,규칙,146,제1항에 따른 내구성시험 및 열화계수 산정방법을 적용하지 않으려는 제작자는 아래 표와 같이 곱셈식의 지정 열화계수를 적용할 수 있다. 인을 받은 이후에 실시해야하고 내구시험 종료 후 측정결과 및 정비내역 등을 별지 제15호 서식에 따라 인증기관에 보고하여야한다.,N,pending
TITM-001215,TOBL-00211,UNIT-0756486,a32/p4/s0-4~78,제1항에 따른 내구성시험 및 열화계수 산정방법,규칙,140,제1항에 따른 내구성시험 및 열화계수 산정방법을 적용하지 않으려는 제작자는 아래 표와 같이 곱셈식의 지정 열화계수를 적용할 수 있다. 이후에 실시해야하고 내구시험 종료 후 측정결과 및 정비내역 등을 별지 제15호 서식에 따라 인증기관에 보고하여야한다.,N,pending
TITM-001216,TOBL-00211,UNIT-0756486,a32/p4/s0-4~79,제1항에 따른 내구성시험 및 열화계수 산정방법,규칙,134,제1항에 따른 내구성시험 및 열화계수 산정방법을 적용하지 않으려는 제작자는 아래 표와 같이 곱셈식의 지정 열화계수를 적용할 수 있다. 해야하고 내구시험 종료 후 측정결과 및 정비내역 등을 별지 제15호 서식에 따라 인증기관에 보고하여야한다.,N,pending
TITM-001217,TOBL-00211,UNIT-0756486,a32/p4/s0-4~80,제1항에 따른 내구성시험 및 열화계수 산정방법,규칙,128,제1항에 따른 내구성시험 및 열화계수 산정방법을 적용하지 않으려는 제작자는 아래 표와 같이 곱셈식의 지정 열화계수를 적용할 수 있다. 구시험 종료 후 측정결과 및 정비내역 등을 별지 제15호 서식에 따라 인증기관에 보고하여야한다.,N,pending
TITM-001218,TOBL-00211,UNIT-0756486,a32/p4/s0-4~81,제1항에 따른 내구성시험 및 열화계수 산정방법,규칙,121,제1항에 따른 내구성시험 및 열화계수 산정방법을 적용하지 않으려는 제작자는 아래 표와 같이 곱셈식의 지정 열화계수를 적용할 수 있다. 후 측정결과 및 정비내역 등을 별지 제15호 서식에 따라 인증기관에 보고하여야한다.,N,pending
TITM-001219,TOBL-00211,UNIT-0756486,a32/p4/s0-4~82,제1항에 따른 내구성시험 및 열화계수 산정방법,규칙,116,제1항에 따른 내구성시험 및 열화계수 산정방법을 적용하지 않으려는 제작자는 아래 표와 같이 곱셈식의 지정 열화계수를 적용할 수 있다. 과 및 정비내역 등을 별지 제15호 서식에 따라 인증기관에 보고하여야한다.,N,pending
TITM-001220,TOBL-00211,UNIT-0756486,a32/p4/s0-4~83,제1항에 따른 내구성시험 및 열화계수 산정방법,규칙,110,제1항에 따른 내구성시험 및 열화계수 산정방법을 적용하지 않으려는 제작자는 아래 표와 같이 곱셈식의 지정 열화계수를 적용할 수 있다. 내역 등을 별지 제15호 서식에 따라 인증기관에 보고하여야한다.,N,pending
TITM-001221,TOBL-00211,UNIT-0756486,a32/p4/s0-4~84,제1항에 따른 내구성시험 및 열화계수 산정방법,규칙,104,제1항에 따른 내구성시험 및 열화계수 산정방법을 적용하지 않으려는 제작자는 아래 표와 같이 곱셈식의 지정 열화계수를 적용할 수 있다. 별지 제15호 서식에 따라 인증기관에 보고하여야한다.,N,pending
TITM-001222,TOBL-00211,UNIT-0756486,a32/p4/s0-4~85,제1항에 따른 내구성시험 및 열화계수 산정방법,규칙,98,제1항에 따른 내구성시험 및 열화계수 산정방법을 적용하지 않으려는 제작자는 아래 표와 같이 곱셈식의 지정 열화계수를 적용할 수 있다. 호 서식에 따라 인증기관에 보고하여야한다.,N,pending
TITM-001223,TOBL-00211,UNIT-0756486,a32/p4/s0-4~86,제1항에 따른 내구성시험 및 열화계수 산정방법,규칙,92,제1항에 따른 내구성시험 및 열화계수 산정방법을 적용하지 않으려는 제작자는 아래 표와 같이 곱셈식의 지정 열화계수를 적용할 수 있다. 따라 인증기관에 보고하여야한다.,N,pending
TITM-001224,TOBL-00211,UNIT-0756486,a32/p4/s0-4~87,제1항에 따른 내구성시험 및 열화계수 산정방법,규칙,86,제1항에 따른 내구성시험 및 열화계수 산정방법을 적용하지 않으려는 제작자는 아래 표와 같이 곱셈식의 지정 열화계수를 적용할 수 있다. 관에 보고하여야한다.,N,pending
TITM-001225,TOBL-00211,UNIT-0756486,a32/p4/s0-4~88,제1항에 따른 내구성시험 및 열화계수 산정방법,규칙,80,제1항에 따른 내구성시험 및 열화계수 산정방법을 적용하지 않으려는 제작자는 아래 표와 같이 곱셈식의 지정 열화계수를 적용할 수 있다. 여야한다.,N,pending
TITM-001226,TOBL-00212,UNIT-0756486,a32/p4/s0-3,원동기 제작사가 제1항에 따라 내구시험,규칙,211,"원동기 제작사가 제1항에 따라 내구시험을 실시할 때는 동일 내구원동기 그룹, 시험원동기선정, 시험시간, 운전 싸이클 구성, 배출가스 측정 시점 및 방법 등에 관한 내구시험 계획서를 별표 10호 및 별지 제14호 서식에 따라 작성하여 인증기관으로부터 승인을 받은 이후에 실시해야하고 내구시험 종료 후 측정결과 및 정비내역 등을 별지 제15호 서식에 따라 인증기관에 보고하여야한다.",N,pending
TITM-001227,TOBL-00212,UNIT-0756486,a32/p4/s0-3~2,원동기 제작사가 제1항에 따라 내구시험,규칙,211,"원동기 제작사가 제1항에 따라 내구시험을 실시할 때는 동일 내구원동기 그룹, 시험원동기선정, 시험시간, 운전 싸이클 구성, 배출가스 측정 시점 및 방법 등에 관한 내구시험 계획서를 별표 10호 및 별지 제14호 서식에 따라 작성하여 인증기관으로부터 승인을 받은 이후에 실시해야하고 내구시험 종료 후 측정결과 및 정비내역 등을 별지 제15호 서식에 따라 인증기관에 보고하여야한다.",N,pending
TITM-001228,TOBL-00212,UNIT-0756486,a32/p4/s0-3~3,원동기 제작사가 제1항에 따라 내구시험,규칙,211,"원동기 제작사가 제1항에 따라 내구시험을 실시할 때는 동일 내구원동기 그룹, 시험원동기선정, 시험시간, 운전 싸이클 구성, 배출가스 측정 시점 및 방법 등에 관한 내구시험 계획서를 별표 10호 및 별지 제14호 서식에 따라 작성하여 인증기관으로부터 승인을 받은 이후에 실시해야하고 내구시험 종료 후 측정결과 및 정비내역 등을 별지 제15호 서식에 따라 인증기관에 보고하여야한다.",N,pending
TITM-001229,TOBL-00212,UNIT-0756486,a32/p4/s0-3~4,원동기 제작사가 제1항에 따라 내구시험,규칙,211,"원동기 제작사가 제1항에 따라 내구시험을 실시할 때는 동일 내구원동기 그룹, 시험원동기선정, 시험시간, 운전 싸이클 구성, 배출가스 측정 시점 및 방법 등에 관한 내구시험 계획서를 별표 10호 및 별지 제14호 서식에 따라 작성하여 인증기관으로부터 승인을 받은 이후에 실시해야하고 내구시험 종료 후 측정결과 및 정비내역 등을 별지 제15호 서식에 따라 인증기관에 보고하여야한다.",N,pending
TITM-001230,TOBL-00212,UNIT-0756486,a32/p4/s0-3~5,원동기 제작사가 제1항에 따라 내구시험,규칙,211,"원동기 제작사가 제1항에 따라 내구시험을 실시할 때는 동일 내구원동기 그룹, 시험원동기선정, 시험시간, 운전 싸이클 구성, 배출가스 측정 시점 및 방법 등에 관한 내구시험 계획서를 별표 10호 및 별지 제14호 서식에 따라 작성하여 인증기관으로부터 승인을 받은 이후에 실시해야하고 내구시험 종료 후 측정결과 및 정비내역 등을 별지 제15호 서식에 따라 인증기관에 보고하여야한다.",N,pending
TITM-001231,TOBL-00212,UNIT-0756486,a32/p4/s0-3~6,원동기 제작사가 제1항에 따라 내구시험,규칙,211,"원동기 제작사가 제1항에 따라 내구시험을 실시할 때는 동일 내구원동기 그룹, 시험원동기선정, 시험시간, 운전 싸이클 구성, 배출가스 측정 시점 및 방법 등에 관한 내구시험 계획서를 별표 10호 및 별지 제14호 서식에 따라 작성하여 인증기관으로부터 승인을 받은 이후에 실시해야하고 내구시험 종료 후 측정결과 및 정비내역 등을 별지 제15호 서식에 따라 인증기관에 보고하여야한다.",N,pending
TITM-001232,TOBL-00212,UNIT-0756486,a32/p4/s0-3~7,원동기 제작사가 제1항에 따라 내구시험,규칙,211,"원동기 제작사가 제1항에 따라 내구시험을 실시할 때는 동일 내구원동기 그룹, 시험원동기선정, 시험시간, 운전 싸이클 구성, 배출가스 측정 시점 및 방법 등에 관한 내구시험 계획서를 별표 10호 및 별지 제14호 서식에 따라 작성하여 인증기관으로부터 승인을 받은 이후에 실시해야하고 내구시험 종료 후 측정결과 및 정비내역 등을 별지 제15호 서식에 따라 인증기관에 보고하여야한다.",N,pending
TITM-001233,TOBL-00212,UNIT-0756486,a32/p4/s0-3~8,원동기 제작사가 제1항에 따라 내구시험,규칙,211,"원동기 제작사가 제1항에 따라 내구시험을 실시할 때는 동일 내구원동기 그룹, 시험원동기선정, 시험시간, 운전 싸이클 구성, 배출가스 측정 시점 및 방법 등에 관한 내구시험 계획서를 별표 10호 및 별지 제14호 서식에 따라 작성하여 인증기관으로부터 승인을 받은 이후에 실시해야하고 내구시험 종료 후 측정결과 및 정비내역 등을 별지 제15호 서식에 따라 인증기관에 보고하여야한다.",N,pending
TITM-001234,TOBL-00212,UNIT-0756486,a32/p4/s0-3~9,원동기 제작사가 제1항에 따라 내구시험,규칙,211,"원동기 제작사가 제1항에 따라 내구시험을 실시할 때는 동일 내구원동기 그룹, 시험원동기선정, 시험시간, 운전 싸이클 구성, 배출가스 측정 시점 및 방법 등에 관한 내구시험 계획서를 별표 10호 및 별지 제14호 서식에 따라 작성하여 인증기관으로부터 승인을 받은 이후에 실시해야하고 내구시험 종료 후 측정결과 및 정비내역 등을 별지 제15호 서식에 따라 인증기관에 보고하여야한다.",N,pending
TITM-001235,TOBL-00212,UNIT-0756486,a32/p4/s0-3~10,원동기 제작사가 제1항에 따라 내구시험,규칙,211,"원동기 제작사가 제1항에 따라 내구시험을 실시할 때는 동일 내구원동기 그룹, 시험원동기선정, 시험시간, 운전 싸이클 구성, 배출가스 측정 시점 및 방법 등에 관한 내구시험 계획서를 별표 10호 및 별지 제14호 서식에 따라 작성하여 인증기관으로부터 승인을 받은 이후에 실시해야하고 내구시험 종료 후 측정결과 및 정비내역 등을 별지 제15호 서식에 따라 인증기관에 보고하여야한다.",N,pending
TITM-001236,TOBL-00212,UNIT-0756486,a32/p4/s0-3~11,원동기 제작사가 제1항에 따라 내구시험,규칙,211,"원동기 제작사가 제1항에 따라 내구시험을 실시할 때는 동일 내구원동기 그룹, 시험원동기선정, 시험시간, 운전 싸이클 구성, 배출가스 측정 시점 및 방법 등에 관한 내구시험 계획서를 별표 10호 및 별지 제14호 서식에 따라 작성하여 인증기관으로부터 승인을 받은 이후에 실시해야하고 내구시험 종료 후 측정결과 및 정비내역 등을 별지 제15호 서식에 따라 인증기관에 보고하여야한다.",N,pending
TITM-001237,TOBL-00212,UNIT-0756486,a32/p4/s0-3~12,원동기 제작사가 제1항에 따라 내구시험,규칙,211,"원동기 제작사가 제1항에 따라 내구시험을 실시할 때는 동일 내구원동기 그룹, 시험원동기선정, 시험시간, 운전 싸이클 구성, 배출가스 측정 시점 및 방법 등에 관한 내구시험 계획서를 별표 10호 및 별지 제14호 서식에 따라 작성하여 인증기관으로부터 승인을 받은 이후에 실시해야하고 내구시험 종료 후 측정결과 및 정비내역 등을 별지 제15호 서식에 따라 인증기관에 보고하여야한다.",N,pending
TITM-001238,TOBL-00212,UNIT-0756486,a32/p4/s0-3~13,원동기 제작사가 제1항에 따라 내구시험,규칙,211,"원동기 제작사가 제1항에 따라 내구시험을 실시할 때는 동일 내구원동기 그룹, 시험원동기선정, 시험시간, 운전 싸이클 구성, 배출가스 측정 시점 및 방법 등에 관한 내구시험 계획서를 별표 10호 및 별지 제14호 서식에 따라 작성하여 인증기관으로부터 승인을 받은 이후에 실시해야하고 내구시험 종료 후 측정결과 및 정비내역 등을 별지 제15호 서식에 따라 인증기관에 보고하여야한다.",N,pending
TITM-001239,TOBL-00212,UNIT-0756486,a32/p4/s0-3~14,원동기 제작사가 제1항에 따라 내구시험,규칙,211,"원동기 제작사가 제1항에 따라 내구시험을 실시할 때는 동일 내구원동기 그룹, 시험원동기선정, 시험시간, 운전 싸이클 구성, 배출가스 측정 시점 및 방법 등에 관한 내구시험 계획서를 별표 10호 및 별지 제14호 서식에 따라 작성하여 인증기관으로부터 승인을 받은 이후에 실시해야하고 내구시험 종료 후 측정결과 및 정비내역 등을 별지 제15호 서식에 따라 인증기관에 보고하여야한다.",N,pending
TITM-001240,TOBL-00212,UNIT-0756486,a32/p4/s0-3~15,원동기 제작사가 제1항에 따라 내구시험,규칙,211,"원동기 제작사가 제1항에 따라 내구시험을 실시할 때는 동일 내구원동기 그룹, 시험원동기선정, 시험시간, 운전 싸이클 구성, 배출가스 측정 시점 및 방법 등에 관한 내구시험 계획서를 별표 10호 및 별지 제14호 서식에 따라 작성하여 인증기관으로부터 승인을 받은 이후에 실시해야하고 내구시험 종료 후 측정결과 및 정비내역 등을 별지 제15호 서식에 따라 인증기관에 보고하여야한다.",N,pending
TITM-001241,TOBL-00212,UNIT-0756486,a32/p4/s0-3~16,원동기 제작사가 제1항에 따라 내구시험,규칙,211,"원동기 제작사가 제1항에 따라 내구시험을 실시할 때는 동일 내구원동기 그룹, 시험원동기선정, 시험시간, 운전 싸이클 구성, 배출가스 측정 시점 및 방법 등에 관한 내구시험 계획서를 별표 10호 및 별지 제14호 서식에 따라 작성하여 인증기관으로부터 승인을 받은 이후에 실시해야하고 내구시험 종료 후 측정결과 및 정비내역 등을 별지 제15호 서식에 따라 인증기관에 보고하여야한다.",N,pending
TITM-001242,TOBL-00212,UNIT-0756486,a32/p4/s0-3~17,원동기 제작사가 제1항에 따라 내구시험,규칙,211,"원동기 제작사가 제1항에 따라 내구시험을 실시할 때는 동일 내구원동기 그룹, 시험원동기선정, 시험시간, 운전 싸이클 구성, 배출가스 측정 시점 및 방법 등에 관한 내구시험 계획서를 별표 10호 및 별지 제14호 서식에 따라 작성하여 인증기관으로부터 승인을 받은 이후에 실시해야하고 내구시험 종료 후 측정결과 및 정비내역 등을 별지 제15호 서식에 따라 인증기관에 보고하여야한다.",N,pending
TITM-001243,TOBL-00212,UNIT-0756486,a32/p4/s0-3~18,원동기 제작사가 제1항에 따라 내구시험,규칙,211,"원동기 제작사가 제1항에 따라 내구시험을 실시할 때는 동일 내구원동기 그룹, 시험원동기선정, 시험시간, 운전 싸이클 구성, 배출가스 측정 시점 및 방법 등에 관한 내구시험 계획서를 별표 10호 및 별지 제14호 서식에 따라 작성하여 인증기관으로부터 승인을 받은 이후에 실시해야하고 내구시험 종료 후 측정결과 및 정비내역 등을 별지 제15호 서식에 따라 인증기관에 보고하여야한다.",N,pending
TITM-001244,TOBL-00212,UNIT-0756486,a32/p4/s0-3~19,원동기 제작사가 제1항에 따라 내구시험,규칙,211,"원동기 제작사가 제1항에 따라 내구시험을 실시할 때는 동일 내구원동기 그룹, 시험원동기선정, 시험시간, 운전 싸이클 구성, 배출가스 측정 시점 및 방법 등에 관한 내구시험 계획서를 별표 10호 및 별지 제14호 서식에 따라 작성하여 인증기관으로부터 승인을 받은 이후에 실시해야하고 내구시험 종료 후 측정결과 및 정비내역 등을 별지 제15호 서식에 따라 인증기관에 보고하여야한다.",N,pending
TITM-001245,TOBL-00212,UNIT-0756486,a32/p4/s0-3~20,원동기 제작사가 제1항에 따라 내구시험,규칙,211,"원동기 제작사가 제1항에 따라 내구시험을 실시할 때는 동일 내구원동기 그룹, 시험원동기선정, 시험시간, 운전 싸이클 구성, 배출가스 측정 시점 및 방법 등에 관한 내구시험 계획서를 별표 10호 및 별지 제14호 서식에 따라 작성하여 인증기관으로부터 승인을 받은 이후에 실시해야하고 내구시험 종료 후 측정결과 및 정비내역 등을 별지 제15호 서식에 따라 인증기관에 보고하여야한다.",N,pending
TITM-001246,TOBL-00212,UNIT-0756486,a32/p4/s0-3~21,원동기 제작사가 제1항에 따라 내구시험,규칙,211,"원동기 제작사가 제1항에 따라 내구시험을 실시할 때는 동일 내구원동기 그룹, 시험원동기선정, 시험시간, 운전 싸이클 구성, 배출가스 측정 시점 및 방법 등에 관한 내구시험 계획서를 별표 10호 및 별지 제14호 서식에 따라 작성하여 인증기관으로부터 승인을 받은 이후에 실시해야하고 내구시험 종료 후 측정결과 및 정비내역 등을 별지 제15호 서식에 따라 인증기관에 보고하여야한다.",N,pending
TITM-001247,TOBL-00212,UNIT-0756486,a32/p4/s0-3~22,원동기 제작사가 제1항에 따라 내구시험,규칙,211,"원동기 제작사가 제1항에 따라 내구시험을 실시할 때는 동일 내구원동기 그룹, 시험원동기선정, 시험시간, 운전 싸이클 구성, 배출가스 측정 시점 및 방법 등에 관한 내구시험 계획서를 별표 10호 및 별지 제14호 서식에 따라 작성하여 인증기관으로부터 승인을 받은 이후에 실시해야하고 내구시험 종료 후 측정결과 및 정비내역 등을 별지 제15호 서식에 따라 인증기관에 보고하여야한다.",N,pending
TITM-001248,TOBL-00212,UNIT-0756486,a32/p4/s0-3~23,원동기 제작사가 제1항에 따라 내구시험,규칙,211,"원동기 제작사가 제1항에 따라 내구시험을 실시할 때는 동일 내구원동기 그룹, 시험원동기선정, 시험시간, 운전 싸이클 구성, 배출가스 측정 시점 및 방법 등에 관한 내구시험 계획서를 별표 10호 및 별지 제14호 서식에 따라 작성하여 인증기관으로부터 승인을 받은 이후에 실시해야하고 내구시험 종료 후 측정결과 및 정비내역 등을 별지 제15호 서식에 따라 인증기관에 보고하여야한다.",N,pending
TITM-001249,TOBL-00212,UNIT-0756486,a32/p4/s0-3~24,원동기 제작사가 제1항에 따라 내구시험,규칙,211,"원동기 제작사가 제1항에 따라 내구시험을 실시할 때는 동일 내구원동기 그룹, 시험원동기선정, 시험시간, 운전 싸이클 구성, 배출가스 측정 시점 및 방법 등에 관한 내구시험 계획서를 별표 10호 및 별지 제14호 서식에 따라 작성하여 인증기관으로부터 승인을 받은 이후에 실시해야하고 내구시험 종료 후 측정결과 및 정비내역 등을 별지 제15호 서식에 따라 인증기관에 보고하여야한다.",N,pending
TITM-001250,TOBL-00212,UNIT-0756486,a32/p4/s0-3~25,원동기 제작사가 제1항에 따라 내구시험,규칙,211,"원동기 제작사가 제1항에 따라 내구시험을 실시할 때는 동일 내구원동기 그룹, 시험원동기선정, 시험시간, 운전 싸이클 구성, 배출가스 측정 시점 및 방법 등에 관한 내구시험 계획서를 별표 10호 및 별지 제14호 서식에 따라 작성하여 인증기관으로부터 승인을 받은 이후에 실시해야하고 내구시험 종료 후 측정결과 및 정비내역 등을 별지 제15호 서식에 따라 인증기관에 보고하여야한다.",N,pending
TITM-001251,TOBL-00212,UNIT-0756486,a32/p4/s0-3~26,원동기 제작사가 제1항에 따라 내구시험,규칙,211,"원동기 제작사가 제1항에 따라 내구시험을 실시할 때는 동일 내구원동기 그룹, 시험원동기선정, 시험시간, 운전 싸이클 구성, 배출가스 측정 시점 및 방법 등에 관한 내구시험 계획서를 별표 10호 및 별지 제14호 서식에 따라 작성하여 인증기관으로부터 승인을 받은 이후에 실시해야하고 내구시험 종료 후 측정결과 및 정비내역 등을 별지 제15호 서식에 따라 인증기관에 보고하여야한다.",N,pending
TITM-001252,TOBL-00212,UNIT-0756486,a32/p4/s0-3~27,원동기 제작사가 제1항에 따라 내구시험,규칙,211,"원동기 제작사가 제1항에 따라 내구시험을 실시할 때는 동일 내구원동기 그룹, 시험원동기선정, 시험시간, 운전 싸이클 구성, 배출가스 측정 시점 및 방법 등에 관한 내구시험 계획서를 별표 10호 및 별지 제14호 서식에 따라 작성하여 인증기관으로부터 승인을 받은 이후에 실시해야하고 내구시험 종료 후 측정결과 및 정비내역 등을 별지 제15호 서식에 따라 인증기관에 보고하여야한다.",N,pending
TITM-001253,TOBL-00212,UNIT-0756486,a32/p4/s0-3~28,원동기 제작사가 제1항에 따라 내구시험,규칙,211,"원동기 제작사가 제1항에 따라 내구시험을 실시할 때는 동일 내구원동기 그룹, 시험원동기선정, 시험시간, 운전 싸이클 구성, 배출가스 측정 시점 및 방법 등에 관한 내구시험 계획서를 별표 10호 및 별지 제14호 서식에 따라 작성하여 인증기관으로부터 승인을 받은 이후에 실시해야하고 내구시험 종료 후 측정결과 및 정비내역 등을 별지 제15호 서식에 따라 인증기관에 보고하여야한다.",N,pending
TITM-001254,TOBL-00212,UNIT-0756486,a32/p4/s0-3~29,원동기 제작사가 제1항에 따라 내구시험,규칙,211,"원동기 제작사가 제1항에 따라 내구시험을 실시할 때는 동일 내구원동기 그룹, 시험원동기선정, 시험시간, 운전 싸이클 구성, 배출가스 측정 시점 및 방법 등에 관한 내구시험 계획서를 별표 10호 및 별지 제14호 서식에 따라 작성하여 인증기관으로부터 승인을 받은 이후에 실시해야하고 내구시험 종료 후 측정결과 및 정비내역 등을 별지 제15호 서식에 따라 인증기관에 보고하여야한다.",N,pending
TITM-001255,TOBL-00212,UNIT-0756486,a32/p4/s0-3~30,원동기 제작사가 제1항에 따라 내구시험,규칙,211,"원동기 제작사가 제1항에 따라 내구시험을 실시할 때는 동일 내구원동기 그룹, 시험원동기선정, 시험시간, 운전 싸이클 구성, 배출가스 측정 시점 및 방법 등에 관한 내구시험 계획서를 별표 10호 및 별지 제14호 서식에 따라 작성하여 인증기관으로부터 승인을 받은 이후에 실시해야하고 내구시험 종료 후 측정결과 및 정비내역 등을 별지 제15호 서식에 따라 인증기관에 보고하여야한다.",N,pending
TITM-001256,TOBL-00212,UNIT-0756486,a32/p4/s0-3~31,원동기 제작사가 제1항에 따라 내구시험,규칙,211,"원동기 제작사가 제1항에 따라 내구시험을 실시할 때는 동일 내구원동기 그룹, 시험원동기선정, 시험시간, 운전 싸이클 구성, 배출가스 측정 시점 및 방법 등에 관한 내구시험 계획서를 별표 10호 및 별지 제14호 서식에 따라 작성하여 인증기관으로부터 승인을 받은 이후에 실시해야하고 내구시험 종료 후 측정결과 및 정비내역 등을 별지 제15호 서식에 따라 인증기관에 보고하여야한다.",N,pending
TITM-001257,TOBL-00212,UNIT-0756486,a32/p4/s0-3~32,원동기 제작사가 제1항에 따라 내구시험,규칙,211,"원동기 제작사가 제1항에 따라 내구시험을 실시할 때는 동일 내구원동기 그룹, 시험원동기선정, 시험시간, 운전 싸이클 구성, 배출가스 측정 시점 및 방법 등에 관한 내구시험 계획서를 별표 10호 및 별지 제14호 서식에 따라 작성하여 인증기관으로부터 승인을 받은 이후에 실시해야하고 내구시험 종료 후 측정결과 및 정비내역 등을 별지 제15호 서식에 따라 인증기관에 보고하여야한다.",N,pending
TITM-001258,TOBL-00212,UNIT-0756486,a32/p4/s0-3~33,원동기 제작사가 제1항에 따라 내구시험,규칙,211,"원동기 제작사가 제1항에 따라 내구시험을 실시할 때는 동일 내구원동기 그룹, 시험원동기선정, 시험시간, 운전 싸이클 구성, 배출가스 측정 시점 및 방법 등에 관한 내구시험 계획서를 별표 10호 및 별지 제14호 서식에 따라 작성하여 인증기관으로부터 승인을 받은 이후에 실시해야하고 내구시험 종료 후 측정결과 및 정비내역 등을 별지 제15호 서식에 따라 인증기관에 보고하여야한다.",N,pending
TITM-001259,TOBL-00212,UNIT-0756486,a32/p4/s0-3~34,원동기 제작사가 제1항에 따라 내구시험,규칙,211,"원동기 제작사가 제1항에 따라 내구시험을 실시할 때는 동일 내구원동기 그룹, 시험원동기선정, 시험시간, 운전 싸이클 구성, 배출가스 측정 시점 및 방법 등에 관한 내구시험 계획서를 별표 10호 및 별지 제14호 서식에 따라 작성하여 인증기관으로부터 승인을 받은 이후에 실시해야하고 내구시험 종료 후 측정결과 및 정비내역 등을 별지 제15호 서식에 따라 인증기관에 보고하여야한다.",N,pending
TITM-001260,TOBL-00212,UNIT-0756486,a32/p4/s0-3~35,원동기 제작사가 제1항에 따라 내구시험,규칙,211,"원동기 제작사가 제1항에 따라 내구시험을 실시할 때는 동일 내구원동기 그룹, 시험원동기선정, 시험시간, 운전 싸이클 구성, 배출가스 측정 시점 및 방법 등에 관한 내구시험 계획서를 별표 10호 및 별지 제14호 서식에 따라 작성하여 인증기관으로부터 승인을 받은 이후에 실시해야하고 내구시험 종료 후 측정결과 및 정비내역 등을 별지 제15호 서식에 따라 인증기관에 보고하여야한다.",N,pending
TITM-001261,TOBL-00212,UNIT-0756486,a32/p4/s0-3~36,원동기 제작사가 제1항에 따라 내구시험,규칙,211,"원동기 제작사가 제1항에 따라 내구시험을 실시할 때는 동일 내구원동기 그룹, 시험원동기선정, 시험시간, 운전 싸이클 구성, 배출가스 측정 시점 및 방법 등에 관한 내구시험 계획서를 별표 10호 및 별지 제14호 서식에 따라 작성하여 인증기관으로부터 승인을 받은 이후에 실시해야하고 내구시험 종료 후 측정결과 및 정비내역 등을 별지 제15호 서식에 따라 인증기관에 보고하여야한다.",N,pending
TITM-001262,TOBL-00212,UNIT-0756486,a32/p4/s0-3~37,원동기 제작사가 제1항에 따라 내구시험,규칙,211,"원동기 제작사가 제1항에 따라 내구시험을 실시할 때는 동일 내구원동기 그룹, 시험원동기선정, 시험시간, 운전 싸이클 구성, 배출가스 측정 시점 및 방법 등에 관한 내구시험 계획서를 별표 10호 및 별지 제14호 서식에 따라 작성하여 인증기관으로부터 승인을 받은 이후에 실시해야하고 내구시험 종료 후 측정결과 및 정비내역 등을 별지 제15호 서식에 따라 인증기관에 보고하여야한다.",N,pending
TITM-001263,TOBL-00212,UNIT-0756486,a32/p4/s0-3~38,원동기 제작사가 제1항에 따라 내구시험,규칙,211,"원동기 제작사가 제1항에 따라 내구시험을 실시할 때는 동일 내구원동기 그룹, 시험원동기선정, 시험시간, 운전 싸이클 구성, 배출가스 측정 시점 및 방법 등에 관한 내구시험 계획서를 별표 10호 및 별지 제14호 서식에 따라 작성하여 인증기관으로부터 승인을 받은 이후에 실시해야하고 내구시험 종료 후 측정결과 및 정비내역 등을 별지 제15호 서식에 따라 인증기관에 보고하여야한다.",N,pending
TITM-001264,TOBL-00212,UNIT-0756486,a32/p4/s0-3~39,원동기 제작사가 제1항에 따라 내구시험,규칙,211,"원동기 제작사가 제1항에 따라 내구시험을 실시할 때는 동일 내구원동기 그룹, 시험원동기선정, 시험시간, 운전 싸이클 구성, 배출가스 측정 시점 및 방법 등에 관한 내구시험 계획서를 별표 10호 및 별지 제14호 서식에 따라 작성하여 인증기관으로부터 승인을 받은 이후에 실시해야하고 내구시험 종료 후 측정결과 및 정비내역 등을 별지 제15호 서식에 따라 인증기관에 보고하여야한다.",N,pending
TITM-001265,TOBL-00212,UNIT-0756486,a32/p4/s0-3~40,원동기 제작사가 제1항에 따라 내구시험,규칙,211,"원동기 제작사가 제1항에 따라 내구시험을 실시할 때는 동일 내구원동기 그룹, 시험원동기선정, 시험시간, 운전 싸이클 구성, 배출가스 측정 시점 및 방법 등에 관한 내구시험 계획서를 별표 10호 및 별지 제14호 서식에 따라 작성하여 인증기관으로부터 승인을 받은 이후에 실시해야하고 내구시험 종료 후 측정결과 및 정비내역 등을 별지 제15호 서식에 따라 인증기관에 보고하여야한다.",N,pending
TITM-001266,TOBL-00212,UNIT-0756486,a32/p4/s0-3~41,원동기 제작사가 제1항에 따라 내구시험,규칙,211,"원동기 제작사가 제1항에 따라 내구시험을 실시할 때는 동일 내구원동기 그룹, 시험원동기선정, 시험시간, 운전 싸이클 구성, 배출가스 측정 시점 및 방법 등에 관한 내구시험 계획서를 별표 10호 및 별지 제14호 서식에 따라 작성하여 인증기관으로부터 승인을 받은 이후에 실시해야하고 내구시험 종료 후 측정결과 및 정비내역 등을 별지 제15호 서식에 따라 인증기관에 보고하여야한다.",N,pending
TITM-001267,TOBL-00212,UNIT-0756486,a32/p4/s0-3~42,원동기 제작사가 제1항에 따라 내구시험,규칙,211,"원동기 제작사가 제1항에 따라 내구시험을 실시할 때는 동일 내구원동기 그룹, 시험원동기선정, 시험시간, 운전 싸이클 구성, 배출가스 측정 시점 및 방법 등에 관한 내구시험 계획서를 별표 10호 및 별지 제14호 서식에 따라 작성하여 인증기관으로부터 승인을 받은 이후에 실시해야하고 내구시험 종료 후 측정결과 및 정비내역 등을 별지 제15호 서식에 따라 인증기관에 보고하여야한다.",N,pending
TITM-001268,TOBL-00212,UNIT-0756486,a32/p4/s0-3~43,원동기 제작사가 제1항에 따라 내구시험,규칙,211,"원동기 제작사가 제1항에 따라 내구시험을 실시할 때는 동일 내구원동기 그룹, 시험원동기선정, 시험시간, 운전 싸이클 구성, 배출가스 측정 시점 및 방법 등에 관한 내구시험 계획서를 별표 10호 및 별지 제14호 서식에 따라 작성하여 인증기관으로부터 승인을 받은 이후에 실시해야하고 내구시험 종료 후 측정결과 및 정비내역 등을 별지 제15호 서식에 따라 인증기관에 보고하여야한다.",N,pending
TITM-001269,TOBL-00212,UNIT-0756486,a32/p4/s0-3~44,원동기 제작사가 제1항에 따라 내구시험,규칙,211,"원동기 제작사가 제1항에 따라 내구시험을 실시할 때는 동일 내구원동기 그룹, 시험원동기선정, 시험시간, 운전 싸이클 구성, 배출가스 측정 시점 및 방법 등에 관한 내구시험 계획서를 별표 10호 및 별지 제14호 서식에 따라 작성하여 인증기관으로부터 승인을 받은 이후에 실시해야하고 내구시험 종료 후 측정결과 및 정비내역 등을 별지 제15호 서식에 따라 인증기관에 보고하여야한다.",N,pending
TITM-001270,TOBL-00212,UNIT-0756486,a32/p4/s0-3~45,원동기 제작사가 제1항에 따라 내구시험,규칙,211,"원동기 제작사가 제1항에 따라 내구시험을 실시할 때는 동일 내구원동기 그룹, 시험원동기선정, 시험시간, 운전 싸이클 구성, 배출가스 측정 시점 및 방법 등에 관한 내구시험 계획서를 별표 10호 및 별지 제14호 서식에 따라 작성하여 인증기관으로부터 승인을 받은 이후에 실시해야하고 내구시험 종료 후 측정결과 및 정비내역 등을 별지 제15호 서식에 따라 인증기관에 보고하여야한다.",N,pending
TITM-001271,TOBL-00212,UNIT-0756486,a32/p4/s0-3~46,원동기 제작사가 제1항에 따라 내구시험,규칙,211,"원동기 제작사가 제1항에 따라 내구시험을 실시할 때는 동일 내구원동기 그룹, 시험원동기선정, 시험시간, 운전 싸이클 구성, 배출가스 측정 시점 및 방법 등에 관한 내구시험 계획서를 별표 10호 및 별지 제14호 서식에 따라 작성하여 인증기관으로부터 승인을 받은 이후에 실시해야하고 내구시험 종료 후 측정결과 및 정비내역 등을 별지 제15호 서식에 따라 인증기관에 보고하여야한다.",N,pending
TITM-001272,TOBL-00212,UNIT-0756486,a32/p4/s0-3~47,원동기 제작사가 제1항에 따라 내구시험,규칙,211,"원동기 제작사가 제1항에 따라 내구시험을 실시할 때는 동일 내구원동기 그룹, 시험원동기선정, 시험시간, 운전 싸이클 구성, 배출가스 측정 시점 및 방법 등에 관한 내구시험 계획서를 별표 10호 및 별지 제14호 서식에 따라 작성하여 인증기관으로부터 승인을 받은 이후에 실시해야하고 내구시험 종료 후 측정결과 및 정비내역 등을 별지 제15호 서식에 따라 인증기관에 보고하여야한다.",N,pending
TITM-001273,TOBL-00212,UNIT-0756486,a32/p4/s0-3~48,원동기 제작사가 제1항에 따라 내구시험,규칙,211,"원동기 제작사가 제1항에 따라 내구시험을 실시할 때는 동일 내구원동기 그룹, 시험원동기선정, 시험시간, 운전 싸이클 구성, 배출가스 측정 시점 및 방법 등에 관한 내구시험 계획서를 별표 10호 및 별지 제14호 서식에 따라 작성하여 인증기관으로부터 승인을 받은 이후에 실시해야하고 내구시험 종료 후 측정결과 및 정비내역 등을 별지 제15호 서식에 따라 인증기관에 보고하여야한다.",N,pending
TITM-001274,TOBL-00212,UNIT-0756486,a32/p4/s0-3~49,원동기 제작사가 제1항에 따라 내구시험,규칙,211,"원동기 제작사가 제1항에 따라 내구시험을 실시할 때는 동일 내구원동기 그룹, 시험원동기선정, 시험시간, 운전 싸이클 구성, 배출가스 측정 시점 및 방법 등에 관한 내구시험 계획서를 별표 10호 및 별지 제14호 서식에 따라 작성하여 인증기관으로부터 승인을 받은 이후에 실시해야하고 내구시험 종료 후 측정결과 및 정비내역 등을 별지 제15호 서식에 따라 인증기관에 보고하여야한다.",N,pending
TITM-001275,TOBL-00212,UNIT-0756486,a32/p4/s0-3~50,원동기 제작사가 제1항에 따라 내구시험,규칙,211,"원동기 제작사가 제1항에 따라 내구시험을 실시할 때는 동일 내구원동기 그룹, 시험원동기선정, 시험시간, 운전 싸이클 구성, 배출가스 측정 시점 및 방법 등에 관한 내구시험 계획서를 별표 10호 및 별지 제14호 서식에 따라 작성하여 인증기관으로부터 승인을 받은 이후에 실시해야하고 내구시험 종료 후 측정결과 및 정비내역 등을 별지 제15호 서식에 따라 인증기관에 보고하여야한다.",N,pending
TITM-001276,TOBL-00212,UNIT-0756486,a32/p4/s0-3~51,원동기 제작사가 제1항에 따라 내구시험,규칙,211,"원동기 제작사가 제1항에 따라 내구시험을 실시할 때는 동일 내구원동기 그룹, 시험원동기선정, 시험시간, 운전 싸이클 구성, 배출가스 측정 시점 및 방법 등에 관한 내구시험 계획서를 별표 10호 및 별지 제14호 서식에 따라 작성하여 인증기관으로부터 승인을 받은 이후에 실시해야하고 내구시험 종료 후 측정결과 및 정비내역 등을 별지 제15호 서식에 따라 인증기관에 보고하여야한다.",N,pending
TITM-001277,TOBL-00212,UNIT-0756486,a32/p4/s0-3~52,원동기 제작사가 제1항에 따라 내구시험,규칙,211,"원동기 제작사가 제1항에 따라 내구시험을 실시할 때는 동일 내구원동기 그룹, 시험원동기선정, 시험시간, 운전 싸이클 구성, 배출가스 측정 시점 및 방법 등에 관한 내구시험 계획서를 별표 10호 및 별지 제14호 서식에 따라 작성하여 인증기관으로부터 승인을 받은 이후에 실시해야하고 내구시험 종료 후 측정결과 및 정비내역 등을 별지 제15호 서식에 따라 인증기관에 보고하여야한다.",N,pending
TITM-001278,TOBL-00212,UNIT-0756486,a32/p4/s0-3~53,원동기 제작사가 제1항에 따라 내구시험,규칙,211,"원동기 제작사가 제1항에 따라 내구시험을 실시할 때는 동일 내구원동기 그룹, 시험원동기선정, 시험시간, 운전 싸이클 구성, 배출가스 측정 시점 및 방법 등에 관한 내구시험 계획서를 별표 10호 및 별지 제14호 서식에 따라 작성하여 인증기관으로부터 승인을 받은 이후에 실시해야하고 내구시험 종료 후 측정결과 및 정비내역 등을 별지 제15호 서식에 따라 인증기관에 보고하여야한다.",N,pending
TITM-001279,TOBL-00213,UNIT-0758282,a3/n2/mda/s0-1,감가상각비 가) 감가상각 대상,규칙,625,"감가상각비 가) 감가상각 대상은 생활폐기물 수집ㆍ운반에 직접 사용되는 전용기기, 차량, 차량안전장치, 밀폐형덮개 등 유형고정자산에 한하며, 자가용 등 수집ㆍ운반 업무와 직접적인 관련이 없는 대상은 제외한다. 또한 시ㆍ군ㆍ구 소유 차량이나, 구입 시 지방자치단체의 지원을 받은 부분(구입가 중 지원금에 해당하는 부분)은 제외하도록 한다. 나) 감가상각 방법은 법인세법에서 정한 감가상각방식 중 정액법에 따라 내용연수 6년을 적용하여 계산하며, 구입일, 구입가를 증빙할 수 있는 영수증 및 세금계산서를 근거로 하여 각각 개별 산정한다. ※ 내용연수 기준시점은 최초 차량 등록일을 기준으로 함 다) 내용연수가 경과한 차량에 대해서는 감가상각 대상에서 제외하며, 현행법상 정액법에서는 잔존가치를 인정하고 있지 않기 때문에 차량 및 장비에 대한 감가상각 시 잔존가치는 반영하지 않는다. 라) 감가상각비 산정 시 원가계산용역 완료 시점을 기준으로 감가상각을 하도록 한다. ※ 지방자치단체 승인 후 수집ㆍ운반 차량을 교체한 경우에는 해당 차량의 감가상각비를 재산정하여 조정하여야 함 ※ 단, 기존 대행업체와의 계약 갱신이 아닌 신규 대행업체와 계약을 체결하기 위한 예정가격 작성 시에는 감가상각비 산정 방식을 달리 적용할 수 있음",Y(후보),pending
TITM-001280,TOBL-00214,UNIT-0758282,a3/n2/mda/s0-2,수리수선비,생성,676,"수리수선비 가) 생활폐기물 수집ㆍ운반 작업에 직접 사용되고 있는 차량의 수리수선비로서 검사비와 수리비를 포함하며, 당해 생활폐기물 수집ㆍ운반 용역과정에서 그 원인이 발생될 것으로 예견되는 것에 한한다. 다만, 자본적 지출에 해당하는 대수리ㆍ수선비는 제외하되, 생활폐기물 수집ㆍ운반 용역 기간 중 차량안전장치 설치 등 법령에 명시되어 있는 장비를 설치해야 하는 경우 그 비용을 지급할 수 있다. 나) 개별 차량의 수리비를 분류하기에 어려움이 있으며, 실적자료를 기준으로 산정할 경우 과대계상의 우려가 있기 때문에 표준품셈의 유사기종(덤프트럭) 차량유지관리비 중 정비비계수를 적용하여 산정한다. 다) 표준품셈에 의해 산정된 수리비에 현실적인 측면을 반영하여, 차량 내용연수에 따른 가중치를 부여하여 조정한다. ※ 단, 기존 대행기관과의 계약 갱신이 아닌 신규 대행기관과 계약을 체결하기 위한 예정가격 작성 시에는 수리수선비 산정 방식을 달리 적용할 수 있음 라)생활폐기물 수집ㆍ운반 작업에 직접 사용되고 있는 차량의 검사수수료는 업체 실적을 적용하여 산정한다. 3) 인적보험료 국민연금보험, 고용보험, 국민건강보험, 노인장기요양보험, 임금채권보장보험 등 법령이나 계약조건에 의하여 의무적으로 가입이 요구되는 보험을 대상으로 법령에 정해진 요율에 의해 산정한다. ※ 차량관련 물적보험은 세금과공과에 포함시켜 산정함",모름,pending
TITM-001281,TOBL-00215,UNIT-0758282,a3/n2/mda/s0-11,기타 경비 손익계산서 계정별원장 등의 회계장부,규칙,112,"기타 경비 손익계산서, 계정별원장 등의 회계장부를 통해서 그 밖의 경비 항목에 대한 비용을 분리할 수 있고 안전보건관리비 등 원가를 산정하여야 하는 타당한 이유가 있는 경우에는 개별 산정하여 적용한다.",모름,pending
