table,key,col,old,new,why
asset,AR1987-0000089,sapa_l2_result,검토필요,제외,② 관리주체 타기관
asset,AR1987-0000089,sapa_basis,시행령 별표3 제5호 2)3),관리주체 타기관(새로운경기도립정신병원) — 용인시 관리 시설 아님 · 시행령 별표3 제5호 2)3),② 관리주체 타기관
asset,AR1988-0000166,sapa_l2_result,검토필요,제외,② 관리주체 타기관
asset,AR1988-0000166,sapa_basis,시행령 별표3 제5호 2)3),관리주체 타기관(국가보훈부88골프장) — 용인시 관리 시설 아님 · 시행령 별표3 제5호 2)3),② 관리주체 타기관
asset,AR1995-0001560,sapa_l2_result,검토필요,제외,② 관리주체 타기관
asset,AR1995-0001560,sapa_basis,시행령 별표3 제5호 2)3),관리주체 타기관(서울특별시백암정신병원) — 용인시 관리 시설 아님 · 시행령 별표3 제5호 2)3),② 관리주체 타기관
asset,AR2003-0002336,sapa_l2_result,검토필요,제외,② 관리주체 타기관
asset,AR2003-0002336,sapa_basis,시행령 별표3 제5호 2)3),관리주체 타기관(중소기업은행) — 용인시 관리 시설 아님 · 시행령 별표3 제5호 2)3),② 관리주체 타기관
asset,AR2004-0004482,sapa_l2_result,검토필요,제외,② 관리주체 타기관
asset,AR2004-0004482,sapa_basis,시행령 별표3 제5호 2)3),관리주체 타기관(경기아트센터) — 용인시 관리 시설 아님 · 시행령 별표3 제5호 2)3),② 관리주체 타기관
asset,AR2005-0003757,sapa_l2_result,검토필요,제외,② 관리주체 타기관
asset,AR2005-0003757,sapa_basis,시행령 별표3 제5호 2)3),관리주체 타기관(국가보훈부88골프장) — 용인시 관리 시설 아님 · 시행령 별표3 제5호 2)3),② 관리주체 타기관
asset,AR2009-0000230,sapa_l2_result,해당,제외,② 관리주체 타기관
asset,AR2009-0000230,sapa_basis,시행령 별표3 제5호 1),관리주체 타기관(한국철도공사 수도권광역본부 건축처) — 용인시 관리 시설 아님 · 시행령 별표3 제5호 1),② 관리주체 타기관
asset,AR2010-0000987,sapa_l2_result,검토필요,제외,② 관리주체 타기관
asset,AR2010-0000987,sapa_basis,시행령 별표3 제5호 2)3),관리주체 타기관(한국전력기술(주)용인사옥) — 용인시 관리 시설 아님 · 시행령 별표3 제5호 2)3),② 관리주체 타기관
asset,AR2010-0002609,sapa_l2_result,검토필요,제외,② 관리주체 타기관
asset,AR2010-0002609,sapa_basis,시행령 별표3 제5호 2)3),관리주체 타기관((재)경기문화재단 경기도어린이박물관) — 용인시 관리 시설 아님 · 시행령 별표3 제5호 2)3),② 관리주체 타기관
asset,AR2011-0000066,sapa_l2_result,검토필요,제외,② 관리주체 타기관
asset,AR2011-0000066,sapa_basis,시행령 별표3 제5호 2)3),관리주체 타기관((재)경기문화재단 경기도박물관) — 용인시 관리 시설 아님 · 시행령 별표3 제5호 2)3),② 관리주체 타기관
asset,AR2011-0000169,sapa_l2_result,검토필요,제외,② 관리주체 타기관
asset,AR2011-0000169,sapa_basis,시행령 별표3 제5호 2)3),관리주체 타기관((재)경기문화재단 백남준아트센터) — 용인시 관리 시설 아님 · 시행령 별표3 제5호 2)3),② 관리주체 타기관
asset,AR2012-0000682,sapa_l2_result,해당,제외,② 관리주체 타기관
asset,AR2012-0000682,sapa_basis,시행령 별표3 제5호 1),관리주체 타기관(한국철도공사 수도권광역본부 건축처) — 용인시 관리 시설 아님 · 시행령 별표3 제5호 1),② 관리주체 타기관
asset,AR2012-0000800,sapa_l2_result,해당,제외,② 관리주체 타기관
asset,AR2012-0000800,sapa_basis,시행령 별표3 제5호 1),관리주체 타기관(한국철도공사 수도권광역본부 건축처) — 용인시 관리 시설 아님 · 시행령 별표3 제5호 1),② 관리주체 타기관
asset,AR2012-0000804,sapa_l2_result,검토필요,제외,② 관리주체 타기관
asset,AR2012-0000804,sapa_basis,시행령 별표3 제5호 2)3),관리주체 타기관(수지구 자치행정과) — 용인시 관리 시설 아님 · 시행령 별표3 제5호 2)3),② 관리주체 타기관
asset,AR2012-0002011,sapa_l2_result,해당,제외,② 관리주체 타기관
asset,AR2012-0002011,sapa_basis,시행령 별표3 제5호 1),관리주체 타기관(한국철도공사 수도권광역본부 건축처) — 용인시 관리 시설 아님 · 시행령 별표3 제5호 1),② 관리주체 타기관
asset,AR2013-0001203,sapa_l2_result,해당,제외,② 관리주체 타기관
asset,AR2013-0001203,sapa_basis,시행령 별표3 제5호 1),관리주체 타기관(한국철도공사 수도권광역본부 건축처) — 용인시 관리 시설 아님 · 시행령 별표3 제5호 1),② 관리주체 타기관
asset,AR2013-0001204,sapa_l2_result,해당,제외,② 관리주체 타기관
asset,AR2013-0001204,sapa_basis,시행령 별표3 제5호 1),관리주체 타기관(한국철도공사 수도권광역본부 건축처) — 용인시 관리 시설 아님 · 시행령 별표3 제5호 1),② 관리주체 타기관
asset,AR2013-0001894,sapa_l2_result,검토필요,제외,② 관리주체 타기관
asset,AR2013-0001894,sapa_basis,시행령 별표3 제5호 2)3),관리주체 타기관((재)용인문화재단) — 용인시 관리 시설 아님 · 시행령 별표3 제5호 2)3),② 관리주체 타기관
asset,AR2013-0002113,sapa_l2_result,검토필요,제외,② 관리주체 타기관
asset,AR2013-0002113,sapa_basis,시행령 별표3 제5호 2)3),관리주체 타기관(국군복지단) — 용인시 관리 시설 아님 · 시행령 별표3 제5호 2)3),② 관리주체 타기관
asset,BR1018-0000001,sapa_l2_result,검토필요,제외,② 관리주체 타기관
asset,BR1018-0000001,sapa_basis,시행령 별표3 제1호,관리주체 타기관(수원국토관리사무소) — 용인시 관리 시설 아님 · 시행령 별표3 제1호,② 관리주체 타기관
asset,BR1991-0000011,sapa_l2_result,검토필요,제외,② 관리주체 타기관
asset,BR1991-0000011,sapa_basis,시행령 제3조제4호 가목,관리주체 타기관(한국도로공사 수원지사) — 용인시 관리 시설 아님 · 시행령 제3조제4호 가목,② 관리주체 타기관
asset,BR1991-0000074,sapa_l2_result,검토필요,제외,② 관리주체 타기관
asset,BR1991-0000074,sapa_basis,시행령 제3조제4호 가목,관리주체 타기관(한국도로공사 군포지사) — 용인시 관리 시설 아님 · 시행령 제3조제4호 가목,② 관리주체 타기관
asset,BR1991-0000075,sapa_l2_result,검토필요,제외,② 관리주체 타기관
asset,BR1991-0000075,sapa_basis,시행령 제3조제4호 가목,관리주체 타기관(한국도로공사 군포지사) — 용인시 관리 시설 아님 · 시행령 제3조제4호 가목,② 관리주체 타기관
asset,BR1993-0000058,sapa_l2_result,검토필요,제외,② 관리주체 타기관
asset,BR1993-0000058,sapa_basis,시행령 제3조제4호 가목,관리주체 타기관(한국도로공사 수원지사) — 용인시 관리 시설 아님 · 시행령 제3조제4호 가목,② 관리주체 타기관
asset,BR1994-0000099,sapa_l2_result,해당,제외,② 관리주체 타기관
asset,BR1994-0000099,sapa_basis,시행령 제3조제4호 다목,관리주체 타기관(한국철도공사 수도권서부본부 시설처) — 용인시 관리 시설 아님 · 시행령 제3조제4호 다목,② 관리주체 타기관
asset,BR1994-0000100,sapa_l2_result,해당,제외,② 관리주체 타기관
asset,BR1994-0000100,sapa_basis,시행령 제3조제4호 다목,관리주체 타기관(한국철도공사 수도권서부본부 시설처) — 용인시 관리 시설 아님 · 시행령 제3조제4호 다목,② 관리주체 타기관
asset,BR1994-0000170,sapa_l2_result,검토필요,제외,② 관리주체 타기관
asset,BR1994-0000170,sapa_basis,시행령 제3조제4호 가목,관리주체 타기관(한국도로공사 이천지사) — 용인시 관리 시설 아님 · 시행령 제3조제4호 가목,② 관리주체 타기관
asset,BR1994-0000171,sapa_l2_result,검토필요,제외,② 관리주체 타기관
asset,BR1994-0000171,sapa_basis,시행령 제3조제4호 가목,관리주체 타기관(한국도로공사 이천지사) — 용인시 관리 시설 아님 · 시행령 제3조제4호 가목,② 관리주체 타기관
asset,BR1994-0000173,sapa_l2_result,검토필요,제외,② 관리주체 타기관
asset,BR1994-0000173,sapa_basis,시행령 제3조제4호 가목,관리주체 타기관(한국도로공사 이천지사) — 용인시 관리 시설 아님 · 시행령 제3조제4호 가목,② 관리주체 타기관
asset,BR1994-0000174,sapa_l2_result,검토필요,제외,② 관리주체 타기관
asset,BR1994-0000174,sapa_basis,시행령 제3조제4호 가목,관리주체 타기관(한국도로공사 이천지사) — 용인시 관리 시설 아님 · 시행령 제3조제4호 가목,② 관리주체 타기관
asset,BR1997-0000230,sapa_l2_result,검토필요,제외,② 관리주체 타기관
asset,BR1997-0000230,sapa_basis,시행령 제3조제4호 가목,관리주체 타기관(수원국토관리사무소) — 용인시 관리 시설 아님 · 시행령 제3조제4호 가목,② 관리주체 타기관
asset,BR1997-0000231,sapa_l2_result,검토필요,제외,② 관리주체 타기관
asset,BR1997-0000231,sapa_basis,시행령 제3조제4호 가목,관리주체 타기관(수원국토관리사무소) — 용인시 관리 시설 아님 · 시행령 제3조제4호 가목,② 관리주체 타기관
asset,BR1999-0000220,sapa_l2_result,검토필요,제외,② 관리주체 타기관
asset,BR1999-0000220,sapa_basis,시행령 제3조제4호 가목,관리주체 타기관(수원국토관리사무소) — 용인시 관리 시설 아님 · 시행령 제3조제4호 가목,② 관리주체 타기관
asset,BR2001-0000502,sapa_l2_result,검토필요,제외,② 관리주체 타기관
asset,BR2001-0000502,sapa_basis,시행령 제3조제4호 가목,관리주체 타기관(수원국토관리사무소) — 용인시 관리 시설 아님 · 시행령 제3조제4호 가목,② 관리주체 타기관
asset,BR2001-0000504,sapa_l2_result,검토필요,제외,② 관리주체 타기관
asset,BR2001-0000504,sapa_basis,시행령 제3조제4호 가목,관리주체 타기관(수원국토관리사무소) — 용인시 관리 시설 아님 · 시행령 제3조제4호 가목,② 관리주체 타기관
asset,BR2001-0000573,sapa_l2_result,검토필요,제외,② 관리주체 타기관
asset,BR2001-0000573,sapa_basis,시행령 제3조제4호 가목,관리주체 타기관(수원국토관리사무소) — 용인시 관리 시설 아님 · 시행령 제3조제4호 가목,② 관리주체 타기관
asset,BR2003-0000518,sapa_l2_result,검토필요,제외,② 관리주체 타기관
asset,BR2003-0000518,sapa_basis,시행령 제3조제4호 가목,관리주체 타기관(한국도로공사 수원지사) — 용인시 관리 시설 아님 · 시행령 제3조제4호 가목,② 관리주체 타기관
asset,BR2003-0000825,sapa_l2_result,검토필요,제외,② 관리주체 타기관
asset,BR2003-0000825,sapa_basis,시행령 제3조제4호 가목,관리주체 타기관(한국도로공사 군포지사) — 용인시 관리 시설 아님 · 시행령 제3조제4호 가목,② 관리주체 타기관
asset,BR2003-0000842,sapa_l2_result,검토필요,제외,② 관리주체 타기관
asset,BR2003-0000842,sapa_basis,시행령 제3조제4호 가목,관리주체 타기관(한국도로공사 군포지사) — 용인시 관리 시설 아님 · 시행령 제3조제4호 가목,② 관리주체 타기관
asset,BR2003-0000848,sapa_l2_result,검토필요,제외,② 관리주체 타기관
asset,BR2003-0000848,sapa_basis,시행령 제3조제4호 가목,관리주체 타기관(한국도로공사 군포지사) — 용인시 관리 시설 아님 · 시행령 제3조제4호 가목,② 관리주체 타기관
asset,BR2005-0000271,sapa_l2_result,검토필요,제외,② 관리주체 타기관
asset,BR2005-0000271,sapa_basis,시행령 제3조제4호 가목,관리주체 타기관(수원국토관리사무소) — 용인시 관리 시설 아님 · 시행령 제3조제4호 가목,② 관리주체 타기관
asset,BR2005-0000272,sapa_l2_result,검토필요,제외,② 관리주체 타기관
asset,BR2005-0000272,sapa_basis,시행령 제3조제4호 가목,관리주체 타기관(수원국토관리사무소) — 용인시 관리 시설 아님 · 시행령 제3조제4호 가목,② 관리주체 타기관
asset,BR2005-0000273,sapa_l2_result,검토필요,제외,② 관리주체 타기관
asset,BR2005-0000273,sapa_basis,시행령 제3조제4호 가목,관리주체 타기관(수원국토관리사무소) — 용인시 관리 시설 아님 · 시행령 제3조제4호 가목,② 관리주체 타기관
asset,BR2005-0000274,sapa_l2_result,검토필요,제외,② 관리주체 타기관
asset,BR2005-0000274,sapa_basis,시행령 제3조제4호 가목,관리주체 타기관(수원국토관리사무소) — 용인시 관리 시설 아님 · 시행령 제3조제4호 가목,② 관리주체 타기관
asset,BR2005-0000275,sapa_l2_result,검토필요,제외,② 관리주체 타기관
asset,BR2005-0000275,sapa_basis,시행령 제3조제4호 가목,관리주체 타기관(수원국토관리사무소) — 용인시 관리 시설 아님 · 시행령 제3조제4호 가목,② 관리주체 타기관
asset,BR2005-0000276,sapa_l2_result,검토필요,제외,② 관리주체 타기관
asset,BR2005-0000276,sapa_basis,시행령 제3조제4호 가목,관리주체 타기관(수원국토관리사무소) — 용인시 관리 시설 아님 · 시행령 제3조제4호 가목,② 관리주체 타기관
asset,BR2005-0000277,sapa_l2_result,검토필요,제외,② 관리주체 타기관
asset,BR2005-0000277,sapa_basis,시행령 제3조제4호 가목,관리주체 타기관(수원국토관리사무소) — 용인시 관리 시설 아님 · 시행령 제3조제4호 가목,② 관리주체 타기관
asset,BR2005-0000278,sapa_l2_result,검토필요,제외,② 관리주체 타기관
asset,BR2005-0000278,sapa_basis,시행령 제3조제4호 가목,관리주체 타기관(수원국토관리사무소) — 용인시 관리 시설 아님 · 시행령 제3조제4호 가목,② 관리주체 타기관
asset,BR2006-0000623,sapa_l2_result,검토필요,제외,② 관리주체 타기관
asset,BR2006-0000623,sapa_basis,시행령 제3조제4호 가목,관리주체 타기관(한국도로공사 군포지사) — 용인시 관리 시설 아님 · 시행령 제3조제4호 가목,② 관리주체 타기관
asset,BR2008-0000458,sapa_l2_result,검토필요,제외,② 관리주체 타기관
asset,BR2008-0000458,sapa_basis,시행령 제3조제4호 가목,관리주체 타기관(한국도로공사 군포지사) — 용인시 관리 시설 아님 · 시행령 제3조제4호 가목,② 관리주체 타기관
asset,BR2008-0000581,sapa_l2_result,검토필요,제외,② 관리주체 타기관
asset,BR2008-0000581,sapa_basis,시행령 제3조제4호 가목,관리주체 타기관(한국도로공사 수원지사) — 용인시 관리 시설 아님 · 시행령 제3조제4호 가목,② 관리주체 타기관
asset,BR2009-0000035,sapa_l2_result,해당,제외,② 관리주체 타기관
asset,BR2009-0000035,sapa_basis,시행령 제3조제4호 다목,관리주체 타기관(한국철도공사 수도권서부본부 시설처) — 용인시 관리 시설 아님 · 시행령 제3조제4호 다목,② 관리주체 타기관
asset,BR2009-0001242,sapa_l2_result,검토필요,제외,② 관리주체 타기관
asset,BR2009-0001242,sapa_basis,시행령 별표3 제1호,관리주체 타기관(수원국토관리사무소) — 용인시 관리 시설 아님 · 시행령 별표3 제1호,② 관리주체 타기관
asset,BR2010-0000601,sapa_l2_result,검토필요,제외,② 관리주체 타기관
asset,BR2010-0000601,sapa_basis,시행령 제3조제4호 가목,관리주체 타기관(경기도 건설본부 도로건설과) — 용인시 관리 시설 아님 · 시행령 제3조제4호 가목,② 관리주체 타기관
asset,BR2010-0000906,sapa_l2_result,검토필요,제외,② 관리주체 타기관
asset,BR2010-0000906,sapa_basis,시행령 제3조제4호 가목,관리주체 타기관(한국도로공사 수원지사) — 용인시 관리 시설 아님 · 시행령 제3조제4호 가목,② 관리주체 타기관
asset,BR2010-0000907,sapa_l2_result,검토필요,제외,② 관리주체 타기관
asset,BR2010-0000907,sapa_basis,시행령 제3조제4호 가목,관리주체 타기관(한국도로공사 수원지사) — 용인시 관리 시설 아님 · 시행령 제3조제4호 가목,② 관리주체 타기관
asset,BR2012-0000152,sapa_l2_result,검토필요,제외,② 관리주체 타기관
asset,BR2012-0000152,sapa_basis,시행령 제3조제4호 가목,관리주체 타기관(한국도로공사 이천지사) — 용인시 관리 시설 아님 · 시행령 제3조제4호 가목,② 관리주체 타기관
asset,BR2012-0000153,sapa_l2_result,검토필요,제외,② 관리주체 타기관
asset,BR2012-0000153,sapa_basis,시행령 제3조제4호 가목,관리주체 타기관(한국도로공사 이천지사) — 용인시 관리 시설 아님 · 시행령 제3조제4호 가목,② 관리주체 타기관
asset,BR2012-0000371,sapa_l2_result,검토필요,제외,② 관리주체 타기관
asset,BR2012-0000371,sapa_basis,시행령 제3조제4호 가목,관리주체 타기관(한국도로공사 이천지사) — 용인시 관리 시설 아님 · 시행령 제3조제4호 가목,② 관리주체 타기관
asset,BR2013-0000098,sapa_l2_result,검토필요,제외,② 관리주체 타기관
asset,BR2013-0000098,sapa_basis,시행령 제3조제4호 가목,관리주체 타기관(한국도로공사 군포지사) — 용인시 관리 시설 아님 · 시행령 제3조제4호 가목,② 관리주체 타기관
asset,BR2013-0000099,sapa_l2_result,검토필요,제외,② 관리주체 타기관
asset,BR2013-0000099,sapa_basis,시행령 제3조제4호 가목,관리주체 타기관(한국도로공사 군포지사) — 용인시 관리 시설 아님 · 시행령 제3조제4호 가목,② 관리주체 타기관
asset,BR2013-0000100,sapa_l2_result,검토필요,제외,② 관리주체 타기관
asset,BR2013-0000100,sapa_basis,시행령 제3조제4호 가목,관리주체 타기관(한국도로공사 군포지사) — 용인시 관리 시설 아님 · 시행령 제3조제4호 가목,② 관리주체 타기관
asset,BR2013-0000101,sapa_l2_result,검토필요,제외,② 관리주체 타기관
asset,BR2013-0000101,sapa_basis,시행령 제3조제4호 가목,관리주체 타기관(한국도로공사 군포지사) — 용인시 관리 시설 아님 · 시행령 제3조제4호 가목,② 관리주체 타기관
asset,BR2014-0000726,sapa_l2_result,검토필요,제외,② 관리주체 타기관
asset,BR2014-0000726,sapa_basis,시행령 별표3 제1호,관리주체 타기관(경기도 건설본부 도로건설과) — 용인시 관리 시설 아님 · 시행령 별표3 제1호,② 관리주체 타기관
asset,BR2016-0000542,sapa_l2_result,검토필요,제외,② 관리주체 타기관
asset,BR2016-0000542,sapa_basis,시행령 별표3 제1호,관리주체 타기관(한국토지주택공사 동탄사업본부) — 용인시 관리 시설 아님 · 시행령 별표3 제1호,② 관리주체 타기관
asset,BR2018-0000337,sapa_l2_result,검토필요,제외,② 관리주체 타기관
asset,BR2018-0000337,sapa_basis,시행령 별표3 제1호,관리주체 타기관(수원국토관리사무소) — 용인시 관리 시설 아님 · 시행령 별표3 제1호,② 관리주체 타기관
asset,BR2018-0000338,sapa_l2_result,검토필요,제외,② 관리주체 타기관
asset,BR2018-0000338,sapa_basis,시행령 별표3 제1호,관리주체 타기관(수원국토관리사무소) — 용인시 관리 시설 아님 · 시행령 별표3 제1호,② 관리주체 타기관
asset,BR2018-0000339,sapa_l2_result,검토필요,제외,② 관리주체 타기관
asset,BR2018-0000339,sapa_basis,시행령 별표3 제1호,관리주체 타기관(수원국토관리사무소) — 용인시 관리 시설 아님 · 시행령 별표3 제1호,② 관리주체 타기관
asset,BR2018-0000340,sapa_l2_result,검토필요,제외,② 관리주체 타기관
asset,BR2018-0000340,sapa_basis,시행령 별표3 제1호,관리주체 타기관(수원국토관리사무소) — 용인시 관리 시설 아님 · 시행령 별표3 제1호,② 관리주체 타기관
asset,BR2018-0000341,sapa_l2_result,검토필요,제외,② 관리주체 타기관
asset,BR2018-0000341,sapa_basis,시행령 별표3 제1호,관리주체 타기관(수원국토관리사무소) — 용인시 관리 시설 아님 · 시행령 별표3 제1호,② 관리주체 타기관
asset,BR2018-0000342,sapa_l2_result,검토필요,제외,② 관리주체 타기관
asset,BR2018-0000342,sapa_basis,시행령 별표3 제1호,관리주체 타기관(수원국토관리사무소) — 용인시 관리 시설 아님 · 시행령 별표3 제1호,② 관리주체 타기관
asset,BR2018-0000348,sapa_l2_result,검토필요,제외,② 관리주체 타기관
asset,BR2018-0000348,sapa_basis,시행령 별표3 제1호,관리주체 타기관(수원국토관리사무소) — 용인시 관리 시설 아님 · 시행령 별표3 제1호,② 관리주체 타기관
asset,BR2020-0000260,sapa_l2_result,검토필요,제외,② 관리주체 타기관
asset,BR2020-0000260,sapa_basis,시행령 별표3 제1호,관리주체 타기관(경기도 건설본부 도로건설과) — 용인시 관리 시설 아님 · 시행령 별표3 제1호,② 관리주체 타기관
asset,BR2020-0000261,sapa_l2_result,검토필요,제외,② 관리주체 타기관
asset,BR2020-0000261,sapa_basis,시행령 별표3 제1호,관리주체 타기관(경기도 건설본부 도로건설과) — 용인시 관리 시설 아님 · 시행령 별표3 제1호,② 관리주체 타기관
asset,BR2020-0000262,sapa_l2_result,검토필요,제외,② 관리주체 타기관
asset,BR2020-0000262,sapa_basis,시행령 별표3 제1호,관리주체 타기관(경기도 건설본부 도로건설과) — 용인시 관리 시설 아님 · 시행령 별표3 제1호,② 관리주체 타기관
asset,BR2020-0000263,sapa_l2_result,검토필요,제외,② 관리주체 타기관
asset,BR2020-0000263,sapa_basis,시행령 별표3 제1호,관리주체 타기관(경기도 건설본부 도로건설과) — 용인시 관리 시설 아님 · 시행령 별표3 제1호,② 관리주체 타기관
asset,BR2020-0000304,sapa_l2_result,검토필요,제외,② 관리주체 타기관
asset,BR2020-0000304,sapa_basis,시행령 별표3 제1호,관리주체 타기관(수원국토관리사무소) — 용인시 관리 시설 아님 · 시행령 별표3 제1호,② 관리주체 타기관
asset,BR2020-0000305,sapa_l2_result,검토필요,제외,② 관리주체 타기관
asset,BR2020-0000305,sapa_basis,시행령 별표3 제1호,관리주체 타기관(수원국토관리사무소) — 용인시 관리 시설 아님 · 시행령 별표3 제1호,② 관리주체 타기관
asset,BR2022-0000087,sapa_l2_result,검토필요,제외,② 관리주체 타기관
asset,BR2022-0000087,sapa_basis,시행령 별표3 제1호,관리주체 타기관(한국도로공사 수원지사) — 용인시 관리 시설 아님 · 시행령 별표3 제1호,② 관리주체 타기관
asset,BR2022-0000089,sapa_l2_result,검토필요,제외,② 관리주체 타기관
asset,BR2022-0000089,sapa_basis,시행령 별표3 제1호,관리주체 타기관(한국도로공사 수원지사) — 용인시 관리 시설 아님 · 시행령 별표3 제1호,② 관리주체 타기관
asset,BR2023-0000111,sapa_l2_result,검토필요,제외,② 관리주체 타기관
asset,BR2023-0000111,sapa_basis,시행령 별표3 제1호,관리주체 타기관(한국도로공사 수원지사) — 용인시 관리 시설 아님 · 시행령 별표3 제1호,② 관리주체 타기관
asset,BR2023-0000112,sapa_l2_result,검토필요,제외,② 관리주체 타기관
asset,BR2023-0000112,sapa_basis,시행령 별표3 제1호,관리주체 타기관(한국도로공사 수원지사) — 용인시 관리 시설 아님 · 시행령 별표3 제1호,② 관리주체 타기관
asset,BR2023-0000113,sapa_l2_result,검토필요,제외,② 관리주체 타기관
asset,BR2023-0000113,sapa_basis,시행령 별표3 제1호,관리주체 타기관(한국도로공사 수원지사) — 용인시 관리 시설 아님 · 시행령 별표3 제1호,② 관리주체 타기관
asset,RW1998-0000037,sapa_l2_result,검토필요,제외,② 관리주체 타기관
asset,RW1998-0000037,sapa_basis,시행령 별표3 제8호,관리주체 타기관(한국석유공사 용인지사) — 용인시 관리 시설 아님 · 시행령 별표3 제8호,② 관리주체 타기관
asset,RW2000-0000064,sapa_l2_result,검토필요,제외,② 관리주체 타기관
asset,RW2000-0000064,sapa_basis,시행령 별표3 제8호,관리주체 타기관(경기도용인교육지원청) — 용인시 관리 시설 아님 · 시행령 별표3 제8호,② 관리주체 타기관
asset,RW2001-0000005,sapa_l2_result,검토필요,제외,② 관리주체 타기관
asset,RW2001-0000005,sapa_basis,시행령 별표3 제8호,관리주체 타기관(경기도용인교육지원청) — 용인시 관리 시설 아님 · 시행령 별표3 제8호,② 관리주체 타기관
asset,RW2001-0000006,sapa_l2_result,검토필요,제외,② 관리주체 타기관
asset,RW2001-0000006,sapa_basis,시행령 별표3 제8호,관리주체 타기관(경기도용인교육지원청) — 용인시 관리 시설 아님 · 시행령 별표3 제8호,② 관리주체 타기관
asset,RW2001-0000007,sapa_l2_result,검토필요,제외,② 관리주체 타기관
asset,RW2001-0000007,sapa_basis,시행령 별표3 제8호,관리주체 타기관(경기도용인교육지원청) — 용인시 관리 시설 아님 · 시행령 별표3 제8호,② 관리주체 타기관
asset,RW2001-0000008,sapa_l2_result,검토필요,제외,② 관리주체 타기관
asset,RW2001-0000008,sapa_basis,시행령 별표3 제8호,관리주체 타기관(경기도용인교육지원청) — 용인시 관리 시설 아님 · 시행령 별표3 제8호,② 관리주체 타기관
asset,RW2001-0000037,sapa_l2_result,검토필요,제외,② 관리주체 타기관
asset,RW2001-0000037,sapa_basis,중처법 제2조제4호 단서,관리주체 타기관(서원초등학교) — 용인시 관리 시설 아님 · 중처법 제2조제4호 단서,② 관리주체 타기관
asset,RW2002-0000004,sapa_l2_result,검토필요,제외,② 관리주체 타기관
asset,RW2002-0000004,sapa_basis,시행령 별표3 제8호,관리주체 타기관(경기도용인교육지원청) — 용인시 관리 시설 아님 · 시행령 별표3 제8호,② 관리주체 타기관
asset,RW2002-0000052,sapa_l2_result,검토필요,제외,② 관리주체 타기관
asset,RW2002-0000052,sapa_basis,시행령 별표3 제8호,관리주체 타기관(경기도용인교육지원청) — 용인시 관리 시설 아님 · 시행령 별표3 제8호,② 관리주체 타기관
asset,RW2003-0000129,sapa_l2_result,검토필요,제외,② 관리주체 타기관
asset,RW2003-0000129,sapa_basis,시행령 별표3 제8호,관리주체 타기관(LH 경기남부지역본부 주거자산관리 1부 용인김량장2) — 용인시 관리 시설 아님 · 시행령 별표3 제8호,② 관리주체 타기관
asset,RW2003-0000253,sapa_l2_result,검토필요,제외,② 관리주체 타기관
asset,RW2003-0000253,sapa_basis,시행령 별표3 제8호,관리주체 타기관(경기도용인교육지원청) — 용인시 관리 시설 아님 · 시행령 별표3 제8호,② 관리주체 타기관
asset,RW2004-0000004,sapa_l2_result,검토필요,제외,② 관리주체 타기관
asset,RW2004-0000004,sapa_basis,시행령 별표3 제8호,관리주체 타기관(한국도로공사 이천지사) — 용인시 관리 시설 아님 · 시행령 별표3 제8호,② 관리주체 타기관
asset,RW2004-0000204,sapa_l2_result,검토필요,제외,② 관리주체 타기관
asset,RW2004-0000204,sapa_basis,시행령 별표3 제8호,관리주체 타기관(경기도용인교육지원청) — 용인시 관리 시설 아님 · 시행령 별표3 제8호,② 관리주체 타기관
asset,RW2005-0000144,sapa_l2_result,검토필요,제외,② 관리주체 타기관
asset,RW2005-0000144,sapa_basis,시행령 별표3 제8호,관리주체 타기관(경기도용인교육지원청) — 용인시 관리 시설 아님 · 시행령 별표3 제8호,② 관리주체 타기관
asset,RW2006-0000208,sapa_l2_result,검토필요,제외,② 관리주체 타기관
asset,RW2006-0000208,sapa_basis,시행령 별표3 제8호,관리주체 타기관(경기도용인교육지원청) — 용인시 관리 시설 아님 · 시행령 별표3 제8호,② 관리주체 타기관
asset,RW2008-0000112,sapa_l2_result,검토필요,제외,② 관리주체 타기관
asset,RW2008-0000112,sapa_basis,시행령 별표3 제8호,관리주체 타기관(LH 경기남부지역본부 주거자산관리 1부 용인구성9) — 용인시 관리 시설 아님 · 시행령 별표3 제8호,② 관리주체 타기관
asset,RW2009-0000058,sapa_l2_result,검토필요,제외,② 관리주체 타기관
asset,RW2009-0000058,sapa_basis,시행령 별표3 제8호,관리주체 타기관(한국도로공사 수원지사) — 용인시 관리 시설 아님 · 시행령 별표3 제8호,② 관리주체 타기관
asset,RW2009-0000128,sapa_l2_result,검토필요,제외,② 관리주체 타기관
asset,RW2009-0000128,sapa_basis,시행령 별표3 제8호,관리주체 타기관(경기도용인교육지원청) — 용인시 관리 시설 아님 · 시행령 별표3 제8호,② 관리주체 타기관
asset,RW2009-0000151,sapa_l2_result,검토필요,제외,② 관리주체 타기관
asset,RW2009-0000151,sapa_basis,시행령 별표3 제8호,관리주체 타기관(한국전력공사 경기본부) — 용인시 관리 시설 아님 · 시행령 별표3 제8호,② 관리주체 타기관
asset,RW2010-0000133,sapa_l2_result,검토필요,제외,② 관리주체 타기관
asset,RW2010-0000133,sapa_basis,시행령 별표3 제8호,관리주체 타기관(한국도로공사 수원지사) — 용인시 관리 시설 아님 · 시행령 별표3 제8호,② 관리주체 타기관
asset,RW2011-0000165,sapa_l2_result,검토필요,제외,② 관리주체 타기관
asset,RW2011-0000165,sapa_basis,시행령 별표3 제8호,관리주체 타기관(한국전력공사 경기본부) — 용인시 관리 시설 아님 · 시행령 별표3 제8호,② 관리주체 타기관
asset,RW2011-0000166,sapa_l2_result,검토필요,제외,② 관리주체 타기관
asset,RW2011-0000166,sapa_basis,시행령 별표3 제8호,관리주체 타기관(한국도로공사 군포지사) — 용인시 관리 시설 아님 · 시행령 별표3 제8호,② 관리주체 타기관
asset,RW2012-0000142,sapa_l2_result,검토필요,제외,② 관리주체 타기관
asset,RW2012-0000142,sapa_basis,시행령 별표3 제8호,관리주체 타기관(경기도용인교육지원청) — 용인시 관리 시설 아님 · 시행령 별표3 제8호,② 관리주체 타기관
asset,RW2013-0000123,sapa_l2_result,검토필요,제외,② 관리주체 타기관
asset,RW2013-0000123,sapa_basis,시행령 별표3 제8호,관리주체 타기관(한국석유공사 용인지사) — 용인시 관리 시설 아님 · 시행령 별표3 제8호,② 관리주체 타기관
asset,RW2013-0000214,sapa_l2_result,검토필요,제외,② 관리주체 타기관
asset,RW2013-0000214,sapa_basis,시행령 별표3 제8호,관리주체 타기관(경기도용인교육지원청) — 용인시 관리 시설 아님 · 시행령 별표3 제8호,② 관리주체 타기관
asset,RW2013-0000215,sapa_l2_result,검토필요,제외,② 관리주체 타기관
asset,RW2013-0000215,sapa_basis,시행령 별표3 제8호,관리주체 타기관(경기도용인교육지원청) — 용인시 관리 시설 아님 · 시행령 별표3 제8호,② 관리주체 타기관
asset,RW2016-0000212,sapa_l2_result,검토필요,제외,② 관리주체 타기관
asset,RW2016-0000212,sapa_basis,시행령 별표3 제8호,관리주체 타기관(한국토지주택공사 동탄사업본부) — 용인시 관리 시설 아님 · 시행령 별표3 제8호,② 관리주체 타기관
asset,RW2018-0000266,sapa_l2_result,검토필요,제외,② 관리주체 타기관
asset,RW2018-0000266,sapa_basis,시행령 별표3 제8호,관리주체 타기관(수원국토관리사무소) — 용인시 관리 시설 아님 · 시행령 별표3 제8호,② 관리주체 타기관
asset,RW2018-0000268,sapa_l2_result,검토필요,제외,② 관리주체 타기관
asset,RW2018-0000268,sapa_basis,시행령 별표3 제8호,관리주체 타기관(수원국토관리사무소) — 용인시 관리 시설 아님 · 시행령 별표3 제8호,② 관리주체 타기관
asset,RW2018-0000269,sapa_l2_result,검토필요,제외,② 관리주체 타기관
asset,RW2018-0000269,sapa_basis,시행령 별표3 제8호,관리주체 타기관(수원국토관리사무소) — 용인시 관리 시설 아님 · 시행령 별표3 제8호,② 관리주체 타기관
asset,RW2018-0000270,sapa_l2_result,검토필요,제외,② 관리주체 타기관
asset,RW2018-0000270,sapa_basis,시행령 별표3 제8호,관리주체 타기관(수원국토관리사무소) — 용인시 관리 시설 아님 · 시행령 별표3 제8호,② 관리주체 타기관
asset,RW2018-0000272,sapa_l2_result,검토필요,제외,② 관리주체 타기관
asset,RW2018-0000272,sapa_basis,시행령 별표3 제8호,관리주체 타기관(수원국토관리사무소) — 용인시 관리 시설 아님 · 시행령 별표3 제8호,② 관리주체 타기관
asset,RW2021-0000131,sapa_l2_result,검토필요,제외,② 관리주체 타기관
asset,RW2021-0000131,sapa_basis,시행령 별표3 제8호,관리주체 타기관(기흥구청) — 용인시 관리 시설 아님 · 시행령 별표3 제8호,② 관리주체 타기관
asset,TU1994-0000014,sapa_l2_result,검토필요,제외,② 관리주체 타기관
asset,TU1994-0000014,sapa_basis,시행령 제3조제4호 나목,관리주체 타기관(한국도로공사 이천지사) — 용인시 관리 시설 아님 · 시행령 제3조제4호 나목,② 관리주체 타기관
asset,TU1994-0000015,sapa_l2_result,검토필요,제외,② 관리주체 타기관
asset,TU1994-0000015,sapa_basis,시행령 제3조제4호 나목,관리주체 타기관(한국도로공사 이천지사) — 용인시 관리 시설 아님 · 시행령 제3조제4호 나목,② 관리주체 타기관
asset,TU1994-0000016,sapa_l2_result,검토필요,제외,② 관리주체 타기관
asset,TU1994-0000016,sapa_basis,시행령 제3조제4호 나목,관리주체 타기관(한국도로공사 군포지사) — 용인시 관리 시설 아님 · 시행령 제3조제4호 나목,② 관리주체 타기관
asset,TU1994-0000017,sapa_l2_result,검토필요,제외,② 관리주체 타기관
asset,TU1994-0000017,sapa_basis,시행령 제3조제4호 나목,관리주체 타기관(한국도로공사 군포지사) — 용인시 관리 시설 아님 · 시행령 제3조제4호 나목,② 관리주체 타기관
asset,TU2009-0000008,sapa_l2_result,해당,제외,② 관리주체 타기관
asset,TU2009-0000008,sapa_basis,시행령 제3조제4호 라목,관리주체 타기관(한국철도공사 수도권서부본부 시설처) — 용인시 관리 시설 아님 · 시행령 제3조제4호 라목,② 관리주체 타기관
asset,TU2009-0000078,sapa_l2_result,검토필요,제외,② 관리주체 타기관
asset,TU2009-0000078,sapa_basis,시행령 제3조제4호 나목,관리주체 타기관(경기도 건설본부 도로건설과) — 용인시 관리 시설 아님 · 시행령 제3조제4호 나목,② 관리주체 타기관
asset,TU2010-0000087,sapa_l2_result,검토필요,제외,② 관리주체 타기관
asset,TU2010-0000087,sapa_basis,시행령 제3조제4호 나목,관리주체 타기관(경기도 건설본부 도로건설과) — 용인시 관리 시설 아님 · 시행령 제3조제4호 나목,② 관리주체 타기관
asset,TU2012-0000028,sapa_l2_result,검토필요,제외,② 관리주체 타기관
asset,TU2012-0000028,sapa_basis,시행령 제3조제4호 나목,관리주체 타기관(한국도로공사 이천지사) — 용인시 관리 시설 아님 · 시행령 제3조제4호 나목,② 관리주체 타기관
asset,TU2012-0000207,sapa_l2_result,검토필요,제외,② 관리주체 타기관
asset,TU2012-0000207,sapa_basis,시행령 제3조제4호 나목,관리주체 타기관(경기도 건설본부 도로건설과) — 용인시 관리 시설 아님 · 시행령 제3조제4호 나목,② 관리주체 타기관
asset,TU2013-0000001,sapa_l2_result,해당,제외,② 관리주체 타기관
asset,TU2013-0000001,sapa_basis,시행령 제3조제4호 라목,관리주체 타기관(한국철도공사 수도권서부본부 시설처) — 용인시 관리 시설 아님 · 시행령 제3조제4호 라목,② 관리주체 타기관
asset,TU2013-0000024,sapa_l2_result,검토필요,제외,② 관리주체 타기관
asset,TU2013-0000024,sapa_basis,시행령 제3조제4호 나목,관리주체 타기관(한국도로공사 군포지사) — 용인시 관리 시설 아님 · 시행령 제3조제4호 나목,② 관리주체 타기관
asset,TU2013-0000025,sapa_l2_result,검토필요,제외,② 관리주체 타기관
asset,TU2013-0000025,sapa_basis,시행령 제3조제4호 나목,관리주체 타기관(한국도로공사 군포지사) — 용인시 관리 시설 아님 · 시행령 제3조제4호 나목,② 관리주체 타기관
asset,TU2013-0000122,sapa_l2_result,해당,제외,② 관리주체 타기관
asset,TU2013-0000122,sapa_basis,시행령 제3조제4호 라목,관리주체 타기관(한국철도공사 수도권서부본부 시설처) — 용인시 관리 시설 아님 · 시행령 제3조제4호 라목,② 관리주체 타기관
asset,TU2013-0000124,sapa_l2_result,해당,제외,② 관리주체 타기관
asset,TU2013-0000124,sapa_basis,시행령 제3조제4호 라목,관리주체 타기관(한국철도공사 수도권서부본부 시설처) — 용인시 관리 시설 아님 · 시행령 제3조제4호 라목,② 관리주체 타기관
asset,TU2013-0000125,sapa_l2_result,해당,제외,② 관리주체 타기관
asset,TU2013-0000125,sapa_basis,시행령 제3조제4호 라목,관리주체 타기관(한국철도공사 수도권서부본부 시설처) — 용인시 관리 시설 아님 · 시행령 제3조제4호 라목,② 관리주체 타기관
asset,TU2014-0000042,sapa_l2_result,해당,제외,② 관리주체 타기관
asset,TU2014-0000042,sapa_basis,시행령 제3조제4호 라목,관리주체 타기관(한국철도공사 수도권서부본부 시설처) — 용인시 관리 시설 아님 · 시행령 제3조제4호 라목,② 관리주체 타기관
asset,TU2016-0000097,sapa_l2_result,검토필요,제외,② 관리주체 타기관
asset,TU2016-0000097,sapa_basis,시행령 별표3 제1호,관리주체 타기관(고속시설사업단(오송고속광역2)) — 용인시 관리 시설 아님 · 시행령 별표3 제1호,② 관리주체 타기관
asset,TU2018-0000166,sapa_l2_result,검토필요,제외,② 관리주체 타기관
asset,TU2018-0000166,sapa_basis,시행령 별표3 제2호,관리주체 타기관(수원국토관리사무소) — 용인시 관리 시설 아님 · 시행령 별표3 제2호,② 관리주체 타기관
asset,TU2018-0000167,sapa_l2_result,검토필요,제외,② 관리주체 타기관
asset,TU2018-0000167,sapa_basis,시행령 별표3 제2호,관리주체 타기관(수원국토관리사무소) — 용인시 관리 시설 아님 · 시행령 별표3 제2호,② 관리주체 타기관
asset,TU2018-0000168,sapa_l2_result,검토필요,제외,② 관리주체 타기관
asset,TU2018-0000168,sapa_basis,시행령 별표3 제2호,관리주체 타기관(수원국토관리사무소) — 용인시 관리 시설 아님 · 시행령 별표3 제2호,② 관리주체 타기관
asset,TU2018-0000169,sapa_l2_result,검토필요,제외,② 관리주체 타기관
asset,TU2018-0000169,sapa_basis,시행령 별표3 제2호,관리주체 타기관(수원국토관리사무소) — 용인시 관리 시설 아님 · 시행령 별표3 제2호,② 관리주체 타기관
asset,TU2018-0000170,sapa_l2_result,검토필요,제외,② 관리주체 타기관
asset,TU2018-0000170,sapa_basis,시행령 별표3 제2호,관리주체 타기관(수원국토관리사무소) — 용인시 관리 시설 아님 · 시행령 별표3 제2호,② 관리주체 타기관
asset,TU2018-0000171,sapa_l2_result,검토필요,제외,② 관리주체 타기관
asset,TU2018-0000171,sapa_basis,시행령 별표3 제2호,관리주체 타기관(수원국토관리사무소) — 용인시 관리 시설 아님 · 시행령 별표3 제2호,② 관리주체 타기관
duty_assignment,ASG-000012,applicability,해당,확인필요,③ 관리주체 확인필요
duty_assignment,ASG-000012,applicability_note,,관리주체 확인 필요(FMS 관리주체 정보 없음·추정) — 용인시 관리면 「해당」으로,③ 관리주체 확인필요
duty_assignment,ASG-000013,applicability,해당,비해당,② 타기관
duty_assignment,ASG-000013,applicability_note,,관리주체 타기관(수원국토관리사무소) — 용인시 관리 시설 아님(FMS 관리주체 · 09-24),② 타기관
duty_assignment,ASG-000013,decided_by,,G01,② 타기관
duty_assignment,ASG-000013,decided_at,,2026-09-24,② 타기관
duty_assignment,ASG-000014,applicability,해당,확인필요,③ 관리주체 확인필요
duty_assignment,ASG-000014,applicability_note,,관리주체 확인 필요(FMS 관리주체 정보 없음·추정) — 용인시 관리면 「해당」으로,③ 관리주체 확인필요
duty_assignment,ASG-000016,applicability,해당,확인필요,③ 관리주체 확인필요
duty_assignment,ASG-000016,applicability_note,,관리주체 확인 필요(FMS 관리주체 정보 없음·추정) — 용인시 관리면 「해당」으로,③ 관리주체 확인필요
duty_assignment,ASG-000017,applicability,해당,비해당,② 타기관
duty_assignment,ASG-000017,applicability_note,,관리주체 타기관(수원국토관리사무소) — 용인시 관리 시설 아님(FMS 관리주체 · 09-24),② 타기관
duty_assignment,ASG-000017,decided_by,,G01,② 타기관
duty_assignment,ASG-000017,decided_at,,2026-09-24,② 타기관
duty_assignment,ASG-000018,applicability,해당,확인필요,③ 관리주체 확인필요
duty_assignment,ASG-000018,applicability_note,,관리주체 확인 필요(FMS 관리주체 정보 없음·추정) — 용인시 관리면 「해당」으로,③ 관리주체 확인필요
duty_assignment,ASG-000020,applicability,해당,확인필요,③ 관리주체 확인필요
duty_assignment,ASG-000020,applicability_note,,관리주체 확인 필요(FMS 관리주체 정보 없음·추정) — 용인시 관리면 「해당」으로,③ 관리주체 확인필요
duty_assignment,ASG-000021,applicability,해당,비해당,② 타기관
duty_assignment,ASG-000021,applicability_note,,관리주체 타기관(수원국토관리사무소) — 용인시 관리 시설 아님(FMS 관리주체 · 09-24),② 타기관
duty_assignment,ASG-000021,decided_by,,G01,② 타기관
duty_assignment,ASG-000021,decided_at,,2026-09-24,② 타기관
duty_assignment,ASG-000022,applicability,해당,확인필요,③ 관리주체 확인필요
duty_assignment,ASG-000022,applicability_note,,관리주체 확인 필요(FMS 관리주체 정보 없음·추정) — 용인시 관리면 「해당」으로,③ 관리주체 확인필요
duty_assignment,ASG-000024,applicability,해당,확인필요,③ 관리주체 확인필요
duty_assignment,ASG-000024,applicability_note,,관리주체 확인 필요(FMS 관리주체 정보 없음·추정) — 용인시 관리면 「해당」으로,③ 관리주체 확인필요
duty_assignment,ASG-000025,applicability,해당,비해당,② 타기관
duty_assignment,ASG-000025,applicability_note,,관리주체 타기관(수원국토관리사무소) — 용인시 관리 시설 아님(FMS 관리주체 · 09-24),② 타기관
duty_assignment,ASG-000025,decided_by,,G01,② 타기관
duty_assignment,ASG-000025,decided_at,,2026-09-24,② 타기관
duty_assignment,ASG-000026,applicability,해당,확인필요,③ 관리주체 확인필요
duty_assignment,ASG-000026,applicability_note,,관리주체 확인 필요(FMS 관리주체 정보 없음·추정) — 용인시 관리면 「해당」으로,③ 관리주체 확인필요
duty_assignment,ASG-000028,applicability,해당,확인필요,③ 관리주체 확인필요
duty_assignment,ASG-000028,applicability_note,,관리주체 확인 필요(FMS 관리주체 정보 없음·추정) — 용인시 관리면 「해당」으로,③ 관리주체 확인필요
duty_assignment,ASG-000029,applicability,해당,비해당,② 타기관
duty_assignment,ASG-000029,applicability_note,,관리주체 타기관(수원국토관리사무소) — 용인시 관리 시설 아님(FMS 관리주체 · 09-24),② 타기관
duty_assignment,ASG-000029,decided_by,,G01,② 타기관
duty_assignment,ASG-000029,decided_at,,2026-09-24,② 타기관
duty_assignment,ASG-000030,applicability,해당,확인필요,③ 관리주체 확인필요
duty_assignment,ASG-000030,applicability_note,,관리주체 확인 필요(FMS 관리주체 정보 없음·추정) — 용인시 관리면 「해당」으로,③ 관리주체 확인필요
duty_assignment,ASG-000034,applicability,해당,확인필요,③ 관리주체 확인필요
duty_assignment,ASG-000034,applicability_note,,관리주체 확인 필요(FMS 관리주체 정보 없음·추정) — 용인시 관리면 「해당」으로,③ 관리주체 확인필요
duty_assignment,ASG-000035,applicability,해당,확인필요,③ 관리주체 확인필요
duty_assignment,ASG-000035,applicability_note,,관리주체 확인 필요(FMS 관리주체 정보 없음·추정) — 용인시 관리면 「해당」으로,③ 관리주체 확인필요
duty_assignment,ASG-000036,applicability,해당,확인필요,③ 관리주체 확인필요
duty_assignment,ASG-000036,applicability_note,,관리주체 확인 필요(FMS 관리주체 정보 없음·추정) — 용인시 관리면 「해당」으로,③ 관리주체 확인필요
duty_assignment,ASG-000100,applicability,해당,확인필요,③ 관리주체 확인필요
duty_assignment,ASG-000100,applicability_note,,관리주체 확인 필요(FMS 관리주체 정보 없음·추정) — 용인시 관리면 「해당」으로,③ 관리주체 확인필요
duty_assignment,ASG-000101,applicability,해당,확인필요,③ 관리주체 확인필요
duty_assignment,ASG-000101,applicability_note,,관리주체 확인 필요(FMS 관리주체 정보 없음·추정) — 용인시 관리면 「해당」으로,③ 관리주체 확인필요
duty_assignment,ASG-000102,applicability,해당,확인필요,③ 관리주체 확인필요
duty_assignment,ASG-000102,applicability_note,,관리주체 확인 필요(FMS 관리주체 정보 없음·추정) — 용인시 관리면 「해당」으로,③ 관리주체 확인필요
duty_assignment,ASG-000219,applicability,해당,확인필요,③ 관리주체 확인필요
duty_assignment,ASG-000219,applicability_note,,관리주체 확인 필요(FMS 관리주체 정보 없음·추정) — 용인시 관리면 「해당」으로,③ 관리주체 확인필요
duty_assignment,ASG-000220,applicability,해당,비해당,② 타기관
duty_assignment,ASG-000220,applicability_note,,관리주체 타기관(수원국토관리사무소) — 용인시 관리 시설 아님(FMS 관리주체 · 09-24),② 타기관
duty_assignment,ASG-000220,decided_by,,G01,② 타기관
duty_assignment,ASG-000220,decided_at,,2026-09-24,② 타기관
duty_assignment,ASG-000221,applicability,해당,확인필요,③ 관리주체 확인필요
duty_assignment,ASG-000221,applicability_note,,관리주체 확인 필요(FMS 관리주체 정보 없음·추정) — 용인시 관리면 「해당」으로,③ 관리주체 확인필요
duty_assignment,ASG-000227,applicability,해당,확인필요,③ 관리주체 확인필요
duty_assignment,ASG-000227,applicability_note,,관리주체 확인 필요(FMS 관리주체 정보 없음·추정) — 용인시 관리면 「해당」으로,③ 관리주체 확인필요
duty_assignment,ASG-000228,applicability,해당,비해당,② 타기관
duty_assignment,ASG-000228,applicability_note,,관리주체 타기관(수원국토관리사무소) — 용인시 관리 시설 아님(FMS 관리주체 · 09-24),② 타기관
duty_assignment,ASG-000228,decided_by,,G01,② 타기관
duty_assignment,ASG-000228,decided_at,,2026-09-24,② 타기관
duty_assignment,ASG-000229,applicability,해당,확인필요,③ 관리주체 확인필요
duty_assignment,ASG-000229,applicability_note,,관리주체 확인 필요(FMS 관리주체 정보 없음·추정) — 용인시 관리면 「해당」으로,③ 관리주체 확인필요
duty_assignment,ASG-000231,applicability,해당,확인필요,③ 관리주체 확인필요
duty_assignment,ASG-000231,applicability_note,,관리주체 확인 필요(FMS 관리주체 정보 없음·추정) — 용인시 관리면 「해당」으로,③ 관리주체 확인필요
duty_assignment,ASG-000232,applicability,해당,비해당,② 타기관
duty_assignment,ASG-000232,applicability_note,,관리주체 타기관(수원국토관리사무소) — 용인시 관리 시설 아님(FMS 관리주체 · 09-24),② 타기관
duty_assignment,ASG-000232,decided_by,,G01,② 타기관
duty_assignment,ASG-000232,decided_at,,2026-09-24,② 타기관
duty_assignment,ASG-000233,applicability,해당,확인필요,③ 관리주체 확인필요
duty_assignment,ASG-000233,applicability_note,,관리주체 확인 필요(FMS 관리주체 정보 없음·추정) — 용인시 관리면 「해당」으로,③ 관리주체 확인필요
duty_assignment,ASG-000235,applicability,해당,확인필요,③ 관리주체 확인필요
duty_assignment,ASG-000235,applicability_note,,관리주체 확인 필요(FMS 관리주체 정보 없음·추정) — 용인시 관리면 「해당」으로,③ 관리주체 확인필요
duty_assignment,ASG-000236,applicability,해당,비해당,② 타기관
duty_assignment,ASG-000236,applicability_note,,관리주체 타기관(수원국토관리사무소) — 용인시 관리 시설 아님(FMS 관리주체 · 09-24),② 타기관
duty_assignment,ASG-000236,decided_by,,G01,② 타기관
duty_assignment,ASG-000236,decided_at,,2026-09-24,② 타기관
duty_assignment,ASG-000237,applicability,해당,확인필요,③ 관리주체 확인필요
duty_assignment,ASG-000237,applicability_note,,관리주체 확인 필요(FMS 관리주체 정보 없음·추정) — 용인시 관리면 「해당」으로,③ 관리주체 확인필요
duty_assignment,ASG-000239,applicability,해당,확인필요,③ 관리주체 확인필요
duty_assignment,ASG-000239,applicability_note,,관리주체 확인 필요(FMS 관리주체 정보 없음·추정) — 용인시 관리면 「해당」으로,③ 관리주체 확인필요
duty_assignment,ASG-000240,applicability,해당,비해당,② 타기관
duty_assignment,ASG-000240,applicability_note,,관리주체 타기관(수원국토관리사무소) — 용인시 관리 시설 아님(FMS 관리주체 · 09-24),② 타기관
duty_assignment,ASG-000240,decided_by,,G01,② 타기관
duty_assignment,ASG-000240,decided_at,,2026-09-24,② 타기관
duty_assignment,ASG-000241,applicability,해당,확인필요,③ 관리주체 확인필요
duty_assignment,ASG-000241,applicability_note,,관리주체 확인 필요(FMS 관리주체 정보 없음·추정) — 용인시 관리면 「해당」으로,③ 관리주체 확인필요
duty_assignment,ASG-000243,applicability,해당,확인필요,③ 관리주체 확인필요
duty_assignment,ASG-000243,applicability_note,,관리주체 확인 필요(FMS 관리주체 정보 없음·추정) — 용인시 관리면 「해당」으로,③ 관리주체 확인필요
duty_assignment,ASG-000244,applicability,해당,비해당,② 타기관
duty_assignment,ASG-000244,applicability_note,,관리주체 타기관(수원국토관리사무소) — 용인시 관리 시설 아님(FMS 관리주체 · 09-24),② 타기관
duty_assignment,ASG-000244,decided_by,,G01,② 타기관
duty_assignment,ASG-000244,decided_at,,2026-09-24,② 타기관
duty_assignment,ASG-000245,applicability,해당,확인필요,③ 관리주체 확인필요
duty_assignment,ASG-000245,applicability_note,,관리주체 확인 필요(FMS 관리주체 정보 없음·추정) — 용인시 관리면 「해당」으로,③ 관리주체 확인필요
duty_assignment,ASG-000247,applicability,해당,확인필요,③ 관리주체 확인필요
duty_assignment,ASG-000247,applicability_note,,관리주체 확인 필요(FMS 관리주체 정보 없음·추정) — 용인시 관리면 「해당」으로,③ 관리주체 확인필요
duty_assignment,ASG-000248,applicability,해당,비해당,② 타기관
duty_assignment,ASG-000248,applicability_note,,관리주체 타기관(수원국토관리사무소) — 용인시 관리 시설 아님(FMS 관리주체 · 09-24),② 타기관
duty_assignment,ASG-000248,decided_by,,G01,② 타기관
duty_assignment,ASG-000248,decided_at,,2026-09-24,② 타기관
duty_assignment,ASG-000249,applicability,해당,확인필요,③ 관리주체 확인필요
duty_assignment,ASG-000249,applicability_note,,관리주체 확인 필요(FMS 관리주체 정보 없음·추정) — 용인시 관리면 「해당」으로,③ 관리주체 확인필요
duty_assignment,ASG-000251,applicability,해당,확인필요,③ 관리주체 확인필요
duty_assignment,ASG-000251,applicability_note,,관리주체 확인 필요(FMS 관리주체 정보 없음·추정) — 용인시 관리면 「해당」으로,③ 관리주체 확인필요
duty_assignment,ASG-000252,applicability,해당,비해당,② 타기관
duty_assignment,ASG-000252,applicability_note,,관리주체 타기관(수원국토관리사무소) — 용인시 관리 시설 아님(FMS 관리주체 · 09-24),② 타기관
duty_assignment,ASG-000252,decided_by,,G01,② 타기관
duty_assignment,ASG-000252,decided_at,,2026-09-24,② 타기관
duty_assignment,ASG-000253,applicability,해당,확인필요,③ 관리주체 확인필요
duty_assignment,ASG-000253,applicability_note,,관리주체 확인 필요(FMS 관리주체 정보 없음·추정) — 용인시 관리면 「해당」으로,③ 관리주체 확인필요
duty_assignment,ASG-000255,applicability,해당,확인필요,③ 관리주체 확인필요
duty_assignment,ASG-000255,applicability_note,,관리주체 확인 필요(FMS 관리주체 정보 없음·추정) — 용인시 관리면 「해당」으로,③ 관리주체 확인필요
duty_assignment,ASG-000256,applicability,해당,비해당,② 타기관
duty_assignment,ASG-000256,applicability_note,,관리주체 타기관(수원국토관리사무소) — 용인시 관리 시설 아님(FMS 관리주체 · 09-24),② 타기관
duty_assignment,ASG-000256,decided_by,,G01,② 타기관
duty_assignment,ASG-000256,decided_at,,2026-09-24,② 타기관
duty_assignment,ASG-000257,applicability,해당,확인필요,③ 관리주체 확인필요
duty_assignment,ASG-000257,applicability_note,,관리주체 확인 필요(FMS 관리주체 정보 없음·추정) — 용인시 관리면 「해당」으로,③ 관리주체 확인필요
duty_assignment,ASG-000259,applicability,해당,확인필요,③ 관리주체 확인필요
duty_assignment,ASG-000259,applicability_note,,관리주체 확인 필요(FMS 관리주체 정보 없음·추정) — 용인시 관리면 「해당」으로,③ 관리주체 확인필요
duty_assignment,ASG-000260,applicability,해당,비해당,② 타기관
duty_assignment,ASG-000260,applicability_note,,관리주체 타기관(수원국토관리사무소) — 용인시 관리 시설 아님(FMS 관리주체 · 09-24),② 타기관
duty_assignment,ASG-000260,decided_by,,G01,② 타기관
duty_assignment,ASG-000260,decided_at,,2026-09-24,② 타기관
duty_assignment,ASG-000261,applicability,해당,확인필요,③ 관리주체 확인필요
duty_assignment,ASG-000261,applicability_note,,관리주체 확인 필요(FMS 관리주체 정보 없음·추정) — 용인시 관리면 「해당」으로,③ 관리주체 확인필요
duty_assignment,ASG-000263,applicability,해당,확인필요,③ 관리주체 확인필요
duty_assignment,ASG-000263,applicability_note,,관리주체 확인 필요(FMS 관리주체 정보 없음·추정) — 용인시 관리면 「해당」으로,③ 관리주체 확인필요
duty_assignment,ASG-000264,applicability,해당,비해당,② 타기관
duty_assignment,ASG-000264,applicability_note,,관리주체 타기관(수원국토관리사무소) — 용인시 관리 시설 아님(FMS 관리주체 · 09-24),② 타기관
duty_assignment,ASG-000264,decided_by,,G01,② 타기관
duty_assignment,ASG-000264,decided_at,,2026-09-24,② 타기관
duty_assignment,ASG-000265,applicability,해당,확인필요,③ 관리주체 확인필요
duty_assignment,ASG-000265,applicability_note,,관리주체 확인 필요(FMS 관리주체 정보 없음·추정) — 용인시 관리면 「해당」으로,③ 관리주체 확인필요
duty_assignment,ASG-000267,applicability,해당,확인필요,③ 관리주체 확인필요
duty_assignment,ASG-000267,applicability_note,,관리주체 확인 필요(FMS 관리주체 정보 없음·추정) — 용인시 관리면 「해당」으로,③ 관리주체 확인필요
duty_assignment,ASG-000268,applicability,해당,비해당,② 타기관
duty_assignment,ASG-000268,applicability_note,,관리주체 타기관(수원국토관리사무소) — 용인시 관리 시설 아님(FMS 관리주체 · 09-24),② 타기관
duty_assignment,ASG-000268,decided_by,,G01,② 타기관
duty_assignment,ASG-000268,decided_at,,2026-09-24,② 타기관
duty_assignment,ASG-000269,applicability,해당,확인필요,③ 관리주체 확인필요
duty_assignment,ASG-000269,applicability_note,,관리주체 확인 필요(FMS 관리주체 정보 없음·추정) — 용인시 관리면 「해당」으로,③ 관리주체 확인필요
duty_assignment,ASG-000271,applicability,해당,확인필요,③ 관리주체 확인필요
duty_assignment,ASG-000271,applicability_note,,관리주체 확인 필요(FMS 관리주체 정보 없음·추정) — 용인시 관리면 「해당」으로,③ 관리주체 확인필요
duty_assignment,ASG-000272,applicability,해당,비해당,② 타기관
duty_assignment,ASG-000272,applicability_note,,관리주체 타기관(수원국토관리사무소) — 용인시 관리 시설 아님(FMS 관리주체 · 09-24),② 타기관
duty_assignment,ASG-000272,decided_by,,G01,② 타기관
duty_assignment,ASG-000272,decided_at,,2026-09-24,② 타기관
duty_assignment,ASG-000273,applicability,해당,확인필요,③ 관리주체 확인필요
duty_assignment,ASG-000273,applicability_note,,관리주체 확인 필요(FMS 관리주체 정보 없음·추정) — 용인시 관리면 「해당」으로,③ 관리주체 확인필요
duty_assignment,ASG-000275,applicability,해당,확인필요,③ 관리주체 확인필요
duty_assignment,ASG-000275,applicability_note,,관리주체 확인 필요(FMS 관리주체 정보 없음·추정) — 용인시 관리면 「해당」으로,③ 관리주체 확인필요
duty_assignment,ASG-000276,applicability,해당,비해당,② 타기관
duty_assignment,ASG-000276,applicability_note,,관리주체 타기관(수원국토관리사무소) — 용인시 관리 시설 아님(FMS 관리주체 · 09-24),② 타기관
duty_assignment,ASG-000276,decided_by,,G01,② 타기관
duty_assignment,ASG-000276,decided_at,,2026-09-24,② 타기관
duty_assignment,ASG-000277,applicability,해당,확인필요,③ 관리주체 확인필요
duty_assignment,ASG-000277,applicability_note,,관리주체 확인 필요(FMS 관리주체 정보 없음·추정) — 용인시 관리면 「해당」으로,③ 관리주체 확인필요
duty_assignment,ASG-000279,applicability,해당,확인필요,③ 관리주체 확인필요
duty_assignment,ASG-000279,applicability_note,,관리주체 확인 필요(FMS 관리주체 정보 없음·추정) — 용인시 관리면 「해당」으로,③ 관리주체 확인필요
duty_assignment,ASG-000280,applicability,해당,비해당,② 타기관
duty_assignment,ASG-000280,applicability_note,,관리주체 타기관(수원국토관리사무소) — 용인시 관리 시설 아님(FMS 관리주체 · 09-24),② 타기관
duty_assignment,ASG-000280,decided_by,,G01,② 타기관
duty_assignment,ASG-000280,decided_at,,2026-09-24,② 타기관
duty_assignment,ASG-000281,applicability,해당,확인필요,③ 관리주체 확인필요
duty_assignment,ASG-000281,applicability_note,,관리주체 확인 필요(FMS 관리주체 정보 없음·추정) — 용인시 관리면 「해당」으로,③ 관리주체 확인필요
duty_assignment,ASG-000283,applicability,해당,확인필요,③ 관리주체 확인필요
duty_assignment,ASG-000283,applicability_note,,관리주체 확인 필요(FMS 관리주체 정보 없음·추정) — 용인시 관리면 「해당」으로,③ 관리주체 확인필요
duty_assignment,ASG-000284,applicability,해당,비해당,② 타기관
duty_assignment,ASG-000284,applicability_note,,관리주체 타기관(수원국토관리사무소) — 용인시 관리 시설 아님(FMS 관리주체 · 09-24),② 타기관
duty_assignment,ASG-000284,decided_by,,G01,② 타기관
duty_assignment,ASG-000284,decided_at,,2026-09-24,② 타기관
duty_assignment,ASG-000285,applicability,해당,확인필요,③ 관리주체 확인필요
duty_assignment,ASG-000285,applicability_note,,관리주체 확인 필요(FMS 관리주체 정보 없음·추정) — 용인시 관리면 「해당」으로,③ 관리주체 확인필요
duty_assignment,ASG-000287,applicability,해당,확인필요,③ 관리주체 확인필요
duty_assignment,ASG-000287,applicability_note,,관리주체 확인 필요(FMS 관리주체 정보 없음·추정) — 용인시 관리면 「해당」으로,③ 관리주체 확인필요
duty_assignment,ASG-000288,applicability,해당,비해당,② 타기관
duty_assignment,ASG-000288,applicability_note,,관리주체 타기관(수원국토관리사무소) — 용인시 관리 시설 아님(FMS 관리주체 · 09-24),② 타기관
duty_assignment,ASG-000288,decided_by,,G01,② 타기관
duty_assignment,ASG-000288,decided_at,,2026-09-24,② 타기관
duty_assignment,ASG-000289,applicability,해당,확인필요,③ 관리주체 확인필요
duty_assignment,ASG-000289,applicability_note,,관리주체 확인 필요(FMS 관리주체 정보 없음·추정) — 용인시 관리면 「해당」으로,③ 관리주체 확인필요
duty_assignment,ASG-000291,applicability,해당,확인필요,③ 관리주체 확인필요
duty_assignment,ASG-000291,applicability_note,,관리주체 확인 필요(FMS 관리주체 정보 없음·추정) — 용인시 관리면 「해당」으로,③ 관리주체 확인필요
duty_assignment,ASG-000292,applicability,해당,비해당,② 타기관
duty_assignment,ASG-000292,applicability_note,,관리주체 타기관(수원국토관리사무소) — 용인시 관리 시설 아님(FMS 관리주체 · 09-24),② 타기관
duty_assignment,ASG-000292,decided_by,,G01,② 타기관
duty_assignment,ASG-000292,decided_at,,2026-09-24,② 타기관
duty_assignment,ASG-000293,applicability,해당,확인필요,③ 관리주체 확인필요
duty_assignment,ASG-000293,applicability_note,,관리주체 확인 필요(FMS 관리주체 정보 없음·추정) — 용인시 관리면 「해당」으로,③ 관리주체 확인필요
duty_assignment,ASG-000295,applicability,해당,확인필요,③ 관리주체 확인필요
duty_assignment,ASG-000295,applicability_note,,관리주체 확인 필요(FMS 관리주체 정보 없음·추정) — 용인시 관리면 「해당」으로,③ 관리주체 확인필요
duty_assignment,ASG-000296,applicability,해당,비해당,② 타기관
duty_assignment,ASG-000296,applicability_note,,관리주체 타기관(수원국토관리사무소) — 용인시 관리 시설 아님(FMS 관리주체 · 09-24),② 타기관
duty_assignment,ASG-000296,decided_by,,G01,② 타기관
duty_assignment,ASG-000296,decided_at,,2026-09-24,② 타기관
duty_assignment,ASG-000297,applicability,해당,확인필요,③ 관리주체 확인필요
duty_assignment,ASG-000297,applicability_note,,관리주체 확인 필요(FMS 관리주체 정보 없음·추정) — 용인시 관리면 「해당」으로,③ 관리주체 확인필요
duty_assignment,ASG-000299,applicability,해당,확인필요,③ 관리주체 확인필요
duty_assignment,ASG-000299,applicability_note,,관리주체 확인 필요(FMS 관리주체 정보 없음·추정) — 용인시 관리면 「해당」으로,③ 관리주체 확인필요
duty_assignment,ASG-000300,applicability,해당,비해당,② 타기관
duty_assignment,ASG-000300,applicability_note,,관리주체 타기관(수원국토관리사무소) — 용인시 관리 시설 아님(FMS 관리주체 · 09-24),② 타기관
duty_assignment,ASG-000300,decided_by,,G01,② 타기관
duty_assignment,ASG-000300,decided_at,,2026-09-24,② 타기관
duty_assignment,ASG-000301,applicability,해당,확인필요,③ 관리주체 확인필요
duty_assignment,ASG-000301,applicability_note,,관리주체 확인 필요(FMS 관리주체 정보 없음·추정) — 용인시 관리면 「해당」으로,③ 관리주체 확인필요
duty_assignment,ASG-000303,applicability,해당,확인필요,③ 관리주체 확인필요
duty_assignment,ASG-000303,applicability_note,,관리주체 확인 필요(FMS 관리주체 정보 없음·추정) — 용인시 관리면 「해당」으로,③ 관리주체 확인필요
duty_assignment,ASG-000304,applicability,해당,비해당,② 타기관
duty_assignment,ASG-000304,applicability_note,,관리주체 타기관(수원국토관리사무소) — 용인시 관리 시설 아님(FMS 관리주체 · 09-24),② 타기관
duty_assignment,ASG-000304,decided_by,,G01,② 타기관
duty_assignment,ASG-000304,decided_at,,2026-09-24,② 타기관
duty_assignment,ASG-000305,applicability,해당,확인필요,③ 관리주체 확인필요
duty_assignment,ASG-000305,applicability_note,,관리주체 확인 필요(FMS 관리주체 정보 없음·추정) — 용인시 관리면 「해당」으로,③ 관리주체 확인필요
duty_assignment,ASG-000307,applicability,해당,확인필요,③ 관리주체 확인필요
duty_assignment,ASG-000307,applicability_note,,관리주체 확인 필요(FMS 관리주체 정보 없음·추정) — 용인시 관리면 「해당」으로,③ 관리주체 확인필요
duty_assignment,ASG-000308,applicability,해당,비해당,② 타기관
duty_assignment,ASG-000308,applicability_note,,관리주체 타기관(수원국토관리사무소) — 용인시 관리 시설 아님(FMS 관리주체 · 09-24),② 타기관
duty_assignment,ASG-000308,decided_by,,G01,② 타기관
duty_assignment,ASG-000308,decided_at,,2026-09-24,② 타기관
duty_assignment,ASG-000309,applicability,해당,확인필요,③ 관리주체 확인필요
duty_assignment,ASG-000309,applicability_note,,관리주체 확인 필요(FMS 관리주체 정보 없음·추정) — 용인시 관리면 「해당」으로,③ 관리주체 확인필요
duty_assignment,ASG-000311,applicability,해당,확인필요,③ 관리주체 확인필요
duty_assignment,ASG-000311,applicability_note,,관리주체 확인 필요(FMS 관리주체 정보 없음·추정) — 용인시 관리면 「해당」으로,③ 관리주체 확인필요
duty_assignment,ASG-000312,applicability,해당,비해당,② 타기관
duty_assignment,ASG-000312,applicability_note,,관리주체 타기관(수원국토관리사무소) — 용인시 관리 시설 아님(FMS 관리주체 · 09-24),② 타기관
duty_assignment,ASG-000312,decided_by,,G01,② 타기관
duty_assignment,ASG-000312,decided_at,,2026-09-24,② 타기관
duty_assignment,ASG-000313,applicability,해당,확인필요,③ 관리주체 확인필요
duty_assignment,ASG-000313,applicability_note,,관리주체 확인 필요(FMS 관리주체 정보 없음·추정) — 용인시 관리면 「해당」으로,③ 관리주체 확인필요
duty_assignment,ASG-000315,applicability,해당,확인필요,③ 관리주체 확인필요
duty_assignment,ASG-000315,applicability_note,,관리주체 확인 필요(FMS 관리주체 정보 없음·추정) — 용인시 관리면 「해당」으로,③ 관리주체 확인필요
duty_assignment,ASG-000316,applicability,해당,비해당,② 타기관
duty_assignment,ASG-000316,applicability_note,,관리주체 타기관(수원국토관리사무소) — 용인시 관리 시설 아님(FMS 관리주체 · 09-24),② 타기관
duty_assignment,ASG-000316,decided_by,,G01,② 타기관
duty_assignment,ASG-000316,decided_at,,2026-09-24,② 타기관
duty_assignment,ASG-000317,applicability,해당,확인필요,③ 관리주체 확인필요
duty_assignment,ASG-000317,applicability_note,,관리주체 확인 필요(FMS 관리주체 정보 없음·추정) — 용인시 관리면 「해당」으로,③ 관리주체 확인필요
duty_assignment,ASG-000340,applicability,해당,확인필요,③ 관리주체 확인필요
duty_assignment,ASG-000340,applicability_note,,관리주체 확인 필요(FMS 관리주체 정보 없음·추정) — 용인시 관리면 「해당」으로,③ 관리주체 확인필요
duty_assignment,ASG-000341,applicability,해당,확인필요,③ 관리주체 확인필요
duty_assignment,ASG-000341,applicability_note,,관리주체 확인 필요(FMS 관리주체 정보 없음·추정) — 용인시 관리면 「해당」으로,③ 관리주체 확인필요
duty_assignment,ASG-000342,applicability,해당,확인필요,③ 관리주체 확인필요
duty_assignment,ASG-000342,applicability_note,,관리주체 확인 필요(FMS 관리주체 정보 없음·추정) — 용인시 관리면 「해당」으로,③ 관리주체 확인필요
duty_assignment,ASG-000344,applicability,해당,확인필요,③ 관리주체 확인필요
duty_assignment,ASG-000344,applicability_note,,관리주체 확인 필요(FMS 관리주체 정보 없음·추정) — 용인시 관리면 「해당」으로,③ 관리주체 확인필요
duty_assignment,ASG-000345,applicability,해당,비해당,② 타기관
duty_assignment,ASG-000345,applicability_note,,관리주체 타기관(수원국토관리사무소) — 용인시 관리 시설 아님(FMS 관리주체 · 09-24),② 타기관
duty_assignment,ASG-000345,decided_by,,G01,② 타기관
duty_assignment,ASG-000345,decided_at,,2026-09-24,② 타기관
duty_assignment,ASG-000346,applicability,해당,확인필요,③ 관리주체 확인필요
duty_assignment,ASG-000346,applicability_note,,관리주체 확인 필요(FMS 관리주체 정보 없음·추정) — 용인시 관리면 「해당」으로,③ 관리주체 확인필요
duty_assignment,ASG-000348,applicability,해당,확인필요,③ 관리주체 확인필요
duty_assignment,ASG-000348,applicability_note,,관리주체 확인 필요(FMS 관리주체 정보 없음·추정) — 용인시 관리면 「해당」으로,③ 관리주체 확인필요
duty_assignment,ASG-000349,applicability,해당,비해당,② 타기관
duty_assignment,ASG-000349,applicability_note,,관리주체 타기관(수원국토관리사무소) — 용인시 관리 시설 아님(FMS 관리주체 · 09-24),② 타기관
duty_assignment,ASG-000349,decided_by,,G01,② 타기관
duty_assignment,ASG-000349,decided_at,,2026-09-24,② 타기관
duty_assignment,ASG-000350,applicability,해당,확인필요,③ 관리주체 확인필요
duty_assignment,ASG-000350,applicability_note,,관리주체 확인 필요(FMS 관리주체 정보 없음·추정) — 용인시 관리면 「해당」으로,③ 관리주체 확인필요
duty_assignment,ASG-000355,applicability,해당,확인필요,③ 관리주체 확인필요
duty_assignment,ASG-000355,applicability_note,,관리주체 확인 필요(FMS 관리주체 정보 없음·추정) — 용인시 관리면 「해당」으로,③ 관리주체 확인필요
duty_assignment,ASG-000356,applicability,해당,확인필요,③ 관리주체 확인필요
duty_assignment,ASG-000356,applicability_note,,관리주체 확인 필요(FMS 관리주체 정보 없음·추정) — 용인시 관리면 「해당」으로,③ 관리주체 확인필요
duty_assignment,ASG-000357,applicability,해당,확인필요,③ 관리주체 확인필요
duty_assignment,ASG-000357,applicability_note,,관리주체 확인 필요(FMS 관리주체 정보 없음·추정) — 용인시 관리면 「해당」으로,③ 관리주체 확인필요
duty_assignment,ASG-000359,applicability,해당,확인필요,③ 관리주체 확인필요
duty_assignment,ASG-000359,applicability_note,,관리주체 확인 필요(FMS 관리주체 정보 없음·추정) — 용인시 관리면 「해당」으로,③ 관리주체 확인필요
duty_assignment,ASG-000360,applicability,해당,확인필요,③ 관리주체 확인필요
duty_assignment,ASG-000360,applicability_note,,관리주체 확인 필요(FMS 관리주체 정보 없음·추정) — 용인시 관리면 「해당」으로,③ 관리주체 확인필요
duty_assignment,ASG-000361,applicability,해당,확인필요,③ 관리주체 확인필요
duty_assignment,ASG-000361,applicability_note,,관리주체 확인 필요(FMS 관리주체 정보 없음·추정) — 용인시 관리면 「해당」으로,③ 관리주체 확인필요
duty_assignment,ASG-000363,applicability,해당,확인필요,③ 관리주체 확인필요
duty_assignment,ASG-000363,applicability_note,,관리주체 확인 필요(FMS 관리주체 정보 없음·추정) — 용인시 관리면 「해당」으로,③ 관리주체 확인필요
duty_assignment,ASG-000364,applicability,해당,확인필요,③ 관리주체 확인필요
duty_assignment,ASG-000364,applicability_note,,관리주체 확인 필요(FMS 관리주체 정보 없음·추정) — 용인시 관리면 「해당」으로,③ 관리주체 확인필요
duty_assignment,ASG-000365,applicability,해당,확인필요,③ 관리주체 확인필요
duty_assignment,ASG-000365,applicability_note,,관리주체 확인 필요(FMS 관리주체 정보 없음·추정) — 용인시 관리면 「해당」으로,③ 관리주체 확인필요
duty_assignment,ASG-000367,applicability,해당,확인필요,③ 관리주체 확인필요
duty_assignment,ASG-000367,applicability_note,,관리주체 확인 필요(FMS 관리주체 정보 없음·추정) — 용인시 관리면 「해당」으로,③ 관리주체 확인필요
duty_assignment,ASG-000368,applicability,해당,확인필요,③ 관리주체 확인필요
duty_assignment,ASG-000368,applicability_note,,관리주체 확인 필요(FMS 관리주체 정보 없음·추정) — 용인시 관리면 「해당」으로,③ 관리주체 확인필요
duty_assignment,ASG-000369,applicability,해당,확인필요,③ 관리주체 확인필요
duty_assignment,ASG-000369,applicability_note,,관리주체 확인 필요(FMS 관리주체 정보 없음·추정) — 용인시 관리면 「해당」으로,③ 관리주체 확인필요
duty_assignment,ASG-000371,applicability,해당,확인필요,③ 관리주체 확인필요
duty_assignment,ASG-000371,applicability_note,,관리주체 확인 필요(FMS 관리주체 정보 없음·추정) — 용인시 관리면 「해당」으로,③ 관리주체 확인필요
duty_assignment,ASG-000372,applicability,해당,확인필요,③ 관리주체 확인필요
duty_assignment,ASG-000372,applicability_note,,관리주체 확인 필요(FMS 관리주체 정보 없음·추정) — 용인시 관리면 「해당」으로,③ 관리주체 확인필요
duty_assignment,ASG-000373,applicability,해당,확인필요,③ 관리주체 확인필요
duty_assignment,ASG-000373,applicability_note,,관리주체 확인 필요(FMS 관리주체 정보 없음·추정) — 용인시 관리면 「해당」으로,③ 관리주체 확인필요
duty_assignment,ASG-000375,applicability,해당,확인필요,③ 관리주체 확인필요
duty_assignment,ASG-000375,applicability_note,,관리주체 확인 필요(FMS 관리주체 정보 없음·추정) — 용인시 관리면 「해당」으로,③ 관리주체 확인필요
duty_assignment,ASG-000376,applicability,해당,확인필요,③ 관리주체 확인필요
duty_assignment,ASG-000376,applicability_note,,관리주체 확인 필요(FMS 관리주체 정보 없음·추정) — 용인시 관리면 「해당」으로,③ 관리주체 확인필요
duty_assignment,ASG-000377,applicability,해당,확인필요,③ 관리주체 확인필요
duty_assignment,ASG-000377,applicability_note,,관리주체 확인 필요(FMS 관리주체 정보 없음·추정) — 용인시 관리면 「해당」으로,③ 관리주체 확인필요
duty_assignment,ASG-000379,applicability,해당,확인필요,③ 관리주체 확인필요
duty_assignment,ASG-000379,applicability_note,,관리주체 확인 필요(FMS 관리주체 정보 없음·추정) — 용인시 관리면 「해당」으로,③ 관리주체 확인필요
duty_assignment,ASG-000380,applicability,해당,확인필요,③ 관리주체 확인필요
duty_assignment,ASG-000380,applicability_note,,관리주체 확인 필요(FMS 관리주체 정보 없음·추정) — 용인시 관리면 「해당」으로,③ 관리주체 확인필요
duty_assignment,ASG-000381,applicability,해당,확인필요,③ 관리주체 확인필요
duty_assignment,ASG-000381,applicability_note,,관리주체 확인 필요(FMS 관리주체 정보 없음·추정) — 용인시 관리면 「해당」으로,③ 관리주체 확인필요
duty_assignment,ASG-000383,applicability,해당,확인필요,③ 관리주체 확인필요
duty_assignment,ASG-000383,applicability_note,,관리주체 확인 필요(FMS 관리주체 정보 없음·추정) — 용인시 관리면 「해당」으로,③ 관리주체 확인필요
duty_assignment,ASG-000384,applicability,해당,확인필요,③ 관리주체 확인필요
duty_assignment,ASG-000384,applicability_note,,관리주체 확인 필요(FMS 관리주체 정보 없음·추정) — 용인시 관리면 「해당」으로,③ 관리주체 확인필요
duty_assignment,ASG-000385,applicability,해당,확인필요,③ 관리주체 확인필요
duty_assignment,ASG-000385,applicability_note,,관리주체 확인 필요(FMS 관리주체 정보 없음·추정) — 용인시 관리면 「해당」으로,③ 관리주체 확인필요
duty_assignment,ASG-000387,applicability,해당,확인필요,③ 관리주체 확인필요
duty_assignment,ASG-000387,applicability_note,,관리주체 확인 필요(FMS 관리주체 정보 없음·추정) — 용인시 관리면 「해당」으로,③ 관리주체 확인필요
duty_assignment,ASG-000388,applicability,해당,확인필요,③ 관리주체 확인필요
duty_assignment,ASG-000388,applicability_note,,관리주체 확인 필요(FMS 관리주체 정보 없음·추정) — 용인시 관리면 「해당」으로,③ 관리주체 확인필요
duty_assignment,ASG-000389,applicability,해당,확인필요,③ 관리주체 확인필요
duty_assignment,ASG-000389,applicability_note,,관리주체 확인 필요(FMS 관리주체 정보 없음·추정) — 용인시 관리면 「해당」으로,③ 관리주체 확인필요
duty_assignment,ASG-000391,applicability,해당,확인필요,③ 관리주체 확인필요
duty_assignment,ASG-000391,applicability_note,,관리주체 확인 필요(FMS 관리주체 정보 없음·추정) — 용인시 관리면 「해당」으로,③ 관리주체 확인필요
duty_assignment,ASG-000392,applicability,해당,확인필요,③ 관리주체 확인필요
duty_assignment,ASG-000392,applicability_note,,관리주체 확인 필요(FMS 관리주체 정보 없음·추정) — 용인시 관리면 「해당」으로,③ 관리주체 확인필요
duty_assignment,ASG-000393,applicability,해당,확인필요,③ 관리주체 확인필요
duty_assignment,ASG-000393,applicability_note,,관리주체 확인 필요(FMS 관리주체 정보 없음·추정) — 용인시 관리면 「해당」으로,③ 관리주체 확인필요
duty_assignment,ASG-000396,applicability,해당,확인필요,③ 관리주체 확인필요
duty_assignment,ASG-000396,applicability_note,,관리주체 확인 필요(FMS 관리주체 정보 없음·추정) — 용인시 관리면 「해당」으로,③ 관리주체 확인필요
duty_assignment,ASG-000397,applicability,해당,확인필요,③ 관리주체 확인필요
duty_assignment,ASG-000397,applicability_note,,관리주체 확인 필요(FMS 관리주체 정보 없음·추정) — 용인시 관리면 「해당」으로,③ 관리주체 확인필요
duty_assignment,ASG-000398,applicability,해당,확인필요,③ 관리주체 확인필요
duty_assignment,ASG-000398,applicability_note,,관리주체 확인 필요(FMS 관리주체 정보 없음·추정) — 용인시 관리면 「해당」으로,③ 관리주체 확인필요
duty_assignment,ASG-000400,applicability,해당,확인필요,③ 관리주체 확인필요
duty_assignment,ASG-000400,applicability_note,,관리주체 확인 필요(FMS 관리주체 정보 없음·추정) — 용인시 관리면 「해당」으로,③ 관리주체 확인필요
duty_assignment,ASG-000401,applicability,해당,확인필요,③ 관리주체 확인필요
duty_assignment,ASG-000401,applicability_note,,관리주체 확인 필요(FMS 관리주체 정보 없음·추정) — 용인시 관리면 「해당」으로,③ 관리주체 확인필요
duty_assignment,ASG-000402,applicability,해당,확인필요,③ 관리주체 확인필요
duty_assignment,ASG-000402,applicability_note,,관리주체 확인 필요(FMS 관리주체 정보 없음·추정) — 용인시 관리면 「해당」으로,③ 관리주체 확인필요
duty_assignment,ASG-000404,applicability,해당,확인필요,③ 관리주체 확인필요
duty_assignment,ASG-000404,applicability_note,,관리주체 확인 필요(FMS 관리주체 정보 없음·추정) — 용인시 관리면 「해당」으로,③ 관리주체 확인필요
duty_assignment,ASG-000405,applicability,해당,확인필요,③ 관리주체 확인필요
duty_assignment,ASG-000405,applicability_note,,관리주체 확인 필요(FMS 관리주체 정보 없음·추정) — 용인시 관리면 「해당」으로,③ 관리주체 확인필요
duty_assignment,ASG-000406,applicability,해당,확인필요,③ 관리주체 확인필요
duty_assignment,ASG-000406,applicability_note,,관리주체 확인 필요(FMS 관리주체 정보 없음·추정) — 용인시 관리면 「해당」으로,③ 관리주체 확인필요
duty_assignment,ASG-000410,applicability,해당,확인필요,③ 관리주체 확인필요
duty_assignment,ASG-000410,applicability_note,,관리주체 확인 필요(FMS 관리주체 정보 없음·추정) — 용인시 관리면 「해당」으로,③ 관리주체 확인필요
duty_assignment,ASG-000411,applicability,해당,확인필요,③ 관리주체 확인필요
duty_assignment,ASG-000411,applicability_note,,관리주체 확인 필요(FMS 관리주체 정보 없음·추정) — 용인시 관리면 「해당」으로,③ 관리주체 확인필요
duty_assignment,ASG-000412,applicability,해당,확인필요,③ 관리주체 확인필요
duty_assignment,ASG-000412,applicability_note,,관리주체 확인 필요(FMS 관리주체 정보 없음·추정) — 용인시 관리면 「해당」으로,③ 관리주체 확인필요
duty_assignment,ASG-000414,applicability,해당,확인필요,③ 관리주체 확인필요
duty_assignment,ASG-000414,applicability_note,,관리주체 확인 필요(FMS 관리주체 정보 없음·추정) — 용인시 관리면 「해당」으로,③ 관리주체 확인필요
duty_assignment,ASG-000415,applicability,해당,확인필요,③ 관리주체 확인필요
duty_assignment,ASG-000415,applicability_note,,관리주체 확인 필요(FMS 관리주체 정보 없음·추정) — 용인시 관리면 「해당」으로,③ 관리주체 확인필요
duty_assignment,ASG-000416,applicability,해당,확인필요,③ 관리주체 확인필요
duty_assignment,ASG-000416,applicability_note,,관리주체 확인 필요(FMS 관리주체 정보 없음·추정) — 용인시 관리면 「해당」으로,③ 관리주체 확인필요
duty_assignment,ASG-000418,applicability,해당,확인필요,③ 관리주체 확인필요
duty_assignment,ASG-000418,applicability_note,,관리주체 확인 필요(FMS 관리주체 정보 없음·추정) — 용인시 관리면 「해당」으로,③ 관리주체 확인필요
duty_assignment,ASG-000419,applicability,해당,확인필요,③ 관리주체 확인필요
duty_assignment,ASG-000419,applicability_note,,관리주체 확인 필요(FMS 관리주체 정보 없음·추정) — 용인시 관리면 「해당」으로,③ 관리주체 확인필요
duty_assignment,ASG-000420,applicability,해당,확인필요,③ 관리주체 확인필요
duty_assignment,ASG-000420,applicability_note,,관리주체 확인 필요(FMS 관리주체 정보 없음·추정) — 용인시 관리면 「해당」으로,③ 관리주체 확인필요
duty_assignment,ASG-000422,applicability,해당,확인필요,③ 관리주체 확인필요
duty_assignment,ASG-000422,applicability_note,,관리주체 확인 필요(FMS 관리주체 정보 없음·추정) — 용인시 관리면 「해당」으로,③ 관리주체 확인필요
duty_assignment,ASG-000423,applicability,해당,확인필요,③ 관리주체 확인필요
duty_assignment,ASG-000423,applicability_note,,관리주체 확인 필요(FMS 관리주체 정보 없음·추정) — 용인시 관리면 「해당」으로,③ 관리주체 확인필요
duty_assignment,ASG-000424,applicability,해당,확인필요,③ 관리주체 확인필요
duty_assignment,ASG-000424,applicability_note,,관리주체 확인 필요(FMS 관리주체 정보 없음·추정) — 용인시 관리면 「해당」으로,③ 관리주체 확인필요
duty_assignment,ASG-000426,applicability,해당,확인필요,③ 관리주체 확인필요
duty_assignment,ASG-000426,applicability_note,,관리주체 확인 필요(FMS 관리주체 정보 없음·추정) — 용인시 관리면 「해당」으로,③ 관리주체 확인필요
duty_assignment,ASG-000427,applicability,해당,확인필요,③ 관리주체 확인필요
duty_assignment,ASG-000427,applicability_note,,관리주체 확인 필요(FMS 관리주체 정보 없음·추정) — 용인시 관리면 「해당」으로,③ 관리주체 확인필요
duty_assignment,ASG-000428,applicability,해당,확인필요,③ 관리주체 확인필요
duty_assignment,ASG-000428,applicability_note,,관리주체 확인 필요(FMS 관리주체 정보 없음·추정) — 용인시 관리면 「해당」으로,③ 관리주체 확인필요
duty_assignment,ASG-000430,applicability,해당,확인필요,③ 관리주체 확인필요
duty_assignment,ASG-000430,applicability_note,,관리주체 확인 필요(FMS 관리주체 정보 없음·추정) — 용인시 관리면 「해당」으로,③ 관리주체 확인필요
duty_assignment,ASG-000431,applicability,해당,확인필요,③ 관리주체 확인필요
duty_assignment,ASG-000431,applicability_note,,관리주체 확인 필요(FMS 관리주체 정보 없음·추정) — 용인시 관리면 「해당」으로,③ 관리주체 확인필요
duty_assignment,ASG-000432,applicability,해당,확인필요,③ 관리주체 확인필요
duty_assignment,ASG-000432,applicability_note,,관리주체 확인 필요(FMS 관리주체 정보 없음·추정) — 용인시 관리면 「해당」으로,③ 관리주체 확인필요
duty_assignment,ASG-000434,applicability,해당,확인필요,③ 관리주체 확인필요
duty_assignment,ASG-000434,applicability_note,,관리주체 확인 필요(FMS 관리주체 정보 없음·추정) — 용인시 관리면 「해당」으로,③ 관리주체 확인필요
duty_assignment,ASG-000435,applicability,해당,확인필요,③ 관리주체 확인필요
duty_assignment,ASG-000435,applicability_note,,관리주체 확인 필요(FMS 관리주체 정보 없음·추정) — 용인시 관리면 「해당」으로,③ 관리주체 확인필요
duty_assignment,ASG-000436,applicability,해당,확인필요,③ 관리주체 확인필요
duty_assignment,ASG-000436,applicability_note,,관리주체 확인 필요(FMS 관리주체 정보 없음·추정) — 용인시 관리면 「해당」으로,③ 관리주체 확인필요
duty_assignment,ASG-000438,applicability,해당,확인필요,③ 관리주체 확인필요
duty_assignment,ASG-000438,applicability_note,,관리주체 확인 필요(FMS 관리주체 정보 없음·추정) — 용인시 관리면 「해당」으로,③ 관리주체 확인필요
duty_assignment,ASG-000439,applicability,해당,확인필요,③ 관리주체 확인필요
duty_assignment,ASG-000439,applicability_note,,관리주체 확인 필요(FMS 관리주체 정보 없음·추정) — 용인시 관리면 「해당」으로,③ 관리주체 확인필요
duty_assignment,ASG-000440,applicability,해당,확인필요,③ 관리주체 확인필요
duty_assignment,ASG-000440,applicability_note,,관리주체 확인 필요(FMS 관리주체 정보 없음·추정) — 용인시 관리면 「해당」으로,③ 관리주체 확인필요
duty_assignment,ASG-000442,applicability,해당,확인필요,③ 관리주체 확인필요
duty_assignment,ASG-000442,applicability_note,,관리주체 확인 필요(FMS 관리주체 정보 없음·추정) — 용인시 관리면 「해당」으로,③ 관리주체 확인필요
duty_assignment,ASG-000443,applicability,해당,확인필요,③ 관리주체 확인필요
duty_assignment,ASG-000443,applicability_note,,관리주체 확인 필요(FMS 관리주체 정보 없음·추정) — 용인시 관리면 「해당」으로,③ 관리주체 확인필요
duty_assignment,ASG-000444,applicability,해당,확인필요,③ 관리주체 확인필요
duty_assignment,ASG-000444,applicability_note,,관리주체 확인 필요(FMS 관리주체 정보 없음·추정) — 용인시 관리면 「해당」으로,③ 관리주체 확인필요
duty_assignment,ASG-000446,applicability,해당,확인필요,③ 관리주체 확인필요
duty_assignment,ASG-000446,applicability_note,,관리주체 확인 필요(FMS 관리주체 정보 없음·추정) — 용인시 관리면 「해당」으로,③ 관리주체 확인필요
duty_assignment,ASG-000447,applicability,해당,확인필요,③ 관리주체 확인필요
duty_assignment,ASG-000447,applicability_note,,관리주체 확인 필요(FMS 관리주체 정보 없음·추정) — 용인시 관리면 「해당」으로,③ 관리주체 확인필요
duty_assignment,ASG-000448,applicability,해당,확인필요,③ 관리주체 확인필요
duty_assignment,ASG-000448,applicability_note,,관리주체 확인 필요(FMS 관리주체 정보 없음·추정) — 용인시 관리면 「해당」으로,③ 관리주체 확인필요
duty_assignment,ASG-000450,applicability,해당,확인필요,③ 관리주체 확인필요
duty_assignment,ASG-000450,applicability_note,,관리주체 확인 필요(FMS 관리주체 정보 없음·추정) — 용인시 관리면 「해당」으로,③ 관리주체 확인필요
duty_assignment,ASG-000451,applicability,해당,확인필요,③ 관리주체 확인필요
duty_assignment,ASG-000451,applicability_note,,관리주체 확인 필요(FMS 관리주체 정보 없음·추정) — 용인시 관리면 「해당」으로,③ 관리주체 확인필요
duty_assignment,ASG-000452,applicability,해당,확인필요,③ 관리주체 확인필요
duty_assignment,ASG-000452,applicability_note,,관리주체 확인 필요(FMS 관리주체 정보 없음·추정) — 용인시 관리면 「해당」으로,③ 관리주체 확인필요
duty_assignment,ASG-000454,applicability,해당,확인필요,③ 관리주체 확인필요
duty_assignment,ASG-000454,applicability_note,,관리주체 확인 필요(FMS 관리주체 정보 없음·추정) — 용인시 관리면 「해당」으로,③ 관리주체 확인필요
duty_assignment,ASG-000455,applicability,해당,확인필요,③ 관리주체 확인필요
duty_assignment,ASG-000455,applicability_note,,관리주체 확인 필요(FMS 관리주체 정보 없음·추정) — 용인시 관리면 「해당」으로,③ 관리주체 확인필요
duty_assignment,ASG-000456,applicability,해당,확인필요,③ 관리주체 확인필요
duty_assignment,ASG-000456,applicability_note,,관리주체 확인 필요(FMS 관리주체 정보 없음·추정) — 용인시 관리면 「해당」으로,③ 관리주체 확인필요
duty_assignment,ASG-000466,applicability,해당,확인필요,③ 관리주체 확인필요
duty_assignment,ASG-000466,applicability_note,,관리주체 확인 필요(FMS 관리주체 정보 없음·추정) — 용인시 관리면 「해당」으로,③ 관리주체 확인필요
duty_assignment,ASG-000467,applicability,해당,비해당,② 타기관
duty_assignment,ASG-000467,applicability_note,,관리주체 타기관(수원국토관리사무소) — 용인시 관리 시설 아님(FMS 관리주체 · 09-24),② 타기관
duty_assignment,ASG-000467,decided_by,,G01,② 타기관
duty_assignment,ASG-000467,decided_at,,2026-09-24,② 타기관
duty_assignment,ASG-000468,applicability,해당,확인필요,③ 관리주체 확인필요
duty_assignment,ASG-000468,applicability_note,,관리주체 확인 필요(FMS 관리주체 정보 없음·추정) — 용인시 관리면 「해당」으로,③ 관리주체 확인필요
duty_assignment,ASG-000531,applicability,해당,확인필요,③ 관리주체 확인필요
duty_assignment,ASG-000531,applicability_note,,관리주체 확인 필요(FMS 관리주체 정보 없음·추정) — 용인시 관리면 「해당」으로,③ 관리주체 확인필요
duty_assignment,ASG-000532,applicability,해당,확인필요,③ 관리주체 확인필요
duty_assignment,ASG-000532,applicability_note,,관리주체 확인 필요(FMS 관리주체 정보 없음·추정) — 용인시 관리면 「해당」으로,③ 관리주체 확인필요
duty_assignment,ASG-000533,applicability,해당,확인필요,③ 관리주체 확인필요
duty_assignment,ASG-000533,applicability_note,,관리주체 확인 필요(FMS 관리주체 정보 없음·추정) — 용인시 관리면 「해당」으로,③ 관리주체 확인필요
duty_assignment,ASG-000536,applicability,해당,확인필요,③ 관리주체 확인필요
duty_assignment,ASG-000536,applicability_note,,관리주체 확인 필요(FMS 관리주체 정보 없음·추정) — 용인시 관리면 「해당」으로,③ 관리주체 확인필요
duty_assignment,ASG-000537,applicability,해당,확인필요,③ 관리주체 확인필요
duty_assignment,ASG-000537,applicability_note,,관리주체 확인 필요(FMS 관리주체 정보 없음·추정) — 용인시 관리면 「해당」으로,③ 관리주체 확인필요
duty_assignment,ASG-000538,applicability,해당,확인필요,③ 관리주체 확인필요
duty_assignment,ASG-000538,applicability_note,,관리주체 확인 필요(FMS 관리주체 정보 없음·추정) — 용인시 관리면 「해당」으로,③ 관리주체 확인필요
duty_assignment,ASG-000558,applicability,해당,확인필요,③ 관리주체 확인필요
duty_assignment,ASG-000558,applicability_note,,관리주체 확인 필요(FMS 관리주체 정보 없음·추정) — 용인시 관리면 「해당」으로,③ 관리주체 확인필요
duty_assignment,ASG-000559,applicability,해당,확인필요,③ 관리주체 확인필요
duty_assignment,ASG-000559,applicability_note,,관리주체 확인 필요(FMS 관리주체 정보 없음·추정) — 용인시 관리면 「해당」으로,③ 관리주체 확인필요
duty_assignment,ASG-000560,applicability,해당,확인필요,③ 관리주체 확인필요
duty_assignment,ASG-000560,applicability_note,,관리주체 확인 필요(FMS 관리주체 정보 없음·추정) — 용인시 관리면 「해당」으로,③ 관리주체 확인필요
duty_assignment,ASG-000562,applicability,해당,확인필요,③ 관리주체 확인필요
duty_assignment,ASG-000562,applicability_note,,관리주체 확인 필요(FMS 관리주체 정보 없음·추정) — 용인시 관리면 「해당」으로,③ 관리주체 확인필요
duty_assignment,ASG-000563,applicability,해당,확인필요,③ 관리주체 확인필요
duty_assignment,ASG-000563,applicability_note,,관리주체 확인 필요(FMS 관리주체 정보 없음·추정) — 용인시 관리면 「해당」으로,③ 관리주체 확인필요
duty_assignment,ASG-000564,applicability,해당,확인필요,③ 관리주체 확인필요
duty_assignment,ASG-000564,applicability_note,,관리주체 확인 필요(FMS 관리주체 정보 없음·추정) — 용인시 관리면 「해당」으로,③ 관리주체 확인필요
duty_assignment,ASG-000573,applicability,해당,확인필요,③ 관리주체 확인필요
duty_assignment,ASG-000573,applicability_note,,관리주체 확인 필요(FMS 관리주체 정보 없음·추정) — 용인시 관리면 「해당」으로,③ 관리주체 확인필요
duty_assignment,ASG-000574,applicability,해당,확인필요,③ 관리주체 확인필요
duty_assignment,ASG-000574,applicability_note,,관리주체 확인 필요(FMS 관리주체 정보 없음·추정) — 용인시 관리면 「해당」으로,③ 관리주체 확인필요
duty_assignment,ASG-000575,applicability,해당,확인필요,③ 관리주체 확인필요
duty_assignment,ASG-000575,applicability_note,,관리주체 확인 필요(FMS 관리주체 정보 없음·추정) — 용인시 관리면 「해당」으로,③ 관리주체 확인필요
duty_assignment,ASG-000577,applicability,해당,확인필요,③ 관리주체 확인필요
duty_assignment,ASG-000577,applicability_note,,관리주체 확인 필요(FMS 관리주체 정보 없음·추정) — 용인시 관리면 「해당」으로,③ 관리주체 확인필요
duty_assignment,ASG-000578,applicability,해당,확인필요,③ 관리주체 확인필요
duty_assignment,ASG-000578,applicability_note,,관리주체 확인 필요(FMS 관리주체 정보 없음·추정) — 용인시 관리면 「해당」으로,③ 관리주체 확인필요
duty_assignment,ASG-000579,applicability,해당,확인필요,③ 관리주체 확인필요
duty_assignment,ASG-000579,applicability_note,,관리주체 확인 필요(FMS 관리주체 정보 없음·추정) — 용인시 관리면 「해당」으로,③ 관리주체 확인필요
duty_assignment,ASG-000581,applicability,해당,확인필요,③ 관리주체 확인필요
duty_assignment,ASG-000581,applicability_note,,관리주체 확인 필요(FMS 관리주체 정보 없음·추정) — 용인시 관리면 「해당」으로,③ 관리주체 확인필요
duty_assignment,ASG-000582,applicability,해당,확인필요,③ 관리주체 확인필요
duty_assignment,ASG-000582,applicability_note,,관리주체 확인 필요(FMS 관리주체 정보 없음·추정) — 용인시 관리면 「해당」으로,③ 관리주체 확인필요
duty_assignment,ASG-000583,applicability,해당,확인필요,③ 관리주체 확인필요
duty_assignment,ASG-000583,applicability_note,,관리주체 확인 필요(FMS 관리주체 정보 없음·추정) — 용인시 관리면 「해당」으로,③ 관리주체 확인필요
duty_assignment,ASG-000585,applicability,해당,확인필요,③ 관리주체 확인필요
duty_assignment,ASG-000585,applicability_note,,관리주체 확인 필요(FMS 관리주체 정보 없음·추정) — 용인시 관리면 「해당」으로,③ 관리주체 확인필요
duty_assignment,ASG-000586,applicability,해당,확인필요,③ 관리주체 확인필요
duty_assignment,ASG-000586,applicability_note,,관리주체 확인 필요(FMS 관리주체 정보 없음·추정) — 용인시 관리면 「해당」으로,③ 관리주체 확인필요
duty_assignment,ASG-000587,applicability,해당,확인필요,③ 관리주체 확인필요
duty_assignment,ASG-000587,applicability_note,,관리주체 확인 필요(FMS 관리주체 정보 없음·추정) — 용인시 관리면 「해당」으로,③ 관리주체 확인필요
duty_assignment,ASG-000665,applicability,해당,확인필요,③ 관리주체 확인필요
duty_assignment,ASG-000665,applicability_note,,관리주체 확인 필요(FMS 관리주체 정보 없음·추정) — 용인시 관리면 「해당」으로,③ 관리주체 확인필요
duty_assignment,ASG-000666,applicability,해당,비해당,② 타기관
duty_assignment,ASG-000666,applicability_note,,관리주체 타기관(한국석유공사 용인지사) — 용인시 관리 시설 아님(FMS 관리주체 · 09-24),② 타기관
duty_assignment,ASG-000666,decided_by,,G01,② 타기관
duty_assignment,ASG-000666,decided_at,,2026-09-24,② 타기관
duty_assignment,ASG-000667,applicability,해당,비해당,② 타기관
duty_assignment,ASG-000667,applicability_note,,관리주체 타기관(경기도용인교육지원청) — 용인시 관리 시설 아님(FMS 관리주체 · 09-24),② 타기관
duty_assignment,ASG-000667,decided_by,,G01,② 타기관
duty_assignment,ASG-000667,decided_at,,2026-09-24,② 타기관
duty_assignment,ASG-000669,applicability,해당,확인필요,③ 관리주체 확인필요
duty_assignment,ASG-000669,applicability_note,,관리주체 확인 필요(FMS 관리주체 정보 없음·추정) — 용인시 관리면 「해당」으로,③ 관리주체 확인필요
duty_assignment,ASG-000670,applicability,해당,비해당,② 타기관
duty_assignment,ASG-000670,applicability_note,,관리주체 타기관(한국석유공사 용인지사) — 용인시 관리 시설 아님(FMS 관리주체 · 09-24),② 타기관
duty_assignment,ASG-000670,decided_by,,G01,② 타기관
duty_assignment,ASG-000670,decided_at,,2026-09-24,② 타기관
duty_assignment,ASG-000671,applicability,해당,비해당,② 타기관
duty_assignment,ASG-000671,applicability_note,,관리주체 타기관(경기도용인교육지원청) — 용인시 관리 시설 아님(FMS 관리주체 · 09-24),② 타기관
duty_assignment,ASG-000671,decided_by,,G01,② 타기관
duty_assignment,ASG-000671,decided_at,,2026-09-24,② 타기관
duty_assignment,ASG-000673,applicability,해당,확인필요,③ 관리주체 확인필요
duty_assignment,ASG-000673,applicability_note,,관리주체 확인 필요(FMS 관리주체 정보 없음·추정) — 용인시 관리면 「해당」으로,③ 관리주체 확인필요
duty_assignment,ASG-000674,applicability,해당,비해당,② 타기관
duty_assignment,ASG-000674,applicability_note,,관리주체 타기관(한국석유공사 용인지사) — 용인시 관리 시설 아님(FMS 관리주체 · 09-24),② 타기관
duty_assignment,ASG-000674,decided_by,,G01,② 타기관
duty_assignment,ASG-000674,decided_at,,2026-09-24,② 타기관
duty_assignment,ASG-000675,applicability,해당,비해당,② 타기관
duty_assignment,ASG-000675,applicability_note,,관리주체 타기관(경기도용인교육지원청) — 용인시 관리 시설 아님(FMS 관리주체 · 09-24),② 타기관
duty_assignment,ASG-000675,decided_by,,G01,② 타기관
duty_assignment,ASG-000675,decided_at,,2026-09-24,② 타기관
duty_assignment,ASG-000677,applicability,해당,확인필요,③ 관리주체 확인필요
duty_assignment,ASG-000677,applicability_note,,관리주체 확인 필요(FMS 관리주체 정보 없음·추정) — 용인시 관리면 「해당」으로,③ 관리주체 확인필요
duty_assignment,ASG-000678,applicability,해당,비해당,② 타기관
duty_assignment,ASG-000678,applicability_note,,관리주체 타기관(한국석유공사 용인지사) — 용인시 관리 시설 아님(FMS 관리주체 · 09-24),② 타기관
duty_assignment,ASG-000678,decided_by,,G01,② 타기관
duty_assignment,ASG-000678,decided_at,,2026-09-24,② 타기관
duty_assignment,ASG-000679,applicability,해당,비해당,② 타기관
duty_assignment,ASG-000679,applicability_note,,관리주체 타기관(경기도용인교육지원청) — 용인시 관리 시설 아님(FMS 관리주체 · 09-24),② 타기관
duty_assignment,ASG-000679,decided_by,,G01,② 타기관
duty_assignment,ASG-000679,decided_at,,2026-09-24,② 타기관
duty_assignment,ASG-000681,applicability,해당,확인필요,③ 관리주체 확인필요
duty_assignment,ASG-000681,applicability_note,,관리주체 확인 필요(FMS 관리주체 정보 없음·추정) — 용인시 관리면 「해당」으로,③ 관리주체 확인필요
duty_assignment,ASG-000682,applicability,해당,비해당,② 타기관
duty_assignment,ASG-000682,applicability_note,,관리주체 타기관(한국석유공사 용인지사) — 용인시 관리 시설 아님(FMS 관리주체 · 09-24),② 타기관
duty_assignment,ASG-000682,decided_by,,G01,② 타기관
duty_assignment,ASG-000682,decided_at,,2026-09-24,② 타기관
duty_assignment,ASG-000683,applicability,해당,비해당,② 타기관
duty_assignment,ASG-000683,applicability_note,,관리주체 타기관(경기도용인교육지원청) — 용인시 관리 시설 아님(FMS 관리주체 · 09-24),② 타기관
duty_assignment,ASG-000683,decided_by,,G01,② 타기관
duty_assignment,ASG-000683,decided_at,,2026-09-24,② 타기관
duty_assignment,ASG-000685,applicability,해당,확인필요,③ 관리주체 확인필요
duty_assignment,ASG-000685,applicability_note,,관리주체 확인 필요(FMS 관리주체 정보 없음·추정) — 용인시 관리면 「해당」으로,③ 관리주체 확인필요
duty_assignment,ASG-000686,applicability,해당,비해당,② 타기관
duty_assignment,ASG-000686,applicability_note,,관리주체 타기관(한국석유공사 용인지사) — 용인시 관리 시설 아님(FMS 관리주체 · 09-24),② 타기관
duty_assignment,ASG-000686,decided_by,,G01,② 타기관
duty_assignment,ASG-000686,decided_at,,2026-09-24,② 타기관
duty_assignment,ASG-000687,applicability,해당,비해당,② 타기관
duty_assignment,ASG-000687,applicability_note,,관리주체 타기관(경기도용인교육지원청) — 용인시 관리 시설 아님(FMS 관리주체 · 09-24),② 타기관
duty_assignment,ASG-000687,decided_by,,G01,② 타기관
duty_assignment,ASG-000687,decided_at,,2026-09-24,② 타기관
duty_assignment,ASG-000689,applicability,해당,확인필요,③ 관리주체 확인필요
duty_assignment,ASG-000689,applicability_note,,관리주체 확인 필요(FMS 관리주체 정보 없음·추정) — 용인시 관리면 「해당」으로,③ 관리주체 확인필요
duty_assignment,ASG-000690,applicability,해당,비해당,② 타기관
duty_assignment,ASG-000690,applicability_note,,관리주체 타기관(한국석유공사 용인지사) — 용인시 관리 시설 아님(FMS 관리주체 · 09-24),② 타기관
duty_assignment,ASG-000690,decided_by,,G01,② 타기관
duty_assignment,ASG-000690,decided_at,,2026-09-24,② 타기관
duty_assignment,ASG-000691,applicability,해당,비해당,② 타기관
duty_assignment,ASG-000691,applicability_note,,관리주체 타기관(경기도용인교육지원청) — 용인시 관리 시설 아님(FMS 관리주체 · 09-24),② 타기관
duty_assignment,ASG-000691,decided_by,,G01,② 타기관
duty_assignment,ASG-000691,decided_at,,2026-09-24,② 타기관
duty_assignment,ASG-000693,applicability,해당,확인필요,③ 관리주체 확인필요
duty_assignment,ASG-000693,applicability_note,,관리주체 확인 필요(FMS 관리주체 정보 없음·추정) — 용인시 관리면 「해당」으로,③ 관리주체 확인필요
duty_assignment,ASG-000694,applicability,해당,비해당,② 타기관
duty_assignment,ASG-000694,applicability_note,,관리주체 타기관(한국석유공사 용인지사) — 용인시 관리 시설 아님(FMS 관리주체 · 09-24),② 타기관
duty_assignment,ASG-000694,decided_by,,G01,② 타기관
duty_assignment,ASG-000694,decided_at,,2026-09-24,② 타기관
duty_assignment,ASG-000695,applicability,해당,비해당,② 타기관
duty_assignment,ASG-000695,applicability_note,,관리주체 타기관(경기도용인교육지원청) — 용인시 관리 시설 아님(FMS 관리주체 · 09-24),② 타기관
duty_assignment,ASG-000695,decided_by,,G01,② 타기관
duty_assignment,ASG-000695,decided_at,,2026-09-24,② 타기관
duty_assignment,ASG-000697,applicability,해당,확인필요,③ 관리주체 확인필요
duty_assignment,ASG-000697,applicability_note,,관리주체 확인 필요(FMS 관리주체 정보 없음·추정) — 용인시 관리면 「해당」으로,③ 관리주체 확인필요
duty_assignment,ASG-000698,applicability,해당,비해당,② 타기관
duty_assignment,ASG-000698,applicability_note,,관리주체 타기관(한국석유공사 용인지사) — 용인시 관리 시설 아님(FMS 관리주체 · 09-24),② 타기관
duty_assignment,ASG-000698,decided_by,,G01,② 타기관
duty_assignment,ASG-000698,decided_at,,2026-09-24,② 타기관
duty_assignment,ASG-000699,applicability,해당,비해당,② 타기관
duty_assignment,ASG-000699,applicability_note,,관리주체 타기관(경기도용인교육지원청) — 용인시 관리 시설 아님(FMS 관리주체 · 09-24),② 타기관
duty_assignment,ASG-000699,decided_by,,G01,② 타기관
duty_assignment,ASG-000699,decided_at,,2026-09-24,② 타기관
duty_assignment,ASG-000701,applicability,해당,확인필요,③ 관리주체 확인필요
duty_assignment,ASG-000701,applicability_note,,관리주체 확인 필요(FMS 관리주체 정보 없음·추정) — 용인시 관리면 「해당」으로,③ 관리주체 확인필요
duty_assignment,ASG-000702,applicability,해당,비해당,② 타기관
duty_assignment,ASG-000702,applicability_note,,관리주체 타기관(한국석유공사 용인지사) — 용인시 관리 시설 아님(FMS 관리주체 · 09-24),② 타기관
duty_assignment,ASG-000702,decided_by,,G01,② 타기관
duty_assignment,ASG-000702,decided_at,,2026-09-24,② 타기관
duty_assignment,ASG-000703,applicability,해당,비해당,② 타기관
duty_assignment,ASG-000703,applicability_note,,관리주체 타기관(경기도용인교육지원청) — 용인시 관리 시설 아님(FMS 관리주체 · 09-24),② 타기관
duty_assignment,ASG-000703,decided_by,,G01,② 타기관
duty_assignment,ASG-000703,decided_at,,2026-09-24,② 타기관
duty_assignment,ASG-000705,applicability,해당,확인필요,③ 관리주체 확인필요
duty_assignment,ASG-000705,applicability_note,,관리주체 확인 필요(FMS 관리주체 정보 없음·추정) — 용인시 관리면 「해당」으로,③ 관리주체 확인필요
duty_assignment,ASG-000706,applicability,해당,비해당,② 타기관
duty_assignment,ASG-000706,applicability_note,,관리주체 타기관(한국석유공사 용인지사) — 용인시 관리 시설 아님(FMS 관리주체 · 09-24),② 타기관
duty_assignment,ASG-000706,decided_by,,G01,② 타기관
duty_assignment,ASG-000706,decided_at,,2026-09-24,② 타기관
duty_assignment,ASG-000707,applicability,해당,비해당,② 타기관
duty_assignment,ASG-000707,applicability_note,,관리주체 타기관(경기도용인교육지원청) — 용인시 관리 시설 아님(FMS 관리주체 · 09-24),② 타기관
duty_assignment,ASG-000707,decided_by,,G01,② 타기관
duty_assignment,ASG-000707,decided_at,,2026-09-24,② 타기관
duty_assignment,ASG-000709,applicability,해당,확인필요,③ 관리주체 확인필요
duty_assignment,ASG-000709,applicability_note,,관리주체 확인 필요(FMS 관리주체 정보 없음·추정) — 용인시 관리면 「해당」으로,③ 관리주체 확인필요
duty_assignment,ASG-000710,applicability,해당,비해당,② 타기관
duty_assignment,ASG-000710,applicability_note,,관리주체 타기관(한국석유공사 용인지사) — 용인시 관리 시설 아님(FMS 관리주체 · 09-24),② 타기관
duty_assignment,ASG-000710,decided_by,,G01,② 타기관
duty_assignment,ASG-000710,decided_at,,2026-09-24,② 타기관
duty_assignment,ASG-000711,applicability,해당,비해당,② 타기관
duty_assignment,ASG-000711,applicability_note,,관리주체 타기관(경기도용인교육지원청) — 용인시 관리 시설 아님(FMS 관리주체 · 09-24),② 타기관
duty_assignment,ASG-000711,decided_by,,G01,② 타기관
duty_assignment,ASG-000711,decided_at,,2026-09-24,② 타기관
duty_assignment,ASG-000713,applicability,해당,확인필요,③ 관리주체 확인필요
duty_assignment,ASG-000713,applicability_note,,관리주체 확인 필요(FMS 관리주체 정보 없음·추정) — 용인시 관리면 「해당」으로,③ 관리주체 확인필요
duty_assignment,ASG-000714,applicability,해당,비해당,② 타기관
duty_assignment,ASG-000714,applicability_note,,관리주체 타기관(한국석유공사 용인지사) — 용인시 관리 시설 아님(FMS 관리주체 · 09-24),② 타기관
duty_assignment,ASG-000714,decided_by,,G01,② 타기관
duty_assignment,ASG-000714,decided_at,,2026-09-24,② 타기관
duty_assignment,ASG-000715,applicability,해당,비해당,② 타기관
duty_assignment,ASG-000715,applicability_note,,관리주체 타기관(경기도용인교육지원청) — 용인시 관리 시설 아님(FMS 관리주체 · 09-24),② 타기관
duty_assignment,ASG-000715,decided_by,,G01,② 타기관
duty_assignment,ASG-000715,decided_at,,2026-09-24,② 타기관
duty_assignment,ASG-000717,applicability,해당,확인필요,③ 관리주체 확인필요
duty_assignment,ASG-000717,applicability_note,,관리주체 확인 필요(FMS 관리주체 정보 없음·추정) — 용인시 관리면 「해당」으로,③ 관리주체 확인필요
duty_assignment,ASG-000718,applicability,해당,비해당,② 타기관
duty_assignment,ASG-000718,applicability_note,,관리주체 타기관(한국석유공사 용인지사) — 용인시 관리 시설 아님(FMS 관리주체 · 09-24),② 타기관
duty_assignment,ASG-000718,decided_by,,G01,② 타기관
duty_assignment,ASG-000718,decided_at,,2026-09-24,② 타기관
duty_assignment,ASG-000719,applicability,해당,비해당,② 타기관
duty_assignment,ASG-000719,applicability_note,,관리주체 타기관(경기도용인교육지원청) — 용인시 관리 시설 아님(FMS 관리주체 · 09-24),② 타기관
duty_assignment,ASG-000719,decided_by,,G01,② 타기관
duty_assignment,ASG-000719,decided_at,,2026-09-24,② 타기관
duty_assignment,ASG-000721,applicability,해당,확인필요,③ 관리주체 확인필요
duty_assignment,ASG-000721,applicability_note,,관리주체 확인 필요(FMS 관리주체 정보 없음·추정) — 용인시 관리면 「해당」으로,③ 관리주체 확인필요
duty_assignment,ASG-000722,applicability,해당,비해당,② 타기관
duty_assignment,ASG-000722,applicability_note,,관리주체 타기관(한국석유공사 용인지사) — 용인시 관리 시설 아님(FMS 관리주체 · 09-24),② 타기관
duty_assignment,ASG-000722,decided_by,,G01,② 타기관
duty_assignment,ASG-000722,decided_at,,2026-09-24,② 타기관
duty_assignment,ASG-000723,applicability,해당,비해당,② 타기관
duty_assignment,ASG-000723,applicability_note,,관리주체 타기관(경기도용인교육지원청) — 용인시 관리 시설 아님(FMS 관리주체 · 09-24),② 타기관
duty_assignment,ASG-000723,decided_by,,G01,② 타기관
duty_assignment,ASG-000723,decided_at,,2026-09-24,② 타기관
duty_assignment,ASG-000725,applicability,해당,확인필요,③ 관리주체 확인필요
duty_assignment,ASG-000725,applicability_note,,관리주체 확인 필요(FMS 관리주체 정보 없음·추정) — 용인시 관리면 「해당」으로,③ 관리주체 확인필요
duty_assignment,ASG-000726,applicability,해당,비해당,② 타기관
duty_assignment,ASG-000726,applicability_note,,관리주체 타기관(한국석유공사 용인지사) — 용인시 관리 시설 아님(FMS 관리주체 · 09-24),② 타기관
duty_assignment,ASG-000726,decided_by,,G01,② 타기관
duty_assignment,ASG-000726,decided_at,,2026-09-24,② 타기관
duty_assignment,ASG-000727,applicability,해당,비해당,② 타기관
duty_assignment,ASG-000727,applicability_note,,관리주체 타기관(경기도용인교육지원청) — 용인시 관리 시설 아님(FMS 관리주체 · 09-24),② 타기관
duty_assignment,ASG-000727,decided_by,,G01,② 타기관
duty_assignment,ASG-000727,decided_at,,2026-09-24,② 타기관
duty_assignment,ASG-000729,applicability,해당,확인필요,③ 관리주체 확인필요
duty_assignment,ASG-000729,applicability_note,,관리주체 확인 필요(FMS 관리주체 정보 없음·추정) — 용인시 관리면 「해당」으로,③ 관리주체 확인필요
duty_assignment,ASG-000730,applicability,해당,비해당,② 타기관
duty_assignment,ASG-000730,applicability_note,,관리주체 타기관(수원국토관리사무소) — 용인시 관리 시설 아님(FMS 관리주체 · 09-24),② 타기관
duty_assignment,ASG-000730,decided_by,,G01,② 타기관
duty_assignment,ASG-000730,decided_at,,2026-09-24,② 타기관
duty_assignment,ASG-000731,applicability,해당,확인필요,③ 관리주체 확인필요
duty_assignment,ASG-000731,applicability_note,,관리주체 확인 필요(FMS 관리주체 정보 없음·추정) — 용인시 관리면 「해당」으로,③ 관리주체 확인필요
duty_assignment,ASG-000733,applicability,해당,확인필요,③ 관리주체 확인필요
duty_assignment,ASG-000733,applicability_note,,관리주체 확인 필요(FMS 관리주체 정보 없음·추정) — 용인시 관리면 「해당」으로,③ 관리주체 확인필요
duty_assignment,ASG-000734,applicability,해당,비해당,② 타기관
duty_assignment,ASG-000734,applicability_note,,관리주체 타기관(수원국토관리사무소) — 용인시 관리 시설 아님(FMS 관리주체 · 09-24),② 타기관
duty_assignment,ASG-000734,decided_by,,G01,② 타기관
duty_assignment,ASG-000734,decided_at,,2026-09-24,② 타기관
duty_assignment,ASG-000735,applicability,해당,확인필요,③ 관리주체 확인필요
duty_assignment,ASG-000735,applicability_note,,관리주체 확인 필요(FMS 관리주체 정보 없음·추정) — 용인시 관리면 「해당」으로,③ 관리주체 확인필요
duty_assignment,ASG-000737,applicability,해당,확인필요,③ 관리주체 확인필요
duty_assignment,ASG-000737,applicability_note,,관리주체 확인 필요(FMS 관리주체 정보 없음·추정) — 용인시 관리면 「해당」으로,③ 관리주체 확인필요
duty_assignment,ASG-000738,applicability,해당,비해당,② 타기관
duty_assignment,ASG-000738,applicability_note,,관리주체 타기관(수원국토관리사무소) — 용인시 관리 시설 아님(FMS 관리주체 · 09-24),② 타기관
duty_assignment,ASG-000738,decided_by,,G01,② 타기관
duty_assignment,ASG-000738,decided_at,,2026-09-24,② 타기관
duty_assignment,ASG-000739,applicability,해당,확인필요,③ 관리주체 확인필요
duty_assignment,ASG-000739,applicability_note,,관리주체 확인 필요(FMS 관리주체 정보 없음·추정) — 용인시 관리면 「해당」으로,③ 관리주체 확인필요
duty_assignment,ASG-000741,applicability,해당,확인필요,③ 관리주체 확인필요
duty_assignment,ASG-000741,applicability_note,,관리주체 확인 필요(FMS 관리주체 정보 없음·추정) — 용인시 관리면 「해당」으로,③ 관리주체 확인필요
duty_assignment,ASG-000742,applicability,해당,비해당,② 타기관
duty_assignment,ASG-000742,applicability_note,,관리주체 타기관(수원국토관리사무소) — 용인시 관리 시설 아님(FMS 관리주체 · 09-24),② 타기관
duty_assignment,ASG-000742,decided_by,,G01,② 타기관
duty_assignment,ASG-000742,decided_at,,2026-09-24,② 타기관
duty_assignment,ASG-000743,applicability,해당,확인필요,③ 관리주체 확인필요
duty_assignment,ASG-000743,applicability_note,,관리주체 확인 필요(FMS 관리주체 정보 없음·추정) — 용인시 관리면 「해당」으로,③ 관리주체 확인필요
duty_assignment,ASG-000745,applicability,해당,확인필요,③ 관리주체 확인필요
duty_assignment,ASG-000745,applicability_note,,관리주체 확인 필요(FMS 관리주체 정보 없음·추정) — 용인시 관리면 「해당」으로,③ 관리주체 확인필요
duty_assignment,ASG-000746,applicability,해당,비해당,② 타기관
duty_assignment,ASG-000746,applicability_note,,관리주체 타기관(수원국토관리사무소) — 용인시 관리 시설 아님(FMS 관리주체 · 09-24),② 타기관
duty_assignment,ASG-000746,decided_by,,G01,② 타기관
duty_assignment,ASG-000746,decided_at,,2026-09-24,② 타기관
duty_assignment,ASG-000747,applicability,해당,확인필요,③ 관리주체 확인필요
duty_assignment,ASG-000747,applicability_note,,관리주체 확인 필요(FMS 관리주체 정보 없음·추정) — 용인시 관리면 「해당」으로,③ 관리주체 확인필요
duty_assignment,ASG-000749,applicability,해당,확인필요,③ 관리주체 확인필요
duty_assignment,ASG-000749,applicability_note,,관리주체 확인 필요(FMS 관리주체 정보 없음·추정) — 용인시 관리면 「해당」으로,③ 관리주체 확인필요
duty_assignment,ASG-000750,applicability,해당,비해당,② 타기관
duty_assignment,ASG-000750,applicability_note,,관리주체 타기관(수원국토관리사무소) — 용인시 관리 시설 아님(FMS 관리주체 · 09-24),② 타기관
duty_assignment,ASG-000750,decided_by,,G01,② 타기관
duty_assignment,ASG-000750,decided_at,,2026-09-24,② 타기관
duty_assignment,ASG-000751,applicability,해당,확인필요,③ 관리주체 확인필요
duty_assignment,ASG-000751,applicability_note,,관리주체 확인 필요(FMS 관리주체 정보 없음·추정) — 용인시 관리면 「해당」으로,③ 관리주체 확인필요
duty_assignment,ASG-000753,applicability,해당,확인필요,③ 관리주체 확인필요
duty_assignment,ASG-000753,applicability_note,,관리주체 확인 필요(FMS 관리주체 정보 없음·추정) — 용인시 관리면 「해당」으로,③ 관리주체 확인필요
duty_assignment,ASG-000754,applicability,해당,비해당,② 타기관
duty_assignment,ASG-000754,applicability_note,,관리주체 타기관(수원국토관리사무소) — 용인시 관리 시설 아님(FMS 관리주체 · 09-24),② 타기관
duty_assignment,ASG-000754,decided_by,,G01,② 타기관
duty_assignment,ASG-000754,decided_at,,2026-09-24,② 타기관
duty_assignment,ASG-000755,applicability,해당,확인필요,③ 관리주체 확인필요
duty_assignment,ASG-000755,applicability_note,,관리주체 확인 필요(FMS 관리주체 정보 없음·추정) — 용인시 관리면 「해당」으로,③ 관리주체 확인필요
duty_assignment,ASG-000757,applicability,해당,확인필요,③ 관리주체 확인필요
duty_assignment,ASG-000757,applicability_note,,관리주체 확인 필요(FMS 관리주체 정보 없음·추정) — 용인시 관리면 「해당」으로,③ 관리주체 확인필요
duty_assignment,ASG-000758,applicability,해당,비해당,② 타기관
duty_assignment,ASG-000758,applicability_note,,관리주체 타기관(수원국토관리사무소) — 용인시 관리 시설 아님(FMS 관리주체 · 09-24),② 타기관
duty_assignment,ASG-000758,decided_by,,G01,② 타기관
duty_assignment,ASG-000758,decided_at,,2026-09-24,② 타기관
duty_assignment,ASG-000759,applicability,해당,확인필요,③ 관리주체 확인필요
duty_assignment,ASG-000759,applicability_note,,관리주체 확인 필요(FMS 관리주체 정보 없음·추정) — 용인시 관리면 「해당」으로,③ 관리주체 확인필요
duty_assignment,ASG-000761,applicability,해당,확인필요,③ 관리주체 확인필요
duty_assignment,ASG-000761,applicability_note,,관리주체 확인 필요(FMS 관리주체 정보 없음·추정) — 용인시 관리면 「해당」으로,③ 관리주체 확인필요
duty_assignment,ASG-000762,applicability,해당,비해당,② 타기관
duty_assignment,ASG-000762,applicability_note,,관리주체 타기관(수원국토관리사무소) — 용인시 관리 시설 아님(FMS 관리주체 · 09-24),② 타기관
duty_assignment,ASG-000762,decided_by,,G01,② 타기관
duty_assignment,ASG-000762,decided_at,,2026-09-24,② 타기관
duty_assignment,ASG-000763,applicability,해당,확인필요,③ 관리주체 확인필요
duty_assignment,ASG-000763,applicability_note,,관리주체 확인 필요(FMS 관리주체 정보 없음·추정) — 용인시 관리면 「해당」으로,③ 관리주체 확인필요
duty_assignment,ASG-000766,applicability,해당,확인필요,③ 관리주체 확인필요
duty_assignment,ASG-000766,applicability_note,,관리주체 확인 필요(FMS 관리주체 정보 없음·추정) — 용인시 관리면 「해당」으로,③ 관리주체 확인필요
duty_assignment,ASG-000767,applicability,해당,비해당,② 타기관
duty_assignment,ASG-000767,applicability_note,,관리주체 타기관(수원국토관리사무소) — 용인시 관리 시설 아님(FMS 관리주체 · 09-24),② 타기관
duty_assignment,ASG-000767,decided_by,,G01,② 타기관
duty_assignment,ASG-000767,decided_at,,2026-09-24,② 타기관
duty_assignment,ASG-000768,applicability,해당,확인필요,③ 관리주체 확인필요
duty_assignment,ASG-000768,applicability_note,,관리주체 확인 필요(FMS 관리주체 정보 없음·추정) — 용인시 관리면 「해당」으로,③ 관리주체 확인필요
duty_assignment,ASG-000770,applicability,해당,확인필요,③ 관리주체 확인필요
duty_assignment,ASG-000770,applicability_note,,관리주체 확인 필요(FMS 관리주체 정보 없음·추정) — 용인시 관리면 「해당」으로,③ 관리주체 확인필요
duty_assignment,ASG-000771,applicability,해당,비해당,② 타기관
duty_assignment,ASG-000771,applicability_note,,관리주체 타기관(수원국토관리사무소) — 용인시 관리 시설 아님(FMS 관리주체 · 09-24),② 타기관
duty_assignment,ASG-000771,decided_by,,G01,② 타기관
duty_assignment,ASG-000771,decided_at,,2026-09-24,② 타기관
duty_assignment,ASG-000772,applicability,해당,확인필요,③ 관리주체 확인필요
duty_assignment,ASG-000772,applicability_note,,관리주체 확인 필요(FMS 관리주체 정보 없음·추정) — 용인시 관리면 「해당」으로,③ 관리주체 확인필요
duty_assignment,ASG-000774,applicability,해당,확인필요,③ 관리주체 확인필요
duty_assignment,ASG-000774,applicability_note,,관리주체 확인 필요(FMS 관리주체 정보 없음·추정) — 용인시 관리면 「해당」으로,③ 관리주체 확인필요
duty_assignment,ASG-000775,applicability,해당,비해당,② 타기관
duty_assignment,ASG-000775,applicability_note,,관리주체 타기관(수원국토관리사무소) — 용인시 관리 시설 아님(FMS 관리주체 · 09-24),② 타기관
duty_assignment,ASG-000775,decided_by,,G01,② 타기관
duty_assignment,ASG-000775,decided_at,,2026-09-24,② 타기관
duty_assignment,ASG-000776,applicability,해당,확인필요,③ 관리주체 확인필요
duty_assignment,ASG-000776,applicability_note,,관리주체 확인 필요(FMS 관리주체 정보 없음·추정) — 용인시 관리면 「해당」으로,③ 관리주체 확인필요
duty_assignment,ASG-000778,applicability,해당,확인필요,③ 관리주체 확인필요
duty_assignment,ASG-000778,applicability_note,,관리주체 확인 필요(FMS 관리주체 정보 없음·추정) — 용인시 관리면 「해당」으로,③ 관리주체 확인필요
duty_assignment,ASG-000779,applicability,해당,비해당,② 타기관
duty_assignment,ASG-000779,applicability_note,,관리주체 타기관(수원국토관리사무소) — 용인시 관리 시설 아님(FMS 관리주체 · 09-24),② 타기관
duty_assignment,ASG-000779,decided_by,,G01,② 타기관
duty_assignment,ASG-000779,decided_at,,2026-09-24,② 타기관
duty_assignment,ASG-000780,applicability,해당,확인필요,③ 관리주체 확인필요
duty_assignment,ASG-000780,applicability_note,,관리주체 확인 필요(FMS 관리주체 정보 없음·추정) — 용인시 관리면 「해당」으로,③ 관리주체 확인필요
duty_assignment,ASG-000782,applicability,해당,확인필요,③ 관리주체 확인필요
duty_assignment,ASG-000782,applicability_note,,관리주체 확인 필요(FMS 관리주체 정보 없음·추정) — 용인시 관리면 「해당」으로,③ 관리주체 확인필요
duty_assignment,ASG-000783,applicability,해당,비해당,② 타기관
duty_assignment,ASG-000783,applicability_note,,관리주체 타기관(수원국토관리사무소) — 용인시 관리 시설 아님(FMS 관리주체 · 09-24),② 타기관
duty_assignment,ASG-000783,decided_by,,G01,② 타기관
duty_assignment,ASG-000783,decided_at,,2026-09-24,② 타기관
duty_assignment,ASG-000784,applicability,해당,확인필요,③ 관리주체 확인필요
duty_assignment,ASG-000784,applicability_note,,관리주체 확인 필요(FMS 관리주체 정보 없음·추정) — 용인시 관리면 「해당」으로,③ 관리주체 확인필요
duty_assignment,ASG-000786,applicability,해당,확인필요,③ 관리주체 확인필요
duty_assignment,ASG-000786,applicability_note,,관리주체 확인 필요(FMS 관리주체 정보 없음·추정) — 용인시 관리면 「해당」으로,③ 관리주체 확인필요
duty_assignment,ASG-000787,applicability,해당,비해당,② 타기관
duty_assignment,ASG-000787,applicability_note,,관리주체 타기관(수원국토관리사무소) — 용인시 관리 시설 아님(FMS 관리주체 · 09-24),② 타기관
duty_assignment,ASG-000787,decided_by,,G01,② 타기관
duty_assignment,ASG-000787,decided_at,,2026-09-24,② 타기관
duty_assignment,ASG-000788,applicability,해당,확인필요,③ 관리주체 확인필요
duty_assignment,ASG-000788,applicability_note,,관리주체 확인 필요(FMS 관리주체 정보 없음·추정) — 용인시 관리면 「해당」으로,③ 관리주체 확인필요
duty_assignment,ASG-000801,applicability,해당,확인필요,③ 관리주체 확인필요
duty_assignment,ASG-000801,applicability_note,,관리주체 확인 필요(FMS 관리주체 정보 없음·추정) — 용인시 관리면 「해당」으로,③ 관리주체 확인필요
duty_assignment,ASG-000802,applicability,해당,확인필요,③ 관리주체 확인필요
duty_assignment,ASG-000802,applicability_note,,관리주체 확인 필요(FMS 관리주체 정보 없음·추정) — 용인시 관리면 「해당」으로,③ 관리주체 확인필요
duty_assignment,ASG-000803,applicability,해당,확인필요,③ 관리주체 확인필요
duty_assignment,ASG-000803,applicability_note,,관리주체 확인 필요(FMS 관리주체 정보 없음·추정) — 용인시 관리면 「해당」으로,③ 관리주체 확인필요
duty_assignment,ASG-000805,applicability,해당,확인필요,③ 관리주체 확인필요
duty_assignment,ASG-000805,applicability_note,,관리주체 확인 필요(FMS 관리주체 정보 없음·추정) — 용인시 관리면 「해당」으로,③ 관리주체 확인필요
duty_assignment,ASG-000806,applicability,해당,확인필요,③ 관리주체 확인필요
duty_assignment,ASG-000806,applicability_note,,관리주체 확인 필요(FMS 관리주체 정보 없음·추정) — 용인시 관리면 「해당」으로,③ 관리주체 확인필요
duty_assignment,ASG-000807,applicability,해당,확인필요,③ 관리주체 확인필요
duty_assignment,ASG-000807,applicability_note,,관리주체 확인 필요(FMS 관리주체 정보 없음·추정) — 용인시 관리면 「해당」으로,③ 관리주체 확인필요
duty_assignment,ASG-000809,applicability,해당,확인필요,③ 관리주체 확인필요
duty_assignment,ASG-000809,applicability_note,,관리주체 확인 필요(FMS 관리주체 정보 없음·추정) — 용인시 관리면 「해당」으로,③ 관리주체 확인필요
duty_assignment,ASG-000810,applicability,해당,확인필요,③ 관리주체 확인필요
duty_assignment,ASG-000810,applicability_note,,관리주체 확인 필요(FMS 관리주체 정보 없음·추정) — 용인시 관리면 「해당」으로,③ 관리주체 확인필요
duty_assignment,ASG-000811,applicability,해당,확인필요,③ 관리주체 확인필요
duty_assignment,ASG-000811,applicability_note,,관리주체 확인 필요(FMS 관리주체 정보 없음·추정) — 용인시 관리면 「해당」으로,③ 관리주체 확인필요
duty_assignment,ASG-000813,applicability,해당,확인필요,③ 관리주체 확인필요
duty_assignment,ASG-000813,applicability_note,,관리주체 확인 필요(FMS 관리주체 정보 없음·추정) — 용인시 관리면 「해당」으로,③ 관리주체 확인필요
duty_assignment,ASG-000814,applicability,해당,확인필요,③ 관리주체 확인필요
duty_assignment,ASG-000814,applicability_note,,관리주체 확인 필요(FMS 관리주체 정보 없음·추정) — 용인시 관리면 「해당」으로,③ 관리주체 확인필요
duty_assignment,ASG-000815,applicability,해당,확인필요,③ 관리주체 확인필요
duty_assignment,ASG-000815,applicability_note,,관리주체 확인 필요(FMS 관리주체 정보 없음·추정) — 용인시 관리면 「해당」으로,③ 관리주체 확인필요
duty_assignment,ASG-000817,applicability,해당,확인필요,③ 관리주체 확인필요
duty_assignment,ASG-000817,applicability_note,,관리주체 확인 필요(FMS 관리주체 정보 없음·추정) — 용인시 관리면 「해당」으로,③ 관리주체 확인필요
duty_assignment,ASG-000818,applicability,해당,확인필요,③ 관리주체 확인필요
duty_assignment,ASG-000818,applicability_note,,관리주체 확인 필요(FMS 관리주체 정보 없음·추정) — 용인시 관리면 「해당」으로,③ 관리주체 확인필요
duty_assignment,ASG-000819,applicability,해당,확인필요,③ 관리주체 확인필요
duty_assignment,ASG-000819,applicability_note,,관리주체 확인 필요(FMS 관리주체 정보 없음·추정) — 용인시 관리면 「해당」으로,③ 관리주체 확인필요
duty_assignment,ASG-000821,applicability,해당,확인필요,③ 관리주체 확인필요
duty_assignment,ASG-000821,applicability_note,,관리주체 확인 필요(FMS 관리주체 정보 없음·추정) — 용인시 관리면 「해당」으로,③ 관리주체 확인필요
duty_assignment,ASG-000822,applicability,해당,확인필요,③ 관리주체 확인필요
duty_assignment,ASG-000822,applicability_note,,관리주체 확인 필요(FMS 관리주체 정보 없음·추정) — 용인시 관리면 「해당」으로,③ 관리주체 확인필요
duty_assignment,ASG-000823,applicability,해당,확인필요,③ 관리주체 확인필요
duty_assignment,ASG-000823,applicability_note,,관리주체 확인 필요(FMS 관리주체 정보 없음·추정) — 용인시 관리면 「해당」으로,③ 관리주체 확인필요
duty_assignment,ASG-000825,applicability,해당,확인필요,③ 관리주체 확인필요
duty_assignment,ASG-000825,applicability_note,,관리주체 확인 필요(FMS 관리주체 정보 없음·추정) — 용인시 관리면 「해당」으로,③ 관리주체 확인필요
duty_assignment,ASG-000826,applicability,해당,확인필요,③ 관리주체 확인필요
duty_assignment,ASG-000826,applicability_note,,관리주체 확인 필요(FMS 관리주체 정보 없음·추정) — 용인시 관리면 「해당」으로,③ 관리주체 확인필요
duty_assignment,ASG-000827,applicability,해당,확인필요,③ 관리주체 확인필요
duty_assignment,ASG-000827,applicability_note,,관리주체 확인 필요(FMS 관리주체 정보 없음·추정) — 용인시 관리면 「해당」으로,③ 관리주체 확인필요
duty_assignment,ASG-000829,applicability,해당,확인필요,③ 관리주체 확인필요
duty_assignment,ASG-000829,applicability_note,,관리주체 확인 필요(FMS 관리주체 정보 없음·추정) — 용인시 관리면 「해당」으로,③ 관리주체 확인필요
duty_assignment,ASG-000830,applicability,해당,확인필요,③ 관리주체 확인필요
duty_assignment,ASG-000830,applicability_note,,관리주체 확인 필요(FMS 관리주체 정보 없음·추정) — 용인시 관리면 「해당」으로,③ 관리주체 확인필요
duty_assignment,ASG-000831,applicability,해당,확인필요,③ 관리주체 확인필요
duty_assignment,ASG-000831,applicability_note,,관리주체 확인 필요(FMS 관리주체 정보 없음·추정) — 용인시 관리면 「해당」으로,③ 관리주체 확인필요
duty_assignment,ASG-000833,applicability,해당,확인필요,③ 관리주체 확인필요
duty_assignment,ASG-000833,applicability_note,,관리주체 확인 필요(FMS 관리주체 정보 없음·추정) — 용인시 관리면 「해당」으로,③ 관리주체 확인필요
duty_assignment,ASG-000834,applicability,해당,확인필요,③ 관리주체 확인필요
duty_assignment,ASG-000834,applicability_note,,관리주체 확인 필요(FMS 관리주체 정보 없음·추정) — 용인시 관리면 「해당」으로,③ 관리주체 확인필요
duty_assignment,ASG-000835,applicability,해당,확인필요,③ 관리주체 확인필요
duty_assignment,ASG-000835,applicability_note,,관리주체 확인 필요(FMS 관리주체 정보 없음·추정) — 용인시 관리면 「해당」으로,③ 관리주체 확인필요
duty_assignment,ASG-000837,applicability,해당,확인필요,③ 관리주체 확인필요
duty_assignment,ASG-000837,applicability_note,,관리주체 확인 필요(FMS 관리주체 정보 없음·추정) — 용인시 관리면 「해당」으로,③ 관리주체 확인필요
duty_assignment,ASG-000838,applicability,해당,확인필요,③ 관리주체 확인필요
duty_assignment,ASG-000838,applicability_note,,관리주체 확인 필요(FMS 관리주체 정보 없음·추정) — 용인시 관리면 「해당」으로,③ 관리주체 확인필요
duty_assignment,ASG-000839,applicability,해당,확인필요,③ 관리주체 확인필요
duty_assignment,ASG-000839,applicability_note,,관리주체 확인 필요(FMS 관리주체 정보 없음·추정) — 용인시 관리면 「해당」으로,③ 관리주체 확인필요
duty_assignment,ASG-000841,applicability,해당,확인필요,③ 관리주체 확인필요
duty_assignment,ASG-000841,applicability_note,,관리주체 확인 필요(FMS 관리주체 정보 없음·추정) — 용인시 관리면 「해당」으로,③ 관리주체 확인필요
duty_assignment,ASG-000842,applicability,해당,확인필요,③ 관리주체 확인필요
duty_assignment,ASG-000842,applicability_note,,관리주체 확인 필요(FMS 관리주체 정보 없음·추정) — 용인시 관리면 「해당」으로,③ 관리주체 확인필요
duty_assignment,ASG-000843,applicability,해당,확인필요,③ 관리주체 확인필요
duty_assignment,ASG-000843,applicability_note,,관리주체 확인 필요(FMS 관리주체 정보 없음·추정) — 용인시 관리면 「해당」으로,③ 관리주체 확인필요
duty_assignment,ASG-000845,applicability,해당,확인필요,③ 관리주체 확인필요
duty_assignment,ASG-000845,applicability_note,,관리주체 확인 필요(FMS 관리주체 정보 없음·추정) — 용인시 관리면 「해당」으로,③ 관리주체 확인필요
duty_assignment,ASG-000846,applicability,해당,확인필요,③ 관리주체 확인필요
duty_assignment,ASG-000846,applicability_note,,관리주체 확인 필요(FMS 관리주체 정보 없음·추정) — 용인시 관리면 「해당」으로,③ 관리주체 확인필요
duty_assignment,ASG-000847,applicability,해당,확인필요,③ 관리주체 확인필요
duty_assignment,ASG-000847,applicability_note,,관리주체 확인 필요(FMS 관리주체 정보 없음·추정) — 용인시 관리면 「해당」으로,③ 관리주체 확인필요
duty_assignment,ASG-000849,applicability,해당,확인필요,③ 관리주체 확인필요
duty_assignment,ASG-000849,applicability_note,,관리주체 확인 필요(FMS 관리주체 정보 없음·추정) — 용인시 관리면 「해당」으로,③ 관리주체 확인필요
duty_assignment,ASG-000850,applicability,해당,확인필요,③ 관리주체 확인필요
duty_assignment,ASG-000850,applicability_note,,관리주체 확인 필요(FMS 관리주체 정보 없음·추정) — 용인시 관리면 「해당」으로,③ 관리주체 확인필요
duty_assignment,ASG-000851,applicability,해당,확인필요,③ 관리주체 확인필요
duty_assignment,ASG-000851,applicability_note,,관리주체 확인 필요(FMS 관리주체 정보 없음·추정) — 용인시 관리면 「해당」으로,③ 관리주체 확인필요
duty_assignment,ASG-000853,applicability,해당,확인필요,③ 관리주체 확인필요
duty_assignment,ASG-000853,applicability_note,,관리주체 확인 필요(FMS 관리주체 정보 없음·추정) — 용인시 관리면 「해당」으로,③ 관리주체 확인필요
duty_assignment,ASG-000854,applicability,해당,확인필요,③ 관리주체 확인필요
duty_assignment,ASG-000854,applicability_note,,관리주체 확인 필요(FMS 관리주체 정보 없음·추정) — 용인시 관리면 「해당」으로,③ 관리주체 확인필요
duty_assignment,ASG-000855,applicability,해당,확인필요,③ 관리주체 확인필요
duty_assignment,ASG-000855,applicability_note,,관리주체 확인 필요(FMS 관리주체 정보 없음·추정) — 용인시 관리면 「해당」으로,③ 관리주체 확인필요
duty_assignment,ASG-000857,applicability,해당,확인필요,③ 관리주체 확인필요
duty_assignment,ASG-000857,applicability_note,,관리주체 확인 필요(FMS 관리주체 정보 없음·추정) — 용인시 관리면 「해당」으로,③ 관리주체 확인필요
duty_assignment,ASG-000858,applicability,해당,확인필요,③ 관리주체 확인필요
duty_assignment,ASG-000858,applicability_note,,관리주체 확인 필요(FMS 관리주체 정보 없음·추정) — 용인시 관리면 「해당」으로,③ 관리주체 확인필요
duty_assignment,ASG-000859,applicability,해당,확인필요,③ 관리주체 확인필요
duty_assignment,ASG-000859,applicability_note,,관리주체 확인 필요(FMS 관리주체 정보 없음·추정) — 용인시 관리면 「해당」으로,③ 관리주체 확인필요
duty_assignment,ASG-000861,applicability,해당,확인필요,③ 관리주체 확인필요
duty_assignment,ASG-000861,applicability_note,,관리주체 확인 필요(FMS 관리주체 정보 없음·추정) — 용인시 관리면 「해당」으로,③ 관리주체 확인필요
duty_assignment,ASG-000862,applicability,해당,확인필요,③ 관리주체 확인필요
duty_assignment,ASG-000862,applicability_note,,관리주체 확인 필요(FMS 관리주체 정보 없음·추정) — 용인시 관리면 「해당」으로,③ 관리주체 확인필요
duty_assignment,ASG-000863,applicability,해당,확인필요,③ 관리주체 확인필요
duty_assignment,ASG-000863,applicability_note,,관리주체 확인 필요(FMS 관리주체 정보 없음·추정) — 용인시 관리면 「해당」으로,③ 관리주체 확인필요
duty_assignment,ASG-000865,applicability,해당,확인필요,③ 관리주체 확인필요
duty_assignment,ASG-000865,applicability_note,,관리주체 확인 필요(FMS 관리주체 정보 없음·추정) — 용인시 관리면 「해당」으로,③ 관리주체 확인필요
duty_assignment,ASG-000866,applicability,해당,확인필요,③ 관리주체 확인필요
duty_assignment,ASG-000866,applicability_note,,관리주체 확인 필요(FMS 관리주체 정보 없음·추정) — 용인시 관리면 「해당」으로,③ 관리주체 확인필요
duty_assignment,ASG-000867,applicability,해당,확인필요,③ 관리주체 확인필요
duty_assignment,ASG-000867,applicability_note,,관리주체 확인 필요(FMS 관리주체 정보 없음·추정) — 용인시 관리면 「해당」으로,③ 관리주체 확인필요
duty_assignment,ASG-000869,applicability,해당,확인필요,③ 관리주체 확인필요
duty_assignment,ASG-000869,applicability_note,,관리주체 확인 필요(FMS 관리주체 정보 없음·추정) — 용인시 관리면 「해당」으로,③ 관리주체 확인필요
duty_assignment,ASG-000870,applicability,해당,확인필요,③ 관리주체 확인필요
duty_assignment,ASG-000870,applicability_note,,관리주체 확인 필요(FMS 관리주체 정보 없음·추정) — 용인시 관리면 「해당」으로,③ 관리주체 확인필요
duty_assignment,ASG-000871,applicability,해당,확인필요,③ 관리주체 확인필요
duty_assignment,ASG-000871,applicability_note,,관리주체 확인 필요(FMS 관리주체 정보 없음·추정) — 용인시 관리면 「해당」으로,③ 관리주체 확인필요
duty_assignment,ASG-000873,applicability,해당,확인필요,③ 관리주체 확인필요
duty_assignment,ASG-000873,applicability_note,,관리주체 확인 필요(FMS 관리주체 정보 없음·추정) — 용인시 관리면 「해당」으로,③ 관리주체 확인필요
duty_assignment,ASG-000874,applicability,해당,확인필요,③ 관리주체 확인필요
duty_assignment,ASG-000874,applicability_note,,관리주체 확인 필요(FMS 관리주체 정보 없음·추정) — 용인시 관리면 「해당」으로,③ 관리주체 확인필요
duty_assignment,ASG-000875,applicability,해당,확인필요,③ 관리주체 확인필요
duty_assignment,ASG-000875,applicability_note,,관리주체 확인 필요(FMS 관리주체 정보 없음·추정) — 용인시 관리면 「해당」으로,③ 관리주체 확인필요
duty_assignment,ASG-000877,applicability,해당,확인필요,③ 관리주체 확인필요
duty_assignment,ASG-000877,applicability_note,,관리주체 확인 필요(FMS 관리주체 정보 없음·추정) — 용인시 관리면 「해당」으로,③ 관리주체 확인필요
duty_assignment,ASG-000878,applicability,해당,확인필요,③ 관리주체 확인필요
duty_assignment,ASG-000878,applicability_note,,관리주체 확인 필요(FMS 관리주체 정보 없음·추정) — 용인시 관리면 「해당」으로,③ 관리주체 확인필요
duty_assignment,ASG-000879,applicability,해당,확인필요,③ 관리주체 확인필요
duty_assignment,ASG-000879,applicability_note,,관리주체 확인 필요(FMS 관리주체 정보 없음·추정) — 용인시 관리면 「해당」으로,③ 관리주체 확인필요
duty_assignment,ASG-000944,applicability,해당,확인필요,③ 관리주체 확인필요
duty_assignment,ASG-000944,applicability_note,,관리주체 확인 필요(FMS 관리주체 정보 없음·추정) — 용인시 관리면 「해당」으로,③ 관리주체 확인필요
duty_assignment,ASG-000945,applicability,해당,비해당,② 타기관
duty_assignment,ASG-000945,applicability_note,,관리주체 타기관(수원국토관리사무소) — 용인시 관리 시설 아님(FMS 관리주체 · 09-24),② 타기관
duty_assignment,ASG-000945,decided_by,,G01,② 타기관
duty_assignment,ASG-000945,decided_at,,2026-09-24,② 타기관
duty_assignment,ASG-000946,applicability,해당,확인필요,③ 관리주체 확인필요
duty_assignment,ASG-000946,applicability_note,,관리주체 확인 필요(FMS 관리주체 정보 없음·추정) — 용인시 관리면 「해당」으로,③ 관리주체 확인필요
duty_assignment,ASG-000948,applicability,해당,확인필요,③ 관리주체 확인필요
duty_assignment,ASG-000948,applicability_note,,관리주체 확인 필요(FMS 관리주체 정보 없음·추정) — 용인시 관리면 「해당」으로,③ 관리주체 확인필요
duty_assignment,ASG-000949,applicability,해당,비해당,② 타기관
duty_assignment,ASG-000949,applicability_note,,관리주체 타기관(수원국토관리사무소) — 용인시 관리 시설 아님(FMS 관리주체 · 09-24),② 타기관
duty_assignment,ASG-000949,decided_by,,G01,② 타기관
duty_assignment,ASG-000949,decided_at,,2026-09-24,② 타기관
duty_assignment,ASG-000950,applicability,해당,확인필요,③ 관리주체 확인필요
duty_assignment,ASG-000950,applicability_note,,관리주체 확인 필요(FMS 관리주체 정보 없음·추정) — 용인시 관리면 「해당」으로,③ 관리주체 확인필요
duty_assignment,ASG-001031,applicability,해당,확인필요,③ 관리주체 확인필요
duty_assignment,ASG-001031,applicability_note,,관리주체 확인 필요(FMS 관리주체 정보 없음·추정) — 용인시 관리면 「해당」으로,③ 관리주체 확인필요
duty_assignment,ASG-001032,applicability,해당,확인필요,③ 관리주체 확인필요
duty_assignment,ASG-001032,applicability_note,,관리주체 확인 필요(FMS 관리주체 정보 없음·추정) — 용인시 관리면 「해당」으로,③ 관리주체 확인필요
duty_assignment,ASG-001033,applicability,해당,확인필요,③ 관리주체 확인필요
duty_assignment,ASG-001033,applicability_note,,관리주체 확인 필요(FMS 관리주체 정보 없음·추정) — 용인시 관리면 「해당」으로,③ 관리주체 확인필요
duty_assignment,ASG-001035,applicability,해당,확인필요,③ 관리주체 확인필요
duty_assignment,ASG-001035,applicability_note,,관리주체 확인 필요(FMS 관리주체 정보 없음·추정) — 용인시 관리면 「해당」으로,③ 관리주체 확인필요
duty_assignment,ASG-001036,applicability,해당,확인필요,③ 관리주체 확인필요
duty_assignment,ASG-001036,applicability_note,,관리주체 확인 필요(FMS 관리주체 정보 없음·추정) — 용인시 관리면 「해당」으로,③ 관리주체 확인필요
duty_assignment,ASG-001037,applicability,해당,확인필요,③ 관리주체 확인필요
duty_assignment,ASG-001037,applicability_note,,관리주체 확인 필요(FMS 관리주체 정보 없음·추정) — 용인시 관리면 「해당」으로,③ 관리주체 확인필요
duty_assignment,ASG-001039,applicability,해당,확인필요,③ 관리주체 확인필요
duty_assignment,ASG-001039,applicability_note,,관리주체 확인 필요(FMS 관리주체 정보 없음·추정) — 용인시 관리면 「해당」으로,③ 관리주체 확인필요
duty_assignment,ASG-001040,applicability,해당,확인필요,③ 관리주체 확인필요
duty_assignment,ASG-001040,applicability_note,,관리주체 확인 필요(FMS 관리주체 정보 없음·추정) — 용인시 관리면 「해당」으로,③ 관리주체 확인필요
duty_assignment,ASG-001041,applicability,해당,확인필요,③ 관리주체 확인필요
duty_assignment,ASG-001041,applicability_note,,관리주체 확인 필요(FMS 관리주체 정보 없음·추정) — 용인시 관리면 「해당」으로,③ 관리주체 확인필요
duty_assignment,ASG-001043,applicability,해당,확인필요,③ 관리주체 확인필요
duty_assignment,ASG-001043,applicability_note,,관리주체 확인 필요(FMS 관리주체 정보 없음·추정) — 용인시 관리면 「해당」으로,③ 관리주체 확인필요
duty_assignment,ASG-001044,applicability,해당,확인필요,③ 관리주체 확인필요
duty_assignment,ASG-001044,applicability_note,,관리주체 확인 필요(FMS 관리주체 정보 없음·추정) — 용인시 관리면 「해당」으로,③ 관리주체 확인필요
duty_assignment,ASG-001045,applicability,해당,확인필요,③ 관리주체 확인필요
duty_assignment,ASG-001045,applicability_note,,관리주체 확인 필요(FMS 관리주체 정보 없음·추정) — 용인시 관리면 「해당」으로,③ 관리주체 확인필요
duty_assignment,ASG-001047,applicability,해당,확인필요,③ 관리주체 확인필요
duty_assignment,ASG-001047,applicability_note,,관리주체 확인 필요(FMS 관리주체 정보 없음·추정) — 용인시 관리면 「해당」으로,③ 관리주체 확인필요
duty_assignment,ASG-001048,applicability,해당,확인필요,③ 관리주체 확인필요
duty_assignment,ASG-001048,applicability_note,,관리주체 확인 필요(FMS 관리주체 정보 없음·추정) — 용인시 관리면 「해당」으로,③ 관리주체 확인필요
duty_assignment,ASG-001049,applicability,해당,확인필요,③ 관리주체 확인필요
duty_assignment,ASG-001049,applicability_note,,관리주체 확인 필요(FMS 관리주체 정보 없음·추정) — 용인시 관리면 「해당」으로,③ 관리주체 확인필요
duty_assignment,ASG-001051,applicability,해당,확인필요,③ 관리주체 확인필요
duty_assignment,ASG-001051,applicability_note,,관리주체 확인 필요(FMS 관리주체 정보 없음·추정) — 용인시 관리면 「해당」으로,③ 관리주체 확인필요
duty_assignment,ASG-001052,applicability,해당,확인필요,③ 관리주체 확인필요
duty_assignment,ASG-001052,applicability_note,,관리주체 확인 필요(FMS 관리주체 정보 없음·추정) — 용인시 관리면 「해당」으로,③ 관리주체 확인필요
duty_assignment,ASG-001053,applicability,해당,확인필요,③ 관리주체 확인필요
duty_assignment,ASG-001053,applicability_note,,관리주체 확인 필요(FMS 관리주체 정보 없음·추정) — 용인시 관리면 「해당」으로,③ 관리주체 확인필요
duty_assignment,ASG-001055,applicability,해당,확인필요,③ 관리주체 확인필요
duty_assignment,ASG-001055,applicability_note,,관리주체 확인 필요(FMS 관리주체 정보 없음·추정) — 용인시 관리면 「해당」으로,③ 관리주체 확인필요
duty_assignment,ASG-001056,applicability,해당,확인필요,③ 관리주체 확인필요
duty_assignment,ASG-001056,applicability_note,,관리주체 확인 필요(FMS 관리주체 정보 없음·추정) — 용인시 관리면 「해당」으로,③ 관리주체 확인필요
duty_assignment,ASG-001057,applicability,해당,확인필요,③ 관리주체 확인필요
duty_assignment,ASG-001057,applicability_note,,관리주체 확인 필요(FMS 관리주체 정보 없음·추정) — 용인시 관리면 「해당」으로,③ 관리주체 확인필요
duty_assignment,ASG-001059,applicability,해당,확인필요,③ 관리주체 확인필요
duty_assignment,ASG-001059,applicability_note,,관리주체 확인 필요(FMS 관리주체 정보 없음·추정) — 용인시 관리면 「해당」으로,③ 관리주체 확인필요
duty_assignment,ASG-001060,applicability,해당,확인필요,③ 관리주체 확인필요
duty_assignment,ASG-001060,applicability_note,,관리주체 확인 필요(FMS 관리주체 정보 없음·추정) — 용인시 관리면 「해당」으로,③ 관리주체 확인필요
duty_assignment,ASG-001061,applicability,해당,확인필요,③ 관리주체 확인필요
duty_assignment,ASG-001061,applicability_note,,관리주체 확인 필요(FMS 관리주체 정보 없음·추정) — 용인시 관리면 「해당」으로,③ 관리주체 확인필요
duty_assignment,ASG-001075,applicability,해당,확인필요,③ 관리주체 확인필요
duty_assignment,ASG-001075,applicability_note,,관리주체 확인 필요(FMS 관리주체 정보 없음·추정) — 용인시 관리면 「해당」으로,③ 관리주체 확인필요
duty_assignment,ASG-001076,applicability,해당,확인필요,③ 관리주체 확인필요
duty_assignment,ASG-001076,applicability_note,,관리주체 확인 필요(FMS 관리주체 정보 없음·추정) — 용인시 관리면 「해당」으로,③ 관리주체 확인필요
duty_assignment,ASG-001077,applicability,해당,확인필요,③ 관리주체 확인필요
duty_assignment,ASG-001077,applicability_note,,관리주체 확인 필요(FMS 관리주체 정보 없음·추정) — 용인시 관리면 「해당」으로,③ 관리주체 확인필요
duty_assignment,ASG-001079,applicability,해당,확인필요,③ 관리주체 확인필요
duty_assignment,ASG-001079,applicability_note,,관리주체 확인 필요(FMS 관리주체 정보 없음·추정) — 용인시 관리면 「해당」으로,③ 관리주체 확인필요
duty_assignment,ASG-001080,applicability,해당,확인필요,③ 관리주체 확인필요
duty_assignment,ASG-001080,applicability_note,,관리주체 확인 필요(FMS 관리주체 정보 없음·추정) — 용인시 관리면 「해당」으로,③ 관리주체 확인필요
duty_assignment,ASG-001081,applicability,해당,확인필요,③ 관리주체 확인필요
duty_assignment,ASG-001081,applicability_note,,관리주체 확인 필요(FMS 관리주체 정보 없음·추정) — 용인시 관리면 「해당」으로,③ 관리주체 확인필요
duty_assignment,ASG-001184,applicability,해당,확인필요,③ 관리주체 확인필요
duty_assignment,ASG-001184,applicability_note,,관리주체 확인 필요(FMS 관리주체 정보 없음·추정) — 용인시 관리면 「해당」으로,③ 관리주체 확인필요
duty_assignment,ASG-001185,applicability,해당,비해당,② 타기관
duty_assignment,ASG-001185,applicability_note,,관리주체 타기관(한국석유공사 용인지사) — 용인시 관리 시설 아님(FMS 관리주체 · 09-24),② 타기관
duty_assignment,ASG-001185,decided_by,,G01,② 타기관
duty_assignment,ASG-001185,decided_at,,2026-09-24,② 타기관
duty_assignment,ASG-001186,applicability,해당,비해당,② 타기관
duty_assignment,ASG-001186,applicability_note,,관리주체 타기관(경기도용인교육지원청) — 용인시 관리 시설 아님(FMS 관리주체 · 09-24),② 타기관
duty_assignment,ASG-001186,decided_by,,G01,② 타기관
duty_assignment,ASG-001186,decided_at,,2026-09-24,② 타기관
duty_assignment,ASG-001245,applicability,해당,확인필요,③ 관리주체 확인필요
duty_assignment,ASG-001245,applicability_note,,관리주체 확인 필요(FMS 관리주체 정보 없음·추정) — 용인시 관리면 「해당」으로,③ 관리주체 확인필요
duty_assignment,ASG-001246,applicability,해당,비해당,② 타기관
duty_assignment,ASG-001246,applicability_note,,관리주체 타기관(수원국토관리사무소) — 용인시 관리 시설 아님(FMS 관리주체 · 09-24),② 타기관
duty_assignment,ASG-001246,decided_by,,G01,② 타기관
duty_assignment,ASG-001246,decided_at,,2026-09-24,② 타기관
duty_assignment,ASG-001247,applicability,해당,확인필요,③ 관리주체 확인필요
duty_assignment,ASG-001247,applicability_note,,관리주체 확인 필요(FMS 관리주체 정보 없음·추정) — 용인시 관리면 「해당」으로,③ 관리주체 확인필요
duty_assignment,ASG-001249,applicability,해당,확인필요,③ 관리주체 확인필요
duty_assignment,ASG-001249,applicability_note,,관리주체 확인 필요(FMS 관리주체 정보 없음·추정) — 용인시 관리면 「해당」으로,③ 관리주체 확인필요
duty_assignment,ASG-001250,applicability,해당,비해당,② 타기관
duty_assignment,ASG-001250,applicability_note,,관리주체 타기관(수원국토관리사무소) — 용인시 관리 시설 아님(FMS 관리주체 · 09-24),② 타기관
duty_assignment,ASG-001250,decided_by,,G01,② 타기관
duty_assignment,ASG-001250,decided_at,,2026-09-24,② 타기관
duty_assignment,ASG-001251,applicability,해당,확인필요,③ 관리주체 확인필요
duty_assignment,ASG-001251,applicability_note,,관리주체 확인 필요(FMS 관리주체 정보 없음·추정) — 용인시 관리면 「해당」으로,③ 관리주체 확인필요
duty_assignment,ASG-001260,applicability,해당,확인필요,③ 관리주체 확인필요
duty_assignment,ASG-001260,applicability_note,,관리주체 확인 필요(FMS 관리주체 정보 없음·추정) — 용인시 관리면 「해당」으로,③ 관리주체 확인필요
duty_assignment,ASG-001261,applicability,해당,비해당,② 타기관
duty_assignment,ASG-001261,applicability_note,,관리주체 타기관(한국석유공사 용인지사) — 용인시 관리 시설 아님(FMS 관리주체 · 09-24),② 타기관
duty_assignment,ASG-001261,decided_by,,G01,② 타기관
duty_assignment,ASG-001261,decided_at,,2026-09-24,② 타기관
duty_assignment,ASG-001262,applicability,해당,비해당,② 타기관
duty_assignment,ASG-001262,applicability_note,,관리주체 타기관(경기도용인교육지원청) — 용인시 관리 시설 아님(FMS 관리주체 · 09-24),② 타기관
duty_assignment,ASG-001262,decided_by,,G01,② 타기관
duty_assignment,ASG-001262,decided_at,,2026-09-24,② 타기관
duty_assignment,ASG-001264,applicability,해당,확인필요,③ 관리주체 확인필요
duty_assignment,ASG-001264,applicability_note,,관리주체 확인 필요(FMS 관리주체 정보 없음·추정) — 용인시 관리면 「해당」으로,③ 관리주체 확인필요
duty_assignment,ASG-001265,applicability,해당,비해당,② 타기관
duty_assignment,ASG-001265,applicability_note,,관리주체 타기관(한국석유공사 용인지사) — 용인시 관리 시설 아님(FMS 관리주체 · 09-24),② 타기관
duty_assignment,ASG-001265,decided_by,,G01,② 타기관
duty_assignment,ASG-001265,decided_at,,2026-09-24,② 타기관
duty_assignment,ASG-001266,applicability,해당,비해당,② 타기관
duty_assignment,ASG-001266,applicability_note,,관리주체 타기관(경기도용인교육지원청) — 용인시 관리 시설 아님(FMS 관리주체 · 09-24),② 타기관
duty_assignment,ASG-001266,decided_by,,G01,② 타기관
duty_assignment,ASG-001266,decided_at,,2026-09-24,② 타기관
duty_assignment,ASG-001268,applicability,해당,확인필요,③ 관리주체 확인필요
duty_assignment,ASG-001268,applicability_note,,관리주체 확인 필요(FMS 관리주체 정보 없음·추정) — 용인시 관리면 「해당」으로,③ 관리주체 확인필요
duty_assignment,ASG-001269,applicability,해당,비해당,② 타기관
duty_assignment,ASG-001269,applicability_note,,관리주체 타기관(한국석유공사 용인지사) — 용인시 관리 시설 아님(FMS 관리주체 · 09-24),② 타기관
duty_assignment,ASG-001269,decided_by,,G01,② 타기관
duty_assignment,ASG-001269,decided_at,,2026-09-24,② 타기관
duty_assignment,ASG-001270,applicability,해당,비해당,② 타기관
duty_assignment,ASG-001270,applicability_note,,관리주체 타기관(경기도용인교육지원청) — 용인시 관리 시설 아님(FMS 관리주체 · 09-24),② 타기관
duty_assignment,ASG-001270,decided_by,,G01,② 타기관
duty_assignment,ASG-001270,decided_at,,2026-09-24,② 타기관
duty_assignment,ASG-001272,applicability,해당,확인필요,③ 관리주체 확인필요
duty_assignment,ASG-001272,applicability_note,,관리주체 확인 필요(FMS 관리주체 정보 없음·추정) — 용인시 관리면 「해당」으로,③ 관리주체 확인필요
duty_assignment,ASG-001273,applicability,해당,비해당,② 타기관
duty_assignment,ASG-001273,applicability_note,,관리주체 타기관(한국석유공사 용인지사) — 용인시 관리 시설 아님(FMS 관리주체 · 09-24),② 타기관
duty_assignment,ASG-001273,decided_by,,G01,② 타기관
duty_assignment,ASG-001273,decided_at,,2026-09-24,② 타기관
duty_assignment,ASG-001274,applicability,해당,비해당,② 타기관
duty_assignment,ASG-001274,applicability_note,,관리주체 타기관(경기도용인교육지원청) — 용인시 관리 시설 아님(FMS 관리주체 · 09-24),② 타기관
duty_assignment,ASG-001274,decided_by,,G01,② 타기관
duty_assignment,ASG-001274,decided_at,,2026-09-24,② 타기관
duty_assignment,ASG-001276,applicability,해당,확인필요,③ 관리주체 확인필요
duty_assignment,ASG-001276,applicability_note,,관리주체 확인 필요(FMS 관리주체 정보 없음·추정) — 용인시 관리면 「해당」으로,③ 관리주체 확인필요
duty_assignment,ASG-001277,applicability,해당,비해당,② 타기관
duty_assignment,ASG-001277,applicability_note,,관리주체 타기관(수원국토관리사무소) — 용인시 관리 시설 아님(FMS 관리주체 · 09-24),② 타기관
duty_assignment,ASG-001277,decided_by,,G01,② 타기관
duty_assignment,ASG-001277,decided_at,,2026-09-24,② 타기관
duty_assignment,ASG-001278,applicability,해당,확인필요,③ 관리주체 확인필요
duty_assignment,ASG-001278,applicability_note,,관리주체 확인 필요(FMS 관리주체 정보 없음·추정) — 용인시 관리면 「해당」으로,③ 관리주체 확인필요
duty_assignment,ASG-001280,applicability,해당,확인필요,③ 관리주체 확인필요
duty_assignment,ASG-001280,applicability_note,,관리주체 확인 필요(FMS 관리주체 정보 없음·추정) — 용인시 관리면 「해당」으로,③ 관리주체 확인필요
duty_assignment,ASG-001281,applicability,해당,비해당,② 타기관
duty_assignment,ASG-001281,applicability_note,,관리주체 타기관(수원국토관리사무소) — 용인시 관리 시설 아님(FMS 관리주체 · 09-24),② 타기관
duty_assignment,ASG-001281,decided_by,,G01,② 타기관
duty_assignment,ASG-001281,decided_at,,2026-09-24,② 타기관
duty_assignment,ASG-001282,applicability,해당,확인필요,③ 관리주체 확인필요
duty_assignment,ASG-001282,applicability_note,,관리주체 확인 필요(FMS 관리주체 정보 없음·추정) — 용인시 관리면 「해당」으로,③ 관리주체 확인필요
duty_assignment,ASG-001284,applicability,해당,확인필요,③ 관리주체 확인필요
duty_assignment,ASG-001284,applicability_note,,관리주체 확인 필요(FMS 관리주체 정보 없음·추정) — 용인시 관리면 「해당」으로,③ 관리주체 확인필요
duty_assignment,ASG-001285,applicability,해당,비해당,② 타기관
duty_assignment,ASG-001285,applicability_note,,관리주체 타기관(수원국토관리사무소) — 용인시 관리 시설 아님(FMS 관리주체 · 09-24),② 타기관
duty_assignment,ASG-001285,decided_by,,G01,② 타기관
duty_assignment,ASG-001285,decided_at,,2026-09-24,② 타기관
duty_assignment,ASG-001286,applicability,해당,확인필요,③ 관리주체 확인필요
duty_assignment,ASG-001286,applicability_note,,관리주체 확인 필요(FMS 관리주체 정보 없음·추정) — 용인시 관리면 「해당」으로,③ 관리주체 확인필요
duty_assignment,ASG-001288,applicability,해당,확인필요,③ 관리주체 확인필요
duty_assignment,ASG-001288,applicability_note,,관리주체 확인 필요(FMS 관리주체 정보 없음·추정) — 용인시 관리면 「해당」으로,③ 관리주체 확인필요
duty_assignment,ASG-001289,applicability,해당,비해당,② 타기관
duty_assignment,ASG-001289,applicability_note,,관리주체 타기관(수원국토관리사무소) — 용인시 관리 시설 아님(FMS 관리주체 · 09-24),② 타기관
duty_assignment,ASG-001289,decided_by,,G01,② 타기관
duty_assignment,ASG-001289,decided_at,,2026-09-24,② 타기관
duty_assignment,ASG-001290,applicability,해당,확인필요,③ 관리주체 확인필요
duty_assignment,ASG-001290,applicability_note,,관리주체 확인 필요(FMS 관리주체 정보 없음·추정) — 용인시 관리면 「해당」으로,③ 관리주체 확인필요
duty_assignment,ASG-001292,applicability,해당,확인필요,③ 관리주체 확인필요
duty_assignment,ASG-001292,applicability_note,,관리주체 확인 필요(FMS 관리주체 정보 없음·추정) — 용인시 관리면 「해당」으로,③ 관리주체 확인필요
duty_assignment,ASG-001293,applicability,해당,비해당,② 타기관
duty_assignment,ASG-001293,applicability_note,,관리주체 타기관(수원국토관리사무소) — 용인시 관리 시설 아님(FMS 관리주체 · 09-24),② 타기관
duty_assignment,ASG-001293,decided_by,,G01,② 타기관
duty_assignment,ASG-001293,decided_at,,2026-09-24,② 타기관
duty_assignment,ASG-001294,applicability,해당,확인필요,③ 관리주체 확인필요
duty_assignment,ASG-001294,applicability_note,,관리주체 확인 필요(FMS 관리주체 정보 없음·추정) — 용인시 관리면 「해당」으로,③ 관리주체 확인필요
duty_assignment,ASG-001306,applicability,해당,확인필요,③ 관리주체 확인필요
duty_assignment,ASG-001306,applicability_note,,관리주체 확인 필요(FMS 관리주체 정보 없음·추정) — 용인시 관리면 「해당」으로,③ 관리주체 확인필요
duty_assignment,ASG-001307,applicability,해당,확인필요,③ 관리주체 확인필요
duty_assignment,ASG-001307,applicability_note,,관리주체 확인 필요(FMS 관리주체 정보 없음·추정) — 용인시 관리면 「해당」으로,③ 관리주체 확인필요
duty_assignment,ASG-001308,applicability,해당,확인필요,③ 관리주체 확인필요
duty_assignment,ASG-001308,applicability_note,,관리주체 확인 필요(FMS 관리주체 정보 없음·추정) — 용인시 관리면 「해당」으로,③ 관리주체 확인필요
duty_assignment,ASG-001310,applicability,해당,확인필요,③ 관리주체 확인필요
duty_assignment,ASG-001310,applicability_note,,관리주체 확인 필요(FMS 관리주체 정보 없음·추정) — 용인시 관리면 「해당」으로,③ 관리주체 확인필요
duty_assignment,ASG-001311,applicability,해당,확인필요,③ 관리주체 확인필요
duty_assignment,ASG-001311,applicability_note,,관리주체 확인 필요(FMS 관리주체 정보 없음·추정) — 용인시 관리면 「해당」으로,③ 관리주체 확인필요
duty_assignment,ASG-001312,applicability,해당,확인필요,③ 관리주체 확인필요
duty_assignment,ASG-001312,applicability_note,,관리주체 확인 필요(FMS 관리주체 정보 없음·추정) — 용인시 관리면 「해당」으로,③ 관리주체 확인필요
duty_assignment,ASG-001314,applicability,해당,확인필요,③ 관리주체 확인필요
duty_assignment,ASG-001314,applicability_note,,관리주체 확인 필요(FMS 관리주체 정보 없음·추정) — 용인시 관리면 「해당」으로,③ 관리주체 확인필요
duty_assignment,ASG-001315,applicability,해당,확인필요,③ 관리주체 확인필요
duty_assignment,ASG-001315,applicability_note,,관리주체 확인 필요(FMS 관리주체 정보 없음·추정) — 용인시 관리면 「해당」으로,③ 관리주체 확인필요
duty_assignment,ASG-001316,applicability,해당,확인필요,③ 관리주체 확인필요
duty_assignment,ASG-001316,applicability_note,,관리주체 확인 필요(FMS 관리주체 정보 없음·추정) — 용인시 관리면 「해당」으로,③ 관리주체 확인필요
duty_assignment,ASG-001318,applicability,해당,확인필요,③ 관리주체 확인필요
duty_assignment,ASG-001318,applicability_note,,관리주체 확인 필요(FMS 관리주체 정보 없음·추정) — 용인시 관리면 「해당」으로,③ 관리주체 확인필요
duty_assignment,ASG-001319,applicability,해당,확인필요,③ 관리주체 확인필요
duty_assignment,ASG-001319,applicability_note,,관리주체 확인 필요(FMS 관리주체 정보 없음·추정) — 용인시 관리면 「해당」으로,③ 관리주체 확인필요
duty_assignment,ASG-001320,applicability,해당,확인필요,③ 관리주체 확인필요
duty_assignment,ASG-001320,applicability_note,,관리주체 확인 필요(FMS 관리주체 정보 없음·추정) — 용인시 관리면 「해당」으로,③ 관리주체 확인필요
duty_assignment,ASG-001322,applicability,해당,확인필요,③ 관리주체 확인필요
duty_assignment,ASG-001322,applicability_note,,관리주체 확인 필요(FMS 관리주체 정보 없음·추정) — 용인시 관리면 「해당」으로,③ 관리주체 확인필요
duty_assignment,ASG-001323,applicability,해당,비해당,② 타기관
duty_assignment,ASG-001323,applicability_note,,관리주체 타기관(수원국토관리사무소) — 용인시 관리 시설 아님(FMS 관리주체 · 09-24),② 타기관
duty_assignment,ASG-001323,decided_by,,G01,② 타기관
duty_assignment,ASG-001323,decided_at,,2026-09-24,② 타기관
duty_assignment,ASG-001324,applicability,해당,확인필요,③ 관리주체 확인필요
duty_assignment,ASG-001324,applicability_note,,관리주체 확인 필요(FMS 관리주체 정보 없음·추정) — 용인시 관리면 「해당」으로,③ 관리주체 확인필요
duty_assignment,ASG-001326,applicability,해당,확인필요,③ 관리주체 확인필요
duty_assignment,ASG-001326,applicability_note,,관리주체 확인 필요(FMS 관리주체 정보 없음·추정) — 용인시 관리면 「해당」으로,③ 관리주체 확인필요
duty_assignment,ASG-001327,applicability,해당,비해당,② 타기관
duty_assignment,ASG-001327,applicability_note,,관리주체 타기관(수원국토관리사무소) — 용인시 관리 시설 아님(FMS 관리주체 · 09-24),② 타기관
duty_assignment,ASG-001327,decided_by,,G01,② 타기관
duty_assignment,ASG-001327,decided_at,,2026-09-24,② 타기관
duty_assignment,ASG-001328,applicability,해당,확인필요,③ 관리주체 확인필요
duty_assignment,ASG-001328,applicability_note,,관리주체 확인 필요(FMS 관리주체 정보 없음·추정) — 용인시 관리면 「해당」으로,③ 관리주체 확인필요
duty_assignment,ASG-001330,applicability,해당,확인필요,③ 관리주체 확인필요
duty_assignment,ASG-001330,applicability_note,,관리주체 확인 필요(FMS 관리주체 정보 없음·추정) — 용인시 관리면 「해당」으로,③ 관리주체 확인필요
duty_assignment,ASG-001331,applicability,해당,비해당,② 타기관
duty_assignment,ASG-001331,applicability_note,,관리주체 타기관(수원국토관리사무소) — 용인시 관리 시설 아님(FMS 관리주체 · 09-24),② 타기관
duty_assignment,ASG-001331,decided_by,,G01,② 타기관
duty_assignment,ASG-001331,decided_at,,2026-09-24,② 타기관
duty_assignment,ASG-001332,applicability,해당,확인필요,③ 관리주체 확인필요
duty_assignment,ASG-001332,applicability_note,,관리주체 확인 필요(FMS 관리주체 정보 없음·추정) — 용인시 관리면 「해당」으로,③ 관리주체 확인필요
duty_assignment,ASG-001334,applicability,해당,확인필요,③ 관리주체 확인필요
duty_assignment,ASG-001334,applicability_note,,관리주체 확인 필요(FMS 관리주체 정보 없음·추정) — 용인시 관리면 「해당」으로,③ 관리주체 확인필요
duty_assignment,ASG-001335,applicability,해당,비해당,② 타기관
duty_assignment,ASG-001335,applicability_note,,관리주체 타기관(수원국토관리사무소) — 용인시 관리 시설 아님(FMS 관리주체 · 09-24),② 타기관
duty_assignment,ASG-001335,decided_by,,G01,② 타기관
duty_assignment,ASG-001335,decided_at,,2026-09-24,② 타기관
duty_assignment,ASG-001336,applicability,해당,확인필요,③ 관리주체 확인필요
duty_assignment,ASG-001336,applicability_note,,관리주체 확인 필요(FMS 관리주체 정보 없음·추정) — 용인시 관리면 「해당」으로,③ 관리주체 확인필요
duty_assignment,ASG-001338,applicability,해당,확인필요,③ 관리주체 확인필요
duty_assignment,ASG-001338,applicability_note,,관리주체 확인 필요(FMS 관리주체 정보 없음·추정) — 용인시 관리면 「해당」으로,③ 관리주체 확인필요
duty_assignment,ASG-001339,applicability,해당,비해당,② 타기관
duty_assignment,ASG-001339,applicability_note,,관리주체 타기관(수원국토관리사무소) — 용인시 관리 시설 아님(FMS 관리주체 · 09-24),② 타기관
duty_assignment,ASG-001339,decided_by,,G01,② 타기관
duty_assignment,ASG-001339,decided_at,,2026-09-24,② 타기관
duty_assignment,ASG-001340,applicability,해당,확인필요,③ 관리주체 확인필요
duty_assignment,ASG-001340,applicability_note,,관리주체 확인 필요(FMS 관리주체 정보 없음·추정) — 용인시 관리면 「해당」으로,③ 관리주체 확인필요
duty_assignment,ASG-001342,applicability,해당,확인필요,③ 관리주체 확인필요
duty_assignment,ASG-001342,applicability_note,,관리주체 확인 필요(FMS 관리주체 정보 없음·추정) — 용인시 관리면 「해당」으로,③ 관리주체 확인필요
duty_assignment,ASG-001343,applicability,해당,비해당,② 타기관
duty_assignment,ASG-001343,applicability_note,,관리주체 타기관(수원국토관리사무소) — 용인시 관리 시설 아님(FMS 관리주체 · 09-24),② 타기관
duty_assignment,ASG-001343,decided_by,,G01,② 타기관
duty_assignment,ASG-001343,decided_at,,2026-09-24,② 타기관
duty_assignment,ASG-001344,applicability,해당,확인필요,③ 관리주체 확인필요
duty_assignment,ASG-001344,applicability_note,,관리주체 확인 필요(FMS 관리주체 정보 없음·추정) — 용인시 관리면 「해당」으로,③ 관리주체 확인필요
duty_assignment,ASG-001346,applicability,해당,확인필요,③ 관리주체 확인필요
duty_assignment,ASG-001346,applicability_note,,관리주체 확인 필요(FMS 관리주체 정보 없음·추정) — 용인시 관리면 「해당」으로,③ 관리주체 확인필요
duty_assignment,ASG-001347,applicability,해당,비해당,② 타기관
duty_assignment,ASG-001347,applicability_note,,관리주체 타기관(수원국토관리사무소) — 용인시 관리 시설 아님(FMS 관리주체 · 09-24),② 타기관
duty_assignment,ASG-001347,decided_by,,G01,② 타기관
duty_assignment,ASG-001347,decided_at,,2026-09-24,② 타기관
duty_assignment,ASG-001348,applicability,해당,확인필요,③ 관리주체 확인필요
duty_assignment,ASG-001348,applicability_note,,관리주체 확인 필요(FMS 관리주체 정보 없음·추정) — 용인시 관리면 「해당」으로,③ 관리주체 확인필요
duty_assignment,ASG-001350,applicability,해당,확인필요,③ 관리주체 확인필요
duty_assignment,ASG-001350,applicability_note,,관리주체 확인 필요(FMS 관리주체 정보 없음·추정) — 용인시 관리면 「해당」으로,③ 관리주체 확인필요
duty_assignment,ASG-001351,applicability,해당,비해당,② 타기관
duty_assignment,ASG-001351,applicability_note,,관리주체 타기관(수원국토관리사무소) — 용인시 관리 시설 아님(FMS 관리주체 · 09-24),② 타기관
duty_assignment,ASG-001351,decided_by,,G01,② 타기관
duty_assignment,ASG-001351,decided_at,,2026-09-24,② 타기관
duty_assignment,ASG-001352,applicability,해당,확인필요,③ 관리주체 확인필요
duty_assignment,ASG-001352,applicability_note,,관리주체 확인 필요(FMS 관리주체 정보 없음·추정) — 용인시 관리면 「해당」으로,③ 관리주체 확인필요
duty_assignment,ASG-001354,applicability,해당,확인필요,③ 관리주체 확인필요
duty_assignment,ASG-001354,applicability_note,,관리주체 확인 필요(FMS 관리주체 정보 없음·추정) — 용인시 관리면 「해당」으로,③ 관리주체 확인필요
duty_assignment,ASG-001355,applicability,해당,비해당,② 타기관
duty_assignment,ASG-001355,applicability_note,,관리주체 타기관(수원국토관리사무소) — 용인시 관리 시설 아님(FMS 관리주체 · 09-24),② 타기관
duty_assignment,ASG-001355,decided_by,,G01,② 타기관
duty_assignment,ASG-001355,decided_at,,2026-09-24,② 타기관
duty_assignment,ASG-001356,applicability,해당,확인필요,③ 관리주체 확인필요
duty_assignment,ASG-001356,applicability_note,,관리주체 확인 필요(FMS 관리주체 정보 없음·추정) — 용인시 관리면 「해당」으로,③ 관리주체 확인필요
duty_assignment,ASG-001358,applicability,해당,확인필요,③ 관리주체 확인필요
duty_assignment,ASG-001358,applicability_note,,관리주체 확인 필요(FMS 관리주체 정보 없음·추정) — 용인시 관리면 「해당」으로,③ 관리주체 확인필요
duty_assignment,ASG-001359,applicability,해당,비해당,② 타기관
duty_assignment,ASG-001359,applicability_note,,관리주체 타기관(수원국토관리사무소) — 용인시 관리 시설 아님(FMS 관리주체 · 09-24),② 타기관
duty_assignment,ASG-001359,decided_by,,G01,② 타기관
duty_assignment,ASG-001359,decided_at,,2026-09-24,② 타기관
duty_assignment,ASG-001360,applicability,해당,확인필요,③ 관리주체 확인필요
duty_assignment,ASG-001360,applicability_note,,관리주체 확인 필요(FMS 관리주체 정보 없음·추정) — 용인시 관리면 「해당」으로,③ 관리주체 확인필요
duty_assignment,ASG-001362,applicability,해당,확인필요,③ 관리주체 확인필요
duty_assignment,ASG-001362,applicability_note,,관리주체 확인 필요(FMS 관리주체 정보 없음·추정) — 용인시 관리면 「해당」으로,③ 관리주체 확인필요
duty_assignment,ASG-001363,applicability,해당,비해당,② 타기관
duty_assignment,ASG-001363,applicability_note,,관리주체 타기관(수원국토관리사무소) — 용인시 관리 시설 아님(FMS 관리주체 · 09-24),② 타기관
duty_assignment,ASG-001363,decided_by,,G01,② 타기관
duty_assignment,ASG-001363,decided_at,,2026-09-24,② 타기관
duty_assignment,ASG-001364,applicability,해당,확인필요,③ 관리주체 확인필요
duty_assignment,ASG-001364,applicability_note,,관리주체 확인 필요(FMS 관리주체 정보 없음·추정) — 용인시 관리면 「해당」으로,③ 관리주체 확인필요
duty_assignment,ASG-001366,applicability,해당,확인필요,③ 관리주체 확인필요
duty_assignment,ASG-001366,applicability_note,,관리주체 확인 필요(FMS 관리주체 정보 없음·추정) — 용인시 관리면 「해당」으로,③ 관리주체 확인필요
duty_assignment,ASG-001367,applicability,해당,비해당,② 타기관
duty_assignment,ASG-001367,applicability_note,,관리주체 타기관(수원국토관리사무소) — 용인시 관리 시설 아님(FMS 관리주체 · 09-24),② 타기관
duty_assignment,ASG-001367,decided_by,,G01,② 타기관
duty_assignment,ASG-001367,decided_at,,2026-09-24,② 타기관
duty_assignment,ASG-001368,applicability,해당,확인필요,③ 관리주체 확인필요
duty_assignment,ASG-001368,applicability_note,,관리주체 확인 필요(FMS 관리주체 정보 없음·추정) — 용인시 관리면 「해당」으로,③ 관리주체 확인필요
duty_assignment,ASG-001370,applicability,해당,확인필요,③ 관리주체 확인필요
duty_assignment,ASG-001370,applicability_note,,관리주체 확인 필요(FMS 관리주체 정보 없음·추정) — 용인시 관리면 「해당」으로,③ 관리주체 확인필요
duty_assignment,ASG-001371,applicability,해당,비해당,② 타기관
duty_assignment,ASG-001371,applicability_note,,관리주체 타기관(수원국토관리사무소) — 용인시 관리 시설 아님(FMS 관리주체 · 09-24),② 타기관
duty_assignment,ASG-001371,decided_by,,G01,② 타기관
duty_assignment,ASG-001371,decided_at,,2026-09-24,② 타기관
duty_assignment,ASG-001372,applicability,해당,확인필요,③ 관리주체 확인필요
duty_assignment,ASG-001372,applicability_note,,관리주체 확인 필요(FMS 관리주체 정보 없음·추정) — 용인시 관리면 「해당」으로,③ 관리주체 확인필요
duty_assignment,ASG-001374,applicability,해당,확인필요,③ 관리주체 확인필요
duty_assignment,ASG-001374,applicability_note,,관리주체 확인 필요(FMS 관리주체 정보 없음·추정) — 용인시 관리면 「해당」으로,③ 관리주체 확인필요
duty_assignment,ASG-001375,applicability,해당,비해당,② 타기관
duty_assignment,ASG-001375,applicability_note,,관리주체 타기관(수원국토관리사무소) — 용인시 관리 시설 아님(FMS 관리주체 · 09-24),② 타기관
duty_assignment,ASG-001375,decided_by,,G01,② 타기관
duty_assignment,ASG-001375,decided_at,,2026-09-24,② 타기관
duty_assignment,ASG-001376,applicability,해당,확인필요,③ 관리주체 확인필요
duty_assignment,ASG-001376,applicability_note,,관리주체 확인 필요(FMS 관리주체 정보 없음·추정) — 용인시 관리면 「해당」으로,③ 관리주체 확인필요
duty_assignment,ASG-001378,applicability,해당,확인필요,③ 관리주체 확인필요
duty_assignment,ASG-001378,applicability_note,,관리주체 확인 필요(FMS 관리주체 정보 없음·추정) — 용인시 관리면 「해당」으로,③ 관리주체 확인필요
duty_assignment,ASG-001379,applicability,해당,비해당,② 타기관
duty_assignment,ASG-001379,applicability_note,,관리주체 타기관(수원국토관리사무소) — 용인시 관리 시설 아님(FMS 관리주체 · 09-24),② 타기관
duty_assignment,ASG-001379,decided_by,,G01,② 타기관
duty_assignment,ASG-001379,decided_at,,2026-09-24,② 타기관
duty_assignment,ASG-001380,applicability,해당,확인필요,③ 관리주체 확인필요
duty_assignment,ASG-001380,applicability_note,,관리주체 확인 필요(FMS 관리주체 정보 없음·추정) — 용인시 관리면 「해당」으로,③ 관리주체 확인필요
duty_assignment,ASG-001393,applicability,해당,확인필요,③ 관리주체 확인필요
duty_assignment,ASG-001393,applicability_note,,관리주체 확인 필요(FMS 관리주체 정보 없음·추정) — 용인시 관리면 「해당」으로,③ 관리주체 확인필요
duty_assignment,ASG-001394,applicability,해당,확인필요,③ 관리주체 확인필요
duty_assignment,ASG-001394,applicability_note,,관리주체 확인 필요(FMS 관리주체 정보 없음·추정) — 용인시 관리면 「해당」으로,③ 관리주체 확인필요
duty_assignment,ASG-001395,applicability,해당,확인필요,③ 관리주체 확인필요
duty_assignment,ASG-001395,applicability_note,,관리주체 확인 필요(FMS 관리주체 정보 없음·추정) — 용인시 관리면 「해당」으로,③ 관리주체 확인필요
duty_assignment,ASG-001397,applicability,해당,확인필요,③ 관리주체 확인필요
duty_assignment,ASG-001397,applicability_note,,관리주체 확인 필요(FMS 관리주체 정보 없음·추정) — 용인시 관리면 「해당」으로,③ 관리주체 확인필요
duty_assignment,ASG-001398,applicability,해당,확인필요,③ 관리주체 확인필요
duty_assignment,ASG-001398,applicability_note,,관리주체 확인 필요(FMS 관리주체 정보 없음·추정) — 용인시 관리면 「해당」으로,③ 관리주체 확인필요
duty_assignment,ASG-001399,applicability,해당,확인필요,③ 관리주체 확인필요
duty_assignment,ASG-001399,applicability_note,,관리주체 확인 필요(FMS 관리주체 정보 없음·추정) — 용인시 관리면 「해당」으로,③ 관리주체 확인필요
duty_assignment,ASG-001401,applicability,해당,확인필요,③ 관리주체 확인필요
duty_assignment,ASG-001401,applicability_note,,관리주체 확인 필요(FMS 관리주체 정보 없음·추정) — 용인시 관리면 「해당」으로,③ 관리주체 확인필요
duty_assignment,ASG-001402,applicability,해당,확인필요,③ 관리주체 확인필요
duty_assignment,ASG-001402,applicability_note,,관리주체 확인 필요(FMS 관리주체 정보 없음·추정) — 용인시 관리면 「해당」으로,③ 관리주체 확인필요
duty_assignment,ASG-001403,applicability,해당,확인필요,③ 관리주체 확인필요
duty_assignment,ASG-001403,applicability_note,,관리주체 확인 필요(FMS 관리주체 정보 없음·추정) — 용인시 관리면 「해당」으로,③ 관리주체 확인필요
duty_assignment,ASG-001405,applicability,해당,확인필요,③ 관리주체 확인필요
duty_assignment,ASG-001405,applicability_note,,관리주체 확인 필요(FMS 관리주체 정보 없음·추정) — 용인시 관리면 「해당」으로,③ 관리주체 확인필요
duty_assignment,ASG-001406,applicability,해당,확인필요,③ 관리주체 확인필요
duty_assignment,ASG-001406,applicability_note,,관리주체 확인 필요(FMS 관리주체 정보 없음·추정) — 용인시 관리면 「해당」으로,③ 관리주체 확인필요
duty_assignment,ASG-001407,applicability,해당,확인필요,③ 관리주체 확인필요
duty_assignment,ASG-001407,applicability_note,,관리주체 확인 필요(FMS 관리주체 정보 없음·추정) — 용인시 관리면 「해당」으로,③ 관리주체 확인필요
duty_assignment,ASG-001409,applicability,해당,확인필요,③ 관리주체 확인필요
duty_assignment,ASG-001409,applicability_note,,관리주체 확인 필요(FMS 관리주체 정보 없음·추정) — 용인시 관리면 「해당」으로,③ 관리주체 확인필요
duty_assignment,ASG-001410,applicability,해당,확인필요,③ 관리주체 확인필요
duty_assignment,ASG-001410,applicability_note,,관리주체 확인 필요(FMS 관리주체 정보 없음·추정) — 용인시 관리면 「해당」으로,③ 관리주체 확인필요
duty_assignment,ASG-001411,applicability,해당,확인필요,③ 관리주체 확인필요
duty_assignment,ASG-001411,applicability_note,,관리주체 확인 필요(FMS 관리주체 정보 없음·추정) — 용인시 관리면 「해당」으로,③ 관리주체 확인필요
duty_assignment,ASG-001413,applicability,해당,확인필요,③ 관리주체 확인필요
duty_assignment,ASG-001413,applicability_note,,관리주체 확인 필요(FMS 관리주체 정보 없음·추정) — 용인시 관리면 「해당」으로,③ 관리주체 확인필요
duty_assignment,ASG-001414,applicability,해당,확인필요,③ 관리주체 확인필요
duty_assignment,ASG-001414,applicability_note,,관리주체 확인 필요(FMS 관리주체 정보 없음·추정) — 용인시 관리면 「해당」으로,③ 관리주체 확인필요
duty_assignment,ASG-001415,applicability,해당,확인필요,③ 관리주체 확인필요
duty_assignment,ASG-001415,applicability_note,,관리주체 확인 필요(FMS 관리주체 정보 없음·추정) — 용인시 관리면 「해당」으로,③ 관리주체 확인필요
duty_assignment,ASG-001417,applicability,해당,확인필요,③ 관리주체 확인필요
duty_assignment,ASG-001417,applicability_note,,관리주체 확인 필요(FMS 관리주체 정보 없음·추정) — 용인시 관리면 「해당」으로,③ 관리주체 확인필요
duty_assignment,ASG-001418,applicability,해당,확인필요,③ 관리주체 확인필요
duty_assignment,ASG-001418,applicability_note,,관리주체 확인 필요(FMS 관리주체 정보 없음·추정) — 용인시 관리면 「해당」으로,③ 관리주체 확인필요
duty_assignment,ASG-001419,applicability,해당,확인필요,③ 관리주체 확인필요
duty_assignment,ASG-001419,applicability_note,,관리주체 확인 필요(FMS 관리주체 정보 없음·추정) — 용인시 관리면 「해당」으로,③ 관리주체 확인필요
duty_assignment,ASG-001421,applicability,해당,확인필요,③ 관리주체 확인필요
duty_assignment,ASG-001421,applicability_note,,관리주체 확인 필요(FMS 관리주체 정보 없음·추정) — 용인시 관리면 「해당」으로,③ 관리주체 확인필요
duty_assignment,ASG-001422,applicability,해당,확인필요,③ 관리주체 확인필요
duty_assignment,ASG-001422,applicability_note,,관리주체 확인 필요(FMS 관리주체 정보 없음·추정) — 용인시 관리면 「해당」으로,③ 관리주체 확인필요
duty_assignment,ASG-001423,applicability,해당,확인필요,③ 관리주체 확인필요
duty_assignment,ASG-001423,applicability_note,,관리주체 확인 필요(FMS 관리주체 정보 없음·추정) — 용인시 관리면 「해당」으로,③ 관리주체 확인필요
duty_assignment,ASG-001425,applicability,해당,확인필요,③ 관리주체 확인필요
duty_assignment,ASG-001425,applicability_note,,관리주체 확인 필요(FMS 관리주체 정보 없음·추정) — 용인시 관리면 「해당」으로,③ 관리주체 확인필요
duty_assignment,ASG-001426,applicability,해당,확인필요,③ 관리주체 확인필요
duty_assignment,ASG-001426,applicability_note,,관리주체 확인 필요(FMS 관리주체 정보 없음·추정) — 용인시 관리면 「해당」으로,③ 관리주체 확인필요
duty_assignment,ASG-001427,applicability,해당,확인필요,③ 관리주체 확인필요
duty_assignment,ASG-001427,applicability_note,,관리주체 확인 필요(FMS 관리주체 정보 없음·추정) — 용인시 관리면 「해당」으로,③ 관리주체 확인필요
duty_assignment,ASG-001429,applicability,해당,확인필요,③ 관리주체 확인필요
duty_assignment,ASG-001429,applicability_note,,관리주체 확인 필요(FMS 관리주체 정보 없음·추정) — 용인시 관리면 「해당」으로,③ 관리주체 확인필요
duty_assignment,ASG-001430,applicability,해당,확인필요,③ 관리주체 확인필요
duty_assignment,ASG-001430,applicability_note,,관리주체 확인 필요(FMS 관리주체 정보 없음·추정) — 용인시 관리면 「해당」으로,③ 관리주체 확인필요
duty_assignment,ASG-001431,applicability,해당,확인필요,③ 관리주체 확인필요
duty_assignment,ASG-001431,applicability_note,,관리주체 확인 필요(FMS 관리주체 정보 없음·추정) — 용인시 관리면 「해당」으로,③ 관리주체 확인필요
duty_assignment,ASG-001433,applicability,해당,확인필요,③ 관리주체 확인필요
duty_assignment,ASG-001433,applicability_note,,관리주체 확인 필요(FMS 관리주체 정보 없음·추정) — 용인시 관리면 「해당」으로,③ 관리주체 확인필요
duty_assignment,ASG-001434,applicability,해당,확인필요,③ 관리주체 확인필요
duty_assignment,ASG-001434,applicability_note,,관리주체 확인 필요(FMS 관리주체 정보 없음·추정) — 용인시 관리면 「해당」으로,③ 관리주체 확인필요
duty_assignment,ASG-001435,applicability,해당,확인필요,③ 관리주체 확인필요
duty_assignment,ASG-001435,applicability_note,,관리주체 확인 필요(FMS 관리주체 정보 없음·추정) — 용인시 관리면 「해당」으로,③ 관리주체 확인필요
duty_assignment,ASG-001437,applicability,해당,확인필요,③ 관리주체 확인필요
duty_assignment,ASG-001437,applicability_note,,관리주체 확인 필요(FMS 관리주체 정보 없음·추정) — 용인시 관리면 「해당」으로,③ 관리주체 확인필요
duty_assignment,ASG-001438,applicability,해당,확인필요,③ 관리주체 확인필요
duty_assignment,ASG-001438,applicability_note,,관리주체 확인 필요(FMS 관리주체 정보 없음·추정) — 용인시 관리면 「해당」으로,③ 관리주체 확인필요
duty_assignment,ASG-001439,applicability,해당,확인필요,③ 관리주체 확인필요
duty_assignment,ASG-001439,applicability_note,,관리주체 확인 필요(FMS 관리주체 정보 없음·추정) — 용인시 관리면 「해당」으로,③ 관리주체 확인필요
duty_assignment,ASG-001441,applicability,해당,확인필요,③ 관리주체 확인필요
duty_assignment,ASG-001441,applicability_note,,관리주체 확인 필요(FMS 관리주체 정보 없음·추정) — 용인시 관리면 「해당」으로,③ 관리주체 확인필요
duty_assignment,ASG-001442,applicability,해당,확인필요,③ 관리주체 확인필요
duty_assignment,ASG-001442,applicability_note,,관리주체 확인 필요(FMS 관리주체 정보 없음·추정) — 용인시 관리면 「해당」으로,③ 관리주체 확인필요
duty_assignment,ASG-001443,applicability,해당,확인필요,③ 관리주체 확인필요
duty_assignment,ASG-001443,applicability_note,,관리주체 확인 필요(FMS 관리주체 정보 없음·추정) — 용인시 관리면 「해당」으로,③ 관리주체 확인필요
duty_assignment,ASG-001545,applicability,해당,확인필요,③ 관리주체 확인필요
duty_assignment,ASG-001545,applicability_note,,관리주체 확인 필요(FMS 관리주체 정보 없음·추정) — 용인시 관리면 「해당」으로,③ 관리주체 확인필요
duty_assignment,ASG-001546,applicability,해당,확인필요,③ 관리주체 확인필요
duty_assignment,ASG-001546,applicability_note,,관리주체 확인 필요(FMS 관리주체 정보 없음·추정) — 용인시 관리면 「해당」으로,③ 관리주체 확인필요
duty_assignment,ASG-001547,applicability,해당,확인필요,③ 관리주체 확인필요
duty_assignment,ASG-001547,applicability_note,,관리주체 확인 필요(FMS 관리주체 정보 없음·추정) — 용인시 관리면 「해당」으로,③ 관리주체 확인필요
duty_assignment,ASG-001549,applicability,해당,확인필요,③ 관리주체 확인필요
duty_assignment,ASG-001549,applicability_note,,관리주체 확인 필요(FMS 관리주체 정보 없음·추정) — 용인시 관리면 「해당」으로,③ 관리주체 확인필요
duty_assignment,ASG-001550,applicability,해당,확인필요,③ 관리주체 확인필요
duty_assignment,ASG-001550,applicability_note,,관리주체 확인 필요(FMS 관리주체 정보 없음·추정) — 용인시 관리면 「해당」으로,③ 관리주체 확인필요
duty_assignment,ASG-001551,applicability,해당,확인필요,③ 관리주체 확인필요
duty_assignment,ASG-001551,applicability_note,,관리주체 확인 필요(FMS 관리주체 정보 없음·추정) — 용인시 관리면 「해당」으로,③ 관리주체 확인필요
duty_assignment,ASG-001565,applicability,해당,확인필요,③ 관리주체 확인필요
duty_assignment,ASG-001565,applicability_note,,관리주체 확인 필요(FMS 관리주체 정보 없음·추정) — 용인시 관리면 「해당」으로,③ 관리주체 확인필요
duty_assignment,ASG-001566,applicability,해당,확인필요,③ 관리주체 확인필요
duty_assignment,ASG-001566,applicability_note,,관리주체 확인 필요(FMS 관리주체 정보 없음·추정) — 용인시 관리면 「해당」으로,③ 관리주체 확인필요
duty_assignment,ASG-001567,applicability,해당,확인필요,③ 관리주체 확인필요
duty_assignment,ASG-001567,applicability_note,,관리주체 확인 필요(FMS 관리주체 정보 없음·추정) — 용인시 관리면 「해당」으로,③ 관리주체 확인필요
duty_assignment,ASG-001569,applicability,해당,확인필요,③ 관리주체 확인필요
duty_assignment,ASG-001569,applicability_note,,관리주체 확인 필요(FMS 관리주체 정보 없음·추정) — 용인시 관리면 「해당」으로,③ 관리주체 확인필요
duty_assignment,ASG-001570,applicability,해당,확인필요,③ 관리주체 확인필요
duty_assignment,ASG-001570,applicability_note,,관리주체 확인 필요(FMS 관리주체 정보 없음·추정) — 용인시 관리면 「해당」으로,③ 관리주체 확인필요
duty_assignment,ASG-001571,applicability,해당,확인필요,③ 관리주체 확인필요
duty_assignment,ASG-001571,applicability_note,,관리주체 확인 필요(FMS 관리주체 정보 없음·추정) — 용인시 관리면 「해당」으로,③ 관리주체 확인필요
duty_assignment,ASG-001573,applicability,해당,확인필요,③ 관리주체 확인필요
duty_assignment,ASG-001573,applicability_note,,관리주체 확인 필요(FMS 관리주체 정보 없음·추정) — 용인시 관리면 「해당」으로,③ 관리주체 확인필요
duty_assignment,ASG-001574,applicability,해당,확인필요,③ 관리주체 확인필요
duty_assignment,ASG-001574,applicability_note,,관리주체 확인 필요(FMS 관리주체 정보 없음·추정) — 용인시 관리면 「해당」으로,③ 관리주체 확인필요
duty_assignment,ASG-001575,applicability,해당,확인필요,③ 관리주체 확인필요
duty_assignment,ASG-001575,applicability_note,,관리주체 확인 필요(FMS 관리주체 정보 없음·추정) — 용인시 관리면 「해당」으로,③ 관리주체 확인필요
duty_assignment,ASG-001577,applicability,해당,확인필요,③ 관리주체 확인필요
duty_assignment,ASG-001577,applicability_note,,관리주체 확인 필요(FMS 관리주체 정보 없음·추정) — 용인시 관리면 「해당」으로,③ 관리주체 확인필요
duty_assignment,ASG-001578,applicability,해당,확인필요,③ 관리주체 확인필요
duty_assignment,ASG-001578,applicability_note,,관리주체 확인 필요(FMS 관리주체 정보 없음·추정) — 용인시 관리면 「해당」으로,③ 관리주체 확인필요
duty_assignment,ASG-001579,applicability,해당,확인필요,③ 관리주체 확인필요
duty_assignment,ASG-001579,applicability_note,,관리주체 확인 필요(FMS 관리주체 정보 없음·추정) — 용인시 관리면 「해당」으로,③ 관리주체 확인필요
duty_assignment,ASG-001581,applicability,해당,확인필요,③ 관리주체 확인필요
duty_assignment,ASG-001581,applicability_note,,관리주체 확인 필요(FMS 관리주체 정보 없음·추정) — 용인시 관리면 「해당」으로,③ 관리주체 확인필요
duty_assignment,ASG-001582,applicability,해당,확인필요,③ 관리주체 확인필요
duty_assignment,ASG-001582,applicability_note,,관리주체 확인 필요(FMS 관리주체 정보 없음·추정) — 용인시 관리면 「해당」으로,③ 관리주체 확인필요
duty_assignment,ASG-001583,applicability,해당,확인필요,③ 관리주체 확인필요
duty_assignment,ASG-001583,applicability_note,,관리주체 확인 필요(FMS 관리주체 정보 없음·추정) — 용인시 관리면 「해당」으로,③ 관리주체 확인필요
duty_assignment,ASG-001585,applicability,해당,확인필요,③ 관리주체 확인필요
duty_assignment,ASG-001585,applicability_note,,관리주체 확인 필요(FMS 관리주체 정보 없음·추정) — 용인시 관리면 「해당」으로,③ 관리주체 확인필요
duty_assignment,ASG-001586,applicability,해당,확인필요,③ 관리주체 확인필요
duty_assignment,ASG-001586,applicability_note,,관리주체 확인 필요(FMS 관리주체 정보 없음·추정) — 용인시 관리면 「해당」으로,③ 관리주체 확인필요
duty_assignment,ASG-001587,applicability,해당,확인필요,③ 관리주체 확인필요
duty_assignment,ASG-001587,applicability_note,,관리주체 확인 필요(FMS 관리주체 정보 없음·추정) — 용인시 관리면 「해당」으로,③ 관리주체 확인필요
duty_assignment,ASG-001589,applicability,해당,확인필요,③ 관리주체 확인필요
duty_assignment,ASG-001589,applicability_note,,관리주체 확인 필요(FMS 관리주체 정보 없음·추정) — 용인시 관리면 「해당」으로,③ 관리주체 확인필요
duty_assignment,ASG-001590,applicability,해당,확인필요,③ 관리주체 확인필요
duty_assignment,ASG-001590,applicability_note,,관리주체 확인 필요(FMS 관리주체 정보 없음·추정) — 용인시 관리면 「해당」으로,③ 관리주체 확인필요
duty_assignment,ASG-001591,applicability,해당,확인필요,③ 관리주체 확인필요
duty_assignment,ASG-001591,applicability_note,,관리주체 확인 필요(FMS 관리주체 정보 없음·추정) — 용인시 관리면 「해당」으로,③ 관리주체 확인필요
duty_assignment,ASG-001593,applicability,해당,확인필요,③ 관리주체 확인필요
duty_assignment,ASG-001593,applicability_note,,관리주체 확인 필요(FMS 관리주체 정보 없음·추정) — 용인시 관리면 「해당」으로,③ 관리주체 확인필요
duty_assignment,ASG-001594,applicability,해당,확인필요,③ 관리주체 확인필요
duty_assignment,ASG-001594,applicability_note,,관리주체 확인 필요(FMS 관리주체 정보 없음·추정) — 용인시 관리면 「해당」으로,③ 관리주체 확인필요
duty_assignment,ASG-001595,applicability,해당,확인필요,③ 관리주체 확인필요
duty_assignment,ASG-001595,applicability_note,,관리주체 확인 필요(FMS 관리주체 정보 없음·추정) — 용인시 관리면 「해당」으로,③ 관리주체 확인필요
duty_assignment,ASG-001670,applicability,해당,확인필요,③ 관리주체 확인필요
duty_assignment,ASG-001670,applicability_note,,관리주체 확인 필요(FMS 관리주체 정보 없음·추정) — 용인시 관리면 「해당」으로,③ 관리주체 확인필요
duty_assignment,ASG-001671,applicability,해당,확인필요,③ 관리주체 확인필요
duty_assignment,ASG-001671,applicability_note,,관리주체 확인 필요(FMS 관리주체 정보 없음·추정) — 용인시 관리면 「해당」으로,③ 관리주체 확인필요
duty_assignment,ASG-001672,applicability,해당,확인필요,③ 관리주체 확인필요
duty_assignment,ASG-001672,applicability_note,,관리주체 확인 필요(FMS 관리주체 정보 없음·추정) — 용인시 관리면 「해당」으로,③ 관리주체 확인필요
duty_assignment,ASG-001674,applicability,해당,확인필요,③ 관리주체 확인필요
duty_assignment,ASG-001674,applicability_note,,관리주체 확인 필요(FMS 관리주체 정보 없음·추정) — 용인시 관리면 「해당」으로,③ 관리주체 확인필요
duty_assignment,ASG-001675,applicability,해당,비해당,② 타기관
duty_assignment,ASG-001675,applicability_note,,관리주체 타기관(수원국토관리사무소) — 용인시 관리 시설 아님(FMS 관리주체 · 09-24),② 타기관
duty_assignment,ASG-001675,decided_by,,G01,② 타기관
duty_assignment,ASG-001675,decided_at,,2026-09-24,② 타기관
duty_assignment,ASG-001676,applicability,해당,확인필요,③ 관리주체 확인필요
duty_assignment,ASG-001676,applicability_note,,관리주체 확인 필요(FMS 관리주체 정보 없음·추정) — 용인시 관리면 「해당」으로,③ 관리주체 확인필요
duty_assignment,ASG-001678,applicability,해당,확인필요,③ 관리주체 확인필요
duty_assignment,ASG-001678,applicability_note,,관리주체 확인 필요(FMS 관리주체 정보 없음·추정) — 용인시 관리면 「해당」으로,③ 관리주체 확인필요
duty_assignment,ASG-001679,applicability,해당,비해당,② 타기관
duty_assignment,ASG-001679,applicability_note,,관리주체 타기관(수원국토관리사무소) — 용인시 관리 시설 아님(FMS 관리주체 · 09-24),② 타기관
duty_assignment,ASG-001679,decided_by,,G01,② 타기관
duty_assignment,ASG-001679,decided_at,,2026-09-24,② 타기관
duty_assignment,ASG-001680,applicability,해당,확인필요,③ 관리주체 확인필요
duty_assignment,ASG-001680,applicability_note,,관리주체 확인 필요(FMS 관리주체 정보 없음·추정) — 용인시 관리면 「해당」으로,③ 관리주체 확인필요
duty_assignment,ASG-001688,applicability,해당,확인필요,③ 관리주체 확인필요
duty_assignment,ASG-001688,applicability_note,,관리주체 확인 필요(FMS 관리주체 정보 없음·추정) — 용인시 관리면 「해당」으로,③ 관리주체 확인필요
duty_assignment,ASG-001689,applicability,해당,비해당,② 타기관
duty_assignment,ASG-001689,applicability_note,,관리주체 타기관(수원국토관리사무소) — 용인시 관리 시설 아님(FMS 관리주체 · 09-24),② 타기관
duty_assignment,ASG-001689,decided_by,,G01,② 타기관
duty_assignment,ASG-001689,decided_at,,2026-09-24,② 타기관
duty_assignment,ASG-001690,applicability,해당,확인필요,③ 관리주체 확인필요
duty_assignment,ASG-001690,applicability_note,,관리주체 확인 필요(FMS 관리주체 정보 없음·추정) — 용인시 관리면 「해당」으로,③ 관리주체 확인필요
duty_assignment,ASG-001692,applicability,해당,확인필요,③ 관리주체 확인필요
duty_assignment,ASG-001692,applicability_note,,관리주체 확인 필요(FMS 관리주체 정보 없음·추정) — 용인시 관리면 「해당」으로,③ 관리주체 확인필요
duty_assignment,ASG-001693,applicability,해당,비해당,② 타기관
duty_assignment,ASG-001693,applicability_note,,관리주체 타기관(수원국토관리사무소) — 용인시 관리 시설 아님(FMS 관리주체 · 09-24),② 타기관
duty_assignment,ASG-001693,decided_by,,G01,② 타기관
duty_assignment,ASG-001693,decided_at,,2026-09-24,② 타기관
duty_assignment,ASG-001694,applicability,해당,확인필요,③ 관리주체 확인필요
duty_assignment,ASG-001694,applicability_note,,관리주체 확인 필요(FMS 관리주체 정보 없음·추정) — 용인시 관리면 「해당」으로,③ 관리주체 확인필요
duty_assignment,ASG-001696,applicability,해당,확인필요,③ 관리주체 확인필요
duty_assignment,ASG-001696,applicability_note,,관리주체 확인 필요(FMS 관리주체 정보 없음·추정) — 용인시 관리면 「해당」으로,③ 관리주체 확인필요
duty_assignment,ASG-001697,applicability,해당,비해당,② 타기관
duty_assignment,ASG-001697,applicability_note,,관리주체 타기관(수원국토관리사무소) — 용인시 관리 시설 아님(FMS 관리주체 · 09-24),② 타기관
duty_assignment,ASG-001697,decided_by,,G01,② 타기관
duty_assignment,ASG-001697,decided_at,,2026-09-24,② 타기관
duty_assignment,ASG-001698,applicability,해당,확인필요,③ 관리주체 확인필요
duty_assignment,ASG-001698,applicability_note,,관리주체 확인 필요(FMS 관리주체 정보 없음·추정) — 용인시 관리면 「해당」으로,③ 관리주체 확인필요
duty_assignment,ASG-001775,applicability,해당,확인필요,③ 관리주체 확인필요
duty_assignment,ASG-001775,applicability_note,,관리주체 확인 필요(FMS 관리주체 정보 없음·추정) — 용인시 관리면 「해당」으로,③ 관리주체 확인필요
duty_assignment,ASG-001776,applicability,해당,비해당,② 타기관
duty_assignment,ASG-001776,applicability_note,,관리주체 타기관(한국석유공사 용인지사) — 용인시 관리 시설 아님(FMS 관리주체 · 09-24),② 타기관
duty_assignment,ASG-001776,decided_by,,G01,② 타기관
duty_assignment,ASG-001776,decided_at,,2026-09-24,② 타기관
duty_assignment,ASG-001777,applicability,해당,비해당,② 타기관
duty_assignment,ASG-001777,applicability_note,,관리주체 타기관(경기도용인교육지원청) — 용인시 관리 시설 아님(FMS 관리주체 · 09-24),② 타기관
duty_assignment,ASG-001777,decided_by,,G01,② 타기관
duty_assignment,ASG-001777,decided_at,,2026-09-24,② 타기관
duty_assignment,ASG-001779,applicability,해당,확인필요,③ 관리주체 확인필요
duty_assignment,ASG-001779,applicability_note,,관리주체 확인 필요(FMS 관리주체 정보 없음·추정) — 용인시 관리면 「해당」으로,③ 관리주체 확인필요
duty_assignment,ASG-001780,applicability,해당,비해당,② 타기관
duty_assignment,ASG-001780,applicability_note,,관리주체 타기관(한국석유공사 용인지사) — 용인시 관리 시설 아님(FMS 관리주체 · 09-24),② 타기관
duty_assignment,ASG-001780,decided_by,,G01,② 타기관
duty_assignment,ASG-001780,decided_at,,2026-09-24,② 타기관
duty_assignment,ASG-001781,applicability,해당,비해당,② 타기관
duty_assignment,ASG-001781,applicability_note,,관리주체 타기관(경기도용인교육지원청) — 용인시 관리 시설 아님(FMS 관리주체 · 09-24),② 타기관
duty_assignment,ASG-001781,decided_by,,G01,② 타기관
duty_assignment,ASG-001781,decided_at,,2026-09-24,② 타기관
duty_assignment,ASG-001783,applicability,해당,확인필요,③ 관리주체 확인필요
duty_assignment,ASG-001783,applicability_note,,관리주체 확인 필요(FMS 관리주체 정보 없음·추정) — 용인시 관리면 「해당」으로,③ 관리주체 확인필요
duty_assignment,ASG-001784,applicability,해당,비해당,② 타기관
duty_assignment,ASG-001784,applicability_note,,관리주체 타기관(한국석유공사 용인지사) — 용인시 관리 시설 아님(FMS 관리주체 · 09-24),② 타기관
duty_assignment,ASG-001784,decided_by,,G01,② 타기관
duty_assignment,ASG-001784,decided_at,,2026-09-24,② 타기관
duty_assignment,ASG-001785,applicability,해당,비해당,② 타기관
duty_assignment,ASG-001785,applicability_note,,관리주체 타기관(경기도용인교육지원청) — 용인시 관리 시설 아님(FMS 관리주체 · 09-24),② 타기관
duty_assignment,ASG-001785,decided_by,,G01,② 타기관
duty_assignment,ASG-001785,decided_at,,2026-09-24,② 타기관
duty_assignment,ASG-001787,applicability,해당,확인필요,③ 관리주체 확인필요
duty_assignment,ASG-001787,applicability_note,,관리주체 확인 필요(FMS 관리주체 정보 없음·추정) — 용인시 관리면 「해당」으로,③ 관리주체 확인필요
duty_assignment,ASG-001788,applicability,해당,비해당,② 타기관
duty_assignment,ASG-001788,applicability_note,,관리주체 타기관(한국석유공사 용인지사) — 용인시 관리 시설 아님(FMS 관리주체 · 09-24),② 타기관
duty_assignment,ASG-001788,decided_by,,G01,② 타기관
duty_assignment,ASG-001788,decided_at,,2026-09-24,② 타기관
duty_assignment,ASG-001789,applicability,해당,비해당,② 타기관
duty_assignment,ASG-001789,applicability_note,,관리주체 타기관(경기도용인교육지원청) — 용인시 관리 시설 아님(FMS 관리주체 · 09-24),② 타기관
duty_assignment,ASG-001789,decided_by,,G01,② 타기관
duty_assignment,ASG-001789,decided_at,,2026-09-24,② 타기관
duty_assignment,ASG-001791,applicability,해당,확인필요,③ 관리주체 확인필요
duty_assignment,ASG-001791,applicability_note,,관리주체 확인 필요(FMS 관리주체 정보 없음·추정) — 용인시 관리면 「해당」으로,③ 관리주체 확인필요
duty_assignment,ASG-001792,applicability,해당,비해당,② 타기관
duty_assignment,ASG-001792,applicability_note,,관리주체 타기관(한국석유공사 용인지사) — 용인시 관리 시설 아님(FMS 관리주체 · 09-24),② 타기관
duty_assignment,ASG-001792,decided_by,,G01,② 타기관
duty_assignment,ASG-001792,decided_at,,2026-09-24,② 타기관
duty_assignment,ASG-001793,applicability,해당,비해당,② 타기관
duty_assignment,ASG-001793,applicability_note,,관리주체 타기관(경기도용인교육지원청) — 용인시 관리 시설 아님(FMS 관리주체 · 09-24),② 타기관
duty_assignment,ASG-001793,decided_by,,G01,② 타기관
duty_assignment,ASG-001793,decided_at,,2026-09-24,② 타기관
duty_assignment,ASG-001795,applicability,해당,확인필요,③ 관리주체 확인필요
duty_assignment,ASG-001795,applicability_note,,관리주체 확인 필요(FMS 관리주체 정보 없음·추정) — 용인시 관리면 「해당」으로,③ 관리주체 확인필요
duty_assignment,ASG-001796,applicability,해당,비해당,② 타기관
duty_assignment,ASG-001796,applicability_note,,관리주체 타기관(한국석유공사 용인지사) — 용인시 관리 시설 아님(FMS 관리주체 · 09-24),② 타기관
duty_assignment,ASG-001796,decided_by,,G01,② 타기관
duty_assignment,ASG-001796,decided_at,,2026-09-24,② 타기관
duty_assignment,ASG-001797,applicability,해당,비해당,② 타기관
duty_assignment,ASG-001797,applicability_note,,관리주체 타기관(경기도용인교육지원청) — 용인시 관리 시설 아님(FMS 관리주체 · 09-24),② 타기관
duty_assignment,ASG-001797,decided_by,,G01,② 타기관
duty_assignment,ASG-001797,decided_at,,2026-09-24,② 타기관
duty_assignment,ASG-001799,applicability,해당,확인필요,③ 관리주체 확인필요
duty_assignment,ASG-001799,applicability_note,,관리주체 확인 필요(FMS 관리주체 정보 없음·추정) — 용인시 관리면 「해당」으로,③ 관리주체 확인필요
duty_assignment,ASG-001800,applicability,해당,비해당,② 타기관
duty_assignment,ASG-001800,applicability_note,,관리주체 타기관(한국석유공사 용인지사) — 용인시 관리 시설 아님(FMS 관리주체 · 09-24),② 타기관
duty_assignment,ASG-001800,decided_by,,G01,② 타기관
duty_assignment,ASG-001800,decided_at,,2026-09-24,② 타기관
duty_assignment,ASG-001801,applicability,해당,비해당,② 타기관
duty_assignment,ASG-001801,applicability_note,,관리주체 타기관(경기도용인교육지원청) — 용인시 관리 시설 아님(FMS 관리주체 · 09-24),② 타기관
duty_assignment,ASG-001801,decided_by,,G01,② 타기관
duty_assignment,ASG-001801,decided_at,,2026-09-24,② 타기관
duty_assignment,ASG-001803,applicability,해당,확인필요,③ 관리주체 확인필요
duty_assignment,ASG-001803,applicability_note,,관리주체 확인 필요(FMS 관리주체 정보 없음·추정) — 용인시 관리면 「해당」으로,③ 관리주체 확인필요
duty_assignment,ASG-001804,applicability,해당,비해당,② 타기관
duty_assignment,ASG-001804,applicability_note,,관리주체 타기관(한국석유공사 용인지사) — 용인시 관리 시설 아님(FMS 관리주체 · 09-24),② 타기관
duty_assignment,ASG-001804,decided_by,,G01,② 타기관
duty_assignment,ASG-001804,decided_at,,2026-09-24,② 타기관
duty_assignment,ASG-001805,applicability,해당,비해당,② 타기관
duty_assignment,ASG-001805,applicability_note,,관리주체 타기관(경기도용인교육지원청) — 용인시 관리 시설 아님(FMS 관리주체 · 09-24),② 타기관
duty_assignment,ASG-001805,decided_by,,G01,② 타기관
duty_assignment,ASG-001805,decided_at,,2026-09-24,② 타기관
duty_assignment,ASG-001807,applicability,해당,확인필요,③ 관리주체 확인필요
duty_assignment,ASG-001807,applicability_note,,관리주체 확인 필요(FMS 관리주체 정보 없음·추정) — 용인시 관리면 「해당」으로,③ 관리주체 확인필요
duty_assignment,ASG-001808,applicability,해당,비해당,② 타기관
duty_assignment,ASG-001808,applicability_note,,관리주체 타기관(한국석유공사 용인지사) — 용인시 관리 시설 아님(FMS 관리주체 · 09-24),② 타기관
duty_assignment,ASG-001808,decided_by,,G01,② 타기관
duty_assignment,ASG-001808,decided_at,,2026-09-24,② 타기관
duty_assignment,ASG-001809,applicability,해당,비해당,② 타기관
duty_assignment,ASG-001809,applicability_note,,관리주체 타기관(경기도용인교육지원청) — 용인시 관리 시설 아님(FMS 관리주체 · 09-24),② 타기관
duty_assignment,ASG-001809,decided_by,,G01,② 타기관
duty_assignment,ASG-001809,decided_at,,2026-09-24,② 타기관
duty_assignment,ASG-001811,applicability,해당,확인필요,③ 관리주체 확인필요
duty_assignment,ASG-001811,applicability_note,,관리주체 확인 필요(FMS 관리주체 정보 없음·추정) — 용인시 관리면 「해당」으로,③ 관리주체 확인필요
duty_assignment,ASG-001812,applicability,해당,비해당,② 타기관
duty_assignment,ASG-001812,applicability_note,,관리주체 타기관(한국석유공사 용인지사) — 용인시 관리 시설 아님(FMS 관리주체 · 09-24),② 타기관
duty_assignment,ASG-001812,decided_by,,G01,② 타기관
duty_assignment,ASG-001812,decided_at,,2026-09-24,② 타기관
duty_assignment,ASG-001813,applicability,해당,비해당,② 타기관
duty_assignment,ASG-001813,applicability_note,,관리주체 타기관(경기도용인교육지원청) — 용인시 관리 시설 아님(FMS 관리주체 · 09-24),② 타기관
duty_assignment,ASG-001813,decided_by,,G01,② 타기관
duty_assignment,ASG-001813,decided_at,,2026-09-24,② 타기관
duty_assignment,ASG-001815,applicability,해당,확인필요,③ 관리주체 확인필요
duty_assignment,ASG-001815,applicability_note,,관리주체 확인 필요(FMS 관리주체 정보 없음·추정) — 용인시 관리면 「해당」으로,③ 관리주체 확인필요
duty_assignment,ASG-001816,applicability,해당,비해당,② 타기관
duty_assignment,ASG-001816,applicability_note,,관리주체 타기관(한국석유공사 용인지사) — 용인시 관리 시설 아님(FMS 관리주체 · 09-24),② 타기관
duty_assignment,ASG-001816,decided_by,,G01,② 타기관
duty_assignment,ASG-001816,decided_at,,2026-09-24,② 타기관
duty_assignment,ASG-001817,applicability,해당,비해당,② 타기관
duty_assignment,ASG-001817,applicability_note,,관리주체 타기관(경기도용인교육지원청) — 용인시 관리 시설 아님(FMS 관리주체 · 09-24),② 타기관
duty_assignment,ASG-001817,decided_by,,G01,② 타기관
duty_assignment,ASG-001817,decided_at,,2026-09-24,② 타기관
duty_assignment,ASG-001819,applicability,해당,확인필요,③ 관리주체 확인필요
duty_assignment,ASG-001819,applicability_note,,관리주체 확인 필요(FMS 관리주체 정보 없음·추정) — 용인시 관리면 「해당」으로,③ 관리주체 확인필요
duty_assignment,ASG-001820,applicability,해당,비해당,② 타기관
duty_assignment,ASG-001820,applicability_note,,관리주체 타기관(수원국토관리사무소) — 용인시 관리 시설 아님(FMS 관리주체 · 09-24),② 타기관
duty_assignment,ASG-001820,decided_by,,G01,② 타기관
duty_assignment,ASG-001820,decided_at,,2026-09-24,② 타기관
duty_assignment,ASG-001821,applicability,해당,확인필요,③ 관리주체 확인필요
duty_assignment,ASG-001821,applicability_note,,관리주체 확인 필요(FMS 관리주체 정보 없음·추정) — 용인시 관리면 「해당」으로,③ 관리주체 확인필요
duty_assignment,ASG-001823,applicability,해당,확인필요,③ 관리주체 확인필요
duty_assignment,ASG-001823,applicability_note,,관리주체 확인 필요(FMS 관리주체 정보 없음·추정) — 용인시 관리면 「해당」으로,③ 관리주체 확인필요
duty_assignment,ASG-001824,applicability,해당,비해당,② 타기관
duty_assignment,ASG-001824,applicability_note,,관리주체 타기관(수원국토관리사무소) — 용인시 관리 시설 아님(FMS 관리주체 · 09-24),② 타기관
duty_assignment,ASG-001824,decided_by,,G01,② 타기관
duty_assignment,ASG-001824,decided_at,,2026-09-24,② 타기관
duty_assignment,ASG-001825,applicability,해당,확인필요,③ 관리주체 확인필요
duty_assignment,ASG-001825,applicability_note,,관리주체 확인 필요(FMS 관리주체 정보 없음·추정) — 용인시 관리면 「해당」으로,③ 관리주체 확인필요
duty_assignment,ASG-001827,applicability,해당,확인필요,③ 관리주체 확인필요
duty_assignment,ASG-001827,applicability_note,,관리주체 확인 필요(FMS 관리주체 정보 없음·추정) — 용인시 관리면 「해당」으로,③ 관리주체 확인필요
duty_assignment,ASG-001828,applicability,해당,확인필요,③ 관리주체 확인필요
duty_assignment,ASG-001828,applicability_note,,관리주체 확인 필요(FMS 관리주체 정보 없음·추정) — 용인시 관리면 「해당」으로,③ 관리주체 확인필요
duty_assignment,ASG-001829,applicability,해당,확인필요,③ 관리주체 확인필요
duty_assignment,ASG-001829,applicability_note,,관리주체 확인 필요(FMS 관리주체 정보 없음·추정) — 용인시 관리면 「해당」으로,③ 관리주체 확인필요
duty_assignment,ASG-001831,applicability,해당,확인필요,③ 관리주체 확인필요
duty_assignment,ASG-001831,applicability_note,,관리주체 확인 필요(FMS 관리주체 정보 없음·추정) — 용인시 관리면 「해당」으로,③ 관리주체 확인필요
duty_assignment,ASG-001832,applicability,해당,비해당,② 타기관
duty_assignment,ASG-001832,applicability_note,,관리주체 타기관(수원국토관리사무소) — 용인시 관리 시설 아님(FMS 관리주체 · 09-24),② 타기관
duty_assignment,ASG-001832,decided_by,,G01,② 타기관
duty_assignment,ASG-001832,decided_at,,2026-09-24,② 타기관
duty_assignment,ASG-001833,applicability,해당,확인필요,③ 관리주체 확인필요
duty_assignment,ASG-001833,applicability_note,,관리주체 확인 필요(FMS 관리주체 정보 없음·추정) — 용인시 관리면 「해당」으로,③ 관리주체 확인필요
duty_assignment,ASG-001835,applicability,해당,확인필요,③ 관리주체 확인필요
duty_assignment,ASG-001835,applicability_note,,관리주체 확인 필요(FMS 관리주체 정보 없음·추정) — 용인시 관리면 「해당」으로,③ 관리주체 확인필요
duty_assignment,ASG-001836,applicability,해당,비해당,② 타기관
duty_assignment,ASG-001836,applicability_note,,관리주체 타기관(수원국토관리사무소) — 용인시 관리 시설 아님(FMS 관리주체 · 09-24),② 타기관
duty_assignment,ASG-001836,decided_by,,G01,② 타기관
duty_assignment,ASG-001836,decided_at,,2026-09-24,② 타기관
duty_assignment,ASG-001837,applicability,해당,확인필요,③ 관리주체 확인필요
duty_assignment,ASG-001837,applicability_note,,관리주체 확인 필요(FMS 관리주체 정보 없음·추정) — 용인시 관리면 「해당」으로,③ 관리주체 확인필요
duty_assignment,ASG-001839,applicability,해당,확인필요,③ 관리주체 확인필요
duty_assignment,ASG-001839,applicability_note,,관리주체 확인 필요(FMS 관리주체 정보 없음·추정) — 용인시 관리면 「해당」으로,③ 관리주체 확인필요
duty_assignment,ASG-001840,applicability,해당,비해당,② 타기관
duty_assignment,ASG-001840,applicability_note,,관리주체 타기관(수원국토관리사무소) — 용인시 관리 시설 아님(FMS 관리주체 · 09-24),② 타기관
duty_assignment,ASG-001840,decided_by,,G01,② 타기관
duty_assignment,ASG-001840,decided_at,,2026-09-24,② 타기관
duty_assignment,ASG-001841,applicability,해당,확인필요,③ 관리주체 확인필요
duty_assignment,ASG-001841,applicability_note,,관리주체 확인 필요(FMS 관리주체 정보 없음·추정) — 용인시 관리면 「해당」으로,③ 관리주체 확인필요
duty_assignment,ASG-001843,applicability,해당,확인필요,③ 관리주체 확인필요
duty_assignment,ASG-001843,applicability_note,,관리주체 확인 필요(FMS 관리주체 정보 없음·추정) — 용인시 관리면 「해당」으로,③ 관리주체 확인필요
duty_assignment,ASG-001844,applicability,해당,비해당,② 타기관
duty_assignment,ASG-001844,applicability_note,,관리주체 타기관(수원국토관리사무소) — 용인시 관리 시설 아님(FMS 관리주체 · 09-24),② 타기관
duty_assignment,ASG-001844,decided_by,,G01,② 타기관
duty_assignment,ASG-001844,decided_at,,2026-09-24,② 타기관
duty_assignment,ASG-001845,applicability,해당,확인필요,③ 관리주체 확인필요
duty_assignment,ASG-001845,applicability_note,,관리주체 확인 필요(FMS 관리주체 정보 없음·추정) — 용인시 관리면 「해당」으로,③ 관리주체 확인필요
duty_assignment,ASG-001847,applicability,해당,확인필요,③ 관리주체 확인필요
duty_assignment,ASG-001847,applicability_note,,관리주체 확인 필요(FMS 관리주체 정보 없음·추정) — 용인시 관리면 「해당」으로,③ 관리주체 확인필요
duty_assignment,ASG-001848,applicability,해당,비해당,② 타기관
duty_assignment,ASG-001848,applicability_note,,관리주체 타기관(수원국토관리사무소) — 용인시 관리 시설 아님(FMS 관리주체 · 09-24),② 타기관
duty_assignment,ASG-001848,decided_by,,G01,② 타기관
duty_assignment,ASG-001848,decided_at,,2026-09-24,② 타기관
duty_assignment,ASG-001849,applicability,해당,확인필요,③ 관리주체 확인필요
duty_assignment,ASG-001849,applicability_note,,관리주체 확인 필요(FMS 관리주체 정보 없음·추정) — 용인시 관리면 「해당」으로,③ 관리주체 확인필요
duty_assignment,ASG-001851,applicability,해당,확인필요,③ 관리주체 확인필요
duty_assignment,ASG-001851,applicability_note,,관리주체 확인 필요(FMS 관리주체 정보 없음·추정) — 용인시 관리면 「해당」으로,③ 관리주체 확인필요
duty_assignment,ASG-001852,applicability,해당,비해당,② 타기관
duty_assignment,ASG-001852,applicability_note,,관리주체 타기관(수원국토관리사무소) — 용인시 관리 시설 아님(FMS 관리주체 · 09-24),② 타기관
duty_assignment,ASG-001852,decided_by,,G01,② 타기관
duty_assignment,ASG-001852,decided_at,,2026-09-24,② 타기관
duty_assignment,ASG-001853,applicability,해당,확인필요,③ 관리주체 확인필요
duty_assignment,ASG-001853,applicability_note,,관리주체 확인 필요(FMS 관리주체 정보 없음·추정) — 용인시 관리면 「해당」으로,③ 관리주체 확인필요
duty_assignment,ASG-001855,applicability,해당,확인필요,③ 관리주체 확인필요
duty_assignment,ASG-001855,applicability_note,,관리주체 확인 필요(FMS 관리주체 정보 없음·추정) — 용인시 관리면 「해당」으로,③ 관리주체 확인필요
duty_assignment,ASG-001856,applicability,해당,비해당,② 타기관
duty_assignment,ASG-001856,applicability_note,,관리주체 타기관(수원국토관리사무소) — 용인시 관리 시설 아님(FMS 관리주체 · 09-24),② 타기관
duty_assignment,ASG-001856,decided_by,,G01,② 타기관
duty_assignment,ASG-001856,decided_at,,2026-09-24,② 타기관
duty_assignment,ASG-001857,applicability,해당,확인필요,③ 관리주체 확인필요
duty_assignment,ASG-001857,applicability_note,,관리주체 확인 필요(FMS 관리주체 정보 없음·추정) — 용인시 관리면 「해당」으로,③ 관리주체 확인필요
duty_assignment,ASG-001859,applicability,해당,확인필요,③ 관리주체 확인필요
duty_assignment,ASG-001859,applicability_note,,관리주체 확인 필요(FMS 관리주체 정보 없음·추정) — 용인시 관리면 「해당」으로,③ 관리주체 확인필요
duty_assignment,ASG-001860,applicability,해당,비해당,② 타기관
duty_assignment,ASG-001860,applicability_note,,관리주체 타기관(수원국토관리사무소) — 용인시 관리 시설 아님(FMS 관리주체 · 09-24),② 타기관
duty_assignment,ASG-001860,decided_by,,G01,② 타기관
duty_assignment,ASG-001860,decided_at,,2026-09-24,② 타기관
duty_assignment,ASG-001861,applicability,해당,확인필요,③ 관리주체 확인필요
duty_assignment,ASG-001861,applicability_note,,관리주체 확인 필요(FMS 관리주체 정보 없음·추정) — 용인시 관리면 「해당」으로,③ 관리주체 확인필요
duty_assignment,ASG-001863,applicability,해당,확인필요,③ 관리주체 확인필요
duty_assignment,ASG-001863,applicability_note,,관리주체 확인 필요(FMS 관리주체 정보 없음·추정) — 용인시 관리면 「해당」으로,③ 관리주체 확인필요
duty_assignment,ASG-001864,applicability,해당,비해당,② 타기관
duty_assignment,ASG-001864,applicability_note,,관리주체 타기관(수원국토관리사무소) — 용인시 관리 시설 아님(FMS 관리주체 · 09-24),② 타기관
duty_assignment,ASG-001864,decided_by,,G01,② 타기관
duty_assignment,ASG-001864,decided_at,,2026-09-24,② 타기관
duty_assignment,ASG-001865,applicability,해당,확인필요,③ 관리주체 확인필요
duty_assignment,ASG-001865,applicability_note,,관리주체 확인 필요(FMS 관리주체 정보 없음·추정) — 용인시 관리면 「해당」으로,③ 관리주체 확인필요
duty_assignment,ASG-001867,applicability,해당,확인필요,③ 관리주체 확인필요
duty_assignment,ASG-001867,applicability_note,,관리주체 확인 필요(FMS 관리주체 정보 없음·추정) — 용인시 관리면 「해당」으로,③ 관리주체 확인필요
duty_assignment,ASG-001868,applicability,해당,비해당,② 타기관
duty_assignment,ASG-001868,applicability_note,,관리주체 타기관(수원국토관리사무소) — 용인시 관리 시설 아님(FMS 관리주체 · 09-24),② 타기관
duty_assignment,ASG-001868,decided_by,,G01,② 타기관
duty_assignment,ASG-001868,decided_at,,2026-09-24,② 타기관
duty_assignment,ASG-001869,applicability,해당,확인필요,③ 관리주체 확인필요
duty_assignment,ASG-001869,applicability_note,,관리주체 확인 필요(FMS 관리주체 정보 없음·추정) — 용인시 관리면 「해당」으로,③ 관리주체 확인필요
duty_assignment,ASG-001871,applicability,해당,확인필요,③ 관리주체 확인필요
duty_assignment,ASG-001871,applicability_note,,관리주체 확인 필요(FMS 관리주체 정보 없음·추정) — 용인시 관리면 「해당」으로,③ 관리주체 확인필요
duty_assignment,ASG-001872,applicability,해당,비해당,② 타기관
duty_assignment,ASG-001872,applicability_note,,관리주체 타기관(수원국토관리사무소) — 용인시 관리 시설 아님(FMS 관리주체 · 09-24),② 타기관
duty_assignment,ASG-001872,decided_by,,G01,② 타기관
duty_assignment,ASG-001872,decided_at,,2026-09-24,② 타기관
duty_assignment,ASG-001873,applicability,해당,확인필요,③ 관리주체 확인필요
duty_assignment,ASG-001873,applicability_note,,관리주체 확인 필요(FMS 관리주체 정보 없음·추정) — 용인시 관리면 「해당」으로,③ 관리주체 확인필요
duty_assignment,ASG-001875,applicability,해당,확인필요,③ 관리주체 확인필요
duty_assignment,ASG-001875,applicability_note,,관리주체 확인 필요(FMS 관리주체 정보 없음·추정) — 용인시 관리면 「해당」으로,③ 관리주체 확인필요
duty_assignment,ASG-001876,applicability,해당,비해당,② 타기관
duty_assignment,ASG-001876,applicability_note,,관리주체 타기관(수원국토관리사무소) — 용인시 관리 시설 아님(FMS 관리주체 · 09-24),② 타기관
duty_assignment,ASG-001876,decided_by,,G01,② 타기관
duty_assignment,ASG-001876,decided_at,,2026-09-24,② 타기관
duty_assignment,ASG-001877,applicability,해당,확인필요,③ 관리주체 확인필요
duty_assignment,ASG-001877,applicability_note,,관리주체 확인 필요(FMS 관리주체 정보 없음·추정) — 용인시 관리면 「해당」으로,③ 관리주체 확인필요
duty_assignment,ASG-001879,applicability,해당,확인필요,③ 관리주체 확인필요
duty_assignment,ASG-001879,applicability_note,,관리주체 확인 필요(FMS 관리주체 정보 없음·추정) — 용인시 관리면 「해당」으로,③ 관리주체 확인필요
duty_assignment,ASG-001880,applicability,해당,비해당,② 타기관
duty_assignment,ASG-001880,applicability_note,,관리주체 타기관(수원국토관리사무소) — 용인시 관리 시설 아님(FMS 관리주체 · 09-24),② 타기관
duty_assignment,ASG-001880,decided_by,,G01,② 타기관
duty_assignment,ASG-001880,decided_at,,2026-09-24,② 타기관
duty_assignment,ASG-001881,applicability,해당,확인필요,③ 관리주체 확인필요
duty_assignment,ASG-001881,applicability_note,,관리주체 확인 필요(FMS 관리주체 정보 없음·추정) — 용인시 관리면 「해당」으로,③ 관리주체 확인필요
duty_assignment,ASG-001883,applicability,해당,확인필요,③ 관리주체 확인필요
duty_assignment,ASG-001883,applicability_note,,관리주체 확인 필요(FMS 관리주체 정보 없음·추정) — 용인시 관리면 「해당」으로,③ 관리주체 확인필요
duty_assignment,ASG-001884,applicability,해당,비해당,② 타기관
duty_assignment,ASG-001884,applicability_note,,관리주체 타기관(수원국토관리사무소) — 용인시 관리 시설 아님(FMS 관리주체 · 09-24),② 타기관
duty_assignment,ASG-001884,decided_by,,G01,② 타기관
duty_assignment,ASG-001884,decided_at,,2026-09-24,② 타기관
duty_assignment,ASG-001885,applicability,해당,확인필요,③ 관리주체 확인필요
duty_assignment,ASG-001885,applicability_note,,관리주체 확인 필요(FMS 관리주체 정보 없음·추정) — 용인시 관리면 「해당」으로,③ 관리주체 확인필요
duty_assignment,ASG-001887,applicability,해당,확인필요,③ 관리주체 확인필요
duty_assignment,ASG-001887,applicability_note,,관리주체 확인 필요(FMS 관리주체 정보 없음·추정) — 용인시 관리면 「해당」으로,③ 관리주체 확인필요
duty_assignment,ASG-001888,applicability,해당,비해당,② 타기관
duty_assignment,ASG-001888,applicability_note,,관리주체 타기관(수원국토관리사무소) — 용인시 관리 시설 아님(FMS 관리주체 · 09-24),② 타기관
duty_assignment,ASG-001888,decided_by,,G01,② 타기관
duty_assignment,ASG-001888,decided_at,,2026-09-24,② 타기관
duty_assignment,ASG-001889,applicability,해당,확인필요,③ 관리주체 확인필요
duty_assignment,ASG-001889,applicability_note,,관리주체 확인 필요(FMS 관리주체 정보 없음·추정) — 용인시 관리면 「해당」으로,③ 관리주체 확인필요
duty_assignment,ASG-001891,applicability,해당,확인필요,③ 관리주체 확인필요
duty_assignment,ASG-001891,applicability_note,,관리주체 확인 필요(FMS 관리주체 정보 없음·추정) — 용인시 관리면 「해당」으로,③ 관리주체 확인필요
duty_assignment,ASG-001892,applicability,해당,비해당,② 타기관
duty_assignment,ASG-001892,applicability_note,,관리주체 타기관(수원국토관리사무소) — 용인시 관리 시설 아님(FMS 관리주체 · 09-24),② 타기관
duty_assignment,ASG-001892,decided_by,,G01,② 타기관
duty_assignment,ASG-001892,decided_at,,2026-09-24,② 타기관
duty_assignment,ASG-001893,applicability,해당,확인필요,③ 관리주체 확인필요
duty_assignment,ASG-001893,applicability_note,,관리주체 확인 필요(FMS 관리주체 정보 없음·추정) — 용인시 관리면 「해당」으로,③ 관리주체 확인필요
duty_assignment,ASG-001895,applicability,해당,확인필요,③ 관리주체 확인필요
duty_assignment,ASG-001895,applicability_note,,관리주체 확인 필요(FMS 관리주체 정보 없음·추정) — 용인시 관리면 「해당」으로,③ 관리주체 확인필요
duty_assignment,ASG-001896,applicability,해당,비해당,② 타기관
duty_assignment,ASG-001896,applicability_note,,관리주체 타기관(수원국토관리사무소) — 용인시 관리 시설 아님(FMS 관리주체 · 09-24),② 타기관
duty_assignment,ASG-001896,decided_by,,G01,② 타기관
duty_assignment,ASG-001896,decided_at,,2026-09-24,② 타기관
duty_assignment,ASG-001897,applicability,해당,확인필요,③ 관리주체 확인필요
duty_assignment,ASG-001897,applicability_note,,관리주체 확인 필요(FMS 관리주체 정보 없음·추정) — 용인시 관리면 「해당」으로,③ 관리주체 확인필요
duty_assignment,ASG-001899,applicability,해당,확인필요,③ 관리주체 확인필요
duty_assignment,ASG-001899,applicability_note,,관리주체 확인 필요(FMS 관리주체 정보 없음·추정) — 용인시 관리면 「해당」으로,③ 관리주체 확인필요
duty_assignment,ASG-001900,applicability,해당,비해당,② 타기관
duty_assignment,ASG-001900,applicability_note,,관리주체 타기관(수원국토관리사무소) — 용인시 관리 시설 아님(FMS 관리주체 · 09-24),② 타기관
duty_assignment,ASG-001900,decided_by,,G01,② 타기관
duty_assignment,ASG-001900,decided_at,,2026-09-24,② 타기관
duty_assignment,ASG-001901,applicability,해당,확인필요,③ 관리주체 확인필요
duty_assignment,ASG-001901,applicability_note,,관리주체 확인 필요(FMS 관리주체 정보 없음·추정) — 용인시 관리면 「해당」으로,③ 관리주체 확인필요
duty_assignment,ASG-001903,applicability,해당,확인필요,③ 관리주체 확인필요
duty_assignment,ASG-001903,applicability_note,,관리주체 확인 필요(FMS 관리주체 정보 없음·추정) — 용인시 관리면 「해당」으로,③ 관리주체 확인필요
duty_assignment,ASG-001904,applicability,해당,비해당,② 타기관
duty_assignment,ASG-001904,applicability_note,,관리주체 타기관(수원국토관리사무소) — 용인시 관리 시설 아님(FMS 관리주체 · 09-24),② 타기관
duty_assignment,ASG-001904,decided_by,,G01,② 타기관
duty_assignment,ASG-001904,decided_at,,2026-09-24,② 타기관
duty_assignment,ASG-001905,applicability,해당,확인필요,③ 관리주체 확인필요
duty_assignment,ASG-001905,applicability_note,,관리주체 확인 필요(FMS 관리주체 정보 없음·추정) — 용인시 관리면 「해당」으로,③ 관리주체 확인필요
duty_assignment,ASG-001907,applicability,해당,확인필요,③ 관리주체 확인필요
duty_assignment,ASG-001907,applicability_note,,관리주체 확인 필요(FMS 관리주체 정보 없음·추정) — 용인시 관리면 「해당」으로,③ 관리주체 확인필요
duty_assignment,ASG-001908,applicability,해당,비해당,② 타기관
duty_assignment,ASG-001908,applicability_note,,관리주체 타기관(수원국토관리사무소) — 용인시 관리 시설 아님(FMS 관리주체 · 09-24),② 타기관
duty_assignment,ASG-001908,decided_by,,G01,② 타기관
duty_assignment,ASG-001908,decided_at,,2026-09-24,② 타기관
duty_assignment,ASG-001909,applicability,해당,확인필요,③ 관리주체 확인필요
duty_assignment,ASG-001909,applicability_note,,관리주체 확인 필요(FMS 관리주체 정보 없음·추정) — 용인시 관리면 「해당」으로,③ 관리주체 확인필요
duty_assignment,ASG-001911,applicability,해당,확인필요,③ 관리주체 확인필요
duty_assignment,ASG-001911,applicability_note,,관리주체 확인 필요(FMS 관리주체 정보 없음·추정) — 용인시 관리면 「해당」으로,③ 관리주체 확인필요
duty_assignment,ASG-001912,applicability,해당,비해당,② 타기관
duty_assignment,ASG-001912,applicability_note,,관리주체 타기관(수원국토관리사무소) — 용인시 관리 시설 아님(FMS 관리주체 · 09-24),② 타기관
duty_assignment,ASG-001912,decided_by,,G01,② 타기관
duty_assignment,ASG-001912,decided_at,,2026-09-24,② 타기관
duty_assignment,ASG-001913,applicability,해당,확인필요,③ 관리주체 확인필요
duty_assignment,ASG-001913,applicability_note,,관리주체 확인 필요(FMS 관리주체 정보 없음·추정) — 용인시 관리면 「해당」으로,③ 관리주체 확인필요
duty_assignment,ASG-001915,applicability,해당,확인필요,③ 관리주체 확인필요
duty_assignment,ASG-001915,applicability_note,,관리주체 확인 필요(FMS 관리주체 정보 없음·추정) — 용인시 관리면 「해당」으로,③ 관리주체 확인필요
duty_assignment,ASG-001916,applicability,해당,비해당,② 타기관
duty_assignment,ASG-001916,applicability_note,,관리주체 타기관(수원국토관리사무소) — 용인시 관리 시설 아님(FMS 관리주체 · 09-24),② 타기관
duty_assignment,ASG-001916,decided_by,,G01,② 타기관
duty_assignment,ASG-001916,decided_at,,2026-09-24,② 타기관
duty_assignment,ASG-001917,applicability,해당,확인필요,③ 관리주체 확인필요
duty_assignment,ASG-001917,applicability_note,,관리주체 확인 필요(FMS 관리주체 정보 없음·추정) — 용인시 관리면 「해당」으로,③ 관리주체 확인필요
duty_assignment,ASG-001919,applicability,해당,확인필요,③ 관리주체 확인필요
duty_assignment,ASG-001919,applicability_note,,관리주체 확인 필요(FMS 관리주체 정보 없음·추정) — 용인시 관리면 「해당」으로,③ 관리주체 확인필요
duty_assignment,ASG-001920,applicability,해당,비해당,② 타기관
duty_assignment,ASG-001920,applicability_note,,관리주체 타기관(수원국토관리사무소) — 용인시 관리 시설 아님(FMS 관리주체 · 09-24),② 타기관
duty_assignment,ASG-001920,decided_by,,G01,② 타기관
duty_assignment,ASG-001920,decided_at,,2026-09-24,② 타기관
duty_assignment,ASG-001921,applicability,해당,확인필요,③ 관리주체 확인필요
duty_assignment,ASG-001921,applicability_note,,관리주체 확인 필요(FMS 관리주체 정보 없음·추정) — 용인시 관리면 「해당」으로,③ 관리주체 확인필요
duty_assignment,ASG-001923,applicability,해당,확인필요,③ 관리주체 확인필요
duty_assignment,ASG-001923,applicability_note,,관리주체 확인 필요(FMS 관리주체 정보 없음·추정) — 용인시 관리면 「해당」으로,③ 관리주체 확인필요
duty_assignment,ASG-001924,applicability,해당,비해당,② 타기관
duty_assignment,ASG-001924,applicability_note,,관리주체 타기관(수원국토관리사무소) — 용인시 관리 시설 아님(FMS 관리주체 · 09-24),② 타기관
duty_assignment,ASG-001924,decided_by,,G01,② 타기관
duty_assignment,ASG-001924,decided_at,,2026-09-24,② 타기관
duty_assignment,ASG-001925,applicability,해당,확인필요,③ 관리주체 확인필요
duty_assignment,ASG-001925,applicability_note,,관리주체 확인 필요(FMS 관리주체 정보 없음·추정) — 용인시 관리면 「해당」으로,③ 관리주체 확인필요
duty_assignment,ASG-001927,applicability,해당,확인필요,③ 관리주체 확인필요
duty_assignment,ASG-001927,applicability_note,,관리주체 확인 필요(FMS 관리주체 정보 없음·추정) — 용인시 관리면 「해당」으로,③ 관리주체 확인필요
duty_assignment,ASG-001928,applicability,해당,비해당,② 타기관
duty_assignment,ASG-001928,applicability_note,,관리주체 타기관(수원국토관리사무소) — 용인시 관리 시설 아님(FMS 관리주체 · 09-24),② 타기관
duty_assignment,ASG-001928,decided_by,,G01,② 타기관
duty_assignment,ASG-001928,decided_at,,2026-09-24,② 타기관
duty_assignment,ASG-001929,applicability,해당,확인필요,③ 관리주체 확인필요
duty_assignment,ASG-001929,applicability_note,,관리주체 확인 필요(FMS 관리주체 정보 없음·추정) — 용인시 관리면 「해당」으로,③ 관리주체 확인필요
duty_assignment,ASG-001931,applicability,해당,확인필요,③ 관리주체 확인필요
duty_assignment,ASG-001931,applicability_note,,관리주체 확인 필요(FMS 관리주체 정보 없음·추정) — 용인시 관리면 「해당」으로,③ 관리주체 확인필요
duty_assignment,ASG-001932,applicability,해당,비해당,② 타기관
duty_assignment,ASG-001932,applicability_note,,관리주체 타기관(수원국토관리사무소) — 용인시 관리 시설 아님(FMS 관리주체 · 09-24),② 타기관
duty_assignment,ASG-001932,decided_by,,G01,② 타기관
duty_assignment,ASG-001932,decided_at,,2026-09-24,② 타기관
duty_assignment,ASG-001933,applicability,해당,확인필요,③ 관리주체 확인필요
duty_assignment,ASG-001933,applicability_note,,관리주체 확인 필요(FMS 관리주체 정보 없음·추정) — 용인시 관리면 「해당」으로,③ 관리주체 확인필요
duty_assignment,ASG-001935,applicability,해당,확인필요,③ 관리주체 확인필요
duty_assignment,ASG-001935,applicability_note,,관리주체 확인 필요(FMS 관리주체 정보 없음·추정) — 용인시 관리면 「해당」으로,③ 관리주체 확인필요
duty_assignment,ASG-001936,applicability,해당,비해당,② 타기관
duty_assignment,ASG-001936,applicability_note,,관리주체 타기관(수원국토관리사무소) — 용인시 관리 시설 아님(FMS 관리주체 · 09-24),② 타기관
duty_assignment,ASG-001936,decided_by,,G01,② 타기관
duty_assignment,ASG-001936,decided_at,,2026-09-24,② 타기관
duty_assignment,ASG-001937,applicability,해당,확인필요,③ 관리주체 확인필요
duty_assignment,ASG-001937,applicability_note,,관리주체 확인 필요(FMS 관리주체 정보 없음·추정) — 용인시 관리면 「해당」으로,③ 관리주체 확인필요
duty_assignment,ASG-001939,applicability,해당,확인필요,③ 관리주체 확인필요
duty_assignment,ASG-001939,applicability_note,,관리주체 확인 필요(FMS 관리주체 정보 없음·추정) — 용인시 관리면 「해당」으로,③ 관리주체 확인필요
duty_assignment,ASG-001940,applicability,해당,비해당,② 타기관
duty_assignment,ASG-001940,applicability_note,,관리주체 타기관(수원국토관리사무소) — 용인시 관리 시설 아님(FMS 관리주체 · 09-24),② 타기관
duty_assignment,ASG-001940,decided_by,,G01,② 타기관
duty_assignment,ASG-001940,decided_at,,2026-09-24,② 타기관
duty_assignment,ASG-001941,applicability,해당,확인필요,③ 관리주체 확인필요
duty_assignment,ASG-001941,applicability_note,,관리주체 확인 필요(FMS 관리주체 정보 없음·추정) — 용인시 관리면 「해당」으로,③ 관리주체 확인필요
duty_assignment,ASG-001943,applicability,해당,확인필요,③ 관리주체 확인필요
duty_assignment,ASG-001943,applicability_note,,관리주체 확인 필요(FMS 관리주체 정보 없음·추정) — 용인시 관리면 「해당」으로,③ 관리주체 확인필요
duty_assignment,ASG-001944,applicability,해당,비해당,② 타기관
duty_assignment,ASG-001944,applicability_note,,관리주체 타기관(수원국토관리사무소) — 용인시 관리 시설 아님(FMS 관리주체 · 09-24),② 타기관
duty_assignment,ASG-001944,decided_by,,G01,② 타기관
duty_assignment,ASG-001944,decided_at,,2026-09-24,② 타기관
duty_assignment,ASG-001945,applicability,해당,확인필요,③ 관리주체 확인필요
duty_assignment,ASG-001945,applicability_note,,관리주체 확인 필요(FMS 관리주체 정보 없음·추정) — 용인시 관리면 「해당」으로,③ 관리주체 확인필요
duty_assignment,ASG-001953,applicability,해당,확인필요,③ 관리주체 확인필요
duty_assignment,ASG-001953,applicability_note,,관리주체 확인 필요(FMS 관리주체 정보 없음·추정) — 용인시 관리면 「해당」으로,③ 관리주체 확인필요
duty_assignment,ASG-001954,applicability,해당,확인필요,③ 관리주체 확인필요
duty_assignment,ASG-001954,applicability_note,,관리주체 확인 필요(FMS 관리주체 정보 없음·추정) — 용인시 관리면 「해당」으로,③ 관리주체 확인필요
duty_assignment,ASG-001955,applicability,해당,확인필요,③ 관리주체 확인필요
duty_assignment,ASG-001955,applicability_note,,관리주체 확인 필요(FMS 관리주체 정보 없음·추정) — 용인시 관리면 「해당」으로,③ 관리주체 확인필요
duty_assignment,ASG-001957,applicability,해당,확인필요,③ 관리주체 확인필요
duty_assignment,ASG-001957,applicability_note,,관리주체 확인 필요(FMS 관리주체 정보 없음·추정) — 용인시 관리면 「해당」으로,③ 관리주체 확인필요
duty_assignment,ASG-001958,applicability,해당,확인필요,③ 관리주체 확인필요
duty_assignment,ASG-001958,applicability_note,,관리주체 확인 필요(FMS 관리주체 정보 없음·추정) — 용인시 관리면 「해당」으로,③ 관리주체 확인필요
duty_assignment,ASG-001959,applicability,해당,확인필요,③ 관리주체 확인필요
duty_assignment,ASG-001959,applicability_note,,관리주체 확인 필요(FMS 관리주체 정보 없음·추정) — 용인시 관리면 「해당」으로,③ 관리주체 확인필요
duty_assignment,ASG-001961,applicability,해당,확인필요,③ 관리주체 확인필요
duty_assignment,ASG-001961,applicability_note,,관리주체 확인 필요(FMS 관리주체 정보 없음·추정) — 용인시 관리면 「해당」으로,③ 관리주체 확인필요
duty_assignment,ASG-001962,applicability,해당,확인필요,③ 관리주체 확인필요
duty_assignment,ASG-001962,applicability_note,,관리주체 확인 필요(FMS 관리주체 정보 없음·추정) — 용인시 관리면 「해당」으로,③ 관리주체 확인필요
duty_assignment,ASG-001963,applicability,해당,확인필요,③ 관리주체 확인필요
duty_assignment,ASG-001963,applicability_note,,관리주체 확인 필요(FMS 관리주체 정보 없음·추정) — 용인시 관리면 「해당」으로,③ 관리주체 확인필요
duty_assignment,ASG-002006,applicability,해당,확인필요,③ 관리주체 확인필요
duty_assignment,ASG-002006,applicability_note,,관리주체 확인 필요(FMS 관리주체 정보 없음·추정) — 용인시 관리면 「해당」으로,③ 관리주체 확인필요
duty_assignment,ASG-002007,applicability,해당,확인필요,③ 관리주체 확인필요
duty_assignment,ASG-002007,applicability_note,,관리주체 확인 필요(FMS 관리주체 정보 없음·추정) — 용인시 관리면 「해당」으로,③ 관리주체 확인필요
duty_assignment,ASG-002008,applicability,해당,확인필요,③ 관리주체 확인필요
duty_assignment,ASG-002008,applicability_note,,관리주체 확인 필요(FMS 관리주체 정보 없음·추정) — 용인시 관리면 「해당」으로,③ 관리주체 확인필요
duty_assignment,ASG-002010,applicability,해당,확인필요,③ 관리주체 확인필요
duty_assignment,ASG-002010,applicability_note,,관리주체 확인 필요(FMS 관리주체 정보 없음·추정) — 용인시 관리면 「해당」으로,③ 관리주체 확인필요
duty_assignment,ASG-002011,applicability,해당,확인필요,③ 관리주체 확인필요
duty_assignment,ASG-002011,applicability_note,,관리주체 확인 필요(FMS 관리주체 정보 없음·추정) — 용인시 관리면 「해당」으로,③ 관리주체 확인필요
duty_assignment,ASG-002012,applicability,해당,확인필요,③ 관리주체 확인필요
duty_assignment,ASG-002012,applicability_note,,관리주체 확인 필요(FMS 관리주체 정보 없음·추정) — 용인시 관리면 「해당」으로,③ 관리주체 확인필요
duty_assignment,ASG-002014,applicability,해당,확인필요,③ 관리주체 확인필요
duty_assignment,ASG-002014,applicability_note,,관리주체 확인 필요(FMS 관리주체 정보 없음·추정) — 용인시 관리면 「해당」으로,③ 관리주체 확인필요
duty_assignment,ASG-002015,applicability,해당,확인필요,③ 관리주체 확인필요
duty_assignment,ASG-002015,applicability_note,,관리주체 확인 필요(FMS 관리주체 정보 없음·추정) — 용인시 관리면 「해당」으로,③ 관리주체 확인필요
duty_assignment,ASG-002016,applicability,해당,확인필요,③ 관리주체 확인필요
duty_assignment,ASG-002016,applicability_note,,관리주체 확인 필요(FMS 관리주체 정보 없음·추정) — 용인시 관리면 「해당」으로,③ 관리주체 확인필요
duty_assignment,ASG-002183,applicability,해당,확인필요,③ 관리주체 확인필요
duty_assignment,ASG-002183,applicability_note,,관리주체 확인 필요(FMS 관리주체 정보 없음·추정) — 용인시 관리면 「해당」으로,③ 관리주체 확인필요
duty_assignment,ASG-002184,applicability,해당,확인필요,③ 관리주체 확인필요
duty_assignment,ASG-002184,applicability_note,,관리주체 확인 필요(FMS 관리주체 정보 없음·추정) — 용인시 관리면 「해당」으로,③ 관리주체 확인필요
duty_assignment,ASG-002185,applicability,해당,확인필요,③ 관리주체 확인필요
duty_assignment,ASG-002185,applicability_note,,관리주체 확인 필요(FMS 관리주체 정보 없음·추정) — 용인시 관리면 「해당」으로,③ 관리주체 확인필요
duty_assignment,ASG-002194,applicability,해당,확인필요,③ 관리주체 확인필요
duty_assignment,ASG-002194,applicability_note,,관리주체 확인 필요(FMS 관리주체 정보 없음·추정) — 용인시 관리면 「해당」으로,③ 관리주체 확인필요
duty_assignment,ASG-002195,applicability,해당,확인필요,③ 관리주체 확인필요
duty_assignment,ASG-002195,applicability_note,,관리주체 확인 필요(FMS 관리주체 정보 없음·추정) — 용인시 관리면 「해당」으로,③ 관리주체 확인필요
duty_assignment,ASG-002196,applicability,해당,확인필요,③ 관리주체 확인필요
duty_assignment,ASG-002196,applicability_note,,관리주체 확인 필요(FMS 관리주체 정보 없음·추정) — 용인시 관리면 「해당」으로,③ 관리주체 확인필요
duty_assignment,ASG-002201,applicability,해당,확인필요,③ 관리주체 확인필요
duty_assignment,ASG-002201,applicability_note,,관리주체 확인 필요(FMS 관리주체 정보 없음·추정) — 용인시 관리면 「해당」으로,③ 관리주체 확인필요
duty_assignment,ASG-002202,applicability,해당,확인필요,③ 관리주체 확인필요
duty_assignment,ASG-002202,applicability_note,,관리주체 확인 필요(FMS 관리주체 정보 없음·추정) — 용인시 관리면 「해당」으로,③ 관리주체 확인필요
duty_assignment,ASG-002203,applicability,해당,확인필요,③ 관리주체 확인필요
duty_assignment,ASG-002203,applicability_note,,관리주체 확인 필요(FMS 관리주체 정보 없음·추정) — 용인시 관리면 「해당」으로,③ 관리주체 확인필요
duty_assignment,ASG-002205,applicability,해당,확인필요,③ 관리주체 확인필요
duty_assignment,ASG-002205,applicability_note,,관리주체 확인 필요(FMS 관리주체 정보 없음·추정) — 용인시 관리면 「해당」으로,③ 관리주체 확인필요
duty_assignment,ASG-002206,applicability,해당,확인필요,③ 관리주체 확인필요
duty_assignment,ASG-002206,applicability_note,,관리주체 확인 필요(FMS 관리주체 정보 없음·추정) — 용인시 관리면 「해당」으로,③ 관리주체 확인필요
duty_assignment,ASG-002207,applicability,해당,확인필요,③ 관리주체 확인필요
duty_assignment,ASG-002207,applicability_note,,관리주체 확인 필요(FMS 관리주체 정보 없음·추정) — 용인시 관리면 「해당」으로,③ 관리주체 확인필요
duty_assignment,ASG-002213,applicability,해당,확인필요,③ 관리주체 확인필요
duty_assignment,ASG-002213,applicability_note,,관리주체 확인 필요(FMS 관리주체 정보 없음·추정) — 용인시 관리면 「해당」으로,③ 관리주체 확인필요
duty_assignment,ASG-002214,applicability,해당,확인필요,③ 관리주체 확인필요
duty_assignment,ASG-002214,applicability_note,,관리주체 확인 필요(FMS 관리주체 정보 없음·추정) — 용인시 관리면 「해당」으로,③ 관리주체 확인필요
duty_assignment,ASG-002215,applicability,해당,확인필요,③ 관리주체 확인필요
duty_assignment,ASG-002215,applicability_note,,관리주체 확인 필요(FMS 관리주체 정보 없음·추정) — 용인시 관리면 「해당」으로,③ 관리주체 확인필요
duty_assignment,ASG-002217,applicability,해당,확인필요,③ 관리주체 확인필요
duty_assignment,ASG-002217,applicability_note,,관리주체 확인 필요(FMS 관리주체 정보 없음·추정) — 용인시 관리면 「해당」으로,③ 관리주체 확인필요
duty_assignment,ASG-002218,applicability,해당,확인필요,③ 관리주체 확인필요
duty_assignment,ASG-002218,applicability_note,,관리주체 확인 필요(FMS 관리주체 정보 없음·추정) — 용인시 관리면 「해당」으로,③ 관리주체 확인필요
duty_assignment,ASG-002219,applicability,해당,확인필요,③ 관리주체 확인필요
duty_assignment,ASG-002219,applicability_note,,관리주체 확인 필요(FMS 관리주체 정보 없음·추정) — 용인시 관리면 「해당」으로,③ 관리주체 확인필요
duty_assignment,ASG-002221,applicability,해당,확인필요,③ 관리주체 확인필요
duty_assignment,ASG-002221,applicability_note,,관리주체 확인 필요(FMS 관리주체 정보 없음·추정) — 용인시 관리면 「해당」으로,③ 관리주체 확인필요
duty_assignment,ASG-002222,applicability,해당,확인필요,③ 관리주체 확인필요
duty_assignment,ASG-002222,applicability_note,,관리주체 확인 필요(FMS 관리주체 정보 없음·추정) — 용인시 관리면 「해당」으로,③ 관리주체 확인필요
duty_assignment,ASG-002223,applicability,해당,확인필요,③ 관리주체 확인필요
duty_assignment,ASG-002223,applicability_note,,관리주체 확인 필요(FMS 관리주체 정보 없음·추정) — 용인시 관리면 「해당」으로,③ 관리주체 확인필요
duty_assignment,ASG-002225,applicability,해당,확인필요,③ 관리주체 확인필요
duty_assignment,ASG-002225,applicability_note,,관리주체 확인 필요(FMS 관리주체 정보 없음·추정) — 용인시 관리면 「해당」으로,③ 관리주체 확인필요
duty_assignment,ASG-002226,applicability,해당,확인필요,③ 관리주체 확인필요
duty_assignment,ASG-002226,applicability_note,,관리주체 확인 필요(FMS 관리주체 정보 없음·추정) — 용인시 관리면 「해당」으로,③ 관리주체 확인필요
duty_assignment,ASG-002227,applicability,해당,확인필요,③ 관리주체 확인필요
duty_assignment,ASG-002227,applicability_note,,관리주체 확인 필요(FMS 관리주체 정보 없음·추정) — 용인시 관리면 「해당」으로,③ 관리주체 확인필요
duty_assignment,ASG-002272,applicability,해당,확인필요,③ 관리주체 확인필요
duty_assignment,ASG-002272,applicability_note,,관리주체 확인 필요(FMS 관리주체 정보 없음·추정) — 용인시 관리면 「해당」으로,③ 관리주체 확인필요
duty_assignment,ASG-002273,applicability,해당,비해당,② 타기관
duty_assignment,ASG-002273,applicability_note,,관리주체 타기관(한국석유공사 용인지사) — 용인시 관리 시설 아님(FMS 관리주체 · 09-24),② 타기관
duty_assignment,ASG-002273,decided_by,,G01,② 타기관
duty_assignment,ASG-002273,decided_at,,2026-09-24,② 타기관
duty_assignment,ASG-002274,applicability,해당,비해당,② 타기관
duty_assignment,ASG-002274,applicability_note,,관리주체 타기관(경기도용인교육지원청) — 용인시 관리 시설 아님(FMS 관리주체 · 09-24),② 타기관
duty_assignment,ASG-002274,decided_by,,G01,② 타기관
duty_assignment,ASG-002274,decided_at,,2026-09-24,② 타기관
duty_assignment,ASG-002276,applicability,해당,확인필요,③ 관리주체 확인필요
duty_assignment,ASG-002276,applicability_note,,관리주체 확인 필요(FMS 관리주체 정보 없음·추정) — 용인시 관리면 「해당」으로,③ 관리주체 확인필요
duty_assignment,ASG-002277,applicability,해당,비해당,② 타기관
duty_assignment,ASG-002277,applicability_note,,관리주체 타기관(한국석유공사 용인지사) — 용인시 관리 시설 아님(FMS 관리주체 · 09-24),② 타기관
duty_assignment,ASG-002277,decided_by,,G01,② 타기관
duty_assignment,ASG-002277,decided_at,,2026-09-24,② 타기관
duty_assignment,ASG-002278,applicability,해당,비해당,② 타기관
duty_assignment,ASG-002278,applicability_note,,관리주체 타기관(경기도용인교육지원청) — 용인시 관리 시설 아님(FMS 관리주체 · 09-24),② 타기관
duty_assignment,ASG-002278,decided_by,,G01,② 타기관
duty_assignment,ASG-002278,decided_at,,2026-09-24,② 타기관
duty_assignment,ASG-002280,applicability,해당,확인필요,③ 관리주체 확인필요
duty_assignment,ASG-002280,applicability_note,,관리주체 확인 필요(FMS 관리주체 정보 없음·추정) — 용인시 관리면 「해당」으로,③ 관리주체 확인필요
duty_assignment,ASG-002281,applicability,해당,비해당,② 타기관
duty_assignment,ASG-002281,applicability_note,,관리주체 타기관(한국석유공사 용인지사) — 용인시 관리 시설 아님(FMS 관리주체 · 09-24),② 타기관
duty_assignment,ASG-002281,decided_by,,G01,② 타기관
duty_assignment,ASG-002281,decided_at,,2026-09-24,② 타기관
duty_assignment,ASG-002282,applicability,해당,비해당,② 타기관
duty_assignment,ASG-002282,applicability_note,,관리주체 타기관(경기도용인교육지원청) — 용인시 관리 시설 아님(FMS 관리주체 · 09-24),② 타기관
duty_assignment,ASG-002282,decided_by,,G01,② 타기관
duty_assignment,ASG-002282,decided_at,,2026-09-24,② 타기관
duty_assignment,ASG-002284,applicability,해당,확인필요,③ 관리주체 확인필요
duty_assignment,ASG-002284,applicability_note,,관리주체 확인 필요(FMS 관리주체 정보 없음·추정) — 용인시 관리면 「해당」으로,③ 관리주체 확인필요
duty_assignment,ASG-002285,applicability,해당,비해당,② 타기관
duty_assignment,ASG-002285,applicability_note,,관리주체 타기관(한국석유공사 용인지사) — 용인시 관리 시설 아님(FMS 관리주체 · 09-24),② 타기관
duty_assignment,ASG-002285,decided_by,,G01,② 타기관
duty_assignment,ASG-002285,decided_at,,2026-09-24,② 타기관
duty_assignment,ASG-002286,applicability,해당,비해당,② 타기관
duty_assignment,ASG-002286,applicability_note,,관리주체 타기관(경기도용인교육지원청) — 용인시 관리 시설 아님(FMS 관리주체 · 09-24),② 타기관
duty_assignment,ASG-002286,decided_by,,G01,② 타기관
duty_assignment,ASG-002286,decided_at,,2026-09-24,② 타기관
duty_assignment,ASG-002288,applicability,해당,확인필요,③ 관리주체 확인필요
duty_assignment,ASG-002288,applicability_note,,관리주체 확인 필요(FMS 관리주체 정보 없음·추정) — 용인시 관리면 「해당」으로,③ 관리주체 확인필요
duty_assignment,ASG-002289,applicability,해당,비해당,② 타기관
duty_assignment,ASG-002289,applicability_note,,관리주체 타기관(한국석유공사 용인지사) — 용인시 관리 시설 아님(FMS 관리주체 · 09-24),② 타기관
duty_assignment,ASG-002289,decided_by,,G01,② 타기관
duty_assignment,ASG-002289,decided_at,,2026-09-24,② 타기관
duty_assignment,ASG-002290,applicability,해당,비해당,② 타기관
duty_assignment,ASG-002290,applicability_note,,관리주체 타기관(경기도용인교육지원청) — 용인시 관리 시설 아님(FMS 관리주체 · 09-24),② 타기관
duty_assignment,ASG-002290,decided_by,,G01,② 타기관
duty_assignment,ASG-002290,decided_at,,2026-09-24,② 타기관
duty_assignment,ASG-002294,applicability,해당,확인필요,③ 관리주체 확인필요
duty_assignment,ASG-002294,applicability_note,,관리주체 확인 필요(FMS 관리주체 정보 없음·추정) — 용인시 관리면 「해당」으로,③ 관리주체 확인필요
duty_assignment,ASG-002295,applicability,해당,비해당,② 타기관
duty_assignment,ASG-002295,applicability_note,,관리주체 타기관(수원국토관리사무소) — 용인시 관리 시설 아님(FMS 관리주체 · 09-24),② 타기관
duty_assignment,ASG-002295,decided_by,,G01,② 타기관
duty_assignment,ASG-002295,decided_at,,2026-09-24,② 타기관
duty_assignment,ASG-002296,applicability,해당,확인필요,③ 관리주체 확인필요
duty_assignment,ASG-002296,applicability_note,,관리주체 확인 필요(FMS 관리주체 정보 없음·추정) — 용인시 관리면 「해당」으로,③ 관리주체 확인필요
duty_assignment,ASG-002298,applicability,해당,확인필요,③ 관리주체 확인필요
duty_assignment,ASG-002298,applicability_note,,관리주체 확인 필요(FMS 관리주체 정보 없음·추정) — 용인시 관리면 「해당」으로,③ 관리주체 확인필요
duty_assignment,ASG-002299,applicability,해당,비해당,② 타기관
duty_assignment,ASG-002299,applicability_note,,관리주체 타기관(수원국토관리사무소) — 용인시 관리 시설 아님(FMS 관리주체 · 09-24),② 타기관
duty_assignment,ASG-002299,decided_by,,G01,② 타기관
duty_assignment,ASG-002299,decided_at,,2026-09-24,② 타기관
duty_assignment,ASG-002300,applicability,해당,확인필요,③ 관리주체 확인필요
duty_assignment,ASG-002300,applicability_note,,관리주체 확인 필요(FMS 관리주체 정보 없음·추정) — 용인시 관리면 「해당」으로,③ 관리주체 확인필요
duty_assignment,ASG-002302,applicability,해당,확인필요,③ 관리주체 확인필요
duty_assignment,ASG-002302,applicability_note,,관리주체 확인 필요(FMS 관리주체 정보 없음·추정) — 용인시 관리면 「해당」으로,③ 관리주체 확인필요
duty_assignment,ASG-002303,applicability,해당,비해당,② 타기관
duty_assignment,ASG-002303,applicability_note,,관리주체 타기관(수원국토관리사무소) — 용인시 관리 시설 아님(FMS 관리주체 · 09-24),② 타기관
duty_assignment,ASG-002303,decided_by,,G01,② 타기관
duty_assignment,ASG-002303,decided_at,,2026-09-24,② 타기관
duty_assignment,ASG-002304,applicability,해당,확인필요,③ 관리주체 확인필요
duty_assignment,ASG-002304,applicability_note,,관리주체 확인 필요(FMS 관리주체 정보 없음·추정) — 용인시 관리면 「해당」으로,③ 관리주체 확인필요
duty_assignment,ASG-002306,applicability,해당,확인필요,③ 관리주체 확인필요
duty_assignment,ASG-002306,applicability_note,,관리주체 확인 필요(FMS 관리주체 정보 없음·추정) — 용인시 관리면 「해당」으로,③ 관리주체 확인필요
duty_assignment,ASG-002307,applicability,해당,비해당,② 타기관
duty_assignment,ASG-002307,applicability_note,,관리주체 타기관(수원국토관리사무소) — 용인시 관리 시설 아님(FMS 관리주체 · 09-24),② 타기관
duty_assignment,ASG-002307,decided_by,,G01,② 타기관
duty_assignment,ASG-002307,decided_at,,2026-09-24,② 타기관
duty_assignment,ASG-002308,applicability,해당,확인필요,③ 관리주체 확인필요
duty_assignment,ASG-002308,applicability_note,,관리주체 확인 필요(FMS 관리주체 정보 없음·추정) — 용인시 관리면 「해당」으로,③ 관리주체 확인필요
duty_assignment,ASG-002310,applicability,해당,확인필요,③ 관리주체 확인필요
duty_assignment,ASG-002310,applicability_note,,관리주체 확인 필요(FMS 관리주체 정보 없음·추정) — 용인시 관리면 「해당」으로,③ 관리주체 확인필요
duty_assignment,ASG-002311,applicability,해당,비해당,② 타기관
duty_assignment,ASG-002311,applicability_note,,관리주체 타기관(수원국토관리사무소) — 용인시 관리 시설 아님(FMS 관리주체 · 09-24),② 타기관
duty_assignment,ASG-002311,decided_by,,G01,② 타기관
duty_assignment,ASG-002311,decided_at,,2026-09-24,② 타기관
duty_assignment,ASG-002312,applicability,해당,확인필요,③ 관리주체 확인필요
duty_assignment,ASG-002312,applicability_note,,관리주체 확인 필요(FMS 관리주체 정보 없음·추정) — 용인시 관리면 「해당」으로,③ 관리주체 확인필요
duty_assignment,ASG-002315,applicability,해당,확인필요,③ 관리주체 확인필요
duty_assignment,ASG-002315,applicability_note,,관리주체 확인 필요(FMS 관리주체 정보 없음·추정) — 용인시 관리면 「해당」으로,③ 관리주체 확인필요
duty_assignment,ASG-002316,applicability,해당,비해당,② 타기관
duty_assignment,ASG-002316,applicability_note,,관리주체 타기관(수원국토관리사무소) — 용인시 관리 시설 아님(FMS 관리주체 · 09-24),② 타기관
duty_assignment,ASG-002316,decided_by,,G01,② 타기관
duty_assignment,ASG-002316,decided_at,,2026-09-24,② 타기관
duty_assignment,ASG-002317,applicability,해당,확인필요,③ 관리주체 확인필요
duty_assignment,ASG-002317,applicability_note,,관리주체 확인 필요(FMS 관리주체 정보 없음·추정) — 용인시 관리면 「해당」으로,③ 관리주체 확인필요
duty_assignment,ASG-002319,applicability,해당,확인필요,③ 관리주체 확인필요
duty_assignment,ASG-002319,applicability_note,,관리주체 확인 필요(FMS 관리주체 정보 없음·추정) — 용인시 관리면 「해당」으로,③ 관리주체 확인필요
duty_assignment,ASG-002320,applicability,해당,비해당,② 타기관
duty_assignment,ASG-002320,applicability_note,,관리주체 타기관(수원국토관리사무소) — 용인시 관리 시설 아님(FMS 관리주체 · 09-24),② 타기관
duty_assignment,ASG-002320,decided_by,,G01,② 타기관
duty_assignment,ASG-002320,decided_at,,2026-09-24,② 타기관
duty_assignment,ASG-002321,applicability,해당,확인필요,③ 관리주체 확인필요
duty_assignment,ASG-002321,applicability_note,,관리주체 확인 필요(FMS 관리주체 정보 없음·추정) — 용인시 관리면 「해당」으로,③ 관리주체 확인필요
duty_assignment,ASG-002323,applicability,해당,확인필요,③ 관리주체 확인필요
duty_assignment,ASG-002323,applicability_note,,관리주체 확인 필요(FMS 관리주체 정보 없음·추정) — 용인시 관리면 「해당」으로,③ 관리주체 확인필요
duty_assignment,ASG-002324,applicability,해당,비해당,② 타기관
duty_assignment,ASG-002324,applicability_note,,관리주체 타기관(수원국토관리사무소) — 용인시 관리 시설 아님(FMS 관리주체 · 09-24),② 타기관
duty_assignment,ASG-002324,decided_by,,G01,② 타기관
duty_assignment,ASG-002324,decided_at,,2026-09-24,② 타기관
duty_assignment,ASG-002325,applicability,해당,확인필요,③ 관리주체 확인필요
duty_assignment,ASG-002325,applicability_note,,관리주체 확인 필요(FMS 관리주체 정보 없음·추정) — 용인시 관리면 「해당」으로,③ 관리주체 확인필요
duty_assignment,ASG-002327,applicability,해당,확인필요,③ 관리주체 확인필요
duty_assignment,ASG-002327,applicability_note,,관리주체 확인 필요(FMS 관리주체 정보 없음·추정) — 용인시 관리면 「해당」으로,③ 관리주체 확인필요
duty_assignment,ASG-002328,applicability,해당,비해당,② 타기관
duty_assignment,ASG-002328,applicability_note,,관리주체 타기관(수원국토관리사무소) — 용인시 관리 시설 아님(FMS 관리주체 · 09-24),② 타기관
duty_assignment,ASG-002328,decided_by,,G01,② 타기관
duty_assignment,ASG-002328,decided_at,,2026-09-24,② 타기관
duty_assignment,ASG-002329,applicability,해당,확인필요,③ 관리주체 확인필요
duty_assignment,ASG-002329,applicability_note,,관리주체 확인 필요(FMS 관리주체 정보 없음·추정) — 용인시 관리면 「해당」으로,③ 관리주체 확인필요
duty_assignment,ASG-002331,applicability,해당,확인필요,③ 관리주체 확인필요
duty_assignment,ASG-002331,applicability_note,,관리주체 확인 필요(FMS 관리주체 정보 없음·추정) — 용인시 관리면 「해당」으로,③ 관리주체 확인필요
duty_assignment,ASG-002332,applicability,해당,비해당,② 타기관
duty_assignment,ASG-002332,applicability_note,,관리주체 타기관(수원국토관리사무소) — 용인시 관리 시설 아님(FMS 관리주체 · 09-24),② 타기관
duty_assignment,ASG-002332,decided_by,,G01,② 타기관
duty_assignment,ASG-002332,decided_at,,2026-09-24,② 타기관
duty_assignment,ASG-002333,applicability,해당,확인필요,③ 관리주체 확인필요
duty_assignment,ASG-002333,applicability_note,,관리주체 확인 필요(FMS 관리주체 정보 없음·추정) — 용인시 관리면 「해당」으로,③ 관리주체 확인필요
duty_assignment,ASG-002335,applicability,해당,확인필요,③ 관리주체 확인필요
duty_assignment,ASG-002335,applicability_note,,관리주체 확인 필요(FMS 관리주체 정보 없음·추정) — 용인시 관리면 「해당」으로,③ 관리주체 확인필요
duty_assignment,ASG-002336,applicability,해당,비해당,② 타기관
duty_assignment,ASG-002336,applicability_note,,관리주체 타기관(수원국토관리사무소) — 용인시 관리 시설 아님(FMS 관리주체 · 09-24),② 타기관
duty_assignment,ASG-002336,decided_by,,G01,② 타기관
duty_assignment,ASG-002336,decided_at,,2026-09-24,② 타기관
duty_assignment,ASG-002337,applicability,해당,확인필요,③ 관리주체 확인필요
duty_assignment,ASG-002337,applicability_note,,관리주체 확인 필요(FMS 관리주체 정보 없음·추정) — 용인시 관리면 「해당」으로,③ 관리주체 확인필요
duty_assignment,ASG-002339,applicability,해당,확인필요,③ 관리주체 확인필요
duty_assignment,ASG-002339,applicability_note,,관리주체 확인 필요(FMS 관리주체 정보 없음·추정) — 용인시 관리면 「해당」으로,③ 관리주체 확인필요
duty_assignment,ASG-002340,applicability,해당,비해당,② 타기관
duty_assignment,ASG-002340,applicability_note,,관리주체 타기관(수원국토관리사무소) — 용인시 관리 시설 아님(FMS 관리주체 · 09-24),② 타기관
duty_assignment,ASG-002340,decided_by,,G01,② 타기관
duty_assignment,ASG-002340,decided_at,,2026-09-24,② 타기관
duty_assignment,ASG-002341,applicability,해당,확인필요,③ 관리주체 확인필요
duty_assignment,ASG-002341,applicability_note,,관리주체 확인 필요(FMS 관리주체 정보 없음·추정) — 용인시 관리면 「해당」으로,③ 관리주체 확인필요
duty_assignment,ASG-002343,applicability,해당,확인필요,③ 관리주체 확인필요
duty_assignment,ASG-002343,applicability_note,,관리주체 확인 필요(FMS 관리주체 정보 없음·추정) — 용인시 관리면 「해당」으로,③ 관리주체 확인필요
duty_assignment,ASG-002344,applicability,해당,비해당,② 타기관
duty_assignment,ASG-002344,applicability_note,,관리주체 타기관(수원국토관리사무소) — 용인시 관리 시설 아님(FMS 관리주체 · 09-24),② 타기관
duty_assignment,ASG-002344,decided_by,,G01,② 타기관
duty_assignment,ASG-002344,decided_at,,2026-09-24,② 타기관
duty_assignment,ASG-002345,applicability,해당,확인필요,③ 관리주체 확인필요
duty_assignment,ASG-002345,applicability_note,,관리주체 확인 필요(FMS 관리주체 정보 없음·추정) — 용인시 관리면 「해당」으로,③ 관리주체 확인필요
duty_assignment,ASG-002347,applicability,해당,확인필요,③ 관리주체 확인필요
duty_assignment,ASG-002347,applicability_note,,관리주체 확인 필요(FMS 관리주체 정보 없음·추정) — 용인시 관리면 「해당」으로,③ 관리주체 확인필요
duty_assignment,ASG-002348,applicability,해당,비해당,② 타기관
duty_assignment,ASG-002348,applicability_note,,관리주체 타기관(수원국토관리사무소) — 용인시 관리 시설 아님(FMS 관리주체 · 09-24),② 타기관
duty_assignment,ASG-002348,decided_by,,G01,② 타기관
duty_assignment,ASG-002348,decided_at,,2026-09-24,② 타기관
duty_assignment,ASG-002349,applicability,해당,확인필요,③ 관리주체 확인필요
duty_assignment,ASG-002349,applicability_note,,관리주체 확인 필요(FMS 관리주체 정보 없음·추정) — 용인시 관리면 「해당」으로,③ 관리주체 확인필요
duty_assignment,ASG-002351,applicability,해당,확인필요,③ 관리주체 확인필요
duty_assignment,ASG-002351,applicability_note,,관리주체 확인 필요(FMS 관리주체 정보 없음·추정) — 용인시 관리면 「해당」으로,③ 관리주체 확인필요
duty_assignment,ASG-002352,applicability,해당,비해당,② 타기관
duty_assignment,ASG-002352,applicability_note,,관리주체 타기관(수원국토관리사무소) — 용인시 관리 시설 아님(FMS 관리주체 · 09-24),② 타기관
duty_assignment,ASG-002352,decided_by,,G01,② 타기관
duty_assignment,ASG-002352,decided_at,,2026-09-24,② 타기관
duty_assignment,ASG-002353,applicability,해당,확인필요,③ 관리주체 확인필요
duty_assignment,ASG-002353,applicability_note,,관리주체 확인 필요(FMS 관리주체 정보 없음·추정) — 용인시 관리면 「해당」으로,③ 관리주체 확인필요
duty_assignment,ASG-002355,applicability,해당,확인필요,③ 관리주체 확인필요
duty_assignment,ASG-002355,applicability_note,,관리주체 확인 필요(FMS 관리주체 정보 없음·추정) — 용인시 관리면 「해당」으로,③ 관리주체 확인필요
duty_assignment,ASG-002356,applicability,해당,비해당,② 타기관
duty_assignment,ASG-002356,applicability_note,,관리주체 타기관(수원국토관리사무소) — 용인시 관리 시설 아님(FMS 관리주체 · 09-24),② 타기관
duty_assignment,ASG-002356,decided_by,,G01,② 타기관
duty_assignment,ASG-002356,decided_at,,2026-09-24,② 타기관
duty_assignment,ASG-002357,applicability,해당,확인필요,③ 관리주체 확인필요
duty_assignment,ASG-002357,applicability_note,,관리주체 확인 필요(FMS 관리주체 정보 없음·추정) — 용인시 관리면 「해당」으로,③ 관리주체 확인필요
duty_assignment,ASG-002359,applicability,해당,확인필요,③ 관리주체 확인필요
duty_assignment,ASG-002359,applicability_note,,관리주체 확인 필요(FMS 관리주체 정보 없음·추정) — 용인시 관리면 「해당」으로,③ 관리주체 확인필요
duty_assignment,ASG-002360,applicability,해당,비해당,② 타기관
duty_assignment,ASG-002360,applicability_note,,관리주체 타기관(수원국토관리사무소) — 용인시 관리 시설 아님(FMS 관리주체 · 09-24),② 타기관
duty_assignment,ASG-002360,decided_by,,G01,② 타기관
duty_assignment,ASG-002360,decided_at,,2026-09-24,② 타기관
duty_assignment,ASG-002361,applicability,해당,확인필요,③ 관리주체 확인필요
duty_assignment,ASG-002361,applicability_note,,관리주체 확인 필요(FMS 관리주체 정보 없음·추정) — 용인시 관리면 「해당」으로,③ 관리주체 확인필요
duty_assignment,ASG-002363,applicability,해당,확인필요,③ 관리주체 확인필요
duty_assignment,ASG-002363,applicability_note,,관리주체 확인 필요(FMS 관리주체 정보 없음·추정) — 용인시 관리면 「해당」으로,③ 관리주체 확인필요
duty_assignment,ASG-002364,applicability,해당,비해당,② 타기관
duty_assignment,ASG-002364,applicability_note,,관리주체 타기관(수원국토관리사무소) — 용인시 관리 시설 아님(FMS 관리주체 · 09-24),② 타기관
duty_assignment,ASG-002364,decided_by,,G01,② 타기관
duty_assignment,ASG-002364,decided_at,,2026-09-24,② 타기관
duty_assignment,ASG-002365,applicability,해당,확인필요,③ 관리주체 확인필요
duty_assignment,ASG-002365,applicability_note,,관리주체 확인 필요(FMS 관리주체 정보 없음·추정) — 용인시 관리면 「해당」으로,③ 관리주체 확인필요
duty_assignment,ASG-002367,applicability,해당,확인필요,③ 관리주체 확인필요
duty_assignment,ASG-002367,applicability_note,,관리주체 확인 필요(FMS 관리주체 정보 없음·추정) — 용인시 관리면 「해당」으로,③ 관리주체 확인필요
duty_assignment,ASG-002368,applicability,해당,비해당,② 타기관
duty_assignment,ASG-002368,applicability_note,,관리주체 타기관(수원국토관리사무소) — 용인시 관리 시설 아님(FMS 관리주체 · 09-24),② 타기관
duty_assignment,ASG-002368,decided_by,,G01,② 타기관
duty_assignment,ASG-002368,decided_at,,2026-09-24,② 타기관
duty_assignment,ASG-002369,applicability,해당,확인필요,③ 관리주체 확인필요
duty_assignment,ASG-002369,applicability_note,,관리주체 확인 필요(FMS 관리주체 정보 없음·추정) — 용인시 관리면 「해당」으로,③ 관리주체 확인필요
duty_assignment,ASG-002371,applicability,해당,확인필요,③ 관리주체 확인필요
duty_assignment,ASG-002371,applicability_note,,관리주체 확인 필요(FMS 관리주체 정보 없음·추정) — 용인시 관리면 「해당」으로,③ 관리주체 확인필요
duty_assignment,ASG-002372,applicability,해당,비해당,② 타기관
duty_assignment,ASG-002372,applicability_note,,관리주체 타기관(수원국토관리사무소) — 용인시 관리 시설 아님(FMS 관리주체 · 09-24),② 타기관
duty_assignment,ASG-002372,decided_by,,G01,② 타기관
duty_assignment,ASG-002372,decided_at,,2026-09-24,② 타기관
duty_assignment,ASG-002373,applicability,해당,확인필요,③ 관리주체 확인필요
duty_assignment,ASG-002373,applicability_note,,관리주체 확인 필요(FMS 관리주체 정보 없음·추정) — 용인시 관리면 「해당」으로,③ 관리주체 확인필요
duty_assignment,ASG-002375,applicability,해당,확인필요,③ 관리주체 확인필요
duty_assignment,ASG-002375,applicability_note,,관리주체 확인 필요(FMS 관리주체 정보 없음·추정) — 용인시 관리면 「해당」으로,③ 관리주체 확인필요
duty_assignment,ASG-002376,applicability,해당,비해당,② 타기관
duty_assignment,ASG-002376,applicability_note,,관리주체 타기관(수원국토관리사무소) — 용인시 관리 시설 아님(FMS 관리주체 · 09-24),② 타기관
duty_assignment,ASG-002376,decided_by,,G01,② 타기관
duty_assignment,ASG-002376,decided_at,,2026-09-24,② 타기관
duty_assignment,ASG-002377,applicability,해당,확인필요,③ 관리주체 확인필요
duty_assignment,ASG-002377,applicability_note,,관리주체 확인 필요(FMS 관리주체 정보 없음·추정) — 용인시 관리면 「해당」으로,③ 관리주체 확인필요
duty_assignment,ASG-002379,applicability,해당,확인필요,③ 관리주체 확인필요
duty_assignment,ASG-002379,applicability_note,,관리주체 확인 필요(FMS 관리주체 정보 없음·추정) — 용인시 관리면 「해당」으로,③ 관리주체 확인필요
duty_assignment,ASG-002380,applicability,해당,비해당,② 타기관
duty_assignment,ASG-002380,applicability_note,,관리주체 타기관(수원국토관리사무소) — 용인시 관리 시설 아님(FMS 관리주체 · 09-24),② 타기관
duty_assignment,ASG-002380,decided_by,,G01,② 타기관
duty_assignment,ASG-002380,decided_at,,2026-09-24,② 타기관
duty_assignment,ASG-002381,applicability,해당,확인필요,③ 관리주체 확인필요
duty_assignment,ASG-002381,applicability_note,,관리주체 확인 필요(FMS 관리주체 정보 없음·추정) — 용인시 관리면 「해당」으로,③ 관리주체 확인필요
duty_assignment,ASG-002383,applicability,해당,확인필요,③ 관리주체 확인필요
duty_assignment,ASG-002383,applicability_note,,관리주체 확인 필요(FMS 관리주체 정보 없음·추정) — 용인시 관리면 「해당」으로,③ 관리주체 확인필요
duty_assignment,ASG-002384,applicability,해당,비해당,② 타기관
duty_assignment,ASG-002384,applicability_note,,관리주체 타기관(수원국토관리사무소) — 용인시 관리 시설 아님(FMS 관리주체 · 09-24),② 타기관
duty_assignment,ASG-002384,decided_by,,G01,② 타기관
duty_assignment,ASG-002384,decided_at,,2026-09-24,② 타기관
duty_assignment,ASG-002385,applicability,해당,확인필요,③ 관리주체 확인필요
duty_assignment,ASG-002385,applicability_note,,관리주체 확인 필요(FMS 관리주체 정보 없음·추정) — 용인시 관리면 「해당」으로,③ 관리주체 확인필요
duty_assignment,ASG-002387,applicability,해당,확인필요,③ 관리주체 확인필요
duty_assignment,ASG-002387,applicability_note,,관리주체 확인 필요(FMS 관리주체 정보 없음·추정) — 용인시 관리면 「해당」으로,③ 관리주체 확인필요
duty_assignment,ASG-002388,applicability,해당,비해당,② 타기관
duty_assignment,ASG-002388,applicability_note,,관리주체 타기관(수원국토관리사무소) — 용인시 관리 시설 아님(FMS 관리주체 · 09-24),② 타기관
duty_assignment,ASG-002388,decided_by,,G01,② 타기관
duty_assignment,ASG-002388,decided_at,,2026-09-24,② 타기관
duty_assignment,ASG-002389,applicability,해당,확인필요,③ 관리주체 확인필요
duty_assignment,ASG-002389,applicability_note,,관리주체 확인 필요(FMS 관리주체 정보 없음·추정) — 용인시 관리면 「해당」으로,③ 관리주체 확인필요
duty_assignment,ASG-002391,applicability,해당,확인필요,③ 관리주체 확인필요
duty_assignment,ASG-002391,applicability_note,,관리주체 확인 필요(FMS 관리주체 정보 없음·추정) — 용인시 관리면 「해당」으로,③ 관리주체 확인필요
duty_assignment,ASG-002392,applicability,해당,비해당,② 타기관
duty_assignment,ASG-002392,applicability_note,,관리주체 타기관(수원국토관리사무소) — 용인시 관리 시설 아님(FMS 관리주체 · 09-24),② 타기관
duty_assignment,ASG-002392,decided_by,,G01,② 타기관
duty_assignment,ASG-002392,decided_at,,2026-09-24,② 타기관
duty_assignment,ASG-002393,applicability,해당,확인필요,③ 관리주체 확인필요
duty_assignment,ASG-002393,applicability_note,,관리주체 확인 필요(FMS 관리주체 정보 없음·추정) — 용인시 관리면 「해당」으로,③ 관리주체 확인필요
duty_assignment,ASG-002395,applicability,해당,확인필요,③ 관리주체 확인필요
duty_assignment,ASG-002395,applicability_note,,관리주체 확인 필요(FMS 관리주체 정보 없음·추정) — 용인시 관리면 「해당」으로,③ 관리주체 확인필요
duty_assignment,ASG-002396,applicability,해당,비해당,② 타기관
duty_assignment,ASG-002396,applicability_note,,관리주체 타기관(수원국토관리사무소) — 용인시 관리 시설 아님(FMS 관리주체 · 09-24),② 타기관
duty_assignment,ASG-002396,decided_by,,G01,② 타기관
duty_assignment,ASG-002396,decided_at,,2026-09-24,② 타기관
duty_assignment,ASG-002397,applicability,해당,확인필요,③ 관리주체 확인필요
duty_assignment,ASG-002397,applicability_note,,관리주체 확인 필요(FMS 관리주체 정보 없음·추정) — 용인시 관리면 「해당」으로,③ 관리주체 확인필요
duty_assignment,ASG-002399,applicability,해당,확인필요,③ 관리주체 확인필요
duty_assignment,ASG-002399,applicability_note,,관리주체 확인 필요(FMS 관리주체 정보 없음·추정) — 용인시 관리면 「해당」으로,③ 관리주체 확인필요
duty_assignment,ASG-002400,applicability,해당,비해당,② 타기관
duty_assignment,ASG-002400,applicability_note,,관리주체 타기관(수원국토관리사무소) — 용인시 관리 시설 아님(FMS 관리주체 · 09-24),② 타기관
duty_assignment,ASG-002400,decided_by,,G01,② 타기관
duty_assignment,ASG-002400,decided_at,,2026-09-24,② 타기관
duty_assignment,ASG-002401,applicability,해당,확인필요,③ 관리주체 확인필요
duty_assignment,ASG-002401,applicability_note,,관리주체 확인 필요(FMS 관리주체 정보 없음·추정) — 용인시 관리면 「해당」으로,③ 관리주체 확인필요
duty_assignment,ASG-002403,applicability,해당,확인필요,③ 관리주체 확인필요
duty_assignment,ASG-002403,applicability_note,,관리주체 확인 필요(FMS 관리주체 정보 없음·추정) — 용인시 관리면 「해당」으로,③ 관리주체 확인필요
duty_assignment,ASG-002404,applicability,해당,비해당,② 타기관
duty_assignment,ASG-002404,applicability_note,,관리주체 타기관(수원국토관리사무소) — 용인시 관리 시설 아님(FMS 관리주체 · 09-24),② 타기관
duty_assignment,ASG-002404,decided_by,,G01,② 타기관
duty_assignment,ASG-002404,decided_at,,2026-09-24,② 타기관
duty_assignment,ASG-002405,applicability,해당,확인필요,③ 관리주체 확인필요
duty_assignment,ASG-002405,applicability_note,,관리주체 확인 필요(FMS 관리주체 정보 없음·추정) — 용인시 관리면 「해당」으로,③ 관리주체 확인필요
duty_assignment,ASG-002407,applicability,해당,확인필요,③ 관리주체 확인필요
duty_assignment,ASG-002407,applicability_note,,관리주체 확인 필요(FMS 관리주체 정보 없음·추정) — 용인시 관리면 「해당」으로,③ 관리주체 확인필요
duty_assignment,ASG-002408,applicability,해당,비해당,② 타기관
duty_assignment,ASG-002408,applicability_note,,관리주체 타기관(수원국토관리사무소) — 용인시 관리 시설 아님(FMS 관리주체 · 09-24),② 타기관
duty_assignment,ASG-002408,decided_by,,G01,② 타기관
duty_assignment,ASG-002408,decided_at,,2026-09-24,② 타기관
duty_assignment,ASG-002409,applicability,해당,확인필요,③ 관리주체 확인필요
duty_assignment,ASG-002409,applicability_note,,관리주체 확인 필요(FMS 관리주체 정보 없음·추정) — 용인시 관리면 「해당」으로,③ 관리주체 확인필요
duty_assignment,ASG-002411,applicability,해당,확인필요,③ 관리주체 확인필요
duty_assignment,ASG-002411,applicability_note,,관리주체 확인 필요(FMS 관리주체 정보 없음·추정) — 용인시 관리면 「해당」으로,③ 관리주체 확인필요
duty_assignment,ASG-002412,applicability,해당,비해당,② 타기관
duty_assignment,ASG-002412,applicability_note,,관리주체 타기관(수원국토관리사무소) — 용인시 관리 시설 아님(FMS 관리주체 · 09-24),② 타기관
duty_assignment,ASG-002412,decided_by,,G01,② 타기관
duty_assignment,ASG-002412,decided_at,,2026-09-24,② 타기관
duty_assignment,ASG-002413,applicability,해당,확인필요,③ 관리주체 확인필요
duty_assignment,ASG-002413,applicability_note,,관리주체 확인 필요(FMS 관리주체 정보 없음·추정) — 용인시 관리면 「해당」으로,③ 관리주체 확인필요
duty_assignment,ASG-002415,applicability,해당,확인필요,③ 관리주체 확인필요
duty_assignment,ASG-002415,applicability_note,,관리주체 확인 필요(FMS 관리주체 정보 없음·추정) — 용인시 관리면 「해당」으로,③ 관리주체 확인필요
duty_assignment,ASG-002416,applicability,해당,비해당,② 타기관
duty_assignment,ASG-002416,applicability_note,,관리주체 타기관(수원국토관리사무소) — 용인시 관리 시설 아님(FMS 관리주체 · 09-24),② 타기관
duty_assignment,ASG-002416,decided_by,,G01,② 타기관
duty_assignment,ASG-002416,decided_at,,2026-09-24,② 타기관
duty_assignment,ASG-002417,applicability,해당,확인필요,③ 관리주체 확인필요
duty_assignment,ASG-002417,applicability_note,,관리주체 확인 필요(FMS 관리주체 정보 없음·추정) — 용인시 관리면 「해당」으로,③ 관리주체 확인필요
duty_assignment,ASG-002419,applicability,해당,확인필요,③ 관리주체 확인필요
duty_assignment,ASG-002419,applicability_note,,관리주체 확인 필요(FMS 관리주체 정보 없음·추정) — 용인시 관리면 「해당」으로,③ 관리주체 확인필요
duty_assignment,ASG-002420,applicability,해당,비해당,② 타기관
duty_assignment,ASG-002420,applicability_note,,관리주체 타기관(수원국토관리사무소) — 용인시 관리 시설 아님(FMS 관리주체 · 09-24),② 타기관
duty_assignment,ASG-002420,decided_by,,G01,② 타기관
duty_assignment,ASG-002420,decided_at,,2026-09-24,② 타기관
duty_assignment,ASG-002421,applicability,해당,확인필요,③ 관리주체 확인필요
duty_assignment,ASG-002421,applicability_note,,관리주체 확인 필요(FMS 관리주체 정보 없음·추정) — 용인시 관리면 「해당」으로,③ 관리주체 확인필요
duty_assignment,ASG-002423,applicability,해당,확인필요,③ 관리주체 확인필요
duty_assignment,ASG-002423,applicability_note,,관리주체 확인 필요(FMS 관리주체 정보 없음·추정) — 용인시 관리면 「해당」으로,③ 관리주체 확인필요
duty_assignment,ASG-002424,applicability,해당,비해당,② 타기관
duty_assignment,ASG-002424,applicability_note,,관리주체 타기관(수원국토관리사무소) — 용인시 관리 시설 아님(FMS 관리주체 · 09-24),② 타기관
duty_assignment,ASG-002424,decided_by,,G01,② 타기관
duty_assignment,ASG-002424,decided_at,,2026-09-24,② 타기관
duty_assignment,ASG-002425,applicability,해당,확인필요,③ 관리주체 확인필요
duty_assignment,ASG-002425,applicability_note,,관리주체 확인 필요(FMS 관리주체 정보 없음·추정) — 용인시 관리면 「해당」으로,③ 관리주체 확인필요
duty_assignment,ASG-002427,applicability,해당,확인필요,③ 관리주체 확인필요
duty_assignment,ASG-002427,applicability_note,,관리주체 확인 필요(FMS 관리주체 정보 없음·추정) — 용인시 관리면 「해당」으로,③ 관리주체 확인필요
duty_assignment,ASG-002428,applicability,해당,확인필요,③ 관리주체 확인필요
duty_assignment,ASG-002428,applicability_note,,관리주체 확인 필요(FMS 관리주체 정보 없음·추정) — 용인시 관리면 「해당」으로,③ 관리주체 확인필요
duty_assignment,ASG-002429,applicability,해당,확인필요,③ 관리주체 확인필요
duty_assignment,ASG-002429,applicability_note,,관리주체 확인 필요(FMS 관리주체 정보 없음·추정) — 용인시 관리면 「해당」으로,③ 관리주체 확인필요
duty_assignment,ASG-002432,applicability,해당,확인필요,③ 관리주체 확인필요
duty_assignment,ASG-002432,applicability_note,,관리주체 확인 필요(FMS 관리주체 정보 없음·추정) — 용인시 관리면 「해당」으로,③ 관리주체 확인필요
duty_assignment,ASG-002433,applicability,해당,비해당,② 타기관
duty_assignment,ASG-002433,applicability_note,,관리주체 타기관(수원국토관리사무소) — 용인시 관리 시설 아님(FMS 관리주체 · 09-24),② 타기관
duty_assignment,ASG-002433,decided_by,,G01,② 타기관
duty_assignment,ASG-002433,decided_at,,2026-09-24,② 타기관
duty_assignment,ASG-002434,applicability,해당,확인필요,③ 관리주체 확인필요
duty_assignment,ASG-002434,applicability_note,,관리주체 확인 필요(FMS 관리주체 정보 없음·추정) — 용인시 관리면 「해당」으로,③ 관리주체 확인필요
duty_assignment,ASG-002436,applicability,해당,확인필요,③ 관리주체 확인필요
duty_assignment,ASG-002436,applicability_note,,관리주체 확인 필요(FMS 관리주체 정보 없음·추정) — 용인시 관리면 「해당」으로,③ 관리주체 확인필요
duty_assignment,ASG-002437,applicability,해당,비해당,② 타기관
duty_assignment,ASG-002437,applicability_note,,관리주체 타기관(수원국토관리사무소) — 용인시 관리 시설 아님(FMS 관리주체 · 09-24),② 타기관
duty_assignment,ASG-002437,decided_by,,G01,② 타기관
duty_assignment,ASG-002437,decided_at,,2026-09-24,② 타기관
duty_assignment,ASG-002438,applicability,해당,확인필요,③ 관리주체 확인필요
duty_assignment,ASG-002438,applicability_note,,관리주체 확인 필요(FMS 관리주체 정보 없음·추정) — 용인시 관리면 「해당」으로,③ 관리주체 확인필요
duty_assignment,ASG-002440,applicability,해당,확인필요,③ 관리주체 확인필요
duty_assignment,ASG-002440,applicability_note,,관리주체 확인 필요(FMS 관리주체 정보 없음·추정) — 용인시 관리면 「해당」으로,③ 관리주체 확인필요
duty_assignment,ASG-002441,applicability,해당,비해당,② 타기관
duty_assignment,ASG-002441,applicability_note,,관리주체 타기관(수원국토관리사무소) — 용인시 관리 시설 아님(FMS 관리주체 · 09-24),② 타기관
duty_assignment,ASG-002441,decided_by,,G01,② 타기관
duty_assignment,ASG-002441,decided_at,,2026-09-24,② 타기관
duty_assignment,ASG-002442,applicability,해당,확인필요,③ 관리주체 확인필요
duty_assignment,ASG-002442,applicability_note,,관리주체 확인 필요(FMS 관리주체 정보 없음·추정) — 용인시 관리면 「해당」으로,③ 관리주체 확인필요
duty_assignment,ASG-002444,applicability,해당,확인필요,③ 관리주체 확인필요
duty_assignment,ASG-002444,applicability_note,,관리주체 확인 필요(FMS 관리주체 정보 없음·추정) — 용인시 관리면 「해당」으로,③ 관리주체 확인필요
duty_assignment,ASG-002445,applicability,해당,비해당,② 타기관
duty_assignment,ASG-002445,applicability_note,,관리주체 타기관(수원국토관리사무소) — 용인시 관리 시설 아님(FMS 관리주체 · 09-24),② 타기관
duty_assignment,ASG-002445,decided_by,,G01,② 타기관
duty_assignment,ASG-002445,decided_at,,2026-09-24,② 타기관
duty_assignment,ASG-002446,applicability,해당,확인필요,③ 관리주체 확인필요
duty_assignment,ASG-002446,applicability_note,,관리주체 확인 필요(FMS 관리주체 정보 없음·추정) — 용인시 관리면 「해당」으로,③ 관리주체 확인필요
duty_assignment,ASG-002448,applicability,해당,확인필요,③ 관리주체 확인필요
duty_assignment,ASG-002448,applicability_note,,관리주체 확인 필요(FMS 관리주체 정보 없음·추정) — 용인시 관리면 「해당」으로,③ 관리주체 확인필요
duty_assignment,ASG-002449,applicability,해당,비해당,② 타기관
duty_assignment,ASG-002449,applicability_note,,관리주체 타기관(수원국토관리사무소) — 용인시 관리 시설 아님(FMS 관리주체 · 09-24),② 타기관
duty_assignment,ASG-002449,decided_by,,G01,② 타기관
duty_assignment,ASG-002449,decided_at,,2026-09-24,② 타기관
duty_assignment,ASG-002450,applicability,해당,확인필요,③ 관리주체 확인필요
duty_assignment,ASG-002450,applicability_note,,관리주체 확인 필요(FMS 관리주체 정보 없음·추정) — 용인시 관리면 「해당」으로,③ 관리주체 확인필요
duty_assignment,ASG-002452,applicability,해당,확인필요,③ 관리주체 확인필요
duty_assignment,ASG-002452,applicability_note,,관리주체 확인 필요(FMS 관리주체 정보 없음·추정) — 용인시 관리면 「해당」으로,③ 관리주체 확인필요
duty_assignment,ASG-002453,applicability,해당,비해당,② 타기관
duty_assignment,ASG-002453,applicability_note,,관리주체 타기관(수원국토관리사무소) — 용인시 관리 시설 아님(FMS 관리주체 · 09-24),② 타기관
duty_assignment,ASG-002453,decided_by,,G01,② 타기관
duty_assignment,ASG-002453,decided_at,,2026-09-24,② 타기관
duty_assignment,ASG-002454,applicability,해당,확인필요,③ 관리주체 확인필요
duty_assignment,ASG-002454,applicability_note,,관리주체 확인 필요(FMS 관리주체 정보 없음·추정) — 용인시 관리면 「해당」으로,③ 관리주체 확인필요
duty_assignment,ASG-002456,applicability,해당,확인필요,③ 관리주체 확인필요
duty_assignment,ASG-002456,applicability_note,,관리주체 확인 필요(FMS 관리주체 정보 없음·추정) — 용인시 관리면 「해당」으로,③ 관리주체 확인필요
duty_assignment,ASG-002457,applicability,해당,비해당,② 타기관
duty_assignment,ASG-002457,applicability_note,,관리주체 타기관(수원국토관리사무소) — 용인시 관리 시설 아님(FMS 관리주체 · 09-24),② 타기관
duty_assignment,ASG-002457,decided_by,,G01,② 타기관
duty_assignment,ASG-002457,decided_at,,2026-09-24,② 타기관
duty_assignment,ASG-002458,applicability,해당,확인필요,③ 관리주체 확인필요
duty_assignment,ASG-002458,applicability_note,,관리주체 확인 필요(FMS 관리주체 정보 없음·추정) — 용인시 관리면 「해당」으로,③ 관리주체 확인필요
duty_assignment,ASG-002460,applicability,해당,확인필요,③ 관리주체 확인필요
duty_assignment,ASG-002460,applicability_note,,관리주체 확인 필요(FMS 관리주체 정보 없음·추정) — 용인시 관리면 「해당」으로,③ 관리주체 확인필요
duty_assignment,ASG-002461,applicability,해당,비해당,② 타기관
duty_assignment,ASG-002461,applicability_note,,관리주체 타기관(수원국토관리사무소) — 용인시 관리 시설 아님(FMS 관리주체 · 09-24),② 타기관
duty_assignment,ASG-002461,decided_by,,G01,② 타기관
duty_assignment,ASG-002461,decided_at,,2026-09-24,② 타기관
duty_assignment,ASG-002462,applicability,해당,확인필요,③ 관리주체 확인필요
duty_assignment,ASG-002462,applicability_note,,관리주체 확인 필요(FMS 관리주체 정보 없음·추정) — 용인시 관리면 「해당」으로,③ 관리주체 확인필요
duty_assignment,ASG-002464,applicability,해당,확인필요,③ 관리주체 확인필요
duty_assignment,ASG-002464,applicability_note,,관리주체 확인 필요(FMS 관리주체 정보 없음·추정) — 용인시 관리면 「해당」으로,③ 관리주체 확인필요
duty_assignment,ASG-002465,applicability,해당,비해당,② 타기관
duty_assignment,ASG-002465,applicability_note,,관리주체 타기관(수원국토관리사무소) — 용인시 관리 시설 아님(FMS 관리주체 · 09-24),② 타기관
duty_assignment,ASG-002465,decided_by,,G01,② 타기관
duty_assignment,ASG-002465,decided_at,,2026-09-24,② 타기관
duty_assignment,ASG-002466,applicability,해당,확인필요,③ 관리주체 확인필요
duty_assignment,ASG-002466,applicability_note,,관리주체 확인 필요(FMS 관리주체 정보 없음·추정) — 용인시 관리면 「해당」으로,③ 관리주체 확인필요
duty_assignment,ASG-002468,applicability,해당,확인필요,③ 관리주체 확인필요
duty_assignment,ASG-002468,applicability_note,,관리주체 확인 필요(FMS 관리주체 정보 없음·추정) — 용인시 관리면 「해당」으로,③ 관리주체 확인필요
duty_assignment,ASG-002469,applicability,해당,비해당,② 타기관
duty_assignment,ASG-002469,applicability_note,,관리주체 타기관(수원국토관리사무소) — 용인시 관리 시설 아님(FMS 관리주체 · 09-24),② 타기관
duty_assignment,ASG-002469,decided_by,,G01,② 타기관
duty_assignment,ASG-002469,decided_at,,2026-09-24,② 타기관
duty_assignment,ASG-002470,applicability,해당,확인필요,③ 관리주체 확인필요
duty_assignment,ASG-002470,applicability_note,,관리주체 확인 필요(FMS 관리주체 정보 없음·추정) — 용인시 관리면 「해당」으로,③ 관리주체 확인필요
duty_assignment,ASG-002472,applicability,해당,확인필요,③ 관리주체 확인필요
duty_assignment,ASG-002472,applicability_note,,관리주체 확인 필요(FMS 관리주체 정보 없음·추정) — 용인시 관리면 「해당」으로,③ 관리주체 확인필요
duty_assignment,ASG-002473,applicability,해당,비해당,② 타기관
duty_assignment,ASG-002473,applicability_note,,관리주체 타기관(수원국토관리사무소) — 용인시 관리 시설 아님(FMS 관리주체 · 09-24),② 타기관
duty_assignment,ASG-002473,decided_by,,G01,② 타기관
duty_assignment,ASG-002473,decided_at,,2026-09-24,② 타기관
duty_assignment,ASG-002474,applicability,해당,확인필요,③ 관리주체 확인필요
duty_assignment,ASG-002474,applicability_note,,관리주체 확인 필요(FMS 관리주체 정보 없음·추정) — 용인시 관리면 「해당」으로,③ 관리주체 확인필요
duty_assignment,ASG-002476,applicability,해당,확인필요,③ 관리주체 확인필요
duty_assignment,ASG-002476,applicability_note,,관리주체 확인 필요(FMS 관리주체 정보 없음·추정) — 용인시 관리면 「해당」으로,③ 관리주체 확인필요
duty_assignment,ASG-002477,applicability,해당,비해당,② 타기관
duty_assignment,ASG-002477,applicability_note,,관리주체 타기관(수원국토관리사무소) — 용인시 관리 시설 아님(FMS 관리주체 · 09-24),② 타기관
duty_assignment,ASG-002477,decided_by,,G01,② 타기관
duty_assignment,ASG-002477,decided_at,,2026-09-24,② 타기관
duty_assignment,ASG-002478,applicability,해당,확인필요,③ 관리주체 확인필요
duty_assignment,ASG-002478,applicability_note,,관리주체 확인 필요(FMS 관리주체 정보 없음·추정) — 용인시 관리면 「해당」으로,③ 관리주체 확인필요
duty_assignment,ASG-002480,applicability,해당,확인필요,③ 관리주체 확인필요
duty_assignment,ASG-002480,applicability_note,,관리주체 확인 필요(FMS 관리주체 정보 없음·추정) — 용인시 관리면 「해당」으로,③ 관리주체 확인필요
duty_assignment,ASG-002481,applicability,해당,비해당,② 타기관
duty_assignment,ASG-002481,applicability_note,,관리주체 타기관(수원국토관리사무소) — 용인시 관리 시설 아님(FMS 관리주체 · 09-24),② 타기관
duty_assignment,ASG-002481,decided_by,,G01,② 타기관
duty_assignment,ASG-002481,decided_at,,2026-09-24,② 타기관
duty_assignment,ASG-002482,applicability,해당,확인필요,③ 관리주체 확인필요
duty_assignment,ASG-002482,applicability_note,,관리주체 확인 필요(FMS 관리주체 정보 없음·추정) — 용인시 관리면 「해당」으로,③ 관리주체 확인필요
duty_assignment,ASG-002484,applicability,해당,확인필요,③ 관리주체 확인필요
duty_assignment,ASG-002484,applicability_note,,관리주체 확인 필요(FMS 관리주체 정보 없음·추정) — 용인시 관리면 「해당」으로,③ 관리주체 확인필요
duty_assignment,ASG-002485,applicability,해당,비해당,② 타기관
duty_assignment,ASG-002485,applicability_note,,관리주체 타기관(수원국토관리사무소) — 용인시 관리 시설 아님(FMS 관리주체 · 09-24),② 타기관
duty_assignment,ASG-002485,decided_by,,G01,② 타기관
duty_assignment,ASG-002485,decided_at,,2026-09-24,② 타기관
duty_assignment,ASG-002486,applicability,해당,확인필요,③ 관리주체 확인필요
duty_assignment,ASG-002486,applicability_note,,관리주체 확인 필요(FMS 관리주체 정보 없음·추정) — 용인시 관리면 「해당」으로,③ 관리주체 확인필요
duty_assignment,ASG-002488,applicability,해당,확인필요,③ 관리주체 확인필요
duty_assignment,ASG-002488,applicability_note,,관리주체 확인 필요(FMS 관리주체 정보 없음·추정) — 용인시 관리면 「해당」으로,③ 관리주체 확인필요
duty_assignment,ASG-002489,applicability,해당,비해당,② 타기관
duty_assignment,ASG-002489,applicability_note,,관리주체 타기관(수원국토관리사무소) — 용인시 관리 시설 아님(FMS 관리주체 · 09-24),② 타기관
duty_assignment,ASG-002489,decided_by,,G01,② 타기관
duty_assignment,ASG-002489,decided_at,,2026-09-24,② 타기관
duty_assignment,ASG-002490,applicability,해당,확인필요,③ 관리주체 확인필요
duty_assignment,ASG-002490,applicability_note,,관리주체 확인 필요(FMS 관리주체 정보 없음·추정) — 용인시 관리면 「해당」으로,③ 관리주체 확인필요
duty_assignment,ASG-002492,applicability,해당,확인필요,③ 관리주체 확인필요
duty_assignment,ASG-002492,applicability_note,,관리주체 확인 필요(FMS 관리주체 정보 없음·추정) — 용인시 관리면 「해당」으로,③ 관리주체 확인필요
duty_assignment,ASG-002493,applicability,해당,비해당,② 타기관
duty_assignment,ASG-002493,applicability_note,,관리주체 타기관(수원국토관리사무소) — 용인시 관리 시설 아님(FMS 관리주체 · 09-24),② 타기관
duty_assignment,ASG-002493,decided_by,,G01,② 타기관
duty_assignment,ASG-002493,decided_at,,2026-09-24,② 타기관
duty_assignment,ASG-002494,applicability,해당,확인필요,③ 관리주체 확인필요
duty_assignment,ASG-002494,applicability_note,,관리주체 확인 필요(FMS 관리주체 정보 없음·추정) — 용인시 관리면 「해당」으로,③ 관리주체 확인필요
duty_assignment,ASG-002496,applicability,해당,확인필요,③ 관리주체 확인필요
duty_assignment,ASG-002496,applicability_note,,관리주체 확인 필요(FMS 관리주체 정보 없음·추정) — 용인시 관리면 「해당」으로,③ 관리주체 확인필요
duty_assignment,ASG-002497,applicability,해당,비해당,② 타기관
duty_assignment,ASG-002497,applicability_note,,관리주체 타기관(수원국토관리사무소) — 용인시 관리 시설 아님(FMS 관리주체 · 09-24),② 타기관
duty_assignment,ASG-002497,decided_by,,G01,② 타기관
duty_assignment,ASG-002497,decided_at,,2026-09-24,② 타기관
duty_assignment,ASG-002498,applicability,해당,확인필요,③ 관리주체 확인필요
duty_assignment,ASG-002498,applicability_note,,관리주체 확인 필요(FMS 관리주체 정보 없음·추정) — 용인시 관리면 「해당」으로,③ 관리주체 확인필요
duty_assignment,ASG-002500,applicability,해당,확인필요,③ 관리주체 확인필요
duty_assignment,ASG-002500,applicability_note,,관리주체 확인 필요(FMS 관리주체 정보 없음·추정) — 용인시 관리면 「해당」으로,③ 관리주체 확인필요
duty_assignment,ASG-002501,applicability,해당,비해당,② 타기관
duty_assignment,ASG-002501,applicability_note,,관리주체 타기관(수원국토관리사무소) — 용인시 관리 시설 아님(FMS 관리주체 · 09-24),② 타기관
duty_assignment,ASG-002501,decided_by,,G01,② 타기관
duty_assignment,ASG-002501,decided_at,,2026-09-24,② 타기관
duty_assignment,ASG-002502,applicability,해당,확인필요,③ 관리주체 확인필요
duty_assignment,ASG-002502,applicability_note,,관리주체 확인 필요(FMS 관리주체 정보 없음·추정) — 용인시 관리면 「해당」으로,③ 관리주체 확인필요
duty_assignment,ASG-002504,applicability,해당,확인필요,③ 관리주체 확인필요
duty_assignment,ASG-002504,applicability_note,,관리주체 확인 필요(FMS 관리주체 정보 없음·추정) — 용인시 관리면 「해당」으로,③ 관리주체 확인필요
duty_assignment,ASG-002505,applicability,해당,비해당,② 타기관
duty_assignment,ASG-002505,applicability_note,,관리주체 타기관(수원국토관리사무소) — 용인시 관리 시설 아님(FMS 관리주체 · 09-24),② 타기관
duty_assignment,ASG-002505,decided_by,,G01,② 타기관
duty_assignment,ASG-002505,decided_at,,2026-09-24,② 타기관
duty_assignment,ASG-002506,applicability,해당,확인필요,③ 관리주체 확인필요
duty_assignment,ASG-002506,applicability_note,,관리주체 확인 필요(FMS 관리주체 정보 없음·추정) — 용인시 관리면 「해당」으로,③ 관리주체 확인필요
duty_assignment,ASG-002528,applicability,해당,확인필요,③ 관리주체 확인필요
duty_assignment,ASG-002528,applicability_note,,관리주체 확인 필요(FMS 관리주체 정보 없음·추정) — 용인시 관리면 「해당」으로,③ 관리주체 확인필요
duty_assignment,ASG-002529,applicability,해당,확인필요,③ 관리주체 확인필요
duty_assignment,ASG-002529,applicability_note,,관리주체 확인 필요(FMS 관리주체 정보 없음·추정) — 용인시 관리면 「해당」으로,③ 관리주체 확인필요
duty_assignment,ASG-002530,applicability,해당,확인필요,③ 관리주체 확인필요
duty_assignment,ASG-002530,applicability_note,,관리주체 확인 필요(FMS 관리주체 정보 없음·추정) — 용인시 관리면 「해당」으로,③ 관리주체 확인필요
duty_assignment,ASG-002534,applicability,해당,확인필요,③ 관리주체 확인필요
duty_assignment,ASG-002534,applicability_note,,관리주체 확인 필요(FMS 관리주체 정보 없음·추정) — 용인시 관리면 「해당」으로,③ 관리주체 확인필요
duty_assignment,ASG-002535,applicability,해당,비해당,② 타기관
duty_assignment,ASG-002535,applicability_note,,관리주체 타기관(수원국토관리사무소) — 용인시 관리 시설 아님(FMS 관리주체 · 09-24),② 타기관
duty_assignment,ASG-002535,decided_by,,G01,② 타기관
duty_assignment,ASG-002535,decided_at,,2026-09-24,② 타기관
duty_assignment,ASG-002536,applicability,해당,확인필요,③ 관리주체 확인필요
duty_assignment,ASG-002536,applicability_note,,관리주체 확인 필요(FMS 관리주체 정보 없음·추정) — 용인시 관리면 「해당」으로,③ 관리주체 확인필요
duty_assignment,ASG-002538,applicability,해당,확인필요,③ 관리주체 확인필요
duty_assignment,ASG-002538,applicability_note,,관리주체 확인 필요(FMS 관리주체 정보 없음·추정) — 용인시 관리면 「해당」으로,③ 관리주체 확인필요
duty_assignment,ASG-002539,applicability,해당,비해당,② 타기관
duty_assignment,ASG-002539,applicability_note,,관리주체 타기관(수원국토관리사무소) — 용인시 관리 시설 아님(FMS 관리주체 · 09-24),② 타기관
duty_assignment,ASG-002539,decided_by,,G01,② 타기관
duty_assignment,ASG-002539,decided_at,,2026-09-24,② 타기관
duty_assignment,ASG-002540,applicability,해당,확인필요,③ 관리주체 확인필요
duty_assignment,ASG-002540,applicability_note,,관리주체 확인 필요(FMS 관리주체 정보 없음·추정) — 용인시 관리면 「해당」으로,③ 관리주체 확인필요
duty_assignment,ASG-002542,applicability,해당,확인필요,③ 관리주체 확인필요
duty_assignment,ASG-002542,applicability_note,,관리주체 확인 필요(FMS 관리주체 정보 없음·추정) — 용인시 관리면 「해당」으로,③ 관리주체 확인필요
duty_assignment,ASG-002543,applicability,해당,비해당,② 타기관
duty_assignment,ASG-002543,applicability_note,,관리주체 타기관(수원국토관리사무소) — 용인시 관리 시설 아님(FMS 관리주체 · 09-24),② 타기관
duty_assignment,ASG-002543,decided_by,,G01,② 타기관
duty_assignment,ASG-002543,decided_at,,2026-09-24,② 타기관
duty_assignment,ASG-002544,applicability,해당,확인필요,③ 관리주체 확인필요
duty_assignment,ASG-002544,applicability_note,,관리주체 확인 필요(FMS 관리주체 정보 없음·추정) — 용인시 관리면 「해당」으로,③ 관리주체 확인필요
duty_assignment,ASG-002546,applicability,해당,확인필요,③ 관리주체 확인필요
duty_assignment,ASG-002546,applicability_note,,관리주체 확인 필요(FMS 관리주체 정보 없음·추정) — 용인시 관리면 「해당」으로,③ 관리주체 확인필요
duty_assignment,ASG-002547,applicability,해당,비해당,② 타기관
duty_assignment,ASG-002547,applicability_note,,관리주체 타기관(수원국토관리사무소) — 용인시 관리 시설 아님(FMS 관리주체 · 09-24),② 타기관
duty_assignment,ASG-002547,decided_by,,G01,② 타기관
duty_assignment,ASG-002547,decided_at,,2026-09-24,② 타기관
duty_assignment,ASG-002548,applicability,해당,확인필요,③ 관리주체 확인필요
duty_assignment,ASG-002548,applicability_note,,관리주체 확인 필요(FMS 관리주체 정보 없음·추정) — 용인시 관리면 「해당」으로,③ 관리주체 확인필요
duty_assignment,ASG-002550,applicability,해당,확인필요,③ 관리주체 확인필요
duty_assignment,ASG-002550,applicability_note,,관리주체 확인 필요(FMS 관리주체 정보 없음·추정) — 용인시 관리면 「해당」으로,③ 관리주체 확인필요
duty_assignment,ASG-002551,applicability,해당,비해당,② 타기관
duty_assignment,ASG-002551,applicability_note,,관리주체 타기관(수원국토관리사무소) — 용인시 관리 시설 아님(FMS 관리주체 · 09-24),② 타기관
duty_assignment,ASG-002551,decided_by,,G01,② 타기관
duty_assignment,ASG-002551,decided_at,,2026-09-24,② 타기관
duty_assignment,ASG-002552,applicability,해당,확인필요,③ 관리주체 확인필요
duty_assignment,ASG-002552,applicability_note,,관리주체 확인 필요(FMS 관리주체 정보 없음·추정) — 용인시 관리면 「해당」으로,③ 관리주체 확인필요
duty_assignment,ASG-002554,applicability,해당,확인필요,③ 관리주체 확인필요
duty_assignment,ASG-002554,applicability_note,,관리주체 확인 필요(FMS 관리주체 정보 없음·추정) — 용인시 관리면 「해당」으로,③ 관리주체 확인필요
duty_assignment,ASG-002555,applicability,해당,비해당,② 타기관
duty_assignment,ASG-002555,applicability_note,,관리주체 타기관(수원국토관리사무소) — 용인시 관리 시설 아님(FMS 관리주체 · 09-24),② 타기관
duty_assignment,ASG-002555,decided_by,,G01,② 타기관
duty_assignment,ASG-002555,decided_at,,2026-09-24,② 타기관
duty_assignment,ASG-002556,applicability,해당,확인필요,③ 관리주체 확인필요
duty_assignment,ASG-002556,applicability_note,,관리주체 확인 필요(FMS 관리주체 정보 없음·추정) — 용인시 관리면 「해당」으로,③ 관리주체 확인필요
duty_assignment,ASG-002558,applicability,해당,확인필요,③ 관리주체 확인필요
duty_assignment,ASG-002558,applicability_note,,관리주체 확인 필요(FMS 관리주체 정보 없음·추정) — 용인시 관리면 「해당」으로,③ 관리주체 확인필요
duty_assignment,ASG-002559,applicability,해당,비해당,② 타기관
duty_assignment,ASG-002559,applicability_note,,관리주체 타기관(수원국토관리사무소) — 용인시 관리 시설 아님(FMS 관리주체 · 09-24),② 타기관
duty_assignment,ASG-002559,decided_by,,G01,② 타기관
duty_assignment,ASG-002559,decided_at,,2026-09-24,② 타기관
duty_assignment,ASG-002560,applicability,해당,확인필요,③ 관리주체 확인필요
duty_assignment,ASG-002560,applicability_note,,관리주체 확인 필요(FMS 관리주체 정보 없음·추정) — 용인시 관리면 「해당」으로,③ 관리주체 확인필요
duty_assignment,ASG-002562,applicability,해당,확인필요,③ 관리주체 확인필요
duty_assignment,ASG-002562,applicability_note,,관리주체 확인 필요(FMS 관리주체 정보 없음·추정) — 용인시 관리면 「해당」으로,③ 관리주체 확인필요
duty_assignment,ASG-002563,applicability,해당,비해당,② 타기관
duty_assignment,ASG-002563,applicability_note,,관리주체 타기관(수원국토관리사무소) — 용인시 관리 시설 아님(FMS 관리주체 · 09-24),② 타기관
duty_assignment,ASG-002563,decided_by,,G01,② 타기관
duty_assignment,ASG-002563,decided_at,,2026-09-24,② 타기관
duty_assignment,ASG-002564,applicability,해당,확인필요,③ 관리주체 확인필요
duty_assignment,ASG-002564,applicability_note,,관리주체 확인 필요(FMS 관리주체 정보 없음·추정) — 용인시 관리면 「해당」으로,③ 관리주체 확인필요
duty_assignment,ASG-002566,applicability,해당,확인필요,③ 관리주체 확인필요
duty_assignment,ASG-002566,applicability_note,,관리주체 확인 필요(FMS 관리주체 정보 없음·추정) — 용인시 관리면 「해당」으로,③ 관리주체 확인필요
duty_assignment,ASG-002567,applicability,해당,비해당,② 타기관
duty_assignment,ASG-002567,applicability_note,,관리주체 타기관(수원국토관리사무소) — 용인시 관리 시설 아님(FMS 관리주체 · 09-24),② 타기관
duty_assignment,ASG-002567,decided_by,,G01,② 타기관
duty_assignment,ASG-002567,decided_at,,2026-09-24,② 타기관
duty_assignment,ASG-002568,applicability,해당,확인필요,③ 관리주체 확인필요
duty_assignment,ASG-002568,applicability_note,,관리주체 확인 필요(FMS 관리주체 정보 없음·추정) — 용인시 관리면 「해당」으로,③ 관리주체 확인필요
duty_assignment,ASG-002570,applicability,해당,확인필요,③ 관리주체 확인필요
duty_assignment,ASG-002570,applicability_note,,관리주체 확인 필요(FMS 관리주체 정보 없음·추정) — 용인시 관리면 「해당」으로,③ 관리주체 확인필요
duty_assignment,ASG-002571,applicability,해당,비해당,② 타기관
duty_assignment,ASG-002571,applicability_note,,관리주체 타기관(수원국토관리사무소) — 용인시 관리 시설 아님(FMS 관리주체 · 09-24),② 타기관
duty_assignment,ASG-002571,decided_by,,G01,② 타기관
duty_assignment,ASG-002571,decided_at,,2026-09-24,② 타기관
duty_assignment,ASG-002572,applicability,해당,확인필요,③ 관리주체 확인필요
duty_assignment,ASG-002572,applicability_note,,관리주체 확인 필요(FMS 관리주체 정보 없음·추정) — 용인시 관리면 「해당」으로,③ 관리주체 확인필요
duty_assignment,ASG-002575,applicability,해당,확인필요,③ 관리주체 확인필요
duty_assignment,ASG-002575,applicability_note,,관리주체 확인 필요(FMS 관리주체 정보 없음·추정) — 용인시 관리면 「해당」으로,③ 관리주체 확인필요
duty_assignment,ASG-002576,applicability,해당,비해당,② 타기관
duty_assignment,ASG-002576,applicability_note,,관리주체 타기관(수원국토관리사무소) — 용인시 관리 시설 아님(FMS 관리주체 · 09-24),② 타기관
duty_assignment,ASG-002576,decided_by,,G01,② 타기관
duty_assignment,ASG-002576,decided_at,,2026-09-24,② 타기관
duty_assignment,ASG-002577,applicability,해당,확인필요,③ 관리주체 확인필요
duty_assignment,ASG-002577,applicability_note,,관리주체 확인 필요(FMS 관리주체 정보 없음·추정) — 용인시 관리면 「해당」으로,③ 관리주체 확인필요
duty_assignment,ASG-002579,applicability,해당,확인필요,③ 관리주체 확인필요
duty_assignment,ASG-002579,applicability_note,,관리주체 확인 필요(FMS 관리주체 정보 없음·추정) — 용인시 관리면 「해당」으로,③ 관리주체 확인필요
duty_assignment,ASG-002580,applicability,해당,비해당,② 타기관
duty_assignment,ASG-002580,applicability_note,,관리주체 타기관(수원국토관리사무소) — 용인시 관리 시설 아님(FMS 관리주체 · 09-24),② 타기관
duty_assignment,ASG-002580,decided_by,,G01,② 타기관
duty_assignment,ASG-002580,decided_at,,2026-09-24,② 타기관
duty_assignment,ASG-002581,applicability,해당,확인필요,③ 관리주체 확인필요
duty_assignment,ASG-002581,applicability_note,,관리주체 확인 필요(FMS 관리주체 정보 없음·추정) — 용인시 관리면 「해당」으로,③ 관리주체 확인필요
duty_assignment,ASG-002583,applicability,해당,확인필요,③ 관리주체 확인필요
duty_assignment,ASG-002583,applicability_note,,관리주체 확인 필요(FMS 관리주체 정보 없음·추정) — 용인시 관리면 「해당」으로,③ 관리주체 확인필요
duty_assignment,ASG-002584,applicability,해당,비해당,② 타기관
duty_assignment,ASG-002584,applicability_note,,관리주체 타기관(수원국토관리사무소) — 용인시 관리 시설 아님(FMS 관리주체 · 09-24),② 타기관
duty_assignment,ASG-002584,decided_by,,G01,② 타기관
duty_assignment,ASG-002584,decided_at,,2026-09-24,② 타기관
duty_assignment,ASG-002585,applicability,해당,확인필요,③ 관리주체 확인필요
duty_assignment,ASG-002585,applicability_note,,관리주체 확인 필요(FMS 관리주체 정보 없음·추정) — 용인시 관리면 「해당」으로,③ 관리주체 확인필요
duty_assignment,ASG-002587,applicability,해당,확인필요,③ 관리주체 확인필요
duty_assignment,ASG-002587,applicability_note,,관리주체 확인 필요(FMS 관리주체 정보 없음·추정) — 용인시 관리면 「해당」으로,③ 관리주체 확인필요
duty_assignment,ASG-002588,applicability,해당,비해당,② 타기관
duty_assignment,ASG-002588,applicability_note,,관리주체 타기관(수원국토관리사무소) — 용인시 관리 시설 아님(FMS 관리주체 · 09-24),② 타기관
duty_assignment,ASG-002588,decided_by,,G01,② 타기관
duty_assignment,ASG-002588,decided_at,,2026-09-24,② 타기관
duty_assignment,ASG-002589,applicability,해당,확인필요,③ 관리주체 확인필요
duty_assignment,ASG-002589,applicability_note,,관리주체 확인 필요(FMS 관리주체 정보 없음·추정) — 용인시 관리면 「해당」으로,③ 관리주체 확인필요
duty_assignment,ASG-002591,applicability,해당,확인필요,③ 관리주체 확인필요
duty_assignment,ASG-002591,applicability_note,,관리주체 확인 필요(FMS 관리주체 정보 없음·추정) — 용인시 관리면 「해당」으로,③ 관리주체 확인필요
duty_assignment,ASG-002592,applicability,해당,비해당,② 타기관
duty_assignment,ASG-002592,applicability_note,,관리주체 타기관(수원국토관리사무소) — 용인시 관리 시설 아님(FMS 관리주체 · 09-24),② 타기관
duty_assignment,ASG-002592,decided_by,,G01,② 타기관
duty_assignment,ASG-002592,decided_at,,2026-09-24,② 타기관
duty_assignment,ASG-002593,applicability,해당,확인필요,③ 관리주체 확인필요
duty_assignment,ASG-002593,applicability_note,,관리주체 확인 필요(FMS 관리주체 정보 없음·추정) — 용인시 관리면 「해당」으로,③ 관리주체 확인필요
duty_assignment,ASG-002595,applicability,해당,확인필요,③ 관리주체 확인필요
duty_assignment,ASG-002595,applicability_note,,관리주체 확인 필요(FMS 관리주체 정보 없음·추정) — 용인시 관리면 「해당」으로,③ 관리주체 확인필요
duty_assignment,ASG-002596,applicability,해당,비해당,② 타기관
duty_assignment,ASG-002596,applicability_note,,관리주체 타기관(수원국토관리사무소) — 용인시 관리 시설 아님(FMS 관리주체 · 09-24),② 타기관
duty_assignment,ASG-002596,decided_by,,G01,② 타기관
duty_assignment,ASG-002596,decided_at,,2026-09-24,② 타기관
duty_assignment,ASG-002597,applicability,해당,확인필요,③ 관리주체 확인필요
duty_assignment,ASG-002597,applicability_note,,관리주체 확인 필요(FMS 관리주체 정보 없음·추정) — 용인시 관리면 「해당」으로,③ 관리주체 확인필요
duty_assignment,ASG-002599,applicability,해당,확인필요,③ 관리주체 확인필요
duty_assignment,ASG-002599,applicability_note,,관리주체 확인 필요(FMS 관리주체 정보 없음·추정) — 용인시 관리면 「해당」으로,③ 관리주체 확인필요
duty_assignment,ASG-002600,applicability,해당,비해당,② 타기관
duty_assignment,ASG-002600,applicability_note,,관리주체 타기관(수원국토관리사무소) — 용인시 관리 시설 아님(FMS 관리주체 · 09-24),② 타기관
duty_assignment,ASG-002600,decided_by,,G01,② 타기관
duty_assignment,ASG-002600,decided_at,,2026-09-24,② 타기관
duty_assignment,ASG-002601,applicability,해당,확인필요,③ 관리주체 확인필요
duty_assignment,ASG-002601,applicability_note,,관리주체 확인 필요(FMS 관리주체 정보 없음·추정) — 용인시 관리면 「해당」으로,③ 관리주체 확인필요
duty_assignment,ASG-002603,applicability,해당,확인필요,③ 관리주체 확인필요
duty_assignment,ASG-002603,applicability_note,,관리주체 확인 필요(FMS 관리주체 정보 없음·추정) — 용인시 관리면 「해당」으로,③ 관리주체 확인필요
duty_assignment,ASG-002604,applicability,해당,비해당,② 타기관
duty_assignment,ASG-002604,applicability_note,,관리주체 타기관(수원국토관리사무소) — 용인시 관리 시설 아님(FMS 관리주체 · 09-24),② 타기관
duty_assignment,ASG-002604,decided_by,,G01,② 타기관
duty_assignment,ASG-002604,decided_at,,2026-09-24,② 타기관
duty_assignment,ASG-002605,applicability,해당,확인필요,③ 관리주체 확인필요
duty_assignment,ASG-002605,applicability_note,,관리주체 확인 필요(FMS 관리주체 정보 없음·추정) — 용인시 관리면 「해당」으로,③ 관리주체 확인필요
duty_assignment,ASG-002607,applicability,해당,확인필요,③ 관리주체 확인필요
duty_assignment,ASG-002607,applicability_note,,관리주체 확인 필요(FMS 관리주체 정보 없음·추정) — 용인시 관리면 「해당」으로,③ 관리주체 확인필요
duty_assignment,ASG-002608,applicability,해당,비해당,② 타기관
duty_assignment,ASG-002608,applicability_note,,관리주체 타기관(수원국토관리사무소) — 용인시 관리 시설 아님(FMS 관리주체 · 09-24),② 타기관
duty_assignment,ASG-002608,decided_by,,G01,② 타기관
duty_assignment,ASG-002608,decided_at,,2026-09-24,② 타기관
duty_assignment,ASG-002609,applicability,해당,확인필요,③ 관리주체 확인필요
duty_assignment,ASG-002609,applicability_note,,관리주체 확인 필요(FMS 관리주체 정보 없음·추정) — 용인시 관리면 「해당」으로,③ 관리주체 확인필요
duty_assignment,ASG-002611,applicability,해당,확인필요,③ 관리주체 확인필요
duty_assignment,ASG-002611,applicability_note,,관리주체 확인 필요(FMS 관리주체 정보 없음·추정) — 용인시 관리면 「해당」으로,③ 관리주체 확인필요
duty_assignment,ASG-002612,applicability,해당,비해당,② 타기관
duty_assignment,ASG-002612,applicability_note,,관리주체 타기관(수원국토관리사무소) — 용인시 관리 시설 아님(FMS 관리주체 · 09-24),② 타기관
duty_assignment,ASG-002612,decided_by,,G01,② 타기관
duty_assignment,ASG-002612,decided_at,,2026-09-24,② 타기관
duty_assignment,ASG-002613,applicability,해당,확인필요,③ 관리주체 확인필요
duty_assignment,ASG-002613,applicability_note,,관리주체 확인 필요(FMS 관리주체 정보 없음·추정) — 용인시 관리면 「해당」으로,③ 관리주체 확인필요
duty_assignment,ASG-002630,applicability,해당,확인필요,③ 관리주체 확인필요
duty_assignment,ASG-002630,applicability_note,,관리주체 확인 필요(FMS 관리주체 정보 없음·추정) — 용인시 관리면 「해당」으로,③ 관리주체 확인필요
duty_assignment,ASG-002631,applicability,해당,확인필요,③ 관리주체 확인필요
duty_assignment,ASG-002631,applicability_note,,관리주체 확인 필요(FMS 관리주체 정보 없음·추정) — 용인시 관리면 「해당」으로,③ 관리주체 확인필요
duty_assignment,ASG-002632,applicability,해당,확인필요,③ 관리주체 확인필요
duty_assignment,ASG-002632,applicability_note,,관리주체 확인 필요(FMS 관리주체 정보 없음·추정) — 용인시 관리면 「해당」으로,③ 관리주체 확인필요
duty_assignment,ASG-002634,applicability,해당,확인필요,③ 관리주체 확인필요
duty_assignment,ASG-002634,applicability_note,,관리주체 확인 필요(FMS 관리주체 정보 없음·추정) — 용인시 관리면 「해당」으로,③ 관리주체 확인필요
duty_assignment,ASG-002635,applicability,해당,확인필요,③ 관리주체 확인필요
duty_assignment,ASG-002635,applicability_note,,관리주체 확인 필요(FMS 관리주체 정보 없음·추정) — 용인시 관리면 「해당」으로,③ 관리주체 확인필요
duty_assignment,ASG-002636,applicability,해당,확인필요,③ 관리주체 확인필요
duty_assignment,ASG-002636,applicability_note,,관리주체 확인 필요(FMS 관리주체 정보 없음·추정) — 용인시 관리면 「해당」으로,③ 관리주체 확인필요
duty_assignment,ASG-002638,applicability,해당,확인필요,③ 관리주체 확인필요
duty_assignment,ASG-002638,applicability_note,,관리주체 확인 필요(FMS 관리주체 정보 없음·추정) — 용인시 관리면 「해당」으로,③ 관리주체 확인필요
duty_assignment,ASG-002639,applicability,해당,확인필요,③ 관리주체 확인필요
duty_assignment,ASG-002639,applicability_note,,관리주체 확인 필요(FMS 관리주체 정보 없음·추정) — 용인시 관리면 「해당」으로,③ 관리주체 확인필요
duty_assignment,ASG-002640,applicability,해당,확인필요,③ 관리주체 확인필요
duty_assignment,ASG-002640,applicability_note,,관리주체 확인 필요(FMS 관리주체 정보 없음·추정) — 용인시 관리면 「해당」으로,③ 관리주체 확인필요
duty_assignment,ASG-002642,applicability,해당,확인필요,③ 관리주체 확인필요
duty_assignment,ASG-002642,applicability_note,,관리주체 확인 필요(FMS 관리주체 정보 없음·추정) — 용인시 관리면 「해당」으로,③ 관리주체 확인필요
duty_assignment,ASG-002643,applicability,해당,확인필요,③ 관리주체 확인필요
duty_assignment,ASG-002643,applicability_note,,관리주체 확인 필요(FMS 관리주체 정보 없음·추정) — 용인시 관리면 「해당」으로,③ 관리주체 확인필요
duty_assignment,ASG-002644,applicability,해당,확인필요,③ 관리주체 확인필요
duty_assignment,ASG-002644,applicability_note,,관리주체 확인 필요(FMS 관리주체 정보 없음·추정) — 용인시 관리면 「해당」으로,③ 관리주체 확인필요
duty_assignment,ASG-002646,applicability,해당,확인필요,③ 관리주체 확인필요
duty_assignment,ASG-002646,applicability_note,,관리주체 확인 필요(FMS 관리주체 정보 없음·추정) — 용인시 관리면 「해당」으로,③ 관리주체 확인필요
duty_assignment,ASG-002647,applicability,해당,확인필요,③ 관리주체 확인필요
duty_assignment,ASG-002647,applicability_note,,관리주체 확인 필요(FMS 관리주체 정보 없음·추정) — 용인시 관리면 「해당」으로,③ 관리주체 확인필요
duty_assignment,ASG-002648,applicability,해당,확인필요,③ 관리주체 확인필요
duty_assignment,ASG-002648,applicability_note,,관리주체 확인 필요(FMS 관리주체 정보 없음·추정) — 용인시 관리면 「해당」으로,③ 관리주체 확인필요
duty_assignment,ASG-002650,applicability,해당,확인필요,③ 관리주체 확인필요
duty_assignment,ASG-002650,applicability_note,,관리주체 확인 필요(FMS 관리주체 정보 없음·추정) — 용인시 관리면 「해당」으로,③ 관리주체 확인필요
duty_assignment,ASG-002651,applicability,해당,확인필요,③ 관리주체 확인필요
duty_assignment,ASG-002651,applicability_note,,관리주체 확인 필요(FMS 관리주체 정보 없음·추정) — 용인시 관리면 「해당」으로,③ 관리주체 확인필요
duty_assignment,ASG-002652,applicability,해당,확인필요,③ 관리주체 확인필요
duty_assignment,ASG-002652,applicability_note,,관리주체 확인 필요(FMS 관리주체 정보 없음·추정) — 용인시 관리면 「해당」으로,③ 관리주체 확인필요
duty_assignment,ASG-002654,applicability,해당,확인필요,③ 관리주체 확인필요
duty_assignment,ASG-002654,applicability_note,,관리주체 확인 필요(FMS 관리주체 정보 없음·추정) — 용인시 관리면 「해당」으로,③ 관리주체 확인필요
duty_assignment,ASG-002655,applicability,해당,확인필요,③ 관리주체 확인필요
duty_assignment,ASG-002655,applicability_note,,관리주체 확인 필요(FMS 관리주체 정보 없음·추정) — 용인시 관리면 「해당」으로,③ 관리주체 확인필요
duty_assignment,ASG-002656,applicability,해당,확인필요,③ 관리주체 확인필요
duty_assignment,ASG-002656,applicability_note,,관리주체 확인 필요(FMS 관리주체 정보 없음·추정) — 용인시 관리면 「해당」으로,③ 관리주체 확인필요
duty_assignment,ASG-002658,applicability,해당,확인필요,③ 관리주체 확인필요
duty_assignment,ASG-002658,applicability_note,,관리주체 확인 필요(FMS 관리주체 정보 없음·추정) — 용인시 관리면 「해당」으로,③ 관리주체 확인필요
duty_assignment,ASG-002659,applicability,해당,확인필요,③ 관리주체 확인필요
duty_assignment,ASG-002659,applicability_note,,관리주체 확인 필요(FMS 관리주체 정보 없음·추정) — 용인시 관리면 「해당」으로,③ 관리주체 확인필요
duty_assignment,ASG-002660,applicability,해당,확인필요,③ 관리주체 확인필요
duty_assignment,ASG-002660,applicability_note,,관리주체 확인 필요(FMS 관리주체 정보 없음·추정) — 용인시 관리면 「해당」으로,③ 관리주체 확인필요
duty_assignment,ASG-002662,applicability,해당,확인필요,③ 관리주체 확인필요
duty_assignment,ASG-002662,applicability_note,,관리주체 확인 필요(FMS 관리주체 정보 없음·추정) — 용인시 관리면 「해당」으로,③ 관리주체 확인필요
duty_assignment,ASG-002663,applicability,해당,확인필요,③ 관리주체 확인필요
duty_assignment,ASG-002663,applicability_note,,관리주체 확인 필요(FMS 관리주체 정보 없음·추정) — 용인시 관리면 「해당」으로,③ 관리주체 확인필요
duty_assignment,ASG-002664,applicability,해당,확인필요,③ 관리주체 확인필요
duty_assignment,ASG-002664,applicability_note,,관리주체 확인 필요(FMS 관리주체 정보 없음·추정) — 용인시 관리면 「해당」으로,③ 관리주체 확인필요
duty_assignment,ASG-002666,applicability,해당,확인필요,③ 관리주체 확인필요
duty_assignment,ASG-002666,applicability_note,,관리주체 확인 필요(FMS 관리주체 정보 없음·추정) — 용인시 관리면 「해당」으로,③ 관리주체 확인필요
duty_assignment,ASG-002667,applicability,해당,확인필요,③ 관리주체 확인필요
duty_assignment,ASG-002667,applicability_note,,관리주체 확인 필요(FMS 관리주체 정보 없음·추정) — 용인시 관리면 「해당」으로,③ 관리주체 확인필요
duty_assignment,ASG-002668,applicability,해당,확인필요,③ 관리주체 확인필요
duty_assignment,ASG-002668,applicability_note,,관리주체 확인 필요(FMS 관리주체 정보 없음·추정) — 용인시 관리면 「해당」으로,③ 관리주체 확인필요
duty_assignment,ASG-002670,applicability,해당,확인필요,③ 관리주체 확인필요
duty_assignment,ASG-002670,applicability_note,,관리주체 확인 필요(FMS 관리주체 정보 없음·추정) — 용인시 관리면 「해당」으로,③ 관리주체 확인필요
duty_assignment,ASG-002671,applicability,해당,확인필요,③ 관리주체 확인필요
duty_assignment,ASG-002671,applicability_note,,관리주체 확인 필요(FMS 관리주체 정보 없음·추정) — 용인시 관리면 「해당」으로,③ 관리주체 확인필요
duty_assignment,ASG-002672,applicability,해당,확인필요,③ 관리주체 확인필요
duty_assignment,ASG-002672,applicability_note,,관리주체 확인 필요(FMS 관리주체 정보 없음·추정) — 용인시 관리면 「해당」으로,③ 관리주체 확인필요
duty_assignment,ASG-002674,applicability,해당,확인필요,③ 관리주체 확인필요
duty_assignment,ASG-002674,applicability_note,,관리주체 확인 필요(FMS 관리주체 정보 없음·추정) — 용인시 관리면 「해당」으로,③ 관리주체 확인필요
duty_assignment,ASG-002675,applicability,해당,확인필요,③ 관리주체 확인필요
duty_assignment,ASG-002675,applicability_note,,관리주체 확인 필요(FMS 관리주체 정보 없음·추정) — 용인시 관리면 「해당」으로,③ 관리주체 확인필요
duty_assignment,ASG-002676,applicability,해당,확인필요,③ 관리주체 확인필요
duty_assignment,ASG-002676,applicability_note,,관리주체 확인 필요(FMS 관리주체 정보 없음·추정) — 용인시 관리면 「해당」으로,③ 관리주체 확인필요
duty_assignment,ASG-002678,applicability,해당,확인필요,③ 관리주체 확인필요
duty_assignment,ASG-002678,applicability_note,,관리주체 확인 필요(FMS 관리주체 정보 없음·추정) — 용인시 관리면 「해당」으로,③ 관리주체 확인필요
duty_assignment,ASG-002679,applicability,해당,확인필요,③ 관리주체 확인필요
duty_assignment,ASG-002679,applicability_note,,관리주체 확인 필요(FMS 관리주체 정보 없음·추정) — 용인시 관리면 「해당」으로,③ 관리주체 확인필요
duty_assignment,ASG-002680,applicability,해당,확인필요,③ 관리주체 확인필요
duty_assignment,ASG-002680,applicability_note,,관리주체 확인 필요(FMS 관리주체 정보 없음·추정) — 용인시 관리면 「해당」으로,③ 관리주체 확인필요
duty_assignment,ASG-002682,applicability,해당,확인필요,③ 관리주체 확인필요
duty_assignment,ASG-002682,applicability_note,,관리주체 확인 필요(FMS 관리주체 정보 없음·추정) — 용인시 관리면 「해당」으로,③ 관리주체 확인필요
duty_assignment,ASG-002683,applicability,해당,확인필요,③ 관리주체 확인필요
duty_assignment,ASG-002683,applicability_note,,관리주체 확인 필요(FMS 관리주체 정보 없음·추정) — 용인시 관리면 「해당」으로,③ 관리주체 확인필요
duty_assignment,ASG-002684,applicability,해당,확인필요,③ 관리주체 확인필요
duty_assignment,ASG-002684,applicability_note,,관리주체 확인 필요(FMS 관리주체 정보 없음·추정) — 용인시 관리면 「해당」으로,③ 관리주체 확인필요
duty_assignment,ASG-002686,applicability,해당,확인필요,③ 관리주체 확인필요
duty_assignment,ASG-002686,applicability_note,,관리주체 확인 필요(FMS 관리주체 정보 없음·추정) — 용인시 관리면 「해당」으로,③ 관리주체 확인필요
duty_assignment,ASG-002687,applicability,해당,확인필요,③ 관리주체 확인필요
duty_assignment,ASG-002687,applicability_note,,관리주체 확인 필요(FMS 관리주체 정보 없음·추정) — 용인시 관리면 「해당」으로,③ 관리주체 확인필요
duty_assignment,ASG-002688,applicability,해당,확인필요,③ 관리주체 확인필요
duty_assignment,ASG-002688,applicability_note,,관리주체 확인 필요(FMS 관리주체 정보 없음·추정) — 용인시 관리면 「해당」으로,③ 관리주체 확인필요
duty_assignment,ASG-002690,applicability,해당,확인필요,③ 관리주체 확인필요
duty_assignment,ASG-002690,applicability_note,,관리주체 확인 필요(FMS 관리주체 정보 없음·추정) — 용인시 관리면 「해당」으로,③ 관리주체 확인필요
duty_assignment,ASG-002691,applicability,해당,확인필요,③ 관리주체 확인필요
duty_assignment,ASG-002691,applicability_note,,관리주체 확인 필요(FMS 관리주체 정보 없음·추정) — 용인시 관리면 「해당」으로,③ 관리주체 확인필요
duty_assignment,ASG-002692,applicability,해당,확인필요,③ 관리주체 확인필요
duty_assignment,ASG-002692,applicability_note,,관리주체 확인 필요(FMS 관리주체 정보 없음·추정) — 용인시 관리면 「해당」으로,③ 관리주체 확인필요
duty_assignment,ASG-002694,applicability,해당,확인필요,③ 관리주체 확인필요
duty_assignment,ASG-002694,applicability_note,,관리주체 확인 필요(FMS 관리주체 정보 없음·추정) — 용인시 관리면 「해당」으로,③ 관리주체 확인필요
duty_assignment,ASG-002695,applicability,해당,확인필요,③ 관리주체 확인필요
duty_assignment,ASG-002695,applicability_note,,관리주체 확인 필요(FMS 관리주체 정보 없음·추정) — 용인시 관리면 「해당」으로,③ 관리주체 확인필요
duty_assignment,ASG-002696,applicability,해당,확인필요,③ 관리주체 확인필요
duty_assignment,ASG-002696,applicability_note,,관리주체 확인 필요(FMS 관리주체 정보 없음·추정) — 용인시 관리면 「해당」으로,③ 관리주체 확인필요
duty_assignment,ASG-002698,applicability,해당,확인필요,③ 관리주체 확인필요
duty_assignment,ASG-002698,applicability_note,,관리주체 확인 필요(FMS 관리주체 정보 없음·추정) — 용인시 관리면 「해당」으로,③ 관리주체 확인필요
duty_assignment,ASG-002699,applicability,해당,확인필요,③ 관리주체 확인필요
duty_assignment,ASG-002699,applicability_note,,관리주체 확인 필요(FMS 관리주체 정보 없음·추정) — 용인시 관리면 「해당」으로,③ 관리주체 확인필요
duty_assignment,ASG-002700,applicability,해당,확인필요,③ 관리주체 확인필요
duty_assignment,ASG-002700,applicability_note,,관리주체 확인 필요(FMS 관리주체 정보 없음·추정) — 용인시 관리면 「해당」으로,③ 관리주체 확인필요
duty_assignment,ASG-002702,applicability,해당,확인필요,③ 관리주체 확인필요
duty_assignment,ASG-002702,applicability_note,,관리주체 확인 필요(FMS 관리주체 정보 없음·추정) — 용인시 관리면 「해당」으로,③ 관리주체 확인필요
duty_assignment,ASG-002703,applicability,해당,확인필요,③ 관리주체 확인필요
duty_assignment,ASG-002703,applicability_note,,관리주체 확인 필요(FMS 관리주체 정보 없음·추정) — 용인시 관리면 「해당」으로,③ 관리주체 확인필요
duty_assignment,ASG-002704,applicability,해당,확인필요,③ 관리주체 확인필요
duty_assignment,ASG-002704,applicability_note,,관리주체 확인 필요(FMS 관리주체 정보 없음·추정) — 용인시 관리면 「해당」으로,③ 관리주체 확인필요
duty_assignment,ASG-002768,applicability,해당,확인필요,③ 관리주체 확인필요
duty_assignment,ASG-002768,applicability_note,,관리주체 확인 필요(FMS 관리주체 정보 없음·추정) — 용인시 관리면 「해당」으로,③ 관리주체 확인필요
duty_assignment,ASG-002769,applicability,해당,확인필요,③ 관리주체 확인필요
duty_assignment,ASG-002769,applicability_note,,관리주체 확인 필요(FMS 관리주체 정보 없음·추정) — 용인시 관리면 「해당」으로,③ 관리주체 확인필요
duty_assignment,ASG-002770,applicability,해당,확인필요,③ 관리주체 확인필요
duty_assignment,ASG-002770,applicability_note,,관리주체 확인 필요(FMS 관리주체 정보 없음·추정) — 용인시 관리면 「해당」으로,③ 관리주체 확인필요
duty_assignment,ASG-002772,applicability,해당,확인필요,③ 관리주체 확인필요
duty_assignment,ASG-002772,applicability_note,,관리주체 확인 필요(FMS 관리주체 정보 없음·추정) — 용인시 관리면 「해당」으로,③ 관리주체 확인필요
duty_assignment,ASG-002773,applicability,해당,확인필요,③ 관리주체 확인필요
duty_assignment,ASG-002773,applicability_note,,관리주체 확인 필요(FMS 관리주체 정보 없음·추정) — 용인시 관리면 「해당」으로,③ 관리주체 확인필요
duty_assignment,ASG-002774,applicability,해당,확인필요,③ 관리주체 확인필요
duty_assignment,ASG-002774,applicability_note,,관리주체 확인 필요(FMS 관리주체 정보 없음·추정) — 용인시 관리면 「해당」으로,③ 관리주체 확인필요
duty_assignment,ASG-002776,applicability,해당,확인필요,③ 관리주체 확인필요
duty_assignment,ASG-002776,applicability_note,,관리주체 확인 필요(FMS 관리주체 정보 없음·추정) — 용인시 관리면 「해당」으로,③ 관리주체 확인필요
duty_assignment,ASG-002777,applicability,해당,확인필요,③ 관리주체 확인필요
duty_assignment,ASG-002777,applicability_note,,관리주체 확인 필요(FMS 관리주체 정보 없음·추정) — 용인시 관리면 「해당」으로,③ 관리주체 확인필요
duty_assignment,ASG-002778,applicability,해당,확인필요,③ 관리주체 확인필요
duty_assignment,ASG-002778,applicability_note,,관리주체 확인 필요(FMS 관리주체 정보 없음·추정) — 용인시 관리면 「해당」으로,③ 관리주체 확인필요
duty_assignment,ASG-002788,applicability,해당,확인필요,③ 관리주체 확인필요
duty_assignment,ASG-002788,applicability_note,,관리주체 확인 필요(FMS 관리주체 정보 없음·추정) — 용인시 관리면 「해당」으로,③ 관리주체 확인필요
duty_assignment,ASG-002789,applicability,해당,비해당,② 타기관
duty_assignment,ASG-002789,applicability_note,,관리주체 타기관(수원국토관리사무소) — 용인시 관리 시설 아님(FMS 관리주체 · 09-24),② 타기관
duty_assignment,ASG-002789,decided_by,,G01,② 타기관
duty_assignment,ASG-002789,decided_at,,2026-09-24,② 타기관
duty_assignment,ASG-002790,applicability,해당,확인필요,③ 관리주체 확인필요
duty_assignment,ASG-002790,applicability_note,,관리주체 확인 필요(FMS 관리주체 정보 없음·추정) — 용인시 관리면 「해당」으로,③ 관리주체 확인필요
duty_assignment,ASG-002810,applicability,해당,확인필요,③ 관리주체 확인필요
duty_assignment,ASG-002810,applicability_note,,관리주체 확인 필요(FMS 관리주체 정보 없음·추정) — 용인시 관리면 「해당」으로,③ 관리주체 확인필요
duty_assignment,ASG-002811,applicability,해당,확인필요,③ 관리주체 확인필요
duty_assignment,ASG-002811,applicability_note,,관리주체 확인 필요(FMS 관리주체 정보 없음·추정) — 용인시 관리면 「해당」으로,③ 관리주체 확인필요
duty_assignment,ASG-002812,applicability,해당,확인필요,③ 관리주체 확인필요
duty_assignment,ASG-002812,applicability_note,,관리주체 확인 필요(FMS 관리주체 정보 없음·추정) — 용인시 관리면 「해당」으로,③ 관리주체 확인필요
duty_assignment,ASG-002814,applicability,해당,확인필요,③ 관리주체 확인필요
duty_assignment,ASG-002814,applicability_note,,관리주체 확인 필요(FMS 관리주체 정보 없음·추정) — 용인시 관리면 「해당」으로,③ 관리주체 확인필요
duty_assignment,ASG-002815,applicability,해당,확인필요,③ 관리주체 확인필요
duty_assignment,ASG-002815,applicability_note,,관리주체 확인 필요(FMS 관리주체 정보 없음·추정) — 용인시 관리면 「해당」으로,③ 관리주체 확인필요
duty_assignment,ASG-002816,applicability,해당,확인필요,③ 관리주체 확인필요
duty_assignment,ASG-002816,applicability_note,,관리주체 확인 필요(FMS 관리주체 정보 없음·추정) — 용인시 관리면 「해당」으로,③ 관리주체 확인필요
duty_assignment,ASG-002818,applicability,해당,확인필요,③ 관리주체 확인필요
duty_assignment,ASG-002818,applicability_note,,관리주체 확인 필요(FMS 관리주체 정보 없음·추정) — 용인시 관리면 「해당」으로,③ 관리주체 확인필요
duty_assignment,ASG-002819,applicability,해당,확인필요,③ 관리주체 확인필요
duty_assignment,ASG-002819,applicability_note,,관리주체 확인 필요(FMS 관리주체 정보 없음·추정) — 용인시 관리면 「해당」으로,③ 관리주체 확인필요
duty_assignment,ASG-002820,applicability,해당,확인필요,③ 관리주체 확인필요
duty_assignment,ASG-002820,applicability_note,,관리주체 확인 필요(FMS 관리주체 정보 없음·추정) — 용인시 관리면 「해당」으로,③ 관리주체 확인필요
duty_assignment,ASG-002822,applicability,해당,확인필요,③ 관리주체 확인필요
duty_assignment,ASG-002822,applicability_note,,관리주체 확인 필요(FMS 관리주체 정보 없음·추정) — 용인시 관리면 「해당」으로,③ 관리주체 확인필요
duty_assignment,ASG-002823,applicability,해당,확인필요,③ 관리주체 확인필요
duty_assignment,ASG-002823,applicability_note,,관리주체 확인 필요(FMS 관리주체 정보 없음·추정) — 용인시 관리면 「해당」으로,③ 관리주체 확인필요
duty_assignment,ASG-002824,applicability,해당,확인필요,③ 관리주체 확인필요
duty_assignment,ASG-002824,applicability_note,,관리주체 확인 필요(FMS 관리주체 정보 없음·추정) — 용인시 관리면 「해당」으로,③ 관리주체 확인필요
duty_assignment,ASG-002826,applicability,해당,확인필요,③ 관리주체 확인필요
duty_assignment,ASG-002826,applicability_note,,관리주체 확인 필요(FMS 관리주체 정보 없음·추정) — 용인시 관리면 「해당」으로,③ 관리주체 확인필요
duty_assignment,ASG-002827,applicability,해당,확인필요,③ 관리주체 확인필요
duty_assignment,ASG-002827,applicability_note,,관리주체 확인 필요(FMS 관리주체 정보 없음·추정) — 용인시 관리면 「해당」으로,③ 관리주체 확인필요
duty_assignment,ASG-002828,applicability,해당,확인필요,③ 관리주체 확인필요
duty_assignment,ASG-002828,applicability_note,,관리주체 확인 필요(FMS 관리주체 정보 없음·추정) — 용인시 관리면 「해당」으로,③ 관리주체 확인필요
duty_assignment,ASG-002830,applicability,해당,확인필요,③ 관리주체 확인필요
duty_assignment,ASG-002830,applicability_note,,관리주체 확인 필요(FMS 관리주체 정보 없음·추정) — 용인시 관리면 「해당」으로,③ 관리주체 확인필요
duty_assignment,ASG-002831,applicability,해당,확인필요,③ 관리주체 확인필요
duty_assignment,ASG-002831,applicability_note,,관리주체 확인 필요(FMS 관리주체 정보 없음·추정) — 용인시 관리면 「해당」으로,③ 관리주체 확인필요
duty_assignment,ASG-002832,applicability,해당,확인필요,③ 관리주체 확인필요
duty_assignment,ASG-002832,applicability_note,,관리주체 확인 필요(FMS 관리주체 정보 없음·추정) — 용인시 관리면 「해당」으로,③ 관리주체 확인필요
duty_assignment,ASG-002921,applicability,해당,확인필요,③ 관리주체 확인필요
duty_assignment,ASG-002921,applicability_note,,관리주체 확인 필요(FMS 관리주체 정보 없음·추정) — 용인시 관리면 「해당」으로,③ 관리주체 확인필요
duty_assignment,ASG-002922,applicability,해당,확인필요,③ 관리주체 확인필요
duty_assignment,ASG-002922,applicability_note,,관리주체 확인 필요(FMS 관리주체 정보 없음·추정) — 용인시 관리면 「해당」으로,③ 관리주체 확인필요
duty_assignment,ASG-002923,applicability,해당,확인필요,③ 관리주체 확인필요
duty_assignment,ASG-002923,applicability_note,,관리주체 확인 필요(FMS 관리주체 정보 없음·추정) — 용인시 관리면 「해당」으로,③ 관리주체 확인필요
duty_assignment,ASG-002966,applicability,해당,확인필요,③ 관리주체 확인필요
duty_assignment,ASG-002966,applicability_note,,관리주체 확인 필요(FMS 관리주체 정보 없음·추정) — 용인시 관리면 「해당」으로,③ 관리주체 확인필요
duty_assignment,ASG-002967,applicability,해당,확인필요,③ 관리주체 확인필요
duty_assignment,ASG-002967,applicability_note,,관리주체 확인 필요(FMS 관리주체 정보 없음·추정) — 용인시 관리면 「해당」으로,③ 관리주체 확인필요
duty_assignment,ASG-002968,applicability,해당,확인필요,③ 관리주체 확인필요
duty_assignment,ASG-002968,applicability_note,,관리주체 확인 필요(FMS 관리주체 정보 없음·추정) — 용인시 관리면 「해당」으로,③ 관리주체 확인필요
duty_assignment,ASG-002970,applicability,해당,확인필요,③ 관리주체 확인필요
duty_assignment,ASG-002970,applicability_note,,관리주체 확인 필요(FMS 관리주체 정보 없음·추정) — 용인시 관리면 「해당」으로,③ 관리주체 확인필요
duty_assignment,ASG-002971,applicability,해당,확인필요,③ 관리주체 확인필요
duty_assignment,ASG-002971,applicability_note,,관리주체 확인 필요(FMS 관리주체 정보 없음·추정) — 용인시 관리면 「해당」으로,③ 관리주체 확인필요
duty_assignment,ASG-002972,applicability,해당,확인필요,③ 관리주체 확인필요
duty_assignment,ASG-002972,applicability_note,,관리주체 확인 필요(FMS 관리주체 정보 없음·추정) — 용인시 관리면 「해당」으로,③ 관리주체 확인필요
duty_assignment,ASG-002974,applicability,해당,확인필요,③ 관리주체 확인필요
duty_assignment,ASG-002974,applicability_note,,관리주체 확인 필요(FMS 관리주체 정보 없음·추정) — 용인시 관리면 「해당」으로,③ 관리주체 확인필요
duty_assignment,ASG-002975,applicability,해당,확인필요,③ 관리주체 확인필요
duty_assignment,ASG-002975,applicability_note,,관리주체 확인 필요(FMS 관리주체 정보 없음·추정) — 용인시 관리면 「해당」으로,③ 관리주체 확인필요
duty_assignment,ASG-002976,applicability,해당,확인필요,③ 관리주체 확인필요
duty_assignment,ASG-002976,applicability_note,,관리주체 확인 필요(FMS 관리주체 정보 없음·추정) — 용인시 관리면 「해당」으로,③ 관리주체 확인필요
duty_assignment,ASG-002978,applicability,해당,확인필요,③ 관리주체 확인필요
duty_assignment,ASG-002978,applicability_note,,관리주체 확인 필요(FMS 관리주체 정보 없음·추정) — 용인시 관리면 「해당」으로,③ 관리주체 확인필요
duty_assignment,ASG-002979,applicability,해당,확인필요,③ 관리주체 확인필요
duty_assignment,ASG-002979,applicability_note,,관리주체 확인 필요(FMS 관리주체 정보 없음·추정) — 용인시 관리면 「해당」으로,③ 관리주체 확인필요
duty_assignment,ASG-002980,applicability,해당,확인필요,③ 관리주체 확인필요
duty_assignment,ASG-002980,applicability_note,,관리주체 확인 필요(FMS 관리주체 정보 없음·추정) — 용인시 관리면 「해당」으로,③ 관리주체 확인필요
duty_assignment,ASG-003178,applicability,해당,확인필요,③ 관리주체 확인필요
duty_assignment,ASG-003178,applicability_note,,관리주체 확인 필요(FMS 관리주체 정보 없음·추정) — 용인시 관리면 「해당」으로,③ 관리주체 확인필요
duty_assignment,ASG-003179,applicability,해당,비해당,② 타기관
duty_assignment,ASG-003179,applicability_note,,관리주체 타기관(수원국토관리사무소) — 용인시 관리 시설 아님(FMS 관리주체 · 09-24),② 타기관
duty_assignment,ASG-003179,decided_by,,G01,② 타기관
duty_assignment,ASG-003179,decided_at,,2026-09-24,② 타기관
duty_assignment,ASG-003180,applicability,해당,확인필요,③ 관리주체 확인필요
duty_assignment,ASG-003180,applicability_note,,관리주체 확인 필요(FMS 관리주체 정보 없음·추정) — 용인시 관리면 「해당」으로,③ 관리주체 확인필요
duty_assignment,ASG-003182,applicability,해당,확인필요,③ 관리주체 확인필요
duty_assignment,ASG-003182,applicability_note,,관리주체 확인 필요(FMS 관리주체 정보 없음·추정) — 용인시 관리면 「해당」으로,③ 관리주체 확인필요
duty_assignment,ASG-003183,applicability,해당,비해당,② 타기관
duty_assignment,ASG-003183,applicability_note,,관리주체 타기관(수원국토관리사무소) — 용인시 관리 시설 아님(FMS 관리주체 · 09-24),② 타기관
duty_assignment,ASG-003183,decided_by,,G01,② 타기관
duty_assignment,ASG-003183,decided_at,,2026-09-24,② 타기관
duty_assignment,ASG-003184,applicability,해당,확인필요,③ 관리주체 확인필요
duty_assignment,ASG-003184,applicability_note,,관리주체 확인 필요(FMS 관리주체 정보 없음·추정) — 용인시 관리면 「해당」으로,③ 관리주체 확인필요
duty_assignment,ASG-003186,applicability,해당,확인필요,③ 관리주체 확인필요
duty_assignment,ASG-003186,applicability_note,,관리주체 확인 필요(FMS 관리주체 정보 없음·추정) — 용인시 관리면 「해당」으로,③ 관리주체 확인필요
duty_assignment,ASG-003187,applicability,해당,비해당,② 타기관
duty_assignment,ASG-003187,applicability_note,,관리주체 타기관(수원국토관리사무소) — 용인시 관리 시설 아님(FMS 관리주체 · 09-24),② 타기관
duty_assignment,ASG-003187,decided_by,,G01,② 타기관
duty_assignment,ASG-003187,decided_at,,2026-09-24,② 타기관
duty_assignment,ASG-003188,applicability,해당,확인필요,③ 관리주체 확인필요
duty_assignment,ASG-003188,applicability_note,,관리주체 확인 필요(FMS 관리주체 정보 없음·추정) — 용인시 관리면 「해당」으로,③ 관리주체 확인필요
duty_assignment,ASG-003329,applicability,해당,확인필요,③ 관리주체 확인필요
duty_assignment,ASG-003329,applicability_note,,관리주체 확인 필요(FMS 관리주체 정보 없음·추정) — 용인시 관리면 「해당」으로,③ 관리주체 확인필요
duty_assignment,ASG-003330,applicability,해당,확인필요,③ 관리주체 확인필요
duty_assignment,ASG-003330,applicability_note,,관리주체 확인 필요(FMS 관리주체 정보 없음·추정) — 용인시 관리면 「해당」으로,③ 관리주체 확인필요
duty_assignment,ASG-003331,applicability,해당,확인필요,③ 관리주체 확인필요
duty_assignment,ASG-003331,applicability_note,,관리주체 확인 필요(FMS 관리주체 정보 없음·추정) — 용인시 관리면 「해당」으로,③ 관리주체 확인필요
duty_assignment,ASG-003334,applicability,해당,확인필요,③ 관리주체 확인필요
duty_assignment,ASG-003334,applicability_note,,관리주체 확인 필요(FMS 관리주체 정보 없음·추정) — 용인시 관리면 「해당」으로,③ 관리주체 확인필요
duty_assignment,ASG-003335,applicability,해당,확인필요,③ 관리주체 확인필요
duty_assignment,ASG-003335,applicability_note,,관리주체 확인 필요(FMS 관리주체 정보 없음·추정) — 용인시 관리면 「해당」으로,③ 관리주체 확인필요
duty_assignment,ASG-003336,applicability,해당,확인필요,③ 관리주체 확인필요
duty_assignment,ASG-003336,applicability_note,,관리주체 확인 필요(FMS 관리주체 정보 없음·추정) — 용인시 관리면 「해당」으로,③ 관리주체 확인필요
duty_assignment,ASG-003338,applicability,해당,확인필요,③ 관리주체 확인필요
duty_assignment,ASG-003338,applicability_note,,관리주체 확인 필요(FMS 관리주체 정보 없음·추정) — 용인시 관리면 「해당」으로,③ 관리주체 확인필요
duty_assignment,ASG-003339,applicability,해당,확인필요,③ 관리주체 확인필요
duty_assignment,ASG-003339,applicability_note,,관리주체 확인 필요(FMS 관리주체 정보 없음·추정) — 용인시 관리면 「해당」으로,③ 관리주체 확인필요
duty_assignment,ASG-003340,applicability,해당,확인필요,③ 관리주체 확인필요
duty_assignment,ASG-003340,applicability_note,,관리주체 확인 필요(FMS 관리주체 정보 없음·추정) — 용인시 관리면 「해당」으로,③ 관리주체 확인필요
duty_assignment,ASG-003342,applicability,해당,확인필요,③ 관리주체 확인필요
duty_assignment,ASG-003342,applicability_note,,관리주체 확인 필요(FMS 관리주체 정보 없음·추정) — 용인시 관리면 「해당」으로,③ 관리주체 확인필요
duty_assignment,ASG-003343,applicability,해당,확인필요,③ 관리주체 확인필요
duty_assignment,ASG-003343,applicability_note,,관리주체 확인 필요(FMS 관리주체 정보 없음·추정) — 용인시 관리면 「해당」으로,③ 관리주체 확인필요
duty_assignment,ASG-003344,applicability,해당,확인필요,③ 관리주체 확인필요
duty_assignment,ASG-003344,applicability_note,,관리주체 확인 필요(FMS 관리주체 정보 없음·추정) — 용인시 관리면 「해당」으로,③ 관리주체 확인필요
duty_assignment,ASG-003346,applicability,해당,확인필요,③ 관리주체 확인필요
duty_assignment,ASG-003346,applicability_note,,관리주체 확인 필요(FMS 관리주체 정보 없음·추정) — 용인시 관리면 「해당」으로,③ 관리주체 확인필요
duty_assignment,ASG-003347,applicability,해당,확인필요,③ 관리주체 확인필요
duty_assignment,ASG-003347,applicability_note,,관리주체 확인 필요(FMS 관리주체 정보 없음·추정) — 용인시 관리면 「해당」으로,③ 관리주체 확인필요
duty_assignment,ASG-003348,applicability,해당,확인필요,③ 관리주체 확인필요
duty_assignment,ASG-003348,applicability_note,,관리주체 확인 필요(FMS 관리주체 정보 없음·추정) — 용인시 관리면 「해당」으로,③ 관리주체 확인필요
duty_assignment,ASG-003351,applicability,해당,확인필요,③ 관리주체 확인필요
duty_assignment,ASG-003351,applicability_note,,관리주체 확인 필요(FMS 관리주체 정보 없음·추정) — 용인시 관리면 「해당」으로,③ 관리주체 확인필요
duty_assignment,ASG-003352,applicability,해당,확인필요,③ 관리주체 확인필요
duty_assignment,ASG-003352,applicability_note,,관리주체 확인 필요(FMS 관리주체 정보 없음·추정) — 용인시 관리면 「해당」으로,③ 관리주체 확인필요
duty_assignment,ASG-003353,applicability,해당,확인필요,③ 관리주체 확인필요
duty_assignment,ASG-003353,applicability_note,,관리주체 확인 필요(FMS 관리주체 정보 없음·추정) — 용인시 관리면 「해당」으로,③ 관리주체 확인필요
duty_assignment,ASG-003355,applicability,해당,확인필요,③ 관리주체 확인필요
duty_assignment,ASG-003355,applicability_note,,관리주체 확인 필요(FMS 관리주체 정보 없음·추정) — 용인시 관리면 「해당」으로,③ 관리주체 확인필요
duty_assignment,ASG-003356,applicability,해당,확인필요,③ 관리주체 확인필요
duty_assignment,ASG-003356,applicability_note,,관리주체 확인 필요(FMS 관리주체 정보 없음·추정) — 용인시 관리면 「해당」으로,③ 관리주체 확인필요
duty_assignment,ASG-003357,applicability,해당,확인필요,③ 관리주체 확인필요
duty_assignment,ASG-003357,applicability_note,,관리주체 확인 필요(FMS 관리주체 정보 없음·추정) — 용인시 관리면 「해당」으로,③ 관리주체 확인필요
duty_assignment,ASG-003359,applicability,해당,확인필요,③ 관리주체 확인필요
duty_assignment,ASG-003359,applicability_note,,관리주체 확인 필요(FMS 관리주체 정보 없음·추정) — 용인시 관리면 「해당」으로,③ 관리주체 확인필요
duty_assignment,ASG-003360,applicability,해당,확인필요,③ 관리주체 확인필요
duty_assignment,ASG-003360,applicability_note,,관리주체 확인 필요(FMS 관리주체 정보 없음·추정) — 용인시 관리면 「해당」으로,③ 관리주체 확인필요
duty_assignment,ASG-003361,applicability,해당,확인필요,③ 관리주체 확인필요
duty_assignment,ASG-003361,applicability_note,,관리주체 확인 필요(FMS 관리주체 정보 없음·추정) — 용인시 관리면 「해당」으로,③ 관리주체 확인필요
duty_assignment,ASG-003365,applicability,해당,확인필요,③ 관리주체 확인필요
duty_assignment,ASG-003365,applicability_note,,관리주체 확인 필요(FMS 관리주체 정보 없음·추정) — 용인시 관리면 「해당」으로,③ 관리주체 확인필요
duty_assignment,ASG-003366,applicability,해당,확인필요,③ 관리주체 확인필요
duty_assignment,ASG-003366,applicability_note,,관리주체 확인 필요(FMS 관리주체 정보 없음·추정) — 용인시 관리면 「해당」으로,③ 관리주체 확인필요
duty_assignment,ASG-003367,applicability,해당,확인필요,③ 관리주체 확인필요
duty_assignment,ASG-003367,applicability_note,,관리주체 확인 필요(FMS 관리주체 정보 없음·추정) — 용인시 관리면 「해당」으로,③ 관리주체 확인필요
duty_assignment,ASG-003369,applicability,해당,확인필요,③ 관리주체 확인필요
duty_assignment,ASG-003369,applicability_note,,관리주체 확인 필요(FMS 관리주체 정보 없음·추정) — 용인시 관리면 「해당」으로,③ 관리주체 확인필요
duty_assignment,ASG-003370,applicability,해당,확인필요,③ 관리주체 확인필요
duty_assignment,ASG-003370,applicability_note,,관리주체 확인 필요(FMS 관리주체 정보 없음·추정) — 용인시 관리면 「해당」으로,③ 관리주체 확인필요
duty_assignment,ASG-003371,applicability,해당,확인필요,③ 관리주체 확인필요
duty_assignment,ASG-003371,applicability_note,,관리주체 확인 필요(FMS 관리주체 정보 없음·추정) — 용인시 관리면 「해당」으로,③ 관리주체 확인필요
duty_assignment,ASG-003373,applicability,해당,확인필요,③ 관리주체 확인필요
duty_assignment,ASG-003373,applicability_note,,관리주체 확인 필요(FMS 관리주체 정보 없음·추정) — 용인시 관리면 「해당」으로,③ 관리주체 확인필요
duty_assignment,ASG-003374,applicability,해당,확인필요,③ 관리주체 확인필요
duty_assignment,ASG-003374,applicability_note,,관리주체 확인 필요(FMS 관리주체 정보 없음·추정) — 용인시 관리면 「해당」으로,③ 관리주체 확인필요
duty_assignment,ASG-003375,applicability,해당,확인필요,③ 관리주체 확인필요
duty_assignment,ASG-003375,applicability_note,,관리주체 확인 필요(FMS 관리주체 정보 없음·추정) — 용인시 관리면 「해당」으로,③ 관리주체 확인필요
duty_assignment,ASG-003377,applicability,해당,확인필요,③ 관리주체 확인필요
duty_assignment,ASG-003377,applicability_note,,관리주체 확인 필요(FMS 관리주체 정보 없음·추정) — 용인시 관리면 「해당」으로,③ 관리주체 확인필요
duty_assignment,ASG-003378,applicability,해당,확인필요,③ 관리주체 확인필요
duty_assignment,ASG-003378,applicability_note,,관리주체 확인 필요(FMS 관리주체 정보 없음·추정) — 용인시 관리면 「해당」으로,③ 관리주체 확인필요
duty_assignment,ASG-003379,applicability,해당,확인필요,③ 관리주체 확인필요
duty_assignment,ASG-003379,applicability_note,,관리주체 확인 필요(FMS 관리주체 정보 없음·추정) — 용인시 관리면 「해당」으로,③ 관리주체 확인필요
duty_assignment,ASG-003381,applicability,해당,확인필요,③ 관리주체 확인필요
duty_assignment,ASG-003381,applicability_note,,관리주체 확인 필요(FMS 관리주체 정보 없음·추정) — 용인시 관리면 「해당」으로,③ 관리주체 확인필요
duty_assignment,ASG-003382,applicability,해당,확인필요,③ 관리주체 확인필요
duty_assignment,ASG-003382,applicability_note,,관리주체 확인 필요(FMS 관리주체 정보 없음·추정) — 용인시 관리면 「해당」으로,③ 관리주체 확인필요
duty_assignment,ASG-003383,applicability,해당,확인필요,③ 관리주체 확인필요
duty_assignment,ASG-003383,applicability_note,,관리주체 확인 필요(FMS 관리주체 정보 없음·추정) — 용인시 관리면 「해당」으로,③ 관리주체 확인필요
duty_assignment,ASG-003385,applicability,해당,확인필요,③ 관리주체 확인필요
duty_assignment,ASG-003385,applicability_note,,관리주체 확인 필요(FMS 관리주체 정보 없음·추정) — 용인시 관리면 「해당」으로,③ 관리주체 확인필요
duty_assignment,ASG-003386,applicability,해당,확인필요,③ 관리주체 확인필요
duty_assignment,ASG-003386,applicability_note,,관리주체 확인 필요(FMS 관리주체 정보 없음·추정) — 용인시 관리면 「해당」으로,③ 관리주체 확인필요
duty_assignment,ASG-003387,applicability,해당,확인필요,③ 관리주체 확인필요
duty_assignment,ASG-003387,applicability_note,,관리주체 확인 필요(FMS 관리주체 정보 없음·추정) — 용인시 관리면 「해당」으로,③ 관리주체 확인필요
duty_assignment,ASG-003389,applicability,해당,확인필요,③ 관리주체 확인필요
duty_assignment,ASG-003389,applicability_note,,관리주체 확인 필요(FMS 관리주체 정보 없음·추정) — 용인시 관리면 「해당」으로,③ 관리주체 확인필요
duty_assignment,ASG-003390,applicability,해당,확인필요,③ 관리주체 확인필요
duty_assignment,ASG-003390,applicability_note,,관리주체 확인 필요(FMS 관리주체 정보 없음·추정) — 용인시 관리면 「해당」으로,③ 관리주체 확인필요
duty_assignment,ASG-003391,applicability,해당,확인필요,③ 관리주체 확인필요
duty_assignment,ASG-003391,applicability_note,,관리주체 확인 필요(FMS 관리주체 정보 없음·추정) — 용인시 관리면 「해당」으로,③ 관리주체 확인필요
duty_assignment,ASG-003393,applicability,해당,확인필요,③ 관리주체 확인필요
duty_assignment,ASG-003393,applicability_note,,관리주체 확인 필요(FMS 관리주체 정보 없음·추정) — 용인시 관리면 「해당」으로,③ 관리주체 확인필요
duty_assignment,ASG-003394,applicability,해당,확인필요,③ 관리주체 확인필요
duty_assignment,ASG-003394,applicability_note,,관리주체 확인 필요(FMS 관리주체 정보 없음·추정) — 용인시 관리면 「해당」으로,③ 관리주체 확인필요
duty_assignment,ASG-003395,applicability,해당,확인필요,③ 관리주체 확인필요
duty_assignment,ASG-003395,applicability_note,,관리주체 확인 필요(FMS 관리주체 정보 없음·추정) — 용인시 관리면 「해당」으로,③ 관리주체 확인필요
duty_assignment,ASG-003397,applicability,해당,확인필요,③ 관리주체 확인필요
duty_assignment,ASG-003397,applicability_note,,관리주체 확인 필요(FMS 관리주체 정보 없음·추정) — 용인시 관리면 「해당」으로,③ 관리주체 확인필요
duty_assignment,ASG-003398,applicability,해당,확인필요,③ 관리주체 확인필요
duty_assignment,ASG-003398,applicability_note,,관리주체 확인 필요(FMS 관리주체 정보 없음·추정) — 용인시 관리면 「해당」으로,③ 관리주체 확인필요
duty_assignment,ASG-003399,applicability,해당,확인필요,③ 관리주체 확인필요
duty_assignment,ASG-003399,applicability_note,,관리주체 확인 필요(FMS 관리주체 정보 없음·추정) — 용인시 관리면 「해당」으로,③ 관리주체 확인필요
duty_assignment,ASG-003401,applicability,해당,확인필요,③ 관리주체 확인필요
duty_assignment,ASG-003401,applicability_note,,관리주체 확인 필요(FMS 관리주체 정보 없음·추정) — 용인시 관리면 「해당」으로,③ 관리주체 확인필요
duty_assignment,ASG-003402,applicability,해당,확인필요,③ 관리주체 확인필요
duty_assignment,ASG-003402,applicability_note,,관리주체 확인 필요(FMS 관리주체 정보 없음·추정) — 용인시 관리면 「해당」으로,③ 관리주체 확인필요
duty_assignment,ASG-003403,applicability,해당,확인필요,③ 관리주체 확인필요
duty_assignment,ASG-003403,applicability_note,,관리주체 확인 필요(FMS 관리주체 정보 없음·추정) — 용인시 관리면 「해당」으로,③ 관리주체 확인필요
duty_assignment,ASG-003405,applicability,해당,확인필요,③ 관리주체 확인필요
duty_assignment,ASG-003405,applicability_note,,관리주체 확인 필요(FMS 관리주체 정보 없음·추정) — 용인시 관리면 「해당」으로,③ 관리주체 확인필요
duty_assignment,ASG-003406,applicability,해당,확인필요,③ 관리주체 확인필요
duty_assignment,ASG-003406,applicability_note,,관리주체 확인 필요(FMS 관리주체 정보 없음·추정) — 용인시 관리면 「해당」으로,③ 관리주체 확인필요
duty_assignment,ASG-003407,applicability,해당,확인필요,③ 관리주체 확인필요
duty_assignment,ASG-003407,applicability_note,,관리주체 확인 필요(FMS 관리주체 정보 없음·추정) — 용인시 관리면 「해당」으로,③ 관리주체 확인필요
duty_assignment,ASG-003409,applicability,해당,확인필요,③ 관리주체 확인필요
duty_assignment,ASG-003409,applicability_note,,관리주체 확인 필요(FMS 관리주체 정보 없음·추정) — 용인시 관리면 「해당」으로,③ 관리주체 확인필요
duty_assignment,ASG-003410,applicability,해당,확인필요,③ 관리주체 확인필요
duty_assignment,ASG-003410,applicability_note,,관리주체 확인 필요(FMS 관리주체 정보 없음·추정) — 용인시 관리면 「해당」으로,③ 관리주체 확인필요
duty_assignment,ASG-003411,applicability,해당,확인필요,③ 관리주체 확인필요
duty_assignment,ASG-003411,applicability_note,,관리주체 확인 필요(FMS 관리주체 정보 없음·추정) — 용인시 관리면 「해당」으로,③ 관리주체 확인필요
duty_assignment,ASG-003416,applicability,해당,확인필요,③ 관리주체 확인필요
duty_assignment,ASG-003416,applicability_note,,관리주체 확인 필요(FMS 관리주체 정보 없음·추정) — 용인시 관리면 「해당」으로,③ 관리주체 확인필요
duty_assignment,ASG-003417,applicability,해당,확인필요,③ 관리주체 확인필요
duty_assignment,ASG-003417,applicability_note,,관리주체 확인 필요(FMS 관리주체 정보 없음·추정) — 용인시 관리면 「해당」으로,③ 관리주체 확인필요
duty_assignment,ASG-003418,applicability,해당,확인필요,③ 관리주체 확인필요
duty_assignment,ASG-003418,applicability_note,,관리주체 확인 필요(FMS 관리주체 정보 없음·추정) — 용인시 관리면 「해당」으로,③ 관리주체 확인필요
duty_assignment,ASG-003421,applicability,해당,확인필요,③ 관리주체 확인필요
duty_assignment,ASG-003421,applicability_note,,관리주체 확인 필요(FMS 관리주체 정보 없음·추정) — 용인시 관리면 「해당」으로,③ 관리주체 확인필요
duty_assignment,ASG-003422,applicability,해당,확인필요,③ 관리주체 확인필요
duty_assignment,ASG-003422,applicability_note,,관리주체 확인 필요(FMS 관리주체 정보 없음·추정) — 용인시 관리면 「해당」으로,③ 관리주체 확인필요
duty_assignment,ASG-003423,applicability,해당,확인필요,③ 관리주체 확인필요
duty_assignment,ASG-003423,applicability_note,,관리주체 확인 필요(FMS 관리주체 정보 없음·추정) — 용인시 관리면 「해당」으로,③ 관리주체 확인필요
duty_assignment,ASG-003425,applicability,해당,확인필요,③ 관리주체 확인필요
duty_assignment,ASG-003425,applicability_note,,관리주체 확인 필요(FMS 관리주체 정보 없음·추정) — 용인시 관리면 「해당」으로,③ 관리주체 확인필요
duty_assignment,ASG-003426,applicability,해당,확인필요,③ 관리주체 확인필요
duty_assignment,ASG-003426,applicability_note,,관리주체 확인 필요(FMS 관리주체 정보 없음·추정) — 용인시 관리면 「해당」으로,③ 관리주체 확인필요
duty_assignment,ASG-003427,applicability,해당,확인필요,③ 관리주체 확인필요
duty_assignment,ASG-003427,applicability_note,,관리주체 확인 필요(FMS 관리주체 정보 없음·추정) — 용인시 관리면 「해당」으로,③ 관리주체 확인필요
duty_assignment,ASG-003429,applicability,해당,확인필요,③ 관리주체 확인필요
duty_assignment,ASG-003429,applicability_note,,관리주체 확인 필요(FMS 관리주체 정보 없음·추정) — 용인시 관리면 「해당」으로,③ 관리주체 확인필요
duty_assignment,ASG-003430,applicability,해당,확인필요,③ 관리주체 확인필요
duty_assignment,ASG-003430,applicability_note,,관리주체 확인 필요(FMS 관리주체 정보 없음·추정) — 용인시 관리면 「해당」으로,③ 관리주체 확인필요
duty_assignment,ASG-003431,applicability,해당,확인필요,③ 관리주체 확인필요
duty_assignment,ASG-003431,applicability_note,,관리주체 확인 필요(FMS 관리주체 정보 없음·추정) — 용인시 관리면 「해당」으로,③ 관리주체 확인필요
duty_assignment,ASG-003433,applicability,해당,확인필요,③ 관리주체 확인필요
duty_assignment,ASG-003433,applicability_note,,관리주체 확인 필요(FMS 관리주체 정보 없음·추정) — 용인시 관리면 「해당」으로,③ 관리주체 확인필요
duty_assignment,ASG-003434,applicability,해당,확인필요,③ 관리주체 확인필요
duty_assignment,ASG-003434,applicability_note,,관리주체 확인 필요(FMS 관리주체 정보 없음·추정) — 용인시 관리면 「해당」으로,③ 관리주체 확인필요
duty_assignment,ASG-003435,applicability,해당,확인필요,③ 관리주체 확인필요
duty_assignment,ASG-003435,applicability_note,,관리주체 확인 필요(FMS 관리주체 정보 없음·추정) — 용인시 관리면 「해당」으로,③ 관리주체 확인필요
duty_assignment,ASG-003437,applicability,해당,확인필요,③ 관리주체 확인필요
duty_assignment,ASG-003437,applicability_note,,관리주체 확인 필요(FMS 관리주체 정보 없음·추정) — 용인시 관리면 「해당」으로,③ 관리주체 확인필요
duty_assignment,ASG-003438,applicability,해당,확인필요,③ 관리주체 확인필요
duty_assignment,ASG-003438,applicability_note,,관리주체 확인 필요(FMS 관리주체 정보 없음·추정) — 용인시 관리면 「해당」으로,③ 관리주체 확인필요
duty_assignment,ASG-003439,applicability,해당,확인필요,③ 관리주체 확인필요
duty_assignment,ASG-003439,applicability_note,,관리주체 확인 필요(FMS 관리주체 정보 없음·추정) — 용인시 관리면 「해당」으로,③ 관리주체 확인필요
duty_assignment,ASG-003441,applicability,해당,확인필요,③ 관리주체 확인필요
duty_assignment,ASG-003441,applicability_note,,관리주체 확인 필요(FMS 관리주체 정보 없음·추정) — 용인시 관리면 「해당」으로,③ 관리주체 확인필요
duty_assignment,ASG-003442,applicability,해당,확인필요,③ 관리주체 확인필요
duty_assignment,ASG-003442,applicability_note,,관리주체 확인 필요(FMS 관리주체 정보 없음·추정) — 용인시 관리면 「해당」으로,③ 관리주체 확인필요
duty_assignment,ASG-003443,applicability,해당,확인필요,③ 관리주체 확인필요
duty_assignment,ASG-003443,applicability_note,,관리주체 확인 필요(FMS 관리주체 정보 없음·추정) — 용인시 관리면 「해당」으로,③ 관리주체 확인필요
duty_assignment,ASG-003445,applicability,해당,확인필요,③ 관리주체 확인필요
duty_assignment,ASG-003445,applicability_note,,관리주체 확인 필요(FMS 관리주체 정보 없음·추정) — 용인시 관리면 「해당」으로,③ 관리주체 확인필요
duty_assignment,ASG-003446,applicability,해당,확인필요,③ 관리주체 확인필요
duty_assignment,ASG-003446,applicability_note,,관리주체 확인 필요(FMS 관리주체 정보 없음·추정) — 용인시 관리면 「해당」으로,③ 관리주체 확인필요
duty_assignment,ASG-003447,applicability,해당,확인필요,③ 관리주체 확인필요
duty_assignment,ASG-003447,applicability_note,,관리주체 확인 필요(FMS 관리주체 정보 없음·추정) — 용인시 관리면 「해당」으로,③ 관리주체 확인필요
duty_assignment,ASG-003449,applicability,해당,확인필요,③ 관리주체 확인필요
duty_assignment,ASG-003449,applicability_note,,관리주체 확인 필요(FMS 관리주체 정보 없음·추정) — 용인시 관리면 「해당」으로,③ 관리주체 확인필요
duty_assignment,ASG-003450,applicability,해당,확인필요,③ 관리주체 확인필요
duty_assignment,ASG-003450,applicability_note,,관리주체 확인 필요(FMS 관리주체 정보 없음·추정) — 용인시 관리면 「해당」으로,③ 관리주체 확인필요
duty_assignment,ASG-003451,applicability,해당,확인필요,③ 관리주체 확인필요
duty_assignment,ASG-003451,applicability_note,,관리주체 확인 필요(FMS 관리주체 정보 없음·추정) — 용인시 관리면 「해당」으로,③ 관리주체 확인필요
duty_assignment,ASG-003453,applicability,해당,확인필요,③ 관리주체 확인필요
duty_assignment,ASG-003453,applicability_note,,관리주체 확인 필요(FMS 관리주체 정보 없음·추정) — 용인시 관리면 「해당」으로,③ 관리주체 확인필요
duty_assignment,ASG-003454,applicability,해당,확인필요,③ 관리주체 확인필요
duty_assignment,ASG-003454,applicability_note,,관리주체 확인 필요(FMS 관리주체 정보 없음·추정) — 용인시 관리면 「해당」으로,③ 관리주체 확인필요
duty_assignment,ASG-003455,applicability,해당,확인필요,③ 관리주체 확인필요
duty_assignment,ASG-003455,applicability_note,,관리주체 확인 필요(FMS 관리주체 정보 없음·추정) — 용인시 관리면 「해당」으로,③ 관리주체 확인필요
duty_assignment,ASG-003457,applicability,해당,확인필요,③ 관리주체 확인필요
duty_assignment,ASG-003457,applicability_note,,관리주체 확인 필요(FMS 관리주체 정보 없음·추정) — 용인시 관리면 「해당」으로,③ 관리주체 확인필요
duty_assignment,ASG-003458,applicability,해당,확인필요,③ 관리주체 확인필요
duty_assignment,ASG-003458,applicability_note,,관리주체 확인 필요(FMS 관리주체 정보 없음·추정) — 용인시 관리면 「해당」으로,③ 관리주체 확인필요
duty_assignment,ASG-003459,applicability,해당,확인필요,③ 관리주체 확인필요
duty_assignment,ASG-003459,applicability_note,,관리주체 확인 필요(FMS 관리주체 정보 없음·추정) — 용인시 관리면 「해당」으로,③ 관리주체 확인필요
duty_assignment,ASG-003461,applicability,해당,확인필요,③ 관리주체 확인필요
duty_assignment,ASG-003461,applicability_note,,관리주체 확인 필요(FMS 관리주체 정보 없음·추정) — 용인시 관리면 「해당」으로,③ 관리주체 확인필요
duty_assignment,ASG-003462,applicability,해당,확인필요,③ 관리주체 확인필요
duty_assignment,ASG-003462,applicability_note,,관리주체 확인 필요(FMS 관리주체 정보 없음·추정) — 용인시 관리면 「해당」으로,③ 관리주체 확인필요
duty_assignment,ASG-003463,applicability,해당,확인필요,③ 관리주체 확인필요
duty_assignment,ASG-003463,applicability_note,,관리주체 확인 필요(FMS 관리주체 정보 없음·추정) — 용인시 관리면 「해당」으로,③ 관리주체 확인필요
duty_assignment,ASG-003465,applicability,해당,확인필요,③ 관리주체 확인필요
duty_assignment,ASG-003465,applicability_note,,관리주체 확인 필요(FMS 관리주체 정보 없음·추정) — 용인시 관리면 「해당」으로,③ 관리주체 확인필요
duty_assignment,ASG-003466,applicability,해당,확인필요,③ 관리주체 확인필요
duty_assignment,ASG-003466,applicability_note,,관리주체 확인 필요(FMS 관리주체 정보 없음·추정) — 용인시 관리면 「해당」으로,③ 관리주체 확인필요
duty_assignment,ASG-003467,applicability,해당,확인필요,③ 관리주체 확인필요
duty_assignment,ASG-003467,applicability_note,,관리주체 확인 필요(FMS 관리주체 정보 없음·추정) — 용인시 관리면 「해당」으로,③ 관리주체 확인필요
duty_assignment,ASG-003469,applicability,해당,확인필요,③ 관리주체 확인필요
duty_assignment,ASG-003469,applicability_note,,관리주체 확인 필요(FMS 관리주체 정보 없음·추정) — 용인시 관리면 「해당」으로,③ 관리주체 확인필요
duty_assignment,ASG-003470,applicability,해당,확인필요,③ 관리주체 확인필요
duty_assignment,ASG-003470,applicability_note,,관리주체 확인 필요(FMS 관리주체 정보 없음·추정) — 용인시 관리면 「해당」으로,③ 관리주체 확인필요
duty_assignment,ASG-003471,applicability,해당,확인필요,③ 관리주체 확인필요
duty_assignment,ASG-003471,applicability_note,,관리주체 확인 필요(FMS 관리주체 정보 없음·추정) — 용인시 관리면 「해당」으로,③ 관리주체 확인필요
duty_assignment,ASG-003473,applicability,해당,확인필요,③ 관리주체 확인필요
duty_assignment,ASG-003473,applicability_note,,관리주체 확인 필요(FMS 관리주체 정보 없음·추정) — 용인시 관리면 「해당」으로,③ 관리주체 확인필요
duty_assignment,ASG-003474,applicability,해당,확인필요,③ 관리주체 확인필요
duty_assignment,ASG-003474,applicability_note,,관리주체 확인 필요(FMS 관리주체 정보 없음·추정) — 용인시 관리면 「해당」으로,③ 관리주체 확인필요
duty_assignment,ASG-003475,applicability,해당,확인필요,③ 관리주체 확인필요
duty_assignment,ASG-003475,applicability_note,,관리주체 확인 필요(FMS 관리주체 정보 없음·추정) — 용인시 관리면 「해당」으로,③ 관리주체 확인필요
duty_assignment,ASG-003477,applicability,해당,확인필요,③ 관리주체 확인필요
duty_assignment,ASG-003477,applicability_note,,관리주체 확인 필요(FMS 관리주체 정보 없음·추정) — 용인시 관리면 「해당」으로,③ 관리주체 확인필요
duty_assignment,ASG-003478,applicability,해당,확인필요,③ 관리주체 확인필요
duty_assignment,ASG-003478,applicability_note,,관리주체 확인 필요(FMS 관리주체 정보 없음·추정) — 용인시 관리면 「해당」으로,③ 관리주체 확인필요
duty_assignment,ASG-003479,applicability,해당,확인필요,③ 관리주체 확인필요
duty_assignment,ASG-003479,applicability_note,,관리주체 확인 필요(FMS 관리주체 정보 없음·추정) — 용인시 관리면 「해당」으로,③ 관리주체 확인필요
duty_assignment,ASG-003481,applicability,해당,확인필요,③ 관리주체 확인필요
duty_assignment,ASG-003481,applicability_note,,관리주체 확인 필요(FMS 관리주체 정보 없음·추정) — 용인시 관리면 「해당」으로,③ 관리주체 확인필요
duty_assignment,ASG-003482,applicability,해당,확인필요,③ 관리주체 확인필요
duty_assignment,ASG-003482,applicability_note,,관리주체 확인 필요(FMS 관리주체 정보 없음·추정) — 용인시 관리면 「해당」으로,③ 관리주체 확인필요
duty_assignment,ASG-003483,applicability,해당,확인필요,③ 관리주체 확인필요
duty_assignment,ASG-003483,applicability_note,,관리주체 확인 필요(FMS 관리주체 정보 없음·추정) — 용인시 관리면 「해당」으로,③ 관리주체 확인필요
duty_assignment,ASG-003485,applicability,해당,확인필요,③ 관리주체 확인필요
duty_assignment,ASG-003485,applicability_note,,관리주체 확인 필요(FMS 관리주체 정보 없음·추정) — 용인시 관리면 「해당」으로,③ 관리주체 확인필요
duty_assignment,ASG-003486,applicability,해당,확인필요,③ 관리주체 확인필요
duty_assignment,ASG-003486,applicability_note,,관리주체 확인 필요(FMS 관리주체 정보 없음·추정) — 용인시 관리면 「해당」으로,③ 관리주체 확인필요
duty_assignment,ASG-003487,applicability,해당,확인필요,③ 관리주체 확인필요
duty_assignment,ASG-003487,applicability_note,,관리주체 확인 필요(FMS 관리주체 정보 없음·추정) — 용인시 관리면 「해당」으로,③ 관리주체 확인필요
duty_assignment,ASG-003489,applicability,해당,확인필요,③ 관리주체 확인필요
duty_assignment,ASG-003489,applicability_note,,관리주체 확인 필요(FMS 관리주체 정보 없음·추정) — 용인시 관리면 「해당」으로,③ 관리주체 확인필요
duty_assignment,ASG-003490,applicability,해당,확인필요,③ 관리주체 확인필요
duty_assignment,ASG-003490,applicability_note,,관리주체 확인 필요(FMS 관리주체 정보 없음·추정) — 용인시 관리면 「해당」으로,③ 관리주체 확인필요
duty_assignment,ASG-003491,applicability,해당,확인필요,③ 관리주체 확인필요
duty_assignment,ASG-003491,applicability_note,,관리주체 확인 필요(FMS 관리주체 정보 없음·추정) — 용인시 관리면 「해당」으로,③ 관리주체 확인필요
duty_assignment,ASG-003493,applicability,해당,확인필요,③ 관리주체 확인필요
duty_assignment,ASG-003493,applicability_note,,관리주체 확인 필요(FMS 관리주체 정보 없음·추정) — 용인시 관리면 「해당」으로,③ 관리주체 확인필요
duty_assignment,ASG-003494,applicability,해당,확인필요,③ 관리주체 확인필요
duty_assignment,ASG-003494,applicability_note,,관리주체 확인 필요(FMS 관리주체 정보 없음·추정) — 용인시 관리면 「해당」으로,③ 관리주체 확인필요
duty_assignment,ASG-003495,applicability,해당,확인필요,③ 관리주체 확인필요
duty_assignment,ASG-003495,applicability_note,,관리주체 확인 필요(FMS 관리주체 정보 없음·추정) — 용인시 관리면 「해당」으로,③ 관리주체 확인필요
duty_assignment,ASG-003497,applicability,해당,확인필요,③ 관리주체 확인필요
duty_assignment,ASG-003497,applicability_note,,관리주체 확인 필요(FMS 관리주체 정보 없음·추정) — 용인시 관리면 「해당」으로,③ 관리주체 확인필요
duty_assignment,ASG-003498,applicability,해당,확인필요,③ 관리주체 확인필요
duty_assignment,ASG-003498,applicability_note,,관리주체 확인 필요(FMS 관리주체 정보 없음·추정) — 용인시 관리면 「해당」으로,③ 관리주체 확인필요
duty_assignment,ASG-003499,applicability,해당,확인필요,③ 관리주체 확인필요
duty_assignment,ASG-003499,applicability_note,,관리주체 확인 필요(FMS 관리주체 정보 없음·추정) — 용인시 관리면 「해당」으로,③ 관리주체 확인필요
duty_assignment,ASG-003501,applicability,해당,확인필요,③ 관리주체 확인필요
duty_assignment,ASG-003501,applicability_note,,관리주체 확인 필요(FMS 관리주체 정보 없음·추정) — 용인시 관리면 「해당」으로,③ 관리주체 확인필요
duty_assignment,ASG-003502,applicability,해당,확인필요,③ 관리주체 확인필요
duty_assignment,ASG-003502,applicability_note,,관리주체 확인 필요(FMS 관리주체 정보 없음·추정) — 용인시 관리면 「해당」으로,③ 관리주체 확인필요
duty_assignment,ASG-003503,applicability,해당,확인필요,③ 관리주체 확인필요
duty_assignment,ASG-003503,applicability_note,,관리주체 확인 필요(FMS 관리주체 정보 없음·추정) — 용인시 관리면 「해당」으로,③ 관리주체 확인필요
duty_assignment,ASG-003505,applicability,해당,확인필요,③ 관리주체 확인필요
duty_assignment,ASG-003505,applicability_note,,관리주체 확인 필요(FMS 관리주체 정보 없음·추정) — 용인시 관리면 「해당」으로,③ 관리주체 확인필요
duty_assignment,ASG-003506,applicability,해당,확인필요,③ 관리주체 확인필요
duty_assignment,ASG-003506,applicability_note,,관리주체 확인 필요(FMS 관리주체 정보 없음·추정) — 용인시 관리면 「해당」으로,③ 관리주체 확인필요
duty_assignment,ASG-003507,applicability,해당,확인필요,③ 관리주체 확인필요
duty_assignment,ASG-003507,applicability_note,,관리주체 확인 필요(FMS 관리주체 정보 없음·추정) — 용인시 관리면 「해당」으로,③ 관리주체 확인필요
duty_assignment,ASG-003511,applicability,해당,확인필요,③ 관리주체 확인필요
duty_assignment,ASG-003511,applicability_note,,관리주체 확인 필요(FMS 관리주체 정보 없음·추정) — 용인시 관리면 「해당」으로,③ 관리주체 확인필요
duty_assignment,ASG-003512,applicability,해당,확인필요,③ 관리주체 확인필요
duty_assignment,ASG-003512,applicability_note,,관리주체 확인 필요(FMS 관리주체 정보 없음·추정) — 용인시 관리면 「해당」으로,③ 관리주체 확인필요
duty_assignment,ASG-003513,applicability,해당,확인필요,③ 관리주체 확인필요
duty_assignment,ASG-003513,applicability_note,,관리주체 확인 필요(FMS 관리주체 정보 없음·추정) — 용인시 관리면 「해당」으로,③ 관리주체 확인필요
duty_assignment,ASG-003515,applicability,해당,확인필요,③ 관리주체 확인필요
duty_assignment,ASG-003515,applicability_note,,관리주체 확인 필요(FMS 관리주체 정보 없음·추정) — 용인시 관리면 「해당」으로,③ 관리주체 확인필요
duty_assignment,ASG-003516,applicability,해당,확인필요,③ 관리주체 확인필요
duty_assignment,ASG-003516,applicability_note,,관리주체 확인 필요(FMS 관리주체 정보 없음·추정) — 용인시 관리면 「해당」으로,③ 관리주체 확인필요
duty_assignment,ASG-003517,applicability,해당,확인필요,③ 관리주체 확인필요
duty_assignment,ASG-003517,applicability_note,,관리주체 확인 필요(FMS 관리주체 정보 없음·추정) — 용인시 관리면 「해당」으로,③ 관리주체 확인필요
duty_assignment,ASG-003519,applicability,해당,확인필요,③ 관리주체 확인필요
duty_assignment,ASG-003519,applicability_note,,관리주체 확인 필요(FMS 관리주체 정보 없음·추정) — 용인시 관리면 「해당」으로,③ 관리주체 확인필요
duty_assignment,ASG-003520,applicability,해당,확인필요,③ 관리주체 확인필요
duty_assignment,ASG-003520,applicability_note,,관리주체 확인 필요(FMS 관리주체 정보 없음·추정) — 용인시 관리면 「해당」으로,③ 관리주체 확인필요
duty_assignment,ASG-003521,applicability,해당,확인필요,③ 관리주체 확인필요
duty_assignment,ASG-003521,applicability_note,,관리주체 확인 필요(FMS 관리주체 정보 없음·추정) — 용인시 관리면 「해당」으로,③ 관리주체 확인필요
duty_assignment,ASG-003523,applicability,해당,확인필요,③ 관리주체 확인필요
duty_assignment,ASG-003523,applicability_note,,관리주체 확인 필요(FMS 관리주체 정보 없음·추정) — 용인시 관리면 「해당」으로,③ 관리주체 확인필요
duty_assignment,ASG-003524,applicability,해당,확인필요,③ 관리주체 확인필요
duty_assignment,ASG-003524,applicability_note,,관리주체 확인 필요(FMS 관리주체 정보 없음·추정) — 용인시 관리면 「해당」으로,③ 관리주체 확인필요
duty_assignment,ASG-003525,applicability,해당,확인필요,③ 관리주체 확인필요
duty_assignment,ASG-003525,applicability_note,,관리주체 확인 필요(FMS 관리주체 정보 없음·추정) — 용인시 관리면 「해당」으로,③ 관리주체 확인필요
duty_assignment,ASG-003527,applicability,해당,확인필요,③ 관리주체 확인필요
duty_assignment,ASG-003527,applicability_note,,관리주체 확인 필요(FMS 관리주체 정보 없음·추정) — 용인시 관리면 「해당」으로,③ 관리주체 확인필요
duty_assignment,ASG-003528,applicability,해당,확인필요,③ 관리주체 확인필요
duty_assignment,ASG-003528,applicability_note,,관리주체 확인 필요(FMS 관리주체 정보 없음·추정) — 용인시 관리면 「해당」으로,③ 관리주체 확인필요
duty_assignment,ASG-003529,applicability,해당,확인필요,③ 관리주체 확인필요
duty_assignment,ASG-003529,applicability_note,,관리주체 확인 필요(FMS 관리주체 정보 없음·추정) — 용인시 관리면 「해당」으로,③ 관리주체 확인필요
duty_assignment,ASG-003531,applicability,해당,확인필요,③ 관리주체 확인필요
duty_assignment,ASG-003531,applicability_note,,관리주체 확인 필요(FMS 관리주체 정보 없음·추정) — 용인시 관리면 「해당」으로,③ 관리주체 확인필요
duty_assignment,ASG-003532,applicability,해당,확인필요,③ 관리주체 확인필요
duty_assignment,ASG-003532,applicability_note,,관리주체 확인 필요(FMS 관리주체 정보 없음·추정) — 용인시 관리면 「해당」으로,③ 관리주체 확인필요
duty_assignment,ASG-003533,applicability,해당,확인필요,③ 관리주체 확인필요
duty_assignment,ASG-003533,applicability_note,,관리주체 확인 필요(FMS 관리주체 정보 없음·추정) — 용인시 관리면 「해당」으로,③ 관리주체 확인필요
duty_assignment,ASG-003535,applicability,해당,확인필요,③ 관리주체 확인필요
duty_assignment,ASG-003535,applicability_note,,관리주체 확인 필요(FMS 관리주체 정보 없음·추정) — 용인시 관리면 「해당」으로,③ 관리주체 확인필요
duty_assignment,ASG-003536,applicability,해당,확인필요,③ 관리주체 확인필요
duty_assignment,ASG-003536,applicability_note,,관리주체 확인 필요(FMS 관리주체 정보 없음·추정) — 용인시 관리면 「해당」으로,③ 관리주체 확인필요
duty_assignment,ASG-003537,applicability,해당,확인필요,③ 관리주체 확인필요
duty_assignment,ASG-003537,applicability_note,,관리주체 확인 필요(FMS 관리주체 정보 없음·추정) — 용인시 관리면 「해당」으로,③ 관리주체 확인필요
duty_assignment,ASG-003539,applicability,해당,확인필요,③ 관리주체 확인필요
duty_assignment,ASG-003539,applicability_note,,관리주체 확인 필요(FMS 관리주체 정보 없음·추정) — 용인시 관리면 「해당」으로,③ 관리주체 확인필요
duty_assignment,ASG-003540,applicability,해당,확인필요,③ 관리주체 확인필요
duty_assignment,ASG-003540,applicability_note,,관리주체 확인 필요(FMS 관리주체 정보 없음·추정) — 용인시 관리면 「해당」으로,③ 관리주체 확인필요
duty_assignment,ASG-003541,applicability,해당,확인필요,③ 관리주체 확인필요
duty_assignment,ASG-003541,applicability_note,,관리주체 확인 필요(FMS 관리주체 정보 없음·추정) — 용인시 관리면 「해당」으로,③ 관리주체 확인필요
duty_assignment,ASG-003543,applicability,해당,확인필요,③ 관리주체 확인필요
duty_assignment,ASG-003543,applicability_note,,관리주체 확인 필요(FMS 관리주체 정보 없음·추정) — 용인시 관리면 「해당」으로,③ 관리주체 확인필요
duty_assignment,ASG-003544,applicability,해당,확인필요,③ 관리주체 확인필요
duty_assignment,ASG-003544,applicability_note,,관리주체 확인 필요(FMS 관리주체 정보 없음·추정) — 용인시 관리면 「해당」으로,③ 관리주체 확인필요
duty_assignment,ASG-003545,applicability,해당,확인필요,③ 관리주체 확인필요
duty_assignment,ASG-003545,applicability_note,,관리주체 확인 필요(FMS 관리주체 정보 없음·추정) — 용인시 관리면 「해당」으로,③ 관리주체 확인필요
duty_assignment,ASG-003547,applicability,해당,확인필요,③ 관리주체 확인필요
duty_assignment,ASG-003547,applicability_note,,관리주체 확인 필요(FMS 관리주체 정보 없음·추정) — 용인시 관리면 「해당」으로,③ 관리주체 확인필요
duty_assignment,ASG-003548,applicability,해당,확인필요,③ 관리주체 확인필요
duty_assignment,ASG-003548,applicability_note,,관리주체 확인 필요(FMS 관리주체 정보 없음·추정) — 용인시 관리면 「해당」으로,③ 관리주체 확인필요
duty_assignment,ASG-003549,applicability,해당,확인필요,③ 관리주체 확인필요
duty_assignment,ASG-003549,applicability_note,,관리주체 확인 필요(FMS 관리주체 정보 없음·추정) — 용인시 관리면 「해당」으로,③ 관리주체 확인필요
duty_assignment,ASG-003551,applicability,해당,확인필요,③ 관리주체 확인필요
duty_assignment,ASG-003551,applicability_note,,관리주체 확인 필요(FMS 관리주체 정보 없음·추정) — 용인시 관리면 「해당」으로,③ 관리주체 확인필요
duty_assignment,ASG-003552,applicability,해당,확인필요,③ 관리주체 확인필요
duty_assignment,ASG-003552,applicability_note,,관리주체 확인 필요(FMS 관리주체 정보 없음·추정) — 용인시 관리면 「해당」으로,③ 관리주체 확인필요
duty_assignment,ASG-003553,applicability,해당,확인필요,③ 관리주체 확인필요
duty_assignment,ASG-003553,applicability_note,,관리주체 확인 필요(FMS 관리주체 정보 없음·추정) — 용인시 관리면 「해당」으로,③ 관리주체 확인필요
duty_assignment,ASG-003555,applicability,해당,확인필요,③ 관리주체 확인필요
duty_assignment,ASG-003555,applicability_note,,관리주체 확인 필요(FMS 관리주체 정보 없음·추정) — 용인시 관리면 「해당」으로,③ 관리주체 확인필요
duty_assignment,ASG-003556,applicability,해당,확인필요,③ 관리주체 확인필요
duty_assignment,ASG-003556,applicability_note,,관리주체 확인 필요(FMS 관리주체 정보 없음·추정) — 용인시 관리면 「해당」으로,③ 관리주체 확인필요
duty_assignment,ASG-003557,applicability,해당,확인필요,③ 관리주체 확인필요
duty_assignment,ASG-003557,applicability_note,,관리주체 확인 필요(FMS 관리주체 정보 없음·추정) — 용인시 관리면 「해당」으로,③ 관리주체 확인필요
duty_assignment,ASG-003559,applicability,해당,확인필요,③ 관리주체 확인필요
duty_assignment,ASG-003559,applicability_note,,관리주체 확인 필요(FMS 관리주체 정보 없음·추정) — 용인시 관리면 「해당」으로,③ 관리주체 확인필요
duty_assignment,ASG-003560,applicability,해당,확인필요,③ 관리주체 확인필요
duty_assignment,ASG-003560,applicability_note,,관리주체 확인 필요(FMS 관리주체 정보 없음·추정) — 용인시 관리면 「해당」으로,③ 관리주체 확인필요
duty_assignment,ASG-003561,applicability,해당,확인필요,③ 관리주체 확인필요
duty_assignment,ASG-003561,applicability_note,,관리주체 확인 필요(FMS 관리주체 정보 없음·추정) — 용인시 관리면 「해당」으로,③ 관리주체 확인필요
duty_assignment,ASG-003563,applicability,해당,확인필요,③ 관리주체 확인필요
duty_assignment,ASG-003563,applicability_note,,관리주체 확인 필요(FMS 관리주체 정보 없음·추정) — 용인시 관리면 「해당」으로,③ 관리주체 확인필요
duty_assignment,ASG-003564,applicability,해당,확인필요,③ 관리주체 확인필요
duty_assignment,ASG-003564,applicability_note,,관리주체 확인 필요(FMS 관리주체 정보 없음·추정) — 용인시 관리면 「해당」으로,③ 관리주체 확인필요
duty_assignment,ASG-003565,applicability,해당,확인필요,③ 관리주체 확인필요
duty_assignment,ASG-003565,applicability_note,,관리주체 확인 필요(FMS 관리주체 정보 없음·추정) — 용인시 관리면 「해당」으로,③ 관리주체 확인필요
duty_assignment,ASG-003576,applicability,해당,확인필요,③ 관리주체 확인필요
duty_assignment,ASG-003576,applicability_note,,관리주체 확인 필요(FMS 관리주체 정보 없음·추정) — 용인시 관리면 「해당」으로,③ 관리주체 확인필요
duty_assignment,ASG-003577,applicability,해당,확인필요,③ 관리주체 확인필요
duty_assignment,ASG-003577,applicability_note,,관리주체 확인 필요(FMS 관리주체 정보 없음·추정) — 용인시 관리면 「해당」으로,③ 관리주체 확인필요
duty_assignment,ASG-003578,applicability,해당,확인필요,③ 관리주체 확인필요
duty_assignment,ASG-003578,applicability_note,,관리주체 확인 필요(FMS 관리주체 정보 없음·추정) — 용인시 관리면 「해당」으로,③ 관리주체 확인필요
duty_assignment,ASG-003580,applicability,해당,확인필요,③ 관리주체 확인필요
duty_assignment,ASG-003580,applicability_note,,관리주체 확인 필요(FMS 관리주체 정보 없음·추정) — 용인시 관리면 「해당」으로,③ 관리주체 확인필요
duty_assignment,ASG-003581,applicability,해당,확인필요,③ 관리주체 확인필요
duty_assignment,ASG-003581,applicability_note,,관리주체 확인 필요(FMS 관리주체 정보 없음·추정) — 용인시 관리면 「해당」으로,③ 관리주체 확인필요
duty_assignment,ASG-003582,applicability,해당,확인필요,③ 관리주체 확인필요
duty_assignment,ASG-003582,applicability_note,,관리주체 확인 필요(FMS 관리주체 정보 없음·추정) — 용인시 관리면 「해당」으로,③ 관리주체 확인필요
duty_assignment,ASG-003584,applicability,해당,확인필요,③ 관리주체 확인필요
duty_assignment,ASG-003584,applicability_note,,관리주체 확인 필요(FMS 관리주체 정보 없음·추정) — 용인시 관리면 「해당」으로,③ 관리주체 확인필요
duty_assignment,ASG-003585,applicability,해당,확인필요,③ 관리주체 확인필요
duty_assignment,ASG-003585,applicability_note,,관리주체 확인 필요(FMS 관리주체 정보 없음·추정) — 용인시 관리면 「해당」으로,③ 관리주체 확인필요
duty_assignment,ASG-003586,applicability,해당,확인필요,③ 관리주체 확인필요
duty_assignment,ASG-003586,applicability_note,,관리주체 확인 필요(FMS 관리주체 정보 없음·추정) — 용인시 관리면 「해당」으로,③ 관리주체 확인필요
duty_assignment,ASG-003588,applicability,해당,확인필요,③ 관리주체 확인필요
duty_assignment,ASG-003588,applicability_note,,관리주체 확인 필요(FMS 관리주체 정보 없음·추정) — 용인시 관리면 「해당」으로,③ 관리주체 확인필요
duty_assignment,ASG-003589,applicability,해당,확인필요,③ 관리주체 확인필요
duty_assignment,ASG-003589,applicability_note,,관리주체 확인 필요(FMS 관리주체 정보 없음·추정) — 용인시 관리면 「해당」으로,③ 관리주체 확인필요
duty_assignment,ASG-003590,applicability,해당,확인필요,③ 관리주체 확인필요
duty_assignment,ASG-003590,applicability_note,,관리주체 확인 필요(FMS 관리주체 정보 없음·추정) — 용인시 관리면 「해당」으로,③ 관리주체 확인필요
duty_assignment,ASG-003592,applicability,해당,확인필요,③ 관리주체 확인필요
duty_assignment,ASG-003592,applicability_note,,관리주체 확인 필요(FMS 관리주체 정보 없음·추정) — 용인시 관리면 「해당」으로,③ 관리주체 확인필요
duty_assignment,ASG-003593,applicability,해당,확인필요,③ 관리주체 확인필요
duty_assignment,ASG-003593,applicability_note,,관리주체 확인 필요(FMS 관리주체 정보 없음·추정) — 용인시 관리면 「해당」으로,③ 관리주체 확인필요
duty_assignment,ASG-003594,applicability,해당,확인필요,③ 관리주체 확인필요
duty_assignment,ASG-003594,applicability_note,,관리주체 확인 필요(FMS 관리주체 정보 없음·추정) — 용인시 관리면 「해당」으로,③ 관리주체 확인필요
duty_assignment,ASG-003596,applicability,해당,확인필요,③ 관리주체 확인필요
duty_assignment,ASG-003596,applicability_note,,관리주체 확인 필요(FMS 관리주체 정보 없음·추정) — 용인시 관리면 「해당」으로,③ 관리주체 확인필요
duty_assignment,ASG-003597,applicability,해당,확인필요,③ 관리주체 확인필요
duty_assignment,ASG-003597,applicability_note,,관리주체 확인 필요(FMS 관리주체 정보 없음·추정) — 용인시 관리면 「해당」으로,③ 관리주체 확인필요
duty_assignment,ASG-003598,applicability,해당,확인필요,③ 관리주체 확인필요
duty_assignment,ASG-003598,applicability_note,,관리주체 확인 필요(FMS 관리주체 정보 없음·추정) — 용인시 관리면 「해당」으로,③ 관리주체 확인필요
duty_assignment,ASG-003600,applicability,해당,확인필요,③ 관리주체 확인필요
duty_assignment,ASG-003600,applicability_note,,관리주체 확인 필요(FMS 관리주체 정보 없음·추정) — 용인시 관리면 「해당」으로,③ 관리주체 확인필요
duty_assignment,ASG-003601,applicability,해당,확인필요,③ 관리주체 확인필요
duty_assignment,ASG-003601,applicability_note,,관리주체 확인 필요(FMS 관리주체 정보 없음·추정) — 용인시 관리면 「해당」으로,③ 관리주체 확인필요
duty_assignment,ASG-003602,applicability,해당,확인필요,③ 관리주체 확인필요
duty_assignment,ASG-003602,applicability_note,,관리주체 확인 필요(FMS 관리주체 정보 없음·추정) — 용인시 관리면 「해당」으로,③ 관리주체 확인필요
duty_assignment,ASG-003604,applicability,해당,확인필요,③ 관리주체 확인필요
duty_assignment,ASG-003604,applicability_note,,관리주체 확인 필요(FMS 관리주체 정보 없음·추정) — 용인시 관리면 「해당」으로,③ 관리주체 확인필요
duty_assignment,ASG-003605,applicability,해당,확인필요,③ 관리주체 확인필요
duty_assignment,ASG-003605,applicability_note,,관리주체 확인 필요(FMS 관리주체 정보 없음·추정) — 용인시 관리면 「해당」으로,③ 관리주체 확인필요
duty_assignment,ASG-003606,applicability,해당,확인필요,③ 관리주체 확인필요
duty_assignment,ASG-003606,applicability_note,,관리주체 확인 필요(FMS 관리주체 정보 없음·추정) — 용인시 관리면 「해당」으로,③ 관리주체 확인필요
duty_assignment,ASG-003608,applicability,해당,확인필요,③ 관리주체 확인필요
duty_assignment,ASG-003608,applicability_note,,관리주체 확인 필요(FMS 관리주체 정보 없음·추정) — 용인시 관리면 「해당」으로,③ 관리주체 확인필요
duty_assignment,ASG-003609,applicability,해당,확인필요,③ 관리주체 확인필요
duty_assignment,ASG-003609,applicability_note,,관리주체 확인 필요(FMS 관리주체 정보 없음·추정) — 용인시 관리면 「해당」으로,③ 관리주체 확인필요
duty_assignment,ASG-003610,applicability,해당,확인필요,③ 관리주체 확인필요
duty_assignment,ASG-003610,applicability_note,,관리주체 확인 필요(FMS 관리주체 정보 없음·추정) — 용인시 관리면 「해당」으로,③ 관리주체 확인필요
duty_assignment,ASG-003612,applicability,해당,확인필요,③ 관리주체 확인필요
duty_assignment,ASG-003612,applicability_note,,관리주체 확인 필요(FMS 관리주체 정보 없음·추정) — 용인시 관리면 「해당」으로,③ 관리주체 확인필요
duty_assignment,ASG-003613,applicability,해당,확인필요,③ 관리주체 확인필요
duty_assignment,ASG-003613,applicability_note,,관리주체 확인 필요(FMS 관리주체 정보 없음·추정) — 용인시 관리면 「해당」으로,③ 관리주체 확인필요
duty_assignment,ASG-003614,applicability,해당,확인필요,③ 관리주체 확인필요
duty_assignment,ASG-003614,applicability_note,,관리주체 확인 필요(FMS 관리주체 정보 없음·추정) — 용인시 관리면 「해당」으로,③ 관리주체 확인필요
duty_assignment,ASG-003616,applicability,해당,확인필요,③ 관리주체 확인필요
duty_assignment,ASG-003616,applicability_note,,관리주체 확인 필요(FMS 관리주체 정보 없음·추정) — 용인시 관리면 「해당」으로,③ 관리주체 확인필요
duty_assignment,ASG-003617,applicability,해당,확인필요,③ 관리주체 확인필요
duty_assignment,ASG-003617,applicability_note,,관리주체 확인 필요(FMS 관리주체 정보 없음·추정) — 용인시 관리면 「해당」으로,③ 관리주체 확인필요
duty_assignment,ASG-003618,applicability,해당,확인필요,③ 관리주체 확인필요
duty_assignment,ASG-003618,applicability_note,,관리주체 확인 필요(FMS 관리주체 정보 없음·추정) — 용인시 관리면 「해당」으로,③ 관리주체 확인필요
duty_assignment,ASG-003620,applicability,해당,확인필요,③ 관리주체 확인필요
duty_assignment,ASG-003620,applicability_note,,관리주체 확인 필요(FMS 관리주체 정보 없음·추정) — 용인시 관리면 「해당」으로,③ 관리주체 확인필요
duty_assignment,ASG-003621,applicability,해당,확인필요,③ 관리주체 확인필요
duty_assignment,ASG-003621,applicability_note,,관리주체 확인 필요(FMS 관리주체 정보 없음·추정) — 용인시 관리면 「해당」으로,③ 관리주체 확인필요
duty_assignment,ASG-003622,applicability,해당,확인필요,③ 관리주체 확인필요
duty_assignment,ASG-003622,applicability_note,,관리주체 확인 필요(FMS 관리주체 정보 없음·추정) — 용인시 관리면 「해당」으로,③ 관리주체 확인필요
duty_assignment,ASG-003624,applicability,해당,확인필요,③ 관리주체 확인필요
duty_assignment,ASG-003624,applicability_note,,관리주체 확인 필요(FMS 관리주체 정보 없음·추정) — 용인시 관리면 「해당」으로,③ 관리주체 확인필요
duty_assignment,ASG-003625,applicability,해당,확인필요,③ 관리주체 확인필요
duty_assignment,ASG-003625,applicability_note,,관리주체 확인 필요(FMS 관리주체 정보 없음·추정) — 용인시 관리면 「해당」으로,③ 관리주체 확인필요
duty_assignment,ASG-003626,applicability,해당,확인필요,③ 관리주체 확인필요
duty_assignment,ASG-003626,applicability_note,,관리주체 확인 필요(FMS 관리주체 정보 없음·추정) — 용인시 관리면 「해당」으로,③ 관리주체 확인필요
duty_assignment,ASG-003628,applicability,해당,확인필요,③ 관리주체 확인필요
duty_assignment,ASG-003628,applicability_note,,관리주체 확인 필요(FMS 관리주체 정보 없음·추정) — 용인시 관리면 「해당」으로,③ 관리주체 확인필요
duty_assignment,ASG-003629,applicability,해당,확인필요,③ 관리주체 확인필요
duty_assignment,ASG-003629,applicability_note,,관리주체 확인 필요(FMS 관리주체 정보 없음·추정) — 용인시 관리면 「해당」으로,③ 관리주체 확인필요
duty_assignment,ASG-003630,applicability,해당,확인필요,③ 관리주체 확인필요
duty_assignment,ASG-003630,applicability_note,,관리주체 확인 필요(FMS 관리주체 정보 없음·추정) — 용인시 관리면 「해당」으로,③ 관리주체 확인필요
duty_assignment,ASG-003632,applicability,해당,확인필요,③ 관리주체 확인필요
duty_assignment,ASG-003632,applicability_note,,관리주체 확인 필요(FMS 관리주체 정보 없음·추정) — 용인시 관리면 「해당」으로,③ 관리주체 확인필요
duty_assignment,ASG-003633,applicability,해당,확인필요,③ 관리주체 확인필요
duty_assignment,ASG-003633,applicability_note,,관리주체 확인 필요(FMS 관리주체 정보 없음·추정) — 용인시 관리면 「해당」으로,③ 관리주체 확인필요
duty_assignment,ASG-003634,applicability,해당,확인필요,③ 관리주체 확인필요
duty_assignment,ASG-003634,applicability_note,,관리주체 확인 필요(FMS 관리주체 정보 없음·추정) — 용인시 관리면 「해당」으로,③ 관리주체 확인필요
duty_assignment,ASG-003636,applicability,해당,확인필요,③ 관리주체 확인필요
duty_assignment,ASG-003636,applicability_note,,관리주체 확인 필요(FMS 관리주체 정보 없음·추정) — 용인시 관리면 「해당」으로,③ 관리주체 확인필요
duty_assignment,ASG-003637,applicability,해당,확인필요,③ 관리주체 확인필요
duty_assignment,ASG-003637,applicability_note,,관리주체 확인 필요(FMS 관리주체 정보 없음·추정) — 용인시 관리면 「해당」으로,③ 관리주체 확인필요
duty_assignment,ASG-003638,applicability,해당,확인필요,③ 관리주체 확인필요
duty_assignment,ASG-003638,applicability_note,,관리주체 확인 필요(FMS 관리주체 정보 없음·추정) — 용인시 관리면 「해당」으로,③ 관리주체 확인필요
duty_assignment,ASG-003644,applicability,해당,확인필요,③ 관리주체 확인필요
duty_assignment,ASG-003644,applicability_note,,관리주체 확인 필요(FMS 관리주체 정보 없음·추정) — 용인시 관리면 「해당」으로,③ 관리주체 확인필요
duty_assignment,ASG-003645,applicability,해당,확인필요,③ 관리주체 확인필요
duty_assignment,ASG-003645,applicability_note,,관리주체 확인 필요(FMS 관리주체 정보 없음·추정) — 용인시 관리면 「해당」으로,③ 관리주체 확인필요
duty_assignment,ASG-003646,applicability,해당,확인필요,③ 관리주체 확인필요
duty_assignment,ASG-003646,applicability_note,,관리주체 확인 필요(FMS 관리주체 정보 없음·추정) — 용인시 관리면 「해당」으로,③ 관리주체 확인필요
duty_assignment,ASG-003648,applicability,해당,확인필요,③ 관리주체 확인필요
duty_assignment,ASG-003648,applicability_note,,관리주체 확인 필요(FMS 관리주체 정보 없음·추정) — 용인시 관리면 「해당」으로,③ 관리주체 확인필요
duty_assignment,ASG-003649,applicability,해당,확인필요,③ 관리주체 확인필요
duty_assignment,ASG-003649,applicability_note,,관리주체 확인 필요(FMS 관리주체 정보 없음·추정) — 용인시 관리면 「해당」으로,③ 관리주체 확인필요
duty_assignment,ASG-003650,applicability,해당,확인필요,③ 관리주체 확인필요
duty_assignment,ASG-003650,applicability_note,,관리주체 확인 필요(FMS 관리주체 정보 없음·추정) — 용인시 관리면 「해당」으로,③ 관리주체 확인필요
duty_assignment,ASG-003652,applicability,해당,확인필요,③ 관리주체 확인필요
duty_assignment,ASG-003652,applicability_note,,관리주체 확인 필요(FMS 관리주체 정보 없음·추정) — 용인시 관리면 「해당」으로,③ 관리주체 확인필요
duty_assignment,ASG-003653,applicability,해당,확인필요,③ 관리주체 확인필요
duty_assignment,ASG-003653,applicability_note,,관리주체 확인 필요(FMS 관리주체 정보 없음·추정) — 용인시 관리면 「해당」으로,③ 관리주체 확인필요
duty_assignment,ASG-003654,applicability,해당,확인필요,③ 관리주체 확인필요
duty_assignment,ASG-003654,applicability_note,,관리주체 확인 필요(FMS 관리주체 정보 없음·추정) — 용인시 관리면 「해당」으로,③ 관리주체 확인필요
duty_assignment,ASG-003656,applicability,해당,확인필요,③ 관리주체 확인필요
duty_assignment,ASG-003656,applicability_note,,관리주체 확인 필요(FMS 관리주체 정보 없음·추정) — 용인시 관리면 「해당」으로,③ 관리주체 확인필요
duty_assignment,ASG-003657,applicability,해당,확인필요,③ 관리주체 확인필요
duty_assignment,ASG-003657,applicability_note,,관리주체 확인 필요(FMS 관리주체 정보 없음·추정) — 용인시 관리면 「해당」으로,③ 관리주체 확인필요
duty_assignment,ASG-003658,applicability,해당,확인필요,③ 관리주체 확인필요
duty_assignment,ASG-003658,applicability_note,,관리주체 확인 필요(FMS 관리주체 정보 없음·추정) — 용인시 관리면 「해당」으로,③ 관리주체 확인필요
duty_assignment,ASG-003660,applicability,해당,확인필요,③ 관리주체 확인필요
duty_assignment,ASG-003660,applicability_note,,관리주체 확인 필요(FMS 관리주체 정보 없음·추정) — 용인시 관리면 「해당」으로,③ 관리주체 확인필요
duty_assignment,ASG-003661,applicability,해당,확인필요,③ 관리주체 확인필요
duty_assignment,ASG-003661,applicability_note,,관리주체 확인 필요(FMS 관리주체 정보 없음·추정) — 용인시 관리면 「해당」으로,③ 관리주체 확인필요
duty_assignment,ASG-003662,applicability,해당,확인필요,③ 관리주체 확인필요
duty_assignment,ASG-003662,applicability_note,,관리주체 확인 필요(FMS 관리주체 정보 없음·추정) — 용인시 관리면 「해당」으로,③ 관리주체 확인필요
duty_assignment,ASG-003664,applicability,해당,확인필요,③ 관리주체 확인필요
duty_assignment,ASG-003664,applicability_note,,관리주체 확인 필요(FMS 관리주체 정보 없음·추정) — 용인시 관리면 「해당」으로,③ 관리주체 확인필요
duty_assignment,ASG-003665,applicability,해당,확인필요,③ 관리주체 확인필요
duty_assignment,ASG-003665,applicability_note,,관리주체 확인 필요(FMS 관리주체 정보 없음·추정) — 용인시 관리면 「해당」으로,③ 관리주체 확인필요
duty_assignment,ASG-003666,applicability,해당,확인필요,③ 관리주체 확인필요
duty_assignment,ASG-003666,applicability_note,,관리주체 확인 필요(FMS 관리주체 정보 없음·추정) — 용인시 관리면 「해당」으로,③ 관리주체 확인필요
duty_assignment,ASG-003668,applicability,해당,확인필요,③ 관리주체 확인필요
duty_assignment,ASG-003668,applicability_note,,관리주체 확인 필요(FMS 관리주체 정보 없음·추정) — 용인시 관리면 「해당」으로,③ 관리주체 확인필요
duty_assignment,ASG-003669,applicability,해당,확인필요,③ 관리주체 확인필요
duty_assignment,ASG-003669,applicability_note,,관리주체 확인 필요(FMS 관리주체 정보 없음·추정) — 용인시 관리면 「해당」으로,③ 관리주체 확인필요
duty_assignment,ASG-003670,applicability,해당,확인필요,③ 관리주체 확인필요
duty_assignment,ASG-003670,applicability_note,,관리주체 확인 필요(FMS 관리주체 정보 없음·추정) — 용인시 관리면 「해당」으로,③ 관리주체 확인필요
duty_assignment,ASG-003672,applicability,해당,확인필요,③ 관리주체 확인필요
duty_assignment,ASG-003672,applicability_note,,관리주체 확인 필요(FMS 관리주체 정보 없음·추정) — 용인시 관리면 「해당」으로,③ 관리주체 확인필요
duty_assignment,ASG-003673,applicability,해당,확인필요,③ 관리주체 확인필요
duty_assignment,ASG-003673,applicability_note,,관리주체 확인 필요(FMS 관리주체 정보 없음·추정) — 용인시 관리면 「해당」으로,③ 관리주체 확인필요
duty_assignment,ASG-003674,applicability,해당,확인필요,③ 관리주체 확인필요
duty_assignment,ASG-003674,applicability_note,,관리주체 확인 필요(FMS 관리주체 정보 없음·추정) — 용인시 관리면 「해당」으로,③ 관리주체 확인필요
duty_assignment,ASG-003676,applicability,해당,확인필요,③ 관리주체 확인필요
duty_assignment,ASG-003676,applicability_note,,관리주체 확인 필요(FMS 관리주체 정보 없음·추정) — 용인시 관리면 「해당」으로,③ 관리주체 확인필요
duty_assignment,ASG-003677,applicability,해당,확인필요,③ 관리주체 확인필요
duty_assignment,ASG-003677,applicability_note,,관리주체 확인 필요(FMS 관리주체 정보 없음·추정) — 용인시 관리면 「해당」으로,③ 관리주체 확인필요
duty_assignment,ASG-003678,applicability,해당,확인필요,③ 관리주체 확인필요
duty_assignment,ASG-003678,applicability_note,,관리주체 확인 필요(FMS 관리주체 정보 없음·추정) — 용인시 관리면 「해당」으로,③ 관리주체 확인필요
duty_assignment,ASG-003680,applicability,해당,확인필요,③ 관리주체 확인필요
duty_assignment,ASG-003680,applicability_note,,관리주체 확인 필요(FMS 관리주체 정보 없음·추정) — 용인시 관리면 「해당」으로,③ 관리주체 확인필요
duty_assignment,ASG-003681,applicability,해당,확인필요,③ 관리주체 확인필요
duty_assignment,ASG-003681,applicability_note,,관리주체 확인 필요(FMS 관리주체 정보 없음·추정) — 용인시 관리면 「해당」으로,③ 관리주체 확인필요
duty_assignment,ASG-003682,applicability,해당,확인필요,③ 관리주체 확인필요
duty_assignment,ASG-003682,applicability_note,,관리주체 확인 필요(FMS 관리주체 정보 없음·추정) — 용인시 관리면 「해당」으로,③ 관리주체 확인필요
duty_assignment,ASG-003684,applicability,해당,확인필요,③ 관리주체 확인필요
duty_assignment,ASG-003684,applicability_note,,관리주체 확인 필요(FMS 관리주체 정보 없음·추정) — 용인시 관리면 「해당」으로,③ 관리주체 확인필요
duty_assignment,ASG-003685,applicability,해당,확인필요,③ 관리주체 확인필요
duty_assignment,ASG-003685,applicability_note,,관리주체 확인 필요(FMS 관리주체 정보 없음·추정) — 용인시 관리면 「해당」으로,③ 관리주체 확인필요
duty_assignment,ASG-003686,applicability,해당,확인필요,③ 관리주체 확인필요
duty_assignment,ASG-003686,applicability_note,,관리주체 확인 필요(FMS 관리주체 정보 없음·추정) — 용인시 관리면 「해당」으로,③ 관리주체 확인필요
duty_assignment,ASG-003688,applicability,해당,확인필요,③ 관리주체 확인필요
duty_assignment,ASG-003688,applicability_note,,관리주체 확인 필요(FMS 관리주체 정보 없음·추정) — 용인시 관리면 「해당」으로,③ 관리주체 확인필요
duty_assignment,ASG-003689,applicability,해당,확인필요,③ 관리주체 확인필요
duty_assignment,ASG-003689,applicability_note,,관리주체 확인 필요(FMS 관리주체 정보 없음·추정) — 용인시 관리면 「해당」으로,③ 관리주체 확인필요
duty_assignment,ASG-003690,applicability,해당,확인필요,③ 관리주체 확인필요
duty_assignment,ASG-003690,applicability_note,,관리주체 확인 필요(FMS 관리주체 정보 없음·추정) — 용인시 관리면 「해당」으로,③ 관리주체 확인필요
duty_assignment,ASG-003692,applicability,해당,확인필요,③ 관리주체 확인필요
duty_assignment,ASG-003692,applicability_note,,관리주체 확인 필요(FMS 관리주체 정보 없음·추정) — 용인시 관리면 「해당」으로,③ 관리주체 확인필요
duty_assignment,ASG-003693,applicability,해당,확인필요,③ 관리주체 확인필요
duty_assignment,ASG-003693,applicability_note,,관리주체 확인 필요(FMS 관리주체 정보 없음·추정) — 용인시 관리면 「해당」으로,③ 관리주체 확인필요
duty_assignment,ASG-003694,applicability,해당,확인필요,③ 관리주체 확인필요
duty_assignment,ASG-003694,applicability_note,,관리주체 확인 필요(FMS 관리주체 정보 없음·추정) — 용인시 관리면 「해당」으로,③ 관리주체 확인필요
duty_assignment,ASG-003696,applicability,해당,확인필요,③ 관리주체 확인필요
duty_assignment,ASG-003696,applicability_note,,관리주체 확인 필요(FMS 관리주체 정보 없음·추정) — 용인시 관리면 「해당」으로,③ 관리주체 확인필요
duty_assignment,ASG-003697,applicability,해당,확인필요,③ 관리주체 확인필요
duty_assignment,ASG-003697,applicability_note,,관리주체 확인 필요(FMS 관리주체 정보 없음·추정) — 용인시 관리면 「해당」으로,③ 관리주체 확인필요
duty_assignment,ASG-003698,applicability,해당,확인필요,③ 관리주체 확인필요
duty_assignment,ASG-003698,applicability_note,,관리주체 확인 필요(FMS 관리주체 정보 없음·추정) — 용인시 관리면 「해당」으로,③ 관리주체 확인필요
duty_assignment,ASG-003703,applicability,해당,확인필요,③ 관리주체 확인필요
duty_assignment,ASG-003703,applicability_note,,관리주체 확인 필요(FMS 관리주체 정보 없음·추정) — 용인시 관리면 「해당」으로,③ 관리주체 확인필요
duty_assignment,ASG-003704,applicability,해당,확인필요,③ 관리주체 확인필요
duty_assignment,ASG-003704,applicability_note,,관리주체 확인 필요(FMS 관리주체 정보 없음·추정) — 용인시 관리면 「해당」으로,③ 관리주체 확인필요
duty_assignment,ASG-003705,applicability,해당,확인필요,③ 관리주체 확인필요
duty_assignment,ASG-003705,applicability_note,,관리주체 확인 필요(FMS 관리주체 정보 없음·추정) — 용인시 관리면 「해당」으로,③ 관리주체 확인필요
duty_assignment,ASG-003707,applicability,해당,확인필요,③ 관리주체 확인필요
duty_assignment,ASG-003707,applicability_note,,관리주체 확인 필요(FMS 관리주체 정보 없음·추정) — 용인시 관리면 「해당」으로,③ 관리주체 확인필요
duty_assignment,ASG-003708,applicability,해당,확인필요,③ 관리주체 확인필요
duty_assignment,ASG-003708,applicability_note,,관리주체 확인 필요(FMS 관리주체 정보 없음·추정) — 용인시 관리면 「해당」으로,③ 관리주체 확인필요
duty_assignment,ASG-003709,applicability,해당,확인필요,③ 관리주체 확인필요
duty_assignment,ASG-003709,applicability_note,,관리주체 확인 필요(FMS 관리주체 정보 없음·추정) — 용인시 관리면 「해당」으로,③ 관리주체 확인필요
duty_assignment,ASG-003711,applicability,해당,확인필요,③ 관리주체 확인필요
duty_assignment,ASG-003711,applicability_note,,관리주체 확인 필요(FMS 관리주체 정보 없음·추정) — 용인시 관리면 「해당」으로,③ 관리주체 확인필요
duty_assignment,ASG-003712,applicability,해당,확인필요,③ 관리주체 확인필요
duty_assignment,ASG-003712,applicability_note,,관리주체 확인 필요(FMS 관리주체 정보 없음·추정) — 용인시 관리면 「해당」으로,③ 관리주체 확인필요
duty_assignment,ASG-003713,applicability,해당,확인필요,③ 관리주체 확인필요
duty_assignment,ASG-003713,applicability_note,,관리주체 확인 필요(FMS 관리주체 정보 없음·추정) — 용인시 관리면 「해당」으로,③ 관리주체 확인필요
duty_assignment,ASG-003715,applicability,해당,확인필요,③ 관리주체 확인필요
duty_assignment,ASG-003715,applicability_note,,관리주체 확인 필요(FMS 관리주체 정보 없음·추정) — 용인시 관리면 「해당」으로,③ 관리주체 확인필요
duty_assignment,ASG-003716,applicability,해당,확인필요,③ 관리주체 확인필요
duty_assignment,ASG-003716,applicability_note,,관리주체 확인 필요(FMS 관리주체 정보 없음·추정) — 용인시 관리면 「해당」으로,③ 관리주체 확인필요
duty_assignment,ASG-003717,applicability,해당,확인필요,③ 관리주체 확인필요
duty_assignment,ASG-003717,applicability_note,,관리주체 확인 필요(FMS 관리주체 정보 없음·추정) — 용인시 관리면 「해당」으로,③ 관리주체 확인필요
duty_assignment,ASG-003719,applicability,해당,확인필요,③ 관리주체 확인필요
duty_assignment,ASG-003719,applicability_note,,관리주체 확인 필요(FMS 관리주체 정보 없음·추정) — 용인시 관리면 「해당」으로,③ 관리주체 확인필요
duty_assignment,ASG-003720,applicability,해당,확인필요,③ 관리주체 확인필요
duty_assignment,ASG-003720,applicability_note,,관리주체 확인 필요(FMS 관리주체 정보 없음·추정) — 용인시 관리면 「해당」으로,③ 관리주체 확인필요
duty_assignment,ASG-003721,applicability,해당,확인필요,③ 관리주체 확인필요
duty_assignment,ASG-003721,applicability_note,,관리주체 확인 필요(FMS 관리주체 정보 없음·추정) — 용인시 관리면 「해당」으로,③ 관리주체 확인필요
duty_assignment,ASG-003724,applicability,해당,확인필요,③ 관리주체 확인필요
duty_assignment,ASG-003724,applicability_note,,관리주체 확인 필요(FMS 관리주체 정보 없음·추정) — 용인시 관리면 「해당」으로,③ 관리주체 확인필요
duty_assignment,ASG-003725,applicability,해당,확인필요,③ 관리주체 확인필요
duty_assignment,ASG-003725,applicability_note,,관리주체 확인 필요(FMS 관리주체 정보 없음·추정) — 용인시 관리면 「해당」으로,③ 관리주체 확인필요
duty_assignment,ASG-003726,applicability,해당,확인필요,③ 관리주체 확인필요
duty_assignment,ASG-003726,applicability_note,,관리주체 확인 필요(FMS 관리주체 정보 없음·추정) — 용인시 관리면 「해당」으로,③ 관리주체 확인필요
duty_assignment,ASG-003729,applicability,해당,확인필요,③ 관리주체 확인필요
duty_assignment,ASG-003729,applicability_note,,관리주체 확인 필요(FMS 관리주체 정보 없음·추정) — 용인시 관리면 「해당」으로,③ 관리주체 확인필요
duty_assignment,ASG-003730,applicability,해당,확인필요,③ 관리주체 확인필요
duty_assignment,ASG-003730,applicability_note,,관리주체 확인 필요(FMS 관리주체 정보 없음·추정) — 용인시 관리면 「해당」으로,③ 관리주체 확인필요
duty_assignment,ASG-003731,applicability,해당,확인필요,③ 관리주체 확인필요
duty_assignment,ASG-003731,applicability_note,,관리주체 확인 필요(FMS 관리주체 정보 없음·추정) — 용인시 관리면 「해당」으로,③ 관리주체 확인필요
duty_assignment,ASG-003734,applicability,해당,확인필요,③ 관리주체 확인필요
duty_assignment,ASG-003734,applicability_note,,관리주체 확인 필요(FMS 관리주체 정보 없음·추정) — 용인시 관리면 「해당」으로,③ 관리주체 확인필요
duty_assignment,ASG-003735,applicability,해당,확인필요,③ 관리주체 확인필요
duty_assignment,ASG-003735,applicability_note,,관리주체 확인 필요(FMS 관리주체 정보 없음·추정) — 용인시 관리면 「해당」으로,③ 관리주체 확인필요
duty_assignment,ASG-003736,applicability,해당,확인필요,③ 관리주체 확인필요
duty_assignment,ASG-003736,applicability_note,,관리주체 확인 필요(FMS 관리주체 정보 없음·추정) — 용인시 관리면 「해당」으로,③ 관리주체 확인필요
duty_assignment,ASG-003738,applicability,해당,확인필요,③ 관리주체 확인필요
duty_assignment,ASG-003738,applicability_note,,관리주체 확인 필요(FMS 관리주체 정보 없음·추정) — 용인시 관리면 「해당」으로,③ 관리주체 확인필요
duty_assignment,ASG-003739,applicability,해당,확인필요,③ 관리주체 확인필요
duty_assignment,ASG-003739,applicability_note,,관리주체 확인 필요(FMS 관리주체 정보 없음·추정) — 용인시 관리면 「해당」으로,③ 관리주체 확인필요
duty_assignment,ASG-003740,applicability,해당,확인필요,③ 관리주체 확인필요
duty_assignment,ASG-003740,applicability_note,,관리주체 확인 필요(FMS 관리주체 정보 없음·추정) — 용인시 관리면 「해당」으로,③ 관리주체 확인필요
duty_assignment,ASG-003742,applicability,해당,확인필요,③ 관리주체 확인필요
duty_assignment,ASG-003742,applicability_note,,관리주체 확인 필요(FMS 관리주체 정보 없음·추정) — 용인시 관리면 「해당」으로,③ 관리주체 확인필요
duty_assignment,ASG-003743,applicability,해당,확인필요,③ 관리주체 확인필요
duty_assignment,ASG-003743,applicability_note,,관리주체 확인 필요(FMS 관리주체 정보 없음·추정) — 용인시 관리면 「해당」으로,③ 관리주체 확인필요
duty_assignment,ASG-003744,applicability,해당,확인필요,③ 관리주체 확인필요
duty_assignment,ASG-003744,applicability_note,,관리주체 확인 필요(FMS 관리주체 정보 없음·추정) — 용인시 관리면 「해당」으로,③ 관리주체 확인필요
duty_assignment,ASG-003746,applicability,해당,확인필요,③ 관리주체 확인필요
duty_assignment,ASG-003746,applicability_note,,관리주체 확인 필요(FMS 관리주체 정보 없음·추정) — 용인시 관리면 「해당」으로,③ 관리주체 확인필요
duty_assignment,ASG-003747,applicability,해당,확인필요,③ 관리주체 확인필요
duty_assignment,ASG-003747,applicability_note,,관리주체 확인 필요(FMS 관리주체 정보 없음·추정) — 용인시 관리면 「해당」으로,③ 관리주체 확인필요
duty_assignment,ASG-003748,applicability,해당,확인필요,③ 관리주체 확인필요
duty_assignment,ASG-003748,applicability_note,,관리주체 확인 필요(FMS 관리주체 정보 없음·추정) — 용인시 관리면 「해당」으로,③ 관리주체 확인필요
duty_assignment,ASG-003750,applicability,해당,확인필요,③ 관리주체 확인필요
duty_assignment,ASG-003750,applicability_note,,관리주체 확인 필요(FMS 관리주체 정보 없음·추정) — 용인시 관리면 「해당」으로,③ 관리주체 확인필요
duty_assignment,ASG-003751,applicability,해당,확인필요,③ 관리주체 확인필요
duty_assignment,ASG-003751,applicability_note,,관리주체 확인 필요(FMS 관리주체 정보 없음·추정) — 용인시 관리면 「해당」으로,③ 관리주체 확인필요
duty_assignment,ASG-003752,applicability,해당,확인필요,③ 관리주체 확인필요
duty_assignment,ASG-003752,applicability_note,,관리주체 확인 필요(FMS 관리주체 정보 없음·추정) — 용인시 관리면 「해당」으로,③ 관리주체 확인필요
duty_assignment,ASG-003754,applicability,해당,확인필요,③ 관리주체 확인필요
duty_assignment,ASG-003754,applicability_note,,관리주체 확인 필요(FMS 관리주체 정보 없음·추정) — 용인시 관리면 「해당」으로,③ 관리주체 확인필요
duty_assignment,ASG-003755,applicability,해당,확인필요,③ 관리주체 확인필요
duty_assignment,ASG-003755,applicability_note,,관리주체 확인 필요(FMS 관리주체 정보 없음·추정) — 용인시 관리면 「해당」으로,③ 관리주체 확인필요
duty_assignment,ASG-003756,applicability,해당,확인필요,③ 관리주체 확인필요
duty_assignment,ASG-003756,applicability_note,,관리주체 확인 필요(FMS 관리주체 정보 없음·추정) — 용인시 관리면 「해당」으로,③ 관리주체 확인필요
duty_assignment,ASG-003758,applicability,해당,확인필요,③ 관리주체 확인필요
duty_assignment,ASG-003758,applicability_note,,관리주체 확인 필요(FMS 관리주체 정보 없음·추정) — 용인시 관리면 「해당」으로,③ 관리주체 확인필요
duty_assignment,ASG-003759,applicability,해당,확인필요,③ 관리주체 확인필요
duty_assignment,ASG-003759,applicability_note,,관리주체 확인 필요(FMS 관리주체 정보 없음·추정) — 용인시 관리면 「해당」으로,③ 관리주체 확인필요
duty_assignment,ASG-003760,applicability,해당,확인필요,③ 관리주체 확인필요
duty_assignment,ASG-003760,applicability_note,,관리주체 확인 필요(FMS 관리주체 정보 없음·추정) — 용인시 관리면 「해당」으로,③ 관리주체 확인필요
duty_assignment,ASG-003762,applicability,해당,확인필요,③ 관리주체 확인필요
duty_assignment,ASG-003762,applicability_note,,관리주체 확인 필요(FMS 관리주체 정보 없음·추정) — 용인시 관리면 「해당」으로,③ 관리주체 확인필요
duty_assignment,ASG-003763,applicability,해당,확인필요,③ 관리주체 확인필요
duty_assignment,ASG-003763,applicability_note,,관리주체 확인 필요(FMS 관리주체 정보 없음·추정) — 용인시 관리면 「해당」으로,③ 관리주체 확인필요
duty_assignment,ASG-003764,applicability,해당,확인필요,③ 관리주체 확인필요
duty_assignment,ASG-003764,applicability_note,,관리주체 확인 필요(FMS 관리주체 정보 없음·추정) — 용인시 관리면 「해당」으로,③ 관리주체 확인필요
duty_assignment,ASG-003766,applicability,해당,확인필요,③ 관리주체 확인필요
duty_assignment,ASG-003766,applicability_note,,관리주체 확인 필요(FMS 관리주체 정보 없음·추정) — 용인시 관리면 「해당」으로,③ 관리주체 확인필요
duty_assignment,ASG-003767,applicability,해당,확인필요,③ 관리주체 확인필요
duty_assignment,ASG-003767,applicability_note,,관리주체 확인 필요(FMS 관리주체 정보 없음·추정) — 용인시 관리면 「해당」으로,③ 관리주체 확인필요
duty_assignment,ASG-003768,applicability,해당,확인필요,③ 관리주체 확인필요
duty_assignment,ASG-003768,applicability_note,,관리주체 확인 필요(FMS 관리주체 정보 없음·추정) — 용인시 관리면 「해당」으로,③ 관리주체 확인필요
duty_assignment,ASG-003770,applicability,해당,확인필요,③ 관리주체 확인필요
duty_assignment,ASG-003770,applicability_note,,관리주체 확인 필요(FMS 관리주체 정보 없음·추정) — 용인시 관리면 「해당」으로,③ 관리주체 확인필요
duty_assignment,ASG-003771,applicability,해당,확인필요,③ 관리주체 확인필요
duty_assignment,ASG-003771,applicability_note,,관리주체 확인 필요(FMS 관리주체 정보 없음·추정) — 용인시 관리면 「해당」으로,③ 관리주체 확인필요
duty_assignment,ASG-003772,applicability,해당,확인필요,③ 관리주체 확인필요
duty_assignment,ASG-003772,applicability_note,,관리주체 확인 필요(FMS 관리주체 정보 없음·추정) — 용인시 관리면 「해당」으로,③ 관리주체 확인필요
duty_assignment,ASG-003774,applicability,해당,확인필요,③ 관리주체 확인필요
duty_assignment,ASG-003774,applicability_note,,관리주체 확인 필요(FMS 관리주체 정보 없음·추정) — 용인시 관리면 「해당」으로,③ 관리주체 확인필요
duty_assignment,ASG-003775,applicability,해당,확인필요,③ 관리주체 확인필요
duty_assignment,ASG-003775,applicability_note,,관리주체 확인 필요(FMS 관리주체 정보 없음·추정) — 용인시 관리면 「해당」으로,③ 관리주체 확인필요
duty_assignment,ASG-003776,applicability,해당,확인필요,③ 관리주체 확인필요
duty_assignment,ASG-003776,applicability_note,,관리주체 확인 필요(FMS 관리주체 정보 없음·추정) — 용인시 관리면 「해당」으로,③ 관리주체 확인필요
duty_assignment,ASG-003778,applicability,해당,확인필요,③ 관리주체 확인필요
duty_assignment,ASG-003778,applicability_note,,관리주체 확인 필요(FMS 관리주체 정보 없음·추정) — 용인시 관리면 「해당」으로,③ 관리주체 확인필요
duty_assignment,ASG-003779,applicability,해당,확인필요,③ 관리주체 확인필요
duty_assignment,ASG-003779,applicability_note,,관리주체 확인 필요(FMS 관리주체 정보 없음·추정) — 용인시 관리면 「해당」으로,③ 관리주체 확인필요
duty_assignment,ASG-003780,applicability,해당,확인필요,③ 관리주체 확인필요
duty_assignment,ASG-003780,applicability_note,,관리주체 확인 필요(FMS 관리주체 정보 없음·추정) — 용인시 관리면 「해당」으로,③ 관리주체 확인필요
duty_assignment,ASG-003782,applicability,해당,확인필요,③ 관리주체 확인필요
duty_assignment,ASG-003782,applicability_note,,관리주체 확인 필요(FMS 관리주체 정보 없음·추정) — 용인시 관리면 「해당」으로,③ 관리주체 확인필요
duty_assignment,ASG-003783,applicability,해당,확인필요,③ 관리주체 확인필요
duty_assignment,ASG-003783,applicability_note,,관리주체 확인 필요(FMS 관리주체 정보 없음·추정) — 용인시 관리면 「해당」으로,③ 관리주체 확인필요
duty_assignment,ASG-003784,applicability,해당,확인필요,③ 관리주체 확인필요
duty_assignment,ASG-003784,applicability_note,,관리주체 확인 필요(FMS 관리주체 정보 없음·추정) — 용인시 관리면 「해당」으로,③ 관리주체 확인필요
duty_assignment,ASG-003786,applicability,해당,확인필요,③ 관리주체 확인필요
duty_assignment,ASG-003786,applicability_note,,관리주체 확인 필요(FMS 관리주체 정보 없음·추정) — 용인시 관리면 「해당」으로,③ 관리주체 확인필요
duty_assignment,ASG-003787,applicability,해당,확인필요,③ 관리주체 확인필요
duty_assignment,ASG-003787,applicability_note,,관리주체 확인 필요(FMS 관리주체 정보 없음·추정) — 용인시 관리면 「해당」으로,③ 관리주체 확인필요
duty_assignment,ASG-003788,applicability,해당,확인필요,③ 관리주체 확인필요
duty_assignment,ASG-003788,applicability_note,,관리주체 확인 필요(FMS 관리주체 정보 없음·추정) — 용인시 관리면 「해당」으로,③ 관리주체 확인필요
duty_assignment,ASG-003790,applicability,해당,확인필요,③ 관리주체 확인필요
duty_assignment,ASG-003790,applicability_note,,관리주체 확인 필요(FMS 관리주체 정보 없음·추정) — 용인시 관리면 「해당」으로,③ 관리주체 확인필요
duty_assignment,ASG-003791,applicability,해당,확인필요,③ 관리주체 확인필요
duty_assignment,ASG-003791,applicability_note,,관리주체 확인 필요(FMS 관리주체 정보 없음·추정) — 용인시 관리면 「해당」으로,③ 관리주체 확인필요
duty_assignment,ASG-003792,applicability,해당,확인필요,③ 관리주체 확인필요
duty_assignment,ASG-003792,applicability_note,,관리주체 확인 필요(FMS 관리주체 정보 없음·추정) — 용인시 관리면 「해당」으로,③ 관리주체 확인필요
duty_assignment,ASG-003795,applicability,해당,확인필요,③ 관리주체 확인필요
duty_assignment,ASG-003795,applicability_note,,관리주체 확인 필요(FMS 관리주체 정보 없음·추정) — 용인시 관리면 「해당」으로,③ 관리주체 확인필요
duty_assignment,ASG-003796,applicability,해당,확인필요,③ 관리주체 확인필요
duty_assignment,ASG-003796,applicability_note,,관리주체 확인 필요(FMS 관리주체 정보 없음·추정) — 용인시 관리면 「해당」으로,③ 관리주체 확인필요
duty_assignment,ASG-003797,applicability,해당,확인필요,③ 관리주체 확인필요
duty_assignment,ASG-003797,applicability_note,,관리주체 확인 필요(FMS 관리주체 정보 없음·추정) — 용인시 관리면 「해당」으로,③ 관리주체 확인필요
duty_assignment,ASG-003799,applicability,해당,확인필요,③ 관리주체 확인필요
duty_assignment,ASG-003799,applicability_note,,관리주체 확인 필요(FMS 관리주체 정보 없음·추정) — 용인시 관리면 「해당」으로,③ 관리주체 확인필요
duty_assignment,ASG-003800,applicability,해당,확인필요,③ 관리주체 확인필요
duty_assignment,ASG-003800,applicability_note,,관리주체 확인 필요(FMS 관리주체 정보 없음·추정) — 용인시 관리면 「해당」으로,③ 관리주체 확인필요
duty_assignment,ASG-003801,applicability,해당,확인필요,③ 관리주체 확인필요
duty_assignment,ASG-003801,applicability_note,,관리주체 확인 필요(FMS 관리주체 정보 없음·추정) — 용인시 관리면 「해당」으로,③ 관리주체 확인필요
duty_assignment,ASG-003803,applicability,해당,확인필요,③ 관리주체 확인필요
duty_assignment,ASG-003803,applicability_note,,관리주체 확인 필요(FMS 관리주체 정보 없음·추정) — 용인시 관리면 「해당」으로,③ 관리주체 확인필요
duty_assignment,ASG-003804,applicability,해당,확인필요,③ 관리주체 확인필요
duty_assignment,ASG-003804,applicability_note,,관리주체 확인 필요(FMS 관리주체 정보 없음·추정) — 용인시 관리면 「해당」으로,③ 관리주체 확인필요
duty_assignment,ASG-003805,applicability,해당,확인필요,③ 관리주체 확인필요
duty_assignment,ASG-003805,applicability_note,,관리주체 확인 필요(FMS 관리주체 정보 없음·추정) — 용인시 관리면 「해당」으로,③ 관리주체 확인필요
duty_assignment,ASG-003807,applicability,해당,확인필요,③ 관리주체 확인필요
duty_assignment,ASG-003807,applicability_note,,관리주체 확인 필요(FMS 관리주체 정보 없음·추정) — 용인시 관리면 「해당」으로,③ 관리주체 확인필요
duty_assignment,ASG-003808,applicability,해당,확인필요,③ 관리주체 확인필요
duty_assignment,ASG-003808,applicability_note,,관리주체 확인 필요(FMS 관리주체 정보 없음·추정) — 용인시 관리면 「해당」으로,③ 관리주체 확인필요
duty_assignment,ASG-003809,applicability,해당,확인필요,③ 관리주체 확인필요
duty_assignment,ASG-003809,applicability_note,,관리주체 확인 필요(FMS 관리주체 정보 없음·추정) — 용인시 관리면 「해당」으로,③ 관리주체 확인필요
duty_assignment,ASG-003811,applicability,해당,확인필요,③ 관리주체 확인필요
duty_assignment,ASG-003811,applicability_note,,관리주체 확인 필요(FMS 관리주체 정보 없음·추정) — 용인시 관리면 「해당」으로,③ 관리주체 확인필요
duty_assignment,ASG-003812,applicability,해당,확인필요,③ 관리주체 확인필요
duty_assignment,ASG-003812,applicability_note,,관리주체 확인 필요(FMS 관리주체 정보 없음·추정) — 용인시 관리면 「해당」으로,③ 관리주체 확인필요
duty_assignment,ASG-003813,applicability,해당,확인필요,③ 관리주체 확인필요
duty_assignment,ASG-003813,applicability_note,,관리주체 확인 필요(FMS 관리주체 정보 없음·추정) — 용인시 관리면 「해당」으로,③ 관리주체 확인필요
duty_assignment,ASG-003815,applicability,해당,확인필요,③ 관리주체 확인필요
duty_assignment,ASG-003815,applicability_note,,관리주체 확인 필요(FMS 관리주체 정보 없음·추정) — 용인시 관리면 「해당」으로,③ 관리주체 확인필요
duty_assignment,ASG-003816,applicability,해당,확인필요,③ 관리주체 확인필요
duty_assignment,ASG-003816,applicability_note,,관리주체 확인 필요(FMS 관리주체 정보 없음·추정) — 용인시 관리면 「해당」으로,③ 관리주체 확인필요
duty_assignment,ASG-003817,applicability,해당,확인필요,③ 관리주체 확인필요
duty_assignment,ASG-003817,applicability_note,,관리주체 확인 필요(FMS 관리주체 정보 없음·추정) — 용인시 관리면 「해당」으로,③ 관리주체 확인필요
duty_assignment,ASG-003819,applicability,해당,확인필요,③ 관리주체 확인필요
duty_assignment,ASG-003819,applicability_note,,관리주체 확인 필요(FMS 관리주체 정보 없음·추정) — 용인시 관리면 「해당」으로,③ 관리주체 확인필요
duty_assignment,ASG-003820,applicability,해당,확인필요,③ 관리주체 확인필요
duty_assignment,ASG-003820,applicability_note,,관리주체 확인 필요(FMS 관리주체 정보 없음·추정) — 용인시 관리면 「해당」으로,③ 관리주체 확인필요
duty_assignment,ASG-003821,applicability,해당,확인필요,③ 관리주체 확인필요
duty_assignment,ASG-003821,applicability_note,,관리주체 확인 필요(FMS 관리주체 정보 없음·추정) — 용인시 관리면 「해당」으로,③ 관리주체 확인필요
duty_assignment,ASG-003823,applicability,해당,확인필요,③ 관리주체 확인필요
duty_assignment,ASG-003823,applicability_note,,관리주체 확인 필요(FMS 관리주체 정보 없음·추정) — 용인시 관리면 「해당」으로,③ 관리주체 확인필요
duty_assignment,ASG-003824,applicability,해당,확인필요,③ 관리주체 확인필요
duty_assignment,ASG-003824,applicability_note,,관리주체 확인 필요(FMS 관리주체 정보 없음·추정) — 용인시 관리면 「해당」으로,③ 관리주체 확인필요
duty_assignment,ASG-003825,applicability,해당,확인필요,③ 관리주체 확인필요
duty_assignment,ASG-003825,applicability_note,,관리주체 확인 필요(FMS 관리주체 정보 없음·추정) — 용인시 관리면 「해당」으로,③ 관리주체 확인필요
duty_assignment,ASG-003832,applicability,해당,확인필요,③ 관리주체 확인필요
duty_assignment,ASG-003832,applicability_note,,관리주체 확인 필요(FMS 관리주체 정보 없음·추정) — 용인시 관리면 「해당」으로,③ 관리주체 확인필요
duty_assignment,ASG-003833,applicability,해당,확인필요,③ 관리주체 확인필요
duty_assignment,ASG-003833,applicability_note,,관리주체 확인 필요(FMS 관리주체 정보 없음·추정) — 용인시 관리면 「해당」으로,③ 관리주체 확인필요
duty_assignment,ASG-003834,applicability,해당,확인필요,③ 관리주체 확인필요
duty_assignment,ASG-003834,applicability_note,,관리주체 확인 필요(FMS 관리주체 정보 없음·추정) — 용인시 관리면 「해당」으로,③ 관리주체 확인필요
duty_assignment,ASG-003836,applicability,해당,확인필요,③ 관리주체 확인필요
duty_assignment,ASG-003836,applicability_note,,관리주체 확인 필요(FMS 관리주체 정보 없음·추정) — 용인시 관리면 「해당」으로,③ 관리주체 확인필요
duty_assignment,ASG-003837,applicability,해당,확인필요,③ 관리주체 확인필요
duty_assignment,ASG-003837,applicability_note,,관리주체 확인 필요(FMS 관리주체 정보 없음·추정) — 용인시 관리면 「해당」으로,③ 관리주체 확인필요
duty_assignment,ASG-003838,applicability,해당,확인필요,③ 관리주체 확인필요
duty_assignment,ASG-003838,applicability_note,,관리주체 확인 필요(FMS 관리주체 정보 없음·추정) — 용인시 관리면 「해당」으로,③ 관리주체 확인필요
duty_assignment,ASG-003840,applicability,해당,확인필요,③ 관리주체 확인필요
duty_assignment,ASG-003840,applicability_note,,관리주체 확인 필요(FMS 관리주체 정보 없음·추정) — 용인시 관리면 「해당」으로,③ 관리주체 확인필요
duty_assignment,ASG-003841,applicability,해당,확인필요,③ 관리주체 확인필요
duty_assignment,ASG-003841,applicability_note,,관리주체 확인 필요(FMS 관리주체 정보 없음·추정) — 용인시 관리면 「해당」으로,③ 관리주체 확인필요
duty_assignment,ASG-003842,applicability,해당,확인필요,③ 관리주체 확인필요
duty_assignment,ASG-003842,applicability_note,,관리주체 확인 필요(FMS 관리주체 정보 없음·추정) — 용인시 관리면 「해당」으로,③ 관리주체 확인필요
duty_assignment,ASG-003844,applicability,해당,확인필요,③ 관리주체 확인필요
duty_assignment,ASG-003844,applicability_note,,관리주체 확인 필요(FMS 관리주체 정보 없음·추정) — 용인시 관리면 「해당」으로,③ 관리주체 확인필요
duty_assignment,ASG-003845,applicability,해당,확인필요,③ 관리주체 확인필요
duty_assignment,ASG-003845,applicability_note,,관리주체 확인 필요(FMS 관리주체 정보 없음·추정) — 용인시 관리면 「해당」으로,③ 관리주체 확인필요
duty_assignment,ASG-003846,applicability,해당,확인필요,③ 관리주체 확인필요
duty_assignment,ASG-003846,applicability_note,,관리주체 확인 필요(FMS 관리주체 정보 없음·추정) — 용인시 관리면 「해당」으로,③ 관리주체 확인필요
