table,key,col,old,new,why
org_dept,D01,dept_name,중대재해예방과,중대재해예방팀,용인시 실제 조직에 맞춤
org_dept,D02,dept_name,안전총괄과,안전점검팀,용인시 실제 조직에 맞춤
org_dept,D03,dept_name,도로과(교량·터널),도로구조물과,용인시 실제 조직에 맞춤
org_dept,D05,dept_name,하수도과,하수도사업소,용인시 실제 조직에 맞춤
org_dept,D06,dept_name,공원녹지과,푸른공원사업소,용인시 실제 조직에 맞춤
org_dept,D09,dept_name,건축과(청사·건축물),건축과,용인시 실제 조직에 맞춤
org_dept,D10,dept_name,교통정책과(경전철·주차장),교통정책과,용인시 실제 조직에 맞춤
org_dept,D13,dept_name,재난안전과,재난대응담당관,용인시 실제 조직에 맞춤
org_dept,D15,(새 부서),,도로건설과,관련 부서 추가
org_dept,D16,(새 부서),,도시철도과,관련 부서 추가
org_dept,D17,(새 부서),,생태하천과,관련 부서 추가
org_dept,D18,(새 부서),,산림과,관련 부서 추가
org_dept,D19,(새 부서),,공공건축과,관련 부서 추가
org_dept,D20,(새 부서),,대중교통과,관련 부서 추가
org_dept,D21,(새 부서),,공동주택과,관련 부서 추가
org_dept,D22,(새 부서),,안전정책팀,관련 부서 추가
staff,SD15-1,(새 직원),,김도윤 주무관(정담당),새 부서 실무자
staff,SD15-2,(새 직원),,이서현 주무관(부담당),새 부서 실무자
staff,SD16-1,(새 직원),,박지호 주무관(정담당),새 부서 실무자
staff,SD16-2,(새 직원),,최유진 주무관(부담당),새 부서 실무자
staff,SD17-1,(새 직원),,정하준 주무관(정담당),새 부서 실무자
staff,SD17-2,(새 직원),,강민서 주무관(부담당),새 부서 실무자
staff,SD18-1,(새 직원),,조은비 주무관(정담당),새 부서 실무자
staff,SD18-2,(새 직원),,윤성호 주무관(부담당),새 부서 실무자
staff,SD19-1,(새 직원),,장다은 주무관(정담당),새 부서 실무자
staff,SD19-2,(새 직원),,임재훈 주무관(부담당),새 부서 실무자
staff,SD20-1,(새 직원),,한지원 주무관(정담당),새 부서 실무자
staff,SD20-2,(새 직원),,오세진 주무관(부담당),새 부서 실무자
staff,SD21-1,(새 직원),,서준영 주무관(정담당),새 부서 실무자
staff,SD21-2,(새 직원),,신미경 주무관(부담당),새 부서 실무자
staff,SD22-1,(새 직원),,권태호 주무관(정담당),새 부서 실무자
staff,SD22-2,(새 직원),,황수진 주무관(부담당),새 부서 실무자
staff,H01,(새 직원),,안정우 중대재해예방팀장,결재선 부서장
staff,H02,(새 직원),,송예린 안전점검팀장,결재선 부서장
staff,H03,(새 직원),,전현우 도로구조물과장,결재선 부서장
staff,H04,(새 직원),,홍승민 정수과장,결재선 부서장
staff,H05,(새 직원),,유다인 하수운영과장,결재선 부서장
staff,H06,(새 직원),,고민재 동부공원관리과장,결재선 부서장
staff,H07,(새 직원),,문성희 보육정책과장,결재선 부서장
staff,H08,(새 직원),,양지훈 체육진흥과장,결재선 부서장
staff,H09,(새 직원),,손유나 건축과장,결재선 부서장
staff,H10,(새 직원),,배준혁 교통정책과장,결재선 부서장
staff,H11,(새 직원),,백서영 보건정책과장,결재선 부서장
staff,H12,(새 직원),,허동현 자원순환과장,결재선 부서장
staff,H13,(새 직원),,노은서 재난대응담당관,결재선 부서장
staff,H14,(새 직원),,구본석 기술지원과장,결재선 부서장
staff,H15,(새 직원),,민채원 도로건설과장,결재선 부서장
staff,H16,(새 직원),,하승우 도시철도과장,결재선 부서장
staff,H17,(새 직원),,진소영 생태하천과장,결재선 부서장
staff,H18,(새 직원),,탁용준 산림과장,결재선 부서장
staff,H19,(새 직원),,변지민 공공건축과장,결재선 부서장
staff,H20,(새 직원),,염태경 대중교통과장,결재선 부서장
staff,H21,(새 직원),,곽나연 공동주택과장,결재선 부서장
staff,H22,(새 직원),,석진호 안전정책팀장,결재선 부서장
staff,G01,(새 직원),,우혜린 안전정책관,결재선 총괄 확인
staff,CEO-1,(새 직원),,시장,경영책임자(직원 명부에 없어 기록이 다른 이름으로 남던 것 바로잡음)
asset,AR1973-0000439,dept_id,D09,D21,공동주택 — 공동주택과(감독). 관리주체는 민간 · 중대재해처벌법 공중이용시설 제외
asset,AR1973-0000440,dept_id,D09,D21,공동주택 — 공동주택과(감독). 관리주체는 민간 · 중대재해처벌법 공중이용시설 제외
asset,AR1973-0000441,dept_id,D09,D21,공동주택 — 공동주택과(감독). 관리주체는 민간 · 중대재해처벌법 공중이용시설 제외
asset,AR1998-0003312,dept_id,D09,D21,공동주택 — 공동주택과(감독). 관리주체는 민간 · 중대재해처벌법 공중이용시설 제외
asset,AR1998-0003313,dept_id,D09,D21,공동주택 — 공동주택과(감독). 관리주체는 민간 · 중대재해처벌법 공중이용시설 제외
asset,AR1998-0003314,dept_id,D09,D21,공동주택 — 공동주택과(감독). 관리주체는 민간 · 중대재해처벌법 공중이용시설 제외
asset,AR1998-0003315,dept_id,D09,D21,공동주택 — 공동주택과(감독). 관리주체는 민간 · 중대재해처벌법 공중이용시설 제외
asset,AR1998-0003316,dept_id,D09,D21,공동주택 — 공동주택과(감독). 관리주체는 민간 · 중대재해처벌법 공중이용시설 제외
asset,AR1998-0003317,dept_id,D09,D21,공동주택 — 공동주택과(감독). 관리주체는 민간 · 중대재해처벌법 공중이용시설 제외
asset,AR2000-0000491,dept_id,D09,D21,공동주택 — 공동주택과(감독). 관리주체는 민간 · 중대재해처벌법 공중이용시설 제외
asset,AR2000-0000492,dept_id,D09,D21,공동주택 — 공동주택과(감독). 관리주체는 민간 · 중대재해처벌법 공중이용시설 제외
asset,AR2000-0000493,dept_id,D09,D21,공동주택 — 공동주택과(감독). 관리주체는 민간 · 중대재해처벌법 공중이용시설 제외
asset,AR2000-0000494,dept_id,D09,D21,공동주택 — 공동주택과(감독). 관리주체는 민간 · 중대재해처벌법 공중이용시설 제외
asset,AR2000-0000495,dept_id,D09,D21,공동주택 — 공동주택과(감독). 관리주체는 민간 · 중대재해처벌법 공중이용시설 제외
asset,AR2000-0000496,dept_id,D09,D21,공동주택 — 공동주택과(감독). 관리주체는 민간 · 중대재해처벌법 공중이용시설 제외
asset,AR2000-0000497,dept_id,D09,D21,공동주택 — 공동주택과(감독). 관리주체는 민간 · 중대재해처벌법 공중이용시설 제외
asset,AR2000-0000498,dept_id,D09,D21,공동주택 — 공동주택과(감독). 관리주체는 민간 · 중대재해처벌법 공중이용시설 제외
asset,AR2000-0000499,dept_id,D09,D21,공동주택 — 공동주택과(감독). 관리주체는 민간 · 중대재해처벌법 공중이용시설 제외
asset,AR2004-0004391,dept_id,D09,D21,공동주택 — 공동주택과(감독). 관리주체는 민간 · 중대재해처벌법 공중이용시설 제외
asset,AR2004-0004392,dept_id,D09,D21,공동주택 — 공동주택과(감독). 관리주체는 민간 · 중대재해처벌법 공중이용시설 제외
asset,AR2004-0004393,dept_id,D09,D21,공동주택 — 공동주택과(감독). 관리주체는 민간 · 중대재해처벌법 공중이용시설 제외
asset,AR2004-0004394,dept_id,D09,D21,공동주택 — 공동주택과(감독). 관리주체는 민간 · 중대재해처벌법 공중이용시설 제외
asset,AR2004-0004395,dept_id,D09,D21,공동주택 — 공동주택과(감독). 관리주체는 민간 · 중대재해처벌법 공중이용시설 제외
asset,AR2004-0004396,dept_id,D09,D21,공동주택 — 공동주택과(감독). 관리주체는 민간 · 중대재해처벌법 공중이용시설 제외
asset,AR2004-0005956,dept_id,D09,D21,공동주택 — 공동주택과(감독). 관리주체는 민간 · 중대재해처벌법 공중이용시설 제외
asset,AR2004-0005957,dept_id,D09,D21,공동주택 — 공동주택과(감독). 관리주체는 민간 · 중대재해처벌법 공중이용시설 제외
asset,AR2004-0005958,dept_id,D09,D21,공동주택 — 공동주택과(감독). 관리주체는 민간 · 중대재해처벌법 공중이용시설 제외
asset,AR2004-0005959,dept_id,D09,D21,공동주택 — 공동주택과(감독). 관리주체는 민간 · 중대재해처벌법 공중이용시설 제외
asset,AR2004-0005960,dept_id,D09,D21,공동주택 — 공동주택과(감독). 관리주체는 민간 · 중대재해처벌법 공중이용시설 제외
asset,AR2004-0005961,dept_id,D09,D21,공동주택 — 공동주택과(감독). 관리주체는 민간 · 중대재해처벌법 공중이용시설 제외
asset,AR2004-0005962,dept_id,D09,D21,공동주택 — 공동주택과(감독). 관리주체는 민간 · 중대재해처벌법 공중이용시설 제외
asset,AR2004-0005963,dept_id,D09,D21,공동주택 — 공동주택과(감독). 관리주체는 민간 · 중대재해처벌법 공중이용시설 제외
asset,AR2004-0005964,dept_id,D09,D21,공동주택 — 공동주택과(감독). 관리주체는 민간 · 중대재해처벌법 공중이용시설 제외
asset,AR2004-0005965,dept_id,D09,D21,공동주택 — 공동주택과(감독). 관리주체는 민간 · 중대재해처벌법 공중이용시설 제외
asset,AR2004-0005966,dept_id,D09,D21,공동주택 — 공동주택과(감독). 관리주체는 민간 · 중대재해처벌법 공중이용시설 제외
asset,AR2004-0005967,dept_id,D09,D21,공동주택 — 공동주택과(감독). 관리주체는 민간 · 중대재해처벌법 공중이용시설 제외
asset,AR2004-0005968,dept_id,D09,D21,공동주택 — 공동주택과(감독). 관리주체는 민간 · 중대재해처벌법 공중이용시설 제외
asset,AR2004-0005969,dept_id,D09,D21,공동주택 — 공동주택과(감독). 관리주체는 민간 · 중대재해처벌법 공중이용시설 제외
asset,AR2004-0005970,dept_id,D09,D21,공동주택 — 공동주택과(감독). 관리주체는 민간 · 중대재해처벌법 공중이용시설 제외
asset,AR2004-0005971,dept_id,D09,D21,공동주택 — 공동주택과(감독). 관리주체는 민간 · 중대재해처벌법 공중이용시설 제외
asset,AR2004-0005972,dept_id,D09,D21,공동주택 — 공동주택과(감독). 관리주체는 민간 · 중대재해처벌법 공중이용시설 제외
asset,AR2004-0005973,dept_id,D09,D21,공동주택 — 공동주택과(감독). 관리주체는 민간 · 중대재해처벌법 공중이용시설 제외
asset,AR2004-0005974,dept_id,D09,D21,공동주택 — 공동주택과(감독). 관리주체는 민간 · 중대재해처벌법 공중이용시설 제외
asset,AR2004-0005975,dept_id,D09,D21,공동주택 — 공동주택과(감독). 관리주체는 민간 · 중대재해처벌법 공중이용시설 제외
asset,AR2005-0003880,dept_id,D09,D21,공동주택 — 공동주택과(감독). 관리주체는 민간 · 중대재해처벌법 공중이용시설 제외
asset,AR2008-0002443,dept_id,D09,D21,공동주택 — 공동주택과(감독). 관리주체는 민간 · 중대재해처벌법 공중이용시설 제외
asset,AR2008-0002444,dept_id,D09,D21,공동주택 — 공동주택과(감독). 관리주체는 민간 · 중대재해처벌법 공중이용시설 제외
asset,AR2008-0002445,dept_id,D09,D21,공동주택 — 공동주택과(감독). 관리주체는 민간 · 중대재해처벌법 공중이용시설 제외
asset,AR2008-0002446,dept_id,D09,D21,공동주택 — 공동주택과(감독). 관리주체는 민간 · 중대재해처벌법 공중이용시설 제외
asset,AR2008-0002447,dept_id,D09,D21,공동주택 — 공동주택과(감독). 관리주체는 민간 · 중대재해처벌법 공중이용시설 제외
asset,AR2008-0002448,dept_id,D09,D21,공동주택 — 공동주택과(감독). 관리주체는 민간 · 중대재해처벌법 공중이용시설 제외
asset,AR2008-0002449,dept_id,D09,D21,공동주택 — 공동주택과(감독). 관리주체는 민간 · 중대재해처벌법 공중이용시설 제외
asset,AR2008-0002450,dept_id,D09,D21,공동주택 — 공동주택과(감독). 관리주체는 민간 · 중대재해처벌법 공중이용시설 제외
asset,AR2008-0004345,dept_id,D09,D21,공동주택 — 공동주택과(감독). 관리주체는 민간 · 중대재해처벌법 공중이용시설 제외
asset,AR2008-0004346,dept_id,D09,D21,공동주택 — 공동주택과(감독). 관리주체는 민간 · 중대재해처벌법 공중이용시설 제외
asset,AR2008-0004347,dept_id,D09,D21,공동주택 — 공동주택과(감독). 관리주체는 민간 · 중대재해처벌법 공중이용시설 제외
asset,AR2008-0004348,dept_id,D09,D21,공동주택 — 공동주택과(감독). 관리주체는 민간 · 중대재해처벌법 공중이용시설 제외
asset,AR2008-0004349,dept_id,D09,D21,공동주택 — 공동주택과(감독). 관리주체는 민간 · 중대재해처벌법 공중이용시설 제외
asset,AR2008-0004404,dept_id,D09,D21,공동주택 — 공동주택과(감독). 관리주체는 민간 · 중대재해처벌법 공중이용시설 제외
asset,AR2008-0004405,dept_id,D09,D21,공동주택 — 공동주택과(감독). 관리주체는 민간 · 중대재해처벌법 공중이용시설 제외
asset,AR2008-0004406,dept_id,D09,D21,공동주택 — 공동주택과(감독). 관리주체는 민간 · 중대재해처벌법 공중이용시설 제외
asset,AR2008-0004407,dept_id,D09,D21,공동주택 — 공동주택과(감독). 관리주체는 민간 · 중대재해처벌법 공중이용시설 제외
asset,AR2008-0004408,dept_id,D09,D21,공동주택 — 공동주택과(감독). 관리주체는 민간 · 중대재해처벌법 공중이용시설 제외
asset,AR2008-0004409,dept_id,D09,D21,공동주택 — 공동주택과(감독). 관리주체는 민간 · 중대재해처벌법 공중이용시설 제외
asset,AR2008-0004410,dept_id,D09,D21,공동주택 — 공동주택과(감독). 관리주체는 민간 · 중대재해처벌법 공중이용시설 제외
asset,AR2008-0004411,dept_id,D09,D21,공동주택 — 공동주택과(감독). 관리주체는 민간 · 중대재해처벌법 공중이용시설 제외
asset,AR2009-0000230,dept_id,D09,D16,경전철 역사 — 도시철도과 소관(경전철관리팀)
asset,AR2012-0000682,dept_id,D09,D16,경전철 역사 — 도시철도과 소관(경전철관리팀)
asset,AR2012-0000800,dept_id,D09,D16,경전철 역사 — 도시철도과 소관(경전철관리팀)
asset,AR2012-0002011,dept_id,D09,D16,경전철 역사 — 도시철도과 소관(경전철관리팀)
asset,AR2013-0001203,dept_id,D09,D16,경전철 역사 — 도시철도과 소관(경전철관리팀)
asset,AR2013-0001204,dept_id,D09,D16,경전철 역사 — 도시철도과 소관(경전철관리팀)
asset,AR2017-0002811,dept_id,D09,D21,공동주택 — 공동주택과(감독). 관리주체는 민간 · 중대재해처벌법 공중이용시설 제외
asset,AR2017-0002812,dept_id,D09,D21,공동주택 — 공동주택과(감독). 관리주체는 민간 · 중대재해처벌법 공중이용시설 제외
asset,AR2017-0002813,dept_id,D09,D21,공동주택 — 공동주택과(감독). 관리주체는 민간 · 중대재해처벌법 공중이용시설 제외
asset,AR2017-0002814,dept_id,D09,D21,공동주택 — 공동주택과(감독). 관리주체는 민간 · 중대재해처벌법 공중이용시설 제외
asset,AR2017-0002815,dept_id,D09,D21,공동주택 — 공동주택과(감독). 관리주체는 민간 · 중대재해처벌법 공중이용시설 제외
asset,AR2017-0002816,dept_id,D09,D21,공동주택 — 공동주택과(감독). 관리주체는 민간 · 중대재해처벌법 공중이용시설 제외
asset,AR2017-0002817,dept_id,D09,D21,공동주택 — 공동주택과(감독). 관리주체는 민간 · 중대재해처벌법 공중이용시설 제외
asset,ST2005-0000048,dept_id,D04,D05,공공하수처리시설 — 하수도사업소 소관(상수도사업소로 잘못 들어가 있었다)
asset,ST2005-0000049,dept_id,D04,D05,공공하수처리시설 — 하수도사업소 소관(상수도사업소로 잘못 들어가 있었다)
asset,ST2009-0000031,dept_id,D04,D05,공공하수처리시설 — 하수도사업소 소관(상수도사업소로 잘못 들어가 있었다)
asset,ST2010-0000022,dept_id,D04,D05,공공하수처리시설 — 하수도사업소 소관(상수도사업소로 잘못 들어가 있었다)
asset,ST2010-0000023,dept_id,D04,D05,공공하수처리시설 — 하수도사업소 소관(상수도사업소로 잘못 들어가 있었다)
asset,ST2010-0000024,dept_id,D04,D05,공공하수처리시설 — 하수도사업소 소관(상수도사업소로 잘못 들어가 있었다)
asset,ST2010-0000025,dept_id,D04,D05,공공하수처리시설 — 하수도사업소 소관(상수도사업소로 잘못 들어가 있었다)
asset,ST2010-0000026,dept_id,D04,D05,공공하수처리시설 — 하수도사업소 소관(상수도사업소로 잘못 들어가 있었다)
asset,ST2010-0000027,dept_id,D04,D05,공공하수처리시설 — 하수도사업소 소관(상수도사업소로 잘못 들어가 있었다)
asset,ST2010-0000028,dept_id,D04,D05,공공하수처리시설 — 하수도사업소 소관(상수도사업소로 잘못 들어가 있었다)
asset,ST2010-0000029,dept_id,D04,D05,공공하수처리시설 — 하수도사업소 소관(상수도사업소로 잘못 들어가 있었다)
asset,ST2010-0000030,dept_id,D04,D05,공공하수처리시설 — 하수도사업소 소관(상수도사업소로 잘못 들어가 있었다)
asset,ST2010-0000031,dept_id,D04,D05,공공하수처리시설 — 하수도사업소 소관(상수도사업소로 잘못 들어가 있었다)
asset,ST2010-0000032,dept_id,D04,D05,공공하수처리시설 — 하수도사업소 소관(상수도사업소로 잘못 들어가 있었다)
asset,ST2014-0000006,dept_id,D04,D05,공공하수처리시설 — 하수도사업소 소관(상수도사업소로 잘못 들어가 있었다)
asset,ST2018-0000019,dept_id,D04,D05,공공하수처리시설 — 하수도사업소 소관(상수도사업소로 잘못 들어가 있었다)
asset,ST2019-0000005,dept_id,D04,D05,공공하수처리시설 — 하수도사업소 소관(상수도사업소로 잘못 들어가 있었다)
asset,WG2008-0000097,dept_id,D13,D17,하천시설(배수통문 등) — 생태하천과 소관(하천시설팀)
asset,WG2008-0000098,dept_id,D13,D17,하천시설(배수통문 등) — 생태하천과 소관(하천시설팀)
asset,WG2008-0000099,dept_id,D13,D17,하천시설(배수통문 등) — 생태하천과 소관(하천시설팀)
asset,WG2008-0000101,dept_id,D13,D17,하천시설(배수통문 등) — 생태하천과 소관(하천시설팀)
asset,WG2008-0000102,dept_id,D13,D17,하천시설(배수통문 등) — 생태하천과 소관(하천시설팀)
asset,WG2008-0000111,dept_id,D13,D17,하천시설(배수통문 등) — 생태하천과 소관(하천시설팀)
asset,WG2008-0000112,dept_id,D13,D17,하천시설(배수통문 등) — 생태하천과 소관(하천시설팀)
asset,WG2008-0000113,dept_id,D13,D17,하천시설(배수통문 등) — 생태하천과 소관(하천시설팀)
asset,WG2008-0000114,dept_id,D13,D17,하천시설(배수통문 등) — 생태하천과 소관(하천시설팀)
asset,WG2008-0000116,dept_id,D13,D17,하천시설(배수통문 등) — 생태하천과 소관(하천시설팀)
asset,WG2008-0000117,dept_id,D13,D17,하천시설(배수통문 등) — 생태하천과 소관(하천시설팀)
asset,WG2008-0000118,dept_id,D13,D17,하천시설(배수통문 등) — 생태하천과 소관(하천시설팀)
asset,WG2008-0000119,dept_id,D13,D17,하천시설(배수통문 등) — 생태하천과 소관(하천시설팀)
asset,WG2008-0000120,dept_id,D13,D17,하천시설(배수통문 등) — 생태하천과 소관(하천시설팀)
asset,WG2008-0000121,dept_id,D13,D17,하천시설(배수통문 등) — 생태하천과 소관(하천시설팀)
asset,WG2008-0000122,dept_id,D13,D17,하천시설(배수통문 등) — 생태하천과 소관(하천시설팀)
asset,WG2008-0000123,dept_id,D13,D17,하천시설(배수통문 등) — 생태하천과 소관(하천시설팀)
asset,WG2008-0000135,dept_id,D13,D17,하천시설(배수통문 등) — 생태하천과 소관(하천시설팀)
asset,WG2008-0000136,dept_id,D13,D17,하천시설(배수통문 등) — 생태하천과 소관(하천시설팀)
asset,WG2008-0000137,dept_id,D13,D17,하천시설(배수통문 등) — 생태하천과 소관(하천시설팀)
asset,WG2008-0000138,dept_id,D13,D17,하천시설(배수통문 등) — 생태하천과 소관(하천시설팀)
asset,WG2008-0000141,dept_id,D13,D17,하천시설(배수통문 등) — 생태하천과 소관(하천시설팀)
asset,WG2008-0000142,dept_id,D13,D17,하천시설(배수통문 등) — 생태하천과 소관(하천시설팀)
asset,WG2008-0000143,dept_id,D13,D17,하천시설(배수통문 등) — 생태하천과 소관(하천시설팀)
asset,WG2008-0000144,dept_id,D13,D17,하천시설(배수통문 등) — 생태하천과 소관(하천시설팀)
asset,WG2019-0000004,dept_id,D13,D17,하천시설(배수통문 등) — 생태하천과 소관(하천시설팀)
asset,WG2019-0000005,dept_id,D13,D17,하천시설(배수통문 등) — 생태하천과 소관(하천시설팀)
asset,WG2019-0000006,dept_id,D13,D17,하천시설(배수통문 등) — 생태하천과 소관(하천시설팀)
asset,WG2019-0000007,dept_id,D13,D17,하천시설(배수통문 등) — 생태하천과 소관(하천시설팀)
duty_assignment,ASG-000032,dept_id,D10,D16,경전철(공중교통수단) — 도시철도과
duty_assignment,ASG-000032,owner_staff_id,SD10-1,SD16-1,경전철(공중교통수단) — 도시철도과
duty_assignment,ASG-000032,deputy_staff_id,SD10-2,SD16-2,경전철(공중교통수단) — 도시철도과
duty_assignment,ASG-000034,dept_id,D04,D05,시설 소관 이동을 따라
duty_assignment,ASG-000034,owner_staff_id,SD04-1,SD05-1,시설 소관 이동을 따라
duty_assignment,ASG-000034,deputy_staff_id,SD04-2,SD05-2,시설 소관 이동을 따라
duty_assignment,ASG-000035,dept_id,D04,D05,시설 소관 이동을 따라
duty_assignment,ASG-000035,owner_staff_id,SD04-1,SD05-1,시설 소관 이동을 따라
duty_assignment,ASG-000035,deputy_staff_id,SD04-2,SD05-2,시설 소관 이동을 따라
duty_assignment,ASG-000036,dept_id,D04,D05,시설 소관 이동을 따라
duty_assignment,ASG-000036,owner_staff_id,SD04-1,SD05-1,시설 소관 이동을 따라
duty_assignment,ASG-000036,deputy_staff_id,SD04-2,SD05-2,시설 소관 이동을 따라
duty_assignment,ASG-000100,dept_id,D13,D17,시설 소관 이동을 따라
duty_assignment,ASG-000100,owner_staff_id,SD13-1,SD17-1,시설 소관 이동을 따라
duty_assignment,ASG-000100,deputy_staff_id,SD13-2,SD17-2,시설 소관 이동을 따라
duty_assignment,ASG-000101,dept_id,D13,D17,시설 소관 이동을 따라
duty_assignment,ASG-000101,owner_staff_id,SD13-1,SD17-1,시설 소관 이동을 따라
duty_assignment,ASG-000101,deputy_staff_id,SD13-2,SD17-2,시설 소관 이동을 따라
duty_assignment,ASG-000102,dept_id,D13,D17,시설 소관 이동을 따라
duty_assignment,ASG-000102,owner_staff_id,SD13-1,SD17-1,시설 소관 이동을 따라
duty_assignment,ASG-000102,deputy_staff_id,SD13-2,SD17-2,시설 소관 이동을 따라
duty_assignment,ASG-000195,dept_id,D10,D16,경전철(공중교통수단) — 도시철도과
duty_assignment,ASG-000195,owner_staff_id,SD10-1,SD16-1,경전철(공중교통수단) — 도시철도과
duty_assignment,ASG-000195,deputy_staff_id,SD10-2,SD16-2,경전철(공중교통수단) — 도시철도과
duty_assignment,ASG-000196,dept_id,D10,D16,경전철(공중교통수단) — 도시철도과
duty_assignment,ASG-000196,owner_staff_id,SD10-1,SD16-1,경전철(공중교통수단) — 도시철도과
duty_assignment,ASG-000196,deputy_staff_id,SD10-2,SD16-2,경전철(공중교통수단) — 도시철도과
duty_assignment,ASG-000197,dept_id,D10,D16,경전철(공중교통수단) — 도시철도과
duty_assignment,ASG-000197,owner_staff_id,SD10-1,SD16-1,경전철(공중교통수단) — 도시철도과
duty_assignment,ASG-000197,deputy_staff_id,SD10-2,SD16-2,경전철(공중교통수단) — 도시철도과
duty_assignment,ASG-000198,dept_id,D10,D16,경전철(공중교통수단) — 도시철도과
duty_assignment,ASG-000198,owner_staff_id,SD10-1,SD16-1,경전철(공중교통수단) — 도시철도과
duty_assignment,ASG-000198,deputy_staff_id,SD10-2,SD16-2,경전철(공중교통수단) — 도시철도과
duty_assignment,ASG-000199,dept_id,D10,D16,경전철(공중교통수단) — 도시철도과
duty_assignment,ASG-000199,owner_staff_id,SD10-1,SD16-1,경전철(공중교통수단) — 도시철도과
duty_assignment,ASG-000199,deputy_staff_id,SD10-2,SD16-2,경전철(공중교통수단) — 도시철도과
duty_assignment,ASG-000200,dept_id,D10,D16,경전철(공중교통수단) — 도시철도과
duty_assignment,ASG-000200,owner_staff_id,SD10-1,SD16-1,경전철(공중교통수단) — 도시철도과
duty_assignment,ASG-000200,deputy_staff_id,SD10-2,SD16-2,경전철(공중교통수단) — 도시철도과
duty_assignment,ASG-000201,dept_id,D10,D16,경전철(공중교통수단) — 도시철도과
duty_assignment,ASG-000201,owner_staff_id,SD10-1,SD16-1,경전철(공중교통수단) — 도시철도과
duty_assignment,ASG-000201,deputy_staff_id,SD10-2,SD16-2,경전철(공중교통수단) — 도시철도과
duty_assignment,ASG-000335,dept_id,D10,D16,경전철(공중교통수단) — 도시철도과
duty_assignment,ASG-000335,owner_staff_id,SD10-1,SD16-1,경전철(공중교통수단) — 도시철도과
duty_assignment,ASG-000335,deputy_staff_id,SD10-2,SD16-2,경전철(공중교통수단) — 도시철도과
duty_assignment,ASG-000336,dept_id,D10,D16,경전철(공중교통수단) — 도시철도과
duty_assignment,ASG-000336,owner_staff_id,SD10-1,SD16-1,경전철(공중교통수단) — 도시철도과
duty_assignment,ASG-000336,deputy_staff_id,SD10-2,SD16-2,경전철(공중교통수단) — 도시철도과
duty_assignment,ASG-000337,dept_id,D10,D16,경전철(공중교통수단) — 도시철도과
duty_assignment,ASG-000337,owner_staff_id,SD10-1,SD16-1,경전철(공중교통수단) — 도시철도과
duty_assignment,ASG-000337,deputy_staff_id,SD10-2,SD16-2,경전철(공중교통수단) — 도시철도과
duty_assignment,ASG-000338,dept_id,D10,D16,경전철(공중교통수단) — 도시철도과
duty_assignment,ASG-000338,owner_staff_id,SD10-1,SD16-1,경전철(공중교통수단) — 도시철도과
duty_assignment,ASG-000338,deputy_staff_id,SD10-2,SD16-2,경전철(공중교통수단) — 도시철도과
duty_assignment,ASG-000340,dept_id,D13,D17,시설 소관 이동을 따라
duty_assignment,ASG-000340,owner_staff_id,SD13-1,SD17-1,시설 소관 이동을 따라
duty_assignment,ASG-000340,deputy_staff_id,SD13-2,SD17-2,시설 소관 이동을 따라
duty_assignment,ASG-000341,dept_id,D13,D17,시설 소관 이동을 따라
duty_assignment,ASG-000341,owner_staff_id,SD13-1,SD17-1,시설 소관 이동을 따라
duty_assignment,ASG-000341,deputy_staff_id,SD13-2,SD17-2,시설 소관 이동을 따라
duty_assignment,ASG-000342,dept_id,D13,D17,시설 소관 이동을 따라
duty_assignment,ASG-000342,owner_staff_id,SD13-1,SD17-1,시설 소관 이동을 따라
duty_assignment,ASG-000342,deputy_staff_id,SD13-2,SD17-2,시설 소관 이동을 따라
duty_assignment,ASG-000355,dept_id,D04,D05,시설 소관 이동을 따라
duty_assignment,ASG-000355,owner_staff_id,SD04-1,SD05-1,시설 소관 이동을 따라
duty_assignment,ASG-000355,deputy_staff_id,SD04-2,SD05-2,시설 소관 이동을 따라
duty_assignment,ASG-000356,dept_id,D04,D05,시설 소관 이동을 따라
duty_assignment,ASG-000356,owner_staff_id,SD04-1,SD05-1,시설 소관 이동을 따라
duty_assignment,ASG-000356,deputy_staff_id,SD04-2,SD05-2,시설 소관 이동을 따라
duty_assignment,ASG-000357,dept_id,D04,D05,시설 소관 이동을 따라
duty_assignment,ASG-000357,owner_staff_id,SD04-1,SD05-1,시설 소관 이동을 따라
duty_assignment,ASG-000357,deputy_staff_id,SD04-2,SD05-2,시설 소관 이동을 따라
duty_assignment,ASG-000359,dept_id,D04,D05,시설 소관 이동을 따라
duty_assignment,ASG-000359,owner_staff_id,SD04-1,SD05-1,시설 소관 이동을 따라
duty_assignment,ASG-000359,deputy_staff_id,SD04-2,SD05-2,시설 소관 이동을 따라
duty_assignment,ASG-000360,dept_id,D04,D05,시설 소관 이동을 따라
duty_assignment,ASG-000360,owner_staff_id,SD04-1,SD05-1,시설 소관 이동을 따라
duty_assignment,ASG-000360,deputy_staff_id,SD04-2,SD05-2,시설 소관 이동을 따라
duty_assignment,ASG-000361,dept_id,D04,D05,시설 소관 이동을 따라
duty_assignment,ASG-000361,owner_staff_id,SD04-1,SD05-1,시설 소관 이동을 따라
duty_assignment,ASG-000361,deputy_staff_id,SD04-2,SD05-2,시설 소관 이동을 따라
duty_assignment,ASG-000363,dept_id,D04,D05,시설 소관 이동을 따라
duty_assignment,ASG-000363,owner_staff_id,SD04-1,SD05-1,시설 소관 이동을 따라
duty_assignment,ASG-000363,deputy_staff_id,SD04-2,SD05-2,시설 소관 이동을 따라
duty_assignment,ASG-000364,dept_id,D04,D05,시설 소관 이동을 따라
duty_assignment,ASG-000364,owner_staff_id,SD04-1,SD05-1,시설 소관 이동을 따라
duty_assignment,ASG-000364,deputy_staff_id,SD04-2,SD05-2,시설 소관 이동을 따라
duty_assignment,ASG-000365,dept_id,D04,D05,시설 소관 이동을 따라
duty_assignment,ASG-000365,owner_staff_id,SD04-1,SD05-1,시설 소관 이동을 따라
duty_assignment,ASG-000365,deputy_staff_id,SD04-2,SD05-2,시설 소관 이동을 따라
duty_assignment,ASG-000367,dept_id,D04,D05,시설 소관 이동을 따라
duty_assignment,ASG-000367,owner_staff_id,SD04-1,SD05-1,시설 소관 이동을 따라
duty_assignment,ASG-000367,deputy_staff_id,SD04-2,SD05-2,시설 소관 이동을 따라
duty_assignment,ASG-000368,dept_id,D04,D05,시설 소관 이동을 따라
duty_assignment,ASG-000368,owner_staff_id,SD04-1,SD05-1,시설 소관 이동을 따라
duty_assignment,ASG-000368,deputy_staff_id,SD04-2,SD05-2,시설 소관 이동을 따라
duty_assignment,ASG-000369,dept_id,D04,D05,시설 소관 이동을 따라
duty_assignment,ASG-000369,owner_staff_id,SD04-1,SD05-1,시설 소관 이동을 따라
duty_assignment,ASG-000369,deputy_staff_id,SD04-2,SD05-2,시설 소관 이동을 따라
duty_assignment,ASG-000371,dept_id,D04,D05,시설 소관 이동을 따라
duty_assignment,ASG-000371,owner_staff_id,SD04-1,SD05-1,시설 소관 이동을 따라
duty_assignment,ASG-000371,deputy_staff_id,SD04-2,SD05-2,시설 소관 이동을 따라
duty_assignment,ASG-000372,dept_id,D04,D05,시설 소관 이동을 따라
duty_assignment,ASG-000372,owner_staff_id,SD04-1,SD05-1,시설 소관 이동을 따라
duty_assignment,ASG-000372,deputy_staff_id,SD04-2,SD05-2,시설 소관 이동을 따라
duty_assignment,ASG-000373,dept_id,D04,D05,시설 소관 이동을 따라
duty_assignment,ASG-000373,owner_staff_id,SD04-1,SD05-1,시설 소관 이동을 따라
duty_assignment,ASG-000373,deputy_staff_id,SD04-2,SD05-2,시설 소관 이동을 따라
duty_assignment,ASG-000375,dept_id,D04,D05,시설 소관 이동을 따라
duty_assignment,ASG-000375,owner_staff_id,SD04-1,SD05-1,시설 소관 이동을 따라
duty_assignment,ASG-000375,deputy_staff_id,SD04-2,SD05-2,시설 소관 이동을 따라
duty_assignment,ASG-000376,dept_id,D04,D05,시설 소관 이동을 따라
duty_assignment,ASG-000376,owner_staff_id,SD04-1,SD05-1,시설 소관 이동을 따라
duty_assignment,ASG-000376,deputy_staff_id,SD04-2,SD05-2,시설 소관 이동을 따라
duty_assignment,ASG-000377,dept_id,D04,D05,시설 소관 이동을 따라
duty_assignment,ASG-000377,owner_staff_id,SD04-1,SD05-1,시설 소관 이동을 따라
duty_assignment,ASG-000377,deputy_staff_id,SD04-2,SD05-2,시설 소관 이동을 따라
duty_assignment,ASG-000379,dept_id,D13,D17,시설 소관 이동을 따라
duty_assignment,ASG-000379,owner_staff_id,SD13-1,SD17-1,시설 소관 이동을 따라
duty_assignment,ASG-000379,deputy_staff_id,SD13-2,SD17-2,시설 소관 이동을 따라
duty_assignment,ASG-000380,dept_id,D13,D17,시설 소관 이동을 따라
duty_assignment,ASG-000380,owner_staff_id,SD13-1,SD17-1,시설 소관 이동을 따라
duty_assignment,ASG-000380,deputy_staff_id,SD13-2,SD17-2,시설 소관 이동을 따라
duty_assignment,ASG-000381,dept_id,D13,D17,시설 소관 이동을 따라
duty_assignment,ASG-000381,owner_staff_id,SD13-1,SD17-1,시설 소관 이동을 따라
duty_assignment,ASG-000381,deputy_staff_id,SD13-2,SD17-2,시설 소관 이동을 따라
duty_assignment,ASG-000383,dept_id,D04,D05,시설 소관 이동을 따라
duty_assignment,ASG-000383,owner_staff_id,SD04-1,SD05-1,시설 소관 이동을 따라
duty_assignment,ASG-000383,deputy_staff_id,SD04-2,SD05-2,시설 소관 이동을 따라
duty_assignment,ASG-000384,dept_id,D04,D05,시설 소관 이동을 따라
duty_assignment,ASG-000384,owner_staff_id,SD04-1,SD05-1,시설 소관 이동을 따라
duty_assignment,ASG-000384,deputy_staff_id,SD04-2,SD05-2,시설 소관 이동을 따라
duty_assignment,ASG-000385,dept_id,D04,D05,시설 소관 이동을 따라
duty_assignment,ASG-000385,owner_staff_id,SD04-1,SD05-1,시설 소관 이동을 따라
duty_assignment,ASG-000385,deputy_staff_id,SD04-2,SD05-2,시설 소관 이동을 따라
duty_assignment,ASG-000387,dept_id,D04,D05,시설 소관 이동을 따라
duty_assignment,ASG-000387,owner_staff_id,SD04-1,SD05-1,시설 소관 이동을 따라
duty_assignment,ASG-000387,deputy_staff_id,SD04-2,SD05-2,시설 소관 이동을 따라
duty_assignment,ASG-000388,dept_id,D04,D05,시설 소관 이동을 따라
duty_assignment,ASG-000388,owner_staff_id,SD04-1,SD05-1,시설 소관 이동을 따라
duty_assignment,ASG-000388,deputy_staff_id,SD04-2,SD05-2,시설 소관 이동을 따라
duty_assignment,ASG-000389,dept_id,D04,D05,시설 소관 이동을 따라
duty_assignment,ASG-000389,owner_staff_id,SD04-1,SD05-1,시설 소관 이동을 따라
duty_assignment,ASG-000389,deputy_staff_id,SD04-2,SD05-2,시설 소관 이동을 따라
duty_assignment,ASG-000391,dept_id,D04,D05,시설 소관 이동을 따라
duty_assignment,ASG-000391,owner_staff_id,SD04-1,SD05-1,시설 소관 이동을 따라
duty_assignment,ASG-000391,deputy_staff_id,SD04-2,SD05-2,시설 소관 이동을 따라
duty_assignment,ASG-000392,dept_id,D04,D05,시설 소관 이동을 따라
duty_assignment,ASG-000392,owner_staff_id,SD04-1,SD05-1,시설 소관 이동을 따라
duty_assignment,ASG-000392,deputy_staff_id,SD04-2,SD05-2,시설 소관 이동을 따라
duty_assignment,ASG-000393,dept_id,D04,D05,시설 소관 이동을 따라
duty_assignment,ASG-000393,owner_staff_id,SD04-1,SD05-1,시설 소관 이동을 따라
duty_assignment,ASG-000393,deputy_staff_id,SD04-2,SD05-2,시설 소관 이동을 따라
duty_assignment,ASG-000396,dept_id,D13,D17,시설 소관 이동을 따라
duty_assignment,ASG-000396,owner_staff_id,SD13-1,SD17-1,시설 소관 이동을 따라
duty_assignment,ASG-000396,deputy_staff_id,SD13-2,SD17-2,시설 소관 이동을 따라
duty_assignment,ASG-000397,dept_id,D13,D17,시설 소관 이동을 따라
duty_assignment,ASG-000397,owner_staff_id,SD13-1,SD17-1,시설 소관 이동을 따라
duty_assignment,ASG-000397,deputy_staff_id,SD13-2,SD17-2,시설 소관 이동을 따라
duty_assignment,ASG-000398,dept_id,D13,D17,시설 소관 이동을 따라
duty_assignment,ASG-000398,owner_staff_id,SD13-1,SD17-1,시설 소관 이동을 따라
duty_assignment,ASG-000398,deputy_staff_id,SD13-2,SD17-2,시설 소관 이동을 따라
duty_assignment,ASG-000400,dept_id,D04,D05,시설 소관 이동을 따라
duty_assignment,ASG-000400,owner_staff_id,SD04-1,SD05-1,시설 소관 이동을 따라
duty_assignment,ASG-000400,deputy_staff_id,SD04-2,SD05-2,시설 소관 이동을 따라
duty_assignment,ASG-000401,dept_id,D04,D05,시설 소관 이동을 따라
duty_assignment,ASG-000401,owner_staff_id,SD04-1,SD05-1,시설 소관 이동을 따라
duty_assignment,ASG-000401,deputy_staff_id,SD04-2,SD05-2,시설 소관 이동을 따라
duty_assignment,ASG-000402,dept_id,D04,D05,시설 소관 이동을 따라
duty_assignment,ASG-000402,owner_staff_id,SD04-1,SD05-1,시설 소관 이동을 따라
duty_assignment,ASG-000402,deputy_staff_id,SD04-2,SD05-2,시설 소관 이동을 따라
duty_assignment,ASG-000404,dept_id,D04,D05,시설 소관 이동을 따라
duty_assignment,ASG-000404,owner_staff_id,SD04-1,SD05-1,시설 소관 이동을 따라
duty_assignment,ASG-000404,deputy_staff_id,SD04-2,SD05-2,시설 소관 이동을 따라
duty_assignment,ASG-000405,dept_id,D04,D05,시설 소관 이동을 따라
duty_assignment,ASG-000405,owner_staff_id,SD04-1,SD05-1,시설 소관 이동을 따라
duty_assignment,ASG-000405,deputy_staff_id,SD04-2,SD05-2,시설 소관 이동을 따라
duty_assignment,ASG-000406,dept_id,D04,D05,시설 소관 이동을 따라
duty_assignment,ASG-000406,owner_staff_id,SD04-1,SD05-1,시설 소관 이동을 따라
duty_assignment,ASG-000406,deputy_staff_id,SD04-2,SD05-2,시설 소관 이동을 따라
duty_assignment,ASG-000410,dept_id,D04,D05,시설 소관 이동을 따라
duty_assignment,ASG-000410,owner_staff_id,SD04-1,SD05-1,시설 소관 이동을 따라
duty_assignment,ASG-000410,deputy_staff_id,SD04-2,SD05-2,시설 소관 이동을 따라
duty_assignment,ASG-000411,dept_id,D04,D05,시설 소관 이동을 따라
duty_assignment,ASG-000411,owner_staff_id,SD04-1,SD05-1,시설 소관 이동을 따라
duty_assignment,ASG-000411,deputy_staff_id,SD04-2,SD05-2,시설 소관 이동을 따라
duty_assignment,ASG-000412,dept_id,D04,D05,시설 소관 이동을 따라
duty_assignment,ASG-000412,owner_staff_id,SD04-1,SD05-1,시설 소관 이동을 따라
duty_assignment,ASG-000412,deputy_staff_id,SD04-2,SD05-2,시설 소관 이동을 따라
duty_assignment,ASG-000414,dept_id,D04,D05,시설 소관 이동을 따라
duty_assignment,ASG-000414,owner_staff_id,SD04-1,SD05-1,시설 소관 이동을 따라
duty_assignment,ASG-000414,deputy_staff_id,SD04-2,SD05-2,시설 소관 이동을 따라
duty_assignment,ASG-000415,dept_id,D04,D05,시설 소관 이동을 따라
duty_assignment,ASG-000415,owner_staff_id,SD04-1,SD05-1,시설 소관 이동을 따라
duty_assignment,ASG-000415,deputy_staff_id,SD04-2,SD05-2,시설 소관 이동을 따라
duty_assignment,ASG-000416,dept_id,D04,D05,시설 소관 이동을 따라
duty_assignment,ASG-000416,owner_staff_id,SD04-1,SD05-1,시설 소관 이동을 따라
duty_assignment,ASG-000416,deputy_staff_id,SD04-2,SD05-2,시설 소관 이동을 따라
duty_assignment,ASG-000418,dept_id,D04,D05,시설 소관 이동을 따라
duty_assignment,ASG-000418,owner_staff_id,SD04-1,SD05-1,시설 소관 이동을 따라
duty_assignment,ASG-000418,deputy_staff_id,SD04-2,SD05-2,시설 소관 이동을 따라
duty_assignment,ASG-000419,dept_id,D04,D05,시설 소관 이동을 따라
duty_assignment,ASG-000419,owner_staff_id,SD04-1,SD05-1,시설 소관 이동을 따라
duty_assignment,ASG-000419,deputy_staff_id,SD04-2,SD05-2,시설 소관 이동을 따라
duty_assignment,ASG-000420,dept_id,D04,D05,시설 소관 이동을 따라
duty_assignment,ASG-000420,owner_staff_id,SD04-1,SD05-1,시설 소관 이동을 따라
duty_assignment,ASG-000420,deputy_staff_id,SD04-2,SD05-2,시설 소관 이동을 따라
duty_assignment,ASG-000422,dept_id,D04,D05,시설 소관 이동을 따라
duty_assignment,ASG-000422,owner_staff_id,SD04-1,SD05-1,시설 소관 이동을 따라
duty_assignment,ASG-000422,deputy_staff_id,SD04-2,SD05-2,시설 소관 이동을 따라
duty_assignment,ASG-000423,dept_id,D04,D05,시설 소관 이동을 따라
duty_assignment,ASG-000423,owner_staff_id,SD04-1,SD05-1,시설 소관 이동을 따라
duty_assignment,ASG-000423,deputy_staff_id,SD04-2,SD05-2,시설 소관 이동을 따라
duty_assignment,ASG-000424,dept_id,D04,D05,시설 소관 이동을 따라
duty_assignment,ASG-000424,owner_staff_id,SD04-1,SD05-1,시설 소관 이동을 따라
duty_assignment,ASG-000424,deputy_staff_id,SD04-2,SD05-2,시설 소관 이동을 따라
duty_assignment,ASG-000426,dept_id,D04,D05,시설 소관 이동을 따라
duty_assignment,ASG-000426,owner_staff_id,SD04-1,SD05-1,시설 소관 이동을 따라
duty_assignment,ASG-000426,deputy_staff_id,SD04-2,SD05-2,시설 소관 이동을 따라
duty_assignment,ASG-000427,dept_id,D04,D05,시설 소관 이동을 따라
duty_assignment,ASG-000427,owner_staff_id,SD04-1,SD05-1,시설 소관 이동을 따라
duty_assignment,ASG-000427,deputy_staff_id,SD04-2,SD05-2,시설 소관 이동을 따라
duty_assignment,ASG-000428,dept_id,D04,D05,시설 소관 이동을 따라
duty_assignment,ASG-000428,owner_staff_id,SD04-1,SD05-1,시설 소관 이동을 따라
duty_assignment,ASG-000428,deputy_staff_id,SD04-2,SD05-2,시설 소관 이동을 따라
duty_assignment,ASG-000430,dept_id,D04,D05,시설 소관 이동을 따라
duty_assignment,ASG-000430,owner_staff_id,SD04-1,SD05-1,시설 소관 이동을 따라
duty_assignment,ASG-000430,deputy_staff_id,SD04-2,SD05-2,시설 소관 이동을 따라
duty_assignment,ASG-000431,dept_id,D04,D05,시설 소관 이동을 따라
duty_assignment,ASG-000431,owner_staff_id,SD04-1,SD05-1,시설 소관 이동을 따라
duty_assignment,ASG-000431,deputy_staff_id,SD04-2,SD05-2,시설 소관 이동을 따라
duty_assignment,ASG-000432,dept_id,D04,D05,시설 소관 이동을 따라
duty_assignment,ASG-000432,owner_staff_id,SD04-1,SD05-1,시설 소관 이동을 따라
duty_assignment,ASG-000432,deputy_staff_id,SD04-2,SD05-2,시설 소관 이동을 따라
duty_assignment,ASG-000434,dept_id,D04,D05,시설 소관 이동을 따라
duty_assignment,ASG-000434,owner_staff_id,SD04-1,SD05-1,시설 소관 이동을 따라
duty_assignment,ASG-000434,deputy_staff_id,SD04-2,SD05-2,시설 소관 이동을 따라
duty_assignment,ASG-000435,dept_id,D04,D05,시설 소관 이동을 따라
duty_assignment,ASG-000435,owner_staff_id,SD04-1,SD05-1,시설 소관 이동을 따라
duty_assignment,ASG-000435,deputy_staff_id,SD04-2,SD05-2,시설 소관 이동을 따라
duty_assignment,ASG-000436,dept_id,D04,D05,시설 소관 이동을 따라
duty_assignment,ASG-000436,owner_staff_id,SD04-1,SD05-1,시설 소관 이동을 따라
duty_assignment,ASG-000436,deputy_staff_id,SD04-2,SD05-2,시설 소관 이동을 따라
duty_assignment,ASG-000438,dept_id,D04,D05,시설 소관 이동을 따라
duty_assignment,ASG-000438,owner_staff_id,SD04-1,SD05-1,시설 소관 이동을 따라
duty_assignment,ASG-000438,deputy_staff_id,SD04-2,SD05-2,시설 소관 이동을 따라
duty_assignment,ASG-000439,dept_id,D04,D05,시설 소관 이동을 따라
duty_assignment,ASG-000439,owner_staff_id,SD04-1,SD05-1,시설 소관 이동을 따라
duty_assignment,ASG-000439,deputy_staff_id,SD04-2,SD05-2,시설 소관 이동을 따라
duty_assignment,ASG-000440,dept_id,D04,D05,시설 소관 이동을 따라
duty_assignment,ASG-000440,owner_staff_id,SD04-1,SD05-1,시설 소관 이동을 따라
duty_assignment,ASG-000440,deputy_staff_id,SD04-2,SD05-2,시설 소관 이동을 따라
duty_assignment,ASG-000442,dept_id,D04,D05,시설 소관 이동을 따라
duty_assignment,ASG-000442,owner_staff_id,SD04-1,SD05-1,시설 소관 이동을 따라
duty_assignment,ASG-000442,deputy_staff_id,SD04-2,SD05-2,시설 소관 이동을 따라
duty_assignment,ASG-000443,dept_id,D04,D05,시설 소관 이동을 따라
duty_assignment,ASG-000443,owner_staff_id,SD04-1,SD05-1,시설 소관 이동을 따라
duty_assignment,ASG-000443,deputy_staff_id,SD04-2,SD05-2,시설 소관 이동을 따라
duty_assignment,ASG-000444,dept_id,D04,D05,시설 소관 이동을 따라
duty_assignment,ASG-000444,owner_staff_id,SD04-1,SD05-1,시설 소관 이동을 따라
duty_assignment,ASG-000444,deputy_staff_id,SD04-2,SD05-2,시설 소관 이동을 따라
duty_assignment,ASG-000446,dept_id,D04,D05,시설 소관 이동을 따라
duty_assignment,ASG-000446,owner_staff_id,SD04-1,SD05-1,시설 소관 이동을 따라
duty_assignment,ASG-000446,deputy_staff_id,SD04-2,SD05-2,시설 소관 이동을 따라
duty_assignment,ASG-000447,dept_id,D04,D05,시설 소관 이동을 따라
duty_assignment,ASG-000447,owner_staff_id,SD04-1,SD05-1,시설 소관 이동을 따라
duty_assignment,ASG-000447,deputy_staff_id,SD04-2,SD05-2,시설 소관 이동을 따라
duty_assignment,ASG-000448,dept_id,D04,D05,시설 소관 이동을 따라
duty_assignment,ASG-000448,owner_staff_id,SD04-1,SD05-1,시설 소관 이동을 따라
duty_assignment,ASG-000448,deputy_staff_id,SD04-2,SD05-2,시설 소관 이동을 따라
duty_assignment,ASG-000450,dept_id,D04,D05,시설 소관 이동을 따라
duty_assignment,ASG-000450,owner_staff_id,SD04-1,SD05-1,시설 소관 이동을 따라
duty_assignment,ASG-000450,deputy_staff_id,SD04-2,SD05-2,시설 소관 이동을 따라
duty_assignment,ASG-000451,dept_id,D04,D05,시설 소관 이동을 따라
duty_assignment,ASG-000451,owner_staff_id,SD04-1,SD05-1,시설 소관 이동을 따라
duty_assignment,ASG-000451,deputy_staff_id,SD04-2,SD05-2,시설 소관 이동을 따라
duty_assignment,ASG-000452,dept_id,D04,D05,시설 소관 이동을 따라
duty_assignment,ASG-000452,owner_staff_id,SD04-1,SD05-1,시설 소관 이동을 따라
duty_assignment,ASG-000452,deputy_staff_id,SD04-2,SD05-2,시설 소관 이동을 따라
duty_assignment,ASG-000454,dept_id,D04,D05,시설 소관 이동을 따라
duty_assignment,ASG-000454,owner_staff_id,SD04-1,SD05-1,시설 소관 이동을 따라
duty_assignment,ASG-000454,deputy_staff_id,SD04-2,SD05-2,시설 소관 이동을 따라
duty_assignment,ASG-000455,dept_id,D04,D05,시설 소관 이동을 따라
duty_assignment,ASG-000455,owner_staff_id,SD04-1,SD05-1,시설 소관 이동을 따라
duty_assignment,ASG-000455,deputy_staff_id,SD04-2,SD05-2,시설 소관 이동을 따라
duty_assignment,ASG-000456,dept_id,D04,D05,시설 소관 이동을 따라
duty_assignment,ASG-000456,owner_staff_id,SD04-1,SD05-1,시설 소관 이동을 따라
duty_assignment,ASG-000456,deputy_staff_id,SD04-2,SD05-2,시설 소관 이동을 따라
duty_assignment,ASG-000531,dept_id,D04,D05,시설 소관 이동을 따라
duty_assignment,ASG-000531,owner_staff_id,SD04-1,SD05-1,시설 소관 이동을 따라
duty_assignment,ASG-000531,deputy_staff_id,SD04-2,SD05-2,시설 소관 이동을 따라
duty_assignment,ASG-000532,dept_id,D04,D05,시설 소관 이동을 따라
duty_assignment,ASG-000532,owner_staff_id,SD04-1,SD05-1,시설 소관 이동을 따라
duty_assignment,ASG-000532,deputy_staff_id,SD04-2,SD05-2,시설 소관 이동을 따라
duty_assignment,ASG-000533,dept_id,D04,D05,시설 소관 이동을 따라
duty_assignment,ASG-000533,owner_staff_id,SD04-1,SD05-1,시설 소관 이동을 따라
duty_assignment,ASG-000533,deputy_staff_id,SD04-2,SD05-2,시설 소관 이동을 따라
duty_assignment,ASG-000536,dept_id,D13,D17,시설 소관 이동을 따라
duty_assignment,ASG-000536,owner_staff_id,SD13-1,SD17-1,시설 소관 이동을 따라
duty_assignment,ASG-000536,deputy_staff_id,SD13-2,SD17-2,시설 소관 이동을 따라
duty_assignment,ASG-000537,dept_id,D13,D17,시설 소관 이동을 따라
duty_assignment,ASG-000537,owner_staff_id,SD13-1,SD17-1,시설 소관 이동을 따라
duty_assignment,ASG-000537,deputy_staff_id,SD13-2,SD17-2,시설 소관 이동을 따라
duty_assignment,ASG-000538,dept_id,D13,D17,시설 소관 이동을 따라
duty_assignment,ASG-000538,owner_staff_id,SD13-1,SD17-1,시설 소관 이동을 따라
duty_assignment,ASG-000538,deputy_staff_id,SD13-2,SD17-2,시설 소관 이동을 따라
duty_assignment,ASG-000558,dept_id,D13,D17,시설 소관 이동을 따라
duty_assignment,ASG-000558,owner_staff_id,SD13-1,SD17-1,시설 소관 이동을 따라
duty_assignment,ASG-000558,deputy_staff_id,SD13-2,SD17-2,시설 소관 이동을 따라
duty_assignment,ASG-000559,dept_id,D13,D17,시설 소관 이동을 따라
duty_assignment,ASG-000559,owner_staff_id,SD13-1,SD17-1,시설 소관 이동을 따라
duty_assignment,ASG-000559,deputy_staff_id,SD13-2,SD17-2,시설 소관 이동을 따라
duty_assignment,ASG-000560,dept_id,D13,D17,시설 소관 이동을 따라
duty_assignment,ASG-000560,owner_staff_id,SD13-1,SD17-1,시설 소관 이동을 따라
duty_assignment,ASG-000560,deputy_staff_id,SD13-2,SD17-2,시설 소관 이동을 따라
duty_assignment,ASG-000562,dept_id,D13,D17,시설 소관 이동을 따라
duty_assignment,ASG-000562,owner_staff_id,SD13-1,SD17-1,시설 소관 이동을 따라
duty_assignment,ASG-000562,deputy_staff_id,SD13-2,SD17-2,시설 소관 이동을 따라
duty_assignment,ASG-000563,dept_id,D13,D17,시설 소관 이동을 따라
duty_assignment,ASG-000563,owner_staff_id,SD13-1,SD17-1,시설 소관 이동을 따라
duty_assignment,ASG-000563,deputy_staff_id,SD13-2,SD17-2,시설 소관 이동을 따라
duty_assignment,ASG-000564,dept_id,D13,D17,시설 소관 이동을 따라
duty_assignment,ASG-000564,owner_staff_id,SD13-1,SD17-1,시설 소관 이동을 따라
duty_assignment,ASG-000564,deputy_staff_id,SD13-2,SD17-2,시설 소관 이동을 따라
duty_assignment,ASG-000573,dept_id,D13,D17,시설 소관 이동을 따라
duty_assignment,ASG-000573,owner_staff_id,SD13-1,SD17-1,시설 소관 이동을 따라
duty_assignment,ASG-000573,deputy_staff_id,SD13-2,SD17-2,시설 소관 이동을 따라
duty_assignment,ASG-000574,dept_id,D13,D17,시설 소관 이동을 따라
duty_assignment,ASG-000574,owner_staff_id,SD13-1,SD17-1,시설 소관 이동을 따라
duty_assignment,ASG-000574,deputy_staff_id,SD13-2,SD17-2,시설 소관 이동을 따라
duty_assignment,ASG-000575,dept_id,D13,D17,시설 소관 이동을 따라
duty_assignment,ASG-000575,owner_staff_id,SD13-1,SD17-1,시설 소관 이동을 따라
duty_assignment,ASG-000575,deputy_staff_id,SD13-2,SD17-2,시설 소관 이동을 따라
duty_assignment,ASG-000577,dept_id,D13,D17,시설 소관 이동을 따라
duty_assignment,ASG-000577,owner_staff_id,SD13-1,SD17-1,시설 소관 이동을 따라
duty_assignment,ASG-000577,deputy_staff_id,SD13-2,SD17-2,시설 소관 이동을 따라
duty_assignment,ASG-000578,dept_id,D13,D17,시설 소관 이동을 따라
duty_assignment,ASG-000578,owner_staff_id,SD13-1,SD17-1,시설 소관 이동을 따라
duty_assignment,ASG-000578,deputy_staff_id,SD13-2,SD17-2,시설 소관 이동을 따라
duty_assignment,ASG-000579,dept_id,D13,D17,시설 소관 이동을 따라
duty_assignment,ASG-000579,owner_staff_id,SD13-1,SD17-1,시설 소관 이동을 따라
duty_assignment,ASG-000579,deputy_staff_id,SD13-2,SD17-2,시설 소관 이동을 따라
duty_assignment,ASG-000581,dept_id,D13,D17,시설 소관 이동을 따라
duty_assignment,ASG-000581,owner_staff_id,SD13-1,SD17-1,시설 소관 이동을 따라
duty_assignment,ASG-000581,deputy_staff_id,SD13-2,SD17-2,시설 소관 이동을 따라
duty_assignment,ASG-000582,dept_id,D13,D17,시설 소관 이동을 따라
duty_assignment,ASG-000582,owner_staff_id,SD13-1,SD17-1,시설 소관 이동을 따라
duty_assignment,ASG-000582,deputy_staff_id,SD13-2,SD17-2,시설 소관 이동을 따라
duty_assignment,ASG-000583,dept_id,D13,D17,시설 소관 이동을 따라
duty_assignment,ASG-000583,owner_staff_id,SD13-1,SD17-1,시설 소관 이동을 따라
duty_assignment,ASG-000583,deputy_staff_id,SD13-2,SD17-2,시설 소관 이동을 따라
duty_assignment,ASG-000585,dept_id,D13,D17,시설 소관 이동을 따라
duty_assignment,ASG-000585,owner_staff_id,SD13-1,SD17-1,시설 소관 이동을 따라
duty_assignment,ASG-000585,deputy_staff_id,SD13-2,SD17-2,시설 소관 이동을 따라
duty_assignment,ASG-000586,dept_id,D13,D17,시설 소관 이동을 따라
duty_assignment,ASG-000586,owner_staff_id,SD13-1,SD17-1,시설 소관 이동을 따라
duty_assignment,ASG-000586,deputy_staff_id,SD13-2,SD17-2,시설 소관 이동을 따라
duty_assignment,ASG-000587,dept_id,D13,D17,시설 소관 이동을 따라
duty_assignment,ASG-000587,owner_staff_id,SD13-1,SD17-1,시설 소관 이동을 따라
duty_assignment,ASG-000587,deputy_staff_id,SD13-2,SD17-2,시설 소관 이동을 따라
duty_assignment,ASG-000588,dept_id,D10,D16,경전철(공중교통수단) — 도시철도과
duty_assignment,ASG-000588,owner_staff_id,SD10-1,SD16-1,경전철(공중교통수단) — 도시철도과
duty_assignment,ASG-000588,deputy_staff_id,SD10-2,SD16-2,경전철(공중교통수단) — 도시철도과
duty_assignment,ASG-000801,dept_id,D04,D05,시설 소관 이동을 따라
duty_assignment,ASG-000801,owner_staff_id,SD04-1,SD05-1,시설 소관 이동을 따라
duty_assignment,ASG-000801,deputy_staff_id,SD04-2,SD05-2,시설 소관 이동을 따라
duty_assignment,ASG-000802,dept_id,D04,D05,시설 소관 이동을 따라
duty_assignment,ASG-000802,owner_staff_id,SD04-1,SD05-1,시설 소관 이동을 따라
duty_assignment,ASG-000802,deputy_staff_id,SD04-2,SD05-2,시설 소관 이동을 따라
duty_assignment,ASG-000803,dept_id,D04,D05,시설 소관 이동을 따라
duty_assignment,ASG-000803,owner_staff_id,SD04-1,SD05-1,시설 소관 이동을 따라
duty_assignment,ASG-000803,deputy_staff_id,SD04-2,SD05-2,시설 소관 이동을 따라
duty_assignment,ASG-000805,dept_id,D04,D05,시설 소관 이동을 따라
duty_assignment,ASG-000805,owner_staff_id,SD04-1,SD05-1,시설 소관 이동을 따라
duty_assignment,ASG-000805,deputy_staff_id,SD04-2,SD05-2,시설 소관 이동을 따라
duty_assignment,ASG-000806,dept_id,D04,D05,시설 소관 이동을 따라
duty_assignment,ASG-000806,owner_staff_id,SD04-1,SD05-1,시설 소관 이동을 따라
duty_assignment,ASG-000806,deputy_staff_id,SD04-2,SD05-2,시설 소관 이동을 따라
duty_assignment,ASG-000807,dept_id,D04,D05,시설 소관 이동을 따라
duty_assignment,ASG-000807,owner_staff_id,SD04-1,SD05-1,시설 소관 이동을 따라
duty_assignment,ASG-000807,deputy_staff_id,SD04-2,SD05-2,시설 소관 이동을 따라
duty_assignment,ASG-000809,dept_id,D04,D05,시설 소관 이동을 따라
duty_assignment,ASG-000809,owner_staff_id,SD04-1,SD05-1,시설 소관 이동을 따라
duty_assignment,ASG-000809,deputy_staff_id,SD04-2,SD05-2,시설 소관 이동을 따라
duty_assignment,ASG-000810,dept_id,D04,D05,시설 소관 이동을 따라
duty_assignment,ASG-000810,owner_staff_id,SD04-1,SD05-1,시설 소관 이동을 따라
duty_assignment,ASG-000810,deputy_staff_id,SD04-2,SD05-2,시설 소관 이동을 따라
duty_assignment,ASG-000811,dept_id,D04,D05,시설 소관 이동을 따라
duty_assignment,ASG-000811,owner_staff_id,SD04-1,SD05-1,시설 소관 이동을 따라
duty_assignment,ASG-000811,deputy_staff_id,SD04-2,SD05-2,시설 소관 이동을 따라
duty_assignment,ASG-000813,dept_id,D04,D05,시설 소관 이동을 따라
duty_assignment,ASG-000813,owner_staff_id,SD04-1,SD05-1,시설 소관 이동을 따라
duty_assignment,ASG-000813,deputy_staff_id,SD04-2,SD05-2,시설 소관 이동을 따라
duty_assignment,ASG-000814,dept_id,D04,D05,시설 소관 이동을 따라
duty_assignment,ASG-000814,owner_staff_id,SD04-1,SD05-1,시설 소관 이동을 따라
duty_assignment,ASG-000814,deputy_staff_id,SD04-2,SD05-2,시설 소관 이동을 따라
duty_assignment,ASG-000815,dept_id,D04,D05,시설 소관 이동을 따라
duty_assignment,ASG-000815,owner_staff_id,SD04-1,SD05-1,시설 소관 이동을 따라
duty_assignment,ASG-000815,deputy_staff_id,SD04-2,SD05-2,시설 소관 이동을 따라
duty_assignment,ASG-000817,dept_id,D04,D05,시설 소관 이동을 따라
duty_assignment,ASG-000817,owner_staff_id,SD04-1,SD05-1,시설 소관 이동을 따라
duty_assignment,ASG-000817,deputy_staff_id,SD04-2,SD05-2,시설 소관 이동을 따라
duty_assignment,ASG-000818,dept_id,D04,D05,시설 소관 이동을 따라
duty_assignment,ASG-000818,owner_staff_id,SD04-1,SD05-1,시설 소관 이동을 따라
duty_assignment,ASG-000818,deputy_staff_id,SD04-2,SD05-2,시설 소관 이동을 따라
duty_assignment,ASG-000819,dept_id,D04,D05,시설 소관 이동을 따라
duty_assignment,ASG-000819,owner_staff_id,SD04-1,SD05-1,시설 소관 이동을 따라
duty_assignment,ASG-000819,deputy_staff_id,SD04-2,SD05-2,시설 소관 이동을 따라
duty_assignment,ASG-000821,dept_id,D04,D05,시설 소관 이동을 따라
duty_assignment,ASG-000821,owner_staff_id,SD04-1,SD05-1,시설 소관 이동을 따라
duty_assignment,ASG-000821,deputy_staff_id,SD04-2,SD05-2,시설 소관 이동을 따라
duty_assignment,ASG-000822,dept_id,D04,D05,시설 소관 이동을 따라
duty_assignment,ASG-000822,owner_staff_id,SD04-1,SD05-1,시설 소관 이동을 따라
duty_assignment,ASG-000822,deputy_staff_id,SD04-2,SD05-2,시설 소관 이동을 따라
duty_assignment,ASG-000823,dept_id,D04,D05,시설 소관 이동을 따라
duty_assignment,ASG-000823,owner_staff_id,SD04-1,SD05-1,시설 소관 이동을 따라
duty_assignment,ASG-000823,deputy_staff_id,SD04-2,SD05-2,시설 소관 이동을 따라
duty_assignment,ASG-000825,dept_id,D04,D05,시설 소관 이동을 따라
duty_assignment,ASG-000825,owner_staff_id,SD04-1,SD05-1,시설 소관 이동을 따라
duty_assignment,ASG-000825,deputy_staff_id,SD04-2,SD05-2,시설 소관 이동을 따라
duty_assignment,ASG-000826,dept_id,D04,D05,시설 소관 이동을 따라
duty_assignment,ASG-000826,owner_staff_id,SD04-1,SD05-1,시설 소관 이동을 따라
duty_assignment,ASG-000826,deputy_staff_id,SD04-2,SD05-2,시설 소관 이동을 따라
duty_assignment,ASG-000827,dept_id,D04,D05,시설 소관 이동을 따라
duty_assignment,ASG-000827,owner_staff_id,SD04-1,SD05-1,시설 소관 이동을 따라
duty_assignment,ASG-000827,deputy_staff_id,SD04-2,SD05-2,시설 소관 이동을 따라
duty_assignment,ASG-000829,dept_id,D04,D05,시설 소관 이동을 따라
duty_assignment,ASG-000829,owner_staff_id,SD04-1,SD05-1,시설 소관 이동을 따라
duty_assignment,ASG-000829,deputy_staff_id,SD04-2,SD05-2,시설 소관 이동을 따라
duty_assignment,ASG-000830,dept_id,D04,D05,시설 소관 이동을 따라
duty_assignment,ASG-000830,owner_staff_id,SD04-1,SD05-1,시설 소관 이동을 따라
duty_assignment,ASG-000830,deputy_staff_id,SD04-2,SD05-2,시설 소관 이동을 따라
duty_assignment,ASG-000831,dept_id,D04,D05,시설 소관 이동을 따라
duty_assignment,ASG-000831,owner_staff_id,SD04-1,SD05-1,시설 소관 이동을 따라
duty_assignment,ASG-000831,deputy_staff_id,SD04-2,SD05-2,시설 소관 이동을 따라
duty_assignment,ASG-000833,dept_id,D04,D05,시설 소관 이동을 따라
duty_assignment,ASG-000833,owner_staff_id,SD04-1,SD05-1,시설 소관 이동을 따라
duty_assignment,ASG-000833,deputy_staff_id,SD04-2,SD05-2,시설 소관 이동을 따라
duty_assignment,ASG-000834,dept_id,D04,D05,시설 소관 이동을 따라
duty_assignment,ASG-000834,owner_staff_id,SD04-1,SD05-1,시설 소관 이동을 따라
duty_assignment,ASG-000834,deputy_staff_id,SD04-2,SD05-2,시설 소관 이동을 따라
duty_assignment,ASG-000835,dept_id,D04,D05,시설 소관 이동을 따라
duty_assignment,ASG-000835,owner_staff_id,SD04-1,SD05-1,시설 소관 이동을 따라
duty_assignment,ASG-000835,deputy_staff_id,SD04-2,SD05-2,시설 소관 이동을 따라
duty_assignment,ASG-000837,dept_id,D04,D05,시설 소관 이동을 따라
duty_assignment,ASG-000837,owner_staff_id,SD04-1,SD05-1,시설 소관 이동을 따라
duty_assignment,ASG-000837,deputy_staff_id,SD04-2,SD05-2,시설 소관 이동을 따라
duty_assignment,ASG-000838,dept_id,D04,D05,시설 소관 이동을 따라
duty_assignment,ASG-000838,owner_staff_id,SD04-1,SD05-1,시설 소관 이동을 따라
duty_assignment,ASG-000838,deputy_staff_id,SD04-2,SD05-2,시설 소관 이동을 따라
duty_assignment,ASG-000839,dept_id,D04,D05,시설 소관 이동을 따라
duty_assignment,ASG-000839,owner_staff_id,SD04-1,SD05-1,시설 소관 이동을 따라
duty_assignment,ASG-000839,deputy_staff_id,SD04-2,SD05-2,시설 소관 이동을 따라
duty_assignment,ASG-000841,dept_id,D04,D05,시설 소관 이동을 따라
duty_assignment,ASG-000841,owner_staff_id,SD04-1,SD05-1,시설 소관 이동을 따라
duty_assignment,ASG-000841,deputy_staff_id,SD04-2,SD05-2,시설 소관 이동을 따라
duty_assignment,ASG-000842,dept_id,D04,D05,시설 소관 이동을 따라
duty_assignment,ASG-000842,owner_staff_id,SD04-1,SD05-1,시설 소관 이동을 따라
duty_assignment,ASG-000842,deputy_staff_id,SD04-2,SD05-2,시설 소관 이동을 따라
duty_assignment,ASG-000843,dept_id,D04,D05,시설 소관 이동을 따라
duty_assignment,ASG-000843,owner_staff_id,SD04-1,SD05-1,시설 소관 이동을 따라
duty_assignment,ASG-000843,deputy_staff_id,SD04-2,SD05-2,시설 소관 이동을 따라
duty_assignment,ASG-000845,dept_id,D04,D05,시설 소관 이동을 따라
duty_assignment,ASG-000845,owner_staff_id,SD04-1,SD05-1,시설 소관 이동을 따라
duty_assignment,ASG-000845,deputy_staff_id,SD04-2,SD05-2,시설 소관 이동을 따라
duty_assignment,ASG-000846,dept_id,D04,D05,시설 소관 이동을 따라
duty_assignment,ASG-000846,owner_staff_id,SD04-1,SD05-1,시설 소관 이동을 따라
duty_assignment,ASG-000846,deputy_staff_id,SD04-2,SD05-2,시설 소관 이동을 따라
duty_assignment,ASG-000847,dept_id,D04,D05,시설 소관 이동을 따라
duty_assignment,ASG-000847,owner_staff_id,SD04-1,SD05-1,시설 소관 이동을 따라
duty_assignment,ASG-000847,deputy_staff_id,SD04-2,SD05-2,시설 소관 이동을 따라
duty_assignment,ASG-000849,dept_id,D04,D05,시설 소관 이동을 따라
duty_assignment,ASG-000849,owner_staff_id,SD04-1,SD05-1,시설 소관 이동을 따라
duty_assignment,ASG-000849,deputy_staff_id,SD04-2,SD05-2,시설 소관 이동을 따라
duty_assignment,ASG-000850,dept_id,D04,D05,시설 소관 이동을 따라
duty_assignment,ASG-000850,owner_staff_id,SD04-1,SD05-1,시설 소관 이동을 따라
duty_assignment,ASG-000850,deputy_staff_id,SD04-2,SD05-2,시설 소관 이동을 따라
duty_assignment,ASG-000851,dept_id,D04,D05,시설 소관 이동을 따라
duty_assignment,ASG-000851,owner_staff_id,SD04-1,SD05-1,시설 소관 이동을 따라
duty_assignment,ASG-000851,deputy_staff_id,SD04-2,SD05-2,시설 소관 이동을 따라
duty_assignment,ASG-000853,dept_id,D04,D05,시설 소관 이동을 따라
duty_assignment,ASG-000853,owner_staff_id,SD04-1,SD05-1,시설 소관 이동을 따라
duty_assignment,ASG-000853,deputy_staff_id,SD04-2,SD05-2,시설 소관 이동을 따라
duty_assignment,ASG-000854,dept_id,D04,D05,시설 소관 이동을 따라
duty_assignment,ASG-000854,owner_staff_id,SD04-1,SD05-1,시설 소관 이동을 따라
duty_assignment,ASG-000854,deputy_staff_id,SD04-2,SD05-2,시설 소관 이동을 따라
duty_assignment,ASG-000855,dept_id,D04,D05,시설 소관 이동을 따라
duty_assignment,ASG-000855,owner_staff_id,SD04-1,SD05-1,시설 소관 이동을 따라
duty_assignment,ASG-000855,deputy_staff_id,SD04-2,SD05-2,시설 소관 이동을 따라
duty_assignment,ASG-000857,dept_id,D04,D05,시설 소관 이동을 따라
duty_assignment,ASG-000857,owner_staff_id,SD04-1,SD05-1,시설 소관 이동을 따라
duty_assignment,ASG-000857,deputy_staff_id,SD04-2,SD05-2,시설 소관 이동을 따라
duty_assignment,ASG-000858,dept_id,D04,D05,시설 소관 이동을 따라
duty_assignment,ASG-000858,owner_staff_id,SD04-1,SD05-1,시설 소관 이동을 따라
duty_assignment,ASG-000858,deputy_staff_id,SD04-2,SD05-2,시설 소관 이동을 따라
duty_assignment,ASG-000859,dept_id,D04,D05,시설 소관 이동을 따라
duty_assignment,ASG-000859,owner_staff_id,SD04-1,SD05-1,시설 소관 이동을 따라
duty_assignment,ASG-000859,deputy_staff_id,SD04-2,SD05-2,시설 소관 이동을 따라
duty_assignment,ASG-000861,dept_id,D04,D05,시설 소관 이동을 따라
duty_assignment,ASG-000861,owner_staff_id,SD04-1,SD05-1,시설 소관 이동을 따라
duty_assignment,ASG-000861,deputy_staff_id,SD04-2,SD05-2,시설 소관 이동을 따라
duty_assignment,ASG-000862,dept_id,D04,D05,시설 소관 이동을 따라
duty_assignment,ASG-000862,owner_staff_id,SD04-1,SD05-1,시설 소관 이동을 따라
duty_assignment,ASG-000862,deputy_staff_id,SD04-2,SD05-2,시설 소관 이동을 따라
duty_assignment,ASG-000863,dept_id,D04,D05,시설 소관 이동을 따라
duty_assignment,ASG-000863,owner_staff_id,SD04-1,SD05-1,시설 소관 이동을 따라
duty_assignment,ASG-000863,deputy_staff_id,SD04-2,SD05-2,시설 소관 이동을 따라
duty_assignment,ASG-000865,dept_id,D04,D05,시설 소관 이동을 따라
duty_assignment,ASG-000865,owner_staff_id,SD04-1,SD05-1,시설 소관 이동을 따라
duty_assignment,ASG-000865,deputy_staff_id,SD04-2,SD05-2,시설 소관 이동을 따라
duty_assignment,ASG-000866,dept_id,D04,D05,시설 소관 이동을 따라
duty_assignment,ASG-000866,owner_staff_id,SD04-1,SD05-1,시설 소관 이동을 따라
duty_assignment,ASG-000866,deputy_staff_id,SD04-2,SD05-2,시설 소관 이동을 따라
duty_assignment,ASG-000867,dept_id,D04,D05,시설 소관 이동을 따라
duty_assignment,ASG-000867,owner_staff_id,SD04-1,SD05-1,시설 소관 이동을 따라
duty_assignment,ASG-000867,deputy_staff_id,SD04-2,SD05-2,시설 소관 이동을 따라
duty_assignment,ASG-000869,dept_id,D04,D05,시설 소관 이동을 따라
duty_assignment,ASG-000869,owner_staff_id,SD04-1,SD05-1,시설 소관 이동을 따라
duty_assignment,ASG-000869,deputy_staff_id,SD04-2,SD05-2,시설 소관 이동을 따라
duty_assignment,ASG-000870,dept_id,D04,D05,시설 소관 이동을 따라
duty_assignment,ASG-000870,owner_staff_id,SD04-1,SD05-1,시설 소관 이동을 따라
duty_assignment,ASG-000870,deputy_staff_id,SD04-2,SD05-2,시설 소관 이동을 따라
duty_assignment,ASG-000871,dept_id,D04,D05,시설 소관 이동을 따라
duty_assignment,ASG-000871,owner_staff_id,SD04-1,SD05-1,시설 소관 이동을 따라
duty_assignment,ASG-000871,deputy_staff_id,SD04-2,SD05-2,시설 소관 이동을 따라
duty_assignment,ASG-000873,dept_id,D04,D05,시설 소관 이동을 따라
duty_assignment,ASG-000873,owner_staff_id,SD04-1,SD05-1,시설 소관 이동을 따라
duty_assignment,ASG-000873,deputy_staff_id,SD04-2,SD05-2,시설 소관 이동을 따라
duty_assignment,ASG-000874,dept_id,D04,D05,시설 소관 이동을 따라
duty_assignment,ASG-000874,owner_staff_id,SD04-1,SD05-1,시설 소관 이동을 따라
duty_assignment,ASG-000874,deputy_staff_id,SD04-2,SD05-2,시설 소관 이동을 따라
duty_assignment,ASG-000875,dept_id,D04,D05,시설 소관 이동을 따라
duty_assignment,ASG-000875,owner_staff_id,SD04-1,SD05-1,시설 소관 이동을 따라
duty_assignment,ASG-000875,deputy_staff_id,SD04-2,SD05-2,시설 소관 이동을 따라
duty_assignment,ASG-000877,dept_id,D04,D05,시설 소관 이동을 따라
duty_assignment,ASG-000877,owner_staff_id,SD04-1,SD05-1,시설 소관 이동을 따라
duty_assignment,ASG-000877,deputy_staff_id,SD04-2,SD05-2,시설 소관 이동을 따라
duty_assignment,ASG-000878,dept_id,D04,D05,시설 소관 이동을 따라
duty_assignment,ASG-000878,owner_staff_id,SD04-1,SD05-1,시설 소관 이동을 따라
duty_assignment,ASG-000878,deputy_staff_id,SD04-2,SD05-2,시설 소관 이동을 따라
duty_assignment,ASG-000879,dept_id,D04,D05,시설 소관 이동을 따라
duty_assignment,ASG-000879,owner_staff_id,SD04-1,SD05-1,시설 소관 이동을 따라
duty_assignment,ASG-000879,deputy_staff_id,SD04-2,SD05-2,시설 소관 이동을 따라
duty_assignment,ASG-001031,dept_id,D13,D17,시설 소관 이동을 따라
duty_assignment,ASG-001031,owner_staff_id,SD13-1,SD17-1,시설 소관 이동을 따라
duty_assignment,ASG-001031,deputy_staff_id,SD13-2,SD17-2,시설 소관 이동을 따라
duty_assignment,ASG-001032,dept_id,D13,D17,시설 소관 이동을 따라
duty_assignment,ASG-001032,owner_staff_id,SD13-1,SD17-1,시설 소관 이동을 따라
duty_assignment,ASG-001032,deputy_staff_id,SD13-2,SD17-2,시설 소관 이동을 따라
duty_assignment,ASG-001033,dept_id,D13,D17,시설 소관 이동을 따라
duty_assignment,ASG-001033,owner_staff_id,SD13-1,SD17-1,시설 소관 이동을 따라
duty_assignment,ASG-001033,deputy_staff_id,SD13-2,SD17-2,시설 소관 이동을 따라
duty_assignment,ASG-001035,dept_id,D13,D17,시설 소관 이동을 따라
duty_assignment,ASG-001035,owner_staff_id,SD13-1,SD17-1,시설 소관 이동을 따라
duty_assignment,ASG-001035,deputy_staff_id,SD13-2,SD17-2,시설 소관 이동을 따라
duty_assignment,ASG-001036,dept_id,D13,D17,시설 소관 이동을 따라
duty_assignment,ASG-001036,owner_staff_id,SD13-1,SD17-1,시설 소관 이동을 따라
duty_assignment,ASG-001036,deputy_staff_id,SD13-2,SD17-2,시설 소관 이동을 따라
duty_assignment,ASG-001037,dept_id,D13,D17,시설 소관 이동을 따라
duty_assignment,ASG-001037,owner_staff_id,SD13-1,SD17-1,시설 소관 이동을 따라
duty_assignment,ASG-001037,deputy_staff_id,SD13-2,SD17-2,시설 소관 이동을 따라
duty_assignment,ASG-001039,dept_id,D13,D17,시설 소관 이동을 따라
duty_assignment,ASG-001039,owner_staff_id,SD13-1,SD17-1,시설 소관 이동을 따라
duty_assignment,ASG-001039,deputy_staff_id,SD13-2,SD17-2,시설 소관 이동을 따라
duty_assignment,ASG-001040,dept_id,D13,D17,시설 소관 이동을 따라
duty_assignment,ASG-001040,owner_staff_id,SD13-1,SD17-1,시설 소관 이동을 따라
duty_assignment,ASG-001040,deputy_staff_id,SD13-2,SD17-2,시설 소관 이동을 따라
duty_assignment,ASG-001041,dept_id,D13,D17,시설 소관 이동을 따라
duty_assignment,ASG-001041,owner_staff_id,SD13-1,SD17-1,시설 소관 이동을 따라
duty_assignment,ASG-001041,deputy_staff_id,SD13-2,SD17-2,시설 소관 이동을 따라
duty_assignment,ASG-001043,dept_id,D13,D17,시설 소관 이동을 따라
duty_assignment,ASG-001043,owner_staff_id,SD13-1,SD17-1,시설 소관 이동을 따라
duty_assignment,ASG-001043,deputy_staff_id,SD13-2,SD17-2,시설 소관 이동을 따라
duty_assignment,ASG-001044,dept_id,D13,D17,시설 소관 이동을 따라
duty_assignment,ASG-001044,owner_staff_id,SD13-1,SD17-1,시설 소관 이동을 따라
duty_assignment,ASG-001044,deputy_staff_id,SD13-2,SD17-2,시설 소관 이동을 따라
duty_assignment,ASG-001045,dept_id,D13,D17,시설 소관 이동을 따라
duty_assignment,ASG-001045,owner_staff_id,SD13-1,SD17-1,시설 소관 이동을 따라
duty_assignment,ASG-001045,deputy_staff_id,SD13-2,SD17-2,시설 소관 이동을 따라
duty_assignment,ASG-001047,dept_id,D13,D17,시설 소관 이동을 따라
duty_assignment,ASG-001047,owner_staff_id,SD13-1,SD17-1,시설 소관 이동을 따라
duty_assignment,ASG-001047,deputy_staff_id,SD13-2,SD17-2,시설 소관 이동을 따라
duty_assignment,ASG-001048,dept_id,D13,D17,시설 소관 이동을 따라
duty_assignment,ASG-001048,owner_staff_id,SD13-1,SD17-1,시설 소관 이동을 따라
duty_assignment,ASG-001048,deputy_staff_id,SD13-2,SD17-2,시설 소관 이동을 따라
duty_assignment,ASG-001049,dept_id,D13,D17,시설 소관 이동을 따라
duty_assignment,ASG-001049,owner_staff_id,SD13-1,SD17-1,시설 소관 이동을 따라
duty_assignment,ASG-001049,deputy_staff_id,SD13-2,SD17-2,시설 소관 이동을 따라
duty_assignment,ASG-001051,dept_id,D13,D17,시설 소관 이동을 따라
duty_assignment,ASG-001051,owner_staff_id,SD13-1,SD17-1,시설 소관 이동을 따라
duty_assignment,ASG-001051,deputy_staff_id,SD13-2,SD17-2,시설 소관 이동을 따라
duty_assignment,ASG-001052,dept_id,D13,D17,시설 소관 이동을 따라
duty_assignment,ASG-001052,owner_staff_id,SD13-1,SD17-1,시설 소관 이동을 따라
duty_assignment,ASG-001052,deputy_staff_id,SD13-2,SD17-2,시설 소관 이동을 따라
duty_assignment,ASG-001053,dept_id,D13,D17,시설 소관 이동을 따라
duty_assignment,ASG-001053,owner_staff_id,SD13-1,SD17-1,시설 소관 이동을 따라
duty_assignment,ASG-001053,deputy_staff_id,SD13-2,SD17-2,시설 소관 이동을 따라
duty_assignment,ASG-001055,dept_id,D13,D17,시설 소관 이동을 따라
duty_assignment,ASG-001055,owner_staff_id,SD13-1,SD17-1,시설 소관 이동을 따라
duty_assignment,ASG-001055,deputy_staff_id,SD13-2,SD17-2,시설 소관 이동을 따라
duty_assignment,ASG-001056,dept_id,D13,D17,시설 소관 이동을 따라
duty_assignment,ASG-001056,owner_staff_id,SD13-1,SD17-1,시설 소관 이동을 따라
duty_assignment,ASG-001056,deputy_staff_id,SD13-2,SD17-2,시설 소관 이동을 따라
duty_assignment,ASG-001057,dept_id,D13,D17,시설 소관 이동을 따라
duty_assignment,ASG-001057,owner_staff_id,SD13-1,SD17-1,시설 소관 이동을 따라
duty_assignment,ASG-001057,deputy_staff_id,SD13-2,SD17-2,시설 소관 이동을 따라
duty_assignment,ASG-001059,dept_id,D13,D17,시설 소관 이동을 따라
duty_assignment,ASG-001059,owner_staff_id,SD13-1,SD17-1,시설 소관 이동을 따라
duty_assignment,ASG-001059,deputy_staff_id,SD13-2,SD17-2,시설 소관 이동을 따라
duty_assignment,ASG-001060,dept_id,D13,D17,시설 소관 이동을 따라
duty_assignment,ASG-001060,owner_staff_id,SD13-1,SD17-1,시설 소관 이동을 따라
duty_assignment,ASG-001060,deputy_staff_id,SD13-2,SD17-2,시설 소관 이동을 따라
duty_assignment,ASG-001061,dept_id,D13,D17,시설 소관 이동을 따라
duty_assignment,ASG-001061,owner_staff_id,SD13-1,SD17-1,시설 소관 이동을 따라
duty_assignment,ASG-001061,deputy_staff_id,SD13-2,SD17-2,시설 소관 이동을 따라
duty_assignment,ASG-001075,dept_id,D13,D17,시설 소관 이동을 따라
duty_assignment,ASG-001075,owner_staff_id,SD13-1,SD17-1,시설 소관 이동을 따라
duty_assignment,ASG-001075,deputy_staff_id,SD13-2,SD17-2,시설 소관 이동을 따라
duty_assignment,ASG-001076,dept_id,D13,D17,시설 소관 이동을 따라
duty_assignment,ASG-001076,owner_staff_id,SD13-1,SD17-1,시설 소관 이동을 따라
duty_assignment,ASG-001076,deputy_staff_id,SD13-2,SD17-2,시설 소관 이동을 따라
duty_assignment,ASG-001077,dept_id,D13,D17,시설 소관 이동을 따라
duty_assignment,ASG-001077,owner_staff_id,SD13-1,SD17-1,시설 소관 이동을 따라
duty_assignment,ASG-001077,deputy_staff_id,SD13-2,SD17-2,시설 소관 이동을 따라
duty_assignment,ASG-001079,dept_id,D13,D17,시설 소관 이동을 따라
duty_assignment,ASG-001079,owner_staff_id,SD13-1,SD17-1,시설 소관 이동을 따라
duty_assignment,ASG-001079,deputy_staff_id,SD13-2,SD17-2,시설 소관 이동을 따라
duty_assignment,ASG-001080,dept_id,D13,D17,시설 소관 이동을 따라
duty_assignment,ASG-001080,owner_staff_id,SD13-1,SD17-1,시설 소관 이동을 따라
duty_assignment,ASG-001080,deputy_staff_id,SD13-2,SD17-2,시설 소관 이동을 따라
duty_assignment,ASG-001081,dept_id,D13,D17,시설 소관 이동을 따라
duty_assignment,ASG-001081,owner_staff_id,SD13-1,SD17-1,시설 소관 이동을 따라
duty_assignment,ASG-001081,deputy_staff_id,SD13-2,SD17-2,시설 소관 이동을 따라
duty_assignment,ASG-001162,dept_id,D10,D16,경전철(공중교통수단) — 도시철도과
duty_assignment,ASG-001162,owner_staff_id,SD10-1,SD16-1,경전철(공중교통수단) — 도시철도과
duty_assignment,ASG-001162,deputy_staff_id,SD10-2,SD16-2,경전철(공중교통수단) — 도시철도과
duty_assignment,ASG-001163,dept_id,D10,D16,경전철(공중교통수단) — 도시철도과
duty_assignment,ASG-001163,owner_staff_id,SD10-1,SD16-1,경전철(공중교통수단) — 도시철도과
duty_assignment,ASG-001163,deputy_staff_id,SD10-2,SD16-2,경전철(공중교통수단) — 도시철도과
duty_assignment,ASG-001164,dept_id,D10,D16,경전철(공중교통수단) — 도시철도과
duty_assignment,ASG-001164,owner_staff_id,SD10-1,SD16-1,경전철(공중교통수단) — 도시철도과
duty_assignment,ASG-001164,deputy_staff_id,SD10-2,SD16-2,경전철(공중교통수단) — 도시철도과
duty_assignment,ASG-001165,dept_id,D10,D16,경전철(공중교통수단) — 도시철도과
duty_assignment,ASG-001165,owner_staff_id,SD10-1,SD16-1,경전철(공중교통수단) — 도시철도과
duty_assignment,ASG-001165,deputy_staff_id,SD10-2,SD16-2,경전철(공중교통수단) — 도시철도과
duty_assignment,ASG-001166,dept_id,D10,D16,경전철(공중교통수단) — 도시철도과
duty_assignment,ASG-001166,owner_staff_id,SD10-1,SD16-1,경전철(공중교통수단) — 도시철도과
duty_assignment,ASG-001166,deputy_staff_id,SD10-2,SD16-2,경전철(공중교통수단) — 도시철도과
duty_assignment,ASG-001167,dept_id,D10,D16,경전철(공중교통수단) — 도시철도과
duty_assignment,ASG-001167,owner_staff_id,SD10-1,SD16-1,경전철(공중교통수단) — 도시철도과
duty_assignment,ASG-001167,deputy_staff_id,SD10-2,SD16-2,경전철(공중교통수단) — 도시철도과
duty_assignment,ASG-001168,dept_id,D10,D16,경전철(공중교통수단) — 도시철도과
duty_assignment,ASG-001168,owner_staff_id,SD10-1,SD16-1,경전철(공중교통수단) — 도시철도과
duty_assignment,ASG-001168,deputy_staff_id,SD10-2,SD16-2,경전철(공중교통수단) — 도시철도과
duty_assignment,ASG-001169,dept_id,D10,D16,경전철(공중교통수단) — 도시철도과
duty_assignment,ASG-001169,owner_staff_id,SD10-1,SD16-1,경전철(공중교통수단) — 도시철도과
duty_assignment,ASG-001169,deputy_staff_id,SD10-2,SD16-2,경전철(공중교통수단) — 도시철도과
duty_assignment,ASG-001170,dept_id,D10,D16,경전철(공중교통수단) — 도시철도과
duty_assignment,ASG-001170,owner_staff_id,SD10-1,SD16-1,경전철(공중교통수단) — 도시철도과
duty_assignment,ASG-001170,deputy_staff_id,SD10-2,SD16-2,경전철(공중교통수단) — 도시철도과
duty_assignment,ASG-001306,dept_id,D13,D17,시설 소관 이동을 따라
duty_assignment,ASG-001306,owner_staff_id,SD13-1,SD17-1,시설 소관 이동을 따라
duty_assignment,ASG-001306,deputy_staff_id,SD13-2,SD17-2,시설 소관 이동을 따라
duty_assignment,ASG-001307,dept_id,D13,D17,시설 소관 이동을 따라
duty_assignment,ASG-001307,owner_staff_id,SD13-1,SD17-1,시설 소관 이동을 따라
duty_assignment,ASG-001307,deputy_staff_id,SD13-2,SD17-2,시설 소관 이동을 따라
duty_assignment,ASG-001308,dept_id,D13,D17,시설 소관 이동을 따라
duty_assignment,ASG-001308,owner_staff_id,SD13-1,SD17-1,시설 소관 이동을 따라
duty_assignment,ASG-001308,deputy_staff_id,SD13-2,SD17-2,시설 소관 이동을 따라
duty_assignment,ASG-001310,dept_id,D13,D17,시설 소관 이동을 따라
duty_assignment,ASG-001310,owner_staff_id,SD13-1,SD17-1,시설 소관 이동을 따라
duty_assignment,ASG-001310,deputy_staff_id,SD13-2,SD17-2,시설 소관 이동을 따라
duty_assignment,ASG-001311,dept_id,D13,D17,시설 소관 이동을 따라
duty_assignment,ASG-001311,owner_staff_id,SD13-1,SD17-1,시설 소관 이동을 따라
duty_assignment,ASG-001311,deputy_staff_id,SD13-2,SD17-2,시설 소관 이동을 따라
duty_assignment,ASG-001312,dept_id,D13,D17,시설 소관 이동을 따라
duty_assignment,ASG-001312,owner_staff_id,SD13-1,SD17-1,시설 소관 이동을 따라
duty_assignment,ASG-001312,deputy_staff_id,SD13-2,SD17-2,시설 소관 이동을 따라
duty_assignment,ASG-001314,dept_id,D13,D17,시설 소관 이동을 따라
duty_assignment,ASG-001314,owner_staff_id,SD13-1,SD17-1,시설 소관 이동을 따라
duty_assignment,ASG-001314,deputy_staff_id,SD13-2,SD17-2,시설 소관 이동을 따라
duty_assignment,ASG-001315,dept_id,D13,D17,시설 소관 이동을 따라
duty_assignment,ASG-001315,owner_staff_id,SD13-1,SD17-1,시설 소관 이동을 따라
duty_assignment,ASG-001315,deputy_staff_id,SD13-2,SD17-2,시설 소관 이동을 따라
duty_assignment,ASG-001316,dept_id,D13,D17,시설 소관 이동을 따라
duty_assignment,ASG-001316,owner_staff_id,SD13-1,SD17-1,시설 소관 이동을 따라
duty_assignment,ASG-001316,deputy_staff_id,SD13-2,SD17-2,시설 소관 이동을 따라
duty_assignment,ASG-001318,dept_id,D13,D17,시설 소관 이동을 따라
duty_assignment,ASG-001318,owner_staff_id,SD13-1,SD17-1,시설 소관 이동을 따라
duty_assignment,ASG-001318,deputy_staff_id,SD13-2,SD17-2,시설 소관 이동을 따라
duty_assignment,ASG-001319,dept_id,D13,D17,시설 소관 이동을 따라
duty_assignment,ASG-001319,owner_staff_id,SD13-1,SD17-1,시설 소관 이동을 따라
duty_assignment,ASG-001319,deputy_staff_id,SD13-2,SD17-2,시설 소관 이동을 따라
duty_assignment,ASG-001320,dept_id,D13,D17,시설 소관 이동을 따라
duty_assignment,ASG-001320,owner_staff_id,SD13-1,SD17-1,시설 소관 이동을 따라
duty_assignment,ASG-001320,deputy_staff_id,SD13-2,SD17-2,시설 소관 이동을 따라
duty_assignment,ASG-001393,dept_id,D04,D05,시설 소관 이동을 따라
duty_assignment,ASG-001393,owner_staff_id,SD04-1,SD05-1,시설 소관 이동을 따라
duty_assignment,ASG-001393,deputy_staff_id,SD04-2,SD05-2,시설 소관 이동을 따라
duty_assignment,ASG-001394,dept_id,D04,D05,시설 소관 이동을 따라
duty_assignment,ASG-001394,owner_staff_id,SD04-1,SD05-1,시설 소관 이동을 따라
duty_assignment,ASG-001394,deputy_staff_id,SD04-2,SD05-2,시설 소관 이동을 따라
duty_assignment,ASG-001395,dept_id,D04,D05,시설 소관 이동을 따라
duty_assignment,ASG-001395,owner_staff_id,SD04-1,SD05-1,시설 소관 이동을 따라
duty_assignment,ASG-001395,deputy_staff_id,SD04-2,SD05-2,시설 소관 이동을 따라
duty_assignment,ASG-001397,dept_id,D04,D05,시설 소관 이동을 따라
duty_assignment,ASG-001397,owner_staff_id,SD04-1,SD05-1,시설 소관 이동을 따라
duty_assignment,ASG-001397,deputy_staff_id,SD04-2,SD05-2,시설 소관 이동을 따라
duty_assignment,ASG-001398,dept_id,D04,D05,시설 소관 이동을 따라
duty_assignment,ASG-001398,owner_staff_id,SD04-1,SD05-1,시설 소관 이동을 따라
duty_assignment,ASG-001398,deputy_staff_id,SD04-2,SD05-2,시설 소관 이동을 따라
duty_assignment,ASG-001399,dept_id,D04,D05,시설 소관 이동을 따라
duty_assignment,ASG-001399,owner_staff_id,SD04-1,SD05-1,시설 소관 이동을 따라
duty_assignment,ASG-001399,deputy_staff_id,SD04-2,SD05-2,시설 소관 이동을 따라
duty_assignment,ASG-001401,dept_id,D04,D05,시설 소관 이동을 따라
duty_assignment,ASG-001401,owner_staff_id,SD04-1,SD05-1,시설 소관 이동을 따라
duty_assignment,ASG-001401,deputy_staff_id,SD04-2,SD05-2,시설 소관 이동을 따라
duty_assignment,ASG-001402,dept_id,D04,D05,시설 소관 이동을 따라
duty_assignment,ASG-001402,owner_staff_id,SD04-1,SD05-1,시설 소관 이동을 따라
duty_assignment,ASG-001402,deputy_staff_id,SD04-2,SD05-2,시설 소관 이동을 따라
duty_assignment,ASG-001403,dept_id,D04,D05,시설 소관 이동을 따라
duty_assignment,ASG-001403,owner_staff_id,SD04-1,SD05-1,시설 소관 이동을 따라
duty_assignment,ASG-001403,deputy_staff_id,SD04-2,SD05-2,시설 소관 이동을 따라
duty_assignment,ASG-001405,dept_id,D04,D05,시설 소관 이동을 따라
duty_assignment,ASG-001405,owner_staff_id,SD04-1,SD05-1,시설 소관 이동을 따라
duty_assignment,ASG-001405,deputy_staff_id,SD04-2,SD05-2,시설 소관 이동을 따라
duty_assignment,ASG-001406,dept_id,D04,D05,시설 소관 이동을 따라
duty_assignment,ASG-001406,owner_staff_id,SD04-1,SD05-1,시설 소관 이동을 따라
duty_assignment,ASG-001406,deputy_staff_id,SD04-2,SD05-2,시설 소관 이동을 따라
duty_assignment,ASG-001407,dept_id,D04,D05,시설 소관 이동을 따라
duty_assignment,ASG-001407,owner_staff_id,SD04-1,SD05-1,시설 소관 이동을 따라
duty_assignment,ASG-001407,deputy_staff_id,SD04-2,SD05-2,시설 소관 이동을 따라
duty_assignment,ASG-001409,dept_id,D04,D05,시설 소관 이동을 따라
duty_assignment,ASG-001409,owner_staff_id,SD04-1,SD05-1,시설 소관 이동을 따라
duty_assignment,ASG-001409,deputy_staff_id,SD04-2,SD05-2,시설 소관 이동을 따라
duty_assignment,ASG-001410,dept_id,D04,D05,시설 소관 이동을 따라
duty_assignment,ASG-001410,owner_staff_id,SD04-1,SD05-1,시설 소관 이동을 따라
duty_assignment,ASG-001410,deputy_staff_id,SD04-2,SD05-2,시설 소관 이동을 따라
duty_assignment,ASG-001411,dept_id,D04,D05,시설 소관 이동을 따라
duty_assignment,ASG-001411,owner_staff_id,SD04-1,SD05-1,시설 소관 이동을 따라
duty_assignment,ASG-001411,deputy_staff_id,SD04-2,SD05-2,시설 소관 이동을 따라
duty_assignment,ASG-001413,dept_id,D04,D05,시설 소관 이동을 따라
duty_assignment,ASG-001413,owner_staff_id,SD04-1,SD05-1,시설 소관 이동을 따라
duty_assignment,ASG-001413,deputy_staff_id,SD04-2,SD05-2,시설 소관 이동을 따라
duty_assignment,ASG-001414,dept_id,D04,D05,시설 소관 이동을 따라
duty_assignment,ASG-001414,owner_staff_id,SD04-1,SD05-1,시설 소관 이동을 따라
duty_assignment,ASG-001414,deputy_staff_id,SD04-2,SD05-2,시설 소관 이동을 따라
duty_assignment,ASG-001415,dept_id,D04,D05,시설 소관 이동을 따라
duty_assignment,ASG-001415,owner_staff_id,SD04-1,SD05-1,시설 소관 이동을 따라
duty_assignment,ASG-001415,deputy_staff_id,SD04-2,SD05-2,시설 소관 이동을 따라
duty_assignment,ASG-001417,dept_id,D04,D05,시설 소관 이동을 따라
duty_assignment,ASG-001417,owner_staff_id,SD04-1,SD05-1,시설 소관 이동을 따라
duty_assignment,ASG-001417,deputy_staff_id,SD04-2,SD05-2,시설 소관 이동을 따라
duty_assignment,ASG-001418,dept_id,D04,D05,시설 소관 이동을 따라
duty_assignment,ASG-001418,owner_staff_id,SD04-1,SD05-1,시설 소관 이동을 따라
duty_assignment,ASG-001418,deputy_staff_id,SD04-2,SD05-2,시설 소관 이동을 따라
duty_assignment,ASG-001419,dept_id,D04,D05,시설 소관 이동을 따라
duty_assignment,ASG-001419,owner_staff_id,SD04-1,SD05-1,시설 소관 이동을 따라
duty_assignment,ASG-001419,deputy_staff_id,SD04-2,SD05-2,시설 소관 이동을 따라
duty_assignment,ASG-001421,dept_id,D04,D05,시설 소관 이동을 따라
duty_assignment,ASG-001421,owner_staff_id,SD04-1,SD05-1,시설 소관 이동을 따라
duty_assignment,ASG-001421,deputy_staff_id,SD04-2,SD05-2,시설 소관 이동을 따라
duty_assignment,ASG-001422,dept_id,D04,D05,시설 소관 이동을 따라
duty_assignment,ASG-001422,owner_staff_id,SD04-1,SD05-1,시설 소관 이동을 따라
duty_assignment,ASG-001422,deputy_staff_id,SD04-2,SD05-2,시설 소관 이동을 따라
duty_assignment,ASG-001423,dept_id,D04,D05,시설 소관 이동을 따라
duty_assignment,ASG-001423,owner_staff_id,SD04-1,SD05-1,시설 소관 이동을 따라
duty_assignment,ASG-001423,deputy_staff_id,SD04-2,SD05-2,시설 소관 이동을 따라
duty_assignment,ASG-001425,dept_id,D04,D05,시설 소관 이동을 따라
duty_assignment,ASG-001425,owner_staff_id,SD04-1,SD05-1,시설 소관 이동을 따라
duty_assignment,ASG-001425,deputy_staff_id,SD04-2,SD05-2,시설 소관 이동을 따라
duty_assignment,ASG-001426,dept_id,D04,D05,시설 소관 이동을 따라
duty_assignment,ASG-001426,owner_staff_id,SD04-1,SD05-1,시설 소관 이동을 따라
duty_assignment,ASG-001426,deputy_staff_id,SD04-2,SD05-2,시설 소관 이동을 따라
duty_assignment,ASG-001427,dept_id,D04,D05,시설 소관 이동을 따라
duty_assignment,ASG-001427,owner_staff_id,SD04-1,SD05-1,시설 소관 이동을 따라
duty_assignment,ASG-001427,deputy_staff_id,SD04-2,SD05-2,시설 소관 이동을 따라
duty_assignment,ASG-001429,dept_id,D04,D05,시설 소관 이동을 따라
duty_assignment,ASG-001429,owner_staff_id,SD04-1,SD05-1,시설 소관 이동을 따라
duty_assignment,ASG-001429,deputy_staff_id,SD04-2,SD05-2,시설 소관 이동을 따라
duty_assignment,ASG-001430,dept_id,D04,D05,시설 소관 이동을 따라
duty_assignment,ASG-001430,owner_staff_id,SD04-1,SD05-1,시설 소관 이동을 따라
duty_assignment,ASG-001430,deputy_staff_id,SD04-2,SD05-2,시설 소관 이동을 따라
duty_assignment,ASG-001431,dept_id,D04,D05,시설 소관 이동을 따라
duty_assignment,ASG-001431,owner_staff_id,SD04-1,SD05-1,시설 소관 이동을 따라
duty_assignment,ASG-001431,deputy_staff_id,SD04-2,SD05-2,시설 소관 이동을 따라
duty_assignment,ASG-001433,dept_id,D04,D05,시설 소관 이동을 따라
duty_assignment,ASG-001433,owner_staff_id,SD04-1,SD05-1,시설 소관 이동을 따라
duty_assignment,ASG-001433,deputy_staff_id,SD04-2,SD05-2,시설 소관 이동을 따라
duty_assignment,ASG-001434,dept_id,D04,D05,시설 소관 이동을 따라
duty_assignment,ASG-001434,owner_staff_id,SD04-1,SD05-1,시설 소관 이동을 따라
duty_assignment,ASG-001434,deputy_staff_id,SD04-2,SD05-2,시설 소관 이동을 따라
duty_assignment,ASG-001435,dept_id,D04,D05,시설 소관 이동을 따라
duty_assignment,ASG-001435,owner_staff_id,SD04-1,SD05-1,시설 소관 이동을 따라
duty_assignment,ASG-001435,deputy_staff_id,SD04-2,SD05-2,시설 소관 이동을 따라
duty_assignment,ASG-001437,dept_id,D04,D05,시설 소관 이동을 따라
duty_assignment,ASG-001437,owner_staff_id,SD04-1,SD05-1,시설 소관 이동을 따라
duty_assignment,ASG-001437,deputy_staff_id,SD04-2,SD05-2,시설 소관 이동을 따라
duty_assignment,ASG-001438,dept_id,D04,D05,시설 소관 이동을 따라
duty_assignment,ASG-001438,owner_staff_id,SD04-1,SD05-1,시설 소관 이동을 따라
duty_assignment,ASG-001438,deputy_staff_id,SD04-2,SD05-2,시설 소관 이동을 따라
duty_assignment,ASG-001439,dept_id,D04,D05,시설 소관 이동을 따라
duty_assignment,ASG-001439,owner_staff_id,SD04-1,SD05-1,시설 소관 이동을 따라
duty_assignment,ASG-001439,deputy_staff_id,SD04-2,SD05-2,시설 소관 이동을 따라
duty_assignment,ASG-001441,dept_id,D04,D05,시설 소관 이동을 따라
duty_assignment,ASG-001441,owner_staff_id,SD04-1,SD05-1,시설 소관 이동을 따라
duty_assignment,ASG-001441,deputy_staff_id,SD04-2,SD05-2,시설 소관 이동을 따라
duty_assignment,ASG-001442,dept_id,D04,D05,시설 소관 이동을 따라
duty_assignment,ASG-001442,owner_staff_id,SD04-1,SD05-1,시설 소관 이동을 따라
duty_assignment,ASG-001442,deputy_staff_id,SD04-2,SD05-2,시설 소관 이동을 따라
duty_assignment,ASG-001443,dept_id,D04,D05,시설 소관 이동을 따라
duty_assignment,ASG-001443,owner_staff_id,SD04-1,SD05-1,시설 소관 이동을 따라
duty_assignment,ASG-001443,deputy_staff_id,SD04-2,SD05-2,시설 소관 이동을 따라
duty_assignment,ASG-001545,dept_id,D13,D17,시설 소관 이동을 따라
duty_assignment,ASG-001545,owner_staff_id,SD13-1,SD17-1,시설 소관 이동을 따라
duty_assignment,ASG-001545,deputy_staff_id,SD13-2,SD17-2,시설 소관 이동을 따라
duty_assignment,ASG-001546,dept_id,D13,D17,시설 소관 이동을 따라
duty_assignment,ASG-001546,owner_staff_id,SD13-1,SD17-1,시설 소관 이동을 따라
duty_assignment,ASG-001546,deputy_staff_id,SD13-2,SD17-2,시설 소관 이동을 따라
duty_assignment,ASG-001547,dept_id,D13,D17,시설 소관 이동을 따라
duty_assignment,ASG-001547,owner_staff_id,SD13-1,SD17-1,시설 소관 이동을 따라
duty_assignment,ASG-001547,deputy_staff_id,SD13-2,SD17-2,시설 소관 이동을 따라
duty_assignment,ASG-001549,dept_id,D13,D17,시설 소관 이동을 따라
duty_assignment,ASG-001549,owner_staff_id,SD13-1,SD17-1,시설 소관 이동을 따라
duty_assignment,ASG-001549,deputy_staff_id,SD13-2,SD17-2,시설 소관 이동을 따라
duty_assignment,ASG-001550,dept_id,D13,D17,시설 소관 이동을 따라
duty_assignment,ASG-001550,owner_staff_id,SD13-1,SD17-1,시설 소관 이동을 따라
duty_assignment,ASG-001550,deputy_staff_id,SD13-2,SD17-2,시설 소관 이동을 따라
duty_assignment,ASG-001551,dept_id,D13,D17,시설 소관 이동을 따라
duty_assignment,ASG-001551,owner_staff_id,SD13-1,SD17-1,시설 소관 이동을 따라
duty_assignment,ASG-001551,deputy_staff_id,SD13-2,SD17-2,시설 소관 이동을 따라
duty_assignment,ASG-001565,dept_id,D13,D17,시설 소관 이동을 따라
duty_assignment,ASG-001565,owner_staff_id,SD13-1,SD17-1,시설 소관 이동을 따라
duty_assignment,ASG-001565,deputy_staff_id,SD13-2,SD17-2,시설 소관 이동을 따라
duty_assignment,ASG-001566,dept_id,D13,D17,시설 소관 이동을 따라
duty_assignment,ASG-001566,owner_staff_id,SD13-1,SD17-1,시설 소관 이동을 따라
duty_assignment,ASG-001566,deputy_staff_id,SD13-2,SD17-2,시설 소관 이동을 따라
duty_assignment,ASG-001567,dept_id,D13,D17,시설 소관 이동을 따라
duty_assignment,ASG-001567,owner_staff_id,SD13-1,SD17-1,시설 소관 이동을 따라
duty_assignment,ASG-001567,deputy_staff_id,SD13-2,SD17-2,시설 소관 이동을 따라
duty_assignment,ASG-001569,dept_id,D13,D17,시설 소관 이동을 따라
duty_assignment,ASG-001569,owner_staff_id,SD13-1,SD17-1,시설 소관 이동을 따라
duty_assignment,ASG-001569,deputy_staff_id,SD13-2,SD17-2,시설 소관 이동을 따라
duty_assignment,ASG-001570,dept_id,D13,D17,시설 소관 이동을 따라
duty_assignment,ASG-001570,owner_staff_id,SD13-1,SD17-1,시설 소관 이동을 따라
duty_assignment,ASG-001570,deputy_staff_id,SD13-2,SD17-2,시설 소관 이동을 따라
duty_assignment,ASG-001571,dept_id,D13,D17,시설 소관 이동을 따라
duty_assignment,ASG-001571,owner_staff_id,SD13-1,SD17-1,시설 소관 이동을 따라
duty_assignment,ASG-001571,deputy_staff_id,SD13-2,SD17-2,시설 소관 이동을 따라
duty_assignment,ASG-001573,dept_id,D13,D17,시설 소관 이동을 따라
duty_assignment,ASG-001573,owner_staff_id,SD13-1,SD17-1,시설 소관 이동을 따라
duty_assignment,ASG-001573,deputy_staff_id,SD13-2,SD17-2,시설 소관 이동을 따라
duty_assignment,ASG-001574,dept_id,D13,D17,시설 소관 이동을 따라
duty_assignment,ASG-001574,owner_staff_id,SD13-1,SD17-1,시설 소관 이동을 따라
duty_assignment,ASG-001574,deputy_staff_id,SD13-2,SD17-2,시설 소관 이동을 따라
duty_assignment,ASG-001575,dept_id,D13,D17,시설 소관 이동을 따라
duty_assignment,ASG-001575,owner_staff_id,SD13-1,SD17-1,시설 소관 이동을 따라
duty_assignment,ASG-001575,deputy_staff_id,SD13-2,SD17-2,시설 소관 이동을 따라
duty_assignment,ASG-001577,dept_id,D13,D17,시설 소관 이동을 따라
duty_assignment,ASG-001577,owner_staff_id,SD13-1,SD17-1,시설 소관 이동을 따라
duty_assignment,ASG-001577,deputy_staff_id,SD13-2,SD17-2,시설 소관 이동을 따라
duty_assignment,ASG-001578,dept_id,D13,D17,시설 소관 이동을 따라
duty_assignment,ASG-001578,owner_staff_id,SD13-1,SD17-1,시설 소관 이동을 따라
duty_assignment,ASG-001578,deputy_staff_id,SD13-2,SD17-2,시설 소관 이동을 따라
duty_assignment,ASG-001579,dept_id,D13,D17,시설 소관 이동을 따라
duty_assignment,ASG-001579,owner_staff_id,SD13-1,SD17-1,시설 소관 이동을 따라
duty_assignment,ASG-001579,deputy_staff_id,SD13-2,SD17-2,시설 소관 이동을 따라
duty_assignment,ASG-001581,dept_id,D13,D17,시설 소관 이동을 따라
duty_assignment,ASG-001581,owner_staff_id,SD13-1,SD17-1,시설 소관 이동을 따라
duty_assignment,ASG-001581,deputy_staff_id,SD13-2,SD17-2,시설 소관 이동을 따라
duty_assignment,ASG-001582,dept_id,D13,D17,시설 소관 이동을 따라
duty_assignment,ASG-001582,owner_staff_id,SD13-1,SD17-1,시설 소관 이동을 따라
duty_assignment,ASG-001582,deputy_staff_id,SD13-2,SD17-2,시설 소관 이동을 따라
duty_assignment,ASG-001583,dept_id,D13,D17,시설 소관 이동을 따라
duty_assignment,ASG-001583,owner_staff_id,SD13-1,SD17-1,시설 소관 이동을 따라
duty_assignment,ASG-001583,deputy_staff_id,SD13-2,SD17-2,시설 소관 이동을 따라
duty_assignment,ASG-001585,dept_id,D13,D17,시설 소관 이동을 따라
duty_assignment,ASG-001585,owner_staff_id,SD13-1,SD17-1,시설 소관 이동을 따라
duty_assignment,ASG-001585,deputy_staff_id,SD13-2,SD17-2,시설 소관 이동을 따라
duty_assignment,ASG-001586,dept_id,D13,D17,시설 소관 이동을 따라
duty_assignment,ASG-001586,owner_staff_id,SD13-1,SD17-1,시설 소관 이동을 따라
duty_assignment,ASG-001586,deputy_staff_id,SD13-2,SD17-2,시설 소관 이동을 따라
duty_assignment,ASG-001587,dept_id,D13,D17,시설 소관 이동을 따라
duty_assignment,ASG-001587,owner_staff_id,SD13-1,SD17-1,시설 소관 이동을 따라
duty_assignment,ASG-001587,deputy_staff_id,SD13-2,SD17-2,시설 소관 이동을 따라
duty_assignment,ASG-001589,dept_id,D13,D17,시설 소관 이동을 따라
duty_assignment,ASG-001589,owner_staff_id,SD13-1,SD17-1,시설 소관 이동을 따라
duty_assignment,ASG-001589,deputy_staff_id,SD13-2,SD17-2,시설 소관 이동을 따라
duty_assignment,ASG-001590,dept_id,D13,D17,시설 소관 이동을 따라
duty_assignment,ASG-001590,owner_staff_id,SD13-1,SD17-1,시설 소관 이동을 따라
duty_assignment,ASG-001590,deputy_staff_id,SD13-2,SD17-2,시설 소관 이동을 따라
duty_assignment,ASG-001591,dept_id,D13,D17,시설 소관 이동을 따라
duty_assignment,ASG-001591,owner_staff_id,SD13-1,SD17-1,시설 소관 이동을 따라
duty_assignment,ASG-001591,deputy_staff_id,SD13-2,SD17-2,시설 소관 이동을 따라
duty_assignment,ASG-001593,dept_id,D13,D17,시설 소관 이동을 따라
duty_assignment,ASG-001593,owner_staff_id,SD13-1,SD17-1,시설 소관 이동을 따라
duty_assignment,ASG-001593,deputy_staff_id,SD13-2,SD17-2,시설 소관 이동을 따라
duty_assignment,ASG-001594,dept_id,D13,D17,시설 소관 이동을 따라
duty_assignment,ASG-001594,owner_staff_id,SD13-1,SD17-1,시설 소관 이동을 따라
duty_assignment,ASG-001594,deputy_staff_id,SD13-2,SD17-2,시설 소관 이동을 따라
duty_assignment,ASG-001595,dept_id,D13,D17,시설 소관 이동을 따라
duty_assignment,ASG-001595,owner_staff_id,SD13-1,SD17-1,시설 소관 이동을 따라
duty_assignment,ASG-001595,deputy_staff_id,SD13-2,SD17-2,시설 소관 이동을 따라
duty_assignment,ASG-001670,dept_id,D13,D17,시설 소관 이동을 따라
duty_assignment,ASG-001670,owner_staff_id,SD13-1,SD17-1,시설 소관 이동을 따라
duty_assignment,ASG-001670,deputy_staff_id,SD13-2,SD17-2,시설 소관 이동을 따라
duty_assignment,ASG-001671,dept_id,D13,D17,시설 소관 이동을 따라
duty_assignment,ASG-001671,owner_staff_id,SD13-1,SD17-1,시설 소관 이동을 따라
duty_assignment,ASG-001671,deputy_staff_id,SD13-2,SD17-2,시설 소관 이동을 따라
duty_assignment,ASG-001672,dept_id,D13,D17,시설 소관 이동을 따라
duty_assignment,ASG-001672,owner_staff_id,SD13-1,SD17-1,시설 소관 이동을 따라
duty_assignment,ASG-001672,deputy_staff_id,SD13-2,SD17-2,시설 소관 이동을 따라
duty_assignment,ASG-001683,dept_id,D10,D16,경전철(공중교통수단) — 도시철도과
duty_assignment,ASG-001683,owner_staff_id,SD10-1,SD16-1,경전철(공중교통수단) — 도시철도과
duty_assignment,ASG-001683,deputy_staff_id,SD10-2,SD16-2,경전철(공중교통수단) — 도시철도과
duty_assignment,ASG-001684,dept_id,D10,D16,경전철(공중교통수단) — 도시철도과
duty_assignment,ASG-001684,owner_staff_id,SD10-1,SD16-1,경전철(공중교통수단) — 도시철도과
duty_assignment,ASG-001684,deputy_staff_id,SD10-2,SD16-2,경전철(공중교통수단) — 도시철도과
duty_assignment,ASG-001827,dept_id,D04,D05,시설 소관 이동을 따라
duty_assignment,ASG-001827,owner_staff_id,SD04-1,SD05-1,시설 소관 이동을 따라
duty_assignment,ASG-001827,deputy_staff_id,SD04-2,SD05-2,시설 소관 이동을 따라
duty_assignment,ASG-001828,dept_id,D04,D05,시설 소관 이동을 따라
duty_assignment,ASG-001828,owner_staff_id,SD04-1,SD05-1,시설 소관 이동을 따라
duty_assignment,ASG-001828,deputy_staff_id,SD04-2,SD05-2,시설 소관 이동을 따라
duty_assignment,ASG-001829,dept_id,D04,D05,시설 소관 이동을 따라
duty_assignment,ASG-001829,owner_staff_id,SD04-1,SD05-1,시설 소관 이동을 따라
duty_assignment,ASG-001829,deputy_staff_id,SD04-2,SD05-2,시설 소관 이동을 따라
duty_assignment,ASG-001953,dept_id,D04,D05,시설 소관 이동을 따라
duty_assignment,ASG-001953,owner_staff_id,SD04-1,SD05-1,시설 소관 이동을 따라
duty_assignment,ASG-001953,deputy_staff_id,SD04-2,SD05-2,시설 소관 이동을 따라
duty_assignment,ASG-001954,dept_id,D04,D05,시설 소관 이동을 따라
duty_assignment,ASG-001954,owner_staff_id,SD04-1,SD05-1,시설 소관 이동을 따라
duty_assignment,ASG-001954,deputy_staff_id,SD04-2,SD05-2,시설 소관 이동을 따라
duty_assignment,ASG-001955,dept_id,D04,D05,시설 소관 이동을 따라
duty_assignment,ASG-001955,owner_staff_id,SD04-1,SD05-1,시설 소관 이동을 따라
duty_assignment,ASG-001955,deputy_staff_id,SD04-2,SD05-2,시설 소관 이동을 따라
duty_assignment,ASG-001957,dept_id,D04,D05,시설 소관 이동을 따라
duty_assignment,ASG-001957,owner_staff_id,SD04-1,SD05-1,시설 소관 이동을 따라
duty_assignment,ASG-001957,deputy_staff_id,SD04-2,SD05-2,시설 소관 이동을 따라
duty_assignment,ASG-001958,dept_id,D04,D05,시설 소관 이동을 따라
duty_assignment,ASG-001958,owner_staff_id,SD04-1,SD05-1,시설 소관 이동을 따라
duty_assignment,ASG-001958,deputy_staff_id,SD04-2,SD05-2,시설 소관 이동을 따라
duty_assignment,ASG-001959,dept_id,D04,D05,시설 소관 이동을 따라
duty_assignment,ASG-001959,owner_staff_id,SD04-1,SD05-1,시설 소관 이동을 따라
duty_assignment,ASG-001959,deputy_staff_id,SD04-2,SD05-2,시설 소관 이동을 따라
duty_assignment,ASG-001961,dept_id,D04,D05,시설 소관 이동을 따라
duty_assignment,ASG-001961,owner_staff_id,SD04-1,SD05-1,시설 소관 이동을 따라
duty_assignment,ASG-001961,deputy_staff_id,SD04-2,SD05-2,시설 소관 이동을 따라
duty_assignment,ASG-001962,dept_id,D04,D05,시설 소관 이동을 따라
duty_assignment,ASG-001962,owner_staff_id,SD04-1,SD05-1,시설 소관 이동을 따라
duty_assignment,ASG-001962,deputy_staff_id,SD04-2,SD05-2,시설 소관 이동을 따라
duty_assignment,ASG-001963,dept_id,D04,D05,시설 소관 이동을 따라
duty_assignment,ASG-001963,owner_staff_id,SD04-1,SD05-1,시설 소관 이동을 따라
duty_assignment,ASG-001963,deputy_staff_id,SD04-2,SD05-2,시설 소관 이동을 따라
duty_assignment,ASG-002006,dept_id,D13,D17,시설 소관 이동을 따라
duty_assignment,ASG-002006,owner_staff_id,SD13-1,SD17-1,시설 소관 이동을 따라
duty_assignment,ASG-002006,deputy_staff_id,SD13-2,SD17-2,시설 소관 이동을 따라
duty_assignment,ASG-002007,dept_id,D13,D17,시설 소관 이동을 따라
duty_assignment,ASG-002007,owner_staff_id,SD13-1,SD17-1,시설 소관 이동을 따라
duty_assignment,ASG-002007,deputy_staff_id,SD13-2,SD17-2,시설 소관 이동을 따라
duty_assignment,ASG-002008,dept_id,D13,D17,시설 소관 이동을 따라
duty_assignment,ASG-002008,owner_staff_id,SD13-1,SD17-1,시설 소관 이동을 따라
duty_assignment,ASG-002008,deputy_staff_id,SD13-2,SD17-2,시설 소관 이동을 따라
duty_assignment,ASG-002010,dept_id,D13,D17,시설 소관 이동을 따라
duty_assignment,ASG-002010,owner_staff_id,SD13-1,SD17-1,시설 소관 이동을 따라
duty_assignment,ASG-002010,deputy_staff_id,SD13-2,SD17-2,시설 소관 이동을 따라
duty_assignment,ASG-002011,dept_id,D13,D17,시설 소관 이동을 따라
duty_assignment,ASG-002011,owner_staff_id,SD13-1,SD17-1,시설 소관 이동을 따라
duty_assignment,ASG-002011,deputy_staff_id,SD13-2,SD17-2,시설 소관 이동을 따라
duty_assignment,ASG-002012,dept_id,D13,D17,시설 소관 이동을 따라
duty_assignment,ASG-002012,owner_staff_id,SD13-1,SD17-1,시설 소관 이동을 따라
duty_assignment,ASG-002012,deputy_staff_id,SD13-2,SD17-2,시설 소관 이동을 따라
duty_assignment,ASG-002014,dept_id,D13,D17,시설 소관 이동을 따라
duty_assignment,ASG-002014,owner_staff_id,SD13-1,SD17-1,시설 소관 이동을 따라
duty_assignment,ASG-002014,deputy_staff_id,SD13-2,SD17-2,시설 소관 이동을 따라
duty_assignment,ASG-002015,dept_id,D13,D17,시설 소관 이동을 따라
duty_assignment,ASG-002015,owner_staff_id,SD13-1,SD17-1,시설 소관 이동을 따라
duty_assignment,ASG-002015,deputy_staff_id,SD13-2,SD17-2,시설 소관 이동을 따라
duty_assignment,ASG-002016,dept_id,D13,D17,시설 소관 이동을 따라
duty_assignment,ASG-002016,owner_staff_id,SD13-1,SD17-1,시설 소관 이동을 따라
duty_assignment,ASG-002016,deputy_staff_id,SD13-2,SD17-2,시설 소관 이동을 따라
duty_assignment,ASG-002166,dept_id,D10,D16,경전철(공중교통수단) — 도시철도과
duty_assignment,ASG-002166,owner_staff_id,SD10-1,SD16-1,경전철(공중교통수단) — 도시철도과
duty_assignment,ASG-002166,deputy_staff_id,SD10-2,SD16-2,경전철(공중교통수단) — 도시철도과
duty_assignment,ASG-002167,dept_id,D10,D16,경전철(공중교통수단) — 도시철도과
duty_assignment,ASG-002167,owner_staff_id,SD10-1,SD16-1,경전철(공중교통수단) — 도시철도과
duty_assignment,ASG-002167,deputy_staff_id,SD10-2,SD16-2,경전철(공중교통수단) — 도시철도과
duty_assignment,ASG-002168,dept_id,D10,D16,경전철(공중교통수단) — 도시철도과
duty_assignment,ASG-002168,owner_staff_id,SD10-1,SD16-1,경전철(공중교통수단) — 도시철도과
duty_assignment,ASG-002168,deputy_staff_id,SD10-2,SD16-2,경전철(공중교통수단) — 도시철도과
duty_assignment,ASG-002169,dept_id,D10,D16,경전철(공중교통수단) — 도시철도과
duty_assignment,ASG-002169,owner_staff_id,SD10-1,SD16-1,경전철(공중교통수단) — 도시철도과
duty_assignment,ASG-002169,deputy_staff_id,SD10-2,SD16-2,경전철(공중교통수단) — 도시철도과
duty_assignment,ASG-002183,dept_id,D04,D05,시설 소관 이동을 따라
duty_assignment,ASG-002183,owner_staff_id,SD04-1,SD05-1,시설 소관 이동을 따라
duty_assignment,ASG-002183,deputy_staff_id,SD04-2,SD05-2,시설 소관 이동을 따라
duty_assignment,ASG-002184,dept_id,D04,D05,시설 소관 이동을 따라
duty_assignment,ASG-002184,owner_staff_id,SD04-1,SD05-1,시설 소관 이동을 따라
duty_assignment,ASG-002184,deputy_staff_id,SD04-2,SD05-2,시설 소관 이동을 따라
duty_assignment,ASG-002185,dept_id,D04,D05,시설 소관 이동을 따라
duty_assignment,ASG-002185,owner_staff_id,SD04-1,SD05-1,시설 소관 이동을 따라
duty_assignment,ASG-002185,deputy_staff_id,SD04-2,SD05-2,시설 소관 이동을 따라
duty_assignment,ASG-002194,dept_id,D13,D17,시설 소관 이동을 따라
duty_assignment,ASG-002194,owner_staff_id,SD13-1,SD17-1,시설 소관 이동을 따라
duty_assignment,ASG-002194,deputy_staff_id,SD13-2,SD17-2,시설 소관 이동을 따라
duty_assignment,ASG-002195,dept_id,D13,D17,시설 소관 이동을 따라
duty_assignment,ASG-002195,owner_staff_id,SD13-1,SD17-1,시설 소관 이동을 따라
duty_assignment,ASG-002195,deputy_staff_id,SD13-2,SD17-2,시설 소관 이동을 따라
duty_assignment,ASG-002196,dept_id,D13,D17,시설 소관 이동을 따라
duty_assignment,ASG-002196,owner_staff_id,SD13-1,SD17-1,시설 소관 이동을 따라
duty_assignment,ASG-002196,deputy_staff_id,SD13-2,SD17-2,시설 소관 이동을 따라
duty_assignment,ASG-002201,dept_id,D13,D17,시설 소관 이동을 따라
duty_assignment,ASG-002201,owner_staff_id,SD13-1,SD17-1,시설 소관 이동을 따라
duty_assignment,ASG-002201,deputy_staff_id,SD13-2,SD17-2,시설 소관 이동을 따라
duty_assignment,ASG-002202,dept_id,D13,D17,시설 소관 이동을 따라
duty_assignment,ASG-002202,owner_staff_id,SD13-1,SD17-1,시설 소관 이동을 따라
duty_assignment,ASG-002202,deputy_staff_id,SD13-2,SD17-2,시설 소관 이동을 따라
duty_assignment,ASG-002203,dept_id,D13,D17,시설 소관 이동을 따라
duty_assignment,ASG-002203,owner_staff_id,SD13-1,SD17-1,시설 소관 이동을 따라
duty_assignment,ASG-002203,deputy_staff_id,SD13-2,SD17-2,시설 소관 이동을 따라
duty_assignment,ASG-002205,dept_id,D13,D17,시설 소관 이동을 따라
duty_assignment,ASG-002205,owner_staff_id,SD13-1,SD17-1,시설 소관 이동을 따라
duty_assignment,ASG-002205,deputy_staff_id,SD13-2,SD17-2,시설 소관 이동을 따라
duty_assignment,ASG-002206,dept_id,D13,D17,시설 소관 이동을 따라
duty_assignment,ASG-002206,owner_staff_id,SD13-1,SD17-1,시설 소관 이동을 따라
duty_assignment,ASG-002206,deputy_staff_id,SD13-2,SD17-2,시설 소관 이동을 따라
duty_assignment,ASG-002207,dept_id,D13,D17,시설 소관 이동을 따라
duty_assignment,ASG-002207,owner_staff_id,SD13-1,SD17-1,시설 소관 이동을 따라
duty_assignment,ASG-002207,deputy_staff_id,SD13-2,SD17-2,시설 소관 이동을 따라
duty_assignment,ASG-002213,dept_id,D13,D17,시설 소관 이동을 따라
duty_assignment,ASG-002213,owner_staff_id,SD13-1,SD17-1,시설 소관 이동을 따라
duty_assignment,ASG-002213,deputy_staff_id,SD13-2,SD17-2,시설 소관 이동을 따라
duty_assignment,ASG-002214,dept_id,D13,D17,시설 소관 이동을 따라
duty_assignment,ASG-002214,owner_staff_id,SD13-1,SD17-1,시설 소관 이동을 따라
duty_assignment,ASG-002214,deputy_staff_id,SD13-2,SD17-2,시설 소관 이동을 따라
duty_assignment,ASG-002215,dept_id,D13,D17,시설 소관 이동을 따라
duty_assignment,ASG-002215,owner_staff_id,SD13-1,SD17-1,시설 소관 이동을 따라
duty_assignment,ASG-002215,deputy_staff_id,SD13-2,SD17-2,시설 소관 이동을 따라
duty_assignment,ASG-002217,dept_id,D13,D17,시설 소관 이동을 따라
duty_assignment,ASG-002217,owner_staff_id,SD13-1,SD17-1,시설 소관 이동을 따라
duty_assignment,ASG-002217,deputy_staff_id,SD13-2,SD17-2,시설 소관 이동을 따라
duty_assignment,ASG-002218,dept_id,D13,D17,시설 소관 이동을 따라
duty_assignment,ASG-002218,owner_staff_id,SD13-1,SD17-1,시설 소관 이동을 따라
duty_assignment,ASG-002218,deputy_staff_id,SD13-2,SD17-2,시설 소관 이동을 따라
duty_assignment,ASG-002219,dept_id,D13,D17,시설 소관 이동을 따라
duty_assignment,ASG-002219,owner_staff_id,SD13-1,SD17-1,시설 소관 이동을 따라
duty_assignment,ASG-002219,deputy_staff_id,SD13-2,SD17-2,시설 소관 이동을 따라
duty_assignment,ASG-002221,dept_id,D13,D17,시설 소관 이동을 따라
duty_assignment,ASG-002221,owner_staff_id,SD13-1,SD17-1,시설 소관 이동을 따라
duty_assignment,ASG-002221,deputy_staff_id,SD13-2,SD17-2,시설 소관 이동을 따라
duty_assignment,ASG-002222,dept_id,D13,D17,시설 소관 이동을 따라
duty_assignment,ASG-002222,owner_staff_id,SD13-1,SD17-1,시설 소관 이동을 따라
duty_assignment,ASG-002222,deputy_staff_id,SD13-2,SD17-2,시설 소관 이동을 따라
duty_assignment,ASG-002223,dept_id,D13,D17,시설 소관 이동을 따라
duty_assignment,ASG-002223,owner_staff_id,SD13-1,SD17-1,시설 소관 이동을 따라
duty_assignment,ASG-002223,deputy_staff_id,SD13-2,SD17-2,시설 소관 이동을 따라
duty_assignment,ASG-002225,dept_id,D13,D17,시설 소관 이동을 따라
duty_assignment,ASG-002225,owner_staff_id,SD13-1,SD17-1,시설 소관 이동을 따라
duty_assignment,ASG-002225,deputy_staff_id,SD13-2,SD17-2,시설 소관 이동을 따라
duty_assignment,ASG-002226,dept_id,D13,D17,시설 소관 이동을 따라
duty_assignment,ASG-002226,owner_staff_id,SD13-1,SD17-1,시설 소관 이동을 따라
duty_assignment,ASG-002226,deputy_staff_id,SD13-2,SD17-2,시설 소관 이동을 따라
duty_assignment,ASG-002227,dept_id,D13,D17,시설 소관 이동을 따라
duty_assignment,ASG-002227,owner_staff_id,SD13-1,SD17-1,시설 소관 이동을 따라
duty_assignment,ASG-002227,deputy_staff_id,SD13-2,SD17-2,시설 소관 이동을 따라
duty_assignment,ASG-002427,dept_id,D04,D05,시설 소관 이동을 따라
duty_assignment,ASG-002427,owner_staff_id,SD04-1,SD05-1,시설 소관 이동을 따라
duty_assignment,ASG-002427,deputy_staff_id,SD04-2,SD05-2,시설 소관 이동을 따라
duty_assignment,ASG-002428,dept_id,D04,D05,시설 소관 이동을 따라
duty_assignment,ASG-002428,owner_staff_id,SD04-1,SD05-1,시설 소관 이동을 따라
duty_assignment,ASG-002428,deputy_staff_id,SD04-2,SD05-2,시설 소관 이동을 따라
duty_assignment,ASG-002429,dept_id,D04,D05,시설 소관 이동을 따라
duty_assignment,ASG-002429,owner_staff_id,SD04-1,SD05-1,시설 소관 이동을 따라
duty_assignment,ASG-002429,deputy_staff_id,SD04-2,SD05-2,시설 소관 이동을 따라
duty_assignment,ASG-002522,dept_id,D10,D16,경전철(공중교통수단) — 도시철도과
duty_assignment,ASG-002522,owner_staff_id,SD10-1,SD16-1,경전철(공중교통수단) — 도시철도과
duty_assignment,ASG-002522,deputy_staff_id,SD10-2,SD16-2,경전철(공중교통수단) — 도시철도과
duty_assignment,ASG-002523,dept_id,D10,D16,경전철(공중교통수단) — 도시철도과
duty_assignment,ASG-002523,owner_staff_id,SD10-1,SD16-1,경전철(공중교통수단) — 도시철도과
duty_assignment,ASG-002523,deputy_staff_id,SD10-2,SD16-2,경전철(공중교통수단) — 도시철도과
duty_assignment,ASG-002524,dept_id,D10,D16,경전철(공중교통수단) — 도시철도과
duty_assignment,ASG-002524,owner_staff_id,SD10-1,SD16-1,경전철(공중교통수단) — 도시철도과
duty_assignment,ASG-002524,deputy_staff_id,SD10-2,SD16-2,경전철(공중교통수단) — 도시철도과
duty_assignment,ASG-002525,dept_id,D10,D16,경전철(공중교통수단) — 도시철도과
duty_assignment,ASG-002525,owner_staff_id,SD10-1,SD16-1,경전철(공중교통수단) — 도시철도과
duty_assignment,ASG-002525,deputy_staff_id,SD10-2,SD16-2,경전철(공중교통수단) — 도시철도과
duty_assignment,ASG-002528,dept_id,D13,D17,시설 소관 이동을 따라
duty_assignment,ASG-002528,owner_staff_id,SD13-1,SD17-1,시설 소관 이동을 따라
duty_assignment,ASG-002528,deputy_staff_id,SD13-2,SD17-2,시설 소관 이동을 따라
duty_assignment,ASG-002529,dept_id,D13,D17,시설 소관 이동을 따라
duty_assignment,ASG-002529,owner_staff_id,SD13-1,SD17-1,시설 소관 이동을 따라
duty_assignment,ASG-002529,deputy_staff_id,SD13-2,SD17-2,시설 소관 이동을 따라
duty_assignment,ASG-002530,dept_id,D13,D17,시설 소관 이동을 따라
duty_assignment,ASG-002530,owner_staff_id,SD13-1,SD17-1,시설 소관 이동을 따라
duty_assignment,ASG-002530,deputy_staff_id,SD13-2,SD17-2,시설 소관 이동을 따라
duty_assignment,ASG-002630,dept_id,D04,D05,시설 소관 이동을 따라
duty_assignment,ASG-002630,owner_staff_id,SD04-1,SD05-1,시설 소관 이동을 따라
duty_assignment,ASG-002630,deputy_staff_id,SD04-2,SD05-2,시설 소관 이동을 따라
duty_assignment,ASG-002631,dept_id,D04,D05,시설 소관 이동을 따라
duty_assignment,ASG-002631,owner_staff_id,SD04-1,SD05-1,시설 소관 이동을 따라
duty_assignment,ASG-002631,deputy_staff_id,SD04-2,SD05-2,시설 소관 이동을 따라
duty_assignment,ASG-002632,dept_id,D04,D05,시설 소관 이동을 따라
duty_assignment,ASG-002632,owner_staff_id,SD04-1,SD05-1,시설 소관 이동을 따라
duty_assignment,ASG-002632,deputy_staff_id,SD04-2,SD05-2,시설 소관 이동을 따라
duty_assignment,ASG-002634,dept_id,D04,D05,시설 소관 이동을 따라
duty_assignment,ASG-002634,owner_staff_id,SD04-1,SD05-1,시설 소관 이동을 따라
duty_assignment,ASG-002634,deputy_staff_id,SD04-2,SD05-2,시설 소관 이동을 따라
duty_assignment,ASG-002635,dept_id,D04,D05,시설 소관 이동을 따라
duty_assignment,ASG-002635,owner_staff_id,SD04-1,SD05-1,시설 소관 이동을 따라
duty_assignment,ASG-002635,deputy_staff_id,SD04-2,SD05-2,시설 소관 이동을 따라
duty_assignment,ASG-002636,dept_id,D04,D05,시설 소관 이동을 따라
duty_assignment,ASG-002636,owner_staff_id,SD04-1,SD05-1,시설 소관 이동을 따라
duty_assignment,ASG-002636,deputy_staff_id,SD04-2,SD05-2,시설 소관 이동을 따라
duty_assignment,ASG-002638,dept_id,D04,D05,시설 소관 이동을 따라
duty_assignment,ASG-002638,owner_staff_id,SD04-1,SD05-1,시설 소관 이동을 따라
duty_assignment,ASG-002638,deputy_staff_id,SD04-2,SD05-2,시설 소관 이동을 따라
duty_assignment,ASG-002639,dept_id,D04,D05,시설 소관 이동을 따라
duty_assignment,ASG-002639,owner_staff_id,SD04-1,SD05-1,시설 소관 이동을 따라
duty_assignment,ASG-002639,deputy_staff_id,SD04-2,SD05-2,시설 소관 이동을 따라
duty_assignment,ASG-002640,dept_id,D04,D05,시설 소관 이동을 따라
duty_assignment,ASG-002640,owner_staff_id,SD04-1,SD05-1,시설 소관 이동을 따라
duty_assignment,ASG-002640,deputy_staff_id,SD04-2,SD05-2,시설 소관 이동을 따라
duty_assignment,ASG-002642,dept_id,D04,D05,시설 소관 이동을 따라
duty_assignment,ASG-002642,owner_staff_id,SD04-1,SD05-1,시설 소관 이동을 따라
duty_assignment,ASG-002642,deputy_staff_id,SD04-2,SD05-2,시설 소관 이동을 따라
duty_assignment,ASG-002643,dept_id,D04,D05,시설 소관 이동을 따라
duty_assignment,ASG-002643,owner_staff_id,SD04-1,SD05-1,시설 소관 이동을 따라
duty_assignment,ASG-002643,deputy_staff_id,SD04-2,SD05-2,시설 소관 이동을 따라
duty_assignment,ASG-002644,dept_id,D04,D05,시설 소관 이동을 따라
duty_assignment,ASG-002644,owner_staff_id,SD04-1,SD05-1,시설 소관 이동을 따라
duty_assignment,ASG-002644,deputy_staff_id,SD04-2,SD05-2,시설 소관 이동을 따라
duty_assignment,ASG-002646,dept_id,D04,D05,시설 소관 이동을 따라
duty_assignment,ASG-002646,owner_staff_id,SD04-1,SD05-1,시설 소관 이동을 따라
duty_assignment,ASG-002646,deputy_staff_id,SD04-2,SD05-2,시설 소관 이동을 따라
duty_assignment,ASG-002647,dept_id,D04,D05,시설 소관 이동을 따라
duty_assignment,ASG-002647,owner_staff_id,SD04-1,SD05-1,시설 소관 이동을 따라
duty_assignment,ASG-002647,deputy_staff_id,SD04-2,SD05-2,시설 소관 이동을 따라
duty_assignment,ASG-002648,dept_id,D04,D05,시설 소관 이동을 따라
duty_assignment,ASG-002648,owner_staff_id,SD04-1,SD05-1,시설 소관 이동을 따라
duty_assignment,ASG-002648,deputy_staff_id,SD04-2,SD05-2,시설 소관 이동을 따라
duty_assignment,ASG-002650,dept_id,D04,D05,시설 소관 이동을 따라
duty_assignment,ASG-002650,owner_staff_id,SD04-1,SD05-1,시설 소관 이동을 따라
duty_assignment,ASG-002650,deputy_staff_id,SD04-2,SD05-2,시설 소관 이동을 따라
duty_assignment,ASG-002651,dept_id,D04,D05,시설 소관 이동을 따라
duty_assignment,ASG-002651,owner_staff_id,SD04-1,SD05-1,시설 소관 이동을 따라
duty_assignment,ASG-002651,deputy_staff_id,SD04-2,SD05-2,시설 소관 이동을 따라
duty_assignment,ASG-002652,dept_id,D04,D05,시설 소관 이동을 따라
duty_assignment,ASG-002652,owner_staff_id,SD04-1,SD05-1,시설 소관 이동을 따라
duty_assignment,ASG-002652,deputy_staff_id,SD04-2,SD05-2,시설 소관 이동을 따라
duty_assignment,ASG-002654,dept_id,D04,D05,시설 소관 이동을 따라
duty_assignment,ASG-002654,owner_staff_id,SD04-1,SD05-1,시설 소관 이동을 따라
duty_assignment,ASG-002654,deputy_staff_id,SD04-2,SD05-2,시설 소관 이동을 따라
duty_assignment,ASG-002655,dept_id,D04,D05,시설 소관 이동을 따라
duty_assignment,ASG-002655,owner_staff_id,SD04-1,SD05-1,시설 소관 이동을 따라
duty_assignment,ASG-002655,deputy_staff_id,SD04-2,SD05-2,시설 소관 이동을 따라
duty_assignment,ASG-002656,dept_id,D04,D05,시설 소관 이동을 따라
duty_assignment,ASG-002656,owner_staff_id,SD04-1,SD05-1,시설 소관 이동을 따라
duty_assignment,ASG-002656,deputy_staff_id,SD04-2,SD05-2,시설 소관 이동을 따라
duty_assignment,ASG-002658,dept_id,D04,D05,시설 소관 이동을 따라
duty_assignment,ASG-002658,owner_staff_id,SD04-1,SD05-1,시설 소관 이동을 따라
duty_assignment,ASG-002658,deputy_staff_id,SD04-2,SD05-2,시설 소관 이동을 따라
duty_assignment,ASG-002659,dept_id,D04,D05,시설 소관 이동을 따라
duty_assignment,ASG-002659,owner_staff_id,SD04-1,SD05-1,시설 소관 이동을 따라
duty_assignment,ASG-002659,deputy_staff_id,SD04-2,SD05-2,시설 소관 이동을 따라
duty_assignment,ASG-002660,dept_id,D04,D05,시설 소관 이동을 따라
duty_assignment,ASG-002660,owner_staff_id,SD04-1,SD05-1,시설 소관 이동을 따라
duty_assignment,ASG-002660,deputy_staff_id,SD04-2,SD05-2,시설 소관 이동을 따라
duty_assignment,ASG-002662,dept_id,D04,D05,시설 소관 이동을 따라
duty_assignment,ASG-002662,owner_staff_id,SD04-1,SD05-1,시설 소관 이동을 따라
duty_assignment,ASG-002662,deputy_staff_id,SD04-2,SD05-2,시설 소관 이동을 따라
duty_assignment,ASG-002663,dept_id,D04,D05,시설 소관 이동을 따라
duty_assignment,ASG-002663,owner_staff_id,SD04-1,SD05-1,시설 소관 이동을 따라
duty_assignment,ASG-002663,deputy_staff_id,SD04-2,SD05-2,시설 소관 이동을 따라
duty_assignment,ASG-002664,dept_id,D04,D05,시설 소관 이동을 따라
duty_assignment,ASG-002664,owner_staff_id,SD04-1,SD05-1,시설 소관 이동을 따라
duty_assignment,ASG-002664,deputy_staff_id,SD04-2,SD05-2,시설 소관 이동을 따라
duty_assignment,ASG-002666,dept_id,D04,D05,시설 소관 이동을 따라
duty_assignment,ASG-002666,owner_staff_id,SD04-1,SD05-1,시설 소관 이동을 따라
duty_assignment,ASG-002666,deputy_staff_id,SD04-2,SD05-2,시설 소관 이동을 따라
duty_assignment,ASG-002667,dept_id,D04,D05,시설 소관 이동을 따라
duty_assignment,ASG-002667,owner_staff_id,SD04-1,SD05-1,시설 소관 이동을 따라
duty_assignment,ASG-002667,deputy_staff_id,SD04-2,SD05-2,시설 소관 이동을 따라
duty_assignment,ASG-002668,dept_id,D04,D05,시설 소관 이동을 따라
duty_assignment,ASG-002668,owner_staff_id,SD04-1,SD05-1,시설 소관 이동을 따라
duty_assignment,ASG-002668,deputy_staff_id,SD04-2,SD05-2,시설 소관 이동을 따라
duty_assignment,ASG-002670,dept_id,D04,D05,시설 소관 이동을 따라
duty_assignment,ASG-002670,owner_staff_id,SD04-1,SD05-1,시설 소관 이동을 따라
duty_assignment,ASG-002670,deputy_staff_id,SD04-2,SD05-2,시설 소관 이동을 따라
duty_assignment,ASG-002671,dept_id,D04,D05,시설 소관 이동을 따라
duty_assignment,ASG-002671,owner_staff_id,SD04-1,SD05-1,시설 소관 이동을 따라
duty_assignment,ASG-002671,deputy_staff_id,SD04-2,SD05-2,시설 소관 이동을 따라
duty_assignment,ASG-002672,dept_id,D04,D05,시설 소관 이동을 따라
duty_assignment,ASG-002672,owner_staff_id,SD04-1,SD05-1,시설 소관 이동을 따라
duty_assignment,ASG-002672,deputy_staff_id,SD04-2,SD05-2,시설 소관 이동을 따라
duty_assignment,ASG-002674,dept_id,D04,D05,시설 소관 이동을 따라
duty_assignment,ASG-002674,owner_staff_id,SD04-1,SD05-1,시설 소관 이동을 따라
duty_assignment,ASG-002674,deputy_staff_id,SD04-2,SD05-2,시설 소관 이동을 따라
duty_assignment,ASG-002675,dept_id,D04,D05,시설 소관 이동을 따라
duty_assignment,ASG-002675,owner_staff_id,SD04-1,SD05-1,시설 소관 이동을 따라
duty_assignment,ASG-002675,deputy_staff_id,SD04-2,SD05-2,시설 소관 이동을 따라
duty_assignment,ASG-002676,dept_id,D04,D05,시설 소관 이동을 따라
duty_assignment,ASG-002676,owner_staff_id,SD04-1,SD05-1,시설 소관 이동을 따라
duty_assignment,ASG-002676,deputy_staff_id,SD04-2,SD05-2,시설 소관 이동을 따라
duty_assignment,ASG-002678,dept_id,D04,D05,시설 소관 이동을 따라
duty_assignment,ASG-002678,owner_staff_id,SD04-1,SD05-1,시설 소관 이동을 따라
duty_assignment,ASG-002678,deputy_staff_id,SD04-2,SD05-2,시설 소관 이동을 따라
duty_assignment,ASG-002679,dept_id,D04,D05,시설 소관 이동을 따라
duty_assignment,ASG-002679,owner_staff_id,SD04-1,SD05-1,시설 소관 이동을 따라
duty_assignment,ASG-002679,deputy_staff_id,SD04-2,SD05-2,시설 소관 이동을 따라
duty_assignment,ASG-002680,dept_id,D04,D05,시설 소관 이동을 따라
duty_assignment,ASG-002680,owner_staff_id,SD04-1,SD05-1,시설 소관 이동을 따라
duty_assignment,ASG-002680,deputy_staff_id,SD04-2,SD05-2,시설 소관 이동을 따라
duty_assignment,ASG-002682,dept_id,D04,D05,시설 소관 이동을 따라
duty_assignment,ASG-002682,owner_staff_id,SD04-1,SD05-1,시설 소관 이동을 따라
duty_assignment,ASG-002682,deputy_staff_id,SD04-2,SD05-2,시설 소관 이동을 따라
duty_assignment,ASG-002683,dept_id,D04,D05,시설 소관 이동을 따라
duty_assignment,ASG-002683,owner_staff_id,SD04-1,SD05-1,시설 소관 이동을 따라
duty_assignment,ASG-002683,deputy_staff_id,SD04-2,SD05-2,시설 소관 이동을 따라
duty_assignment,ASG-002684,dept_id,D04,D05,시설 소관 이동을 따라
duty_assignment,ASG-002684,owner_staff_id,SD04-1,SD05-1,시설 소관 이동을 따라
duty_assignment,ASG-002684,deputy_staff_id,SD04-2,SD05-2,시설 소관 이동을 따라
duty_assignment,ASG-002686,dept_id,D04,D05,시설 소관 이동을 따라
duty_assignment,ASG-002686,owner_staff_id,SD04-1,SD05-1,시설 소관 이동을 따라
duty_assignment,ASG-002686,deputy_staff_id,SD04-2,SD05-2,시설 소관 이동을 따라
duty_assignment,ASG-002687,dept_id,D04,D05,시설 소관 이동을 따라
duty_assignment,ASG-002687,owner_staff_id,SD04-1,SD05-1,시설 소관 이동을 따라
duty_assignment,ASG-002687,deputy_staff_id,SD04-2,SD05-2,시설 소관 이동을 따라
duty_assignment,ASG-002688,dept_id,D04,D05,시설 소관 이동을 따라
duty_assignment,ASG-002688,owner_staff_id,SD04-1,SD05-1,시설 소관 이동을 따라
duty_assignment,ASG-002688,deputy_staff_id,SD04-2,SD05-2,시설 소관 이동을 따라
duty_assignment,ASG-002690,dept_id,D04,D05,시설 소관 이동을 따라
duty_assignment,ASG-002690,owner_staff_id,SD04-1,SD05-1,시설 소관 이동을 따라
duty_assignment,ASG-002690,deputy_staff_id,SD04-2,SD05-2,시설 소관 이동을 따라
duty_assignment,ASG-002691,dept_id,D04,D05,시설 소관 이동을 따라
duty_assignment,ASG-002691,owner_staff_id,SD04-1,SD05-1,시설 소관 이동을 따라
duty_assignment,ASG-002691,deputy_staff_id,SD04-2,SD05-2,시설 소관 이동을 따라
duty_assignment,ASG-002692,dept_id,D04,D05,시설 소관 이동을 따라
duty_assignment,ASG-002692,owner_staff_id,SD04-1,SD05-1,시설 소관 이동을 따라
duty_assignment,ASG-002692,deputy_staff_id,SD04-2,SD05-2,시설 소관 이동을 따라
duty_assignment,ASG-002694,dept_id,D04,D05,시설 소관 이동을 따라
duty_assignment,ASG-002694,owner_staff_id,SD04-1,SD05-1,시설 소관 이동을 따라
duty_assignment,ASG-002694,deputy_staff_id,SD04-2,SD05-2,시설 소관 이동을 따라
duty_assignment,ASG-002695,dept_id,D04,D05,시설 소관 이동을 따라
duty_assignment,ASG-002695,owner_staff_id,SD04-1,SD05-1,시설 소관 이동을 따라
duty_assignment,ASG-002695,deputy_staff_id,SD04-2,SD05-2,시설 소관 이동을 따라
duty_assignment,ASG-002696,dept_id,D04,D05,시설 소관 이동을 따라
duty_assignment,ASG-002696,owner_staff_id,SD04-1,SD05-1,시설 소관 이동을 따라
duty_assignment,ASG-002696,deputy_staff_id,SD04-2,SD05-2,시설 소관 이동을 따라
duty_assignment,ASG-002698,dept_id,D04,D05,시설 소관 이동을 따라
duty_assignment,ASG-002698,owner_staff_id,SD04-1,SD05-1,시설 소관 이동을 따라
duty_assignment,ASG-002698,deputy_staff_id,SD04-2,SD05-2,시설 소관 이동을 따라
duty_assignment,ASG-002699,dept_id,D04,D05,시설 소관 이동을 따라
duty_assignment,ASG-002699,owner_staff_id,SD04-1,SD05-1,시설 소관 이동을 따라
duty_assignment,ASG-002699,deputy_staff_id,SD04-2,SD05-2,시설 소관 이동을 따라
duty_assignment,ASG-002700,dept_id,D04,D05,시설 소관 이동을 따라
duty_assignment,ASG-002700,owner_staff_id,SD04-1,SD05-1,시설 소관 이동을 따라
duty_assignment,ASG-002700,deputy_staff_id,SD04-2,SD05-2,시설 소관 이동을 따라
duty_assignment,ASG-002702,dept_id,D04,D05,시설 소관 이동을 따라
duty_assignment,ASG-002702,owner_staff_id,SD04-1,SD05-1,시설 소관 이동을 따라
duty_assignment,ASG-002702,deputy_staff_id,SD04-2,SD05-2,시설 소관 이동을 따라
duty_assignment,ASG-002703,dept_id,D04,D05,시설 소관 이동을 따라
duty_assignment,ASG-002703,owner_staff_id,SD04-1,SD05-1,시설 소관 이동을 따라
duty_assignment,ASG-002703,deputy_staff_id,SD04-2,SD05-2,시설 소관 이동을 따라
duty_assignment,ASG-002704,dept_id,D04,D05,시설 소관 이동을 따라
duty_assignment,ASG-002704,owner_staff_id,SD04-1,SD05-1,시설 소관 이동을 따라
duty_assignment,ASG-002704,deputy_staff_id,SD04-2,SD05-2,시설 소관 이동을 따라
duty_assignment,ASG-002768,dept_id,D13,D17,시설 소관 이동을 따라
duty_assignment,ASG-002768,owner_staff_id,SD13-1,SD17-1,시설 소관 이동을 따라
duty_assignment,ASG-002768,deputy_staff_id,SD13-2,SD17-2,시설 소관 이동을 따라
duty_assignment,ASG-002769,dept_id,D13,D17,시설 소관 이동을 따라
duty_assignment,ASG-002769,owner_staff_id,SD13-1,SD17-1,시설 소관 이동을 따라
duty_assignment,ASG-002769,deputy_staff_id,SD13-2,SD17-2,시설 소관 이동을 따라
duty_assignment,ASG-002770,dept_id,D13,D17,시설 소관 이동을 따라
duty_assignment,ASG-002770,owner_staff_id,SD13-1,SD17-1,시설 소관 이동을 따라
duty_assignment,ASG-002770,deputy_staff_id,SD13-2,SD17-2,시설 소관 이동을 따라
duty_assignment,ASG-002772,dept_id,D13,D17,시설 소관 이동을 따라
duty_assignment,ASG-002772,owner_staff_id,SD13-1,SD17-1,시설 소관 이동을 따라
duty_assignment,ASG-002772,deputy_staff_id,SD13-2,SD17-2,시설 소관 이동을 따라
duty_assignment,ASG-002773,dept_id,D13,D17,시설 소관 이동을 따라
duty_assignment,ASG-002773,owner_staff_id,SD13-1,SD17-1,시설 소관 이동을 따라
duty_assignment,ASG-002773,deputy_staff_id,SD13-2,SD17-2,시설 소관 이동을 따라
duty_assignment,ASG-002774,dept_id,D13,D17,시설 소관 이동을 따라
duty_assignment,ASG-002774,owner_staff_id,SD13-1,SD17-1,시설 소관 이동을 따라
duty_assignment,ASG-002774,deputy_staff_id,SD13-2,SD17-2,시설 소관 이동을 따라
duty_assignment,ASG-002776,dept_id,D13,D17,시설 소관 이동을 따라
duty_assignment,ASG-002776,owner_staff_id,SD13-1,SD17-1,시설 소관 이동을 따라
duty_assignment,ASG-002776,deputy_staff_id,SD13-2,SD17-2,시설 소관 이동을 따라
duty_assignment,ASG-002777,dept_id,D13,D17,시설 소관 이동을 따라
duty_assignment,ASG-002777,owner_staff_id,SD13-1,SD17-1,시설 소관 이동을 따라
duty_assignment,ASG-002777,deputy_staff_id,SD13-2,SD17-2,시설 소관 이동을 따라
duty_assignment,ASG-002778,dept_id,D13,D17,시설 소관 이동을 따라
duty_assignment,ASG-002778,owner_staff_id,SD13-1,SD17-1,시설 소관 이동을 따라
duty_assignment,ASG-002778,deputy_staff_id,SD13-2,SD17-2,시설 소관 이동을 따라
duty_assignment,ASG-002810,dept_id,D13,D17,시설 소관 이동을 따라
duty_assignment,ASG-002810,owner_staff_id,SD13-1,SD17-1,시설 소관 이동을 따라
duty_assignment,ASG-002810,deputy_staff_id,SD13-2,SD17-2,시설 소관 이동을 따라
duty_assignment,ASG-002811,dept_id,D13,D17,시설 소관 이동을 따라
duty_assignment,ASG-002811,owner_staff_id,SD13-1,SD17-1,시설 소관 이동을 따라
duty_assignment,ASG-002811,deputy_staff_id,SD13-2,SD17-2,시설 소관 이동을 따라
duty_assignment,ASG-002812,dept_id,D13,D17,시설 소관 이동을 따라
duty_assignment,ASG-002812,owner_staff_id,SD13-1,SD17-1,시설 소관 이동을 따라
duty_assignment,ASG-002812,deputy_staff_id,SD13-2,SD17-2,시설 소관 이동을 따라
duty_assignment,ASG-002814,dept_id,D13,D17,시설 소관 이동을 따라
duty_assignment,ASG-002814,owner_staff_id,SD13-1,SD17-1,시설 소관 이동을 따라
duty_assignment,ASG-002814,deputy_staff_id,SD13-2,SD17-2,시설 소관 이동을 따라
duty_assignment,ASG-002815,dept_id,D13,D17,시설 소관 이동을 따라
duty_assignment,ASG-002815,owner_staff_id,SD13-1,SD17-1,시설 소관 이동을 따라
duty_assignment,ASG-002815,deputy_staff_id,SD13-2,SD17-2,시설 소관 이동을 따라
duty_assignment,ASG-002816,dept_id,D13,D17,시설 소관 이동을 따라
duty_assignment,ASG-002816,owner_staff_id,SD13-1,SD17-1,시설 소관 이동을 따라
duty_assignment,ASG-002816,deputy_staff_id,SD13-2,SD17-2,시설 소관 이동을 따라
duty_assignment,ASG-002818,dept_id,D13,D17,시설 소관 이동을 따라
duty_assignment,ASG-002818,owner_staff_id,SD13-1,SD17-1,시설 소관 이동을 따라
duty_assignment,ASG-002818,deputy_staff_id,SD13-2,SD17-2,시설 소관 이동을 따라
duty_assignment,ASG-002819,dept_id,D13,D17,시설 소관 이동을 따라
duty_assignment,ASG-002819,owner_staff_id,SD13-1,SD17-1,시설 소관 이동을 따라
duty_assignment,ASG-002819,deputy_staff_id,SD13-2,SD17-2,시설 소관 이동을 따라
duty_assignment,ASG-002820,dept_id,D13,D17,시설 소관 이동을 따라
duty_assignment,ASG-002820,owner_staff_id,SD13-1,SD17-1,시설 소관 이동을 따라
duty_assignment,ASG-002820,deputy_staff_id,SD13-2,SD17-2,시설 소관 이동을 따라
duty_assignment,ASG-002822,dept_id,D13,D17,시설 소관 이동을 따라
duty_assignment,ASG-002822,owner_staff_id,SD13-1,SD17-1,시설 소관 이동을 따라
duty_assignment,ASG-002822,deputy_staff_id,SD13-2,SD17-2,시설 소관 이동을 따라
duty_assignment,ASG-002823,dept_id,D13,D17,시설 소관 이동을 따라
duty_assignment,ASG-002823,owner_staff_id,SD13-1,SD17-1,시설 소관 이동을 따라
duty_assignment,ASG-002823,deputy_staff_id,SD13-2,SD17-2,시설 소관 이동을 따라
duty_assignment,ASG-002824,dept_id,D13,D17,시설 소관 이동을 따라
duty_assignment,ASG-002824,owner_staff_id,SD13-1,SD17-1,시설 소관 이동을 따라
duty_assignment,ASG-002824,deputy_staff_id,SD13-2,SD17-2,시설 소관 이동을 따라
duty_assignment,ASG-002826,dept_id,D13,D17,시설 소관 이동을 따라
duty_assignment,ASG-002826,owner_staff_id,SD13-1,SD17-1,시설 소관 이동을 따라
duty_assignment,ASG-002826,deputy_staff_id,SD13-2,SD17-2,시설 소관 이동을 따라
duty_assignment,ASG-002827,dept_id,D13,D17,시설 소관 이동을 따라
duty_assignment,ASG-002827,owner_staff_id,SD13-1,SD17-1,시설 소관 이동을 따라
duty_assignment,ASG-002827,deputy_staff_id,SD13-2,SD17-2,시설 소관 이동을 따라
duty_assignment,ASG-002828,dept_id,D13,D17,시설 소관 이동을 따라
duty_assignment,ASG-002828,owner_staff_id,SD13-1,SD17-1,시설 소관 이동을 따라
duty_assignment,ASG-002828,deputy_staff_id,SD13-2,SD17-2,시설 소관 이동을 따라
duty_assignment,ASG-002830,dept_id,D13,D17,시설 소관 이동을 따라
duty_assignment,ASG-002830,owner_staff_id,SD13-1,SD17-1,시설 소관 이동을 따라
duty_assignment,ASG-002830,deputy_staff_id,SD13-2,SD17-2,시설 소관 이동을 따라
duty_assignment,ASG-002831,dept_id,D13,D17,시설 소관 이동을 따라
duty_assignment,ASG-002831,owner_staff_id,SD13-1,SD17-1,시설 소관 이동을 따라
duty_assignment,ASG-002831,deputy_staff_id,SD13-2,SD17-2,시설 소관 이동을 따라
duty_assignment,ASG-002832,dept_id,D13,D17,시설 소관 이동을 따라
duty_assignment,ASG-002832,owner_staff_id,SD13-1,SD17-1,시설 소관 이동을 따라
duty_assignment,ASG-002832,deputy_staff_id,SD13-2,SD17-2,시설 소관 이동을 따라
duty_assignment,ASG-002921,dept_id,D13,D17,시설 소관 이동을 따라
duty_assignment,ASG-002921,owner_staff_id,SD13-1,SD17-1,시설 소관 이동을 따라
duty_assignment,ASG-002921,deputy_staff_id,SD13-2,SD17-2,시설 소관 이동을 따라
duty_assignment,ASG-002922,dept_id,D13,D17,시설 소관 이동을 따라
duty_assignment,ASG-002922,owner_staff_id,SD13-1,SD17-1,시설 소관 이동을 따라
duty_assignment,ASG-002922,deputy_staff_id,SD13-2,SD17-2,시설 소관 이동을 따라
duty_assignment,ASG-002923,dept_id,D13,D17,시설 소관 이동을 따라
duty_assignment,ASG-002923,owner_staff_id,SD13-1,SD17-1,시설 소관 이동을 따라
duty_assignment,ASG-002923,deputy_staff_id,SD13-2,SD17-2,시설 소관 이동을 따라
duty_assignment,ASG-002966,dept_id,D04,D05,시설 소관 이동을 따라
duty_assignment,ASG-002966,owner_staff_id,SD04-1,SD05-1,시설 소관 이동을 따라
duty_assignment,ASG-002966,deputy_staff_id,SD04-2,SD05-2,시설 소관 이동을 따라
duty_assignment,ASG-002967,dept_id,D04,D05,시설 소관 이동을 따라
duty_assignment,ASG-002967,owner_staff_id,SD04-1,SD05-1,시설 소관 이동을 따라
duty_assignment,ASG-002967,deputy_staff_id,SD04-2,SD05-2,시설 소관 이동을 따라
duty_assignment,ASG-002968,dept_id,D04,D05,시설 소관 이동을 따라
duty_assignment,ASG-002968,owner_staff_id,SD04-1,SD05-1,시설 소관 이동을 따라
duty_assignment,ASG-002968,deputy_staff_id,SD04-2,SD05-2,시설 소관 이동을 따라
duty_assignment,ASG-002970,dept_id,D04,D05,시설 소관 이동을 따라
duty_assignment,ASG-002970,owner_staff_id,SD04-1,SD05-1,시설 소관 이동을 따라
duty_assignment,ASG-002970,deputy_staff_id,SD04-2,SD05-2,시설 소관 이동을 따라
duty_assignment,ASG-002971,dept_id,D04,D05,시설 소관 이동을 따라
duty_assignment,ASG-002971,owner_staff_id,SD04-1,SD05-1,시설 소관 이동을 따라
duty_assignment,ASG-002971,deputy_staff_id,SD04-2,SD05-2,시설 소관 이동을 따라
duty_assignment,ASG-002972,dept_id,D04,D05,시설 소관 이동을 따라
duty_assignment,ASG-002972,owner_staff_id,SD04-1,SD05-1,시설 소관 이동을 따라
duty_assignment,ASG-002972,deputy_staff_id,SD04-2,SD05-2,시설 소관 이동을 따라
duty_assignment,ASG-002974,dept_id,D04,D05,시설 소관 이동을 따라
duty_assignment,ASG-002974,owner_staff_id,SD04-1,SD05-1,시설 소관 이동을 따라
duty_assignment,ASG-002974,deputy_staff_id,SD04-2,SD05-2,시설 소관 이동을 따라
duty_assignment,ASG-002975,dept_id,D04,D05,시설 소관 이동을 따라
duty_assignment,ASG-002975,owner_staff_id,SD04-1,SD05-1,시설 소관 이동을 따라
duty_assignment,ASG-002975,deputy_staff_id,SD04-2,SD05-2,시설 소관 이동을 따라
duty_assignment,ASG-002976,dept_id,D04,D05,시설 소관 이동을 따라
duty_assignment,ASG-002976,owner_staff_id,SD04-1,SD05-1,시설 소관 이동을 따라
duty_assignment,ASG-002976,deputy_staff_id,SD04-2,SD05-2,시설 소관 이동을 따라
duty_assignment,ASG-002978,dept_id,D04,D05,시설 소관 이동을 따라
duty_assignment,ASG-002978,owner_staff_id,SD04-1,SD05-1,시설 소관 이동을 따라
duty_assignment,ASG-002978,deputy_staff_id,SD04-2,SD05-2,시설 소관 이동을 따라
duty_assignment,ASG-002979,dept_id,D04,D05,시설 소관 이동을 따라
duty_assignment,ASG-002979,owner_staff_id,SD04-1,SD05-1,시설 소관 이동을 따라
duty_assignment,ASG-002979,deputy_staff_id,SD04-2,SD05-2,시설 소관 이동을 따라
duty_assignment,ASG-002980,dept_id,D04,D05,시설 소관 이동을 따라
duty_assignment,ASG-002980,owner_staff_id,SD04-1,SD05-1,시설 소관 이동을 따라
duty_assignment,ASG-002980,deputy_staff_id,SD04-2,SD05-2,시설 소관 이동을 따라
duty_assignment,ASG-003045,dept_id,D10,D16,경전철(공중교통수단) — 도시철도과
duty_assignment,ASG-003045,owner_staff_id,SD10-1,SD16-1,경전철(공중교통수단) — 도시철도과
duty_assignment,ASG-003045,deputy_staff_id,SD10-2,SD16-2,경전철(공중교통수단) — 도시철도과
duty_assignment,ASG-003046,dept_id,D10,D16,경전철(공중교통수단) — 도시철도과
duty_assignment,ASG-003046,owner_staff_id,SD10-1,SD16-1,경전철(공중교통수단) — 도시철도과
duty_assignment,ASG-003046,deputy_staff_id,SD10-2,SD16-2,경전철(공중교통수단) — 도시철도과
duty_assignment,ASG-003047,dept_id,D10,D16,경전철(공중교통수단) — 도시철도과
duty_assignment,ASG-003047,owner_staff_id,SD10-1,SD16-1,경전철(공중교통수단) — 도시철도과
duty_assignment,ASG-003047,deputy_staff_id,SD10-2,SD16-2,경전철(공중교통수단) — 도시철도과
duty_assignment,ASG-003048,dept_id,D10,D16,경전철(공중교통수단) — 도시철도과
duty_assignment,ASG-003048,owner_staff_id,SD10-1,SD16-1,경전철(공중교통수단) — 도시철도과
duty_assignment,ASG-003048,deputy_staff_id,SD10-2,SD16-2,경전철(공중교통수단) — 도시철도과
duty_assignment,ASG-003091,dept_id,D10,D16,경전철(공중교통수단) — 도시철도과
duty_assignment,ASG-003091,owner_staff_id,SD10-1,SD16-1,경전철(공중교통수단) — 도시철도과
duty_assignment,ASG-003091,deputy_staff_id,SD10-2,SD16-2,경전철(공중교통수단) — 도시철도과
duty_assignment,ASG-003132,dept_id,D10,D16,경전철(공중교통수단) — 도시철도과
duty_assignment,ASG-003132,owner_staff_id,SD10-1,SD16-1,경전철(공중교통수단) — 도시철도과
duty_assignment,ASG-003132,deputy_staff_id,SD10-2,SD16-2,경전철(공중교통수단) — 도시철도과
duty_assignment,ASG-003133,dept_id,D10,D16,경전철(공중교통수단) — 도시철도과
duty_assignment,ASG-003133,owner_staff_id,SD10-1,SD16-1,경전철(공중교통수단) — 도시철도과
duty_assignment,ASG-003133,deputy_staff_id,SD10-2,SD16-2,경전철(공중교통수단) — 도시철도과
duty_assignment,ASG-003134,dept_id,D10,D16,경전철(공중교통수단) — 도시철도과
duty_assignment,ASG-003134,owner_staff_id,SD10-1,SD16-1,경전철(공중교통수단) — 도시철도과
duty_assignment,ASG-003134,deputy_staff_id,SD10-2,SD16-2,경전철(공중교통수단) — 도시철도과
duty_assignment,ASG-003135,dept_id,D10,D16,경전철(공중교통수단) — 도시철도과
duty_assignment,ASG-003135,owner_staff_id,SD10-1,SD16-1,경전철(공중교통수단) — 도시철도과
duty_assignment,ASG-003135,deputy_staff_id,SD10-2,SD16-2,경전철(공중교통수단) — 도시철도과
duty_assignment,ASG-003136,dept_id,D10,D16,경전철(공중교통수단) — 도시철도과
duty_assignment,ASG-003136,owner_staff_id,SD10-1,SD16-1,경전철(공중교통수단) — 도시철도과
duty_assignment,ASG-003136,deputy_staff_id,SD10-2,SD16-2,경전철(공중교통수단) — 도시철도과
duty_assignment,ASG-003137,dept_id,D10,D16,경전철(공중교통수단) — 도시철도과
duty_assignment,ASG-003137,owner_staff_id,SD10-1,SD16-1,경전철(공중교통수단) — 도시철도과
duty_assignment,ASG-003137,deputy_staff_id,SD10-2,SD16-2,경전철(공중교통수단) — 도시철도과
duty_assignment,ASG-003138,dept_id,D10,D16,경전철(공중교통수단) — 도시철도과
duty_assignment,ASG-003138,owner_staff_id,SD10-1,SD16-1,경전철(공중교통수단) — 도시철도과
duty_assignment,ASG-003138,deputy_staff_id,SD10-2,SD16-2,경전철(공중교통수단) — 도시철도과
duty_assignment,ASG-003233,dept_id,D10,D16,경전철(공중교통수단) — 도시철도과
duty_assignment,ASG-003233,owner_staff_id,SD10-1,SD16-1,경전철(공중교통수단) — 도시철도과
duty_assignment,ASG-003233,deputy_staff_id,SD10-2,SD16-2,경전철(공중교통수단) — 도시철도과
duty_assignment,ASG-003234,dept_id,D10,D16,경전철(공중교통수단) — 도시철도과
duty_assignment,ASG-003234,owner_staff_id,SD10-1,SD16-1,경전철(공중교통수단) — 도시철도과
duty_assignment,ASG-003234,deputy_staff_id,SD10-2,SD16-2,경전철(공중교통수단) — 도시철도과
duty_assignment,ASG-003235,dept_id,D10,D16,경전철(공중교통수단) — 도시철도과
duty_assignment,ASG-003235,owner_staff_id,SD10-1,SD16-1,경전철(공중교통수단) — 도시철도과
duty_assignment,ASG-003235,deputy_staff_id,SD10-2,SD16-2,경전철(공중교통수단) — 도시철도과
duty_assignment,ASG-003236,dept_id,D10,D16,경전철(공중교통수단) — 도시철도과
duty_assignment,ASG-003236,owner_staff_id,SD10-1,SD16-1,경전철(공중교통수단) — 도시철도과
duty_assignment,ASG-003236,deputy_staff_id,SD10-2,SD16-2,경전철(공중교통수단) — 도시철도과
duty_assignment,ASG-003237,dept_id,D10,D16,경전철(공중교통수단) — 도시철도과
duty_assignment,ASG-003237,owner_staff_id,SD10-1,SD16-1,경전철(공중교통수단) — 도시철도과
duty_assignment,ASG-003237,deputy_staff_id,SD10-2,SD16-2,경전철(공중교통수단) — 도시철도과
duty_assignment,ASG-003238,dept_id,D10,D16,경전철(공중교통수단) — 도시철도과
duty_assignment,ASG-003238,owner_staff_id,SD10-1,SD16-1,경전철(공중교통수단) — 도시철도과
duty_assignment,ASG-003238,deputy_staff_id,SD10-2,SD16-2,경전철(공중교통수단) — 도시철도과
duty_assignment,ASG-003239,dept_id,D10,D16,경전철(공중교통수단) — 도시철도과
duty_assignment,ASG-003239,owner_staff_id,SD10-1,SD16-1,경전철(공중교통수단) — 도시철도과
duty_assignment,ASG-003239,deputy_staff_id,SD10-2,SD16-2,경전철(공중교통수단) — 도시철도과
duty_assignment,ASG-003240,dept_id,D10,D16,경전철(공중교통수단) — 도시철도과
duty_assignment,ASG-003240,owner_staff_id,SD10-1,SD16-1,경전철(공중교통수단) — 도시철도과
duty_assignment,ASG-003240,deputy_staff_id,SD10-2,SD16-2,경전철(공중교통수단) — 도시철도과
duty_assignment,ASG-003287,dept_id,D10,D16,경전철(공중교통수단) — 도시철도과
duty_assignment,ASG-003287,owner_staff_id,SD10-1,SD16-1,경전철(공중교통수단) — 도시철도과
duty_assignment,ASG-003287,deputy_staff_id,SD10-2,SD16-2,경전철(공중교통수단) — 도시철도과
duty_assignment,ASG-003288,dept_id,D10,D16,경전철(공중교통수단) — 도시철도과
duty_assignment,ASG-003288,owner_staff_id,SD10-1,SD16-1,경전철(공중교통수단) — 도시철도과
duty_assignment,ASG-003288,deputy_staff_id,SD10-2,SD16-2,경전철(공중교통수단) — 도시철도과
duty_assignment,ASG-003289,dept_id,D10,D16,경전철(공중교통수단) — 도시철도과
duty_assignment,ASG-003289,owner_staff_id,SD10-1,SD16-1,경전철(공중교통수단) — 도시철도과
duty_assignment,ASG-003289,deputy_staff_id,SD10-2,SD16-2,경전철(공중교통수단) — 도시철도과
duty_assignment,ASG-003290,dept_id,D10,D16,경전철(공중교통수단) — 도시철도과
duty_assignment,ASG-003290,owner_staff_id,SD10-1,SD16-1,경전철(공중교통수단) — 도시철도과
duty_assignment,ASG-003290,deputy_staff_id,SD10-2,SD16-2,경전철(공중교통수단) — 도시철도과
duty_assignment,ASG-003291,dept_id,D10,D16,경전철(공중교통수단) — 도시철도과
duty_assignment,ASG-003291,owner_staff_id,SD10-1,SD16-1,경전철(공중교통수단) — 도시철도과
duty_assignment,ASG-003291,deputy_staff_id,SD10-2,SD16-2,경전철(공중교통수단) — 도시철도과
duty_assignment,ASG-003292,dept_id,D10,D16,경전철(공중교통수단) — 도시철도과
duty_assignment,ASG-003292,owner_staff_id,SD10-1,SD16-1,경전철(공중교통수단) — 도시철도과
duty_assignment,ASG-003292,deputy_staff_id,SD10-2,SD16-2,경전철(공중교통수단) — 도시철도과
duty_assignment,ASG-003293,dept_id,D10,D16,경전철(공중교통수단) — 도시철도과
duty_assignment,ASG-003293,owner_staff_id,SD10-1,SD16-1,경전철(공중교통수단) — 도시철도과
duty_assignment,ASG-003293,deputy_staff_id,SD10-2,SD16-2,경전철(공중교통수단) — 도시철도과
duty_assignment,ASG-003294,dept_id,D10,D16,경전철(공중교통수단) — 도시철도과
duty_assignment,ASG-003294,owner_staff_id,SD10-1,SD16-1,경전철(공중교통수단) — 도시철도과
duty_assignment,ASG-003294,deputy_staff_id,SD10-2,SD16-2,경전철(공중교통수단) — 도시철도과
duty_assignment,ASG-003295,dept_id,D10,D16,경전철(공중교통수단) — 도시철도과
duty_assignment,ASG-003295,owner_staff_id,SD10-1,SD16-1,경전철(공중교통수단) — 도시철도과
duty_assignment,ASG-003295,deputy_staff_id,SD10-2,SD16-2,경전철(공중교통수단) — 도시철도과
duty_assignment,ASG-003296,dept_id,D10,D16,경전철(공중교통수단) — 도시철도과
duty_assignment,ASG-003296,owner_staff_id,SD10-1,SD16-1,경전철(공중교통수단) — 도시철도과
duty_assignment,ASG-003296,deputy_staff_id,SD10-2,SD16-2,경전철(공중교통수단) — 도시철도과
duty_assignment,ASG-003297,dept_id,D10,D16,경전철(공중교통수단) — 도시철도과
duty_assignment,ASG-003297,owner_staff_id,SD10-1,SD16-1,경전철(공중교통수단) — 도시철도과
duty_assignment,ASG-003297,deputy_staff_id,SD10-2,SD16-2,경전철(공중교통수단) — 도시철도과
duty_assignment,ASG-003298,dept_id,D10,D16,경전철(공중교통수단) — 도시철도과
duty_assignment,ASG-003298,owner_staff_id,SD10-1,SD16-1,경전철(공중교통수단) — 도시철도과
duty_assignment,ASG-003298,deputy_staff_id,SD10-2,SD16-2,경전철(공중교통수단) — 도시철도과
duty_assignment,ASG-003299,dept_id,D10,D16,경전철(공중교통수단) — 도시철도과
duty_assignment,ASG-003299,owner_staff_id,SD10-1,SD16-1,경전철(공중교통수단) — 도시철도과
duty_assignment,ASG-003299,deputy_staff_id,SD10-2,SD16-2,경전철(공중교통수단) — 도시철도과
duty_assignment,ASG-003300,dept_id,D10,D16,경전철(공중교통수단) — 도시철도과
duty_assignment,ASG-003300,owner_staff_id,SD10-1,SD16-1,경전철(공중교통수단) — 도시철도과
duty_assignment,ASG-003300,deputy_staff_id,SD10-2,SD16-2,경전철(공중교통수단) — 도시철도과
duty_assignment,ASG-003301,dept_id,D10,D16,경전철(공중교통수단) — 도시철도과
duty_assignment,ASG-003301,owner_staff_id,SD10-1,SD16-1,경전철(공중교통수단) — 도시철도과
duty_assignment,ASG-003301,deputy_staff_id,SD10-2,SD16-2,경전철(공중교통수단) — 도시철도과
duty_assignment,ASG-003322,dept_id,D10,D16,경전철(공중교통수단) — 도시철도과
duty_assignment,ASG-003322,owner_staff_id,SD10-1,SD16-1,경전철(공중교통수단) — 도시철도과
duty_assignment,ASG-003322,deputy_staff_id,SD10-2,SD16-2,경전철(공중교통수단) — 도시철도과
duty_assignment,ASG-003323,dept_id,D10,D16,경전철(공중교통수단) — 도시철도과
duty_assignment,ASG-003323,owner_staff_id,SD10-1,SD16-1,경전철(공중교통수단) — 도시철도과
duty_assignment,ASG-003323,deputy_staff_id,SD10-2,SD16-2,경전철(공중교통수단) — 도시철도과
duty_assignment,ASG-003324,dept_id,D10,D16,경전철(공중교통수단) — 도시철도과
duty_assignment,ASG-003324,owner_staff_id,SD10-1,SD16-1,경전철(공중교통수단) — 도시철도과
duty_assignment,ASG-003324,deputy_staff_id,SD10-2,SD16-2,경전철(공중교통수단) — 도시철도과
duty_assignment,ASG-003325,dept_id,D10,D16,경전철(공중교통수단) — 도시철도과
duty_assignment,ASG-003325,owner_staff_id,SD10-1,SD16-1,경전철(공중교통수단) — 도시철도과
duty_assignment,ASG-003325,deputy_staff_id,SD10-2,SD16-2,경전철(공중교통수단) — 도시철도과
duty_assignment,ASG-003326,dept_id,D10,D16,경전철(공중교통수단) — 도시철도과
duty_assignment,ASG-003326,owner_staff_id,SD10-1,SD16-1,경전철(공중교통수단) — 도시철도과
duty_assignment,ASG-003326,deputy_staff_id,SD10-2,SD16-2,경전철(공중교통수단) — 도시철도과
duty_assignment,ASG-003329,dept_id,D04,D05,시설 소관 이동을 따라
duty_assignment,ASG-003329,owner_staff_id,SD04-1,SD05-1,시설 소관 이동을 따라
duty_assignment,ASG-003329,deputy_staff_id,SD04-2,SD05-2,시설 소관 이동을 따라
duty_assignment,ASG-003330,dept_id,D04,D05,시설 소관 이동을 따라
duty_assignment,ASG-003330,owner_staff_id,SD04-1,SD05-1,시설 소관 이동을 따라
duty_assignment,ASG-003330,deputy_staff_id,SD04-2,SD05-2,시설 소관 이동을 따라
duty_assignment,ASG-003331,dept_id,D04,D05,시설 소관 이동을 따라
duty_assignment,ASG-003331,owner_staff_id,SD04-1,SD05-1,시설 소관 이동을 따라
duty_assignment,ASG-003331,deputy_staff_id,SD04-2,SD05-2,시설 소관 이동을 따라
duty_assignment,ASG-003334,dept_id,D04,D05,시설 소관 이동을 따라
duty_assignment,ASG-003334,owner_staff_id,SD04-1,SD05-1,시설 소관 이동을 따라
duty_assignment,ASG-003334,deputy_staff_id,SD04-2,SD05-2,시설 소관 이동을 따라
duty_assignment,ASG-003335,dept_id,D04,D05,시설 소관 이동을 따라
duty_assignment,ASG-003335,owner_staff_id,SD04-1,SD05-1,시설 소관 이동을 따라
duty_assignment,ASG-003335,deputy_staff_id,SD04-2,SD05-2,시설 소관 이동을 따라
duty_assignment,ASG-003336,dept_id,D04,D05,시설 소관 이동을 따라
duty_assignment,ASG-003336,owner_staff_id,SD04-1,SD05-1,시설 소관 이동을 따라
duty_assignment,ASG-003336,deputy_staff_id,SD04-2,SD05-2,시설 소관 이동을 따라
duty_assignment,ASG-003338,dept_id,D04,D05,시설 소관 이동을 따라
duty_assignment,ASG-003338,owner_staff_id,SD04-1,SD05-1,시설 소관 이동을 따라
duty_assignment,ASG-003338,deputy_staff_id,SD04-2,SD05-2,시설 소관 이동을 따라
duty_assignment,ASG-003339,dept_id,D04,D05,시설 소관 이동을 따라
duty_assignment,ASG-003339,owner_staff_id,SD04-1,SD05-1,시설 소관 이동을 따라
duty_assignment,ASG-003339,deputy_staff_id,SD04-2,SD05-2,시설 소관 이동을 따라
duty_assignment,ASG-003340,dept_id,D04,D05,시설 소관 이동을 따라
duty_assignment,ASG-003340,owner_staff_id,SD04-1,SD05-1,시설 소관 이동을 따라
duty_assignment,ASG-003340,deputy_staff_id,SD04-2,SD05-2,시설 소관 이동을 따라
duty_assignment,ASG-003342,dept_id,D04,D05,시설 소관 이동을 따라
duty_assignment,ASG-003342,owner_staff_id,SD04-1,SD05-1,시설 소관 이동을 따라
duty_assignment,ASG-003342,deputy_staff_id,SD04-2,SD05-2,시설 소관 이동을 따라
duty_assignment,ASG-003343,dept_id,D04,D05,시설 소관 이동을 따라
duty_assignment,ASG-003343,owner_staff_id,SD04-1,SD05-1,시설 소관 이동을 따라
duty_assignment,ASG-003343,deputy_staff_id,SD04-2,SD05-2,시설 소관 이동을 따라
duty_assignment,ASG-003344,dept_id,D04,D05,시설 소관 이동을 따라
duty_assignment,ASG-003344,owner_staff_id,SD04-1,SD05-1,시설 소관 이동을 따라
duty_assignment,ASG-003344,deputy_staff_id,SD04-2,SD05-2,시설 소관 이동을 따라
duty_assignment,ASG-003346,dept_id,D04,D05,시설 소관 이동을 따라
duty_assignment,ASG-003346,owner_staff_id,SD04-1,SD05-1,시설 소관 이동을 따라
duty_assignment,ASG-003346,deputy_staff_id,SD04-2,SD05-2,시설 소관 이동을 따라
duty_assignment,ASG-003347,dept_id,D04,D05,시설 소관 이동을 따라
duty_assignment,ASG-003347,owner_staff_id,SD04-1,SD05-1,시설 소관 이동을 따라
duty_assignment,ASG-003347,deputy_staff_id,SD04-2,SD05-2,시설 소관 이동을 따라
duty_assignment,ASG-003348,dept_id,D04,D05,시설 소관 이동을 따라
duty_assignment,ASG-003348,owner_staff_id,SD04-1,SD05-1,시설 소관 이동을 따라
duty_assignment,ASG-003348,deputy_staff_id,SD04-2,SD05-2,시설 소관 이동을 따라
duty_assignment,ASG-003351,dept_id,D13,D17,시설 소관 이동을 따라
duty_assignment,ASG-003351,owner_staff_id,SD13-1,SD17-1,시설 소관 이동을 따라
duty_assignment,ASG-003351,deputy_staff_id,SD13-2,SD17-2,시설 소관 이동을 따라
duty_assignment,ASG-003352,dept_id,D13,D17,시설 소관 이동을 따라
duty_assignment,ASG-003352,owner_staff_id,SD13-1,SD17-1,시설 소관 이동을 따라
duty_assignment,ASG-003352,deputy_staff_id,SD13-2,SD17-2,시설 소관 이동을 따라
duty_assignment,ASG-003353,dept_id,D13,D17,시설 소관 이동을 따라
duty_assignment,ASG-003353,owner_staff_id,SD13-1,SD17-1,시설 소관 이동을 따라
duty_assignment,ASG-003353,deputy_staff_id,SD13-2,SD17-2,시설 소관 이동을 따라
duty_assignment,ASG-003355,dept_id,D04,D05,시설 소관 이동을 따라
duty_assignment,ASG-003355,owner_staff_id,SD04-1,SD05-1,시설 소관 이동을 따라
duty_assignment,ASG-003355,deputy_staff_id,SD04-2,SD05-2,시설 소관 이동을 따라
duty_assignment,ASG-003356,dept_id,D04,D05,시설 소관 이동을 따라
duty_assignment,ASG-003356,owner_staff_id,SD04-1,SD05-1,시설 소관 이동을 따라
duty_assignment,ASG-003356,deputy_staff_id,SD04-2,SD05-2,시설 소관 이동을 따라
duty_assignment,ASG-003357,dept_id,D04,D05,시설 소관 이동을 따라
duty_assignment,ASG-003357,owner_staff_id,SD04-1,SD05-1,시설 소관 이동을 따라
duty_assignment,ASG-003357,deputy_staff_id,SD04-2,SD05-2,시설 소관 이동을 따라
duty_assignment,ASG-003359,dept_id,D04,D05,시설 소관 이동을 따라
duty_assignment,ASG-003359,owner_staff_id,SD04-1,SD05-1,시설 소관 이동을 따라
duty_assignment,ASG-003359,deputy_staff_id,SD04-2,SD05-2,시설 소관 이동을 따라
duty_assignment,ASG-003360,dept_id,D04,D05,시설 소관 이동을 따라
duty_assignment,ASG-003360,owner_staff_id,SD04-1,SD05-1,시설 소관 이동을 따라
duty_assignment,ASG-003360,deputy_staff_id,SD04-2,SD05-2,시설 소관 이동을 따라
duty_assignment,ASG-003361,dept_id,D04,D05,시설 소관 이동을 따라
duty_assignment,ASG-003361,owner_staff_id,SD04-1,SD05-1,시설 소관 이동을 따라
duty_assignment,ASG-003361,deputy_staff_id,SD04-2,SD05-2,시설 소관 이동을 따라
duty_assignment,ASG-003365,dept_id,D04,D05,시설 소관 이동을 따라
duty_assignment,ASG-003365,owner_staff_id,SD04-1,SD05-1,시설 소관 이동을 따라
duty_assignment,ASG-003365,deputy_staff_id,SD04-2,SD05-2,시설 소관 이동을 따라
duty_assignment,ASG-003366,dept_id,D04,D05,시설 소관 이동을 따라
duty_assignment,ASG-003366,owner_staff_id,SD04-1,SD05-1,시설 소관 이동을 따라
duty_assignment,ASG-003366,deputy_staff_id,SD04-2,SD05-2,시설 소관 이동을 따라
duty_assignment,ASG-003367,dept_id,D04,D05,시설 소관 이동을 따라
duty_assignment,ASG-003367,owner_staff_id,SD04-1,SD05-1,시설 소관 이동을 따라
duty_assignment,ASG-003367,deputy_staff_id,SD04-2,SD05-2,시설 소관 이동을 따라
duty_assignment,ASG-003369,dept_id,D04,D05,시설 소관 이동을 따라
duty_assignment,ASG-003369,owner_staff_id,SD04-1,SD05-1,시설 소관 이동을 따라
duty_assignment,ASG-003369,deputy_staff_id,SD04-2,SD05-2,시설 소관 이동을 따라
duty_assignment,ASG-003370,dept_id,D04,D05,시설 소관 이동을 따라
duty_assignment,ASG-003370,owner_staff_id,SD04-1,SD05-1,시설 소관 이동을 따라
duty_assignment,ASG-003370,deputy_staff_id,SD04-2,SD05-2,시설 소관 이동을 따라
duty_assignment,ASG-003371,dept_id,D04,D05,시설 소관 이동을 따라
duty_assignment,ASG-003371,owner_staff_id,SD04-1,SD05-1,시설 소관 이동을 따라
duty_assignment,ASG-003371,deputy_staff_id,SD04-2,SD05-2,시설 소관 이동을 따라
duty_assignment,ASG-003373,dept_id,D04,D05,시설 소관 이동을 따라
duty_assignment,ASG-003373,owner_staff_id,SD04-1,SD05-1,시설 소관 이동을 따라
duty_assignment,ASG-003373,deputy_staff_id,SD04-2,SD05-2,시설 소관 이동을 따라
duty_assignment,ASG-003374,dept_id,D04,D05,시설 소관 이동을 따라
duty_assignment,ASG-003374,owner_staff_id,SD04-1,SD05-1,시설 소관 이동을 따라
duty_assignment,ASG-003374,deputy_staff_id,SD04-2,SD05-2,시설 소관 이동을 따라
duty_assignment,ASG-003375,dept_id,D04,D05,시설 소관 이동을 따라
duty_assignment,ASG-003375,owner_staff_id,SD04-1,SD05-1,시설 소관 이동을 따라
duty_assignment,ASG-003375,deputy_staff_id,SD04-2,SD05-2,시설 소관 이동을 따라
duty_assignment,ASG-003377,dept_id,D04,D05,시설 소관 이동을 따라
duty_assignment,ASG-003377,owner_staff_id,SD04-1,SD05-1,시설 소관 이동을 따라
duty_assignment,ASG-003377,deputy_staff_id,SD04-2,SD05-2,시설 소관 이동을 따라
duty_assignment,ASG-003378,dept_id,D04,D05,시설 소관 이동을 따라
duty_assignment,ASG-003378,owner_staff_id,SD04-1,SD05-1,시설 소관 이동을 따라
duty_assignment,ASG-003378,deputy_staff_id,SD04-2,SD05-2,시설 소관 이동을 따라
duty_assignment,ASG-003379,dept_id,D04,D05,시설 소관 이동을 따라
duty_assignment,ASG-003379,owner_staff_id,SD04-1,SD05-1,시설 소관 이동을 따라
duty_assignment,ASG-003379,deputy_staff_id,SD04-2,SD05-2,시설 소관 이동을 따라
duty_assignment,ASG-003381,dept_id,D04,D05,시설 소관 이동을 따라
duty_assignment,ASG-003381,owner_staff_id,SD04-1,SD05-1,시설 소관 이동을 따라
duty_assignment,ASG-003381,deputy_staff_id,SD04-2,SD05-2,시설 소관 이동을 따라
duty_assignment,ASG-003382,dept_id,D04,D05,시설 소관 이동을 따라
duty_assignment,ASG-003382,owner_staff_id,SD04-1,SD05-1,시설 소관 이동을 따라
duty_assignment,ASG-003382,deputy_staff_id,SD04-2,SD05-2,시설 소관 이동을 따라
duty_assignment,ASG-003383,dept_id,D04,D05,시설 소관 이동을 따라
duty_assignment,ASG-003383,owner_staff_id,SD04-1,SD05-1,시설 소관 이동을 따라
duty_assignment,ASG-003383,deputy_staff_id,SD04-2,SD05-2,시설 소관 이동을 따라
duty_assignment,ASG-003385,dept_id,D04,D05,시설 소관 이동을 따라
duty_assignment,ASG-003385,owner_staff_id,SD04-1,SD05-1,시설 소관 이동을 따라
duty_assignment,ASG-003385,deputy_staff_id,SD04-2,SD05-2,시설 소관 이동을 따라
duty_assignment,ASG-003386,dept_id,D04,D05,시설 소관 이동을 따라
duty_assignment,ASG-003386,owner_staff_id,SD04-1,SD05-1,시설 소관 이동을 따라
duty_assignment,ASG-003386,deputy_staff_id,SD04-2,SD05-2,시설 소관 이동을 따라
duty_assignment,ASG-003387,dept_id,D04,D05,시설 소관 이동을 따라
duty_assignment,ASG-003387,owner_staff_id,SD04-1,SD05-1,시설 소관 이동을 따라
duty_assignment,ASG-003387,deputy_staff_id,SD04-2,SD05-2,시설 소관 이동을 따라
duty_assignment,ASG-003389,dept_id,D04,D05,시설 소관 이동을 따라
duty_assignment,ASG-003389,owner_staff_id,SD04-1,SD05-1,시설 소관 이동을 따라
duty_assignment,ASG-003389,deputy_staff_id,SD04-2,SD05-2,시설 소관 이동을 따라
duty_assignment,ASG-003390,dept_id,D04,D05,시설 소관 이동을 따라
duty_assignment,ASG-003390,owner_staff_id,SD04-1,SD05-1,시설 소관 이동을 따라
duty_assignment,ASG-003390,deputy_staff_id,SD04-2,SD05-2,시설 소관 이동을 따라
duty_assignment,ASG-003391,dept_id,D04,D05,시설 소관 이동을 따라
duty_assignment,ASG-003391,owner_staff_id,SD04-1,SD05-1,시설 소관 이동을 따라
duty_assignment,ASG-003391,deputy_staff_id,SD04-2,SD05-2,시설 소관 이동을 따라
duty_assignment,ASG-003393,dept_id,D04,D05,시설 소관 이동을 따라
duty_assignment,ASG-003393,owner_staff_id,SD04-1,SD05-1,시설 소관 이동을 따라
duty_assignment,ASG-003393,deputy_staff_id,SD04-2,SD05-2,시설 소관 이동을 따라
duty_assignment,ASG-003394,dept_id,D04,D05,시설 소관 이동을 따라
duty_assignment,ASG-003394,owner_staff_id,SD04-1,SD05-1,시설 소관 이동을 따라
duty_assignment,ASG-003394,deputy_staff_id,SD04-2,SD05-2,시설 소관 이동을 따라
duty_assignment,ASG-003395,dept_id,D04,D05,시설 소관 이동을 따라
duty_assignment,ASG-003395,owner_staff_id,SD04-1,SD05-1,시설 소관 이동을 따라
duty_assignment,ASG-003395,deputy_staff_id,SD04-2,SD05-2,시설 소관 이동을 따라
duty_assignment,ASG-003397,dept_id,D04,D05,시설 소관 이동을 따라
duty_assignment,ASG-003397,owner_staff_id,SD04-1,SD05-1,시설 소관 이동을 따라
duty_assignment,ASG-003397,deputy_staff_id,SD04-2,SD05-2,시설 소관 이동을 따라
duty_assignment,ASG-003398,dept_id,D04,D05,시설 소관 이동을 따라
duty_assignment,ASG-003398,owner_staff_id,SD04-1,SD05-1,시설 소관 이동을 따라
duty_assignment,ASG-003398,deputy_staff_id,SD04-2,SD05-2,시설 소관 이동을 따라
duty_assignment,ASG-003399,dept_id,D04,D05,시설 소관 이동을 따라
duty_assignment,ASG-003399,owner_staff_id,SD04-1,SD05-1,시설 소관 이동을 따라
duty_assignment,ASG-003399,deputy_staff_id,SD04-2,SD05-2,시설 소관 이동을 따라
duty_assignment,ASG-003401,dept_id,D04,D05,시설 소관 이동을 따라
duty_assignment,ASG-003401,owner_staff_id,SD04-1,SD05-1,시설 소관 이동을 따라
duty_assignment,ASG-003401,deputy_staff_id,SD04-2,SD05-2,시설 소관 이동을 따라
duty_assignment,ASG-003402,dept_id,D04,D05,시설 소관 이동을 따라
duty_assignment,ASG-003402,owner_staff_id,SD04-1,SD05-1,시설 소관 이동을 따라
duty_assignment,ASG-003402,deputy_staff_id,SD04-2,SD05-2,시설 소관 이동을 따라
duty_assignment,ASG-003403,dept_id,D04,D05,시설 소관 이동을 따라
duty_assignment,ASG-003403,owner_staff_id,SD04-1,SD05-1,시설 소관 이동을 따라
duty_assignment,ASG-003403,deputy_staff_id,SD04-2,SD05-2,시설 소관 이동을 따라
duty_assignment,ASG-003405,dept_id,D04,D05,시설 소관 이동을 따라
duty_assignment,ASG-003405,owner_staff_id,SD04-1,SD05-1,시설 소관 이동을 따라
duty_assignment,ASG-003405,deputy_staff_id,SD04-2,SD05-2,시설 소관 이동을 따라
duty_assignment,ASG-003406,dept_id,D04,D05,시설 소관 이동을 따라
duty_assignment,ASG-003406,owner_staff_id,SD04-1,SD05-1,시설 소관 이동을 따라
duty_assignment,ASG-003406,deputy_staff_id,SD04-2,SD05-2,시설 소관 이동을 따라
duty_assignment,ASG-003407,dept_id,D04,D05,시설 소관 이동을 따라
duty_assignment,ASG-003407,owner_staff_id,SD04-1,SD05-1,시설 소관 이동을 따라
duty_assignment,ASG-003407,deputy_staff_id,SD04-2,SD05-2,시설 소관 이동을 따라
duty_assignment,ASG-003409,dept_id,D04,D05,시설 소관 이동을 따라
duty_assignment,ASG-003409,owner_staff_id,SD04-1,SD05-1,시설 소관 이동을 따라
duty_assignment,ASG-003409,deputy_staff_id,SD04-2,SD05-2,시설 소관 이동을 따라
duty_assignment,ASG-003410,dept_id,D04,D05,시설 소관 이동을 따라
duty_assignment,ASG-003410,owner_staff_id,SD04-1,SD05-1,시설 소관 이동을 따라
duty_assignment,ASG-003410,deputy_staff_id,SD04-2,SD05-2,시설 소관 이동을 따라
duty_assignment,ASG-003411,dept_id,D04,D05,시설 소관 이동을 따라
duty_assignment,ASG-003411,owner_staff_id,SD04-1,SD05-1,시설 소관 이동을 따라
duty_assignment,ASG-003411,deputy_staff_id,SD04-2,SD05-2,시설 소관 이동을 따라
duty_assignment,ASG-003416,dept_id,D04,D05,시설 소관 이동을 따라
duty_assignment,ASG-003416,owner_staff_id,SD04-1,SD05-1,시설 소관 이동을 따라
duty_assignment,ASG-003416,deputy_staff_id,SD04-2,SD05-2,시설 소관 이동을 따라
duty_assignment,ASG-003417,dept_id,D04,D05,시설 소관 이동을 따라
duty_assignment,ASG-003417,owner_staff_id,SD04-1,SD05-1,시설 소관 이동을 따라
duty_assignment,ASG-003417,deputy_staff_id,SD04-2,SD05-2,시설 소관 이동을 따라
duty_assignment,ASG-003418,dept_id,D04,D05,시설 소관 이동을 따라
duty_assignment,ASG-003418,owner_staff_id,SD04-1,SD05-1,시설 소관 이동을 따라
duty_assignment,ASG-003418,deputy_staff_id,SD04-2,SD05-2,시설 소관 이동을 따라
duty_assignment,ASG-003421,dept_id,D04,D05,시설 소관 이동을 따라
duty_assignment,ASG-003421,owner_staff_id,SD04-1,SD05-1,시설 소관 이동을 따라
duty_assignment,ASG-003421,deputy_staff_id,SD04-2,SD05-2,시설 소관 이동을 따라
duty_assignment,ASG-003422,dept_id,D04,D05,시설 소관 이동을 따라
duty_assignment,ASG-003422,owner_staff_id,SD04-1,SD05-1,시설 소관 이동을 따라
duty_assignment,ASG-003422,deputy_staff_id,SD04-2,SD05-2,시설 소관 이동을 따라
duty_assignment,ASG-003423,dept_id,D04,D05,시설 소관 이동을 따라
duty_assignment,ASG-003423,owner_staff_id,SD04-1,SD05-1,시설 소관 이동을 따라
duty_assignment,ASG-003423,deputy_staff_id,SD04-2,SD05-2,시설 소관 이동을 따라
duty_assignment,ASG-003425,dept_id,D04,D05,시설 소관 이동을 따라
duty_assignment,ASG-003425,owner_staff_id,SD04-1,SD05-1,시설 소관 이동을 따라
duty_assignment,ASG-003425,deputy_staff_id,SD04-2,SD05-2,시설 소관 이동을 따라
duty_assignment,ASG-003426,dept_id,D04,D05,시설 소관 이동을 따라
duty_assignment,ASG-003426,owner_staff_id,SD04-1,SD05-1,시설 소관 이동을 따라
duty_assignment,ASG-003426,deputy_staff_id,SD04-2,SD05-2,시설 소관 이동을 따라
duty_assignment,ASG-003427,dept_id,D04,D05,시설 소관 이동을 따라
duty_assignment,ASG-003427,owner_staff_id,SD04-1,SD05-1,시설 소관 이동을 따라
duty_assignment,ASG-003427,deputy_staff_id,SD04-2,SD05-2,시설 소관 이동을 따라
duty_assignment,ASG-003429,dept_id,D04,D05,시설 소관 이동을 따라
duty_assignment,ASG-003429,owner_staff_id,SD04-1,SD05-1,시설 소관 이동을 따라
duty_assignment,ASG-003429,deputy_staff_id,SD04-2,SD05-2,시설 소관 이동을 따라
duty_assignment,ASG-003430,dept_id,D04,D05,시설 소관 이동을 따라
duty_assignment,ASG-003430,owner_staff_id,SD04-1,SD05-1,시설 소관 이동을 따라
duty_assignment,ASG-003430,deputy_staff_id,SD04-2,SD05-2,시설 소관 이동을 따라
duty_assignment,ASG-003431,dept_id,D04,D05,시설 소관 이동을 따라
duty_assignment,ASG-003431,owner_staff_id,SD04-1,SD05-1,시설 소관 이동을 따라
duty_assignment,ASG-003431,deputy_staff_id,SD04-2,SD05-2,시설 소관 이동을 따라
duty_assignment,ASG-003433,dept_id,D04,D05,시설 소관 이동을 따라
duty_assignment,ASG-003433,owner_staff_id,SD04-1,SD05-1,시설 소관 이동을 따라
duty_assignment,ASG-003433,deputy_staff_id,SD04-2,SD05-2,시설 소관 이동을 따라
duty_assignment,ASG-003434,dept_id,D04,D05,시설 소관 이동을 따라
duty_assignment,ASG-003434,owner_staff_id,SD04-1,SD05-1,시설 소관 이동을 따라
duty_assignment,ASG-003434,deputy_staff_id,SD04-2,SD05-2,시설 소관 이동을 따라
duty_assignment,ASG-003435,dept_id,D04,D05,시설 소관 이동을 따라
duty_assignment,ASG-003435,owner_staff_id,SD04-1,SD05-1,시설 소관 이동을 따라
duty_assignment,ASG-003435,deputy_staff_id,SD04-2,SD05-2,시설 소관 이동을 따라
duty_assignment,ASG-003437,dept_id,D04,D05,시설 소관 이동을 따라
duty_assignment,ASG-003437,owner_staff_id,SD04-1,SD05-1,시설 소관 이동을 따라
duty_assignment,ASG-003437,deputy_staff_id,SD04-2,SD05-2,시설 소관 이동을 따라
duty_assignment,ASG-003438,dept_id,D04,D05,시설 소관 이동을 따라
duty_assignment,ASG-003438,owner_staff_id,SD04-1,SD05-1,시설 소관 이동을 따라
duty_assignment,ASG-003438,deputy_staff_id,SD04-2,SD05-2,시설 소관 이동을 따라
duty_assignment,ASG-003439,dept_id,D04,D05,시설 소관 이동을 따라
duty_assignment,ASG-003439,owner_staff_id,SD04-1,SD05-1,시설 소관 이동을 따라
duty_assignment,ASG-003439,deputy_staff_id,SD04-2,SD05-2,시설 소관 이동을 따라
duty_assignment,ASG-003441,dept_id,D04,D05,시설 소관 이동을 따라
duty_assignment,ASG-003441,owner_staff_id,SD04-1,SD05-1,시설 소관 이동을 따라
duty_assignment,ASG-003441,deputy_staff_id,SD04-2,SD05-2,시설 소관 이동을 따라
duty_assignment,ASG-003442,dept_id,D04,D05,시설 소관 이동을 따라
duty_assignment,ASG-003442,owner_staff_id,SD04-1,SD05-1,시설 소관 이동을 따라
duty_assignment,ASG-003442,deputy_staff_id,SD04-2,SD05-2,시설 소관 이동을 따라
duty_assignment,ASG-003443,dept_id,D04,D05,시설 소관 이동을 따라
duty_assignment,ASG-003443,owner_staff_id,SD04-1,SD05-1,시설 소관 이동을 따라
duty_assignment,ASG-003443,deputy_staff_id,SD04-2,SD05-2,시설 소관 이동을 따라
duty_assignment,ASG-003445,dept_id,D04,D05,시설 소관 이동을 따라
duty_assignment,ASG-003445,owner_staff_id,SD04-1,SD05-1,시설 소관 이동을 따라
duty_assignment,ASG-003445,deputy_staff_id,SD04-2,SD05-2,시설 소관 이동을 따라
duty_assignment,ASG-003446,dept_id,D04,D05,시설 소관 이동을 따라
duty_assignment,ASG-003446,owner_staff_id,SD04-1,SD05-1,시설 소관 이동을 따라
duty_assignment,ASG-003446,deputy_staff_id,SD04-2,SD05-2,시설 소관 이동을 따라
duty_assignment,ASG-003447,dept_id,D04,D05,시설 소관 이동을 따라
duty_assignment,ASG-003447,owner_staff_id,SD04-1,SD05-1,시설 소관 이동을 따라
duty_assignment,ASG-003447,deputy_staff_id,SD04-2,SD05-2,시설 소관 이동을 따라
duty_assignment,ASG-003449,dept_id,D04,D05,시설 소관 이동을 따라
duty_assignment,ASG-003449,owner_staff_id,SD04-1,SD05-1,시설 소관 이동을 따라
duty_assignment,ASG-003449,deputy_staff_id,SD04-2,SD05-2,시설 소관 이동을 따라
duty_assignment,ASG-003450,dept_id,D04,D05,시설 소관 이동을 따라
duty_assignment,ASG-003450,owner_staff_id,SD04-1,SD05-1,시설 소관 이동을 따라
duty_assignment,ASG-003450,deputy_staff_id,SD04-2,SD05-2,시설 소관 이동을 따라
duty_assignment,ASG-003451,dept_id,D04,D05,시설 소관 이동을 따라
duty_assignment,ASG-003451,owner_staff_id,SD04-1,SD05-1,시설 소관 이동을 따라
duty_assignment,ASG-003451,deputy_staff_id,SD04-2,SD05-2,시설 소관 이동을 따라
duty_assignment,ASG-003453,dept_id,D04,D05,시설 소관 이동을 따라
duty_assignment,ASG-003453,owner_staff_id,SD04-1,SD05-1,시설 소관 이동을 따라
duty_assignment,ASG-003453,deputy_staff_id,SD04-2,SD05-2,시설 소관 이동을 따라
duty_assignment,ASG-003454,dept_id,D04,D05,시설 소관 이동을 따라
duty_assignment,ASG-003454,owner_staff_id,SD04-1,SD05-1,시설 소관 이동을 따라
duty_assignment,ASG-003454,deputy_staff_id,SD04-2,SD05-2,시설 소관 이동을 따라
duty_assignment,ASG-003455,dept_id,D04,D05,시설 소관 이동을 따라
duty_assignment,ASG-003455,owner_staff_id,SD04-1,SD05-1,시설 소관 이동을 따라
duty_assignment,ASG-003455,deputy_staff_id,SD04-2,SD05-2,시설 소관 이동을 따라
duty_assignment,ASG-003457,dept_id,D04,D05,시설 소관 이동을 따라
duty_assignment,ASG-003457,owner_staff_id,SD04-1,SD05-1,시설 소관 이동을 따라
duty_assignment,ASG-003457,deputy_staff_id,SD04-2,SD05-2,시설 소관 이동을 따라
duty_assignment,ASG-003458,dept_id,D04,D05,시설 소관 이동을 따라
duty_assignment,ASG-003458,owner_staff_id,SD04-1,SD05-1,시설 소관 이동을 따라
duty_assignment,ASG-003458,deputy_staff_id,SD04-2,SD05-2,시설 소관 이동을 따라
duty_assignment,ASG-003459,dept_id,D04,D05,시설 소관 이동을 따라
duty_assignment,ASG-003459,owner_staff_id,SD04-1,SD05-1,시설 소관 이동을 따라
duty_assignment,ASG-003459,deputy_staff_id,SD04-2,SD05-2,시설 소관 이동을 따라
duty_assignment,ASG-003461,dept_id,D04,D05,시설 소관 이동을 따라
duty_assignment,ASG-003461,owner_staff_id,SD04-1,SD05-1,시설 소관 이동을 따라
duty_assignment,ASG-003461,deputy_staff_id,SD04-2,SD05-2,시설 소관 이동을 따라
duty_assignment,ASG-003462,dept_id,D04,D05,시설 소관 이동을 따라
duty_assignment,ASG-003462,owner_staff_id,SD04-1,SD05-1,시설 소관 이동을 따라
duty_assignment,ASG-003462,deputy_staff_id,SD04-2,SD05-2,시설 소관 이동을 따라
duty_assignment,ASG-003463,dept_id,D04,D05,시설 소관 이동을 따라
duty_assignment,ASG-003463,owner_staff_id,SD04-1,SD05-1,시설 소관 이동을 따라
duty_assignment,ASG-003463,deputy_staff_id,SD04-2,SD05-2,시설 소관 이동을 따라
duty_assignment,ASG-003465,dept_id,D04,D05,시설 소관 이동을 따라
duty_assignment,ASG-003465,owner_staff_id,SD04-1,SD05-1,시설 소관 이동을 따라
duty_assignment,ASG-003465,deputy_staff_id,SD04-2,SD05-2,시설 소관 이동을 따라
duty_assignment,ASG-003466,dept_id,D04,D05,시설 소관 이동을 따라
duty_assignment,ASG-003466,owner_staff_id,SD04-1,SD05-1,시설 소관 이동을 따라
duty_assignment,ASG-003466,deputy_staff_id,SD04-2,SD05-2,시설 소관 이동을 따라
duty_assignment,ASG-003467,dept_id,D04,D05,시설 소관 이동을 따라
duty_assignment,ASG-003467,owner_staff_id,SD04-1,SD05-1,시설 소관 이동을 따라
duty_assignment,ASG-003467,deputy_staff_id,SD04-2,SD05-2,시설 소관 이동을 따라
duty_assignment,ASG-003469,dept_id,D04,D05,시설 소관 이동을 따라
duty_assignment,ASG-003469,owner_staff_id,SD04-1,SD05-1,시설 소관 이동을 따라
duty_assignment,ASG-003469,deputy_staff_id,SD04-2,SD05-2,시설 소관 이동을 따라
duty_assignment,ASG-003470,dept_id,D04,D05,시설 소관 이동을 따라
duty_assignment,ASG-003470,owner_staff_id,SD04-1,SD05-1,시설 소관 이동을 따라
duty_assignment,ASG-003470,deputy_staff_id,SD04-2,SD05-2,시설 소관 이동을 따라
duty_assignment,ASG-003471,dept_id,D04,D05,시설 소관 이동을 따라
duty_assignment,ASG-003471,owner_staff_id,SD04-1,SD05-1,시설 소관 이동을 따라
duty_assignment,ASG-003471,deputy_staff_id,SD04-2,SD05-2,시설 소관 이동을 따라
duty_assignment,ASG-003473,dept_id,D04,D05,시설 소관 이동을 따라
duty_assignment,ASG-003473,owner_staff_id,SD04-1,SD05-1,시설 소관 이동을 따라
duty_assignment,ASG-003473,deputy_staff_id,SD04-2,SD05-2,시설 소관 이동을 따라
duty_assignment,ASG-003474,dept_id,D04,D05,시설 소관 이동을 따라
duty_assignment,ASG-003474,owner_staff_id,SD04-1,SD05-1,시설 소관 이동을 따라
duty_assignment,ASG-003474,deputy_staff_id,SD04-2,SD05-2,시설 소관 이동을 따라
duty_assignment,ASG-003475,dept_id,D04,D05,시설 소관 이동을 따라
duty_assignment,ASG-003475,owner_staff_id,SD04-1,SD05-1,시설 소관 이동을 따라
duty_assignment,ASG-003475,deputy_staff_id,SD04-2,SD05-2,시설 소관 이동을 따라
duty_assignment,ASG-003477,dept_id,D04,D05,시설 소관 이동을 따라
duty_assignment,ASG-003477,owner_staff_id,SD04-1,SD05-1,시설 소관 이동을 따라
duty_assignment,ASG-003477,deputy_staff_id,SD04-2,SD05-2,시설 소관 이동을 따라
duty_assignment,ASG-003478,dept_id,D04,D05,시설 소관 이동을 따라
duty_assignment,ASG-003478,owner_staff_id,SD04-1,SD05-1,시설 소관 이동을 따라
duty_assignment,ASG-003478,deputy_staff_id,SD04-2,SD05-2,시설 소관 이동을 따라
duty_assignment,ASG-003479,dept_id,D04,D05,시설 소관 이동을 따라
duty_assignment,ASG-003479,owner_staff_id,SD04-1,SD05-1,시설 소관 이동을 따라
duty_assignment,ASG-003479,deputy_staff_id,SD04-2,SD05-2,시설 소관 이동을 따라
duty_assignment,ASG-003481,dept_id,D04,D05,시설 소관 이동을 따라
duty_assignment,ASG-003481,owner_staff_id,SD04-1,SD05-1,시설 소관 이동을 따라
duty_assignment,ASG-003481,deputy_staff_id,SD04-2,SD05-2,시설 소관 이동을 따라
duty_assignment,ASG-003482,dept_id,D04,D05,시설 소관 이동을 따라
duty_assignment,ASG-003482,owner_staff_id,SD04-1,SD05-1,시설 소관 이동을 따라
duty_assignment,ASG-003482,deputy_staff_id,SD04-2,SD05-2,시설 소관 이동을 따라
duty_assignment,ASG-003483,dept_id,D04,D05,시설 소관 이동을 따라
duty_assignment,ASG-003483,owner_staff_id,SD04-1,SD05-1,시설 소관 이동을 따라
duty_assignment,ASG-003483,deputy_staff_id,SD04-2,SD05-2,시설 소관 이동을 따라
duty_assignment,ASG-003485,dept_id,D04,D05,시설 소관 이동을 따라
duty_assignment,ASG-003485,owner_staff_id,SD04-1,SD05-1,시설 소관 이동을 따라
duty_assignment,ASG-003485,deputy_staff_id,SD04-2,SD05-2,시설 소관 이동을 따라
duty_assignment,ASG-003486,dept_id,D04,D05,시설 소관 이동을 따라
duty_assignment,ASG-003486,owner_staff_id,SD04-1,SD05-1,시설 소관 이동을 따라
duty_assignment,ASG-003486,deputy_staff_id,SD04-2,SD05-2,시설 소관 이동을 따라
duty_assignment,ASG-003487,dept_id,D04,D05,시설 소관 이동을 따라
duty_assignment,ASG-003487,owner_staff_id,SD04-1,SD05-1,시설 소관 이동을 따라
duty_assignment,ASG-003487,deputy_staff_id,SD04-2,SD05-2,시설 소관 이동을 따라
duty_assignment,ASG-003489,dept_id,D04,D05,시설 소관 이동을 따라
duty_assignment,ASG-003489,owner_staff_id,SD04-1,SD05-1,시설 소관 이동을 따라
duty_assignment,ASG-003489,deputy_staff_id,SD04-2,SD05-2,시설 소관 이동을 따라
duty_assignment,ASG-003490,dept_id,D04,D05,시설 소관 이동을 따라
duty_assignment,ASG-003490,owner_staff_id,SD04-1,SD05-1,시설 소관 이동을 따라
duty_assignment,ASG-003490,deputy_staff_id,SD04-2,SD05-2,시설 소관 이동을 따라
duty_assignment,ASG-003491,dept_id,D04,D05,시설 소관 이동을 따라
duty_assignment,ASG-003491,owner_staff_id,SD04-1,SD05-1,시설 소관 이동을 따라
duty_assignment,ASG-003491,deputy_staff_id,SD04-2,SD05-2,시설 소관 이동을 따라
duty_assignment,ASG-003493,dept_id,D04,D05,시설 소관 이동을 따라
duty_assignment,ASG-003493,owner_staff_id,SD04-1,SD05-1,시설 소관 이동을 따라
duty_assignment,ASG-003493,deputy_staff_id,SD04-2,SD05-2,시설 소관 이동을 따라
duty_assignment,ASG-003494,dept_id,D04,D05,시설 소관 이동을 따라
duty_assignment,ASG-003494,owner_staff_id,SD04-1,SD05-1,시설 소관 이동을 따라
duty_assignment,ASG-003494,deputy_staff_id,SD04-2,SD05-2,시설 소관 이동을 따라
duty_assignment,ASG-003495,dept_id,D04,D05,시설 소관 이동을 따라
duty_assignment,ASG-003495,owner_staff_id,SD04-1,SD05-1,시설 소관 이동을 따라
duty_assignment,ASG-003495,deputy_staff_id,SD04-2,SD05-2,시설 소관 이동을 따라
duty_assignment,ASG-003497,dept_id,D04,D05,시설 소관 이동을 따라
duty_assignment,ASG-003497,owner_staff_id,SD04-1,SD05-1,시설 소관 이동을 따라
duty_assignment,ASG-003497,deputy_staff_id,SD04-2,SD05-2,시설 소관 이동을 따라
duty_assignment,ASG-003498,dept_id,D04,D05,시설 소관 이동을 따라
duty_assignment,ASG-003498,owner_staff_id,SD04-1,SD05-1,시설 소관 이동을 따라
duty_assignment,ASG-003498,deputy_staff_id,SD04-2,SD05-2,시설 소관 이동을 따라
duty_assignment,ASG-003499,dept_id,D04,D05,시설 소관 이동을 따라
duty_assignment,ASG-003499,owner_staff_id,SD04-1,SD05-1,시설 소관 이동을 따라
duty_assignment,ASG-003499,deputy_staff_id,SD04-2,SD05-2,시설 소관 이동을 따라
duty_assignment,ASG-003501,dept_id,D04,D05,시설 소관 이동을 따라
duty_assignment,ASG-003501,owner_staff_id,SD04-1,SD05-1,시설 소관 이동을 따라
duty_assignment,ASG-003501,deputy_staff_id,SD04-2,SD05-2,시설 소관 이동을 따라
duty_assignment,ASG-003502,dept_id,D04,D05,시설 소관 이동을 따라
duty_assignment,ASG-003502,owner_staff_id,SD04-1,SD05-1,시설 소관 이동을 따라
duty_assignment,ASG-003502,deputy_staff_id,SD04-2,SD05-2,시설 소관 이동을 따라
duty_assignment,ASG-003503,dept_id,D04,D05,시설 소관 이동을 따라
duty_assignment,ASG-003503,owner_staff_id,SD04-1,SD05-1,시설 소관 이동을 따라
duty_assignment,ASG-003503,deputy_staff_id,SD04-2,SD05-2,시설 소관 이동을 따라
duty_assignment,ASG-003505,dept_id,D04,D05,시설 소관 이동을 따라
duty_assignment,ASG-003505,owner_staff_id,SD04-1,SD05-1,시설 소관 이동을 따라
duty_assignment,ASG-003505,deputy_staff_id,SD04-2,SD05-2,시설 소관 이동을 따라
duty_assignment,ASG-003506,dept_id,D04,D05,시설 소관 이동을 따라
duty_assignment,ASG-003506,owner_staff_id,SD04-1,SD05-1,시설 소관 이동을 따라
duty_assignment,ASG-003506,deputy_staff_id,SD04-2,SD05-2,시설 소관 이동을 따라
duty_assignment,ASG-003507,dept_id,D04,D05,시설 소관 이동을 따라
duty_assignment,ASG-003507,owner_staff_id,SD04-1,SD05-1,시설 소관 이동을 따라
duty_assignment,ASG-003507,deputy_staff_id,SD04-2,SD05-2,시설 소관 이동을 따라
duty_assignment,ASG-003511,dept_id,D04,D05,시설 소관 이동을 따라
duty_assignment,ASG-003511,owner_staff_id,SD04-1,SD05-1,시설 소관 이동을 따라
duty_assignment,ASG-003511,deputy_staff_id,SD04-2,SD05-2,시설 소관 이동을 따라
duty_assignment,ASG-003512,dept_id,D04,D05,시설 소관 이동을 따라
duty_assignment,ASG-003512,owner_staff_id,SD04-1,SD05-1,시설 소관 이동을 따라
duty_assignment,ASG-003512,deputy_staff_id,SD04-2,SD05-2,시설 소관 이동을 따라
duty_assignment,ASG-003513,dept_id,D04,D05,시설 소관 이동을 따라
duty_assignment,ASG-003513,owner_staff_id,SD04-1,SD05-1,시설 소관 이동을 따라
duty_assignment,ASG-003513,deputy_staff_id,SD04-2,SD05-2,시설 소관 이동을 따라
duty_assignment,ASG-003515,dept_id,D04,D05,시설 소관 이동을 따라
duty_assignment,ASG-003515,owner_staff_id,SD04-1,SD05-1,시설 소관 이동을 따라
duty_assignment,ASG-003515,deputy_staff_id,SD04-2,SD05-2,시설 소관 이동을 따라
duty_assignment,ASG-003516,dept_id,D04,D05,시설 소관 이동을 따라
duty_assignment,ASG-003516,owner_staff_id,SD04-1,SD05-1,시설 소관 이동을 따라
duty_assignment,ASG-003516,deputy_staff_id,SD04-2,SD05-2,시설 소관 이동을 따라
duty_assignment,ASG-003517,dept_id,D04,D05,시설 소관 이동을 따라
duty_assignment,ASG-003517,owner_staff_id,SD04-1,SD05-1,시설 소관 이동을 따라
duty_assignment,ASG-003517,deputy_staff_id,SD04-2,SD05-2,시설 소관 이동을 따라
duty_assignment,ASG-003519,dept_id,D04,D05,시설 소관 이동을 따라
duty_assignment,ASG-003519,owner_staff_id,SD04-1,SD05-1,시설 소관 이동을 따라
duty_assignment,ASG-003519,deputy_staff_id,SD04-2,SD05-2,시설 소관 이동을 따라
duty_assignment,ASG-003520,dept_id,D04,D05,시설 소관 이동을 따라
duty_assignment,ASG-003520,owner_staff_id,SD04-1,SD05-1,시설 소관 이동을 따라
duty_assignment,ASG-003520,deputy_staff_id,SD04-2,SD05-2,시설 소관 이동을 따라
duty_assignment,ASG-003521,dept_id,D04,D05,시설 소관 이동을 따라
duty_assignment,ASG-003521,owner_staff_id,SD04-1,SD05-1,시설 소관 이동을 따라
duty_assignment,ASG-003521,deputy_staff_id,SD04-2,SD05-2,시설 소관 이동을 따라
duty_assignment,ASG-003523,dept_id,D04,D05,시설 소관 이동을 따라
duty_assignment,ASG-003523,owner_staff_id,SD04-1,SD05-1,시설 소관 이동을 따라
duty_assignment,ASG-003523,deputy_staff_id,SD04-2,SD05-2,시설 소관 이동을 따라
duty_assignment,ASG-003524,dept_id,D04,D05,시설 소관 이동을 따라
duty_assignment,ASG-003524,owner_staff_id,SD04-1,SD05-1,시설 소관 이동을 따라
duty_assignment,ASG-003524,deputy_staff_id,SD04-2,SD05-2,시설 소관 이동을 따라
duty_assignment,ASG-003525,dept_id,D04,D05,시설 소관 이동을 따라
duty_assignment,ASG-003525,owner_staff_id,SD04-1,SD05-1,시설 소관 이동을 따라
duty_assignment,ASG-003525,deputy_staff_id,SD04-2,SD05-2,시설 소관 이동을 따라
duty_assignment,ASG-003527,dept_id,D04,D05,시설 소관 이동을 따라
duty_assignment,ASG-003527,owner_staff_id,SD04-1,SD05-1,시설 소관 이동을 따라
duty_assignment,ASG-003527,deputy_staff_id,SD04-2,SD05-2,시설 소관 이동을 따라
duty_assignment,ASG-003528,dept_id,D04,D05,시설 소관 이동을 따라
duty_assignment,ASG-003528,owner_staff_id,SD04-1,SD05-1,시설 소관 이동을 따라
duty_assignment,ASG-003528,deputy_staff_id,SD04-2,SD05-2,시설 소관 이동을 따라
duty_assignment,ASG-003529,dept_id,D04,D05,시설 소관 이동을 따라
duty_assignment,ASG-003529,owner_staff_id,SD04-1,SD05-1,시설 소관 이동을 따라
duty_assignment,ASG-003529,deputy_staff_id,SD04-2,SD05-2,시설 소관 이동을 따라
duty_assignment,ASG-003531,dept_id,D04,D05,시설 소관 이동을 따라
duty_assignment,ASG-003531,owner_staff_id,SD04-1,SD05-1,시설 소관 이동을 따라
duty_assignment,ASG-003531,deputy_staff_id,SD04-2,SD05-2,시설 소관 이동을 따라
duty_assignment,ASG-003532,dept_id,D04,D05,시설 소관 이동을 따라
duty_assignment,ASG-003532,owner_staff_id,SD04-1,SD05-1,시설 소관 이동을 따라
duty_assignment,ASG-003532,deputy_staff_id,SD04-2,SD05-2,시설 소관 이동을 따라
duty_assignment,ASG-003533,dept_id,D04,D05,시설 소관 이동을 따라
duty_assignment,ASG-003533,owner_staff_id,SD04-1,SD05-1,시설 소관 이동을 따라
duty_assignment,ASG-003533,deputy_staff_id,SD04-2,SD05-2,시설 소관 이동을 따라
duty_assignment,ASG-003535,dept_id,D04,D05,시설 소관 이동을 따라
duty_assignment,ASG-003535,owner_staff_id,SD04-1,SD05-1,시설 소관 이동을 따라
duty_assignment,ASG-003535,deputy_staff_id,SD04-2,SD05-2,시설 소관 이동을 따라
duty_assignment,ASG-003536,dept_id,D04,D05,시설 소관 이동을 따라
duty_assignment,ASG-003536,owner_staff_id,SD04-1,SD05-1,시설 소관 이동을 따라
duty_assignment,ASG-003536,deputy_staff_id,SD04-2,SD05-2,시설 소관 이동을 따라
duty_assignment,ASG-003537,dept_id,D04,D05,시설 소관 이동을 따라
duty_assignment,ASG-003537,owner_staff_id,SD04-1,SD05-1,시설 소관 이동을 따라
duty_assignment,ASG-003537,deputy_staff_id,SD04-2,SD05-2,시설 소관 이동을 따라
duty_assignment,ASG-003539,dept_id,D04,D05,시설 소관 이동을 따라
duty_assignment,ASG-003539,owner_staff_id,SD04-1,SD05-1,시설 소관 이동을 따라
duty_assignment,ASG-003539,deputy_staff_id,SD04-2,SD05-2,시설 소관 이동을 따라
duty_assignment,ASG-003540,dept_id,D04,D05,시설 소관 이동을 따라
duty_assignment,ASG-003540,owner_staff_id,SD04-1,SD05-1,시설 소관 이동을 따라
duty_assignment,ASG-003540,deputy_staff_id,SD04-2,SD05-2,시설 소관 이동을 따라
duty_assignment,ASG-003541,dept_id,D04,D05,시설 소관 이동을 따라
duty_assignment,ASG-003541,owner_staff_id,SD04-1,SD05-1,시설 소관 이동을 따라
duty_assignment,ASG-003541,deputy_staff_id,SD04-2,SD05-2,시설 소관 이동을 따라
duty_assignment,ASG-003543,dept_id,D04,D05,시설 소관 이동을 따라
duty_assignment,ASG-003543,owner_staff_id,SD04-1,SD05-1,시설 소관 이동을 따라
duty_assignment,ASG-003543,deputy_staff_id,SD04-2,SD05-2,시설 소관 이동을 따라
duty_assignment,ASG-003544,dept_id,D04,D05,시설 소관 이동을 따라
duty_assignment,ASG-003544,owner_staff_id,SD04-1,SD05-1,시설 소관 이동을 따라
duty_assignment,ASG-003544,deputy_staff_id,SD04-2,SD05-2,시설 소관 이동을 따라
duty_assignment,ASG-003545,dept_id,D04,D05,시설 소관 이동을 따라
duty_assignment,ASG-003545,owner_staff_id,SD04-1,SD05-1,시설 소관 이동을 따라
duty_assignment,ASG-003545,deputy_staff_id,SD04-2,SD05-2,시설 소관 이동을 따라
duty_assignment,ASG-003547,dept_id,D04,D05,시설 소관 이동을 따라
duty_assignment,ASG-003547,owner_staff_id,SD04-1,SD05-1,시설 소관 이동을 따라
duty_assignment,ASG-003547,deputy_staff_id,SD04-2,SD05-2,시설 소관 이동을 따라
duty_assignment,ASG-003548,dept_id,D04,D05,시설 소관 이동을 따라
duty_assignment,ASG-003548,owner_staff_id,SD04-1,SD05-1,시설 소관 이동을 따라
duty_assignment,ASG-003548,deputy_staff_id,SD04-2,SD05-2,시설 소관 이동을 따라
duty_assignment,ASG-003549,dept_id,D04,D05,시설 소관 이동을 따라
duty_assignment,ASG-003549,owner_staff_id,SD04-1,SD05-1,시설 소관 이동을 따라
duty_assignment,ASG-003549,deputy_staff_id,SD04-2,SD05-2,시설 소관 이동을 따라
duty_assignment,ASG-003551,dept_id,D04,D05,시설 소관 이동을 따라
duty_assignment,ASG-003551,owner_staff_id,SD04-1,SD05-1,시설 소관 이동을 따라
duty_assignment,ASG-003551,deputy_staff_id,SD04-2,SD05-2,시설 소관 이동을 따라
duty_assignment,ASG-003552,dept_id,D04,D05,시설 소관 이동을 따라
duty_assignment,ASG-003552,owner_staff_id,SD04-1,SD05-1,시설 소관 이동을 따라
duty_assignment,ASG-003552,deputy_staff_id,SD04-2,SD05-2,시설 소관 이동을 따라
duty_assignment,ASG-003553,dept_id,D04,D05,시설 소관 이동을 따라
duty_assignment,ASG-003553,owner_staff_id,SD04-1,SD05-1,시설 소관 이동을 따라
duty_assignment,ASG-003553,deputy_staff_id,SD04-2,SD05-2,시설 소관 이동을 따라
duty_assignment,ASG-003555,dept_id,D04,D05,시설 소관 이동을 따라
duty_assignment,ASG-003555,owner_staff_id,SD04-1,SD05-1,시설 소관 이동을 따라
duty_assignment,ASG-003555,deputy_staff_id,SD04-2,SD05-2,시설 소관 이동을 따라
duty_assignment,ASG-003556,dept_id,D04,D05,시설 소관 이동을 따라
duty_assignment,ASG-003556,owner_staff_id,SD04-1,SD05-1,시설 소관 이동을 따라
duty_assignment,ASG-003556,deputy_staff_id,SD04-2,SD05-2,시설 소관 이동을 따라
duty_assignment,ASG-003557,dept_id,D04,D05,시설 소관 이동을 따라
duty_assignment,ASG-003557,owner_staff_id,SD04-1,SD05-1,시설 소관 이동을 따라
duty_assignment,ASG-003557,deputy_staff_id,SD04-2,SD05-2,시설 소관 이동을 따라
duty_assignment,ASG-003559,dept_id,D04,D05,시설 소관 이동을 따라
duty_assignment,ASG-003559,owner_staff_id,SD04-1,SD05-1,시설 소관 이동을 따라
duty_assignment,ASG-003559,deputy_staff_id,SD04-2,SD05-2,시설 소관 이동을 따라
duty_assignment,ASG-003560,dept_id,D04,D05,시설 소관 이동을 따라
duty_assignment,ASG-003560,owner_staff_id,SD04-1,SD05-1,시설 소관 이동을 따라
duty_assignment,ASG-003560,deputy_staff_id,SD04-2,SD05-2,시설 소관 이동을 따라
duty_assignment,ASG-003561,dept_id,D04,D05,시설 소관 이동을 따라
duty_assignment,ASG-003561,owner_staff_id,SD04-1,SD05-1,시설 소관 이동을 따라
duty_assignment,ASG-003561,deputy_staff_id,SD04-2,SD05-2,시설 소관 이동을 따라
duty_assignment,ASG-003563,dept_id,D04,D05,시설 소관 이동을 따라
duty_assignment,ASG-003563,owner_staff_id,SD04-1,SD05-1,시설 소관 이동을 따라
duty_assignment,ASG-003563,deputy_staff_id,SD04-2,SD05-2,시설 소관 이동을 따라
duty_assignment,ASG-003564,dept_id,D04,D05,시설 소관 이동을 따라
duty_assignment,ASG-003564,owner_staff_id,SD04-1,SD05-1,시설 소관 이동을 따라
duty_assignment,ASG-003564,deputy_staff_id,SD04-2,SD05-2,시설 소관 이동을 따라
duty_assignment,ASG-003565,dept_id,D04,D05,시설 소관 이동을 따라
duty_assignment,ASG-003565,owner_staff_id,SD04-1,SD05-1,시설 소관 이동을 따라
duty_assignment,ASG-003565,deputy_staff_id,SD04-2,SD05-2,시설 소관 이동을 따라
duty_assignment,ASG-003576,dept_id,D04,D05,시설 소관 이동을 따라
duty_assignment,ASG-003576,owner_staff_id,SD04-1,SD05-1,시설 소관 이동을 따라
duty_assignment,ASG-003576,deputy_staff_id,SD04-2,SD05-2,시설 소관 이동을 따라
duty_assignment,ASG-003577,dept_id,D04,D05,시설 소관 이동을 따라
duty_assignment,ASG-003577,owner_staff_id,SD04-1,SD05-1,시설 소관 이동을 따라
duty_assignment,ASG-003577,deputy_staff_id,SD04-2,SD05-2,시설 소관 이동을 따라
duty_assignment,ASG-003578,dept_id,D04,D05,시설 소관 이동을 따라
duty_assignment,ASG-003578,owner_staff_id,SD04-1,SD05-1,시설 소관 이동을 따라
duty_assignment,ASG-003578,deputy_staff_id,SD04-2,SD05-2,시설 소관 이동을 따라
duty_assignment,ASG-003580,dept_id,D04,D05,시설 소관 이동을 따라
duty_assignment,ASG-003580,owner_staff_id,SD04-1,SD05-1,시설 소관 이동을 따라
duty_assignment,ASG-003580,deputy_staff_id,SD04-2,SD05-2,시설 소관 이동을 따라
duty_assignment,ASG-003581,dept_id,D04,D05,시설 소관 이동을 따라
duty_assignment,ASG-003581,owner_staff_id,SD04-1,SD05-1,시설 소관 이동을 따라
duty_assignment,ASG-003581,deputy_staff_id,SD04-2,SD05-2,시설 소관 이동을 따라
duty_assignment,ASG-003582,dept_id,D04,D05,시설 소관 이동을 따라
duty_assignment,ASG-003582,owner_staff_id,SD04-1,SD05-1,시설 소관 이동을 따라
duty_assignment,ASG-003582,deputy_staff_id,SD04-2,SD05-2,시설 소관 이동을 따라
duty_assignment,ASG-003584,dept_id,D04,D05,시설 소관 이동을 따라
duty_assignment,ASG-003584,owner_staff_id,SD04-1,SD05-1,시설 소관 이동을 따라
duty_assignment,ASG-003584,deputy_staff_id,SD04-2,SD05-2,시설 소관 이동을 따라
duty_assignment,ASG-003585,dept_id,D04,D05,시설 소관 이동을 따라
duty_assignment,ASG-003585,owner_staff_id,SD04-1,SD05-1,시설 소관 이동을 따라
duty_assignment,ASG-003585,deputy_staff_id,SD04-2,SD05-2,시설 소관 이동을 따라
duty_assignment,ASG-003586,dept_id,D04,D05,시설 소관 이동을 따라
duty_assignment,ASG-003586,owner_staff_id,SD04-1,SD05-1,시설 소관 이동을 따라
duty_assignment,ASG-003586,deputy_staff_id,SD04-2,SD05-2,시설 소관 이동을 따라
duty_assignment,ASG-003588,dept_id,D04,D05,시설 소관 이동을 따라
duty_assignment,ASG-003588,owner_staff_id,SD04-1,SD05-1,시설 소관 이동을 따라
duty_assignment,ASG-003588,deputy_staff_id,SD04-2,SD05-2,시설 소관 이동을 따라
duty_assignment,ASG-003589,dept_id,D04,D05,시설 소관 이동을 따라
duty_assignment,ASG-003589,owner_staff_id,SD04-1,SD05-1,시설 소관 이동을 따라
duty_assignment,ASG-003589,deputy_staff_id,SD04-2,SD05-2,시설 소관 이동을 따라
duty_assignment,ASG-003590,dept_id,D04,D05,시설 소관 이동을 따라
duty_assignment,ASG-003590,owner_staff_id,SD04-1,SD05-1,시설 소관 이동을 따라
duty_assignment,ASG-003590,deputy_staff_id,SD04-2,SD05-2,시설 소관 이동을 따라
duty_assignment,ASG-003592,dept_id,D04,D05,시설 소관 이동을 따라
duty_assignment,ASG-003592,owner_staff_id,SD04-1,SD05-1,시설 소관 이동을 따라
duty_assignment,ASG-003592,deputy_staff_id,SD04-2,SD05-2,시설 소관 이동을 따라
duty_assignment,ASG-003593,dept_id,D04,D05,시설 소관 이동을 따라
duty_assignment,ASG-003593,owner_staff_id,SD04-1,SD05-1,시설 소관 이동을 따라
duty_assignment,ASG-003593,deputy_staff_id,SD04-2,SD05-2,시설 소관 이동을 따라
duty_assignment,ASG-003594,dept_id,D04,D05,시설 소관 이동을 따라
duty_assignment,ASG-003594,owner_staff_id,SD04-1,SD05-1,시설 소관 이동을 따라
duty_assignment,ASG-003594,deputy_staff_id,SD04-2,SD05-2,시설 소관 이동을 따라
duty_assignment,ASG-003596,dept_id,D04,D05,시설 소관 이동을 따라
duty_assignment,ASG-003596,owner_staff_id,SD04-1,SD05-1,시설 소관 이동을 따라
duty_assignment,ASG-003596,deputy_staff_id,SD04-2,SD05-2,시설 소관 이동을 따라
duty_assignment,ASG-003597,dept_id,D04,D05,시설 소관 이동을 따라
duty_assignment,ASG-003597,owner_staff_id,SD04-1,SD05-1,시설 소관 이동을 따라
duty_assignment,ASG-003597,deputy_staff_id,SD04-2,SD05-2,시설 소관 이동을 따라
duty_assignment,ASG-003598,dept_id,D04,D05,시설 소관 이동을 따라
duty_assignment,ASG-003598,owner_staff_id,SD04-1,SD05-1,시설 소관 이동을 따라
duty_assignment,ASG-003598,deputy_staff_id,SD04-2,SD05-2,시설 소관 이동을 따라
duty_assignment,ASG-003600,dept_id,D04,D05,시설 소관 이동을 따라
duty_assignment,ASG-003600,owner_staff_id,SD04-1,SD05-1,시설 소관 이동을 따라
duty_assignment,ASG-003600,deputy_staff_id,SD04-2,SD05-2,시설 소관 이동을 따라
duty_assignment,ASG-003601,dept_id,D04,D05,시설 소관 이동을 따라
duty_assignment,ASG-003601,owner_staff_id,SD04-1,SD05-1,시설 소관 이동을 따라
duty_assignment,ASG-003601,deputy_staff_id,SD04-2,SD05-2,시설 소관 이동을 따라
duty_assignment,ASG-003602,dept_id,D04,D05,시설 소관 이동을 따라
duty_assignment,ASG-003602,owner_staff_id,SD04-1,SD05-1,시설 소관 이동을 따라
duty_assignment,ASG-003602,deputy_staff_id,SD04-2,SD05-2,시설 소관 이동을 따라
duty_assignment,ASG-003604,dept_id,D04,D05,시설 소관 이동을 따라
duty_assignment,ASG-003604,owner_staff_id,SD04-1,SD05-1,시설 소관 이동을 따라
duty_assignment,ASG-003604,deputy_staff_id,SD04-2,SD05-2,시설 소관 이동을 따라
duty_assignment,ASG-003605,dept_id,D04,D05,시설 소관 이동을 따라
duty_assignment,ASG-003605,owner_staff_id,SD04-1,SD05-1,시설 소관 이동을 따라
duty_assignment,ASG-003605,deputy_staff_id,SD04-2,SD05-2,시설 소관 이동을 따라
duty_assignment,ASG-003606,dept_id,D04,D05,시설 소관 이동을 따라
duty_assignment,ASG-003606,owner_staff_id,SD04-1,SD05-1,시설 소관 이동을 따라
duty_assignment,ASG-003606,deputy_staff_id,SD04-2,SD05-2,시설 소관 이동을 따라
duty_assignment,ASG-003608,dept_id,D04,D05,시설 소관 이동을 따라
duty_assignment,ASG-003608,owner_staff_id,SD04-1,SD05-1,시설 소관 이동을 따라
duty_assignment,ASG-003608,deputy_staff_id,SD04-2,SD05-2,시설 소관 이동을 따라
duty_assignment,ASG-003609,dept_id,D04,D05,시설 소관 이동을 따라
duty_assignment,ASG-003609,owner_staff_id,SD04-1,SD05-1,시설 소관 이동을 따라
duty_assignment,ASG-003609,deputy_staff_id,SD04-2,SD05-2,시설 소관 이동을 따라
duty_assignment,ASG-003610,dept_id,D04,D05,시설 소관 이동을 따라
duty_assignment,ASG-003610,owner_staff_id,SD04-1,SD05-1,시설 소관 이동을 따라
duty_assignment,ASG-003610,deputy_staff_id,SD04-2,SD05-2,시설 소관 이동을 따라
duty_assignment,ASG-003612,dept_id,D04,D05,시설 소관 이동을 따라
duty_assignment,ASG-003612,owner_staff_id,SD04-1,SD05-1,시설 소관 이동을 따라
duty_assignment,ASG-003612,deputy_staff_id,SD04-2,SD05-2,시설 소관 이동을 따라
duty_assignment,ASG-003613,dept_id,D04,D05,시설 소관 이동을 따라
duty_assignment,ASG-003613,owner_staff_id,SD04-1,SD05-1,시설 소관 이동을 따라
duty_assignment,ASG-003613,deputy_staff_id,SD04-2,SD05-2,시설 소관 이동을 따라
duty_assignment,ASG-003614,dept_id,D04,D05,시설 소관 이동을 따라
duty_assignment,ASG-003614,owner_staff_id,SD04-1,SD05-1,시설 소관 이동을 따라
duty_assignment,ASG-003614,deputy_staff_id,SD04-2,SD05-2,시설 소관 이동을 따라
duty_assignment,ASG-003616,dept_id,D04,D05,시설 소관 이동을 따라
duty_assignment,ASG-003616,owner_staff_id,SD04-1,SD05-1,시설 소관 이동을 따라
duty_assignment,ASG-003616,deputy_staff_id,SD04-2,SD05-2,시설 소관 이동을 따라
duty_assignment,ASG-003617,dept_id,D04,D05,시설 소관 이동을 따라
duty_assignment,ASG-003617,owner_staff_id,SD04-1,SD05-1,시설 소관 이동을 따라
duty_assignment,ASG-003617,deputy_staff_id,SD04-2,SD05-2,시설 소관 이동을 따라
duty_assignment,ASG-003618,dept_id,D04,D05,시설 소관 이동을 따라
duty_assignment,ASG-003618,owner_staff_id,SD04-1,SD05-1,시설 소관 이동을 따라
duty_assignment,ASG-003618,deputy_staff_id,SD04-2,SD05-2,시설 소관 이동을 따라
duty_assignment,ASG-003620,dept_id,D04,D05,시설 소관 이동을 따라
duty_assignment,ASG-003620,owner_staff_id,SD04-1,SD05-1,시설 소관 이동을 따라
duty_assignment,ASG-003620,deputy_staff_id,SD04-2,SD05-2,시설 소관 이동을 따라
duty_assignment,ASG-003621,dept_id,D04,D05,시설 소관 이동을 따라
duty_assignment,ASG-003621,owner_staff_id,SD04-1,SD05-1,시설 소관 이동을 따라
duty_assignment,ASG-003621,deputy_staff_id,SD04-2,SD05-2,시설 소관 이동을 따라
duty_assignment,ASG-003622,dept_id,D04,D05,시설 소관 이동을 따라
duty_assignment,ASG-003622,owner_staff_id,SD04-1,SD05-1,시설 소관 이동을 따라
duty_assignment,ASG-003622,deputy_staff_id,SD04-2,SD05-2,시설 소관 이동을 따라
duty_assignment,ASG-003624,dept_id,D04,D05,시설 소관 이동을 따라
duty_assignment,ASG-003624,owner_staff_id,SD04-1,SD05-1,시설 소관 이동을 따라
duty_assignment,ASG-003624,deputy_staff_id,SD04-2,SD05-2,시설 소관 이동을 따라
duty_assignment,ASG-003625,dept_id,D04,D05,시설 소관 이동을 따라
duty_assignment,ASG-003625,owner_staff_id,SD04-1,SD05-1,시설 소관 이동을 따라
duty_assignment,ASG-003625,deputy_staff_id,SD04-2,SD05-2,시설 소관 이동을 따라
duty_assignment,ASG-003626,dept_id,D04,D05,시설 소관 이동을 따라
duty_assignment,ASG-003626,owner_staff_id,SD04-1,SD05-1,시설 소관 이동을 따라
duty_assignment,ASG-003626,deputy_staff_id,SD04-2,SD05-2,시설 소관 이동을 따라
duty_assignment,ASG-003628,dept_id,D04,D05,시설 소관 이동을 따라
duty_assignment,ASG-003628,owner_staff_id,SD04-1,SD05-1,시설 소관 이동을 따라
duty_assignment,ASG-003628,deputy_staff_id,SD04-2,SD05-2,시설 소관 이동을 따라
duty_assignment,ASG-003629,dept_id,D04,D05,시설 소관 이동을 따라
duty_assignment,ASG-003629,owner_staff_id,SD04-1,SD05-1,시설 소관 이동을 따라
duty_assignment,ASG-003629,deputy_staff_id,SD04-2,SD05-2,시설 소관 이동을 따라
duty_assignment,ASG-003630,dept_id,D04,D05,시설 소관 이동을 따라
duty_assignment,ASG-003630,owner_staff_id,SD04-1,SD05-1,시설 소관 이동을 따라
duty_assignment,ASG-003630,deputy_staff_id,SD04-2,SD05-2,시설 소관 이동을 따라
duty_assignment,ASG-003632,dept_id,D04,D05,시설 소관 이동을 따라
duty_assignment,ASG-003632,owner_staff_id,SD04-1,SD05-1,시설 소관 이동을 따라
duty_assignment,ASG-003632,deputy_staff_id,SD04-2,SD05-2,시설 소관 이동을 따라
duty_assignment,ASG-003633,dept_id,D04,D05,시설 소관 이동을 따라
duty_assignment,ASG-003633,owner_staff_id,SD04-1,SD05-1,시설 소관 이동을 따라
duty_assignment,ASG-003633,deputy_staff_id,SD04-2,SD05-2,시설 소관 이동을 따라
duty_assignment,ASG-003634,dept_id,D04,D05,시설 소관 이동을 따라
duty_assignment,ASG-003634,owner_staff_id,SD04-1,SD05-1,시설 소관 이동을 따라
duty_assignment,ASG-003634,deputy_staff_id,SD04-2,SD05-2,시설 소관 이동을 따라
duty_assignment,ASG-003636,dept_id,D04,D05,시설 소관 이동을 따라
duty_assignment,ASG-003636,owner_staff_id,SD04-1,SD05-1,시설 소관 이동을 따라
duty_assignment,ASG-003636,deputy_staff_id,SD04-2,SD05-2,시설 소관 이동을 따라
duty_assignment,ASG-003637,dept_id,D04,D05,시설 소관 이동을 따라
duty_assignment,ASG-003637,owner_staff_id,SD04-1,SD05-1,시설 소관 이동을 따라
duty_assignment,ASG-003637,deputy_staff_id,SD04-2,SD05-2,시설 소관 이동을 따라
duty_assignment,ASG-003638,dept_id,D04,D05,시설 소관 이동을 따라
duty_assignment,ASG-003638,owner_staff_id,SD04-1,SD05-1,시설 소관 이동을 따라
duty_assignment,ASG-003638,deputy_staff_id,SD04-2,SD05-2,시설 소관 이동을 따라
duty_assignment,ASG-003644,dept_id,D04,D05,시설 소관 이동을 따라
duty_assignment,ASG-003644,owner_staff_id,SD04-1,SD05-1,시설 소관 이동을 따라
duty_assignment,ASG-003644,deputy_staff_id,SD04-2,SD05-2,시설 소관 이동을 따라
duty_assignment,ASG-003645,dept_id,D04,D05,시설 소관 이동을 따라
duty_assignment,ASG-003645,owner_staff_id,SD04-1,SD05-1,시설 소관 이동을 따라
duty_assignment,ASG-003645,deputy_staff_id,SD04-2,SD05-2,시설 소관 이동을 따라
duty_assignment,ASG-003646,dept_id,D04,D05,시설 소관 이동을 따라
duty_assignment,ASG-003646,owner_staff_id,SD04-1,SD05-1,시설 소관 이동을 따라
duty_assignment,ASG-003646,deputy_staff_id,SD04-2,SD05-2,시설 소관 이동을 따라
duty_assignment,ASG-003648,dept_id,D04,D05,시설 소관 이동을 따라
duty_assignment,ASG-003648,owner_staff_id,SD04-1,SD05-1,시설 소관 이동을 따라
duty_assignment,ASG-003648,deputy_staff_id,SD04-2,SD05-2,시설 소관 이동을 따라
duty_assignment,ASG-003649,dept_id,D04,D05,시설 소관 이동을 따라
duty_assignment,ASG-003649,owner_staff_id,SD04-1,SD05-1,시설 소관 이동을 따라
duty_assignment,ASG-003649,deputy_staff_id,SD04-2,SD05-2,시설 소관 이동을 따라
duty_assignment,ASG-003650,dept_id,D04,D05,시설 소관 이동을 따라
duty_assignment,ASG-003650,owner_staff_id,SD04-1,SD05-1,시설 소관 이동을 따라
duty_assignment,ASG-003650,deputy_staff_id,SD04-2,SD05-2,시설 소관 이동을 따라
duty_assignment,ASG-003652,dept_id,D04,D05,시설 소관 이동을 따라
duty_assignment,ASG-003652,owner_staff_id,SD04-1,SD05-1,시설 소관 이동을 따라
duty_assignment,ASG-003652,deputy_staff_id,SD04-2,SD05-2,시설 소관 이동을 따라
duty_assignment,ASG-003653,dept_id,D04,D05,시설 소관 이동을 따라
duty_assignment,ASG-003653,owner_staff_id,SD04-1,SD05-1,시설 소관 이동을 따라
duty_assignment,ASG-003653,deputy_staff_id,SD04-2,SD05-2,시설 소관 이동을 따라
duty_assignment,ASG-003654,dept_id,D04,D05,시설 소관 이동을 따라
duty_assignment,ASG-003654,owner_staff_id,SD04-1,SD05-1,시설 소관 이동을 따라
duty_assignment,ASG-003654,deputy_staff_id,SD04-2,SD05-2,시설 소관 이동을 따라
duty_assignment,ASG-003656,dept_id,D04,D05,시설 소관 이동을 따라
duty_assignment,ASG-003656,owner_staff_id,SD04-1,SD05-1,시설 소관 이동을 따라
duty_assignment,ASG-003656,deputy_staff_id,SD04-2,SD05-2,시설 소관 이동을 따라
duty_assignment,ASG-003657,dept_id,D04,D05,시설 소관 이동을 따라
duty_assignment,ASG-003657,owner_staff_id,SD04-1,SD05-1,시설 소관 이동을 따라
duty_assignment,ASG-003657,deputy_staff_id,SD04-2,SD05-2,시설 소관 이동을 따라
duty_assignment,ASG-003658,dept_id,D04,D05,시설 소관 이동을 따라
duty_assignment,ASG-003658,owner_staff_id,SD04-1,SD05-1,시설 소관 이동을 따라
duty_assignment,ASG-003658,deputy_staff_id,SD04-2,SD05-2,시설 소관 이동을 따라
duty_assignment,ASG-003660,dept_id,D04,D05,시설 소관 이동을 따라
duty_assignment,ASG-003660,owner_staff_id,SD04-1,SD05-1,시설 소관 이동을 따라
duty_assignment,ASG-003660,deputy_staff_id,SD04-2,SD05-2,시설 소관 이동을 따라
duty_assignment,ASG-003661,dept_id,D04,D05,시설 소관 이동을 따라
duty_assignment,ASG-003661,owner_staff_id,SD04-1,SD05-1,시설 소관 이동을 따라
duty_assignment,ASG-003661,deputy_staff_id,SD04-2,SD05-2,시설 소관 이동을 따라
duty_assignment,ASG-003662,dept_id,D04,D05,시설 소관 이동을 따라
duty_assignment,ASG-003662,owner_staff_id,SD04-1,SD05-1,시설 소관 이동을 따라
duty_assignment,ASG-003662,deputy_staff_id,SD04-2,SD05-2,시설 소관 이동을 따라
duty_assignment,ASG-003664,dept_id,D04,D05,시설 소관 이동을 따라
duty_assignment,ASG-003664,owner_staff_id,SD04-1,SD05-1,시설 소관 이동을 따라
duty_assignment,ASG-003664,deputy_staff_id,SD04-2,SD05-2,시설 소관 이동을 따라
duty_assignment,ASG-003665,dept_id,D04,D05,시설 소관 이동을 따라
duty_assignment,ASG-003665,owner_staff_id,SD04-1,SD05-1,시설 소관 이동을 따라
duty_assignment,ASG-003665,deputy_staff_id,SD04-2,SD05-2,시설 소관 이동을 따라
duty_assignment,ASG-003666,dept_id,D04,D05,시설 소관 이동을 따라
duty_assignment,ASG-003666,owner_staff_id,SD04-1,SD05-1,시설 소관 이동을 따라
duty_assignment,ASG-003666,deputy_staff_id,SD04-2,SD05-2,시설 소관 이동을 따라
duty_assignment,ASG-003668,dept_id,D04,D05,시설 소관 이동을 따라
duty_assignment,ASG-003668,owner_staff_id,SD04-1,SD05-1,시설 소관 이동을 따라
duty_assignment,ASG-003668,deputy_staff_id,SD04-2,SD05-2,시설 소관 이동을 따라
duty_assignment,ASG-003669,dept_id,D04,D05,시설 소관 이동을 따라
duty_assignment,ASG-003669,owner_staff_id,SD04-1,SD05-1,시설 소관 이동을 따라
duty_assignment,ASG-003669,deputy_staff_id,SD04-2,SD05-2,시설 소관 이동을 따라
duty_assignment,ASG-003670,dept_id,D04,D05,시설 소관 이동을 따라
duty_assignment,ASG-003670,owner_staff_id,SD04-1,SD05-1,시설 소관 이동을 따라
duty_assignment,ASG-003670,deputy_staff_id,SD04-2,SD05-2,시설 소관 이동을 따라
duty_assignment,ASG-003672,dept_id,D04,D05,시설 소관 이동을 따라
duty_assignment,ASG-003672,owner_staff_id,SD04-1,SD05-1,시설 소관 이동을 따라
duty_assignment,ASG-003672,deputy_staff_id,SD04-2,SD05-2,시설 소관 이동을 따라
duty_assignment,ASG-003673,dept_id,D04,D05,시설 소관 이동을 따라
duty_assignment,ASG-003673,owner_staff_id,SD04-1,SD05-1,시설 소관 이동을 따라
duty_assignment,ASG-003673,deputy_staff_id,SD04-2,SD05-2,시설 소관 이동을 따라
duty_assignment,ASG-003674,dept_id,D04,D05,시설 소관 이동을 따라
duty_assignment,ASG-003674,owner_staff_id,SD04-1,SD05-1,시설 소관 이동을 따라
duty_assignment,ASG-003674,deputy_staff_id,SD04-2,SD05-2,시설 소관 이동을 따라
duty_assignment,ASG-003676,dept_id,D04,D05,시설 소관 이동을 따라
duty_assignment,ASG-003676,owner_staff_id,SD04-1,SD05-1,시설 소관 이동을 따라
duty_assignment,ASG-003676,deputy_staff_id,SD04-2,SD05-2,시설 소관 이동을 따라
duty_assignment,ASG-003677,dept_id,D04,D05,시설 소관 이동을 따라
duty_assignment,ASG-003677,owner_staff_id,SD04-1,SD05-1,시설 소관 이동을 따라
duty_assignment,ASG-003677,deputy_staff_id,SD04-2,SD05-2,시설 소관 이동을 따라
duty_assignment,ASG-003678,dept_id,D04,D05,시설 소관 이동을 따라
duty_assignment,ASG-003678,owner_staff_id,SD04-1,SD05-1,시설 소관 이동을 따라
duty_assignment,ASG-003678,deputy_staff_id,SD04-2,SD05-2,시설 소관 이동을 따라
duty_assignment,ASG-003680,dept_id,D04,D05,시설 소관 이동을 따라
duty_assignment,ASG-003680,owner_staff_id,SD04-1,SD05-1,시설 소관 이동을 따라
duty_assignment,ASG-003680,deputy_staff_id,SD04-2,SD05-2,시설 소관 이동을 따라
duty_assignment,ASG-003681,dept_id,D04,D05,시설 소관 이동을 따라
duty_assignment,ASG-003681,owner_staff_id,SD04-1,SD05-1,시설 소관 이동을 따라
duty_assignment,ASG-003681,deputy_staff_id,SD04-2,SD05-2,시설 소관 이동을 따라
duty_assignment,ASG-003682,dept_id,D04,D05,시설 소관 이동을 따라
duty_assignment,ASG-003682,owner_staff_id,SD04-1,SD05-1,시설 소관 이동을 따라
duty_assignment,ASG-003682,deputy_staff_id,SD04-2,SD05-2,시설 소관 이동을 따라
duty_assignment,ASG-003684,dept_id,D04,D05,시설 소관 이동을 따라
duty_assignment,ASG-003684,owner_staff_id,SD04-1,SD05-1,시설 소관 이동을 따라
duty_assignment,ASG-003684,deputy_staff_id,SD04-2,SD05-2,시설 소관 이동을 따라
duty_assignment,ASG-003685,dept_id,D04,D05,시설 소관 이동을 따라
duty_assignment,ASG-003685,owner_staff_id,SD04-1,SD05-1,시설 소관 이동을 따라
duty_assignment,ASG-003685,deputy_staff_id,SD04-2,SD05-2,시설 소관 이동을 따라
duty_assignment,ASG-003686,dept_id,D04,D05,시설 소관 이동을 따라
duty_assignment,ASG-003686,owner_staff_id,SD04-1,SD05-1,시설 소관 이동을 따라
duty_assignment,ASG-003686,deputy_staff_id,SD04-2,SD05-2,시설 소관 이동을 따라
duty_assignment,ASG-003688,dept_id,D04,D05,시설 소관 이동을 따라
duty_assignment,ASG-003688,owner_staff_id,SD04-1,SD05-1,시설 소관 이동을 따라
duty_assignment,ASG-003688,deputy_staff_id,SD04-2,SD05-2,시설 소관 이동을 따라
duty_assignment,ASG-003689,dept_id,D04,D05,시설 소관 이동을 따라
duty_assignment,ASG-003689,owner_staff_id,SD04-1,SD05-1,시설 소관 이동을 따라
duty_assignment,ASG-003689,deputy_staff_id,SD04-2,SD05-2,시설 소관 이동을 따라
duty_assignment,ASG-003690,dept_id,D04,D05,시설 소관 이동을 따라
duty_assignment,ASG-003690,owner_staff_id,SD04-1,SD05-1,시설 소관 이동을 따라
duty_assignment,ASG-003690,deputy_staff_id,SD04-2,SD05-2,시설 소관 이동을 따라
duty_assignment,ASG-003692,dept_id,D04,D05,시설 소관 이동을 따라
duty_assignment,ASG-003692,owner_staff_id,SD04-1,SD05-1,시설 소관 이동을 따라
duty_assignment,ASG-003692,deputy_staff_id,SD04-2,SD05-2,시설 소관 이동을 따라
duty_assignment,ASG-003693,dept_id,D04,D05,시설 소관 이동을 따라
duty_assignment,ASG-003693,owner_staff_id,SD04-1,SD05-1,시설 소관 이동을 따라
duty_assignment,ASG-003693,deputy_staff_id,SD04-2,SD05-2,시설 소관 이동을 따라
duty_assignment,ASG-003694,dept_id,D04,D05,시설 소관 이동을 따라
duty_assignment,ASG-003694,owner_staff_id,SD04-1,SD05-1,시설 소관 이동을 따라
duty_assignment,ASG-003694,deputy_staff_id,SD04-2,SD05-2,시설 소관 이동을 따라
duty_assignment,ASG-003696,dept_id,D04,D05,시설 소관 이동을 따라
duty_assignment,ASG-003696,owner_staff_id,SD04-1,SD05-1,시설 소관 이동을 따라
duty_assignment,ASG-003696,deputy_staff_id,SD04-2,SD05-2,시설 소관 이동을 따라
duty_assignment,ASG-003697,dept_id,D04,D05,시설 소관 이동을 따라
duty_assignment,ASG-003697,owner_staff_id,SD04-1,SD05-1,시설 소관 이동을 따라
duty_assignment,ASG-003697,deputy_staff_id,SD04-2,SD05-2,시설 소관 이동을 따라
duty_assignment,ASG-003698,dept_id,D04,D05,시설 소관 이동을 따라
duty_assignment,ASG-003698,owner_staff_id,SD04-1,SD05-1,시설 소관 이동을 따라
duty_assignment,ASG-003698,deputy_staff_id,SD04-2,SD05-2,시설 소관 이동을 따라
duty_assignment,ASG-003703,dept_id,D04,D05,시설 소관 이동을 따라
duty_assignment,ASG-003703,owner_staff_id,SD04-1,SD05-1,시설 소관 이동을 따라
duty_assignment,ASG-003703,deputy_staff_id,SD04-2,SD05-2,시설 소관 이동을 따라
duty_assignment,ASG-003704,dept_id,D04,D05,시설 소관 이동을 따라
duty_assignment,ASG-003704,owner_staff_id,SD04-1,SD05-1,시설 소관 이동을 따라
duty_assignment,ASG-003704,deputy_staff_id,SD04-2,SD05-2,시설 소관 이동을 따라
duty_assignment,ASG-003705,dept_id,D04,D05,시설 소관 이동을 따라
duty_assignment,ASG-003705,owner_staff_id,SD04-1,SD05-1,시설 소관 이동을 따라
duty_assignment,ASG-003705,deputy_staff_id,SD04-2,SD05-2,시설 소관 이동을 따라
duty_assignment,ASG-003707,dept_id,D04,D05,시설 소관 이동을 따라
duty_assignment,ASG-003707,owner_staff_id,SD04-1,SD05-1,시설 소관 이동을 따라
duty_assignment,ASG-003707,deputy_staff_id,SD04-2,SD05-2,시설 소관 이동을 따라
duty_assignment,ASG-003708,dept_id,D04,D05,시설 소관 이동을 따라
duty_assignment,ASG-003708,owner_staff_id,SD04-1,SD05-1,시설 소관 이동을 따라
duty_assignment,ASG-003708,deputy_staff_id,SD04-2,SD05-2,시설 소관 이동을 따라
duty_assignment,ASG-003709,dept_id,D04,D05,시설 소관 이동을 따라
duty_assignment,ASG-003709,owner_staff_id,SD04-1,SD05-1,시설 소관 이동을 따라
duty_assignment,ASG-003709,deputy_staff_id,SD04-2,SD05-2,시설 소관 이동을 따라
duty_assignment,ASG-003711,dept_id,D04,D05,시설 소관 이동을 따라
duty_assignment,ASG-003711,owner_staff_id,SD04-1,SD05-1,시설 소관 이동을 따라
duty_assignment,ASG-003711,deputy_staff_id,SD04-2,SD05-2,시설 소관 이동을 따라
duty_assignment,ASG-003712,dept_id,D04,D05,시설 소관 이동을 따라
duty_assignment,ASG-003712,owner_staff_id,SD04-1,SD05-1,시설 소관 이동을 따라
duty_assignment,ASG-003712,deputy_staff_id,SD04-2,SD05-2,시설 소관 이동을 따라
duty_assignment,ASG-003713,dept_id,D04,D05,시설 소관 이동을 따라
duty_assignment,ASG-003713,owner_staff_id,SD04-1,SD05-1,시설 소관 이동을 따라
duty_assignment,ASG-003713,deputy_staff_id,SD04-2,SD05-2,시설 소관 이동을 따라
duty_assignment,ASG-003715,dept_id,D04,D05,시설 소관 이동을 따라
duty_assignment,ASG-003715,owner_staff_id,SD04-1,SD05-1,시설 소관 이동을 따라
duty_assignment,ASG-003715,deputy_staff_id,SD04-2,SD05-2,시설 소관 이동을 따라
duty_assignment,ASG-003716,dept_id,D04,D05,시설 소관 이동을 따라
duty_assignment,ASG-003716,owner_staff_id,SD04-1,SD05-1,시설 소관 이동을 따라
duty_assignment,ASG-003716,deputy_staff_id,SD04-2,SD05-2,시설 소관 이동을 따라
duty_assignment,ASG-003717,dept_id,D04,D05,시설 소관 이동을 따라
duty_assignment,ASG-003717,owner_staff_id,SD04-1,SD05-1,시설 소관 이동을 따라
duty_assignment,ASG-003717,deputy_staff_id,SD04-2,SD05-2,시설 소관 이동을 따라
duty_assignment,ASG-003719,dept_id,D04,D05,시설 소관 이동을 따라
duty_assignment,ASG-003719,owner_staff_id,SD04-1,SD05-1,시설 소관 이동을 따라
duty_assignment,ASG-003719,deputy_staff_id,SD04-2,SD05-2,시설 소관 이동을 따라
duty_assignment,ASG-003720,dept_id,D04,D05,시설 소관 이동을 따라
duty_assignment,ASG-003720,owner_staff_id,SD04-1,SD05-1,시설 소관 이동을 따라
duty_assignment,ASG-003720,deputy_staff_id,SD04-2,SD05-2,시설 소관 이동을 따라
duty_assignment,ASG-003721,dept_id,D04,D05,시설 소관 이동을 따라
duty_assignment,ASG-003721,owner_staff_id,SD04-1,SD05-1,시설 소관 이동을 따라
duty_assignment,ASG-003721,deputy_staff_id,SD04-2,SD05-2,시설 소관 이동을 따라
duty_assignment,ASG-003724,dept_id,D04,D05,시설 소관 이동을 따라
duty_assignment,ASG-003724,owner_staff_id,SD04-1,SD05-1,시설 소관 이동을 따라
duty_assignment,ASG-003724,deputy_staff_id,SD04-2,SD05-2,시설 소관 이동을 따라
duty_assignment,ASG-003725,dept_id,D04,D05,시설 소관 이동을 따라
duty_assignment,ASG-003725,owner_staff_id,SD04-1,SD05-1,시설 소관 이동을 따라
duty_assignment,ASG-003725,deputy_staff_id,SD04-2,SD05-2,시설 소관 이동을 따라
duty_assignment,ASG-003726,dept_id,D04,D05,시설 소관 이동을 따라
duty_assignment,ASG-003726,owner_staff_id,SD04-1,SD05-1,시설 소관 이동을 따라
duty_assignment,ASG-003726,deputy_staff_id,SD04-2,SD05-2,시설 소관 이동을 따라
duty_assignment,ASG-003729,dept_id,D04,D05,시설 소관 이동을 따라
duty_assignment,ASG-003729,owner_staff_id,SD04-1,SD05-1,시설 소관 이동을 따라
duty_assignment,ASG-003729,deputy_staff_id,SD04-2,SD05-2,시설 소관 이동을 따라
duty_assignment,ASG-003730,dept_id,D04,D05,시설 소관 이동을 따라
duty_assignment,ASG-003730,owner_staff_id,SD04-1,SD05-1,시설 소관 이동을 따라
duty_assignment,ASG-003730,deputy_staff_id,SD04-2,SD05-2,시설 소관 이동을 따라
duty_assignment,ASG-003731,dept_id,D04,D05,시설 소관 이동을 따라
duty_assignment,ASG-003731,owner_staff_id,SD04-1,SD05-1,시설 소관 이동을 따라
duty_assignment,ASG-003731,deputy_staff_id,SD04-2,SD05-2,시설 소관 이동을 따라
duty_assignment,ASG-003734,dept_id,D04,D05,시설 소관 이동을 따라
duty_assignment,ASG-003734,owner_staff_id,SD04-1,SD05-1,시설 소관 이동을 따라
duty_assignment,ASG-003734,deputy_staff_id,SD04-2,SD05-2,시설 소관 이동을 따라
duty_assignment,ASG-003735,dept_id,D04,D05,시설 소관 이동을 따라
duty_assignment,ASG-003735,owner_staff_id,SD04-1,SD05-1,시설 소관 이동을 따라
duty_assignment,ASG-003735,deputy_staff_id,SD04-2,SD05-2,시설 소관 이동을 따라
duty_assignment,ASG-003736,dept_id,D04,D05,시설 소관 이동을 따라
duty_assignment,ASG-003736,owner_staff_id,SD04-1,SD05-1,시설 소관 이동을 따라
duty_assignment,ASG-003736,deputy_staff_id,SD04-2,SD05-2,시설 소관 이동을 따라
duty_assignment,ASG-003738,dept_id,D04,D05,시설 소관 이동을 따라
duty_assignment,ASG-003738,owner_staff_id,SD04-1,SD05-1,시설 소관 이동을 따라
duty_assignment,ASG-003738,deputy_staff_id,SD04-2,SD05-2,시설 소관 이동을 따라
duty_assignment,ASG-003739,dept_id,D04,D05,시설 소관 이동을 따라
duty_assignment,ASG-003739,owner_staff_id,SD04-1,SD05-1,시설 소관 이동을 따라
duty_assignment,ASG-003739,deputy_staff_id,SD04-2,SD05-2,시설 소관 이동을 따라
duty_assignment,ASG-003740,dept_id,D04,D05,시설 소관 이동을 따라
duty_assignment,ASG-003740,owner_staff_id,SD04-1,SD05-1,시설 소관 이동을 따라
duty_assignment,ASG-003740,deputy_staff_id,SD04-2,SD05-2,시설 소관 이동을 따라
duty_assignment,ASG-003742,dept_id,D04,D05,시설 소관 이동을 따라
duty_assignment,ASG-003742,owner_staff_id,SD04-1,SD05-1,시설 소관 이동을 따라
duty_assignment,ASG-003742,deputy_staff_id,SD04-2,SD05-2,시설 소관 이동을 따라
duty_assignment,ASG-003743,dept_id,D04,D05,시설 소관 이동을 따라
duty_assignment,ASG-003743,owner_staff_id,SD04-1,SD05-1,시설 소관 이동을 따라
duty_assignment,ASG-003743,deputy_staff_id,SD04-2,SD05-2,시설 소관 이동을 따라
duty_assignment,ASG-003744,dept_id,D04,D05,시설 소관 이동을 따라
duty_assignment,ASG-003744,owner_staff_id,SD04-1,SD05-1,시설 소관 이동을 따라
duty_assignment,ASG-003744,deputy_staff_id,SD04-2,SD05-2,시설 소관 이동을 따라
duty_assignment,ASG-003746,dept_id,D04,D05,시설 소관 이동을 따라
duty_assignment,ASG-003746,owner_staff_id,SD04-1,SD05-1,시설 소관 이동을 따라
duty_assignment,ASG-003746,deputy_staff_id,SD04-2,SD05-2,시설 소관 이동을 따라
duty_assignment,ASG-003747,dept_id,D04,D05,시설 소관 이동을 따라
duty_assignment,ASG-003747,owner_staff_id,SD04-1,SD05-1,시설 소관 이동을 따라
duty_assignment,ASG-003747,deputy_staff_id,SD04-2,SD05-2,시설 소관 이동을 따라
duty_assignment,ASG-003748,dept_id,D04,D05,시설 소관 이동을 따라
duty_assignment,ASG-003748,owner_staff_id,SD04-1,SD05-1,시설 소관 이동을 따라
duty_assignment,ASG-003748,deputy_staff_id,SD04-2,SD05-2,시설 소관 이동을 따라
duty_assignment,ASG-003750,dept_id,D04,D05,시설 소관 이동을 따라
duty_assignment,ASG-003750,owner_staff_id,SD04-1,SD05-1,시설 소관 이동을 따라
duty_assignment,ASG-003750,deputy_staff_id,SD04-2,SD05-2,시설 소관 이동을 따라
duty_assignment,ASG-003751,dept_id,D04,D05,시설 소관 이동을 따라
duty_assignment,ASG-003751,owner_staff_id,SD04-1,SD05-1,시설 소관 이동을 따라
duty_assignment,ASG-003751,deputy_staff_id,SD04-2,SD05-2,시설 소관 이동을 따라
duty_assignment,ASG-003752,dept_id,D04,D05,시설 소관 이동을 따라
duty_assignment,ASG-003752,owner_staff_id,SD04-1,SD05-1,시설 소관 이동을 따라
duty_assignment,ASG-003752,deputy_staff_id,SD04-2,SD05-2,시설 소관 이동을 따라
duty_assignment,ASG-003754,dept_id,D04,D05,시설 소관 이동을 따라
duty_assignment,ASG-003754,owner_staff_id,SD04-1,SD05-1,시설 소관 이동을 따라
duty_assignment,ASG-003754,deputy_staff_id,SD04-2,SD05-2,시설 소관 이동을 따라
duty_assignment,ASG-003755,dept_id,D04,D05,시설 소관 이동을 따라
duty_assignment,ASG-003755,owner_staff_id,SD04-1,SD05-1,시설 소관 이동을 따라
duty_assignment,ASG-003755,deputy_staff_id,SD04-2,SD05-2,시설 소관 이동을 따라
duty_assignment,ASG-003756,dept_id,D04,D05,시설 소관 이동을 따라
duty_assignment,ASG-003756,owner_staff_id,SD04-1,SD05-1,시설 소관 이동을 따라
duty_assignment,ASG-003756,deputy_staff_id,SD04-2,SD05-2,시설 소관 이동을 따라
duty_assignment,ASG-003758,dept_id,D04,D05,시설 소관 이동을 따라
duty_assignment,ASG-003758,owner_staff_id,SD04-1,SD05-1,시설 소관 이동을 따라
duty_assignment,ASG-003758,deputy_staff_id,SD04-2,SD05-2,시설 소관 이동을 따라
duty_assignment,ASG-003759,dept_id,D04,D05,시설 소관 이동을 따라
duty_assignment,ASG-003759,owner_staff_id,SD04-1,SD05-1,시설 소관 이동을 따라
duty_assignment,ASG-003759,deputy_staff_id,SD04-2,SD05-2,시설 소관 이동을 따라
duty_assignment,ASG-003760,dept_id,D04,D05,시설 소관 이동을 따라
duty_assignment,ASG-003760,owner_staff_id,SD04-1,SD05-1,시설 소관 이동을 따라
duty_assignment,ASG-003760,deputy_staff_id,SD04-2,SD05-2,시설 소관 이동을 따라
duty_assignment,ASG-003762,dept_id,D04,D05,시설 소관 이동을 따라
duty_assignment,ASG-003762,owner_staff_id,SD04-1,SD05-1,시설 소관 이동을 따라
duty_assignment,ASG-003762,deputy_staff_id,SD04-2,SD05-2,시설 소관 이동을 따라
duty_assignment,ASG-003763,dept_id,D04,D05,시설 소관 이동을 따라
duty_assignment,ASG-003763,owner_staff_id,SD04-1,SD05-1,시설 소관 이동을 따라
duty_assignment,ASG-003763,deputy_staff_id,SD04-2,SD05-2,시설 소관 이동을 따라
duty_assignment,ASG-003764,dept_id,D04,D05,시설 소관 이동을 따라
duty_assignment,ASG-003764,owner_staff_id,SD04-1,SD05-1,시설 소관 이동을 따라
duty_assignment,ASG-003764,deputy_staff_id,SD04-2,SD05-2,시설 소관 이동을 따라
duty_assignment,ASG-003766,dept_id,D04,D05,시설 소관 이동을 따라
duty_assignment,ASG-003766,owner_staff_id,SD04-1,SD05-1,시설 소관 이동을 따라
duty_assignment,ASG-003766,deputy_staff_id,SD04-2,SD05-2,시설 소관 이동을 따라
duty_assignment,ASG-003767,dept_id,D04,D05,시설 소관 이동을 따라
duty_assignment,ASG-003767,owner_staff_id,SD04-1,SD05-1,시설 소관 이동을 따라
duty_assignment,ASG-003767,deputy_staff_id,SD04-2,SD05-2,시설 소관 이동을 따라
duty_assignment,ASG-003768,dept_id,D04,D05,시설 소관 이동을 따라
duty_assignment,ASG-003768,owner_staff_id,SD04-1,SD05-1,시설 소관 이동을 따라
duty_assignment,ASG-003768,deputy_staff_id,SD04-2,SD05-2,시설 소관 이동을 따라
duty_assignment,ASG-003770,dept_id,D04,D05,시설 소관 이동을 따라
duty_assignment,ASG-003770,owner_staff_id,SD04-1,SD05-1,시설 소관 이동을 따라
duty_assignment,ASG-003770,deputy_staff_id,SD04-2,SD05-2,시설 소관 이동을 따라
duty_assignment,ASG-003771,dept_id,D04,D05,시설 소관 이동을 따라
duty_assignment,ASG-003771,owner_staff_id,SD04-1,SD05-1,시설 소관 이동을 따라
duty_assignment,ASG-003771,deputy_staff_id,SD04-2,SD05-2,시설 소관 이동을 따라
duty_assignment,ASG-003772,dept_id,D04,D05,시설 소관 이동을 따라
duty_assignment,ASG-003772,owner_staff_id,SD04-1,SD05-1,시설 소관 이동을 따라
duty_assignment,ASG-003772,deputy_staff_id,SD04-2,SD05-2,시설 소관 이동을 따라
duty_assignment,ASG-003774,dept_id,D04,D05,시설 소관 이동을 따라
duty_assignment,ASG-003774,owner_staff_id,SD04-1,SD05-1,시설 소관 이동을 따라
duty_assignment,ASG-003774,deputy_staff_id,SD04-2,SD05-2,시설 소관 이동을 따라
duty_assignment,ASG-003775,dept_id,D04,D05,시설 소관 이동을 따라
duty_assignment,ASG-003775,owner_staff_id,SD04-1,SD05-1,시설 소관 이동을 따라
duty_assignment,ASG-003775,deputy_staff_id,SD04-2,SD05-2,시설 소관 이동을 따라
duty_assignment,ASG-003776,dept_id,D04,D05,시설 소관 이동을 따라
duty_assignment,ASG-003776,owner_staff_id,SD04-1,SD05-1,시설 소관 이동을 따라
duty_assignment,ASG-003776,deputy_staff_id,SD04-2,SD05-2,시설 소관 이동을 따라
duty_assignment,ASG-003778,dept_id,D04,D05,시설 소관 이동을 따라
duty_assignment,ASG-003778,owner_staff_id,SD04-1,SD05-1,시설 소관 이동을 따라
duty_assignment,ASG-003778,deputy_staff_id,SD04-2,SD05-2,시설 소관 이동을 따라
duty_assignment,ASG-003779,dept_id,D04,D05,시설 소관 이동을 따라
duty_assignment,ASG-003779,owner_staff_id,SD04-1,SD05-1,시설 소관 이동을 따라
duty_assignment,ASG-003779,deputy_staff_id,SD04-2,SD05-2,시설 소관 이동을 따라
duty_assignment,ASG-003780,dept_id,D04,D05,시설 소관 이동을 따라
duty_assignment,ASG-003780,owner_staff_id,SD04-1,SD05-1,시설 소관 이동을 따라
duty_assignment,ASG-003780,deputy_staff_id,SD04-2,SD05-2,시설 소관 이동을 따라
duty_assignment,ASG-003782,dept_id,D04,D05,시설 소관 이동을 따라
duty_assignment,ASG-003782,owner_staff_id,SD04-1,SD05-1,시설 소관 이동을 따라
duty_assignment,ASG-003782,deputy_staff_id,SD04-2,SD05-2,시설 소관 이동을 따라
duty_assignment,ASG-003783,dept_id,D04,D05,시설 소관 이동을 따라
duty_assignment,ASG-003783,owner_staff_id,SD04-1,SD05-1,시설 소관 이동을 따라
duty_assignment,ASG-003783,deputy_staff_id,SD04-2,SD05-2,시설 소관 이동을 따라
duty_assignment,ASG-003784,dept_id,D04,D05,시설 소관 이동을 따라
duty_assignment,ASG-003784,owner_staff_id,SD04-1,SD05-1,시설 소관 이동을 따라
duty_assignment,ASG-003784,deputy_staff_id,SD04-2,SD05-2,시설 소관 이동을 따라
duty_assignment,ASG-003786,dept_id,D04,D05,시설 소관 이동을 따라
duty_assignment,ASG-003786,owner_staff_id,SD04-1,SD05-1,시설 소관 이동을 따라
duty_assignment,ASG-003786,deputy_staff_id,SD04-2,SD05-2,시설 소관 이동을 따라
duty_assignment,ASG-003787,dept_id,D04,D05,시설 소관 이동을 따라
duty_assignment,ASG-003787,owner_staff_id,SD04-1,SD05-1,시설 소관 이동을 따라
duty_assignment,ASG-003787,deputy_staff_id,SD04-2,SD05-2,시설 소관 이동을 따라
duty_assignment,ASG-003788,dept_id,D04,D05,시설 소관 이동을 따라
duty_assignment,ASG-003788,owner_staff_id,SD04-1,SD05-1,시설 소관 이동을 따라
duty_assignment,ASG-003788,deputy_staff_id,SD04-2,SD05-2,시설 소관 이동을 따라
duty_assignment,ASG-003790,dept_id,D04,D05,시설 소관 이동을 따라
duty_assignment,ASG-003790,owner_staff_id,SD04-1,SD05-1,시설 소관 이동을 따라
duty_assignment,ASG-003790,deputy_staff_id,SD04-2,SD05-2,시설 소관 이동을 따라
duty_assignment,ASG-003791,dept_id,D04,D05,시설 소관 이동을 따라
duty_assignment,ASG-003791,owner_staff_id,SD04-1,SD05-1,시설 소관 이동을 따라
duty_assignment,ASG-003791,deputy_staff_id,SD04-2,SD05-2,시설 소관 이동을 따라
duty_assignment,ASG-003792,dept_id,D04,D05,시설 소관 이동을 따라
duty_assignment,ASG-003792,owner_staff_id,SD04-1,SD05-1,시설 소관 이동을 따라
duty_assignment,ASG-003792,deputy_staff_id,SD04-2,SD05-2,시설 소관 이동을 따라
duty_assignment,ASG-003795,dept_id,D04,D05,시설 소관 이동을 따라
duty_assignment,ASG-003795,owner_staff_id,SD04-1,SD05-1,시설 소관 이동을 따라
duty_assignment,ASG-003795,deputy_staff_id,SD04-2,SD05-2,시설 소관 이동을 따라
duty_assignment,ASG-003796,dept_id,D04,D05,시설 소관 이동을 따라
duty_assignment,ASG-003796,owner_staff_id,SD04-1,SD05-1,시설 소관 이동을 따라
duty_assignment,ASG-003796,deputy_staff_id,SD04-2,SD05-2,시설 소관 이동을 따라
duty_assignment,ASG-003797,dept_id,D04,D05,시설 소관 이동을 따라
duty_assignment,ASG-003797,owner_staff_id,SD04-1,SD05-1,시설 소관 이동을 따라
duty_assignment,ASG-003797,deputy_staff_id,SD04-2,SD05-2,시설 소관 이동을 따라
duty_assignment,ASG-003799,dept_id,D04,D05,시설 소관 이동을 따라
duty_assignment,ASG-003799,owner_staff_id,SD04-1,SD05-1,시설 소관 이동을 따라
duty_assignment,ASG-003799,deputy_staff_id,SD04-2,SD05-2,시설 소관 이동을 따라
duty_assignment,ASG-003800,dept_id,D04,D05,시설 소관 이동을 따라
duty_assignment,ASG-003800,owner_staff_id,SD04-1,SD05-1,시설 소관 이동을 따라
duty_assignment,ASG-003800,deputy_staff_id,SD04-2,SD05-2,시설 소관 이동을 따라
duty_assignment,ASG-003801,dept_id,D04,D05,시설 소관 이동을 따라
duty_assignment,ASG-003801,owner_staff_id,SD04-1,SD05-1,시설 소관 이동을 따라
duty_assignment,ASG-003801,deputy_staff_id,SD04-2,SD05-2,시설 소관 이동을 따라
duty_assignment,ASG-003803,dept_id,D04,D05,시설 소관 이동을 따라
duty_assignment,ASG-003803,owner_staff_id,SD04-1,SD05-1,시설 소관 이동을 따라
duty_assignment,ASG-003803,deputy_staff_id,SD04-2,SD05-2,시설 소관 이동을 따라
duty_assignment,ASG-003804,dept_id,D04,D05,시설 소관 이동을 따라
duty_assignment,ASG-003804,owner_staff_id,SD04-1,SD05-1,시설 소관 이동을 따라
duty_assignment,ASG-003804,deputy_staff_id,SD04-2,SD05-2,시설 소관 이동을 따라
duty_assignment,ASG-003805,dept_id,D04,D05,시설 소관 이동을 따라
duty_assignment,ASG-003805,owner_staff_id,SD04-1,SD05-1,시설 소관 이동을 따라
duty_assignment,ASG-003805,deputy_staff_id,SD04-2,SD05-2,시설 소관 이동을 따라
duty_assignment,ASG-003807,dept_id,D04,D05,시설 소관 이동을 따라
duty_assignment,ASG-003807,owner_staff_id,SD04-1,SD05-1,시설 소관 이동을 따라
duty_assignment,ASG-003807,deputy_staff_id,SD04-2,SD05-2,시설 소관 이동을 따라
duty_assignment,ASG-003808,dept_id,D04,D05,시설 소관 이동을 따라
duty_assignment,ASG-003808,owner_staff_id,SD04-1,SD05-1,시설 소관 이동을 따라
duty_assignment,ASG-003808,deputy_staff_id,SD04-2,SD05-2,시설 소관 이동을 따라
duty_assignment,ASG-003809,dept_id,D04,D05,시설 소관 이동을 따라
duty_assignment,ASG-003809,owner_staff_id,SD04-1,SD05-1,시설 소관 이동을 따라
duty_assignment,ASG-003809,deputy_staff_id,SD04-2,SD05-2,시설 소관 이동을 따라
duty_assignment,ASG-003811,dept_id,D04,D05,시설 소관 이동을 따라
duty_assignment,ASG-003811,owner_staff_id,SD04-1,SD05-1,시설 소관 이동을 따라
duty_assignment,ASG-003811,deputy_staff_id,SD04-2,SD05-2,시설 소관 이동을 따라
duty_assignment,ASG-003812,dept_id,D04,D05,시설 소관 이동을 따라
duty_assignment,ASG-003812,owner_staff_id,SD04-1,SD05-1,시설 소관 이동을 따라
duty_assignment,ASG-003812,deputy_staff_id,SD04-2,SD05-2,시설 소관 이동을 따라
duty_assignment,ASG-003813,dept_id,D04,D05,시설 소관 이동을 따라
duty_assignment,ASG-003813,owner_staff_id,SD04-1,SD05-1,시설 소관 이동을 따라
duty_assignment,ASG-003813,deputy_staff_id,SD04-2,SD05-2,시설 소관 이동을 따라
duty_assignment,ASG-003815,dept_id,D04,D05,시설 소관 이동을 따라
duty_assignment,ASG-003815,owner_staff_id,SD04-1,SD05-1,시설 소관 이동을 따라
duty_assignment,ASG-003815,deputy_staff_id,SD04-2,SD05-2,시설 소관 이동을 따라
duty_assignment,ASG-003816,dept_id,D04,D05,시설 소관 이동을 따라
duty_assignment,ASG-003816,owner_staff_id,SD04-1,SD05-1,시설 소관 이동을 따라
duty_assignment,ASG-003816,deputy_staff_id,SD04-2,SD05-2,시설 소관 이동을 따라
duty_assignment,ASG-003817,dept_id,D04,D05,시설 소관 이동을 따라
duty_assignment,ASG-003817,owner_staff_id,SD04-1,SD05-1,시설 소관 이동을 따라
duty_assignment,ASG-003817,deputy_staff_id,SD04-2,SD05-2,시설 소관 이동을 따라
duty_assignment,ASG-003819,dept_id,D04,D05,시설 소관 이동을 따라
duty_assignment,ASG-003819,owner_staff_id,SD04-1,SD05-1,시설 소관 이동을 따라
duty_assignment,ASG-003819,deputy_staff_id,SD04-2,SD05-2,시설 소관 이동을 따라
duty_assignment,ASG-003820,dept_id,D04,D05,시설 소관 이동을 따라
duty_assignment,ASG-003820,owner_staff_id,SD04-1,SD05-1,시설 소관 이동을 따라
duty_assignment,ASG-003820,deputy_staff_id,SD04-2,SD05-2,시설 소관 이동을 따라
duty_assignment,ASG-003821,dept_id,D04,D05,시설 소관 이동을 따라
duty_assignment,ASG-003821,owner_staff_id,SD04-1,SD05-1,시설 소관 이동을 따라
duty_assignment,ASG-003821,deputy_staff_id,SD04-2,SD05-2,시설 소관 이동을 따라
duty_assignment,ASG-003823,dept_id,D04,D05,시설 소관 이동을 따라
duty_assignment,ASG-003823,owner_staff_id,SD04-1,SD05-1,시설 소관 이동을 따라
duty_assignment,ASG-003823,deputy_staff_id,SD04-2,SD05-2,시설 소관 이동을 따라
duty_assignment,ASG-003824,dept_id,D04,D05,시설 소관 이동을 따라
duty_assignment,ASG-003824,owner_staff_id,SD04-1,SD05-1,시설 소관 이동을 따라
duty_assignment,ASG-003824,deputy_staff_id,SD04-2,SD05-2,시설 소관 이동을 따라
duty_assignment,ASG-003825,dept_id,D04,D05,시설 소관 이동을 따라
duty_assignment,ASG-003825,owner_staff_id,SD04-1,SD05-1,시설 소관 이동을 따라
duty_assignment,ASG-003825,deputy_staff_id,SD04-2,SD05-2,시설 소관 이동을 따라
duty_assignment,ASG-003832,dept_id,D04,D05,시설 소관 이동을 따라
duty_assignment,ASG-003832,owner_staff_id,SD04-1,SD05-1,시설 소관 이동을 따라
duty_assignment,ASG-003832,deputy_staff_id,SD04-2,SD05-2,시설 소관 이동을 따라
duty_assignment,ASG-003833,dept_id,D04,D05,시설 소관 이동을 따라
duty_assignment,ASG-003833,owner_staff_id,SD04-1,SD05-1,시설 소관 이동을 따라
duty_assignment,ASG-003833,deputy_staff_id,SD04-2,SD05-2,시설 소관 이동을 따라
duty_assignment,ASG-003834,dept_id,D04,D05,시설 소관 이동을 따라
duty_assignment,ASG-003834,owner_staff_id,SD04-1,SD05-1,시설 소관 이동을 따라
duty_assignment,ASG-003834,deputy_staff_id,SD04-2,SD05-2,시설 소관 이동을 따라
duty_assignment,ASG-003836,dept_id,D04,D05,시설 소관 이동을 따라
duty_assignment,ASG-003836,owner_staff_id,SD04-1,SD05-1,시설 소관 이동을 따라
duty_assignment,ASG-003836,deputy_staff_id,SD04-2,SD05-2,시설 소관 이동을 따라
duty_assignment,ASG-003837,dept_id,D04,D05,시설 소관 이동을 따라
duty_assignment,ASG-003837,owner_staff_id,SD04-1,SD05-1,시설 소관 이동을 따라
duty_assignment,ASG-003837,deputy_staff_id,SD04-2,SD05-2,시설 소관 이동을 따라
duty_assignment,ASG-003838,dept_id,D04,D05,시설 소관 이동을 따라
duty_assignment,ASG-003838,owner_staff_id,SD04-1,SD05-1,시설 소관 이동을 따라
duty_assignment,ASG-003838,deputy_staff_id,SD04-2,SD05-2,시설 소관 이동을 따라
duty_assignment,ASG-003840,dept_id,D04,D05,시설 소관 이동을 따라
duty_assignment,ASG-003840,owner_staff_id,SD04-1,SD05-1,시설 소관 이동을 따라
duty_assignment,ASG-003840,deputy_staff_id,SD04-2,SD05-2,시설 소관 이동을 따라
duty_assignment,ASG-003841,dept_id,D04,D05,시설 소관 이동을 따라
duty_assignment,ASG-003841,owner_staff_id,SD04-1,SD05-1,시설 소관 이동을 따라
duty_assignment,ASG-003841,deputy_staff_id,SD04-2,SD05-2,시설 소관 이동을 따라
duty_assignment,ASG-003842,dept_id,D04,D05,시설 소관 이동을 따라
duty_assignment,ASG-003842,owner_staff_id,SD04-1,SD05-1,시설 소관 이동을 따라
duty_assignment,ASG-003842,deputy_staff_id,SD04-2,SD05-2,시설 소관 이동을 따라
duty_assignment,ASG-003844,dept_id,D04,D05,시설 소관 이동을 따라
duty_assignment,ASG-003844,owner_staff_id,SD04-1,SD05-1,시설 소관 이동을 따라
duty_assignment,ASG-003844,deputy_staff_id,SD04-2,SD05-2,시설 소관 이동을 따라
duty_assignment,ASG-003845,dept_id,D04,D05,시설 소관 이동을 따라
duty_assignment,ASG-003845,owner_staff_id,SD04-1,SD05-1,시설 소관 이동을 따라
duty_assignment,ASG-003845,deputy_staff_id,SD04-2,SD05-2,시설 소관 이동을 따라
duty_assignment,ASG-003846,dept_id,D04,D05,시설 소관 이동을 따라
duty_assignment,ASG-003846,owner_staff_id,SD04-1,SD05-1,시설 소관 이동을 따라
duty_assignment,ASG-003846,deputy_staff_id,SD04-2,SD05-2,시설 소관 이동을 따라
duty_assignment,ASG-003930,dept_id,D10,D16,경전철(공중교통수단) — 도시철도과
duty_assignment,ASG-003930,owner_staff_id,SD10-1,SD16-1,경전철(공중교통수단) — 도시철도과
duty_assignment,ASG-003930,deputy_staff_id,SD10-2,SD16-2,경전철(공중교통수단) — 도시철도과
duty_assignment,ASG-004292,dept_id,D10,D16,경전철(공중교통수단) — 도시철도과
duty_assignment,ASG-004292,owner_staff_id,SD10-1,SD16-1,경전철(공중교통수단) — 도시철도과
duty_assignment,ASG-004292,deputy_staff_id,SD10-2,SD16-2,경전철(공중교통수단) — 도시철도과
duty_assignment,ASG-004311,dept_id,D10,D16,경전철(공중교통수단) — 도시철도과
duty_assignment,ASG-004311,owner_staff_id,SD10-1,SD16-1,경전철(공중교통수단) — 도시철도과
duty_assignment,ASG-004311,deputy_staff_id,SD10-2,SD16-2,경전철(공중교통수단) — 도시철도과
duty_assignment,ASG-004473,dept_id,D10,D16,경전철(공중교통수단) — 도시철도과
duty_assignment,ASG-004473,owner_staff_id,SD10-1,SD16-1,경전철(공중교통수단) — 도시철도과
duty_assignment,ASG-004473,deputy_staff_id,SD10-2,SD16-2,경전철(공중교통수단) — 도시철도과
duty_assignment,ASG-004475,dept_id,D10,D16,경전철(공중교통수단) — 도시철도과
duty_assignment,ASG-004475,owner_staff_id,SD10-1,SD16-1,경전철(공중교통수단) — 도시철도과
duty_assignment,ASG-004475,deputy_staff_id,SD10-2,SD16-2,경전철(공중교통수단) — 도시철도과
duty_assignment,ASG-000040,applicability,해당,확인필요,시설 판정 「제외」(관리주체 아님)와 어긋남 — 담당 확인 필요
duty_assignment,ASG-000040,applicability_note,,시설 판정 「제외」(관리주체 아님) — 해당 여부 확인 필요(09-24 정합성 검수),검수 표시
duty_assignment,ASG-000041,applicability,해당,확인필요,시설 판정 「제외」(관리주체 아님)와 어긋남 — 담당 확인 필요
duty_assignment,ASG-000041,applicability_note,,시설 판정 「제외」(관리주체 아님) — 해당 여부 확인 필요(09-24 정합성 검수),검수 표시
duty_assignment,ASG-000042,applicability,해당,확인필요,시설 판정 「제외」(관리주체 아님)와 어긋남 — 담당 확인 필요
duty_assignment,ASG-000042,applicability_note,,시설 판정 「제외」(관리주체 아님) — 해당 여부 확인 필요(09-24 정합성 검수),검수 표시
duty_assignment,ASG-000046,applicability,해당,확인필요,시설 판정 「제외」(관리주체 아님)와 어긋남 — 담당 확인 필요
duty_assignment,ASG-000046,applicability_note,,시설 판정 「제외」(관리주체 아님) — 해당 여부 확인 필요(09-24 정합성 검수),검수 표시
duty_assignment,ASG-000047,applicability,해당,확인필요,시설 판정 「제외」(관리주체 아님)와 어긋남 — 담당 확인 필요
duty_assignment,ASG-000047,applicability_note,,시설 판정 「제외」(관리주체 아님) — 해당 여부 확인 필요(09-24 정합성 검수),검수 표시
duty_assignment,ASG-000048,applicability,해당,확인필요,시설 판정 「제외」(관리주체 아님)와 어긋남 — 담당 확인 필요
duty_assignment,ASG-000048,applicability_note,,시설 판정 「제외」(관리주체 아님) — 해당 여부 확인 필요(09-24 정합성 검수),검수 표시
duty_assignment,ASG-000052,applicability,해당,확인필요,시설 판정 「제외」(관리주체 아님)와 어긋남 — 담당 확인 필요
duty_assignment,ASG-000052,applicability_note,,시설 판정 「제외」(관리주체 아님) — 해당 여부 확인 필요(09-24 정합성 검수),검수 표시
duty_assignment,ASG-000053,applicability,해당,확인필요,시설 판정 「제외」(관리주체 아님)와 어긋남 — 담당 확인 필요
duty_assignment,ASG-000053,applicability_note,,시설 판정 「제외」(관리주체 아님) — 해당 여부 확인 필요(09-24 정합성 검수),검수 표시
duty_assignment,ASG-000054,applicability,해당,확인필요,시설 판정 「제외」(관리주체 아님)와 어긋남 — 담당 확인 필요
duty_assignment,ASG-000054,applicability_note,,시설 판정 「제외」(관리주체 아님) — 해당 여부 확인 필요(09-24 정합성 검수),검수 표시
duty_assignment,ASG-000060,applicability,해당,확인필요,시설 판정 「제외」(관리주체 아님)와 어긋남 — 담당 확인 필요
duty_assignment,ASG-000060,applicability_note,,시설 판정 「제외」(관리주체 아님) — 해당 여부 확인 필요(09-24 정합성 검수),검수 표시
duty_assignment,ASG-000061,applicability,해당,확인필요,시설 판정 「제외」(관리주체 아님)와 어긋남 — 담당 확인 필요
duty_assignment,ASG-000061,applicability_note,,시설 판정 「제외」(관리주체 아님) — 해당 여부 확인 필요(09-24 정합성 검수),검수 표시
duty_assignment,ASG-000062,applicability,해당,확인필요,시설 판정 「제외」(관리주체 아님)와 어긋남 — 담당 확인 필요
duty_assignment,ASG-000062,applicability_note,,시설 판정 「제외」(관리주체 아님) — 해당 여부 확인 필요(09-24 정합성 검수),검수 표시
duty_assignment,ASG-000064,applicability,해당,확인필요,시설 판정 「제외」(관리주체 아님)와 어긋남 — 담당 확인 필요
duty_assignment,ASG-000064,applicability_note,,시설 판정 「제외」(관리주체 아님) — 해당 여부 확인 필요(09-24 정합성 검수),검수 표시
duty_assignment,ASG-000065,applicability,해당,확인필요,시설 판정 「제외」(관리주체 아님)와 어긋남 — 담당 확인 필요
duty_assignment,ASG-000065,applicability_note,,시설 판정 「제외」(관리주체 아님) — 해당 여부 확인 필요(09-24 정합성 검수),검수 표시
duty_assignment,ASG-000066,applicability,해당,확인필요,시설 판정 「제외」(관리주체 아님)와 어긋남 — 담당 확인 필요
duty_assignment,ASG-000066,applicability_note,,시설 판정 「제외」(관리주체 아님) — 해당 여부 확인 필요(09-24 정합성 검수),검수 표시
duty_assignment,ASG-000072,applicability,해당,확인필요,시설 판정 「제외」(관리주체 아님)와 어긋남 — 담당 확인 필요
duty_assignment,ASG-000072,applicability_note,,시설 판정 「제외」(관리주체 아님) — 해당 여부 확인 필요(09-24 정합성 검수),검수 표시
duty_assignment,ASG-000073,applicability,해당,확인필요,시설 판정 「제외」(관리주체 아님)와 어긋남 — 담당 확인 필요
duty_assignment,ASG-000073,applicability_note,,시설 판정 「제외」(관리주체 아님) — 해당 여부 확인 필요(09-24 정합성 검수),검수 표시
duty_assignment,ASG-000074,applicability,해당,확인필요,시설 판정 「제외」(관리주체 아님)와 어긋남 — 담당 확인 필요
duty_assignment,ASG-000074,applicability_note,,시설 판정 「제외」(관리주체 아님) — 해당 여부 확인 필요(09-24 정합성 검수),검수 표시
duty_assignment,ASG-000076,applicability,해당,확인필요,시설 판정 「제외」(관리주체 아님)와 어긋남 — 담당 확인 필요
duty_assignment,ASG-000076,applicability_note,,시설 판정 「제외」(관리주체 아님) — 해당 여부 확인 필요(09-24 정합성 검수),검수 표시
duty_assignment,ASG-000077,applicability,해당,확인필요,시설 판정 「제외」(관리주체 아님)와 어긋남 — 담당 확인 필요
duty_assignment,ASG-000077,applicability_note,,시설 판정 「제외」(관리주체 아님) — 해당 여부 확인 필요(09-24 정합성 검수),검수 표시
duty_assignment,ASG-000078,applicability,해당,확인필요,시설 판정 「제외」(관리주체 아님)와 어긋남 — 담당 확인 필요
duty_assignment,ASG-000078,applicability_note,,시설 판정 「제외」(관리주체 아님) — 해당 여부 확인 필요(09-24 정합성 검수),검수 표시
duty_assignment,ASG-000458,applicability,해당,확인필요,시설 판정 「제외」(관리주체 아님)와 어긋남 — 담당 확인 필요
duty_assignment,ASG-000458,applicability_note,,시설 판정 「제외」(관리주체 아님) — 해당 여부 확인 필요(09-24 정합성 검수),검수 표시
duty_assignment,ASG-000459,applicability,해당,확인필요,시설 판정 「제외」(관리주체 아님)와 어긋남 — 담당 확인 필요
duty_assignment,ASG-000459,applicability_note,,시설 판정 「제외」(관리주체 아님) — 해당 여부 확인 필요(09-24 정합성 검수),검수 표시
duty_assignment,ASG-000460,applicability,해당,확인필요,시설 판정 「제외」(관리주체 아님)와 어긋남 — 담당 확인 필요
duty_assignment,ASG-000460,applicability_note,,시설 판정 「제외」(관리주체 아님) — 해당 여부 확인 필요(09-24 정합성 검수),검수 표시
duty_assignment,ASG-000462,applicability,해당,확인필요,시설 판정 「제외」(관리주체 아님)와 어긋남 — 담당 확인 필요
duty_assignment,ASG-000462,applicability_note,,시설 판정 「제외」(관리주체 아님) — 해당 여부 확인 필요(09-24 정합성 검수),검수 표시
duty_assignment,ASG-000463,applicability,해당,확인필요,시설 판정 「제외」(관리주체 아님)와 어긋남 — 담당 확인 필요
duty_assignment,ASG-000463,applicability_note,,시설 판정 「제외」(관리주체 아님) — 해당 여부 확인 필요(09-24 정합성 검수),검수 표시
duty_assignment,ASG-000464,applicability,해당,확인필요,시설 판정 「제외」(관리주체 아님)와 어긋남 — 담당 확인 필요
duty_assignment,ASG-000464,applicability_note,,시설 판정 「제외」(관리주체 아님) — 해당 여부 확인 필요(09-24 정합성 검수),검수 표시
duty_assignment,ASG-000470,applicability,해당,확인필요,시설 판정 「제외」(관리주체 아님)와 어긋남 — 담당 확인 필요
duty_assignment,ASG-000470,applicability_note,,시설 판정 「제외」(관리주체 아님) — 해당 여부 확인 필요(09-24 정합성 검수),검수 표시
duty_assignment,ASG-000471,applicability,해당,확인필요,시설 판정 「제외」(관리주체 아님)와 어긋남 — 담당 확인 필요
duty_assignment,ASG-000471,applicability_note,,시설 판정 「제외」(관리주체 아님) — 해당 여부 확인 필요(09-24 정합성 검수),검수 표시
duty_assignment,ASG-000472,applicability,해당,확인필요,시설 판정 「제외」(관리주체 아님)와 어긋남 — 담당 확인 필요
duty_assignment,ASG-000472,applicability_note,,시설 판정 「제외」(관리주체 아님) — 해당 여부 확인 필요(09-24 정합성 검수),검수 표시
duty_assignment,ASG-000474,applicability,해당,확인필요,시설 판정 「제외」(관리주체 아님)와 어긋남 — 담당 확인 필요
duty_assignment,ASG-000474,applicability_note,,시설 판정 「제외」(관리주체 아님) — 해당 여부 확인 필요(09-24 정합성 검수),검수 표시
duty_assignment,ASG-000475,applicability,해당,확인필요,시설 판정 「제외」(관리주체 아님)와 어긋남 — 담당 확인 필요
duty_assignment,ASG-000475,applicability_note,,시설 판정 「제외」(관리주체 아님) — 해당 여부 확인 필요(09-24 정합성 검수),검수 표시
duty_assignment,ASG-000476,applicability,해당,확인필요,시설 판정 「제외」(관리주체 아님)와 어긋남 — 담당 확인 필요
duty_assignment,ASG-000476,applicability_note,,시설 판정 「제외」(관리주체 아님) — 해당 여부 확인 필요(09-24 정합성 검수),검수 표시
duty_assignment,ASG-000478,applicability,해당,확인필요,시설 판정 「제외」(관리주체 아님)와 어긋남 — 담당 확인 필요
duty_assignment,ASG-000478,applicability_note,,시설 판정 「제외」(관리주체 아님) — 해당 여부 확인 필요(09-24 정합성 검수),검수 표시
duty_assignment,ASG-000479,applicability,해당,확인필요,시설 판정 「제외」(관리주체 아님)와 어긋남 — 담당 확인 필요
duty_assignment,ASG-000479,applicability_note,,시설 판정 「제외」(관리주체 아님) — 해당 여부 확인 필요(09-24 정합성 검수),검수 표시
duty_assignment,ASG-000480,applicability,해당,확인필요,시설 판정 「제외」(관리주체 아님)와 어긋남 — 담당 확인 필요
duty_assignment,ASG-000480,applicability_note,,시설 판정 「제외」(관리주체 아님) — 해당 여부 확인 필요(09-24 정합성 검수),검수 표시
duty_assignment,ASG-000566,applicability,해당,확인필요,시설 판정 「제외」(관리주체 아님)와 어긋남 — 담당 확인 필요
duty_assignment,ASG-000566,applicability_note,,시설 판정 「제외」(관리주체 아님) — 해당 여부 확인 필요(09-24 정합성 검수),검수 표시
duty_assignment,ASG-000567,applicability,해당,확인필요,시설 판정 「제외」(관리주체 아님)와 어긋남 — 담당 확인 필요
duty_assignment,ASG-000567,applicability_note,,시설 판정 「제외」(관리주체 아님) — 해당 여부 확인 필요(09-24 정합성 검수),검수 표시
duty_assignment,ASG-000568,applicability,해당,확인필요,시설 판정 「제외」(관리주체 아님)와 어긋남 — 담당 확인 필요
duty_assignment,ASG-000568,applicability_note,,시설 판정 「제외」(관리주체 아님) — 해당 여부 확인 필요(09-24 정합성 검수),검수 표시
duty_assignment,ASG-000882,applicability,해당,확인필요,시설 판정 「제외」(관리주체 아님)와 어긋남 — 담당 확인 필요
duty_assignment,ASG-000882,applicability_note,,시설 판정 「제외」(관리주체 아님) — 해당 여부 확인 필요(09-24 정합성 검수),검수 표시
duty_assignment,ASG-000883,applicability,해당,확인필요,시설 판정 「제외」(관리주체 아님)와 어긋남 — 담당 확인 필요
duty_assignment,ASG-000883,applicability_note,,시설 판정 「제외」(관리주체 아님) — 해당 여부 확인 필요(09-24 정합성 검수),검수 표시
duty_assignment,ASG-000884,applicability,해당,확인필요,시설 판정 「제외」(관리주체 아님)와 어긋남 — 담당 확인 필요
duty_assignment,ASG-000884,applicability_note,,시설 판정 「제외」(관리주체 아님) — 해당 여부 확인 필요(09-24 정합성 검수),검수 표시
duty_assignment,ASG-000892,applicability,해당,확인필요,시설 판정 「제외」(관리주체 아님)와 어긋남 — 담당 확인 필요
duty_assignment,ASG-000892,applicability_note,,시설 판정 「제외」(관리주체 아님) — 해당 여부 확인 필요(09-24 정합성 검수),검수 표시
duty_assignment,ASG-000893,applicability,해당,확인필요,시설 판정 「제외」(관리주체 아님)와 어긋남 — 담당 확인 필요
duty_assignment,ASG-000893,applicability_note,,시설 판정 「제외」(관리주체 아님) — 해당 여부 확인 필요(09-24 정합성 검수),검수 표시
duty_assignment,ASG-000894,applicability,해당,확인필요,시설 판정 「제외」(관리주체 아님)와 어긋남 — 담당 확인 필요
duty_assignment,ASG-000894,applicability_note,,시설 판정 「제외」(관리주체 아님) — 해당 여부 확인 필요(09-24 정합성 검수),검수 표시
duty_assignment,ASG-000896,applicability,해당,확인필요,시설 판정 「제외」(관리주체 아님)와 어긋남 — 담당 확인 필요
duty_assignment,ASG-000896,applicability_note,,시설 판정 「제외」(관리주체 아님) — 해당 여부 확인 필요(09-24 정합성 검수),검수 표시
duty_assignment,ASG-000897,applicability,해당,확인필요,시설 판정 「제외」(관리주체 아님)와 어긋남 — 담당 확인 필요
duty_assignment,ASG-000897,applicability_note,,시설 판정 「제외」(관리주체 아님) — 해당 여부 확인 필요(09-24 정합성 검수),검수 표시
duty_assignment,ASG-000898,applicability,해당,확인필요,시설 판정 「제외」(관리주체 아님)와 어긋남 — 담당 확인 필요
duty_assignment,ASG-000898,applicability_note,,시설 판정 「제외」(관리주체 아님) — 해당 여부 확인 필요(09-24 정합성 검수),검수 표시
duty_assignment,ASG-000900,applicability,해당,확인필요,시설 판정 「제외」(관리주체 아님)와 어긋남 — 담당 확인 필요
duty_assignment,ASG-000900,applicability_note,,시설 판정 「제외」(관리주체 아님) — 해당 여부 확인 필요(09-24 정합성 검수),검수 표시
duty_assignment,ASG-000901,applicability,해당,확인필요,시설 판정 「제외」(관리주체 아님)와 어긋남 — 담당 확인 필요
duty_assignment,ASG-000901,applicability_note,,시설 판정 「제외」(관리주체 아님) — 해당 여부 확인 필요(09-24 정합성 검수),검수 표시
duty_assignment,ASG-000902,applicability,해당,확인필요,시설 판정 「제외」(관리주체 아님)와 어긋남 — 담당 확인 필요
duty_assignment,ASG-000902,applicability_note,,시설 판정 「제외」(관리주체 아님) — 해당 여부 확인 필요(09-24 정합성 검수),검수 표시
duty_assignment,ASG-000904,applicability,해당,확인필요,시설 판정 「제외」(관리주체 아님)와 어긋남 — 담당 확인 필요
duty_assignment,ASG-000904,applicability_note,,시설 판정 「제외」(관리주체 아님) — 해당 여부 확인 필요(09-24 정합성 검수),검수 표시
duty_assignment,ASG-000905,applicability,해당,확인필요,시설 판정 「제외」(관리주체 아님)와 어긋남 — 담당 확인 필요
duty_assignment,ASG-000905,applicability_note,,시설 판정 「제외」(관리주체 아님) — 해당 여부 확인 필요(09-24 정합성 검수),검수 표시
duty_assignment,ASG-000906,applicability,해당,확인필요,시설 판정 「제외」(관리주체 아님)와 어긋남 — 담당 확인 필요
duty_assignment,ASG-000906,applicability_note,,시설 판정 「제외」(관리주체 아님) — 해당 여부 확인 필요(09-24 정합성 검수),검수 표시
duty_assignment,ASG-000908,applicability,해당,확인필요,시설 판정 「제외」(관리주체 아님)와 어긋남 — 담당 확인 필요
duty_assignment,ASG-000908,applicability_note,,시설 판정 「제외」(관리주체 아님) — 해당 여부 확인 필요(09-24 정합성 검수),검수 표시
duty_assignment,ASG-000909,applicability,해당,확인필요,시설 판정 「제외」(관리주체 아님)와 어긋남 — 담당 확인 필요
duty_assignment,ASG-000909,applicability_note,,시설 판정 「제외」(관리주체 아님) — 해당 여부 확인 필요(09-24 정합성 검수),검수 표시
duty_assignment,ASG-000910,applicability,해당,확인필요,시설 판정 「제외」(관리주체 아님)와 어긋남 — 담당 확인 필요
duty_assignment,ASG-000910,applicability_note,,시설 판정 「제외」(관리주체 아님) — 해당 여부 확인 필요(09-24 정합성 검수),검수 표시
duty_assignment,ASG-000912,applicability,해당,확인필요,시설 판정 「제외」(관리주체 아님)와 어긋남 — 담당 확인 필요
duty_assignment,ASG-000912,applicability_note,,시설 판정 「제외」(관리주체 아님) — 해당 여부 확인 필요(09-24 정합성 검수),검수 표시
duty_assignment,ASG-000913,applicability,해당,확인필요,시설 판정 「제외」(관리주체 아님)와 어긋남 — 담당 확인 필요
duty_assignment,ASG-000913,applicability_note,,시설 판정 「제외」(관리주체 아님) — 해당 여부 확인 필요(09-24 정합성 검수),검수 표시
duty_assignment,ASG-000914,applicability,해당,확인필요,시설 판정 「제외」(관리주체 아님)와 어긋남 — 담당 확인 필요
duty_assignment,ASG-000914,applicability_note,,시설 판정 「제외」(관리주체 아님) — 해당 여부 확인 필요(09-24 정합성 검수),검수 표시
duty_assignment,ASG-000916,applicability,해당,확인필요,시설 판정 「제외」(관리주체 아님)와 어긋남 — 담당 확인 필요
duty_assignment,ASG-000916,applicability_note,,시설 판정 「제외」(관리주체 아님) — 해당 여부 확인 필요(09-24 정합성 검수),검수 표시
duty_assignment,ASG-000917,applicability,해당,확인필요,시설 판정 「제외」(관리주체 아님)와 어긋남 — 담당 확인 필요
duty_assignment,ASG-000917,applicability_note,,시설 판정 「제외」(관리주체 아님) — 해당 여부 확인 필요(09-24 정합성 검수),검수 표시
duty_assignment,ASG-000918,applicability,해당,확인필요,시설 판정 「제외」(관리주체 아님)와 어긋남 — 담당 확인 필요
duty_assignment,ASG-000918,applicability_note,,시설 판정 「제외」(관리주체 아님) — 해당 여부 확인 필요(09-24 정합성 검수),검수 표시
duty_assignment,ASG-000920,applicability,해당,확인필요,시설 판정 「제외」(관리주체 아님)와 어긋남 — 담당 확인 필요
duty_assignment,ASG-000920,applicability_note,,시설 판정 「제외」(관리주체 아님) — 해당 여부 확인 필요(09-24 정합성 검수),검수 표시
duty_assignment,ASG-000921,applicability,해당,확인필요,시설 판정 「제외」(관리주체 아님)와 어긋남 — 담당 확인 필요
duty_assignment,ASG-000921,applicability_note,,시설 판정 「제외」(관리주체 아님) — 해당 여부 확인 필요(09-24 정합성 검수),검수 표시
duty_assignment,ASG-000922,applicability,해당,확인필요,시설 판정 「제외」(관리주체 아님)와 어긋남 — 담당 확인 필요
duty_assignment,ASG-000922,applicability_note,,시설 판정 「제외」(관리주체 아님) — 해당 여부 확인 필요(09-24 정합성 검수),검수 표시
duty_assignment,ASG-000924,applicability,해당,확인필요,시설 판정 「제외」(관리주체 아님)와 어긋남 — 담당 확인 필요
duty_assignment,ASG-000924,applicability_note,,시설 판정 「제외」(관리주체 아님) — 해당 여부 확인 필요(09-24 정합성 검수),검수 표시
duty_assignment,ASG-000925,applicability,해당,확인필요,시설 판정 「제외」(관리주체 아님)와 어긋남 — 담당 확인 필요
duty_assignment,ASG-000925,applicability_note,,시설 판정 「제외」(관리주체 아님) — 해당 여부 확인 필요(09-24 정합성 검수),검수 표시
duty_assignment,ASG-000926,applicability,해당,확인필요,시설 판정 「제외」(관리주체 아님)와 어긋남 — 담당 확인 필요
duty_assignment,ASG-000926,applicability_note,,시설 판정 「제외」(관리주체 아님) — 해당 여부 확인 필요(09-24 정합성 검수),검수 표시
duty_assignment,ASG-000928,applicability,해당,확인필요,시설 판정 「제외」(관리주체 아님)와 어긋남 — 담당 확인 필요
duty_assignment,ASG-000928,applicability_note,,시설 판정 「제외」(관리주체 아님) — 해당 여부 확인 필요(09-24 정합성 검수),검수 표시
duty_assignment,ASG-000929,applicability,해당,확인필요,시설 판정 「제외」(관리주체 아님)와 어긋남 — 담당 확인 필요
duty_assignment,ASG-000929,applicability_note,,시설 판정 「제외」(관리주체 아님) — 해당 여부 확인 필요(09-24 정합성 검수),검수 표시
duty_assignment,ASG-000930,applicability,해당,확인필요,시설 판정 「제외」(관리주체 아님)와 어긋남 — 담당 확인 필요
duty_assignment,ASG-000930,applicability_note,,시설 판정 「제외」(관리주체 아님) — 해당 여부 확인 필요(09-24 정합성 검수),검수 표시
duty_assignment,ASG-000932,applicability,해당,확인필요,시설 판정 「제외」(관리주체 아님)와 어긋남 — 담당 확인 필요
duty_assignment,ASG-000932,applicability_note,,시설 판정 「제외」(관리주체 아님) — 해당 여부 확인 필요(09-24 정합성 검수),검수 표시
duty_assignment,ASG-000933,applicability,해당,확인필요,시설 판정 「제외」(관리주체 아님)와 어긋남 — 담당 확인 필요
duty_assignment,ASG-000933,applicability_note,,시설 판정 「제외」(관리주체 아님) — 해당 여부 확인 필요(09-24 정합성 검수),검수 표시
duty_assignment,ASG-000934,applicability,해당,확인필요,시설 판정 「제외」(관리주체 아님)와 어긋남 — 담당 확인 필요
duty_assignment,ASG-000934,applicability_note,,시설 판정 「제외」(관리주체 아님) — 해당 여부 확인 필요(09-24 정합성 검수),검수 표시
duty_assignment,ASG-000936,applicability,해당,확인필요,시설 판정 「제외」(관리주체 아님)와 어긋남 — 담당 확인 필요
duty_assignment,ASG-000936,applicability_note,,시설 판정 「제외」(관리주체 아님) — 해당 여부 확인 필요(09-24 정합성 검수),검수 표시
duty_assignment,ASG-000937,applicability,해당,확인필요,시설 판정 「제외」(관리주체 아님)와 어긋남 — 담당 확인 필요
duty_assignment,ASG-000937,applicability_note,,시설 판정 「제외」(관리주체 아님) — 해당 여부 확인 필요(09-24 정합성 검수),검수 표시
duty_assignment,ASG-000938,applicability,해당,확인필요,시설 판정 「제외」(관리주체 아님)와 어긋남 — 담당 확인 필요
duty_assignment,ASG-000938,applicability_note,,시설 판정 「제외」(관리주체 아님) — 해당 여부 확인 필요(09-24 정합성 검수),검수 표시
duty_assignment,ASG-000940,applicability,해당,확인필요,시설 판정 「제외」(관리주체 아님)와 어긋남 — 담당 확인 필요
duty_assignment,ASG-000940,applicability_note,,시설 판정 「제외」(관리주체 아님) — 해당 여부 확인 필요(09-24 정합성 검수),검수 표시
duty_assignment,ASG-000941,applicability,해당,확인필요,시설 판정 「제외」(관리주체 아님)와 어긋남 — 담당 확인 필요
duty_assignment,ASG-000941,applicability_note,,시설 판정 「제외」(관리주체 아님) — 해당 여부 확인 필요(09-24 정합성 검수),검수 표시
duty_assignment,ASG-000942,applicability,해당,확인필요,시설 판정 「제외」(관리주체 아님)와 어긋남 — 담당 확인 필요
duty_assignment,ASG-000942,applicability_note,,시설 판정 「제외」(관리주체 아님) — 해당 여부 확인 필요(09-24 정합성 검수),검수 표시
duty_assignment,ASG-000952,applicability,해당,확인필요,시설 판정 「제외」(관리주체 아님)와 어긋남 — 담당 확인 필요
duty_assignment,ASG-000952,applicability_note,,시설 판정 「제외」(관리주체 아님) — 해당 여부 확인 필요(09-24 정합성 검수),검수 표시
duty_assignment,ASG-000953,applicability,해당,확인필요,시설 판정 「제외」(관리주체 아님)와 어긋남 — 담당 확인 필요
duty_assignment,ASG-000953,applicability_note,,시설 판정 「제외」(관리주체 아님) — 해당 여부 확인 필요(09-24 정합성 검수),검수 표시
duty_assignment,ASG-000954,applicability,해당,확인필요,시설 판정 「제외」(관리주체 아님)와 어긋남 — 담당 확인 필요
duty_assignment,ASG-000954,applicability_note,,시설 판정 「제외」(관리주체 아님) — 해당 여부 확인 필요(09-24 정합성 검수),검수 표시
duty_assignment,ASG-000956,applicability,해당,확인필요,시설 판정 「제외」(관리주체 아님)와 어긋남 — 담당 확인 필요
duty_assignment,ASG-000956,applicability_note,,시설 판정 「제외」(관리주체 아님) — 해당 여부 확인 필요(09-24 정합성 검수),검수 표시
duty_assignment,ASG-000957,applicability,해당,확인필요,시설 판정 「제외」(관리주체 아님)와 어긋남 — 담당 확인 필요
duty_assignment,ASG-000957,applicability_note,,시설 판정 「제외」(관리주체 아님) — 해당 여부 확인 필요(09-24 정합성 검수),검수 표시
duty_assignment,ASG-000958,applicability,해당,확인필요,시설 판정 「제외」(관리주체 아님)와 어긋남 — 담당 확인 필요
duty_assignment,ASG-000958,applicability_note,,시설 판정 「제외」(관리주체 아님) — 해당 여부 확인 필요(09-24 정합성 검수),검수 표시
duty_assignment,ASG-000960,applicability,해당,확인필요,시설 판정 「제외」(관리주체 아님)와 어긋남 — 담당 확인 필요
duty_assignment,ASG-000960,applicability_note,,시설 판정 「제외」(관리주체 아님) — 해당 여부 확인 필요(09-24 정합성 검수),검수 표시
duty_assignment,ASG-000961,applicability,해당,확인필요,시설 판정 「제외」(관리주체 아님)와 어긋남 — 담당 확인 필요
duty_assignment,ASG-000961,applicability_note,,시설 판정 「제외」(관리주체 아님) — 해당 여부 확인 필요(09-24 정합성 검수),검수 표시
duty_assignment,ASG-000962,applicability,해당,확인필요,시설 판정 「제외」(관리주체 아님)와 어긋남 — 담당 확인 필요
duty_assignment,ASG-000962,applicability_note,,시설 판정 「제외」(관리주체 아님) — 해당 여부 확인 필요(09-24 정합성 검수),검수 표시
duty_assignment,ASG-000964,applicability,해당,확인필요,시설 판정 「제외」(관리주체 아님)와 어긋남 — 담당 확인 필요
duty_assignment,ASG-000964,applicability_note,,시설 판정 「제외」(관리주체 아님) — 해당 여부 확인 필요(09-24 정합성 검수),검수 표시
duty_assignment,ASG-000965,applicability,해당,확인필요,시설 판정 「제외」(관리주체 아님)와 어긋남 — 담당 확인 필요
duty_assignment,ASG-000965,applicability_note,,시설 판정 「제외」(관리주체 아님) — 해당 여부 확인 필요(09-24 정합성 검수),검수 표시
duty_assignment,ASG-000966,applicability,해당,확인필요,시설 판정 「제외」(관리주체 아님)와 어긋남 — 담당 확인 필요
duty_assignment,ASG-000966,applicability_note,,시설 판정 「제외」(관리주체 아님) — 해당 여부 확인 필요(09-24 정합성 검수),검수 표시
duty_assignment,ASG-000968,applicability,해당,확인필요,시설 판정 「제외」(관리주체 아님)와 어긋남 — 담당 확인 필요
duty_assignment,ASG-000968,applicability_note,,시설 판정 「제외」(관리주체 아님) — 해당 여부 확인 필요(09-24 정합성 검수),검수 표시
duty_assignment,ASG-000969,applicability,해당,확인필요,시설 판정 「제외」(관리주체 아님)와 어긋남 — 담당 확인 필요
duty_assignment,ASG-000969,applicability_note,,시설 판정 「제외」(관리주체 아님) — 해당 여부 확인 필요(09-24 정합성 검수),검수 표시
duty_assignment,ASG-000970,applicability,해당,확인필요,시설 판정 「제외」(관리주체 아님)와 어긋남 — 담당 확인 필요
duty_assignment,ASG-000970,applicability_note,,시설 판정 「제외」(관리주체 아님) — 해당 여부 확인 필요(09-24 정합성 검수),검수 표시
duty_assignment,ASG-000972,applicability,해당,확인필요,시설 판정 「제외」(관리주체 아님)와 어긋남 — 담당 확인 필요
duty_assignment,ASG-000972,applicability_note,,시설 판정 「제외」(관리주체 아님) — 해당 여부 확인 필요(09-24 정합성 검수),검수 표시
duty_assignment,ASG-000973,applicability,해당,확인필요,시설 판정 「제외」(관리주체 아님)와 어긋남 — 담당 확인 필요
duty_assignment,ASG-000973,applicability_note,,시설 판정 「제외」(관리주체 아님) — 해당 여부 확인 필요(09-24 정합성 검수),검수 표시
duty_assignment,ASG-000974,applicability,해당,확인필요,시설 판정 「제외」(관리주체 아님)와 어긋남 — 담당 확인 필요
duty_assignment,ASG-000974,applicability_note,,시설 판정 「제외」(관리주체 아님) — 해당 여부 확인 필요(09-24 정합성 검수),검수 표시
duty_assignment,ASG-000976,applicability,해당,확인필요,시설 판정 「제외」(관리주체 아님)와 어긋남 — 담당 확인 필요
duty_assignment,ASG-000976,applicability_note,,시설 판정 「제외」(관리주체 아님) — 해당 여부 확인 필요(09-24 정합성 검수),검수 표시
duty_assignment,ASG-000977,applicability,해당,확인필요,시설 판정 「제외」(관리주체 아님)와 어긋남 — 담당 확인 필요
duty_assignment,ASG-000977,applicability_note,,시설 판정 「제외」(관리주체 아님) — 해당 여부 확인 필요(09-24 정합성 검수),검수 표시
duty_assignment,ASG-000978,applicability,해당,확인필요,시설 판정 「제외」(관리주체 아님)와 어긋남 — 담당 확인 필요
duty_assignment,ASG-000978,applicability_note,,시설 판정 「제외」(관리주체 아님) — 해당 여부 확인 필요(09-24 정합성 검수),검수 표시
duty_assignment,ASG-000980,applicability,해당,확인필요,시설 판정 「제외」(관리주체 아님)와 어긋남 — 담당 확인 필요
duty_assignment,ASG-000980,applicability_note,,시설 판정 「제외」(관리주체 아님) — 해당 여부 확인 필요(09-24 정합성 검수),검수 표시
duty_assignment,ASG-000981,applicability,해당,확인필요,시설 판정 「제외」(관리주체 아님)와 어긋남 — 담당 확인 필요
duty_assignment,ASG-000981,applicability_note,,시설 판정 「제외」(관리주체 아님) — 해당 여부 확인 필요(09-24 정합성 검수),검수 표시
duty_assignment,ASG-000982,applicability,해당,확인필요,시설 판정 「제외」(관리주체 아님)와 어긋남 — 담당 확인 필요
duty_assignment,ASG-000982,applicability_note,,시설 판정 「제외」(관리주체 아님) — 해당 여부 확인 필요(09-24 정합성 검수),검수 표시
duty_assignment,ASG-001134,applicability,해당,확인필요,시설 판정 「제외」(관리주체 아님)와 어긋남 — 담당 확인 필요
duty_assignment,ASG-001134,applicability_note,,시설 판정 「제외」(관리주체 아님) — 해당 여부 확인 필요(09-24 정합성 검수),검수 표시
duty_assignment,ASG-001135,applicability,해당,확인필요,시설 판정 「제외」(관리주체 아님)와 어긋남 — 담당 확인 필요
duty_assignment,ASG-001135,applicability_note,,시설 판정 「제외」(관리주체 아님) — 해당 여부 확인 필요(09-24 정합성 검수),검수 표시
duty_assignment,ASG-001136,applicability,해당,확인필요,시설 판정 「제외」(관리주체 아님)와 어긋남 — 담당 확인 필요
duty_assignment,ASG-001136,applicability_note,,시설 판정 「제외」(관리주체 아님) — 해당 여부 확인 필요(09-24 정합성 검수),검수 표시
duty_assignment,ASG-001138,applicability,해당,확인필요,시설 판정 「제외」(관리주체 아님)와 어긋남 — 담당 확인 필요
duty_assignment,ASG-001138,applicability_note,,시설 판정 「제외」(관리주체 아님) — 해당 여부 확인 필요(09-24 정합성 검수),검수 표시
duty_assignment,ASG-001139,applicability,해당,확인필요,시설 판정 「제외」(관리주체 아님)와 어긋남 — 담당 확인 필요
duty_assignment,ASG-001139,applicability_note,,시설 판정 「제외」(관리주체 아님) — 해당 여부 확인 필요(09-24 정합성 검수),검수 표시
duty_assignment,ASG-001140,applicability,해당,확인필요,시설 판정 「제외」(관리주체 아님)와 어긋남 — 담당 확인 필요
duty_assignment,ASG-001140,applicability_note,,시설 판정 「제외」(관리주체 아님) — 해당 여부 확인 필요(09-24 정합성 검수),검수 표시
duty_assignment,ASG-001142,applicability,해당,확인필요,시설 판정 「제외」(관리주체 아님)와 어긋남 — 담당 확인 필요
duty_assignment,ASG-001142,applicability_note,,시설 판정 「제외」(관리주체 아님) — 해당 여부 확인 필요(09-24 정합성 검수),검수 표시
duty_assignment,ASG-001143,applicability,해당,확인필요,시설 판정 「제외」(관리주체 아님)와 어긋남 — 담당 확인 필요
duty_assignment,ASG-001143,applicability_note,,시설 판정 「제외」(관리주체 아님) — 해당 여부 확인 필요(09-24 정합성 검수),검수 표시
duty_assignment,ASG-001144,applicability,해당,확인필요,시설 판정 「제외」(관리주체 아님)와 어긋남 — 담당 확인 필요
duty_assignment,ASG-001144,applicability_note,,시설 판정 「제외」(관리주체 아님) — 해당 여부 확인 필요(09-24 정합성 검수),검수 표시
duty_assignment,ASG-001146,applicability,해당,확인필요,시설 판정 「제외」(관리주체 아님)와 어긋남 — 담당 확인 필요
duty_assignment,ASG-001146,applicability_note,,시설 판정 「제외」(관리주체 아님) — 해당 여부 확인 필요(09-24 정합성 검수),검수 표시
duty_assignment,ASG-001147,applicability,해당,확인필요,시설 판정 「제외」(관리주체 아님)와 어긋남 — 담당 확인 필요
duty_assignment,ASG-001147,applicability_note,,시설 판정 「제외」(관리주체 아님) — 해당 여부 확인 필요(09-24 정합성 검수),검수 표시
duty_assignment,ASG-001148,applicability,해당,확인필요,시설 판정 「제외」(관리주체 아님)와 어긋남 — 담당 확인 필요
duty_assignment,ASG-001148,applicability_note,,시설 판정 「제외」(관리주체 아님) — 해당 여부 확인 필요(09-24 정합성 검수),검수 표시
duty_assignment,ASG-001150,applicability,해당,확인필요,시설 판정 「제외」(관리주체 아님)와 어긋남 — 담당 확인 필요
duty_assignment,ASG-001150,applicability_note,,시설 판정 「제외」(관리주체 아님) — 해당 여부 확인 필요(09-24 정합성 검수),검수 표시
duty_assignment,ASG-001151,applicability,해당,확인필요,시설 판정 「제외」(관리주체 아님)와 어긋남 — 담당 확인 필요
duty_assignment,ASG-001151,applicability_note,,시설 판정 「제외」(관리주체 아님) — 해당 여부 확인 필요(09-24 정합성 검수),검수 표시
duty_assignment,ASG-001152,applicability,해당,확인필요,시설 판정 「제외」(관리주체 아님)와 어긋남 — 담당 확인 필요
duty_assignment,ASG-001152,applicability_note,,시설 판정 「제외」(관리주체 아님) — 해당 여부 확인 필요(09-24 정합성 검수),검수 표시
duty_assignment,ASG-001445,applicability,해당,확인필요,시설 판정 「제외」(관리주체 아님)와 어긋남 — 담당 확인 필요
duty_assignment,ASG-001445,applicability_note,,시설 판정 「제외」(관리주체 아님) — 해당 여부 확인 필요(09-24 정합성 검수),검수 표시
duty_assignment,ASG-001446,applicability,해당,확인필요,시설 판정 「제외」(관리주체 아님)와 어긋남 — 담당 확인 필요
duty_assignment,ASG-001446,applicability_note,,시설 판정 「제외」(관리주체 아님) — 해당 여부 확인 필요(09-24 정합성 검수),검수 표시
duty_assignment,ASG-001447,applicability,해당,확인필요,시설 판정 「제외」(관리주체 아님)와 어긋남 — 담당 확인 필요
duty_assignment,ASG-001447,applicability_note,,시설 판정 「제외」(관리주체 아님) — 해당 여부 확인 필요(09-24 정합성 검수),검수 표시
duty_assignment,ASG-001449,applicability,해당,확인필요,시설 판정 「제외」(관리주체 아님)와 어긋남 — 담당 확인 필요
duty_assignment,ASG-001449,applicability_note,,시설 판정 「제외」(관리주체 아님) — 해당 여부 확인 필요(09-24 정합성 검수),검수 표시
duty_assignment,ASG-001450,applicability,해당,확인필요,시설 판정 「제외」(관리주체 아님)와 어긋남 — 담당 확인 필요
duty_assignment,ASG-001450,applicability_note,,시설 판정 「제외」(관리주체 아님) — 해당 여부 확인 필요(09-24 정합성 검수),검수 표시
duty_assignment,ASG-001451,applicability,해당,확인필요,시설 판정 「제외」(관리주체 아님)와 어긋남 — 담당 확인 필요
duty_assignment,ASG-001451,applicability_note,,시설 판정 「제외」(관리주체 아님) — 해당 여부 확인 필요(09-24 정합성 검수),검수 표시
duty_assignment,ASG-001453,applicability,해당,확인필요,시설 판정 「제외」(관리주체 아님)와 어긋남 — 담당 확인 필요
duty_assignment,ASG-001453,applicability_note,,시설 판정 「제외」(관리주체 아님) — 해당 여부 확인 필요(09-24 정합성 검수),검수 표시
duty_assignment,ASG-001454,applicability,해당,확인필요,시설 판정 「제외」(관리주체 아님)와 어긋남 — 담당 확인 필요
duty_assignment,ASG-001454,applicability_note,,시설 판정 「제외」(관리주체 아님) — 해당 여부 확인 필요(09-24 정합성 검수),검수 표시
duty_assignment,ASG-001455,applicability,해당,확인필요,시설 판정 「제외」(관리주체 아님)와 어긋남 — 담당 확인 필요
duty_assignment,ASG-001455,applicability_note,,시설 판정 「제외」(관리주체 아님) — 해당 여부 확인 필요(09-24 정합성 검수),검수 표시
duty_assignment,ASG-001457,applicability,해당,확인필요,시설 판정 「제외」(관리주체 아님)와 어긋남 — 담당 확인 필요
duty_assignment,ASG-001457,applicability_note,,시설 판정 「제외」(관리주체 아님) — 해당 여부 확인 필요(09-24 정합성 검수),검수 표시
duty_assignment,ASG-001458,applicability,해당,확인필요,시설 판정 「제외」(관리주체 아님)와 어긋남 — 담당 확인 필요
duty_assignment,ASG-001458,applicability_note,,시설 판정 「제외」(관리주체 아님) — 해당 여부 확인 필요(09-24 정합성 검수),검수 표시
duty_assignment,ASG-001459,applicability,해당,확인필요,시설 판정 「제외」(관리주체 아님)와 어긋남 — 담당 확인 필요
duty_assignment,ASG-001459,applicability_note,,시설 판정 「제외」(관리주체 아님) — 해당 여부 확인 필요(09-24 정합성 검수),검수 표시
duty_assignment,ASG-001461,applicability,해당,확인필요,시설 판정 「제외」(관리주체 아님)와 어긋남 — 담당 확인 필요
duty_assignment,ASG-001461,applicability_note,,시설 판정 「제외」(관리주체 아님) — 해당 여부 확인 필요(09-24 정합성 검수),검수 표시
duty_assignment,ASG-001462,applicability,해당,확인필요,시설 판정 「제외」(관리주체 아님)와 어긋남 — 담당 확인 필요
duty_assignment,ASG-001462,applicability_note,,시설 판정 「제외」(관리주체 아님) — 해당 여부 확인 필요(09-24 정합성 검수),검수 표시
duty_assignment,ASG-001463,applicability,해당,확인필요,시설 판정 「제외」(관리주체 아님)와 어긋남 — 담당 확인 필요
duty_assignment,ASG-001463,applicability_note,,시설 판정 「제외」(관리주체 아님) — 해당 여부 확인 필요(09-24 정합성 검수),검수 표시
duty_assignment,ASG-001465,applicability,해당,확인필요,시설 판정 「제외」(관리주체 아님)와 어긋남 — 담당 확인 필요
duty_assignment,ASG-001465,applicability_note,,시설 판정 「제외」(관리주체 아님) — 해당 여부 확인 필요(09-24 정합성 검수),검수 표시
duty_assignment,ASG-001466,applicability,해당,확인필요,시설 판정 「제외」(관리주체 아님)와 어긋남 — 담당 확인 필요
duty_assignment,ASG-001466,applicability_note,,시설 판정 「제외」(관리주체 아님) — 해당 여부 확인 필요(09-24 정합성 검수),검수 표시
duty_assignment,ASG-001467,applicability,해당,확인필요,시설 판정 「제외」(관리주체 아님)와 어긋남 — 담당 확인 필요
duty_assignment,ASG-001467,applicability_note,,시설 판정 「제외」(관리주체 아님) — 해당 여부 확인 필요(09-24 정합성 검수),검수 표시
duty_assignment,ASG-001469,applicability,해당,확인필요,시설 판정 「제외」(관리주체 아님)와 어긋남 — 담당 확인 필요
duty_assignment,ASG-001469,applicability_note,,시설 판정 「제외」(관리주체 아님) — 해당 여부 확인 필요(09-24 정합성 검수),검수 표시
duty_assignment,ASG-001470,applicability,해당,확인필요,시설 판정 「제외」(관리주체 아님)와 어긋남 — 담당 확인 필요
duty_assignment,ASG-001470,applicability_note,,시설 판정 「제외」(관리주체 아님) — 해당 여부 확인 필요(09-24 정합성 검수),검수 표시
duty_assignment,ASG-001471,applicability,해당,확인필요,시설 판정 「제외」(관리주체 아님)와 어긋남 — 담당 확인 필요
duty_assignment,ASG-001471,applicability_note,,시설 판정 「제외」(관리주체 아님) — 해당 여부 확인 필요(09-24 정합성 검수),검수 표시
duty_assignment,ASG-001473,applicability,해당,확인필요,시설 판정 「제외」(관리주체 아님)와 어긋남 — 담당 확인 필요
duty_assignment,ASG-001473,applicability_note,,시설 판정 「제외」(관리주체 아님) — 해당 여부 확인 필요(09-24 정합성 검수),검수 표시
duty_assignment,ASG-001474,applicability,해당,확인필요,시설 판정 「제외」(관리주체 아님)와 어긋남 — 담당 확인 필요
duty_assignment,ASG-001474,applicability_note,,시설 판정 「제외」(관리주체 아님) — 해당 여부 확인 필요(09-24 정합성 검수),검수 표시
duty_assignment,ASG-001475,applicability,해당,확인필요,시설 판정 「제외」(관리주체 아님)와 어긋남 — 담당 확인 필요
duty_assignment,ASG-001475,applicability_note,,시설 판정 「제외」(관리주체 아님) — 해당 여부 확인 필요(09-24 정합성 검수),검수 표시
duty_assignment,ASG-001477,applicability,해당,확인필요,시설 판정 「제외」(관리주체 아님)와 어긋남 — 담당 확인 필요
duty_assignment,ASG-001477,applicability_note,,시설 판정 「제외」(관리주체 아님) — 해당 여부 확인 필요(09-24 정합성 검수),검수 표시
duty_assignment,ASG-001478,applicability,해당,확인필요,시설 판정 「제외」(관리주체 아님)와 어긋남 — 담당 확인 필요
duty_assignment,ASG-001478,applicability_note,,시설 판정 「제외」(관리주체 아님) — 해당 여부 확인 필요(09-24 정합성 검수),검수 표시
duty_assignment,ASG-001479,applicability,해당,확인필요,시설 판정 「제외」(관리주체 아님)와 어긋남 — 담당 확인 필요
duty_assignment,ASG-001479,applicability_note,,시설 판정 「제외」(관리주체 아님) — 해당 여부 확인 필요(09-24 정합성 검수),검수 표시
duty_assignment,ASG-001481,applicability,해당,확인필요,시설 판정 「제외」(관리주체 아님)와 어긋남 — 담당 확인 필요
duty_assignment,ASG-001481,applicability_note,,시설 판정 「제외」(관리주체 아님) — 해당 여부 확인 필요(09-24 정합성 검수),검수 표시
duty_assignment,ASG-001482,applicability,해당,확인필요,시설 판정 「제외」(관리주체 아님)와 어긋남 — 담당 확인 필요
duty_assignment,ASG-001482,applicability_note,,시설 판정 「제외」(관리주체 아님) — 해당 여부 확인 필요(09-24 정합성 검수),검수 표시
duty_assignment,ASG-001483,applicability,해당,확인필요,시설 판정 「제외」(관리주체 아님)와 어긋남 — 담당 확인 필요
duty_assignment,ASG-001483,applicability_note,,시설 판정 「제외」(관리주체 아님) — 해당 여부 확인 필요(09-24 정합성 검수),검수 표시
duty_assignment,ASG-001485,applicability,해당,확인필요,시설 판정 「제외」(관리주체 아님)와 어긋남 — 담당 확인 필요
duty_assignment,ASG-001485,applicability_note,,시설 판정 「제외」(관리주체 아님) — 해당 여부 확인 필요(09-24 정합성 검수),검수 표시
duty_assignment,ASG-001486,applicability,해당,확인필요,시설 판정 「제외」(관리주체 아님)와 어긋남 — 담당 확인 필요
duty_assignment,ASG-001486,applicability_note,,시설 판정 「제외」(관리주체 아님) — 해당 여부 확인 필요(09-24 정합성 검수),검수 표시
duty_assignment,ASG-001487,applicability,해당,확인필요,시설 판정 「제외」(관리주체 아님)와 어긋남 — 담당 확인 필요
duty_assignment,ASG-001487,applicability_note,,시설 판정 「제외」(관리주체 아님) — 해당 여부 확인 필요(09-24 정합성 검수),검수 표시
duty_assignment,ASG-001489,applicability,해당,확인필요,시설 판정 「제외」(관리주체 아님)와 어긋남 — 담당 확인 필요
duty_assignment,ASG-001489,applicability_note,,시설 판정 「제외」(관리주체 아님) — 해당 여부 확인 필요(09-24 정합성 검수),검수 표시
duty_assignment,ASG-001490,applicability,해당,확인필요,시설 판정 「제외」(관리주체 아님)와 어긋남 — 담당 확인 필요
duty_assignment,ASG-001490,applicability_note,,시설 판정 「제외」(관리주체 아님) — 해당 여부 확인 필요(09-24 정합성 검수),검수 표시
duty_assignment,ASG-001491,applicability,해당,확인필요,시설 판정 「제외」(관리주체 아님)와 어긋남 — 담당 확인 필요
duty_assignment,ASG-001491,applicability_note,,시설 판정 「제외」(관리주체 아님) — 해당 여부 확인 필요(09-24 정합성 검수),검수 표시
duty_assignment,ASG-001493,applicability,해당,확인필요,시설 판정 「제외」(관리주체 아님)와 어긋남 — 담당 확인 필요
duty_assignment,ASG-001493,applicability_note,,시설 판정 「제외」(관리주체 아님) — 해당 여부 확인 필요(09-24 정합성 검수),검수 표시
duty_assignment,ASG-001494,applicability,해당,확인필요,시설 판정 「제외」(관리주체 아님)와 어긋남 — 담당 확인 필요
duty_assignment,ASG-001494,applicability_note,,시설 판정 「제외」(관리주체 아님) — 해당 여부 확인 필요(09-24 정합성 검수),검수 표시
duty_assignment,ASG-001495,applicability,해당,확인필요,시설 판정 「제외」(관리주체 아님)와 어긋남 — 담당 확인 필요
duty_assignment,ASG-001495,applicability_note,,시설 판정 「제외」(관리주체 아님) — 해당 여부 확인 필요(09-24 정합성 검수),검수 표시
duty_assignment,ASG-001497,applicability,해당,확인필요,시설 판정 「제외」(관리주체 아님)와 어긋남 — 담당 확인 필요
duty_assignment,ASG-001497,applicability_note,,시설 판정 「제외」(관리주체 아님) — 해당 여부 확인 필요(09-24 정합성 검수),검수 표시
duty_assignment,ASG-001498,applicability,해당,확인필요,시설 판정 「제외」(관리주체 아님)와 어긋남 — 담당 확인 필요
duty_assignment,ASG-001498,applicability_note,,시설 판정 「제외」(관리주체 아님) — 해당 여부 확인 필요(09-24 정합성 검수),검수 표시
duty_assignment,ASG-001499,applicability,해당,확인필요,시설 판정 「제외」(관리주체 아님)와 어긋남 — 담당 확인 필요
duty_assignment,ASG-001499,applicability_note,,시설 판정 「제외」(관리주체 아님) — 해당 여부 확인 필요(09-24 정합성 검수),검수 표시
duty_assignment,ASG-001501,applicability,해당,확인필요,시설 판정 「제외」(관리주체 아님)와 어긋남 — 담당 확인 필요
duty_assignment,ASG-001501,applicability_note,,시설 판정 「제외」(관리주체 아님) — 해당 여부 확인 필요(09-24 정합성 검수),검수 표시
duty_assignment,ASG-001502,applicability,해당,확인필요,시설 판정 「제외」(관리주체 아님)와 어긋남 — 담당 확인 필요
duty_assignment,ASG-001502,applicability_note,,시설 판정 「제외」(관리주체 아님) — 해당 여부 확인 필요(09-24 정합성 검수),검수 표시
duty_assignment,ASG-001503,applicability,해당,확인필요,시설 판정 「제외」(관리주체 아님)와 어긋남 — 담당 확인 필요
duty_assignment,ASG-001503,applicability_note,,시설 판정 「제외」(관리주체 아님) — 해당 여부 확인 필요(09-24 정합성 검수),검수 표시
duty_assignment,ASG-001505,applicability,해당,확인필요,시설 판정 「제외」(관리주체 아님)와 어긋남 — 담당 확인 필요
duty_assignment,ASG-001505,applicability_note,,시설 판정 「제외」(관리주체 아님) — 해당 여부 확인 필요(09-24 정합성 검수),검수 표시
duty_assignment,ASG-001506,applicability,해당,확인필요,시설 판정 「제외」(관리주체 아님)와 어긋남 — 담당 확인 필요
duty_assignment,ASG-001506,applicability_note,,시설 판정 「제외」(관리주체 아님) — 해당 여부 확인 필요(09-24 정합성 검수),검수 표시
duty_assignment,ASG-001507,applicability,해당,확인필요,시설 판정 「제외」(관리주체 아님)와 어긋남 — 담당 확인 필요
duty_assignment,ASG-001507,applicability_note,,시설 판정 「제외」(관리주체 아님) — 해당 여부 확인 필요(09-24 정합성 검수),검수 표시
duty_assignment,ASG-001509,applicability,해당,확인필요,시설 판정 「제외」(관리주체 아님)와 어긋남 — 담당 확인 필요
duty_assignment,ASG-001509,applicability_note,,시설 판정 「제외」(관리주체 아님) — 해당 여부 확인 필요(09-24 정합성 검수),검수 표시
duty_assignment,ASG-001510,applicability,해당,확인필요,시설 판정 「제외」(관리주체 아님)와 어긋남 — 담당 확인 필요
duty_assignment,ASG-001510,applicability_note,,시설 판정 「제외」(관리주체 아님) — 해당 여부 확인 필요(09-24 정합성 검수),검수 표시
duty_assignment,ASG-001511,applicability,해당,확인필요,시설 판정 「제외」(관리주체 아님)와 어긋남 — 담당 확인 필요
duty_assignment,ASG-001511,applicability_note,,시설 판정 「제외」(관리주체 아님) — 해당 여부 확인 필요(09-24 정합성 검수),검수 표시
duty_assignment,ASG-001513,applicability,해당,확인필요,시설 판정 「제외」(관리주체 아님)와 어긋남 — 담당 확인 필요
duty_assignment,ASG-001513,applicability_note,,시설 판정 「제외」(관리주체 아님) — 해당 여부 확인 필요(09-24 정합성 검수),검수 표시
duty_assignment,ASG-001514,applicability,해당,확인필요,시설 판정 「제외」(관리주체 아님)와 어긋남 — 담당 확인 필요
duty_assignment,ASG-001514,applicability_note,,시설 판정 「제외」(관리주체 아님) — 해당 여부 확인 필요(09-24 정합성 검수),검수 표시
duty_assignment,ASG-001515,applicability,해당,확인필요,시설 판정 「제외」(관리주체 아님)와 어긋남 — 담당 확인 필요
duty_assignment,ASG-001515,applicability_note,,시설 판정 「제외」(관리주체 아님) — 해당 여부 확인 필요(09-24 정합성 검수),검수 표시
duty_assignment,ASG-001517,applicability,해당,확인필요,시설 판정 「제외」(관리주체 아님)와 어긋남 — 담당 확인 필요
duty_assignment,ASG-001517,applicability_note,,시설 판정 「제외」(관리주체 아님) — 해당 여부 확인 필요(09-24 정합성 검수),검수 표시
duty_assignment,ASG-001518,applicability,해당,확인필요,시설 판정 「제외」(관리주체 아님)와 어긋남 — 담당 확인 필요
duty_assignment,ASG-001518,applicability_note,,시설 판정 「제외」(관리주체 아님) — 해당 여부 확인 필요(09-24 정합성 검수),검수 표시
duty_assignment,ASG-001519,applicability,해당,확인필요,시설 판정 「제외」(관리주체 아님)와 어긋남 — 담당 확인 필요
duty_assignment,ASG-001519,applicability_note,,시설 판정 「제외」(관리주체 아님) — 해당 여부 확인 필요(09-24 정합성 검수),검수 표시
duty_assignment,ASG-001521,applicability,해당,확인필요,시설 판정 「제외」(관리주체 아님)와 어긋남 — 담당 확인 필요
duty_assignment,ASG-001521,applicability_note,,시설 판정 「제외」(관리주체 아님) — 해당 여부 확인 필요(09-24 정합성 검수),검수 표시
duty_assignment,ASG-001522,applicability,해당,확인필요,시설 판정 「제외」(관리주체 아님)와 어긋남 — 담당 확인 필요
duty_assignment,ASG-001522,applicability_note,,시설 판정 「제외」(관리주체 아님) — 해당 여부 확인 필요(09-24 정합성 검수),검수 표시
duty_assignment,ASG-001523,applicability,해당,확인필요,시설 판정 「제외」(관리주체 아님)와 어긋남 — 담당 확인 필요
duty_assignment,ASG-001523,applicability_note,,시설 판정 「제외」(관리주체 아님) — 해당 여부 확인 필요(09-24 정합성 검수),검수 표시
duty_assignment,ASG-001525,applicability,해당,확인필요,시설 판정 「제외」(관리주체 아님)와 어긋남 — 담당 확인 필요
duty_assignment,ASG-001525,applicability_note,,시설 판정 「제외」(관리주체 아님) — 해당 여부 확인 필요(09-24 정합성 검수),검수 표시
duty_assignment,ASG-001526,applicability,해당,확인필요,시설 판정 「제외」(관리주체 아님)와 어긋남 — 담당 확인 필요
duty_assignment,ASG-001526,applicability_note,,시설 판정 「제외」(관리주체 아님) — 해당 여부 확인 필요(09-24 정합성 검수),검수 표시
duty_assignment,ASG-001527,applicability,해당,확인필요,시설 판정 「제외」(관리주체 아님)와 어긋남 — 담당 확인 필요
duty_assignment,ASG-001527,applicability_note,,시설 판정 「제외」(관리주체 아님) — 해당 여부 확인 필요(09-24 정합성 검수),검수 표시
duty_assignment,ASG-001529,applicability,해당,확인필요,시설 판정 「제외」(관리주체 아님)와 어긋남 — 담당 확인 필요
duty_assignment,ASG-001529,applicability_note,,시설 판정 「제외」(관리주체 아님) — 해당 여부 확인 필요(09-24 정합성 검수),검수 표시
duty_assignment,ASG-001530,applicability,해당,확인필요,시설 판정 「제외」(관리주체 아님)와 어긋남 — 담당 확인 필요
duty_assignment,ASG-001530,applicability_note,,시설 판정 「제외」(관리주체 아님) — 해당 여부 확인 필요(09-24 정합성 검수),검수 표시
duty_assignment,ASG-001531,applicability,해당,확인필요,시설 판정 「제외」(관리주체 아님)와 어긋남 — 담당 확인 필요
duty_assignment,ASG-001531,applicability_note,,시설 판정 「제외」(관리주체 아님) — 해당 여부 확인 필요(09-24 정합성 검수),검수 표시
duty_assignment,ASG-001734,applicability,해당,확인필요,시설 판정 「제외」(관리주체 아님)와 어긋남 — 담당 확인 필요
duty_assignment,ASG-001734,applicability_note,,시설 판정 「제외」(관리주체 아님) — 해당 여부 확인 필요(09-24 정합성 검수),검수 표시
duty_assignment,ASG-001735,applicability,해당,확인필요,시설 판정 「제외」(관리주체 아님)와 어긋남 — 담당 확인 필요
duty_assignment,ASG-001735,applicability_note,,시설 판정 「제외」(관리주체 아님) — 해당 여부 확인 필요(09-24 정합성 검수),검수 표시
duty_assignment,ASG-001736,applicability,해당,확인필요,시설 판정 「제외」(관리주체 아님)와 어긋남 — 담당 확인 필요
duty_assignment,ASG-001736,applicability_note,,시설 판정 「제외」(관리주체 아님) — 해당 여부 확인 필요(09-24 정합성 검수),검수 표시
duty_assignment,ASG-001738,applicability,해당,확인필요,시설 판정 「제외」(관리주체 아님)와 어긋남 — 담당 확인 필요
duty_assignment,ASG-001738,applicability_note,,시설 판정 「제외」(관리주체 아님) — 해당 여부 확인 필요(09-24 정합성 검수),검수 표시
duty_assignment,ASG-001739,applicability,해당,확인필요,시설 판정 「제외」(관리주체 아님)와 어긋남 — 담당 확인 필요
duty_assignment,ASG-001739,applicability_note,,시설 판정 「제외」(관리주체 아님) — 해당 여부 확인 필요(09-24 정합성 검수),검수 표시
duty_assignment,ASG-001740,applicability,해당,확인필요,시설 판정 「제외」(관리주체 아님)와 어긋남 — 담당 확인 필요
duty_assignment,ASG-001740,applicability_note,,시설 판정 「제외」(관리주체 아님) — 해당 여부 확인 필요(09-24 정합성 검수),검수 표시
duty_assignment,ASG-001742,applicability,해당,확인필요,시설 판정 「제외」(관리주체 아님)와 어긋남 — 담당 확인 필요
duty_assignment,ASG-001742,applicability_note,,시설 판정 「제외」(관리주체 아님) — 해당 여부 확인 필요(09-24 정합성 검수),검수 표시
duty_assignment,ASG-001743,applicability,해당,확인필요,시설 판정 「제외」(관리주체 아님)와 어긋남 — 담당 확인 필요
duty_assignment,ASG-001743,applicability_note,,시설 판정 「제외」(관리주체 아님) — 해당 여부 확인 필요(09-24 정합성 검수),검수 표시
duty_assignment,ASG-001744,applicability,해당,확인필요,시설 판정 「제외」(관리주체 아님)와 어긋남 — 담당 확인 필요
duty_assignment,ASG-001744,applicability_note,,시설 판정 「제외」(관리주체 아님) — 해당 여부 확인 필요(09-24 정합성 검수),검수 표시
duty_assignment,ASG-001971,applicability,해당,확인필요,시설 판정 「제외」(관리주체 아님)와 어긋남 — 담당 확인 필요
duty_assignment,ASG-001971,applicability_note,,시설 판정 「제외」(관리주체 아님) — 해당 여부 확인 필요(09-24 정합성 검수),검수 표시
duty_assignment,ASG-001972,applicability,해당,확인필요,시설 판정 「제외」(관리주체 아님)와 어긋남 — 담당 확인 필요
duty_assignment,ASG-001972,applicability_note,,시설 판정 「제외」(관리주체 아님) — 해당 여부 확인 필요(09-24 정합성 검수),검수 표시
duty_assignment,ASG-001973,applicability,해당,확인필요,시설 판정 「제외」(관리주체 아님)와 어긋남 — 담당 확인 필요
duty_assignment,ASG-001973,applicability_note,,시설 판정 「제외」(관리주체 아님) — 해당 여부 확인 필요(09-24 정합성 검수),검수 표시
duty_assignment,ASG-001975,applicability,해당,확인필요,시설 판정 「제외」(관리주체 아님)와 어긋남 — 담당 확인 필요
duty_assignment,ASG-001975,applicability_note,,시설 판정 「제외」(관리주체 아님) — 해당 여부 확인 필요(09-24 정합성 검수),검수 표시
duty_assignment,ASG-001976,applicability,해당,확인필요,시설 판정 「제외」(관리주체 아님)와 어긋남 — 담당 확인 필요
duty_assignment,ASG-001976,applicability_note,,시설 판정 「제외」(관리주체 아님) — 해당 여부 확인 필요(09-24 정합성 검수),검수 표시
duty_assignment,ASG-001977,applicability,해당,확인필요,시설 판정 「제외」(관리주체 아님)와 어긋남 — 담당 확인 필요
duty_assignment,ASG-001977,applicability_note,,시설 판정 「제외」(관리주체 아님) — 해당 여부 확인 필요(09-24 정합성 검수),검수 표시
duty_assignment,ASG-001979,applicability,해당,확인필요,시설 판정 「제외」(관리주체 아님)와 어긋남 — 담당 확인 필요
duty_assignment,ASG-001979,applicability_note,,시설 판정 「제외」(관리주체 아님) — 해당 여부 확인 필요(09-24 정합성 검수),검수 표시
duty_assignment,ASG-001980,applicability,해당,확인필요,시설 판정 「제외」(관리주체 아님)와 어긋남 — 담당 확인 필요
duty_assignment,ASG-001980,applicability_note,,시설 판정 「제외」(관리주체 아님) — 해당 여부 확인 필요(09-24 정합성 검수),검수 표시
duty_assignment,ASG-001981,applicability,해당,확인필요,시설 판정 「제외」(관리주체 아님)와 어긋남 — 담당 확인 필요
duty_assignment,ASG-001981,applicability_note,,시설 판정 「제외」(관리주체 아님) — 해당 여부 확인 필요(09-24 정합성 검수),검수 표시
duty_assignment,ASG-001984,applicability,해당,확인필요,시설 판정 「제외」(관리주체 아님)와 어긋남 — 담당 확인 필요
duty_assignment,ASG-001984,applicability_note,,시설 판정 「제외」(관리주체 아님) — 해당 여부 확인 필요(09-24 정합성 검수),검수 표시
duty_assignment,ASG-001985,applicability,해당,확인필요,시설 판정 「제외」(관리주체 아님)와 어긋남 — 담당 확인 필요
duty_assignment,ASG-001985,applicability_note,,시설 판정 「제외」(관리주체 아님) — 해당 여부 확인 필요(09-24 정합성 검수),검수 표시
duty_assignment,ASG-001986,applicability,해당,확인필요,시설 판정 「제외」(관리주체 아님)와 어긋남 — 담당 확인 필요
duty_assignment,ASG-001986,applicability_note,,시설 판정 「제외」(관리주체 아님) — 해당 여부 확인 필요(09-24 정합성 검수),검수 표시
duty_assignment,ASG-002232,applicability,해당,확인필요,시설 판정 「제외」(관리주체 아님)와 어긋남 — 담당 확인 필요
duty_assignment,ASG-002232,applicability_note,,시설 판정 「제외」(관리주체 아님) — 해당 여부 확인 필요(09-24 정합성 검수),검수 표시
duty_assignment,ASG-002233,applicability,해당,확인필요,시설 판정 「제외」(관리주체 아님)와 어긋남 — 담당 확인 필요
duty_assignment,ASG-002233,applicability_note,,시설 판정 「제외」(관리주체 아님) — 해당 여부 확인 필요(09-24 정합성 검수),검수 표시
duty_assignment,ASG-002234,applicability,해당,확인필요,시설 판정 「제외」(관리주체 아님)와 어긋남 — 담당 확인 필요
duty_assignment,ASG-002234,applicability_note,,시설 판정 「제외」(관리주체 아님) — 해당 여부 확인 필요(09-24 정합성 검수),검수 표시
duty_assignment,ASG-002247,applicability,해당,확인필요,시설 판정 「제외」(관리주체 아님)와 어긋남 — 담당 확인 필요
duty_assignment,ASG-002247,applicability_note,,시설 판정 「제외」(관리주체 아님) — 해당 여부 확인 필요(09-24 정합성 검수),검수 표시
duty_assignment,ASG-002248,applicability,해당,확인필요,시설 판정 「제외」(관리주체 아님)와 어긋남 — 담당 확인 필요
duty_assignment,ASG-002248,applicability_note,,시설 판정 「제외」(관리주체 아님) — 해당 여부 확인 필요(09-24 정합성 검수),검수 표시
duty_assignment,ASG-002249,applicability,해당,확인필요,시설 판정 「제외」(관리주체 아님)와 어긋남 — 담당 확인 필요
duty_assignment,ASG-002249,applicability_note,,시설 판정 「제외」(관리주체 아님) — 해당 여부 확인 필요(09-24 정합성 검수),검수 표시
duty_assignment,ASG-002251,applicability,해당,확인필요,시설 판정 「제외」(관리주체 아님)와 어긋남 — 담당 확인 필요
duty_assignment,ASG-002251,applicability_note,,시설 판정 「제외」(관리주체 아님) — 해당 여부 확인 필요(09-24 정합성 검수),검수 표시
duty_assignment,ASG-002252,applicability,해당,확인필요,시설 판정 「제외」(관리주체 아님)와 어긋남 — 담당 확인 필요
duty_assignment,ASG-002252,applicability_note,,시설 판정 「제외」(관리주체 아님) — 해당 여부 확인 필요(09-24 정합성 검수),검수 표시
duty_assignment,ASG-002253,applicability,해당,확인필요,시설 판정 「제외」(관리주체 아님)와 어긋남 — 담당 확인 필요
duty_assignment,ASG-002253,applicability_note,,시설 판정 「제외」(관리주체 아님) — 해당 여부 확인 필요(09-24 정합성 검수),검수 표시
duty_assignment,ASG-002255,applicability,해당,확인필요,시설 판정 「제외」(관리주체 아님)와 어긋남 — 담당 확인 필요
duty_assignment,ASG-002255,applicability_note,,시설 판정 「제외」(관리주체 아님) — 해당 여부 확인 필요(09-24 정합성 검수),검수 표시
duty_assignment,ASG-002256,applicability,해당,확인필요,시설 판정 「제외」(관리주체 아님)와 어긋남 — 담당 확인 필요
duty_assignment,ASG-002256,applicability_note,,시설 판정 「제외」(관리주체 아님) — 해당 여부 확인 필요(09-24 정합성 검수),검수 표시
duty_assignment,ASG-002257,applicability,해당,확인필요,시설 판정 「제외」(관리주체 아님)와 어긋남 — 담당 확인 필요
duty_assignment,ASG-002257,applicability_note,,시설 판정 「제외」(관리주체 아님) — 해당 여부 확인 필요(09-24 정합성 검수),검수 표시
duty_assignment,ASG-002707,applicability,해당,확인필요,시설 판정 「제외」(관리주체 아님)와 어긋남 — 담당 확인 필요
duty_assignment,ASG-002707,applicability_note,,시설 판정 「제외」(관리주체 아님) — 해당 여부 확인 필요(09-24 정합성 검수),검수 표시
duty_assignment,ASG-002708,applicability,해당,확인필요,시설 판정 「제외」(관리주체 아님)와 어긋남 — 담당 확인 필요
duty_assignment,ASG-002708,applicability_note,,시설 판정 「제외」(관리주체 아님) — 해당 여부 확인 필요(09-24 정합성 검수),검수 표시
duty_assignment,ASG-002709,applicability,해당,확인필요,시설 판정 「제외」(관리주체 아님)와 어긋남 — 담당 확인 필요
duty_assignment,ASG-002709,applicability_note,,시설 판정 「제외」(관리주체 아님) — 해당 여부 확인 필요(09-24 정합성 검수),검수 표시
duty_assignment,ASG-002721,applicability,해당,확인필요,시설 판정 「제외」(관리주체 아님)와 어긋남 — 담당 확인 필요
duty_assignment,ASG-002721,applicability_note,,시설 판정 「제외」(관리주체 아님) — 해당 여부 확인 필요(09-24 정합성 검수),검수 표시
duty_assignment,ASG-002722,applicability,해당,확인필요,시설 판정 「제외」(관리주체 아님)와 어긋남 — 담당 확인 필요
duty_assignment,ASG-002722,applicability_note,,시설 판정 「제외」(관리주체 아님) — 해당 여부 확인 필요(09-24 정합성 검수),검수 표시
duty_assignment,ASG-002723,applicability,해당,확인필요,시설 판정 「제외」(관리주체 아님)와 어긋남 — 담당 확인 필요
duty_assignment,ASG-002723,applicability_note,,시설 판정 「제외」(관리주체 아님) — 해당 여부 확인 필요(09-24 정합성 검수),검수 표시
duty_assignment,ASG-002725,applicability,해당,확인필요,시설 판정 「제외」(관리주체 아님)와 어긋남 — 담당 확인 필요
duty_assignment,ASG-002725,applicability_note,,시설 판정 「제외」(관리주체 아님) — 해당 여부 확인 필요(09-24 정합성 검수),검수 표시
duty_assignment,ASG-002726,applicability,해당,확인필요,시설 판정 「제외」(관리주체 아님)와 어긋남 — 담당 확인 필요
duty_assignment,ASG-002726,applicability_note,,시설 판정 「제외」(관리주체 아님) — 해당 여부 확인 필요(09-24 정합성 검수),검수 표시
duty_assignment,ASG-002727,applicability,해당,확인필요,시설 판정 「제외」(관리주체 아님)와 어긋남 — 담당 확인 필요
duty_assignment,ASG-002727,applicability_note,,시설 판정 「제외」(관리주체 아님) — 해당 여부 확인 필요(09-24 정합성 검수),검수 표시
duty_assignment,ASG-002729,applicability,해당,확인필요,시설 판정 「제외」(관리주체 아님)와 어긋남 — 담당 확인 필요
duty_assignment,ASG-002729,applicability_note,,시설 판정 「제외」(관리주체 아님) — 해당 여부 확인 필요(09-24 정합성 검수),검수 표시
duty_assignment,ASG-002730,applicability,해당,확인필요,시설 판정 「제외」(관리주체 아님)와 어긋남 — 담당 확인 필요
duty_assignment,ASG-002730,applicability_note,,시설 판정 「제외」(관리주체 아님) — 해당 여부 확인 필요(09-24 정합성 검수),검수 표시
duty_assignment,ASG-002731,applicability,해당,확인필요,시설 판정 「제외」(관리주체 아님)와 어긋남 — 담당 확인 필요
duty_assignment,ASG-002731,applicability_note,,시설 판정 「제외」(관리주체 아님) — 해당 여부 확인 필요(09-24 정합성 검수),검수 표시
duty_assignment,ASG-003094,applicability,해당,확인필요,시설 판정 「제외」(관리주체 아님)와 어긋남 — 담당 확인 필요
duty_assignment,ASG-003094,applicability_note,,시설 판정 「제외」(관리주체 아님) — 해당 여부 확인 필요(09-24 정합성 검수),검수 표시
duty_assignment,ASG-003095,applicability,해당,확인필요,시설 판정 「제외」(관리주체 아님)와 어긋남 — 담당 확인 필요
duty_assignment,ASG-003095,applicability_note,,시설 판정 「제외」(관리주체 아님) — 해당 여부 확인 필요(09-24 정합성 검수),검수 표시
duty_assignment,ASG-003096,applicability,해당,확인필요,시설 판정 「제외」(관리주체 아님)와 어긋남 — 담당 확인 필요
duty_assignment,ASG-003096,applicability_note,,시설 판정 「제외」(관리주체 아님) — 해당 여부 확인 필요(09-24 정합성 검수),검수 표시
duty_assignment,ASG-003100,applicability,해당,확인필요,시설 판정 「제외」(관리주체 아님)와 어긋남 — 담당 확인 필요
duty_assignment,ASG-003100,applicability_note,,시설 판정 「제외」(관리주체 아님) — 해당 여부 확인 필요(09-24 정합성 검수),검수 표시
duty_assignment,ASG-003101,applicability,해당,확인필요,시설 판정 「제외」(관리주체 아님)와 어긋남 — 담당 확인 필요
duty_assignment,ASG-003101,applicability_note,,시설 판정 「제외」(관리주체 아님) — 해당 여부 확인 필요(09-24 정합성 검수),검수 표시
duty_assignment,ASG-003102,applicability,해당,확인필요,시설 판정 「제외」(관리주체 아님)와 어긋남 — 담당 확인 필요
duty_assignment,ASG-003102,applicability_note,,시설 판정 「제외」(관리주체 아님) — 해당 여부 확인 필요(09-24 정합성 검수),검수 표시
duty_assignment,ASG-003108,applicability,해당,확인필요,시설 판정 「제외」(관리주체 아님)와 어긋남 — 담당 확인 필요
duty_assignment,ASG-003108,applicability_note,,시설 판정 「제외」(관리주체 아님) — 해당 여부 확인 필요(09-24 정합성 검수),검수 표시
duty_assignment,ASG-003109,applicability,해당,확인필요,시설 판정 「제외」(관리주체 아님)와 어긋남 — 담당 확인 필요
duty_assignment,ASG-003109,applicability_note,,시설 판정 「제외」(관리주체 아님) — 해당 여부 확인 필요(09-24 정합성 검수),검수 표시
duty_assignment,ASG-003110,applicability,해당,확인필요,시설 판정 「제외」(관리주체 아님)와 어긋남 — 담당 확인 필요
duty_assignment,ASG-003110,applicability_note,,시설 판정 「제외」(관리주체 아님) — 해당 여부 확인 필요(09-24 정합성 검수),검수 표시
duty_assignment,ASG-003248,applicability,해당,확인필요,시설 판정 「제외」(관리주체 아님)와 어긋남 — 담당 확인 필요
duty_assignment,ASG-003248,applicability_note,,시설 판정 「제외」(관리주체 아님) — 해당 여부 확인 필요(09-24 정합성 검수),검수 표시
duty_assignment,ASG-003249,applicability,해당,확인필요,시설 판정 「제외」(관리주체 아님)와 어긋남 — 담당 확인 필요
duty_assignment,ASG-003249,applicability_note,,시설 판정 「제외」(관리주체 아님) — 해당 여부 확인 필요(09-24 정합성 검수),검수 표시
duty_assignment,ASG-003250,applicability,해당,확인필요,시설 판정 「제외」(관리주체 아님)와 어긋남 — 담당 확인 필요
duty_assignment,ASG-003250,applicability_note,,시설 판정 「제외」(관리주체 아님) — 해당 여부 확인 필요(09-24 정합성 검수),검수 표시
civil_safety_plan,CSP-2025-0065,dept_id,D09,D16,시설 소관 이동을 따라
civil_safety_plan,CSP-2025-0075,dept_id,D09,D16,시설 소관 이동을 따라
civil_safety_plan,CSP-2025-0076,dept_id,D09,D16,시설 소관 이동을 따라
civil_safety_plan,CSP-2025-0078,dept_id,D09,D16,시설 소관 이동을 따라
civil_safety_plan,CSP-2025-0080,dept_id,D09,D16,시설 소관 이동을 따라
civil_safety_plan,CSP-2025-0081,dept_id,D09,D16,시설 소관 이동을 따라
civil_safety_plan,CSP-2025-0659,dept_id,D04,D05,시설 소관 이동을 따라
civil_safety_plan,CSP-2025-0660,dept_id,D04,D05,시설 소관 이동을 따라
civil_safety_plan,CSP-2025-0661,dept_id,D04,D05,시설 소관 이동을 따라
civil_safety_plan,CSP-2025-0662,dept_id,D04,D05,시설 소관 이동을 따라
civil_safety_plan,CSP-2025-0663,dept_id,D04,D05,시설 소관 이동을 따라
civil_safety_plan,CSP-2025-0664,dept_id,D04,D05,시설 소관 이동을 따라
civil_safety_plan,CSP-2025-0665,dept_id,D04,D05,시설 소관 이동을 따라
civil_safety_plan,CSP-2025-0666,dept_id,D04,D05,시설 소관 이동을 따라
civil_safety_plan,CSP-2025-0667,dept_id,D04,D05,시설 소관 이동을 따라
civil_safety_plan,CSP-2025-0668,dept_id,D04,D05,시설 소관 이동을 따라
civil_safety_plan,CSP-2025-0669,dept_id,D04,D05,시설 소관 이동을 따라
civil_safety_plan,CSP-2025-0670,dept_id,D04,D05,시설 소관 이동을 따라
civil_safety_plan,CSP-2025-0671,dept_id,D04,D05,시설 소관 이동을 따라
civil_safety_plan,CSP-2025-0672,dept_id,D04,D05,시설 소관 이동을 따라
civil_safety_plan,CSP-2025-0673,dept_id,D04,D05,시설 소관 이동을 따라
civil_safety_plan,CSP-2025-0674,dept_id,D04,D05,시설 소관 이동을 따라
civil_safety_plan,CSP-2025-0675,dept_id,D04,D05,시설 소관 이동을 따라
civil_safety_plan,CSP-2025-0743,dept_id,D13,D17,시설 소관 이동을 따라
civil_safety_plan,CSP-2025-0744,dept_id,D13,D17,시설 소관 이동을 따라
civil_safety_plan,CSP-2025-0745,dept_id,D13,D17,시설 소관 이동을 따라
civil_safety_plan,CSP-2025-0746,dept_id,D13,D17,시설 소관 이동을 따라
civil_safety_plan,CSP-2025-0747,dept_id,D13,D17,시설 소관 이동을 따라
civil_safety_plan,CSP-2025-0748,dept_id,D13,D17,시설 소관 이동을 따라
civil_safety_plan,CSP-2025-0749,dept_id,D13,D17,시설 소관 이동을 따라
civil_safety_plan,CSP-2025-0750,dept_id,D13,D17,시설 소관 이동을 따라
civil_safety_plan,CSP-2025-0751,dept_id,D13,D17,시설 소관 이동을 따라
civil_safety_plan,CSP-2025-0752,dept_id,D13,D17,시설 소관 이동을 따라
civil_safety_plan,CSP-2025-0753,dept_id,D13,D17,시설 소관 이동을 따라
civil_safety_plan,CSP-2025-0754,dept_id,D13,D17,시설 소관 이동을 따라
civil_safety_plan,CSP-2025-0755,dept_id,D13,D17,시설 소관 이동을 따라
civil_safety_plan,CSP-2025-0756,dept_id,D13,D17,시설 소관 이동을 따라
civil_safety_plan,CSP-2025-0757,dept_id,D13,D17,시설 소관 이동을 따라
civil_safety_plan,CSP-2025-0758,dept_id,D13,D17,시설 소관 이동을 따라
civil_safety_plan,CSP-2025-0759,dept_id,D13,D17,시설 소관 이동을 따라
civil_safety_plan,CSP-2025-0760,dept_id,D13,D17,시설 소관 이동을 따라
civil_safety_plan,CSP-2025-0761,dept_id,D13,D17,시설 소관 이동을 따라
civil_safety_plan,CSP-2025-0762,dept_id,D13,D17,시설 소관 이동을 따라
civil_safety_plan,CSP-2025-0763,dept_id,D13,D17,시설 소관 이동을 따라
civil_safety_plan,CSP-2025-0764,dept_id,D13,D17,시설 소관 이동을 따라
civil_safety_plan,CSP-2025-0765,dept_id,D13,D17,시설 소관 이동을 따라
civil_safety_plan,CSP-2025-0766,dept_id,D13,D17,시설 소관 이동을 따라
civil_safety_plan,CSP-2025-0767,dept_id,D13,D17,시설 소관 이동을 따라
civil_safety_plan,CSP-2025-0768,dept_id,D13,D17,시설 소관 이동을 따라
civil_safety_plan,CSP-2025-0769,dept_id,D13,D17,시설 소관 이동을 따라
civil_safety_plan,CSP-2025-0770,dept_id,D13,D17,시설 소관 이동을 따라
civil_safety_plan,CSP-2025-0771,dept_id,D13,D17,시설 소관 이동을 따라
civil_safety_plan,CSP-2025-T001,dept_id,D10,D16,경전철 기록 — 도시철도과
civil_safety_plan,CSP-2026-0065,dept_id,D09,D16,시설 소관 이동을 따라
civil_safety_plan,CSP-2026-0075,dept_id,D09,D16,시설 소관 이동을 따라
civil_safety_plan,CSP-2026-0076,dept_id,D09,D16,시설 소관 이동을 따라
civil_safety_plan,CSP-2026-0078,dept_id,D09,D16,시설 소관 이동을 따라
civil_safety_plan,CSP-2026-0080,dept_id,D09,D16,시설 소관 이동을 따라
civil_safety_plan,CSP-2026-0081,dept_id,D09,D16,시설 소관 이동을 따라
civil_safety_plan,CSP-2026-0659,dept_id,D04,D05,시설 소관 이동을 따라
civil_safety_plan,CSP-2026-0660,dept_id,D04,D05,시설 소관 이동을 따라
civil_safety_plan,CSP-2026-0661,dept_id,D04,D05,시설 소관 이동을 따라
civil_safety_plan,CSP-2026-0662,dept_id,D04,D05,시설 소관 이동을 따라
civil_safety_plan,CSP-2026-0663,dept_id,D04,D05,시설 소관 이동을 따라
civil_safety_plan,CSP-2026-0664,dept_id,D04,D05,시설 소관 이동을 따라
civil_safety_plan,CSP-2026-0665,dept_id,D04,D05,시설 소관 이동을 따라
civil_safety_plan,CSP-2026-0666,dept_id,D04,D05,시설 소관 이동을 따라
civil_safety_plan,CSP-2026-0667,dept_id,D04,D05,시설 소관 이동을 따라
civil_safety_plan,CSP-2026-0668,dept_id,D04,D05,시설 소관 이동을 따라
civil_safety_plan,CSP-2026-0669,dept_id,D04,D05,시설 소관 이동을 따라
civil_safety_plan,CSP-2026-0670,dept_id,D04,D05,시설 소관 이동을 따라
civil_safety_plan,CSP-2026-0671,dept_id,D04,D05,시설 소관 이동을 따라
civil_safety_plan,CSP-2026-0672,dept_id,D04,D05,시설 소관 이동을 따라
civil_safety_plan,CSP-2026-0673,dept_id,D04,D05,시설 소관 이동을 따라
civil_safety_plan,CSP-2026-0674,dept_id,D04,D05,시설 소관 이동을 따라
civil_safety_plan,CSP-2026-0675,dept_id,D04,D05,시설 소관 이동을 따라
civil_safety_plan,CSP-2026-0743,dept_id,D13,D17,시설 소관 이동을 따라
civil_safety_plan,CSP-2026-0744,dept_id,D13,D17,시설 소관 이동을 따라
civil_safety_plan,CSP-2026-0745,dept_id,D13,D17,시설 소관 이동을 따라
civil_safety_plan,CSP-2026-0746,dept_id,D13,D17,시설 소관 이동을 따라
civil_safety_plan,CSP-2026-0747,dept_id,D13,D17,시설 소관 이동을 따라
civil_safety_plan,CSP-2026-0748,dept_id,D13,D17,시설 소관 이동을 따라
civil_safety_plan,CSP-2026-0749,dept_id,D13,D17,시설 소관 이동을 따라
civil_safety_plan,CSP-2026-0750,dept_id,D13,D17,시설 소관 이동을 따라
civil_safety_plan,CSP-2026-0751,dept_id,D13,D17,시설 소관 이동을 따라
civil_safety_plan,CSP-2026-0752,dept_id,D13,D17,시설 소관 이동을 따라
civil_safety_plan,CSP-2026-0753,dept_id,D13,D17,시설 소관 이동을 따라
civil_safety_plan,CSP-2026-0754,dept_id,D13,D17,시설 소관 이동을 따라
civil_safety_plan,CSP-2026-0755,dept_id,D13,D17,시설 소관 이동을 따라
civil_safety_plan,CSP-2026-0756,dept_id,D13,D17,시설 소관 이동을 따라
civil_safety_plan,CSP-2026-0757,dept_id,D13,D17,시설 소관 이동을 따라
civil_safety_plan,CSP-2026-0758,dept_id,D13,D17,시설 소관 이동을 따라
civil_safety_plan,CSP-2026-0759,dept_id,D13,D17,시설 소관 이동을 따라
civil_safety_plan,CSP-2026-0760,dept_id,D13,D17,시설 소관 이동을 따라
civil_safety_plan,CSP-2026-0761,dept_id,D13,D17,시설 소관 이동을 따라
civil_safety_plan,CSP-2026-0762,dept_id,D13,D17,시설 소관 이동을 따라
civil_safety_plan,CSP-2026-0763,dept_id,D13,D17,시설 소관 이동을 따라
civil_safety_plan,CSP-2026-0764,dept_id,D13,D17,시설 소관 이동을 따라
civil_safety_plan,CSP-2026-0765,dept_id,D13,D17,시설 소관 이동을 따라
civil_safety_plan,CSP-2026-0766,dept_id,D13,D17,시설 소관 이동을 따라
civil_safety_plan,CSP-2026-0767,dept_id,D13,D17,시설 소관 이동을 따라
civil_safety_plan,CSP-2026-0768,dept_id,D13,D17,시설 소관 이동을 따라
civil_safety_plan,CSP-2026-0769,dept_id,D13,D17,시설 소관 이동을 따라
civil_safety_plan,CSP-2026-0770,dept_id,D13,D17,시설 소관 이동을 따라
civil_safety_plan,CSP-2026-0771,dept_id,D13,D17,시설 소관 이동을 따라
civil_safety_plan,CSP-2026-T001,dept_id,D10,D16,경전철 기록 — 도시철도과
hazard_report,HZR-0021,dept_id,D09,D16,시설 소관 이동을 따라
hazard_report,HZR-0022,dept_id,D09,D16,시설 소관 이동을 따라
hazard_report,HZR-0023,dept_id,D09,D16,시설 소관 이동을 따라
hazard_report,HZR-0024,dept_id,D09,D16,시설 소관 이동을 따라
drill_plan,DRL-0001,dept_id,D10,D16,경전철 기록 — 도시철도과
drill_plan,DRL-0002,dept_id,D10,D16,경전철 기록 — 도시철도과
drill_plan,DRL-0003,dept_id,D10,D16,경전철 기록 — 도시철도과
contract,CTR-0056,dept_id,D10,D16,경전철 기록 — 도시철도과
incident,INC-003,dept_id,D04,D05,시설 소관 이동을 따라
incident,INC-004,dept_id,D04,D05,시설 소관 이동을 따라
incident,INC-010,dept_id,D04,D05,시설 소관 이동을 따라
order_received,ORD-007,dept_id,D04,D05,시설 소관 이동을 따라
order_received,ORD-007,owner_staff_id,SD04-1,SD05-1,시설 소관 이동을 따라
order_received,ORD-015,dept_id,D04,D05,시설 소관 이동을 따라
order_received,ORD-015,owner_staff_id,SD04-2,SD05-1,시설 소관 이동을 따라
incident,INC-001,asset_id,AR1967-0000142,,내용과 무관한 학교 건물(교육청 소관)에 연결돼 있었다 — 시설 연결 해제
incident,INC-002,asset_id,AR1969-0000298,,내용과 무관한 학교 건물(교육청 소관)에 연결돼 있었다 — 시설 연결 해제
order_received,ORD-001,asset_id,AR1967-0000142,,내용과 무관한 학교 건물(교육청 소관)에 연결돼 있었다 — 시설 연결 해제
order_received,ORD-002,asset_id,AR1969-0000298,,내용과 무관한 학교 건물(교육청 소관)에 연결돼 있었다 — 시설 연결 해제
order_received,ORD-003,asset_id,AR1969-0000299,,내용과 무관한 학교 건물(교육청 소관)에 연결돼 있었다 — 시설 연결 해제
order_received,ORD-004,asset_id,AR1969-0000302,,내용과 무관한 학교 건물(교육청 소관)에 연결돼 있었다 — 시설 연결 해제
order_received,ORD-005,asset_id,AR1970-0000535,,내용과 무관한 학교 건물(교육청 소관)에 연결돼 있었다 — 시설 연결 해제
order_received,ORD-006,asset_id,AR1970-0000539,,내용과 무관한 학교 건물(교육청 소관)에 연결돼 있었다 — 시설 연결 해제
ceo_activity,CEO-004,asset_id,AR1970-0000535,,내용과 무관한 학교 건물(교육청 소관)에 연결돼 있었다 — 시설 연결 해제
ceo_activity,CEO-008,asset_id,AR1971-0000551,,내용과 무관한 학교 건물(교육청 소관)에 연결돼 있었다 — 시설 연결 해제
ceo_activity,CEO-012,asset_id,AR1973-0000347,,내용과 무관한 학교 건물(교육청 소관)에 연결돼 있었다 — 시설 연결 해제
safety_budget,BUD-0143,dept_id,D10,D16,경전철 예산 — 도시철도과
safety_budget,BUD-0145,dept_id,D10,D16,경전철 예산 — 도시철도과
safety_budget,BUD-0146,dept_id,D10,D16,경전철 예산 — 도시철도과
safety_budget,BUD-0147,dept_id,D10,D16,경전철 예산 — 도시철도과
training_course,TC12,applies_depts,D10,D16,철도안전교육 — 도시철도과
usd_record,USD-S0043,dept_id,D10,D16,경전철 기록 — 도시철도과
usd_record,USD-S0044,dept_id,D10,D16,경전철 기록 — 도시철도과
usd_record,USD-S0045,dept_id,D10,D16,경전철 기록 — 도시철도과
usd_record,USD-S0046,dept_id,D10,D16,경전철 기록 — 도시철도과
usd_record,USD-S0047,dept_id,D10,D16,경전철 기록 — 도시철도과
usd_record,USD-S0048,dept_id,D10,D16,경전철 기록 — 도시철도과
usb1_transport,TR-01,dept_id,D10,D16,경전철 — 도시철도과
