asset_id,asset_name,asset_gbn,asset_kind,asset_class,safety_grade,completed_ymd,addr,dept_id,source,sapa_l2_result,sapa_basis,need_data,verified
AR1967-0000142,고기초등학교 교사동,건축물,다중이용건축물,3종,B등급,19670301,경기도 용인시 수지구,D09,FMS,제외,중처법 제2조제4호 단서,,N
AR1969-0000298,두창초등학교 교사1호동,건축물,다중이용건축물,3종,B등급,19690505,경기도 용인시 처인구,D09,FMS,제외,중처법 제2조제4호 단서,,N
AR1969-0000299,백암고등학교 교사동(1호동),건축물,다중이용건축물,3종,B등급,19690930,경기도 용인시 처인구,D09,FMS,제외,중처법 제2조제4호 단서,,N
AR1969-0000302,포곡초등학교 교사2호동,건축물,다중이용건축물,3종,B등급,19691231,경기도 용인시 처인구,D09,FMS,제외,중처법 제2조제4호 단서,,N
AR1970-0000535,신갈초등학교 교사1호동(A동),건축물,대형건축물,3종,B등급,19700301,경기도 용인시 기흥구 신갈로,D09,FMS,제외,중처법 제2조제4호 단서,,N
AR1970-0000539,용인바이오고등학교 본관,건축물,다중이용건축물,3종,B등급,19700110,경기도 용인시 처인구 이동읍,D09,FMS,제외,중처법 제2조제4호 단서,,N
AR1971-0000536,모현초등학교 교사동,건축물,다중이용건축물,3종,B등급,19960404,경기도 용인시 처인구 모현읍,D09,FMS,제외,중처법 제2조제4호 단서,,N
AR1971-0000549,용천초등학교 교사1호동(본관),건축물,다중이용건축물,3종,B등급,19710401,경기도 용인시 처인구,D09,FMS,제외,중처법 제2조제4호 단서,,N
AR1971-0000551,제일초등학교 교사동,건축물,다중이용건축물,3종,B등급,19711231,경기도 용인시 처인구 양지면,D09,FMS,제외,중처법 제2조제4호 단서,,N
AR1971-0000552,좌항초등학교 교사1호동,건축물,다중이용건축물,3종,B등급,19710901,경기도 용인시 처인구,D09,FMS,제외,중처법 제2조제4호 단서,,N
AR1971-0000554,기흥초등학교 교사1호동,건축물,다중이용건축물,3종,B등급,19710810,경기도 용인시 기흥구 공세로82번길,D09,FMS,제외,중처법 제2조제4호 단서,,N
AR1972-0000433,대지초등학교 교사1호동,건축물,다중이용건축물,3종,B등급,19720302,경기도 용인시 수지구,D09,FMS,제외,중처법 제2조제4호 단서,,N
AR1973-0000347,백암초등학교 교사동,건축물,다중이용건축물,3종,B등급,19730926,경기도 용인시 처인구,D09,FMS,제외,중처법 제2조제4호 단서,,N
AR1973-0000349,송전초등학교 1동 교육연구시설 (교사1호동),건축물,다중이용건축물,3종,B등급,19730301,경기도 용인시 처인구,D09,FMS,제외,중처법 제2조제4호 단서,,N
AR1973-0000351,양지초등학교 교사1호동,건축물,다중이용건축물,3종,B등급,19730228,경기도 용인시 처인구,D09,FMS,제외,중처법 제2조제4호 단서,,N
AR1973-0000352,양지초등학교 교사2호동,건축물,다중이용건축물,3종,B등급,19731231,경기도 용인시 처인구,D09,FMS,제외,중처법 제2조제4호 단서,,N
AR1973-0000439,지작사 1동 독신숙소,건축물,공동주택,3종,D등급,19730921,경기도 용인시 김량장동,D09,FMS,제외,중처법 제2조제4호 나목,,N
AR1973-0000440,지작사 2동 독신숙소,건축물,공동주택,3종,B등급,19920101,경기도 용인시 김량장동,D09,FMS,제외,중처법 제2조제4호 나목,,N
AR1973-0000441,지작사 3동 독신숙소,건축물,공동주택,3종,D등급,19730921,경기도 용인시 김량장동,D09,FMS,제외,중처법 제2조제4호 나목,,N
AR1974-0000362,운학초등학교 교사1호동,건축물,다중이용건축물,3종,B등급,19740803,경기도 용인시 처인구,D09,FMS,제외,중처법 제2조제4호 단서,,N
AR1975-0000300,모현중학교 교사동,건축물,다중이용건축물,3종,B등급,19750101,경기도 용인시 처인구 모현읍,D09,FMS,제외,중처법 제2조제4호 단서,,N
AR1976-0000249,남사초등학교 교사1호동,건축물,다중이용건축물,3종,B등급,19761101,경기도 용인시 처인구,D09,FMS,제외,중처법 제2조제4호 단서,,N
AR1977-0000271,원삼초등학교 교사1호동,건축물,다중이용건축물,3종,B등급,19770101,경기도 용인시 처인구,D09,FMS,제외,중처법 제2조제4호 단서,,N
AR1978-0000284,왕산초등학교 교사동(A)-본관.신관,건축물,대형건축물,3종,B등급,19780228,경기도 용인시 처인구,D09,FMS,제외,중처법 제2조제4호 단서,,N
AR1978-0000349,죽전(서울)휴게소(본관),건축물,다중이용건축물,3종,A등급,19780101,경기도 용인시 수지구 ,D09,FMS,검토필요,시행령 별표3 제5호 2)3),연면적·층수·용도,N
AR1980-0000432,장평초등학교 교사1호동,건축물,다중이용건축물,3종,B등급,19800826,경기도 용인시 처인구,D09,FMS,제외,중처법 제2조제4호 단서,,N
AR1981-0000512,한터초등학교 교사2호동,건축물,다중이용건축물,3종,B등급,19810228,경기도 용인시 처인구,D09,FMS,제외,중처법 제2조제4호 단서,,N
AR1981-0000515,용인초등학교 교사1동,건축물,다중이용건축물,3종,B등급,19810101,경기도 용인시 처인구 금학로367번길,D09,FMS,제외,중처법 제2조제4호 단서,,N
AR1982-0000084,처인구청(본관),건축물,다중이용건축물,3종,B등급,19820520,경기도 용인시 처인구 금령로,D09,FMS,검토필요,시행령 별표3 제5호 2)3),연면적·층수·용도,N
AR1982-0000481,서룡초등학교 교사1호동,건축물,다중이용건축물,3종,C등급,19820827,경기도 용인시 처인구,D09,FMS,제외,중처법 제2조제4호 단서,,N
AR1982-0000483,용인바이오고등학교 실습동,건축물,다중이용건축물,3종,B등급,19820116,경기도 용인시 처인구,D09,FMS,제외,중처법 제2조제4호 단서,,N
AR1983-0000535,보라초등학교 교사동,건축물,다중이용건축물,3종,B등급,19830206,경기도 용인시 기흥구,D09,FMS,제외,중처법 제2조제4호 단서,,N
AR1984-0000657,용인고등학교 본관(A동),건축물,대형건축물,3종,B등급,19840820,경기도 용인시 처인구,D09,FMS,제외,중처법 제2조제4호 단서,,N
AR1987-0000089,새로운경기도립정신병원,건축물,다중이용건축물,2종,C등급,19870209,경기도 용인시 기흥구 중부대로 940 (상하동),D09,FMS,검토필요,시행령 별표3 제5호 2)3),연면적·층수·용도,N
AR1987-0000486,신갈중학교 교사1호동,건축물,대형건축물,3종,B등급,19870101,경기도 용인시 기흥구,D09,FMS,제외,중처법 제2조제4호 단서,,N
AR1987-0000487,신갈초등학교 교사2호동(B동),건축물,다중이용건축물,3종,B등급,19870301,경기도 용인시 기흥구,D09,FMS,제외,중처법 제2조제4호 단서,,N
AR1987-0000493,대지초등학교 교사3호동,건축물,대형건축물,3종,B등급,19870302,경기도 용인시 수지구,D09,FMS,제외,중처법 제2조제4호 단서,,N
AR1988-0000166,88골프장 클럽하우스,건축물,다중이용건축물,2종,B등급,19880427,경기도 용인시 기흥구 석성로521번길 169 (청덕동),D09,FMS,검토필요,시행령 별표3 제5호 2)3),연면적·층수·용도,N
AR1988-0000614,서룡초등학교 교사2호동,건축물,다중이용건축물,3종,B등급,19880906,경기도 용인시 처인구,D09,FMS,제외,중처법 제2조제4호 단서,,N
AR1988-0000617,포곡초등학교 교사1호동,건축물,다중이용건축물,3종,B등급,19881231,경기도 용인시 처인구,D09,FMS,제외,중처법 제2조제4호 단서,,N
AR1988-0001150,신갈동 주민자치센터,건축물,다중이용건축물,3종,B등급,19881229,경기도 용인시 기흥구 신갈동,D09,FMS,검토필요,시행령 별표3 제5호 2)3),연면적·층수·용도,N
AR1989-0000718,용인시문예회관,건축물,다중이용건축물,3종,B등급,19891106,경기도 용인시 처인구 김량장동,D09,FMS,검토필요,시행령 별표3 제5호 2)3),연면적·층수·용도,N
AR1990-0000202,처인구청(별관 1),건축물,다중이용건축물,3종,B등급,19901116,경기도 용인시 처인구 금령로,D09,FMS,검토필요,시행령 별표3 제5호 2)3),연면적·층수·용도,N
AR1990-0000745,백암면사무소,건축물,다중이용건축물,3종,B등급,19900905,경기도 용인시 처인구 백암면,D09,FMS,검토필요,시행령 별표3 제5호 2)3),연면적·층수·용도,N
AR1991-0000706,용마초등학교 교사동,건축물,대형건축물,3종,B등급,19910322,경기도 용인시 처인구 마평동,D09,FMS,제외,중처법 제2조제4호 단서,,N
AR1991-0000802,기흥(부산)휴게소,건축물,다중이용건축물,3종,A등급,19910101,경기도 용인시 기흥구 ,D09,FMS,검토필요,시행령 별표3 제5호 2)3),연면적·층수·용도,N
AR1992-0001418,구갈초등학교 교사동,건축물,대형건축물,3종,B등급,19921019,경기도 용인시 기흥구,D09,FMS,제외,중처법 제2조제4호 단서,,N
AR1992-0001421,포곡중학교 교사동,건축물,대형건축물,3종,B등급,19920131,경기도 용인시 처인구,D09,FMS,제외,중처법 제2조제4호 단서,,N
AR1992-0001422,능원초등학교 교사2호동,건축물,다중이용건축물,3종,B등급,19920228,경기도 용인시 처인구,D09,FMS,제외,중처법 제2조제4호 단서,,N
AR1992-0001684,용인공용버스터미널,건축물,다중이용건축물,3종,B등급,19920701,경기도 용인시 처인구 중부대로,D09,FMS,검토필요,시행령 별표3 제5호 2)3),연면적·층수·용도,N
AR1993-0002013,이동읍사무소,건축물,다중이용건축물,3종,C등급,19930429,경기도 용인시 처인구 이동면,D09,FMS,검토필요,시행령 별표3 제5호 2)3),연면적·층수·용도,N
AR1993-0002067,양지면사무소,건축물,다중이용건축물,3종,B등급,19931019,경기도 용인시 처인구 양지면,D09,FMS,검토필요,시행령 별표3 제5호 2)3),연면적·층수·용도,N
AR1993-0002498,용인다목적복지회관,건축물,다중이용건축물,3종,B등급,19931129,경기도 용인시 기흥구 구갈동,D09,FMS,검토필요,시행령 별표3 제5호 2)3),연면적·층수·용도,N
AR1994-0002245,수지고등학교 교사동,건축물,대형건축물,3종,B등급,19941231,경기도 용인시 수지구 풍덕천동,D09,FMS,제외,중처법 제2조제4호 단서,,N
AR1994-0002246,수지중학교 교사동,건축물,대형건축물,3종,B등급,19940301,경기도 용인시 수지구,D09,FMS,제외,중처법 제2조제4호 단서,,N
AR1994-0002250,토월초등학교 교사1호동,건축물,대형건축물,3종,B등급,19940228,경기도 용인시 수지구,D09,FMS,제외,중처법 제2조제4호 단서,,N
AR1994-0002317,용인(인천)휴게소,건축물,다중이용건축물,3종,B등급,19940101,경기도 용인시 처인구 ,D09,FMS,검토필요,시행령 별표3 제5호 2)3),연면적·층수·용도,N
AR1995-0001560,서울특별시백암정신병원,건축물,다중이용건축물,2종,B등급,19951122,경기도 용인시 처인구 백암면 용천로71번길 30,D09,FMS,검토필요,시행령 별표3 제5호 2)3),연면적·층수·용도,N
AR1995-0002306,용인소방서 본서,건축물,다중이용건축물,3종,B등급,19950710,경기도 용인시 처인구 역북동,D09,FMS,검토필요,시행령 별표3 제5호 2)3),연면적·층수·용도,N
AR1996-0002396,용인중학교 교사1호동,건축물,다중이용건축물,3종,B등급,19961030,경기도 용인시 처인구 김량장동,D09,FMS,제외,중처법 제2조제4호 단서,,N
AR1996-0002397,용인중학교 교사2호동,건축물,다중이용건축물,3종,B등급,19961030,경기도 용인시 처인구 김량장동,D09,FMS,제외,중처법 제2조제4호 단서,,N
AR1996-0002398,용인중학교 교사3호동,건축물,다중이용건축물,3종,B등급,19961030,경기도 용인시 처인구 김량장동,D09,FMS,제외,중처법 제2조제4호 단서,,N
AR1996-0002399,용인중학교 체육관동,건축물,다중이용건축물,3종,B등급,19961030,경기도 용인시 처인구 김량장동,D09,FMS,제외,중처법 제2조제4호 단서,,N
AR1996-0002536,용인시청소년수련원,건축물,다중이용건축물,3종,B등급,19960201,경기도 용인시 처인구 양지면,D09,FMS,검토필요,시행령 별표3 제5호 2)3),연면적·층수·용도,N
AR1996-0002570,구성동주민센터,건축물,다중이용건축물,3종,B등급,19960520,경기도 용인시 기흥구 구성로77번길,D09,FMS,검토필요,시행령 별표3 제5호 2)3),연면적·층수·용도,N
AR1996-0002915,용인중앙동우체국,건축물,다중이용건축물,3종,B등급,19960101,경기도 용인시 처인구 김량장동,D09,FMS,검토필요,시행령 별표3 제5호 2)3),연면적·층수·용도,N
AR1997-0003359,용인(강릉)휴게소,건축물,다중이용건축물,3종,B등급,19970101,경기도 용인시 처인구 ,D09,FMS,검토필요,시행령 별표3 제5호 2)3),연면적·층수·용도,N
AR1997-0003521,소방학교 창조관,건축물,다중이용건축물,3종,B등급,19970314,경기도 용인시 처인구 남사면,D09,FMS,검토필요,시행령 별표3 제5호 2)3),연면적·층수·용도,N
AR1997-0003523,소방학교 생활1관,건축물,다중이용건축물,3종,B등급,19970314,경기도 용인시 처인구 남사면,D09,FMS,검토필요,시행령 별표3 제5호 2)3),연면적·층수·용도,N
AR1997-0003524,소방학교 후생관,건축물,다중이용건축물,3종,B등급,19970314,경기도 용인시 처인구 남사면,D09,FMS,검토필요,시행령 별표3 제5호 2)3),연면적·층수·용도,N
AR1997-0003525,소방학교 훈련탑,건축물,다중이용건축물,3종,B등급,19970314,경기도 용인시 처인구 남사면,D09,FMS,검토필요,시행령 별표3 제5호 2)3),연면적·층수·용도,N
AR1997-0003533,특수대응단(항공대),건축물,다중이용건축물,3종,B등급,19970314,경기도 용인시 처인구 남사읍,D09,FMS,검토필요,시행령 별표3 제5호 2)3),연면적·층수·용도,N
AR1997-0003549,분당차량기지 종합청사,건축물,다중이용건축물,3종,B등급,19971029,경기도 용인시 기흥구 용구대로2469번길,D09,FMS,검토필요,시행령 별표3 제5호 2)3),연면적·층수·용도,N
AR1997-0003550,분당차량기지 현업사업소,건축물,다중이용건축물,3종,B등급,19971029,경기도 용인시 기흥구 용구대로2469번길,D09,FMS,검토필요,시행령 별표3 제5호 2)3),연면적·층수·용도,N
AR1997-0003716,분당차량기지 중수선차고,건축물,다중이용건축물,3종,B등급,19971029,경기도 용인시 기흥구 보정동,D09,FMS,검토필요,시행령 별표3 제5호 2)3),연면적·층수·용도,N
AR1997-0003717,분당차량기지 경수선차고,건축물,다중이용건축물,3종,B등급,19971029,경기도 용인시 기흥구 보정동,D09,FMS,검토필요,시행령 별표3 제5호 2)3),연면적·층수·용도,N
AR1997-0003772,풍덕초등학교 교사동,건축물,대형건축물,3종,B등급,19971126,경기도 용인시 수지구 풍덕천동,D09,FMS,제외,중처법 제2조제4호 단서,,N
AR1998-0002431,용인도시공사 청사,건축물,기타,3종,B등급,19980529,경기도 용인시 처인구 ,D09,FMS,검토필요,시행령 별표3 제5호 2)3),연면적·층수·용도,N
AR1998-0002919,서룡초등학교 급식실 및 체육관,건축물,다중이용건축물,3종,B등급,19980827,경기도 용인시 처인구,D09,FMS,제외,중처법 제2조제4호 단서,,N
AR1998-0002927,용인고등학교 체육관(D동),건축물,다중이용건축물,3종,A등급,19980517,경기도 용인시 처인구,D09,FMS,제외,중처법 제2조제4호 단서,,N
AR1998-0002931,구성초등학교 교사1호동,건축물,다중이용건축물,3종,B등급,19980727,경기도 용인시 기흥구,D09,FMS,제외,중처법 제2조제4호 단서,,N
AR1998-0002932,기흥초등학교 교사2호동,건축물,다중이용건축물,3종,B등급,19981231,경기도 용인시 기흥구 공세로82번길,D09,FMS,제외,중처법 제2조제4호 단서,,N
AR1998-0002933,포곡초등학교 교사3호동,건축물,다중이용건축물,3종,B등급,19981231,경기도 용인시 처인구,D09,FMS,제외,중처법 제2조제4호 단서,,N
AR1998-0002934,대지중학교 교사동,건축물,대형건축물,3종,B등급,19981130,경기도 용인시 수지구,D09,FMS,제외,중처법 제2조제4호 단서,,N
AR1998-0003179,용인 집단에너지공급시설 열원설비동,건축물,대형건축물,3종,A등급,19980929,경기도 용인시 수지구 풍덕천동,D09,FMS,검토필요,시행령 별표3 제5호 2)3),연면적·층수·용도,N
AR1998-0003312,용인 김량장단지 201동,건축물,공동주택,3종,B등급,19981121,경기도 용인시 처인구 김량장동,D09,FMS,제외,중처법 제2조제4호 나목,,N
AR1998-0003313,용인 김량장단지 202동,건축물,공동주택,3종,B등급,19981121,경기도 용인시 처인구 ,D09,FMS,제외,중처법 제2조제4호 나목,,N
AR1998-0003314,용인 김량장단지 203동,건축물,공동주택,3종,B등급,19981121,경기도 용인시 처인구 김량장동,D09,FMS,제외,중처법 제2조제4호 나목,,N
AR1998-0003315,용인 김량장단지 204동,건축물,공동주택,3종,B등급,19981121,경기도 용인시 처인구 김량장동,D09,FMS,제외,중처법 제2조제4호 나목,,N
AR1998-0003316,용인 김량장단지 205동,건축물,공동주택,3종,B등급,19981121,경기도 용인시 처인구 김량장동,D09,FMS,제외,중처법 제2조제4호 나목,,N
AR1998-0003317,용인 김량장단지 206동,건축물,공동주택,3종,B등급,19981121,경기도 용인시 처인구 김량장동,D09,FMS,제외,중처법 제2조제4호 나목,,N
AR1999-0003331,역북초등학교 교사동,건축물,대형건축물,3종,B등급,19991002,경기도 용인시 처인구,D09,FMS,제외,중처법 제2조제4호 단서,,N
AR1999-0003334,죽전중학교 교사동,건축물,대형건축물,3종,B등급,19990301,경기도 용인시 수지구 죽전동,D09,FMS,제외,중처법 제2조제4호 단서,,N
AR1999-0003338,죽전초등학교 교사동,건축물,대형건축물,3종,B등급,19990901,경기도 용인시 수지구 죽전동,D09,FMS,제외,중처법 제2조제4호 단서,,N
AR1999-0003341,대현초등학교 교사동,건축물,대형건축물,3종,B등급,19990301,경기도 용인시 수지구,D09,FMS,제외,중처법 제2조제4호 단서,,N
AR1999-0003538,용인시 농업기술센터,건축물,다중이용건축물,3종,B등급,19990910,경기도 용인시 처인구 원삼면,D09,FMS,검토필요,시행령 별표3 제5호 2)3),연면적·층수·용도,N
AR1999-0003651,유림동주민센터,건축물,다중이용건축물,3종,B등급,19990111,경기도 용인시 처인구 ,D09,FMS,검토필요,시행령 별표3 제5호 2)3),연면적·층수·용도,N
AR2000-0000491,용인수지9단지아파트 901동,건축물,공동주택,2종,B등급,20000504,"경기도 용인시 수지구 풍덕천로 76 (풍덕천동, 용인지 신정마을9단지)",D09,FMS,제외,중처법 제2조제4호 나목,,N
AR2000-0000492,용인수지9단지아파트 902동,건축물,공동주택,2종,B등급,20000504,"경기도 용인시 수지구 풍덕천로 76 (풍덕천동, 용인지 신정마을9단지)",D09,FMS,제외,중처법 제2조제4호 나목,,N
AR2000-0000493,용인수지9단지아파트 903동,건축물,공동주택,2종,B등급,20000504,"경기도 용인시 수지구 풍덕천로 76 (풍덕천동, 용인지 신정마을9단지)",D09,FMS,제외,중처법 제2조제4호 나목,,N
AR2000-0000494,용인수지9단지아파트 904동,건축물,공동주택,2종,B등급,20000504,"경기도 용인시 수지구 풍덕천로 76 (풍덕천동, 용인지 신정마을9단지)",D09,FMS,제외,중처법 제2조제4호 나목,,N
AR2000-0000495,용인수지9단지아파트 905동,건축물,공동주택,2종,B등급,20000504,"경기도 용인시 수지구 풍덕천로 76 (풍덕천동, 용인지 신정마을9단지)",D09,FMS,제외,중처법 제2조제4호 나목,,N
AR2000-0000496,용인수지9단지아파트 906동,건축물,공동주택,2종,B등급,20000504,"경기도 용인시 수지구 풍덕천로 76 (풍덕천동, 용인지 신정마을9단지)",D09,FMS,제외,중처법 제2조제4호 나목,,N
AR2000-0000497,용인수지9단지아파트 907동,건축물,공동주택,2종,B등급,20000504,"경기도 용인시 수지구 풍덕천로 76 (풍덕천동, 용인지 신정마을9단지)",D09,FMS,제외,중처법 제2조제4호 나목,,N
AR2000-0000498,용인수지9단지아파트 908동,건축물,공동주택,2종,B등급,20000504,"경기도 용인시 수지구 풍덕천로 76 (풍덕천동, 용인지 신정마을9단지)",D09,FMS,제외,중처법 제2조제4호 나목,,N
AR2000-0000499,용인수지9단지아파트 909동,건축물,공동주택,2종,B등급,20000504,"경기도 용인시 수지구 풍덕천로 76 (풍덕천동, 용인지 신정마을9단지)",D09,FMS,제외,중처법 제2조제4호 나목,,N
AR2000-0002663,마북초등학교 교사동,건축물,대형건축물,3종,B등급,20000101,경기도 용인시 기흥구,D09,FMS,제외,중처법 제2조제4호 단서,,N
AR2000-0002666,상현초등학교 교사1호동,건축물,대형건축물,3종,B등급,20000203,경기도 용인시 수지구 만현로67번길,D09,FMS,제외,중처법 제2조제4호 단서,,N
AR2000-0002668,어정초등학교 교사2동,건축물,다중이용건축물,3종,B등급,20000101,경기도 용인시 기흥구,D09,FMS,제외,중처법 제2조제4호 단서,,N
AR2000-0002672,정평초등학교 교사동,건축물,대형건축물,3종,B등급,20001021,경기도 용인시 수지구,D09,FMS,제외,중처법 제2조제4호 단서,,N
AR2000-0002674,구성초등학교 교사2호동,건축물,다중이용건축물,3종,B등급,20000727,경기도 용인시 기흥구,D09,FMS,제외,중처법 제2조제4호 단서,,N
AR2000-0003276,수지정수장 관리동,건축물,다중이용건축물,3종,불명,20000415,경기도 용인시 수지구 상현동,D09,FMS,검토필요,시행령 별표3 제5호 2)3),연면적·층수·용도,N
AR2001-0001934,동천초등학교 동천초등학교,건축물,대형건축물,3종,B등급,20010901,경기도 용인시 수지구,D09,FMS,제외,중처법 제2조제4호 단서,,N
AR2001-0001935,풍덕고등학교 A동,건축물,대형건축물,3종,B등급,20010130,경기도 용인시 수지구,D09,FMS,제외,중처법 제2조제4호 단서,,N
AR2001-0001938,보정초등학교 교사동,건축물,대형건축물,3종,B등급,20010111,경기도 용인시 기흥구,D09,FMS,제외,중처법 제2조제4호 단서,,N
AR2001-0001939,산양초등학교 교사동,건축물,대형건축물,3종,B등급,20010830,경기도 용인시 기흥구,D09,FMS,제외,중처법 제2조제4호 단서,,N
AR2001-0001940,상갈초등학교 교사동,건축물,대형건축물,3종,B등급,20010320,경기도 용인시 기흥구,D09,FMS,제외,중처법 제2조제4호 단서,,N
AR2001-0001945,서원초등학교 교사동,건축물,대형건축물,3종,B등급,20010123,경기도 용인시 수지구,D09,FMS,제외,중처법 제2조제4호 단서,,N
AR2001-0001946,성복초등학교 교사동,건축물,대형건축물,3종,B등급,20010101,경기도 용인시 수지구 신봉동,D09,FMS,제외,중처법 제2조제4호 단서,,N
AR2001-0001949,신월초등학교 교사동,건축물,대형건축물,3종,B등급,20010215,경기도 용인시 수지구,D09,FMS,제외,중처법 제2조제4호 단서,,N
AR2001-0001957,고림초등학교 교사동,건축물,대형건축물,3종,B등급,20010101,경기도 용인시 처인구,D09,FMS,제외,중처법 제2조제4호 단서,,N
AR2001-0001958,정평중학교 교사동,건축물,대형건축물,3종,C등급,20010117,경기도 용인시 수지구,D09,FMS,제외,중처법 제2조제4호 단서,,N
AR2001-0001961,구성중학교 교사동,건축물,대형건축물,3종,B등급,20010227,경기도 용인시 기흥구,D09,FMS,제외,중처법 제2조제4호 단서,,N
AR2001-0001962,기흥고등학교 교사동,건축물,대형건축물,3종,B등급,20010515,경기도 용인시 기흥구,D09,FMS,제외,중처법 제2조제4호 단서,,N
AR2001-0001963,청곡초등학교 교사동,건축물,대형건축물,3종,B등급,20010301,경기도 용인시 기흥구,D09,FMS,제외,중처법 제2조제4호 단서,,N
AR2001-0002118,경기도축산진흥센터(본관동),건축물,기타,3종,B등급,20010923,경기도 용인시 처인구 남사읍,D09,FMS,검토필요,시행령 별표3 제5호 2)3),연면적·층수·용도,N
AR2001-0002157,남사읍행정복지센터,건축물,다중이용건축물,3종,B등급,20010518,경기도 용인시 처인구 남사읍,D09,FMS,검토필요,시행령 별표3 제5호 2)3),연면적·층수·용도,N
AR2001-0002328,용인수지우체국,건축물,다중이용건축물,3종,B등급,20011228,경기도 용인시 수지구 풍덕천동,D09,FMS,검토필요,시행령 별표3 제5호 2)3),연면적·층수·용도,N
AR2001-0002365,처인구청(별관2),건축물,다중이용건축물,3종,B등급,20011107,경기도 용인시 처인구 금령로,D09,FMS,검토필요,시행령 별표3 제5호 2)3),연면적·층수·용도,N
AR2002-0001352,풍덕고등학교 C동,건축물,다중이용건축물,3종,B등급,20020227,경기도 용인시 수지구,D09,FMS,제외,중처법 제2조제4호 단서,,N
AR2002-0001353,풍천초등학교 교사동,건축물,대형건축물,3종,B등급,20020227,경기도 용인시 수지구 풍덕천동,D09,FMS,제외,중처법 제2조제4호 단서,,N
AR2002-0001355,백암중학교 교사동(7호동),건축물,다중이용건축물,3종,B등급,20020307,경기도 용인시 처인구,D09,FMS,제외,중처법 제2조제4호 단서,,N
AR2002-0001357,보라초등학교 체육관,건축물,다중이용건축물,3종,B등급,20020206,경기도 용인시 기흥구,D09,FMS,제외,중처법 제2조제4호 단서,,N
AR2002-0001358,상갈중학교 교사동,건축물,대형건축물,3종,B등급,20020301,경기도 용인시 기흥구,D09,FMS,제외,중처법 제2조제4호 단서,,N
AR2002-0001360,상하초등학교 교사동,건축물,대형건축물,3종,B등급,20020605,경기도 용인시 기흥구,D09,FMS,제외,중처법 제2조제4호 단서,,N
AR2002-0001361,서원중학교 교사동,건축물,대형건축물,3종,B등급,20020405,경기도 용인시 수지구,D09,FMS,제외,중처법 제2조제4호 단서,,N
AR2002-0001362,서천초등학교 교사동,건축물,대형건축물,3종,B등급,20020101,경기도 용인시 기흥구,D09,FMS,제외,중처법 제2조제4호 단서,,N
AR2002-0001363,성복중학교 본관,건축물,대형건축물,3종,B등급,20020227,경기도 용인시 수지구 성복2로78번길,D09,FMS,제외,중처법 제2조제4호 단서,,N
AR2002-0001364,솔개초등학교 교사동,건축물,대형건축물,3종,B등급,20020610,경기도 용인시 수지구,D09,FMS,제외,중처법 제2조제4호 단서,,N
AR2002-0001368,신갈초등학교 체조체육관,건축물,다중이용건축물,3종,B등급,20021119,경기도 용인시 기흥구 신갈로84번길,D09,FMS,제외,중처법 제2조제4호 단서,,N
AR2002-0001369,언동초등학교 교사동,건축물,대형건축물,3종,B등급,20021018,경기도 용인시 기흥구,D09,FMS,제외,중처법 제2조제4호 단서,,N
AR2002-0001371,용인고등학교 신관(E동),건축물,다중이용건축물,3종,B등급,20020313,경기도 용인시 처인구,D09,FMS,제외,중처법 제2조제4호 단서,,N
AR2002-0001378,용천초등학교 교사2호동,건축물,다중이용건축물,3종,B등급,20021127,경기도 용인시 처인구 이동읍,D09,FMS,제외,중처법 제2조제4호 단서,,N
AR2002-0001379,이현중학교 교사동,건축물,대형건축물,3종,B등급,20020301,경기도 용인시 수지구,D09,FMS,제외,중처법 제2조제4호 단서,,N
AR2002-0001380,관곡초등학교 교사동,건축물,대형건축물,3종,B등급,20020228,경기도 용인시 기흥구 구갈동,D09,FMS,제외,중처법 제2조제4호 단서,,N
AR2002-0001381,죽전고등학교 교사동,건축물,대형건축물,3종,B등급,20020515,경기도 용인시 수지구,D09,FMS,제외,중처법 제2조제4호 단서,,N
AR2002-0001382,교동초등학교 교사동,건축물,대형건축물,3종,B등급,20020605,경기도 용인시 기흥구,D09,FMS,제외,중처법 제2조제4호 단서,,N
AR2002-0001383,구갈중학교 교사동,건축물,대형건축물,3종,B등급,20020716,경기도 용인시 기흥구,D09,FMS,제외,중처법 제2조제4호 단서,,N
AR2002-0001389,나곡중학교 교사동,건축물,대형건축물,3종,C등급,20020301,경기도 용인시 기흥구,D09,FMS,제외,중처법 제2조제4호 단서,,N
AR2002-0001390,나곡초등학교 교사동,건축물,대형건축물,3종,B등급,20020301,경기도 용인시 기흥구,D09,FMS,제외,중처법 제2조제4호 단서,,N
AR2002-0001391,포곡중학교 다목적강당,건축물,다중이용건축물,3종,B등급,20020131,경기도 용인시 처인구,D09,FMS,제외,중처법 제2조제4호 단서,,N
AR2002-0001653,포곡읍사무소,건축물,다중이용건축물,3종,B등급,20020904,경기도 용인시 처인구 포곡읍,D09,FMS,검토필요,시행령 별표3 제5호 2)3),연면적·층수·용도,N
AR2002-0001743,동부동주민센터,건축물,다중이용건축물,3종,B등급,20020830,경기도 용인시 처인구 중부대로,D09,FMS,검토필요,시행령 별표3 제5호 2)3),연면적·층수·용도,N
AR2003-0002336,기업은행 IT센터,건축물,대형건축물,2종,B등급,20010210,경기도 용인시 수지구 신수로 799 (동천동),D09,FMS,검토필요,시행령 별표3 제5호 2)3),연면적·층수·용도,N
AR2003-0006407,용인시 실내체육관,건축물,다중이용건축물,2종,B등급,20030402,경기도 용인시 처인구 경안천로 76 (마평동),D09,FMS,검토필요,시행령 별표3 제5호 2)3),연면적·층수·용도,N
AR2003-0009270,마성초등학교 교사동,건축물,대형건축물,3종,B등급,20030101,경기도 용인시 기흥구 용구대로2360번길,D09,FMS,제외,중처법 제2조제4호 단서,,N
AR2003-0009271,모현중학교 다목적교실동,건축물,다중이용건축물,3종,B등급,20030101,경기도 용인시 처인구 모현읍,D09,FMS,제외,중처법 제2조제4호 단서,,N
AR2003-0009272,홍천중학교 본관,건축물,대형건축물,3종,B등급,20030301,경기도 용인시 수지구,D09,FMS,제외,중처법 제2조제4호 단서,,N
AR2003-0009273,효자초등학교 교사동,건축물,대형건축물,3종,B등급,20030301,경기도 용인시 수지구,D09,FMS,제외,중처법 제2조제4호 단서,,N
AR2003-0009277,백봉초등학교 교사1호동,건축물,다중이용건축물,3종,B등급,19701228,경기도 용인시 처인구,D09,FMS,제외,중처법 제2조제4호 단서,,N
AR2003-0009278,백암고등학교 체육관(9호동),건축물,다중이용건축물,3종,B등급,20030805,경기도 용인시 처인구,D09,FMS,제외,중처법 제2조제4호 단서,,N
AR2003-0009282,서원고등학교 교사1호동,건축물,대형건축물,3종,B등급,20031231,경기도 용인시 수지구,D09,FMS,제외,중처법 제2조제4호 단서,,N
AR2003-0009284,소현초등학교 교사동,건축물,대형건축물,3종,B등급,20030301,경기도 용인시 수지구 상현동,D09,FMS,제외,중처법 제2조제4호 단서,,N
AR2003-0009287,영문중학교 교사동,건축물,대형건축물,3종,B등급,20030904,경기도 용인시 처인구,D09,FMS,제외,중처법 제2조제4호 단서,,N
AR2003-0009288,용인대일초등학교 교사동,건축물,대형건축물,3종,B등급,20030501,경기도 용인시 수지구,D09,FMS,제외,중처법 제2조제4호 단서,,N
AR2003-0009289,용인신촌초등학교 교사동,건축물,대형건축물,3종,B등급,20030228,경기도 용인시 수지구,D09,FMS,제외,중처법 제2조제4호 단서,,N
AR2003-0009292,이현초등학교 교사동,건축물,대형건축물,3종,B등급,20031223,경기도 용인시 기흥구,D09,FMS,제외,중처법 제2조제4호 단서,,N
AR2003-0009295,지석초등학교 교사동,건축물,대형건축물,3종,B등급,20030228,경기도 용인시 기흥구,D09,FMS,제외,중처법 제2조제4호 단서,,N
AR2003-0009489,소방학교 구급교육센터,건축물,다중이용건축물,3종,B등급,20030715,경기도 용인시 처인구 남사면,D09,FMS,검토필요,시행령 별표3 제5호 2)3),연면적·층수·용도,N
AR2003-0009544,상현1동사무소,건축물,다중이용건축물,3종,B등급,20030603,경기도 용인시 수지구 상현로,D09,FMS,검토필요,시행령 별표3 제5호 2)3),연면적·층수·용도,N
AR2003-0009551,풍덕천1동 주민센터,건축물,다중이용건축물,3종,B등급,20030603,경기도 용인시 수지구 수지로342번길,D09,FMS,검토필요,시행령 별표3 제5호 2)3),연면적·층수·용도,N
AR2003-0009575,풍덕천2동주민센터,건축물,다중이용건축물,3종,B등급,20031222,경기도 용인시 수지구 풍덕천로,D09,FMS,검토필요,시행령 별표3 제5호 2)3),연면적·층수·용도,N
AR2003-0009584,기흥구청사,건축물,다중이용건축물,3종,B등급,20030930,경기도 용인시 기흥구 관곡로,D09,FMS,검토필요,시행령 별표3 제5호 2)3),연면적·층수·용도,N
AR2004-0004391,용인구갈코오롱하늘채아파트501동,건축물,공동주택,2종,B등급,20040924,"경기도 용인시 기흥구 강남동로 20 (구갈동, 강남마을코오롱하늘채아파트)",D09,FMS,제외,중처법 제2조제4호 나목,,N
AR2004-0004392,용인구갈코오롱하늘채아파트502동,건축물,공동주택,2종,B등급,20040924,"경기도 용인시 기흥구 강남동로 20 (구갈동, 강남마을코오롱하늘채아파트)",D09,FMS,제외,중처법 제2조제4호 나목,,N
AR2004-0004393,용인구갈코오롱하늘채아파트503동,건축물,공동주택,2종,B등급,20040924,"경기도 용인시 기흥구 강남동로 20 (구갈동, 강남마을코오롱하늘채아파트)",D09,FMS,제외,중처법 제2조제4호 나목,,N
AR2004-0004394,용인구갈코오롱하늘채아파트504동,건축물,공동주택,2종,B등급,20040924,"경기도 용인시 기흥구 강남동로 20 (구갈동, 강남마을코오롱하늘채아파트)",D09,FMS,제외,중처법 제2조제4호 나목,,N
AR2004-0004395,용인구갈코오롱하늘채아파트505동,건축물,공동주택,2종,B등급,20040924,"경기도 용인시 기흥구 강남동로 20 (구갈동, 강남마을코오롱하늘채아파트)",D09,FMS,제외,중처법 제2조제4호 나목,,N
AR2004-0004396,용인구갈코오롱하늘채아파트506동,건축물,공동주택,2종,B등급,20040924,"경기도 용인시 기흥구 강남동로 20 (구갈동, 강남마을코오롱하늘채아파트)",D09,FMS,제외,중처법 제2조제4호 나목,,N
AR2004-0004482,경기도국악당,건축물,다중이용건축물,2종,B등급,20040623,경기도 용인시 기흥구 민속촌로 89 (보라동),D09,FMS,검토필요,시행령 별표3 제5호 2)3),연면적·층수·용도,N
AR2004-0004612,용인시 평생학습관,건축물,다중이용건축물,2종,B등급,20040715,경기도 용인시 수지구 문정로7번길 15 (풍덕천동),D09,FMS,검토필요,시행령 별표3 제5호 2)3),연면적·층수·용도,N
AR2004-0005956,용인구갈8  801동,건축물,공동주택,3종,A등급,20040528,경기도 용인시 기흥구 상하동,D09,FMS,제외,중처법 제2조제4호 나목,,N
AR2004-0005957,용인구갈8 802동,건축물,공동주택,3종,A등급,20040528,경기도 용인시 기흥구 상하동,D09,FMS,제외,중처법 제2조제4호 나목,,N
AR2004-0005958,용인구갈8  803동,건축물,공동주택,3종,A등급,20040528,경기도 용인시 기흥구 상하동,D09,FMS,제외,중처법 제2조제4호 나목,,N
AR2004-0005959,용인구갈8  804동,건축물,공동주택,3종,A등급,20040528,경기도 용인시 기흥구 상하동,D09,FMS,제외,중처법 제2조제4호 나목,,N
AR2004-0005960,용인구갈8 805동,건축물,공동주택,3종,A등급,20040528,경기도 용인시 기흥구 상하동,D09,FMS,제외,중처법 제2조제4호 나목,,N
AR2004-0005961,용인구갈8 806동,건축물,공동주택,3종,A등급,20040528,경기도 용인시 기흥구 상하동,D09,FMS,제외,중처법 제2조제4호 나목,,N
AR2004-0005962,용인구갈8 807동,건축물,공동주택,3종,A등급,20040528,경기도 용인시 기흥구 상하동,D09,FMS,제외,중처법 제2조제4호 나목,,N
AR2004-0005963,용인구갈8 808동,건축물,공동주택,3종,A등급,20040528,경기도 용인시 기흥구 상하동,D09,FMS,제외,중처법 제2조제4호 나목,,N
AR2004-0005964,용인구갈8 809동,건축물,공동주택,3종,A등급,20040528,경기도 용인시 기흥구 상하동,D09,FMS,제외,중처법 제2조제4호 나목,,N
AR2004-0005965,용인구갈8 810동,건축물,공동주택,3종,A등급,20040528,경기도 용인시 기흥구 상하동,D09,FMS,제외,중처법 제2조제4호 나목,,N
AR2004-0005966,용인구갈8 811동,건축물,공동주택,3종,A등급,20040528,경기도 용인시 기흥구 상하동,D09,FMS,제외,중처법 제2조제4호 나목,,N
AR2004-0005967,용인구갈8 812동,건축물,공동주택,3종,A등급,20040528,경기도 용인시 기흥구 상하동,D09,FMS,제외,중처법 제2조제4호 나목,,N
AR2004-0005968,용인구갈8 813동,건축물,공동주택,3종,A등급,20040528,경기도 용인시 기흥구 상하동,D09,FMS,제외,중처법 제2조제4호 나목,,N
AR2004-0005969,용인마평1 101,건축물,공동주택,3종,B등급,20040924,경기도 용인시 처인구 마평동,D09,FMS,제외,중처법 제2조제4호 나목,,N
AR2004-0005970,용인마평1 102,건축물,공동주택,3종,B등급,20040924,경기도 용인시 처인구 마평동,D09,FMS,제외,중처법 제2조제4호 나목,,N
AR2004-0005971,용인마평1 103,건축물,공동주택,3종,B등급,20040924,경기도 용인시 처인구 마평동,D09,FMS,제외,중처법 제2조제4호 나목,,N
AR2004-0005972,용인마평1 104,건축물,공동주택,3종,B등급,20040924,경기도 용인시 처인구 마평동,D09,FMS,제외,중처법 제2조제4호 나목,,N
AR2004-0005973,용인마평1 105,건축물,공동주택,3종,B등급,20040924,경기도 용인시 처인구 마평동,D09,FMS,제외,중처법 제2조제4호 나목,,N
AR2004-0005974,용인마평1 106,건축물,공동주택,3종,B등급,20040924,경기도 용인시 처인구 마평동,D09,FMS,제외,중처법 제2조제4호 나목,,N
AR2004-0005975,용인마평1 107,건축물,공동주택,3종,B등급,20040924,경기도 용인시 처인구 마평동,D09,FMS,제외,중처법 제2조제4호 나목,,N
AR2004-0006129,용인둔전초등학교 교사동,건축물,대형건축물,3종,B등급,20040627,경기도 용인시 처인구 포곡읍,D09,FMS,제외,중처법 제2조제4호 단서,,N
AR2004-0006130,상현중학교 교사동,건축물,대형건축물,3종,B등급,20040301,경기도 용인시 수지구 상현동,D09,FMS,제외,중처법 제2조제4호 단서,,N
AR2004-0006136,갈곡초등학교 교사동,건축물,대형건축물,3종,B등급,20041130,경기도 용인시 기흥구 강남동로,D09,FMS,제외,중처법 제2조제4호 단서,,N
AR2004-0006138,용인대덕초등학교 교사동,건축물,대형건축물,3종,B등급,20040625,경기도 용인시 수지구 죽전동,D09,FMS,제외,중처법 제2조제4호 단서,,N
AR2004-0006147,홍천초등학교 교사동,건축물,대형건축물,3종,B등급,20040407,경기도 용인시 수지구 신봉동,D09,FMS,제외,중처법 제2조제4호 단서,,N
AR2004-0006153,용인이동초등학교 교사동,건축물,대형건축물,3종,B등급,20040301,경기도 용인시 처인구 이동읍,D09,FMS,제외,중처법 제2조제4호 단서,,N
AR2004-0006167,현암고등학교 본관,건축물,대형건축물,3종,B등급,20040301,경기도 용인시 수지구 죽전동,D09,FMS,제외,중처법 제2조제4호 단서,,N
AR2004-0006180,현암초등학교 교사동,건축물,대형건축물,3종,B등급,20041208,경기도 용인시 수지구 죽전동,D09,FMS,제외,중처법 제2조제4호 단서,,N
AR2004-0006181,용인신릉초등학교 교사1동,건축물,대형건축물,3종,B등급,20040701,경기도 용인시 기흥구 신갈동,D09,FMS,제외,중처법 제2조제4호 단서,,N
AR2004-0006192,신리초등학교 ,건축물,대형건축물,3종,B등급,20040409,경기도 용인시 수지구 신봉동,D09,FMS,제외,중처법 제2조제4호 단서,,N
AR2004-0006196,용신중학교 교사동,건축물,대형건축물,3종,B등급,20040630,경기도 용인시 처인구 김량장동,D09,FMS,제외,중처법 제2조제4호 단서,,N
AR2004-0006206,용인성산초등학교 본관,건축물,대형건축물,3종,B등급,20040301,경기도 용인시 처인구 유방동,D09,FMS,제외,중처법 제2조제4호 단서,,N
AR2004-0006267,신갈중학교 교사2호동,건축물,다중이용건축물,3종,B등급,20040329,경기도 용인시 기흥구 신갈동,D09,FMS,제외,중처법 제2조제4호 단서,,N
AR2004-0006276,지곡초등학교 교사동,건축물,대형건축물,3종,B등급,20041101,경기도 용인시 기흥구 지곡동,D09,FMS,제외,중처법 제2조제4호 단서,,N
AR2004-0006277,삼가초등학교 교사동,건축물,대형건축물,3종,C등급,20040420,경기도 용인시 처인구 삼가동,D09,FMS,제외,중처법 제2조제4호 단서,,N
AR2004-0006287,용인중학교 식당동,건축물,다중이용건축물,3종,B등급,20040913,경기도 용인시 처인구 김량장동,D09,FMS,제외,중처법 제2조제4호 단서,,N
AR2004-0006291,손곡초등학교 교사동,건축물,대형건축물,3종,B등급,20040914,경기도 용인시 수지구 동천동,D09,FMS,제외,중처법 제2조제4호 단서,,N
AR2004-0006294,초롱유치원 초롱유치원,건축물,다중이용건축물,3종,B등급,20040220,경기도 용인시 기흥구 영덕동,D09,FMS,제외,중처법 제2조제4호 단서,,N
AR2004-0006310,용인신촌중학교 교사동,건축물,대형건축물,3종,B등급,20041228,경기도 용인시 기흥구 보정동,D09,FMS,제외,중처법 제2조제4호 단서,,N
AR2004-0006317,구성고등학교 교사동,건축물,대형건축물,3종,B등급,20040331,경기도 용인시 기흥구 마북동,D09,FMS,제외,중처법 제2조제4호 단서,,N
AR2004-0006390,원삼면 행정복지센터,건축물,다중이용건축물,3종,불명,20041021,경기도 용인시 처인구 원삼면,D09,FMS,검토필요,시행령 별표3 제5호 2)3),연면적·층수·용도,N
AR2005-0002918,용인시문화복지행정타운본청사,건축물,대형건축물,2종,B등급,20050625,경기도 용인시 처인구 중부대로 1199 (삼가동),D09,FMS,검토필요,시행령 별표3 제5호 2)3),연면적·층수·용도,N
AR2005-0003757,88골프장 실외골프연습장,건축물,다중이용건축물,2종,B등급,20051007,경기도 용인시 기흥구 석성로521번길 169 (청덕동),D09,FMS,검토필요,시행령 별표3 제5호 2)3),연면적·층수·용도,N
AR2005-0003880,지작사 6동 독신숙소,건축물,공동주택,3종,B등급,20051031,경기도 용인시 김량장동,D09,FMS,제외,중처법 제2조제4호 나목,,N
AR2005-0003904,용인시문화복지행정타운문화예술원,건축물,다중이용건축물,2종,B등급,20050625,경기도 용인시 처인구 중부대로,D09,FMS,검토필요,시행령 별표3 제5호 2)3),연면적·층수·용도,N
AR2005-0003905,용인시문화복지행정타운복지센타,건축물,다중이용건축물,2종,B등급,20050625,경기도 용인시 처인구 중부대로,D09,FMS,검토필요,시행령 별표3 제5호 2)3),연면적·층수·용도,N
AR2005-0003906,용인시문화복지행정타운보건소,건축물,다중이용건축물,3종,B등급,20050625,경기도 용인시 처인구 중부대로,D09,FMS,검토필요,시행령 별표3 제5호 2)3),연면적·층수·용도,N
AR2005-0003907,용인시문화복지행정타운의회청사,건축물,다중이용건축물,3종,B등급,20050625,경기도 용인시 처인구 중부대로,D09,FMS,검토필요,시행령 별표3 제5호 2)3),연면적·층수·용도,N
AR2005-0004386,백암고등학교 백암학사(13호동),건축물,다중이용건축물,3종,B등급,20051024,경기도 용인시 처인구 백암면,D09,FMS,제외,중처법 제2조제4호 단서,,N
AR2005-0004396,언동중학교 교사동,건축물,대형건축물,3종,B등급,20050912,경기도 용인시 기흥구 언남동,D09,FMS,제외,중처법 제2조제4호 단서,,N
AR2005-0004399,손곡중학교 교사동,건축물,대형건축물,3종,B등급,20050117,경기도 용인시 수지구 수풍로116번길,D09,FMS,제외,중처법 제2조제4호 단서,,N
AR2005-0004429,용인고등학교 홍익관(G동),건축물,다중이용건축물,3종,B등급,20050314,경기도 용인시 처인구 역북동,D09,FMS,제외,중처법 제2조제4호 단서,,N
AR2005-0004446,보정고등학교 교사동,건축물,대형건축물,3종,B등급,20050821,경기도 용인시 기흥구 보정동,D09,FMS,제외,중처법 제2조제4호 단서,,N
AR2005-0004513,성지중학교 교사,건축물,대형건축물,3종,B등급,20050731,경기도 용인시 기흥구 구갈동,D09,FMS,제외,중처법 제2조제4호 단서,,N
AR2005-0004517,소현중학교 본관,건축물,대형건축물,3종,B등급,20051011,경기도 용인시 기흥구 보정동,D09,FMS,제외,중처법 제2조제4호 단서,,N
AR2005-0004531,언남초등학교 교사동,건축물,대형건축물,3종,B등급,20050302,경기도 용인시 기흥구 언남동,D09,FMS,제외,중처법 제2조제4호 단서,,N
AR2005-0004582,독정초등학교 교사동,건축물,대형건축물,3종,B등급,20051110,경기도 용인시 기흥구 보정동,D09,FMS,제외,중처법 제2조제4호 단서,,N
AR2005-0004605,경기도소방학교 생활2관,건축물,다중이용건축물,3종,B등급,20050429,경기도 용인시 처인구 남사면,D09,FMS,검토필요,시행령 별표3 제5호 2)3),연면적·층수·용도,N
AR2005-0004645,용인대덕중학교 교사동,건축물,대형건축물,3종,B등급,20050124,경기도 용인시 수지구 죽전동,D09,FMS,제외,중처법 제2조제4호 단서,,N
AR2005-0004669,수지누리유치원,건축물,다중이용건축물,3종,B등급,20050216,경기도 용인시 수지구 풍덕천동,D09,FMS,제외,중처법 제2조제4호 단서,,N
AR2005-0004673,대청초등학교 교사동,건축물,대형건축물,3종,B등급,20051022,경기도 용인시 수지구 죽전동,D09,FMS,제외,중처법 제2조제4호 단서,,N
AR2005-0004694,용인초등학교 다목적강당동,건축물,다중이용건축물,3종,B등급,20050222,경기도 용인시 처인구 김량장동,D09,FMS,제외,중처법 제2조제4호 단서,,N
AR2005-0004718,용인신릉중학교 교사동,건축물,대형건축물,3종,B등급,20050824,경기도 용인시 기흥구 신갈동,D09,FMS,제외,중처법 제2조제4호 단서,,N
AR2005-0004731,현암중학교 교사동,건축물,대형건축물,3종,B등급,20050119,경기도 용인시 수지구 죽전동,D09,FMS,제외,중처법 제2조제4호 단서,,N
AR2005-0004863,성지초등학교 교사동,건축물,대형건축물,3종,B등급,20050301,경기도 용인시 기흥구 구갈동,D09,FMS,제외,중처법 제2조제4호 단서,,N
AR2005-0004877,죽전야외음악당,건축물,다중이용건축물,3종,B등급,20051115,경기도 용인시 수지구 죽전동,D09,FMS,검토필요,시행령 별표3 제5호 2)3),연면적·층수·용도,N
AR2005-0004883,죽전1동행정복지센터,건축물,다중이용건축물,3종,B등급,20050912,경기도 용인시 수지구 죽전동,D09,FMS,검토필요,시행령 별표3 제5호 2)3),연면적·층수·용도,N
AR2005-0005059,용인동백 열원시설 열원 설비동,건축물,기타,3종,B등급,20051130,경기도 용인시 기흥구 중동,D09,FMS,검토필요,시행령 별표3 제5호 2)3),연면적·층수·용도,N
AR2006-0003920,구성초등학교 식당및다목적실,건축물,다중이용건축물,3종,불명,20060301,경기도 용인시 기흥구,D09,FMS,제외,중처법 제2조제4호 단서,,N
AR2006-0003931,초당초등학교 교사동,건축물,대형건축물,3종,B등급,20060301,경기도 용인시 기흥구,D09,FMS,제외,중처법 제2조제4호 단서,,N
AR2006-0003935,동백초등학교 본관,건축물,대형건축물,3종,불명,20060301,경기도 용인시 기흥구 동백동,D09,FMS,제외,중처법 제2조제4호 단서,,N
AR2006-0003947,초당중학교,건축물,대형건축물,3종,B등급,20060331,경기도 용인시 기흥구,D09,FMS,제외,중처법 제2조제4호 단서,,N
AR2006-0003951,석성초등학교 석성초,건축물,대형건축물,3종,불명,20060301,경기도 용인시 기흥구,D09,FMS,제외,중처법 제2조제4호 단서,,N
AR2006-0003954,용인백현중학교 교사동,건축물,대형건축물,3종,C등급,20060301,경기도 용인시 기흥구,D09,FMS,제외,중처법 제2조제4호 단서,,N
AR2006-0003967,용천중학교 교사동,건축물,대형건축물,3종,B등급,20090407,경기도 용인시 처인구,D09,FMS,제외,중처법 제2조제4호 단서,,N
AR2006-0003984,신일초등학교 교사동,건축물,대형건축물,3종,B등급,20060301,경기도 용인시 수지구,D09,FMS,제외,중처법 제2조제4호 단서,,N
AR2006-0004038,동막초등학교 교사동,건축물,대형건축물,3종,불명,20060301,경기도 용인시 기흥구,D09,FMS,제외,중처법 제2조제4호 단서,,N
AR2006-0004106,용인홍천고등학교 교사동,건축물,대형건축물,3종,B등급,20060401,경기도 용인시 수지구 수지로227번길,D09,FMS,제외,중처법 제2조제4호 단서,,N
AR2006-0004108,성지고등학교 교사동,건축물,대형건축물,3종,불명,20060309,경기도 용인시 기흥구,D09,FMS,제외,중처법 제2조제4호 단서,,N
AR2006-0004112,용인백현초등학교 교사동,건축물,대형건축물,3종,B등급,20060301,경기도 용인시 기흥구,D09,FMS,제외,중처법 제2조제4호 단서,,N
AR2006-0004121,동백중학교 교사동,건축물,대형건축물,3종,B등급,20060301,경기도 용인시 기흥구 동백중앙로,D09,FMS,제외,중처법 제2조제4호 단서,,N
AR2006-0004136,송전초등학교 10동교육연구시설(급식실),건축물,다중이용건축물,3종,불명,20060418,경기도 용인시 처인구,D09,FMS,제외,중처법 제2조제4호 단서,,N
AR2006-0004137,용인백현고등학교 교사동(A동),건축물,대형건축물,3종,불명,20060301,경기도 용인시 기흥구,D09,FMS,제외,중처법 제2조제4호 단서,,N
AR2006-0004183,기흥고등학교 다목적동,건축물,다중이용건축물,3종,불명,20060901,경기도 용인시 기흥구,D09,FMS,제외,중처법 제2조제4호 단서,,N
AR2006-0004246,동천동 행정복지센터,건축물,다중이용건축물,3종,불명,20060809,경기도 용인시 수지구 동천동,D09,FMS,검토필요,시행령 별표3 제5호 2)3),연면적·층수·용도,N
AR2006-0004258,모현읍 행정복지센터,건축물,다중이용건축물,3종,불명,20060905,경기도 용인시 처인구 모현읍,D09,FMS,검토필요,시행령 별표3 제5호 2)3),연면적·층수·용도,N
AR2006-0004563,동백고등학교 교사동,건축물,대형건축물,3종,불명,20061027,경기도 용인시 기흥구 동백동,D09,FMS,제외,중처법 제2조제4호 단서,,N
AR2007-0003620,고림중학교 교사동,건축물,대형건축물,3종,불명,20070301,경기도 용인시 처인구 고림동,D09,FMS,제외,중처법 제2조제4호 단서,,N
AR2007-0003636,용인심곡초등학교	교사동,건축물,대형건축물,3종,불명,20070228,경기도 용인시 수지구 심곡로,D09,FMS,제외,중처법 제2조제4호 단서,,N
AR2007-0003670,헌산중학교 교사및기숙사동(C동),건축물,다중이용건축물,3종,불명,20070727,경기도 용인시 처인구 원삼면,D09,FMS,제외,중처법 제2조제4호 단서,,N
AR2007-0003684,나산초등학교 교사동,건축물,대형건축물,3종,불명,20070228,경기도 용인시 기흥구 한보라1로43번길,D09,FMS,제외,중처법 제2조제4호 단서,,N
AR2007-0003702,대지고등학교 교사동,건축물,대형건축물,3종,불명,20070325,경기도 용인시 수지구 죽전동,D09,FMS,제외,중처법 제2조제4호 단서,,N
AR2007-0003717,용인한일초등학교	교사동(본관),건축물,대형건축물,3종,불명,20070228,경기도 용인시 기흥구 한보라1로,D09,FMS,제외,중처법 제2조제4호 단서,,N
AR2007-0003723,보라중학교 교사동,건축물,대형건축물,3종,불명,20070301,경기도 용인시 기흥구 한보라1로,D09,FMS,제외,중처법 제2조제4호 단서,,N
AR2008-0002443,용인구성주공9단지 902동,건축물,공동주택,2종,B등급,20080911,"경기도 용인시 기흥구 구성로 392 (청덕동, 휴먼시아물푸레마을9단지아파트)",D09,FMS,제외,중처법 제2조제4호 나목,,N
AR2008-0002444,용인구성주공9단지 903동,건축물,공동주택,2종,B등급,20080911,"경기도 용인시 기흥구 구성로 392 (청덕동, 휴먼시아물푸레마을9단지아파트)",D09,FMS,제외,중처법 제2조제4호 나목,,N
AR2008-0002445,용인구성주공9단지 905동,건축물,공동주택,2종,C등급,20080911,"경기도 용인시 기흥구 구성로 392 (청덕동, 휴먼시아물푸레마을9단지아파트)",D09,FMS,제외,중처법 제2조제4호 나목,,N
AR2008-0002446,용인구성주공9단지 908동,건축물,공동주택,2종,B등급,20080911,"경기도 용인시 기흥구 구성로 392 (청덕동, 휴먼시아물푸레마을9단지아파트)",D09,FMS,제외,중처법 제2조제4호 나목,,N
AR2008-0002447,용인구성주공9단지 909동,건축물,공동주택,2종,B등급,20080911,"경기도 용인시 기흥구 구성로 392 (청덕동, 휴먼시아물푸레마을9단지아파트)",D09,FMS,제외,중처법 제2조제4호 나목,,N
AR2008-0002448,용인구성주공9단지 910동,건축물,공동주택,2종,B등급,20080911,"경기도 용인시 기흥구 구성로 392 (청덕동, 휴먼시아물푸레마을9단지아파트)",D09,FMS,제외,중처법 제2조제4호 나목,,N
AR2008-0002449,용인구성주공9단지 912동,건축물,공동주택,2종,B등급,20080911,"경기도 용인시 기흥구 구성로 392 (청덕동, 휴먼시아물푸레마을9단지아파트)",D09,FMS,제외,중처법 제2조제4호 나목,,N
AR2008-0002450,용인구성주공9단지 913동,건축물,공동주택,2종,B등급,20080911,"경기도 용인시 기흥구 구성로 392 (청덕동, 휴먼시아물푸레마을9단지아파트)",D09,FMS,제외,중처법 제2조제4호 나목,,N
AR2008-0004135,신봉동 행정복지센터,건축물,다중이용건축물,3종,불명,20080212,경기도 용인시 수지구 수지로,D09,FMS,검토필요,시행령 별표3 제5호 2)3),연면적·층수·용도,N
AR2008-0004345,용인구성 물푸레마을9단지 901동,건축물,공동주택,3종,불명,20080911,경기도 용인시 기흥구 청덕동,D09,FMS,제외,중처법 제2조제4호 나목,,N
AR2008-0004346,용인구성 물푸레마을9단지 904동,건축물,공동주택,3종,불명,20080911,경기도 용인시 기흥구 청덕동,D09,FMS,제외,중처법 제2조제4호 나목,,N
AR2008-0004347,용인구성 물푸레마을9단지 906동,건축물,공동주택,3종,불명,20080911,경기도 용인시 기흥구 청덕동,D09,FMS,제외,중처법 제2조제4호 나목,,N
AR2008-0004348,용인구성 물푸레마을9단지 907동,건축물,공동주택,3종,불명,20080911,경기도 용인시 기흥구 청덕동,D09,FMS,제외,중처법 제2조제4호 나목,,N
AR2008-0004349,용인구성 물푸레마을9단지 911동,건축물,공동주택,3종,불명,20080911,경기도 용인시 기흥구 청덕동,D09,FMS,제외,중처법 제2조제4호 나목,,N
AR2008-0004404,휴먼시아 물푸레마을 1단지 101동,건축물,공동주택,3종,불명,20080716,경기도 용인시 기흥구 구성2로,D09,FMS,제외,중처법 제2조제4호 나목,,N
AR2008-0004405,휴먼시아 물푸레마을1단지 102동,건축물,공동주택,3종,불명,20080716,경기도 용인시 기흥구 구성2로,D09,FMS,제외,중처법 제2조제4호 나목,,N
AR2008-0004406,휴먼시아 물푸레마을1단지 103동,건축물,공동주택,3종,불명,20080716,경기도 용인시 기흥구 구성2로,D09,FMS,제외,중처법 제2조제4호 나목,,N
AR2008-0004407,휴먼시아 물푸레마을1단지 104동,건축물,공동주택,3종,불명,20080716,경기도 용인시 기흥구 구성2로,D09,FMS,제외,중처법 제2조제4호 나목,,N
AR2008-0004408,휴먼시아 물푸레마을1단지 105동,건축물,공동주택,3종,불명,20080716,경기도 용인시 기흥구 구성2로,D09,FMS,제외,중처법 제2조제4호 나목,,N
AR2008-0004409,휴먼시아 물푸레마을1단지 106동,건축물,공동주택,3종,불명,20080716,경기도 용인시 기흥구 구성2로,D09,FMS,제외,중처법 제2조제4호 나목,,N
AR2008-0004410,휴먼시아 물푸레마을1단지 107동,건축물,공동주택,3종,불명,20080716,경기도 용인시 기흥구 구성2로,D09,FMS,제외,중처법 제2조제4호 나목,,N
AR2008-0004411,휴먼시아 물푸레마을1단지 108동,건축물,공동주택,3종,불명,20080716,경기도 용인시 기흥구 구성2로,D09,FMS,제외,중처법 제2조제4호 나목,,N
AR2008-0004709,청덕중학교 청덕중학교,건축물,대형건축물,3종,불명,20080731,경기도 용인시 기흥구 구성1로,D09,FMS,제외,중처법 제2조제4호 단서,,N
AR2008-0004725,청덕초등학교 교사동,건축물,대형건축물,3종,불명,20080731,경기도 용인시 기흥구 구성1로,D09,FMS,제외,중처법 제2조제4호 단서,,N
AR2008-0004738,구갈동 행정복지센터,건축물,다중이용건축물,3종,불명,20080304,경기도 용인시 기흥구 강남로,D09,FMS,검토필요,시행령 별표3 제5호 2)3),연면적·층수·용도,N
AR2009-0000230,죽전역,건축물,철도역시설,2종,B등급,20081230,경기도 용인시 수지구 포은대로 530 (죽전동),D09,FMS,해당,시행령 별표3 제5호 1),,N
AR2009-0002925,용인시민체육센터,건축물,다중이용건축물,2종,B등급,20091203,경기도 용인시 처인구 포곡읍 금어로 317,D09,FMS,검토필요,시행령 별표3 제5호 2)3),연면적·층수·용도,N
AR2009-0003069,용인시박물관,건축물,다중이용건축물,3종,B등급,20090807,경기도 용인시 기흥구 중동,D09,FMS,검토필요,시행령 별표3 제5호 2)3),연면적·층수·용도,N
AR2009-0003439,상갈동 행정복지센터,건축물,다중이용건축물,3종,불명,20091030,경기도 용인시 기흥구 상갈로,D09,FMS,검토필요,시행령 별표3 제5호 2)3),연면적·층수·용도,N
AR2009-0003440,성복동 행정복지센터,건축물,다중이용건축물,3종,불명,20090828,경기도 용인시 수지구 성복1로,D09,FMS,검토필요,시행령 별표3 제5호 2)3),연면적·층수·용도,N
AR2010-0000987,한국전력기술(주),건축물,대형건축물,2종,B등급,19950930,경기도 용인시 기흥구 용구대로 2354 (마북동),D09,FMS,검토필요,시행령 별표3 제5호 2)3),연면적·층수·용도,N
AR2010-0002609,경기도어린이박물관,건축물,다중이용건축물,2종,B등급,20101015,경기도 용인시 기흥구 상갈로 6 (상갈동),D09,FMS,검토필요,시행령 별표3 제5호 2)3),연면적·층수·용도,N
AR2010-0002931,용인종합운동장,건축물,다중이용건축물,2종,B등급,19950926,경기도 용인시 처인구 경안천로,D09,FMS,검토필요,시행령 별표3 제5호 2)3),연면적·층수·용도,N
AR2010-0003131,한터초등학교 교사3호동,건축물,다중이용건축물,3종,불명,20100430,경기도 용인시 처인구 양지면,D09,FMS,제외,중처법 제2조제4호 단서,,N
AR2011-0000066,경기도박물관,건축물,다중이용건축물,2종,B등급,19951113,경기도 용인시 기흥구 상갈로 6 (상갈동),D09,FMS,검토필요,시행령 별표3 제5호 2)3),연면적·층수·용도,N
AR2011-0000169,백남준아트센터,건축물,다중이용건축물,2종,B등급,20080310,경기도 용인시 기흥구 상갈로 6 (상갈동),D09,FMS,검토필요,시행령 별표3 제5호 2)3),연면적·층수·용도,N
AR2012-0000682,구성역사,건축물,철도역시설,2종,B등급,20120331,경기도 용인시 기흥구 용구대로 2403 (마북동),D09,FMS,해당,시행령 별표3 제5호 1),,N
AR2012-0000800,기흥역사,건축물,철도역시설,2종,B등급,20121221,경기도 용인시 기흥구 중부대로 지하 460 (구갈동),D09,FMS,해당,시행령 별표3 제5호 1),,N
AR2012-0000804,수지문화복지타운,건축물,대형건축물,2종,B등급,20120229,경기도 용인시 수지구 포은대로 435 (풍덕천동),D09,FMS,검토필요,시행령 별표3 제5호 2)3),연면적·층수·용도,N
AR2012-0002011,상갈역사,건축물,철도역시설,2종,B등급,20121221,경기도 용인시 기흥구 금화로 지하 40 (상갈동),D09,FMS,해당,시행령 별표3 제5호 1),,N
AR2012-0002015,아르피아스포츠센터,건축물,다중이용건축물,2종,B등급,20120527,경기도 용인시 수지구 포은대로 499 (죽전동),D09,FMS,검토필요,시행령 별표3 제5호 2)3),연면적·층수·용도,N
AR2013-0001203,보정역사,건축물,철도역시설,2종,B등급,20130531,경기도 용인시 기흥구 용구대로 지하 2560 (보정동),D09,FMS,해당,시행령 별표3 제5호 1),,N
AR2013-0001204,신갈역사,건축물,철도역시설,2종,B등급,20130531,경기도 용인시 기흥구 기흥로 지하 136 (신갈동),D09,FMS,해당,시행령 별표3 제5호 1),,N
AR2013-0001894,용인포은아트홀,건축물,다중이용건축물,2종,B등급,20120625,경기도 용인시 수지구 포은대로 499 (죽전동),D09,FMS,검토필요,시행령 별표3 제5호 2)3),연면적·층수·용도,N
AR2013-0002113,처인체력단련장,건축물,다중이용건축물,2종,B등급,20130331,경기도 용인시 처인구 이동면 이원로384번길 71,D09,FMS,검토필요,시행령 별표3 제5호 2)3),연면적·층수·용도,N
AR2017-0002811,용인서천 효성해링턴플레이스 101동,건축물,공동주택,2종,B등급,20171101,경기도 용인시 기흥구 서천동,D09,FMS,제외,중처법 제2조제4호 나목,,N
AR2017-0002812,용인서천 효성해링턴플레이스 102동,건축물,공동주택,2종,B등급,20171101,경기도 용인시 기흥구 서그내로,D09,FMS,제외,중처법 제2조제4호 나목,,N
AR2017-0002813,용인서천 효성해링턴플레이스 103동,건축물,공동주택,2종,B등급,20171101,경기도 용인시 기흥구 서천동,D09,FMS,제외,중처법 제2조제4호 나목,,N
AR2017-0002814,용인서천 효성해링턴플레이스 104동,건축물,공동주택,2종,B등급,20171101,경기도 용인시 기흥구 서천동,D09,FMS,제외,중처법 제2조제4호 나목,,N
AR2017-0002815,용인서천 효성해링턴플레이스 105동,건축물,공동주택,2종,B등급,20171101,경기도 용인시 기흥구 서천동,D09,FMS,제외,중처법 제2조제4호 나목,,N
AR2017-0002816,용인서천 효성해링턴플레이스 106동,건축물,공동주택,2종,B등급,20171101,경기도 용인시 기흥구 서천동,D09,FMS,제외,중처법 제2조제4호 나목,,N
AR2017-0002817,용인서천 효성해링턴플레이스 107동,건축물,공동주택,2종,B등급,20171101,경기도 용인시 기흥구 서천동,D09,FMS,제외,중처법 제2조제4호 나목,,N
AR2018-0000223,용인미르스타디움,건축물,대형건축물,1종,불명,20171120,경기도 용인시 처인구 삼가동,D09,FMS,검토필요,시행령 별표3 제5호 2)3),연면적·층수·용도,N
AR2018-0002175,남사 스포츠센터,건축물,다중이용건축물,2종,불명,20180626,경기도 용인시 처인구 남사면,D09,FMS,검토필요,시행령 별표3 제5호 2)3),연면적·층수·용도,N
BR0000-0000002,꽃터교(안대지2교),교량,도로교량,3종,C등급,20041229,경기도 용인시 수지구 죽전동,D03,FMS,검토필요,시행령 제3조제4호 가목,연장(m),N
BR1018-0000001,하고개교(상행),교량,도로교량,2종,B등급,20181130,경기도 용인시 처인구 역북동,D03,FMS,검토필요,시행령 별표3 제1호,연장·최대경간장·상부구조형식,N
BR1900-0000009,안대지천교,교량,도로교량,3종,C등급,20041229,경기도 용인시 수지구 죽전동,D03,FMS,검토필요,시행령 제3조제4호 가목,연장(m),N
BR1900-0000033,봉안교,교량,도로교량,3종,C등급,19900101,경기도 용인시 처인구 백암면 백봉리,D03,FMS,검토필요,시행령 제3조제4호 가목,연장(m),N
BR1968-0000035,영덕교(0),교량,도로교량,3종,B등급,19680826,경기도 용인시 기흥구 영덕동,D03,FMS,검토필요,시행령 제3조제4호 가목,연장(m),N
BR1968-0000057,옥산교,교량,도로교량,3종,C등급,19681230,경기도 용인시 처인구 백암면 옥산리,D03,FMS,검토필요,시행령 제3조제4호 가목,연장(m),N
BR1970-0000129,가재월2교,교량,도로교량,3종,B등급,19700101,경기도 용인시 처인구 원삼면 가재월리,D03,FMS,검토필요,시행령 제3조제4호 가목,연장(m),N
BR1974-0000037,공세교,교량,도로교량,3종,C등급,19740101,경기도 용인시 기흥구 고매동,D03,FMS,검토필요,시행령 제3조제4호 가목,연장(m),N
BR1977-0000141,(구)수포교,교량,도로교량,3종,D등급,19770615,경기도 용인시 처인구 포곡로,D03,FMS,검토필요,시행령 제3조제4호 가목,연장(m),N
BR1979-0000106,보정교,교량,도로교량,3종,C등급,19791201,경기도 용인시 기흥구 보정동,D03,FMS,검토필요,시행령 제3조제4호 가목,연장(m),N
BR1980-0000136,백암교,교량,도로교량,3종,B등급,19801101,경기도 용인시 처인구 백암면,D03,FMS,검토필요,시행령 제3조제4호 가목,연장(m),N
BR1980-0000309,예지교,교량,도로교량,3종,C등급,19800101,경기도 용인시 처인구 이동면 화산리,D03,FMS,검토필요,시행령 제3조제4호 가목,연장(m),N
BR1982-0000241,(구)창동교,교량,도로교량,3종,D등급,19820101,경기도 용인시 처인구 남사면,D03,FMS,검토필요,시행령 제3조제4호 가목,연장(m),N
BR1983-0000196,천리2교,교량,도로교량,3종,D등급,19830101,경기도 용인시 처인구 이동면 천리,D03,FMS,검토필요,시행령 제3조제4호 가목,연장(m),N
BR1984-0000143,농서교,교량,도로교량,3종,B등급,19840331,경기도 용인시 기흥구 농서동,D03,FMS,검토필요,시행령 제3조제4호 가목,연장(m),N
BR1984-0000148,하갈교,교량,도로교량,3종,B등급,19840715,경기도 용인시 기흥구 하갈동,D03,FMS,검토필요,시행령 제3조제4호 가목,연장(m),N
BR1984-0000272,휴암교,교량,도로교량,3종,C등급,19841030,경기도 용인시 처인구 양지면 추계리,D03,FMS,검토필요,시행령 제3조제4호 가목,연장(m),N
BR1986-0000243,상갈교,교량,도로교량,3종,C등급,19860101,경기도 용인시 기흥구 상갈동,D03,FMS,검토필요,시행령 제3조제4호 가목,연장(m),N
BR1987-0000200,영덕교(1),교량,도로교량,3종,B등급,19870828,경기도 용인시 기흥구 영덕동,D03,FMS,검토필요,시행령 제3조제4호 가목,연장(m),N
BR1987-0000420,석성교,교량,도로교량,3종,B등급,19871217,경기도 용인시 처인구 김량장동,D03,FMS,검토필요,시행령 제3조제4호 가목,연장(m),N
BR1987-0000421,능말교,교량,도로교량,3종,B등급,19870924,경기도 용인시 처인구 김량장동,D03,FMS,검토필요,시행령 제3조제4호 가목,연장(m),N
BR1988-0000411,샘골2교,교량,도로교량,3종,C등급,19881231,경기도 용인시 처인구 이동면 천리,D03,FMS,검토필요,시행령 제3조제4호 가목,연장(m),N
BR1988-0000418,금북교,교량,도로교량,3종,B등급,19881118,경기도 용인시 처인구 김량장동,D03,FMS,검토필요,시행령 제3조제4호 가목,연장(m),N
BR1989-0000314,마평교,교량,도로교량,3종,C등급,19891130,경기도 용인시 처인구 마평동,D03,FMS,검토필요,시행령 제3조제4호 가목,연장(m),N
BR1990-0000184,아곡교,교량,도로교량,3종,C등급,19900601,경기도 용인시 처인구 남사면,D03,FMS,검토필요,시행령 제3조제4호 가목,연장(m),N
BR1990-0000185,송전1교,교량,도로교량,3종,B등급,19900101,경기도 용인시 처인구 이동읍,D03,FMS,검토필요,시행령 제3조제4호 가목,연장(m),N
BR1990-0000186,묘봉교,교량,도로교량,3종,C등급,19900101,경기도 용인시 처인구 이동읍,D03,FMS,검토필요,시행령 제3조제4호 가목,연장(m),N
BR1990-0000234,중동교,교량,도로교량,3종,B등급,19900101,경기도 용인시 기흥구 마북동,D03,FMS,검토필요,시행령 제3조제4호 가목,연장(m),N
BR1990-0000445,옥산2교,교량,도로교량,3종,B등급,19900101,경기도 용인시 처인구 백암면 옥산리,D03,FMS,검토필요,시행령 제3조제4호 가목,연장(m),N
BR1990-0000446,숙골교,교량,도로교량,3종,C등급,19900101,경기도 용인시 처인구 백암면 가창리,D03,FMS,검토필요,시행령 제3조제4호 가목,연장(m),N
BR1990-0000450,제1천리교,교량,도로교량,3종,C등급,19901231,경기도 용인시 처인구 이동면 천리,D03,FMS,검토필요,시행령 제3조제4호 가목,연장(m),N
BR1990-0000453,용인교,교량,도로교량,3종,C등급,19900515,경기도 용인시 처인구 김량장동,D03,FMS,검토필요,시행령 제3조제4호 가목,연장(m),N
BR1990-0000455,신성교,교량,도로교량,3종,B등급,19901231,경기도 용인시 처인구 역북동,D03,FMS,검토필요,시행령 제3조제4호 가목,연장(m),N
BR1991-0000011,신갈JCT4육교,교량,도로교량,1종,B등급,19911208,경기도 용인시 기흥구 신갈동,D03,FMS,검토필요,시행령 제3조제4호 가목,연장(m),N
BR1991-0000074,신갈JCT육교(인천0),교량,도로교량,2종,B등급,19911129,경기도 용인시 기흥구 신갈동,D03,FMS,검토필요,시행령 제3조제4호 가목,연장(m),N
BR1991-0000075,신갈JCT육교(강릉0),교량,도로교량,2종,B등급,19911129,경기도 용인시 기흥구 신갈동,D03,FMS,검토필요,시행령 제3조제4호 가목,연장(m),N
BR1991-0000184,신갈JCT3육교,교량,도로교량,3종,B등급,19911208,경기도 용인시 기흥구 신갈동,D03,FMS,검토필요,시행령 제3조제4호 가목,연장(m),N
BR1991-0000227,기흥교(강릉0),교량,도로교량,3종,B등급,19911208,경기도 용인시 기흥구 마북동,D03,FMS,검토필요,시행령 제3조제4호 가목,연장(m),N
BR1991-0000228,기흥교(인천0),교량,도로교량,3종,B등급,19911208,경기도 용인시 기흥구 마북동,D03,FMS,검토필요,시행령 제3조제4호 가목,연장(m),N
BR1991-0000229,동백교(강릉0),교량,도로교량,3종,B등급,19911208,경기도 용인시 기흥구 동백동,D03,FMS,검토필요,시행령 제3조제4호 가목,연장(m),N
BR1991-0000230,동백교(인천0),교량,도로교량,3종,B등급,19911208,경기도 용인시 기흥구 동백동,D03,FMS,검토필요,시행령 제3조제4호 가목,연장(m),N
BR1991-0000245,삼마교(강릉0),교량,도로교량,3종,B등급,19911208,경기도 용인시 기흥구 신갈동,D03,FMS,검토필요,시행령 제3조제4호 가목,연장(m),N
BR1991-0000246,삼마교(인천0),교량,도로교량,3종,B등급,19911208,경기도 용인시 기흥구 신갈동,D03,FMS,검토필요,시행령 제3조제4호 가목,연장(m),N
BR1991-0000253,신대교(강릉0),교량,도로교량,3종,B등급,19911208,경기도 용인시 수지구 상현동,D03,FMS,검토필요,시행령 제3조제4호 가목,연장(m),N
BR1991-0000254,신대교(인천0),교량,도로교량,3종,B등급,19911208,경기도 용인시 수지구 상현동,D03,FMS,검토필요,시행령 제3조제4호 가목,연장(m),N
BR1991-0000430,정평교(구),교량,도로교량,3종,B등급,19911201,경기도 용인시 수지구 풍덕천동,D03,FMS,검토필요,시행령 제3조제4호 가목,연장(m),N
BR1991-0000519,중복교,교량,도로교량,3종,C등급,19911114,경기도 용인시 처인구 남사면 방아리,D03,FMS,검토필요,시행령 제3조제4호 가목,연장(m),N
BR1991-0000520,어현교,교량,도로교량,3종,C등급,19911230,경기도 용인시 처인구 원삼면 죽능리,D03,FMS,검토필요,시행령 제3조제4호 가목,연장(m),N
BR1992-0000156,용인고가육교,교량,도로교량,2종,C등급,19921222,경기도 용인시 처인구 김량장동,D03,FMS,검토필요,시행령 제3조제4호 가목,연장(m),N
BR1992-0000261,풍덕천교(서울),교량,도로교량,3종,B등급,19920826,경기도 용인시 기흥구 보정동,D03,FMS,검토필요,시행령 제3조제4호 가목,연장(m),N
BR1992-0000262,풍덕천교(부산),교량,도로교량,3종,B등급,19920826,경기도 용인시 기흥구 보정동,D03,FMS,검토필요,시행령 제3조제4호 가목,연장(m),N
BR1992-0000263,하갈교(부산),교량,도로교량,3종,B등급,19920826,경기도 용인시 기흥구 상갈동,D03,FMS,검토필요,시행령 제3조제4호 가목,연장(m),N
BR1992-0000264,하갈교(서울),교량,도로교량,3종,B등급,19920826,경기도 용인시 기흥구 상갈동,D03,FMS,검토필요,시행령 제3조제4호 가목,연장(m),N
BR1992-0000269,신갈JCT1교(서울),교량,도로교량,3종,B등급,19911208,경기도 용인시 기흥구 신갈동,D03,FMS,검토필요,시행령 제3조제4호 가목,연장(m),N
BR1992-0000270,신갈JCT1교(부산),교량,도로교량,3종,B등급,19911208,경기도 용인시 기흥구 신갈동,D03,FMS,검토필요,시행령 제3조제4호 가목,연장(m),N
BR1992-0000271,신갈2육교(서울),교량,도로교량,3종,B등급,19920826,경기도 용인시 기흥구 신갈동,D03,FMS,검토필요,시행령 제3조제4호 가목,연장(m),N
BR1992-0000272,신갈2육교(부산),교량,도로교량,3종,B등급,19920826,경기도 용인시 기흥구 신갈동,D03,FMS,검토필요,시행령 제3조제4호 가목,연장(m),N
BR1992-0000273,수원육교(서울),교량,도로교량,3종,B등급,19920826,경기도 용인시 기흥구 상갈동,D03,FMS,검토필요,시행령 제3조제4호 가목,연장(m),N
BR1992-0000274,수원육교(부산0),교량,도로교량,3종,B등급,19920826,경기도 용인시 기흥구 상갈동,D03,FMS,검토필요,시행령 제3조제4호 가목,연장(m),N
BR1992-0000278,죽전육교(서울),교량,도로교량,3종,B등급,19920826,경기도 용인시 수지구 죽전동,D03,FMS,검토필요,시행령 제3조제4호 가목,연장(m),N
BR1992-0000279,죽전육교(부산),교량,도로교량,3종,B등급,19920826,경기도 용인시 수지구 죽전동,D03,FMS,검토필요,시행령 제3조제4호 가목,연장(m),N
BR1992-0000280,영덕교(2),교량,도로교량,3종,B등급,19920826,경기도 용인시 기흥구 영덕동,D03,FMS,검토필요,시행령 제3조제4호 가목,연장(m),N
BR1992-0000499,고려교,교량,도로교량,3종,B등급,19920115,경기도 용인시 기흥구 하갈동,D03,FMS,검토필요,시행령 제3조제4호 가목,연장(m),N
BR1992-0000500,구갈교,교량,도로교량,3종,B등급,19921229,경기도 용인시 기흥구 상하동,D03,FMS,검토필요,시행령 제3조제4호 가목,연장(m),N
BR1992-0000904,오산천보도교,교량,도로교량,2종,B등급,19921231,경기도 용인시 기흥구 구갈동,D03,FMS,검토필요,시행령 제3조제4호 가목,연장(m),N
BR1993-0000058,진위천교(부산0),교량,도로교량,2종,B등급,19930729,경기도 용인시 처인구 남사면 봉명리,D03,FMS,검토필요,시행령 제3조제4호 가목,연장(m),N
BR1993-0000261,기흥육교(부산),교량,도로교량,3종,B등급,19930729,경기도 용인시 기흥구 고매동,D03,FMS,검토필요,시행령 제3조제4호 가목,연장(m),N
BR1993-0000262,기흥육교(서울0),교량,도로교량,3종,B등급,19930729,경기도 용인시 기흥구 고매동,D03,FMS,검토필요,시행령 제3조제4호 가목,연장(m),N
BR1993-0000263,공세육교(서울),교량,도로교량,3종,B등급,19930729,경기도 용인시 기흥구 공세동,D03,FMS,검토필요,시행령 제3조제4호 가목,연장(m),N
BR1993-0000264,공세육교(부산),교량,도로교량,3종,B등급,19930729,경기도 용인시 기흥구 공세동,D03,FMS,검토필요,시행령 제3조제4호 가목,연장(m),N
BR1993-0000265,공세2교(서울0),교량,도로교량,3종,B등급,19930729,경기도 용인시 기흥구 고매동,D03,FMS,검토필요,시행령 제3조제4호 가목,연장(m),N
BR1993-0000266,공세2교(부산),교량,도로교량,3종,B등급,19930729,경기도 용인시 기흥구 고매동,D03,FMS,검토필요,시행령 제3조제4호 가목,연장(m),N
BR1993-0000267,공세1교(서울0),교량,도로교량,3종,B등급,19930729,경기도 용인시 기흥구 고매동,D03,FMS,검토필요,시행령 제3조제4호 가목,연장(m),N
BR1993-0000268,공세1교(부산),교량,도로교량,3종,B등급,19930729,경기도 용인시 기흥구 고매동,D03,FMS,검토필요,시행령 제3조제4호 가목,연장(m),N
BR1993-0000269,고매교(서울),교량,도로교량,3종,B등급,19930729,경기도 용인시 기흥구 고매동,D03,FMS,검토필요,시행령 제3조제4호 가목,연장(m),N
BR1993-0000270,고매교(부산),교량,도로교량,3종,B등급,19930729,경기도 용인시 기흥구 고매동,D03,FMS,검토필요,시행령 제3조제4호 가목,연장(m),N
BR1993-0000273,보평육교(서울),교량,도로교량,3종,B등급,19930729,경기도 용인시 기흥구 공세동,D03,FMS,검토필요,시행령 제3조제4호 가목,연장(m),N
BR1993-0000274,보평육교(부산),교량,도로교량,3종,B등급,19930729,경기도 용인시 기흥구 공세동,D03,FMS,검토필요,시행령 제3조제4호 가목,연장(m),N
BR1993-0000275,보평교(서울),교량,도로교량,3종,B등급,19930729,경기도 용인시 기흥구 하갈동,D03,FMS,검토필요,시행령 제3조제4호 가목,연장(m),N
BR1993-0000276,보평교(부산),교량,도로교량,3종,B등급,19930729,경기도 용인시 기흥구 하갈동,D03,FMS,검토필요,시행령 제3조제4호 가목,연장(m),N
BR1993-0000291,외동천교(서울),교량,도로교량,3종,B등급,19930729,경기도 용인시 처인구 남사읍,D03,FMS,검토필요,시행령 제3조제4호 가목,연장(m),N
BR1993-0000292,외동천교(부산),교량,도로교량,3종,B등급,19930729,경기도 용인시 처인구 남사읍,D03,FMS,검토필요,시행령 제3조제4호 가목,연장(m),N
BR1993-0000744,무수교,교량,도로교량,3종,B등급,19931231,경기도 용인시 처인구 유방동,D03,FMS,검토필요,시행령 제3조제4호 가목,연장(m),N
BR1993-0000845,전궁교,교량,도로교량,2종,B등급,19931006,경기도 용인시 처인구 남사면 전궁리,D03,FMS,검토필요,시행령 제3조제4호 가목,연장(m),N
BR1994-0000099,죽전천교,교량,철도교량,2종,B등급,19941123,경기도 용인시 수지읍,D03,FMS,해당,시행령 제3조제4호 다목,,N
BR1994-0000100,탄천교,교량,철도교량,2종,B등급,19941123,경기도 용인시 구성읍,D03,FMS,해당,시행령 제3조제4호 다목,,N
BR1994-0000170,추계육교(인천2),교량,도로교량,2종,B등급,19941205,경기도 용인시 처인구 양지면 추계리,D03,FMS,검토필요,시행령 제3조제4호 가목,연장(m),N
BR1994-0000171,추계육교(인천1),교량,도로교량,2종,B등급,19941205,경기도 용인시 처인구 양지면 추계리,D03,FMS,검토필요,시행령 제3조제4호 가목,연장(m),N
BR1994-0000173,경안천교(인천0),교량,도로교량,2종,B등급,19941213,경기도 용인시 처인구 유방동,D03,FMS,검토필요,시행령 제3조제4호 가목,연장(m),N
BR1994-0000174,경안천교(강릉0),교량,도로교량,2종,B등급,19941213,경기도 용인시 처인구 유방동,D03,FMS,검토필요,시행령 제3조제4호 가목,연장(m),N
BR1994-0000289,총신교(인천1),교량,도로교량,3종,B등급,19941213,경기도 용인시 처인구 양지면 제일리,D03,FMS,검토필요,시행령 제3조제4호 가목,연장(m),N
BR1994-0000290,총신교(인천2),교량,도로교량,3종,B등급,19941213,경기도 용인시 처인구 양지면 제일리,D03,FMS,검토필요,시행령 제3조제4호 가목,연장(m),N
BR1994-0000291,추계교(강릉0),교량,도로교량,3종,B등급,19941213,경기도 용인시 처인구 양지면 추계리,D03,FMS,검토필요,시행령 제3조제4호 가목,연장(m),N
BR1994-0000292,추계교(인천1),교량,도로교량,3종,B등급,19941213,경기도 용인시 처인구 양지면 추계리,D03,FMS,검토필요,시행령 제3조제4호 가목,연장(m),N
BR1994-0000293,추계교(인천2),교량,도로교량,3종,B등급,19941213,경기도 용인시 처인구 양지면 추계리,D03,FMS,검토필요,시행령 제3조제4호 가목,연장(m),N
BR1994-0000300,고림교(인천0),교량,도로교량,3종,B등급,19941213,경기도 용인시 처인구 고림동,D03,FMS,검토필요,시행령 제3조제4호 가목,연장(m),N
BR1994-0000301,고림교(강릉0),교량,도로교량,3종,B등급,19941213,경기도 용인시 처인구 고림동,D03,FMS,검토필요,시행령 제3조제4호 가목,연장(m),N
BR1994-0000306,양지IC육교(강릉0),교량,도로교량,3종,B등급,19941213,경기도 용인시 처인구 양지면,D03,FMS,검토필요,시행령 제3조제4호 가목,연장(m),N
BR1994-0000307,양지IC육교(인천0),교량,도로교량,3종,B등급,19941213,경기도 용인시 처인구 양지면,D03,FMS,검토필요,시행령 제3조제4호 가목,연장(m),N
BR1994-0000308,용인IC1교(0),교량,도로교량,3종,B등급,19941213,경기도 용인시 처인구 유방동,D03,FMS,검토필요,시행령 제3조제4호 가목,연장(m),N
BR1994-0000309,용인IC육교(강릉0),교량,도로교량,3종,B등급,19941213,경기도 용인시 처인구 유방동,D03,FMS,검토필요,시행령 제3조제4호 가목,연장(m),N
BR1994-0000310,용인IC육교(인천0),교량,도로교량,3종,B등급,19941213,경기도 용인시 처인구 유방동,D03,FMS,검토필요,시행령 제3조제4호 가목,연장(m),N
BR1994-0000311,유방2교(강릉0),교량,도로교량,3종,B등급,19941213,경기도 용인시 처인구 유방동,D03,FMS,검토필요,시행령 제3조제4호 가목,연장(m),N
BR1994-0000312,유방2교(인천0),교량,도로교량,3종,B등급,19941213,경기도 용인시 처인구 유방동,D03,FMS,검토필요,시행령 제3조제4호 가목,연장(m),N
BR1994-0000447,봉무교,교량,도로교량,3종,B등급,19940101,경기도 용인시 처인구 남사읍,D03,FMS,검토필요,시행령 제3조제4호 가목,연장(m),N
BR1994-0000479,남산교,교량,도로교량,3종,C등급,19941101,경기도 용인시 처인구 남사읍,D03,FMS,검토필요,시행령 제3조제4호 가목,연장(m),N
BR1994-0000690,보정3가도교,교량,철도교량,3종,C등급,19941123,경기도 용인시 기흥구 보정동,D03,FMS,해당,시행령 제3조제4호 다목,,N
BR1995-0000519,신촌교,교량,도로교량,3종,B등급,19951120,경기도 용인시 처인구 남사면,D03,FMS,검토필요,시행령 제3조제4호 가목,연장(m),N
BR1995-0000589,공세교,교량,도로교량,3종,C등급,19951031,경기도 용인시 기흥구 공세동,D03,FMS,검토필요,시행령 제3조제4호 가목,연장(m),N
BR1995-0000784,일신교,교량,도로교량,3종,C등급,19951230,경기도 용인시 처인구 남사면 봉무리,D03,FMS,검토필요,시행령 제3조제4호 가목,연장(m),N
BR1995-0000810,수정교,교량,도로교량,3종,C등급,19950620,경기도 용인시 처인구 백암면 가창리,D03,FMS,검토필요,시행령 제3조제4호 가목,연장(m),N
BR1995-0000813,가창1교,교량,도로교량,3종,C등급,19950620,경기도 용인시 처인구 백암면 가창리,D03,FMS,검토필요,시행령 제3조제4호 가목,연장(m),N
BR1995-0000814,가창2교,교량,도로교량,3종,B등급,19950101,경기도 용인시 처인구 백암면 가창리,D03,FMS,검토필요,시행령 제3조제4호 가목,연장(m),N
BR1995-0000815,주리교(구),교량,도로교량,3종,C등급,19950620,경기도 용인시 처인구 백암면 가창리,D03,FMS,검토필요,시행령 제3조제4호 가목,연장(m),N
BR1995-0000816,마두교,교량,도로교량,3종,B등급,19950620,경기도 용인시 처인구 백암면 근곡리,D03,FMS,검토필요,시행령 제3조제4호 가목,연장(m),N
BR1995-0000820,금학교,교량,도로교량,3종,B등급,19950502,경기도 용인시 처인구 김량장동,D03,FMS,검토필요,시행령 제3조제4호 가목,연장(m),N
BR1995-0000821,주북교,교량,도로교량,3종,B등급,19951201,경기도 용인시 처인구 양지면,D03,FMS,검토필요,시행령 제3조제4호 가목,연장(m),N
BR1996-0000136,(신)왕산교,교량,도로교량,2종,C등급,19960903,경기도 용인시 처인구 모현면 왕산리,D03,FMS,검토필요,시행령 제3조제4호 가목,연장(m),N
BR1996-0000392,영덕교(3),교량,도로교량,3종,B등급,19961203,경기도 용인시 기흥구 영덕동,D03,FMS,검토필요,시행령 제3조제4호 가목,연장(m),N
BR1996-0000460,백봉교,교량,도로교량,3종,B등급,19961231,경기도 용인시 처인구 백암면,D03,FMS,검토필요,시행령 제3조제4호 가목,연장(m),N
BR1996-0000467,근곡교,교량,도로교량,3종,B등급,19961231,경기도 용인시 처인구 백암면,D03,FMS,검토필요,시행령 제3조제4호 가목,연장(m),N
BR1996-0000495,능교,교량,도로교량,3종,C등급,19961231,경기도 용인시 처인구 원삼면,D03,FMS,검토필요,시행령 제3조제4호 가목,연장(m),N
BR1996-0000497,두창육교,교량,도로교량,3종,B등급,19961231,경기도 용인시 처인구 백암면,D03,FMS,검토필요,시행령 제3조제4호 가목,연장(m),N
BR1996-0000753,언동2교,교량,도로교량,3종,C등급,19960101,경기도 용인시 기흥구 언남동,D03,FMS,검토필요,시행령 제3조제4호 가목,연장(m),N
BR1996-0000899,신봉교,교량,도로교량,3종,B등급,19960426,경기도 용인시 수지구 신봉동,D03,FMS,검토필요,시행령 제3조제4호 가목,연장(m),N
BR1996-0001044,(구)산정교,교량,도로교량,3종,C등급,19960101,경기도 용인시 처인구 남사면 봉무리,D03,FMS,검토필요,시행령 제3조제4호 가목,연장(m),N
BR1996-0001045,송전2교,교량,도로교량,3종,B등급,19961201,경기도 용인시 처인구 이동면 송전리,D03,FMS,검토필요,시행령 제3조제4호 가목,연장(m),N
BR1996-0001054,고진교,교량,도로교량,3종,B등급,19960913,경기도 용인시 처인구 고림동,D03,FMS,검토필요,시행령 제3조제4호 가목,연장(m),N
BR1996-0001055,전대2교,교량,도로교량,3종,B등급,19960325,경기도 용인시 처인구 포곡읍 전대리,D03,FMS,검토필요,시행령 제3조제4호 가목,연장(m),N
BR1997-0000183,보라횡단교,교량,도로교량,1종,B등급,19971215,경기도 용인시 기흥구 보라동,D03,FMS,검토필요,시행령 제3조제4호 가목,연장(m),N
BR1997-0000185,하갈교,교량,도로교량,2종,B등급,19971215,경기도 용인시 기흥구 하갈동,D03,FMS,검토필요,시행령 제3조제4호 가목,연장(m),N
BR1997-0000230,추계1교,교량,도로교량,1종,B등급,19971231,경기도 용인시 양지면,D03,FMS,검토필요,시행령 제3조제4호 가목,연장(m),N
BR1997-0000231,추계2교,교량,도로교량,1종,C등급,19971231,경기도 용인시 양지면,D03,FMS,검토필요,시행령 제3조제4호 가목,연장(m),N
BR1997-0000360,수포1육교,교량,도로교량,3종,B등급,19970712,경기도 용인시 처인구 유방동,D03,FMS,검토필요,시행령 제3조제4호 가목,연장(m),N
BR1997-0000478,초현교,교량,도로교량,3종,B등급,19971231,경기도 용인시 처인구 포곡읍,D03,FMS,검토필요,시행령 제3조제4호 가목,연장(m),N
BR1997-0000525,창리교,교량,도로교량,3종,B등급,19970430,경기도 용인시 처인구 남사읍,D03,FMS,검토필요,시행령 제3조제4호 가목,연장(m),N
BR1997-0000727,죽전교,교량,도로교량,3종,B등급,19971214,경기도 용인시 수지구 죽전동,D03,FMS,검토필요,시행령 제3조제4호 가목,연장(m),N
BR1997-0000740,양지1교,교량,도로교량,3종,B등급,19971231,경기도 용인시 처인구 양지면,D03,FMS,검토필요,시행령 제3조제4호 가목,연장(m),N
BR1997-0000743,송문2교,교량,도로교량,3종,C등급,19971231,경기도 용인시 처인구 양지면,D03,FMS,검토필요,시행령 제3조제4호 가목,연장(m),N
BR1997-0000744,송문1교,교량,도로교량,3종,B등급,19971231,경기도 용인시 처인구 양지면,D03,FMS,검토필요,시행령 제3조제4호 가목,연장(m),N
BR1997-0000747,정평교,교량,도로교량,3종,B등급,19971214,경기도 용인시 수지구 풍덕천동,D03,FMS,검토필요,시행령 제3조제4호 가목,연장(m),N
BR1997-0000784,왕산소교,교량,도로교량,3종,B등급,19971231,경기도 용인시 처인구 모현읍,D03,FMS,검토필요,시행령 제3조제4호 가목,연장(m),N
BR1997-0000786,삼계교,교량,도로교량,3종,B등급,19971231,경기도 용인시 처인구 포곡읍,D03,FMS,검토필요,시행령 제3조제4호 가목,연장(m),N
BR1998-0000469,백암교,교량,도로교량,3종,B등급,19981231,경기도 용인시 처인구 백암면,D03,FMS,검토필요,시행령 제3조제4호 가목,연장(m),N
BR1998-0000470,원대교,교량,도로교량,3종,B등급,19981231,경기도 용인시 처인구 백암면,D03,FMS,검토필요,시행령 제3조제4호 가목,연장(m),N
BR1998-0000697,(구)상갈교,교량,도로교량,3종,B등급,19980610,경기도 용인시 기흥구 상갈동,D03,FMS,검토필요,시행령 제3조제4호 가목,연장(m),N
BR1998-0000709,풍림교,교량,도로교량,3종,B등급,19980911,경기도 용인시 기흥구 상하동,D03,FMS,검토필요,시행령 제3조제4호 가목,연장(m),N
BR1998-0000988,북리교,교량,도로교량,3종,C등급,19981103,경기도 용인시 처인구 남사면 북리,D03,FMS,검토필요,시행령 제3조제4호 가목,연장(m),N
BR1998-0001033,주리교(신),교량,도로교량,3종,C등급,19980123,경기도 용인시 처인구 백암면 가창리,D03,FMS,검토필요,시행령 제3조제4호 가목,연장(m),N
BR1998-0001037,두평교,교량,도로교량,3종,B등급,19980128,경기도 용인시 처인구 백암면 가창리,D03,FMS,검토필요,시행령 제3조제4호 가목,연장(m),N
BR1999-0000081,오산천교,교량,도로교량,2종,C등급,19990731,경기도 용인시 기흥구 농서동,D03,FMS,검토필요,시행령 제3조제4호 가목,연장(m),N
BR1999-0000220,양지고가차도,교량,도로교량,1종,B등급,19991211,경기도 용인시 양지면,D03,FMS,검토필요,시행령 제3조제4호 가목,연장(m),N
BR1999-0000261,영덕고가차도(상),교량,도로교량,1종,B등급,19991225,경기도 용인시 기흥구 영덕동,D03,FMS,검토필요,시행령 제3조제4호 가목,연장(m),N
BR1999-0000262,영덕고가차도(하),교량,도로교량,1종,B등급,19991225,경기도 용인시 기흥구 영덕동,D03,FMS,검토필요,시행령 제3조제4호 가목,연장(m),N
BR1999-0000475,기흥교(강릉1),교량,도로교량,3종,B등급,19990930,경기도 용인시 기흥구 마북동,D03,FMS,검토필요,시행령 제3조제4호 가목,연장(m),N
BR1999-0000607,고매육교,교량,육교,3종,B등급,19990501,경기도 용인시 기흥구 고매동,D03,FMS,검토필요,시행령 제3조제4호 가목,연장(m),N
BR1999-0000734,풍덕천교,교량,도로교량,3종,C등급,19991231,경기도 용인시 수지구 풍덕천동,D03,FMS,검토필요,시행령 제3조제4호 가목,연장(m),N
BR1999-0000735,신촌3교,교량,도로교량,3종,B등급,19991231,경기도 용인시 수지구 풍덕천동,D03,FMS,검토필요,시행령 제3조제4호 가목,연장(m),N
BR1999-0000737,신촌1교,교량,도로교량,3종,B등급,19991231,경기도 용인시 수지구 풍덕천동,D03,FMS,검토필요,시행령 제3조제4호 가목,연장(m),N
BR1999-0000738,성복2교,교량,도로교량,3종,B등급,19990430,경기도 용인시 수지구 성복동,D03,FMS,검토필요,시행령 제3조제4호 가목,연장(m),N
BR1999-0000747,성원교,교량,도로교량,3종,B등급,19990131,경기도 용인시 수지구 풍덕천동,D03,FMS,검토필요,시행령 제3조제4호 가목,연장(m),N
BR1999-0000748,신촌2교,교량,도로교량,3종,B등급,19991231,경기도 용인시 수지구 풍덕천동,D03,FMS,검토필요,시행령 제3조제4호 가목,연장(m),N
BR1999-0000878,성결교,교량,도로교량,3종,C등급,19990809,경기도 용인시 처인구 원삼면 두창리,D03,FMS,검토필요,시행령 제3조제4호 가목,연장(m),N
BR2000-0000080,독정교,교량,도로교량,2종,B등급,20000531,경기도 용인시 기흥구 보정동,D03,FMS,검토필요,시행령 제3조제4호 가목,연장(m),N
BR2000-0000084,보정교,교량,도로교량,2종,B등급,20000531,경기도 용인시 기흥구 보정동,D03,FMS,검토필요,시행령 제3조제4호 가목,연장(m),N
BR2000-0000090,죽전고가차도,교량,도로교량,1종,B등급,20000531,경기도 용인시 수지구 죽전동,D03,FMS,검토필요,시행령 제3조제4호 가목,연장(m),N
BR2000-0000151,상하교,교량,도로교량,1종,C등급,20001030,경기도 용인시 기흥구 상하동,D03,FMS,검토필요,시행령 제3조제4호 가목,연장(m),N
BR2000-0000638,삼거교-하행,교량,도로교량,3종,B등급,20000531,경기도 용인시 기흥구 마북동,D03,FMS,검토필요,시행령 제3조제4호 가목,연장(m),N
BR2000-0000639,한원교,교량,도로교량,3종,B등급,20000614,경기도 용인시 기흥구 상하동,D03,FMS,검토필요,시행령 제3조제4호 가목,연장(m),N
BR2000-0000640,기흥구갈2교,교량,도로교량,3종,B등급,20000702,경기도 용인시 기흥구 신갈동,D03,FMS,검토필요,시행령 제3조제4호 가목,연장(m),N
BR2000-0000641,삼거교-상행,교량,도로교량,3종,C등급,20000531,경기도 용인시 기흥구 마북동,D03,FMS,검토필요,시행령 제3조제4호 가목,연장(m),N
BR2000-0000642,하동교,교량,도로교량,3종,B등급,20000621,경기도 용인시 기흥구 지곡동,D03,FMS,검토필요,시행령 제3조제4호 가목,연장(m),N
BR2000-0000730,성복천교(이마트인근),교량,도로교량,3종,B등급,20000531,경기도 용인시 수지구 죽전동,D03,FMS,검토필요,시행령 제3조제4호 가목,연장(m),N
BR2000-0000741,죽전3교,교량,도로교량,3종,B등급,20000630,경기도 용인시 수지구 죽전동,D03,FMS,검토필요,시행령 제3조제4호 가목,연장(m),N
BR2000-0000766,어청교,교량,도로교량,3종,C등급,20001031,경기도 용인시 수지구 성복동,D03,FMS,검토필요,시행령 제3조제4호 가목,연장(m),N
BR2000-0000771,죽전4교,교량,도로교량,3종,B등급,20001231,경기도 용인시 수지구 죽전동,D03,FMS,검토필요,시행령 제3조제4호 가목,연장(m),N
BR2000-0000831,양지,교량,육교,3종,B등급,20001230,경기도 용인시 처인구 양지면,D03,FMS,검토필요,시행령 제3조제4호 가목,연장(m),N
BR2001-0000502,능원교,교량,도로교량,2종,B등급,20011224,경기도 용인시 모현면,D03,FMS,검토필요,시행령 제3조제4호 가목,연장(m),N
BR2001-0000504,문형교,교량,도로교량,1종,B등급,20011224,경기도 용인시 모현면,D03,FMS,검토필요,시행령 제3조제4호 가목,연장(m),N
BR2001-0000573,동림육교,교량,도로교량,2종,C등급,20011201,경기도 용인시 처인구 모현면 동림리,D03,FMS,검토필요,시행령 제3조제4호 가목,연장(m),N
BR2001-0001047,삼마교(강릉1),교량,도로교량,3종,B등급,20010510,경기도 용인시 기흥구 신갈동,D03,FMS,검토필요,시행령 제3조제4호 가목,연장(m),N
BR2001-0001048,삼마교(인천1),교량,도로교량,3종,B등급,20010510,경기도 용인시 기흥구 신갈동,D03,FMS,검토필요,시행령 제3조제4호 가목,연장(m),N
BR2001-0001056,신대교(강릉1),교량,도로교량,3종,B등급,20010510,경기도 용인시 수지구 상현동,D03,FMS,검토필요,시행령 제3조제4호 가목,연장(m),N
BR2001-0001057,신대교(인천1),교량,도로교량,3종,B등급,20010510,경기도 용인시 수지구 상현동,D03,FMS,검토필요,시행령 제3조제4호 가목,연장(m),N
BR2001-0001306,망현1육교,교량,도로교량,3종,B등급,20010415,경기도 용인시 수지구 상현동,D03,FMS,검토필요,시행령 제3조제4호 가목,연장(m),N
BR2001-0001307,성복교,교량,도로교량,3종,B등급,20010930,경기도 용인시 수지구 상현동,D03,FMS,검토필요,시행령 제3조제4호 가목,연장(m),N
BR2001-0001308,죽전육교,교량,도로교량,3종,B등급,20011224,경기도 용인시 수지구 죽전동,D03,FMS,검토필요,시행령 제3조제4호 가목,연장(m),N
BR2001-0001375,능원육교,교량,도로교량,3종,B등급,20011224,경기도 용인시 처인구 모현읍,D03,FMS,검토필요,시행령 제3조제4호 가목,연장(m),N
BR2001-0001376,양촌교,교량,도로교량,3종,B등급,20011224,경기도 용인시 처인구 모현읍,D03,FMS,검토필요,시행령 제3조제4호 가목,연장(m),N
BR2001-0001484,용천2교,교량,도로교량,3종,B등급,20010523,경기도 용인시 처인구 백암면 용천리,D03,FMS,검토필요,시행령 제3조제4호 가목,연장(m),N
BR2001-0001485,사암교,교량,도로교량,3종,B등급,20010101,경기도 용인시 처인구 원삼면 사암리,D03,FMS,검토필요,시행령 제3조제4호 가목,연장(m),N
BR2001-0001489,동신교,교량,도로교량,3종,B등급,20011130,경기도 용인시 처인구 포곡읍 금어리,D03,FMS,검토필요,시행령 제3조제4호 가목,연장(m),N
BR2002-0000636,신봉2교,교량,도로교량,3종,C등급,20020831,경기도 용인시 수지구 신봉동,D03,FMS,검토필요,시행령 제3조제4호 가목,연장(m),N
BR2002-0000682,성복4교,교량,도로교량,3종,B등급,20020731,경기도 용인시 수지구 성복동,D03,FMS,검토필요,시행령 제3조제4호 가목,연장(m),N
BR2002-0000961,갈곡보도육교,교량,육교,3종,B등급,20020630,경기도 용인시 기흥구 구갈동,D03,FMS,검토필요,시행령 제3조제4호 가목,연장(m),N
BR2002-0000962,산양보도육교,교량,육교,3종,B등급,20020630,경기도 용인시 기흥구 신갈동,D03,FMS,검토필요,시행령 제3조제4호 가목,연장(m),N
BR2002-0000963,상갈보도육교,교량,육교,3종,B등급,20020630,경기도 용인시 기흥구 상갈동,D03,FMS,검토필요,시행령 제3조제4호 가목,연장(m),N
BR2002-0000964,새천년보도육교,교량,육교,3종,A등급,20020630,경기도 용인시 기흥구 신갈동,D03,FMS,검토필요,시행령 제3조제4호 가목,연장(m),N
BR2002-0000965,언남초교보도육교,교량,육교,3종,B등급,20020630,경기도 용인시 기흥구 언남동,D03,FMS,검토필요,시행령 제3조제4호 가목,연장(m),N
BR2003-0000518,진위천교(서울0),교량,도로교량,2종,B등급,19930729,경기도 용인시 처인구 남사면 봉명리,D03,FMS,검토필요,시행령 제3조제4호 가목,연장(m),N
BR2003-0000825,마성IC3교,교량,도로교량,1종,B등급,19941213,경기도 용인시 처인구 포곡읍 마성리,D03,FMS,검토필요,시행령 제3조제4호 가목,연장(m),N
BR2003-0000842,신갈JCT육교(인천1),교량,도로교량,2종,B등급,20010520,경기도 용인시 기흥구 신갈동,D03,FMS,검토필요,시행령 제3조제4호 가목,연장(m),N
BR2003-0000848,신갈JCT육교(강릉1),교량,도로교량,2종,B등급,20010520,경기도 용인시 기흥구 신갈동,D03,FMS,검토필요,시행령 제3조제4호 가목,연장(m),N
BR2003-0003365,신일교,교량,도로교량,3종,C등급,20030331,경기도 용인시 기흥구 상하동,D03,FMS,검토필요,시행령 제3조제4호 가목,연장(m),N
BR2003-0003366,남산1교,교량,도로교량,3종,C등급,20030630,경기도 용인시 기흥구 마북동,D03,FMS,검토필요,시행령 제3조제4호 가목,연장(m),N
BR2003-0003431,고기교,교량,도로교량,3종,B등급,20031101,경기도 용인시 수지구 고기동,D03,FMS,검토필요,시행령 제3조제4호 가목,연장(m),N
BR2003-0003434,정평1교,교량,도로교량,3종,B등급,20031231,경기도 용인시 수지구 신봉동,D03,FMS,검토필요,시행령 제3조제4호 가목,연장(m),N
BR2003-0003497,신봉1교,교량,도로교량,3종,B등급,20031230,경기도 용인시 수지구 신봉동,D03,FMS,검토필요,시행령 제3조제4호 가목,연장(m),N
BR2003-0003498,정평2교,교량,도로교량,3종,B등급,20031231,경기도 용인시 수지구 신봉동,D03,FMS,검토필요,시행령 제3조제4호 가목,연장(m),N
BR2003-0003650,금어교,교량,도로교량,3종,B등급,20031027,경기도 용인시 처인구 포곡읍 금어리,D03,FMS,검토필요,시행령 제3조제4호 가목,연장(m),N
BR2004-0000628,(신)수포교,교량,도로교량,2종,C등급,19971231,경기도 용인시 처인구 유방동,D03,FMS,검토필요,시행령 제3조제4호 가목,연장(m),N
BR2004-0001287,묵리교,교량,도로교량,3종,B등급,20011213,경기도 용인시 처인구 이동읍,D03,FMS,검토필요,시행령 제3조제4호 가목,연장(m),N
BR2004-0001288,굴암1교,교량,도로교량,3종,B등급,20011213,경기도 용인시 처인구 이동읍,D03,FMS,검토필요,시행령 제3조제4호 가목,연장(m),N
BR2004-0001289,굴암2교,교량,도로교량,3종,B등급,20011213,경기도 용인시 처인구 이동읍,D03,FMS,검토필요,시행령 제3조제4호 가목,연장(m),N
BR2004-0001321,상덕교,교량,도로교량,3종,B등급,20021130,경기도 용인시 처인구 이동읍,D03,FMS,검토필요,시행령 제3조제4호 가목,연장(m),N
BR2004-0001325,후촌교,교량,도로교량,3종,B등급,20021105,경기도 용인시 처인구 남사면,D03,FMS,검토필요,시행령 제3조제4호 가목,연장(m),N
BR2004-0001988,풍덕고가차도,교량,도로교량,1종,B등급,20040830,경기도 용인시 수지구 풍덕천동,D03,FMS,검토필요,시행령 제3조제4호 가목,연장(m),N
BR2004-0001989,풍덕고가(RAMP-A교),교량,도로교량,1종,B등급,20040830,경기도 용인시 수지구 풍덕천동,D03,FMS,검토필요,시행령 제3조제4호 가목,연장(m),N
BR2004-0001990,풍덕고가(RAMP-B교),교량,도로교량,1종,B등급,20040830,경기도 용인시 수지구 풍덕천동,D03,FMS,검토필요,시행령 제3조제4호 가목,연장(m),N
BR2004-0002027,신갈제1고가차도,교량,도로교량,1종,C등급,20041031,경기도 용인시 기흥구 신갈동,D03,FMS,검토필요,시행령 제3조제4호 가목,연장(m),N
BR2004-0002028,신갈제2고가차도,교량,도로교량,1종,B등급,20041031,경기도 용인시 기흥구 신갈동,D03,FMS,검토필요,시행령 제3조제4호 가목,연장(m),N
BR2004-0002101,공세1교,교량,도로교량,1종,B등급,20041015,경기도 용인시 기흥구 공세동,D03,FMS,검토필요,시행령 제3조제4호 가목,연장(m),N
BR2004-0002102,공세2교,교량,도로교량,1종,B등급,20041015,경기도 용인시 기흥구 공세동,D03,FMS,검토필요,시행령 제3조제4호 가목,연장(m),N
BR2004-0002103,상갈육교,교량,도로교량,1종,B등급,20041015,경기도 용인시 기흥구 상갈동,D03,FMS,검토필요,시행령 제3조제4호 가목,연장(m),N
BR2004-0002545,보라교,교량,도로교량,3종,C등급,20041015,경기도 용인시 기흥구 ,D03,FMS,검토필요,시행령 제3조제4호 가목,연장(m),N
BR2004-0002546,능안교,교량,도로교량,3종,C등급,20040509,경기도 용인시 기흥구 ,D03,FMS,검토필요,시행령 제3조제4호 가목,연장(m),N
BR2004-0002548,남산2교,교량,도로교량,3종,C등급,20040701,경기도 용인시 기흥구 마북동,D03,FMS,검토필요,시행령 제3조제4호 가목,연장(m),N
BR2004-0002549,남산교,교량,도로교량,3종,B등급,20040101,경기도 용인시 기흥구 마북동,D03,FMS,검토필요,시행령 제3조제4호 가목,연장(m),N
BR2004-0002551,신갈보도교,교량,도로교량,3종,B등급,20040101,경기도 용인시 기흥구 신갈동,D03,FMS,검토필요,시행령 제3조제4호 가목,연장(m),N
BR2004-0002621,새터교,교량,도로교량,3종,B등급,20041219,경기도 용인시 수지구 죽전동,D03,FMS,검토필요,시행령 제3조제4호 가목,연장(m),N
BR2004-0002622,성복천교(정평1교),교량,도로교량,3종,B등급,19911230,경기도 용인시 수지구 풍덕천동,D03,FMS,검토필요,시행령 제3조제4호 가목,연장(m),N
BR2004-0002625,죽전5교,교량,도로교량,3종,B등급,20041231,경기도 용인시 수지구 ,D03,FMS,검토필요,시행령 제3조제4호 가목,연장(m),N
BR2004-0002653,풍덕천2교,교량,도로교량,3종,B등급,19991231,경기도 용인시 기흥구 보정동,D03,FMS,검토필요,시행령 제3조제4호 가목,연장(m),N
BR2004-0002657,대지교,교량,도로교량,3종,B등급,20041229,경기도 용인시 수지구 죽전동,D03,FMS,검토필요,시행령 제3조제4호 가목,연장(m),N
BR2004-0002658,성현교,교량,도로교량,3종,B등급,20041229,경기도 용인시 수지구 죽전동,D03,FMS,검토필요,시행령 제3조제4호 가목,연장(m),N
BR2004-0002662,풍덕천2교(풍덕공원옆),교량,도로교량,3종,B등급,20040801,경기도 용인시 기흥구 보정동,D03,FMS,검토필요,시행령 제3조제4호 가목,연장(m),N
BR2004-0002729,시미육교,교량,도로교량,3종,B등급,20041230,경기도 용인시 처인구 이동읍,D03,FMS,검토필요,시행령 제3조제4호 가목,연장(m),N
BR2004-0002730,묘봉육교,교량,도로교량,3종,B등급,20041230,경기도 용인시 처인구 이동읍,D03,FMS,검토필요,시행령 제3조제4호 가목,연장(m),N
BR2004-0002732,원천교,교량,도로교량,3종,B등급,20041230,경기도 용인시 처인구 이동읍,D03,FMS,검토필요,시행령 제3조제4호 가목,연장(m),N
BR2004-0002738,송전1교,교량,도로교량,3종,B등급,20041229,경기도 용인시 처인구 이동읍,D03,FMS,검토필요,시행령 제3조제4호 가목,연장(m),N
BR2004-0002739,송전육교,교량,도로교량,3종,B등급,20041230,경기도 용인시 처인구 이동읍,D03,FMS,검토필요,시행령 제3조제4호 가목,연장(m),N
BR2004-0002740,덕성육교,교량,도로교량,3종,B등급,20041229,경기도 용인시 처인구 이동읍,D03,FMS,검토필요,시행령 제3조제4호 가목,연장(m),N
BR2004-0003231,상미보도육교,교량,육교,3종,B등급,20040630,경기도 용인시 기흥구 신갈동,D03,FMS,검토필요,시행령 제3조제4호 가목,연장(m),N
BR2004-0003232,신갈보도육교,교량,육교,3종,B등급,20040630,경기도 용인시 기흥구 신갈동,D03,FMS,검토필요,시행령 제3조제4호 가목,연장(m),N
BR2005-0000271,묘봉교(상),교량,도로교량,2종,B등급,20041230,경기도 용인시 이동면 묘봉리,D03,FMS,검토필요,시행령 제3조제4호 가목,연장(m),N
BR2005-0000272,묘봉교(하),교량,도로교량,2종,B등급,20041230,경기도 용인시 이동면 묘봉리,D03,FMS,검토필요,시행령 제3조제4호 가목,연장(m),N
BR2005-0000273,요덕교,교량,도로교량,2종,B등급,20041230,경기도 용인시 이동면 송전리,D03,FMS,검토필요,시행령 제3조제4호 가목,연장(m),N
BR2005-0000274,비룡2교,교량,도로교량,2종,B등급,20041230,경기도 용인시 이동면 시미리,D03,FMS,검토필요,시행령 제3조제4호 가목,연장(m),N
BR2005-0000275,덕성1교,교량,도로교량,2종,B등급,20041230,경기도 용인시 이동면 덕성리,D03,FMS,검토필요,시행령 제3조제4호 가목,연장(m),N
BR2005-0000276,덕성2교,교량,도로교량,2종,C등급,20041230,경기도 용인시 이동면 덕성리,D03,FMS,검토필요,시행령 제3조제4호 가목,연장(m),N
BR2005-0000277,원천육교,교량,도로교량,2종,B등급,20041230,경기도 용인시 이동면 천리,D03,FMS,검토필요,시행령 제3조제4호 가목,연장(m),N
BR2005-0000278,원촌교,교량,도로교량,2종,B등급,20041230,경기도 용인시 이동면 천리,D03,FMS,검토필요,시행령 제3조제4호 가목,연장(m),N
BR2005-0000279,남리교(상행선),교량,도로교량,1종,C등급,20041230,경기도 용인시 처인구 남동,D03,FMS,검토필요,시행령 제3조제4호 가목,연장(m),N
BR2005-0000280,남리교(하행선),교량,도로교량,1종,C등급,20041230,경기도 용인시 처인구 남동,D03,FMS,검토필요,시행령 제3조제4호 가목,연장(m),N
BR2005-0000281,기선교,교량,도로교량,1종,B등급,20041230,경기도 용인시 처인구 남동,D03,FMS,검토필요,시행령 제3조제4호 가목,연장(m),N
BR2005-0000282,마평육교(상행선),교량,도로교량,1종,B등급,20041230,경기도 용인시 처인구 마평동,D03,FMS,검토필요,시행령 제3조제4호 가목,연장(m),N
BR2005-0000283,마평육교(하행선),교량,도로교량,1종,B등급,20041230,경기도 용인시 처인구 마평동,D03,FMS,검토필요,시행령 제3조제4호 가목,연장(m),N
BR2005-0000637,탄천 1교,교량,도로교량,1종,B등급,20041229,경기도 용인시 수지구 죽전동,D03,FMS,검토필요,시행령 제3조제4호 가목,연장(m),N
BR2005-0000638,현메교,교량,도로교량,1종,B등급,20041229,경기도 용인시 수지구 죽전동,D03,FMS,검토필요,시행령 제3조제4호 가목,연장(m),N
BR2005-0000639,동아고가교,교량,도로교량,1종,B등급,20041229,경기도 용인시 기흥구 보정동,D03,FMS,검토필요,시행령 제3조제4호 가목,연장(m),N
BR2005-0000717,신국도43호선 연결램프교,교량,도로교량,1종,B등급,20041229,경기도 용인시 수지구 죽전동,D03,FMS,검토필요,시행령 제3조제4호 가목,연장(m),N
BR2005-0001933,언동1교,교량,도로교량,3종,B등급,20051229,경기도 용인시 기흥구 ,D03,FMS,검토필요,시행령 제3조제4호 가목,연장(m),N
BR2005-0001935,구성IC교,교량,도로교량,3종,B등급,20051229,경기도 용인시 기흥구 ,D03,FMS,검토필요,시행령 제3조제4호 가목,연장(m),N
BR2005-0001936,구성1교,교량,도로교량,3종,B등급,20051229,경기도 용인시 기흥구 언남동,D03,FMS,검토필요,시행령 제3조제4호 가목,연장(m),N
BR2005-0001937,보뜰교,교량,도로교량,3종,B등급,20050101,경기도 용인시 기흥구 하갈동,D03,FMS,검토필요,시행령 제3조제4호 가목,연장(m),N
BR2005-0001938,어정교,교량,도로교량,3종,B등급,20050831,경기도 용인시 기흥구 상하동,D03,FMS,검토필요,시행령 제3조제4호 가목,연장(m),N
BR2005-0001939,청덕1교,교량,도로교량,3종,B등급,20051229,경기도 용인시 기흥구 ,D03,FMS,검토필요,시행령 제3조제4호 가목,연장(m),N
BR2005-0001940,구성교,교량,도로교량,3종,B등급,20051229,경기도 용인시 기흥구 마북동,D03,FMS,검토필요,시행령 제3조제4호 가목,연장(m),N
BR2005-0001941,무지개다리,교량,도로교량,3종,B등급,20050731,경기도 용인시 기흥구 상하동,D03,FMS,검토필요,시행령 제3조제4호 가목,연장(m),N
BR2005-0001942,청덕교,교량,도로교량,3종,B등급,20051229,경기도 용인시 기흥구 ,D03,FMS,검토필요,시행령 제3조제4호 가목,연장(m),N
BR2005-0002043,백설교,교량,도로교량,3종,B등급,20050819,경기도 용인시 수지구 풍덕천동,D03,FMS,검토필요,시행령 제3조제4호 가목,연장(m),N
BR2005-0002141,전대교,교량,도로교량,3종,C등급,20051023,경기도 용인시 처인구 포곡읍 전대리,D03,FMS,검토필요,시행령 제3조제4호 가목,연장(m),N
BR2005-0002142,태성고교앞보도육교,교량,육교,3종,B등급,20050924,경기도 용인시 처인구 김량장동,D03,FMS,검토필요,시행령 제3조제4호 가목,연장(m),N
BR2005-0002398,금학1교,교량,도로교량,3종,B등급,20050626,경기도 용인시 처인구 삼가동,D03,FMS,검토필요,시행령 제3조제4호 가목,연장(m),N
BR2006-0000127,상마곡교(죽전방향),교량,도로교량,1종,B등급,20051229,경기도 용인시 기흥구 마북동,D03,FMS,검토필요,시행령 제3조제4호 가목,연장(m),N
BR2006-0000128,상마곡교(동백방향),교량,도로교량,2종,B등급,20051229,경기도 용인시 기흥구 마북동,D03,FMS,검토필요,시행령 제3조제4호 가목,연장(m),N
BR2006-0000417,어장교,교량,도로교량,3종,A등급,20041201,경기도 용인시 처인구 이동읍,D03,FMS,검토필요,시행령 제3조제4호 가목,연장(m),N
BR2006-0000420,성은교,교량,도로교량,3종,C등급,20041201,경기도 용인시 처인구 남사읍,D03,FMS,검토필요,시행령 제3조제4호 가목,연장(m),N
BR2006-0000425,상암교,교량,도로교량,3종,B등급,20021101,경기도 용인시 처인구 백암면,D03,FMS,검토필요,시행령 제3조제4호 가목,연장(m),N
BR2006-0000430,전대2교,교량,도로교량,3종,C등급,19960325,경기도 용인시 포곡면,D03,FMS,검토필요,시행령 제3조제4호 가목,연장(m),N
BR2006-0000432,신원교,교량,도로교량,3종,C등급,20051023,경기도 용인시 처인구 포곡읍,D03,FMS,검토필요,시행령 제3조제4호 가목,연장(m),N
BR2006-0000433,윗말1교,교량,도로교량,3종,B등급,20030107,경기도 용인시 처인구 모현읍,D03,FMS,검토필요,시행령 제3조제4호 가목,연장(m),N
BR2006-0000434,매산교,교량,도로교량,3종,B등급,20020429,경기도 용인시 처인구 모현읍,D03,FMS,검토필요,시행령 제3조제4호 가목,연장(m),N
BR2006-0000623,동진교(강릉),교량,도로교량,2종,B등급,20051229,경기도 용인시 기흥구 동백8로131번길,D03,FMS,검토필요,시행령 제3조제4호 가목,연장(m),N
BR2006-0000743,우당육교,교량,도로교량,1종,B등급,20051229,경기도 용인시 기흥구 마북동,D03,FMS,검토필요,시행령 제3조제4호 가목,연장(m),N
BR2006-0000827,언동육교,교량,도로교량,2종,B등급,20051229,경기도 용인시 기흥구 언남동,D03,FMS,검토필요,시행령 제3조제4호 가목,연장(m),N
BR2006-0001191,음달안교,교량,도로교량,3종,B등급,20011224,경기도 용인시 처인구 양지면,D03,FMS,검토필요,시행령 제3조제4호 가목,연장(m),N
BR2006-0001914,한보라교,교량,도로교량,3종,C등급,20060930,경기도 용인시 기흥구 ,D03,FMS,검토필요,시행령 제3조제4호 가목,연장(m),N
BR2006-0002077,시청앞보도육교,교량,육교,3종,B등급,20060117,경기도 용인시 처인구 삼가동,D03,FMS,검토필요,시행령 제3조제4호 가목,연장(m),N
BR2006-0002206,가람다리보도육교,교량,육교,3종,B등급,20060430,경기도 용인시 기흥구 동백동,D03,FMS,검토필요,시행령 제3조제4호 가목,연장(m),N
BR2006-0002207,교통광장보도육교,교량,육교,3종,B등급,20060430,경기도 용인시 기흥구 중동,D03,FMS,검토필요,시행령 제3조제4호 가목,연장(m),N
BR2006-0002208,내담다리보도육교,교량,육교,3종,B등급,20060430,경기도 용인시 기흥구 동백동,D03,FMS,검토필요,시행령 제3조제4호 가목,연장(m),N
BR2006-0002209,마루다리보도육교,교량,육교,3종,B등급,20060430,경기도 용인시 기흥구 동백동,D03,FMS,검토필요,시행령 제3조제4호 가목,연장(m),N
BR2006-0002210,바름다리보도육교,교량,육교,3종,B등급,20060430,경기도 용인시 기흥구 중동,D03,FMS,검토필요,시행령 제3조제4호 가목,연장(m),N
BR2006-0002211,미리내다리보도육교,교량,육교,3종,B등급,20060430,경기도 용인시 기흥구 동백동,D03,FMS,검토필요,시행령 제3조제4호 가목,연장(m),N
BR2006-0002212,성산다리보도육교,교량,육교,3종,B등급,20060430,경기도 용인시 기흥구 중동,D03,FMS,검토필요,시행령 제3조제4호 가목,연장(m),N
BR2006-0002213,솔개다리보도육교,교량,육교,3종,B등급,20060430,경기도 용인시 기흥구 중동,D03,FMS,검토필요,시행령 제3조제4호 가목,연장(m),N
BR2006-0002214,참솔보도육교,교량,육교,3종,B등급,20060630,경기도 용인시 기흥구 중동,D03,FMS,검토필요,시행령 제3조제4호 가목,연장(m),N
BR2007-0000723,수역교,교량,도로교량,2종,C등급,20030630,경기도 용인시 처인구 이동면 어비리,D03,FMS,검토필요,시행령 제3조제4호 가목,연장(m),N
BR2007-0000724,봉천교,교량,도로교량,2종,C등급,19920816,경기도 용인시 처인구 백암면 용천리,D03,FMS,검토필요,시행령 제3조제4호 가목,연장(m),N
BR2007-0000725,남리대교,교량,도로교량,2종,C등급,19940712,경기도 용인시 처인구 남동,D03,FMS,검토필요,시행령 제3조제4호 가목,연장(m),N
BR2007-0000726,유림교,교량,도로교량,2종,C등급,19990109,경기도 용인시 처인구 유방동,D03,FMS,검토필요,시행령 제3조제4호 가목,연장(m),N
BR2007-0001446,고매2교,교량,도로교량,3종,B등급,20071108,경기도 용인시 기흥구 고매동,D03,FMS,검토필요,시행령 제3조제4호 가목,연장(m),N
BR2007-0001447,지곡1새마을교,교량,도로교량,3종,B등급,20071220,경기도 용인시 기흥구 지곡동,D03,FMS,검토필요,시행령 제3조제4호 가목,연장(m),N
BR2007-0001448,지곡2새마을교,교량,도로교량,3종,B등급,20071220,경기도 용인시 기흥구 지곡동,D03,FMS,검토필요,시행령 제3조제4호 가목,연장(m),N
BR2007-0001449,고매4교,교량,도로교량,3종,B등급,20071108,경기도 용인시 기흥구 고매동,D03,FMS,검토필요,시행령 제3조제4호 가목,연장(m),N
BR2007-0001450,마북교,교량,도로교량,3종,B등급,20070611,경기도 용인시 기흥구 마북동,D03,FMS,검토필요,시행령 제3조제4호 가목,연장(m),N
BR2007-0001451,하동교,교량,도로교량,3종,B등급,20071220,경기도 용인시 기흥구 지곡동,D03,FMS,검토필요,시행령 제3조제4호 가목,연장(m),N
BR2007-0001492,영문교,교량,도로교량,3종,B등급,20070617,경기도 용인시 처인구 포곡읍,D03,FMS,검토필요,시행령 제3조제4호 가목,연장(m),N
BR2008-0000456,신역1교,교량,도로교량,1종,B등급,20071130,경기도 용인시 기흥구 신갈동,D03,FMS,검토필요,시행령 제3조제4호 가목,연장(m),N
BR2008-0000457,흥덕IC교,교량,도로교량,2종,B등급,20071130,경기도 용인시 기흥구 신갈동,D03,FMS,검토필요,시행령 제3조제4호 가목,연장(m),N
BR2008-0000458,동진교(인천),교량,도로교량,2종,B등급,20051229,경기도 용인시 기흥구 동백동,D03,FMS,검토필요,시행령 제3조제4호 가목,연장(m),N
BR2008-0000581,삼성고가차도,교량,도로교량,1종,B등급,20071231,경기도 용인시 기흥구 농서동,D03,FMS,검토필요,시행령 제3조제4호 가목,연장(m),N
BR2008-0000636,풍덕천제2고가차도,교량,도로교량,1종,B등급,20080430,경기도 용인시 수지구 죽전동,D03,FMS,검토필요,시행령 제3조제4호 가목,연장(m),N
BR2008-0000700,공세교,교량,도로교량,2종,B등급,20080328,경기도 용인시 기흥구 공세동,D03,FMS,검토필요,시행령 제3조제4호 가목,연장(m),N
BR2008-0001067,죽전2교,교량,도로교량,2종,C등급,20011224,경기도 용인시 수지구 죽전동,D03,FMS,검토필요,시행령 제3조제4호 가목,연장(m),N
BR2008-0001312,마성 1R-A교,교량,도로교량,1종,불명,20190520,경기도 용인시 처인구 포곡읍 마성리,D03,FMS,검토필요,시행령 별표3 제1호,연장·최대경간장·상부구조형식,N
BR2008-0001313,마성 1R-B교,교량,도로교량,1종,불명,20190520,경기도 용인시 처인구 포곡읍 마성리,D03,FMS,검토필요,시행령 별표3 제1호,연장·최대경간장·상부구조형식,N
BR2008-0001314,마성 2연결교,교량,도로교량,1종,불명,20190520,경기도 용인시 처인구 포곡읍 마성리,D03,FMS,검토필요,시행령 별표3 제1호,연장·최대경간장·상부구조형식,N
BR2008-0001315,마성 2R-D교,교량,도로교량,2종,불명,20190520,경기도 용인시 처인구 포곡읍 마성리,D03,FMS,검토필요,시행령 별표3 제1호,연장·최대경간장·상부구조형식,N
BR2008-0001348,육교A,교량,육교,3종,B등급,20080630,경기도 용인시 기흥구 청덕동,D03,FMS,검토필요,시행령 제3조제4호 가목,연장(m),N
BR2008-0001349,육교C,교량,육교,3종,B등급,20080630,경기도 용인시 기흥구 청덕동,D03,FMS,검토필요,시행령 제3조제4호 가목,연장(m),N
BR2008-0001350,청덕2교,교량,도로교량,3종,B등급,20081030,경기도 용인시 기흥구 청덕동,D03,FMS,검토필요,시행령 제3조제4호 가목,연장(m),N
BR2008-0001351,청덕3교,교량,도로교량,3종,B등급,20081030,경기도 용인시 기흥구 청덕동,D03,FMS,검토필요,시행령 제3조제4호 가목,연장(m),N
BR2008-0001352,청덕4교,교량,도로교량,3종,B등급,20081030,경기도 용인시 기흥구 청덕동,D03,FMS,검토필요,시행령 제3조제4호 가목,연장(m),N
BR2008-0001353,상마곡교(포은),교량,도로교량,3종,B등급,20081219,경기도 용인시 기흥구 마북동,D03,FMS,검토필요,시행령 제3조제4호 가목,연장(m),N
BR2008-0001354,지석교,교량,도로교량,3종,B등급,20080930,경기도 용인시 기흥구 상하동,D03,FMS,검토필요,시행령 제3조제4호 가목,연장(m),N
BR2008-0001355,청덕1교,교량,도로교량,3종,B등급,20081030,경기도 용인시 기흥구 청덕동,D03,FMS,검토필요,시행령 제3조제4호 가목,연장(m),N
BR2008-0001356,고매교,교량,도로교량,3종,B등급,20080830,경기도 용인시 기흥구 고매동,D03,FMS,검토필요,시행령 제3조제4호 가목,연장(m),N
BR2008-0001357,육교B,교량,육교,3종,B등급,20080630,경기도 용인시 기흥구 청덕동,D03,FMS,검토필요,시행령 제3조제4호 가목,연장(m),N
BR2008-0001358,육교F-G,교량,육교,3종,B등급,20080630,경기도 용인시 기흥구 청덕동,D03,FMS,검토필요,시행령 제3조제4호 가목,연장(m),N
BR2009-0000035,죽전교,교량,철도교량,2종,B등급,20081031,경기도 용인시 수지구 죽전동,D03,FMS,해당,시행령 제3조제4호 다목,,N
BR2009-0000178,제34호교통광장RAMP교,교량,도로교량,1종,B등급,20081210,경기도 용인시 기흥구 영덕동,D03,FMS,검토필요,시행령 제3조제4호 가목,연장(m),N
BR2009-0000427,하갈2교,교량,도로교량,1종,B등급,20090531,경기도 용인시 기흥구 하갈동,D03,FMS,검토필요,시행령 제3조제4호 가목,연장(m),N
BR2009-0000429,기흥교,교량,도로교량,1종,B등급,20090530,경기도 용인시 기흥구 고매동,D03,FMS,검토필요,시행령 제3조제4호 가목,연장(m),N
BR2009-0000430,기흥1교,교량,도로교량,1종,B등급,20090530,경기도 용인시 기흥구 농서동,D03,FMS,검토필요,시행령 제3조제4호 가목,연장(m),N
BR2009-0000597,영덕교,교량,도로교량,1종,B등급,20090829,경기도 용인시 기흥구 영덕동,D03,FMS,검토필요,시행령 제3조제4호 가목,연장(m),N
BR2009-0000598,영덕1교,교량,도로교량,1종,B등급,20090829,경기도 용인시 기흥구 영덕동,D03,FMS,검토필요,시행령 제3조제4호 가목,연장(m),N
BR2009-0000599,하갈1교,교량,도로교량,1종,C등급,20090829,경기도 용인시 기흥구 하갈동,D03,FMS,검토필요,시행령 제3조제4호 가목,연장(m),N
BR2009-0000600,청명RAMP-B1교,교량,도로교량,1종,B등급,20090829,경기도 용인시 기흥구 하갈동,D03,FMS,검토필요,시행령 제3조제4호 가목,연장(m),N
BR2009-0000601,청명RAMP-C교,교량,도로교량,1종,B등급,20090829,경기도 용인시 기흥구 하갈동,D03,FMS,검토필요,시행령 제3조제4호 가목,연장(m),N
BR2009-0001235,영덕2교,교량,도로교량,3종,B등급,20090630,경기도 용인시 기흥구 영덕동,D03,FMS,검토필요,시행령 제3조제4호 가목,연장(m),N
BR2009-0001236,영덕육교,교량,도로교량,3종,C등급,20090630,경기도 용인시 기흥구 영덕동,D03,FMS,검토필요,시행령 제3조제4호 가목,연장(m),N
BR2009-0001237,청명램프D교,교량,도로교량,3종,B등급,20090630,경기도 용인시 기흥구 하갈동,D03,FMS,검토필요,시행령 제3조제4호 가목,연장(m),N
BR2009-0001238,언남3교,교량,도로교량,3종,B등급,20090630,경기도 용인시 기흥구 청덕동,D03,FMS,검토필요,시행령 제3조제4호 가목,연장(m),N
BR2009-0001239,청명램프B-2교,교량,도로교량,3종,C등급,20090630,경기도 용인시 기흥구 하갈동,D03,FMS,검토필요,시행령 제3조제4호 가목,연장(m),N
BR2009-0001240,불당교,교량,도로교량,3종,B등급,20090625,경기도 용인시 기흥구 고매동,D03,FMS,검토필요,시행령 제3조제4호 가목,연장(m),N
BR2009-0001242,상하2교,교량,도로교량,2종,B등급,20181130,경기도 용인시 기흥구 상하동,D03,FMS,검토필요,시행령 별표3 제1호,연장·최대경간장·상부구조형식,N
BR2009-0001268,문촌교,교량,도로교량,3종,B등급,20090228,경기도 용인시 처인구 원삼면,D03,FMS,검토필요,시행령 제3조제4호 가목,연장(m),N
BR2009-0001270,장촌교,교량,도로교량,3종,B등급,20090228,경기도 용인시 처인구 이동읍,D03,FMS,검토필요,시행령 제3조제4호 가목,연장(m),N
BR2009-0001271,야광교,교량,도로교량,3종,B등급,20090228,경기도 용인시 처인구 원삼면,D03,FMS,검토필요,시행령 제3조제4호 가목,연장(m),N
BR2009-0001272,학일교,교량,도로교량,3종,양호,20090228,경기도 용인시 처인구 원삼면,D03,FMS,검토필요,시행령 제3조제4호 가목,연장(m),N
BR2009-0001469,물푸레생태교,교량,도로교량,3종,B등급,20090630,경기도 용인시 기흥구 청덕동,D03,FMS,검토필요,시행령 제3조제4호 가목,연장(m),N
BR2009-0001470,흥덕1교,교량,도로교량,3종,B등급,20090330,경기도 용인시 기흥구 영덕동,D03,FMS,검토필요,시행령 제3조제4호 가목,연장(m),N
BR2009-0001471,흥덕2교,교량,도로교량,3종,B등급,20090330,경기도 용인시 기흥구 영덕동,D03,FMS,검토필요,시행령 제3조제4호 가목,연장(m),N
BR2009-0001472,흥덕3교,교량,도로교량,3종,B등급,20090330,경기도 용인시 기흥구 영덕동,D03,FMS,검토필요,시행령 제3조제4호 가목,연장(m),N
BR2010-0000471,청덕고가차도,교량,도로교량,1종,B등급,20090630,경기도 용인시 기흥구 청덕동,D03,FMS,검토필요,시행령 제3조제4호 가목,연장(m),N
BR2010-0000601,청미교,교량,도로교량,2종,B등급,20100430,경기도 용인시 처인구 백암면 근삼리,D03,FMS,검토필요,시행령 제3조제4호 가목,연장(m),N
BR2010-0000906,수원IC교,교량,도로교량,1종,B등급,20101109,경기도 용인시 기흥구 상갈동,D03,FMS,검토필요,시행령 제3조제4호 가목,연장(m),N
BR2010-0000907,수원IC1교,교량,도로교량,1종,B등급,20101109,경기도 용인시 기흥구 상갈동,D03,FMS,검토필요,시행령 제3조제4호 가목,연장(m),N
BR2010-0001029,금어1교,교량,도로교량,3종,B등급,20100101,경기도 용인시 처인구 포곡읍 금어리,D03,FMS,검토필요,시행령 제3조제4호 가목,연장(m),N
BR2010-0001192,기흥IC2교,교량,도로교량,3종,B등급,20101109,경기도 용인시 기흥구 농서동,D03,FMS,검토필요,시행령 제3조제4호 가목,연장(m),N
BR2010-0001193,기흥IC3교,교량,도로교량,3종,B등급,20101109,경기도 용인시 기흥구 농서동,D03,FMS,검토필요,시행령 제3조제4호 가목,연장(m),N
BR2010-0001195,기흥IC4교,교량,도로교량,3종,B등급,20101109,경기도 용인시 기흥구 농서동,D03,FMS,검토필요,시행령 제3조제4호 가목,연장(m),N
BR2010-0001197,기흥IC1교,교량,도로교량,3종,B등급,20101109,경기도 용인시 기흥구 농서동,D03,FMS,검토필요,시행령 제3조제4호 가목,연장(m),N
BR2010-0001210,기흥IC6교,교량,도로교량,3종,B등급,20101109,경기도 용인시 기흥구 농서동,D03,FMS,검토필요,시행령 제3조제4호 가목,연장(m),N
BR2010-0001211,기흥IC8교,교량,도로교량,3종,B등급,20101109,경기도 용인시 기흥구 농서동,D03,FMS,검토필요,시행령 제3조제4호 가목,연장(m),N
BR2010-0001214,기흥IC9교,교량,도로교량,3종,B등급,20101109,경기도 용인시 기흥구 농서동,D03,FMS,검토필요,시행령 제3조제4호 가목,연장(m),N
BR2010-0001215,오산천교(진입),교량,도로교량,3종,B등급,20101109,경기도 용인시 기흥구 농서동,D03,FMS,검토필요,시행령 제3조제4호 가목,연장(m),N
BR2010-0001218,오산천교(진출),교량,도로교량,3종,B등급,20101109,경기도 용인시 기흥구 농서동,D03,FMS,검토필요,시행령 제3조제4호 가목,연장(m),N
BR2010-0001219,기흥육교(서울1),교량,도로교량,3종,B등급,20101109,경기도 용인시 기흥구 고매동,D03,FMS,검토필요,시행령 제3조제4호 가목,연장(m),N
BR2010-0001220,공세2교(서울1),교량,도로교량,3종,B등급,20101109,경기도 용인시 기흥구 고매동,D03,FMS,검토필요,시행령 제3조제4호 가목,연장(m),N
BR2010-0001221,공세1교(서울1),교량,도로교량,3종,B등급,20101109,경기도 용인시 기흥구 고매동,D03,FMS,검토필요,시행령 제3조제4호 가목,연장(m),N
BR2010-0001222,수원IC2교,교량,도로교량,3종,B등급,20101109,경기도 용인시 기흥구 상갈동,D03,FMS,검토필요,시행령 제3조제4호 가목,연장(m),N
BR2010-0001223,수원IC4교,교량,도로교량,3종,B등급,20101109,경기도 용인시 기흥구 영덕동,D03,FMS,검토필요,시행령 제3조제4호 가목,연장(m),N
BR2010-0001226,수원육교(부산1),교량,도로교량,3종,B등급,20101109,경기도 용인시 기흥구 상갈동,D03,FMS,검토필요,시행령 제3조제4호 가목,연장(m),N
BR2010-0001341,선달교,교량,도로교량,3종,C등급,20100430,경기도 용인시 처인구 백암면,D03,FMS,검토필요,시행령 제3조제4호 가목,연장(m),N
BR2010-0001508,양치교,교량,도로교량,3종,B등급,20150630,경기도 용인시 처인구 백암면,D03,FMS,검토필요,시행령 제3조제4호 가목,연장(m),N
BR2011-0001084,갈천교,교량,도로교량,2종,B등급,20110726,경기도 용인시 기흥구 상갈동,D03,FMS,검토필요,시행령 제3조제4호 가목,연장(m),N
BR2011-0001307,기흥교(인천1),교량,도로교량,3종,B등급,20111214,경기도 용인시 기흥구 마북동,D03,FMS,검토필요,시행령 제3조제4호 가목,연장(m),N
BR2011-0001308,동백교(강릉1),교량,도로교량,3종,B등급,20111215,경기도 용인시 기흥구 동백동,D03,FMS,검토필요,시행령 제3조제4호 가목,연장(m),N
BR2011-0001309,동백교(인천1),교량,도로교량,3종,B등급,20111215,경기도 용인시 기흥구 동백동,D03,FMS,검토필요,시행령 제3조제4호 가목,연장(m),N
BR2011-0001310,마성IC1교,교량,도로교량,3종,B등급,20111215,경기도 용인시 기흥구 동백동,D03,FMS,검토필요,시행령 제3조제4호 가목,연장(m),N
BR2011-0001311,삼마교(강릉2),교량,도로교량,3종,B등급,20111214,경기도 용인시 기흥구 신갈동,D03,FMS,검토필요,시행령 제3조제4호 가목,연장(m),N
BR2011-0001312,상유교(강릉),교량,도로교량,3종,B등급,20111214,경기도 용인시 처인구 유방동,D03,FMS,검토필요,시행령 제3조제4호 가목,연장(m),N
BR2011-0001313,상유교(인천),교량,도로교량,3종,A등급,20111214,경기도 용인시 처인구 유방동,D03,FMS,검토필요,시행령 제3조제4호 가목,연장(m),N
BR2011-0001314,신갈JC5교,교량,도로교량,3종,B등급,20111214,경기도 용인시 기흥구 마북동,D03,FMS,검토필요,시행령 제3조제4호 가목,연장(m),N
BR2011-0001315,언남교(강릉),교량,도로교량,3종,A등급,20111214,경기도 용인시 기흥구 청덕동,D03,FMS,검토필요,시행령 제3조제4호 가목,연장(m),N
BR2011-0001316,언남교(인천),교량,도로교량,3종,A등급,20111214,경기도 용인시 기흥구 청덕동,D03,FMS,검토필요,시행령 제3조제4호 가목,연장(m),N
BR2011-0001346,수포2육교,교량,도로교량,3종,B등급,20111214,경기도 용인시 처인구 유방동,D03,FMS,검토필요,시행령 제3조제4호 가목,연장(m),N
BR2011-0001349,용인IC육교(강릉1),교량,도로교량,3종,B등급,20111214,경기도 용인시 처인구 유방동,D03,FMS,검토필요,시행령 제3조제4호 가목,연장(m),N
BR2011-0001350,용인IC육교(인천1),교량,도로교량,3종,B등급,20111214,경기도 용인시 처인구 유방동,D03,FMS,검토필요,시행령 제3조제4호 가목,연장(m),N
BR2011-0001351,회차로교,교량,도로교량,3종,B등급,20111214,경기도 용인시 처인구 유방동,D03,FMS,검토필요,시행령 제3조제4호 가목,연장(m),N
BR2011-0001355,용인IC1교(1),교량,도로교량,3종,B등급,20111214,경기도 용인시 처인구 유방동,D03,FMS,검토필요,시행령 제3조제4호 가목,연장(m),N
BR2011-0001356,유방2교(강릉1),교량,도로교량,3종,B등급,20111214,경기도 용인시 처인구 유방동,D03,FMS,검토필요,시행령 제3조제4호 가목,연장(m),N
BR2011-0001358,유방2교(인천1),교량,도로교량,3종,B등급,20111214,경기도 용인시 처인구 유방동,D03,FMS,검토필요,시행령 제3조제4호 가목,연장(m),N
BR2011-0001359,임원교(강릉),교량,도로교량,3종,B등급,20111214,경기도 용인시 처인구 고림동,D03,FMS,검토필요,시행령 제3조제4호 가목,연장(m),N
BR2011-0001360,임원교(인천),교량,도로교량,3종,B등급,20111214,경기도 용인시 처인구 고림동,D03,FMS,검토필요,시행령 제3조제4호 가목,연장(m),N
BR2011-0001378,추계교(강릉1),교량,도로교량,3종,B등급,20111214,경기도 용인시 처인구 양지면,D03,FMS,검토필요,시행령 제3조제4호 가목,연장(m),N
BR2011-0001379,고림교(강릉1),교량,도로교량,3종,B등급,20111214,경기도 용인시 처인구 고림동,D03,FMS,검토필요,시행령 제3조제4호 가목,연장(m),N
BR2011-0001380,총신교(강릉),교량,도로교량,3종,B등급,20111214,경기도 용인시 처인구 양지면,D03,FMS,검토필요,시행령 제3조제4호 가목,연장(m),N
BR2011-0001381,양지IC육교(강릉1),교량,도로교량,3종,B등급,20111214,경기도 용인시 처인구 양지면,D03,FMS,검토필요,시행령 제3조제4호 가목,연장(m),N
BR2011-0001382,양지IC육교(인천1),교량,도로교량,3종,B등급,20111214,경기도 용인시 처인구 양지면,D03,FMS,검토필요,시행령 제3조제4호 가목,연장(m),N
BR2011-0001383,고림교(인천1),교량,도로교량,3종,B등급,20111214,경기도 용인시 처인구 고림동,D03,FMS,검토필요,시행령 제3조제4호 가목,연장(m),N
BR2011-0001384,주북2교(강릉),교량,도로교량,3종,B등급,20111214,경기도 용인시 처인구 고림동,D03,FMS,검토필요,시행령 제3조제4호 가목,연장(m),N
BR2011-0001385,주북2교(인천),교량,도로교량,3종,B등급,20111214,경기도 용인시 처인구 고림동,D03,FMS,검토필요,시행령 제3조제4호 가목,연장(m),N
BR2012-0000152,경안천교(강릉1),교량,도로교량,2종,B등급,20111214,경기도 용인시 처인구 유방동,D03,FMS,검토필요,시행령 제3조제4호 가목,연장(m),N
BR2012-0000153,경안천교(인천1),교량,도로교량,2종,B등급,20111214,경기도 용인시 처인구 유방동,D03,FMS,검토필요,시행령 제3조제4호 가목,연장(m),N
BR2012-0000256,유운교,교량,도로교량,2종,C등급,20031231,경기도 용인시 처인구 옥현로,D03,FMS,검토필요,시행령 제3조제4호 가목,연장(m),N
BR2012-0000371,추계육교(강릉),교량,도로교량,2종,B등급,20111214,경기도 용인시 처인구 양지면 추계리,D03,FMS,검토필요,시행령 제3조제4호 가목,연장(m),N
BR2013-0000007,동백2교 상행(동백방향),교량,도로교량,1종,B등급,20120930,경기도 용인시 기흥구 동백동,D03,FMS,검토필요,시행령 제3조제4호 가목,연장(m),N
BR2013-0000008,동백2교 하행(마성방향),교량,도로교량,1종,B등급,20120930,경기도 용인시 기흥구 동백동,D03,FMS,검토필요,시행령 제3조제4호 가목,연장(m),N
BR2013-0000098,신갈JCT육교(강릉2),교량,도로교량,2종,B등급,20120531,경기도 용인시 기흥구 신갈동,D03,FMS,검토필요,시행령 제3조제4호 가목,연장(m),N
BR2013-0000099,신갈JCT육교(인천2),교량,도로교량,2종,B등급,20120531,경기도 용인시 기흥구 신갈동,D03,FMS,검토필요,시행령 제3조제4호 가목,연장(m),N
BR2013-0000100,마성IC2교,교량,도로교량,1종,B등급,20120531,경기도 용인시 기흥구 동백동,D03,FMS,검토필요,시행령 제3조제4호 가목,연장(m),N
BR2013-0000101,마성IC4교,교량,도로교량,2종,B등급,20120531,경기도 용인시 처인구 포곡읍 마성리,D03,FMS,검토필요,시행령 제3조제4호 가목,연장(m),N
BR2013-0000319,상미교,교량,도로교량,1종,B등급,20111127,경기도 용인시 기흥구 신갈동,D03,FMS,검토필요,시행령 제3조제4호 가목,연장(m),N
BR2013-0000320,신갈교,교량,도로교량,1종,B등급,20111127,경기도 용인시 기흥구 신갈동,D03,FMS,검토필요,시행령 제3조제4호 가목,연장(m),N
BR2013-0000652,삼막곡교,교량,도로교량,2종,B등급,20081001,경기도 용인시 기흥구 보정동,D03,FMS,검토필요,시행령 제3조제4호 가목,연장(m),N
BR2013-0000653,마복교,교량,도로교량,2종,B등급,20081001,경기도 용인시 기흥구 보정동,D03,FMS,검토필요,시행령 제3조제4호 가목,연장(m),N
BR2014-0000726,진목교,교량,도로교량,2종,B등급,20171213,경기도 용인시 처인구 남사면 봉명리,D03,FMS,검토필요,시행령 별표3 제1호,연장·최대경간장·상부구조형식,N
BR2015-0000118,고매2교(성남방향),교량,도로교량,1종,B등급,20150430,경기도 용인시 기흥구 고매로,D03,FMS,검토필요,시행령 제3조제4호 가목,연장(m),N
BR2015-0000119,고매2교(오산방향),교량,도로교량,1종,B등급,20150430,경기도 용인시 기흥구 고매로,D03,FMS,검토필요,시행령 제3조제4호 가목,연장(m),N
BR2016-0000542,봉명IC교,교량,도로교량,2종,B등급,20161130,경기도 용인시 처인구 남사면 봉명리,D03,FMS,검토필요,시행령 별표3 제1호,연장·최대경간장·상부구조형식,N
BR2018-0000241,동해교,교량,도로교량,3종,B등급,20181205,경기도 용인시 처인구 포곡읍 금어리,D03,FMS,검토필요,시행령 별표3 제1호,연장·최대경간장·상부구조형식,N
BR2018-0000337,하고개교(하행),교량,도로교량,2종,B등급,20181130,경기도 용인시 처인구 역북동,D03,FMS,검토필요,시행령 별표3 제1호,연장·최대경간장·상부구조형식,N
BR2018-0000338,상하3교,교량,도로교량,2종,B등급,20181130,경기도 용인시 기흥구 상하동,D03,FMS,검토필요,시행령 별표3 제1호,연장·최대경간장·상부구조형식,N
BR2018-0000339,궁촌교,교량,도로교량,1종,B등급,20181130,경기도 용인시 처인구 삼가동,D03,FMS,검토필요,시행령 별표3 제1호,연장·최대경간장·상부구조형식,N
BR2018-0000340,상하IC RAMP-A교,교량,도로교량,1종,B등급,20181130,경기도 용인시 기흥구 상하동,D03,FMS,검토필요,시행령 별표3 제1호,연장·최대경간장·상부구조형식,N
BR2018-0000341,상하1교,교량,도로교량,1종,B등급,20181130,경기도 용인시 기흥구 상하동,D03,FMS,검토필요,시행령 별표3 제1호,연장·최대경간장·상부구조형식,N
BR2018-0000342,명지교,교량,도로교량,1종,B등급,20181130,경기도 용인시 처인구 역북동,D03,FMS,검토필요,시행령 별표3 제1호,연장·최대경간장·상부구조형식,N
BR2018-0000348,대촌IC RAMP-A교,교량,도로교량,2종,B등급,20181130,경기도 용인시 처인구 이동읍,D03,FMS,검토필요,시행령 별표3 제1호,연장·최대경간장·상부구조형식,N
BR2019-0000041,초부교,교량,도로교량,2종,불명,20190104,경기도 용인시 처인구 모현면 초부리,D03,FMS,검토필요,시행령 별표3 제1호,연장·최대경간장·상부구조형식,N
BR2019-0000061,구갈1교(수원방향),교량,도로교량,2종,불명,20190420,경기도 용인시 기흥구 상하동,D03,FMS,검토필요,시행령 별표3 제1호,연장·최대경간장·상부구조형식,N
BR2019-0000062,구갈1교(용인방향),교량,도로교량,2종,불명,20190420,경기도 용인시 기흥구 상하동,D03,FMS,검토필요,시행령 별표3 제1호,연장·최대경간장·상부구조형식,N
BR2019-0000063,상갈2교(수원방향),교량,도로교량,2종,불명,20190420,경기도 용인시 기흥구 구갈동,D03,FMS,검토필요,시행령 별표3 제1호,연장·최대경간장·상부구조형식,N
BR2019-0000064,상갈4교(수원방향),교량,도로교량,2종,불명,20190420,경기도 용인시 기흥구 구갈동,D03,FMS,검토필요,시행령 별표3 제1호,연장·최대경간장·상부구조형식,N
BR2019-0000065,상갈4교(용인방향),교량,도로교량,2종,불명,20190420,경기도 용인시 기흥구 구갈동,D03,FMS,검토필요,시행령 별표3 제1호,연장·최대경간장·상부구조형식,N
BR2019-0000066,신갈고가교(수원방향),교량,도로교량,1종,불명,20190420,경기도 용인시 기흥구 상갈동,D03,FMS,검토필요,시행령 별표3 제1호,연장·최대경간장·상부구조형식,N
BR2019-0000067,신갈고가교(용인방향),교량,도로교량,1종,불명,20190420,경기도 용인시 기흥구 상갈동,D03,FMS,검토필요,시행령 별표3 제1호,연장·최대경간장·상부구조형식,N
BR2019-0000068,어정1교(수원방향),교량,도로교량,2종,불명,20190420,경기도 용인시 기흥구 상하동,D03,FMS,검토필요,시행령 별표3 제1호,연장·최대경간장·상부구조형식,N
BR2019-0000069,어정1교(용인방향),교량,도로교량,2종,불명,20190420,경기도 용인시 기흥구 상하동,D03,FMS,검토필요,시행령 별표3 제1호,연장·최대경간장·상부구조형식,N
BR2019-0000070,어정R-D1교,교량,도로교량,2종,불명,20190420,경기도 용인시 기흥구 구갈동,D03,FMS,검토필요,시행령 별표3 제1호,연장·최대경간장·상부구조형식,N
BR2020-0000150,영덕교(신갈~수지),교량,도로교량,1종,불명,20201028,경기도 용인시 기흥구 영덕동,D03,FMS,검토필요,시행령 별표3 제1호,연장·최대경간장·상부구조형식,N
BR2020-0000260,포곡교(오포방향),교량,도로교량,1종,불명,20201208,경기도 용인시 처인구 모현읍,D03,FMS,검토필요,시행령 별표3 제1호,연장·최대경간장·상부구조형식,N
BR2020-0000261,포곡교(용인방향),교량,도로교량,1종,불명,20201208,경기도 용인시 처인구 모현읍,D03,FMS,검토필요,시행령 별표3 제1호,연장·최대경간장·상부구조형식,N
BR2020-0000262,동림교(오포방향),교량,도로교량,2종,불명,20201208,경기도 용인시 처인구 모현읍,D03,FMS,검토필요,시행령 별표3 제1호,연장·최대경간장·상부구조형식,N
BR2020-0000263,동림교(용인방향),교량,도로교량,2종,불명,20201208,경기도 용인시 처인구 모현읍,D03,FMS,검토필요,시행령 별표3 제1호,연장·최대경간장·상부구조형식,N
BR2020-0000304,궁촌IC Ramp-B2교,교량,도로교량,1종,불명,20201226,경기도 용인시 처인구 삼가동,D03,FMS,검토필요,시행령 별표3 제1호,연장·최대경간장·상부구조형식,N
BR2020-0000305,궁촌IC Ramp-D교,교량,도로교량,2종,불명,20201226,경기도 용인시 처인구 삼가동,D03,FMS,검토필요,시행령 별표3 제1호,연장·최대경간장·상부구조형식,N
BR2022-0000087,남사진위IC3교,교량,도로교량,1종,불명,20220531,경기도 용인시 처인구 남사읍,D03,FMS,검토필요,시행령 별표3 제1호,연장·최대경간장·상부구조형식,N
BR2022-0000089,진위천교(서울1),교량,도로교량,2종,불명,20220531,경기도 용인시 처인구 남사읍,D03,FMS,검토필요,시행령 별표3 제1호,연장·최대경간장·상부구조형식,N
BR2023-0000111,기흥IC Ramp-A1교,교량,도로교량,2종,불명,20231227,경기도 용인시 기흥구 고매동,D03,FMS,검토필요,시행령 별표3 제1호,연장·최대경간장·상부구조형식,N
BR2023-0000112,기흥IC Ramp-B교,교량,도로교량,1종,불명,20231227,경기도 용인시 기흥구 고매동,D03,FMS,검토필요,시행령 별표3 제1호,연장·최대경간장·상부구조형식,N
BR2023-0000113,기흥IC Ramp-D교,교량,도로교량,2종,불명,20231227,경기도 용인시 기흥구 고매동,D03,FMS,검토필요,시행령 별표3 제1호,연장·최대경간장·상부구조형식,N
CS1960-0000004,신갈오거리복개구조물,교량,복개구조물,2종,B등급,19601231,경기도 용인시 기흥구 신갈동,D03,FMS,검토필요,시행령 제3조제4호 가목,연장(m),N
CS1999-0000001,고매복개천교,교량,복개구조물,2종,B등급,19990731,경기도 용인시 기흥구 고매동,D03,FMS,검토필요,시행령 제3조제4호 가목,연장(m),N
CS2004-0000197,남산3교,교량,복개구조물,2종,B등급,20040701,경기도 용인시 기흥구 마북동,D03,FMS,검토필요,시행령 제3조제4호 가목,연장(m),N
CS2010-0000007,복개BOX,교량,복개구조물,2종,B등급,20090630,경기도 용인시 기흥구 청덕동,D03,FMS,검토필요,시행령 제3조제4호 가목,연장(m),N
DA2008-0000007,기흥저수지,댐,용수전용댐,1종,C등급,19641230,경기도 용인시 기흥구 농서로46번길,D13,FMS,검토필요,시행령 별표3 제4호,총저수용량·댐 종류,N
DA2008-0000154,이동저수지,댐,용수전용댐,1종,B등급,19721207,경기도 용인시 처인구 이동면,D13,FMS,검토필요,시행령 별표3 제4호,총저수용량·댐 종류,N
DA2008-0000165,용담저수지,댐,용수전용댐,2종,C등급,19780815,경기도 용인시 처인구 원삼면,D13,FMS,검토필요,시행령 별표3 제4호,총저수용량·댐 종류,N
DA2008-0000170,두창저수지,댐,용수전용댐,2종,C등급,19941230,경기도 용인시 처인구 원삼면,D13,FMS,검토필요,시행령 별표3 제4호,총저수용량·댐 종류,N
ET1998-0000003,용인 지상탱크(11기),기타,기타,3종,A등급,19980430,경기도 용인시 처인구 호동,D99,FMS,검토필요,시행령 별표3 제1호,,N
RW1994-0000054,영동선60.39k(강릉)옹벽,옹벽,도로옹벽,3종,불명,19941213,경기도 용인시 처인구 양지면,D03,FMS,검토필요,시행령 별표3 제8호,노출높이·수평연장,N
RW1998-0000037,한국석유공사 용인비축기지 옹벽(휘발유 지역),옹벽,도로옹벽,2종,B등급,19980430,경기도 용인시 처인구 호동,D03,FMS,검토필요,시행령 별표3 제8호,노출높이·수평연장,N
RW2000-0000064,구성고 운동장 부지경계부 옹벽,옹벽,건축물옹벽,2종,A등급,20000228,경기도 용인시 기흥구 연원로42번길,D03,FMS,검토필요,시행령 별표3 제8호,노출높이·수평연장,N
RW2000-0000099,죽전중 운동장 북쪽 및 동쪽 부지경계부 옹벽,옹벽,기타옹벽,3종,A등급,20010516,경기도 용인시 수지구 죽전동,D03,FMS,검토필요,시행령 별표3 제8호,노출높이·수평연장,N
RW2000-0000118,마북초 옹벽(14081893),옹벽,기타옹벽,3종,B등급,20000101,경기도 용인시 기흥구 마북동,D03,FMS,검토필요,시행령 별표3 제8호,노출높이·수평연장,N
RW2001-0000005,교동초 운동장 북서쪽 부지경계부 옹벽,옹벽,건축물옹벽,2종,B등급,20010820,경기도 용인시 기흥구 마북로,D03,FMS,검토필요,시행령 별표3 제8호,노출높이·수평연장,N
RW2001-0000006,교동초 교사동 후면 옹벽,옹벽,건축물옹벽,2종,B등급,20010820,경기도 용인시 기흥구 마북로,D03,FMS,검토필요,시행령 별표3 제8호,노출높이·수평연장,N
RW2001-0000007,홍천중 진입로 옹벽,옹벽,건축물옹벽,2종,B등급,20011024,경기도 용인시 수지구 신봉1로71번길,D03,FMS,검토필요,시행령 별표3 제8호,노출높이·수평연장,N
RW2001-0000008,구성중 운동장 남쪽에서 서쪽 부지경계부 옹벽,옹벽,건축물옹벽,2종,A등급,20010228,경기도 용인시 기흥구 연원로42번길,D03,FMS,검토필요,시행령 별표3 제8호,노출높이·수평연장,N
RW2001-0000037,서원초등학교 운동장 경계부 옹벽,옹벽,건축물옹벽,2종,불명,20010101,경기도 용인시 수지구 상현동,D03,FMS,검토필요,중처법 제2조제4호 단서,교육시설 부대시설 여부,N
RW2001-0000042,성복초등학교 운동장 남쪽 부지경계부 옹벽,옹벽,기타옹벽,3종,B등급,20010101,경기도 용인시 수지구 신봉동,D03,FMS,검토필요,중처법 제2조제4호 단서,교육시설 부대시설 여부,N
RW2001-0000065,서원중학교 옹벽[143m],옹벽,기타옹벽,3종,불명,20010101,경기도 용인시 수지구 상현로42번길,D03,FMS,검토필요,중처법 제2조제4호 단서,교육시설 부대시설 여부,N
RW2002-0000002,이현중학교 앞 옹벽,옹벽,도로옹벽,2종,A등급,20020719,경기도 용인시 수지구 풍덕천동,D03,FMS,검토필요,중처법 제2조제4호 단서,교육시설 부대시설 여부,N
RW2002-0000004,소현중 운동장 경계부 옹벽,옹벽,건축물옹벽,2종,B등급,20020831,경기도 용인시 기흥구 만현로133번길,D03,FMS,검토필요,시행령 별표3 제8호,노출높이·수평연장,N
RW2002-0000039,나곡초등학교 학교주위옹벽(23137118),옹벽,기타옹벽,3종,A등급,20020301,경기도 용인시 기흥구 보라동,D03,FMS,검토필요,중처법 제2조제4호 단서,교육시설 부대시설 여부,N
RW2002-0000042,솔개초등학교 교사동 남쪽에서 동쪽 측면 옹벽,옹벽,기타옹벽,3종,B등급,20020101,경기도 용인시 수지구 상현동,D03,FMS,검토필요,중처법 제2조제4호 단서,교육시설 부대시설 여부,N
RW2002-0000044,지석초등학교 후문에서 농구장 옹벽,옹벽,기타옹벽,3종,B등급,20040101,경기도 용인시 기흥구 상하동,D03,FMS,검토필요,중처법 제2조제4호 단서,교육시설 부대시설 여부,N
RW2002-0000052,"지석초 북서쪽 교사동후면, 진입로 옹벽",옹벽,건축물옹벽,2종,불명,20020220,경기도 용인시 기흥구 상하동,D03,FMS,검토필요,시행령 별표3 제8호,노출높이·수평연장,N
RW2003-0000129,용인김량장주공2 옹벽,옹벽,건축물옹벽,2종,B등급,19981025,경기도 용인시 처인구 김량장동,D03,FMS,검토필요,시행령 별표3 제8호,노출높이·수평연장,N
RW2003-0000253,서원고 정문에서 운동장 남쪽 부지경계부 옹벽,옹벽,건축물옹벽,2종,A등급,20030228,경기도 용인시 수지구 상현로42번길,D03,FMS,검토필요,시행령 별표3 제8호,노출높이·수평연장,N
RW2003-0000353,이현초등학교 옹벽2[153m],옹벽,기타옹벽,3종,불명,20031223,경기도 용인시 기흥구 이현로,D03,FMS,검토필요,중처법 제2조제4호 단서,교육시설 부대시설 여부,N
RW2004-0000004,영동선 59.9k(강릉방향) 옹벽,옹벽,도로옹벽,2종,A등급,19941209,경기도 용인시 양지면,D03,FMS,검토필요,시행령 별표3 제8호,노출높이·수평연장,N
RW2004-0000204,용인대덕초 교문진입로에서 운동장 부지경계부 옹벽,옹벽,건축물옹벽,2종,B등급,20040531,경기도 용인시 수지구 죽전로293번길,D03,FMS,검토필요,시행령 별표3 제8호,노출높이·수평연장,N
RW2004-0000291,용인신릉초등학교 교사동 후면 옹벽,옹벽,기타옹벽,3종,B등급,20040101,경기도 용인시 기흥구 신갈동,D03,FMS,검토필요,중처법 제2조제4호 단서,교육시설 부대시설 여부,N
RW2004-0000298,지곡초등학교 교사동 동쪽 운동장 부지경계부 옹벽,옹벽,기타옹벽,3종,B등급,20030615,경기도 용인시 기흥구 지곡동,D03,FMS,검토필요,중처법 제2조제4호 단서,교육시설 부대시설 여부,N
RW2004-0000299,대청초등학교 옹벽(1401892),옹벽,기타옹벽,3종,A등급,20040101,경기도 용인시 수지구 죽전동,D03,FMS,검토필요,중처법 제2조제4호 단서,교육시설 부대시설 여부,N
RW2004-0000301,구성고등학교 교사동 후면 옹벽,옹벽,기타옹벽,3종,B등급,20040101,경기도 용인시 기흥구 마북동,D03,FMS,검토필요,중처법 제2조제4호 단서,교육시설 부대시설 여부,N
RW2004-0000328,홍천초등학교 홍천초 정문 진입로 후면 옹벽,옹벽,기타옹벽,3종,불명,20040101,경기도 용인시 수지구 신봉2로14번길,D03,FMS,검토필요,중처법 제2조제4호 단서,교육시설 부대시설 여부,N
RW2005-0000071,용인죽전1공구 내 RC옹벽 3호,옹벽,도로옹벽,2종,A등급,20041229,경기도 용인시 수지구 죽전동,D03,FMS,검토필요,시행령 별표3 제8호,노출높이·수평연장,N
RW2005-0000144,언동중 교사동 후면 외측 옹벽,옹벽,건축물옹벽,2종,B등급,20050228,경기도 용인시 기흥구 언남로,D03,FMS,검토필요,시행령 별표3 제8호,노출높이·수평연장,N
RW2005-0000186,언남초등학교 운동장 북쪽 부지경계부 옹벽,옹벽,기타옹벽,3종,B등급,20050101,경기도 용인시 기흥구 언남동,D03,FMS,검토필요,중처법 제2조제4호 단서,교육시설 부대시설 여부,N
RW2006-0000050,동백연수원간 보강토옹벽 1호,옹벽,도로옹벽,2종,A등급,20051229,경기도 용인시 기흥구 청덕동,D03,FMS,검토필요,시행령 별표3 제8호,노출높이·수평연장,N
RW2006-0000051,동백연수원간 보강토옹벽 2호,옹벽,도로옹벽,2종,A등급,20051229,경기도 용인시 기흥구 청덕동,D03,FMS,검토필요,시행령 별표3 제8호,노출높이·수평연장,N
RW2006-0000208,홍천고 운동장쪽 옹벽,옹벽,건축물옹벽,2종,A등급,20060228,경기도 용인시 수지구 수지로227번길,D03,FMS,검토필요,시행령 별표3 제8호,노출높이·수평연장,N
RW2006-0000234,석성초등학교 교사동 후면 옹벽,옹벽,기타옹벽,3종,A등급,20060101,경기도 용인시 기흥구 중동,D03,FMS,검토필요,중처법 제2조제4호 단서,교육시설 부대시설 여부,N
RW2007-0000127,동백동 도로옹벽,옹벽,도로옹벽,2종,A등급,20070813,경기도 용인시 기흥구 동백동,D03,FMS,검토필요,시행령 별표3 제8호,노출높이·수평연장,N
RW2007-0000163,용인심곡초등학교 교사동 후면 옹벽,옹벽,기타옹벽,3종,A등급,20070101,경기도 용인시 수지구 상현동,D03,FMS,검토필요,중처법 제2조제4호 단서,교육시설 부대시설 여부,N
RW2008-0000019,용인보라도로옹벽,옹벽,도로옹벽,2종,A등급,20080103,경기도 용인시 기흥구 보라동,D03,FMS,검토필요,시행령 별표3 제8호,노출높이·수평연장,N
RW2008-0000077,강재틀 옹벽,옹벽,도로옹벽,2종,A등급,20080328,경기도 용인시 기흥구 공세동,D03,FMS,검토필요,시행령 별표3 제8호,노출높이·수평연장,N
RW2008-0000112,용인구성 9단지 LH아파트 옹벽,옹벽,건축물옹벽,2종,B등급,20080911,경기도 용인시 기흥구 구성로,D03,FMS,검토필요,시행령 별표3 제8호,노출높이·수평연장,N
RW2008-0000173,용인시청소년수련원 대운동장 보강토옹벽,옹벽,기타옹벽,2종,A등급,20081224,경기도 용인시 처인구 양지면,D03,FMS,검토필요,시행령 별표3 제8호,노출높이·수평연장,N
RW2008-0000175,보강토옹벽(마성1교차로 RAMP-B교: 우측),옹벽,도로옹벽,2종,불명,20190520,경기도 용인시 처인구 포곡읍 마성리,D03,FMS,검토필요,시행령 별표3 제8호,노출높이·수평연장,N
RW2008-0000176,보강토옹벽(LINE11),옹벽,도로옹벽,2종,불명,20190520,경기도 용인시 처인구 포곡읍 마성리,D03,FMS,검토필요,시행령 별표3 제8호,노출높이·수평연장,N
RW2009-0000058,경부선 386.4k(서울) 옹벽,옹벽,도로옹벽,2종,A등급,20090615,경기도 용인시 기흥구 농서동,D03,FMS,검토필요,시행령 별표3 제8호,노출높이·수평연장,N
RW2009-0000128,흥덕초 교사동 서편 부지경계부 옹벽,옹벽,건축물옹벽,2종,B등급,20090228,경기도 용인시 기흥구 흥덕1로62번길,D03,FMS,검토필요,시행령 별표3 제8호,노출높이·수평연장,N
RW2009-0000151,흥덕변전소 옹벽,옹벽,기타옹벽,2종,A등급,20090803,경기도 용인시 기흥구 영덕동,D03,FMS,검토필요,시행령 별표3 제8호,노출높이·수평연장,N
RW2010-0000078,보강토 옹벽 1호,옹벽,도로옹벽,2종,A등급,20090630,경기도 용인시 기흥구 청덕동,D03,FMS,검토필요,시행령 별표3 제8호,노출높이·수평연장,N
RW2010-0000079,보강토 옹벽 3호,옹벽,도로옹벽,2종,A등급,20090630,경기도 용인시 기흥구 청덕동,D03,FMS,검토필요,시행령 별표3 제8호,노출높이·수평연장,N
RW2010-0000080,향린동산진입도로 보강토 옹벽,옹벽,도로옹벽,2종,A등급,20090630,경기도 용인시 기흥구 청덕동,D03,FMS,검토필요,시행령 별표3 제8호,노출높이·수평연장,N
RW2010-0000133,경부선 392.3k(부산) 옹벽,옹벽,도로옹벽,2종,A등급,20101109,경기도 용인시 기흥구 상갈동,D03,FMS,검토필요,시행령 별표3 제8호,노출높이·수평연장,N
RW2011-0000080,중로2-1옹벽,옹벽,도로옹벽,2종,A등급,20090428,경기도 용인시 수지구 동천동,D03,FMS,검토필요,시행령 별표3 제8호,노출높이·수평연장,N
RW2011-0000165,신봉변전소 옹벽,옹벽,기타옹벽,2종,A등급,20111027,경기도 용인시 수지구 신봉동,D03,FMS,검토필요,시행령 별표3 제8호,노출높이·수평연장,N
RW2011-0000166,영동선 47.47k(강릉) 옹벽,옹벽,도로옹벽,2종,A등급,20111214,경기도 용인시 기흥구 동백동,D03,FMS,검토필요,시행령 별표3 제8호,노출높이·수평연장,N
RW2011-0000187,성서중학교 옹벽(11797164),옹벽,기타옹벽,3종,B등급,20110228,경기도 용인시 수지구 성복동,D03,FMS,검토필요,중처법 제2조제4호 단서,교육시설 부대시설 여부,N
RW2011-0000207,영동선 41.09k(강릉방향) 옹벽,옹벽,도로옹벽,3종,불명,20111214,경기도 용인시 기흥구 신갈동,D03,FMS,검토필요,시행령 별표3 제8호,노출높이·수평연장,N
RW2011-0000208,영동선63.33k(강릉)옹벽,옹벽,도로옹벽,3종,불명,20111214,경기도 용인시 처인구 양지면,D03,FMS,검토필요,시행령 별표3 제8호,노출높이·수평연장,N
RW2012-0000001,PEM옹벽,옹벽,도로옹벽,2종,A등급,20110930,경기도 용인시 수지구 성복동,D03,FMS,검토필요,시행령 별표3 제8호,노출높이·수평연장,N
RW2012-0000123,석벽43호,옹벽,도로옹벽,2종,A등급,20120930,경기도 용인시 수지구 상현동,D03,FMS,검토필요,시행령 별표3 제8호,노출높이·수평연장,N
RW2012-0000142,매봉초 교사동 후면 옹벽,옹벽,건축물옹벽,2종,A등급,20120619,경기도 용인시 수지구 수지로,D03,FMS,검토필요,시행령 별표3 제8호,노출높이·수평연장,N
RW2013-0000123,한국석유공사 용인비축기지 옹벽(등경유 지역),옹벽,도로옹벽,2종,B등급,19980430,경기도 용인시 처인구 해곡동,D03,FMS,검토필요,시행령 별표3 제8호,노출높이·수평연장,N
RW2013-0000137,용인 평온의 숲,옹벽,건축물옹벽,2종,A등급,20130721,경기도 용인시 처인구 이동면 어비리,D03,FMS,검토필요,시행령 별표3 제8호,노출높이·수평연장,N
RW2013-0000214,어정중 교사동 후면 옹벽,옹벽,건축물옹벽,2종,A등급,20130604,경기도 용인시 기흥구 동백죽전대로527번길,D03,FMS,검토필요,시행령 별표3 제8호,노출높이·수평연장,N
RW2013-0000215,"중일초 정문 진입로 측면,교사동 후면 옹벽",옹벽,건축물옹벽,2종,A등급,20130604,경기도 용인시 기흥구 동백죽전대로527번길,D03,FMS,검토필요,시행령 별표3 제8호,노출높이·수평연장,N
RW2016-0000212,봉명IC교 우측 보강토옹벽,옹벽,도로옹벽,2종,A등급,20161130,경기도 용인시 처인구 남사면 봉명리,D03,FMS,검토필요,시행령 별표3 제8호,노출높이·수평연장,N
RW2017-0000261,용인미르스타디움 옹벽,옹벽,건축물옹벽,2종,A등급,20171120,경기도 용인시 처인구 동백죽전대로,D03,FMS,검토필요,시행령 별표3 제8호,노출높이·수평연장,N
RW2018-0000266,절토부보강옹벽(제3깍기부),옹벽,도로옹벽,2종,A등급,20181130,경기도 용인시 기흥구 상하동,D03,FMS,검토필요,시행령 별표3 제8호,노출높이·수평연장,N
RW2018-0000268,상하 R-B PEM옹벽,옹벽,도로옹벽,2종,A등급,20181130,경기도 용인시 기흥구 지곡동,D03,FMS,검토필요,시행령 별표3 제8호,노출높이·수평연장,N
RW2018-0000269,명지교 보강토옹벽 R-AB,옹벽,도로옹벽,2종,불명,20181130,경기도 용인시 처인구 역북동,D03,FMS,검토필요,시행령 별표3 제8호,노출높이·수평연장,N
RW2018-0000270,명지교 보강토옹벽 R-CD,옹벽,도로옹벽,2종,불명,20181130,경기도 용인시 처인구 역북동,D03,FMS,검토필요,시행령 별표3 제8호,노출높이·수평연장,N
RW2018-0000272,절토부보강옹벽(제2깍기부(2-1)),옹벽,도로옹벽,2종,A등급,20181130,경기도 용인시 기흥구 상하동,D03,FMS,검토필요,시행령 별표3 제8호,노출높이·수평연장,N
RW2019-0000031,보강토옹벽(Sta.3+647~3+801(L)),옹벽,도로옹벽,2종,불명,20190420,경기도 용인시 기흥구 구갈동,D03,FMS,검토필요,시행령 별표3 제8호,노출높이·수평연장,N
RW2019-0000032,보강토옹벽(Sta.4+018~4+250(L)),옹벽,도로옹벽,2종,불명,20190420,경기도 용인시 기흥구 상하동,D03,FMS,검토필요,시행령 별표3 제8호,노출높이·수평연장,N
RW2019-0000033,보강토옹벽(Sta.4+260~4+392(L)),옹벽,도로옹벽,2종,불명,20190420,경기도 용인시 기흥구 상하동,D03,FMS,검토필요,시행령 별표3 제8호,노출높이·수평연장,N
RW2019-0000034,성토부 보강토옹벽(LINE3),옹벽,도로옹벽,2종,불명,20190420,경기도 용인시 기흥구 상갈동,D03,FMS,검토필요,시행령 별표3 제8호,노출높이·수평연장,N
RW2019-0000035,성토부 보강토옹벽(LINE5),옹벽,도로옹벽,2종,불명,20190420,경기도 용인시 기흥구 구갈동,D03,FMS,검토필요,시행령 별표3 제8호,노출높이·수평연장,N
RW2019-0000037,중1-53호 TD옹벽,옹벽,도로옹벽,2종,불명,20190530,경기도 용인시 처인구 유방동,D03,FMS,검토필요,시행령 별표3 제8호,노출높이·수평연장,N
RW2019-0000059,GPA옹벽,옹벽,도로옹벽,2종,불명,20190614,경기도 용인시 기흥구 언남동,D03,FMS,검토필요,시행령 별표3 제8호,노출높이·수평연장,N
RW2019-0000060,보강토옹벽 1구간,옹벽,도로옹벽,2종,불명,20190614,경기도 용인시 기흥구 언남동,D03,FMS,검토필요,시행령 별표3 제8호,노출높이·수평연장,N
RW2019-0000061,보강토옹벽 2구간,옹벽,도로옹벽,2종,불명,20190614,경기도 용인시 기흥구 언남동,D03,FMS,검토필요,시행령 별표3 제8호,노출높이·수평연장,N
RW2020-0000152,중(집)2-1 합벽식옹벽(CEP),옹벽,기타옹벽,2종,불명,20200522,경기도 용인시 처인구 이동읍,D03,FMS,검토필요,시행령 별표3 제8호,노출높이·수평연장,N
RW2020-0000153,가도-산업6 합벽식옹벽(PPP),옹벽,기타옹벽,2종,불명,20200522,경기도 용인시 처인구 이동읍,D03,FMS,검토필요,시행령 별표3 제8호,노출높이·수평연장,N
RW2020-0000154,중(국)3-10 합벽식옹벽(PPP),옹벽,기타옹벽,2종,불명,20200522,경기도 용인시 처인구 이동읍,D03,FMS,검토필요,시행령 별표3 제8호,노출높이·수평연장,N
RW2020-0000155,블록식 보강토 옹벽,옹벽,기타옹벽,2종,불명,20200522,경기도 용인시 처인구 이동읍,D03,FMS,검토필요,시행령 별표3 제8호,노출높이·수평연장,N
RW2021-0000131,상미 다목적구장 옹벽,옹벽,기타옹벽,2종,불명,20210913,경기도 용인시 기흥구 신갈동,D03,FMS,검토필요,시행령 별표3 제8호,노출높이·수평연장,N
SL1980-0000026,대대리 절토사면(산208),절토사면,도로사면,2종,C등급,19801231,경기도 용인시 처인구 양지면,D03,FMS,검토필요,시행령 별표3 제8호,노출높이·수평연장,N
SL1998-0000067,한국석유공사 용인비축기지 사면(휘발유 지역),절토사면,도로사면,2종,C등급,19980430,경기도 용인시 처인구 호동,D03,FMS,검토필요,시행령 별표3 제8호,노출높이·수평연장,N
SL2001-0000383,홍천중 주차장 절토사면,절토사면,건축물사면,2종,C등급,20011011,경기도 용인시 수지구 신봉1로71번길,D03,FMS,검토필요,시행령 별표3 제8호,노출높이·수평연장,N
SL2004-0000360,홍천초 교사동 후면 절토사면,절토사면,건축물사면,2종,C등급,20040301,경기도 용인시 수지구 신봉2로14번길,D03,FMS,검토필요,시행령 별표3 제8호,노출높이·수평연장,N
SL2005-0000254,마북동 급경사지,절토사면,도로사면,2종,B등급,20051229,경기도 용인시 기흥구 석성로,D03,FMS,검토필요,시행령 별표3 제8호,노출높이·수평연장,N
SL2006-0000242,신일초 교사동 후면 절토사면,절토사면,건축물사면,2종,C등급,20060712,경기도 용인시 수지구 신봉2로48번길,D03,FMS,검토필요,시행령 별표3 제8호,노출높이·수평연장,N
SL2008-0000141,08SS17D06200,절토사면,도로사면,2종,C등급,20081112,경기도 용인시 처인구 양지면 평창리,D03,FMS,검토필요,시행령 별표3 제8호,노출높이·수평연장,N
SL2008-0000142,08SS17U03600,절토사면,도로사면,2종,B등급,20080910,경기도 용인시 처인구 백암면 백암리,D03,FMS,검토필요,시행령 별표3 제8호,노출높이·수평연장,N
SL2008-0000143,08SS17U05100,절토사면,도로사면,2종,B등급,20080911,경기도 용인시 처인구 원삼면 좌항리,D03,FMS,검토필요,시행령 별표3 제8호,노출높이·수평연장,N
SL2008-0000144,08SS17U05200,절토사면,도로사면,2종,B등급,20080911,경기도 용인시 처인구 원삼면 좌항리,D03,FMS,검토필요,시행령 별표3 제8호,노출높이·수평연장,N
SL2008-0000145,08SS17U05300,절토사면,도로사면,2종,B등급,20080911,경기도 용인시 처인구 원삼면 좌항리,D03,FMS,검토필요,시행령 별표3 제8호,노출높이·수평연장,N
SL2010-0000226,10SS45D03800,절토사면,도로사면,2종,C등급,20100423,경기도 용인시 처인구 이동읍,D03,FMS,검토필요,시행령 별표3 제8호,노출높이·수평연장,N
SL2010-0000227,10SS45D04300,절토사면,도로사면,2종,C등급,20100423,경기도 용인시 처인구 이동읍,D03,FMS,검토필요,시행령 별표3 제8호,노출높이·수평연장,N
SL2010-0000228,10SS45D05400,절토사면,도로사면,2종,C등급,20100421,경기도 용인시 처인구 이동읍,D03,FMS,검토필요,시행령 별표3 제8호,노출높이·수평연장,N
SL2010-0000229,10SS45D05600,절토사면,도로사면,2종,C등급,20100421,경기도 용인시 처인구 이동읍,D03,FMS,검토필요,시행령 별표3 제8호,노출높이·수평연장,N
SL2010-0000230,10SS45D06200,절토사면,도로사면,2종,C등급,20100421,경기도 용인시 처인구 이동읍,D03,FMS,검토필요,시행령 별표3 제8호,노출높이·수평연장,N
SL2010-0000235,10SS45U05300,절토사면,도로사면,2종,C등급,20100421,경기도 용인시 처인구 이동읍,D03,FMS,검토필요,시행령 별표3 제8호,노출높이·수평연장,N
SL2010-0000236,10SS45U06300,절토사면,도로사면,2종,C등급,20100421,경기도 용인시 처인구 이동읍,D03,FMS,검토필요,시행령 별표3 제8호,노출높이·수평연장,N
SL2010-0000237,10SS45U06400,절토사면,도로사면,2종,C등급,20100421,경기도 용인시 처인구 이동읍,D03,FMS,검토필요,시행령 별표3 제8호,노출높이·수평연장,N
SL2011-0000124,영동선 45.15k(강릉방향) 절토사면,절토사면,도로사면,2종,C등급,20111215,경기도 용인시 기흥구 언동로71번길,D03,FMS,검토필요,시행령 별표3 제8호,노출높이·수평연장,N
SL2011-0000139,C-050-54.8-S,절토사면,도로사면,2종,B등급,20111214,경기도 용인시 처인구 고림동,D03,FMS,검토필요,시행령 별표3 제8호,노출높이·수평연장,N
SL2011-0000141,C-050-57.2-S,절토사면,도로사면,2종,B등급,20111214,경기도 용인시 처인구 양지면 주북리,D03,FMS,검토필요,시행령 별표3 제8호,노출높이·수평연장,N
SL2011-0000142,C-050-58.61-S,절토사면,도로사면,2종,B등급,20111214,경기도 용인시 처인구 양지면 주북리,D03,FMS,검토필요,시행령 별표3 제8호,노출높이·수평연장,N
SL2011-0000143,C-050-59.31-TN-EX,절토사면,도로사면,2종,B등급,20111214,경기도 용인시 처인구 양지면 양지리,D03,FMS,검토필요,시행령 별표3 제8호,노출높이·수평연장,N
SL2013-0000011,한국석유공사 용인비축기지 사면(등경유 지역),절토사면,도로사면,2종,B등급,19980430,경기도 용인시 처인구 해곡동,D03,FMS,검토필요,시행령 별표3 제8호,노출높이·수평연장,N
ST2005-0000048,기흥레스피아,상하수도,공공하수처리시설,2종,B등급,20050811,경기도 용인시 기흥읍,D04,FMS,검토필요,시행령 별표3 제7호 나목,1일 최대처리용량(톤),N
ST2005-0000049,구갈레스피아,상하수도,공공하수처리시설,2종,B등급,20050731,경기도 용인시 기흥구 중부대로,D04,FMS,검토필요,시행령 별표3 제7호 나목,1일 최대처리용량(톤),N
ST2009-0000031,영덕레스피아,상하수도,공공하수처리시설,2종,B등급,20090730,경기도 용인시 기흥구 영덕동,D04,FMS,검토필요,시행령 별표3 제7호 나목,1일 최대처리용량(톤),N
ST2010-0000022,수지레스피아,상하수도,공공하수처리시설,2종,B등급,20100226,경기도 용인시 수지구 포은대로,D04,FMS,검토필요,시행령 별표3 제7호 나목,1일 최대처리용량(톤),N
ST2010-0000023,상현레스피아,상하수도,공공하수처리시설,2종,A등급,20100226,경기도 용인시 수지구 광교마을로,D04,FMS,검토필요,시행령 별표3 제7호 나목,1일 최대처리용량(톤),N
ST2010-0000024,고매레스피아,상하수도,공공하수처리시설,2종,A등급,20100226,경기도 용인시 기흥구 농서동,D04,FMS,검토필요,시행령 별표3 제7호 나목,1일 최대처리용량(톤),N
ST2010-0000025,서천레스피아,상하수도,공공하수처리시설,2종,B등급,20100226,경기도 용인시 기흥구 서천동,D04,FMS,검토필요,시행령 별표3 제7호 나목,1일 최대처리용량(톤),N
ST2010-0000026,모현레스피아,상하수도,공공하수처리시설,2종,B등급,20100226,경기도 용인시 처인구 모현읍,D04,FMS,검토필요,시행령 별표3 제7호 나목,1일 최대처리용량(톤),N
ST2010-0000027,동부레스피아,상하수도,공공하수처리시설,2종,A등급,20100226,경기도 용인시 처인구 동부로162번길,D04,FMS,검토필요,시행령 별표3 제7호 나목,1일 최대처리용량(톤),N
ST2010-0000028,백암레스피아,상하수도,공공하수처리시설,2종,A등급,20100226,경기도 용인시 처인구 근창로35번길,D04,FMS,검토필요,시행령 별표3 제7호 나목,1일 최대처리용량(톤),N
ST2010-0000029,송전레스피아,상하수도,공공하수처리시설,2종,B등급,20100226,경기도 용인시 처인구 이동면 송전리,D04,FMS,검토필요,시행령 별표3 제7호 나목,1일 최대처리용량(톤),N
ST2010-0000030,천리레스피아,상하수도,공공하수처리시설,2종,B등급,20100226,경기도 용인시 처인구 덕성로,D04,FMS,검토필요,시행령 별표3 제7호 나목,1일 최대처리용량(톤),N
ST2010-0000031,남사레스피아,상하수도,공공하수처리시설,2종,B등급,20100226,경기도 용인시 처인구 천덕산로,D04,FMS,검토필요,시행령 별표3 제7호 나목,1일 최대처리용량(톤),N
ST2010-0000032,추계레스피아,상하수도,공공하수처리시설,2종,A등급,20100226,경기도 용인시 처인구 식금로,D04,FMS,검토필요,시행령 별표3 제7호 나목,1일 최대처리용량(톤),N
ST2014-0000006,상현하수처리수 재이용(총인)시설,상하수도,공공하수처리시설,2종,A등급,20131031,경기도 용인시 수지구 광교마을로,D04,FMS,검토필요,시행령 별표3 제7호 나목,1일 최대처리용량(톤),N
ST2018-0000019,아곡레스피아,상하수도,공공하수처리시설,2종,A등급,20181031,경기도 용인시 처인구 남사면,D04,FMS,검토필요,시행령 별표3 제7호 나목,1일 최대처리용량(톤),N
ST2019-0000005,용인레스피아,상하수도,공공하수처리시설,2종,불명,20190831,경기도 용인시 처인구 포곡읍,D04,FMS,검토필요,시행령 별표3 제7호 나목,1일 최대처리용량(톤),N
TU1980-0000032,주북리터널,터널,도로터널,3종,B등급,19800101,경기도 용인시 처인구 양지면 대대리,D03,FMS,검토필요,시행령 제3조제4호 나목,도로등급,N
TU1994-0000014,양지터널(인천2),터널,도로터널,2종,B등급,19941205,경기도 용인시 처인구 양지면 주북리,D03,FMS,검토필요,시행령 제3조제4호 나목,도로등급,N
TU1994-0000015,양지터널(인천1),터널,도로터널,2종,B등급,19941205,경기도 용인시 처인구 양지면 주북리,D03,FMS,검토필요,시행령 제3조제4호 나목,도로등급,N
TU1994-0000016,마성터널(인천0),터널,도로터널,1종,B등급,19941213,경기도 용인시 처인구 포곡읍,D03,FMS,검토필요,시행령 제3조제4호 나목,도로등급,N
TU1994-0000017,마성터널(강릉0),터널,도로터널,1종,B등급,19941213,경기도 용인시 처인구 포곡읍,D03,FMS,검토필요,시행령 제3조제4호 나목,도로등급,N
TU2002-0000025,학고개터널,터널,도로터널,3종,B등급,20021130,경기도 용인시 처인구 역북동,D03,FMS,검토필요,시행령 제3조제4호 나목,도로등급,N
TU2002-0000027,능원터널,터널,도로터널,3종,B등급,20020430,경기도 용인시 처인구 모현읍,D03,FMS,검토필요,시행령 제3조제4호 나목,도로등급,N
TU2004-0000147,금어리터널,터널,도로터널,3종,B등급,20040101,경기도 용인시 처인구 포곡읍 금어리,D03,FMS,검토필요,시행령 제3조제4호 나목,도로등급,N
TU2006-0000031,법화터널,터널,도로터널,1종,B등급,20051229,경기도 용인시 기흥구 마북동,D03,FMS,검토필요,시행령 제3조제4호 나목,도로등급,N
TU2006-0000032,마북터널,터널,도로터널,2종,B등급,20051229,경기도 용인시 기흥구 마북동,D03,FMS,검토필요,시행령 제3조제4호 나목,도로등급,N
TU2007-0000145,여수곡터널,터널,도로터널,3종,B등급,20070617,경기도 용인시 처인구 유방동,D03,FMS,검토필요,시행령 제3조제4호 나목,도로등급,N
TU2007-0000147,역북터널,터널,도로터널,2종,B등급,20070617,경기도 용인시 처인구 백옥대로,D03,FMS,검토필요,시행령 제3조제4호 나목,도로등급,N
TU2008-0000224,신갈터널,터널,도로터널,3종,B등급,20081001,경기도 용인시 기흥구 영덕동,D03,FMS,검토필요,시행령 제3조제4호 나목,도로등급,N
TU2009-0000008,본선 BOX 터널,터널,철도터널,2종,B등급,20081031,경기도 용인시 기흥구 용구대로2469번길,D03,FMS,해당,시행령 제3조제4호 라목,,N
TU2009-0000078,문수산터널,터널,도로터널,1종,B등급,20090228,경기도 용인시 처인구 이동면,D03,FMS,검토필요,시행령 제3조제4호 나목,도로등급,N
TU2009-0000101,청명터널,터널,도로터널,1종,B등급,20090531,경기도 용인시 기흥구 하갈동,D03,FMS,검토필요,시행령 제3조제4호 나목,도로등급,N
TU2009-0000102,기흥터널,터널,도로터널,1종,B등급,20090531,경기도 용인시 기흥구 하갈동,D03,FMS,검토필요,시행령 제3조제4호 나목,도로등급,N
TU2009-0000143,영덕3터널,터널,도로터널,1종,B등급,20090829,경기도 용인시 기흥구 영덕동,D03,FMS,검토필요,시행령 제3조제4호 나목,도로등급,N
TU2009-0000144,영덕2터널,터널,도로터널,1종,B등급,20090829,경기도 용인시 기흥구 영덕동,D03,FMS,검토필요,시행령 제3조제4호 나목,도로등급,N
TU2009-0000243,청명생태터널,터널,도로터널,2종,B등급,20090829,경기도 용인시 기흥구 하갈동,D03,FMS,검토필요,시행령 제3조제4호 나목,도로등급,N
TU2009-0000247,동천터널,터널,도로터널,2종,B등급,20090428,경기도 용인시 수지구 동천동,D03,FMS,검토필요,시행령 제3조제4호 나목,도로등급,N
TU2010-0000087,초막터널,터널,도로터널,2종,B등급,20100430,경기도 용인시 처인구 백암면 고안리,D03,FMS,검토필요,시행령 제3조제4호 나목,도로등급,N
TU2011-0000221,버들치터널(상),터널,도로터널,2종,B등급,20110930,경기도 용인시 수지구 성복동,D03,FMS,검토필요,시행령 제3조제4호 나목,도로등급,N
TU2011-0000222,버들치터널(하),터널,도로터널,2종,B등급,20110930,경기도 용인시 수지구 성복동,D03,FMS,검토필요,시행령 제3조제4호 나목,도로등급,N
TU2011-0000223,신봉터널,터널,도로터널,2종,B등급,20111115,경기도 용인시 수지구 동천동,D03,FMS,검토필요,시행령 제3조제4호 나목,도로등급,N
TU2012-0000028,양지터널(강릉),터널,도로터널,1종,B등급,20120531,경기도 용인시 처인구 양지면 주북리,D03,FMS,검토필요,시행령 제3조제4호 나목,도로등급,N
TU2012-0000181,영덕1터널,터널,도로터널,3종,B등급,20090829,경기도 용인시 기흥구 영덕동,D03,FMS,검토필요,시행령 제3조제4호 나목,도로등급,N
TU2012-0000207,서리터널,터널,도로터널,2종,B등급,20120901,경기도 용인시 처인구 이동면 서리,D03,FMS,검토필요,시행령 제3조제4호 나목,도로등급,N
TU2013-0000001,본선터널(기흥~상갈),터널,철도터널,1종,B등급,20121221,경기도 용인시 기흥구 상갈동,D03,FMS,해당,시행령 제3조제4호 라목,,N
TU2013-0000002,동백터널(동백방향),터널,도로터널,2종,A등급,20120930,경기도 용인시 기흥구 동백동,D03,FMS,검토필요,시행령 제3조제4호 나목,도로등급,N
TU2013-0000003,동백터널(마성방향),터널,도로터널,2종,B등급,20120930,경기도 용인시 기흥구 동백동,D03,FMS,검토필요,시행령 제3조제4호 나목,도로등급,N
TU2013-0000024,마성터널(강릉1),터널,도로터널,1종,B등급,20120531,경기도 용인시 기흥구 동백동,D03,FMS,검토필요,시행령 제3조제4호 나목,도로등급,N
TU2013-0000025,마성터널(인천1),터널,도로터널,1종,B등급,20120531,경기도 용인시 기흥구 동백동,D03,FMS,검토필요,시행령 제3조제4호 나목,도로등급,N
TU2013-0000122,본선터널(보정~구성),터널,철도터널,1종,B등급,20130531,경기도 용인시 기흥구 보정동,D03,FMS,해당,시행령 제3조제4호 라목,,N
TU2013-0000124,본선터널(구성~신갈),터널,철도터널,1종,B등급,20130531,경기도 용인시 기흥구 마북동,D03,FMS,해당,시행령 제3조제4호 라목,,N
TU2013-0000125,본선터널(신갈~기흥),터널,철도터널,2종,B등급,20130531,경기도 용인시 기흥구 신갈동,D03,FMS,해당,시행령 제3조제4호 라목,,N
TU2014-0000042,본선터널(상갈~영통),터널,철도터널,1종,B등급,20131219,경기도 용인시 기흥구 상갈동,D03,FMS,해당,시행령 제3조제4호 라목,,N
TU2015-0000033,고매터널(성남방향),터널,도로터널,2종,B등급,20150430,경기도 용인시 기흥구 기흥단지로158번길,D03,FMS,검토필요,시행령 제3조제4호 나목,도로등급,N
TU2015-0000034,고매터널(오산방향),터널,도로터널,2종,B등급,20150430,경기도 용인시 기흥구 기흥단지로158번길,D03,FMS,검토필요,시행령 제3조제4호 나목,도로등급,N
TU2016-0000097,율현터널,터널,철도터널,1종,B등급,20170131,경기도 용인시 기흥구 보라동,D03,FMS,검토필요,시행령 별표3 제1호,,N
TU2018-0000166,상하터널(상),터널,도로터널,2종,B등급,20181130,경기도 용인시 기흥구 상하동,D03,FMS,검토필요,시행령 별표3 제2호,연장·차로수,N
TU2018-0000167,상하터널(하),터널,도로터널,2종,B등급,20181130,경기도 용인시 기흥구 상하동,D03,FMS,검토필요,시행령 별표3 제2호,연장·차로수,N
TU2018-0000168,능안터널(상),터널,도로터널,2종,B등급,20181130,경기도 용인시 처인구 삼가동,D03,FMS,검토필요,시행령 별표3 제2호,연장·차로수,N
TU2018-0000169,능안터널(하),터널,도로터널,2종,B등급,20181130,경기도 용인시 처인구 삼가동,D03,FMS,검토필요,시행령 별표3 제2호,연장·차로수,N
TU2018-0000170,신기터널(상),터널,도로터널,2종,B등급,20181130,경기도 용인시 처인구 남동,D03,FMS,검토필요,시행령 별표3 제2호,연장·차로수,N
TU2018-0000171,신기터널(하),터널,도로터널,2종,B등급,20181130,경기도 용인시 처인구 남동,D03,FMS,검토필요,시행령 별표3 제2호,연장·차로수,N
TU2019-0000023,Precast Arch 통로암거,터널,도로터널,2종,불명,20190420,경기도 용인시 기흥구 구갈동,D03,FMS,검토필요,시행령 별표3 제2호,연장·차로수,N
UR1999-0000007,농서지하차도,터널,지하차도,3종,B등급,19990403,경기도 용인시 기흥구 농서동,D03,FMS,검토필요,시행령 제3조제4호 나목,도로등급,N
UR2005-0000013,강남대지하차도,터널,지하차도,2종,B등급,20041130,경기도 용인시 기흥구 강남로,D03,FMS,검토필요,시행령 제3조제4호 나목,도로등급,N
UR2005-0000055,삼막곡제2지하차도,터널,지하차도,3종,B등급,20051229,경기도 용인시 기흥구 보정동,D03,FMS,검토필요,시행령 제3조제4호 나목,도로등급,N
UR2006-0000017,신일지하차도,터널,지하차도,2종,B등급,20051229,경기도 용인시 기흥구 언남동,D03,FMS,검토필요,시행령 제3조제4호 나목,도로등급,N
UR2006-0000018,삼막곡 제1지하차도,터널,지하차도,2종,B등급,20051229,경기도 용인시 기흥구 보정동,D03,FMS,검토필요,시행령 제3조제4호 나목,도로등급,N
UR2006-0000030,동백지하차도(지하차도 #1),터널,지하차도,2종,B등급,20060430,경기도 용인시 기흥구 동백동,D03,FMS,검토필요,시행령 제3조제4호 나목,도로등급,N
UR2006-0000031,수성지하차도(지하차도 #2),터널,지하차도,2종,B등급,20060430,경기도 용인시 기흥구 동백동,D03,FMS,검토필요,시행령 제3조제4호 나목,도로등급,N
UR2006-0000036,성산지하차도(지하차도#3),터널,지하차도,2종,B등급,20060430,경기도 용인시 기흥구 중동,D03,FMS,검토필요,시행령 제3조제4호 나목,도로등급,N
UR2006-0000037,은목지하차도(지하차도#4),터널,지하차도,2종,B등급,20060430,경기도 용인시 기흥구 중동,D03,FMS,검토필요,시행령 제3조제4호 나목,도로등급,N
UR2006-0000038,초당지하차도(지하차도#5),터널,지하차도,2종,B등급,20060430,경기도 용인시 기흥구 중동,D03,FMS,검토필요,시행령 제3조제4호 나목,도로등급,N
UR2008-0000045,청덕지하차도,터널,지하차도,3종,B등급,20081030,경기도 용인시 기흥구 청덕동,D03,FMS,검토필요,시행령 제3조제4호 나목,도로등급,N
UR2008-0000048,삼막곡터널,터널,지하차도,3종,B등급,20081001,경기도 용인시 기흥구 신수로,D03,FMS,검토필요,시행령 제3조제4호 나목,도로등급,N
UR2009-0000011,죽전지하차도,터널,지하차도,1종,B등급,20090413,경기도 용인시 수지구 동천동,D03,FMS,검토필요,시행령 제3조제4호 나목,도로등급,N
UR2010-0000038,흥덕지하차도,터널,지하차도,2종,A등급,20100514,경기도 용인시 기흥구 영덕동,D03,FMS,검토필요,시행령 제3조제4호 나목,도로등급,N
UR2012-0000009,서천지하차도,터널,지하차도,2종,B등급,20111220,경기도 용인시 기흥구 농서동,D03,FMS,검토필요,시행령 제3조제4호 나목,도로등급,N
UR2012-0000052,하동IC램프2,터널,지하차도,2종,B등급,20120930,경기도 용인시 수지구 상현동,D03,FMS,검토필요,시행령 제3조제4호 나목,도로등급,N
UR2012-0000054,신대지하차도,터널,지하차도,1종,B등급,20120930,경기도 용인시 수지구 상현동,D03,FMS,검토필요,시행령 제3조제4호 나목,도로등급,N
UR2013-0000010,성복지하차도,터널,지하차도,2종,B등급,20121226,경기도 용인시 수지구 성복동,D03,FMS,검토필요,시행령 제3조제4호 나목,도로등급,N
UR2017-0000003,상현지하차도,터널,지하차도,1종,B등급,20170428,경기도 용인시 수지구 상현동,D03,FMS,검토필요,시행령 별표3 제2호,연장·차로수,N
UR2018-0000010,공세지하차도,터널,지하차도,2종,A등급,20181204,경기도 용인시 기흥구 탑실로,D03,FMS,검토필요,시행령 별표3 제2호,연장·차로수,N
WG2008-0000097,갈담제1배수통문,하천,수문 및 통문,2종,불명,20081231,경기도 용인시 처인구 모현면,D13,FMS,검토필요,시행령 별표3 제6호,국가하천 여부,N
WG2008-0000098,고림제1배수통문,하천,수문 및 통문,2종,불명,20081031,경기도 용인시 처인구 경안천로,D13,FMS,검토필요,시행령 별표3 제6호,국가하천 여부,N
WG2008-0000099,둔전제1배수통문,하천,수문 및 통문,2종,불명,20081231,경기도 용인시 처인구 포곡읍,D13,FMS,검토필요,시행령 별표3 제6호,국가하천 여부,N
WG2008-0000101,송문제1배수통문,하천,수문 및 통문,2종,불명,20081231,경기도 용인시 처인구 양지면,D13,FMS,검토필요,시행령 별표3 제6호,국가하천 여부,N
WG2008-0000102,역북제2배수통문,하천,수문 및 통문,2종,불명,20081231,경기도 용인시 처인구 용문로,D13,FMS,검토필요,시행령 별표3 제6호,국가하천 여부,N
WG2008-0000111,진목1 배수암거,하천,수문 및 통문,2종,불명,20081231,경기도 용인시 처인구 남사면 진목리,D13,FMS,검토필요,시행령 별표3 제6호,국가하천 여부,N
WG2008-0000112,진목2 배수암거,하천,수문 및 통문,2종,불명,20081231,경기도 용인시 처인구 남사면 진목리,D13,FMS,검토필요,시행령 별표3 제6호,국가하천 여부,N
WG2008-0000113,진목1 배수문,하천,수문 및 통문,2종,불명,20081231,경기도 용인시 처인구 남사면 진목리,D13,FMS,검토필요,시행령 별표3 제6호,국가하천 여부,N
WG2008-0000114,방아1 배수문,하천,수문 및 통문,2종,불명,20081231,경기도 용인시 처인구 남사면 방아리,D13,FMS,검토필요,시행령 별표3 제6호,국가하천 여부,N
WG2008-0000116,방아2 배수문,하천,수문 및 통문,2종,불명,20081231,경기도 용인시 처인구 남사면 전궁리,D13,FMS,검토필요,시행령 별표3 제6호,국가하천 여부,N
WG2008-0000117,방아1 배수암거,하천,수문 및 통문,2종,불명,20081231,경기도 용인시 처인구 남사면 방아리,D13,FMS,검토필요,시행령 별표3 제6호,국가하천 여부,N
WG2008-0000118,방아3 배수문,하천,수문 및 통문,2종,불명,20081231,경기도 용인시 처인구 남사면 방아리,D13,FMS,검토필요,시행령 별표3 제6호,국가하천 여부,N
WG2008-0000119,방아4 배수문,하천,수문 및 통문,2종,불명,20081231,경기도 용인시 처인구 남사면 방아리,D13,FMS,검토필요,시행령 별표3 제6호,국가하천 여부,N
WG2008-0000120,방아2 배수암거,하천,수문 및 통문,2종,불명,20081231,경기도 용인시 처인구 남사면 방아리,D13,FMS,검토필요,시행령 별표3 제6호,국가하천 여부,N
WG2008-0000121,봉명1 배수문,하천,수문 및 통문,2종,불명,20081231,경기도 용인시 처인구 남사면 진목리,D13,FMS,검토필요,시행령 별표3 제6호,국가하천 여부,N
WG2008-0000122,원암1 배수암거,하천,수문 및 통문,2종,불명,20071231,경기도 용인시 처인구 남사면 원암리,D13,FMS,검토필요,시행령 별표3 제6호,국가하천 여부,N
WG2008-0000123,방아1 배수문,하천,수문 및 통문,2종,불명,20081231,경기도 용인시 처인구 남사면 방아리,D13,FMS,검토필요,시행령 별표3 제6호,국가하천 여부,N
WG2008-0000135,구갈제3배수암거,하천,수문 및 통문,2종,B등급,20081231,경기도 용인시 기흥구 구갈동,D13,FMS,검토필요,시행령 별표3 제6호,국가하천 여부,N
WG2008-0000136,상하제1배수암거,하천,수문 및 통문,2종,B등급,20081231,경기도 용인시 기흥구 상하동,D13,FMS,검토필요,시행령 별표3 제6호,국가하천 여부,N
WG2008-0000137,상하제2배수암거,하천,수문 및 통문,2종,B등급,20081231,경기도 용인시 기흥구 상하동,D13,FMS,검토필요,시행령 별표3 제6호,국가하천 여부,N
WG2008-0000138,상하제4배수암거,하천,수문 및 통문,2종,B등급,20081231,경기도 용인시 기흥구 상하동,D13,FMS,검토필요,시행령 별표3 제6호,국가하천 여부,N
WG2008-0000141,진목1배수문,하천,수문 및 통문,2종,불명,20081231,경기도 용인시 처인구 남사읍,D13,FMS,검토필요,시행령 별표3 제6호,국가하천 여부,N
WG2008-0000142,창리1배수문,하천,수문 및 통문,2종,불명,20081231,경기도 용인시 처인구 남사읍,D13,FMS,검토필요,시행령 별표3 제6호,국가하천 여부,N
WG2008-0000143,유방제1배수통관,하천,수문 및 통문,2종,불명,20081231,경기도 용인시 처인구 유방동,D13,FMS,검토필요,시행령 별표3 제6호,국가하천 여부,N
WG2008-0000144,유방제5배수통관,하천,수문 및 통문,2종,불명,20081231,경기도 용인시 처인구 유방동,D13,FMS,검토필요,시행령 별표3 제6호,국가하천 여부,N
WG2019-0000004,초부1배수문,하천,수문 및 통문,2종,불명,20190104,경기도 용인시 처인구 모현면 초부리,D13,FMS,검토필요,시행령 별표3 제6호,국가하천 여부,N
WG2019-0000005,초부2배수문,하천,수문 및 통문,2종,불명,20190104,경기도 용인시 처인구 모현면 초부리,D13,FMS,검토필요,시행령 별표3 제6호,국가하천 여부,N
WG2019-0000006,갈담1배수문,하천,수문 및 통문,2종,불명,20190104,경기도 용인시 처인구 모현면 갈담리,D13,FMS,검토필요,시행령 별표3 제6호,국가하천 여부,N
WG2019-0000007,왕산3배수문,하천,수문 및 통문,2종,불명,20190104,경기도 용인시 처인구 모현면 왕산리,D13,FMS,검토필요,시행령 별표3 제6호,국가하천 여부,N
WS1991-0000015,기흥상수도,상하수도,지방상수도,2종,B등급,19911101,경기도 용인시 기흥읍,D04,FMS,해당,시행령 별표3 제7호 가목,,N
WS1991-0000016,용인상수도,상하수도,지방상수도,2종,B등급,19911101,경기도 용인시 동백죽전대로,D04,FMS,해당,시행령 별표3 제7호 가목,,N
WS1991-0000019,구성상수도,상하수도,지방상수도,2종,B등급,19911201,경기도 용인시 구성읍,D04,FMS,해당,시행령 별표3 제7호 가목,,N
WS2003-0000053,용인시 지방상수도,상하수도,지방상수도,1종,B등급,20030117,경기도 용인시 모현면 매산리,D04,FMS,해당,시행령 별표3 제7호 가목,,N
WS2005-0000091,죽전지구 상수도,상하수도,지방상수도,2종,B등급,20041229,경기도 용인시 구성읍 보정리,D04,FMS,해당,시행령 별표3 제7호 가목,,N
WS2006-0000016,신봉상수도,상하수도,지방상수도,2종,B등급,20081027,경기도 용인시 신봉동,D04,FMS,해당,시행령 별표3 제7호 가목,,N
WS2009-0000054,백원지역상수도시설,상하수도,지방상수도,2종,B등급,20090707,경기도 용인시 처인구 양지면,D04,FMS,해당,시행령 별표3 제7호 가목,,N
WS2012-0000006,지방상수도(배수지-용인시),상하수도,지방상수도,2종,B등급,20110926,경기도 용인시 수지구 상현동,D04,FMS,제외,시행령 별표3 비고 21,,N
WS2013-0000050,청덕상수도,상하수도,지방상수도,2종,B등급,20090630,경기도 용인시 기흥구 청덕동,D04,FMS,해당,시행령 별표3 제7호 가목,,N
WS2013-0000051,고기상수도,상하수도,지방상수도,2종,B등급,20110902,경기도 용인시 수지구 동천동,D04,FMS,해당,시행령 별표3 제7호 가목,,N
WS2018-0000041,남사 상수도,상하수도,지방상수도,2종,B등급,20181208,경기도 용인시 처인구 남사면 완장리,D04,FMS,해당,시행령 별표3 제7호 가목,,N
