경로,크기,sha256
_데모_용인시_20260920/_CURRENT.json,2578,a93aa7e4144e8278e10613e931b4f8810a69038331b9621517a7f914decfd959
_데모_용인시_20260920/_README.md,2963,698efd27c603a6d460a6a5cc9f7cf8ebcb49bcf40e30725adff91fcc63194a36
_데모_용인시_20260920/_agent/coco.py,36277,2a947b7cc9397f6f91a46ede9a5b24217fc2131d9f4166fd16ee3e62f817b021
_데모_용인시_20260920/_agent/common.py,8308,283abbc9c6f8f89cec0bd5b8dd0078b0bdf8856bec50fa890bf0be698aa528c9
_데모_용인시_20260920/_agent/sandbox.py,7312,8806ae7fa81f878097dbff31b0c104138dff9dae3d8066723c4006b639f2ad04
_데모_용인시_20260920/_build/_bak_menu_original_20260922.ts,3899,988c02c6a7b197d86fad1985a9298b73d1c6035523d83e52c0b7d57f504639f1
_데모_용인시_20260920/_build/_bak_schedule_to_html_20260923.py,5656,b130db9567be334c4878243be517b249d7538758823fb96bbf93c2f235792c86
_데모_용인시_20260920/_build/_tmp_bt/b5.txt,25502,10c0b0c8959625c496d5de7394705105c36cf323b1b86b74aa17113f30b6245e
_데모_용인시_20260920/_build/_tmp_bt/edu2.txt,7866,7f7c8a8fc069d91ae6713fd97c38200243e94d447180a2f2cb0a42c3359c9ea2
_데모_용인시_20260920/_build/_tmp_bt/edu_units.txt,35995,22e5b468b8713b2e0bd43d4a651843ccfe88d13a787e3971ae11ce7fd0c7063f
_데모_용인시_20260920/_build/_tmp_bt/law_units.txt,12920,276716de072b5abd0a9acad60f93360d4834606b714901aba966892f6875a144
_데모_용인시_20260920/_build/_tmp_bt/overlay_after_test_bt.json,11245,3d0bf5d69d072af276d0d1a82272f0663b5858b0863635497944bd4da3fe661a
_데모_용인시_20260920/_build/_tmp_bt/overlay_before_bt.json,6022,a598cb11f139495d4332f5cde7b5259e176971ef23b22dca228e2e5350a38a55
_데모_용인시_20260920/_build/_tmp_bt/sch.txt,15257,60594fecf2a1d8f24de0e956c1d29fea04c32f1c1b8dc59aa257b5280248568a
_데모_용인시_20260920/_build/_tmp_ct/overlay_before_ct.json,6638,b181e44befb9f58d3cb1a2a7a83b31c33ee294b499a619a37d90fd143f358962
_데모_용인시_20260920/_build/_tmp_drill/overlay_before_substtest_20260921.json,6638,b181e44befb9f58d3cb1a2a7a83b31c33ee294b499a619a37d90fd143f358962
_데모_용인시_20260920/_build/_tmp_half/after_cal.html,528242,8f94753e0f2d18978352c527caa0fd99d7fe180eeb5584d567ed25a9aad412c9
_데모_용인시_20260920/_build/_tmp_half/after_slotsM.html,182185,090cc7f52efd4befbf76bcd72367b12d6f5205b0ca274c007edeaf68625f18bf
_데모_용인시_20260920/_build/_tmp_half/after_sys.html,385236,58241d782460eb36d59decf2de8e28bbc47b60c99cc00f1f365564e1fcbbb139
_데모_용인시_20260920/_build/_tmp_half/after_sysF.html,5049297,9e083eef88bd172e33b1d494344865f236e597aa0f88e12ac7cb5813de7ada83
_데모_용인시_20260920/_build/_tmp_half/before_cal.html,520972,40ee2ac6594dbf6596448ea1d92b955b8ea5b0ebf9642923f75aa976549505dd
_데모_용인시_20260920/_build/_tmp_half/before_slots.html,215095,5aba5b73d5fe18219241dbdbb65c6c8b6785b6050b4348edb37455e55bbb52bb
_데모_용인시_20260920/_build/_tmp_half/before_sys.html,385222,408f75f2d82797680aefbc8269668d3303d4a871157510c690def63355b9e899
_데모_용인시_20260920/_build/_tmp_half/before_sysF.html,5746851,f028286cc4ed515465d55716e6bd276fd35a7b01fa251c9486c5416460c992bd
_데모_용인시_20260920/_build/_tmp_half/before_sysM.html,120636,76398eb4f11730d02cadcad8c3a6fcf6b29996f1b3bdf50eb896e4f0799f9b69
_데모_용인시_20260920/_build/_tmp_mat/e.html,228275,1dd15e28a4508e8684cd382c2968203c6242eecdf4707fd1f9c3ceebcd6addfd
_데모_용인시_20260920/_build/_tmp_mat/m.html,169929,63f7815c8dd640dc52ee46482027249103252b4ef7964701e89cff41213fe8f6
_데모_용인시_20260920/_build/_tmp_mat/material_tail.ts,18971,c09ac9f37edfd59c2da06271c1128c4f68d179a4e5ef17cfd81ab3ecfa3ec204
_데모_용인시_20260920/_build/_tmp_mat/ov.py,886,237ce028c1e625820d25087af21f7aa2bdfc33165ae4d66c061a221d4f9e25c9
_데모_용인시_20260920/_build/_tmp_mat/overlay.before.json,6638,b181e44befb9f58d3cb1a2a7a83b31c33ee294b499a619a37d90fd143f358962
_데모_용인시_20260920/_build/_tmp_mat/show.py,342,9b2483e12420ab9ce0ba72a97275fd0797fe324a16227e24db911ae3b584f139
_데모_용인시_20260920/_build/_tmp_mat/system.ts.bak,77126,0f2dda165a40b091b1e36d542ba6563598550ed5f326f008a7e080219697b635
_데모_용인시_20260920/_build/_tmp_resp/overlay_before_20260922.json,6638,b181e44befb9f58d3cb1a2a7a83b31c33ee294b499a619a37d90fd143f358962
_데모_용인시_20260920/_build/_tmp_resp/tsc.txt,0,e3b0c44298fc1c149afbf4c8996fb92427ae41e4649b934ca495991b7852b855
_데모_용인시_20260920/_build/_tmp_scn/overlay_after_pass1_20260921.json,22072,79cfc72a6f3c12ab659ab6a0fd4a8f92b143d406972338ba575a5510918d4b70
_데모_용인시_20260920/_build/_tmp_scn/overlay_after_pass2_20260921.json,19653,d7a38085f723f7210af1c45f5a24a6dc3d70a5eb455f4064d2ffad42cc6c513f
_데모_용인시_20260920/_build/_tmp_scn/overlay_before_scenario_20260921.json,6638,b181e44befb9f58d3cb1a2a7a83b31c33ee294b499a619a37d90fd143f358962
_데모_용인시_20260920/_build/_tmp_sys/overlay_backup.json,6638,b181e44befb9f58d3cb1a2a7a83b31c33ee294b499a619a37d90fd143f358962
_데모_용인시_20260920/_build/_tmp_sys/remove_test_rows.py,1762,d029823e5215d46c60b2407f29d645c791de818427d0f8c63ac5e90b2a53642c
_데모_용인시_20260920/_build/_tmp_tr/overlay_before_195900.json,6638,b181e44befb9f58d3cb1a2a7a83b31c33ee294b499a619a37d90fd143f358962
_데모_용인시_20260920/_build/build_approval_line_v15.py,3252,a5760e02cfb80f15e665f9a59bc4c0d37934d2c92018b5f550b941aee84631a7
_데모_용인시_20260920/_build/build_asset_move_v18.py,9052,91654492eb66694a72b4ec0c7e759a04c2b7f537904be14b5970ba8fb808e70c
_데모_용인시_20260920/_build/build_budget_realistic_v11.py,9302,8a81841e8fb7083a6c5050e2c243eeccaebab684a78db4a870913ec8e1952f3f
_데모_용인시_20260920/_build/build_budget_training_v06.py,19708,a1a8c44d5ebba6754fb2c3d416bde42c016eba00dc0764730f1a23ad757632c8
_데모_용인시_20260920/_build/build_civil_system_v06.py,12197,766d1016ebc09c535515ff885adef5c5a1868ec1f3088bd2946a198a8eea2c88
_데모_용인시_20260920/_build/build_consign_v21.py,2472,fd2d0f951f4880b205242829ad29aed0ca724bf92f956f8e318a6e8ae3728f00
_데모_용인시_20260920/_build/build_contract_realistic_v10.py,3739,31cf09bcdf6f4570c97221df2bf199d3b243c658ab9cd7ebbf55b2d9c9d25023
_데모_용인시_20260920/_build/build_contracts_orders_v07.py,17050,ff337f15c289bfa0847240cbc8a710ff63ef702db73dc4d6946400d24a9d2485
_데모_용인시_20260920/_build/build_contracts_v04.py,19270,737389c0d0aedf719fed5bb46f876a12fe0ecd7a71b577d4bb7057f29b18adc9
_데모_용인시_20260920/_build/build_contracts_v05.py,20901,b76577fb3cc155059dc0d02a958f5450e36c442ed0b2e65411d5e23663be3b95
_데모_용인시_20260920/_build/build_decisions_v16.py,5017,ebefdc9c13b1d0dafa5f8dff072dd9a2d902ecc0da7c1aad1cced1d0d2568aa8
_데모_용인시_20260920/_build/build_demo_db.py,15128,2a805fa20096c420ae32953d4157ae83b840989364c7613b81b54bfb7594b0af
_데모_용인시_20260920/_build/build_duty_canon_merge_v12.py,13156,7f77436b81ace7d426db299470055477a0ff1eb75ac075928672c782310e083a
_데모_용인시_20260920/_build/build_duty_impltype_v13.py,5042,53cba02ff50a51adfbe2db761136710fb9e00a74000d97b71c6590468fb75e52
_데모_용인시_20260920/_build/build_fix_sewer_v20.py,5273,b77bc940914955a52465a8fe572d395cc05bca520cbc944f09640b69da5f9642
_데모_용인시_20260920/_build/build_forms_v09.py,3163,9c080a9f4892ec0bb5dc687f22a5cd7d5b4c968f97d90aa69f727808ae504980
_데모_용인시_20260920/_build/build_hazard_drill_v06.py,35586,4215843d0d11aed95b28849ce3d1d9a7e4a644e628da471226eaf277fe9e58df
_데모_용인시_20260920/_build/build_incident_response_v08.py,14757,b1223f278b1c45296b7063f7cea932049ad0da110828dba2232d4eb9a34f00ea
_데모_용인시_20260920/_build/build_lawtext_v10.py,7053,eb2e1db697e2099fd466d0f8e3666d1a443c28685f8a19aa31e5d1647e6d2d26
_데모_용인시_20260920/_build/build_material_v08.py,11790,b87ef1cd3186eb141bbc74892c4bf42b93e358441a4af31ae2530f59255a3b8e
_데모_용인시_20260920/_build/build_mgmt_laws_v20.py,2538,c02f349b5dd9b87b7f6fc0c75e8ca5c5eea8ab29523652dcb710cc826e66050b
_데모_용인시_20260920/_build/build_ops_tables.py,26525,074e4d387f9883804de31417d050d69aac9e4f6f75e812cc8a2f6dc6fb0ffefe
_데모_용인시_20260920/_build/build_ops_v02_seed.py,17101,47ac66897baec0728279222899b2c13c0dc412bc5daa76a7c42b584ea7760b27
_데모_용인시_20260920/_build/build_ops_v03_seed.py,26945,bc6a344c36dc00c52c56fc370e8785e294c59904551462b900708637c0c4d110
_데모_용인시_20260920/_build/build_ops_v16_stats.py,973,443314979a456a291bc33a155307d334a72fcc84d9ab6eea883c16d420b724d6
_데모_용인시_20260920/_build/build_org_fix_v16.py,4469,1713bd22b065c4881ab960ebb0240a8a5e294a73891b7afbf4920d27fe809a84
_데모_용인시_20260920/_build/build_org_reorg_v15.py,26113,438afd86acb60da53073afaa6173c867ac36d277ae71f0daa1cbb55b749ded4a
_데모_용인시_20260920/_build/build_org_report_v15.py,10128,d7bf482e0a9bd9fe7893ffa0bd393e9deb061b4b5f6ea99e3031d48b9dd321d8
_데모_용인시_20260920/_build/build_recurrence_v06.py,29345,18bd8925a4dbe63028505db3e34e44afb58aa9bca3962b3a173a51419b513416
_데모_용인시_20260920/_build/build_redate_v22.py,9359,b7ec389c67582e1a8a77b8e771a53d4a33dac965b8ad6b832dc7dd28ab856842
_데모_용인시_20260920/_build/build_schedule_v06.py,4361,594fd19fc840628e8c99f868d0c9252f47c369b89dcc2cd39eda9800143c953b
_데모_용인시_20260920/_build/build_scope_v19.py,11222,c0fd0a12cde31195769024d327c21f3f282d34c530f9f2f138acb00bc3d01f0b
_데모_용인시_20260920/_build/build_subject_axis_v17.py,6174,0393674d2ef04751d12bc4420f5536878d25bd7edb5686a3b7940c34bd7515ef
_데모_용인시_20260920/_build/build_system_records_v07.py,17231,835ff07cb96cc38c7287e314a43fdbba0702aca5ba3057acbe39cbc173010373
_데모_용인시_20260920/_build/build_system_v05.py,9672,9f565698fec58d7ce18d7a1bd78b812e8141fd25366269dc4eedfb4d4e92d65d
_데모_용인시_20260920/_build/build_training_v07.py,5664,dd727179b85e819116c0f4054c6eed99bafa04c29f2ab0e432568ed5096b6a57
_데모_용인시_20260920/_build/build_us_v12_orgnames.py,2300,fe9f1ac1312e2e13e770e0d1dac2c0316bf1bf069f2627f359e0637874c9f050
_데모_용인시_20260920/_build/build_us_v15_workplaces.py,21265,8dcc28ef274a46376b59bd6daf938adddf7f6486d6c13446c60af3940829a180
_데모_용인시_20260920/_build/build_us_v16_bridges.py,7722,21a9f4852fb114d9bc04509fe6469c288a3db5b76ca634a54cd20a78528a6131
_데모_용인시_20260920/_build/build_us_v17_634ab.py,13767,c47660e959376759c1462d5010b586ebf5d5446403fa6c49514b30b701a26006
_데모_용인시_20260920/_build/check_integrity_v15.py,8235,eac69702a15d03fe710c7bd03271cb5404e8699d9b9ce5c2ca00030bb485ccf1
_데모_용인시_20260920/_build/check_integrity_v17.py,2385,8a6379e3eb7892bc570b746d8e3fa4227604fcb49ef8cbf2ac0646e8497f4466
_데모_용인시_20260920/_build/export_schema.py,30558,addabff922e75675b5b53146d9ea750b0f16631e34cb3e7949e2f2ad0eb4cd34
_데모_용인시_20260920/_build/fix_tg99_v03.py,5053,3286217c70377c0c33232e686fdb2710e6f7e3e7a4aa349c12c076df2a55e75e
_데모_용인시_20260920/_build/ops_v0.2_add.sql,16117,91c96d4ab7a97dda43ee64097ed9c1b99ee327d596771397ac46d13f6af7f31c
_데모_용인시_20260920/_build/ops_v03_v04_add.sql,6180,558538e9f2da79ca6bfa0684c65048f96dc10c9b9c7e13fbbc154b97f6f6b048
_데모_용인시_20260920/_build/ops_v05_add.sql,8798,44d533111b769b1d94d3c2527c50720344cba98f7ba189caf020901abe11d5a3
_데모_용인시_20260920/_build/ops_v06_add.sql,22975,b0595ed64f3c76617bc33855b495f9f04592936499bf527f4c758e9281b56c29
_데모_용인시_20260920/_build/ops_v07_add.sql,15367,3517c53a95dd2b9a48885bea6f3e14fa72b6930986e1f159d728cba9bf46bc8f
_데모_용인시_20260920/_build/ops_v08_add.sql,7435,0eae110872309f2546170fd9b02662f32478cc0647d1771b653f4eddbc351a83
_데모_용인시_20260920/_build/propose_statute_duties_v07.py,47334,cc491c2d5f766ba41968c098b2d039a1bba9726173fc7031172c5f72662455ca
_데모_용인시_20260920/_build/report_other_agency_records_v18.py,4910,38863a1cd8c1ca7bfa15c6509dbbd45cba8a39153a1a73ddf01a901f029b5ef8
_데모_용인시_20260920/_build/schedule_to_html.py,7147,654b07126909a00e9005e4b381eb19d20f3871feab13881f19c914201a1e32e3
_데모_용인시_20260920/law_sync/_cache/20260924/00c53113f0e6695db4ce.xml,3360,28149452d5e966725bc56588ef3fa28d24af13675ce7af01608cb6ff8b8bca77
_데모_용인시_20260920/law_sync/_cache/20260924/015578537afda5f56437.xml,1031,a1f8ab3d18957f1055a5a81002b42d863a002c2b462d07bfea28d34be9c78537
_데모_용인시_20260920/law_sync/_cache/20260924/041cc202ec0fd3765b9e.xml,4939,6ad6cd43b010916bae6d2e9561baa186e0c5f6b0c5e6986703ff41e41c41859f
_데모_용인시_20260920/law_sync/_cache/20260924/04a995f0ecfdafdf5400.xml,1835,c2aa88860941f50937a69babd089f5cf282aabf3053e177d01c8c70bc6fb9c4a
_데모_용인시_20260920/law_sync/_cache/20260924/05fb7a2c3ad474d94813.xml,4222,9da997ec73dd72468cf4c8d422bd172497efb882e106105ea76fc35a06b0f48f
_데모_용인시_20260920/law_sync/_cache/20260924/0665422a531242d2c21d.xml,1108,b5b2345b7e926ea14c387d6385227fac03c8b95430b80b75a5d54f135ab20f37
_데모_용인시_20260920/law_sync/_cache/20260924/08dff3b2ad5a20cbb9a5.xml,2593,22442f227d62b3628c7ed9b9df6347a05fe08a55efe33db0aafa78e446c03903
_데모_용인시_20260920/law_sync/_cache/20260924/0ad265db335bc0a09a07.xml,1872,f1689a90dc763bffa25b414eee583b0118c977a8ff1448b01537ff06e9c2ce17
_데모_용인시_20260920/law_sync/_cache/20260924/0b044ae5d1a283e15e9e.xml,4968,fc97576b37f5824bc92717e8313c65f049a322cdb1e91e623d9be00cf4b8ce29
_데모_용인시_20260920/law_sync/_cache/20260924/0b2c2c9b73a23054b84b.xml,1116,f26f510fc20e6720807a730862e595c5b9778cd15c815109b4b8c40a41cb327b
_데모_용인시_20260920/law_sync/_cache/20260924/0b8b5c470506c85729fc.xml,4708,f548b147a672623af036d85d2b394decb7eaafe8c4551eebc4efd0d7629a3a96
_데모_용인시_20260920/law_sync/_cache/20260924/11aff72c71824a5ef6c8.xml,5666,3ee61575a77e4e97fcc4e6f0fc3b16c22536b301ec9f2f7e1f002a599b2fe6fe
_데모_용인시_20260920/law_sync/_cache/20260924/11da7c36ba2a3179de4b.xml,8186,3819b5d2dd2b20936aa39321ba84b001d05e3b6f861c7901da402db19eff0003
_데모_용인시_20260920/law_sync/_cache/20260924/13e681da3923dc423208.xml,1162,50de0225dee05ee1bf30cbd08b3df6775dfc36699bbd356e417521ded107ef63
_데모_용인시_20260920/law_sync/_cache/20260924/13ed09da8135c93d7ff8.xml,1830,d78c22365dd9844968c9efe26f9f83022934eebfeaa9b44f04a28d64282d7a8e
_데모_용인시_20260920/law_sync/_cache/20260924/149b48240539ab89003c.xml,6338,0bed9113b2324ac006c93c0536effdd5e8a0a8b4fae996f7a33949cc7c8b7858
_데모_용인시_20260920/law_sync/_cache/20260924/15c487448a086c3bef0f.xml,32160,b816da2a351099603a79ccba6b6ca254ccd76ebaf2ff9d5b9644dd94b42f259f
_데모_용인시_20260920/law_sync/_cache/20260924/15d187bbce71873bcb5c.xml,1901,e94b47f71d3b2ae7fa4c052dea553355ea12f24d3467e91c1f5f85908f41e56e
_데모_용인시_20260920/law_sync/_cache/20260924/162b80dc6ea260708941.xml,3291,879ba4279965b5a7dd60852b0e45dd6e6770dc96828adf2f3e88fce468ec5f1b
_데모_용인시_20260920/law_sync/_cache/20260924/1645ac675a42dc272eef.xml,1049,d8adad2af26b61922dcc89d135233453d6d67afe78a0f9c971e36eb8e9e88d4c
_데모_용인시_20260920/law_sync/_cache/20260924/16b7800d4211ea6c1dc1.xml,7463,12983cc4fdcb55cb587a5a81effb646a98ecdb2dc8ab5eefb3646fc1141b692d
_데모_용인시_20260920/law_sync/_cache/20260924/170e6ca065624fc03d09.xml,2691,f86014a51bf38fa4d36bddbc84746087e2245057eb5e9313801129429222e42a
_데모_용인시_20260920/law_sync/_cache/20260924/18db03f905bc570ca6f0.xml,1055,912df03435c9b9111461216f3b24081c7746f1a804217f369c179a4b26335d02
_데모_용인시_20260920/law_sync/_cache/20260924/1902d4520ed58f25efdc.xml,14747,58b3b2ae91135850b594b0916ec87bff9aec425e2910b9e53daaa16eaa04d90c
_데모_용인시_20260920/law_sync/_cache/20260924/199fc4e573c1a81b79c2.xml,1789,0eae15b4179f9d9aeb6e9a64cc8956961cbedb8381a0e09e6bc43479cb8943cb
_데모_용인시_20260920/law_sync/_cache/20260924/1a4c6f0bd7d2272f6b0a.xml,10491,a2aeabb23bd02bf39e3385b1a3b70ecd78c7b9c41e30025df263213ce0511985
_데모_용인시_20260920/law_sync/_cache/20260924/1b1a3825fb3da7b10b39.xml,1807,6740a20cfc415905bb388e78569dc0e932eaf30e7c9a64e646300559b904e127
_데모_용인시_20260920/law_sync/_cache/20260924/1c7f41195f07d6517c17.xml,7627,f8e5fda8f8de257f02452a2a910fbcdc846af1ff30bbe67aed9af9ab7c69072a
_데모_용인시_20260920/law_sync/_cache/20260924/1ca93769348d86a4f74a.xml,1135,77285163210ea498d69ae260353a686e4e5d319e7259ec6cd796bf4655c0debf
_데모_용인시_20260920/law_sync/_cache/20260924/1d8c96dfa543d82ad073.xml,2010,2b66b2838a1e61a4f85c478c1f6951b1d0c3c9068f2738f75ef11e48def6e53d
_데모_용인시_20260920/law_sync/_cache/20260924/1da220a72e203db1ecf2.xml,1118,caaee367c1639b190168cd7b55fdc21247f88cf9f4c4946df5c7fad7148fc48d
_데모_용인시_20260920/law_sync/_cache/20260924/1e89fd61684b9dd41bdd.xml,5802,7bc19fd6db0da34353122d71ef37647f3ca67061d459d2816ccc4c46b6d9321b
_데모_용인시_20260920/law_sync/_cache/20260924/1fa59c45e72423a7358e.xml,1213,b749dd8c585cb62918ebd71e981627ddd9df3e6904c0ddaa7cc03d858693d50c
_데모_용인시_20260920/law_sync/_cache/20260924/2091f13f85f41732be0d.xml,4319,b85c2e9400a7ec1a5cce5433aad68d7d246509075fbf01c8e1478e6ac4d0673d
_데모_용인시_20260920/law_sync/_cache/20260924/20cb1efde8c23f8e2b84.xml,2695,03c7f4431644bbad4d6857d472fc28f9683effc4ef80313f6912762456dbf06b
_데모_용인시_20260920/law_sync/_cache/20260924/20f58227ffef533021c3.xml,2697,4f390984fb7b7d75a0f7ea1f84d6709d2a556d2b493c08fe14cb96080e007390
_데모_용인시_20260920/law_sync/_cache/20260924/216ceefb3fe9f8df4e0e.xml,3706,0c1cbbfaacd8abc0802e72e7d08ccdbefe66680d8546ae3428dbd524eb652999
_데모_용인시_20260920/law_sync/_cache/20260924/225ab1926b9c3ce6f4be.xml,1066,c0df9a9e65da238c7cfffb7b2a78efdc7c2a4a40b905aa29ad78bc41b549f1dd
_데모_용인시_20260920/law_sync/_cache/20260924/22b18eedc2d579d62abf.xml,4425,34c7a6a88513755ba729fbfa46f4cedf8d254368eccb0ce21dddf4ac5439ed0e
_데모_용인시_20260920/law_sync/_cache/20260924/240c9a5e5f112b74b795.xml,1836,2cf75303b2f79a5809ea63101ea18c068424f6e99f0ae8d27595d5bc8fa79b10
_데모_용인시_20260920/law_sync/_cache/20260924/24bfc9e43b63199301f4.xml,8222,3717fdaf2fa3a4348542d982c1b2256f52bba844552f6607210623dc019c4e1a
_데모_용인시_20260920/law_sync/_cache/20260924/24c1a4d2de8df2bcc872.xml,11863,897ff1124b10dcf5ae992cdc9d17dc9ee62b95f59bdd19d346969776493732bd
_데모_용인시_20260920/law_sync/_cache/20260924/2550cf7aae21c6101d59.xml,1830,20fc382932389d88fbd89b0fc7573caeb0be8d0d17cbb2cef6d37432ac4fa5cb
_데모_용인시_20260920/law_sync/_cache/20260924/2550ff946c131d89cdd3.xml,3344,734a805d8eb15c5329c7de8e4c6895ddcc931b1663a68ccbf947dcc7df94500a
_데모_용인시_20260920/law_sync/_cache/20260924/2671342e515fdfc15ded.xml,3442,e94ee3a576726a8f40b7b3600c045c6b955f29b9eb061f8be267237d98d0c25a
_데모_용인시_20260920/law_sync/_cache/20260924/26cb1f330e24d0ff4538.xml,38798,13ae41386ca81d0fdfcf9eb7b1060b26556b1af9aaab24c47860df389997630b
_데모_용인시_20260920/law_sync/_cache/20260924/26d0905145db90129e16.xml,1046,825e04ff90355cd5e957b7a786813bba9aa1725e1685b5f0a0418709b7d21103
_데모_용인시_20260920/law_sync/_cache/20260924/27b7280d4862cb378ffa.xml,4337,059cb957cf435284e3dc37c84656ca696f1b5b4f9699221995930a76ef2322ed
_데모_용인시_20260920/law_sync/_cache/20260924/29acb1a7ef04de9eaab9.xml,2609,62b5b7de6198912f17dab1041207c493587f9b11e2abda3647dd498dcb31a811
_데모_용인시_20260920/law_sync/_cache/20260924/29f3166edfac709a8833.xml,1906,2f6b3b3748fc3ccb8610f66be66b059930da8f08979c94ad868d867731291ecd
_데모_용인시_20260920/law_sync/_cache/20260924/2a3fdbe625d1ece8da6d.xml,1815,0cfaa928c7a7928e4c8486f1959d4bf3eceb889aed9ea403fa3dcae835fe893d
_데모_용인시_20260920/law_sync/_cache/20260924/2b485d7ac5e5a5348534.xml,4276,abef19f2df1ac8403623c10565f2f07e184510139bab66b1acf90266104ce550
_데모_용인시_20260920/law_sync/_cache/20260924/2b6f83bfbd399029b163.xml,4899,9955677351f774d1a3545894e7ec21f49ba17d66b914f8dee4bd4a968ad3e0c8
_데모_용인시_20260920/law_sync/_cache/20260924/2bc94ddd4bf14333eded.xml,3302,a9f139392c8ca5d622d1bcb23d4169dc0528210a2b0e5e5f22be7f87bace592a
_데모_용인시_20260920/law_sync/_cache/20260924/2c56975ac9e5abccd12e.xml,3414,fa43f08f8ec1615dcb299280b967a5368ef43ad226d364ac8413f1ee170ce262
_데모_용인시_20260920/law_sync/_cache/20260924/2cc0e65314e81c8db3a7.xml,5034,e18d1b008ba029be0f2d691b2e39eeccee4d27a1af384ec00ea6acf658ef4148
_데모_용인시_20260920/law_sync/_cache/20260924/2db9def3b8730979bb0d.xml,1797,0fe976b13184d6d4e0377f90a6a4b0ead415b3fa34d77d964e233f7a8917c3be
_데모_용인시_20260920/law_sync/_cache/20260924/2e49d82b9e88495bdc8e.xml,7987,2d110a44edc7e2d5a69548b6dffe5a9d052896faaed0cbcfd28bec39508300b7
_데모_용인시_20260920/law_sync/_cache/20260924/2f6b6d9e52f1491ed3f9.xml,1053,07887ff8fe64ede3ae6b819ade3d2133aa562fc240df0fe930830cc77d3a3d73
_데모_용인시_20260920/law_sync/_cache/20260924/31cf30e673675f44821d.xml,1147,fa5f37b86838c5e89ba4e55a6fb5c4ef6692fd449b5e8f132387e9331832c408
_데모_용인시_20260920/law_sync/_cache/20260924/31fd89fefd679bf7ef73.xml,4177,3c85d172de9f777e62da332f85b6fb7f09cdd48313c9b4914a2c7af9c6b1ae70
_데모_용인시_20260920/law_sync/_cache/20260924/32e6491e8d8d48e593d9.xml,4485,fb21065caff3090287cffc6b75f16d56a125f553c0bf0f41bb1646b3b281ca2a
_데모_용인시_20260920/law_sync/_cache/20260924/34366ce9577a648bf3d8.xml,4359,15f678fde4fb82a7f148eaa017a7c7dc2cebf75256ac2cce154f41a93d249a77
_데모_용인시_20260920/law_sync/_cache/20260924/344c40e9e3085890c61f.xml,1053,1282808bb63a9164c9971cbec6a8b7868ffd854f7cbac75ca2874e1375073767
_데모_용인시_20260920/law_sync/_cache/20260924/3481e77164fda7710f9d.xml,6473,677bb107e273fb8aec579bfa84cddda65482e57cf601b1202672301324ad876c
_데모_용인시_20260920/law_sync/_cache/20260924/350ecdad9d89c3208ba9.xml,2619,615dcf8b3e0ace44766b3601e85f0cac47ab711737485953bb1dd7335d5f07b6
_데모_용인시_20260920/law_sync/_cache/20260924/3563511523d4642ab3b8.xml,1112,cbabe2fff6207af0ea5bb64859e80375f574e4b041b9f7e0e7744657201ed940
_데모_용인시_20260920/law_sync/_cache/20260924/35dcab6fc23291fc2193.xml,9087,f15e045ccb3c9677ccfffb28d06486d8aeac2bdc7ba9eeda621c1f34d9b0cfe6
_데모_용인시_20260920/law_sync/_cache/20260924/36228a73dccb672b0315.xml,1078,7bf44878bd26b4e5d0a4bb098c44e580a06c9add99c96ccf2de756c008bc792d
_데모_용인시_20260920/law_sync/_cache/20260924/3817c224c4222ccdc79c.xml,5960,03c0c04ece07d34b04d42c04efa1f84e160aafff41bdad774418e56715fc5a8b
_데모_용인시_20260920/law_sync/_cache/20260924/385a29217f760e36ec82.xml,12781,be9134dad2ee2fb0244b8753a9f701979c58820647e05633125f339f636ab633
_데모_용인시_20260920/law_sync/_cache/20260924/3a9294b057c1093a59d0.xml,18189,1df37d8f0c6a30f23f9b82c6a920b339ae6e63dbbe00d59aa0ed804e55c57f80
_데모_용인시_20260920/law_sync/_cache/20260924/3b9a7b7c144be0277fb8.xml,1908,cc2971a0785b0a4b6694fc4b41fcbf78a8598b274b7404444c2bd27eca4db228
_데모_용인시_20260920/law_sync/_cache/20260924/3c34d885c767219509df.xml,2587,ae5a9ae128888c70f577dd1df54b6a8b5f9950a54f10d2bdf2664271fde04c42
_데모_용인시_20260920/law_sync/_cache/20260924/3d31071b47eaeec79ae4.xml,8138,738fd4d72491b311331dd64a2ba1b48bafc1465aa16c9d7b46360e4c2797d4a7
_데모_용인시_20260920/law_sync/_cache/20260924/3d61ddf1cf77d1d106d7.xml,2742,19d0de1f3219bd85fa5d224c7c7ae96eb680e61ecb10c2e4084eeadd17582fbf
_데모_용인시_20260920/law_sync/_cache/20260924/3da61bd020a4ccdf801d.xml,8059,0ce43e53b01bbb47bdf05b5df070b4593b209bb65669a6fe91fced22d94921ed
_데모_용인시_20260920/law_sync/_cache/20260924/3db0f2efcf42569eb8ee.xml,2613,daa6a122cb6958e8534a5f890a90fcf156d0ecc0c02047e4c9dd45b9efaaac45
_데모_용인시_20260920/law_sync/_cache/20260924/3e518767dff52add02cb.xml,1050,cf999d8df2dfaac33f63534eaaa357c430e643560805b4b99b9c007d76d1d88d
_데모_용인시_20260920/law_sync/_cache/20260924/3faee6caba7428ec3a31.xml,4783,375bc5a1199420e5f677cd31f14a1d10f15d23edbd7e0263c33ae63523ab9176
_데모_용인시_20260920/law_sync/_cache/20260924/41717e7a07e0d63c360b.xml,1098,0d2ba9bc2090cabb168f7d226cdbcade6ea86fefe30f968ba7f767a1cc82e652
_데모_용인시_20260920/law_sync/_cache/20260924/417f5811848b68488469.xml,1062,dd5cfab6ff96e85f54634295745e75ec086d52903ec4e41fd668b5db8627e4f4
_데모_용인시_20260920/law_sync/_cache/20260924/41f07e9ab8701c330dae.xml,1936,2a6121ac2cbc8a69f99373fbb8a74a5e2d52905849f19a6fdf0e532a812fa832
_데모_용인시_20260920/law_sync/_cache/20260924/41f4afa449af178a06c0.xml,4798,d318abc1a29fbd8a66de83ac33957896ad378ce784ed2f1439945a2359b03633
_데모_용인시_20260920/law_sync/_cache/20260924/42495ab7bc8832b30214.xml,3588,05645a35f1e3049525b7a6c1c63f21a3b54054e70900ba6971c7aa3f2959cfb9
_데모_용인시_20260920/law_sync/_cache/20260924/42c98823045bbfe10a5d.xml,4838,1bc8c7b0c313beeafed9eda941b2ac0ee0da4be48b0a3de9f8d5c8d264b0c1e7
_데모_용인시_20260920/law_sync/_cache/20260924/439259a7c6e54205825a.xml,1038,a48505b13cfaafb98cf9e5f096859be8d4c28374a94a0fc463f7664defbf3cde
_데모_용인시_20260920/law_sync/_cache/20260924/4423a808020ba78bbada.xml,2725,cec1d02c9c3cc91d9bc60b07cea322393d7c02e5ed6ae7b046d6cec59ec428b9
_데모_용인시_20260920/law_sync/_cache/20260924/44c55845ebe7a32393b7.xml,3366,4c2d65c0176cd8cf0368e89e7de015cfb577fb31e9b5c2475321599c59deaa16
_데모_용인시_20260920/law_sync/_cache/20260924/45868aca633c8331e3f0.xml,4184,4ff2b91b4c48a533c08c9a4d39eaab1b80e621f19d04d668b4749d52e9460789
_데모_용인시_20260920/law_sync/_cache/20260924/45f5220d80157b787390.xml,1057,56c45b482be37707f68fa6a2522875e5a2ec645773404420a5d4614971df3e6b
_데모_용인시_20260920/law_sync/_cache/20260924/4659387b2001a268453a.xml,8138,9a2f1614c11d8d6a762560e7d39cefe5c1f0b20c4b81e30a72489b6adcec3c75
_데모_용인시_20260920/law_sync/_cache/20260924/47dd7342f8d9881e91d2.xml,7378,71a96439f9efb47ac41aa16fc5991257ae9cacb974938f50480b04a1a1c9b7c4
_데모_용인시_20260920/law_sync/_cache/20260924/482333a60290291508c6.xml,14731,610b5dc565f6ead09268a1b1e3238d8a041cc7e5529f8d0cad9f819067ee78d7
_데모_용인시_20260920/law_sync/_cache/20260924/4838a56db600c0d0951c.xml,5132,d5fbc8b137e54694cc377858b0350749959208b32b5bdf6bab2964bdf6ea9f19
_데모_용인시_20260920/law_sync/_cache/20260924/49bdba6450976d7028bb.xml,1814,f0469473626bae512f7d78ba79ab69f451f2a3e224e217597e6293d59cfb5334
_데모_용인시_20260920/law_sync/_cache/20260924/49d3ca74dc9e4de9902a.xml,9625,4d95758e8f8f08fb09134e3c29c789e1e34477e474d38afc68d05c7403efc1c9
_데모_용인시_20260920/law_sync/_cache/20260924/4a1c801f844442bb04ad.xml,2570,30a4890041f78913811cb3902bd6ba8836d95ced9e26638709d15054b5bc4467
_데모_용인시_20260920/law_sync/_cache/20260924/4a5c046d073ccbcf98ca.xml,9776,71f8bab592924bdb14764d6094c8aa96d01da38082faf88c4b7fca34426c232c
_데모_용인시_20260920/law_sync/_cache/20260924/4af3f2241c78e36357b4.xml,9674,4c498a3e716a66fabfda3bd806826d8bd76abb904a591ba4cafb202000ae895c
_데모_용인시_20260920/law_sync/_cache/20260924/4bd509bdd4ac6674b37b.xml,4382,f0c295058773f9f432048f39c20fc8671d94ea80821dc66d88912966509f2c92
_데모_용인시_20260920/law_sync/_cache/20260924/4c3017e8cd954a454857.xml,4087,866dad022fd8f4e5524f10a18f3287b7e842189311e17364d703f8157cedce1a
_데모_용인시_20260920/law_sync/_cache/20260924/4d012248bba2b0c8a491.xml,1795,fa8a23d9d00c13fbe7cbe34721cf08cf20985ba683e08ca97353dd9d7acaba32
_데모_용인시_20260920/law_sync/_cache/20260924/4d531b6be2ca0e803a18.xml,3279,4d5c8505c1fa6c5ae351406e7790040722c0da2ea66725a12b6960a269f8cbf1
_데모_용인시_20260920/law_sync/_cache/20260924/4d87586879859be9a72b.xml,18994,94fd86cba4581b7e019daeb6574596f9d624313f1b653d0b75a1872ee114eed2
_데모_용인시_20260920/law_sync/_cache/20260924/4f141021709c0d22c02c.xml,6685,33463baad1a58e7ef6a7eb90e716aa568806b930ddb3519d63cc72a3b3cf2ee0
_데모_용인시_20260920/law_sync/_cache/20260924/4f28e0231702294e14c0.xml,5667,69db2d8318f28303f267c9b6f1a9826b32e518f090415bfe6275de3cbc248ea2
_데모_용인시_20260920/law_sync/_cache/20260924/4f6352ab4664b4f22dd0.xml,5668,06406b55393c04d195e82ac7733fc5064c4d746f643e77f481b2d1e84b6b4ae7
_데모_용인시_20260920/law_sync/_cache/20260924/4fd65aff8e171284d94f.xml,4125,fbf711ddfef0e0683f42e564a3e0b2e1e00029517df9e044d47282cc9e6f3dfb
_데모_용인시_20260920/law_sync/_cache/20260924/508660baa45dd3902377.xml,1824,506265d573e7e9bdec2de2031b9381bdc3389004450b80fd00ca2c4b3b796a1e
_데모_용인시_20260920/law_sync/_cache/20260924/5166eea9382297ee0a1a.xml,4160,85ea832fd87450ec99cab29b130ad73f9ec1276beca73626643f1bff5d055855
_데모_용인시_20260920/law_sync/_cache/20260924/51e0543db1c8016ff0f9.xml,4088,a38dd5557cf3d4940935733690f1f8821274c28b4ad2a24add458eb08fd48b2c
_데모_용인시_20260920/law_sync/_cache/20260924/520bc80cae1be647a161.xml,5902,0b79b26f339139d26eeb2276cd98f950f7b2b4d78825e89d825fad91610322fd
_데모_용인시_20260920/law_sync/_cache/20260924/522e0792e1b4b3b9ea47.xml,6595,76a6433b1ace101e08809177a1fb52b9f79db63292800341ac116ff649ac07e4
_데모_용인시_20260920/law_sync/_cache/20260924/52552ebb6011c2a8f730.xml,1141,7ddf6c1dc738b842c7b20891e68a1ea16d73b9889aac74738d0a93246bcb8cba
_데모_용인시_20260920/law_sync/_cache/20260924/543b85cf48bccab8739a.xml,1037,bc3798aa3f52ec7177425e1d1545ba499413b4c6db48b842f9aba45b061a3581
_데모_용인시_20260920/law_sync/_cache/20260924/554f7eb2984176441cb4.xml,3505,02b26b039f2750e9611f501f117eb67c2ee89272064bb1e0733ee17ea1d28fb8
_데모_용인시_20260920/law_sync/_cache/20260924/5608de60399d8994a4b2.xml,4216,a9a7ffb45bb2a35b9559863d3084aa13ead339880b889ea50ea3e012ba6fe02e
_데모_용인시_20260920/law_sync/_cache/20260924/5637d2170acfb923b773.xml,1195,0f7d86da7623f2ef583d083e7549cc1976920f4f2bc27cc44287a619feafd938
_데모_용인시_20260920/law_sync/_cache/20260924/58900a4cd2920b630659.xml,6554,903ba7090822b831228b3691b689c6f6cce7ca6290572c69c2c00c2accec618c
_데모_용인시_20260920/law_sync/_cache/20260924/5918ce742b758b8be40a.xml,1135,56d7e264c1f1d263c488a81ab9ab87deab2f04e579ddfb5ad11566cf2123592b
_데모_용인시_20260920/law_sync/_cache/20260924/5983089eea7d67c847df.xml,2566,1b5cf606f4753fcfe7edd8a4f4f3746223986c6ec260599b4a5059ea0caa6685
_데모_용인시_20260920/law_sync/_cache/20260924/5a0c04b11345eaa8de9a.xml,8463,c51299907ca2927b12e98a1730dd00832c84733e04d574d0e92d2164cd9a916a
_데모_용인시_20260920/law_sync/_cache/20260924/5a5772603e24a35bc9c9.xml,10927,6f146ffd5394360d80b723296244aac99ed184cb6289996de2bfabfde184e3b2
_데모_용인시_20260920/law_sync/_cache/20260924/5ab5a6768a65cb9381ef.xml,5255,21eedb298132fe3b7027ed17ee66ea126147529aa7eb1c19b121b02d84b32f98
_데모_용인시_20260920/law_sync/_cache/20260924/5b1d9bdd4e5ec1fd0d88.xml,10054,3b1ee2308bccbef40550af800bac0334894fb6c1d61ec59261ba25e03b81ec86
_데모_용인시_20260920/law_sync/_cache/20260924/5b9c62bdb8071140cca8.xml,1806,6d89f31f026ae41b54478b71ef8e3943cfb5bdbc333763ffb2fddf846820f782
_데모_용인시_20260920/law_sync/_cache/20260924/5c10a385ee5cc81f2b3c.xml,2608,d114ea6d364e5d4c8c35e85ee367fdaa1850a0483ef26599b35c026b2611fb12
_데모_용인시_20260920/law_sync/_cache/20260924/5dbf21ac05b6906cff39.xml,2636,338e94c11546f20733975928261ae8605f3faa9d2256ccc06d67321387936336
_데모_용인시_20260920/law_sync/_cache/20260924/5df59737c75bc28249ab.xml,29072,4e765731d3d609b303ae5cfa8ed22bb1fd61acaa520367d6854f98062b49400a
_데모_용인시_20260920/law_sync/_cache/20260924/5df863fa2dfbd8ee6018.xml,8713,3b59741cccedc2b3f928689cdbddbc8491579896294bbd11c505e692e525b845
_데모_용인시_20260920/law_sync/_cache/20260924/5fe2e7ead83fb7dc1891.xml,50488,47a376b6f550687bbce8259973fb9d1a1215f48912d3ef127c5f232fe17aa207
_데모_용인시_20260920/law_sync/_cache/20260924/630b30a2f70de72f48c0.xml,5082,9b543e51f75febab0a2d3ab129a7ba6eac16d45eaec42953fe010eb9a0cbba8f
_데모_용인시_20260920/law_sync/_cache/20260924/645191594b7a579e6fd4.xml,2910,68a6710d447c349fcb23795728d2c7a46140a59fe13c3c2b7955d470865171a1
_데모_용인시_20260920/law_sync/_cache/20260924/64cef1340e2584579568.xml,7310,6ce2a1ce7b2646285752a5a0f2ea88316d99e7c4f81be11aacaa46aee3519e4f
_데모_용인시_20260920/law_sync/_cache/20260924/6595c9b6ab06c3096ac9.xml,5573,04ddd2805b98048b8fb7d7af2754bc82c034b94a84e940ff5ff38d303a17b5df
_데모_용인시_20260920/law_sync/_cache/20260924/675d4ab504d43a4ccfca.xml,2769,dd4b218f4075266218273ae40c86050d7130980ef294f128aa068f983959d6a8
_데모_용인시_20260920/law_sync/_cache/20260924/6771fe32ecc7cf70380f.xml,6346,55335a2f048202c2d58712a257c598dba02a6c6bf1b1f27ca183b8587cfc148e
_데모_용인시_20260920/law_sync/_cache/20260924/67a703e3ee141b072efe.xml,1118,f0ec7d5c6c65d81534607e6c73ab3103991e19ee9c91910f3fb073ec91e578fb
_데모_용인시_20260920/law_sync/_cache/20260924/67b91a6c3aa50a2a8a1c.xml,1050,58eab1f4e8bf73c391a06bd4dcd3891cec98419b821925fa204e85dd3efcc55e
_데모_용인시_20260920/law_sync/_cache/20260924/67e0afee8dde6eee40e3.xml,2576,e83fead94b182f1faaec01eb870088bf7e1b0c83d05d281479fcdd141a288d61
_데모_용인시_20260920/law_sync/_cache/20260924/6807a06deaf67198d205.xml,3373,1c8166db8af27582be653663c29ee7c7872b356cec98c30049804d332cbdcba2
_데모_용인시_20260920/law_sync/_cache/20260924/6927c76bbc3f53765c0f.xml,7240,c28e689fa7cb835f974b02dcde36b2bbdcbd1c5e884eec633368623985006b90
_데모_용인시_20260920/law_sync/_cache/20260924/6a93b52c2fdb284dccba.xml,3385,428c44346ab2107ded8a21c06230d39c396f409203432dc4b040a90e725d41f0
_데모_용인시_20260920/law_sync/_cache/20260924/6b6d6b73b234dd035de9.xml,5617,f2b78285e601ec11330ce6fbcee4453c73292c35a6910982d43c082d88b4a6b3
_데모_용인시_20260920/law_sync/_cache/20260924/6cd0875527d388385cf9.xml,8617,a6c8f82996fc0955db70fd7eb23b20347e1158364476331febb9152c545795db
_데모_용인시_20260920/law_sync/_cache/20260924/6ce832b13db9fe751974.xml,4503,a59176919e2886b8fa3731d767017d2b988f62d0d31fc40cb6f0f7bb26e6f04f
_데모_용인시_20260920/law_sync/_cache/20260924/6d7bb20ecdfa8cee5049.xml,4038,1108ba523088c2143f6571c1673c7329366617fd2a2b409aed73d3365c77a4c5
_데모_용인시_20260920/law_sync/_cache/20260924/6f04ee7dc4e8bb4f6423.xml,2703,b31ef3977b765dbdbcf30dcd50d9677721b17dbe0570843f591e2554ff2a4090
_데모_용인시_20260920/law_sync/_cache/20260924/6fa2d35e245ecb8cf0a8.xml,7166,62fa96ca1452808e637a95b05fa33d70f42a148ab13b1a6924b2a770224ccb5e
_데모_용인시_20260920/law_sync/_cache/20260924/703a66591a1b33b08243.xml,2589,b0b7ddd565c6c36ab2b8a6ca299d4d6f21538e2e0c2e5e4ecb8fe73bd85204c7
_데모_용인시_20260920/law_sync/_cache/20260924/7049787168c585f102d1.xml,1106,a79f04a3a5118c3a5162834e8782add5f46e851f8f69da178e9e7e984ebbc53c
_데모_용인시_20260920/law_sync/_cache/20260924/70b13743a2f69de3e629.xml,8070,7ab58e2d26acb15887851be92b513390e9484b1d0c0d897ff444f0f8da55f154
_데모_용인시_20260920/law_sync/_cache/20260924/718b3be3cd7d0e45063a.xml,86544,afe9b0b9217c55246baec5f3d6d43866f0792d729deb3b12b664cc56b429805c
_데모_용인시_20260920/law_sync/_cache/20260924/720c4aca8dc2b23d26f1.xml,1129,0d9eac972ebc9fda30ca33bf43bf1f4e85b04758bc6da8d96c8229458f07dba7
_데모_용인시_20260920/law_sync/_cache/20260924/7309b4477fd4ee601a66.xml,20832,c8cd962b22f339b8e95fb24917d0661bfe26ec6aa7222b37546e42c35ddb0e25
_데모_용인시_20260920/law_sync/_cache/20260924/7434f2117a88503acdd3.xml,1998,872f98b742b25070b7622863649e886ce23b82f2837b8c1267affc16585cba9f
_데모_용인시_20260920/law_sync/_cache/20260924/7465ac3b0aaefe67b4bd.xml,2712,84b41e78fbffed605d394fcd4c83723c93538ba968739ef52f6b1460bcf45f1f
_데모_용인시_20260920/law_sync/_cache/20260924/75080ad0780f55623fa3.xml,9618,8f0aec63488fee7b3575ec1acacefe668da0db881d6b40a7e39d7c33dd8e045d
_데모_용인시_20260920/law_sync/_cache/20260924/750953b8e3a0b562e7b4.xml,4310,be2a4a9f47a0ae72c7c831cadab622a8ca9dc25ede411c272cc871ded32bf4b8
_데모_용인시_20260920/law_sync/_cache/20260924/76a0340980b6a3ce7953.xml,7997,2a31a3352d1e72fa16cc6c613f1d24a9b1dec510a166da734da38c136c6b2017
_데모_용인시_20260920/law_sync/_cache/20260924/7a45296ebb588dbe9e09.xml,6270,b0c275996734b7f6b1323781618b5c662e86d98d31728b3a51dc5ffa2eadb90d
_데모_용인시_20260920/law_sync/_cache/20260924/7aae12f673e43f5be0fa.xml,4138,a9bc93dd48b2897825f5459726e8668bd0cc52dc0ae26a61b1e01604a885d729
_데모_용인시_20260920/law_sync/_cache/20260924/7b220b0c9a6fde07c529.xml,7995,5c459c43529347cf9b94033d54631c3fff569967ee3c3bd395f4723d5d020725
_데모_용인시_20260920/law_sync/_cache/20260924/7b7cc95f3bfb4eb83eb6.xml,3491,924983f13c760643fdd074933ae91ec8f5c84a6b4a572509a01847565781d095
_데모_용인시_20260920/law_sync/_cache/20260924/7bb282f007a15b4386d4.xml,4831,563b9825ac9fde31bec8e3a3d52820ebc6d56b1307e792633ed8f55ffbd71432
_데모_용인시_20260920/law_sync/_cache/20260924/7bb3c4004c001c7d90ae.xml,4120,f66b499f1d9816d1d655b54a6174b52576ee2486b52ed80be9bc3cbe658a598b
_데모_용인시_20260920/law_sync/_cache/20260924/7ca4c33c6c217d5eedb8.xml,11187,80698e14e65f2bf19524201257d7083bbcc80b9a5d9248c70ad602245ff48c2b
_데모_용인시_20260920/law_sync/_cache/20260924/7d010b10a5fc5a2fd979.xml,7984,c1366cae93593036e80e82f250a74969af3319da348fee0b42badd3f94bbae76
_데모_용인시_20260920/law_sync/_cache/20260924/7d072920b417d68a962c.xml,2759,4b7b1cab1b1ad6476824eaec3507e1fecbc8d683d79b3de6896519598d34ad0c
_데모_용인시_20260920/law_sync/_cache/20260924/7e9dd4382cc6ca579be2.xml,6368,050fb684061278ed7d4fac76c91217ef89eff1470977514d16fac24fe62b4889
_데모_용인시_20260920/law_sync/_cache/20260924/7ed96b3dbd9582375437.xml,2664,67743fe1fb2cfc5cd50b5f415668103dbcb4600f118d9f93ffe02e2928f15dc2
_데모_용인시_20260920/law_sync/_cache/20260924/7fa9714697ffe9ce3b1e.xml,2661,11ff9832704bd51a254ebdbf4c4ff82e038c8233186c3e53e86a87d1d5074345
_데모_용인시_20260920/law_sync/_cache/20260924/800910056dbb2894cb7a.xml,4272,0a60994ec94abc7691eca7caaf07c36de5da64204a225cbbe53c0443711069be
_데모_용인시_20260920/law_sync/_cache/20260924/800dcf083af20ce37ad6.xml,1138,84eac9ec728572931b1eb2470326ce617ac0ea63bab4f8cf592b363dbc297ad6
_데모_용인시_20260920/law_sync/_cache/20260924/8076acf9b61c1f03c75b.xml,4012,137cb1d4d8aa5b24a15163ed95f251a75e1aaa76b121b0df834710d82482ae3c
_데모_용인시_20260920/law_sync/_cache/20260924/810565edea402483d470.xml,2888,ae4fe8b31d6b807c9ac3577b13f4855728f44a0322333697b58334a2adeb1755
_데모_용인시_20260920/law_sync/_cache/20260924/83706d9b07888eb3d710.xml,15256,832113bd6244382b366d298dbf19761a136fead4b68b41467ebb23180eb16ffd
_데모_용인시_20260920/law_sync/_cache/20260924/83bfbf4fa40d538f490a.xml,1877,85f0465f054c73433d8e269613aa9f59b23197659c3d20add3100d6adba6a60d
_데모_용인시_20260920/law_sync/_cache/20260924/85fdb6a47ef93743a5e9.xml,4086,59002684b082ac9dc1e092465d8b381a05ca88fe4afa39ca60c06dd72f16e565
_데모_용인시_20260920/law_sync/_cache/20260924/886a136e919f632cdd15.xml,3414,acf5466f04ab842d827bf7198eaa4639c86c4ff2edfe69ed5b18a986038995fd
_데모_용인시_20260920/law_sync/_cache/20260924/88ba3079667ff1d08552.xml,1043,fbb25e4c8806181be42c164d3b5dad7501ff9956a7f60285628fcfaf54ddc9aa
_데모_용인시_20260920/law_sync/_cache/20260924/8971fa17c78f5aff5d3b.xml,10116,0b6a2edec8f8cc8d4a8913ed24820295848387b257841100b149c0043cc50a4d
_데모_용인시_20260920/law_sync/_cache/20260924/8ad476c17835b03f5784.xml,2031,08cecfaf9d3576c908ddde8f990b4752d87edf53c353c3fdf8ab5515e51f8c64
_데모_용인시_20260920/law_sync/_cache/20260924/8adace41c29bccb25e7e.xml,8610,2983f31aef189be14ed36b56b6517f61d03e4cfe399609d90c3ca6518d31cbde
_데모_용인시_20260920/law_sync/_cache/20260924/8c54697186260a76dbbc.xml,5642,50992f7d510b0d5670cb3c0677856dbd1de6ed48dbd548ac264e10d0f3482fdc
_데모_용인시_20260920/law_sync/_cache/20260924/8d1aa25011a75000e2a3.xml,4077,b2c7bf7de251cc4165ac0ee5b9a17dd97f3d1a873bd52a46c797c4bccba691f3
_데모_용인시_20260920/law_sync/_cache/20260924/8e07c5e76920b9a2eff6.xml,17039,9831d7f4d18642340a755712eb8ea7b4b077df8b7e4f8b2e51661fc7a2ec7d33
_데모_용인시_20260920/law_sync/_cache/20260924/8e3c8d3812b3f33c66f1.xml,5770,246abb0af658957f0594c235221f4b51b8f55eb52d6545d85c2aaed03d4f8a93
_데모_용인시_20260920/law_sync/_cache/20260924/8e43449d1df9a1120fda.xml,1045,6f95afbef119eb176add5586fbbfa27d5828261c1a5f17bc3c74e122339be379
_데모_용인시_20260920/law_sync/_cache/20260924/8ef3ab624a7d4c16ad2c.xml,1073,c4f0825ed4965edf80e41583bde40349032761746a4e13083ff413c90af3cb17
_데모_용인시_20260920/law_sync/_cache/20260924/8fc49de61660bcb55139.xml,1118,dc131cf6081aa56a8d3b7679c83069f230e6efe7d77dc3d6fdf376e2e4be1c1d
_데모_용인시_20260920/law_sync/_cache/20260924/91432fc520801b98e76d.xml,1789,968f5419bf7a5609b456ec486c7c0c23842981cab028b16a9697bac5782e896d
_데모_용인시_20260920/law_sync/_cache/20260924/92326a916a0cab9cc7ef.xml,8290,57e8aa0a5131dc467606aa3d6c7d26ac741260173e9498eae502a7ec257f90c5
_데모_용인시_20260920/law_sync/_cache/20260924/9253c9de0bdf4edbb7c1.xml,1175,1b7054452f4eea84a267d036035f934e9700a328b45d4bcbab76ff65768d4993
_데모_용인시_20260920/law_sync/_cache/20260924/93c5a7ebf8ff85717b82.xml,4098,8bae9168eed88de100415291998cec7027d9d86c80f692b40bba2976dc8fdf96
_데모_용인시_20260920/law_sync/_cache/20260924/958342a055d84d7d6a05.xml,1960,d083ef00c4961abc3a2956a4ff00cf898e9aa97d5f47115f52015534f579ab2d
_데모_용인시_20260920/law_sync/_cache/20260924/95b906b6ac1d769bea3f.xml,3539,837b73454358282ebf4963ab51ce6a5853da2d4e71a0fd24b62a5d83def41701
_데모_용인시_20260920/law_sync/_cache/20260924/9826cb6c1041a6f795a9.xml,5151,e6513b86390734dd9d34d2e465b3fa97d6d2d80447871297285c251c436fa9fe
_데모_용인시_20260920/law_sync/_cache/20260924/98f594f19e23ff91832a.xml,21747,8abb7b6b5fddfe702a7046682cc8c0b86f1ef6d727004d4c61ccd5e9a89cf5db
_데모_용인시_20260920/law_sync/_cache/20260924/996d09b3e821e53246df.xml,1870,782f29dc69457a81758360502fa9eb3b8bdf951719b8d9fc84ad7eda48f85252
_데모_용인시_20260920/law_sync/_cache/20260924/99eaec64fd50200b6f44.xml,6507,3a256777b27b1d34d5a97734cc4d8928c1e9c4c96fee2b3a12f6916d85b9d929
_데모_용인시_20260920/law_sync/_cache/20260924/9a9594bfc1d26251701f.xml,10847,8bf0c5a54eb05db32800014b26033032ff14ab15dc72b784a031d623eabe115a
_데모_용인시_20260920/law_sync/_cache/20260924/9ba6b29c782e6cc7a762.xml,1898,1ddbcc16bd55114f7bccba8e948d63dc5af18dfa19ef9187a0d9d6aec0864e3d
_데모_용인시_20260920/law_sync/_cache/20260924/9bd1dbe3de7dd91cee66.xml,7045,8d12cbc7b6dc94ed41e89464e049e18a05ea65c7f5b752374e3466e90e4f7cb0
_데모_용인시_20260920/law_sync/_cache/20260924/9cf08510cf67bf1469c4.xml,8013,b0d4955038cee22ed5c6365832932e3d5283f4b03393207d770c5aa7703898e5
_데모_용인시_20260920/law_sync/_cache/20260924/9e39e5dc46e464a374ed.xml,6411,6879085bc1bad29ad5630c9b6b3520a3d188db3cbe17bfca6f82076a9dc39f2d
_데모_용인시_20260920/law_sync/_cache/20260924/a0628b3b842e2bcedbd8.xml,13655,e787f8c2e065d8c725a0afade3c0fdba49997fc5ba7f8bd8ff576a71d347f203
_데모_용인시_20260920/law_sync/_cache/20260924/a08854b1c4781e1ce104.xml,8616,f071248131d053dee93617a3d07d91760c386881196bf61a8cc741f671b93994
_데모_용인시_20260920/law_sync/_cache/20260924/a1ecc012060ea7bc200c.xml,3695,7913c5f768446f5b112e90585875c6a9c4a7b61d5a73b69c59925d5327340657
_데모_용인시_20260920/law_sync/_cache/20260924/a22ad91ff72bbb44776b.xml,1903,a814773102bd054d7132223b5914635537f53f113df46f80b3d8e999b40eca6a
_데모_용인시_20260920/law_sync/_cache/20260924/a247df9ce1fb885188d1.xml,1892,fafc44d408d8982b9f48b4bd3f6c1e5a4d985c775916eeb52274db431b4b092f
_데모_용인시_20260920/law_sync/_cache/20260924/a2a4a396ae60522063dd.xml,3439,600b6f4d695ed143f457a23408ef0b91c2424b4678f4393ac09be9a48794cab9
_데모_용인시_20260920/law_sync/_cache/20260924/a2c6bbbca74449dbd0f0.xml,4045,bd2310e845e3d2e1fe0a8ef441216c2b51f195890a4b47480feaab9b9668f251
_데모_용인시_20260920/law_sync/_cache/20260924/a31d984560af5a03b33d.xml,5652,837ab47e2452e127cde6cccc93ab037d31f612b18cde6946810361aab2b9d3b2
_데모_용인시_20260920/law_sync/_cache/20260924/a3a7600adaed1108585a.xml,3531,ad571cf2326001cd91aa890d5857931d6c5d145e09aff8a58b85779b8b794f35
_데모_용인시_20260920/law_sync/_cache/20260924/a47acead9248a452a731.xml,3371,a853e9ff5964fa155cd753326260f9c2a46df980ef072f62be2522df05cba014
_데모_용인시_20260920/law_sync/_cache/20260924/a4d71ad5de934bb04260.xml,8814,c6d21e94775ac60ed33cf82fb2b4613b440f43abe1dd48db9af95771f28fc4a7
_데모_용인시_20260920/law_sync/_cache/20260924/a57f216ddd01f847ebd6.xml,7291,b710510ba5f82184b0bf0f70977ba9cf1cc8132ad6737d90b4765ddd07d5b350
_데모_용인시_20260920/law_sync/_cache/20260924/a643599c9abdf49fbe62.xml,9319,0c85a6a091440f7b8075964083048bbf30aa13e9f74b72baf22fb9e7e5a747f2
_데모_용인시_20260920/law_sync/_cache/20260924/a6a088b69684a5a00bfd.xml,8839,57479b74e262bfdf0a6a92082d28ebab79a477e7a0ce49bf2e838b77cc9cec14
_데모_용인시_20260920/law_sync/_cache/20260924/a6bb85e6158f7e811f8b.xml,1163,6721525b2687ad9833b4f0c77a7416d6395c9b2466c9c29dfe228325e5b9ab03
_데모_용인시_20260920/law_sync/_cache/20260924/a8d2125ed7f3cca8623d.xml,1827,4109ecb9fa87b9286ce31c610ebe82704abee80a2d8e0c8a06c1c18ddec168fe
_데모_용인시_20260920/law_sync/_cache/20260924/aaf728fd82103685bb09.xml,4863,07415829d3b159b5248aaf7667a9ea08af01fa4941da8b3a886e852f0f359eee
_데모_용인시_20260920/law_sync/_cache/20260924/ab230f3fc103009b35dd.xml,1038,b7e451f2741873527bfad441c3d5f645fc3de5384b547e9f5b999b01a2f6422c
_데모_용인시_20260920/law_sync/_cache/20260924/ab6ff1ab91fa482b49a6.xml,7277,144da7eaac6c17b738e3eb572f1ed38a0961069c96715109facc959056aac790
_데모_용인시_20260920/law_sync/_cache/20260924/ab87f5410946ddba3cb8.xml,1880,74b2d35617808aed4e38176024e887672ec07b8d9a3763eeee1c20b4f719ff80
_데모_용인시_20260920/law_sync/_cache/20260924/acbdf274d956487b72a1.xml,4063,dc58acb4861b7e439b539eb46c86661db1420a781b3fe09f4b7c7f8aef1d9dc5
_데모_용인시_20260920/law_sync/_cache/20260924/aea34996ee3d572547f6.xml,6617,42a82ecba82f30342a3900a0c01d5fc6de46fe7d3736110facb1798e5f503456
_데모_용인시_20260920/law_sync/_cache/20260924/b0d00476bb98d1f83dd9.xml,1063,88bd545836c334eb45a77f671bcf7f84a54b780e9d229466afa530db7e002085
_데모_용인시_20260920/law_sync/_cache/20260924/b1109b9ef94dc93b3bcc.xml,2582,19d05e66f1de5701d9d3973a09e161e4e92621e2d76b6f1955f29a389b670894
_데모_용인시_20260920/law_sync/_cache/20260924/b27336c64a1e269febe4.xml,3498,c8308dc60d178d53a6aecfb985c5d378c9d826d1169d1423b431f7a0a4cfc97d
_데모_용인시_20260920/law_sync/_cache/20260924/b3418826465863071092.xml,1932,07f20e0034afa69364185daa1d82d331fb1f7653fe227bda681e4136e1d41a02
_데모_용인시_20260920/law_sync/_cache/20260924/b446edf9493d893c4ecd.xml,7046,dcaa35eabf0b3c6d0420864fa7a278a5ecc6d5333b324d14bca335c7674329f6
_데모_용인시_20260920/law_sync/_cache/20260924/b53c8682b06f781faf48.xml,3502,32971d433aac34e4dbbda532eccd9ec2d0206318004d19a66767799a5a83cf66
_데모_용인시_20260920/law_sync/_cache/20260924/b58e89d3a82f478b3667.xml,3494,4ddcbc2ced280e1ffa7986ee8cd7036d38fc283263ae6e29b347bd0b8f4199b2
_데모_용인시_20260920/law_sync/_cache/20260924/b81bf472cf0a505f513b.xml,1797,74388c467893994859eb648d3fb09e35256624b082837a187588508b416c8b90
_데모_용인시_20260920/law_sync/_cache/20260924/ba47bb20a9e07a3b9899.xml,12482,ababce9077a7b81f236b9ac0cc01a8a7fab1081169ef0052f44376d15e70fe15
_데모_용인시_20260920/law_sync/_cache/20260924/bac6192928032e341229.xml,4054,0b9108b670eaf909f950c4cef3bb077b79eb2098770d4d8ef90cda2cec05c16b
_데모_용인시_20260920/law_sync/_cache/20260924/bbb8017be8cc56306c71.xml,7663,ed0228b809a9071de494d8913cb327782b448adf22742021628b59e1c2ea9979
_데모_용인시_20260920/law_sync/_cache/20260924/bdb6174ad3b6b21a00c9.xml,1876,c6f0724623df1265c3d2007b0a4e6afbf83af9e96998b7761b169868eb66fd19
_데모_용인시_20260920/law_sync/_cache/20260924/bdf227f198c8e3e94526.xml,1869,3f17baa1ed50755f9c4cd17b50adcb776a233b351e3b06a68719060c97aaed58
_데모_용인시_20260920/law_sync/_cache/20260924/be14c55c6f2c82594303.xml,4170,3206ac72f4ee367e86d994f7e414151e991f9012bb118aa40bf680b60c502d17
_데모_용인시_20260920/law_sync/_cache/20260924/be31075394efe2e2d106.xml,6881,2c6557b219b4565a6d461c5f0844772edc1c89f628111794239e25b0495c8d74
_데모_용인시_20260920/law_sync/_cache/20260924/c02be6586f15615a4bb9.xml,1074,ed665aeb7cbe53fe3a9d5b47d4c986124b6b80b6be9ce2c7c1bf68f364acb3e5
_데모_용인시_20260920/law_sync/_cache/20260924/c08b5b594957a5c62865.xml,4802,1067c2b92da55c1aa7b2e12ced531677b0bab7ffca3c9f2bd257e086a822ccaf
_데모_용인시_20260920/law_sync/_cache/20260924/c2513d12b59856d5d0f8.xml,4122,6c9b1f4566650fb22565cc97c4aa898b809d5f8286e69bb83f3cfcce8825dd27
_데모_용인시_20260920/law_sync/_cache/20260924/c28426e5e9740e37daf5.xml,1049,fe4ad0f9926481f38a7edb4604a0992832d55f57a0784ba9176dd64c5ac0dee4
_데모_용인시_20260920/law_sync/_cache/20260924/c2c75afcd43522f3c2d5.xml,1127,457d8a3975f42520c54eee8b28be63e26beacc588424da65ff42fe61d7cab1d2
_데모_용인시_20260920/law_sync/_cache/20260924/c3d7c95a59af94db29dd.xml,1132,9c701c09c56457b4f5fa48bb00f4d53b18a3d894515286c1c85c4fd4820f8c88
_데모_용인시_20260920/law_sync/_cache/20260924/c491c266a23a8b92db34.xml,1135,77c5d4d143578568d5520f52dfc806faac93c2e23259f69942b6b323f7542e45
_데모_용인시_20260920/law_sync/_cache/20260924/c4b0481b970e4daa02da.xml,1771,6b4011c8ba1864f299dee60945cd9b2b75efd8089cbf4224312e4939d01a2399
_데모_용인시_20260920/law_sync/_cache/20260924/c51f9e05389df476cd50.xml,1914,aa118cafbb2ee7b4cae001d6dfd03175622ce6a25067fe39559f9ff9153e6de8
_데모_용인시_20260920/law_sync/_cache/20260924/c5880c4b5d09889e548c.xml,4202,898ffdc25c91566052b35b3da2d94cabda397888faf33a894b9dcc31767601f4
_데모_용인시_20260920/law_sync/_cache/20260924/c64d70c8f87c8c3b4eaf.xml,1802,b0a98c7dd2a577b20c18e285c758fe7c172738c4c746d5135a5debc4e87670be
_데모_용인시_20260920/law_sync/_cache/20260924/c6ebc0b6713c527932ee.xml,1118,b465b40901075f6c9a65f4db2e851e44a375e46743477ac8dd8fd4c8d73eae22
_데모_용인시_20260920/law_sync/_cache/20260924/c6ecff2ecf53aeaae84e.xml,5694,d0c0b84e5d60be95052ed1a1798540077be538fc4f37883cd0e2fdb352bca38d
_데모_용인시_20260920/law_sync/_cache/20260924/c7422c57d2578dcb6127.xml,2683,185b1e9dbf88e604a45a5041f11d79ad6545a7d1ea81c183713ae67029d715a9
_데모_용인시_20260920/law_sync/_cache/20260924/c79833016dd62cde504d.xml,3511,db7587a337b8109d3405fdd95f862162b6b758c021a9f1fb339d79a41674fb5d
_데모_용인시_20260920/law_sync/_cache/20260924/c7b6e9866c8c4829330e.xml,2580,e0e59d0b818e039689b5853131a8f826108867d6b2f5e827410a83cbb9579096
_데모_용인시_20260920/law_sync/_cache/20260924/c831111d202383dbce97.xml,6700,c4ffd6cc737650beebb96b490b5898b8faa2c0458c57ad27fc6008b61c7f52d5
_데모_용인시_20260920/law_sync/_cache/20260924/c864ac191aff448c9e95.xml,2558,5b8f2de6f5283fef81a7e1c58ccd511c09b1737776c010a522d4065024a70a49
_데모_용인시_20260920/law_sync/_cache/20260924/c9c09bb2be899c14ed69.xml,1140,213cd5e2519e0e44519c211b25931ba07960cb7e550c082456d101e046bc6641
_데모_용인시_20260920/law_sync/_cache/20260924/cabb5deaf15b2452473c.xml,1050,3cdac663b00c56662d97afc0dfbf8ea90b8f14622783946c47a0e322096f69c8
_데모_용인시_20260920/law_sync/_cache/20260924/cb156997ffbedbcbef26.xml,1051,12704f885aa0732e607ba0044ac36cbf59d8df44b095db0d3494eb4c2bf97a8e
_데모_용인시_20260920/law_sync/_cache/20260924/cbe04854d64049e16aab.xml,4784,7ef2e0fe6620d8a21c02db0d192417128b6eebe93981725d4f37225e55a48acd
_데모_용인시_20260920/law_sync/_cache/20260924/cbf704e5e605550b88fb.xml,1065,4979cea27bb28083cac48f252614cfae2e81637b630d156559b70eb2c8afb683
_데모_용인시_20260920/law_sync/_cache/20260924/cc9fd5d97b0ec04dc5d9.xml,3421,96cc0c1113f83b125072e70e3f2261a8ab79e3ecaf6c91fd4a6d35ee16dfa184
_데모_용인시_20260920/law_sync/_cache/20260924/cd1b6f375c2e036ab4fb.xml,3668,6c21aceaf25b86a7691fed51a3c172936ce910e7f7b85d4d12c1e54b2d8a5864
_데모_용인시_20260920/law_sync/_cache/20260924/cd2567d7b2a4ccc8bb59.xml,4767,6ede38eec2b8fe54deaa5eb38bfc6c9c455a0082ec0cd3fc452072a3201d718c
_데모_용인시_20260920/law_sync/_cache/20260924/cde0731b3abcae43b2f0.xml,4107,deed035a2c73acadfdf7163ffe5a3e98b85df70ffb841e0fd364bf6a9ce2d5dd
_데모_용인시_20260920/law_sync/_cache/20260924/ce60add376f43c2acea2.xml,7620,53ba6ea5604efba7fda95ce7000814d5003ba7b416caa5d3725a5b703c51b5d7
_데모_용인시_20260920/law_sync/_cache/20260924/cea34201956c72b69439.xml,1842,d531d7c158088be158314801e9316bba6df53ab99e3d9d3f45fda945f457a2ec
_데모_용인시_20260920/law_sync/_cache/20260924/cf5e4ff3159fff5d2e44.xml,7487,52367dae266b4010667169cc2c6615718256237a0fbbb5831fd6929b602d437e
_데모_용인시_20260920/law_sync/_cache/20260924/d05f4f18b9745a05a489.xml,5443,6b2e7631a0f31b70814cb00297a859c4f7352a1baa141bf8e62ae0bc166c566f
_데모_용인시_20260920/law_sync/_cache/20260924/d3126cbac0a0535b7bec.xml,1090,6abe0c79d7101aee32c9b5a8d7df226614b38ecb1463822bce2f12d2a85756ac
_데모_용인시_20260920/law_sync/_cache/20260924/d3e8e8cf173f5f3e102a.xml,1037,16655de7cd71a4369193e8ade2ed24516d31427982ff5e625c9e403f87b34182
_데모_용인시_20260920/law_sync/_cache/20260924/d4af217f1061a8c07f82.xml,2589,fc96922a4b61789aa524fa675ff2b8417f8f974e8a9251519f8b1143ee59c3b3
_데모_용인시_20260920/law_sync/_cache/20260924/d4f1548224e1ce76dde7.xml,1136,c08cb510e4f7dda7b32612e371b3ea0945934cd0edfae7d962102aa1b01ec032
_데모_용인시_20260920/law_sync/_cache/20260924/d50854e9140818a1e998.xml,5648,a3aedf1802452bef2aa9e93b193be8692d937fa08858c951be4bfbef0063815c
_데모_용인시_20260920/law_sync/_cache/20260924/d5ccfaa53d0b000bdc1f.xml,8660,a7f4f1f6a54e9188b0cb6b0761cf91ec35bcb105d53d9555b4f1ae89cf2d230a
_데모_용인시_20260920/law_sync/_cache/20260924/d666ebbe6450ac8b067f.xml,3443,f74feb0890bd6533a58daf4cd12db3f53e8a91f33d21f2f9700e8ee51aaf5953
_데모_용인시_20260920/law_sync/_cache/20260924/d6d4c9699aa0d7305957.xml,7239,3e73ce231f7f4ef1c4badcae3f50e4e2fd37bb00894142b5fec1473a7ea061eb
_데모_용인시_20260920/law_sync/_cache/20260924/d70128667ac977f31918.xml,2656,877a344318531c61cb72cfa62b59617dabc6f679a443aa05ffae6e04620504ab
_데모_용인시_20260920/law_sync/_cache/20260924/d79ac1226b43ba23c03f.xml,1868,b0150860c2cb22201e4c1cd41627ccc040077c5ff3735acfd2354f2bd02d4c3e
_데모_용인시_20260920/law_sync/_cache/20260924/d7c512d9799046640924.xml,4277,e023174ed4d4aaaac4e406fb8be623ee9c447efbb97e791a5a7d6f492584b855
_데모_용인시_20260920/law_sync/_cache/20260924/d80b032546b32d57a542.xml,1168,f50d63e2f70df8c20c0a8582175aab081447fd7078681215bbc7f79bdf54bba7
_데모_용인시_20260920/law_sync/_cache/20260924/d81e35d4c18404393140.xml,2675,a9830f953acd3d072d37b93d7d0739b10f9bb1cc8baf5c8e242d35204fe5c19b
_데모_용인시_20260920/law_sync/_cache/20260924/d8ac2b4a3d9e90fab0ae.xml,3482,ccf0ec5efa9b29f560281241ab1ee91aa2f7f53372d151553effad93b39b241e
_데모_용인시_20260920/law_sync/_cache/20260924/db85b4ff1ef6df2c3a8e.xml,8578,ec2eded33c4a5d9c8eded927e783db8f62b033d486bb8e281b5b80c0ab0ce1c4
_데모_용인시_20260920/law_sync/_cache/20260924/dbf12009c94f264fae5e.xml,4303,c7d1aa4fd036ed96a543a8e36521358eaf6c7132351733703377f17479f11950
_데모_용인시_20260920/law_sync/_cache/20260924/dc63c2d06334a76d6f09.xml,1052,3b8b7abb7e7b4540268cc476a4652efd59d3973a6b3ca2ffee3513742b8d64e4
_데모_용인시_20260920/law_sync/_cache/20260924/dc8bc3391b3f53b615a4.xml,4141,5a49e1345e5b65fbfd9319a7f4da1b3186b38828f5b1d726b6b1a27645f4508b
_데모_용인시_20260920/law_sync/_cache/20260924/dcfdf505bbb56cb83cbf.xml,1942,b3ef605123402ec8b0c3b0ccd82b65287105f782beab06004b0ffb8d2ec4af80
_데모_용인시_20260920/law_sync/_cache/20260924/df70e655dabe265002ef.xml,1883,7df3be4380d86df15fa5d46ebc3784b025d55861c0500a267d9017408b06274c
_데모_용인시_20260920/law_sync/_cache/20260924/e05faee73d01e311449a.xml,2665,675147eb234a8e6e5fc704c686049ab0c83508c738b3d35f11a407ae4fa08c51
_데모_용인시_20260920/law_sync/_cache/20260924/e2da4282b5f8723cd04c.xml,6320,5df8f7a75bfe37ee47977839cf63e88060869fffecc641fd684273cc68ee197d
_데모_용인시_20260920/law_sync/_cache/20260924/e67e7f8ae4b7b46d37bc.xml,1077,0b6126b6e10dc73931a62590bbe039604dda1c9c5229379411fb3a64ae708e25
_데모_용인시_20260920/law_sync/_cache/20260924/e686e177cf3d0976f844.xml,4042,dcbfe1bb797aa4939f354d607b9cc87c5dd97646989cb351ab4368e75b1fa3d2
_데모_용인시_20260920/law_sync/_cache/20260924/e6ab7268344ec1f2112a.xml,1117,1f1e25d231f72397fc214091d9bfefd0db4157442572f985c0ad25caf29f22bd
_데모_용인시_20260920/law_sync/_cache/20260924/e6badebf3a7b5225f8c6.xml,14226,622ce004289a1793b576c90cd1c4213f1d01e339273b2c4db5e920882feec3bb
_데모_용인시_20260920/law_sync/_cache/20260924/e7cfc0cf9cbb17eb22c6.xml,1925,759c42f620e11f05628983386f1f79c38a66722da668fc5e64887e1ff3a8a4c5
_데모_용인시_20260920/law_sync/_cache/20260924/e99998ef3a1eafd1283b.xml,8149,0859f24347ce93bba7f4c81e7571ebbf2bb53539de52bd64bf979f4ead6ddd33
_데모_용인시_20260920/law_sync/_cache/20260924/ebd68cd7af5ceec6e603.xml,4445,82c5e8b2fd3373cb210e5ab2d3e9499addca43dcdaf6d4a5662e221efc37fd49
_데모_용인시_20260920/law_sync/_cache/20260924/ed63223d89821e2cfa91.xml,2577,0c447b2b63430f4b054c0b12cd16460f3ff8eb868822137e7d7402f07d9e83ef
_데모_용인시_20260920/law_sync/_cache/20260924/ee973a87cc63770bed2a.xml,2684,13cd02ad9f938b5596816bd573610f48b9f175a487143672e898332c3a996746
_데모_용인시_20260920/law_sync/_cache/20260924/efdb4a90b86f2e865360.xml,2632,4a9b8e9cfe7b1284b54296ea55dbba2851a89d5e7d70bf299ad1ccc97b4c2107
_데모_용인시_20260920/law_sync/_cache/20260924/f00ae85377b1018f7fa5.xml,3443,8098ef05638e307945bb869d5591fdd31d21f1ba4b4433a3ca9b248b8602b0be
_데모_용인시_20260920/law_sync/_cache/20260924/f2c52328486fb6f7abab.xml,3472,98fa05ed21bf0754a87cec2e1e4a2d68b221a62f79231b1908ac1c2546c6ba8b
_데모_용인시_20260920/law_sync/_cache/20260924/f2e2d49e50e60e146af7.xml,5038,3367abc60ffacae691c1f7cd6b1093910e633fd3bc30a1d899af293e501bd9c5
_데모_용인시_20260920/law_sync/_cache/20260924/f3fff340ec4b2fd2fafb.xml,1034,8ef42fa38a4c49f429a2e5aa2c905758cd8f8b6c30a1ae31cd5286296a2497cc
_데모_용인시_20260920/law_sync/_cache/20260924/f43ea3cbd48779d450a9.xml,1942,11d9179ff03d3d7cd40c1021e6493e270d7a001928612f96969b67ada41b90b1
_데모_용인시_20260920/law_sync/_cache/20260924/f4b39e3f0d28db875d7c.xml,8169,868bff0cc005df65bdda904504f9d6c54d3f49b1f6103b559d25747d018dc6de
_데모_용인시_20260920/law_sync/_cache/20260924/f509e5073e2858dd2ce9.xml,3471,bd6ae84b6399c57439e71e907df6c295f6f85ed24c648e93120cc6d501521c66
_데모_용인시_20260920/law_sync/_cache/20260924/f54bbafe78996dfea575.xml,5535,79e9a6ebba5459b89311674bc0e0a682670cf2df98a32ddaa441a31ebe974282
_데모_용인시_20260920/law_sync/_cache/20260924/f574145c7f614a02f88a.xml,5091,d3f428f2601e0735b79d48ae48b65b2f7c22fe7caf3174c482735aa213337d89
_데모_용인시_20260920/law_sync/_cache/20260924/f5e9fd35711b83425f92.xml,5522,61f2f0af662472b9b6d5abb630d0b75a73a36c8b40aff698a6050e6a229d96a7
_데모_용인시_20260920/law_sync/_cache/20260924/f5f2849f084e80e9d6a8.xml,5561,7f7ca9e23e5f48acb67a0963b85717b24e59f26f9b563fe92b169d590b041544
_데모_용인시_20260920/law_sync/_cache/20260924/f743481f5e5274afb7d3.xml,1857,4c6f7cd80e2eaa126bfaf258f8d485c95eaa0d441d4a2c494fff13d89f1c4fde
_데모_용인시_20260920/law_sync/_cache/20260924/f7536b9c308a1102b869.xml,2673,113c1b833cc58212c717e3be50741ea7b782676711a87e42f6b781f46d8a0c8e
_데모_용인시_20260920/law_sync/_cache/20260924/f933385382cfe38f52e9.xml,2646,a8d028c840d0ea8f9b39bcae34c87f78a224e967a705a1d5674c07f1f2bcc5ec
_데모_용인시_20260920/law_sync/_cache/20260924/f9ccb23e476e0601c9de.xml,1134,af8d45372cb471845ca2c1c828c09abf931411187c37e40a3ba8add1846dab50
_데모_용인시_20260920/law_sync/_cache/20260924/fa34fd29ab514e554e1c.xml,7977,d160d4742159cfe3afe41427cdc52c587d71a4410a268808f14f91e1e5410f25
_데모_용인시_20260920/law_sync/_cache/20260924/fb8e4ecaec087d36cdc1.xml,1787,ee59a85efddc8a2e13690d8e58dadf333724b9b8aed4dbef1938a52615224ad5
_데모_용인시_20260920/law_sync/_cache/20260924/fbca39bc00c0125660a9.xml,5519,78d708adb5c483e88592901021723887e77b091f5a44a8bfbc1404cd2518ddf7
_데모_용인시_20260920/law_sync/_cache/20260924/fc262ed9337d03939475.xml,6350,de52570169f74d72745f7a837c121e0a805fdb09a5da8854dec14430712c03da
_데모_용인시_20260920/law_sync/_cache/20260924/fc2e0a02d6e46cb206e8.xml,1128,ba5dddf0fb568ead7a3ad9429ce81a1714e9b8f9fe47d6bb143261fec98ba683
_데모_용인시_20260920/law_sync/_cache/20260924/fcc028750f86972f8b6d.xml,1050,f06fa7d1b554a593d4274c9ef4fbb6278905130a49ae4a880848088cf10814b9
_데모_용인시_20260920/law_sync/_cache/20260924/fda1f1656c9cfd900c49.xml,6327,d51f687ab914d6ea26e8f0f8bc5b552edd9bef79c37974d5de429e81bfde1509
_데모_용인시_20260920/law_sync/_cache/20260924/fe4f108a691ce2d7c6d8.xml,9232,5c3d9e75aec147ed60a65c1ca8e14f1be8f0d1650bf6a0a85daef1f03d9a9ddb
_데모_용인시_20260920/law_sync/_cache/20260924/feb981faeeda2e195a54.xml,5134,f85dcaf7644ad7f86127f22f98345a920ac7ef83954a0e985fdfcbd8a1a7350a
_데모_용인시_20260920/law_sync/_cache/eflaw_20260924/119구조_구급에_관한_법률.xml,63626,b957f0b56f75ddb5930d514e39a1a5e07e268ad365b8d9797b9d42fce084f149
_데모_용인시_20260920/law_sync/_cache/eflaw_20260924/119구조_구급에_관한_법률_시행규칙.xml,27001,6c1e0734cd5b3497593cec367dffe6e3d590c23c4a256c28a706a9542c21cd60
_데모_용인시_20260920/law_sync/_cache/eflaw_20260924/119구조_구급에_관한_법률_시행령.xml,23385,75890df56f8efdb2838fc25991f0e23ca48d4b6d9d594c67ec5261cd92553821
_데모_용인시_20260920/law_sync/_cache/eflaw_20260924/가축전염병_예방법.xml,80912,cb9b9802e1a81b5af286706e3b256e4eaeda0cc3f2c36a14540df7de0d38de06
_데모_용인시_20260920/law_sync/_cache/eflaw_20260924/가축전염병_예방법_시행규칙.xml,67030,a6944c400ab5bd6f6d85963d90140749614511967103d73fdfc625a9d715fa25
_데모_용인시_20260920/law_sync/_cache/eflaw_20260924/가축전염병_예방법_시행령.xml,58479,6c9296dd06b256b813da8b7263e70edf9670e1d28f347be146985f13035aeabb
_데모_용인시_20260920/law_sync/_cache/eflaw_20260924/감염병의_예방_및_관리에_관한_법률.xml,86505,80157e899489d497fd026171e6fb5fd2a2f289670369c319bb62f5daceafb056
_데모_용인시_20260920/law_sync/_cache/eflaw_20260924/감염병의_예방_및_관리에_관한_법률_시행규칙.xml,51000,563017f27b0c195fd4a5f9c42bbe12e5b2d57227f51175ed4d518d6a2d1cab22
_데모_용인시_20260920/law_sync/_cache/eflaw_20260924/감염병의_예방_및_관리에_관한_법률_시행령.xml,48537,9303dc8447fd841e6c9967fd71e79783e732cb06b80262fc88d5b01609a05f91
_데모_용인시_20260920/law_sync/_cache/eflaw_20260924/건강기능식품에_관한_법률.xml,84704,85b269248d2e13a6814e6d08c5587d75cde43a950a2d5b17ec279bc19009b4c0
_데모_용인시_20260920/law_sync/_cache/eflaw_20260924/건강기능식품에_관한_법률_시행규칙.xml,49493,4529206c527bd7339eb9b126cf55573089256a4c8e67a4db605fa8937914bc85
_데모_용인시_20260920/law_sync/_cache/eflaw_20260924/건강기능식품에_관한_법률_시행령.xml,33533,e124f79f273695f340a750d597456212126f7c519e014ce81afc0236b6d39988
_데모_용인시_20260920/law_sync/_cache/eflaw_20260924/건설기계_안전기준에_관한_규칙.xml,18047,238138890b4d76276dd90e79129a91b5b357b67a5d22a6d2f10faf17aa9800c5
_데모_용인시_20260920/law_sync/_cache/eflaw_20260924/건설기계관리법.xml,79706,781de5e8e3c86b001f3e938e85a031183cf464a4369aa8ad25be53bac872d8e3
_데모_용인시_20260920/law_sync/_cache/eflaw_20260924/건설기계관리법_시행규칙.xml,60299,6568076ec44122266692e9ca7bf450d20ba5bcff94a22d35d2708aa8fa8f4144
_데모_용인시_20260920/law_sync/_cache/eflaw_20260924/건설기계관리법_시행령.xml,43462,b49f35e36ff537a0971a67a449ec74ded35306a51cbb8dc5a60d4cf5f0aef629
_데모_용인시_20260920/law_sync/_cache/eflaw_20260924/건설기술_진흥법.xml,80014,57254b8bad692f3b8ad8cd4453ae09216fa1222e94946a7e577336f8dd7a6df9
_데모_용인시_20260920/law_sync/_cache/eflaw_20260924/건설기술_진흥법_시행규칙.xml,26168,2552e548485befc1031931b3f95aa2a3581783100458ae0e64bf0c959d153b45
_데모_용인시_20260920/law_sync/_cache/eflaw_20260924/건설기술_진흥법_시행령.xml,51477,345098e84a412b590fec3ddcdfe786d94f0f8ac6137bc35f533a98a95278c43b
_데모_용인시_20260920/law_sync/_cache/eflaw_20260924/건설산업기본법.xml,79134,ba8043d4e1721351565a009dde665e00bec4c85e4a024366d50467e7c80c9a85
_데모_용인시_20260920/law_sync/_cache/eflaw_20260924/건설산업기본법_시행규칙.xml,64245,71083cd25b73690f87738a9c64aede9946e353201d6a8ded1928524da8afefb7
_데모_용인시_20260920/law_sync/_cache/eflaw_20260924/건설산업기본법_시행령.xml,80165,ff2ff459671ed4cda86d107487ef3f23016d4b6eee3f0ebafed219db624d1686
_데모_용인시_20260920/law_sync/_cache/eflaw_20260924/건설폐기물의_재활용촉진에_관한_법률.xml,88473,1e9fb0a9ceb88ae4cdc449be6675044e4866dd26f37af094afd50c26fd3b9ca0
_데모_용인시_20260920/law_sync/_cache/eflaw_20260924/건설폐기물의_재활용촉진에_관한_법률_시행규칙.xml,35122,38e8d441dd63002ffa7336b2d3c2c36e043ddd83b9fd8bd75e701142a6af30c4
_데모_용인시_20260920/law_sync/_cache/eflaw_20260924/건설폐기물의_재활용촉진에_관한_법률_시행령.xml,38540,2852b53bf1206c3745d34038478072e0ffd50fd018bf2b989b361c640242fe92
_데모_용인시_20260920/law_sync/_cache/eflaw_20260924/건축물관리법.xml,41350,c1304dfac0518bb87d4feb672484dcb772234af35a25db50bc75ebf8b3c2dfb9
_데모_용인시_20260920/law_sync/_cache/eflaw_20260924/건축물관리법_시행규칙.xml,5905,6418fda1c335fd125bb10844a899932579c1960cb3de558f76114b7963ac13a6
_데모_용인시_20260920/law_sync/_cache/eflaw_20260924/건축물관리법_시행령.xml,17779,192e856fb3363fbca1062b0b13a66e53a8977d6e37230477426cad1778328d94
_데모_용인시_20260920/law_sync/_cache/eflaw_20260924/건축법.xml,77385,6be0b1b3f373b6c45889b0c59df9ce836cd2d552dc5903f3ffd203b9be29a6b7
_데모_용인시_20260920/law_sync/_cache/eflaw_20260924/건축법_시행규칙.xml,79645,86cb18499a32dae6e7ce5f739a90cdd85d73099a3fdd018f9b5d3844b0485a18
_데모_용인시_20260920/law_sync/_cache/eflaw_20260924/건축법_시행령.xml,78967,b38a1489dc76b1eaca95b9f06c7f1a76752947a0134a550f8ab90ffcba88b9d3
_데모_용인시_20260920/law_sync/_cache/eflaw_20260924/검역법.xml,78963,3b7515592f106110b50e1e87df98e24e28f5d4beaf67a3f9ecaa36d7974b4fdb
_데모_용인시_20260920/law_sync/_cache/eflaw_20260924/검역법_시행규칙.xml,37045,3a4f977e45e48c045c000eff026123e1a896d315d3eba18b6c503be8e68c6341
_데모_용인시_20260920/law_sync/_cache/eflaw_20260924/검역법_시행령.xml,20699,02ed5504a3c12f27f10f438ff51762f1f60d143111363303e62f59a86aed5868
_데모_용인시_20260920/law_sync/_cache/eflaw_20260924/게임산업진흥에_관한_법률.xml,84163,12546ad6cf18b234ad49cfdb6b37c11668a269a89d29796425f325a5bcafcb70
_데모_용인시_20260920/law_sync/_cache/eflaw_20260924/게임산업진흥에_관한_법률_시행규칙.xml,29794,7edd2bba2dab7d232493606f6032d7751d62a903c2e4f517461f331aee0cd4cb
_데모_용인시_20260920/law_sync/_cache/eflaw_20260924/게임산업진흥에_관한_법률_시행령.xml,47532,3751145adc2fdebfd2ddcfda7e78d07bc219dfccaa83518f2d240c3061709f2e
_데모_용인시_20260920/law_sync/_cache/eflaw_20260924/경찰관_직무집행법.xml,41657,b29a3f6b32bbb30625a2e9bed448588a27e9c3a786cbf2658fd1d9e35b1ceeec
_데모_용인시_20260920/law_sync/_cache/eflaw_20260924/경찰관_직무집행법_시행령.xml,18274,d1ce07137eb6a5d3dc08ad6f7a52486ed6234fbc680b870c141d8de48ab77c00
_데모_용인시_20260920/law_sync/_cache/eflaw_20260924/계량에_관한_법률.xml,59079,4f0844b54dcb099bdec22c2341ac29e45a0b11c90e1a2e52d05d4f707db291c8
_데모_용인시_20260920/law_sync/_cache/eflaw_20260924/계량에_관한_법률_시행규칙.xml,24101,e101acad664fcae6e03a670da308b03e10af71583f58ec7443c89373c8b31d31
_데모_용인시_20260920/law_sync/_cache/eflaw_20260924/계량에_관한_법률_시행령.xml,19583,a4aa98d83c1fdeb0b31cc829499169eb8d4a9f4434541911425bae3a8432f811
_데모_용인시_20260920/law_sync/_cache/eflaw_20260924/고압가스_안전관리법.xml,82779,7b87dbd0ddcbfecb62811fb59060cc2cc03768da138c8b0bd58142ced82f40a1
_데모_용인시_20260920/law_sync/_cache/eflaw_20260924/고압가스_안전관리법_시행규칙.xml,79724,1dcf18f970388f1b23a83aec08cc39547fea0f401d9ff0cde9359c311780cab5
_데모_용인시_20260920/law_sync/_cache/eflaw_20260924/고압가스_안전관리법_시행령.xml,63305,830f9d6fe54c45ccb9bf3c0978f8ab8b4dc46dfb93c9b3a38d381931ddc1a2aa
_데모_용인시_20260920/law_sync/_cache/eflaw_20260924/공공기관의_소방안전관리에_관한_규정.xml,5993,969126628286c3e33c69961b54e1034680ea7f2a3bd3f0324a7ddc0ea99f7e66
_데모_용인시_20260920/law_sync/_cache/eflaw_20260924/공공기관의_운영에_관한_법률.xml,44934,0ad4be4d7feb1ff9d9158ef164b8bb3dc5bd3c8086304c713ad35e7cdcbdd713
_데모_용인시_20260920/law_sync/_cache/eflaw_20260924/공공기관의_운영에_관한_법률_시행령.xml,23588,e7d3fa792c6d23dc880fe01002506c8e095de47ee1780476621236ee22bf4d30
_데모_용인시_20260920/law_sync/_cache/eflaw_20260924/공기업_준정부기관_계약사무규칙.xml,20021,88dc1ef03b7f786b8f70369bb6680d4a644c089cd576525973f6578e19d086ce
_데모_용인시_20260920/law_sync/_cache/eflaw_20260924/공동주택관리법.xml,79709,f55294fe5c7f3e7f1263fe0c651295360875c3a5ecdd04e45f58f6771946bc75
_데모_용인시_20260920/law_sync/_cache/eflaw_20260924/공동주택관리법_시행규칙.xml,22203,82955e93e016489a135276ad26c3773dd36ead848492053e5eb9f457a4612d6b
_데모_용인시_20260920/law_sync/_cache/eflaw_20260924/공동주택관리법_시행령.xml,42617,ebf4de8dcacba3b71f2cd1be4db01770ba6ccca569b05abc8107e0da3fef9849
_데모_용인시_20260920/law_sync/_cache/eflaw_20260924/공무원_재해보상법.xml,29665,ce106a0cebffacf0000bf02264ad8f62c94e1fb5e23107b59edccfb2ae4fb1c2
_데모_용인시_20260920/law_sync/_cache/eflaw_20260924/공무원_재해보상법_시행규칙.xml,2690,ef4b7d44ce940eb8885bbd66b7df5744516346e91bdaa6bec911f23d0d4dff31
_데모_용인시_20260920/law_sync/_cache/eflaw_20260924/공무원_재해보상법_시행령.xml,12319,6b148ad44b2490b249e1c9e7de7c4129e5bc523ff3504a21f303295c906ef0d3
_데모_용인시_20260920/law_sync/_cache/eflaw_20260924/공연법.xml,79117,1e66680aaff795f1de143f6c51e5e1ffc5e705ac09cfc8d84e7a0f278bdb8286
_데모_용인시_20260920/law_sync/_cache/eflaw_20260924/공연법_시행규칙.xml,35622,e52a15e17788121963118e3d420c1f7409199eb49327abc9ea18d7bf192305f6
_데모_용인시_20260920/law_sync/_cache/eflaw_20260924/공연법_시행령.xml,41389,b3a6700dc50da142bb5de4a483ece2bbf1a5ad5308c6736bc0fe4359be23dd4c
_데모_용인시_20260920/law_sync/_cache/eflaw_20260924/공유수면_관리_및_매립에_관한_법률.xml,84687,6834606d46d229eb30c9d8de6f447e22399f904d6cb2c02bdde8d06d41038c85
_데모_용인시_20260920/law_sync/_cache/eflaw_20260924/공유수면_관리_및_매립에_관한_법률_시행규칙.xml,23717,5524a2fff263de24c0c9ab8ec6a80278a0d296656aeee11118a7e67ad4fdd7b4
_데모_용인시_20260920/law_sync/_cache/eflaw_20260924/공유수면_관리_및_매립에_관한_법률_시행령.xml,30896,ed8be6a966297b0c9019de28ed01385227c3019e4438166041184a6c33e80cce
_데모_용인시_20260920/law_sync/_cache/eflaw_20260924/공중위생관리법.xml,80118,3a3bbb38de8eec179bacbe37b980a5de3325f67650670c818288da4b32339a75
_데모_용인시_20260920/law_sync/_cache/eflaw_20260924/공중위생관리법_시행규칙.xml,53032,5f635365c1861e4c4dcf9bc7ce4e232086374de6a2605daa2c494b3ce6bbf986
_데모_용인시_20260920/law_sync/_cache/eflaw_20260924/공중위생관리법_시행령.xml,29086,7f5fdc8b70e838ee7400ae22e78409b3e815170ab9a344d3bb549bf9e8db7e4a
_데모_용인시_20260920/law_sync/_cache/eflaw_20260924/공항시설법.xml,49216,a7812b41e5cf69261a7c6c6a5dd06d8e1b9cdb7204930d58b19699e6a6cc6d8e
_데모_용인시_20260920/law_sync/_cache/eflaw_20260924/공항시설법_시행규칙.xml,11495,069c382e0625310b642921d4da0410abe0ebf135f37b93ad83fad6b74d8b381f
_데모_용인시_20260920/law_sync/_cache/eflaw_20260924/공항시설법_시행령.xml,16917,8199dd898dc1252cc7cd789578517e2eed5b922d665a696e997c00ecdbc97a6b
_데모_용인시_20260920/law_sync/_cache/eflaw_20260924/공항에서의_귀빈_예우에_관한_규칙.xml,11161,c047bb674cc83743a8e88ea41a53eb890604468bcf65edef0c3469563ea0a172
_데모_용인시_20260920/law_sync/_cache/eflaw_20260924/관광진흥법.xml,78628,26fad86cb785c317db348efed9916a6dbc3d01c2782418cec2cf7e32ba6ad7b1
_데모_용인시_20260920/law_sync/_cache/eflaw_20260924/관광진흥법_시행규칙.xml,81614,efc0beac33cfbddeeaf03c5e48a539222de856b73072f9dbaa2144cf5414e6d9
_데모_용인시_20260920/law_sync/_cache/eflaw_20260924/관광진흥법_시행령.xml,80141,1d5f5109309e978ef0b27316142df0ee9dcec18b30b1bf03a9d5e43dd46ce8b8
_데모_용인시_20260920/law_sync/_cache/eflaw_20260924/광산안전법.xml,20920,5091b8e4b1101c90cc0105a7c64c83ec71bc43bcde54d93788c62fd28ebdf988
_데모_용인시_20260920/law_sync/_cache/eflaw_20260924/광산안전법_시행규칙.xml,8341,896ef4329c31dc8ebcdb3adafb8891b34889e43f6d4e839d5f1e5102b9245aa4
_데모_용인시_20260920/law_sync/_cache/eflaw_20260924/광산안전법_시행령.xml,8200,061edd7839fb70e4a664b97feba07cff33b3365c28316d725e4bdc1de51b5fa7
_데모_용인시_20260920/law_sync/_cache/eflaw_20260924/광산피해의_방지_및_복구에_관한_법률.xml,47332,a7769a25a2cf51e3c6686f9f497bce73d4f9cd8e5ec14db18ef4269f5a2bcce3
_데모_용인시_20260920/law_sync/_cache/eflaw_20260924/광산피해의_방지_및_복구에_관한_법률_시행규칙.xml,13403,518feb9e890c0ef7381dfd1d314a88ef132b0402374db955fa352f3dc3ae6d7c
_데모_용인시_20260920/law_sync/_cache/eflaw_20260924/광산피해의_방지_및_복구에_관한_법률_시행령.xml,21766,e741fb63a755b5373140b4ae9435df66e9f792e71300288ca159bb6a2cd7b353
_데모_용인시_20260920/law_sync/_cache/eflaw_20260924/교육시설_등의_안전_및_유지관리_등에_관한_법률.xml,12285,4aad961f72003e1b81e7232e21672e6b4e3f9cd020dec43b602d44b46c23cfb8
_데모_용인시_20260920/law_sync/_cache/eflaw_20260924/교육시설_등의_안전_및_유지관리_등에_관한_법률_시행규칙.xml,2921,d442914c3b0f43ab69b209b65cc8ef3145e4f470cb35f7d9acd864b5d6a38657
_데모_용인시_20260920/law_sync/_cache/eflaw_20260924/교육시설_등의_안전_및_유지관리_등에_관한_법률_시행령.xml,7200,e0d52a67eae99a2030f4a1496d23c8e6aacfbf580b4ee124f41c2c0256232ed4
_데모_용인시_20260920/law_sync/_cache/eflaw_20260924/교통사고처리_특례법.xml,20733,5580a270e100abc31c213b77f9a0428d37fc74344ffb39f30e80ce060c6116f8
_데모_용인시_20260920/law_sync/_cache/eflaw_20260924/교통사고처리_특례법_시행령.xml,7607,b66b391150caccfd34097da5f3df69f96f2b1780b99d8464dd562bcf10003d36
_데모_용인시_20260920/law_sync/_cache/eflaw_20260924/교통안전법.xml,78956,0cca789b4077ab3c86b76355f1f1fec9c2318ae4cb6fdc67cea526ed49de2ea4
_데모_용인시_20260920/law_sync/_cache/eflaw_20260924/교통안전법_시행규칙.xml,47691,8863bdb0b50bd393eb679226160934efe5b2d94d41ca6375e452f2d35c53b43d
_데모_용인시_20260920/law_sync/_cache/eflaw_20260924/교통안전법_시행령.xml,74788,e7212d55a1ff9c9451f1a09c34fd2b6379f1906ed2f3918c5b887b9c6c078b6d
_데모_용인시_20260920/law_sync/_cache/eflaw_20260924/국민_안전교육_진흥_기본법.xml,8590,7884e8af665713dd9c814713967e0b2690f2951e91d77356829add190e1220fb
_데모_용인시_20260920/law_sync/_cache/eflaw_20260924/국민_안전교육_진흥_기본법_시행규칙.xml,1986,9f35268b20d13071e67e30c934841d922ec327c60151421eb93fb1042c18ab3a
_데모_용인시_20260920/law_sync/_cache/eflaw_20260924/국민_안전교육_진흥_기본법_시행령.xml,4482,3ae74f304422ed8713c3d98e2b1f530e1528cd6ad8ad5aa4e50cbe8ff16e4c31
_데모_용인시_20260920/law_sync/_cache/eflaw_20260924/국민보호와_공공안전을_위한_테러방지법.xml,18245,57fbf324d5c0327378bb8a9f3118b8d232329c93d3606636c9f29b851359d23e
_데모_용인시_20260920/law_sync/_cache/eflaw_20260924/국민보호와_공공안전을_위한_테러방지법_시행규칙.xml,2878,c2a13c95c78011b16fbb54c1fdc26d58b8e97c99a7305f2c29a102ddced9f28c
_데모_용인시_20260920/law_sync/_cache/eflaw_20260924/국민보호와_공공안전을_위한_테러방지법_시행령.xml,10575,7965677bda88649da3b53afac78b9b676771a83a1a5625b60a66ba3b6cabec78
_데모_용인시_20260920/law_sync/_cache/eflaw_20260924/국민체육진흥법.xml,79887,47ab4570287c5c3eb31904ea4908df738c435fd90c953d2c9c698fbc4ed2e53c
_데모_용인시_20260920/law_sync/_cache/eflaw_20260924/국민체육진흥법_시행규칙.xml,43596,91b25488c860b9ce5ef5428809cad28493ca5590e77cb837fbd3b163182cf98a
_데모_용인시_20260920/law_sync/_cache/eflaw_20260924/국민체육진흥법_시행령.xml,72617,ee15f15f10ef10a7e3aec43aa19036ec81e418f6bcaf1d5637f1cd7fe7cc00d6
_데모_용인시_20260920/law_sync/_cache/eflaw_20260924/국토의_계획_및_이용에_관한_법률.xml,82366,11d38f2b420c98cbfdf363e2878ea0d553837bb4d72192397c27a90bc8cfda8d
_데모_용인시_20260920/law_sync/_cache/eflaw_20260924/국토의_계획_및_이용에_관한_법률_시행규칙.xml,48361,3f10acafbe78f2c532f866e2b86fa2feeabba03cce5f4ad04de4f0fdb03a4cd2
_데모_용인시_20260920/law_sync/_cache/eflaw_20260924/국토의_계획_및_이용에_관한_법률_시행령.xml,85002,d18796e0efe4ac3b5c14d636ac0db25a3a2c6f135002c84a214ec08316a7be44
_데모_용인시_20260920/law_sync/_cache/eflaw_20260924/궤도운송법.xml,40530,6eaaacdd7cecfbdfb76bdb515463dd8c88a6efebeb2e9e8cb52eccbc810e50d7
_데모_용인시_20260920/law_sync/_cache/eflaw_20260924/궤도운송법_시행규칙.xml,13905,136c6f8379ae371938cd953c31a0d1fe92b7491cb9970baabf259540fb0b17b3
_데모_용인시_20260920/law_sync/_cache/eflaw_20260924/궤도운송법_시행령.xml,11370,8086e67db3b8b7285a5fa2249c52bcb637d4400784dd8006c68497f7b998ebda
_데모_용인시_20260920/law_sync/_cache/eflaw_20260924/근로기준법.xml,78627,dfcb304739444e0f073802ea74a96f90a6c50b8fb5d9b8fa7dcbfd8dce732525
_데모_용인시_20260920/law_sync/_cache/eflaw_20260924/근로기준법_시행규칙.xml,20270,e1a9273dc98825804397af897fa42a188ed86d76d2c5c611abb8389d5b7c31f5
_데모_용인시_20260920/law_sync/_cache/eflaw_20260924/근로기준법_시행령.xml,45373,4ab0d94a769e77b901118fa86eecd25fe2d64bbcb99a7e1b5ea0d4b392a7cf93
_데모_용인시_20260920/law_sync/_cache/eflaw_20260924/근로자참여_및_협력증진에_관한_법률.xml,27308,6db6e95a5a57644c141ec429cac5711ec66830bb5798fd642ae98434e5fc2114
_데모_용인시_20260920/law_sync/_cache/eflaw_20260924/근로자참여_및_협력증진에_관한_법률_시행규칙.xml,9796,df36a0c55727dce7383023fa8aa579dd0f8c47673cb62537a7fd5a39eb19b230
_데모_용인시_20260920/law_sync/_cache/eflaw_20260924/근로자참여_및_협력증진에_관한_법률_시행령.xml,7979,cf6424f7883dca82d90f97a26ae233107f4ab9cb5a6b13af60877372bfe8366e
_데모_용인시_20260920/law_sync/_cache/eflaw_20260924/급경사지_재해예방에_관한_법률.xml,49478,a474da63c03e537c6cdbb40f2a687e86d4e10a415e29140ca72dd936cee505a9
_데모_용인시_20260920/law_sync/_cache/eflaw_20260924/급경사지_재해예방에_관한_법률_시행규칙.xml,11419,5087d4edf5d5c8c7cc91662875f64eca21f9c046f35ce8d14f181db1974efd56
_데모_용인시_20260920/law_sync/_cache/eflaw_20260924/급경사지_재해예방에_관한_법률_시행령.xml,13809,c3f688cbe6ec23042f234339edde1d27e543f1d2d057a3622ea9452ffaea4422
_데모_용인시_20260920/law_sync/_cache/eflaw_20260924/기계설비법.xml,11331,5ec985aa0fb4a555185f0e654a0c45b7aafe8f2f8f5d04e9ec9788fa910cbdf6
_데모_용인시_20260920/law_sync/_cache/eflaw_20260924/기계설비법_시행규칙.xml,4279,787fc29ffb98fc9333eb545c6e09388db6c777a987bcc81c5c7626cf9b9f2969
_데모_용인시_20260920/law_sync/_cache/eflaw_20260924/기계설비법_시행령.xml,4231,03b0dd93066e9b4dfdf5da9d7d2b52e7b2558af0371d557cefaad26e380aa513
_데모_용인시_20260920/law_sync/_cache/eflaw_20260924/기상관측표준화법.xml,46329,ffa219971d2bf43d38b26f4e9be5c8a56299040be02fd465ed74af49062a178e
_데모_용인시_20260920/law_sync/_cache/eflaw_20260924/기상관측표준화법_시행규칙.xml,15604,0e59007beb4315165298a6499573066f45c9e37d8b6b88581cfedee09ad7e937
_데모_용인시_20260920/law_sync/_cache/eflaw_20260924/기상관측표준화법_시행령.xml,17775,7ebf5c7cb33e1a2769937790c9f1d2b9b65c60e04da5510b8cde5c43c901a893
_데모_용인시_20260920/law_sync/_cache/eflaw_20260924/기업활동_규제완화에_관한_특별조치법.xml,83479,b09bde735f7155eeb44dd9f975725f64b7857d5e7642639043cfbdbdddc51d48
_데모_용인시_20260920/law_sync/_cache/eflaw_20260924/기업활동_규제완화에_관한_특별조치법_시행규칙.xml,15939,16a977954d94fd20d14e017045228ab3db57c2ad89f7c9c21ce953aba79ad463
_데모_용인시_20260920/law_sync/_cache/eflaw_20260924/기업활동_규제완화에_관한_특별조치법_시행령.xml,50006,13bfa337d9eaa9fccc75ec53b9d64048990f0c30e91f1f57a156a763735d63f3
_데모_용인시_20260920/law_sync/_cache/eflaw_20260924/기후위기_대응을_위한_탄소중립_녹색성장_기본법.xml,41335,425bb8803423a5cc994ea48155c27dbac3ef2c0f3afeb6a42852a9639219deb1
_데모_용인시_20260920/law_sync/_cache/eflaw_20260924/기후위기_대응을_위한_탄소중립_녹색성장_기본법_시행령.xml,22441,491015ab9cbf7c01a454cdadfad0bddb11e9f5f94ea6901661a30ae21b4e2c91
_데모_용인시_20260920/law_sync/_cache/eflaw_20260924/긴급구조대응활동_및_현장지휘에_관한_규칙.xml,18240,d4d49455bb8fa2b0360a46d1b2b4ce6c2dcd7a73571a19ada7d7c6ac9cb5c140
_데모_용인시_20260920/law_sync/_cache/eflaw_20260924/노인_장애인_등_사회복지시설의_급식안전_지원에_관한_법률.xml,4786,ebf1c7c5eb53f60f8ba6724aea8f3435f92c1bdb7ab78de2169e70f8b47142c7
_데모_용인시_20260920/law_sync/_cache/eflaw_20260924/노인_장애인_등_사회복지시설의_급식안전_지원에_관한_법률_시행규칙.xml,1247,feddd80d9ccfe12b333c83a1e3c37aef91d7b550e643f0feabd538b4839609e4
_데모_용인시_20260920/law_sync/_cache/eflaw_20260924/노인_장애인_등_사회복지시설의_급식안전_지원에_관한_법률_시행령.xml,2145,0ca98dca3bbe3755f588cc9613a38a24c1f23bf7fc2fa80ec87f39a197e4a1bc
_데모_용인시_20260920/law_sync/_cache/eflaw_20260924/노인복지법.xml,78518,f4a626dc47258c6afbccda6376518da35fa399b4da03b6e0acaa2eb5e489be03
_데모_용인시_20260920/law_sync/_cache/eflaw_20260924/노인복지법_시행규칙.xml,64476,0834ebd230d57aff0d82c8f023af425de859611c234ffeb70c3b4f0c5cc7d6db
_데모_용인시_20260920/law_sync/_cache/eflaw_20260924/노인복지법_시행령.xml,49346,2f524c20c72b776163b863f9bff38ebb758e1a8b1da9ea57b5ddf6d4be254bc2
_데모_용인시_20260920/law_sync/_cache/eflaw_20260924/녹색건축_인증에_관한_규칙.xml,6851,86024d827391bb26abea551baa6c8594d6b32a3ddbf976f53296cc46f0783750
_데모_용인시_20260920/law_sync/_cache/eflaw_20260924/녹색건축물_조성_지원법.xml,55668,3d2bbc30e83832501833bda33f26c01eb46e01e7e2ab8a3084b8aa071fadc63b
_데모_용인시_20260920/law_sync/_cache/eflaw_20260924/녹색건축물_조성_지원법_시행규칙.xml,13830,b2872aaf0181efaa65ed380cfc320fea52d70978d59833c9c372d63616a7c701
_데모_용인시_20260920/law_sync/_cache/eflaw_20260924/녹색건축물_조성_지원법_시행령.xml,19486,8319ab94ab6adda1fb978999b38402a0ad575d39b2187cfe32fc3944c598009b
_데모_용인시_20260920/law_sync/_cache/eflaw_20260924/농수산물_품질관리법.xml,88347,526ccbc009445b57ebd98e2f2792dc7a2b8f5a31d48766ad47900a989bd99bc7
_데모_용인시_20260920/law_sync/_cache/eflaw_20260924/농수산물_품질관리법_시행규칙.xml,42153,1f5b2aa2417c854dbfc01c34a484dc07bd54f3453aef6b2818e10f39190e7509
_데모_용인시_20260920/law_sync/_cache/eflaw_20260924/농수산물_품질관리법_시행령.xml,25466,23e5629e968c7557e944d0a185dc61fde4f95ad8f2c62c3d33a6c278f739ce83
_데모_용인시_20260920/law_sync/_cache/eflaw_20260924/농약관리법.xml,82415,a98f9a84607b506546bd8099d62d0f83d119a8c786a29623e678984f7e15a5f7
_데모_용인시_20260920/law_sync/_cache/eflaw_20260924/농약관리법_시행규칙.xml,46987,bfab619193f663ca232b9e0061d489d843998ed800255f011e606c5033399c42
_데모_용인시_20260920/law_sync/_cache/eflaw_20260924/농약관리법_시행령.xml,38874,d9f3e4d4d5a4fff40e2e2f8cea30fed1e695777a1c452511d307bbe95d076cf2
_데모_용인시_20260920/law_sync/_cache/eflaw_20260924/농어업재해보험법.xml,54872,8a8b1b4d56c1dbc870b634bef331a1ab84cd7ade99e9eab0c905bb6949286ad7
_데모_용인시_20260920/law_sync/_cache/eflaw_20260924/농어업재해보험법_시행령.xml,31939,03b371d35ce0833eda76a3f91e88e557d83bb1ce99650d76d4baf094f13bfc02
_데모_용인시_20260920/law_sync/_cache/eflaw_20260924/농어촌도로_정비법.xml,66165,c7d0deb12bd78c221cb6ebb96ebe4be210139ae2e7067810f67cf0f44b350f05
_데모_용인시_20260920/law_sync/_cache/eflaw_20260924/농어촌도로_정비법_시행규칙.xml,14035,21659f77cc7a73c287028a6515c7095bebd675641af2cba2621f38593b798887
_데모_용인시_20260920/law_sync/_cache/eflaw_20260924/농어촌도로_정비법_시행령.xml,21104,db504db5944492408e856880b9921230dc61ccd0881dd438e8b5fc739ebc993e
_데모_용인시_20260920/law_sync/_cache/eflaw_20260924/농어촌정비법.xml,81202,3e4c2d2aa5b0690de56e2afe89d8ac8aa43d13d20947a9e0937222d6885d48b2
_데모_용인시_20260920/law_sync/_cache/eflaw_20260924/농어촌정비법_시행규칙.xml,53458,f35e73365845ea94b427df085582065aafe4c4a3f3fc98040b4a561ec3373b67
_데모_용인시_20260920/law_sync/_cache/eflaw_20260924/농어촌정비법_시행령.xml,80301,f4e398e3880dbb78590279689d47c5e2175f6f389fea81d15e5c623395581659
_데모_용인시_20260920/law_sync/_cache/eflaw_20260924/다중이용업소의_안전관리에_관한_특별법.xml,80410,efdedbc3e6cf2364adb1b9375d2f868f7bfa2786db161852ce1fca5d0d7579cb
_데모_용인시_20260920/law_sync/_cache/eflaw_20260924/다중이용업소의_안전관리에_관한_특별법_시행규칙.xml,24621,a7a82db65ff85c1aebaa723df407b69288db1016af398e28709cb2e48498d385
_데모_용인시_20260920/law_sync/_cache/eflaw_20260924/다중이용업소의_안전관리에_관한_특별법_시행령.xml,32859,9228c7bca952d9e87b1dd5180dd746e742fab3075b42335904f4b806c71c98cf
_데모_용인시_20260920/law_sync/_cache/eflaw_20260924/대기관리권역의_대기환경개선에_관한_특별법.xml,32549,f19cb320a50e140b3f55c7dcc3e0ba71bb19509af0db7ff456f4a26c4d0cf366
_데모_용인시_20260920/law_sync/_cache/eflaw_20260924/대기관리권역의_대기환경개선에_관한_특별법_시행규칙.xml,9212,3a5362a415418cdae37e2d2f48fe1139edece3f160d79b83a2cd6b656f818190
_데모_용인시_20260920/law_sync/_cache/eflaw_20260924/대기관리권역의_대기환경개선에_관한_특별법_시행령.xml,12601,81a1ead637c402de11c8f96af49571b508f39087620737ae64391e95ff79d6c1
_데모_용인시_20260920/law_sync/_cache/eflaw_20260924/대기환경보전법.xml,79565,c68f7c91bab1c4c9087404cd1fd959689e2a2906d607b8bdb223571d27159cdb
_데모_용인시_20260920/law_sync/_cache/eflaw_20260924/대기환경보전법_시행규칙.xml,81636,0bafc1047979832e8a348f5233a99996addfcbab1fb44f04498059fcff4c7b3b
_데모_용인시_20260920/law_sync/_cache/eflaw_20260924/대기환경보전법_시행령.xml,81011,ff503adad61e1001214cd57ae96e1f59eb68c51173fb6262113a661ded364d19
_데모_용인시_20260920/law_sync/_cache/eflaw_20260924/댐건설_관리_및_주변지역지원_등에_관한_법률.xml,18372,81c09f32851fb24f3cda0a4a29cc13c95b7ff90edc1db70c7e7f156fdfead07c
_데모_용인시_20260920/law_sync/_cache/eflaw_20260924/댐건설_관리_및_주변지역지원_등에_관한_법률_시행규칙.xml,2945,2f0f9d82ae738b7ad64ca7750dfb02125fcd164b0d7280f018a21cc772c96dad
_데모_용인시_20260920/law_sync/_cache/eflaw_20260924/댐건설_관리_및_주변지역지원_등에_관한_법률_시행령.xml,7262,3bc41245b812b850f8f1afa4d287dd767c7552b2ea97ede9dd04853cd46d6af0
_데모_용인시_20260920/law_sync/_cache/eflaw_20260924/도로교통법.xml,77339,37697d062dc40a25203119e66ad68576353171b4c66ecf643887d371b36757b8
_데모_용인시_20260920/law_sync/_cache/eflaw_20260924/도로교통법_시행규칙.xml,79882,90e852fe7391a38a20da41358e27f7c2054191657b6533a896082d29aedb6ada
_데모_용인시_20260920/law_sync/_cache/eflaw_20260924/도로교통법_시행령.xml,78961,db5606c4d9bc2c172be32ac0cd53d5ad7860ccade69603365d6fcbf284db9b2d
_데모_용인시_20260920/law_sync/_cache/eflaw_20260924/도로법.xml,77439,c292bd845eb252d3cb32caf420ef0960ba93c4899fdc46752296c3599b3b485a
_데모_용인시_20260920/law_sync/_cache/eflaw_20260924/도로법_시행규칙.xml,67082,54d4e4594d34b121b281c299cced19603081c90495db2a7b578204838c520b07
_데모_용인시_20260920/law_sync/_cache/eflaw_20260924/도로법_시행령.xml,78866,58c88854aad9dc1077f0fdaa0bf7466f5519a1b673e386c2424c072604ab80f6
_데모_용인시_20260920/law_sync/_cache/eflaw_20260924/도로의_구조_시설_기준에_관한_규칙.xml,18213,c43c9e153b686d72ca1e457d8c6c837a5dabcbda5446e2dc6c4cef9c65925ec1
_데모_용인시_20260920/law_sync/_cache/eflaw_20260924/도서관법.xml,78632,c9a787ee93d94a25a9d65c510750c25c05df228253ce6057b991ff3147bc774c
_데모_용인시_20260920/law_sync/_cache/eflaw_20260924/도서관법_시행규칙.xml,16236,430ed378b84847d58bf934384f0c776426f9efa8318dbf8efd3f77c0b5434646
_데모_용인시_20260920/law_sync/_cache/eflaw_20260924/도서관법_시행령.xml,29461,728e5a00978ad98b94e372ce4c235dbf2d3ced5908e9e641be011ee21bd4f7f5
_데모_용인시_20260920/law_sync/_cache/eflaw_20260924/도시_및_주거환경정비법.xml,81162,69ab2a343cacef46c3d034412d3f249ff0a63481b0ff9ab6621ed316b7fc2227
_데모_용인시_20260920/law_sync/_cache/eflaw_20260924/도시_및_주거환경정비법_시행규칙.xml,30747,d770f8e326658e21dedef050a958cce812de45c27b886e69b6027ebda192098c
_데모_용인시_20260920/law_sync/_cache/eflaw_20260924/도시_및_주거환경정비법_시행령.xml,77042,1a48fc8941950e9ea00c454912ed5d708e57024d410f868b7ad126f65eda0f05
_데모_용인시_20260920/law_sync/_cache/eflaw_20260924/도시가스사업법.xml,79759,aafc93bae2dde8af9dfb706f0bff160f3dfd496851f079da3727da90eb8603e6
_데모_용인시_20260920/law_sync/_cache/eflaw_20260924/도시가스사업법_시행규칙.xml,56113,b6c811027c74e7f2edc36df36876d9b22afe29e2bd71b2a11cbe947b61b06805
_데모_용인시_20260920/law_sync/_cache/eflaw_20260924/도시가스사업법_시행령.xml,40956,f525b302613b22116d4f899b0d2b32164cd832a3478592a50a0a31b9217d8eff
_데모_용인시_20260920/law_sync/_cache/eflaw_20260924/도시공원_및_녹지_등에_관한_법률.xml,84520,54013e0f0b0c383a5529145a35146616d815741791fe4083f565465704e6168c
_데모_용인시_20260920/law_sync/_cache/eflaw_20260924/도시공원_및_녹지_등에_관한_법률_시행규칙.xml,29492,c8f8eba7e09fcff1956f8120036d43ab34e3b23dccd7f9dbcc6b2912e67b5747
_데모_용인시_20260920/law_sync/_cache/eflaw_20260924/도시공원_및_녹지_등에_관한_법률_시행령.xml,51101,f7b1e2a97564c6200265dbcca478c5087bad2d3f0ed73f9bcee973b2426465fb
_데모_용인시_20260920/law_sync/_cache/eflaw_20260924/도시교통정비_촉진법.xml,82658,a5dd392f5218ca40167e3fc3a30d6ac9f6bf2ae1c13e59260f5448a56422262f
_데모_용인시_20260920/law_sync/_cache/eflaw_20260924/도시교통정비_촉진법_시행규칙.xml,23994,62be6a842ec589a524ddd8154fd10aa82285a3087c7ed827a307e29b559d8d6a
_데모_용인시_20260920/law_sync/_cache/eflaw_20260924/도시교통정비_촉진법_시행령.xml,64598,46daa23eb23145dcea1f85634b86c8ece353b77bc9416e02239ed78c05bf5022
_데모_용인시_20260920/law_sync/_cache/eflaw_20260924/도시철도건설규칙.xml,12867,e9f1091f963ce938d59e2bebd59d093492318cb72838345a5a93f1e3ad5da8ef
_데모_용인시_20260920/law_sync/_cache/eflaw_20260924/도시철도법.xml,78685,d9d3e0b95e474cf08e68c4a868b8d93e958fccca30bf5d09a8c9821168b02f2b
_데모_용인시_20260920/law_sync/_cache/eflaw_20260924/도시철도법_시행규칙.xml,10687,6635ac2c506e1b6c3a853c58190eed167ea90b1d2c17e062049765007fce905b
_데모_용인시_20260920/law_sync/_cache/eflaw_20260924/도시철도법_시행령.xml,57273,773a04782f073e977f28bdd712784c394a16bdb6c4491242f15fb398e3fefd47
_데모_용인시_20260920/law_sync/_cache/eflaw_20260924/도시철도운전규칙.xml,9767,e83727fcae7d8b161521914ea1671672f0f5d91cdf58f6f6481115647da0747f
_데모_용인시_20260920/law_sync/_cache/eflaw_20260924/도시철도채권_매입사무_취급규칙.xml,10895,3fe181c980b36213df18539590fdc89f3c3632ca597a7a816c7de49de586c34e
_데모_용인시_20260920/law_sync/_cache/eflaw_20260924/도시하천유역_침수피해방지대책법.xml,4549,072f3f5e521feac0934f2c858c639c90b959284f39c00140595d4a2676339540
_데모_용인시_20260920/law_sync/_cache/eflaw_20260924/도시하천유역_침수피해방지대책법_시행령.xml,2891,013bab38d690258affe556dff5c459252dc43ebe0a8560281476fd5f3ad5ca95
_데모_용인시_20260920/law_sync/_cache/eflaw_20260924/동물용_의약품등_취급규칙.xml,38771,7a439f73017aa51a83f08701350db8aca54167c89c686a33bb0210f9825b02d5
_데모_용인시_20260920/law_sync/_cache/eflaw_20260924/마약류_관리에_관한_법률.xml,85121,5acce44092c258c7dcaa9410d2fa42b1b0a9e1416ebf943c1090f729eb8b3628
_데모_용인시_20260920/law_sync/_cache/eflaw_20260924/마약류_관리에_관한_법률_시행규칙.xml,29308,ef63f2f99ab8379454e4004c761099accef41d38078413b64df039984401c7a0
_데모_용인시_20260920/law_sync/_cache/eflaw_20260924/마약류_관리에_관한_법률_시행령.xml,54505,8a8027c550934ef52f97eb3ae60174ad0ca78017dc67988acf244439031a0d27
_데모_용인시_20260920/law_sync/_cache/eflaw_20260924/마약류보상금_지급규칙.xml,6602,fb7419ccb7c9e5bebd9e3697f8cfb2f5052a557054df1c485b9d8afa0d906b13
_데모_용인시_20260920/law_sync/_cache/eflaw_20260924/먹는물관리법.xml,80220,c72200ef17659db20f9cf963adae6706b23a0965585f60dc5137ab4650a813bd
_데모_용인시_20260920/law_sync/_cache/eflaw_20260924/먹는물관리법_시행규칙.xml,41691,832447e68f527c01c0d94d1c872f980dc17c959391df960f998841da38080f1e
_데모_용인시_20260920/law_sync/_cache/eflaw_20260924/먹는물관리법_시행령.xml,29203,27e4b533d97a3ff429b37f7069426e82b7a92e7b9006384cf7c7774a184d7c63
_데모_용인시_20260920/law_sync/_cache/eflaw_20260924/모자보건법.xml,74432,26732cc1ebab860fcf76ac8a57a58cad44dd307d4944f2d6e93de52f5d9d398a
_데모_용인시_20260920/law_sync/_cache/eflaw_20260924/모자보건법_시행규칙.xml,23519,9a7889bda71b4898550154c9493b8fd4eca7460bbbcd5077424291bb665ea77c
_데모_용인시_20260920/law_sync/_cache/eflaw_20260924/모자보건법_시행령.xml,24027,5fa315f228b43900735fb90615cbce2a29951cc92e00fa6f48bce2a4d3f0206b
_데모_용인시_20260920/law_sync/_cache/eflaw_20260924/문화유산의_보존_및_활용에_관한_법률.xml,44315,12e88e446c3937816c9bec7671611ccf58a1ecd70c835663c4a113cb5f50b8c3
_데모_용인시_20260920/law_sync/_cache/eflaw_20260924/문화유산의_보존_및_활용에_관한_법률_시행규칙.xml,9066,037a77d428eab357afb3ca7a98490f0e4bc8759369882afc92430f1e06587894
_데모_용인시_20260920/law_sync/_cache/eflaw_20260924/문화유산의_보존_및_활용에_관한_법률_시행령.xml,14872,b1d2fe91f6f36f624eb645c3f23a192273332294af2b0d1db8355093722791ae
_데모_용인시_20260920/law_sync/_cache/eflaw_20260924/물류시설의_개발_및_운영에_관한_법률.xml,83694,18d4d2e28ef8ebb6046baa6aed401359f23d7da95b54df8197762e646c08d30d
_데모_용인시_20260920/law_sync/_cache/eflaw_20260924/물류시설의_개발_및_운영에_관한_법률_시행규칙.xml,29712,371c38810222dfa8b8a8a735995e516110a7ff5abecfc110a1eda85073ddaa84
_데모_용인시_20260920/law_sync/_cache/eflaw_20260924/물류시설의_개발_및_운영에_관한_법률_시행령.xml,58285,25bf4486936cada8c6f5da2a34d68589ae217ee35c5cea9942b4f353abaab4a7
_데모_용인시_20260920/law_sync/_cache/eflaw_20260924/물류창고업_등록에_관한_규칙.xml,5823,68a8fed5f681285c5ed80307e44c7f7cc61077c8580f6e0a9c856fcbe8d5129c
_데모_용인시_20260920/law_sync/_cache/eflaw_20260924/물의_재이용_촉진_및_지원에_관한_법률.xml,49946,a07863526ab6910a8eea541fb3e1681937910eb9e9b75009813c1df1a94e913d
_데모_용인시_20260920/law_sync/_cache/eflaw_20260924/물의_재이용_촉진_및_지원에_관한_법률_시행규칙.xml,10761,045db961877082f52ef7e57a830e64a14cd25bf7d6d04493fd0355d120c8c564
_데모_용인시_20260920/law_sync/_cache/eflaw_20260924/물의_재이용_촉진_및_지원에_관한_법률_시행령.xml,23601,1418764ff49f247bda2112c9610a48c4e59d799ec0bfaf7e20c99d516f65d678
_데모_용인시_20260920/law_sync/_cache/eflaw_20260924/물환경보전법.xml,61232,eb0a221c15ad8371513d04de528b3a86bfb91928627247d17a96d97bf27dabdd
_데모_용인시_20260920/law_sync/_cache/eflaw_20260924/물환경보전법_시행규칙.xml,24561,59c07cfff82150c45c4657a8a74c1b4dc52cb77e03b7628cb4aaefee6ba83110
_데모_용인시_20260920/law_sync/_cache/eflaw_20260924/물환경보전법_시행령.xml,19593,d6ef5bbd1490a96348639583b56c51325ea51de508342fa36f33eccf1ec80570
_데모_용인시_20260920/law_sync/_cache/eflaw_20260924/미세먼지_저감_및_관리에_관한_특별법.xml,28468,7977386f75046a7e5a7309964cfc5e5682560604142ba4d6287067055aa5b194
_데모_용인시_20260920/law_sync/_cache/eflaw_20260924/미세먼지_저감_및_관리에_관한_특별법_시행규칙.xml,8991,47bfaaafce73fe41a522f0d976a3b75806dd1f8e06923eb2463d63e363d75cbe
_데모_용인시_20260920/law_sync/_cache/eflaw_20260924/미세먼지_저감_및_관리에_관한_특별법_시행령.xml,9775,770b8b08fbedf67e3bb827027419544e18a9e0b86c9f6eb170548ea5cb11e3fe
_데모_용인시_20260920/law_sync/_cache/eflaw_20260924/민방위기본법.xml,79410,2dc5e6417622cd6f4c72ea295a59fb8467c20417c5611ff851bbb0bb65fa1fb6
_데모_용인시_20260920/law_sync/_cache/eflaw_20260924/민방위기본법_시행규칙.xml,31539,bc40e587cc57b93b50800ebafe17ba6c926db6f3ce60c98d3e2be272278f30ee
_데모_용인시_20260920/law_sync/_cache/eflaw_20260924/민방위기본법_시행령.xml,63876,8c38d11b80c23d66f5026955f0f053f767f22010370e70f8444afa16c29863b8
_데모_용인시_20260920/law_sync/_cache/eflaw_20260924/박물관_및_미술관_진흥법.xml,84203,e94856c28d2ea72b244668017f0e1efeb897acdc2ce19ad65842d8435536b0b3
_데모_용인시_20260920/law_sync/_cache/eflaw_20260924/박물관_및_미술관_진흥법_시행규칙.xml,20133,bfbd70d015a272e8a18a6f105df1ed7d1634086473ed8f9ef7b4cbfcd4b297f7
_데모_용인시_20260920/law_sync/_cache/eflaw_20260924/박물관_및_미술관_진흥법_시행령.xml,34150,3a0a05ab7e9d724f419285843eae80ee835f1faeb407be8bc8571082ca3e8571
_데모_용인시_20260920/law_sync/_cache/eflaw_20260924/방송통신발전_기본법.xml,49243,024165da9e264db0e871de8c0e4300405949aff25dc123064a0c8857af052f0b
_데모_용인시_20260920/law_sync/_cache/eflaw_20260924/방송통신발전_기본법_시행령.xml,24267,05f4f2e52619b2fe100197c154b0b8c189b0a9d933951ff72c3775492b052dcf
_데모_용인시_20260920/law_sync/_cache/eflaw_20260924/방조제_관리법.xml,36500,ca0f36555a9fb7bb2d5f38fa1feabbdff0ba45c33a52fe006e34753689ef5b3e
_데모_용인시_20260920/law_sync/_cache/eflaw_20260924/방조제_관리법_시행규칙.xml,13504,0ff5b4bee8d9575eeb658db57afdd08f70eee6a513e4711c4f7ab316301e19aa
_데모_용인시_20260920/law_sync/_cache/eflaw_20260924/방조제_관리법_시행령.xml,14674,5c6de1be8d98c9890db9af6dd568bbe6409c33c02af474c2abd6bba0f34a95b4
_데모_용인시_20260920/law_sync/_cache/eflaw_20260924/보행안전_및_편의증진에_관한_법률.xml,28279,f06b227e3f3158054859debdee359d2391fbb8c3a3ae15d83accebe5f04176da
_데모_용인시_20260920/law_sync/_cache/eflaw_20260924/보행안전_및_편의증진에_관한_법률_시행규칙.xml,5714,7bb7523f1145b2297119b8dde2ef2ddb08755cef223b55cf498aa9952f9623ca
_데모_용인시_20260920/law_sync/_cache/eflaw_20260924/보행안전_및_편의증진에_관한_법률_시행령.xml,12181,d29606c9786fd52a3513a27696c2106a78f898cc2f25fdd5985f73b444ce0e5b
_데모_용인시_20260920/law_sync/_cache/eflaw_20260924/비료관리법.xml,80099,be06d1ca156add00bce90a1aaf2ee836214794b74c731591fe0216f21c57e3eb
_데모_용인시_20260920/law_sync/_cache/eflaw_20260924/비료관리법_시행규칙.xml,34299,b70a4eebc2dabcf886d2385a3c88718e4f1e59cf4557a1c6be81c11342d902f1
_데모_용인시_20260920/law_sync/_cache/eflaw_20260924/비료관리법_시행령.xml,25783,e62c5493a5ad1f0f30f457cd2a794e09d5c3723d25b7fdc947e0264681fe5834
_데모_용인시_20260920/law_sync/_cache/eflaw_20260924/비상대비에_관한_법률.xml,19527,ec4b93118d50b314a3d04e156cede505177f10fdba8a194a525cf9048616919e
_데모_용인시_20260920/law_sync/_cache/eflaw_20260924/비상대비에_관한_법률_시행규칙.xml,15521,5fdc0a6249100c9dcad675433137b5a68e3687a77e33c61951b5efb2422eae2c
_데모_용인시_20260920/law_sync/_cache/eflaw_20260924/비상대비에_관한_법률_시행령.xml,3515,6922fe4cf5804c1e1c7c43bcdd20c5d599d70b1e785b5fe0913a7d25745cde09
_데모_용인시_20260920/law_sync/_cache/eflaw_20260924/사격_및_사격장_안전관리에_관한_법률.xml,27293,ff6fdf8c1cad1cac5bccdc777bb0c1c1d49d2b6b9a5d53f2967ee711393e1535
_데모_용인시_20260920/law_sync/_cache/eflaw_20260924/사격_및_사격장_안전관리에_관한_법률_시행규칙.xml,6342,296d5c856c3aaa021ae58a5ef7bbc0bf742d3770cc3656051871f1e9265a6a88
_데모_용인시_20260920/law_sync/_cache/eflaw_20260924/사격_및_사격장_안전관리에_관한_법률_시행령.xml,12205,e598b11bcc69fb7265238e778c3a35992c2bd886e99b96c9ea96fae99fd948d1
_데모_용인시_20260920/law_sync/_cache/eflaw_20260924/사료관리법.xml,76890,bd582be48be6d69d6a6cc577a118a9b586f36d5e7fd3e34e75cf7307290a9601
_데모_용인시_20260920/law_sync/_cache/eflaw_20260924/사료관리법_시행규칙.xml,38311,1ec555967608820943c628d8d156c55c9774d0ea42af0b2cee5523dc8aba9850
_데모_용인시_20260920/law_sync/_cache/eflaw_20260924/사료관리법_시행령.xml,16988,1f33be951553d3f3ce90c37224e41d8591d5aaf079edad2d05c8900dcd513416
_데모_용인시_20260920/law_sync/_cache/eflaw_20260924/사방사업법.xml,78807,efaa7dafad3279006457b16c5ece32b834478d1e4662cfad9eaae8bb9a626799
_데모_용인시_20260920/law_sync/_cache/eflaw_20260924/사방사업법_시행규칙.xml,32155,21164116f79aec0dd38bee7c732c45a376429162ee85298b67e686654d2876b1
_데모_용인시_20260920/law_sync/_cache/eflaw_20260924/사방사업법_시행령.xml,44236,92d5812e26fcc404562622468c6f5469bfec4d00933582652e6f1e06bcbb3fc6
_데모_용인시_20260920/law_sync/_cache/eflaw_20260924/산림보호법.xml,78914,7cfb58b931f8537b439758265c46e4193b4bb6175ccebf04d19bc1c168f67a2b
_데모_용인시_20260920/law_sync/_cache/eflaw_20260924/산림보호법_시행규칙.xml,29941,bfe11eec888130c595b2712fc20a08cac8582dfc1c28fad233c163e123ad402c
_데모_용인시_20260920/law_sync/_cache/eflaw_20260924/산림보호법_시행령.xml,50632,706d99d7f5241ee22673071688de4d33d0a82e767b591402e35c1c636a5ae6ad
_데모_용인시_20260920/law_sync/_cache/eflaw_20260924/산림복지_진흥에_관한_법률.xml,34695,98df281edd14fce254d4b57f818976ad2400effe065fd47e3e2fca581e12a959
_데모_용인시_20260920/law_sync/_cache/eflaw_20260924/산림복지_진흥에_관한_법률_시행규칙.xml,4545,95994f6f633676b60d51c1420c58a0ae0dfe2f017dbfe96e0749a8eca898a552
_데모_용인시_20260920/law_sync/_cache/eflaw_20260924/산림복지_진흥에_관한_법률_시행령.xml,10281,aaa818157ad5e6e2c114ca6614372c943634006fe2798c5e5f98af156dd5ed4e
_데모_용인시_20260920/law_sync/_cache/eflaw_20260924/산림재난방지법.xml,5752,b93600936dae25d328552b734640504bb829130dfeed8cbe5abdb9a4c14a9129
_데모_용인시_20260920/law_sync/_cache/eflaw_20260924/산림재난방지법_시행규칙.xml,1087,423070e2500389a1a31ccae454685f75cc4e0fb4a584e0e92a4f47fe87a8cb6e
_데모_용인시_20260920/law_sync/_cache/eflaw_20260924/산림재난방지법_시행령.xml,1069,eacf706593111cfb734ae37709210c3ca366958cf116b5dd51e4114c0212485a
_데모_용인시_20260920/law_sync/_cache/eflaw_20260924/산업안전보건기준에_관한_규칙.xml,36105,db723d81554b4e0ca7f080859182bcc2366d9ca848d1009fbd1fe174ab71f319
_데모_용인시_20260920/law_sync/_cache/eflaw_20260924/산업안전보건법.xml,79432,5dbe089b1969cfad52528237e59e98a86d755b69a2ff3065971cf7c36a9a6517
_데모_용인시_20260920/law_sync/_cache/eflaw_20260924/산업안전보건법_시행규칙.xml,76676,1498abd785e74baa8de95cfb9fcceffbe6434dc30408a349a4c8e54e7fd5b1ca
_데모_용인시_20260920/law_sync/_cache/eflaw_20260924/산업안전보건법_시행령.xml,79259,e0a263aff39f5cf586bbe6e125b6500792031a4dc1d8586aa38dcf94209f8e2e
_데모_용인시_20260920/law_sync/_cache/eflaw_20260924/산업입지_및_개발에_관한_법률.xml,81898,cd168fdb212f3d1b9da1fa083712c9eb0ff26f46c7625459c6a911853fd200db
_데모_용인시_20260920/law_sync/_cache/eflaw_20260924/산업입지_및_개발에_관한_법률_시행규칙.xml,25870,3c36a749701f1a93810d3529467d20a913f0805b6b150e8c9617dc5d517b9d4e
_데모_용인시_20260920/law_sync/_cache/eflaw_20260924/산업입지_및_개발에_관한_법률_시행령.xml,84552,00244314c4ffcb4b36f8d4bf5f89d33c510317dc7e10bfc2070ca826ba2db8c6
_데모_용인시_20260920/law_sync/_cache/eflaw_20260924/산업재해보상보험법.xml,80871,e2bf1ee27c66c939e40145b48d63ba0b4dd42d9126b9ac3c1d1b2ca73c9a8d6c
_데모_용인시_20260920/law_sync/_cache/eflaw_20260924/산업재해보상보험법_시행규칙.xml,52933,baca488016f2c0a8a1547e407b4ea1de36b624ae3d8ed41b1df9bd05540b08f4
_데모_용인시_20260920/law_sync/_cache/eflaw_20260924/산업재해보상보험법_시행령.xml,80667,a69949861fbdda71ddb4c98d75493a2fd2de81737fe06655c5ff3203f4609b8d
_데모_용인시_20260920/law_sync/_cache/eflaw_20260924/산업집적활성화_및_공장설립에_관한_법률.xml,83532,f25ea51d9fa5a175b86724304f610c9afe4da4ebfb01d9ef9e408dce0c30b6c1
_데모_용인시_20260920/law_sync/_cache/eflaw_20260924/산업집적활성화_및_공장설립에_관한_법률_시행규칙.xml,33456,36b33181a71576731b7db436767aa81dc1e0a8e799a4980cd667c8502b60484e
_데모_용인시_20260920/law_sync/_cache/eflaw_20260924/산업집적활성화_및_공장설립에_관한_법률_시행령.xml,86067,060fad0a2e10dc6455c575bdc6542211d7e3f60d4ce1d86bb60c8445dc247181
_데모_용인시_20260920/law_sync/_cache/eflaw_20260924/산업표준화법.xml,79323,1d99f31aef2cae76f300c98f33c77d42202d7be0afdd62dff88875c0efed5b96
_데모_용인시_20260920/law_sync/_cache/eflaw_20260924/산업표준화법_시행규칙.xml,22994,03a331f937157f2b0e940978a7c1f946d4474ce859176d82a484552e6c783a5e
_데모_용인시_20260920/law_sync/_cache/eflaw_20260924/산업표준화법_시행령.xml,20946,ab282cc4b90afa7aa3ea27a3bf70353941fa3d972cf85316f9b46e4987d6c157
_데모_용인시_20260920/law_sync/_cache/eflaw_20260924/산지관리법.xml,78518,18e419c7ec5219771e30581f6e11c5ee7c805564606c3b9b054d92620b8b13c5
_데모_용인시_20260920/law_sync/_cache/eflaw_20260924/산지관리법_시행규칙.xml,45030,272704373aef73c9916640b5b96e7107c34cc49197cd7868fbfd49c61e3069e3
_데모_용인시_20260920/law_sync/_cache/eflaw_20260924/산지관리법_시행령.xml,78973,154d2e7ed89e1d80db2b4bfb34d8fcc832c9ae1083d7c11a70e5d5896fa53d60
_데모_용인시_20260920/law_sync/_cache/eflaw_20260924/생활물류서비스산업발전법.xml,23809,eea349fc868adf74283793991e823d3c47c7705366ff34a624ce4ab23a2633eb
_데모_용인시_20260920/law_sync/_cache/eflaw_20260924/생활물류서비스산업발전법_시행규칙.xml,7173,3cf45f45dc958b30a17235921c61513d570473b918a6ea12864d6b05ae12f336
_데모_용인시_20260920/law_sync/_cache/eflaw_20260924/생활물류서비스산업발전법_시행령.xml,7074,7df8f10a0546ce8bbaa507c774781382e1051f0e6be69f7522e50eefdf3cecb1
_데모_용인시_20260920/law_sync/_cache/eflaw_20260924/생활주변방사선_안전관리법.xml,28915,51e992283d183aac5cdb1641693816bc1dbe1e17c16340ec0ce28eee3786e4af
_데모_용인시_20260920/law_sync/_cache/eflaw_20260924/생활주변방사선_안전관리법_시행규칙.xml,6274,fdcf2d6512270843fcbf6ae5253ddf81a5b1dfe5ec6540f70a82443a3992afc7
_데모_용인시_20260920/law_sync/_cache/eflaw_20260924/생활주변방사선_안전관리법_시행령.xml,12214,42f26cf537e0adbd0f3a7b7faf42007f421291b530ece5ed308b2b26a37ebe9b
_데모_용인시_20260920/law_sync/_cache/eflaw_20260924/생활화학제품_및_살생물제의_안전관리에_관한_법률.xml,37320,7b0a59f4f292bfc199e4caf631227367417dbfa1004a0d045792ca065812dbba
_데모_용인시_20260920/law_sync/_cache/eflaw_20260924/생활화학제품_및_살생물제의_안전관리에_관한_법률_시행규칙.xml,15559,51921bcb79a602b8dfe893de2bac0c669392916c2aad7eedfb49f31ab3bb1ef6
_데모_용인시_20260920/law_sync/_cache/eflaw_20260924/생활화학제품_및_살생물제의_안전관리에_관한_법률_시행령.xml,10063,a601848432a680d8f141d7a5114831917c4b6ba5cb2907ae9dbd69bc7e803299
_데모_용인시_20260920/law_sync/_cache/eflaw_20260924/석면안전관리법.xml,46123,46f54a16f27411b0fed520969cae9a9bb04b4a0e2e4f459ef95978b332b1e613
_데모_용인시_20260920/law_sync/_cache/eflaw_20260924/석면안전관리법_시행규칙.xml,10846,57d6d4dd6465aec3ddbb300753e346056a540e05c90bea368058767c8439b0ff
_데모_용인시_20260920/law_sync/_cache/eflaw_20260924/석면안전관리법_시행령.xml,22894,64ba571c88ed948ab1edd69af3cf44a3076711fa3370e2eb7a27652546a65944
_데모_용인시_20260920/law_sync/_cache/eflaw_20260924/석유_및_석유대체연료_사업법.xml,84112,c36d863a7f5012757609f879f1a6942849dc941eabaf60150e80acbf8aa59e11
_데모_용인시_20260920/law_sync/_cache/eflaw_20260924/석유_및_석유대체연료_사업법_시행규칙.xml,34592,47892408a28389fc90464bcdca84dfe36aae7df8cf334efa8ac32b7ceb3b7713
_데모_용인시_20260920/law_sync/_cache/eflaw_20260924/석유_및_석유대체연료_사업법_시행령.xml,51634,5abdcae36eee60f8c3dc5774ae3520655b8a84efea5a4c3d0e506568cb8bb5d7
_데모_용인시_20260920/law_sync/_cache/eflaw_20260924/석유광산안전규칙.xml,3482,355e4c90eefdd1b8a38214791ad01a7c0002b58dff5ed376752dcc78e501dd43
_데모_용인시_20260920/law_sync/_cache/eflaw_20260924/선박법.xml,68420,9f48046933a44b74c9fc58502f0ef96b47385cd3473483304bd2b0494bf8e65b
_데모_용인시_20260920/law_sync/_cache/eflaw_20260924/선박법_시행규칙.xml,27268,4991e8fce9befe1d8373ccbead485cbebd3ba91ccef6781ff067d2bfa2786094
_데모_용인시_20260920/law_sync/_cache/eflaw_20260924/선박법_시행령.xml,20662,15239386cb81d53549009a3c6d5b3ae943e8dc83cb930d51651cf3f796720ab2
_데모_용인시_20260920/law_sync/_cache/eflaw_20260924/선박안전법.xml,79373,9d4eec0e3dbd347c174878f9dadc909858a7f6b5e5a28a206fb947504b20b69d
_데모_용인시_20260920/law_sync/_cache/eflaw_20260924/선박안전법_시행규칙.xml,52264,f73fffcd600723f86925ab899361ff922d6516d420ed6430f91e0c0d9d51d498
_데모_용인시_20260920/law_sync/_cache/eflaw_20260924/선박안전법_시행령.xml,29530,fab54c828f2f2c5293189b1a395412a71588be5caf85a134981616f348c61f46
_데모_용인시_20260920/law_sync/_cache/eflaw_20260924/선박에서의_오염방지에_관한_규칙.xml,33149,09943f74ec00eeeaeda5bac93b47b66bf5b20391b953ae9c77cd52ed69baee6d
_데모_용인시_20260920/law_sync/_cache/eflaw_20260924/선박의_입항_및_출항_등에_관한_법률.xml,47080,fd010bb28aa493b6a2caa2dbd1f060a44cf47f2279867fc270936759dca8be25
_데모_용인시_20260920/law_sync/_cache/eflaw_20260924/선박의_입항_및_출항_등에_관한_법률_시행규칙.xml,17703,ae93ed0a12472033ddf000650cad2f557e1bd2310b3b8af56a657ed4db4c8dd5
_데모_용인시_20260920/law_sync/_cache/eflaw_20260924/선박의_입항_및_출항_등에_관한_법률_시행령.xml,13961,68cd705edd63ab421197301be5d7cdd7155d670f59fe564b0a66e3b8112226a6
_데모_용인시_20260920/law_sync/_cache/eflaw_20260924/선박직원법.xml,78954,8d3df77a6900fca149769fa46d190ddef4b4136603f125139404c1f5869c5e91
_데모_용인시_20260920/law_sync/_cache/eflaw_20260924/선박직원법_시행규칙.xml,36259,249e2e621a1316bfedb72086d5394bcd6074df9fde520249cb308bd11022ab95
_데모_용인시_20260920/law_sync/_cache/eflaw_20260924/선박직원법_시행령.xml,55629,fd4870617dd6e51135450e065644dccc3f9097b36100f6e5a17a5c42e03f34af
_데모_용인시_20260920/law_sync/_cache/eflaw_20260924/선원법.xml,77980,cbc3fafeffa3ef228bf4b9bd64e5a29d2d92681341ad1f0e418acd33c77130f7
_데모_용인시_20260920/law_sync/_cache/eflaw_20260924/선원법_시행규칙.xml,62172,ae71243a4170730b96cbbe21a4d50e5e05914699857b80811719f6b1ee21203f
_데모_용인시_20260920/law_sync/_cache/eflaw_20260924/선원법_시행령.xml,48955,a904258f093e006f610d57fabddf24c9e2fa37e306bf08775ca1d5696f5eadec
_데모_용인시_20260920/law_sync/_cache/eflaw_20260924/소규모_공공시설_안전관리_등에_관한_법률.xml,13084,49644e0cae0251431332b4d0bcf0113810b980b5ccf4d92ca8e50d6d879f1811
_데모_용인시_20260920/law_sync/_cache/eflaw_20260924/소규모_공공시설_안전관리_등에_관한_법률_시행규칙.xml,2064,71192d157de31e61987212396162583082f60ee678e3d7497f0ed89cc1095c3f
_데모_용인시_20260920/law_sync/_cache/eflaw_20260924/소규모_공공시설_안전관리_등에_관한_법률_시행령.xml,3780,1762ff9a4c1de7383074ddb78e342738b9fa86974688f8c022be987fe56a3289
_데모_용인시_20260920/law_sync/_cache/eflaw_20260924/소방기본법.xml,78301,eac8dcd9935dd02d22a2c5e8eb348cc7ffd358f51af92961eec4f4d8f72f0285
_데모_용인시_20260920/law_sync/_cache/eflaw_20260924/소방기본법_시행규칙.xml,24898,2f23109a3d68dbcaaf3446cff675ede4ad6acebb135ab8af20f2974090cc5fc5
_데모_용인시_20260920/law_sync/_cache/eflaw_20260924/소방기본법_시행령.xml,43519,448084ce5752b51acf9260d3bb4220dec15e08a0c88a07d5321c5fc77ab994f3
_데모_용인시_20260920/law_sync/_cache/eflaw_20260924/소방력_기준에_관한_규칙.xml,14622,e5b78e00e171d4a91edb7c348301b6e381fa3521b1e57a7414b5b4adf4102f18
_데모_용인시_20260920/law_sync/_cache/eflaw_20260924/소방시설_설치_및_관리에_관한_법률.xml,85310,8afb6a43883430ea2e5987f7c0413069647d7bde1d61a3d239e98e958c0dffbe
_데모_용인시_20260920/law_sync/_cache/eflaw_20260924/소방시설_설치_및_관리에_관한_법률_시행규칙.xml,35951,2cf60e3e47c248d2f22b73176b365aa55d4d73bfd30bba71a01d7e5c5384ed81
_데모_용인시_20260920/law_sync/_cache/eflaw_20260924/소방시설_설치_및_관리에_관한_법률_시행령.xml,68289,2e930c87365bad47e2e43226b83b45e9fac1c9279e4f985a584d53ee445234c3
_데모_용인시_20260920/law_sync/_cache/eflaw_20260924/소방시설공사업법.xml,79494,95403985f9ccf45efc69732edda101e85c581c0a441877b5616390113864f272
_데모_용인시_20260920/law_sync/_cache/eflaw_20260924/소방시설공사업법_시행규칙.xml,35618,8095479079c90bdbb46d0c20c7efbff6a5ed7def80a544421f52cd5d6735f289
_데모_용인시_20260920/law_sync/_cache/eflaw_20260924/소방시설공사업법_시행령.xml,45632,0d2729183fddf4e47ab95ac7c5501b0bc040cb0848996bbbc0758195f528e0b8
_데모_용인시_20260920/law_sync/_cache/eflaw_20260924/소방용품의_품질관리_등에_관한_규칙.xml,17189,0186eb8977722bdafaf4b4129f2c4c2b88fa0230253848fcf56079b504f766fd
_데모_용인시_20260920/law_sync/_cache/eflaw_20260924/소비자기본법.xml,42411,8d05aa83db6ebe185d759103bcc50010ab71c032587536290c8c7fe38948d0a2
_데모_용인시_20260920/law_sync/_cache/eflaw_20260924/소비자기본법_시행령.xml,25925,a674f735c8a0f9cda8d91a6d850de27a02450f0865562c3697b032a9f45ca8f0
_데모_용인시_20260920/law_sync/_cache/eflaw_20260924/소상공인_보호_및_지원에_관한_법률.xml,58676,88ac5cca91d2ea14fbc09f39e32eb20f96ea23cb91f0399675ea8bef820d89f4
_데모_용인시_20260920/law_sync/_cache/eflaw_20260924/소상공인_보호_및_지원에_관한_법률_시행규칙.xml,9919,e8a1b1b180bac69d9d5553b7d26fbc188d16f554f7c43b7a1b8f85ed3662ce65
_데모_용인시_20260920/law_sync/_cache/eflaw_20260924/소상공인_보호_및_지원에_관한_법률_시행령.xml,20846,711efa02503ffe0fb2b40e7749cc7203e1973af72f54bd9603c06046ac4cc598
_데모_용인시_20260920/law_sync/_cache/eflaw_20260924/소상공인기본법.xml,9834,d4cedb8f8a4809936652b1a75a9cf4c595372d5863c1574551652fff2e9c780f
_데모_용인시_20260920/law_sync/_cache/eflaw_20260924/소상공인기본법_시행령.xml,5905,e5bda6ff5c3d7ec602589a31901bdea3f224cc38e2a454ba321631c7f4b24a5c
_데모_용인시_20260920/law_sync/_cache/eflaw_20260924/소음_진동관리법.xml,72977,e5910fc25f0643ba9c5b889a5ef2915fd7fc0055c59893adfc6aecb0f9134e51
_데모_용인시_20260920/law_sync/_cache/eflaw_20260924/소음_진동관리법_시행규칙.xml,31244,db083342cee4954bcc24c94dc7dacdbfb24d8436772ac46c36792a37238da7da
_데모_용인시_20260920/law_sync/_cache/eflaw_20260924/소음_진동관리법_시행령.xml,21365,a8be7b1fe86f544ba6e142e7458f0ac93d5437f2359e8499949e4564c0dc8706
_데모_용인시_20260920/law_sync/_cache/eflaw_20260924/소하천정비법.xml,61718,4f1b24755b8cb7b127e94a7fe73a5e9feac33df6287368acec8ab969e8c60c24
_데모_용인시_20260920/law_sync/_cache/eflaw_20260924/소하천정비법_시행규칙.xml,12311,a1da5236ef56eec2e7589bdfd096164ea78b1394aee480c7e6c4790d09b2a569
_데모_용인시_20260920/law_sync/_cache/eflaw_20260924/소하천정비법_시행령.xml,17759,837acf7019fc42eeea2d66036375e6d341e1dd5fe3ef55aa7840aeb25be2bea0
_데모_용인시_20260920/law_sync/_cache/eflaw_20260924/송유관_안전관리법.xml,38748,6dfe4a4c8d4f4f333ad6d3c0dd85e0b28285b480311f8cfcc6191e439cc2f24d
_데모_용인시_20260920/law_sync/_cache/eflaw_20260924/송유관_안전관리법_시행규칙.xml,8413,c8ea2729622d5fc5b211a3c9613fed7dd8a5cfd8b86fc48bdd8f1371763a6196
_데모_용인시_20260920/law_sync/_cache/eflaw_20260924/송유관_안전관리법_시행령.xml,11488,98e91d8986b52556f50320f6da90b10039f0e8af54edc9a874cd8a712a340d2c
_데모_용인시_20260920/law_sync/_cache/eflaw_20260924/수도법.xml,78308,d359e67a5e28c5bb4925cbd7d0a91a25cc4b94a67dc2d206480e5401ee2ea8a2
_데모_용인시_20260920/law_sync/_cache/eflaw_20260924/수도법_시행규칙.xml,80477,14c17da04e442ca6d1ff7556ea045ec39bafa0a672481f04d2f0bee3dc954ffb
_데모_용인시_20260920/law_sync/_cache/eflaw_20260924/수도법_시행령.xml,79767,acb2361132bc8baa97755e4827e56db259f78a95c12a58b43912baca6a32cc64
_데모_용인시_20260920/law_sync/_cache/eflaw_20260924/수목원_정원의_조성_및_진흥에_관한_법률.xml,44575,47b309fef5599148ca42b2307b161f7e90a8dc4ee1d5e03e000c271205ed57a2
_데모_용인시_20260920/law_sync/_cache/eflaw_20260924/수목원_정원의_조성_및_진흥에_관한_법률_시행규칙.xml,13424,e38f0e1ace971e55cd0ba241432d76da47f67d7f145a554380c251d25c6d6b64
_데모_용인시_20260920/law_sync/_cache/eflaw_20260924/수목원_정원의_조성_및_진흥에_관한_법률_시행령.xml,14863,f4922a5a2113e88f8893b4c3c72951a685546ff39d0c9429abd0960e2920fc30
_데모_용인시_20260920/law_sync/_cache/eflaw_20260924/수산관계법령_위반행위에_대한_행정처분의_기준과_절차에_관한_규칙.xml,15928,50cb6a5552c6081a6f1def9c478543d786eb7995f26379c9ba9031fb6668d24e
_데모_용인시_20260920/law_sync/_cache/eflaw_20260924/수상레저기구의_등록_및_검사에_관한_법률.xml,3756,231f6bc5cf6640942763d2df2df6faebe1e787f78ae3e21dc5fedc4451633a3b
_데모_용인시_20260920/law_sync/_cache/eflaw_20260924/수상레저기구의_등록_및_검사에_관한_법률_시행규칙.xml,1197,e542d108077ef8ede8cc1fdf85fe5dfbfe7b59f9b3223514e3dede2196953ffa
_데모_용인시_20260920/law_sync/_cache/eflaw_20260924/수상레저기구의_등록_및_검사에_관한_법률_시행령.xml,2052,b42f02ae7b21095d4d12af7cf3d24efa4af3fde1e6eff29b8e5ebd2f94220b31
_데모_용인시_20260920/law_sync/_cache/eflaw_20260924/수상레저안전법.xml,79909,52b521f0b0c4ab3e207ebcf9206450a76f30be2b8245222bf0182ca512a9c4ff
_데모_용인시_20260920/law_sync/_cache/eflaw_20260924/수상레저안전법_시행규칙.xml,30919,05967bbdb1bef673ce71b8ca1d905e7bd4a5aed0fff6bce15fef23d44b922693
_데모_용인시_20260920/law_sync/_cache/eflaw_20260924/수상레저안전법_시행령.xml,37797,cb8e80f967bd3019236ad5ddd501670db5f2d1ecd3305687740719379cd54d58
_데모_용인시_20260920/law_sync/_cache/eflaw_20260924/수상에서의_수색_구조_등에_관한_법률.xml,44492,f3671019d71d9f07f7f068c6371654583f1d348a2651e906acbc77e0353c1a93
_데모_용인시_20260920/law_sync/_cache/eflaw_20260924/수상에서의_수색_구조_등에_관한_법률_시행규칙.xml,15022,d4e5c63ed8e2a44ec5b87ca9fa710e4ce81b8e9d9728af7bc60f64957ebaa4fa
_데모_용인시_20260920/law_sync/_cache/eflaw_20260924/수상에서의_수색_구조_등에_관한_법률_시행령.xml,15697,3504ae11b346808992b0c09f2707072865d953a3fd10765be0974c3ff23d1470
_데모_용인시_20260920/law_sync/_cache/eflaw_20260924/수소경제_육성_및_수소_안전관리에_관한_법률.xml,26125,b8cd1b7c784b554c78e8ddb211326f91a0507bbace2fb1a01274a705d0b22477
_데모_용인시_20260920/law_sync/_cache/eflaw_20260924/수소경제_육성_및_수소_안전관리에_관한_법률_시행규칙.xml,7383,96f6da893d1686ca8a6d953e2b6bd642c72bfe958303104d62dd0ae2462e2e8f
_데모_용인시_20260920/law_sync/_cache/eflaw_20260924/수소경제_육성_및_수소_안전관리에_관한_법률_시행령.xml,9829,2c705f0bc24665043e686ae07e0bc37e69b547b9c3c049981fec3ae611b7513b
_데모_용인시_20260920/law_sync/_cache/eflaw_20260924/수입식품안전관리_특별법.xml,70862,e252c5668be935bab391b4fb098a6f043704d79094dee83fc8338f29a6ab9b02
_데모_용인시_20260920/law_sync/_cache/eflaw_20260924/수입식품안전관리_특별법_시행규칙.xml,33135,f8561c50258af2de0f91698a6bc57a80e06701859f39692a6659fa86cf7c8a2b
_데모_용인시_20260920/law_sync/_cache/eflaw_20260924/수입식품안전관리_특별법_시행령.xml,11777,9fabbbdaab284629ed270cb7d9a20a27a7445bdf1ec465785bbf11ba34079eaf
_데모_용인시_20260920/law_sync/_cache/eflaw_20260924/수자원의_조사_계획_및_관리에_관한_법률.xml,21607,d2dbd0e4fe3c6a43c6f6e9603428ad844236e16a6dbc03a65c23f177cb1f4864
_데모_용인시_20260920/law_sync/_cache/eflaw_20260924/수자원의_조사_계획_및_관리에_관한_법률_시행규칙.xml,3816,c5db9c450aa6431fca3ad94f0d2b8a06776ff48bfddad8aab6aba6530b99c8eb
_데모_용인시_20260920/law_sync/_cache/eflaw_20260924/수자원의_조사_계획_및_관리에_관한_법률_시행령.xml,6366,8a03f76d52f851a074f1d201f7258a5af03e54cb34f123e82905c6df7d4f0016
_데모_용인시_20260920/law_sync/_cache/eflaw_20260924/순환경제사회_전환_촉진법.xml,17271,565076c5127621de22f7a5867384d8e81dc492b63321b17704b279516df321ee
_데모_용인시_20260920/law_sync/_cache/eflaw_20260924/순환경제사회_전환_촉진법_시행규칙.xml,6351,fef88be0183493d72629c2de57a05a971273e644aa63652a7ada38b00af3ebf8
_데모_용인시_20260920/law_sync/_cache/eflaw_20260924/순환경제사회_전환_촉진법_시행령.xml,6261,d141d0512a62938282dea9de2a3ef47c9ee0ab37725c3ed70df700a212854800
_데모_용인시_20260920/law_sync/_cache/eflaw_20260924/순환골재_품질인증_및_관리에_관한_규칙.xml,15168,6606ff41b207775e745f6a7ebdfb296ade3044e259db158825f9dfb4bc2aee3b
_데모_용인시_20260920/law_sync/_cache/eflaw_20260924/승강기_안전관리법.xml,70344,f130ab18cc9a7fd9e7aeb3ffaab022e0552d371d67fdc575fc2814570b3093d9
_데모_용인시_20260920/law_sync/_cache/eflaw_20260924/승강기_안전관리법_시행규칙.xml,22152,0f1030f6de6f99b68f298facf68a9151f4a91a30838fc0932f3eed024ecf4e90
_데모_용인시_20260920/law_sync/_cache/eflaw_20260924/승강기_안전관리법_시행령.xml,27617,cac75540cf34b1dd149d261f427a086b15ea971c892860753e7a788b47177d16
_데모_용인시_20260920/law_sync/_cache/eflaw_20260924/시설물의_안전_및_유지관리에_관한_특별법.xml,42403,d3cb3dbf7b23e1190545c5d1b66c9b111bbbf20bbf2474c6e5eee333877d034a
_데모_용인시_20260920/law_sync/_cache/eflaw_20260924/시설물의_안전_및_유지관리에_관한_특별법_시행규칙.xml,10802,595e36c2805c67bad1f943634605c54d78c243da453e5dfa347859c14624d25f
_데모_용인시_20260920/law_sync/_cache/eflaw_20260924/시설물의_안전_및_유지관리에_관한_특별법_시행령.xml,22729,a80f0130a449884007752c80e0003d848ded4a3e0bb8ab446fdddb693b06b816
_데모_용인시_20260920/law_sync/_cache/eflaw_20260924/식품안전기본법.xml,32232,dbc70b2fbe7062d97a6b1e0ccc5f79fa5201b295d560826c711c7147fe772737
_데모_용인시_20260920/law_sync/_cache/eflaw_20260924/식품안전기본법_시행령.xml,15620,2369408cc9abb973f8dfcdf285b3b1cd814fb093a620cec4ed47974025bbfe00
_데모_용인시_20260920/law_sync/_cache/eflaw_20260924/식품위생법.xml,78847,b51adb2744afc4c2a806ea51fec530694af08033909c6506c3222edd2d68a3a8
_데모_용인시_20260920/law_sync/_cache/eflaw_20260924/식품위생법_시행규칙.xml,80636,1b87ff349d50be0fb7362150811ad178832643605f347c86b36664194f4c10b1
_데모_용인시_20260920/law_sync/_cache/eflaw_20260924/식품위생법_시행령.xml,80409,a1195a038653b196ec95b16e44051886223969e4811b89d4aaf13c5ff8a4fb27
_데모_용인시_20260920/law_sync/_cache/eflaw_20260924/실내공기질_관리법.xml,67795,23c223617e6c2983b1e4b0765b6e3672b0228538ae19d8b001a39b90cceb64a7
_데모_용인시_20260920/law_sync/_cache/eflaw_20260924/실내공기질_관리법_시행규칙.xml,29415,ccd6e39aa471666197463d2bf01bf0333855ffe3da06a5bda341de7204ef7f7d
_데모_용인시_20260920/law_sync/_cache/eflaw_20260924/실내공기질_관리법_시행령.xml,16428,f434d30a403877ae39d64c819e172d60ebd22a719f7efcc5d4035eecd358c7fe
_데모_용인시_20260920/law_sync/_cache/eflaw_20260924/아동복지법.xml,78471,120c4f8b1683195256b8116b68e544916888b23ba418b53a3a2bb56b0c55c7c5
_데모_용인시_20260920/law_sync/_cache/eflaw_20260924/아동복지법_시행규칙.xml,42767,bd90200134d91046abb8dcf084046865ac8676413535d1c71342be738886520c
_데모_용인시_20260920/law_sync/_cache/eflaw_20260924/아동복지법_시행령.xml,71577,b49dddc4058b30160c536307ea588fe0971845d21e314c7b265335e712056382
_데모_용인시_20260920/law_sync/_cache/eflaw_20260924/악취방지법.xml,59259,11dbb799a2f69445f3bc0e0d128dd7218a226d7741898a39ed82cb5b33b0bb65
_데모_용인시_20260920/law_sync/_cache/eflaw_20260924/악취방지법_시행규칙.xml,24444,636985d8751fb35d921acfb6466c6e86d5cda1294934879348e3e2435728f37b
_데모_용인시_20260920/law_sync/_cache/eflaw_20260924/악취방지법_시행령.xml,13894,f600f972e652d638272d889c9369d15158f2ac10bc413ae1865cb837c2776395
_데모_용인시_20260920/law_sync/_cache/eflaw_20260924/액화석유가스의_안전관리_및_사업법.xml,85593,5996315a97f6ffb3e02285b28ca9d787698e22de9b6a1ddf2c09cc926ac1f071
_데모_용인시_20260920/law_sync/_cache/eflaw_20260924/액화석유가스의_안전관리_및_사업법_시행규칙.xml,41279,00dbf349ecb576949cfc53b61a4ee058ba0d7f003f7ac44df71c9a34b02ce1c5
_데모_용인시_20260920/law_sync/_cache/eflaw_20260924/액화석유가스의_안전관리_및_사업법_시행령.xml,25134,63873bddf28a139537cb987d7d1ac93efc19562993516ba672d96463c2481029
_데모_용인시_20260920/law_sync/_cache/eflaw_20260924/야생생물_보호_및_관리에_관한_법률.xml,85337,bd15b016682c12e5ba05336f0ced28e2f04d5035ec50f36482ae3a9100e1b130
_데모_용인시_20260920/law_sync/_cache/eflaw_20260924/야생생물_보호_및_관리에_관한_법률_시행규칙.xml,29760,1df95cc8f57f0c822a488a799dd0b746ea8cab1e329d959aa3a0063cea1c79c1
_데모_용인시_20260920/law_sync/_cache/eflaw_20260924/야생생물_보호_및_관리에_관한_법률_시행령.xml,25213,f062af063e114468e366143213ced65ec9e3ba03801185a1302a0bc239b47d1c
_데모_용인시_20260920/law_sync/_cache/eflaw_20260924/약사법.xml,80693,a0a78155a792665365e36722be92cae51c597013339c4178b66cd59072ce59f2
_데모_용인시_20260920/law_sync/_cache/eflaw_20260924/약사법_시행규칙.xml,79843,dcc81cd44bfc303c58387afa29bac523a89404020260b48c02b4a6727b548a24
_데모_용인시_20260920/law_sync/_cache/eflaw_20260924/약사법_시행령.xml,76425,945613521f117c533add61d5588d121b80667778d2193b5296a38f1e1dbe794a
_데모_용인시_20260920/law_sync/_cache/eflaw_20260924/어린이_노인_및_장애인_보호구역의_지정_및_관리에_관한_규칙.xml,20261,e25bd254608215a689d32074edd5c6ecabdba809aca4a2e0ab82d43c217baef2
_데모_용인시_20260920/law_sync/_cache/eflaw_20260924/어린이_식생활안전관리_특별법.xml,78546,3e19171cb31939d1cfd9e8a760c314d857d1707d1e0ffcc03eb4d6d104b2835d
_데모_용인시_20260920/law_sync/_cache/eflaw_20260924/어린이_식생활안전관리_특별법_시행규칙.xml,18448,b80a31410434fc1b0853e16b705e80352de157fd72e3d08ca42325c134eb7cd5
_데모_용인시_20260920/law_sync/_cache/eflaw_20260924/어린이_식생활안전관리_특별법_시행령.xml,33785,58b853432bcf046087329d66bdac1eb8a5a6050ec9bb94cbcbe864e53cd6a6a2
_데모_용인시_20260920/law_sync/_cache/eflaw_20260924/어린이놀이시설_안전관리법.xml,55206,7f2ffd62c315a49e26e33a6ffe46882af9bed281826ed7130760268765441de3
_데모_용인시_20260920/law_sync/_cache/eflaw_20260924/어린이놀이시설_안전관리법_시행규칙.xml,18319,1bf974d0fca7c6cdc19641cc3c0176347a21904f026a6fd4f7445107d71031f5
_데모_용인시_20260920/law_sync/_cache/eflaw_20260924/어린이놀이시설_안전관리법_시행령.xml,23207,17f4c71014d0edb860d82ce846589e45b9cf68a1787d502610410e3ce2cbd2f5
_데모_용인시_20260920/law_sync/_cache/eflaw_20260924/어린이안전관리에_관한_법률.xml,7767,f538cc2d705f7c71ba9f20794022d6c47bcd075360f34c6d2eeab2c9f36b98cf
_데모_용인시_20260920/law_sync/_cache/eflaw_20260924/어린이안전관리에_관한_법률_시행규칙.xml,1152,0d3c8fdd8d2a26b11b47b7bfeb4c6b02a4fd76469e310228e37319a54a4125cf
_데모_용인시_20260920/law_sync/_cache/eflaw_20260924/어린이안전관리에_관한_법률_시행령.xml,3666,1a4d75ab62aa0f4478719f2e722fd8d3185fb90da263d55e4f0972a9917aa4b2
_데모_용인시_20260920/law_sync/_cache/eflaw_20260924/어린이제품_안전_특별법.xml,18643,27d38762058b2da1762c50a5d0f3330dd2b46f9946d3209b52fca11ba1dc83f2
_데모_용인시_20260920/law_sync/_cache/eflaw_20260924/어린이제품_안전_특별법_시행규칙.xml,7974,37d4c71ed8fe8376463dc08b75ac1d539788919e6d6fd628a1c19a068f7632c0
_데모_용인시_20260920/law_sync/_cache/eflaw_20260924/어린이제품_안전_특별법_시행령.xml,4473,bbec6b0a0ba0ee17f8f9e69eea4a03e3257ee759fbb255f3eb2e62380fab217d
_데모_용인시_20260920/law_sync/_cache/eflaw_20260924/어선법.xml,78703,1519a58bb59247fb2df52b554fc0cf0e0e9abd08a8abbf9527831505d0f73c35
_데모_용인시_20260920/law_sync/_cache/eflaw_20260924/어선법_시행규칙.xml,44811,d59f97fbf2ccd050699fee5eec28014605e1c5af0ef5344ad7c6042bf87783ef
_데모_용인시_20260920/law_sync/_cache/eflaw_20260924/어선법_시행령.xml,26174,8037632cd1c7d6bfa51ec60d5abb6ed24bbfe3f0023ee59bad07fff95ba3484a
_데모_용인시_20260920/law_sync/_cache/eflaw_20260924/어선안전조업_및_어선원의_안전_보건_증진_등에_관한_법률.xml,12290,a866df7a7b134502642f51701d8a93e12282adcb4a20c484ccdf263ea1632572
_데모_용인시_20260920/law_sync/_cache/eflaw_20260924/어선안전조업_및_어선원의_안전_보건_증진_등에_관한_법률_시행규칙.xml,6347,954298b2a8d51a4875f689aefbad929d15112c61aa80223bcfd5682be41d13fa
_데모_용인시_20260920/law_sync/_cache/eflaw_20260924/어선안전조업_및_어선원의_안전_보건_증진_등에_관한_법률_시행령.xml,1197,f33c0f379a992e86adedfa61ba5b12dd2ebb274c9bd331c256c2c83292c67dc6
_데모_용인시_20260920/law_sync/_cache/eflaw_20260924/어선원_및_어선_재해보상보험법.xml,74799,c3994c9d4b5521dbe2c76ee0501415196a6ab14e4ccfe024cd0b05456c2837bd
_데모_용인시_20260920/law_sync/_cache/eflaw_20260924/어선원_및_어선_재해보상보험법_시행규칙.xml,15892,d940a1bbb64558b88765932b0c37d442ad693fbe65872e46331b7e9b13a781d7
_데모_용인시_20260920/law_sync/_cache/eflaw_20260924/어선원_및_어선_재해보상보험법_시행령.xml,34425,257edff20f2269df0c031389345d7765f9c5f75003c818e63f0fecf21310cd27
_데모_용인시_20260920/law_sync/_cache/eflaw_20260924/어촌_어항법.xml,79302,5dce348d3f052f6ffefeede74b9f3fb02ae52994753d03740cedfd82c8b64e5d
_데모_용인시_20260920/law_sync/_cache/eflaw_20260924/어촌_어항법_시행규칙.xml,20413,fc41117191bb1ace6c4495034a31f58250b0e7e9b20ba0e512a5fd194146fe13
_데모_용인시_20260920/law_sync/_cache/eflaw_20260924/어촌_어항법_시행령.xml,35252,1c1ac6e36cedd4ffcfa4488d340c9f56e7732bebeacb589617d426f6ad223588
_데모_용인시_20260920/law_sync/_cache/eflaw_20260924/에너지법.xml,45379,216360928b146c791a80f26edc0ef1cbdadd3e38486e658b3851616f7cdd0b2d
_데모_용인시_20260920/law_sync/_cache/eflaw_20260924/에너지법_시행규칙.xml,11987,08cccdbd0a5d93649a53ee822d08b583d6205f89d1f299521f4e39f60f008430
_데모_용인시_20260920/law_sync/_cache/eflaw_20260924/에너지법_시행령.xml,16727,5a2c006626ea7fabf42417c9f4b522b0d6fcd12ef922c12f04380b33901886f4
_데모_용인시_20260920/law_sync/_cache/eflaw_20260924/에너지이용_합리화법.xml,83980,d1e8aacb4218732e2e960982990bcd42f123a02484b2cb628a6f4c26d073253d
_데모_용인시_20260920/law_sync/_cache/eflaw_20260924/에너지이용_합리화법_시행규칙.xml,55463,35a55c9349905c7634bf7db4346445e075786c2eb2d3247683c96925f8937665
_데모_용인시_20260920/law_sync/_cache/eflaw_20260924/에너지이용_합리화법_시행령.xml,53947,928e01d02bceebd6e5d9a1323bc52d695f3880e3cbbff486f871bfb9ebd45c7b
_데모_용인시_20260920/law_sync/_cache/eflaw_20260924/여객자동차_운수사업법.xml,81516,1e7e2e2013547adbdb7e838adf06daac110fe979cf4354c6020f791e2aca6585
_데모_용인시_20260920/law_sync/_cache/eflaw_20260924/여객자동차_운수사업법_시행규칙.xml,85203,b6daaf4b5ad6a9ec6f5ab870a8dcc372ee9de3ef8bdd833abbb85c2e20261b9b
_데모_용인시_20260920/law_sync/_cache/eflaw_20260924/여객자동차_운수사업법_시행령.xml,83093,f72a11eb0f762abf86e54b820c34c856f76eed50c8b723f5cbc9b78ead92f335
_데모_용인시_20260920/law_sync/_cache/eflaw_20260924/여객자동차터미널_구조_및_설비기준에_관한_규칙.xml,8105,715a05f7354bd4e58bc5b542b442af4871738410645e8218061419dcc7855e15
_데모_용인시_20260920/law_sync/_cache/eflaw_20260924/연구실_안전환경_조성에_관한_법률.xml,65841,a7521fa981664a124a127418b759280cb7027587ad84fa2e985af2128daa17ee
_데모_용인시_20260920/law_sync/_cache/eflaw_20260924/연구실_안전환경_조성에_관한_법률_시행규칙.xml,18882,4d26603c1db5b7169dda53b954eb537906c64fce2cb8433f3dbb8bf559cf3e93
_데모_용인시_20260920/law_sync/_cache/eflaw_20260924/연구실_안전환경_조성에_관한_법률_시행령.xml,30523,c2fb2061d3fc779e411df4c0f12eed84b52a8eceab0dabe985061fa0c5df2fc8
_데모_용인시_20260920/law_sync/_cache/eflaw_20260924/연안관리법.xml,59868,166ecc226ea27b7111a1b2dd5301082777ad1a493dac65fb8f1c331e3ac90401
_데모_용인시_20260920/law_sync/_cache/eflaw_20260924/연안관리법_시행규칙.xml,7474,271db784b6a7e03013ab6b226d976b50e5ed21f666321befab738eb8cd424c39
_데모_용인시_20260920/law_sync/_cache/eflaw_20260924/연안관리법_시행령.xml,20077,340541ddd669122f38aa9fb45218d68e2bc7ab73b35f89e107b2ddd4401da980
_데모_용인시_20260920/law_sync/_cache/eflaw_20260924/연안사고_예방에_관한_법률.xml,38967,19a7911fd91125f4ad31032c4df174f76bc61101119cca0bb7d04b0590033926
_데모_용인시_20260920/law_sync/_cache/eflaw_20260924/연안사고_예방에_관한_법률_시행규칙.xml,10536,f2280a5a612d525882a5b4278ba675b2d67bc4419819a36f51f98a841c3dbab6
_데모_용인시_20260920/law_sync/_cache/eflaw_20260924/연안사고_예방에_관한_법률_시행령.xml,19720,7cc2fe850d4599bba434c9ccac73108f1a37cb3eb160d5552695ea823f41665b
_데모_용인시_20260920/law_sync/_cache/eflaw_20260924/영유아보육법.xml,77761,56b50049073a0e2894befc62ece0949c6ddfaf1b7a9e3733496f4614b11ec2ee
_데모_용인시_20260920/law_sync/_cache/eflaw_20260924/영유아보육법_시행규칙.xml,67308,9ffe0321683f4f5d62305b7366667c58635e5dc72c4de676400c30df8c27ec44
_데모_용인시_20260920/law_sync/_cache/eflaw_20260924/영유아보육법_시행령.xml,59463,44ea4ac79ff2fe66ea02a64e76d2e4e1a29b36e06830af8464b6e169ca5edaba
_데모_용인시_20260920/law_sync/_cache/eflaw_20260924/영화_및_비디오물의_진흥에_관한_법률.xml,85690,cbd81294f1d5f12f8cf067677fdd00f380af528ecdafd64743f515b66d451939
_데모_용인시_20260920/law_sync/_cache/eflaw_20260924/영화_및_비디오물의_진흥에_관한_법률_시행규칙.xml,23158,e79924406b889013ef8860a72d44f0cd0c65390b60e16d4c65c25baa7c5bf75a
_데모_용인시_20260920/law_sync/_cache/eflaw_20260924/영화_및_비디오물의_진흥에_관한_법률_시행령.xml,33901,02492eb0cadcae5245d2078b978fbdd3cab555592a895a701cc22e3a1edccb75
_데모_용인시_20260920/law_sync/_cache/eflaw_20260924/오존층_보호_등을_위한_특정물질의_관리에_관한_법률.xml,8095,ec618d50002b006e7328087eeb75a6cc95c14856f7e7bc840634c8095538a007
_데모_용인시_20260920/law_sync/_cache/eflaw_20260924/오존층_보호_등을_위한_특정물질의_관리에_관한_법률_시행규칙.xml,2115,6b9f1ade92e9f9298d2bcc849c4b7de6dcfc9aacf132d029125594dfbcf7b110
_데모_용인시_20260920/law_sync/_cache/eflaw_20260924/오존층_보호_등을_위한_특정물질의_관리에_관한_법률_시행령.xml,3832,6ccfdd69b7d352ae9e196214d02d30d58fc294601fbb10079d29ff85a315101f
_데모_용인시_20260920/law_sync/_cache/eflaw_20260924/온실가스_배출권의_할당_및_거래에_관한_법률.xml,34077,21d60ca0b79a07aabedfa480aa279decd8340c460559dcc181197d9fcd760732
_데모_용인시_20260920/law_sync/_cache/eflaw_20260924/온실가스_배출권의_할당_및_거래에_관한_법률_시행령.xml,20992,3b6344b2caa2878dc4d9cb683d60ef21dd510f873eba9b3d82b317abe385d48e
_데모_용인시_20260920/law_sync/_cache/eflaw_20260924/원양산업발전법.xml,48084,84e21325aab76b0861b6ef428a7c06c16b20e3e80ad9ca5401bd6dad786c67cc
_데모_용인시_20260920/law_sync/_cache/eflaw_20260924/원양산업발전법_시행규칙.xml,19691,918e8746489f63eee4075fda13f7f1fc9e8166ee8df00bce60057e2808662204
_데모_용인시_20260920/law_sync/_cache/eflaw_20260924/원양산업발전법_시행령.xml,12251,7f58ef178598d34e6d58d916236a3454bcc114c5355c36250cdca0f254b87e00
_데모_용인시_20260920/law_sync/_cache/eflaw_20260924/원자력시설_등의_방호_및_방사능_방재_대책법.xml,74489,03b926c5e536b19e3d22d3f1b90a947ef0c0591bcdb82c029598827496125daa
_데모_용인시_20260920/law_sync/_cache/eflaw_20260924/원자력시설_등의_방호_및_방사능_방재_대책법_시행규칙.xml,16051,a0338837d643f37d6938d8cb697dcea2f7ff929227100dd7394fb4212a108947
_데모_용인시_20260920/law_sync/_cache/eflaw_20260924/원자력시설_등의_방호_및_방사능_방재_대책법_시행령.xml,28258,2716de82217f317718554b2459ad04b31e59f1265afbdfe90b4766978bbcb200
_데모_용인시_20260920/law_sync/_cache/eflaw_20260924/원자력안전법.xml,80128,f51b1318e3c1f3773d129f13504f45fd5f4cb6d9fc6ee56550aa1e96468150f9
_데모_용인시_20260920/law_sync/_cache/eflaw_20260924/원자력안전법_시행규칙.xml,26036,5af5552840ada85c2689826a974f2ae346509cf0e05b9286622848ebeb2d9093
_데모_용인시_20260920/law_sync/_cache/eflaw_20260924/원자력안전법_시행령.xml,39712,cfe38e2f89c386b2b449ccf74ed98ccdf98ff4ef02ea1574bf32bc6b7ea308d6
_데모_용인시_20260920/law_sync/_cache/eflaw_20260924/위생용품_관리법.xml,25174,4b265883fbe1f625d4be1af74772c090e5e952e35bfb4bd3024c31c529112772
_데모_용인시_20260920/law_sync/_cache/eflaw_20260924/위생용품_관리법_시행규칙.xml,10791,7daf81cb6075c395e73527fffe8b458020dd180ebbc61ce7dc8ecc36ae298339
_데모_용인시_20260920/law_sync/_cache/eflaw_20260924/위생용품_관리법_시행령.xml,6742,4a9788c9065bf81f813c6caa4faff45e9a5711e40731e5d56270422c2068a85c
_데모_용인시_20260920/law_sync/_cache/eflaw_20260924/위험물_선박운송_및_저장규칙.xml,22802,27e288b6cee6a3cfcb68ef6e882340a0c41f3e520e50956da609dabbad9583f5
_데모_용인시_20260920/law_sync/_cache/eflaw_20260924/위험물안전관리법.xml,80194,4e1b72c50fb35a9b833fed02bdfd123352c86f2b89fbe79edb6c309743ab11f7
_데모_용인시_20260920/law_sync/_cache/eflaw_20260924/위험물안전관리법_시행규칙.xml,32396,ff4315ceff4850ef1720f09ea112b7f910f3e36321a57c53d7f195000a321b4c
_데모_용인시_20260920/law_sync/_cache/eflaw_20260924/위험물안전관리법_시행령.xml,40047,1c6b270a85bd072f2e5e88ef772d0ca90fcb70424e53433fe630438feda9f8bb
_데모_용인시_20260920/law_sync/_cache/eflaw_20260924/위험물철도운송규칙.xml,5069,9237ab993b9b9242da3b2848f911d3d53983c8370d3f3e0ded1a2e4dffe2d14e
_데모_용인시_20260920/law_sync/_cache/eflaw_20260924/유선_및_도선_사업법.xml,81157,0930aafc0a7ba10fd172f30a49fd7ca29d42a20fc3b1d13f4796667fe460e542
_데모_용인시_20260920/law_sync/_cache/eflaw_20260924/유선_및_도선_사업법_시행규칙.xml,19428,b2ed2a7e3557ab2bf14b3d67072c152ff60eda40421aebfc47f20919b5354703
_데모_용인시_20260920/law_sync/_cache/eflaw_20260924/유선_및_도선_사업법_시행령.xml,30800,3baac780eb3bd9284e702c63f7012af987997db8439102554288ab68696aed03
_데모_용인시_20260920/law_sync/_cache/eflaw_20260924/유통산업발전법.xml,78985,f126d13dab08e816f1f5d0c5f599461804374a4c0a9ee310338df9a536cbc7e0
_데모_용인시_20260920/law_sync/_cache/eflaw_20260924/유통산업발전법_시행규칙.xml,22951,9af23d52c29d0a0b1727aee17728230cbafbb7304751195736ab9b185c40380c
_데모_용인시_20260920/law_sync/_cache/eflaw_20260924/유통산업발전법_시행령.xml,33793,16b1925bff4f9efe4e6ffcd4683f982e28cbe4896efbd6734605811f1f6412ad
_데모_용인시_20260920/law_sync/_cache/eflaw_20260924/음악산업진흥에_관한_법률.xml,47208,3de00689528129e897de4528ac70d399c670db9a684cfe3fe022438f7e6f390e
_데모_용인시_20260920/law_sync/_cache/eflaw_20260924/음악산업진흥에_관한_법률_시행규칙.xml,16641,001e6bf1deb385a68958122240353654375b31a50c2ca26e71d030348df538fb
_데모_용인시_20260920/law_sync/_cache/eflaw_20260924/음악산업진흥에_관한_법률_시행령.xml,11250,5d7e37c0f550ea5178fb06c3393e01fccb5b4244739ac1234613d83620baddd7
_데모_용인시_20260920/law_sync/_cache/eflaw_20260924/응급의료에_관한_법률.xml,81157,eac5c94860614f7954ebf18d5f6f425c10c7bf91648c6b9b0aa68aa718f77334
_데모_용인시_20260920/law_sync/_cache/eflaw_20260924/응급의료에_관한_법률_시행규칙.xml,56844,48a1553abcd869bec2bfe6498dfee99ca99f158e8ebae7d1bd63175d179d954d
_데모_용인시_20260920/law_sync/_cache/eflaw_20260924/응급의료에_관한_법률_시행령.xml,39324,507c35431c1aa8aaa1b69fd3f0f3bd11ac5e2a2d4eeb24610593f2db19db9a9b
_데모_용인시_20260920/law_sync/_cache/eflaw_20260924/의료기기법.xml,81017,19ed36d65b4222fcf962f6e5bb3e545906322ac4946be5efc9a57c372a1a50ef
_데모_용인시_20260920/law_sync/_cache/eflaw_20260924/의료기기법_시행규칙.xml,62304,1be669f5184e8af4dbc92e31d40dedf850e17bf32c87962e47f447608ecbd627
_데모_용인시_20260920/law_sync/_cache/eflaw_20260924/의료기기법_시행령.xml,36556,367de254fd32dc3a3eec06b109abf4eed4d73ae520b830edad63a7f62dcc250b
_데모_용인시_20260920/law_sync/_cache/eflaw_20260924/의료법.xml,79811,f14ed7fd93ad7ca6476be05d0540cb72427d61485776ddc9c030f31227b193d8
_데모_용인시_20260920/law_sync/_cache/eflaw_20260924/의료법_시행규칙.xml,82306,105b0c3e88fc0076e5253145408aa985a5734f08468ce7d8c1791427186c6a1f
_데모_용인시_20260920/law_sync/_cache/eflaw_20260924/의료법_시행령.xml,52882,dbbc389b68ebac970b5afba78a5534662668cb05b265591ba27b384074691fe0
_데모_용인시_20260920/law_sync/_cache/eflaw_20260924/의료사고_피해구제_및_의료분쟁_조정_등에_관한_법률.xml,35219,33bf3d829a6632886315a689966f67caf3e51d8907b10d534de1703f22abf659
_데모_용인시_20260920/law_sync/_cache/eflaw_20260924/의료사고_피해구제_및_의료분쟁_조정_등에_관한_법률_시행규칙.xml,10123,c6791fa07e5b5c5898ff19e1b1a9024ed28aede056232d4903f2075aea2c6623
_데모_용인시_20260920/law_sync/_cache/eflaw_20260924/의료사고_피해구제_및_의료분쟁_조정_등에_관한_법률_시행령.xml,13498,c94deb4ad652d169bde45e209d9f9019fb2a9ee6047e7ed9c630f48894ad576d
_데모_용인시_20260920/law_sync/_cache/eflaw_20260924/의사상자_등_예우_및_지원에_관한_법률.xml,32608,c33da20fe3863a1e98378b6341abc76c43f10bfcce472217e5a1ed11a7b1bba0
_데모_용인시_20260920/law_sync/_cache/eflaw_20260924/의사상자_등_예우_및_지원에_관한_법률_시행규칙.xml,11569,438eebd481b28b11a6dad11cf737f0dca620b640e083270c3c2c29cdfebf68ca
_데모_용인시_20260920/law_sync/_cache/eflaw_20260924/의사상자_등_예우_및_지원에_관한_법률_시행령.xml,12256,ef5a9f1547e49402130cab04fab7710c6eab652cbafc1c28b2cf9b13e5f08a55
_데모_용인시_20260920/law_sync/_cache/eflaw_20260924/이륜자동차검사의_시행_등에_관한_규칙.xml,2314,7d3126a49c630cf4955feafa87ce3da4d627cafc041fb776ef58ac54605defe8
_데모_용인시_20260920/law_sync/_cache/eflaw_20260924/자동차_및_자동차부품의_성능과_기준에_관한_규칙.xml,62688,ed2990d220e2832d62d947074c09f79e4b4477ac5cd5309e4ee6d8fbef1aeae8
_데모_용인시_20260920/law_sync/_cache/eflaw_20260924/자동차관리법.xml,78365,e029cbd20b0e0ebd60e9a7302a2c59b441690a9165cd070afcdf48e32d15d792
_데모_용인시_20260920/law_sync/_cache/eflaw_20260924/자동차관리법_시행규칙.xml,80835,1b0dadcf2694ce46450d9116e3b255fcdfcb55fab8cca28109a402d786f13ca2
_데모_용인시_20260920/law_sync/_cache/eflaw_20260924/자동차관리법_시행령.xml,71849,75c22503c73dc6f8f0014f0bf3c878c6ee53d0c3033061ba302addd97b4c6ae0
_데모_용인시_20260920/law_sync/_cache/eflaw_20260924/자동차관리법_제21조제2항_등의_규정에_따른_행정처분의_기준과_절차에_관한_규칙.xml,13583,713043e865a11e72c6b8a851640fb0d5df250c506936d7db80e17b9cfa4456c9
_데모_용인시_20260920/law_sync/_cache/eflaw_20260924/자동차관리의_특례에_관한_규칙.xml,15745,ad7a141ec76b548674e0daee208b4dd2fc2a74fdf9e3fee19580cf910598b226
_데모_용인시_20260920/law_sync/_cache/eflaw_20260924/자동차종합검사의_시행_등에_관한_규칙.xml,23284,d3cbbfad45cfe74b50b4fe47d1c21063d5f693975bee998a3393f89ebe47b414
_데모_용인시_20260920/law_sync/_cache/eflaw_20260924/자연공원법.xml,79179,7ff1bd4ebd4cdc227ed749a7b3a34ff65de686e739302d0a5d9032b6fb751efb
_데모_용인시_20260920/law_sync/_cache/eflaw_20260924/자연공원법_시행규칙.xml,27367,c59841e479bb465c93e2f0c6b17c0fa62d87dcacba4210438d5885a963f62362
_데모_용인시_20260920/law_sync/_cache/eflaw_20260924/자연공원법_시행령.xml,62711,2b812f0f3879577d204e3f752edb8e9de68f92d0e3c00c336db76f509097b7e3
_데모_용인시_20260920/law_sync/_cache/eflaw_20260924/자연재해대책법.xml,78499,b7fc40d0c37faf69a85538e136fd9abc9f6df3847cd57b4df5dd4c1bbedf50d3
_데모_용인시_20260920/law_sync/_cache/eflaw_20260924/자연재해대책법_시행규칙.xml,32546,16d9aaca0b15107c1dc1277c7781252a6e8de4a55c44f5d21dbeddcdec347f4b
_데모_용인시_20260920/law_sync/_cache/eflaw_20260924/자연재해대책법_시행령.xml,80116,b91a916309c0e57a7bd1cf03213cb65d7be693a3c3ce4f43ce9b1063bc0ee9c9
_데모_용인시_20260920/law_sync/_cache/eflaw_20260924/자연환경보전법.xml,80120,af4a99e9ce03de00515e7d24e21fade17fc1cd2b69d05d57e8422bfd3eff0c52
_데모_용인시_20260920/law_sync/_cache/eflaw_20260924/자연환경보전법_시행규칙.xml,24596,7cb30e17928a76455e5a30aa17436f0f9723c1ff2979503c18fa16138f65ef11
_데모_용인시_20260920/law_sync/_cache/eflaw_20260924/자연환경보전법_시행령.xml,66433,c60101376f375fedd7d108758e46fc6d1d48234ebfb21fa7f9dfba17c10b4cb9
_데모_용인시_20260920/law_sync/_cache/eflaw_20260924/자원의_절약과_재활용촉진에_관한_법률.xml,85396,715a2494e621f246e7651e10fcd4daa2a0e60e51338e94ca823b9ec68763aef5
_데모_용인시_20260920/law_sync/_cache/eflaw_20260924/자원의_절약과_재활용촉진에_관한_법률_시행규칙.xml,64859,26fd9421773333c9ce8ce0f4bde4faa55877122f1b20ef0bfe1cbd9cb8bdea4d
_데모_용인시_20260920/law_sync/_cache/eflaw_20260924/자원의_절약과_재활용촉진에_관한_법률_시행령.xml,86846,5fcf99610034a53c7027243e9294f6d62a42ee6d8b4e41dfa51ee7a4544e6671
_데모_용인시_20260920/law_sync/_cache/eflaw_20260924/잔류성오염물질_관리법.xml,24647,3cd52dcdb79dfa71c7617fc8d69efae518a0903060f561a8ce81c03c28146a97
_데모_용인시_20260920/law_sync/_cache/eflaw_20260924/잔류성오염물질_관리법_시행규칙.xml,7131,03aa71c44128b617bb7e03a0a79b41ad9a98be79fa0c3bc5b8db69ab472510e4
_데모_용인시_20260920/law_sync/_cache/eflaw_20260924/잔류성오염물질_관리법_시행령.xml,8770,f87911b6bb1d64829c52c8254ecb73e10cdf69e27d7b8c67db2281be7af02f60
_데모_용인시_20260920/law_sync/_cache/eflaw_20260924/장사_등에_관한_법률.xml,81897,760708e0d26c52efd7909ea1b25cd74137cff7e6ff6942eb4b63e99a59cb4af3
_데모_용인시_20260920/law_sync/_cache/eflaw_20260924/장사_등에_관한_법률_시행규칙.xml,23673,7c62efdc8bf627c77657d2f2f62130ececad94e83fafc0e8b22dcf726aec9ff2
_데모_용인시_20260920/law_sync/_cache/eflaw_20260924/장사_등에_관한_법률_시행령.xml,39786,1d31d5cb0a59dae97937d10196e847c56db13d5d206d2b8424ed77f4519756c4
_데모_용인시_20260920/law_sync/_cache/eflaw_20260924/장애인복지법.xml,78505,ef69ae4ea7c40a6340e33ca1e738a14e14b39f540b8ed41cb221ce601301f5bb
_데모_용인시_20260920/law_sync/_cache/eflaw_20260924/장애인복지법_시행규칙.xml,61458,d01175447cad83fcecf73b94f0560d80fa338616d9e8baad9a7c7670fca87bcb
_데모_용인시_20260920/law_sync/_cache/eflaw_20260924/장애인복지법_시행령.xml,70258,3cbe879b82d99e96dcffbad8f8fc524a865f6a56155638646383aa78612bdb1f
_데모_용인시_20260920/law_sync/_cache/eflaw_20260924/재난_및_안전관리_기본법.xml,86544,afe9b0b9217c55246baec5f3d6d43866f0792d729deb3b12b664cc56b429805c
_데모_용인시_20260920/law_sync/_cache/eflaw_20260924/재난_및_안전관리_기본법_시행규칙.xml,34933,6fd063677c7a4ebe2983c3d3753341ae1744170f3f88cc12a16d70860b16421e
_데모_용인시_20260920/law_sync/_cache/eflaw_20260924/재난_및_안전관리_기본법_시행령.xml,88091,6e88923d9f7bf1a0138973f301bdf8412dcd164dfdafb62b1fa77cb031111980
_데모_용인시_20260920/law_sync/_cache/eflaw_20260924/재난관리자원의_관리_등에_관한_법률.xml,4508,ed8d790594a4714c8637738e50db41e4f7658f96b70c860bf2042c2c30d19191
_데모_용인시_20260920/law_sync/_cache/eflaw_20260924/재난관리자원의_관리_등에_관한_법률_시행규칙.xml,1177,0518b8a78024154f1adc8d6a5f45ac7d403649924e2de412b34e0a4e2626206c
_데모_용인시_20260920/law_sync/_cache/eflaw_20260924/재난관리자원의_관리_등에_관한_법률_시행령.xml,1162,5649934928b005f2f6df1571bef9cf70bb3a82da0f2fbab98a9fcc46b2b7ad92
_데모_용인시_20260920/law_sync/_cache/eflaw_20260924/재난안전통신망법.xml,3452,129f61eba69ac21624e977725ed485e315d690f7ab5155e5385960271e9b519b
_데모_용인시_20260920/law_sync/_cache/eflaw_20260924/재난안전통신망법_시행령.xml,2683,366d694bac7dd85e8252173eb3e768ef78ef7bb5b13021f57661dbcb3945ae63
_데모_용인시_20260920/law_sync/_cache/eflaw_20260924/재해경감을_위한_기업의_자율활동_지원에_관한_법률.xml,48198,5b168719563de12525dec1a167ea5b927dfe79a67622ca0fdb9133102a180111
_데모_용인시_20260920/law_sync/_cache/eflaw_20260924/재해경감을_위한_기업의_자율활동_지원에_관한_법률_시행규칙.xml,10073,27af4ea59b01b13f3fd5a460b9665f9baf9d4c69e739b232dcaa84c9889a3cf4
_데모_용인시_20260920/law_sync/_cache/eflaw_20260924/재해경감을_위한_기업의_자율활동_지원에_관한_법률_시행령.xml,23138,c909f8d29547e71798507cef70d1b01e63e080bcccaa6b89643542877594f062
_데모_용인시_20260920/law_sync/_cache/eflaw_20260924/재해구호법.xml,56317,602816b37ed966fe4752141dd9f26992c97af82b2d049b621f3f64d648e3d380
_데모_용인시_20260920/law_sync/_cache/eflaw_20260924/재해구호법_시행규칙.xml,9186,b5111c01aa9934a61e700d964cfb4ebf1a359f4cdb68e9b1fb2d19a31c59a8ee
_데모_용인시_20260920/law_sync/_cache/eflaw_20260924/재해구호법_시행령.xml,30352,3ee09f0a77e7444e63a94ba066d710452f4c640256d2d118632379460c099a06
_데모_용인시_20260920/law_sync/_cache/eflaw_20260924/재해위험_개선사업_및_이주대책에_관한_특별법.xml,62056,4f6854c6c472595f29857685e9a06a817a2fb45ce2be94f14f8b5302eadac31f
_데모_용인시_20260920/law_sync/_cache/eflaw_20260924/재해위험_개선사업_및_이주대책에_관한_특별법_시행규칙.xml,9113,2bd8e5deafc44e0fb9ecdc883f53acbddc3f9708f02962ab5e780b5d8490d327
_데모_용인시_20260920/law_sync/_cache/eflaw_20260924/재해위험_개선사업_및_이주대책에_관한_특별법_시행령.xml,20334,3fbc0ac4302854c58174664e44efc1e79e98524ad0da2c37a72c0880c13508aa
_데모_용인시_20260920/law_sync/_cache/eflaw_20260924/저수지_댐의_안전관리_및_재해예방에_관한_법률.xml,38673,ac9983f0500a8c514c6704bedcb5983a51d6063c8fc7b31e7696217098236684
_데모_용인시_20260920/law_sync/_cache/eflaw_20260924/저수지_댐의_안전관리_및_재해예방에_관한_법률_시행규칙.xml,4699,83fa9bdf6b1a713a9f93ea09eec3ceeb44f2239215dbf15762e0f64f28b56871
_데모_용인시_20260920/law_sync/_cache/eflaw_20260924/저수지_댐의_안전관리_및_재해예방에_관한_법률_시행령.xml,11596,45233e13888d5e2e0692443dda5dcd1a2f9f00f1b8071b7084bfaaf637f4d2b0
_데모_용인시_20260920/law_sync/_cache/eflaw_20260924/전기공사업법.xml,80465,63e3dc27fb7ab133356d7e8493c6cf10973b6123281ef36a3f7dfbf8850dd634
_데모_용인시_20260920/law_sync/_cache/eflaw_20260924/전기공사업법_시행규칙.xml,27949,c732eacca23a04a8e2b8ee7bee76a2053b3b1f4d5ad9b8c25aa354592c035c0e
_데모_용인시_20260920/law_sync/_cache/eflaw_20260924/전기공사업법_시행령.xml,48469,2ffdbf5168fa69796cb1f5f8f028c7034cd2a386a12eb9bb7f614278cea950d6
_데모_용인시_20260920/law_sync/_cache/eflaw_20260924/전기사업법.xml,79321,ff6b75991e212de6bb3eed8d6f467150c33760e8a548911d61e546be953ae167
_데모_용인시_20260920/law_sync/_cache/eflaw_20260924/전기사업법_시행규칙.xml,59594,f0f4c2be4344442ba51b564fe58e550cec097ab28c5c28de15ed4cc58cce888e
_데모_용인시_20260920/law_sync/_cache/eflaw_20260924/전기사업법_시행령.xml,80352,c2fd97be687461a6e8a9532d935d81e09ce45006518a59c7fa037a03de468be3
_데모_용인시_20260920/law_sync/_cache/eflaw_20260924/전기안전관리법.xml,36747,74a728f0dd7b48f20345fb611ae4e86569666a59334900b44155ef1683721527
_데모_용인시_20260920/law_sync/_cache/eflaw_20260924/전기안전관리법_시행규칙.xml,19226,5fbd89f3cb6c6ae60b19e79a1fbdd48688a2c5c91f00ff8891bda2134ab17b9c
_데모_용인시_20260920/law_sync/_cache/eflaw_20260924/전기안전관리법_시행령.xml,6733,c38f5fad95ffa17cae58a2b023d36e54aa58a82aaa6e3128202cb1829549bec0
_데모_용인시_20260920/law_sync/_cache/eflaw_20260924/전기용품_및_생활용품_안전관리법.xml,34467,4ba1465a0d3e7a9d2536e32123caefb16cd56a62d61e7c437f32bf1524db4420
_데모_용인시_20260920/law_sync/_cache/eflaw_20260924/전기용품_및_생활용품_안전관리법_시행규칙.xml,21235,d6376d6ece75488b5e46b33d434ad711ec340b0d9daa2a3e95452de8aff753d4
_데모_용인시_20260920/law_sync/_cache/eflaw_20260924/전기용품_및_생활용품_안전관리법_시행령.xml,7705,fdcb06ffe694832a39ded27556eff7d0b7c49dd446818484e16d0da5aef408da
_데모_용인시_20260920/law_sync/_cache/eflaw_20260924/전력기술관리법.xml,74417,5779e1797a913b5e507e213a94695541c47bf6bf4cb1f014f8a57a186a2578ad
_데모_용인시_20260920/law_sync/_cache/eflaw_20260924/전력기술관리법_시행규칙.xml,18278,43f4b322331d58f7c583462a8c24f12840c9964f49dfc44f60ae98a91686073c
_데모_용인시_20260920/law_sync/_cache/eflaw_20260924/전력기술관리법_시행령.xml,40618,65a818e1c9439e0007aff66cd0bf70f44e5d924e9a82836461245359c825fb48
_데모_용인시_20260920/law_sync/_cache/eflaw_20260924/전시산업발전법.xml,29636,4a84472b6008fa4d7dffa0f13ce53474a3ae286ec7da1ba24f9e6b707c952402
_데모_용인시_20260920/law_sync/_cache/eflaw_20260924/전시산업발전법_시행규칙.xml,7571,94c3dd4237c7ee7fbe85f6535bb9b8fed3b6b52380b0572b3188b2b03f45c0bf
_데모_용인시_20260920/law_sync/_cache/eflaw_20260924/전시산업발전법_시행령.xml,9053,8d6cbad0c617f348935ad8d7a463fa2b15d0d3d68a0cecfc01c3a92a172b303d
_데모_용인시_20260920/law_sync/_cache/eflaw_20260924/전자문서_및_전자거래_기본법.xml,32384,c5f5f587d8b8ef74575e5ceef6c97848c1e15690cdbc95da7052eaaf6043ed43
_데모_용인시_20260920/law_sync/_cache/eflaw_20260924/전자문서_및_전자거래_기본법_시행규칙.xml,8317,22ea33daecdfaee5d489e9af7a9ead366662456173f1a9d1e064c575c92f8535
_데모_용인시_20260920/law_sync/_cache/eflaw_20260924/전자문서_및_전자거래_기본법_시행령.xml,13374,37115c09a21f1383bd9a8c0c9a2180d3258436b191adeef04e9f52a744aea579
_데모_용인시_20260920/law_sync/_cache/eflaw_20260924/전통시장_및_상점가_육성을_위한_특별법.xml,85107,b9723754f27b4abcc2ff8357d1c8c4ff5f032364decd8adc3d9651fe200230b4
_데모_용인시_20260920/law_sync/_cache/eflaw_20260924/전통시장_및_상점가_육성을_위한_특별법_시행규칙.xml,12658,059b9f499ffbb73824a1704c0f51e0fe20ec0b45dedc769b605640378425270f
_데모_용인시_20260920/law_sync/_cache/eflaw_20260924/전통시장_및_상점가_육성을_위한_특별법_시행령.xml,31346,2935fa4acdb2a53682f312e9ea45adb003c23e094199bb0093332bc6dfcd1d1e
_데모_용인시_20260920/law_sync/_cache/eflaw_20260924/전파법.xml,81768,5753fe565301c72ee5a10850236e15c56c0443eb22a28d4c1e6698682d93891c
_데모_용인시_20260920/law_sync/_cache/eflaw_20260924/전파법_시행규칙.xml,25927,073b0b50dbdb0b1473c1bc3acc2dfd8ad3e085c2efd91ca358eeb29d510e1c9f
_데모_용인시_20260920/law_sync/_cache/eflaw_20260924/전파법_시행령.xml,80628,c7ef1a8114cf6091e5e3f1e2330f1196714b973792d24a7f37bc5077ea3f01f6
_데모_용인시_20260920/law_sync/_cache/eflaw_20260924/정신건강증진_및_정신질환자_복지서비스_지원에_관한_법률.xml,61985,cbe798870f267bb23facf3b99e14a1f6e248de047f256b05c2d022abc7c34d39
_데모_용인시_20260920/law_sync/_cache/eflaw_20260924/정신건강증진_및_정신질환자_복지서비스_지원에_관한_법률_시행규칙.xml,21912,66961fac61ce9ed9c1932e01c94b73ec050c55a1f2af159ecffa3d1e00f9c9c1
_데모_용인시_20260920/law_sync/_cache/eflaw_20260924/정신건강증진_및_정신질환자_복지서비스_지원에_관한_법률_시행령.xml,16299,e5db971407e3a05712eceeeb287bb141b31b30e2419308e740e625f9a4f2daa6
_데모_용인시_20260920/law_sync/_cache/eflaw_20260924/제조물_책임법.xml,2674,d291b14ea4b153c0481c42401fe211c1000384457f9ee6a437c18fb02bbf427c
_데모_용인시_20260920/law_sync/_cache/eflaw_20260924/제품안전기본법.xml,26365,8ce4124f9990f13f3cba6f24c97a081bc6ebe526deca9850ab0aac115cddcb40
_데모_용인시_20260920/law_sync/_cache/eflaw_20260924/제품안전기본법_시행령.xml,13853,0f3a5921ab59eb6f2330641ce32c9487f128eb2f3613448f4e3af29ae817c136
_데모_용인시_20260920/law_sync/_cache/eflaw_20260924/주차장법.xml,78593,d3b187fdd515cba726ce99136d80499097e01e1bb3773b7186966b2d8d781753
_데모_용인시_20260920/law_sync/_cache/eflaw_20260924/주차장법_시행규칙.xml,44079,97b6934744f44c8acea99297590ad22583f860af17cac9702ad951d5867a36ad
_데모_용인시_20260920/law_sync/_cache/eflaw_20260924/주차장법_시행령.xml,51508,065daf40f84142cc417f4ef6fc209a6d27efdfbf818eee7044444d7c0b79fc76
_데모_용인시_20260920/law_sync/_cache/eflaw_20260924/주택건설기준_등에_관한_규정.xml,83314,94c37fdf2c575e64447f555f6040951f4c23d74040610e3f01fef742122db7cd
_데모_용인시_20260920/law_sync/_cache/eflaw_20260924/주택건설기준_등에_관한_규칙.xml,37034,c14a2fc903cd3d6a5bc1984546194fc8ff67bd9d883a54b03d844e4a95364983
_데모_용인시_20260920/law_sync/_cache/eflaw_20260924/주택법.xml,81370,3ada0cf4b8d33b2cebe50167628d4ff97b54b5b1476d4d2ab8a492c6965b08da
_데모_용인시_20260920/law_sync/_cache/eflaw_20260924/주택법_시행규칙.xml,81210,52568a9361e2f32e6e9d1f51ba02dff7df68aa987b0537bcea7f590c9be8ff3b
_데모_용인시_20260920/law_sync/_cache/eflaw_20260924/주택법_시행령.xml,80779,44ce5764b7c74b45e91703526b03b974f9160d09fe2e68d08437337e79766df8
_데모_용인시_20260920/law_sync/_cache/eflaw_20260924/중대재해_처벌_등에_관한_법률.xml,7303,90884994eba47a59068d8e27fa4b92a7bbfb9c03fef488fdbcbf3c1097f5f686
_데모_용인시_20260920/law_sync/_cache/eflaw_20260924/중대재해_처벌_등에_관한_법률_시행령.xml,6338,0bed9113b2324ac006c93c0536effdd5e8a0a8b4fae996f7a33949cc7c8b7858
_데모_용인시_20260920/law_sync/_cache/eflaw_20260924/지방공기업법.xml,79203,9240f54ed84ee5e66db81c1987c49c1b5ebe76888082f591c236e44d02299da0
_데모_용인시_20260920/law_sync/_cache/eflaw_20260924/지방공기업법_시행규칙.xml,16335,ef94045b16c8203dece0807d433b7b877b881690c8a23778590c257e2a9fb9ae
_데모_용인시_20260920/law_sync/_cache/eflaw_20260924/지방공기업법_시행령.xml,40819,d66b444ac747b875827bc013eea8a57d3ed8c0587bee21a6d41af81614eb06d5
_데모_용인시_20260920/law_sync/_cache/eflaw_20260924/지속가능한_기반시설_관리_기본법.xml,11841,060ba469e220617062620658cbc64225be143a17c2721f4a49851fbe61b66dd1
_데모_용인시_20260920/law_sync/_cache/eflaw_20260924/지속가능한_기반시설_관리_기본법_시행규칙.xml,2797,2724f409c8bb82f55470f1765fa6e84b5d61b820ba8a787e559a4fd5770a5c4c
_데모_용인시_20260920/law_sync/_cache/eflaw_20260924/지속가능한_기반시설_관리_기본법_시행령.xml,6055,84059676a5fe4ad98ca2ff070cd582047b606e2d1994c7f1f1a15c20dc6c938b
_데모_용인시_20260920/law_sync/_cache/eflaw_20260924/지역보건법.xml,50232,647001dc1a7382086747a7f743b4148611505242689ff64547baffcfd5a55546
_데모_용인시_20260920/law_sync/_cache/eflaw_20260924/지역보건법_시행규칙.xml,13903,cf336939de2314a312877df529e3c648c2bb87470aa8f0a290dd6d2c3ae3f5aa
_데모_용인시_20260920/law_sync/_cache/eflaw_20260924/지역보건법_시행령.xml,17404,4601f3d416e9dd176bbbe45ff53743fcd2f89035e96de30bf8e0ef4244be5fe7
_데모_용인시_20260920/law_sync/_cache/eflaw_20260924/지진_화산재해대책법.xml,41517,fdfb3b5191b0ac96f7f5876e8b8c43c7c7b7446f80efcff3a679047c84ebcf06
_데모_용인시_20260920/law_sync/_cache/eflaw_20260924/지진_화산재해대책법_시행규칙.xml,6814,cb570e15173b0825d348663ee7557bf8d50c034d36a8e99a63a6e5feeeb960b6
_데모_용인시_20260920/law_sync/_cache/eflaw_20260924/지진_화산재해대책법_시행령.xml,18869,beaad2323c3ff1550af3af9ce53b1155b23f01c56eeb810669893e64cde4530c
_데모_용인시_20260920/law_sync/_cache/eflaw_20260924/지하수법.xml,79601,63cd8060776ef88517e8ece7d6d903a35410a8d5de91ac8c29958720357c7070
_데모_용인시_20260920/law_sync/_cache/eflaw_20260924/지하수법_시행규칙.xml,32517,22fd35499cb81b9f5dd5a07fb4e60dd308cb7c4e474b239d3db4fe1c1df7b19f
_데모_용인시_20260920/law_sync/_cache/eflaw_20260924/지하수법_시행령.xml,48132,66b041f5164848c32ec22bc329f8a53535e7ead275c6fdc1c6c915a4954f5736
_데모_용인시_20260920/law_sync/_cache/eflaw_20260924/지하안전관리에_관한_특별법.xml,33705,e565b7aebb5e3633e0cd72557770c7c1f1915c83f707785246c6f3d00e328d4f
_데모_용인시_20260920/law_sync/_cache/eflaw_20260924/지하안전관리에_관한_특별법_시행규칙.xml,7965,243da7e3d88e0ed008f409a62d4c4ca5f0927894c1bbbe00e02b61af9af14f00
_데모_용인시_20260920/law_sync/_cache/eflaw_20260924/지하안전관리에_관한_특별법_시행령.xml,19530,aeaaa699047bd915cb5cf0bd0657030db855ca3534bb841cc277cc0fc40a3a16
_데모_용인시_20260920/law_sync/_cache/eflaw_20260924/진폐의_예방과_진폐근로자의_보호_등에_관한_법률.xml,70915,d39fcb44c3565bfa240fdcda789addd4852be9eb8c2e6925e08d431930d540c8
_데모_용인시_20260920/law_sync/_cache/eflaw_20260924/진폐의_예방과_진폐근로자의_보호_등에_관한_법률_시행규칙.xml,27400,9eab3e1f4fa6c30cbcebfea3d69dd6cce0f896f5378763c3f92037930ac06c1e
_데모_용인시_20260920/law_sync/_cache/eflaw_20260924/진폐의_예방과_진폐근로자의_보호_등에_관한_법률_시행령.xml,26258,00d50c67e05297b90c655d43406f582b053db8a656e2ae6a8e2fa6530f9092d4
_데모_용인시_20260920/law_sync/_cache/eflaw_20260924/집단에너지사업법.xml,81615,bb82f65b050eaad04fa7f4eb9c46cbe1357f26c75b525590a282b5ff946848e5
_데모_용인시_20260920/law_sync/_cache/eflaw_20260924/집단에너지사업법_시행규칙.xml,17536,229af2411e8ff42679cee3e648c803ac5cf7324f1234a0052cc0e670822b7222
_데모_용인시_20260920/law_sync/_cache/eflaw_20260924/집단에너지사업법_시행령.xml,28605,0d742c240c4d2076d06696ee625e06861313bd6763fdc34c5c8c5fb376ed330b
_데모_용인시_20260920/law_sync/_cache/eflaw_20260924/철도건설규칙.xml,26156,98133b1eacbf59f6ab046c70ba077edc5ad37121561a83f366148ba86179143d
_데모_용인시_20260920/law_sync/_cache/eflaw_20260924/철도사업법.xml,53925,00e3001e9956de1da79b03b5fca6c4d8a42472dee3026986d6b535781060c61f
_데모_용인시_20260920/law_sync/_cache/eflaw_20260924/철도사업법_시행규칙.xml,17101,154d0e5b27af18ba40cf679c7048e64390595222d37e46c0f8fa86127639d9b1
_데모_용인시_20260920/law_sync/_cache/eflaw_20260924/철도사업법_시행령.xml,17698,680a993501f65aab698da84e29509709ee8162a584386b22befdc145038b13c3
_데모_용인시_20260920/law_sync/_cache/eflaw_20260924/철도산업발전기본법.xml,34063,cbfd1a0711ec99e34a3f30221df6417a8035e2c86e1fdfec3d1c64dae690dddf
_데모_용인시_20260920/law_sync/_cache/eflaw_20260924/철도산업발전기본법시행규칙.xml,6778,1f60c34539c22238b2ffa7f4aa1f01824e7ec3fca2a336214aa1f283e71cb7eb
_데모_용인시_20260920/law_sync/_cache/eflaw_20260924/철도산업발전기본법시행령.xml,13929,4817abcb479e609153b8039ebaa3efc6916080ac1fa7ca4eb5629dea6bb36423
_데모_용인시_20260920/law_sync/_cache/eflaw_20260924/철도안전법.xml,79172,e88c21074891413fbf5a4b7b43a94e35f2f2657cf1dd1e64708b0a6a423c747d
_데모_용인시_20260920/law_sync/_cache/eflaw_20260924/철도안전법_시행규칙.xml,42757,5403daa361c90f24e2a572d8cfbdd69564aee06db0f9498aadec1ab91a18fb7a
_데모_용인시_20260920/law_sync/_cache/eflaw_20260924/철도안전법_시행령.xml,35933,3b29da7c293f8d9310574c24c173fb3ddf1e3086a9a96717b760723d0a435815
_데모_용인시_20260920/law_sync/_cache/eflaw_20260924/철도의_건설_및_철도시설_유지관리에_관한_법률.xml,24162,60e56a436e49d30a9c8ad28d941b6a89bc4471034cd15d00d6f030cb5b7b80b7
_데모_용인시_20260920/law_sync/_cache/eflaw_20260924/철도의_건설_및_철도시설_유지관리에_관한_법률_시행규칙.xml,3836,d64f86f988d9d10dcc7eedad6182b05450a0914d40f8cdf44b537b4a8b3d683e
_데모_용인시_20260920/law_sync/_cache/eflaw_20260924/철도의_건설_및_철도시설_유지관리에_관한_법률_시행령.xml,6380,b2cb767b2e56a4199d4583a4db58e260b8a9a75d3583692305a56d9b0bfd6d14
_데모_용인시_20260920/law_sync/_cache/eflaw_20260924/철도차량운전규칙.xml,6644,72c27728a89867bfe3687ad45ac428af4231b914ab8e0aa280b0e7242a38a020
_데모_용인시_20260920/law_sync/_cache/eflaw_20260924/청소년활동_진흥법.xml,82657,c116fb8590d3ccb30d18ac253504ad0210930e316069b32cb8034bac2a8f59b6
_데모_용인시_20260920/law_sync/_cache/eflaw_20260924/청소년활동_진흥법_시행규칙.xml,23118,9b752f1a6ca2d0363a4d85fbd3807143510ebf24e7f38bead21a8afb336af0d0
_데모_용인시_20260920/law_sync/_cache/eflaw_20260924/청소년활동_진흥법_시행령.xml,31097,ae17658cc2a30264f0e79d8d91aa5d2667d8f58719e4156a8eb5723526d4f3a9
_데모_용인시_20260920/law_sync/_cache/eflaw_20260924/체육시설의_설치_이용에_관한_법률.xml,85231,b178ef94b51a30038bfcac0427e343952b712a00e679af4086d48ed1ec3985c6
_데모_용인시_20260920/law_sync/_cache/eflaw_20260924/체육시설의_설치_이용에_관한_법률_시행규칙.xml,44752,4709e7524a9436c5cc0587d53af6d35cdbb15f85bc016dd977278de2ec451ff6
_데모_용인시_20260920/law_sync/_cache/eflaw_20260924/체육시설의_설치_이용에_관한_법률_시행령.xml,47322,8affa3dd6c3b131935f1bb6a0ea761d82249e673ac8bcd4a4b1028f7135c96be
_데모_용인시_20260920/law_sync/_cache/eflaw_20260924/초고층_및_지하연계_복합건축물_재난관리에_관한_특별법.xml,39726,46c22fcd7c554e2025d3b24df69f6763717d5d8f7b41cea3eb30da5db099f519
_데모_용인시_20260920/law_sync/_cache/eflaw_20260924/초고층_및_지하연계_복합건축물_재난관리에_관한_특별법_시행규칙.xml,12778,c856ddf706d8d8a716609b557698c7a95be7593a5107677a5a5d75a67bfca724
_데모_용인시_20260920/law_sync/_cache/eflaw_20260924/초고층_및_지하연계_복합건축물_재난관리에_관한_특별법_시행령.xml,16182,b1f2a6c6d3eb46c4767786a46a222f03ebc62ff0fe3de2f2be4251757098a9f3
_데모_용인시_20260920/law_sync/_cache/eflaw_20260924/총포_도검_화약류_등의_안전관리에_관한_법률.xml,37927,b9de2653ed39c55b917f0cad3f889c0ad38dc14cec3b3f059827c2d973dfcb0b
_데모_용인시_20260920/law_sync/_cache/eflaw_20260924/총포_도검_화약류_등의_안전관리에_관한_법률_시행규칙.xml,10798,994e4cea6a31048e880216a545b4e3d4f041aee32e5654e84d12d1c0444ea773
_데모_용인시_20260920/law_sync/_cache/eflaw_20260924/총포_도검_화약류_등의_안전관리에_관한_법률_시행령.xml,15817,941d1e3005eff196246675e15177529f0eaeb74194a884fcacc1dc0e092682b0
_데모_용인시_20260920/law_sync/_cache/eflaw_20260924/축산물_위생관리법.xml,81035,a7107e324787b6d74fa87ed2f75a5289a94904130617e10266174cb3dd89de5d
_데모_용인시_20260920/law_sync/_cache/eflaw_20260924/축산물_위생관리법_시행규칙.xml,49917,b590003bd4f036f2731919e490731cac60c06090c1893847a88b12c61e26a0c7
_데모_용인시_20260920/law_sync/_cache/eflaw_20260924/축산물_위생관리법_시행령.xml,35186,3625859d0d25b24c076a91de7e6f4b9b0da357d233ba55c9265f09a68b3fe542
_데모_용인시_20260920/law_sync/_cache/eflaw_20260924/축산법.xml,79182,db3497e744b7006897a22bdfd5cc63216692a4459ba63a28e7e2a187d7ead894
_데모_용인시_20260920/law_sync/_cache/eflaw_20260924/축산법_시행규칙.xml,67062,170df81b3960dd9a2934c22228dd0fd7607f72e079b6c3d54eecbc4baf1c9793
_데모_용인시_20260920/law_sync/_cache/eflaw_20260924/축산법_시행령.xml,51688,fa331018c5a8d963b22fa8d272eececce29f9154175fc3a8162f36239d0fe688
_데모_용인시_20260920/law_sync/_cache/eflaw_20260924/토양환경보전법.xml,80538,6d658d4b5ade1e107c96a12306c58e1a8b3f8b9d049cff6ac68c685188cc90b2
_데모_용인시_20260920/law_sync/_cache/eflaw_20260924/토양환경보전법_시행규칙.xml,41652,57f996b10a6c34e8166fd725a5676c33dbebe6d55cc414d34f24c25f3f86e5b2
_데모_용인시_20260920/law_sync/_cache/eflaw_20260924/토양환경보전법_시행령.xml,26901,9e1277d9361f0f9beea1864e18ffcb27ccd586bb2d26559b118a78c532a72b3d
_데모_용인시_20260920/law_sync/_cache/eflaw_20260924/특수화물_선박운송_규칙.xml,11505,257eb8932d4a6730eeba12ccdf6c9a216ce9744a947ca02f4c54a8f1e1f7f82f
_데모_용인시_20260920/law_sync/_cache/eflaw_20260924/파견근로자_보호_등에_관한_법률.xml,46043,d3ca6cf604ab858a5d9359ef7ce7dd09751fe047ec9a6697812004f959986b02
_데모_용인시_20260920/law_sync/_cache/eflaw_20260924/파견근로자_보호_등에_관한_법률_시행규칙.xml,16408,b153153c0015a0aa96bb4805cdf198928af0442501e53dc663b8f6e589996034
_데모_용인시_20260920/law_sync/_cache/eflaw_20260924/파견근로자_보호_등에_관한_법률_시행령.xml,13708,60724a63315e6ae223052e9cece408669c6f995bb374a6f31e4826b01db82670
_데모_용인시_20260920/law_sync/_cache/eflaw_20260924/폐기물관리법.xml,80194,937e1fad480ce989047025fb5a8a00cb0476180362497742b90b8544c320f638
_데모_용인시_20260920/law_sync/_cache/eflaw_20260924/폐기물관리법_시행규칙.xml,81399,42b494a5cd9dd33c065de5128f6da8212fbe51c22b2e1cf9373ea0479a8184ae
_데모_용인시_20260920/law_sync/_cache/eflaw_20260924/폐기물관리법_시행령.xml,80813,d6aee703d1fa103f10babedf7dba0393c7f1db1ee312461fba840cad746c9a26
_데모_용인시_20260920/law_sync/_cache/eflaw_20260924/풍수해_지진재해보험법.xml,7536,fca3013afebdda80844b569dfc9427977a0553cc50e7375d15af04051d8d6811
_데모_용인시_20260920/law_sync/_cache/eflaw_20260924/풍수해_지진재해보험법_시행규칙.xml,1117,3934800f51d5a160d135a79c7dd3b9d2571b2b9c1aee2900a73a3bf10d79b2b8
_데모_용인시_20260920/law_sync/_cache/eflaw_20260924/풍수해_지진재해보험법_시행령.xml,4345,fbc61a62d9a27b95c02f41a6933009e2b500105273f2d60f21b3dfd22068388c
_데모_용인시_20260920/law_sync/_cache/eflaw_20260924/하수도법.xml,78890,fab7112c59c188e73fefda0684cd4609613bad18762f94d11cb0d44d44504b16
_데모_용인시_20260920/law_sync/_cache/eflaw_20260924/하수도법_시행규칙.xml,45997,d689a259cc53d3f05e02b5e5b7c0db0c31a1c8aaf6073c496905af2b02f5ac9e
_데모_용인시_20260920/law_sync/_cache/eflaw_20260924/하수도법_시행령.xml,67298,592a8c9a3d023aa374ada0834fb472001caaf5be5ea7e0a7c74e1846f6b42b94
_데모_용인시_20260920/law_sync/_cache/eflaw_20260924/하천법.xml,79181,83e2d93d2352b212bdf81db55809fa713fd7e6cfa1eb11a39b97cff7dac961a3
_데모_용인시_20260920/law_sync/_cache/eflaw_20260924/하천법_시행규칙.xml,41957,40328326967f92f47f99056fc15bf636806de9ea90c516b8352390b13285658e
_데모_용인시_20260920/law_sync/_cache/eflaw_20260924/하천법_시행령.xml,60769,b47f59448e5f2efbb77df5faa95406742598ae1b829a35681f35261b626626fc
_데모_용인시_20260920/law_sync/_cache/eflaw_20260924/학교건강검사규칙.xml,8159,72f48408a287f66622220df914b07a67424eb26efb771535d4ad4d402567b529
_데모_용인시_20260920/law_sync/_cache/eflaw_20260924/학교급식법.xml,63391,43dd77a90d29059aa7548d674770cfa3fad64a2992e624ebc9ec4e329576afe8
_데모_용인시_20260920/law_sync/_cache/eflaw_20260924/학교급식법_시행규칙.xml,14472,a36725816182554ecba07c413c2d7a3d0b5e2a327d8bd9f86e4c1fb52e4c1a65
_데모_용인시_20260920/law_sync/_cache/eflaw_20260924/학교급식법_시행령.xml,22253,af077cee1a448e1cc799257cb258eccc31b4e0c82f12fcffe2f34b108425ed4b
_데모_용인시_20260920/law_sync/_cache/eflaw_20260924/학교보건법.xml,77957,9cd2672513fc1fe7b32e0d4989ba0e2fa02b05fcaddd022c0d24b2d26733d13c
_데모_용인시_20260920/law_sync/_cache/eflaw_20260924/학교보건법_시행규칙.xml,22301,b91f289c49f71b8b96ba8c769621713436ce6d621a0a0428edc10234fa79379a
_데모_용인시_20260920/law_sync/_cache/eflaw_20260924/학교보건법_시행령.xml,44252,4ef750578e4decefdeb29e10de3e56c53d1765661973b7fcbd25cb00a702e6fd
_데모_용인시_20260920/law_sync/_cache/eflaw_20260924/학교시설사업_촉진법.xml,50057,3090203c27c2f0fea6ad6778f55c60f2e70a90f90fe01a06db1b3143f08534d8
_데모_용인시_20260920/law_sync/_cache/eflaw_20260924/학교시설사업_촉진법_시행규칙.xml,4303,d4f74f6a717ce756d3374b586abc99ab56558b5ea9c27f826a302dbf28fc3016
_데모_용인시_20260920/law_sync/_cache/eflaw_20260924/학교시설사업_촉진법_시행령.xml,21819,47e1beb895aa5e9308305ff81c6016ea6c3850f091577f421145af6d71bf3094
_데모_용인시_20260920/law_sync/_cache/eflaw_20260924/학교안전사고_예방_및_보상에_관한_법률.xml,56594,1cc09af3d11b18a112535597faa64a0342a8e28c21d9ebe74d583ed476ee234b
_데모_용인시_20260920/law_sync/_cache/eflaw_20260924/학교안전사고_예방_및_보상에_관한_법률_시행규칙.xml,10609,4e0c7117c6f19958a8a650386dba221d0aa76127498b13ebc32a6f749228addb
_데모_용인시_20260920/law_sync/_cache/eflaw_20260924/학교안전사고_예방_및_보상에_관한_법률_시행령.xml,23248,7bd848751f284a26b69cb71f6403ba42a8e18b372c9c03935f932a55fe00eb07
_데모_용인시_20260920/law_sync/_cache/eflaw_20260924/학원의_설립_운영_및_과외교습에_관한_법률.xml,70312,f63286c41e959106b7db79e52d815d76e2bb7992e43f629f42ec01f2cd5b4179
_데모_용인시_20260920/law_sync/_cache/eflaw_20260924/학원의_설립_운영_및_과외교습에_관한_법률_시행규칙.xml,22652,ca3b75496922f5c231bbd170037d1ace7b40c98479ab014a2db5902a2954e150
_데모_용인시_20260920/law_sync/_cache/eflaw_20260924/학원의_설립_운영_및_과외교습에_관한_법률_시행령.xml,25774,e9625064c4f884e1e600055e0f3e02237149cba0edf28555b3b59fd61d165a56
_데모_용인시_20260920/law_sync/_cache/eflaw_20260924/한국산업안전보건공단법.xml,7491,18380caa3f48c834709e1ee05c60f6957eb2cf17f309b766040a25a29ebafce2
_데모_용인시_20260920/law_sync/_cache/eflaw_20260924/한국산업안전보건공단법_시행령.xml,3533,ef0393729f455bebe7e4b0a38500fda1da25a93b26ceb7a59c62541160c2cc1d
_데모_용인시_20260920/law_sync/_cache/eflaw_20260924/한국원자력안전기술원법.xml,18818,28f2243253a11d558caeeedd032fc64773d6238b5452a5bde756ba6ba39e75a0
_데모_용인시_20260920/law_sync/_cache/eflaw_20260924/한국원자력안전기술원법_시행령.xml,5195,79f87a88e3086f2d63de5f9b024d07be76ddf2e07ec671bbd078f1166c96472b
_데모_용인시_20260920/law_sync/_cache/eflaw_20260924/항공기등록규칙.xml,19294,a405af666847abb1e395e08d998e3ba2626e909a8e3e80908863d9ad3a01d981
_데모_용인시_20260920/law_sync/_cache/eflaw_20260924/항공보안법.xml,45316,1c8bd50b448a5922a5b7c62110294ed898cdbc55f73227352f3575e2c9f5f560
_데모_용인시_20260920/law_sync/_cache/eflaw_20260924/항공보안법_시행규칙.xml,13907,31856ac0823b7a6782466d0bfe5482a0414fe9ee9ef5b48c0c0cbc734f2e7bb0
_데모_용인시_20260920/law_sync/_cache/eflaw_20260924/항공보안법_시행령.xml,16923,84acd7a7cb36ca6847d8d2aff59474adf3884bb55cae478ff52523478dfdef6a
_데모_용인시_20260920/law_sync/_cache/eflaw_20260924/항공사업법.xml,43718,0217858fad9e2788c0fa73b2406703e1c5c0890ca91e957b7a704fff0b411519
_데모_용인시_20260920/law_sync/_cache/eflaw_20260924/항공사업법_시행규칙.xml,10693,f2fa43ffa9a5f1d3bf0eb2728227d188f7b332c0a55c5f5bc73ab01a626791b3
_데모_용인시_20260920/law_sync/_cache/eflaw_20260924/항공사업법_시행령.xml,20882,68e2f8d0f9fa284479fd6ef15872ebe23070dfc90223172530b1eb2e401720c8
_데모_용인시_20260920/law_sync/_cache/eflaw_20260924/항공안전법.xml,79363,f51bfa92ad05186004524ed7a33558582bc481c330e8014cd2c86ebbb1392057
_데모_용인시_20260920/law_sync/_cache/eflaw_20260924/항공안전법_시행규칙.xml,47567,35402a938f36b56144f364f7902951e5c9efc262055d9c8aa6b86cbad3c97f1a
_데모_용인시_20260920/law_sync/_cache/eflaw_20260924/항공안전법_시행령.xml,36736,97984d47493e26049ad1731d3f2f9175323662485a6c65cdba14ec3fbf8da5ee
_데모_용인시_20260920/law_sync/_cache/eflaw_20260924/항로표지법.xml,79196,9e6be83c46203d098e2bf6c3b990932a2b3aac525a24c677c68c2c1e85c1e435
_데모_용인시_20260920/law_sync/_cache/eflaw_20260924/항로표지법_시행규칙.xml,26711,c6a0bafc49cc05eaca2876e7624bc08330c633110b5b7bc67545f11e399b36d9
_데모_용인시_20260920/law_sync/_cache/eflaw_20260924/항로표지법_시행령.xml,39046,4ffac39977df0cc4367b633333f314b6afd57d2b13e04b4d1a011328c541cacf
_데모_용인시_20260920/law_sync/_cache/eflaw_20260924/항만공사법.xml,56861,e530b2f97a7bec171b5eeee636d2389d96b6f6ed107ede3c94a49504f1ae96a0
_데모_용인시_20260920/law_sync/_cache/eflaw_20260924/항만공사법_시행규칙.xml,9078,d9a876ee3a663121c93633c94668ba516e3f0f570895ee78de86109094c48a10
_데모_용인시_20260920/law_sync/_cache/eflaw_20260924/항만공사법_시행령.xml,22447,b3d0f7cc99ecc636e622a704b2052511d6241e37124f916f63582d7fe966821b
_데모_용인시_20260920/law_sync/_cache/eflaw_20260924/항만법.xml,77832,46e2f10d924f451032c08c9edcdea706cb9c7aaa1016e7029cb4df3ceeb086c4
_데모_용인시_20260920/law_sync/_cache/eflaw_20260924/항만법_시행규칙.xml,36015,c8c6516cd846ab86b2e18896eedaed5b98ba7d523fc6495cde85b29d90df235d
_데모_용인시_20260920/law_sync/_cache/eflaw_20260924/항만법_시행령.xml,78946,8686c4c607e5f8ff9cbd01332d9bfc8e826a57b9eb52db9a05909f33e01fedaf
_데모_용인시_20260920/law_sync/_cache/eflaw_20260924/항만안전특별법.xml,6625,3ce24ae55ea2ab3633232fb3e614a800005a742f143b1aa742dca90d06278b6e
_데모_용인시_20260920/law_sync/_cache/eflaw_20260924/항만안전특별법_시행규칙.xml,1894,e8e9cf69e8c529526b22ab0f25b90bb5f54ff9f0a0a5657b17ac8d2da3277cfe
_데모_용인시_20260920/law_sync/_cache/eflaw_20260924/항만안전특별법_시행령.xml,3469,c694eb22f5e835090ff0ea7e90bed77b6d6e67be692774db4ddce2b84fc64d37
_데모_용인시_20260920/law_sync/_cache/eflaw_20260924/항만운송사업법.xml,79785,520d10f1eae6c0c50754f2956793ff2c26030db53e57fb66140ad79056330a78
_데모_용인시_20260920/law_sync/_cache/eflaw_20260924/항만운송사업법_시행규칙.xml,38078,b64380b2ce751dd75003a817f56f3d579895e77e0f424e2a190c1cde89af48cd
_데모_용인시_20260920/law_sync/_cache/eflaw_20260924/항만운송사업법_시행령.xml,34551,dd0aa3f42af93aa324fb613eb5ff88eb6a4970104f25c5452ed1744f1d7a081d
_데모_용인시_20260920/law_sync/_cache/eflaw_20260924/해사안전기본법.xml,5845,19fc3378f46079afac1b68d0cd8ea5832dfcaeb94a8ad6e6049158255b022cc7
_데모_용인시_20260920/law_sync/_cache/eflaw_20260924/해사안전기본법_시행규칙.xml,1900,5dbab184adedba2ba463f813aae010422ecd1cfd7d1b6e6e4914ec6fb89c4b53
_데모_용인시_20260920/law_sync/_cache/eflaw_20260924/해사안전기본법_시행령.xml,2677,62c311048596df4a0a0092d71c35088c8bde8c4d96f63dc29bc167c659a800a2
_데모_용인시_20260920/law_sync/_cache/eflaw_20260924/해상교통안전법.xml,50265,df91ca6389c6e1491e856edb511d9277fe8f3b30b6cbbb31992856264784a8f9
_데모_용인시_20260920/law_sync/_cache/eflaw_20260924/해상교통안전법_시행규칙.xml,17984,4bd583df24a11f9c88d088de9e9d961a57427942b3c41551b0e0099970cc2c5e
_데모_용인시_20260920/law_sync/_cache/eflaw_20260924/해상교통안전법_시행령.xml,15408,6bc4595074fef5eae94f4faa617505f56b2d32310fa5c93789ee743d8e2194c4
_데모_용인시_20260920/law_sync/_cache/eflaw_20260924/해수욕장의_이용_및_관리에_관한_법률.xml,32321,283cab38e6cc3b456ae0d422cce88e6c418abb4d87eb28f897feb1ed8a938220
_데모_용인시_20260920/law_sync/_cache/eflaw_20260924/해수욕장의_이용_및_관리에_관한_법률_시행규칙.xml,5493,efcb7ac14b2777ff59d475d350bdbaac452c731ed38748b78127ec67d15ab0a4
_데모_용인시_20260920/law_sync/_cache/eflaw_20260924/해수욕장의_이용_및_관리에_관한_법률_시행령.xml,13094,044896b2353923b75a921e6168058e4dfab885d412c9a2d96b45452e6576c57e
_데모_용인시_20260920/law_sync/_cache/eflaw_20260924/해양폐기물_및_해양오염퇴적물_관리법.xml,20315,a1478c71c13cfd3b6d6a3cd24ad9e64cdc86dba375c6b0c9374f640f3d75a043
_데모_용인시_20260920/law_sync/_cache/eflaw_20260924/해양폐기물_및_해양오염퇴적물_관리법_시행규칙.xml,6169,781b9ffe289b8c9b02e683e8a88b5483fb027ec2e0dbb28be8cb2489e2c25a07
_데모_용인시_20260920/law_sync/_cache/eflaw_20260924/해양폐기물_및_해양오염퇴적물_관리법_시행령.xml,6931,2ef0f20da4f9a5d3dcec92e08b63f58b48bef5072ae6012c6a100db6c9cbb222
_데모_용인시_20260920/law_sync/_cache/eflaw_20260924/해양환경관리법.xml,79506,f88661214a1f8590b4c996b2f58941b0b0e47a02c0287ca3de3858242a6a75fd
_데모_용인시_20260920/law_sync/_cache/eflaw_20260924/해양환경관리법_시행규칙.xml,45546,57a332183be1be09829ce7b7a34d8cc0e211ea7554291a0c6b420697f91734a2
_데모_용인시_20260920/law_sync/_cache/eflaw_20260924/해양환경관리법_시행령.xml,62570,89a4535276416c1e22494e7a64a84c9732a5e4a645ac8d66220b0d794f66f0fa
_데모_용인시_20260920/law_sync/_cache/eflaw_20260924/해운법.xml,78518,4e8f34738dc85e746b8c746014ca7eab10cda1e3b4759207687a929a5f58980b
_데모_용인시_20260920/law_sync/_cache/eflaw_20260924/해운법_시행규칙.xml,46366,91cdc8580e3155fb09e24996e71b2424b8ec95c6c18d54549b7757f2dbab2e5d
_데모_용인시_20260920/law_sync/_cache/eflaw_20260924/해운법_시행령.xml,44290,e47704c6c3c7e4a5e498247ffa625e1365a2b938c40ac9a730985c37195753a6
_데모_용인시_20260920/law_sync/_cache/eflaw_20260924/화장품법.xml,79613,375989f22883857080f2b2827856c756033c6cb9091f1e14098dead624b16178
_데모_용인시_20260920/law_sync/_cache/eflaw_20260924/화장품법_시행규칙.xml,46751,af3e3e5227bc57556874d35f8f7c8df87516e0fc142572be959768a6952c6f11
_데모_용인시_20260920/law_sync/_cache/eflaw_20260924/화장품법_시행령.xml,17033,e5c0aab6b0c98904be33d8280f50e6fb6766dd6be4ead0e5ac49aa0ad71885ef
_데모_용인시_20260920/law_sync/_cache/eflaw_20260924/화재의_예방_및_안전관리에_관한_법률.xml,15421,60479b929de0072c93da6b221e26857afaa9f914887941b237893dc88834b079
_데모_용인시_20260920/law_sync/_cache/eflaw_20260924/화재의_예방_및_안전관리에_관한_법률_시행규칙.xml,3741,33a0a442b3c32e1b16acb0ec5be889dbcfc8f93984220c550ec2636e291bc5f6
_데모_용인시_20260920/law_sync/_cache/eflaw_20260924/화재의_예방_및_안전관리에_관한_법률_시행령.xml,7080,e6f7457a0c39719b99f895ea20c705ca162449979f8f6d46334dc2585670ba43
_데모_용인시_20260920/law_sync/_cache/eflaw_20260924/화학물질관리법.xml,80817,d229fb2782165501848879013a10e5f34bf9fb3d720d20b3ed593be3d698cb88
_데모_용인시_20260920/law_sync/_cache/eflaw_20260924/화학물질관리법_시행규칙.xml,47446,7bdd4edbb0874c6d719b2574e6aaaa5e687f67a5b1c02ad911ad0c08229e142a
_데모_용인시_20260920/law_sync/_cache/eflaw_20260924/화학물질관리법_시행령.xml,41602,8f296ad57374b1313d86aeaa2642fb079b87a7e6c0192776f9c7e13ee73020a3
_데모_용인시_20260920/law_sync/_cache/eflaw_20260924/화학물질의_등록_및_평가_등에_관한_법률.xml,65025,64a8918b7d73434a005f3d6c9dc8fe56c4845420dd6c722f0921c60ff4e32813
_데모_용인시_20260920/law_sync/_cache/eflaw_20260924/화학물질의_등록_및_평가_등에_관한_법률_시행규칙.xml,26886,00bcf2caa68c6160a90d69b710edb45e6638617605a0f6b9eb62ac9e0da54dab
_데모_용인시_20260920/law_sync/_cache/eflaw_20260924/화학물질의_등록_및_평가_등에_관한_법률_시행령.xml,23131,30be6337897e2cf74afacde34c6bbe78bdd7a7ea87ae8343c74c65b74be87b09
_데모_용인시_20260920/law_sync/_cache/eflaw_20260924/환경기술_및_환경산업_지원법.xml,85334,8b37441277df096cae8bd596b53a9ae7bff276c99debb7f7ad4b390e380fccbd
_데모_용인시_20260920/law_sync/_cache/eflaw_20260924/환경기술_및_환경산업_지원법_시행규칙.xml,21923,91d9f1e26c80514292d7744417098bae4c20eeafd106e3675e6b88decc7b108c
_데모_용인시_20260920/law_sync/_cache/eflaw_20260924/환경기술_및_환경산업_지원법_시행령.xml,41442,ab84d37c9333c0603e7b315310775cd04282620d8c47e42a73a32ea1db2d321b
_데모_용인시_20260920/law_sync/_cache/eflaw_20260924/환경보건법.xml,71245,ca0cc4ee4dc4b32168c0c6c7968233b562f174c72b748a2bfdd0d976df9a1655
_데모_용인시_20260920/law_sync/_cache/eflaw_20260924/환경보건법_시행규칙.xml,17990,3f652adcb846f0cf6a7457723d400e4ad7b846ccd021b19fe7bbb26ca06a6cd9
_데모_용인시_20260920/law_sync/_cache/eflaw_20260924/환경보건법_시행령.xml,32334,bb2046309f2a3e49d67275484dbd2d51b024fc35ba5bbfa43f0e6484b9fe6768
_데모_용인시_20260920/law_sync/_cache/eflaw_20260924/환경분야_시험_검사_등에_관한_법률.xml,86303,b8458295e61e49989f72df026ad2a27b6407233f2342ad809a4a31568f725f50
_데모_용인시_20260920/law_sync/_cache/eflaw_20260924/환경분야_시험_검사_등에_관한_법률_시행규칙.xml,33509,f925d7af7a7edccc714c825835e73e38f88c4414cabc2666d06111fb57c6c63e
_데모_용인시_20260920/law_sync/_cache/eflaw_20260924/환경분야_시험_검사_등에_관한_법률_시행령.xml,28897,96e9542a84162b87ce0c5df90a5f9db77621bb87255229d87e2cd9215bf00248
_데모_용인시_20260920/law_sync/_cache/eflaw_20260924/환경영향평가법.xml,80650,abb062c47cec2b93910d8c7f09afda0d1c7fa493792e85378be6c0c6252ca56e
_데모_용인시_20260920/law_sync/_cache/eflaw_20260924/환경영향평가법_시행규칙.xml,26236,1cb0b8fa1d314aa9dacb532718838f7a5d578eb9cb965dbc081044f4c86da16d
_데모_용인시_20260920/law_sync/_cache/eflaw_20260924/환경영향평가법_시행령.xml,81044,9bd6e62fe7b2ec31f112486230a4ea23c22eb220396cdbdde9662f021e8622b7
_데모_용인시_20260920/law_sync/_cache/eflaw_20260924/환경오염시설의_통합관리에_관한_법률.xml,53877,69b6fe0358a89142a9d31c97ef1d4ebae72abc6beb2f67e8950798e0f1545fe4
_데모_용인시_20260920/law_sync/_cache/eflaw_20260924/환경오염시설의_통합관리에_관한_법률_시행규칙.xml,20473,d8077e423d7c7b887e493dfac9382c5dcc144d5662fc8c4e21bc9f7380834828
_데모_용인시_20260920/law_sync/_cache/eflaw_20260924/환경오염시설의_통합관리에_관한_법률_시행령.xml,18549,515899f87abceb079fb5853777d81606c8bec9ed065016f5551d20fdae4daf41
_데모_용인시_20260920/law_sync/_cache/eflaw_20260924/환경오염피해_배상책임_및_구제에_관한_법률.xml,37100,3d9f4f7c7bd55c33b855f1cf9197302c0b62dc7b5a8280e26c7c22e59b79b45f
_데모_용인시_20260920/law_sync/_cache/eflaw_20260924/환경오염피해_배상책임_및_구제에_관한_법률_시행규칙.xml,8334,5e7065442017bf9efba21010cb8879b71887b04fabf412a59532ad115d621ef2
_데모_용인시_20260920/law_sync/_cache/eflaw_20260924/환경오염피해_배상책임_및_구제에_관한_법률_시행령.xml,17962,4af6b4c91ce47de016e0f5a293b1cb2d8c37251861301d2b8e18e4d2c3b95869
_데모_용인시_20260920/law_sync/_cache/eflaw_20260924/환경친화적_자동차의_개발_및_보급_촉진에_관한_법률.xml,41871,cde541a839e32c24b52c81edab7229e359517420a6cb2e60d9072db9df3985d0
_데모_용인시_20260920/law_sync/_cache/eflaw_20260924/환경친화적_자동차의_개발_및_보급_촉진에_관한_법률_시행령.xml,17002,a920b57bf8b8d6685a3e93d746be2195850a052f8bb3775354e6dfb79f85c0fa
_데모_용인시_20260920/law_sync/_cache/eflaw_20260924/환경친화적자동차의_개발_및_보급_촉진에_관한_법률_시행규칙.xml,4784,d99d23d09c2a4657bf509e8ee388d3a0a046e8f692208095580b024abb4845af
_데모_용인시_20260920/law_sync/_cache/eflaw_20260924/환자안전법.xml,12108,c646e7249b581d5b68bba20685db719ac6febc1024c8f42d54d6f857ff2521df
_데모_용인시_20260920/law_sync/_cache/eflaw_20260924/환자안전법_시행규칙.xml,4279,80a36387c3cfd459fa27a26d6fcce48c241272edee731e6d3c747e73c3ae304c
_데모_용인시_20260920/law_sync/_cache/eflaw_20260924/환자안전법_시행령.xml,4231,81dd3f43b704fb80af229bc55ce3606c78379e044e166c0e1172d76c2c0e5b8e
_데모_용인시_20260920/law_sync/_cache/lawxml/law_289799.xml,226627,886060748af5f42c2fb818c814590d30a25d0f4d07ff00a250f21e913b4aa5cc
_데모_용인시_20260920/law_sync/_cache/lawxml/law_289913.xml,416622,4c94fcaf690d1c306c47b3ab9a006914adf3d9bd42f8b8adb6c8e0b062ba5ab3
_데모_용인시_20260920/law_sync/_state/admin_baseline.json,34350,a5060245274fc25b12e1ca8270372ae66e8d5020a64901370e2dbf8b3fa83c94
_데모_용인시_20260920/law_sync/_state/applied_versions.json,8116,6ebe50a612d10b359f1411b8cb3074647935f6d66b8d31b80955b1a092949eb8
_데모_용인시_20260920/law_sync/runs/RUN-20260924-203421/_out/fix_mst/(점검)판번호_갈아탐_20260920.csv,289,53dad15219caa7df96435f6a1f9cfffe334be5daa2ac5c126829d834e2f075e2
_데모_용인시_20260920/law_sync/runs/RUN-20260924-203421/_out/fix_mst/_CHANGELOG.md,32428,0d151b4d30363289eec7a76ba7f9bed975fc42e4896a64759e7a4fd3bf8d5c4e
_데모_용인시_20260920/law_sync/runs/RUN-20260924-203421/_out/fix_mst/_redirect.json,3233,6d4adbf4fd84243341da1bfaa003c76a5634c38468ef8dab167a155512775200
_데모_용인시_20260920/law_sync/runs/RUN-20260924-203421/_out/fix_mst/doc_20260901_v2.1.csv,1398225,913f71c6f9d43c96f2eaff70b8954abae68991e7478375fa54ee637e2554c5e5
_데모_용인시_20260920/law_sync/runs/RUN-20260924-203421/_out/fix_mst/doc_20260901_v2.1_before_lawsync.csv,1398225,423539148fd46df90bf2cf21a9bec2fd7302f3d957d6c337a8a99948ea1602e2
_데모_용인시_20260920/law_sync/runs/RUN-20260924-203421/_out/fix_mst/law_20260901_v2.1.csv,44921,856538081e6a87e2198ae3e9d50d778794701699222a1186b1f2fee56677b636
_데모_용인시_20260920/law_sync/runs/RUN-20260924-203421/_out/fix_mst/law_20260901_v2.1_before_lawsync.csv,44921,fd12712b7fa9666820c047e30e45c1315a503066e8b275394adf30367d58a6c5
_데모_용인시_20260920/law_sync/runs/RUN-20260924-203421/_out/fix_text/(점검)lawsync_원문대조.csv,6067,eb661a9a21c7c36c5e9cf56c86a9f0058ad6ff0349ba56d74e971531c769d94f
_데모_용인시_20260920/law_sync/runs/RUN-20260924-203421/_out/fix_text/_redirect.json,2031,dba89799c2ca8ba6a0b84eb4bc825bfa8d864b4977277ed2845b85b97e0a8516
_데모_용인시_20260920/law_sync/runs/RUN-20260924-203421/_out/lessons/_lesson_guard_20260924.csv,8834,44d04843cfffabf9bd0288284eccfae3e15babe00ff73249f6ed57dc61c9f35d
_데모_용인시_20260920/law_sync/runs/RUN-20260924-203421/_out/lessons/_redirect.json,509,b23d53094f1f97dbace52a23f85c671241de7871dc7429edc3ece15e5bf8be22
_데모_용인시_20260920/law_sync/runs/RUN-20260924-203421/_out/review/[검수]원문재수집_재검토대기열_20260917_v0.2.xlsx,23441,819f2e5958c67aa3a87a10b3bde6f5a13fccaf87dd0b55cf36053bdb4a174799
_데모_용인시_20260920/law_sync/runs/RUN-20260924-203421/_out/review/_redirect.json,888,51d888447bc187793372e619100a47e91ca870164082610a8c7707566629415c
_데모_용인시_20260920/law_sync/runs/RUN-20260924-203421/_out/watch_law/(점검)판겹침_법령_20260920.csv,282710,82d0ac6363f33b5516ab55a0f6f9104b91bfa54e9069f4aedab88248a86328a2
_데모_용인시_20260920/law_sync/runs/RUN-20260924-203421/_out/watch_law/_redirect.json,74249,8db4800e52e9b44dcfe8ab2b8a7275f5a7356a3baa98ceb2305391c9488c8910
_데모_용인시_20260920/law_sync/runs/RUN-20260924-203421/in/_RELEASE_writing.json,11093,16101d2199f9215ed37b3e7383a14428b1e28967f2469b1aba45b7d84e1d96f6
_데모_용인시_20260920/law_sync/runs/RUN-20260924-203421/in/overlap_stale.csv,942,7ef5a6aef3afd93a18fce5a4438920f4b97eeaa56dd4265411b5e005fe3bb192
_데모_용인시_20260920/law_sync/runs/RUN-20260924-203421/in/recollect_queue.csv,27697,00db92057b7d0e4f969236650b8564c373b16ea7920faab5462427ff33054b5a
_데모_용인시_20260920/law_sync/runs/RUN-20260924-203421/items.csv,66634,450f5516871a7277045f99a9594da0b13b0adce71f3e66beecdaea228c6b9f8f
_데모_용인시_20260920/law_sync/runs/RUN-20260924-203421/law_change.csv,5820,bb8e97b7d8e0f505848a98e02707f595e3315a669ebf671741ccb016ec63dcf5
_데모_용인시_20260920/law_sync/runs/RUN-20260924-203421/log.jsonl,12957,61e6ab96723b215c9b7c30432c7eb7de61b0e34932b07411dc27989b344f4003
_데모_용인시_20260920/law_sync/runs/RUN-20260924-203421/status.json,2645,68215c0bad407021308856c92d6008d08dfca05f24ada90d4aa18f6fbcae45db
_데모_용인시_20260920/law_sync/runs/RUN-20260924-203421/watch_admin.csv,46070,a5837a88be2d1941ecc079eec09eb9b5dc4bb6f7269d92c2d848d74b97a57aa9
_데모_용인시_20260920/law_sync/runs/RUN-20260924-203421/watch_law.csv,104996,74fdfb8c56c970cc11e38c91b2739b8fc321d0a9e4bb6aa5114a8f5d19b2ca6a
_데모_용인시_20260920/law_sync/runs/RUN-20260924-203421/재검토표.xlsx,23441,819f2e5958c67aa3a87a10b3bde6f5a13fccaf87dd0b55cf36053bdb4a174799
_데모_용인시_20260920/law_sync/runs/RUN-20260924-210628/_out/lessons/_lesson_guard_20260924.csv,8834,44d04843cfffabf9bd0288284eccfae3e15babe00ff73249f6ed57dc61c9f35d
_데모_용인시_20260920/law_sync/runs/RUN-20260924-210628/_out/lessons/_redirect.json,509,22db35927d1603ecee9792f605fe42374431039c94dabbb1f2e3398dfe8246da
_데모_용인시_20260920/law_sync/runs/RUN-20260924-210628/_out/watch_law/(점검)판겹침_법령_20260920.csv,282710,82d0ac6363f33b5516ab55a0f6f9104b91bfa54e9069f4aedab88248a86328a2
_데모_용인시_20260920/law_sync/runs/RUN-20260924-210628/_out/watch_law/_redirect.json,74249,cbd30899dee9e424bba318687de4d42638395a7c435c8da9809583c4a334dc31
_데모_용인시_20260920/law_sync/runs/RUN-20260924-210628/items.csv,226,314ec3301b796b11ddfe37792fde6dd3020d86b720bcc7828b8a57b668f8cc39
_데모_용인시_20260920/law_sync/runs/RUN-20260924-210628/law_change.csv,173,f71438961bc13ffb3ab711190ed005fb13a47c705622a6b36d118ae844af2d06
_데모_용인시_20260920/law_sync/runs/RUN-20260924-210628/log.jsonl,8710,0df10297f861f3a0babc33f43226d148bd16233ac75c080d351b0f6f59255da3
_데모_용인시_20260920/law_sync/runs/RUN-20260924-210628/status.json,2518,7331aa5bd5507017aedf4f4c649b4e975cb9e8224c208d1ba3bcae157bc48791
_데모_용인시_20260920/law_sync/runs/RUN-20260924-210628/watch_admin.csv,46070,a5837a88be2d1941ecc079eec09eb9b5dc4bb6f7269d92c2d848d74b97a57aa9
_데모_용인시_20260920/law_sync/runs/RUN-20260924-210628/watch_law.csv,106498,003cd5f0cfd9b7f2039c5a44d15443e23ed06f79e9ffd769d79f0ce1f82cfdc4
_데모_용인시_20260920/law_sync/runs/RUN-20260924-211650/_out/lessons/_lesson_guard_20260924.csv,8834,44d04843cfffabf9bd0288284eccfae3e15babe00ff73249f6ed57dc61c9f35d
_데모_용인시_20260920/law_sync/runs/RUN-20260924-211650/_out/lessons/_redirect.json,509,5f0c04a68b38a8bbd96bd78a65558c59f7fa612e8f829a834c393a9b1a8b3e2a
_데모_용인시_20260920/law_sync/runs/RUN-20260924-211650/_out/watch_law/(점검)판겹침_법령_20260920.csv,282710,82d0ac6363f33b5516ab55a0f6f9104b91bfa54e9069f4aedab88248a86328a2
_데모_용인시_20260920/law_sync/runs/RUN-20260924-211650/_out/watch_law/_redirect.json,74249,d0fe78bbf7b2734b091c9235162f9a86295c010f06eec94b756d050515b2ab73
_데모_용인시_20260920/law_sync/runs/RUN-20260924-211650/items.csv,226,314ec3301b796b11ddfe37792fde6dd3020d86b720bcc7828b8a57b668f8cc39
_데모_용인시_20260920/law_sync/runs/RUN-20260924-211650/law_change.csv,173,f71438961bc13ffb3ab711190ed005fb13a47c705622a6b36d118ae844af2d06
_데모_용인시_20260920/law_sync/runs/RUN-20260924-211650/log.jsonl,8710,fb5d6b6704dc75848996aa5f2a821cdfe101e6fc226f042c3570ae742481c7b2
_데모_용인시_20260920/law_sync/runs/RUN-20260924-211650/status.json,2518,33fa50946df91e526f347042127e5865b2c70dfa80f40916ab7ebbafae3326fc
_데모_용인시_20260920/law_sync/runs/RUN-20260924-211650/watch_admin.csv,46070,a5837a88be2d1941ecc079eec09eb9b5dc4bb6f7269d92c2d848d74b97a57aa9
_데모_용인시_20260920/law_sync/runs/RUN-20260924-211650/watch_law.csv,106498,003cd5f0cfd9b7f2039c5a44d15443e23ed06f79e9ffd769d79f0ce1f82cfdc4
_데모_용인시_20260920/lawtext_v1.0_20260924/_meta.json,475,c1a8b63c04cb9f4b63e01a3f1200af4fd2ef95777191f89bd237ce4759d382e7
_데모_용인시_20260920/lawtext_v1.0_20260924/doc/DOC-000004.json,32395,0498451b9eb0bf54f304e103bdc14652789ad76ceba8fb546bd398d74a8c9ba1
_데모_용인시_20260920/lawtext_v1.0_20260924/doc/DOC-000005.json,50946,66ee220cc422490ad42e5a945e988f7d55a44e5741537b79c19cf9fa85af5c80
_데모_용인시_20260920/lawtext_v1.0_20260924/doc/DOC-000006.json,230848,39ced1af894c418636fb5eb1eb288bc27638fc1038b17e0f76c109daaeebb67a
_데모_용인시_20260920/lawtext_v1.0_20260924/doc/DOC-000007.json,96366,242e4b680d9065e37317d4646c5e3d450e4310221c20c3d3baa206e5f6f8649d
_데모_용인시_20260920/lawtext_v1.0_20260924/doc/DOC-000008.json,255118,f72185e6ea3fabffbf46d05d5896a21c57e5f640d1ffaf8fbd6a3c3233e2c122
_데모_용인시_20260920/lawtext_v1.0_20260924/doc/DOC-000009.json,220568,62fbb3b5a8f8eda3a3cf6b7f406cc7a08951a8c4b40415ade2b9963b59a0fb6e
_데모_용인시_20260920/lawtext_v1.0_20260924/doc/DOC-000010.json,72878,f960d60aa883553b1fd50cb8a81e509bf08d5ca143af12177202e721dd6b9884
_데모_용인시_20260920/lawtext_v1.0_20260924/doc/DOC-000011.json,254452,0895d3401b1eeb7e137a4debbd3bd9a34486c896eab83dcb274d4a8d70614946
_데모_용인시_20260920/lawtext_v1.0_20260924/doc/DOC-000012.json,251551,db7943d77ba5a133eabc9ea956fb8af96a19234b3acc18b07dd4cc8c4e114c1b
_데모_용인시_20260920/lawtext_v1.0_20260924/doc/DOC-000013.json,480299,6cc2de4b6513c51ceac12ae1a92bc2a9a233d800d66d46b63645cfbf57ca92fd
_데모_용인시_20260920/lawtext_v1.0_20260924/doc/DOC-000014.json,166130,972598494b956361832c1c9162af91b02c8d7717032b501f0aaffe7560d4ec25
_데모_용인시_20260920/lawtext_v1.0_20260924/doc/DOC-000015.json,354850,9620c72f4920ba4755958b95e68c276330774a2edeaa078a05c46451acb5651f
_데모_용인시_20260920/lawtext_v1.0_20260924/doc/DOC-000016.json,540564,b803ddf5432b150e333691ccbd5fd191f7553035b2a675f7ec1e89328e8fa869
_데모_용인시_20260920/lawtext_v1.0_20260924/doc/DOC-000017.json,55815,13c92d36262eb1975f96f5a1e909969efadb43cacf22a05e645e8533f6c4534c
_데모_용인시_20260920/lawtext_v1.0_20260924/doc/DOC-000018.json,195681,bb9d21b6c297042d8db97038d83312ca0795144636cfcd87abc0e79b77990461
_데모_용인시_20260920/lawtext_v1.0_20260924/doc/DOC-000019.json,141019,420dc3710c61bc28fa6b3136884f16645e8621363ae64dc82ae0d4afc899a905
_데모_용인시_20260920/lawtext_v1.0_20260924/doc/DOC-000020.json,182798,f81b77519992df533634640113ab403230ce52bf50618cc334c8b6cb8c5b4835
_데모_용인시_20260920/lawtext_v1.0_20260924/doc/DOC-000021.json,103915,b94c29edcc43da88a4476df48793d0d980775d6c605a91a7c1384cc80c67d7d4
_데모_용인시_20260920/lawtext_v1.0_20260924/doc/DOC-000023.json,113199,05c704b178eda4d8118895e07f5c14be29f2c1a97c1cc104961901d9c6eaecbf
_데모_용인시_20260920/lawtext_v1.0_20260924/doc/DOC-000024.json,141818,5e14b391f483f27218951a22d5070574f56c7c66554566b6d7150469d9f1ff21
_데모_용인시_20260920/lawtext_v1.0_20260924/doc/DOC-000026.json,96245,f823a260ddaa92edefc64eeaac6c4cd72a116749d02d5a810df9d852b7fed106
_데모_용인시_20260920/lawtext_v1.0_20260924/doc/DOC-000027.json,299142,aadda4e0584a84a392983c1e2840d23fae95bc71ace0c29df31ea22b0019dbcc
_데모_용인시_20260920/lawtext_v1.0_20260924/doc/DOC-000029.json,258908,78bed99381a0eb105c715bbb8483a1c52ea989bb5e986493ad20d8d6eb69fb6e
_데모_용인시_20260920/lawtext_v1.0_20260924/doc/DOC-000030.json,168423,d86a6618d4cf84b927bce2ffd3fb6b2a0df71e8275b72a9547e9e04a2218094c
_데모_용인시_20260920/lawtext_v1.0_20260924/doc/DOC-000031.json,130444,b439f3be095cece849439436051be883dbc1790c22261c8894c13f213b69e05b
_데모_용인시_20260920/lawtext_v1.0_20260924/doc/DOC-000032.json,80151,f2a94a966e437a515414bfc89c4f767b7b83ebd0f453a0e8edb3c119d758029f
_데모_용인시_20260920/lawtext_v1.0_20260924/doc/DOC-000033.json,84542,6847dcb490665bad22db16dfee58dfd59ae1903f2b617996cb1e99f38be7c6b6
_데모_용인시_20260920/lawtext_v1.0_20260924/doc/DOC-000034.json,57971,b4428b510ccd7276de966c19966c05a34b686b390690392ea80e8facf86a221e
_데모_용인시_20260920/lawtext_v1.0_20260924/doc/DOC-000035.json,143531,1e551cfbf3098929950126474d0a53e9ea2ca54fe52bd59cecb4bf2fa395412c
_데모_용인시_20260920/lawtext_v1.0_20260924/doc/DOC-000036.json,163389,4551fd2caf58547be0f0e2074a3ccf52e6d8f26954ce95b85c9da7b4e3156a91
_데모_용인시_20260920/lawtext_v1.0_20260924/doc/DOC-000037.json,118297,c824c1bfd8120ad4a918ecd267d070ca0e8a502cebf38dc7450f093dd32d6708
_데모_용인시_20260920/lawtext_v1.0_20260924/doc/DOC-000038.json,187807,9cd9bbff84b59a81744d1c2dcd2a916a6d2dc09efbad4eb94619485f435214d9
_데모_용인시_20260920/lawtext_v1.0_20260924/doc/DOC-000039.json,95360,e17660ecdd48062e0d62f4dd04bfe1ab607764e0e1ae25ba9f377caa4ff206c7
_데모_용인시_20260920/lawtext_v1.0_20260924/doc/DOC-000040.json,80508,81a787d37a74d26c46e1b1cd45df756e09d8a37d4f63447f3d9e9d745c29b980
_데모_용인시_20260920/lawtext_v1.0_20260924/doc/DOC-000041.json,40819,758142c0e9c6d323521e1d07bb5c60c2d6ac08691ac177c43aab7a8fbd50413a
_데모_용인시_20260920/lawtext_v1.0_20260924/doc/DOC-000042.json,197858,de8f7fa8b4e723a09e0e1841ace5c870221bb6c36e5d82a74d4dc58fe380843e
_데모_용인시_20260920/lawtext_v1.0_20260924/doc/DOC-000043.json,97522,bf82a4d66a5e25f0cafe6523d4b6fa3f46d9278fca1bcbebe6ce142ffbac8aa8
_데모_용인시_20260920/lawtext_v1.0_20260924/doc/DOC-000044.json,288105,65a9e3f573c953b8c2cffc9fec01c055982001ea2bcfefa076a6797e28de5e29
_데모_용인시_20260920/lawtext_v1.0_20260924/doc/DOC-000051.json,78769,5304341453bafe05c8a5ce93f1a19cb7c06b6d727ed7a5044a002a53391af824
_데모_용인시_20260920/lawtext_v1.0_20260924/doc/DOC-000057.json,384569,e23ea840430b22c28faa45009f18eafc7f84b7969a2a639278bc52b654327480
_데모_용인시_20260920/lawtext_v1.0_20260924/doc/DOC-000058.json,283565,01998c4479206f902c0227d5e6fc3693576413c89f94bbbf82b81c8036dcbdf6
_데모_용인시_20260920/lawtext_v1.0_20260924/doc/DOC-000059.json,525005,c191f4f6656bfcd1714eb9409dbcb0ba99b52a656d3eade818ad145f99f4fb26
_데모_용인시_20260920/lawtext_v1.0_20260924/doc/DOC-000060.json,881343,b2c4c27b95eee30e7073effb7f683fceacfcdea8721675125bebc6d44c92e625
_데모_용인시_20260920/lawtext_v1.0_20260924/doc/DOC-000061.json,279054,95261858953a240634194e62c702d3d2e3400259100ed5af9601409d9e9b0221
_데모_용인시_20260920/lawtext_v1.0_20260924/doc/DOC-000062.json,121526,60ea4af3a1723a1d6fe23f71239e3e6d256ad578d1575b37b6884413623cbb98
_데모_용인시_20260920/lawtext_v1.0_20260924/doc/DOC-000063.json,407761,e644899c6c2279d60477a1e7862258671384d7d05d3a66e421424ba0d930a2e7
_데모_용인시_20260920/lawtext_v1.0_20260924/doc/DOC-000064.json,26075,c3bfa5bb74ccbac86b8b9eb24a16fc0fee326133ce89c51a3aec9c492f082a80
_데모_용인시_20260920/lawtext_v1.0_20260924/doc/DOC-000065.json,21865,4ff07fde7312153276458611b2e2e603b077c29724c73f00cd5d8c5f952afd01
_데모_용인시_20260920/lawtext_v1.0_20260924/doc/DOC-000066.json,4199,851a649b113d536026f543ab38f9143404f128405e7f30eb439f64b4e117fff7
_데모_용인시_20260920/lawtext_v1.0_20260924/doc/DOC-000069.json,141972,012230477905b909751c6745ead6392e9713ca38b3c3e185eab641c674a840ed
_데모_용인시_20260920/lawtext_v1.0_20260924/doc/DOC-000070.json,72550,8424befc383714c0ea1a89ae8ab6eebed9714e70bcf546734fb338d42f523b81
_데모_용인시_20260920/lawtext_v1.0_20260924/doc/DOC-000077.json,43619,63de4985e06400c56e6b927f696e4d9df73ef1b101ddffd4aa5860023dfabbd8
_데모_용인시_20260920/lawtext_v1.0_20260924/doc/DOC-000078.json,33026,36b02680f2490b4015b1fdf533479a401bf78db140fd3a4ba9ff745c5b6ad69c
_데모_용인시_20260920/lawtext_v1.0_20260924/doc/DOC-000079.json,15981,309f99f1fd728a88b50c5d587ecd4c5b77ad1038a6ea214ee5594603bdbc8a67
_데모_용인시_20260920/lawtext_v1.0_20260924/doc/DOC-000080.json,77605,507610749c967c015b452006a75c0ccc9a80a21e767b2d768a5ff9d66fca3d8b
_데모_용인시_20260920/lawtext_v1.0_20260924/doc/DOC-000081.json,81867,3e75971f2543bd00c423f87f95c05c528fe99c5432f492deae5416d5b340adc2
_데모_용인시_20260920/lawtext_v1.0_20260924/doc/DOC-000086.json,154267,ab16280e15b78c85eeb63c9cf941463abeb14f5134ea508a2ef4c74192a3846f
_데모_용인시_20260920/lawtext_v1.0_20260924/doc/DOC-000088.json,253143,acdeff5185efb8cb549614c8c35b8f05102b51a18eab58cf435069e91f65df35
_데모_용인시_20260920/lawtext_v1.0_20260924/doc/DOC-000089.json,135059,16e1c0fb1be914051570e061404fff73c24a9d800173e934aeec10fbda8898eb
_데모_용인시_20260920/lawtext_v1.0_20260924/doc/DOC-000090.json,62797,f3dcf01b1c06c420dd0008d05ffa69bf7a51a03c0f813549f4286472495b79a0
_데모_용인시_20260920/lawtext_v1.0_20260924/doc/DOC-000098.json,103687,c881cf9fb052d23e25b4f3cd3843cc036a148ced2ff324e11c0d9d67d4bb43fd
_데모_용인시_20260920/lawtext_v1.0_20260924/doc/DOC-000099.json,38547,e0d41637b4ba6ac5cf6dc65992d8ab5477c913e737c5f910b0741a631304e3fd
_데모_용인시_20260920/lawtext_v1.0_20260924/doc/DOC-000106.json,68586,882b19eba366168b3fac8caf33cd9ffad3cf393aa186b9f028f3618e8e57fbe4
_데모_용인시_20260920/lawtext_v1.0_20260924/doc/DOC-000107.json,42368,0112eb317c1a34ea4587907a30ac661d81fb4be563e00ee4ff0f3e110b20de3f
_데모_용인시_20260920/lawtext_v1.0_20260924/doc/DOC-000116.json,106306,93c5cdbd79442ac76e3873c54e405a3fd65dd2a6af8b782f8c88948e2d4fcf22
_데모_용인시_20260920/lawtext_v1.0_20260924/doc/DOC-000117.json,54558,de059e71736207924eb42796c0d27dbba89ab05edcdd8e3cd788bf9af16ea723
_데모_용인시_20260920/lawtext_v1.0_20260924/doc/DOC-000118.json,49301,1a45d93dfee52a0d1513ad3c2ce8d07656b89fa6e8ff7f88aef4a7ff2a84441f
_데모_용인시_20260920/lawtext_v1.0_20260924/doc/DOC-000125.json,186497,189d5075d9a2a5560efbdc788f4b0a84ea04a43658618e1948c7b3a2418211c6
_데모_용인시_20260920/lawtext_v1.0_20260924/doc/DOC-000128.json,50891,f5f97ca2f34131da4637d0f3542f4fc4209d1f22cff85db0b3a2499409b1c228
_데모_용인시_20260920/lawtext_v1.0_20260924/doc/DOC-000134.json,65597,4b03b6c82e653a003a9e166c8a12bfc05f9635272099366677d461480a55ad8f
_데모_용인시_20260920/lawtext_v1.0_20260924/doc/DOC-000136.json,55853,6ee644fe75515380e34e1d3532028eaa74ade27e7e2ca1e9f9edfce2626de3c6
_데모_용인시_20260920/lawtext_v1.0_20260924/doc/DOC-000140.json,87589,1dbbb3eef33d66e4bf777c4feb490bc48225771dcf6c6578db1302faf2d4ceed
_데모_용인시_20260920/lawtext_v1.0_20260924/doc/DOC-000142.json,47669,d2853159bf13c92e0bf109fe0cdddd90750d27c185b31ce088e86604fdc4044f
_데모_용인시_20260920/lawtext_v1.0_20260924/doc/DOC-000143.json,92308,097cbe5c557a7ee6ee0e94854b3894d8cb6169318a7ff27509ef0bdd73cd1073
_데모_용인시_20260920/lawtext_v1.0_20260924/doc/DOC-000145.json,106087,f01417851ea9459cb99c7aa1ef67cc2ac41103a51e1b6927a8e72c9747e1463e
_데모_용인시_20260920/lawtext_v1.0_20260924/doc/DOC-000149.json,69653,a663759f1a43343b22840759765ddbc96b8238888376e349508d81128f8fc886
_데모_용인시_20260920/lawtext_v1.0_20260924/doc/DOC-000150.json,51095,9edd4c1711151c6ea0a8b1e3b4c5c9e4a143fa283fed6d6dbe40644304d1e7dd
_데모_용인시_20260920/lawtext_v1.0_20260924/doc/DOC-000151.json,41695,8dceb8405f9fd685677565bfbf1eb1673afa409d237f7ad78e27d109349443a0
_데모_용인시_20260920/lawtext_v1.0_20260924/doc/DOC-000152.json,179239,74e1b7972eeb0a4cb5ea64228c1204c6ca159b708aec5ccc84dc1283be53ab7e
_데모_용인시_20260920/lawtext_v1.0_20260924/doc/DOC-000153.json,181050,5c6e1069c87070def716ef9b310ee92595255dd099fc9989df51868c049cc9fa
_데모_용인시_20260920/lawtext_v1.0_20260924/doc/DOC-000154.json,129642,b50935222e6c085dcf02a1d1402cff168fddc6ebf1c4681bae0e0fa466c4c652
_데모_용인시_20260920/lawtext_v1.0_20260924/doc/DOC-000158.json,63218,a7a2ee808298dcf9f1271eb79344fda159614b8906a668b281d7091c9b497b39
_데모_용인시_20260920/lawtext_v1.0_20260924/doc/DOC-000159.json,32258,95e93b389667d56c14e7abd6f9e42ad7e74b0e01fc936634e095885bbc60c699
_데모_용인시_20260920/lawtext_v1.0_20260924/doc/DOC-000160.json,47795,0bedf6cb2ac7d23f54d474fc29fc5da81d740db06680b64d0bb12f527b7de68c
_데모_용인시_20260920/lawtext_v1.0_20260924/doc/DOC-000161.json,105334,ea7c363b25de5659eca8f5fc828f0c1fce3ae99ed6d4340366b86ffeb386504e
_데모_용인시_20260920/lawtext_v1.0_20260924/doc/DOC-000162.json,72913,b410516da13b3454c9d6132de41b660b8ce6a7cdafd54927143d08a7233f1aeb
_데모_용인시_20260920/lawtext_v1.0_20260924/doc/DOC-000163.json,75803,8bea5d153d9fba6626357716925c5cf904134af425288b3339458bccb0a95542
_데모_용인시_20260920/lawtext_v1.0_20260924/doc/DOC-000166.json,104090,db217388051081ba8ba6061f4deb84b06dbd5c023a9c6ab178275cc2f3c6838f
_데모_용인시_20260920/lawtext_v1.0_20260924/doc/DOC-000168.json,49012,c8b41752141f8f217dde70abff39cb23be711efb431f6a067fdc11e815ee287b
_데모_용인시_20260920/lawtext_v1.0_20260924/doc/DOC-000176.json,67823,ff65bb4b78aff86171a5fc56310ca9b35d2eb53049d1df4bcd1438daec21c3f0
_데모_용인시_20260920/lawtext_v1.0_20260924/doc/DOC-000178.json,257782,e7e2c807920141aba7bd50da126ab26181da03f00cd297b0e6df43b85e724bc8
_데모_용인시_20260920/lawtext_v1.0_20260924/doc/DOC-000184.json,120730,44435b97118db79351226a5136887cf2e401fb917f490f1f777c559d5d408f45
_데모_용인시_20260920/lawtext_v1.0_20260924/doc/DOC-000186.json,141331,3c1b703fb0b702917649f5438672492ff32c1d758b79aaaae1ae7209a16c85b1
_데모_용인시_20260920/lawtext_v1.0_20260924/doc/DOC-000187.json,336054,05f4dbfce4c3a9d59dd7e074d04ccc5b0c024bb6e5523cf2c9f5d0f9247150e9
_데모_용인시_20260920/lawtext_v1.0_20260924/doc/DOC-000190.json,223416,6922c18c85cd7eefbd3b5ae8551ddfd0a6b2a470ab709ba38991eeb1f3d58769
_데모_용인시_20260920/lawtext_v1.0_20260924/doc/DOC-000199.json,170504,b9da36b9be02948d363451c94d7752abea93def1679defdc0b90a9d599ab5337
_데모_용인시_20260920/lawtext_v1.0_20260924/doc/DOC-000200.json,91371,349dc9abb1efb11841570dccb45591c8b05270211c7f8c69a499c878ec9183d7
_데모_용인시_20260920/lawtext_v1.0_20260924/doc/DOC-000201.json,93193,5be62211e697592f039ee0fc84a79644fcb315f9860faa90b04a79dd8ad822df
_데모_용인시_20260920/lawtext_v1.0_20260924/doc/DOC-000206.json,136883,3102feabcf472718dd6b5e299bd02828f8840d46002104563491c0b325de85de
_데모_용인시_20260920/lawtext_v1.0_20260924/doc/DOC-000207.json,17901,95e4b7088f7c2f17209030acf2a162611f264477c0b5343515470db6a44d6595
_데모_용인시_20260920/lawtext_v1.0_20260924/doc/DOC-000208.json,15289,a7ec0baacfb1155b413cb26b3009ebfe5dbba588508fab58813187097baa1aeb
_데모_용인시_20260920/lawtext_v1.0_20260924/doc/DOC-000222.json,256565,8299380d52e3713012b8d009d9debf283c3e38f876645ed6618bc8c21e5fbb5f
_데모_용인시_20260920/lawtext_v1.0_20260924/doc/DOC-000232.json,61382,d948503ea5f70c1c7a839b4fe5fea9b3793c01a5fe6a28561af7db53e2f21647
_데모_용인시_20260920/lawtext_v1.0_20260924/doc/DOC-000233.json,96185,1440537db118090d73c175cfa945525106c6da3bacaa8049e0ea45b1501a31f1
_데모_용인시_20260920/lawtext_v1.0_20260924/doc/DOC-000234.json,54554,7118686614d3771a4c7fad26cd91e78382df3225afcd7c378bd7570095b3a650
_데모_용인시_20260920/lawtext_v1.0_20260924/doc/DOC-000235.json,103017,65e4af6354e384e3630422ffc7fc97cf468bbf37f1385522d7249b1d5fcc5084
_데모_용인시_20260920/lawtext_v1.0_20260924/doc/DOC-000238.json,68121,a47c7652e4362e36e8e1d1ed395526b4b1e66b86207ac4b602acf0ef50c16a5e
_데모_용인시_20260920/lawtext_v1.0_20260924/doc/DOC-000239.json,131138,fe2a94a24a30e3e28bc57f8ff67a9acdf21e6318e5b0b9fb33ce9a98826cecf5
_데모_용인시_20260920/lawtext_v1.0_20260924/doc/DOC-000240.json,113239,d30f51a749abcbacbc1605b940247c49587e3f5d653fd73284fd2f85a96607c2
_데모_용인시_20260920/lawtext_v1.0_20260924/doc/DOC-000252.json,116622,393f171b99f0ade99753eb8cdee28aee6b64d78e79440a7ec462912e8c33b3cc
_데모_용인시_20260920/lawtext_v1.0_20260924/doc/DOC-000258.json,82420,bf4784bd85d834aa8bb8796e701a1b79eff59a94f54def8e7fd4221321a7da80
_데모_용인시_20260920/lawtext_v1.0_20260924/doc/DOC-000259.json,65734,6f10a3ca8120b179fd5ee322eec1dea97214e3aa6799e5297984054f1255ae59
_데모_용인시_20260920/lawtext_v1.0_20260924/doc/DOC-000264.json,149636,a9dbc2f6ecf2174e67c8123466ab7f544a0ffc66fba4c59cb1d55c11b557cc85
_데모_용인시_20260920/lawtext_v1.0_20260924/doc/DOC-000266.json,61640,e05962b675ff7b3089e4cbafe34cf5678bf0c06a06fb368144159957ee05db73
_데모_용인시_20260920/lawtext_v1.0_20260924/doc/DOC-000301.json,152799,e9746beb4e3aa6254807b3a7f537ce51c9a29b5146ebc6ea78ee58048190b625
_데모_용인시_20260920/lawtext_v1.0_20260924/doc/DOC-000310.json,125525,2d05597ea511d2f4484ed91b8dfb331267410a6a4a2f1d9eb2bb58a2c3eae710
_데모_용인시_20260920/lawtext_v1.0_20260924/doc/DOC-000312.json,82676,7c56a8a08ebf1fa97e9cfabe5ab684e369c3181abebe99acd9a03fab43f58a3e
_데모_용인시_20260920/lawtext_v1.0_20260924/doc/DOC-000313.json,259528,3a26cd25660d5c425f8fa99b574fdb71c541812f4f58a7a2b3a880a7e2cba2fd
_데모_용인시_20260920/lawtext_v1.0_20260924/doc/DOC-000314.json,256782,57c5abf95374b72cf205931269691f0c549c0853ea7363dd6b1adedebdae3319
_데모_용인시_20260920/lawtext_v1.0_20260924/doc/DOC-000315.json,85108,618790ab166289f214eda0b7e1dedcd0f200e0f58c12d0ac0037cc418908b899
_데모_용인시_20260920/lawtext_v1.0_20260924/doc/DOC-000325.json,107273,a82b324b4b14f3112875f46b38bf4d08b77b4156cb5f80be07c9a79ec69372b2
_데모_용인시_20260920/lawtext_v1.0_20260924/doc/DOC-000328.json,79301,c17829838aa3bd0c37e73587dd0d7dc53897ecb3340038b813ef5b59d4509106
_데모_용인시_20260920/lawtext_v1.0_20260924/doc/DOC-000329.json,70246,cf1881dc9abc89062b65b19eb7c239fa70e513c44d0022b823e72e6888443d27
_데모_용인시_20260920/lawtext_v1.0_20260924/doc/DOC-000330.json,47939,118dde55c407a24e5ea84a4bf55b58124fb166f34eb93e748c06d37d53d1fc2c
_데모_용인시_20260920/lawtext_v1.0_20260924/doc/DOC-000331.json,562212,8a15ae3581f59bd2e7a60010970f0821813eee97cd9890b8b659453f9a4a30d0
_데모_용인시_20260920/lawtext_v1.0_20260924/doc/DOC-000334.json,177337,67e3459957291f5b31a69b5c63797802200952badb82a70a1e73a2bf95a146fd
_데모_용인시_20260920/lawtext_v1.0_20260924/doc/DOC-000337.json,357734,a2ea3270fb95a30912173016c5f7842564aee0c0310c61fc42c87fb4923ff601
_데모_용인시_20260920/lawtext_v1.0_20260924/doc/DOC-000338.json,496368,5a0e2643ce01c3416c8856fdf32f66e66ca1c6b79c4184395749d3a58f607343
_데모_용인시_20260920/lawtext_v1.0_20260924/doc/DOC-000339.json,160267,fd584d095501388792721ec9a3908a04d2a2c5e81ee1f0187718b8009900dcfb
_데모_용인시_20260920/lawtext_v1.0_20260924/doc/DOC-000340.json,153695,41ab499c27700febc4fedb7824fe8dc3dffcf46dfcd436e6a89e9d0b685ac453
_데모_용인시_20260920/lawtext_v1.0_20260924/doc/DOC-000349.json,192565,5dd99c1310fa146b97b222a50c3ac9e8c23778be1c8a8a6890205506456d4b3c
_데모_용인시_20260920/lawtext_v1.0_20260924/doc/DOC-000351.json,158794,70dc5d4e04b9f7dfb5dc15452525ccf4b7c9aaa848b55e0aab015cc225cf5f17
_데모_용인시_20260920/lawtext_v1.0_20260924/doc/DOC-000352.json,310153,921831f1c7d0bb1560a1ab29e2177d80bbe2055397410e604ecdf4ef6fa28442
_데모_용인시_20260920/lawtext_v1.0_20260924/doc/DOC-000353.json,185948,aa41210db83ac17042757cac11d05e0a2ab70716ad8b0323c4858606f8a5af78
_데모_용인시_20260920/lawtext_v1.0_20260924/doc/DOC-000355.json,277088,3f0cd533ac1d0903a6569c05b8ac0b50941dfe5b1f75bc9faad81991ba45b27b
_데모_용인시_20260920/lawtext_v1.0_20260924/doc/DOC-000356.json,245117,825405d7c90a41fbc9acc98d7c4d2f31c52d59b1918e1baba8a4652666eb4201
_데모_용인시_20260920/lawtext_v1.0_20260924/doc/DOC-000357.json,106739,de6402c185a7ea6dcb2895c86be71b98fb122c06aefc87c88eb23e66d1e2454f
_데모_용인시_20260920/lawtext_v1.0_20260924/doc/DOC-000358.json,460825,42e412c1b81aa9514a3b760e03688cdb68027376a26bf6ba8047e1e4a02523c1
_데모_용인시_20260920/lawtext_v1.0_20260924/doc/DOC-000359.json,266476,743533974ab4494028f953184ff753feb796472ad6cab616c72ba273ef125cae
_데모_용인시_20260920/lawtext_v1.0_20260924/doc/DOC-000361.json,611563,2188b630976518fb14b0e526902f248f05e5c1e7b273424b336ae04d11dd41d6
_데모_용인시_20260920/lawtext_v1.0_20260924/doc/DOC-000376.json,78105,da5c8eb6bc4e5c447e197a5c9c0d1a84c274aa705e9370af35216b3bf649d1d7
_데모_용인시_20260920/lawtext_v1.0_20260924/doc/DOC-000377.json,45288,03c273913d2072b75696fd6dfc342eb79ccfcb742a322875a47a9c7cafd45d4b
_데모_용인시_20260920/lawtext_v1.0_20260924/doc/DOC-000378.json,31216,dd3be5b42ed69e66e0483b41d47045050a9875af0034ff8b222d564fd6bb1738
_데모_용인시_20260920/lawtext_v1.0_20260924/doc/DOC-000379.json,102111,afd841ad155342d751630d47ca0fdde2ebb09caeb06b4f52cfa26fe92fac59ed
_데모_용인시_20260920/lawtext_v1.0_20260924/doc/DOC-000380.json,108688,41826f14f79625cf9198d0f8f0fcd50f34ddb55a9d416f79faa64b93205a7f8f
_데모_용인시_20260920/lawtext_v1.0_20260924/doc/DOC-000382.json,244795,9936a2e848648fdae8ccfca6b352eb7c77ed8df7fed667068905ab65daf31a01
_데모_용인시_20260920/lawtext_v1.0_20260924/doc/DOC-000383.json,367026,1ccf1d291e0032fa149fa6334337c126325bc47a91db1ab633163d2c8caa08da
_데모_용인시_20260920/lawtext_v1.0_20260924/doc/DOC-000385.json,194982,8ec0de3d6da36af322f01f14b627641984e7ed480a5f10e05ffc4841799b8a83
_데모_용인시_20260920/lawtext_v1.0_20260924/doc/DOC-000386.json,206773,7290ad96944f5c2a416aff98149a28e1e30e1b672d6432ca32711bbc70181164
_데모_용인시_20260920/lawtext_v1.0_20260924/doc/DOC-000388.json,314213,0751b9ecdd6302f488bf15a96e5f9aaffe855e39ecf3615d537486682fbee54f
_데모_용인시_20260920/lawtext_v1.0_20260924/doc/DOC-000389.json,263561,60dbc6df82666b47867979ec1108e72c34a711a8a4098de90bfaf066148e1217
_데모_용인시_20260920/lawtext_v1.0_20260924/doc/DOC-000390.json,120450,56951a2d6c1ec692e80bf1a6ee37572634858926c74a643eac05ee02de29fc33
_데모_용인시_20260920/lawtext_v1.0_20260924/doc/DOC-000394.json,39759,1c454d6051cf1ff61561e74f6845c26ee7975758ddd0df78c54511cc82157fd0
_데모_용인시_20260920/lawtext_v1.0_20260924/doc/DOC-000400.json,324556,cede397bd353f0f6fc45a7aeb0472a26e3166f3b37f92785b09f5f321f32d4b0
_데모_용인시_20260920/lawtext_v1.0_20260924/doc/DOC-000407.json,258948,a1c438549a9c992b2d593887c82a6faa08aa658139fd9a993189f4a0d94e9009
_데모_용인시_20260920/lawtext_v1.0_20260924/doc/DOC-000408.json,167150,6b13a81b09dab2220a7ab817eebecd208e5b59411acc8f8615ba05bb87d9dc7d
_데모_용인시_20260920/lawtext_v1.0_20260924/doc/DOC-000409.json,143566,d4261be42a054e50719b4e3902624557d47af5eac08ac1257c65b0fbc9fb60e3
_데모_용인시_20260920/lawtext_v1.0_20260924/doc/DOC-000421.json,83419,79d9a0157e4f32d7e7bef82f9decbe834e184d50618643472138430277177809
_데모_용인시_20260920/lawtext_v1.0_20260924/doc/DOC-000430.json,100026,da89bb2c75ac8e4d8ca232094130a88e5a9ec151777186973c06887855700129
_데모_용인시_20260920/lawtext_v1.0_20260924/doc/DOC-000431.json,62539,5ef230d1eafec26b81316ba25051069be663452372260ddefa88f6de27ef65de
_데모_용인시_20260920/lawtext_v1.0_20260924/doc/DOC-000433.json,401058,2b063059c7bc889247509a9bfa4d78451c9c7e16a0445df7ad99976387340c5a
_데모_용인시_20260920/lawtext_v1.0_20260924/doc/DOC-000434.json,198953,5be9ea90786574f0af1b37711667ed7c9cd16385a823e3b2d16222bbdea63dd7
_데모_용인시_20260920/lawtext_v1.0_20260924/doc/DOC-000435.json,409827,8f4712633e2fb7f8b9d9a96e4e0047821ffa5d063204285ebf7394a95b0eb3d8
_데모_용인시_20260920/lawtext_v1.0_20260924/doc/DOC-000436.json,62835,719add12a1ac727af8e2bea271269f4adc6e86b54f2f2148bb31f534c3eea1d7
_데모_용인시_20260920/lawtext_v1.0_20260924/doc/DOC-000437.json,71787,c0ef978c1c563c5a60f29a3f94c067870278c6c1eb298e69851cd4191f3f6b73
_데모_용인시_20260920/lawtext_v1.0_20260924/doc/DOC-000438.json,70570,6aef5c2c1a046133ee7823a67cac76599678fca85be665acb44724b1a8e88764
_데모_용인시_20260920/lawtext_v1.0_20260924/doc/DOC-000448.json,258644,a0d80d9e420e3b4fd9daa4ead06f0c676c96931477feb86a5053239c5f4f5bae
_데모_용인시_20260920/lawtext_v1.0_20260924/doc/DOC-000450.json,263157,2e5b98fe176f714cdea6add5d350542a62997e061d5f1c491058a711397a9e4d
_데모_용인시_20260920/lawtext_v1.0_20260924/doc/DOC-000454.json,118259,67b9732b09f266eb298c7d88681089d7282cb86011bdd3db74b1e973ea4e6476
_데모_용인시_20260920/lawtext_v1.0_20260924/doc/DOC-000455.json,107280,98121ffe770cd8e59ee332f31a136d30a6d6eeca35005157e3bc21f07be3318c
_데모_용인시_20260920/lawtext_v1.0_20260924/doc/DOC-000456.json,101257,4a07a9eda734ca8070d1018f439e24d9ff2277ccb5316b97b27ce0551f5dc505
_데모_용인시_20260920/lawtext_v1.0_20260924/doc/DOC-000457.json,155068,539ce0c415c0e275be773ec41abb9926798d56cba88b0018f59d37015d270cbb
_데모_용인시_20260920/lawtext_v1.0_20260924/doc/DOC-000458.json,141270,1eb54dbb1ec1ab74c288d6b0cf822ff8a1ae59d37072a292209a5c1592b52234
_데모_용인시_20260920/lawtext_v1.0_20260924/doc/DOC-000459.json,54345,b76507f451a0b362d689cfd13178aca7fdc69e6796605808b8501345652b5fd6
_데모_용인시_20260920/lawtext_v1.0_20260924/doc/DOC-000460.json,92248,6fb108601b20b9ad9fa63d5568e1f0b4bc66393b997f1c168bd6c7415abfa518
_데모_용인시_20260920/lawtext_v1.0_20260924/doc/DOC-000461.json,50080,9f6a78409fd72a3f1257a7fec4bd49fe640ae8311f2ce38b00670171e0c9df9b
_데모_용인시_20260920/lawtext_v1.0_20260924/doc/DOC-000462.json,74039,8db67cf468d5ed0059541dbe45c0dc85cead9442255b27f9e0d74304e38fa41d
_데모_용인시_20260920/lawtext_v1.0_20260924/doc/DOC-000469.json,60461,ceb6b8287be6852149aea7f9e7b8b0351e9d57fe27980c9c3b1c3478527d99d8
_데모_용인시_20260920/lawtext_v1.0_20260924/doc/DOC-000470.json,38655,ba027d2d3e674eec99612e0cab3365b984ce4fa4fe4b10eaf18c02c19e945003
_데모_용인시_20260920/lawtext_v1.0_20260924/doc/DOC-000471.json,27030,dfb80b9eef3a262169b9b0048521859b25a9bc4ab8ad8d28f715a4ae2820a9ad
_데모_용인시_20260920/lawtext_v1.0_20260924/doc/DOC-000475.json,98876,b7863f30b8ed1d6e15e8d1f1ecd2edde125a00f306c67fa5eb360872c79b2b6c
_데모_용인시_20260920/lawtext_v1.0_20260924/doc/DOC-000476.json,63201,093afc40741fce271534e7244ad9dedd16aed9c81f29337a018c8d48c03c02d4
_데모_용인시_20260920/lawtext_v1.0_20260924/doc/DOC-000481.json,46945,e9dd1889465ea5fb4c581d34cb2105b6849f36405fbe1fa7db97d4098f8fe8b4
_데모_용인시_20260920/lawtext_v1.0_20260924/doc/DOC-000483.json,40899,26579ae8af564f9bac5d955f0c6d6fde910ebcc2e6a68435519a1cd5acfa8d74
_데모_용인시_20260920/lawtext_v1.0_20260924/doc/DOC-000490.json,119329,750564bd8cf9661c1a518a47d2673a36fd1424b89c54f74e560d1d6b19728bdb
_데모_용인시_20260920/lawtext_v1.0_20260924/doc/DOC-000491.json,112782,3c8574cdb43ec01de6426ab5c764aec1de652abe7d74cbc661d18b440eb0a6a8
_데모_용인시_20260920/lawtext_v1.0_20260924/doc/DOC-000492.json,34244,76b9d65caa9cad042de6302169106a0c3971ad615f969f0dab196c7df695e3fa
_데모_용인시_20260920/lawtext_v1.0_20260924/doc/DOC-000493.json,266681,b62fa6ac5ea36931e170886a357940d1f898006d31ac29517d63b154c0d4cdbe
_데모_용인시_20260920/lawtext_v1.0_20260924/doc/DOC-000494.json,203828,8d68bc3a6d834355ed873978219814633a6177e8c23463b2ef11b358260800ad
_데모_용인시_20260920/lawtext_v1.0_20260924/doc/DOC-000495.json,128398,83a5df855db4a0882f4e5ac79a9d06883ba1429ebc3450ea7628f0ec042e6317
_데모_용인시_20260920/lawtext_v1.0_20260924/doc/DOC-000496.json,230082,a41cbb7dc159cd7969020f435dd30057bfa9fef5a9791eaa6d51b821bba6ec44
_데모_용인시_20260920/lawtext_v1.0_20260924/doc/DOC-000497.json,110072,fc49db6eef890197b7f970d655770e7c2faab68ff7ca15ba913f1fb44995bda5
_데모_용인시_20260920/lawtext_v1.0_20260924/doc/DOC-000498.json,171018,b2740956ab57dd4412dd27dd80ff01380d24b7df6e1695ac98d27696a4c95e7a
_데모_용인시_20260920/lawtext_v1.0_20260924/doc/DOC-000499.json,70193,985d16cd9fd1b4e9c71235e583111f28797874aa7af6b61a1a29243e989f53c6
_데모_용인시_20260920/lawtext_v1.0_20260924/doc/DOC-000500.json,59726,544c4dd0bd6452f06c3a0f2a138cbe14ab4f45c8378a741d63745bbcd1118619
_데모_용인시_20260920/lawtext_v1.0_20260924/doc/DOC-000501.json,14426,1f9561fe61b6b86fd10b59fd7743c83e41e49c863fc649fce444da71fc3ae70b
_데모_용인시_20260920/lawtext_v1.0_20260924/doc/DOC-000502.json,132436,76b2ea9f17a2f8314fed27b4d279ac5a76101b0ce056f3a788d5d167491056d5
_데모_용인시_20260920/lawtext_v1.0_20260924/doc/DOC-000503.json,70928,6d3548903ecc4fc117549845bb8ca2a72d67f12dbf048270d49a361b1a879187
_데모_용인시_20260920/lawtext_v1.0_20260924/doc/DOC-000504.json,39703,8c1a51f2ff36eef13f9e85ed6eeabedd91b6bad6a799f92c5574dd2d95dd927f
_데모_용인시_20260920/lawtext_v1.0_20260924/doc/DOC-000505.json,53775,cfaf8f2d8b51d1ab349f8f83ecf4db9d80e6c7cc6304363ee830ea06a5ab20ca
_데모_용인시_20260920/lawtext_v1.0_20260924/doc/DOC-000506.json,36522,e1dddd42b6c18fc0586b68b80ad63cffb487b940c66313a524b6f7a52c8fc4cb
_데모_용인시_20260920/lawtext_v1.0_20260924/doc/DOC-000507.json,59314,af34b14be634ef4be915208ab226618e7b094a567a6b5a3595aed164432aab03
_데모_용인시_20260920/lawtext_v1.0_20260924/doc/DOC-000508.json,101006,68cd71d77e74c7511b95db3e2732bc7d35f762ccc11563e6efbcbd25ca27f731
_데모_용인시_20260920/lawtext_v1.0_20260924/doc/DOC-000509.json,85506,9491c53b96825b2463b7e8a74110efff69477dcdb3a83e4b6dd979b0578b9e6c
_데모_용인시_20260920/lawtext_v1.0_20260924/doc/DOC-000510.json,64660,053ed3f575c0788b202dcff799e2f571736b23a25ad6c385211452117c1ed880
_데모_용인시_20260920/lawtext_v1.0_20260924/doc/DOC-000512.json,158852,eb215fce39a213937765792372d9e4563ef38add27415f05d1ac89130a8af50f
_데모_용인시_20260920/lawtext_v1.0_20260924/doc/DOC-000513.json,82977,6df5ccd5311ed4d06361fa55fbe4e7fbfbdfb94f5936a387f2f36dd90a7425a7
_데모_용인시_20260920/lawtext_v1.0_20260924/doc/DOC-000514.json,153263,6ac03b421f5ec6ff6f4b34dd224c4a8d6432e048431f32fba6b93d82faf24fad
_데모_용인시_20260920/lawtext_v1.0_20260924/doc/DOC-000515.json,101671,106d632b7d50ae9c2e6a7855e9fb3d1d932fd3edda22c832005d90fb40f77593
_데모_용인시_20260920/lawtext_v1.0_20260924/doc/DOC-000516.json,67271,a8a35f227158ab336daefa3f12b03faa80e406eb6668f0cd6f520c3edd55ca66
_데모_용인시_20260920/lawtext_v1.0_20260924/doc/DOC-000517.json,44385,6ec815c5c7e72aaf12dac3fbe77dea5fa5c34ee48f76456bf9a9229ced3de198
_데모_용인시_20260920/lawtext_v1.0_20260924/doc/DOC-000518.json,122294,1e4a5d6a1e58f76513439cfa9cc66fcf8ce191397fb6e015ce29d41920a037ea
_데모_용인시_20260920/lawtext_v1.0_20260924/doc/DOC-000519.json,87061,fefa9f1781fe996b79ef3adecbdcafe837581a44f2f4c0cad654e3bc55448006
_데모_용인시_20260920/lawtext_v1.0_20260924/doc/DOC-000520.json,109862,58a97fd1e98d3a7c8e27c9a572c94adf08736c0fc65a2f97c5391e9a937b502d
_데모_용인시_20260920/lawtext_v1.0_20260924/doc/DOC-000521.json,321073,9148569ade890b3f800fdd193cbf2cba9094b4af2293103a916285c406cd583c
_데모_용인시_20260920/lawtext_v1.0_20260924/doc/DOC-000522.json,209065,87eceaf4f6d6b04e1c349bbfecb17b66c08e786770025fc06c1154f4303e1984
_데모_용인시_20260920/lawtext_v1.0_20260924/doc/DOC-000523.json,417432,4ec98283cef097a652b32b61e8dc4367558c8b2acc33e37f6e51d18c722042ff
_데모_용인시_20260920/lawtext_v1.0_20260924/doc/DOC-000526.json,151144,2a60678c0161b859fb7c3e9caba8897d5485ebdfe6de44e1e18511e014cc165e
_데모_용인시_20260920/lawtext_v1.0_20260924/doc/DOC-000528.json,53807,1bb8358caeecac0b6b21111fb5e6b1609c72459e9eb20d4fd43ba77eeba1a240
_데모_용인시_20260920/lawtext_v1.0_20260924/doc/DOC-000529.json,277055,d4d1d74e47d647230e8f1f07c8a4965ce334b7821eba3caf001daf4eaf04f928
_데모_용인시_20260920/lawtext_v1.0_20260924/doc/DOC-000532.json,86994,856a40283366ca4a9cc993f9fb256502bfd1566490b88061d297261f5d563040
_데모_용인시_20260920/lawtext_v1.0_20260924/doc/DOC-000533.json,66468,866886fee7ae54e0b62556a38c745f5eb659a8d6f202ae985af3b83e8da1f917
_데모_용인시_20260920/lawtext_v1.0_20260924/doc/DOC-000535.json,75304,c724f75a4e136d9b6fb5bef51fdc72509d1a7e1cdca2c7f0131c6b6171b78bde
_데모_용인시_20260920/lawtext_v1.0_20260924/doc/DOC-000537.json,17271,a172cad3f7e45112924cba535e00b4da587ad217e733d5e94a3533e71a32914f
_데모_용인시_20260920/lawtext_v1.0_20260924/doc/DOC-000538.json,233212,e2f9aa5e5db4756835eb6f49d9a822ef5c50b152d57b7bb34462a054661986f5
_데모_용인시_20260920/lawtext_v1.0_20260924/doc/DOC-000539.json,129520,711ca91a3fd76d534e28b0b32184066543b6a4d64b4bc04e378fefa55ba20484
_데모_용인시_20260920/lawtext_v1.0_20260924/doc/DOC-000540.json,179490,4e8570dc939565df71356725fcb3d24f3970b8def4446b0b6859a70dda3e7c92
_데모_용인시_20260920/lawtext_v1.0_20260924/doc/DOC-000546.json,330154,3ea13a39250aa531489d6f2810dca1282d94deec58920684998cb63f1603cc46
_데모_용인시_20260920/lawtext_v1.0_20260924/doc/DOC-000547.json,138914,a9924b64cf72785ee477a04aeee9d75a5849a40e53d141d61395720f838deddd
_데모_용인시_20260920/lawtext_v1.0_20260924/doc/DOC-000548.json,464501,074fb4a21e1fb39cb54bb77d60c8bd3ecef0d241455320e8244fac1bc55ab622
_데모_용인시_20260920/lawtext_v1.0_20260924/doc/DOC-000550.json,1797,e4f973a8108561671b923d1a19164a696e575dbb2c5797bb3a9a2a4d50c83e6c
_데모_용인시_20260920/lawtext_v1.0_20260924/doc/DOC-000554.json,3546,93e6f47ad72625c2e98260cb13f8525d709cb2bffa3af4c658f0abdae91290cb
_데모_용인시_20260920/lawtext_v1.0_20260924/doc/DOC-000557.json,26225,c1208e43b07efe99cbdd25f01df40bdfd94401e504eeb3b82815945cf76ce594
_데모_용인시_20260920/lawtext_v1.0_20260924/doc/DOC-000558.json,21331,ab479c9c4168e7cee7e15a9f32858237e1f6ff5a89c8abb99fb02a03b780f358
_데모_용인시_20260920/lawtext_v1.0_20260924/doc/DOC-000562.json,25471,6a5511525b90c10dcf059f97b7a0fa918d7a50791ae11ec937b2550a5f5879f9
_데모_용인시_20260920/lawtext_v1.0_20260924/doc/DOC-000563.json,13984,a4a34f4b193fdf6ece8d660e3c5f5fd3dc8522d725c40d7204540fab2deceaef
_데모_용인시_20260920/lawtext_v1.0_20260924/doc/DOC-000564.json,64753,e7aeaf9654f6a5ff218e7c36db641e2b0ce199301d5ce416c8baf1fac147764d
_데모_용인시_20260920/lawtext_v1.0_20260924/doc/DOC-000565.json,37585,5df9a690fb31d3c014f5a0fb1bddfeb6562f9a2c5043dc9cb55de15dac6512a7
_데모_용인시_20260920/lawtext_v1.0_20260924/doc/DOC-000566.json,24396,e9de04934debce1c19fc5c6a80d0bb94ef012d168355d2c698b8cacc8dd2c27c
_데모_용인시_20260920/lawtext_v1.0_20260924/doc/DOC-000569.json,22413,f1d5599739bc54067d948311a40fe4607a499bfc1d8cafbb8fcfbe436bb7f4d5
_데모_용인시_20260920/lawtext_v1.0_20260924/doc/DOC-000570.json,71070,8be5648c3b01f28f7df566eeb6d3b36b474f8b51ff8e7a724857cbff41f7770f
_데모_용인시_20260920/lawtext_v1.0_20260924/doc/DOC-000572.json,3808,d51240bc37f0d6ae68b94061f4ad0e7a8d1b69cecfeed1d6f33e64c663685398
_데모_용인시_20260920/lawtext_v1.0_20260924/doc/DOC-000580.json,119085,b5f483eff8434bdc40431760c4d39b419061fa596697899f6e3b107f99fcba52
_데모_용인시_20260920/lawtext_v1.0_20260924/doc/DOC-000594.json,31902,f8a4c2b31e123c283210f7b83d9e9c691fde6519bc27e633dd1b9b64bfe2137b
_데모_용인시_20260920/lawtext_v1.0_20260924/doc/DOC-000622.json,43060,77cf7ca4d11dd2864f21d5b965a33a208c60909641a61c754f431a50de50538a
_데모_용인시_20260920/lawtext_v1.0_20260924/doc/DOC-000623.json,6676,40ada8e9586279311c029e40a21a1a4abc21b4df9ce9d6ba11e4aa24831105b1
_데모_용인시_20260920/lawtext_v1.0_20260924/doc/DOC-000625.json,18327,6e85d3095f36910aa1e84c449cb97b8342f488d55f89e3900e3f20b792e81c5e
_데모_용인시_20260920/lawtext_v1.0_20260924/doc/DOC-000628.json,9350,f1b54cf65eb7619d26076cb830c6903d3d2aeed2792aa423380c3610087b61d0
_데모_용인시_20260920/lawtext_v1.0_20260924/doc/DOC-000629.json,3064,8b086a5d2d2a45811116aa5b2f6fd888ceea7a860902c5bb4a0b73ac0734ea6c
_데모_용인시_20260920/lawtext_v1.0_20260924/doc/DOC-000630.json,7109,78dd19f8d7f35ae612b9638576100ee3c65958c0f403300be751a32bb1997ff2
_데모_용인시_20260920/lawtext_v1.0_20260924/doc/DOC-000633.json,6419,f87a8bee53d43963406d850de2c70798768510efc72f9d3c6906c281e05355d2
_데모_용인시_20260920/lawtext_v1.0_20260924/doc/DOC-000692.json,14241,7bda86393a35f0366efce01be86567db8a291eb66858bde50f38532d4d04bec7
_데모_용인시_20260920/lawtext_v1.0_20260924/doc/DOC-000708.json,26505,a3680f4d364449a9cc3732c5e472cf91640996aac642321d9f2b64bc1481b7a1
_데모_용인시_20260920/lawtext_v1.0_20260924/doc/DOC-000709.json,19955,802d297859f00a4e46e5a225217ebcae791cac5cc35e241124f1a1a9439f8f8e
_데모_용인시_20260920/lawtext_v1.0_20260924/doc/DOC-000710.json,49709,1afdff60b7bfa500e5fa440c17d379d5735efac5ab4dee8c7147ff362477487c
_데모_용인시_20260920/lawtext_v1.0_20260924/doc/DOC-000715.json,35836,4f6f13edfd6f2c7cf2d5b1a10ee3592fa4d7b6a99df802c749aef4ae75f0a016
_데모_용인시_20260920/lawtext_v1.0_20260924/doc/DOC-000717.json,6101,d62a466260f2399be27e6c2a5166b0c708e1fca6d2f3568c50e95a47d25ef452
_데모_용인시_20260920/lawtext_v1.0_20260924/doc/DOC-000718.json,4669,444d49682a4de701469aef80d021b49cefc73f55f1c50529fee4f72d3b015ac5
_데모_용인시_20260920/lawtext_v1.0_20260924/doc/DOC-000719.json,6088,0517ee16a8e9077c2f9780d84118dc081ad32f3b5219b3c4c5df94d7cea65afb
_데모_용인시_20260920/lawtext_v1.0_20260924/doc/DOC-000720.json,22668,1a59206039c3e892071c8d92ba3f36a0b11b0effeb5d79b22e433fcb1f6f4289
_데모_용인시_20260920/lawtext_v1.0_20260924/doc/DOC-000721.json,12294,24ced39ce9b11c934b3dccef13a2fac44229f3adcaa7878e02841be7d0c2341c
_데모_용인시_20260920/lawtext_v1.0_20260924/doc/DOC-000724.json,15685,ae291f00b938e523befd18df277226ba40d68675bf6d986d941c354df03e71d3
_데모_용인시_20260920/lawtext_v1.0_20260924/doc/DOC-000725.json,13813,79c2528c67899843f6cf582514f58e2661f7042ce36ab90b225eecc49d517def
_데모_용인시_20260920/lawtext_v1.0_20260924/doc/DOC-000726.json,20909,3f494610a7d0e37f8a68ab44e36b90540746b24ed2953bf7b228af6239e84e1a
_데모_용인시_20260920/lawtext_v1.0_20260924/doc/DOC-000727.json,9052,53db505d77b859b39bd0082d24b1a08521d386d808c743897fea9667937fd8d6
_데모_용인시_20260920/lawtext_v1.0_20260924/doc/DOC-000728.json,23926,81f8056983ca170904af46cfd8f408d27c2a08f422732f5adc941eb8a05fe60a
_데모_용인시_20260920/lawtext_v1.0_20260924/doc/DOC-000729.json,5760,137558e5e3e6a1e90d11973784bc8d143f0c0329c3ce3fbe9548c8d1134c0f25
_데모_용인시_20260920/lawtext_v1.0_20260924/doc/DOC-000730.json,16596,1a71e786603c41b72391a926f52ae0ed472007323b40b105dcdd1fe22b8b4e28
_데모_용인시_20260920/lawtext_v1.0_20260924/doc/DOC-000731.json,22552,6d2ef8ae99306b02d02c4ec4e373831a206d3eb7aec2241e0b12eb79b153c260
_데모_용인시_20260920/lawtext_v1.0_20260924/doc/DOC-000736.json,12339,4e90dc639fc82915613ccf77d2d7f51ee1bf40d4cdaa5f7e1f5b9a7f4916f567
_데모_용인시_20260920/lawtext_v1.0_20260924/doc/DOC-000737.json,31513,cb750c5a9b3207df5b00f637ffb52b644001fbcb49eca9450a6c0e7a5629a134
_데모_용인시_20260920/lawtext_v1.0_20260924/doc/DOC-000738.json,21993,de5e97d10daab39d9368c92db0a51cd3d4e154707c6443495ccb25e5f8889702
_데모_용인시_20260920/lawtext_v1.0_20260924/doc/DOC-000739.json,12354,d4c227cdbf8db2aea3405159ddc4b4bd4b5d0001301454d7841d2b60e40ae9b4
_데모_용인시_20260920/lawtext_v1.0_20260924/doc/DOC-000740.json,42521,73a24290340ec5c23e911fbe9fcf10edc6de2f1381f43bf173691ddaf6b898c8
_데모_용인시_20260920/lawtext_v1.0_20260924/doc/DOC-000741.json,41993,0b1f158e9b0331fc22e10dcbf77b73206035cc671e241fe00cd92c9c743a77a5
_데모_용인시_20260920/lawtext_v1.0_20260924/doc/DOC-000743.json,15534,96041deea2bcf16ea488d5755040e8a2c61f8a2c3a382acef0ba0c5638d5477f
_데모_용인시_20260920/lawtext_v1.0_20260924/doc/DOC-000744.json,16017,870dce519e506e51c20f89f79f6e9c2b1b8a0c2238763d9ac2a0fcf9aa760af7
_데모_용인시_20260920/lawtext_v1.0_20260924/doc/DOC-000745.json,25822,466cdac7dfa6b4a0575028a23f0965b71be000b6936319083b495188579e9039
_데모_용인시_20260920/lawtext_v1.0_20260924/doc/DOC-000746.json,27552,c0970040c2c1bd0a5afebc7cc9ad1e92303f5e671f49580c06a6f340479b6d6b
_데모_용인시_20260920/lawtext_v1.0_20260924/doc/DOC-000748.json,11744,4ec698baf1493ffb4f5c04de45def5fdcf5b67ede92b9d5eb4e2ad6ab95cd9b1
_데모_용인시_20260920/lawtext_v1.0_20260924/doc/DOC-000749.json,13396,4f92efc913116ac2aa9b89a308f56cbe5cfe0ee71a5712c2d1078faa3203fe33
_데모_용인시_20260920/lawtext_v1.0_20260924/doc/DOC-000750.json,9970,da69b771a32ad6fd40685549cd4321b983e805fd768429dcf9ed923f4f7f36f1
_데모_용인시_20260920/lawtext_v1.0_20260924/doc/DOC-000751.json,20093,c8b322dc020c6c88aa122c9b6adc8fd21644e8df00226118ccb038a676e77dca
_데모_용인시_20260920/lawtext_v1.0_20260924/doc/DOC-000752.json,15164,e4e4d02533dcb1d542b92b41b351f05bfb652cb439bc478047da85b9c20a175b
_데모_용인시_20260920/lawtext_v1.0_20260924/doc/DOC-000754.json,12996,e71b39d6b4b3a51cf9e33e96f0ed20c6b58e380cdf5a38a0548f283a6a60784e
_데모_용인시_20260920/lawtext_v1.0_20260924/doc/DOC-000755.json,9226,d13e0c2054ca9af747ec8be1ee9931875134d85c774a57f6305b9b37c6ec54d5
_데모_용인시_20260920/lawtext_v1.0_20260924/doc/DOC-000757.json,12220,77422fbb7c9b787d0c46a1fbf205ea56bb39ef8308405a1f922435152edbf43f
_데모_용인시_20260920/lawtext_v1.0_20260924/doc/DOC-000758.json,18178,3b1186a72f6b624e14dec0adb453cfd778d37da21e9ae022c479ad3d361c9a4c
_데모_용인시_20260920/lawtext_v1.0_20260924/doc/DOC-000759.json,17585,333e240367dfac3a9ce2a8000a197902d2f9f81562007e7938fef64858daf39f
_데모_용인시_20260920/lawtext_v1.0_20260924/doc/DOC-000760.json,12486,47ea0ddd2e6bb73e8a1fcaf28440305e953183a4b3134ff55fbb231279323b07
_데모_용인시_20260920/lawtext_v1.0_20260924/doc/DOC-000778.json,15897,af90a8d79cab52e3d511dda8b224ba952893912256611ba05bb485585337f24f
_데모_용인시_20260920/lawtext_v1.0_20260924/doc/DOC-000779.json,77319,8a7f5b19d0fdba912fb4563b9c8ace3c35d7d8b58e242978d5264738f0bc551d
_데모_용인시_20260920/lawtext_v1.0_20260924/doc/DOC-000843.json,9981,1561e2f047407c0831b5d9de7a8fdd2530cc4d9cb51a29bb8c4ae568b1963a2d
_데모_용인시_20260920/lawtext_v1.0_20260924/doc/DOC-000844.json,19767,4f07f972199e1629f3b2455de66cca0d37942c9feacd1358cfa4993f9064ef42
_데모_용인시_20260920/lawtext_v1.0_20260924/doc/DOC-000866.json,5738,0e2cac6f691a29a053b16a2595e5b91ce031e762f18fa7c96357650dcadcd18c
_데모_용인시_20260920/lawtext_v1.0_20260924/doc/DOC-000876.json,16642,578fc239304c2a539c75cb770e3025e580be5e3050b6f1aae387ebe0d5760de4
_데모_용인시_20260920/lawtext_v1.0_20260924/doc/DOC-000918.json,21291,3ca1c6d07f7cb0bbc6c49d0717420d78fa58c5b2ec08b12f66f61de159d61464
_데모_용인시_20260920/lawtext_v1.0_20260924/doc/DOC-000960.json,19735,3f3a00c471b674c6cccc531b46b70f05fbca0f7709aa8fd6dcf204c256d6eed5
_데모_용인시_20260920/lawtext_v1.0_20260924/doc/DOC-000961.json,26209,e56764e92057967de75f39cd66f2017e78a9a476c815a5e76e7ad977b34efd38
_데모_용인시_20260920/lawtext_v1.0_20260924/doc/DOC-000962.json,27758,a6a5b422ac4653cf57c33ce16e5ae184e3147daba0989bc99d87148bd619b168
_데모_용인시_20260920/lawtext_v1.0_20260924/doc/DOC-000964.json,16898,56ec28e4af9bd9b9f4736aa1405499a1fec77e37197c45ffb2014887ff4d41e4
_데모_용인시_20260920/lawtext_v1.0_20260924/doc/DOC-000966.json,35846,7cba45e29f2c6eaca9b30b678f83767aead3d63b3719c8d7c0a39b680ad1e49c
_데모_용인시_20260920/lawtext_v1.0_20260924/doc/DOC-000967.json,9572,2c2aa6948a6a2f7683a455dd634fdd545291127d0d40182afc3942a0e765506c
_데모_용인시_20260920/lawtext_v1.0_20260924/doc/DOC-000976.json,24175,04e7a1fbfa9c7532d51902bfad6e671957b62cb8cedb0be89245da368846f6fc
_데모_용인시_20260920/lawtext_v1.0_20260924/doc/DOC-000999.json,70969,5c97b6818d6b4022ffbff19d065a3eda0ede6ccc49cf9ac64b75d1fdce265612
_데모_용인시_20260920/lawtext_v1.0_20260924/doc/DOC-001010.json,7800,6694f05936acbab224233514f6b6c07f26fd74cd1fa60a217aa634ac00de751a
_데모_용인시_20260920/lawtext_v1.0_20260924/doc/DOC-001012.json,9733,6409f270becef0d74ca9cc434c9f95ae048ccc1da33b04c4736aace3c223dea8
_데모_용인시_20260920/lawtext_v1.0_20260924/doc/DOC-001013.json,9057,8e9ea0e384153ba905f0c932f62396dc89dd440f322d6be33e03b8dd8449c221
_데모_용인시_20260920/lawtext_v1.0_20260924/doc/DOC-001020.json,17398,7291a6fbdddd0e2b129fc65bf87014cf4b31d2969b9bcac7853af52e4296e1a0
_데모_용인시_20260920/lawtext_v1.0_20260924/doc/DOC-001027.json,17611,71b86d6759fbc0fb07f7bbb97248447bfbf25f7e6ba67f57a815160d01c0f8d0
_데모_용인시_20260920/lawtext_v1.0_20260924/doc/DOC-001031.json,5062,10c51e670c3fdf2ad61c3434f03c61e8d2213e12cb9c30f94eefdae79ba3d646
_데모_용인시_20260920/lawtext_v1.0_20260924/doc/DOC-001038.json,149258,a6e871a31e95f7bbb4649cd25f7e1ba78656295d505705fd43ea7adec1e5899d
_데모_용인시_20260920/lawtext_v1.0_20260924/doc/DOC-001041.json,49468,f19c63608057ad1792ef9d97e941222babc3f39b21ffcac5ae3fae2ca5d72119
_데모_용인시_20260920/lawtext_v1.0_20260924/doc/DOC-001042.json,63062,d84379df0fb8afaf9ebc08676f7e70385c98f5a073eacbb10020ed118126f9d5
_데모_용인시_20260920/lawtext_v1.0_20260924/doc/DOC-001043.json,72769,8f70fdd96662a937bf215b8748737beed385491d3d77d22174a604dae98f9ba8
_데모_용인시_20260920/lawtext_v1.0_20260924/doc/DOC-001044.json,18892,c23842be72ca5160acf298cd968d5107e59b906aa402b9c7ea7797ebb6548db0
_데모_용인시_20260920/lawtext_v1.0_20260924/doc/DOC-001087.json,17884,4f2a0d2366d2210aadcb74ae83c094a8dacc45feef6393614b4d3071d47a33a5
_데모_용인시_20260920/lawtext_v1.0_20260924/doc/DOC-001088.json,3780,138c00af8dab8f7892fd021d1a2fa1b2b586c142e11596d9f25524a3632be580
_데모_용인시_20260920/lawtext_v1.0_20260924/doc/DOC-001089.json,17458,7a652d33c6ff868845a7ec4058aeb067cb05238144ba6680c40ec6f580e4e5d7
_데모_용인시_20260920/lawtext_v1.0_20260924/doc/DOC-001090.json,43738,5e8d69fe49a5fdf782d7c8e9d67aca6ae1a178f05fe574dde97990727a471ad9
_데모_용인시_20260920/lawtext_v1.0_20260924/doc/DOC-001152.json,18948,82182f22dd017275faaa0faa719404888e467daa3c53e8c3c7d123f89a92e3d2
_데모_용인시_20260920/lawtext_v1.0_20260924/doc/DOC-001174.json,19434,6f728a77954ae6df574d2d389386f6eb098f210b760088cbc56652ed360d9bad
_데모_용인시_20260920/lawtext_v1.0_20260924/doc/DOC-001190.json,32359,e137b7517d7ea11851ad98f93866769679872b6131f3bd62981a250bd1ed3ed2
_데모_용인시_20260920/lawtext_v1.0_20260924/doc/DOC-001191.json,4534,df0323911182a2cd1d94074b055d2938af459e9f3fa3cb652273289cfec52239
_데모_용인시_20260920/lawtext_v1.0_20260924/doc/DOC-001194.json,9072,8c924ab99e682d8b0571e55553312b02cf027f912e931ce6f306e409805732a3
_데모_용인시_20260920/lawtext_v1.0_20260924/doc/DOC-001195.json,3702,99434f8e52b73b53847b1f85cdff9455c61a158547d643f3f576f17868c59093
_데모_용인시_20260920/lawtext_v1.0_20260924/doc/DOC-001201.json,9974,270c1664a1f18f18fdf7046faff631a1cb762964ed06e1f6db264674575e429a
_데모_용인시_20260920/lawtext_v1.0_20260924/doc/DOC-001250.json,32450,077a622ff0c3647da221021c12bb630d163999e8fbc65b81edbd6856cebe527b
_데모_용인시_20260920/lawtext_v1.0_20260924/doc/DOC-001254.json,25902,8607f729606635f5afce9059ba4f1c9a410199f329297a82b4f502fc2d8fdaa9
_데모_용인시_20260920/lawtext_v1.0_20260924/doc/DOC-001267.json,24994,743ddf8f3de30516774caf267f11259d0497f3d39ebe72a98e2393ecf5c88e4b
_데모_용인시_20260920/lawtext_v1.0_20260924/doc/DOC-001268.json,7695,1a627790bf1ab2029d7d5e26a3a8518e73d459997217ea1bd9178f5ee05ee1dd
_데모_용인시_20260920/lawtext_v1.0_20260924/doc/DOC-001269.json,11749,419ca85f8ac73d707186d4d63bf3a20605d6f2de33f4b06b1ca7c31f6529650b
_데모_용인시_20260920/lawtext_v1.0_20260924/doc/DOC-001270.json,10813,7d80cea953636e03388cc6df89db2c02ef5eeeace8da3f014289a2d42ab73946
_데모_용인시_20260920/lawtext_v1.0_20260924/doc/DOC-001271.json,14684,aea561a81b4a2f8d740dc0901349550d5d231c535b0f0759f1cedbe518cdf752
_데모_용인시_20260920/lawtext_v1.0_20260924/doc/DOC-001272.json,13075,2a2408eb4fd080264eb966ce7b1bb9df58beee5123952eb18d453f42786baad9
_데모_용인시_20260920/lawtext_v1.0_20260924/doc/DOC-001273.json,14774,0c347656597fc225823900f1b0178cae743961909734fbfb50a9f39b5d637f2b
_데모_용인시_20260920/lawtext_v1.0_20260924/doc/DOC-001274.json,15867,c713d7e442d414cf9e38d67d1d36c4a5551f48e3ab44c3d9dedac4a4a9cebf78
_데모_용인시_20260920/lawtext_v1.0_20260924/doc/DOC-001276.json,42245,95bfc822b63d9dc52f28af78ff25ad18bd978cb595871200380c13daf95f5b07
_데모_용인시_20260920/lawtext_v1.0_20260924/doc/DOC-001277.json,91321,4f578fad3c6e4d14110219dd83e7deb815e325904ed8b238ac94d4b6c16a597b
_데모_용인시_20260920/lawtext_v1.0_20260924/doc/DOC-001279.json,4963,856e4281704b4e1b8d09f5df8e56e90d4553ae6df10c8cb65ad2d4f3255615e7
_데모_용인시_20260920/lawtext_v1.0_20260924/doc/DOC-001280.json,15626,f73eb6245238ba5cb508a9cc86e30377cb35690f8ca9602db9978f2062a2ec22
_데모_용인시_20260920/lawtext_v1.0_20260924/doc/DOC-001281.json,25916,2cae5097c140076a68c38373af669d63f9aa082a5e59c9137f13ae894e0b6092
_데모_용인시_20260920/lawtext_v1.0_20260924/doc/DOC-001282.json,44084,8addd45011669d72f7066aeea6b69f36fad0b6f99d15bea261abb05b3c8b32d0
_데모_용인시_20260920/lawtext_v1.0_20260924/doc/DOC-001285.json,16770,0c02720deff8aa11b4f9017da42ecf1c35f96c5f0eebcf13b0c5f5bd7f13a436
_데모_용인시_20260920/lawtext_v1.0_20260924/doc/DOC-001289.json,46035,fe6e2cd07a8bec7ca0bd144b52daedd96627f528d89d89fe4b04eaf7f0be9e60
_데모_용인시_20260920/lawtext_v1.0_20260924/doc/DOC-001293.json,15477,4a322afac462a06b929749af26b5c28a41a20c5b113f28fa3347655b79ee1f62
_데모_용인시_20260920/lawtext_v1.0_20260924/doc/DOC-001294.json,17017,916386894695e442c4d78fef12fee417be202bc821a74cfa8570bcc868eb0f08
_데모_용인시_20260920/lawtext_v1.0_20260924/doc/DOC-001295.json,3569,6d90457905fcad7148e5c2c33b4570ff928b87bfc52a811522c9b9d27770c816
_데모_용인시_20260920/lawtext_v1.0_20260924/doc/DOC-001296.json,34947,bb0f659b0b1101bdbc45d42cce78d550cdada45f03e01ec6f914343023f3ec23
_데모_용인시_20260920/lawtext_v1.0_20260924/doc/DOC-001297.json,9632,24cbaec79515e7cb4f55e69d884d689131b4bd44b9484dbdd6bbcf0af6ab3683
_데모_용인시_20260920/lawtext_v1.0_20260924/doc/DOC-001298.json,63017,4e88d8057381633c9f47ca7404f19470de5e40cca0dfa22ce14341a56af3e187
_데모_용인시_20260920/lawtext_v1.0_20260924/doc/DOC-001299.json,28391,1a3c1bd09792d8f6f962c32cfe238cb6a9d6eb612f13e54e8f4a026c059289b1
_데모_용인시_20260920/lawtext_v1.0_20260924/doc/DOC-001300.json,12364,cbf4cfd92a715fdd0e4c37d8b05c6c021143af469cd5a37fbeef63d3f8e46dd9
_데모_용인시_20260920/lawtext_v1.0_20260924/doc/DOC-001301.json,17513,61c96674ca1a7a4d654dfcf7edbb9b53424fc4c701787f2e4c726a31954107ad
_데모_용인시_20260920/lawtext_v1.0_20260924/doc/DOC-001303.json,59333,f4e197f57cd6cea917a4451634994a36b4eb15a0826404a9bb2957726675136e
_데모_용인시_20260920/lawtext_v1.0_20260924/doc/DOC-001304.json,16628,002ed67f3aba0a04368c78d8d1ce15ad536ff4d443ee628f256f848f4bc94daf
_데모_용인시_20260920/lawtext_v1.0_20260924/doc/DOC-001305.json,23606,7fcd49bb2bcb7baca1989589d05c2fce184daddb479b3c305ffabc6d4618cf4f
_데모_용인시_20260920/lawtext_v1.0_20260924/doc/DOC-001307.json,67800,457c96b89c4a93263e5c8ad5c2b6dc76b7a7d9ac6f08bd95e9c2cc38696f442e
_데모_용인시_20260920/lawtext_v1.0_20260924/doc/DOC-001308.json,22142,882ffa0f60e6dc28c12f20bd2df6d5b9c2d4dc7b5b188bb16239e71d9edeeac5
_데모_용인시_20260920/lawtext_v1.0_20260924/doc/DOC-001310.json,17110,ed00818759abeca16722d727aa3c92e8c9179bb6ae0401fb5542cac543b7ea89
_데모_용인시_20260920/lawtext_v1.0_20260924/doc/DOC-001312.json,17774,c85d1782e3882951769fb3a80e7b46e9d5bddc55a9c1062e686266ef1b201af1
_데모_용인시_20260920/lawtext_v1.0_20260924/doc/DOC-001313.json,17016,682d02f2a3fd3ec8b7d4f69ba6992f38b4a46a4bb904cae2b321f22769f1b372
_데모_용인시_20260920/lawtext_v1.0_20260924/doc/DOC-001314.json,26710,f756f49c3c5913f2a4226f19049f437d5cbe1959328afb2bf239214cfb2a494f
_데모_용인시_20260920/lawtext_v1.0_20260924/doc/DOC-001316.json,34783,1fb4f72e00ba9e6fcd701d174f9924d92846cd90cb8ac0dc78b99df772e46b51
_데모_용인시_20260920/lawtext_v1.0_20260924/doc/DOC-001317.json,40895,2d0b792111b2b9c57a5c37268b33d7efac0528ed12aca45abf6fe4ddfcfa5339
_데모_용인시_20260920/lawtext_v1.0_20260924/doc/DOC-001319.json,25157,20583df825bb67294c2adc7914f4c6f118f970f7dd68983b1e619ea259b90ff6
_데모_용인시_20260920/lawtext_v1.0_20260924/doc/DOC-001321.json,34976,918312343bbe3f99290af6566a1b4393680428125235528bd38fb1f6c217a838
_데모_용인시_20260920/lawtext_v1.0_20260924/doc/DOC-001323.json,13812,c2754a59aea0a657646f46c7e7cb044370ab562b1da6192bec95c0f8cfbac04d
_데모_용인시_20260920/lawtext_v1.0_20260924/doc/DOC-001324.json,197624,1688b194349bcb2ade65628f7f04767a1b85651176af3cf0fe456ae7e5e1af85
_데모_용인시_20260920/lawtext_v1.0_20260924/doc/DOC-001325.json,180906,966db5149a9a9404016dee89a333adb0fc3f353790ae21bfcc02f1c9602a7e3e
_데모_용인시_20260920/lawtext_v1.0_20260924/doc/DOC-001340.json,20418,03bd84622025bd56a91683e674a21eecf6a2d46782cc84351c3e7c838e527e34
_데모_용인시_20260920/lawtext_v1.0_20260924/doc/DOC-001350.json,95586,f9bc4939a098ce3280176903f23b0593876ef4e21c0df4dae04699af02ccd879
_데모_용인시_20260920/lawtext_v1.0_20260924/doc/DOC-001414.json,7122,2782936144ced07901d24e19b87df7509b69406ff552331f5ac63508028ed16c
_데모_용인시_20260920/lawtext_v1.0_20260924/doc/DOC-001437.json,14320,b4bf69850a1e36a58add9e406b8bc2608552a8bdc3f1e6201055e4e4296cc7b2
_데모_용인시_20260920/lawtext_v1.0_20260924/doc/DOC-001439.json,6581,bd67ae8100ce4f1ae5f38e8a4d50b92d87ca87427cc4a5b9301bc53a4ec6bf55
_데모_용인시_20260920/lawtext_v1.0_20260924/doc/DOC-001440.json,96474,a8a86241441718fb7ed41d18ca9f11418adfadffe98f72bbe930bee1c99ca956
_데모_용인시_20260920/lawtext_v1.0_20260924/doc/DOC-001583.json,11371,1a389ec2600532f04bb0a1ed1aa2233e9172bd11af22029fc75fa0a08bf32bca
_데모_용인시_20260920/lawtext_v1.0_20260924/doc/DOC-001584.json,118150,901f215d9e04d290e8b5af2e040a12c86d4bbe5174a828dd849634c3715574ec
_데모_용인시_20260920/lawtext_v1.0_20260924/doc/DOC-001586.json,20539,bbcbbc394099901f5e0ca42a388bfa5f085b4bbf8c5e9274ec9d86392d782460
_데모_용인시_20260920/lawtext_v1.0_20260924/doc/DOC-001597.json,19170,a1f9f4f5d1aa330dbcdd7f5a5c8675bbaf64c1a3d6f8508fcefbf173f9d9a22d
_데모_용인시_20260920/lawtext_v1.0_20260924/doc/DOC-001598.json,4086,c0119a19e6a92ae569b02110bd61f71676e6714cc85acfb84e780a10b1a9991e
_데모_용인시_20260920/lawtext_v1.0_20260924/doc/DOC-001606.json,17873,888fd8d439f3996468519cae32aaee8e8514600323e00fa328af475729d50b42
_데모_용인시_20260920/lawtext_v1.0_20260924/doc/DOC-001616.json,16778,cd8d7d94879895dc738e9162dfe6c03338d70e5c08bf6ed5d9ada636be21f5ca
_데모_용인시_20260920/lawtext_v1.0_20260924/doc/DOC-001620.json,18987,6798b9d15f7fab32fb31f6500660a8603b701ff355cb64fbd8ff7c6bd108bd46
_데모_용인시_20260920/lawtext_v1.0_20260924/doc/DOC-001622.json,10218,c8533994c606d2f821d263a20f3ebdda6e82051c6b85987063c81642b699955c
_데모_용인시_20260920/lawtext_v1.0_20260924/doc/DOC-001624.json,3005,6722c3010b22160269e6238d5ec510159fc552b96cc0cd43e6ec20dbdd5673ba
_데모_용인시_20260920/lawtext_v1.0_20260924/doc/DOC-001634.json,1809,806b93d99be1fa57f94e161b63e7bb32baa939160365c06040d126ea33c22fc9
_데모_용인시_20260920/lawtext_v1.0_20260924/doc/DOC-001635.json,25376,1bf492c60c1dce0306760d662d193f4d3a3a6898aa209e773eee74e52b2eef13
_데모_용인시_20260920/lawtext_v1.0_20260924/doc/DOC-001639.json,15826,2359e3a9019770739c1a9c91e05eb0ec484ea6d482e033f938c07275cf41f8c6
_데모_용인시_20260920/lawtext_v1.0_20260924/doc/DOC-001657.json,21094,e46a788b209ee45049cf648b55b24b85bf93ca509532a06a8ab88c83841218a9
_데모_용인시_20260920/lawtext_v1.0_20260924/doc/DOC-001659.json,7645,ceca9dddc3575a52274fbf6f308d96b9443e24e342755df47d8231eeea9b1b80
_데모_용인시_20260920/lawtext_v1.0_20260924/doc/DOC-001680.json,34893,24a76aab0b5b73701fe1966ee78b9055cf9ccf2b800936ea7cc1dd61cee8ab86
_데모_용인시_20260920/lawtext_v1.0_20260924/doc/DOC-001683.json,37480,bb3038942a622366f91a561c06d30a324442be493ae2d439b97580638a9dc649
_데모_용인시_20260920/lawtext_v1.0_20260924/doc/DOC-001685.json,9978,f8aa6adabc76dd0ca67be782e76b866cecbb83cde32a10365000c4cdd9c15808
_데모_용인시_20260920/lawtext_v1.0_20260924/doc/DOC-001687.json,74021,5fb74c29876a26030d95597947914567e5c21558c63f086e70c2b58becabcbd0
_데모_용인시_20260920/lawtext_v1.0_20260924/doc/DOC-001689.json,119085,14b1a0aa59ad724b56fde938131d7ac1ec6c6d8ffd9c41cce21ad02e3a3f037e
_데모_용인시_20260920/lawtext_v1.0_20260924/doc/DOC-001690.json,9052,908fb65b42335ae18198e74a0a89eb6299827f98625e60101c9e682963ddab99
_데모_용인시_20260920/lawtext_v1.0_20260924/doc/DOC-001691.json,23926,78a4cdb3d5311f218f1abced91e8b825d885f338a8a3903897fd07c74544abea
_데모_용인시_20260920/lawtext_v1.0_20260924/doc/DOC-001692.json,5760,619cc4c879193c59765a393fa1b3564f25cda2cb5e4a5a6fb3ec93e942da4544
_데모_용인시_20260920/lawtext_v1.0_20260924/doc/DOC-001693.json,24317,094d627d71b8a711b2769dc13f5802007a986b4c3342e026829b92469adaf876
_데모_용인시_20260920/lawtext_v1.0_20260924/doc/DOC-001694.json,15306,a6bcb5b63ce65a3ef2acc390f261cd0ae033e04642611a52c2391d629f5d9b6c
_데모_용인시_20260920/lawtext_v1.0_20260924/doc/DOC-001695.json,6764,115f1ca01cf1dcaa4f1c67e880c1ac4faf84cf02c90c6050b44eba920f44ed98
_데모_용인시_20260920/lawtext_v1.0_20260924/doc/DOC-001696.json,39500,66ed436027ac0f52cfce626174f81c23582f73789af02d75203bf7bb5270a924
_데모_용인시_20260920/lawtext_v1.0_20260924/doc/DOC-001697.json,20591,1f4944b5a779f0b5c830209a782fb02b235c386487f4e7c7da088f05a9113f64
_데모_용인시_20260920/lawtext_v1.0_20260924/doc/DOC-001698.json,26209,bbbeac5bed7bfa7da087cc9deb5a9d59067b1ddba1993e0045043a0866a5cf76
_데모_용인시_20260920/lawtext_v1.0_20260924/doc/DOC-001699.json,24297,1d8ec97a1f17ad63391662f08dfcd1532256fa6915e12e61141ffc06dcf76e69
_데모_용인시_20260920/lawtext_v1.0_20260924/doc/DOC-001700.json,2896,22e8e6134403d2714a4e8cc5d2f18a3fa4a2b5ac0fba5c80c88762b0cc37233a
_데모_용인시_20260920/lawtext_v1.0_20260924/doc/DOC-001701.json,15324,c6f8fe617679967056c2346a50065027bfd3dc07c0aa40ac2dbd3365b8ab2d0d
_데모_용인시_20260920/lawtext_v1.0_20260924/doc/DOC-001702.json,137957,e24e9bb663d376a290dc3639b646b4dad9f8037c590edab023d70f59e504ec60
_데모_용인시_20260920/lawtext_v1.0_20260924/doc/DOC-001703.json,62783,03322af877fe4cd1a9f2382ef925aef089425ab727d95a1c487a27d9f7aac22f
_데모_용인시_20260920/lawtext_v1.0_20260924/doc/DOC-001704.json,38262,31f28fd540e6099582676fc023b7f3c36abad2b4c0dca962ef6084432cc486af
_데모_용인시_20260920/lawtext_v1.0_20260924/doc/DOC-001705.json,21291,76f5d2689b3126f7333f64a2b2e8695a6ae88465798e60b8048616a6e39e53ab
_데모_용인시_20260920/lawtext_v1.0_20260924/doc/DOC-001706.json,28299,078b0da526669124a29247c5db6eb30dd3ce5c037a2084e5d2378be338ec98e5
_데모_용인시_20260920/lawtext_v1.0_20260924/doc/DOC-001707.json,12996,2c279227588b614b0b1ca3d1351976a9e152fb9d8873eb822bd8a44728ea0d30
_데모_용인시_20260920/lawtext_v1.0_20260924/doc/DOC-001708.json,7211,45069fd0c757ed5ecee781bce55cf1e539de840db324488c4834d1dda27d7d72
_데모_용인시_20260920/lawtext_v1.0_20260924/doc/DOC-001709.json,36087,a8f59e726eec57da990829db83ae92d35192fbe50c43e1c92be902ca157848ee
_데모_용인시_20260920/lawtext_v1.0_20260924/doc/DOC-001742.json,23035,5badc8224eb40199b24a029745439f56efbe782f10ba2081e5e2d48976e4cbb6
_데모_용인시_20260920/lawtext_v1.0_20260924/doc/DOC-001758.json,7016,3e339860d4baed434ad4de97f71b4f4f01b432db05af524e7587fb1e033542eb
_데모_용인시_20260920/lawtext_v1.0_20260924/doc/DOC-001764.json,63915,2ebf2a6bb067fd5b2b82d3d7932f90c0a3e6fef61f8686847ec9e8f400c25cd9
_데모_용인시_20260920/lawtext_v1.0_20260924/doc/DOC-001773.json,12359,49936ed308bcad2e3447b68501108dda46881dee1c2138579c9a2d24cc21dd0d
_데모_용인시_20260920/lawtext_v1.0_20260924/doc/DOC-001787.json,3445,7a425302ecc56beb99a2d08091156cd5d0627fc1d9bb9311eb1fc31a3625fd1e
_데모_용인시_20260920/lawtext_v1.0_20260924/doc/DOC-001793.json,5324,a3b6020a564a402a506001e38a8f0de60ba43951a369136233a0def351fbc956
_데모_용인시_20260920/lawtext_v1.0_20260924/doc/DOC-001798.json,3488,00f3adc1d37511d2153cc29975b63edf36c87e97e4212716d6f6a881b93d3f98
_데모_용인시_20260920/lawtext_v1.0_20260924/doc/DOC-001803.json,18745,2f421ed33f48ffbe36faf1dcba707ccec507f65b27ca9afdda87f3091a780a12
_데모_용인시_20260920/lawtext_v1.0_20260924/doc/DOC-001823.json,40946,d48b59482c9e09459e3d63df0d16104983906948641b6efdd7375edba642f117
_데모_용인시_20260920/lawtext_v1.0_20260924/doc/DOC-001824.json,10589,fc2ab2d754a414fdc4ba0fbf4e56b711b7536be42f1a18dc1bcff4bde5f94a07
_데모_용인시_20260920/lawtext_v1.0_20260924/doc/DOC-001825.json,55875,ccb1f6e99cd961a149e5d9b6f548f368f1271970744bf18c98a025ccdb02fa21
_데모_용인시_20260920/lawtext_v1.0_20260924/doc/DOC-001826.json,3583,2ac8bfe7997a4b37d5c72ff94d7ec45908f7b5c975a56b3460986ed92656fdec
_데모_용인시_20260920/lawtext_v1.0_20260924/doc/DOC-001839.json,2219,51bc3f9a95f8018ddc13942b7b5e5b03e1caae1ee6e6fb34709daad821f02845
_데모_용인시_20260920/lawtext_v1.0_20260924/doc/DOC-001843.json,81371,433608b42134095a4abcd3298fdad6f5657b7dd43ed418b210b865aa8be49891
_데모_용인시_20260920/lawtext_v1.0_20260924/doc/DOC-001844.json,7109,2e9e8fa24f01328d1d52d3d7cd704ea8a5eb282627d0726ec40c63fc1033a7aa
_데모_용인시_20260920/lawtext_v1.0_20260924/doc/DOC-001847.json,5589,f0c1d8d5702aa520e92651037ef7265b39906c8019d8e4849a398f228385c9f2
_데모_용인시_20260920/lawtext_v1.0_20260924/doc/DOC-002013.json,21823,e602e664b8a6fbe7e6725b776bfcde857990d2052dc5c4c4a7c4303ac25c0679
_데모_용인시_20260920/lawtext_v1.0_20260924/doc/DOC-002068.json,17236,4cb0e5d55e4ad50f200b273acda5e78911e640aad7cc162fac9ab399e0ea9bd3
_데모_용인시_20260920/lawtext_v1.0_20260924/doc/DOC-002079.json,26505,97cdf13364785494bbfa7eb021786ccf10a53f26516285a73e41ec17a0243d7d
_데모_용인시_20260920/lawtext_v1.0_20260924/doc/DOC-002084.json,24588,833c2f6e1debcc3bdf80ed9276dced348394025b01c06be9554bab4322c4a64d
_데모_용인시_20260920/lawtext_v1.0_20260924/doc/DOC-002086.json,10913,72b3a2adee4fcb003320d823191de35bea43591d97eb6250b1f7df819d81c837
_데모_용인시_20260920/lawtext_v1.0_20260924/doc/DOC-002093.json,19955,5bceac6f02f27d8877d33bd1bd6a374efaad56b5b60445f2fdab977e011d22c5
_데모_용인시_20260920/lawtext_v1.0_20260924/doc/DOC-002098.json,12681,fda01ee3edd43d2a28b0936e4b7d739cd844da8c9fe4aaad2f8808c0ee01f60e
_데모_용인시_20260920/lawtext_v1.0_20260924/doc/DOC-002102.json,33322,d354b339d406786bdd8a4d1df4d4c88b146305f139b15b547eb218ce3d668364
_데모_용인시_20260920/lawtext_v1.0_20260924/doc/DOC-002104.json,4329,9b3a45bf2363b0069593c875daa18e185c11e8760ed56a45aa198044baced532
_데모_용인시_20260920/lawtext_v1.0_20260924/doc/DOC-002107.json,50021,a5101fa9c19b2505629eda33b206301f9270f95326841c298e8593d04f781a58
_데모_용인시_20260920/lawtext_v1.0_20260924/doc/DOC-002109.json,31275,20fc31abed84c93d2ba2a1877db0b30187b2ed09b2aafb4017ee3f7138f69c7f
_데모_용인시_20260920/lawtext_v1.0_20260924/doc/DOC-002119.json,42716,9386ae85296195b3012a32d7b9d21c4530436d9eb68d72ff01ba6148981a79cf
_데모_용인시_20260920/lawtext_v1.0_20260924/doc/DOC-002156.json,5146,176fceabd06d4c6b209bc665f67b0e45f029dc94c59d801b510866c905e5466e
_데모_용인시_20260920/lawtext_v1.0_20260924/doc/DOC-002157.json,395707,46463f6ec1fc8c0f2990809b9cc725864c6da0d060ec49bca64abbb8bf3a1a9d
_데모_용인시_20260920/lawtext_v1.0_20260924/doc/DOC-002158.json,16306,427cabff811fac883a5767f5eeaef9ebc8285b0d4f48bfce5445ac5f6807b4e4
_데모_용인시_20260920/lawtext_v1.0_20260924/doc/DOC-002181.json,39586,d61e4c778ad3a6048777a1a2876e3ffee697a95a02c1ff17ce2dcd7536fd864e
_데모_용인시_20260920/lawtext_v1.0_20260924/doc/DOC-002184.json,7333,98a16ce5b8fb08f7625b4ca9f8d0471909a1cebc91311dd739c5d0db0278dd87
_데모_용인시_20260920/lawtext_v1.0_20260924/doc/DOC-002186.json,9910,b3fcf25ffdd062f0a51dc34d9b8e8e02ece47e5ceb4351f69a746be3a7ca8a74
_데모_용인시_20260920/lawtext_v1.0_20260924/doc/DOC-002187.json,2626,54fa75565362501609c8223c9cdd343512442d9a96c0b009c3c633e658930ca8
_데모_용인시_20260920/lawtext_v1.0_20260924/doc/DOC-002188.json,18970,160ee0ae86bc2c48ce6b8be68cb1228763b302a1840ab478498bf677bc16031a
_데모_용인시_20260920/lawtext_v1.0_20260924/doc/DOC-002202.json,12983,87cb5a584312c6b7fbde00847e87415da3e943c26ca9a4925d5cab2efc9508a8
_데모_용인시_20260920/lawtext_v1.0_20260924/doc/DOC-002414.json,11292,fc77eaa3cae0892542790b2659d7079d7b700f53e49b460bfcbf74f992cb4dbc
_데모_용인시_20260920/lawtext_v1.0_20260924/doc/DOC-002417.json,11986,6731b382e52bcee82e5695493bcb04f076145371e2ec47c4afbbc48fc5e6f914
_데모_용인시_20260920/lawtext_v1.0_20260924/doc/DOC-002422.json,14540,f123f926f28404c51683931f9e513b9f1f605019fcc811f7999c647c11f7a532
_데모_용인시_20260920/lawtext_v1.0_20260924/doc/DOC-002425.json,12737,c9f5570f5f8a582c5e3e2cafb25fea79c4c47182237a36d8fb0035fbeae6bd4b
_데모_용인시_20260920/lawtext_v1.0_20260924/doc/DOC-002438.json,8903,608dfac5e374e805126a015f772424785ddd7170019dbd87e2bde7cc8ae1347d
_데모_용인시_20260920/lawtext_v1.0_20260924/doc/DOC-002445.json,10318,c9991e989bfee0f90d97e68f5e8b05dbb75c845190c07fe2d11196f7345d8a50
_데모_용인시_20260920/lawtext_v1.0_20260924/doc/DOC-002468.json,14447,3fba3adf17a243d356f7fb795cefa1aefddfd0f25583bf6dbd14b136c6921bb3
_데모_용인시_20260920/lawtext_v1.0_20260924/doc/DOC-002488.json,27301,a26295b183882f9defaf0e58572e509caf74e8d4333308a2126939088c3ce137
_데모_용인시_20260920/lawtext_v1.0_20260924/doc/DOC-002517.json,89774,5df52fb5c85d4895a2edf5e6d088a44c9ad52ab33bc210e88c8ba2bb8c0bf939
_데모_용인시_20260920/lawtext_v1.0_20260924/doc/DOC-002518.json,4980,5e49382225b80ea22435b946a761d5bc8356f9b4020b7c21c36547972e63f645
_데모_용인시_20260920/lawtext_v1.0_20260924/doc/DOC-002519.json,11251,35ac73e0c82f4eb44432680ad6200b3dae4175920bc496a29ce97cd186ec7001
_데모_용인시_20260920/lawtext_v1.0_20260924/doc/DOC-002520.json,17770,102cfb4408d32bfe44531e62b7c97e399adb7bb5cb8cdb3cbe979c125adf17ec
_데모_용인시_20260920/lawtext_v1.0_20260924/doc/DOC-002523.json,37705,d253d9001eec51a734c38624ea147f00d40edd1c6978b723a1746ba5d26ae16c
_데모_용인시_20260920/lawtext_v1.0_20260924/doc/DOC-002530.json,230818,b7997952dd0cf74e2c172a1fdf3e42778e1e87c1e20a7c771335db9523b26f13
_데모_용인시_20260920/lawtext_v1.0_20260924/doc/DOC-002565.json,10116,4d712e290b1f844c315e7484c26ece373258c89927b0d5d7a4952b4372818f01
_데모_용인시_20260920/lawtext_v1.0_20260924/doc/DOC-002566.json,10813,c6e1d7adbc0ca8959d00e990193c1fffd2b381cc9dcc671f5368dab2b66321ca
_데모_용인시_20260920/lawtext_v1.0_20260924/doc/DOC-002567.json,14684,e8c97604670fa19ea3eeb29d20eccda4b697ec5e730801678c19083ce2276e84
_데모_용인시_20260920/lawtext_v1.0_20260924/doc/DOC-002569.json,23316,08d381f5b52340b9ca74791f113a014d4cc871cbc97ea79a2d4cc750745a03c7
_데모_용인시_20260920/lawtext_v1.0_20260924/doc/DOC-002572.json,54074,710fe9a18d49b17c19cef5ec228a4bdd061b4a826f85439a4af562ee92136bb9
_데모_용인시_20260920/lawtext_v1.0_20260924/doc/DOC-002573.json,143086,fd543f512001f50dc9a670a9ccad6942a5405cc4d2d6fddc568be387e5eafd47
_데모_용인시_20260920/lawtext_v1.0_20260924/doc/DOC-002642.json,4215,0222f8a010674afef723ad0c302c32fc92abb1904a74957320d87b979294f466
_데모_용인시_20260920/lawtext_v1.0_20260924/doc/DOC-002643.json,72602,0996d73511c05c110685393762ee55d8d56f7c40f023edba10bb42b9cce8de52
_데모_용인시_20260920/lawtext_v1.0_20260924/doc/DOC-002653.json,30105,258a3c76a92c1fcadc1546fbb973adf1ea3309d602fc3abf680334e18533f95d
_데모_용인시_20260920/lawtext_v1.0_20260924/doc/DOC-002657.json,8836,45145c13870d4f59843153e03a6ea12b8029902990e980a4046931aa9a00aabf
_데모_용인시_20260920/lawtext_v1.0_20260924/doc/DOC-002659.json,14087,aa0ad86a98d840193b827f9a651937eef202604bd224f677d7dfc50f18b1b121
_데모_용인시_20260920/lawtext_v1.0_20260924/doc/DOC-002663.json,16279,333c8553145255285c5befce41c7201bcfa81887b971f12fea9d09b26b051292
_데모_용인시_20260920/lawtext_v1.0_20260924/doc/DOC-002664.json,5886,a6c635c69a2dc0643f8bacfa0de249a9a3a72d3c7775b9a707d73bcfbfe4b63a
_데모_용인시_20260920/lawtext_v1.0_20260924/doc/DOC-002744.json,11417,f62ac8498d9b4d18676f8410428ad52be3798f767fc04bb01701313b389f59bb
_데모_용인시_20260920/lawtext_v1.0_20260924/doc/DOC-002746.json,62086,a6062472b43e555561ff989904a3b715b97f77f9962145802084f8a3625037fb
_데모_용인시_20260920/lawtext_v1.0_20260924/doc/DOC-002747.json,6029,a519a9393436c838c738d88663d15046555f53162b7451f6a491548c8ae529eb
_데모_용인시_20260920/lawtext_v1.0_20260924/doc/DOC-002749.json,8519,ddc9074c50cef1aac266eeb4b5ea98da67ffcbb46681d33bbbb050f9fbc5ae04
_데모_용인시_20260920/lawtext_v1.0_20260924/doc/DOC-002751.json,34577,8e74315d91c81563bbf8101cd966493c832b5896299c57cb528fef59147f849d
_데모_용인시_20260920/lawtext_v1.0_20260924/doc/DOC-002768.json,123253,88930f5bb48b4a56ccfceb7d8e1a2192f6001d71d028b578e23840e5136f2555
_데모_용인시_20260920/lawtext_v1.0_20260924/doc/DOC-002774.json,2850,78ba2858afd4f091485556326f858c22d800c25d1a90350b598a7690729db7ab
_데모_용인시_20260920/lawtext_v1.0_20260924/doc/DOC-002776.json,28299,bd2f891ac52488ad7844327499d86719cf58af26e43cdf9dd357b1cd573e8d83
_데모_용인시_20260920/lawtext_v1.0_20260924/doc/DOC-002778.json,150528,6944d6abdf5a83256c8fa61d3cfbaa194cfee9558cc9a52f2ddbeadecab7b052
_데모_용인시_20260920/lawtext_v1.0_20260924/doc/DOC-002830.json,63903,3a5ae4820d3d1082435abac355cdc79a8116fb5b08ed717b71f01160e16c5413
_데모_용인시_20260920/lawtext_v1.0_20260924/doc/DOC-002833.json,24614,d7efd14557c10da3ba7027738f4d7cd6cf34285f15437eccfcb7bd5a9aaad09f
_데모_용인시_20260920/lawtext_v1.0_20260924/doc/DOC-002834.json,47522,e9d766a14ef6959458f7a89dcdf6a49347cbf27c55f63e858bb409d226e56b2f
_데모_용인시_20260920/lawtext_v1.0_20260924/doc/DOC-002836.json,36557,c7082b842523c60b5883e12347f4cd73d00eca5916103148e27fd61844e8ec48
_데모_용인시_20260920/lawtext_v1.0_20260924/doc/DOC-002840.json,31641,bcc2710039c98348660d1feed717ea0b7c07dddc3b15942e2eb93828b7d299be
_데모_용인시_20260920/lawtext_v1.0_20260924/doc/DOC-002842.json,21009,616f5bef2df06137d7e33f56543cb2c6ce5095aa6fb4afad71401cfedad8525b
_데모_용인시_20260920/lawtext_v1.0_20260924/doc/DOC-002845.json,60277,9705fa4daf0cf8fd672d18b79375cd9668720ebce58a5432779354cb582eebec
_데모_용인시_20260920/lawtext_v1.0_20260924/doc/DOC-002846.json,128086,6665f46ab97898fb08eb4c848451f9b77c17266ea618c154d9782a2db3f68952
_데모_용인시_20260920/lawtext_v1.0_20260924/doc/DOC-002853.json,4238,5694f7c0f839cd832c50ccfc043f241263a4dea7417e46b59ace43af2e22096d
_데모_용인시_20260920/lawtext_v1.0_20260924/doc/DOC-002950.json,12737,e022c496d98ff8ab4c2def4e1179f69dd1560209b527ab40e7868dffff31c6ea
_데모_용인시_20260920/lawtext_v1.0_20260924/doc/DOC-003013.json,4226,33eec1a8e7c8f69f96429c670d820e0e98417b107d32b3dbe86c352b6cce31ab
_데모_용인시_20260920/lawtext_v1.0_20260924/doc/DOC-003016.json,8990,b93290a67c95fb02ab86b79c661c24bca1f1066a8bfa48650f092f658d09cd94
_데모_용인시_20260920/lawtext_v1.0_20260924/doc/DOC-003017.json,27439,5017da95060f4b47775fa46ad46a82a185ceb9e9ab0faf2f9008811c11af5f95
_데모_용인시_20260920/lawtext_v1.0_20260924/doc/DOC-003018.json,5537,6803539b7865abf40cf07c95805e1c524da1eb4ef412ffe94741a1ebdf539e07
_데모_용인시_20260920/lawtext_v1.0_20260924/doc/DOC-003023.json,22139,498a0250d7022175de9fd68075f1f34f2a4d4ecc8ede03fbd56c7e501a3004ee
_데모_용인시_20260920/lawtext_v1.0_20260924/doc/DOC-003026.json,13970,9dcc898157576ba45f9b5afb3c749b7f26b98b4cb581d7edfe462fc73cf11a5a
_데모_용인시_20260920/lawtext_v1.0_20260924/doc/DOC-003027.json,12172,6f4c5c69d1f8ddfbf56e74f4c89be6ba24619d73272d603ecacdd549b5780b12
_데모_용인시_20260920/lawtext_v1.0_20260924/doc/DOC-003029.json,21472,e3d6b899a0a43af44e91a5dc8375e035983f8e7874b49ec21a569f9b84879de5
_데모_용인시_20260920/lawtext_v1.0_20260924/doc/DOC-003031.json,20529,9b8d17b0df59b3395fa0f873ebeb75a5b1bcc3fd46089fa51145e9df48be03f8
_데모_용인시_20260920/lawtext_v1.0_20260924/doc/DOC-003042.json,6663,82c04f72d3a28e23be2279295f406cede149b02eb73ead52c2963e10c92d7dc7
_데모_용인시_20260920/lawtext_v1.0_20260924/doc/DOC-003043.json,17635,9289963ffe315d0c1d6304c0388c10ddb39a72654968a5c192eb62ed08abf797
_데모_용인시_20260920/lawtext_v1.0_20260924/doc/DOC-003047.json,11773,ad2c97802e898c6b9286c8e36afcdafae0d7fcdfe51c2efa132ed85d2332f2b5
_데모_용인시_20260920/lawtext_v1.0_20260924/doc/DOC-003048.json,7826,eb799752d6700988d500629803a16e3983d7b2caf954811f806111787ffb726a
_데모_용인시_20260920/lawtext_v1.0_20260924/doc/DOC-003049.json,4247,854e3d8775d7f6c7dbeebb975c9c0208854e52407d2b25d94da896110fac162e
_데모_용인시_20260920/lawtext_v1.0_20260924/doc/DOC-003073.json,12567,8169ed78ba66d21fbfdc371b538fdc81ed06a27ebcbdf1845574f6bd4d10cf62
_데모_용인시_20260920/lawtext_v1.0_20260924/doc/DOC-003081.json,10571,6640182c2d8d53a0d937de090672a3cf058d3c6e05b32a6e000357252fbd7921
_데모_용인시_20260920/lawtext_v1.0_20260924/doc/DOC-003082.json,13876,ec8b108293c0017ae3c977c410a50df249456b4f484a9821b960505384eec668
_데모_용인시_20260920/lawtext_v1.0_20260924/doc/DOC-003307.json,3056,eca866280f0bb1803e3a588af1dd10370a3a689ae68c5301deb5bac5202bbd84
_데모_용인시_20260920/lawtext_v1.0_20260924/doc/DOC-003311.json,22262,6a2d7f32e352e4f45fe1f3b2060bacd930962ff9dbe665a4e16f183514fdc53a
_데모_용인시_20260920/lawtext_v1.0_20260924/doc/DOC-003312.json,28511,341ac3e4c28a30bb9789114126216e553c626c4d8743f1f4695c173fef7eb92a
_데모_용인시_20260920/lawtext_v1.0_20260924/doc/DOC-003317.json,17459,408d09053306e40f5c15d0d86ed3d0be0f558cabbba52f642b454da9002faafe
_데모_용인시_20260920/lawtext_v1.0_20260924/doc/DOC-003318.json,9090,b37243156a146ab1609d65beb165041f3cee6908e0f43f88f5d71026bc2ad121
_데모_용인시_20260920/lawtext_v1.0_20260924/doc/DOC-003319.json,18948,59473dc386e61e109fd2482f286b9c4db874fdb90663c0ad3de1382ee4c0fdfe
_데모_용인시_20260920/lawtext_v1.0_20260924/doc/DOC-003322.json,13483,c4a02e5b938c3996ff4a6025415dc8233f88ddb420026b298c0f5b735176c4a9
_데모_용인시_20260920/lawtext_v1.0_20260924/doc/DOC-003324.json,12955,45a5f0af17081ef16c70b975836a8c812755d456328fa23fa53e8dd3adc10bf4
_데모_용인시_20260920/lawtext_v1.0_20260924/doc/DOC-003325.json,21871,6c7be4f8edf8f743462203ef12afff6a003a94c51e5b0e6d795a29074a090329
_데모_용인시_20260920/lawtext_v1.0_20260924/doc/DOC-003326.json,4611,d0b5f3f4f20e12ae36a063571973733b5b4c5b327298f085c57d424708a76a77
_데모_용인시_20260920/lawtext_v1.0_20260924/doc/DOC-003433.json,11519,71c6da969f20ad611f88f58b8b4a5152ceb8c7946c139befd73523fd20941e3a
_데모_용인시_20260920/lawtext_v1.0_20260924/doc/DOC-003456.json,52680,c982e70204787280366bc07929edd4fb3084e994a7f2e8f40eed9b5a0f9b07a5
_데모_용인시_20260920/lawtext_v1.0_20260924/doc/DOC-003461.json,3564,0f72d850576859356cde75b8d8bdb3dc5b60d696657881aa982c84ac2b031b46
_데모_용인시_20260920/lawtext_v1.0_20260924/doc/DOC-003465.json,4304,d06eaf673210abaaa78230e7f5d7c014101045e9301199e3c611b100d76d954d
_데모_용인시_20260920/lawtext_v1.0_20260924/doc/DOC-003466.json,5563,cd3b4f44afcec96e8da7fe7cdecdabdb972faa5e891c5dcf3e02caa00c3a0d41
_데모_용인시_20260920/lawtext_v1.0_20260924/doc/DOC-003483.json,31105,e13db91a8c603e2ecc9647e18ae9dece1ca8c32970371b2c4fa88462b912e9e5
_데모_용인시_20260920/lawtext_v1.0_20260924/doc/DOC-003849.json,26736,6601fba69b3a75edc337bb672ab803ed1f9485037fba66e8370be5cfab65021d
_데모_용인시_20260920/lawtext_v1.0_20260924/doc/DOC-003850.json,8818,b2854320c61cf5dc9046bab7a0e3d2724bf07daee306649b0a23519fc21d4029
_데모_용인시_20260920/lawtext_v1.0_20260924/doc/DOC-003851.json,32383,518c69c5853a4788bf4039d7a447bd0a2e82ce4e60c15fb1f08b44b86a8baa7d
_데모_용인시_20260920/lawtext_v1.0_20260924/doc/DOC-003932.json,139317,0b1fac3f3d4efba705e00773a65e8abb4dbd541709ab615981f8df36ed83575a
_데모_용인시_20260920/lawtext_v1.0_20260924/doc/DOC-003935.json,61503,43349bfbbca685dead18823a7834d0023e1ba843cb1635b0b6fecbd4b1266dbc
_데모_용인시_20260920/lawtext_v1.0_20260924/doc/DOC-003950.json,80271,b38f67241558e4191cfd9166afb436ee9ecc0ee9e809643316cf12d31e8a82ed
_데모_용인시_20260920/lawtext_v1.0_20260924/doc/DOC-003955.json,61503,d0b205438a4ee497d6f8177e421fb090baa89e1a3499cc580ecc09c16c03c498
_데모_용인시_20260920/lawtext_v1.0_20260924/doc/DOC-003957.json,48123,dd53da87f8d13939611d221e57f6677d408cf47bca470808467fa30d54b6d13e
_데모_용인시_20260920/lawtext_v1.0_20260924/doc/DOC-003978.json,55090,7faa2acca4fbccc315f16c63a8bbfbefe9a86e949e53826501c4db59de746e0a
_데모_용인시_20260920/lawtext_v1.0_20260924/doc/DOC-003979.json,17424,35562f656b944e9b73ba9269159bed8d1ae8af255e9abb44bbaebe3bc0c22bc0
_데모_용인시_20260920/lawtext_v1.0_20260924/doc/DOC-003981.json,24732,91676e6b79526ed023caca6c2a530cfd40bb7ea60e775d6843151ada3934a5ca
_데모_용인시_20260920/lawtext_v1.0_20260924/doc/DOC-003982.json,42338,6348dc05feed658a947fcf333bcc91c2e8a65b50584cc6a4b5b977a0e4ab82f1
_데모_용인시_20260920/lawtext_v1.0_20260924/doc/DOC-004091.json,111888,ce2030e7b3f382216fe5959f9fb9adf3763237fe4eccce235828a0b1f48a6b17
_데모_용인시_20260920/lawtext_v1.0_20260924/doc/DOC-004139.json,20166,0a508c393e86e1389a5868af16accd0f886328b97c93180482f3d03671184236
_데모_용인시_20260920/lawtext_v1.0_20260924/doc/DOC-004140.json,17410,98eb61bc22f298d66ae31a8b5d372791748e36b62175bb9e74ac46b644e16c9f
_데모_용인시_20260920/lawtext_v1.0_20260924/doc/DOC-004141.json,84409,e312c980334f85494f2b84f2393952502d2ee97693b438011bf26de9ee2853ec
_데모_용인시_20260920/lawtext_v1.0_20260924/doc/DOC-004175.json,68912,21a604ef6387fb1e8579a7050dca7904567c79ad00ddef3c401fcca7090f17a4
_데모_용인시_20260920/lawtext_v1.0_20260924/doc/DOC-004190.json,109446,6f6a51d1379bb4c9518b1d8d1d090baf85dd72d25c6f1f157a4f1e915f87cb8f
_데모_용인시_20260920/lawtext_v1.0_20260924/doc/DOC-004191.json,179282,68e2dccf842098fce81fba38211e0d853966d546d69fd461e360ac5d5e1ab5f3
_데모_용인시_20260920/lawtext_v1.0_20260924/doc/DOC-004202.json,155987,291bb75a24151b1c60423604e19d66de66a92bb9695e2ec3bc9d73efc4608dbf
_데모_용인시_20260920/lawtext_v1.0_20260924/doc/DOC-004203.json,110583,104182d02d8aadbd05daaaf4db4c5af0c170e69be5ec28204ebc9e2951102a04
_데모_용인시_20260920/lawtext_v1.0_20260924/doc/DOC-004204.json,25111,1176e8f3dfb022ac8145afe2e8f11f4411a8fd4423da94c1c4843727415a4cf1
_데모_용인시_20260920/lawtext_v1.0_20260924/doc/DOC-004209.json,101239,b01de2997e90d974cb141b110b41078e126c69f75b74b116fff6691fe89dcbe7
_데모_용인시_20260920/lawtext_v1.0_20260924/doc/DOC-004210.json,45360,f654348b0cee4c0f2a940ded9d62a79f593614074611baf5198de31b461dac3a
_데모_용인시_20260920/lawtext_v1.0_20260924/doc/DOC-004219.json,117826,86bb02b114de3079bbdff14047e8f46284aa6b745785167e6a13a6fa2d25621b
_데모_용인시_20260920/lawtext_v1.0_20260924/doc/DOC-004239.json,116884,30dec499508c6380c1d8b7a64b85faf06dd6e96445505ca109de1e13e37e74e1
_데모_용인시_20260920/lawtext_v1.0_20260924/doc/DOC-004249.json,221545,061d4f43657efa8662a3bad617cdaee20ffb5b8acddf60816921da61885bdd66
_데모_용인시_20260920/lawtext_v1.0_20260924/doc/DOC-004250.json,137410,81b0911af7b382027d2269b4bada5d7c94c3c384c4e86ff434709867cee61d31
_데모_용인시_20260920/lawtext_v1.0_20260924/doc/DOC-004254.json,158589,5897d6f9912146edf71aaf48ff5e4ea1e8cbd38c4c179a22aacfdeed40f9a3a0
_데모_용인시_20260920/lawtext_v1.0_20260924/doc/DOC-004255.json,189328,f30b8ce60274761397c275b8852899696cca2fecad98a1b160626b2356e745bc
_데모_용인시_20260920/lawtext_v1.0_20260924/doc/DOC-004256.json,33995,0c4cf24afa3278329c26d1477267b7eb464428221f9459c6e3c486639aaf4992
_데모_용인시_20260920/lawtext_v1.0_20260924/doc/DOC-004272.json,28234,d8ce56fcfa993ebf36c675615c6ee1706626531f6190bc1b9ebd9428baed1d43
_데모_용인시_20260920/lawtext_v1.0_20260924/doc/DOC-004277.json,271156,9343e0a98078f404ca28e93aa53ae1595f932982a00826ea0fa56875933f7449
_데모_용인시_20260920/lawtext_v1.0_20260924/doc/DOC-004278.json,150135,42203bcc603680e686a208860108e54d4040b8cc3fb63c376e51d3c0307a3c74
_데모_용인시_20260920/lawtext_v1.0_20260924/doc/DOC-004279.json,175435,26d852ac3fb5bc77984fa0c886f290cdf80e941569935876e8ab5e13b9ff0203
_데모_용인시_20260920/lawtext_v1.0_20260924/doc/DOC-004283.json,7036,d775dadeefef5349b70b92f7d4ebd3d79ca605d9c45046c30d2b1e840c660f2a
_데모_용인시_20260920/lawtext_v1.0_20260924/doc/DOC-004292.json,136243,213ca6e2d1bf26cd291a00a565dd3dd43ccfe6c93c2199419a30f1fd4a5e1056
_데모_용인시_20260920/lawtext_v1.0_20260924/doc/DOC-004294.json,133600,0b584a7d06ec1ac74b7d14751af83098dea0cf4c1d44c4774f76dfa1085b8e19
_데모_용인시_20260920/lawtext_v1.0_20260924/doc/DOC-004366.json,24121,18227b5e2b78587a7f4e90f23f267c36a03ecbb30f57a33f1702c377cf82cb0f
_데모_용인시_20260920/lawtext_v1.0_20260924/doc/DOC-004438.json,45536,29daf55c7999d7dfd3f1a8f7454c95232377bd1e55340eacfea9b6741c8e1132
_데모_용인시_20260920/lawtext_v1.0_20260924/doc/DOC-004443.json,32558,b3a8910e1e692d3ba7f39d646b2a84316949ed737f15625c86878127e59aa04e
_데모_용인시_20260920/lawtext_v1.0_20260924/doc/DOC-004457.json,20212,9c25ff626ba63ceab62c2374bf021b680505b102b934d9483e082078b4253f09
_데모_용인시_20260920/lawtext_v1.0_20260924/doc/DOC-004498.json,47194,ea55984d5e892bef802c76a6cb7c5ab838c726537dd2321e76c2f74a1905db3d
_데모_용인시_20260920/lawtext_v1.0_20260924/doc/DOC-004502.json,19222,444c858381b821e10299adbd2b281e3c1c57fce34adc9c0f7c8a30e16de41607
_데모_용인시_20260920/lawtext_v1.0_20260924/doc/DOC-004515.json,8795,1c1190bde5ddec90250a651250614b6e44c7ec4288baf7d904daee5ff146134c
_데모_용인시_20260920/lawtext_v1.0_20260924/doc/DOC-004527.json,9850,2d5aad4db552576bf03ddb9ea169ed1cdc6b5d1f5fb18b2a64b2620836b6b3a7
_데모_용인시_20260920/lawtext_v1.0_20260924/doc/DOC-004531.json,7750,b66199930e1987c0d99361d0977ac8a35f2b96fca4f8d7038f77efa7a12d35f0
_데모_용인시_20260920/lawtext_v1.0_20260924/doc/DOC-004536.json,30724,e709d3748620b6ceecf94ba123bd29f3f6bfa3075a8d2eac68eb1b38f950042a
_데모_용인시_20260920/lawtext_v1.0_20260924/doc/DOC-004549.json,25533,9ec2b182552b5fc7003cffc4c10afe63fceb359a5036cb3e9dd4ac624546723a
_데모_용인시_20260920/lawtext_v1.0_20260924/doc/DOC-004618.json,14112,dd02ea72f65c919c57bf50200679cf15ad69f37ddd2d67c0d37ac348db0310c6
_데모_용인시_20260920/lawtext_v1.0_20260924/doc/DOC-004650.json,41116,ebeed8fc91fcdad4e7d0c3575f3f6f004a8455950e5fe53aaf551d09b52f07ce
_데모_용인시_20260920/lawtext_v1.0_20260924/doc/DOC-004658.json,15841,78e778e8ff9a4b2b90432f3603da2360a1c765d89c744f2f9743f1f299b92211
_데모_용인시_20260920/lawtext_v1.0_20260924/doc/DOC-004707.json,30213,58d65309b9fac30f3512a3da0cfe536660a0d7aac9f6521d0e27f5d52798ace0
_데모_용인시_20260920/lawtext_v1.0_20260924/doc/DOC-004764.json,26690,f25b5c617746a609be22125a3feba26a8f185f5c56a1a7cf02b681ccaaccc781
_데모_용인시_20260920/lawtext_v1.0_20260924/doc/DOC-004809.json,5194,f4bc3ea0d64c8c662e634cc034f2890fcb4e48f63a2a779cf7bfb2917d237e65
_데모_용인시_20260920/lawtext_v1.0_20260924/doc/DOC-004812.json,10140,6abf5556cd6cf1cdf92ba18b52ab1423980690bac0311bcd0f7cbf75d212d500
_데모_용인시_20260920/lawtext_v1.0_20260924/doc/DOC-004814.json,20772,a682dba358aa89d6e6f828a6bdf265b37d7b8cf3720d457b5da6c3d7e8a3d82a
_데모_용인시_20260920/lawtext_v1.0_20260924/doc/DOC-004817.json,18501,5a671ab9676eb4e380cf812229ec4177544c18994e6000c348463fdef67f15cb
_데모_용인시_20260920/lawtext_v1.0_20260924/doc/DOC-004819.json,8692,29519af20ab0fa8e3b79d3b254576a62c0575d49f35aab50fb69d97fd841f72e
_데모_용인시_20260920/lawtext_v1.0_20260924/doc/DOC-004824.json,42375,33bc565750f481c4770cf31c57670a1c6389efa0f2a2b91f67144d8f9b4b76c6
_데모_용인시_20260920/lawtext_v1.0_20260924/doc/DOC-004826.json,37252,207dd06ed40a6db670f70b76fdbd59f0a313554e00ec2c95306b5c62276a3a69
_데모_용인시_20260920/lawtext_v1.0_20260924/doc/DOC-004827.json,23562,ec86a3d8534900a77ed896b43eb69a6b4abe07a4c1e7c0bb1b10ba0300d702c2
_데모_용인시_20260920/lawtext_v1.0_20260924/doc/DOC-004830.json,34881,db64b66a34e8a07d3b368922b9d7dba2938104658e542073602042721f1c0b28
_데모_용인시_20260920/lawtext_v1.0_20260924/doc/DOC-004833.json,35430,cdb3af469e626a86aecb30344aba3e368f384a14d16c322f7e8bb2fea36e180d
_데모_용인시_20260920/lawtext_v1.0_20260924/doc/DOC-004834.json,37172,dc60732653b3e176fdbf904505e5ef5f9337b0e8309fdad249e72542f9582f2a
_데모_용인시_20260920/lawtext_v1.0_20260924/doc/DOC-004836.json,37388,4e6a9f523bc41ebdf43a2e134311c745fe83822e2158c124f14199a4e5667375
_데모_용인시_20260920/lawtext_v1.0_20260924/doc/DOC-004837.json,33902,26fcd49ae6dee2ce2359f958d86f191d18d6ab530e78025c56bd72247119f2dc
_데모_용인시_20260920/lawtext_v1.0_20260924/doc/DOC-004838.json,33645,027531a44ae48b4020cc187f6b00af1531e31782f442677660ab3961b857ab87
_데모_용인시_20260920/lawtext_v1.0_20260924/doc/DOC-004842.json,29062,c1b37f835491d5c921a577dbfa3147c6b94b2db7533e472d66e112af6d66f227
_데모_용인시_20260920/lawtext_v1.0_20260924/doc/DOC-004843.json,36799,fbad41154694be54b4a812ef8ef2314ded21f2ddc0ee43693785a8dbe2471fe7
_데모_용인시_20260920/lawtext_v1.0_20260924/doc/DOC-004845.json,36558,2468b56a29a8ce0528e23a1020814aac20cf99b9e377eb65782d70db657855b9
_데모_용인시_20260920/lawtext_v1.0_20260924/doc/DOC-004849.json,35298,1bc54a601f68b73d2f1021fd8c9caf08b2e31da5f6f57e2e02185e43b09583d0
_데모_용인시_20260920/lawtext_v1.0_20260924/doc/DOC-004850.json,40412,1d4138630a6407fa13bcb493842f679a2a54e60616ca21552ef8d4d707bd310c
_데모_용인시_20260920/lawtext_v1.0_20260924/doc/DOC-004852.json,36805,2918695d24ae7098bb737c608f2dc6d2da09c46a7a4139ead0ca274c67baf495
_데모_용인시_20260920/lawtext_v1.0_20260924/doc/DOC-004854.json,45297,bc436709ccb3e64f9e2dc1f7bb52bbf50d4dbb1744c3aba2e8d924d7121a7525
_데모_용인시_20260920/lawtext_v1.0_20260924/doc/DOC-004857.json,39027,b171322ed7370c1ee3d43d929911dd4f2722a6563edf625a0a0c8f5d79e5a8d5
_데모_용인시_20260920/lawtext_v1.0_20260924/doc/DOC-004858.json,24411,f626de11259ea52a4f23dd73e000d0024c7b99f2b18ef98cc877e828b7f77fab
_데모_용인시_20260920/lawtext_v1.0_20260924/doc/DOC-004859.json,24218,4fee56b3c5f3c10886949d4295a52630015e94cb49c776f2e85dbf140ab52bb0
_데모_용인시_20260920/lawtext_v1.0_20260924/doc/DOC-004860.json,15940,ad0e4b2b8a33852d1c931dcf5edfd40390575a49d43731f0a5b12c43cd3c69a7
_데모_용인시_20260920/lawtext_v1.0_20260924/doc/DOC-004861.json,37417,38cbec62721c2dbb0badca2969b973a90dc0673040aef9287ec0364f288af9ed
_데모_용인시_20260920/lawtext_v1.0_20260924/doc/DOC-004867.json,20336,30d93de544f470cfcea3e93dde8961a47cc2fcd5b48e155713df6af5dd81cfd8
_데모_용인시_20260920/lawtext_v1.0_20260924/doc/DOC-004869.json,37584,80d1290bb9e6fa60b4f4712ac4b95b7af497b12464f561751cab16a93e54b8ad
_데모_용인시_20260920/lawtext_v1.0_20260924/doc/DOC-004876.json,39515,eaeffd1863d40986702739767f9f36ccacbc1f44de5f1ccf98decd39e40c773f
_데모_용인시_20260920/lawtext_v1.0_20260924/doc/DOC-004877.json,56974,5eab9975909bbd500960c1a6185a21556deec051f410c9aa885261b80911d9e7
_데모_용인시_20260920/lawtext_v1.0_20260924/doc/DOC-004880.json,61403,5b1b858bc9941088a3b91e65ab8cf59bba0c9f459fe06ceeb4e1e8cf8af6109e
_데모_용인시_20260920/lawtext_v1.0_20260924/doc/DOC-004884.json,30669,0cbd26267998fbb12f152233ce56433c4c4d8f6beb78059acd22c251686af29e
_데모_용인시_20260920/lawtext_v1.0_20260924/doc/DOC-004887.json,24742,7788383282848187b2229ebfe5dd28669235fde93b0582c9680919098fdc8b8a
_데모_용인시_20260920/lawtext_v1.0_20260924/doc/DOC-004888.json,19754,c08a3b9b56a025f7f4692457ee1eda938b457463d4f408e84c1a187f9d6785a9
_데모_용인시_20260920/lawtext_v1.0_20260924/doc/DOC-004891.json,35487,0bd269e61b8f0a6570627724bc6b44797264d96dd1bb0b37f193c1b224c6d648
_데모_용인시_20260920/lawtext_v1.0_20260924/doc/DOC-004892.json,18881,ad80fdbc9135880771f1e48d21765569937d412410b045fcf7681be2566b6d7e
_데모_용인시_20260920/lawtext_v1.0_20260924/doc/DOC-004894.json,17245,375dcea41a64e25076a29fdf11c58f4b0dd8fdb73bbae0831ee36f3af4b83b75
_데모_용인시_20260920/lawtext_v1.0_20260924/doc/DOC-004895.json,35061,1559092849d6a491cfe5437de9b69eb04aa23fdb44b935cc7c1017cc6f360afb
_데모_용인시_20260920/lawtext_v1.0_20260924/doc/DOC-004897.json,37294,78c3be3168036a80f5434ddb3f4951b1dbedb375a4f04c1a0f5af853bbb687a2
_데모_용인시_20260920/lawtext_v1.0_20260924/doc/DOC-004898.json,36914,20332e1576d518246b8e6fbfb413231268e597df9c4ee610e20a166c3facf738
_데모_용인시_20260920/lawtext_v1.0_20260924/doc/DOC-004903.json,40994,b414fc4ff086070b3cd9aa01c655409f4405bab79969aeaac413d3b525bd7463
_데모_용인시_20260920/lawtext_v1.0_20260924/doc/DOC-004905.json,33354,041681f977b679f4f33250d117bd03d8d7cddeeb1b7f5b73fab8287f021f1824
_데모_용인시_20260920/lawtext_v1.0_20260924/doc/DOC-004906.json,32128,0bafc9a055f6179937621446969577cf5ae4f4df7847478a8392068be4ee99cd
_데모_용인시_20260920/lawtext_v1.0_20260924/doc/DOC-004909.json,44501,1545a18a4443b61527c300c4dd886ee181f870b1c72fc21ebb9f01e9b1b5cd11
_데모_용인시_20260920/lawtext_v1.0_20260924/doc/DOC-004911.json,45459,995691c7f16e57f611f445ea6099ef029ad1fe145c4bdbb76d2974f3500c83ad
_데모_용인시_20260920/lawtext_v1.0_20260924/doc/DOC-004924.json,22917,e140429c7816c7158d589d6ba1bcfbbf807c5d65703c09b74f909c4d1d6b9d33
_데모_용인시_20260920/lawtext_v1.0_20260924/doc/DOC-004925.json,19000,a42fced75bdba5339065ee5442ca81a790b3665c566c63b5ed193ad75f988f41
_데모_용인시_20260920/lawtext_v1.0_20260924/doc/DOC-004929.json,37752,452e390c02c24bd0ce6661cfd1ecb7dc69f652f2d38c2625413838ac6451c9f2
_데모_용인시_20260920/lawtext_v1.0_20260924/doc/DOC-004931.json,26005,8d0a0dcda85349e6153111a921528aab2af1ba202dd4a07c608cf87f2c3027cb
_데모_용인시_20260920/lawtext_v1.0_20260924/doc/DOC-004978.json,27954,10198215f5048bcd4968e43ad8ac93306622d3363adc2226a5c283def9a18d47
_데모_용인시_20260920/lawtext_v1.0_20260924/doc/DOC-004982.json,13797,ff1be4d4c67b1ef80641dcf5b1df70d2634a5fa75bc290776f357318fcd56152
_데모_용인시_20260920/lawtext_v1.0_20260924/doc/DOC-004983.json,7310,3134f6ced9f0d6a4377013f76185cbdd313209681ea494f7d10929b344805ef1
_데모_용인시_20260920/lawtext_v1.0_20260924/doc/DOC-004984.json,13756,8e5c4a57cf7c13cc023e126f44eea987e6f325a19d2aed34b01f6dca44604774
_데모_용인시_20260920/lawtext_v1.0_20260924/doc/DOC-004986.json,79530,b16290ea5bfc489b05889e13f51229b8d5f63fde58831693b6b37ea2a7e48069
_데모_용인시_20260920/lawtext_v1.0_20260924/doc/DOC-004988.json,17290,9a08059b374515aa87f9659a6a659692a090b37014e00c19901b27d9fd407a18
_데모_용인시_20260920/lawtext_v1.0_20260924/doc/DOC-004989.json,43685,313795e5c678f0808d2cd7971304f740c81a7eacfe51219691821373c0459879
_데모_용인시_20260920/lawtext_v1.0_20260924/doc/DOC-004990.json,35805,cee9a3b70cb4b60f58523b6c9242e0e735eb3fd01707b3375ca4f44c91a418c2
_데모_용인시_20260920/lawtext_v1.0_20260924/doc/DOC-004991.json,9938,ac27909dfb209ae818d5ab767fbd101679fae23ee24dffb616710d7fd0178c63
_데모_용인시_20260920/lawtext_v1.0_20260924/doc/DOC-004992.json,24945,9b315be35a547eb70bd7c9384368ff1a863654df5b005cb8d34872f25d5eeb21
_데모_용인시_20260920/lawtext_v1.0_20260924/doc/DOC-004994.json,57949,f3e2b59b783b793bbcabbb5994334df35e5be69225dc087d1ea05d57a5336585
_데모_용인시_20260920/lawtext_v1.0_20260924/doc/DOC-004997.json,62214,e94a2b4c6ec7087b407e76119c70a90c5c7b7ebce3c04231484430e208c12e7c
_데모_용인시_20260920/lawtext_v1.0_20260924/doc/DOC-004998.json,37302,42f38bea3d27a6403b675febff5da18df5f1496057203279a915331d20f30885
_데모_용인시_20260920/lawtext_v1.0_20260924/doc/DOC-004999.json,45052,11f1ccafa037d177cc4f1512ec8dcbb494e4dd7502e128ae4a9a787648f231b0
_데모_용인시_20260920/lawtext_v1.0_20260924/doc/DOC-005004.json,5754,b05c8a00a0b4007cb03bbb8569defab5124c02c667a5c0d3161f7ad40b1aa57b
_데모_용인시_20260920/lawtext_v1.0_20260924/doc/DOC-005009.json,95337,1373381aa0b58a133ddb2ad132310cd8fe87dafa43202538d947870c94c37fa5
_데모_용인시_20260920/lawtext_v1.0_20260924/doc/DOC-005013.json,112436,3d906fd0b2347ac0b1583323643b68d4e1d12f752bfe267e5f9bc9f3a4da5e9b
_데모_용인시_20260920/lawtext_v1.0_20260924/doc/DOC-005014.json,138617,6bc52cb4764196b13b0dd3a56c30044eb5a096635fefe3c79fd8cef9c12e5edb
_데모_용인시_20260920/lawtext_v1.0_20260924/doc/DOC-005015.json,55790,014f541fa4b02683a55b151a2513aeec3458e4722a6bd004b79c377640a428de
_데모_용인시_20260920/lawtext_v1.0_20260924/doc/DOC-005017.json,7674,c33922d2545805a87c868628117099170c227e594a09db1df583bda3b83c2051
_데모_용인시_20260920/lawtext_v1.0_20260924/doc/DOC-005019.json,244138,3e35332553719dc792d017e0dae3d04aa7ceb797875807e73df7c9914090b80b
_데모_용인시_20260920/lawtext_v1.0_20260924/doc/DOC-005020.json,106608,3ba6c6703e07c25317421eb6e3731bdc428816c6c9aff26d4b14856d87588e3b
_데모_용인시_20260920/lawtext_v1.0_20260924/doc/DOC-005021.json,147410,b22b51aaff9dca892eacef1f08c1b84ca2dfa2e51e8f33cb40f48dc92a8b5fc9
_데모_용인시_20260920/lawtext_v1.0_20260924/doc/DOC-005025.json,21343,ab4f14b0fe7c495d91d068c89f7face970e127504eb74cd2345a6d064d7a6a1d
_데모_용인시_20260920/lawtext_v1.0_20260924/doc/DOC-005027.json,30281,6f55c4063440602fa4a7e3b575773e990a5307e10b7f4cf71c1c8b50716c9da8
_데모_용인시_20260920/lawtext_v1.0_20260924/doc/DOC-005028.json,89771,8848e01cec4842fa005a70ccee0527aae23a483f19766a2a8139367f706c4d75
_데모_용인시_20260920/lawtext_v1.0_20260924/doc/DOC-005030.json,21979,00e550a144023d156dc84923299ec8e3e3f5ecca379f313c9fe8f13bc563059e
_데모_용인시_20260920/lawtext_v1.0_20260924/doc/DOC-005033.json,79565,f87acce981f05eb5f9ab2f5ba6bf541c6f2350fdbb06c6940a518482fbe2fc55
_데모_용인시_20260920/lawtext_v1.0_20260924/doc/DOC-005034.json,66009,7f3fff66843bfaf3bf262c22f82780cf3f6091d279ac85193b625502aa18fc7a
_데모_용인시_20260920/lawtext_v1.0_20260924/doc/DOC-005035.json,11439,fcd7d8d096561e1508ccd7228fef5a9a3b774f1073ac4cbad49e90c1b3c3877f
_데모_용인시_20260920/lawtext_v1.0_20260924/doc/DOC-005036.json,157137,4377074ad6db462b5057f5e2af4f1498567b3b9a5611265fcd65d2ddecafd96f
_데모_용인시_20260920/lawtext_v1.0_20260924/doc/DOC-005037.json,158334,d54319a3c2c67fac5259b2d25250101fe3f7c1333d73ada176b7e3bd1ef062ac
_데모_용인시_20260920/lawtext_v1.0_20260924/doc/DOC-005042.json,207519,ea032b621780d7df6582e6df5377cd7980be2715dc2e5ceb49753692125c669d
_데모_용인시_20260920/lawtext_v1.0_20260924/doc/DOC-005043.json,167630,8fc1ba5f9d2c82a2d22d21ecc1408ef2d5fe1f798eb4e05ddc28d41bd43185c6
_데모_용인시_20260920/lawtext_v1.0_20260924/doc/DOC-005044.json,109928,bb9ba287ad36b09dc8c883acc49805c72602094d41ae9ebbe7ece95fcebd1314
_데모_용인시_20260920/lawtext_v1.0_20260924/doc/DOC-005062.json,25130,ec10e26a7859091b5c6638d45e9eaf747fc927e341245ae2456819c3a27453a9
_데모_용인시_20260920/lawtext_v1.0_20260924/doc/DOC-005063.json,29541,8960abe4d409b4751a8bbcec3eebbf3ce7ec5d1cad579bfd7a59e2e5ea9957b1
_데모_용인시_20260920/lawtext_v1.0_20260924/doc/DOC-005069.json,104679,aa2fa48b3d378495088d5af730c569bc2c72d2db7d06dc6f3fe3d91347a7cdaf
_데모_용인시_20260920/lawtext_v1.0_20260924/doc/DOC-005071.json,51750,0c8f38e1de5814d0179b1724dd8880fba4adbba5636e3fe39ea60e446a6a7b2e
_데모_용인시_20260920/lawtext_v1.0_20260924/doc_index.csv,62191,f4d9ca9febf87a6448d678e915beacd70044a1f869e7fa476b0b35a1a868e600
_데모_용인시_20260920/lawtext_v1.0_20260924/schedule.json,965165,193c0d9852c669804c6e99043855dbb7e0b199db70e97c9d7ae6cbb6c5617f06
_데모_용인시_20260920/lawtext_v1.0_20260924/unit_doc.json,232233,bd323192d40a3379df25b50759775d918d72c8f787a58c7011dac773645027ca
_데모_용인시_20260920/mgmt_v1.0_20260920/_MANIFEST.csv,723,cfa7f5ec5096caadae9cff55177ee048deb1fdc30a47373218f65962584d2a28
_데모_용인시_20260920/mgmt_v1.0_20260920/_README.md,1416,719d3ed49ad5f888c013600542ae477fd80b3aeb9a8fbc34f749a1bc415e7a5f
_데모_용인시_20260920/mgmt_v1.0_20260920/checklist_gold.csv,91780,dda91577d0e55de5d7bc032d65e6395d1e7470b06a9222c0b10db715c8d3e15c
_데모_용인시_20260920/mgmt_v1.0_20260920/code_law_family.csv,460,2fc35e91c4149cf87b9d7172465ba1021d24d6fd307572945b55cd58f7638954
_데모_용인시_20260920/mgmt_v1.0_20260920/duty_article.csv,4233,ec25dd0fb97abbf9dd5fa05acaa3fdea160dea066a9d39b576c8612d80ddc8bc
_데모_용인시_20260920/mgmt_v1.0_20260920/law_mgmt.csv,27986,74e07b1b83ab7373e17bde6734d7fe662df487d1ad02bf9e80dcb09f51e91bb7
_데모_용인시_20260920/mgmt_v1.0_20260920/obl_category.csv,5118657,937e1cd7ab7a6f90f10030bedd135fcbe36b7c7f84a0d9e202fcf5d20dbfdfe8
_데모_용인시_20260920/mgmt_v1.0_20260920/obl_unassigned.csv,204388,b50943e87cbdde2ed46310e6bffd21356696e0a8e32467f975118f4af74539fd
_데모_용인시_20260920/mgmt_v1.1_20260920/_MANIFEST.csv,277,19711f4998bb3f7a8904a191ce0947e9c17f057f3d1f23d9fc883d4f28dc869d
_데모_용인시_20260920/mgmt_v1.1_20260920/_README.md,4422,7aa7c2198ae6ff0bc63a4f6461b5f6e8c801cb659a816bc9dbcebf31847ee28b
_데모_용인시_20260920/mgmt_v1.1_20260920/tech_obl_item.csv,663379,14d198b2ff97894e7c3e58a890cecfbb4933526a86fc04599ac8d0efd938a832
_데모_용인시_20260920/mgmt_v1.1_20260920/tech_obl_master.csv,98074,8fd04832f41eb994b43c73f5064d2c69fbfec7f3c3278f082d6d2abda5db8ef6
_데모_용인시_20260920/mgmt_v1.2_20260920/_MANIFEST.csv,115,65da08a36bd90cada9445930a43e313512af648d6565ce1fc235d44dceaeb821
_데모_용인시_20260920/mgmt_v1.2_20260920/duty_36_yongin.csv,1966738,2b7400aa238bdf7026caffb54496a4204560e79728417a13de016b358c5796b1
_데모_용인시_20260920/ops_v0.1_20260920/01_schema.sql,5891,479904621599c55bd24a55d58c32fbaa9bda5c05031827c81f6b97cc27df5ae0
_데모_용인시_20260920/ops_v0.1_20260920/02_views.sql,2671,30dc9ac0ae40aed1c052976f5dcc151a5e3765bbb9d132c3c8f99692680fd381
_데모_용인시_20260920/ops_v0.1_20260920/03_load.sql,736,7b50efb1d2ecb9396603f0370041c110b9f99798b47c3a57f8e939cc14d8c101
_데모_용인시_20260920/ops_v0.1_20260920/04_적재안내.md,4768,dfb06e18380ea598d41510644c69ffb471bfaf05fe9387b7eb5bb374b4df788c
_데모_용인시_20260920/ops_v0.1_20260920/_MANIFEST.csv,564,988ffe1c17a151129b3a286c11117e2e15feb6911ee16dd9946ee92c131dc2c0
_데모_용인시_20260920/ops_v0.1_20260920/_README.md,2336,77d29592fcbc4c028d46a643aa77551648a703b5d04feb6dfbca096ab9af0911
_데모_용인시_20260920/ops_v0.1_20260920/seed/action.csv,63,850e46d7fc75a732322e2ea60cf986a855874e6393ce0320a049aa6674d735b5
_데모_용인시_20260920/ops_v0.1_20260920/seed/asset.csv,196143,407cbedc5e32df22538829c49f785fa72f523bc6836eee5a13bcf5e69f9bc1a1
_데모_용인시_20260920/ops_v0.1_20260920/seed/asset_target_map.csv,115278,c01f5ed5c40b8a1f317adbb0a005d4bafa9642e4ebe59f7feda6451e57a2466d
_데모_용인시_20260920/ops_v0.1_20260920/seed/compliance_task.csv,203331,937294eacefda32a6ed4cdb53ec52880db7461adcf1c05ba639920c93f94a972
_데모_용인시_20260920/ops_v0.1_20260920/seed/duty_assignment.csv,652010,812bb425574c3b2c70961822a7b0ddd80675e0056138dba31e6f9e7ab5515617
_데모_용인시_20260920/ops_v0.1_20260920/seed/duty_class.csv,2905966,4c07f2e1aa0a2689a675e2a23bbec25313f85620bfdc9c174f14baed4ba61682
_데모_용인시_20260920/ops_v0.1_20260920/seed/evidence.csv,94,50ff1e1d7bf65607b584b18472ec4812701c4ec00de6537de90fee8ef16bbd50
_데모_용인시_20260920/ops_v0.1_20260920/seed/form_template.csv,18608,42b15de4ae311e9a346f47c5537fe82cef83a5cef23f0de3e459a37a4f6eea28
_데모_용인시_20260920/ops_v0.1_20260920/seed/inspection.csv,69,07e73a2c8c5845936ac66a16ec1a6efb78bdc8f9ea7746f9321afa42641cecfc
_데모_용인시_20260920/ops_v0.1_20260920/seed/notification.csv,55,b0f06a55eb142235fdf559170fbdad5225d11c49d4c415fdf9d1783b0952cd70
_데모_용인시_20260920/ops_v0.1_20260920/seed/org_dept.csv,566,a54ce341191dc3c44abf1b2e55f1d7346b09e29473ab4a055aa809b9082540c0
_데모_용인시_20260920/ops_v0.1_20260920/seed/staff.csv,2490,8a432d45a76a15e3145209060bf6f6eec19b8e9b82611088841c88c6386b538c
_데모_용인시_20260920/ops_v0.1_20260920/seed_utf8/action.csv,60,fa6609335aa2460defd4f62a4bb6075c40458e03a588e3e928efb5d05d5d67f5
_데모_용인시_20260920/ops_v0.1_20260920/seed_utf8/asset.csv,196140,ac8e3c2881af4b77b329076ba5cd8bb4d7efe780d776357490f849b4126d687c
_데모_용인시_20260920/ops_v0.1_20260920/seed_utf8/asset_target_map.csv,115275,704ddb776b3b19a5fc0be8cccde0794667f421a3af1d91a30023619d69c76048
_데모_용인시_20260920/ops_v0.1_20260920/seed_utf8/compliance_task.csv,203328,8a0c89c34539256f453fadc938114c99ab95a2a23f2821c1f60a22ac1049684b
_데모_용인시_20260920/ops_v0.1_20260920/seed_utf8/duty_assignment.csv,652007,633a117908104e17bed8d5049bddbdb1f50951d2ee4d73b5f900e1f32beeea41
_데모_용인시_20260920/ops_v0.1_20260920/seed_utf8/duty_class.csv,2905963,22ebfc39f1a1d0cf397fb037db7f09d9063e204fd60b0092e3f152d91d7274aa
_데모_용인시_20260920/ops_v0.1_20260920/seed_utf8/evidence.csv,91,476552b3a21c8616ddb65ed5affd5f10c09d9cb2b2d69f6946015f24aa6e235a
_데모_용인시_20260920/ops_v0.1_20260920/seed_utf8/form_template.csv,18605,31ee27203ba099e98a2cebde662821859f0a1149e1d09a93b2189296b045b369
_데모_용인시_20260920/ops_v0.1_20260920/seed_utf8/inspection.csv,66,2122bf8b0953c8ef3107bd8a96e06536af33a716e9f93c7cdd7972411143f863
_데모_용인시_20260920/ops_v0.1_20260920/seed_utf8/notification.csv,52,08f75196ce8abdf39d0f8703b239dd65dfc31c01cb1c5bb41ec1d9128e5c4e0e
_데모_용인시_20260920/ops_v0.1_20260920/seed_utf8/org_dept.csv,563,85a7ba35a463841c57e87662f4db94ba6814cf037939adf01819ae4621d34a75
_데모_용인시_20260920/ops_v0.1_20260920/seed_utf8/staff.csv,2487,870998462eb40467fd26b623792a89b55c8ebd9490ca5a5f7a8ef6205f10aa95
_데모_용인시_20260920/ops_v0.2_20260920/_MANIFEST.csv,499,06c098956f3dbc3ffe2a100a91e348ac18ffba618956dfb759706e5107b7082e
_데모_용인시_20260920/ops_v0.2_20260920/_README.md,2141,035e78a1a5d76f08155dbe5da0446cabeb82f440d6934d40d848f32a7620e75c
_데모_용인시_20260920/ops_v0.2_20260920/seed/ceo_activity.csv,2712,3bbd935b34d0bf56b8c444d2865041241d5c99c05ed2ce7406ef4ec3c8d38639
_데모_용인시_20260920/ops_v0.2_20260920/seed/contract.csv,5035,de3320f247d7854761e6d4f6e1c8ad0827c6d122afb8da3c6cf2e71c97e4fc4b
_데모_용인시_20260920/ops_v0.2_20260920/seed/contract_duty.csv,6258,df9341c73216b4d34279e32d53a7ee0f2abddc6f7914b62cddf3915c8d166a9d
_데모_용인시_20260920/ops_v0.2_20260920/seed/contract_hazard.csv,3960,1e01857afec3e2f3ab6098369b7af6ac66d9bb97e9b932341dff566f96972704
_데모_용인시_20260920/ops_v0.2_20260920/seed/incident.csv,626,f1c65d3d5f07ef286c82e69e1f9540693fa9708e04b84b307efe87eb6e753dc8
_데모_용인시_20260920/ops_v0.2_20260920/seed/inspection_batch.csv,675,774840c3d4e981a346a89f8ee549898a3ccdca52781c7a90b5665b57ee2edb28
_데모_용인시_20260920/ops_v0.2_20260920/seed/law_change.csv,563,218abe27b913a0a03b8542dff2e5c65081afcf708f76bc5c3e1e84782ce63cd4
_데모_용인시_20260920/ops_v0.2_20260920/seed/order_received.csv,1044,a9c6846bfe0e0435dcabc57668c5ba239c1e8e1d31faee8a19d0a92ef55e0900
_데모_용인시_20260920/ops_v0.2_20260920/seed/safety_budget.csv,5519,b7de1cf8002e7a1445cfdc2d31c4317f89925d6467df21fc28fbd137e584189a
_데모_용인시_20260920/ops_v0.2_20260920/seed/task_approval_patch.csv,258243,6063e42b7002dc34a604ff02737f738d6423fffbe654f73588665f1c56895700
_데모_용인시_20260920/ops_v0.2_20260920/seed/training_record.csv,3162,647256ddf49f510bffcc7037b1218124b9279d021ce1ccd6b5105e8e27024164
_데모_용인시_20260920/ops_v0.2_20260920/seed/worker_voice.csv,704,e330155f1be551ca4b2db1e2a4d42bdd09764e228567c3c09811c6f44ab27652
_데모_용인시_20260920/ops_v0.3_20260921/_README.md,2667,03935a716b2b5a0e97ad5cdf787fdc5137e370e0931913349e92cee5d3ce4281
_데모_용인시_20260920/ops_v0.3_20260921/seed/action.csv,3717,bd260bf00ff3fd26a5f35725e8f711a79e7cc14129ead974086a22d55e86d76a
_데모_용인시_20260920/ops_v0.3_20260921/seed/compliance_task.csv,198768,4682a69e82588d6a6a26f9d2ddb3aa2e37000495e5fb625c8410912193750f70
_데모_용인시_20260920/ops_v0.3_20260921/seed/contract.csv,7105,b119a7b52412dcddd2f706c996f7b7e49c33288d6bf3d876445b5a1b3fd1f4a4
_데모_용인시_20260920/ops_v0.3_20260921/seed/contract_duty.csv,8919,9bb83b421bb395a4479ab7d8ab9f68e31c308528a70b5163f95386143f9c27b2
_데모_용인시_20260920/ops_v0.3_20260921/seed/contract_hazard.csv,6374,f7559ba9d7ac98928c74298b4c8684cb52a8a0aa38ac479a9bac5c6a7c882a56
_데모_용인시_20260920/ops_v0.3_20260921/seed/duty_class.csv,2923860,e13a5f20e62bae66702cca862975be5e21e1591236e42a9a6cfba4cf9cba1171
_데모_용인시_20260920/ops_v0.3_20260921/seed/evidence.csv,186401,e8cb0a7eff4e51209b0de28051dd115fbb74fad7172d2b3139692bbab7188015
_데모_용인시_20260920/ops_v0.3_20260921/seed/inspection.csv,18845,b513b881162ff3e05b7d74ce0969af1b5d4b2910fe6d31fa2733220fb6572d69
_데모_용인시_20260920/ops_v0.3_20260921/seed/inspection_batch.csv,796,1ebd1e2904a85ccead464bac3512ef9782bb7c0f5a2662838a76461094c093c5
_데모_용인시_20260920/ops_v0.3_20260921/seed/notification.csv,57984,9e78e3131bf0085b0c62fe5806ce971d492bb04bd066f1efdd96462a2f293db6
_데모_용인시_20260920/ops_v0.3_20260921/seed/risk_assessment.csv,2246,5d2c008877342a4b4da326b7ac10e04eb2bda7ea7cfa3cb863131b64dada69c5
_데모_용인시_20260920/ops_v0.3_20260921/seed/risk_assessment_item.csv,5355,a9f40dbd8095187cb06410d1d469fa5ce309595842160a8aa600d63ebe96a02b
_데모_용인시_20260920/ops_v0.3_20260921/seed/staff.csv,3128,8c4586d10b6b82e851c7b8daa1fdefc4cef7f63e5c47105ff510c1f063a11352
_데모_용인시_20260920/ops_v0.3_20260921/seed/task_approval_patch.csv,260225,3f7a7b9d8e9b8effc15305f14920991b82b5a1f24b53ba8ddf927a873939bd18
_데모_용인시_20260920/ops_v0.4_20260921/_README.md,2552,0db70471bc11258666280ddad0f851e71e36ae560428bad466e3218e02d1795a
_데모_용인시_20260920/ops_v0.4_20260921/seed/contract.csv,17743,6393fe259f3b6259f8eb1a7441b72595be7de0cd7bfc349aabb45db4e2bc5f75
_데모_용인시_20260920/ops_v0.4_20260921/seed/contract_duty.csv,19937,40736b558c2474954735a4b0788f0aeff4cc1d6bef9bd465a3d25df12432bb25
_데모_용인시_20260920/ops_v0.4_20260921/seed/contract_hazard.csv,22060,36b5bec8b7eed304df2ca321d361ab0ba09d9192d56bb78de654d0f58df3e775
_데모_용인시_20260920/ops_v0.5_20260921/_README.md,1586,098d03a7019bc8e5a9c3a05e973b350b75a660bc2d7fe6ffe07e2331def2f799
_데모_용인시_20260920/ops_v0.5_20260921/forms/SCH-0000604.html,50173,91d7e760791caf8615f6cd828246bce170deff4709288da33c0b410cf0544d94
_데모_용인시_20260920/ops_v0.5_20260921/forms/SCH-0000611.html,25595,1a921ef5d37a7f27c700e3116afc81873df78e6610bb74a2136b6a43b14a959d
_데모_용인시_20260920/ops_v0.5_20260921/forms/SCH-0000620.html,1975,8db3576f124882b96cd78a99f1fa3120e825d9ff27abcf4203fa3841d455f9ef
_데모_용인시_20260920/ops_v0.5_20260921/forms/SCH-0000621.html,2278,d1c7332d0e4827d1329be8175a9d3b5a884ba257e0a548433d8b24bd302e8c63
_데모_용인시_20260920/ops_v0.5_20260921/forms/SCH-0000653.html,4258,91cfaf9a1a3641150d75b74f4d44435c525cec0d06c60920802f9fcfcf7af8a9
_데모_용인시_20260920/ops_v0.5_20260921/forms/SCH-0000654.html,5571,3b9558a78cecab09d714c2e290afd1d03af4dd054912f9b8fcdb0f88c2f68299
_데모_용인시_20260920/ops_v0.5_20260921/forms/SCH-0000655.html,3001,bbf68cf82269a2ed1726459c7c1f396248a4b9e72130cfab1596d71072f4e37d
_데모_용인시_20260920/ops_v0.5_20260921/forms/SCH-0000656.html,3276,d21edac85e8f4cfa0e25e8d98194200e4741a2f129675a41d1bc39c96859042b
_데모_용인시_20260920/ops_v0.5_20260921/forms/SCH-0000657.html,5488,241d570f80216304be9c6c0df456a82f504eefa52dd9fea8cab4e21acb47968d
_데모_용인시_20260920/ops_v0.5_20260921/forms/SCH-0000666.html,5997,bb9f4a81b7bc122cfa1dfa2e0fa198c25af041d2b9d118526936a3cbab8a2f62
_데모_용인시_20260920/ops_v0.5_20260921/forms/SCH-0000667.html,4489,01fcbc2cff86bc8986afce750e96b3e7a06270ad694ee5c011053a3b85fe7bb6
_데모_용인시_20260920/ops_v0.5_20260921/forms/SCH-0000927.html,1040,b1d9ad9572f08ff52b9b048dd1fab42f2fa9a6c4c66f590aa2bf76a2289082ea
_데모_용인시_20260920/ops_v0.5_20260921/forms/SCH-0000928.html,9964,81090415ee73198c3447ce4adfd744dfebd32ddbb5467c5459ca6acf1cb0d884
_데모_용인시_20260920/ops_v0.5_20260921/forms/SCH-0000929.html,1228,723f3c3ca311d330a2ecb58175445a0a35efdd59d337fc9f4a91e7452199c6e9
_데모_용인시_20260920/ops_v0.5_20260921/forms/SCH-0000930.html,6918,47d02bd9d9de6655acccdee3d005713edc26b2cf8c9c6037b1f9c7a70e109987
_데모_용인시_20260920/ops_v0.5_20260921/forms/SCH-0000931.html,1094,281d4f8d737d580971bd0586885cd7fa6cb4cc40e24066c9f5860010e95ebe9c
_데모_용인시_20260920/ops_v0.5_20260921/forms/SCH-0000932.html,2471,98736960114d424f5c2df8b6402ab60ea718d1689f770fee66cd264188886a68
_데모_용인시_20260920/ops_v0.5_20260921/forms/SCH-0000933.html,1350,430d6d41794089ea9c99be034e237b6006ed091c73a38705fcab806668b99975
_데모_용인시_20260920/ops_v0.5_20260921/forms/SCH-0000934.html,4918,ce447d85412a981c023537dbf49a55bc7cc85c38fa9ca810e3cd9b47bdd7bce2
_데모_용인시_20260920/ops_v0.5_20260921/forms/SCH-0000941.html,1254,4f68340bd2614184bdae5f8139fbe2040bba9f880604fbb4100282745d658ed4
_데모_용인시_20260920/ops_v0.5_20260921/forms/SCH-0000942.html,2410,9cbfbd394f88a081f5e3d0d053bb6122b0affee0747b69ccb692e7494e1d394e
_데모_용인시_20260920/ops_v0.5_20260921/forms/SCH-0000944.html,2461,856fa851d0bf21d8988ca165e017149a0982195a54aa0ca27677fe101a43170c
_데모_용인시_20260920/ops_v0.5_20260921/forms/SCH-0000950.html,1488,968e839146b8a37ccfc58151eef567f4b3a80120af8000d00eecdecc19bc2d18
_데모_용인시_20260920/ops_v0.5_20260921/forms/SCH-0000951.html,1095,6453577ad875878614ee041aaaca647af180b8c82d166cc7213e9b98afd81828
_데모_용인시_20260920/ops_v0.5_20260921/forms/SCH-0000952.html,1619,6f86ccfcceaa78907fa13e85d6af91e884ba9c1d99da4d0683be2b842642504c
_데모_용인시_20260920/ops_v0.5_20260921/forms/SCH-0000953.html,1877,5f26f9041d62d03b4c123b5a930daa637f593e95b1977802adb347b6316abd1f
_데모_용인시_20260920/ops_v0.5_20260921/forms/SCH-0000954.html,1373,ce67b3457929b16ee53d9da388d80a9143c42cb6b95c2227347d63fb46caaee6
_데모_용인시_20260920/ops_v0.5_20260921/forms/SCH-0000956.html,563,7143fa4d817b5620890b559ff837aafa3988b984186597c095f98f7447082aa6
_데모_용인시_20260920/ops_v0.5_20260921/forms/SCH-0000957.html,4356,c549face6f1cd721a1c2df6c96966b0c7fba69206817ebf95bba7ab4fc43c569
_데모_용인시_20260920/ops_v0.5_20260921/forms/SCH-0000958.html,1579,f5fbfab6a513e8d0746d59e4b1a13aa8c3146f28bd633792ae70c3d6f66455e1
_데모_용인시_20260920/ops_v0.5_20260921/forms/SCH-0000959.html,7368,ba3688246bf7ec2c4b9d23b6a0bb9d59a954575e318f7c3ad8d31b8162d8e89f
_데모_용인시_20260920/ops_v0.5_20260921/forms/SCH-0000960.html,1233,bd291a9a0d562b51d38ac4e3fe1d2f3d40d6982b824817cc0c443dc628633456
_데모_용인시_20260920/ops_v0.5_20260921/forms/SCH-0000981.html,18420,c554469f488f2ec816f64e9e9b0176316fd197e66ad945cfcbe2440f0e034e8b
_데모_용인시_20260920/ops_v0.5_20260921/forms/SCH-0001932.html,6219,869f2f053eadbecfef5047262f0fc31210e38645ca9dbd7088d8ab8d0349ea5e
_데모_용인시_20260920/ops_v0.5_20260921/forms/SCH-0001933.html,2321,5e5c0e6a121d7330120c9c0e7bd7279d7f41cd837a9342251e4fb02c817f969a
_데모_용인시_20260920/ops_v0.5_20260921/forms/SCH-0001935.html,1880,f841e992a6f5a335d67bd11a3a9dfcf7a8e4dddb7793d60ce397d2e892e1b5ff
_데모_용인시_20260920/ops_v0.5_20260921/forms/SCH-0001936.html,4710,71636d14cd3c4e25da4cc9fa169ad91e6ec61db128c81da483e1e2030e58bf8b
_데모_용인시_20260920/ops_v0.5_20260921/forms/SCH-0001938.html,5201,fee671a3e29610e9401c250c0d1013eaddfbb61f46314f3900e6fc5214424442
_데모_용인시_20260920/ops_v0.5_20260921/forms/SCH-0004105.html,2747,a44b6d4544aa1e78f2e03ffc567b84a900deccc8b433111511202f9e0e2bc0c3
_데모_용인시_20260920/ops_v0.5_20260921/forms/SCH-0005298.html,12330,28f2c3e213f71dd492e67013a91fada58d3cc8e489a4d563d587f1610f14a82a
_데모_용인시_20260920/ops_v0.5_20260921/forms/SCH-0005304.html,4792,60680e164a0169d38739ec4aabbee9b15423ebf5bd9f30e0975a530a3282ab9b
_데모_용인시_20260920/ops_v0.5_20260921/forms/SCH-0005305.html,2522,3a6abf05c79e1f0ae11d48feec89267bfb12511fe09b426bb0c52331a0227fdb
_데모_용인시_20260920/ops_v0.5_20260921/forms/SCH-0005306.html,625,62375fccc10ad0397b9b7dc8acb97716305f4693c62ad77665df98a6f6474a36
_데모_용인시_20260920/ops_v0.5_20260921/forms/SCH-0005307.html,5817,4aa6d7992cd9155bdab394b03f9f215f4ecdca4d2bfca07185837c9a61346947
_데모_용인시_20260920/ops_v0.5_20260921/forms/SCH-0005313.html,1536,b04f9ddff0f6b3ae48890ecdeffeba7cdadf2bb0d350e527ba2182ae3136d2ea
_데모_용인시_20260920/ops_v0.5_20260921/forms/SCH-0005320.html,1416,e8e003fa8250d39fdf8a0f8df3f6b2e150c2973e158b14498e2a74923e5a10fc
_데모_용인시_20260920/ops_v0.5_20260921/forms/SCH-0005324.html,11056,d6dd2b361c9be76b0e70e49ee7933edaa7808519e30efe310a3befa494488cec
_데모_용인시_20260920/ops_v0.5_20260921/forms/SCH-0005331.html,10969,653c11826384593a34b7ee71d83110ebcb0e9d466e9292144aea7793c2a39a6d
_데모_용인시_20260920/ops_v0.5_20260921/forms/SCH-0005336.html,5539,a7ce3ba65b84fdce9a1aad7fba15d8e6b67e9229589aaf7106cba809a2e42569
_데모_용인시_20260920/ops_v0.5_20260921/forms/SCH-0005337.html,2710,fad76323218da3a92e38b73a0ecdd83a1cb7133415df1f5deecc87c2bae77494
_데모_용인시_20260920/ops_v0.5_20260921/forms/SCH-0005339.html,2610,efd879b68e31a59f31db304de63aae144eef561e9db975942493d8b3fc69b0f4
_데모_용인시_20260920/ops_v0.5_20260921/forms/SCH-0005340.html,1525,3d3301e96e4f01ee90e4ace8db2ae6a5fbe30b1611a09cdb419ef83a0d7f3c13
_데모_용인시_20260920/ops_v0.5_20260921/forms/SCH-0005347.html,5185,4dadebed30e536e8d2d06ef4508dbf5db28f42bc8840efdaf4da57b439b48cf1
_데모_용인시_20260920/ops_v0.5_20260921/forms/SCH-0005348.html,4541,7759a3b2fc2ce8aeade477364c539a023e193c9214a94a49c69b976f095e973d
_데모_용인시_20260920/ops_v0.5_20260921/forms/SCH-0005500.html,4065,6e019f86a2b6a9f041db0803d9809400907ca0d25506168c07b6d5449895b5bd
_데모_용인시_20260920/ops_v0.5_20260921/forms/SCH-0005505.html,10415,5584ee60fbbe75081d618272668253b7b48630d7c4eff4c65cd0c65c386babaf
_데모_용인시_20260920/ops_v0.5_20260921/forms/SCH-0005506.html,858,4ae63d8377c57afdc7b7e57a00c7258486e00e4c449f332ed093e7bb531c272a
_데모_용인시_20260920/ops_v0.5_20260921/forms/SCH-0005507.html,1037,7a8b825f4df0c302cd907f3a9393e916b4b96c4bda5d6ae5684a8820b85ed7ea
_데모_용인시_20260920/ops_v0.5_20260921/forms/SCH-0005508.html,22977,131f17f6880e07a103ab05ad0132bc67c04f16fd3f290661b6a620e733c2cc7b
_데모_용인시_20260920/ops_v0.5_20260921/forms/SCH-0005510.html,16512,c03ee88dec822e951aeb4c2d278538e33c1a4b500899892ca65c0c3ea7725de5
_데모_용인시_20260920/ops_v0.5_20260921/forms/SCH-0005522.html,1573,8f72c02b5988b03919d6e255434d56380360b1f0276cb7432bb5fda6b156a60f
_데모_용인시_20260920/ops_v0.5_20260921/forms/SCH-0005524.html,4727,5ee4683d7afdda2a5f3e979e63816f1a5ea683f436c6c865643dc6023aa33d8b
_데모_용인시_20260920/ops_v0.5_20260921/forms/SCH-0007028.html,1386,b8dc359cebdb615aa24ce7910ada72d37332d33decb6603aad380bef41d0e0ae
_데모_용인시_20260920/ops_v0.5_20260921/forms/SCH-0008817.html,5721,8e5275e65f0ecb6e3998b7ab5ac6e7b2ea7be716c2de4a079373c1470825dd26
_데모_용인시_20260920/ops_v0.5_20260921/forms/SCH-0008818.html,1857,27aab7826001573b57f17b49272c3f00882e9c85b3e67a595ef59c87b4bd8fe5
_데모_용인시_20260920/ops_v0.5_20260921/forms/SCH-0008820.html,814,abe886ad025e64b21853973c5f764c88a296b171660cb06442fe597b537c0360
_데모_용인시_20260920/ops_v0.5_20260921/forms/SCH-0008837.html,2542,e9c16ccd27b8fe0c699bc63307b1a931f9257efa345b1c52db185c2d12e4d260
_데모_용인시_20260920/ops_v0.5_20260921/forms/SCH-0008838.html,3849,a5be16ccda92bc1944a0fe021089bf847a438437daf199346aaa5924e7c35b65
_데모_용인시_20260920/ops_v0.5_20260921/forms/SCH-0008841.html,3865,aaae352d8bd0d45a041d84da6a9a1b3e3dac2c310cfa9cd7108e0ae3b05265ed
_데모_용인시_20260920/ops_v0.5_20260921/forms/SCH-0008842.html,2438,e5b9255c281ebac4168bcc5274c55d346b6a608fb99094d434a864b6f8cd1fae
_데모_용인시_20260920/ops_v0.5_20260921/forms/SCH-0008843.html,7129,9809174c7720e9fa9e0c9f2e69e4a4da1c6250405ca134356a69c477be8b7694
_데모_용인시_20260920/ops_v0.5_20260921/forms/SCH-0008844.html,7072,39889562b738bfcabfe70659caf0381e669c0d6ccb931f82763b2cb73509b355
_데모_용인시_20260920/ops_v0.5_20260921/forms/SCH-0009022.html,2472,d0440be6960b05092934bd799e752bfb3edf96a5f92a622a3b8200c99cf4d710
_데모_용인시_20260920/ops_v0.5_20260921/forms/SCH-0009025.html,4607,d74eb53d84da2f95dbfbc37955306e8633559f45ed3ec4a853907c7400c250a1
_데모_용인시_20260920/ops_v0.5_20260921/forms/SCH-0009032.html,11197,295f7e8a1f6a84aeace0e295421df32ee82e325596bfd31037727ec7b14b100d
_데모_용인시_20260920/ops_v0.5_20260921/forms/SCH-0009033.html,4052,bb3db8a297fa967608cf037d2cd2ef50dacdf96bd4f4c1dc369ff89c5dfb4337
_데모_용인시_20260920/ops_v0.5_20260921/forms/SCH-0009034.html,1065,3c7aa1177688c550754364714be688f64b9e129721259d67457511aceb457c88
_데모_용인시_20260920/ops_v0.5_20260921/forms/SCH-0009039.html,1690,1da403c408384f952710d5f3fdb327aeba9afb24a4160758c6426d658a7cddde
_데모_용인시_20260920/ops_v0.5_20260921/forms/SCH-0009040.html,4106,51894eac73a0ef2ebe581e2f8fa03e7bb0bf882f635300b962bbe7c880837308
_데모_용인시_20260920/ops_v0.5_20260921/forms/SCH-0009041.html,2571,b8a9a2b918f1ee181d160cf3cc9abac9c6b847b8f258e6d8bf2e8e20d03fbee6
_데모_용인시_20260920/ops_v0.5_20260921/forms/SCH-0009042.html,3718,00d8ead07e944c6b1e90b33a8bc7dcbda1079b7f0d3496849c8b5126d4ac391c
_데모_용인시_20260920/ops_v0.5_20260921/forms/SCH-0009043.html,7831,f0ef4133261e2d700189f1f29a4185723c8ef2370339afe9c76670ceacb80499
_데모_용인시_20260920/ops_v0.5_20260921/forms/SCH-0009044.html,4432,5cfe0dccd46107dfa9ca5592528b9d7b8cfbfab58af1941014a503b2a82832d4
_데모_용인시_20260920/ops_v0.5_20260921/forms/SCH-0009047.html,4207,bbce04633785434977bbf6ca2956cdf7d99f9de0792a21a970395b1f11627e81
_데모_용인시_20260920/ops_v0.5_20260921/forms/SCH-0009064.html,1578,eef25da18ff811cd68da860efd80200f4fe8c941e082b45b3e624e93cf4d5521
_데모_용인시_20260920/ops_v0.5_20260921/forms/SCH-0009065.html,2794,c8eb624faa16c761353b02b3a085620ecfc48214fdffc56094894e1b0a46a209
_데모_용인시_20260920/ops_v0.5_20260921/forms/SCH-0009067.html,2735,3360f349f0067f8e5465170d08ef8f481aeb97da0f333753c4406a0f0a2b0ae2
_데모_용인시_20260920/ops_v0.5_20260921/forms/SCH-0009068.html,2866,2960c2881975dbb5653dd77712a56d2499b5d5ae6c2481ba9f79c0c308ba0403
_데모_용인시_20260920/ops_v0.5_20260921/forms/SCH-0009072.html,3239,310d7d2a1da59d461b97f09cf21dac31959cb5fc55b58c832fa5ec3799794526
_데모_용인시_20260920/ops_v0.5_20260921/forms/SCH-0009077.html,933,28cf53617242ea7c3865d7597ca90c96f60957d07e457ad8e25028ad37ce81c0
_데모_용인시_20260920/ops_v0.5_20260921/forms/SCH-0009079.html,2174,695188d94989bb34304b31cf783e62b49beb2c3b15a63d1855575bf58d546c4a
_데모_용인시_20260920/ops_v0.5_20260921/forms/SCH-0009080.html,4867,31cea337f2997c2991fda2a0769d332870a021561d25d99b9f7002bfc709a8d7
_데모_용인시_20260920/ops_v0.5_20260921/forms/SCH-0009087.html,39310,65066136232f728cb8167a7bc62c278f884a89cd9419166b595a21e3c1620399
_데모_용인시_20260920/ops_v0.5_20260921/forms/SCH-0009088.html,12814,b7313e65c7c4fd02c03ef36599fdadc651cf6d5fa1c384d888ba88ff5724c015
_데모_용인시_20260920/ops_v0.5_20260921/forms/SCH-0009089.html,1474,f343c759197aa869e3bca2b96232fa4715c86f218d0031e2361ffb9f79fc974a
_데모_용인시_20260920/ops_v0.5_20260921/forms/SCH-0009090.html,11362,2607d9857bec8e4d88c0a54c7033d6ef0a395ac54173d9109dcf8f4e6d2e8f0b
_데모_용인시_20260920/ops_v0.5_20260921/forms/SCH-0009092.html,4090,937363622a8fddd11a3d695d9c0f56528b046e98d66124b6aa9bfef32e2ea32c
_데모_용인시_20260920/ops_v0.5_20260921/forms/SCH-0009093.html,1824,096598bc8fb9d38e80fc850ef5d12a0d812af5b58417591b6157b2cac1fd589e
_데모_용인시_20260920/ops_v0.5_20260921/forms/SCH-0009097.html,4924,0ad648f59d8d5013c556bc56cafddd34b85b66f97d90ca030840b5d02d3d5358
_데모_용인시_20260920/ops_v0.5_20260921/forms/SCH-0009106.html,2090,81033cd9fec9c921b8c7ca93e876ddb897e15b591730db843fa95da13b742169
_데모_용인시_20260920/ops_v0.5_20260921/forms/SCH-0009112.html,7441,82197b9c21516958b1093d8c7534bbab6c2dc7884b8a391f1beadbc7eaae6124
_데모_용인시_20260920/ops_v0.5_20260921/forms/SCH-0009131.html,3250,16ef399c821bbf4b8d5b9ac2fa00f9e363c773c7f2c0fcf4534453cbbd260633
_데모_용인시_20260920/ops_v0.5_20260921/forms/SCH-0009134.html,2486,645ace81384873cccb3c7f8af3127a5446e40f643f954d777bc843ca3b7e45f5
_데모_용인시_20260920/ops_v0.5_20260921/forms/SCH-0009135.html,3148,2297541ded129e058e35a6c25d386cc7a4c23c764d6008bde01ec55e51645e01
_데모_용인시_20260920/ops_v0.5_20260921/forms/SCH-0009156.html,6468,8ca777c60a1071d4366f0caa7e1628358cc18184e5b1ab99e91b8787237e9f7d
_데모_용인시_20260920/ops_v0.5_20260921/forms/SCH-0009301.html,17044,554a38b5ce913b7a537193684acb961f3026b11e04a74b59cb1dc45a97481338
_데모_용인시_20260920/ops_v0.5_20260921/forms/SCH-0009319.html,5168,a5ed640c1f01b50c746d28df9b331371f7a6677c1589cf01ffab2048738b5917
_데모_용인시_20260920/ops_v0.5_20260921/forms/SCH-0009329.html,5442,a8c3e75e297d7e78f85b66e296adf5b59be06b88c25292037dc5e35afb01ef92
_데모_용인시_20260920/ops_v0.5_20260921/forms/SCH-0009330.html,2533,e655e7ad435be1001a15f13fe9620e7bfa8b6eebe3852b8c799b2903067e3aeb
_데모_용인시_20260920/ops_v0.5_20260921/forms/SCH-0009331.html,3498,59c94d4bf9134491e9ab63b130c677603de71b439f2b6fddf4de16900bb886a1
_데모_용인시_20260920/ops_v0.5_20260921/forms/SCH-0009332.html,9435,72734dfc50822492c51ea46d7b5cd53b1c723307ae7fc32309cec9cb6535fea5
_데모_용인시_20260920/ops_v0.5_20260921/forms/SCH-0009333.html,10676,2c3d38a29015ca9209b0a460e0e7a9529d2f09ea8c0e42c1fb7fa2e65ef5ad26
_데모_용인시_20260920/ops_v0.5_20260921/forms/SCH-0009789.html,4950,e2de3ce47beedffca234497f6e8130be454436334e03c1e8ad3d2e17d312f48f
_데모_용인시_20260920/ops_v0.5_20260921/forms/SCH-0009792.html,1505,b70fb8fca95b693a6161a34085a8c9f5fca5a4f8e44128241131a8778599cdac
_데모_용인시_20260920/ops_v0.5_20260921/forms/SCH-0009840.html,9260,ad47a0365a2dac32432557855e175bb93ceba7f63db9894ced206703063f170e
_데모_용인시_20260920/ops_v0.5_20260921/forms/SCH-0009846.html,26329,ae065a7f44e79e28885b02e1ba50d106c8ee2a0750cc0a67fb1f8784c11ba9c8
_데모_용인시_20260920/ops_v0.5_20260921/forms/SCH-0009847.html,1594,b507909f6a69ebe0cd1a87992504960698c7cd1f3ea8f63f55d1f2b32dd742f1
_데모_용인시_20260920/ops_v0.5_20260921/forms/SCH-0009848.html,4065,e48caac66ba1ec800d8b55c6a0bfee783dce808002238759e71c249bcef9421d
_데모_용인시_20260920/ops_v0.5_20260921/forms/SCH-0009849.html,1630,20ed49f5ea7058dba87a3ced87f9f92d400647470826179be29d85e1cbafd427
_데모_용인시_20260920/ops_v0.5_20260921/forms/SCH-0009850.html,4128,81235cd0783e46c80b65edabe2d33cbc6b68c8baa6e96e459004a986fe451a9f
_데모_용인시_20260920/ops_v0.5_20260921/forms/SCH-0009853.html,4271,3835b43c6587b455f4b4d2bc09c08986c06a21b289d1d9d8a6eca0399346a7bc
_데모_용인시_20260920/ops_v0.5_20260921/forms/SCH-0009854.html,16256,6c33f4f657aa2bd8867e2f981b9d44e8adb9ead8d6f40359c3364ec81011fff3
_데모_용인시_20260920/ops_v0.5_20260921/forms/SCH-0009855.html,4483,5851901c680f423771a0a66809731f3cc5ee59e1659915d0394aace3c5f10602
_데모_용인시_20260920/ops_v0.5_20260921/forms/SCH-0009856.html,5163,bb4bc6cca492fc0b253e9956965ab01738c45ca16e5bbc46453bf523f2d57bfa
_데모_용인시_20260920/ops_v0.5_20260921/forms/SCH-0009857.html,5031,b5897bba776035723e32df83e490dfdf06622e66d0be67b0e3fb79255ce71ab9
_데모_용인시_20260920/ops_v0.5_20260921/forms/SCH-0012303.html,76591,f718639ba97f0dd68eb8da130ff95727a1fd318f7685423cd77aa9089df71188
_데모_용인시_20260920/ops_v0.5_20260921/forms/SCH-0012320.html,10497,4c62859d11d53c830e039fe3c1183f3b7262e446bab35dfa1549d1cbf7dbdb2c
_데모_용인시_20260920/ops_v0.5_20260921/forms/SCH-0012321.html,8243,2766cbc5f76b680b81236fe8e900ca8e53d4820d870e8f97b9e8a3831ef2778a
_데모_용인시_20260920/ops_v0.5_20260921/forms/SCH-0012322.html,2455,120c8adeffe17658cf58046c8bf75518ebc56576a2ba26b2ea35a5b81a652506
_데모_용인시_20260920/ops_v0.5_20260921/forms/SCH-0012323.html,17061,4d876a992274d0bc552bae6ea9e19777005b3616ad3d8fa5a9fde99782dd2c1d
_데모_용인시_20260920/ops_v0.5_20260921/forms/SCH-0012324.html,31344,b8e6c46addd44edd003008039128ba892c6cf6ee5de0085826e1e29d7a6ec2f9
_데모_용인시_20260920/ops_v0.5_20260921/forms/_index.json,24479,3d227ce6c90d9a5e58f20063c390bc4e867c72cb923bdf896f15fdde1730dd9d
_데모_용인시_20260920/ops_v0.5_20260921/seed/contract.csv,34387,8f3d4dd32839863504545498410f38a888c2adb77fccab2126fdf9fe10737ad6
_데모_용인시_20260920/ops_v0.5_20260921/seed/contract_compliance.csv,42198,91785cd918e4f7e959219ed01d28d4dbbbf633b552bc8a32608c606935302032
_데모_용인시_20260920/ops_v0.5_20260921/seed/contract_hazard_map.csv,24628,66e9415213aadcd360423b5c0d74114d75f5f90c5dfab5b09f468767761d6506
_데모_용인시_20260920/ops_v0.5_20260921/seed/contract_mgmt_item.csv,1489,92895b56bfa5c22d511e4b04df5b0f0df00eb1f0354f6d2e23413beea8bd63c3
_데모_용인시_20260920/ops_v0.5_20260921/seed/hazard_code.csv,1274,41b72241263e1460837deeaa0b6d163f615505caf0175d41e18f77d27361155b
_데모_용인시_20260920/ops_v0.5_20260921/seed/safety_manual.csv,885,44d9e68bd089d6a9cc48d3ad776fe07691d1ec4bc8758a0d7362d99f53fe34e7
_데모_용인시_20260920/ops_v0.5_20260921/seed/safety_org_role.csv,7876,30634ec548648a8e8fe0e9ce9c7681e3f7013a3694f5c2e2c362a4976c460d09
_데모_용인시_20260920/ops_v0.5_20260921/seed/safety_policy.csv,997,9d94a71b357b0b786fea68e0089e62af4f40547bc0f111ca9eb8bb90849c16bf
_데모_용인시_20260920/ops_v0.6_20260921/_README.md,5003,dc4459de3c9fbd33cbfe02aa3c7f67cd8e1d6e55486fb00fd84403d9cbbf5def
_데모_용인시_20260920/ops_v0.6_20260921/seed/annual_schedule.csv,3506,ed838128d68c780bda1fbf2eba69fccc0fd70221ad9cd62161bbaacbabe9c39e
_데모_용인시_20260920/ops_v0.6_20260921/seed/civil_manual.csv,14008,ea2639033664256ddc96d62cc2336a3d5a308b54a7d808db7aacd26ccd30e087
_데모_용인시_20260920/ops_v0.6_20260921/seed/civil_safety_plan.csv,354275,1de0fc57f9affaa9b3ce3d256b1dabd06373bae942c3c0c9ba417a4c65a75ee7
_데모_용인시_20260920/ops_v0.6_20260921/seed/drill_eval.csv,2102,8c32cd3b4211bf4b57b2358842577f62b873321b5878ac73991b97c11cfc7ff0
_데모_용인시_20260920/ops_v0.6_20260921/seed/drill_plan.csv,9172,d99fd488c71a1c1a45f85327f98736f4760b90df529ecf6bb5064267c877dc79
_데모_용인시_20260920/ops_v0.6_20260921/seed/hazard_report.csv,21342,c709e433d0dbdc144955b0e253f465bc420f01182052a48a90ae5f0e1d89601b
_데모_용인시_20260920/ops_v0.6_20260921/seed/hazard_step.csv,15995,89d9ee0ea8c8dcb3f38df47cdb1fd3393e384fd78884c39b03d26c090557f46f
_데모_용인시_20260920/ops_v0.6_20260921/seed/incident.csv,6948,a020650c195e6466c78ea622086254c1c4606e319866147ae7b2f1378843b450
_데모_용인시_20260920/ops_v0.6_20260921/seed/incident_nil_check.csv,1686,9b7bb21533718925c736254c1e9fbd80c3167b4f9dee5a9ffbc0be6a8db33b34
_데모_용인시_20260920/ops_v0.6_20260921/seed/order_received.csv,8377,a4d75804fefdfb6b3b557f32124b2af34e79c9796431287372e21b86e69c3bee
_데모_용인시_20260920/ops_v0.6_20260921/seed/safety_budget.csv,11846,d86905c155407ab3b2b10037725a90ef0a8f1a082e092ec729104042e7481b89
_데모_용인시_20260920/ops_v0.6_20260921/seed/training_course.csv,4027,adb450041a7e729cdcc6db750fd369ca1302269703aa41a711541ab7df2ec44d
_데모_용인시_20260920/ops_v0.6_20260921/seed/training_record.csv,16969,47ec9e1f1baeaf1f0cc160b6cd9eac0df0b6ed0b5ee105230b28b8846eebad62
_데모_용인시_20260920/ops_v0.7_20260921/_README.md,4568,acd07449a16ddbea2b669a3f24d4bb510fc9bcd5ea49d200952e68ed1319dd4b
_데모_용인시_20260920/ops_v0.7_20260921/seed/contract.csv,60499,738e6875772ccf4741fb76e1d028d3b981c1b90516bcc7c3042767ee85d0cd5e
_데모_용인시_20260920/ops_v0.7_20260921/seed/contract_eval_item.csv,2522,e2514c6c9e7ec5ea784e3975cccede99f58fc97bd00657bc4574a1bda060150e
_데모_용인시_20260920/ops_v0.7_20260921/seed/eval_criteria.csv,4167,7a20521f16afdad0134c915654f3330425ec3b966356c6602c0fd60ebad803c1
_데모_용인시_20260920/ops_v0.7_20260921/seed/order_received.csv,9337,37c0d19caf5ecb46da5ecf79085c9edad3701780ddd9ee5c7fea4b2713212792
_데모_용인시_20260920/ops_v0.7_20260921/seed/system_record.csv,5531,8e0e4a1befa11c55176d98dc790f663ed97b83ea766c1d57bf7e2633fcf96089
_데모_용인시_20260920/ops_v0.7_20260921/seed/training_course.csv,5100,c1356f0aebb4191705ff79f3cb02b3d1fcfb3af1353b7d961f8bc809bc2e36b8
_데모_용인시_20260920/ops_v0.7_20260921/seed/worker_voice.csv,2419,72899dbc8908c94a2fb73084683245fcc6d9b44293b91752da4825a5ae9ed755
_데모_용인시_20260920/ops_v0.8_20260922/_README.md,979,08a917fe08380ebedcb60a3dcd446d685e51bd839f3dbeb4167a83cef80409ec
_데모_용인시_20260920/ops_v0.8_20260922/seed/incident_report.csv,3362,8812cd84b3fadd815014f0e16db4c55fd93a824a428154e2150f742f6edc3246
_데모_용인시_20260920/ops_v0.8_20260922/seed/incident_response.csv,5079,1bceb334f8bd0a3cddc71d0e94b9787cbad9b34580b5aabe2b4a5f5cdeb8a33e
_데모_용인시_20260920/ops_v0.8_20260922/seed/material_item.csv,3458,42231f12a6f0ee91cde16f2ee2776d91f85db2b2bbbf5c3f699e84fe8bc224d4
_데모_용인시_20260920/ops_v0.9_20260923/_README.md,1619,7397a81f6b9ab8ded2238f8a9cf09dd85555d96c12fbb304d12a51dafcdc2a36
_데모_용인시_20260920/ops_v0.9_20260923/forms/SCH-0000604.html,11854,dc2186608b6f040945c5cce028d5a77f36572b8899a21f597f134c4603a1e343
_데모_용인시_20260920/ops_v0.9_20260923/forms/SCH-0000611.html,18006,46ce3c96fd0d977d6785e764318df03887fed548d126ede6396b86c9892a3df8
_데모_용인시_20260920/ops_v0.9_20260923/forms/SCH-0000620.html,1975,8db3576f124882b96cd78a99f1fa3120e825d9ff27abcf4203fa3841d455f9ef
_데모_용인시_20260920/ops_v0.9_20260923/forms/SCH-0000621.html,2265,dfbe23dfedbbdd8c8bd9e6bc85687c4604f45d1540d9289d0bf0b035cbcf4de7
_데모_용인시_20260920/ops_v0.9_20260923/forms/SCH-0000653.html,4258,91cfaf9a1a3641150d75b74f4d44435c525cec0d06c60920802f9fcfcf7af8a9
_데모_용인시_20260920/ops_v0.9_20260923/forms/SCH-0000654.html,5571,3b9558a78cecab09d714c2e290afd1d03af4dd054912f9b8fcdb0f88c2f68299
_데모_용인시_20260920/ops_v0.9_20260923/forms/SCH-0000655.html,3001,bbf68cf82269a2ed1726459c7c1f396248a4b9e72130cfab1596d71072f4e37d
_데모_용인시_20260920/ops_v0.9_20260923/forms/SCH-0000656.html,3276,d21edac85e8f4cfa0e25e8d98194200e4741a2f129675a41d1bc39c96859042b
_데모_용인시_20260920/ops_v0.9_20260923/forms/SCH-0000657.html,5488,241d570f80216304be9c6c0df456a82f504eefa52dd9fea8cab4e21acb47968d
_데모_용인시_20260920/ops_v0.9_20260923/forms/SCH-0000666.html,5997,bb9f4a81b7bc122cfa1dfa2e0fa198c25af041d2b9d118526936a3cbab8a2f62
_데모_용인시_20260920/ops_v0.9_20260923/forms/SCH-0000667.html,4489,01fcbc2cff86bc8986afce750e96b3e7a06270ad694ee5c011053a3b85fe7bb6
_데모_용인시_20260920/ops_v0.9_20260923/forms/SCH-0000927.html,1018,e3312171724b6b76cd7767d323cb953b8ae7b7977c760af7eb55bd32c414ec7d
_데모_용인시_20260920/ops_v0.9_20260923/forms/SCH-0000928.html,8603,b59e12f79c5073a88ebf1147c9168267442149a399c7b2062bf4eab2dc90e6b9
_데모_용인시_20260920/ops_v0.9_20260923/forms/SCH-0000929.html,1214,e192ee46a6cf2aaa33e2d2ff6d13e2fa2e659f07a58744cd0d41aa1db985ac20
_데모_용인시_20260920/ops_v0.9_20260923/forms/SCH-0000930.html,6779,62283fe1cbf8ebd70d0bce43cf6dec4bea97b6dc79c1281861e61d05770a5d9d
_데모_용인시_20260920/ops_v0.9_20260923/forms/SCH-0000931.html,1094,281d4f8d737d580971bd0586885cd7fa6cb4cc40e24066c9f5860010e95ebe9c
_데모_용인시_20260920/ops_v0.9_20260923/forms/SCH-0000932.html,2453,5b29a5c934c324dfaf13958f4bf326c870c6517b2f0136399f52f70ab9253ce2
_데모_용인시_20260920/ops_v0.9_20260923/forms/SCH-0000933.html,1325,62e5bb414949cbb149e6c2511636428f1c17b7b1cc8c453d35b4ae247ad630d2
_데모_용인시_20260920/ops_v0.9_20260923/forms/SCH-0000934.html,3688,ffb5f3c47abce3128742f04accddc0c4784c0f2125e47c6dc77556938f28de91
_데모_용인시_20260920/ops_v0.9_20260923/forms/SCH-0000941.html,1245,d793bb5f338bdc66962e19515db3b7b6f17d261362cd38bc4fcbb91eea0602ae
_데모_용인시_20260920/ops_v0.9_20260923/forms/SCH-0000942.html,2410,9cbfbd394f88a081f5e3d0d053bb6122b0affee0747b69ccb692e7494e1d394e
_데모_용인시_20260920/ops_v0.9_20260923/forms/SCH-0000944.html,2461,856fa851d0bf21d8988ca165e017149a0982195a54aa0ca27677fe101a43170c
_데모_용인시_20260920/ops_v0.9_20260923/forms/SCH-0000950.html,1488,968e839146b8a37ccfc58151eef567f4b3a80120af8000d00eecdecc19bc2d18
_데모_용인시_20260920/ops_v0.9_20260923/forms/SCH-0000951.html,1095,6453577ad875878614ee041aaaca647af180b8c82d166cc7213e9b98afd81828
_데모_용인시_20260920/ops_v0.9_20260923/forms/SCH-0000952.html,1619,6f86ccfcceaa78907fa13e85d6af91e884ba9c1d99da4d0683be2b842642504c
_데모_용인시_20260920/ops_v0.9_20260923/forms/SCH-0000953.html,1877,5f26f9041d62d03b4c123b5a930daa637f593e95b1977802adb347b6316abd1f
_데모_용인시_20260920/ops_v0.9_20260923/forms/SCH-0000954.html,1373,ce67b3457929b16ee53d9da388d80a9143c42cb6b95c2227347d63fb46caaee6
_데모_용인시_20260920/ops_v0.9_20260923/forms/SCH-0000956.html,563,7143fa4d817b5620890b559ff837aafa3988b984186597c095f98f7447082aa6
_데모_용인시_20260920/ops_v0.9_20260923/forms/SCH-0000957.html,4356,c549face6f1cd721a1c2df6c96966b0c7fba69206817ebf95bba7ab4fc43c569
_데모_용인시_20260920/ops_v0.9_20260923/forms/SCH-0000958.html,1579,f5fbfab6a513e8d0746d59e4b1a13aa8c3146f28bd633792ae70c3d6f66455e1
_데모_용인시_20260920/ops_v0.9_20260923/forms/SCH-0000959.html,7357,aa4fb7e040badfc221f674f03c5a37eda8f5399e2efc012f13fda46254654d2c
_데모_용인시_20260920/ops_v0.9_20260923/forms/SCH-0000960.html,1230,2a5871a72fc6ee18708a4fa873b6ba624b683b45cbc9e0b14d5420c6ae524563
_데모_용인시_20260920/ops_v0.9_20260923/forms/SCH-0000981.html,18420,c554469f488f2ec816f64e9e9b0176316fd197e66ad945cfcbe2440f0e034e8b
_데모_용인시_20260920/ops_v0.9_20260923/forms/SCH-0001932.html,6219,869f2f053eadbecfef5047262f0fc31210e38645ca9dbd7088d8ab8d0349ea5e
_데모_용인시_20260920/ops_v0.9_20260923/forms/SCH-0001933.html,2321,5e5c0e6a121d7330120c9c0e7bd7279d7f41cd837a9342251e4fb02c817f969a
_데모_용인시_20260920/ops_v0.9_20260923/forms/SCH-0001935.html,1880,f841e992a6f5a335d67bd11a3a9dfcf7a8e4dddb7793d60ce397d2e892e1b5ff
_데모_용인시_20260920/ops_v0.9_20260923/forms/SCH-0001936.html,4710,71636d14cd3c4e25da4cc9fa169ad91e6ec61db128c81da483e1e2030e58bf8b
_데모_용인시_20260920/ops_v0.9_20260923/forms/SCH-0001938.html,5201,fee671a3e29610e9401c250c0d1013eaddfbb61f46314f3900e6fc5214424442
_데모_용인시_20260920/ops_v0.9_20260923/forms/SCH-0004105.html,2747,a44b6d4544aa1e78f2e03ffc567b84a900deccc8b433111511202f9e0e2bc0c3
_데모_용인시_20260920/ops_v0.9_20260923/forms/SCH-0005298.html,12330,28f2c3e213f71dd492e67013a91fada58d3cc8e489a4d563d587f1610f14a82a
_데모_용인시_20260920/ops_v0.9_20260923/forms/SCH-0005304.html,4792,60680e164a0169d38739ec4aabbee9b15423ebf5bd9f30e0975a530a3282ab9b
_데모_용인시_20260920/ops_v0.9_20260923/forms/SCH-0005305.html,2522,3a6abf05c79e1f0ae11d48feec89267bfb12511fe09b426bb0c52331a0227fdb
_데모_용인시_20260920/ops_v0.9_20260923/forms/SCH-0005306.html,625,62375fccc10ad0397b9b7dc8acb97716305f4693c62ad77665df98a6f6474a36
_데모_용인시_20260920/ops_v0.9_20260923/forms/SCH-0005307.html,5817,4aa6d7992cd9155bdab394b03f9f215f4ecdca4d2bfca07185837c9a61346947
_데모_용인시_20260920/ops_v0.9_20260923/forms/SCH-0005313.html,1536,b04f9ddff0f6b3ae48890ecdeffeba7cdadf2bb0d350e527ba2182ae3136d2ea
_데모_용인시_20260920/ops_v0.9_20260923/forms/SCH-0005320.html,1416,e8e003fa8250d39fdf8a0f8df3f6b2e150c2973e158b14498e2a74923e5a10fc
_데모_용인시_20260920/ops_v0.9_20260923/forms/SCH-0005324.html,11056,d6dd2b361c9be76b0e70e49ee7933edaa7808519e30efe310a3befa494488cec
_데모_용인시_20260920/ops_v0.9_20260923/forms/SCH-0005331.html,10969,653c11826384593a34b7ee71d83110ebcb0e9d466e9292144aea7793c2a39a6d
_데모_용인시_20260920/ops_v0.9_20260923/forms/SCH-0005336.html,5539,a7ce3ba65b84fdce9a1aad7fba15d8e6b67e9229589aaf7106cba809a2e42569
_데모_용인시_20260920/ops_v0.9_20260923/forms/SCH-0005337.html,2710,fad76323218da3a92e38b73a0ecdd83a1cb7133415df1f5deecc87c2bae77494
_데모_용인시_20260920/ops_v0.9_20260923/forms/SCH-0005339.html,2610,efd879b68e31a59f31db304de63aae144eef561e9db975942493d8b3fc69b0f4
_데모_용인시_20260920/ops_v0.9_20260923/forms/SCH-0005340.html,1525,3d3301e96e4f01ee90e4ace8db2ae6a5fbe30b1611a09cdb419ef83a0d7f3c13
_데모_용인시_20260920/ops_v0.9_20260923/forms/SCH-0005347.html,5185,4dadebed30e536e8d2d06ef4508dbf5db28f42bc8840efdaf4da57b439b48cf1
_데모_용인시_20260920/ops_v0.9_20260923/forms/SCH-0005348.html,4541,7759a3b2fc2ce8aeade477364c539a023e193c9214a94a49c69b976f095e973d
_데모_용인시_20260920/ops_v0.9_20260923/forms/SCH-0005500.html,4065,6e019f86a2b6a9f041db0803d9809400907ca0d25506168c07b6d5449895b5bd
_데모_용인시_20260920/ops_v0.9_20260923/forms/SCH-0005505.html,10415,5584ee60fbbe75081d618272668253b7b48630d7c4eff4c65cd0c65c386babaf
_데모_용인시_20260920/ops_v0.9_20260923/forms/SCH-0005506.html,858,4ae63d8377c57afdc7b7e57a00c7258486e00e4c449f332ed093e7bb531c272a
_데모_용인시_20260920/ops_v0.9_20260923/forms/SCH-0005507.html,1037,7a8b825f4df0c302cd907f3a9393e916b4b96c4bda5d6ae5684a8820b85ed7ea
_데모_용인시_20260920/ops_v0.9_20260923/forms/SCH-0005508.html,22977,131f17f6880e07a103ab05ad0132bc67c04f16fd3f290661b6a620e733c2cc7b
_데모_용인시_20260920/ops_v0.9_20260923/forms/SCH-0005510.html,16512,c03ee88dec822e951aeb4c2d278538e33c1a4b500899892ca65c0c3ea7725de5
_데모_용인시_20260920/ops_v0.9_20260923/forms/SCH-0005522.html,1573,8f72c02b5988b03919d6e255434d56380360b1f0276cb7432bb5fda6b156a60f
_데모_용인시_20260920/ops_v0.9_20260923/forms/SCH-0005524.html,4718,92bcd6d315c7cfac927f05e47ce5e6ca74e941ecbe37f2bc8428ca4b36cfe0bf
_데모_용인시_20260920/ops_v0.9_20260923/forms/SCH-0007028.html,1383,f9359eae37786b447e6a9cb846cdc8bec30a7bd4bae38bf289894ffbd243ae03
_데모_용인시_20260920/ops_v0.9_20260923/forms/SCH-0008817.html,5721,8e5275e65f0ecb6e3998b7ab5ac6e7b2ea7be716c2de4a079373c1470825dd26
_데모_용인시_20260920/ops_v0.9_20260923/forms/SCH-0008818.html,1857,27aab7826001573b57f17b49272c3f00882e9c85b3e67a595ef59c87b4bd8fe5
_데모_용인시_20260920/ops_v0.9_20260923/forms/SCH-0008820.html,808,60d1d904e6203c6d4d8915bdbbaef368f72c7f82c86d46581df3fd97d5adec9d
_데모_용인시_20260920/ops_v0.9_20260923/forms/SCH-0008837.html,2542,e9c16ccd27b8fe0c699bc63307b1a931f9257efa345b1c52db185c2d12e4d260
_데모_용인시_20260920/ops_v0.9_20260923/forms/SCH-0008838.html,3849,a5be16ccda92bc1944a0fe021089bf847a438437daf199346aaa5924e7c35b65
_데모_용인시_20260920/ops_v0.9_20260923/forms/SCH-0008841.html,3865,aaae352d8bd0d45a041d84da6a9a1b3e3dac2c310cfa9cd7108e0ae3b05265ed
_데모_용인시_20260920/ops_v0.9_20260923/forms/SCH-0008842.html,2438,e5b9255c281ebac4168bcc5274c55d346b6a608fb99094d434a864b6f8cd1fae
_데모_용인시_20260920/ops_v0.9_20260923/forms/SCH-0008843.html,7129,9809174c7720e9fa9e0c9f2e69e4a4da1c6250405ca134356a69c477be8b7694
_데모_용인시_20260920/ops_v0.9_20260923/forms/SCH-0008844.html,7072,39889562b738bfcabfe70659caf0381e669c0d6ccb931f82763b2cb73509b355
_데모_용인시_20260920/ops_v0.9_20260923/forms/SCH-0009022.html,2457,cb145ea4fb06757fdf3c0d1a30cb2c0ceae7680d95200096b4b325bd1cad2e66
_데모_용인시_20260920/ops_v0.9_20260923/forms/SCH-0009025.html,4607,d74eb53d84da2f95dbfbc37955306e8633559f45ed3ec4a853907c7400c250a1
_데모_용인시_20260920/ops_v0.9_20260923/forms/SCH-0009032.html,11197,295f7e8a1f6a84aeace0e295421df32ee82e325596bfd31037727ec7b14b100d
_데모_용인시_20260920/ops_v0.9_20260923/forms/SCH-0009033.html,4052,bb3db8a297fa967608cf037d2cd2ef50dacdf96bd4f4c1dc369ff89c5dfb4337
_데모_용인시_20260920/ops_v0.9_20260923/forms/SCH-0009034.html,1065,3c7aa1177688c550754364714be688f64b9e129721259d67457511aceb457c88
_데모_용인시_20260920/ops_v0.9_20260923/forms/SCH-0009039.html,1690,1da403c408384f952710d5f3fdb327aeba9afb24a4160758c6426d658a7cddde
_데모_용인시_20260920/ops_v0.9_20260923/forms/SCH-0009040.html,4106,51894eac73a0ef2ebe581e2f8fa03e7bb0bf882f635300b962bbe7c880837308
_데모_용인시_20260920/ops_v0.9_20260923/forms/SCH-0009041.html,2571,b8a9a2b918f1ee181d160cf3cc9abac9c6b847b8f258e6d8bf2e8e20d03fbee6
_데모_용인시_20260920/ops_v0.9_20260923/forms/SCH-0009042.html,3675,56f0b7d20321690decd9bc4ba1355d354058930be4d04b46861559be86a3979c
_데모_용인시_20260920/ops_v0.9_20260923/forms/SCH-0009043.html,7831,f0ef4133261e2d700189f1f29a4185723c8ef2370339afe9c76670ceacb80499
_데모_용인시_20260920/ops_v0.9_20260923/forms/SCH-0009044.html,4398,368c5cb85164d78cd0a70a431b2bd4736cb85cb08f7e97376110d42dc07c4ebe
_데모_용인시_20260920/ops_v0.9_20260923/forms/SCH-0009047.html,4207,bbce04633785434977bbf6ca2956cdf7d99f9de0792a21a970395b1f11627e81
_데모_용인시_20260920/ops_v0.9_20260923/forms/SCH-0009064.html,1578,eef25da18ff811cd68da860efd80200f4fe8c941e082b45b3e624e93cf4d5521
_데모_용인시_20260920/ops_v0.9_20260923/forms/SCH-0009065.html,2794,c8eb624faa16c761353b02b3a085620ecfc48214fdffc56094894e1b0a46a209
_데모_용인시_20260920/ops_v0.9_20260923/forms/SCH-0009067.html,2729,c4ba1a113632d35f8ec2377064d744c020832a1cc862037be62215bcf597cfe6
_데모_용인시_20260920/ops_v0.9_20260923/forms/SCH-0009068.html,2866,2960c2881975dbb5653dd77712a56d2499b5d5ae6c2481ba9f79c0c308ba0403
_데모_용인시_20260920/ops_v0.9_20260923/forms/SCH-0009072.html,3239,310d7d2a1da59d461b97f09cf21dac31959cb5fc55b58c832fa5ec3799794526
_데모_용인시_20260920/ops_v0.9_20260923/forms/SCH-0009077.html,933,28cf53617242ea7c3865d7597ca90c96f60957d07e457ad8e25028ad37ce81c0
_데모_용인시_20260920/ops_v0.9_20260923/forms/SCH-0009079.html,2174,695188d94989bb34304b31cf783e62b49beb2c3b15a63d1855575bf58d546c4a
_데모_용인시_20260920/ops_v0.9_20260923/forms/SCH-0009080.html,4867,31cea337f2997c2991fda2a0769d332870a021561d25d99b9f7002bfc709a8d7
_데모_용인시_20260920/ops_v0.9_20260923/forms/SCH-0009087.html,15137,aab2d5d5870ddc1af5dc4c323c8dc4698f053b6a7b1d9c097a8775216100322e
_데모_용인시_20260920/ops_v0.9_20260923/forms/SCH-0009088.html,12739,f7e473ba45df8369c216ea9efecad212cbfbd2e44b27ec8340aec2d5ef5ab323
_데모_용인시_20260920/ops_v0.9_20260923/forms/SCH-0009089.html,1474,f343c759197aa869e3bca2b96232fa4715c86f218d0031e2361ffb9f79fc974a
_데모_용인시_20260920/ops_v0.9_20260923/forms/SCH-0009090.html,11362,2607d9857bec8e4d88c0a54c7033d6ef0a395ac54173d9109dcf8f4e6d2e8f0b
_데모_용인시_20260920/ops_v0.9_20260923/forms/SCH-0009092.html,4090,937363622a8fddd11a3d695d9c0f56528b046e98d66124b6aa9bfef32e2ea32c
_데모_용인시_20260920/ops_v0.9_20260923/forms/SCH-0009093.html,1824,096598bc8fb9d38e80fc850ef5d12a0d812af5b58417591b6157b2cac1fd589e
_데모_용인시_20260920/ops_v0.9_20260923/forms/SCH-0009097.html,4924,0ad648f59d8d5013c556bc56cafddd34b85b66f97d90ca030840b5d02d3d5358
_데모_용인시_20260920/ops_v0.9_20260923/forms/SCH-0009106.html,2090,81033cd9fec9c921b8c7ca93e876ddb897e15b591730db843fa95da13b742169
_데모_용인시_20260920/ops_v0.9_20260923/forms/SCH-0009112.html,7441,82197b9c21516958b1093d8c7534bbab6c2dc7884b8a391f1beadbc7eaae6124
_데모_용인시_20260920/ops_v0.9_20260923/forms/SCH-0009131.html,3250,16ef399c821bbf4b8d5b9ac2fa00f9e363c773c7f2c0fcf4534453cbbd260633
_데모_용인시_20260920/ops_v0.9_20260923/forms/SCH-0009134.html,2486,645ace81384873cccb3c7f8af3127a5446e40f643f954d777bc843ca3b7e45f5
_데모_용인시_20260920/ops_v0.9_20260923/forms/SCH-0009135.html,3148,2297541ded129e058e35a6c25d386cc7a4c23c764d6008bde01ec55e51645e01
_데모_용인시_20260920/ops_v0.9_20260923/forms/SCH-0009156.html,6468,8ca777c60a1071d4366f0caa7e1628358cc18184e5b1ab99e91b8787237e9f7d
_데모_용인시_20260920/ops_v0.9_20260923/forms/SCH-0009301.html,16290,ce54d458c7fa4d05ba7c859109d660c342ceeced557f77481f85afc82285b1e3
_데모_용인시_20260920/ops_v0.9_20260923/forms/SCH-0009319.html,5168,a5ed640c1f01b50c746d28df9b331371f7a6677c1589cf01ffab2048738b5917
_데모_용인시_20260920/ops_v0.9_20260923/forms/SCH-0009329.html,4991,960b2d15684d0958758776cfdad1f548a6797b3b66235324a38247315fa900ae
_데모_용인시_20260920/ops_v0.9_20260923/forms/SCH-0009330.html,2533,e655e7ad435be1001a15f13fe9620e7bfa8b6eebe3852b8c799b2903067e3aeb
_데모_용인시_20260920/ops_v0.9_20260923/forms/SCH-0009331.html,3498,59c94d4bf9134491e9ab63b130c677603de71b439f2b6fddf4de16900bb886a1
_데모_용인시_20260920/ops_v0.9_20260923/forms/SCH-0009332.html,9435,72734dfc50822492c51ea46d7b5cd53b1c723307ae7fc32309cec9cb6535fea5
_데모_용인시_20260920/ops_v0.9_20260923/forms/SCH-0009333.html,10676,2c3d38a29015ca9209b0a460e0e7a9529d2f09ea8c0e42c1fb7fa2e65ef5ad26
_데모_용인시_20260920/ops_v0.9_20260923/forms/SCH-0009789.html,4905,bac17acbf3f2a02f184ba856356e429d2c917cb28aff17aa680a7d5d5caf7600
_데모_용인시_20260920/ops_v0.9_20260923/forms/SCH-0009792.html,1505,b70fb8fca95b693a6161a34085a8c9f5fca5a4f8e44128241131a8778599cdac
_데모_용인시_20260920/ops_v0.9_20260923/forms/SCH-0009840.html,9260,ad47a0365a2dac32432557855e175bb93ceba7f63db9894ced206703063f170e
_데모_용인시_20260920/ops_v0.9_20260923/forms/SCH-0009846.html,26329,ae065a7f44e79e28885b02e1ba50d106c8ee2a0750cc0a67fb1f8784c11ba9c8
_데모_용인시_20260920/ops_v0.9_20260923/forms/SCH-0009847.html,1594,b507909f6a69ebe0cd1a87992504960698c7cd1f3ea8f63f55d1f2b32dd742f1
_데모_용인시_20260920/ops_v0.9_20260923/forms/SCH-0009848.html,4065,e48caac66ba1ec800d8b55c6a0bfee783dce808002238759e71c249bcef9421d
_데모_용인시_20260920/ops_v0.9_20260923/forms/SCH-0009849.html,1630,20ed49f5ea7058dba87a3ced87f9f92d400647470826179be29d85e1cbafd427
_데모_용인시_20260920/ops_v0.9_20260923/forms/SCH-0009850.html,4104,7f3ff6a8885a104324acc300d5aaa63e47535a99f1273eed00f937a1e3930443
_데모_용인시_20260920/ops_v0.9_20260923/forms/SCH-0009853.html,4271,3835b43c6587b455f4b4d2bc09c08986c06a21b289d1d9d8a6eca0399346a7bc
_데모_용인시_20260920/ops_v0.9_20260923/forms/SCH-0009854.html,16256,6c33f4f657aa2bd8867e2f981b9d44e8adb9ead8d6f40359c3364ec81011fff3
_데모_용인시_20260920/ops_v0.9_20260923/forms/SCH-0009855.html,4483,5851901c680f423771a0a66809731f3cc5ee59e1659915d0394aace3c5f10602
_데모_용인시_20260920/ops_v0.9_20260923/forms/SCH-0009856.html,5163,bb4bc6cca492fc0b253e9956965ab01738c45ca16e5bbc46453bf523f2d57bfa
_데모_용인시_20260920/ops_v0.9_20260923/forms/SCH-0009857.html,5031,b5897bba776035723e32df83e490dfdf06622e66d0be67b0e3fb79255ce71ab9
_데모_용인시_20260920/ops_v0.9_20260923/forms/SCH-0012303.html,76591,f718639ba97f0dd68eb8da130ff95727a1fd318f7685423cd77aa9089df71188
_데모_용인시_20260920/ops_v0.9_20260923/forms/SCH-0012320.html,10497,4c62859d11d53c830e039fe3c1183f3b7262e446bab35dfa1549d1cbf7dbdb2c
_데모_용인시_20260920/ops_v0.9_20260923/forms/SCH-0012321.html,8243,2766cbc5f76b680b81236fe8e900ca8e53d4820d870e8f97b9e8a3831ef2778a
_데모_용인시_20260920/ops_v0.9_20260923/forms/SCH-0012322.html,2455,120c8adeffe17658cf58046c8bf75518ebc56576a2ba26b2ea35a5b81a652506
_데모_용인시_20260920/ops_v0.9_20260923/forms/SCH-0012323.html,17061,4d876a992274d0bc552bae6ea9e19777005b3616ad3d8fa5a9fde99782dd2c1d
_데모_용인시_20260920/ops_v0.9_20260923/forms/SCH-0012324.html,31344,b8e6c46addd44edd003008039128ba892c6cf6ee5de0085826e1e29d7a6ec2f9
_데모_용인시_20260920/ops_v0.9_20260923/forms/_index.json,24479,3d227ce6c90d9a5e58f20063c390bc4e867c72cb923bdf896f15fdde1730dd9d
_데모_용인시_20260920/ops_v1.0_20260924/_README.md,1791,46b26fdbdee9d44e8ef8555ab2c5c13bb59d06c2db8dd083df0f232f7061697f
_데모_용인시_20260920/ops_v1.0_20260924/seed/contract.csv,60518,17074014967899061d7a7936fcc359e98affbc34a586c9d2f4318dd3bd44c13d
_데모_용인시_20260920/ops_v1.1_20260924/_README.md,1415,346718ba1e9fb64012a520a4e3671fb62bc6715b16dc9154494b2ce090229760
_데모_용인시_20260920/ops_v1.1_20260924/seed/safety_budget.csv,11295,3af0f0f867f995bed45b3fa6eb4e528597f6fdffaffad91ecdae8d2edc7619ca
_데모_용인시_20260920/ops_v1.2_20260924/_README.md,2044,3c35e31e73e246acc313383c1d7806f89ef65556e697544b65b6079ffaf022a9
_데모_용인시_20260920/ops_v1.2_20260924/seed/duty_class.csv,9965321,953505de8f8ff03f99b20b55e648114de926e09682c60ba771c53b6b7deda117
_데모_용인시_20260920/ops_v1.3_20260924/README.md,1366,b21080e12c3e40d93254892909f988cbbe1cb18eda2cfb37e9a66840c0bcaa93
_데모_용인시_20260920/ops_v1.3_20260924/seed/duty_class.csv,10201080,ebe09cae430e95de93d87ddc05a9914495142b4e52b1eae33a24e1b13552166b
_데모_용인시_20260920/ops_v1.4_20260924/README.md,700,5ce6fe696965135c71b78c6750263c91950405a9114fd3998638af0d70269633
_데모_용인시_20260920/ops_v1.4_20260924/seed/staff.csv,3131,52ebff32665127f1e0769058afeb7b561e455ba932968620c9854ac2c8a0075e
_데모_용인시_20260920/ops_v1.5_20260924/README.md,1936,aba81cc0a1b7a4807ea22c1f9d9840f288ae7d9f9bcce85cb0cb5f87e3d16f14
_데모_용인시_20260920/ops_v1.5_20260924/_integrity_report.json,1413,4b7ed496bafb1205ccc04d6867e156156390d21b3748992876796a06ae5c3728
_데모_용인시_20260920/ops_v1.5_20260924/_migration_log.csv,334544,2433b06f0995a3868492790cbe401d15bd5c29e745982bb442b09a8f98307792
_데모_용인시_20260920/ops_v1.5_20260924/seed/asset.csv,196143,11fdd6500f98701311851f173f7f6132f3b4f56929e5a31ce30a578c145383ab
_데모_용인시_20260920/ops_v1.5_20260924/seed/ceo_activity.csv,2670,03bd8e589e8505f645880eebc8a28ffd44c94a79faa5c51ee1f2d0000aa0aae4
_데모_용인시_20260920/ops_v1.5_20260924/seed/civil_safety_plan.csv,354275,5af38318fe2acf04cdbe7bd95603e3797d13e88e87cb98bc59a7025bb45cb172
_데모_용인시_20260920/ops_v1.5_20260924/seed/contract.csv,60518,e47f82a8981c335226ab6b101897bb2f23adf6f42691515ae0739fbb5cf87f4f
_데모_용인시_20260920/ops_v1.5_20260924/seed/drill_plan.csv,9172,06d6755b91d4c30325f1968421edc610a32b2fd2ca3c9e265d58632bd3db4626
_데모_용인시_20260920/ops_v1.5_20260924/seed/duty_assignment.csv,678497,99223531f42305387e9f9f3ad9c21703290fbce1fe37b0e7fbd0ca88097a52d1
_데모_용인시_20260920/ops_v1.5_20260924/seed/hazard_report.csv,21342,97a4810e337bef5abfc4a3a2e54f70f5df07e62b88c4d1ed8f365897b476031f
_데모_용인시_20260920/ops_v1.5_20260924/seed/incident.csv,6920,0719e41ef690693b008effccfca7536087eb4ad6b03bec8fb039120fd901eeb6
_데모_용인시_20260920/ops_v1.5_20260924/seed/order_received.csv,9256,e721d15882bf70a90a6707bcb9cfb68ee3e4e613ac8ec8d848a207bb8d5e0562
_데모_용인시_20260920/ops_v1.5_20260924/seed/org_dept.csv,8508,90f0458ac92c42fe441e05e66675f89e24bd989f1f0fb6338c17d39b2dc3f068
_데모_용인시_20260920/ops_v1.5_20260924/seed/safety_budget.csv,11295,3b59178941348e0c2a6fd97dfc948198337094e2d201109c360452a13b1e7209
_데모_용인시_20260920/ops_v1.5_20260924/seed/staff.csv,8245,16122fe94d8aff4c651ba7e485cc2cf7980ad0e6c6e09fd4eae90c73a8eeff8f
_데모_용인시_20260920/ops_v1.5_20260924/seed/task_approval_patch.csv,274901,dadbaa44861e9f96d941769cd8b012f6431c00d2cc06587d1258c5ae8090f256
_데모_용인시_20260920/ops_v1.5_20260924/seed/training_course.csv,5114,1ff6f78a245407f6cca286a40d467004f504a1e024b5b8fe37cb89632315f8bb
_데모_용인시_20260920/ops_v1.6_20260924/_decision_log.csv,135358,56adaf0a353df8013735f9e83c86d88232c7c9027c3bd8c9964245d1946708c3
_데모_용인시_20260920/ops_v1.6_20260924/seed/accident_case.csv,32430,bdcac670bc6b4d1a2119de55db7bc8b16c44f436ec24dcb2b418c3b7edc5c50f
_데모_용인시_20260920/ops_v1.6_20260924/seed/accident_stat.csv,42985,0e02d49f0af6b143508eec853f759d2813d9009b78648a22ab2c2795695dea12
_데모_용인시_20260920/ops_v1.6_20260924/seed/asset.csv,196479,7ce07864180cfff6ddcfe50548bf6f369cef3cf5d32919c2d203f6e32e794dc1
_데모_용인시_20260920/ops_v1.6_20260924/seed/civil_manual.csv,13707,ed14b4625057c8d446b098e3f614a6b64e24cb66537a36aa8da88c915dbc4f31
_데모_용인시_20260920/ops_v1.6_20260924/seed/civil_safety_plan.csv,352451,bd3bb08a59e85ed0323e2f0f67bb069bbbc011861045bf0d2c27320d2704bf3c
_데모_용인시_20260920/ops_v1.6_20260924/seed/duty_assignment.csv,689450,b0a3edc6da34d267dfa85e2794142fe4f689ff705038898a423cda3f3fe07a1f
_데모_용인시_20260920/ops_v1.6_20260924/seed/org_dept.csv,9073,e9b44794af5dc27b456f1db41c445a8e8665ea1983bcf8e8a227570277170714
_데모_용인시_20260920/ops_v1.6_20260924/seed/staff.csv,8245,fbcb85115b4851927721c494c22e4dabd24519cb2ecbb4cb5311b14a35539b7e
_데모_용인시_20260920/ops_v1.7_20260924/_integrity_report.json,2277,82b7dc0c613926f98e52fc8f3f71b7a957659e7a1ccd8de81e5b0d550a50e11a
_데모_용인시_20260920/ops_v1.7_20260924/_subject_log.csv,472677,7ebade7f6d71a75b2ae3b923139fabc65c1bfb07115b0e041cd96918a1d33cd7
_데모_용인시_20260920/ops_v1.7_20260924/seed/asset.csv,277021,3a1b1d7d9020f2c4bbde906af56431a6b125c5d8ab42a53a2b63961b5865668f
_데모_용인시_20260920/ops_v1.7_20260924/seed/duty_assignment.csv,860632,3d69483cc5b5be66d89ab4c2e1fe7e161c12c8d5ac5799fd8185685e89ff7b47
_데모_용인시_20260920/ops_v1.8_20260924/_integrity_report.json,2277,0c284481fe3244eab88ca1e58163c2538811669333fce0c34da2bf08eaae1c92
_데모_용인시_20260920/ops_v1.8_20260924/_move_log.csv,677022,4a05f41cb9621df79419508981cea39d22bdbaacfb7d635b768f1b01f31b377c
_데모_용인시_20260920/ops_v1.8_20260924/_move_map.json,1376,3fb1b7b79cbff41e79ab06f278124d40170798310185da9e50ee3f7d983a9457
_데모_용인시_20260920/ops_v1.8_20260924/seed/asset.csv,277548,86e4d77d70699e833e82f87b2d6f1a45074b348e56cc53fe73f9dce6167a4fb4
_데모_용인시_20260920/ops_v1.8_20260924/seed/duty_assignment.csv,792244,f2bd01182786ad5563a9fd372b72a890b891ed79a3245162cf84ff8baff1fe1e
_데모_용인시_20260920/ops_v1.8_20260924/seed/incident.csv,6933,c148dd19650f9e802be9cc088b411b106d5a6245dee16365412bbcc04db83971
_데모_용인시_20260920/ops_v1.9_20260924/_integrity_report.json,2849,dde47425947be8c9aebe3c765c634f75aca20a35c870f7e11b84f1568d296dac
_데모_용인시_20260920/ops_v1.9_20260924/_removed_asset.csv,228177,8fd250bea2bb7ed123df54566eda96a50482362025c4c2916d5a8104e363142e
_데모_용인시_20260920/ops_v1.9_20260924/_removed_asset_target_map.csv,95406,977006f3c805ad31164c1ddffe35868dc8ce047f7857ba9c16b601c13c376afa
_데모_용인시_20260920/ops_v1.9_20260924/_removed_civil_manual.csv,4203,df5f42debb7f74a84d6a63577894a66261e9c9363d431a402b2abece66201f5e
_데모_용인시_20260920/ops_v1.9_20260924/_removed_civil_safety_plan.csv,273588,a5486a51116b5c5bd3dd79774f6563375fcddf867bb1460778c5a9293123fe5c
_데모_용인시_20260920/ops_v1.9_20260924/_removed_compliance_task.csv,18791,76baeec191006ccd4dd354759a37320975eb67cdce2304f6921f7d21d56f81a4
_데모_용인시_20260920/ops_v1.9_20260924/_removed_contract.csv,7609,a7b0aa0781a66656c9e3e55e2076aab724e5054b5aa82b315fa9bbe2f2a99b43
_데모_용인시_20260920/ops_v1.9_20260924/_removed_duty_assignment.csv,57038,44ecd76c062182a982548c4312a5b6ad1adf9ec2b76cc3228f778cfbbc9a1e24
_데모_용인시_20260920/ops_v1.9_20260924/_removed_evidence.csv,20269,1c5e5ed91665b7fc9a003e1489a98af26776ce30ebfb28d2b2e30e0f1cb6bcc0
_데모_용인시_20260920/ops_v1.9_20260924/_removed_hazard_report.csv,10213,8c8ccfe818952dd34f752efce73194f37313f34307e7449f0ca3c848837d0761
_데모_용인시_20260920/ops_v1.9_20260924/_removed_incident.csv,841,4b55994f440066b61be0e37e6cc518627d6d1dfa310ab98b4f28222b53e13ecf
_데모_용인시_20260920/ops_v1.9_20260924/_removed_inspection.csv,1609,1c9c4aadfa9b4f0dc6d49571621346961f2662c68487e8e68b68e0c23bbb52c8
_데모_용인시_20260920/ops_v1.9_20260924/_removed_notification.csv,4905,db57db7866804ae26f17ce6e2b9e1cba3179ad1d5040bfbad94c4b8c3ec0b45f
_데모_용인시_20260920/ops_v1.9_20260924/_removed_order_received.csv,1303,956203c40eec5ac762a2722993ca83099b8489cc89b6c0996e433de7693c383c
_데모_용인시_20260920/ops_v1.9_20260924/_removed_task_approval_patch.csv,25457,daf0c34e0767e2802cbe43f822864060642c0f1f64b90e3c87b349fbd89f1792
_데모_용인시_20260920/ops_v1.9_20260924/_removed_usb2_timing.csv,3266,dc0941ffacc04f4e94c96d77b5eef34a8b0058619fd9ee97677e1db0f3954703
_데모_용인시_20260920/ops_v1.9_20260924/_scope_log.csv,19007,3bae6dc1b3cbdfa12f6d6346dcf84255953623c206c73ca2591b28b75119b6db
_데모_용인시_20260920/ops_v1.9_20260924/seed/asset.csv,105385,6644e876242625a004ffd121b4fbff36a258bb7e6db75389c804acbb62c43eae
_데모_용인시_20260920/ops_v1.9_20260924/seed/asset_target_map.csv,24426,a8ff66e93c268d01bbc111df1b11f12a5f38d201557e35698fd706ec84638e16
_데모_용인시_20260920/ops_v1.9_20260924/seed/civil_manual.csv,9680,97bd06bb1e1396a963583ba52cdb09a34de2aad19ccb94dd21f2352073e45b57
_데모_용인시_20260920/ops_v1.9_20260924/seed/civil_safety_plan.csv,79094,6249314a6d8ddb2b3c6969f609f30e91e420bc329fa03c36a70229e322c0f110
_데모_용인시_20260920/ops_v1.9_20260924/seed/compliance_task.csv,180054,2ddeabcab7326b9d3ec13983969724553d4d22af0003288a091681b0c49e55d7
_데모_용인시_20260920/ops_v1.9_20260924/seed/contract.csv,53590,6cbee15288f8fe20e1340d7b6a185b928c2ab7bfafe88c8e49b0f5284ab134ef
_데모_용인시_20260920/ops_v1.9_20260924/seed/duty_assignment.csv,735373,c2b5c5387dd079282bcc2141745033df728f0fbf6539215f44bac5ed395ae849
_데모_용인시_20260920/ops_v1.9_20260924/seed/evidence.csv,166229,f2be910d580e80de3e7af26ad1a8d4c1193204f5bf18b4a6727c8d095b18a064
_데모_용인시_20260920/ops_v1.9_20260924/seed/hazard_report.csv,11686,bfa0497306ed1b711fba0abf9cdfed1b46e80d535cf2c954c5b4e94bdddbb102
_데모_용인시_20260920/ops_v1.9_20260924/seed/incident.csv,6567,8d773e126fa8e5b823cd8e83b56ae44df2f835b0272876c3dcb2fc8fd8a3d95f
_데모_용인시_20260920/ops_v1.9_20260924/seed/inspection.csv,17308,501abeb8d72f1cdc990fbf3c68fb17855d4afd8d917d42c563eb910c64037b76
_데모_용인시_20260920/ops_v1.9_20260924/seed/notification.csv,53155,1e60806536837b1f8034a7163ccc54996f732290d5da6df9a42130b9355e43b5
_데모_용인시_20260920/ops_v1.9_20260924/seed/order_received.csv,8283,2f38e633d5c87a01c1f22bbc78ed4370777d3f4c012ff2200bcd89babecc9164
_데모_용인시_20260920/ops_v1.9_20260924/seed/org_dept.csv,9413,0150fd11add97890977df618e8d6fb639fc3a0ad304204c66dd06de5f84cc2af
_데모_용인시_20260920/ops_v1.9_20260924/seed/staff.csv,8551,da62d73f92f9c5836ae770c3236206c21abddd426b9c5bc6742b481c85466558
_데모_용인시_20260920/ops_v1.9_20260924/seed/task_approval_patch.csv,249650,be2a8f95811f92a2af7013627716d565d247247995d8baba0e8c7a1dde54e1f4
_데모_용인시_20260920/ops_v2.0_20260924/_fix_log.csv,371192,8491dc2cbb330cfbfd8d31f4321ef832436572d885a5bfcd8ca3b88477068105
_데모_용인시_20260920/ops_v2.0_20260924/_integrity_report.json,2849,dde47425947be8c9aebe3c765c634f75aca20a35c870f7e11b84f1568d296dac
_데모_용인시_20260920/ops_v2.0_20260924/seed/asset.csv,105283,4fb1102fb655f64e39fc304722fa0f1be78e473977b46a5c1a620c7604e9e8b6
_데모_용인시_20260920/ops_v2.0_20260924/seed/asset_target_map.csv,25582,9e361beb539cf38ed7fb305db6bbd6841bc9cb9443941a55188caecc36de66bb
_데모_용인시_20260920/ops_v2.0_20260924/seed/compliance_task.csv,180054,2ddeabcab7326b9d3ec13983969724553d4d22af0003288a091681b0c49e55d7
_데모_용인시_20260920/ops_v2.0_20260924/seed/duty_assignment.csv,791884,12da68091b3d61ca538d9eabe623d2a7e6f2de15affbb80aad3126d8d4bdf361
_데모_용인시_20260920/ops_v2.0_20260924/seed/task_approval_patch.csv,249650,7deffe12c46abea123e58c04a75492eabf9278bce3a755f4b113000da4ab6744
_데모_용인시_20260920/ops_v2.1_20260924/_consign_log.csv,1299,177e9b78ced99ccc0c0c6a1133ccf84be7e1dc5b30b9fe6e2b8c6ab059aa2d5f
_데모_용인시_20260920/ops_v2.1_20260924/seed/asset.csv,107596,942e800c841a22722932968c0248a9926ba537eda6608bb912dd447b162cb371
_데모_용인시_20260920/ops_v2.2_20260924/_integrity_report.json,2938,c5f7b46d60bbad9b636ac59194cec398cb87e2da8b2a0d04a1a089214790a439
_데모_용인시_20260920/ops_v2.2_20260924/_redate_log.csv,818382,f3bf359f5db0df25f4c0c1383d4b5ca468a2eaf65881027928998776187ee486
_데모_용인시_20260920/ops_v2.2_20260924/seed/compliance_task.csv,180484,275c7488208c00d03d1924b4063c271d7fb3088f3f7430f8156e895d3a09e386
_데모_용인시_20260920/ops_v2.2_20260924/seed/evidence.csv,166229,893c9351df3b61c79e3eb615f2e325aec8f4080e1a3ae5e0e522429d34f00ff1
_데모_용인시_20260920/ops_v2.2_20260924/seed/inspection.csv,17308,29f2ffd89180459bd85c50f777b57e61637fb60b6693b6ff6ebf61dddc18bd7a
_데모_용인시_20260920/ops_v2.2_20260924/seed/notification.csv,53188,6cb69c343ab25c3858ce2a9adacec30a6d8755f3ffc6910ffc04ef4001d76b38
_데모_용인시_20260920/ops_v2.2_20260924/seed/task_approval_patch.csv,251380,bec7ec9f34b4aadb0eb5d74c1abb80b1d31067124abc8bd58003ce10e87bd874
_데모_용인시_20260920/us_v1.0_20260924/README.md,778,d195ed5174033cbfc5e29467f342a111746f0bb4960a4e0e3eae6e48a63464fb
_데모_용인시_20260920/us_v1.0_20260924/_build_usc/build_usc_record_20260924.py,13689,76dcf5fbfa8647066848818360bd7aedeab3b4c94e25398debf90a3b3de1033e
_데모_용인시_20260920/us_v1.0_20260924/_build_usd/build_usd_record_20260924.py,10815,e0f53078e64cda2e6fd7c846f7eec013075708f2c49b9581cd0e200caea0de55
_데모_용인시_20260920/us_v1.0_20260924/_build_use/build_use_seed_20260924.py,16787,1b5fa03fadf45d9faeb72f3841fc53bfa69336639731413dbe9f0fd672a570d3
_데모_용인시_20260920/us_v1.0_20260924/_build_use/shots$s.png,229122,8969d47e3243af71a337d53b5f40bb187bd5b51dda72564bdadf39d71cf088ff
_데모_용인시_20260920/us_v1.0_20260924/_script/make_usg_seed.py,18381,afb1142754ed77d3b136a5f36123f1a140ade542f786423e8c0384441612f05c
_데모_용인시_20260920/us_v1.0_20260924/build_usf_seed.py,17090,d189c5439300353a216618d90d6faad60583bb3615742e624ec624ab0fe0b3b4
_데모_용인시_20260920/us_v1.0_20260924/seed/usb1_basic.csv,4537,95a8f941d5a463cb080e8b386d3a546ea2a0b287d66feff7fc9fe8987da0712d
_데모_용인시_20260920/us_v1.0_20260924/seed/usb1_hazard_place.csv,3980,a97fbcad6d2907bf8d817875cebb64201d50a3b52afe9381a66ee5e50b08dec7
_데모_용인시_20260920/us_v1.0_20260924/seed/usb1_transport.csv,446,0a4cf031f112d43cf723cce0b710bb959683df09eb94562ab69da49864083b7d
_데모_용인시_20260920/us_v1.0_20260924/seed/usb1_workplace.csv,289,58e9a7cfa66f9951cbee130070b93c07fbb8c4af3e59359b8393b7f3e9b3dbe8
_데모_용인시_20260920/us_v1.0_20260924/seed/usb2_basic.csv,589,d06161939fe7de47f2d3570b1a67a8adbe68226acc19bc0b39801a60f83df210
_데모_용인시_20260920/us_v1.0_20260924/seed/usb2_role.csv,816,fd7e8b2fc24e6d0d152f87f4d811bbd0aae7eca44c0698791860847d42d4f4c2
_데모_용인시_20260920/us_v1.0_20260924/seed/usb2_timing.csv,5611,e4bd859510c45d3c963f3f45dc52519ee2b75f32a0aefe4fdaf108695b431d0d
_데모_용인시_20260920/us_v1.0_20260924/seed/usc_record.csv,35344,1da83825423f89418a7568ded832a3ed2389687d0027cfa74dc439db58fe8abb
_데모_용인시_20260920/us_v1.0_20260924/seed/usd_record.csv,13391,f68ef127f90ef85b8fbd473c557bc30f64df31b256b2dac35cd87e90c67ca70e
_데모_용인시_20260920/us_v1.0_20260924/seed/use_plan.csv,3413,b6a02efebc8ab18578a472b89e59e18f690bd972f7c4c308bf1dc5d59f03ee18
_데모_용인시_20260920/us_v1.0_20260924/seed/use_record.csv,10660,7b8a3019e752cc9b3b0e8b91ade45cf97ce45f1e9d44494433ba3360292a6906
_데모_용인시_20260920/us_v1.0_20260924/seed/use_site.csv,574,8fe528ba3d4d955e3e7bbe680c964ca991393864ee2b38d6855ad5e8f981a5c4
_데모_용인시_20260920/us_v1.0_20260924/seed/usf_ceo_log.csv,1557,fdf07bc02e18dcd91535c3cfeba605d7768c12e47a5c24c9c6191dc59f272a34
_데모_용인시_20260920/us_v1.0_20260924/seed/usf_file.csv,3874,c479f108ea635daafaa26921c3fbfc4d13339ca91ee58ff16fc6ff7d85ccdc14
_데모_용인시_20260920/us_v1.0_20260924/seed/usf_judge.csv,468,44ab3baf6471e511405248b4ce060b2b125f31e6f84d665374ccf712cb285971
_데모_용인시_20260920/us_v1.0_20260924/seed/usf_letter.csv,4101,d942349dfe3421441c2b9e861ed622437d5923a3609abee764410de77b4bbbda
_데모_용인시_20260920/us_v1.0_20260924/seed/usf_letter_read.csv,587,fc9baf13d6d4aea298506c2baa03124400e6f38e3e5ea2eee0aeb78b84bcd67a
_데모_용인시_20260920/us_v1.0_20260924/seed/usf_notice.csv,2375,a9923b73e1cae8d01a934ef94d4025fcaa63affaab8193916a2e08cbcedaead0
_데모_용인시_20260920/us_v1.0_20260924/seed/usf_round.csv,647,16a9713a51a9c13febcf24b314a3081f727c6227cd6d0d5e40f1d6e6fff5815c
_데모_용인시_20260920/us_v1.0_20260924/seed/usg_case.csv,32430,bdcac670bc6b4d1a2119de55db7bc8b16c44f436ec24dcb2b418c3b7edc5c50f
_데모_용인시_20260920/us_v1.0_20260924/seed/usg_stat_occur.csv,42985,0e02d49f0af6b143508eec853f759d2813d9009b78648a22ab2c2795695dea12
_데모_용인시_20260920/us_v1.0_20260924/seed/usg_ws_industry.csv,596,6550ff59d0817752bd0816cbf6b08d0c705646efe44b7b6e84c82b7485b25290
_데모_용인시_20260920/us_v1.1_20260924/README.md,258,e8f8fe851a6705225f2bfe508db05ce3f01ef2fb05b42e2678a343005d06598f
_데모_용인시_20260920/us_v1.1_20260924/seed/usb1_transport.csv,449,125cabc7facd83ade463860c9ce15ae9b432d9e88c5d54922e01300cc1539cf4
_데모_용인시_20260920/us_v1.1_20260924/seed/usd_record.csv,13391,fe04e163763cf92b79befcca40bbc7aab23c0465edf82bdf8ea745accb6f46d3
_데모_용인시_20260920/us_v1.2_20260924/_orgname_log.csv,1284,e84b82973a008bf0e28782bbb3a70aef33e2b40fb2bc5fb419647a44e3020104
_데모_용인시_20260920/us_v1.2_20260924/seed/usb1_basic.csv,4536,ae069038ae352a259ca51204998151b834653b683614962c2c4b3033ad433312
_데모_용인시_20260920/us_v1.2_20260924/seed/usc_record.csv,35210,997524dbd7568d32cbdb83cc9e1f3c64d3d227a22566c99a676d079064f74169
_데모_용인시_20260920/us_v1.2_20260924/seed/usd_record.csv,13324,7885542090c98616e780d8fd7791fe1abb94d724da80bbd3a4ef3efdc3eaf4ea
_데모_용인시_20260920/us_v1.2_20260924/seed/use_plan.csv,3393,9f56d75685f29c884d0d1f35f3129ced9bd4d184f78627280db041ffa63bf5b2
_데모_용인시_20260920/us_v1.2_20260924/seed/use_record.csv,10619,fa9d4afa73bb595bd2b55b650a9e755e842926c49fcda14c0ada050f26b54afd
_데모_용인시_20260920/us_v1.2_20260924/seed/usf_ceo_log.csv,1539,57f8c2be0f0e7302d471e9100b961adcf3059e3325705b44c6e133e00edf0071
_데모_용인시_20260920/us_v1.2_20260924/seed/usf_notice.csv,2369,dcf48a8cc9fe42969e23164ea8d37ab800171b3c532e8555ed05d87382a4e532
_데모_용인시_20260920/us_v1.3_20260924/seed/usb2_timing.csv,5611,b6caf188955d5d8251b42ac6c83da8aa8f2c90a9d38a174d9937a636000d9b05
_데모_용인시_20260920/us_v1.4_20260924/seed/usb2_timing.csv,2401,c133e866a35921999785a30eac5b17b33ec47aed2360742088efce83c9829a34
_데모_용인시_20260920/us_v1.5_20260924/README.md,401,6a76d5411f9757d29dd0ffb1c4712cc3c8a23f5751a0cffce4684078420c5252
_데모_용인시_20260920/us_v1.5_20260924/seed/usb1_work_site.csv,15181,008ccbc5750f7dc4d54b1e12d1a0379b711129e95719b815c9a9247cbe3b80fb
_데모_용인시_20260920/us_v1.5_20260924/seed/usb1_workplace.csv,13436,141ffb24a7a207b15005844c51ad87244ce164984f80b5beb663c144dc19b4ed
_데모_용인시_20260920/us_v1.6_20260925/README.md,790,32a5e939f5e9a396385366708f3f5c334cbf20dbbc624d3820de3c0cfdf60774
_데모_용인시_20260920/us_v1.6_20260925/_bridge_log.csv,23946,62de14816300b6e65f0b7c840d5f18788c6b09011854f302d603ad4ea50fc369
_데모_용인시_20260920/us_v1.6_20260925/_integrity_report.json,2163,1e2f081d0146f7695f659d90a97e6dc4b498aa9b36f3ee1c4784aa8532fbb9fb
_데모_용인시_20260920/us_v1.6_20260925/seed/asset.csv,172126,f2bec177a39006a950a33aac0643d38ed08daf63128e96fea4a6f0e431792498
_데모_용인시_20260920/us_v1.6_20260925/seed/asset_target_map.csv,47116,c4709a39e6450ac015030135dc5975228d6ddfc587826124f02149f97a3ecf8e
_데모_용인시_20260920/us_v1.7_20260925/README.md,1199,9ff22038f7b0128152c63f64fb1a7ea9571d99ea55c43bee2611b36b84fbd480
_데모_용인시_20260920/us_v1.7_20260925/_634ab_log.csv,21017,54a8fb69c2267fbdbfd547e2cb3178a63e821e6f23059d33ce52751c16a7ab7a
_데모_용인시_20260920/us_v1.7_20260925/_integrity_report.json,2165,7f3f3bed8ae4b83f92d82224605a1b4ea3a52fd4609c3b6062ca3375387421f1
_데모_용인시_20260920/us_v1.7_20260925/seed/asset.csv,235853,16d70e7338f9ff83b13b7e048ff42862f56f6786fd1a96cc565e9c0cc0b9c583
_데모_용인시_20260920/us_v1.7_20260925/seed/asset_target_map.csv,44240,2e51a7c7e1757efe6ac7428769cd311192544d39aa6bca6d60c84c26eb32d3a6
_데모_용인시_20260920/us_v1.8_20260926/README.md,1813,a4d3842be9cb73d11099478bd019758b427a9c22b262134b550c87708c716fa5
_데모_용인시_20260920/us_v1.8_20260926/_build/build_risk_v18.py,27610,2bdb4bbfce8ec71f6c2628aa30cacc5f0fdf1f21bffbf56ab2d7d2caa204c0df
_데모_용인시_20260920/us_v1.8_20260926/seed/risk_assessment.csv,26914,4d230e16b9ba5a6ca2c0fb573735f12246af60d9b18a1c3856e2749612ab5676
_데모_용인시_20260920/us_v1.8_20260926/seed/risk_assessment_item.csv,50774,c8264f4d04ff7bf9626b345f23fe16f5307d4ad820cf1e7575589cc043bc3329
_데모_용인시_20260920/us_v1.9_20260926/README.md,7787,fd4052b405d2748b123065401dd7d77eed2473612f9988b52d91bb6c82a24871
_데모_용인시_20260920/us_v1.9_20260926/_build/before/actions_role_ceo.txt,7616,e5d123282850099ba1727bed16a1307e9d4ce405c9b4e1d2f8c3cb83c00272f6
_데모_용인시_20260920/us_v1.9_20260926/_build/before/actions_role_gm.txt,9662,797712ef15cb49464d913659a8d68ed24ce77fea1ea5e60dca3abb31548e2568
_데모_용인시_20260920/us_v1.9_20260926/_build/before/actions_role_road.txt,4609,ee0750e73be6f1eb05b525eb8f44c3fe145bbe601cc7f2a49f9db5e1315a8045
_데모_용인시_20260920/us_v1.9_20260926/_build/before/actions_role_road_head.txt,4768,14da87541ba0db1f64c8f7d0abb88591ae55246f228937aed7fbf5b896ea38c1
_데모_용인시_20260920/us_v1.9_20260926/_build/before/check_fc_review_role_ceo.txt,24572,be9cbbbd0b419d0bf8ac0b925ed6464a0b1ecedfc73dbcd3172026e2a353e27f
_데모_용인시_20260920/us_v1.9_20260926/_build/before/check_fc_review_role_gm.txt,24985,058bf50326896ad624a630b32f1661f331da0265c3cfe696e5adf204069dd368
_데모_용인시_20260920/us_v1.9_20260926/_build/before/check_fc_review_role_road.txt,10578,6eb494694d8284f316640501a653e867cc627561e346b12d2f92ba581f50238e
_데모_용인시_20260920/us_v1.9_20260926/_build/before/check_fc_review_role_road_head.txt,10737,ecbf5c52cf5a21e20ffc9d2deae0e2583dcefa5ee4009e5def96ed9ae6dcb0e9
_데모_용인시_20260920/us_v1.9_20260926/_build/before/check_fc_role_ceo.txt,6303,bb2bac81400ea0a4f9d3bf895cc9e6dd7613031106e9a86a7a830beb99997893
_데모_용인시_20260920/us_v1.9_20260926/_build/before/check_fc_role_gm.txt,6716,d11802b7981baabdc43e540ddc9156e5983e86c6b9aefd4439a7cd4b0a78f2e3
_데모_용인시_20260920/us_v1.9_20260926/_build/before/check_fc_role_road.txt,6150,c7370d6026d521d2a784880fe37fa381d99f0381d55b01e9dd2ed56ab258028d
_데모_용인시_20260920/us_v1.9_20260926/_build/before/check_fc_role_road_head.txt,6309,03079be3a89f30959d80adc91a19467f7eee168c897d20e6a5ad10a5e49333f3
_데모_용인시_20260920/us_v1.9_20260926/_build/before/check_fc_summary_role_gm.txt,6175,5ba586ac9e3331758059d2335f302e7bc4d12d7bae8de483e9217a40863b3dc0
_데모_용인시_20260920/us_v1.9_20260926/_build/before/check_fc_summary_role_road.txt,5609,8e00326678157398e096951ffc02a1795b6b435e68bec0bbf42dc65c8d7f7f52
_데모_용인시_20260920/us_v1.9_20260926/_build/before/check_fc_summary_role_road_head.txt,5768,5d31219a395e2434beeba1fbe03b9fefac84683c82a6f0b0279a229cadf29b9a
_데모_용인시_20260920/us_v1.9_20260926/_build/before/check_mt_review_role_ceo.txt,14249,dfedd6c5684c7983e4bb1de67d0b4dbccc0e417c017973b320e200ac06905ff5
_데모_용인시_20260920/us_v1.9_20260926/_build/before/check_mt_review_role_gm.txt,14662,5677f292b71d2dadf9c3c7faf4fd3cd69f41de2d6ff42db0aaf951e10ae8e62a
_데모_용인시_20260920/us_v1.9_20260926/_build/before/check_mt_review_role_road.txt,13964,648593eb50b591bd08b36ccf967c605ee48b2f7f696a7208db8ed05fefcec46d
_데모_용인시_20260920/us_v1.9_20260926/_build/before/check_mt_review_role_road_head.txt,14123,164ff4493afdf95ffc00e7fe8f6f506be91d80b8384978836634c477ba7a4206
_데모_용인시_20260920/us_v1.9_20260926/_build/before/check_mt_role_ceo.txt,5511,aa955b28555bf431f9ac3befb863e480c890b3231a114c482dacafe6ffdda17b
_데모_용인시_20260920/us_v1.9_20260926/_build/before/check_mt_role_gm.txt,5924,056e0fbc117ca74900dc0d9e9400c7ec74ef46c9009aea2472f4ba592c7dda76
_데모_용인시_20260920/us_v1.9_20260926/_build/before/check_mt_role_road.txt,5358,16b18d052e2154d027d7af6358f4af4fa1bb0936f728bf1526f6b8081b1e8c6f
_데모_용인시_20260920/us_v1.9_20260926/_build/before/check_mt_role_road_head.txt,5517,0ca56833b572f0419856d985ce1567b310d1f6d0b705a5befa2b199af6c68ba5
_데모_용인시_20260920/us_v1.9_20260926/_build/before/check_mt_summary_role_gm.txt,5486,2aa097961890c0808a517e8c238cc9d50287c58e13768e8881c09d47649f2311
_데모_용인시_20260920/us_v1.9_20260926/_build/before/check_mt_summary_role_road.txt,4920,84b1b44b203d0cbc58c4c678a95073905e718289b6a5f5e7f28721313585e583
_데모_용인시_20260920/us_v1.9_20260926/_build/before/check_mt_summary_role_road_head.txt,5079,a65ed7f5a2dda3b59e99134d7580ad6b32ea390e039d65b2dfe1766abe80380b
_데모_용인시_20260920/us_v1.9_20260926/_build/before/check_ws_review_role_ceo.txt,7283,8262744589aa5d80cd5d70e43da1f945ebbd5c7f658390b2ad6c12280a9d9323
_데모_용인시_20260920/us_v1.9_20260926/_build/before/check_ws_review_role_gm.txt,7696,2a91d2f840cd3f35f916e9101f535ec902ec30d2f8123b2adaf371610a2528ea
_데모_용인시_20260920/us_v1.9_20260926/_build/before/check_ws_review_role_road.txt,6866,6bc143f3cd47dc57449bdc133917e6c41f692684d951d5d70cc3debc2fc03466
_데모_용인시_20260920/us_v1.9_20260926/_build/before/check_ws_review_role_road_head.txt,7025,394c2e51051502cd7e4d7618e6768d62cd85b99950344fd14eba4a5ed933ae0e
_데모_용인시_20260920/us_v1.9_20260926/_build/before/check_ws_role_ceo.txt,8439,d720ffd78cfcec6b85d71cc87255c220434425bac2af5a0338b45d5a975fa9fd
_데모_용인시_20260920/us_v1.9_20260926/_build/before/check_ws_role_gm.txt,8852,8ec343ca7aad50d49a097bcdcc650264aca93009408d8d0887085fd1ef889933
_데모_용인시_20260920/us_v1.9_20260926/_build/before/check_ws_role_road.txt,8286,c6d15ad9718ad5603fc923da5569592dd22ecfd15b98997373cb7696455c79e4
_데모_용인시_20260920/us_v1.9_20260926/_build/before/check_ws_role_road_head.txt,8445,9e4a27c70a7747927b9cc0e7987b71a393cf1e651c61436f3f08929abb949cdc
_데모_용인시_20260920/us_v1.9_20260926/_build/before/check_ws_summary_role_gm.txt,5754,f6f87a2fce921920d7a3e66c1460c646e36fb73f4a53b89bc94ec281e0db5b4c
_데모_용인시_20260920/us_v1.9_20260926/_build/before/check_ws_summary_role_road.txt,5188,8b27b4e4014908e74892b6d7a2b21a52fc0f241d670b2feab8c8707361f5c45d
_데모_용인시_20260920/us_v1.9_20260926/_build/before/check_ws_summary_role_road_head.txt,5347,2f7e507931b6cbdaf57332d60b3e591022a8c3a9ca29275771ea888bfe0fe795
_데모_용인시_20260920/us_v1.9_20260926/_build/before/hazards_role_ceo.txt,3948,410a432bb320260cf796df15145dde87a1731da09715f2c8f0f07c72d0d9ddcc
_데모_용인시_20260920/us_v1.9_20260926/_build/before/hazards_role_gm.txt,4361,52afd259529a444951abc4ae67de2708403b773c80cd0c7a86a43e39e4b1c69e
_데모_용인시_20260920/us_v1.9_20260926/_build/before/hazards_role_road.txt,3025,4189694277015fcd0dfbd04f251ca41d01ce622e7cfa724ce4bb194b4a31ed7a
_데모_용인시_20260920/us_v1.9_20260926/_build/before/hazards_role_road_head.txt,3184,a9fc6fd559875cd9abedf59a621e3c095b4105ef409d3f5dbf0b64ebe79cc38f
_데모_용인시_20260920/us_v1.9_20260926/_build/before/recurrence_role_ceo.txt,23858,ea885df0afee3ea74bb54e0fdcddece61ec29112baf203738f16b93aaf3737c5
_데모_용인시_20260920/us_v1.9_20260926/_build/before/recurrence_role_gm.txt,38977,a4b4969a298786b72107122452179f94066fdd689f6511382fafd87543fee7aa
_데모_용인시_20260920/us_v1.9_20260926/_build/before/recurrence_role_road.txt,11491,348078d079c9630f8975606227f15f578e2c30064aaff034a92615494caf3e8a
_데모_용인시_20260920/us_v1.9_20260926/_build/before/recurrence_role_road_head.txt,11613,07dfc1583fc96c8f05365c4084501062faef249cf8110b2524b1fba98dbddf03
_데모_용인시_20260920/us_v1.9_20260926/_build/before/role_ceo.txt,5059,03dbbaebf31809cd6fadd7ca47d82a942ebb0b6f0d74611cdd489fc5eeff5d42
_데모_용인시_20260920/us_v1.9_20260926/_build/before/role_gm.txt,5472,054e9e4f2819b1f613e0b71e1917e7dad0e59c5087f6a38ccfb42672a90bd0a6
_데모_용인시_20260920/us_v1.9_20260926/_build/before/status_role_gm.txt,4368,42926d2f60143b0655e5a26631ace4edd25942cf629ff194341f8ae52b90f5e1
_데모_용인시_20260920/us_v1.9_20260926/_build/build_check_v19.py,77961,d6f4cede4978dca7e662f89de572cdc6b137a5bd8d7cd68b40a6de94b573ae24
_데모_용인시_20260920/us_v1.9_20260926/_build/build_report.json,1748,9565078fb8a0f02d92224cd5b6025807876c3d339faec9643705dc09e3206735
_데모_용인시_20260920/us_v1.9_20260926/_build/done.md,7197,d06e6939e42c78368f6b011900929f9237c344b4f1625e9c76e22cfe03bd4af7
_데모_용인시_20260920/us_v1.9_20260926/_build/lawlook.py,1109,006242423f8acdc5573b55519e825bb4d0d912dd2c014a614362e37c1da71b79
_데모_용인시_20260920/us_v1.9_20260926/_build/measure.mjs,9318,1cfaf66bbee236066a241eb3b7ffa4c6f576d01c9c11eec6c68f582bcdf528fe
_데모_용인시_20260920/us_v1.9_20260926/_build/measure_after.json,15058,e750ec71688ae4f8bf7c5fdf744bd6eefe5acd78d98ca443e5d3aa490af0ea20
_데모_용인시_20260920/us_v1.9_20260926/_build/measure_before.json,12145,df706a404f0adb3a1aef217aa6324010120a998eaaf2c92bfc478a22794a8874
_데모_용인시_20260920/us_v1.9_20260926/_build/run_measure.sh,338,37f6b8504331ebe48e2f478b258a290a70509523b8e8a7218ec91e6464f87592
_데모_용인시_20260920/us_v1.9_20260926/_build/snap_pages.py,1788,08da800ff9277e10c430d088ba2c04068b7200fb1e759df4016e54b11cd13795
_데모_용인시_20260920/us_v1.9_20260926/_build/ts_hooks.mjs,1614,9eec7e555b6c90f901e11f540a12b251c1caf02b5667491a54b7fec01f91f81a
_데모_용인시_20260920/us_v1.9_20260926/_build/ts_loader.mjs,461,b0c4ec1cd056fe12be98d0338b02e95ccc406bee8337a7b20103f6daee417583
_데모_용인시_20260920/us_v1.9_20260926/seed/action.csv,5434,224556491675c82ddec3688c6c199204a4ee3016bb353c8bf743ccc697102740
_데모_용인시_20260920/us_v1.9_20260926/seed/hazard_report.csv,19631,c1fbc1002457bb4abddfb9aeca7d50063b868de77f8e9e6f12fee89ddfc0b3a0
_데모_용인시_20260920/us_v1.9_20260926/seed/hazard_step.csv,22224,482fb136992c3ddfaaf007ebb748bec2f45ced3f10a9f03a74d905e956ec7fc5
_데모_용인시_20260920/us_v1.9_20260926/seed/incident.csv,9893,9fcc714e012d107f08ac77b95f04fe49505a539e06e2fbb71ac29f25de6c7607
_데모_용인시_20260920/us_v1.9_20260926/seed/incident_nil_check.csv,3156,3dde1f4ab1d4b9ecb5f734a1d6848d5324cfa32828b2dd3f8dc21dd914a41127
_데모_용인시_20260920/us_v1.9_20260926/seed/incident_report.csv,5616,6c449fee4994ad51cce12e948d9242fc69e56be10d52d37dfb89f9bb9d7cf9a2
_데모_용인시_20260920/us_v1.9_20260926/seed/incident_response.csv,10057,81700671d2c81630c0f73ff1d989cf652b5c0f01fb404bcc06314436925fa57a
_데모_용인시_20260920/us_v1.9_20260926/seed/inspection.csv,18513,5fdacc46b1344d5f0b466fc49d97a58851763952ab849ad7432e6bc56549208e
_데모_용인시_20260920/us_v1.9_20260926/seed/notification.csv,78073,599d1719f273fe62ba9e6975a4b40375a28b8ae6fd14792081044c7ed4ba560b
_데모_용인시_20260920/us_v1.9_20260926/seed/order_received.csv,12552,3c6750a5a79c8db5213187bfeaf3aab782f022aea8f95edabf418fc396872ffe
_데모_용인시_20260920/us_v1.9_20260926/seed/usf_judge.csv,63964,89b110ca8eab970375479be66ce50da6092da8956c95b5e1785bba6144a8bc55
_데모_용인시_20260920/us_v1.9_20260926/seed/usf_round.csv,2416,98ba2c7c8e377b45b14d9e858661113a2038240c372dd7c1eb2f00cd4f2c3fa3
app_overlay/overlay.json,104994,cc72c91f41d22dcf0f4df9fb032dd6bb63755945f5a4642d87a8375b78958957
app_overlay/uploads/20260920_7fdg9l_현장사진_양보차로_20260921.png,450,6bf0d3f44b97a6782394a102073abf02846c748783fc5d0043e7248d85eb2e21
app_overlay/uploads/20260920_cdvxtn_17899284267288924611833593142725.jpg,3525830,4fec27414301b9df1cef2984bfdf6979d0905dd7bcf99114bc55cf80be8a3e1e
app_overlay/uploads/20260920_jpqd09_2026-09-21 02;30;46.PNG,90054,10568cfdc9f0b050f82e0dbc747290adae2f85226435892cde33ac2296a862ad
app_overlay/uploads/20260921_6iok9b_현장사진_1.png,441,a2f8088051b07740a31ec74606f727eb12864f74175360c49a6b6fbcb7686711
app_overlay/uploads/20260921_v2os24_현장사진_2.png,441,a2f8088051b07740a31ec74606f727eb12864f74175360c49a6b6fbcb7686711
app_overlay/uploads/20260924_40hp2e_테스트_조직도.png,8,4c4b6a3be1314ab86138bef4314dde022e600960d8689a2c8f8631802d20dab6
app_overlay/uploads/20260924_9fe07l_선임서.png,70,6b7fa434f92a8b80aab02d9bf1a12e49ffcae424e4013a1c4f68b67e3d2bbcd0
app_overlay/uploads/20260924_9w4j6d_usg_test.csv,471,3ca1158021a1d75c56131db601beec11ea8e8142e3f0c955789dd8d07ef0a84d
app_overlay/uploads/20260924_klmofp_�濵��ħ_����.png,8,4c4b6a3be1314ab86138bef4314dde022e600960d8689a2c8f8631802d20dab6
app_overlay/uploads/20260924_ne7z77_검증_사진.png,141,e9ac105e35aa4c782d540c831193b8ec9c2a4fadf5d92e9525d0b20e7c04d76b
app_overlay/uploads/20260924_tcubv9_a.txt,5,2cf24dba5fb0a30e26e83b2ac5b9e29e1b161e5c1fa7425e73043362938b9824
