doc_id,law_id,title_ko,title_src,norm_category,norm_form,norm_rank,admin_rule_kind,kind_src,onto_class,is_in_scope,issuing_body,is_registered_nlic,currency_src,authority_doc_id,authority_unit_id,canonical_doc_id,dup_status,nlic_mst,promulgated_no,last_amended_at,effective_from,legacy_layer,legacy_id
DOC-000001,LAW-KR-000001,항공안전법,v2_법령목록,statutory,act,2,,by_layer,norm:Act,true,,true,nlic_api_20260920t,,,,,286927,21822,20260616,20260917,법률,LAW-KR-AVIA|법률
DOC-000002,LAW-KR-000001,항공안전법 시행령,v2_법령목록,statutory,presidential_decree,3,,by_layer,norm:PresidentialDecree,true,,true,nlic_api_20260920t,,,,,287495,36476,20260630,20260701,시행령,LAW-KR-AVIA|시행령
DOC-000003,LAW-KR-000001,항공안전법 시행규칙,v2_법령목록,statutory,ministerial_ordinance,4,,by_layer,norm:EnforcementRule,true,,true,nlic_api_20260920t,,,,,287951,01601,20260701,20260701,시행규칙,LAW-KR-AVIA|시행규칙
DOC-000004,LAW-KR-000002,중대재해 처벌 등에 관한 법률,v2_법령목록,statutory,act,2,,by_layer,norm:Act,true,,true,nlic_api_20260920t,,,,,228817,17907,20210126,20220127,법률,LAW-KR-CDPA|법률
DOC-000005,LAW-KR-000002,중대재해 처벌 등에 관한 법률 시행령,v2_법령목록,statutory,presidential_decree,3,,by_layer,norm:PresidentialDecree,true,,true,nlic_api_20260920t,,,,,277417,35805,20251001,20251001,시행령,LAW-KR-CDPA|시행령
DOC-000006,LAW-KR-000003,도시가스사업법,v2_법령목록,statutory,act,2,,by_layer,norm:Act,true,,true,nlic_api_20260920t,,,,,276497,21065,20251001,20251001,법률,LAW-KR-CGAS|법률
DOC-000007,LAW-KR-000003,도시가스사업법 시행령,v2_법령목록,statutory,presidential_decree,3,,by_layer,norm:PresidentialDecree,true,,true,nlic_api_20260920t,,,,,284727,36220,20260324,20260324,시행령,LAW-KR-CGAS|시행령
DOC-000008,LAW-KR-000003,도시가스사업법 시행규칙,v2_법령목록,statutory,ministerial_ordinance,4,,by_layer,norm:EnforcementRule,true,,true,nlic_api_20260920t,,,,,289257,00056,20260831,20260918,시행규칙,LAW-KR-CGAS|시행규칙
DOC-000009,LAW-KR-000004,화학물질관리법,v2_법령목록,statutory,act,2,,by_layer,norm:Act,true,,true,nlic_api_20260920t,,,,,276815,21065,20251001,20251001,법률,LAW-KR-CHEM|법률
DOC-000010,LAW-KR-000004,화학물질관리법 시행령,v2_법령목록,statutory,presidential_decree,3,,by_layer,norm:PresidentialDecree,true,,true,nlic_api_20260920t,,,,,280507,35940,20251223,20251223,시행령,LAW-KR-CHEM|시행령
DOC-000011,LAW-KR-000004,화학물질관리법 시행규칙,v2_법령목록,statutory,ministerial_ordinance,4,,by_layer,norm:EnforcementRule,true,,true,nlic_api_20260920t,,,,,279031,00001,20251001,20251001,시행규칙,LAW-KR-CHEM|시행규칙
DOC-000012,LAW-KR-000005,건설기술 진흥법,v2_법령목록,statutory,act,2,,by_layer,norm:Act,true,,true,nlic_api_20260920t,,,,,276921,21065,20251001,20251001,법률,LAW-KR-CTEC|법률
DOC-000013,LAW-KR-000005,건설기술 진흥법 시행령,v2_법령목록,statutory,presidential_decree,3,,by_layer,norm:PresidentialDecree,true,,true,nlic_api_20260920t,,,,,286847,36404,20260609,20260609,시행령,LAW-KR-CTEC|시행령
DOC-000014,LAW-KR-000005,건설기술 진흥법 시행규칙,v2_법령목록,statutory,ministerial_ordinance,4,,by_layer,norm:EnforcementRule,true,,true,nlic_api_20260920t,,,,,286885,01597,20260611,20260611,시행규칙,LAW-KR-CTEC|시행규칙
DOC-000015,LAW-KR-000006,재난 및 안전관리 기본법,v2_법령목록,statutory,act,2,,by_layer,norm:Act,true,,true,nlic_api_20260920t,,,,,282883,21313,20260121,20260722,법률,LAW-KR-DSMB|법률
DOC-000016,LAW-KR-000006,재난 및 안전관리 기본법 시행령,v2_법령목록,statutory,presidential_decree,3,,by_layer,norm:PresidentialDecree,true,,true,nlic_api_20260920t,,,,,288259,36516,20260721,20260722,시행령,LAW-KR-DSMB|시행령
DOC-000017,LAW-KR-000006,재난 및 안전관리 기본법 시행규칙,v2_법령목록,statutory,ministerial_ordinance,4,,by_layer,norm:EnforcementRule,true,,true,nlic_api_20260920t,,,,,272675,00567,20250701,20250708,시행규칙,LAW-KR-DSMB|시행규칙
DOC-000018,LAW-KR-000007,승강기 안전관리법,v2_법령목록,statutory,act,2,,by_layer,norm:Act,true,,true,nlic_api_20260920t,,,,,259475,20159,20240130,20250131,법률,LAW-KR-ELEV|법률
DOC-000019,LAW-KR-000007,승강기 안전관리법 시행령,v2_법령목록,statutory,presidential_decree,3,,by_layer,norm:PresidentialDecree,true,,true,nlic_api_20260920t,,,,,282981,36055,20260127,20260201,시행령,LAW-KR-ELEV|시행령
DOC-000020,LAW-KR-000007,승강기 안전관리법 시행규칙,v2_법령목록,statutory,ministerial_ordinance,4,,by_layer,norm:EnforcementRule,true,,true,nlic_api_20260920t,,,,,288485,00633,20260729,20260830,시행규칙,LAW-KR-ELEV|시행규칙
DOC-000021,LAW-KR-000008,전기안전관리법,v2_법령목록,statutory,act,2,,by_layer,norm:Act,true,,true,nlic_api_20260920t,,,,,284385,21467,20260317,20260918,법률,LAW-KR-ELSA|법률
DOC-000022,LAW-KR-000008,전기안전관리법 시행령,v2_법령목록,statutory,presidential_decree,3,,by_layer,norm:PresidentialDecree,true,,true,nlic_api_20260920t,,,,,282333,35998,20260102,20260102,시행령,LAW-KR-ELSA|시행령
DOC-000023,LAW-KR-000008,전기안전관리법 시행규칙,v2_법령목록,statutory,ministerial_ordinance,4,,by_layer,norm:EnforcementRule,true,,true,nlic_api_20260920t,,,,,289265,00056,20260831,20260918,시행규칙,LAW-KR-ELSA|시행규칙
DOC-000024,LAW-KR-000009,소방시설 설치 및 관리에 관한 법률,v2_법령목록,statutory,act,2,,by_layer,norm:Act,true,,true,nlic_api_20260920t,,,,,236977,18522,20211130,20221201,법률,LAW-KR-FIRE|법률
DOC-000025,LAW-KR-000009,소방시설 설치 및 관리에 관한 법률 시행령,v2_법령목록,statutory,presidential_decree,3,,by_layer,norm:PresidentialDecree,true,,true,nlic_api_20260920t,,,,,287375,36432,20260623,20260701,시행령,LAW-KR-FIRE|시행령
DOC-000026,LAW-KR-000009,소방시설 설치 및 관리에 관한 법률 시행규칙,v2_법령목록,statutory,ministerial_ordinance,4,,by_layer,norm:EnforcementRule,true,,true,nlic_api_20260920t,,,,,287831,00628,20260701,20260701,시행규칙,LAW-KR-FIRE|시행규칙
DOC-000027,LAW-KR-000010,식품위생법,v2_법령목록,statutory,act,2,,by_layer,norm:Act,true,,true,nlic_api_20260920t,,,,,277149,21065,20251001,20251001,법률,LAW-KR-FOOD|법률
DOC-000028,LAW-KR-000010,식품위생법 시행령,v2_법령목록,statutory,presidential_decree,3,,by_layer,norm:PresidentialDecree,true,,true,nlic_api_20260920t,,,,,288767,36593,20260818,20260818,시행령,LAW-KR-FOOD|시행령
DOC-000029,LAW-KR-000010,식품위생법 시행규칙,v2_법령목록,statutory,ministerial_ordinance,4,,by_layer,norm:EnforcementRule,true,,true,nlic_api_20260920t,,,,,289161,02150,20260901,20260901,시행규칙,LAW-KR-FOOD|시행규칙
DOC-000030,LAW-KR-000011,시설물의 안전 및 유지관리에 관한 특별법,v2_법령목록,statutory,act,2,,by_layer,norm:Act,true,,true,nlic_api_20260920t,,,,,283765,21411,20260227,20260828,법률,LAW-KR-FSAM|법률
DOC-000031,LAW-KR-000011,시설물의 안전 및 유지관리에 관한 특별법 시행령,v2_법령목록,statutory,presidential_decree,3,,by_layer,norm:PresidentialDecree,true,,true,nlic_api_20260920u,,,,,289677,36689,20260915,20260915,시행령,LAW-KR-FSAM|시행령
DOC-000032,LAW-KR-000011,시설물의 안전 및 유지관리에 관한 특별법 시행규칙,v2_법령목록,statutory,ministerial_ordinance,4,,by_layer,norm:EnforcementRule,true,,true,nlic_api_20260920t,,,,,288721,01613,20260814,20260828,시행규칙,LAW-KR-FSAM|시행규칙
DOC-000033,LAW-KR-000012,위험물안전관리법,v2_법령목록,statutory,act,2,,by_layer,norm:Act,true,,true,nlic_api_20260920t,,,,,259933,20231,20240206,20250807,법률,LAW-KR-HAZM|법률
DOC-000034,LAW-KR-000012,위험물안전관리법 시행령,v2_법령목록,statutory,presidential_decree,3,,by_layer,norm:PresidentialDecree,true,,true,nlic_api_20260920t,,,,,287381,36432,20260623,20260701,시행령,LAW-KR-HAZM|시행령
DOC-000035,LAW-KR-000012,위험물안전관리법 시행규칙,v2_법령목록,statutory,ministerial_ordinance,4,,by_layer,norm:EnforcementRule,true,,true,nlic_api_20260920t,,,,,287841,00628,20260701,20260701,시행규칙,LAW-KR-HAZM|시행규칙
DOC-000036,LAW-KR-000013,고압가스 안전관리법,v2_법령목록,statutory,act,2,,by_layer,norm:Act,true,,true,nlic_api_20260920t,,,,,283919,21438,20260310,20260310,법률,LAW-KR-HPGS|법률
DOC-000037,LAW-KR-000013,고압가스 안전관리법 시행령,v2_법령목록,statutory,presidential_decree,3,,by_layer,norm:PresidentialDecree,true,,true,nlic_api_20260920t,,,,,286839,36400,20260609,20260609,시행령,LAW-KR-HPGS|시행령
DOC-000038,LAW-KR-000013,고압가스 안전관리법 시행규칙,v2_법령목록,statutory,ministerial_ordinance,4,,by_layer,norm:EnforcementRule,true,,true,nlic_api_20260920t,,,,,286887,00015,20260611,20260611,시행규칙,LAW-KR-HPGS|시행규칙
DOC-000039,LAW-KR-000014,연구실 안전환경 조성에 관한 법률,v2_법령목록,statutory,act,2,,by_layer,norm:Act,true,,true,nlic_api_20260920t,,,,,283355,21349,20260219,20260520,법률,LAW-KR-LABS|법률
DOC-000040,LAW-KR-000014,연구실 안전환경 조성에 관한 법률 시행령,v2_법령목록,statutory,presidential_decree,3,,by_layer,norm:PresidentialDecree,true,,true,nlic_api_20260920t,,,,,286181,36330,20260519,20260520,시행령,LAW-KR-LABS|시행령
DOC-000041,LAW-KR-000014,연구실 안전환경 조성에 관한 법률 시행규칙,v2_법령목록,statutory,ministerial_ordinance,4,,by_layer,norm:EnforcementRule,true,,true,nlic_api_20260920t,,,,,283229,00163,20260130,20260201,시행규칙,LAW-KR-LABS|시행규칙
DOC-000042,LAW-KR-000015,액화석유가스의 안전관리 및 사업법,v2_법령목록,statutory,act,2,,by_layer,norm:Act,true,,true,nlic_api_20260920t,,,,,276549,21065,20251001,20251001,법률,LAW-KR-LPGS|법률
DOC-000043,LAW-KR-000015,액화석유가스의 안전관리 및 사업법 시행령,v2_법령목록,statutory,presidential_decree,3,,by_layer,norm:PresidentialDecree,true,,true,nlic_api_20260920t,,,,,278387,35803,20251001,20251001,시행령,LAW-KR-LPGS|시행령
DOC-000044,LAW-KR-000015,액화석유가스의 안전관리 및 사업법 시행규칙,v2_법령목록,statutory,ministerial_ordinance,4,,by_layer,norm:EnforcementRule,true,,true,nlic_api_20260920t,,,,,282369,00004,20251230,20260102,시행규칙,LAW-KR-LPGS|시행규칙
DOC-000045,LAW-KR-000016,해사안전기본법,v2_법령목록,statutory,act,2,,by_layer,norm:Act,true,,true,nlic_api_20260920t,,,,,252901,19572,20230725,20240126,법률,LAW-KR-MARB|법률
DOC-000046,LAW-KR-000016,해사안전기본법 시행령,v2_법령목록,statutory,presidential_decree,3,,by_layer,norm:PresidentialDecree,true,,true,nlic_api_20260920t,,,,,258873,34152,20240116,20240126,시행령,LAW-KR-MARB|시행령
DOC-000047,LAW-KR-000016,해사안전기본법 시행규칙,v2_법령목록,statutory,ministerial_ordinance,4,,by_layer,norm:EnforcementRule,true,,true,nlic_api_20260920t,,,,,260153,00651,20240205,20240126,시행규칙,LAW-KR-MARB|시행규칙
DOC-000048,LAW-KR-000017,광산안전법,v2_법령목록,statutory,act,2,,by_layer,norm:Act,true,,true,nlic_api_20260920t,,,,,276465,21065,20251001,20251001,법률,LAW-KR-MINE|법률
DOC-000049,LAW-KR-000017,광산안전법 시행령,v2_법령목록,statutory,presidential_decree,3,,by_layer,norm:PresidentialDecree,true,,true,nlic_api_20260920t,,,,,278299,35803,20251001,20251001,시행령,LAW-KR-MINE|시행령
DOC-000050,LAW-KR-000017,광산안전법 시행규칙,v2_법령목록,statutory,ministerial_ordinance,4,,by_layer,norm:EnforcementRule,true,,true,nlic_api_20260920t,,,,,278695,00001,20251001,20251001,시행규칙,LAW-KR-MINE|시행규칙
DOC-000051,LAW-KR-000018,다중이용업소의 안전관리에 관한 특별법,v2_법령목록,statutory,act,2,,by_layer,norm:Act,true,,true,nlic_api_20260920t,,,,,247231,19157,20230103,20240104,법률,LAW-KR-MUSE|법률
DOC-000052,LAW-KR-000018,다중이용업소의 안전관리에 관한 특별법 시행령,v2_법령목록,statutory,presidential_decree,3,,by_layer,norm:PresidentialDecree,true,,true,nlic_api_20260920t,,,,,287233,36432,20260623,20260701,시행령,LAW-KR-MUSE|시행령
DOC-000053,LAW-KR-000018,다중이용업소의 안전관리에 관한 특별법 시행규칙,v2_법령목록,statutory,ministerial_ordinance,4,,by_layer,norm:EnforcementRule,true,,true,nlic_api_20260920t,,,,,287773,00628,20260701,20260701,시행규칙,LAW-KR-MUSE|시행규칙
DOC-000054,LAW-KR-000019,원자력안전법,v2_법령목록,statutory,act,2,,by_layer,norm:Act,true,,true,nlic_api_20260920t,,,,,286119,21679,20260519,20270101,법률,LAW-KR-NUKE|법률
DOC-000055,LAW-KR-000019,원자력안전법 시행령,v2_법령목록,statutory,presidential_decree,3,,by_layer,norm:PresidentialDecree,true,,true,nlic_api_20260920t,,,,,289453,36664,20260908,20260908,시행령,LAW-KR-NUKE|시행령
DOC-000056,LAW-KR-000019,원자력안전법 시행규칙,v2_법령목록,statutory,ministerial_ordinance,4,,by_layer,norm:EnforcementRule,true,,true,nlic_api_20260920t,,,,,289525,02154,20260908,20260908,시행규칙,LAW-KR-NUKE|시행규칙
DOC-000057,LAW-KR-000020,산업안전보건법,v2_법령목록,statutory,act,2,,by_layer,norm:Act,true,,true,nlic_api_20260920t,,,,,283449,21374,20260219,20260601,법률,LAW-KR-OSHA|법률
DOC-000058,LAW-KR-000020,산업안전보건법 시행령,v2_법령목록,statutory,presidential_decree,3,,by_layer,norm:PresidentialDecree,true,,true,nlic_api_20260920t,,,,,288347,36540,20260728,20260801,시행령,LAW-KR-OSHA|시행령
DOC-000059,LAW-KR-000020,산업안전보건법 시행규칙,v2_법령목록,statutory,ministerial_ordinance,4,,by_layer,norm:EnforcementRule,true,,true,nlic_api_20260920t,,,,,288431,00477,20260728,20260801,시행규칙,LAW-KR-OSHA|시행규칙
DOC-000060,LAW-KR-000020,산업안전보건기준에 관한 규칙,v2_법령목록,statutory,ministerial_ordinance,4,,by_layer,norm:SeparateMinisterialRule,true,,true,nlic_api_20260917,,,,대표,273603,00450,20250901,20250901,부령규칙,LAW-KR-OSHA|안전보건규칙
DOC-000061,LAW-KR-000021,철도안전법,v2_법령목록,statutory,act,2,,by_layer,norm:Act,true,,true,nlic_api_20260920t,,,,,280129,21188,20251202,20260303,법률,LAW-KR-RAIL|법률
DOC-000062,LAW-KR-000021,철도안전법 시행령,v2_법령목록,statutory,presidential_decree,3,,by_layer,norm:PresidentialDecree,true,,true,nlic_api_20260920t,,,,,284881,36220,20260324,20260324,시행령,LAW-KR-RAIL|시행령
DOC-000063,LAW-KR-000021,철도안전법 시행규칙,v2_법령목록,statutory,ministerial_ordinance,4,,by_layer,norm:EnforcementRule,true,,true,nlic_api_20260920t,,,,,285103,01571,20260324,20260324,시행규칙,LAW-KR-RAIL|시행규칙
DOC-000064,LAW-KR-000022,어린이안전관리에 관한 법률,v2_법령목록,statutory,act,2,,by_layer,norm:Act,true,,true,nlic_api_20260920t,,,,,260823,20357,20240227,20250828,법률,LAW-KR-RL100|법률
DOC-000065,LAW-KR-000022,어린이안전관리에 관한 법률 시행령,v2_법령목록,statutory,presidential_decree,3,,by_layer,norm:PresidentialDecree,true,,true,nlic_api_20260920t,,,,,260523,34215,20240213,20240217,시행령,LAW-KR-RL100|시행령
DOC-000066,LAW-KR-000022,어린이안전관리에 관한 법률 시행규칙,v2_법령목록,statutory,ministerial_ordinance,4,,by_layer,norm:EnforcementRule,true,,true,nlic_api_20260920t,,,,,223271,00210,20201127,20201127,시행규칙,LAW-KR-RL100|시행규칙
DOC-000067,LAW-KR-000023,자연공원법,v2_법령목록,statutory,act,2,,by_layer,norm:Act,true,,true,nlic_api_20260920t,,,,,288003,21848,20260707,20260707,법률,LAW-KR-RL101|법률
DOC-000068,LAW-KR-000023,자연공원법 시행령,v2_법령목록,statutory,presidential_decree,3,,by_layer,norm:PresidentialDecree,true,,true,nlic_api_20260920t,,,,,288825,36586,20260818,20260918,시행령,LAW-KR-RL101|시행령
DOC-000069,LAW-KR-000024,도시공원 및 녹지 등에 관한 법률,v2_법령목록,statutory,act,2,,by_layer,norm:Act,true,,true,nlic_api_20260920t,,,,,273419,21039,20250826,20260827,법률,LAW-KR-RL102|법률
DOC-000070,LAW-KR-000024,도시공원 및 녹지 등에 관한 법률 시행규칙,v2_법령목록,statutory,ministerial_ordinance,4,,by_layer,norm:EnforcementRule,true,,true,nlic_api_20260920t,,,,,289033,01615,20260825,20260827,시행규칙,LAW-KR-RL102|시행규칙
DOC-000071,LAW-KR-000025,공항시설법,v2_법령목록,statutory,act,2,,by_layer,norm:Act,true,,true,nlic_api_20260920t,,,,,273399,21037,20250826,20260227,법률,LAW-KR-RL103|법률
DOC-000072,LAW-KR-000025,공항시설법 시행령,v2_법령목록,statutory,presidential_decree,3,,by_layer,norm:PresidentialDecree,true,,true,nlic_api_20260920t,,,,,288853,36587,20260818,20260918,시행령,LAW-KR-RL103|시행령
DOC-000073,LAW-KR-000025,공항시설법 시행규칙,v2_법령목록,statutory,ministerial_ordinance,4,,by_layer,norm:EnforcementRule,true,,true,nlic_api_20260920t,,,,,289843,01621,20260915,20260915,시행규칙,LAW-KR-RL103|시행규칙
DOC-000074,LAW-KR-000026,전시산업발전법,v2_법령목록,statutory,act,2,,by_layer,norm:Act,true,,true,nlic_api_20260920t,,,,,283983,21438,20260310,20260310,법률,LAW-KR-RL104|법률
DOC-000075,LAW-KR-000026,전시산업발전법 시행령,v2_법령목록,statutory,presidential_decree,3,,by_layer,norm:PresidentialDecree,true,,true,nlic_api_20260920t,,,,,278433,35803,20251001,20251001,시행령,LAW-KR-RL104|시행령
DOC-000076,LAW-KR-000026,전시산업발전법 시행규칙,v2_법령목록,statutory,ministerial_ordinance,4,,by_layer,norm:EnforcementRule,true,,true,nlic_api_20260920t,,,,,278773,00001,20251001,20251001,시행규칙,LAW-KR-RL104|시행규칙
DOC-000077,LAW-KR-000027,농어촌도로 정비법,v2_법령목록,statutory,act,2,,by_layer,norm:Act,true,,true,nlic_api_20260920t,,,,,246687,19117,20221227,20230628,법률,LAW-KR-RL105|법률
DOC-000078,LAW-KR-000027,농어촌도로 정비법 시행령,v2_법령목록,statutory,presidential_decree,3,,by_layer,norm:PresidentialDecree,true,,true,nlic_api_20260920t,,,,,262803,34533,20240528,20240528,시행령,LAW-KR-RL105|시행령
DOC-000079,LAW-KR-000027,농어촌도로 정비법 시행규칙,v2_법령목록,statutory,ministerial_ordinance,4,,by_layer,norm:EnforcementRule,true,,true,nlic_api_20260920t,,,,,235315,00274,20210907,20210907,시행규칙,LAW-KR-RL105|시행규칙
DOC-000080,LAW-KR-000028,철도산업발전기본법,v2_법령목록,statutory,act,2,,by_layer,norm:Act,true,,true,nlic_api_20260920t,,,,,286949,21818,20260616,20260917,법률,LAW-KR-RL106|법률
DOC-000081,LAW-KR-000028,철도산업발전기본법시행령,v2_법령목록,statutory,presidential_decree,3,,by_layer,norm:PresidentialDecree,true,,true,nlic_api_20260920t,,,,,289693,36689,20260915,20260915,시행령,LAW-KR-RL106|시행령
DOC-000082,LAW-KR-000028,철도산업발전기본법시행규칙,v2_법령목록,statutory,ministerial_ordinance,4,,by_layer,norm:EnforcementRule,true,,true,nlic_api_20260920t,,,,,289873,01621,20260915,20260915,시행규칙,LAW-KR-RL106|시행규칙
DOC-000083,LAW-KR-000029,해운법,v2_법령목록,statutory,act,2,,by_layer,norm:Act,true,,true,nlic_api_20260920t,,,,,286933,21825,20260616,20270101,법률,LAW-KR-RL107|법률
DOC-000084,LAW-KR-000029,해운법 시행령,v2_법령목록,statutory,presidential_decree,3,,by_layer,norm:PresidentialDecree,true,,true,nlic_api_20260920t,,,,,289023,36639,20260901,20260901,시행령,LAW-KR-RL107|시행령
DOC-000085,LAW-KR-000029,해운법 시행규칙,v2_법령목록,statutory,ministerial_ordinance,4,,by_layer,norm:EnforcementRule,true,,true,nlic_api_20260920t,,,,,288193,00807,20260713,20260713,시행규칙,LAW-KR-RL107|시행규칙
DOC-000086,LAW-KR-000030,농약관리법,v2_법령목록,statutory,act,2,,by_layer,norm:Act,true,,true,nlic_api_20260920t,,,,,285915,21617,20260512,20260512,법률,LAW-KR-RL108|법률
DOC-000087,LAW-KR-000030,농약관리법 시행규칙,v2_법령목록,statutory,ministerial_ordinance,4,,by_layer,norm:EnforcementRule,true,,true,nlic_api_20260920t,,,,,285109,00759,20260324,20260324,시행규칙,LAW-KR-RL108|시행규칙
DOC-000088,LAW-KR-000031,마약류 관리에 관한 법률,v2_법령목록,statutory,act,2,,by_layer,norm:Act,true,,true,nlic_api_20260920t,,,,,286167,21691,20260526,20270527,법률,LAW-KR-RL109|법률
DOC-000089,LAW-KR-000031,마약류 관리에 관한 법률 시행령,v2_법령목록,statutory,presidential_decree,3,,by_layer,norm:PresidentialDecree,true,,true,nlic_api_20260920t,,,,,282953,36055,20260127,20260201,시행령,LAW-KR-RL109|시행령
DOC-000090,LAW-KR-000032,비료관리법,v2_법령목록,statutory,act,2,,by_layer,norm:Act,true,,true,nlic_api_20260920t,,,,,276443,21065,20251001,20251001,법률,LAW-KR-RL110|법률
DOC-000091,LAW-KR-000032,비료관리법 시행령,v2_법령목록,statutory,presidential_decree,3,,by_layer,norm:PresidentialDecree,true,,true,nlic_api_20260920t,,,,,247183,33192,20221230,20221230,시행령,LAW-KR-RL110|시행령
DOC-000092,LAW-KR-000032,비료관리법 시행규칙,v2_법령목록,statutory,ministerial_ordinance,4,,by_layer,norm:EnforcementRule,true,,true,nlic_api_20260920t,,,,,253689,00603,20230807,20230807,시행규칙,LAW-KR-RL110|시행규칙
DOC-000093,LAW-KR-000033,생활화학제품 및 살생물제의 안전관리에 관한 법률,v2_법령목록,statutory,act,2,,by_layer,norm:Act,true,,true,nlic_api_20260920t,,,,,282555,21310,20251231,20260701,법률,LAW-KR-RL111|법률
DOC-000094,LAW-KR-000033,생활화학제품 및 살생물제의 안전관리에 관한 법률 시행령,v2_법령목록,statutory,presidential_decree,3,,by_layer,norm:PresidentialDecree,true,,true,nlic_api_20260920t,,,,,285975,36326,20260512,20260512,시행령,LAW-KR-RL111|시행령
DOC-000095,LAW-KR-000034,의료기기법,v2_법령목록,statutory,act,2,,by_layer,norm:Act,true,,true,nlic_api_20260920t,,,,,289781,21949,20260915,20270316,법률,LAW-KR-RL112|법률
DOC-000096,LAW-KR-000034,의료기기법 시행령,v2_법령목록,statutory,presidential_decree,3,,by_layer,norm:PresidentialDecree,true,,true,nlic_api_20260920t,,,,,287221,36445,20260623,20260701,시행령,LAW-KR-RL112|시행령
DOC-000097,LAW-KR-000034,의료기기법 시행규칙,v2_법령목록,statutory,ministerial_ordinance,4,,by_layer,norm:EnforcementRule,true,,true,nlic_api_20260920t,,,,,287877,02127,20260701,20260701,시행규칙,LAW-KR-RL112|시행규칙
DOC-000098,LAW-KR-000035,기업활동 규제완화에 관한 특별조치법,v2_법령목록,statutory,act,2,,by_layer,norm:Act,true,,true,nlic_api_20260920t,,,,,276485,21065,20251001,20251001,법률,LAW-KR-RL113|법률
DOC-000099,LAW-KR-000035,기업활동 규제완화에 관한 특별조치법 시행령,v2_법령목록,statutory,presidential_decree,3,,by_layer,norm:PresidentialDecree,true,,true,nlic_api_20260920t,,,,,278319,35803,20251001,20251001,시행령,LAW-KR-RL113|시행령
DOC-000100,LAW-KR-000035,기업활동 규제완화에 관한 특별조치법 시행규칙,v2_법령목록,statutory,ministerial_ordinance,4,,by_layer,norm:EnforcementRule,true,,true,nlic_api_20260920t,,,,,278709,00001,20251001,20251001,시행규칙,LAW-KR-RL113|시행규칙
DOC-000101,LAW-KR-000036,전파법,v2_법령목록,statutory,act,2,,by_layer,norm:Act,true,,true,nlic_api_20260920t,,,,,276245,21065,20251001,20260102,법률,LAW-KR-RL114|법률
DOC-000102,LAW-KR-000036,전파법 시행령,v2_법령목록,statutory,presidential_decree,3,,by_layer,norm:PresidentialDecree,true,,true,nlic_api_20260920t,,,,,278235,35801,20251001,20251001,시행령,LAW-KR-RL114|시행령
DOC-000103,LAW-KR-000036,전파법 시행규칙,v2_법령목록,statutory,ministerial_ordinance,4,,by_layer,norm:EnforcementRule,true,,true,nlic_api_20260920t,,,,,279105,00156,20251001,20251001,시행규칙,LAW-KR-RL114|시행규칙
DOC-000104,LAW-KR-000037,공공기관의 운영에 관한 법률,v2_법령목록,statutory,act,2,,by_layer,norm:Act,true,,true,nlic_api_20260920t,,,,,276057,21065,20251001,20260102,법률,LAW-KR-RL115|법률
DOC-000105,LAW-KR-000037,공공기관의 운영에 관한 법률 시행령,v2_법령목록,statutory,presidential_decree,3,,by_layer,norm:PresidentialDecree,true,,true,nlic_api_20260920t,,,,,280787,35947,20251230,20260102,시행령,LAW-KR-RL115|시행령
DOC-000106,LAW-KR-000038,기상관측표준화법,v2_법령목록,statutory,act,2,,by_layer,norm:Act,true,,true,nlic_api_20260920t,,,,,277217,21065,20251001,20251001,법률,LAW-KR-RL116|법률
DOC-000107,LAW-KR-000038,기상관측표준화법 시행규칙,v2_법령목록,statutory,ministerial_ordinance,4,,by_layer,norm:EnforcementRule,true,,true,nlic_api_20260920t,,,,,279337,00003,20251030,20251030,시행규칙,LAW-KR-RL116|시행규칙
DOC-000108,LAW-KR-000039,항로표지법,v2_법령목록,statutory,act,2,,by_layer,norm:Act,true,,true,nlic_api_20260920t,,,,,270843,20947,20250422,20250422,법률,LAW-KR-RL117|법률
DOC-000109,LAW-KR-000039,항로표지법 시행규칙,v2_법령목록,statutory,ministerial_ordinance,4,,by_layer,norm:EnforcementRule,true,,true,nlic_api_20260920t,,,,,279303,00767,20251028,20251028,시행규칙,LAW-KR-RL117|시행규칙
DOC-000110,LAW-KR-000040,계량에 관한 법률,v2_법령목록,statutory,act,2,,by_layer,norm:Act,true,,true,nlic_api_20260920t,,,,,280029,21151,20251202,20260303,법률,LAW-KR-RL118|법률
DOC-000111,LAW-KR-000040,계량에 관한 법률 시행령,v2_법령목록,statutory,presidential_decree,3,,by_layer,norm:PresidentialDecree,true,,true,nlic_api_20260920t,,,,,278291,35803,20251001,20251001,시행령,LAW-KR-RL118|시행령
DOC-000112,LAW-KR-000040,계량에 관한 법률 시행규칙,v2_법령목록,statutory,ministerial_ordinance,4,,by_layer,norm:EnforcementRule,true,,true,nlic_api_20260920t,,,,,289529,00020,20260908,20260908,시행규칙,LAW-KR-RL118|시행규칙
DOC-000113,LAW-KR-000041,선박의 입항 및 출항 등에 관한 법률,v2_법령목록,statutory,act,2,,by_layer,norm:Act,true,,true,nlic_api_20260920t,,,,,285971,21638,20260512,20261113,법률,LAW-KR-RL119|법률
DOC-000114,LAW-KR-000041,선박의 입항 및 출항 등에 관한 법률 시행령,v2_법령목록,statutory,presidential_decree,3,,by_layer,norm:PresidentialDecree,true,,true,nlic_api_20260920t,,,,,256609,33913,20231212,20231212,시행령,LAW-KR-RL119|시행령
DOC-000115,LAW-KR-000041,선박의 입항 및 출항 등에 관한 법률 시행규칙,v2_법령목록,statutory,ministerial_ordinance,4,,by_layer,norm:EnforcementRule,true,,true,nlic_api_20260920t,,,,,266487,00703,20241113,20241113,시행규칙,LAW-KR-RL119|시행규칙
DOC-000116,LAW-KR-000042,녹색건축물 조성 지원법,v2_법령목록,statutory,act,2,,by_layer,norm:Act,true,,true,nlic_api_20260920t,,,,,284351,21467,20260317,20260918,법률,LAW-KR-RL120|법률
DOC-000117,LAW-KR-000042,녹색건축물 조성 지원법 시행령,v2_법령목록,statutory,presidential_decree,3,,by_layer,norm:PresidentialDecree,true,,true,nlic_api_20260920t,,,,,285225,36231,20260331,20260331,시행령,LAW-KR-RL120|시행령
DOC-000118,LAW-KR-000042,녹색건축물 조성 지원법 시행규칙,v2_법령목록,statutory,ministerial_ordinance,4,,by_layer,norm:EnforcementRule,true,,true,nlic_api_20260920t,,,,,267443,01422,20241223,20250101,시행규칙,LAW-KR-RL120|시행규칙
DOC-000119,LAW-KR-000043,근로자참여 및 협력증진에 관한 법률,v2_법령목록,statutory,act,2,,by_layer,norm:Act,true,,true,nlic_api_20260920t,,,,,243063,18927,20220610,20221211,법률,LAW-KR-RL121|법률
DOC-000120,LAW-KR-000043,근로자참여 및 협력증진에 관한 법률 시행령,v2_법령목록,statutory,presidential_decree,3,,by_layer,norm:PresidentialDecree,true,,true,nlic_api_20260920t,,,,,245235,32983,20221108,20221211,시행령,LAW-KR-RL121|시행령
DOC-000121,LAW-KR-000043,근로자참여 및 협력증진에 관한 법률 시행규칙,v2_법령목록,statutory,ministerial_ordinance,4,,by_layer,norm:EnforcementRule,true,,true,nlic_api_20260920t,,,,,251789,00381,20230608,20230608,시행규칙,LAW-KR-RL121|시행규칙
DOC-000122,LAW-KR-000044,파견근로자 보호 등에 관한 법률,v2_법령목록,statutory,act,2,,by_layer,norm:Act,true,,true,nlic_api_20260920t,,,,,286257,21701,20260526,20260526,법률,LAW-KR-RL122|법률
DOC-000123,LAW-KR-000044,파견근로자 보호 등에 관한 법률 시행령,v2_법령목록,statutory,presidential_decree,3,,by_layer,norm:PresidentialDecree,true,,true,nlic_api_20260920t,,,,,272523,35597,20250620,20250621,시행령,LAW-KR-RL122|시행령
DOC-000124,LAW-KR-000044,파견근로자 보호 등에 관한 법률 시행규칙,v2_법령목록,statutory,ministerial_ordinance,4,,by_layer,norm:EnforcementRule,true,,true,nlic_api_20260920t,,,,,263205,00416,20240612,20240612,시행규칙,LAW-KR-RL122|시행규칙
DOC-000125,LAW-KR-000045,수소경제 육성 및 수소 안전관리에 관한 법률,v2_법령목록,statutory,act,2,,by_layer,norm:Act,true,,true,nlic_api_20260920t,,,,,284335,21467,20260317,20260918,법률,LAW-KR-RL123|법률
DOC-000126,LAW-KR-000045,수소경제 육성 및 수소 안전관리에 관한 법률 시행령,v2_법령목록,statutory,presidential_decree,3,,by_layer,norm:PresidentialDecree,true,,true,nlic_api_20260920t,,,,,288843,36587,20260818,20260918,시행령,LAW-KR-RL123|시행령
DOC-000127,LAW-KR-000045,수소경제 육성 및 수소 안전관리에 관한 법률 시행규칙,v2_법령목록,statutory,ministerial_ordinance,4,,by_layer,norm:EnforcementRule,true,,true,nlic_api_20260920t,,,,,289247,00056,20260831,20260918,시행규칙,LAW-KR-RL123|시행규칙
DOC-000128,LAW-KR-000046,지속가능한 기반시설 관리 기본법,v2_법령목록,statutory,act,2,,by_layer,norm:Act,true,,true,nlic_api_20260920t,,,,,237427,18564,20211207,20221208,법률,LAW-KR-RL124|법률
DOC-000129,LAW-KR-000046,지속가능한 기반시설 관리 기본법 시행령,v2_법령목록,statutory,presidential_decree,3,,by_layer,norm:PresidentialDecree,true,,true,nlic_api_20260920t,,,,,281293,35947,20251230,20260102,시행령,LAW-KR-RL124|시행령
DOC-000130,LAW-KR-000046,지속가능한 기반시설 관리 기본법 시행규칙,v2_법령목록,statutory,ministerial_ordinance,4,,by_layer,norm:EnforcementRule,true,,true,nlic_api_20260920t,,,,,282383,01553,20251230,20260102,시행규칙,LAW-KR-RL124|시행규칙
DOC-000131,LAW-KR-000047,미세먼지 저감 및 관리에 관한 특별법,v2_법령목록,statutory,act,2,,by_layer,norm:Act,true,,true,nlic_api_20260920t,,,,,283033,21316,20260127,20260127,법률,LAW-KR-RL125|법률
DOC-000132,LAW-KR-000047,미세먼지 저감 및 관리에 관한 특별법 시행령,v2_법령목록,statutory,presidential_decree,3,,by_layer,norm:PresidentialDecree,true,,true,nlic_api_20260920t,,,,,281191,35947,20251230,20260102,시행령,LAW-KR-RL125|시행령
DOC-000133,LAW-KR-000047,미세먼지 저감 및 관리에 관한 특별법 시행규칙,v2_법령목록,statutory,ministerial_ordinance,4,,by_layer,norm:EnforcementRule,true,,true,nlic_api_20260920t,,,,,278917,00001,20251001,20251001,시행규칙,LAW-KR-RL125|시행규칙
DOC-000134,LAW-KR-000048,악취방지법,v2_법령목록,statutory,act,2,,by_layer,norm:Act,true,,true,nlic_api_20260920t,,,,,276767,21065,20251001,20251001,법률,LAW-KR-RL126|법률
DOC-000135,LAW-KR-000048,악취방지법 시행령,v2_법령목록,statutory,presidential_decree,3,,by_layer,norm:PresidentialDecree,true,,true,nlic_api_20260920t,,,,,278573,35804,20251001,20251001,시행령,LAW-KR-RL126|시행령
DOC-000136,LAW-KR-000048,악취방지법 시행규칙,v2_법령목록,statutory,ministerial_ordinance,4,,by_layer,norm:EnforcementRule,true,,true,nlic_api_20260920t,,,,,287431,00042,20260622,20260622,시행규칙,LAW-KR-RL126|시행규칙
DOC-000137,LAW-KR-000049,순환경제사회 전환 촉진법,v2_법령목록,statutory,act,2,,by_layer,norm:Act,true,,true,nlic_api_20260920t,,,,,283397,21381,20260219,20260219,법률,LAW-KR-RL127|법률
DOC-000138,LAW-KR-000049,순환경제사회 전환 촉진법 시행령,v2_법령목록,statutory,presidential_decree,3,,by_layer,norm:PresidentialDecree,true,,true,nlic_api_20260920t,,,,,283785,36161,20260303,20260303,시행령,LAW-KR-RL127|시행령
DOC-000139,LAW-KR-000049,순환경제사회 전환 촉진법 시행규칙,v2_법령목록,statutory,ministerial_ordinance,4,,by_layer,norm:EnforcementRule,true,,true,nlic_api_20260920t,,,,,282245,00014,20251230,20251230,시행규칙,LAW-KR-RL127|시행규칙
DOC-000140,LAW-KR-000050,환경오염피해 배상책임 및 구제에 관한 법률,v2_법령목록,statutory,act,2,,by_layer,norm:Act,true,,true,nlic_api_20260920t,,,,,279801,21131,20251111,20260512,법률,LAW-KR-RL128|법률
DOC-000141,LAW-KR-000050,환경오염피해 배상책임 및 구제에 관한 법률 시행령,v2_법령목록,statutory,presidential_decree,3,,by_layer,norm:PresidentialDecree,true,,true,nlic_api_20260920t,,,,,285829,36305,20260506,20260512,시행령,LAW-KR-RL128|시행령
DOC-000142,LAW-KR-000050,환경오염피해 배상책임 및 구제에 관한 법률 시행규칙,v2_법령목록,statutory,ministerial_ordinance,4,,by_layer,norm:EnforcementRule,true,,true,nlic_api_20260920t,,,,,286039,00040,20260512,20260512,시행규칙,LAW-KR-RL128|시행규칙
DOC-000143,LAW-KR-000051,환경분야 시험ㆍ검사 등에 관한 법률,v2_법령목록,statutory,act,2,,by_layer,norm:Act,true,,true,nlic_api_20260920t,,,,,284109,21447,20260305,20260701,법률,LAW-KR-RL129|법률
DOC-000144,LAW-KR-000051,환경분야 시험ㆍ검사 등에 관한 법률 시행령,v2_법령목록,statutory,presidential_decree,3,,by_layer,norm:PresidentialDecree,true,,true,nlic_api_20260920t,,,,,287321,36424,20260623,20260701,시행령,LAW-KR-RL129|시행령
DOC-000145,LAW-KR-000051,환경분야 시험ㆍ검사 등에 관한 법률 시행규칙,v2_법령목록,statutory,ministerial_ordinance,4,,by_layer,norm:EnforcementRule,true,,true,nlic_api_20260920t,,,,,287453,00042,20260622,20260622,시행규칙,LAW-KR-RL129|시행규칙
DOC-000146,LAW-KR-000052,환경기술 및 환경산업 지원법,v2_법령목록,statutory,act,2,,by_layer,norm:Act,true,,true,nlic_api_20260920t,,,,,286769,21782,20260609,20260609,법률,LAW-KR-RL130|법률
DOC-000147,LAW-KR-000052,환경기술 및 환경산업 지원법 시행령,v2_법령목록,statutory,presidential_decree,3,,by_layer,norm:PresidentialDecree,true,,true,nlic_api_20260920t,,,,,284515,36185,20260317,20260319,시행령,LAW-KR-RL130|시행령
DOC-000148,LAW-KR-000052,환경기술 및 환경산업 지원법 시행규칙,v2_법령목록,statutory,ministerial_ordinance,4,,by_layer,norm:EnforcementRule,true,,true,nlic_api_20260920t,,,,,284965,00025,20260319,20260319,시행규칙,LAW-KR-RL130|시행규칙
DOC-000149,LAW-KR-000053,물의 재이용 촉진 및 지원에 관한 법률,v2_법령목록,statutory,act,2,,by_layer,norm:Act,true,,true,nlic_api_20260920t,,,,,286775,21779,20260609,20261210,법률,LAW-KR-RL131|법률
DOC-000150,LAW-KR-000053,물의 재이용 촉진 및 지원에 관한 법률 시행령,v2_법령목록,statutory,presidential_decree,3,,by_layer,norm:PresidentialDecree,true,,true,nlic_api_20260920t,,,,,286137,36338,20260519,20260603,시행령,LAW-KR-RL131|시행령
DOC-000151,LAW-KR-000053,물의 재이용 촉진 및 지원에 관한 법률 시행규칙,v2_법령목록,statutory,ministerial_ordinance,4,,by_layer,norm:EnforcementRule,true,,true,nlic_api_20260920t,,,,,279837,00005,20251111,20251111,시행규칙,LAW-KR-RL131|시행규칙
DOC-000152,LAW-KR-000054,지하수법,v2_법령목록,statutory,act,2,,by_layer,norm:Act,true,,true,nlic_api_20260920t,,,,,276791,21065,20251001,20251001,법률,LAW-KR-RL132|법률
DOC-000153,LAW-KR-000054,지하수법 시행령,v2_법령목록,statutory,presidential_decree,3,,by_layer,norm:PresidentialDecree,true,,true,nlic_api_20260920t,,,,,284875,36220,20260324,20260324,시행령,LAW-KR-RL132|시행령
DOC-000154,LAW-KR-000054,지하수법 시행규칙,v2_법령목록,statutory,ministerial_ordinance,4,,by_layer,norm:EnforcementRule,true,,true,nlic_api_20260920t,,,,,287441,00042,20260622,20260622,시행규칙,LAW-KR-RL132|시행규칙
DOC-000155,LAW-KR-000055,화학물질의 등록 및 평가 등에 관한 법률,v2_법령목록,statutory,act,2,,by_layer,norm:Act,true,,true,nlic_api_20260920t,,,,,279805,21132,20251111,20260512,법률,LAW-KR-RL133|법률
DOC-000156,LAW-KR-000055,화학물질의 등록 및 평가 등에 관한 법률 시행령,v2_법령목록,statutory,presidential_decree,3,,by_layer,norm:PresidentialDecree,true,,true,nlic_api_20260920t,,,,,285827,36304,20260506,20260512,시행령,LAW-KR-RL133|시행령
DOC-000157,LAW-KR-000055,화학물질의 등록 및 평가 등에 관한 법률 시행규칙,v2_법령목록,statutory,ministerial_ordinance,4,,by_layer,norm:EnforcementRule,true,,true,nlic_api_20260920t,,,,,286037,00037,20260512,20260512,시행규칙,LAW-KR-RL133|시행규칙
DOC-000158,LAW-KR-000056,잔류성오염물질 관리법,v2_법령목록,statutory,act,2,,by_layer,norm:Act,true,,true,nlic_api_20260920t,,,,,276787,21065,20251001,20251001,법률,LAW-KR-RL134|법률
DOC-000159,LAW-KR-000056,잔류성오염물질 관리법 시행령,v2_법령목록,statutory,presidential_decree,3,,by_layer,norm:PresidentialDecree,true,,true,nlic_api_20260920t,,,,,282325,35998,20260102,20260102,시행령,LAW-KR-RL134|시행령
DOC-000160,LAW-KR-000056,잔류성오염물질 관리법 시행규칙,v2_법령목록,statutory,ministerial_ordinance,4,,by_layer,norm:EnforcementRule,true,,true,nlic_api_20260920t,,,,,278983,00001,20251001,20251001,시행규칙,LAW-KR-RL134|시행규칙
DOC-000161,LAW-KR-000057,대기관리권역의 대기환경개선에 관한 특별법,v2_법령목록,statutory,act,2,,by_layer,norm:Act,true,,true,nlic_api_20260920t,,,,,276713,21065,20251001,20251001,법률,LAW-KR-RL135|법률
DOC-000162,LAW-KR-000057,대기관리권역의 대기환경개선에 관한 특별법 시행령,v2_법령목록,statutory,presidential_decree,3,,by_layer,norm:PresidentialDecree,true,,true,nlic_api_20260920t,,,,,287109,36423,20260623,20260701,시행령,LAW-KR-RL135|시행령
DOC-000163,LAW-KR-000057,대기관리권역의 대기환경개선에 관한 특별법 시행규칙,v2_법령목록,statutory,ministerial_ordinance,4,,by_layer,norm:EnforcementRule,true,,true,nlic_api_20260920t,,,,,287421,00042,20260622,20260622,시행규칙,LAW-KR-RL135|시행규칙
DOC-000164,LAW-KR-000058,온실가스 배출권의 할당 및 거래에 관한 법률,v2_법령목록,statutory,act,2,,by_layer,norm:Act,true,,true,nlic_api_20260920t,,,,,279295,21071,20251028,20260429,법률,LAW-KR-RL136|법률
DOC-000165,LAW-KR-000058,온실가스 배출권의 할당 및 거래에 관한 법률 시행령,v2_법령목록,statutory,presidential_decree,3,,by_layer,norm:PresidentialDecree,true,,true,nlic_api_20260920t,,,,,285737,36285,20260428,20260429,시행령,LAW-KR-RL136|시행령
DOC-000166,LAW-KR-000059,신에너지 및 재생에너지 개발ㆍ이용ㆍ보급 촉진법,v2_법령목록,statutory,act,2,,by_layer,norm:Act,true,,true,nlic_api,,,,,,,,,법률,LAW-KR-RL137|법률
DOC-000167,LAW-KR-000059,신에너지 및 재생에너지 개발ㆍ이용ㆍ보급 촉진법 시행령,v2_법령목록,statutory,presidential_decree,3,,by_layer,norm:PresidentialDecree,true,,true,nlic_api,,,,,,,,,시행령,LAW-KR-RL137|시행령
DOC-000168,LAW-KR-000059,신에너지 및 재생에너지 개발ㆍ이용ㆍ보급 촉진법 시행규칙,v2_법령목록,statutory,ministerial_ordinance,4,,by_layer,norm:EnforcementRule,true,,true,nlic_api,,,,,,,,,시행규칙,LAW-KR-RL137|시행규칙
DOC-000169,LAW-KR-000060,기후위기 대응을 위한 탄소중립ㆍ녹색성장 기본법,v2_법령목록,statutory,act,2,,by_layer,norm:Act,true,,true,nlic_api_20260920t,,,,,284347,21467,20260317,20260918,법률,LAW-KR-RL138|법률
DOC-000170,LAW-KR-000060,기후위기 대응을 위한 탄소중립ㆍ녹색성장 기본법 시행령,v2_법령목록,statutory,presidential_decree,3,,by_layer,norm:PresidentialDecree,true,,true,nlic_api_20260920t,,,,,288863,36587,20260818,20260918,시행령,LAW-KR-RL138|시행령
DOC-000171,LAW-KR-000061,제조물 책임법,v2_법령목록,statutory,act,2,,by_layer,norm:Act,true,,true,nlic_api_20260920t,,,,,193381,14764,20170418,20180419,법률,LAW-KR-RL139|법률
DOC-000172,LAW-KR-000062,공유수면 관리 및 매립에 관한 법률,v2_법령목록,statutory,act,2,,by_layer,norm:Act,true,,true,nlic_api_20260920t,,,,,284343,21467,20260317,20260918,법률,LAW-KR-RL140|법률
DOC-000173,LAW-KR-000062,공유수면 관리 및 매립에 관한 법률 시행령,v2_법령목록,statutory,presidential_decree,3,,by_layer,norm:PresidentialDecree,true,,true,nlic_api_20260920t,,,,,289719,36686,20260915,20260917,시행령,LAW-KR-RL140|시행령
DOC-000174,LAW-KR-000062,공유수면 관리 및 매립에 관한 법률 시행규칙,v2_법령목록,statutory,ministerial_ordinance,4,,by_layer,norm:EnforcementRule,true,,true,nlic_api_20260920t,,,,,288039,00807,20260713,20260713,시행규칙,LAW-KR-RL140|시행규칙
DOC-000175,LAW-KR-000063,수목원ㆍ정원의 조성 및 진흥에 관한 법률,v2_법령목록,statutory,act,2,,by_layer,norm:Act,true,,true,nlic_api_20260920t,,,,,285157,21507,20260331,20260331,법률,LAW-KR-RL141|법률
DOC-000176,LAW-KR-000063,수목원ㆍ정원의 조성 및 진흥에 관한 법률 시행령,v2_법령목록,statutory,presidential_decree,3,,by_layer,norm:PresidentialDecree,true,,true,nlic_api_20260920t,,,,,284787,36220,20260324,20260324,시행령,LAW-KR-RL141|시행령
DOC-000177,LAW-KR-000063,수목원ㆍ정원의 조성 및 진흥에 관한 법률 시행규칙,v2_법령목록,statutory,ministerial_ordinance,4,,by_layer,norm:EnforcementRule,true,,true,nlic_api_20260920t,,,,,272429,00724,20250620,20250621,시행규칙,LAW-KR-RL141|시행규칙
DOC-000178,LAW-KR-000064,문화유산의 보존 및 활용에 관한 법률,v2_법령목록,statutory,act,2,,by_layer,norm:Act,true,,true,nlic_api_20260920t,,,,,283305,21335,20260210,20260624,법률,LAW-KR-RL142|법률
DOC-000179,LAW-KR-000064,문화유산의 보존 및 활용에 관한 법률 시행령,v2_법령목록,statutory,presidential_decree,3,,by_layer,norm:PresidentialDecree,true,,true,nlic_api_20260920t,,,,,286003,36324,20260512,20260517,시행령,LAW-KR-RL142|시행령
DOC-000180,LAW-KR-000064,문화유산의 보존 및 활용에 관한 법률 시행규칙,v2_법령목록,statutory,ministerial_ordinance,4,,by_layer,norm:EnforcementRule,true,,true,nlic_api_20260920t,,,,,271617,00604,20250605,20250605,시행규칙,LAW-KR-RL142|시행규칙
DOC-000181,LAW-KR-000065,해양환경관리법,v2_법령목록,statutory,act,2,,by_layer,norm:Act,true,,true,nlic_api_20260920t,,,,,283747,21416,20260227,20260828,법률,LAW-KR-RL143|법률
DOC-000182,LAW-KR-000065,해양환경관리법 시행령,v2_법령목록,statutory,presidential_decree,3,,by_layer,norm:PresidentialDecree,true,,true,nlic_api_20260920t,,,,,287499,36478,20260630,20260701,시행령,LAW-KR-RL143|시행령
DOC-000183,LAW-KR-000065,해양환경관리법 시행규칙,v2_법령목록,statutory,ministerial_ordinance,4,,by_layer,norm:EnforcementRule,true,,true,nlic_api_20260920t,,,,,287955,00804,20260701,20260701,시행규칙,LAW-KR-RL143|시행규칙
DOC-000184,LAW-KR-000066,소음ㆍ진동관리법,v2_법령목록,statutory,act,2,,by_layer,norm:Act,true,,true,nlic_api_20260920t,,,,,276753,21065,20251001,20251001,법률,LAW-KR-RL144|법률
DOC-000185,LAW-KR-000066,소음ㆍ진동관리법 시행령,v2_법령목록,statutory,presidential_decree,3,,by_layer,norm:PresidentialDecree,true,,true,nlic_api_20260920t,,,,,284785,36220,20260324,20260324,시행령,LAW-KR-RL144|시행령
DOC-000186,LAW-KR-000066,소음ㆍ진동관리법 시행규칙,v2_법령목록,statutory,ministerial_ordinance,4,,by_layer,norm:EnforcementRule,true,,true,nlic_api_20260920t,,,,,287427,00042,20260622,20260622,시행규칙,LAW-KR-RL144|시행규칙
DOC-000187,LAW-KR-000067,물환경보전법,v2_법령목록,statutory,act,2,,by_layer,norm:Act,true,,true,nlic_api_20260920t,,,,,283441,21368,20260219,20270220,법률,LAW-KR-RL145|법률
DOC-000188,LAW-KR-000067,물환경보전법 시행령,v2_법령목록,statutory,presidential_decree,3,,by_layer,norm:PresidentialDecree,true,,true,nlic_api_20260920t,,,,,284747,36220,20260324,20260324,시행령,LAW-KR-RL145|시행령
DOC-000189,LAW-KR-000067,물환경보전법 시행규칙,v2_법령목록,statutory,ministerial_ordinance,4,,by_layer,norm:EnforcementRule,true,,true,nlic_api_20260920t,,,,,287423,00042,20260622,20260622,시행규칙,LAW-KR-RL145|시행규칙
DOC-000190,LAW-KR-000068,환경영향평가법,v2_법령목록,statutory,act,2,,by_layer,norm:Act,true,,true,nlic_api_20260920t,,,,,276833,21065,20251001,20251001,법률,LAW-KR-RL146|법률
DOC-000191,LAW-KR-000068,환경영향평가법 시행령,v2_법령목록,statutory,presidential_decree,3,,by_layer,norm:PresidentialDecree,true,,true,nlic_api_20260920t,,,,,288841,36586,20260818,20260918,시행령,LAW-KR-RL146|시행령
DOC-000192,LAW-KR-000068,환경영향평가법 시행규칙,v2_법령목록,statutory,ministerial_ordinance,4,,by_layer,norm:EnforcementRule,true,,true,nlic_api_20260920t,,,,,279277,00002,20251023,20251023,시행규칙,LAW-KR-RL146|시행규칙
DOC-000193,LAW-KR-000069,오존층 보호 등을 위한 특정물질의 관리에 관한 법률,v2_법령목록,statutory,act,2,,by_layer,norm:Act,true,,true,nlic_api_20260920t,,,,,283977,21438,20260310,20260310,법률,LAW-KR-RL147|법률
DOC-000194,LAW-KR-000069,오존층 보호 등을 위한 특정물질의 관리에 관한 법률 시행령,v2_법령목록,statutory,presidential_decree,3,,by_layer,norm:PresidentialDecree,true,,true,nlic_api_20260920t,,,,,280761,35943,20251230,20251230,시행령,LAW-KR-RL147|시행령
DOC-000195,LAW-KR-000069,오존층 보호 등을 위한 특정물질의 관리에 관한 법률 시행규칙,v2_법령목록,statutory,ministerial_ordinance,4,,by_layer,norm:EnforcementRule,true,,true,nlic_api_20260920t,,,,,278757,00001,20251001,20251001,시행규칙,LAW-KR-RL147|시행규칙
DOC-000196,LAW-KR-000070,자원의 절약과 재활용촉진에 관한 법률,v2_법령목록,statutory,act,2,,by_layer,norm:Act,true,,true,nlic_api_20260920t,,,,,283445,21370,20260219,20260820,법률,LAW-KR-RL148|법률
DOC-000197,LAW-KR-000070,자원의 절약과 재활용촉진에 관한 법률 시행령,v2_법령목록,statutory,presidential_decree,3,,by_layer,norm:PresidentialDecree,true,,true,nlic_api_20260920t,,,,,285563,36269,20260421,20260421,시행령,LAW-KR-RL148|시행령
DOC-000198,LAW-KR-000070,자원의 절약과 재활용촉진에 관한 법률 시행규칙,v2_법령목록,statutory,ministerial_ordinance,4,,by_layer,norm:EnforcementRule,true,,true,nlic_api_20260920t,,,,,287435,00042,20260622,20260622,시행규칙,LAW-KR-RL148|시행규칙
DOC-000199,LAW-KR-000071,토양환경보전법,v2_법령목록,statutory,act,2,,by_layer,norm:Act,true,,true,nlic_api_20260920t,,,,,281911,21254,20251230,20260331,법률,LAW-KR-RL149|법률
DOC-000200,LAW-KR-000071,토양환경보전법 시행령,v2_법령목록,statutory,presidential_decree,3,,by_layer,norm:PresidentialDecree,true,,true,nlic_api_20260920t,,,,,284891,36220,20260324,20260324,시행령,LAW-KR-RL149|시행령
DOC-000201,LAW-KR-000071,토양환경보전법 시행규칙,v2_법령목록,statutory,ministerial_ordinance,4,,by_layer,norm:EnforcementRule,true,,true,nlic_api_20260920t,,,,,287443,00042,20260622,20260622,시행규칙,LAW-KR-RL149|시행규칙
DOC-000202,LAW-KR-000072,에너지법,v2_법령목록,statutory,act,2,,by_layer,norm:Act,true,,true,nlic_api_20260920t,,,,,284379,21467,20260317,20260918,법률,LAW-KR-RL150|법률
DOC-000203,LAW-KR-000073,해상교통안전법,v2_법령목록,statutory,act,2,,by_layer,norm:Act,true,,true,nlic_api_20260920t,,,,,252871,19573,20230725,20240126,법률,LAW-KR-RL151|법률
DOC-000204,LAW-KR-000073,해상교통안전법 시행령,v2_법령목록,statutory,presidential_decree,3,,by_layer,norm:PresidentialDecree,true,,true,nlic_api_20260920t,,,,,271177,35531,20250520,20250520,시행령,LAW-KR-RL151|시행령
DOC-000205,LAW-KR-000073,해상교통안전법 시행규칙,v2_법령목록,statutory,ministerial_ordinance,4,,by_layer,norm:EnforcementRule,true,,true,nlic_api_20260920t,,,,,271375,00734,20250526,20250526,시행규칙,LAW-KR-RL151|시행규칙
DOC-000206,LAW-KR-000114,도로의 구조ㆍ시설 기준에 관한 규칙,v2_법령목록,statutory,ministerial_ordinance,4,,by_layer,norm:SeparateMinisterialRule,true,,true,nlic_api_20260917,,,,,286673,01588,20260602,20260603,부령규칙,LAW-KR-RL152|법률
DOC-000207,LAW-KR-000114,도로의 유지ㆍ보수 등에 관한 규칙,v2_법령목록,statutory,ministerial_ordinance,4,,by_layer,norm:SeparateMinisterialRule,true,,true,nlic_api,,,,,,,,,부령규칙,LAW-KR-RL153|법률
DOC-000208,LAW-KR-000076,공공기관의 소방안전관리에 관한 규정,v2_법령목록,statutory,act,2,,by_layer,norm:Act,true,,true,nlic_api_20260920t,,,,,245523,33005,20221129,20221201,법률,LAW-KR-RL154|법률
DOC-000209,LAW-KR-000077,교통사고처리 특례법,v2_법령목록,statutory,act,2,,by_layer,norm:Act,true,,true,nlic_api_20260920t,,,,,268077,20634,20250107,20250604,법률,LAW-KR-RL155|법률
DOC-000210,LAW-KR-000077,교통사고처리 특례법 시행령,v2_법령목록,statutory,presidential_decree,3,,by_layer,norm:PresidentialDecree,true,,true,nlic_api_20260920t,,,,,227259,31380,20210105,20210105,시행령,LAW-KR-RL155|시행령
DOC-000211,LAW-KR-000078,수상에서의 수색ㆍ구조 등에 관한 법률,v2_법령목록,statutory,act,2,,by_layer,norm:Act,true,,true,nlic_api_20260920t,,,,,267421,20600,20241220,20251221,법률,LAW-KR-RL156|법률
DOC-000212,LAW-KR-000078,수상에서의 수색ㆍ구조 등에 관한 법률 시행령,v2_법령목록,statutory,presidential_decree,3,,by_layer,norm:PresidentialDecree,true,,true,nlic_api_20260920t,,,,,288731,36625,20260825,20260825,시행령,LAW-KR-RL156|시행령
DOC-000213,LAW-KR-000078,수상에서의 수색ㆍ구조 등에 관한 법률 시행규칙,v2_법령목록,statutory,ministerial_ordinance,4,,by_layer,norm:EnforcementRule,true,,true,nlic_api_20260920t,,,,,280643,00773,20251219,20251221,시행규칙,LAW-KR-RL156|시행규칙
DOC-000214,LAW-KR-000079,어선원 및 어선 재해보상보험법,v2_법령목록,statutory,act,2,,by_layer,norm:Act,true,,true,nlic_api_20260920t,,,,,283875,21441,20260310,20260911,법률,LAW-KR-RL157|법률
DOC-000215,LAW-KR-000079,어선원 및 어선 재해보상보험법 시행령,v2_법령목록,statutory,presidential_decree,3,,by_layer,norm:PresidentialDecree,true,,true,nlic_api_20260920t,,,,,289457,36661,20260908,20260911,시행령,LAW-KR-RL157|시행령
DOC-000216,LAW-KR-000079,어선원 및 어선 재해보상보험법 시행규칙,v2_법령목록,statutory,ministerial_ordinance,4,,by_layer,norm:EnforcementRule,true,,true,nlic_api_20260920t,,,,,289829,00823,20260911,20260911,시행규칙,LAW-KR-RL157|시행규칙
DOC-000217,LAW-KR-000080,풍수해ㆍ지진재해보험법,v2_법령목록,statutory,act,2,,by_layer,norm:Act,true,,true,nlic_api_20260920t,,,,,268881,20751,20250131,20260201,법률,LAW-KR-RL158|법률
DOC-000218,LAW-KR-000080,풍수해ㆍ지진재해보험법 시행령,v2_법령목록,statutory,presidential_decree,3,,by_layer,norm:PresidentialDecree,true,,true,nlic_api_20260920t,,,,,283719,36157,20260303,20260303,시행령,LAW-KR-RL158|시행령
DOC-000219,LAW-KR-000080,풍수해ㆍ지진재해보험법 시행규칙,v2_법령목록,statutory,ministerial_ordinance,4,,by_layer,norm:EnforcementRule,true,,true,nlic_api_20260920t,,,,,262219,00480,20240430,20240514,시행규칙,LAW-KR-RL158|시행규칙
DOC-000220,LAW-KR-000081,농어업재해보험법,v2_법령목록,statutory,act,2,,by_layer,norm:Act,true,,true,nlic_api_20260920t,,,,,273371,21023,20250814,20260815,법률,LAW-KR-RL159|법률
DOC-000221,LAW-KR-000081,농어업재해보험법 시행령,v2_법령목록,statutory,presidential_decree,3,,by_layer,norm:PresidentialDecree,true,,true,nlic_api_20260920t,,,,,288463,36555,20260804,20260815,시행령,LAW-KR-RL159|시행령
DOC-000222,LAW-KR-000082,산업재해보상보험법,v2_법령목록,statutory,act,2,,by_layer,norm:Act,true,,true,nlic_api_20260920t,,,,,283459,21375,20260219,20260701,법률,LAW-KR-RL160|법률
DOC-000223,LAW-KR-000082,산업재해보상보험법 시행령,v2_법령목록,statutory,presidential_decree,3,,by_layer,norm:PresidentialDecree,true,,true,nlic_api_20260920t,,,,,287491,36473,20260630,20260701,시행령,LAW-KR-RL160|시행령
DOC-000224,LAW-KR-000082,산업재해보상보험법 시행규칙,v2_법령목록,statutory,ministerial_ordinance,4,,by_layer,norm:EnforcementRule,true,,true,nlic_api_20260920t,,,,,283239,00461,20260202,20260202,시행규칙,LAW-KR-RL160|시행규칙
DOC-000225,LAW-KR-000083,한국산업안전보건공단법,v2_법령목록,statutory,act,2,,by_layer,norm:Act,true,,true,nlic_api_20260920t,,,,,279743,21139,20251111,20260212,법률,LAW-KR-RL161|법률
DOC-000226,LAW-KR-000083,한국산업안전보건공단법 시행령,v2_법령목록,statutory,presidential_decree,3,,by_layer,norm:PresidentialDecree,true,,true,nlic_api_20260920t,,,,,268455,35228,20250121,20250131,시행령,LAW-KR-RL161|시행령
DOC-000227,LAW-KR-000084,한국원자력안전기술원법,v2_법령목록,statutory,act,2,,by_layer,norm:Act,true,,true,nlic_api_20260920t,,,,,265973,20533,20241022,20251023,법률,LAW-KR-RL162|법률
DOC-000228,LAW-KR-000084,한국원자력안전기술원법 시행령,v2_법령목록,statutory,presidential_decree,3,,by_layer,norm:PresidentialDecree,true,,true,nlic_api_20260920t,,,,,227979,31380,20210105,20210105,시행령,LAW-KR-RL162|시행령
DOC-000229,LAW-KR-000085,산업표준화법,v2_법령목록,statutory,act,2,,by_layer,norm:Act,true,,true,nlic_api_20260920t,,,,,283931,21438,20260310,20260310,법률,LAW-KR-RL163|법률
DOC-000230,LAW-KR-000085,산업표준화법 시행령,v2_법령목록,statutory,presidential_decree,3,,by_layer,norm:PresidentialDecree,true,,true,nlic_api_20260920t,,,,,278369,35803,20251001,20251001,시행령,LAW-KR-RL163|시행령
DOC-000231,LAW-KR-000085,산업표준화법 시행규칙,v2_법령목록,statutory,ministerial_ordinance,4,,by_layer,norm:EnforcementRule,true,,true,nlic_api_20260920t,,,,,278737,00001,20251001,20251001,시행규칙,LAW-KR-RL163|시행규칙
DOC-000232,LAW-KR-000086,119구조ㆍ구급에 관한 법률,v2_법령목록,statutory,act,2,,by_layer,norm:Act,true,,true,nlic_api_20260920t,,,,,266637,20543,20241203,20250604,법률,LAW-KR-RL164|법률
DOC-000233,LAW-KR-000086,119구조ㆍ구급에 관한 법률 시행령,v2_법령목록,statutory,presidential_decree,3,,by_layer,norm:PresidentialDecree,true,,true,nlic_api_20260920t,,,,,287229,36432,20260623,20260701,시행령,LAW-KR-RL164|시행령
DOC-000234,LAW-KR-000086,119구조ㆍ구급에 관한 법률 시행규칙,v2_법령목록,statutory,ministerial_ordinance,4,,by_layer,norm:EnforcementRule,true,,true,nlic_api_20260920t,,,,,287767,00628,20260701,20260701,시행규칙,LAW-KR-RL164|시행규칙
DOC-000235,LAW-KR-000087,검역법,v2_법령목록,statutory,act,2,,by_layer,norm:Act,true,,true,nlic_api_20260920t,,,,,281917,21255,20251230,20260701,법률,LAW-KR-RL165|법률
DOC-000236,LAW-KR-000087,검역법 시행령,v2_법령목록,statutory,presidential_decree,3,,by_layer,norm:PresidentialDecree,true,,true,nlic_api_20260920t,,,,,287485,36470,20260630,20260701,시행령,LAW-KR-RL165|시행령
DOC-000237,LAW-KR-000087,검역법 시행규칙,v2_법령목록,statutory,ministerial_ordinance,4,,by_layer,norm:EnforcementRule,true,,true,nlic_api_20260920t,,,,,271105,01113,20250514,20250719,시행규칙,LAW-KR-RL165|시행규칙
DOC-000238,LAW-KR-000088,민방위기본법,v2_법령목록,statutory,act,2,,by_layer,norm:Act,true,,true,nlic_api_20260920t,,,,,266645,20545,20241203,20250604,법률,LAW-KR-RL166|법률
DOC-000239,LAW-KR-000088,민방위기본법 시행령,v2_법령목록,statutory,presidential_decree,3,,by_layer,norm:PresidentialDecree,true,,true,nlic_api_20260920t,,,,,281517,35948,20251230,20260102,시행령,LAW-KR-RL166|시행령
DOC-000240,LAW-KR-000088,민방위기본법 시행규칙,v2_법령목록,statutory,ministerial_ordinance,4,,by_layer,norm:EnforcementRule,true,,true,nlic_api_20260920t,,,,,271515,00562,20250530,20250604,시행규칙,LAW-KR-RL166|시행규칙
DOC-000241,LAW-KR-000089,재해구호법,v2_법령목록,statutory,act,2,,by_layer,norm:Act,true,,true,nlic_api_20260920t,,,,,259439,20163,20240130,20240731,법률,LAW-KR-RL167|법률
DOC-000242,LAW-KR-000089,재해구호법 시행령,v2_법령목록,statutory,presidential_decree,3,,by_layer,norm:PresidentialDecree,true,,true,nlic_api_20260920t,,,,,282995,36055,20260127,20260201,시행령,LAW-KR-RL167|시행령
DOC-000243,LAW-KR-000089,재해구호법 시행규칙,v2_법령목록,statutory,ministerial_ordinance,4,,by_layer,norm:EnforcementRule,true,,true,nlic_api_20260920t,,,,,264095,00495,20240716,20240717,시행규칙,LAW-KR-RL167|시행규칙
DOC-000244,LAW-KR-000090,경찰관 직무집행법,v2_법령목록,statutory,act,2,,by_layer,norm:Act,true,,true,nlic_api_20260920t,,,,,282479,21304,20260106,20260707,법률,LAW-KR-RL168|법률
DOC-000245,LAW-KR-000090,경찰관 직무집행법 시행령,v2_법령목록,statutory,presidential_decree,3,,by_layer,norm:PresidentialDecree,true,,true,nlic_api_20260920t,,,,,287563,36462,20260630,20260701,시행령,LAW-KR-RL168|시행령
DOC-000246,LAW-KR-000091,의사상자 등 예우 및 지원에 관한 법률,v2_법령목록,statutory,act,2,,by_layer,norm:Act,true,,true,nlic_api_20260920t,,,,,276679,21065,20251001,20251001,법률,LAW-KR-RL169|법률
DOC-000247,LAW-KR-000091,의사상자 등 예우 및 지원에 관한 법률 시행령,v2_법령목록,statutory,presidential_decree,3,,by_layer,norm:PresidentialDecree,true,,true,nlic_api_20260920t,,,,,281595,35948,20251230,20260102,시행령,LAW-KR-RL169|시행령
DOC-000248,LAW-KR-000091,의사상자 등 예우 및 지원에 관한 법률 시행규칙,v2_법령목록,statutory,ministerial_ordinance,4,,by_layer,norm:EnforcementRule,true,,true,nlic_api_20260920t,,,,,273901,01125,20250919,20250919,시행규칙,LAW-KR-RL169|시행규칙
DOC-000249,LAW-KR-000092,송유관 안전관리법,v2_법령목록,statutory,act,2,,by_layer,norm:Act,true,,true,nlic_api_20260920t,,,,,283975,21438,20260310,20260310,법률,LAW-KR-RL170|법률
DOC-000250,LAW-KR-000092,송유관 안전관리법 시행령,v2_법령목록,statutory,presidential_decree,3,,by_layer,norm:PresidentialDecree,true,,true,nlic_api_20260920t,,,,,278379,35803,20251001,20251001,시행령,LAW-KR-RL170|시행령
DOC-000251,LAW-KR-000092,송유관 안전관리법 시행규칙,v2_법령목록,statutory,ministerial_ordinance,4,,by_layer,norm:EnforcementRule,true,,true,nlic_api_20260920t,,,,,278749,00001,20251001,20251001,시행규칙,LAW-KR-RL170|시행규칙
DOC-000252,LAW-KR-000093,소방시설공사업법,v2_법령목록,statutory,act,2,,by_layer,norm:Act,true,,true,nlic_api_20260920t,,,,,259473,20157,20240130,20250131,법률,LAW-KR-RL171|법률
DOC-000253,LAW-KR-000093,소방시설공사업법 시행령,v2_법령목록,statutory,presidential_decree,3,,by_layer,norm:PresidentialDecree,true,,true,nlic_api_20260920t,,,,,287253,36432,20260623,20260701,시행령,LAW-KR-RL171|시행령
DOC-000254,LAW-KR-000093,소방시설공사업법 시행규칙,v2_법령목록,statutory,ministerial_ordinance,4,,by_layer,norm:EnforcementRule,true,,true,nlic_api_20260920t,,,,,287829,00628,20260701,20260701,시행규칙,LAW-KR-RL171|시행규칙
DOC-000255,LAW-KR-000094,학교보건법,v2_법령목록,statutory,act,2,,by_layer,norm:Act,true,,true,nlic_api_20260920t,,,,,276197,21065,20251001,20251001,법률,LAW-KR-RL172|법률
DOC-000256,LAW-KR-000094,학교보건법 시행령,v2_법령목록,statutory,presidential_decree,3,,by_layer,norm:PresidentialDecree,true,,true,nlic_api_20260920t,,,,,284905,36220,20260324,20260324,시행령,LAW-KR-RL172|시행령
DOC-000257,LAW-KR-000094,학교보건법 시행규칙,v2_법령목록,statutory,ministerial_ordinance,4,,by_layer,norm:EnforcementRule,true,,true,nlic_api_20260920t,,,,,273853,00366,20250919,20250919,시행규칙,LAW-KR-RL172|시행규칙
DOC-000258,LAW-KR-000095,소하천정비법,v2_법령목록,statutory,act,2,,by_layer,norm:Act,true,,true,nlic_api_20260920t,,,,,276319,21065,20251001,20251001,법률,LAW-KR-RL173|법률
DOC-000259,LAW-KR-000095,소하천정비법 시행령,v2_법령목록,statutory,presidential_decree,3,,by_layer,norm:PresidentialDecree,true,,true,nlic_api_20260920t,,,,,264699,34795,20240806,20240814,시행령,LAW-KR-RL173|시행령
DOC-000260,LAW-KR-000095,소하천정비법 시행규칙,v2_법령목록,statutory,ministerial_ordinance,4,,by_layer,norm:EnforcementRule,true,,true,nlic_api_20260920t,,,,,261219,00467,20240319,20240319,시행규칙,LAW-KR-RL173|시행규칙
DOC-000261,LAW-KR-000096,물류시설의 개발 및 운영에 관한 법률,v2_법령목록,statutory,act,2,,by_layer,norm:Act,true,,true,nlic_api_20260920t,,,,,276991,21065,20251001,20260102,법률,LAW-KR-RL174|법률
DOC-000262,LAW-KR-000096,물류시설의 개발 및 운영에 관한 법률 시행령,v2_법령목록,statutory,presidential_decree,3,,by_layer,norm:PresidentialDecree,true,,true,nlic_api_20260920t,,,,,289663,36689,20260915,20260915,시행령,LAW-KR-RL174|시행령
DOC-000263,LAW-KR-000096,물류시설의 개발 및 운영에 관한 법률 시행규칙,v2_법령목록,statutory,ministerial_ordinance,4,,by_layer,norm:EnforcementRule,true,,true,nlic_api_20260920t,,,,,285431,01577,20260407,20260407,시행규칙,LAW-KR-RL174|시행규칙
DOC-000264,LAW-KR-000097,도시교통정비 촉진법,v2_법령목록,statutory,act,2,,by_layer,norm:Act,true,,true,nlic_api_20260920t,,,,,284063,21447,20260305,20260701,법률,LAW-KR-RL175|법률
DOC-000265,LAW-KR-000097,도시교통정비 촉진법 시행령,v2_법령목록,statutory,presidential_decree,3,,by_layer,norm:PresidentialDecree,true,,true,nlic_api_20260920t,,,,,289713,36683,20260915,20260915,시행령,LAW-KR-RL175|시행령
DOC-000266,LAW-KR-000097,도시교통정비 촉진법 시행규칙,v2_법령목록,statutory,ministerial_ordinance,4,,by_layer,norm:EnforcementRule,true,,true,nlic_api_20260920t,,,,,289881,01627,20260915,20260915,시행규칙,LAW-KR-RL175|시행규칙
DOC-000267,LAW-KR-000098,자연환경보전법,v2_법령목록,statutory,act,2,,by_layer,norm:Act,true,,true,nlic_api_20260920t,,,,,284091,21447,20260305,20260701,법률,LAW-KR-RL176|법률
DOC-000268,LAW-KR-000098,자연환경보전법 시행령,v2_법령목록,statutory,presidential_decree,3,,by_layer,norm:PresidentialDecree,true,,true,nlic_api_20260920t,,,,,287307,36424,20260623,20260701,시행령,LAW-KR-RL176|시행령
DOC-000269,LAW-KR-000098,자연환경보전법 시행규칙,v2_법령목록,statutory,ministerial_ordinance,4,,by_layer,norm:EnforcementRule,true,,true,nlic_api_20260920t,,,,,284969,00026,20260319,20260319,시행규칙,LAW-KR-RL176|시행규칙
DOC-000270,LAW-KR-000099,지역보건법,v2_법령목록,statutory,act,2,,by_layer,norm:Act,true,,true,nlic_api_20260920t,,,,,265479,20445,20240920,20250621,법률,LAW-KR-RL177|법률
DOC-000271,LAW-KR-000099,지역보건법 시행령,v2_법령목록,statutory,presidential_decree,3,,by_layer,norm:PresidentialDecree,true,,true,nlic_api_20260920t,,,,,263585,34643,20240702,20240703,시행령,LAW-KR-RL177|시행령
DOC-000272,LAW-KR-000099,지역보건법 시행규칙,v2_법령목록,statutory,ministerial_ordinance,4,,by_layer,norm:EnforcementRule,true,,true,nlic_api_20260920t,,,,,272553,01118,20250620,20250621,시행규칙,LAW-KR-RL177|시행규칙
DOC-000273,LAW-KR-000100,축산법,v2_법령목록,statutory,act,2,,by_layer,norm:Act,true,,true,nlic_api_20260920t,,,,,289591,21923,20260915,20260915,법률,LAW-KR-RL178|법률
DOC-000274,LAW-KR-000100,축산법 시행령,v2_법령목록,statutory,presidential_decree,3,,by_layer,norm:PresidentialDecree,true,,true,nlic_api_20260920t,,,,,288947,36597,20260821,20260821,시행령,LAW-KR-RL178|시행령
DOC-000275,LAW-KR-000100,축산법 시행규칙,v2_법령목록,statutory,ministerial_ordinance,4,,by_layer,norm:EnforcementRule,true,,true,nlic_api_20260920t,,,,,289007,00785,20260821,20260821,시행규칙,LAW-KR-RL178|시행규칙
DOC-000276,LAW-KR-000101,선박법,v2_법령목록,statutory,act,2,,by_layer,norm:Act,true,,true,nlic_api_20260920t,,,,,243141,18957,20220610,20230611,법률,LAW-KR-RL179|법률
DOC-000277,LAW-KR-000101,선박법 시행령,v2_법령목록,statutory,presidential_decree,3,,by_layer,norm:PresidentialDecree,true,,true,nlic_api_20260920t,,,,,210726,30106,20191008,20191008,시행령,LAW-KR-RL179|시행령
DOC-000278,LAW-KR-000101,선박법 시행규칙,v2_법령목록,statutory,ministerial_ordinance,4,,by_layer,norm:EnforcementRule,true,,true,nlic_api_20260920t,,,,,271583,00736,20250602,20250602,시행규칙,LAW-KR-RL179|시행규칙
DOC-000279,LAW-KR-000102,선박직원법,v2_법령목록,statutory,act,2,,by_layer,norm:Act,true,,true,nlic_api_20260920t,,,,,273685,21053,20250916,20251217,법률,LAW-KR-RL180|법률
DOC-000280,LAW-KR-000102,선박직원법 시행령,v2_법령목록,statutory,presidential_decree,3,,by_layer,norm:PresidentialDecree,true,,true,nlic_api_20260920t,,,,,278015,35811,20251001,20251001,시행령,LAW-KR-RL180|시행령
DOC-000281,LAW-KR-000102,선박직원법 시행규칙,v2_법령목록,statutory,ministerial_ordinance,4,,by_layer,norm:EnforcementRule,true,,true,nlic_api_20260920t,,,,,289165,00817,20260901,20260901,시행규칙,LAW-KR-RL180|시행규칙
DOC-000282,LAW-KR-000103,주택건설기준 등에 관한 규정,v2_법령목록,statutory,act,2,,by_layer,norm:Act,true,,true,nlic_api_20260920t,,,,,289501,36658,20260908,20260908,법률,LAW-KR-RL181|법률
DOC-000283,LAW-KR-000104,환경친화적 자동차의 개발 및 보급 촉진에 관한 법률,v2_법령목록,statutory,act,2,,by_layer,norm:Act,true,,true,nlic_api_20260920t,,,,,283991,21438,20260310,20260310,법률,LAW-KR-RL182|법률
DOC-000284,LAW-KR-000104,환경친화적 자동차의 개발 및 보급 촉진에 관한 법률 시행령,v2_법령목록,statutory,presidential_decree,3,,by_layer,norm:PresidentialDecree,true,,true,nlic_api_20260920t,,,,,278487,35803,20251001,20251001,시행령,LAW-KR-RL182|시행령
DOC-000285,LAW-KR-000104,환경친화적자동차의 개발 및 보급 촉진에 관한 법률 시행규칙,v2_법령목록,statutory,ministerial_ordinance,4,,by_layer,norm:EnforcementRule,true,,true,nlic_api_20260920t,,,,,289273,00056,20260831,20260918,시행규칙,LAW-KR-RL182|시행규칙
DOC-000286,LAW-KR-000105,산업집적활성화 및 공장설립에 관한 법률,v2_법령목록,statutory,act,2,,by_layer,norm:Act,true,,true,nlic_api_20260920t,,,,,283929,21438,20260310,20260310,법률,LAW-KR-RL183|법률
DOC-000287,LAW-KR-000105,산업집적활성화 및 공장설립에 관한 법률 시행령,v2_법령목록,statutory,presidential_decree,3,,by_layer,norm:PresidentialDecree,true,,true,nlic_api_20260920u,,,,,288883,36587,20260818,20260918,시행령,LAW-KR-RL183|시행령
DOC-000288,LAW-KR-000105,산업집적활성화 및 공장설립에 관한 법률 시행규칙,v2_법령목록,statutory,ministerial_ordinance,4,,by_layer,norm:EnforcementRule,true,,true,nlic_api_20260920t,,,,,285509,00011,20260409,20260409,시행규칙,LAW-KR-RL183|시행규칙
DOC-000289,LAW-KR-000106,산업입지 및 개발에 관한 법률,v2_법령목록,statutory,act,2,,by_layer,norm:Act,true,,true,nlic_api_20260920t,,,,,284367,21467,20260317,20260918,법률,LAW-KR-RL184|법률
DOC-000290,LAW-KR-000106,산업입지 및 개발에 관한 법률 시행령,v2_법령목록,statutory,presidential_decree,3,,by_layer,norm:PresidentialDecree,true,,true,nlic_api_20260920t,,,,,289433,36655,20260908,20260908,시행령,LAW-KR-RL184|시행령
DOC-000291,LAW-KR-000106,산업입지 및 개발에 관한 법률 시행규칙,v2_법령목록,statutory,ministerial_ordinance,4,,by_layer,norm:EnforcementRule,true,,true,nlic_api_20260920t,,,,,282033,01547,20251226,20251226,시행규칙,LAW-KR-RL184|시행규칙
DOC-000292,LAW-KR-000107,학교시설사업 촉진법,v2_법령목록,statutory,act,2,,by_layer,norm:Act,true,,true,nlic_api_20260920t,,,,,279619,21081,20251111,20251111,법률,LAW-KR-RL185|법률
DOC-000293,LAW-KR-000107,학교시설사업 촉진법 시행령,v2_법령목록,statutory,presidential_decree,3,,by_layer,norm:PresidentialDecree,true,,true,nlic_api_20260920t,,,,,245607,33004,20221129,20221201,시행령,LAW-KR-RL185|시행령
DOC-000294,LAW-KR-000107,학교시설사업 촉진법 시행규칙,v2_법령목록,statutory,ministerial_ordinance,4,,by_layer,norm:EnforcementRule,true,,true,nlic_api_20260920t,,,,,210529,00188,20190917,20190917,시행규칙,LAW-KR-RL185|시행규칙
DOC-000295,LAW-KR-000108,연안관리법,v2_법령목록,statutory,act,2,,by_layer,norm:Act,true,,true,nlic_api_20260920t,,,,,277079,21065,20251001,20251001,법률,LAW-KR-RL186|법률
DOC-000296,LAW-KR-000108,연안관리법 시행령,v2_법령목록,statutory,presidential_decree,3,,by_layer,norm:PresidentialDecree,true,,true,nlic_api_20260920t,,,,,281317,35947,20251230,20260102,시행령,LAW-KR-RL186|시행령
DOC-000297,LAW-KR-000108,연안관리법 시행규칙,v2_법령목록,statutory,ministerial_ordinance,4,,by_layer,norm:EnforcementRule,true,,true,nlic_api_20260920t,,,,,229531,00460,20210217,20210219,시행규칙,LAW-KR-RL186|시행규칙
DOC-000298,LAW-KR-000109,축산물 위생관리법,v2_법령목록,statutory,act,2,,by_layer,norm:Act,true,,true,nlic_api_20260920t,,,,,282013,21301,20251230,20261231,법률,LAW-KR-RL187|법률
DOC-000299,LAW-KR-000109,축산물 위생관리법 시행령,v2_법령목록,statutory,presidential_decree,3,,by_layer,norm:PresidentialDecree,true,,true,nlic_api_20260920t,,,,,288563,36575,20260811,20260811,시행령,LAW-KR-RL187|시행령
DOC-000300,LAW-KR-000109,축산물 위생관리법 시행규칙,v2_법령목록,statutory,ministerial_ordinance,4,,by_layer,norm:EnforcementRule,true,,true,nlic_api_20260920t,,,,,288709,02141,20260811,20260811,시행규칙,LAW-KR-RL187|시행규칙
DOC-000301,LAW-KR-000110,산림재난방지법,v2_법령목록,statutory,act,2,,by_layer,norm:Act,true,,true,nlic_api_20260920t,,,,,285927,21622,20260512,20260512,법률,LAW-KR-RL188|법률
DOC-000302,LAW-KR-000110,산림재난방지법 시행령,v2_법령목록,statutory,presidential_decree,3,,by_layer,norm:PresidentialDecree,true,,true,nlic_api_20260920t,,,,,283123,36066,20260130,20260201,시행령,LAW-KR-RL188|시행령
DOC-000303,LAW-KR-000110,산림재난방지법 시행규칙,v2_법령목록,statutory,ministerial_ordinance,4,,by_layer,norm:EnforcementRule,true,,true,nlic_api_20260920t,,,,,283211,00753,20260130,20260201,시행규칙,LAW-KR-RL188|시행규칙
DOC-000304,LAW-KR-000111,환경오염시설의 통합관리에 관한 법률,v2_법령목록,statutory,act,2,,by_layer,norm:Act,true,,true,nlic_api_20260920t,,,,,287993,21851,20260707,20260707,법률,LAW-KR-RL189|법률
DOC-000305,LAW-KR-000111,환경오염시설의 통합관리에 관한 법률 시행령,v2_법령목록,statutory,presidential_decree,3,,by_layer,norm:PresidentialDecree,true,,true,nlic_api_20260920t,,,,,283023,36055,20260127,20260201,시행령,LAW-KR-RL189|시행령
DOC-000306,LAW-KR-000111,환경오염시설의 통합관리에 관한 법률 시행규칙,v2_법령목록,statutory,ministerial_ordinance,4,,by_layer,norm:EnforcementRule,true,,true,nlic_api_20260920t,,,,,282255,00019,20251230,20251230,시행규칙,LAW-KR-RL189|시행규칙
DOC-000307,LAW-KR-000112,해양폐기물 및 해양오염퇴적물 관리법,v2_법령목록,statutory,act,2,,by_layer,norm:Act,true,,true,nlic_api_20260920t,,,,,267423,20603,20241220,20250621,법률,LAW-KR-RL190|법률
DOC-000308,LAW-KR-000112,해양폐기물 및 해양오염퇴적물 관리법 시행령,v2_법령목록,statutory,presidential_decree,3,,by_layer,norm:PresidentialDecree,true,,true,nlic_api_20260920t,,,,,281699,35948,20251230,20260102,시행령,LAW-KR-RL190|시행령
DOC-000309,LAW-KR-000112,해양폐기물 및 해양오염퇴적물 관리법 시행규칙,v2_법령목록,statutory,ministerial_ordinance,4,,by_layer,norm:EnforcementRule,true,,true,nlic_api_20260920t,,,,,268301,00716,20250114,20250114,시행규칙,LAW-KR-RL190|시행규칙
DOC-000310,LAW-KR-000113,교통안전법,v2_법령목록,statutory,act,2,,by_layer,norm:Act,true,,true,nlic_api_20260920t,,,,,254099,19673,20230816,20240217,법률,LAW-KR-RL21|법률
DOC-000311,LAW-KR-000113,교통안전법 시행령,v2_법령목록,statutory,presidential_decree,3,,by_layer,norm:PresidentialDecree,true,,true,nlic_api_20260920t,,,,,289649,36689,20260915,20260915,시행령,LAW-KR-RL21|시행령
DOC-000312,LAW-KR-000113,교통안전법 시행규칙,v2_법령목록,statutory,ministerial_ordinance,4,,by_layer,norm:EnforcementRule,true,,true,nlic_api_20260920t,,,,,289845,01621,20260915,20260915,시행규칙,LAW-KR-RL21|시행규칙
DOC-000313,LAW-KR-000114,도로법,v2_법령목록,statutory,act,2,,by_layer,norm:Act,true,,true,nlic_api_20260920t,,,,,284465,21480,20260317,20260918,법률,LAW-KR-RL22|법률
DOC-000314,LAW-KR-000114,도로법 시행령,v2_법령목록,statutory,presidential_decree,3,,by_layer,norm:PresidentialDecree,true,,true,nlic_api_20260920t,,,,,288871,36587,20260818,20260918,시행령,LAW-KR-RL22|시행령
DOC-000315,LAW-KR-000114,도로법 시행규칙,v2_법령목록,statutory,ministerial_ordinance,4,,by_layer,norm:EnforcementRule,true,,true,nlic_api_20260920t,,,,,289835,01626,20260915,20260918,시행규칙,LAW-KR-RL22|시행규칙
DOC-000316,LAW-KR-000115,수상레저안전법,v2_법령목록,statutory,act,2,,by_layer,norm:Act,true,,true,nlic_api_20260920t,,,,,267437,20599,20241220,20250621,법률,LAW-KR-RL23|법률
DOC-000317,LAW-KR-000115,수상레저안전법 시행령,v2_법령목록,statutory,presidential_decree,3,,by_layer,norm:PresidentialDecree,true,,true,nlic_api_20260920t,,,,,280301,35916,20251216,20251221,시행령,LAW-KR-RL23|시행령
DOC-000318,LAW-KR-000115,수상레저안전법 시행규칙,v2_법령목록,statutory,ministerial_ordinance,4,,by_layer,norm:EnforcementRule,true,,true,nlic_api_20260920t,,,,,288095,00808,20260713,20260713,시행규칙,LAW-KR-RL23|시행규칙
DOC-000319,LAW-KR-000116,어선안전조업 및 어선원의 안전ㆍ보건 증진 등에 관한 법률,v2_법령목록,statutory,act,2,,by_layer,norm:Act,true,,true,nlic_api_20260920t,,,,,281973,21282,20251230,20260701,법률,LAW-KR-RL24|법률
DOC-000320,LAW-KR-000116,어선안전조업 및 어선원의 안전ㆍ보건 증진 등에 관한 법률 시행령,v2_법령목록,statutory,presidential_decree,3,,by_layer,norm:PresidentialDecree,true,,true,nlic_api_20260920t,,,,,267727,35168,20241231,20250103,시행령,LAW-KR-RL24|시행령
DOC-000321,LAW-KR-000116,어선안전조업 및 어선원의 안전ㆍ보건 증진 등에 관한 법률 시행규칙,v2_법령목록,statutory,ministerial_ordinance,4,,by_layer,norm:EnforcementRule,true,,true,nlic_api_20260920t,,,,,287775,00802,20260630,20260701,시행규칙,LAW-KR-RL24|시행규칙
DOC-000322,LAW-KR-000117,유선 및 도선 사업법,v2_법령목록,statutory,act,2,,by_layer,norm:Act,true,,true,nlic_api_20260920t,,,,,248145,19225,20230214,20240215,법률,LAW-KR-RL25|법률
DOC-000323,LAW-KR-000117,유선 및 도선 사업법 시행령,v2_법령목록,statutory,presidential_decree,3,,by_layer,norm:PresidentialDecree,true,,true,nlic_api_20260920t,,,,,270121,35396,20250325,20260326,시행령,LAW-KR-RL25|시행령
DOC-000324,LAW-KR-000117,유선 및 도선 사업법 시행규칙,v2_법령목록,statutory,ministerial_ordinance,4,,by_layer,norm:EnforcementRule,true,,true,nlic_api_20260920t,,,,,288487,00633,20260729,20260830,시행규칙,LAW-KR-RL25|시행규칙
DOC-000325,LAW-KR-000118,지진ㆍ화산재해대책법,v2_법령목록,statutory,act,2,,by_layer,norm:Act,true,,true,nlic_api_20260920t,,,,,260835,20357,20240227,20250828,법률,LAW-KR-RL26|법률
DOC-000326,LAW-KR-000118,지진ㆍ화산재해대책법 시행령,v2_법령목록,statutory,presidential_decree,3,,by_layer,norm:PresidentialDecree,true,,true,nlic_api_20260920t,,,,,277781,35811,20251001,20251001,시행령,LAW-KR-RL26|시행령
DOC-000327,LAW-KR-000118,지진ㆍ화산재해대책법 시행규칙,v2_법령목록,statutory,ministerial_ordinance,4,,by_layer,norm:EnforcementRule,true,,true,nlic_api_20260920t,,,,,288493,00633,20260729,20260830,시행규칙,LAW-KR-RL26|시행규칙
DOC-000328,LAW-KR-000119,체육시설의 설치ㆍ이용에 관한 법률,v2_법령목록,statutory,act,2,,by_layer,norm:Act,true,,true,nlic_api_20260920t,,,,,285605,21596,20260428,20260729,법률,LAW-KR-RL27|법률
DOC-000329,LAW-KR-000119,체육시설의 설치ㆍ이용에 관한 법률 시행령,v2_법령목록,statutory,presidential_decree,3,,by_layer,norm:PresidentialDecree,true,,true,nlic_api_20260920t,,,,,270135,35396,20250325,20260326,시행령,LAW-KR-RL27|시행령
DOC-000330,LAW-KR-000119,체육시설의 설치ㆍ이용에 관한 법률 시행규칙,v2_법령목록,statutory,ministerial_ordinance,4,,by_layer,norm:EnforcementRule,true,,true,nlic_api_20260920t,,,,,265107,00564,20240828,20240828,시행규칙,LAW-KR-RL27|시행규칙
DOC-000331,LAW-KR-000120,약사법,v2_법령목록,statutory,act,2,,by_layer,norm:Act,true,,true,nlic_api_20260920t,,,,,283893,21423,20260310,20260911,법률,LAW-KR-RL28|법률
DOC-000332,LAW-KR-000120,약사법 시행령,v2_법령목록,statutory,presidential_decree,3,,by_layer,norm:PresidentialDecree,true,,true,nlic_api_20260920t,,,,,286841,36401,20260609,20260621,시행령,LAW-KR-RL28|시행령
DOC-000333,LAW-KR-000120,약사법 시행규칙,v2_법령목록,statutory,ministerial_ordinance,4,,by_layer,norm:EnforcementRule,true,,true,nlic_api_20260920t,,,,,287367,01181,20260619,20260621,시행규칙,LAW-KR-RL28|시행규칙
DOC-000334,LAW-KR-000121,건설기계관리법,v2_법령목록,statutory,act,2,,by_layer,norm:Act,true,,true,nlic_api_20260920t,,,,,283763,21408,20260227,20270228,법률,LAW-KR-RL29|법률
DOC-000335,LAW-KR-000121,건설기계관리법 시행령,v2_법령목록,statutory,presidential_decree,3,,by_layer,norm:PresidentialDecree,true,,true,nlic_api_20260920t,,,,,284659,36220,20260324,20260324,시행령,LAW-KR-RL29|시행령
DOC-000336,LAW-KR-000121,건설기계관리법 시행규칙,v2_법령목록,statutory,ministerial_ordinance,4,,by_layer,norm:EnforcementRule,true,,true,nlic_api_20260920t,,,,,285023,01572,20260324,20260324,시행규칙,LAW-KR-RL29|시행규칙
DOC-000337,LAW-KR-000122,건축법,v2_법령목록,statutory,act,2,,by_layer,norm:Act,true,,true,nlic_api_20260920t,,,,,273437,21035,20250826,20260227,법률,LAW-KR-RL30|법률
DOC-000338,LAW-KR-000122,건축법 시행령,v2_법령목록,statutory,presidential_decree,3,,by_layer,norm:PresidentialDecree,true,,true,nlic_api_20260920u,,,,,288849,36587,20260818,20260918,시행령,LAW-KR-RL30|시행령
DOC-000339,LAW-KR-000122,건축법 시행규칙,v2_법령목록,statutory,ministerial_ordinance,4,,by_layer,norm:EnforcementRule,true,,true,nlic_api_20260920t,,,,,283727,01567,20260227,20260227,시행규칙,LAW-KR-RL30|시행규칙
DOC-000340,LAW-KR-000123,에너지이용 합리화법,v2_법령목록,statutory,act,2,,by_layer,norm:Act,true,,true,nlic_api_20260920t,,,,,276559,21065,20251001,20251001,법률,LAW-KR-RL31|법률
DOC-000341,LAW-KR-000123,에너지이용 합리화법 시행령,v2_법령목록,statutory,presidential_decree,3,,by_layer,norm:PresidentialDecree,true,,true,nlic_api_20260920t,,,,,286301,36349,20260526,20260528,시행령,LAW-KR-RL31|시행령
DOC-000342,LAW-KR-000123,에너지이용 합리화법 시행규칙,v2_법령목록,statutory,ministerial_ordinance,4,,by_layer,norm:EnforcementRule,true,,true,nlic_api_20260920t,,,,,287433,00042,20260622,20260622,시행규칙,LAW-KR-RL31|시행규칙
DOC-000343,LAW-KR-000124,원자력시설 등의 방호 및 방사능 방재 대책법,v2_법령목록,statutory,act,2,,by_layer,norm:Act,true,,true,nlic_api_20260920t,,,,,268613,20720,20250121,20260101,법률,LAW-KR-RL32|법률
DOC-000344,LAW-KR-000124,원자력시설 등의 방호 및 방사능 방재 대책법 시행령,v2_법령목록,statutory,presidential_decree,3,,by_layer,norm:PresidentialDecree,true,,true,nlic_api_20260920t,,,,,287333,36447,20260623,20260701,시행령,LAW-KR-RL32|시행령
DOC-000345,LAW-KR-000124,원자력시설 등의 방호 및 방사능 방재 대책법 시행규칙,v2_법령목록,statutory,ministerial_ordinance,4,,by_layer,norm:EnforcementRule,true,,true,nlic_api_20260920t,,,,,287875,02130,20260701,20260701,시행규칙,LAW-KR-RL32|시행규칙
DOC-000346,LAW-KR-000125,총포ㆍ도검ㆍ화약류 등의 안전관리에 관한 법률,v2_법령목록,statutory,act,2,,by_layer,norm:Act,true,,true,nlic_api_20260920t,,,,,268135,20656,20250107,20260108,법률,LAW-KR-RL33|법률
DOC-000347,LAW-KR-000125,총포ㆍ도검ㆍ화약류 등의 안전관리에 관한 법률 시행령,v2_법령목록,statutory,presidential_decree,3,,by_layer,norm:PresidentialDecree,true,,true,nlic_api_20260920t,,,,,284947,36221,20260324,20260324,시행령,LAW-KR-RL33|시행령
DOC-000348,LAW-KR-000125,총포ㆍ도검ㆍ화약류 등의 안전관리에 관한 법률 시행규칙,v2_법령목록,statutory,ministerial_ordinance,4,,by_layer,norm:EnforcementRule,true,,true,nlic_api_20260920t,,,,,282777,00602,20260108,20260108,시행규칙,LAW-KR-RL33|시행규칙
DOC-000349,LAW-KR-000126,응급의료에 관한 법률,v2_법령목록,statutory,act,2,,by_layer,norm:Act,true,,true,nlic_api_20260920t,,,,,280429,21237,20251223,20260624,법률,LAW-KR-RL34|법률
DOC-000350,LAW-KR-000126,응급의료에 관한 법률 시행령,v2_법령목록,statutory,presidential_decree,3,,by_layer,norm:PresidentialDecree,true,,true,nlic_api_20260920t,,,,,289431,36654,20260908,20260908,시행령,LAW-KR-RL34|시행령
DOC-000351,LAW-KR-000126,응급의료에 관한 법률 시행규칙,v2_법령목록,statutory,ministerial_ordinance,4,,by_layer,norm:EnforcementRule,true,,true,nlic_api_20260920t,,,,,288097,01189,20260713,20260713,시행규칙,LAW-KR-RL34|시행규칙
DOC-000352,LAW-KR-000127,감염병의 예방 및 관리에 관한 법률,v2_법령목록,statutory,act,2,,by_layer,norm:Act,true,,true,nlic_api_20260920t,,,,,280445,21234,20251223,20260624,법률,LAW-KR-RL35|법률
DOC-000353,LAW-KR-000127,감염병의 예방 및 관리에 관한 법률 시행령,v2_법령목록,statutory,presidential_decree,3,,by_layer,norm:PresidentialDecree,true,,true,nlic_api_20260920t,,,,,285787,36300,20260506,20260506,시행령,LAW-KR-RL35|시행령
DOC-000354,LAW-KR-000127,감염병의 예방 및 관리에 관한 법률 시행규칙,v2_법령목록,statutory,ministerial_ordinance,4,,by_layer,norm:EnforcementRule,true,,true,nlic_api_20260920t,,,,,282387,01144,20251231,20251231,시행규칙,LAW-KR-RL35|시행규칙
DOC-000355,LAW-KR-000128,자연재해대책법,v2_법령목록,statutory,act,2,,by_layer,norm:Act,true,,true,nlic_api_20260920t,,,,,276321,21065,20251001,20251001,법률,LAW-KR-RL36|법률
DOC-000356,LAW-KR-000128,자연재해대책법 시행령,v2_법령목록,statutory,presidential_decree,3,,by_layer,norm:PresidentialDecree,true,,true,nlic_api_20260920t,,,,,282993,36055,20260127,20260201,시행령,LAW-KR-RL36|시행령
DOC-000357,LAW-KR-000128,자연재해대책법 시행규칙,v2_법령목록,statutory,ministerial_ordinance,4,,by_layer,norm:EnforcementRule,true,,true,nlic_api_20260920t,,,,,288489,00633,20260729,20260830,시행규칙,LAW-KR-RL36|시행규칙
DOC-000358,LAW-KR-000129,도로교통법,v2_법령목록,statutory,act,2,,by_layer,norm:Act,true,,true,nlic_api_20260920t,,,,,281875,21246,20251230,20260701,법률,LAW-KR-RL37|법률
DOC-000359,LAW-KR-000129,도로교통법 시행령,v2_법령목록,statutory,presidential_decree,3,,by_layer,norm:PresidentialDecree,true,,true,nlic_api_20260920t,,,,,283551,36114,20260219,20260801,시행령,LAW-KR-RL37|시행령
DOC-000360,LAW-KR-000129,도로교통법 시행규칙,v2_법령목록,statutory,ministerial_ordinance,4,,by_layer,norm:EnforcementRule,true,,true,nlic_api_20260920t,,,,,289009,00636,20260824,20270101,시행규칙,LAW-KR-RL37|시행규칙
DOC-000361,LAW-KR-000130,자동차관리법,v2_법령목록,statutory,act,2,,by_layer,norm:Act,true,,true,nlic_api_20260920t,,,,,286989,21817,20260616,20261217,법률,LAW-KR-RL38|법률
DOC-000362,LAW-KR-000130,자동차관리법 시행령,v2_법령목록,statutory,presidential_decree,3,,by_layer,norm:PresidentialDecree,true,,true,nlic_api_20260920t,,,,,286479,36376,20260602,20260603,시행령,LAW-KR-RL38|시행령
DOC-000363,LAW-KR-000130,자동차관리법 시행규칙,v2_법령목록,statutory,ministerial_ordinance,4,,by_layer,norm:EnforcementRule,true,,true,nlic_api_20260920t,,,,,289865,01621,20260915,20260915,시행규칙,LAW-KR-RL38|시행규칙
DOC-000364,LAW-KR-000131,철도사업법,v2_법령목록,statutory,act,2,,by_layer,norm:Act,true,,true,nlic_api_20260920t,,,,,277031,21065,20251001,20260102,법률,LAW-KR-RL39|법률
DOC-000365,LAW-KR-000131,철도사업법 시행령,v2_법령목록,statutory,presidential_decree,3,,by_layer,norm:PresidentialDecree,true,,true,nlic_api_20260920t,,,,,255197,33795,20231010,20231019,시행령,LAW-KR-RL39|시행령
DOC-000366,LAW-KR-000131,철도사업법 시행규칙,v2_법령목록,statutory,ministerial_ordinance,4,,by_layer,norm:EnforcementRule,true,,true,nlic_api_20260920t,,,,,255517,01261,20231019,20231019,시행규칙,LAW-KR-RL39|시행규칙
DOC-000367,LAW-KR-000132,항공보안법,v2_법령목록,statutory,act,2,,by_layer,norm:Act,true,,true,nlic_api_20260920t,,,,,283745,21414,20260227,20260227,법률,LAW-KR-RL40|법률
DOC-000368,LAW-KR-000132,항공보안법 시행령,v2_법령목록,statutory,presidential_decree,3,,by_layer,norm:PresidentialDecree,true,,true,nlic_api_20260920t,,,,,280295,35913,20251216,20251216,시행령,LAW-KR-RL40|시행령
DOC-000369,LAW-KR-000132,항공보안법 시행규칙,v2_법령목록,statutory,ministerial_ordinance,4,,by_layer,norm:EnforcementRule,true,,true,nlic_api_20260920t,,,,,289877,01621,20260915,20260915,시행규칙,LAW-KR-RL40|시행규칙
DOC-000370,LAW-KR-000133,어선법,v2_법령목록,statutory,act,2,,by_layer,norm:Act,true,,true,nlic_api_20260920t,,,,,273691,21058,20250916,20251217,법률,LAW-KR-RL41|법률
DOC-000371,LAW-KR-000133,어선법 시행령,v2_법령목록,statutory,presidential_decree,3,,by_layer,norm:PresidentialDecree,true,,true,nlic_api_20260920t,,,,,280299,35915,20251216,20251221,시행령,LAW-KR-RL41|시행령
DOC-000372,LAW-KR-000133,어선법 시행규칙,v2_법령목록,statutory,ministerial_ordinance,4,,by_layer,norm:EnforcementRule,true,,true,nlic_api_20260920t,,,,,282099,00774,20251226,20251226,시행규칙,LAW-KR-RL41|시행규칙
DOC-000373,LAW-KR-000134,항만법,v2_법령목록,statutory,act,2,,by_layer,norm:Act,true,,true,nlic_api_20260920t,,,,,283707,21415,20260227,20260227,법률,LAW-KR-RL42|법률
DOC-000374,LAW-KR-000134,항만법 시행령,v2_법령목록,statutory,presidential_decree,3,,by_layer,norm:PresidentialDecree,true,,true,nlic_api_20260920t,,,,,287353,36439,20260623,20260701,시행령,LAW-KR-RL42|시행령
DOC-000375,LAW-KR-000134,항만법 시행규칙,v2_법령목록,statutory,ministerial_ordinance,4,,by_layer,norm:EnforcementRule,true,,true,nlic_api_20260920t,,,,,288183,00807,20260713,20260713,시행규칙,LAW-KR-RL42|시행규칙
DOC-000376,LAW-KR-000135,급경사지 재해예방에 관한 법률,v2_법령목록,statutory,act,2,,by_layer,norm:Act,true,,true,nlic_api_20260920t,,,,,260239,20269,20240213,20240814,법률,LAW-KR-RL43|법률
DOC-000377,LAW-KR-000135,급경사지 재해예방에 관한 법률 시행령,v2_법령목록,statutory,presidential_decree,3,,by_layer,norm:PresidentialDecree,true,,true,nlic_api_20260920t,,,,,284697,36220,20260324,20260324,시행령,LAW-KR-RL43|시행령
DOC-000378,LAW-KR-000135,급경사지 재해예방에 관한 법률 시행규칙,v2_법령목록,statutory,ministerial_ordinance,4,,by_layer,norm:EnforcementRule,true,,true,nlic_api_20260920t,,,,,264633,00502,20240731,20240731,시행규칙,LAW-KR-RL43|시행규칙
DOC-000379,LAW-KR-000136,댐건설ㆍ관리 및 주변지역지원 등에 관한 법률,v2_법령목록,statutory,act,2,,by_layer,norm:Act,true,,true,nlic_api_20260920t,,,,,284331,21466,20260317,20260918,법률,LAW-KR-RL44|법률
DOC-000380,LAW-KR-000136,댐건설ㆍ관리 및 주변지역지원 등에 관한 법률 시행령,v2_법령목록,statutory,presidential_decree,3,,by_layer,norm:PresidentialDecree,true,,true,nlic_api_20260920t,,,,,289707,36678,20260915,20260918,시행령,LAW-KR-RL44|시행령
DOC-000381,LAW-KR-000136,댐건설ㆍ관리 및 주변지역지원 등에 관한 법률 시행규칙,v2_법령목록,statutory,ministerial_ordinance,4,,by_layer,norm:EnforcementRule,true,,true,nlic_api_20260920t,,,,,278893,00001,20251001,20251001,시행규칙,LAW-KR-RL44|시행규칙
DOC-000382,LAW-KR-000137,산지관리법,v2_법령목록,statutory,act,2,,by_layer,norm:Act,true,,true,nlic_api_20260920u,,,,,284371,21467,20260317,20260918,법률,LAW-KR-RL45|법률
DOC-000383,LAW-KR-000137,산지관리법 시행령,v2_법령목록,statutory,presidential_decree,3,,by_layer,norm:PresidentialDecree,true,,true,nlic_api_20260920t,,,,,288885,36587,20260818,20260918,시행령,LAW-KR-RL45|시행령
DOC-000384,LAW-KR-000137,산지관리법 시행규칙,v2_법령목록,statutory,ministerial_ordinance,4,,by_layer,norm:EnforcementRule,true,,true,nlic_api_20260920u,,,,,289043,00054,20260827,20260918,시행규칙,LAW-KR-RL45|시행규칙
DOC-000385,LAW-KR-000138,하천법,v2_법령목록,statutory,act,2,,by_layer,norm:Act,true,,true,nlic_api_20260920t,,,,,284435,21471,20260317,20260918,법률,LAW-KR-RL46|법률
DOC-000386,LAW-KR-000138,하천법 시행령,v2_법령목록,statutory,presidential_decree,3,,by_layer,norm:PresidentialDecree,true,,true,nlic_api_20260920t,,,,,289703,36676,20260915,20260918,시행령,LAW-KR-RL46|시행령
DOC-000387,LAW-KR-000138,하천법 시행규칙,v2_법령목록,statutory,ministerial_ordinance,4,,by_layer,norm:EnforcementRule,true,,true,nlic_api_20260920t,,,,,289985,00058,20260918,20260918,시행규칙,LAW-KR-RL46|시행규칙
DOC-000388,LAW-KR-000139,농어촌정비법,v2_법령목록,statutory,act,2,,by_layer,norm:Act,true,,true,nlic_api_20260920t,,,,,283947,21433,20260310,20260911,법률,LAW-KR-RL47|법률
DOC-000389,LAW-KR-000139,농어촌정비법 시행령,v2_법령목록,statutory,presidential_decree,3,,by_layer,norm:PresidentialDecree,true,,true,nlic_api_20260920t,,,,,289817,36670,20260910,20260911,시행령,LAW-KR-RL47|시행령
DOC-000390,LAW-KR-000139,농어촌정비법 시행규칙,v2_법령목록,statutory,ministerial_ordinance,4,,by_layer,norm:EnforcementRule,true,,true,nlic_api_20260920t,,,,,289251,00056,20260831,20260918,시행규칙,LAW-KR-RL47|시행규칙
DOC-000391,LAW-KR-000140,방조제 관리법,v2_법령목록,statutory,act,2,,by_layer,norm:Act,true,,true,nlic_api_20260920t,,,,,218153,17317,20200526,20200526,법률,LAW-KR-RL48|법률
DOC-000392,LAW-KR-000140,방조제 관리법 시행령,v2_법령목록,statutory,presidential_decree,3,,by_layer,norm:PresidentialDecree,true,,true,nlic_api_20260920t,,,,,255187,33789,20231010,20231010,시행령,LAW-KR-RL48|시행령
DOC-000393,LAW-KR-000140,방조제 관리법 시행규칙,v2_법령목록,statutory,ministerial_ordinance,4,,by_layer,norm:EnforcementRule,true,,true,nlic_api_20260920t,,,,,263797,00680,20240703,20240703,시행규칙,LAW-KR-RL48|시행규칙
DOC-000394,LAW-KR-000141,사방사업법,v2_법령목록,statutory,act,2,,by_layer,norm:Act,true,,true,nlic_api_20260920t,,,,,268865,20751,20250131,20260201,법률,LAW-KR-RL49|법률
DOC-000395,LAW-KR-000141,사방사업법 시행령,v2_법령목록,statutory,presidential_decree,3,,by_layer,norm:PresidentialDecree,true,,true,nlic_api_20260920t,,,,,283127,36066,20260130,20260201,시행령,LAW-KR-RL49|시행령
DOC-000396,LAW-KR-000141,사방사업법 시행규칙,v2_법령목록,statutory,ministerial_ordinance,4,,by_layer,norm:EnforcementRule,true,,true,nlic_api_20260920t,,,,,283213,00753,20260130,20260201,시행규칙,LAW-KR-RL49|시행규칙
DOC-000397,LAW-KR-000142,산림보호법,v2_법령목록,statutory,act,2,,by_layer,norm:Act,true,,true,nlic_api_20260920t,,,,,268869,20751,20250131,20260201,법률,LAW-KR-RL50|법률
DOC-000398,LAW-KR-000142,산림보호법 시행령,v2_법령목록,statutory,presidential_decree,3,,by_layer,norm:PresidentialDecree,true,,true,nlic_api_20260920t,,,,,283131,36066,20260130,20260201,시행령,LAW-KR-RL50|시행령
DOC-000399,LAW-KR-000142,산림보호법 시행규칙,v2_법령목록,statutory,ministerial_ordinance,4,,by_layer,norm:EnforcementRule,true,,true,nlic_api_20260920t,,,,,283215,00753,20260130,20260201,시행규칙,LAW-KR-RL50|시행규칙
DOC-000400,LAW-KR-000143,의료법,v2_법령목록,statutory,act,2,,by_layer,norm:Act,true,,true,nlic_api_20260920t,,,,,283899,21423,20260310,20260911,법률,LAW-KR-RL51|법률
DOC-000401,LAW-KR-000143,의료법 시행령,v2_법령목록,statutory,presidential_decree,3,,by_layer,norm:PresidentialDecree,true,,true,nlic_api_20260920t,,,,,283151,36083,20260210,20260210,시행령,LAW-KR-RL51|시행령
DOC-000402,LAW-KR-000143,의료법 시행규칙,v2_법령목록,statutory,ministerial_ordinance,4,,by_layer,norm:EnforcementRule,true,,true,nlic_api_20260920t,,,,,286963,01177,20260612,20260612,시행규칙,LAW-KR-RL51|시행규칙
DOC-000403,LAW-KR-000144,산림복지 진흥에 관한 법률,v2_법령목록,statutory,act,2,,by_layer,norm:Act,true,,true,nlic_api_20260920t,,,,,277179,21065,20251001,20251001,법률,LAW-KR-RL52|법률
DOC-000404,LAW-KR-000144,산림복지 진흥에 관한 법률 시행령,v2_법령목록,statutory,presidential_decree,3,,by_layer,norm:PresidentialDecree,true,,true,nlic_api_20260920t,,,,,280575,35939,20251223,20251223,시행령,LAW-KR-RL52|시행령
DOC-000405,LAW-KR-000144,산림복지 진흥에 관한 법률 시행규칙,v2_법령목록,statutory,ministerial_ordinance,4,,by_layer,norm:EnforcementRule,true,,true,nlic_api_20260920t,,,,,279519,00740,20251031,20251031,시행규칙,LAW-KR-RL52|시행규칙
DOC-000406,LAW-KR-000145,건설산업기본법,v2_법령목록,statutory,act,2,,by_layer,norm:Act,true,,true,nlic_api_20260920t,,,,,273435,21034,20250826,20251127,법률,LAW-KR-RL53|법률
DOC-000407,LAW-KR-000145,건설산업기본법 시행령,v2_법령목록,statutory,presidential_decree,3,,by_layer,norm:PresidentialDecree,true,,true,nlic_api_20260920t,,,,,287349,36437,20260623,20260623,시행령,LAW-KR-RL53|시행령
DOC-000408,LAW-KR-000145,건설산업기본법 시행규칙,v2_법령목록,statutory,ministerial_ordinance,4,,by_layer,norm:EnforcementRule,true,,true,nlic_api_20260920t,,,,,282375,01553,20251230,20260102,시행규칙,LAW-KR-RL53|시행규칙
DOC-000409,LAW-KR-000146,건설폐기물의 재활용촉진에 관한 법률,v2_법령목록,statutory,act,2,,by_layer,norm:Act,true,,true,nlic_api_20260920t,,,,,276695,21065,20251001,20251001,법률,LAW-KR-RL54|법률
DOC-000410,LAW-KR-000146,건설폐기물의 재활용촉진에 관한 법률 시행령,v2_법령목록,statutory,presidential_decree,3,,by_layer,norm:PresidentialDecree,true,,true,nlic_api_20260920t,,,,,278497,35804,20251001,20251001,시행령,LAW-KR-RL54|시행령
DOC-000411,LAW-KR-000146,건설폐기물의 재활용촉진에 관한 법률 시행규칙,v2_법령목록,statutory,ministerial_ordinance,4,,by_layer,norm:EnforcementRule,true,,true,nlic_api_20260920t,,,,,287419,00042,20260622,20260622,시행규칙,LAW-KR-RL54|시행규칙
DOC-000412,LAW-KR-000147,광산피해의 방지 및 복구에 관한 법률,v2_법령목록,statutory,act,2,,by_layer,norm:Act,true,,true,nlic_api_20260920t,,,,,276467,21065,20251001,20251001,법률,LAW-KR-RL55|법률
DOC-000413,LAW-KR-000147,광산피해의 방지 및 복구에 관한 법률 시행령,v2_법령목록,statutory,presidential_decree,3,,by_layer,norm:PresidentialDecree,true,,true,nlic_api_20260920t,,,,,281577,35948,20251230,20260102,시행령,LAW-KR-RL55|시행령
DOC-000414,LAW-KR-000147,광산피해의 방지 및 복구에 관한 법률 시행규칙,v2_법령목록,statutory,ministerial_ordinance,4,,by_layer,norm:EnforcementRule,true,,true,nlic_api_20260920t,,,,,278697,00001,20251001,20251001,시행규칙,LAW-KR-RL55|시행규칙
DOC-000415,LAW-KR-000148,석유 및 석유대체연료 사업법,v2_법령목록,statutory,act,2,,by_layer,norm:Act,true,,true,nlic_api_20260920t,,,,,283933,21438,20260310,20260310,법률,LAW-KR-RL56|법률
DOC-000416,LAW-KR-000148,석유 및 석유대체연료 사업법 시행령,v2_법령목록,statutory,presidential_decree,3,,by_layer,norm:PresidentialDecree,true,,true,nlic_api_20260920u,,,,,288891,36587,20260818,20260918,시행령,LAW-KR-RL56|시행령
DOC-000417,LAW-KR-000148,석유 및 석유대체연료 사업법 시행규칙,v2_법령목록,statutory,ministerial_ordinance,4,,by_layer,norm:EnforcementRule,true,,true,nlic_api_20260920t,,,,,289047,00054,20260827,20260918,시행규칙,LAW-KR-RL56|시행규칙
DOC-000418,LAW-KR-000149,전기사업법,v2_법령목록,statutory,act,2,,by_layer,norm:Act,true,,true,nlic_api_20260920t,,,,,283981,21438,20260310,20260310,법률,LAW-KR-RL57|법률
DOC-000419,LAW-KR-000149,전기사업법 시행령,v2_법령목록,statutory,presidential_decree,3,,by_layer,norm:PresidentialDecree,true,,true,nlic_api_20260920t,,,,,288907,36587,20260818,20260918,시행령,LAW-KR-RL57|시행령
DOC-000420,LAW-KR-000149,전기사업법 시행규칙,v2_법령목록,statutory,ministerial_ordinance,4,,by_layer,norm:EnforcementRule,true,,true,nlic_api_20260920t,,,,,289263,00056,20260831,20260918,시행규칙,LAW-KR-RL57|시행규칙
DOC-000421,LAW-KR-000150,전기공사업법,v2_법령목록,statutory,act,2,,by_layer,norm:Act,true,,true,nlic_api_20260920t,,,,,284381,21467,20260317,20260918,법률,LAW-KR-RL58|법률
DOC-000422,LAW-KR-000150,전기공사업법 시행령,v2_법령목록,statutory,presidential_decree,3,,by_layer,norm:PresidentialDecree,true,,true,nlic_api_20260920t,,,,,288827,36586,20260818,20260918,시행령,LAW-KR-RL58|시행령
DOC-000423,LAW-KR-000150,전기공사업법 시행규칙,v2_법령목록,statutory,ministerial_ordinance,4,,by_layer,norm:EnforcementRule,true,,true,nlic_api_20260920t,,,,,278985,00001,20251001,20251001,시행규칙,LAW-KR-RL58|시행규칙
DOC-000424,LAW-KR-000151,도시 및 주거환경정비법,v2_법령목록,statutory,act,2,,by_layer,norm:Act,true,,true,nlic_api_20260920t,,,,,284065,21447,20260305,20260701,법률,LAW-KR-RL59|법률
DOC-000425,LAW-KR-000151,도시 및 주거환경정비법 시행령,v2_법령목록,statutory,presidential_decree,3,,by_layer,norm:PresidentialDecree,true,,true,nlic_api_20260920t,,,,,287285,36424,20260623,20260701,시행령,LAW-KR-RL59|시행령
DOC-000426,LAW-KR-000151,도시 및 주거환경정비법 시행규칙,v2_법령목록,statutory,ministerial_ordinance,4,,by_layer,norm:EnforcementRule,true,,true,nlic_api_20260920t,,,,,283327,01561,20260211,20260211,시행규칙,LAW-KR-RL59|시행규칙
DOC-000427,LAW-KR-000152,주택법,v2_법령목록,statutory,act,2,,by_layer,norm:Act,true,,true,nlic_api_20260920t,,,,,289171,21902,20260908,20270309,법률,LAW-KR-RL60|법률
DOC-000428,LAW-KR-000152,주택법 시행령,v2_법령목록,statutory,presidential_decree,3,,by_layer,norm:PresidentialDecree,true,,true,nlic_api_20260920t,,,,,289499,36657,20260908,20260908,시행령,LAW-KR-RL60|시행령
DOC-000429,LAW-KR-000152,주택법 시행규칙,v2_법령목록,statutory,ministerial_ordinance,4,,by_layer,norm:EnforcementRule,true,,true,nlic_api_20260920t,,,,,288575,01610,20260804,20260804,시행규칙,LAW-KR-RL60|시행규칙
DOC-000430,LAW-KR-000153,소방기본법,v2_법령목록,statutory,act,2,,by_layer,norm:Act,true,,true,nlic_api_20260920t,,,,,286459,21731,20260602,20260903,법률,LAW-KR-RL61|법률
DOC-000431,LAW-KR-000153,소방기본법 시행령,v2_법령목록,statutory,presidential_decree,3,,by_layer,norm:PresidentialDecree,true,,true,nlic_api_20260920t,,,,,289137,36635,20260901,20260903,시행령,LAW-KR-RL61|시행령
DOC-000432,LAW-KR-000153,소방기본법 시행규칙,v2_법령목록,statutory,ministerial_ordinance,4,,by_layer,norm:EnforcementRule,true,,true,nlic_api_20260920t,,,,,289509,00641,20260903,20260903,시행규칙,LAW-KR-RL61|시행규칙
DOC-000433,LAW-KR-000154,대기환경보전법,v2_법령목록,statutory,act,2,,by_layer,norm:Act,true,,true,nlic_api_20260920t,,,,,287811,21843,20260707,20270108,법률,LAW-KR-RL62|법률
DOC-000434,LAW-KR-000154,대기환경보전법 시행령,v2_법령목록,statutory,presidential_decree,3,,by_layer,norm:PresidentialDecree,true,,true,nlic_api_20260920t,,,,,288869,36587,20260818,20260918,시행령,LAW-KR-RL62|시행령
DOC-000435,LAW-KR-000154,대기환경보전법 시행규칙,v2_법령목록,statutory,ministerial_ordinance,4,,by_layer,norm:EnforcementRule,true,,true,nlic_api_20260920t,,,,,289253,00056,20260831,20260918,시행규칙,LAW-KR-RL62|시행규칙
DOC-000436,LAW-KR-000155,전력기술관리법,v2_법령목록,statutory,act,2,,by_layer,norm:Act,true,,true,nlic_api_20260920t,,,,,276593,21065,20251001,20251001,법률,LAW-KR-RL63|법률
DOC-000437,LAW-KR-000155,전력기술관리법 시행령,v2_법령목록,statutory,presidential_decree,3,,by_layer,norm:PresidentialDecree,true,,true,nlic_api_20260920t,,,,,288909,36587,20260818,20260918,시행령,LAW-KR-RL63|시행령
DOC-000438,LAW-KR-000155,전력기술관리법 시행규칙,v2_법령목록,statutory,ministerial_ordinance,4,,by_layer,norm:EnforcementRule,true,,true,nlic_api_20260920t,,,,,278995,00001,20251001,20251001,시행규칙,LAW-KR-RL63|시행규칙
DOC-000439,LAW-KR-000156,전기용품 및 생활용품 안전관리법,v2_법령목록,statutory,act,2,,by_layer,norm:Act,true,,true,nlic_api_20260920t,,,,,276591,21065,20251001,20251001,법률,LAW-KR-RL64|법률
DOC-000440,LAW-KR-000156,전기용품 및 생활용품 안전관리법 시행령,v2_법령목록,statutory,presidential_decree,3,,by_layer,norm:PresidentialDecree,true,,true,nlic_api_20260920t,,,,,282997,36055,20260127,20260201,시행령,LAW-KR-RL64|시행령
DOC-000441,LAW-KR-000156,전기용품 및 생활용품 안전관리법 시행규칙,v2_법령목록,statutory,ministerial_ordinance,4,,by_layer,norm:EnforcementRule,true,,true,nlic_api_20260920t,,,,,273575,00616,20250826,20260827,시행규칙,LAW-KR-RL64|시행규칙
DOC-000442,LAW-KR-000157,집단에너지사업법,v2_법령목록,statutory,act,2,,by_layer,norm:Act,true,,true,nlic_api_20260920t,,,,,284393,21467,20260317,20260918,법률,LAW-KR-RL65|법률
DOC-000443,LAW-KR-000157,집단에너지사업법 시행령,v2_법령목록,statutory,presidential_decree,3,,by_layer,norm:PresidentialDecree,true,,true,nlic_api_20260920t,,,,,288923,36587,20260818,20260918,시행령,LAW-KR-RL65|시행령
DOC-000444,LAW-KR-000157,집단에너지사업법 시행규칙,v2_법령목록,statutory,ministerial_ordinance,4,,by_layer,norm:EnforcementRule,true,,true,nlic_api_20260920t,,,,,279009,00001,20251001,20251001,시행규칙,LAW-KR-RL65|시행규칙
DOC-000445,LAW-KR-000158,공중위생관리법,v2_법령목록,statutory,act,2,,by_layer,norm:Act,true,,true,nlic_api_20260920t,,,,,259521,20171,20240130,20250731,법률,LAW-KR-RL66|법률
DOC-000446,LAW-KR-000158,공중위생관리법 시행령,v2_법령목록,statutory,presidential_decree,3,,by_layer,norm:PresidentialDecree,true,,true,nlic_api_20260920t,,,,,266301,34988,20241112,20260101,시행령,LAW-KR-RL66|시행령
DOC-000447,LAW-KR-000158,공중위생관리법 시행규칙,v2_법령목록,statutory,ministerial_ordinance,4,,by_layer,norm:EnforcementRule,true,,true,nlic_api_20260920t,,,,,288139,01186,20260714,20260714,시행규칙,LAW-KR-RL66|시행규칙
DOC-000448,LAW-KR-000159,가축전염병 예방법,v2_법령목록,statutory,act,2,,by_layer,norm:Act,true,,true,nlic_api_20260920t,,,,,272861,20998,20250722,20260123,법률,LAW-KR-RL67|법률
DOC-000449,LAW-KR-000159,가축전염병 예방법 시행령,v2_법령목록,statutory,presidential_decree,3,,by_layer,norm:PresidentialDecree,true,,true,nlic_api_20260920t,,,,,285559,36267,20260421,20260421,시행령,LAW-KR-RL67|시행령
DOC-000450,LAW-KR-000159,가축전염병 예방법 시행규칙,v2_법령목록,statutory,ministerial_ordinance,4,,by_layer,norm:EnforcementRule,true,,true,nlic_api_20260920t,,,,,285745,00766,20260423,20260423,시행규칙,LAW-KR-RL67|시행규칙
DOC-000451,LAW-KR-000160,재해경감을 위한 기업의 자율활동 지원에 관한 법률,v2_법령목록,statutory,act,2,,by_layer,norm:Act,true,,true,nlic_api_20260920t,,,,,228707,17894,20210112,20210112,법률,LAW-KR-RL68|법률
DOC-000452,LAW-KR-000160,재해경감을 위한 기업의 자율활동 지원에 관한 법률 시행령,v2_법령목록,statutory,presidential_decree,3,,by_layer,norm:PresidentialDecree,true,,true,nlic_api_20260920t,,,,,282329,35998,20260102,20260102,시행령,LAW-KR-RL68|시행령
DOC-000453,LAW-KR-000160,재해경감을 위한 기업의 자율활동 지원에 관한 법률 시행규칙,v2_법령목록,statutory,ministerial_ordinance,4,,by_layer,norm:EnforcementRule,true,,true,nlic_api_20260920t,,,,,288491,00633,20260729,20260830,시행규칙,LAW-KR-RL68|시행규칙
DOC-000454,LAW-KR-000161,화재의 예방 및 안전관리에 관한 법률,v2_법령목록,statutory,act,2,,by_layer,norm:Act,true,,true,nlic_api_20260920t,,,,,283705,21396,20260227,20260227,법률,LAW-KR-RL69|법률
DOC-000455,LAW-KR-000161,화재의 예방 및 안전관리에 관한 법률 시행령,v2_법령목록,statutory,presidential_decree,3,,by_layer,norm:PresidentialDecree,true,,true,nlic_api_20260920t,,,,,287389,36432,20260623,20260701,시행령,LAW-KR-RL69|시행령
DOC-000456,LAW-KR-000161,화재의 예방 및 안전관리에 관한 법률 시행규칙,v2_법령목록,statutory,ministerial_ordinance,4,,by_layer,norm:EnforcementRule,true,,true,nlic_api_20260920t,,,,,287849,00628,20260701,20260701,시행규칙,LAW-KR-RL69|시행규칙
DOC-000457,LAW-KR-000162,건축물관리법,v2_법령목록,statutory,act,2,,by_layer,norm:Act,true,,true,nlic_api_20260920t,,,,,266691,20549,20241203,20250604,법률,LAW-KR-RL70|법률
DOC-000458,LAW-KR-000162,건축물관리법 시행령,v2_법령목록,statutory,presidential_decree,3,,by_layer,norm:PresidentialDecree,true,,true,nlic_api_20260920t,,,,,284661,36220,20260324,20260324,시행령,LAW-KR-RL70|시행령
DOC-000459,LAW-KR-000162,건축물관리법 시행규칙,v2_법령목록,statutory,ministerial_ordinance,4,,by_layer,norm:EnforcementRule,true,,true,nlic_api_20260920t,,,,,271531,01495,20250602,20250602,시행규칙,LAW-KR-RL70|시행규칙
DOC-000460,LAW-KR-000163,실내공기질 관리법,v2_법령목록,statutory,act,2,,by_layer,norm:Act,true,,true,nlic_api_20260920t,,,,,276765,21065,20251001,20251001,법률,LAW-KR-RL71|법률
DOC-000461,LAW-KR-000163,실내공기질 관리법 시행령,v2_법령목록,statutory,presidential_decree,3,,by_layer,norm:PresidentialDecree,true,,true,nlic_api_20260920t,,,,,285467,36264,20260416,20260416,시행령,LAW-KR-RL71|시행령
DOC-000462,LAW-KR-000163,실내공기질 관리법 시행규칙,v2_법령목록,statutory,ministerial_ordinance,4,,by_layer,norm:EnforcementRule,true,,true,nlic_api_20260920t,,,,,287429,00042,20260622,20260622,시행규칙,LAW-KR-RL71|시행규칙
DOC-000463,LAW-KR-000164,선원법,v2_법령목록,statutory,act,2,,by_layer,norm:Act,true,,true,nlic_api_20260920t,,,,,273639,21054,20250916,20260317,법률,LAW-KR-RL72|법률
DOC-000464,LAW-KR-000164,선원법 시행령,v2_법령목록,statutory,presidential_decree,3,,by_layer,norm:PresidentialDecree,true,,true,nlic_api_20260920t,,,,,284017,36173,20260310,20260317,시행령,LAW-KR-RL72|시행령
DOC-000465,LAW-KR-000164,선원법 시행규칙,v2_법령목록,statutory,ministerial_ordinance,4,,by_layer,norm:EnforcementRule,true,,true,nlic_api_20260920t,,,,,288175,00807,20260713,20260713,시행규칙,LAW-KR-RL72|시행규칙
DOC-000466,LAW-KR-000165,항만안전특별법,v2_법령목록,statutory,act,2,,by_layer,norm:Act,true,,true,nlic_api_20260920t,,,,,283835,21443,20260310,20260911,법률,LAW-KR-RL73|법률
DOC-000467,LAW-KR-000165,항만안전특별법 시행령,v2_법령목록,statutory,presidential_decree,3,,by_layer,norm:PresidentialDecree,true,,true,nlic_api_20260920t,,,,,289505,36660,20260908,20260911,시행령,LAW-KR-RL73|시행령
DOC-000468,LAW-KR-000165,항만안전특별법 시행규칙,v2_법령목록,statutory,ministerial_ordinance,4,,by_layer,norm:EnforcementRule,true,,true,nlic_api_20260920t,,,,,289507,00818,20260902,20260911,시행규칙,LAW-KR-RL73|시행규칙
DOC-000469,LAW-KR-000166,어린이놀이시설 안전관리법,v2_법령목록,statutory,act,2,,by_layer,norm:Act,true,,true,nlic_api_20260920t,,,,,283741,21393,20260227,20270228,법률,LAW-KR-RL74|법률
DOC-000470,LAW-KR-000166,어린이놀이시설 안전관리법 시행령,v2_법령목록,statutory,presidential_decree,3,,by_layer,norm:PresidentialDecree,true,,true,nlic_api_20260920t,,,,,267127,35079,20241217,20241217,시행령,LAW-KR-RL74|시행령
DOC-000471,LAW-KR-000166,어린이놀이시설 안전관리법 시행규칙,v2_법령목록,statutory,ministerial_ordinance,4,,by_layer,norm:EnforcementRule,true,,true,nlic_api_20260920t,,,,,247969,00377,20230206,20230206,시행규칙,LAW-KR-RL74|시행규칙
DOC-000472,LAW-KR-000167,생활물류서비스산업발전법,v2_법령목록,statutory,act,2,,by_layer,norm:Act,true,,true,nlic_api_20260920t,,,,,283715,21410,20260227,20260828,법률,LAW-KR-RL75|법률
DOC-000473,LAW-KR-000167,생활물류서비스산업발전법 시행령,v2_법령목록,statutory,presidential_decree,3,,by_layer,norm:PresidentialDecree,true,,true,nlic_api_20260920t,,,,,289015,36627,20260827,20260828,시행령,LAW-KR-RL75|시행령
DOC-000474,LAW-KR-000167,생활물류서비스산업발전법 시행규칙,v2_법령목록,statutory,ministerial_ordinance,4,,by_layer,norm:EnforcementRule,true,,true,nlic_api_20260920t,,,,,289861,01621,20260915,20260915,시행규칙,LAW-KR-RL75|시행규칙
DOC-000475,LAW-KR-000168,도시철도법,v2_법령목록,statutory,act,2,,by_layer,norm:Act,true,,true,nlic_api_20260920t,,,,,258315,19987,20240109,20240109,법률,LAW-KR-RL76|법률
DOC-000476,LAW-KR-000168,도시철도법 시행령,v2_법령목록,statutory,presidential_decree,3,,by_layer,norm:PresidentialDecree,true,,true,nlic_api_20260920t,,,,,288009,36500,20260707,20260707,시행령,LAW-KR-RL76|시행령
DOC-000477,LAW-KR-000168,도시철도법 시행규칙,v2_법령목록,statutory,ministerial_ordinance,4,,by_layer,norm:EnforcementRule,true,,true,nlic_api_20260920t,,,,,249109,01199,20230320,20230320,시행규칙,LAW-KR-RL76|시행규칙
DOC-000478,LAW-KR-000169,궤도운송법,v2_법령목록,statutory,act,2,,by_layer,norm:Act,true,,true,nlic_api_20260920t,,,,,284463,21479,20260317,20260918,법률,LAW-KR-RL77|법률
DOC-000479,LAW-KR-000169,궤도운송법 시행령,v2_법령목록,statutory,presidential_decree,3,,by_layer,norm:PresidentialDecree,true,,true,nlic_api_20260920t,,,,,289717,36685,20260915,20260918,시행령,LAW-KR-RL77|시행령
DOC-000480,LAW-KR-000169,궤도운송법 시행규칙,v2_법령목록,statutory,ministerial_ordinance,4,,by_layer,norm:EnforcementRule,true,,true,nlic_api_20260920t,,,,,289981,01628,20260918,20260918,시행규칙,LAW-KR-RL77|시행규칙
DOC-000481,LAW-KR-000170,환자안전법,v2_법령목록,statutory,act,2,,by_layer,norm:Act,true,,true,nlic_api_20260920t,,,,,265481,20445,20240920,20250621,법률,LAW-KR-RL78|법률
DOC-000482,LAW-KR-000170,환자안전법 시행령,v2_법령목록,statutory,presidential_decree,3,,by_layer,norm:PresidentialDecree,true,,true,nlic_api_20260920t,,,,,246337,33112,20221220,20221220,시행령,LAW-KR-RL78|시행령
DOC-000483,LAW-KR-000170,환자안전법 시행규칙,v2_법령목록,statutory,ministerial_ordinance,4,,by_layer,norm:EnforcementRule,true,,true,nlic_api_20260920t,,,,,266435,01068,20241107,20241107,시행규칙,LAW-KR-RL78|시행규칙
DOC-000484,LAW-KR-000171,생활주변방사선 안전관리법,v2_법령목록,statutory,act,2,,by_layer,norm:Act,true,,true,nlic_api_20260920t,,,,,259305,20141,20240123,20240123,법률,LAW-KR-RL79|법률
DOC-000485,LAW-KR-000171,생활주변방사선 안전관리법 시행령,v2_법령목록,statutory,presidential_decree,3,,by_layer,norm:PresidentialDecree,true,,true,nlic_api_20260920t,,,,,289495,36665,20260908,20260908,시행령,LAW-KR-RL79|시행령
DOC-000486,LAW-KR-000171,생활주변방사선 안전관리법 시행규칙,v2_법령목록,statutory,ministerial_ordinance,4,,by_layer,norm:EnforcementRule,true,,true,nlic_api_20260920t,,,,,289527,02153,20260908,20260908,시행규칙,LAW-KR-RL79|시행규칙
DOC-000487,LAW-KR-000172,수상레저기구의 등록 및 검사에 관한 법률,v2_법령목록,statutory,act,2,,by_layer,norm:Act,true,,true,nlic_api_20260920t,,,,,243139,18957,20220610,20230611,법률,LAW-KR-RL80|법률
DOC-000488,LAW-KR-000172,수상레저기구의 등록 및 검사에 관한 법률 시행령,v2_법령목록,statutory,presidential_decree,3,,by_layer,norm:PresidentialDecree,true,,true,nlic_api_20260920t,,,,,280591,35939,20251223,20251223,시행령,LAW-KR-RL80|시행령
DOC-000489,LAW-KR-000172,수상레저기구의 등록 및 검사에 관한 법률 시행규칙,v2_법령목록,statutory,ministerial_ordinance,4,,by_layer,norm:EnforcementRule,true,,true,nlic_api_20260920t,,,,,252615,00612,20230706,20230706,시행규칙,LAW-KR-RL80|시행규칙
DOC-000490,LAW-KR-000173,지하안전관리에 관한 특별법,v2_법령목록,statutory,act,2,,by_layer,norm:Act,true,,true,nlic_api_20260920t,,,,,271251,20980,20250527,20250527,법률,LAW-KR-RL81|법률
DOC-000491,LAW-KR-000173,지하안전관리에 관한 특별법 시행령,v2_법령목록,statutory,presidential_decree,3,,by_layer,norm:PresidentialDecree,true,,true,nlic_api_20260920t,,,,,283007,36055,20260127,20260201,시행령,LAW-KR-RL81|시행령
DOC-000492,LAW-KR-000173,지하안전관리에 관한 특별법 시행규칙,v2_법령목록,statutory,ministerial_ordinance,4,,by_layer,norm:EnforcementRule,true,,true,nlic_api_20260920t,,,,,264555,01368,20240730,20240730,시행규칙,LAW-KR-RL81|시행규칙
DOC-000493,LAW-KR-000174,수도법,v2_법령목록,statutory,act,2,,by_layer,norm:Act,true,,true,nlic_api_20260920t,,,,,284311,21462,20260317,20260918,법률,LAW-KR-RL82|법률
DOC-000494,LAW-KR-000174,수도법 시행령,v2_법령목록,statutory,presidential_decree,3,,by_layer,norm:PresidentialDecree,true,,true,nlic_api_20260920t,,,,,286843,36402,20260609,20260609,시행령,LAW-KR-RL82|시행령
DOC-000495,LAW-KR-000174,수도법 시행규칙,v2_법령목록,statutory,ministerial_ordinance,4,,by_layer,norm:EnforcementRule,true,,true,nlic_api_20260920t,,,,,287599,00047,20260626,20260626,시행규칙,LAW-KR-RL82|시행규칙
DOC-000496,LAW-KR-000175,하수도법,v2_법령목록,statutory,act,2,,by_layer,norm:Act,true,,true,nlic_api_20260920t,,,,,276803,21065,20251001,20251001,법률,LAW-KR-RL83|법률
DOC-000497,LAW-KR-000175,하수도법 시행령,v2_법령목록,statutory,presidential_decree,3,,by_layer,norm:PresidentialDecree,true,,true,nlic_api_20260920t,,,,,286151,36338,20260519,20260603,시행령,LAW-KR-RL83|시행령
DOC-000498,LAW-KR-000175,하수도법 시행규칙,v2_법령목록,statutory,ministerial_ordinance,4,,by_layer,norm:EnforcementRule,true,,true,nlic_api_20260920t,,,,,287447,00042,20260622,20260622,시행규칙,LAW-KR-RL83|시행규칙
DOC-000499,LAW-KR-000176,저수지ㆍ댐의 안전관리 및 재해예방에 관한 법률,v2_법령목록,statutory,act,2,,by_layer,norm:Act,true,,true,nlic_api_20260920t,,,,,276329,21065,20251001,20251001,법률,LAW-KR-RL84|법률
DOC-000500,LAW-KR-000176,저수지ㆍ댐의 안전관리 및 재해예방에 관한 법률 시행령,v2_법령목록,statutory,presidential_decree,3,,by_layer,norm:PresidentialDecree,true,,true,nlic_api_20260920t,,,,,269557,35367,20250304,20250304,시행령,LAW-KR-RL84|시행령
DOC-000501,LAW-KR-000176,저수지ㆍ댐의 안전관리 및 재해예방에 관한 법률 시행규칙,v2_법령목록,statutory,ministerial_ordinance,4,,by_layer,norm:EnforcementRule,true,,true,nlic_api_20260920t,,,,,235337,00274,20210907,20210907,시행규칙,LAW-KR-RL84|시행규칙
DOC-000502,LAW-KR-000177,철도의 건설 및 철도시설 유지관리에 관한 법률,v2_법령목록,statutory,act,2,,by_layer,norm:Act,true,,true,nlic_api_20260920t,,,,,286613,21738,20260602,20260602,법률,LAW-KR-RL85|법률
DOC-000503,LAW-KR-000177,철도의 건설 및 철도시설 유지관리에 관한 법률 시행령,v2_법령목록,statutory,presidential_decree,3,,by_layer,norm:PresidentialDecree,true,,true,nlic_api_20260920t,,,,,262339,34487,20240507,20240517,시행령,LAW-KR-RL85|시행령
DOC-000504,LAW-KR-000177,철도의 건설 및 철도시설 유지관리에 관한 법률 시행규칙,v2_법령목록,statutory,ministerial_ordinance,4,,by_layer,norm:EnforcementRule,true,,true,nlic_api_20260920t,,,,,235129,00882,20210827,20210827,시행규칙,LAW-KR-RL85|시행규칙
DOC-000505,LAW-KR-000178,기계설비법,v2_법령목록,statutory,act,2,,by_layer,norm:Act,true,,true,nlic_api_20260920t,,,,,219239,17453,20200609,20200609,법률,LAW-KR-RL86|법률
DOC-000506,LAW-KR-000178,기계설비법 시행령,v2_법령목록,statutory,presidential_decree,3,,by_layer,norm:PresidentialDecree,true,,true,nlic_api_20260920t,,,,,285443,36259,20260414,20260601,시행령,LAW-KR-RL86|시행령
DOC-000507,LAW-KR-000178,기계설비법 시행규칙,v2_법령목록,statutory,ministerial_ordinance,4,,by_layer,norm:EnforcementRule,true,,true,nlic_api_20260920t,,,,,285589,01579,20260416,20260601,시행규칙,LAW-KR-RL86|시행규칙
DOC-000508,LAW-KR-000179,석면안전관리법,v2_법령목록,statutory,act,2,,by_layer,norm:Act,true,,true,nlic_api_20260920t,,,,,276749,21065,20251001,20251001,법률,LAW-KR-RL87|법률
DOC-000509,LAW-KR-000179,석면안전관리법 시행규칙,v2_법령목록,statutory,ministerial_ordinance,4,,by_layer,norm:EnforcementRule,true,,true,nlic_api_20260920t,,,,,278931,00001,20251001,20251001,시행규칙,LAW-KR-RL87|시행규칙
DOC-000510,LAW-KR-000180,초고층 및 지하연계 복합건축물 재난관리에 관한 특별법,v2_법령목록,statutory,act,2,,by_layer,norm:Act,true,,true,nlic_api_20260920t,,,,,260837,20357,20240227,20250828,법률,LAW-KR-RL88|법률
DOC-000511,LAW-KR-000180,초고층 및 지하연계 복합건축물 재난관리에 관한 특별법 시행규칙,v2_법령목록,statutory,ministerial_ordinance,4,,by_layer,norm:EnforcementRule,true,,true,nlic_api_20260920t,,,,,287847,00628,20260701,20260701,시행규칙,LAW-KR-RL88|시행규칙
DOC-000512,LAW-KR-000181,주차장법,v2_법령목록,statutory,act,2,,by_layer,norm:Act,true,,true,nlic_api_20260920t,,,,,283743,21413,20260227,20260828,법률,LAW-KR-RL89|법률
DOC-000513,LAW-KR-000181,주차장법 시행령,v2_법령목록,statutory,presidential_decree,3,,by_layer,norm:PresidentialDecree,true,,true,nlic_api_20260920t,,,,,288729,36623,20260825,20260828,시행령,LAW-KR-RL89|시행령
DOC-000514,LAW-KR-000181,주차장법 시행규칙,v2_법령목록,statutory,ministerial_ordinance,4,,by_layer,norm:EnforcementRule,true,,true,nlic_api_20260920t,,,,,288421,01604,20260727,20260727,시행규칙,LAW-KR-RL89|시행규칙
DOC-000515,LAW-KR-000182,공연법,v2_법령목록,statutory,act,2,,by_layer,norm:Act,true,,true,nlic_api_20260920t,,,,,283673,21397,20260227,20260828,법률,LAW-KR-RL90|법률
DOC-000516,LAW-KR-000182,공연법 시행령,v2_법령목록,statutory,presidential_decree,3,,by_layer,norm:PresidentialDecree,true,,true,nlic_api_20260920t,,,,,288985,36615,20260825,20260828,시행령,LAW-KR-RL90|시행령
DOC-000517,LAW-KR-000182,공연법 시행규칙,v2_법령목록,statutory,ministerial_ordinance,4,,by_layer,norm:EnforcementRule,true,,true,nlic_api_20260920t,,,,,288509,00644,20260730,20260730,시행규칙,LAW-KR-RL90|시행규칙
DOC-000518,LAW-KR-000183,장사 등에 관한 법률,v2_법령목록,statutory,act,2,,by_layer,norm:Act,true,,true,nlic_api_20260920t,,,,,259173,20110,20240123,20250124,법률,LAW-KR-RL91|법률
DOC-000519,LAW-KR-000183,장사 등에 관한 법률 시행령,v2_법령목록,statutory,presidential_decree,3,,by_layer,norm:PresidentialDecree,true,,true,nlic_api_20260920t,,,,,284837,36220,20260324,20260324,시행령,LAW-KR-RL91|시행령
DOC-000520,LAW-KR-000183,장사 등에 관한 법률 시행규칙,v2_법령목록,statutory,ministerial_ordinance,4,,by_layer,norm:EnforcementRule,true,,true,nlic_api_20260920t,,,,,285427,01170,20260403,20260403,시행규칙,LAW-KR-RL91|시행규칙
DOC-000521,LAW-KR-000184,여객자동차 운수사업법,v2_법령목록,statutory,act,2,,by_layer,norm:Act,true,,true,nlic_api_20260920t,,,,,286391,21710,20260529,20261130,법률,LAW-KR-RL92|법률
DOC-000522,LAW-KR-000184,여객자동차 운수사업법 시행령,v2_법령목록,statutory,presidential_decree,3,,by_layer,norm:PresidentialDecree,true,,true,nlic_api_20260920t,,,,,288007,36499,20260707,20260707,시행령,LAW-KR-RL92|시행령
DOC-000523,LAW-KR-000184,여객자동차 운수사업법 시행규칙,v2_법령목록,statutory,ministerial_ordinance,4,,by_layer,norm:EnforcementRule,true,,true,nlic_api_20260920t,,,,,289863,01621,20260915,20260915,시행규칙,LAW-KR-RL92|시행규칙
DOC-000524,LAW-KR-000185,노인복지법,v2_법령목록,statutory,act,2,,by_layer,norm:Act,true,,true,nlic_api_20260920t,,,,,259093,20093,20240123,20260124,법률,LAW-KR-RL93|법률
DOC-000525,LAW-KR-000185,노인복지법 시행규칙,v2_법령목록,statutory,ministerial_ordinance,4,,by_layer,norm:EnforcementRule,true,,true,nlic_api_20260920t,,,,,282119,01143,20251229,20251229,시행규칙,LAW-KR-RL93|시행규칙
DOC-000526,LAW-KR-000186,청소년활동 진흥법,v2_법령목록,statutory,act,2,,by_layer,norm:Act,true,,true,nlic_api_20260920t,,,,,276909,21065,20251001,20251001,법률,LAW-KR-RL94|법률
DOC-000527,LAW-KR-000186,청소년활동 진흥법 시행령,v2_법령목록,statutory,presidential_decree,3,,by_layer,norm:PresidentialDecree,true,,true,nlic_api_20260920t,,,,,284945,36221,20260324,20260324,시행령,LAW-KR-RL94|시행령
DOC-000528,LAW-KR-000186,청소년활동 진흥법 시행규칙,v2_법령목록,statutory,ministerial_ordinance,4,,by_layer,norm:EnforcementRule,true,,true,nlic_api_20260920t,,,,,285075,00006,20260324,20260324,시행규칙,LAW-KR-RL94|시행규칙
DOC-000529,LAW-KR-000187,관광진흥법,v2_법령목록,statutory,act,2,,by_layer,norm:Act,true,,true,nlic_api_20260920t,,,,,279659,21087,20251111,20260512,법률,LAW-KR-RL95|법률
DOC-000530,LAW-KR-000187,관광진흥법 시행령,v2_법령목록,statutory,presidential_decree,3,,by_layer,norm:PresidentialDecree,true,,true,nlic_api_20260920t,,,,,288461,36554,20260804,20260804,시행령,LAW-KR-RL95|시행령
DOC-000531,LAW-KR-000187,관광진흥법 시행규칙,v2_법령목록,statutory,ministerial_ordinance,4,,by_layer,norm:EnforcementRule,true,,true,nlic_api_20260920t,,,,,282125,00622,20251229,20251229,시행규칙,LAW-KR-RL95|시행규칙
DOC-000532,LAW-KR-000188,도서관법,v2_법령목록,statutory,act,2,,by_layer,norm:Act,true,,true,nlic_api_20260920t,,,,,279665,21090,20251111,20260512,법률,LAW-KR-RL96|법률
DOC-000533,LAW-KR-000188,도서관법 시행령,v2_법령목록,statutory,presidential_decree,3,,by_layer,norm:PresidentialDecree,true,,true,nlic_api_20260920t,,,,,285987,36322,20260512,20260512,시행령,LAW-KR-RL96|시행령
DOC-000534,LAW-KR-000188,도서관법 시행규칙,v2_법령목록,statutory,ministerial_ordinance,4,,by_layer,norm:EnforcementRule,true,,true,nlic_api_20260920t,,,,,245923,00496,20221208,20221208,시행규칙,LAW-KR-RL96|시행규칙
DOC-000535,LAW-KR-000189,박물관 및 미술관 진흥법,v2_법령목록,statutory,act,2,,by_layer,norm:Act,true,,true,nlic_api_20260920t,,,,,284079,21447,20260305,20260701,법률,LAW-KR-RL97|법률
DOC-000536,LAW-KR-000189,박물관 및 미술관 진흥법 시행령,v2_법령목록,statutory,presidential_decree,3,,by_layer,norm:PresidentialDecree,true,,true,nlic_api_20260920t,,,,,287297,36424,20260623,20260701,시행령,LAW-KR-RL97|시행령
DOC-000537,LAW-KR-000189,박물관 및 미술관 진흥법 시행규칙,v2_법령목록,statutory,ministerial_ordinance,4,,by_layer,norm:EnforcementRule,true,,true,nlic_api_20260920t,,,,,263265,00555,20240614,20240614,시행규칙,LAW-KR-RL97|시행규칙
DOC-000538,LAW-KR-000190,영유아보육법,v2_법령목록,statutory,act,2,,by_layer,norm:Act,true,,true,nlic_api_20260920t,,,,,286057,21657,20260519,20260519,법률,LAW-KR-RL98|법률
DOC-000539,LAW-KR-000190,영유아보육법 시행령,v2_법령목록,statutory,presidential_decree,3,,by_layer,norm:PresidentialDecree,true,,true,nlic_api_20260920t,,,,,284623,36188,20260324,20260324,시행령,LAW-KR-RL98|시행령
DOC-000540,LAW-KR-000190,영유아보육법 시행규칙,v2_법령목록,statutory,ministerial_ordinance,4,,by_layer,norm:EnforcementRule,true,,true,nlic_api_20260920t,,,,,286013,00382,20260508,20260512,시행규칙,LAW-KR-RL98|시행규칙
DOC-000541,LAW-KR-000191,아동복지법,v2_법령목록,statutory,act,2,,by_layer,norm:Act,true,,true,nlic_api_20260920u,,,,,289737,21936,20260915,20260915,법률,LAW-KR-RL99|법률
DOC-000542,LAW-KR-000191,아동복지법 시행규칙,v2_법령목록,statutory,ministerial_ordinance,4,,by_layer,norm:EnforcementRule,true,,true,nlic_api_20260920t,,,,,288533,01194,20260804,20260804,시행규칙,LAW-KR-RL99|시행규칙
DOC-000543,LAW-KR-000192,선박안전법,v2_법령목록,statutory,act,2,,by_layer,norm:Act,true,,true,nlic_api_20260920t,,,,,246611,19134,20221227,20230628,법률,LAW-KR-SHIP|법률
DOC-000544,LAW-KR-000192,선박안전법 시행령,v2_법령목록,statutory,presidential_decree,3,,by_layer,norm:PresidentialDecree,true,,true,nlic_api_20260920t,,,,,266313,34988,20241112,20241112,시행령,LAW-KR-SHIP|시행령
DOC-000545,LAW-KR-000192,선박안전법 시행규칙,v2_법령목록,statutory,ministerial_ordinance,4,,by_layer,norm:EnforcementRule,true,,true,nlic_api_20260920t,,,,,289035,00813,20260825,20260825,시행규칙,LAW-KR-SHIP|시행규칙
DOC-000546,LAW-KR-000193,폐기물관리법,v2_법령목록,statutory,act,2,,by_layer,norm:Act,true,,true,nlic_api_20260920u,,,,,284397,21467,20260317,20260918,법률,LAW-KR-WAST|법률
DOC-000547,LAW-KR-000193,폐기물관리법 시행령,v2_법령목록,statutory,presidential_decree,3,,by_layer,norm:PresidentialDecree,true,,true,nlic_api_20260920t,,,,,284591,36217,20260324,20260326,시행령,LAW-KR-WAST|시행령
DOC-000548,LAW-KR-000193,폐기물관리법 시행규칙,v2_법령목록,statutory,ministerial_ordinance,4,,by_layer,norm:EnforcementRule,true,,true,nlic_api_20260920t,,,,,289271,00056,20260831,20260918,시행규칙,LAW-KR-WAST|시행규칙
DOC-000549,LAW-KR-000159,가축전염병 병원체 등 수의생명자원 관리규정,v14_출처문서명,admin_rule,notice,,고시,nlic_admrul,norm:Notice,true,농림축산검역본부,true,nlic_api,DOC-000448,UNIT-0189370,,,,,,,고시,고시|가축전염병 병원체 등 수의생명자원 관리규정
DOC-000550,LAW-KR-000159,가축전염병 예찰 실시요령,v14_출처문서명,admin_rule,notice,,고시,nlic_admrul,norm:Notice,true,농림축산식품부,true,nlic_api,DOC-000448,UNIT-0189564,,,,,,,고시,고시|가축전염병 예찰 실시요령
DOC-000551,LAW-KR-000159,역학조사관 지정 및 교육·훈련에 관한 고시,v14_출처문서명,admin_rule,notice,,고시,nlic_admrul,norm:Notice,true,농림축산검역본부,true,nlic_api,DOC-000448,UNIT-0189354,,,,,,,고시,고시|역학조사관 지정 및 교육·훈련에 관한 고시
DOC-000552,LAW-KR-000159,지정검역물의 검역방법 및 기준,v14_출처문서명,admin_rule,notice,,고시,nlic_admrul,norm:Notice,true,농림축산검역본부,true,nlic_api,,,,,,,,,고시,고시|지정검역물의 검역방법 및 기준
DOC-000553,LAW-KR-000159,지정검역물의 멸균·살균·가공의 범위와 기준,v14_출처문서명,admin_rule,notice,,고시,nlic_admrul,norm:Notice,true,농림축산검역본부,true,nlic_api,DOC-000450,UNIT-0190643,,,,,,,고시,고시|지정검역물의 멸균·살균·가공의 범위와 기준
DOC-000554,LAW-KR-000159,해외 악성가축전염병 방역실시요령,v14_출처문서명,admin_rule,notice,,고시,nlic_admrul,norm:Notice,true,농림축산식품부,true,nlic_api,DOC-000448,UNIT-0189386,,,,,,,고시,고시|해외 악성가축전염병 방역실시요령
DOC-000555,LAW-KR-000159,혈청검사 및 검역 등에 관한 수수료의 납부방법 및 절차 등에 관한 규정,v14_출처문서명,admin_rule,notice,,고시,nlic_admrul,norm:Notice,true,농림축산검역본부,true,nlic_api,DOC-000448,UNIT-0189741,,,,,,,고시,고시|혈청검사 및 검역 등에 관한 수수료의 납부방법 및 절차 등에 관한 규정
DOC-000556,LAW-KR-000159,환경친화 축산농장 지정기준,v14_출처문서명,admin_rule,notice,,고시,nlic_admrul,norm:Notice,true,농림축산식품부,true,nlic_api,DOC-000450,UNIT-0190307,DOC-002946,내용 다름(겹침 92%),,,,,고시,고시|환경친화 축산농장 지정기준
DOC-000557,LAW-KR-000127,감염병 백신 개발을 위한 시험·분석 및 수수료 등에 관한 고시,v14_출처문서명,admin_rule,notice,,고시,nlic_admrul,norm:Notice,true,질병관리청,true,nlic_api,DOC-000352,UNIT-0141544,,,,,,,고시,고시|감염병 백신 개발을 위한 시험·분석 및 수수료 등에 관한 고시
DOC-000558,LAW-KR-000127,감염병 치료제 개발을 위한 시험·분석 및 수수료에 관한 고시,v14_출처문서명,admin_rule,notice,,고시,nlic_admrul,norm:Notice,true,질병관리청,true,nlic_api,DOC-000352,UNIT-0141544,,,,,,,고시,고시|감염병 치료제 개발을 위한 시험·분석 및 수수료에 관한 고시
DOC-000559,LAW-KR-000127,감염병관리시설 평가에 관한 고시,v14_출처문서명,admin_rule,notice,,고시,nlic_admrul,norm:Notice,true,질병관리청,true,nlic_api,DOC-000352,UNIT-0140987,,,,,,,고시,고시|감염병관리시설 평가에 관한 고시
DOC-000560,LAW-KR-000127,감염병관리통합정보시스템 등의 관리 기준,v14_출처문서명,admin_rule,established_rule,,예규,nlic_admrul,norm:EstablishedRule,true,질병관리청,true,nlic_api,DOC-000352,UNIT-0141026,,대표,,,,,고시,고시|감염병관리통합정보시스템 등의 관리 기준
DOC-000561,LAW-KR-000127,감염병병원체 확인기관 평가 등에 관한 규정,v14_출처문서명,admin_rule,notice,,고시,nlic_admrul,norm:Notice,true,질병관리청,true,nlic_api,DOC-000352,UNIT-0140648,,,,,,,고시,고시|감염병병원체 확인기관 평가 등에 관한 규정
DOC-000562,LAW-KR-000127,국립과학수사연구원 생물안전위원회 구성 및 운영 규정,v14_출처문서명,admin_rule,established_rule,,예규,nlic_admrul,norm:EstablishedRule,true,국립과학수사연구원,true,nlic_api,,,,,,,,,고시,고시|국립과학수사연구원 생물안전위원회 구성 및 운영 규정
DOC-000563,LAW-KR-000127,국립마산병원 기관생물안전위원회 운영규정,v14_출처문서명,admin_rule,established_rule,,예규,nlic_admrul,norm:EstablishedRule,true,국립마산병원,true,nlic_api,,,,,,,,,고시,고시|국립마산병원 기관생물안전위원회 운영규정
DOC-000564,LAW-KR-000127,국립마산병원 생물안전관리 규정,v14_출처문서명,admin_rule,established_rule,,예규,nlic_admrul,norm:EstablishedRule,true,국립마산병원,true,nlic_api,,,,,,,,,고시,고시|국립마산병원 생물안전관리 규정
DOC-000565,LAW-KR-000127,국립보건연구원 생물안전관리규정,v14_출처문서명,admin_rule,established_rule,,예규,nlic_admrul,norm:EstablishedRule,true,질병관리청,true,nlic_api,DOC-000352,UNIT-0140862,,,,,,,고시,고시|국립보건연구원 생물안전관리규정
DOC-000566,LAW-KR-000127,국립수산물품질관리원 생물안전관리 규정,v14_출처문서명,admin_rule,established_rule,,예규,nlic_admrul,norm:EstablishedRule,true,국립수산물품질관리원,true,nlic_api,DOC-000352,UNIT-0140809,,,,,,,고시,고시|국립수산물품질관리원 생물안전관리 규정
DOC-000567,LAW-KR-000127,농림축산검역본부 생물안전관리규정,v14_출처문서명,admin_rule,established_rule,,예규,nlic_admrul,norm:EstablishedRule,true,농림축산검역본부,true,nlic_api,,,,대표,,,,,고시,고시|농림축산검역본부 생물안전관리규정
DOC-000568,LAW-KR-000127,법정감염병 실험실 검사 숙련도 평가에 관한 규정,v14_출처문서명,admin_rule,established_rule,,예규,nlic_admrul,norm:EstablishedRule,true,질병관리청,true,nlic_api,DOC-000352,UNIT-0140648,,,,,,,고시,고시|법정감염병 실험실 검사 숙련도 평가에 관한 규정
DOC-000569,LAW-KR-000127,야생동물 질병진단 및 병원체 취급관리 규정,v14_출처문서명,admin_rule,notice,,고시,nlic_admrul,norm:Notice,true,국립야생동물질병관리원,true,nlic_api,DOC-000448,UNIT-0189507,,,,,,,고시,고시|야생동물 질병진단 및 병원체 취급관리 규정
DOC-000570,LAW-KR-000127,연구실안전 및 생물안전 관리 등에 관한 규정,v14_출처문서명,admin_rule,established_rule,,예규,nlic_admrul,norm:EstablishedRule,true,질병관리청,true,nlic_api,DOC-000057,UNIT-0032064,,대표,,,,,고시,고시|연구실안전 및 생물안전 관리 등에 관한 규정
DOC-000571,LAW-KR-000127,예방접종통합관리시스템과 연계가 필요한 정보시스템의 지정,v14_출처문서명,admin_rule,notice,,고시,nlic_admrul,norm:Notice,true,질병관리청,true,nlic_api,DOC-000352,UNIT-0140941,,대표,,,,,고시,고시|예방접종통합관리시스템과 연계가 필요한 정보시스템의 지정
DOC-000572,LAW-KR-000127,성매개감염병 및 후천성면역결핍증 건강진단규칙,v14_출처문서명,statutory,ministerial_ordinance,4,,by_layer,norm:SeparateMinisterialRule,true,,true,nlic_api,,,,,,,,,부령규칙,부령규칙|성매개감염병 및 후천성면역결핍증 건강진단규칙
DOC-000573,LAW-KR-000121,건설기계 부품의 인증에 관한 규정,v14_출처문서명,admin_rule,notice,,고시,nlic_admrul,norm:Notice,true,국토교통부,true,nlic_api,DOC-000335,UNIT-0130812,,,,,,,고시,고시|건설기계 부품의 인증에 관한 규정
DOC-000574,LAW-KR-000121,건설기계 안전기준 시행세칙,v14_출처문서명,admin_rule,notice,,고시,nlic_admrul,norm:Notice,true,국토교통부,true,nlic_api,,,,,,,,,고시,고시|건설기계 안전기준 시행세칙
DOC-000575,LAW-KR-000121,건설기계 제작결함조사요령 등에 관한 규정,v14_출처문서명,admin_rule,notice,,고시,nlic_admrul,norm:Notice,true,국토교통부,true,nlic_api,DOC-000334,UNIT-0130269,,,,,,,고시,고시|건설기계 제작결함조사요령 등에 관한 규정
DOC-000576,LAW-KR-000121,건설기계조종사의 경력관리 방법 및 절차 등에 관한 규정,v14_출처문서명,admin_rule,notice,,고시,nlic_admrul,norm:Notice,true,국토교통부,true,nlic_api,DOC-000334,UNIT-0130430,,,,,,,고시,고시|건설기계조종사의 경력관리 방법 및 절차 등에 관한 규정
DOC-000577,LAW-KR-000121,선박안전법 적용을 받는 특수한 구조로 되어 있는 선박의 종류에 대한 고시,v14_출처문서명,admin_rule,notice,,고시,nlic_admrul,norm:Notice,true,해양수산부,true,nlic_api,DOC-000336,UNIT-0131533,,대표,,,,,고시,고시|선박안전법 적용을 받는 특수한 구조로 되어 있는 선박의 종류에 대한 고시
DOC-000578,LAW-KR-000121,소형 타워크레인 조종 실기시험에 관한 규정,v14_출처문서명,admin_rule,notice,,고시,nlic_admrul,norm:Notice,true,국토교통부,true,nlic_api,DOC-000336,UNIT-0131701,,,,,,,고시,고시|소형 타워크레인 조종 실기시험에 관한 규정
DOC-000579,LAW-KR-000121,건설기계 안전기준에 관한 규칙,v14_출처문서명,statutory,ministerial_ordinance,4,,by_layer,norm:SeparateMinisterialRule,true,,true,nlic_api_20260917,,,,,234965,00882,20210827,20210827,부령규칙,부령규칙|건설기계 안전기준에 관한 규칙
DOC-000580,LAW-KR-000005,건설공사 안전관리 업무수행 지침,v14_출처문서명,admin_rule,notice,,고시,nlic_admrul,norm:Notice,true,국토교통부,true,nlic_api,DOC-000012,UNIT-0008672,DOC-002671,내용 다름(겹침 81%),,,,,고시,고시|건설공사 안전관리 업무수행 지침
DOC-000581,LAW-KR-000005,건설기술용역 하도급 관리지침,v14_출처문서명,admin_rule,notice,,고시,nlic_admrul,norm:Notice,true,국토교통부,true,nlic_api,DOC-000012,UNIT-0008656,,,,,,,고시,고시|건설기술용역 하도급 관리지침
DOC-000582,LAW-KR-000005,건설기술인 등급 인정 및 교육ㆍ훈련 등에 관한 기준,v14_출처문서명,admin_rule,notice,,고시,nlic_admrul,norm:Notice,true,국토교통부,true,nlic_api,DOC-000012,UNIT-0008467,,,,,,,고시,고시|건설기술인 등급 인정 및 교육ㆍ훈련 등에 관한 기준
DOC-000583,LAW-KR-000005,건설엔지니어링사업자 사업수행능력 세부평가기준,v14_출처문서명,admin_rule,notice,,고시,nlic_admrul,norm:Notice,true,국토교통부,true,nlic_api,DOC-000014,UNIT-0010854,,,,,,,고시,고시|건설엔지니어링사업자 사업수행능력 세부평가기준
DOC-000584,LAW-KR-000005,국가기관용 건설기술(건설사업관리) 용역계약 특수조건,v14_출처문서명,admin_rule,notice,,지침,nlic_admrul_미배치,norm:AdministrativeRule,true,조달청,true,nlic_api,DOC-000012,UNIT-0008642,,,,,,,고시,고시|국가기관용 건설기술(건설사업관리) 용역계약 특수조건
DOC-000585,LAW-KR-000005,국가기관용 건설기술(설계) 용역계약 특수조건,v14_출처문서명,admin_rule,notice,,지침,nlic_admrul_미배치,norm:AdministrativeRule,true,조달청,true,nlic_api,DOC-000012,UNIT-0008642,,,,,,,고시,고시|국가기관용 건설기술(설계) 용역계약 특수조건
DOC-000586,LAW-KR-000005,국방부 건설기술용역사업자 사업수행능력 세부평가기준,v14_출처문서명,admin_rule,notice,,고시,nlic_admrul,norm:Notice,true,국방부,true,nlic_api,DOC-000014,UNIT-0010853,,,,,,,고시,고시|국방부 건설기술용역사업자 사업수행능력 세부평가기준
DOC-000587,LAW-KR-000145,건설업 시공능력 수시평가·공시에 관한 지침,v14_출처문서명,admin_rule,established_rule,,예규,nlic_admrul,norm:EstablishedRule,true,국토교통부,true,nlic_api,DOC-000406,UNIT-0169795,,,,,,,고시,고시|건설업 시공능력 수시평가·공시에 관한 지침
DOC-000588,LAW-KR-000145,전자조달시스템등을 통한 공사대금의 청구 및 지급 등에 관한 고시,v14_출처문서명,admin_rule,notice,,고시,nlic_admrul,norm:Notice,true,국토교통부,true,nlic_api,DOC-000406,UNIT-0169913,,,,,,,고시,고시|전자조달시스템등을 통한 공사대금의 청구 및 지급 등에 관한 고시
DOC-000589,LAW-KR-000145,종합·전문업종간 상호시장 진출을 위한 건설공사실적 인정기준,v14_출처문서명,admin_rule,notice,,고시,nlic_admrul,norm:Notice,true,국토교통부,true,nlic_api,DOC-000408,UNIT-0171465,,,,,,,고시,고시|종합·전문업종간 상호시장 진출을 위한 건설공사실적 인정기준
DOC-000590,LAW-KR-000145,타워크레인 대여계약 적정성 심사기준,v14_출처문서명,admin_rule,notice,,고시,nlic_admrul,norm:Notice,true,국토교통부,true,nlic_api,DOC-000406,UNIT-0170193,,,,,,,고시,고시|타워크레인 대여계약 적정성 심사기준
DOC-000591,LAW-KR-000145,해외건설공사 기성실적 확인규정,v14_출처문서명,admin_rule,notice,,고시,nlic_admrul,norm:Notice,true,국토교통부,true,nlic_api,DOC-000406,UNIT-0169687,,,,,,,고시,고시|해외건설공사 기성실적 확인규정
DOC-000592,LAW-KR-000146,건설폐기물 처리업자의 용역이행능력평가 업무처리지침,v14_출처문서명,admin_rule,established_rule,,예규,nlic_admrul,norm:EstablishedRule,true,기후에너지환경부,true,nlic_api,DOC-000409,UNIT-0171900,,,,,,,고시,고시|건설폐기물 처리업자의 용역이행능력평가 업무처리지침
DOC-000593,LAW-KR-000146,건설폐기물법 위반사실 공표의 절차 및 방법 등에 관한 고시,v14_출처문서명,admin_rule,notice,,고시,nlic_admrul,norm:Notice,true,기후에너지환경부,true,nlic_api,DOC-000409,UNIT-0172149,,,,,,,고시,고시|건설폐기물법 위반사실 공표의 절차 및 방법 등에 관한 고시
DOC-000594,LAW-KR-000146,순환골재 품질인증 및 관리에 관한 규칙,v14_출처문서명,statutory,ministerial_ordinance,4,,by_layer,norm:SeparateMinisterialRule,true,,true,nlic_api_20260917,,,,,284545,01569,20260312,20260312,부령규칙,부령규칙|순환골재 품질인증 및 관리에 관한 규칙
DOC-000595,LAW-KR-000162,건축물 해체계획서의 작성 및 감리업무 등에 관한 기준,v14_출처문서명,admin_rule,notice,,고시,nlic_admrul,norm:Notice,true,국토교통부,true,nlic_api,DOC-000457,UNIT-0192741,,,,,,,고시,고시|건축물 해체계획서의 작성 및 감리업무 등에 관한 기준
DOC-000596,LAW-KR-000162,건축물관리점검 결과에 대한 평가 운영규정,v14_출처문서명,admin_rule,notice,,고시,nlic_admrul,norm:Notice,true,국토교통부,true,nlic_api,DOC-000457,UNIT-0192774,,,,,,,고시,고시|건축물관리점검 결과에 대한 평가 운영규정
DOC-000597,LAW-KR-000162,건축물관리점검지침,v14_출처문서명,admin_rule,notice,,고시,nlic_admrul,norm:Notice,true,국토교통부,true,nlic_api,DOC-000457,UNIT-0192714,,,,,,,고시,고시|건축물관리점검지침
DOC-000598,LAW-KR-000162,석면건축물 실내공기 중 석면 측정방법,v14_출처문서명,admin_rule,notice,,고시,nlic_admrul,norm:Notice,true,기후에너지환경부,true,nlic_api,DOC-000508,UNIT-0206665,,대표,,,,,고시,고시|석면건축물 실내공기 중 석면 측정방법
DOC-000599,LAW-KR-000122,건축물 안전영향평가 세부기준,v14_출처문서명,admin_rule,notice,,고시,nlic_admrul,norm:Notice,true,국토교통부,true,nlic_api,DOC-000337,UNIT-0132070,,,,,,,고시,고시|건축물 안전영향평가 세부기준
DOC-000600,LAW-KR-000090,(해양경찰청) 범인검거 등 공로자 보상에 관한 규정,v14_출처문서명,admin_rule,notice,,고시,nlic_admrul,norm:Notice,true,해양경찰청,true,nlic_api_20260920k,,,,,2100000247166,2024-8,20240920,20240920,고시,고시|(해양경찰청) 범인검거 등 공로자 보상에 관한 규정
DOC-000601,LAW-KR-000090,(해양경찰청) 해상집단행동 등 채증활동규칙,v14_출처문서명,admin_rule,established_rule,,예규,nlic_admrul,norm:EstablishedRule,true,해양경찰청,true,nlic_api_20260920k,,,,,2100000261432,132,20250707,20250707,고시,고시|(해양경찰청) 해상집단행동 등 채증활동규칙
DOC-000602,LAW-KR-000090,112신고 공로자 포상 등에 관한 규정,v14_출처문서명,admin_rule,notice,,고시,nlic_admrul,norm:Notice,true,경찰청,true,nlic_api_20260920k,,,,,2100000273122,2025-8,20251231,20251231,고시,고시|112신고 공로자 포상 등에 관한 규정
DOC-000603,LAW-KR-000090,범인검거 등 공로자 보상에 관한 규정,v14_출처문서명,admin_rule,notice,,고시,nlic_admrul,norm:Notice,true,경찰청,true,nlic_api_20260920k,,,,,2100000273112,2025-7,20251231,20251231,고시,고시|범인검거 등 공로자 보상에 관한 규정
DOC-000604,LAW-KR-000090,수사첩보 수집 및 처리규칙,v14_출처문서명,admin_rule,established_rule,,예규,nlic_admrul,norm:EstablishedRule,true,경찰청,true,nlic_api_20260920k,,,,,2100000273154,654,20251231,20251231,고시,고시|수사첩보 수집 및 처리규칙
DOC-000605,LAW-KR-000090,안보첩보 수집 및 처리규칙,v14_출처문서명,admin_rule,established_rule,,예규,nlic_admrul,norm:EstablishedRule,true,경찰청,true,nlic_api_20260920k,,,,,2100000273118,654,20251231,20251231,고시,고시|안보첩보 수집 및 처리규칙
DOC-000606,LAW-KR-000040,계량기 제품결함의 시정제도 운용요령,v14_출처문서명,admin_rule,notice,,고시,nlic_admrul,norm:Notice,true,국가기술표준원,true,nlic_api_20260920k,,,,,2100000131243,2018-165,20180607,20180607,고시,고시|계량기 제품결함의 시정제도 운용요령
DOC-000607,LAW-KR-000040,계량기 형식승인 등의 수수료 및 비용에 관한 규정,v14_출처문서명,admin_rule,notice,,고시,nlic_admrul,norm:Notice,true,국가기술표준원,true,nlic_api_20260920k,,,,,2100000187037,2019-487,20191212,20191212,고시,고시|계량기 형식승인 등의 수수료 및 비용에 관한 규정
DOC-000608,LAW-KR-000040,기술전문위원회 구성 및 운영 등에 관한 규정,v14_출처문서명,admin_rule,notice,,고시,nlic_admrul,norm:Notice,true,산업통상부,true,nlic_api_20260920k,,,,,2100000210398,2022-62,20220408,20220408,고시,고시|기술전문위원회 구성 및 운영 등에 관한 규정
DOC-000609,LAW-KR-000040,법정단위의 올바른 사용을 권고하기 위한 기준,v14_출처문서명,admin_rule,notice,,고시,nlic_admrul,norm:Notice,true,산업통상부,true,nlic_api_20260920k,,,,,2100000131229,2018-110,20180607,20180607,고시,고시|법정단위의 올바른 사용을 권고하기 위한 기준
DOC-000610,LAW-KR-000040,복수의무인증제품의 인증방법 및 국가통합인증마크 표시요령,v14_출처문서명,admin_rule,notice,,고시,nlic_admrul,norm:Notice,true,"산업통상부,기후에너지환경부,소방청",true,nlic_api_20260920k,,,,대표,2100000217290,2022-222,20221227,20230101,고시,고시|복수의무인증제품의 인증방법 및 국가통합인증마크 표시요령
DOC-000611,LAW-KR-000040,소비자감시원 운영 요령,v14_출처문서명,admin_rule,notice,,고시,nlic_admrul,norm:Notice,true,국가기술표준원,true,nlic_api_20260920k,,,,,2100000189475,2019-45,20190311,20190311,고시,고시|소비자감시원 운영 요령
DOC-000612,LAW-KR-000040,수도용으로 사용 가능한 자재 및 제품에 관한 고시,v14_출처문서명,admin_rule,notice,,고시,nlic_admrul,norm:Notice,true,기후에너지환경부,true,nlic_api_20260920k,,,,대표,2100000280988,2026-150,20260622,20260622,고시,고시|수도용으로 사용 가능한 자재 및 제품에 관한 고시
DOC-000613,LAW-KR-000040,신고포상금 지급방법 및 절차에 관한 고시,v14_출처문서명,admin_rule,notice,,고시,nlic_admrul,norm:Notice,true,국가기술표준원,true,nlic_api_20260920k,,,,,2100000131247,2018-165,20180607,20180607,고시,고시|신고포상금 지급방법 및 절차에 관한 고시
DOC-000614,LAW-KR-000040,"자체정기검사사업자의 지정심사, 사후관리 및 자체정기검사에 관한 고시",v14_출처문서명,admin_rule,notice,,고시,nlic_admrul,norm:Notice,true,국가기술표준원,true,nlic_api_20260920k,,,,,2100000131244,2018-165,20180607,20180607,고시,"고시|자체정기검사사업자의 지정심사, 사후관리 및 자체정기검사에 관한 고시"
DOC-000615,LAW-KR-000040,정량표시상품의 자기적합성선언 기준 등에 관한 고시,v14_출처문서명,admin_rule,notice,,고시,nlic_admrul,norm:Notice,true,국가기술표준원,true,nlic_api_20260920k,,,,,2100000131245,2018-165,20180607,20180607,고시,고시|정량표시상품의 자기적합성선언 기준 등에 관한 고시
DOC-000616,LAW-KR-000040,정량표시상품의 정량 검사기준,v14_출처문서명,admin_rule,notice,,고시,nlic_admrul,norm:Notice,true,산업통상부,true,nlic_api_20260920k,,,,,2100000202791,2021-126,20210715,20210715,고시,고시|정량표시상품의 정량 검사기준
DOC-000617,LAW-KR-000040,중앙집중 난방방식의 공동주택에 대한 난방계량기 등의 설치 기준,v14_출처문서명,admin_rule,notice,,고시,nlic_admrul,norm:Notice,true,기후에너지환경부,true,nlic_api_20260920k,,,,대표,2100000281768,2025-61,20251218,20251218,고시,고시|중앙집중 난방방식의 공동주택에 대한 난방계량기 등의 설치 기준
DOC-000618,LAW-KR-000040,측정기기의 교정 및 재교정에 관한 기준,v14_출처문서명,admin_rule,notice,,고시,nlic_admrul,norm:Notice,true,산업통상부,true,nlic_api_20260920k,,,,,2100000131231,2018-110,20180607,20180607,고시,고시|측정기기의 교정 및 재교정에 관한 기준
DOC-000619,LAW-KR-000040,컨테이너 화물의 총중량 검증 등에 관한 기준,v14_출처문서명,admin_rule,notice,,고시,nlic_admrul,norm:Notice,true,해양수산부,true,nlic_api,DOC-000543,UNIT-0221373,,,,,,,고시,고시|컨테이너 화물의 총중량 검증 등에 관한 기준
DOC-000620,LAW-KR-000040,폐기물처리 현장정보의 전송방법 등에 관한 고시,v14_출처문서명,admin_rule,notice,,고시,nlic_admrul,norm:Notice,true,기후에너지환경부,true,nlic_api_20260920k,,,,,2100000266948,2025-165,20251001,20251001,고시,고시|폐기물처리 현장정보의 전송방법 등에 관한 고시
DOC-000621,LAW-KR-000013,HCNG자동차 연구개발용 HCNG자동차충전소의 시설·기술·검사에 관한 특례기준,v14_출처문서명,admin_rule,notice,,고시,nlic_admrul,norm:Notice,true,산업통상부,true,nlic_api,DOC-000036,UNIT-0022072,,,,,,,고시,고시|HCNG자동차 연구개발용 HCNG자동차충전소의 시설·기술·검사에 관한 특례기준
DOC-000622,LAW-KR-000013,"고압가스 및 액화석유가스 ISO 탱크 컨테이너의 제조, 충전·운반, 저장·사용에 관한 기준",v14_출처문서명,admin_rule,notice,,고시,nlic_admrul,norm:Notice,true,산업통상부,true,nlic_api,DOC-000038,UNIT-0023448,DOC-001843,내용 다름(겹침 76%),,,,,고시,"고시|고압가스 및 액화석유가스 ISO 탱크 컨테이너의 제조, 충전·운반, 저장·사용에 관한 기준"
DOC-000623,LAW-KR-000013,고압가스제조사업의 양도·양수 및 지위 승계 관련 기준 적용에 관한 특례고시,v14_출처문서명,admin_rule,notice,,고시,nlic_admrul,norm:Notice,true,산업통상부,true,nlic_api,DOC-000036,UNIT-0022138,,,,,,,고시,고시|고압가스제조사업의 양도·양수 및 지위 승계 관련 기준 적용에 관한 특례고시
DOC-000624,LAW-KR-000013,공기 호흡기용 용기 안전충전함 충전시설의 시설·기술·검사기준 등에 관한 고시,v14_출처문서명,admin_rule,notice,,고시,nlic_admrul,norm:Notice,true,산업통상부,true,nlic_api,DOC-000038,UNIT-0023448,,,,,,,고시,고시|공기 호흡기용 용기 안전충전함 충전시설의 시설·기술·검사기준 등에 관한 고시
DOC-000625,LAW-KR-000013,냉매사용기기의 냉매관리기준 규정,v14_출처문서명,admin_rule,notice,,고시,nlic_admrul,norm:Notice,true,기후에너지환경부,true,nlic_api,DOC-000036,UNIT-0022053,DOC-000876,내용 다름(겹침 76%),,,,,고시,고시|냉매사용기기의 냉매관리기준 규정
DOC-000626,LAW-KR-000013,무인동력비행장치 및 지게차의 연료용 용기의 제조 및 검사기준에 관한 기준,v14_출처문서명,admin_rule,notice,,고시,nlic_admrul,norm:Notice,true,산업통상부,true,nlic_api,DOC-000038,UNIT-0023448,,,,,,,고시,고시|무인동력비행장치 및 지게차의 연료용 용기의 제조 및 검사기준에 관한 기준
DOC-000627,LAW-KR-000013,수소연료 충전시설용 충전설비 등의 충전 안전성능 확인에 관한 고시,v14_출처문서명,admin_rule,notice,,고시,nlic_admrul,norm:Notice,true,산업통상부,true,nlic_api,DOC-000036,UNIT-0022072,,,,,,,고시,고시|수소연료 충전시설용 충전설비 등의 충전 안전성능 확인에 관한 고시
DOC-000628,LAW-KR-000013,수소의 안정적 보급·유통을 위한 고압가스 판매시설의 안전관리기준 등에 관한 특례기준,v14_출처문서명,admin_rule,notice,,고시,nlic_admrul,norm:Notice,true,산업통상부,true,nlic_api,DOC-000036,UNIT-0022321,,대표,,,,,고시,고시|수소의 안정적 보급·유통을 위한 고압가스 판매시설의 안전관리기준 등에 관한 특례기준
DOC-000629,LAW-KR-000013,수소자동차 충전소의 안전성능 및 계량성능 평가장치 운용에 관한 특례기준,v14_출처문서명,admin_rule,notice,,고시,nlic_admrul,norm:Notice,true,산업통상부,true,nlic_api,DOC-000038,UNIT-0023448,DOC-002431,일부 사본,,,,,고시,고시|수소자동차 충전소의 안전성능 및 계량성능 평가장치 운용에 관한 특례기준
DOC-000630,LAW-KR-000013,액화석유가스용 차단기능형등 용기밸브의 안정적 보급.유통 및 사용을 위한 특례기준,v14_출처문서명,admin_rule,notice,,고시,nlic_admrul,norm:Notice,true,산업통상부,true,nlic_api,DOC-000036,UNIT-0022393,,대표,,,,,고시,고시|액화석유가스용 차단기능형등 용기밸브의 안정적 보급.유통 및 사용을 위한 특례기준
DOC-000631,LAW-KR-000013,액화천연가스용 및 액화질소용 저장탱크의 사용재료에 관한 기준,v14_출처문서명,admin_rule,notice,,고시,nlic_admrul,norm:Notice,true,산업통상부,true,nlic_api,DOC-000038,UNIT-0023448,,,,,,,고시,고시|액화천연가스용 및 액화질소용 저장탱크의 사용재료에 관한 기준
DOC-000632,LAW-KR-000013,이동식부탄연소기용 안전밸브 부착 접합용기의 제조·검사 및 충전에 관한 특례기준,v14_출처문서명,admin_rule,notice,,고시,nlic_admrul,norm:Notice,true,산업통상부,true,nlic_api,DOC-000038,UNIT-0023448,,대표,,,,,고시,고시|이동식부탄연소기용 안전밸브 부착 접합용기의 제조·검사 및 충전에 관한 특례기준
DOC-000633,LAW-KR-000013,철도운송 위험물용기등 검사 세부기준,v14_출처문서명,admin_rule,notice,,고시,nlic_admrul,norm:Notice,true,국토교통부,true,nlic_api,DOC-000038,UNIT-0022981,,대표,,,,,고시,고시|철도운송 위험물용기등 검사 세부기준
DOC-000634,LAW-KR-000037,공공기관의 안전관리에 관한 지침,v14_출처문서명,admin_rule,institutional_guideline,,,by_layer,norm:InstitutionalGuideline,false,,false,manual,DOC-000104,UNIT-0055427,,,,,,,기관지침,기관지침|공공기관의 안전관리에 관한 지침
DOC-000635,LAW-KR-000037,공기업ㆍ준정부기관 계약사무규칙,v14_출처문서명,statutory,ministerial_ordinance,4,,by_layer,norm:SeparateMinisterialRule,true,,true,nlic_api_20260917,,,,,285569,00028,20260420,20260420,부령규칙,부령규칙|공기업ㆍ준정부기관 계약사무규칙
DOC-000636,LAW-KR-000037,공기업ㆍ준정부기관 회계사무규칙,v14_출처문서명,statutory,ministerial_ordinance,4,,by_layer,norm:SeparateMinisterialRule,true,,true,nlic_api,,,,,,,,,부령규칙,부령규칙|공기업ㆍ준정부기관 회계사무규칙
DOC-000637,LAW-KR-000182,무대예술전문인 자격검정 시행세칙,v14_출처문서명,admin_rule,notice,,고시,nlic_admrul,norm:Notice,true,국립중앙극장,true,nlic_api,DOC-000515,UNIT-0208737,,,,,,,고시,고시|무대예술전문인 자격검정 시행세칙
DOC-000638,LAW-KR-000062,(군산지방해양수산청) 공유수면 점용·사용허가 면제 대상,v14_출처문서명,admin_rule,notice,,고시,nlic_admrul,norm:Notice,true,군산지방해양수산청,true,nlic_api,DOC-000172,UNIT-0075583,,대표,,,,,고시,고시|(군산지방해양수산청) 공유수면 점용·사용허가 면제 대상
DOC-000639,LAW-KR-000062,(동해지방해양수산청) 공유수면 점용·사용허가 면제대상 시설 고시,v14_출처문서명,admin_rule,notice,,고시,nlic_admrul,norm:Notice,true,동해지방해양수산청,true,nlic_api,DOC-000172,UNIT-0075583,,대표,,,,,고시,고시|(동해지방해양수산청) 공유수면 점용·사용허가 면제대상 시설 고시
DOC-000640,LAW-KR-000062,(마산지방해양수산청) 공유수면 점용·사용허가 면제 대상 시설 기준,v14_출처문서명,admin_rule,notice,,고시,nlic_admrul,norm:Notice,true,마산지방해양수산청,true,nlic_api,DOC-000172,UNIT-0075583,,,,,,,고시,고시|(마산지방해양수산청) 공유수면 점용·사용허가 면제 대상 시설 기준
DOC-000641,LAW-KR-000062,(여수지방해양수산청) 공유수면 점용·사용허가 면제 대상,v14_출처문서명,admin_rule,notice,,고시,nlic_admrul,norm:Notice,true,여수지방해양수산청,true,nlic_api,DOC-000172,UNIT-0075583,,대표,,,,,고시,고시|(여수지방해양수산청) 공유수면 점용·사용허가 면제 대상
DOC-000642,LAW-KR-000062,(인천지방해양수산청) 공유수면 점용·사용허가의 면제대상 시설 고시,v14_출처문서명,admin_rule,notice,,고시,nlic_admrul,norm:Notice,true,인천지방해양수산청,true,nlic_api,DOC-000172,UNIT-0075583,,대표,,,,,고시,고시|(인천지방해양수산청) 공유수면 점용·사용허가의 면제대상 시설 고시
DOC-000643,LAW-KR-000062,(평택지방해양수산청) 공유수면 점용·사용허가 면제대상 행위 및 시설,v14_출처문서명,admin_rule,notice,,고시,nlic_admrul,norm:Notice,true,평택지방해양수산청,true,nlic_api,DOC-000172,UNIT-0075583,,대표,,,,,고시,고시|(평택지방해양수산청) 공유수면 점용·사용허가 면제대상 행위 및 시설
DOC-000644,LAW-KR-000062,(포항지방해양수산청) 공유수면 점용·사용 허가 면제 대상 변경 고시,v14_출처문서명,admin_rule,notice,,고시,nlic_admrul,norm:Notice,true,포항지방해양수산청,true,nlic_api,DOC-000172,UNIT-0075583,,대표,,,,,고시,고시|(포항지방해양수산청) 공유수면 점용·사용 허가 면제 대상 변경 고시
DOC-000645,LAW-KR-000062,공유수면 관리 및 매립에 관한 업무 처리 규정,v14_출처문서명,admin_rule,notice,,고시,nlic_admrul,norm:Notice,true,해양수산부,true,nlic_api,DOC-000172,UNIT-0075582,,,,,,,고시,고시|공유수면 관리 및 매립에 관한 업무 처리 규정
DOC-000646,LAW-KR-000062,공유수면매립지 내 태양에너지 발전설비의 설치 등에 관한 규정,v14_출처문서명,admin_rule,notice,,고시,nlic_admrul,norm:Notice,true,농림축산식품부,true,nlic_api,DOC-000172,UNIT-0075325,,대표,,,,,고시,고시|공유수면매립지 내 태양에너지 발전설비의 설치 등에 관한 규정
DOC-000647,LAW-KR-000062,부산지방해양수산청 공유수면 점용·사용허가의 면제기준 고시,v14_출처문서명,admin_rule,notice,,고시,nlic_admrul,norm:Notice,true,부산지방해양수산청,true,nlic_api,DOC-000172,UNIT-0075583,,대표,,,,,고시,고시|부산지방해양수산청 공유수면 점용·사용허가의 면제기준 고시
DOC-000648,LAW-KR-000158,생활숙박시설 건축기준,v14_출처문서명,admin_rule,notice,,고시,nlic_admrul,norm:Notice,true,국토교통부,true,nlic_api,DOC-000338,UNIT-0133954,,,,,,,고시,고시|생활숙박시설 건축기준
DOC-000649,LAW-KR-000158,학교환경위생정화구역 내 관광숙박시설의 학교환경위생을 저해하는 영업행위 기준,v14_출처문서명,admin_rule,notice,,고시,nlic_admrul,norm:Notice,true,문화체육관광부,true,nlic_api,DOC-000530,UNIT-0216112,,대표,,,,,고시,고시|학교환경위생정화구역 내 관광숙박시설의 학교환경위생을 저해하는 영업행위 기준
DOC-000650,LAW-KR-000025,공항 비상계획 세부지침,v14_출처문서명,admin_rule,established_rule,,예규,nlic_admrul,norm:EstablishedRule,true,국토교통부,true,nlic_api,DOC-000071,UNIT-0042373,,,,,,,고시,고시|공항 비상계획 세부지침
DOC-000651,LAW-KR-000025,공항 환경관리 기준,v14_출처문서명,admin_rule,notice,,고시,nlic_admrul,norm:Notice,true,국토교통부,true,nlic_api_20260920k,,,DOC-001803,내용 다름(겹침 0%),2100000282406,2026-360,20260708,20260708,고시,고시|공항 환경관리 기준
DOC-000652,LAW-KR-000025,공항·비행장시설 및 이착륙장 관리기준,v14_출처문서명,admin_rule,notice,,고시,nlic_admrul,norm:Notice,true,국토교통부,true,nlic_api,DOC-000071,UNIT-0042463,,,,,,,고시,고시|공항·비행장시설 및 이착륙장 관리기준
DOC-000653,LAW-KR-000025,공항·비행장시설 및 이착륙장 설치기준,v14_출처문서명,admin_rule,notice,,고시,nlic_admrul,norm:Notice,true,국토교통부,true,nlic_api_20260920k,,,,,2100000212283,2022-350,20220621,20220621,고시,고시|공항·비행장시설 및 이착륙장 설치기준
DOC-000654,LAW-KR-000025,공항·비행장시설 설계 세부지침,v14_출처문서명,admin_rule,established_rule,,예규,nlic_admrul,norm:EstablishedRule,true,국토교통부,true,nlic_api_20260920k,,,,,2100000260880,434,20250630,20250630,고시,고시|공항·비행장시설 설계 세부지침
DOC-000655,LAW-KR-000025,공항명칭 관리지침,v14_출처문서명,admin_rule,established_rule,,예규,nlic_admrul,norm:EstablishedRule,true,국토교통부,true,nlic_api_20260920k,,,,,2100000242368,400,20240611,20240611,고시,고시|공항명칭 관리지침
DOC-000656,LAW-KR-000025,공항시설 성능개선기준,v14_출처문서명,admin_rule,notice,,고시,nlic_admrul,norm:Notice,true,국토교통부,true,nlic_api,DOC-000128,UNIT-0061432,,대표,,,,,고시,고시|공항시설 성능개선기준
DOC-000657,LAW-KR-000025,공항시설 최소유지관리기준,v14_출처문서명,admin_rule,notice,,고시,nlic_admrul,norm:Notice,true,국토교통부,true,nlic_api,DOC-000128,UNIT-0061424,,대표,,,,,고시,고시|공항시설 최소유지관리기준
DOC-000658,LAW-KR-000025,공항안전운영 세부지침,v14_출처문서명,admin_rule,established_rule,,예규,nlic_admrul,norm:EstablishedRule,true,국토교통부,true,nlic_api,DOC-000071,UNIT-0042409,,,,,,,고시,고시|공항안전운영 세부지침
DOC-000659,LAW-KR-000025,공항안전운영기준,v14_출처문서명,admin_rule,notice,,고시,nlic_admrul,norm:Notice,true,국토교통부,true,nlic_api,DOC-000071,UNIT-0042604,,대표,,,,,고시,고시|공항안전운영기준
DOC-000660,LAW-KR-000025,국가항공안전프로그램,v14_출처문서명,admin_rule,notice,,고시,nlic_admrul,norm:Notice,true,국토교통부,true,nlic_api_20260920k,,,DOC-003110,내용 다름(겹침 0%),2100000228444,2023-495,20230829,20230904,고시,고시|국가항공안전프로그램
DOC-000661,LAW-KR-000025,비행절차업무기준,v14_출처문서명,admin_rule,notice,,고시,nlic_admrul,norm:Notice,true,국토교통부,true,nlic_api_20260920k,,,,,2100000276124,2026-141,20260318,20260318,고시,고시|비행절차업무기준
DOC-000662,LAW-KR-000025,위성항법시설의 위탁기관 요건 및 관리기준,v14_출처문서명,admin_rule,notice,,고시,nlic_admrul,norm:Notice,true,국토교통부,true,nlic_api_20260920k,,,,,2100000218801,2023-72,20230202,20230202,고시,고시|위성항법시설의 위탁기관 요건 및 관리기준
DOC-000663,LAW-KR-000025,조류 등 야생동물 충돌위험 감소에 관한 기준,v14_출처문서명,admin_rule,notice,,고시,nlic_admrul,norm:Notice,true,국토교통부,true,nlic_api,DOC-000071,UNIT-0042463,,,,,,,고시,고시|조류 등 야생동물 충돌위험 감소에 관한 기준
DOC-000664,LAW-KR-000025,항공교통본부 주요정보통신기반시설 보호지침,v14_출처문서명,admin_rule,notice,,지침,nlic_admrul_미배치,norm:AdministrativeRule,true,항공교통본부,true,nlic_api_20260920k,,,,,2100000274524,159,20260213,20260213,고시,고시|항공교통본부 주요정보통신기반시설 보호지침
DOC-000665,LAW-KR-000025,항공기 등의 전자주소 할당 및 관리규정,v14_출처문서명,admin_rule,notice,,고시,nlic_admrul,norm:Notice,true,국토교통부,true,nlic_api_20260920k,,,,,2100000282716,2026-377,20260715,20260715,고시,고시|항공기 등의 전자주소 할당 및 관리규정
DOC-000666,LAW-KR-000025,항공기취급업 및 항공기정비업의 대상지역과 범위 등에 관한 세부기준,v14_출처문서명,admin_rule,notice,,고시,nlic_admrul,norm:Notice,true,국토교통부,true,nlic_api_20260920k,,,,,2100000082949,2017-212,20170405,20170405,고시,고시|항공기취급업 및 항공기정비업의 대상지역과 범위 등에 관한 세부기준
DOC-000667,LAW-KR-000025,항공약어 및 부호 사용에 관한 기준,v14_출처문서명,admin_rule,notice,,고시,nlic_admrul,norm:Notice,true,국토교통부,true,nlic_api_20260920k,,,,,2100000281862,2026-357,20260706,20260706,고시,고시|항공약어 및 부호 사용에 관한 기준
DOC-000668,LAW-KR-000025,항공업무용 무선설비의 기술기준,v14_출처문서명,admin_rule,notice,,고시,nlic_admrul,norm:Notice,true,국립전파연구원,true,nlic_api_20260920k,,,,대표,2100000269842,2025-11,20251222,20251222,고시,고시|항공업무용 무선설비의 기술기준
DOC-000669,LAW-KR-000025,항공장애물 관리 및 비행안전 확인 기준,v14_출처문서명,admin_rule,notice,,고시,nlic_admrul,norm:Notice,true,국토교통부,true,nlic_api,DOC-000071,UNIT-0042579,,,,,,,고시,고시|항공장애물 관리 및 비행안전 확인 기준
DOC-000670,LAW-KR-000025,항공장애물 관리 세부지침,v14_출처문서명,admin_rule,established_rule,,예규,nlic_admrul,norm:EstablishedRule,true,국토교통부,true,nlic_api,DOC-000071,UNIT-0042614,,,,,,,고시,고시|항공장애물 관리 세부지침
DOC-000671,LAW-KR-000025,항공정보 및 항공지도 등에 관한 업무기준,v14_출처문서명,admin_rule,notice,,고시,nlic_admrul,norm:Notice,true,국토교통부,true,nlic_api,,,,,,,,,고시,고시|항공정보 및 항공지도 등에 관한 업무기준
DOC-000672,LAW-KR-000025,항공정보통신시설의 설치 및 기술기준,v14_출처문서명,admin_rule,notice,,고시,nlic_admrul,norm:Notice,true,국토교통부,true,nlic_api_20260920k,,,,,2100000261960,2025-401,20250721,20250721,고시,고시|항공정보통신시설의 설치 및 기술기준
DOC-000673,LAW-KR-000025,항공주파수 이용 및 관리에 관한 규정,v14_출처문서명,admin_rule,notice,,고시,nlic_admrul,norm:Notice,true,국토교통부,true,nlic_api_20260920k,,,,,2100000284116,2026-446,20260820,20260820,고시,고시|항공주파수 이용 및 관리에 관한 규정
DOC-000674,LAW-KR-000025,"항공통신 지명약어, 항공사 등의 호출부호와 3문자 배정 규정",v14_출처문서명,admin_rule,notice,,고시,nlic_admrul,norm:Notice,true,국토교통부,true,nlic_api_20260920k,,,,,2100000258382,2025-223,20250430,20250430,고시,"고시|항공통신 지명약어, 항공사 등의 호출부호와 3문자 배정 규정"
DOC-000675,LAW-KR-000025,항공통신업무 운영 규정,v14_출처문서명,admin_rule,notice,,고시,nlic_admrul,norm:Notice,true,국토교통부,true,nlic_api_20260920k,,,,,2100000249436,2024-621,20241115,20241115,고시,고시|항공통신업무 운영 규정
DOC-000676,LAW-KR-000025,항행시설분야 안전관리프로그램에 관한 규정,v14_출처문서명,admin_rule,notice,,고시,nlic_admrul,norm:Notice,true,국토교통부,true,nlic_api,DOC-000073,UNIT-0043827,,,,,,,고시,고시|항행시설분야 안전관리프로그램에 관한 규정
DOC-000677,LAW-KR-000025,항행안전감독업무 규정,v14_출처문서명,admin_rule,notice,,고시,nlic_admrul,norm:Notice,true,국토교통부,true,nlic_api_20260920k,,,DOC-003130,내용 다름(겹침 0%),2100000250584,2024-763,20241213,20241213,고시,고시|항행안전감독업무 규정
DOC-000678,LAW-KR-000025,항행안전무선시설의 설치 및 기술기준,v14_출처문서명,admin_rule,notice,,고시,nlic_admrul,norm:Notice,true,국토교통부,true,nlic_api_20260920k,,,,,2100000250724,2024-710,20241203,20241203,고시,고시|항행안전무선시설의 설치 및 기술기준
DOC-000679,LAW-KR-000025,항행안전시설 관리 및 운영규정,v14_출처문서명,admin_rule,notice,,고시,nlic_admrul,norm:Notice,true,국토교통부,true,nlic_api,DOC-000073,UNIT-0043826,,,,,,,고시,고시|항행안전시설 관리 및 운영규정
DOC-000680,LAW-KR-000025,항행안전시설 관리검사 규정,v14_출처문서명,admin_rule,notice,,고시,nlic_admrul,norm:Notice,true,국토교통부,true,nlic_api,DOC-000071,UNIT-0042679,,,,,,,고시,고시|항행안전시설 관리검사 규정
DOC-000681,LAW-KR-000025,항행안전시설 비행검사 규정,v14_출처문서명,admin_rule,notice,,고시,nlic_admrul,norm:Notice,true,국토교통부,true,nlic_api,DOC-000071,UNIT-0042683,,,,,,,고시,고시|항행안전시설 비행검사 규정
DOC-000682,LAW-KR-000025,항행안전시설 성능적합증명 검사 규정,v14_출처문서명,admin_rule,notice,,고시,nlic_admrul,norm:Notice,true,국토교통부,true,nlic_api_20260920k,,,,,2100000241432,2024-273,20240524,20240524,고시,고시|항행안전시설 성능적합증명 검사 규정
DOC-000683,LAW-KR-000025,항행안전시설 종합상황센터 관리 및 운영규정,v14_출처문서명,admin_rule,notice,,고시,nlic_admrul,norm:Notice,true,국토교통부,true,nlic_api_20260920k,,,,,2100000232290,2023-757,20231208,20231208,고시,고시|항행안전시설 종합상황센터 관리 및 운영규정
DOC-000684,LAW-KR-000025,공항에서의 귀빈 예우에 관한 규칙,v14_출처문서명,statutory,ministerial_ordinance,4,,by_layer,norm:SeparateMinisterialRule,true,,true,nlic_api_20260917,,,,,193067,00414,20170330,20170330,부령규칙,부령규칙|공항에서의 귀빈 예우에 관한 규칙
DOC-000685,LAW-KR-000187,관광통역안내사 교육기관의 지정 및 교육실시 등에 관한 규정,v14_출처문서명,admin_rule,notice,,고시,nlic_admrul,norm:Notice,true,문화체육관광부,true,nlic_api_20260920k,,,,,2100000254612,2025-12,20250213,20250213,고시,고시|관광통역안내사 교육기관의 지정 및 교육실시 등에 관한 규정
DOC-000686,LAW-KR-000187,국외여행인솔자 교육기관 지정 및 교육과정 운영에 관한 요령,v14_출처문서명,admin_rule,notice,,고시,nlic_admrul,norm:Notice,true,문화체육관광부,true,nlic_api_20260920k,,,,,2100000224088,2023-30,20230601,20230601,고시,고시|국외여행인솔자 교육기관 지정 및 교육과정 운영에 관한 요령
DOC-000687,LAW-KR-000187,농작물실제소득인정기준,v14_출처문서명,admin_rule,notice,,고시,nlic_admrul,norm:Notice,true,국토교통부,true,nlic_api_20260920k,,,,대표,2100000282328,2026-360,20260708,20260708,고시,고시|농작물실제소득인정기준
DOC-000688,LAW-KR-000187,도박중독예방 상담·교육 조건부 기소유예 처리지침,v14_출처문서명,admin_rule,established_rule,,예규,nlic_admrul,norm:EstablishedRule,true,대검찰청,true,nlic_api_20260920k,,,,,2100000234066,1392,20240102,20240102,고시,고시|도박중독예방 상담·교육 조건부 기소유예 처리지침
DOC-000689,LAW-KR-000187,문화관광해설사 양성교육과정의 개설·운영 및 배치·활용에 관한 고시,v14_출처문서명,admin_rule,notice,,고시,nlic_admrul,norm:Notice,true,문화체육관광부,true,nlic_api_20260920k,,,,,2100000241588,2024-27,20240523,20240523,고시,고시|문화관광해설사 양성교육과정의 개설·운영 및 배치·활용에 관한 고시
DOC-000690,LAW-KR-000187,사행산업에 관한 광고·선전행위 현장 확인 및 지도·감독규칙,v14_출처문서명,admin_rule,notice,,고시,nlic_admrul,norm:Notice,true,사행산업통합감독위원회,true,nlic_api_20260920k,,,,,2100000250334,2015-2,20150204,20150701,고시,고시|사행산업에 관한 광고·선전행위 현장 확인 및 지도·감독규칙
DOC-000691,LAW-KR-000187,안전관리전문기관 지정 고시,v14_출처문서명,admin_rule,notice,,고시,nlic_admrul,norm:Notice,true,행정안전부,true,nlic_api_20260920k,,,,대표,2100000095436,2017-1,20170726,20170726,고시,고시|안전관리전문기관 지정 고시
DOC-000692,LAW-KR-000187,어린이활동공간 확인검사 절차 등에 관한 규정,v14_출처문서명,admin_rule,notice,,고시,nlic_admrul,norm:Notice,true,기후에너지환경부,true,nlic_api,DOC-000529,UNIT-0215180,,,,,,,고시,고시|어린이활동공간 확인검사 절차 등에 관한 규정
DOC-000693,LAW-KR-000187,여행업 보증보험·공제 및 영업보증금 운영규정,v14_출처문서명,admin_rule,notice,,고시,nlic_admrul,norm:Notice,true,문화체육관광부,true,nlic_api_20260920k,,,,,2100000241570,2024-28,20240523,20240701,고시,고시|여행업 보증보험·공제 및 영업보증금 운영규정
DOC-000694,LAW-KR-000187,의료관광호텔의 시설분리 기준,v14_출처문서명,admin_rule,notice,,고시,nlic_admrul,norm:Notice,true,문화체육관광부,true,nlic_api_20260920k,,,,대표,2100000095811,2017-35,20170908,20170908,고시,고시|의료관광호텔의 시설분리 기준
DOC-000695,LAW-KR-000187,카지노 전산시설 기준,v14_출처문서명,admin_rule,notice,,고시,nlic_admrul,norm:Notice,true,문화체육관광부,true,nlic_api_20260920k,,,,,2100000256260,2025-19,20250310,20250310,고시,고시|카지노 전산시설 기준
DOC-000696,LAW-KR-000187,카지노기구 기준,v14_출처문서명,admin_rule,notice,,고시,nlic_admrul,norm:Notice,true,문화체육관광부,true,nlic_api_20260920k,,,,,2100000256258,2025-18,20250310,20250310,고시,고시|카지노기구 기준
DOC-000697,LAW-KR-000187,카지노업 영업준칙,v14_출처문서명,admin_rule,notice,,고시,nlic_admrul,norm:Notice,true,문화체육관광부,true,nlic_api_20260920k,,,,,2100000256220,2025-17,20250310,20250310,고시,고시|카지노업 영업준칙
DOC-000698,LAW-KR-000187,테마파크시설 안전성검사 등의 기준 및 절차,v14_출처문서명,admin_rule,notice,,고시,nlic_admrul,norm:Notice,true,문화체육관광부,true,nlic_api,DOC-000531,UNIT-0216987,,,,,,,고시,고시|테마파크시설 안전성검사 등의 기준 및 절차
DOC-000699,LAW-KR-000187,특수장소에서의 의약품 취급에 관한 지정,v14_출처문서명,admin_rule,notice,,고시,nlic_admrul,norm:Notice,true,보건복지부,true,nlic_api_20260920k,,,,대표,2100000260764,2025-98,20250625,20250625,고시,고시|특수장소에서의 의약품 취급에 관한 지정
DOC-000700,LAW-KR-000187,학교환경위생정화구역 내 관광숙박시설의 학교환경위생을 저해하는 영업행위 기준,v14_출처문서명,admin_rule,notice,,고시,nlic_admrul,norm:Notice,true,문화체육관광부,true,nlic_api_20260920k,,,DOC-000649,내용 다름(겹침 0%),2100000091055,2017-26,20170630,20170630,고시,고시|학교환경위생정화구역 내 관광숙박시설의 학교환경위생을 저해하는 영업행위 기준
DOC-000701,LAW-KR-000187,호텔업 등급결정업무 위탁 및 등급결정에 관한 요령,v14_출처문서명,admin_rule,notice,,고시,nlic_admrul,norm:Notice,true,문화체육관광부,true,nlic_api_20260920k,,,,,2100000281236,2026-28,20260701,20260701,고시,고시|호텔업 등급결정업무 위탁 및 등급결정에 관한 요령
DOC-000702,LAW-KR-000017,광산안전업무 처리지침,v14_출처문서명,admin_rule,notice,,고시,nlic_admrul,norm:Notice,true,산업통상부,true,nlic_api,DOC-000048,UNIT-0026319,,,,,,,고시,고시|광산안전업무 처리지침
DOC-000703,LAW-KR-000017,석유광산안전규칙,v14_출처문서명,statutory,ministerial_ordinance,4,,by_layer,norm:SeparateMinisterialRule,true,,true,nlic_api_20260917,,,,,278739,00001,20251001,20251001,부령규칙,부령규칙|석유광산안전규칙
DOC-000704,LAW-KR-000147,전문광해방지사업자 실적증명서 발급 수수료 기준,v14_출처문서명,admin_rule,notice,,고시,nlic_admrul,norm:Notice,true,산업통상부,true,nlic_api,DOC-000412,UNIT-0172783,,,,,,,고시,고시|전문광해방지사업자 실적증명서 발급 수수료 기준
DOC-000705,LAW-KR-000113,개인택시운송사업 면허의 양수요건 등 관련 교통안전교육에 관한 고시,v14_출처문서명,admin_rule,notice,,고시,nlic_admrul,norm:Notice,true,국토교통부,true,nlic_api,DOC-000311,UNIT-0121626,,대표,,,,,고시,고시|개인택시운송사업 면허의 양수요건 등 관련 교통안전교육에 관한 고시
DOC-000706,LAW-KR-000113,교통사고원인조사지침,v14_출처문서명,admin_rule,notice,,고시,nlic_admrul,norm:Notice,true,국토교통부,true,nlic_api,DOC-000311,UNIT-0121675,,대표,,,,,고시,고시|교통사고원인조사지침
DOC-000707,LAW-KR-000113,교통안전 전문교육 실시 등에 관한 고시,v14_출처문서명,admin_rule,notice,,고시,nlic_admrul,norm:Notice,true,국토교통부,true,nlic_api,DOC-000310,UNIT-0121391,,,,,,,고시,고시|교통안전 전문교육 실시 등에 관한 고시
DOC-000708,LAW-KR-000113,교통안전관리규정 심사지침,v14_출처문서명,admin_rule,notice,,고시,nlic_admrul,norm:Notice,true,국토교통부,true,nlic_api,DOC-000310,UNIT-0121452,,대표,,,,,고시,고시|교통안전관리규정 심사지침
DOC-000709,LAW-KR-000113,자동차 운행기록 및 장치에 관한 관리지침,v14_출처문서명,admin_rule,notice,,고시,nlic_admrul,norm:Notice,true,국토교통부,true,nlic_api,DOC-000310,UNIT-0121365,,대표,,,,,고시,고시|자동차 운행기록 및 장치에 관한 관리지침
DOC-000710,LAW-KR-000113,해상교통안전진단시행지침,v14_출처문서명,admin_rule,notice,,고시,nlic_admrul,norm:Notice,true,해양수산부,true,nlic_api,DOC-000310,UNIT-0121153,,,,,,,고시,고시|해상교통안전진단시행지침
DOC-000711,LAW-KR-000169,교통안전관리규정 심사지침,v14_출처문서명,admin_rule,notice,,고시,nlic_admrul,norm:Notice,true,국토교통부,true,nlic_api,DOC-000478,UNIT-0198743,DOC-000708,내용 다름(겹침 78%),,,,,고시,고시|교통안전관리규정 심사지침
DOC-000712,LAW-KR-000169,궤도시설 안전검사기준,v14_출처문서명,admin_rule,notice,,고시,nlic_admrul,norm:Notice,true,국토교통부,true,nlic_api,DOC-000480,UNIT-0199009,,,,,,,고시,고시|궤도시설 안전검사기준
DOC-000713,LAW-KR-000169,궤도시설 점검·정비요령,v14_출처문서명,admin_rule,notice,,고시,nlic_admrul,norm:Notice,true,국토교통부,true,nlic_api,DOC-000479,UNIT-0198827,,,,,,,고시,고시|궤도시설 점검·정비요령
DOC-000714,LAW-KR-000169,궤도시설의 건설에 관한 설비기준,v14_출처문서명,admin_rule,notice,,고시,nlic_admrul,norm:Notice,true,국토교통부,true,nlic_api,DOC-000478,UNIT-0198608,,,,,,,고시,고시|궤도시설의 건설에 관한 설비기준
DOC-000715,LAW-KR-000135,급경사지 계측기기 성능검사 기준에 관한 규정,v14_출처문서명,admin_rule,notice,,고시,nlic_admrul,norm:Notice,true,행정안전부,true,nlic_api,DOC-000376,UNIT-0157431,,,,,,,고시,고시|급경사지 계측기기 성능검사 기준에 관한 규정
DOC-000716,LAW-KR-000135,급경사지 계측전문인력 교육운영 규정,v14_출처문서명,admin_rule,notice,,고시,nlic_admrul,norm:Notice,true,행정안전부,true,nlic_api,DOC-000376,UNIT-0157406,,,,,,,고시,고시|급경사지 계측전문인력 교육운영 규정
DOC-000717,LAW-KR-000135,급경사지 실태조사 관리 지침,v14_출처문서명,admin_rule,notice,,고시,nlic_admrul,norm:Notice,true,행정안전부,true,nlic_api,DOC-000376,UNIT-0157536,,,,,,,고시,고시|급경사지 실태조사 관리 지침
DOC-000718,LAW-KR-000135,급경사지 재해위험도 평가기준,v14_출처문서명,admin_rule,notice,,고시,nlic_admrul,norm:Notice,true,행정안전부,true,nlic_api,DOC-000376,UNIT-0157388,DOC-001695,내용 다름(겹침 83%),,,,,고시,고시|급경사지 재해위험도 평가기준
DOC-000719,LAW-KR-000135,급경사지 토질조사 등의 자료 제출에 관한 규정,v14_출처문서명,admin_rule,notice,,고시,nlic_admrul,norm:Notice,true,행정안전부,true,nlic_api,DOC-000376,UNIT-0157399,,대표,,,,,고시,고시|급경사지 토질조사 등의 자료 제출에 관한 규정
DOC-000720,LAW-KR-000178,기계설비 기술기준,v14_출처문서명,admin_rule,notice,,고시,nlic_admrul,norm:Notice,true,국토교통부,true,nlic_api,DOC-000505,UNIT-0206123,DOC-002687,내용 다름(겹침 78%),,,,,고시,고시|기계설비 기술기준
DOC-000721,LAW-KR-000178,기계설비 유지관리기준,v14_출처문서명,admin_rule,notice,,고시,nlic_admrul,norm:Notice,true,국토교통부,true,nlic_api,DOC-000505,UNIT-0206130,,,,,,,고시,고시|기계설비 유지관리기준
DOC-000722,LAW-KR-000178,기계설비유지관리자등의 경력신고 및 등급인정 등에 관한 기준,v14_출처문서명,admin_rule,notice,,고시,nlic_admrul,norm:Notice,true,국토교통부,true,nlic_api_20260920k,,,,,2100000197767,2021-75,20210202,20210202,고시,고시|기계설비유지관리자등의 경력신고 및 등급인정 등에 관한 기준
DOC-000723,LAW-KR-000178,유해물질 사용제한 대상 및 회수·인계·재활용의무 대상에서 제외되는 전기·전자제품,v14_출처문서명,admin_rule,notice,,고시,nlic_admrul,norm:Notice,true,기후에너지환경부,true,nlic_api_20260920k,,,,대표,2100000270650,2025-68,20251231,20260101,고시,고시|유해물질 사용제한 대상 및 회수·인계·재활용의무 대상에서 제외되는 전기·전자제품
DOC-000724,LAW-KR-000046,가스공급설비 성능개선기준,v14_출처문서명,admin_rule,notice,,고시,nlic_admrul,norm:Notice,true,산업통상부,true,nlic_api,DOC-000128,UNIT-0061433,,대표,,,,,고시,고시|가스공급설비 성능개선기준
DOC-000725,LAW-KR-000046,가스공급설비 최소유지관리기준,v14_출처문서명,admin_rule,notice,,고시,nlic_admrul,norm:Notice,true,산업통상부,true,nlic_api,DOC-000128,UNIT-0061425,,대표,,,,,고시,고시|가스공급설비 최소유지관리기준
DOC-000726,LAW-KR-000046,공동구 성능개선 기준,v14_출처문서명,admin_rule,notice,,고시,nlic_admrul,norm:Notice,true,국토교통부,true,nlic_api,DOC-000128,UNIT-0061420,,,,,,,고시,고시|공동구 성능개선 기준
DOC-000727,LAW-KR-000046,공동구 최소유지관리 기준,v14_출처문서명,admin_rule,notice,,고시,nlic_admrul,norm:Notice,true,국토교통부,true,nlic_api,DOC-000128,UNIT-0061451,,대표,,,,,고시,고시|공동구 최소유지관리 기준
DOC-000728,LAW-KR-000046,공항시설 성능개선기준,v14_출처문서명,admin_rule,notice,,고시,nlic_admrul,norm:Notice,true,국토교통부,true,nlic_api,DOC-000128,UNIT-0061432,DOC-000656,동일 사본,,,,,고시,고시|공항시설 성능개선기준
DOC-000729,LAW-KR-000046,공항시설 최소유지관리기준,v14_출처문서명,admin_rule,notice,,고시,nlic_admrul,norm:Notice,true,국토교통부,true,nlic_api,DOC-000128,UNIT-0061424,DOC-000657,동일 사본,,,,,고시,고시|공항시설 최소유지관리기준
DOC-000730,LAW-KR-000046,국가하천 성능개선기준,v14_출처문서명,admin_rule,notice,,고시,nlic_admrul,norm:Notice,true,기후에너지환경부,true,nlic_api,DOC-000385,UNIT-0160956,,대표,,,,,고시,고시|국가하천 성능개선기준
DOC-000731,LAW-KR-000046,국가하천 최소유지관리기준,v14_출처문서명,admin_rule,notice,,고시,nlic_admrul,norm:Notice,true,기후에너지환경부,true,nlic_api,DOC-000385,UNIT-0160956,,대표,,,,,고시,고시|국가하천 최소유지관리기준
DOC-000732,LAW-KR-000046,기반시설 관리시스템 운영규정,v14_출처문서명,admin_rule,notice,,고시,nlic_admrul,norm:Notice,true,국토교통부,true,nlic_api_20260920k,,,,,2100000241952,2024-292,20240531,20240531,고시,고시|기반시설 관리시스템 운영규정
DOC-000733,LAW-KR-000046,기반시설 성능개선 충당금 운용규정,v14_출처문서명,admin_rule,notice,,고시,nlic_admrul,norm:Notice,true,국토교통부,true,nlic_api_20260920k,,,,,2100000282320,2026-360,20260708,20260708,고시,고시|기반시설 성능개선 충당금 운용규정
DOC-000734,LAW-KR-000046,기반시설 실태조사의 방법 및 절차 등에 관한 규정,v14_출처문서명,admin_rule,notice,,고시,nlic_admrul,norm:Notice,true,국토교통부,true,nlic_api_20260920k,,,,,2100000201452,2021-711,20210517,20210517,고시,고시|기반시설 실태조사의 방법 및 절차 등에 관한 규정
DOC-000735,LAW-KR-000046,기반시설관리위원회 운영세칙,v14_출처문서명,admin_rule,notice,,고시,nlic_admrul,norm:Notice,true,국토교통부,true,nlic_api_20260920k,,,,,2100000210830,2022-214,20220422,20220422,고시,고시|기반시설관리위원회 운영세칙
DOC-000736,LAW-KR-000046,농업용 저수지 성능개선기준,v14_출처문서명,admin_rule,notice,,고시,nlic_admrul,norm:Notice,true,농림축산식품부,true,nlic_api,DOC-000128,UNIT-0061432,,대표,,,,,고시,고시|농업용 저수지 성능개선기준
DOC-000737,LAW-KR-000046,농업용 저수지 최소유지관리기준,v14_출처문서명,admin_rule,notice,,고시,nlic_admrul,norm:Notice,true,농림축산식품부,true,nlic_api,DOC-000128,UNIT-0061451,,대표,,,,,고시,고시|농업용 저수지 최소유지관리기준
DOC-000738,LAW-KR-000046,댐시설 성능개선기준,v14_출처문서명,admin_rule,notice,,고시,nlic_admrul,norm:Notice,true,기후에너지환경부,true,nlic_api,DOC-000128,UNIT-0061553,,,,,,,고시,고시|댐시설 성능개선기준
DOC-000739,LAW-KR-000046,댐시설 최소유지관리기준,v14_출처문서명,admin_rule,notice,,고시,nlic_admrul,norm:Notice,true,기후에너지환경부,true,nlic_api,DOC-000128,UNIT-0061451,,,,,,,고시,고시|댐시설 최소유지관리기준
DOC-000740,LAW-KR-000046,도로시설 성능개선기준,v14_출처문서명,admin_rule,notice,,고시,nlic_admrul,norm:Notice,true,국토교통부,true,nlic_api,DOC-000128,UNIT-0061490,,대표,,,,,고시,고시|도로시설 성능개선기준
DOC-000741,LAW-KR-000046,도로시설 최소유지관리기준,v14_출처문서명,admin_rule,notice,,고시,nlic_admrul,norm:Notice,true,국토교통부,true,nlic_api,DOC-000128,UNIT-0061577,,대표,,,,,고시,고시|도로시설 최소유지관리기준
DOC-000742,LAW-KR-000046,성능개선 공통기준,v14_출처문서명,admin_rule,notice,,고시,nlic_admrul,norm:Notice,true,국토교통부,true,nlic_api,DOC-000128,UNIT-0061553,,,,,,,고시,고시|성능개선 공통기준
DOC-000743,LAW-KR-000046,송유설비 성능개선기준,v14_출처문서명,admin_rule,notice,,고시,nlic_admrul,norm:Notice,true,산업통상부,true,nlic_api,DOC-000128,UNIT-0061433,,,,,,,고시,고시|송유설비 성능개선기준
DOC-000744,LAW-KR-000046,송유설비 최소유지관리기준,v14_출처문서명,admin_rule,notice,,고시,nlic_admrul,norm:Notice,true,산업통상부,true,nlic_api,DOC-000128,UNIT-0061425,,,,,,,고시,고시|송유설비 최소유지관리기준
DOC-000745,LAW-KR-000046,송전선로 성능개선기준,v14_출처문서명,admin_rule,notice,,고시,nlic_admrul,norm:Notice,true,산업통상부,true,nlic_api,DOC-000128,UNIT-0061429,,대표,,,,,고시,고시|송전선로 성능개선기준
DOC-000746,LAW-KR-000046,송전선로 최소유지관리기준,v14_출처문서명,admin_rule,notice,,고시,nlic_admrul,norm:Notice,true,산업통상부,true,nlic_api,DOC-000128,UNIT-0061429,,대표,,,,,고시,고시|송전선로 최소유지관리기준
DOC-000747,LAW-KR-000046,수도공급설비 성능개선기준,v14_출처문서명,admin_rule,notice,,고시,nlic_admrul,norm:Notice,true,기후에너지환경부,true,nlic_api,DOC-000128,UNIT-0061553,,,,,,,고시,고시|수도공급설비 성능개선기준
DOC-000748,LAW-KR-000046,수도공급설비 최소유지관리기준,v14_출처문서명,admin_rule,notice,,고시,nlic_admrul,norm:Notice,true,기후에너지환경부,true,nlic_api,DOC-000128,UNIT-0061451,,,,,,,고시,고시|수도공급설비 최소유지관리기준
DOC-000749,LAW-KR-000046,어항시설 성능개선기준,v14_출처문서명,admin_rule,notice,,고시,nlic_admrul,norm:Notice,true,해양수산부,true,nlic_api,DOC-000128,UNIT-0061491,,,,,,,고시,고시|어항시설 성능개선기준
DOC-000750,LAW-KR-000046,어항시설 최소유지관리기준,v14_출처문서명,admin_rule,notice,,고시,nlic_admrul,norm:Notice,true,해양수산부,true,nlic_api,DOC-000128,UNIT-0061491,,,,,,,고시,고시|어항시설 최소유지관리기준
DOC-000751,LAW-KR-000046,열수송관 성능개선기준,v14_출처문서명,admin_rule,notice,,고시,nlic_admrul,norm:Notice,true,기후에너지환경부,true,nlic_api,DOC-000128,UNIT-0061433,,대표,,,,,고시,고시|열수송관 성능개선기준
DOC-000752,LAW-KR-000046,열수송관 최소유지관리기준,v14_출처문서명,admin_rule,notice,,고시,nlic_admrul,norm:Notice,true,기후에너지환경부,true,nlic_api,DOC-000128,UNIT-0061425,,대표,,,,,고시,고시|열수송관 최소유지관리기준
DOC-000753,LAW-KR-000046,유지관리 우수 기반시설 신청 및 선정에 관한 규정,v14_출처문서명,admin_rule,notice,,고시,nlic_admrul,norm:Notice,true,국토교통부,true,nlic_api_20260920k,,,,,2100000192385,2020-599,20200825,20200825,고시,고시|유지관리 우수 기반시설 신청 및 선정에 관한 규정
DOC-000754,LAW-KR-000046,철도시설 성능개선기준,v14_출처문서명,admin_rule,notice,,고시,nlic_admrul,norm:Notice,true,국토교통부,true,nlic_api,DOC-000128,UNIT-0061432,,대표,,,,,고시,고시|철도시설 성능개선기준
DOC-000755,LAW-KR-000046,철도시설 최소유지관리기준,v14_출처문서명,admin_rule,notice,,고시,nlic_admrul,norm:Notice,true,국토교통부,true,nlic_api,DOC-000128,UNIT-0061424,,대표,,,,,고시,고시|철도시설 최소유지관리기준
DOC-000756,LAW-KR-000046,최소유지관리 공통기준,v14_출처문서명,admin_rule,notice,,고시,nlic_admrul,norm:Notice,true,국토교통부,true,nlic_api,DOC-000128,UNIT-0061451,,,,,,,고시,고시|최소유지관리 공통기준
DOC-000757,LAW-KR-000046,통신구 성능개선기준,v14_출처문서명,admin_rule,notice,,고시,nlic_admrul,norm:Notice,true,과학기술정보통신부,true,nlic_api,DOC-000128,UNIT-0061420,,,,,,,고시,고시|통신구 성능개선기준
DOC-000758,LAW-KR-000046,통신구 최소유지관리기준,v14_출처문서명,admin_rule,notice,,고시,nlic_admrul,norm:Notice,true,과학기술정보통신부,true,nlic_api,DOC-000128,UNIT-0061451,,,,,,,고시,고시|통신구 최소유지관리기준
DOC-000759,LAW-KR-000046,항만시설 성능개선기준,v14_출처문서명,admin_rule,notice,,고시,nlic_admrul,norm:Notice,true,해양수산부,true,nlic_api,DOC-000128,UNIT-0061432,,대표,,,,,고시,고시|항만시설 성능개선기준
DOC-000760,LAW-KR-000046,항만시설 최소유지관리기준,v14_출처문서명,admin_rule,notice,,고시,nlic_admrul,norm:Notice,true,해양수산부,true,nlic_api,DOC-000128,UNIT-0061424,,대표,,,,,고시,고시|항만시설 최소유지관리기준
DOC-000761,LAW-KR-000038,기상관측시설 등급 기준,v14_출처문서명,admin_rule,notice,,고시,nlic_admrul,norm:Notice,true,기상청,true,nlic_api,DOC-000107,UNIT-0056221,,,,,,,고시,고시|기상관측시설 등급 기준
DOC-000762,LAW-KR-000038,기상관측자료의 품질관리를 위한 기술기준,v14_출처문서명,admin_rule,notice,,고시,nlic_admrul,norm:Notice,true,기상청,true,nlic_api,DOC-000106,UNIT-0055958,,,,,,,고시,고시|기상관측자료의 품질관리를 위한 기술기준
DOC-000763,LAW-KR-000038,기상관측자료의 품질등급 기준 및 절차,v14_출처문서명,admin_rule,notice,,고시,nlic_admrul,norm:Notice,true,기상청,true,nlic_api,DOC-000107,UNIT-0056241,,,,,,,고시,고시|기상관측자료의 품질등급 기준 및 절차
DOC-000764,LAW-KR-000038,기상요소별 기상관측환경 기준 비적용 기상관측,v14_출처문서명,admin_rule,notice,,고시,nlic_admrul,norm:Notice,true,기상청,true,nlic_api,DOC-000107,UNIT-0056202,,대표,,,,,고시,고시|기상요소별 기상관측환경 기준 비적용 기상관측
DOC-000765,LAW-KR-000038,기상측기 형식승인 기준·방법 및 신청 절차 등에 관한 고시,v14_출처문서명,admin_rule,notice,,고시,nlic_admrul,norm:Notice,true,기상청,true,nlic_api,DOC-000106,UNIT-0056076,,,,,,,고시,고시|기상측기 형식승인 기준·방법 및 신청 절차 등에 관한 고시
DOC-000766,LAW-KR-000038,기상측기 형식승인·검정 대행기관 지정 요건 및 형식승인대행기관 지정 방법·사후관리,v14_출처문서명,admin_rule,notice,,고시,nlic_admrul,norm:Notice,true,기상청,true,nlic_api,DOC-000106,UNIT-0055981,,,,,,,고시,고시|기상측기 형식승인·검정 대행기관 지정 요건 및 형식승인대행기관 지정 방법·사후관리
DOC-000767,LAW-KR-000038,기상측기 형식승인ㆍ변경승인 및 검정 수수료 고시,v14_출처문서명,admin_rule,notice,,고시,nlic_admrul,norm:Notice,true,기상청,true,nlic_api,DOC-000106,UNIT-0056074,,,,,,,고시,고시|기상측기 형식승인ㆍ변경승인 및 검정 수수료 고시
DOC-000768,LAW-KR-000038,기상측기별 설치기준,v14_출처문서명,admin_rule,notice,,고시,nlic_admrul,norm:Notice,true,기상청,true,nlic_api,DOC-000107,UNIT-0056205,,,,,,,고시,고시|기상측기별 설치기준
DOC-000769,LAW-KR-000038,기상측기의 검정 절차 및 세부 검정기준,v14_출처문서명,admin_rule,notice,,고시,nlic_admrul,norm:Notice,true,기상청,true,nlic_api,DOC-000106,UNIT-0056001,,,,,,,고시,고시|기상측기의 검정 절차 및 세부 검정기준
DOC-000770,LAW-KR-000038,기상관측표준화법 시행령,v14_출처문서명,statutory,presidential_decree,3,,by_layer,norm:PresidentialDecree,true,,true,nlic_api_20260920t,,,,,282305,35998,20260102,20260102,시행령,시행령|기상관측표준화법 시행령
DOC-000771,LAW-KR-000160,기업 재해경감활동 전문인력 교육운영규정,v14_출처문서명,admin_rule,notice,,고시,nlic_admrul,norm:Notice,true,행정안전부,true,nlic_api,DOC-000451,UNIT-0191127,,,,,,,고시,고시|기업 재해경감활동 전문인력 교육운영규정
DOC-000772,LAW-KR-000160,기업재난관리 특성화대학원 선정 및 운영에 관한 규정,v14_출처문서명,admin_rule,notice,,고시,nlic_admrul,norm:Notice,true,행정안전부,true,nlic_api,DOC-000451,UNIT-0191121,,,,,,,고시,고시|기업재난관리 특성화대학원 선정 및 운영에 관한 규정
DOC-000773,LAW-KR-000160,재해경감 우수기업 인증 등에 관한 운영규정,v14_출처문서명,admin_rule,notice,,고시,nlic_admrul,norm:Notice,true,행정안전부,true,nlic_api,DOC-000451,UNIT-0191126,,,,,,,고시,고시|재해경감 우수기업 인증 등에 관한 운영규정
DOC-000774,LAW-KR-000160,재해경감활동계획 수립 업무 대행비용의 산정기준,v14_출처문서명,admin_rule,notice,,고시,nlic_admrul,norm:Notice,true,행정안전부,true,nlic_api,DOC-000451,UNIT-0191178,,,,,,,고시,고시|재해경감활동계획 수립 업무 대행비용의 산정기준
DOC-000775,LAW-KR-000185,사전연명의료의향서 등록기관 지정 기준 및 그 절차와 방법 등에 관한 세부 규정,v14_출처문서명,admin_rule,notice,,고시,nlic_admrul,norm:Notice,true,보건복지부,true,nlic_api,DOC-000524,UNIT-0213208,,대표,,,,,고시,고시|사전연명의료의향서 등록기관 지정 기준 및 그 절차와 방법 등에 관한 세부 규정
DOC-000776,LAW-KR-000185,사회보장급여 관련 공통서식에 관한 고시,v14_출처문서명,admin_rule,notice,,고시,nlic_admrul,norm:Notice,true,보건복지부,true,nlic_api,DOC-000542,UNIT-0221088,,대표,,,,,고시,고시|사회보장급여 관련 공통서식에 관한 고시
DOC-000777,LAW-KR-000185,요양보호사 실무경력자의 재가장기요양기관 관리책임자 양성 교육과정,v14_출처문서명,admin_rule,notice,,고시,nlic_admrul,norm:Notice,true,보건복지부,true,nlic_api,DOC-000525,UNIT-0213905,,,,,,,고시,고시|요양보호사 실무경력자의 재가장기요양기관 관리책임자 양성 교육과정
DOC-000778,LAW-KR-000185,인권교육 운영 및 교육기관 지정 등에 관한 고시,v14_출처문서명,admin_rule,notice,,고시,nlic_admrul,norm:Notice,true,보건복지부,true,nlic_api,DOC-000524,UNIT-0213710,,,,,,,고시,고시|인권교육 운영 및 교육기관 지정 등에 관한 고시
DOC-000779,LAW-KR-000185,노인복지법 시행령,v14_출처문서명,statutory,presidential_decree,3,,by_layer,norm:PresidentialDecree,true,,true,nlic_api_20260920t,,,,,282799,36050,20260120,20260124,시행령,시행령|노인복지법 시행령
DOC-000780,LAW-KR-000042,건축물 에너지·온실가스 정보체계 운영규정,v14_출처문서명,admin_rule,notice,,고시,nlic_admrul,norm:Notice,true,국토교통부,true,nlic_api_20260920k,,,,,2100000213062,2022-415,20220718,20220718,고시,고시|건축물 에너지·온실가스 정보체계 운영규정
DOC-000781,LAW-KR-000042,건축물의 에너지절약설계기준,v14_출처문서명,admin_rule,notice,,고시,nlic_admrul,norm:Notice,true,국토교통부,true,nlic_api_20260920k,,,,대표,2100000282390,2026-360,20260708,20260708,고시,고시|건축물의 에너지절약설계기준
DOC-000782,LAW-KR-000042,공공기관 에너지이용 합리화 추진에 관한 규정,v14_출처문서명,admin_rule,notice,,고시,nlic_admrul,norm:Notice,true,기후에너지환경부,true,nlic_api_20260920k,,,,대표,2100000278366,2026-111,20260430,20260430,고시,고시|공공기관 에너지이용 합리화 추진에 관한 규정
DOC-000783,LAW-KR-000042,그린리모델링 지원사업 운영 등에 관한 고시,v14_출처문서명,admin_rule,notice,,고시,nlic_admrul,norm:Notice,true,국토교통부,true,nlic_api_20260920k,,,,대표,2100000225858,2023-385,20230705,20230701,고시,고시|그린리모델링 지원사업 운영 등에 관한 고시
DOC-000784,LAW-KR-000042,기존 건축물의 에너지성능 개선기준,v14_출처문서명,admin_rule,notice,,고시,nlic_admrul,norm:Notice,true,국토교통부,true,nlic_api_20260920k,,,,,2100000251532,2024-893,20241230,20250101,고시,고시|기존 건축물의 에너지성능 개선기준
DOC-000785,LAW-KR-000042,녹색건축 인증 기준,v14_출처문서명,admin_rule,notice,,고시,nlic_admrul,norm:Notice,true,국토교통부,true,nlic_api_20260920k,,,,,2200000107969,2025-550,20250916,20251001,고시,고시|녹색건축 인증 기준
DOC-000786,LAW-KR-000042,재활용 건축자재의 활용기준,v14_출처문서명,admin_rule,notice,,고시,nlic_admrul,norm:Notice,true,국토교통부,true,nlic_api_20260920k,,,,,2100000212958,2022-833,20220720,20220720,고시,고시|재활용 건축자재의 활용기준
DOC-000787,LAW-KR-000042,특별건축구역 운영 가이드라인,v14_출처문서명,admin_rule,notice,,고시,nlic_admrul,norm:Notice,true,국토교통부,true,nlic_api_20260920k,,,,대표,2100000269898,2025-773,20251231,20251231,고시,고시|특별건축구역 운영 가이드라인
DOC-000788,LAW-KR-000042,한옥 건축 기준,v14_출처문서명,admin_rule,notice,,고시,nlic_admrul,norm:Notice,true,국토교통부,true,nlic_api_20260920k,,,,,2100000206163,2021-1242,20211117,20211117,고시,고시|한옥 건축 기준
DOC-000789,LAW-KR-000042,녹색건축 인증에 관한 규칙,v14_출처문서명,statutory,ministerial_ordinance,4,,by_layer,norm:SeparateMinisterialRule,true,,true,nlic_api_20260917,,,,,278883,00001,20251001,20251001,부령규칙,부령규칙|녹색건축 인증에 관한 규칙
DOC-000790,LAW-KR-000042,제로에너지건축물 인증에 관한 규칙,v14_출처문서명,statutory,ministerial_ordinance,4,,by_layer,norm:SeparateMinisterialRule,true,,true,nlic_api,,,,,,,,,부령규칙,부령규칙|제로에너지건축물 인증에 관한 규칙
DOC-000791,LAW-KR-000030,(국립농산물품질관리원) 농약 가격표시제 실시요령,v14_출처문서명,admin_rule,notice,,고시,nlic_admrul,norm:Notice,true,국립농산물품질관리원,true,nlic_api_20260920k,,,,,2200000080777,2022-8,20221229,20230101,고시,고시|(국립농산물품질관리원) 농약 가격표시제 실시요령
DOC-000792,LAW-KR-000030,골프장의 농약사용량 조사 및 농약잔류량 검사방법 등에 관한 규정,v14_출처문서명,admin_rule,notice,,고시,nlic_admrul,norm:Notice,true,기후에너지환경부,true,nlic_api,DOC-000086,UNIT-0046708,,대표,,,,,고시,고시|골프장의 농약사용량 조사 및 농약잔류량 검사방법 등에 관한 규정
DOC-000793,LAW-KR-000030,국립농산물품질관리원 조사공무원증 발급 및 관리 요령,v14_출처문서명,admin_rule,established_rule,,예규,nlic_admrul,norm:EstablishedRule,true,국립농산물품질관리원,true,nlic_api_20260920k,,,,대표,2100000260772,242,20250625,20250625,고시,고시|국립농산물품질관리원 조사공무원증 발급 및 관리 요령
DOC-000794,LAW-KR-000030,금지·유독물질 원제를 취급하는 원제업·수입업 등록기준,v14_출처문서명,admin_rule,notice,,고시,nlic_admrul,norm:Notice,true,농촌진흥청,true,nlic_api,DOC-000086,UNIT-0046857,,대표,,,,,고시,고시|금지·유독물질 원제를 취급하는 원제업·수입업 등록기준
DOC-000795,LAW-KR-000030,농약 및 원제의 등록기준,v14_출처문서명,admin_rule,notice,,고시,nlic_admrul,norm:Notice,true,농촌진흥청,true,nlic_api_20260920k,,,,,2100000282626,2026-15,20260714,20260714,고시,고시|농약 및 원제의 등록기준
DOC-000796,LAW-KR-000030,농약 판매관리인 교육 실시요령,v14_출처문서명,admin_rule,notice,,고시,nlic_admrul,norm:Notice,true,농촌진흥청,true,nlic_api_20260920k,,,,,2100000194996,2020-33,20201125,20201125,고시,고시|농약 판매관리인 교육 실시요령
DOC-000797,LAW-KR-000030,농약 판매기록 등의 방법 및 농약안전정보시스템 운영 요령,v14_출처문서명,admin_rule,notice,,고시,nlic_admrul,norm:Notice,true,농촌진흥청,true,nlic_api_20260920k,,,,,2100000220384,2023-2,20230303,20230303,고시,고시|농약 판매기록 등의 방법 및 농약안전정보시스템 운영 요령
DOC-000798,LAW-KR-000030,"농약, 원제 및 농약활용기자재의 표시기준",v14_출처문서명,admin_rule,notice,,고시,nlic_admrul,norm:Notice,true,농촌진흥청,true,nlic_api,DOC-000086,UNIT-0046685,,,,,,,고시,"고시|농약, 원제 및 농약활용기자재의 표시기준"
DOC-000799,LAW-KR-000030,농약·원제 및 농약활용기자재의 등록신청서류 검토 등에 관한 업무 처리지침,v14_출처문서명,admin_rule,established_rule,,예규,nlic_admrul,norm:EstablishedRule,true,농촌진흥청,true,nlic_api_20260920k,,,,,2100000210586,119,20220413,20220413,고시,고시|농약·원제 및 농약활용기자재의 등록신청서류 검토 등에 관한 업무 처리지침
DOC-000800,LAW-KR-000030,농약등 및 원제의 취급제한기준,v14_출처문서명,admin_rule,notice,,고시,nlic_admrul,norm:Notice,true,농촌진흥청,true,nlic_api,DOC-000086,UNIT-0046711,,대표,,,,,고시,고시|농약등 및 원제의 취급제한기준
DOC-000801,LAW-KR-000030,농약등 바코드 표시 및 관리요령,v14_출처문서명,admin_rule,notice,,고시,nlic_admrul,norm:Notice,true,농촌진흥청,true,nlic_api_20260920k,,,,,2100000232474,2023-37,20231211,20231211,고시,고시|농약등 바코드 표시 및 관리요령
DOC-000802,LAW-KR-000030,농약등의 시험연구기관 지정 및 관리기준,v14_출처문서명,admin_rule,notice,,고시,nlic_admrul,norm:Notice,true,농촌진흥청,true,nlic_api_20260920k,,,,대표,2100000243108,2024-11,20240624,20240624,고시,고시|농약등의 시험연구기관 지정 및 관리기준
DOC-000803,LAW-KR-000030,농약등의 안전사용기준,v14_출처문서명,admin_rule,notice,,고시,nlic_admrul,norm:Notice,true,농촌진흥청,true,nlic_api,DOC-000086,UNIT-0046993,,,,,,,고시,고시|농약등의 안전사용기준
DOC-000804,LAW-KR-000030,농약의 검사 업무 위탁에 관한 고시,v14_출처문서명,admin_rule,notice,,고시,nlic_admrul,norm:Notice,true,국립농산물품질관리원,true,nlic_api_20260920k,,,,,2100000219832,2023-1,20230215,20230215,고시,고시|농약의 검사 업무 위탁에 관한 고시
DOC-000805,LAW-KR-000030,농약의 검사방법 및 부정불량 농약 처리요령,v14_출처문서명,admin_rule,notice,,고시,nlic_admrul,norm:Notice,true,농촌진흥청,true,nlic_api_20260920k,,,,,2100000284938,2026-22,20260909,20260909,고시,고시|농약의 검사방법 및 부정불량 농약 처리요령
DOC-000806,LAW-KR-000030,농약의 수출입 승인기준,v14_출처문서명,admin_rule,notice,,고시,nlic_admrul,norm:Notice,true,농촌진흥청,true,nlic_api_20260920k,,,,,2100000268532,2025-24,20251121,20251121,고시,고시|농약의 수출입 승인기준
DOC-000807,LAW-KR-000030,농약의 안전사용등에 관한 교육 실시요령,v14_출처문서명,admin_rule,notice,,고시,nlic_admrul,norm:Notice,true,농촌진흥청,true,nlic_api_20260920k,,,,,2100000195495,2020-38,20201210,20201210,고시,고시|농약의 안전사용등에 관한 교육 실시요령
DOC-000808,LAW-KR-000030,농약피해분쟁조정위원회 운영규정,v14_출처문서명,admin_rule,notice,,고시,nlic_admrul,norm:Notice,true,국립농산물품질관리원,true,nlic_api_20260920k,,,,,2100000284548,2026-21,20260901,20260901,고시,고시|농약피해분쟁조정위원회 운영규정
DOC-000809,LAW-KR-000030,농약활용기자재의 지정 및 등록기준,v14_출처문서명,admin_rule,notice,,고시,nlic_admrul,norm:Notice,true,농촌진흥청,true,nlic_api_20260920k,,,,,2100000250902,2024-35,20241213,20241213,고시,고시|농약활용기자재의 지정 및 등록기준
DOC-000810,LAW-KR-000030,농업자원과 농업환경의 실태조사 및 평가 기준,v14_출처문서명,admin_rule,notice,,고시,nlic_admrul,norm:Notice,true,농촌진흥청,true,nlic_api_20260920k,,,,대표,2100000250748,2024-31,20241206,20241206,고시,고시|농업자원과 농업환경의 실태조사 및 평가 기준
DOC-000811,LAW-KR-000030,대러시아 한국산 식용농산물 수출요령,v14_출처문서명,admin_rule,notice,,고시,nlic_admrul,norm:Notice,true,농림축산식품부,true,nlic_api_20260920k,,,,대표,2100000185675,2019-97,20191231,20191231,고시,고시|대러시아 한국산 식용농산물 수출요령
DOC-000812,LAW-KR-000030,부정불량 농약 신고자 포상금 지급기준,v14_출처문서명,admin_rule,notice,,고시,nlic_admrul,norm:Notice,true,국립농산물품질관리원,true,nlic_api_20260920k,,,,,2100000244952,2024-10,20240729,20240729,고시,고시|부정불량 농약 신고자 포상금 지급기준
DOC-000813,LAW-KR-000030,선박의 훈증소독을 위한 소독약품의 안전한 사용을 위한 고시,v14_출처문서명,admin_rule,notice,,고시,nlic_admrul,norm:Notice,true,해양수산부,true,nlic_api,DOC-000543,UNIT-0221379,,,,,,,고시,고시|선박의 훈증소독을 위한 소독약품의 안전한 사용을 위한 고시
DOC-000814,LAW-KR-000030,수출입식물검역소독처리규정,v14_출처문서명,admin_rule,notice,,고시,nlic_admrul,norm:Notice,true,농림축산검역본부,true,nlic_api,DOC-000086,UNIT-0046914,,,,,,,고시,고시|수출입식물검역소독처리규정
DOC-000815,LAW-KR-000030,수출입화물 목재포장재 검역요령,v14_출처문서명,admin_rule,notice,,고시,nlic_admrul,norm:Notice,true,농림축산검역본부,true,nlic_api_20260920k,,,,,2100000252018,2024-57,20241227,20250102,고시,고시|수출입화물 목재포장재 검역요령
DOC-000816,LAW-KR-000030,식물검역용 농약등록을 위한 기관시험 지침,v14_출처문서명,admin_rule,established_rule,,예규,nlic_admrul,norm:EstablishedRule,true,농림축산검역본부,true,nlic_api_20260920k,,,,,2100000259824,223,20250531,20250531,고시,고시|식물검역용 농약등록을 위한 기관시험 지침
DOC-000817,LAW-KR-000030,식품등의 기준 및 규격 재평가 방법 및 절차에 관한 규정,v14_출처문서명,admin_rule,notice,,고시,nlic_admrul,norm:Notice,true,식품의약품안전처,true,nlic_api_20260920k,,,,대표,2100000210350,2022-25,20220331,20230101,고시,고시|식품등의 기준 및 규격 재평가 방법 및 절차에 관한 규정
DOC-000818,LAW-KR-000030,유통 농약의 검사 절차에 관한 고시,v14_출처문서명,admin_rule,notice,,고시,nlic_admrul,norm:Notice,true,국립농산물품질관리원,true,nlic_api_20260920k,,,,,2100000217822,2022-10,20221230,20230101,고시,고시|유통 농약의 검사 절차에 관한 고시
DOC-000819,LAW-KR-000030,유해화학물질의 교역시 사전통보승인절차에 관한 협약에 따른 화학물질의 수출에 관한 규정,v14_출처문서명,admin_rule,notice,,고시,nlic_admrul,norm:Notice,true,환경부,true,nlic_api_20260920k,,,,대표,2100000266508,2025-165,20251001,20251001,고시,고시|유해화학물질의 교역시 사전통보승인절차에 관한 협약에 따른 화학물질의 수출에 관한 규정
DOC-000820,LAW-KR-000030,제조업자·원제업자·수입업자에 대한 부정불량 농약 신고자 포상금 지급기준,v14_출처문서명,admin_rule,notice,,고시,nlic_admrul,norm:Notice,true,농촌진흥청,true,nlic_api_20260920k,,,,,2100000220360,2023-4,20230303,20230303,고시,고시|제조업자·원제업자·수입업자에 대한 부정불량 농약 신고자 포상금 지급기준
DOC-000821,LAW-KR-000030,직권에 의한 농약품목 등록취소 및 제한처분,v14_출처문서명,admin_rule,notice,,고시,nlic_admrul,norm:Notice,true,농촌진흥청,true,nlic_api_20260920k,,,,,2100000278892,2026-9,20260506,20260506,고시,고시|직권에 의한 농약품목 등록취소 및 제한처분
DOC-000822,LAW-KR-000030,통신 또는 전화권유의 방법으로 판매할 수 있는 농약,v14_출처문서명,admin_rule,notice,,고시,nlic_admrul,norm:Notice,true,농촌진흥청,true,nlic_api_20260920k,,,,,2100000194995,2020-32,20201125,20201125,고시,고시|통신 또는 전화권유의 방법으로 판매할 수 있는 농약
DOC-000823,LAW-KR-000030,"항공방제업 관리, 농약피해분쟁조정 및 유통 농약의 검사 업무 재위임 규정",v14_출처문서명,admin_rule,notice,,고시,nlic_admrul,norm:Notice,true,국립농산물품질관리원,true,nlic_api_20260920k,,,,,2100000217818,2022-7,20221229,20230101,고시,"고시|항공방제업 관리, 농약피해분쟁조정 및 유통 농약의 검사 업무 재위임 규정"
DOC-000824,LAW-KR-000030,항공방제업관리규정,v14_출처문서명,admin_rule,notice,,고시,nlic_admrul,norm:Notice,true,국립농산물품질관리원,true,nlic_api,DOC-000086,UNIT-0046983,,대표,,,,,고시,고시|항공방제업관리규정
DOC-000825,LAW-KR-000030,허가등에 따른 특허권 존속기간의 연장제도 운용에 관한 규정,v14_출처문서명,admin_rule,notice,,고시,nlic_admrul,norm:Notice,true,지식재산처,true,nlic_api_20260920k,,,,대표,2100000266340,2025-4,20251030,20251030,고시,고시|허가등에 따른 특허권 존속기간의 연장제도 운용에 관한 규정
DOC-000826,LAW-KR-000030,농약관리법 시행령,v14_출처문서명,statutory,presidential_decree,3,,by_layer,norm:PresidentialDecree,true,,true,nlic_api_20260920t,,,,,277849,35811,20251001,20251001,시행령,시행령|농약관리법 시행령
DOC-000827,LAW-KR-000081,(해양수산부) 손해평가 재평가 결과에 대한 이의신청 처리에 관한 지침,v14_출처문서명,admin_rule,notice,,고시,nlic_admrul,norm:Notice,true,해양수산부,true,nlic_api,DOC-000220,UNIT-0093652,,,,,,,고시,고시|(해양수산부) 손해평가 재평가 결과에 대한 이의신청 처리에 관한 지침
DOC-000828,LAW-KR-000081,농업재해보험 보험목적물별 보상하는 병충해 및 질병규정,v14_출처문서명,admin_rule,notice,,고시,nlic_admrul,norm:Notice,true,농림축산식품부,true,nlic_api,DOC-000220,UNIT-0093816,,,,,,,고시,고시|농업재해보험 보험목적물별 보상하는 병충해 및 질병규정
DOC-000829,LAW-KR-000081,농업재해보험 손해평가요령,v14_출처문서명,admin_rule,notice,,고시,nlic_admrul,norm:Notice,true,농림축산식품부,true,nlic_api,DOC-000220,UNIT-0093611,,,,,,,고시,고시|농업재해보험 손해평가요령
DOC-000830,LAW-KR-000081,양식수산물재해보험 손해평가요령,v14_출처문서명,admin_rule,notice,,고시,nlic_admrul,norm:Notice,true,해양수산부,true,nlic_api,DOC-000220,UNIT-0093611,,,,,,,고시,고시|양식수산물재해보험 손해평가요령
DOC-000831,LAW-KR-000081,양식수산물재해보험의 보험료율 산정을 위한 권역단위 규정,v14_출처문서명,admin_rule,notice,,고시,nlic_admrul,norm:Notice,true,해양수산부,true,nlic_api,DOC-000220,UNIT-0093831,,,,,,,고시,고시|양식수산물재해보험의 보험료율 산정을 위한 권역단위 규정
DOC-000832,LAW-KR-000081,양식수산물재해보험의 보험목적물별 보상 질병 규정,v14_출처문서명,admin_rule,notice,,고시,nlic_admrul,norm:Notice,true,해양수산부,true,nlic_api,DOC-000220,UNIT-0093816,,,,,,,고시,고시|양식수산물재해보험의 보험목적물별 보상 질병 규정
DOC-000833,LAW-KR-000139,간척지 임시사용에 관한 지침,v14_출처문서명,admin_rule,notice,,고시,nlic_admrul,norm:Notice,true,농림축산식품부,true,nlic_api_20260920k,,,,,2100000274096,2026-13,20260202,20260202,고시,고시|간척지 임시사용에 관한 지침
DOC-000834,LAW-KR-000139,개간사업 추진에 관한 규정,v14_출처문서명,admin_rule,notice,,고시,nlic_admrul,norm:Notice,true,농림축산식품부,true,nlic_api_20260920k,,,,,2100000221196,2023-25,20230328,20230328,고시,고시|개간사업 추진에 관한 규정
DOC-000835,LAW-KR-000139,그 밖의 농림수산식품산업 관련 업무에 종사하는 자,v14_출처문서명,admin_rule,notice,,고시,nlic_admrul,norm:Notice,true,농림축산식품부,true,nlic_api_20260920k,,,,,2100000265366,2025-104,20251022,20251027,고시,고시|그 밖의 농림수산식품산업 관련 업무에 종사하는 자
DOC-000836,LAW-KR-000139,농어촌정비사업 측량ㆍ설계 및 공사감리의 위탁 요율 및 대가기준,v14_출처문서명,admin_rule,notice,,고시,nlic_admrul,norm:Notice,true,농림축산식품부,true,nlic_api_20260920k,,,,,2100000274144,2026-19,20260202,20260202,고시,고시|농어촌정비사업 측량ㆍ설계 및 공사감리의 위탁 요율 및 대가기준
DOC-000837,LAW-KR-000139,농업기반시설 안전진단 대가기준,v14_출처문서명,admin_rule,notice,,고시,nlic_admrul,norm:Notice,true,농림축산식품부,true,nlic_api_20260920k,,,,,2100000069649,2016-164,20161216,20161216,고시,고시|농업기반시설 안전진단 대가기준
DOC-000838,LAW-KR-000139,농업생산기반시설 설계기준(농업용 관수로편),v14_출처문서명,admin_rule,notice,,고시,nlic_admrul,norm:Notice,true,농림축산식품부,true,nlic_api,DOC-000012,UNIT-0008736,,,,,,,고시,고시|농업생산기반시설 설계기준(농업용 관수로편)
DOC-000839,LAW-KR-000139,농업생산기반시설 설계기준(농업용 댐편),v14_출처문서명,admin_rule,notice,,고시,nlic_admrul,norm:Notice,true,농림축산식품부,true,nlic_api,DOC-000388,UNIT-0162798,,,,,,,고시,고시|농업생산기반시설 설계기준(농업용 댐편)
DOC-000840,LAW-KR-000139,농업생산기반시설 설계기준(농지관개편),v14_출처문서명,admin_rule,notice,,고시,nlic_admrul,norm:Notice,true,농림축산식품부,true,nlic_api,DOC-000388,UNIT-0162798,,,,,,,고시,고시|농업생산기반시설 설계기준(농지관개편)
DOC-000841,LAW-KR-000139,농업생산기반시설 설계기준(농지배수편),v14_출처문서명,admin_rule,notice,,고시,nlic_admrul,norm:Notice,true,농림축산식품부,true,nlic_api,DOC-000388,UNIT-0162798,,,,,,,고시,고시|농업생산기반시설 설계기준(농지배수편)
DOC-000842,LAW-KR-000139,농업생산기반시설 설계기준(양배수장편),v14_출처문서명,admin_rule,notice,,고시,nlic_admrul,norm:Notice,true,농림축산식품부,true,nlic_api,DOC-000388,UNIT-0162798,,,,,,,고시,고시|농업생산기반시설 설계기준(양배수장편)
DOC-000843,LAW-KR-000139,농업용 저수지 성능개선기준,v14_출처문서명,admin_rule,notice,,고시,nlic_admrul,norm:Notice,true,농림축산식품부,true,nlic_api,DOC-000128,UNIT-0061432,DOC-000736,내용 다름(겹침 88%),,,,,고시,고시|농업용 저수지 성능개선기준
DOC-000844,LAW-KR-000139,농업용 저수지 최소유지관리기준,v14_출처문서명,admin_rule,notice,,고시,nlic_admrul,norm:Notice,true,농림축산식품부,true,nlic_api,DOC-000388,UNIT-0162769,DOC-000737,내용 다름(겹침 80%),,,,,고시,고시|농업용 저수지 최소유지관리기준
DOC-000845,LAW-KR-000139,수자원시설 재평가 지침,v14_출처문서명,admin_rule,notice,,고시,nlic_admrul,norm:Notice,true,기후에너지환경부,true,nlic_api_20260920k,,,DOC-000937,내용 다름(겹침 0%),2100000264994,2025-165,20251001,20251001,고시,고시|수자원시설 재평가 지침
DOC-000846,LAW-KR-000139,주한미군 공여구역주변지역 등 지원 특별법 제10조에 따른 시행 대상 사업 고시,v14_출처문서명,admin_rule,notice,,고시,nlic_admrul,norm:Notice,true,행정안전부,true,nlic_api_20260920k,,,,대표,2100000209712,2022-15,20220228,20220228,고시,고시|주한미군 공여구역주변지역 등 지원 특별법 제10조에 따른 시행 대상 사업 고시
DOC-000847,LAW-KR-000139,하천수 사용허가 세부기준,v14_출처문서명,admin_rule,notice,,고시,nlic_admrul,norm:Notice,true,기후에너지환경부,true,nlic_api_20260920k,,,,대표,2100000265120,2025-165,20251001,20251001,고시,고시|하천수 사용허가 세부기준
DOC-000848,LAW-KR-000018,기존다중이용업소 건축물의 구조상 비상구를 설치할 수 없는 경우에 관한 고시,v14_출처문서명,admin_rule,notice,,고시,nlic_admrul,norm:Notice,true,소방청,true,nlic_api,DOC-000051,UNIT-0027026,,,,,,,고시,고시|기존다중이용업소 건축물의 구조상 비상구를 설치할 수 없는 경우에 관한 고시
DOC-000849,LAW-KR-000018,기존다중이용업소(옥내권총사격장·골프연습장·안마시술소) 건축물의 구조상 비상구를 설치할 수 없는 경우에 관한 기준,v14_출처문서명,admin_rule,notice,,고시,nlic_admrul,norm:Notice,true,소방청,true,nlic_api,DOC-000051,UNIT-0027026,,,,,,,고시,고시|기존다중이용업소(옥내권총사격장·골프연습장·안마시술소) 건축물의 구조상 비상구를 설치할 수 없는 경우에 관한 기준
DOC-000850,LAW-KR-000057,가정용 보일러의 인증 및 검사에 관한 고시,v14_출처문서명,admin_rule,notice,,고시,nlic_admrul,norm:Notice,true,기후에너지환경부,true,nlic_api_20260920k,,,,,2100000266900,2025-165,20251001,20251007,고시,고시|가정용 보일러의 인증 및 검사에 관한 고시
DOC-000851,LAW-KR-000057,고농도 미세먼지 비상저감조치 시행대상 대기오염물질 배출시설에 대한 고시,v14_출처문서명,admin_rule,notice,,고시,nlic_admrul,norm:Notice,true,기후에너지환경부,true,nlic_api_20260920k,,,,대표,2100000267412,2025-165,20251001,20251007,고시,고시|고농도 미세먼지 비상저감조치 시행대상 대기오염물질 배출시설에 대한 고시
DOC-000852,LAW-KR-000057,굴뚝 원격감시체계 관제센터의 기능 및 운영 등에 관한 규정,v14_출처문서명,admin_rule,notice,,고시,nlic_admrul,norm:Notice,true,기후에너지환경부,true,nlic_api_20260920k,,,,대표,2100000270230,2025-64,20251223,20251229,고시,고시|굴뚝 원격감시체계 관제센터의 기능 및 운영 등에 관한 규정
DOC-000853,LAW-KR-000057,대기관리권역 대기환경연구지원단 운영 규정,v14_출처문서명,admin_rule,established_rule,,예규,nlic_admrul,norm:EstablishedRule,true,국립환경과학원,true,nlic_api_20260920k,,,,,2100000283136,914,20260727,20260727,고시,고시|대기관리권역 대기환경연구지원단 운영 규정
DOC-000854,LAW-KR-000057,대기관리권역내 소규모 배출원 규제에서 제외되는 목재연료 난방기기,v14_출처문서명,admin_rule,notice,,고시,nlic_admrul,norm:Notice,true,기후에너지환경부,true,nlic_api_20260920k,,,,대표,2100000266902,2025-165,20251001,20251007,고시,고시|대기관리권역내 소규모 배출원 규제에서 제외되는 목재연료 난방기기
DOC-000855,LAW-KR-000057,대기오염물질 총량관리사업자의 배출허용총량 이전 절차 등에 관한 규정,v14_출처문서명,admin_rule,notice,,고시,nlic_admrul,norm:Notice,true,기후에너지환경부,true,nlic_api_20260920k,,,,,2100000266942,2025-165,20251001,20251007,고시,고시|대기오염물질 총량관리사업자의 배출허용총량 이전 절차 등에 관한 규정
DOC-000856,LAW-KR-000057,배출가스저감장치의 성능유지확인 검사기준 및 검사방법 등에 관한 규정,v14_출처문서명,admin_rule,notice,,고시,nlic_admrul,norm:Notice,true,기후에너지환경부,true,nlic_api_20260920k,,,,대표,2100000267122,2025-165,20251001,20251007,고시,고시|배출가스저감장치의 성능유지확인 검사기준 및 검사방법 등에 관한 규정
DOC-000857,LAW-KR-000057,외부 감축활동의 인정 방법,v14_출처문서명,admin_rule,notice,,고시,nlic_admrul,norm:Notice,true,기후에너지환경부,true,nlic_api_20260920k,,,,,2100000266946,2025-165,20251001,20251007,고시,고시|외부 감축활동의 인정 방법
DOC-000858,LAW-KR-000057,자동차 배출가스 등급 산정방법에 관한 규정,v14_출처문서명,admin_rule,notice,,고시,nlic_admrul,norm:Notice,true,기후에너지환경부,true,nlic_api_20260920k,,,,대표,2100000267120,2025-165,20251001,20251007,고시,고시|자동차 배출가스 등급 산정방법에 관한 규정
DOC-000859,LAW-KR-000057,자동차 연료의 환경품질등급 평가기준,v14_출처문서명,admin_rule,notice,,고시,nlic_admrul,norm:Notice,true,기후에너지환경부,true,nlic_api_20260920k,,,,,2100000267128,2025-165,20251001,20251007,고시,고시|자동차 연료의 환경품질등급 평가기준
DOC-000860,LAW-KR-000057,측정기기 미부착 배출시설의 배출량 산정방법,v14_출처문서명,admin_rule,notice,,고시,nlic_admrul,norm:Notice,true,기후에너지환경부,true,nlic_api_20260920k,,,,대표,2100000266952,2025-165,20251001,20251007,고시,고시|측정기기 미부착 배출시설의 배출량 산정방법
DOC-000861,LAW-KR-000057,특정 용도 자동차로 경유자동차의 사용 제한 특례 등에 관한 규정,v14_출처문서명,admin_rule,notice,,고시,nlic_admrul,norm:Notice,true,기후에너지환경부,true,nlic_api_20260920k,,,,대표,2100000273936,2026-34,20260129,20260129,고시,고시|특정 용도 자동차로 경유자동차의 사용 제한 특례 등에 관한 규정
DOC-000862,LAW-KR-000057,특정경유자동차 등의 저공해 조치 및 보조금 지급 등에 관한 규정,v14_출처문서명,admin_rule,notice,,고시,nlic_admrul,norm:Notice,true,기후에너지환경부,true,nlic_api_20260920k,,,,대표,2100000274712,2026-38,20260211,20260211,고시,고시|특정경유자동차 등의 저공해 조치 및 보조금 지급 등에 관한 규정
DOC-000863,LAW-KR-000154,(기후에너지환경부) 냉매판매량 신고 및 특정물질 제조·수입·판매실적 보고 등에 관한 고시,v14_출처문서명,admin_rule,notice,,고시,nlic_admrul,norm:Notice,true,기후에너지환경부,true,nlic_api_20260920k,,,,,2100000277942,2026-100,20260416,20260422,고시,고시|(기후에너지환경부) 냉매판매량 신고 및 특정물질 제조·수입·판매실적 보고 등에 관한 고시
DOC-000864,LAW-KR-000154,(산업통상자원부) 냉매판매량 신고 및 특정물질 제조·수입·판매실적 보고 등에 관한 고시,v14_출처문서명,admin_rule,notice,,고시,nlic_admrul,norm:Notice,true,산업통상부,true,nlic_api_20260920k,,,,,2100000188188,2020-40,20200331,20200331,고시,고시|(산업통상자원부) 냉매판매량 신고 및 특정물질 제조·수입·판매실적 보고 등에 관한 고시
DOC-000865,LAW-KR-000154,가스열펌프 대기오염물질 저감장치 인증방법 및 절차 등에 관한 규정,v14_출처문서명,admin_rule,notice,,고시,nlic_admrul,norm:Notice,true,기후에너지환경부,true,nlic_api_20260920k,,,,,2100000267558,2025-165,20251001,20251007,고시,고시|가스열펌프 대기오염물질 저감장치 인증방법 및 절차 등에 관한 규정
DOC-000866,LAW-KR-000154,가축분뇨 고체연료시설의 설치 등에 관한 고시,v14_출처문서명,admin_rule,notice,,고시,nlic_admrul,norm:Notice,true,기후에너지환경부,true,nlic_api,DOC-000435,UNIT-0185358,,대표,,,,,고시,고시|가축분뇨 고체연료시설의 설치 등에 관한 고시
DOC-000867,LAW-KR-000154,건설기계 원동기 인증 및 검사 방법과 절차 등에 관한 규정,v14_출처문서명,admin_rule,notice,,고시,nlic_admrul,norm:Notice,true,기후에너지환경부,true,nlic_api_20260920k,,,,,2100000265988,2025-165,20251001,20251007,고시,고시|건설기계 원동기 인증 및 검사 방법과 절차 등에 관한 규정
DOC-000868,LAW-KR-000154,고농도 미세먼지 비상저감조치 시행대상 대기오염물질 배출시설에 대한 고시,v14_출처문서명,admin_rule,notice,,고시,nlic_admrul,norm:Notice,true,기후에너지환경부,true,nlic_api,,,DOC-000851,동일 사본,,,,,고시,고시|고농도 미세먼지 비상저감조치 시행대상 대기오염물질 배출시설에 대한 고시
DOC-000869,LAW-KR-000154,고형연료제품의 사용에 적합하다고 인정하는 시설 고시,v14_출처문서명,admin_rule,notice,,고시,nlic_admrul,norm:Notice,true,기후에너지환경부,true,nlic_api_20260920k,,,,대표,2100000267354,2025-165,20251001,20251001,고시,고시|고형연료제품의 사용에 적합하다고 인정하는 시설 고시
DOC-000870,LAW-KR-000154,공동주택 도장공사 도장방식에 관한 고시,v14_출처문서명,admin_rule,notice,,고시,nlic_admrul,norm:Notice,true,기후에너지환경부,true,nlic_api_20260920k,,,,,2100000268522,2025-29,20251121,20251121,고시,고시|공동주택 도장공사 도장방식에 관한 고시
DOC-000871,LAW-KR-000154,공회전제한장치의 성능인증 시험방법 및 절차 등에 관한 규정,v14_출처문서명,admin_rule,notice,,고시,nlic_admrul,norm:Notice,true,기후에너지환경부,true,nlic_api_20260920k,,,,,2100000267460,2025-165,20251001,20251007,고시,고시|공회전제한장치의 성능인증 시험방법 및 절차 등에 관한 규정
DOC-000872,LAW-KR-000154,국가 대기오염물질 배출정보 관리위원회 규정,v14_출처문서명,admin_rule,established_rule,,예규,nlic_admrul,norm:EstablishedRule,true,국가미세먼지정보센터,true,nlic_api_20260920k,,,,,2100000241208,6,20240529,20240529,고시,고시|국가 대기오염물질 배출정보 관리위원회 규정
DOC-000873,LAW-KR-000154,국가대기환경데이터관리센터 운영 규정,v14_출처문서명,admin_rule,established_rule,,예규,nlic_admrul,norm:EstablishedRule,true,국립환경과학원,true,nlic_api_20260920k,,,,,2100000283060,913,20260727,20260727,고시,고시|국가대기환경데이터관리센터 운영 규정
DOC-000874,LAW-KR-000154,굴뚝 원격감시체계 관제센터의 기능 및 운영 등에 관한 규정,v14_출처문서명,admin_rule,notice,,고시,nlic_admrul,norm:Notice,true,기후에너지환경부,true,nlic_api,,,DOC-000852,동일 사본,,,,,고시,고시|굴뚝 원격감시체계 관제센터의 기능 및 운영 등에 관한 규정
DOC-000875,LAW-KR-000154,기상요소별 기상관측환경 기준 비적용 기상관측,v14_출처문서명,admin_rule,notice,,고시,nlic_admrul,norm:Notice,true,기상청,true,nlic_api_20260920k,,,DOC-000764,내용 다름(겹침 0%),2100000213831,2022-10,20220812,20220812,고시,고시|기상요소별 기상관측환경 기준 비적용 기상관측
DOC-000876,LAW-KR-000154,냉매사용기기의 냉매관리기준 규정,v14_출처문서명,admin_rule,notice,,고시,nlic_admrul,norm:Notice,true,기후에너지환경부,true,nlic_api,DOC-000433,UNIT-0183222,,대표,,,,,고시,고시|냉매사용기기의 냉매관리기준 규정
DOC-000877,LAW-KR-000154,냉매회수 기술인력의 교육 등에 관한 규정,v14_출처문서명,admin_rule,notice,,고시,nlic_admrul,norm:Notice,true,기후에너지환경부,true,nlic_api_20260920k,,,,,2100000265394,2025-165,20251001,20251007,고시,고시|냉매회수 기술인력의 교육 등에 관한 규정
DOC-000878,LAW-KR-000154,냉매회수기기 구조 및 성능기준에 관한 규정,v14_출처문서명,admin_rule,notice,,고시,nlic_admrul,norm:Notice,true,기후에너지환경부,true,nlic_api_20260920k,,,,,2100000265382,2025-165,20251001,20251007,고시,고시|냉매회수기기 구조 및 성능기준에 관한 규정
DOC-000879,LAW-KR-000154,농업기계 원동기 인증 및 검사 방법과 절차 등에 관한 규정,v14_출처문서명,admin_rule,notice,,고시,nlic_admrul,norm:Notice,true,기후에너지환경부,true,nlic_api_20260920k,,,,,2100000265976,2025-165,20251001,20251007,고시,고시|농업기계 원동기 인증 및 검사 방법과 절차 등에 관한 규정
DOC-000880,LAW-KR-000154,대기보전특별대책지역 지정 및 동지역내 대기오염저감을 위한 종합대책 고시,v14_출처문서명,admin_rule,notice,,고시,nlic_admrul,norm:Notice,true,기후에너지환경부,true,nlic_api_20260920k,,,,,2100000266438,2025-165,20251001,20251001,고시,고시|대기보전특별대책지역 지정 및 동지역내 대기오염저감을 위한 종합대책 고시
DOC-000881,LAW-KR-000154,대기오염 방지시설(연소보조장치)의 성능기준 및 검사방법,v14_출처문서명,admin_rule,notice,,고시,nlic_admrul,norm:Notice,true,기후에너지환경부,true,nlic_api_20260920k,,,,,2100000266434,2025-165,20251001,20251001,고시,고시|대기오염 방지시설(연소보조장치)의 성능기준 및 검사방법
DOC-000882,LAW-KR-000154,대기오염 예측·발표의 대상지역 및 기준과 내용 등에 관한 고시,v14_출처문서명,admin_rule,notice,,고시,nlic_admrul,norm:Notice,true,기후에너지환경부,true,nlic_api_20260920k,,,,,2100000265278,2025-165,20251001,20251007,고시,고시|대기오염 예측·발표의 대상지역 및 기준과 내용 등에 관한 고시
DOC-000883,LAW-KR-000154,대기오염물질 배출시설에서 제외되는 밀폐된 진공기반의 용해시설에 대한 고시,v14_출처문서명,admin_rule,notice,,고시,nlic_admrul,norm:Notice,true,기후에너지환경부,true,nlic_api_20260920k,,,,,2100000266436,2025-165,20251001,20251001,고시,고시|대기오염물질 배출시설에서 제외되는 밀폐된 진공기반의 용해시설에 대한 고시
DOC-000884,LAW-KR-000154,"대기오염물질 심사·평가위원회 운영, 절차 및 지정 등에 관한 규정",v14_출처문서명,admin_rule,notice,,고시,nlic_admrul,norm:Notice,true,국립환경과학원,true,nlic_api_20260920k,,,,,2100000276174,2026-9,20260325,20260325,고시,"고시|대기오염물질 심사·평가위원회 운영, 절차 및 지정 등에 관한 규정"
DOC-000885,LAW-KR-000154,대기환경측정망 심사·평가 위원회 운영 규정,v14_출처문서명,admin_rule,established_rule,,예규,nlic_admrul,norm:EstablishedRule,true,국립환경과학원,true,nlic_api_20260920k,,,,,2100000283116,913,20260727,20260727,고시,고시|대기환경측정망 심사·평가 위원회 운영 규정
DOC-000886,LAW-KR-000154,"도료 중 휘발성유기화합물의 함유량 산정방법, 용기 표시사항 등에 관한 고시",v14_출처문서명,admin_rule,notice,,고시,nlic_admrul,norm:Notice,true,국립환경과학원,true,nlic_api_20260920k,,,,,2100000282958,2026-30,20260727,20260727,고시,"고시|도료 중 휘발성유기화합물의 함유량 산정방법, 용기 표시사항 등에 관한 고시"
DOC-000887,LAW-KR-000154,도료 함유 휘발성유기화합물의 면제물질 지정에 관한 규정,v14_출처문서명,admin_rule,established_rule,,예규,nlic_admrul,norm:EstablishedRule,true,국립환경과학원,true,nlic_api_20260920k,,,,,2100000261844,891,20250716,20250716,고시,고시|도료 함유 휘발성유기화합물의 면제물질 지정에 관한 규정
DOC-000888,LAW-KR-000154,배출가스저감장치의 성능유지확인 검사기준 및 검사방법 등에 관한 규정,v14_출처문서명,admin_rule,notice,,고시,nlic_admrul,norm:Notice,true,기후에너지환경부,true,nlic_api,,,DOC-000856,동일 사본,,,,,고시,고시|배출가스저감장치의 성능유지확인 검사기준 및 검사방법 등에 관한 규정
DOC-000889,LAW-KR-000154,배출시설 및 방지시설의 운영과 자가측정에 대한 전산기록·보존에 관한 고시,v14_출처문서명,admin_rule,notice,,고시,nlic_admrul,norm:Notice,true,기후에너지환경부,true,nlic_api_20260920k,,,,대표,2100000267524,2025-165,20251001,20251007,고시,고시|배출시설 및 방지시설의 운영과 자가측정에 대한 전산기록·보존에 관한 고시
DOC-000890,LAW-KR-000154,배출시설의 대기오염물질 배출계수 고시,v14_출처문서명,admin_rule,notice,,고시,nlic_admrul,norm:Notice,true,국립환경과학원,true,nlic_api_20260920k,,,,,2100000281326,2026-21,20260626,20260626,고시,고시|배출시설의 대기오염물질 배출계수 고시
DOC-000891,LAW-KR-000154,부산지방해양수산청 공무용 차량 관리 지침,v14_출처문서명,admin_rule,established_rule,,예규,nlic_admrul,norm:EstablishedRule,true,부산지방해양수산청,true,nlic_api_20260920k,,,DOC-002425,내용 다름(겹침 0%),2100000257992,3,20250417,20250417,고시,고시|부산지방해양수산청 공무용 차량 관리 지침
DOC-000892,LAW-KR-000154,비산배출시설 시설관리기준 정기점검 비용에 관한 규정,v14_출처문서명,admin_rule,notice,,고시,nlic_admrul,norm:Notice,true,기후에너지환경부,true,nlic_api_20260920k,,,,,2100000267032,2025-165,20251001,20251007,고시,고시|비산배출시설 시설관리기준 정기점검 비용에 관한 규정
DOC-000893,LAW-KR-000154,사물인터넷 측정기기 관제센터 운영 규정,v14_출처문서명,admin_rule,notice,,고시,nlic_admrul,norm:Notice,true,기후에너지환경부,true,nlic_api_20260920k,,,,,2100000267414,2025-165,20251001,20251007,고시,고시|사물인터넷 측정기기 관제센터 운영 규정
DOC-000894,LAW-KR-000154,산업용 열병합 발전시설 발전폐열의 지역냉난방 공급 승인에 관한 규정,v14_출처문서명,admin_rule,notice,,고시,nlic_admrul,norm:Notice,true,기후에너지환경부,true,nlic_api_20260920k,,,,대표,2100000267024,2025-165,20251001,20251007,고시,고시|산업용 열병합 발전시설 발전폐열의 지역냉난방 공급 승인에 관한 규정
DOC-000895,LAW-KR-000154,연간 저공해자동차 및 무공해자동차 보급목표,v14_출처문서명,admin_rule,notice,,고시,nlic_admrul,norm:Notice,true,기후에너지환경부,true,nlic_api_20260920k,,,,,2100000271612,2025-95,20260105,20260105,고시,고시|연간 저공해자동차 및 무공해자동차 보급목표
DOC-000896,LAW-KR-000154,연료용 유류 등의 황함유기준,v14_출처문서명,admin_rule,notice,,고시,nlic_admrul,norm:Notice,true,기후에너지환경부,true,nlic_api_20260920k,,,,,2100000267124,2025-165,20251001,20251007,고시,고시|연료용 유류 등의 황함유기준
DOC-000897,LAW-KR-000154,오염토양 반입정화시설의 세부설치기준,v14_출처문서명,admin_rule,notice,,고시,nlic_admrul,norm:Notice,true,기후에너지환경부,true,nlic_api,DOC-000199,UNIT-0088773,,대표,,,,,고시,고시|오염토양 반입정화시설의 세부설치기준
DOC-000898,LAW-KR-000154,운행자동차 배출가스저감장치·저공해엔진 인증방법 및 절차 등에 관한 규정,v14_출처문서명,admin_rule,notice,,고시,nlic_admrul,norm:Notice,true,기후에너지환경부,true,nlic_api_20260920k,,,,,2100000267126,2025-165,20251001,20251007,고시,고시|운행자동차 배출가스저감장치·저공해엔진 인증방법 및 절차 등에 관한 규정
DOC-000899,LAW-KR-000154,운행차 배출가스 검사 시행요령 등에 관한 규정,v14_출처문서명,admin_rule,notice,,고시,nlic_admrul,norm:Notice,true,기후에너지환경부,true,nlic_api_20260920k,,,,대표,2100000275636,2026-48,20260220,20260501,고시,고시|운행차 배출가스 검사 시행요령 등에 관한 규정
DOC-000900,LAW-KR-000154,운행차 수시점검방법과 확인검사대행자 등록에 관한 규정,v14_출처문서명,admin_rule,notice,,고시,nlic_admrul,norm:Notice,true,기후에너지환경부,true,nlic_api_20260920k,,,,대표,2100000267508,2025-165,20251001,20251007,고시,고시|운행차 수시점검방법과 확인검사대행자 등록에 관한 규정
DOC-000901,LAW-KR-000154,유효굴뚝높이 산정방법 고시,v14_출처문서명,admin_rule,notice,,고시,nlic_admrul,norm:Notice,true,국립환경과학원,true,nlic_api_20260920k,,,,,2100000204197,2021-58,20210831,20210831,고시,고시|유효굴뚝높이 산정방법 고시
DOC-000902,LAW-KR-000154,자동차 배출가스 결함확인검사용 자동차 선정 등에 관한 규정,v14_출처문서명,admin_rule,notice,,고시,nlic_admrul,norm:Notice,true,기후에너지환경부,true,nlic_api_20260920k,,,,,2100000265990,2025-165,20251001,20251007,고시,고시|자동차 배출가스 결함확인검사용 자동차 선정 등에 관한 규정
DOC-000903,LAW-KR-000154,자동차 배출가스 등급 산정방법에 관한 규정,v14_출처문서명,admin_rule,notice,,고시,nlic_admrul,norm:Notice,true,기후에너지환경부,true,nlic_api,,,DOC-000858,동일 사본,,,,,고시,고시|자동차 배출가스 등급 산정방법에 관한 규정
DOC-000904,LAW-KR-000154,자동차연료·첨가제 또는 촉매제의 전자적 보고 및 자료제출에 관한 고시,v14_출처문서명,admin_rule,notice,,고시,nlic_admrul,norm:Notice,true,기후에너지환경부,true,nlic_api_20260920k,,,,,2100000267130,2025-165,20251001,20251007,고시,고시|자동차연료·첨가제 또는 촉매제의 전자적 보고 및 자료제출에 관한 고시
DOC-000905,LAW-KR-000154,자동차연료ㆍ첨가제 또는 촉매제의 검사방법 및 절차 등에 관한 규정,v14_출처문서명,admin_rule,notice,,고시,nlic_admrul,norm:Notice,true,국립환경과학원,true,nlic_api_20260920k,,,,,2100000277042,2026-11,20260409,20260409,고시,고시|자동차연료ㆍ첨가제 또는 촉매제의 검사방법 및 절차 등에 관한 규정
DOC-000906,LAW-KR-000154,자동차의 에너지소비효율 및 등급표시에 관한 규정,v14_출처문서명,admin_rule,notice,,고시,nlic_admrul,norm:Notice,true,기후에너지환경부,true,nlic_api_20260920k,,,,대표,2100000281320,2025-61,20251218,20251218,고시,고시|자동차의 에너지소비효율 및 등급표시에 관한 규정
DOC-000907,LAW-KR-000154,자동차의 에너지소비효율 및 온실가스 배출량 시험방법 등에 관한 고시,v14_출처문서명,admin_rule,notice,,고시,nlic_admrul,norm:Notice,true,"국토교통부,산업통상부,기후에너지환경부",true,nlic_api_20260920k,,,,대표,2100000259224,2025-245,20250519,20250519,고시,고시|자동차의 에너지소비효율 및 온실가스 배출량 시험방법 등에 관한 고시
DOC-000908,LAW-KR-000154,자동차제작자 도장시설의 탄화수소 배출허용기준 준수여부 확인을 위한 배출량 산정방법 등,v14_출처문서명,admin_rule,notice,,고시,nlic_admrul,norm:Notice,true,기후에너지환경부,true,nlic_api_20260920k,,,,,2100000023561,2015-121,20150731,20150731,고시,고시|자동차제작자 도장시설의 탄화수소 배출허용기준 준수여부 확인을 위한 배출량 산정방법 등
DOC-000909,LAW-KR-000154,자동차종합검사의 실시 등에 관한 고시,v14_출처문서명,admin_rule,notice,,고시,nlic_admrul,norm:Notice,true,국토교통부,true,nlic_api_20260920k,,,,,2100000188904,2020-370,20200501,20200501,고시,고시|자동차종합검사의 실시 등에 관한 고시
DOC-000910,LAW-KR-000154,장치 또는 부품의 잔존가치에 해당하는 금액의 산정방법,v14_출처문서명,admin_rule,notice,,고시,nlic_admrul,norm:Notice,true,기후에너지환경부,true,nlic_api_20260920k,,,,,2100000267158,2025-165,20251001,20251007,고시,고시|장치 또는 부품의 잔존가치에 해당하는 금액의 산정방법
DOC-000911,LAW-KR-000154,저공해자동차 의무구매·임차 실적 산정방법에 관한 고시,v14_출처문서명,admin_rule,notice,,고시,nlic_admrul,norm:Notice,true,기후에너지환경부,true,nlic_api_20260920k,,,,대표,2100000267624,2025-165,20251105,20251111,고시,고시|저공해자동차 의무구매·임차 실적 산정방법에 관한 고시
DOC-000912,LAW-KR-000154,저공해자동차 표지 등에 관한 규정,v14_출처문서명,admin_rule,notice,,고시,nlic_admrul,norm:Notice,true,기후에너지환경부,true,nlic_api_20260920k,,,,,2100000267576,2025-165,20251105,20251111,고시,고시|저공해자동차 표지 등에 관한 규정
DOC-000913,LAW-KR-000154,저공해자동차의 연료공급시설,v14_출처문서명,admin_rule,notice,,고시,nlic_admrul,norm:Notice,true,기후에너지환경부,true,nlic_api_20260920k,,,,,2100000267602,2025-165,20251105,20251111,고시,고시|저공해자동차의 연료공급시설
DOC-000914,LAW-KR-000154,전기자동차 배터리 반납 등에 관한 고시,v14_출처문서명,admin_rule,notice,,고시,nlic_admrul,norm:Notice,true,기후에너지환경부,true,nlic_api_20260920k,,,,,2100000265160,2025-165,20251001,20251001,고시,고시|전기자동차 배터리 반납 등에 관한 고시
DOC-000915,LAW-KR-000154,전기자동차 보급대상 평가에 관한 규정,v14_출처문서명,admin_rule,notice,,고시,nlic_admrul,norm:Notice,true,기후에너지환경부,true,nlic_api_20260920k,,,,,2100000273558,2026-28,20260126,20260630,고시,고시|전기자동차 보급대상 평가에 관한 규정
DOC-000916,LAW-KR-000154,제작자동차 시험검사 및 절차에 관한 규정,v14_출처문서명,admin_rule,notice,,고시,nlic_admrul,norm:Notice,true,기후에너지환경부,true,nlic_api_20260920k,,,,,2100000265980,2025-165,20251001,20251007,고시,고시|제작자동차 시험검사 및 절차에 관한 규정
DOC-000917,LAW-KR-000154,제작자동차 인증 및 검사 방법과 절차 등에 관한 규정,v14_출처문서명,admin_rule,notice,,고시,nlic_admrul,norm:Notice,true,기후에너지환경부,true,nlic_api_20260920k,,,,대표,2100000274762,2026-47,20260223,20260901,고시,고시|제작자동차 인증 및 검사 방법과 절차 등에 관한 규정
DOC-000918,LAW-KR-000154,주유소 유증기회수설비의 검사방법 등에 관한 규정,v14_출처문서명,admin_rule,notice,,고시,nlic_admrul,norm:Notice,true,기후에너지환경부,true,nlic_api,DOC-000433,UNIT-0183525,,,,,,,고시,고시|주유소 유증기회수설비의 검사방법 등에 관한 규정
DOC-000919,LAW-KR-000154,중·대형 상용차 평균에너지소비효율기준 및 온실가스 기준의 적용·관리 등에 관한 지침,v14_출처문서명,admin_rule,notice,,고시,nlic_admrul,norm:Notice,true,기후에너지환경부,true,nlic_api_20260920k,,,,,2100000266954,2025-165,20251001,20251007,고시,고시|중·대형 상용차 평균에너지소비효율기준 및 온실가스 기준의 적용·관리 등에 관한 지침
DOC-000920,LAW-KR-000154,촉매제(요소수) 및 그 원료인 요소 매점매석행위 금지 등에 관한 고시,v14_출처문서명,admin_rule,notice,,고시,nlic_admrul,norm:Notice,true,재정경제부,true,nlic_api_20260920k,,,,,2100000284458,2026-101,20260901,20260901,고시,고시|촉매제(요소수) 및 그 원료인 요소 매점매석행위 금지 등에 관한 고시
DOC-000921,LAW-KR-000154,측정기기 미부착 배출시설의 배출량 산정방법,v14_출처문서명,admin_rule,notice,,고시,nlic_admrul,norm:Notice,true,기후에너지환경부,true,nlic_api,,,DOC-000860,동일 사본,,,,,고시,고시|측정기기 미부착 배출시설의 배출량 산정방법
DOC-000922,LAW-KR-000154,탄약 비군사화시설의 관리·운영의 위탁 및 폐기 화약류 등의 위탁처리에 관한 기준,v14_출처문서명,admin_rule,notice,,고시,nlic_admrul,norm:Notice,true,국방부,true,nlic_api_20260920k,,,DOC-001165,내용 다름(겹침 0%),2100000275528,2025-39,20251023,20251023,고시,고시|탄약 비군사화시설의 관리·운영의 위탁 및 폐기 화약류 등의 위탁처리에 관한 기준
DOC-000923,LAW-KR-000154,통합관리 대상 배출시설등의 한계배출기준,v14_출처문서명,admin_rule,notice,,고시,nlic_admrul,norm:Notice,true,기후에너지환경부,true,nlic_api_20260920k,,,,대표,2100000265062,2025-165,20251001,20251001,고시,고시|통합관리 대상 배출시설등의 한계배출기준
DOC-000924,LAW-KR-000154,특정 용도 자동차로 경유자동차의 사용 제한 특례 등에 관한 규정,v14_출처문서명,admin_rule,notice,,고시,nlic_admrul,norm:Notice,true,기후에너지환경부,true,nlic_api,,,DOC-000861,동일 사본,,,,,고시,고시|특정 용도 자동차로 경유자동차의 사용 제한 특례 등에 관한 규정
DOC-000925,LAW-KR-000154,특정경유자동차 등의 저공해 조치 및 보조금 지급 등에 관한 규정,v14_출처문서명,admin_rule,notice,,고시,nlic_admrul,norm:Notice,true,기후에너지환경부,true,nlic_api,,,DOC-000862,동일 사본,,,,,고시,고시|특정경유자동차 등의 저공해 조치 및 보조금 지급 등에 관한 규정
DOC-000926,LAW-KR-000154,특허·실용신안 우선심사의 신청에 관한 고시,v14_출처문서명,admin_rule,notice,,고시,nlic_admrul,norm:Notice,true,지식재산처,true,nlic_api_20260920k,,,,대표,2100000275804,2026-3,20260223,20260223,고시,고시|특허·실용신안 우선심사의 신청에 관한 고시
DOC-000927,LAW-KR-000154,폐기물처분부담금 사무처리규정,v14_출처문서명,admin_rule,established_rule,,예규,nlic_admrul,norm:EstablishedRule,true,기후에너지환경부,true,nlic_api_20260920k,,,,대표,2100000267180,4,20251105,20251105,고시,고시|폐기물처분부담금 사무처리규정
DOC-000928,LAW-KR-000154,한국환경보전원 교육수수료,v14_출처문서명,admin_rule,notice,,고시,nlic_admrul,norm:Notice,true,기후에너지환경부,true,nlic_api_20260920k,,,,대표,2100000268116,2025-165,20251001,20251007,고시,고시|한국환경보전원 교육수수료
DOC-000929,LAW-KR-000154,화학물질의 배출량조사 및 산정계수에 관한 규정,v14_출처문서명,admin_rule,notice,,고시,nlic_admrul,norm:Notice,true,기후에너지환경부,true,nlic_api_20260920k,,,,대표,2100000269216,2025-52,20251215,20251215,고시,고시|화학물질의 배출량조사 및 산정계수에 관한 규정
DOC-000930,LAW-KR-000154,화학사고 발생시 환경대기 중 불소화합물 시험방법,v14_출처문서명,admin_rule,established_rule,,예규,nlic_admrul,norm:EstablishedRule,true,국립환경과학원,true,nlic_api_20260920k,,,,,2100000060456,703,20160819,20160819,고시,고시|화학사고 발생시 환경대기 중 불소화합물 시험방법
DOC-000931,LAW-KR-000154,환경개선부담금 면제대상 자동차 등에 관한 규정,v14_출처문서명,admin_rule,notice,,고시,nlic_admrul,norm:Notice,true,기후에너지환경부,true,nlic_api_20260920k,,,,,2100000242300,2024-113,20240607,20240607,고시,고시|환경개선부담금 면제대상 자동차 등에 관한 규정
DOC-000932,LAW-KR-000154,환경오염행위 신고 및 포상금 지급 규정,v14_출처문서명,admin_rule,notice,,고시,nlic_admrul,norm:Notice,true,기후에너지환경부,true,nlic_api_20260920k,,,,대표,2100000269690,2025-60,20260101,20260101,고시,고시|환경오염행위 신고 및 포상금 지급 규정
DOC-000933,LAW-KR-000154,환경위성 관측자료의 검증을 위한 지상원격장비 설치·운영 지침,v14_출처문서명,admin_rule,established_rule,,예규,nlic_admrul,norm:EstablishedRule,true,국립환경과학원,true,nlic_api_20260920k,,,,,2100000216489,846,20221202,20221202,고시,고시|환경위성 관측자료의 검증을 위한 지상원격장비 설치·운영 지침
DOC-000934,LAW-KR-000154,환경위성센터 운영 규정,v14_출처문서명,admin_rule,established_rule,,예규,nlic_admrul,norm:EstablishedRule,true,국립환경과학원,true,nlic_api_20260920k,,,,,2100000268880,899,20251121,20251121,고시,고시|환경위성센터 운영 규정
DOC-000935,LAW-KR-000154,"휘발성 유기화합물 배출시설의 종류, 시설의 규모, 배출억제·방지시설의 설치 등에 관한 규정",v14_출처문서명,admin_rule,notice,,고시,nlic_admrul,norm:Notice,true,기후에너지환경부,true,nlic_api_20260920k,,,,,2100000267020,2025-165,20251001,20251007,고시,"고시|휘발성 유기화합물 배출시설의 종류, 시설의 규모, 배출억제·방지시설의 설치 등에 관한 규정"
DOC-000936,LAW-KR-000154,휘발성유기화합물 배출규제 추가지역 지정에 필요한 세부기준 등에 관한 고시,v14_출처문서명,admin_rule,notice,,고시,nlic_admrul,norm:Notice,true,기후에너지환경부,true,nlic_api_20260920k,,,,,2100000267434,2025-165,20251001,20251007,고시,고시|휘발성유기화합물 배출규제 추가지역 지정에 필요한 세부기준 등에 관한 고시
DOC-000937,LAW-KR-000136,수자원시설 재평가 지침,v14_출처문서명,admin_rule,notice,,고시,nlic_admrul,norm:Notice,true,기후에너지환경부,true,nlic_api,DOC-000379,UNIT-0157986,,대표,,,,,고시,고시|수자원시설 재평가 지침
DOC-000938,LAW-KR-000136,자연·인공지명 정비 및 관리 등에 관한 규정,v14_출처문서명,admin_rule,notice,,고시,nlic_admrul,norm:Notice,true,국토지리정보원,true,nlic_api_20260920k,,,,대표,2100000278620,2026-2143,20260504,20260504,고시,고시|자연·인공지명 정비 및 관리 등에 관한 규정
DOC-000939,LAW-KR-000129,공항안전운영기준,v14_출처문서명,admin_rule,notice,,고시,nlic_admrul,norm:Notice,true,국토교통부,true,nlic_api_20260920k,,,DOC-000659,내용 다름(겹침 0%),2100000261130,2025-366,20250630,20250630,고시,고시|공항안전운영기준
DOC-000940,LAW-KR-000129,교정기관 공무용 차량 관리 지침,v14_출처문서명,admin_rule,established_rule,,예규,nlic_admrul,norm:EstablishedRule,true,법무부,true,nlic_api_20260920k,,,DOC-002184,내용 다름(겹침 0%),2100000250524,1350,20250102,20250102,고시,고시|교정기관 공무용 차량 관리 지침
DOC-000941,LAW-KR-000129,국가인권위원회 개인정보보호 지침,v14_출처문서명,admin_rule,established_rule,,예규,nlic_admrul,norm:EstablishedRule,true,국가인권위원회,true,nlic_api_20260920k,,,,대표,2100000268570,122,20250925,20250925,고시,고시|국가인권위원회 개인정보보호 지침
DOC-000942,LAW-KR-000129,국립재활원 장애인운전교육 규정,v14_출처문서명,admin_rule,established_rule,,예규,nlic_admrul,norm:EstablishedRule,true,국립재활원,true,nlic_api_20260920k,,,,,2100000277182,637,20260407,20260407,고시,고시|국립재활원 장애인운전교육 규정
DOC-000943,LAW-KR-000129,동물운송 세부규정,v14_출처문서명,admin_rule,notice,,고시,nlic_admrul,norm:Notice,true,농림축산식품부,true,nlic_api_20260920k,,,,,2100000277268,2026-43,20260408,20260408,고시,고시|동물운송 세부규정
DOC-000944,LAW-KR-000129,운전경력 입증자료 및 확인사항에 관한 기준고시,v14_출처문서명,admin_rule,notice,,고시,nlic_admrul,norm:Notice,true,경찰청,true,nlic_api_20260920k,,,,,2100000274502,2026-3,20260223,20260319,고시,고시|운전경력 입증자료 및 확인사항에 관한 기준고시
DOC-000945,LAW-KR-000129,저공해자동차 의무구매·임차 실적 산정방법에 관한 고시,v14_출처문서명,admin_rule,notice,,고시,nlic_admrul,norm:Notice,true,기후에너지환경부,true,nlic_api,,,DOC-000911,동일 사본,,,,,고시,고시|저공해자동차 의무구매·임차 실적 산정방법에 관한 고시
DOC-000946,LAW-KR-000129,졸음쉼터 설치 및 관리지침,v14_출처문서명,admin_rule,established_rule,,예규,nlic_admrul,norm:EstablishedRule,true,국토교통부,true,nlic_api,DOC-000313,UNIT-0122499,DOC-000976,내용 다름(겹침 47%),,,,,고시,고시|졸음쉼터 설치 및 관리지침
DOC-000947,LAW-KR-000129,주유소 등의 이동판매 대상에 관한 고시,v14_출처문서명,admin_rule,notice,,고시,nlic_admrul,norm:Notice,true,산업통상부,true,nlic_api_20260920k,,,,대표,2100000270016,2025-36,20251224,20251224,고시,고시|주유소 등의 이동판매 대상에 관한 고시
DOC-000948,LAW-KR-000129,"철도사고·장애, 철도차량고장 등에 따른 의무보고 및 철도안전 자율보고에 관한 지침",v14_출처문서명,admin_rule,notice,,고시,nlic_admrul,norm:Notice,true,국토교통부,true,nlic_api_20260920k,,,DOC-002833,내용 다름(겹침 0%),2100000198825,2021-350,20210309,20210309,고시,"고시|철도사고·장애, 철도차량고장 등에 따른 의무보고 및 철도안전 자율보고에 관한 지침"
DOC-000949,LAW-KR-000129,어린이ㆍ노인 및 장애인 보호구역의 지정 및 관리에 관한 규칙,v14_출처문서명,statutory,ministerial_ordinance,4,,by_layer,norm:SeparateMinisterialRule,true,,true,nlic_api_20260917,,,,,264655,01370,20240731,20240731,부령규칙,부령규칙|어린이ㆍ노인 및 장애인 보호구역의 지정 및 관리에 관한 규칙
DOC-000950,LAW-KR-000114,건설공사 타당성 조사 지침,v14_출처문서명,admin_rule,notice,,고시,nlic_admrul,norm:Notice,true,국토교통부,true,nlic_api_20260920k,,,,대표,2100000282384,2026-360,20260708,20260708,고시,고시|건설공사 타당성 조사 지침
DOC-000951,LAW-KR-000114,고속국도 등 도로 노선번호 및 노선명 관리지침,v14_출처문서명,admin_rule,established_rule,,예규,nlic_admrul,norm:EstablishedRule,true,국토교통부,true,nlic_api_20260920k,,,,,2100000246854,408,20240906,20240906,고시,고시|고속국도 등 도로 노선번호 및 노선명 관리지침
DOC-000952,LAW-KR-000114,고속도로 통행요금 산정기준,v14_출처문서명,admin_rule,notice,,고시,nlic_admrul,norm:Notice,true,국토교통부,true,nlic_api_20260920k,,,,,2100000282394,2026-360,20260708,20260708,고시,고시|고속도로 통행요금 산정기준
DOC-000953,LAW-KR-000114,공사구간 및 포장면적 계산의 구체적인 방법,v14_출처문서명,admin_rule,notice,,고시,nlic_admrul,norm:Notice,true,기후에너지환경부,true,nlic_api_20260920k,,,,,2100000266568,2025-165,20251001,20251007,고시,고시|공사구간 및 포장면적 계산의 구체적인 방법
DOC-000954,LAW-KR-000114,교통사고원인조사지침,v14_출처문서명,admin_rule,notice,,고시,nlic_admrul,norm:Notice,true,국토교통부,true,nlic_api_20260920k,,,DOC-000706,내용 다름(겹침 0%),2100000172449,2018-805,20181213,20181213,고시,고시|교통사고원인조사지침
DOC-000955,LAW-KR-000114,교통안전관리규정 심사지침,v14_출처문서명,admin_rule,notice,,고시,nlic_admrul,norm:Notice,true,국토교통부,true,nlic_api_20260920k,,,DOC-000708,내용 다름(겹침 0%),2100000204170,2021-1064,20210907,20210907,고시,고시|교통안전관리규정 심사지침
DOC-000956,LAW-KR-000114,도로 건설사업명 관리지침,v14_출처문서명,admin_rule,established_rule,,예규,nlic_admrul,norm:EstablishedRule,true,국토교통부,true,nlic_api_20260920k,,,,,2100000257384,418,20250318,20250318,고시,고시|도로 건설사업명 관리지침
DOC-000957,LAW-KR-000114,도로 및 보수현황 조사 지침,v14_출처문서명,admin_rule,established_rule,,예규,nlic_admrul,norm:EstablishedRule,true,국토교통부,true,nlic_api_20260920k,,,,,2100000241832,398,20240529,20240529,고시,고시|도로 및 보수현황 조사 지침
DOC-000958,LAW-KR-000114,도로교통량 조사지침,v14_출처문서명,admin_rule,established_rule,,예규,nlic_admrul,norm:EstablishedRule,true,국토교통부,true,nlic_api_20260920k,,,,,2100000276332,457,20260327,20260327,고시,고시|도로교통량 조사지침
DOC-000959,LAW-KR-000114,도로구간 등의 설정·변경에 관한 세부기준,v14_출처문서명,admin_rule,established_rule,,예규,nlic_admrul,norm:EstablishedRule,true,행정안전부,true,nlic_api_20260920k,,,,대표,2100000269332,345,20251210,20251210,고시,고시|도로구간 등의 설정·변경에 관한 세부기준
DOC-000960,LAW-KR-000114,도로상 작업구 설치 및 관리지침,v14_출처문서명,admin_rule,notice,,지침,nlic_admrul_미배치,norm:AdministrativeRule,true,국토교통부,true,nlic_api,DOC-000313,UNIT-0122291,,,,,,,고시,고시|도로상 작업구 설치 및 관리지침
DOC-000961,LAW-KR-000114,도로시설 성능개선기준,v14_출처문서명,admin_rule,notice,,고시,nlic_admrul,norm:Notice,true,국토교통부,true,nlic_api,DOC-000313,UNIT-0122292,DOC-000740,내용 다름(겹침 80%),,,,,고시,고시|도로시설 성능개선기준
DOC-000962,LAW-KR-000114,도로시설 최소유지관리기준,v14_출처문서명,admin_rule,notice,,고시,nlic_admrul,norm:Notice,true,국토교통부,true,nlic_api,DOC-000313,UNIT-0122816,DOC-000741,내용 다름(겹침 79%),,,,,고시,고시|도로시설 최소유지관리기준
DOC-000963,LAW-KR-000114,도로정책심의위원회 운영세칙,v14_출처문서명,admin_rule,notice,,고시,nlic_admrul,norm:Notice,true,국토교통부,true,nlic_api_20260920k,,,,,2100000203340,2021-994,20210729,20210729,고시,고시|도로정책심의위원회 운영세칙
DOC-000964,LAW-KR-000114,도로터널의 화재안전성능기준(NFPC 603),v14_출처문서명,admin_rule,notice,,고시,nlic_admrul,norm:Notice,true,소방청,true,nlic_api,DOC-000024,UNIT-0016622,,,,,,,고시,고시|도로터널의 화재안전성능기준(NFPC 603)
DOC-000965,LAW-KR-000114,동물 찻길 사고(로드킬) 조사 및 관리 지침,v14_출처문서명,admin_rule,established_rule,,예규,nlic_admrul,norm:EstablishedRule,true,"기후에너지환경부,국토교통부",true,nlic_api_20260920k,,,,,2100000268550,4,20251120,20251126,고시,고시|동물 찻길 사고(로드킬) 조사 및 관리 지침
DOC-000966,LAW-KR-000114,민자도로의 유지·관리 및 운영 기준,v14_출처문서명,admin_rule,notice,,고시,nlic_admrul,norm:Notice,true,국토교통부,true,nlic_api,DOC-000313,UNIT-0122345,,,,,,,고시,고시|민자도로의 유지·관리 및 운영 기준
DOC-000967,LAW-KR-000114,배수성·저소음 아스팔트 콘크리트 포장 구조 및 설치 기준,v14_출처문서명,admin_rule,notice,,고시,nlic_admrul,norm:Notice,true,국토교통부,true,nlic_api,DOC-000313,UNIT-0122114,,,,,,,고시,고시|배수성·저소음 아스팔트 콘크리트 포장 구조 및 설치 기준
DOC-000968,LAW-KR-000114,버스정보시스템의 기반정보 구축 및 관리요령,v14_출처문서명,admin_rule,notice,,고시,nlic_admrul,norm:Notice,true,국토교통부,true,nlic_api_20260920k,,,,대표,2100000198262,2021-200,20210222,20210222,고시,고시|버스정보시스템의 기반정보 구축 및 관리요령
DOC-000969,LAW-KR-000114,빛공해 방지를 위한 가로등 설치·관리 권고기준,v14_출처문서명,admin_rule,notice,,고시,nlic_admrul,norm:Notice,true,기후에너지환경부,true,nlic_api_20260920k,,,,,2100000265332,2025-165,20251001,20251007,고시,고시|빛공해 방지를 위한 가로등 설치·관리 권고기준
DOC-000970,LAW-KR-000114,사설안내표지 설치 및 관리지침,v14_출처문서명,admin_rule,established_rule,,예규,nlic_admrul,norm:EstablishedRule,true,국토교통부,true,nlic_api_20260920k,,,,,2100000258176,419,20250425,20250425,고시,고시|사설안내표지 설치 및 관리지침
DOC-000971,LAW-KR-000114,산지전용시 기존도로를 이용할 필요가 없는 시설 및 기준,v14_출처문서명,admin_rule,notice,,고시,nlic_admrul,norm:Notice,true,산림청,true,nlic_api_20260920k,,,,대표,2100000116309,2018-25,20180228,20180228,고시,고시|산지전용시 기존도로를 이용할 필요가 없는 시설 및 기준
DOC-000972,LAW-KR-000114,신고하지 아니하고 개설할 수 있는 무선국용 무선기기,v14_출처문서명,admin_rule,notice,,고시,nlic_admrul,norm:Notice,true,과학기술정보통신부,true,nlic_api_20260920k,,,,대표,2100000274460,2026-9,20260210,20260210,고시,고시|신고하지 아니하고 개설할 수 있는 무선국용 무선기기
DOC-000973,LAW-KR-000114,원자력시설 주변에 산업시설 등의 설치협의에 관한 규정,v14_출처문서명,admin_rule,notice,,고시,nlic_admrul,norm:Notice,true,원자력안전위원회,true,nlic_api_20260920k,,,,대표,2100000273204,2026-8,20260120,20260120,고시,고시|원자력시설 주변에 산업시설 등의 설치협의에 관한 규정
DOC-000974,LAW-KR-000114,자가전기통신설비 목적외 사용의 특례 범위,v14_출처문서명,admin_rule,notice,,고시,nlic_admrul,norm:Notice,true,과학기술정보통신부,true,nlic_api_20260920k,,,,,2100000176633,2019-15,20190315,20190315,고시,고시|자가전기통신설비 목적외 사용의 특례 범위
DOC-000975,LAW-KR-000114,자율주행자동차 상용화 촉진 및 지원에 관한 규정,v14_출처문서명,admin_rule,notice,,고시,nlic_admrul,norm:Notice,true,국토교통부,true,nlic_api_20260920k,,,,,2100000243894,2024-368,20240704,20240710,고시,고시|자율주행자동차 상용화 촉진 및 지원에 관한 규정
DOC-000976,LAW-KR-000114,졸음쉼터 설치 및 관리지침,v14_출처문서명,admin_rule,established_rule,,예규,nlic_admrul,norm:EstablishedRule,true,국토교통부,true,nlic_api,DOC-000313,UNIT-0122499,,대표,,,,,고시,고시|졸음쉼터 설치 및 관리지침
DOC-000977,LAW-KR-000114,지능형교통체계 표준 노드·링크 구축 및 관리지침,v14_출처문서명,admin_rule,notice,,고시,nlic_admrul,norm:Notice,true,국토교통부,true,nlic_api_20260920k,,,,,2100000218571,2023-23,20230106,20230106,고시,고시|지능형교통체계 표준 노드·링크 구축 및 관리지침
DOC-000978,LAW-KR-000114,차량 사고원인자의 도로시설물 복구 업무처리 지침,v14_출처문서명,admin_rule,established_rule,,예규,nlic_admrul,norm:EstablishedRule,true,국토교통부,true,nlic_api_20260920k,,,,,2100000247198,409,20240913,20240913,고시,고시|차량 사고원인자의 도로시설물 복구 업무처리 지침
DOC-000979,LAW-KR-000114,차량영상정보 공동이용을 위한 관리계획 수립 기준,v14_출처문서명,admin_rule,notice,,고시,nlic_admrul,norm:Notice,true,국토교통부,true,nlic_api_20260920k,,,,,2100000064389,2016-736,20161104,20161104,고시,고시|차량영상정보 공동이용을 위한 관리계획 수립 기준
DOC-000980,LAW-KR-000114,행정안전부장관이 방재시설의 유지·관리를 위하여 필요하다고 인정하는 시설,v14_출처문서명,admin_rule,notice,,고시,nlic_admrul,norm:Notice,true,행정안전부,true,nlic_api_20260920k,,,DOC-001609,내용 다름(겹침 0%),2100000177899,2019-37,20190424,20190424,고시,고시|행정안전부장관이 방재시설의 유지·관리를 위하여 필요하다고 인정하는 시설
DOC-000981,LAW-KR-000114,행정안전부장관이 정하는 방재성능 평가 대상 시설,v14_출처문서명,admin_rule,notice,,고시,nlic_admrul,norm:Notice,true,행정안전부,true,nlic_api_20260920k,,,DOC-001610,내용 다름(겹침 0%),2100000179588,2019-55,20190628,20190628,고시,고시|행정안전부장관이 정하는 방재성능 평가 대상 시설
DOC-000984,LAW-KR-000188,국가데이터처 도서관 운영 및 정부간행물 관리에 관한 규정,v14_출처문서명,admin_rule,established_rule,,예규,nlic_admrul,norm:EstablishedRule,true,국가데이터처,true,nlic_api_20260920k,,,,,2100000272032,1,20251205,20251205,고시,고시|국가데이터처 도서관 운영 및 정부간행물 관리에 관한 규정
DOC-000985,LAW-KR-000188,국립과학수사연구원 정보자료실 운영 관리 규정,v14_출처문서명,admin_rule,established_rule,,예규,nlic_admrul,norm:EstablishedRule,true,국립과학수사연구원,true,nlic_api_20260920k,,,,,2100000209558,488,20220222,20220222,고시,고시|국립과학수사연구원 정보자료실 운영 관리 규정
DOC-000986,LAW-KR-000188,국립문화유산연구원 국가유산학술도서관 운영 규정,v14_출처문서명,admin_rule,notice,,지침,nlic_admrul_미배치,norm:AdministrativeRule,true,국립문화유산연구원,true,nlic_api_20260920k,,,,,2100000270690,13,20251229,20251229,고시,고시|국립문화유산연구원 국가유산학술도서관 운영 규정
DOC-000987,LAW-KR-000188,국립생물자원관 생물다양성도서관 운영 및 정부간행물 관리 규정,v14_출처문서명,admin_rule,established_rule,,예규,nlic_admrul,norm:EstablishedRule,true,국립생물자원관,true,nlic_api_20260920k,,,,,2100000248032,259,20241008,20241008,고시,고시|국립생물자원관 생물다양성도서관 운영 및 정부간행물 관리 규정
DOC-000988,LAW-KR-000188,국립세종도서관 자료 등록정리 규정,v14_출처문서명,admin_rule,notice,,규정,nlic_admrul_미배치,norm:AdministrativeRule,true,국립세종도서관,true,nlic_api_20260920k,,,,,2100000280566,43,20260610,20260610,고시,고시|국립세종도서관 자료 등록정리 규정
DOC-000989,LAW-KR-000188,국립장애인도서관 사무분장규정,v14_출처문서명,admin_rule,notice,,규정,nlic_admrul_미배치,norm:AdministrativeRule,true,국립장애인도서관,true,nlic_api_20260920k,,,,,2100000189843,1,20200609,20200609,고시,고시|국립장애인도서관 사무분장규정
DOC-000990,LAW-KR-000188,국립장애인도서관 자료등록규정,v14_출처문서명,admin_rule,notice,,규정,nlic_admrul_미배치,norm:AdministrativeRule,true,국립장애인도서관,true,nlic_api_20260920k,,,,,2100000189850,8,20200609,20200609,고시,고시|국립장애인도서관 자료등록규정
DOC-000991,LAW-KR-000188,국립장애인도서관 자료의 수집 및 관리에 관한 규정,v14_출처문서명,admin_rule,notice,,규정,nlic_admrul_미배치,norm:AdministrativeRule,true,국립장애인도서관,true,nlic_api_20260920k,,,,,2100000262126,28,20250725,20250725,고시,고시|국립장애인도서관 자료의 수집 및 관리에 관한 규정
DOC-000992,LAW-KR-000188,국립중앙도서관 소장자료 디지털화 및 지식공유기반 구축에 관한 규정,v14_출처문서명,admin_rule,notice,,규정,nlic_admrul_미배치,norm:AdministrativeRule,true,국립중앙도서관,true,nlic_api_20260920k,,,,,2100000221100,645,20230324,20230324,고시,고시|국립중앙도서관 소장자료 디지털화 및 지식공유기반 구축에 관한 규정
DOC-000993,LAW-KR-000188,국립중앙도서관 수탁 자료의 보관 및 활용에 관한 규정,v14_출처문서명,admin_rule,established_rule,,예규,nlic_admrul,norm:EstablishedRule,true,문화체육관광부,true,nlic_api_20260920k,,,,,2100000279060,691,20260513,20260513,고시,고시|국립중앙도서관 수탁 자료의 보관 및 활용에 관한 규정
DOC-000994,LAW-KR-000188,국립중앙도서관 연속간행물 수집처리규정,v14_출처문서명,admin_rule,notice,,규정,nlic_admrul_미배치,norm:AdministrativeRule,true,국립중앙도서관,true,nlic_api_20260920k,,,,,2100000221116,646,20230324,20230324,고시,고시|국립중앙도서관 연속간행물 수집처리규정
DOC-000995,LAW-KR-000188,국립중앙도서관 자료 납본 수집 규정,v14_출처문서명,admin_rule,notice,,규정,nlic_admrul_미배치,norm:AdministrativeRule,true,국립중앙도서관,true,nlic_api_20260920k,,,,,2100000258322,679,20250509,20250509,고시,고시|국립중앙도서관 자료 납본 수집 규정
DOC-000996,LAW-KR-000188,국립중앙도서관 자료등록규정,v14_출처문서명,admin_rule,notice,,규정,nlic_admrul_미배치,norm:AdministrativeRule,true,국립중앙도서관,true,nlic_api_20260920k,,,,,2100000280722,696,20260701,20260701,고시,고시|국립중앙도서관 자료등록규정
DOC-000997,LAW-KR-000188,국립중앙도서관 통계규정,v14_출처문서명,admin_rule,notice,,규정,nlic_admrul_미배치,norm:AdministrativeRule,true,국립중앙도서관,true,nlic_api_20260920k,,,,,2100000205165,605,20210924,20210924,고시,고시|국립중앙도서관 통계규정
DOC-000998,LAW-KR-000188,국립중앙박물관 도서관 운영규정,v14_출처문서명,admin_rule,established_rule,,예규,nlic_admrul,norm:EstablishedRule,true,국립중앙박물관,true,nlic_api_20260920k,,,,,2100000279398,286,20260402,20260402,고시,고시|국립중앙박물관 도서관 운영규정
DOC-000999,LAW-KR-000188,국방부 특수기록관 운영 및 기록물관리 보안·재난관리 예규,v14_출처문서명,admin_rule,established_rule,,예규,nlic_admrul,norm:EstablishedRule,true,국방부,true,nlic_api,DOC-000533,UNIT-0217793,,,,,,,고시,고시|국방부 특수기록관 운영 및 기록물관리 보안·재난관리 예규
DOC-001000,LAW-KR-000188,농림축산검역본부 도서관 운영규정,v14_출처문서명,admin_rule,established_rule,,예규,nlic_admrul,norm:EstablishedRule,true,농림축산검역본부,true,nlic_api_20260920k,,,,,2000000098602,11,20130323,20130323,고시,고시|농림축산검역본부 도서관 운영규정
DOC-001001,LAW-KR-000188,도서관자료 국제교류업무규정,v14_출처문서명,admin_rule,notice,,규정,nlic_admrul_미배치,norm:AdministrativeRule,true,국립중앙도서관,true,nlic_api_20260920k,,,,,2100000236824,669,20240229,20240229,고시,고시|도서관자료 국제교류업무규정
DOC-001002,LAW-KR-000188,도서관자료심의위원회 운영세칙,v14_출처문서명,admin_rule,notice,,규정,nlic_admrul_미배치,norm:AdministrativeRule,true,국립중앙도서관,true,nlic_api_20260920k,,,,,2100000258252,680,20250509,20250509,고시,고시|도서관자료심의위원회 운영세칙
DOC-001003,LAW-KR-000188,디지털파일 형태의 도서관자료 보상기준 등에 관한 고시,v14_출처문서명,admin_rule,notice,,고시,nlic_admrul,norm:Notice,true,국립장애인도서관,true,nlic_api_20260920k,,,,,2100000218904,2023-1,20230120,20230120,고시,고시|디지털파일 형태의 도서관자료 보상기준 등에 관한 고시
DOC-001004,LAW-KR-000188,사서교육훈련 운영규정,v14_출처문서명,admin_rule,notice,,규정,nlic_admrul_미배치,norm:AdministrativeRule,true,국립중앙도서관,true,nlic_api_20260920k,,,,,2100000270168,686,20251224,20251224,고시,고시|사서교육훈련 운영규정
DOC-001005,LAW-KR-000188,"수집대상 온라인 자료의 종류, 형태에 관한 고시",v14_출처문서명,admin_rule,notice,,고시,nlic_admrul,norm:Notice,true,국립중앙도서관,true,nlic_api_20260920k,,,,,2100000216963,2022-2,20221220,20221220,고시,"고시|수집대상 온라인 자료의 종류, 형태에 관한 고시"
DOC-001006,LAW-KR-000188,정보자료실 운영 및 관리에 관한 규정,v14_출처문서명,admin_rule,established_rule,,예규,nlic_admrul,norm:EstablishedRule,true,국립환경과학원,true,nlic_api_20260920k,,,,,2100000283086,913,20260727,20260727,고시,고시|정보자료실 운영 및 관리에 관한 규정
DOC-001007,LAW-KR-000188,책이음서비스 운영규정,v14_출처문서명,admin_rule,established_rule,,예규,nlic_admrul,norm:EstablishedRule,true,국립중앙도서관,true,nlic_api_20260920k,,,,,2100000236786,667,20240229,20240229,고시,고시|책이음서비스 운영규정
DOC-001008,LAW-KR-000188,"한국문헌번호의 부여대상, 절차, 표시방법 등에 관한 고시",v14_출처문서명,admin_rule,notice,,고시,nlic_admrul,norm:Notice,true,국립중앙도서관,true,nlic_api_20260920k,,,,,2100000221156,2023-1,20230324,20230324,고시,"고시|한국문헌번호의 부여대상, 절차, 표시방법 등에 관한 고시"
DOC-001009,LAW-KR-000188,한국서지표준센터 설치 및 운영규정,v14_출처문서명,admin_rule,notice,,규정,nlic_admrul_미배치,norm:AdministrativeRule,true,국립중앙도서관,true,nlic_api_20260920k,,,,,2100000221154,653,20230324,20230324,고시,고시|한국서지표준센터 설치 및 운영규정
DOC-001010,LAW-KR-000188,국립장애인도서관 이용규칙,v14_출처문서명,statutory,ministerial_ordinance,4,,by_layer,norm:SeparateMinisterialRule,true,,true,nlic_api,,,,,,,,,부령규칙,부령규칙|국립장애인도서관 이용규칙
DOC-001011,LAW-KR-000003,가스 분야 개인정보 전송에 관한 고시,v14_출처문서명,admin_rule,notice,,고시,nlic_admrul,norm:Notice,true,"개인정보보호위원회,산업통상부",true,nlic_api_20260920k,,,,,2100000280042,2026-8,20260601,20260601,고시,고시|가스 분야 개인정보 전송에 관한 고시
DOC-001012,LAW-KR-000003,가스공급설비 성능개선기준,v14_출처문서명,admin_rule,notice,,고시,nlic_admrul,norm:Notice,true,산업통상부,true,nlic_api,DOC-000006,UNIT-0005096,DOC-000724,일부 사본,,,,,고시,고시|가스공급설비 성능개선기준
DOC-001013,LAW-KR-000003,가스공급설비 최소유지관리기준,v14_출처문서명,admin_rule,notice,,고시,nlic_admrul,norm:Notice,true,산업통상부,true,nlic_api,DOC-000006,UNIT-0005096,DOC-000725,일부 사본,,,,,고시,고시|가스공급설비 최소유지관리기준
DOC-001014,LAW-KR-000003,가스누설경보기의 형식승인 및 제품검사의 기술기준,v14_출처문서명,admin_rule,notice,,고시,nlic_admrul,norm:Notice,true,소방청,true,nlic_api_20260920k,,,,,2100000251368,2024-53,20241230,20241230,고시,고시|가스누설경보기의 형식승인 및 제품검사의 기술기준
DOC-001015,LAW-KR-000003,가스누설경보기의 화재안전성능기준(NFPC 206),v14_출처문서명,admin_rule,notice,,고시,nlic_admrul,norm:Notice,true,소방청,true,nlic_api_20260920k,,,,,2100000216098,2022-50,20221125,20221201,고시,고시|가스누설경보기의 화재안전성능기준(NFPC 206)
DOC-001016,LAW-KR-000003,감지기의 우수품질인증 기술기준,v14_출처문서명,admin_rule,notice,,고시,nlic_admrul,norm:Notice,true,소방청,true,nlic_api_20260920k,,,,대표,2100000215813,2022-30,20221201,20221201,고시,고시|감지기의 우수품질인증 기술기준
DOC-001017,LAW-KR-000003,경종의 우수품질인증 기술기준,v14_출처문서명,admin_rule,notice,,고시,nlic_admrul,norm:Notice,true,소방청,true,nlic_api_20260920k,,,,대표,2100000215814,2022-30,20221201,20221201,고시,고시|경종의 우수품질인증 기술기준
DOC-001018,LAW-KR-000003,경종의 형식승인 및 제품검사의 기술기준,v14_출처문서명,admin_rule,notice,,고시,nlic_admrul,norm:Notice,true,소방청,true,nlic_api_20260920k,,,,대표,2100000238712,2024-7,20240409,20240409,고시,고시|경종의 형식승인 및 제품검사의 기술기준
DOC-001019,LAW-KR-000003,누전경보기의 형식승인 및 제품검사의 기술기준,v14_출처문서명,admin_rule,notice,,고시,nlic_admrul,norm:Notice,true,소방청,true,nlic_api_20260920k,,,,대표,2100000251302,2024-54,20241230,20241230,고시,고시|누전경보기의 형식승인 및 제품검사의 기술기준
DOC-001020,LAW-KR-000003,도시가스 중압배관 정밀안전진단의 절차·방법 등 고시,v14_출처문서명,admin_rule,notice,,고시,nlic_admrul,norm:Notice,true,산업통상부,true,nlic_api,DOC-000006,UNIT-0005022,,,,,,,고시,고시|도시가스 중압배관 정밀안전진단의 절차·방법 등 고시
DOC-001021,LAW-KR-000003,도시가스요금 경감지원금액 한도 산정 등에 관한 지침,v14_출처문서명,admin_rule,notice,,고시,nlic_admrul,norm:Notice,true,산업통상부,true,nlic_api_20260920k,,,,,2100000268902,2025-24,20251128,20251201,고시,고시|도시가스요금 경감지원금액 한도 산정 등에 관한 지침
DOC-001022,LAW-KR-000003,도시가스의 품질기준 등에 관한 고시,v14_출처문서명,admin_rule,notice,,고시,nlic_admrul,norm:Notice,true,산업통상부,true,nlic_api_20260920k,,,,,2100000186534,2020-12,20200203,20200311,고시,고시|도시가스의 품질기준 등에 관한 고시
DOC-001023,LAW-KR-000003,발신기의 우수품질인증 기술기준,v14_출처문서명,admin_rule,notice,,고시,nlic_admrul,norm:Notice,true,소방청,true,nlic_api_20260920k,,,,,2100000215847,2022-30,20221201,20221201,고시,고시|발신기의 우수품질인증 기술기준
DOC-001024,LAW-KR-000003,발신기의 형식승인 및 제품검사의 기술기준,v14_출처문서명,admin_rule,notice,,고시,nlic_admrul,norm:Notice,true,소방청,true,nlic_api_20260920k,,,,대표,2100000238754,2024-9,20240409,20240409,고시,고시|발신기의 형식승인 및 제품검사의 기술기준
DOC-001025,LAW-KR-000003,비상조명등의 형식승인 및 제품검사의 기술기준,v14_출처문서명,admin_rule,notice,,고시,nlic_admrul,norm:Notice,true,소방청,true,nlic_api_20260920k,,,,,2100000240004,2024-17,20240507,20240507,고시,고시|비상조명등의 형식승인 및 제품검사의 기술기준
DOC-001026,LAW-KR-000003,액화석유가스 배관망공급사업 등에 관한 운영요령,v14_출처문서명,admin_rule,notice,,고시,nlic_admrul,norm:Notice,true,산업통상부,true,nlic_api_20260920k,,,,,2100000256666,2025-34,20250317,20250317,고시,고시|액화석유가스 배관망공급사업 등에 관한 운영요령
DOC-001027,LAW-KR-000003,액화천연가스의 인수기지 및 액화천연가스저장탱크 정밀안전진단의 절차·방법 등 고시,v14_출처문서명,admin_rule,notice,,고시,nlic_admrul,norm:Notice,true,산업통상부,true,nlic_api,DOC-000006,UNIT-0005022,,,,,,,고시,고시|액화천연가스의 인수기지 및 액화천연가스저장탱크 정밀안전진단의 절차·방법 등 고시
DOC-001028,LAW-KR-000003,에너지이용권 사업운영에 관한 규정,v14_출처문서명,admin_rule,notice,,고시,nlic_admrul,norm:Notice,true,기후에너지환경부,true,nlic_api_20260920k,,,,,2100000280650,2026-141,20260611,20260611,고시,고시|에너지이용권 사업운영에 관한 규정
DOC-001029,LAW-KR-000003,여객자동차 유가보조금 지급지침,v14_출처문서명,admin_rule,notice,,고시,nlic_admrul,norm:Notice,true,국토교통부,true,nlic_api_20260920k,,,,대표,2100000282580,2026-383,20260716,20260716,고시,고시|여객자동차 유가보조금 지급지침
DOC-001030,LAW-KR-000003,온압보정장치의 설치 및 안전관리에 관한 특례기준,v14_출처문서명,admin_rule,notice,,고시,nlic_admrul,norm:Notice,true,산업통상부,true,nlic_api,DOC-000006,UNIT-0005035,,,,,,,고시,고시|온압보정장치의 설치 및 안전관리에 관한 특례기준
DOC-001031,LAW-KR-000003,온압보정장치의 정기검사에 관한 기준,v14_출처문서명,admin_rule,notice,,,조회 실패,norm:AdministrativeRule,true,,true,nlic_api,DOC-000006,UNIT-0005106,,,,,,,고시,고시|온압보정장치의 정기검사에 관한 기준
DOC-001032,LAW-KR-000003,원자력시설 주변에 산업시설 등의 설치협의에 관한 규정,v14_출처문서명,admin_rule,notice,,고시,nlic_admrul,norm:Notice,true,원자력안전위원회,true,nlic_api,,,DOC-000973,동일 사본,,,,,고시,고시|원자력시설 주변에 산업시설 등의 설치협의에 관한 규정
DOC-001033,LAW-KR-000003,유기성 폐자원을 활용한 바이오가스의 생산 및 이용 촉진법에 따른 과징금 감면 기준 등에 관한 고시,v14_출처문서명,admin_rule,notice,,고시,nlic_admrul,norm:Notice,true,기후에너지환경부,true,nlic_api_20260920k,,,,,2100000267174,2025-165,20251001,20251007,고시,고시|유기성 폐자원을 활용한 바이오가스의 생산 및 이용 촉진법에 따른 과징금 감면 기준 등에 관한 고시
DOC-001034,LAW-KR-000003,임신ㆍ출산 관련 서비스 통합처리에 관한 규정,v14_출처문서명,admin_rule,established_rule,,예규,nlic_admrul,norm:EstablishedRule,true,행정안전부,true,nlic_api_20260920k,,,,대표,2100000281394,370,20260629,20260630,고시,고시|임신ㆍ출산 관련 서비스 통합처리에 관한 규정
DOC-001035,LAW-KR-000003,중계기의 형식승인 및 제품검사의 기술기준,v14_출처문서명,admin_rule,notice,,고시,nlic_admrul,norm:Notice,true,소방청,true,nlic_api_20260920k,,,,대표,2100000238762,2024-11,20240409,20240409,고시,고시|중계기의 형식승인 및 제품검사의 기술기준
DOC-001036,LAW-KR-000003,천연가스 비축의무에 관한 고시,v14_출처문서명,admin_rule,notice,,고시,nlic_admrul,norm:Notice,true,산업통상부,true,nlic_api_20260920k,,,,,2100000204120,2021-148,20210831,20210831,고시,고시|천연가스 비축의무에 관한 고시
DOC-001037,LAW-KR-000003,캐비닛형자동소화장치의 형식승인 및 제품검사의 기술기준,v14_출처문서명,admin_rule,notice,,고시,nlic_admrul,norm:Notice,true,소방청,true,nlic_api_20260920k,,,,,2100000258270,2025-10,20250427,20250427,고시,고시|캐비닛형자동소화장치의 형식승인 및 제품검사의 기술기준
DOC-001038,LAW-KR-000024,도시공원 및 녹지 등에 관한 법률 시행령,v14_출처문서명,statutory,presidential_decree,3,,by_layer,norm:PresidentialDecree,true,,true,nlic_api_20260920t,,,,,288997,36622,20260825,20260827,시행령,시행령|도시공원 및 녹지 등에 관한 법률 시행령
DOC-001039,LAW-KR-000097,교통영향평가 대행비용 산정기준,v14_출처문서명,admin_rule,notice,,고시,nlic_admrul,norm:Notice,true,국토교통부,true,nlic_api_20260920k,,,,,2100000198030,2021-186,20210215,20210215,고시,고시|교통영향평가 대행비용 산정기준
DOC-001040,LAW-KR-000097,교통영향평가 지침,v14_출처문서명,admin_rule,notice,,고시,nlic_admrul,norm:Notice,true,국토교통부,true,nlic_api_20260920k,,,,,2100000200035,2021-317,20210413,20210413,고시,고시|교통영향평가 지침
DOC-001041,LAW-KR-000168,노면전차 건설 및 운전 등에 관한 규칙,v14_출처문서명,statutory,ministerial_ordinance,4,,by_layer,norm:SeparateMinisterialRule,true,,true,nlic_api,,,,,,,,,부령규칙,부령규칙|노면전차 건설 및 운전 등에 관한 규칙
DOC-001042,LAW-KR-000168,도시철도건설규칙,v14_출처문서명,statutory,ministerial_ordinance,4,,by_layer,norm:SeparateMinisterialRule,true,,true,nlic_api_20260917,,,,,273257,01516,20250808,20250808,부령규칙,부령규칙|도시철도건설규칙
DOC-001043,LAW-KR-000168,도시철도운전규칙,v14_출처문서명,statutory,ministerial_ordinance,4,,by_layer,norm:SeparateMinisterialRule,true,,true,nlic_api_20260917,,,,,270675,01477,20250411,20250411,부령규칙,부령규칙|도시철도운전규칙
DOC-001044,LAW-KR-000168,도시철도채권 매입사무 취급규칙,v14_출처문서명,statutory,ministerial_ordinance,4,,by_layer,norm:SeparateMinisterialRule,true,,true,nlic_api_20260917,,,,,282379,01553,20251230,20260102,부령규칙,부령규칙|도시철도채권 매입사무 취급규칙
DOC-001045,LAW-KR-000151,공공지원민간임대주택 등에 관한 업무처리지침,v14_출처문서명,admin_rule,notice,,고시,nlic_admrul,norm:Notice,true,국토교통부,true,nlic_api_20260920k,,,,,2100000282398,2026-360,20260708,20260708,고시,고시|공공지원민간임대주택 등에 관한 업무처리지침
DOC-001046,LAW-KR-000151,소규모주택정비사업의 시공자 및 정비사업전문관리업자 선정기준,v14_출처문서명,admin_rule,notice,,고시,nlic_admrul,norm:Notice,true,국토교통부,true,nlic_api_20260920k,,,,,2100000212495,2022-387,20220628,20220628,고시,고시|소규모주택정비사업의 시공자 및 정비사업전문관리업자 선정기준
DOC-001047,LAW-KR-000151,소방시설 설계·감리업자의 사업수행능력 세부평가기준,v14_출처문서명,admin_rule,notice,,고시,nlic_admrul,norm:Notice,true,소방청,true,nlic_api_20260920k,,,DOC-001579,내용 다름(겹침 0%),2100000246982,2024-45,20240910,20250131,고시,고시|소방시설 설계·감리업자의 사업수행능력 세부평가기준
DOC-001048,LAW-KR-000151,정비사업 계약업무 처리기준,v14_출처문서명,admin_rule,notice,,고시,nlic_admrul,norm:Notice,true,국토교통부,true,nlic_api_20260920k,,,,대표,2100000262834,2025-448,20250813,20251114,고시,고시|정비사업 계약업무 처리기준
DOC-001049,LAW-KR-000151,정비사업 공사비 검증 기준,v14_출처문서명,admin_rule,notice,,고시,nlic_admrul,norm:Notice,true,국토교통부,true,nlic_api_20260920k,,,,,2100000246728,2024-468,20240905,20240905,고시,고시|정비사업 공사비 검증 기준
DOC-001050,LAW-KR-000151,정비사업 등 필수 발생 비용 산정기준,v14_출처문서명,admin_rule,notice,,고시,nlic_admrul,norm:Notice,true,국토교통부,true,nlic_api_20260920k,,,,대표,2100000212995,2022-416,20220715,20220715,고시,고시|정비사업 등 필수 발생 비용 산정기준
DOC-001051,LAW-KR-000151,정비사업 연계 임대사업자 선정기준,v14_출처문서명,admin_rule,notice,,고시,nlic_admrul,norm:Notice,true,국토교통부,true,nlic_api_20260920k,,,,,2100000282450,2026-360,20260708,20260708,고시,고시|정비사업 연계 임대사업자 선정기준
DOC-001052,LAW-KR-000151,정비사업 조합설립추진위원회 운영규정,v14_출처문서명,admin_rule,notice,,고시,nlic_admrul,norm:Notice,true,국토교통부,true,nlic_api_20260920k,,,,,2100000271910,2026-15,20260105,20260105,고시,고시|정비사업 조합설립추진위원회 운영규정
DOC-001053,LAW-KR-000151,정비사업의 임대주택 및 주택규모별 건설비율,v14_출처문서명,admin_rule,notice,,고시,nlic_admrul,norm:Notice,true,국토교통부,true,nlic_api_20260920k,,,,,2100000235448,2024-26,20240119,20240119,고시,고시|정비사업의 임대주택 및 주택규모별 건설비율
DOC-001054,LAW-KR-000151,정비사업전문관리업 기술인력의 경력·실적 및 교육 이수 기준,v14_출처문서명,admin_rule,notice,,고시,nlic_admrul,norm:Notice,true,국토교통부,true,nlic_api,,,,,,,,,고시,고시|정비사업전문관리업 기술인력의 경력·실적 및 교육 이수 기준
DOC-001055,LAW-KR-000031,국립과학수사연구원 마약류 감정처리 규정,v14_출처문서명,admin_rule,established_rule,,예규,nlic_admrul,norm:EstablishedRule,true,국립과학수사연구원,true,nlic_api_20260920k,,,,대표,2100000208192,442,20220103,20220103,고시,고시|국립과학수사연구원 마약류 감정처리 규정
DOC-001056,LAW-KR-000031,국립목포병원 마약류 관리지침,v14_출처문서명,admin_rule,established_rule,,예규,nlic_admrul,norm:EstablishedRule,true,국립목포병원,true,nlic_api_20260920k,,,,,2100000252402,308,20241231,20241231,고시,고시|국립목포병원 마약류 관리지침
DOC-001057,LAW-KR-000031,국립부곡병원 마약류중독자 치료보호 관리규정,v14_출처문서명,admin_rule,established_rule,,예규,nlic_admrul,norm:EstablishedRule,true,국립부곡병원,true,nlic_api_20260920k,,,,,2100000246992,384,20240906,20240906,고시,고시|국립부곡병원 마약류중독자 치료보호 관리규정
DOC-001058,LAW-KR-000031,마약류 오남용 예방 및 사회재활사업 위탁 등에 관한 고시,v14_출처문서명,admin_rule,notice,,고시,nlic_admrul,norm:Notice,true,식품의약품안전처,true,nlic_api_20260920k,,,,,2100000256778,2025-12,20250305,20250305,고시,고시|마약류 오남용 예방 및 사회재활사업 위탁 등에 관한 고시
DOC-001059,LAW-KR-000031,마약류 취급보고 연계소프트웨어 기능 검사 등에 관한 기준,v14_출처문서명,admin_rule,notice,,고시,nlic_admrul,norm:Notice,true,식품의약품안전처,true,nlic_api_20260920k,,,,,2100000205789,2021-86,20211103,20211103,고시,고시|마약류 취급보고 연계소프트웨어 기능 검사 등에 관한 기준
DOC-001060,LAW-KR-000031,마약류안전관리심의위원회 운영세칙,v14_출처문서명,admin_rule,established_rule,,예규,nlic_admrul,norm:EstablishedRule,true,식품의약품안전처,true,nlic_api_20260920k,,,,,2100000189917,152,20200604,20200604,고시,고시|마약류안전관리심의위원회 운영세칙
DOC-001061,LAW-KR-000031,마약류의 오남용 방지를 위한 조치기준,v14_출처문서명,admin_rule,notice,,고시,nlic_admrul,norm:Notice,true,식품의약품안전처,true,nlic_api_20260920k,,,,,2100000278480,2026-35,20260429,20260429,고시,고시|마약류의 오남용 방지를 위한 조치기준
DOC-001062,LAW-KR-000031,법화학 감정규정,v14_출처문서명,admin_rule,established_rule,,예규,nlic_admrul,norm:EstablishedRule,true,대검찰청,true,nlic_api_20260920k,,,,대표,2100000242128,1430,20240531,20240531,고시,고시|법화학 감정규정
DOC-001063,LAW-KR-000031,수입의약품등 관리 규정,v14_출처문서명,admin_rule,notice,,고시,nlic_admrul,norm:Notice,true,식품의약품안전처,true,nlic_api_20260920k,,,,대표,2100000192663,2020-82,20200907,20200907,고시,고시|수입의약품등 관리 규정
DOC-001064,LAW-KR-000031,시험·검사 등 잔여검체 처리규정,v14_출처문서명,admin_rule,established_rule,,예규,nlic_admrul,norm:EstablishedRule,true,식품의약품안전처,true,nlic_api_20260920k,,,,대표,2100000189350,150,20200518,20200518,고시,고시|시험·검사 등 잔여검체 처리규정
DOC-001065,LAW-KR-000031,시험·검사결과 판정에 관한 규정,v14_출처문서명,admin_rule,established_rule,,예규,nlic_admrul,norm:EstablishedRule,true,식품의약품안전처,true,nlic_api_20260920k,,,,대표,2100000216663,185,20221212,20221212,고시,고시|시험·검사결과 판정에 관한 규정
DOC-001066,LAW-KR-000031,식품등의 부당한 표시 또는 광고의 내용 기준,v14_출처문서명,admin_rule,notice,,고시,nlic_admrul,norm:Notice,true,식품의약품안전처,true,nlic_api_20260920k,,,,대표,2100000269428,2025-79,20251204,20251204,고시,고시|식품등의 부당한 표시 또는 광고의 내용 기준
DOC-001067,LAW-KR-000031,신종마약류 표준물질 분양·관리 규정,v14_출처문서명,admin_rule,established_rule,,예규,nlic_admrul,norm:EstablishedRule,true,식품의약품안전평가원,true,nlic_api_20260920k,,,,,2100000207330,126,20211222,20211222,고시,고시|신종마약류 표준물질 분양·관리 규정
DOC-001068,LAW-KR-000031,심리치료 업무지침,v14_출처문서명,admin_rule,established_rule,,예규,nlic_admrul,norm:EstablishedRule,true,법무부,true,nlic_api_20260920k,,,,,2100000276308,1382,20260401,20260401,고시,고시|심리치료 업무지침
DOC-001069,LAW-KR-000031,요양급여비용 심사·지급업무 처리기준,v14_출처문서명,admin_rule,notice,,고시,nlic_admrul,norm:Notice,true,보건복지부,true,nlic_api_20260920k,,,,대표,2100000234078,2023-295,20231229,20240101,고시,고시|요양급여비용 심사·지급업무 처리기준
DOC-001070,LAW-KR-000031,우편금지물품의 내용에 관한 고시,v14_출처문서명,admin_rule,notice,,고시,nlic_admrul,norm:Notice,true,우정사업본부,true,nlic_api_20260920k,,,,,2100000231040,2023-47,20231101,20231101,고시,고시|우편금지물품의 내용에 관한 고시
DOC-001071,LAW-KR-000031,원료의약품 등록에 관한 규정,v14_출처문서명,admin_rule,notice,,고시,nlic_admrul,norm:Notice,true,식품의약품안전처,true,nlic_api_20260920k,,,,대표,2100000252602,2024-89,20241230,20241230,고시,고시|원료의약품 등록에 관한 규정
DOC-001072,LAW-KR-000031,의약품 등 임상시험 실시기관 지정에 관한 규정,v14_출처문서명,admin_rule,notice,,고시,nlic_admrul,norm:Notice,true,식품의약품안전처,true,nlic_api_20260920k,,,,대표,2100000043975,2016-24,20160401,20160401,고시,고시|의약품 등 임상시험 실시기관 지정에 관한 규정
DOC-001073,LAW-KR-000031,의약품 등의 표준품 관리 규정,v14_출처문서명,admin_rule,established_rule,,예규,nlic_admrul,norm:EstablishedRule,true,식품의약품안전처,true,nlic_api_20260920k,,,,대표,2100000229128,196,20230901,20230901,고시,고시|의약품 등의 표준품 관리 규정
DOC-001074,LAW-KR-000031,의약품 임상시험 계획 승인에 관한 규정,v14_출처문서명,admin_rule,notice,,고시,nlic_admrul,norm:Notice,true,식품의약품안전처,true,nlic_api_20260920k,,,,대표,2100000263204,2025-53,20250822,20250822,고시,고시|의약품 임상시험 계획 승인에 관한 규정
DOC-001075,LAW-KR-000031,의약품 재평가 실시에 관한 규정,v14_출처문서명,admin_rule,notice,,고시,nlic_admrul,norm:Notice,true,식품의약품안전처,true,nlic_api_20260920k,,,,대표,2100000201047,2021-42,20210513,20210513,고시,고시|의약품 재평가 실시에 관한 규정
DOC-001076,LAW-KR-000031,의약품 제조 및 품질관리에 관한 규정,v14_출처문서명,admin_rule,notice,,고시,nlic_admrul,norm:Notice,true,식품의약품안전처,true,nlic_api_20260920k,,,,대표,2100000252026,2024-87,20241230,20241230,고시,고시|의약품 제조 및 품질관리에 관한 규정
DOC-001077,LAW-KR-000031,의약품 표시 등에 관한 규정,v14_출처문서명,admin_rule,notice,,고시,nlic_admrul,norm:Notice,true,식품의약품안전처,true,nlic_api_20260920k,,,,대표,2100000258892,2025-31,20250512,20250512,고시,고시|의약품 표시 등에 관한 규정
DOC-001078,LAW-KR-000031,의약품 품목 갱신에 관한 규정,v14_출처문서명,admin_rule,notice,,고시,nlic_admrul,norm:Notice,true,식품의약품안전처,true,nlic_api_20260920k,,,,대표,2100000256040,2025-13,20250305,20250305,고시,고시|의약품 품목 갱신에 관한 규정
DOC-001079,LAW-KR-000031,의약품동등성 확보 필요 대상 의약품 지정,v14_출처문서명,admin_rule,notice,,고시,nlic_admrul,norm:Notice,true,식품의약품안전처,true,nlic_api_20260920k,,,,대표,2100000190891,2020-57,20200708,99991231,고시,고시|의약품동등성 확보 필요 대상 의약품 지정
DOC-001080,LAW-KR-000031,의약품동등성시험기준,v14_출처문서명,admin_rule,notice,,고시,nlic_admrul,norm:Notice,true,식품의약품안전처,true,nlic_api_20260920k,,,,대표,2100000278420,2026-36,20260429,20260429,고시,고시|의약품동등성시험기준
DOC-001081,LAW-KR-000031,의약품등 생산 및 수출·수입 실적 보고에 관한 규정,v14_출처문서명,admin_rule,notice,,고시,nlic_admrul,norm:Notice,true,식품의약품안전처,true,nlic_api_20260920k,,,,대표,2100000280510,2026-42,20260605,20260605,고시,고시|의약품등 생산 및 수출·수입 실적 보고에 관한 규정
DOC-001082,LAW-KR-000031,의약품의 품목허가·신고·심사 규정,v14_출처문서명,admin_rule,notice,,고시,nlic_admrul,norm:Notice,true,식품의약품안전처,true,nlic_api_20260920k,,,,대표,2100000284794,2026-65,20260904,20260904,고시,고시|의약품의 품목허가·신고·심사 규정
DOC-001083,LAW-KR-000031,인터넷 마약류범죄 모니터링시스템 운영에 관한 지침,v14_출처문서명,admin_rule,established_rule,,예규,nlic_admrul,norm:EstablishedRule,true,대검찰청,true,nlic_api_20260920k,,,,,2100000243076,1443,20240624,20240624,고시,고시|인터넷 마약류범죄 모니터링시스템 운영에 관한 지침
DOC-001084,LAW-KR-000031,중독재활 업무지침,v14_출처문서명,admin_rule,established_rule,,예규,nlic_admrul,norm:EstablishedRule,true,법무부,true,nlic_api_20260920k,,,,,2100000278766,1386,20260518,20260518,고시,고시|중독재활 업무지침
DOC-001085,LAW-KR-000031,한약(생약)제제 등의 품목허가·신고에 관한 규정,v14_출처문서명,admin_rule,notice,,고시,nlic_admrul,norm:Notice,true,식품의약품안전처,true,nlic_api_20260920k,,,,대표,2100000247636,2024-55,20240930,20240930,고시,고시|한약(생약)제제 등의 품목허가·신고에 관한 규정
DOC-001086,LAW-KR-000031,허가등에 따른 특허권 존속기간의 연장제도 운용에 관한 규정,v14_출처문서명,admin_rule,notice,,고시,nlic_admrul,norm:Notice,true,지식재산처,true,nlic_api,,,DOC-000825,동일 사본,,,,,고시,고시|허가등에 따른 특허권 존속기간의 연장제도 운용에 관한 규정
DOC-001087,LAW-KR-000031,군수용마약류의 취급에 관한 규칙,v14_출처문서명,statutory,ministerial_ordinance,4,,by_layer,norm:SeparateMinisterialRule,true,,true,nlic_api,,,,,,,,,부령규칙,부령규칙|군수용마약류의 취급에 관한 규칙
DOC-001088,LAW-KR-000031,마약류 중독자 치료보호 등에 관한 규칙,v14_출처문서명,statutory,ministerial_ordinance,4,,by_layer,norm:SeparateMinisterialRule,true,,true,nlic_api,,,,,,,,,부령규칙,부령규칙|마약류 중독자 치료보호 등에 관한 규칙
DOC-001089,LAW-KR-000031,마약류보상금 지급규칙,v14_출처문서명,statutory,ministerial_ordinance,4,,by_layer,norm:SeparateMinisterialRule,true,,true,nlic_api_20260917,,,,,269401,01091,20250224,20250224,부령규칙,부령규칙|마약류보상금 지급규칙
DOC-001090,LAW-KR-000064,국가귀속유산의 관리 등에 관한 규정,v14_출처문서명,admin_rule,established_rule,,예규,nlic_admrul,norm:EstablishedRule,true,국가유산청,true,nlic_api,DOC-000178,UNIT-0077174,,대표,,,,,고시,고시|국가귀속유산의 관리 등에 관한 규정
DOC-001091,LAW-KR-000064,국가등록문화유산 등록에 관한 지침,v14_출처문서명,admin_rule,established_rule,,예규,nlic_admrul,norm:EstablishedRule,true,국가유산청,true,nlic_api_20260920k,,,,,2100000249872,18,20241126,20241201,고시,고시|국가등록문화유산 등록에 관한 지침
DOC-001092,LAW-KR-000064,국가등록문화유산 현상변경 업무처리 규정,v14_출처문서명,admin_rule,established_rule,,예규,nlic_admrul,norm:EstablishedRule,true,국가유산청,true,nlic_api_20260920k,,,,,2100000279680,30,20260517,20260517,고시,고시|국가등록문화유산 현상변경 업무처리 규정
DOC-001093,LAW-KR-000064,국가등록문화유산의 명칭 부여 지침,v14_출처문서명,admin_rule,established_rule,,예규,nlic_admrul,norm:EstablishedRule,true,국가유산청,true,nlic_api_20260920k,,,,,2100000279682,30,20260517,20260523,고시,고시|국가등록문화유산의 명칭 부여 지침
DOC-001094,LAW-KR-000064,국가민속문화유산(건조물) 지정명칭 부여 지침,v14_출처문서명,admin_rule,established_rule,,예규,nlic_admrul,norm:EstablishedRule,true,국가유산청,true,nlic_api_20260920k,,,,,2100000279684,30,20260517,20260523,고시,고시|국가민속문화유산(건조물) 지정명칭 부여 지침
DOC-001095,LAW-KR-000064,국가유산 방재정보 체계의 구축 및 운영 등에 관한 규정,v14_출처문서명,admin_rule,established_rule,,예규,nlic_admrul,norm:EstablishedRule,true,국가유산청,true,nlic_api,DOC-000178,UNIT-0077171,,,,,,,고시,고시|국가유산 방재정보 체계의 구축 및 운영 등에 관한 규정
DOC-001096,LAW-KR-000064,국가유산 영향진단 등에 관한 운영 지침,v14_출처문서명,admin_rule,notice,,고시,nlic_admrul,norm:Notice,true,국가유산청,true,nlic_api_20260920k,,,,,2100000279598,2026-56,20260517,20260517,고시,고시|국가유산 영향진단 등에 관한 운영 지침
DOC-001097,LAW-KR-000064,국가유산 주변 시설물 등에 대한 공공디자인 지침,v14_출처문서명,admin_rule,established_rule,,예규,nlic_admrul,norm:EstablishedRule,true,국가유산청,true,nlic_api_20260920k,,,,,2100000237872,306,20240319,20240517,고시,고시|국가유산 주변 시설물 등에 대한 공공디자인 지침
DOC-001098,LAW-KR-000064,국가유산명칭 영문표기 기준 규칙,v14_출처문서명,admin_rule,established_rule,,예규,nlic_admrul,norm:EstablishedRule,true,국가유산청,true,nlic_api_20260920k,,,,,2100000279686,30,20260517,20260517,고시,고시|국가유산명칭 영문표기 기준 규칙
DOC-001099,LAW-KR-000064,국가유산수리 전통재료 인증 절차 및 관리 등에 관한 규정,v14_출처문서명,admin_rule,notice,,고시,nlic_admrul,norm:Notice,true,국가유산청,true,nlic_api_20260920k,,,,,2100000270286,2026-181,20251231,20251231,고시,고시|국가유산수리 전통재료 인증 절차 및 관리 등에 관한 규정
DOC-001100,LAW-KR-000064,국가지정문화유산 현상변경 등 허가 절차에 관한 규정,v14_출처문서명,admin_rule,established_rule,,예규,nlic_admrul,norm:EstablishedRule,true,국가유산청,true,nlic_api_20260920k,,,,,2100000279624,30,20260517,20260517,고시,고시|국가지정문화유산 현상변경 등 허가 절차에 관한 규정
DOC-001101,LAW-KR-000064,국가지정문화유산(국보·보물/건조물) 지정명칭 부여 지침,v14_출처문서명,admin_rule,established_rule,,예규,nlic_admrul,norm:EstablishedRule,true,국가유산청,true,nlic_api_20260920k,,,,,2100000235158,275,20240108,20240517,고시,고시|국가지정문화유산(국보·보물/건조물) 지정명칭 부여 지침
DOC-001102,LAW-KR-000064,국가지정문화유산(동산) 수리기 지침,v14_출처문서명,admin_rule,established_rule,,예규,nlic_admrul,norm:EstablishedRule,true,국가유산청,true,nlic_api_20260920k,,,,,2100000237852,316,20240319,20240517,고시,고시|국가지정문화유산(동산) 수리기 지침
DOC-001103,LAW-KR-000064,국내외 소재 중요 문화유산의 긴급매입에 관한 예규,v14_출처문서명,admin_rule,established_rule,,예규,nlic_admrul,norm:EstablishedRule,true,국가유산청,true,nlic_api_20260920k,,,,,2100000279688,30,20260517,20260517,고시,고시|국내외 소재 중요 문화유산의 긴급매입에 관한 예규
DOC-001104,LAW-KR-000064,국립고궁박물관 보존과학 직무관리 규정,v14_출처문서명,admin_rule,established_rule,,예규,nlic_admrul,norm:EstablishedRule,true,국립고궁박물관,true,nlic_api_20260920k,,,,,2100000240446,149,20240517,20240517,고시,고시|국립고궁박물관 보존과학 직무관리 규정
DOC-001105,LAW-KR-000064,국립민속박물관 소장품 보존처리 및 조사분석 규정,v14_출처문서명,admin_rule,established_rule,,예규,nlic_admrul,norm:EstablishedRule,true,국립민속박물관,true,nlic_api_20260920k,,,DOC-001201,내용 다름(겹침 0%),2100000275628,277,20260330,20260330,고시,고시|국립민속박물관 소장품 보존처리 및 조사분석 규정
DOC-001106,LAW-KR-000064,국립수목원완충지역 협의기준,v14_출처문서명,admin_rule,established_rule,,예규,nlic_admrul,norm:EstablishedRule,true,국립수목원,true,nlic_api_20260920k,,,,대표,2100000252888,188,20250106,20250106,고시,고시|국립수목원완충지역 협의기준
DOC-001107,LAW-KR-000064,국립중앙박물관 소장품 보존처리 및 조사분석 규정,v14_출처문서명,admin_rule,established_rule,,예규,nlic_admrul,norm:EstablishedRule,true,국립중앙박물관,true,nlic_api_20260920k,,,,대표,2200000082585,277,20240517,20240517,고시,고시|국립중앙박물관 소장품 보존처리 및 조사분석 규정
DOC-001108,LAW-KR-000064,근현대문화유산의 보존 및 활용에 관한 법률에 따른 과태료의 가중처분에 관한 세부지침,v14_출처문서명,admin_rule,established_rule,,예규,nlic_admrul,norm:EstablishedRule,true,국가유산청,true,nlic_api_20260920k,,,,,2100000249870,17,20241126,20241201,고시,고시|근현대문화유산의 보존 및 활용에 관한 법률에 따른 과태료의 가중처분에 관한 세부지침
DOC-001109,LAW-KR-000064,단청 기록화에 관한 지침,v14_출처문서명,admin_rule,established_rule,,예규,nlic_admrul,norm:EstablishedRule,true,국가유산청,true,nlic_api_20260920k,,,,,2100000279654,30,20260517,20260523,고시,고시|단청 기록화에 관한 지침
DOC-001110,LAW-KR-000064,문화유산 유출방지를 위한 업무처리에 관한 예규,v14_출처문서명,admin_rule,established_rule,,예규,nlic_admrul,norm:EstablishedRule,true,관세청,true,nlic_api_20260920k,,,,대표,2100000273372,304,20260126,20260126,고시,고시|문화유산 유출방지를 위한 업무처리에 관한 예규
DOC-001111,LAW-KR-000064,문화유산교육 프로그램 인증제 운영 세칙,v14_출처문서명,admin_rule,notice,,고시,nlic_admrul,norm:Notice,true,국가유산청,true,nlic_api_20260920k,,,,,2100000237936,2024-68,20240319,20240517,고시,고시|문화유산교육 프로그램 인증제 운영 세칙
DOC-001112,LAW-KR-000064,문화유산의 보존 및 활용에 관한 법률에 따른 과태료의 가중처분에 관한 세부지침,v14_출처문서명,admin_rule,established_rule,,예규,nlic_admrul,norm:EstablishedRule,true,국가유산청,true,nlic_api_20260920k,,,,,2100000241080,3,20240517,20240517,고시,고시|문화유산의 보존 및 활용에 관한 법률에 따른 과태료의 가중처분에 관한 세부지침
DOC-001113,LAW-KR-000064,문화유산의 보존 및 활용에 관한 법률에 따른 문화유산교육지원센터 행정처분의 가중처분에 관한 세부지침,v14_출처문서명,admin_rule,established_rule,,예규,nlic_admrul,norm:EstablishedRule,true,국가유산청,true,nlic_api_20260920k,,,,,2100000237886,321,20240319,20240517,고시,고시|문화유산의 보존 및 활용에 관한 법률에 따른 문화유산교육지원센터 행정처분의 가중처분에 관한 세부지침
DOC-001114,LAW-KR-000064,사적 종합정비계획의 수립 및 시행에 관한 지침,v14_출처문서명,admin_rule,established_rule,,예규,nlic_admrul,norm:EstablishedRule,true,국가유산청,true,nlic_api_20260920k,,,,,2100000279600,30,20260517,20260517,고시,고시|사적 종합정비계획의 수립 및 시행에 관한 지침
DOC-001115,LAW-KR-000064,사적의 지정명칭 부여에 관한 일반 지침,v14_출처문서명,admin_rule,established_rule,,예규,nlic_admrul,norm:EstablishedRule,true,국가유산청,true,nlic_api_20260920k,,,,,2100000279604,30,20260520,20260526,고시,고시|사적의 지정명칭 부여에 관한 일반 지침
DOC-001116,LAW-KR-000064,예비문화유산 선정 및 관리에 관한 지침,v14_출처문서명,admin_rule,notice,,고시,nlic_admrul,norm:Notice,true,국가유산청,true,nlic_api_20260920k,,,,,2100000249846,2024-90,20241126,20241201,고시,고시|예비문화유산 선정 및 관리에 관한 지침
DOC-001117,LAW-KR-000064,전통재료의 실태조사 및 수급계획 수립 등에 관한 기준,v14_출처문서명,admin_rule,notice,,고시,nlic_admrul,norm:Notice,true,국가유산청,true,nlic_api_20260920k,,,,,2100000237952,2024-77,20240319,20240517,고시,고시|전통재료의 실태조사 및 수급계획 수립 등에 관한 기준
DOC-001118,LAW-KR-000096,1종 항만배후단지관리지침,v14_출처문서명,admin_rule,notice,,고시,nlic_admrul,norm:Notice,true,해양수산부,true,nlic_api_20260920k,,,,대표,2100000275428,2026-24,20260224,20260224,고시,고시|1종 항만배후단지관리지침
DOC-001119,LAW-KR-000096,물류단지개발지침,v14_출처문서명,admin_rule,notice,,고시,nlic_admrul,norm:Notice,true,국토교통부,true,nlic_api_20260920k,,,,대표,2100000077972,2017-116,20170222,20170222,고시,고시|물류단지개발지침
DOC-001120,LAW-KR-000096,물류단지관리지침,v14_출처문서명,admin_rule,notice,,고시,nlic_admrul,norm:Notice,true,국토교통부,true,nlic_api_20260920k,,,,,2100000111249,2018-54,20180125,20180125,고시,고시|물류단지관리지침
DOC-001121,LAW-KR-000096,물류창고업 화재안전 관리계획서 작성 지침,v14_출처문서명,admin_rule,notice,,고시,nlic_admrul,norm:Notice,true,국토교통부,true,nlic_api,DOC-000261,UNIT-0102899,,,,,,,고시,고시|물류창고업 화재안전 관리계획서 작성 지침
DOC-001122,LAW-KR-000096,스마트물류센터 이차보전 사업 운영규정,v14_출처문서명,admin_rule,notice,,고시,nlic_admrul,norm:Notice,true,국토교통부,true,nlic_api_20260920k,,,,,2100000201807,2021-827,20210531,20210531,고시,고시|스마트물류센터 이차보전 사업 운영규정
DOC-001123,LAW-KR-000096,재난관리물품의 비축시설 설치기준 등에 관한 고시,v14_출처문서명,admin_rule,notice,,고시,nlic_admrul,norm:Notice,true,행정안전부,true,nlic_api,DOC-000261,UNIT-0103100,,,,,,,고시,고시|재난관리물품의 비축시설 설치기준 등에 관한 고시
DOC-001124,LAW-KR-000096,주한미군 공여구역주변지역 등 지원 특별법 제10조에 따른 시행 대상 사업 고시,v14_출처문서명,admin_rule,notice,,고시,nlic_admrul,norm:Notice,true,행정안전부,true,nlic_api,,,DOC-000846,동일 사본,,,,,고시,고시|주한미군 공여구역주변지역 등 지원 특별법 제10조에 따른 시행 대상 사업 고시
DOC-001125,LAW-KR-000096,물류창고업 등록에 관한 규칙,v14_출처문서명,statutory,ministerial_ordinance,4,,by_layer,norm:SeparateMinisterialRule,true,,true,nlic_api_20260917,,,,,260639,01310,20240216,20240217,부령규칙,부령규칙|물류창고업 등록에 관한 규칙
DOC-001126,LAW-KR-000067,가축분뇨실태조사의 세부 절차 및 방법 등에 관한 고시,v14_출처문서명,admin_rule,notice,,고시,nlic_admrul,norm:Notice,true,"농림축산식품부,기후에너지환경부",true,nlic_api_20260920k,,,,대표,2100000267666,2025-113,20251001,20251007,고시,고시|가축분뇨실태조사의 세부 절차 및 방법 등에 관한 고시
DOC-001127,LAW-KR-000067,골프장의 농약사용량 조사 및 농약잔류량 검사방법 등에 관한 규정,v14_출처문서명,admin_rule,notice,,고시,nlic_admrul,norm:Notice,true,기후에너지환경부,true,nlic_api_20260920k,,,DOC-000792,내용 다름(겹침 0%),2100000266670,2025-165,20251103,20251109,고시,고시|골프장의 농약사용량 조사 및 농약잔류량 검사방법 등에 관한 규정
DOC-001128,LAW-KR-000067,공공폐수처리시설 운영ㆍ관리 평가 및 포상금 지급 기준,v14_출처문서명,admin_rule,notice,,고시,nlic_admrul,norm:Notice,true,기후에너지환경부,true,nlic_api_20260920k,,,,,2100000266910,2025-165,20251001,20251007,고시,고시|공공폐수처리시설 운영ㆍ관리 평가 및 포상금 지급 기준
DOC-001129,LAW-KR-000067,공공환경시설의 기술진단비용,v14_출처문서명,admin_rule,notice,,고시,nlic_admrul,norm:Notice,true,기후에너지환경부,true,nlic_api_20260920k,,,,대표,2100000279176,2026-114,20260513,20260513,고시,고시|공공환경시설의 기술진단비용
DOC-001130,LAW-KR-000067,국가첨단전략산업 특화단지 산업기반시설 지원기준,v14_출처문서명,admin_rule,notice,,고시,nlic_admrul,norm:Notice,true,산업통상부,true,nlic_api_20260920k,,,,,2100000281756,2026-82,20260702,20260702,고시,고시|국가첨단전략산업 특화단지 산업기반시설 지원기준
DOC-001131,LAW-KR-000067,금강유역 폐수배출시설 설치제한을 위한 대상 지역 및 시설 지정,v14_출처문서명,admin_rule,notice,,고시,nlic_admrul,norm:Notice,true,기후에너지환경부,true,nlic_api_20260920k,,,,대표,2100000265610,2025-165,20251001,20251001,고시,고시|금강유역 폐수배출시설 설치제한을 위한 대상 지역 및 시설 지정
DOC-001132,LAW-KR-000067,낙동강 상·중류유역 폐수배출시설 설치제한을 위한 대상 지역 및 시설 지정,v14_출처문서명,admin_rule,notice,,고시,nlic_admrul,norm:Notice,true,기후에너지환경부,true,nlic_api_20260920k,,,,대표,2100000265612,2025-165,20251001,20251001,고시,고시|낙동강 상·중류유역 폐수배출시설 설치제한을 위한 대상 지역 및 시설 지정
DOC-001133,LAW-KR-000067,낙동강 하류유역 폐수배출시설 설치제한을 위한 대상 지역 및 시설 지정,v14_출처문서명,admin_rule,notice,,고시,nlic_admrul,norm:Notice,true,기후에너지환경부,true,nlic_api_20260920k,,,,대표,2100000265628,2025-165,20251001,20251001,고시,고시|낙동강 하류유역 폐수배출시설 설치제한을 위한 대상 지역 및 시설 지정
DOC-001134,LAW-KR-000067,낙동강중상류 중권역 물환경관리위원회 운영규정,v14_출처문서명,admin_rule,established_rule,,예규,nlic_admrul,norm:EstablishedRule,true,대구지방환경청,true,nlic_api_20260920k,,,,,2100000224112,107,20230601,20230601,고시,고시|낙동강중상류 중권역 물환경관리위원회 운영규정
DOC-001135,LAW-KR-000067,대청호 상수원 수질보전 특별대책지역 특별배출허용 기준 고시,v14_출처문서명,admin_rule,notice,,고시,nlic_admrul,norm:Notice,true,금강유역환경청,true,nlic_api_20260920k,,,,대표,2100000110239,2018-2,20180117,20180118,고시,고시|대청호 상수원 수질보전 특별대책지역 특별배출허용 기준 고시
DOC-001136,LAW-KR-000067,물환경 목표기준 평가 규정,v14_출처문서명,admin_rule,notice,,고시,nlic_admrul,norm:Notice,true,기후에너지환경부,true,nlic_api_20260920k,,,,,2100000279534,2026-122,20260519,20260519,고시,고시|물환경 목표기준 평가 규정
DOC-001137,LAW-KR-000067,방류수수질기준 적용을 위한 지역구분,v14_출처문서명,admin_rule,notice,,고시,nlic_admrul,norm:Notice,true,기후에너지환경부,true,nlic_api_20260920k,,,,대표,2100000267170,2025-165,20251001,20251001,고시,고시|방류수수질기준 적용을 위한 지역구분
DOC-001138,LAW-KR-000067,비점오염관리를 위한 물순환관리지표 산정지침,v14_출처문서명,admin_rule,notice,,고시,nlic_admrul,norm:Notice,true,기후에너지환경부,true,nlic_api_20260920k,,,,대표,2100000265234,2025-165,20251001,20251001,고시,고시|비점오염관리를 위한 물순환관리지표 산정지침
DOC-001139,LAW-KR-000067,비점오염원관리대책 시행계획 승인 및 이행사항 평가 등에 관한 규정,v14_출처문서명,admin_rule,notice,,고시,nlic_admrul,norm:Notice,true,기후에너지환경부,true,nlic_api_20260920k,,,,,2100000265238,2025-165,20251001,20251001,고시,고시|비점오염원관리대책 시행계획 승인 및 이행사항 평가 등에 관한 규정
DOC-001140,LAW-KR-000067,비점오염저감계획서의 작성방법,v14_출처문서명,admin_rule,notice,,고시,nlic_admrul,norm:Notice,true,기후에너지환경부,true,nlic_api_20260920k,,,,,2100000265240,2025-165,20251001,20251001,고시,고시|비점오염저감계획서의 작성방법
DOC-001141,LAW-KR-000067,비점오염저감시설 성능검사 방법 및 절차 등에 관한 규정,v14_출처문서명,admin_rule,notice,,고시,nlic_admrul,norm:Notice,true,기후에너지환경부,true,nlic_api_20260920k,,,,,2100000265244,2025-165,20251001,20251001,고시,고시|비점오염저감시설 성능검사 방법 및 절차 등에 관한 규정
DOC-001142,LAW-KR-000067,상수원영향권 도로의 비점오염저감시설 설치구간,v14_출처문서명,admin_rule,notice,,고시,nlic_admrul,norm:Notice,true,기후에너지환경부,true,nlic_api_20260920k,,,,,2100000265248,2025-165,20251001,20251001,고시,고시|상수원영향권 도로의 비점오염저감시설 설치구간
DOC-001143,LAW-KR-000067,수생태계 연속성 조사 및 평가 방법 등에 관한 지침,v14_출처문서명,admin_rule,established_rule,,예규,nlic_admrul,norm:EstablishedRule,true,국립환경과학원,true,nlic_api_20260920k,,,,,2100000281826,912,20260701,20260701,고시,고시|수생태계 연속성 조사 및 평가 방법 등에 관한 지침
DOC-001144,LAW-KR-000067,수생태계 현황 조사 및 건강성 평가 방법 등에 관한 지침(하구편),v14_출처문서명,admin_rule,notice,,고시,nlic_admrul,norm:Notice,true,국립환경과학원,true,nlic_api_20260920k,,,,,2100000282968,2026-30,20260727,20260727,고시,고시|수생태계 현황 조사 및 건강성 평가 방법 등에 관한 지침(하구편)
DOC-001145,LAW-KR-000067,수생태계 현황 조사 및 건강성 평가 방법 등에 관한 지침(하천편),v14_출처문서명,admin_rule,notice,,고시,nlic_admrul,norm:Notice,true,국립환경과학원,true,nlic_api_20260920k,,,,,2100000283006,2026-30,20260727,20260727,고시,고시|수생태계 현황 조사 및 건강성 평가 방법 등에 관한 지침(하천편)
DOC-001146,LAW-KR-000067,수질배출부과금 신용카드 납부대행기관 및 납부대행수수료,v14_출처문서명,admin_rule,notice,,고시,nlic_admrul,norm:Notice,true,기후에너지환경부,true,nlic_api_20260920k,,,,,2100000265812,2025-165,20251001,20251007,고시,고시|수질배출부과금 신용카드 납부대행기관 및 납부대행수수료
DOC-001147,LAW-KR-000067,수질오염감시경보를 위한 측정소별 측정항목과 항목별 경보기준,v14_출처문서명,admin_rule,notice,,고시,nlic_admrul,norm:Notice,true,기후에너지환경부,true,nlic_api_20260920k,,,,,2100000270396,2025-85,20251224,20251224,고시,고시|수질오염감시경보를 위한 측정소별 측정항목과 항목별 경보기준
DOC-001148,LAW-KR-000067,수질오염물질 배출허용기준 중 별도배출허용기준 통합 지정 고시(경산 및 청주 진주 익산 여수 달성산업단지 공공폐수처리시설 폐수처리구역),v14_출처문서명,admin_rule,notice,,고시,nlic_admrul,norm:Notice,true,기후에너지환경부,true,nlic_api_20260920k,,,,,2100000258218,2025-63,20250415,20250415,고시,고시|수질오염물질 배출허용기준 중 별도배출허용기준 통합 지정 고시(경산 및 청주 진주 익산 여수 달성산업단지 공공폐수처리시설 폐수처리구역)
DOC-001149,LAW-KR-000067,수질원격감시체계 관제센터 운영 등에 관한 규정,v14_출처문서명,admin_rule,notice,,고시,nlic_admrul,norm:Notice,true,기후에너지환경부,true,nlic_api_20260920k,,,,,2100000265818,2025-165,20251001,20251007,고시,고시|수질원격감시체계 관제센터 운영 등에 관한 규정
DOC-001150,LAW-KR-000067,수탁처리폐수 전자인계·인수관리시스템 구축·운영 및 이용 등에 관한 고시,v14_출처문서명,admin_rule,notice,,고시,nlic_admrul,norm:Notice,true,기후에너지환경부,true,nlic_api_20260920k,,,,,2100000267142,2025-165,20251001,20251001,고시,고시|수탁처리폐수 전자인계·인수관리시스템 구축·운영 및 이용 등에 관한 고시
DOC-001151,LAW-KR-000067,시·도 순환경제 성과관리 운영 등에 관한 지침,v14_출처문서명,admin_rule,established_rule,,예규,nlic_admrul,norm:EstablishedRule,true,기후에너지환경부,true,nlic_api_20260920k,,,,대표,2100000267640,4,20251105,20251105,고시,고시|시·도 순환경제 성과관리 운영 등에 관한 지침
DOC-001152,LAW-KR-000067,염색업종 유해화학물질 취급시설 설치 및 관리에 관한 고시,v14_출처문서명,admin_rule,notice,,고시,nlic_admrul,norm:Notice,true,화학물질안전원,true,nlic_api,DOC-000187,UNIT-0082290,,대표,,,,,고시,고시|염색업종 유해화학물질 취급시설 설치 및 관리에 관한 고시
DOC-001153,LAW-KR-000067,염에 의한 생태독성 증명에 관한 규정,v14_출처문서명,admin_rule,notice,,고시,nlic_admrul,norm:Notice,true,국립환경과학원,true,nlic_api_20260920k,,,,대표,2100000256636,2025-5,20250320,20250320,고시,고시|염에 의한 생태독성 증명에 관한 규정
DOC-001154,LAW-KR-000067,영산강·섬진강유역 폐수배출시설 설치제한을 위한 대상 지역 및 시설 지정,v14_출처문서명,admin_rule,notice,,고시,nlic_admrul,norm:Notice,true,기후에너지환경부,true,nlic_api_20260920k,,,,대표,2100000265614,2025-165,20251001,20251001,고시,고시|영산강·섬진강유역 폐수배출시설 설치제한을 위한 대상 지역 및 시설 지정
DOC-001155,LAW-KR-000067,오염부하량할당대상자가 설치하여야 하는 측정기기의 종류 및 부착방법 등에 관한 규정,v14_출처문서명,admin_rule,notice,,고시,nlic_admrul,norm:Notice,true,기후에너지환경부,true,nlic_api_20260920k,,,,,2100000265180,2025-165,20251001,20251007,고시,고시|오염부하량할당대상자가 설치하여야 하는 측정기기의 종류 및 부착방법 등에 관한 규정
DOC-001156,LAW-KR-000067,오염총량관리시행계획 이행평가기준,v14_출처문서명,admin_rule,notice,,고시,nlic_admrul,norm:Notice,true,기후에너지환경부,true,nlic_api_20260920k,,,,대표,2100000265190,2025-165,20251001,20251007,고시,고시|오염총량관리시행계획 이행평가기준
DOC-001157,LAW-KR-000067,임진강유역 폐수배출시설 설치제한을 위한 대상 지역 및 시설 지정,v14_출처문서명,admin_rule,notice,,고시,nlic_admrul,norm:Notice,true,기후에너지환경부,true,nlic_api_20260920k,,,,대표,2100000265632,2025-165,20251001,20251001,고시,고시|임진강유역 폐수배출시설 설치제한을 위한 대상 지역 및 시설 지정
DOC-001158,LAW-KR-000067,재난상황의 보고 대상 지정 고시,v14_출처문서명,admin_rule,notice,,고시,nlic_admrul,norm:Notice,true,행정안전부,true,nlic_api_20260920k,,,DOC-001574,내용 다름(겹침 0%),2100000229682,2023-67,20230921,20230921,고시,고시|재난상황의 보고 대상 지정 고시
DOC-001159,LAW-KR-000067,조류제거시설 설치·운영 및 살포용 조류제거물질 사용지침,v14_출처문서명,admin_rule,established_rule,,예규,nlic_admrul,norm:EstablishedRule,true,기후에너지환경부,true,nlic_api_20260920k,,,,대표,2100000267000,4,20251105,20251111,고시,고시|조류제거시설 설치·운영 및 살포용 조류제거물질 사용지침
DOC-001160,LAW-KR-000067,중권역 물환경관리협의회 운영규정,v14_출처문서명,admin_rule,established_rule,,예규,nlic_admrul,norm:EstablishedRule,true,대구지방환경청,true,nlic_api_20260920k,,,,,2100000224094,108,20230601,20230601,고시,고시|중권역 물환경관리협의회 운영규정
DOC-001161,LAW-KR-000067,중점관리저수지의 지정 및 물환경개선을 위한 업무처리지침,v14_출처문서명,admin_rule,established_rule,,예규,nlic_admrul,norm:EstablishedRule,true,기후에너지환경부,true,nlic_api_20260920k,,,,대표,2100000267152,4,20251105,20251111,고시,고시|중점관리저수지의 지정 및 물환경개선을 위한 업무처리지침
DOC-001162,LAW-KR-000067,측정기기 관리대행능력 평가 및 공시 세부기준,v14_출처문서명,admin_rule,notice,,고시,nlic_admrul,norm:Notice,true,기후에너지환경부,true,nlic_api_20260920k,,,,,2100000265822,2025-165,20251001,20251007,고시,고시|측정기기 관리대행능력 평가 및 공시 세부기준
DOC-001163,LAW-KR-000067,측정기기 관리대행업의 기술인력 교육훈련 수수료,v14_출처문서명,admin_rule,notice,,고시,nlic_admrul,norm:Notice,true,기후에너지환경부,true,nlic_api_20260920k,,,,,2100000265864,2025-165,20251001,20251007,고시,고시|측정기기 관리대행업의 기술인력 교육훈련 수수료
DOC-001164,LAW-KR-000067,측정기기 운영·관리 위반행위 신고포상금 지급 기준,v14_출처문서명,admin_rule,notice,,고시,nlic_admrul,norm:Notice,true,기후에너지환경부,true,nlic_api_20260920k,,,,,2100000265868,2025-165,20251001,20251007,고시,고시|측정기기 운영·관리 위반행위 신고포상금 지급 기준
DOC-001165,LAW-KR-000067,탄약 비군사화시설의 관리·운영의 위탁 및 폐기 화약류 등의 위탁처리에 관한 기준,v14_출처문서명,admin_rule,notice,,고시,nlic_admrul,norm:Notice,true,국방부,true,nlic_api,,,,대표,,,,,고시,고시|탄약 비군사화시설의 관리·운영의 위탁 및 폐기 화약류 등의 위탁처리에 관한 기준
DOC-001166,LAW-KR-000067,통합관리 대상 배출시설등의 한계배출기준,v14_출처문서명,admin_rule,notice,,고시,nlic_admrul,norm:Notice,true,기후에너지환경부,true,nlic_api,,,DOC-000923,동일 사본,,,,,고시,고시|통합관리 대상 배출시설등의 한계배출기준
DOC-001167,LAW-KR-000067,특정수질유해물질 배출량조사 검토ㆍ검증 업무에 관한 규정,v14_출처문서명,admin_rule,notice,,고시,nlic_admrul,norm:Notice,true,국립환경과학원,true,nlic_api_20260920k,,,,,2100000283014,2026-30,20260727,20260727,고시,고시|특정수질유해물질 배출량조사 검토ㆍ검증 업무에 관한 규정
DOC-001168,LAW-KR-000067,특허·실용신안 우선심사의 신청에 관한 고시,v14_출처문서명,admin_rule,notice,,고시,nlic_admrul,norm:Notice,true,지식재산처,true,nlic_api,,,DOC-000926,동일 사본,,,,,고시,고시|특허·실용신안 우선심사의 신청에 관한 고시
DOC-001169,LAW-KR-000067,팔당호 상수원 수질보전 특별대책지역 특별배출허용 기준,v14_출처문서명,admin_rule,notice,,고시,nlic_admrul,norm:Notice,true,한강유역환경청,true,nlic_api_20260920k,,,,,2100000175779,2019-4,20190129,20190129,고시,고시|팔당호 상수원 수질보전 특별대책지역 특별배출허용 기준
DOC-001170,LAW-KR-000067,폐기물처분부담금 사무처리규정,v14_출처문서명,admin_rule,established_rule,,예규,nlic_admrul,norm:EstablishedRule,true,기후에너지환경부,true,nlic_api,,,DOC-000927,동일 사본,,,,,고시,고시|폐기물처분부담금 사무처리규정
DOC-001171,LAW-KR-000067,폐수처리업의 폐수처리시설 정기검사 수수료에 관한 규정,v14_출처문서명,admin_rule,notice,,고시,nlic_admrul,norm:Notice,true,기후에너지환경부,true,nlic_api_20260920k,,,,,2100000267184,2025-165,20251001,20251001,고시,고시|폐수처리업의 폐수처리시설 정기검사 수수료에 관한 규정
DOC-001172,LAW-KR-000067,폐수처리업의 폐수처리시설 정기검사에 관한 규정,v14_출처문서명,admin_rule,notice,,고시,nlic_admrul,norm:Notice,true,기후에너지환경부,true,nlic_api_20260920k,,,,,2100000267188,2025-165,20251001,20251001,고시,고시|폐수처리업의 폐수처리시설 정기검사에 관한 규정
DOC-001173,LAW-KR-000067,폐수처리오니 및 공정오니 발생시설,v14_출처문서명,admin_rule,notice,,고시,nlic_admrul,norm:Notice,true,기후에너지환경부,true,nlic_api_20260920k,,,,,2100000266738,2025-165,20251001,20251001,고시,고시|폐수처리오니 및 공정오니 발생시설
DOC-001174,LAW-KR-000067,표면처리업종 유해화학물질 취급시설 설치 및 관리에 관한 고시,v14_출처문서명,admin_rule,notice,,고시,nlic_admrul,norm:Notice,true,화학물질안전원,true,nlic_api,DOC-000187,UNIT-0082290,,,,,,,고시,고시|표면처리업종 유해화학물질 취급시설 설치 및 관리에 관한 고시
DOC-001175,LAW-KR-000067,한강유역 폐수배출시설 설치제한을 위한 대상 지역 및 시설 지정,v14_출처문서명,admin_rule,notice,,고시,nlic_admrul,norm:Notice,true,기후에너지환경부,true,nlic_api_20260920k,,,,대표,2100000265618,2025-165,20251001,20251001,고시,고시|한강유역 폐수배출시설 설치제한을 위한 대상 지역 및 시설 지정
DOC-001176,LAW-KR-000067,한국환경보전원 교육수수료,v14_출처문서명,admin_rule,notice,,고시,nlic_admrul,norm:Notice,true,기후에너지환경부,true,nlic_api,,,DOC-000928,동일 사본,,,,,고시,고시|한국환경보전원 교육수수료
DOC-001177,LAW-KR-000067,행정중심복합도시 저영향개발 사전협의제도 운영규정,v14_출처문서명,admin_rule,notice,,고시,nlic_admrul,norm:Notice,true,행정중심복합도시건설청,true,nlic_api_20260920k,,,,,2100000277122,2026-7,20260406,20260406,고시,고시|행정중심복합도시 저영향개발 사전협의제도 운영규정
DOC-001178,LAW-KR-000067,호소 환경조사 대상 호소,v14_출처문서명,admin_rule,notice,,고시,nlic_admrul,norm:Notice,true,기후에너지환경부,true,nlic_api_20260920k,,,,,2100000266210,2025-165,20251001,20251001,고시,고시|호소 환경조사 대상 호소
DOC-001179,LAW-KR-000067,화학물질의 배출량조사 및 산정계수에 관한 규정,v14_출처문서명,admin_rule,notice,,고시,nlic_admrul,norm:Notice,true,기후에너지환경부,true,nlic_api,,,DOC-000929,동일 사본,,,,,고시,고시|화학물질의 배출량조사 및 산정계수에 관한 규정
DOC-001180,LAW-KR-000067,환경생태유량 산정 지침,v14_출처문서명,admin_rule,notice,,고시,nlic_admrul,norm:Notice,true,국립환경과학원,true,nlic_api_20260920k,,,,,2100000283034,2026-31,20260727,20260727,고시,고시|환경생태유량 산정 지침
DOC-001181,LAW-KR-000067,환경오염행위 신고 및 포상금 지급 규정,v14_출처문서명,admin_rule,notice,,고시,nlic_admrul,norm:Notice,true,기후에너지환경부,true,nlic_api,,,DOC-000932,동일 사본,,,,,고시,고시|환경오염행위 신고 및 포상금 지급 규정
DOC-001182,LAW-KR-000067,환경측정분석사 검정용 시약 및 시험기자재 운영 규정,v14_출처문서명,admin_rule,established_rule,,예규,nlic_admrul,norm:EstablishedRule,true,국립환경인재개발원,true,nlic_api_20260920k,,,,,2100000215560,25,20221031,20221031,고시,고시|환경측정분석사 검정용 시약 및 시험기자재 운영 규정
DOC-001183,LAW-KR-000047,간이측정기 및 미세먼지 간이측정기 성능인증 등에 관한 고시,v14_출처문서명,admin_rule,notice,,고시,nlic_admrul,norm:Notice,true,국립환경과학원,true,nlic_api_20260920k,,,,대표,2100000282994,2026-30,20260727,20260727,고시,고시|간이측정기 및 미세먼지 간이측정기 성능인증 등에 관한 고시
DOC-001184,LAW-KR-000047,고농도 미세먼지 비상저감조치 시행대상 대기오염물질 배출시설에 대한 고시,v14_출처문서명,admin_rule,notice,,고시,nlic_admrul,norm:Notice,true,기후에너지환경부,true,nlic_api,,,DOC-000851,동일 사본,,,,,고시,고시|고농도 미세먼지 비상저감조치 시행대상 대기오염물질 배출시설에 대한 고시
DOC-001185,LAW-KR-000047,기후에너지환경부 국가미세먼지정보센터 대기영향예측시스템 운영 지침,v14_출처문서명,admin_rule,established_rule,,예규,nlic_admrul,norm:EstablishedRule,true,국가미세먼지정보센터,true,nlic_api_20260920k,,,,,2100000279812,9,20260522,20260522,고시,고시|기후에너지환경부 국가미세먼지정보센터 대기영향예측시스템 운영 지침
DOC-001186,LAW-KR-000047,미세먼지 간이측정기 성능인증 수수료,v14_출처문서명,admin_rule,notice,,고시,nlic_admrul,norm:Notice,true,기후에너지환경부,true,nlic_api_20260920k,,,,,2100000265272,2025-165,20251001,20251007,고시,고시|미세먼지 간이측정기 성능인증 수수료
DOC-001187,LAW-KR-000047,미세먼지연구·관리센터의 지정 및 운영에 관한 고시,v14_출처문서명,admin_rule,notice,,고시,nlic_admrul,norm:Notice,true,기후에너지환경부,true,nlic_api_20260920k,,,,,2100000265264,2025-165,20251001,20251001,고시,고시|미세먼지연구·관리센터의 지정 및 운영에 관한 고시
DOC-001188,LAW-KR-000047,우편물 이용제한 및 우편업무 일부 정지에 관한 고시,v14_출처문서명,admin_rule,notice,,고시,nlic_admrul,norm:Notice,true,우정사업본부,true,nlic_api,,,,,,,,,고시,고시|우편물 이용제한 및 우편업무 일부 정지에 관한 고시
DOC-001189,LAW-KR-000047,재난상황의 보고 대상 지정 고시,v14_출처문서명,admin_rule,notice,,고시,nlic_admrul,norm:Notice,true,행정안전부,true,nlic_api,,,DOC-001574,내용 다름(겹침 0%),,,,,고시,고시|재난상황의 보고 대상 지정 고시
DOC-001190,LAW-KR-000088,민방위 경보 발령ㆍ전달 규정,v14_출처문서명,admin_rule,established_rule,,행정예규,nlic_admrul,norm:EstablishedRule,true,대법원,true,nlic_api,DOC-000238,UNIT-0098687,,,,,,,고시,고시|민방위 경보 발령ㆍ전달 규정
DOC-001191,LAW-KR-000088,민방위 경보 전파 대상 건축물에서의 경보 전달 방법 및 관리기준,v14_출처문서명,admin_rule,notice,,고시,nlic_admrul,norm:Notice,true,행정안전부,true,nlic_api,DOC-000238,UNIT-0098687,,,,,,,고시,고시|민방위 경보 전파 대상 건축물에서의 경보 전달 방법 및 관리기준
DOC-001192,LAW-KR-000088,민방위 경보단말장비 인증에 관한 규정,v14_출처문서명,admin_rule,notice,,고시,nlic_admrul,norm:Notice,true,행정안전부,true,nlic_api_20260920k,,,,,2100000204650,2021-61,20210924,20210924,고시,고시|민방위 경보단말장비 인증에 관한 규정
DOC-001193,LAW-KR-000088,민방위 피해지원 기준 및 지원금 지급 운영지침,v14_출처문서명,admin_rule,notice,,고시,nlic_admrul,norm:Notice,true,행정안전부,true,nlic_api_20260920k,,,,,2100000262716,2025-54,20250806,20250806,고시,고시|민방위 피해지원 기준 및 지원금 지급 운영지침
DOC-001194,LAW-KR-000088,재난방송 및 민방위경보방송의 실시에 관한 기준,v14_출처문서명,admin_rule,notice,,고시,nlic_admrul,norm:Notice,true,방송미디어통신위원회,true,nlic_api,DOC-000355,UNIT-0142830,,,,,,,고시,고시|재난방송 및 민방위경보방송의 실시에 관한 기준
DOC-001195,LAW-KR-000189,개발제한구역내의 사립미술관 시설기준,v14_출처문서명,admin_rule,notice,,고시,nlic_admrul,norm:Notice,true,문화관광부,true,nlic_api,DOC-000535,UNIT-0218127,,,,,,,고시,고시|개발제한구역내의 사립미술관 시설기준
DOC-001196,LAW-KR-000189,국가귀속유산의 관리 등에 관한 규정,v14_출처문서명,admin_rule,established_rule,,예규,nlic_admrul,norm:EstablishedRule,true,국가유산청,true,nlic_api_20260920k,,,DOC-001090,내용 다름(겹침 0%),2100000256758,2025-43,20250317,20250317,고시,고시|국가귀속유산의 관리 등에 관한 규정
DOC-001197,LAW-KR-000189,국가기관 소유 미술품 보관관리규정,v14_출처문서명,admin_rule,notice,,고시,nlic_admrul,norm:Notice,true,조달청,true,nlic_api_20260920k,,,,,2100000199078,2021-7,20210315,20210315,고시,고시|국가기관 소유 미술품 보관관리규정
DOC-001198,LAW-KR-000189,국립고궁박물관 소장품 국내·국외 대여규정,v14_출처문서명,admin_rule,established_rule,,예규,nlic_admrul,norm:EstablishedRule,true,국립고궁박물관,true,nlic_api_20260920k,,,,,2100000250148,156,20241209,20241209,고시,고시|국립고궁박물관 소장품 국내·국외 대여규정
DOC-001199,LAW-KR-000189,국립국악원 국악박물관 운영규정,v14_출처문서명,admin_rule,established_rule,,예규,nlic_admrul,norm:EstablishedRule,true,국립국악원,true,nlic_api_20260920k,,,,,2100000267892,326,20251031,20251031,고시,고시|국립국악원 국악박물관 운영규정
DOC-001200,LAW-KR-000189,국립민속박물관 소장품 관리 규정,v14_출처문서명,admin_rule,established_rule,,예규,nlic_admrul,norm:EstablishedRule,true,국립민속박물관,true,nlic_api_20260920k,,,,,2100000275604,276,20260330,20260330,고시,고시|국립민속박물관 소장품 관리 규정
DOC-001201,LAW-KR-000189,국립민속박물관 소장품 보존처리 및 조사분석 규정,v14_출처문서명,admin_rule,established_rule,,예규,nlic_admrul,norm:EstablishedRule,true,국립민속박물관,true,nlic_api,,,,대표,,,,,고시,고시|국립민속박물관 소장품 보존처리 및 조사분석 규정
DOC-001202,LAW-KR-000189,국립민속박물관 아카이브자료 관리 규정,v14_출처문서명,admin_rule,established_rule,,예규,nlic_admrul,norm:EstablishedRule,true,국립민속박물관,true,nlic_api_20260920k,,,,,2100000273662,273,20260130,20260130,고시,고시|국립민속박물관 아카이브자료 관리 규정
DOC-001203,LAW-KR-000189,국립수목원 산림박물관 관리운영규칙,v14_출처문서명,admin_rule,established_rule,,예규,nlic_admrul,norm:EstablishedRule,true,국립수목원,true,nlic_api_20260920k,,,,,2100000250746,177,20241212,20241212,고시,고시|국립수목원 산림박물관 관리운영규칙
DOC-001204,LAW-KR-000189,국립아시아문화전당 아시아문화박물관 운영 규정,v14_출처문서명,admin_rule,established_rule,,예규,nlic_admrul,norm:EstablishedRule,true,국립아시아문화전당,true,nlic_api_20260920k,,,,,2100000263074,128,20250817,20250823,고시,고시|국립아시아문화전당 아시아문화박물관 운영 규정
DOC-001205,LAW-KR-000189,국립중앙박물관 소장품 관리규정,v14_출처문서명,admin_rule,established_rule,,예규,nlic_admrul,norm:EstablishedRule,true,국립중앙박물관,true,nlic_api_20260920k,,,,,2100000278440,287,20260429,20260429,고시,고시|국립중앙박물관 소장품 관리규정
DOC-001206,LAW-KR-000189,국립중앙박물관 소장품 보존처리 및 조사분석 규정,v14_출처문서명,admin_rule,established_rule,,예규,nlic_admrul,norm:EstablishedRule,true,국립중앙박물관,true,nlic_api,,,DOC-001107,동일 사본,,,,,고시,고시|국립중앙박물관 소장품 보존처리 및 조사분석 규정
DOC-001207,LAW-KR-000189,국립지도박물관 운영 규정,v14_출처문서명,admin_rule,established_rule,,예규,nlic_admrul,norm:EstablishedRule,true,국토지리정보원,true,nlic_api_20260920k,,,,,2100000275036,207,20260224,20260302,고시,고시|국립지도박물관 운영 규정
DOC-001208,LAW-KR-000189,국립한글박물관 소장자료 관리 규정,v14_출처문서명,admin_rule,established_rule,,예규,nlic_admrul,norm:EstablishedRule,true,국립한글박물관,true,nlic_api_20260920k,,,,,2100000212719,76,20220701,20220701,고시,고시|국립한글박물관 소장자료 관리 규정
DOC-001209,LAW-KR-000189,국립해양유산연구소 소장유물 대여 규정,v14_출처문서명,admin_rule,notice,,지침,nlic_admrul_미배치,norm:AdministrativeRule,true,국립해양유산연구소,true,nlic_api_20260920k,,,,,2100000241252,9,20240517,20240517,고시,고시|국립해양유산연구소 소장유물 대여 규정
DOC-001210,LAW-KR-000189,국제회의집적시설 지정 및 관리에 관한 고시,v14_출처문서명,admin_rule,notice,,고시,nlic_admrul,norm:Notice,true,문화체육관광부,true,nlic_api_20260920k,,,,대표,2100000214568,2022-46,20220920,20220920,고시,고시|국제회의집적시설 지정 및 관리에 관한 고시
DOC-001211,LAW-KR-000189,대한민국역사박물관 자료 수집과 관리 등에 관한 규정,v14_출처문서명,admin_rule,established_rule,,예규,nlic_admrul,norm:EstablishedRule,true,대한민국역사박물관,true,nlic_api_20260920k,,,,,2100000195313,78,20201231,20201231,고시,고시|대한민국역사박물관 자료 수집과 관리 등에 관한 규정
DOC-001212,LAW-KR-000189,문화유산 유출방지를 위한 업무처리에 관한 예규,v14_출처문서명,admin_rule,established_rule,,예규,nlic_admrul,norm:EstablishedRule,true,관세청,true,nlic_api,,,DOC-001110,동일 사본,,,,,고시,고시|문화유산 유출방지를 위한 업무처리에 관한 예규
DOC-001213,LAW-KR-000189,박물관·미술관 학예사운영위원회 운영규정,v14_출처문서명,admin_rule,established_rule,,예규,nlic_admrul,norm:EstablishedRule,true,국립중앙박물관,true,nlic_api_20260920k,,,,,2100000241126,276,20240517,20240517,고시,고시|박물관·미술관 학예사운영위원회 운영규정
DOC-001214,LAW-KR-000124,물리적방호규정등과 국제운송방호계획의 작성내용의 항목별 세부작성기준,v14_출처문서명,admin_rule,notice,,고시,nlic_admrul,norm:Notice,true,원자력안전위원회,true,nlic_api,DOC-000343,UNIT-0136652,,,,,,,고시,고시|물리적방호규정등과 국제운송방호계획의 작성내용의 항목별 세부작성기준
DOC-001215,LAW-KR-000124,원자력사업자의 방사능방재 검사에 관한 규정,v14_출처문서명,admin_rule,notice,,고시,nlic_admrul,norm:Notice,true,원자력안전위원회,true,nlic_api,DOC-000343,UNIT-0136509,,,,,,,고시,고시|원자력사업자의 방사능방재 검사에 관한 규정
DOC-001216,LAW-KR-000058,(기후에너지환경부) 온실가스 배출권의 거래에 관한 고시,v14_출처문서명,admin_rule,notice,,고시,nlic_admrul,norm:Notice,true,환경부,true,nlic_api_20260920k,,,,,2100000267472,2025-165,20251001,20251007,고시,고시|(기후에너지환경부) 온실가스 배출권의 거래에 관한 고시
DOC-001217,LAW-KR-000058,2026년 배출권 거래시장 시장조성자의 지정고시,v14_출처문서명,admin_rule,notice,,고시,nlic_admrul,norm:Notice,true,기후에너지환경부,true,nlic_api_20260920k,,,,,2100000268900,2025-42,20251202,20251202,고시,고시|2026년 배출권 거래시장 시장조성자의 지정고시
DOC-001218,LAW-KR-000058,국제감축사업 사전승인 및 국제감축실적의 취득 등에 관한 지침,v14_출처문서명,admin_rule,notice,,고시,nlic_admrul,norm:Notice,true,국무조정실,true,nlic_api_20260920k,,,,대표,2100000242568,2024-99,20240617,20240623,고시,고시|국제감축사업 사전승인 및 국제감축실적의 취득 등에 관한 지침
DOC-001219,LAW-KR-000058,배출권 거래시장 배출권거래중개회사에 관한 고시,v14_출처문서명,admin_rule,notice,,고시,nlic_admrul,norm:Notice,true,기후에너지환경부,true,nlic_api_20260920k,,,,,2100000268582,2025-165,20251001,20251007,고시,고시|배출권 거래시장 배출권거래중개회사에 관한 고시
DOC-001220,LAW-KR-000058,배출권 거래시장 시장조성자 지정 및 운영 등에 관한 고시,v14_출처문서명,admin_rule,notice,,고시,nlic_admrul,norm:Notice,true,기후에너지환경부,true,nlic_api_20260920k,,,,,2100000273714,2025-165,20260126,20260201,고시,고시|배출권 거래시장 시장조성자 지정 및 운영 등에 관한 고시
DOC-001221,LAW-KR-000058,배출권 유상할당 및 시장안정화 조치를 위한 배출권 추가할당에 관한 규정,v14_출처문서명,admin_rule,notice,,고시,nlic_admrul,norm:Notice,true,기후에너지환경부,true,nlic_api_20260920k,,,,,2100000268682,2025-37,20251127,20251127,고시,고시|배출권 유상할당 및 시장안정화 조치를 위한 배출권 추가할당에 관한 규정
DOC-001222,LAW-KR-000058,사회공헌형 산림탄소상쇄 운영표준,v14_출처문서명,admin_rule,notice,,고시,nlic_admrul,norm:Notice,true,산림청,true,nlic_api_20260920k,,,,,2100000278540,2026-45,20260430,20260430,고시,고시|사회공헌형 산림탄소상쇄 운영표준
DOC-001223,LAW-KR-000058,온실가스 검증기관 지정 및 관리 규정,v14_출처문서명,admin_rule,notice,,고시,nlic_admrul,norm:Notice,true,국립환경과학원,true,nlic_api_20260920k,,,,대표,2100000282972,2026-30,20260727,20260802,고시,고시|온실가스 검증기관 지정 및 관리 규정
DOC-001224,LAW-KR-000058,온실가스 검증기관 지정기관 사무국 운영 및 지정업무 등에 관한 규정,v14_출처문서명,admin_rule,established_rule,,예규,nlic_admrul,norm:EstablishedRule,true,국립환경과학원,true,nlic_api_20260920k,,,,대표,2100000283082,913,20260727,20260727,고시,고시|온실가스 검증기관 지정기관 사무국 운영 및 지정업무 등에 관한 규정
DOC-001225,LAW-KR-000058,온실가스 배출권 거래소 신청자격 및 평가기준 등에 관한 고시,v14_출처문서명,admin_rule,notice,,고시,nlic_admrul,norm:Notice,true,기후에너지환경부,true,nlic_api_20260920k,,,,,2100000268590,2025-165,20251001,20251007,고시,고시|온실가스 배출권 거래소 신청자격 및 평가기준 등에 관한 고시
DOC-001226,LAW-KR-000058,온실가스 배출권 거래소의 감독에 관한 고시,v14_출처문서명,admin_rule,notice,,고시,nlic_admrul,norm:Notice,true,기후에너지환경부,true,nlic_api_20260920k,,,,,2100000267436,2025-165,20251106,20251112,고시,고시|온실가스 배출권 거래소의 감독에 관한 고시
DOC-001227,LAW-KR-000058,온실가스 배출권거래제 운영을 위한 검증지침,v14_출처문서명,admin_rule,notice,,고시,nlic_admrul,norm:Notice,true,기후에너지환경부,true,nlic_api_20260920k,,,,대표,2100000267438,2025-165,20251001,20251007,고시,고시|온실가스 배출권거래제 운영을 위한 검증지침
DOC-001228,LAW-KR-000058,온실가스 배출권거래제의 배출량 보고 및 인증에 관한 지침,v14_출처문서명,admin_rule,notice,,고시,nlic_admrul,norm:Notice,true,기후에너지환경부,true,nlic_api_20260920k,,,,대표,2100000257748,2025-64,20250411,20250411,고시,고시|온실가스 배출권거래제의 배출량 보고 및 인증에 관한 지침
DOC-001229,LAW-KR-000058,온실가스 배출권의 할당 및 취소에 관한 지침,v14_출처문서명,admin_rule,notice,,고시,nlic_admrul,norm:Notice,true,기후에너지환경부,true,nlic_api_20260920k,,,,대표,2100000278412,2026-108,20260429,20260429,고시,고시|온실가스 배출권의 할당 및 취소에 관한 지침
DOC-001230,LAW-KR-000058,외부사업 타당성 평가 및 감축량 인증에 관한 지침,v14_출처문서명,admin_rule,notice,,고시,nlic_admrul,norm:Notice,true,"환경부,산업통상부,국토교통부,해양수산부,농림축산식품부",true,nlic_api_20260920k,,,,,2100000267466,2025-165,20251001,20251007,고시,고시|외부사업 타당성 평가 및 감축량 인증에 관한 지침
DOC-001231,LAW-KR-000032,국립농산물품질관리원 조사공무원증 발급 및 관리 요령,v14_출처문서명,admin_rule,established_rule,,예규,nlic_admrul,norm:EstablishedRule,true,국립농산물품질관리원,true,nlic_api,,,DOC-000793,동일 사본,,,,,고시,고시|국립농산물품질관리원 조사공무원증 발급 및 관리 요령
DOC-001232,LAW-KR-000032,농업ㆍ농촌공간정보 등의 종합정보체계 구축ㆍ운영ㆍ관리를 위하여 필요하다고 농림축산식품부장관이 인정하는 정보에 관한 고시,v14_출처문서명,admin_rule,notice,,,명칭 불일치(0건 반환),norm:AdministrativeRule,true,,true,nlic_api,,,,대표,,,,,고시,고시|농업ㆍ농촌공간정보 등의 종합정보체계 구축ㆍ운영ㆍ관리를 위하여 필요하다고 농림축산식품부장관이 인정하는 정보에 관한 고시
DOC-001233,LAW-KR-000032,대러시아 한국산 식용농산물 수출요령,v14_출처문서명,admin_rule,notice,,고시,nlic_admrul,norm:Notice,true,농림축산식품부,true,nlic_api,,,DOC-000811,동일 사본,,,,,고시,고시|대러시아 한국산 식용농산물 수출요령
DOC-001234,LAW-KR-000032,비료 가격표시제 실시 요령,v14_출처문서명,admin_rule,notice,,고시,nlic_admrul,norm:Notice,true,국립농산물품질관리원,true,nlic_api_20260920k,,,,,2100000213143,2022-4,20220720,20220720,고시,고시|비료 가격표시제 실시 요령
DOC-001235,LAW-KR-000032,비료 공정규격 설정,v14_출처문서명,admin_rule,notice,,고시,nlic_admrul,norm:Notice,true,농촌진흥청,true,nlic_api_20260920k,,,,,2100000280520,2026-13,20260608,20260707,고시,고시|비료 공정규격 설정
DOC-001236,LAW-KR-000032,비료 시험연구기관 지정,v14_출처문서명,admin_rule,notice,,고시,nlic_admrul,norm:Notice,true,농촌진흥청,true,nlic_api_20260920k,,,,,2100000278296,2026-5,20260421,20260421,고시,고시|비료 시험연구기관 지정
DOC-001237,LAW-KR-000032,비료 시험연구기관 지정 및 관리기준,v14_출처문서명,admin_rule,notice,,고시,nlic_admrul,norm:Notice,true,농촌진흥청,true,nlic_api_20260920k,,,,,2100000041999,2016-10,20160307,20160307,고시,고시|비료 시험연구기관 지정 및 관리기준
DOC-001238,LAW-KR-000032,비료 품질검사 업무 재위임 규정,v14_출처문서명,admin_rule,notice,,고시,nlic_admrul,norm:Notice,true,국립농산물품질관리원,true,nlic_api_20260920k,,,,,2100000212819,2022-3,20220706,20220706,고시,고시|비료 품질검사 업무 재위임 규정
DOC-001239,LAW-KR-000032,비료 품질검사 요령,v14_출처문서명,admin_rule,established_rule,,예규,nlic_admrul,norm:EstablishedRule,true,국립농산물품질관리원,true,nlic_api_20260920k,,,,,2100000280456,247,20260608,20260608,고시,고시|비료 품질검사 요령
DOC-001240,LAW-KR-000032,비료생산업의 시설 기타 등록기준 중 농촌진흥청장이 정하는 비료의 시설기준,v14_출처문서명,admin_rule,notice,,고시,nlic_admrul,norm:Notice,true,농촌진흥청,true,nlic_api_20260920k,,,,,2100000280554,2026-12,20260608,20260608,고시,고시|비료생산업의 시설 기타 등록기준 중 농촌진흥청장이 정하는 비료의 시설기준
DOC-001241,LAW-KR-000032,비료의 품질검사방법 및 시료채취기준,v14_출처문서명,admin_rule,notice,,고시,nlic_admrul,norm:Notice,true,농촌진흥청,true,nlic_api_20260920k,,,,,2100000255912,2025-6,20250304,20250304,고시,고시|비료의 품질검사방법 및 시료채취기준
DOC-001242,LAW-KR-000032,수입금지 물건 등에 대한 가축방역상 안전한 처리방법,v14_출처문서명,admin_rule,notice,,고시,nlic_admrul,norm:Notice,true,농림축산식품부,true,nlic_api_20260920k,,,,대표,2100000247290,2024-66,20240920,20240920,고시,고시|수입금지 물건 등에 대한 가축방역상 안전한 처리방법
DOC-001243,LAW-KR-000032,수입비료 및 그 원료에 대한 중금속의 위해성 검사기준,v14_출처문서명,admin_rule,notice,,고시,nlic_admrul,norm:Notice,true,국립농업과학원,true,nlic_api_20260920k,,,,,2100000209839,2022-1,20220310,20220310,고시,고시|수입비료 및 그 원료에 대한 중금속의 위해성 검사기준
DOC-001244,LAW-KR-000032,우량비료 인정기준,v14_출처문서명,admin_rule,notice,,고시,nlic_admrul,norm:Notice,true,농촌진흥청,true,nlic_api_20260920k,,,,,2100000222928,2023-17,20230502,20230502,고시,고시|우량비료 인정기준
DOC-001245,LAW-KR-000032,유기성오니 등을 토지개량제 및 매립시설 복토 용도로의 재활용 방법에 관한 규정,v14_출처문서명,admin_rule,notice,,고시,nlic_admrul,norm:Notice,true,기후에너지환경부,true,nlic_api,DOC-000090,UNIT-0048680,,,,,,,고시,고시|유기성오니 등을 토지개량제 및 매립시설 복토 용도로의 재활용 방법에 관한 규정
DOC-001246,LAW-KR-000032,퇴비액비화기준 중 부숙도 기준 등에 관한 고시,v14_출처문서명,admin_rule,notice,,고시,nlic_admrul,norm:Notice,true,기후에너지환경부,true,nlic_api_20260920k,,,,,2100000268318,2025-165,20251001,20251001,고시,고시|퇴비액비화기준 중 부숙도 기준 등에 관한 고시
DOC-001247,LAW-KR-000142,사방사업의 타당성평가 및 위탁업무 처리규정,v14_출처문서명,admin_rule,notice,,고시,nlic_admrul,norm:Notice,true,산림청,true,nlic_api_20260920k,,,,,2100000210333,2022-37,20220406,20220406,고시,고시|사방사업의 타당성평가 및 위탁업무 처리규정
DOC-001248,LAW-KR-000142,산림보호 분야 신고 포상금 지급에 관한 규정,v14_출처문서명,admin_rule,notice,,고시,nlic_admrul,norm:Notice,true,산림청,true,nlic_api_20260920k,,,,,2100000202878,2021-67,20210709,20210709,고시,고시|산림보호 분야 신고 포상금 지급에 관한 규정
DOC-001249,LAW-KR-000142,산림생명자원 국외 분양·반출 세부기준 및 승인대상목록,v14_출처문서명,admin_rule,notice,,고시,nlic_admrul,norm:Notice,true,산림청,true,nlic_api_20260920k,,,,,2100000216183,2022-102,20221121,20221121,고시,고시|산림생명자원 국외 분양·반출 세부기준 및 승인대상목록
DOC-001250,LAW-KR-000142,산불진화기관의 임무와 역할에 관한 규정,v14_출처문서명,admin_rule,established_rule,,예규,nlic_admrul,norm:EstablishedRule,true,"산림청,기상청,기후에너지환경부,소방청,국방부,경찰청,국가유산청",true,nlic_api,DOC-000397,UNIT-0165464,,,,,,,고시,고시|산불진화기관의 임무와 역할에 관한 규정
DOC-001251,LAW-KR-000142,생태숲 지정·관리 지침,v14_출처문서명,admin_rule,established_rule,,예규,nlic_admrul,norm:EstablishedRule,true,산림청,true,nlic_api_20260920k,,,,,2100000194106,685,20200806,20200806,고시,고시|생태숲 지정·관리 지침
DOC-001252,LAW-KR-000142,수목진료 관련 학과 및 직무분야 고시,v14_출처문서명,admin_rule,notice,,고시,nlic_admrul,norm:Notice,true,산림청,true,nlic_api_20260920k,,,,,2100000256678,2025-35,20250320,20250320,고시,고시|수목진료 관련 학과 및 직무분야 고시
DOC-001253,LAW-KR-000142,숲사랑지도원 등의 위촉·운영 등에 관한 규정,v14_출처문서명,admin_rule,established_rule,,예규,nlic_admrul,norm:EstablishedRule,true,산림청,true,nlic_api_20260920k,,,,,2100000252162,721,20241230,20241230,고시,고시|숲사랑지도원 등의 위촉·운영 등에 관한 규정
DOC-001254,LAW-KR-000144,국립자연휴양림 이용에 관한 약관,v14_출처문서명,admin_rule,notice,,지침,nlic_admrul_미배치,norm:AdministrativeRule,true,국립자연휴양림관리소,true,nlic_api,DOC-000403,UNIT-0168830,,,,,,,고시,고시|국립자연휴양림 이용에 관한 약관
DOC-001255,LAW-KR-000144,국유 산림복지시설의 이용료 기준,v14_출처문서명,admin_rule,notice,,고시,nlic_admrul,norm:Notice,true,산림청,true,nlic_api_20260920k,,,,,2100000255234,2025-26,20250228,20250228,고시,고시|국유 산림복지시설의 이용료 기준
DOC-001256,LAW-KR-000144,산림복지단지 조성계획의 타당성조사 수수료 산정기준·고지·납부·환급 및 운영 등에 관한 규정,v14_출처문서명,admin_rule,notice,,고시,nlic_admrul,norm:Notice,true,산림청,true,nlic_api_20260920k,,,,,2100000157950,2018-88,20180927,20180927,고시,고시|산림복지단지 조성계획의 타당성조사 수수료 산정기준·고지·납부·환급 및 운영 등에 관한 규정
DOC-001257,LAW-KR-000144,산림복지서비스 제공을 위한 산림복지시설 지정,v14_출처문서명,admin_rule,notice,,고시,nlic_admrul,norm:Notice,true,산림청,true,nlic_api_20260920k,,,,,2100000174887,2018-111,20181228,20181228,고시,고시|산림복지서비스 제공을 위한 산림복지시설 지정
DOC-001258,LAW-KR-000144,산림복지서비스제공자 등에 대한 교육·훈련에 관한 고시,v14_출처문서명,admin_rule,notice,,고시,nlic_admrul,norm:Notice,true,산림청,true,nlic_api_20260920k,,,,,2100000257422,2025-41,20250409,20250409,고시,고시|산림복지서비스제공자 등에 대한 교육·훈련에 관한 고시
DOC-001259,LAW-KR-000144,산림복지서비스제공자 평가에 관한 고시,v14_출처문서명,admin_rule,notice,,고시,nlic_admrul,norm:Notice,true,산림청,true,nlic_api_20260920k,,,,,2100000216228,2022-104,20221121,20221121,고시,고시|산림복지서비스제공자 평가에 관한 고시
DOC-001260,LAW-KR-000144,산림복지서비스제공자의 등록 등에 관한 수수료 고시,v14_출처문서명,admin_rule,notice,,고시,nlic_admrul,norm:Notice,true,산림청,true,nlic_api_20260920k,,,,,2100000228096,2022-68,20220620,20220620,고시,고시|산림복지서비스제공자의 등록 등에 관한 수수료 고시
DOC-001261,LAW-KR-000144,산림복지서비스제공자의 시설 및 인력기준,v14_출처문서명,admin_rule,notice,,고시,nlic_admrul,norm:Notice,true,산림청,true,nlic_api_20260920k,,,,,2100000057189,2016-71,20160822,20160822,고시,고시|산림복지서비스제공자의 시설 및 인력기준
DOC-001262,LAW-KR-000144,산림복지심의위원회 운영규정,v14_출처문서명,admin_rule,established_rule,,예규,nlic_admrul,norm:EstablishedRule,true,산림청,true,nlic_api_20260920k,,,,,2100000274478,731,20260210,20260210,고시,고시|산림복지심의위원회 운영규정
DOC-001263,LAW-KR-000144,산림복지전문가의 배치기준,v14_출처문서명,admin_rule,notice,,고시,nlic_admrul,norm:Notice,true,산림청,true,nlic_api_20260920k,,,,,2100000166289,2018-89,20181010,20181010,고시,고시|산림복지전문가의 배치기준
DOC-001264,LAW-KR-000144,산림복지전문업 평가에 관한 고시,v14_출처문서명,admin_rule,notice,,고시,nlic_admrul,norm:Notice,true,산림청,true,nlic_api_20260920k,,,,,2100000216227,2022-103,20221121,20221121,고시,고시|산림복지전문업 평가에 관한 고시
DOC-001265,LAW-KR-000144,산림복지전문업에 대한 교육·훈련에 관한 고시,v14_출처문서명,admin_rule,notice,,고시,nlic_admrul,norm:Notice,true,산림청,true,nlic_api_20260920k,,,,,2100000257420,2025-42,20250409,20250409,고시,고시|산림복지전문업에 대한 교육·훈련에 관한 고시
DOC-001266,LAW-KR-000110,산불방지 위반사항 신고 포상금 지급에 관한 규정,v14_출처문서명,admin_rule,notice,,고시,nlic_admrul,norm:Notice,true,산림청,true,nlic_api,DOC-000303,UNIT-0119171,,,,,,,고시,고시|산불방지 위반사항 신고 포상금 지급에 관한 규정
DOC-001267,LAW-KR-000020,가설공사 표준안전 작업지침,v14_출처문서명,admin_rule,notice,,고시,nlic_admrul,norm:Notice,true,고용노동부,true,nlic_api,DOC-000057,UNIT-0031643,,,,,,,고시,고시|가설공사 표준안전 작업지침
DOC-001268,LAW-KR-000020,가스누출감지경보기 설치에 관한 기술상의 지침,v14_출처문서명,admin_rule,notice,,고시,nlic_admrul,norm:Notice,true,고용노동부,true,nlic_api,DOC-000057,UNIT-0031643,,,,,,,고시,고시|가스누출감지경보기 설치에 관한 기술상의 지침
DOC-001269,LAW-KR-000020,감전재해 예방을 위한 기술상의 지침,v14_출처문서명,admin_rule,notice,,고시,nlic_admrul,norm:Notice,true,고용노동부,true,nlic_api,DOC-000057,UNIT-0031643,,,,,,,고시,고시|감전재해 예방을 위한 기술상의 지침
DOC-001270,LAW-KR-000020,건설공사 안전보건대장의 작성 등에 관한 고시,v14_출처문서명,admin_rule,notice,,고시,nlic_admrul,norm:Notice,true,고용노동부,true,nlic_api,DOC-000057,UNIT-0032398,,대표,,,,,고시,고시|건설공사 안전보건대장의 작성 등에 관한 고시
DOC-001271,LAW-KR-000020,건설업 산업안전보건관리비 계상 및 사용기준,v14_출처문서명,admin_rule,notice,,고시,nlic_admrul,norm:Notice,true,고용노동부,true,nlic_api,DOC-000057,UNIT-0032427,,대표,,,,,고시,고시|건설업 산업안전보건관리비 계상 및 사용기준
DOC-001272,LAW-KR-000020,건설업체의 산업재해예방활동 실적 평가기준,v14_출처문서명,admin_rule,notice,,고시,nlic_admrul,norm:Notice,true,고용노동부,true,nlic_api,DOC-000057,UNIT-0031963,,,,,,,고시,고시|건설업체의 산업재해예방활동 실적 평가기준
DOC-001273,LAW-KR-000020,고기압 작업에 관한 기준,v14_출처문서명,admin_rule,notice,,고시,nlic_admrul,norm:Notice,true,고용노동부,true,nlic_api,DOC-000057,UNIT-0031689,,,,,,,고시,고시|고기압 작업에 관한 기준
DOC-001274,LAW-KR-000020,공공기관의 안전활동 수준평가에 관한 고시,v14_출처문서명,admin_rule,notice,,고시,nlic_admrul,norm:Notice,true,고용노동부,true,nlic_api,DOC-000057,UNIT-0031886,,,,,,,고시,고시|공공기관의 안전활동 수준평가에 관한 고시
DOC-001275,LAW-KR-000020,공공행정 등에서 현업업무에 종사하는 사람의 기준,v14_출처문서명,admin_rule,notice,,고시,nlic_admrul,norm:Notice,true,고용노동부,true,nlic_api,DOC-000058,UNIT-0032867,,,,,,,고시,고시|공공행정 등에서 현업업무에 종사하는 사람의 기준
DOC-001276,LAW-KR-000020,공작기계 안전기준 일반에 관한 기술상의 지침,v14_출처문서명,admin_rule,notice,,고시,nlic_admrul,norm:Notice,true,고용노동부,true,nlic_api,DOC-000057,UNIT-0031643,,,,,,,고시,고시|공작기계 안전기준 일반에 관한 기술상의 지침
DOC-001277,LAW-KR-000020,공정안전보고서의 제출·심사·확인 및 이행상태평가 등에 관한 규정,v14_출처문서명,admin_rule,notice,,고시,nlic_admrul,norm:Notice,true,고용노동부,true,nlic_api,DOC-000057,UNIT-0032259,,,,,,,고시,고시|공정안전보고서의 제출·심사·확인 및 이행상태평가 등에 관한 규정
DOC-001278,LAW-KR-000020,굴착공사 표준안전 작업지침,v14_출처문서명,admin_rule,notice,,고시,nlic_admrul,norm:Notice,true,고용노동부,true,nlic_api,DOC-000057,UNIT-0031643,,,,,,,고시,고시|굴착공사 표준안전 작업지침
DOC-001279,LAW-KR-000020,근골격계부담작업의 범위 및 유해요인조사 방법에 관한 고시,v14_출처문서명,admin_rule,notice,,고시,nlic_admrul,norm:Notice,true,고용노동부,true,nlic_api,DOC-000057,UNIT-0032223,,,,,,,고시,고시|근골격계부담작업의 범위 및 유해요인조사 방법에 관한 고시
DOC-001280,LAW-KR-000020,근로자 건강증진활동 지침,v14_출처문서명,admin_rule,notice,,고시,nlic_admrul,norm:Notice,true,고용노동부,true,nlic_api,DOC-000057,UNIT-0032254,,,,,,,고시,고시|근로자 건강증진활동 지침
DOC-001281,LAW-KR-000020,근로자 건강진단 실시기준,v14_출처문서명,admin_rule,notice,,고시,nlic_admrul,norm:Notice,true,고용노동부,true,nlic_api,DOC-000057,UNIT-0031649,,,,,,,고시,고시|근로자 건강진단 실시기준
DOC-001282,LAW-KR-000020,발파 표준안전 작업지침,v14_출처문서명,admin_rule,notice,,고시,nlic_admrul,norm:Notice,true,고용노동부,true,nlic_api,DOC-000057,UNIT-0031643,,,,,,,고시,고시|발파 표준안전 작업지침
DOC-001283,LAW-KR-000020,방호장치 안전인증 고시,v14_출처문서명,admin_rule,notice,,고시,nlic_admrul,norm:Notice,true,고용노동부,true,nlic_api,DOC-000059,UNIT-0033687,,,,,,,고시,고시|방호장치 안전인증 고시
DOC-001284,LAW-KR-000020,방호장치 자율안전기준 고시,v14_출처문서명,admin_rule,notice,,고시,nlic_admrul,norm:Notice,true,고용노동부,true,nlic_api,DOC-000057,UNIT-0032531,,,,,,,고시,고시|방호장치 자율안전기준 고시
DOC-001285,LAW-KR-000020,벌목 표준안전 작업지침,v14_출처문서명,admin_rule,notice,,고시,nlic_admrul,norm:Notice,true,고용노동부,true,nlic_api,DOC-000057,UNIT-0031643,,,,,,,고시,고시|벌목 표준안전 작업지침
DOC-001286,LAW-KR-000020,보호구 안전인증 고시,v14_출처문서명,admin_rule,notice,,고시,nlic_admrul,norm:Notice,true,고용노동부,true,nlic_api,DOC-000058,UNIT-0033433,,,,,,,고시,고시|보호구 안전인증 고시
DOC-001287,LAW-KR-000020,보호구 자율안전확인 고시,v14_출처문서명,admin_rule,notice,,고시,nlic_admrul,norm:Notice,true,고용노동부,true,nlic_api,DOC-000059,UNIT-0033737,,,,,,,고시,고시|보호구 자율안전확인 고시
DOC-001288,LAW-KR-000020,사무실 공기관리 지침,v14_출처문서명,admin_rule,notice,,고시,nlic_admrul,norm:Notice,true,고용노동부,true,nlic_api,DOC-000057,UNIT-0031644,,,,,,,고시,고시|사무실 공기관리 지침
DOC-001289,LAW-KR-000020,사업장 위험성평가에 관한 지침,v14_출처문서명,admin_rule,notice,,고시,nlic_admrul,norm:Notice,true,고용노동부,true,nlic_api,DOC-000057,UNIT-0032372,,,,,,,고시,고시|사업장 위험성평가에 관한 지침
DOC-001290,LAW-KR-000020,산업안전지도사 및 산업보건지도사 지도 실적으로 인정할 수 있는 기관·단체에 관한 고시,v14_출처문서명,admin_rule,notice,,고시,nlic_admrul,norm:Notice,true,고용노동부,true,nlic_api,DOC-000057,UNIT-0031729,,,,,,,고시,고시|산업안전지도사 및 산업보건지도사 지도 실적으로 인정할 수 있는 기관·단체에 관한 고시
DOC-001291,LAW-KR-000020,석면조사 및 안전성 평가 등에 관한 고시,v14_출처문서명,admin_rule,notice,,고시,nlic_admrul,norm:Notice,true,고용노동부,true,nlic_api,DOC-000057,UNIT-0031574,,대표,,,,,고시,고시|석면조사 및 안전성 평가 등에 관한 고시
DOC-001292,LAW-KR-000020,석면해체·제거업자 종사인력의 교육에 관한 규정,v14_출처문서명,admin_rule,notice,,고시,nlic_admrul,norm:Notice,true,고용노동부,true,nlic_api,DOC-000057,UNIT-0031596,,,,,,,고시,고시|석면해체·제거업자 종사인력의 교육에 관한 규정
DOC-001293,LAW-KR-000020,석면해체작업감리인 기준,v14_출처문서명,admin_rule,notice,,고시,nlic_admrul,norm:Notice,true,"기후에너지환경부,고용노동부,국토교통부",true,nlic_api,DOC-000057,UNIT-0031597,,대표,,,,,고시,고시|석면해체작업감리인 기준
DOC-001294,LAW-KR-000020,신규화학물질의 유해성·위험성 조사 등에 관한 고시,v14_출처문서명,admin_rule,notice,,고시,nlic_admrul,norm:Notice,true,고용노동부,true,nlic_api,DOC-000057,UNIT-0031470,,,,,,,고시,고시|신규화학물질의 유해성·위험성 조사 등에 관한 고시
DOC-001295,LAW-KR-000020,안전·보건에 관한 업무 수행시간의 기준 고시,v14_출처문서명,admin_rule,notice,,고시,nlic_admrul,norm:Notice,true,고용노동부,true,nlic_api,DOC-000004,UNIT-0004715,,,,,,,고시,고시|안전·보건에 관한 업무 수행시간의 기준 고시
DOC-001296,LAW-KR-000020,안전검사 고시,v14_출처문서명,admin_rule,notice,,고시,nlic_admrul,norm:Notice,true,고용노동부,true,nlic_api,DOC-000057,UNIT-0032562,,,,,,,고시,고시|안전검사 고시
DOC-001297,LAW-KR-000020,안전검사 절차에 관한 고시,v14_출처문서명,admin_rule,notice,,고시,nlic_admrul,norm:Notice,true,고용노동부,true,nlic_api,DOC-000057,UNIT-0032561,,,,,,,고시,고시|안전검사 절차에 관한 고시
DOC-001298,LAW-KR-000020,안전보건교육규정,v14_출처문서명,admin_rule,notice,,고시,nlic_admrul,norm:Notice,true,고용노동부,true,nlic_api,DOC-000057,UNIT-0031960,,,,,,,고시,고시|안전보건교육규정
DOC-001299,LAW-KR-000020,안전인증·자율안전확인신고의 절차에 관한 고시,v14_출처문서명,admin_rule,notice,,고시,nlic_admrul,norm:Notice,true,고용노동부,true,nlic_api,DOC-000057,UNIT-0032490,,대표,,,,,고시,고시|안전인증·자율안전확인신고의 절차에 관한 고시
DOC-001300,LAW-KR-000020,안전인증대상기계등이 아닌 유해·위험기계등의 안전인증 규정,v14_출처문서명,admin_rule,notice,,고시,nlic_admrul,norm:Notice,true,고용노동부,true,nlic_api,DOC-000057,UNIT-0032499,,,,,,,고시,고시|안전인증대상기계등이 아닌 유해·위험기계등의 안전인증 규정
DOC-001301,LAW-KR-000020,영상표시단말기(VDT) 취급근로자 작업관리지침,v14_출처문서명,admin_rule,notice,,고시,nlic_admrul,norm:Notice,true,고용노동부,true,nlic_api,DOC-000057,UNIT-0031643,,,,,,,고시,고시|영상표시단말기(VDT) 취급근로자 작업관리지침
DOC-001302,LAW-KR-000020,외국어로 작성하는 안전보건표지에 관한 규정,v14_출처문서명,admin_rule,notice,,고시,nlic_admrul,norm:Notice,true,고용노동부,true,nlic_api,DOC-000057,UNIT-0032202,,,,,,,고시,고시|외국어로 작성하는 안전보건표지에 관한 규정
DOC-001303,LAW-KR-000020,운반하역 표준안전 작업지침,v14_출처문서명,admin_rule,notice,,고시,nlic_admrul,norm:Notice,true,고용노동부,true,nlic_api,DOC-000057,UNIT-0031643,,,,,,,고시,고시|운반하역 표준안전 작업지침
DOC-001304,LAW-KR-000020,위험기계·기구 방호조치 기준,v14_출처문서명,admin_rule,notice,,고시,nlic_admrul,norm:Notice,true,고용노동부,true,nlic_api,DOC-000057,UNIT-0032185,,,,,,,고시,고시|위험기계·기구 방호조치 기준
DOC-001305,LAW-KR-000020,위험기계·기구 안전인증 고시,v14_출처문서명,admin_rule,notice,,고시,nlic_admrul,norm:Notice,true,고용노동부,true,nlic_api,DOC-000057,UNIT-0032491,,,,,,,고시,고시|위험기계·기구 안전인증 고시
DOC-001306,LAW-KR-000020,위험기계·기구 자율안전확인 고시,v14_출처문서명,admin_rule,notice,,고시,nlic_admrul,norm:Notice,true,고용노동부,true,nlic_api,DOC-000057,UNIT-0032531,,,,,,,고시,고시|위험기계·기구 자율안전확인 고시
DOC-001307,LAW-KR-000020,작업환경측정 및 정도관리 등에 관한 고시,v14_출처문서명,admin_rule,notice,,고시,nlic_admrul,norm:Notice,true,고용노동부,true,nlic_api,DOC-000057,UNIT-0031629,,,,,,,고시,고시|작업환경측정 및 정도관리 등에 관한 고시
DOC-001308,LAW-KR-000020,재해원인조사 및 재해조사보고서 운영에 관한 규정,v14_출처문서명,admin_rule,notice,,고시,nlic_admrul,norm:Notice,true,고용노동부,true,nlic_api,DOC-000057,UNIT-0032330,,,,,,,고시,고시|재해원인조사 및 재해조사보고서 운영에 관한 규정
DOC-001309,LAW-KR-000020,저압산업용기계기구의 부속전기설비의 전기재해 예방을 위한 기술상의 지침,v14_출처문서명,admin_rule,notice,,고시,nlic_admrul,norm:Notice,true,고용노동부,true,nlic_api,DOC-000057,UNIT-0031643,,,,,,,고시,고시|저압산업용기계기구의 부속전기설비의 전기재해 예방을 위한 기술상의 지침
DOC-001310,LAW-KR-000020,정전기재해 예방을 위한 기술상의 지침,v14_출처문서명,admin_rule,notice,,고시,nlic_admrul,norm:Notice,true,고용노동부,true,nlic_api,DOC-000057,UNIT-0031643,,,,,,,고시,고시|정전기재해 예방을 위한 기술상의 지침
DOC-001311,LAW-KR-000020,제1차 금속산업 안전작업지침,v14_출처문서명,admin_rule,notice,,고시,nlic_admrul,norm:Notice,true,고용노동부,true,nlic_api,DOC-000057,UNIT-0031643,,,,,,,고시,고시|제1차 금속산업 안전작업지침
DOC-001312,LAW-KR-000020,제조업 등 유해·위험방지계획서 제출·심사·확인에 관한 고시,v14_출처문서명,admin_rule,notice,,고시,nlic_admrul,norm:Notice,true,고용노동부,true,nlic_api,DOC-000057,UNIT-0032255,,,,,,,고시,고시|제조업 등 유해·위험방지계획서 제출·심사·확인에 관한 고시
DOC-001313,LAW-KR-000020,철강업에 있어서 수증기 폭발 및 고열물 접촉위험 방지를 위한 기술상의 지침,v14_출처문서명,admin_rule,notice,,고시,nlic_admrul,norm:Notice,true,고용노동부,true,nlic_api,DOC-000057,UNIT-0031643,,,,,,,고시,고시|철강업에 있어서 수증기 폭발 및 고열물 접촉위험 방지를 위한 기술상의 지침
DOC-001314,LAW-KR-000020,철골공사표준안전작업지침,v14_출처문서명,admin_rule,notice,,고시,nlic_admrul,norm:Notice,true,고용노동부,true,nlic_api,DOC-000057,UNIT-0031643,,,,,,,고시,고시|철골공사표준안전작업지침
DOC-001315,LAW-KR-000020,추락재해방지표준안전작업지침,v14_출처문서명,admin_rule,notice,,고시,nlic_admrul,norm:Notice,true,고용노동부,true,nlic_api,DOC-000057,UNIT-0031643,,,,,,,고시,고시|추락재해방지표준안전작업지침
DOC-001316,LAW-KR-000020,콘크리트공사 표준안전 작업지침,v14_출처문서명,admin_rule,notice,,고시,nlic_admrul,norm:Notice,true,고용노동부,true,nlic_api,DOC-000057,UNIT-0031643,,,,,,,고시,고시|콘크리트공사 표준안전 작업지침
DOC-001317,LAW-KR-000020,터널공사 표준안전 작업지침-NATM공법,v14_출처문서명,admin_rule,notice,,고시,nlic_admrul,norm:Notice,true,고용노동부,true,nlic_api,DOC-000057,UNIT-0031643,,,,,,,고시,고시|터널공사 표준안전 작업지침-NATM공법
DOC-001318,LAW-KR-000020,특수건강진단기관의 정도관리에 관한 고시,v14_출처문서명,admin_rule,notice,,고시,nlic_admrul,norm:Notice,true,고용노동부,true,nlic_api,DOC-000057,UNIT-0031673,,,,,,,고시,고시|특수건강진단기관의 정도관리에 관한 고시
DOC-001319,LAW-KR-000020,해체공사표준안전작업지침,v14_출처문서명,admin_rule,notice,,고시,nlic_admrul,norm:Notice,true,고용노동부,true,nlic_api,DOC-000057,UNIT-0031643,,,,,,,고시,고시|해체공사표준안전작업지침
DOC-001320,LAW-KR-000020,화학물질 및 물리적 인자의 노출기준,v14_출처문서명,admin_rule,notice,,고시,nlic_admrul,norm:Notice,true,고용노동부,true,nlic_api,DOC-000057,UNIT-0032217,,,,,,,고시,고시|화학물질 및 물리적 인자의 노출기준
DOC-001321,LAW-KR-000020,화학물질의 분류·표시 및 물질안전보건자료에 관한 기준,v14_출처문서명,admin_rule,notice,,고시,nlic_admrul,norm:Notice,true,고용노동부,true,nlic_api,DOC-000057,UNIT-0031457,,,,,,,고시,고시|화학물질의 분류·표시 및 물질안전보건자료에 관한 기준
DOC-001322,LAW-KR-000020,산업안전보건기준에 관한 규칙,v14_출처문서명,statutory,ministerial_ordinance,4,,by_layer,norm:SeparateMinisterialRule,true,,true,nlic_api,,,DOC-000060,빈 껍데기,,,,,부령규칙,부령규칙|산업안전보건기준에 관한 규칙
DOC-001323,LAW-KR-000020,유해ㆍ위험작업의 취업 제한에 관한 규칙,v14_출처문서명,statutory,ministerial_ordinance,4,,by_layer,norm:SeparateMinisterialRule,true,,true,nlic_api,,,,,,,,,부령규칙,부령규칙|유해ㆍ위험작업의 취업 제한에 관한 규칙
DOC-001324,LAW-KR-000106,(국토교통부) 산업입지의 개발에 관한 통합지침,v14_출처문서명,admin_rule,notice,,고시,nlic_admrul,norm:Notice,true,국토교통부,true,nlic_api,DOC-000289,UNIT-0113931,,,,,,,고시,고시|(국토교통부) 산업입지의 개발에 관한 통합지침
DOC-001325,LAW-KR-000106,(기후에너지환경부) 산업입지의 개발에 관한 통합지침,v14_출처문서명,admin_rule,notice,,고시,nlic_admrul,norm:Notice,true,기후에너지환경부,true,nlic_api,DOC-000289,UNIT-0113931,,,,,,,고시,고시|(기후에너지환경부) 산업입지의 개발에 관한 통합지침
DOC-001326,LAW-KR-000106,금강유역 폐수배출시설 설치제한을 위한 대상 지역 및 시설 지정,v14_출처문서명,admin_rule,notice,,고시,nlic_admrul,norm:Notice,true,기후에너지환경부,true,nlic_api,,,DOC-001131,동일 사본,,,,,고시,고시|금강유역 폐수배출시설 설치제한을 위한 대상 지역 및 시설 지정
DOC-001327,LAW-KR-000106,낙동강 상·중류유역 폐수배출시설 설치제한을 위한 대상 지역 및 시설 지정,v14_출처문서명,admin_rule,notice,,고시,nlic_admrul,norm:Notice,true,기후에너지환경부,true,nlic_api,,,DOC-001132,동일 사본,,,,,고시,고시|낙동강 상·중류유역 폐수배출시설 설치제한을 위한 대상 지역 및 시설 지정
DOC-001328,LAW-KR-000106,낙동강 하류유역 폐수배출시설 설치제한을 위한 대상 지역 및 시설 지정,v14_출처문서명,admin_rule,notice,,고시,nlic_admrul,norm:Notice,true,기후에너지환경부,true,nlic_api,,,DOC-001133,동일 사본,,,,,고시,고시|낙동강 하류유역 폐수배출시설 설치제한을 위한 대상 지역 및 시설 지정
DOC-001329,LAW-KR-000106,배출시설 설치제한 지역의 예외 인정 배출시설등에 관한 고시,v14_출처문서명,admin_rule,notice,,고시,nlic_admrul,norm:Notice,true,기후에너지환경부,true,nlic_api_20260920k,,,,대표,2100000265080,2025-165,20251001,20251001,고시,고시|배출시설 설치제한 지역의 예외 인정 배출시설등에 관한 고시
DOC-001330,LAW-KR-000106,뿌리산업 특화단지의 지정 및 관리지침,v14_출처문서명,admin_rule,notice,,고시,nlic_admrul,norm:Notice,true,산업통상부,true,nlic_api_20260920k,,,,,2100000207014,2021-212,20211216,20211216,고시,고시|뿌리산업 특화단지의 지정 및 관리지침
DOC-001331,LAW-KR-000106,산업단지 입주기업 종사자 등에 관한 주택특별공급 운영기준,v14_출처문서명,admin_rule,notice,,고시,nlic_admrul,norm:Notice,true,국토교통부,true,nlic_api_20260920k,,,,대표,2100000043802,2016-121,20160318,20160318,고시,고시|산업단지 입주기업 종사자 등에 관한 주택특별공급 운영기준
DOC-001332,LAW-KR-000106,산업단지 지원에 관한 운영지침,v14_출처문서명,admin_rule,notice,,고시,nlic_admrul,norm:Notice,true,국토교통부,true,nlic_api_20260920k,,,,,2100000282430,2026-360,20260708,20260708,고시,고시|산업단지 지원에 관한 운영지침
DOC-001333,LAW-KR-000106,산업시설용지 입주허용 시설 고시,v14_출처문서명,admin_rule,notice,,고시,nlic_admrul,norm:Notice,true,국토교통부,true,nlic_api_20260920k,,,,,2100000234338,2023-963,20231227,20231227,고시,고시|산업시설용지 입주허용 시설 고시
DOC-001334,LAW-KR-000106,새만금 산업단지 임대용지 운영지침,v14_출처문서명,admin_rule,notice,,고시,nlic_admrul,norm:Notice,true,새만금개발청,true,nlic_api_20260920k,,,,,2100000262354,2025-24,20250717,20250717,고시,고시|새만금 산업단지 임대용지 운영지침
DOC-001335,LAW-KR-000106,스마트그린산업단지의 지정 및 개발에 관한 지침,v14_출처문서명,admin_rule,notice,,고시,nlic_admrul,norm:Notice,true,국토교통부,true,nlic_api_20260920k,,,,,2100000206874,2021-1345,20211209,20211209,고시,고시|스마트그린산업단지의 지정 및 개발에 관한 지침
DOC-001336,LAW-KR-000106,영산강·섬진강유역 폐수배출시설 설치제한을 위한 대상 지역 및 시설 지정,v14_출처문서명,admin_rule,notice,,고시,nlic_admrul,norm:Notice,true,기후에너지환경부,true,nlic_api,,,DOC-001154,동일 사본,,,,,고시,고시|영산강·섬진강유역 폐수배출시설 설치제한을 위한 대상 지역 및 시설 지정
DOC-001337,LAW-KR-000106,임대전용산업단지 관리ㆍ운용에 관한 지침,v14_출처문서명,admin_rule,notice,,고시,nlic_admrul,norm:Notice,true,국토교통부,true,nlic_api_20260920k,,,,,2100000282440,2026-360,20260712,20260712,고시,고시|임대전용산업단지 관리ㆍ운용에 관한 지침
DOC-001338,LAW-KR-000106,임진강유역 폐수배출시설 설치제한을 위한 대상 지역 및 시설 지정,v14_출처문서명,admin_rule,notice,,고시,nlic_admrul,norm:Notice,true,기후에너지환경부,true,nlic_api,,,DOC-001157,동일 사본,,,,,고시,고시|임진강유역 폐수배출시설 설치제한을 위한 대상 지역 및 시설 지정
DOC-001339,LAW-KR-000106,지방자치단체의 조선기자재업체 사업다각화 투자 지원에 관한 국가의 재정자금 지원기준,v14_출처문서명,admin_rule,notice,,고시,nlic_admrul,norm:Notice,true,산업통상부,true,nlic_api_20260920k,,,,,2100000122470,2018-83,20180501,20180501,고시,고시|지방자치단체의 조선기자재업체 사업다각화 투자 지원에 관한 국가의 재정자금 지원기준
DOC-001340,LAW-KR-000106,평택지방해양수산청 관할 준설토 투기장 관리 예규,v14_출처문서명,admin_rule,established_rule,,예규,nlic_admrul,norm:EstablishedRule,true,평택지방해양수산청,true,nlic_api,DOC-000181,UNIT-0079230,,대표,,,,,고시,고시|평택지방해양수산청 관할 준설토 투기장 관리 예규
DOC-001341,LAW-KR-000106,항공우주산업 특화단지의 지정 및 관리지침,v14_출처문서명,admin_rule,notice,,고시,nlic_admrul,norm:Notice,true,우주항공청,true,nlic_api_20260920k,,,,,2100000245294,2024-7,20240729,20240729,고시,고시|항공우주산업 특화단지의 지정 및 관리지침
DOC-001342,LAW-KR-000105,(교육부) 산업단지캠퍼스 및 산학융합지구 조성사업 운영규정,v14_출처문서명,admin_rule,notice,,고시,nlic_admrul,norm:Notice,true,교육부,true,nlic_api_20260920k,,,,,2100000178830,2019-182,20190527,20190527,고시,고시|(교육부) 산업단지캠퍼스 및 산학융합지구 조성사업 운영규정
DOC-001343,LAW-KR-000105,(산업통상자원부) 산업단지캠퍼스 및 산학융합지구 조성사업 운영규정,v14_출처문서명,admin_rule,notice,,고시,nlic_admrul,norm:Notice,true,산업통상부,true,nlic_api_20260920k,,,,,2100000243484,2024-113,20240710,20240710,고시,고시|(산업통상자원부) 산업단지캠퍼스 및 산학융합지구 조성사업 운영규정
DOC-001344,LAW-KR-000105,공장입지 기준고시,v14_출처문서명,admin_rule,notice,,고시,nlic_admrul,norm:Notice,true,산업통상부,true,nlic_api_20260920k,,,,,2100000274928,2026-16,20260225,20260225,고시,고시|공장입지 기준고시
DOC-001345,LAW-KR-000105,기술료 징수 및 관리에 관한 통합요령,v14_출처문서명,admin_rule,notice,,고시,nlic_admrul,norm:Notice,true,산업통상부,true,nlic_api_20260920k,,,,대표,2100000257278,2025-50,20250401,20250407,고시,고시|기술료 징수 및 관리에 관한 통합요령
DOC-001346,LAW-KR-000105,물류단지개발지침,v14_출처문서명,admin_rule,notice,,고시,nlic_admrul,norm:Notice,true,국토교통부,true,nlic_api,,,DOC-001119,동일 사본,,,,,고시,고시|물류단지개발지침
DOC-001347,LAW-KR-000105,보세건설장 관리에 관한 고시,v14_출처문서명,admin_rule,notice,,고시,nlic_admrul,norm:Notice,true,관세청,true,nlic_api_20260920k,,,,,2100000265918,2025-52,20251031,20251031,고시,고시|보세건설장 관리에 관한 고시
DOC-001348,LAW-KR-000105,뿌리기업 확인요령,v14_출처문서명,admin_rule,notice,,고시,nlic_admrul,norm:Notice,true,산업통상부,true,nlic_api_20260920k,,,,,2100000252950,2025-3,20250108,20250108,고시,고시|뿌리기업 확인요령
DOC-001349,LAW-KR-000105,산업기술혁신사업 공통 운영요령,v14_출처문서명,admin_rule,notice,,고시,nlic_admrul,norm:Notice,true,산업통상부,true,nlic_api_20260920k,,,,대표,2100000251982,2024-218,20241230,20241230,고시,고시|산업기술혁신사업 공통 운영요령
DOC-001350,LAW-KR-000105,산업단지 관리지침,v14_출처문서명,admin_rule,notice,,고시,nlic_admrul,norm:Notice,true,산업통상부,true,nlic_api,DOC-000286,UNIT-0111251,,,,,,,고시,고시|산업단지 관리지침
DOC-001351,LAW-KR-000105,산업통상자원부 인력사업 통합·연계 규정,v14_출처문서명,admin_rule,established_rule,,예규,nlic_admrul,norm:EstablishedRule,true,산업통상부,true,nlic_api_20260920k,,,,대표,2200000012621,12,20140303,20140303,고시,고시|산업통상자원부 인력사업 통합·연계 규정
DOC-001352,LAW-KR-000105,유해물질 사용제한 대상 및 회수·인계·재활용의무 대상에서 제외되는 전기·전자제품,v14_출처문서명,admin_rule,notice,,고시,nlic_admrul,norm:Notice,true,기후에너지환경부,true,nlic_api,,,DOC-000723,내용 다름(겹침 0%),,,,,고시,고시|유해물질 사용제한 대상 및 회수·인계·재활용의무 대상에서 제외되는 전기·전자제품
DOC-001353,LAW-KR-000105,중소기업 경영·기술 지도 지침,v14_출처문서명,admin_rule,notice,,고시,nlic_admrul,norm:Notice,true,중소벤처기업부,true,nlic_api_20260920k,,,,,2100000263146,2025-93,20250820,20250820,고시,고시|중소기업 경영·기술 지도 지침
DOC-001354,LAW-KR-000105,지역산업지원사업 공통운영요령,v14_출처문서명,admin_rule,notice,,고시,nlic_admrul,norm:Notice,true,산업통상부,true,nlic_api_20260920k,,,,,2100000274750,2026-13,20260213,20260213,고시,고시|지역산업지원사업 공통운영요령
DOC-001355,LAW-KR-000105,집합건물 등의 전기통신서비스 독점계약 금지 세부기준,v14_출처문서명,admin_rule,notice,,고시,nlic_admrul,norm:Notice,true,방송미디어통신위원회,true,nlic_api_20260920k,,,,,2100000279396,2026-11,20260518,20260518,고시,고시|집합건물 등의 전기통신서비스 독점계약 금지 세부기준
DOC-001356,LAW-KR-000105,창업기업 공장설립계획 승인에 관한 통합업무처리지침,v14_출처문서명,admin_rule,notice,,고시,nlic_admrul,norm:Notice,true,중소벤처기업부,true,nlic_api_20260920k,,,,,2100000261662,2025-84,20250714,20250714,고시,고시|창업기업 공장설립계획 승인에 관한 통합업무처리지침
DOC-001357,LAW-KR-000105,첨단투자지구 운영지침,v14_출처문서명,admin_rule,notice,,고시,nlic_admrul,norm:Notice,true,산업통상부,true,nlic_api_20260920k,,,,,2100000206691,2021-209,20211203,20211203,고시,고시|첨단투자지구 운영지침
DOC-001358,LAW-KR-000105,해양수산부장관이 지정하는 해운관련업을 경영하는 자의 범위,v14_출처문서명,admin_rule,notice,,고시,nlic_admrul,norm:Notice,true,해양수산부,true,nlic_api_20260920k,,,,대표,2100000208381,2022-3,20220106,20220106,고시,고시|해양수산부장관이 지정하는 해운관련업을 경영하는 자의 범위
DOC-001359,LAW-KR-000105,행정중심복합도시 자족시설 유치 지원기준,v14_출처문서명,admin_rule,notice,,고시,nlic_admrul,norm:Notice,true,행정중심복합도시건설청,true,nlic_api_20260920k,,,,,2100000276996,2026-9,20260331,20260331,고시,고시|행정중심복합도시 자족시설 유치 지원기준
DOC-001360,LAW-KR-000105,혁신도시 자족시설 유치지원기준,v14_출처문서명,admin_rule,notice,,고시,nlic_admrul,norm:Notice,true,국토교통부,true,nlic_api_20260920k,,,,,2100000282464,2026-360,20260708,20260708,고시,고시|혁신도시 자족시설 유치지원기준
DOC-001361,LAW-KR-000085,간이형수신기의 성능인증 및 제품검사의 기술기준,v14_출처문서명,admin_rule,notice,,고시,nlic_admrul,norm:Notice,true,소방청,true,nlic_api_20260920k,,,,대표,2100000223866,2023-20,20230531,20230531,고시,고시|간이형수신기의 성능인증 및 제품검사의 기술기준
DOC-001362,LAW-KR-000085,감지기의 우수품질인증 기술기준,v14_출처문서명,admin_rule,notice,,고시,nlic_admrul,norm:Notice,true,소방청,true,nlic_api,,,DOC-001016,동일 사본,,,,,고시,고시|감지기의 우수품질인증 기술기준
DOC-001363,LAW-KR-000085,경종의 우수품질인증 기술기준,v14_출처문서명,admin_rule,notice,,고시,nlic_admrul,norm:Notice,true,소방청,true,nlic_api,,,DOC-001017,동일 사본,,,,,고시,고시|경종의 우수품질인증 기술기준
DOC-001364,LAW-KR-000085,국토교통분야 ISO 국내간사기관 운영 지침,v14_출처문서명,admin_rule,notice,,고시,nlic_admrul,norm:Notice,true,국토교통부,true,nlic_api_20260920k,,,,,2100000282316,2026-360,20260708,20260708,고시,고시|국토교통분야 ISO 국내간사기관 운영 지침
DOC-001365,LAW-KR-000085,국토교통분야 KS인증기관 및 제품인증 등에 관한 지침,v14_출처문서명,admin_rule,notice,,고시,nlic_admrul,norm:Notice,true,국토교통부,true,nlic_api_20260920k,,,,,2100000190911,2020-506,20200707,20200707,고시,고시|국토교통분야 KS인증기관 및 제품인증 등에 관한 지침
DOC-001366,LAW-KR-000085,국토교통분야 국가표준 운영 규정,v14_출처문서명,admin_rule,notice,,고시,nlic_admrul,norm:Notice,true,국토교통부,true,nlic_api_20260920k,,,,,2100000282422,2026-360,20260708,20260708,고시,고시|국토교통분야 국가표준 운영 규정
DOC-001367,LAW-KR-000085,국토교통분야 표준개발협력기관 운영 지침,v14_출처문서명,admin_rule,notice,,고시,nlic_admrul,norm:Notice,true,국토교통부,true,nlic_api_20260920k,,,,,2100000282318,2026-360,20260708,20260708,고시,고시|국토교통분야 표준개발협력기관 운영 지침
DOC-001368,LAW-KR-000085,기상분야 산업표준개발협력기관 등 지정·운영 규정,v14_출처문서명,admin_rule,notice,,고시,nlic_admrul,norm:Notice,true,기상청,true,nlic_api_20260920k,,,,,2100000267546,2025-18,20251031,20251031,고시,고시|기상분야 산업표준개발협력기관 등 지정·운영 규정
DOC-001369,LAW-KR-000085,농촌진흥청 표준개발협력기관 지정·운영규정,v14_출처문서명,admin_rule,notice,,고시,nlic_admrul,norm:Notice,true,농촌진흥청,true,nlic_api_20260920k,,,,,2100000271526,2025-29,20251229,20260102,고시,고시|농촌진흥청 표준개발협력기관 지정·운영규정
DOC-001370,LAW-KR-000085,누전경보기의 형식승인 및 제품검사의 기술기준,v14_출처문서명,admin_rule,notice,,고시,nlic_admrul,norm:Notice,true,소방청,true,nlic_api,,,DOC-001019,동일 사본,,,,,고시,고시|누전경보기의 형식승인 및 제품검사의 기술기준
DOC-001371,LAW-KR-000085,단체표준 지원 및 촉진 운영요령,v14_출처문서명,admin_rule,notice,,고시,nlic_admrul,norm:Notice,true,국가기술표준원,true,nlic_api_20260920k,,,,,2100000269602,2025-623,20251215,20251215,고시,고시|단체표준 지원 및 촉진 운영요령
DOC-001372,LAW-KR-000085,대기관리권역내 소규모 배출원 규제에서 제외되는 목재연료 난방기기,v14_출처문서명,admin_rule,notice,,고시,nlic_admrul,norm:Notice,true,기후에너지환경부,true,nlic_api,,,DOC-000854,동일 사본,,,,,고시,고시|대기관리권역내 소규모 배출원 규제에서 제외되는 목재연료 난방기기
DOC-001373,LAW-KR-000085,목재·제지산업분야 국제표준화 국내간사기관 운영규정,v14_출처문서명,admin_rule,established_rule,,예규,nlic_admrul,norm:EstablishedRule,true,국립산림과학원,true,nlic_api_20260920k,,,,,2100000252650,386,20241231,20241231,고시,고시|목재·제지산업분야 국제표준화 국내간사기관 운영규정
DOC-001374,LAW-KR-000085,목재·제지산업분야 표준개발협력기관 운영규정,v14_출처문서명,admin_rule,established_rule,,예규,nlic_admrul,norm:EstablishedRule,true,국립산림과학원,true,nlic_api_20260920k,,,,,2100000252616,385,20241231,20241231,고시,고시|목재·제지산업분야 표준개발협력기관 운영규정
DOC-001375,LAW-KR-000085,목재제품의 규격과 품질기준,v14_출처문서명,admin_rule,notice,,고시,nlic_admrul,norm:Notice,true,국립산림과학원,true,nlic_api_20260920k,,,,,2100000266618,2025-3,20251024,20251024,고시,고시|목재제품의 규격과 품질기준
DOC-001376,LAW-KR-000085,분기배관의 성능인증 및 제품검사의 기술기준,v14_출처문서명,admin_rule,notice,,고시,nlic_admrul,norm:Notice,true,소방청,true,nlic_api_20260920k,,,,,2100000256518,2025-3,20250314,20250314,고시,고시|분기배관의 성능인증 및 제품검사의 기술기준
DOC-001377,LAW-KR-000085,비상조명등의 우수품질인증 기술기준,v14_출처문서명,admin_rule,notice,,고시,nlic_admrul,norm:Notice,true,소방청,true,nlic_api_20260920k,,,,,2100000215823,2022-30,20221201,20221201,고시,고시|비상조명등의 우수품질인증 기술기준
DOC-001378,LAW-KR-000085,산업표준심의회 운영 세칙,v14_출처문서명,admin_rule,notice,,고시,nlic_admrul,norm:Notice,true,국가기술표준원,true,nlic_api_20260920k,,,,,2100000225754,2023-129,20230630,20230630,고시,고시|산업표준심의회 운영 세칙
DOC-001379,LAW-KR-000085,수신기의 형식승인 및 제품검사의 기술기준,v14_출처문서명,admin_rule,notice,,고시,nlic_admrul,norm:Notice,true,소방청,true,nlic_api_20260920k,,,,대표,2100000238752,2024-8,20240409,20240409,고시,고시|수신기의 형식승인 및 제품검사의 기술기준
DOC-001380,LAW-KR-000085,순환골재 품질인증업무 처리요령,v14_출처문서명,admin_rule,notice,,고시,nlic_admrul,norm:Notice,true,국토교통부,true,nlic_api_20260920k,,,,대표,2100000282436,2026-360,20260708,20260708,고시,고시|순환골재 품질인증업무 처리요령
DOC-001381,LAW-KR-000085,순환자원의 유해물질 함유기준,v14_출처문서명,admin_rule,notice,,고시,nlic_admrul,norm:Notice,true,"기후에너지환경부,산업통상부",true,nlic_api_20260920k,,,,대표,2100000266416,2025-165,20251001,20251001,고시,고시|순환자원의 유해물질 함유기준
DOC-001382,LAW-KR-000085,우수재활용제품 인증요령,v14_출처문서명,admin_rule,notice,,고시,nlic_admrul,norm:Notice,true,산업통상부,true,nlic_api_20260920k,,,,대표,2100000265922,2025-11,20251031,20251106,고시,고시|우수재활용제품 인증요령
DOC-001383,LAW-KR-000085,우수조달공동상표 물품 지정 관리규정,v14_출처문서명,admin_rule,notice,,고시,nlic_admrul,norm:Notice,true,조달청,true,nlic_api_20260920k,,,,대표,2100000227044,2023-41,20230721,20230721,고시,고시|우수조달공동상표 물품 지정 관리규정
DOC-001384,LAW-KR-000085,유도등의 우수품질인증 기술기준,v14_출처문서명,admin_rule,notice,,고시,nlic_admrul,norm:Notice,true,소방청,true,nlic_api_20260920k,,,,,2100000215833,2022-30,20221201,20221201,고시,고시|유도등의 우수품질인증 기술기준
DOC-001385,LAW-KR-000085,의료제품 분야 산업표준개발협력기관 등 지정·운영 규정,v14_출처문서명,admin_rule,notice,,고시,nlic_admrul,norm:Notice,true,식품의약품안전처,true,nlic_api_20260920k,,,,대표,2100000278646,2026-26,20260403,20260403,고시,고시|의료제품 분야 산업표준개발협력기관 등 지정·운영 규정
DOC-001386,LAW-KR-000085,임업기계장비 품질인증 규정,v14_출처문서명,admin_rule,notice,,고시,nlic_admrul,norm:Notice,true,산림청,true,nlic_api_20260920k,,,,,2100000254584,2025-14,20250211,20250211,고시,고시|임업기계장비 품질인증 규정
DOC-001387,LAW-KR-000085,자동차용 타이어의 에너지소비효율 측정 및 등급기준·표시 등에 관한 규정,v14_출처문서명,admin_rule,notice,,고시,nlic_admrul,norm:Notice,true,기후에너지환경부,true,nlic_api_20260920k,,,,대표,2100000281318,2025-61,20251218,20251218,고시,고시|자동차용 타이어의 에너지소비효율 측정 및 등급기준·표시 등에 관한 규정
DOC-001388,LAW-KR-000085,재제조제품 품질인증요령,v14_출처문서명,admin_rule,notice,,고시,nlic_admrul,norm:Notice,true,국가기술표준원,true,nlic_api_20260920k,,,,대표,2100000283760,2026-217,20260807,20260807,고시,고시|재제조제품 품질인증요령
DOC-001389,LAW-KR-000085,정보통신표준 개발·운영 세칙,v14_출처문서명,admin_rule,established_rule,,예규,nlic_admrul,norm:EstablishedRule,true,국립전파연구원,true,nlic_api_20260920k,,,,,2100000217424,5,20221229,20221229,고시,고시|정보통신표준 개발·운영 세칙
DOC-001390,LAW-KR-000085,정보통신표준 개발·운영 지침,v14_출처문서명,admin_rule,notice,,고시,nlic_admrul,norm:Notice,true,국립전파연구원,true,nlic_api_20260920k,,,,대표,2100000217422,2022-24,20221229,20221229,고시,고시|정보통신표준 개발·운영 지침
DOC-001391,LAW-KR-000085,중소기업 지원사업을 수행하는 기관 또는 단체에 관한 규정,v14_출처문서명,admin_rule,notice,,고시,nlic_admrul,norm:Notice,true,중소벤처기업부,true,nlic_api_20260920k,,,,,2100000184554,2019-66,20191216,20191216,고시,고시|중소기업 지원사업을 수행하는 기관 또는 단체에 관한 규정
DOC-001392,LAW-KR-000085,중앙집중 난방방식의 공동주택에 대한 난방계량기 등의 설치 기준,v14_출처문서명,admin_rule,notice,,고시,nlic_admrul,norm:Notice,true,기후에너지환경부,true,nlic_api,,,DOC-000617,내용 다름(겹침 0%),,,,,고시,고시|중앙집중 난방방식의 공동주택에 대한 난방계량기 등의 설치 기준
DOC-001393,LAW-KR-000085,창고시설의 화재안전성능기준(NFPC 609),v14_출처문서명,admin_rule,notice,,고시,nlic_admrul,norm:Notice,true,소방청,true,nlic_api,DOC-000230,UNIT-0096722,,,,,,,고시,고시|창고시설의 화재안전성능기준(NFPC 609)
DOC-001394,LAW-KR-000085,표면가공 목질판상제품의 오염물질 방출 여부 확인시험 인정단위 및 건축자재의 표지 부착 등에 관한 지침,v14_출처문서명,admin_rule,notice,,고시,nlic_admrul,norm:Notice,true,기후에너지환경부,true,nlic_api_20260920k,,,,대표,2100000265776,2025-165,20251001,20251007,고시,고시|표면가공 목질판상제품의 오염물질 방출 여부 확인시험 인정단위 및 건축자재의 표지 부착 등에 관한 지침
DOC-001395,LAW-KR-000085,표준개발협력기관 지정·운영 요령,v14_출처문서명,admin_rule,notice,,고시,nlic_admrul,norm:Notice,true,국가기술표준원,true,nlic_api_20260920k,,,,,2100000253048,2025-8,20250108,20250108,고시,고시|표준개발협력기관 지정·운영 요령
DOC-001396,LAW-KR-000085,한국산업표준(KS) 인증업무 운용요령,v14_출처문서명,admin_rule,notice,,고시,nlic_admrul,norm:Notice,true,국가기술표준원,true,nlic_api_20260920k,,,,,2100000267332,2025-461,20251112,20251112,고시,고시|한국산업표준(KS) 인증업무 운용요령
DOC-001397,LAW-KR-000085,해양수산부 소관 산업표준 권한의 위임에 관한 고시,v14_출처문서명,admin_rule,notice,,고시,nlic_admrul,norm:Notice,true,해양수산부,true,nlic_api_20260920k,,,,,2100000199042,2021-59,20210310,20210310,고시,고시|해양수산부 소관 산업표준 권한의 위임에 관한 고시
DOC-001398,LAW-KR-000085,환경분야 KS인증기관 및 제품인증 등에 관한 지침,v14_출처문서명,admin_rule,established_rule,,예규,nlic_admrul,norm:EstablishedRule,true,국립환경과학원,true,nlic_api_20260920k,,,,,2100000283142,913,20260727,20260727,고시,고시|환경분야 KS인증기관 및 제품인증 등에 관한 지침
DOC-001399,LAW-KR-000085,환경분야 국가표준 운영 규정,v14_출처문서명,admin_rule,established_rule,,예규,nlic_admrul,norm:EstablishedRule,true,국립환경과학원,true,nlic_api_20260920k,,,,,2100000283090,913,20260727,20260727,고시,고시|환경분야 국가표준 운영 규정
DOC-001400,LAW-KR-000085,환경분야 국제표준화 국내간사기관 운영 지침,v14_출처문서명,admin_rule,established_rule,,예규,nlic_admrul,norm:EstablishedRule,true,국립환경과학원,true,nlic_api_20260920k,,,,,2100000276468,905,20260326,20260401,고시,고시|환경분야 국제표준화 국내간사기관 운영 지침
DOC-001401,LAW-KR-000085,환경분야 표준개발협력기관 운영 지침,v14_출처문서명,admin_rule,established_rule,,예규,nlic_admrul,norm:EstablishedRule,true,국립환경과학원,true,nlic_api_20260920k,,,,,2100000283092,913,20260727,20260727,고시,고시|환경분야 표준개발협력기관 운영 지침
DOC-001402,LAW-KR-000082,고용·산재정보통신망 이용에 관한 고시,v14_출처문서명,admin_rule,notice,,고시,nlic_admrul,norm:Notice,true,고용노동부,true,nlic_api,DOC-000222,UNIT-0094704,,,,,,,고시,고시|고용·산재정보통신망 이용에 관한 고시
DOC-001403,LAW-KR-000137,공공주택 입주자 보유 자산 관련 업무처리기준,v14_출처문서명,admin_rule,notice,,고시,nlic_admrul,norm:Notice,true,국토교통부,true,nlic_api_20260920k,,,,대표,2100000280812,2026-293,20260622,20260622,고시,고시|공공주택 입주자 보유 자산 관련 업무처리기준
DOC-001404,LAW-KR-000137,공익직접지불금 지급대상 산지 및 지급대상자의 세부사항 등에 관한 규정,v14_출처문서명,admin_rule,notice,,고시,nlic_admrul,norm:Notice,true,산림청,true,nlic_api_20260920k,,,,,2100000215797,2022-99,20221109,20221109,고시,고시|공익직접지불금 지급대상 산지 및 지급대상자의 세부사항 등에 관한 규정
DOC-001405,LAW-KR-000137,국립수목원완충지역 협의기준,v14_출처문서명,admin_rule,established_rule,,예규,nlic_admrul,norm:EstablishedRule,true,국립수목원,true,nlic_api,,,DOC-001106,동일 사본,,,,,고시,고시|국립수목원완충지역 협의기준
DOC-001406,LAW-KR-000137,농업인 확인서 발급규정,v14_출처문서명,admin_rule,notice,,고시,nlic_admrul,norm:Notice,true,농림축산식품부,true,nlic_api_20260920k,,,,대표,2100000276528,2026-40,20260330,20260330,고시,고시|농업인 확인서 발급규정
DOC-001407,LAW-KR-000137,농지취득자격증명발급심사요령,v14_출처문서명,admin_rule,established_rule,,예규,nlic_admrul,norm:EstablishedRule,true,농림축산식품부,true,nlic_api_20260920k,,,,,2100000213827,59,20220816,20220816,고시,고시|농지취득자격증명발급심사요령
DOC-001408,LAW-KR-000137,산림기술용역 대가 기준,v14_출처문서명,admin_rule,notice,,고시,nlic_admrul,norm:Notice,true,산림청,true,nlic_api_20260920k,,,,,2100000250002,2024-116,20241128,20241128,고시,고시|산림기술용역 대가 기준
DOC-001409,LAW-KR-000137,산양삼에 관한 품질관리요령,v14_출처문서명,admin_rule,notice,,고시,nlic_admrul,norm:Notice,true,산림청,true,nlic_api_20260920k,,,,,2100000247170,2024-79,20240925,20240925,고시,고시|산양삼에 관한 품질관리요령
DOC-001410,LAW-KR-000137,산지구분도안 작성방법 및 보전산지 지정해제에 관한 규정,v14_출처문서명,admin_rule,notice,,고시,nlic_admrul,norm:Notice,true,산림청,true,nlic_api_20260920k,,,,,2100000256106,2025-30,20250305,20250501,고시,고시|산지구분도안 작성방법 및 보전산지 지정해제에 관한 규정
DOC-001411,LAW-KR-000137,산지전용시 기존도로를 이용할 필요가 없는 시설 및 기준,v14_출처문서명,admin_rule,notice,,고시,nlic_admrul,norm:Notice,true,산림청,true,nlic_api,,,DOC-000971,동일 사본,,,,,고시,고시|산지전용시 기존도로를 이용할 필요가 없는 시설 및 기준
DOC-001412,LAW-KR-000137,산지전용타당성조사의 수수료 산정기준·고지·납부·환급 및 운영 등에 관한 규정,v14_출처문서명,admin_rule,notice,,고시,nlic_admrul,norm:Notice,true,산림청,true,nlic_api_20260920k,,,,,2100000177118,2019-24,20190325,20190325,고시,고시|산지전용타당성조사의 수수료 산정기준·고지·납부·환급 및 운영 등에 관한 규정
DOC-001413,LAW-KR-000137,산지전용통합정보시스템 운영규정,v14_출처문서명,admin_rule,notice,,고시,nlic_admrul,norm:Notice,true,산림청,true,nlic_api_20260920k,,,,,2100000253058,2025-3,20250102,20250301,고시,고시|산지전용통합정보시스템 운영규정
DOC-001414,LAW-KR-000137,송전시설 등의 자재운반방법 결정기준 및 임시진입로 설계·시공기준,v14_출처문서명,admin_rule,notice,,고시,nlic_admrul,norm:Notice,true,산림청,true,nlic_api,DOC-000383,UNIT-0159417,,,,,,,고시,고시|송전시설 등의 자재운반방법 결정기준 및 임시진입로 설계·시공기준
DOC-001415,LAW-KR-000137,수도사업을 위한 지하부분 토지사용 보상기준,v14_출처문서명,admin_rule,notice,,고시,nlic_admrul,norm:Notice,true,기후에너지환경부,true,nlic_api_20260920k,,,,대표,2100000266134,2025-165,20251001,20251001,고시,고시|수도사업을 위한 지하부분 토지사용 보상기준
DOC-001416,LAW-KR-000137,숲길조성계획 타당성 평가 세부기준 고시,v14_출처문서명,admin_rule,notice,,고시,nlic_admrul,norm:Notice,true,산림청,true,nlic_api_20260920k,,,,,2100000276656,2026-36,20260402,20260402,고시,고시|숲길조성계획 타당성 평가 세부기준 고시
DOC-001417,LAW-KR-000137,임산물 운반로 및 작업로 시설지 복구를 위한 시방서 작성기준,v14_출처문서명,admin_rule,notice,,고시,nlic_admrul,norm:Notice,true,산림청,true,nlic_api,DOC-000384,UNIT-0160828,,,,,,,고시,고시|임산물 운반로 및 작업로 시설지 복구를 위한 시방서 작성기준
DOC-001418,LAW-KR-000137,임야를 생산수단으로 하는 농업경영정보 등록기준의 세부 내용 및 운용 규정,v14_출처문서명,admin_rule,notice,,고시,nlic_admrul,norm:Notice,true,산림청,true,nlic_api_20260920k,,,,,2100000262678,2025-86,20250806,20250806,고시,고시|임야를 생산수단으로 하는 농업경영정보 등록기준의 세부 내용 및 운용 규정
DOC-001419,LAW-KR-000137,제3차 산지관리기본계획 수립을 위한 산지조사 지침,v14_출처문서명,admin_rule,notice,,고시,nlic_admrul,norm:Notice,true,산림청,true,nlic_api_20260920k,,,,,2100000278378,2026-44,20260429,20260429,고시,고시|제3차 산지관리기본계획 수립을 위한 산지조사 지침
DOC-001420,LAW-KR-000137,조사협의체 운영지침,v14_출처문서명,admin_rule,notice,,고시,nlic_admrul,norm:Notice,true,산림청,true,nlic_api_20260920k,,,,,2000000055831,2009-151,20091229,20091229,고시,고시|조사협의체 운영지침
DOC-001421,LAW-KR-000137,폐기물의 재활용 용도 및 방법에 관한 규정,v14_출처문서명,admin_rule,notice,,고시,nlic_admrul,norm:Notice,true,기후에너지환경부,true,nlic_api_20260920k,,,,,2100000265850,2025-165,20251001,20251001,고시,고시|폐기물의 재활용 용도 및 방법에 관한 규정
DOC-001422,LAW-KR-000137,하수도 설치를 위한 지하부분 토지사용 보상기준,v14_출처문서명,admin_rule,notice,,고시,nlic_admrul,norm:Notice,true,기후에너지환경부,true,nlic_api_20260920k,,,,대표,2100000267164,2025-165,20251001,20251007,고시,고시|하수도 설치를 위한 지하부분 토지사용 보상기준
DOC-001423,LAW-KR-000167,물류취약지역 지정 고시,v14_출처문서명,admin_rule,notice,,고시,nlic_admrul,norm:Notice,true,국토교통부,true,nlic_api_20260920k,,,,,2100000242372,2024-302,20240611,20240611,고시,고시|물류취약지역 지정 고시
DOC-001424,LAW-KR-000167,생활물류서비스사업 등록 및 인증 등 수수료 고시,v14_출처문서명,admin_rule,notice,,고시,nlic_admrul,norm:Notice,true,국토교통부,true,nlic_api_20260920k,,,,,2100000203706,2021-1021,20210813,20210813,고시,고시|생활물류서비스사업 등록 및 인증 등 수수료 고시
DOC-001425,LAW-KR-000167,소화물배송대행서비스사업자 인증요령,v14_출처문서명,admin_rule,notice,,고시,nlic_admrul,norm:Notice,true,국토교통부,true,nlic_api_20260920k,,,,,2100000259862,2025-293,20250605,20250605,고시,고시|소화물배송대행서비스사업자 인증요령
DOC-001426,LAW-KR-000167,스마트물류센터 인증요령,v14_출처문서명,admin_rule,notice,,고시,nlic_admrul,norm:Notice,true,국토교통부,true,nlic_api_20260920k,,,,,2100000257986,2025-200,20250417,20250417,고시,고시|스마트물류센터 인증요령
DOC-001427,LAW-KR-000167,자동차보험진료수가 심사업무처리에 관한 규정,v14_출처문서명,admin_rule,notice,,고시,nlic_admrul,norm:Notice,true,국토교통부,true,nlic_api_20260920k,,,,대표,2100000276686,2026-166,20260401,20260401,고시,고시|자동차보험진료수가 심사업무처리에 관한 규정
DOC-001428,LAW-KR-000167,자동차보험진료수가에 관한 기준,v14_출처문서명,admin_rule,notice,,고시,nlic_admrul,norm:Notice,true,국토교통부,true,nlic_api_20260920k,,,,대표,2100000261136,2025-369,20250630,20250630,고시,고시|자동차보험진료수가에 관한 기준
DOC-001429,LAW-KR-000167,자동차손해배상보장사업 업무처리규정,v14_출처문서명,admin_rule,established_rule,,예규,nlic_admrul,norm:EstablishedRule,true,국토교통부,true,nlic_api_20260920k,,,,대표,2100000275990,455,20260326,20260326,고시,고시|자동차손해배상보장사업 업무처리규정
DOC-001430,LAW-KR-000171,생활주변방사선 관련 업무 위탁 고시,v14_출처문서명,admin_rule,notice,,고시,nlic_admrul,norm:Notice,true,원자력안전위원회,true,nlic_api,DOC-000484,UNIT-0199815,,,,,,,고시,고시|생활주변방사선 관련 업무 위탁 고시
DOC-001431,LAW-KR-000171,생활주변방사선 안전관리에 관한 규정,v14_출처문서명,admin_rule,notice,,고시,nlic_admrul,norm:Notice,true,원자력안전위원회,true,nlic_api,DOC-000484,UNIT-0199687,,,,,,,고시,고시|생활주변방사선 안전관리에 관한 규정
DOC-001432,LAW-KR-000171,항공운송사업자의 우주방사선 안전관리 규정,v14_출처문서명,admin_rule,notice,,고시,nlic_admrul,norm:Notice,true,원자력안전위원회,true,nlic_api,DOC-000484,UNIT-0199654,,,,,,,고시,고시|항공운송사업자의 우주방사선 안전관리 규정
DOC-001433,LAW-KR-000179,석면 해체·제거 작업 사업장 주변 석면 비산관리를 위한 조사방법,v14_출처문서명,admin_rule,notice,,고시,nlic_admrul,norm:Notice,true,기후에너지환경부,true,nlic_api,DOC-000508,UNIT-0206686,,대표,,,,,고시,고시|석면 해체·제거 작업 사업장 주변 석면 비산관리를 위한 조사방법
DOC-001434,LAW-KR-000179,석면건축물 실내공기 중 석면 측정방법,v14_출처문서명,admin_rule,notice,,고시,nlic_admrul,norm:Notice,true,기후에너지환경부,true,nlic_api,DOC-000508,UNIT-0206665,DOC-000598,동일 사본,,,,,고시,고시|석면건축물 실내공기 중 석면 측정방법
DOC-001435,LAW-KR-000179,석면조사 및 안전성 평가 등에 관한 고시,v14_출처문서명,admin_rule,notice,,고시,nlic_admrul,norm:Notice,true,고용노동부,true,nlic_api,DOC-000057,UNIT-0031574,DOC-001291,내용 다름(겹침 45%),,,,,고시,고시|석면조사 및 안전성 평가 등에 관한 고시
DOC-001436,LAW-KR-000179,석면함유가능물질 조사·분석을 위한 시료채취 및 분석방법,v14_출처문서명,admin_rule,notice,,고시,nlic_admrul,norm:Notice,true,기후에너지환경부,true,nlic_api,DOC-000508,UNIT-0206583,,,,,,,고시,고시|석면함유가능물질 조사·분석을 위한 시료채취 및 분석방법
DOC-001437,LAW-KR-000179,석면해체작업감리인 기준,v14_출처문서명,admin_rule,notice,,고시,nlic_admrul,norm:Notice,true,"기후에너지환경부,고용노동부,국토교통부",true,nlic_api,DOC-000508,UNIT-0206701,DOC-001293,내용 다름(겹침 86%),,,,,고시,고시|석면해체작업감리인 기준
DOC-001438,LAW-KR-000179,석면해체작업감리인 평가 등에 관한 고시,v14_출처문서명,admin_rule,notice,,고시,nlic_admrul,norm:Notice,true,기후에너지환경부,true,nlic_api,DOC-000508,UNIT-0206730,,,,,,,고시,고시|석면해체작업감리인 평가 등에 관한 고시
DOC-001439,LAW-KR-000179,폐슬레이트 매립시설의 석면 비산정도 조사방법,v14_출처문서명,admin_rule,notice,,고시,nlic_admrul,norm:Notice,true,기후에너지환경부,true,nlic_api,DOC-001440,UNIT-0244060,,,,,,,고시,고시|폐슬레이트 매립시설의 석면 비산정도 조사방법
DOC-001440,LAW-KR-000179,석면안전관리법 시행령,v14_출처문서명,statutory,presidential_decree,3,,by_layer,norm:PresidentialDecree,true,,true,nlic_api_20260920t,,,,,281603,35948,20251230,20260102,시행령,시행령|석면안전관리법 시행령
DOC-001441,LAW-KR-000148,가짜석유제품 신고포상금 지급 등 운영에 관한 고시,v14_출처문서명,admin_rule,notice,,고시,nlic_admrul,norm:Notice,true,산업통상부,true,nlic_api_20260920k,,,,,2100000200300,2021-73,20210421,20210421,고시,고시|가짜석유제품 신고포상금 지급 등 운영에 관한 고시
DOC-001442,LAW-KR-000148,나프타의 수출제한 및 수급조정에 관한 규정,v14_출처문서명,admin_rule,notice,,,명칭 불일치(0건 반환),norm:AdministrativeRule,true,산업통상부,true,nlic_api_20260920k,,,,,2100000284302,2026-104,20260827,20260827,고시,고시|나프타의 수출제한 및 수급조정에 관한 규정
DOC-001443,LAW-KR-000148,"석유 및 석유대체연료의 수입·판매부과금의 징수, 징수유예 및 환급에 관한 고시",v14_출처문서명,admin_rule,notice,,고시,nlic_admrul,norm:Notice,true,산업통상부,true,nlic_api_20260920k,,,,,2100000283372,2026-89,20260730,20260730,고시,"고시|석유 및 석유대체연료의 수입·판매부과금의 징수, 징수유예 및 환급에 관한 고시"
DOC-001444,LAW-KR-000148,석유대체연료의 성능평가기준과 품질시험방법 등에 관한 고시,v14_출처문서명,admin_rule,notice,,고시,nlic_admrul,norm:Notice,true,산업통상부,true,nlic_api_20260920k,,,,,2100000176743,2019-36,20190307,20190315,고시,고시|석유대체연료의 성능평가기준과 품질시험방법 등에 관한 고시
DOC-001445,LAW-KR-000148,석유대체연료의 품질기준과 검사방법 및 검사수수료에 관한 고시,v14_출처문서명,admin_rule,notice,,고시,nlic_admrul,norm:Notice,true,산업통상부,true,nlic_api_20260920k,,,,,2100000176742,2019-35,20190307,20190315,고시,고시|석유대체연료의 품질기준과 검사방법 및 검사수수료에 관한 고시
DOC-001446,LAW-KR-000148,석유류 가격표시제 등 실시요령,v14_출처문서명,admin_rule,notice,,고시,nlic_admrul,norm:Notice,true,산업통상부,true,nlic_api_20260920k,,,,,2100000054273,2016-129,20160722,20161001,고시,고시|석유류 가격표시제 등 실시요령
DOC-001447,LAW-KR-000148,석유비축의무량 조정에 관한 고시,v14_출처문서명,admin_rule,notice,,고시,nlic_admrul,norm:Notice,true,산업통상부,true,nlic_api_20260920k,,,,,2100000280324,2026-51,20260529,20260529,고시,고시|석유비축의무량 조정에 관한 고시
DOC-001448,LAW-KR-000148,석유비축의무자의 의무이행,v14_출처문서명,admin_rule,notice,,고시,nlic_admrul,norm:Notice,true,산업통상부,true,nlic_api_20260920k,,,,,2100000089225,2017-74,20170529,20170601,고시,고시|석유비축의무자의 의무이행
DOC-001449,LAW-KR-000148,석유제품 매점매석행위 금지 등에 관한 고시,v14_출처문서명,admin_rule,notice,,고시,nlic_admrul,norm:Notice,true,재정경제부,true,nlic_api_20260920k,,,,,2100000284858,2026-102,20260911,20260911,고시,고시|석유제품 매점매석행위 금지 등에 관한 고시
DOC-001450,LAW-KR-000148,석유제품 수급거래상황 전산보고 등에 관한 지침,v14_출처문서명,admin_rule,notice,,고시,nlic_admrul,norm:Notice,true,산업통상부,true,nlic_api_20260920k,,,,,2100000176744,2015-247,20151130,20151130,고시,고시|석유제품 수급거래상황 전산보고 등에 관한 지침
DOC-001451,LAW-KR-000148,석유제품의 품질기준과 검사방법 및 검사수수료에 관한 고시,v14_출처문서명,admin_rule,notice,,고시,nlic_admrul,norm:Notice,true,산업통상부,true,nlic_api_20260920k,,,,,2100000240092,2024-70,20240429,20240501,고시,고시|석유제품의 품질기준과 검사방법 및 검사수수료에 관한 고시
DOC-001452,LAW-KR-000148,석유판매가격 최고액 지정에 따른 손실보전을 위한 재정지원 규정,v14_출처문서명,admin_rule,notice,,고시,nlic_admrul,norm:Notice,true,산업통상부,true,nlic_api_20260920k,,,,,2100000281930,2026-75,20260701,20260701,고시,고시|석유판매가격 최고액 지정에 따른 손실보전을 위한 재정지원 규정
DOC-001453,LAW-KR-000148,석유판매가격의 최고액 지정 및 과잉수출제한에 관한 규정,v14_출처문서명,admin_rule,notice,,고시,nlic_admrul,norm:Notice,true,산업통상부,true,nlic_api_20260920k,,,,,2100000277260,2026-33,20260410,20260410,고시,고시|석유판매가격의 최고액 지정 및 과잉수출제한에 관한 규정
DOC-001454,LAW-KR-000148,신ㆍ재생에너지 공급의무화제도 및 연료 혼합의무화제도 관리ㆍ운영지침,v14_출처문서명,admin_rule,notice,,고시,nlic_admrul,norm:Notice,true,기후에너지환경부,true,nlic_api_20260920k,,,,대표,2100000284890,2026-232,20260909,20260909,고시,고시|신ㆍ재생에너지 공급의무화제도 및 연료 혼합의무화제도 관리ㆍ운영지침
DOC-001455,LAW-KR-000148,액화석유가스의 품질기준과 검사방법·검사수수료 및 검사 소요경비 지원방법 등,v14_출처문서명,admin_rule,notice,,고시,nlic_admrul,norm:Notice,true,산업통상부,true,nlic_api_20260920k,,,,,2100000187558,2020-22,20200305,20200305,고시,고시|액화석유가스의 품질기준과 검사방법·검사수수료 및 검사 소요경비 지원방법 등
DOC-001456,LAW-KR-000148,여객자동차 유가보조금 지급지침,v14_출처문서명,admin_rule,notice,,고시,nlic_admrul,norm:Notice,true,국토교통부,true,nlic_api,,,DOC-001029,동일 사본,,,,,고시,고시|여객자동차 유가보조금 지급지침
DOC-001457,LAW-KR-000148,여수ㆍ광양항 산적액체 해상환적 준수수칙,v14_출처문서명,admin_rule,notice,,고시,nlic_admrul,norm:Notice,true,여수지방해양수산청,true,nlic_api,DOC-000113,UNIT-0058081,,대표,,,,,고시,고시|여수ㆍ광양항 산적액체 해상환적 준수수칙
DOC-001458,LAW-KR-000148,이용 및 보급 확대 연료의 인정에 관한 고시,v14_출처문서명,admin_rule,notice,,고시,nlic_admrul,norm:Notice,true,산업통상부,true,nlic_api_20260920k,,,,,2100000047533,2016-56,20160321,20160321,고시,고시|이용 및 보급 확대 연료의 인정에 관한 고시
DOC-001459,LAW-KR-000148,주유소 등의 이동판매 대상에 관한 고시,v14_출처문서명,admin_rule,notice,,고시,nlic_admrul,norm:Notice,true,산업통상부,true,nlic_api,,,DOC-000947,동일 사본,,,,,고시,고시|주유소 등의 이동판매 대상에 관한 고시
DOC-001460,LAW-KR-000148,한국석유공사의 비축용 석유류를 저유소 경유하여 미납세 반입·반출하는 경우 그 방법 및 절차에 관한 고시,v14_출처문서명,admin_rule,notice,,고시,nlic_admrul,norm:Notice,true,국세청,true,nlic_api_20260920k,,,,,2100000248804,2024-34,20241101,20241101,고시,고시|한국석유공사의 비축용 석유류를 저유소 경유하여 미납세 반입·반출하는 경우 그 방법 및 절차에 관한 고시
DOC-001461,LAW-KR-000192,강화검사 등에 관한 기준,v14_출처문서명,admin_rule,notice,,고시,nlic_admrul,norm:Notice,true,해양수산부,true,nlic_api,DOC-000545,UNIT-0222579,,,,,,,고시,고시|강화검사 등에 관한 기준
DOC-001462,LAW-KR-000192,고속기관 등의 정비 점검 확인을 위한 지침,v14_출처문서명,admin_rule,established_rule,,예규,nlic_admrul,norm:EstablishedRule,true,해양수산부,true,nlic_api,DOC-000543,UNIT-0221438,,,,,,,고시,고시|고속기관 등의 정비 점검 확인을 위한 지침
DOC-001463,LAW-KR-000192,"부유식 해상구조물의 구조, 설비, 만재흘수선 및 복원성에 관한 기준",v14_출처문서명,admin_rule,notice,,고시,nlic_admrul,norm:Notice,true,해양수산부,true,nlic_api,DOC-000543,UNIT-0221200,,,,,,,고시,"고시|부유식 해상구조물의 구조, 설비, 만재흘수선 및 복원성에 관한 기준"
DOC-001464,LAW-KR-000192,산업인력을 운송하는 선박에 대한 시설기준,v14_출처문서명,admin_rule,notice,,고시,nlic_admrul,norm:Notice,true,해양수산부,true,nlic_api,DOC-000543,UNIT-0221319,DOC-001551,내용 다름(겹침 71%),,,,,고시,고시|산업인력을 운송하는 선박에 대한 시설기준
DOC-001465,LAW-KR-000192,선박 전자증서 발급에 관한 고시,v14_출처문서명,admin_rule,notice,,고시,nlic_admrul,norm:Notice,true,해양수산부,true,nlic_api,DOC-000545,UNIT-0222614,,대표,,,,,고시,고시|선박 전자증서 발급에 관한 고시
DOC-001466,LAW-KR-000192,선박기관기준,v14_출처문서명,admin_rule,notice,,고시,nlic_admrul,norm:Notice,true,해양수산부,true,nlic_api,DOC-000543,UNIT-0221319,,,,,,,고시,고시|선박기관기준
DOC-001467,LAW-KR-000192,선박안전법 적용을 받는 특수한 구조로 되어 있는 선박의 종류에 대한 고시,v14_출처문서명,admin_rule,notice,,고시,nlic_admrul,norm:Notice,true,해양수산부,true,nlic_api,DOC-000545,UNIT-0222411,DOC-000577,동일 사본,,,,,고시,고시|선박안전법 적용을 받는 특수한 구조로 되어 있는 선박의 종류에 대한 고시
DOC-001468,LAW-KR-000192,선박용물건의 형식승인 시험 및 검정에 관한 기준,v14_출처문서명,admin_rule,notice,,고시,nlic_admrul,norm:Notice,true,해양수산부,true,nlic_api,DOC-000543,UNIT-0221161,,,,,,,고시,고시|선박용물건의 형식승인 시험 및 검정에 관한 기준
DOC-001469,LAW-KR-000192,수면비행선박기준,v14_출처문서명,admin_rule,notice,,고시,nlic_admrul,norm:Notice,true,해양수산부,true,nlic_api,DOC-000543,UNIT-0221319,,,,,,,고시,고시|수면비행선박기준
DOC-001470,LAW-KR-000192,예비검사의 대상 및 기준,v14_출처문서명,admin_rule,notice,,고시,nlic_admrul,norm:Notice,true,해양수산부,true,nlic_api,DOC-000543,UNIT-0221240,,,,,,,고시,고시|예비검사의 대상 및 기준
DOC-001471,LAW-KR-000192,지정사업장의 설비 및 확인대상 선박용물건 등에 관한 기준,v14_출처문서명,admin_rule,notice,,고시,nlic_admrul,norm:Notice,true,해양수산부,true,nlic_api,DOC-000543,UNIT-0221222,,,,,,,고시,고시|지정사업장의 설비 및 확인대상 선박용물건 등에 관한 기준
DOC-001472,LAW-KR-000192,위험물 선박운송 및 저장규칙,v14_출처문서명,statutory,ministerial_ordinance,4,,by_layer,norm:SeparateMinisterialRule,true,,true,nlic_api_20260917,,,,,240831,00486,20220217,20220518,부령규칙,부령규칙|위험물 선박운송 및 저장규칙
DOC-001473,LAW-KR-000192,특수화물 선박운송 규칙,v14_출처문서명,statutory,ministerial_ordinance,4,,by_layer,norm:SeparateMinisterialRule,true,,true,nlic_api_20260917,,,,,256841,00638,20231211,20231211,부령규칙,부령규칙|특수화물 선박운송 규칙
DOC-001474,LAW-KR-000041,군산·장항항 항만시설 운영세칙,v14_출처문서명,admin_rule,notice,,고시,nlic_admrul,norm:Notice,true,군산지방해양수산청,true,nlic_api,DOC-000113,UNIT-0057975,,대표,,,,,고시,고시|군산·장항항 항만시설 운영세칙
DOC-001475,LAW-KR-000041,군산ㆍ장항항 예선 운영세칙,v14_출처문서명,admin_rule,notice,,고시,nlic_admrul,norm:Notice,true,군산지방해양수산청,true,nlic_api_20260920k,,,,,2100000270598,2025-102,20251229,20260104,고시,고시|군산ㆍ장항항 예선 운영세칙
DOC-001476,LAW-KR-000041,군산항 예선의 대기 장소에 관한 기준,v14_출처문서명,admin_rule,notice,,고시,nlic_admrul,norm:Notice,true,군산지방해양수산청,true,nlic_api_20260920k,,,,,2100000218977,2019-97,20191127,20191127,고시,고시|군산항 예선의 대기 장소에 관한 기준
DOC-001477,LAW-KR-000041,당진화력발전소 항만시설 지정,v14_출처문서명,admin_rule,notice,,고시,nlic_admrul,norm:Notice,true,대산지방해양수산청,true,nlic_api_20260920k,,,,대표,2100000195206,2020-55,20201202,20201202,고시,고시|당진화력발전소 항만시설 지정
DOC-001478,LAW-KR-000041,대산항 선박 항행 최고속력 지정 고시,v14_출처문서명,admin_rule,notice,,고시,nlic_admrul,norm:Notice,true,대산지방해양수산청,true,nlic_api_20260920k,,,DOC-003159,내용 다름(겹침 0%),2100000217066,2022-69,20221222,20221222,고시,고시|대산항 선박 항행 최고속력 지정 고시
DOC-001479,LAW-KR-000041,대산항 예선운영 세칙,v14_출처문서명,admin_rule,notice,,고시,nlic_admrul,norm:Notice,true,대산지방해양수산청,true,nlic_api_20260920k,,,,,2100000249804,2024-34,20241126,20241126,고시,고시|대산항 예선운영 세칙
DOC-001480,LAW-KR-000041,대산항 예선운영협의회 운영규정,v14_출처문서명,admin_rule,established_rule,,예규,nlic_admrul,norm:EstablishedRule,true,대산지방해양수산청,true,nlic_api_20260920k,,,,,2100000053451,2016-117,20160713,20160713,고시,고시|대산항 예선운영협의회 운영규정
DOC-001481,LAW-KR-000041,대산항 정박지 등 수역시설 지정 고시,v14_출처문서명,admin_rule,notice,,고시,nlic_admrul,norm:Notice,true,대산지방해양수산청,true,nlic_api_20260920k,,,,대표,2100000203432,2021-53,20210802,20211001,고시,고시|대산항 정박지 등 수역시설 지정 고시
DOC-001482,LAW-KR-000041,대산항 항만시설 운영세칙,v14_출처문서명,admin_rule,notice,,고시,nlic_admrul,norm:Notice,true,대산지방해양수산청,true,nlic_api,DOC-000113,UNIT-0057975,,대표,,,,,고시,고시|대산항 항만시설 운영세칙
DOC-001483,LAW-KR-000041,동해·묵호항 예선운영세칙,v14_출처문서명,admin_rule,notice,,고시,nlic_admrul,norm:Notice,true,동해지방해양수산청,true,nlic_api_20260920k,,,,,2100000239754,2024-23,20240425,20240425,고시,고시|동해·묵호항 예선운영세칙
DOC-001484,LAW-KR-000041,동해·묵호항 항만시설 운영세칙,v14_출처문서명,admin_rule,notice,,고시,nlic_admrul,norm:Notice,true,동해지방해양수산청,true,nlic_api,DOC-000113,UNIT-0057980,,대표,,,,,고시,고시|동해·묵호항 항만시설 운영세칙
DOC-001485,LAW-KR-000041,동해지방해양수산청 소속 해양환경감시원의 지정 및 그 직무범위 등에 관한 규정,v14_출처문서명,admin_rule,established_rule,,예규,nlic_admrul,norm:EstablishedRule,true,동해지방해양수산청,true,nlic_api_20260920k,,,,대표,2100000256870,148,20250324,20250324,고시,고시|동해지방해양수산청 소속 해양환경감시원의 지정 및 그 직무범위 등에 관한 규정
DOC-001486,LAW-KR-000041,동해지방해양수산청 소속 해양환경특별사법경찰관리의 집무에 관한 규칙,v14_출처문서명,admin_rule,established_rule,,예규,nlic_admrul,norm:EstablishedRule,true,동해지방해양수산청,true,nlic_api_20260920k,,,,대표,2100000256872,149,20250324,20250324,고시,고시|동해지방해양수산청 소속 해양환경특별사법경찰관리의 집무에 관한 규칙
DOC-001487,LAW-KR-000041,동해지역 항만 출입절차 및 보안업무 운영세칙,v14_출처문서명,admin_rule,notice,,고시,nlic_admrul,norm:Notice,true,동해지방해양수산청,true,nlic_api_20260920k,,,,,2100000246076,2024-50,20240814,20240814,고시,고시|동해지역 항만 출입절차 및 보안업무 운영세칙
DOC-001488,LAW-KR-000041,마산항 선박속력 제한 규정,v14_출처문서명,admin_rule,notice,,고시,nlic_admrul,norm:Notice,true,마산지방해양수산청,true,nlic_api_20260920k,,,DOC-003227,내용 다름(겹침 0%),2100000269410,2025-110,20251209,20251209,고시,고시|마산항 선박속력 제한 규정
DOC-001489,LAW-KR-000041,마산항 예선운영세칙,v14_출처문서명,admin_rule,notice,,고시,nlic_admrul,norm:Notice,true,마산지방해양수산청,true,nlic_api_20260920k,,,,,2100000174914,2018-116,20181231,20181231,고시,고시|마산항 예선운영세칙
DOC-001490,LAW-KR-000041,마산항 항만시설 운영세칙,v14_출처문서명,admin_rule,notice,,고시,nlic_admrul,norm:Notice,true,마산지방해양수산청,true,nlic_api,DOC-000113,UNIT-0057975,DOC-003228,내용 다름(겹침 77%),,,,,고시,고시|마산항 항만시설 운영세칙
DOC-001491,LAW-KR-000041,목포항 예선운영세칙,v14_출처문서명,admin_rule,notice,,고시,nlic_admrul,norm:Notice,true,목포지방해양수산청,true,nlic_api_20260920k,,,,,2100000231392,2023-98,20231110,20231110,고시,고시|목포항 예선운영세칙
DOC-001492,LAW-KR-000041,목포항 예선의 대기장소에 관한 기준,v14_출처문서명,admin_rule,notice,,고시,nlic_admrul,norm:Notice,true,목포지방해양수산청,true,nlic_api_20260920k,,,,,2100000231350,2023-99,20231110,20231110,고시,고시|목포항 예선의 대기장소에 관한 기준
DOC-001493,LAW-KR-000041,목포항 항만시설운영세칙,v14_출처문서명,admin_rule,notice,,고시,nlic_admrul,norm:Notice,true,목포지방해양수산청,true,nlic_api,DOC-000113,UNIT-0058314,,대표,,,,,고시,고시|목포항 항만시설운영세칙
DOC-001494,LAW-KR-000041,무역통계 작성·교부 및 과세정보 제공 등에 관한 고시,v14_출처문서명,admin_rule,notice,,고시,nlic_admrul,norm:Notice,true,관세청,true,nlic_api_20260920k,,,,,2100000277310,2026-27,20260410,20260413,고시,고시|무역통계 작성·교부 및 과세정보 제공 등에 관한 고시
DOC-001495,LAW-KR-000041,무역항 등의 항만시설 사용 및 사용료에 관한 규정,v14_출처문서명,admin_rule,notice,,고시,nlic_admrul,norm:Notice,true,해양수산부,true,nlic_api_20260920k,,,,대표,2100000284156,2026-101,20260821,20260821,고시,고시|무역항 등의 항만시설 사용 및 사용료에 관한 규정
DOC-001496,LAW-KR-000041,부산항 도선구 도선안전절차,v14_출처문서명,admin_rule,notice,,고시,nlic_admrul,norm:Notice,true,부산지방해양수산청,true,nlic_api_20260920k,,,DOC-003229,내용 다름(겹침 0%),2100000259270,2025-103,20250521,20250521,고시,고시|부산항 도선구 도선안전절차
DOC-001497,LAW-KR-000041,부산항 항법 등에 관한 규칙,v14_출처문서명,admin_rule,notice,,고시,nlic_admrul,norm:Notice,true,부산지방해양수산청,true,nlic_api_20260920k,,,DOC-003176,내용 다름(겹침 0%),2100000281634,2026-124,20260701,20260701,고시,고시|부산항 항법 등에 관한 규칙
DOC-001498,LAW-KR-000041,부산항예선운영세칙,v14_출처문서명,admin_rule,notice,,고시,nlic_admrul,norm:Notice,true,부산지방해양수산청,true,nlic_api_20260920k,,,DOC-003289,내용 다름(겹침 0%),2100000259272,2025-104,20250521,20250521,고시,고시|부산항예선운영세칙
DOC-001499,LAW-KR-000041,여수ㆍ광양항 산적액체 해상환적 준수수칙,v14_출처문서명,admin_rule,notice,,고시,nlic_admrul,norm:Notice,true,여수지방해양수산청,true,nlic_api,DOC-000113,UNIT-0058081,DOC-001457,동일 사본,,,,,고시,고시|여수ㆍ광양항 산적액체 해상환적 준수수칙
DOC-001500,LAW-KR-000041,여수항·광양항 선박교통안전규정,v14_출처문서명,admin_rule,notice,,고시,nlic_admrul,norm:Notice,true,여수지방해양수산청,true,nlic_api_20260920k,,,,,2100000236240,2024-11,20240211,20240211,고시,고시|여수항·광양항 선박교통안전규정
DOC-001501,LAW-KR-000041,여수항·광양항 예선운영세칙,v14_출처문서명,admin_rule,notice,,고시,nlic_admrul,norm:Notice,true,여수지방해양수산청,true,nlic_api_20260920k,,,DOC-003181,내용 다름(겹침 0%),2100000262280,2025-78,20250724,20250724,고시,고시|여수항·광양항 예선운영세칙
DOC-001502,LAW-KR-000041,여수항·광양항 항만시설운영세칙,v14_출처문서명,admin_rule,notice,,고시,nlic_admrul,norm:Notice,true,여수지방해양수산청,true,nlic_api_20260920k,,,DOC-003182,내용 다름(겹침 0%),2100000285128,2026-91,20260915,20260915,고시,고시|여수항·광양항 항만시설운영세칙
DOC-001503,LAW-KR-000041,예선운영 및 업무처리요령,v14_출처문서명,admin_rule,notice,,고시,nlic_admrul,norm:Notice,true,해양수산부,true,nlic_api_20260920k,,,,,2100000248086,2024-115,20241011,20241011,고시,고시|예선운영 및 업무처리요령
DOC-001504,LAW-KR-000041,울산지방해양수산청 소속 해양환경특별사법경찰관리의 집무에 관한 규칙,v14_출처문서명,admin_rule,established_rule,,예규,nlic_admrul,norm:EstablishedRule,true,울산지방해양수산청,true,nlic_api_20260920k,,,,대표,2100000048649,94,20150813,20150813,고시,고시|울산지방해양수산청 소속 해양환경특별사법경찰관리의 집무에 관한 규칙
DOC-001505,LAW-KR-000041,울산항 예선운영세칙,v14_출처문서명,admin_rule,notice,,고시,nlic_admrul,norm:Notice,true,울산지방해양수산청,true,nlic_api_20260920k,,,,,2100000240472,2024-53,20240507,20240507,고시,고시|울산항 예선운영세칙
DOC-001506,LAW-KR-000041,울산항 위험물 해상환적 가능 부두 고시,v14_출처문서명,admin_rule,notice,,고시,nlic_admrul,norm:Notice,true,울산지방해양수산청,true,nlic_api_20260920k,,,DOC-003184,내용 다름(겹침 0%),2100000231034,2023-99,20231101,20231101,고시,고시|울산항 위험물 해상환적 가능 부두 고시
DOC-001507,LAW-KR-000041,울산항 항만시설 운영세칙,v14_출처문서명,admin_rule,notice,,고시,nlic_admrul,norm:Notice,true,울산지방해양수산청,true,nlic_api,,,,대표,,,,,고시,고시|울산항 항만시설 운영세칙
DOC-001508,LAW-KR-000041,인천항·경인항 선박통항규칙,v14_출처문서명,admin_rule,notice,,고시,nlic_admrul,norm:Notice,true,인천지방해양수산청,true,nlic_api_20260920k,,,DOC-003233,내용 다름(겹침 0%),2100000247730,2024-133,20241004,20241004,고시,고시|인천항·경인항 선박통항규칙
DOC-001509,LAW-KR-000041,인천항·경인항 예선운영세칙,v14_출처문서명,admin_rule,notice,,고시,nlic_admrul,norm:Notice,true,인천지방해양수산청,true,nlic_api_20260920k,,,DOC-003186,내용 다름(겹침 0%),2100000226130,2023-77,20230705,20230705,고시,고시|인천항·경인항 예선운영세칙
DOC-001510,LAW-KR-000041,철도운송 위험물용기등 검사 세부기준,v14_출처문서명,admin_rule,notice,,고시,nlic_admrul,norm:Notice,true,국토교통부,true,nlic_api_20260920k,,,DOC-000633,내용 다름(겹침 0%),2100000249986,2024-691,20241204,20241204,고시,고시|철도운송 위험물용기등 검사 세부기준
DOC-001511,LAW-KR-000041,평택·당진항 도선구 도선안전절차,v14_출처문서명,admin_rule,notice,,고시,nlic_admrul,norm:Notice,true,평택지방해양수산청,true,nlic_api_20260920k,,,,,2100000214476,2022-59,20220913,20220913,고시,고시|평택·당진항 도선구 도선안전절차
DOC-001512,LAW-KR-000041,평택·당진항 선박통항 안전규칙,v14_출처문서명,admin_rule,notice,,고시,nlic_admrul,norm:Notice,true,평택지방해양수산청,true,nlic_api_20260920k,,,,,2100000252970,2025-1,20250102,20250108,고시,고시|평택·당진항 선박통항 안전규칙
DOC-001513,LAW-KR-000041,평택·당진항 예선운영세칙,v14_출처문서명,admin_rule,notice,,고시,nlic_admrul,norm:Notice,true,평택지방해양수산청,true,nlic_api_20260920k,,,,,2100000250216,2024-82,20241204,20241210,고시,고시|평택·당진항 예선운영세칙
DOC-001514,LAW-KR-000041,평택·당진항 항만시설운영세칙,v14_출처문서명,admin_rule,notice,,고시,nlic_admrul,norm:Notice,true,평택지방해양수산청,true,nlic_api,DOC-000113,UNIT-0058154,,대표,,,,,고시,고시|평택·당진항 항만시설운영세칙
DOC-001515,LAW-KR-000041,포항지방해양수산청 해양환경특별사법경찰관리 집무규정,v14_출처문서명,admin_rule,established_rule,,예규,nlic_admrul,norm:EstablishedRule,true,포항지방해양수산청,true,nlic_api_20260920k,,,,대표,2100000254960,62,20250220,20250220,고시,고시|포항지방해양수산청 해양환경특별사법경찰관리 집무규정
DOC-001516,LAW-KR-000041,포항항 항만시설 운영세칙,v14_출처문서명,admin_rule,notice,,고시,nlic_admrul,norm:Notice,true,포항지방해양수산청,true,nlic_api,DOC-000374,UNIT-0156494,,대표,,,,,고시,고시|포항항 항만시설 운영세칙
DOC-001517,LAW-KR-000041,포항항선박안전운항관리규정,v14_출처문서명,admin_rule,notice,,고시,nlic_admrul,norm:Notice,true,포항지방해양수산청,true,nlic_api_20260920k,,,,,2100000283648,2026-87,20260805,20260805,고시,고시|포항항선박안전운항관리규정
DOC-001518,LAW-KR-000041,포항항예선운영세칙,v14_출처문서명,admin_rule,notice,,고시,nlic_admrul,norm:Notice,true,포항지방해양수산청,true,nlic_api_20260920k,,,DOC-003195,내용 다름(겹침 0%),2100000174429,2018-139,20181220,20181220,고시,고시|포항항예선운영세칙
DOC-001519,LAW-KR-000041,항만국 조치 협정 이행에 관한 고시,v14_출처문서명,admin_rule,notice,,고시,nlic_admrul,norm:Notice,true,해양수산부,true,nlic_api_20260920k,,,,,2100000202303,2021-129,20210628,20210628,고시,고시|항만국 조치 협정 이행에 관한 고시
DOC-001520,LAW-KR-000041,항만물류정보 중계망사업자의 지정 및 관리에 관한 규정,v14_출처문서명,admin_rule,notice,,고시,nlic_admrul,norm:Notice,true,해양수산부,true,nlic_api_20260920k,,,,대표,2100000246380,2024-97,20240827,20240827,고시,고시|항만물류정보 중계망사업자의 지정 및 관리에 관한 규정
DOC-001521,LAW-KR-000041,항만운영관련법령에 따른 행정처분 및 과태료의 가중처분에 관한 세부 지침,v14_출처문서명,admin_rule,established_rule,,예규,nlic_admrul,norm:EstablishedRule,true,해양수산부,true,nlic_api_20260920k,,,,,2100000226192,200,20230706,20230706,고시,고시|항만운영관련법령에 따른 행정처분 및 과태료의 가중처분에 관한 세부 지침
DOC-001522,LAW-KR-000102,(동해지방해양수산청) 해기품질관리규칙,v14_출처문서명,admin_rule,established_rule,,예규,nlic_admrul,norm:EstablishedRule,true,동해지방해양수산청,true,nlic_api_20260920k,,,,,2100000244450,38,20240716,20240716,고시,고시|(동해지방해양수산청) 해기품질관리규칙
DOC-001523,LAW-KR-000102,(부산지방해양수산청) 해기품질관리규정,v14_출처문서명,admin_rule,established_rule,,예규,nlic_admrul,norm:EstablishedRule,true,부산지방해양수산청,true,nlic_api_20260920k,,,,대표,2100000181692,13,20190828,20190828,고시,고시|(부산지방해양수산청) 해기품질관리규정
DOC-001524,LAW-KR-000102,(포항지방해양수산청) 선원행정심의위원회 규정,v14_출처문서명,admin_rule,established_rule,,예규,nlic_admrul,norm:EstablishedRule,true,포항지방해양수산청,true,nlic_api_20260920k,,,,대표,2100000208749,59,20220127,20220127,고시,고시|(포항지방해양수산청) 선원행정심의위원회 규정
DOC-001525,LAW-KR-000102,(포항지방해양수산청) 해기품질관리규정,v14_출처문서명,admin_rule,established_rule,,예규,nlic_admrul,norm:EstablishedRule,true,포항지방해양수산청,true,nlic_api_20260920k,,,,대표,2100000237440,76,20240311,20240311,고시,고시|(포항지방해양수산청) 해기품질관리규정
DOC-001526,LAW-KR-000102,국립해양계대학교 졸업자의 복무규정,v14_출처문서명,admin_rule,notice,,고시,nlic_admrul,norm:Notice,true,해양수산부,true,nlic_api_20260920k,,,,대표,2100000212710,2022-103,20220704,20220704,고시,고시|국립해양계대학교 졸업자의 복무규정
DOC-001527,LAW-KR-000102,국립해양유산연구소 수중유산조사선 운용·관리 규정,v14_출처문서명,admin_rule,notice,,지침,nlic_admrul_미배치,norm:AdministrativeRule,true,국립해양유산연구소,true,nlic_api,DOC-000279,UNIT-0109285,,,,,,,고시,고시|국립해양유산연구소 수중유산조사선 운용·관리 규정
DOC-001528,LAW-KR-000102,대산지방해양수산청 해기품질관리규정,v14_출처문서명,admin_rule,established_rule,,예규,nlic_admrul,norm:EstablishedRule,true,대산지방해양수산청,true,nlic_api_20260920k,,,,,2100000253320,193,20241218,20241218,고시,고시|대산지방해양수산청 해기품질관리규정
DOC-001529,LAW-KR-000102,대학교원 자격기준 등에 관한 규정 제4조에 따른 연구기관 등의 지정에 관한 고시,v14_출처문서명,admin_rule,notice,,고시,nlic_admrul,norm:Notice,true,교육부,true,nlic_api_20260920k,,,,,2100000253450,2025-4,20250116,20250116,고시,고시|대학교원 자격기준 등에 관한 규정 제4조에 따른 연구기관 등의 지정에 관한 고시
DOC-001530,LAW-KR-000102,대학생 현장실습학기제 운영규정,v14_출처문서명,admin_rule,notice,,고시,nlic_admrul,norm:Notice,true,교육부,true,nlic_api,DOC-000279,UNIT-0109156,,대표,,,,,고시,고시|대학생 현장실습학기제 운영규정
DOC-001531,LAW-KR-000102,목포지방해양수산청 해기품질관리규정,v14_출처문서명,admin_rule,established_rule,,예규,nlic_admrul,norm:EstablishedRule,true,목포지방해양수산청,true,nlic_api_20260920k,,,,대표,2100000240330,120,20240502,20240502,고시,고시|목포지방해양수산청 해기품질관리규정
DOC-001532,LAW-KR-000102,상선해기사 승선실습프로그램,v14_출처문서명,admin_rule,notice,,고시,nlic_admrul,norm:Notice,true,해양수산부,true,nlic_api_20260920k,,,,,2100000071993,2016-230,20161230,20161230,고시,고시|상선해기사 승선실습프로그램
DOC-001533,LAW-KR-000102,울산지방해양수산청 해기품질관리규정,v14_출처문서명,admin_rule,established_rule,,예규,nlic_admrul,norm:EstablishedRule,true,울산지방해양수산청,true,nlic_api_20260920k,,,,,2100000248454,163,20241022,20241022,고시,고시|울산지방해양수산청 해기품질관리규정
DOC-001534,LAW-KR-000102,인력양성 특정분야 고시,v14_출처문서명,admin_rule,notice,,고시,nlic_admrul,norm:Notice,true,교육부,true,nlic_api_20260920k,,,,대표,2100000283288,2026-15,20260729,20260729,고시,고시|인력양성 특정분야 고시
DOC-001535,LAW-KR-000102,인천지방해양수산청 해기품질관리방침,v14_출처문서명,admin_rule,notice,,고시,nlic_admrul,norm:Notice,true,인천지방해양수산청,true,nlic_api_20260920k,,,,대표,2100000259072,2025-74,20250515,20250515,고시,고시|인천지방해양수산청 해기품질관리방침
DOC-001536,LAW-KR-000102,자격인증기관 유지·관리에 관한 규칙,v14_출처문서명,admin_rule,established_rule,,예규,nlic_admrul,norm:EstablishedRule,true,해양경찰교육원,true,nlic_api_20260920k,,,,대표,2100000198760,76,20210302,20210302,고시,고시|자격인증기관 유지·관리에 관한 규칙
DOC-001537,LAW-KR-000102,지정교육기관기준,v14_출처문서명,admin_rule,notice,,고시,nlic_admrul,norm:Notice,true,해양수산부,true,nlic_api_20260920k,,,,,2100000263598,2025-138,20250829,20250829,고시,고시|지정교육기관기준
DOC-001538,LAW-KR-000102,평택지방해양수산청 해기품질관리 예규,v14_출처문서명,admin_rule,established_rule,,예규,nlic_admrul,norm:EstablishedRule,true,평택지방해양수산청,true,nlic_api_20260920k,,,,대표,2100000229426,29,20230914,20230914,고시,고시|평택지방해양수산청 해기품질관리 예규
DOC-001539,LAW-KR-000102,해기사시험과목 내용별 출제비율,v14_출처문서명,admin_rule,notice,,고시,nlic_admrul,norm:Notice,true,해양수산부,true,nlic_api_20260920k,,,,,2100000070676,2016-199,20161223,20170101,고시,고시|해기사시험과목 내용별 출제비율
DOC-001540,LAW-KR-000102,해기품질기준,v14_출처문서명,admin_rule,notice,,고시,nlic_admrul,norm:Notice,true,해양수산부,true,nlic_api_20260920k,,,,,2100000071998,2016-233,20161230,20161230,고시,고시|해기품질기준
DOC-001541,LAW-KR-000102,현장승선실습 운영지침,v14_출처문서명,admin_rule,notice,,고시,nlic_admrul,norm:Notice,true,해양수산부,true,nlic_api,DOC-000279,UNIT-0109174,DOC-001570,내용 다름(겹침 97%),,,,,고시,고시|현장승선실습 운영지침
DOC-001542,LAW-KR-000164,(부산지방해양수산청) 해기품질관리규정,v14_출처문서명,admin_rule,established_rule,,예규,nlic_admrul,norm:EstablishedRule,true,부산지방해양수산청,true,nlic_api,,,DOC-001523,동일 사본,,,,,고시,고시|(부산지방해양수산청) 해기품질관리규정
DOC-001543,LAW-KR-000164,(포항지방해양수산청) 선원행정심의위원회 규정,v14_출처문서명,admin_rule,established_rule,,예규,nlic_admrul,norm:EstablishedRule,true,포항지방해양수산청,true,nlic_api,,,DOC-001524,동일 사본,,,,,고시,고시|(포항지방해양수산청) 선원행정심의위원회 규정
DOC-001544,LAW-KR-000164,(포항지방해양수산청) 해기품질관리규정,v14_출처문서명,admin_rule,established_rule,,예규,nlic_admrul,norm:EstablishedRule,true,포항지방해양수산청,true,nlic_api,,,DOC-001525,동일 사본,,,,,고시,고시|(포항지방해양수산청) 해기품질관리규정
DOC-001545,LAW-KR-000164,2006 해사노동협약 사무처리 규정,v14_출처문서명,admin_rule,notice,,고시,nlic_admrul,norm:Notice,true,해양수산부,true,nlic_api,,,,,,,,,고시,고시|2006 해사노동협약 사무처리 규정
DOC-001546,LAW-KR-000164,2006 해사노동협약 사무처리 규정 고시,v14_출처문서명,admin_rule,notice,,고시,nlic_admrul,norm:Notice,true,해양수산부,true,nlic_api_20260920k,,,,,2100000258060,2025-69,20250421,20250421,고시,고시|2006 해사노동협약 사무처리 규정 고시
DOC-001547,LAW-KR-000164,국가필수선박 업무처리에 관한 규정,v14_출처문서명,admin_rule,notice,,고시,nlic_admrul,norm:Notice,true,해양수산부,true,nlic_api_20260920k,,,,,2100000240438,2024-48,20240507,20240507,고시,고시|국가필수선박 업무처리에 관한 규정
DOC-001548,LAW-KR-000164,국립해양계대학교 졸업자의 복무규정,v14_출처문서명,admin_rule,notice,,고시,nlic_admrul,norm:Notice,true,해양수산부,true,nlic_api,,,DOC-001526,동일 사본,,,,,고시,고시|국립해양계대학교 졸업자의 복무규정
DOC-001549,LAW-KR-000164,극지활동 기반시설 안전관리 지침,v14_출처문서명,admin_rule,notice,,고시,nlic_admrul,norm:Notice,true,해양수산부,true,nlic_api,DOC-000463,UNIT-0194551,,,,,,,고시,고시|극지활동 기반시설 안전관리 지침
DOC-001550,LAW-KR-000164,목포지방해양수산청 해기품질관리규정,v14_출처문서명,admin_rule,established_rule,,예규,nlic_admrul,norm:EstablishedRule,true,목포지방해양수산청,true,nlic_api,,,DOC-001531,동일 사본,,,,,고시,고시|목포지방해양수산청 해기품질관리규정
DOC-001551,LAW-KR-000164,산업인력을 운송하는 선박에 대한 시설기준,v14_출처문서명,admin_rule,notice,,고시,nlic_admrul,norm:Notice,true,해양수산부,true,nlic_api,DOC-000543,UNIT-0221319,,대표,,,,,고시,고시|산업인력을 운송하는 선박에 대한 시설기준
DOC-001552,LAW-KR-000164,서해어업관리단 통역인 관리운영 규정,v14_출처문서명,admin_rule,established_rule,,예규,nlic_admrul,norm:EstablishedRule,true,서해어업관리단,true,nlic_api_20260920k,,,,,2100000272438,87,20260101,20260101,고시,고시|서해어업관리단 통역인 관리운영 규정
DOC-001553,LAW-KR-000164,선내 안전·보건 및 사고예방 기준,v14_출처문서명,admin_rule,notice,,고시,nlic_admrul,norm:Notice,true,해양수산부,true,nlic_api,DOC-000463,UNIT-0195342,DOC-002021,내용 다름(겹침 77%),,,,,고시,고시|선내 안전·보건 및 사고예방 기준
DOC-001554,LAW-KR-000164,선내 의약품 등의 비치 기준,v14_출처문서명,admin_rule,notice,,고시,nlic_admrul,norm:Notice,true,해양수산부,true,nlic_api,DOC-000465,UNIT-0196369,,,,,,,고시,고시|선내 의약품 등의 비치 기준
DOC-001555,LAW-KR-000164,선박(항공기)용품 및 용역공급업 등의 등록에 관한 고시,v14_출처문서명,admin_rule,notice,,고시,nlic_admrul,norm:Notice,true,관세청,true,nlic_api_20260920k,,,,,2100000252702,2025-4,20250108,20250108,고시,고시|선박(항공기)용품 및 용역공급업 등의 등록에 관한 고시
DOC-001556,LAW-KR-000164,선박관리업의 등록관리요령,v14_출처문서명,admin_rule,notice,,고시,nlic_admrul,norm:Notice,true,해양수산부,true,nlic_api_20260920k,,,,대표,2100000213049,2022-128,20220714,20220714,고시,고시|선박관리업의 등록관리요령
DOC-001557,LAW-KR-000164,선원임금채권 보장을 위한 기금의 운영 및 관리에 관한 규정,v14_출처문서명,admin_rule,notice,,고시,nlic_admrul,norm:Notice,true,해양수산부,true,nlic_api_20260920k,,,,,2100000036165,2015-222,20151231,20151231,고시,고시|선원임금채권 보장을 위한 기금의 운영 및 관리에 관한 규정
DOC-001558,LAW-KR-000164,어선해기사 승선실습프로그램,v14_출처문서명,admin_rule,notice,,고시,nlic_admrul,norm:Notice,true,해양수산부,true,nlic_api_20260920k,,,,,2100000071995,2016-231,20161230,20161230,고시,고시|어선해기사 승선실습프로그램
DOC-001559,LAW-KR-000164,여객선 안전관리지침,v14_출처문서명,admin_rule,notice,,고시,nlic_admrul,norm:Notice,true,해양수산부,true,nlic_api,DOC-000463,UNIT-0195025,DOC-003294,내용 다름(겹침 77%),,,,,고시,고시|여객선 안전관리지침
DOC-001560,LAW-KR-000164,외국인선원 관리지침,v14_출처문서명,admin_rule,notice,,고시,nlic_admrul,norm:Notice,true,해양수산부,true,nlic_api_20260920k,,,,대표,2100000271328,2025-238,20251231,20251231,고시,고시|외국인선원 관리지침
DOC-001561,LAW-KR-000164,외항선원 주택특별공급 운영기준,v14_출처문서명,admin_rule,notice,,고시,nlic_admrul,norm:Notice,true,해양수산부,true,nlic_api_20260920k,,,,대표,2100000241464,2024-57,20240521,20240521,고시,고시|외항선원 주택특별공급 운영기준
DOC-001562,LAW-KR-000164,인천지방해양수산청 해기품질관리방침,v14_출처문서명,admin_rule,notice,,고시,nlic_admrul,norm:Notice,true,인천지방해양수산청,true,nlic_api,,,DOC-001535,동일 사본,,,,,고시,고시|인천지방해양수산청 해기품질관리방침
DOC-001563,LAW-KR-000164,일자리 안정자금 사업 운영 규정,v14_출처문서명,admin_rule,notice,,고시,nlic_admrul,norm:Notice,true,고용노동부,true,nlic_api_20260920k,,,,대표,2100000207741,2021-128,20220101,20220101,고시,고시|일자리 안정자금 사업 운영 규정
DOC-001564,LAW-KR-000164,자격인증기관 유지·관리에 관한 규칙,v14_출처문서명,admin_rule,established_rule,,예규,nlic_admrul,norm:EstablishedRule,true,해양경찰교육원,true,nlic_api,,,DOC-001536,동일 사본,,,,,고시,고시|자격인증기관 유지·관리에 관한 규칙
DOC-001565,LAW-KR-000164,체불선박소유자 명단 공개 및 체불자료 제공 관련 업무 처리 규정,v14_출처문서명,admin_rule,notice,,고시,nlic_admrul,norm:Notice,true,해양수산부,true,nlic_api_20260920k,,,,,2100000198555,2021-37,20210218,20210219,고시,고시|체불선박소유자 명단 공개 및 체불자료 제공 관련 업무 처리 규정
DOC-001566,LAW-KR-000164,통상임금 및 승선평균임금의 산정지침,v14_출처문서명,admin_rule,established_rule,,예규,nlic_admrul,norm:EstablishedRule,true,해양수산부,true,nlic_api_20260920k,,,,,2100000028287,59,20150917,20150917,고시,고시|통상임금 및 승선평균임금의 산정지침
DOC-001567,LAW-KR-000164,특수장소에서의 의약품 취급에 관한 지정,v14_출처문서명,admin_rule,notice,,고시,nlic_admrul,norm:Notice,true,보건복지부,true,nlic_api,,,DOC-000699,내용 다름(겹침 0%),,,,,고시,고시|특수장소에서의 의약품 취급에 관한 지정
DOC-001568,LAW-KR-000164,평택지방해양수산청 해기품질관리 예규,v14_출처문서명,admin_rule,established_rule,,예규,nlic_admrul,norm:EstablishedRule,true,평택지방해양수산청,true,nlic_api,,,DOC-001538,동일 사본,,,,,고시,고시|평택지방해양수산청 해기품질관리 예규
DOC-001569,LAW-KR-000164,해외취업선원 재해보상에 관한 규정,v14_출처문서명,admin_rule,notice,,고시,nlic_admrul,norm:Notice,true,해양수산부,true,nlic_api_20260920k,,,,,2100000028285,2015-145,20150923,20150923,고시,고시|해외취업선원 재해보상에 관한 규정
DOC-001570,LAW-KR-000164,현장승선실습 운영지침,v14_출처문서명,admin_rule,notice,,고시,nlic_admrul,norm:Notice,true,해양수산부,true,nlic_api,DOC-000463,UNIT-0194996,,대표,,,,,고시,고시|현장승선실습 운영지침
DOC-001571,LAW-KR-000153,119종합상황실 표준 운영규정,v14_출처문서명,admin_rule,established_rule,,예규,nlic_admrul,norm:EstablishedRule,true,소방청,true,nlic_api,DOC-000430,UNIT-0182528,DOC-002181,내용 다름(겹침 90%),,,,,고시,고시|119종합상황실 표준 운영규정
DOC-001572,LAW-KR-000153,소방정보통신 운영관리 규정,v14_출처문서명,admin_rule,established_rule,,예규,nlic_admrul,norm:EstablishedRule,true,소방청,true,nlic_api,DOC-000432,UNIT-0183049,,,,,,,고시,고시|소방정보통신 운영관리 규정
DOC-001573,LAW-KR-000153,소방청 119종합상황실 운영 규정,v14_출처문서명,admin_rule,established_rule,,예규,nlic_admrul,norm:EstablishedRule,true,소방청,true,nlic_api,DOC-000430,UNIT-0182647,,,,,,,고시,고시|소방청 119종합상황실 운영 규정
DOC-001574,LAW-KR-000153,재난상황의 보고 대상 지정 고시,v14_출처문서명,admin_rule,notice,,고시,nlic_admrul,norm:Notice,true,행정안전부,true,nlic_api,DOC-000430,UNIT-0182615,,대표,,,,,고시,고시|재난상황의 보고 대상 지정 고시
DOC-001575,LAW-KR-000153,소방력 기준에 관한 규칙,v14_출처문서명,statutory,ministerial_ordinance,4,,by_layer,norm:SeparateMinisterialRule,true,,true,nlic_api_20260917,,,,,287825,00628,20260701,20260701,부령규칙,부령규칙|소방력 기준에 관한 규칙
DOC-001576,LAW-KR-000093,방염물품의 종류 및 처리방법에 따른 실적인정 비율 고시,v14_출처문서명,admin_rule,notice,,고시,nlic_admrul,norm:Notice,true,소방청,true,nlic_api,DOC-000254,UNIT-0101523,,,,,,,고시,고시|방염물품의 종류 및 처리방법에 따른 실적인정 비율 고시
DOC-001577,LAW-KR-000093,방염처리업의 방염처리능력 평가 수수료에 관한 고시,v14_출처문서명,admin_rule,notice,,고시,nlic_admrul,norm:Notice,true,소방청,true,nlic_api,DOC-000254,UNIT-0101702,,,,,,,고시,고시|방염처리업의 방염처리능력 평가 수수료에 관한 고시
DOC-001578,LAW-KR-000093,소방기술자 실무교육 기준 고시,v14_출처문서명,admin_rule,notice,,고시,nlic_admrul,norm:Notice,true,소방청,true,nlic_api,DOC-000252,UNIT-0101011,,,,,,,고시,고시|소방기술자 실무교육 기준 고시
DOC-001579,LAW-KR-000093,소방시설 설계·감리업자의 사업수행능력 세부평가기준,v14_출처문서명,admin_rule,notice,,고시,nlic_admrul,norm:Notice,true,소방청,true,nlic_api,DOC-000252,UNIT-0100980,,대표,,,,,고시,고시|소방시설 설계·감리업자의 사업수행능력 세부평가기준
DOC-001580,LAW-KR-000093,소방시설공사업 기업진단 요령,v14_출처문서명,admin_rule,notice,,고시,nlic_admrul,norm:Notice,true,소방청,true,nlic_api,DOC-000254,UNIT-0101540,,,,,,,고시,고시|소방시설공사업 기업진단 요령
DOC-001581,LAW-KR-000093,소방시설공사업의 시공능력 평가 수수료에 관한 고시,v14_출처문서명,admin_rule,notice,,고시,nlic_admrul,norm:Notice,true,소방청,true,nlic_api,DOC-000254,UNIT-0101702,,,,,,,고시,고시|소방시설공사업의 시공능력 평가 수수료에 관한 고시
DOC-001582,LAW-KR-000093,자격수첩 및 경력수첩의 발급절차 등에 관한 기준,v14_출처문서명,admin_rule,notice,,고시,nlic_admrul,norm:Notice,true,소방청,true,nlic_api,DOC-000252,UNIT-0100998,,,,,,,고시,고시|자격수첩 및 경력수첩의 발급절차 등에 관한 기준
DOC-001583,LAW-KR-000009,교육시설 등의 소방시설 실태조사에 관한 규정,v14_출처문서명,admin_rule,notice,,고시,nlic_admrul,norm:Notice,true,교육부,true,nlic_api,DOC-000024,UNIT-0016867,DOC-003324,내용 다름(겹침 62%),,,,,고시,고시|교육시설 등의 소방시설 실태조사에 관한 규정
DOC-001584,LAW-KR-000009,소방용품의 품질관리 등에 관한 규칙,v14_출처문서명,statutory,ministerial_ordinance,4,,by_layer,norm:SeparateMinisterialRule,true,,true,nlic_api_20260917,,,,,287833,00628,20260701,20260701,부령규칙,부령규칙|소방용품의 품질관리 등에 관한 규칙
DOC-001585,LAW-KR-000066,농촌위해시설로 인정할 수 있는 시설의 종류에 관한 규정,v14_출처문서명,admin_rule,notice,,고시,nlic_admrul,norm:Notice,true,농림축산식품부,true,nlic_api_20260920k,,,,대표,2100000259090,2025-53,20250513,20250513,고시,고시|농촌위해시설로 인정할 수 있는 시설의 종류에 관한 규정
DOC-001586,LAW-KR-000066,방음시설의 성능 및 설치기준,v14_출처문서명,admin_rule,notice,,고시,nlic_admrul,norm:Notice,true,기후에너지환경부,true,nlic_api,DOC-000186,UNIT-0082024,,,,,,,고시,고시|방음시설의 성능 및 설치기준
DOC-001587,LAW-KR-000066,소음지도의 작성방법,v14_출처문서명,admin_rule,notice,,고시,nlic_admrul,norm:Notice,true,기후에너지환경부,true,nlic_api_20260920k,,,,,2100000273170,2026-19,20260118,20260118,고시,고시|소음지도의 작성방법
DOC-001588,LAW-KR-000066,운행차 배출가스 검사 시행요령 등에 관한 규정,v14_출처문서명,admin_rule,notice,,고시,nlic_admrul,norm:Notice,true,기후에너지환경부,true,nlic_api,,,DOC-000899,동일 사본,,,,,고시,고시|운행차 배출가스 검사 시행요령 등에 관한 규정
DOC-001589,LAW-KR-000066,운행차 수시점검방법과 확인검사대행자 등록에 관한 규정,v14_출처문서명,admin_rule,notice,,고시,nlic_admrul,norm:Notice,true,기후에너지환경부,true,nlic_api,,,DOC-000900,동일 사본,,,,,고시,고시|운행차 수시점검방법과 확인검사대행자 등록에 관한 규정
DOC-001590,LAW-KR-000066,이동소음원 지정 고시,v14_출처문서명,admin_rule,notice,,고시,nlic_admrul,norm:Notice,true,기후에너지환경부,true,nlic_api_20260920k,,,,,2100000265204,2025-165,20251001,20251007,고시,고시|이동소음원 지정 고시
DOC-001591,LAW-KR-000066,전문교육기관 지정기준,v14_출처문서명,admin_rule,notice,,고시,nlic_admrul,norm:Notice,true,산림청,true,nlic_api_20260920k,,,,,2100000184745,2019-89,20191213,20200101,고시,고시|전문교육기관 지정기준
DOC-001592,LAW-KR-000066,제작자동차 인증 및 검사 방법과 절차 등에 관한 규정,v14_출처문서명,admin_rule,notice,,고시,nlic_admrul,norm:Notice,true,기후에너지환경부,true,nlic_api,,,DOC-000917,동일 사본,,,,,고시,고시|제작자동차 인증 및 검사 방법과 절차 등에 관한 규정
DOC-001593,LAW-KR-000066,철도차량의 소음권고기준 및 검사방법 등에 관한 규정,v14_출처문서명,admin_rule,notice,,고시,nlic_admrul,norm:Notice,true,기후에너지환경부,true,nlic_api_20260920k,,,,대표,2100000265210,2025-165,20251001,20251007,고시,고시|철도차량의 소음권고기준 및 검사방법 등에 관한 규정
DOC-001594,LAW-KR-000066,층간소음 피해사례 조사·상담 등의 절차 및 방법에 관한 규정,v14_출처문서명,admin_rule,notice,,고시,nlic_admrul,norm:Notice,true,기후에너지환경부,true,nlic_api_20260920k,,,,대표,2100000265236,2025-818,20251028,20251103,고시,고시|층간소음 피해사례 조사·상담 등의 절차 및 방법에 관한 규정
DOC-001595,LAW-KR-000066,타이어 소음도 시험기관 지정 등에 관한 규정,v14_출처문서명,admin_rule,notice,,고시,nlic_admrul,norm:Notice,true,국립환경과학원,true,nlic_api_20260920k,,,,,2100000282980,2026-30,20260727,20260727,고시,고시|타이어 소음도 시험기관 지정 등에 관한 규정
DOC-001596,LAW-KR-000066,타이어 소음도 측정 및 소음허용기준 적합 여부 조사 등에 관한 규정,v14_출처문서명,admin_rule,notice,,고시,nlic_admrul,norm:Notice,true,국립환경과학원,true,nlic_api_20260920k,,,,,2100000283030,2026-31,20260727,20260727,고시,고시|타이어 소음도 측정 및 소음허용기준 적합 여부 조사 등에 관한 규정
DOC-001597,LAW-KR-000066,탄약 비군사화시설의 관리·운영의 위탁 및 폐기 화약류 등의 위탁처리에 관한 기준,v14_출처문서명,admin_rule,notice,,고시,nlic_admrul,norm:Notice,true,국방부,true,nlic_api,,,DOC-001165,동일 사본,,,,,고시,고시|탄약 비군사화시설의 관리·운영의 위탁 및 폐기 화약류 등의 위탁처리에 관한 기준
DOC-001598,LAW-KR-000066,특고압 전선로 인체보호기준,v14_출처문서명,admin_rule,notice,,고시,nlic_admrul,norm:Notice,true,산업통상부,true,nlic_api,DOC-000418,UNIT-0175340,,,,,,,고시,고시|특고압 전선로 인체보호기준
DOC-001599,LAW-KR-000066,특허·실용신안 우선심사의 신청에 관한 고시,v14_출처문서명,admin_rule,notice,,고시,nlic_admrul,norm:Notice,true,지식재산처,true,nlic_api,,,DOC-000926,동일 사본,,,,,고시,고시|특허·실용신안 우선심사의 신청에 관한 고시
DOC-001600,LAW-KR-000066,폐기물처분부담금 사무처리규정,v14_출처문서명,admin_rule,established_rule,,예규,nlic_admrul,norm:EstablishedRule,true,기후에너지환경부,true,nlic_api,,,DOC-000927,동일 사본,,,,,고시,고시|폐기물처분부담금 사무처리규정
DOC-001601,LAW-KR-000066,한국환경보전원 교육수수료,v14_출처문서명,admin_rule,notice,,고시,nlic_admrul,norm:Notice,true,기후에너지환경부,true,nlic_api,,,DOC-000928,동일 사본,,,,,고시,고시|한국환경보전원 교육수수료
DOC-001602,LAW-KR-000066,공동주택 층간소음의 범위와 기준에 관한 규칙,v14_출처문서명,statutory,ministerial_ordinance,4,,by_layer,norm:SeparateMinisterialRule,true,,true,nlic_api,,,,,,,,,부령규칙,부령규칙|공동주택 층간소음의 범위와 기준에 관한 규칙
DOC-001603,LAW-KR-000095,방재관리대책대행자의 사업수행능력 평가기준,v14_출처문서명,admin_rule,notice,,고시,nlic_admrul,norm:Notice,true,행정안전부,true,nlic_api_20260920k,,,,,2100000241824,2024-44,20240527,20240601,고시,고시|방재관리대책대행자의 사업수행능력 평가기준
DOC-001604,LAW-KR-000095,생태ㆍ자연도 작성지침,v14_출처문서명,admin_rule,established_rule,,예규,nlic_admrul,norm:EstablishedRule,true,기후에너지환경부,true,nlic_api_20260920k,,,,대표,2100000267060,4,20251105,20251111,고시,고시|생태ㆍ자연도 작성지침
DOC-001605,LAW-KR-000095,소하천 폐천부지등의 관리 세부기준,v14_출처문서명,admin_rule,notice,,고시,nlic_admrul,norm:Notice,true,행정안전부,true,nlic_api_20260920k,,,,,2100000194180,2020-52,20201027,20201027,고시,고시|소하천 폐천부지등의 관리 세부기준
DOC-001606,LAW-KR-000095,소하천의 구조·시설에 관한 기준,v14_출처문서명,admin_rule,notice,,고시,nlic_admrul,norm:Notice,true,행정안전부,true,nlic_api,DOC-000258,UNIT-0102397,,,,,,,고시,고시|소하천의 구조·시설에 관한 기준
DOC-001607,LAW-KR-000095,일반측량 작업규정,v14_출처문서명,admin_rule,notice,,고시,nlic_admrul,norm:Notice,true,국토지리정보원,true,nlic_api_20260920k,,,,대표,2100000187623,2020-1245,20200317,20200317,고시,고시|일반측량 작업규정
DOC-001608,LAW-KR-000095,자연·인공지명 정비 및 관리 등에 관한 규정,v14_출처문서명,admin_rule,notice,,고시,nlic_admrul,norm:Notice,true,국토지리정보원,true,nlic_api,,,DOC-000938,동일 사본,,,,,고시,고시|자연·인공지명 정비 및 관리 등에 관한 규정
DOC-001609,LAW-KR-000095,행정안전부장관이 방재시설의 유지·관리를 위하여 필요하다고 인정하는 시설,v14_출처문서명,admin_rule,notice,,고시,nlic_admrul,norm:Notice,true,행정안전부,true,nlic_api,DOC-000356,UNIT-0144124,,대표,,,,,고시,고시|행정안전부장관이 방재시설의 유지·관리를 위하여 필요하다고 인정하는 시설
DOC-001610,LAW-KR-000095,행정안전부장관이 정하는 방재성능 평가 대상 시설,v14_출처문서명,admin_rule,notice,,고시,nlic_admrul,norm:Notice,true,행정안전부,true,nlic_api,DOC-000356,UNIT-0143577,,대표,,,,,고시,고시|행정안전부장관이 정하는 방재성능 평가 대상 시설
DOC-001611,LAW-KR-000174,건설공사 타당성 조사 지침,v14_출처문서명,admin_rule,notice,,고시,nlic_admrul,norm:Notice,true,국토교통부,true,nlic_api,,,DOC-000950,동일 사본,,,,,고시,고시|건설공사 타당성 조사 지침
DOC-001612,LAW-KR-000174,공공하수도 관리대행업자 선정 및 대행성과 평가,v14_출처문서명,admin_rule,notice,,고시,nlic_admrul,norm:Notice,true,기후에너지환경부,true,nlic_api_20260920k,,,,대표,2100000266812,2025-165,20251001,20260101,고시,고시|공공하수도 관리대행업자 선정 및 대행성과 평가
DOC-001613,LAW-KR-000174,국가수도정보센터의 구축 및 운영 등에 관한 규정,v14_출처문서명,admin_rule,notice,,고시,nlic_admrul,norm:Notice,true,기후에너지환경부,true,nlic_api_20260920k,,,,,2100000268200,2025-27,20251118,20251118,고시,고시|국가수도정보센터의 구축 및 운영 등에 관한 규정
DOC-001614,LAW-KR-000174,그 밖에 음용을 목적으로 위생안전기준 인증을 받아야 하는 수도용 자재와 제품,v14_출처문서명,admin_rule,notice,,고시,nlic_admrul,norm:Notice,true,기후에너지환경부,true,nlic_api_20260920k,,,,,2100000269808,2025-62,20251219,20251219,고시,고시|그 밖에 음용을 목적으로 위생안전기준 인증을 받아야 하는 수도용 자재와 제품
DOC-001615,LAW-KR-000174,노후계획도시 용도지역별 기준용적률 산정에 관한 지침,v14_출처문서명,admin_rule,notice,,고시,nlic_admrul,norm:Notice,true,국토교통부,true,nlic_api_20260920k,,,,대표,2100000248426,2024-558,20241022,20241022,고시,고시|노후계획도시 용도지역별 기준용적률 산정에 관한 지침
DOC-001616,LAW-KR-000174,막여과 정수시설의 설치기준,v14_출처문서명,admin_rule,notice,,고시,nlic_admrul,norm:Notice,true,기후에너지환경부,true,nlic_api,DOC-000493,UNIT-0201520,,,,,,,고시,고시|막여과 정수시설의 설치기준
DOC-001617,LAW-KR-000174,물산업 우수제품등 검증·평가 기준,v14_출처문서명,admin_rule,notice,,고시,nlic_admrul,norm:Notice,true,기후에너지환경부,true,nlic_api_20260920k,,,,대표,2100000191815,2020-167,20200801,20200801,고시,고시|물산업 우수제품등 검증·평가 기준
DOC-001618,LAW-KR-000174,불활성화비 계산방법 및 정수처리 인증 등에 관한 규정,v14_출처문서명,admin_rule,notice,,고시,nlic_admrul,norm:Notice,true,기후에너지환경부,true,nlic_api_20260920k,,,,,2100000266116,2025-165,20251001,20251001,고시,고시|불활성화비 계산방법 및 정수처리 인증 등에 관한 규정
DOC-001619,LAW-KR-000174,상수도공사 표준시방서 고시,v14_출처문서명,admin_rule,notice,,고시,nlic_admrul,norm:Notice,true,기후에너지환경부,true,nlic_api_20260920k,,,,,2100000266118,2025-165,20251001,20251001,고시,고시|상수도공사 표준시방서 고시
DOC-001620,LAW-KR-000174,상수도관망시설 유지관리업무 세부기준,v14_출처문서명,admin_rule,notice,,고시,nlic_admrul,norm:Notice,true,기후에너지환경부,true,nlic_api,DOC-000493,UNIT-0202061,,,,,,,고시,고시|상수도관망시설 유지관리업무 세부기준
DOC-001621,LAW-KR-000174,상수도관망시설운영관리사 양성과정에 관한 규정,v14_출처문서명,admin_rule,notice,,고시,nlic_admrul,norm:Notice,true,기후에너지환경부,true,nlic_api_20260920k,,,,,2100000266120,2025-165,20251001,20251001,고시,고시|상수도관망시설운영관리사 양성과정에 관한 규정
DOC-001622,LAW-KR-000174,상수도관망의 기술진단 범위 및 시행방법 등에 대한 고시,v14_출처문서명,admin_rule,notice,,고시,nlic_admrul,norm:Notice,true,기후에너지환경부,true,nlic_api,DOC-000493,UNIT-0202048,,,,,,,고시,고시|상수도관망의 기술진단 범위 및 시행방법 등에 대한 고시
DOC-001623,LAW-KR-000174,상수도설계기준,v14_출처문서명,admin_rule,notice,,고시,nlic_admrul,norm:Notice,true,기후에너지환경부,true,nlic_api_20260920k,,,,,2100000266126,2025-165,20251001,20251001,고시,고시|상수도설계기준
DOC-001624,LAW-KR-000174,상수도소화용수설비의 화재안전성능기준(NFPC 401),v14_출처문서명,admin_rule,notice,,고시,nlic_admrul,norm:Notice,true,소방청,true,nlic_api,DOC-000024,UNIT-0016622,,,,,,,고시,고시|상수도소화용수설비의 화재안전성능기준(NFPC 401)
DOC-001625,LAW-KR-000174,수도꼭지 및 관련 절수기기의 최대토수유량 시험방법,v14_출처문서명,admin_rule,notice,,고시,nlic_admrul,norm:Notice,true,기후에너지환경부,true,nlic_api_20260920k,,,,,2100000266132,2025-165,20251001,20251001,고시,고시|수도꼭지 및 관련 절수기기의 최대토수유량 시험방법
DOC-001626,LAW-KR-000174,수도사업을 위한 지하부분 토지사용 보상기준,v14_출처문서명,admin_rule,notice,,고시,nlic_admrul,norm:Notice,true,기후에너지환경부,true,nlic_api,,,DOC-001415,동일 사본,,,,,고시,고시|수도사업을 위한 지하부분 토지사용 보상기준
DOC-001627,LAW-KR-000174,수도용으로 사용 가능한 자재 및 제품에 관한 고시,v14_출처문서명,admin_rule,notice,,고시,nlic_admrul,norm:Notice,true,기후에너지환경부,true,nlic_api,,,DOC-000612,내용 다름(겹침 0%),,,,,고시,고시|수도용으로 사용 가능한 자재 및 제품에 관한 고시
DOC-001628,LAW-KR-000174,수도용으로 사용할 수 없는 배관재료,v14_출처문서명,admin_rule,notice,,고시,nlic_admrul,norm:Notice,true,기후에너지환경부,true,nlic_api_20260920k,,,,,2100000265256,2025-165,20251001,20251001,고시,고시|수도용으로 사용할 수 없는 배관재료
DOC-001629,LAW-KR-000174,오염토양의 반출정화사유,v14_출처문서명,admin_rule,notice,,고시,nlic_admrul,norm:Notice,true,기후에너지환경부,true,nlic_api_20260920k,,,,대표,2100000267242,2025-165,20251105,20251111,고시,고시|오염토양의 반출정화사유
DOC-001630,LAW-KR-000174,유역수도지원센터의 설립 및 운영 등에 관한 규정,v14_출처문서명,admin_rule,notice,,고시,nlic_admrul,norm:Notice,true,기후에너지환경부,true,nlic_api_20260920k,,,,,2100000266166,2025-165,20251001,20251001,고시,고시|유역수도지원센터의 설립 및 운영 등에 관한 규정
DOC-001631,LAW-KR-000174,일반수도사업 및 공공하수도 운영·관리 실태점검 기준,v14_출처문서명,admin_rule,notice,,고시,nlic_admrul,norm:Notice,true,기후에너지환경부,true,nlic_api_20260920k,,,,대표,2100000266168,2025-165,20251001,20251001,고시,고시|일반수도사업 및 공공하수도 운영·관리 실태점검 기준
DOC-001632,LAW-KR-000174,재난상황의 보고 대상 지정 고시,v14_출처문서명,admin_rule,notice,,고시,nlic_admrul,norm:Notice,true,행정안전부,true,nlic_api,,,DOC-001574,내용 다름(겹침 0%),,,,,고시,고시|재난상황의 보고 대상 지정 고시
DOC-001633,LAW-KR-000174,정수시설운영관리사 자격시험 응시 및 자격증 발급 수수료,v14_출처문서명,admin_rule,notice,,고시,nlic_admrul,norm:Notice,true,기후에너지환경부,true,nlic_api_20260920k,,,,,2100000266170,2025-165,20251001,20251001,고시,고시|정수시설운영관리사 자격시험 응시 및 자격증 발급 수수료
DOC-001634,LAW-KR-000174,정수장 깔따구 유충 모니터링 방법 등에 관한 지침,v14_출처문서명,admin_rule,established_rule,,예규,nlic_admrul,norm:EstablishedRule,true,기후에너지환경부,true,nlic_api,DOC-000493,UNIT-0201729,,,,,,,고시,고시|정수장 깔따구 유충 모니터링 방법 등에 관한 지침
DOC-001635,LAW-KR-000174,정수장의 위생안전 인증 세부 운영기준,v14_출처문서명,admin_rule,notice,,고시,nlic_admrul,norm:Notice,true,기후에너지환경부,true,nlic_api,DOC-000493,UNIT-0201752,,,,,,,고시,고시|정수장의 위생안전 인증 세부 운영기준
DOC-001636,LAW-KR-000174,하천수 사용허가 세부기준,v14_출처문서명,admin_rule,notice,,고시,nlic_admrul,norm:Notice,true,기후에너지환경부,true,nlic_api,,,DOC-000847,동일 사본,,,,,고시,고시|하천수 사용허가 세부기준
DOC-001637,LAW-KR-000063,국가수목유전자원목록심의회 운영규정,v14_출처문서명,admin_rule,established_rule,,예규,nlic_admrul,norm:EstablishedRule,true,국립수목원,true,nlic_api_20260920k,,,,,2100000250358,172,20241205,20241205,고시,고시|국가수목유전자원목록심의회 운영규정
DOC-001638,LAW-KR-000063,국가정원 지정 자문단 구성 및 운영 등에 관한 규정,v14_출처문서명,admin_rule,notice,,고시,nlic_admrul,norm:Notice,true,산림청,true,nlic_api_20260920k,,,,,2100000268996,2025-81,20251124,20251124,고시,고시|국가정원 지정 자문단 구성 및 운영 등에 관한 규정
DOC-001639,LAW-KR-000063,국립수목원 관람에 관한 규정,v14_출처문서명,admin_rule,established_rule,,예규,nlic_admrul,norm:EstablishedRule,true,국립수목원,true,nlic_api,DOC-000177,UNIT-0076913,,,,,,,고시,고시|국립수목원 관람에 관한 규정
DOC-001640,LAW-KR-000063,국립수목원 식물종 관리규정,v14_출처문서명,admin_rule,established_rule,,예규,nlic_admrul,norm:EstablishedRule,true,국립수목원,true,nlic_api_20260920k,,,,,2100000257292,189,20250328,20250328,고시,고시|국립수목원 식물종 관리규정
DOC-001641,LAW-KR-000063,국립수목원완충지역 협의기준,v14_출처문서명,admin_rule,established_rule,,예규,nlic_admrul,norm:EstablishedRule,true,국립수목원,true,nlic_api,,,DOC-001106,동일 사본,,,,,고시,고시|국립수목원완충지역 협의기준
DOC-001642,LAW-KR-000063,정원의 품질 및 운영·관리 평가기준,v14_출처문서명,admin_rule,notice,,고시,nlic_admrul,norm:Notice,true,산림청,true,nlic_api_20260920k,,,,,2100000280166,2026-57,20260528,20260528,고시,고시|정원의 품질 및 운영·관리 평가기준
DOC-001643,LAW-KR-000063,주한미군 공여구역주변지역 등 지원 특별법 제10조에 따른 시행 대상 사업 고시,v14_출처문서명,admin_rule,notice,,고시,nlic_admrul,norm:Notice,true,행정안전부,true,nlic_api,,,DOC-000846,동일 사본,,,,,고시,고시|주한미군 공여구역주변지역 등 지원 특별법 제10조에 따른 시행 대상 사업 고시
DOC-001644,LAW-KR-000078,(해양경찰청) 긴급대응협력관 지정 및 운영에 관한 규정,v14_출처문서명,admin_rule,notice,,고시,nlic_admrul,norm:Notice,true,해양경찰청,true,nlic_api_20260920k,,,DOC-002438,내용 다름(겹침 0%),2100000269688,2025-6,20251210,20251210,고시,고시|(해양경찰청) 긴급대응협력관 지정 및 운영에 관한 규정
DOC-001645,LAW-KR-000078,수상구조사 자격시험 관리업무 위탁기관 지정,v14_출처문서명,admin_rule,notice,,고시,nlic_admrul,norm:Notice,true,해양경찰청,true,nlic_api_20260920k,,,,,2100000269894,2025-8,20251219,20260101,고시,고시|수상구조사 자격시험 관리업무 위탁기관 지정
DOC-001646,LAW-KR-000078,수상구조사 자격시험 및 교육기관 지정 등에 관한 규칙,v14_출처문서명,admin_rule,notice,,고시,nlic_admrul,norm:Notice,true,해양경찰청,true,nlic_api_20260920k,,,,,2100000269892,2025-7,20251219,20251221,고시,고시|수상구조사 자격시험 및 교육기관 지정 등에 관한 규칙
DOC-001647,LAW-KR-000078,수색구조수당 지급 규칙,v14_출처문서명,admin_rule,established_rule,,예규,nlic_admrul,norm:EstablishedRule,true,해양경찰청,true,nlic_api_20260920k,,,,,2100000188479,45,20190710,20190710,고시,고시|수색구조수당 지급 규칙
DOC-001648,LAW-KR-000078,항공기 수색·구조 지원계획,v14_출처문서명,admin_rule,notice,,고시,nlic_admrul,norm:Notice,true,항공교통본부,true,nlic_api_20260920k,,,,,2100000227216,2023-1,20230728,20230728,고시,고시|항공기 수색·구조 지원계획
DOC-001649,LAW-KR-000078,해상구조조정본부 지정 및 운영 등에 관한 고시,v14_출처문서명,admin_rule,notice,,고시,nlic_admrul,norm:Notice,true,해양경찰청,true,nlic_api_20260920k,,,,,2100000206847,2021-7,20211215,20211215,고시,고시|해상구조조정본부 지정 및 운영 등에 관한 고시
DOC-001650,LAW-KR-000172,동력수상레저기구 안전검사 기준,v14_출처문서명,admin_rule,notice,,고시,nlic_admrul,norm:Notice,true,해양경찰청,true,nlic_api,DOC-000487,UNIT-0200152,,,,,,,고시,고시|동력수상레저기구 안전검사 기준
DOC-001651,LAW-KR-000172,동력수상레저기구의 안전검사 등에 대한 수수료기준,v14_출처문서명,admin_rule,notice,,고시,nlic_admrul,norm:Notice,true,해양경찰청,true,nlic_api_20260920k,,,,대표,2100000232592,2024-1,20240101,20240101,고시,고시|동력수상레저기구의 안전검사 등에 대한 수수료기준
DOC-001652,LAW-KR-000172,무선국의 운용 등에 관한 규정,v14_출처문서명,admin_rule,notice,,고시,nlic_admrul,norm:Notice,true,중앙전파관리소,true,nlic_api,DOC-000487,UNIT-0200236,,대표,,,,,고시,고시|무선국의 운용 등에 관한 규정
DOC-001653,LAW-KR-000172,무역항 요트 계류시설 사용에 관한 규정,v14_출처문서명,admin_rule,notice,,고시,nlic_admrul,norm:Notice,true,해양수산부,true,nlic_api,DOC-000373,UNIT-0155866,,대표,,,,,고시,고시|무역항 요트 계류시설 사용에 관한 규정
DOC-001654,LAW-KR-000172,수상레저안전업무 처리규칙,v14_출처문서명,admin_rule,notice,,고시,nlic_admrul,norm:Notice,true,해양경찰청,true,nlic_api_20260920k,,,DOC-001656,내용 다름(겹침 0%),2100000249826,2024-11,20241126,20241126,고시,고시|수상레저안전업무 처리규칙
DOC-001655,LAW-KR-000172,전기추진 동력수상레저기구 설비기준,v14_출처문서명,admin_rule,notice,,고시,nlic_admrul,norm:Notice,true,해양경찰청,true,nlic_api,DOC-000489,UNIT-0200431,,,,,,,고시,고시|전기추진 동력수상레저기구 설비기준
DOC-001656,LAW-KR-000115,수상레저안전업무 처리규칙,v14_출처문서명,admin_rule,notice,,고시,nlic_admrul,norm:Notice,true,해양경찰청,true,nlic_api,DOC-000317,UNIT-0124443,,대표,,,,,고시,고시|수상레저안전업무 처리규칙
DOC-001657,LAW-KR-000045,수소 안전관리기준 통합고시,v14_출처문서명,admin_rule,notice,,고시,nlic_admrul,norm:Notice,true,기후에너지환경부,true,nlic_api,DOC-000125,UNIT-0060333,,,,,,,고시,고시|수소 안전관리기준 통합고시
DOC-001658,LAW-KR-000045,수소발전 입찰시장 연도별 구매량 산정 등에 관한 고시,v14_출처문서명,admin_rule,notice,,고시,nlic_admrul,norm:Notice,true,산업통상부,true,nlic_api,DOC-000125,UNIT-0060175,,대표,,,,,고시,고시|수소발전 입찰시장 연도별 구매량 산정 등에 관한 고시
DOC-001659,LAW-KR-000045,수소의 안정적 보급·유통을 위한 고압가스 판매시설의 안전관리기준 등에 관한 특례기준,v14_출처문서명,admin_rule,notice,,고시,nlic_admrul,norm:Notice,true,산업통상부,true,nlic_api,DOC-000125,UNIT-0060267,DOC-000628,내용 다름(겹침 84%),,,,,고시,고시|수소의 안정적 보급·유통을 위한 고압가스 판매시설의 안전관리기준 등에 관한 특례기준
DOC-001660,LAW-KR-000045,수소전문기업 확인요령,v14_출처문서명,admin_rule,notice,,고시,nlic_admrul,norm:Notice,true,기후에너지환경부,true,nlic_api,DOC-000125,UNIT-0060050,,,,,,,고시,고시|수소전문기업 확인요령
DOC-001661,LAW-KR-000045,수소충전소 가격표시판의 표시방법 등에 관한 세부규정,v14_출처문서명,admin_rule,notice,,고시,nlic_admrul,norm:Notice,true,산업통상부,true,nlic_api,DOC-000125,UNIT-0060419,,,,,,,고시,고시|수소충전소 가격표시판의 표시방법 등에 관한 세부규정
DOC-001662,LAW-KR-000045,청정수소 인증제도 운영에 관한 고시,v14_출처문서명,admin_rule,notice,,고시,nlic_admrul,norm:Notice,true,산업통상부,true,nlic_api,DOC-000125,UNIT-0060142,,대표,,,,,고시,고시|청정수소 인증제도 운영에 관한 고시
DOC-001663,LAW-KR-000049,국내 폐기물 재활용 촉진을 위해 수입이 제한되는 폐기물 품목 고시,v14_출처문서명,admin_rule,notice,,고시,nlic_admrul,norm:Notice,true,기후에너지환경부,true,nlic_api_20260920k,,,,대표,2100000279018,2026-120,20260514,20260514,고시,고시|국내 폐기물 재활용 촉진을 위해 수입이 제한되는 폐기물 품목 고시
DOC-001664,LAW-KR-000049,사업자의 순환경제 성과관리 운영 등에 관한 고시,v14_출처문서명,admin_rule,notice,,고시,nlic_admrul,norm:Notice,true,기후에너지환경부,true,nlic_api_20260920k,,,,대표,2100000265330,2025-165,20251001,20251001,고시,고시|사업자의 순환경제 성과관리 운영 등에 관한 고시
DOC-001665,LAW-KR-000049,순환경제 신기술·서비스 규제특례 등에 관한 관리지침,v14_출처문서명,admin_rule,notice,,고시,nlic_admrul,norm:Notice,true,기후에너지환경부,true,nlic_api_20260920k,,,,,2100000266410,2025-165,20251001,20251001,고시,고시|순환경제 신기술·서비스 규제특례 등에 관한 관리지침
DOC-001666,LAW-KR-000049,순환자원 인정 절차 및 방법 등에 관한 고시,v14_출처문서명,admin_rule,notice,,고시,nlic_admrul,norm:Notice,true,기후에너지환경부,true,nlic_api_20260920k,,,,대표,2100000266418,2025-165,20251001,20251001,고시,고시|순환자원 인정 절차 및 방법 등에 관한 고시
DOC-001667,LAW-KR-000049,순환자원 지정 등에 관한 고시,v14_출처문서명,admin_rule,notice,,고시,nlic_admrul,norm:Notice,true,기후에너지환경부,true,nlic_api_20260920k,,,,,2100000279034,2026-116,20260514,20260514,고시,고시|순환자원 지정 등에 관한 고시
DOC-001668,LAW-KR-000049,순환자원 품질인증 절차 및 방법 등에 관한 고시,v14_출처문서명,admin_rule,notice,,고시,nlic_admrul,norm:Notice,true,기후에너지환경부,true,nlic_api_20260920k,,,,,2100000266422,2025-165,20251001,20251001,고시,고시|순환자원 품질인증 절차 및 방법 등에 관한 고시
DOC-001669,LAW-KR-000049,"순환자원사용제품 표시 기준, 방법 및 절차 등에 관한 고시",v14_출처문서명,admin_rule,notice,,고시,nlic_admrul,norm:Notice,true,기후에너지환경부,true,nlic_api_20260920k,,,,,2100000266412,2025-165,20251001,20251001,고시,"고시|순환자원사용제품 표시 기준, 방법 및 절차 등에 관한 고시"
DOC-001670,LAW-KR-000049,순환자원사용지정사업자의 순환자원 사용촉진 지침,v14_출처문서명,admin_rule,notice,,고시,nlic_admrul,norm:Notice,true,"기후에너지환경부,산업통상부",true,nlic_api_20260920k,,,,,2100000266414,2025-165,20251001,20251001,고시,고시|순환자원사용지정사업자의 순환자원 사용촉진 지침
DOC-001671,LAW-KR-000049,순환자원의 기준 및 용도에 관한 고시,v14_출처문서명,admin_rule,notice,,고시,nlic_admrul,norm:Notice,true,기후에너지환경부,true,nlic_api_20260920k,,,,대표,2100000236752,2024-46,20240228,20240228,고시,고시|순환자원의 기준 및 용도에 관한 고시
DOC-001672,LAW-KR-000049,순환자원의 유해물질 함유기준,v14_출처문서명,admin_rule,notice,,고시,nlic_admrul,norm:Notice,true,"기후에너지환경부,산업통상부",true,nlic_api,,,DOC-001381,동일 사본,,,,,고시,고시|순환자원의 유해물질 함유기준
DOC-001673,LAW-KR-000049,시·도 순환경제 성과관리 운영 등에 관한 지침,v14_출처문서명,admin_rule,established_rule,,예규,nlic_admrul,norm:EstablishedRule,true,기후에너지환경부,true,nlic_api,,,DOC-001151,동일 사본,,,,,고시,고시|시·도 순환경제 성과관리 운영 등에 관한 지침
DOC-001674,LAW-KR-000049,에너지 회수효율 측정·산정 방법 및 절차 등에 관한 고시,v14_출처문서명,admin_rule,notice,,고시,nlic_admrul,norm:Notice,true,기후에너지환경부,true,nlic_api_20260920k,,,,,2100000267358,2025-165,20251001,20251001,고시,고시|에너지 회수효율 측정·산정 방법 및 절차 등에 관한 고시
DOC-001675,LAW-KR-000049,제품등의 순환이용성 평가 절차 및 방법 등에 관한 고시,v14_출처문서명,admin_rule,notice,,고시,nlic_admrul,norm:Notice,true,기후에너지환경부,true,nlic_api_20260920k,,,,,2100000266384,2025-165,20251001,20251007,고시,고시|제품등의 순환이용성 평가 절차 및 방법 등에 관한 고시
DOC-001676,LAW-KR-000049,지속가능한 제품 사용을 위한 대상제품 목록 고시,v14_출처문서명,admin_rule,notice,,고시,nlic_admrul,norm:Notice,true,기후에너지환경부,true,nlic_api_20260920k,,,,,2100000267766,2025-22,20251114,20251114,고시,고시|지속가능한 제품 사용을 위한 대상제품 목록 고시
DOC-001677,LAW-KR-000049,폐기물처분부담금 사무처리규정,v14_출처문서명,admin_rule,established_rule,,예규,nlic_admrul,norm:EstablishedRule,true,기후에너지환경부,true,nlic_api,,,DOC-000927,동일 사본,,,,,고시,고시|폐기물처분부담금 사무처리규정
DOC-001678,LAW-KR-000007,승강기 기술자의 경력 등 신고 및 기술교육·직무교육에 관한 운영규정,v14_출처문서명,admin_rule,notice,,고시,nlic_admrul,norm:Notice,true,행정안전부,true,nlic_api,DOC-000018,UNIT-0014391,,,,,,,고시,고시|승강기 기술자의 경력 등 신고 및 기술교육·직무교육에 관한 운영규정
DOC-001679,LAW-KR-000007,승강기 등의 제조업·수입업 및 유지관리업의 등록에 관한 규정,v14_출처문서명,admin_rule,notice,,고시,nlic_admrul,norm:Notice,true,행정안전부,true,nlic_api,DOC-000018,UNIT-0014579,,,,,,,고시,고시|승강기 등의 제조업·수입업 및 유지관리업의 등록에 관한 규정
DOC-001680,LAW-KR-000007,승강기 설치검사 및 안전검사에 관한 운영규정,v14_출처문서명,admin_rule,notice,,고시,nlic_admrul,norm:Notice,true,행정안전부,true,nlic_api,DOC-000018,UNIT-0014204,,,,,,,고시,고시|승강기 설치검사 및 안전검사에 관한 운영규정
DOC-001681,LAW-KR-000007,승강기 안전관리 우수기업의 선정에 관한 운영규정,v14_출처문서명,admin_rule,notice,,고시,nlic_admrul,norm:Notice,true,행정안전부,true,nlic_api,DOC-000018,UNIT-0014516,,,,,,,고시,고시|승강기 안전관리 우수기업의 선정에 관한 운영규정
DOC-001682,LAW-KR-000007,승강기 안전관리업무 수수료에 관한 고시,v14_출처문서명,admin_rule,notice,,고시,nlic_admrul,norm:Notice,true,행정안전부,true,nlic_api,DOC-000018,UNIT-0014524,,,,,,,고시,고시|승강기 안전관리업무 수수료에 관한 고시
DOC-001683,LAW-KR-000007,승강기 안전운행 및 관리에 관한 운영규정,v14_출처문서명,admin_rule,notice,,고시,nlic_admrul,norm:Notice,true,행정안전부,true,nlic_api,DOC-000018,UNIT-0014124,,,,,,,고시,고시|승강기 안전운행 및 관리에 관한 운영규정
DOC-001684,LAW-KR-000007,승강기 유지관리 업무의 공동도급에 관한 운영규정,v14_출처문서명,admin_rule,notice,,고시,nlic_admrul,norm:Notice,true,행정안전부,true,nlic_api,DOC-000018,UNIT-0014225,,,,,,,고시,고시|승강기 유지관리 업무의 공동도급에 관한 운영규정
DOC-001685,LAW-KR-000007,승강기부품 및 승강기 제조·수입업자의 사후관리에 관한 규정,v14_출처문서명,admin_rule,notice,,고시,nlic_admrul,norm:Notice,true,행정안전부,true,nlic_api,DOC-000018,UNIT-0014431,,,,,,,고시,고시|승강기부품 및 승강기 제조·수입업자의 사후관리에 관한 규정
DOC-001686,LAW-KR-000007,승강기사업자간 상호협력에 관한 권장사항 및 평가기준,v14_출처문서명,admin_rule,notice,,고시,nlic_admrul,norm:Notice,true,행정안전부,true,nlic_api,DOC-000018,UNIT-0014407,,,,,,,고시,고시|승강기사업자간 상호협력에 관한 권장사항 및 평가기준
DOC-001687,LAW-KR-000007,승강기안전부품 및 승강기의 안전인증에 관한 운영규정,v14_출처문서명,admin_rule,notice,,고시,nlic_admrul,norm:Notice,true,행정안전부,true,nlic_api,DOC-000018,UNIT-0014038,,,,,,,고시,고시|승강기안전부품 및 승강기의 안전인증에 관한 운영규정
DOC-001688,LAW-KR-000007,승강기안전부품 안전기준 및 승강기 안전기준,v14_출처문서명,admin_rule,notice,,고시,nlic_admrul,norm:Notice,true,행정안전부,true,nlic_api,DOC-000018,UNIT-0014041,,,,,,,고시,고시|승강기안전부품 안전기준 및 승강기 안전기준
DOC-001689,LAW-KR-000011,건설공사 안전관리 업무수행 지침,v14_출처문서명,admin_rule,notice,,고시,nlic_admrul,norm:Notice,true,국토교통부,true,nlic_api,DOC-000030,UNIT-0020178,DOC-002671,내용 다름(겹침 81%),,,,,고시,고시|건설공사 안전관리 업무수행 지침
DOC-001690,LAW-KR-000011,공동구 최소유지관리 기준,v14_출처문서명,admin_rule,notice,,고시,nlic_admrul,norm:Notice,true,국토교통부,true,nlic_api,DOC-000030,UNIT-0019965,DOC-000727,동일 사본,,,,,고시,고시|공동구 최소유지관리 기준
DOC-001691,LAW-KR-000011,공항시설 성능개선기준,v14_출처문서명,admin_rule,notice,,고시,nlic_admrul,norm:Notice,true,국토교통부,true,nlic_api,DOC-000128,UNIT-0061432,DOC-000656,동일 사본,,,,,고시,고시|공항시설 성능개선기준
DOC-001692,LAW-KR-000011,공항시설 최소유지관리기준,v14_출처문서명,admin_rule,notice,,고시,nlic_admrul,norm:Notice,true,국토교통부,true,nlic_api,DOC-000128,UNIT-0061424,DOC-000657,동일 사본,,,,,고시,고시|공항시설 최소유지관리기준
DOC-001693,LAW-KR-000011,국가 철도시설 유지보수 관리규정,v14_출처문서명,admin_rule,notice,,고시,nlic_admrul,norm:Notice,true,국토교통부,true,nlic_api,DOC-000030,UNIT-0020158,DOC-002533,내용 다름(겹침 81%),,,,,고시,고시|국가 철도시설 유지보수 관리규정
DOC-001694,LAW-KR-000011,국가하천 최소유지관리기준,v14_출처문서명,admin_rule,notice,,고시,nlic_admrul,norm:Notice,true,기후에너지환경부,true,nlic_api,DOC-000030,UNIT-0019965,DOC-000731,내용 다름(겹침 79%),,,,,고시,고시|국가하천 최소유지관리기준
DOC-001695,LAW-KR-000011,급경사지 재해위험도 평가기준,v14_출처문서명,admin_rule,notice,,고시,nlic_admrul,norm:Notice,true,행정안전부,true,nlic_api,DOC-000377,UNIT-0157695,,대표,,,,,고시,고시|급경사지 재해위험도 평가기준
DOC-001696,LAW-KR-000011,농업생산기반시설 관리규정,v14_출처문서명,admin_rule,directive,,훈령,nlic_admrul,norm:Directive,true,농림축산식품부,true,nlic_api,DOC-000389,UNIT-0163535,,,,,,,고시,고시|농업생산기반시설 관리규정
DOC-001697,LAW-KR-000011,농업용 저수지 최소유지관리기준,v14_출처문서명,admin_rule,notice,,고시,nlic_admrul,norm:Notice,true,농림축산식품부,true,nlic_api,DOC-000030,UNIT-0019965,DOC-000737,내용 다름(겹침 79%),,,,,고시,고시|농업용 저수지 최소유지관리기준
DOC-001698,LAW-KR-000011,도로시설 성능개선기준,v14_출처문서명,admin_rule,notice,,고시,nlic_admrul,norm:Notice,true,국토교통부,true,nlic_api,DOC-000030,UNIT-0020014,DOC-000740,내용 다름(겹침 80%),,,,,고시,고시|도로시설 성능개선기준
DOC-001699,LAW-KR-000011,마리나항만시설물 안전점검 지침,v14_출처문서명,admin_rule,notice,,고시,nlic_admrul,norm:Notice,true,해양수산부,true,nlic_api,DOC-000031,UNIT-0020734,,,,,,,고시,고시|마리나항만시설물 안전점검 지침
DOC-001700,LAW-KR-000011,소규모 공공시설 위험도 평가기준,v14_출처문서명,admin_rule,notice,,고시,nlic_admrul,norm:Notice,true,행정안전부,true,nlic_api,,,,,,,,,고시,고시|소규모 공공시설 위험도 평가기준
DOC-001701,LAW-KR-000011,소방안전 특별관리시설물의 화재예방안전진단 세부절차 및 평가방법 등에 관한 규정,v14_출처문서명,admin_rule,notice,,고시,nlic_admrul,norm:Notice,true,소방청,true,nlic_api,DOC-000030,UNIT-0020190,,,,,,,고시,고시|소방안전 특별관리시설물의 화재예방안전진단 세부절차 및 평가방법 등에 관한 규정
DOC-001702,LAW-KR-000011,시설물의 안전 및 유지관리 실시 등에 관한 지침,v14_출처문서명,admin_rule,notice,,고시,nlic_admrul,norm:Notice,true,국토교통부,true,nlic_api,DOC-000030,UNIT-0019939,,,,,,,고시,고시|시설물의 안전 및 유지관리 실시 등에 관한 지침
DOC-001703,LAW-KR-000011,시설물통합정보관리체계 운영규정,v14_출처문서명,admin_rule,notice,,고시,nlic_admrul,norm:Notice,true,국토교통부,true,nlic_api,DOC-000030,UNIT-0020219,,,,,,,고시,고시|시설물통합정보관리체계 운영규정
DOC-001704,LAW-KR-000011,연안정비 시설물 사후관리 및 효과평가 시행지침,v14_출처문서명,admin_rule,notice,,고시,nlic_admrul,norm:Notice,true,해양수산부,true,nlic_api,DOC-000030,UNIT-0020095,,,,,,,고시,고시|연안정비 시설물 사후관리 및 효과평가 시행지침
DOC-001705,LAW-KR-000011,중앙시설물사고조사위원회 운영규정,v14_출처문서명,admin_rule,notice,,고시,nlic_admrul,norm:Notice,true,국토교통부,true,nlic_api,DOC-000031,UNIT-0020759,,,,,,,고시,고시|중앙시설물사고조사위원회 운영규정
DOC-001706,LAW-KR-000011,지하공간 침수 방지를 위한 수방기준,v14_출처문서명,admin_rule,notice,,고시,nlic_admrul,norm:Notice,true,행정안전부,true,nlic_api,DOC-000030,UNIT-0020408,,대표,,,,,고시,고시|지하공간 침수 방지를 위한 수방기준
DOC-001707,LAW-KR-000011,철도시설 성능개선기준,v14_출처문서명,admin_rule,notice,,고시,nlic_admrul,norm:Notice,true,국토교통부,true,nlic_api,DOC-000128,UNIT-0061432,DOC-000754,동일 사본,,,,,고시,고시|철도시설 성능개선기준
DOC-001708,LAW-KR-000011,폐기물저장시설 중 콘크리트구조물 안전기준에 관한 지침,v14_출처문서명,admin_rule,notice,,고시,nlic_admrul,norm:Notice,true,해양수산부,true,nlic_api,DOC-000031,UNIT-0020511,,대표,,,,,고시,고시|폐기물저장시설 중 콘크리트구조물 안전기준에 관한 지침
DOC-001709,LAW-KR-000011,항만시설물 안전점검 지침,v14_출처문서명,admin_rule,notice,,고시,nlic_admrul,norm:Notice,true,해양수산부,true,nlic_api,DOC-000030,UNIT-0020159,,대표,,,,,고시,고시|항만시설물 안전점검 지침
DOC-001710,LAW-KR-000010,(군산지방해양수산청) 공유수면 점용·사용허가 면제 대상,v14_출처문서명,admin_rule,notice,,고시,nlic_admrul,norm:Notice,true,군산지방해양수산청,true,nlic_api_20260920k,,,DOC-000638,내용 다름(겹침 0%),2100000231506,2023-76,20231115,20240101,고시,고시|(군산지방해양수산청) 공유수면 점용·사용허가 면제 대상
DOC-001711,LAW-KR-000010,(농림축산식품부) 고령친화우수제품 지정대상 식품 품목,v14_출처문서명,admin_rule,notice,,고시,nlic_admrul,norm:Notice,true,농림축산식품부,true,nlic_api_20260920k,,,,,2100000198995,2021-13,20210311,20210531,고시,고시|(농림축산식품부) 고령친화우수제품 지정대상 식품 품목
DOC-001712,LAW-KR-000010,(동해지방해양수산청) 공유수면 점용·사용허가 면제대상 시설 고시,v14_출처문서명,admin_rule,notice,,고시,nlic_admrul,norm:Notice,true,동해지방해양수산청,true,nlic_api_20260920k,,,DOC-000639,내용 다름(겹침 0%),2100000214564,2022-62,20220919,20220919,고시,고시|(동해지방해양수산청) 공유수면 점용·사용허가 면제대상 시설 고시
DOC-001713,LAW-KR-000010,(여수지방해양수산청) 공유수면 점용·사용허가 면제 대상,v14_출처문서명,admin_rule,notice,,고시,nlic_admrul,norm:Notice,true,여수지방해양수산청,true,nlic_api_20260920k,,,DOC-000641,내용 다름(겹침 0%),2100000270276,2025-127,20251223,20260101,고시,고시|(여수지방해양수산청) 공유수면 점용·사용허가 면제 대상
DOC-001714,LAW-KR-000010,(인천지방해양수산청) 공유수면 점용·사용허가의 면제대상 시설 고시,v14_출처문서명,admin_rule,notice,,고시,nlic_admrul,norm:Notice,true,인천지방해양수산청,true,nlic_api_20260920k,,,DOC-000642,내용 다름(겹침 0%),2100000205467,2021-178,20211021,20211021,고시,고시|(인천지방해양수산청) 공유수면 점용·사용허가의 면제대상 시설 고시
DOC-001715,LAW-KR-000010,(평택지방해양수산청) 공유수면 점용·사용허가 면제대상 행위 및 시설,v14_출처문서명,admin_rule,notice,,고시,nlic_admrul,norm:Notice,true,평택지방해양수산청,true,nlic_api_20260920k,,,DOC-000643,내용 다름(겹침 0%),2100000209475,2022-12,20220226,20220226,고시,고시|(평택지방해양수산청) 공유수면 점용·사용허가 면제대상 행위 및 시설
DOC-001716,LAW-KR-000010,(포항지방해양수산청) 공유수면 점용·사용 허가 면제 대상 변경 고시,v14_출처문서명,admin_rule,notice,,고시,nlic_admrul,norm:Notice,true,포항지방해양수산청,true,nlic_api_20260920k,,,DOC-000644,내용 다름(겹침 0%),2100000236114,2024-10,20240205,20240211,고시,고시|(포항지방해양수산청) 공유수면 점용·사용 허가 면제 대상 변경 고시
DOC-001717,LAW-KR-000010,(해양수산부) 고령친화우수제품 지정대상 식품 품목,v14_출처문서명,admin_rule,notice,,고시,nlic_admrul,norm:Notice,true,해양수산부,true,nlic_api_20260920k,,,,,2100000199040,2021-53,20210311,20210531,고시,고시|(해양수산부) 고령친화우수제품 지정대상 식품 품목
DOC-001718,LAW-KR-000010,1회용품 사용규제(무상제공금지 및 사용억제) 제외대상,v14_출처문서명,admin_rule,notice,,고시,nlic_admrul,norm:Notice,true,기후에너지환경부,true,nlic_api_20260920k,,,,대표,2100000265298,2025-165,20251001,20251001,고시,고시|1회용품 사용규제(무상제공금지 및 사용억제) 제외대상
DOC-001719,LAW-KR-000010,1회용품 사용규제관련 업무처리지침,v14_출처문서명,admin_rule,established_rule,,예규,nlic_admrul,norm:EstablishedRule,true,기후에너지환경부,true,nlic_api_20260920k,,,,대표,2100000267016,4,20251105,20251105,고시,고시|1회용품 사용규제관련 업무처리지침
DOC-001720,LAW-KR-000010,건강 위해가능 영양성분 관리 주관기관 지정 및 운영에 관한 규정,v14_출처문서명,admin_rule,notice,,고시,nlic_admrul,norm:Notice,true,식품의약품안전처,true,nlic_api_20260920k,,,,,2100000188099,2020-12,20200225,20200225,고시,고시|건강 위해가능 영양성분 관리 주관기관 지정 및 운영에 관한 규정
DOC-001721,LAW-KR-000010,검사명령 대상 식품 등에 대한 규정,v14_출처문서명,admin_rule,notice,,고시,nlic_admrul,norm:Notice,true,식품의약품안전처,true,nlic_api_20260920k,,,,대표,2100000212903,2022-25,20220331,20230101,고시,고시|검사명령 대상 식품 등에 대한 규정
DOC-001722,LAW-KR-000010,경인지방식품의약품안전청사무분장규정,v14_출처문서명,admin_rule,established_rule,,예규,nlic_admrul,norm:EstablishedRule,true,경인지방식품의약품안전청,true,nlic_api_20260920k,,,,대표,2100000260942,145,20250630,20250630,고시,고시|경인지방식품의약품안전청사무분장규정
DOC-001723,LAW-KR-000010,광주지방식품의약품안전청 사무분장규정,v14_출처문서명,admin_rule,established_rule,,예규,nlic_admrul,norm:EstablishedRule,true,광주지방식품의약품안전청,true,nlic_api_20260920k,,,,대표,2100000210377,158,20220406,20220406,고시,고시|광주지방식품의약품안전청 사무분장규정
DOC-001724,LAW-KR-000010,국립과학수사연구원 식품류 감정처리 규정,v14_출처문서명,admin_rule,established_rule,,예규,nlic_admrul,norm:EstablishedRule,true,국립과학수사연구원,true,nlic_api_20260920k,,,,,2100000271290,582,20251231,20260101,고시,고시|국립과학수사연구원 식품류 감정처리 규정
DOC-001725,LAW-KR-000010,김 양식어장 활성처리제 사용기준에 관한 고시,v14_출처문서명,admin_rule,notice,,고시,nlic_admrul,norm:Notice,true,해양수산부,true,nlic_api_20260920k,,,,,2100000271266,2025-221,20251230,20251230,고시,고시|김 양식어장 활성처리제 사용기준에 관한 고시
DOC-001726,LAW-KR-000010,농산물 및 농산가공품 검정결과에 따른 조치 요령,v14_출처문서명,admin_rule,notice,,고시,nlic_admrul,norm:Notice,true,국립농산물품질관리원,true,nlic_api_20260920k,,,,,2100000241096,2024-5,20240510,20240510,고시,고시|농산물 및 농산가공품 검정결과에 따른 조치 요령
DOC-001727,LAW-KR-000010,농산물 유해물질 잔류조사 요령,v14_출처문서명,admin_rule,notice,,고시,nlic_admrul,norm:Notice,true,식품의약품안전처,true,nlic_api_20260920k,,,,,2100000186700,2020-10,20200212,20200212,고시,고시|농산물 유해물질 잔류조사 요령
DOC-001728,LAW-KR-000010,농산물 표준규격,v14_출처문서명,admin_rule,notice,,고시,nlic_admrul,norm:Notice,true,국립농산물품질관리원,true,nlic_api_20260920k,,,,,2100000262624,2025-6,20250804,20250804,고시,고시|농산물 표준규격
DOC-001729,LAW-KR-000010,농산물우수관리기준,v14_출처문서명,admin_rule,notice,,고시,nlic_admrul,norm:Notice,true,국립농산물품질관리원,true,nlic_api_20260920k,,,,,2100000272154,2026-1,20260105,20260706,고시,고시|농산물우수관리기준
DOC-001730,LAW-KR-000010,농수산물의 원산지표시 요령,v14_출처문서명,admin_rule,notice,,고시,nlic_admrul,norm:Notice,true,"농림축산식품부,해양수산부",true,nlic_api_20260920k,,,,,2100000277788,2026-54,20260413,20260413,고시,고시|농수산물의 원산지표시 요령
DOC-001731,LAW-KR-000010,농작물실제소득인정기준,v14_출처문서명,admin_rule,notice,,고시,nlic_admrul,norm:Notice,true,국토교통부,true,nlic_api,,,DOC-000687,내용 다름(겹침 0%),,,,,고시,고시|농작물실제소득인정기준
DOC-001732,LAW-KR-000010,동물용의약품등 안전성·유효성 심사에 관한 규정,v14_출처문서명,admin_rule,notice,,고시,nlic_admrul,norm:Notice,true,농림축산검역본부,true,nlic_api_20260920k,,,,대표,2100000191914,2020-39,20200811,20200811,고시,고시|동물용의약품등 안전성·유효성 심사에 관한 규정
DOC-001733,LAW-KR-000010,먹는샘물등의 기준과 규격 및 표시기준 고시,v14_출처문서명,admin_rule,notice,,고시,nlic_admrul,norm:Notice,true,기후에너지환경부,true,nlic_api_20260920k,,,,대표,2100000283440,2026-198,20260731,20260731,고시,고시|먹는샘물등의 기준과 규격 및 표시기준 고시
DOC-001734,LAW-KR-000010,모범업소 지정 및 운영관리 규정,v14_출처문서명,admin_rule,established_rule,,예규,nlic_admrul,norm:EstablishedRule,true,식품의약품안전처,true,nlic_api_20260920k,,,,,2100000065069,86,20161104,20161104,고시,고시|모범업소 지정 및 운영관리 규정
DOC-001735,LAW-KR-000010,법화학 감정규정,v14_출처문서명,admin_rule,established_rule,,예규,nlic_admrul,norm:EstablishedRule,true,대검찰청,true,nlic_api,,,DOC-001062,동일 사본,,,,,고시,고시|법화학 감정규정
DOC-001736,LAW-KR-000010,보고 대상 이물의 범위와 조사·절차 등에 관한 규정,v14_출처문서명,admin_rule,notice,,고시,nlic_admrul,norm:Notice,true,식품의약품안전처,true,nlic_api_20260920k,,,DOC-002878,내용 다름(겹침 0%),2100000210311,2022-25,20220331,20230101,고시,고시|보고 대상 이물의 범위와 조사·절차 등에 관한 규정
DOC-001737,LAW-KR-000010,보세화물관리에 관한 고시,v14_출처문서명,admin_rule,notice,,고시,nlic_admrul,norm:Notice,true,관세청,true,nlic_api_20260920k,,,,대표,2100000275032,2026-12,20260224,20260224,고시,고시|보세화물관리에 관한 고시
DOC-001738,LAW-KR-000010,부산지방해양수산청 공유수면 점용·사용허가의 면제기준 고시,v14_출처문서명,admin_rule,notice,,고시,nlic_admrul,norm:Notice,true,부산지방해양수산청,true,nlic_api_20260920k,,,DOC-000647,내용 다름(겹침 0%),2100000260858,2025-131,20250630,20250701,고시,고시|부산지방해양수산청 공유수면 점용·사용허가의 면제기준 고시
DOC-001739,LAW-KR-000010,부정·불량 식품 및 건강기능식품 등의 신고포상금 지급에 관한 규정,v14_출처문서명,admin_rule,notice,,고시,nlic_admrul,norm:Notice,true,식품의약품안전처,true,nlic_api_20260920k,,,,,2100000258002,2025-26,20250418,20250418,고시,고시|부정·불량 식품 및 건강기능식품 등의 신고포상금 지급에 관한 규정
DOC-001740,LAW-KR-000010,사료 등의 기준 및 규격,v14_출처문서명,admin_rule,notice,,고시,nlic_admrul,norm:Notice,true,농림축산식품부,true,nlic_api_20260920k,,,,,2100000238528,2024-27,20240401,20240401,고시,고시|사료 등의 기준 및 규격
DOC-001741,LAW-KR-000010,생산단계 농수산물 등의 유해물질 안전기준,v14_출처문서명,admin_rule,notice,,고시,nlic_admrul,norm:Notice,true,식품의약품안전처,true,nlic_api_20260920k,,,,,2100000274176,2026-9,20260202,20260202,고시,고시|생산단계 농수산물 등의 유해물질 안전기준
DOC-001742,LAW-KR-000010,소년보호기관 급식관리지침,v14_출처문서명,admin_rule,established_rule,,예규,nlic_admrul,norm:EstablishedRule,true,법무부,true,nlic_api,DOC-000028,UNIT-0018772,,,,,,,고시,고시|소년보호기관 급식관리지침
DOC-001743,LAW-KR-000010,소비자식품위생감시원 운영 규정,v14_출처문서명,admin_rule,notice,,고시,nlic_admrul,norm:Notice,true,식품의약품안전처,true,nlic_api_20260920k,,,,,2100000060894,2016-108,20161004,20161004,고시,고시|소비자식품위생감시원 운영 규정
DOC-001744,LAW-KR-000010,수산물 안전성조사업무 처리요령,v14_출처문서명,admin_rule,notice,,고시,nlic_admrul,norm:Notice,true,식품의약품안전처,true,nlic_api_20260920k,,,,,2100000246396,2024-48,20240826,20240826,고시,고시|수산물 안전성조사업무 처리요령
DOC-001745,LAW-KR-000010,수산물 유해물질 잔류조사 요령,v14_출처문서명,admin_rule,notice,,고시,nlic_admrul,norm:Notice,true,식품의약품안전처,true,nlic_api_20260920k,,,,,2100000249774,2024-74,20241125,20241125,고시,고시|수산물 유해물질 잔류조사 요령
DOC-001746,LAW-KR-000010,수산물 표준규격,v14_출처문서명,admin_rule,notice,,고시,nlic_admrul,norm:Notice,true,국립수산물품질관리원,true,nlic_api_20260920k,,,,,2100000230700,2023-34,20231023,20231023,고시,고시|수산물 표준규격
DOC-001747,LAW-KR-000010,수산물ㆍ수산가공품 검사기준에 관한 고시,v14_출처문서명,admin_rule,notice,,고시,nlic_admrul,norm:Notice,true,국립수산물품질관리원,true,nlic_api_20260920k,,,,,2100000274556,2026-3,20260211,20260211,고시,고시|수산물ㆍ수산가공품 검사기준에 관한 고시
DOC-001748,LAW-KR-000010,수산용 동물용의약품등 안전성·유효성 심사에 관한 규정,v14_출처문서명,admin_rule,notice,,고시,nlic_admrul,norm:Notice,true,국립수산물품질관리원,true,nlic_api_20260920k,,,,대표,2100000230924,2023-35,20231027,20231027,고시,고시|수산용 동물용의약품등 안전성·유효성 심사에 관한 규정
DOC-001749,LAW-KR-000010,수입김치 안전관리인증기준 운영 규정,v14_출처문서명,admin_rule,notice,,고시,nlic_admrul,norm:Notice,true,식품의약품안전처,true,nlic_api_20260920k,,,,,2100000212716,2022-25,20220331,20230101,고시,고시|수입김치 안전관리인증기준 운영 규정
DOC-001750,LAW-KR-000010,수입농산물등 유통이력관리에 관한 고시,v14_출처문서명,admin_rule,notice,,고시,nlic_admrul,norm:Notice,true,농림축산식품부,true,nlic_api_20260920k,,,,,2100000277782,2026-55,20260413,20260413,고시,고시|수입농산물등 유통이력관리에 관한 고시
DOC-001751,LAW-KR-000010,수입물품 유통이력관리에 관한 고시,v14_출처문서명,admin_rule,notice,,고시,nlic_admrul,norm:Notice,true,관세청,true,nlic_api_20260920k,,,,,2100000277312,2026-29,20260410,20260413,고시,고시|수입물품 유통이력관리에 관한 고시
DOC-001752,LAW-KR-000010,수입수산물 유통이력 관리에 관한 고시,v14_출처문서명,admin_rule,notice,,고시,nlic_admrul,norm:Notice,true,해양수산부,true,nlic_api_20260920k,,,,,2100000280290,2026-60,20260604,20260629,고시,고시|수입수산물 유통이력 관리에 관한 고시
DOC-001753,LAW-KR-000010,수입식품 신고포상금 지급에 관한 규정,v14_출처문서명,admin_rule,notice,,고시,nlic_admrul,norm:Notice,true,식품의약품안전처,true,nlic_api_20260920k,,,,,2100000274654,2026-10,20260212,20260212,고시,고시|수입식품 신고포상금 지급에 관한 규정
DOC-001754,LAW-KR-000010,수입식품 안전관리인증기준 운영 규정,v14_출처문서명,admin_rule,notice,,고시,nlic_admrul,norm:Notice,true,식품의약품안전처,true,nlic_api_20260920k,,,,,2100000212717,2022-25,20220331,20230101,고시,고시|수입식품 안전관리인증기준 운영 규정
DOC-001755,LAW-KR-000010,수입식품등 검사명령에 관한 규정,v14_출처문서명,admin_rule,notice,,고시,nlic_admrul,norm:Notice,true,식품의약품안전처,true,nlic_api_20260920k,,,,대표,2100000212747,2022-25,20220331,20230101,고시,고시|수입식품등 검사명령에 관한 규정
DOC-001756,LAW-KR-000010,수입식품등 수입신고 수리의 자동화 운영 규정,v14_출처문서명,admin_rule,established_rule,,예규,nlic_admrul,norm:EstablishedRule,true,식품의약품안전처,true,nlic_api_20260920k,,,,대표,2100000256224,216,20250307,20250307,고시,고시|수입식품등 수입신고 수리의 자동화 운영 규정
DOC-001757,LAW-KR-000010,수입식품등 영업자 교육 및 교육기관 지정·운영 등에 관한 규정,v14_출처문서명,admin_rule,notice,,고시,nlic_admrul,norm:Notice,true,식품의약품안전처,true,nlic_api_20260920k,,,,,2100000284532,2026-64,20260831,20260831,고시,고시|수입식품등 영업자 교육 및 교육기관 지정·운영 등에 관한 규정
DOC-001758,LAW-KR-000010,수출을 목적으로 하는 수산물·수산가공품의 위해요소중점관리기준,v14_출처문서명,admin_rule,notice,,고시,nlic_admrul,norm:Notice,true,해양수산부,true,nlic_api,DOC-000027,UNIT-0017765,,,,,,,고시,고시|수출을 목적으로 하는 수산물·수산가공품의 위해요소중점관리기준
DOC-001759,LAW-KR-000010,시험·검사 등 잔여검체 처리규정,v14_출처문서명,admin_rule,established_rule,,예규,nlic_admrul,norm:EstablishedRule,true,식품의약품안전처,true,nlic_api,,,DOC-001064,동일 사본,,,,,고시,고시|시험·검사 등 잔여검체 처리규정
DOC-001760,LAW-KR-000010,시험·검사결과 판정에 관한 규정,v14_출처문서명,admin_rule,established_rule,,예규,nlic_admrul,norm:EstablishedRule,true,식품의약품안전처,true,nlic_api,,,DOC-001065,동일 사본,,,,,고시,고시|시험·검사결과 판정에 관한 규정
DOC-001761,LAW-KR-000010,식중독 발생원인 조사절차에 관한 규정,v14_출처문서명,admin_rule,notice,,고시,nlic_admrul,norm:Notice,true,식품의약품안전처,true,nlic_api_20260920k,,,,,2100000211552,2022-25,20220331,20230101,고시,고시|식중독 발생원인 조사절차에 관한 규정
DOC-001762,LAW-KR-000010,식품 등 이력추적관리기준,v14_출처문서명,admin_rule,notice,,고시,nlic_admrul,norm:Notice,true,식품의약품안전처,true,nlic_api_20260920k,,,,대표,2100000279276,2026-39,20260515,20260515,고시,고시|식품 등 이력추적관리기준
DOC-001763,LAW-KR-000010,식품 등의 자가품질 검사항목 지정,v14_출처문서명,admin_rule,notice,,고시,nlic_admrul,norm:Notice,true,식품의약품안전처,true,nlic_api_20260920k,,,,대표,2100000271696,2025-94,20251230,20251230,고시,고시|식품 등의 자가품질 검사항목 지정
DOC-001764,LAW-KR-000010,식품 및 축산물 안전관리인증기준,v14_출처문서명,admin_rule,notice,,고시,nlic_admrul,norm:Notice,true,식품의약품안전처,true,nlic_api,DOC-000027,UNIT-0017985,,대표,,,,,고시,고시|식품 및 축산물 안전관리인증기준
DOC-001765,LAW-KR-000010,식품 중 농약 및 동물용의약품의 잔류허용기준 설정 지침,v14_출처문서명,admin_rule,notice,,고시,nlic_admrul,norm:Notice,true,식품의약품안전처,true,nlic_api_20260920k,,,,,2100000235620,2024-4,20240124,20240124,고시,고시|식품 중 농약 및 동물용의약품의 잔류허용기준 설정 지침
DOC-001766,LAW-KR-000010,"식품, 식품첨가물, 축산물 및 건강기능식품의 소비기한 설정기준",v14_출처문서명,admin_rule,notice,,고시,nlic_admrul,norm:Notice,true,식품의약품안전처,true,nlic_api_20260920k,,,,대표,2100000210795,2022-31,20220420,20230101,고시,"고시|식품, 식품첨가물, 축산물 및 건강기능식품의 소비기한 설정기준"
DOC-001767,LAW-KR-000010,식품·의약품 등 혁신제품 제품화 검토 운영 규정,v14_출처문서명,admin_rule,notice,,고시,nlic_admrul,norm:Notice,true,식품의약품안전처,true,nlic_api_20260920k,,,,대표,2100000254040,2025-5,20250124,20250124,고시,고시|식품·의약품 등 혁신제품 제품화 검토 운영 규정
DOC-001768,LAW-KR-000010,식품관련 영업자 등에 대한 식품위생교육규정,v14_출처문서명,admin_rule,established_rule,,예규,nlic_admrul,norm:EstablishedRule,true,식품의약품안전처,true,nlic_api_20260920k,,,,,2100000210403,177,20220405,20220405,고시,고시|식품관련 영업자 등에 대한 식품위생교육규정
DOC-001769,LAW-KR-000010,식품등의 기준 및 규격 재평가 방법 및 절차에 관한 규정,v14_출처문서명,admin_rule,notice,,고시,nlic_admrul,norm:Notice,true,식품의약품안전처,true,nlic_api,,,DOC-000817,동일 사본,,,,,고시,고시|식품등의 기준 및 규격 재평가 방법 및 절차에 관한 규정
DOC-001770,LAW-KR-000010,식품등의 부당한 표시 또는 광고의 내용 기준,v14_출처문서명,admin_rule,notice,,고시,nlic_admrul,norm:Notice,true,식품의약품안전처,true,nlic_api,,,DOC-001066,동일 사본,,,,,고시,고시|식품등의 부당한 표시 또는 광고의 내용 기준
DOC-001771,LAW-KR-000010,식품등의 한시적 기준 및 규격 인정 기준,v14_출처문서명,admin_rule,notice,,고시,nlic_admrul,norm:Notice,true,식품의약품안전처,true,nlic_api_20260920k,,,,대표,2100000268780,2025-75,20251126,20251202,고시,고시|식품등의 한시적 기준 및 규격 인정 기준
DOC-001772,LAW-KR-000010,식품안전관리인증기준적용업소에 관한 업무 위탁기관 지정 고시,v14_출처문서명,admin_rule,notice,,고시,nlic_admrul,norm:Notice,true,식품의약품안전처,true,nlic_api_20260920k,,,,,2100000232664,2023-76,20231214,20231214,고시,고시|식품안전관리인증기준적용업소에 관한 업무 위탁기관 지정 고시
DOC-001773,LAW-KR-000010,식품용기 사용 재생원료 기준,v14_출처문서명,admin_rule,notice,,고시,nlic_admrul,norm:Notice,true,기후에너지환경부,true,nlic_api,DOC-000027,UNIT-0017747,,대표,,,,,고시,고시|식품용기 사용 재생원료 기준
DOC-001774,LAW-KR-000010,식품위생감시원 교육 운영 등에 관한 규정,v14_출처문서명,admin_rule,notice,,고시,nlic_admrul,norm:Notice,true,식품의약품안전처,true,nlic_api_20260920k,,,,,2100000248096,2024-60,20241014,20241014,고시,고시|식품위생감시원 교육 운영 등에 관한 규정
DOC-001775,LAW-KR-000010,식품위생심의위원회 운영세칙,v14_출처문서명,admin_rule,established_rule,,예규,nlic_admrul,norm:EstablishedRule,true,식품의약품안전처,true,nlic_api_20260920k,,,,,2100000232394,201,20231206,20231206,고시,고시|식품위생심의위원회 운영세칙
DOC-001776,LAW-KR-000010,식품의약품안전처 민간광고검증단 운영 규정,v14_출처문서명,admin_rule,established_rule,,예규,nlic_admrul,norm:EstablishedRule,true,식품의약품안전처,true,nlic_api_20260920k,,,,대표,2100000211307,178,20220510,20220510,고시,고시|식품의약품안전처 민간광고검증단 운영 규정
DOC-001777,LAW-KR-000010,식품접객업소등 위생등급 지정 및 운영관리 규정,v14_출처문서명,admin_rule,notice,,고시,nlic_admrul,norm:Notice,true,식품의약품안전처,true,nlic_api_20260920k,,,,,2100000275958,2026-20,20260316,20260316,고시,고시|식품접객업소등 위생등급 지정 및 운영관리 규정
DOC-001778,LAW-KR-000010,식품진흥기금 사업,v14_출처문서명,admin_rule,notice,,고시,nlic_admrul,norm:Notice,true,식품의약품안전처,true,nlic_api_20260920k,,,,,2100000198250,2021-9,20210218,20210218,고시,고시|식품진흥기금 사업
DOC-001779,LAW-KR-000010,우수수입업소 등록 및 관리 기준,v14_출처문서명,admin_rule,notice,,고시,nlic_admrul,norm:Notice,true,식품의약품안전처,true,nlic_api_20260920k,,,,대표,2100000269182,2025-78,20251204,20251204,고시,고시|우수수입업소 등록 및 관리 기준
DOC-001780,LAW-KR-000010,유기가공식품 원료로 사용 가능한 외국 유기가공식품,v14_출처문서명,admin_rule,notice,,고시,nlic_admrul,norm:Notice,true,해양수산부,true,nlic_api_20260920k,,,,,2100000179497,2019-83,20190620,20190620,고시,고시|유기가공식품 원료로 사용 가능한 외국 유기가공식품
DOC-001781,LAW-KR-000010,유전자변형식품등의 안전성 심사 등에 관한 규정,v14_출처문서명,admin_rule,notice,,고시,nlic_admrul,norm:Notice,true,식품의약품안전처,true,nlic_api_20260920k,,,,,2100000224906,2023-43,20230614,20230614,고시,고시|유전자변형식품등의 안전성 심사 등에 관한 규정
DOC-001782,LAW-KR-000010,유전자변형식품등의 표시기준,v14_출처문서명,admin_rule,notice,,고시,nlic_admrul,norm:Notice,true,식품의약품안전처,true,nlic_api_20260920k,,,,대표,2100000282012,2026-49,20260708,20261231,고시,고시|유전자변형식품등의 표시기준
DOC-001783,LAW-KR-000010,의약품 및 의약외품제조시설의 식품제조·가공시설 이용 기준,v14_출처문서명,admin_rule,notice,,고시,nlic_admrul,norm:Notice,true,식품의약품안전처,true,nlic_api_20260920k,,,,,2100000091411,2017-56,20170629,20170629,고시,고시|의약품 및 의약외품제조시설의 식품제조·가공시설 이용 기준
DOC-001784,LAW-KR-000010,인체적용제품의 위해성평가에 관한 규정,v14_출처문서명,admin_rule,notice,,고시,nlic_admrul,norm:Notice,true,식품의약품안전처,true,nlic_api_20260920k,,,,대표,2100000276074,2026-22,20260319,20260319,고시,고시|인체적용제품의 위해성평가에 관한 규정
DOC-001785,LAW-KR-000010,임산물 표준규격,v14_출처문서명,admin_rule,notice,,고시,nlic_admrul,norm:Notice,true,산림청,true,nlic_api_20260920k,,,,,2100000256464,2025-34,20250318,20250318,고시,고시|임산물 표준규격
DOC-001786,LAW-KR-000010,임상영양사 자격시험 응시를 위한 실무경력 인정기준,v14_출처문서명,admin_rule,notice,,고시,nlic_admrul,norm:Notice,true,보건복지부,true,nlic_api_20260920k,,,,대표,2100000215614,2016-82,20160530,20160530,고시,고시|임상영양사 자격시험 응시를 위한 실무경력 인정기준
DOC-001787,LAW-KR-000010,자가조리판매대상 가축의 도살·처리 등 위생관리기준,v14_출처문서명,admin_rule,notice,,고시,nlic_admrul,norm:Notice,true,식품의약품안전처,true,nlic_api,DOC-000298,UNIT-0116815,,대표,,,,,고시,고시|자가조리판매대상 가축의 도살·처리 등 위생관리기준
DOC-001788,LAW-KR-000010,자원순환보증금 반환 및 취급수수료·처리지원금 지급관리 등에 관한 지침,v14_출처문서명,admin_rule,established_rule,,예규,nlic_admrul,norm:EstablishedRule,true,기후에너지환경부,true,nlic_api_20260920k,,,,대표,2100000267072,4,20251105,20251105,고시,고시|자원순환보증금 반환 및 취급수수료·처리지원금 지급관리 등에 관한 지침
DOC-001789,LAW-KR-000010,조리사 및 영양사 교육에 관한 규정,v14_출처문서명,admin_rule,notice,,고시,nlic_admrul,norm:Notice,true,식품의약품안전처,true,nlic_api_20260920k,,,,,2100000210405,2022-29,20220405,20220405,고시,고시|조리사 및 영양사 교육에 관한 규정
DOC-001790,LAW-KR-000010,주류의 통신판매에 관한 명령위임 고시,v14_출처문서명,admin_rule,notice,,고시,nlic_admrul,norm:Notice,true,국세청,true,nlic_api_20260920k,,,,,2100000252520,2024-41,20250101,20250101,고시,고시|주류의 통신판매에 관한 명령위임 고시
DOC-001791,LAW-KR-000010,주문자상표부착수입식품등의 현지 위생점검 기준 및 위생평가 방법,v14_출처문서명,admin_rule,notice,,고시,nlic_admrul,norm:Notice,true,식품의약품안전처,true,nlic_api_20260920k,,,,대표,2100000247414,2024-53,20240925,20240925,고시,고시|주문자상표부착수입식품등의 현지 위생점검 기준 및 위생평가 방법
DOC-001792,LAW-KR-000010,지정검역물의 검역방법 및 기준 등에 관한 고시,v14_출처문서명,admin_rule,notice,,고시,nlic_admrul,norm:Notice,true,국립수산물품질관리원,true,nlic_api_20260920k,,,,,2100000243986,2024-3,20240704,20240704,고시,고시|지정검역물의 검역방법 및 기준 등에 관한 고시
DOC-001793,LAW-KR-000010,집단급식소 급식안전관리 기준,v14_출처문서명,admin_rule,notice,,고시,nlic_admrul,norm:Notice,true,식품의약품안전처,true,nlic_api,DOC-000027,UNIT-0018414,,,,,,,고시,고시|집단급식소 급식안전관리 기준
DOC-001794,LAW-KR-000010,집단급식소의 1일 평균 총 급식인원 산정기준,v14_출처문서명,admin_rule,notice,,고시,nlic_admrul,norm:Notice,true,기후에너지환경부,true,nlic_api_20260920k,,,,,2200000002181,2014-38,20140319,20140319,고시,고시|집단급식소의 1일 평균 총 급식인원 산정기준
DOC-001795,LAW-KR-000010,축산물 등급판정 세부기준,v14_출처문서명,admin_rule,notice,,고시,nlic_admrul,norm:Notice,true,농림축산식품부,true,nlic_api_20260920k,,,,대표,2100000283486,2026-80,20260731,20260731,고시,고시|축산물 등급판정 세부기준
DOC-001796,LAW-KR-000010,패류 생산해역 수질의 위생기준,v14_출처문서명,admin_rule,notice,,고시,nlic_admrul,norm:Notice,true,해양수산부,true,nlic_api_20260920k,,,,,2100000223110,2023-697,20230508,20230508,고시,고시|패류 생산해역 수질의 위생기준
DOC-001797,LAW-KR-000010,해외제조업소 및 해외작업장 현지실사 방법 및 기준,v14_출처문서명,admin_rule,notice,,고시,nlic_admrul,norm:Notice,true,식품의약품안전처,true,nlic_api_20260920k,,,,대표,2100000218887,2023-8,20230206,20230206,고시,고시|해외제조업소 및 해외작업장 현지실사 방법 및 기준
DOC-001798,LAW-KR-000010,식품위생 분야 종사자의 건강진단 규칙,v14_출처문서명,statutory,ministerial_ordinance,4,,by_layer,norm:SeparateMinisterialRule,true,,true,nlic_api,,,,,,,,,부령규칙,부령규칙|식품위생 분야 종사자의 건강진단 규칙
DOC-001799,LAW-KR-000059,공공기관 에너지이용 합리화 추진에 관한 규정,v14_출처문서명,admin_rule,notice,,고시,nlic_admrul,norm:Notice,true,기후에너지환경부,true,nlic_api,,,DOC-000782,동일 사본,,,,,고시,고시|공공기관 에너지이용 합리화 추진에 관한 규정
DOC-001800,LAW-KR-000059,공공부문 온실가스 목표관리 운영 등에 관한 지침,v14_출처문서명,admin_rule,notice,,고시,nlic_admrul,norm:Notice,true,기후에너지환경부,true,nlic_api_20260920k,,,,대표,2100000265312,2025-165,20251001,20251007,고시,고시|공공부문 온실가스 목표관리 운영 등에 관한 지침
DOC-001801,LAW-KR-000059,공기열에너지 재생에너지 인정기준 및 보급사업 등에 관한 규정,v14_출처문서명,admin_rule,notice,,고시,nlic_admrul,norm:Notice,true,기후에너지환경부,true,nlic_api_20260920k,,,,,2100000282164,2026-47,20260529,20260529,고시,고시|공기열에너지 재생에너지 인정기준 및 보급사업 등에 관한 규정
DOC-001802,LAW-KR-000059,공유수면매립지 내 태양에너지 발전설비의 설치 등에 관한 규정,v14_출처문서명,admin_rule,notice,,고시,nlic_admrul,norm:Notice,true,농림축산식품부,true,nlic_api_20260920k,,,DOC-000646,내용 다름(겹침 0%),2100000179732,2019-27,20190627,20190701,고시,고시|공유수면매립지 내 태양에너지 발전설비의 설치 등에 관한 규정
DOC-001803,LAW-KR-000059,공항 환경관리 기준,v14_출처문서명,admin_rule,notice,,고시,nlic_admrul,norm:Notice,true,국토교통부,true,nlic_api,DOC-000071,UNIT-0042463,,대표,,,,,고시,고시|공항 환경관리 기준
DOC-001804,LAW-KR-000059,기술료 징수 및 관리에 관한 통합요령,v14_출처문서명,admin_rule,notice,,고시,nlic_admrul,norm:Notice,true,산업통상부,true,nlic_api,,,DOC-001345,동일 사본,,,,,고시,고시|기술료 징수 및 관리에 관한 통합요령
DOC-001805,LAW-KR-000059,녹색 제품의 공공구매 촉진을 위한 구매요령,v14_출처문서명,admin_rule,notice,,고시,nlic_admrul,norm:Notice,true,조달청,true,nlic_api_20260920k,,,,대표,2100000270868,2025-47,20251229,20260101,고시,고시|녹색 제품의 공공구매 촉진을 위한 구매요령
DOC-001806,LAW-KR-000059,도서지역 신재생에너지 발전 등 전력거래에 관한 지침,v14_출처문서명,admin_rule,notice,,고시,nlic_admrul,norm:Notice,true,산업통상부,true,nlic_api_20260920k,,,,대표,2100000284822,2026-211,20260903,20260903,고시,고시|도서지역 신재생에너지 발전 등 전력거래에 관한 지침
DOC-001807,LAW-KR-000059,디자인 우선심사의 신청에 관한 고시,v14_출처문서명,admin_rule,notice,,고시,nlic_admrul,norm:Notice,true,지식재산처,true,nlic_api_20260920k,,,,대표,2100000266316,2025-4,20251030,20251030,고시,고시|디자인 우선심사의 신청에 관한 고시
DOC-001808,LAW-KR-000059,물산업의 범위에 관한 고시,v14_출처문서명,admin_rule,notice,,고시,nlic_admrul,norm:Notice,true,기후에너지환경부,true,nlic_api_20260920k,,,,,2100000267330,2025-165,20251001,20251001,고시,고시|물산업의 범위에 관한 고시
DOC-001809,LAW-KR-000059,산업기술혁신사업 공통 운영요령,v14_출처문서명,admin_rule,notice,,고시,nlic_admrul,norm:Notice,true,산업통상부,true,nlic_api,,,DOC-001349,동일 사본,,,,,고시,고시|산업기술혁신사업 공통 운영요령
DOC-001810,LAW-KR-000059,산업기술혁신사업 에너지기술 실증연구 평가관리지침,v14_출처문서명,admin_rule,established_rule,,예규,nlic_admrul,norm:EstablishedRule,true,산업통상부,true,nlic_api,DOC-000057,UNIT-0032194,,대표,,,,,고시,고시|산업기술혁신사업 에너지기술 실증연구 평가관리지침
DOC-001811,LAW-KR-000059,소규모 신ㆍ재생에너지 발전전력 등의 거래에 관한 지침,v14_출처문서명,admin_rule,notice,,고시,nlic_admrul,norm:Notice,true,기후에너지환경부,true,nlic_api_20260920k,,,,대표,2100000274034,2025-61,20251218,20251224,고시,고시|소규모 신ㆍ재생에너지 발전전력 등의 거래에 관한 지침
DOC-001812,LAW-KR-000059,신·재생 에너지 발전전력의 제3자간 전력거래계약에 관한 지침,v14_출처문서명,admin_rule,notice,,고시,nlic_admrul,norm:Notice,true,기후에너지환경부,true,nlic_api_20260920k,,,,대표,2100000273986,2025-61,20251218,20251224,고시,고시|신·재생 에너지 발전전력의 제3자간 전력거래계약에 관한 지침
DOC-001813,LAW-KR-000059,신·재생에너지 집적화단지 조성·지원 등에 관한 지침,v14_출처문서명,admin_rule,notice,,고시,nlic_admrul,norm:Notice,true,기후에너지환경부,true,nlic_api,,,,대표,,,,,고시,고시|신·재생에너지 집적화단지 조성·지원 등에 관한 지침
DOC-001814,LAW-KR-000059,신·재생에너지이용 발전전력의 기준가격 지침,v14_출처문서명,admin_rule,notice,,고시,nlic_admrul,norm:Notice,true,기후에너지환경부,true,nlic_api,,,,대표,,,,,고시,고시|신·재생에너지이용 발전전력의 기준가격 지침
DOC-001815,LAW-KR-000059,신ㆍ재생에너지 공급의무화제도 및 연료 혼합의무화제도 관리ㆍ운영지침,v14_출처문서명,admin_rule,notice,,고시,nlic_admrul,norm:Notice,true,기후에너지환경부,true,nlic_api,,,DOC-001454,동일 사본,,,,,고시,고시|신ㆍ재생에너지 공급의무화제도 및 연료 혼합의무화제도 관리ㆍ운영지침
DOC-001816,LAW-KR-000059,신ㆍ재생에너지 설비의 지원 등에 관한 규정,v14_출처문서명,admin_rule,notice,,고시,nlic_admrul,norm:Notice,true,기후에너지환경부,true,nlic_api_20260920k,,,,대표,2100000282496,2026-184,20260715,20260715,고시,고시|신ㆍ재생에너지 설비의 지원 등에 관한 규정
DOC-001817,LAW-KR-000059,에너지기술개발사업 공통 운영요령,v14_출처문서명,admin_rule,notice,,고시,nlic_admrul,norm:Notice,true,기후에너지환경부,true,nlic_api_20260920k,,,,대표,2100000274990,2026-29,20260129,20260129,고시,고시|에너지기술개발사업 공통 운영요령
DOC-001818,LAW-KR-000059,온실가스 목표관리 운영 등에 관한 지침,v14_출처문서명,admin_rule,notice,,고시,nlic_admrul,norm:Notice,true,기후에너지환경부,true,nlic_api_20260920k,,,,대표,2100000268588,2025-165,20251001,20251007,고시,고시|온실가스 목표관리 운영 등에 관한 지침
DOC-001819,LAW-KR-000059,온실가스 배출권거래제의 배출량 보고 및 인증에 관한 지침,v14_출처문서명,admin_rule,notice,,고시,nlic_admrul,norm:Notice,true,기후에너지환경부,true,nlic_api,,,DOC-001228,동일 사본,,,,,고시,고시|온실가스 배출권거래제의 배출량 보고 및 인증에 관한 지침
DOC-001820,LAW-KR-000059,우수조달공동상표 물품 지정 관리규정,v14_출처문서명,admin_rule,notice,,고시,nlic_admrul,norm:Notice,true,조달청,true,nlic_api,,,DOC-001383,동일 사본,,,,,고시,고시|우수조달공동상표 물품 지정 관리규정
DOC-001821,LAW-KR-000059,재생에너지전기의 직접전력거래 등에 관한 고시,v14_출처문서명,admin_rule,notice,,고시,nlic_admrul,norm:Notice,true,기후에너지환경부,true,nlic_api_20260920k,,,,,2100000274036,2025-61,20251218,20251224,고시,고시|재생에너지전기의 직접전력거래 등에 관한 고시
DOC-001822,LAW-KR-000059,저탄소 태양광 모듈 제품 지원에 관한 운영지침,v14_출처문서명,admin_rule,notice,,고시,nlic_admrul,norm:Notice,true,기후에너지환경부,true,nlic_api_20260920k,,,,,2100000284648,2026-225,20260903,20260918,고시,고시|저탄소 태양광 모듈 제품 지원에 관한 운영지침
DOC-001823,LAW-KR-000059,전기설비 검사 및 점검의 방법·절차 등에 관한 고시,v14_출처문서명,admin_rule,notice,,고시,nlic_admrul,norm:Notice,true,기후에너지환경부,true,nlic_api,DOC-000166,UNIT-0072832,,,,,,,고시,고시|전기설비 검사 및 점검의 방법·절차 등에 관한 고시
DOC-001824,LAW-KR-000059,전기설비 원격감시 및 제어 기능에 관한 고시,v14_출처문서명,admin_rule,notice,,고시,nlic_admrul,norm:Notice,true,기후에너지환경부,true,nlic_api,DOC-000166,UNIT-0072935,,,,,,,고시,고시|전기설비 원격감시 및 제어 기능에 관한 고시
DOC-001825,LAW-KR-000059,전력계통 신뢰도 및 전기품질 유지기준,v14_출처문서명,admin_rule,notice,,고시,nlic_admrul,norm:Notice,true,기후에너지환경부,true,nlic_api,DOC-000418,UNIT-0174961,,,,,,,고시,고시|전력계통 신뢰도 및 전기품질 유지기준
DOC-001826,LAW-KR-000059,태양에너지 설비 설치를 위한 국유재산 사용허가 및 기부채납 업무처리 지침,v14_출처문서명,admin_rule,notice,,지침,nlic_admrul_미배치,norm:AdministrativeRule,true,국방부,true,nlic_api,,,,,,,,,고시,고시|태양에너지 설비 설치를 위한 국유재산 사용허가 및 기부채납 업무처리 지침
DOC-001827,LAW-KR-000163,건축자재 오염물질 방출 확인 시험기관의 시험능력평가에 관한 규정,v14_출처문서명,admin_rule,notice,,고시,nlic_admrul,norm:Notice,true,국립환경과학원,true,nlic_api_20260920k,,,,,2100000282954,2026-30,20260727,20260727,고시,고시|건축자재 오염물질 방출 확인 시험기관의 시험능력평가에 관한 규정
DOC-001828,LAW-KR-000163,건축자재 오염물질 방출 확인의 면제인정 방법 및 절차 등에 관한 규정,v14_출처문서명,admin_rule,notice,,고시,nlic_admrul,norm:Notice,true,기후에너지환경부,true,nlic_api_20260920k,,,,,2100000265734,2025-165,20251001,20251007,고시,고시|건축자재 오염물질 방출 확인의 면제인정 방법 및 절차 등에 관한 규정
DOC-001829,LAW-KR-000163,신규제작자동차 실내공기질 관리기준,v14_출처문서명,admin_rule,notice,,고시,nlic_admrul,norm:Notice,true,국토교통부,true,nlic_api_20260920k,,,DOC-002432,내용 다름(겹침 0%),2100000211930,2022-310,20220607,20220607,고시,고시|신규제작자동차 실내공기질 관리기준
DOC-001830,LAW-KR-000163,실내공기 중 오염물질의 위해성평가를 위한 절차와 방법 등에 관한 지침,v14_출처문서명,admin_rule,notice,,고시,nlic_admrul,norm:Notice,true,국립환경과학원,true,nlic_api_20260920k,,,,,2100000283028,2026-31,20260727,20260727,고시,고시|실내공기 중 오염물질의 위해성평가를 위한 절차와 방법 등에 관한 지침
DOC-001831,LAW-KR-000163,실내공기질 관리 우수시설 지정 등에 관한 고시,v14_출처문서명,admin_rule,notice,,고시,nlic_admrul,norm:Notice,true,기후에너지환경부,true,nlic_api_20260920k,,,,,2100000279172,2026-118,20260513,20260513,고시,고시|실내공기질 관리 우수시설 지정 등에 관한 고시
DOC-001832,LAW-KR-000163,실내공기질 관리를 위한 대중교통차량의 제작·운행 관리지침,v14_출처문서명,admin_rule,notice,,고시,nlic_admrul,norm:Notice,true,기후에너지환경부,true,nlic_api,DOC-000460,UNIT-0193954,,대표,,,,,고시,고시|실내공기질 관리를 위한 대중교통차량의 제작·운행 관리지침
DOC-001833,LAW-KR-000163,표면가공 목질판상제품의 오염물질 방출 여부 확인시험 인정단위 및 건축자재의 표지 부착 등에 관한 지침,v14_출처문서명,admin_rule,notice,,고시,nlic_admrul,norm:Notice,true,기후에너지환경부,true,nlic_api,,,DOC-001394,동일 사본,,,,,고시,고시|표면가공 목질판상제품의 오염물질 방출 여부 확인시험 인정단위 및 건축자재의 표지 부착 등에 관한 지침
DOC-001834,LAW-KR-000163,한국환경보전원 교육수수료,v14_출처문서명,admin_rule,notice,,고시,nlic_admrul,norm:Notice,true,기후에너지환경부,true,nlic_api,,,DOC-000928,동일 사본,,,,,고시,고시|한국환경보전원 교육수수료
DOC-001835,LAW-KR-000191,아동복지법 시행령,v14_출처문서명,statutory,presidential_decree,3,,by_layer,norm:PresidentialDecree,true,,true,nlic_api_20260920t,,,,,288363,36558,20260804,20260804,시행령,시행령|아동복지법 시행령
DOC-001836,LAW-KR-000048,공공환경시설의 기술진단비용,v14_출처문서명,admin_rule,notice,,고시,nlic_admrul,norm:Notice,true,기후에너지환경부,true,nlic_api,,,DOC-001129,동일 사본,,,,,고시,고시|공공환경시설의 기술진단비용
DOC-001837,LAW-KR-000048,농촌위해시설로 인정할 수 있는 시설의 종류에 관한 규정,v14_출처문서명,admin_rule,notice,,고시,nlic_admrul,norm:Notice,true,농림축산식품부,true,nlic_api,,,DOC-001585,동일 사본,,,,,고시,고시|농촌위해시설로 인정할 수 있는 시설의 종류에 관한 규정
DOC-001838,LAW-KR-000048,악취검사기관의 지정 및 관리에 관한 업무처리규정,v14_출처문서명,admin_rule,established_rule,,예규,nlic_admrul,norm:EstablishedRule,true,국립환경과학원,true,nlic_api_20260920k,,,,,2100000206284,824,20211115,20211115,고시,고시|악취검사기관의 지정 및 관리에 관한 업무처리규정
DOC-001839,LAW-KR-000048,악취기술진단이 필요하다고 인정하는 시설 고시,v14_출처문서명,admin_rule,notice,,고시,nlic_admrul,norm:Notice,true,기후에너지환경부,true,nlic_api,DOC-000134,UNIT-0062269,,,,,,,고시,고시|악취기술진단이 필요하다고 인정하는 시설 고시
DOC-001840,LAW-KR-000048,악취실태조사의 세부 절차 및 방법 등에 관한 고시,v14_출처문서명,admin_rule,notice,,고시,nlic_admrul,norm:Notice,true,기후에너지환경부,true,nlic_api_20260920k,,,,,2100000267348,2025-165,20251001,20251007,고시,고시|악취실태조사의 세부 절차 및 방법 등에 관한 고시
DOC-001841,LAW-KR-000048,오염토양 반입정화시설의 세부설치기준,v14_출처문서명,admin_rule,notice,,고시,nlic_admrul,norm:Notice,true,기후에너지환경부,true,nlic_api,DOC-000199,UNIT-0088773,DOC-000897,동일 사본,,,,,고시,고시|오염토양 반입정화시설의 세부설치기준
DOC-001842,LAW-KR-000048,환경친화 축산농장 지정기준,v14_출처문서명,admin_rule,notice,,고시,nlic_admrul,norm:Notice,true,농림축산식품부,true,nlic_api_20260920k,,,DOC-002946,내용 다름(겹침 0%),2100000222972,2023-35,20230503,20230503,고시,고시|환경친화 축산농장 지정기준
DOC-001843,LAW-KR-000015,"고압가스 및 액화석유가스 ISO 탱크 컨테이너의 제조, 충전·운반, 저장·사용에 관한 기준",v14_출처문서명,admin_rule,notice,,고시,nlic_admrul,norm:Notice,true,산업통상부,true,nlic_api,DOC-000038,UNIT-0023448,,대표,,,,,고시,"고시|고압가스 및 액화석유가스 ISO 탱크 컨테이너의 제조, 충전·운반, 저장·사용에 관한 기준"
DOC-001844,LAW-KR-000015,액화석유가스용 차단기능형등 용기밸브의 안정적 보급.유통 및 사용을 위한 특례기준,v14_출처문서명,admin_rule,notice,,고시,nlic_admrul,norm:Notice,true,산업통상부,true,nlic_api,DOC-000042,UNIT-0024391,DOC-000630,동일 사본,,,,,고시,고시|액화석유가스용 차단기능형등 용기밸브의 안정적 보급.유통 및 사용을 위한 특례기준
DOC-001845,LAW-KR-000015,액화석유가스용기 색채변경에 관한 특례기준,v14_출처문서명,admin_rule,notice,,고시,nlic_admrul,norm:Notice,true,산업통상부,true,nlic_api,DOC-000038,UNIT-0023448,,,,,,,고시,고시|액화석유가스용기 색채변경에 관한 특례기준
DOC-001846,LAW-KR-000015,이동식부탄연소기용 안전밸브 부착 접합용기의 제조·검사 및 충전에 관한 특례기준,v14_출처문서명,admin_rule,notice,,고시,nlic_admrul,norm:Notice,true,산업통상부,true,nlic_api,DOC-000038,UNIT-0023448,DOC-000632,동일 사본,,,,,고시,고시|이동식부탄연소기용 안전밸브 부착 접합용기의 제조·검사 및 충전에 관한 특례기준
DOC-001847,LAW-KR-000015,이동용 음식판매 화물자동차 내 액화석유가스 사용시설에 대한 특례기준,v14_출처문서명,admin_rule,notice,,고시,nlic_admrul,norm:Notice,true,산업통상부,true,nlic_api,DOC-000042,UNIT-0024488,,,,,,,고시,고시|이동용 음식판매 화물자동차 내 액화석유가스 사용시설에 대한 특례기준
DOC-001848,LAW-KR-000120,(국립수산물품질관리원) 소독제 효력시험지침,v14_출처문서명,admin_rule,notice,,고시,nlic_admrul,norm:Notice,true,국립수산물품질관리원,true,nlic_api_20260920k,,,,,2100000198531,2021-2,20210224,20210301,고시,고시|(국립수산물품질관리원) 소독제 효력시험지침
DOC-001849,LAW-KR-000120,(국립수산물품질관리원) 신약 등의 재심사 기준,v14_출처문서명,admin_rule,notice,,고시,nlic_admrul,norm:Notice,true,국립수산물품질관리원,true,nlic_api_20260920k,,,,,2100000198532,2021-3,20210224,20210301,고시,고시|(국립수산물품질관리원) 신약 등의 재심사 기준
DOC-001850,LAW-KR-000120,(국립수산물품질관리원) 안전성 및 유효성 문제성분 함유제제 등에 관한 규정,v14_출처문서명,admin_rule,notice,,고시,nlic_admrul,norm:Notice,true,국립수산물품질관리원,true,nlic_api_20260920k,,,,,2100000257146,2025-4,20250327,20250327,고시,고시|(국립수산물품질관리원) 안전성 및 유효성 문제성분 함유제제 등에 관한 규정
DOC-001851,LAW-KR-000120,(농림축산검역본부) 신약 등의 재심사 기준,v14_출처문서명,admin_rule,notice,,고시,nlic_admrul,norm:Notice,true,농림축산검역본부,true,nlic_api_20260920k,,,,대표,2100000207121,2021-63,20211217,20211217,고시,고시|(농림축산검역본부) 신약 등의 재심사 기준
DOC-001852,LAW-KR-000120,(농림축산식품부) 처방대상 동물용의약품 지정에 관한 규정,v14_출처문서명,admin_rule,notice,,고시,nlic_admrul,norm:Notice,true,농림축산식품부,true,nlic_api_20260920k,,,,,2100000194598,2020-90,20201112,20211113,고시,고시|(농림축산식품부) 처방대상 동물용의약품 지정에 관한 규정
DOC-001853,LAW-KR-000120,(식품의약품안전처) 의료기관 조제실제제 관리기준,v14_출처문서명,admin_rule,notice,,고시,nlic_admrul,norm:Notice,true,식품의약품안전처,true,nlic_api_20260920k,,,,,2100000051363,2016-53,20160629,20160629,고시,고시|(식품의약품안전처) 의료기관 조제실제제 관리기준
DOC-001854,LAW-KR-000120,(해양수산부) 처방대상 동물용의약품 지정에 관한 규정,v14_출처문서명,admin_rule,notice,,고시,nlic_admrul,norm:Notice,true,해양수산부,true,nlic_api_20260920k,,,,,2100000226798,2023-115,20230718,20240719,고시,고시|(해양수산부) 처방대상 동물용의약품 지정에 관한 규정
DOC-001855,LAW-KR-000120,가족계획용 의약품의 지정,v14_출처문서명,admin_rule,notice,,고시,nlic_admrul,norm:Notice,true,보건복지부,true,nlic_api_20260920k,,,,,2100000057429,2016-153,20160824,20160824,고시,고시|가족계획용 의약품의 지정
DOC-001856,LAW-KR-000120,"공중보건 위기대응 의료제품의 긴급 생산·수입명령, 유통개선조치에 관한 규정",v14_출처문서명,admin_rule,notice,,고시,nlic_admrul,norm:Notice,true,식품의약품안전처,true,nlic_api_20260920k,,,,대표,2100000215165,2022-71,20220929,20220929,고시,"고시|공중보건 위기대응 의료제품의 긴급 생산·수입명령, 유통개선조치에 관한 규정"
DOC-001857,LAW-KR-000120,국가 비축 의약품 유효기간 연장에 관한 규정,v14_출처문서명,admin_rule,notice,,고시,nlic_admrul,norm:Notice,true,식품의약품안전처,true,nlic_api_20260920k,,,,,2100000218510,2023-4,20230117,20230117,고시,고시|국가 비축 의약품 유효기간 연장에 관한 규정
DOC-001858,LAW-KR-000120,"국가출하승인 동물용의약품의 검정, 검정면제 및 보관 등에 관한 규정",v14_출처문서명,admin_rule,notice,,고시,nlic_admrul,norm:Notice,true,농림축산검역본부,true,nlic_api_20260920k,,,,,2100000251738,2024-55,20241227,20241227,고시,"고시|국가출하승인 동물용의약품의 검정, 검정면제 및 보관 등에 관한 규정"
DOC-001859,LAW-KR-000120,국가출하승인 수산용 동물용의약품 검정면제 및 검정수수료에 관한 규정,v14_출처문서명,admin_rule,notice,,고시,nlic_admrul,norm:Notice,true,국립수산물품질관리원,true,nlic_api_20260920k,,,,,2100000225182,2023-25,20230621,20230621,고시,고시|국가출하승인 수산용 동물용의약품 검정면제 및 검정수수료에 관한 규정
DOC-001860,LAW-KR-000120,"국가출하승인 수산용 동물용의약품의 보관, 표시 및 검정시료의 발췌요령",v14_출처문서명,admin_rule,notice,,고시,nlic_admrul,norm:Notice,true,국립수산물품질관리원,true,nlic_api_20260920k,,,,,2100000225224,2023-26,20230621,20230621,고시,"고시|국가출하승인 수산용 동물용의약품의 보관, 표시 및 검정시료의 발췌요령"
DOC-001861,LAW-KR-000120,"국가출하승인의약품 지정, 승인 절차 및 방법 등에 관한 규정",v14_출처문서명,admin_rule,notice,,고시,nlic_admrul,norm:Notice,true,식품의약품안전처,true,nlic_api_20260920k,,,,,2100000268986,2025-77,20251128,20251129,고시,"고시|국가출하승인의약품 지정, 승인 절차 및 방법 등에 관한 규정"
DOC-001862,LAW-KR-000120,국가출하승인의약품등 시료채취 및 보관품 관리규정,v14_출처문서명,admin_rule,established_rule,,예규,nlic_admrul,norm:EstablishedRule,true,식품의약품안전처,true,nlic_api_20260920k,,,,,2100000248662,210,20241025,20241026,고시,고시|국가출하승인의약품등 시료채취 및 보관품 관리규정
DOC-001863,LAW-KR-000120,국가필수의약품 안정공급 실무협의회 등 관리 운영 규정,v14_출처문서명,admin_rule,notice,,고시,nlic_admrul,norm:Notice,true,식품의약품안전처,true,nlic_api_20260920k,,,,,2100000103409,2017-97,20171127,20171127,고시,고시|국가필수의약품 안정공급 실무협의회 등 관리 운영 규정
DOC-001864,LAW-KR-000120,국립나주병원 임상시험운영규정,v14_출처문서명,admin_rule,established_rule,,예규,nlic_admrul,norm:EstablishedRule,true,국립나주병원,true,nlic_api_20260920k,,,,,2100000214107,391,20220829,20220829,고시,고시|국립나주병원 임상시험운영규정
DOC-001865,LAW-KR-000120,국립목포병원 기관생명윤리위원회 운영 규정,v14_출처문서명,admin_rule,established_rule,,예규,nlic_admrul,norm:EstablishedRule,true,국립목포병원,true,nlic_api_20260920k,,,,,2100000193420,274,20200929,20200929,고시,고시|국립목포병원 기관생명윤리위원회 운영 규정
DOC-001866,LAW-KR-000120,국립정신건강센터 의료기기·연구장비 심의위원회규정,v14_출처문서명,admin_rule,established_rule,,예규,nlic_admrul,norm:EstablishedRule,true,국립정신건강센터,true,nlic_api_20260920k,,,,,2100000218226,260,20211007,20211007,고시,고시|국립정신건강센터 의료기기·연구장비 심의위원회규정
DOC-001867,LAW-KR-000120,국립줄기세포재생센터 제조시설 운영 규정,v14_출처문서명,admin_rule,established_rule,,예규,nlic_admrul,norm:EstablishedRule,true,질병관리청,true,nlic_api_20260920k,,,,,2100000198423,70,20210222,20210222,고시,고시|국립줄기세포재생센터 제조시설 운영 규정
DOC-001868,LAW-KR-000120,기존 한약서에 대한 잠정규정,v14_출처문서명,admin_rule,notice,,고시,nlic_admrul,norm:Notice,true,보건복지부,true,nlic_api_20260920k,,,,,2100000270774,2025-230,20251229,20251229,고시,고시|기존 한약서에 대한 잠정규정
DOC-001869,LAW-KR-000120,농약등의 시험연구기관 지정 및 관리기준,v14_출처문서명,admin_rule,notice,,고시,nlic_admrul,norm:Notice,true,농촌진흥청,true,nlic_api,,,DOC-000802,동일 사본,,,,,고시,고시|농약등의 시험연구기관 지정 및 관리기준
DOC-001870,LAW-KR-000120,대학생 현장실습학기제 운영규정,v14_출처문서명,admin_rule,notice,,고시,nlic_admrul,norm:Notice,true,교육부,true,nlic_api_20260920k,,,DOC-001530,내용 다름(겹침 0%),2100000275614,2025-36,20251222,20251222,고시,고시|대학생 현장실습학기제 운영규정
DOC-001871,LAW-KR-000120,대한민국약전,v14_출처문서명,admin_rule,notice,,고시,nlic_admrul,norm:Notice,true,식품의약품안전처,true,nlic_api_20260920k,,,,,2100000281436,2026-44,20260629,20260930,고시,고시|대한민국약전
DOC-001872,LAW-KR-000120,대한민국약전외한약(생약)규격집,v14_출처문서명,admin_rule,notice,,고시,nlic_admrul,norm:Notice,true,식품의약품안전처,true,nlic_api_20260920k,,,,,2100000251420,2024-85,20241224,20241224,고시,고시|대한민국약전외한약(생약)규격집
DOC-001873,LAW-KR-000120,동물용의약외품의 범위 및 지정 등에 관한 규정,v14_출처문서명,admin_rule,notice,,고시,nlic_admrul,norm:Notice,true,농림축산검역본부,true,nlic_api_20260920k,,,,,2100000269010,2025-34,20251201,20251201,고시,고시|동물용의약외품의 범위 및 지정 등에 관한 규정
DOC-001874,LAW-KR-000120,동물용의약품 국가출하승인검정 기준,v14_출처문서명,admin_rule,notice,,고시,nlic_admrul,norm:Notice,true,농림축산검역본부,true,nlic_api_20260920k,,,,,2100000275670,2026-14,20260310,20260310,고시,고시|동물용의약품 국가출하승인검정 기준
DOC-001875,LAW-KR-000120,동물용의약품 및 동물용의료기기 재평가 실시에 관한 기준,v14_출처문서명,admin_rule,notice,,고시,nlic_admrul,norm:Notice,true,농림축산검역본부,true,nlic_api_20260920k,,,,대표,2100000207122,2021-64,20211217,20211217,고시,고시|동물용의약품 및 동물용의료기기 재평가 실시에 관한 기준
DOC-001876,LAW-KR-000120,동물용의약품등 검사기관 지정 등에 관한 규정,v14_출처문서명,admin_rule,notice,,고시,nlic_admrul,norm:Notice,true,농림축산식품부,true,nlic_api_20260920k,,,,,2100000247832,2024-71,20241004,20241010,고시,고시|동물용의약품등 검사기관 지정 등에 관한 규정
DOC-001877,LAW-KR-000120,동물용의약품등 독성시험지침,v14_출처문서명,admin_rule,notice,,고시,nlic_admrul,norm:Notice,true,농림축산검역본부,true,nlic_api_20260920k,,,,,2100000042143,2016-22,20160309,20160309,고시,고시|동물용의약품등 독성시험지침
DOC-001878,LAW-KR-000120,동물용의약품등 비임상시험 실시기관 지정에 관한 규정,v14_출처문서명,admin_rule,notice,,고시,nlic_admrul,norm:Notice,true,농림축산검역본부,true,nlic_api_20260920k,,,,대표,2100000182828,2019-65,20191010,20191010,고시,고시|동물용의약품등 비임상시험 실시기관 지정에 관한 규정
DOC-001879,LAW-KR-000120,동물용의약품등 생물학적동등성시험지침,v14_출처문서명,admin_rule,notice,,고시,nlic_admrul,norm:Notice,true,농림축산검역본부,true,nlic_api_20260920k,,,,,2100000254764,2025-1,20250102,20250102,고시,고시|동물용의약품등 생물학적동등성시험지침
DOC-001880,LAW-KR-000120,동물용의약품등 안전성·유효성 심사에 관한 규정,v14_출처문서명,admin_rule,notice,,고시,nlic_admrul,norm:Notice,true,농림축산검역본부,true,nlic_api,,,DOC-001732,동일 사본,,,,,고시,고시|동물용의약품등 안전성·유효성 심사에 관한 규정
DOC-001881,LAW-KR-000120,동물용의약품등 안정성 시험지침,v14_출처문서명,admin_rule,notice,,고시,nlic_admrul,norm:Notice,true,농림축산검역본부,true,nlic_api_20260920k,,,,,2100000268438,2025-32,20251119,20251119,고시,고시|동물용의약품등 안정성 시험지침
DOC-001882,LAW-KR-000120,동물용의약품등 임상시험 관리지침,v14_출처문서명,admin_rule,notice,,고시,nlic_admrul,norm:Notice,true,농림축산검역본부,true,nlic_api_20260920k,,,,,2100000261500,2025-21,20250708,20250708,고시,고시|동물용의약품등 임상시험 관리지침
DOC-001883,LAW-KR-000120,동물용의약품등 임상시험 실시기관 지정에 관한 규정,v14_출처문서명,admin_rule,notice,,고시,nlic_admrul,norm:Notice,true,농림축산검역본부,true,nlic_api_20260920k,,,,,2100000182829,2019-66,20191010,20191010,고시,고시|동물용의약품등 임상시험 실시기관 지정에 관한 규정
DOC-001884,LAW-KR-000120,동물용의약품등 잔류성 시험지침,v14_출처문서명,admin_rule,notice,,고시,nlic_admrul,norm:Notice,true,농림축산검역본부,true,nlic_api_20260920k,,,,,2100000042144,2016-23,20160309,20160309,고시,고시|동물용의약품등 잔류성 시험지침
DOC-001885,LAW-KR-000120,동물용의약품등 제조관리자등의 교육 및 교육실시기관 지정에 관한 규정,v14_출처문서명,admin_rule,notice,,고시,nlic_admrul,norm:Notice,true,농림축산검역본부,true,nlic_api_20260920k,,,,,2100000170251,2018-33,20181123,20190915,고시,고시|동물용의약품등 제조관리자등의 교육 및 교육실시기관 지정에 관한 규정
DOC-001886,LAW-KR-000120,동물용의약품등 제조업 및 품목허가 등 지침,v14_출처문서명,admin_rule,notice,,고시,nlic_admrul,norm:Notice,true,농림축산검역본부,true,nlic_api_20260920k,,,,,2100000191912,2020-38,20200811,20200811,고시,고시|동물용의약품등 제조업 및 품목허가 등 지침
DOC-001887,LAW-KR-000120,동물용의약품등 행정처분관련 청문 및 사전심의회 운영에 관한 규정,v14_출처문서명,admin_rule,established_rule,,예규,nlic_admrul,norm:EstablishedRule,true,농림축산검역본부,true,nlic_api_20260920k,,,,대표,2100000042142,104,20160309,20160309,고시,고시|동물용의약품등 행정처분관련 청문 및 사전심의회 운영에 관한 규정
DOC-001888,LAW-KR-000120,동물용의약품등의 생산·수출입·판매실적 보고에 관한 규정,v14_출처문서명,admin_rule,notice,,고시,nlic_admrul,norm:Notice,true,농림축산검역본부,true,nlic_api_20260920k,,,,대표,2100000167890,2018-30,20181114,20181114,고시,고시|동물용의약품등의 생산·수출입·판매실적 보고에 관한 규정
DOC-001889,LAW-KR-000120,동물용의약품등의 안전사용기준,v14_출처문서명,admin_rule,notice,,고시,nlic_admrul,norm:Notice,true,농림축산검역본부,true,nlic_api_20260920k,,,,,2100000181858,2019-56,20190821,20190821,고시,고시|동물용의약품등의 안전사용기준
DOC-001890,LAW-KR-000120,동물용의약품등이 자연환경에 미치는 영향 평가 시험지침,v14_출처문서명,admin_rule,notice,,고시,nlic_admrul,norm:Notice,true,농림축산검역본부,true,nlic_api_20260920k,,,,,2100000074229,2017-2,20170118,20170701,고시,고시|동물용의약품등이 자연환경에 미치는 영향 평가 시험지침
DOC-001891,LAW-KR-000120,면허·자격 증명 발급규정,v14_출처문서명,admin_rule,established_rule,,예규,nlic_admrul,norm:EstablishedRule,true,보건복지부,true,nlic_api_20260920k,,,,대표,2100000277236,154,20260409,20260409,고시,고시|면허·자격 증명 발급규정
DOC-001892,LAW-KR-000120,배합사료 제조용 동물용의약품등 사용기준,v14_출처문서명,admin_rule,notice,,고시,nlic_admrul,norm:Notice,true,농림축산검역본부,true,nlic_api_20260920k,,,,,2100000116629,2018-10,20180305,20180305,고시,고시|배합사료 제조용 동물용의약품등 사용기준
DOC-001893,LAW-KR-000120,배합사료제조용 수산용 동물용의약품등 사용기준,v14_출처문서명,admin_rule,notice,,고시,nlic_admrul,norm:Notice,true,국립수산물품질관리원,true,nlic_api_20260920k,,,,,2100000198538,2021-9,20210224,20210301,고시,고시|배합사료제조용 수산용 동물용의약품등 사용기준
DOC-001894,LAW-KR-000120,법화학 감정규정,v14_출처문서명,admin_rule,established_rule,,예규,nlic_admrul,norm:EstablishedRule,true,대검찰청,true,nlic_api,,,DOC-001062,동일 사본,,,,,고시,고시|법화학 감정규정
DOC-001895,LAW-KR-000120,보건의료인 행정처분심의위원회의 설치 및 운영에 관한 예규,v14_출처문서명,admin_rule,established_rule,,예규,nlic_admrul,norm:EstablishedRule,true,보건복지부,true,nlic_api_20260920k,,,,대표,2100000284790,156,20260907,20260907,고시,고시|보건의료인 행정처분심의위원회의 설치 및 운영에 관한 예규
DOC-001896,LAW-KR-000120,보건의료인국가시험 응시자격 관련 외국 학교 등 인정기준,v14_출처문서명,admin_rule,notice,,고시,nlic_admrul,norm:Notice,true,보건복지부,true,nlic_api_20260920k,,,,대표,2100000260584,2025-99,20250620,20250621,고시,고시|보건의료인국가시험 응시자격 관련 외국 학교 등 인정기준
DOC-001897,LAW-KR-000120,비임상시험관리기준,v14_출처문서명,admin_rule,notice,,고시,nlic_admrul,norm:Notice,true,식품의약품안전처,true,nlic_api_20260920k,,,,대표,2100000217622,2022-93,20221227,20230101,고시,고시|비임상시험관리기준
DOC-001898,LAW-KR-000120,상용처방 의약품목록의 관리에 관한 규정,v14_출처문서명,admin_rule,notice,,고시,nlic_admrul,norm:Notice,true,보건복지부,true,nlic_api_20260920k,,,,,2100000057430,2016-154,20160824,20160824,고시,고시|상용처방 의약품목록의 관리에 관한 규정
DOC-001899,LAW-KR-000120,생물학적 제제 등의 보관 및 수송에 관한 규정,v14_출처문서명,admin_rule,notice,,고시,nlic_admrul,norm:Notice,true,식품의약품안전처,true,nlic_api_20260920k,,,,,2100000219622,2023-16,20230220,20230220,고시,고시|생물학적 제제 등의 보관 및 수송에 관한 규정
DOC-001900,LAW-KR-000120,생물학적제제 기준 및 시험방법,v14_출처문서명,admin_rule,notice,,고시,nlic_admrul,norm:Notice,true,식품의약품안전처,true,nlic_api_20260920k,,,,,2100000276942,2026-28,20260402,20260402,고시,고시|생물학적제제 기준 및 시험방법
DOC-001901,LAW-KR-000120,생물학적제제 등의 품목허가ㆍ심사 규정,v14_출처문서명,admin_rule,notice,,고시,nlic_admrul,norm:Notice,true,식품의약품안전처,true,nlic_api_20260920k,,,,대표,2100000282516,2026-51,20260714,20260714,고시,고시|생물학적제제 등의 품목허가ㆍ심사 규정
DOC-001902,LAW-KR-000120,생산·수입·공급 중단 등의 보고대상 의약품 보고 규정,v14_출처문서명,admin_rule,notice,,고시,nlic_admrul,norm:Notice,true,식품의약품안전처,true,nlic_api_20260920k,,,,,2100000259570,2025-33,20250526,20250526,고시,고시|생산·수입·공급 중단 등의 보고대상 의약품 보고 규정
DOC-001903,LAW-KR-000120,생산·수입·공급 중단 보고대상 의약품 고시,v14_출처문서명,admin_rule,notice,,고시,nlic_admrul,norm:Notice,true,보건복지부,true,nlic_api_20260920k,,,,,2100000216412,2022-269,20221201,20221201,고시,고시|생산·수입·공급 중단 보고대상 의약품 고시
DOC-001904,LAW-KR-000120,소독제 효력시험지침,v14_출처문서명,admin_rule,notice,,고시,nlic_admrul,norm:Notice,true,농림축산검역본부,true,nlic_api_20260920k,,,,,2100000240798,2023-48,20231229,20240101,고시,고시|소독제 효력시험지침
DOC-001905,LAW-KR-000120,수산용 동물용의약외품의 범위 및 지정 등에 관한 규정,v14_출처문서명,admin_rule,notice,,고시,nlic_admrul,norm:Notice,true,국립수산물품질관리원,true,nlic_api_20260920k,,,,,2100000198542,2021-13,20210224,20210301,고시,고시|수산용 동물용의약외품의 범위 및 지정 등에 관한 규정
DOC-001906,LAW-KR-000120,수산용 동물용의약품 재평가 실시에 관한 기준,v14_출처문서명,admin_rule,notice,,고시,nlic_admrul,norm:Notice,true,국립수산물품질관리원,true,nlic_api_20260920k,,,,,2100000257116,2025-6,20250327,20250327,고시,고시|수산용 동물용의약품 재평가 실시에 관한 기준
DOC-001907,LAW-KR-000120,수산용 동물용의약품등 독성시험지침,v14_출처문서명,admin_rule,notice,,고시,nlic_admrul,norm:Notice,true,국립수산물품질관리원,true,nlic_api_20260920k,,,,,2100000198545,2021-16,20210224,20210301,고시,고시|수산용 동물용의약품등 독성시험지침
DOC-001908,LAW-KR-000120,수산용 동물용의약품등 비임상시험 실시기관 지정에 관한 규정,v14_출처문서명,admin_rule,notice,,고시,nlic_admrul,norm:Notice,true,국립수산물품질관리원,true,nlic_api_20260920k,,,,,2100000226602,2023-29,20230714,20230714,고시,고시|수산용 동물용의약품등 비임상시험 실시기관 지정에 관한 규정
DOC-001909,LAW-KR-000120,수산용 동물용의약품등 생물학적 동등성 시험지침,v14_출처문서명,admin_rule,notice,,고시,nlic_admrul,norm:Notice,true,국립수산물품질관리원,true,nlic_api_20260920k,,,,,2100000198546,2021-17,20210224,20210301,고시,고시|수산용 동물용의약품등 생물학적 동등성 시험지침
DOC-001910,LAW-KR-000120,수산용 동물용의약품등 안전성·유효성 심사에 관한 규정,v14_출처문서명,admin_rule,notice,,고시,nlic_admrul,norm:Notice,true,국립수산물품질관리원,true,nlic_api,,,DOC-001748,동일 사본,,,,,고시,고시|수산용 동물용의약품등 안전성·유효성 심사에 관한 규정
DOC-001911,LAW-KR-000120,수산용 동물용의약품등 안정성 시험지침,v14_출처문서명,admin_rule,notice,,고시,nlic_admrul,norm:Notice,true,국립수산물품질관리원,true,nlic_api_20260920k,,,,,2100000198548,2021-19,20210224,20210301,고시,고시|수산용 동물용의약품등 안정성 시험지침
DOC-001912,LAW-KR-000120,수산용 동물용의약품등 임상시험 관리지침,v14_출처문서명,admin_rule,notice,,고시,nlic_admrul,norm:Notice,true,국립수산물품질관리원,true,nlic_api_20260920k,,,,,2100000198549,2021-20,20210224,20210301,고시,고시|수산용 동물용의약품등 임상시험 관리지침
DOC-001913,LAW-KR-000120,수산용 동물용의약품등 임상시험 실시기관 지정에 관한 규정,v14_출처문서명,admin_rule,notice,,고시,nlic_admrul,norm:Notice,true,국립수산물품질관리원,true,nlic_api_20260920k,,,,,2100000226562,2023-30,20230714,20230714,고시,고시|수산용 동물용의약품등 임상시험 실시기관 지정에 관한 규정
DOC-001914,LAW-KR-000120,수산용 동물용의약품등 잔류성 시험지침,v14_출처문서명,admin_rule,notice,,고시,nlic_admrul,norm:Notice,true,국립수산물품질관리원,true,nlic_api_20260920k,,,,,2100000198550,2021-21,20210224,20210301,고시,고시|수산용 동물용의약품등 잔류성 시험지침
DOC-001915,LAW-KR-000120,수산용 동물용의약품등 제조업 및 품목허가 등 지침,v14_출처문서명,admin_rule,notice,,고시,nlic_admrul,norm:Notice,true,국립수산물품질관리원,true,nlic_api_20260920k,,,,,2100000257144,2025-3,20250327,20250327,고시,고시|수산용 동물용의약품등 제조업 및 품목허가 등 지침
DOC-001916,LAW-KR-000120,수산용 동물용의약품등 행정처분관련 청문 및 사전심의회 운영에 관한 규정,v14_출처문서명,admin_rule,established_rule,,예규,nlic_admrul,norm:EstablishedRule,true,국립수산물품질관리원,true,nlic_api_20260920k,,,,,2100000198530,18,20210224,20210301,고시,고시|수산용 동물용의약품등 행정처분관련 청문 및 사전심의회 운영에 관한 규정
DOC-001917,LAW-KR-000120,수산용 동물용의약품등의 안전사용기준,v14_출처문서명,admin_rule,notice,,고시,nlic_admrul,norm:Notice,true,국립수산물품질관리원,true,nlic_api_20260920k,,,,,2100000205118,2021-40,20211007,20211007,고시,고시|수산용 동물용의약품등의 안전사용기준
DOC-001918,LAW-KR-000120,수산용 동물용의약품등이 자연환경에 미치는 영향 평가 시험지침,v14_출처문서명,admin_rule,notice,,고시,nlic_admrul,norm:Notice,true,국립수산물품질관리원,true,nlic_api_20260920k,,,,,2100000198553,2021-24,20210224,20210301,고시,고시|수산용 동물용의약품등이 자연환경에 미치는 영향 평가 시험지침
DOC-001919,LAW-KR-000120,수입요건확인 면제대상 물품 중 의약품등의 추천요령,v14_출처문서명,admin_rule,notice,,고시,nlic_admrul,norm:Notice,true,식품의약품안전처,true,nlic_api_20260920k,,,,대표,2100000260652,2025-42,20250623,20250623,고시,고시|수입요건확인 면제대상 물품 중 의약품등의 추천요령
DOC-001920,LAW-KR-000120,수입의약품등 관리 규정,v14_출처문서명,admin_rule,notice,,고시,nlic_admrul,norm:Notice,true,식품의약품안전처,true,nlic_api,,,DOC-001063,동일 사본,,,,,고시,고시|수입의약품등 관리 규정
DOC-001921,LAW-KR-000120,시험·검사결과 판정에 관한 규정,v14_출처문서명,admin_rule,established_rule,,예규,nlic_admrul,norm:EstablishedRule,true,식품의약품안전처,true,nlic_api,,,DOC-001065,동일 사본,,,,,고시,고시|시험·검사결과 판정에 관한 규정
DOC-001922,LAW-KR-000120,식품·의약품 등 혁신제품 제품화 검토 운영 규정,v14_출처문서명,admin_rule,notice,,고시,nlic_admrul,norm:Notice,true,식품의약품안전처,true,nlic_api,,,DOC-001767,동일 사본,,,,,고시,고시|식품·의약품 등 혁신제품 제품화 검토 운영 규정
DOC-001923,LAW-KR-000120,식품의약품안전처 민간광고검증단 운영 규정,v14_출처문서명,admin_rule,established_rule,,예규,nlic_admrul,norm:EstablishedRule,true,식품의약품안전처,true,nlic_api,,,DOC-001776,동일 사본,,,,,고시,고시|식품의약품안전처 민간광고검증단 운영 규정
DOC-001924,LAW-KR-000120,안전상비의약품 지정에 관한 고시,v14_출처문서명,admin_rule,notice,,고시,nlic_admrul,norm:Notice,true,보건복지부,true,nlic_api_20260920k,,,,,2100000057432,2016-156,20160824,20160824,고시,고시|안전상비의약품 지정에 관한 고시
DOC-001925,LAW-KR-000120,안전성 및 유효성 문제성분 함유제제 등에 관한 규정,v14_출처문서명,admin_rule,notice,,고시,nlic_admrul,norm:Notice,true,농림축산검역본부,true,nlic_api_20260920k,,,,대표,2100000245204,2024-28,20240729,20240729,고시,고시|안전성 및 유효성 문제성분 함유제제 등에 관한 규정
DOC-001926,LAW-KR-000120,약사법 위반사실 공표에 관한 규정,v14_출처문서명,admin_rule,notice,,고시,nlic_admrul,norm:Notice,true,식품의약품안전처,true,nlic_api_20260920k,,,,,2100000236246,2024-9,20240207,20240207,고시,고시|약사법 위반사실 공표에 관한 규정
DOC-001927,LAW-KR-000120,약제 급여 목록 및 급여 상한금액표,v14_출처문서명,admin_rule,notice,,고시,nlic_admrul,norm:Notice,true,보건복지부,true,nlic_api_20260920k,,,,,2100000284378,2026-175,20260826,20260901,고시,고시|약제 급여 목록 및 급여 상한금액표
DOC-001928,LAW-KR-000120,약제 및 치료재료의 비용에 대한 결정기준,v14_출처문서명,admin_rule,notice,,고시,nlic_admrul,norm:Notice,true,보건복지부,true,nlic_api_20260920k,,,,,2100000005120,2014-144,20140901,20140901,고시,고시|약제 및 치료재료의 비용에 대한 결정기준
DOC-001929,LAW-KR-000120,예방접종통합관리시스템과 연계가 필요한 정보시스템의 지정,v14_출처문서명,admin_rule,notice,,고시,nlic_admrul,norm:Notice,true,질병관리청,true,nlic_api_20260920k,,,DOC-000571,내용 다름(겹침 0%),2100000209964,2022-6,20220316,20220316,고시,고시|예방접종통합관리시스템과 연계가 필요한 정보시스템의 지정
DOC-001930,LAW-KR-000120,오·남용우려의약품 지정에 관한 규정,v14_출처문서명,admin_rule,notice,,고시,nlic_admrul,norm:Notice,true,식품의약품안전처,true,nlic_api_20260920k,,,,,2100000269852,2025-81,20251217,20260213,고시,고시|오·남용우려의약품 지정에 관한 규정
DOC-001931,LAW-KR-000120,요양급여비용 심사·지급업무 처리기준,v14_출처문서명,admin_rule,notice,,고시,nlic_admrul,norm:Notice,true,보건복지부,true,nlic_api,,,DOC-001069,동일 사본,,,,,고시,고시|요양급여비용 심사·지급업무 처리기준
DOC-001932,LAW-KR-000120,요양급여비용 심사청구소프트웨어 검사 등에 관한 기준,v14_출처문서명,admin_rule,notice,,고시,nlic_admrul,norm:Notice,true,보건복지부,true,nlic_api_20260920k,,,,,2100000261126,2025-112,20250630,20250630,고시,고시|요양급여비용 심사청구소프트웨어 검사 등에 관한 기준
DOC-001933,LAW-KR-000120,요양기관 간 동일성분 의약품 중복투약 관리에 관한 기준,v14_출처문서명,admin_rule,notice,,고시,nlic_admrul,norm:Notice,true,보건복지부,true,nlic_api_20260920k,,,,대표,2100000002343,2013-198,20131224,20140101,고시,고시|요양기관 간 동일성분 의약품 중복투약 관리에 관한 기준
DOC-001934,LAW-KR-000120,우선적 검사를 위한 처방전 집중률에 관한 기준,v14_출처문서명,admin_rule,notice,,고시,nlic_admrul,norm:Notice,true,보건복지부,true,nlic_api_20260920k,,,,,2100000108550,2017-258,20171229,20180101,고시,고시|우선적 검사를 위한 처방전 집중률에 관한 기준
DOC-001935,LAW-KR-000120,우체국실손의료보험계약의 보험금 청구 전산화에 관한 고시,v14_출처문서명,admin_rule,notice,,고시,nlic_admrul,norm:Notice,true,우정사업본부,true,nlic_api_20260920k,,,,대표,2100000251216,2024-59,20241220,20241220,고시,고시|우체국실손의료보험계약의 보험금 청구 전산화에 관한 고시
DOC-001936,LAW-KR-000120,원료의약품 등록에 관한 규정,v14_출처문서명,admin_rule,notice,,고시,nlic_admrul,norm:Notice,true,식품의약품안전처,true,nlic_api,,,DOC-001071,동일 사본,,,,,고시,고시|원료의약품 등록에 관한 규정
DOC-001937,LAW-KR-000120,원료혈장 실태조사 및 보고 등에 관한 규정,v14_출처문서명,admin_rule,notice,,고시,nlic_admrul,norm:Notice,true,식품의약품안전처,true,nlic_api_20260920k,,,,,2100000247828,2024-57,20241004,20241004,고시,고시|원료혈장 실태조사 및 보고 등에 관한 규정
DOC-001938,LAW-KR-000120,위탁병원 감면대상자 약제비용 지급 등에 관한 고시,v14_출처문서명,admin_rule,notice,,고시,nlic_admrul,norm:Notice,true,국가보훈부,true,nlic_api_20260920k,,,,,2100000229692,2023-5,20230922,20231001,고시,고시|위탁병원 감면대상자 약제비용 지급 등에 관한 고시
DOC-001939,LAW-KR-000120,위해성 관리 계획 운영 등에 관한 규정,v14_출처문서명,admin_rule,notice,,고시,nlic_admrul,norm:Notice,true,식품의약품안전처,true,nlic_api_20260920k,,,,,2100000255760,2025-10,20250228,20250228,고시,고시|위해성 관리 계획 운영 등에 관한 규정
DOC-001940,LAW-KR-000120,융복합 의료제품 민원 조정·처리 및 사후관리 등에 관한 규정,v14_출처문서명,admin_rule,established_rule,,예규,nlic_admrul,norm:EstablishedRule,true,식품의약품안전처,true,nlic_api_20260920k,,,,대표,2100000243018,209,20240624,20240624,고시,고시|융복합 의료제품 민원 조정·처리 및 사후관리 등에 관한 규정
DOC-001941,LAW-KR-000120,의료급여기관 간 동일성분 의약품 중복투약 관리에 관한 기준,v14_출처문서명,admin_rule,notice,,고시,nlic_admrul,norm:Notice,true,보건복지부,true,nlic_api_20260920k,,,,대표,2100000217380,2022-295,20221230,20221230,고시,고시|의료급여기관 간 동일성분 의약품 중복투약 관리에 관한 기준
DOC-001942,LAW-KR-000120,의료기관 조제실 제제 제조 의료기관 지정,v14_출처문서명,admin_rule,notice,,고시,nlic_admrul,norm:Notice,true,보건복지부,true,nlic_api_20260920k,,,,대표,2100000057434,2016-158,20160824,20160824,고시,고시|의료기관 조제실 제제 제조 의료기관 지정
DOC-001943,LAW-KR-000120,의료기기 수입요건확인 면제 등에 관한 규정,v14_출처문서명,admin_rule,notice,,고시,nlic_admrul,norm:Notice,true,식품의약품안전처,true,nlic_api_20260920k,,,,대표,2100000278050,2026-27,20260331,20260331,고시,고시|의료기기 수입요건확인 면제 등에 관한 규정
DOC-001944,LAW-KR-000120,의료제품 사전 검토 운영에 관한 규정,v14_출처문서명,admin_rule,notice,,고시,nlic_admrul,norm:Notice,true,식품의약품안전처,true,nlic_api_20260920k,,,,대표,2100000216435,2022-85,20221201,20221201,고시,고시|의료제품 사전 검토 운영에 관한 규정
DOC-001945,LAW-KR-000120,의약분업 예외지역 지정 등에 관한 규정,v14_출처문서명,admin_rule,notice,,고시,nlic_admrul,norm:Notice,true,보건복지부,true,nlic_api_20260920k,,,,대표,2100000121421,2018-76,20180425,20180725,고시,고시|의약분업 예외지역 지정 등에 관한 규정
DOC-001946,LAW-KR-000120,의약외품 가격표시제 실시요령,v14_출처문서명,admin_rule,notice,,고시,nlic_admrul,norm:Notice,true,보건복지부,true,nlic_api_20260920k,,,,,2100000191335,2020-140,20200701,20200701,고시,고시|의약외품 가격표시제 실시요령
DOC-001947,LAW-KR-000120,의약외품 재평가 실시에 관한 규정,v14_출처문서명,admin_rule,notice,,고시,nlic_admrul,norm:Notice,true,식품의약품안전처,true,nlic_api_20260920k,,,,,2100000180258,2019-53,20190628,20190628,고시,고시|의약외품 재평가 실시에 관한 규정
DOC-001948,LAW-KR-000120,의약외품 제조 및 품질관리에 관한 규정,v14_출처문서명,admin_rule,notice,,고시,nlic_admrul,norm:Notice,true,식품의약품안전처,true,nlic_api_20260920k,,,,,2100000229888,2023-63,20230926,20230926,고시,고시|의약외품 제조 및 품질관리에 관한 규정
DOC-001949,LAW-KR-000120,의약외품 표시에 관한 규정,v14_출처문서명,admin_rule,notice,,고시,nlic_admrul,norm:Notice,true,식품의약품안전처,true,nlic_api_20260920k,,,,,2100000244762,2024-39,20240722,20240722,고시,고시|의약외품 표시에 관한 규정
DOC-001950,LAW-KR-000120,의약외품 표준제조기준,v14_출처문서명,admin_rule,notice,,고시,nlic_admrul,norm:Notice,true,식품의약품안전처,true,nlic_api_20260920k,,,,,2100000261286,2025-44,20250702,20250702,고시,고시|의약외품 표준제조기준
DOC-001951,LAW-KR-000120,의약외품 품목허가·신고·심사 규정,v14_출처문서명,admin_rule,notice,,고시,nlic_admrul,norm:Notice,true,식품의약품안전처,true,nlic_api_20260920k,,,,대표,2100000268700,2025-73,20251125,20251125,고시,고시|의약외품 품목허가·신고·심사 규정
DOC-001952,LAW-KR-000120,의약외품에 관한 기준 및 시험방법,v14_출처문서명,admin_rule,notice,,고시,nlic_admrul,norm:Notice,true,식품의약품안전처,true,nlic_api_20260920k,,,,,2100000275122,2026-15,20260225,20260526,고시,고시|의약외품에 관한 기준 및 시험방법
DOC-001953,LAW-KR-000120,의약품 가격표시제 실시요령,v14_출처문서명,admin_rule,notice,,고시,nlic_admrul,norm:Notice,true,보건복지부,true,nlic_api_20260920k,,,,,2100000257652,2025-63,20250409,20250409,고시,고시|의약품 가격표시제 실시요령
DOC-001954,LAW-KR-000120,의약품 거래대금 지연 지급 시의 지연이율 고시,v14_출처문서명,admin_rule,notice,,고시,nlic_admrul,norm:Notice,true,보건복지부,true,nlic_api_20260920k,,,,,2100000190744,2020-140,20200701,20200701,고시,고시|의약품 거래대금 지연 지급 시의 지연이율 고시
DOC-001955,LAW-KR-000120,의약품 광고심의업무 민간위탁 지정,v14_출처문서명,admin_rule,notice,,고시,nlic_admrul,norm:Notice,true,식품의약품안전처,true,nlic_api_20260920k,,,,,2100000275696,2026-17,20260303,20260303,고시,고시|의약품 광고심의업무 민간위탁 지정
DOC-001956,LAW-KR-000120,의약품 도매상 기업진단 요령,v14_출처문서명,admin_rule,notice,,고시,nlic_admrul,norm:Notice,true,보건복지부,true,nlic_api_20260920k,,,,,2100000212881,2022-172,20220707,20220707,고시,고시|의약품 도매상 기업진단 요령
DOC-001957,LAW-KR-000120,의약품 등 임상시험 실시기관 지정에 관한 규정,v14_출처문서명,admin_rule,notice,,고시,nlic_admrul,norm:Notice,true,식품의약품안전처,true,nlic_api,,,DOC-001072,동일 사본,,,,,고시,고시|의약품 등 임상시험 실시기관 지정에 관한 규정
DOC-001958,LAW-KR-000120,의약품 등의 표준품 관리 규정,v14_출처문서명,admin_rule,established_rule,,예규,nlic_admrul,norm:EstablishedRule,true,식품의약품안전처,true,nlic_api,,,DOC-001073,동일 사본,,,,,고시,고시|의약품 등의 표준품 관리 규정
DOC-001959,LAW-KR-000120,의약품 등의 허가 등에 관한 수수료 규정,v14_출처문서명,admin_rule,notice,,고시,nlic_admrul,norm:Notice,true,식품의약품안전처,true,nlic_api_20260920k,,,,,2100000277264,2026-31,20260409,20260409,고시,고시|의약품 등의 허가 등에 관한 수수료 규정
DOC-001960,LAW-KR-000120,의약품 바코드 또는 전자태그(RFID tag) 표시 대상 등에 관한 기준,v14_출처문서명,admin_rule,notice,,고시,nlic_admrul,norm:Notice,true,식품의약품안전처,true,nlic_api_20260920k,,,,,2100000043809,2016-22,20160401,20160401,고시,고시|의약품 바코드 또는 전자태그(RFID tag) 표시 대상 등에 관한 기준
DOC-001961,LAW-KR-000120,의약품 바코드와 RFID tag의 사용 및 관리요령,v14_출처문서명,admin_rule,notice,,고시,nlic_admrul,norm:Notice,true,보건복지부,true,nlic_api_20260920k,,,,,2100000198183,2021-49,20210215,20210215,고시,고시|의약품 바코드와 RFID tag의 사용 및 관리요령
DOC-001962,LAW-KR-000120,의약품 병용금기 성분 등의 지정에 관한 규정,v14_출처문서명,admin_rule,notice,,고시,nlic_admrul,norm:Notice,true,식품의약품안전처,true,nlic_api_20260920k,,,,,2100000282826,2026-52,20260721,20260721,고시,고시|의약품 병용금기 성분 등의 지정에 관한 규정
DOC-001963,LAW-KR-000120,의약품 부작용 피해구제급여 지급 제외 대상 의약품의 지정,v14_출처문서명,admin_rule,notice,,고시,nlic_admrul,norm:Notice,true,식품의약품안전처,true,nlic_api_20260920k,,,,,2100000093192,2017-62,20170725,20180101,고시,고시|의약품 부작용 피해구제급여 지급 제외 대상 의약품의 지정
DOC-001964,LAW-KR-000120,의약품 분류 기준에 관한 규정,v14_출처문서명,admin_rule,notice,,고시,nlic_admrul,norm:Notice,true,식품의약품안전처,true,nlic_api_20260920k,,,,,2100000179923,2019-55,20190701,20190701,고시,고시|의약품 분류 기준에 관한 규정
DOC-001965,LAW-KR-000120,의약품 소량포장단위 공급에 관한 규정,v14_출처문서명,admin_rule,notice,,고시,nlic_admrul,norm:Notice,true,식품의약품안전처,true,nlic_api_20260920k,,,,,2100000223002,2023-30,20230504,20230504,고시,고시|의약품 소량포장단위 공급에 관한 규정
DOC-001966,LAW-KR-000120,의약품 안전관리책임자 교육기관 지정 및 운영 등에 관한 규정,v14_출처문서명,admin_rule,notice,,고시,nlic_admrul,norm:Notice,true,식품의약품안전처,true,nlic_api_20260920k,,,,,2100000207515,2021-77,20210913,20210913,고시,고시|의약품 안전관리책임자 교육기관 지정 및 운영 등에 관한 규정
DOC-001967,LAW-KR-000120,의약품 안전용기·포장 및 투약계량기에 관한 규정,v14_출처문서명,admin_rule,notice,,고시,nlic_admrul,norm:Notice,true,식품의약품안전처,true,nlic_api_20260920k,,,,,2100000227764,2023-52,20230809,20230809,고시,고시|의약품 안전용기·포장 및 투약계량기에 관한 규정
DOC-001968,LAW-KR-000120,의약품 임상시험 계획 승인에 관한 규정,v14_출처문서명,admin_rule,notice,,고시,nlic_admrul,norm:Notice,true,식품의약품안전처,true,nlic_api,,,DOC-001074,동일 사본,,,,,고시,고시|의약품 임상시험 계획 승인에 관한 규정
DOC-001969,LAW-KR-000120,의약품 임상시험 종사자 교육 및 교육실시기관 지정에 관한 규정,v14_출처문서명,admin_rule,notice,,고시,nlic_admrul,norm:Notice,true,식품의약품안전처,true,nlic_api_20260920k,,,,,2100000206678,2021-100,20211129,20220101,고시,고시|의약품 임상시험 종사자 교육 및 교육실시기관 지정에 관한 규정
DOC-001970,LAW-KR-000120,의약품 재평가 실시에 관한 규정,v14_출처문서명,admin_rule,notice,,고시,nlic_admrul,norm:Notice,true,식품의약품안전처,true,nlic_api,,,DOC-001075,동일 사본,,,,,고시,고시|의약품 재평가 실시에 관한 규정
DOC-001971,LAW-KR-000120,의약품 제조 및 품질관리에 관한 규정,v14_출처문서명,admin_rule,notice,,고시,nlic_admrul,norm:Notice,true,식품의약품안전처,true,nlic_api,,,DOC-001076,동일 사본,,,,,고시,고시|의약품 제조 및 품질관리에 관한 규정
DOC-001972,LAW-KR-000120,의약품 표시 등에 관한 규정,v14_출처문서명,admin_rule,notice,,고시,nlic_admrul,norm:Notice,true,식품의약품안전처,true,nlic_api,,,DOC-001077,동일 사본,,,,,고시,고시|의약품 표시 등에 관한 규정
DOC-001973,LAW-KR-000120,의약품 표준제조기준,v14_출처문서명,admin_rule,notice,,고시,nlic_admrul,norm:Notice,true,식품의약품안전처,true,nlic_api_20260920k,,,,,2100000283720,2026-57,20260806,20260806,고시,고시|의약품 표준제조기준
DOC-001974,LAW-KR-000120,의약품 품목 갱신에 관한 규정,v14_출처문서명,admin_rule,notice,,고시,nlic_admrul,norm:Notice,true,식품의약품안전처,true,nlic_api,,,DOC-001078,동일 사본,,,,,고시,고시|의약품 품목 갱신에 관한 규정
DOC-001975,LAW-KR-000120,의약품동등성 확보 필요 대상 의약품 지정,v14_출처문서명,admin_rule,notice,,고시,nlic_admrul,norm:Notice,true,식품의약품안전처,true,nlic_api,,,DOC-001079,동일 사본,,,,,고시,고시|의약품동등성 확보 필요 대상 의약품 지정
DOC-001976,LAW-KR-000120,의약품동등성시험기준,v14_출처문서명,admin_rule,notice,,고시,nlic_admrul,norm:Notice,true,식품의약품안전처,true,nlic_api,,,DOC-001080,동일 사본,,,,,고시,고시|의약품동등성시험기준
DOC-001977,LAW-KR-000120,의약품등 생산 및 수출·수입 실적 보고에 관한 규정,v14_출처문서명,admin_rule,notice,,고시,nlic_admrul,norm:Notice,true,식품의약품안전처,true,nlic_api,,,DOC-001081,동일 사본,,,,,고시,고시|의약품등 생산 및 수출·수입 실적 보고에 관한 규정
DOC-001978,LAW-KR-000120,의약품등 제조관리자 교육 및 교육실시기관 지정에 관한 규정,v14_출처문서명,admin_rule,notice,,고시,nlic_admrul,norm:Notice,true,식품의약품안전처,true,nlic_api_20260920k,,,,,2100000199788,2021-30,20210405,20210405,고시,고시|의약품등 제조관리자 교육 및 교육실시기관 지정에 관한 규정
DOC-001979,LAW-KR-000120,의약품등 회수에 관한 규정,v14_출처문서명,admin_rule,notice,,고시,nlic_admrul,norm:Notice,true,식품의약품안전처,true,nlic_api_20260920k,,,,,2100000245660,2024-42,20240801,20240801,고시,고시|의약품등 회수에 관한 규정
DOC-001980,LAW-KR-000120,의약품등의 독성시험기준,v14_출처문서명,admin_rule,notice,,고시,nlic_admrul,norm:Notice,true,식품의약품안전처,true,nlic_api_20260920k,,,,,2100000209652,2022-18,20220302,20220302,고시,고시|의약품등의 독성시험기준
DOC-001981,LAW-KR-000120,의약품등의 안정성시험 기준,v14_출처문서명,admin_rule,notice,,고시,nlic_admrul,norm:Notice,true,식품의약품안전처,true,nlic_api_20260920k,,,,,2100000189416,2019-132,20191217,20191217,고시,고시|의약품등의 안정성시험 기준
DOC-001982,LAW-KR-000120,의약품등의 약리시험기준,v14_출처문서명,admin_rule,notice,,고시,nlic_admrul,norm:Notice,true,식품의약품안전처,true,nlic_api_20260920k,,,,,2100000032148,2015-83,20151111,20151111,고시,고시|의약품등의 약리시험기준
DOC-001983,LAW-KR-000120,의약품등의 타르색소 지정과 기준 및 시험방법,v14_출처문서명,admin_rule,notice,,고시,nlic_admrul,norm:Notice,true,식품의약품안전처,true,nlic_api_20260920k,,,,,2100000099685,2016-87,20160823,20160823,고시,고시|의약품등의 타르색소 지정과 기준 및 시험방법
DOC-001984,LAW-KR-000120,의약품등의 해외제조소 등록에 관한 규정,v14_출처문서명,admin_rule,notice,,고시,nlic_admrul,norm:Notice,true,식품의약품안전처,true,nlic_api_20260920k,,,,,2100000256914,2025-16,20250325,20250325,고시,고시|의약품등의 해외제조소 등록에 관한 규정
DOC-001985,LAW-KR-000120,의약품유통정보 제공 신청 및 수수료 산정방법 등에 관한 고시,v14_출처문서명,admin_rule,notice,,고시,nlic_admrul,norm:Notice,true,보건복지부,true,nlic_api_20260920k,,,,,2100000077810,2017-39,20170302,20170302,고시,고시|의약품유통정보 제공 신청 및 수수료 산정방법 등에 관한 고시
DOC-001986,LAW-KR-000120,의약품의 안정적 공급을 위한 유통관리 규정,v14_출처문서명,admin_rule,notice,,고시,nlic_admrul,norm:Notice,true,보건복지부,true,nlic_api_20260920k,,,,,2100000212880,2022-171,20220707,20220707,고시,고시|의약품의 안정적 공급을 위한 유통관리 규정
DOC-001987,LAW-KR-000120,의약품의 품목허가·신고·심사 규정,v14_출처문서명,admin_rule,notice,,고시,nlic_admrul,norm:Notice,true,식품의약품안전처,true,nlic_api,,,DOC-001082,동일 사본,,,,,고시,고시|의약품의 품목허가·신고·심사 규정
DOC-001988,LAW-KR-000120,임상시험검체분석 관리기준,v14_출처문서명,admin_rule,notice,,고시,nlic_admrul,norm:Notice,true,식품의약품안전처,true,nlic_api_20260920k,,,,,2100000213691,2022-54,20220804,20230101,고시,고시|임상시험검체분석 관리기준
DOC-001989,LAW-KR-000120,임상시험안전지원기관 지정 및 운영 등에 관한 규정,v14_출처문서명,admin_rule,notice,,고시,nlic_admrul,norm:Notice,true,식품의약품안전처,true,nlic_api_20260920k,,,,,2100000265386,2025-70,20251030,20251030,고시,고시|임상시험안전지원기관 지정 및 운영 등에 관한 규정
DOC-001990,LAW-KR-000120,자료집중기관 지정 고시,v14_출처문서명,admin_rule,notice,,고시,nlic_admrul,norm:Notice,true,국세청,true,nlic_api_20260920k,,,,,2100000204321,2021-49,20210824,20210824,고시,고시|자료집중기관 지정 고시
DOC-001991,LAW-KR-000120,장려금의 지급에 관한 기준,v14_출처문서명,admin_rule,notice,,고시,nlic_admrul,norm:Notice,true,보건복지부,true,nlic_api_20260920k,,,,대표,2100000208643,2022-18,20220124,20220124,고시,고시|장려금의 지급에 관한 기준
DOC-001992,LAW-KR-000120,제조용 동물의 사육 및 관리 등에 관한 기준,v14_출처문서명,admin_rule,notice,,고시,nlic_admrul,norm:Notice,true,식품의약품안전처,true,nlic_api_20260920k,,,,,2100000062172,2016-110,20161004,20161004,고시,고시|제조용 동물의 사육 및 관리 등에 관한 기준
DOC-001993,LAW-KR-000120,조제기록부 열람 및 사본발급 기준,v14_출처문서명,admin_rule,notice,,지침,nlic_admrul_미배치,norm:AdministrativeRule,true,보건복지부,true,nlic_api_20260920k,,,,,2100000233854,6079,20240101,20240101,고시,고시|조제기록부 열람 및 사본발급 기준
DOC-001994,LAW-KR-000120,중복투약의 제한관리에 관한 기준,v14_출처문서명,admin_rule,notice,,고시,nlic_admrul,norm:Notice,true,국가보훈부,true,nlic_api_20260920k,,,,,2100000256122,2025-5,20250307,20250307,고시,고시|중복투약의 제한관리에 관한 기준
DOC-001995,LAW-KR-000120,중앙약사심의위원회 규정,v14_출처문서명,admin_rule,established_rule,,예규,nlic_admrul,norm:EstablishedRule,true,식품의약품안전처,true,nlic_api_20260920k,,,,,2100000259502,217,20250527,20250527,고시,고시|중앙약사심의위원회 규정
DOC-001996,LAW-KR-000120,지출보고서 공개 등 업무 위탁에 관한 고시,v14_출처문서명,admin_rule,notice,,고시,nlic_admrul,norm:Notice,true,보건복지부,true,nlic_api_20260920k,,,,대표,2100000242242,2024-104,20240605,20241019,고시,고시|지출보고서 공개 등 업무 위탁에 관한 고시
DOC-001997,LAW-KR-000120,차세대 바이오의약품 분류 및 제품화 지원 등에 관한 규정,v14_출처문서명,admin_rule,established_rule,,예규,nlic_admrul,norm:EstablishedRule,true,식품의약품안전처,true,nlic_api_20260920k,,,,,2100000225738,192,20230630,20230630,고시,고시|차세대 바이오의약품 분류 및 제품화 지원 등에 관한 규정
DOC-001998,LAW-KR-000120,첨단바이오의약품 장기추적조사 관리기준,v14_출처문서명,admin_rule,notice,,고시,nlic_admrul,norm:Notice,true,식품의약품안전처,true,nlic_api_20260920k,,,,,2100000246180,2024-47,20240821,20240821,고시,고시|첨단바이오의약품 장기추적조사 관리기준
DOC-001999,LAW-KR-000120,첨단바이오의약품의 품목허가·심사 규정,v14_출처문서명,admin_rule,notice,,고시,nlic_admrul,norm:Notice,true,식품의약품안전처,true,nlic_api_20260920k,,,,,2100000267958,2025-72,20251112,20251112,고시,고시|첨단바이오의약품의 품목허가·심사 규정
DOC-002000,LAW-KR-000120,체외진단의료기기 임상적 성능시험기관 지정 및 종사자 교육에 관한 규정,v14_출처문서명,admin_rule,notice,,고시,nlic_admrul,norm:Notice,true,식품의약품안전처,true,nlic_api_20260920k,,,,대표,2100000220734,2023-21,20230314,20230314,고시,고시|체외진단의료기기 임상적 성능시험기관 지정 및 종사자 교육에 관한 규정
DOC-002001,LAW-KR-000120,"축산계열화사업관련 사육시설, 사육자재 및 출하가축에 관한 기준",v14_출처문서명,admin_rule,notice,,고시,nlic_admrul,norm:Notice,true,농림축산식품부,true,nlic_api_20260920k,,,,대표,2100000186372,2020-10,20200129,20200129,고시,"고시|축산계열화사업관련 사육시설, 사육자재 및 출하가축에 관한 기준"
DOC-002002,LAW-KR-000120,특수장소에서의 의약품 취급에 관한 지정,v14_출처문서명,admin_rule,notice,,고시,nlic_admrul,norm:Notice,true,보건복지부,true,nlic_api,,,DOC-000699,내용 다름(겹침 0%),,,,,고시,고시|특수장소에서의 의약품 취급에 관한 지정
DOC-002003,LAW-KR-000120,포장재의 재질·구조 기준,v14_출처문서명,admin_rule,notice,,고시,nlic_admrul,norm:Notice,true,기후에너지환경부,true,nlic_api_20260920k,,,,대표,2100000266662,2025-165,20251001,20251001,고시,고시|포장재의 재질·구조 기준
DOC-002004,LAW-KR-000120,한약(생약)제제 등의 품목허가·신고에 관한 규정,v14_출처문서명,admin_rule,notice,,고시,nlic_admrul,norm:Notice,true,식품의약품안전처,true,nlic_api,,,DOC-001085,동일 사본,,,,,고시,고시|한약(생약)제제 등의 품목허가·신고에 관한 규정
DOC-002005,LAW-KR-000120,한약도매업무관리자의 대학 한약관련학과 인정기준,v14_출처문서명,admin_rule,notice,,고시,nlic_admrul,norm:Notice,true,보건복지부,true,nlic_api_20260920k,,,,,2100000270784,2025-230,20251229,20251229,고시,고시|한약도매업무관리자의 대학 한약관련학과 인정기준
DOC-002006,LAW-KR-000120,한약재 수급관리 규정,v14_출처문서명,admin_rule,notice,,고시,nlic_admrul,norm:Notice,true,보건복지부,true,nlic_api_20260920k,,,,,2100000204413,2021-239,20210907,20210907,고시,고시|한약재 수급관리 규정
DOC-002007,LAW-KR-000120,한약재 안전 및 품질관리 규정,v14_출처문서명,admin_rule,notice,,고시,nlic_admrul,norm:Notice,true,식품의약품안전처,true,nlic_api_20260920k,,,,,2100000184064,2019-112,20191127,20191127,고시,고시|한약재 안전 및 품질관리 규정
DOC-002008,LAW-KR-000120,한약처방의 종류 및 조제방법에 관한 규정,v14_출처문서명,admin_rule,notice,,고시,nlic_admrul,norm:Notice,true,보건복지부,true,nlic_api_20260920k,,,,,2100000271006,2025-241,20251230,20260101,고시,고시|한약처방의 종류 및 조제방법에 관한 규정
DOC-002009,LAW-KR-000120,허가 또는 신고범위 초과 약제 비급여 사용승인에 관한 기준 및 절차,v14_출처문서명,admin_rule,notice,,고시,nlic_admrul,norm:Notice,true,보건복지부,true,nlic_api_20260920k,,,,,2100000191300,2020-140,20200701,20200701,고시,고시|허가 또는 신고범위 초과 약제 비급여 사용승인에 관한 기준 및 절차
DOC-002010,LAW-KR-000120,허가등에 따른 특허권 존속기간의 연장제도 운용에 관한 규정,v14_출처문서명,admin_rule,notice,,고시,nlic_admrul,norm:Notice,true,지식재산처,true,nlic_api,,,DOC-000825,동일 사본,,,,,고시,고시|허가등에 따른 특허권 존속기간의 연장제도 운용에 관한 규정
DOC-002011,LAW-KR-000120,혁신형 제약기업 인증 등에 관한 규정,v14_출처문서명,admin_rule,notice,,고시,nlic_admrul,norm:Notice,true,보건복지부,true,nlic_api_20260920k,,,,,2100000281864,2026-143,20260703,20260703,고시,고시|혁신형 제약기업 인증 등에 관한 규정
DOC-002012,LAW-KR-000120,희귀의약품 지정에 관한 규정,v14_출처문서명,admin_rule,notice,,고시,nlic_admrul,norm:Notice,true,식품의약품안전처,true,nlic_api_20260920k,,,,,2100000274240,2026-8,20260202,20260202,고시,고시|희귀의약품 지정에 관한 규정
DOC-002013,LAW-KR-000166,어린이놀이시설 검사 및 관리에 관한 운용요령,v14_출처문서명,admin_rule,notice,,고시,nlic_admrul,norm:Notice,true,행정안전부,true,nlic_api,DOC-000469,UNIT-0196779,,,,,,,고시,고시|어린이놀이시설 검사 및 관리에 관한 운용요령
DOC-002014,LAW-KR-000166,어린이놀이시설 안전관리자 사이버교육 운용에 관한 고시,v14_출처문서명,admin_rule,notice,,고시,nlic_admrul,norm:Notice,true,행정안전부,true,nlic_api,DOC-000469,UNIT-0196816,,,,,,,고시,고시|어린이놀이시설 안전관리자 사이버교육 운용에 관한 고시
DOC-002015,LAW-KR-000022,어린이안전교육 전문기관 지정 등에 관한 고시,v14_출처문서명,admin_rule,notice,,고시,nlic_admrul,norm:Notice,true,행정안전부,true,nlic_api,DOC-000065,UNIT-0040635,,,,,,,고시,고시|어린이안전교육 전문기관 지정 등에 관한 고시
DOC-002016,LAW-KR-000133,낚시어선의 안전운항 등을 위한 안내 요령,v14_출처문서명,admin_rule,notice,,고시,nlic_admrul,norm:Notice,true,해양수산부,true,nlic_api,DOC-000370,UNIT-0154562,,,,,,,고시,고시|낚시어선의 안전운항 등을 위한 안내 요령
DOC-002017,LAW-KR-000133,동력수상레저기구의 안전검사 등에 대한 수수료기준,v14_출처문서명,admin_rule,notice,,고시,nlic_admrul,norm:Notice,true,해양경찰청,true,nlic_api,,,DOC-001651,동일 사본,,,,,고시,고시|동력수상레저기구의 안전검사 등에 대한 수수료기준
DOC-002018,LAW-KR-000133,무선국의 운용 등에 관한 규정,v14_출처문서명,admin_rule,notice,,고시,nlic_admrul,norm:Notice,true,중앙전파관리소,true,nlic_api,DOC-000370,UNIT-0154636,DOC-001652,동일 사본,,,,,고시,고시|무선국의 운용 등에 관한 규정
DOC-002019,LAW-KR-000133,배타적경제수역내 난파물 제거 비용 보증에 관한 고시,v14_출처문서명,admin_rule,notice,,고시,nlic_admrul,norm:Notice,true,해양수산부,true,nlic_api_20260920k,,,,,2100000032381,2015-177,20151118,20151118,고시,고시|배타적경제수역내 난파물 제거 비용 보증에 관한 고시
DOC-002020,LAW-KR-000133,새로운 형식의 어선의 설비에 대한 잠정기준 마련에 관한 고시,v14_출처문서명,admin_rule,notice,,고시,nlic_admrul,norm:Notice,true,해양수산부,true,nlic_api_20260920k,,,,,2100000242594,2024-61,20240614,20240614,고시,고시|새로운 형식의 어선의 설비에 대한 잠정기준 마련에 관한 고시
DOC-002021,LAW-KR-000133,선내 안전·보건 및 사고예방 기준,v14_출처문서명,admin_rule,notice,,고시,nlic_admrul,norm:Notice,true,해양수산부,true,nlic_api,DOC-000463,UNIT-0195342,,대표,,,,,고시,고시|선내 안전·보건 및 사고예방 기준
DOC-002022,LAW-KR-000133,선박패스(V-Pass) 장치 등의 설치기준 및 운영 등에 관한 고시,v14_출처문서명,admin_rule,notice,,고시,nlic_admrul,norm:Notice,true,해양경찰청,true,nlic_api,DOC-000370,UNIT-0154790,,,,,,,고시,고시|선박패스(V-Pass) 장치 등의 설치기준 및 운영 등에 관한 고시
DOC-002023,LAW-KR-000133,안전복지를 강화한 표준어선형에 관한 기준,v14_출처문서명,admin_rule,notice,,고시,nlic_admrul,norm:Notice,true,해양수산부,true,nlic_api_20260920k,,,,,2100000249770,2024-128,20241122,20241122,고시,고시|안전복지를 강화한 표준어선형에 관한 기준
DOC-002024,LAW-KR-000133,어선 건조·개조허가 오차 허용범위,v14_출처문서명,admin_rule,notice,,고시,nlic_admrul,norm:Notice,true,해양수산부,true,nlic_api_20260920k,,,,,2100000174830,2018-180,20181231,20181231,고시,고시|어선 건조·개조허가 오차 허용범위
DOC-002025,LAW-KR-000133,어선 검사업무 등에 관한 대행업무 범위,v14_출처문서명,admin_rule,notice,,고시,nlic_admrul,norm:Notice,true,해양수산부,true,nlic_api_20260920k,,,,,2100000193027,2020-151,20200918,20200918,고시,고시|어선 검사업무 등에 관한 대행업무 범위
DOC-002026,LAW-KR-000133,어선 고속기관 등의 비개방정밀검사 지침,v14_출처문서명,admin_rule,notice,,고시,nlic_admrul,norm:Notice,true,해양수산부,true,nlic_api,DOC-000370,UNIT-0154693,,,,,,,고시,고시|어선 고속기관 등의 비개방정밀검사 지침
DOC-002027,LAW-KR-000133,어선건조·개조업 등록을 위한 시설·장비 기준,v14_출처문서명,admin_rule,notice,,고시,nlic_admrul,norm:Notice,true,해양수산부,true,nlic_api_20260920k,,,,,2100000281226,2026-69,20260625,20260625,고시,고시|어선건조·개조업 등록을 위한 시설·장비 기준
DOC-002028,LAW-KR-000133,어선검사증서 등의 전자적 형태의 증서 발급에 관한 고시,v14_출처문서명,admin_rule,notice,,고시,nlic_admrul,norm:Notice,true,해양수산부,true,nlic_api_20260920k,,,,,2100000242922,2024-65,20240621,20240621,고시,고시|어선검사증서 등의 전자적 형태의 증서 발급에 관한 고시
DOC-002029,LAW-KR-000133,어선기관기준,v14_출처문서명,admin_rule,notice,,고시,nlic_admrul,norm:Notice,true,해양수산부,true,nlic_api,DOC-000370,UNIT-0154563,,,,,,,고시,고시|어선기관기준
DOC-002030,LAW-KR-000133,어선명칭의 크기 및 표시방법 등에 관한 고시,v14_출처문서명,admin_rule,notice,,고시,nlic_admrul,norm:Notice,true,해양수산부,true,nlic_api_20260920k,,,,,2100000193028,2020-152,20200918,20200918,고시,고시|어선명칭의 크기 및 표시방법 등에 관한 고시
DOC-002031,LAW-KR-000133,어선법 사무취급요령,v14_출처문서명,admin_rule,established_rule,,예규,nlic_admrul,norm:EstablishedRule,true,해양수산부,true,nlic_api_20260920k,,,,,2100000193177,158,20200925,20200925,고시,고시|어선법 사무취급요령
DOC-002032,LAW-KR-000133,어선설비기준,v14_출처문서명,admin_rule,notice,,고시,nlic_admrul,norm:Notice,true,해양수산부,true,nlic_api,DOC-000370,UNIT-0154563,,,,,,,고시,고시|어선설비기준
DOC-002033,LAW-KR-000133,어선용품의 형식승인 시험 및 검정 등에 관한 기준,v14_출처문서명,admin_rule,notice,,고시,nlic_admrul,norm:Notice,true,해양수산부,true,nlic_api_20260920k,,,,,2100000204852,2021-184,20210928,20210928,고시,고시|어선용품의 형식승인 시험 및 검정 등에 관한 기준
DOC-002034,LAW-KR-000133,어선중개업 교육기관의 지정 등에 관한 고시,v14_출처문서명,admin_rule,notice,,고시,nlic_admrul,norm:Notice,true,해양수산부,true,nlic_api_20260920k,,,,,2100000193029,2020-153,20200918,20200918,고시,고시|어선중개업 교육기관의 지정 등에 관한 고시
DOC-002035,LAW-KR-000133,어선톤수 측정업무의 집행요령,v14_출처문서명,admin_rule,notice,,고시,nlic_admrul,norm:Notice,true,해양수산부,true,nlic_api_20260920k,,,,,2100000193031,2020-155,20200918,20200918,고시,고시|어선톤수 측정업무의 집행요령
DOC-002036,LAW-KR-000133,어선표지판 규격 및 부착요령,v14_출처문서명,admin_rule,notice,,고시,nlic_admrul,norm:Notice,true,해양수산부,true,nlic_api_20260920k,,,,,2100000079889,2017-45,20170320,20170320,고시,고시|어선표지판 규격 및 부착요령
DOC-002037,LAW-KR-000133,차세대 표준어선형 설계도면,v14_출처문서명,admin_rule,notice,,고시,nlic_admrul,norm:Notice,true,해양수산부,true,nlic_api_20260920k,,,,,2100000210946,2022-52,20220427,20220427,고시,고시|차세대 표준어선형 설계도면
DOC-002038,LAW-KR-000133,총톤수 10톤 미만 소형어선의 구조 및 설비기준,v14_출처문서명,admin_rule,notice,,고시,nlic_admrul,norm:Notice,true,해양수산부,true,nlic_api,DOC-000370,UNIT-0154563,,,,,,,고시,고시|총톤수 10톤 미만 소형어선의 구조 및 설비기준
DOC-002039,LAW-KR-000133,축전지 추진 어선의 설비기준,v14_출처문서명,admin_rule,notice,,고시,nlic_admrul,norm:Notice,true,해양수산부,true,nlic_api,DOC-000370,UNIT-0154563,,,,,,,고시,고시|축전지 추진 어선의 설비기준
DOC-002040,LAW-KR-000133,해상업무용 무선설비의 기술기준,v14_출처문서명,admin_rule,notice,,고시,nlic_admrul,norm:Notice,true,국립전파연구원,true,nlic_api_20260920k,,,,대표,2100000260412,2025-6,20250623,20250623,고시,고시|해상업무용 무선설비의 기술기준
DOC-002041,LAW-KR-000133,허가어선의 대체에 관한 업무처리지침,v14_출처문서명,admin_rule,established_rule,,예규,nlic_admrul,norm:EstablishedRule,true,해양수산부,true,nlic_api_20260920k,,,,,2100000270442,229,20251223,20251223,고시,고시|허가어선의 대체에 관한 업무처리지침
DOC-002042,LAW-KR-000116,어선 위험성평가에 관한 지침,v14_출처문서명,admin_rule,notice,,고시,nlic_admrul,norm:Notice,true,해양수산부,true,nlic_api,DOC-000319,UNIT-0124963,,,,,,,고시,고시|어선 위험성평가에 관한 지침
DOC-002043,LAW-KR-000116,어선원 안전ㆍ보건 및 재해예방 기준,v14_출처문서명,admin_rule,notice,,고시,nlic_admrul,norm:Notice,true,해양수산부,true,nlic_api,DOC-000319,UNIT-0125006,,,,,,,고시,고시|어선원 안전ㆍ보건 및 재해예방 기준
DOC-002044,LAW-KR-000116,수산관계법령 위반행위에 대한 행정처분의 기준과 절차에 관한 규칙,v14_출처문서명,statutory,ministerial_ordinance,4,,by_layer,norm:SeparateMinisterialRule,true,,true,nlic_api_20260917,,,,,268127,00713,20250103,20250103,부령규칙,부령규칙|수산관계법령 위반행위에 대한 행정처분의 기준과 절차에 관한 규칙
DOC-002045,LAW-KR-000079,(고시명 미확보·검수요),v14_출처문서명,admin_rule,notice,,,명칭 불일치(0건 반환),norm:AdministrativeRule,true,,true,nlic_api,,,,,,,,,고시,고시|(고시명 미확보·검수요)
DOC-002046,LAW-KR-000072,에너지법 시행규칙,v14_출처문서명,statutory,ministerial_ordinance,4,,by_layer,norm:EnforcementRule,true,,true,nlic_api_20260920t,,,,,278961,00001,20251001,20251001,시행규칙,시행규칙|에너지법 시행규칙
DOC-002047,LAW-KR-000072,에너지법 시행령,v14_출처문서명,statutory,presidential_decree,3,,by_layer,norm:PresidentialDecree,true,,true,nlic_api_20260920t,,,,,281201,35947,20251230,20260102,시행령,시행령|에너지법 시행령
DOC-002048,LAW-KR-000123,(국토교통부) 건축용 고효율에너지기자재 보급촉진에 관한 규정,v14_출처문서명,admin_rule,notice,,고시,nlic_admrul,norm:Notice,true,국토교통부,true,nlic_api_20260920k,,,,,2100000282410,2026-360,20260708,20260708,고시,고시|(국토교통부) 건축용 고효율에너지기자재 보급촉진에 관한 규정
DOC-002049,LAW-KR-000123,(기후에너지환경부) 건축용 고효율에너지기자재 보급촉진에 관한 규정,v14_출처문서명,admin_rule,notice,,고시,nlic_admrul,norm:Notice,true,기후에너지환경부,true,nlic_api_20260920k,,,,,2100000281294,2025-61,20251218,20251218,고시,고시|(기후에너지환경부) 건축용 고효율에너지기자재 보급촉진에 관한 규정
DOC-002050,LAW-KR-000123,건축물의 에너지원단위 목표관리 등에 관한 고시,v14_출처문서명,admin_rule,notice,,고시,nlic_admrul,norm:Notice,true,기후에너지환경부,true,nlic_api_20260920k,,,,,2100000281316,2025-61,20251218,20251218,고시,고시|건축물의 에너지원단위 목표관리 등에 관한 고시
DOC-002051,LAW-KR-000123,고효율에너지기자재 보급 촉진에 관한 규정,v14_출처문서명,admin_rule,notice,,고시,nlic_admrul,norm:Notice,true,기후에너지환경부,true,nlic_api_20260920k,,,,,2100000272598,2026-4,20260112,20260112,고시,고시|고효율에너지기자재 보급 촉진에 관한 규정
DOC-002052,LAW-KR-000123,공공기관 에너지이용 합리화 추진에 관한 규정,v14_출처문서명,admin_rule,notice,,고시,nlic_admrul,norm:Notice,true,기후에너지환경부,true,nlic_api,,,DOC-000782,동일 사본,,,,,고시,고시|공공기관 에너지이용 합리화 추진에 관한 규정
DOC-002053,LAW-KR-000123,국가종합전자조달시스템 입찰참가자격등록규정,v14_출처문서명,admin_rule,notice,,고시,nlic_admrul,norm:Notice,true,조달등록팀,true,nlic_api_20260920k,,,,대표,2100000274756,2026-6,20260123,20260123,고시,고시|국가종합전자조달시스템 입찰참가자격등록규정
DOC-002054,LAW-KR-000123,녹색 제품의 공공구매 촉진을 위한 구매요령,v14_출처문서명,admin_rule,notice,,고시,nlic_admrul,norm:Notice,true,조달청,true,nlic_api,,,DOC-001805,동일 사본,,,,,고시,고시|녹색 제품의 공공구매 촉진을 위한 구매요령
DOC-002055,LAW-KR-000123,대기전력저감 프로그램 운용규정,v14_출처문서명,admin_rule,notice,,고시,nlic_admrul,norm:Notice,true,기후에너지환경부,true,nlic_api_20260920k,,,,,2100000273260,2026-25,20260123,20260123,고시,고시|대기전력저감 프로그램 운용규정
DOC-002056,LAW-KR-000123,복수의무인증제품의 인증방법 및 국가통합인증마크 표시요령,v14_출처문서명,admin_rule,notice,,고시,nlic_admrul,norm:Notice,true,"산업통상부,기후에너지환경부,소방청",true,nlic_api,,,DOC-000610,내용 다름(겹침 0%),,,,,고시,고시|복수의무인증제품의 인증방법 및 국가통합인증마크 표시요령
DOC-002057,LAW-KR-000123,산업통상부 온실가스 국제감축사업 운영규정,v14_출처문서명,admin_rule,notice,,고시,nlic_admrul,norm:Notice,true,산업통상부,true,nlic_api_20260920k,,,,대표,2100000276044,2026-24,20260319,20260319,고시,고시|산업통상부 온실가스 국제감축사업 운영규정
DOC-002058,LAW-KR-000123,신·재생에너지이용 발전전력의 기준가격 지침,v14_출처문서명,admin_rule,notice,,고시,nlic_admrul,norm:Notice,true,기후에너지환경부,true,nlic_api,,,DOC-001814,동일 사본,,,,,고시,고시|신·재생에너지이용 발전전력의 기준가격 지침
DOC-002059,LAW-KR-000123,에너지경영시스템의 지원 등에 관한 규정,v14_출처문서명,admin_rule,notice,,고시,nlic_admrul,norm:Notice,true,기후에너지환경부,true,nlic_api_20260920k,,,,,2100000281334,2025-61,20251218,20251218,고시,고시|에너지경영시스템의 지원 등에 관한 규정
DOC-002060,LAW-KR-000123,에너지공급자의 수요관리 투자사업 운영규정,v14_출처문서명,admin_rule,notice,,고시,nlic_admrul,norm:Notice,true,기후에너지환경부,true,nlic_api_20260920k,,,,,2100000269388,2025-57,20251208,20251208,고시,고시|에너지공급자의 수요관리 투자사업 운영규정
DOC-002061,LAW-KR-000123,에너지관리기준,v14_출처문서명,admin_rule,notice,,고시,nlic_admrul,norm:Notice,true,기후에너지환경부,true,nlic_api_20260920k,,,,,2100000281332,2025-61,20251218,20251218,고시,고시|에너지관리기준
DOC-002062,LAW-KR-000123,에너지관리자 등의 교육시행에 관한 규정,v14_출처문서명,admin_rule,notice,,고시,nlic_admrul,norm:Notice,true,기후에너지환경부,true,nlic_api_20260920k,,,,,2100000281314,2026-61,20251218,20251218,고시,고시|에너지관리자 등의 교육시행에 관한 규정
DOC-002063,LAW-KR-000123,에너지사용계획 수립 및 협의절차 등에 관한 규정,v14_출처문서명,admin_rule,notice,,고시,nlic_admrul,norm:Notice,true,산업통상부,true,nlic_api_20260920k,,,,,2100000218177,2023-6,20230104,20230104,고시,고시|에너지사용계획 수립 및 협의절차 등에 관한 규정
DOC-002064,LAW-KR-000123,에너지사용계획협의 대행비용 산정기준,v14_출처문서명,admin_rule,notice,,고시,nlic_admrul,norm:Notice,true,기후에너지환경부,true,nlic_api_20260920k,,,,,2100000281288,2025-61,20251218,20251218,고시,고시|에너지사용계획협의 대행비용 산정기준
DOC-002065,LAW-KR-000123,에너지이용합리화 실시계획 시행결과 평가대행 지침,v14_출처문서명,admin_rule,notice,,고시,nlic_admrul,norm:Notice,true,기후에너지환경부,true,nlic_api_20260920k,,,,,2100000281330,2025-61,20251218,20251218,고시,고시|에너지이용합리화 실시계획 시행결과 평가대행 지침
DOC-002066,LAW-KR-000123,에너지이용합리화사업을 위한 자금지원 지침,v14_출처문서명,admin_rule,notice,,지침,nlic_admrul_미배치,norm:AdministrativeRule,true,기후에너지환경부,true,nlic_api_20260920k,,,,,2100000276444,332,20260401,20260401,고시,고시|에너지이용합리화사업을 위한 자금지원 지침
DOC-002067,LAW-KR-000123,에너지진단 운용규정,v14_출처문서명,admin_rule,notice,,고시,nlic_admrul,norm:Notice,true,기후에너지환경부,true,nlic_api_20260920k,,,,,2100000281296,2025-61,20251218,20251218,고시,고시|에너지진단 운용규정
DOC-002068,LAW-KR-000123,열수송관 안전진단에 관한 고시,v14_출처문서명,admin_rule,notice,,고시,nlic_admrul,norm:Notice,true,기후에너지환경부,true,nlic_api,DOC-000340,UNIT-0135108,,대표,,,,,고시,고시|열수송관 안전진단에 관한 고시
DOC-002069,LAW-KR-000123,우수조달공동상표 물품 지정 관리규정,v14_출처문서명,admin_rule,notice,,고시,nlic_admrul,norm:Notice,true,조달청,true,nlic_api,,,DOC-001383,동일 사본,,,,,고시,고시|우수조달공동상표 물품 지정 관리규정
DOC-002070,LAW-KR-000123,자동차용 타이어의 에너지소비효율 측정 및 등급기준·표시 등에 관한 규정,v14_출처문서명,admin_rule,notice,,고시,nlic_admrul,norm:Notice,true,기후에너지환경부,true,nlic_api,,,DOC-001387,동일 사본,,,,,고시,고시|자동차용 타이어의 에너지소비효율 측정 및 등급기준·표시 등에 관한 규정
DOC-002071,LAW-KR-000123,자동차의 에너지소비효율 및 등급표시에 관한 규정,v14_출처문서명,admin_rule,notice,,고시,nlic_admrul,norm:Notice,true,기후에너지환경부,true,nlic_api,,,DOC-000906,동일 사본,,,,,고시,고시|자동차의 에너지소비효율 및 등급표시에 관한 규정
DOC-002072,LAW-KR-000123,자동차의 에너지소비효율 및 온실가스 배출량 시험방법 등에 관한 고시,v14_출처문서명,admin_rule,notice,,고시,nlic_admrul,norm:Notice,true,"국토교통부,산업통상부,기후에너지환경부",true,nlic_api,,,DOC-000907,동일 사본,,,,,고시,고시|자동차의 에너지소비효율 및 온실가스 배출량 시험방법 등에 관한 고시
DOC-002073,LAW-KR-000123,중앙집중 난방방식의 공동주택에 대한 난방계량기 등의 설치 기준,v14_출처문서명,admin_rule,notice,,고시,nlic_admrul,norm:Notice,true,기후에너지환경부,true,nlic_api,,,DOC-000617,내용 다름(겹침 0%),,,,,고시,고시|중앙집중 난방방식의 공동주택에 대한 난방계량기 등의 설치 기준
DOC-002074,LAW-KR-000123,집단에너지 안전관리기준,v14_출처문서명,admin_rule,notice,,고시,nlic_admrul,norm:Notice,true,기후에너지환경부,true,nlic_api,DOC-000340,UNIT-0135507,,대표,,,,,고시,고시|집단에너지 안전관리기준
DOC-002075,LAW-KR-000123,효율관리기자재 운용규정,v14_출처문서명,admin_rule,notice,,고시,nlic_admrul,norm:Notice,true,기후에너지환경부,true,nlic_api_20260920k,,,,,2100000279914,2026-137,20260527,20260527,고시,고시|효율관리기자재 운용규정
DOC-002076,LAW-KR-000184,개인택시운송사업 면허의 양수요건 등 관련 교통안전교육에 관한 고시,v14_출처문서명,admin_rule,notice,,고시,nlic_admrul,norm:Notice,true,국토교통부,true,nlic_api_20260920k,,,DOC-000705,내용 다름(겹침 0%),2100000237012,2024-95,20240301,20240301,고시,고시|개인택시운송사업 면허의 양수요건 등 관련 교통안전교육에 관한 고시
DOC-002077,LAW-KR-000184,개인택시운송사업조합에서 급여를 받는 상근직 임원(지부장과 조합장 포함)의 대리운전 허용기준,v14_출처문서명,admin_rule,notice,,고시,nlic_admrul,norm:Notice,true,국토교통부,true,nlic_api_20260920k,,,,,2100000258828,2025-238,20250513,20250513,고시,고시|개인택시운송사업조합에서 급여를 받는 상근직 임원(지부장과 조합장 포함)의 대리운전 허용기준
DOC-002078,LAW-KR-000184,경인지방데이터청 공무용 차량 관리지침,v14_출처문서명,admin_rule,established_rule,,예규,nlic_admrul,norm:EstablishedRule,true,경인지방데이터청,true,nlic_api_20260920k,,,DOC-002414,내용 다름(겹침 0%),2100000281716,4,20260701,20260701,고시,고시|경인지방데이터청 공무용 차량 관리지침
DOC-002079,LAW-KR-000184,교통안전관리규정 심사지침,v14_출처문서명,admin_rule,notice,,고시,nlic_admrul,norm:Notice,true,국토교통부,true,nlic_api,DOC-000521,UNIT-0210932,DOC-000708,동일 사본,,,,,고시,고시|교통안전관리규정 심사지침
DOC-002080,LAW-KR-000184,농림축산검역본부 공용차량관리운영지침,v14_출처문서명,admin_rule,established_rule,,예규,nlic_admrul,norm:EstablishedRule,true,농림축산검역본부,true,nlic_api_20260920k,,,DOC-002417,내용 다름(겹침 0%),2100000192440,165,20200901,20200901,고시,고시|농림축산검역본부 공용차량관리운영지침
DOC-002081,LAW-KR-000184,마산지방해양수산청 공용차량 관리 및 운영지침,v14_출처문서명,admin_rule,established_rule,,예규,nlic_admrul,norm:EstablishedRule,true,마산지방해양수산청,true,nlic_api_20260920k,,,DOC-002422,내용 다름(겹침 0%),2100000206790,50,20211206,20211206,고시,고시|마산지방해양수산청 공용차량 관리 및 운영지침
DOC-002082,LAW-KR-000184,버스정보시스템의 기반정보 구축 및 관리요령,v14_출처문서명,admin_rule,notice,,고시,nlic_admrul,norm:Notice,true,국토교통부,true,nlic_api,,,DOC-000968,동일 사본,,,,,고시,고시|버스정보시스템의 기반정보 구축 및 관리요령
DOC-002083,LAW-KR-000184,부산지방해양수산청 공무용 차량 관리 지침,v14_출처문서명,admin_rule,established_rule,,예규,nlic_admrul,norm:EstablishedRule,true,부산지방해양수산청,true,nlic_api,,,DOC-002425,내용 다름(겹침 0%),,,,,고시,고시|부산지방해양수산청 공무용 차량 관리 지침
DOC-002084,LAW-KR-000184,사업용자동차 운전자 운전적성에 대한 정밀검사 관리규정,v14_출처문서명,admin_rule,notice,,고시,nlic_admrul,norm:Notice,true,국토교통부,true,nlic_api,DOC-000521,UNIT-0210392,,,,,,,고시,고시|사업용자동차 운전자 운전적성에 대한 정밀검사 관리규정
DOC-002085,LAW-KR-000184,수도권 공동주택 거주자를 위한 통근용 전세버스 운행가능 요건에 관한 고시,v14_출처문서명,admin_rule,notice,,고시,nlic_admrul,norm:Notice,true,국토교통부,true,nlic_api_20260920k,,,,,2100000268156,2025-477,20250829,20250829,고시,고시|수도권 공동주택 거주자를 위한 통근용 전세버스 운행가능 요건에 관한 고시
DOC-002086,LAW-KR-000184,실내공기질 관리를 위한 대중교통차량의 제작·운행 관리지침,v14_출처문서명,admin_rule,notice,,고시,nlic_admrul,norm:Notice,true,기후에너지환경부,true,nlic_api,DOC-000521,UNIT-0210313,DOC-001832,내용 다름(겹침 86%),,,,,고시,고시|실내공기질 관리를 위한 대중교통차량의 제작·운행 관리지침
DOC-002087,LAW-KR-000184,여객자동차 유가보조금 지급지침,v14_출처문서명,admin_rule,notice,,고시,nlic_admrul,norm:Notice,true,국토교통부,true,nlic_api,,,DOC-001029,동일 사본,,,,,고시,고시|여객자동차 유가보조금 지급지침
DOC-002088,LAW-KR-000184,여객자동차운송시장안정기여금의 납부 등에 관한 고시,v14_출처문서명,admin_rule,notice,,고시,nlic_admrul,norm:Notice,true,국토교통부,true,nlic_api_20260920k,,,,,2100000201150,2021-705,20210517,20210517,고시,고시|여객자동차운송시장안정기여금의 납부 등에 관한 고시
DOC-002089,LAW-KR-000184,여객자동차플랫폼운송사업의 허가 심의 요령,v14_출처문서명,admin_rule,notice,,고시,nlic_admrul,norm:Notice,true,국토교통부,true,nlic_api_20260920k,,,,,2100000201152,2021-706,20210517,20210517,고시,고시|여객자동차플랫폼운송사업의 허가 심의 요령
DOC-002090,LAW-KR-000184,운수종사자관리시스템의 구축·운영 및 이용방법 등에 관한 규정,v14_출처문서명,admin_rule,notice,,고시,nlic_admrul,norm:Notice,true,국토교통부,true,nlic_api_20260920k,,,,,2100000269330,2025-702,20251205,20251205,고시,고시|운수종사자관리시스템의 구축·운영 및 이용방법 등에 관한 규정
DOC-002091,LAW-KR-000184,자동차 공제사업 감독기준,v14_출처문서명,admin_rule,notice,,고시,nlic_admrul,norm:Notice,true,국토교통부,true,nlic_api_20260920k,,,,,2100000252262,2024-1072,20250101,20250101,고시,고시|자동차 공제사업 감독기준
DOC-002092,LAW-KR-000184,자동차 등록번호판 등의 기준에 관한 고시,v14_출처문서명,admin_rule,notice,,고시,nlic_admrul,norm:Notice,true,국토교통부,true,nlic_api_20260920k,,,,대표,2100000256300,2025-121,20250315,20250315,고시,고시|자동차 등록번호판 등의 기준에 관한 고시
DOC-002093,LAW-KR-000184,자동차 운행기록 및 장치에 관한 관리지침,v14_출처문서명,admin_rule,notice,,고시,nlic_admrul,norm:Notice,true,국토교통부,true,nlic_api,DOC-000521,UNIT-0210502,DOC-000709,동일 사본,,,,,고시,고시|자동차 운행기록 및 장치에 관한 관리지침
DOC-002094,LAW-KR-000184,자동차보험진료수가 심사업무처리에 관한 규정,v14_출처문서명,admin_rule,notice,,고시,nlic_admrul,norm:Notice,true,국토교통부,true,nlic_api,,,DOC-001427,동일 사본,,,,,고시,고시|자동차보험진료수가 심사업무처리에 관한 규정
DOC-002095,LAW-KR-000184,자동차보험진료수가에 관한 기준,v14_출처문서명,admin_rule,notice,,고시,nlic_admrul,norm:Notice,true,국토교통부,true,nlic_api,,,DOC-001428,동일 사본,,,,,고시,고시|자동차보험진료수가에 관한 기준
DOC-002096,LAW-KR-000184,자동차손해배상보장사업 업무처리규정,v14_출처문서명,admin_rule,established_rule,,예규,nlic_admrul,norm:EstablishedRule,true,국토교통부,true,nlic_api,,,DOC-001429,동일 사본,,,,,고시,고시|자동차손해배상보장사업 업무처리규정
DOC-002097,LAW-KR-000184,제작자동차 인증 및 검사 방법과 절차 등에 관한 규정,v14_출처문서명,admin_rule,notice,,고시,nlic_admrul,norm:Notice,true,기후에너지환경부,true,nlic_api,,,DOC-000917,동일 사본,,,,,고시,고시|제작자동차 인증 및 검사 방법과 절차 등에 관한 규정
DOC-002098,LAW-KR-000184,택시운송사업 운수종사자의 의료적성검사 관리규정,v14_출처문서명,admin_rule,notice,,고시,nlic_admrul,norm:Notice,true,국토교통부,true,nlic_api,DOC-000523,UNIT-0212539,,,,,,,고시,고시|택시운송사업 운수종사자의 의료적성검사 관리규정
DOC-002099,LAW-KR-000184,택시운송사업에 사용될 수 있는 환경친화적 자동차의 기준,v14_출처문서명,admin_rule,notice,,고시,nlic_admrul,norm:Notice,true,국토교통부,true,nlic_api_20260920k,,,,대표,2100000245518,2024-420,20240806,20240806,고시,고시|택시운송사업에 사용될 수 있는 환경친화적 자동차의 기준
DOC-002100,LAW-KR-000184,여객자동차터미널 구조 및 설비기준에 관한 규칙,v14_출처문서명,statutory,ministerial_ordinance,4,,by_layer,norm:SeparateMinisterialRule,true,,true,nlic_api_20260917,,,,,267089,01421,20241217,20241217,부령규칙,부령규칙|여객자동차터미널 구조 및 설비기준에 관한 규칙
DOC-002101,LAW-KR-000014,식품의약품안전처 소속기관 실험실 안전관리 규정,v14_출처문서명,admin_rule,established_rule,,예규,nlic_admrul,norm:EstablishedRule,true,식품의약품안전처,true,nlic_api,DOC-000039,UNIT-0023552,,,,,,,고시,고시|식품의약품안전처 소속기관 실험실 안전관리 규정
DOC-002102,LAW-KR-000014,식품의약품안전평가원 연구실 안전관리규정,v14_출처문서명,admin_rule,established_rule,,예규,nlic_admrul,norm:EstablishedRule,true,식품의약품안전평가원,true,nlic_api,DOC-000041,UNIT-0024171,,,,,,,고시,고시|식품의약품안전평가원 연구실 안전관리규정
DOC-002103,LAW-KR-000014,안전점검 및 정밀안전진단 실시결과와 실태조사 등의 검토기준 및 절차 등에 관한 고시,v14_출처문서명,admin_rule,notice,,고시,nlic_admrul,norm:Notice,true,과학기술정보통신부,true,nlic_api,DOC-000039,UNIT-0023567,,,,,,,고시,고시|안전점검 및 정밀안전진단 실시결과와 실태조사 등의 검토기준 및 절차 등에 관한 고시
DOC-002104,LAW-KR-000014,연구실 안전 및 유지관리비의 사용내역서 작성에 관한 세부기준,v14_출처문서명,admin_rule,notice,,고시,nlic_admrul,norm:Notice,true,과학기술정보통신부,true,nlic_api,DOC-000039,UNIT-0023552,,,,,,,고시,고시|연구실 안전 및 유지관리비의 사용내역서 작성에 관한 세부기준
DOC-002105,LAW-KR-000014,연구실사고에 대한 보상기준,v14_출처문서명,admin_rule,notice,,고시,nlic_admrul,norm:Notice,true,과학기술정보통신부,true,nlic_api,DOC-000041,UNIT-0024144,,,,,,,고시,고시|연구실사고에 대한 보상기준
DOC-002106,LAW-KR-000190,국공립어린이집 위탁체 선정관리 세부심사기준,v14_출처문서명,admin_rule,notice,,고시,nlic_admrul,norm:Notice,true,교육부,true,nlic_api_20260920k,,,,,2100000246658,2024-13,20240902,20240627,고시,고시|국공립어린이집 위탁체 선정관리 세부심사기준
DOC-002107,LAW-KR-000190,국방부 청사어린이집 운영 예규,v14_출처문서명,admin_rule,established_rule,,예규,nlic_admrul,norm:EstablishedRule,true,국방부,true,nlic_api,DOC-000538,UNIT-0218526,,,,,,,고시,고시|국방부 청사어린이집 운영 예규
DOC-002108,LAW-KR-000190,기초생활 부양의무자 재산의 소득환산액 기준 및 소득 차감금액,v14_출처문서명,admin_rule,notice,,고시,nlic_admrul,norm:Notice,true,보건복지부,true,nlic_api_20260920k,,,,,2100000179330,2019-107,20190610,20190701,고시,고시|기초생활 부양의무자 재산의 소득환산액 기준 및 소득 차감금액
DOC-002109,LAW-KR-000190,농림축산검역본부 어린이집 운영 규정,v14_출처문서명,admin_rule,established_rule,,예규,nlic_admrul,norm:EstablishedRule,true,농림축산검역본부,true,nlic_api,DOC-000538,UNIT-0218644,,,,,,,고시,고시|농림축산검역본부 어린이집 운영 규정
DOC-002110,LAW-KR-000190,대학생 현장실습학기제 운영규정,v14_출처문서명,admin_rule,notice,,고시,nlic_admrul,norm:Notice,true,교육부,true,nlic_api,,,DOC-001530,내용 다름(겹침 0%),,,,,고시,고시|대학생 현장실습학기제 운영규정
DOC-002111,LAW-KR-000190,사회보장급여 관련 공통서식에 관한 고시,v14_출처문서명,admin_rule,notice,,고시,nlic_admrul,norm:Notice,true,보건복지부,true,nlic_api_20260920k,,,DOC-000776,내용 다름(겹침 0%),2100000278060,2026-90,20260420,20260501,고시,고시|사회보장급여 관련 공통서식에 관한 고시
DOC-002112,LAW-KR-000190,사회보장급여의 제공·관리 및 사회보장정보시스템의 구축·운영에 필요한 정보,v14_출처문서명,admin_rule,notice,,고시,nlic_admrul,norm:Notice,true,보건복지부,true,nlic_api_20260920k,,,,대표,2100000202347,2021-182,20210628,20210628,고시,고시|사회보장급여의 제공·관리 및 사회보장정보시스템의 구축·운영에 필요한 정보
DOC-002113,LAW-KR-000190,양육수당의 지원 대상 및 기준 등에 관한 고시,v14_출처문서명,admin_rule,notice,,고시,nlic_admrul,norm:Notice,true,교육부,true,nlic_api_20260920k,,,,,2100000245622,2024-14,20240627,20240627,고시,고시|양육수당의 지원 대상 및 기준 등에 관한 고시
DOC-002114,LAW-KR-000190,어린이집 원장·교사의 영유아 생활지도에 관한 고시,v14_출처문서명,admin_rule,notice,,고시,nlic_admrul,norm:Notice,true,교육부,true,nlic_api_20260920k,,,,,2100000260694,2025-16,20250622,20250622,고시,고시|어린이집 원장·교사의 영유아 생활지도에 관한 고시
DOC-002115,LAW-KR-000190,어린이집의 원장과 보육교사의 자격기준 중 한국보육진흥원 직원의 경력인정 기준에 관한 고시,v14_출처문서명,admin_rule,notice,,고시,nlic_admrul,norm:Notice,true,교육부,true,nlic_api_20260920k,,,,,2100000247944,2024-15,20240627,20240627,고시,고시|어린이집의 원장과 보육교사의 자격기준 중 한국보육진흥원 직원의 경력인정 기준에 관한 고시
DOC-002116,LAW-KR-000190,임상영양사 자격시험 응시를 위한 실무경력 인정기준,v14_출처문서명,admin_rule,notice,,고시,nlic_admrul,norm:Notice,true,보건복지부,true,nlic_api,,,DOC-001786,동일 사본,,,,,고시,고시|임상영양사 자격시험 응시를 위한 실무경력 인정기준
DOC-002117,LAW-KR-000190,임신ㆍ출산 관련 서비스 통합처리에 관한 규정,v14_출처문서명,admin_rule,established_rule,,예규,nlic_admrul,norm:EstablishedRule,true,행정안전부,true,nlic_api,,,DOC-001034,동일 사본,,,,,고시,고시|임신ㆍ출산 관련 서비스 통합처리에 관한 규정
DOC-002118,LAW-KR-000190,장애영유아를 위한 보육교사 자격검정을 위한 업무 위탁기관 지정 및 자격검정절차 등에 관한 고시,v14_출처문서명,admin_rule,notice,,고시,nlic_admrul,norm:Notice,true,교육부,true,nlic_api_20260920k,,,,,2100000259452,2025-14,20250526,20250526,고시,고시|장애영유아를 위한 보육교사 자격검정을 위한 업무 위탁기관 지정 및 자격검정절차 등에 관한 고시
DOC-002119,LAW-KR-000190,종합환경연구단지어린이집 운영 및 관리 규정,v14_출처문서명,admin_rule,established_rule,,예규,nlic_admrul,norm:EstablishedRule,true,국립환경과학원,true,nlic_api,DOC-000538,UNIT-0218464,,,,,,,고시,고시|종합환경연구단지어린이집 운영 및 관리 규정
DOC-002120,LAW-KR-000190,직장어린이집 등 설치·운영 규정,v14_출처문서명,admin_rule,established_rule,,예규,nlic_admrul,norm:EstablishedRule,true,고용노동부,true,nlic_api_20260920k,,,,,2100000264056,236,20250909,20250909,고시,고시|직장어린이집 등 설치·운영 규정
DOC-002121,LAW-KR-000190,환경정보 공개제도 운영규정,v14_출처문서명,admin_rule,notice,,고시,nlic_admrul,norm:Notice,true,기후에너지환경부,true,nlic_api_20260920k,,,,대표,2100000268514,2021-274,20251001,20251007,고시,고시|환경정보 공개제도 운영규정
DOC-002122,LAW-KR-000069,특정물질 제조·수입 부담금의 징수금액 및 징수방법 등에 관한 고시,v14_출처문서명,admin_rule,notice,,고시,nlic_admrul,norm:Notice,true,산업통상부,true,nlic_api_20260920k,,,,,2100000243032,2024-109,20240625,20240701,고시,고시|특정물질 제조·수입 부담금의 징수금액 및 징수방법 등에 관한 고시
DOC-002123,LAW-KR-000019,개인 피폭방사선량의 평가 및 관리에 관한 규정,v14_출처문서명,admin_rule,notice,,고시,nlic_admrul,norm:Notice,true,원자력안전위원회,true,nlic_api,DOC-000055,UNIT-0029198,,,,,,,고시,고시|개인 피폭방사선량의 평가 및 관리에 관한 규정
DOC-002124,LAW-KR-000019,국제규제물자의 대상에 관한 규정,v14_출처문서명,admin_rule,notice,,고시,nlic_admrul,norm:Notice,true,원자력안전위원회,true,nlic_api,DOC-000056,UNIT-0030436,,,,,,,고시,고시|국제규제물자의 대상에 관한 규정
DOC-002125,LAW-KR-000019,내부피폭방사선량의 측정 및 산출에 관한 규정,v14_출처문서명,admin_rule,notice,,고시,nlic_admrul,norm:Notice,true,원자력안전위원회,true,nlic_api,DOC-000056,UNIT-0029880,,,,,,,고시,고시|내부피폭방사선량의 측정 및 산출에 관한 규정
DOC-002126,LAW-KR-000019,방사선 안전관리 등의 기술기준에 관한 규칙,v14_출처문서명,admin_rule,admin_regulation,,규칙,nlic_admrul,norm:AdminRegulation,true,원자력안전위원회,true,nlic_api,DOC-000054,UNIT-0028125,,,,,,,고시,고시|방사선 안전관리 등의 기술기준에 관한 규칙
DOC-002127,LAW-KR-000019,방사선안전관리 업무대행 권역구분 및 업무대행규정 작성지침,v14_출처문서명,admin_rule,notice,,고시,nlic_admrul,norm:Notice,true,원자력안전위원회,true,nlic_api,DOC-000056,UNIT-0030994,,,,,,,고시,고시|방사선안전관리 업무대행 권역구분 및 업무대행규정 작성지침
DOC-002128,LAW-KR-000019,방사선안전보고서 작성지침,v14_출처문서명,admin_rule,notice,,고시,nlic_admrul,norm:Notice,true,원자력안전위원회,true,nlic_api,DOC-000056,UNIT-0030824,,,,,,,고시,고시|방사선안전보고서 작성지침
DOC-002129,LAW-KR-000019,방사성동위원소등의 생산에 관한 기준,v14_출처문서명,admin_rule,notice,,고시,nlic_admrul,norm:Notice,true,원자력안전위원회,true,nlic_api,DOC-000054,UNIT-0028195,,,,,,,고시,고시|방사성동위원소등의 생산에 관한 기준
DOC-002130,LAW-KR-000019,방사성물질 운반용기의 제작검사 및 사용검사에 관한 규정,v14_출처문서명,admin_rule,notice,,고시,nlic_admrul,norm:Notice,true,원자력안전위원회,true,nlic_api,DOC-000056,UNIT-0029737,,,,,,,고시,고시|방사성물질 운반용기의 제작검사 및 사용검사에 관한 규정
DOC-002131,LAW-KR-000019,방사성물질등의 포장 및 운반에 관한 규정,v14_출처문서명,admin_rule,notice,,고시,nlic_admrul,norm:Notice,true,원자력안전위원회,true,nlic_api,DOC-000054,UNIT-0027854,,,,,,,고시,고시|방사성물질등의 포장 및 운반에 관한 규정
DOC-002132,LAW-KR-000019,방사성폐기물 분류 및 자체처분 기준에 관한 규정,v14_출처문서명,admin_rule,notice,,고시,nlic_admrul,norm:Notice,true,원자력안전위원회,true,nlic_api,DOC-000055,UNIT-0029193,,,,,,,고시,고시|방사성폐기물 분류 및 자체처분 기준에 관한 규정
DOC-002133,LAW-KR-000019,사고관리 범위 및 사고관리능력 평가의 세부기준에 관한 규정,v14_출처문서명,admin_rule,notice,,고시,nlic_admrul,norm:Notice,true,원자력안전위원회,true,nlic_api,DOC-000056,UNIT-0030700,,,,,,,고시,고시|사고관리 범위 및 사고관리능력 평가의 세부기준에 관한 규정
DOC-002134,LAW-KR-000019,사고관리계획서 작성방법에 관한 규정,v14_출처문서명,admin_rule,notice,,고시,nlic_admrul,norm:Notice,true,원자력안전위원회,true,nlic_api,DOC-000054,UNIT-0027510,,,,,,,고시,고시|사고관리계획서 작성방법에 관한 규정
DOC-002135,LAW-KR-000019,사용후핵연료 인도규정,v14_출처문서명,admin_rule,notice,,고시,nlic_admrul,norm:Notice,true,원자력안전위원회,true,nlic_api,DOC-000054,UNIT-0028345,,,,,,,고시,고시|사용후핵연료 인도규정
DOC-002136,LAW-KR-000019,사용후핵연료 저장용기등의 안전성분석보고서 작성지침 등에 관한 규정,v14_출처문서명,admin_rule,notice,,고시,nlic_admrul,norm:Notice,true,원자력안전위원회,true,nlic_api,DOC-000054,UNIT-0028366,,,,,,,고시,고시|사용후핵연료 저장용기등의 안전성분석보고서 작성지침 등에 관한 규정
DOC-002137,LAW-KR-000019,사용후핵연료 중간저장시설 안전성분석보고서 작성지침,v14_출처문서명,admin_rule,notice,,고시,nlic_admrul,norm:Notice,true,원자력안전위원회,true,nlic_api,DOC-000054,UNIT-0028271,,,,,,,고시,고시|사용후핵연료 중간저장시설 안전성분석보고서 작성지침
DOC-002138,LAW-KR-000019,식품의약품안전평가원 방사선안전관리규정,v14_출처문서명,admin_rule,established_rule,,예규,nlic_admrul,norm:EstablishedRule,true,식품의약품안전평가원,true,nlic_api,DOC-000054,UNIT-0028422,,,,,,,고시,고시|식품의약품안전평가원 방사선안전관리규정
DOC-002139,LAW-KR-000019,안전관리규정 작성지침,v14_출처문서명,admin_rule,notice,,고시,nlic_admrul,norm:Notice,true,원자력안전위원회,true,nlic_api,DOC-000056,UNIT-0030836,,,,,,,고시,고시|안전관리규정 작성지침
DOC-002140,LAW-KR-000019,외부피폭선량 판독에 관한 품질보증계획서 작성 기준,v14_출처문서명,admin_rule,notice,,고시,nlic_admrul,norm:Notice,true,원자력안전위원회,true,nlic_api,DOC-000054,UNIT-0028373,,,,,,,고시,고시|외부피폭선량 판독에 관한 품질보증계획서 작성 기준
DOC-002141,LAW-KR-000019,원자력이용시설 방사선환경영향평가서 작성 등에 관한 규정,v14_출처문서명,admin_rule,notice,,고시,nlic_admrul,norm:Notice,true,원자력안전위원회,true,nlic_api,DOC-000056,UNIT-0030563,,,,,,,고시,고시|원자력이용시설 방사선환경영향평가서 작성 등에 관한 규정
DOC-002142,LAW-KR-000019,원자력이용시설 주변의 방사선환경조사 및 방사선환경영향평가에 관한 규정,v14_출처문서명,admin_rule,notice,,고시,nlic_admrul,norm:Notice,true,원자력안전위원회,true,nlic_api,DOC-000056,UNIT-0029992,,,,,,,고시,고시|원자력이용시설 주변의 방사선환경조사 및 방사선환경영향평가에 관한 규정
DOC-002143,LAW-KR-000019,원자력이용시설 해체계획서 등의 작성에 관한 규정,v14_출처문서명,admin_rule,notice,,고시,nlic_admrul,norm:Notice,true,원자력안전위원회,true,nlic_api,DOC-000054,UNIT-0027541,,,,,,,고시,고시|원자력이용시설 해체계획서 등의 작성에 관한 규정
DOC-002144,LAW-KR-000019,원자력이용시설 해체상황 확인·점검 방법 등에 관한 규정,v14_출처문서명,admin_rule,notice,,고시,nlic_admrul,norm:Notice,true,원자력안전위원회,true,nlic_api,DOC-000056,UNIT-0030376,,,,,,,고시,고시|원자력이용시설 해체상황 확인·점검 방법 등에 관한 규정
DOC-002145,LAW-KR-000019,원자력이용시설 해체완료 후 부지 및 잔존건물의 재이용을 위한 기준,v14_출처문서명,admin_rule,notice,,고시,nlic_admrul,norm:Notice,true,원자력안전위원회,true,nlic_api,DOC-000056,UNIT-0030395,,,,,,,고시,고시|원자력이용시설 해체완료 후 부지 및 잔존건물의 재이용을 위한 기준
DOC-002146,LAW-KR-000019,원자로시설의 계속운전 평가를 위한 기술기준 적용에 관한 지침,v14_출처문서명,admin_rule,notice,,고시,nlic_admrul,norm:Notice,true,원자력안전위원회,true,nlic_api,DOC-000056,UNIT-0030358,,,,,,,고시,고시|원자로시설의 계속운전 평가를 위한 기술기준 적용에 관한 지침
DOC-002147,LAW-KR-000019,원자로시설의 설치 및 운영에 관한 기술능력설명서 작성에 관한 규정,v14_출처문서명,admin_rule,notice,,고시,nlic_admrul,norm:Notice,true,원자력안전위원회,true,nlic_api,DOC-000054,UNIT-0027856,,,,,,,고시,고시|원자로시설의 설치 및 운영에 관한 기술능력설명서 작성에 관한 규정
DOC-002148,LAW-KR-000019,원자로시설의 정기검사 대상 및 방법에 관한 규정,v14_출처문서명,admin_rule,notice,,고시,nlic_admrul,norm:Notice,true,원자력안전위원회,true,nlic_api,DOC-000056,UNIT-0030211,,,,,,,고시,고시|원자로시설의 정기검사 대상 및 방법에 관한 규정
DOC-002149,LAW-KR-000019,중·저준위 방사성폐기물 인도규정,v14_출처문서명,admin_rule,notice,,고시,nlic_admrul,norm:Notice,true,원자력안전위원회,true,nlic_api,DOC-000054,UNIT-0028345,,,,,,,고시,고시|중·저준위 방사성폐기물 인도규정
DOC-002150,LAW-KR-000019,중·저준위 방사성폐기물 처분시설에 관한 방사선 위해방지기준,v14_출처문서명,admin_rule,notice,,고시,nlic_admrul,norm:Notice,true,원자력안전위원회,true,nlic_api,DOC-000054,UNIT-0028275,,,,,,,고시,고시|중·저준위 방사성폐기물 처분시설에 관한 방사선 위해방지기준
DOC-002151,LAW-KR-000019,중·저준위 방사성폐기물 천층처분시설의 구조 및 설비에 관한 기준,v14_출처문서명,admin_rule,notice,,고시,nlic_admrul,norm:Notice,true,원자력안전위원회,true,nlic_api,,,,,,,,,고시,고시|중·저준위 방사성폐기물 천층처분시설의 구조 및 설비에 관한 기준
DOC-002152,LAW-KR-000019,중·저준위방사성폐기물 소각기준,v14_출처문서명,admin_rule,notice,,고시,nlic_admrul,norm:Notice,true,원자력안전위원회,true,nlic_api,DOC-000435,UNIT-0185332,,,,,,,고시,고시|중·저준위방사성폐기물 소각기준
DOC-002153,LAW-KR-000019,특정핵물질의 계량관리규정 작성에 관한 규정,v14_출처문서명,admin_rule,notice,,고시,nlic_admrul,norm:Notice,true,원자력안전위원회,true,nlic_api,DOC-000056,UNIT-0029946,,,,,,,고시,고시|특정핵물질의 계량관리규정 작성에 관한 규정
DOC-002154,LAW-KR-000019,판독업무 등록기준 및 검사에 관한 규정,v14_출처문서명,admin_rule,notice,,고시,nlic_admrul,norm:Notice,true,원자력안전위원회,true,nlic_api,DOC-000055,UNIT-0028730,,,,,,,고시,고시|판독업무 등록기준 및 검사에 관한 규정
DOC-002155,LAW-KR-000019,핵물질 수출입요건확인 요령,v14_출처문서명,admin_rule,notice,,고시,nlic_admrul,norm:Notice,true,원자력안전위원회,true,nlic_api,DOC-000054,UNIT-0027835,,,,,,,고시,고시|핵물질 수출입요건확인 요령
DOC-002156,LAW-KR-000012,위험물 운송·운반 시의 위험성 경고표지에 관한 기준,v14_출처문서명,admin_rule,notice,,고시,nlic_admrul,norm:Notice,true,소방청,true,nlic_api,,,,,,,,,고시,고시|위험물 운송·운반 시의 위험성 경고표지에 관한 기준
DOC-002157,LAW-KR-000012,위험물안전관리에 관한 세부기준,v14_출처문서명,admin_rule,notice,,고시,nlic_admrul,norm:Notice,true,소방청,true,nlic_api,DOC-000034,UNIT-0021413,,,,,,,고시,고시|위험물안전관리에 관한 세부기준
DOC-002158,LAW-KR-000012,위험물의 분류 및 표지에 관한 기준,v14_출처문서명,admin_rule,notice,,고시,nlic_admrul,norm:Notice,true,소방청,true,nlic_api,DOC-000033,UNIT-0021183,,,,,,,고시,고시|위험물의 분류 및 표지에 관한 기준
DOC-002159,LAW-KR-000117,(강릉해양경찰서) 유선 및 유선장 게시사항과 게시장소에 관한 고시,v14_출처문서명,admin_rule,notice,,고시,nlic_admrul,norm:Notice,true,강릉해양경찰서,true,nlic_api_20260920k,,,,,2100000262074,2025-4,20250723,20250723,고시,고시|(강릉해양경찰서) 유선 및 유선장 게시사항과 게시장소에 관한 고시
DOC-002160,LAW-KR-000117,(군산해양경찰서) 유선·도선 및 유선장·도선장의 게시사항 및 게시 장소에 관한 고시,v14_출처문서명,admin_rule,notice,,고시,nlic_admrul,norm:Notice,true,군산해양경찰서,true,nlic_api_20260920k,,,,,2100000236518,2024-1,20240219,20240219,고시,고시|(군산해양경찰서) 유선·도선 및 유선장·도선장의 게시사항 및 게시 장소에 관한 고시
DOC-002161,LAW-KR-000117,(동해해양경찰서) 유·도선 및 유·도선장 게시사항 및 게시장소에 관한 고시,v14_출처문서명,admin_rule,notice,,고시,nlic_admrul,norm:Notice,true,동해해양경찰서,true,nlic_api_20260920k,,,,,2100000246706,2024-2,20240903,20240909,고시,고시|(동해해양경찰서) 유·도선 및 유·도선장 게시사항 및 게시장소에 관한 고시
DOC-002162,LAW-KR-000117,(보령해양경찰서) 유선·도선 및 유선장·도선장 게시사항 및 게시장소에 관한 고시,v14_출처문서명,admin_rule,notice,,고시,nlic_admrul,norm:Notice,true,보령해양경찰서,true,nlic_api_20260920k,,,,,2100000270282,2025-1,20251224,20251224,고시,고시|(보령해양경찰서) 유선·도선 및 유선장·도선장 게시사항 및 게시장소에 관한 고시
DOC-002163,LAW-KR-000117,(부산해양경찰서) 유선 및 유선장의 게시사항 및 게시장소에 관한 고시,v14_출처문서명,admin_rule,notice,,고시,nlic_admrul,norm:Notice,true,부산해양경찰서,true,nlic_api_20260920k,,,,,2100000247554,2024-2,20240924,20240924,고시,고시|(부산해양경찰서) 유선 및 유선장의 게시사항 및 게시장소에 관한 고시
DOC-002164,LAW-KR-000117,(사천해양경찰서) 유선·도선 및 유선장·도선장 게시사항 및 게시장소에 관한 고시,v14_출처문서명,admin_rule,notice,,고시,nlic_admrul,norm:Notice,true,사천해양경찰서,true,nlic_api_20260920k,,,,,2100000260932,2025-3,20250701,20250701,고시,고시|(사천해양경찰서) 유선·도선 및 유선장·도선장 게시사항 및 게시장소에 관한 고시
DOC-002165,LAW-KR-000117,(속초해양경찰서) 유선 및 도선의 안전운항 등에 관한 지침,v14_출처문서명,admin_rule,notice,,고시,nlic_admrul,norm:Notice,true,속초해양경찰서,true,nlic_api,DOC-000323,UNIT-0125798,,,,,,,고시,고시|(속초해양경찰서) 유선 및 도선의 안전운항 등에 관한 지침
DOC-002166,LAW-KR-000117,(속초해양경찰서) 유선·도선 및 유선장·도선장 게시사항 및 게시장소에 관한 고시,v14_출처문서명,admin_rule,notice,,고시,nlic_admrul,norm:Notice,true,속초해양경찰서,true,nlic_api_20260920k,,,,,2100000233964,2023-2,20231229,20240104,고시,고시|(속초해양경찰서) 유선·도선 및 유선장·도선장 게시사항 및 게시장소에 관한 고시
DOC-002167,LAW-KR-000117,(여수해양경찰서) 유선ㆍ도선 및 유선장ㆍ도선장 게시사항 및 게시장소에 관한 고시,v14_출처문서명,admin_rule,notice,,고시,nlic_admrul,norm:Notice,true,여수해양경찰서,true,nlic_api_20260920k,,,,,2100000281034,2026-1,20260622,20260622,고시,고시|(여수해양경찰서) 유선ㆍ도선 및 유선장ㆍ도선장 게시사항 및 게시장소에 관한 고시
DOC-002168,LAW-KR-000117,(완도해양경찰서) 유선·도선 및 유선장·도선장 게시사항 및 게시장소 고시에 관한 고시,v14_출처문서명,admin_rule,notice,,고시,nlic_admrul,norm:Notice,true,완도해양경찰서,true,nlic_api_20260920k,,,,,2100000226866,2023-2,20230719,20230719,고시,고시|(완도해양경찰서) 유선·도선 및 유선장·도선장 게시사항 및 게시장소 고시에 관한 고시
DOC-002169,LAW-KR-000117,(울산해양경찰서) 유선 및 유선장의 게시사항 및 게시장소에 관한 고시,v14_출처문서명,admin_rule,notice,,고시,nlic_admrul,norm:Notice,true,울산해양경찰서,true,nlic_api_20260920k,,,,,2100000185495,2020-1,20200103,20200103,고시,고시|(울산해양경찰서) 유선 및 유선장의 게시사항 및 게시장소에 관한 고시
DOC-002170,LAW-KR-000117,(인천해양경찰서) 유·도선 및 유·도선장 게시사항 및 게시장소에 관한 고시,v14_출처문서명,admin_rule,notice,,고시,nlic_admrul,norm:Notice,true,인천해양경찰서,true,nlic_api_20260920k,,,,,2100000281610,2026-2,20260630,20260630,고시,고시|(인천해양경찰서) 유·도선 및 유·도선장 게시사항 및 게시장소에 관한 고시
DOC-002171,LAW-KR-000117,(창원해양경찰서) 유선 및 도선의 안전운항 등에 관한 지침,v14_출처문서명,admin_rule,notice,,고시,nlic_admrul,norm:Notice,true,창원해양경찰서,true,nlic_api,DOC-000323,UNIT-0125798,,,,,,,고시,고시|(창원해양경찰서) 유선 및 도선의 안전운항 등에 관한 지침
DOC-002172,LAW-KR-000117,(창원해양경찰서) 유선·도선 및 유선장·도선장 게시사항 및 게시장소에 관한 고시,v14_출처문서명,admin_rule,notice,,고시,nlic_admrul,norm:Notice,true,창원해양경찰서,true,nlic_api_20260920k,,,,,2100000226190,2023-12,20230705,20230705,고시,고시|(창원해양경찰서) 유선·도선 및 유선장·도선장 게시사항 및 게시장소에 관한 고시
DOC-002173,LAW-KR-000117,(태안해양경찰서) 유선·도선 및 유선장·도선장 게시사항 및 게시장소에 관한 고시,v14_출처문서명,admin_rule,notice,,고시,nlic_admrul,norm:Notice,true,태안해양경찰서,true,nlic_api_20260920k,,,,,2100000227892,2023-21,20230814,20230814,고시,고시|(태안해양경찰서) 유선·도선 및 유선장·도선장 게시사항 및 게시장소에 관한 고시
DOC-002174,LAW-KR-000117,(통영해양경찰서) 유선·도선 및 유선장·도선장 게시사항 및 게시장소에 관한 고시,v14_출처문서명,admin_rule,notice,,고시,nlic_admrul,norm:Notice,true,통영해양경찰서,true,nlic_api_20260920k,,,,,2100000281440,2026-1,20260701,20260701,고시,고시|(통영해양경찰서) 유선·도선 및 유선장·도선장 게시사항 및 게시장소에 관한 고시
DOC-002175,LAW-KR-000117,(평택해양경찰서) 유선·도선 및 유선장·도선장 게시사항 및 게시장소에 관한 고시,v14_출처문서명,admin_rule,notice,,고시,nlic_admrul,norm:Notice,true,평택해양경찰서,true,nlic_api_20260920k,,,,,2100000230580,2023-9,20231019,20231019,고시,고시|(평택해양경찰서) 유선·도선 및 유선장·도선장 게시사항 및 게시장소에 관한 고시
DOC-002176,LAW-KR-000117,(포항해양경찰서) 유선·도선 및 유선장·도선장 게시사항과 게시장소에 관한 고시,v14_출처문서명,admin_rule,notice,,고시,nlic_admrul,norm:Notice,true,포항해양경찰서,true,nlic_api_20260920k,,,,,2100000231416,2023-27,20231114,20231114,고시,고시|(포항해양경찰서) 유선·도선 및 유선장·도선장 게시사항과 게시장소에 관한 고시
DOC-002177,LAW-KR-000117,선령기준 초과 유선 및 도선의 선박검사 및 선박관리평가 기준,v14_출처문서명,admin_rule,notice,,고시,nlic_admrul,norm:Notice,true,행정안전부,true,nlic_api,DOC-000322,UNIT-0125729,,,,,,,고시,고시|선령기준 초과 유선 및 도선의 선박검사 및 선박관리평가 기준
DOC-002178,LAW-KR-000117,유·도선의 규격 및 시설·설비기준,v14_출처문서명,admin_rule,notice,,고시,nlic_admrul,norm:Notice,true,행정안전부,true,nlic_api,DOC-000323,UNIT-0125810,DOC-002853,내용 다름(겹침 67%),,,,,고시,고시|유·도선의 규격 및 시설·설비기준
DOC-002179,LAW-KR-000117,플레저보트 검사기준,v14_출처문서명,admin_rule,notice,,고시,nlic_admrul,norm:Notice,true,해양수산부,true,nlic_api,DOC-000322,UNIT-0125596,,,,,,,고시,고시|플레저보트 검사기준
DOC-002180,LAW-KR-000117,해양수산부장관이 지정하는 해운관련업을 경영하는 자의 범위,v14_출처문서명,admin_rule,notice,,고시,nlic_admrul,norm:Notice,true,해양수산부,true,nlic_api,,,DOC-001358,동일 사본,,,,,고시,고시|해양수산부장관이 지정하는 해운관련업을 경영하는 자의 범위
DOC-002181,LAW-KR-000126,119종합상황실 표준 운영규정,v14_출처문서명,admin_rule,established_rule,,예규,nlic_admrul,norm:EstablishedRule,true,소방청,true,nlic_api,DOC-000349,UNIT-0139361,,대표,,,,,고시,고시|119종합상황실 표준 운영규정
DOC-002182,LAW-KR-000126,1급 응급구조사 양성대학 지정기준의 세부사항 고시,v14_출처문서명,admin_rule,notice,,고시,nlic_admrul,norm:Notice,true,보건복지부,true,nlic_api_20260920k,,,,,2100000274030,2026-17,20260130,20260131,고시,고시|1급 응급구조사 양성대학 지정기준의 세부사항 고시
DOC-002183,LAW-KR-000126,「의료평가통합정보시스템의 구축·운영 등에 관한 세부사항」,v14_출처문서명,admin_rule,notice,,고시,nlic_admrul,norm:Notice,true,보건복지부,true,nlic_api_20260920k,,,,대표,2100000275884,2026-54,20260316,20260316,고시,고시|「의료평가통합정보시스템의 구축·운영 등에 관한 세부사항」
DOC-002184,LAW-KR-000126,교정기관 공무용 차량 관리 지침,v14_출처문서명,admin_rule,established_rule,,예규,nlic_admrul,norm:EstablishedRule,true,법무부,true,nlic_api,DOC-000359,UNIT-0146138,,대표,,,,,고시,고시|교정기관 공무용 차량 관리 지침
DOC-002185,LAW-KR-000126,국가항공안전프로그램,v14_출처문서명,admin_rule,notice,,고시,nlic_admrul,norm:Notice,true,국토교통부,true,nlic_api,,,DOC-003110,내용 다름(겹침 0%),,,,,고시,고시|국가항공안전프로그램
DOC-002186,LAW-KR-000126,국립중앙박물관 응급대기실 운영규정,v14_출처문서명,admin_rule,established_rule,,예규,nlic_admrul,norm:EstablishedRule,true,국립중앙박물관,true,nlic_api,DOC-000349,UNIT-0139225,,,,,,,고시,고시|국립중앙박물관 응급대기실 운영규정
DOC-002187,LAW-KR-000126,국립춘천병원 입원환자 이송규정,v14_출처문서명,admin_rule,established_rule,,예규,nlic_admrul,norm:EstablishedRule,true,국립춘천병원,true,nlic_api,,,,,,,,,고시,고시|국립춘천병원 입원환자 이송규정
DOC-002188,LAW-KR-000126,국립해양유산연구소 수중유산 조사현장 안전관리 규정,v14_출처문서명,admin_rule,notice,,지침,nlic_admrul_미배치,norm:AdministrativeRule,true,국립해양유산연구소,true,nlic_api,DOC-000057,UNIT-0031751,,,,,,,고시,고시|국립해양유산연구소 수중유산 조사현장 안전관리 규정
DOC-002189,LAW-KR-000126,국민 응급처치 교육장비와 인력 등에 관한 기준 고시,v14_출처문서명,admin_rule,notice,,고시,nlic_admrul,norm:Notice,true,소방청,true,nlic_api_20260920k,,,,대표,2100000179664,2019-44,20190626,20190626,고시,고시|국민 응급처치 교육장비와 인력 등에 관한 기준 고시
DOC-002190,LAW-KR-000126,"도심항공교통 실증사업구역 지정, 변경 및 해제에 관한 기준",v14_출처문서명,admin_rule,notice,,고시,nlic_admrul,norm:Notice,true,국토교통부,true,nlic_api_20260920k,,,,,2100000244870,2024-401,20240723,20240723,고시,"고시|도심항공교통 실증사업구역 지정, 변경 및 해제에 관한 기준"
DOC-002191,LAW-KR-000126,면허·자격 증명 발급규정,v14_출처문서명,admin_rule,established_rule,,예규,nlic_admrul,norm:EstablishedRule,true,보건복지부,true,nlic_api,,,DOC-001891,동일 사본,,,,,고시,고시|면허·자격 증명 발급규정
DOC-002192,LAW-KR-000126,보건의료인국가시험 응시자격 관련 외국 학교 등 인정기준,v14_출처문서명,admin_rule,notice,,고시,nlic_admrul,norm:Notice,true,보건복지부,true,nlic_api,,,DOC-001896,동일 사본,,,,,고시,고시|보건의료인국가시험 응시자격 관련 외국 학교 등 인정기준
DOC-002193,LAW-KR-000126,산업재해보상보험 요양급여 산정기준,v14_출처문서명,admin_rule,notice,,고시,nlic_admrul,norm:Notice,true,고용노동부,true,nlic_api_20260920k,,,,,2100000271506,2025-93,20251231,20260101,고시,고시|산업재해보상보험 요양급여 산정기준
DOC-002194,LAW-KR-000126,생산·수입 중단 보고대상 의료기기 및 보고 방법,v14_출처문서명,admin_rule,notice,,고시,nlic_admrul,norm:Notice,true,식품의약품안전처,true,nlic_api_20260920k,,,,대표,2100000270716,2025-84,20251219,20251219,고시,고시|생산·수입 중단 보고대상 의료기기 및 보고 방법
DOC-002195,LAW-KR-000126,요양급여비용 심사·지급업무 처리기준,v14_출처문서명,admin_rule,notice,,고시,nlic_admrul,norm:Notice,true,보건복지부,true,nlic_api,,,DOC-001069,동일 사본,,,,,고시,고시|요양급여비용 심사·지급업무 처리기준
DOC-002196,LAW-KR-000126,응급의료분야 의료취약지 지정,v14_출처문서명,admin_rule,notice,,고시,nlic_admrul,norm:Notice,true,보건복지부,true,nlic_api_20260920k,,,,,2100000251880,2024-261,20241230,20241230,고시,고시|응급의료분야 의료취약지 지정
DOC-002197,LAW-KR-000126,응급의료비 미수금 대지급청구 심사기준,v14_출처문서명,admin_rule,notice,,고시,nlic_admrul,norm:Notice,true,보건복지부,true,nlic_api_20260920k,,,,,2100000201381,2021-151,20210601,20210601,고시,고시|응급의료비 미수금 대지급청구 심사기준
DOC-002198,LAW-KR-000126,의료급여수가의 기준 및 일반기준,v14_출처문서명,admin_rule,notice,,고시,nlic_admrul,norm:Notice,true,보건복지부,true,nlic_api_20260920k,,,,대표,2100000281444,2026-138,20260629,20260701,고시,고시|의료급여수가의 기준 및 일반기준
DOC-002199,LAW-KR-000126,의료기기 수입요건확인 면제 등에 관한 규정,v14_출처문서명,admin_rule,notice,,고시,nlic_admrul,norm:Notice,true,식품의약품안전처,true,nlic_api,,,DOC-001943,동일 사본,,,,,고시,고시|의료기기 수입요건확인 면제 등에 관한 규정
DOC-002200,LAW-KR-000126,자격인증기관 유지·관리에 관한 규칙,v14_출처문서명,admin_rule,established_rule,,예규,nlic_admrul,norm:EstablishedRule,true,해양경찰교육원,true,nlic_api,,,DOC-001536,동일 사본,,,,,고시,고시|자격인증기관 유지·관리에 관한 규칙
DOC-002201,LAW-KR-000126,지역의사의 의무복무에 관한 고시,v14_출처문서명,admin_rule,notice,,고시,nlic_admrul,norm:Notice,true,보건복지부,true,nlic_api_20260920k,,,,,2100000278484,2026-98,20260430,20260430,고시,고시|지역의사의 의무복무에 관한 고시
DOC-002202,LAW-KR-000126,구급차의 기준 및 응급환자이송업의 시설 등 기준에 관한 규칙,v14_출처문서명,statutory,ministerial_ordinance,4,,by_layer,norm:SeparateMinisterialRule,true,,true,nlic_api,,,,,,,,,부령규칙,부령규칙|구급차의 기준 및 응급환자이송업의 시설 등 기준에 관한 규칙
DOC-002203,LAW-KR-000034,(농림축산검역본부) 신약 등의 재심사 기준,v14_출처문서명,admin_rule,notice,,고시,nlic_admrul,norm:Notice,true,농림축산검역본부,true,nlic_api,,,DOC-001851,동일 사본,,,,,고시,고시|(농림축산검역본부) 신약 등의 재심사 기준
DOC-002204,LAW-KR-000034,(보건복지부) 의료기기 허가·신의료기술평가 등 통합운영에 관한 규정,v14_출처문서명,admin_rule,notice,,고시,nlic_admrul,norm:Notice,true,보건복지부,true,nlic_api_20260920k,,,,,2100000194649,2020-249,20201110,20201110,고시,고시|(보건복지부) 의료기기 허가·신의료기술평가 등 통합운영에 관한 규정
DOC-002205,LAW-KR-000034,(식품의약품안전처) 의료기기 허가·신의료기술평가 등 통합운영에 관한 규정,v14_출처문서명,admin_rule,notice,,고시,nlic_admrul,norm:Notice,true,식품의약품안전처,true,nlic_api_20260920k,,,,,2100000194564,2020-108,20201110,20201110,고시,고시|(식품의약품안전처) 의료기기 허가·신의료기술평가 등 통합운영에 관한 규정
DOC-002206,LAW-KR-000034,119감염관리실 설치ㆍ운영에 관한 규정,v14_출처문서명,admin_rule,established_rule,,예규,nlic_admrul,norm:EstablishedRule,true,소방청,true,nlic_api,DOC-000233,UNIT-0097507,,대표,,,,,고시,고시|119감염관리실 설치ㆍ운영에 관한 규정
DOC-002207,LAW-KR-000034,간이측정기 및 미세먼지 간이측정기 성능인증 등에 관한 고시,v14_출처문서명,admin_rule,notice,,고시,nlic_admrul,norm:Notice,true,국립환경과학원,true,nlic_api,,,DOC-001183,동일 사본,,,,,고시,고시|간이측정기 및 미세먼지 간이측정기 성능인증 등에 관한 고시
DOC-002208,LAW-KR-000034,"공중보건 위기대응 의료제품의 긴급 생산·수입명령, 유통개선조치에 관한 규정",v14_출처문서명,admin_rule,notice,,고시,nlic_admrul,norm:Notice,true,식품의약품안전처,true,nlic_api,,,DOC-001856,동일 사본,,,,,고시,"고시|공중보건 위기대응 의료제품의 긴급 생산·수입명령, 유통개선조치에 관한 규정"
DOC-002209,LAW-KR-000034,국립공주병원 의료기기심의위원회 규정,v14_출처문서명,admin_rule,established_rule,,예규,nlic_admrul,norm:EstablishedRule,true,국립공주병원,true,nlic_api_20260920k,,,,,2100000269316,475,20251212,20251212,고시,고시|국립공주병원 의료기기심의위원회 규정
DOC-002210,LAW-KR-000034,국립공주병원 의료기기임상시험 사무절차 규정,v14_출처문서명,admin_rule,established_rule,,예규,nlic_admrul,norm:EstablishedRule,true,국립공주병원,true,nlic_api_20260920k,,,,,2100000280872,486,20260626,20260626,고시,고시|국립공주병원 의료기기임상시험 사무절차 규정
DOC-002211,LAW-KR-000034,국립나주병원 의료기기 심의위원회 규정,v14_출처문서명,admin_rule,established_rule,,예규,nlic_admrul,norm:EstablishedRule,true,국립나주병원,true,nlic_api_20260920k,,,,,2100000274220,442,20251029,20251029,고시,고시|국립나주병원 의료기기 심의위원회 규정
DOC-002212,LAW-KR-000034,국립부곡병원 연구윤리심의위원회규정,v14_출처문서명,admin_rule,established_rule,,예규,nlic_admrul,norm:EstablishedRule,true,국립부곡병원,true,nlic_api_20260920k,,,,,2100000246966,382,20240906,20240906,고시,고시|국립부곡병원 연구윤리심의위원회규정
DOC-002213,LAW-KR-000034,국립부곡병원 의료기기심의위원회 규정,v14_출처문서명,admin_rule,established_rule,,예규,nlic_admrul,norm:EstablishedRule,true,국립부곡병원,true,nlic_api_20260920k,,,,,2100000282846,411,20260721,20260721,고시,고시|국립부곡병원 의료기기심의위원회 규정
DOC-002214,LAW-KR-000034,동물용의료기기 기준규격,v14_출처문서명,admin_rule,notice,,고시,nlic_admrul,norm:Notice,true,농림축산검역본부,true,nlic_api_20260920k,,,,,2100000120992,2018-12,20180413,20180413,고시,고시|동물용의료기기 기준규격
DOC-002215,LAW-KR-000034,동물용의료기기 임상시험 관리지침,v14_출처문서명,admin_rule,notice,,고시,nlic_admrul,norm:Notice,true,농림축산검역본부,true,nlic_api_20260920k,,,,,2100000182831,2019-68,20191010,20191010,고시,고시|동물용의료기기 임상시험 관리지침
DOC-002216,LAW-KR-000034,동물용의료기기 임상시험 실시기관 지정에 관한 규정,v14_출처문서명,admin_rule,notice,,고시,nlic_admrul,norm:Notice,true,농림축산검역본부,true,nlic_api_20260920k,,,,,2100000182830,2019-67,20191010,20191010,고시,고시|동물용의료기기 임상시험 실시기관 지정에 관한 규정
DOC-002217,LAW-KR-000034,동물용의료기기 허가 등에 관한 규정,v14_출처문서명,admin_rule,notice,,고시,nlic_admrul,norm:Notice,true,농림축산검역본부,true,nlic_api_20260920k,,,,,2100000188661,2020-19,20200421,20200421,고시,고시|동물용의료기기 허가 등에 관한 규정
DOC-002218,LAW-KR-000034,동물용의료기기의 범위 및 분류 등에 관한 규정,v14_출처문서명,admin_rule,notice,,고시,nlic_admrul,norm:Notice,true,농림축산검역본부,true,nlic_api_20260920k,,,,,2100000202037,2021-36,20210616,20210616,고시,고시|동물용의료기기의 범위 및 분류 등에 관한 규정
DOC-002219,LAW-KR-000034,동물용의약품 및 동물용의료기기 재평가 실시에 관한 기준,v14_출처문서명,admin_rule,notice,,고시,nlic_admrul,norm:Notice,true,농림축산검역본부,true,nlic_api,,,DOC-001875,동일 사본,,,,,고시,고시|동물용의약품 및 동물용의료기기 재평가 실시에 관한 기준
DOC-002220,LAW-KR-000034,동물용의약품등 비임상시험 실시기관 지정에 관한 규정,v14_출처문서명,admin_rule,notice,,고시,nlic_admrul,norm:Notice,true,농림축산검역본부,true,nlic_api,,,DOC-001878,동일 사본,,,,,고시,고시|동물용의약품등 비임상시험 실시기관 지정에 관한 규정
DOC-002221,LAW-KR-000034,동물용의약품등 안전성·유효성 심사에 관한 규정,v14_출처문서명,admin_rule,notice,,고시,nlic_admrul,norm:Notice,true,농림축산검역본부,true,nlic_api,,,DOC-001732,동일 사본,,,,,고시,고시|동물용의약품등 안전성·유효성 심사에 관한 규정
DOC-002222,LAW-KR-000034,동물용의약품등 행정처분관련 청문 및 사전심의회 운영에 관한 규정,v14_출처문서명,admin_rule,established_rule,,예규,nlic_admrul,norm:EstablishedRule,true,농림축산검역본부,true,nlic_api,,,DOC-001887,동일 사본,,,,,고시,고시|동물용의약품등 행정처분관련 청문 및 사전심의회 운영에 관한 규정
DOC-002223,LAW-KR-000034,동물용의약품등의 생산·수출입·판매실적 보고에 관한 규정,v14_출처문서명,admin_rule,notice,,고시,nlic_admrul,norm:Notice,true,농림축산검역본부,true,nlic_api,,,DOC-001888,동일 사본,,,,,고시,고시|동물용의약품등의 생산·수출입·판매실적 보고에 관한 규정
DOC-002224,LAW-KR-000034,디지털의료기기 임상시험등 계획 승인 및 실시·관리에 관한 규정,v14_출처문서명,admin_rule,notice,,고시,nlic_admrul,norm:Notice,true,식품의약품안전처,true,nlic_api_20260920k,,,,대표,2100000258172,2025-29,20250424,20250424,고시,고시|디지털의료기기 임상시험등 계획 승인 및 실시·관리에 관한 규정
DOC-002225,LAW-KR-000034,디지털의료기기 제조 및 품질관리 기준,v14_출처문서명,admin_rule,notice,,고시,nlic_admrul,norm:Notice,true,식품의약품안전처,true,nlic_api_20260920k,,,,,2100000258066,2025-28,20250421,20250421,고시,고시|디지털의료기기 제조 및 품질관리 기준
DOC-002226,LAW-KR-000034,디지털의료제품 허가·인증·신고·심사 및 평가 등에 관한 규정,v14_출처문서명,admin_rule,notice,,고시,nlic_admrul,norm:Notice,true,식품의약품안전처,true,nlic_api_20260920k,,,,대표,2100000283212,2026-54,20260727,20260727,고시,고시|디지털의료제품 허가·인증·신고·심사 및 평가 등에 관한 규정
DOC-002227,LAW-KR-000034,보건의료기술 연구개발사업 운영·관리규정,v14_출처문서명,admin_rule,notice,,고시,nlic_admrul,norm:Notice,true,보건복지부,true,nlic_api_20260920k,,,,,2100000233560,2023-275,20231226,20231226,고시,고시|보건의료기술 연구개발사업 운영·관리규정
DOC-002228,LAW-KR-000034,비임상시험관리기준,v14_출처문서명,admin_rule,notice,,고시,nlic_admrul,norm:Notice,true,식품의약품안전처,true,nlic_api,,,DOC-001897,동일 사본,,,,,고시,고시|비임상시험관리기준
DOC-002229,LAW-KR-000034,생물학적제제 등의 품목허가ㆍ심사 규정,v14_출처문서명,admin_rule,notice,,고시,nlic_admrul,norm:Notice,true,식품의약품안전처,true,nlic_api,,,DOC-001901,동일 사본,,,,,고시,고시|생물학적제제 등의 품목허가ㆍ심사 규정
DOC-002230,LAW-KR-000034,생산·수입 중단 보고대상 의료기기 및 보고 방법,v14_출처문서명,admin_rule,notice,,고시,nlic_admrul,norm:Notice,true,식품의약품안전처,true,nlic_api,,,DOC-002194,동일 사본,,,,,고시,고시|생산·수입 중단 보고대상 의료기기 및 보고 방법
DOC-002231,LAW-KR-000034,소비자의료기기감시원 운영에 관한 규정,v14_출처문서명,admin_rule,notice,,고시,nlic_admrul,norm:Notice,true,식품의약품안전처,true,nlic_api_20260920k,,,,,2100000190995,2020-29,20200501,20200501,고시,고시|소비자의료기기감시원 운영에 관한 규정
DOC-002232,LAW-KR-000034,수익자부담 해외출장여비에 관한 규정,v14_출처문서명,admin_rule,established_rule,,예규,nlic_admrul,norm:EstablishedRule,true,식품의약품안전처,true,nlic_api_20260920k,,,,,2100000177414,124,20190227,20190227,고시,고시|수익자부담 해외출장여비에 관한 규정
DOC-002233,LAW-KR-000034,수출목적의 동물용의료기기 및 동물용 체외진단의료기기 제조 및 품질관리 기준,v14_출처문서명,admin_rule,notice,,고시,nlic_admrul,norm:Notice,true,농림축산검역본부,true,nlic_api_20260920k,,,,,2100000236606,2024-8,20240222,20240222,고시,고시|수출목적의 동물용의료기기 및 동물용 체외진단의료기기 제조 및 품질관리 기준
DOC-002234,LAW-KR-000034,시험·검사 등 잔여검체 처리규정,v14_출처문서명,admin_rule,established_rule,,예규,nlic_admrul,norm:EstablishedRule,true,식품의약품안전처,true,nlic_api,,,DOC-001064,동일 사본,,,,,고시,고시|시험·검사 등 잔여검체 처리규정
DOC-002235,LAW-KR-000034,시험·검사결과 판정에 관한 규정,v14_출처문서명,admin_rule,established_rule,,예규,nlic_admrul,norm:EstablishedRule,true,식품의약품안전처,true,nlic_api,,,DOC-001065,동일 사본,,,,,고시,고시|시험·검사결과 판정에 관한 규정
DOC-002236,LAW-KR-000034,식품·의약품 등 혁신제품 제품화 검토 운영 규정,v14_출처문서명,admin_rule,notice,,고시,nlic_admrul,norm:Notice,true,식품의약품안전처,true,nlic_api,,,DOC-001767,동일 사본,,,,,고시,고시|식품·의약품 등 혁신제품 제품화 검토 운영 규정
DOC-002237,LAW-KR-000034,식품의약품안전처 민간광고검증단 운영 규정,v14_출처문서명,admin_rule,established_rule,,예규,nlic_admrul,norm:EstablishedRule,true,식품의약품안전처,true,nlic_api,,,DOC-001776,동일 사본,,,,,고시,고시|식품의약품안전처 민간광고검증단 운영 규정
DOC-002238,LAW-KR-000034,신의료기술평가의 절차와 방법 등에 관한 규정,v14_출처문서명,admin_rule,notice,,고시,nlic_admrul,norm:Notice,true,보건복지부,true,nlic_api_20260920k,,,,,2100000268216,2025-183,20251118,20251118,고시,고시|신의료기술평가의 절차와 방법 등에 관한 규정
DOC-002239,LAW-KR-000034,안전성 및 유효성 문제성분 함유제제 등에 관한 규정,v14_출처문서명,admin_rule,notice,,고시,nlic_admrul,norm:Notice,true,농림축산검역본부,true,nlic_api,,,DOC-001925,동일 사본,,,,,고시,고시|안전성 및 유효성 문제성분 함유제제 등에 관한 규정
DOC-002240,LAW-KR-000034,요양급여대상·비급여대상 여부 확인의 절차와 방법 등에 관한 기준,v14_출처문서명,admin_rule,notice,,고시,nlic_admrul,norm:Notice,true,보건복지부,true,nlic_api_20260920k,,,,대표,2100000214999,2022-230,20221007,20221007,고시,고시|요양급여대상·비급여대상 여부 확인의 절차와 방법 등에 관한 기준
DOC-002241,LAW-KR-000034,요양비의 보험급여 기준 및 방법,v14_출처문서명,admin_rule,notice,,고시,nlic_admrul,norm:Notice,true,보건복지부,true,nlic_api_20260920k,,,,,2100000278136,2026-93,20260423,20260501,고시,고시|요양비의 보험급여 기준 및 방법
DOC-002242,LAW-KR-000034,요양비의 의료급여 기준 및 방법,v14_출처문서명,admin_rule,notice,,고시,nlic_admrul,norm:Notice,true,보건복지부,true,nlic_api_20260920k,,,,,2100000282188,2026-148,20260710,20260710,고시,고시|요양비의 의료급여 기준 및 방법
DOC-002243,LAW-KR-000034,우수 관리체계 인증 기준에 관한 규정,v14_출처문서명,admin_rule,notice,,고시,nlic_admrul,norm:Notice,true,식품의약품안전처,true,nlic_api_20260920k,,,,,2100000260102,2025-38,20250609,20250609,고시,고시|우수 관리체계 인증 기준에 관한 규정
DOC-002244,LAW-KR-000034,융복합 의료제품 민원 조정·처리 및 사후관리 등에 관한 규정,v14_출처문서명,admin_rule,established_rule,,예규,nlic_admrul,norm:EstablishedRule,true,식품의약품안전처,true,nlic_api,,,DOC-001940,동일 사본,,,,,고시,고시|융복합 의료제품 민원 조정·처리 및 사후관리 등에 관한 규정
DOC-002245,LAW-KR-000034,의료기기 국내제작 곤란품목 추천업무 처리규정,v14_출처문서명,admin_rule,notice,,고시,nlic_admrul,norm:Notice,true,보건복지부,true,nlic_api_20260920k,,,,,6438,2008-33,20080502,20080502,고시,고시|의료기기 국내제작 곤란품목 추천업무 처리규정
DOC-002246,LAW-KR-000034,의료기기 기술문서심사기관 지정 및 운영 등에 관한 규정,v14_출처문서명,admin_rule,notice,,고시,nlic_admrul,norm:Notice,true,식품의약품안전처,true,nlic_api_20260920k,,,,,2100000282844,2026-53,20260721,20260721,고시,고시|의료기기 기술문서심사기관 지정 및 운영 등에 관한 규정
DOC-002247,LAW-KR-000034,의료기기 기준규격,v14_출처문서명,admin_rule,notice,,고시,nlic_admrul,norm:Notice,true,식품의약품안전처,true,nlic_api_20260920k,,,,,2100000263474,2025-57,20250827,20260228,고시,고시|의료기기 기준규격
DOC-002248,LAW-KR-000034,의료기기 부작용 등 안전성 정보 관리에 관한 규정,v14_출처문서명,admin_rule,notice,,고시,nlic_admrul,norm:Notice,true,식품의약품안전처,true,nlic_api_20260920k,,,,,2100000211239,2022-34,20220509,20221110,고시,고시|의료기기 부작용 등 안전성 정보 관리에 관한 규정
DOC-002249,LAW-KR-000034,의료기기 생산 및 수출·수입·수리실적 보고에 관한 규정,v14_출처문서명,admin_rule,notice,,고시,nlic_admrul,norm:Notice,true,식품의약품안전처,true,nlic_api_20260920k,,,,,2100000268660,2025-74,20251125,20251125,고시,고시|의료기기 생산 및 수출·수입·수리실적 보고에 관한 규정
DOC-002250,LAW-KR-000034,의료기기 수입요건확인 면제 등에 관한 규정,v14_출처문서명,admin_rule,notice,,고시,nlic_admrul,norm:Notice,true,식품의약품안전처,true,nlic_api,,,DOC-001943,동일 사본,,,,,고시,고시|의료기기 수입요건확인 면제 등에 관한 규정
DOC-002251,LAW-KR-000034,의료기기 시판 후 조사에 관한 규정,v14_출처문서명,admin_rule,notice,,고시,nlic_admrul,norm:Notice,true,식품의약품안전처,true,nlic_api_20260920k,,,,대표,2100000284382,2026-63,20260831,20260831,고시,고시|의료기기 시판 후 조사에 관한 규정
DOC-002252,LAW-KR-000034,의료기기 위탁 인증·신고의 대상 및 범위 등에 관한 지침,v14_출처문서명,admin_rule,notice,,고시,nlic_admrul,norm:Notice,true,식품의약품안전처,true,nlic_api_20260920k,,,,,2100000190989,2020-29,20200501,20200501,고시,고시|의료기기 위탁 인증·신고의 대상 및 범위 등에 관한 지침
DOC-002253,LAW-KR-000034,의료기기 이물 보고대상 및 절차 등에 관한 규정,v14_출처문서명,admin_rule,notice,,고시,nlic_admrul,norm:Notice,true,식품의약품안전처,true,nlic_api_20260920k,,,,,2100000270712,2025-500,20251209,20251209,고시,고시|의료기기 이물 보고대상 및 절차 등에 관한 규정
DOC-002254,LAW-KR-000034,의료기기 임상시험 기본문서 관리에 관한 규정,v14_출처문서명,admin_rule,notice,,고시,nlic_admrul,norm:Notice,true,식품의약품안전처,true,nlic_api_20260920k,,,,대표,2100000062409,2016-115,20161017,20161017,고시,고시|의료기기 임상시험 기본문서 관리에 관한 규정
DOC-002255,LAW-KR-000034,의료기기 임상시험계획 승인에 관한 규정,v14_출처문서명,admin_rule,notice,,고시,nlic_admrul,norm:Notice,true,식품의약품안전처,true,nlic_api_20260920k,,,,,2100000219234,2023-12,20230214,20230214,고시,고시|의료기기 임상시험계획 승인에 관한 규정
DOC-002256,LAW-KR-000034,의료기기 임상시험기관 지정에 관한 규정,v14_출처문서명,admin_rule,notice,,고시,nlic_admrul,norm:Notice,true,식품의약품안전처,true,nlic_api_20260920k,,,,,2100000090726,2017-55,20170627,20170627,고시,고시|의료기기 임상시험기관 지정에 관한 규정
DOC-002257,LAW-KR-000034,의료기기 재평가에 관한 규정,v14_출처문서명,admin_rule,notice,,고시,nlic_admrul,norm:Notice,true,식품의약품안전처,true,nlic_api_20260920k,,,,,2100000235718,2024-6,20240125,20240125,고시,고시|의료기기 재평가에 관한 규정
DOC-002258,LAW-KR-000034,의료기기 제조 및 품질관리 관련 기관 지정 등에 관한 규정,v14_출처문서명,admin_rule,notice,,고시,nlic_admrul,norm:Notice,true,식품의약품안전처,true,nlic_api_20260920k,,,,,2100000281582,2026-47,20260701,20260701,고시,고시|의료기기 제조 및 품질관리 관련 기관 지정 등에 관한 규정
DOC-002259,LAW-KR-000034,의료기기 제조 및 품질관리 기준,v14_출처문서명,admin_rule,notice,,고시,nlic_admrul,norm:Notice,true,식품의약품안전처,true,nlic_api_20260920k,,,,,2100000281580,2026-46,20260701,20260701,고시,고시|의료기기 제조 및 품질관리 기준
DOC-002260,LAW-KR-000034,의료기기 제조허가등 갱신에 관한 규정,v14_출처문서명,admin_rule,notice,,고시,nlic_admrul,norm:Notice,true,식품의약품안전처,true,nlic_api_20260920k,,,,대표,2100000230864,2023-68,20231026,20231026,고시,고시|의료기기 제조허가등 갱신에 관한 규정
DOC-002261,LAW-KR-000034,의료기기 통합정보 관리 등에 관한 규정,v14_출처문서명,admin_rule,notice,,고시,nlic_admrul,norm:Notice,true,식품의약품안전처,true,nlic_api_20260920k,,,,,2100000179310,2019-46,20190612,20190701,고시,고시|의료기기 통합정보 관리 등에 관한 규정
DOC-002262,LAW-KR-000034,의료기기 표시·기재 등에 관한 규정,v14_출처문서명,admin_rule,notice,,고시,nlic_admrul,norm:Notice,true,식품의약품안전처,true,nlic_api_20260920k,,,,,2100000250440,2024-77,20241204,20241204,고시,고시|의료기기 표시·기재 등에 관한 규정
DOC-002263,LAW-KR-000034,의료기기 표준코드의 표시 및 관리요령,v14_출처문서명,admin_rule,notice,,고시,nlic_admrul,norm:Notice,true,식품의약품안전처,true,nlic_api_20260920k,,,,,2100000230830,2023-67,20231020,20231020,고시,고시|의료기기 표준코드의 표시 및 관리요령
DOC-002264,LAW-KR-000034,의료기기 품목 및 품목별 등급에 관한 규정,v14_출처문서명,admin_rule,notice,,고시,nlic_admrul,norm:Notice,true,식품의약품안전처,true,nlic_api_20260920k,,,,,2100000275656,2026-18,20260309,20260309,고시,고시|의료기기 품목 및 품목별 등급에 관한 규정
DOC-002265,LAW-KR-000034,의료기기 허가ㆍ신고ㆍ심사 등에 관한 규정,v14_출처문서명,admin_rule,notice,,고시,nlic_admrul,norm:Notice,true,식품의약품안전처,true,nlic_api_20260920k,,,,,2100000278374,2026-34,20260428,20260428,고시,고시|의료기기 허가ㆍ신고ㆍ심사 등에 관한 규정
DOC-002266,LAW-KR-000034,의료기기 회수·폐기 등에 관한 규정,v14_출처문서명,admin_rule,notice,,고시,nlic_admrul,norm:Notice,true,식품의약품안전처,true,nlic_api_20260920k,,,,,2100000202338,2021-53,20210628,20210628,고시,고시|의료기기 회수·폐기 등에 관한 규정
DOC-002267,LAW-KR-000034,의료기기소프트웨어제조기업 인증제도 운영에 관한 규정,v14_출처문서명,admin_rule,notice,,고시,nlic_admrul,norm:Notice,true,식품의약품안전처,true,nlic_api_20260920k,,,,,2100000189777,2020-47,20200529,20200529,고시,고시|의료기기소프트웨어제조기업 인증제도 운영에 관한 규정
DOC-002268,LAW-KR-000034,의료기기위원회 규정,v14_출처문서명,admin_rule,established_rule,,예규,nlic_admrul,norm:EstablishedRule,true,식품의약품안전처,true,nlic_api_20260920k,,,,,2100000241030,206,20240516,20240516,고시,고시|의료기기위원회 규정
DOC-002269,LAW-KR-000034,의료기기의 생물학적 안전에 관한 공통기준규격,v14_출처문서명,admin_rule,notice,,고시,nlic_admrul,norm:Notice,true,식품의약품안전처,true,nlic_api_20260920k,,,,,2100000260448,2025-40,20250617,20250617,고시,고시|의료기기의 생물학적 안전에 관한 공통기준규격
DOC-002270,LAW-KR-000034,의료기기의 안정성시험 기준,v14_출처문서명,admin_rule,notice,,고시,nlic_admrul,norm:Notice,true,식품의약품안전처,true,nlic_api_20260920k,,,,,2100000223820,2023-34,20230524,20230524,고시,고시|의료기기의 안정성시험 기준
DOC-002271,LAW-KR-000034,의료기기의 전기·기계적 안전에 관한 공통기준규격,v14_출처문서명,admin_rule,notice,,고시,nlic_admrul,norm:Notice,true,식품의약품안전처,true,nlic_api_20260920k,,,,,2100000260450,2025-40,20250617,20250617,고시,고시|의료기기의 전기·기계적 안전에 관한 공통기준규격
DOC-002272,LAW-KR-000034,의료기기의 전자파안전에 관한 공통기준규격,v14_출처문서명,admin_rule,notice,,고시,nlic_admrul,norm:Notice,true,식품의약품안전처,true,nlic_api_20260920k,,,,,2100000191010,2020-29,20200501,20200501,고시,고시|의료기기의 전자파안전에 관한 공통기준규격
DOC-002273,LAW-KR-000034,의료제품 분야 산업표준개발협력기관 등 지정·운영 규정,v14_출처문서명,admin_rule,notice,,고시,nlic_admrul,norm:Notice,true,식품의약품안전처,true,nlic_api,,,DOC-001385,동일 사본,,,,,고시,고시|의료제품 분야 산업표준개발협력기관 등 지정·운영 규정
DOC-002274,LAW-KR-000034,의료제품 사전 검토 운영에 관한 규정,v14_출처문서명,admin_rule,notice,,고시,nlic_admrul,norm:Notice,true,식품의약품안전처,true,nlic_api,,,DOC-001944,동일 사본,,,,,고시,고시|의료제품 사전 검토 운영에 관한 규정
DOC-002275,LAW-KR-000034,의료제품의 긴급사용승인 신청 및 처리 절차 등에 관한 규정,v14_출처문서명,admin_rule,notice,,고시,nlic_admrul,norm:Notice,true,식품의약품안전처,true,nlic_api_20260920k,,,,,2100000250014,2024-76,20241128,20241128,고시,고시|의료제품의 긴급사용승인 신청 및 처리 절차 등에 관한 규정
DOC-002276,LAW-KR-000034,의약외품 품목허가·신고·심사 규정,v14_출처문서명,admin_rule,notice,,고시,nlic_admrul,norm:Notice,true,식품의약품안전처,true,nlic_api,,,DOC-001951,동일 사본,,,,,고시,고시|의약외품 품목허가·신고·심사 규정
DOC-002277,LAW-KR-000034,의약품 제조 및 품질관리에 관한 규정,v14_출처문서명,admin_rule,notice,,고시,nlic_admrul,norm:Notice,true,식품의약품안전처,true,nlic_api,,,DOC-001076,동일 사본,,,,,고시,고시|의약품 제조 및 품질관리에 관한 규정
DOC-002278,LAW-KR-000034,인터넷 홈페이지 형태 첨부문서 제공 가능 의료기기의 지정에 관한 규정,v14_출처문서명,admin_rule,notice,,고시,nlic_admrul,norm:Notice,true,식품의약품안전처,true,nlic_api_20260920k,,,,,2100000260454,2025-40,20250617,20250617,고시,고시|인터넷 홈페이지 형태 첨부문서 제공 가능 의료기기의 지정에 관한 규정
DOC-002279,LAW-KR-000034,임상연구의 요양급여 적용에 관한 기준,v14_출처문서명,admin_rule,notice,,고시,nlic_admrul,norm:Notice,true,보건복지부,true,nlic_api_20260920k,,,,,2100000255874,2025-41,20250228,20250228,고시,고시|임상연구의 요양급여 적용에 관한 기준
DOC-002280,LAW-KR-000034,장기추적조사대상 의료기기 지정 및 실사용 정보 제출에 관한 규정,v14_출처문서명,admin_rule,notice,,고시,nlic_admrul,norm:Notice,true,식품의약품안전처,true,nlic_api_20260920k,,,,,2100000263154,2025-52,20250820,20250820,고시,고시|장기추적조사대상 의료기기 지정 및 실사용 정보 제출에 관한 규정
DOC-002281,LAW-KR-000034,주사기 및 주사침 매점매석행위 금지 등에 관한 고시,v14_출처문서명,admin_rule,notice,,고시,nlic_admrul,norm:Notice,true,재정경제부,true,nlic_api_20260920k,,,,,2100000284460,2026-100,20260901,20260901,고시,고시|주사기 및 주사침 매점매석행위 금지 등에 관한 고시
DOC-002282,LAW-KR-000034,지출보고서 공개 등 업무 위탁에 관한 고시,v14_출처문서명,admin_rule,notice,,고시,nlic_admrul,norm:Notice,true,보건복지부,true,nlic_api,,,DOC-001996,동일 사본,,,,,고시,고시|지출보고서 공개 등 업무 위탁에 관한 고시
DOC-002283,LAW-KR-000034,체외진단의료기기 임상적 성능시험 계획 승인에 관한 규정,v14_출처문서명,admin_rule,notice,,고시,nlic_admrul,norm:Notice,true,식품의약품안전처,true,nlic_api_20260920k,,,,,2100000274360,2020-120,20201209,20201209,고시,고시|체외진단의료기기 임상적 성능시험 계획 승인에 관한 규정
DOC-002284,LAW-KR-000034,체외진단의료기기 임상적 성능시험 실시 및 관리에 관한 규정,v14_출처문서명,admin_rule,notice,,고시,nlic_admrul,norm:Notice,true,식품의약품안전처,true,nlic_api_20260920k,,,,,2100000205428,2021-81,20211015,20211015,고시,고시|체외진단의료기기 임상적 성능시험 실시 및 관리에 관한 규정
DOC-002285,LAW-KR-000034,체외진단의료기기 임상적 성능시험기관 지정 및 종사자 교육에 관한 규정,v14_출처문서명,admin_rule,notice,,고시,nlic_admrul,norm:Notice,true,식품의약품안전처,true,nlic_api,,,DOC-002000,동일 사본,,,,,고시,고시|체외진단의료기기 임상적 성능시험기관 지정 및 종사자 교육에 관한 규정
DOC-002286,LAW-KR-000034,체외진단의료기기 전문가위원회 운영세칙,v14_출처문서명,admin_rule,established_rule,,예규,nlic_admrul,norm:EstablishedRule,true,식품의약품안전처,true,nlic_api_20260920k,,,,,2100000198467,166,20210222,20210222,고시,고시|체외진단의료기기 전문가위원회 운영세칙
DOC-002287,LAW-KR-000034,체외진단의료기기 제조 및 품질관리 기준,v14_출처문서명,admin_rule,notice,,고시,nlic_admrul,norm:Notice,true,식품의약품안전처,true,nlic_api_20260920k,,,,,2100000262852,2025-51,20250812,20250812,고시,고시|체외진단의료기기 제조 및 품질관리 기준
DOC-002288,LAW-KR-000034,체외진단의료기기 표준품 관리 규정,v14_출처문서명,admin_rule,notice,,고시,nlic_admrul,norm:Notice,true,식품의약품안전처,true,nlic_api_20260920k,,,,,2100000188969,2020-35,20200501,20200501,고시,고시|체외진단의료기기 표준품 관리 규정
DOC-002289,LAW-KR-000034,체외진단의료기기 품목 및 품목별 등급에 관한 규정,v14_출처문서명,admin_rule,notice,,고시,nlic_admrul,norm:Notice,true,식품의약품안전처,true,nlic_api_20260920k,,,,,2100000281564,2026-45,20260630,20260630,고시,고시|체외진단의료기기 품목 및 품목별 등급에 관한 규정
DOC-002290,LAW-KR-000034,체외진단의료기기 허가·신고·심사 등에 관한 규정,v14_출처문서명,admin_rule,notice,,고시,nlic_admrul,norm:Notice,true,식품의약품안전처,true,nlic_api_20260920k,,,,,2100000283814,2026-58,20260810,20260810,고시,고시|체외진단의료기기 허가·신고·심사 등에 관한 규정
DOC-002291,LAW-KR-000034,추적관리대상 의료기기 기록과 자료 제출에 관한 규정,v14_출처문서명,admin_rule,notice,,고시,nlic_admrul,norm:Notice,true,식품의약품안전처,true,nlic_api_20260920k,,,,,2100000215202,2022-75,20221018,20221018,고시,고시|추적관리대상 의료기기 기록과 자료 제출에 관한 규정
DOC-002292,LAW-KR-000034,추적관리대상 의료기기 지정에 관한 규정,v14_출처문서명,admin_rule,notice,,고시,nlic_admrul,norm:Notice,true,식품의약품안전처,true,nlic_api_20260920k,,,,,2100000231714,2023-70,20231117,20231117,고시,고시|추적관리대상 의료기기 지정에 관한 규정
DOC-002293,LAW-KR-000034,치료재료의 허가·신고 또는 인정범위 초과 사용에 관한 절차 및 방법 등에 관한 기준,v14_출처문서명,admin_rule,notice,,고시,nlic_admrul,norm:Notice,true,보건복지부,true,nlic_api_20260920k,,,,,2100000233858,2023-287,20231228,20240101,고시,고시|치료재료의 허가·신고 또는 인정범위 초과 사용에 관한 절차 및 방법 등에 관한 기준
DOC-002294,LAW-KR-000034,폐기물부담금 면제대상 의료기기 품목,v14_출처문서명,admin_rule,notice,,고시,nlic_admrul,norm:Notice,true,기후에너지환경부,true,nlic_api_20260920k,,,,대표,2100000266656,2025-165,20251001,20251001,고시,고시|폐기물부담금 면제대상 의료기기 품목
DOC-002295,LAW-KR-000034,행위 치료재료 등의 결정 및 조정기준,v14_출처문서명,admin_rule,notice,,고시,nlic_admrul,norm:Notice,true,보건복지부,true,nlic_api_20260920k,,,,,2100000252052,2024-270,20241226,20241226,고시,고시|행위 치료재료 등의 결정 및 조정기준
DOC-002296,LAW-KR-000034,혁신의료기기 기술 및 관리기준 표준화에 관한 규정,v14_출처문서명,admin_rule,notice,,고시,nlic_admrul,norm:Notice,true,식품의약품안전처,true,nlic_api_20260920k,,,,,2100000189776,2020-46,20200529,20200529,고시,고시|혁신의료기기 기술 및 관리기준 표준화에 관한 규정
DOC-002297,LAW-KR-000034,혁신의료기기 허가 등에 관한 특례 규정,v14_출처문서명,admin_rule,notice,,고시,nlic_admrul,norm:Notice,true,식품의약품안전처,true,nlic_api_20260920k,,,,,2100000198839,2021-15,20210226,20210226,고시,고시|혁신의료기기 허가 등에 관한 특례 규정
DOC-002298,LAW-KR-000034,혁신형 의료기기기업 인증 등에 관한 규정,v14_출처문서명,admin_rule,notice,,고시,nlic_admrul,norm:Notice,true,보건복지부,true,nlic_api_20260920k,,,,,2100000196858,2021-2,20210105,20210105,고시,고시|혁신형 의료기기기업 인증 등에 관한 규정
DOC-002299,LAW-KR-000034,희소·긴급도입 필요 의료기기 공급 등에 관한 규정,v14_출처문서명,admin_rule,notice,,고시,nlic_admrul,norm:Notice,true,식품의약품안전처,true,nlic_api_20260920k,,,,,2100000273730,2026-3,20260122,20260122,고시,고시|희소·긴급도입 필요 의료기기 공급 등에 관한 규정
DOC-002300,LAW-KR-000034,동물용 의약품등 취급규칙,v14_출처문서명,statutory,ministerial_ordinance,4,,by_layer,norm:SeparateMinisterialRule,true,,true,nlic_api_20260917,,,,,279531,00741,20251031,20251031,부령규칙,부령규칙|동물용 의약품등 취급규칙
DOC-002301,LAW-KR-000034,의료기기 유통 및 판매질서 유지에 관한 규칙,v14_출처문서명,statutory,ministerial_ordinance,4,,by_layer,norm:SeparateMinisterialRule,true,,true,nlic_api,,,,,,,,,부령규칙,부령규칙|의료기기 유통 및 판매질서 유지에 관한 규칙
DOC-002302,LAW-KR-000143,(국립마산병원) 전공의 수련규칙,v14_출처문서명,admin_rule,established_rule,,예규,nlic_admrul,norm:EstablishedRule,true,국립마산병원,true,nlic_api_20260920k,,,,,2100000199198,279,20210318,20210318,고시,고시|(국립마산병원) 전공의 수련규칙
DOC-002303,LAW-KR-000143,「의료평가통합정보시스템의 구축·운영 등에 관한 세부사항」,v14_출처문서명,admin_rule,notice,,고시,nlic_admrul,norm:Notice,true,보건복지부,true,nlic_api,,,DOC-002183,동일 사본,,,,,고시,고시|「의료평가통합정보시스템의 구축·운영 등에 관한 세부사항」
DOC-002304,LAW-KR-000143,가습기살균제 구제급여 지급신청 및 요양급여 지급 등에 관한 고시,v14_출처문서명,admin_rule,notice,,고시,nlic_admrul,norm:Notice,true,기후에너지환경부,true,nlic_api_20260920k,,,,,2100000265950,2025-165,20251001,20251001,고시,고시|가습기살균제 구제급여 지급신청 및 요양급여 지급 등에 관한 고시
DOC-002305,LAW-KR-000143,가습기살균제 피해자 통원 교통비 지급에 관한 고시,v14_출처문서명,admin_rule,notice,,고시,nlic_admrul,norm:Notice,true,기후에너지환경부,true,nlic_api_20260920k,,,,,2100000266350,2025-165,20251001,20251001,고시,고시|가습기살균제 피해자 통원 교통비 지급에 관한 고시
DOC-002306,LAW-KR-000143,간호간병통합서비스 제공 및 운영에 관한 고시,v14_출처문서명,admin_rule,notice,,고시,nlic_admrul,norm:Notice,true,보건복지부,true,nlic_api_20260920k,,,,,2100000229326,2023-170,20230913,20230913,고시,고시|간호간병통합서비스 제공 및 운영에 관한 고시
DOC-002307,LAW-KR-000143,간호조무사 교육훈련기관 지정·평가심의위원회 운영 규정,v14_출처문서명,admin_rule,notice,,고시,nlic_admrul,norm:Notice,true,보건복지부,true,nlic_api_20260920k,,,,,2100000276426,2026-64,20260325,20260325,고시,고시|간호조무사 교육훈련기관 지정·평가심의위원회 운영 규정
DOC-002308,LAW-KR-000143,감염병관리통합정보시스템 등의 관리 기준,v14_출처문서명,admin_rule,established_rule,,예규,nlic_admrul,norm:EstablishedRule,true,질병관리청,true,nlic_api_20260920k,,,DOC-000560,내용 다름(겹침 0%),2100000265032,165,20251017,20251017,고시,고시|감염병관리통합정보시스템 등의 관리 기준
DOC-002309,LAW-KR-000143,건강보험 본인 여부 및 자격 확인 등에 관한 고시,v14_출처문서명,admin_rule,notice,,고시,nlic_admrul,norm:Notice,true,보건복지부,true,nlic_api_20260920k,,,,,2100000258134,2025-70,20250423,20250701,고시,고시|건강보험 본인 여부 및 자격 확인 등에 관한 고시
DOC-002310,LAW-KR-000143,계약학과 설치·운영 규정,v14_출처문서명,admin_rule,notice,,고시,nlic_admrul,norm:Notice,true,교육부,true,nlic_api_20260920k,,,,,2100000270908,2025-40,20251224,20251224,고시,고시|계약학과 설치·운영 규정
DOC-002311,LAW-KR-000143,고충심사위원회규정,v14_출처문서명,admin_rule,established_rule,,예규,nlic_admrul,norm:EstablishedRule,true,국립목포병원,true,nlic_api_20260920k,,,,,2100000273956,313,20260129,20260129,고시,고시|고충심사위원회규정
DOC-002312,LAW-KR-000143,국가보훈 장해진단서 발급 의료기관 지정에 관한 고시,v14_출처문서명,admin_rule,notice,,고시,nlic_admrul,norm:Notice,true,국가보훈부,true,nlic_api_20260920k,,,,,2100000270056,2025-13,20251218,20260101,고시,고시|국가보훈 장해진단서 발급 의료기관 지정에 관한 고시
DOC-002313,LAW-KR-000143,국립공주병원 병문안 관리규정,v14_출처문서명,admin_rule,established_rule,,예규,nlic_admrul,norm:EstablishedRule,true,국립공주병원,true,nlic_api_20260920k,,,,,2100000269300,480,20251212,20251212,고시,고시|국립공주병원 병문안 관리규정
DOC-002314,LAW-KR-000143,국립공주병원 세탁물관리 규정,v14_출처문서명,admin_rule,established_rule,,예규,nlic_admrul,norm:EstablishedRule,true,국립공주병원,true,nlic_api_20260920k,,,,,2100000206556,397,20211202,20211202,고시,고시|국립공주병원 세탁물관리 규정
DOC-002315,LAW-KR-000143,국립공주병원 영양관리위원회 규정,v14_출처문서명,admin_rule,established_rule,,예규,nlic_admrul,norm:EstablishedRule,true,국립공주병원,true,nlic_api_20260920k,,,,,2100000269266,460,20251212,20251212,고시,고시|국립공주병원 영양관리위원회 규정
DOC-002316,LAW-KR-000143,국립공주병원 의무기록 관리 규정,v14_출처문서명,admin_rule,established_rule,,예규,nlic_admrul,norm:EstablishedRule,true,국립공주병원,true,nlic_api_20260920k,,,,,2100000269304,465,20251212,20251212,고시,고시|국립공주병원 의무기록 관리 규정
DOC-002317,LAW-KR-000143,국립나주병원 감염관리위원회 규정,v14_출처문서명,admin_rule,established_rule,,예규,nlic_admrul,norm:EstablishedRule,true,국립나주병원,true,nlic_api_20260920k,,,,,2100000275932,444,20260316,20260316,고시,고시|국립나주병원 감염관리위원회 규정
DOC-002318,LAW-KR-000143,국립나주병원 보통고충심사위원회규정,v14_출처문서명,admin_rule,established_rule,,예규,nlic_admrul,norm:EstablishedRule,true,국립나주병원,true,nlic_api_20260920k,,,,,2100000222718,411,20230426,20230426,고시,고시|국립나주병원 보통고충심사위원회규정
DOC-002319,LAW-KR-000143,국립나주병원 세탁물 관리규정,v14_출처문서명,admin_rule,established_rule,,예규,nlic_admrul,norm:EstablishedRule,true,국립나주병원,true,nlic_api_20260920k,,,,,2100000262800,441,20250805,20250805,고시,고시|국립나주병원 세탁물 관리규정
DOC-002320,LAW-KR-000143,국립나주병원 영양관리위원회규정,v14_출처문서명,admin_rule,established_rule,,예규,nlic_admrul,norm:EstablishedRule,true,국립나주병원,true,nlic_api_20260920k,,,,,2100000061364,326,20161005,20161005,고시,고시|국립나주병원 영양관리위원회규정
DOC-002321,LAW-KR-000143,국립나주병원 전공의 수련규칙,v14_출처문서명,admin_rule,established_rule,,예규,nlic_admrul,norm:EstablishedRule,true,국립나주병원,true,nlic_api_20260920k,,,,,2100000276590,446,20260330,20260330,고시,고시|국립나주병원 전공의 수련규칙
DOC-002322,LAW-KR-000143,국립마산병원 간호·간병통합서비스 평가인센티브 환류 규정,v14_출처문서명,admin_rule,established_rule,,예규,nlic_admrul,norm:EstablishedRule,true,국립마산병원,true,nlic_api_20260920k,,,,,2100000231624,310,20231115,20231115,고시,고시|국립마산병원 간호·간병통합서비스 평가인센티브 환류 규정
DOC-002323,LAW-KR-000143,국립목포병원 간호·간병통합서비스 평가인센티브 환류규정,v14_출처문서명,admin_rule,established_rule,,예규,nlic_admrul,norm:EstablishedRule,true,국립목포병원,true,nlic_api_20260920k,,,,,2100000222830,296,20230314,20230314,고시,고시|국립목포병원 간호·간병통합서비스 평가인센티브 환류규정
DOC-002324,LAW-KR-000143,국립목포병원 임상연구규정,v14_출처문서명,admin_rule,established_rule,,예규,nlic_admrul,norm:EstablishedRule,true,국립목포병원,true,nlic_api_20260920k,,,,,2100000066769,222,20160816,20160816,고시,고시|국립목포병원 임상연구규정
DOC-002325,LAW-KR-000143,국립목포병원당직의사근무수칙,v14_출처문서명,admin_rule,established_rule,,예규,nlic_admrul,norm:EstablishedRule,true,국립목포병원,true,nlic_api_20260920k,,,,,2100000172130,238,20181210,20181210,고시,고시|국립목포병원당직의사근무수칙
DOC-002326,LAW-KR-000143,국립부곡병원 감염관리위원회규정,v14_출처문서명,admin_rule,notice,,,명칭 불일치(1건 반환),norm:AdministrativeRule,true,,true,nlic_api,,,,,,,,,고시,고시|국립부곡병원 감염관리위원회규정
DOC-002327,LAW-KR-000143,국립부곡병원 고충처리규정,v14_출처문서명,admin_rule,established_rule,,예규,nlic_admrul,norm:EstablishedRule,true,국립부곡병원,true,nlic_api_20260920k,,,,,2100000215227,355,20221012,20221012,고시,고시|국립부곡병원 고충처리규정
DOC-002328,LAW-KR-000143,국립부곡병원 영양관리위원회규정,v14_출처문서명,admin_rule,established_rule,,예규,nlic_admrul,norm:EstablishedRule,true,국립부곡병원,true,nlic_api_20260920k,,,,,2100000252692,393,20240906,20240906,고시,고시|국립부곡병원 영양관리위원회규정
DOC-002329,LAW-KR-000143,국립부곡병원 의무기록관리규정,v14_출처문서명,admin_rule,established_rule,,예규,nlic_admrul,norm:EstablishedRule,true,국립부곡병원,true,nlic_api_20260920k,,,,,2100000246990,379,20240906,20240906,고시,고시|국립부곡병원 의무기록관리규정
DOC-002330,LAW-KR-000143,국립소록도병원 감염관리위원회 규정,v14_출처문서명,admin_rule,established_rule,,예규,nlic_admrul,norm:EstablishedRule,true,국립소록도병원,true,nlic_api_20260920k,,,,,2100000222978,396,20230503,20230503,고시,고시|국립소록도병원 감염관리위원회 규정
DOC-002331,LAW-KR-000143,국립소록도병원 고충처리 규정,v14_출처문서명,admin_rule,established_rule,,예규,nlic_admrul,norm:EstablishedRule,true,국립소록도병원,true,nlic_api_20260920k,,,,,2100000254148,407,20241230,20241230,고시,고시|국립소록도병원 고충처리 규정
DOC-002332,LAW-KR-000143,국립소록도병원 의무기록관리 규정,v14_출처문서명,admin_rule,established_rule,,예규,nlic_admrul,norm:EstablishedRule,true,국립소록도병원,true,nlic_api_20260920k,,,,,2100000176019,337,20190211,20190211,고시,고시|국립소록도병원 의무기록관리 규정
DOC-002333,LAW-KR-000143,국립소록도병원 환자 급식관리 규정,v14_출처문서명,admin_rule,established_rule,,예규,nlic_admrul,norm:EstablishedRule,true,국립소록도병원,true,nlic_api_20260920k,,,,,2100000144276,331,20180807,20180807,고시,고시|국립소록도병원 환자 급식관리 규정
DOC-002334,LAW-KR-000143,국립재활원 감염관리위원회 규정,v14_출처문서명,admin_rule,established_rule,,예규,nlic_admrul,norm:EstablishedRule,true,국립재활원,true,nlic_api_20260920k,,,,,2100000257328,626,20250401,20250401,고시,고시|국립재활원 감염관리위원회 규정
DOC-002335,LAW-KR-000143,국립재활원 공무원고충 처리규정,v14_출처문서명,admin_rule,established_rule,,예규,nlic_admrul,norm:EstablishedRule,true,국립재활원,true,nlic_api_20260920k,,,,,2100000242730,612,20240618,20240618,고시,고시|국립재활원 공무원고충 처리규정
DOC-002336,LAW-KR-000143,국립재활원 영양관리위원회 규정,v14_출처문서명,admin_rule,established_rule,,예규,nlic_admrul,norm:EstablishedRule,true,국립재활원,true,nlic_api_20260920k,,,,,2100000249446,619,20241114,20241114,고시,고시|국립재활원 영양관리위원회 규정
DOC-002337,LAW-KR-000143,국립정신건강센터 감염관리위원회 규정,v14_출처문서명,admin_rule,established_rule,,예규,nlic_admrul,norm:EstablishedRule,true,국립정신건강센터,true,nlic_api_20260920k,,,,,2100000218991,224,20200624,20200624,고시,고시|국립정신건강센터 감염관리위원회 규정
DOC-002338,LAW-KR-000143,국립정신건강센터 세탁물 처리규정,v14_출처문서명,admin_rule,established_rule,,예규,nlic_admrul,norm:EstablishedRule,true,국립정신건강센터,true,nlic_api_20260920k,,,,,2100000229134,326,20230906,20230906,고시,고시|국립정신건강센터 세탁물 처리규정
DOC-002339,LAW-KR-000143,국립정신건강센터 환자급식관리규정,v14_출처문서명,admin_rule,established_rule,,예규,nlic_admrul,norm:EstablishedRule,true,국립정신건강센터,true,nlic_api_20260920k,,,,,2100000218996,227,20200708,20200708,고시,고시|국립정신건강센터 환자급식관리규정
DOC-002340,LAW-KR-000143,국립춘천병원 감염관리위원회 규정,v14_출처문서명,admin_rule,established_rule,,예규,nlic_admrul,norm:EstablishedRule,true,국립춘천병원,true,nlic_api_20260920k,,,,,2100000276286,377,20260324,20260324,고시,고시|국립춘천병원 감염관리위원회 규정
DOC-002341,LAW-KR-000143,국립춘천병원 병문안관리 규정,v14_출처문서명,admin_rule,established_rule,,예규,nlic_admrul,norm:EstablishedRule,true,국립춘천병원,true,nlic_api_20260920k,,,,,2100000200843,275,20180801,20180801,고시,고시|국립춘천병원 병문안관리 규정
DOC-002342,LAW-KR-000143,국립춘천병원 세탁물처리규정,v14_출처문서명,admin_rule,established_rule,,예규,nlic_admrul,norm:EstablishedRule,true,국립춘천병원,true,nlic_api_20260920k,,,,,2100000234038,355,20231230,20231230,고시,고시|국립춘천병원 세탁물처리규정
DOC-002343,LAW-KR-000143,국민 응급처치 교육장비와 인력 등에 관한 기준 고시,v14_출처문서명,admin_rule,notice,,고시,nlic_admrul,norm:Notice,true,소방청,true,nlic_api,,,DOC-002189,동일 사본,,,,,고시,고시|국민 응급처치 교육장비와 인력 등에 관한 기준 고시
DOC-002344,LAW-KR-000143,근로능력평가의 기준 등에 관한 고시,v14_출처문서명,admin_rule,notice,,고시,nlic_admrul,norm:Notice,true,보건복지부,true,nlic_api_20260920k,,,,,2100000255332,2025-30,20250220,20250220,고시,고시|근로능력평가의 기준 등에 관한 고시
DOC-002345,LAW-KR-000143,급성기 정신질환 집중치료병원 지정 등에 관한 고시,v14_출처문서명,admin_rule,notice,,고시,nlic_admrul,norm:Notice,true,보건복지부,true,nlic_api_20260920k,,,,,2100000278134,2026-89,20260423,20260423,고시,고시|급성기 정신질환 집중치료병원 지정 등에 관한 고시
DOC-002346,LAW-KR-000143,노숙인진료시설 지정 등에 관한 고시,v14_출처문서명,admin_rule,notice,,고시,nlic_admrul,norm:Notice,true,보건복지부,true,nlic_api_20260920k,,,,,2100000256782,2025-46,20250322,20250322,고시,고시|노숙인진료시설 지정 등에 관한 고시
DOC-002347,LAW-KR-000143,농림축산검역본부 생물안전관리규정,v14_출처문서명,admin_rule,established_rule,,예규,nlic_admrul,norm:EstablishedRule,true,농림축산검역본부,true,nlic_api,,,DOC-000567,내용 다름(겹침 81%),,,,,고시,고시|농림축산검역본부 생물안전관리규정
DOC-002348,LAW-KR-000143,대학생 현장실습학기제 운영규정,v14_출처문서명,admin_rule,notice,,고시,nlic_admrul,norm:Notice,true,교육부,true,nlic_api,,,DOC-001530,내용 다름(겹침 0%),,,,,고시,고시|대학생 현장실습학기제 운영규정
DOC-002349,LAW-KR-000143,디지털의료기기 임상시험등 계획 승인 및 실시·관리에 관한 규정,v14_출처문서명,admin_rule,notice,,고시,nlic_admrul,norm:Notice,true,식품의약품안전처,true,nlic_api,,,DOC-002224,동일 사본,,,,,고시,고시|디지털의료기기 임상시험등 계획 승인 및 실시·관리에 관한 규정
DOC-002350,LAW-KR-000143,디지털의료제품 허가·인증·신고·심사 및 평가 등에 관한 규정,v14_출처문서명,admin_rule,notice,,고시,nlic_admrul,norm:Notice,true,식품의약품안전처,true,nlic_api,,,DOC-002226,동일 사본,,,,,고시,고시|디지털의료제품 허가·인증·신고·심사 및 평가 등에 관한 규정
DOC-002351,LAW-KR-000143,만성질환관리에 대한 요양급여비용의 가산지급기준,v14_출처문서명,admin_rule,notice,,고시,nlic_admrul,norm:Notice,true,보건복지부,true,nlic_api_20260920k,,,,,2100000219942,2023-36,20230224,20230224,고시,고시|만성질환관리에 대한 요양급여비용의 가산지급기준
DOC-002352,LAW-KR-000143,매년 잠복결핵감염검진 실시 의료기관 종사자의 범위,v14_출처문서명,admin_rule,notice,,고시,nlic_admrul,norm:Notice,true,질병관리청,true,nlic_api,DOC-000400,UNIT-0167259,,,,,,,고시,고시|매년 잠복결핵감염검진 실시 의료기관 종사자의 범위
DOC-002353,LAW-KR-000143,면허·자격 증명 발급규정,v14_출처문서명,admin_rule,established_rule,,예규,nlic_admrul,norm:EstablishedRule,true,보건복지부,true,nlic_api,,,DOC-001891,동일 사본,,,,,고시,고시|면허·자격 증명 발급규정
DOC-002354,LAW-KR-000143,면허재교부 교육프로그램 실시기관 지정 고시,v14_출처문서명,admin_rule,notice,,고시,nlic_admrul,norm:Notice,true,보건복지부,true,nlic_api_20260920k,,,,,2100000236416,2024-25,20240215,20240215,고시,고시|면허재교부 교육프로그램 실시기관 지정 고시
DOC-002355,LAW-KR-000143,보건의료 분야 개인정보 전송에 관한 고시,v14_출처문서명,admin_rule,notice,,고시,nlic_admrul,norm:Notice,true,개인정보보호위원회,true,nlic_api_20260920k,,,,,2100000275784,2026-3,20260318,20260318,고시,고시|보건의료 분야 개인정보 전송에 관한 고시
DOC-002356,LAW-KR-000143,보건의료 시책상 필요한 특수의료장비,v14_출처문서명,admin_rule,notice,,고시,nlic_admrul,norm:Notice,true,보건복지부,true,nlic_api_20260920k,,,,,2100000254906,2025-29,20250221,20250221,고시,고시|보건의료 시책상 필요한 특수의료장비
DOC-002357,LAW-KR-000143,보건의료데이터 용어 및 전송 표준,v14_출처문서명,admin_rule,notice,,고시,nlic_admrul,norm:Notice,true,보건복지부,true,nlic_api_20260920k,,,,,2100000271160,2025-244,20251231,20251231,고시,고시|보건의료데이터 용어 및 전송 표준
DOC-002358,LAW-KR-000143,보건의료인 행정처분심의위원회의 설치 및 운영에 관한 예규,v14_출처문서명,admin_rule,established_rule,,예규,nlic_admrul,norm:EstablishedRule,true,보건복지부,true,nlic_api,,,DOC-001895,동일 사본,,,,,고시,고시|보건의료인 행정처분심의위원회의 설치 및 운영에 관한 예규
DOC-002359,LAW-KR-000143,보건의료인국가시험 응시자격 관련 외국 학교 등 인정기준,v14_출처문서명,admin_rule,notice,,고시,nlic_admrul,norm:Notice,true,보건복지부,true,nlic_api,,,DOC-001896,동일 사본,,,,,고시,고시|보건의료인국가시험 응시자격 관련 외국 학교 등 인정기준
DOC-002360,LAW-KR-000143,보훈병원에서 진료비용의 산정과 청구·심사·지급에 관한 업무처리 기준,v14_출처문서명,admin_rule,notice,,고시,nlic_admrul,norm:Notice,true,국가보훈부,true,nlic_api_20260920k,,,,,2100000248406,2024-13,20241022,20241022,고시,고시|보훈병원에서 진료비용의 산정과 청구·심사·지급에 관한 업무처리 기준
DOC-002361,LAW-KR-000143,본인일부부담금 산정특례에 관한 기준,v14_출처문서명,admin_rule,notice,,고시,nlic_admrul,norm:Notice,true,보건복지부,true,nlic_api_20260920k,,,,,2100000283320,2026-162,20260730,20260731,고시,고시|본인일부부담금 산정특례에 관한 기준
DOC-002362,LAW-KR-000143,본인진료기록열람지원시스템 구축·운영 등에 관한 고시,v14_출처문서명,admin_rule,notice,,고시,nlic_admrul,norm:Notice,true,보건복지부,true,nlic_api_20260920k,,,,,2100000284988,2026-187,20260911,20260911,고시,고시|본인진료기록열람지원시스템 구축·운영 등에 관한 고시
DOC-002363,LAW-KR-000143,불법 개설 의료기관 실태조사 업무 위탁 고시,v14_출처문서명,admin_rule,notice,,고시,nlic_admrul,norm:Notice,true,보건복지부,true,nlic_api_20260920k,,,,,2100000257226,2025-58,20250403,20250403,고시,고시|불법 개설 의료기관 실태조사 업무 위탁 고시
DOC-002364,LAW-KR-000143,비급여 진료비용 등의 고지 지침,v14_출처문서명,admin_rule,notice,,고시,nlic_admrul,norm:Notice,true,보건복지부,true,nlic_api_20260920k,,,,,2100000230772,2023-192,20231025,20231025,고시,고시|비급여 진료비용 등의 고지 지침
DOC-002365,LAW-KR-000143,비급여 진료비용 등의 보고 및 공개에 관한 기준,v14_출처문서명,admin_rule,notice,,고시,nlic_admrul,norm:Notice,true,보건복지부,true,nlic_api_20260920k,,,,,2100000274952,2026-38,20260223,20260223,고시,고시|비급여 진료비용 등의 보고 및 공개에 관한 기준
DOC-002366,LAW-KR-000143,사전연명의료의향서 등록기관 지정 기준 및 그 절차와 방법 등에 관한 세부 규정,v14_출처문서명,admin_rule,notice,,고시,nlic_admrul,norm:Notice,true,보건복지부,true,nlic_api_20260920k,,,DOC-000775,내용 다름(겹침 0%),2100000214737,2022-221,20220927,20220927,고시,고시|사전연명의료의향서 등록기관 지정 기준 및 그 절차와 방법 등에 관한 세부 규정
DOC-002367,LAW-KR-000143,사회서비스 제공자 인력배치기준의 특례,v14_출처문서명,admin_rule,notice,,고시,nlic_admrul,norm:Notice,true,보건복지부,true,nlic_api_20260920k,,,,,2100000269190,2025-203,20251204,20251204,고시,고시|사회서비스 제공자 인력배치기준의 특례
DOC-002368,LAW-KR-000143,산업기술혁신사업 공통 운영요령,v14_출처문서명,admin_rule,notice,,고시,nlic_admrul,norm:Notice,true,산업통상부,true,nlic_api,,,DOC-001349,동일 사본,,,,,고시,고시|산업기술혁신사업 공통 운영요령
DOC-002369,LAW-KR-000143,산업단지 입주기업 종사자 등에 관한 주택특별공급 운영기준,v14_출처문서명,admin_rule,notice,,고시,nlic_admrul,norm:Notice,true,국토교통부,true,nlic_api,,,DOC-001331,동일 사본,,,,,고시,고시|산업단지 입주기업 종사자 등에 관한 주택특별공급 운영기준
DOC-002370,LAW-KR-000143,상급종합병원의 지정 및 평가 규정,v14_출처문서명,admin_rule,notice,,고시,nlic_admrul,norm:Notice,true,보건복지부,true,nlic_api_20260920k,,,,,2100000277002,2026-83,20260403,20260403,고시,고시|상급종합병원의 지정 및 평가 규정
DOC-002371,LAW-KR-000143,수입요건확인 면제대상 물품 중 의약품등의 추천요령,v14_출처문서명,admin_rule,notice,,고시,nlic_admrul,norm:Notice,true,식품의약품안전처,true,nlic_api,,,DOC-001919,동일 사본,,,,,고시,고시|수입요건확인 면제대상 물품 중 의약품등의 추천요령
DOC-002372,LAW-KR-000143,식품의약품안전처 공무원 고충처리 규정,v14_출처문서명,admin_rule,established_rule,,예규,nlic_admrul,norm:EstablishedRule,true,식품의약품안전처,true,nlic_api_20260920k,,,,,2100000232684,200,20231129,20231129,고시,고시|식품의약품안전처 공무원 고충처리 규정
DOC-002373,LAW-KR-000143,식품의약품안전처 민간광고검증단 운영 규정,v14_출처문서명,admin_rule,established_rule,,예규,nlic_admrul,norm:EstablishedRule,true,식품의약품안전처,true,nlic_api,,,DOC-001776,동일 사본,,,,,고시,고시|식품의약품안전처 민간광고검증단 운영 규정
DOC-002374,LAW-KR-000143,신의료기술평가위원회 선임고문 위촉 및 운영에 관한 규정,v14_출처문서명,admin_rule,established_rule,,예규,nlic_admrul,norm:EstablishedRule,true,보건복지부,true,nlic_api_20260920k,,,,,2000000026486,57,20131218,20131218,고시,고시|신의료기술평가위원회 선임고문 위촉 및 운영에 관한 규정
DOC-002375,LAW-KR-000143,신의료기술평가위원회 운영에 관한 규정,v14_출처문서명,admin_rule,established_rule,,예규,nlic_admrul,norm:EstablishedRule,true,보건복지부,true,nlic_api_20260920k,,,,,2100000268214,152,20251118,20251118,고시,고시|신의료기술평가위원회 운영에 관한 규정
DOC-002376,LAW-KR-000143,업무위탁기관의 지정 등에 관한 고시,v14_출처문서명,admin_rule,notice,,고시,nlic_admrul,norm:Notice,true,고용노동부,true,nlic_api_20260920k,,,,,2100000218739,2023-5,20230131,20230131,고시,고시|업무위탁기관의 지정 등에 관한 고시
DOC-002377,LAW-KR-000143,업무정지처분에 갈음한 과징금 적용기준,v14_출처문서명,admin_rule,notice,,고시,nlic_admrul,norm:Notice,true,보건복지부,true,nlic_api_20260920k,,,,,2100000212615,2022-165,20220630,20220630,고시,고시|업무정지처분에 갈음한 과징금 적용기준
DOC-002378,LAW-KR-000143,에너지기술개발사업 공통 운영요령,v14_출처문서명,admin_rule,notice,,고시,nlic_admrul,norm:Notice,true,기후에너지환경부,true,nlic_api,,,DOC-001817,동일 사본,,,,,고시,고시|에너지기술개발사업 공통 운영요령
DOC-002379,LAW-KR-000143,연구실안전 및 생물안전 관리 등에 관한 규정,v14_출처문서명,admin_rule,established_rule,,예규,nlic_admrul,norm:EstablishedRule,true,질병관리청,true,nlic_api,DOC-000057,UNIT-0032064,DOC-000570,내용 다름(겹침 80%),,,,,고시,고시|연구실안전 및 생물안전 관리 등에 관한 규정
DOC-002380,LAW-KR-000143,오송생명과학단지지원센터 보통고충심사위원회 규정,v14_출처문서명,admin_rule,established_rule,,예규,nlic_admrul,norm:EstablishedRule,true,오송생명과학단지지원센터,true,nlic_api_20260920k,,,,,2100000220778,43,20230227,20230227,고시,고시|오송생명과학단지지원센터 보통고충심사위원회 규정
DOC-002381,LAW-KR-000143,오송생명과학단지지원센터 의무실 관리운영 규정,v14_출처문서명,admin_rule,established_rule,,예규,nlic_admrul,norm:EstablishedRule,true,오송생명과학단지지원센터,true,nlic_api_20260920k,,,,,2100000212489,36,20220627,20220627,고시,고시|오송생명과학단지지원센터 의무실 관리운영 규정
DOC-002382,LAW-KR-000143,외국 의사·치과의사의 국내 연수 중 제한적 의료행위 승인에 관한 고시,v14_출처문서명,admin_rule,notice,,고시,nlic_admrul,norm:Notice,true,보건복지부,true,nlic_api_20260920k,,,,,2100000216434,2022-271,20221202,20221202,고시,고시|외국 의사·치과의사의 국내 연수 중 제한적 의료행위 승인에 관한 고시
DOC-002383,LAW-KR-000143,외국인관광객 미용성형 의료용역에 대한 부가가치세의 특례 관련 고시,v14_출처문서명,admin_rule,notice,,고시,nlic_admrul,norm:Notice,true,보건복지부,true,nlic_api_20260920k,,,,,2100000190797,2020-140,20200701,20200701,고시,고시|외국인관광객 미용성형 의료용역에 대한 부가가치세의 특례 관련 고시
DOC-002384,LAW-KR-000143,외래진료 본인부담차등 기준 등에 관한 고시,v14_출처문서명,admin_rule,notice,,고시,nlic_admrul,norm:Notice,true,보건복지부,true,nlic_api_20260920k,,,,,2100000243466,2024-131,20240628,20240701,고시,고시|외래진료 본인부담차등 기준 등에 관한 고시
DOC-002385,LAW-KR-000143,요양급여대상·비급여대상 여부 확인의 절차와 방법 등에 관한 기준,v14_출처문서명,admin_rule,notice,,고시,nlic_admrul,norm:Notice,true,보건복지부,true,nlic_api,,,DOC-002240,동일 사본,,,,,고시,고시|요양급여대상·비급여대상 여부 확인의 절차와 방법 등에 관한 기준
DOC-002386,LAW-KR-000143,요양급여비용 심사·지급업무 처리기준,v14_출처문서명,admin_rule,notice,,고시,nlic_admrul,norm:Notice,true,보건복지부,true,nlic_api,,,DOC-001069,동일 사본,,,,,고시,고시|요양급여비용 심사·지급업무 처리기준
DOC-002387,LAW-KR-000143,요양기관 간 동일성분 의약품 중복투약 관리에 관한 기준,v14_출처문서명,admin_rule,notice,,고시,nlic_admrul,norm:Notice,true,보건복지부,true,nlic_api,,,DOC-001933,동일 사본,,,,,고시,고시|요양기관 간 동일성분 의약품 중복투약 관리에 관한 기준
DOC-002388,LAW-KR-000143,우체국실손의료보험계약의 보험금 청구 전산화에 관한 고시,v14_출처문서명,admin_rule,notice,,고시,nlic_admrul,norm:Notice,true,우정사업본부,true,nlic_api,,,DOC-001935,동일 사본,,,,,고시,고시|우체국실손의료보험계약의 보험금 청구 전산화에 관한 고시
DOC-002389,LAW-KR-000143,음압격리병실 설치 및 운영에 관한 고시,v14_출처문서명,admin_rule,notice,,고시,nlic_admrul,norm:Notice,true,보건복지부,true,nlic_api,,,,,,,,,고시,고시|음압격리병실 설치 및 운영에 관한 고시
DOC-002390,LAW-KR-000143,의료관광호텔의 시설분리 기준,v14_출처문서명,admin_rule,notice,,고시,nlic_admrul,norm:Notice,true,문화체육관광부,true,nlic_api,,,DOC-000694,내용 다름(겹침 0%),,,,,고시,고시|의료관광호텔의 시설분리 기준
DOC-002391,LAW-KR-000143,의료관련감염 감시 시스템 운영에 관한 규정,v14_출처문서명,admin_rule,notice,,고시,nlic_admrul,norm:Notice,true,질병관리청,true,nlic_api_20260920k,,,,,2100000263158,2025-9,20250819,20250819,고시,고시|의료관련감염 감시 시스템 운영에 관한 규정
DOC-002392,LAW-KR-000143,의료관련감염 자율보고 운영에 관한 규정,v14_출처문서명,admin_rule,notice,,고시,nlic_admrul,norm:Notice,true,질병관리청,true,nlic_api_20260920k,,,,,2100000199808,2021-3,20210405,20210405,고시,고시|의료관련감염 자율보고 운영에 관한 규정
DOC-002393,LAW-KR-000143,의료급여 외래진료 본인부담차등 기준 등에 관한 고시,v14_출처문서명,admin_rule,notice,,고시,nlic_admrul,norm:Notice,true,보건복지부,true,nlic_api_20260920k,,,,,2100000271124,2025-248,20251230,20260101,고시,고시|의료급여 외래진료 본인부담차등 기준 등에 관한 고시
DOC-002394,LAW-KR-000143,의료급여기관 간 동일성분 의약품 중복투약 관리에 관한 기준,v14_출처문서명,admin_rule,notice,,고시,nlic_admrul,norm:Notice,true,보건복지부,true,nlic_api,,,DOC-001941,동일 사본,,,,,고시,고시|의료급여기관 간 동일성분 의약품 중복투약 관리에 관한 기준
DOC-002395,LAW-KR-000143,의료급여수가의 기준 및 일반기준,v14_출처문서명,admin_rule,notice,,고시,nlic_admrul,norm:Notice,true,보건복지부,true,nlic_api,,,DOC-002198,동일 사본,,,,,고시,고시|의료급여수가의 기준 및 일반기준
DOC-002396,LAW-KR-000143,의료기관 사용 기구 및 물품 소독 지침,v14_출처문서명,admin_rule,notice,,고시,nlic_admrul,norm:Notice,true,보건복지부,true,nlic_api,DOC-000400,UNIT-0166724,,,,,,,고시,고시|의료기관 사용 기구 및 물품 소독 지침
DOC-002397,LAW-KR-000143,의료기관 조제실 제제 제조 의료기관 지정,v14_출처문서명,admin_rule,notice,,고시,nlic_admrul,norm:Notice,true,보건복지부,true,nlic_api,,,DOC-001942,동일 사본,,,,,고시,고시|의료기관 조제실 제제 제조 의료기관 지정
DOC-002398,LAW-KR-000143,의료기관의 제증명수수료 항목 및 금액에 관한 기준,v14_출처문서명,admin_rule,notice,,고시,nlic_admrul,norm:Notice,true,보건복지부,true,nlic_api_20260920k,,,,,2100000197953,2021-34,20210205,20210205,고시,고시|의료기관의 제증명수수료 항목 및 금액에 관한 기준
DOC-002399,LAW-KR-000143,의료기관의 종류별 표준업무규정,v14_출처문서명,admin_rule,notice,,고시,nlic_admrul,norm:Notice,true,보건복지부,true,nlic_api_20260920k,,,,,2100000191305,2020-140,20200701,20200701,고시,고시|의료기관의 종류별 표준업무규정
DOC-002400,LAW-KR-000143,의료기기 시판 후 조사에 관한 규정,v14_출처문서명,admin_rule,notice,,고시,nlic_admrul,norm:Notice,true,식품의약품안전처,true,nlic_api,,,DOC-002251,동일 사본,,,,,고시,고시|의료기기 시판 후 조사에 관한 규정
DOC-002401,LAW-KR-000143,의료기기 임상시험 기본문서 관리에 관한 규정,v14_출처문서명,admin_rule,notice,,고시,nlic_admrul,norm:Notice,true,식품의약품안전처,true,nlic_api,,,DOC-002254,동일 사본,,,,,고시,고시|의료기기 임상시험 기본문서 관리에 관한 규정
DOC-002402,LAW-KR-000143,의료기기 제조허가등 갱신에 관한 규정,v14_출처문서명,admin_rule,notice,,고시,nlic_admrul,norm:Notice,true,식품의약품안전처,true,nlic_api,,,DOC-002260,동일 사본,,,,,고시,고시|의료기기 제조허가등 갱신에 관한 규정
DOC-002403,LAW-KR-000143,의료법인 및 비영리법인의 의료기관 개설을 위한 세부 기준,v14_출처문서명,admin_rule,notice,,고시,nlic_admrul,norm:Notice,true,보건복지부,true,nlic_api_20260920k,,,,,2100000086171,2017-66,20170406,20170406,고시,고시|의료법인 및 비영리법인의 의료기관 개설을 위한 세부 기준
DOC-002404,LAW-KR-000143,의료인 등의 명찰표시내용 등에 관한 기준,v14_출처문서명,admin_rule,notice,,고시,nlic_admrul,norm:Notice,true,보건복지부,true,nlic_api_20260920k,,,,,2100000202913,2021-188,20210701,20210701,고시,고시|의료인 등의 명찰표시내용 등에 관한 기준
DOC-002405,LAW-KR-000143,의료질평가지원금 산정을 위한 기준,v14_출처문서명,admin_rule,notice,,고시,nlic_admrul,norm:Notice,true,보건복지부,true,nlic_api_20260920k,,,,,2100000281092,2026-132,20260624,20260624,고시,고시|의료질평가지원금 산정을 위한 기준
DOC-002406,LAW-KR-000143,의사 국가시험의 실기시험 합격자 결정방법,v14_출처문서명,admin_rule,notice,,고시,nlic_admrul,norm:Notice,true,보건복지부,true,nlic_api_20260920k,,,,,2100000192500,2020-121,20200616,20200908,고시,고시|의사 국가시험의 실기시험 합격자 결정방법
DOC-002407,LAW-KR-000143,의사 당직의료인 운영규정,v14_출처문서명,admin_rule,established_rule,,예규,nlic_admrul,norm:EstablishedRule,true,국립마산병원,true,nlic_api_20260920k,,,,,2100000218881,301,20230206,20230206,고시,고시|의사 당직의료인 운영규정
DOC-002408,LAW-KR-000143,의약분업 예외지역 지정 등에 관한 규정,v14_출처문서명,admin_rule,notice,,고시,nlic_admrul,norm:Notice,true,보건복지부,true,nlic_api,,,DOC-001945,동일 사본,,,,,고시,고시|의약분업 예외지역 지정 등에 관한 규정
DOC-002409,LAW-KR-000143,인력양성 특정분야 고시,v14_출처문서명,admin_rule,notice,,고시,nlic_admrul,norm:Notice,true,교육부,true,nlic_api,,,DOC-001534,동일 사본,,,,,고시,고시|인력양성 특정분야 고시
DOC-002410,LAW-KR-000130,(경찰청)자율방범대 복장·차량·장비·교육에 관한 고시,v14_출처문서명,admin_rule,notice,,고시,nlic_admrul,norm:Notice,true,경찰청,true,nlic_api_20260920k,,,,,2100000270066,2025-6,20251203,20251203,고시,고시|(경찰청)자율방범대 복장·차량·장비·교육에 관한 고시
DOC-002411,LAW-KR-000130,(기후에너지환경부) 자동차의 재활용가능률평가방법,v14_출처문서명,admin_rule,notice,,고시,nlic_admrul,norm:Notice,true,기후에너지환경부,true,nlic_api_20260920k,,,,,2100000265148,2025-165,20251001,20251001,고시,고시|(기후에너지환경부) 자동차의 재활용가능률평가방법
DOC-002412,LAW-KR-000130,(산업통상자원부) 자동차의 재활용가능률평가방법,v14_출처문서명,admin_rule,notice,,고시,nlic_admrul,norm:Notice,true,산업통상부,true,nlic_api_20260920k,,,,,2200000039064,2015-175,20150820,20150820,고시,고시|(산업통상자원부) 자동차의 재활용가능률평가방법
DOC-002413,LAW-KR-000130,간선급행버스체계(BRT) 전용차량 중 신교통형 전용차량 종류 고시,v14_출처문서명,admin_rule,notice,,고시,nlic_admrul,norm:Notice,true,국토교통부,true,nlic_api_20260920k,,,,,2100000210763,2022-209,20220420,20220420,고시,고시|간선급행버스체계(BRT) 전용차량 중 신교통형 전용차량 종류 고시
DOC-002414,LAW-KR-000130,경인지방데이터청 공무용 차량 관리지침,v14_출처문서명,admin_rule,established_rule,,예규,nlic_admrul,norm:EstablishedRule,true,경인지방데이터청,true,nlic_api,DOC-000361,UNIT-0148045,,대표,,,,,고시,고시|경인지방데이터청 공무용 차량 관리지침
DOC-002415,LAW-KR-000130,남북한간 수송장비 운행 승인신청 및 승인기준에 관한 고시,v14_출처문서명,admin_rule,notice,,고시,nlic_admrul,norm:Notice,true,통일부,true,nlic_api_20260920k,,,,,2100000207988,2021-8,20211215,20211215,고시,고시|남북한간 수송장비 운행 승인신청 및 승인기준에 관한 고시
DOC-002416,LAW-KR-000130,남해어업관리단 공용차량 관리 운영 규정,v14_출처문서명,admin_rule,established_rule,,예규,nlic_admrul,norm:EstablishedRule,true,남해어업관리단,true,nlic_api,,,,,,,,,고시,고시|남해어업관리단 공용차량 관리 운영 규정
DOC-002417,LAW-KR-000130,농림축산검역본부 공용차량관리운영지침,v14_출처문서명,admin_rule,established_rule,,예규,nlic_admrul,norm:EstablishedRule,true,농림축산검역본부,true,nlic_api,DOC-000361,UNIT-0148045,,대표,,,,,고시,고시|농림축산검역본부 공용차량관리운영지침
DOC-002418,LAW-KR-000130,대한민국 정부와 중화인민공화국 정부 간의 해상육상 복합 화물자동차 운송협정 및 자동차관리의 특례에 관한 규칙 시행에 관한 요령,v14_출처문서명,admin_rule,notice,,고시,nlic_admrul,norm:Notice,true,국토교통부,true,nlic_api_20260920k,,,,,2100000185703,2019-969,20191231,20191231,고시,고시|대한민국 정부와 중화인민공화국 정부 간의 해상육상 복합 화물자동차 운송협정 및 자동차관리의 특례에 관한 규칙 시행에 관한 요령
DOC-002419,LAW-KR-000130,대한민국에 상주하는 외국 공관과 공관원 자동차의 관리에 관한 예규,v14_출처문서명,admin_rule,established_rule,,예규,nlic_admrul,norm:EstablishedRule,true,외교부,true,nlic_api_20260920k,,,,,2100000018760,73,20150430,20150430,고시,고시|대한민국에 상주하는 외국 공관과 공관원 자동차의 관리에 관한 예규
DOC-002420,LAW-KR-000130,도로교통에 관한 협약의 시행에 관한 요령,v14_출처문서명,admin_rule,notice,,고시,nlic_admrul,norm:Notice,true,국토교통부,true,nlic_api_20260920k,,,,,2100000174677,2018-895,20181226,20181226,고시,고시|도로교통에 관한 협약의 시행에 관한 요령
DOC-002421,LAW-KR-000130,동해어업관리단 공무용 차량 운영관리 규정,v14_출처문서명,admin_rule,established_rule,,예규,nlic_admrul,norm:EstablishedRule,true,동해어업관리단,true,nlic_api,DOC-000361,UNIT-0148045,,,,,,,고시,고시|동해어업관리단 공무용 차량 운영관리 규정
DOC-002422,LAW-KR-000130,마산지방해양수산청 공용차량 관리 및 운영지침,v14_출처문서명,admin_rule,established_rule,,예규,nlic_admrul,norm:EstablishedRule,true,마산지방해양수산청,true,nlic_api,DOC-000361,UNIT-0148045,,대표,,,,,고시,고시|마산지방해양수산청 공용차량 관리 및 운영지침
DOC-002423,LAW-KR-000130,목포연안 및 국제여객터미널 부설주차장 주차요금 징수에 관한 고시,v14_출처문서명,admin_rule,notice,,고시,nlic_admrul,norm:Notice,true,목포지방해양수산청,true,nlic_api_20260920k,,,,대표,2100000259468,2025-27,20250523,20250701,고시,고시|목포연안 및 국제여객터미널 부설주차장 주차요금 징수에 관한 고시
DOC-002424,LAW-KR-000130,보험사기방지업무 감독규정,v14_출처문서명,admin_rule,notice,,고시,nlic_admrul,norm:Notice,true,금융위원회,true,nlic_api_20260920k,,,,,2100000251440,2024-58,20241224,20241224,고시,고시|보험사기방지업무 감독규정
DOC-002425,LAW-KR-000130,부산지방해양수산청 공무용 차량 관리 지침,v14_출처문서명,admin_rule,established_rule,,예규,nlic_admrul,norm:EstablishedRule,true,부산지방해양수산청,true,nlic_api,DOC-000361,UNIT-0148045,,대표,,,,,고시,고시|부산지방해양수산청 공무용 차량 관리 지침
DOC-002426,LAW-KR-000130,사망자 및 피후견인 등 재산조회 통합처리에 관한 기준,v14_출처문서명,admin_rule,established_rule,,예규,nlic_admrul,norm:EstablishedRule,true,행정안전부,true,nlic_api_20260920k,,,,,2100000260688,329,20250623,20250623,고시,고시|사망자 및 피후견인 등 재산조회 통합처리에 관한 기준
DOC-002427,LAW-KR-000130,사용신고 대상에서 제외되는 이륜자동차에 대한 고시,v14_출처문서명,admin_rule,notice,,고시,nlic_admrul,norm:Notice,true,국토교통부,true,nlic_api_20260920k,,,,,2100000261134,2025-368,20250630,20250630,고시,고시|사용신고 대상에서 제외되는 이륜자동차에 대한 고시
DOC-002428,LAW-KR-000130,서해어업관리단 공무용 차량 관리 운영 규정,v14_출처문서명,admin_rule,established_rule,,예규,nlic_admrul,norm:EstablishedRule,true,서해어업관리단,true,nlic_api,DOC-000361,UNIT-0148045,,,,,,,고시,고시|서해어업관리단 공무용 차량 관리 운영 규정
DOC-002429,LAW-KR-000130,세월호 선체조사위원회 공용차량 운영규정,v14_출처문서명,admin_rule,established_rule,,예규,nlic_admrul,norm:EstablishedRule,true,세월호 선체조사위원회,true,nlic_api,DOC-000361,UNIT-0148045,,,,,,,고시,고시|세월호 선체조사위원회 공용차량 운영규정
DOC-002430,LAW-KR-000130,소방자동차 정비사업소 지정요건 및 소방장비 전문기관 지정 등에 관한 규정,v14_출처문서명,admin_rule,notice,,고시,nlic_admrul,norm:Notice,true,소방청,true,nlic_api_20260920k,,,,,2100000231370,2023-44,20231201,20231201,고시,고시|소방자동차 정비사업소 지정요건 및 소방장비 전문기관 지정 등에 관한 규정
DOC-002431,LAW-KR-000130,수소자동차 충전소의 안전성능 및 계량성능 평가장치 운용에 관한 특례기준,v14_출처문서명,admin_rule,notice,,고시,nlic_admrul,norm:Notice,true,산업통상부,true,nlic_api,DOC-000038,UNIT-0023448,,대표,,,,,고시,고시|수소자동차 충전소의 안전성능 및 계량성능 평가장치 운용에 관한 특례기준
DOC-002432,LAW-KR-000130,신규제작자동차 실내공기질 관리기준,v14_출처문서명,admin_rule,notice,,고시,nlic_admrul,norm:Notice,true,국토교통부,true,nlic_api,DOC-000363,UNIT-0151463,,대표,,,,,고시,고시|신규제작자동차 실내공기질 관리기준
DOC-002433,LAW-KR-000130,이륜자동차검사의 시행 등에 관한 규칙,v14_출처문서명,statutory,ministerial_ordinance,4,,by_layer,norm:SeparateMinisterialRule,true,,true,nlic_api_20260917,,,,,270979,01485,20250428,20250428,부령규칙,부령규칙|이륜자동차검사의 시행 등에 관한 규칙
DOC-002434,LAW-KR-000130,자동차 및 자동차부품의 성능과 기준에 관한 규칙,v14_출처문서명,statutory,ministerial_ordinance,4,,by_layer,norm:SeparateMinisterialRule,true,,true,nlic_api_20260917,,,,,288083,01602,20260710,20260710,부령규칙,부령규칙|자동차 및 자동차부품의 성능과 기준에 관한 규칙
DOC-002435,LAW-KR-000130,자동차관리법 제21조제2항 등의 규정에 따른 행정처분의 기준과 절차에 관한 규칙,v14_출처문서명,statutory,ministerial_ordinance,4,,by_layer,norm:SeparateMinisterialRule,true,,true,nlic_api_20260917,,,,,273379,01521,20250814,20250814,부령규칙,부령규칙|자동차관리법 제21조제2항 등의 규정에 따른 행정처분의 기준과 절차에 관한 규칙
DOC-002436,LAW-KR-000130,자동차관리의 특례에 관한 규칙,v14_출처문서명,statutory,ministerial_ordinance,4,,by_layer,norm:SeparateMinisterialRule,true,,true,nlic_api_20260917,,,,,269363,01453,20250221,20250221,부령규칙,부령규칙|자동차관리의 특례에 관한 규칙
DOC-002437,LAW-KR-000130,자동차종합검사의 시행 등에 관한 규칙,v14_출처문서명,statutory,ministerial_ordinance,4,,by_layer,norm:SeparateMinisterialRule,true,,true,nlic_api_20260917,,,,,280197,01538,20251202,20260101,부령규칙,부령규칙|자동차종합검사의 시행 등에 관한 규칙
DOC-002438,LAW-KR-000023,(해양경찰청) 긴급대응협력관 지정 및 운영에 관한 규정,v14_출처문서명,admin_rule,notice,,고시,nlic_admrul,norm:Notice,true,해양경찰청,true,nlic_api,DOC-000016,UNIT-0012942,,대표,,,,,고시,고시|(해양경찰청) 긴급대응협력관 지정 및 운영에 관한 규정
DOC-002439,LAW-KR-000023,무선설비 공동사용 및 환경친화적 설치에 관한 기준과 절차,v14_출처문서명,admin_rule,notice,,고시,nlic_admrul,norm:Notice,true,중앙전파관리소,true,nlic_api_20260920k,,,,대표,2100000245302,2024-4,20240731,20240731,고시,고시|무선설비 공동사용 및 환경친화적 설치에 관한 기준과 절차
DOC-002440,LAW-KR-000023,자연공원 공원자연환경지구 내 농막 설치 기준,v14_출처문서명,admin_rule,notice,,고시,nlic_admrul,norm:Notice,true,기후에너지환경부,true,nlic_api_20260920k,,,,,2100000267684,2025-165,20251001,20251007,고시,고시|자연공원 공원자연환경지구 내 농막 설치 기준
DOC-002441,LAW-KR-000023,자연공원 내 숙박시설 및 탐방로 입지적정성 평가기준 및 방법 등에 관한 규정,v14_출처문서명,admin_rule,notice,,고시,nlic_admrul,norm:Notice,true,기후에너지환경부,true,nlic_api_20260920k,,,,,2100000267682,2025-165,20251001,20251007,고시,고시|자연공원 내 숙박시설 및 탐방로 입지적정성 평가기준 및 방법 등에 관한 규정
DOC-002442,LAW-KR-000023,지질공원 인증 세부기준,v14_출처문서명,admin_rule,notice,,고시,nlic_admrul,norm:Notice,true,기후에너지환경부,true,nlic_api_20260920k,,,,,2100000265996,2025-12,20251030,20251030,고시,고시|지질공원 인증 세부기준
DOC-002443,LAW-KR-000023,환경오염행위 신고 및 포상금 지급 규정,v14_출처문서명,admin_rule,notice,,고시,nlic_admrul,norm:Notice,true,기후에너지환경부,true,nlic_api,,,DOC-000932,동일 사본,,,,,고시,고시|환경오염행위 신고 및 포상금 지급 규정
DOC-002444,LAW-KR-000023,자연공원법 시행규칙,v14_출처문서명,statutory,ministerial_ordinance,4,,by_layer,norm:EnforcementRule,true,,true,nlic_api_20260920t,,,,,278977,00001,20251001,20251001,시행규칙,시행규칙|자연공원법 시행규칙
DOC-002445,LAW-KR-000128,자연재해위험개선지구 정비사업의 분석·평가 방법 및 절차 등에 관한 규정,v14_출처문서명,admin_rule,notice,,고시,nlic_admrul,norm:Notice,true,행정안전부,true,nlic_api,DOC-000355,UNIT-0142657,,,,,,,고시,고시|자연재해위험개선지구 정비사업의 분석·평가 방법 및 절차 등에 관한 규정
DOC-002446,LAW-KR-000128,자연재해저감 종합계획 검토회의 운영규정,v14_출처문서명,admin_rule,established_rule,,예규,nlic_admrul,norm:EstablishedRule,true,행정안전부,true,nlic_api,DOC-000355,UNIT-0143099,,,,,,,고시,고시|자연재해저감 종합계획 검토회의 운영규정
DOC-002447,LAW-KR-000128,재해복구사업분과위원회 운영규정,v14_출처문서명,admin_rule,established_rule,,예규,nlic_admrul,norm:EstablishedRule,true,행정안전부,true,nlic_api,DOC-000356,UNIT-0144170,,,,,,,고시,고시|재해복구사업분과위원회 운영규정
DOC-002448,LAW-KR-000098,국립생물자원관 교육프로그램 운영 규정,v14_출처문서명,admin_rule,established_rule,,예규,nlic_admrul,norm:EstablishedRule,true,국립생물자원관,true,nlic_api_20260920k,,,,,2100000227754,241,20230807,20230807,고시,고시|국립생물자원관 교육프로그램 운영 규정
DOC-002449,LAW-KR-000098,국토환경성평가지도 작성 및 운영지침,v14_출처문서명,admin_rule,established_rule,,예규,nlic_admrul,norm:EstablishedRule,true,기후에너지환경부,true,nlic_api_20260920k,,,,,2100000267448,4,20251105,20251111,고시,고시|국토환경성평가지도 작성 및 운영지침
DOC-002450,LAW-KR-000098,대구지방환경청 보호지역 관리위원회 운영규정,v14_출처문서명,admin_rule,established_rule,,예규,nlic_admrul,norm:EstablishedRule,true,대구지방환경청,true,nlic_api_20260920k,,,,,2100000213414,104,20220721,20220721,고시,고시|대구지방환경청 보호지역 관리위원회 운영규정
DOC-002451,LAW-KR-000098,도시생태현황지도의 작성방법에 관한 지침,v14_출처문서명,admin_rule,notice,,고시,nlic_admrul,norm:Notice,true,기후에너지환경부,true,nlic_api_20260920k,,,,,2100000267096,2025-165,20251001,20251001,고시,고시|도시생태현황지도의 작성방법에 관한 지침
DOC-002452,LAW-KR-000098,보호지역 협의회 운영에 관한 규정,v14_출처문서명,admin_rule,established_rule,,예규,nlic_admrul,norm:EstablishedRule,true,원주지방환경청,true,nlic_api_20260920k,,,,,2100000177969,112,20190221,20190221,고시,고시|보호지역 협의회 운영에 관한 규정
DOC-002453,LAW-KR-000098,생태ㆍ자연도 작성지침,v14_출처문서명,admin_rule,established_rule,,예규,nlic_admrul,norm:EstablishedRule,true,기후에너지환경부,true,nlic_api,,,DOC-001604,동일 사본,,,,,고시,고시|생태ㆍ자연도 작성지침
DOC-002454,LAW-KR-000098,생태계보전부담금 교부금액 산정에 관한 규정,v14_출처문서명,admin_rule,notice,,고시,nlic_admrul,norm:Notice,true,기후에너지환경부,true,nlic_api_20260920k,,,,,2100000265098,2025-165,20251001,20251007,고시,고시|생태계보전부담금 교부금액 산정에 관한 규정
DOC-002455,LAW-KR-000098,생태계보전부담금 신용카드 납부대행기관 및 납부대행수수료,v14_출처문서명,admin_rule,notice,,고시,nlic_admrul,norm:Notice,true,기후에너지환경부,true,nlic_api_20260920k,,,,,2100000265108,2025-165,20251001,20251007,고시,고시|생태계보전부담금 신용카드 납부대행기관 및 납부대행수수료
DOC-002456,LAW-KR-000098,소황사구 보전·관리 협의회 운영규정,v14_출처문서명,admin_rule,established_rule,,예규,nlic_admrul,norm:EstablishedRule,true,금강유역환경청,true,nlic_api_20260920k,,,,,2100000100539,43,20071204,20071204,고시,고시|소황사구 보전·관리 협의회 운영규정
DOC-002457,LAW-KR-000098,오염토양의 반출정화사유,v14_출처문서명,admin_rule,notice,,고시,nlic_admrul,norm:Notice,true,기후에너지환경부,true,nlic_api,,,DOC-001629,동일 사본,,,,,고시,고시|오염토양의 반출정화사유
DOC-002458,LAW-KR-000098,유해화학물질 취급시설 외벽으로부터 보호대상까지의 안전거리 고시,v14_출처문서명,admin_rule,notice,,고시,nlic_admrul,norm:Notice,true,기후에너지환경부,true,nlic_api,DOC-000267,UNIT-0105497,,,,,,,고시,고시|유해화학물질 취급시설 외벽으로부터 보호대상까지의 안전거리 고시
DOC-002459,LAW-KR-000098,자연환경보전명예지도원 위촉 등에 관한 규정,v14_출처문서명,admin_rule,established_rule,,예규,nlic_admrul,norm:EstablishedRule,true,기후에너지환경부,true,nlic_api_20260920k,,,,,2100000266802,4,20251105,20251111,고시,고시|자연환경보전명예지도원 위촉 등에 관한 규정
DOC-002460,LAW-KR-000098,자연환경복원사업 후보목록 우선순위 및 추진실적 등의 평가 세부기준 고시,v14_출처문서명,admin_rule,notice,,고시,nlic_admrul,norm:Notice,true,기후에너지환경부,true,nlic_api_20260920k,,,,,2100000265102,2025-165,20251001,20251007,고시,고시|자연환경복원사업 후보목록 우선순위 및 추진실적 등의 평가 세부기준 고시
DOC-002461,LAW-KR-000098,자연환경해설사 양성기관 지정 및 운영 등에 관한 규정,v14_출처문서명,admin_rule,notice,,고시,nlic_admrul,norm:Notice,true,기후에너지환경부,true,nlic_api_20260920k,,,,,2100000267696,2025-165,20251109,20251115,고시,고시|자연환경해설사 양성기관 지정 및 운영 등에 관한 규정
DOC-002462,LAW-KR-000098,환경영향평가서등 작성 등에 관한 규정,v14_출처문서명,admin_rule,notice,,고시,nlic_admrul,norm:Notice,true,환경부,true,nlic_api_20260920k,,,,대표,2100000265318,2025-10,20251023,20251023,고시,고시|환경영향평가서등 작성 등에 관한 규정
DOC-002463,LAW-KR-000098,환경영향평가서등에 관한 협의업무 처리규정,v14_출처문서명,admin_rule,established_rule,,예규,nlic_admrul,norm:EstablishedRule,true,환경부,true,nlic_api_20260920k,,,,대표,2100000265176,2,20251023,20251023,고시,고시|환경영향평가서등에 관한 협의업무 처리규정
DOC-002464,LAW-KR-000070,1회용 컵 보증금대상사업자 지정 및 처리지원금 단가 고시,v14_출처문서명,admin_rule,notice,,고시,nlic_admrul,norm:Notice,true,기후에너지환경부,true,nlic_api_20260920k,,,,,2100000265020,2025-165,20251001,20251001,고시,고시|1회용 컵 보증금대상사업자 지정 및 처리지원금 단가 고시
DOC-002465,LAW-KR-000070,1회용품 사용규제(무상제공금지 및 사용억제) 제외대상,v14_출처문서명,admin_rule,notice,,고시,nlic_admrul,norm:Notice,true,기후에너지환경부,true,nlic_api,,,DOC-001718,동일 사본,,,,,고시,고시|1회용품 사용규제(무상제공금지 및 사용억제) 제외대상
DOC-002466,LAW-KR-000070,1회용품 사용규제관련 업무처리지침,v14_출처문서명,admin_rule,established_rule,,예규,nlic_admrul,norm:EstablishedRule,true,기후에너지환경부,true,nlic_api,,,DOC-001719,동일 사본,,,,,고시,고시|1회용품 사용규제관련 업무처리지침
DOC-002467,LAW-KR-000070,1회용품 사용규제에서 제외되는 1회용 봉투·쇼핑백,v14_출처문서명,admin_rule,notice,,고시,nlic_admrul,norm:Notice,true,기후에너지환경부,true,nlic_api_20260920k,,,,,2100000220614,2023-51,20230315,20230315,고시,고시|1회용품 사용규제에서 제외되는 1회용 봉투·쇼핑백
DOC-002468,LAW-KR-000070,고형연료제품 제조시설 및 사용시설의 정기검사 절차 및 방법 등에 관한 고시,v14_출처문서명,admin_rule,notice,,고시,nlic_admrul,norm:Notice,true,기후에너지환경부,true,nlic_api,DOC-000196,UNIT-0087192,,,,,,,고시,고시|고형연료제품 제조시설 및 사용시설의 정기검사 절차 및 방법 등에 관한 고시
DOC-002469,LAW-KR-000070,고형연료제품 품질 시험·분석방법,v14_출처문서명,admin_rule,notice,,고시,nlic_admrul,norm:Notice,true,기후에너지환경부,true,nlic_api_20260920k,,,,,2100000267368,2025-165,20251001,20251001,고시,고시|고형연료제품 품질 시험·분석방법
DOC-002470,LAW-KR-000070,고형연료제품의 사용에 적합하다고 인정하는 시설 고시,v14_출처문서명,admin_rule,notice,,고시,nlic_admrul,norm:Notice,true,기후에너지환경부,true,nlic_api,,,DOC-000869,동일 사본,,,,,고시,고시|고형연료제품의 사용에 적합하다고 인정하는 시설 고시
DOC-002471,LAW-KR-000070,고형연료제품의 품질검사 절차 및 방법 등에 관한 고시,v14_출처문서명,admin_rule,notice,,고시,nlic_admrul,norm:Notice,true,기후에너지환경부,true,nlic_api_20260920k,,,,,2100000267386,2025-165,20251001,20251001,고시,고시|고형연료제품의 품질검사 절차 및 방법 등에 관한 고시
DOC-002472,LAW-KR-000070,고형연료제품의 품질표시 방법 및 품질등급 구분 등에 관한 고시,v14_출처문서명,admin_rule,notice,,고시,nlic_admrul,norm:Notice,true,기후에너지환경부,true,nlic_api_20260920k,,,,,2100000267362,2025-165,20251001,20251021,고시,고시|고형연료제품의 품질표시 방법 및 품질등급 구분 등에 관한 고시
DOC-002473,LAW-KR-000070,국내 폐기물 재활용 촉진을 위해 수입이 제한되는 폐기물 품목 고시,v14_출처문서명,admin_rule,notice,,고시,nlic_admrul,norm:Notice,true,기후에너지환경부,true,nlic_api,,,DOC-001663,동일 사본,,,,,고시,고시|국내 폐기물 재활용 촉진을 위해 수입이 제한되는 폐기물 품목 고시
DOC-002474,LAW-KR-000070,금속캔 및 합성수지재질 포장재의 재활용의 방법 및 기준,v14_출처문서명,admin_rule,notice,,고시,nlic_admrul,norm:Notice,true,기후에너지환경부,true,nlic_api_20260920k,,,,대표,2100000266542,2025-165,20251001,20251001,고시,고시|금속캔 및 합성수지재질 포장재의 재활용의 방법 및 기준
DOC-002475,LAW-KR-000070,녹색 제품의 공공구매 촉진을 위한 구매요령,v14_출처문서명,admin_rule,notice,,고시,nlic_admrul,norm:Notice,true,조달청,true,nlic_api,,,DOC-001805,동일 사본,,,,,고시,고시|녹색 제품의 공공구매 촉진을 위한 구매요령
DOC-002476,LAW-KR-000070,분담금 공제를 위한 회수·재활용량 조사방식 및 산정방법,v14_출처문서명,admin_rule,notice,,고시,nlic_admrul,norm:Notice,true,기후에너지환경부,true,nlic_api_20260920k,,,,,2100000266624,2025-165,20251001,20251001,고시,고시|분담금 공제를 위한 회수·재활용량 조사방식 및 산정방법
DOC-002477,LAW-KR-000070,분리배출 표시에 관한 지침,v14_출처문서명,admin_rule,notice,,고시,nlic_admrul,norm:Notice,true,기후에너지환경부,true,nlic_api_20260920k,,,,,2100000283152,2026-189,20260723,20260723,고시,고시|분리배출 표시에 관한 지침
DOC-002478,LAW-KR-000070,순환자원의 유해물질 함유기준,v14_출처문서명,admin_rule,notice,,고시,nlic_admrul,norm:Notice,true,"기후에너지환경부,산업통상부",true,nlic_api,,,DOC-001381,동일 사본,,,,,고시,고시|순환자원의 유해물질 함유기준
DOC-002479,LAW-KR-000070,식품용기 사용 재생원료 기준,v14_출처문서명,admin_rule,notice,,고시,nlic_admrul,norm:Notice,true,기후에너지환경부,true,nlic_api_20260920k,,,DOC-001773,내용 다름(겹침 0%),2100000283168,2026-191,20260727,20260727,고시,고시|식품용기 사용 재생원료 기준
DOC-002480,LAW-KR-000070,우수재활용제품 인증요령,v14_출처문서명,admin_rule,notice,,고시,nlic_admrul,norm:Notice,true,산업통상부,true,nlic_api,,,DOC-001382,동일 사본,,,,,고시,고시|우수재활용제품 인증요령
DOC-002481,LAW-KR-000070,우수조달공동상표 물품 지정 관리규정,v14_출처문서명,admin_rule,notice,,고시,nlic_admrul,norm:Notice,true,조달청,true,nlic_api,,,DOC-001383,동일 사본,,,,,고시,고시|우수조달공동상표 물품 지정 관리규정
DOC-002482,LAW-KR-000070,자원순환보증금 미지급 소매업자 등 신고 및 신고보상금 지급에 관한 지침,v14_출처문서명,admin_rule,notice,,고시,nlic_admrul,norm:Notice,true,기후에너지환경부,true,nlic_api_20260920k,,,,,2100000265022,2025-165,20251001,20251001,고시,고시|자원순환보증금 미지급 소매업자 등 신고 및 신고보상금 지급에 관한 지침
DOC-002483,LAW-KR-000070,자원순환보증금 반환 및 취급수수료·처리지원금 지급관리 등에 관한 지침,v14_출처문서명,admin_rule,established_rule,,예규,nlic_admrul,norm:EstablishedRule,true,기후에너지환경부,true,nlic_api,,,DOC-001788,동일 사본,,,,,고시,고시|자원순환보증금 반환 및 취급수수료·처리지원금 지급관리 등에 관한 지침
DOC-002484,LAW-KR-000070,자원순환보증금 환불문구 및 재사용 또는 재활용 표시에 관한 고시,v14_출처문서명,admin_rule,notice,,고시,nlic_admrul,norm:Notice,true,기후에너지환경부,true,nlic_api_20260920k,,,,,2100000265064,2025-165,20251001,20251001,고시,고시|자원순환보증금 환불문구 및 재사용 또는 재활용 표시에 관한 고시
DOC-002485,LAW-KR-000070,재생원료 사용비율 표시 기준 및 방법,v14_출처문서명,admin_rule,notice,,고시,nlic_admrul,norm:Notice,true,기후에너지환경부,true,nlic_api_20260920k,,,,,2100000275164,2026-35,20260203,20260203,고시,고시|재생원료 사용비율 표시 기준 및 방법
DOC-002486,LAW-KR-000070,재생원료 사용비율 표시 등에 관한 업무처리 지침,v14_출처문서명,admin_rule,established_rule,,예규,nlic_admrul,norm:EstablishedRule,true,기후에너지환경부,true,nlic_api_20260920k,,,,,2100000273780,20,20260127,20260127,고시,고시|재생원료 사용비율 표시 등에 관한 업무처리 지침
DOC-002487,LAW-KR-000070,재제조제품 품질인증요령,v14_출처문서명,admin_rule,notice,,고시,nlic_admrul,norm:Notice,true,국가기술표준원,true,nlic_api,,,DOC-001388,동일 사본,,,,,고시,고시|재제조제품 품질인증요령
DOC-002488,LAW-KR-000070,재활용가능자원등의 비축사업 운영규정 고시,v14_출처문서명,admin_rule,notice,,고시,nlic_admrul,norm:Notice,true,기후에너지환경부,true,nlic_api,DOC-000196,UNIT-0087329,,,,,,,고시,고시|재활용가능자원등의 비축사업 운영규정 고시
DOC-002489,LAW-KR-000070,재활용분담금 결정 등을 위한 공동운영위원회 구성 및 운영에 관한 규정,v14_출처문서명,admin_rule,notice,,고시,nlic_admrul,norm:Notice,true,기후에너지환경부,true,nlic_api_20260920k,,,,,2100000266628,2025-165,20251001,20251001,고시,고시|재활용분담금 결정 등을 위한 공동운영위원회 구성 및 운영에 관한 규정
DOC-002490,LAW-KR-000070,재활용사업자에 관한 고시,v14_출처문서명,admin_rule,notice,,고시,nlic_admrul,norm:Notice,true,기후에너지환경부,true,nlic_api_20260920k,,,,,2100000266606,2025-165,20251001,20251001,고시,고시|재활용사업자에 관한 고시
DOC-002491,LAW-KR-000070,재활용의무이행 인증절차 및 인증표시 등에 관한 고시,v14_출처문서명,admin_rule,notice,,고시,nlic_admrul,norm:Notice,true,기후에너지환경부,true,nlic_api_20260920k,,,,,2100000266632,2025-165,20251001,20251001,고시,고시|재활용의무이행 인증절차 및 인증표시 등에 관한 고시
DOC-002492,LAW-KR-000070,재활용의무이행에 관한 업무처리지침,v14_출처문서명,admin_rule,established_rule,,예규,nlic_admrul,norm:EstablishedRule,true,기후에너지환경부,true,nlic_api_20260920k,,,,,2100000268024,4,20251105,20251105,고시,고시|재활용의무이행에 관한 업무처리지침
DOC-002493,LAW-KR-000070,재활용지정사업자의 재활용 지침,v14_출처문서명,admin_rule,notice,,고시,nlic_admrul,norm:Notice,true,"기후에너지환경부,산업통상부",true,nlic_api_20260920k,,,,,2100000283234,2026-159,20260724,20260724,고시,고시|재활용지정사업자의 재활용 지침
DOC-002494,LAW-KR-000070,제품의 포장재질 및 포장방법에 대한 간이측정방법,v14_출처문서명,admin_rule,notice,,고시,nlic_admrul,norm:Notice,true,기후에너지환경부,true,nlic_api_20260920k,,,,,2100000278086,2026-101,20260420,20260420,고시,고시|제품의 포장재질 및 포장방법에 대한 간이측정방법
DOC-002495,LAW-KR-000070,특허·실용신안 우선심사의 신청에 관한 고시,v14_출처문서명,admin_rule,notice,,고시,nlic_admrul,norm:Notice,true,지식재산처,true,nlic_api,,,DOC-000926,동일 사본,,,,,고시,고시|특허·실용신안 우선심사의 신청에 관한 고시
DOC-002496,LAW-KR-000070,폐기물부담금 면제대상 의료기기 품목,v14_출처문서명,admin_rule,notice,,고시,nlic_admrul,norm:Notice,true,기후에너지환경부,true,nlic_api,,,DOC-002294,동일 사본,,,,,고시,고시|폐기물부담금 면제대상 의료기기 품목
DOC-002497,LAW-KR-000070,폐기물부담금 사무처리규정,v14_출처문서명,admin_rule,established_rule,,예규,nlic_admrul,norm:EstablishedRule,true,기후에너지환경부,true,nlic_api_20260920k,,,,,2100000268034,4,20251105,20251111,고시,고시|폐기물부담금 사무처리규정
DOC-002498,LAW-KR-000070,폐자원에너지 종합정보관리시스템의 입력방법 등에 관한 고시,v14_출처문서명,admin_rule,notice,,고시,nlic_admrul,norm:Notice,true,기후에너지환경부,true,nlic_api_20260920k,,,,,2100000265854,2025-165,20251001,20251007,고시,고시|폐자원에너지 종합정보관리시스템의 입력방법 등에 관한 고시
DOC-002499,LAW-KR-000070,폐플라스틱 재활용원료를 사용한 재활용의무생산자의 재활용의무량 감경절차 등에 관한 고시,v14_출처문서명,admin_rule,notice,,고시,nlic_admrul,norm:Notice,true,기후에너지환경부,true,nlic_api_20260920k,,,,,2100000274142,2026-37,20260203,20260203,고시,고시|폐플라스틱 재활용원료를 사용한 재활용의무생산자의 재활용의무량 감경절차 등에 관한 고시
DOC-002500,LAW-KR-000070,포장재 재질·구조 등급표시 기준,v14_출처문서명,admin_rule,notice,,고시,nlic_admrul,norm:Notice,true,기후에너지환경부,true,nlic_api_20260920k,,,,,2100000282730,2026-186,20260720,20260720,고시,고시|포장재 재질·구조 등급표시 기준
DOC-002501,LAW-KR-000070,포장재 재질·구조 평가 등에 관한 업무처리지침,v14_출처문서명,admin_rule,established_rule,,예규,nlic_admrul,norm:EstablishedRule,true,기후에너지환경부,true,nlic_api_20260920k,,,,,2100000268036,4,20251112,20251118,고시,고시|포장재 재질·구조 평가 등에 관한 업무처리지침
DOC-002502,LAW-KR-000070,포장재 재활용 용이성 등급평가 기준,v14_출처문서명,admin_rule,notice,,고시,nlic_admrul,norm:Notice,true,기후에너지환경부,true,nlic_api_20260920k,,,,,2100000266660,2025-165,20251001,20251001,고시,고시|포장재 재활용 용이성 등급평가 기준
DOC-002503,LAW-KR-000070,포장재의 재질·구조 기준,v14_출처문서명,admin_rule,notice,,고시,nlic_admrul,norm:Notice,true,기후에너지환경부,true,nlic_api,,,DOC-002003,동일 사본,,,,,고시,고시|포장재의 재질·구조 기준
DOC-002504,LAW-KR-000070,포장폐기물의 발생억제 등에 관한 업무처리지침,v14_출처문서명,admin_rule,established_rule,,예규,nlic_admrul,norm:EstablishedRule,true,기후에너지환경부,true,nlic_api_20260920k,,,,,2100000267182,4,20251105,20251105,고시,고시|포장폐기물의 발생억제 등에 관한 업무처리지침
DOC-002505,LAW-KR-000070,플라스틱 재생원료 사용의무에 관한 고시,v14_출처문서명,admin_rule,notice,,고시,nlic_admrul,norm:Notice,true,기후에너지환경부,true,nlic_api_20260920k,,,,,2100000266706,2025-165,20251001,20251001,고시,고시|플라스틱 재생원료 사용의무에 관한 고시
DOC-002506,LAW-KR-000070,합성수지 재질로 된 포장재의 연차별 줄이기 기준의 이행여부 확인 및 줄이기 방법 등에 관한 규정,v14_출처문서명,admin_rule,notice,,고시,nlic_admrul,norm:Notice,true,기후에너지환경부,true,nlic_api_20260920k,,,,,2100000265226,2025-165,20251001,20251001,고시,고시|합성수지 재질로 된 포장재의 연차별 줄이기 기준의 이행여부 확인 및 줄이기 방법 등에 관한 규정
DOC-002507,LAW-KR-000070,제품의 포장재질ㆍ포장방법에 관한 기준 등에 관한 규칙,v14_출처문서명,statutory,ministerial_ordinance,4,,by_layer,norm:SeparateMinisterialRule,true,,true,nlic_api,,,,,,,,,부령규칙,부령규칙|제품의 포장재질ㆍ포장방법에 관한 기준 등에 관한 규칙
DOC-002508,LAW-KR-000056,잔류성오염물질 배출량 산정방법 및 절차,v14_출처문서명,admin_rule,notice,,고시,nlic_admrul,norm:Notice,true,국립환경과학원,true,nlic_api_20260920k,,,,,2100000282976,2026-30,20260727,20260727,고시,고시|잔류성오염물질 배출량 산정방법 및 절차
DOC-002509,LAW-KR-000056,잔류성오염물질 측정망 설치·운영계획,v14_출처문서명,admin_rule,notice,,고시,nlic_admrul,norm:Notice,true,기후에너지환경부,true,nlic_api_20260920k,,,,,2100000277138,2026-85,20260407,20260407,고시,고시|잔류성오염물질 측정망 설치·운영계획
DOC-002510,LAW-KR-000056,잔류성오염물질 측정분석 전문기관의 지정 및 운영에 관한 규정,v14_출처문서명,admin_rule,notice,,고시,nlic_admrul,norm:Notice,true,국립환경과학원,true,nlic_api_20260920k,,,,,2100000278860,2026-14,20260507,20260507,고시,고시|잔류성오염물질 측정분석 전문기관의 지정 및 운영에 관한 규정
DOC-002511,LAW-KR-000056,잔류성오염물질의 종류 및 특정면제에 관한 규정,v14_출처문서명,admin_rule,notice,,고시,nlic_admrul,norm:Notice,true,기후에너지환경부,true,nlic_api_20260920k,,,,,2100000278244,2026-107,20260429,20260429,고시,고시|잔류성오염물질의 종류 및 특정면제에 관한 규정
DOC-002512,LAW-KR-000183,국유 수목장림의 운영·관리에 관한 규정,v14_출처문서명,admin_rule,notice,,고시,nlic_admrul,norm:Notice,true,산림청,true,nlic_api_20260920k,,,,,2100000233080,2023-122,20231219,20231219,고시,고시|국유 수목장림의 운영·관리에 관한 규정
DOC-002513,LAW-KR-000183,농림축산식품부장관이 공익직불 업무 수행에 필요하다고 정하는 자료에 관한 고시,v14_출처문서명,admin_rule,notice,,고시,nlic_admrul,norm:Notice,true,농림축산식품부,true,nlic_api_20260920k,,,,,2100000261818,2025-74,20250717,20250717,고시,고시|농림축산식품부장관이 공익직불 업무 수행에 필요하다고 정하는 자료에 관한 고시
DOC-002514,LAW-KR-000183,사회보장급여의 제공·관리 및 사회보장정보시스템의 구축·운영에 필요한 정보,v14_출처문서명,admin_rule,notice,,고시,nlic_admrul,norm:Notice,true,보건복지부,true,nlic_api,,,DOC-002112,동일 사본,,,,,고시,고시|사회보장급여의 제공·관리 및 사회보장정보시스템의 구축·운영에 필요한 정보
DOC-002515,LAW-KR-000183,장사문화의 개선 및 공공복리 증진을 위한 공공법인에 관한 고시,v14_출처문서명,admin_rule,notice,,고시,nlic_admrul,norm:Notice,true,보건복지부,true,nlic_api_20260920k,,,,,2100000191060,2020-140,20200701,20200701,고시,고시|장사문화의 개선 및 공공복리 증진을 위한 공공법인에 관한 고시
DOC-002516,LAW-KR-000006,기간통신사업자에 관한 긴급구조지원기관 지정 고시,v14_출처문서명,admin_rule,notice,,고시,nlic_admrul,norm:Notice,true,소방청,true,nlic_api,DOC-000017,UNIT-0013959,,,,,,,고시,고시|기간통신사업자에 관한 긴급구조지원기관 지정 고시
DOC-002517,LAW-KR-000006,긴급구조대응활동 및 현장지휘에 관한 규칙,v14_출처문서명,statutory,ministerial_ordinance,4,,by_layer,norm:SeparateMinisterialRule,true,,true,nlic_api_20260917,,,,,287771,00628,20260701,20260701,부령규칙,부령규칙|긴급구조대응활동 및 현장지휘에 관한 규칙
DOC-002518,LAW-KR-000006,탐색구조본부의 구성 및 운영 규칙,v14_출처문서명,statutory,ministerial_ordinance,4,,by_layer,norm:SeparateMinisterialRule,true,,true,nlic_api,,,,,,,,,부령규칙,부령규칙|탐색구조본부의 구성 및 운영 규칙
DOC-002519,LAW-KR-000006,해양에서 발생한 재난의 긴급구조활동 평가 및 긴급구조교육에 관한 규칙,v14_출처문서명,statutory,ministerial_ordinance,4,,by_layer,norm:SeparateMinisterialRule,true,,true,nlic_api,,,,,,,,,부령규칙,부령규칙|해양에서 발생한 재난의 긴급구조활동 평가 및 긴급구조교육에 관한 규칙
DOC-002520,LAW-KR-000089,임시주거용 조립주택 운영지침,v14_출처문서명,admin_rule,notice,,고시,nlic_admrul,norm:Notice,true,행정안전부,true,nlic_api,DOC-000241,UNIT-0099767,,,,,,,고시,고시|임시주거용 조립주택 운영지침
DOC-002521,LAW-KR-000150,가덕도신공항 건설사업 지역기업 우대기준,v14_출처문서명,admin_rule,notice,,고시,nlic_admrul,norm:Notice,true,국토교통부,true,nlic_api_20260920k,,,,,2100000240094,2024-226,20240430,20240430,고시,고시|가덕도신공항 건설사업 지역기업 우대기준
DOC-002522,LAW-KR-000150,건설근로자의 기능등급 구분·관리 등에 관한 기준,v14_출처문서명,admin_rule,notice,,고시,nlic_admrul,norm:Notice,true,국토교통부,true,nlic_api_20260920k,,,,,2100000270710,2025-964,20260101,20260101,고시,고시|건설근로자의 기능등급 구분·관리 등에 관한 기준
DOC-002523,LAW-KR-000150,교육시설 안전성평가 운영 기준,v14_출처문서명,admin_rule,notice,,고시,nlic_admrul,norm:Notice,true,교육부,true,nlic_api,DOC-000421,UNIT-0176493,,,,,,,고시,고시|교육시설 안전성평가 운영 기준
DOC-002524,LAW-KR-000150,국가종합전자조달시스템 입찰참가자격등록규정,v14_출처문서명,admin_rule,notice,,고시,nlic_admrul,norm:Notice,true,조달등록팀,true,nlic_api,,,DOC-002053,동일 사본,,,,,고시,고시|국가종합전자조달시스템 입찰참가자격등록규정
DOC-002525,LAW-KR-000150,국민연금법 시행령 제2조 제1호 가목에 따른 사업장에 관한 고시,v14_출처문서명,admin_rule,notice,,고시,nlic_admrul,norm:Notice,true,보건복지부,true,nlic_api_20260920k,,,,,2100000252930,2025-297,20211208,20211208,고시,고시|국민연금법 시행령 제2조 제1호 가목에 따른 사업장에 관한 고시
DOC-002526,LAW-KR-000150,신ㆍ재생에너지 설비의 지원 등에 관한 규정,v14_출처문서명,admin_rule,notice,,고시,nlic_admrul,norm:Notice,true,기후에너지환경부,true,nlic_api,,,DOC-001816,동일 사본,,,,,고시,고시|신ㆍ재생에너지 설비의 지원 등에 관한 규정
DOC-002527,LAW-KR-000150,유해물질 사용제한 대상 및 회수·인계·재활용의무 대상에서 제외되는 전기·전자제품,v14_출처문서명,admin_rule,notice,,고시,nlic_admrul,norm:Notice,true,기후에너지환경부,true,nlic_api,,,DOC-000723,내용 다름(겹침 0%),,,,,고시,고시|유해물질 사용제한 대상 및 회수·인계·재활용의무 대상에서 제외되는 전기·전자제품
DOC-002528,LAW-KR-000150,전기공사업운영요령,v14_출처문서명,admin_rule,notice,,고시,nlic_admrul,norm:Notice,true,기후에너지환경부,true,nlic_api_20260920k,,,,,2100000273930,2025-61,20251218,20251218,고시,고시|전기공사업운영요령
DOC-002529,LAW-KR-000150,전기공사업자의 손해배상 보험 또는 공제 업무운영 요령,v14_출처문서명,admin_rule,notice,,고시,nlic_admrul,norm:Notice,true,기후에너지환경부,true,nlic_api_20260920k,,,,,2100000278116,2026-104,20260421,20260421,고시,고시|전기공사업자의 손해배상 보험 또는 공제 업무운영 요령
DOC-002530,LAW-KR-000150,전력시설물 공사감리업무 수행지침,v14_출처문서명,admin_rule,notice,,고시,nlic_admrul,norm:Notice,true,기후에너지환경부,true,nlic_api,DOC-000421,UNIT-0176466,,대표,,,,,고시,고시|전력시설물 공사감리업무 수행지침
DOC-002531,LAW-KR-000149,가공배전선로의 지중이설사업 운영기준,v14_출처문서명,admin_rule,notice,,고시,nlic_admrul,norm:Notice,true,산업통상부,true,nlic_api_20260920k,,,,,2100000284486,2026-216,20260828,20260828,고시,고시|가공배전선로의 지중이설사업 운영기준
DOC-002532,LAW-KR-000149,공유수면매립지 내 태양에너지 발전설비의 설치 등에 관한 규정,v14_출처문서명,admin_rule,notice,,고시,nlic_admrul,norm:Notice,true,농림축산식품부,true,nlic_api,,,DOC-000646,내용 다름(겹침 0%),,,,,고시,고시|공유수면매립지 내 태양에너지 발전설비의 설치 등에 관한 규정
DOC-002533,LAW-KR-000149,국가 철도시설 유지보수 관리규정,v14_출처문서명,admin_rule,notice,,고시,nlic_admrul,norm:Notice,true,국토교통부,true,nlic_api,DOC-000418,UNIT-0175143,,대표,,,,,고시,고시|국가 철도시설 유지보수 관리규정
DOC-002534,LAW-KR-000149,국가기간 전력망 설비 경과지방자치단체 재정적 지원 기준,v14_출처문서명,admin_rule,notice,,고시,nlic_admrul,norm:Notice,true,기후에너지환경부,true,nlic_api_20260920k,,,,,2100000277828,2025-61,20251124,20251130,고시,고시|국가기간 전력망 설비 경과지방자치단체 재정적 지원 기준
DOC-002535,LAW-KR-000149,국내무연탄발전지원사업 운영요령,v14_출처문서명,admin_rule,notice,,고시,nlic_admrul,norm:Notice,true,산업통상부,true,nlic_api_20260920k,,,,,2100000037423,2015-290,20151231,20160101,고시,고시|국내무연탄발전지원사업 운영요령
DOC-002536,LAW-KR-000149,국립민속박물관 전기안전관리 규정,v14_출처문서명,admin_rule,established_rule,,예규,nlic_admrul,norm:EstablishedRule,true,국립민속박물관,true,nlic_api,DOC-000420,UNIT-0176352,,,,,,,고시,고시|국립민속박물관 전기안전관리 규정
DOC-002537,LAW-KR-000149,국립생물자원관 전기안전관리규정,v14_출처문서명,admin_rule,established_rule,,예규,nlic_admrul,norm:EstablishedRule,true,국립생물자원관,true,nlic_api,DOC-000418,UNIT-0175379,,,,,,,고시,고시|국립생물자원관 전기안전관리규정
DOC-002538,LAW-KR-000149,기술료 징수 및 관리에 관한 통합요령,v14_출처문서명,admin_rule,notice,,고시,nlic_admrul,norm:Notice,true,산업통상부,true,nlic_api,,,DOC-001345,동일 사본,,,,,고시,고시|기술료 징수 및 관리에 관한 통합요령
DOC-002539,LAW-KR-000149,도서지역 신재생에너지 발전 등 전력거래에 관한 지침,v14_출처문서명,admin_rule,notice,,고시,nlic_admrul,norm:Notice,true,산업통상부,true,nlic_api,,,DOC-001806,동일 사본,,,,,고시,고시|도서지역 신재생에너지 발전 등 전력거래에 관한 지침
DOC-002540,LAW-KR-000149,"발전사업세부허가기준, 전기요금산정기준, 전력량계허용오차 및 전력계통운영업무에 관한 고시",v14_출처문서명,admin_rule,notice,,고시,nlic_admrul,norm:Notice,true,기후에너지환경부,true,nlic_api_20260920k,,,,,2100000274032,2026-61,20251218,20251224,고시,"고시|발전사업세부허가기준, 전기요금산정기준, 전력량계허용오차 및 전력계통운영업무에 관한 고시"
DOC-002541,LAW-KR-000149,발전소주변지역 지원사업 시행요령,v14_출처문서명,admin_rule,notice,,고시,nlic_admrul,norm:Notice,true,기후에너지환경부,true,nlic_api_20260920k,,,,,2100000279746,2026-61,20251218,20251218,고시,고시|발전소주변지역 지원사업 시행요령
DOC-002542,LAW-KR-000149,배전이용요금산정기준,v14_출처문서명,admin_rule,notice,,고시,nlic_admrul,norm:Notice,true,기후에너지환경부,true,nlic_api_20260920k,,,,,2000000074808,2012-67,20120326,20120401,고시,고시|배전이용요금산정기준
DOC-002543,LAW-KR-000149,분산에너지 설비 설치계획서 제출 및 설치확인 등에 관한 규정,v14_출처문서명,admin_rule,notice,,고시,nlic_admrul,norm:Notice,true,기후에너지환경부,true,nlic_api_20260920k,,,,,2100000272856,2026-21,20260115,20260115,고시,고시|분산에너지 설비 설치계획서 제출 및 설치확인 등에 관한 규정
DOC-002544,LAW-KR-000149,분산에너지 특화지역에서의 전력 직접거래 등에 관한 고시,v14_출처문서명,admin_rule,notice,,고시,nlic_admrul,norm:Notice,true,기후에너지환경부,true,nlic_api_20260920k,,,,,2100000280978,2026-158,20260623,20260623,고시,고시|분산에너지 특화지역에서의 전력 직접거래 등에 관한 고시
DOC-002545,LAW-KR-000149,산업기술혁신사업 공통 운영요령,v14_출처문서명,admin_rule,notice,,고시,nlic_admrul,norm:Notice,true,산업통상부,true,nlic_api,,,DOC-001349,동일 사본,,,,,고시,고시|산업기술혁신사업 공통 운영요령
DOC-002546,LAW-KR-000149,산업기술혁신사업 에너지기술 실증연구 평가관리지침,v14_출처문서명,admin_rule,established_rule,,예규,nlic_admrul,norm:EstablishedRule,true,산업통상부,true,nlic_api_20260920k,,,DOC-001810,일부 사본,2100000217226,121,20221226,20221226,고시,고시|산업기술혁신사업 에너지기술 실증연구 평가관리지침
DOC-002547,LAW-KR-000149,산업통상자원부 인력사업 통합·연계 규정,v14_출처문서명,admin_rule,established_rule,,예규,nlic_admrul,norm:EstablishedRule,true,산업통상부,true,nlic_api,,,DOC-001351,동일 사본,,,,,고시,고시|산업통상자원부 인력사업 통합·연계 규정
DOC-002548,LAW-KR-000149,소규모 신ㆍ재생에너지 발전전력 등의 거래에 관한 지침,v14_출처문서명,admin_rule,notice,,고시,nlic_admrul,norm:Notice,true,기후에너지환경부,true,nlic_api,,,DOC-001811,동일 사본,,,,,고시,고시|소규모 신ㆍ재생에너지 발전전력 등의 거래에 관한 지침
DOC-002549,LAW-KR-000149,소방시설용 비상전원수전설비의 화재안전성능기준(NFPC 602),v14_출처문서명,admin_rule,notice,,고시,nlic_admrul,norm:Notice,true,소방청,true,nlic_api,DOC-000024,UNIT-0016622,,,,,,,고시,고시|소방시설용 비상전원수전설비의 화재안전성능기준(NFPC 602)
DOC-002550,LAW-KR-000149,송·변전설비 주변지역의 보상 및 지원에 관한 기준 고시,v14_출처문서명,admin_rule,notice,,고시,nlic_admrul,norm:Notice,true,기후에너지환경부,true,nlic_api_20260920k,,,,,2100000277830,2025-61,20251124,20251130,고시,고시|송·변전설비 주변지역의 보상 및 지원에 관한 기준 고시
DOC-002551,LAW-KR-000149,송전선로 성능개선기준,v14_출처문서명,admin_rule,notice,,고시,nlic_admrul,norm:Notice,true,산업통상부,true,nlic_api,DOC-000418,UNIT-0175004,DOC-000745,동일 사본,,,,,고시,고시|송전선로 성능개선기준
DOC-002552,LAW-KR-000149,송전선로 최소유지관리기준,v14_출처문서명,admin_rule,notice,,고시,nlic_admrul,norm:Notice,true,산업통상부,true,nlic_api,DOC-000418,UNIT-0175004,DOC-000746,동일 사본,,,,,고시,고시|송전선로 최소유지관리기준
DOC-002553,LAW-KR-000149,송전이용요금산정기준,v14_출처문서명,admin_rule,notice,,고시,nlic_admrul,norm:Notice,true,기후에너지환경부,true,nlic_api_20260920k,,,,,2000000074807,2012-67,20120326,20120401,고시,고시|송전이용요금산정기준
DOC-002554,LAW-KR-000149,수소발전 입찰시장 연도별 구매량 산정 등에 관한 고시,v14_출처문서명,admin_rule,notice,,고시,nlic_admrul,norm:Notice,true,산업통상부,true,nlic_api_20260920k,,,DOC-001658,내용 다름(겹침 0%),2100000244432,2024-125,20240717,20240717,고시,고시|수소발전 입찰시장 연도별 구매량 산정 등에 관한 고시
DOC-002555,LAW-KR-000149,신·재생 에너지 발전전력의 제3자간 전력거래계약에 관한 지침,v14_출처문서명,admin_rule,notice,,고시,nlic_admrul,norm:Notice,true,기후에너지환경부,true,nlic_api,,,DOC-001812,동일 사본,,,,,고시,고시|신·재생 에너지 발전전력의 제3자간 전력거래계약에 관한 지침
DOC-002556,LAW-KR-000149,신·재생에너지 집적화단지 조성·지원 등에 관한 지침,v14_출처문서명,admin_rule,notice,,고시,nlic_admrul,norm:Notice,true,기후에너지환경부,true,nlic_api,,,DOC-001813,동일 사본,,,,,고시,고시|신·재생에너지 집적화단지 조성·지원 등에 관한 지침
DOC-002557,LAW-KR-000149,신·재생에너지이용 발전전력의 기준가격 지침,v14_출처문서명,admin_rule,notice,,고시,nlic_admrul,norm:Notice,true,기후에너지환경부,true,nlic_api,,,DOC-001814,동일 사본,,,,,고시,고시|신·재생에너지이용 발전전력의 기준가격 지침
DOC-002558,LAW-KR-000149,신ㆍ재생에너지 공급의무화제도 및 연료 혼합의무화제도 관리ㆍ운영지침,v14_출처문서명,admin_rule,notice,,고시,nlic_admrul,norm:Notice,true,기후에너지환경부,true,nlic_api,,,DOC-001454,동일 사본,,,,,고시,고시|신ㆍ재생에너지 공급의무화제도 및 연료 혼합의무화제도 관리ㆍ운영지침
DOC-002559,LAW-KR-000149,신ㆍ재생에너지 설비의 지원 등에 관한 규정,v14_출처문서명,admin_rule,notice,,고시,nlic_admrul,norm:Notice,true,기후에너지환경부,true,nlic_api,,,DOC-001816,동일 사본,,,,,고시,고시|신ㆍ재생에너지 설비의 지원 등에 관한 규정
DOC-002560,LAW-KR-000149,안전관리부담금의 부과·징수 등에 관한 고시,v14_출처문서명,admin_rule,notice,,고시,nlic_admrul,norm:Notice,true,산업통상부,true,nlic_api_20260920k,,,,대표,2100000275654,2026-20,20260320,20260320,고시,고시|안전관리부담금의 부과·징수 등에 관한 고시
DOC-002561,LAW-KR-000156,공급자적합성확인대상 생활용품의 안전기준,v14_출처문서명,admin_rule,notice,,고시,nlic_admrul,norm:Notice,true,국가기술표준원,true,nlic_api,DOC-000439,UNIT-0187001,,,,,,,고시,고시|공급자적합성확인대상 생활용품의 안전기준
DOC-002562,LAW-KR-000156,안전기준준수대상생활용품의 안전기준,v14_출처문서명,admin_rule,notice,,고시,nlic_admrul,norm:Notice,true,국가기술표준원,true,nlic_api,DOC-000439,UNIT-0187037,,,,,,,고시,고시|안전기준준수대상생활용품의 안전기준
DOC-002563,LAW-KR-000156,안전인증대상생활용품의 안전기준,v14_출처문서명,admin_rule,notice,,고시,nlic_admrul,norm:Notice,true,국가기술표준원,true,nlic_api,DOC-000439,UNIT-0187339,,,,,,,고시,고시|안전인증대상생활용품의 안전기준
DOC-002564,LAW-KR-000156,안전확인대상생활용품의 안전기준,v14_출처문서명,admin_rule,notice,,고시,nlic_admrul,norm:Notice,true,국가기술표준원,true,nlic_api,DOC-000439,UNIT-0186912,,,,,,,고시,고시|안전확인대상생활용품의 안전기준
DOC-002565,LAW-KR-000008,국립공주병원 전기안전관리 규정,v14_출처문서명,admin_rule,established_rule,,예규,nlic_admrul,norm:EstablishedRule,true,국립공주병원,true,nlic_api,DOC-000023,UNIT-0016382,,,,,,,고시,고시|국립공주병원 전기안전관리 규정
DOC-002566,LAW-KR-000155,건설공사 안전보건대장의 작성 등에 관한 고시,v14_출처문서명,admin_rule,notice,,고시,nlic_admrul,norm:Notice,true,고용노동부,true,nlic_api,DOC-000057,UNIT-0032398,DOC-001270,동일 사본,,,,,고시,고시|건설공사 안전보건대장의 작성 등에 관한 고시
DOC-002567,LAW-KR-000155,건설업 산업안전보건관리비 계상 및 사용기준,v14_출처문서명,admin_rule,notice,,고시,nlic_admrul,norm:Notice,true,고용노동부,true,nlic_api,DOC-000436,UNIT-0186249,DOC-001271,동일 사본,,,,,고시,고시|건설업 산업안전보건관리비 계상 및 사용기준
DOC-002568,LAW-KR-000155,국가종합전자조달시스템 입찰참가자격등록규정,v14_출처문서명,admin_rule,notice,,고시,nlic_admrul,norm:Notice,true,조달등록팀,true,nlic_api,,,DOC-002053,동일 사본,,,,,고시,고시|국가종합전자조달시스템 입찰참가자격등록규정
DOC-002569,LAW-KR-000155,설계감리업무 수행지침,v14_출처문서명,admin_rule,notice,,고시,nlic_admrul,norm:Notice,true,산업통상부,true,nlic_api,DOC-000436,UNIT-0186377,,,,,,,고시,고시|설계감리업무 수행지침
DOC-002570,LAW-KR-000155,설계업자·감리업자의 사업수행능력 세부평가기준,v14_출처문서명,admin_rule,notice,,고시,nlic_admrul,norm:Notice,true,기후에너지환경부,true,nlic_api_20260920k,,,,대표,2100000273928,2025-61,20251218,20251218,고시,고시|설계업자·감리업자의 사업수행능력 세부평가기준
DOC-002571,LAW-KR-000155,용역 계약이행실적평가 운용규정,v14_출처문서명,admin_rule,notice,,고시,nlic_admrul,norm:Notice,true,조달청,true,nlic_api_20260920k,,,,,2100000278616,2026-31,20260504,20260504,고시,고시|용역 계약이행실적평가 운용규정
DOC-002572,LAW-KR-000155,전력기술관리법운영요령,v14_출처문서명,admin_rule,notice,,고시,nlic_admrul,norm:Notice,true,기후에너지환경부,true,nlic_api,DOC-000436,UNIT-0186263,,,,,,,고시,고시|전력기술관리법운영요령
DOC-002573,LAW-KR-000155,전력시설물 공사감리업무 수행지침,v14_출처문서명,admin_rule,notice,,고시,nlic_admrul,norm:Notice,true,기후에너지환경부,true,nlic_api,DOC-000436,UNIT-0186218,DOC-002530,내용 다름(겹침 81%),,,,,고시,고시|전력시설물 공사감리업무 수행지침
DOC-002574,LAW-KR-000155,조달청 경쟁적 대화에 의한 계약체결 세부기준,v14_출처문서명,admin_rule,notice,,지침,nlic_admrul_미배치,norm:AdministrativeRule,true,조달청,true,nlic_api_20260920k,,,,,2100000186960,403,20200224,20200401,고시,고시|조달청 경쟁적 대화에 의한 계약체결 세부기준
DOC-002575,LAW-KR-000155,조달청 전력시설물 설계·감리업자 사업수행능력 세부평가기준,v14_출처문서명,admin_rule,notice,,지침,nlic_admrul_미배치,norm:AdministrativeRule,true,조달청,true,nlic_api_20260920k,,,,,2100000281284,6577,20260626,20260701,고시,고시|조달청 전력시설물 설계·감리업자 사업수행능력 세부평가기준
DOC-002576,LAW-KR-000026,전시산업발전법령 통합고시,v14_출처문서명,admin_rule,notice,,고시,nlic_admrul,norm:Notice,true,산업통상부,true,nlic_api_20260920k,,,,,2200000038541,2015-160,20150804,20150804,고시,고시|전시산업발전법령 통합고시
DOC-002577,LAW-KR-000036,간이무선국·우주국·지구국의 무선설비 및 전파탐지용 무선설비 등 그 밖의 업무용 무선설비의 기술기준,v14_출처문서명,admin_rule,notice,,고시,nlic_admrul,norm:Notice,true,국립전파연구원,true,nlic_api_20260920k,,,,,2100000281760,2026-3,20260707,20260707,고시,고시|간이무선국·우주국·지구국의 무선설비 및 전파탐지용 무선설비 등 그 밖의 업무용 무선설비의 기술기준
DOC-002578,LAW-KR-000036,간이형수신기의 성능인증 및 제품검사의 기술기준,v14_출처문서명,admin_rule,notice,,고시,nlic_admrul,norm:Notice,true,소방청,true,nlic_api,,,DOC-001361,동일 사본,,,,,고시,고시|간이형수신기의 성능인증 및 제품검사의 기술기준
DOC-002579,LAW-KR-000036,거짓으로 표시된 전화번호로 인한 이용자의 피해 예방 등에 관한 고시,v14_출처문서명,admin_rule,notice,,고시,nlic_admrul,norm:Notice,true,과학기술정보통신부,true,nlic_api_20260920k,,,,,2100000282718,2026-48,20260710,20260710,고시,고시|거짓으로 표시된 전화번호로 인한 이용자의 피해 예방 등에 관한 고시
DOC-002580,LAW-KR-000036,결합판매의 금지행위 세부 유형 및 심사기준,v14_출처문서명,admin_rule,notice,,고시,nlic_admrul,norm:Notice,true,방송미디어통신위원회,true,nlic_api_20260920k,,,,,2100000279306,2026-11,20260518,20260518,고시,고시|결합판매의 금지행위 세부 유형 및 심사기준
DOC-002581,LAW-KR-000036,경미한공사의 범위,v14_출처문서명,admin_rule,notice,,고시,nlic_admrul,norm:Notice,true,과학기술정보통신부,true,nlic_api_20260920k,,,,,2100000094598,2017-7,20170824,20170824,고시,고시|경미한공사의 범위
DOC-002582,LAW-KR-000036,경종의 형식승인 및 제품검사의 기술기준,v14_출처문서명,admin_rule,notice,,고시,nlic_admrul,norm:Notice,true,소방청,true,nlic_api,,,DOC-001018,동일 사본,,,,,고시,고시|경종의 형식승인 및 제품검사의 기술기준
DOC-002583,LAW-KR-000036,고출력·누설 전자파 안전성 평가기준 및 방법 등에 관한 고시,v14_출처문서명,admin_rule,notice,,고시,nlic_admrul,norm:Notice,true,국립전파연구원,true,nlic_api_20260920k,,,,,2100000236258,2024-5,20240129,20240129,고시,고시|고출력·누설 전자파 안전성 평가기준 및 방법 등에 관한 고시
DOC-002584,LAW-KR-000036,공공용 주파수 이용계획서 작성에 관한 세부사항,v14_출처문서명,admin_rule,notice,,고시,nlic_admrul,norm:Notice,true,과학기술정보통신부,true,nlic_api_20260920k,,,,,2100000184373,2019-99,20191209,20191209,고시,고시|공공용 주파수 이용계획서 작성에 관한 세부사항
DOC-002585,LAW-KR-000036,기지국 접속정보의 요청·제공 및 이용 등에 관한 고시,v14_출처문서명,admin_rule,notice,,고시,nlic_admrul,norm:Notice,true,행정안전부,true,nlic_api_20260920k,,,,,2100000228080,2023-65,20230817,20230817,고시,고시|기지국 접속정보의 요청·제공 및 이용 등에 관한 고시
DOC-002586,LAW-KR-000036,대한민국 과학기술정보통신부와 인도네시아 통신디지털부 (舊 통신정보부) 간의 방송통신기자재등의 적합성평가에 대한 상호인정협정,v14_출처문서명,admin_rule,notice,,고시,nlic_admrul,norm:Notice,true,과학기술정보통신부,true,nlic_api_20260920k,,,,,2100000259460,2025-25,20250527,20250527,고시,고시|대한민국 과학기술정보통신부와 인도네시아 통신디지털부 (舊 통신정보부) 간의 방송통신기자재등의 적합성평가에 대한 상호인정협정
DOC-002587,LAW-KR-000036,디지털 텔레비전 방송프로그램 음량 등에 관한 기준,v14_출처문서명,admin_rule,notice,,고시,nlic_admrul,norm:Notice,true,방송미디어통신위원회,true,nlic_api_20260920k,,,,,2100000280758,2026-17,20260616,20260616,고시,고시|디지털 텔레비전 방송프로그램 음량 등에 관한 기준
DOC-002588,LAW-KR-000036,디지털 텔레비전 방송프로그램 음량기준 등에 관한 업무지침,v14_출처문서명,admin_rule,established_rule,,예규,nlic_admrul,norm:EstablishedRule,true,중앙전파관리소,true,nlic_api_20260920k,,,,,2100000170529,149,20181204,20181204,고시,고시|디지털 텔레비전 방송프로그램 음량기준 등에 관한 업무지침
DOC-002589,LAW-KR-000036,무선국 및 전파응용설비의 검사업무 처리기준,v14_출처문서명,admin_rule,notice,,고시,nlic_admrul,norm:Notice,true,중앙전파관리소,true,nlic_api_20260920k,,,,,2100000244676,2024-3,20240722,20240722,고시,고시|무선국 및 전파응용설비의 검사업무 처리기준
DOC-002590,LAW-KR-000036,무선국의 운용 등에 관한 규정,v14_출처문서명,admin_rule,notice,,고시,nlic_admrul,norm:Notice,true,중앙전파관리소,true,nlic_api_20260920k,,,DOC-001652,내용 다름(겹침 0%),2100000262854,2025-1,20250812,20250812,고시,고시|무선국의 운용 등에 관한 규정
DOC-002591,LAW-KR-000036,무선국이 하는 업무 및 무선국의 분류,v14_출처문서명,admin_rule,notice,,고시,nlic_admrul,norm:Notice,true,과학기술정보통신부,true,nlic_api_20260920k,,,,,2100000124070,2018-28,20180503,20180503,고시,고시|무선국이 하는 업무 및 무선국의 분류
DOC-002592,LAW-KR-000036,무선방위측정장치 보호구역 관리지침,v14_출처문서명,admin_rule,established_rule,,예규,nlic_admrul,norm:EstablishedRule,true,중앙전파관리소,true,nlic_api_20260920k,,,,,2100000243922,192,20240708,20240708,고시,고시|무선방위측정장치 보호구역 관리지침
DOC-002593,LAW-KR-000036,무선설비 공동사용 및 환경친화적 설치에 관한 기준과 절차,v14_출처문서명,admin_rule,notice,,고시,nlic_admrul,norm:Notice,true,중앙전파관리소,true,nlic_api,,,DOC-002439,동일 사본,,,,,고시,고시|무선설비 공동사용 및 환경친화적 설치에 관한 기준과 절차
DOC-002594,LAW-KR-000036,무선설비의 안테나공급전력과 전파응용설비의 고주파출력 측정 및 산출방법,v14_출처문서명,admin_rule,notice,,고시,nlic_admrul,norm:Notice,true,국립전파연구원,true,nlic_api_20260920k,,,,,2100000043884,2016-2,20160404,20160602,고시,고시|무선설비의 안테나공급전력과 전파응용설비의 고주파출력 측정 및 산출방법
DOC-002595,LAW-KR-000036,무선설비의 접속사용 범위,v14_출처문서명,admin_rule,notice,,고시,nlic_admrul,norm:Notice,true,과학기술정보통신부,true,nlic_api_20260920k,,,,,2100000246078,2024-34,20240819,20240819,고시,고시|무선설비의 접속사용 범위
DOC-002596,LAW-KR-000036,무선종사자 자격·정원 배치기준 등에 관한 고시,v14_출처문서명,admin_rule,notice,,고시,nlic_admrul,norm:Notice,true,과학기술정보통신부,true,nlic_api_20260920k,,,,,2100000192305,2020-39,20200826,20200826,고시,고시|무선종사자 자격·정원 배치기준 등에 관한 고시
DOC-002597,LAW-KR-000036,발신기의 형식승인 및 제품검사의 기술기준,v14_출처문서명,admin_rule,notice,,고시,nlic_admrul,norm:Notice,true,소방청,true,nlic_api,,,DOC-001024,동일 사본,,,,,고시,고시|발신기의 형식승인 및 제품검사의 기술기준
DOC-002598,LAW-KR-000036,방송 공동수신설비의 설치기준에 관한 고시,v14_출처문서명,admin_rule,notice,,고시,nlic_admrul,norm:Notice,true,방송미디어통신위원회,true,nlic_api_20260920k,,,,대표,2100000280730,2026-17,20260616,20260616,고시,고시|방송 공동수신설비의 설치기준에 관한 고시
DOC-002599,LAW-KR-000036,방송통신기자재등 시험기관의 지정 및 관리에 관한 고시,v14_출처문서명,admin_rule,notice,,고시,nlic_admrul,norm:Notice,true,국립전파연구원,true,nlic_api_20260920k,,,,,2100000283938,2026-5,20260821,20260821,고시,고시|방송통신기자재등 시험기관의 지정 및 관리에 관한 고시
DOC-002600,LAW-KR-000036,방송통신기자재등의 적합성평가에 관한 고시,v14_출처문서명,admin_rule,notice,,고시,nlic_admrul,norm:Notice,true,과학기술정보통신부,true,nlic_api_20260920k,,,,,2100000282888,2026-4,20260724,20260724,고시,고시|방송통신기자재등의 적합성평가에 관한 고시
DOC-002601,LAW-KR-000036,방송통신설비의 기술기준 적합시험 결과 기록·관리 대상 방송통신설비에 관한 고시,v14_출처문서명,admin_rule,notice,,고시,nlic_admrul,norm:Notice,true,과학기술정보통신부,true,nlic_api_20260920k,,,,,2100000093591,2017-4,20170807,20170807,고시,고시|방송통신설비의 기술기준 적합시험 결과 기록·관리 대상 방송통신설비에 관한 고시
DOC-002602,LAW-KR-000036,방송표준방식 및 방송업무용 무선설비의 기술기준,v14_출처문서명,admin_rule,notice,,고시,nlic_admrul,norm:Notice,true,과학기술정보통신부,true,nlic_api_20260920k,,,,,2100000231054,2023-34,20231101,20231101,고시,고시|방송표준방식 및 방송업무용 무선설비의 기술기준
DOC-002603,LAW-KR-000036,변경허가가 필요하지 아니한 무선기기 및 전파응용설비,v14_출처문서명,admin_rule,notice,,고시,nlic_admrul,norm:Notice,true,중앙전파관리소,true,nlic_api_20260920k,,,,,2100000204783,2021-4,20210927,20210927,고시,고시|변경허가가 필요하지 아니한 무선기기 및 전파응용설비
DOC-002604,LAW-KR-000036,선박위치발신장치의 설치기준 및 운영 등에 관한 규정,v14_출처문서명,admin_rule,notice,,고시,nlic_admrul,norm:Notice,true,해양수산부,true,nlic_api_20260920k,,,,,2100000196913,2021-2,20210107,20210107,고시,고시|선박위치발신장치의 설치기준 및 운영 등에 관한 규정
DOC-002605,LAW-KR-000036,손실보상금 산정기준·절차 및 이자율 등에 관한 고시,v14_출처문서명,admin_rule,notice,,고시,nlic_admrul,norm:Notice,true,과학기술정보통신부,true,nlic_api_20260920k,,,,,2100000256538,2025-11,20250312,20250312,고시,고시|손실보상금 산정기준·절차 및 이자율 등에 관한 고시
DOC-002606,LAW-KR-000036,수신기의 형식승인 및 제품검사의 기술기준,v14_출처문서명,admin_rule,notice,,고시,nlic_admrul,norm:Notice,true,소방청,true,nlic_api,,,DOC-001379,동일 사본,,,,,고시,고시|수신기의 형식승인 및 제품검사의 기술기준
DOC-002607,LAW-KR-000036,시각경보장치의 성능인증 및 제품검사의 기술기준,v14_출처문서명,admin_rule,notice,,고시,nlic_admrul,norm:Notice,true,소방청,true,nlic_api_20260920k,,,,,2100000239316,2024-15,20240419,20240419,고시,고시|시각경보장치의 성능인증 및 제품검사의 기술기준
DOC-002608,LAW-KR-000036,신고하지 아니하고 개설할 수 있는 무선국용 무선기기,v14_출처문서명,admin_rule,notice,,고시,nlic_admrul,norm:Notice,true,과학기술정보통신부,true,nlic_api,,,DOC-000972,동일 사본,,,,,고시,고시|신고하지 아니하고 개설할 수 있는 무선국용 무선기기
DOC-002609,LAW-KR-000036,신고하지 아니하고 개설할 수 있는 무선국용 무선설비의 기술기준,v14_출처문서명,admin_rule,notice,,고시,nlic_admrul,norm:Notice,true,과학기술정보통신부,true,nlic_api_20260920k,,,,,2100000274462,2026-10,20260210,20260210,고시,고시|신고하지 아니하고 개설할 수 있는 무선국용 무선설비의 기술기준
DOC-002610,LAW-KR-000036,안전인증·자율안전확인신고의 절차에 관한 고시,v14_출처문서명,admin_rule,notice,,고시,nlic_admrul,norm:Notice,true,고용노동부,true,nlic_api_20260920k,,,DOC-001299,내용 다름(겹침 0%),2100000214148,2022-69,20220830,20220830,고시,고시|안전인증·자율안전확인신고의 절차에 관한 고시
DOC-002611,LAW-KR-000036,유선방송국설비 등에 관한 기술기준,v14_출처문서명,admin_rule,notice,,고시,nlic_admrul,norm:Notice,true,방송미디어통신위원회,true,nlic_api_20260920k,,,,대표,2100000280766,2026-17,20260616,20260616,고시,고시|유선방송국설비 등에 관한 기술기준
DOC-002612,LAW-KR-000036,자격인증기관 유지·관리에 관한 규칙,v14_출처문서명,admin_rule,established_rule,,예규,nlic_admrul,norm:EstablishedRule,true,해양경찰교육원,true,nlic_api,,,DOC-001536,동일 사본,,,,,고시,고시|자격인증기관 유지·관리에 관한 규칙
DOC-002613,LAW-KR-000036,자동화재속보설비의 속보기의 성능인증 및 제품검사의 기술기준,v14_출처문서명,admin_rule,notice,,고시,nlic_admrul,norm:Notice,true,소방청,true,nlic_api_20260920k,,,,,2100000243862,2024-32,20240708,20240708,고시,고시|자동화재속보설비의 속보기의 성능인증 및 제품검사의 기술기준
DOC-002614,LAW-KR-000036,재난상황의 보고 대상 지정 고시,v14_출처문서명,admin_rule,notice,,고시,nlic_admrul,norm:Notice,true,행정안전부,true,nlic_api,,,DOC-001574,내용 다름(겹침 0%),,,,,고시,고시|재난상황의 보고 대상 지정 고시
DOC-002615,LAW-KR-000036,"전자파 등급기준, 표시대상 및 표시방법 고시",v14_출처문서명,admin_rule,notice,,고시,nlic_admrul,norm:Notice,true,과학기술정보통신부,true,nlic_api_20260920k,,,,,2100000099676,2017-20,20171019,20180419,고시,"고시|전자파 등급기준, 표시대상 및 표시방법 고시"
DOC-002616,LAW-KR-000036,전자파강도 및 전자파흡수율 측정대상 기자재,v14_출처문서명,admin_rule,notice,,고시,nlic_admrul,norm:Notice,true,국립전파연구원,true,nlic_api,DOC-000101,UNIT-0053118,,,,,,,고시,고시|전자파강도 및 전자파흡수율 측정대상 기자재
DOC-002617,LAW-KR-000036,전자파강도 측정기준,v14_출처문서명,admin_rule,notice,,고시,nlic_admrul,norm:Notice,true,국립전파연구원,true,nlic_api,DOC-000101,UNIT-0053109,,,,,,,고시,고시|전자파강도 측정기준
DOC-002618,LAW-KR-000036,전자파인체보호기준,v14_출처문서명,admin_rule,notice,,고시,nlic_admrul,norm:Notice,true,과학기술정보통신부,true,nlic_api,DOC-000101,UNIT-0053109,,,,,,,고시,고시|전자파인체보호기준
DOC-002619,LAW-KR-000036,전자파적합성 기준,v14_출처문서명,admin_rule,notice,,고시,nlic_admrul,norm:Notice,true,국립전파연구원,true,nlic_api_20260920k,,,,,2100000270292,2025-22,20251231,20260701,고시,고시|전자파적합성 기준
DOC-002620,LAW-KR-000036,전자파흡수율 측정기준,v14_출처문서명,admin_rule,notice,,고시,nlic_admrul,norm:Notice,true,국립전파연구원,true,nlic_api_20260920k,,,,,2100000269214,2025-9,20251205,20260401,고시,고시|전자파흡수율 측정기준
DOC-002621,LAW-KR-000036,전파관리국소 설치에 관한 지침,v14_출처문서명,admin_rule,established_rule,,예규,nlic_admrul,norm:EstablishedRule,true,중앙전파관리소,true,nlic_api_20260920k,,,,,2100000191325,165,20200723,20200723,고시,고시|전파관리국소 설치에 관한 지침
DOC-002622,LAW-KR-000036,전파법 시행에 관한 방송미디어통신위원회 규칙,v14_출처문서명,admin_rule,notice,,고시,nlic_admrul,norm:Notice,true,방송미디어통신위원회,true,nlic_api_20260920k,,,,,2100000280784,2026-18,20260616,20260616,고시,고시|전파법 시행에 관한 방송미디어통신위원회 규칙
DOC-002623,LAW-KR-000036,전파응용설비의 기술기준,v14_출처문서명,admin_rule,notice,,고시,nlic_admrul,norm:Notice,true,국립전파연구원,true,nlic_api,DOC-000101,UNIT-0053105,,,,,,,고시,고시|전파응용설비의 기술기준
DOC-002624,LAW-KR-000036,전파환경 측정 등에 관한 규정,v14_출처문서명,admin_rule,notice,,고시,nlic_admrul,norm:Notice,true,국립전파연구원,true,nlic_api_20260920k,,,,,2100000211727,2022-11,20220531,20220531,고시,고시|전파환경 측정 등에 관한 규정
DOC-002625,LAW-KR-000036,정보통신·방송 연구개발 관리규정,v14_출처문서명,admin_rule,notice,,고시,nlic_admrul,norm:Notice,true,과학기술정보통신부,true,nlic_api_20260920k,,,,,2100000258836,2025-22,20250513,20250513,고시,고시|정보통신·방송 연구개발 관리규정
DOC-002626,LAW-KR-000036,정보통신표준 개발·운영 지침,v14_출처문서명,admin_rule,notice,,고시,nlic_admrul,norm:Notice,true,국립전파연구원,true,nlic_api,,,DOC-001390,동일 사본,,,,,고시,고시|정보통신표준 개발·운영 지침
DOC-002627,LAW-KR-000036,"주파수 공동사용 범위와 조건, 절차, 방법 등에 관한 기준",v14_출처문서명,admin_rule,notice,,고시,nlic_admrul,norm:Notice,true,과학기술정보통신부,true,nlic_api_20260920k,,,,,2100000184321,2019-96,20191206,20191206,고시,"고시|주파수 공동사용 범위와 조건, 절차, 방법 등에 관한 기준"
DOC-002628,LAW-KR-000036,주파수 종합정보시스템 구축 및 운영에 관한 고시,v14_출처문서명,admin_rule,notice,,고시,nlic_admrul,norm:Notice,true,과학기술정보통신부,true,nlic_api_20260920k,,,,,2100000117477,2018-16,20180312,20180312,고시,고시|주파수 종합정보시스템 구축 및 운영에 관한 고시
DOC-002629,LAW-KR-000036,주파수가 450㎑ 미만인 경우로서 허가를 받아야 하는 전력선통신설비,v14_출처문서명,admin_rule,notice,,고시,nlic_admrul,norm:Notice,true,과학기술정보통신부,true,nlic_api_20260920k,,,,,2100000094613,2017-7,20170824,20170824,고시,고시|주파수가 450㎑ 미만인 경우로서 허가를 받아야 하는 전력선통신설비
DOC-002630,LAW-KR-000036,주파수분배의 변경에 따른 방송통신기자재의 이용자 지원·표시방법 등에 관한 고시,v14_출처문서명,admin_rule,notice,,고시,nlic_admrul,norm:Notice,true,과학기술정보통신부,true,nlic_api_20260920k,,,,,2100000094684,2017-7,20170824,20170824,고시,고시|주파수분배의 변경에 따른 방송통신기자재의 이용자 지원·표시방법 등에 관한 고시
DOC-002631,LAW-KR-000036,주파수할당 대가 수입금 등의 배분비율,v14_출처문서명,admin_rule,notice,,고시,nlic_admrul,norm:Notice,true,과학기술정보통신부,true,nlic_api_20260920k,,,,,2100000231974,2023-46,20231130,20231130,고시,고시|주파수할당 대가 수입금 등의 배분비율
DOC-002632,LAW-KR-000036,주파수할당 신청 절차 및 방법 등 세부사항,v14_출처문서명,admin_rule,notice,,고시,nlic_admrul,norm:Notice,true,과학기술정보통신부,true,nlic_api_20260920k,,,,,2100000278022,2026-23,20260416,20260416,고시,고시|주파수할당 신청 절차 및 방법 등 세부사항
DOC-002633,LAW-KR-000036,주파수할당대가의 산정 및 부과에 관한 세부사항,v14_출처문서명,admin_rule,notice,,고시,nlic_admrul,norm:Notice,true,과학기술정보통신부,true,nlic_api_20260920k,,,,,2100000256612,2025-10,20250312,20250312,고시,고시|주파수할당대가의 산정 및 부과에 관한 세부사항
DOC-002634,LAW-KR-000036,중계기의 형식승인 및 제품검사의 기술기준,v14_출처문서명,admin_rule,notice,,고시,nlic_admrul,norm:Notice,true,소방청,true,nlic_api,,,DOC-001035,동일 사본,,,,,고시,고시|중계기의 형식승인 및 제품검사의 기술기준
DOC-002635,LAW-KR-000036,지능형 해상교통정보서비스 단말기의 등록 및 관리에 관한 규정,v14_출처문서명,admin_rule,notice,,고시,nlic_admrul,norm:Notice,true,해양수산부,true,nlic_api_20260920k,,,,,2100000252632,2025-2,20250102,20250102,고시,고시|지능형 해상교통정보서비스 단말기의 등록 및 관리에 관한 규정
DOC-002636,LAW-KR-000036,지능형 해상교통정보서비스 단말기의 인정 및 면제 선박에 관한 기준,v14_출처문서명,admin_rule,notice,,고시,nlic_admrul,norm:Notice,true,해양수산부,true,nlic_api_20260920k,,,,,2100000240782,2024-52,20240509,20240509,고시,고시|지능형 해상교통정보서비스 단말기의 인정 및 면제 선박에 관한 기준
DOC-002637,LAW-KR-000036,통신망 종합관리 지침,v14_출처문서명,admin_rule,notice,,고시,nlic_admrul,norm:Notice,true,과학기술정보통신부,true,nlic_api_20260920k,,,,,2100000095059,2017-7,20170824,20170824,고시,고시|통신망 종합관리 지침
DOC-002638,LAW-KR-000036,통신설비 외의 전파응용설비 중 허가가 필요하지 아니한 설비 및 기기,v14_출처문서명,admin_rule,notice,,고시,nlic_admrul,norm:Notice,true,과학기술정보통신부,true,nlic_api_20260920k,,,,,2100000256958,2025-16,20250327,20250327,고시,고시|통신설비 외의 전파응용설비 중 허가가 필요하지 아니한 설비 및 기기
DOC-002639,LAW-KR-000036,항공업무용 무선설비의 기술기준,v14_출처문서명,admin_rule,notice,,고시,nlic_admrul,norm:Notice,true,국립전파연구원,true,nlic_api,,,DOC-000668,내용 다름(겹침 0%),,,,,고시,고시|항공업무용 무선설비의 기술기준
DOC-002640,LAW-KR-000036,해상업무용 무선설비의 기술기준,v14_출처문서명,admin_rule,notice,,고시,nlic_admrul,norm:Notice,true,국립전파연구원,true,nlic_api,,,DOC-002040,동일 사본,,,,,고시,고시|해상업무용 무선설비의 기술기준
DOC-002641,LAW-KR-000181,건축물의 에너지절약설계기준,v14_출처문서명,admin_rule,notice,,고시,nlic_admrul,norm:Notice,true,국토교통부,true,nlic_api,,,DOC-000781,동일 사본,,,,,고시,고시|건축물의 에너지절약설계기준
DOC-002642,LAW-KR-000181,건축물의 화재안전성능보강 방법 등에 관한 기준,v14_출처문서명,admin_rule,notice,,고시,nlic_admrul,norm:Notice,true,국토교통부,true,nlic_api,DOC-000457,UNIT-0192806,,,,,,,고시,고시|건축물의 화재안전성능보강 방법 등에 관한 기준
DOC-002643,LAW-KR-000181,교육시설의 안전·유지관리기준,v14_출처문서명,admin_rule,notice,,고시,nlic_admrul,norm:Notice,true,교육부,true,nlic_api,DOC-000512,UNIT-0207568,,,,,,,고시,고시|교육시설의 안전·유지관리기준
DOC-002644,LAW-KR-000181,국가데이터처 개인정보 보호지침,v14_출처문서명,admin_rule,established_rule,,예규,nlic_admrul,norm:EstablishedRule,true,국가데이터처,true,nlic_api_20260920k,,,,,2100000281750,11,20260702,20260702,고시,고시|국가데이터처 개인정보 보호지침
DOC-002645,LAW-KR-000181,국가인권위원회 개인정보보호 지침,v14_출처문서명,admin_rule,established_rule,,예규,nlic_admrul,norm:EstablishedRule,true,국가인권위원회,true,nlic_api,,,DOC-000941,동일 사본,,,,,고시,고시|국가인권위원회 개인정보보호 지침
DOC-002646,LAW-KR-000181,국립민속박물관 개인정보보호지침,v14_출처문서명,admin_rule,established_rule,,예규,nlic_admrul,norm:EstablishedRule,true,국립민속박물관,true,nlic_api_20260920k,,,,,2100000244944,263,20240726,20240726,고시,고시|국립민속박물관 개인정보보호지침
DOC-002647,LAW-KR-000181,국립수목원완충지역 협의기준,v14_출처문서명,admin_rule,established_rule,,예규,nlic_admrul,norm:EstablishedRule,true,국립수목원,true,nlic_api,,,DOC-001106,동일 사본,,,,,고시,고시|국립수목원완충지역 협의기준
DOC-002648,LAW-KR-000181,국립정신건강센터 하부기구 설치ㆍ운영 규정,v14_출처문서명,admin_rule,established_rule,,예규,nlic_admrul,norm:EstablishedRule,true,국립정신건강센터,true,nlic_api_20260920k,,,,,2100000281926,379,20260708,20260708,고시,고시|국립정신건강센터 하부기구 설치ㆍ운영 규정
DOC-002649,LAW-KR-000181,국립중앙극장 부설 주차장 관리 규정,v14_출처문서명,admin_rule,established_rule,,예규,nlic_admrul,norm:EstablishedRule,true,국립중앙극장,true,nlic_api_20260920k,,,,,2100000264356,290,20230908,20230908,고시,고시|국립중앙극장 부설 주차장 관리 규정
DOC-002650,LAW-KR-000181,국립중앙박물관 주차장 관리규정,v14_출처문서명,admin_rule,established_rule,,예규,nlic_admrul,norm:EstablishedRule,true,국립중앙박물관,true,nlic_api_20260920k,,,,,2100000282104,289,20260713,20260713,고시,고시|국립중앙박물관 주차장 관리규정
DOC-002651,LAW-KR-000181,국립한글박물관 주차장 관리규정,v14_출처문서명,admin_rule,established_rule,,예규,nlic_admrul,norm:EstablishedRule,true,국립한글박물관,true,nlic_api_20260920k,,,,,2100000277958,84,20240722,20240722,고시,고시|국립한글박물관 주차장 관리규정
DOC-002652,LAW-KR-000181,국립현대미술관 주차장 관리 규정,v14_출처문서명,admin_rule,established_rule,,예규,nlic_admrul,norm:EstablishedRule,true,국립현대미술관,true,nlic_api_20260920k,,,,,2100000255418,283,20250225,20250225,고시,고시|국립현대미술관 주차장 관리 규정
DOC-002653,LAW-KR-000181,기계식주차장치의 안전기준 및 검사기준 등에 관한 규정,v14_출처문서명,admin_rule,notice,,고시,nlic_admrul,norm:Notice,true,국토교통부,true,nlic_api,DOC-000514,UNIT-0208459,,,,,,,고시,고시|기계식주차장치의 안전기준 및 검사기준 등에 관한 규정
DOC-002654,LAW-KR-000181,리모델링이 용이한 공동주택 기준,v14_출처문서명,admin_rule,notice,,고시,nlic_admrul,norm:Notice,true,국토교통부,true,nlic_api_20260920k,,,,,2100000171415,2018-774,20181207,20181207,고시,고시|리모델링이 용이한 공동주택 기준
DOC-002655,LAW-KR-000181,물분무소화설비의 화재안전성능기준(NFPC 104),v14_출처문서명,admin_rule,notice,,고시,nlic_admrul,norm:Notice,true,소방청,true,nlic_api,DOC-000024,UNIT-0016622,,,,,,,고시,고시|물분무소화설비의 화재안전성능기준(NFPC 104)
DOC-002656,LAW-KR-000181,비점오염관리를 위한 물순환관리지표 산정지침,v14_출처문서명,admin_rule,notice,,고시,nlic_admrul,norm:Notice,true,기후에너지환경부,true,nlic_api,,,DOC-001138,동일 사본,,,,,고시,고시|비점오염관리를 위한 물순환관리지표 산정지침
DOC-002657,LAW-KR-000181,소화기구 및 자동소화장치의 화재안전성능기준(NFPC 101),v14_출처문서명,admin_rule,notice,,고시,nlic_admrul,norm:Notice,true,소방청,true,nlic_api,DOC-000024,UNIT-0016622,,,,,,,고시,고시|소화기구 및 자동소화장치의 화재안전성능기준(NFPC 101)
DOC-002658,LAW-KR-000181,신ㆍ재생에너지 설비의 지원 등에 관한 규정,v14_출처문서명,admin_rule,notice,,고시,nlic_admrul,norm:Notice,true,기후에너지환경부,true,nlic_api,,,DOC-001816,동일 사본,,,,,고시,고시|신ㆍ재생에너지 설비의 지원 등에 관한 규정
DOC-002659,LAW-KR-000181,유도등 및 유도표지의 화재안전성능기준(NFPC 303),v14_출처문서명,admin_rule,notice,,고시,nlic_admrul,norm:Notice,true,소방청,true,nlic_api,DOC-000024,UNIT-0016622,,,,,,,고시,고시|유도등 및 유도표지의 화재안전성능기준(NFPC 303)
DOC-002660,LAW-KR-000181,전통시장 주차환경개선사업 운영지침,v14_출처문서명,admin_rule,notice,,고시,nlic_admrul,norm:Notice,true,중소벤처기업부,true,nlic_api_20260920k,,,,,2100000281388,2026-52,20260630,20260706,고시,고시|전통시장 주차환경개선사업 운영지침
DOC-002661,LAW-KR-000181,전통시장 화재안전점검 운영지침,v14_출처문서명,admin_rule,notice,,고시,nlic_admrul,norm:Notice,true,중소벤처기업부,true,nlic_api_20260920k,,,,,2100000247178,2024-62,20240913,20240913,고시,고시|전통시장 화재안전점검 운영지침
DOC-002662,LAW-KR-000181,조경기준,v14_출처문서명,admin_rule,notice,,고시,nlic_admrul,norm:Notice,true,국토교통부,true,nlic_api_20260920k,,,,,2100000208056,2021-1778,20220107,20220107,고시,고시|조경기준
DOC-002663,LAW-KR-000181,졸음쉼터 설치 및 관리지침,v14_출처문서명,admin_rule,established_rule,,예규,nlic_admrul,norm:EstablishedRule,true,국토교통부,true,nlic_api,DOC-000313,UNIT-0122499,DOC-000976,내용 다름(겹침 29%),,,,,고시,고시|졸음쉼터 설치 및 관리지침
DOC-002664,LAW-KR-000181,주차장 추락방지시설의 설계 및 설치 세부지침,v14_출처문서명,admin_rule,notice,,고시,nlic_admrul,norm:Notice,true,국토교통부,true,nlic_api,DOC-000514,UNIT-0208552,,,,,,,고시,고시|주차장 추락방지시설의 설계 및 설치 세부지침
DOC-002665,LAW-KR-000181,중앙전파관리소 개인정보보호 지침,v14_출처문서명,admin_rule,established_rule,,예규,nlic_admrul,norm:EstablishedRule,true,중앙전파관리소,true,nlic_api_20260920k,,,,,2100000258730,194,20250507,20250507,고시,고시|중앙전파관리소 개인정보보호 지침
DOC-002666,LAW-KR-000181,지능형 홈네트워크 설비 설치 및 기술기준,v14_출처문서명,admin_rule,notice,,고시,nlic_admrul,norm:Notice,true,"국토교통부,산업통상부,과학기술정보통신부",true,nlic_api_20260920k,,,DOC-002725,내용 다름(겹침 0%),2100000207998,2021-1533,20211231,20220701,고시,고시|지능형 홈네트워크 설비 설치 및 기술기준
DOC-002667,LAW-KR-000152,주택건설기준 등에 관한 규칙,v14_출처문서명,statutory,ministerial_ordinance,4,,by_layer,norm:SeparateMinisterialRule,true,,true,nlic_api_20260917,,,,,288501,01605,20260729,20260729,부령규칙,부령규칙|주택건설기준 등에 관한 규칙
DOC-002668,LAW-KR-000152,건강보험료 경감 대상자 고시,v14_출처문서명,admin_rule,notice,,고시,nlic_admrul,norm:Notice,true,보건복지부,true,nlic_api_20260920k,,,,,2100000252994,2025-2,20250108,20250108,고시,고시|건강보험료 경감 대상자 고시
DOC-002669,LAW-KR-000152,건강친화형 주택 건설기준,v14_출처문서명,admin_rule,notice,,고시,nlic_admrul,norm:Notice,true,국토교통부,true,nlic_api,DOC-000427,UNIT-0180123,,,,,,,고시,고시|건강친화형 주택 건설기준
DOC-002670,LAW-KR-000152,건설공사 사업관리방식 검토기준 및 업무수행지침,v14_출처문서명,admin_rule,notice,,고시,nlic_admrul,norm:Notice,true,국토교통부,true,nlic_api,DOC-000427,UNIT-0180378,,,,,,,고시,고시|건설공사 사업관리방식 검토기준 및 업무수행지침
DOC-002671,LAW-KR-000152,건설공사 안전관리 업무수행 지침,v14_출처문서명,admin_rule,notice,,고시,nlic_admrul,norm:Notice,true,국토교통부,true,nlic_api,DOC-000427,UNIT-0180378,,대표,,,,,고시,고시|건설공사 안전관리 업무수행 지침
DOC-002672,LAW-KR-000152,건설공사 품질관리 업무지침,v14_출처문서명,admin_rule,notice,,고시,nlic_admrul,norm:Notice,true,국토교통부,true,nlic_api,DOC-000427,UNIT-0180565,,,,,,,고시,고시|건설공사 품질관리 업무지침
DOC-002673,LAW-KR-000152,건축물의 에너지절약설계기준,v14_출처문서명,admin_rule,notice,,고시,nlic_admrul,norm:Notice,true,국토교통부,true,nlic_api,,,DOC-000781,동일 사본,,,,,고시,고시|건축물의 에너지절약설계기준
DOC-002674,LAW-KR-000152,경제자유구역 내 공동주택 분양가상한제 적용배제 및 체육시설 연계 단독주택 공급특례 적용기준,v14_출처문서명,admin_rule,notice,,고시,nlic_admrul,norm:Notice,true,산업통상부,true,nlic_api_20260920k,,,,,2100000192510,2020-146,20200904,20200904,고시,고시|경제자유구역 내 공동주택 분양가상한제 적용배제 및 체육시설 연계 단독주택 공급특례 적용기준
DOC-002675,LAW-KR-000152,공공주택 입주예약자 업무처리지침,v14_출처문서명,admin_rule,notice,,고시,nlic_admrul,norm:Notice,true,국토교통부,true,nlic_api_20260920k,,,,,2100000278314,2026-217,20260427,20260427,고시,고시|공공주택 입주예약자 업무처리지침
DOC-002676,LAW-KR-000152,공동주택 결로 방지를 위한 설계기준,v14_출처문서명,admin_rule,notice,,고시,nlic_admrul,norm:Notice,true,국토교통부,true,nlic_api_20260920k,,,,,2100000281108,2026-332,20260626,20260626,고시,고시|공동주택 결로 방지를 위한 설계기준
DOC-002677,LAW-KR-000152,공동주택 모범관리단지 및 우수관리단지 선정지침,v14_출처문서명,admin_rule,notice,,고시,nlic_admrul,norm:Notice,true,국토교통부,true,nlic_api_20260920k,,,,,2100000064889,2016-744,20161108,20161108,고시,고시|공동주택 모범관리단지 및 우수관리단지 선정지침
DOC-002678,LAW-KR-000152,공동주택 바닥충격음 차단구조 인정 및 검사기준,v14_출처문서명,admin_rule,notice,,고시,nlic_admrul,norm:Notice,true,국토교통부,true,nlic_api_20260920k,,,,,2100000228386,2023-494,20230828,20230828,고시,고시|공동주택 바닥충격음 차단구조 인정 및 검사기준
DOC-002679,LAW-KR-000152,공동주택 분양가격의 산정 등에 관한 시행지침,v14_출처문서명,admin_rule,notice,,고시,nlic_admrul,norm:Notice,true,국토교통부,true,nlic_api_20260920k,,,,,2100000285102,2026-489,20260915,20260915,고시,고시|공동주택 분양가격의 산정 등에 관한 시행지침
DOC-002680,LAW-KR-000152,"공동주택 하자의 조사, 보수비용 산정 및 하자판정기준",v14_출처문서명,admin_rule,notice,,고시,nlic_admrul,norm:Notice,true,국토교통부,true,nlic_api_20260920k,,,,,2100000282400,2026-360,20260708,20260708,고시,"고시|공동주택 하자의 조사, 보수비용 산정 및 하자판정기준"
DOC-002681,LAW-KR-000152,공동주택의 소음측정기준,v14_출처문서명,admin_rule,notice,,고시,nlic_admrul,norm:Notice,true,국토교통부,true,nlic_api_20260920k,,,,대표,2100000094495,2017-558,20170819,20170819,고시,고시|공동주택의 소음측정기준
DOC-002682,LAW-KR-000152,공항소음 관리 및 피해지원 등에 관한 기준,v14_출처문서명,admin_rule,notice,,고시,nlic_admrul,norm:Notice,true,국토교통부,true,nlic_api_20260920k,,,,,2100000282402,2026-360,20260708,20260708,고시,고시|공항소음 관리 및 피해지원 등에 관한 기준
DOC-002683,LAW-KR-000152,국가유공자 등에 대한 주택의 우선 공급에 관한 기준,v14_출처문서명,admin_rule,notice,,고시,nlic_admrul,norm:Notice,true,국가보훈부,true,nlic_api_20260920k,,,,,2100000256092,2025-4,20250306,20250306,고시,고시|국가유공자 등에 대한 주택의 우선 공급에 관한 기준
DOC-002684,LAW-KR-000152,국민기초생활 보장법상 재산의 소득환산율 고시,v14_출처문서명,admin_rule,notice,,고시,nlic_admrul,norm:Notice,true,보건복지부,true,nlic_api_20260920k,,,,,2100000181823,2019-188,20190830,20190901,고시,고시|국민기초생활 보장법상 재산의 소득환산율 고시
DOC-002685,LAW-KR-000152,근로자 주택공급 및 관리규정,v14_출처문서명,admin_rule,notice,,고시,nlic_admrul,norm:Notice,true,국토교통부,true,nlic_api_20260920k,,,,,2100000124252,2018-274,20180508,20180508,고시,고시|근로자 주택공급 및 관리규정
DOC-002686,LAW-KR-000152,금융소비자 보호에 관한 감독규정,v14_출처문서명,admin_rule,notice,,고시,nlic_admrul,norm:Notice,true,금융위원회,true,nlic_api_20260920k,,,,,2100000276850,2026-11,20260402,20260402,고시,고시|금융소비자 보호에 관한 감독규정
DOC-002687,LAW-KR-000152,기계설비 기술기준,v14_출처문서명,admin_rule,notice,,고시,nlic_admrul,norm:Notice,true,국토교통부,true,nlic_api,DOC-000427,UNIT-0180123,,대표,,,,,고시,고시|기계설비 기술기준
DOC-002688,LAW-KR-000152,기술의 진보나 주거생활 변화 등에 따른 추가선택품목,v14_출처문서명,admin_rule,notice,,고시,nlic_admrul,norm:Notice,true,국토교통부,true,nlic_api_20260920k,,,,,2100000186214,2020-13,20200108,20200108,고시,고시|기술의 진보나 주거생활 변화 등에 따른 추가선택품목
DOC-002689,LAW-KR-000152,다자녀가구 및 노부모부양 주택 특별공급 운용지침,v14_출처문서명,admin_rule,notice,,고시,nlic_admrul,norm:Notice,true,국토교통부,true,nlic_api_20260920k,,,,,2100000282330,2026-360,20260708,20260708,고시,고시|다자녀가구 및 노부모부양 주택 특별공급 운용지침
DOC-002690,LAW-KR-000152,리모델링 시공자 선정기준,v14_출처문서명,admin_rule,notice,,고시,nlic_admrul,norm:Notice,true,국토교통부,true,nlic_api_20260920k,,,,,2100000200135,2021-327,20210416,20210416,고시,고시|리모델링 시공자 선정기준
DOC-002691,LAW-KR-000152,방송 공동수신설비의 설치기준에 관한 고시,v14_출처문서명,admin_rule,notice,,고시,nlic_admrul,norm:Notice,true,방송미디어통신위원회,true,nlic_api,,,DOC-002598,동일 사본,,,,,고시,고시|방송 공동수신설비의 설치기준에 관한 고시
DOC-002692,LAW-KR-000152,벽체의 차음구조 인정 및 관리기준,v14_출처문서명,admin_rule,notice,,고시,nlic_admrul,norm:Notice,true,국토교통부,true,nlic_api_20260920k,,,,,2100000218170,2023-25,20230112,20230112,고시,고시|벽체의 차음구조 인정 및 관리기준
DOC-002693,LAW-KR-000152,분양대행자 교육에 관한 규정,v14_출처문서명,admin_rule,notice,,고시,nlic_admrul,norm:Notice,true,국토교통부,true,nlic_api_20260920k,,,,,2100000185307,2019-1019,20191231,20191231,고시,고시|분양대행자 교육에 관한 규정
DOC-002694,LAW-KR-000152,사이버견본주택 운용기준,v14_출처문서명,admin_rule,notice,,고시,nlic_admrul,norm:Notice,true,국토교통부,true,nlic_api_20260920k,,,,,2100000040081,2016-65,20160217,20160217,고시,고시|사이버견본주택 운용기준
DOC-002695,LAW-KR-000152,산업단지 입주기업 종사자 등에 관한 주택특별공급 운영기준,v14_출처문서명,admin_rule,notice,,고시,nlic_admrul,norm:Notice,true,국토교통부,true,nlic_api,,,DOC-001331,동일 사본,,,,,고시,고시|산업단지 입주기업 종사자 등에 관한 주택특별공급 운영기준
DOC-002696,LAW-KR-000152,새만금개발청 건축위원회 공동주택 건축심의기준에 관한 고시,v14_출처문서명,admin_rule,notice,,고시,nlic_admrul,norm:Notice,true,새만금개발청,true,nlic_api_20260920k,,,,,2100000250042,2024-30,20241206,20241206,고시,고시|새만금개발청 건축위원회 공동주택 건축심의기준에 관한 고시
DOC-002697,LAW-KR-000152,생애최초 주택 특별공급 운용지침,v14_출처문서명,admin_rule,notice,,고시,nlic_admrul,norm:Notice,true,국토교통부,true,nlic_api_20260920k,,,,,2100000282432,2026-360,20260708,20260708,고시,고시|생애최초 주택 특별공급 운용지침
DOC-002698,LAW-KR-000152,설계업자·감리업자의 사업수행능력 세부평가기준,v14_출처문서명,admin_rule,notice,,고시,nlic_admrul,norm:Notice,true,기후에너지환경부,true,nlic_api,,,DOC-002570,동일 사본,,,,,고시,고시|설계업자·감리업자의 사업수행능력 세부평가기준
DOC-002699,LAW-KR-000152,소방시설 설계·감리업자의 사업수행능력 세부평가기준,v14_출처문서명,admin_rule,notice,,고시,nlic_admrul,norm:Notice,true,소방청,true,nlic_api,,,DOC-001579,내용 다름(겹침 0%),,,,,고시,고시|소방시설 설계·감리업자의 사업수행능력 세부평가기준
DOC-002700,LAW-KR-000152,소음방지를 위한 층간 바닥충격음 차단 구조기준,v14_출처문서명,admin_rule,notice,,고시,nlic_admrul,norm:Notice,true,국토교통부,true,nlic_api_20260920k,,,,,2100000156789,2018-585,20180921,20180921,고시,고시|소음방지를 위한 층간 바닥충격음 차단 구조기준
DOC-002701,LAW-KR-000152,수도권 분양가상한제 적용주택 등에 적용되는 인근지역 주택매매가격의 결정지침,v14_출처문서명,admin_rule,notice,,고시,nlic_admrul,norm:Notice,true,국토교통부,true,nlic_api_20260920k,,,,,2100000282944,2026-398,20260727,20260727,고시,고시|수도권 분양가상한제 적용주택 등에 적용되는 인근지역 주택매매가격의 결정지침
DOC-002702,LAW-KR-000152,수직증축형 리모델링 전문기관 안전성 검토기준,v14_출처문서명,admin_rule,notice,,고시,nlic_admrul,norm:Notice,true,국토교통부,true,nlic_api,DOC-000427,UNIT-0180762,,,,,,,고시,고시|수직증축형 리모델링 전문기관 안전성 검토기준
DOC-002703,LAW-KR-000152,시·군·구별 기본형건축비 산정을 위한 주요자재별 기준단가,v14_출처문서명,admin_rule,notice,,고시,nlic_admrul,norm:Notice,true,국토교통부,true,nlic_api_20260920k,,,,,2100000285144,2026-490,20260915,20260915,고시,고시|시·군·구별 기본형건축비 산정을 위한 주요자재별 기준단가
DOC-002704,LAW-KR-000152,실내건축의 구조·시공방법 등에 관한 기준,v14_출처문서명,admin_rule,notice,,고시,nlic_admrul,norm:Notice,true,국토교통부,true,nlic_api_20260920k,,,,,2100000272946,2026-38,20260122,20260122,고시,고시|실내건축의 구조·시공방법 등에 관한 기준
DOC-002705,LAW-KR-000152,에너지절약형 친환경주택의 건설기준,v14_출처문서명,admin_rule,notice,,고시,nlic_admrul,norm:Notice,true,국토교통부,true,nlic_api_20260920k,,,,,2100000282336,2026-360,20260708,20260708,고시,고시|에너지절약형 친환경주택의 건설기준
DOC-002706,LAW-KR-000152,오피스텔 건축기준,v14_출처문서명,admin_rule,notice,,고시,nlic_admrul,norm:Notice,true,국토교통부,true,nlic_api_20260920k,,,,,2100000252038,2024-1066,20241230,20241230,고시,고시|오피스텔 건축기준
DOC-002707,LAW-KR-000152,외항선원 주택특별공급 운영기준,v14_출처문서명,admin_rule,notice,,고시,nlic_admrul,norm:Notice,true,해양수산부,true,nlic_api,,,DOC-001561,동일 사본,,,,,고시,고시|외항선원 주택특별공급 운영기준
DOC-002708,LAW-KR-000152,유료방송사업 가입자 수 검증에 관한 고시,v14_출처문서명,admin_rule,notice,,고시,nlic_admrul,norm:Notice,true,방송미디어통신위원회,true,nlic_api_20260920k,,,,,2100000280762,2026-17,20260616,20260616,고시,고시|유료방송사업 가입자 수 검증에 관한 고시
DOC-002709,LAW-KR-000152,유선방송국설비 등에 관한 기술기준,v14_출처문서명,admin_rule,notice,,고시,nlic_admrul,norm:Notice,true,방송미디어통신위원회,true,nlic_api,,,DOC-002611,동일 사본,,,,,고시,고시|유선방송국설비 등에 관한 기술기준
DOC-002710,LAW-KR-000152,일자리 안정자금 사업 운영 규정,v14_출처문서명,admin_rule,notice,,고시,nlic_admrul,norm:Notice,true,고용노동부,true,nlic_api,,,DOC-001563,동일 사본,,,,,고시,고시|일자리 안정자금 사업 운영 규정
DOC-002711,LAW-KR-000152,장수명 주택 건설·인증기준,v14_출처문서명,admin_rule,notice,,고시,nlic_admrul,norm:Notice,true,국토교통부,true,nlic_api_20260920k,,,,,2100000263510,2025-475,20250829,20250907,고시,고시|장수명 주택 건설·인증기준
DOC-002712,LAW-KR-000152,재정비촉진사업 임대주택 등의 공급가격 산정 기준,v14_출처문서명,admin_rule,notice,,고시,nlic_admrul,norm:Notice,true,국토교통부,true,nlic_api_20260920k,,,,,2100000239682,2024-204,20240427,20240427,고시,고시|재정비촉진사업 임대주택 등의 공급가격 산정 기준
DOC-002713,LAW-KR-000152,접지설비·구내통신설비·선로설비 및 통신공동구등에 대한 기술기준,v14_출처문서명,admin_rule,notice,,고시,nlic_admrul,norm:Notice,true,국립전파연구원,true,nlic_api_20260920k,,,,,2100000268620,2025-10,20251128,20251128,고시,고시|접지설비·구내통신설비·선로설비 및 통신공동구등에 대한 기술기준
DOC-002714,LAW-KR-000152,정비사업 계약업무 처리기준,v14_출처문서명,admin_rule,notice,,고시,nlic_admrul,norm:Notice,true,국토교통부,true,nlic_api,,,DOC-001048,동일 사본,,,,,고시,고시|정비사업 계약업무 처리기준
DOC-002715,LAW-KR-000152,정비사업 등 필수 발생 비용 산정기준,v14_출처문서명,admin_rule,notice,,고시,nlic_admrul,norm:Notice,true,국토교통부,true,nlic_api,,,DOC-001050,동일 사본,,,,,고시,고시|정비사업 등 필수 발생 비용 산정기준
DOC-002716,LAW-KR-000152,주거급여 실시에 관한 고시,v14_출처문서명,admin_rule,notice,,고시,nlic_admrul,norm:Notice,true,국토교통부,true,nlic_api_20260920k,,,,,2100000282666,2026-379,20260716,20260716,고시,고시|주거급여 실시에 관한 고시
DOC-002717,LAW-KR-000152,주택건설공사 감리업무 세부기준,v14_출처문서명,admin_rule,notice,,고시,nlic_admrul,norm:Notice,true,국토교통부,true,nlic_api,DOC-000427,UNIT-0180451,,,,,,,고시,고시|주택건설공사 감리업무 세부기준
DOC-002718,LAW-KR-000152,주택건설공사 감리자지정기준,v14_출처문서명,admin_rule,notice,,고시,nlic_admrul,norm:Notice,true,국토교통부,true,nlic_api_20260920k,,,,,2100000248218,2024-529,20241008,20241008,고시,고시|주택건설공사 감리자지정기준
DOC-002719,LAW-KR-000152,주택단지 분할 건설·공급 절차 및 방법에 관한 기준,v14_출처문서명,admin_rule,notice,,고시,nlic_admrul,norm:Notice,true,국토교통부,true,nlic_api_20260920k,,,,,2100000151091,2018-541,20180831,20180831,고시,고시|주택단지 분할 건설·공급 절차 및 방법에 관한 기준
DOC-002720,LAW-KR-000152,주택의 설계도서 작성기준,v14_출처문서명,admin_rule,notice,,고시,nlic_admrul,norm:Notice,true,국토교통부,true,nlic_api,DOC-000427,UNIT-0180123,,,,,,,고시,고시|주택의 설계도서 작성기준
DOC-002721,LAW-KR-000152,주택조합 등에 대한 주택규모별 공급비율에 관한 지침,v14_출처문서명,admin_rule,notice,,고시,nlic_admrul,norm:Notice,true,국토교통부,true,nlic_api_20260920k,,,,,2100000085449,2017-259,20170426,20170426,고시,고시|주택조합 등에 대한 주택규모별 공급비율에 관한 지침
DOC-002722,LAW-KR-000152,주택청약종합저축의 이자율 및 운영에 관한 고시,v14_출처문서명,admin_rule,notice,,고시,nlic_admrul,norm:Notice,true,국토교통부,true,nlic_api_20260920k,,,,,2100000270814,2025-976,20260101,20260101,고시,고시|주택청약종합저축의 이자율 및 운영에 관한 고시
DOC-002723,LAW-KR-000152,주택품질 향상에 따른 가산비용 기준,v14_출처문서명,admin_rule,notice,,고시,nlic_admrul,norm:Notice,true,국토교통부,true,nlic_api_20260920k,,,,,2100000274542,2026-83,20260211,20260211,고시,고시|주택품질 향상에 따른 가산비용 기준
DOC-002724,LAW-KR-000152,중소기업 장기근속자 주택 우선공급에 관한 지침,v14_출처문서명,admin_rule,notice,,고시,nlic_admrul,norm:Notice,true,중소벤처기업부,true,nlic_api_20260920k,,,,,2100000214587,2022-71,20220930,20230101,고시,고시|중소기업 장기근속자 주택 우선공급에 관한 지침
DOC-002725,LAW-KR-000152,지능형 홈네트워크 설비 설치 및 기술기준,v14_출처문서명,admin_rule,notice,,고시,nlic_admrul,norm:Notice,true,"국토교통부,산업통상부,과학기술정보통신부",true,nlic_api,DOC-000427,UNIT-0180227,,대표,,,,,고시,고시|지능형 홈네트워크 설비 설치 및 기술기준
DOC-002726,LAW-KR-000152,지방이전 공공기관 종사자 등에 관한 주택특별공급 운영기준,v14_출처문서명,admin_rule,notice,,고시,nlic_admrul,norm:Notice,true,국토교통부,true,nlic_api_20260920k,,,,,2100000093187,2017-533,20170803,20170803,고시,고시|지방이전 공공기관 종사자 등에 관한 주택특별공급 운영기준
DOC-002727,LAW-KR-000152,층간소음 피해사례 조사·상담 등의 절차 및 방법에 관한 규정,v14_출처문서명,admin_rule,notice,,고시,nlic_admrul,norm:Notice,true,기후에너지환경부,true,nlic_api,,,DOC-001594,동일 사본,,,,,고시,고시|층간소음 피해사례 조사·상담 등의 절차 및 방법에 관한 규정
DOC-002728,LAW-KR-000152,친환경주택 에너지절약계획 전문기관 지정 고시,v14_출처문서명,admin_rule,notice,,고시,nlic_admrul,norm:Notice,true,국토교통부,true,nlic_api_20260920k,,,,,2100000280542,2026-278,20260610,20260610,고시,고시|친환경주택 에너지절약계획 전문기관 지정 고시
DOC-002729,LAW-KR-000152,탄광근로자 등에 대한 임대주택 우선공급에 관한 지침,v14_출처문서명,admin_rule,notice,,고시,nlic_admrul,norm:Notice,true,산업통상부,true,nlic_api_20260920k,,,,,2100000188158,2020-40,20200331,20200331,고시,고시|탄광근로자 등에 대한 임대주택 우선공급에 관한 지침
DOC-002730,LAW-KR-000152,통합공공임대주택의 표준임대보증금 및 표준임대료 등에 관한 기준,v14_출처문서명,admin_rule,notice,,고시,nlic_admrul,norm:Notice,true,국토교통부,true,nlic_api_20260920k,,,,,2100000250118,2024-720,20241205,20241205,고시,고시|통합공공임대주택의 표준임대보증금 및 표준임대료 등에 관한 기준
DOC-002731,LAW-KR-000152,특별건축구역 운영 가이드라인,v14_출처문서명,admin_rule,notice,,고시,nlic_admrul,norm:Notice,true,국토교통부,true,nlic_api,,,DOC-000787,동일 사본,,,,,고시,고시|특별건축구역 운영 가이드라인
DOC-002732,LAW-KR-000152,행복주택의 표준임대보증금 및 표준임대료 등에 관한 기준,v14_출처문서명,admin_rule,notice,,고시,nlic_admrul,norm:Notice,true,국토교통부,true,nlic_api_20260920k,,,,,2100000257100,2025-152,20250331,20250331,고시,고시|행복주택의 표준임대보증금 및 표준임대료 등에 관한 기준
DOC-002733,LAW-KR-000152,환경관리비의 산출기준 및 관리에 관한 지침,v14_출처문서명,admin_rule,notice,,고시,nlic_admrul,norm:Notice,true,국토교통부,true,nlic_api_20260920k,,,,,2100000149175,2018-528,20180830,20190101,고시,고시|환경관리비의 산출기준 및 관리에 관한 지침
DOC-002734,LAW-KR-000099,보건복지 급여·서비스 기준 관리 및 정보시스템 운영에 관한 규정,v14_출처문서명,admin_rule,established_rule,,예규,nlic_admrul,norm:EstablishedRule,true,보건복지부,true,nlic_api_20260920k,,,,,2000000014212,7,20100701,20100701,고시,고시|보건복지 급여·서비스 기준 관리 및 정보시스템 운영에 관한 규정
DOC-002735,LAW-KR-000099,사전연명의료의향서 등록기관 지정 기준 및 그 절차와 방법 등에 관한 세부 규정,v14_출처문서명,admin_rule,notice,,고시,nlic_admrul,norm:Notice,true,보건복지부,true,nlic_api,,,DOC-000775,내용 다름(겹침 0%),,,,,고시,고시|사전연명의료의향서 등록기관 지정 기준 및 그 절차와 방법 등에 관한 세부 규정
DOC-002736,LAW-KR-000099,요양기관 간 동일성분 의약품 중복투약 관리에 관한 기준,v14_출처문서명,admin_rule,notice,,고시,nlic_admrul,norm:Notice,true,보건복지부,true,nlic_api,,,DOC-001933,동일 사본,,,,,고시,고시|요양기관 간 동일성분 의약품 중복투약 관리에 관한 기준
DOC-002737,LAW-KR-000099,요양기관 행정처분 감면기준 및 거짓청구 유형,v14_출처문서명,admin_rule,notice,,고시,nlic_admrul,norm:Notice,true,보건복지부,true,nlic_api_20260920k,,,,,2100000214041,2022-198,20220825,20220825,고시,고시|요양기관 행정처분 감면기준 및 거짓청구 유형
DOC-002738,LAW-KR-000099,우체국실손의료보험계약의 보험금 청구 전산화에 관한 고시,v14_출처문서명,admin_rule,notice,,고시,nlic_admrul,norm:Notice,true,우정사업본부,true,nlic_api,,,DOC-001935,동일 사본,,,,,고시,고시|우체국실손의료보험계약의 보험금 청구 전산화에 관한 고시
DOC-002739,LAW-KR-000099,의료급여기관 간 동일성분 의약품 중복투약 관리에 관한 기준,v14_출처문서명,admin_rule,notice,,고시,nlic_admrul,norm:Notice,true,보건복지부,true,nlic_api,,,DOC-001941,동일 사본,,,,,고시,고시|의료급여기관 간 동일성분 의약품 중복투약 관리에 관한 기준
DOC-002740,LAW-KR-000099,임상영양사 자격시험 응시를 위한 실무경력 인정기준,v14_출처문서명,admin_rule,notice,,고시,nlic_admrul,norm:Notice,true,보건복지부,true,nlic_api,,,DOC-001786,동일 사본,,,,,고시,고시|임상영양사 자격시험 응시를 위한 실무경력 인정기준
DOC-002741,LAW-KR-000099,자동차보험진료수가 심사업무처리에 관한 규정,v14_출처문서명,admin_rule,notice,,고시,nlic_admrul,norm:Notice,true,국토교통부,true,nlic_api,,,DOC-001427,동일 사본,,,,,고시,고시|자동차보험진료수가 심사업무처리에 관한 규정
DOC-002742,LAW-KR-000099,자동차보험진료수가에 관한 기준,v14_출처문서명,admin_rule,notice,,고시,nlic_admrul,norm:Notice,true,국토교통부,true,nlic_api,,,DOC-001428,동일 사본,,,,,고시,고시|자동차보험진료수가에 관한 기준
DOC-002743,LAW-KR-000099,장려금의 지급에 관한 기준,v14_출처문서명,admin_rule,notice,,고시,nlic_admrul,norm:Notice,true,보건복지부,true,nlic_api,,,DOC-001991,동일 사본,,,,,고시,고시|장려금의 지급에 관한 기준
DOC-002744,LAW-KR-000118,지진 관측 장비의 성능·규격,v14_출처문서명,admin_rule,notice,,고시,nlic_admrul,norm:Notice,true,기상청,true,nlic_api,DOC-000326,UNIT-0126620,,,,,,,고시,고시|지진 관측 장비의 성능·규격
DOC-002745,LAW-KR-000118,지진·지진해일 및 화산활동 관측기관협의회 운영지침,v14_출처문서명,admin_rule,notice,,고시,nlic_admrul,norm:Notice,true,기상청,true,nlic_api,DOC-000325,UNIT-0126461,,,,,,,고시,고시|지진·지진해일 및 화산활동 관측기관협의회 운영지침
DOC-002746,LAW-KR-000118,지진가속도계측기 설치 및 운영기준,v14_출처문서명,admin_rule,notice,,고시,nlic_admrul,norm:Notice,true,행정안전부,true,nlic_api,DOC-000325,UNIT-0126421,,,,,,,고시,고시|지진가속도계측기 설치 및 운영기준
DOC-002747,LAW-KR-000118,지진방재용 지질·지반조사 자료의 구축 및 활용에 관한 규정,v14_출처문서명,admin_rule,notice,,고시,nlic_admrul,norm:Notice,true,행정안전부,true,nlic_api,DOC-000325,UNIT-0126199,,,,,,,고시,고시|지진방재용 지질·지반조사 자료의 구축 및 활용에 관한 규정
DOC-002748,LAW-KR-000118,지진안전 시설물 인증에 관한 규칙,v14_출처문서명,admin_rule,notice,,고시,nlic_admrul,norm:Notice,true,행정안전부,true,nlic_api,DOC-000326,UNIT-0126566,,,,,,,고시,고시|지진안전 시설물 인증에 관한 규칙
DOC-002749,LAW-KR-000118,지진해일 관측장비의 성능·규격,v14_출처문서명,admin_rule,notice,,고시,nlic_admrul,norm:Notice,true,기상청,true,nlic_api,DOC-000325,UNIT-0126420,,,,,,,고시,고시|지진해일 관측장비의 성능·규격
DOC-002750,LAW-KR-000054,가축분뇨실태조사의 세부 절차 및 방법 등에 관한 고시,v14_출처문서명,admin_rule,notice,,고시,nlic_admrul,norm:Notice,true,"농림축산식품부,기후에너지환경부",true,nlic_api,,,DOC-001126,동일 사본,,,,,고시,고시|가축분뇨실태조사의 세부 절차 및 방법 등에 관한 고시
DOC-002751,LAW-KR-000054,고준위방사성폐기물 심층처분시설에 관한 일반기준,v14_출처문서명,admin_rule,notice,,고시,nlic_admrul,norm:Notice,true,원자력안전위원회,true,nlic_api,DOC-000055,UNIT-0029172,,,,,,,고시,고시|고준위방사성폐기물 심층처분시설에 관한 일반기준
DOC-002752,LAW-KR-000054,골프장의 농약사용량 조사 및 농약잔류량 검사방법 등에 관한 규정,v14_출처문서명,admin_rule,notice,,고시,nlic_admrul,norm:Notice,true,기후에너지환경부,true,nlic_api,,,DOC-000792,내용 다름(겹침 0%),,,,,고시,고시|골프장의 농약사용량 조사 및 농약잔류량 검사방법 등에 관한 규정
DOC-002753,LAW-KR-000054,급경사지 토질조사 등의 자료 제출에 관한 규정,v14_출처문서명,admin_rule,notice,,고시,nlic_admrul,norm:Notice,true,행정안전부,true,nlic_api_20260920k,,,DOC-000719,내용 다름(겹침 0%),2100000200281,2021-22,20210305,20210305,고시,고시|급경사지 토질조사 등의 자료 제출에 관한 규정
DOC-002754,LAW-KR-000054,농업자원과 농업환경의 실태조사 및 평가 기준,v14_출처문서명,admin_rule,notice,,고시,nlic_admrul,norm:Notice,true,농촌진흥청,true,nlic_api,,,DOC-000810,동일 사본,,,,,고시,고시|농업자원과 농업환경의 실태조사 및 평가 기준
DOC-002755,LAW-KR-000054,먹는샘물등의 기준과 규격 및 표시기준 고시,v14_출처문서명,admin_rule,notice,,고시,nlic_admrul,norm:Notice,true,기후에너지환경부,true,nlic_api,,,DOC-001733,동일 사본,,,,,고시,고시|먹는샘물등의 기준과 규격 및 표시기준 고시
DOC-002756,LAW-KR-000054,수자원시설 재평가 지침,v14_출처문서명,admin_rule,notice,,고시,nlic_admrul,norm:Notice,true,기후에너지환경부,true,nlic_api,,,DOC-000937,내용 다름(겹침 0%),,,,,고시,고시|수자원시설 재평가 지침
DOC-002757,LAW-KR-000054,염에 의한 생태독성 증명에 관한 규정,v14_출처문서명,admin_rule,notice,,고시,nlic_admrul,norm:Notice,true,국립환경과학원,true,nlic_api,,,DOC-001153,동일 사본,,,,,고시,고시|염에 의한 생태독성 증명에 관한 규정
DOC-002758,LAW-KR-000054,오염지하수정화계획의 작성에 관한 규정,v14_출처문서명,admin_rule,notice,,고시,nlic_admrul,norm:Notice,true,기후에너지환경부,true,nlic_api_20260920k,,,,,2100000265944,2025-165,20251001,20251001,고시,고시|오염지하수정화계획의 작성에 관한 규정
DOC-002759,LAW-KR-000054,오염토양 반입정화시설의 세부설치기준,v14_출처문서명,admin_rule,notice,,고시,nlic_admrul,norm:Notice,true,기후에너지환경부,true,nlic_api_20260920k,,,DOC-000897,내용 다름(겹침 0%),2100000267232,2025-165,20251105,20251105,고시,고시|오염토양 반입정화시설의 세부설치기준
DOC-002760,LAW-KR-000054,오염토양의 반출정화사유,v14_출처문서명,admin_rule,notice,,고시,nlic_admrul,norm:Notice,true,기후에너지환경부,true,nlic_api,,,DOC-001629,동일 사본,,,,,고시,고시|오염토양의 반출정화사유
DOC-002761,LAW-KR-000054,유출지하수 기술지원 기관 지정 고시,v14_출처문서명,admin_rule,notice,,고시,nlic_admrul,norm:Notice,true,기후에너지환경부,true,nlic_api_20260920k,,,,,2100000265900,2025-165,20251001,20251001,고시,고시|유출지하수 기술지원 기관 지정 고시
DOC-002762,LAW-KR-000054,이행보증금의 산정기준,v14_출처문서명,admin_rule,notice,,고시,nlic_admrul,norm:Notice,true,기후에너지환경부,true,nlic_api_20260920k,,,,,2100000265946,2025-165,20251001,20251001,고시,고시|이행보증금의 산정기준
DOC-002763,LAW-KR-000054,재활용환경성평가를 위한 절차와 방법 등에 관한 규정,v14_출처문서명,admin_rule,notice,,고시,nlic_admrul,norm:Notice,true,기후에너지환경부,true,nlic_api_20260920k,,,,,2100000265804,2025-165,20251001,20251001,고시,고시|재활용환경성평가를 위한 절차와 방법 등에 관한 규정
DOC-002764,LAW-KR-000054,재활용환경성평가에 따른 재활용 승인 관련 업무처리지침,v14_출처문서명,admin_rule,established_rule,,예규,nlic_admrul,norm:EstablishedRule,true,국립환경과학원,true,nlic_api_20260920k,,,,,2100000283084,913,20260727,20260727,고시,고시|재활용환경성평가에 따른 재활용 승인 관련 업무처리지침
DOC-002765,LAW-KR-000054,지하공간통합지도 제작 작업규정,v14_출처문서명,admin_rule,notice,,고시,nlic_admrul,norm:Notice,true,국토교통부,true,nlic_api_20260920k,,,DOC-002777,내용 다름(겹침 0%),2100000165613,2018-661,20181106,20181106,고시,고시|지하공간통합지도 제작 작업규정
DOC-002766,LAW-KR-000054,지하수 관련 전문기관 지정 고시,v14_출처문서명,admin_rule,notice,,고시,nlic_admrul,norm:Notice,true,기후에너지환경부,true,nlic_api_20260920k,,,,,2100000240996,2024-100,20240517,20240517,고시,고시|지하수 관련 전문기관 지정 고시
DOC-002767,LAW-KR-000054,지하수오염평가보고서의 작성에 관한 규정,v14_출처문서명,admin_rule,notice,,고시,nlic_admrul,norm:Notice,true,기후에너지환경부,true,nlic_api_20260920k,,,,,2100000265914,2025-165,20251001,20251001,고시,고시|지하수오염평가보고서의 작성에 관한 규정
DOC-002768,LAW-KR-000054,지하안전관리 업무지침,v14_출처문서명,admin_rule,notice,,고시,nlic_admrul,norm:Notice,true,국토교통부,true,nlic_api,DOC-000152,UNIT-0067781,DOC-002778,내용 다름(겹침 47%),,,,,고시,고시|지하안전관리 업무지침
DOC-002769,LAW-KR-000054,토양지하수정보시스템 구축 및 운영에 관한 규정,v14_출처문서명,admin_rule,established_rule,,예규,nlic_admrul,norm:EstablishedRule,true,기후에너지환경부,true,nlic_api_20260920k,,,,대표,2100000283884,30,20260810,20260810,고시,고시|토양지하수정보시스템 구축 및 운영에 관한 규정
DOC-002770,LAW-KR-000054,특정토양오염관리대상시설의 토양오염방지시설 및 오염토양의 정화방법 등에 관한 고시,v14_출처문서명,admin_rule,notice,,고시,nlic_admrul,norm:Notice,true,기후에너지환경부,true,nlic_api_20260920k,,,DOC-003013,내용 다름(겹침 0%),2100000267260,2025-165,20251105,20251111,고시,고시|특정토양오염관리대상시설의 토양오염방지시설 및 오염토양의 정화방법 등에 관한 고시
DOC-002771,LAW-KR-000054,폐광산 주변지역의 사후 환경오염영향조사 지침,v14_출처문서명,admin_rule,established_rule,,예규,nlic_admrul,norm:EstablishedRule,true,기후에너지환경부,true,nlic_api_20260920k,,,,,2100000267854,4,20251110,20251116,고시,고시|폐광산 주변지역의 사후 환경오염영향조사 지침
DOC-002772,LAW-KR-000054,"폐기물매립시설의 침출수 희석처리 및 수위관리, 대체복토재 등에 관한 기준",v14_출처문서명,admin_rule,notice,,고시,nlic_admrul,norm:Notice,true,기후에너지환경부,true,nlic_api_20260920k,,,,,2100000283056,2026-188,20260724,20260724,고시,"고시|폐기물매립시설의 침출수 희석처리 및 수위관리, 대체복토재 등에 관한 기준"
DOC-002773,LAW-KR-000054,"화재, 폭발 또는 유독가스 발생우려 폐기물의 종류 등에 관한 고시",v14_출처문서명,admin_rule,notice,,고시,nlic_admrul,norm:Notice,true,기후에너지환경부,true,nlic_api_20260920k,,,,,2100000266740,2025-165,20251001,20251001,고시,"고시|화재, 폭발 또는 유독가스 발생우려 폐기물의 종류 등에 관한 고시"
DOC-002774,LAW-KR-000054,화학사고 즉시 신고에 관한 규정,v14_출처문서명,admin_rule,established_rule,,예규,nlic_admrul,norm:EstablishedRule,true,기후에너지환경부,true,nlic_api,DOC-000154,UNIT-0068802,,,,,,,고시,고시|화학사고 즉시 신고에 관한 규정
DOC-002775,LAW-KR-000054,환경친화 축산농장 지정기준,v14_출처문서명,admin_rule,notice,,고시,nlic_admrul,norm:Notice,true,농림축산식품부,true,nlic_api,,,DOC-002946,내용 다름(겹침 0%),,,,,고시,고시|환경친화 축산농장 지정기준
DOC-002776,LAW-KR-000173,지하공간 침수 방지를 위한 수방기준,v14_출처문서명,admin_rule,notice,,고시,nlic_admrul,norm:Notice,true,행정안전부,true,nlic_api,DOC-000491,UNIT-0201279,DOC-001706,동일 사본,,,,,고시,고시|지하공간 침수 방지를 위한 수방기준
DOC-002777,LAW-KR-000173,지하공간통합지도 제작 작업규정,v14_출처문서명,admin_rule,notice,,고시,nlic_admrul,norm:Notice,true,국토교통부,true,nlic_api,DOC-000490,UNIT-0200758,,대표,,,,,고시,고시|지하공간통합지도 제작 작업규정
DOC-002778,LAW-KR-000173,지하안전관리 업무지침,v14_출처문서명,admin_rule,notice,,고시,nlic_admrul,norm:Notice,true,국토교통부,true,nlic_api,DOC-000490,UNIT-0200555,,대표,,,,,고시,고시|지하안전관리 업무지침
DOC-002779,LAW-KR-000173,지하안전정보체계 운영규정,v14_출처문서명,admin_rule,notice,,고시,nlic_admrul,norm:Notice,true,국토교통부,true,nlic_api,DOC-000490,UNIT-0200792,,,,,,,고시,고시|지하안전정보체계 운영규정
DOC-002780,LAW-KR-000157,금강유역 폐수배출시설 설치제한을 위한 대상 지역 및 시설 지정,v14_출처문서명,admin_rule,notice,,고시,nlic_admrul,norm:Notice,true,기후에너지환경부,true,nlic_api,,,DOC-001131,동일 사본,,,,,고시,고시|금강유역 폐수배출시설 설치제한을 위한 대상 지역 및 시설 지정
DOC-002781,LAW-KR-000157,낙동강 상·중류유역 폐수배출시설 설치제한을 위한 대상 지역 및 시설 지정,v14_출처문서명,admin_rule,notice,,고시,nlic_admrul,norm:Notice,true,기후에너지환경부,true,nlic_api,,,DOC-001132,동일 사본,,,,,고시,고시|낙동강 상·중류유역 폐수배출시설 설치제한을 위한 대상 지역 및 시설 지정
DOC-002782,LAW-KR-000157,낙동강 하류유역 폐수배출시설 설치제한을 위한 대상 지역 및 시설 지정,v14_출처문서명,admin_rule,notice,,고시,nlic_admrul,norm:Notice,true,기후에너지환경부,true,nlic_api,,,DOC-001133,동일 사본,,,,,고시,고시|낙동강 하류유역 폐수배출시설 설치제한을 위한 대상 지역 및 시설 지정
DOC-002783,LAW-KR-000157,산업용 열병합 발전시설 발전폐열의 지역냉난방 공급 승인에 관한 규정,v14_출처문서명,admin_rule,notice,,고시,nlic_admrul,norm:Notice,true,기후에너지환경부,true,nlic_api,,,DOC-000894,동일 사본,,,,,고시,고시|산업용 열병합 발전시설 발전폐열의 지역냉난방 공급 승인에 관한 규정
DOC-002784,LAW-KR-000157,신ㆍ재생에너지 공급의무화제도 및 연료 혼합의무화제도 관리ㆍ운영지침,v14_출처문서명,admin_rule,notice,,고시,nlic_admrul,norm:Notice,true,기후에너지환경부,true,nlic_api,,,DOC-001454,동일 사본,,,,,고시,고시|신ㆍ재생에너지 공급의무화제도 및 연료 혼합의무화제도 관리ㆍ운영지침
DOC-002785,LAW-KR-000157,안전관리부담금의 부과·징수 등에 관한 고시,v14_출처문서명,admin_rule,notice,,고시,nlic_admrul,norm:Notice,true,산업통상부,true,nlic_api,,,DOC-002560,동일 사본,,,,,고시,고시|안전관리부담금의 부과·징수 등에 관한 고시
DOC-002786,LAW-KR-000157,열공급시설의 검사기준,v14_출처문서명,admin_rule,notice,,고시,nlic_admrul,norm:Notice,true,기후에너지환경부,true,nlic_api,DOC-000442,UNIT-0188186,,,,,,,고시,고시|열공급시설의 검사기준
DOC-002787,LAW-KR-000157,열수송관 성능개선기준,v14_출처문서명,admin_rule,notice,,고시,nlic_admrul,norm:Notice,true,기후에너지환경부,true,nlic_api,DOC-000442,UNIT-0188184,DOC-000751,내용 다름(겹침 81%),,,,,고시,고시|열수송관 성능개선기준
DOC-002788,LAW-KR-000157,열수송관 안전진단에 관한 고시,v14_출처문서명,admin_rule,notice,,고시,nlic_admrul,norm:Notice,true,기후에너지환경부,true,nlic_api,DOC-000442,UNIT-0188200,DOC-002068,동일 사본,,,,,고시,고시|열수송관 안전진단에 관한 고시
DOC-002789,LAW-KR-000157,열수송관 최소유지관리기준,v14_출처문서명,admin_rule,notice,,고시,nlic_admrul,norm:Notice,true,기후에너지환경부,true,nlic_api,DOC-000442,UNIT-0188193,DOC-000752,내용 다름(겹침 76%),,,,,고시,고시|열수송관 최소유지관리기준
DOC-002790,LAW-KR-000157,영산강·섬진강유역 폐수배출시설 설치제한을 위한 대상 지역 및 시설 지정,v14_출처문서명,admin_rule,notice,,고시,nlic_admrul,norm:Notice,true,기후에너지환경부,true,nlic_api,,,DOC-001154,동일 사본,,,,,고시,고시|영산강·섬진강유역 폐수배출시설 설치제한을 위한 대상 지역 및 시설 지정
DOC-002791,LAW-KR-000157,임신ㆍ출산 관련 서비스 통합처리에 관한 규정,v14_출처문서명,admin_rule,established_rule,,예규,nlic_admrul,norm:EstablishedRule,true,행정안전부,true,nlic_api,,,DOC-001034,동일 사본,,,,,고시,고시|임신ㆍ출산 관련 서비스 통합처리에 관한 규정
DOC-002792,LAW-KR-000157,임진강유역 폐수배출시설 설치제한을 위한 대상 지역 및 시설 지정,v14_출처문서명,admin_rule,notice,,고시,nlic_admrul,norm:Notice,true,기후에너지환경부,true,nlic_api,,,DOC-001157,동일 사본,,,,,고시,고시|임진강유역 폐수배출시설 설치제한을 위한 대상 지역 및 시설 지정
DOC-002793,LAW-KR-000157,지역냉난방 열요금 산정기준 및 상한 지정,v14_출처문서명,admin_rule,notice,,고시,nlic_admrul,norm:Notice,true,산업통상부,true,nlic_api_20260920k,,,,,2100000263034,2025-144,20250821,20260401,고시,고시|지역냉난방 열요금 산정기준 및 상한 지정
DOC-002794,LAW-KR-000157,집단에너지 공급시설 건설비용 분담금 산정 및 적용기준에 관한 고시,v14_출처문서명,admin_rule,notice,,고시,nlic_admrul,norm:Notice,true,기후에너지환경부,true,nlic_api_20260920k,,,,,2100000281802,2025-61,20251218,20251218,고시,고시|집단에너지 공급시설 건설비용 분담금 산정 및 적용기준에 관한 고시
DOC-002795,LAW-KR-000157,집단에너지 사업허가대상자 선정기준,v14_출처문서명,admin_rule,notice,,고시,nlic_admrul,norm:Notice,true,기후에너지환경부,true,nlic_api_20260920k,,,,,2100000281798,2025-61,20251218,20251218,고시,고시|집단에너지 사업허가대상자 선정기준
DOC-002796,LAW-KR-000157,집단에너지 안전관리기준,v14_출처문서명,admin_rule,notice,,고시,nlic_admrul,norm:Notice,true,기후에너지환경부,true,nlic_api,DOC-000442,UNIT-0188414,DOC-002074,동일 사본,,,,,고시,고시|집단에너지 안전관리기준
DOC-002797,LAW-KR-000157,집단에너지시설의 기술기준,v14_출처문서명,admin_rule,notice,,고시,nlic_admrul,norm:Notice,true,기후에너지환경부,true,nlic_api,DOC-000442,UNIT-0188184,,,,,,,고시,고시|집단에너지시설의 기술기준
DOC-002798,LAW-KR-000157,한강유역 폐수배출시설 설치제한을 위한 대상 지역 및 시설 지정,v14_출처문서명,admin_rule,notice,,고시,nlic_admrul,norm:Notice,true,기후에너지환경부,true,nlic_api,,,DOC-001175,동일 사본,,,,,고시,고시|한강유역 폐수배출시설 설치제한을 위한 대상 지역 및 시설 지정
DOC-002799,LAW-KR-000177,금강유역 폐수배출시설 설치제한을 위한 대상 지역 및 시설 지정,v14_출처문서명,admin_rule,notice,,고시,nlic_admrul,norm:Notice,true,기후에너지환경부,true,nlic_api,,,DOC-001131,동일 사본,,,,,고시,고시|금강유역 폐수배출시설 설치제한을 위한 대상 지역 및 시설 지정
DOC-002800,LAW-KR-000177,낙동강 상·중류유역 폐수배출시설 설치제한을 위한 대상 지역 및 시설 지정,v14_출처문서명,admin_rule,notice,,고시,nlic_admrul,norm:Notice,true,기후에너지환경부,true,nlic_api,,,DOC-001132,동일 사본,,,,,고시,고시|낙동강 상·중류유역 폐수배출시설 설치제한을 위한 대상 지역 및 시설 지정
DOC-002801,LAW-KR-000177,낙동강 하류유역 폐수배출시설 설치제한을 위한 대상 지역 및 시설 지정,v14_출처문서명,admin_rule,notice,,고시,nlic_admrul,norm:Notice,true,기후에너지환경부,true,nlic_api,,,DOC-001133,동일 사본,,,,,고시,고시|낙동강 하류유역 폐수배출시설 설치제한을 위한 대상 지역 및 시설 지정
DOC-002802,LAW-KR-000177,도로구간 등의 설정·변경에 관한 세부기준,v14_출처문서명,admin_rule,established_rule,,예규,nlic_admrul,norm:EstablishedRule,true,행정안전부,true,nlic_api,,,DOC-000959,동일 사본,,,,,고시,고시|도로구간 등의 설정·변경에 관한 세부기준
DOC-002803,LAW-KR-000177,영산강·섬진강유역 폐수배출시설 설치제한을 위한 대상 지역 및 시설 지정,v14_출처문서명,admin_rule,notice,,고시,nlic_admrul,norm:Notice,true,기후에너지환경부,true,nlic_api,,,DOC-001154,동일 사본,,,,,고시,고시|영산강·섬진강유역 폐수배출시설 설치제한을 위한 대상 지역 및 시설 지정
DOC-002804,LAW-KR-000177,임진강유역 폐수배출시설 설치제한을 위한 대상 지역 및 시설 지정,v14_출처문서명,admin_rule,notice,,고시,nlic_admrul,norm:Notice,true,기후에너지환경부,true,nlic_api,,,DOC-001157,동일 사본,,,,,고시,고시|임진강유역 폐수배출시설 설치제한을 위한 대상 지역 및 시설 지정
DOC-002805,LAW-KR-000177,지하공간 침수 방지를 위한 수방기준,v14_출처문서명,admin_rule,notice,,고시,nlic_admrul,norm:Notice,true,행정안전부,true,nlic_api,DOC-000502,UNIT-0205421,DOC-001706,내용 다름(겹침 56%),,,,,고시,고시|지하공간 침수 방지를 위한 수방기준
DOC-002806,LAW-KR-000177,철도건설사업 시행지침,v14_출처문서명,admin_rule,notice,,고시,nlic_admrul,norm:Notice,true,국토교통부,true,nlic_api_20260920k,,,DOC-002821,내용 다름(겹침 0%),2100000279424,2026-243,20260518,20260518,고시,고시|철도건설사업 시행지침
DOC-002807,LAW-KR-000177,철도노선간 연계운행을 위한 철도시설 기술기준,v14_출처문서명,admin_rule,notice,,고시,nlic_admrul,norm:Notice,true,국토교통부,true,nlic_api,DOC-000502,UNIT-0205405,,,,,,,고시,고시|철도노선간 연계운행을 위한 철도시설 기술기준
DOC-002808,LAW-KR-000177,철도시설 성능개선기준,v14_출처문서명,admin_rule,notice,,고시,nlic_admrul,norm:Notice,true,국토교통부,true,nlic_api,DOC-000128,UNIT-0061432,DOC-000754,일부 사본,,,,,고시,고시|철도시설 성능개선기준
DOC-002809,LAW-KR-000177,철도시설 최소유지관리기준,v14_출처문서명,admin_rule,notice,,고시,nlic_admrul,norm:Notice,true,국토교통부,true,nlic_api,DOC-000128,UNIT-0061424,DOC-000755,일부 사본,,,,,고시,고시|철도시설 최소유지관리기준
DOC-002810,LAW-KR-000177,철도시설의 기술기준,v14_출처문서명,admin_rule,notice,,고시,nlic_admrul,norm:Notice,true,국토교통부,true,nlic_api,DOC-000504,UNIT-0206098,,,,,,,고시,고시|철도시설의 기술기준
DOC-002811,LAW-KR-000177,철도시설의 점용료 산정기준,v14_출처문서명,admin_rule,notice,,고시,nlic_admrul,norm:Notice,true,국토교통부,true,nlic_api_20260920k,,,,대표,2100000242168,2024-300,20240607,20240607,고시,고시|철도시설의 점용료 산정기준
DOC-002812,LAW-KR-000177,철도시설의 정기점검등에 관한 지침,v14_출처문서명,admin_rule,notice,,고시,nlic_admrul,norm:Notice,true,국토교통부,true,nlic_api,DOC-000502,UNIT-0205492,,,,,,,고시,고시|철도시설의 정기점검등에 관한 지침
DOC-002813,LAW-KR-000177,철도시설정보관리체계 운영·관리 규정,v14_출처문서명,admin_rule,notice,,고시,nlic_admrul,norm:Notice,true,국토교통부,true,nlic_api_20260920k,,,,,2100000194879,2020-851,20201125,20201125,고시,고시|철도시설정보관리체계 운영·관리 규정
DOC-002814,LAW-KR-000177,철도안전관리체계 승인 및 검사 시행지침,v14_출처문서명,admin_rule,notice,,고시,nlic_admrul,norm:Notice,true,국토교통부,true,nlic_api,DOC-000502,UNIT-0205710,DOC-002824,일부 사본,,,,,고시,고시|철도안전관리체계 승인 및 검사 시행지침
DOC-002815,LAW-KR-000177,철도의 건설기준에 관한 규정,v14_출처문서명,admin_rule,notice,,고시,nlic_admrul,norm:Notice,true,국토교통부,true,nlic_api,DOC-000504,UNIT-0206038,,,,,,,고시,고시|철도의 건설기준에 관한 규정
DOC-002816,LAW-KR-000177,철도종합시험운행 시행지침,v14_출처문서명,admin_rule,notice,,고시,nlic_admrul,norm:Notice,true,국토교통부,true,nlic_api,DOC-000502,UNIT-0205467,,,,,,,고시,고시|철도종합시험운행 시행지침
DOC-002817,LAW-KR-000177,한강유역 폐수배출시설 설치제한을 위한 대상 지역 및 시설 지정,v14_출처문서명,admin_rule,notice,,고시,nlic_admrul,norm:Notice,true,기후에너지환경부,true,nlic_api,,,DOC-001175,동일 사본,,,,,고시,고시|한강유역 폐수배출시설 설치제한을 위한 대상 지역 및 시설 지정
DOC-002818,LAW-KR-000177,철도건설규칙,v14_출처문서명,statutory,ministerial_ordinance,4,,by_layer,norm:SeparateMinisterialRule,true,,true,nlic_api_20260917,,,,,270629,01480,20250411,20250411,부령규칙,부령규칙|철도건설규칙
DOC-002819,LAW-KR-000131,실내공기질 관리를 위한 대중교통차량의 제작·운행 관리지침,v14_출처문서명,admin_rule,notice,,고시,nlic_admrul,norm:Notice,true,기후에너지환경부,true,nlic_api,DOC-000364,UNIT-0152852,DOC-001832,동일 사본,,,,,고시,고시|실내공기질 관리를 위한 대중교통차량의 제작·운행 관리지침
DOC-002820,LAW-KR-000131,철도 노선 및 역의 명칭 관리지침,v14_출처문서명,admin_rule,notice,,고시,nlic_admrul,norm:Notice,true,국토교통부,true,nlic_api_20260920k,,,,,2100000232070,2023-712,20231130,20231130,고시,고시|철도 노선 및 역의 명칭 관리지침
DOC-002821,LAW-KR-000131,철도건설사업 시행지침,v14_출처문서명,admin_rule,notice,,고시,nlic_admrul,norm:Notice,true,국토교통부,true,nlic_api,DOC-000502,UNIT-0205407,,대표,,,,,고시,고시|철도건설사업 시행지침
DOC-002822,LAW-KR-000131,철도교통관제 운영규정,v14_출처문서명,admin_rule,notice,,고시,nlic_admrul,norm:Notice,true,국토교통부,true,nlic_api,DOC-000364,UNIT-0152872,,대표,,,,,고시,고시|철도교통관제 운영규정
DOC-002823,LAW-KR-000131,철도시설의 점용료 산정기준,v14_출처문서명,admin_rule,notice,,고시,nlic_admrul,norm:Notice,true,국토교통부,true,nlic_api,,,DOC-002811,동일 사본,,,,,고시,고시|철도시설의 점용료 산정기준
DOC-002824,LAW-KR-000131,철도안전관리체계 승인 및 검사 시행지침,v14_출처문서명,admin_rule,notice,,고시,nlic_admrul,norm:Notice,true,국토교통부,true,nlic_api,DOC-000364,UNIT-0153086,,대표,,,,,고시,고시|철도안전관리체계 승인 및 검사 시행지침
DOC-002825,LAW-KR-000131,철도차량 정비조직인증검사 시행지침,v14_출처문서명,admin_rule,notice,,고시,nlic_admrul,norm:Notice,true,국토교통부,true,nlic_api_20260920k,,,DOC-002841,내용 다름(겹침 0%),2100000195771,2020-1031,20201221,20201221,고시,고시|철도차량 정비조직인증검사 시행지침
DOC-002826,LAW-KR-000131,철도차량의 소음권고기준 및 검사방법 등에 관한 규정,v14_출처문서명,admin_rule,notice,,고시,nlic_admrul,norm:Notice,true,기후에너지환경부,true,nlic_api,,,DOC-001593,동일 사본,,,,,고시,고시|철도차량의 소음권고기준 및 검사방법 등에 관한 규정
DOC-002827,LAW-KR-000131,철도차량정비 기술기준,v14_출처문서명,admin_rule,notice,,고시,nlic_admrul,norm:Notice,true,국토교통부,true,nlic_api,DOC-000061,UNIT-0038247,,,,,,,고시,고시|철도차량정비 기술기준
DOC-002828,LAW-KR-000021,철도교통 관제자격증명 갱신에 관한 지침,v14_출처문서명,admin_rule,notice,,고시,nlic_admrul,norm:Notice,true,국토교통부,true,nlic_api,DOC-000063,UNIT-0039469,,,,,,,고시,고시|철도교통 관제자격증명 갱신에 관한 지침
DOC-002829,LAW-KR-000021,철도교통 관제자격증명시험 시행지침,v14_출처문서명,admin_rule,notice,,,명칭 불일치(0건 반환),norm:AdministrativeRule,true,,true,nlic_api,DOC-000061,UNIT-0038020,,,,,,,고시,고시|철도교통 관제자격증명시험 시행지침
DOC-002830,LAW-KR-000021,철도교통관제 운영규정,v14_출처문서명,admin_rule,notice,,고시,nlic_admrul,norm:Notice,true,국토교통부,true,nlic_api,DOC-000061,UNIT-0038270,DOC-002822,내용 다름(겹침 77%),,,,,고시,고시|철도교통관제 운영규정
DOC-002831,LAW-KR-000021,철도기술심의위원회 구성 및 운영 등에 관한 규정,v14_출처문서명,admin_rule,notice,,고시,nlic_admrul,norm:Notice,true,국토교통부,true,nlic_api,DOC-000061,UNIT-0038094,,,,,,,고시,고시|철도기술심의위원회 구성 및 운영 등에 관한 규정
DOC-002832,LAW-KR-000021,"철도보안검색장비 성능인증, 성능점검, 성능검사 등에 관한 규정",v14_출처문서명,admin_rule,notice,,고시,nlic_admrul,norm:Notice,true,국토교통부,true,nlic_api,DOC-000061,UNIT-0038425,,,,,,,고시,"고시|철도보안검색장비 성능인증, 성능점검, 성능검사 등에 관한 규정"
DOC-002833,LAW-KR-000021,"철도사고·장애, 철도차량고장 등에 따른 의무보고 및 철도안전 자율보고에 관한 지침",v14_출처문서명,admin_rule,notice,,고시,nlic_admrul,norm:Notice,true,국토교통부,true,nlic_api,DOC-000061,UNIT-0038494,,대표,,,,,고시,"고시|철도사고·장애, 철도차량고장 등에 따른 의무보고 및 철도안전 자율보고에 관한 지침"
DOC-002834,LAW-KR-000021,철도안전관리체계 승인 및 검사 시행지침,v14_출처문서명,admin_rule,notice,,고시,nlic_admrul,norm:Notice,true,국토교통부,true,nlic_api,DOC-000061,UNIT-0038541,DOC-002824,내용 다름(겹침 81%),,,,,고시,고시|철도안전관리체계 승인 및 검사 시행지침
DOC-002835,LAW-KR-000021,철도용품 형식승인·제작자승인 시행지침,v14_출처문서명,admin_rule,notice,,고시,nlic_admrul,norm:Notice,true,국토교통부,true,nlic_api,DOC-000061,UNIT-0038146,,,,,,,고시,고시|철도용품 형식승인·제작자승인 시행지침
DOC-002836,LAW-KR-000021,철도종사자 등에 관한 교육훈련 시행지침,v14_출처문서명,admin_rule,notice,,고시,nlic_admrul,norm:Notice,true,국토교통부,true,nlic_api,DOC-000061,UNIT-0037942,,,,,,,고시,고시|철도종사자 등에 관한 교육훈련 시행지침
DOC-002837,LAW-KR-000021,철도종사자 등의 신체검사에 관한 지침,v14_출처문서명,admin_rule,notice,,고시,nlic_admrul,norm:Notice,true,국토교통부,true,nlic_api,DOC-000061,UNIT-0037919,,,,,,,고시,고시|철도종사자 등의 신체검사에 관한 지침
DOC-002838,LAW-KR-000021,철도종사자 등의 적성검사 시행지침,v14_출처문서명,admin_rule,notice,,고시,nlic_admrul,norm:Notice,true,국토교통부,true,nlic_api,DOC-000061,UNIT-0037924,,,,,,,고시,고시|철도종사자 등의 적성검사 시행지침
DOC-002839,LAW-KR-000021,철도차량 개조검사 시행지침,v14_출처문서명,admin_rule,notice,,고시,nlic_admrul,norm:Notice,true,국토교통부,true,nlic_api,DOC-000061,UNIT-0038224,,,,,,,고시,고시|철도차량 개조검사 시행지침
DOC-002840,LAW-KR-000021,철도차량 정밀안전진단 시행지침,v14_출처문서명,admin_rule,notice,,고시,nlic_admrul,norm:Notice,true,국토교통부,true,nlic_api,DOC-000061,UNIT-0038200,,,,,,,고시,고시|철도차량 정밀안전진단 시행지침
DOC-002841,LAW-KR-000021,철도차량 정비조직인증검사 시행지침,v14_출처문서명,admin_rule,notice,,고시,nlic_admrul,norm:Notice,true,국토교통부,true,nlic_api,DOC-000061,UNIT-0038254,,대표,,,,,고시,고시|철도차량 정비조직인증검사 시행지침
DOC-002842,LAW-KR-000021,철도차량 정비조직인증기준,v14_출처문서명,admin_rule,notice,,고시,nlic_admrul,norm:Notice,true,국토교통부,true,nlic_api,DOC-000061,UNIT-0038066,,,,,,,고시,고시|철도차량 정비조직인증기준
DOC-002843,LAW-KR-000021,철도차량 형식승인·제작자승인·완성검사 시행지침,v14_출처문서명,admin_rule,notice,,고시,nlic_admrul,norm:Notice,true,국토교통부,true,nlic_api,DOC-000061,UNIT-0038094,,,,,,,고시,고시|철도차량 형식승인·제작자승인·완성검사 시행지침
DOC-002844,LAW-KR-000021,철도차량운전면허 갱신에 관한 지침,v14_출처문서명,admin_rule,notice,,고시,nlic_admrul,norm:Notice,true,국토교통부,true,nlic_api,DOC-000063,UNIT-0039425,,,,,,,고시,고시|철도차량운전면허 갱신에 관한 지침
DOC-002845,LAW-KR-000021,위험물철도운송규칙,v14_출처문서명,statutory,ministerial_ordinance,4,,by_layer,norm:SeparateMinisterialRule,true,,true,nlic_api_20260917,,,,,261947,01324,20240419,20240419,부령규칙,부령규칙|위험물철도운송규칙
DOC-002846,LAW-KR-000021,철도차량운전규칙,v14_출처문서명,statutory,ministerial_ordinance,4,,by_layer,norm:SeparateMinisterialRule,true,,true,nlic_api_20260917,,,,,236575,00907,20211026,20211026,부령규칙,부령규칙|철도차량운전규칙
DOC-002847,LAW-KR-000119,1회용품 사용규제관련 업무처리지침,v14_출처문서명,admin_rule,established_rule,,예규,nlic_admrul,norm:EstablishedRule,true,기후에너지환경부,true,nlic_api,,,DOC-001719,동일 사본,,,,,고시,고시|1회용품 사용규제관련 업무처리지침
DOC-002848,LAW-KR-000119,계속거래 등의 해지·해제에 따른 위약금 및 대금의 환급에 관한 산정기준,v14_출처문서명,admin_rule,notice,,고시,nlic_admrul,norm:Notice,true,공정거래위원회,true,nlic_api_20260920k,,,,,2100000183832,2019-9,20191119,20191119,고시,고시|계속거래 등의 해지·해제에 따른 위약금 및 대금의 환급에 관한 산정기준
DOC-002849,LAW-KR-000119,골프장업 이용요금 표시 관리 기준,v14_출처문서명,admin_rule,notice,,고시,nlic_admrul,norm:Notice,true,문화체육관광부,true,nlic_api_20260920k,,,,,2100000217687,2022-64,20221230,20230101,고시,고시|골프장업 이용요금 표시 관리 기준
DOC-002850,LAW-KR-000119,골프장의 입지기준 및 환경보전 등에 관한 규정,v14_출처문서명,admin_rule,notice,,고시,nlic_admrul,norm:Notice,true,문화체육관광부,true,nlic_api_20260920k,,,,,2100000005195,2014-32,20140901,20140901,고시,고시|골프장의 입지기준 및 환경보전 등에 관한 규정
DOC-002851,LAW-KR-000119,국제회의집적시설 지정 및 관리에 관한 고시,v14_출처문서명,admin_rule,notice,,고시,nlic_admrul,norm:Notice,true,문화체육관광부,true,nlic_api,,,DOC-001210,동일 사본,,,,,고시,고시|국제회의집적시설 지정 및 관리에 관한 고시
DOC-002852,LAW-KR-000119,대중형골프장 지정에 관한 고시,v14_출처문서명,admin_rule,notice,,고시,nlic_admrul,norm:Notice,true,문화체육관광부,true,nlic_api_20260920k,,,,,2100000217686,2022-63,20221230,20221230,고시,고시|대중형골프장 지정에 관한 고시
DOC-002853,LAW-KR-000119,유·도선의 규격 및 시설·설비기준,v14_출처문서명,admin_rule,notice,,고시,nlic_admrul,norm:Notice,true,행정안전부,true,nlic_api,DOC-000323,UNIT-0125810,,대표,,,,,고시,고시|유·도선의 규격 및 시설·설비기준
DOC-002854,LAW-KR-000119,재난상황의 보고 대상 지정 고시,v14_출처문서명,admin_rule,notice,,고시,nlic_admrul,norm:Notice,true,행정안전부,true,nlic_api,,,DOC-001574,내용 다름(겹침 0%),,,,,고시,고시|재난상황의 보고 대상 지정 고시
DOC-002855,LAW-KR-000119,주한미군 공여구역주변지역 등 지원 특별법 제10조에 따른 시행 대상 사업 고시,v14_출처문서명,admin_rule,notice,,고시,nlic_admrul,norm:Notice,true,행정안전부,true,nlic_api,,,DOC-000846,동일 사본,,,,,고시,고시|주한미군 공여구역주변지역 등 지원 특별법 제10조에 따른 시행 대상 사업 고시
DOC-002856,LAW-KR-000180,초고층건축물등 총괄재난관리자 교육운영기준,v14_출처문서명,admin_rule,notice,,고시,nlic_admrul,norm:Notice,true,소방청,true,nlic_api,DOC-000510,UNIT-0207171,,,,,,,고시,고시|초고층건축물등 총괄재난관리자 교육운영기준
DOC-002857,LAW-KR-000180,초고층 및 지하연계 복합건축물 재난관리에 관한 특별법 시행령,v14_출처문서명,statutory,presidential_decree,3,,by_layer,norm:PresidentialDecree,true,,true,nlic_api_20260920t,,,,,287387,36432,20260623,20260701,시행령,시행령|초고층 및 지하연계 복합건축물 재난관리에 관한 특별법 시행령
DOC-002858,LAW-KR-000125,총포·도검·화약류 등에 관한 사무취급규칙,v14_출처문서명,admin_rule,established_rule,,예규,nlic_admrul,norm:EstablishedRule,true,경찰청,true,nlic_api,DOC-000346,UNIT-0137277,,,,,,,고시,고시|총포·도검·화약류 등에 관한 사무취급규칙
DOC-002859,LAW-KR-000109,(농림축산식품부) 식육 중 미생물 검사에 관한 규정,v14_출처문서명,admin_rule,notice,,고시,nlic_admrul,norm:Notice,true,농림축산식품부,true,nlic_api_20260920k,,,,,2100000189701,2020-42,20200529,20200529,고시,고시|(농림축산식품부) 식육 중 미생물 검사에 관한 규정
DOC-002860,LAW-KR-000109,(농림축산식품부) 식육 중 잔류물질 검사에 관한 규정,v14_출처문서명,admin_rule,notice,,고시,nlic_admrul,norm:Notice,true,농림축산식품부,true,nlic_api_20260920k,,,,,2100000210740,2022-36,20220419,20230101,고시,고시|(농림축산식품부) 식육 중 잔류물질 검사에 관한 규정
DOC-002861,LAW-KR-000109,(대구지방식품의약품안전청) 사무분장규정,v14_출처문서명,admin_rule,established_rule,,예규,nlic_admrul,norm:EstablishedRule,true,대구지방식품의약품안전청,true,nlic_api_20260920k,,,,,2200000027501,84,20130429,20130429,고시,고시|(대구지방식품의약품안전청) 사무분장규정
DOC-002862,LAW-KR-000109,(식품의약품안전처) 식육 중 잔류물질 검사에 관한 규정,v14_출처문서명,admin_rule,notice,,고시,nlic_admrul,norm:Notice,true,식품의약품안전처,true,nlic_api_20260920k,,,,,2200000079981,2022-25,20220331,20230101,고시,고시|(식품의약품안전처) 식육 중 잔류물질 검사에 관한 규정
DOC-002863,LAW-KR-000109,EU산 식품용란 수입위생조건,v14_출처문서명,admin_rule,notice,,고시,nlic_admrul,norm:Notice,true,농림축산식품부,true,nlic_api_20260920k,,,,,2100000214262,2022-74,20220902,20220902,고시,고시|EU산 식품용란 수입위생조건
DOC-002864,LAW-KR-000109,가축 및 축산물의 개체식별을 위한 DNA동일성검사방법,v14_출처문서명,admin_rule,notice,,고시,nlic_admrul,norm:Notice,true,농림축산식품부,true,nlic_api_20260920k,,,,,2100000274450,2026-28,20260209,20260215,고시,고시|가축 및 축산물의 개체식별을 위한 DNA동일성검사방법
DOC-002865,LAW-KR-000109,검사명령 대상 식품 등에 대한 규정,v14_출처문서명,admin_rule,notice,,고시,nlic_admrul,norm:Notice,true,식품의약품안전처,true,nlic_api,,,DOC-001721,동일 사본,,,,,고시,고시|검사명령 대상 식품 등에 대한 규정
DOC-002866,LAW-KR-000109,경인지방식품의약품안전청사무분장규정,v14_출처문서명,admin_rule,established_rule,,예규,nlic_admrul,norm:EstablishedRule,true,경인지방식품의약품안전청,true,nlic_api,,,DOC-001722,동일 사본,,,,,고시,고시|경인지방식품의약품안전청사무분장규정
DOC-002867,LAW-KR-000109,광주지방식품의약품안전청 사무분장규정,v14_출처문서명,admin_rule,established_rule,,예규,nlic_admrul,norm:EstablishedRule,true,광주지방식품의약품안전청,true,nlic_api,,,DOC-001723,동일 사본,,,,,고시,고시|광주지방식품의약품안전청 사무분장규정
DOC-002868,LAW-KR-000109,기립불능소의 판정 및 보상금 지급요령 등 규정,v14_출처문서명,admin_rule,notice,,고시,nlic_admrul,norm:Notice,true,농림축산식품부,true,nlic_api_20260920k,,,,,2100000109869,2018-2,20180201,20180201,고시,고시|기립불능소의 판정 및 보상금 지급요령 등 규정
DOC-002869,LAW-KR-000109,농업ㆍ농촌공간정보 등의 종합정보체계 구축ㆍ운영ㆍ관리를 위하여 필요하다고 농림축산식품부장관이 인정하는 정보에 관한 고시,v14_출처문서명,admin_rule,notice,,,명칭 불일치(0건 반환),norm:AdministrativeRule,true,,true,nlic_api,,,DOC-001232,동일 사본,,,,,고시,고시|농업ㆍ농촌공간정보 등의 종합정보체계 구축ㆍ운영ㆍ관리를 위하여 필요하다고 농림축산식품부장관이 인정하는 정보에 관한 고시
DOC-002870,LAW-KR-000109,농업인 확인서 발급규정,v14_출처문서명,admin_rule,notice,,고시,nlic_admrul,norm:Notice,true,농림축산식품부,true,nlic_api,,,DOC-001406,동일 사본,,,,,고시,고시|농업인 확인서 발급규정
DOC-002871,LAW-KR-000109,도축검사원 교육실시기관 지정 및 세부실시기준,v14_출처문서명,admin_rule,notice,,고시,nlic_admrul,norm:Notice,true,농림축산식품부,true,nlic_api_20260920k,,,,,2100000075629,2017-4,20170208,20170208,고시,고시|도축검사원 교육실시기관 지정 및 세부실시기준
DOC-002872,LAW-KR-000109,도축하는 가축 및 그 식육의 세부검사기준,v14_출처문서명,admin_rule,notice,,고시,nlic_admrul,norm:Notice,true,농림축산검역본부,true,nlic_api_20260920k,,,,,2100000262860,2025-24,20250811,20250811,고시,고시|도축하는 가축 및 그 식육의 세부검사기준
DOC-002873,LAW-KR-000109,동물복지축산물 표시의 방법 및 기준 등에 관한 세부 규정,v14_출처문서명,admin_rule,notice,,고시,nlic_admrul,norm:Notice,true,농림축산식품부,true,nlic_api_20260920k,,,,,2100000277270,2026-46,20260408,20260408,고시,고시|동물복지축산물 표시의 방법 및 기준 등에 관한 세부 규정
DOC-002874,LAW-KR-000109,"말고기, 비식용 말 생산물 및 농장 채취 말 태반 수입위생조건",v14_출처문서명,admin_rule,notice,,고시,nlic_admrul,norm:Notice,true,농림축산식품부,true,nlic_api_20260920k,,,,,2100000093091,2017-63,20170726,20171027,고시,"고시|말고기, 비식용 말 생산물 및 농장 채취 말 태반 수입위생조건"
DOC-002875,LAW-KR-000109,명예축산물위생감시원 운영요령,v14_출처문서명,admin_rule,notice,,고시,nlic_admrul,norm:Notice,true,식품의약품안전처,true,nlic_api_20260920k,,,,,2100000200901,2021-40,20210507,20210507,고시,고시|명예축산물위생감시원 운영요령
DOC-002876,LAW-KR-000109,무항생제축산물 인증에 관한 세부실시요령,v14_출처문서명,admin_rule,notice,,고시,nlic_admrul,norm:Notice,true,국립농산물품질관리원,true,nlic_api_20260920k,,,,대표,2100000196949,2021-2,20210107,20210107,고시,고시|무항생제축산물 인증에 관한 세부실시요령
DOC-002877,LAW-KR-000109,미국산 식품용란 수입위생조건,v14_출처문서명,admin_rule,notice,,고시,nlic_admrul,norm:Notice,true,농림축산식품부,true,nlic_api_20260920k,,,,,2100000118374,2018-16,20180314,20180314,고시,고시|미국산 식품용란 수입위생조건
DOC-002878,LAW-KR-000109,보고 대상 이물의 범위와 조사·절차 등에 관한 규정,v14_출처문서명,admin_rule,notice,,고시,nlic_admrul,norm:Notice,true,식품의약품안전처,true,nlic_api,DOC-000298,UNIT-0116553,,대표,,,,,고시,고시|보고 대상 이물의 범위와 조사·절차 등에 관한 규정
DOC-002879,LAW-KR-000109,보세화물관리에 관한 고시,v14_출처문서명,admin_rule,notice,,고시,nlic_admrul,norm:Notice,true,관세청,true,nlic_api,,,DOC-001737,동일 사본,,,,,고시,고시|보세화물관리에 관한 고시
DOC-002880,LAW-KR-000109,부정축산물 신고포상금 지급 요령,v14_출처문서명,admin_rule,notice,,고시,nlic_admrul,norm:Notice,true,식품의약품안전처,true,nlic_api_20260920k,,,,,2100000249546,2024-72,20241118,20241118,고시,고시|부정축산물 신고포상금 지급 요령
DOC-002881,LAW-KR-000109,브라질산 식품용란 수입위생조건,v14_출처문서명,admin_rule,notice,,고시,nlic_admrul,norm:Notice,true,농림축산식품부,true,nlic_api_20260920k,,,,,2100000260602,2025-68,20250621,20250621,고시,고시|브라질산 식품용란 수입위생조건
DOC-002882,LAW-KR-000109,수입식품등 검사명령에 관한 규정,v14_출처문서명,admin_rule,notice,,고시,nlic_admrul,norm:Notice,true,식품의약품안전처,true,nlic_api,,,DOC-001755,동일 사본,,,,,고시,고시|수입식품등 검사명령에 관한 규정
DOC-002883,LAW-KR-000109,수입식품등 수입신고 수리의 자동화 운영 규정,v14_출처문서명,admin_rule,established_rule,,예규,nlic_admrul,norm:EstablishedRule,true,식품의약품안전처,true,nlic_api,,,DOC-001756,동일 사본,,,,,고시,고시|수입식품등 수입신고 수리의 자동화 운영 규정
DOC-002884,LAW-KR-000109,시험·검사 등 잔여검체 처리규정,v14_출처문서명,admin_rule,established_rule,,예규,nlic_admrul,norm:EstablishedRule,true,식품의약품안전처,true,nlic_api,,,DOC-001064,동일 사본,,,,,고시,고시|시험·검사 등 잔여검체 처리규정
DOC-002885,LAW-KR-000109,시험·검사결과 판정에 관한 규정,v14_출처문서명,admin_rule,established_rule,,예규,nlic_admrul,norm:EstablishedRule,true,식품의약품안전처,true,nlic_api,,,DOC-001065,동일 사본,,,,,고시,고시|시험·검사결과 판정에 관한 규정
DOC-002886,LAW-KR-000109,식용란의 미생물 및 잔류물질 등 검사에 관한 규정,v14_출처문서명,admin_rule,notice,,고시,nlic_admrul,norm:Notice,true,"농림축산식품부,식품의약품안전처",true,nlic_api_20260920k,,,,,2100000263798,2025-94,20250908,20250908,고시,고시|식용란의 미생물 및 잔류물질 등 검사에 관한 규정
DOC-002887,LAW-KR-000109,식육 중 미생물 검사에 관한 규정,v14_출처문서명,admin_rule,notice,,고시,nlic_admrul,norm:Notice,true,식품의약품안전처,true,nlic_api_20260920k,,,,,2100000190025,2020-44,20200529,20200529,고시,고시|식육 중 미생물 검사에 관한 규정
DOC-002888,LAW-KR-000109,식품 등 이력추적관리기준,v14_출처문서명,admin_rule,notice,,고시,nlic_admrul,norm:Notice,true,식품의약품안전처,true,nlic_api,,,DOC-001762,동일 사본,,,,,고시,고시|식품 등 이력추적관리기준
DOC-002889,LAW-KR-000109,식품 등의 자가품질 검사항목 지정,v14_출처문서명,admin_rule,notice,,고시,nlic_admrul,norm:Notice,true,식품의약품안전처,true,nlic_api,,,DOC-001763,동일 사본,,,,,고시,고시|식품 등의 자가품질 검사항목 지정
DOC-002890,LAW-KR-000109,식품 및 축산물 안전관리인증기준,v14_출처문서명,admin_rule,notice,,고시,nlic_admrul,norm:Notice,true,식품의약품안전처,true,nlic_api,DOC-000298,UNIT-0116829,DOC-001764,일부 사본,,,,,고시,고시|식품 및 축산물 안전관리인증기준
DOC-002891,LAW-KR-000109,"식품, 식품첨가물, 축산물 및 건강기능식품의 소비기한 설정기준",v14_출처문서명,admin_rule,notice,,고시,nlic_admrul,norm:Notice,true,식품의약품안전처,true,nlic_api,,,DOC-001766,동일 사본,,,,,고시,"고시|식품, 식품첨가물, 축산물 및 건강기능식품의 소비기한 설정기준"
DOC-002892,LAW-KR-000109,식품등의 부당한 표시 또는 광고의 내용 기준,v14_출처문서명,admin_rule,notice,,고시,nlic_admrul,norm:Notice,true,식품의약품안전처,true,nlic_api,,,DOC-001066,동일 사본,,,,,고시,고시|식품등의 부당한 표시 또는 광고의 내용 기준
DOC-002893,LAW-KR-000109,식품등의 한시적 기준 및 규격 인정 기준,v14_출처문서명,admin_rule,notice,,고시,nlic_admrul,norm:Notice,true,식품의약품안전처,true,nlic_api,,,DOC-001771,동일 사본,,,,,고시,고시|식품등의 한시적 기준 및 규격 인정 기준
DOC-002894,LAW-KR-000109,식품의약품안전처 민간광고검증단 운영 규정,v14_출처문서명,admin_rule,established_rule,,예규,nlic_admrul,norm:EstablishedRule,true,식품의약품안전처,true,nlic_api,,,DOC-001776,동일 사본,,,,,고시,고시|식품의약품안전처 민간광고검증단 운영 규정
DOC-002895,LAW-KR-000109,영국산 식품용란 수입위생조건,v14_출처문서명,admin_rule,notice,,고시,nlic_admrul,norm:Notice,true,농림축산식품부,true,nlic_api_20260920k,,,,,2100000241458,2024-38,20240522,20240522,고시,고시|영국산 식품용란 수입위생조건
DOC-002896,LAW-KR-000109,우수수입업소 등록 및 관리 기준,v14_출처문서명,admin_rule,notice,,고시,nlic_admrul,norm:Notice,true,식품의약품안전처,true,nlic_api,,,DOC-001779,동일 사본,,,,,고시,고시|우수수입업소 등록 및 관리 기준
DOC-002897,LAW-KR-000109,원유 중 잔류물질 검사에 관한 규정,v14_출처문서명,admin_rule,notice,,고시,nlic_admrul,norm:Notice,true,"농림축산식품부,식품의약품안전처",true,nlic_api_20260920k,,,,,2100000201680,2021-38,20210604,20210604,고시,고시|원유 중 잔류물질 검사에 관한 규정
DOC-002898,LAW-KR-000109,원유검사 공영화 실시요령,v14_출처문서명,admin_rule,notice,,고시,nlic_admrul,norm:Notice,true,농림축산식품부,true,nlic_api_20260920k,,,,,2100000184310,2019-76,20191206,20191206,고시,고시|원유검사 공영화 실시요령
DOC-002899,LAW-KR-000109,원유의 위생등급기준,v14_출처문서명,admin_rule,notice,,고시,nlic_admrul,norm:Notice,true,식품의약품안전처,true,nlic_api_20260920k,,,,,2100000083994,2017-25,20170414,20170414,고시,고시|원유의 위생등급기준
DOC-002900,LAW-KR-000109,유전자변형식품등의 표시기준,v14_출처문서명,admin_rule,notice,,고시,nlic_admrul,norm:Notice,true,식품의약품안전처,true,nlic_api,,,DOC-001782,동일 사본,,,,,고시,고시|유전자변형식품등의 표시기준
DOC-002901,LAW-KR-000109,인체적용제품의 위해성평가에 관한 규정,v14_출처문서명,admin_rule,notice,,고시,nlic_admrul,norm:Notice,true,식품의약품안전처,true,nlic_api,,,DOC-001784,동일 사본,,,,,고시,고시|인체적용제품의 위해성평가에 관한 규정
DOC-002902,LAW-KR-000109,자가조리판매대상 가축의 도살·처리 등 위생관리기준,v14_출처문서명,admin_rule,notice,,고시,nlic_admrul,norm:Notice,true,식품의약품안전처,true,nlic_api,DOC-000298,UNIT-0116815,DOC-001787,동일 사본,,,,,고시,고시|자가조리판매대상 가축의 도살·처리 등 위생관리기준
DOC-002903,LAW-KR-000109,주문자상표부착수입식품등의 현지 위생점검 기준 및 위생평가 방법,v14_출처문서명,admin_rule,notice,,고시,nlic_admrul,norm:Notice,true,식품의약품안전처,true,nlic_api,,,DOC-001791,동일 사본,,,,,고시,고시|주문자상표부착수입식품등의 현지 위생점검 기준 및 위생평가 방법
DOC-002904,LAW-KR-000109,"축산계열화사업관련 사육시설, 사육자재 및 출하가축에 관한 기준",v14_출처문서명,admin_rule,notice,,고시,nlic_admrul,norm:Notice,true,농림축산식품부,true,nlic_api,,,DOC-002001,동일 사본,,,,,고시,"고시|축산계열화사업관련 사육시설, 사육자재 및 출하가축에 관한 기준"
DOC-002905,LAW-KR-000109,축산물 등급거래 규정,v14_출처문서명,admin_rule,notice,,고시,nlic_admrul,norm:Notice,true,농림축산식품부,true,nlic_api_20260920k,,,,대표,2100000110878,2018-5,20180118,20180118,고시,고시|축산물 등급거래 규정
DOC-002906,LAW-KR-000109,축산물 등급판정 세부기준,v14_출처문서명,admin_rule,notice,,고시,nlic_admrul,norm:Notice,true,농림축산식품부,true,nlic_api,,,DOC-001795,동일 사본,,,,,고시,고시|축산물 등급판정 세부기준
DOC-002907,LAW-KR-000109,축산물 부분육 상장 표준 규격,v14_출처문서명,admin_rule,notice,,고시,nlic_admrul,norm:Notice,true,농림축산식품부,true,nlic_api_20260920k,,,,대표,2100000110879,2018-6,20180118,20180118,고시,고시|축산물 부분육 상장 표준 규격
DOC-002908,LAW-KR-000109,축산물 위생교육기관 지정 및 교육 실시 요령,v14_출처문서명,admin_rule,notice,,고시,nlic_admrul,norm:Notice,true,식품의약품안전처,true,nlic_api_20260920k,,,,,2100000207130,2021-105,20211214,20211214,고시,고시|축산물 위생교육기관 지정 및 교육 실시 요령
DOC-002909,LAW-KR-000109,축산물 이력관리 조사 요령,v14_출처문서명,admin_rule,established_rule,,예규,nlic_admrul,norm:EstablishedRule,true,국립농산물품질관리원,true,nlic_api_20260920k,,,,대표,2100000270088,244,20251219,20251219,고시,고시|축산물 이력관리 조사 요령
DOC-002910,LAW-KR-000109,축산물안전관리시스템 운영 및 관리,v14_출처문서명,admin_rule,notice,,고시,nlic_admrul,norm:Notice,true,식품의약품안전처,true,nlic_api_20260920k,,,,,2100000093911,2017-68,20170808,20170808,고시,고시|축산물안전관리시스템 운영 및 관리
DOC-002911,LAW-KR-000109,축산물의 자가품질검사 규정,v14_출처문서명,admin_rule,notice,,고시,nlic_admrul,norm:Notice,true,식품의약품안전처,true,nlic_api,DOC-000298,UNIT-0116378,,,,,,,고시,고시|축산물의 자가품질검사 규정
DOC-002912,LAW-KR-000109,해외제조업소 및 해외작업장 현지실사 방법 및 기준,v14_출처문서명,admin_rule,notice,,고시,nlic_admrul,norm:Notice,true,식품의약품안전처,true,nlic_api,,,DOC-001797,동일 사본,,,,,고시,고시|해외제조업소 및 해외작업장 현지실사 방법 및 기준
DOC-002913,LAW-KR-000100,가축검정기준,v14_출처문서명,admin_rule,notice,,고시,nlic_admrul,norm:Notice,true,농림축산식품부,true,nlic_api_20260920k,,,,,2100000283238,2026-77,20260728,20260728,고시,고시|가축검정기준
DOC-002914,LAW-KR-000100,가축으로 정하는 기타 동물,v14_출처문서명,admin_rule,notice,,고시,nlic_admrul,norm:Notice,true,농림축산식품부,true,nlic_api_20260920k,,,,,2100000229018,2023-58,20230905,20230905,고시,고시|가축으로 정하는 기타 동물
DOC-002915,LAW-KR-000100,공공주택 입주자 보유 자산 관련 업무처리기준,v14_출처문서명,admin_rule,notice,,고시,nlic_admrul,norm:Notice,true,국토교통부,true,nlic_api,,,DOC-001403,동일 사본,,,,,고시,고시|공공주택 입주자 보유 자산 관련 업무처리기준
DOC-002916,LAW-KR-000100,구제역 예방접종·임상검사 및 확인서 휴대에 관한 고시,v14_출처문서명,admin_rule,notice,,고시,nlic_admrul,norm:Notice,true,농림축산식품부,true,nlic_api_20260920k,,,,,2100000201213,2021-33,20210521,20210521,고시,고시|구제역 예방접종·임상검사 및 확인서 휴대에 관한 고시
DOC-002917,LAW-KR-000100,국립농산물품질관리원 조사공무원증 발급 및 관리 요령,v14_출처문서명,admin_rule,established_rule,,예규,nlic_admrul,norm:EstablishedRule,true,국립농산물품질관리원,true,nlic_api,,,DOC-000793,동일 사본,,,,,고시,고시|국립농산물품질관리원 조사공무원증 발급 및 관리 요령
DOC-002918,LAW-KR-000100,농산물 명예감시원의 운영 요령,v14_출처문서명,admin_rule,notice,,고시,nlic_admrul,norm:Notice,true,국립농산물품질관리원,true,nlic_api_20260920k,,,,,2100000258368,2025-4,20250430,20250430,고시,고시|농산물 명예감시원의 운영 요령
DOC-002919,LAW-KR-000100,농업ㆍ농촌공간정보 등의 종합정보체계 구축ㆍ운영ㆍ관리를 위하여 필요하다고 농림축산식품부장관이 인정하는 정보에 관한 고시,v14_출처문서명,admin_rule,notice,,,명칭 불일치(0건 반환),norm:AdministrativeRule,true,,true,nlic_api,,,DOC-001232,동일 사본,,,,,고시,고시|농업ㆍ농촌공간정보 등의 종합정보체계 구축ㆍ운영ㆍ관리를 위하여 필요하다고 농림축산식품부장관이 인정하는 정보에 관한 고시
DOC-002920,LAW-KR-000100,농업인 확인서 발급규정,v14_출처문서명,admin_rule,notice,,고시,nlic_admrul,norm:Notice,true,농림축산식품부,true,nlic_api,,,DOC-001406,동일 사본,,,,,고시,고시|농업인 확인서 발급규정
DOC-002921,LAW-KR-000100,농축산물 시장접근물량 양허관세 추천 및 수입관리 요령,v14_출처문서명,admin_rule,notice,,고시,nlic_admrul,norm:Notice,true,"농림축산식품부,산림청",true,nlic_api_20260920k,,,,,2100000251676,2024-99,20241226,20250101,고시,고시|농축산물 시장접근물량 양허관세 추천 및 수입관리 요령
DOC-002922,LAW-KR-000100,돼지오제스키병 방역실시요령,v14_출처문서명,admin_rule,notice,,고시,nlic_admrul,norm:Notice,true,농림축산식품부,true,nlic_api_20260920k,,,,,2100000254702,2025-22,20250217,20250223,고시,고시|돼지오제스키병 방역실시요령
DOC-002923,LAW-KR-000100,무항생제축산물 인증에 관한 세부실시요령,v14_출처문서명,admin_rule,notice,,고시,nlic_admrul,norm:Notice,true,국립농산물품질관리원,true,nlic_api,,,DOC-002876,동일 사본,,,,,고시,고시|무항생제축산물 인증에 관한 세부실시요령
DOC-002924,LAW-KR-000100,무항생제축산물의 인증기관 지정·운영 요령,v14_출처문서명,admin_rule,notice,,고시,nlic_admrul,norm:Notice,true,국립농산물품질관리원,true,nlic_api_20260920k,,,,,2100000242200,2024-7,20240604,20240604,고시,고시|무항생제축산물의 인증기관 지정·운영 요령
DOC-002925,LAW-KR-000100,사료·사료원료·기구·깔짚 그 밖에 이에 준하는 물건의 범위,v14_출처문서명,admin_rule,notice,,고시,nlic_admrul,norm:Notice,true,농림축산검역본부,true,nlic_api_20260920k,,,,,2100000213531,2022-24,20220804,20220804,고시,고시|사료·사료원료·기구·깔짚 그 밖에 이에 준하는 물건의 범위
DOC-002926,LAW-KR-000100,산란계 농장 고병원성 조류인플루엔자 방역기준 유형 부여에 관한 고시,v14_출처문서명,admin_rule,notice,,고시,nlic_admrul,norm:Notice,true,농림축산식품부,true,nlic_api_20260920k,,,,,2100000265288,2025-101,20251010,20251010,고시,고시|산란계 농장 고병원성 조류인플루엔자 방역기준 유형 부여에 관한 고시
DOC-002927,LAW-KR-000100,소규모 농가의 소독 방법 및 실시 요령,v14_출처문서명,admin_rule,notice,,고시,nlic_admrul,norm:Notice,true,농림축산식품부,true,nlic_api_20260920k,,,,,2100000193995,2020-80,20201016,20201016,고시,고시|소규모 농가의 소독 방법 및 실시 요령
DOC-002928,LAW-KR-000100,소득안정비용 지원 요령,v14_출처문서명,admin_rule,notice,,고시,nlic_admrul,norm:Notice,true,농림축산식품부,true,nlic_api_20260920k,,,,,2100000272210,2026-4,20260107,20260107,고시,고시|소득안정비용 지원 요령
DOC-002929,LAW-KR-000100,송아지생산안정사업 운영요령,v14_출처문서명,admin_rule,notice,,고시,nlic_admrul,norm:Notice,true,농림축산식품부,true,nlic_api_20260920k,,,,,2100000092315,2017-60,20170719,20170719,고시,고시|송아지생산안정사업 운영요령
DOC-002930,LAW-KR-000100,수출 축산물의 외국어 축산물등급판정확인서 발급 등에 관한 규정,v14_출처문서명,admin_rule,notice,,고시,nlic_admrul,norm:Notice,true,농림축산식품부,true,nlic_api_20260920k,,,,,2100000283488,2026-81,20260731,20260731,고시,고시|수출 축산물의 외국어 축산물등급판정확인서 발급 등에 관한 규정
DOC-002931,LAW-KR-000100,양허관세 추천 축산물에 대한 축산발전기금 납입요령,v14_출처문서명,admin_rule,notice,,고시,nlic_admrul,norm:Notice,true,농림축산식품부,true,nlic_api_20260920k,,,,,2100000233276,2023-94,20231220,20231220,고시,고시|양허관세 추천 축산물에 대한 축산발전기금 납입요령
DOC-002932,LAW-KR-000100,우수 종축업체 인증에 관한 고시,v14_출처문서명,admin_rule,notice,,고시,nlic_admrul,norm:Notice,true,국립축산과학원,true,nlic_api_20260920k,,,,,2100000209533,2022-1,20220224,20220224,고시,고시|우수 종축업체 인증에 관한 고시
DOC-002933,LAW-KR-000100,유기식품·무농약농산물·무항생제축산물 등의 인증업무 위임 규정,v14_출처문서명,admin_rule,notice,,고시,nlic_admrul,norm:Notice,true,국립농산물품질관리원,true,nlic_api_20260920k,,,,,2100000195180,2020-18,20201201,20201201,고시,고시|유기식품·무농약농산물·무항생제축산물 등의 인증업무 위임 규정
DOC-002934,LAW-KR-000100,종계장·부화장 방역관리요령,v14_출처문서명,admin_rule,notice,,고시,nlic_admrul,norm:Notice,true,농림축산식품부,true,nlic_api_20260920k,,,,,2100000262540,2025-82,20250801,20250801,고시,고시|종계장·부화장 방역관리요령
DOC-002935,LAW-KR-000100,종돈·돼지 사육시설에 설치된 악취저감 장비·시설 가동에 관한 고시,v14_출처문서명,admin_rule,notice,,고시,nlic_admrul,norm:Notice,true,농림축산식품부,true,nlic_api_20260920k,,,,,2100000228682,2023-42,20230626,20230626,고시,고시|종돈·돼지 사육시설에 설치된 악취저감 장비·시설 가동에 관한 고시
DOC-002936,LAW-KR-000100,종돈장 방역관리요령,v14_출처문서명,admin_rule,notice,,고시,nlic_admrul,norm:Notice,true,농림축산식품부,true,nlic_api_20260920k,,,,,2100000208510,2022-12,20220119,20220119,고시,고시|종돈장 방역관리요령
DOC-002937,LAW-KR-000100,축산 농가에서 자기가 사육하는 가축에 대한 진료행위를 할 수 있는 가축의 종류,v14_출처문서명,admin_rule,notice,,고시,nlic_admrul,norm:Notice,true,농림축산식품부,true,nlic_api_20260920k,,,,,2100000208695,2022-17,20220125,20220125,고시,고시|축산 농가에서 자기가 사육하는 가축에 대한 진료행위를 할 수 있는 가축의 종류
DOC-002938,LAW-KR-000100,"축산계열화사업관련 사육시설, 사육자재 및 출하가축에 관한 기준",v14_출처문서명,admin_rule,notice,,고시,nlic_admrul,norm:Notice,true,농림축산식품부,true,nlic_api,,,DOC-002001,동일 사본,,,,,고시,"고시|축산계열화사업관련 사육시설, 사육자재 및 출하가축에 관한 기준"
DOC-002939,LAW-KR-000100,축산계열화사업자의 평가 및 등급결정에 관한 요령,v14_출처문서명,admin_rule,notice,,고시,nlic_admrul,norm:Notice,true,농림축산식품부,true,nlic_api_20260920k,,,,,2100000242688,2024-47,20240618,20240618,고시,고시|축산계열화사업자의 평가 및 등급결정에 관한 요령
DOC-002940,LAW-KR-000100,축산물 등급거래 규정,v14_출처문서명,admin_rule,notice,,고시,nlic_admrul,norm:Notice,true,농림축산식품부,true,nlic_api,,,DOC-002905,동일 사본,,,,,고시,고시|축산물 등급거래 규정
DOC-002941,LAW-KR-000100,축산물 등급판정 세부기준,v14_출처문서명,admin_rule,notice,,고시,nlic_admrul,norm:Notice,true,농림축산식품부,true,nlic_api,,,DOC-001795,동일 사본,,,,,고시,고시|축산물 등급판정 세부기준
DOC-002942,LAW-KR-000100,축산물 등급판정 수수료,v14_출처문서명,admin_rule,notice,,고시,nlic_admrul,norm:Notice,true,농림축산식품부,true,nlic_api_20260920k,,,,,2100000196315,2020-113,20201230,20201230,고시,고시|축산물 등급판정 수수료
DOC-002943,LAW-KR-000100,축산물 부분육 상장 표준 규격,v14_출처문서명,admin_rule,notice,,고시,nlic_admrul,norm:Notice,true,농림축산식품부,true,nlic_api,,,DOC-002907,동일 사본,,,,,고시,고시|축산물 부분육 상장 표준 규격
DOC-002944,LAW-KR-000100,축산물 이력관리 조사 요령,v14_출처문서명,admin_rule,established_rule,,예규,nlic_admrul,norm:EstablishedRule,true,국립농산물품질관리원,true,nlic_api,,,DOC-002909,동일 사본,,,,,고시,고시|축산물 이력관리 조사 요령
DOC-002945,LAW-KR-000100,토종가축의 인정기준 및 절차 등,v14_출처문서명,admin_rule,notice,,고시,nlic_admrul,norm:Notice,true,농림축산식품부,true,nlic_api_20260920k,,,,,2100000243136,2024-48,20240626,20240626,고시,고시|토종가축의 인정기준 및 절차 등
DOC-002946,LAW-KR-000100,환경친화 축산농장 지정기준,v14_출처문서명,admin_rule,notice,,고시,nlic_admrul,norm:Notice,true,농림축산식품부,true,nlic_api,DOC-000275,UNIT-0108146,,대표,,,,,고시,고시|환경친화 축산농장 지정기준
DOC-002947,LAW-KR-000104,공공기관 에너지이용 합리화 추진에 관한 규정,v14_출처문서명,admin_rule,notice,,고시,nlic_admrul,norm:Notice,true,기후에너지환경부,true,nlic_api,,,DOC-000782,동일 사본,,,,,고시,고시|공공기관 에너지이용 합리화 추진에 관한 규정
DOC-002948,LAW-KR-000104,목포연안 및 국제여객터미널 부설주차장 주차요금 징수에 관한 고시,v14_출처문서명,admin_rule,notice,,고시,nlic_admrul,norm:Notice,true,목포지방해양수산청,true,nlic_api,,,DOC-002423,동일 사본,,,,,고시,고시|목포연안 및 국제여객터미널 부설주차장 주차요금 징수에 관한 고시
DOC-002949,LAW-KR-000104,방위사업청 공무용 차량 관리지침,v14_출처문서명,admin_rule,established_rule,,예규,nlic_admrul,norm:EstablishedRule,true,방위사업청,true,nlic_api,DOC-000284,UNIT-0110634,,,,,,,고시,고시|방위사업청 공무용 차량 관리지침
DOC-002950,LAW-KR-000104,부산지방해양수산청 공무용 차량 관리 지침,v14_출처문서명,admin_rule,established_rule,,예규,nlic_admrul,norm:EstablishedRule,true,부산지방해양수산청,true,nlic_api,DOC-000361,UNIT-0148045,DOC-002425,동일 사본,,,,,고시,고시|부산지방해양수산청 공무용 차량 관리 지침
DOC-002951,LAW-KR-000104,여객자동차 유가보조금 지급지침,v14_출처문서명,admin_rule,notice,,고시,nlic_admrul,norm:Notice,true,국토교통부,true,nlic_api,,,DOC-001029,동일 사본,,,,,고시,고시|여객자동차 유가보조금 지급지침
DOC-002952,LAW-KR-000104,자동차 등록번호판 등의 기준에 관한 고시,v14_출처문서명,admin_rule,notice,,고시,nlic_admrul,norm:Notice,true,국토교통부,true,nlic_api,,,DOC-002092,동일 사본,,,,,고시,고시|자동차 등록번호판 등의 기준에 관한 고시
DOC-002953,LAW-KR-000104,자동차의 에너지소비효율 및 등급표시에 관한 규정,v14_출처문서명,admin_rule,notice,,고시,nlic_admrul,norm:Notice,true,기후에너지환경부,true,nlic_api,,,DOC-000906,동일 사본,,,,,고시,고시|자동차의 에너지소비효율 및 등급표시에 관한 규정
DOC-002954,LAW-KR-000104,친환경차 보급 촉진을 위한 이차보전 사업 운영규정,v14_출처문서명,admin_rule,notice,,,명칭 불일치(1건 반환),norm:AdministrativeRule,true,,true,nlic_api,,,,,,,,,고시,고시|친환경차 보급 촉진을 위한 이차보전 사업 운영규정
DOC-002955,LAW-KR-000104,택시운송사업에 사용될 수 있는 환경친화적 자동차의 기준,v14_출처문서명,admin_rule,notice,,고시,nlic_admrul,norm:Notice,true,국토교통부,true,nlic_api,,,DOC-002099,동일 사본,,,,,고시,고시|택시운송사업에 사용될 수 있는 환경친화적 자동차의 기준
DOC-002956,LAW-KR-000104,포항여객터미널 주차요금에 관한 규정,v14_출처문서명,admin_rule,notice,,고시,nlic_admrul,norm:Notice,true,포항지방해양수산청,true,nlic_api_20260920k,,,,,2100000237268,2024-20,20240226,20240226,고시,고시|포항여객터미널 주차요금에 관한 규정
DOC-002957,LAW-KR-000104,화물자동차 대폐차 업무처리 규정,v14_출처문서명,admin_rule,notice,,고시,nlic_admrul,norm:Notice,true,국토교통부,true,nlic_api_20260920k,,,,,2100000256444,2025-127,20250314,20250314,고시,고시|화물자동차 대폐차 업무처리 규정
DOC-002958,LAW-KR-000104,환경친화적 자동차의 연간 구매목표,v14_출처문서명,admin_rule,notice,,고시,nlic_admrul,norm:Notice,true,산업통상부,true,nlic_api_20260920k,,,,,2100000283654,2026-86,20260801,20260801,고시,고시|환경친화적 자동차의 연간 구매목표
DOC-002959,LAW-KR-000104,환경친화적 자동차의 요건 등에 관한 규정,v14_출처문서명,admin_rule,notice,,고시,nlic_admrul,norm:Notice,true,산업통상부,true,nlic_api_20260920k,,,,,2100000285052,2026-108,20260914,20260914,고시,고시|환경친화적 자동차의 요건 등에 관한 규정
DOC-002960,LAW-KR-000060,공공기관기후위기적응대책 수립 대상기관 고시,v14_출처문서명,admin_rule,notice,,고시,nlic_admrul,norm:Notice,true,기후에너지환경부,true,nlic_api_20260920k,,,,,2100000265162,2025-165,20251001,20251007,고시,고시|공공기관기후위기적응대책 수립 대상기관 고시
DOC-002961,LAW-KR-000060,공공부문 온실가스 목표관리 운영 등에 관한 지침,v14_출처문서명,admin_rule,notice,,고시,nlic_admrul,norm:Notice,true,기후에너지환경부,true,nlic_api,,,DOC-001800,동일 사본,,,,,고시,고시|공공부문 온실가스 목표관리 운영 등에 관한 지침
DOC-002962,LAW-KR-000060,국제감축사업 사전승인 및 국제감축실적의 취득 등에 관한 지침,v14_출처문서명,admin_rule,notice,,고시,nlic_admrul,norm:Notice,true,국무조정실,true,nlic_api,,,DOC-001218,동일 사본,,,,,고시,고시|국제감축사업 사전승인 및 국제감축실적의 취득 등에 관한 지침
DOC-002963,LAW-KR-000060,그린리모델링 지원사업 운영 등에 관한 고시,v14_출처문서명,admin_rule,notice,,고시,nlic_admrul,norm:Notice,true,국토교통부,true,nlic_api,,,DOC-000783,동일 사본,,,,,고시,고시|그린리모델링 지원사업 운영 등에 관한 고시
DOC-002964,LAW-KR-000060,기후대응기금 운용관리규정,v14_출처문서명,admin_rule,notice,,고시,nlic_admrul,norm:Notice,true,기후에너지환경부,true,nlic_api_20260920k,,,,,2100000272748,2026-26,20260102,20260102,고시,고시|기후대응기금 운용관리규정
DOC-002965,LAW-KR-000060,기후변화영향평가 방법 등에 관한 규정,v14_출처문서명,admin_rule,notice,,고시,nlic_admrul,norm:Notice,true,기후에너지환경부,true,nlic_api_20260920k,,,,대표,2100000267704,2025-8,20251103,20251109,고시,고시|기후변화영향평가 방법 등에 관한 규정
DOC-002966,LAW-KR-000060,기후변화영향평가서등에 관한 협의업무 처리규정,v14_출처문서명,admin_rule,established_rule,,예규,nlic_admrul,norm:EstablishedRule,true,기후에너지환경부,true,nlic_api_20260920k,,,,대표,2100000267706,4,20251105,20251111,고시,고시|기후변화영향평가서등에 관한 협의업무 처리규정
DOC-002967,LAW-KR-000060,기후변화특성화대학원 지정 및 운영에 관한 규정,v14_출처문서명,admin_rule,notice,,고시,nlic_admrul,norm:Notice,true,기후에너지환경부,true,nlic_api_20260920k,,,,대표,2100000265104,2025-165,20251001,20251001,고시,고시|기후변화특성화대학원 지정 및 운영에 관한 규정
DOC-002968,LAW-KR-000060,기후에너지환경부 온실가스 국제감축사업 운영규정,v14_출처문서명,admin_rule,notice,,고시,nlic_admrul,norm:Notice,true,기후에너지환경부,true,nlic_api_20260920k,,,,,2100000265302,2025-165,20251001,20251007,고시,고시|기후에너지환경부 온실가스 국제감축사업 운영규정
DOC-002969,LAW-KR-000060,녹색 제품의 공공구매 촉진을 위한 구매요령,v14_출처문서명,admin_rule,notice,,고시,nlic_admrul,norm:Notice,true,조달청,true,nlic_api,,,DOC-001805,동일 사본,,,,,고시,고시|녹색 제품의 공공구매 촉진을 위한 구매요령
DOC-002970,LAW-KR-000060,녹색기업 지정제도 운영규정,v14_출처문서명,admin_rule,notice,,고시,nlic_admrul,norm:Notice,true,기후에너지환경부,true,nlic_api_20260920k,,,,대표,2100000280986,2026-150,20260622,20260622,고시,고시|녹색기업 지정제도 운영규정
DOC-002971,LAW-KR-000060,녹색산업 혁신성장 옴부즈만 설치 및 운영에 관한 규정,v14_출처문서명,admin_rule,notice,,고시,nlic_admrul,norm:Notice,true,기후에너지환경부,true,nlic_api_20260920k,,,,,2100000269086,2025-33,20251125,20251125,고시,고시|녹색산업 혁신성장 옴부즈만 설치 및 운영에 관한 규정
DOC-002972,LAW-KR-000060,녹색인증제 운영요령,v14_출처문서명,admin_rule,notice,,고시,nlic_admrul,norm:Notice,true,"산업통상부,과학기술정보통신부,농림축산식품부,해양수산부,중소벤처기업부,방송미디어통신위원회,재정경제부,기후에너지환경부,문화체육관광부,국토교통부,기획예산처,금융위원회",true,nlic_api_20260920k,,,,,2100000282898,2026-63,20260617,20260617,고시,고시|녹색인증제 운영요령
DOC-002973,LAW-KR-000060,농업·농촌 자발적 온실가스 감축사업 운영 규정,v14_출처문서명,admin_rule,notice,,고시,nlic_admrul,norm:Notice,true,농림축산식품부,true,nlic_api_20260920k,,,,,2100000284502,2026-90,20260827,20260827,고시,고시|농업·농촌 자발적 온실가스 감축사업 운영 규정
DOC-002974,LAW-KR-000060,디자인 우선심사의 신청에 관한 고시,v14_출처문서명,admin_rule,notice,,고시,nlic_admrul,norm:Notice,true,지식재산처,true,nlic_api,,,DOC-001807,동일 사본,,,,,고시,고시|디자인 우선심사의 신청에 관한 고시
DOC-002975,LAW-KR-000060,산업통상부 온실가스 국제감축사업 운영규정,v14_출처문서명,admin_rule,notice,,고시,nlic_admrul,norm:Notice,true,산업통상부,true,nlic_api,,,DOC-002057,동일 사본,,,,,고시,고시|산업통상부 온실가스 국제감축사업 운영규정
DOC-002976,LAW-KR-000060,선금지급조건,v14_출처문서명,admin_rule,established_rule,,예규,nlic_admrul,norm:EstablishedRule,true,방위사업청,true,nlic_api_20260920k,,,,,2100000281998,1066,20260707,20260707,고시,고시|선금지급조건
DOC-002977,LAW-KR-000060,에너지기술개발사업 공통 운영요령,v14_출처문서명,admin_rule,notice,,고시,nlic_admrul,norm:Notice,true,기후에너지환경부,true,nlic_api,,,DOC-001817,동일 사본,,,,,고시,고시|에너지기술개발사업 공통 운영요령
DOC-002978,LAW-KR-000060,온실가스 검증기관 지정 및 관리 규정,v14_출처문서명,admin_rule,notice,,고시,nlic_admrul,norm:Notice,true,국립환경과학원,true,nlic_api,,,DOC-001223,동일 사본,,,,,고시,고시|온실가스 검증기관 지정 및 관리 규정
DOC-002979,LAW-KR-000060,온실가스 검증기관 지정기관 사무국 운영 및 지정업무 등에 관한 규정,v14_출처문서명,admin_rule,established_rule,,예규,nlic_admrul,norm:EstablishedRule,true,국립환경과학원,true,nlic_api,,,DOC-001224,동일 사본,,,,,고시,고시|온실가스 검증기관 지정기관 사무국 운영 및 지정업무 등에 관한 규정
DOC-002980,LAW-KR-000060,온실가스 목표관리 운영 등에 관한 지침,v14_출처문서명,admin_rule,notice,,고시,nlic_admrul,norm:Notice,true,기후에너지환경부,true,nlic_api,,,DOC-001818,동일 사본,,,,,고시,고시|온실가스 목표관리 운영 등에 관한 지침
DOC-002981,LAW-KR-000060,온실가스 배출권거래제 운영을 위한 검증지침,v14_출처문서명,admin_rule,notice,,고시,nlic_admrul,norm:Notice,true,기후에너지환경부,true,nlic_api,,,DOC-001227,동일 사본,,,,,고시,고시|온실가스 배출권거래제 운영을 위한 검증지침
DOC-002982,LAW-KR-000060,온실가스 배출권거래제의 배출량 보고 및 인증에 관한 지침,v14_출처문서명,admin_rule,notice,,고시,nlic_admrul,norm:Notice,true,기후에너지환경부,true,nlic_api,,,DOC-001228,동일 사본,,,,,고시,고시|온실가스 배출권거래제의 배출량 보고 및 인증에 관한 지침
DOC-002983,LAW-KR-000060,온실가스 배출권의 할당 및 취소에 관한 지침,v14_출처문서명,admin_rule,notice,,고시,nlic_admrul,norm:Notice,true,기후에너지환경부,true,nlic_api,,,DOC-001229,동일 사본,,,,,고시,고시|온실가스 배출권의 할당 및 취소에 관한 지침
DOC-002984,LAW-KR-000060,우수재활용제품 인증요령,v14_출처문서명,admin_rule,notice,,고시,nlic_admrul,norm:Notice,true,산업통상부,true,nlic_api,,,DOC-001382,동일 사본,,,,,고시,고시|우수재활용제품 인증요령
DOC-002985,LAW-KR-000060,임업 분야 국제감축사업 전담기관지정 고시,v14_출처문서명,admin_rule,notice,,고시,nlic_admrul,norm:Notice,true,산림청,true,nlic_api_20260920k,,,,,2100000251694,2024-128,20241224,20241230,고시,고시|임업 분야 국제감축사업 전담기관지정 고시
DOC-002986,LAW-KR-000060,자동차 평균에너지소비효율기준·온실가스 배출허용기준 및 기준의 적용·관리 등에 관한 고시,v14_출처문서명,admin_rule,notice,,고시,nlic_admrul,norm:Notice,true,기후에너지환경부,true,nlic_api_20260920k,,,,,2100000266944,2025-165,20251001,20251007,고시,고시|자동차 평균에너지소비효율기준·온실가스 배출허용기준 및 기준의 적용·관리 등에 관한 고시
DOC-002987,LAW-KR-000060,자동차의 에너지소비효율 및 온실가스 배출량 시험방법 등에 관한 고시,v14_출처문서명,admin_rule,notice,,고시,nlic_admrul,norm:Notice,true,"국토교통부,산업통상부,기후에너지환경부",true,nlic_api,,,DOC-000907,동일 사본,,,,,고시,고시|자동차의 에너지소비효율 및 온실가스 배출량 시험방법 등에 관한 고시
DOC-002988,LAW-KR-000060,저탄소제품 기준,v14_출처문서명,admin_rule,notice,,고시,nlic_admrul,norm:Notice,true,기후에너지환경부,true,nlic_api_20260920k,,,,대표,2100000268350,2025-165,20251001,20251007,고시,고시|저탄소제품 기준
DOC-002989,LAW-KR-000060,지방 기후위기 적응대책 수립 등에 관한 규정,v14_출처문서명,admin_rule,notice,,고시,nlic_admrul,norm:Notice,true,기후에너지환경부,true,nlic_api_20260920k,,,,,2100000265158,2025-165,20251001,20251007,고시,고시|지방 기후위기 적응대책 수립 등에 관한 규정
DOC-002990,LAW-KR-000060,청정수소 인증제도 운영에 관한 고시,v14_출처문서명,admin_rule,notice,,고시,nlic_admrul,norm:Notice,true,산업통상부,true,nlic_api_20260920k,,,DOC-001662,내용 다름(겹침 0%),2100000237332,2024-39,20240304,20240304,고시,고시|청정수소 인증제도 운영에 관한 고시
DOC-002991,LAW-KR-000060,탄소중립 전환 선도프로젝트 융자지원 사업 운영규정,v14_출처문서명,admin_rule,notice,,고시,nlic_admrul,norm:Notice,true,산업통상부,true,nlic_api_20260920k,,,,,2100000275456,2026-14,20260223,20260223,고시,고시|탄소중립 전환 선도프로젝트 융자지원 사업 운영규정
DOC-002992,LAW-KR-000060,탄소중립도시 지정 등에 관한 고시,v14_출처문서명,admin_rule,notice,,고시,nlic_admrul,norm:Notice,true,"기후에너지환경부,국토교통부",true,nlic_api_20260920k,,,,,2100000267588,2025-165,20251001,20251007,고시,고시|탄소중립도시 지정 등에 관한 고시
DOC-002993,LAW-KR-000060,탄소중립포인트 제도 운영에 관한 규정,v14_출처문서명,admin_rule,notice,,고시,nlic_admrul,norm:Notice,true,기후에너지환경부,true,nlic_api_20260920k,,,,,2100000270636,2025-76,20251229,20260101,고시,고시|탄소중립포인트 제도 운영에 관한 규정
DOC-002994,LAW-KR-000060,해양수산부 온실가스 국제감축사업 운영규정,v14_출처문서명,admin_rule,notice,,고시,nlic_admrul,norm:Notice,true,해양수산부,true,nlic_api_20260920k,,,,대표,2100000247034,2024-104,20240910,20240910,고시,고시|해양수산부 온실가스 국제감축사업 운영규정
DOC-002995,LAW-KR-000060,환경정보 공개제도 운영규정,v14_출처문서명,admin_rule,notice,,고시,nlic_admrul,norm:Notice,true,기후에너지환경부,true,nlic_api,,,DOC-002121,동일 사본,,,,,고시,고시|환경정보 공개제도 운영규정
DOC-002996,LAW-KR-000071,농촌위해시설로 인정할 수 있는 시설의 종류에 관한 규정,v14_출처문서명,admin_rule,notice,,고시,nlic_admrul,norm:Notice,true,농림축산식품부,true,nlic_api,,,DOC-001585,동일 사본,,,,,고시,고시|농촌위해시설로 인정할 수 있는 시설의 종류에 관한 규정
DOC-002997,LAW-KR-000071,반출오염토양 전산관리시스템의 운영 및 사용 등에 관한 규정,v14_출처문서명,admin_rule,notice,,고시,nlic_admrul,norm:Notice,true,기후에너지환경부,true,nlic_api_20260920k,,,,,2100000267194,2025-165,20251105,20251111,고시,고시|반출오염토양 전산관리시스템의 운영 및 사용 등에 관한 규정
DOC-002998,LAW-KR-000071,법화학 감정규정,v14_출처문서명,admin_rule,established_rule,,예규,nlic_admrul,norm:EstablishedRule,true,대검찰청,true,nlic_api,,,DOC-001062,동일 사본,,,,,고시,고시|법화학 감정규정
DOC-002999,LAW-KR-000071,식용천일염의 생산에 관한 안전관리기준,v14_출처문서명,admin_rule,notice,,고시,nlic_admrul,norm:Notice,true,해양수산부,true,nlic_api_20260920k,,,,,2100000226176,2023-105,20230628,20230628,고시,고시|식용천일염의 생산에 관한 안전관리기준
DOC-003000,LAW-KR-000071,오염토양 반입정화시설의 세부설치기준,v14_출처문서명,admin_rule,notice,,고시,nlic_admrul,norm:Notice,true,기후에너지환경부,true,nlic_api,DOC-000199,UNIT-0088774,DOC-000897,동일 사본,,,,,고시,고시|오염토양 반입정화시설의 세부설치기준
DOC-003001,LAW-KR-000071,오염토양의 반출정화사유,v14_출처문서명,admin_rule,notice,,고시,nlic_admrul,norm:Notice,true,기후에너지환경부,true,nlic_api,,,DOC-001629,동일 사본,,,,,고시,고시|오염토양의 반출정화사유
DOC-003002,LAW-KR-000071,준설물질 등의 활용 등에 관한 규정,v14_출처문서명,admin_rule,notice,,고시,nlic_admrul,norm:Notice,true,해양수산부,true,nlic_api_20260920k,,,,대표,2100000241186,2024-55,20240517,20240517,고시,고시|준설물질 등의 활용 등에 관한 규정
DOC-003003,LAW-KR-000071,탄약 비군사화시설의 관리·운영의 위탁 및 폐기 화약류 등의 위탁처리에 관한 기준,v14_출처문서명,admin_rule,notice,,고시,nlic_admrul,norm:Notice,true,국방부,true,nlic_api,,,DOC-001165,내용 다름(겹침 88%),,,,,고시,고시|탄약 비군사화시설의 관리·운영의 위탁 및 폐기 화약류 등의 위탁처리에 관한 기준
DOC-003004,LAW-KR-000071,토양관련전문기관 등의 기술인력 교육에 관한 고시,v14_출처문서명,admin_rule,notice,,고시,nlic_admrul,norm:Notice,true,기후에너지환경부,true,nlic_api_20260920k,,,,,2100000266622,2025-165,20251103,20251109,고시,고시|토양관련전문기관 등의 기술인력 교육에 관한 고시
DOC-003005,LAW-KR-000071,토양관련전문기관 지정·관리 업무처리지침,v14_출처문서명,admin_rule,established_rule,,예규,nlic_admrul,norm:EstablishedRule,true,기후에너지환경부,true,nlic_api_20260920k,,,,,2100000270060,7,20251219,20251219,고시,고시|토양관련전문기관 지정·관리 업무처리지침
DOC-003006,LAW-KR-000071,토양오염관리대상시설 등 조사에 관한 고시,v14_출처문서명,admin_rule,notice,,고시,nlic_admrul,norm:Notice,true,기후에너지환경부,true,nlic_api_20260920k,,,,,2100000267254,2025-165,20251105,20251111,고시,고시|토양오염관리대상시설 등 조사에 관한 고시
DOC-003007,LAW-KR-000071,토양정화 검증방법에 관한 고시,v14_출처문서명,admin_rule,notice,,고시,nlic_admrul,norm:Notice,true,기후에너지환경부,true,nlic_api_20260920k,,,,,2100000267202,2025-165,20251105,20251111,고시,고시|토양정화 검증방법에 관한 고시
DOC-003008,LAW-KR-000071,토양정화비용지원 업무처리 지침,v14_출처문서명,admin_rule,notice,,고시,nlic_admrul,norm:Notice,true,기후에너지환경부,true,nlic_api_20260920k,,,,,2100000265404,2025-165,20251028,20251104,고시,고시|토양정화비용지원 업무처리 지침
DOC-003009,LAW-KR-000071,토양정화업 등록·관리 업무처리지침,v14_출처문서명,admin_rule,established_rule,,예규,nlic_admrul,norm:EstablishedRule,true,기후에너지환경부,true,nlic_api_20260920k,,,,,2100000267850,4,20251105,20251105,고시,고시|토양정화업 등록·관리 업무처리지침
DOC-003010,LAW-KR-000071,토양지하수정보시스템 구축 및 운영에 관한 규정,v14_출처문서명,admin_rule,established_rule,,예규,nlic_admrul,norm:EstablishedRule,true,기후에너지환경부,true,nlic_api,,,DOC-002769,동일 사본,,,,,고시,고시|토양지하수정보시스템 구축 및 운영에 관한 규정
DOC-003011,LAW-KR-000071,토양환경보전법 중 한국환경공단에 위탁하는 업무,v14_출처문서명,admin_rule,notice,,고시,nlic_admrul,norm:Notice,true,기후에너지환경부,true,nlic_api_20260920k,,,,,2100000267200,2025-165,20251105,20251111,고시,고시|토양환경보전법 중 한국환경공단에 위탁하는 업무
DOC-003012,LAW-KR-000071,특정토양오염관리대상시설 관리지침,v14_출처문서명,admin_rule,established_rule,,예규,nlic_admrul,norm:EstablishedRule,true,기후에너지환경부,true,nlic_api_20260920k,,,,,2100000267852,4,20251105,20251111,고시,고시|특정토양오염관리대상시설 관리지침
DOC-003013,LAW-KR-000071,특정토양오염관리대상시설의 토양오염방지시설 및 오염토양의 정화방법 등에 관한 고시,v14_출처문서명,admin_rule,notice,,고시,nlic_admrul,norm:Notice,true,기후에너지환경부,true,nlic_api,DOC-000200,UNIT-0088971,,대표,,,,,고시,고시|특정토양오염관리대상시설의 토양오염방지시설 및 오염토양의 정화방법 등에 관한 고시
DOC-003014,LAW-KR-000071,표토의 침식 현황 조사에 관한 고시,v14_출처문서명,admin_rule,notice,,고시,nlic_admrul,norm:Notice,true,기후에너지환경부,true,nlic_api_20260920k,,,,,2100000265410,2025-165,20251028,20251104,고시,고시|표토의 침식 현황 조사에 관한 고시
DOC-003015,LAW-KR-000071,환경오염행위 신고 및 포상금 지급 규정,v14_출처문서명,admin_rule,notice,,고시,nlic_admrul,norm:Notice,true,기후에너지환경부,true,nlic_api,,,DOC-000932,동일 사본,,,,,고시,고시|환경오염행위 신고 및 포상금 지급 규정
DOC-003016,LAW-KR-000193,(국립종자원) 실험실 안전관리 규정,v14_출처문서명,admin_rule,established_rule,,예규,nlic_admrul,norm:EstablishedRule,true,국립종자원,true,nlic_api,DOC-000039,UNIT-0023607,,,,,,,고시,고시|(국립종자원) 실험실 안전관리 규정
DOC-003017,LAW-KR-000193,119감염관리실 설치ㆍ운영에 관한 규정,v14_출처문서명,admin_rule,established_rule,,예규,nlic_admrul,norm:EstablishedRule,true,소방청,true,nlic_api,DOC-000233,UNIT-0097507,DOC-002206,내용 다름(겹침 45%),,,,,고시,고시|119감염관리실 설치ㆍ운영에 관한 규정
DOC-003018,LAW-KR-000193,가축분뇨 고체연료시설의 설치 등에 관한 고시,v14_출처문서명,admin_rule,notice,,고시,nlic_admrul,norm:Notice,true,기후에너지환경부,true,nlic_api,DOC-000435,UNIT-0185358,DOC-000866,내용 다름(겹침 88%),,,,,고시,고시|가축분뇨 고체연료시설의 설치 등에 관한 고시
DOC-003019,LAW-KR-000193,고형연료제품의 사용에 적합하다고 인정하는 시설 고시,v14_출처문서명,admin_rule,notice,,고시,nlic_admrul,norm:Notice,true,기후에너지환경부,true,nlic_api,,,DOC-000869,동일 사본,,,,,고시,고시|고형연료제품의 사용에 적합하다고 인정하는 시설 고시
DOC-003020,LAW-KR-000193,공공환경시설의 기술진단비용,v14_출처문서명,admin_rule,notice,,고시,nlic_admrul,norm:Notice,true,기후에너지환경부,true,nlic_api,,,DOC-001129,동일 사본,,,,,고시,고시|공공환경시설의 기술진단비용
DOC-003021,LAW-KR-000193,국가종합전자조달시스템 입찰참가자격등록규정,v14_출처문서명,admin_rule,notice,,고시,nlic_admrul,norm:Notice,true,조달등록팀,true,nlic_api,,,DOC-002053,동일 사본,,,,,고시,고시|국가종합전자조달시스템 입찰참가자격등록규정
DOC-003022,LAW-KR-000193,국립과학수사연구원 감정잔여물 폐기처분 규정,v14_출처문서명,admin_rule,established_rule,,예규,nlic_admrul,norm:EstablishedRule,true,국립과학수사연구원,true,nlic_api_20260920k,,,,,2100000260260,565,20250612,20250612,고시,고시|국립과학수사연구원 감정잔여물 폐기처분 규정
DOC-003023,LAW-KR-000193,국립해양유산연구소 보존연구실 안전관리 규정,v14_출처문서명,admin_rule,notice,,지침,nlic_admrul_미배치,norm:AdministrativeRule,true,국립해양유산연구소,true,nlic_api,DOC-000547,UNIT-0223857,,,,,,,고시,고시|국립해양유산연구소 보존연구실 안전관리 규정
DOC-003024,LAW-KR-000193,금속캔 및 합성수지재질 포장재의 재활용의 방법 및 기준,v14_출처문서명,admin_rule,notice,,고시,nlic_admrul,norm:Notice,true,기후에너지환경부,true,nlic_api,,,DOC-002474,동일 사본,,,,,고시,고시|금속캔 및 합성수지재질 포장재의 재활용의 방법 및 기준
DOC-003025,LAW-KR-000193,기술료 징수 및 관리에 관한 통합요령,v14_출처문서명,admin_rule,notice,,고시,nlic_admrul,norm:Notice,true,산업통상부,true,nlic_api,,,DOC-001345,동일 사본,,,,,고시,고시|기술료 징수 및 관리에 관한 통합요령
DOC-003026,LAW-KR-000193,농림축산검역본부 특수연구시설 공동활용규정,v14_출처문서명,admin_rule,notice,,고시,nlic_admrul,norm:Notice,true,농림축산검역본부,true,nlic_api,DOC-000057,UNIT-0031651,,,,,,,고시,고시|농림축산검역본부 특수연구시설 공동활용규정
DOC-003027,LAW-KR-000193,농약등 및 원제의 취급제한기준,v14_출처문서명,admin_rule,notice,,고시,nlic_admrul,norm:Notice,true,농촌진흥청,true,nlic_api,DOC-000546,UNIT-0222977,DOC-000800,내용 다름(겹침 75%),,,,,고시,고시|농약등 및 원제의 취급제한기준
DOC-003028,LAW-KR-000193,농촌위해시설로 인정할 수 있는 시설의 종류에 관한 규정,v14_출처문서명,admin_rule,notice,,고시,nlic_admrul,norm:Notice,true,농림축산식품부,true,nlic_api,,,DOC-001585,동일 사본,,,,,고시,고시|농촌위해시설로 인정할 수 있는 시설의 종류에 관한 규정
DOC-003029,LAW-KR-000193,무선주파수인식방법을 이용한 의료폐기물의 인계·인수 등에 관한 고시,v14_출처문서명,admin_rule,notice,,고시,nlic_admrul,norm:Notice,true,기후에너지환경부,true,nlic_api,DOC-000546,UNIT-0222944,,,,,,,고시,고시|무선주파수인식방법을 이용한 의료폐기물의 인계·인수 등에 관한 고시
DOC-003030,LAW-KR-000193,방사성폐기물 관리비용 및 사용후핵연료관리부담금 등의 산정기준에 관한 규정,v14_출처문서명,admin_rule,notice,,고시,nlic_admrul,norm:Notice,true,기후에너지환경부,true,nlic_api_20260920k,,,,,2100000273252,2026-24,20260120,20260127,고시,고시|방사성폐기물 관리비용 및 사용후핵연료관리부담금 등의 산정기준에 관한 규정
DOC-003031,LAW-KR-000193,방사성폐기물 인수방법 등에 관한 규정,v14_출처문서명,admin_rule,notice,,고시,nlic_admrul,norm:Notice,true,산업통상부,true,nlic_api,,,,,,,,,고시,고시|방사성폐기물 인수방법 등에 관한 규정
DOC-003032,LAW-KR-000193,방사성폐기물관리기금 운용·관리 규정,v14_출처문서명,admin_rule,notice,,고시,nlic_admrul,norm:Notice,true,기후에너지환경부,true,nlic_api_20260920k,,,,,2100000277202,2025-61,20251218,20251218,고시,고시|방사성폐기물관리기금 운용·관리 규정
DOC-003033,LAW-KR-000193,방치폐기물 처리이행보증보험금 산출 등을 위한 폐기물의 종류별 처리단가,v14_출처문서명,admin_rule,notice,,고시,nlic_admrul,norm:Notice,true,기후에너지환경부,true,nlic_api_20260920k,,,,,2100000266574,2025-165,20251001,20251001,고시,고시|방치폐기물 처리이행보증보험금 산출 등을 위한 폐기물의 종류별 처리단가
DOC-003034,LAW-KR-000193,법화학 감정규정,v14_출처문서명,admin_rule,established_rule,,예규,nlic_admrul,norm:EstablishedRule,true,대검찰청,true,nlic_api,,,DOC-001062,동일 사본,,,,,고시,고시|법화학 감정규정
DOC-003035,LAW-KR-000193,사업자의 순환경제 성과관리 운영 등에 관한 고시,v14_출처문서명,admin_rule,notice,,고시,nlic_admrul,norm:Notice,true,기후에너지환경부,true,nlic_api,,,DOC-001664,동일 사본,,,,,고시,고시|사업자의 순환경제 성과관리 운영 등에 관한 고시
DOC-003036,LAW-KR-000193,사용후핵연료 관리정책 재검토위원회의 설치 및 지원에 관한 고시,v14_출처문서명,admin_rule,notice,,고시,nlic_admrul,norm:Notice,true,기후에너지환경부,true,nlic_api_20260920k,,,,,2100000277204,2025-61,20251218,20251218,고시,고시|사용후핵연료 관리정책 재검토위원회의 설치 및 지원에 관한 고시
DOC-003037,LAW-KR-000193,산업기술혁신사업 공통 운영요령,v14_출처문서명,admin_rule,notice,,고시,nlic_admrul,norm:Notice,true,산업통상부,true,nlic_api,,,DOC-001349,동일 사본,,,,,고시,고시|산업기술혁신사업 공통 운영요령
DOC-003038,LAW-KR-000193,산업기술혁신사업 에너지기술 실증연구 평가관리지침,v14_출처문서명,admin_rule,established_rule,,예규,nlic_admrul,norm:EstablishedRule,true,산업통상부,true,nlic_api,,,DOC-001810,일부 사본,,,,,고시,고시|산업기술혁신사업 에너지기술 실증연구 평가관리지침
DOC-003039,LAW-KR-000193,생활계 유해폐기물 처리계획 수립 및 평가 등에 관한 지침,v14_출처문서명,admin_rule,notice,,고시,nlic_admrul,norm:Notice,true,기후에너지환경부,true,nlic_api_20260920k,,,,,2100000266746,2025-165,20251001,20251001,고시,고시|생활계 유해폐기물 처리계획 수립 및 평가 등에 관한 지침
DOC-003040,LAW-KR-000193,생활계 유해폐기물의 종류,v14_출처문서명,admin_rule,notice,,고시,nlic_admrul,norm:Notice,true,기후에너지환경부,true,nlic_api_20260920k,,,,,2100000266748,2025-165,20251001,20251001,고시,고시|생활계 유해폐기물의 종류
DOC-003041,LAW-KR-000193,생활폐기물 반입협력금 산정에 관한 고시,v14_출처문서명,admin_rule,notice,,고시,nlic_admrul,norm:Notice,true,기후에너지환경부,true,nlic_api_20260920k,,,,,2100000266782,2025-165,20251001,20251001,고시,고시|생활폐기물 반입협력금 산정에 관한 고시
DOC-003042,LAW-KR-000193,생활폐기물 선별시설의 설치·운영에 관한 지침,v14_출처문서명,admin_rule,notice,,고시,nlic_admrul,norm:Notice,true,기후에너지환경부,true,nlic_api,,,,,,,,,고시,고시|생활폐기물 선별시설의 설치·운영에 관한 지침
DOC-003043,LAW-KR-000193,생활폐기물 수집·운반 대행계약을 위한 원가계산 산정방법에 관한 규정,v14_출처문서명,admin_rule,notice,,고시,nlic_admrul,norm:Notice,true,기후에너지환경부,true,nlic_api_20260920k,,,,,2100000266750,2025-165,20251001,20251001,고시,고시|생활폐기물 수집·운반 대행계약을 위한 원가계산 산정방법에 관한 규정
DOC-003044,LAW-KR-000193,생활폐기물 중 특정 품목의 대행에 관한 고시,v14_출처문서명,admin_rule,notice,,고시,nlic_admrul,norm:Notice,true,기후에너지환경부,true,nlic_api_20260920k,,,,,2100000266690,2025-165,20251001,20251001,고시,고시|생활폐기물 중 특정 품목의 대행에 관한 고시
DOC-003045,LAW-KR-000193,생활폐기물을 바로 매립할 수 있는 경우에 관한 고시,v14_출처문서명,admin_rule,notice,,고시,nlic_admrul,norm:Notice,true,기후에너지환경부,true,nlic_api_20260920k,,,,,2100000270858,2025-81,20251230,20251230,고시,고시|생활폐기물을 바로 매립할 수 있는 경우에 관한 고시
DOC-003046,LAW-KR-000193,석면 해체·제거 작업 사업장 주변 석면 비산관리를 위한 조사방법,v14_출처문서명,admin_rule,notice,,고시,nlic_admrul,norm:Notice,true,기후에너지환경부,true,nlic_api,DOC-000508,UNIT-0206686,DOC-001433,내용 다름(겹침 83%),,,,,고시,고시|석면 해체·제거 작업 사업장 주변 석면 비산관리를 위한 조사방법
DOC-003047,LAW-KR-000193,석면해체작업감리인 기준,v14_출처문서명,admin_rule,notice,,고시,nlic_admrul,norm:Notice,true,"기후에너지환경부,고용노동부,국토교통부",true,nlic_api,DOC-000546,UNIT-0223146,DOC-001293,내용 다름(겹침 25%),,,,,고시,고시|석면해체작업감리인 기준
DOC-003048,LAW-KR-000193,선박·항공기 안에 남아있는 음식물의 관리방법,v14_출처문서명,admin_rule,notice,,고시,nlic_admrul,norm:Notice,true,농림축산검역본부,true,nlic_api,DOC-000546,UNIT-0222981,,대표,,,,,고시,고시|선박·항공기 안에 남아있는 음식물의 관리방법
DOC-003049,LAW-KR-000193,수은전용용기 기준에 관한 고시,v14_출처문서명,admin_rule,notice,,고시,nlic_admrul,norm:Notice,true,국립환경과학원,true,nlic_api,DOC-000546,UNIT-0222744,,,,,,,고시,고시|수은전용용기 기준에 관한 고시
DOC-003050,LAW-KR-000193,수입금지 물건 등에 대한 가축방역상 안전한 처리방법,v14_출처문서명,admin_rule,notice,,고시,nlic_admrul,norm:Notice,true,농림축산식품부,true,nlic_api,,,DOC-001242,동일 사본,,,,,고시,고시|수입금지 물건 등에 대한 가축방역상 안전한 처리방법
DOC-003051,LAW-KR-000193,수입금지물건 등에 대한 방역상 안전한 처리방법,v14_출처문서명,admin_rule,notice,,고시,nlic_admrul,norm:Notice,true,기후에너지환경부,true,nlic_api_20260920k,,,,,2100000267082,2025-165,20251001,20251001,고시,고시|수입금지물건 등에 대한 방역상 안전한 처리방법
DOC-003052,LAW-KR-000193,순환자원 인정 절차 및 방법 등에 관한 고시,v14_출처문서명,admin_rule,notice,,고시,nlic_admrul,norm:Notice,true,기후에너지환경부,true,nlic_api,,,DOC-001666,동일 사본,,,,,고시,고시|순환자원 인정 절차 및 방법 등에 관한 고시
DOC-003053,LAW-KR-000193,순환자원의 기준 및 용도에 관한 고시,v14_출처문서명,admin_rule,notice,,고시,nlic_admrul,norm:Notice,true,기후에너지환경부,true,nlic_api,,,DOC-001671,동일 사본,,,,,고시,고시|순환자원의 기준 및 용도에 관한 고시
DOC-003054,LAW-KR-000193,순환자원의 유해물질 함유기준,v14_출처문서명,admin_rule,notice,,고시,nlic_admrul,norm:Notice,true,"기후에너지환경부,산업통상부",true,nlic_api,,,DOC-001381,동일 사본,,,,,고시,고시|순환자원의 유해물질 함유기준
DOC-003055,LAW-KR-000193,시·도 순환경제 성과관리 운영 등에 관한 지침,v14_출처문서명,admin_rule,established_rule,,예규,nlic_admrul,norm:EstablishedRule,true,기후에너지환경부,true,nlic_api,,,DOC-001151,동일 사본,,,,,고시,고시|시·도 순환경제 성과관리 운영 등에 관한 지침
DOC-003056,LAW-KR-000080,풍수해·지진재해보험 손해평가인 교육에 관한 규정,v14_출처문서명,admin_rule,notice,,고시,nlic_admrul,norm:Notice,true,행정안전부,true,nlic_api,DOC-000217,UNIT-0093283,,,,,,,고시,고시|풍수해·지진재해보험 손해평가인 교육에 관한 규정
DOC-003057,LAW-KR-000175,공공하수도 관리대행업자 선정 및 대행성과 평가,v14_출처문서명,admin_rule,notice,,고시,nlic_admrul,norm:Notice,true,기후에너지환경부,true,nlic_api,,,DOC-001612,동일 사본,,,,,고시,고시|공공하수도 관리대행업자 선정 및 대행성과 평가
DOC-003058,LAW-KR-000175,공공하수도의 기술진단비용,v14_출처문서명,admin_rule,notice,,고시,nlic_admrul,norm:Notice,true,기후에너지환경부,true,nlic_api_20260920k,,,,,2100000266844,2025-165,20251001,20251001,고시,고시|공공하수도의 기술진단비용
DOC-003059,LAW-KR-000175,노후계획도시 용도지역별 기준용적률 산정에 관한 지침,v14_출처문서명,admin_rule,notice,,고시,nlic_admrul,norm:Notice,true,국토교통부,true,nlic_api,,,DOC-001615,동일 사본,,,,,고시,고시|노후계획도시 용도지역별 기준용적률 산정에 관한 지침
DOC-003060,LAW-KR-000175,물산업 우수제품등 검증·평가 기준,v14_출처문서명,admin_rule,notice,,고시,nlic_admrul,norm:Notice,true,기후에너지환경부,true,nlic_api,,,DOC-001617,동일 사본,,,,,고시,고시|물산업 우수제품등 검증·평가 기준
DOC-003061,LAW-KR-000175,방류수수질기준 적용을 위한 지역구분,v14_출처문서명,admin_rule,notice,,고시,nlic_admrul,norm:Notice,true,기후에너지환경부,true,nlic_api,,,DOC-001137,동일 사본,,,,,고시,고시|방류수수질기준 적용을 위한 지역구분
DOC-003062,LAW-KR-000175,법령 제정·개정 업무 지침,v14_출처문서명,admin_rule,established_rule,,예규,nlic_admrul,norm:EstablishedRule,true,법무부,true,nlic_api_20260920k,,,,,2100000189415,1253,20200520,20200520,고시,고시|법령 제정·개정 업무 지침
DOC-003063,LAW-KR-000175,법무시설조성 추진에 따른 업무지침,v14_출처문서명,admin_rule,established_rule,,예규,nlic_admrul,norm:EstablishedRule,true,법무부,true,nlic_api_20260920k,,,,,2100000218878,1314,20230206,20230206,고시,고시|법무시설조성 추진에 따른 업무지침
DOC-003064,LAW-KR-000175,수질오염총량계획과 하수도정비기본계획의 연계검토를 위한 업무처리규정,v14_출처문서명,admin_rule,established_rule,,예규,nlic_admrul,norm:EstablishedRule,true,기후에너지환경부,true,nlic_api_20260920k,,,,,2100000266998,4,20251105,20251111,고시,고시|수질오염총량계획과 하수도정비기본계획의 연계검토를 위한 업무처리규정
DOC-003065,LAW-KR-000175,시·도 순환경제 성과관리 운영 등에 관한 지침,v14_출처문서명,admin_rule,established_rule,,예규,nlic_admrul,norm:EstablishedRule,true,기후에너지환경부,true,nlic_api,,,DOC-001151,동일 사본,,,,,고시,고시|시·도 순환경제 성과관리 운영 등에 관한 지침
DOC-003066,LAW-KR-000175,염에 의한 생태독성 증명에 관한 규정,v14_출처문서명,admin_rule,notice,,고시,nlic_admrul,norm:Notice,true,국립환경과학원,true,nlic_api,,,DOC-001153,동일 사본,,,,,고시,고시|염에 의한 생태독성 증명에 관한 규정
DOC-003067,LAW-KR-000175,오염총량관리시행계획 이행평가기준,v14_출처문서명,admin_rule,notice,,고시,nlic_admrul,norm:Notice,true,기후에너지환경부,true,nlic_api,,,DOC-001156,동일 사본,,,,,고시,고시|오염총량관리시행계획 이행평가기준
DOC-003068,LAW-KR-000175,일반수도사업 및 공공하수도 운영·관리 실태점검 기준,v14_출처문서명,admin_rule,notice,,고시,nlic_admrul,norm:Notice,true,기후에너지환경부,true,nlic_api,,,DOC-001631,동일 사본,,,,,고시,고시|일반수도사업 및 공공하수도 운영·관리 실태점검 기준
DOC-003069,LAW-KR-000175,임진강유역 폐수배출시설 설치제한을 위한 대상 지역 및 시설 지정,v14_출처문서명,admin_rule,notice,,고시,nlic_admrul,norm:Notice,true,기후에너지환경부,true,nlic_api,,,DOC-001157,동일 사본,,,,,고시,고시|임진강유역 폐수배출시설 설치제한을 위한 대상 지역 및 시설 지정
DOC-003070,LAW-KR-000175,주방용오물분쇄기의 판매·사용금지,v14_출처문서명,admin_rule,notice,,고시,nlic_admrul,norm:Notice,true,기후에너지환경부,true,nlic_api_20260920k,,,,,2100000265840,2025-165,20251001,20251001,고시,고시|주방용오물분쇄기의 판매·사용금지
DOC-003071,LAW-KR-000175,특허·실용신안 우선심사의 신청에 관한 고시,v14_출처문서명,admin_rule,notice,,고시,nlic_admrul,norm:Notice,true,지식재산처,true,nlic_api,,,DOC-000926,동일 사본,,,,,고시,고시|특허·실용신안 우선심사의 신청에 관한 고시
DOC-003072,LAW-KR-000175,팔당·대청호 상수원 수질보전특별대책지역 지정 및 특별종합대책,v14_출처문서명,admin_rule,notice,,고시,nlic_admrul,norm:Notice,true,기후에너지환경부,true,nlic_api_20260920k,,,,,2100000284516,2026-212,20260827,20260827,고시,고시|팔당·대청호 상수원 수질보전특별대책지역 지정 및 특별종합대책
DOC-003073,LAW-KR-000175,하수관로 유지관리 기준,v14_출처문서명,admin_rule,notice,,고시,nlic_admrul,norm:Notice,true,기후에너지환경부,true,nlic_api,DOC-000496,UNIT-0203678,,,,,,,고시,고시|하수관로 유지관리 기준
DOC-003074,LAW-KR-000175,하수도 설치를 위한 지하부분 토지사용 보상기준,v14_출처문서명,admin_rule,notice,,고시,nlic_admrul,norm:Notice,true,기후에너지환경부,true,nlic_api,,,DOC-001422,동일 사본,,,,,고시,고시|하수도 설치를 위한 지하부분 토지사용 보상기준
DOC-003075,LAW-KR-000175,하수도용으로 사용 가능한 자재에 관한 고시,v14_출처문서명,admin_rule,notice,,고시,nlic_admrul,norm:Notice,true,기후에너지환경부,true,nlic_api_20260920k,,,,,2100000265962,2025-165,20251001,20251007,고시,고시|하수도용으로 사용 가능한 자재에 관한 고시
DOC-003076,LAW-KR-000175,한국환경보전원 교육수수료,v14_출처문서명,admin_rule,notice,,고시,nlic_admrul,norm:Notice,true,기후에너지환경부,true,nlic_api,,,DOC-000928,동일 사본,,,,,고시,고시|한국환경보전원 교육수수료
DOC-003077,LAW-KR-000175,행정안전부장관이 방재시설의 유지·관리를 위하여 필요하다고 인정하는 시설,v14_출처문서명,admin_rule,notice,,고시,nlic_admrul,norm:Notice,true,행정안전부,true,nlic_api,DOC-000356,UNIT-0144124,DOC-001609,동일 사본,,,,,고시,고시|행정안전부장관이 방재시설의 유지·관리를 위하여 필요하다고 인정하는 시설
DOC-003078,LAW-KR-000175,행정안전부장관이 정하는 방재성능 평가 대상 시설,v14_출처문서명,admin_rule,notice,,고시,nlic_admrul,norm:Notice,true,행정안전부,true,nlic_api,DOC-000356,UNIT-0143577,DOC-001610,동일 사본,,,,,고시,고시|행정안전부장관이 정하는 방재성능 평가 대상 시설
DOC-003079,LAW-KR-000175,화물자동차 운수사업 공급기준,v14_출처문서명,admin_rule,notice,,고시,nlic_admrul,norm:Notice,true,국토교통부,true,nlic_api_20260920k,,,,,2100000232974,2023-814,20231228,20231228,고시,고시|화물자동차 운수사업 공급기준
DOC-003080,LAW-KR-000138,건설공사 타당성 조사 지침,v14_출처문서명,admin_rule,notice,,고시,nlic_admrul,norm:Notice,true,국토교통부,true,nlic_api,,,DOC-000950,동일 사본,,,,,고시,고시|건설공사 타당성 조사 지침
DOC-003081,LAW-KR-000138,국가하천 성능개선기준,v14_출처문서명,admin_rule,notice,,고시,nlic_admrul,norm:Notice,true,기후에너지환경부,true,nlic_api,DOC-000385,UNIT-0160974,DOC-000730,내용 다름(겹침 93%),,,,,고시,고시|국가하천 성능개선기준
DOC-003082,LAW-KR-000138,국가하천 최소유지관리기준,v14_출처문서명,admin_rule,notice,,고시,nlic_admrul,norm:Notice,true,기후에너지환경부,true,nlic_api,DOC-000385,UNIT-0160974,DOC-000731,내용 다름(겹침 84%),,,,,고시,고시|국가하천 최소유지관리기준
DOC-003083,LAW-KR-000138,농업재해 피해조사 보고요령,v14_출처문서명,admin_rule,established_rule,,예규,nlic_admrul,norm:EstablishedRule,true,농림축산식품부,true,nlic_api_20260920k,,,,,2100000270696,74,20251229,20260101,고시,고시|농업재해 피해조사 보고요령
DOC-003084,LAW-KR-000138,생태ㆍ자연도 작성지침,v14_출처문서명,admin_rule,established_rule,,예규,nlic_admrul,norm:EstablishedRule,true,기후에너지환경부,true,nlic_api,,,DOC-001604,동일 사본,,,,,고시,고시|생태ㆍ자연도 작성지침
DOC-003085,LAW-KR-000138,수자원시설 재평가 지침,v14_출처문서명,admin_rule,notice,,고시,nlic_admrul,norm:Notice,true,기후에너지환경부,true,nlic_api,,,DOC-000937,내용 다름(겹침 0%),,,,,고시,고시|수자원시설 재평가 지침
DOC-003086,LAW-KR-000138,오염토양의 반출정화사유,v14_출처문서명,admin_rule,notice,,고시,nlic_admrul,norm:Notice,true,기후에너지환경부,true,nlic_api,,,DOC-001629,동일 사본,,,,,고시,고시|오염토양의 반출정화사유
DOC-003087,LAW-KR-000138,일반측량 작업규정,v14_출처문서명,admin_rule,notice,,고시,nlic_admrul,norm:Notice,true,국토지리정보원,true,nlic_api,,,DOC-001607,동일 사본,,,,,고시,고시|일반측량 작업규정
DOC-003088,LAW-KR-000138,자연·인공지명 정비 및 관리 등에 관한 규정,v14_출처문서명,admin_rule,notice,,고시,nlic_admrul,norm:Notice,true,국토지리정보원,true,nlic_api,,,DOC-000938,동일 사본,,,,,고시,고시|자연·인공지명 정비 및 관리 등에 관한 규정
DOC-003089,LAW-KR-000138,조류제거시설 설치·운영 및 살포용 조류제거물질 사용지침,v14_출처문서명,admin_rule,established_rule,,예규,nlic_admrul,norm:EstablishedRule,true,기후에너지환경부,true,nlic_api,,,DOC-001159,동일 사본,,,,,고시,고시|조류제거시설 설치·운영 및 살포용 조류제거물질 사용지침
DOC-003090,LAW-KR-000138,중점관리저수지의 지정 및 물환경개선을 위한 업무처리지침,v14_출처문서명,admin_rule,established_rule,,예규,nlic_admrul,norm:EstablishedRule,true,기후에너지환경부,true,nlic_api,,,DOC-001161,동일 사본,,,,,고시,고시|중점관리저수지의 지정 및 물환경개선을 위한 업무처리지침
DOC-003091,LAW-KR-000138,하천기본계획 수립 지침,v14_출처문서명,admin_rule,notice,,고시,nlic_admrul,norm:Notice,true,기후에너지환경부,true,nlic_api_20260920k,,,,,2100000267756,2025-23,20251114,20251114,고시,고시|하천기본계획 수립 지침
DOC-003092,LAW-KR-000138,하천수 사용허가 세부기준,v14_출처문서명,admin_rule,notice,,고시,nlic_admrul,norm:Notice,true,기후에너지환경부,true,nlic_api,,,DOC-000847,동일 사본,,,,,고시,고시|하천수 사용허가 세부기준
DOC-003093,LAW-KR-000138,하천유지유량 산정지침,v14_출처문서명,admin_rule,notice,,고시,nlic_admrul,norm:Notice,true,기후에너지환경부,true,nlic_api_20260920k,,,,,2100000265130,2025-165,20251001,20251001,고시,고시|하천유지유량 산정지침
DOC-003094,LAW-KR-000138,하천점용허가 세부기준,v14_출처문서명,admin_rule,notice,,고시,nlic_admrul,norm:Notice,true,기후에너지환경부,true,nlic_api_20260920k,,,,,2100000275882,2026-62,20260309,20260309,고시,고시|하천점용허가 세부기준
DOC-003095,LAW-KR-000094,의료장비현황 신고대상 및 식별부호화에 관한 기준,v14_출처문서명,admin_rule,notice,,고시,nlic_admrul,norm:Notice,true,보건복지부,true,nlic_api_20260920k,,,,,2100000221448,2023-59,20230331,20230401,고시,고시|의료장비현황 신고대상 및 식별부호화에 관한 기준
DOC-003096,LAW-KR-000094,학생건강증진 전문기관 지정 및 운영에 관한 고시,v14_출처문서명,admin_rule,notice,,고시,nlic_admrul,norm:Notice,true,교육부,true,nlic_api_20260920k,,,,,2100000228238,2023-26,20230825,20230825,고시,고시|학생건강증진 전문기관 지정 및 운영에 관한 고시
DOC-003097,LAW-KR-000094,학교건강검사규칙,v14_출처문서명,statutory,ministerial_ordinance,4,,by_layer,norm:SeparateMinisterialRule,true,,true,nlic_api_20260917,,,,,269791,00354,20250310,20250310,부령규칙,부령규칙|학교건강검사규칙
DOC-003098,LAW-KR-000132,공항건설 및 유지·보수에 관한 보안지침,v14_출처문서명,admin_rule,established_rule,,예규,nlic_admrul,norm:EstablishedRule,true,국토교통부,true,nlic_api_20260920k,,,,,2100000087409,168,20170515,20170515,고시,고시|공항건설 및 유지·보수에 관한 보안지침
DOC-003099,LAW-KR-000132,공항안전운영기준,v14_출처문서명,admin_rule,notice,,고시,nlic_admrul,norm:Notice,true,국토교통부,true,nlic_api,DOC-000367,UNIT-0153536,DOC-000659,일부 사본,,,,,고시,고시|공항안전운영기준
DOC-003100,LAW-KR-000132,공항에서의 폭발물 등에 관한 처리기준,v14_출처문서명,admin_rule,established_rule,,예규,nlic_admrul,norm:EstablishedRule,true,국토교통부,true,nlic_api,DOC-000367,UNIT-0153437,,,,,,,고시,고시|공항에서의 폭발물 등에 관한 처리기준
DOC-003101,LAW-KR-000132,국가민간항공보안 교육훈련지침,v14_출처문서명,admin_rule,established_rule,,예규,nlic_admrul,norm:EstablishedRule,true,국토교통부,true,nlic_api_20260920k,,,,,2100000237634,379,20240315,20240315,고시,고시|국가민간항공보안 교육훈련지침
DOC-003102,LAW-KR-000132,국가항공보안 수준관리지침,v14_출처문서명,admin_rule,established_rule,,예규,nlic_admrul,norm:EstablishedRule,true,국토교통부,true,nlic_api_20260920k,,,,,2100000125090,217,20180516,20180516,고시,고시|국가항공보안 수준관리지침
DOC-003103,LAW-KR-000132,대통령 경호처 소속 공무원의 항공기내 무기 반입 및 관리 지침,v14_출처문서명,admin_rule,established_rule,,예규,nlic_admrul,norm:EstablishedRule,true,국토교통부,true,nlic_api_20260920k,,,,,2100000241650,395,20240531,20240531,고시,고시|대통령 경호처 소속 공무원의 항공기내 무기 반입 및 관리 지침
DOC-003104,LAW-KR-000132,상용화주 항공화물 보안기준,v14_출처문서명,admin_rule,notice,,고시,nlic_admrul,norm:Notice,true,국토교통부,true,nlic_api_20260920k,,,,,2100000224148,2023-287,20230602,20230602,고시,고시|상용화주 항공화물 보안기준
DOC-003105,LAW-KR-000132,액체·분무·겔류 등 항공기내 휴대 반입 금지물질 운영기준,v14_출처문서명,admin_rule,notice,,고시,nlic_admrul,norm:Notice,true,국토교통부,true,nlic_api_20260920k,,,,,2100000202075,2021-864,20210614,20210614,고시,고시|액체·분무·겔류 등 항공기내 휴대 반입 금지물질 운영기준
DOC-003106,LAW-KR-000132,항공보안장비 성능 인증 및 성능 검사 기준,v14_출처문서명,admin_rule,notice,,고시,nlic_admrul,norm:Notice,true,국토교통부,true,nlic_api_20260920k,,,,,2100000249768,2024-671,20241125,20250226,고시,고시|항공보안장비 성능 인증 및 성능 검사 기준
DOC-003107,LAW-KR-000132,항공보안장비 시험기관 지정 및 운영 등에 관한 규정,v14_출처문서명,admin_rule,notice,,고시,nlic_admrul,norm:Notice,true,국토교통부,true,nlic_api_20260920k,,,,,2100000175752,2019-53,20190128,20190128,고시,고시|항공보안장비 시험기관 지정 및 운영 등에 관한 규정
DOC-003108,LAW-KR-000132,항공보안협의회 운영규정,v14_출처문서명,admin_rule,established_rule,,예규,nlic_admrul,norm:EstablishedRule,true,국토교통부,true,nlic_api_20260920k,,,,,2100000244154,404,20240711,20240711,고시,고시|항공보안협의회 운영규정
DOC-003109,LAW-KR-000132,항공운송사업자의 항공기내보안요원 등 운영 지침,v14_출처문서명,admin_rule,notice,,지침,nlic_admrul_미배치,norm:AdministrativeRule,true,국토교통부,true,nlic_api_20260920k,,,,,2100000233794,2023-200,20231228,20231228,고시,고시|항공운송사업자의 항공기내보안요원 등 운영 지침
DOC-003110,LAW-KR-000001,국가항공안전프로그램,v14_출처문서명,admin_rule,notice,,고시,nlic_admrul,norm:Notice,true,국토교통부,true,nlic_api,DOC-000001,UNIT-0001077,,대표,,,,,고시,고시|국가항공안전프로그램
DOC-003111,LAW-KR-000001,국립해양측위정보원 무인비행장치 운용지침,v14_출처문서명,admin_rule,established_rule,,예규,nlic_admrul,norm:EstablishedRule,true,국립해양측위정보원,true,nlic_api,DOC-000001,UNIT-0000641,,,,,,,고시,고시|국립해양측위정보원 무인비행장치 운용지침
DOC-003112,LAW-KR-000001,남해어업관리단 무인비행장치 운영지침,v14_출처문서명,admin_rule,established_rule,,예규,nlic_admrul,norm:EstablishedRule,true,남해어업관리단,true,nlic_api,DOC-000001,UNIT-0000641,,,,,,,고시,고시|남해어업관리단 무인비행장치 운영지침
DOC-003113,LAW-KR-000001,농촌진흥청 무인비행장치 운용 지침,v14_출처문서명,admin_rule,established_rule,,예규,nlic_admrul,norm:EstablishedRule,true,농촌진흥청,true,nlic_api,DOC-000001,UNIT-0000641,,,,,,,고시,고시|농촌진흥청 무인비행장치 운용 지침
DOC-003114,LAW-KR-000001,모의비행훈련장치 지정기준 및 검사요령,v14_출처문서명,admin_rule,notice,,고시,nlic_admrul,norm:Notice,true,국토교통부,true,nlic_api,DOC-000001,UNIT-0000846,,,,,,,고시,고시|모의비행훈련장치 지정기준 및 검사요령
DOC-003115,LAW-KR-000001,무인비행장치 조종자의 자격 및 전문교육기관 지정기준,v14_출처문서명,admin_rule,notice,,고시,nlic_admrul,norm:Notice,true,국토교통부,true,nlic_api,DOC-000001,UNIT-0000201,,,,,,,고시,고시|무인비행장치 조종자의 자격 및 전문교육기관 지정기준
DOC-003116,LAW-KR-000001,무인비행장치 측량 작업규정,v14_출처문서명,admin_rule,notice,,고시,nlic_admrul,norm:Notice,true,국토지리정보원,true,nlic_api,DOC-000003,UNIT-0004276,,,,,,,고시,고시|무인비행장치 측량 작업규정
DOC-003117,LAW-KR-000001,무인비행장치 특별비행을 위한 안전기준 및 승인절차에 관한 기준,v14_출처문서명,admin_rule,notice,,고시,nlic_admrul,norm:Notice,true,국토교통부,true,nlic_api,DOC-000001,UNIT-0000227,,,,,,,고시,고시|무인비행장치 특별비행을 위한 안전기준 및 승인절차에 관한 기준
DOC-003118,LAW-KR-000001,비행장외 이·착륙허가 및 최저비행고도 아래에서의 비행허가에 관한 업무처리 지침,v14_출처문서명,admin_rule,established_rule,,예규,nlic_admrul,norm:EstablishedRule,true,국토교통부,true,nlic_api,DOC-000001,UNIT-0001167,,,,,,,고시,고시|비행장외 이·착륙허가 및 최저비행고도 아래에서의 비행허가에 관한 업무처리 지침
DOC-003119,LAW-KR-000001,서해어업관리단 무인비행장치 운영지침,v14_출처문서명,admin_rule,established_rule,,예규,nlic_admrul,norm:EstablishedRule,true,서해어업관리단,true,nlic_api,DOC-000003,UNIT-0004265,,,,,,,고시,고시|서해어업관리단 무인비행장치 운영지침
DOC-003120,LAW-KR-000001,초경량비행장치 기술기준,v14_출처문서명,admin_rule,notice,,고시,nlic_admrul,norm:Notice,true,국토교통부,true,nlic_api,DOC-000001,UNIT-0000174,,,,,,,고시,고시|초경량비행장치 기술기준
DOC-003121,LAW-KR-000001,항공교통흐름관리 운영규정,v14_출처문서명,admin_rule,notice,,고시,nlic_admrul,norm:Notice,true,국토교통부,true,nlic_api,DOC-000003,UNIT-0003310,,,,,,,고시,고시|항공교통흐름관리 운영규정
DOC-003122,LAW-KR-000001,항공기 등의 기술기준 관리절차 규정,v14_출처문서명,admin_rule,notice,,고시,nlic_admrul,norm:Notice,true,국토교통부,true,nlic_api,DOC-000001,UNIT-0000575,,,,,,,고시,고시|항공기 등의 기술기준 관리절차 규정
DOC-003123,LAW-KR-000001,항공기 및 경량항공기 등록기준,v14_출처문서명,admin_rule,notice,,고시,nlic_admrul,norm:Notice,true,국토교통부,true,nlic_api,DOC-000001,UNIT-0000572,,,,,,,고시,고시|항공기 및 경량항공기 등록기준
DOC-003124,LAW-KR-000001,항공기 중량 및 평형 관리기준,v14_출처문서명,admin_rule,notice,,고시,nlic_admrul,norm:Notice,true,국토교통부,true,nlic_api,DOC-000003,UNIT-0003562,,,,,,,고시,고시|항공기 중량 및 평형 관리기준
DOC-003125,LAW-KR-000001,항공방제업관리규정,v14_출처문서명,admin_rule,notice,,고시,nlic_admrul,norm:Notice,true,국립농산물품질관리원,true,nlic_api,DOC-000001,UNIT-0001200,DOC-000824,일부 사본,,,,,고시,고시|항공방제업관리규정
DOC-003126,LAW-KR-000001,항공신체검사증명 등에 관한 규정,v14_출처문서명,admin_rule,notice,,고시,nlic_admrul,norm:Notice,true,국토교통부,true,nlic_api,DOC-000001,UNIT-0000869,,,,,,,고시,고시|항공신체검사증명 등에 관한 규정
DOC-003127,LAW-KR-000001,항공영어구술능력증명시험 실시요령,v14_출처문서명,admin_rule,notice,,고시,nlic_admrul,norm:Notice,true,국토교통부,true,nlic_api,DOC-000001,UNIT-0000324,,,,,,,고시,고시|항공영어구술능력증명시험 실시요령
DOC-003128,LAW-KR-000001,항공종사자 자격증명 시험요령,v14_출처문서명,admin_rule,notice,,고시,nlic_admrul,norm:Notice,true,국토교통부,true,nlic_api,DOC-000001,UNIT-0001003,,,,,,,고시,고시|항공종사자 자격증명 시험요령
DOC-003129,LAW-KR-000001,항공종사자 전문교육기관 지정기준,v14_출처문서명,admin_rule,notice,,고시,nlic_admrul,norm:Notice,true,국토교통부,true,nlic_api,DOC-000001,UNIT-0001003,,,,,,,고시,고시|항공종사자 전문교육기관 지정기준
DOC-003130,LAW-KR-000001,항행안전감독업무 규정,v14_출처문서명,admin_rule,notice,,고시,nlic_admrul,norm:Notice,true,국토교통부,true,nlic_api,DOC-000001,UNIT-0000256,,대표,,,,,고시,고시|항행안전감독업무 규정
DOC-003131,LAW-KR-000001,항공기등록규칙,v14_출처문서명,statutory,ministerial_ordinance,4,,by_layer,norm:SeparateMinisterialRule,true,,true,nlic_api_20260917,,,,,286653,01587,20260528,20260528,부령규칙,부령규칙|항공기등록규칙
DOC-003132,LAW-KR-000039,(포항지방해양수산청) 공사구역을 표시하는 항로표지 등의 설치·관리 수역 지정에 관한 고시,v14_출처문서명,admin_rule,notice,,고시,nlic_admrul,norm:Notice,true,포항지방해양수산청,true,nlic_api,DOC-000108,UNIT-0056325,,,,,,,고시,고시|(포항지방해양수산청) 공사구역을 표시하는 항로표지 등의 설치·관리 수역 지정에 관한 고시
DOC-003133,LAW-KR-000039,공사용 항로표지 관리·운영지침,v14_출처문서명,admin_rule,established_rule,,예규,nlic_admrul,norm:EstablishedRule,true,해양수산부,true,nlic_api,DOC-000108,UNIT-0056654,,대표,,,,,고시,고시|공사용 항로표지 관리·운영지침
DOC-003134,LAW-KR-000039,부표류 불용품 처리 및 수리에 관한 규정,v14_출처문서명,admin_rule,established_rule,,예규,nlic_admrul,norm:EstablishedRule,true,부산지방해양수산청,true,nlic_api_20260920k,,,,,2100000268898,7,20251124,20251124,고시,고시|부표류 불용품 처리 및 수리에 관한 규정
DOC-003135,LAW-KR-000039,부표류 수리 및 불용품 처리에 관한 규정,v14_출처문서명,admin_rule,established_rule,,예규,nlic_admrul,norm:EstablishedRule,true,평택지방해양수산청,true,nlic_api_20260920k,,,,,2100000091650,28,20170710,20170710,고시,고시|부표류 수리 및 불용품 처리에 관한 규정
DOC-003136,LAW-KR-000039,우도등대해양문화공간 운영규정,v14_출처문서명,admin_rule,established_rule,,예규,nlic_admrul,norm:EstablishedRule,true,부산지방해양수산청,true,nlic_api_20260920k,,,,,2100000181536,12,20190823,20190823,고시,고시|우도등대해양문화공간 운영규정
DOC-003137,LAW-KR-000039,위성항법보정시스템 장비 예비품 관리 지침,v14_출처문서명,admin_rule,established_rule,,예규,nlic_admrul,norm:EstablishedRule,true,국립해양측위정보원,true,nlic_api_20260920k,,,,,2100000217453,53,20221228,20221228,고시,고시|위성항법보정시스템 장비 예비품 관리 지침
DOC-003138,LAW-KR-000039,장거리무선항법시스템(LORAN) 정비점검 규정,v14_출처문서명,admin_rule,established_rule,,예규,nlic_admrul,norm:EstablishedRule,true,해양수산부,true,nlic_api,DOC-000108,UNIT-0056311,,,,,,,고시,고시|장거리무선항법시스템(LORAN) 정비점검 규정
DOC-003139,LAW-KR-000039,지상파항법시스템 장비 예비품 관리지침,v14_출처문서명,admin_rule,established_rule,,예규,nlic_admrul,norm:EstablishedRule,true,국립해양측위정보원,true,nlic_api_20260920k,,,,,2100000244856,60,20240724,20240724,고시,고시|지상파항법시스템 장비 예비품 관리지침
DOC-003140,LAW-KR-000039,특수신호표지 설치대상 해역지정 고시,v14_출처문서명,admin_rule,notice,,고시,nlic_admrul,norm:Notice,true,해양수산부,true,nlic_api,DOC-000108,UNIT-0056318,,,,,,,고시,고시|특수신호표지 설치대상 해역지정 고시
DOC-003141,LAW-KR-000039,항로표지 이용료에 관한 규정,v14_출처문서명,admin_rule,notice,,고시,nlic_admrul,norm:Notice,true,해양수산부,true,nlic_api_20260920k,,,,대표,2100000246016,2024-95,20240813,20240813,고시,고시|항로표지 이용료에 관한 규정
DOC-003142,LAW-KR-000039,항로표지 장비·용품 검사 기준,v14_출처문서명,admin_rule,notice,,고시,nlic_admrul,norm:Notice,true,해양수산부,true,nlic_api,DOC-000108,UNIT-0056466,,,,,,,고시,고시|항로표지 장비·용품 검사 기준
DOC-003143,LAW-KR-000039,항로표지 장비·용품 검사수수료,v14_출처문서명,admin_rule,notice,,고시,nlic_admrul,norm:Notice,true,해양수산부,true,nlic_api_20260920k,,,,,2100000254792,2025-25,20250218,20250218,고시,고시|항로표지 장비·용품 검사수수료
DOC-003144,LAW-KR-000039,항로표지 장비·용품 등의 기능 및 규격 기준,v14_출처문서명,admin_rule,notice,,고시,nlic_admrul,norm:Notice,true,해양수산부,true,nlic_api_20260920k,,,,,2100000254788,2025-23,20250218,20250218,고시,고시|항로표지 장비·용품 등의 기능 및 규격 기준
DOC-003145,LAW-KR-000039,항로표지관리소 순환근무 규정,v14_출처문서명,admin_rule,established_rule,,예규,nlic_admrul,norm:EstablishedRule,true,동해지방해양수산청,true,nlic_api,,,,,,,,,고시,고시|항로표지관리소 순환근무 규정
DOC-003146,LAW-KR-000039,항로표지시설 관리지침,v14_출처문서명,admin_rule,established_rule,,예규,nlic_admrul,norm:EstablishedRule,true,해양수산부,true,nlic_api,DOC-000108,UNIT-0056649,,,,,,,고시,고시|항로표지시설 관리지침
DOC-003147,LAW-KR-000039,항로표지의 고시에 관한 업무취급 요령,v14_출처문서명,admin_rule,established_rule,,예규,nlic_admrul,norm:EstablishedRule,true,해양수산부,true,nlic_api,DOC-000108,UNIT-0056346,,,,,,,고시,고시|항로표지의 고시에 관한 업무취급 요령
DOC-003148,LAW-KR-000039,항로표지의 기능 및 규격에 관한 기준,v14_출처문서명,admin_rule,notice,,고시,nlic_admrul,norm:Notice,true,해양수산부,true,nlic_api,DOC-000108,UNIT-0056653,,,,,,,고시,고시|항로표지의 기능 및 규격에 관한 기준
DOC-003149,LAW-KR-000039,해사안전관계법령에 따른 행정처분 및 과태료의 가중처분에 관한 세부지침,v14_출처문서명,admin_rule,established_rule,,예규,nlic_admrul,norm:EstablishedRule,true,해양수산부,true,nlic_api_20260920k,,,,,2100000240842,207,20240509,20240509,고시,고시|해사안전관계법령에 따른 행정처분 및 과태료의 가중처분에 관한 세부지침
DOC-003150,LAW-KR-000039,해양수산부장관이 지정하는 해운관련업을 경영하는 자의 범위,v14_출처문서명,admin_rule,notice,,고시,nlic_admrul,norm:Notice,true,해양수산부,true,nlic_api,,,DOC-001358,동일 사본,,,,,고시,고시|해양수산부장관이 지정하는 해운관련업을 경영하는 자의 범위
DOC-003151,LAW-KR-000039,항로표지법 시행령,v14_출처문서명,statutory,presidential_decree,3,,by_layer,norm:PresidentialDecree,true,,true,nlic_api_20260920t,,,,,287205,36423,20260623,20260701,시행령,시행령|항로표지법 시행령
DOC-003152,LAW-KR-000134,1종 항만배후단지관리지침,v14_출처문서명,admin_rule,notice,,고시,nlic_admrul,norm:Notice,true,해양수산부,true,nlic_api,,,DOC-001118,동일 사본,,,,,고시,고시|1종 항만배후단지관리지침
DOC-003153,LAW-KR-000134,2종 항만배후단지에 설치할 수 있는 시설에 관한 고시,v14_출처문서명,admin_rule,notice,,고시,nlic_admrul,norm:Notice,true,해양수산부,true,nlic_api_20260920k,,,,,2100000258884,2025-81,20250514,20250514,고시,고시|2종 항만배후단지에 설치할 수 있는 시설에 관한 고시
DOC-003154,LAW-KR-000134,경인항 항만시설 운영세칙,v14_출처문서명,admin_rule,notice,,고시,nlic_admrul,norm:Notice,true,인천지방해양수산청,true,nlic_api,DOC-000373,UNIT-0156194,,,,,,,고시,고시|경인항 항만시설 운영세칙
DOC-003155,LAW-KR-000134,공사용 항로표지 관리·운영지침,v14_출처문서명,admin_rule,established_rule,,예규,nlic_admrul,norm:EstablishedRule,true,해양수산부,true,nlic_api,DOC-000108,UNIT-0056654,DOC-003133,일부 사본,,,,,고시,고시|공사용 항로표지 관리·운영지침
DOC-003156,LAW-KR-000134,군산·장항항 항만시설 운영세칙,v14_출처문서명,admin_rule,notice,,고시,nlic_admrul,norm:Notice,true,군산지방해양수산청,true,nlic_api,DOC-000373,UNIT-0155708,DOC-001474,내용 다름(겹침 39%),,,,,고시,고시|군산·장항항 항만시설 운영세칙
DOC-003157,LAW-KR-000134,군산지방항만정책심의회 운영규정,v14_출처문서명,admin_rule,notice,,고시,nlic_admrul,norm:Notice,true,군산지방해양수산청,true,nlic_api_20260920k,,,,,2100000255210,2025-20,20250225,20250225,고시,고시|군산지방항만정책심의회 운영규정
DOC-003158,LAW-KR-000134,당진화력발전소 항만시설 지정,v14_출처문서명,admin_rule,notice,,고시,nlic_admrul,norm:Notice,true,대산지방해양수산청,true,nlic_api,,,DOC-001477,동일 사본,,,,,고시,고시|당진화력발전소 항만시설 지정
DOC-003159,LAW-KR-000134,대산항 선박 항행 최고속력 지정 고시,v14_출처문서명,admin_rule,notice,,고시,nlic_admrul,norm:Notice,true,대산지방해양수산청,true,nlic_api,DOC-000113,UNIT-0057955,,대표,,,,,고시,고시|대산항 선박 항행 최고속력 지정 고시
DOC-003160,LAW-KR-000134,대산항 정박지 등 수역시설 지정 고시,v14_출처문서명,admin_rule,notice,,고시,nlic_admrul,norm:Notice,true,대산지방해양수산청,true,nlic_api,,,DOC-001481,동일 사본,,,,,고시,고시|대산항 정박지 등 수역시설 지정 고시
DOC-003161,LAW-KR-000134,대산항 출입절차 예규,v14_출처문서명,admin_rule,established_rule,,예규,nlic_admrul,norm:EstablishedRule,true,대산지방해양수산청,true,nlic_api_20260920k,,,,,2100000207108,179,20220101,20220101,고시,고시|대산항 출입절차 예규
DOC-003162,LAW-KR-000134,대산항 항만시설 운영세칙,v14_출처문서명,admin_rule,notice,,고시,nlic_admrul,norm:Notice,true,대산지방해양수산청,true,nlic_api,DOC-000373,UNIT-0155708,DOC-001482,내용 다름(겹침 38%),,,,,고시,고시|대산항 항만시설 운영세칙
DOC-003163,LAW-KR-000134,동해·묵호항 도선사 승선·하선 구역,v14_출처문서명,admin_rule,notice,,고시,nlic_admrul,norm:Notice,true,동해지방해양수산청,true,nlic_api_20260920k,,,,,2100000259070,2025-20,20250515,20250515,고시,고시|동해·묵호항 도선사 승선·하선 구역
DOC-003164,LAW-KR-000134,동해·묵호항 항만시설 운영세칙,v14_출처문서명,admin_rule,notice,,고시,nlic_admrul,norm:Notice,true,동해지방해양수산청,true,nlic_api,DOC-000373,UNIT-0155711,DOC-001484,내용 다름(겹침 26%),,,,,고시,고시|동해·묵호항 항만시설 운영세칙
DOC-003165,LAW-KR-000134,동해지방항만정책심의회 운영규정,v14_출처문서명,admin_rule,notice,,고시,nlic_admrul,norm:Notice,true,동해지방해양수산청,true,nlic_api_20260920k,,,,,2200000031887,2015-15,20150301,20150301,고시,고시|동해지방항만정책심의회 운영규정
DOC-003166,LAW-KR-000134,동해지방해양수산청 소속 해양환경특별사법경찰관리의 집무에 관한 규칙,v14_출처문서명,admin_rule,established_rule,,예규,nlic_admrul,norm:EstablishedRule,true,동해지방해양수산청,true,nlic_api,,,DOC-001486,동일 사본,,,,,고시,고시|동해지방해양수산청 소속 해양환경특별사법경찰관리의 집무에 관한 규칙
DOC-003167,LAW-KR-000134,마산항 선박속력 제한 규정,v14_출처문서명,admin_rule,notice,,고시,nlic_admrul,norm:Notice,true,마산지방해양수산청,true,nlic_api,DOC-000113,UNIT-0057955,DOC-003227,일부 사본,,,,,고시,고시|마산항 선박속력 제한 규정
DOC-003168,LAW-KR-000134,마산항 항만시설 운영세칙,v14_출처문서명,admin_rule,notice,,고시,nlic_admrul,norm:Notice,true,마산지방해양수산청,true,nlic_api,DOC-000373,UNIT-0156141,DOC-003228,일부 사본,,,,,고시,고시|마산항 항만시설 운영세칙
DOC-003169,LAW-KR-000134,목포항 1종 항만배후단지 관리규정,v14_출처문서명,admin_rule,notice,,고시,nlic_admrul,norm:Notice,true,목포지방해양수산청,true,nlic_api_20260920k,,,,,2100000263448,2025-59,20250828,20250828,고시,고시|목포항 1종 항만배후단지 관리규정
DOC-003170,LAW-KR-000134,목포항 항만 출입절차에 관한 세부운영세칙,v14_출처문서명,admin_rule,notice,,고시,nlic_admrul,norm:Notice,true,목포지방해양수산청,true,nlic_api_20260920k,,,,,2100000078489,2016-39,20161008,20161008,고시,고시|목포항 항만 출입절차에 관한 세부운영세칙
DOC-003171,LAW-KR-000134,목포항 항만시설운영세칙,v14_출처문서명,admin_rule,notice,,고시,nlic_admrul,norm:Notice,true,목포지방해양수산청,true,nlic_api,DOC-000373,UNIT-0156159,DOC-001493,내용 다름(겹침 29%),,,,,고시,고시|목포항 항만시설운영세칙
DOC-003172,LAW-KR-000134,무역항 등의 항만시설 사용 및 사용료에 관한 규정,v14_출처문서명,admin_rule,notice,,고시,nlic_admrul,norm:Notice,true,해양수산부,true,nlic_api,,,DOC-001495,동일 사본,,,,,고시,고시|무역항 등의 항만시설 사용 및 사용료에 관한 규정
DOC-003173,LAW-KR-000134,무역항 요트 계류시설 사용에 관한 규정,v14_출처문서명,admin_rule,notice,,고시,nlic_admrul,norm:Notice,true,해양수산부,true,nlic_api,DOC-000373,UNIT-0155866,DOC-001653,일부 사본,,,,,고시,고시|무역항 요트 계류시설 사용에 관한 규정
DOC-003174,LAW-KR-000134,묵호항 하역시설 운영세칙,v14_출처문서명,admin_rule,notice,,고시,nlic_admrul,norm:Notice,true,동해지방해양수산청,true,nlic_api,DOC-000373,UNIT-0155721,,,,,,,고시,고시|묵호항 하역시설 운영세칙
DOC-003175,LAW-KR-000134,부두운영회사 성과평가 업무지침,v14_출처문서명,admin_rule,notice,,고시,nlic_admrul,norm:Notice,true,해양수산부,true,nlic_api_20260920k,,,,,2100000263842,2025-142,20250908,20250908,고시,고시|부두운영회사 성과평가 업무지침
DOC-003176,LAW-KR-000134,부산항 항법 등에 관한 규칙,v14_출처문서명,admin_rule,notice,,고시,nlic_admrul,norm:Notice,true,부산지방해양수산청,true,nlic_api,DOC-000374,UNIT-0156495,,대표,,,,,고시,고시|부산항 항법 등에 관한 규칙
DOC-003177,LAW-KR-000134,비관리청 항만개발사업 시행허가 등에 관한 업무처리 요령,v14_출처문서명,admin_rule,notice,,고시,nlic_admrul,norm:Notice,true,해양수산부,true,nlic_api_20260920k,,,,,2100000242316,2024-60,20240604,20240604,고시,고시|비관리청 항만개발사업 시행허가 등에 관한 업무처리 요령
DOC-003178,LAW-KR-000134,선박저속운항 해역 및 대상 선종 등 기준 고시,v14_출처문서명,admin_rule,notice,,고시,nlic_admrul,norm:Notice,true,해양수산부,true,nlic_api_20260920k,,,,,2100000283326,2026-94,20260731,20260731,고시,고시|선박저속운항 해역 및 대상 선종 등 기준 고시
DOC-003179,LAW-KR-000134,수로측량 업무규정,v14_출처문서명,admin_rule,established_rule,,예규,nlic_admrul,norm:EstablishedRule,true,국립해양조사원,true,nlic_api_20260920k,,,,,2100000274442,224,20260202,20260202,고시,고시|수로측량 업무규정
DOC-003180,LAW-KR-000134,여객터미널 위탁운영업무 처리 예규,v14_출처문서명,admin_rule,established_rule,,예규,nlic_admrul,norm:EstablishedRule,true,해양수산부,true,nlic_api_20260920k,,,,,2100000178633,103,20190520,20200101,고시,고시|여객터미널 위탁운영업무 처리 예규
DOC-003181,LAW-KR-000134,여수항·광양항 예선운영세칙,v14_출처문서명,admin_rule,notice,,고시,nlic_admrul,norm:Notice,true,여수지방해양수산청,true,nlic_api,DOC-000373,UNIT-0155929,,대표,,,,,고시,고시|여수항·광양항 예선운영세칙
DOC-003182,LAW-KR-000134,여수항·광양항 항만시설운영세칙,v14_출처문서명,admin_rule,notice,,고시,nlic_admrul,norm:Notice,true,여수지방해양수산청,true,nlic_api,DOC-000373,UNIT-0155723,,대표,,,,,고시,고시|여수항·광양항 항만시설운영세칙
DOC-003183,LAW-KR-000134,울산지방해양수산청 소속 해양환경특별사법경찰관리의 집무에 관한 규칙,v14_출처문서명,admin_rule,established_rule,,예규,nlic_admrul,norm:EstablishedRule,true,울산지방해양수산청,true,nlic_api,,,DOC-001504,동일 사본,,,,,고시,고시|울산지방해양수산청 소속 해양환경특별사법경찰관리의 집무에 관한 규칙
DOC-003184,LAW-KR-000134,울산항 위험물 해상환적 가능 부두 고시,v14_출처문서명,admin_rule,notice,,고시,nlic_admrul,norm:Notice,true,울산지방해양수산청,true,nlic_api,DOC-000373,UNIT-0155925,,대표,,,,,고시,고시|울산항 위험물 해상환적 가능 부두 고시
DOC-003185,LAW-KR-000134,울산항 항만시설 운영세칙,v14_출처문서명,admin_rule,notice,,고시,nlic_admrul,norm:Notice,true,울산지방해양수산청,true,nlic_api,,,DOC-001507,내용 다름(겹침 71%),,,,,고시,고시|울산항 항만시설 운영세칙
DOC-003186,LAW-KR-000134,인천항·경인항 예선운영세칙,v14_출처문서명,admin_rule,notice,,고시,nlic_admrul,norm:Notice,true,인천지방해양수산청,true,nlic_api,DOC-000373,UNIT-0155740,,대표,,,,,고시,고시|인천항·경인항 예선운영세칙
DOC-003187,LAW-KR-000134,장기체류화물의 처리에 관한 규정,v14_출처문서명,admin_rule,notice,,고시,nlic_admrul,norm:Notice,true,해양수산부,true,nlic_api_20260920k,,,,,2100000010835,2014-176,20141230,20141230,고시,고시|장기체류화물의 처리에 관한 규정
DOC-003188,LAW-KR-000134,평택·당진항 출입절차 예규,v14_출처문서명,admin_rule,established_rule,,예규,nlic_admrul,norm:EstablishedRule,true,평택지방해양수산청,true,nlic_api_20260920k,,,,,2100000230602,32,20231018,20231018,고시,고시|평택·당진항 출입절차 예규
DOC-003189,LAW-KR-000134,평택·당진항 항만시설운영세칙,v14_출처문서명,admin_rule,notice,,고시,nlic_admrul,norm:Notice,true,평택지방해양수산청,true,nlic_api,DOC-000373,UNIT-0155866,DOC-001514,내용 다름(겹침 50%),,,,,고시,고시|평택·당진항 항만시설운영세칙
DOC-003190,LAW-KR-000134,평택지방해양수산청 관할 준설토 투기장 관리 예규,v14_출처문서명,admin_rule,established_rule,,예규,nlic_admrul,norm:EstablishedRule,true,평택지방해양수산청,true,nlic_api,DOC-000181,UNIT-0079230,DOC-001340,일부 사본,,,,,고시,고시|평택지방해양수산청 관할 준설토 투기장 관리 예규
DOC-003191,LAW-KR-000134,포항지방해양수산청 해양환경특별사법경찰관리 집무규정,v14_출처문서명,admin_rule,established_rule,,예규,nlic_admrul,norm:EstablishedRule,true,포항지방해양수산청,true,nlic_api,,,DOC-001515,동일 사본,,,,,고시,고시|포항지방해양수산청 해양환경특별사법경찰관리 집무규정
DOC-003192,LAW-KR-000134,포항항 1종 항만배후단지관리규정,v14_출처문서명,admin_rule,notice,,고시,nlic_admrul,norm:Notice,true,포항지방해양수산청,true,nlic_api_20260920k,,,,,2100000261402,2025-71,20250703,20250703,고시,고시|포항항 1종 항만배후단지관리규정
DOC-003193,LAW-KR-000134,포항항 항만시설 운영세칙,v14_출처문서명,admin_rule,notice,,고시,nlic_admrul,norm:Notice,true,포항지방해양수산청,true,nlic_api,DOC-000374,UNIT-0156494,DOC-001516,내용 다름(겹침 58%),,,,,고시,고시|포항항 항만시설 운영세칙
DOC-003194,LAW-KR-000134,포항항 항만시설 출입절차에 관한 운영세칙,v14_출처문서명,admin_rule,notice,,고시,nlic_admrul,norm:Notice,true,포항지방해양수산청,true,nlic_api_20260920k,,,,,2100000172029,2018-43,20181210,20181210,고시,고시|포항항 항만시설 출입절차에 관한 운영세칙
DOC-003195,LAW-KR-000134,포항항예선운영세칙,v14_출처문서명,admin_rule,notice,,고시,nlic_admrul,norm:Notice,true,포항지방해양수산청,true,nlic_api,DOC-000375,UNIT-0157103,,대표,,,,,고시,고시|포항항예선운영세칙
DOC-003196,LAW-KR-000134,포항항예선운영협의회운영규정,v14_출처문서명,admin_rule,notice,,고시,nlic_admrul,norm:Notice,true,포항지방해양수산청,true,nlic_api_20260920k,,,,,2200000032582,8,20150112,20150112,고시,고시|포항항예선운영협의회운영규정
DOC-003197,LAW-KR-000134,항로표지 이용료에 관한 규정,v14_출처문서명,admin_rule,notice,,고시,nlic_admrul,norm:Notice,true,해양수산부,true,nlic_api,,,DOC-003141,동일 사본,,,,,고시,고시|항로표지 이용료에 관한 규정
DOC-003198,LAW-KR-000134,항만 출입절차에 관한 세부규정,v14_출처문서명,admin_rule,notice,,고시,nlic_admrul,norm:Notice,true,군산지방해양항만청,true,nlic_api_20260920k,,,,,2200000031498,2014-20,20140430,20140430,고시,고시|항만 출입절차에 관한 세부규정
DOC-003199,LAW-KR-000134,항만 출입절차에 관한 세부운영세칙,v14_출처문서명,admin_rule,notice,,고시,nlic_admrul,norm:Notice,true,마산지방해양수산청,true,nlic_api_20260920k,,,,,2100000077429,2017-8,20170116,20170116,고시,고시|항만 출입절차에 관한 세부운영세칙
DOC-003200,LAW-KR-000134,항만건설작업선의 선박시설 등에 관한 기준,v14_출처문서명,admin_rule,notice,,고시,nlic_admrul,norm:Notice,true,해양수산부,true,nlic_api,DOC-000373,UNIT-0155844,,,,,,,고시,고시|항만건설작업선의 선박시설 등에 관한 기준
DOC-003201,LAW-KR-000134,항만건설장비 조종자격 취득 위한 교육기관 지정 고시,v14_출처문서명,admin_rule,notice,,고시,nlic_admrul,norm:Notice,true,해양수산부,true,nlic_api_20260920k,,,,,2100000259484,2025-91,20250526,20250526,고시,고시|항만건설장비 조종자격 취득 위한 교육기관 지정 고시
DOC-003202,LAW-KR-000134,항만공간의 공공디자인 가이드라인,v14_출처문서명,admin_rule,established_rule,,예규,nlic_admrul,norm:EstablishedRule,true,해양수산부,true,nlic_api_20260920k,,,,,2100000201827,122,20210608,20210608,고시,고시|항만공간의 공공디자인 가이드라인
DOC-003203,LAW-KR-000134,항만관리법인의 지정기준 및 업무 범위 등에 관한 고시,v14_출처문서명,admin_rule,notice,,고시,nlic_admrul,norm:Notice,true,해양수산부,true,nlic_api_20260920k,,,,,2100000208425,2021-240,20211228,20211228,고시,고시|항만관리법인의 지정기준 및 업무 범위 등에 관한 고시
DOC-003204,LAW-KR-000134,항만구역 내 유해화학물질 보관시설 설치 및 관리에 관한 고시,v14_출처문서명,admin_rule,notice,,고시,nlic_admrul,norm:Notice,true,화학물질안전원,true,nlic_api,DOC-000373,UNIT-0155718,,,,,,,고시,고시|항만구역 내 유해화학물질 보관시설 설치 및 관리에 관한 고시
DOC-003205,LAW-KR-000134,항만구역 환경실태조사 지침,v14_출처문서명,admin_rule,notice,,고시,nlic_admrul,norm:Notice,true,해양수산부,true,nlic_api_20260920k,,,,,2100000214784,2022-156,20220928,20220928,고시,고시|항만구역 환경실태조사 지침
DOC-003206,LAW-KR-000134,항만도로 건설지원지침,v14_출처문서명,admin_rule,established_rule,,예규,nlic_admrul,norm:EstablishedRule,true,해양수산부,true,nlic_api_20260920k,,,,,2100000200222,121,20210419,20210419,고시,고시|항만도로 건설지원지침
DOC-003207,LAW-KR-000134,항만물류정보 재해복구센터 운영 및 관리 규정,v14_출처문서명,admin_rule,notice,,고시,nlic_admrul,norm:Notice,true,해양수산부,true,nlic_api_20260920k,,,,,2100000246424,2024-97,20240827,20240827,고시,고시|항만물류정보 재해복구센터 운영 및 관리 규정
DOC-003208,LAW-KR-000134,항만물류정보 중계망사업자의 지정 및 관리에 관한 규정,v14_출처문서명,admin_rule,notice,,고시,nlic_admrul,norm:Notice,true,해양수산부,true,nlic_api,,,DOC-001520,동일 사본,,,,,고시,고시|항만물류정보 중계망사업자의 지정 및 관리에 관한 규정
DOC-003209,LAW-KR-000134,항만물류통합정보체계 구축·운영 및 이용절차에 관한 규정,v14_출처문서명,admin_rule,notice,,고시,nlic_admrul,norm:Notice,true,해양수산부,true,nlic_api_20260920k,,,,,2100000246402,2024-97,20240827,20240827,고시,고시|항만물류통합정보체계 구축·운영 및 이용절차에 관한 규정
DOC-003210,LAW-KR-000134,항만배후단지개발사업 업무처리규정,v14_출처문서명,admin_rule,notice,,고시,nlic_admrul,norm:Notice,true,해양수산부,true,nlic_api_20260920k,,,,,2100000194982,2020-188,20201123,20201123,고시,고시|항만배후단지개발사업 업무처리규정
DOC-003211,LAW-KR-000134,항만시설 등의 기술기준 관리지침,v14_출처문서명,admin_rule,notice,,고시,nlic_admrul,norm:Notice,true,해양수산부,true,nlic_api_20260920k,,,,,2100000260370,2025-100,20250613,20250613,고시,고시|항만시설 등의 기술기준 관리지침
DOC-003212,LAW-KR-000134,항만시설 성능개선기준,v14_출처문서명,admin_rule,notice,,고시,nlic_admrul,norm:Notice,true,해양수산부,true,nlic_api,DOC-000128,UNIT-0061432,DOC-000759,일부 사본,,,,,고시,고시|항만시설 성능개선기준
DOC-003213,LAW-KR-000134,항만시설 최소유지관리기준,v14_출처문서명,admin_rule,notice,,고시,nlic_admrul,norm:Notice,true,해양수산부,true,nlic_api,DOC-000128,UNIT-0061424,DOC-000760,일부 사본,,,,,고시,고시|항만시설 최소유지관리기준
DOC-003214,LAW-KR-000134,항만시설물 안전점검 지침,v14_출처문서명,admin_rule,notice,,고시,nlic_admrul,norm:Notice,true,해양수산부,true,nlic_api,DOC-000373,UNIT-0155842,DOC-001709,내용 다름(겹침 37%),,,,,고시,고시|항만시설물 안전점검 지침
DOC-003215,LAW-KR-000134,항만시설물의 안전시설 설치 및 관리지침,v14_출처문서명,admin_rule,notice,,지침,nlic_admrul_미배치,norm:AdministrativeRule,true,해양수산부,true,nlic_api,DOC-000373,UNIT-0155768,,,,,,,고시,고시|항만시설물의 안전시설 설치 및 관리지침
DOC-003216,LAW-KR-000134,항만시설보안료 징수방법 및 징수요율 산정 등에 관한 업무처리요령,v14_출처문서명,admin_rule,notice,,고시,nlic_admrul,norm:Notice,true,해양수산부,true,nlic_api_20260920k,,,,,2100000279436,2026-56,20260519,20260519,고시,고시|항만시설보안료 징수방법 및 징수요율 산정 등에 관한 업무처리요령
DOC-003217,LAW-KR-000134,항만시설장비검사기준,v14_출처문서명,admin_rule,notice,,고시,nlic_admrul,norm:Notice,true,해양수산부,true,nlic_api,DOC-000373,UNIT-0155805,,,,,,,고시,고시|항만시설장비검사기준
DOC-003218,LAW-KR-000134,항만재개발사업 재정지원지침,v14_출처문서명,admin_rule,notice,,고시,nlic_admrul,norm:Notice,true,해양수산부,true,nlic_api_20260920k,,,,,2100000202504,2021-132,20210701,20210701,고시,고시|항만재개발사업 재정지원지침
DOC-003219,LAW-KR-000134,항만지하시설물의 공간정보 보안 및 운영관리지침,v14_출처문서명,admin_rule,established_rule,,예규,nlic_admrul,norm:EstablishedRule,true,해양수산부,true,nlic_api_20260920k,,,,,2100000230566,203,20231018,20231018,고시,고시|항만지하시설물의 공간정보 보안 및 운영관리지침
DOC-003220,LAW-KR-000134,해양수산부장관이 지정하는 해운관련업을 경영하는 자의 범위,v14_출처문서명,admin_rule,notice,,고시,nlic_admrul,norm:Notice,true,해양수산부,true,nlic_api,,,DOC-001358,동일 사본,,,,,고시,고시|해양수산부장관이 지정하는 해운관련업을 경영하는 자의 범위
DOC-003221,LAW-KR-000134,화물운송실적신고제 시행지침,v14_출처문서명,admin_rule,notice,,고시,nlic_admrul,norm:Notice,true,국토교통부,true,nlic_api_20260920k,,,,,2100000105630,2017-824,20171215,20171215,고시,고시|화물운송실적신고제 시행지침
DOC-003222,LAW-KR-000134,황산화물 배출규제해역 지정 고시,v14_출처문서명,admin_rule,notice,,고시,nlic_admrul,norm:Notice,true,해양수산부,true,nlic_api_20260920k,,,,,2100000184979,2019-202,20191226,20200901,고시,고시|황산화물 배출규제해역 지정 고시
DOC-003223,LAW-KR-000134,휘발성유기화합물규제항만 지정 등에 관한 기준,v14_출처문서명,admin_rule,notice,,고시,nlic_admrul,norm:Notice,true,해양수산부,true,nlic_api_20260920k,,,,,2100000166329,2018-130,20181113,20181113,고시,고시|휘발성유기화합물규제항만 지정 등에 관한 기준
DOC-003224,LAW-KR-000016,국제해사기구 회원국 감사 대응절차에 관한 규정,v14_출처문서명,admin_rule,directive,,훈령,nlic_admrul,norm:Directive,true,해양수산부,true,nlic_api,DOC-000045,UNIT-0026050,,,,,,,고시,고시|국제해사기구 회원국 감사 대응절차에 관한 규정
DOC-003225,LAW-KR-000016,국제해사분야 대응역량 강화에 관한 규정,v14_출처문서명,admin_rule,notice,,고시,nlic_admrul,norm:Notice,true,해양수산부,true,nlic_api,DOC-000045,UNIT-0026082,,,,,,,고시,고시|국제해사분야 대응역량 강화에 관한 규정
DOC-003226,LAW-KR-000016,대산항 항만시설 운영세칙,v14_출처문서명,admin_rule,notice,,고시,nlic_admrul,norm:Notice,true,대산지방해양수산청,true,nlic_api,DOC-000045,UNIT-0026049,DOC-001482,내용 다름(겹침 76%),,,,,고시,고시|대산항 항만시설 운영세칙
DOC-003227,LAW-KR-000016,마산항 선박속력 제한 규정,v14_출처문서명,admin_rule,notice,,고시,nlic_admrul,norm:Notice,true,마산지방해양수산청,true,nlic_api,DOC-000113,UNIT-0057955,,대표,,,,,고시,고시|마산항 선박속력 제한 규정
DOC-003228,LAW-KR-000016,마산항 항만시설 운영세칙,v14_출처문서명,admin_rule,notice,,고시,nlic_admrul,norm:Notice,true,마산지방해양수산청,true,nlic_api,DOC-000045,UNIT-0026049,,대표,,,,,고시,고시|마산항 항만시설 운영세칙
DOC-003229,LAW-KR-000016,부산항 도선구 도선안전절차,v14_출처문서명,admin_rule,notice,,고시,nlic_admrul,norm:Notice,true,부산지방해양수산청,true,nlic_api,,,,대표,,,,,고시,고시|부산항 도선구 도선안전절차
DOC-003230,LAW-KR-000016,선박안전도정보의 공표에 관한 규정,v14_출처문서명,admin_rule,established_rule,,예규,nlic_admrul,norm:EstablishedRule,true,해양수산부,true,nlic_api,DOC-000045,UNIT-0026029,,,,,,,고시,고시|선박안전도정보의 공표에 관한 규정
DOC-003231,LAW-KR-000016,안전투자 공시의 적용 대상 및 세부 기준·절차에 관한 고시,v14_출처문서명,admin_rule,notice,,고시,nlic_admrul,norm:Notice,true,해양수산부,true,nlic_api,DOC-000045,UNIT-0026036,,대표,,,,,고시,고시|안전투자 공시의 적용 대상 및 세부 기준·절차에 관한 고시
DOC-003232,LAW-KR-000073,선박 전자증서 발급에 관한 고시,v14_출처문서명,admin_rule,notice,,고시,nlic_admrul,norm:Notice,true,해양수산부,true,nlic_api,DOC-000545,UNIT-0222614,DOC-001465,일부 사본,,,,,고시,고시|선박 전자증서 발급에 관한 고시
DOC-003233,LAW-KR-000073,인천항·경인항 선박통항규칙,v14_출처문서명,admin_rule,notice,,고시,nlic_admrul,norm:Notice,true,인천지방해양수산청,true,nlic_api,DOC-000203,UNIT-0089971,,대표,,,,,고시,고시|인천항·경인항 선박통항규칙
DOC-003234,LAW-KR-000112,준설물질 등의 활용 등에 관한 규정,v14_출처문서명,admin_rule,notice,,고시,nlic_admrul,norm:Notice,true,해양수산부,true,nlic_api,,,DOC-003002,동일 사본,,,,,고시,고시|준설물질 등의 활용 등에 관한 규정
DOC-003235,LAW-KR-000112,평택지방해양수산청 관할 준설토 투기장 관리 예규,v14_출처문서명,admin_rule,established_rule,,예규,nlic_admrul,norm:EstablishedRule,true,평택지방해양수산청,true,nlic_api,DOC-000181,UNIT-0079230,DOC-001340,동일 사본,,,,,고시,고시|평택지방해양수산청 관할 준설토 투기장 관리 예규
DOC-003236,LAW-KR-000112,폐기물 해양배출 사업계획서의 작성에 관한 지침,v14_출처문서명,admin_rule,notice,,고시,nlic_admrul,norm:Notice,true,해양수산부,true,nlic_api_20260920k,,,,,2100000199568,2021-77,20210330,20210330,고시,고시|폐기물 해양배출 사업계획서의 작성에 관한 지침
DOC-003237,LAW-KR-000112,폐기물저장시설 중 콘크리트구조물 안전기준에 관한 지침,v14_출처문서명,admin_rule,notice,,고시,nlic_admrul,norm:Notice,true,해양수산부,true,nlic_api,DOC-000031,UNIT-0020511,DOC-001708,동일 사본,,,,,고시,고시|폐기물저장시설 중 콘크리트구조물 안전기준에 관한 지침
DOC-003238,LAW-KR-000112,해양배출 검사기관 지정에 관한 고시,v14_출처문서명,admin_rule,notice,,고시,nlic_admrul,norm:Notice,true,해양수산부,true,nlic_api_20260920k,,,,,2100000209035,2022-21,20220204,20220204,고시,고시|해양배출 검사기관 지정에 관한 고시
DOC-003239,LAW-KR-000112,해양배출 폐기물의 정밀평가에 관한 고시,v14_출처문서명,admin_rule,notice,,고시,nlic_admrul,norm:Notice,true,해양수산부,true,nlic_api_20260920k,,,,대표,2100000231568,2023-163,20231116,20231116,고시,고시|해양배출 폐기물의 정밀평가에 관한 고시
DOC-003240,LAW-KR-000112,해양오염퇴적물 정화명령제도 운영지침,v14_출처문서명,admin_rule,notice,,고시,nlic_admrul,norm:Notice,true,해양수산부,true,nlic_api_20260920k,,,,,2100000231674,2023-164,20231121,20231121,고시,고시|해양오염퇴적물 정화명령제도 운영지침
DOC-003241,LAW-KR-000112,해양오염퇴적물 조사 및 정화 범위 등에 관한 규정,v14_출처문서명,admin_rule,notice,,고시,nlic_admrul,norm:Notice,true,해양수산부,true,nlic_api_20260920k,,,,대표,2100000269810,2025-208,20251216,20251216,고시,고시|해양오염퇴적물 조사 및 정화 범위 등에 관한 규정
DOC-003242,LAW-KR-000112,해양오염퇴적물정화업 대체인력 관련학과 및 직무분야 고시,v14_출처문서명,admin_rule,notice,,고시,nlic_admrul,norm:Notice,true,해양수산부,true,nlic_api_20260920k,,,,,2100000226204,2023-109,20230704,20230704,고시,고시|해양오염퇴적물정화업 대체인력 관련학과 및 직무분야 고시
DOC-003243,LAW-KR-000112,해양환경공정시험기준 고시,v14_출처문서명,admin_rule,notice,,고시,nlic_admrul,norm:Notice,true,국립수산과학원,true,nlic_api_20260920k,,,,대표,2100000282530,2026-1,20260714,20260714,고시,고시|해양환경공정시험기준 고시
DOC-003244,LAW-KR-000065,(해양경찰청) 긴급구조지원기관 능력평가에 관한 규정,v14_출처문서명,admin_rule,notice,,고시,nlic_admrul,norm:Notice,true,해양경찰청,true,nlic_api_20260920k,,,,,2100000249244,2024-10,20241111,20241111,고시,고시|(해양경찰청) 긴급구조지원기관 능력평가에 관한 규정
DOC-003245,LAW-KR-000065,(해양경찰청) 긴급대응협력관 지정 및 운영에 관한 규정,v14_출처문서명,admin_rule,notice,,고시,nlic_admrul,norm:Notice,true,해양경찰청,true,nlic_api,,,DOC-002438,내용 다름(겹침 0%),,,,,고시,고시|(해양경찰청) 긴급대응협력관 지정 및 운영에 관한 규정
DOC-003246,LAW-KR-000065,국가긴급방제계획에 포함하는 위험·유해물질 지정 고시,v14_출처문서명,admin_rule,notice,,고시,nlic_admrul,norm:Notice,true,해양경찰청,true,nlic_api_20260920k,,,,,2100000263606,2025-2,20250901,20250901,고시,고시|국가긴급방제계획에 포함하는 위험·유해물질 지정 고시
DOC-003247,LAW-KR-000065,극지해역 운항선박 기준,v14_출처문서명,admin_rule,notice,,고시,nlic_admrul,norm:Notice,true,해양수산부,true,nlic_api,DOC-000543,UNIT-0221319,,,,,,,고시,고시|극지해역 운항선박 기준
DOC-003248,LAW-KR-000065,동해지방해양수산청 소속 해양환경감시원의 지정 및 그 직무범위 등에 관한 규정,v14_출처문서명,admin_rule,established_rule,,예규,nlic_admrul,norm:EstablishedRule,true,동해지방해양수산청,true,nlic_api,,,DOC-001485,동일 사본,,,,,고시,고시|동해지방해양수산청 소속 해양환경감시원의 지정 및 그 직무범위 등에 관한 규정
DOC-003249,LAW-KR-000065,동해지방해양수산청 소속 해양환경특별사법경찰관리의 집무에 관한 규칙,v14_출처문서명,admin_rule,established_rule,,예규,nlic_admrul,norm:EstablishedRule,true,동해지방해양수산청,true,nlic_api,,,DOC-001486,동일 사본,,,,,고시,고시|동해지방해양수산청 소속 해양환경특별사법경찰관리의 집무에 관한 규칙
DOC-003250,LAW-KR-000065,명예해양환경감시원 운영규정,v14_출처문서명,admin_rule,notice,,고시,nlic_admrul,norm:Notice,true,해양수산부,true,nlic_api_20260920k,,,,,2100000199414,2021-72,20210325,20210325,고시,고시|명예해양환경감시원 운영규정
DOC-003251,LAW-KR-000065,방제비용 부과·징수 규칙,v14_출처문서명,admin_rule,established_rule,,예규,nlic_admrul,norm:EstablishedRule,true,해양경찰청,true,nlic_api_20260920k,,,,,2100000272888,142,20260115,20260115,고시,고시|방제비용 부과·징수 규칙
DOC-003252,LAW-KR-000065,방제운영비 및 민간위탁금 집행 규칙,v14_출처문서명,admin_rule,established_rule,,예규,nlic_admrul,norm:EstablishedRule,true,해양경찰청,true,nlic_api_20260920k,,,,,2100000258024,125,20250416,20250416,고시,고시|방제운영비 및 민간위탁금 집행 규칙
DOC-003253,LAW-KR-000065,방제장비 및 자재의 운용 규칙,v14_출처문서명,admin_rule,established_rule,,예규,nlic_admrul,norm:EstablishedRule,true,해양경찰청,true,nlic_api_20260920k,,,,,2100000205203,77,20211012,20211012,고시,고시|방제장비 및 자재의 운용 규칙
DOC-003254,LAW-KR-000065,선박·항공기 안에 남아있는 음식물의 관리방법,v14_출처문서명,admin_rule,notice,,고시,nlic_admrul,norm:Notice,true,농림축산검역본부,true,nlic_api_20260920k,,,DOC-003048,내용 다름(겹침 0%),2100000190157,2020-26,20200616,20200616,고시,고시|선박·항공기 안에 남아있는 음식물의 관리방법
DOC-003255,LAW-KR-000065,선박의 에너지효율검사 등에 관한 기준,v14_출처문서명,admin_rule,notice,,고시,nlic_admrul,norm:Notice,true,해양수산부,true,nlic_api_20260920k,,,,,2100000230558,2023-150,20231018,20231018,고시,고시|선박의 에너지효율검사 등에 관한 기준
DOC-003256,LAW-KR-000065,선박해양오염비상계획서 검인에 관한 업무대행,v14_출처문서명,admin_rule,notice,,고시,nlic_admrul,norm:Notice,true,해양경찰청,true,nlic_api_20260920k,,,,,2100000190340,2020-2,20200511,20200511,고시,고시|선박해양오염비상계획서 검인에 관한 업무대행
DOC-003257,LAW-KR-000065,울산지방해양수산청 소속 해양환경특별사법경찰관리의 집무에 관한 규칙,v14_출처문서명,admin_rule,established_rule,,예규,nlic_admrul,norm:EstablishedRule,true,울산지방해양수산청,true,nlic_api,,,DOC-001504,동일 사본,,,,,고시,고시|울산지방해양수산청 소속 해양환경특별사법경찰관리의 집무에 관한 규칙
DOC-003258,LAW-KR-000065,울산지방해양항만청 소속 해양환경감시원의 지명 및 그 직무범위 등에 관한 규정,v14_출처문서명,admin_rule,established_rule,,예규,nlic_admrul,norm:EstablishedRule,true,울산지방해양항만청,true,nlic_api_20260920k,,,,,2200000040553,78,20141111,20141111,고시,고시|울산지방해양항만청 소속 해양환경감시원의 지명 및 그 직무범위 등에 관한 규정
DOC-003259,LAW-KR-000065,준설물질 등의 활용 등에 관한 규정,v14_출처문서명,admin_rule,notice,,고시,nlic_admrul,norm:Notice,true,해양수산부,true,nlic_api,,,DOC-003002,동일 사본,,,,,고시,고시|준설물질 등의 활용 등에 관한 규정
DOC-003260,LAW-KR-000065,평택지방해양수산청 관할 준설토 투기장 관리 예규,v14_출처문서명,admin_rule,established_rule,,예규,nlic_admrul,norm:EstablishedRule,true,평택지방해양수산청,true,nlic_api_20260920k,,,DOC-001340,내용 다름(겹침 0%),2100000229786,30,20230925,20230925,고시,고시|평택지방해양수산청 관할 준설토 투기장 관리 예규
DOC-003261,LAW-KR-000065,평택지방해양수산청 해양환경감시원의 업무범위 및 해양·항만 환경개선을 위한 관리지침,v14_출처문서명,admin_rule,established_rule,,예규,nlic_admrul,norm:EstablishedRule,true,평택지방해양수산청,true,nlic_api_20260920k,,,,,2100000052375,22,20160707,20160707,고시,고시|평택지방해양수산청 해양환경감시원의 업무범위 및 해양·항만 환경개선을 위한 관리지침
DOC-003262,LAW-KR-000065,포항지방해양수산청 해양환경특별사법경찰관리 집무규정,v14_출처문서명,admin_rule,established_rule,,예규,nlic_admrul,norm:EstablishedRule,true,포항지방해양수산청,true,nlic_api,,,DOC-001515,동일 사본,,,,,고시,고시|포항지방해양수산청 해양환경특별사법경찰관리 집무규정
DOC-003263,LAW-KR-000065,해양경찰청 명예해양환경감시원 운영규칙,v14_출처문서명,admin_rule,notice,,고시,nlic_admrul,norm:Notice,true,해양경찰청,true,nlic_api_20260920k,,,,,2100000201237,2021-4,20210520,20210520,고시,고시|해양경찰청 명예해양환경감시원 운영규칙
DOC-003264,LAW-KR-000065,해양배출 폐기물의 정밀평가에 관한 고시,v14_출처문서명,admin_rule,notice,,고시,nlic_admrul,norm:Notice,true,해양수산부,true,nlic_api,,,DOC-003239,동일 사본,,,,,고시,고시|해양배출 폐기물의 정밀평가에 관한 고시
DOC-003265,LAW-KR-000065,해양수산부 온실가스 국제감축사업 운영규정,v14_출처문서명,admin_rule,notice,,고시,nlic_admrul,norm:Notice,true,해양수산부,true,nlic_api,,,DOC-002994,동일 사본,,,,,고시,고시|해양수산부 온실가스 국제감축사업 운영규정
DOC-003266,LAW-KR-000065,해양수산부장관이 지정하는 해운관련업을 경영하는 자의 범위,v14_출처문서명,admin_rule,notice,,고시,nlic_admrul,norm:Notice,true,해양수산부,true,nlic_api,,,DOC-001358,동일 사본,,,,,고시,고시|해양수산부장관이 지정하는 해운관련업을 경영하는 자의 범위
DOC-003267,LAW-KR-000065,해양심층수 및 해양심층수처리수의 수질공정시험방법,v14_출처문서명,admin_rule,notice,,고시,nlic_admrul,norm:Notice,true,해양수산부,true,nlic_api_20260920k,,,,,2100000184939,2019-196,20191219,20191219,고시,고시|해양심층수 및 해양심층수처리수의 수질공정시험방법
DOC-003268,LAW-KR-000065,해양오염 저감 및 선박에너지효율에 관한 기술기준,v14_출처문서명,admin_rule,notice,,고시,nlic_admrul,norm:Notice,true,해양수산부,true,nlic_api_20260920k,,,,,2100000253664,2025-14,20250120,20250120,고시,고시|해양오염 저감 및 선박에너지효율에 관한 기술기준
DOC-003269,LAW-KR-000065,해양오염방제 자재·약제의 성능시험기준 및 검정기준에 관한 규칙,v14_출처문서명,admin_rule,notice,,고시,nlic_admrul,norm:Notice,true,해양경찰청,true,nlic_api_20260920k,,,,,2100000205435,2021-6,20211021,20211021,고시,고시|해양오염방제 자재·약제의 성능시험기준 및 검정기준에 관한 규칙
DOC-003270,LAW-KR-000065,해양오염방지관리인 교육비 고시,v14_출처문서명,admin_rule,notice,,고시,nlic_admrul,norm:Notice,true,해양수산부,true,nlic_api_20260920k,,,,,2100000114641,2018-13,20180212,20180212,고시,고시|해양오염방지관리인 교육비 고시
DOC-003271,LAW-KR-000065,해양오염퇴적물 조사 및 정화 범위 등에 관한 규정,v14_출처문서명,admin_rule,notice,,고시,nlic_admrul,norm:Notice,true,해양수산부,true,nlic_api,,,DOC-003241,동일 사본,,,,,고시,고시|해양오염퇴적물 조사 및 정화 범위 등에 관한 규정
DOC-003272,LAW-KR-000065,해양환경 관계 법령에 따른 행정처분 및 과태료의 가중처분에 관한 세부지침,v14_출처문서명,admin_rule,established_rule,,예규,nlic_admrul,norm:EstablishedRule,true,해양수산부,true,nlic_api_20260920k,,,,,2100000215060,134,20221006,20221006,고시,고시|해양환경 관계 법령에 따른 행정처분 및 과태료의 가중처분에 관한 세부지침
DOC-003273,LAW-KR-000065,해양환경 정도관리등에 관한 규정,v14_출처문서명,admin_rule,notice,,고시,nlic_admrul,norm:Notice,true,해양수산부,true,nlic_api_20260920k,,,,,2100000195962,2020-219,20201217,20201217,고시,고시|해양환경 정도관리등에 관한 규정
DOC-003274,LAW-KR-000065,해양환경공정시험기준 고시,v14_출처문서명,admin_rule,notice,,고시,nlic_admrul,norm:Notice,true,국립수산과학원,true,nlic_api,,,DOC-003243,동일 사본,,,,,고시,고시|해양환경공정시험기준 고시
DOC-003275,LAW-KR-000065,해양환경측정망 운영위원회 운영규정,v14_출처문서명,admin_rule,notice,,고시,nlic_admrul,norm:Notice,true,국립수산과학원,true,nlic_api_20260920k,,,,,2100000227458,2023-4,20230801,20230801,고시,고시|해양환경측정망 운영위원회 운영규정
DOC-003276,LAW-KR-000065,해역이용협의 자문위원회 운영 규정,v14_출처문서명,admin_rule,established_rule,,예규,nlic_admrul,norm:EstablishedRule,true,포항지방해양항만청,true,nlic_api_20260920k,,,,,2200000040448,5,20150203,20150203,고시,고시|해역이용협의 자문위원회 운영 규정
DOC-003277,LAW-KR-000065,형식승인 대상외 방제자재·약제의 성능인증 심의 규정,v14_출처문서명,admin_rule,established_rule,,예규,nlic_admrul,norm:EstablishedRule,true,해양경찰청,true,nlic_api_20260920k,,,,,2100000165491,30,20181031,20181031,고시,고시|형식승인 대상외 방제자재·약제의 성능인증 심의 규정
DOC-003278,LAW-KR-000065,환경관리해역기본계획 및 해역별 관리계획 이행 실태의 평가 및 관리에 관한 규정,v14_출처문서명,admin_rule,notice,,고시,nlic_admrul,norm:Notice,true,해양수산부,true,nlic_api_20260920k,,,,,2100000262006,2025-125,20250721,20250721,고시,고시|환경관리해역기본계획 및 해역별 관리계획 이행 실태의 평가 및 관리에 관한 규정
DOC-003279,LAW-KR-000065,선박에서의 오염방지에 관한 규칙,v14_출처문서명,statutory,ministerial_ordinance,4,,by_layer,norm:SeparateMinisterialRule,true,,true,nlic_api_20260917,,,,,287033,00798,20260615,20260701,부령규칙,부령규칙|선박에서의 오염방지에 관한 규칙
DOC-003280,LAW-KR-000029,(해양수산부) 전환교통 협약에 관한 규정,v14_출처문서명,admin_rule,notice,,고시,nlic_admrul,norm:Notice,true,해양수산부,true,nlic_api_20260920k,,,,,2100000051610,2016-85,20160630,20160630,고시,고시|(해양수산부) 전환교통 협약에 관한 규정
DOC-003281,LAW-KR-000029,국립해양계대학교 졸업자의 복무규정,v14_출처문서명,admin_rule,notice,,고시,nlic_admrul,norm:Notice,true,해양수산부,true,nlic_api,,,DOC-001526,동일 사본,,,,,고시,고시|국립해양계대학교 졸업자의 복무규정
DOC-003282,LAW-KR-000029,남북항로에 대한 선박투입 제한 고시,v14_출처문서명,admin_rule,notice,,고시,nlic_admrul,norm:Notice,true,해양수산부,true,nlic_api_20260920k,,,,,2100000025481,2015-133,20150824,20150824,고시,고시|남북항로에 대한 선박투입 제한 고시
DOC-003283,LAW-KR-000029,내항화물선의 선령제한에 관한 고시,v14_출처문서명,admin_rule,notice,,고시,nlic_admrul,norm:Notice,true,해양수산부,true,nlic_api_20260920k,,,,,2100000261264,2025-112,20250630,20250630,고시,고시|내항화물선의 선령제한에 관한 고시
DOC-003284,LAW-KR-000029,내항화물운송사업자 유류세보조금 지급지침,v14_출처문서명,admin_rule,notice,,고시,nlic_admrul,norm:Notice,true,해양수산부,true,nlic_api_20260920k,,,,,2100000282956,2026-90,20260722,20260722,고시,고시|내항화물운송사업자 유류세보조금 지급지침
DOC-003285,LAW-KR-000029,내항화물운송사업자의 외국적 선박 용선제한에 관한 고시,v14_출처문서명,admin_rule,notice,,고시,nlic_admrul,norm:Notice,true,해양수산부,true,nlic_api_20260920k,,,,,2100000261266,2025-113,20250630,20250630,고시,고시|내항화물운송사업자의 외국적 선박 용선제한에 관한 고시
DOC-003286,LAW-KR-000029,내항화물운송사업자의 유류세보조금 신고포상금 지급 등 운영에 관한 고시,v14_출처문서명,admin_rule,notice,,고시,nlic_admrul,norm:Notice,true,해양수산부,true,nlic_api_20260920k,,,,,2100000195320,2020-201,20201201,20201201,고시,고시|내항화물운송사업자의 유류세보조금 신고포상금 지급 등 운영에 관한 고시
DOC-003287,LAW-KR-000029,도서지역 생활필수품 해상운송비 지원지침,v14_출처문서명,admin_rule,notice,,고시,nlic_admrul,norm:Notice,true,해양수산부,true,nlic_api_20260920k,,,,,2100000179023,2019-70,20190603,20190612,고시,고시|도서지역 생활필수품 해상운송비 지원지침
DOC-003288,LAW-KR-000029,무역항 등의 항만시설 사용 및 사용료에 관한 규정,v14_출처문서명,admin_rule,notice,,고시,nlic_admrul,norm:Notice,true,해양수산부,true,nlic_api,,,DOC-001495,동일 사본,,,,,고시,고시|무역항 등의 항만시설 사용 및 사용료에 관한 규정
DOC-003289,LAW-KR-000029,부산항예선운영세칙,v14_출처문서명,admin_rule,notice,,고시,nlic_admrul,norm:Notice,true,부산지방해양수산청,true,nlic_api,DOC-000083,UNIT-0045411,,대표,,,,,고시,고시|부산항예선운영세칙
DOC-003290,LAW-KR-000029,선령 20년 초과 내항여객선의 선박검사기준,v14_출처문서명,admin_rule,notice,,고시,nlic_admrul,norm:Notice,true,해양수산부,true,nlic_api,DOC-000085,UNIT-0046511,,,,,,,고시,고시|선령 20년 초과 내항여객선의 선박검사기준
DOC-003291,LAW-KR-000029,선박 미수입 사실신고 절차,v14_출처문서명,admin_rule,established_rule,,예규,nlic_admrul,norm:EstablishedRule,true,해양수산부,true,nlic_api_20260920k,,,,,2100000284002,231,20260810,20260810,고시,고시|선박 미수입 사실신고 절차
DOC-003292,LAW-KR-000029,선박관리업의 등록관리요령,v14_출처문서명,admin_rule,notice,,고시,nlic_admrul,norm:Notice,true,해양수산부,true,nlic_api,,,DOC-001556,동일 사본,,,,,고시,고시|선박관리업의 등록관리요령
DOC-003293,LAW-KR-000029,안전투자 공시의 적용 대상 및 세부 기준·절차에 관한 고시,v14_출처문서명,admin_rule,notice,,고시,nlic_admrul,norm:Notice,true,해양수산부,true,nlic_api,DOC-000085,UNIT-0046534,DOC-003231,동일 사본,,,,,고시,고시|안전투자 공시의 적용 대상 및 세부 기준·절차에 관한 고시
DOC-003294,LAW-KR-000029,여객선 안전관리지침,v14_출처문서명,admin_rule,notice,,고시,nlic_admrul,norm:Notice,true,해양수산부,true,nlic_api,DOC-000083,UNIT-0045392,,대표,,,,,고시,고시|여객선 안전관리지침
DOC-003295,LAW-KR-000029,여객선 안전관리책임자 교육에 관한 규정,v14_출처문서명,admin_rule,notice,,고시,nlic_admrul,norm:Notice,true,해양수산부,true,nlic_api_20260920k,,,,,2100000254068,2025-19,20250131,20250131,고시,고시|여객선 안전관리책임자 교육에 관한 규정
DOC-003296,LAW-KR-000029,연안선박 현대화 펀드 운영에 관한 고시,v14_출처문서명,admin_rule,notice,,고시,nlic_admrul,norm:Notice,true,해양수산부,true,nlic_api_20260920k,,,,,2100000209711,2022-34,20220303,20220303,고시,고시|연안선박 현대화 펀드 운영에 관한 고시
DOC-003297,LAW-KR-000029,연안화물선용 경유 공급 및 관리 지침,v14_출처문서명,admin_rule,notice,,고시,nlic_admrul,norm:Notice,true,해양수산부,true,nlic_api_20260920k,,,,,2100000199674,2021-74,20210329,20210329,고시,고시|연안화물선용 경유 공급 및 관리 지침
DOC-003298,LAW-KR-000029,외국인선원 관리지침,v14_출처문서명,admin_rule,notice,,고시,nlic_admrul,norm:Notice,true,해양수산부,true,nlic_api,,,DOC-001560,동일 사본,,,,,고시,고시|외국인선원 관리지침
DOC-003299,LAW-KR-000029,외항운송사업 면허 및 등록 등 사무처리요령,v14_출처문서명,admin_rule,notice,,고시,nlic_admrul,norm:Notice,true,해양수산부,true,nlic_api_20260920k,,,,,2100000271280,2025-234,20251231,20260101,고시,고시|외항운송사업 면허 및 등록 등 사무처리요령
DOC-003300,LAW-KR-000029,외항운송사업자 운임 및 요금의 공표등에 관한 규정,v14_출처문서명,admin_rule,notice,,고시,nlic_admrul,norm:Notice,true,해양수산부,true,nlic_api_20260920k,,,,,2100000225094,2023-96,20230620,20230701,고시,고시|외항운송사업자 운임 및 요금의 공표등에 관한 규정
DOC-003301,LAW-KR-000029,우수 선화주기업 인증제도 운영에 관한 규정,v14_출처문서명,admin_rule,notice,,고시,nlic_admrul,norm:Notice,true,해양수산부,true,nlic_api_20260920k,,,,,2100000266538,2025-182,20251022,20251022,고시,고시|우수 선화주기업 인증제도 운영에 관한 규정
DOC-003302,LAW-KR-000029,해양수산부장관이 지정하는 해운관련업을 경영하는 자의 범위,v14_출처문서명,admin_rule,notice,,고시,nlic_admrul,norm:Notice,true,해양수산부,true,nlic_api,,,DOC-001358,동일 사본,,,,,고시,고시|해양수산부장관이 지정하는 해운관련업을 경영하는 자의 범위
DOC-003303,LAW-KR-000029,해운법 시행규칙에 따라 정하는 내항해운에 관한 고시,v14_출처문서명,admin_rule,notice,,고시,nlic_admrul,norm:Notice,true,해양수산부,true,nlic_api,DOC-000083,UNIT-0045476,,,,,,,고시,고시|해운법 시행규칙에 따라 정하는 내항해운에 관한 고시
DOC-003304,LAW-KR-000029,해운산업 지원 전문기관 지정 및 운영에 관한 규정,v14_출처문서명,admin_rule,notice,,고시,nlic_admrul,norm:Notice,true,해양수산부,true,nlic_api_20260920k,,,,,2100000190313,2020-83,20200617,20200617,고시,고시|해운산업 지원 전문기관 지정 및 운영에 관한 규정
DOC-003305,LAW-KR-000004,국립과학수사연구원 마약류 감정처리 규정,v14_출처문서명,admin_rule,established_rule,,예규,nlic_admrul,norm:EstablishedRule,true,국립과학수사연구원,true,nlic_api,,,DOC-001055,동일 사본,,,,,고시,고시|국립과학수사연구원 마약류 감정처리 규정
DOC-003306,LAW-KR-000004,금강유역 폐수배출시설 설치제한을 위한 대상 지역 및 시설 지정,v14_출처문서명,admin_rule,notice,,고시,nlic_admrul,norm:Notice,true,기후에너지환경부,true,nlic_api,,,DOC-001131,동일 사본,,,,,고시,고시|금강유역 폐수배출시설 설치제한을 위한 대상 지역 및 시설 지정
DOC-003307,LAW-KR-000004,금지·유독물질 원제를 취급하는 원제업·수입업 등록기준,v14_출처문서명,admin_rule,notice,,고시,nlic_admrul,norm:Notice,true,농촌진흥청,true,nlic_api,DOC-000086,UNIT-0046857,DOC-000794,일부 사본,,,,,고시,고시|금지·유독물질 원제를 취급하는 원제업·수입업 등록기준
DOC-003308,LAW-KR-000004,기존화학물질,v14_출처문서명,admin_rule,notice,,고시,nlic_admrul,norm:Notice,true,기후에너지환경부,true,nlic_api_20260920k,,,,대표,2100000278190,2026-103,20260428,20260428,고시,고시|기존화학물질
DOC-003309,LAW-KR-000004,낙동강 상·중류유역 폐수배출시설 설치제한을 위한 대상 지역 및 시설 지정,v14_출처문서명,admin_rule,notice,,고시,nlic_admrul,norm:Notice,true,기후에너지환경부,true,nlic_api,,,DOC-001132,동일 사본,,,,,고시,고시|낙동강 상·중류유역 폐수배출시설 설치제한을 위한 대상 지역 및 시설 지정
DOC-003310,LAW-KR-000004,낙동강 하류유역 폐수배출시설 설치제한을 위한 대상 지역 및 시설 지정,v14_출처문서명,admin_rule,notice,,고시,nlic_admrul,norm:Notice,true,기후에너지환경부,true,nlic_api,,,DOC-001133,동일 사본,,,,,고시,고시|낙동강 하류유역 폐수배출시설 설치제한을 위한 대상 지역 및 시설 지정
DOC-003311,LAW-KR-000004,농약등 및 원제의 취급제한기준,v14_출처문서명,admin_rule,notice,,고시,nlic_admrul,norm:Notice,true,농촌진흥청,true,nlic_api,DOC-000009,UNIT-0006837,DOC-000800,내용 다름(겹침 81%),,,,,고시,고시|농약등 및 원제의 취급제한기준
DOC-003312,LAW-KR-000004,반도체·디스플레이 제조업종 유해화학물질 취급시설 설치 및 관리에 관한 고시,v14_출처문서명,admin_rule,notice,,고시,nlic_admrul,norm:Notice,true,화학물질안전원,true,nlic_api,DOC-000009,UNIT-0006984,,,,,,,고시,고시|반도체·디스플레이 제조업종 유해화학물질 취급시설 설치 및 관리에 관한 고시
DOC-003313,LAW-KR-000004,보세창고 특허 및 운영에 관한 고시,v14_출처문서명,admin_rule,notice,,고시,nlic_admrul,norm:Notice,true,관세청,true,nlic_api_20260920k,,,,,2100000281688,2026-44,20260701,20260701,고시,고시|보세창고 특허 및 운영에 관한 고시
DOC-003314,LAW-KR-000004,사고대비물질의 지정,v14_출처문서명,admin_rule,notice,,고시,nlic_admrul,norm:Notice,true,화학물질안전원,true,nlic_api_20260920k,,,,,2100000275070,2026-2,20260310,20260310,고시,고시|사고대비물질의 지정
DOC-003315,LAW-KR-000004,신고대상 고분자화합물질,v14_출처문서명,admin_rule,notice,,고시,nlic_admrul,norm:Notice,true,환경부,true,nlic_api_20260920k,,,,대표,2100000266460,2025-165,20251001,20251001,고시,고시|신고대상 고분자화합물질
DOC-003316,LAW-KR-000004,안전관리전문기관 지정 고시,v14_출처문서명,admin_rule,notice,,고시,nlic_admrul,norm:Notice,true,행정안전부,true,nlic_api,,,DOC-000691,내용 다름(겹침 0%),,,,,고시,고시|안전관리전문기관 지정 고시
DOC-003317,LAW-KR-000004,안전성 평가의 기준 및 절차 등에 관한 고시,v14_출처문서명,admin_rule,notice,,고시,nlic_admrul,norm:Notice,true,화학물질안전원,true,nlic_api,DOC-000009,UNIT-0006868,,,,,,,고시,고시|안전성 평가의 기준 및 절차 등에 관한 고시
DOC-003318,LAW-KR-000004,연구실 사전유해인자위험분석 실시에 관한 지침,v14_출처문서명,admin_rule,notice,,고시,nlic_admrul,norm:Notice,true,과학기술정보통신부,true,nlic_api,DOC-000039,UNIT-0023590,,,,,,,고시,고시|연구실 사전유해인자위험분석 실시에 관한 지침
DOC-003319,LAW-KR-000004,염색업종 유해화학물질 취급시설 설치 및 관리에 관한 고시,v14_출처문서명,admin_rule,notice,,고시,nlic_admrul,norm:Notice,true,화학물질안전원,true,nlic_api,DOC-000009,UNIT-0006736,DOC-001152,동일 사본,,,,,고시,고시|염색업종 유해화학물질 취급시설 설치 및 관리에 관한 고시
DOC-003320,LAW-KR-000004,영산강·섬진강유역 폐수배출시설 설치제한을 위한 대상 지역 및 시설 지정,v14_출처문서명,admin_rule,notice,,고시,nlic_admrul,norm:Notice,true,기후에너지환경부,true,nlic_api,,,DOC-001154,동일 사본,,,,,고시,고시|영산강·섬진강유역 폐수배출시설 설치제한을 위한 대상 지역 및 시설 지정
DOC-003321,LAW-KR-000004,원자력시설 주변에 산업시설 등의 설치협의에 관한 규정,v14_출처문서명,admin_rule,notice,,고시,nlic_admrul,norm:Notice,true,원자력안전위원회,true,nlic_api,,,DOC-000973,동일 사본,,,,,고시,고시|원자력시설 주변에 산업시설 등의 설치협의에 관한 규정
DOC-003322,LAW-KR-000161,건설현장의 화재안전성능기준(NFPC 606),v14_출처문서명,admin_rule,notice,,고시,nlic_admrul,norm:Notice,true,소방청,true,nlic_api,DOC-000455,UNIT-0192064,,,,,,,고시,고시|건설현장의 화재안전성능기준(NFPC 606)
DOC-003323,LAW-KR-000161,공항에서의 구조 및 소방 세부지침,v14_출처문서명,admin_rule,established_rule,,예규,nlic_admrul,norm:EstablishedRule,true,국토교통부,true,nlic_api,DOC-000454,UNIT-0191671,,,,,,,고시,고시|공항에서의 구조 및 소방 세부지침
DOC-003324,LAW-KR-000161,교육시설 등의 소방시설 실태조사에 관한 규정,v14_출처문서명,admin_rule,notice,,고시,nlic_admrul,norm:Notice,true,교육부,true,nlic_api,DOC-000454,UNIT-0191946,,대표,,,,,고시,고시|교육시설 등의 소방시설 실태조사에 관한 규정
DOC-003325,LAW-KR-000161,국립소방연구원 연구실 안전관리규정,v14_출처문서명,admin_rule,established_rule,,예규,nlic_admrul,norm:EstablishedRule,true,국립소방연구원,true,nlic_api,DOC-000454,UNIT-0191621,,,,,,,고시,고시|국립소방연구원 연구실 안전관리규정
DOC-003326,LAW-KR-000161,국립재활원 소방안전관리위원회 규정,v14_출처문서명,admin_rule,established_rule,,예규,nlic_admrul,norm:EstablishedRule,true,국립재활원,true,nlic_api,DOC-000208,UNIT-0091539,,,,,,,고시,고시|국립재활원 소방안전관리위원회 규정
DOC-003327,LAW-KR-000055,"‘21년까지 등록하여야 할 암, 돌연변이, 생식능력 이상을 일으키거나 일으킬 우려가 있는 기존화학물질",v14_출처문서명,admin_rule,notice,,,명칭 불일치(0건 반환),norm:AdministrativeRule,true,,true,nlic_api,,,,,,,,,고시,"고시|‘21년까지 등록하여야 할 암, 돌연변이, 생식능력 이상을 일으키거나 일으킬 우려가 있는 기존화학물질"
DOC-003328,LAW-KR-000055,금지·유독물질 원제를 취급하는 원제업·수입업 등록기준,v14_출처문서명,admin_rule,notice,,고시,nlic_admrul,norm:Notice,true,농촌진흥청,true,nlic_api,DOC-000086,UNIT-0046857,DOC-000794,내용 다름(겹침 86%),,,,,고시,고시|금지·유독물질 원제를 취급하는 원제업·수입업 등록기준
DOC-003329,LAW-KR-000055,기존화학물질,v14_출처문서명,admin_rule,notice,,고시,nlic_admrul,norm:Notice,true,기후에너지환경부,true,nlic_api,,,DOC-003308,동일 사본,,,,,고시,고시|기존화학물질
DOC-003330,LAW-KR-000055,농약등의 시험연구기관 지정 및 관리기준,v14_출처문서명,admin_rule,notice,,고시,nlic_admrul,norm:Notice,true,농촌진흥청,true,nlic_api,,,DOC-000802,동일 사본,,,,,고시,고시|농약등의 시험연구기관 지정 및 관리기준
DOC-003331,LAW-KR-000055,등록 또는 신고 면제대상 화학물질,v14_출처문서명,admin_rule,notice,,고시,nlic_admrul,norm:Notice,true,기후에너지환경부,true,nlic_api_20260920k,,,,,2100000174535,2018-234,20181228,20190101,고시,고시|등록 또는 신고 면제대상 화학물질
DOC-003332,LAW-KR-000055,등록대상기존화학물질,v14_출처문서명,admin_rule,notice,,고시,nlic_admrul,norm:Notice,true,기후에너지환경부,true,nlic_api_20260920k,,,,,2100000021862,2015-92,20150701,20150701,고시,고시|등록대상기존화학물질
DOC-003333,LAW-KR-000055,등록신청자료의 위해성 작성방법에 관한 규정,v14_출처문서명,admin_rule,notice,,고시,nlic_admrul,norm:Notice,true,국립환경과학원,true,nlic_api_20260920k,,,,,2100000283004,2026-30,20260727,20260727,고시,고시|등록신청자료의 위해성 작성방법에 관한 규정
DOC-003334,LAW-KR-000055,등록신청자료의 작성방법 및 유해성심사 방법 등에 관한 규정,v14_출처문서명,admin_rule,notice,,고시,nlic_admrul,norm:Notice,true,화학물질안전원,true,nlic_api_20260920k,,,,,2100000264270,2025-24,20250912,20250912,고시,고시|등록신청자료의 작성방법 및 유해성심사 방법 등에 관한 규정
DOC-003335,LAW-KR-000055,신고대상 고분자화합물질,v14_출처문서명,admin_rule,notice,,고시,nlic_admrul,norm:Notice,true,환경부,true,nlic_api,,,DOC-003315,동일 사본,,,,,고시,고시|신고대상 고분자화합물질
DOC-003336,LAW-KR-000055,유해성 시험자료의 사용승인 및 사용료 징수 등에 관한 규정,v14_출처문서명,admin_rule,notice,,고시,nlic_admrul,norm:Notice,true,기후에너지환경부,true,nlic_api_20260920k,,,,,2100000244222,2024-134,20240710,20240710,고시,고시|유해성 시험자료의 사용승인 및 사용료 징수 등에 관한 규정
DOC-003337,LAW-KR-000055,유해화학물질 보관시설 설치 및 관리에 관한 고시,v14_출처문서명,admin_rule,notice,,고시,nlic_admrul,norm:Notice,true,화학물질안전원,true,nlic_api,DOC-000009,UNIT-0007070,,,,,,,고시,고시|유해화학물질 보관시설 설치 및 관리에 관한 고시
DOC-003338,LAW-KR-000055,유해화학물질 소량 취급시설에 관한 고시,v14_출처문서명,admin_rule,notice,,고시,nlic_admrul,norm:Notice,true,화학물질안전원,true,nlic_api,DOC-000157,UNIT-0069920,,,,,,,고시,고시|유해화학물질 소량 취급시설에 관한 고시
DOC-003339,LAW-KR-000055,유해화학물질 제조·사용·저장시설 설치 및 관리에 관한 고시,v14_출처문서명,admin_rule,notice,,고시,nlic_admrul,norm:Notice,true,화학물질안전원,true,nlic_api,DOC-000155,UNIT-0069163,,,,,,,고시,고시|유해화학물질 제조·사용·저장시설 설치 및 관리에 관한 고시
DOC-003340,LAW-KR-000055,유해화학물질 취급시설의 설치·정기·수시검사 및 안전진단의 방법 등에 관한 규정,v14_출처문서명,admin_rule,notice,,고시,nlic_admrul,norm:Notice,true,기후에너지환경부,true,nlic_api,DOC-000155,UNIT-0069079,,,,,,,고시,고시|유해화학물질 취급시설의 설치·정기·수시검사 및 안전진단의 방법 등에 관한 규정
DOC-003341,LAW-KR-000055,유해화학물질의 교역시 사전통보승인절차에 관한 협약에 따른 화학물질의 수출에 관한 규정,v14_출처문서명,admin_rule,notice,,고시,nlic_admrul,norm:Notice,true,환경부,true,nlic_api,,,DOC-000819,동일 사본,,,,,고시,고시|유해화학물질의 교역시 사전통보승인절차에 관한 협약에 따른 화학물질의 수출에 관한 규정
DOC-003342,LAW-KR-000055,"인체급성유해성물질, 인체만성유해성물질 및 생태유해성물질의 지정고시",v14_출처문서명,admin_rule,notice,,고시,nlic_admrul,norm:Notice,true,화학물질안전원,true,nlic_api_20260920k,,,,,2100000276378,2026-5,20260327,20260701,고시,"고시|인체급성유해성물질, 인체만성유해성물질 및 생태유해성물질의 지정고시"
DOC-003343,LAW-KR-000055,자료보호요청서의 작성방법 및 보호자료 관리방법 등에 관한 규정,v14_출처문서명,admin_rule,notice,,고시,nlic_admrul,norm:Notice,true,기후에너지환경부,true,nlic_api_20260920k,,,,,2100000283180,2026-195,20260729,20260729,고시,고시|자료보호요청서의 작성방법 및 보호자료 관리방법 등에 관한 규정
DOC-003344,LAW-KR-000055,제공대상 화학물질 정보의 작성방법에 관한 규정,v14_출처문서명,admin_rule,notice,,고시,nlic_admrul,norm:Notice,true,화학물질안전원,true,nlic_api_20260920k,,,,,2100000264260,2025-25,20250912,20250912,고시,고시|제공대상 화학물질 정보의 작성방법에 관한 규정
DOC-003345,LAW-KR-000055,제공대상 화학물질의 위해성정보 작성방법에 관한 규정,v14_출처문서명,admin_rule,notice,,고시,nlic_admrul,norm:Notice,true,국립환경과학원,true,nlic_api_20260920k,,,,,2100000282978,2026-30,20260727,20260727,고시,고시|제공대상 화학물질의 위해성정보 작성방법에 관한 규정
DOC-003346,LAW-KR-000055,제한물질·금지물질의 지정,v14_출처문서명,admin_rule,notice,,고시,nlic_admrul,norm:Notice,true,기후에너지환경부,true,nlic_api_20260920k,,,,,2100000268296,2025-28,20251119,20260101,고시,고시|제한물질·금지물질의 지정
DOC-003347,LAW-KR-000055,조선업종 유해화학물질 취급시설 설치 및 관리에 관한 고시,v14_출처문서명,admin_rule,notice,,고시,nlic_admrul,norm:Notice,true,화학물질안전원,true,nlic_api,DOC-000155,UNIT-0069163,,,,,,,고시,고시|조선업종 유해화학물질 취급시설 설치 및 관리에 관한 고시
DOC-003348,LAW-KR-000055,중점관리물질의 지정,v14_출처문서명,admin_rule,notice,,고시,nlic_admrul,norm:Notice,true,기후에너지환경부,true,nlic_api_20260920k,,,,,2100000262034,2025-125,20250721,20250807,고시,고시|중점관리물질의 지정
DOC-003349,LAW-KR-000055,한강유역환경청 화학안전관리단 과태료 부과 등 심의위원회 운영 규정,v14_출처문서명,admin_rule,established_rule,,예규,nlic_admrul,norm:EstablishedRule,true,한강유역환경청,true,nlic_api_20260920k,,,,,2100000190798,49,20200701,20200701,고시,고시|한강유역환경청 화학안전관리단 과태료 부과 등 심의위원회 운영 규정
DOC-003350,LAW-KR-000055,허가물질 지정 등에 관한 규정,v14_출처문서명,admin_rule,notice,,고시,nlic_admrul,norm:Notice,true,환경부,true,nlic_api_20260920k,,,,,2100000266518,2025-165,20251001,20251001,고시,고시|허가물질 지정 등에 관한 규정
DOC-003351,LAW-KR-000055,화학물질 시험방법 심의위원회 운영규정,v14_출처문서명,admin_rule,established_rule,,예규,nlic_admrul,norm:EstablishedRule,true,국립환경과학원,true,nlic_api_20260920k,,,,,2100000281124,910,20260624,20260624,고시,고시|화학물질 시험방법 심의위원회 운영규정
DOC-003352,LAW-KR-000055,화학물질 위해성평가의 구체적 방법 등에 관한 규정,v14_출처문서명,admin_rule,notice,,고시,nlic_admrul,norm:Notice,true,국립환경과학원,true,nlic_api_20260920k,,,,,2100000251406,2024-67,20241227,20241227,고시,고시|화학물질 위해성평가의 구체적 방법 등에 관한 규정
DOC-003353,LAW-KR-000055,화학물질 조사결과 및 정보공개제도 운영에 관한 규정,v14_출처문서명,admin_rule,notice,,고시,nlic_admrul,norm:Notice,true,기후에너지환경부,true,nlic_api_20260920k,,,,,2100000269068,2025-38,20251202,20251202,고시,고시|화학물질 조사결과 및 정보공개제도 운영에 관한 규정
DOC-003354,LAW-KR-000055,화학물질안전정보 제외대상 승인에 관한 규정,v14_출처문서명,admin_rule,notice,,고시,nlic_admrul,norm:Notice,true,기후에너지환경부,true,nlic_api_20260920k,,,,,2100000266552,2025-165,20251001,20251001,고시,고시|화학물질안전정보 제외대상 승인에 관한 규정
DOC-003355,LAW-KR-000055,화학물질의 등록 및 평가 등에 관한 법률의 업무위탁에 관한 고시,v14_출처문서명,admin_rule,notice,,고시,nlic_admrul,norm:Notice,true,기후에너지환경부,true,nlic_api_20260920k,,,,,2100000279498,2026-125,20260520,20260520,고시,고시|화학물질의 등록 및 평가 등에 관한 법률의 업무위탁에 관한 고시
DOC-003356,LAW-KR-000055,화학물질의 등록 및 평가 등에 관한 법률의 운영규정,v14_출처문서명,admin_rule,established_rule,,예규,nlic_admrul,norm:EstablishedRule,true,기후에너지환경부,true,nlic_api_20260920k,,,,,2100000268224,4,20251105,20251111,고시,고시|화학물질의 등록 및 평가 등에 관한 법률의 운영규정
DOC-003357,LAW-KR-000055,화학물질의 분류 및 표시 등에 관한 규정,v14_출처문서명,admin_rule,notice,,고시,nlic_admrul,norm:Notice,true,화학물질안전원,true,nlic_api,DOC-000157,UNIT-0069791,,,,,,,고시,고시|화학물질의 분류 및 표시 등에 관한 규정
DOC-003358,LAW-KR-000055,화학물질의 유해성심사결과,v14_출처문서명,admin_rule,notice,,고시,nlic_admrul,norm:Notice,true,화학물질안전원,true,nlic_api_20260920k,,,,,2100000284512,2026-15,20260902,20260902,고시,고시|화학물질의 유해성심사결과
DOC-003359,LAW-KR-000055,화학사고예방관리계획서 검토 등에 관한 규정,v14_출처문서명,admin_rule,notice,,고시,nlic_admrul,norm:Notice,true,화학물질안전원,true,nlic_api,DOC-000155,UNIT-0069062,,,,,,,고시,고시|화학사고예방관리계획서 검토 등에 관한 규정
DOC-003360,LAW-KR-000055,화학사고예방관리계획서 작성 등에 관한 규정,v14_출처문서명,admin_rule,notice,,고시,nlic_admrul,norm:Notice,true,기후에너지환경부,true,nlic_api,DOC-000155,UNIT-0069080,,,,,,,고시,고시|화학사고예방관리계획서 작성 등에 관한 규정
DOC-003361,LAW-KR-000033,살생물물질과 살생물제품 승인신청자료의 작성범위 및 작성방법 등에 관한 규정,v14_출처문서명,admin_rule,notice,,고시,nlic_admrul,norm:Notice,true,화학물질안전원,true,nlic_api,DOC-000093,UNIT-0049140,,,,,,,고시,고시|살생물물질과 살생물제품 승인신청자료의 작성범위 및 작성방법 등에 관한 규정
DOC-003362,LAW-KR-000033,살생물물질과 살생물제품의 승인기준,v14_출처문서명,admin_rule,notice,,고시,nlic_admrul,norm:Notice,true,화학물질안전원,true,nlic_api,DOC-000093,UNIT-0049114,,,,,,,고시,고시|살생물물질과 살생물제품의 승인기준
DOC-003363,LAW-KR-000033,살생물제의 시험방법에 관한 규정,v14_출처문서명,admin_rule,notice,,고시,nlic_admrul,norm:Notice,true,화학물질안전원,true,nlic_api,DOC-000093,UNIT-0049133,,,,,,,고시,고시|살생물제의 시험방법에 관한 규정
DOC-003364,LAW-KR-000033,살생물제품 안전용기 및 포장에 관한 규정,v14_출처문서명,admin_rule,notice,,고시,nlic_admrul,norm:Notice,true,기후에너지환경부,true,nlic_api,DOC-000093,UNIT-0049219,,,,,,,고시,고시|살생물제품 안전용기 및 포장에 관한 규정
DOC-003365,LAW-KR-000033,살생물제품 표시에 관한 규정,v14_출처문서명,admin_rule,notice,,고시,nlic_admrul,norm:Notice,true,기후에너지환경부,true,nlic_api,DOC-000093,UNIT-0049205,,,,,,,고시,고시|살생물제품 표시에 관한 규정
DOC-003366,LAW-KR-000033,생활화학제품 등의 표시·광고에 관한 규정,v14_출처문서명,admin_rule,notice,,고시,nlic_admrul,norm:Notice,true,기후에너지환경부,true,nlic_api,DOC-000093,UNIT-0049390,,,,,,,고시,고시|생활화학제품 등의 표시·광고에 관한 규정
DOC-003367,LAW-KR-000033,생활화학제품 및 살생물제 시험·검사기관 지정 등에 관한 규정,v14_출처문서명,admin_rule,notice,,고시,nlic_admrul,norm:Notice,true,화학물질안전원,true,nlic_api,DOC-000093,UNIT-0049478,,,,,,,고시,고시|생활화학제품 및 살생물제 시험·검사기관 지정 등에 관한 규정
DOC-003368,LAW-KR-000033,생활화학제품 위해성평가의 대상 및 방법 등에 관한 규정,v14_출처문서명,admin_rule,notice,,고시,nlic_admrul,norm:Notice,true,화학물질안전원,true,nlic_api,DOC-000093,UNIT-0049071,,,,,,,고시,고시|생활화학제품 위해성평가의 대상 및 방법 등에 관한 규정
DOC-003369,LAW-KR-000033,승인유예대상 기존살생물물질의 지정,v14_출처문서명,admin_rule,notice,,고시,nlic_admrul,norm:Notice,true,화학물질안전원,true,nlic_api,DOC-000093,UNIT-0049185,,,,,,,고시,고시|승인유예대상 기존살생물물질의 지정
DOC-003370,LAW-KR-000033,안전확인대상생활화학제품 및 살생물제 신고포상금 지급에 관한 규정,v14_출처문서명,admin_rule,notice,,고시,nlic_admrul,norm:Notice,true,기후에너지환경부,true,nlic_api,DOC-000093,UNIT-0049684,,,,,,,고시,고시|안전확인대상생활화학제품 및 살생물제 신고포상금 지급에 관한 규정
DOC-003371,LAW-KR-000033,안전확인대상생활화학제품 및 살생물제의 영문증명 신청 및 발급에 관한 규정,v14_출처문서명,admin_rule,notice,,고시,nlic_admrul,norm:Notice,true,기후에너지환경부,true,nlic_api,DOC-000093,UNIT-0049500,,,,,,,고시,고시|안전확인대상생활화학제품 및 살생물제의 영문증명 신청 및 발급에 관한 규정
DOC-003372,LAW-KR-000033,안전확인대상생활화학제품 수입요건확인 실시 요령,v14_출처문서명,admin_rule,established_rule,,예규,nlic_admrul,norm:EstablishedRule,true,기후에너지환경부,true,nlic_api,DOC-000093,UNIT-0049076,,,,,,,고시,고시|안전확인대상생활화학제품 수입요건확인 실시 요령
DOC-003373,LAW-KR-000033,안전확인대상생활화학제품 승인 등에 관한 규정,v14_출처문서명,admin_rule,notice,,고시,nlic_admrul,norm:Notice,true,화학물질안전원,true,nlic_api,DOC-000093,UNIT-0049078,,,,,,,고시,고시|안전확인대상생활화학제품 승인 등에 관한 규정
DOC-003374,LAW-KR-000033,안전확인대상생활화학제품 시험·검사 기준 및 방법 등에 관한 규정,v14_출처문서명,admin_rule,notice,,고시,nlic_admrul,norm:Notice,true,화학물질안전원,true,nlic_api,DOC-000093,UNIT-0049072,,,,,,,고시,고시|안전확인대상생활화학제품 시험·검사 기준 및 방법 등에 관한 규정
DOC-003375,LAW-KR-000033,안전확인대상생활화학제품 안전기준 적합확인 유효기간 연장의 기준 등에 관한 고시,v14_출처문서명,admin_rule,notice,,고시,nlic_admrul,norm:Notice,true,기후에너지환경부,true,nlic_api,DOC-000093,UNIT-0049351,,,,,,,고시,고시|안전확인대상생활화학제품 안전기준 적합확인 유효기간 연장의 기준 등에 관한 고시
DOC-003376,LAW-KR-000033,안전확인대상생활화학제품 지정 및 안전·표시기준,v14_출처문서명,admin_rule,notice,,고시,nlic_admrul,norm:Notice,true,기후에너지환경부,true,nlic_api,DOC-000093,UNIT-0049823,,,,,,,고시,고시|안전확인대상생활화학제품 지정 및 안전·표시기준
DOC-003377,LAW-KR-000033,안전확인대상생활화학제품의 소분 판매 등에 관한 지침,v14_출처문서명,admin_rule,notice,,고시,nlic_admrul,norm:Notice,true,기후에너지환경부,true,nlic_api,DOC-000093,UNIT-0049071,,,,,,,고시,고시|안전확인대상생활화학제품의 소분 판매 등에 관한 지침
DOC-003378,LAW-KR-000033,안전확인대상생활화학제품의 정보공개에 관한 고시,v14_출처문서명,admin_rule,notice,,고시,nlic_admrul,norm:Notice,true,기후에너지환경부,true,nlic_api,DOC-000093,UNIT-0049091,,,,,,,고시,고시|안전확인대상생활화학제품의 정보공개에 관한 고시
DOC-003379,LAW-KR-000033,위해성이 낮은 살생물물질,v14_출처문서명,admin_rule,notice,,고시,nlic_admrul,norm:Notice,true,화학물질안전원,true,nlic_api,DOC-000093,UNIT-0049109,,,,,,,고시,고시|위해성이 낮은 살생물물질
DOC-003380,LAW-KR-000033,생활화학제품 및 살생물제의 안전관리에 관한 법률 시행규칙,v14_출처문서명,statutory,ministerial_ordinance,4,,by_layer,norm:EnforcementRule,true,,true,nlic_api_20260920t,,,,,287893,00048,20260701,20260701,시행규칙,시행규칙|생활화학제품 및 살생물제의 안전관리에 관한 법률 시행규칙
DOC-003381,LAW-KR-000052,(국토교통부) 신기술ㆍ신제품 통합 인증요령,v14_출처문서명,admin_rule,notice,,고시,nlic_admrul,norm:Notice,true,국토교통부,true,nlic_api_20260920k,,,,,2100000282418,2026-360,20260708,20260708,고시,고시|(국토교통부) 신기술ㆍ신제품 통합 인증요령
DOC-003382,LAW-KR-000052,(기후에너지환경부) 신기술·신제품 통합 인증요령,v14_출처문서명,admin_rule,notice,,고시,nlic_admrul,norm:Notice,true,기후에너지환경부,true,nlic_api_20260920k,,,,,2100000265222,2025-165,20251001,20251007,고시,고시|(기후에너지환경부) 신기술·신제품 통합 인증요령
DOC-003383,LAW-KR-000052,(농림축산식품부) 신기술·신제품 통합 인증요령,v14_출처문서명,admin_rule,notice,,고시,nlic_admrul,norm:Notice,true,농림축산식품부,true,nlic_api_20260920k,,,,,2100000274116,2026-17,20260202,20260202,고시,고시|(농림축산식품부) 신기술·신제품 통합 인증요령
DOC-003384,LAW-KR-000052,(보건복지부) 신기술·신제품 통합 인증요령,v14_출처문서명,admin_rule,notice,,고시,nlic_admrul,norm:Notice,true,보건복지부,true,nlic_api_20260920k,,,,,2100000181769,2019-195,20190830,20190830,고시,고시|(보건복지부) 신기술·신제품 통합 인증요령
DOC-003385,LAW-KR-000052,(산림청) 신기술·신제품 통합 인증요령,v14_출처문서명,admin_rule,notice,,고시,nlic_admrul,norm:Notice,true,산림청,true,nlic_api_20260920k,,,,,2100000181956,2019-55,20190830,20190830,고시,고시|(산림청) 신기술·신제품 통합 인증요령
DOC-003386,LAW-KR-000052,(산업통상부) 신기술ㆍ신제품 통합 지정요령,v14_출처문서명,admin_rule,notice,,고시,nlic_admrul,norm:Notice,true,산업통상부,true,nlic_api_20260920k,,,,,2100000280266,2026-54,20260602,20260603,고시,고시|(산업통상부) 신기술ㆍ신제품 통합 지정요령
DOC-003387,LAW-KR-000052,(해양수산부) 신기술·신제품 통합 인증요령,v14_출처문서명,admin_rule,notice,,고시,nlic_admrul,norm:Notice,true,해양수산부,true,nlic_api_20260920k,,,,,2100000181982,2019-145,20190830,20190830,고시,고시|(해양수산부) 신기술·신제품 통합 인증요령
DOC-003388,LAW-KR-000052,(행정안전부) 신기술·신제품 통합 인증요령,v14_출처문서명,admin_rule,notice,,고시,nlic_admrul,norm:Notice,true,행정안전부,true,nlic_api_20260920k,,,,,2100000260216,2025-39,20250611,20250611,고시,고시|(행정안전부) 신기술·신제품 통합 인증요령
DOC-003389,LAW-KR-000052,가스·분말자동소화장치의 우수품질인증 기술기준,v14_출처문서명,admin_rule,notice,,고시,nlic_admrul,norm:Notice,true,소방청,true,nlic_api_20260920k,,,,,2100000215812,2022-30,20221201,20221201,고시,고시|가스·분말자동소화장치의 우수품질인증 기술기준
DOC-003390,LAW-KR-000052,가축분뇨 처리시설 및 관련기술 평가지침,v14_출처문서명,admin_rule,notice,,고시,nlic_admrul,norm:Notice,true,농림축산식품부,true,nlic_api_20260920k,,,,,2100000271926,2026-133,20251231,20251231,고시,고시|가축분뇨 처리시설 및 관련기술 평가지침
DOC-003391,LAW-KR-000052,공공환경시설의 기술진단비용,v14_출처문서명,admin_rule,notice,,고시,nlic_admrul,norm:Notice,true,기후에너지환경부,true,nlic_api,,,DOC-001129,동일 사본,,,,,고시,고시|공공환경시설의 기술진단비용
DOC-003392,LAW-KR-000052,기후변화특성화대학원 지정 및 운영에 관한 규정,v14_출처문서명,admin_rule,notice,,고시,nlic_admrul,norm:Notice,true,기후에너지환경부,true,nlic_api,,,DOC-002967,동일 사본,,,,,고시,고시|기후변화특성화대학원 지정 및 운영에 관한 규정
DOC-003393,LAW-KR-000052,녹색 제품의 공공구매 촉진을 위한 구매요령,v14_출처문서명,admin_rule,notice,,고시,nlic_admrul,norm:Notice,true,조달청,true,nlic_api,,,DOC-001805,동일 사본,,,,,고시,고시|녹색 제품의 공공구매 촉진을 위한 구매요령
DOC-003394,LAW-KR-000052,녹색경영기업금융지원시스템 운영규정,v14_출처문서명,admin_rule,notice,,고시,nlic_admrul,norm:Notice,true,기후에너지환경부,true,nlic_api_20260920k,,,,,2100000267570,2025-165,20251001,20251001,고시,고시|녹색경영기업금융지원시스템 운영규정
DOC-003395,LAW-KR-000052,녹색기업 지정제도 운영규정,v14_출처문서명,admin_rule,notice,,고시,nlic_admrul,norm:Notice,true,기후에너지환경부,true,nlic_api,,,DOC-002970,동일 사본,,,,,고시,고시|녹색기업 지정제도 운영규정
DOC-003396,LAW-KR-000052,녹색기업표지 사용규정,v14_출처문서명,admin_rule,established_rule,,예규,nlic_admrul,norm:EstablishedRule,true,기후에너지환경부,true,nlic_api_20260920k,,,,,2100000267742,4,20251105,20251111,고시,고시|녹색기업표지 사용규정
DOC-003397,LAW-KR-000052,녹색제품 판매장소의 설치·운영 등에 관한 규정,v14_출처문서명,admin_rule,notice,,고시,nlic_admrul,norm:Notice,true,기후에너지환경부,true,nlic_api_20260920k,,,,,2100000267554,2025-135,20251105,20251111,고시,고시|녹색제품 판매장소의 설치·운영 등에 관한 규정
DOC-003398,LAW-KR-000052,녹색환경지원센터의 평가기준에 관한 고시,v14_출처문서명,admin_rule,notice,,고시,nlic_admrul,norm:Notice,true,기후에너지환경부,true,nlic_api_20260920k,,,,,2100000276494,2026-74,20260326,20260326,고시,고시|녹색환경지원센터의 평가기준에 관한 고시
DOC-003399,LAW-KR-000052,부당한 환경성 표시·광고 행위 신고포상금 지급 기준,v14_출처문서명,admin_rule,notice,,고시,nlic_admrul,norm:Notice,true,기후에너지환경부,true,nlic_api_20260920k,,,,,2100000268386,2025-165,20251001,20251007,고시,고시|부당한 환경성 표시·광고 행위 신고포상금 지급 기준
DOC-003400,LAW-KR-000052,소화약제의 우수품질인증 기술기준,v14_출처문서명,admin_rule,notice,,고시,nlic_admrul,norm:Notice,true,소방청,true,nlic_api_20260920k,,,,,2100000215825,2022-30,20221201,20221201,고시,고시|소화약제의 우수품질인증 기술기준
DOC-003401,LAW-KR-000052,순환골재 품질인증업무 처리요령,v14_출처문서명,admin_rule,notice,,고시,nlic_admrul,norm:Notice,true,국토교통부,true,nlic_api,,,DOC-001380,동일 사본,,,,,고시,고시|순환골재 품질인증업무 처리요령
DOC-003402,LAW-KR-000052,신ㆍ재생에너지 설비의 지원 등에 관한 규정,v14_출처문서명,admin_rule,notice,,고시,nlic_admrul,norm:Notice,true,기후에너지환경부,true,nlic_api,,,DOC-001816,동일 사본,,,,,고시,고시|신ㆍ재생에너지 설비의 지원 등에 관한 규정
DOC-003403,LAW-KR-000052,어린이용품 환경유해인자 표시방법과 내용 등에 관한 규정,v14_출처문서명,admin_rule,notice,,고시,nlic_admrul,norm:Notice,true,기후에너지환경부,true,nlic_api_20260920k,,,,,2100000266306,2025-165,20251001,20251001,고시,고시|어린이용품 환경유해인자 표시방법과 내용 등에 관한 규정
DOC-003404,LAW-KR-000052,연직차수벽과 지하수위 조절에 의한 매립시설침출수 누수억제 기술에 대한 세부검사방법에 관한 규정,v14_출처문서명,admin_rule,notice,,고시,nlic_admrul,norm:Notice,true,기후에너지환경부,true,nlic_api_20260920k,,,,,2100000266638,2025-165,20251001,20251001,고시,고시|연직차수벽과 지하수위 조절에 의한 매립시설침출수 누수억제 기술에 대한 세부검사방법에 관한 규정
DOC-003405,LAW-KR-000052,우수조달공동상표 물품 지정 관리규정,v14_출처문서명,admin_rule,notice,,고시,nlic_admrul,norm:Notice,true,조달청,true,nlic_api,,,DOC-001383,동일 사본,,,,,고시,고시|우수조달공동상표 물품 지정 관리규정
DOC-003406,LAW-KR-000052,우수환경산업체 지정기준 및 제외대상 등 세부기준,v14_출처문서명,admin_rule,notice,,고시,nlic_admrul,norm:Notice,true,기후에너지환경부,true,nlic_api_20260920k,,,,,2100000279244,2026-123,20260514,20260514,고시,고시|우수환경산업체 지정기준 및 제외대상 등 세부기준
DOC-003407,LAW-KR-000052,저탄소제품 기준,v14_출처문서명,admin_rule,notice,,고시,nlic_admrul,norm:Notice,true,기후에너지환경부,true,nlic_api,,,DOC-002988,동일 사본,,,,,고시,고시|저탄소제품 기준
DOC-003408,LAW-KR-000052,표면가공 목질판상제품의 오염물질 방출 여부 확인시험 인정단위 및 건축자재의 표지 부착 등에 관한 지침,v14_출처문서명,admin_rule,notice,,고시,nlic_admrul,norm:Notice,true,기후에너지환경부,true,nlic_api,,,DOC-001394,동일 사본,,,,,고시,고시|표면가공 목질판상제품의 오염물질 방출 여부 확인시험 인정단위 및 건축자재의 표지 부착 등에 관한 지침
DOC-003409,LAW-KR-000052,환경기술 성능확인 평가절차 및 기준 등에 관한 규정,v14_출처문서명,admin_rule,notice,,고시,nlic_admrul,norm:Notice,true,기후에너지환경부,true,nlic_api_20260920k,,,,,2100000265218,2025-165,20251001,20251007,고시,고시|환경기술 성능확인 평가절차 및 기준 등에 관한 규정
DOC-003410,LAW-KR-000052,환경기술실용화 촉진을 위한 규정,v14_출처문서명,admin_rule,notice,,고시,nlic_admrul,norm:Notice,true,기후에너지환경부,true,nlic_api_20260920k,,,,,2100000265220,2025-165,20251001,20251007,고시,고시|환경기술실용화 촉진을 위한 규정
DOC-003411,LAW-KR-000052,환경기술인력의 육성 업무 위탁에 관한 고시,v14_출처문서명,admin_rule,notice,,고시,nlic_admrul,norm:Notice,true,기후에너지환경부,true,nlic_api_20260920k,,,,,2100000275686,2026-65,20260319,20260319,고시,고시|환경기술인력의 육성 업무 위탁에 관한 고시
DOC-003412,LAW-KR-000052,환경성 표시ㆍ광고 관리제도에 관한 고시,v14_출처문서명,admin_rule,notice,,고시,nlic_admrul,norm:Notice,true,기후에너지환경부,true,nlic_api_20260920k,,,,,2100000282226,2026-179,20260714,20260714,고시,고시|환경성 표시ㆍ광고 관리제도에 관한 고시
DOC-003413,LAW-KR-000052,환경성적표지 인증신청수수료,v14_출처문서명,admin_rule,notice,,고시,nlic_admrul,norm:Notice,true,기후에너지환경부,true,nlic_api_20260920k,,,,,2100000228026,2023-190,20230816,20230816,고시,고시|환경성적표지 인증신청수수료
DOC-003414,LAW-KR-000052,환경성적표지 인증심사원의 자격기준(전공학과와 경력),v14_출처문서명,admin_rule,notice,,고시,nlic_admrul,norm:Notice,true,기후에너지환경부,true,nlic_api_20260920k,,,,,2100000268352,2025-165,20251001,20251007,고시,고시|환경성적표지 인증심사원의 자격기준(전공학과와 경력)
DOC-003415,LAW-KR-000052,환경성적표지 작성지침,v14_출처문서명,admin_rule,notice,,고시,nlic_admrul,norm:Notice,true,기후에너지환경부,true,nlic_api_20260920k,,,,,2100000268354,2025-165,20251001,20251007,고시,고시|환경성적표지 작성지침
DOC-003416,LAW-KR-000052,환경신기술 협약 등에 관한 규정,v14_출처문서명,admin_rule,notice,,고시,nlic_admrul,norm:Notice,true,기후에너지환경부,true,nlic_api_20260920k,,,,,2100000265274,2025-165,20251001,20251007,고시,고시|환경신기술 협약 등에 관한 규정
DOC-003417,LAW-KR-000052,환경신기술에 대한 입찰가점 부여 기준,v14_출처문서명,admin_rule,notice,,고시,nlic_admrul,norm:Notice,true,환경부,true,nlic_api_20260920k,,,,,2100000265266,2025-165,20251001,20251007,고시,고시|환경신기술에 대한 입찰가점 부여 기준
DOC-003418,LAW-KR-000052,환경신기술인증·기술검증의 평가절차 등에 관한 규정,v14_출처문서명,admin_rule,notice,,고시,nlic_admrul,norm:Notice,true,기후에너지환경부,true,nlic_api_20260920k,,,,,2100000282650,2026-185,20260716,20260716,고시,고시|환경신기술인증·기술검증의 평가절차 등에 관한 규정
DOC-003419,LAW-KR-000052,환경정보 공개제도 운영규정,v14_출처문서명,admin_rule,notice,,고시,nlic_admrul,norm:Notice,true,기후에너지환경부,true,nlic_api,,,DOC-002121,동일 사본,,,,,고시,고시|환경정보 공개제도 운영규정
DOC-003420,LAW-KR-000052,환경책임투자 지원 업무 전담기관 인력기준,v14_출처문서명,admin_rule,notice,,고시,nlic_admrul,norm:Notice,true,기후에너지환경부,true,nlic_api_20260920k,,,,,2100000267568,2025-165,20251001,20251007,고시,고시|환경책임투자 지원 업무 전담기관 인력기준
DOC-003421,LAW-KR-000052,환경표지 인증심사 신청수수료,v14_출처문서명,admin_rule,notice,,고시,nlic_admrul,norm:Notice,true,기후에너지환경부,true,nlic_api_20260920k,,,,,2100000275720,2026-61,20260306,20260401,고시,고시|환경표지 인증심사 신청수수료
DOC-003422,LAW-KR-000052,환경표지대상제품 및 인증기준,v14_출처문서명,admin_rule,notice,,고시,nlic_admrul,norm:Notice,true,기후에너지환경부,true,nlic_api_20260920k,,,,,2100000282526,2026-183,20260715,20260715,고시,고시|환경표지대상제품 및 인증기준
DOC-003423,LAW-KR-000051,간이측정기 및 미세먼지 간이측정기 성능인증 등에 관한 고시,v14_출처문서명,admin_rule,notice,,고시,nlic_admrul,norm:Notice,true,국립환경과학원,true,nlic_api,,,DOC-001183,동일 사본,,,,,고시,고시|간이측정기 및 미세먼지 간이측정기 성능인증 등에 관한 고시
DOC-003424,LAW-KR-000051,대청호 상수원 수질보전 특별대책지역 특별배출허용 기준 고시,v14_출처문서명,admin_rule,notice,,고시,nlic_admrul,norm:Notice,true,금강유역환경청,true,nlic_api,,,DOC-001135,동일 사본,,,,,고시,고시|대청호 상수원 수질보전 특별대책지역 특별배출허용 기준 고시
DOC-003425,LAW-KR-000051,동물장묘업의 시설설치 및 검사기준,v14_출처문서명,admin_rule,notice,,고시,nlic_admrul,norm:Notice,true,농림축산식품부,true,nlic_api,,,,,,,,,고시,고시|동물장묘업의 시설설치 및 검사기준
DOC-003426,LAW-KR-000051,배출시설 및 방지시설의 운영과 자가측정에 대한 전산기록·보존에 관한 고시,v14_출처문서명,admin_rule,notice,,고시,nlic_admrul,norm:Notice,true,기후에너지환경부,true,nlic_api,,,DOC-000889,동일 사본,,,,,고시,고시|배출시설 및 방지시설의 운영과 자가측정에 대한 전산기록·보존에 관한 고시
DOC-003427,LAW-KR-000068,골프장의 중점 환경영향평가항목 및 평가방법 등에 관한 규정,v14_출처문서명,admin_rule,notice,,고시,nlic_admrul,norm:Notice,true,기후에너지환경부,true,nlic_api_20260920k,,,,,2100000265782,2025-165,20251001,20251001,고시,고시|골프장의 중점 환경영향평가항목 및 평가방법 등에 관한 규정
DOC-003428,LAW-KR-000068,공동주택의 소음측정기준,v14_출처문서명,admin_rule,notice,,고시,nlic_admrul,norm:Notice,true,국토교통부,true,nlic_api,,,DOC-002681,동일 사본,,,,,고시,고시|공동주택의 소음측정기준
DOC-003429,LAW-KR-000068,국가종합전자조달시스템 입찰참가자격등록규정,v14_출처문서명,admin_rule,notice,,고시,nlic_admrul,norm:Notice,true,조달등록팀,true,nlic_api,,,DOC-002053,동일 사본,,,,,고시,고시|국가종합전자조달시스템 입찰참가자격등록규정
DOC-003430,LAW-KR-000068,국립환경과학원 환경영향평가서등 검토 및 처리 등에 관한 규정,v14_출처문서명,admin_rule,established_rule,,예규,nlic_admrul,norm:EstablishedRule,true,국립환경과학원,true,nlic_api_20260920k,,,,,2100000285058,915,20260914,20260914,고시,고시|국립환경과학원 환경영향평가서등 검토 및 처리 등에 관한 규정
DOC-003431,LAW-KR-000068,기후변화영향평가 방법 등에 관한 규정,v14_출처문서명,admin_rule,notice,,고시,nlic_admrul,norm:Notice,true,기후에너지환경부,true,nlic_api,,,DOC-002965,동일 사본,,,,,고시,고시|기후변화영향평가 방법 등에 관한 규정
DOC-003432,LAW-KR-000068,기후변화영향평가서등에 관한 협의업무 처리규정,v14_출처문서명,admin_rule,established_rule,,예규,nlic_admrul,norm:EstablishedRule,true,기후에너지환경부,true,nlic_api,,,DOC-002966,동일 사본,,,,,고시,고시|기후변화영향평가서등에 관한 협의업무 처리규정
DOC-003433,LAW-KR-000068,탄약 비군사화시설의 관리·운영의 위탁 및 폐기 화약류 등의 위탁처리에 관한 기준,v14_출처문서명,admin_rule,notice,,고시,nlic_admrul,norm:Notice,true,국방부,true,nlic_api,,,DOC-001165,일부 사본,,,,,고시,고시|탄약 비군사화시설의 관리·운영의 위탁 및 폐기 화약류 등의 위탁처리에 관한 기준
DOC-003434,LAW-KR-000068,환경영향평가 정보지원시스템 운영지침,v14_출처문서명,admin_rule,established_rule,,예규,nlic_admrul,norm:EstablishedRule,true,기후에너지환경부,true,nlic_api_20260920k,,,,,2100000268282,4,20251105,20251111,고시,고시|환경영향평가 정보지원시스템 운영지침
DOC-003435,LAW-KR-000068,환경영향평가기술자 교육·훈련 등에 관한 기준,v14_출처문서명,admin_rule,notice,,고시,nlic_admrul,norm:Notice,true,기후에너지환경부,true,nlic_api_20260920k,,,,,2100000265448,2025-165,20251001,20251007,고시,고시|환경영향평가기술자 교육·훈련 등에 관한 기준
DOC-003436,LAW-KR-000068,환경영향평가기술자 인정 등의 수수료,v14_출처문서명,admin_rule,notice,,고시,nlic_admrul,norm:Notice,true,기후에너지환경부,true,nlic_api_20260920k,,,,,2100000265442,2025-165,20251001,20251007,고시,고시|환경영향평가기술자 인정 등의 수수료
DOC-003437,LAW-KR-000068,환경영향평가기술자의 교육훈련 수수료 고시,v14_출처문서명,admin_rule,notice,,고시,nlic_admrul,norm:Notice,true,기후에너지환경부,true,nlic_api_20260920k,,,,,2100000265446,2025-165,20251001,20251007,고시,고시|환경영향평가기술자의 교육훈련 수수료 고시
DOC-003438,LAW-KR-000068,환경영향평가기술자의 기술자격 및 학력·경력 등의 인정방법 및 절차 등의 세부기준,v14_출처문서명,admin_rule,notice,,고시,nlic_admrul,norm:Notice,true,기후에너지환경부,true,nlic_api_20260920k,,,,,2100000265444,2025-165,20251001,20251007,고시,고시|환경영향평가기술자의 기술자격 및 학력·경력 등의 인정방법 및 절차 등의 세부기준
DOC-003439,LAW-KR-000068,환경영향평가등 재대행 승인 및 관리지침,v14_출처문서명,admin_rule,notice,,고시,nlic_admrul,norm:Notice,true,기후에너지환경부,true,nlic_api_20260920k,,,,,2100000265440,2025-165,20251001,20251007,고시,고시|환경영향평가등 재대행 승인 및 관리지침
DOC-003440,LAW-KR-000068,환경영향평가등의 대행비용 산정기준,v14_출처문서명,admin_rule,notice,,고시,nlic_admrul,norm:Notice,true,기후에너지환경부,true,nlic_api_20260920k,,,,,2100000265412,2025-165,20251001,20251007,고시,고시|환경영향평가등의 대행비용 산정기준
DOC-003441,LAW-KR-000068,환경영향평가법에 따른 행정처분의 가중처분에 관한 세부 지침,v14_출처문서명,admin_rule,established_rule,,예규,nlic_admrul,norm:EstablishedRule,true,기후에너지환경부,true,nlic_api_20260920k,,,,,2100000267452,4,20251105,20251111,고시,고시|환경영향평가법에 따른 행정처분의 가중처분에 관한 세부 지침
DOC-003442,LAW-KR-000068,환경영향평가사 자격시험 응시 수수료,v14_출처문서명,admin_rule,notice,,고시,nlic_admrul,norm:Notice,true,기후에너지환경부,true,nlic_api_20260920k,,,,,2100000265438,2025-165,20251001,20251007,고시,고시|환경영향평가사 자격시험 응시 수수료
DOC-003443,LAW-KR-000068,환경영향평가사 자격증 재발급 수수료,v14_출처문서명,admin_rule,notice,,고시,nlic_admrul,norm:Notice,true,기후에너지환경부,true,nlic_api_20260920k,,,,,2100000184211,2019-228,20191209,20191209,고시,고시|환경영향평가사 자격증 재발급 수수료
DOC-003444,LAW-KR-000068,환경영향평가서등 작성 등에 관한 규정,v14_출처문서명,admin_rule,notice,,고시,nlic_admrul,norm:Notice,true,환경부,true,nlic_api,,,DOC-002462,동일 사본,,,,,고시,고시|환경영향평가서등 작성 등에 관한 규정
DOC-003445,LAW-KR-000068,환경영향평가서등에 관한 협의업무 처리규정,v14_출처문서명,admin_rule,established_rule,,예규,nlic_admrul,norm:EstablishedRule,true,환경부,true,nlic_api,,,DOC-002463,동일 사본,,,,,고시,고시|환경영향평가서등에 관한 협의업무 처리규정
DOC-003446,LAW-KR-000068,환경영향평가업 등록 등의 업무 위탁기관 지정 고시,v14_출처문서명,admin_rule,notice,,고시,nlic_admrul,norm:Notice,true,기후에너지환경부,true,nlic_api_20260920k,,,,,2100000253194,2024-210,20241029,20241029,고시,고시|환경영향평가업 등록 등의 업무 위탁기관 지정 고시
DOC-003447,LAW-KR-000068,환경영향평가업자의 사업수행능력 세부평가기준,v14_출처문서명,admin_rule,notice,,고시,nlic_admrul,norm:Notice,true,기후에너지환경부,true,nlic_api_20260920k,,,,,2100000270566,2025-91,20251231,20251231,고시,고시|환경영향평가업자의 사업수행능력 세부평가기준
DOC-003448,LAW-KR-000111,고농도 미세먼지 비상저감조치 시행대상 대기오염물질 배출시설에 대한 고시,v14_출처문서명,admin_rule,notice,,고시,nlic_admrul,norm:Notice,true,기후에너지환경부,true,nlic_api,,,DOC-000851,동일 사본,,,,,고시,고시|고농도 미세먼지 비상저감조치 시행대상 대기오염물질 배출시설에 대한 고시
DOC-003449,LAW-KR-000111,배출시설 설치제한 지역의 예외 인정 배출시설등에 관한 고시,v14_출처문서명,admin_rule,notice,,고시,nlic_admrul,norm:Notice,true,기후에너지환경부,true,nlic_api,,,DOC-001329,동일 사본,,,,,고시,고시|배출시설 설치제한 지역의 예외 인정 배출시설등에 관한 고시
DOC-003450,LAW-KR-000111,배출영향분석의 방법 및 결과서의 작성 등에 관한 규정,v14_출처문서명,admin_rule,notice,,고시,nlic_admrul,norm:Notice,true,기후에너지환경부,true,nlic_api_20260920k,,,,,2100000265090,2025-165,20251001,20251001,고시,고시|배출영향분석의 방법 및 결과서의 작성 등에 관한 규정
DOC-003451,LAW-KR-000111,사업장의 환경관리 수준 평가방법에 관한 고시,v14_출처문서명,admin_rule,notice,,고시,nlic_admrul,norm:Notice,true,기후에너지환경부,true,nlic_api_20260920k,,,,,2100000265058,2025-165,20251001,20251001,고시,고시|사업장의 환경관리 수준 평가방법에 관한 고시
DOC-003452,LAW-KR-000111,최적가용기법 기준서 마련을 위한 운영세칙,v14_출처문서명,admin_rule,established_rule,,예규,nlic_admrul,norm:EstablishedRule,true,국립환경과학원,true,nlic_api_20260920k,,,,,2100000255214,885,20250224,20250225,고시,고시|최적가용기법 기준서 마련을 위한 운영세칙
DOC-003453,LAW-KR-000111,통합관리 대상 배출시설등의 한계배출기준,v14_출처문서명,admin_rule,notice,,고시,nlic_admrul,norm:Notice,true,기후에너지환경부,true,nlic_api,,,DOC-000923,동일 사본,,,,,고시,고시|통합관리 대상 배출시설등의 한계배출기준
DOC-003454,LAW-KR-000111,통합허가 업무처리 규정,v14_출처문서명,admin_rule,established_rule,,예규,nlic_admrul,norm:EstablishedRule,true,기후에너지환경부,true,nlic_api_20260920k,,,,,2100000268394,4,20251001,20251007,고시,고시|통합허가 업무처리 규정
DOC-003455,LAW-KR-000111,통합허가대행업자 영업수행능력 평가에 관한 규정,v14_출처문서명,admin_rule,notice,,고시,nlic_admrul,norm:Notice,true,기후에너지환경부,true,nlic_api_20260920k,,,,,2100000265096,2025-165,20251001,20251001,고시,고시|통합허가대행업자 영업수행능력 평가에 관한 규정
DOC-003456,LAW-KR-000111,통합허가사업장의 배출 및 방지시설 운영·관리와 허가조건 이행관리를 위한 업무처리지침,v14_출처문서명,admin_rule,established_rule,,예규,nlic_admrul,norm:EstablishedRule,true,기후에너지환경부,true,nlic_api,DOC-000304,UNIT-0119724,,,,,,,고시,고시|통합허가사업장의 배출 및 방지시설 운영·관리와 허가조건 이행관리를 위한 업무처리지침
DOC-003457,LAW-KR-000111,통합환경관리정보공개 심의위원회 및 정보공개제도 운영에 관한 규정,v14_출처문서명,admin_rule,notice,,고시,nlic_admrul,norm:Notice,true,기후에너지환경부,true,nlic_api_20260920k,,,,,2100000265114,2025-165,20251001,20251001,고시,고시|통합환경관리정보공개 심의위원회 및 정보공개제도 운영에 관한 규정
DOC-003458,LAW-KR-000111,환경전문심사원의 지정 및 운영에 관한 고시,v14_출처문서명,admin_rule,notice,,고시,nlic_admrul,norm:Notice,true,기후에너지환경부,true,nlic_api_20260920k,,,,,2100000265194,2025-165,20251001,20251007,고시,고시|환경전문심사원의 지정 및 운영에 관한 고시
DOC-003459,LAW-KR-000050,환경책임보험 가입 등의 제출자료에 관한 고시,v14_출처문서명,admin_rule,notice,,고시,nlic_admrul,norm:Notice,true,기후에너지환경부,true,nlic_api_20260920k,,,,,2100000266828,2025-165,20251001,20251007,고시,고시|환경책임보험 가입 등의 제출자료에 관한 고시
DOC-003460,LAW-KR-000050,환경책임보험 손해조사·실태조사의 방법 및 절차 등에 관한 고시,v14_출처문서명,admin_rule,notice,,고시,nlic_admrul,norm:Notice,true,기후에너지환경부,true,nlic_api_20260920k,,,,,2100000266830,2025-165,20251104,20251110,고시,고시|환경책임보험 손해조사·실태조사의 방법 및 절차 등에 관한 고시
DOC-003461,LAW-KR-000170,국립공주병원 환자안전 및 질향상 관리위원회 규정,v14_출처문서명,admin_rule,established_rule,,예규,nlic_admrul,norm:EstablishedRule,true,국립공주병원,true,nlic_api,DOC-000481,UNIT-0199212,,,,,,,고시,고시|국립공주병원 환자안전 및 질향상 관리위원회 규정
DOC-003462,LAW-KR-000170,국립나주병원 환자안전 및 의료질관리위원회규정,v14_출처문서명,admin_rule,established_rule,,예규,nlic_admrul,norm:EstablishedRule,true,국립나주병원,true,nlic_api,DOC-000481,UNIT-0199200,,,,,,,고시,고시|국립나주병원 환자안전 및 의료질관리위원회규정
DOC-003463,LAW-KR-000170,국립목포병원 환자안전위원회 규정,v14_출처문서명,admin_rule,established_rule,,예규,nlic_admrul,norm:EstablishedRule,true,국립목포병원,true,nlic_api,DOC-000481,UNIT-0199200,,,,,,,고시,고시|국립목포병원 환자안전위원회 규정
DOC-003464,LAW-KR-000170,국립소록도병원 환자안전위원회 규정,v14_출처문서명,admin_rule,established_rule,,예규,nlic_admrul,norm:EstablishedRule,true,국립소록도병원,true,nlic_api,,,,,,,,,고시,고시|국립소록도병원 환자안전위원회 규정
DOC-003465,LAW-KR-000170,국립정신건강센터 환자안전 및 의료질관리위원회 규정,v14_출처문서명,admin_rule,established_rule,,예규,nlic_admrul,norm:EstablishedRule,true,국립정신건강센터,true,nlic_api,DOC-000481,UNIT-0199200,,,,,,,고시,고시|국립정신건강센터 환자안전 및 의료질관리위원회 규정
DOC-003466,LAW-KR-000170,국립춘천병원 환자안전 및 의료질관리위원회 규정,v14_출처문서명,admin_rule,established_rule,,예규,nlic_admrul,norm:EstablishedRule,true,국립춘천병원,true,nlic_api,DOC-000481,UNIT-0199200,,,,,,,고시,고시|국립춘천병원 환자안전 및 의료질관리위원회 규정
DOC-003467,LAW-KR-000170,지역환자안전센터의 지정 및 운영 등에 관한 고시,v14_출처문서명,admin_rule,notice,,고시,nlic_admrul,norm:Notice,true,보건복지부,true,nlic_api,DOC-000481,UNIT-0199354,,,,,,,고시,고시|지역환자안전센터의 지정 및 운영 등에 관한 고시
DOC-003468,LAW-KR-000170,질 향상 및 환자안전위원회(QPS 위원회) 규정,v14_출처문서명,admin_rule,established_rule,,예규,nlic_admrul,norm:EstablishedRule,true,국립마산병원,true,nlic_api,,,,,,,,,고시,고시|질 향상 및 환자안전위원회(QPS 위원회) 규정
DOC-003470,LAW-KR-000195,항만운송사업법 시행령,api,statutory,presidential_decree,3,,api,norm:PresidentialDecree,true,,true,nlic_api_20260920t,,,,,256817,33954,20231212,20231221,시행령,
DOC-003471,LAW-KR-000196,항만공사법,api,statutory,act,2,,api,norm:Act,true,,true,nlic_api_20260920u,,,,,284405,21467,20260317,20260918,법률,
DOC-003472,LAW-KR-000196,항만공사법 시행령,api,statutory,presidential_decree,3,,api,norm:PresidentialDecree,true,,true,nlic_api_20260920t,,,,,281323,35947,20251230,20260102,시행령,
DOC-003473,LAW-KR-000196,항만공사법 시행규칙,api,statutory,ministerial_ordinance,4,,api,norm:EnforcementRule,true,,true,nlic_api_20260920t,,,,,282713,00778,20251231,20260102,시행규칙,
DOC-003474,LAW-KR-000195,항만운송사업법,api,statutory,act,2,,api,norm:Act,true,,true,nlic_api_20260920t,,,,,285943,21641,20260512,20260813,법률,
DOC-003475,LAW-KR-000195,항만운송사업법 시행규칙,api,statutory,ministerial_ordinance,4,,api,norm:EnforcementRule,true,,true,nlic_api_20260920t,,,,,288187,00807,20260713,20260713,시행규칙,
DOC-003476,LAW-KR-000134,항만공사 관할대상 항만시설 지정·고시,api,admin_rule,notice,,고시,api,norm:Notice,true,해양수산부,true,법제처API,,,,,,,,20110819,고시,
DOC-003477,LAW-KR-000134,항만부잔교시설 관리규정,api,admin_rule,directive,,훈령,api,norm:Directive,true,해양수산부,true,법제처API,,,,,,,,20160527,훈령,
DOC-003478,LAW-KR-000134,국제항해선박 및 항만시설 보안위원회 운영규정,api,admin_rule,directive,,훈령,api,norm:Directive,true,해양수산부,true,법제처API,,,,,,,,20200227,훈령,
DOC-003479,LAW-KR-000195,대산항 항만운송관련사업 등록기준 완화에 관한 고시,api,admin_rule,notice,,고시,api,norm:Notice,true,대산지방해양수산청,true,법제처API,,,,,,,,20201211,고시,
DOC-003480,LAW-KR-000195,마산항 항만운송관련사업 등록 완화기준,api,admin_rule,notice,,고시,api,norm:Notice,true,마산지방해양수산청,true,법제처API,,,,,,,,20220126,고시,
DOC-003481,LAW-KR-000165,항만안전점검관 및 항만안전점검요원 업무규정,api,admin_rule,directive,,훈령,api,norm:Directive,true,해양수산부,true,법제처API,,,,,,,,20220930,훈령,
DOC-003482,LAW-KR-000134,지진분야 비상대처계획 수립대상 항만시설물,api,admin_rule,notice,,고시,api,norm:Notice,true,해양수산부,true,법제처API,,,,,,,,20241105,고시,
DOC-003483,LAW-KR-000134,항만친수시설 조성 및 관리지침,api,admin_rule,established_rule,,예규,api,norm:EstablishedRule,true,해양수산부,true,법제처API,,,,,,,,20241224,예규,
DOC-003484,LAW-KR-000195,항만운송업무 처리지침,api,admin_rule,notice,,고시,api,norm:Notice,true,해양수산부,true,법제처API,,,,,,,,20250328,고시,
DOC-003485,LAW-KR-000134,통계작성의 변경승인(협의) 고시(항만시설및능력현황),api,admin_rule,notice,,고시,api,norm:Notice,true,국가데이터처,true,법제처API,,,,,,,,20250630,고시,
DOC-003486,LAW-KR-000134,항만시설 등의 표준시장단가 및 설계실무요령 관리규정,api,admin_rule,directive,,훈령,api,norm:Directive,true,해양수산부,true,법제처API,,,,,,,,20250613,훈령,
DOC-003487,LAW-KR-000134,민간투자사업 부두 내 경미한 사업 시행 및 관리 지침,api,admin_rule,notice,,고시,api,norm:Notice,true,해양수산부,true,법제처API,,,,,,,,20260107,고시,
DOC-003489,LAW-KR-000002,공중이용시설 및 공중교통수단의 재해예방에 필요한 인력 및 예산 편성 지침,api,admin_rule,notice,,고시,nlic_admrul,norm:Notice,true,국토교통부,true,nlic_api,DOC-000005,UNIT-0004758,,,,2022-55,20220124,20220127,고시,
DOC-003490,LAW-KR-000002,원료 및 제조물로 인한 중대시민재해 예방에 필요한 인력 및 예산 편성 지침,api,admin_rule,notice,,고시,nlic_admrul,norm:Notice,true,기후에너지환경부,true,nlic_api,DOC-000005,UNIT-0004864,,,,2025-165,20251001,20251001,고시,
DOC-003834,LAW-KR-000001,감항성개선지시서 발행 및 관리 지침,api,admin_rule,directive,,훈령,nlic_admrul,norm:Directive,true,국토교통부,true,nlic_api,DOC-000001,UNIT-0000725,,,,1758,20240524,20240524,훈령,
DOC-003835,LAW-KR-000001,항공교통업무 안전관리시스템 운영지침,api,admin_rule,directive,,훈령,nlic_admrul,norm:Directive,true,국토교통부,true,nlic_api,DOC-000001,UNIT-0001093,,,,1979,20260812,20260812,훈령,
DOC-003836,LAW-KR-000001,항공교통업무 안전관리시스템 운영매뉴얼,api,admin_rule,directive,,훈령,nlic_admrul,norm:Directive,true,항공교통본부,true,nlic_api,DOC-000001,UNIT-0001093,,,,156,20251201,20251201,훈령,
DOC-003837,LAW-KR-000001,항공위험물운송기술기준,api,admin_rule,notice,,고시,nlic_admrul,norm:Notice,true,국토교통부,true,nlic_api,DOC-000001,UNIT-0001206,,,,2023-52,20230118,20230118,고시,
DOC-003838,LAW-KR-000001,회전익항공기를 위한 운항기술기준(FLIGHT SAFETY REGULATIONS for HELICOPTERS),api,admin_rule,notice,,고시,nlic_admrul,norm:Notice,true,국토교통부,true,nlic_api,DOC-000001,UNIT-0001231,,,,2024-448,20240828,20240828,고시,
DOC-003839,LAW-KR-000001,고정익항공기를 위한 운항기술기준(FLIGHT SAFETY REGULATIONS for AEROPLANES),api,admin_rule,notice,,고시,nlic_admrul,norm:Notice,true,국토교통부,true,nlic_api,DOC-000001,UNIT-0001231,,,,2026-154,20260325,20260325,고시,
DOC-003840,LAW-KR-000001,항공교통업무증명기준,api,admin_rule,notice,,고시,nlic_admrul,norm:Notice,true,국토교통부,true,nlic_api,DOC-000001,UNIT-0001311,,,,2021-1268,20211119,20211119,고시,
DOC-003841,LAW-KR-000001,정비조직절차교범 및 품질관리교범 작성기준,api,admin_rule,notice,,고시,nlic_admrul,norm:Notice,true,국토교통부,true,nlic_api,DOC-000001,UNIT-0001462,,,,2024-280,20240524,20240524,고시,
DOC-003842,LAW-KR-000001,특수정비자격 및 작업에 관한 안내서,api,admin_rule,established_rule,,예규,nlic_admrul,norm:EstablishedRule,true,국토교통부,true,nlic_api,DOC-000001,UNIT-0001462,,,,391,20240524,20240524,예규,
DOC-003843,LAW-KR-000001,정비조직인증 심사지침,api,admin_rule,directive,,훈령,nlic_admrul,norm:Directive,true,국토교통부,true,nlic_api,DOC-000001,UNIT-0001462,,,,1835,20241217,20241217,훈령,
DOC-003844,LAW-KR-000001,경량항공기 비행안전을 위한 기술상의 기준,api,admin_rule,notice,,고시,nlic_admrul,norm:Notice,true,국토교통부,true,nlic_api,DOC-000001,UNIT-0000058,,,,2019-307,20190617,20190617,고시,
DOC-003845,LAW-KR-000001,왕복엔진 사고예방 및 상태감시프로그램 운영지침,api,admin_rule,notice,,고시,nlic_admrul,norm:Notice,true,국토교통부,true,nlic_api,DOC-000003,UNIT-0004239,,,,2025-624,20251028,20251028,고시,
DOC-003846,LAW-KR-000001,항공안전 의무보고 및 자율보고 요령,api,admin_rule,notice,,고시,nlic_admrul,norm:Notice,true,국토교통부,true,nlic_api,DOC-000003,UNIT-0004420,,,,2024-233,20240501,20240501,고시,
DOC-003847,LAW-KR-000001,항공안전데이터 처리 및 활용에 관한 규정,api,admin_rule,directive,,훈령,nlic_admrul,norm:Directive,true,국토교통부,true,nlic_api,DOC-000003,UNIT-0002334,,,,1806,20241021,20241021,훈령,
DOC-003848,LAW-KR-000001,항공안전투자공시에 관한 세부 기준 및 절차,api,admin_rule,notice,,고시,nlic_admrul,norm:Notice,true,국토교통부,true,nlic_api,DOC-000003,UNIT-0004076,,,,2025-981,20251231,20251231,고시,
DOC-003849,LAW-KR-000004,화학물질 배출저감계획서의 작성 등에 관한 규정,api,admin_rule,notice,,고시,nlic_admrul,norm:Notice,true,화학물질안전원,true,nlic_api,DOC-000009,UNIT-0006701,,,,2025-18,20250807,20250807,고시,
DOC-003850,LAW-KR-000004,유해화학물질 취급자의 개인보호장구 착용에 관한 규정,api,admin_rule,notice,,고시,nlic_admrul,norm:Notice,true,화학물질안전원,true,nlic_api,DOC-000009,UNIT-0006730,,,,2022-7,20220930,20220930,고시,
DOC-003851,LAW-KR-000004,화학사고예방관리계획서 이행 등에 관한 규정,api,admin_rule,notice,,고시,nlic_admrul,norm:Notice,true,화학물질안전원,true,nlic_api,DOC-000009,UNIT-0006850,,,,2026-10,20260601,20260601,고시,
DOC-003852,LAW-KR-000004,유해화학물질 안전교육경비,api,admin_rule,notice,,고시,nlic_admrul,norm:Notice,true,기후에너지환경부,true,nlic_api,DOC-000011,UNIT-0008064,,,,2025-165,20251001,20251007,고시,
DOC-003853,LAW-KR-000005,건설사고조사위원회 운영규정,api,admin_rule,notice,,고시,nlic_admrul,norm:Notice,true,국토교통부,true,nlic_api,DOC-000013,UNIT-0009322,,,,2022-595,20221018,20221018,고시,
DOC-003854,LAW-KR-000006,안전관리헌장,api,admin_rule,notice,,고시,nlic_admrul,norm:Notice,true,행정안전부,true,nlic_api,DOC-000015,UNIT-0011911,,,,2025-80,20251226,20260101,고시,
DOC-003855,LAW-KR-000006,긴급통신수단 관리지침,api,admin_rule,directive,,국무총리훈령,nlic_admrul,norm:Directive,true,행정안전부,true,nlic_api,DOC-000016,UNIT-0012765,,,,00894,20250902,20250902,국무총리훈령,
DOC-003856,LAW-KR-000006,다중이용시설 등의 위기상황 매뉴얼 작성방법 및 기준,api,admin_rule,notice,,고시,nlic_admrul,norm:Notice,true,행정안전부,true,nlic_api,DOC-000016,UNIT-0012822,,,,2019-53,20190701,20190701,고시,
DOC-003857,LAW-KR-000006,재난대비훈련지침,api,admin_rule,established_rule,,예규,nlic_admrul,norm:EstablishedRule,true,행정안전부,true,nlic_api,DOC-000016,UNIT-0012749,,,,173,20210802,20210802,예규,
DOC-003858,LAW-KR-000007,승강기 사고조사 및 승강기사고조사위원회 운영규정,api,admin_rule,notice,,고시,nlic_admrul,norm:Notice,true,행정안전부,true,nlic_api,DOC-000019,UNIT-0014973,,,,2022-21,20220302,20220302,고시,
DOC-003859,LAW-KR-000008,전기안전관리자 선임·해임 신고 및 위탁업무 수행기관 지정,api,admin_rule,notice,,고시,nlic_admrul,norm:Notice,true,산업통상부,true,nlic_api,DOC-000021,UNIT-0015807,,,,2021-208,20211202,20211202,고시,
DOC-003860,LAW-KR-000009,소방시설의 내진설계 기준,api,admin_rule,notice,,고시,nlic_admrul,norm:Notice,true,소방청,true,nlic_api,DOC-000024,UNIT-0016976,,,,2026-1,20260130,20260301,고시,
DOC-003861,LAW-KR-000009,소방시설 폐쇄·차단 시 행동요령 등에 관한 고시,api,admin_rule,notice,,고시,nlic_admrul,norm:Notice,true,소방청,true,nlic_api,DOC-000024,UNIT-0016549,,,,2023-37,20230908,20230908,고시,
DOC-003862,LAW-KR-000009,건설현장의 화재안전기술기준(NFTC 606),api,admin_rule,notice,,공고,nlic_admrul_미배치,norm:AdministrativeRule,true,국립소방연구원,true,nlic_api,DOC-000024,UNIT-0016582,,,,2023-16,20230630,20230701,공고,
DOC-003863,LAW-KR-000009,소방시설등 표준자체점검비 산정기준 및 공표방법 등에 관한 고시,api,admin_rule,notice,,고시,nlic_admrul,norm:Notice,true,소방청,true,nlic_api,DOC-000024,UNIT-0016641,,,,2022-77,20221201,20221201,고시,
DOC-003864,LAW-KR-000009,소화기의 형식승인 및 제품검사의 기술기준,api,admin_rule,notice,,고시,nlic_admrul,norm:Notice,true,소방청,true,nlic_api,DOC-000024,UNIT-0016741,,,,2025-23,20251201,20251201,고시,
DOC-003865,LAW-KR-000009,소화약제의 형식승인 및 제품검사의 기술기준,api,admin_rule,notice,,고시,nlic_admrul,norm:Notice,true,소방청,true,nlic_api,DOC-000024,UNIT-0016741,,,,2026-23,20260504,20260504,고시,
DOC-003866,LAW-KR-000009,소화전의 형식승인 및 제품검사의 기술기준,api,admin_rule,notice,,고시,nlic_admrul,norm:Notice,true,소방청,true,nlic_api,DOC-000024,UNIT-0016741,,,,2024-42,20240828,20240828,고시,
DOC-003867,LAW-KR-000009,에어로졸식 소화용구의 형식승인 및 제품검사의 기술기준,api,admin_rule,notice,,고시,nlic_admrul,norm:Notice,true,소방청,true,nlic_api,DOC-000024,UNIT-0016741,,,,2026-3,20260202,20260202,고시,
DOC-003868,LAW-KR-000009,완강기의 형식승인 및 제품검사의 기술기준,api,admin_rule,notice,,고시,nlic_admrul,norm:Notice,true,소방청,true,nlic_api,DOC-000024,UNIT-0016741,,,,2023-30,20230712,20230712,고시,
DOC-003869,LAW-KR-000009,스프링클러헤드의 형식승인 및 제품검사의 기술기준,api,admin_rule,notice,,고시,nlic_admrul,norm:Notice,true,소방청,true,nlic_api,DOC-000024,UNIT-0016741,,,,2026-2,20260202,20260202,고시,
DOC-003870,LAW-KR-000009,유수제어밸브의 형식승인 및 제품검사의 기술기준,api,admin_rule,notice,,고시,nlic_admrul,norm:Notice,true,소방청,true,nlic_api,DOC-000024,UNIT-0016741,,,,2024-44,20240828,20250829,고시,
DOC-003871,LAW-KR-000009,자동확산소화기의 형식승인 및 제품검사의 기술기준,api,admin_rule,notice,,고시,nlic_admrul,norm:Notice,true,소방청,true,nlic_api,DOC-000024,UNIT-0016741,,,,2023-26,20230712,20230712,고시,
DOC-003872,LAW-KR-000009,주거용주방자동소화장치의 형식승인 및 제품검사의 기술기준,api,admin_rule,notice,,고시,nlic_admrul,norm:Notice,true,소방청,true,nlic_api,DOC-000024,UNIT-0016741,,,,2026-4,20260202,20260202,고시,
DOC-003873,LAW-KR-000009,투척용소화용구의 형식승인 및 제품검사의 기술기준,api,admin_rule,notice,,고시,nlic_admrul,norm:Notice,true,소방청,true,nlic_api,DOC-000024,UNIT-0016741,,,,2023-29,20230712,20230712,고시,
DOC-003874,LAW-KR-000009,피난사다리의 형식승인 및 제품검사의 기술기준,api,admin_rule,notice,,고시,nlic_admrul,norm:Notice,true,소방청,true,nlic_api,DOC-000024,UNIT-0016741,,,,2024-18,20240507,20240507,고시,
DOC-003875,LAW-KR-000009,유도등의 형식승인 및 제품검사의 기술기준,api,admin_rule,notice,,고시,nlic_admrul,norm:Notice,true,소방청,true,nlic_api,DOC-000024,UNIT-0016741,,,,2024-6,20240401,20240401,고시,
DOC-003876,LAW-KR-000009,소방호스의 형식승인 및 제품검사의 기술기준,api,admin_rule,notice,,고시,nlic_admrul,norm:Notice,true,소방청,true,nlic_api,DOC-000024,UNIT-0016741,,,,2024-14,20240419,20240419,고시,
DOC-003877,LAW-KR-000009,가스·분말자동소화장치의 형식승인 및 제품검사의 기술기준,api,admin_rule,notice,,고시,nlic_admrul,norm:Notice,true,소방청,true,nlic_api,DOC-000024,UNIT-0016741,,,,2024-37,20240725,20240725,고시,
DOC-003878,LAW-KR-000009,가스관선택밸브의 형식승인 및 제품검사의 기술기준,api,admin_rule,notice,,고시,nlic_admrul,norm:Notice,true,소방청,true,nlic_api,DOC-000024,UNIT-0016741,,,,2024-36,20240719,20240719,고시,
DOC-003879,LAW-KR-000009,감지기의 형식승인 및 제품검사의 기술기준,api,admin_rule,notice,,고시,nlic_admrul,norm:Notice,true,소방청,true,nlic_api,DOC-000024,UNIT-0016741,,,,2024-31,20240708,20240708,고시,
DOC-003880,LAW-KR-000009,고체에어로졸자동소화장치의 형식승인 및 제품검사의 기술기준,api,admin_rule,notice,,고시,nlic_admrul,norm:Notice,true,소방청,true,nlic_api,DOC-000024,UNIT-0016741,,,,2025-2,20250314,20250314,고시,
DOC-003881,LAW-KR-000009,공기호흡기의 형식승인 및 제품검사의 기술기준,api,admin_rule,notice,,고시,nlic_admrul,norm:Notice,true,소방청,true,nlic_api,DOC-000024,UNIT-0016741,,,,2024-12,20240419,20240419,고시,
DOC-003882,LAW-KR-000009,관창의 형식승인 및 제품검사의 기술기준,api,admin_rule,notice,,고시,nlic_admrul,norm:Notice,true,소방청,true,nlic_api,DOC-000024,UNIT-0016741,,,,2024-13,20240419,20240419,고시,
DOC-003883,LAW-KR-000009,구조대의 형식승인 및 제품검사의 기술기준,api,admin_rule,notice,,고시,nlic_admrul,norm:Notice,true,소방청,true,nlic_api,DOC-000024,UNIT-0016741,,,,2023-34,20230814,20230814,고시,
DOC-003884,LAW-KR-000009,기동용수압개폐장치의 형식승인 및 제품검사의 기술기준,api,admin_rule,notice,,고시,nlic_admrul,norm:Notice,true,소방청,true,nlic_api,DOC-000024,UNIT-0016741,,,,2024-50,20241101,20241101,고시,
DOC-003885,LAW-KR-000009,방염제의 형식승인 및 제품검사의 기술기준,api,admin_rule,notice,,고시,nlic_admrul,norm:Notice,true,소방청,true,nlic_api,DOC-000024,UNIT-0016741,,,,2024-51,20241101,20241101,고시,
DOC-003886,LAW-KR-000009,소공간용 소화용구의 형식승인 및 제품검사의 기술기준,api,admin_rule,notice,,고시,nlic_admrul,norm:Notice,true,소방청,true,nlic_api,DOC-000024,UNIT-0016741,,,,2026-8,20260504,20260504,고시,
DOC-003887,LAW-KR-000009,승강식피난기의 성능인증 및 제품검사의 기술기준,api,admin_rule,notice,,고시,nlic_admrul,norm:Notice,true,소방청,true,nlic_api,DOC-000024,UNIT-0016773,,,,2025-17,20251104,20251104,고시,
DOC-003888,LAW-KR-000009,상업용주방자동소화장치의 성능인증 및 제품검사의 기술기준,api,admin_rule,notice,,고시,nlic_admrul,norm:Notice,true,소방청,true,nlic_api,DOC-000024,UNIT-0016773,,,,2022-28,20221201,20221201,고시,
DOC-003889,LAW-KR-000009,비상콘센트설비의 성능인증 및 제품검사의 기술기준,api,admin_rule,notice,,고시,nlic_admrul,norm:Notice,true,소방청,true,nlic_api,DOC-000024,UNIT-0016773,,,,2022-28,20221201,20221201,고시,
DOC-003890,LAW-KR-000009,비상문자동개폐장치의 성능인증 및 제품검사의 기술기준,api,admin_rule,notice,,고시,nlic_admrul,norm:Notice,true,소방청,true,nlic_api,DOC-000024,UNIT-0016773,,,,2023-42,20231130,20231130,고시,
DOC-003891,LAW-KR-000009,비상경보설비의 축전지의 성능인증 및 제품검사의 기술기준,api,admin_rule,notice,,고시,nlic_admrul,norm:Notice,true,소방청,true,nlic_api,DOC-000024,UNIT-0016773,,,,2022-28,20221201,20221201,고시,
DOC-003892,LAW-KR-000009,배출댐퍼의 성능인증 및 제품검사의 기술기준,api,admin_rule,notice,,고시,nlic_admrul,norm:Notice,true,소방청,true,nlic_api,DOC-000024,UNIT-0016773,,,,2025-1,20250203,20250203,고시,
DOC-003893,LAW-KR-000009,방화포의 성능인증 및 제품검사의 기술기준,api,admin_rule,notice,,고시,nlic_admrul,norm:Notice,true,소방청,true,nlic_api,DOC-000024,UNIT-0016773,,,,2026-26,20260522,20260601,고시,
DOC-003894,LAW-KR-000009,방염제품의 성능인증 및 제품검사의 기술기준,api,admin_rule,notice,,고시,nlic_admrul,norm:Notice,true,소방청,true,nlic_api,DOC-000024,UNIT-0016773,,,,2023-9,20230309,20230309,고시,
DOC-003895,LAW-KR-000009,다수인피난장비의 성능인증 및 제품검사의 기술기준,api,admin_rule,notice,,고시,nlic_admrul,norm:Notice,true,소방청,true,nlic_api,DOC-000024,UNIT-0016773,,,,2022-28,20221201,20221201,고시,
DOC-003896,LAW-KR-000009,방수구의 성능인증 및 제품검사의 기술기준,api,admin_rule,notice,,고시,nlic_admrul,norm:Notice,true,소방청,true,nlic_api,DOC-000024,UNIT-0016773,,,,2022-28,20221201,20221201,고시,
DOC-003897,LAW-KR-000009,방열복의 성능인증 및 제품검사의 기술기준,api,admin_rule,notice,,고시,nlic_admrul,norm:Notice,true,소방청,true,nlic_api,DOC-000024,UNIT-0016773,,,,2022-28,20221201,20221201,고시,
DOC-003898,LAW-KR-000009,스프링클러설비신축배관의 성능인증 및 제품검사의 기술기준,api,admin_rule,notice,,고시,nlic_admrul,norm:Notice,true,소방청,true,nlic_api,DOC-000024,UNIT-0016773,,,,2022-28,20221201,20221201,고시,
DOC-003899,LAW-KR-000009,송수구의 성능인증 및 제품검사의 기술기준,api,admin_rule,notice,,고시,nlic_admrul,norm:Notice,true,소방청,true,nlic_api,DOC-000024,UNIT-0016773,,,,2024-46,20240909,20240909,고시,
DOC-003900,LAW-KR-000009,소화전함의 성능인증 및 제품검사의 기술기준,api,admin_rule,notice,,고시,nlic_admrul,norm:Notice,true,소방청,true,nlic_api,DOC-000024,UNIT-0016773,,,,2024-20,20240510,20240510,고시,
DOC-003901,LAW-KR-000009,가스계소화설비 설계프로그램의 성능인증 및 제품검사의 기술기준,api,admin_rule,notice,,고시,nlic_admrul,norm:Notice,true,소방청,true,nlic_api,DOC-000024,UNIT-0016773,,,,2026-11,20260504,20260504,고시,
DOC-003902,LAW-KR-000009,가스계소화설비용 수동식 기동장치의 성능인증 및 제품검사 기술기준,api,admin_rule,notice,,고시,nlic_admrul,norm:Notice,true,소방청,true,nlic_api,DOC-000024,UNIT-0016773,,,,2024-25,20240605,20240605,고시,
DOC-003903,LAW-KR-000009,가압수조식가압송수장치의 성능인증 및 제품검사의 기술기준,api,admin_rule,notice,,고시,nlic_admrul,norm:Notice,true,소방청,true,nlic_api,DOC-000024,UNIT-0016773,,,,2023-25,20230707,20230707,고시,
DOC-003904,LAW-KR-000009,간이소화장치의 성능인증 및 제품검사의 기술기준,api,admin_rule,notice,,고시,nlic_admrul,norm:Notice,true,소방청,true,nlic_api,DOC-000024,UNIT-0016773,,,,2023-54,20231215,20231215,고시,
DOC-003905,LAW-KR-000009,공기안전매트의 성능인증 및 제품검사의 기술기준,api,admin_rule,notice,,고시,nlic_admrul,norm:Notice,true,소방청,true,nlic_api,DOC-000024,UNIT-0016773,,,,2022-28,20221201,20221201,고시,
DOC-003906,LAW-KR-000009,소화설비용헤드의 성능인증 및 제품검사의 기술기준,api,admin_rule,notice,,고시,nlic_admrul,norm:Notice,true,소방청,true,nlic_api,DOC-000024,UNIT-0016773,,,,2025-19,20251104,20251104,고시,
DOC-003907,LAW-KR-000009,소화기가압용가스용기의 성능인증 및 제품검사의 기술기준,api,admin_rule,notice,,고시,nlic_admrul,norm:Notice,true,소방청,true,nlic_api,DOC-000024,UNIT-0016773,,,,2023-43,20231130,20231130,고시,
DOC-003908,LAW-KR-000009,소방전원공급장치의 성능인증 및 제품검사의 기술기준,api,admin_rule,notice,,고시,nlic_admrul,norm:Notice,true,소방청,true,nlic_api,DOC-000024,UNIT-0016773,,,,2026-27,20260820,20260901,고시,
DOC-003909,LAW-KR-000009,소방용합성수지배관의 성능인증 및 제품검사의 기술기준,api,admin_rule,notice,,고시,nlic_admrul,norm:Notice,true,소방청,true,nlic_api,DOC-000024,UNIT-0016773,,,,2022-28,20221201,20221201,고시,
DOC-003910,LAW-KR-000009,소방용전선의 성능인증 및 제품검사의 기술기준,api,admin_rule,notice,,고시,nlic_admrul,norm:Notice,true,소방청,true,nlic_api,DOC-000024,UNIT-0016773,,,,2025-18,20251104,20251104,고시,
DOC-003911,LAW-KR-000009,소방용스트레이너의 성능인증 및 제품검사의 기술기준,api,admin_rule,notice,,고시,nlic_admrul,norm:Notice,true,소방청,true,nlic_api,DOC-000024,UNIT-0016773,,,,2022-28,20221201,20221201,고시,
DOC-003912,LAW-KR-000009,소방용밸브의 성능인증 및 제품검사의 기술기준,api,admin_rule,notice,,고시,nlic_admrul,norm:Notice,true,소방청,true,nlic_api,DOC-000024,UNIT-0016773,,,,2022-28,20221201,20221201,고시,
DOC-003913,LAW-KR-000009,소방용 흡수관의 성능인증 및 제품검사의 기술기준,api,admin_rule,notice,,고시,nlic_admrul,norm:Notice,true,소방청,true,nlic_api,DOC-000024,UNIT-0016773,,,,2022-28,20221201,20221201,고시,
DOC-003914,LAW-KR-000009,과압배출구의 성능인증 및 제품검사의 기술기준,api,admin_rule,notice,,고시,nlic_admrul,norm:Notice,true,소방청,true,nlic_api,DOC-000024,UNIT-0016773,,,,2026-28,20260820,20260901,고시,
DOC-003915,LAW-KR-000009,소방용 압력스위치의 성능인증 및 제품검사의 기술기준,api,admin_rule,notice,,고시,nlic_admrul,norm:Notice,true,소방청,true,nlic_api,DOC-000024,UNIT-0016773,,,,2022-28,20221201,20221201,고시,
DOC-003916,LAW-KR-000009,소방용 행가의 성능인증 및 제품검사의 기술기준,api,admin_rule,notice,,고시,nlic_admrul,norm:Notice,true,소방청,true,nlic_api,DOC-000024,UNIT-0016773,,,,2024-28,20240605,20240605,고시,
DOC-003917,LAW-KR-000009,예비전원의 성능인증 및 제품검사의 기술기준,api,admin_rule,notice,,고시,nlic_admrul,norm:Notice,true,소방청,true,nlic_api,DOC-000024,UNIT-0016773,,,,2022-28,20221201,20221201,고시,
DOC-003918,LAW-KR-000009,휴대용비상조명등의 성능인증 및 제품검사 기술기준,api,admin_rule,notice,,고시,nlic_admrul,norm:Notice,true,소방청,true,nlic_api,DOC-000024,UNIT-0016773,,,,2024-30,20240605,20240605,고시,
DOC-003919,LAW-KR-000009,호스릴이산화탄소소화장치의 성능인증 및 제품검사의 기술기준,api,admin_rule,notice,,고시,nlic_admrul,norm:Notice,true,소방청,true,nlic_api,DOC-000024,UNIT-0016773,,,,2024-29,20240605,20240605,고시,
DOC-003920,LAW-KR-000009,표시등의 성능인증 및 제품검사의 기술기준,api,admin_rule,notice,,고시,nlic_admrul,norm:Notice,true,소방청,true,nlic_api,DOC-000024,UNIT-0016773,,,,2023-41,20231130,20231130,고시,
DOC-003921,LAW-KR-000009,포소화약제혼합장치등의 성능인증 및 제품검사의 기술기준,api,admin_rule,notice,,고시,nlic_admrul,norm:Notice,true,소방청,true,nlic_api,DOC-000024,UNIT-0016773,,,,2022-28,20221201,20221201,고시,
DOC-003922,LAW-KR-000009,탐지부의 성능인증 및 제품검사의 기술기준,api,admin_rule,notice,,고시,nlic_admrul,norm:Notice,true,소방청,true,nlic_api,DOC-000024,UNIT-0016773,,,,2022-28,20221201,20221201,고시,
DOC-003923,LAW-KR-000009,캐비닛형 간이스프링클러설비의 성능인증 및 제품검사의 기술기준,api,admin_rule,notice,,고시,nlic_admrul,norm:Notice,true,소방청,true,nlic_api,DOC-000024,UNIT-0016773,,,,2024-43,20240826,20240826,고시,
DOC-003924,LAW-KR-000009,축광표지의 성능인증 및 제품검사의 기술기준,api,admin_rule,notice,,고시,nlic_admrul,norm:Notice,true,소방청,true,nlic_api,DOC-000024,UNIT-0016773,,,,2022-28,20221201,20221201,고시,
DOC-003925,LAW-KR-000009,지시압력계의 성능인증 및 제품검사의 기술기준,api,admin_rule,notice,,고시,nlic_admrul,norm:Notice,true,소방청,true,nlic_api,DOC-000024,UNIT-0016773,,,,2024-38,20240725,20240725,고시,
DOC-003926,LAW-KR-000009,자동폐쇄장치의 성능인증 및 제품검사의 기술기준,api,admin_rule,notice,,고시,nlic_admrul,norm:Notice,true,소방청,true,nlic_api,DOC-000024,UNIT-0016773,,,,2023-47,20231130,20231130,고시,
DOC-003927,LAW-KR-000009,자동차압급기댐퍼의 성능인증 및 제품검사의 기술기준,api,admin_rule,notice,,고시,nlic_admrul,norm:Notice,true,소방청,true,nlic_api,DOC-000024,UNIT-0016773,,,,2025-6,20250314,20250314,고시,
DOC-003928,LAW-KR-000009,유량측정장치의 성능인증 및 제품검사의 기술기준,api,admin_rule,notice,,고시,nlic_admrul,norm:Notice,true,소방청,true,nlic_api,DOC-000024,UNIT-0016773,,,,2024-47,20240909,20240909,고시,
DOC-003929,LAW-KR-000009,흔들림 방지 버팀대의 성능인증 및 제품검사 기술기준,api,admin_rule,notice,,고시,nlic_admrul,norm:Notice,true,소방청,true,nlic_api,DOC-000024,UNIT-0016773,,,,2023-53,20231215,20231215,고시,
DOC-003930,LAW-KR-000010,식품첨가물의 기준 및 규격,api,admin_rule,notice,,고시,nlic_admrul,norm:Notice,true,식품의약품안전처,true,nlic_api,DOC-000027,UNIT-0018208,,,,2026-50,20260713,20280101,고시,
DOC-003931,LAW-KR-000010,기구 및 용기·포장의 기준 및 규격,api,admin_rule,notice,,고시,nlic_admrul,norm:Notice,true,식품의약품안전처,true,nlic_api,DOC-000027,UNIT-0018453,,,,2026-24,20260327,20260327,고시,
DOC-003932,LAW-KR-000013,고압가스안전관리기준통합고시,api,admin_rule,notice,,고시,nlic_admrul,norm:Notice,true,산업통상부,true,nlic_api,DOC-000036,UNIT-0021989,,,,2022-97,20220607,20220607,고시,
DOC-003933,LAW-KR-000013,고압가스의 품질기준과 품질검사방법 등에 관한 고시,api,admin_rule,notice,,고시,nlic_admrul,norm:Notice,true,산업통상부,true,nlic_api,DOC-000036,UNIT-0022041,,,,2017-68,20170523,20170523,고시,
DOC-003934,LAW-KR-000014,연구실 설치운영에 관한 기준,api,admin_rule,notice,,고시,nlic_admrul,norm:Notice,true,과학기술정보통신부,true,nlic_api,DOC-000039,UNIT-0023794,,,,2024-39,20241016,20241016,고시,
DOC-003935,LAW-KR-000015,액화석유가스안전관리기준통합고시,api,admin_rule,notice,,고시,nlic_admrul,norm:Notice,true,산업통상부,true,nlic_api,DOC-000043,UNIT-0024889,,,,2024-60,20240403,20240403,고시,
DOC-003936,LAW-KR-000019,원자로시설 등의 기술기준에 관한 규칙,api,admin_rule,admin_regulation,,규칙,nlic_admrul,norm:AdminRegulation,true,원자력안전위원회,true,nlic_api,DOC-000054,UNIT-0027846,,,,37,20260330,20260330,규칙,
DOC-003937,LAW-KR-000019,부적합사항의 보고에 관한 규정,api,admin_rule,notice,,고시,nlic_admrul,norm:Notice,true,원자력안전위원회,true,nlic_api,DOC-000054,UNIT-0027783,,,,2022-8,20221229,20221229,고시,
DOC-003938,LAW-KR-000019,원자로압력용기 감시시험 기준,api,admin_rule,notice,,고시,nlic_admrul,norm:Notice,true,원자력안전위원회,true,nlic_api,DOC-000054,UNIT-0027894,,,,2021-28,20210819,20210819,고시,
DOC-003939,LAW-KR-000019,의료분야의 방사선안전관리에 관한 기술기준,api,admin_rule,notice,,고시,nlic_admrul,norm:Notice,true,원자력안전위원회,true,nlic_api,DOC-000054,UNIT-0028088,,,,2024-13,20241231,20241231,고시,
DOC-003940,LAW-KR-000019,방사성동위원소 보안관리에 관한 규정,api,admin_rule,notice,,고시,nlic_admrul,norm:Notice,true,원자력안전위원회,true,nlic_api,DOC-000054,UNIT-0028222,,,,2017-55,20171226,20171226,고시,
DOC-003941,LAW-KR-000019,방사선기기의 설계승인 및 검사에 관한 기준,api,admin_rule,notice,,고시,nlic_admrul,norm:Notice,true,원자력안전위원회,true,nlic_api,DOC-000054,UNIT-0028255,,,,2024-13,20241231,20241231,고시,
DOC-003942,LAW-KR-000019,중·저준위 방사성폐기물 운송선박의 방사선안전관리 등에 관한 기술기준,api,admin_rule,notice,,고시,nlic_admrul,norm:Notice,true,원자력안전위원회,true,nlic_api,DOC-000054,UNIT-0028350,,,,2024-13,20241231,20241231,고시,
DOC-003943,LAW-KR-000019,원자력이용시설의 사고·고장 발생시 보고·공개 규정,api,admin_rule,notice,,고시,nlic_admrul,norm:Notice,true,원자력안전위원회,true,nlic_api,DOC-000054,UNIT-0028499,,,,2025-4,20250516,20250516,고시,
DOC-003944,LAW-KR-000019,방사선방호 등에 관한 기준,api,admin_rule,notice,,고시,nlic_admrul,norm:Notice,true,원자력안전위원회,true,nlic_api,DOC-000055,UNIT-0029193,,,,2026-12,20260709,20260709,고시,
DOC-003945,LAW-KR-000019,중·저준위 방사성폐기물 처분검사에 관한 규정,api,admin_rule,notice,,고시,nlic_admrul,norm:Notice,true,원자력안전위원회,true,nlic_api,DOC-000055,UNIT-0028558,,,,2020-10,20200730,20200730,고시,
DOC-003946,LAW-KR-000019,사용후핵연료 저장용기등의 제작검사 항목 및 기준에 관한 규정,api,admin_rule,notice,,고시,nlic_admrul,norm:Notice,true,원자력안전위원회,true,nlic_api,DOC-000055,UNIT-0028728,,,,2021-14,20210623,20210623,고시,
DOC-003947,LAW-KR-000020,산업보건의 관리규정,api,admin_rule,established_rule,,예규,nlic_admrul,norm:EstablishedRule,true,고용노동부,true,nlic_api,DOC-000058,UNIT-0032953,,,,161,20200106,20200116,예규,
DOC-003948,LAW-KR-000020,산업재해통계업무처리규정,api,admin_rule,established_rule,,예규,nlic_admrul,norm:EstablishedRule,true,고용노동부,true,nlic_api,DOC-000059,UNIT-0034884,,,,194,20220502,20220502,예규,
DOC-003949,LAW-KR-000020,위험물 선박운송 기준,api,admin_rule,notice,,고시,nlic_admrul,norm:Notice,true,해양수산부,true,nlic_api,DOC-000059,UNIT-0034063,,,,2026-67,20260621,20260621,고시,
DOC-003950,LAW-KR-000021,철도안전관리체계 기술기준,api,admin_rule,notice,,고시,nlic_admrul,norm:Notice,true,국토교통부,true,nlic_api,DOC-000061,UNIT-0038545,,,,2023-414,20230712,20240713,고시,
DOC-003951,LAW-KR-000021,철도시설 설치 및 유지관리기준(KDS 47 90 10),api,admin_rule,notice,,고시,nlic_admrul,norm:Notice,true,국토교통부,true,nlic_api,DOC-000061,UNIT-0038545,,,,2024-915,20241231,20260101,고시,
DOC-003952,LAW-KR-000021,철도차량 기술기준,api,admin_rule,notice,,고시,nlic_admrul,norm:Notice,true,국토교통부,true,nlic_api,DOC-000061,UNIT-0038094,,,,2024-252,20240516,20240516,고시,
DOC-003953,LAW-KR-000021,철도차량 이력관리 기술기준,api,admin_rule,notice,,고시,nlic_admrul,norm:Notice,true,국토교통부,true,nlic_api,DOC-000061,UNIT-0038238,,,,2021-1390,20211227,20211227,고시,
DOC-003954,LAW-KR-000021,철도안전투자 공시 작성지침,api,admin_rule,directive,,훈령,nlic_admrul,norm:Directive,true,국토교통부,true,nlic_api,DOC-000063,UNIT-0039291,,,,1165,20190305,20190305,훈령,
DOC-003955,LAW-KR-000024,공원녹지 기본계획 수립지침,api,admin_rule,directive,,훈령,nlic_admrul,norm:Directive,true,국토교통부,true,nlic_api,DOC-000069,UNIT-0042109,,,,1809,20241023,20241023,훈령,
DOC-003956,LAW-KR-000025,항공위성서비스(KASS) 운영 및 관리규정,api,admin_rule,directive,,훈령,nlic_admrul,norm:Directive,true,항공교통본부,true,nlic_api,DOC-000073,UNIT-0043827,,,,112,20221222,20221222,훈령,
DOC-003957,LAW-KR-000028,선로배분지침,api,admin_rule,notice,,고시,nlic_admrul,norm:Notice,true,국토교통부,true,nlic_api,DOC-000081,UNIT-0044935,,,,2024-94,20240213,20240213,고시,
DOC-003958,LAW-KR-000033,"물질동등성과 제품유사성의 인정기준, 인정신청자료의 작성범위 및 작성방법 등에 관한 규정",api,admin_rule,notice,,고시,nlic_admrul,norm:Notice,true,화학물질안전원,true,nlic_api,DOC-000094,UNIT-0049874,,,,2024-22,20240430,20240430,고시,
DOC-003959,LAW-KR-000036,전파관리 업무에 관한 처리 세칙,api,admin_rule,directive,,훈령,nlic_admrul,norm:Directive,true,중앙전파관리소,true,nlic_api,DOC-000101,UNIT-0053014,,,,155,20260203,20260203,훈령,
DOC-003960,LAW-KR-000037,국가를 당사자로 하는 계약에 관한 법률 등의 재정경제부장관이 정하는 고시금액,api,admin_rule,notice,,고시,nlic_admrul,norm:Notice,true,재정경제부,true,nlic_api,DOC-000104,UNIT-0055491,,,,2026-439,20260102,20260108,고시,
DOC-003961,LAW-KR-000038,기상관측자료의 교환을 위한 관측기관 사이의 통신 송수신 방식,api,admin_rule,notice,,고시,nlic_admrul,norm:Notice,true,기상청,true,nlic_api,DOC-000106,UNIT-0055959,,,,2025-26,20251230,20251230,고시,
DOC-003962,LAW-KR-000042,제로에너지건축물 인증기관 지정 고시,api,admin_rule,notice,,고시,nlic_admrul,norm:Notice,true,국토교통부,true,nlic_api,DOC-000116,UNIT-0058868,,,,2024-52,20240122,20240122,고시,
DOC-003963,LAW-KR-000042,건축물 에너지효율등급 인증기관 지정 고시,api,admin_rule,notice,,고시,nlic_admrul,norm:Notice,true,국토교통부,true,nlic_api,DOC-000116,UNIT-0058868,,,,2024-51,20240122,20240122,고시,
DOC-003964,LAW-KR-000051,환경측정분석정보관리시스템 운영지침,api,admin_rule,notice,,고시,nlic_admrul,norm:Notice,true,기후에너지환경부,true,nlic_api,DOC-000143,UNIT-0064771,,,,2025-165,20251001,20251007,고시,
DOC-003965,LAW-KR-000051,환경측정기기의 형식승인ㆍ정도검사 등에 관한 고시,api,admin_rule,notice,,고시,nlic_admrul,norm:Notice,true,국립환경과학원,true,nlic_api,DOC-000145,UNIT-0065367,,,,2026-30,20260727,20260727,고시,
DOC-003966,LAW-KR-000114,"건설기준 코드(설계코드 KDS, 시방코드 KCS)",api,admin_rule,notice,,고시,nlic_admrul,norm:Notice,true,국토교통부,true,nlic_api,DOC-000206,UNIT-0091415,,,,2018-468,20180803,20180809,고시,
DOC-003967,LAW-KR-000114,교량점검시설 설치지침,api,admin_rule,established_rule,,예규,nlic_admrul,norm:EstablishedRule,true,국토교통부,true,nlic_api,DOC-000206,UNIT-0091415,,,,360,20230120,20230120,예규,
DOC-003968,LAW-KR-000086,소방항공기 정비 규정,api,admin_rule,directive,,훈령,nlic_admrul,norm:Directive,true,소방청,true,nlic_api,DOC-000233,UNIT-0097441,,,,362,20240226,20240226,훈령,
DOC-003969,LAW-KR-000086,119항공대 운영 규정,api,admin_rule,directive,,훈령,nlic_admrul,norm:Directive,true,소방청,true,nlic_api,DOC-000233,UNIT-0097445,,,,435,20250815,20250815,훈령,
DOC-003970,LAW-KR-000086,소방청장이 지정하는 감염병의 종류 고시,api,admin_rule,notice,,고시,nlic_admrul,norm:Notice,true,소방청,true,nlic_api,DOC-000233,UNIT-0097537,,,,2026-6,20260417,20260417,고시,
DOC-003971,LAW-KR-000086,구조대원 교육훈련에 관한 규정,api,admin_rule,directive,,훈령,nlic_admrul,norm:Directive,true,소방청,true,nlic_api,DOC-000234,UNIT-0097787,,,,420,20250625,20250625,훈령,
DOC-003972,LAW-KR-000086,화학사고 대응능력 교육 및 평가에 관한 규정,api,admin_rule,directive,,훈령,nlic_admrul,norm:Directive,true,소방청,true,nlic_api,DOC-000234,UNIT-0097787,,,,414,20250523,20250523,훈령,
DOC-003973,LAW-KR-000086,구급전문교육사 양성 및 운영에 관한 규정,api,admin_rule,directive,,훈령,nlic_admrul,norm:Directive,true,소방청,true,nlic_api,DOC-000234,UNIT-0097814,,,,380,20240801,20240801,훈령,
DOC-003974,LAW-KR-000086,구급대원 교육훈련에 관한 규정,api,admin_rule,directive,,훈령,nlic_admrul,norm:Directive,true,소방청,true,nlic_api,DOC-000234,UNIT-0097817,,,,379,20240801,20240801,훈령,
DOC-003975,LAW-KR-000102,현장승선실습 표준협약서,api,admin_rule,notice,,고시,nlic_admrul,norm:Notice,true,해양수산부,true,nlic_api,DOC-000279,UNIT-0109180,,,,2020-128,20200819,20200819,고시,
DOC-003976,LAW-KR-000103,공동주택 등을 띄어 건설하여야 하는 공장업종,api,admin_rule,notice,,고시,nlic_admrul,norm:Notice,true,국토교통부,true,nlic_api,DOC-000282,UNIT-0110338,,,,2018-537,20180831,20180831,고시,
DOC-003977,LAW-KR-000103,공동주택 디자인 가이드라인,api,admin_rule,notice,,고시,nlic_admrul,norm:Notice,true,국토교통부,true,nlic_api,DOC-000282,UNIT-0109845,,,,2018-536,20180831,20180831,고시,
DOC-003978,LAW-KR-000113,단지내도로 교통안전시설의 설치·관리기준,api,admin_rule,notice,,고시,nlic_admrul,norm:Notice,true,국토교통부,true,nlic_api,DOC-000312,UNIT-0122038,,,,2025-106,20250306,20250306,고시,
DOC-003979,LAW-KR-000114,접도구역 관리지침,api,admin_rule,notice,,지침,nlic_admrul_미배치,norm:AdministrativeRule,true,국토교통부,true,nlic_api,DOC-000313,UNIT-0122455,,,,2019-190,20190307,20190307,지침,
DOC-003980,LAW-KR-000115,수상레저사업장 종사 래프팅가이드 자격관리 규칙,api,admin_rule,notice,,고시,nlic_admrul,norm:Notice,true,해양경찰청,true,nlic_api,DOC-000317,UNIT-0124502,,,,2026-1,20260115,20260115,고시,
DOC-003981,LAW-KR-000119,체육시설 안전점검 지침,api,admin_rule,notice,,고시,nlic_admrul,norm:Notice,true,문화체육관광부,true,nlic_api,DOC-000329,UNIT-0127212,,,,2020-65,20201222,20201222,고시,
DOC-003982,LAW-KR-000122,건축공사 감리세부기준,api,admin_rule,notice,,고시,nlic_admrul,norm:Notice,true,국토교통부,true,nlic_api,DOC-000337,UNIT-0132275,,,,2024-377,20240710,20240710,고시,
DOC-003983,LAW-KR-000122,건축자재등 품질인정 및 관리기준,api,admin_rule,notice,,고시,nlic_admrul,norm:Notice,true,국토교통부,true,nlic_api,DOC-000337,UNIT-0132518,,,,2025-508,20250919,20250919,고시,
DOC-003984,LAW-KR-000124,물리적방호 교육 및 훈련에 관한 규정,api,admin_rule,notice,,고시,nlic_admrul,norm:Notice,true,원자력안전위원회,true,nlic_api,DOC-000343,UNIT-0136660,,,,2021-7,20210609,20210609,고시,
DOC-003985,LAW-KR-000124,원자력사업자의 방사선비상대책에 관한 고시,api,admin_rule,notice,,고시,nlic_admrul,norm:Notice,true,원자력안전위원회,true,nlic_api,DOC-000343,UNIT-0136376,,,,2026-11,20260701,20260701,고시,
DOC-003986,LAW-KR-000124,방사능방재교육에 관한 규정,api,admin_rule,notice,,고시,nlic_admrul,norm:Notice,true,원자력안전위원회,true,nlic_api,DOC-000343,UNIT-0136498,,,,2024-12,20241231,20250106,고시,
DOC-003987,LAW-KR-000124,원자력시설등의 방호검사에 관한 규정,api,admin_rule,notice,,고시,nlic_admrul,norm:Notice,true,원자력안전위원회,true,nlic_api,DOC-000344,UNIT-0136750,,,,2025-2,20250228,20250228,고시,
DOC-003988,LAW-KR-000127,고위험병원체 취급시설 및 안전관리에 관한 고시,api,admin_rule,notice,,고시,nlic_admrul,norm:Notice,true,질병관리청,true,nlic_api,DOC-000353,UNIT-0141652,,,,2024-2,20240102,20240108,고시,
DOC-003989,LAW-KR-000128,지구단위 홍수방어기준,api,admin_rule,notice,,고시,nlic_admrul,norm:Notice,true,행정안전부,true,nlic_api,DOC-000355,UNIT-0142834,,,,2017-1,20170726,20170726,고시,
DOC-003990,LAW-KR-000128,우수유출저감대책 및 시설에 관한 기준,api,admin_rule,notice,,고시,nlic_admrul,norm:Notice,true,행정안전부,true,nlic_api,DOC-000356,UNIT-0143613,,,,2025-38,20250602,20250602,고시,
DOC-003991,LAW-KR-000128,산업통상자원부 소관 지진 비상대처계획 수립대상 시설물,api,admin_rule,notice,,고시,nlic_admrul,norm:Notice,true,산업통상부,true,nlic_api,DOC-000356,UNIT-0143896,,,,2017-126,20170911,20170911,고시,
DOC-003992,LAW-KR-000129,최고속도 30km/h인 고속도로 구간 지정,api,admin_rule,notice,,고시,nlic_admrul,norm:Notice,true,경찰청,true,nlic_api,DOC-000358,UNIT-0145237,,,,2010-3,20100831,20100901,고시,
DOC-003993,LAW-KR-000129,최고속도 110km/h인 고속도로 지정 고시,api,admin_rule,notice,,고시,nlic_admrul,norm:Notice,true,경찰청,true,nlic_api,DOC-000358,UNIT-0145237,,,,2024-11,20241231,20241231,고시,
DOC-003994,LAW-KR-000129,최고속도 120km/h인 고속도로 지정 고시,api,admin_rule,notice,,고시,nlic_admrul,norm:Notice,true,경찰청,true,nlic_api,DOC-000358,UNIT-0145237,,,,2024-10,20241231,20241231,고시,
DOC-003995,LAW-KR-000130,자동차 및 자동차부품의 성능과 기준 시행세칙,api,admin_rule,notice,,고시,nlic_admrul,norm:Notice,true,국토교통부,true,nlic_api,DOC-000363,UNIT-0151912,,,,2026-359,20260710,20260710,고시,
DOC-003996,LAW-KR-000130,자동차용 내압용기 안전에 관한 규정,api,admin_rule,notice,,고시,nlic_admrul,norm:Notice,true,국토교통부,true,nlic_api,DOC-000363,UNIT-0152363,,,,2026-170,20260403,20260403,고시,
DOC-003997,LAW-KR-000132,"항공보안장비 종류, 운영 및 유지관리 등에 관한 기준",api,admin_rule,notice,,고시,nlic_admrul,norm:Notice,true,국토교통부,true,nlic_api,DOC-000367,UNIT-0153612,,,,2020-455,20200622,20200622,고시,
DOC-003998,LAW-KR-000133,어선구조기준,api,admin_rule,notice,,고시,nlic_admrul,norm:Notice,true,해양수산부,true,nlic_api,DOC-000370,UNIT-0154563,,,,2024-84,20240726,20240726,고시,
DOC-003999,LAW-KR-000133,어선복원성 및 만재흘수선 기준,api,admin_rule,notice,,고시,nlic_admrul,norm:Notice,true,해양수산부,true,nlic_api,DOC-000370,UNIT-0154680,,,,2026-6,20260109,20260115,고시,
DOC-004000,LAW-KR-000138,홍수조절지 및 저류지 관리규정,api,admin_rule,directive,,훈령,nlic_admrul,norm:Directive,true,기후에너지환경부,true,nlic_api,DOC-000385,UNIT-0160960,,,,4,20251105,20251105,훈령,
DOC-004001,LAW-KR-000138,댐과 보 등의 연계운영규정,api,admin_rule,directive,,훈령,nlic_admrul,norm:Directive,true,기후에너지환경부,true,nlic_api,DOC-000385,UNIT-0160963,,,,42,20260708,20260708,훈령,
DOC-004002,LAW-KR-000138,국가하천 배수영향구간 지정 고시,api,admin_rule,notice,,고시,nlic_admrul,norm:Notice,true,기후에너지환경부,true,nlic_api,DOC-000385,UNIT-0161030,,,,2026-93,20260428,20260504,고시,
DOC-004003,LAW-KR-000138,기후에너지환경부장관이 유지·보수하는 국가하천의 시설 및 구간 고시,api,admin_rule,notice,,고시,nlic_admrul,norm:Notice,true,기후에너지환경부,true,nlic_api,DOC-000385,UNIT-0161032,,,,2025-165,20251001,20251007,고시,
DOC-004004,LAW-KR-000143,진단용 방사선 안전관리책임자에 대한 교육 및 교육기관 지정,api,admin_rule,notice,,고시,nlic_admrul,norm:Notice,true,질병관리청,true,nlic_api,DOC-000400,UNIT-0166746,,,,2023-18,20231030,20231030,고시,
DOC-004005,LAW-KR-000143,질병관리청장이 지정하는 감염병의 종류 고시,api,admin_rule,notice,,고시,nlic_admrul,norm:Notice,true,질병관리청,true,nlic_api,DOC-000402,UNIT-0168216,,,,2026-9,20260601,20260601,고시,
DOC-004006,LAW-KR-000152,증축형 리모델링 안전진단기준,api,admin_rule,notice,,고시,nlic_admrul,norm:Notice,true,국토교통부,true,nlic_api,DOC-000427,UNIT-0180758,,,,2020-1182,20201230,20210101,고시,
DOC-004007,LAW-KR-000154,휘발성유기화합물 배출규제 추가지역 지정고시,api,admin_rule,notice,,고시,nlic_admrul,norm:Notice,true,기후에너지환경부,true,nlic_api,DOC-000433,UNIT-0183484,,,,2016-74,20160419,20170128,고시,
DOC-004008,LAW-KR-000156,전기용품 안전기준(KC 60745-2-13),api,admin_rule,notice,,고시,nlic_admrul,norm:Notice,true,국가기술표준원,true,nlic_api,DOC-000439,UNIT-0187339,,,,2022-16,20220216,20220216,고시,
DOC-004009,LAW-KR-000156,전기용품 안전기준(KC 60745-2-14),api,admin_rule,notice,,고시,nlic_admrul,norm:Notice,true,국가기술표준원,true,nlic_api,DOC-000439,UNIT-0187339,,,,2022-16,20220216,20220216,고시,
DOC-004010,LAW-KR-000156,전기용품 안전기준(KC 60745-2-15),api,admin_rule,notice,,고시,nlic_admrul,norm:Notice,true,국가기술표준원,true,nlic_api,DOC-000439,UNIT-0187339,,,,2022-16,20220216,20220216,고시,
DOC-004011,LAW-KR-000156,전기용품 안전기준(KC 60745-2-16),api,admin_rule,notice,,고시,nlic_admrul,norm:Notice,true,국가기술표준원,true,nlic_api,DOC-000439,UNIT-0187339,,,,2022-16,20220216,20220216,고시,
DOC-004012,LAW-KR-000156,전기용품 안전기준(KC 60745-2-17),api,admin_rule,notice,,고시,nlic_admrul,norm:Notice,true,국가기술표준원,true,nlic_api,DOC-000439,UNIT-0187339,,,,2022-16,20220216,20220216,고시,
DOC-004013,LAW-KR-000156,전기용품 안전기준(KC 60745-2-2),api,admin_rule,notice,,고시,nlic_admrul,norm:Notice,true,국가기술표준원,true,nlic_api,DOC-000439,UNIT-0187339,,,,2022-16,20220216,20220216,고시,
DOC-004014,LAW-KR-000156,전기용품 안전기준(KC 60745-2-6),api,admin_rule,notice,,고시,nlic_admrul,norm:Notice,true,국가기술표준원,true,nlic_api,DOC-000439,UNIT-0187339,,,,2022-16,20220216,20220216,고시,
DOC-004015,LAW-KR-000156,전기용품 안전기준(KC 60745-2-8),api,admin_rule,notice,,고시,nlic_admrul,norm:Notice,true,국가기술표준원,true,nlic_api,DOC-000439,UNIT-0187339,,,,2022-16,20220216,20220216,고시,
DOC-004016,LAW-KR-000156,전기용품 안전기준(KC 60745-2-1),api,admin_rule,notice,,고시,nlic_admrul,norm:Notice,true,국가기술표준원,true,nlic_api,DOC-000439,UNIT-0187339,,,,2022-16,20220216,20220216,고시,
DOC-004017,LAW-KR-000156,전기용품 안전기준(KC 60745-2-9),api,admin_rule,notice,,고시,nlic_admrul,norm:Notice,true,국가기술표준원,true,nlic_api,DOC-000439,UNIT-0187339,,,,2022-16,20220216,20220216,고시,
DOC-004018,LAW-KR-000156,전기용품 안전기준(KC 60838-2-2),api,admin_rule,notice,,고시,nlic_admrul,norm:Notice,true,국가기술표준원,true,nlic_api,DOC-000439,UNIT-0187339,,,,2022-16,20220216,20220216,고시,
DOC-004019,LAW-KR-000156,전기용품 안전기준(KC 60884-1),api,admin_rule,notice,,고시,nlic_admrul,norm:Notice,true,국가기술표준원,true,nlic_api,DOC-000439,UNIT-0187339,,,,2015-238,20150706,20150706,고시,
DOC-004020,LAW-KR-000156,전기용품 안전기준(KC 60745-1),api,admin_rule,notice,,고시,nlic_admrul,norm:Notice,true,국가기술표준원,true,nlic_api,DOC-000439,UNIT-0187339,,,,2022-16,20220216,20220216,고시,
DOC-004021,LAW-KR-000156,전기용품 안전기준(KC 60927),api,admin_rule,notice,,고시,nlic_admrul,norm:Notice,true,국가기술표준원,true,nlic_api,DOC-000439,UNIT-0187339,,,,2022-16,20220216,20220216,고시,
DOC-004022,LAW-KR-000156,전기용품 안전기준(KC 60929),api,admin_rule,notice,,고시,nlic_admrul,norm:Notice,true,국가기술표준원,true,nlic_api,DOC-000439,UNIT-0187339,,,,2022-16,20220216,20220216,고시,
DOC-004023,LAW-KR-000156,전기용품 안전기준(KC 60947-2),api,admin_rule,notice,,고시,nlic_admrul,norm:Notice,true,국가기술표준원,true,nlic_api,DOC-000439,UNIT-0187339,,,,2022-458,20221025,20221025,고시,
DOC-004024,LAW-KR-000156,전기용품 안전기준(KC 60968),api,admin_rule,notice,,고시,nlic_admrul,norm:Notice,true,국가기술표준원,true,nlic_api,DOC-000439,UNIT-0187339,,,,2022-16,20220216,20220216,고시,
DOC-004025,LAW-KR-000156,전기용품 안전기준(KC 62752),api,admin_rule,notice,,고시,nlic_admrul,norm:Notice,true,국가기술표준원,true,nlic_api,DOC-000439,UNIT-0187339,,,,2022-513,20221111,20221111,고시,
DOC-004026,LAW-KR-000156,전기용품 안전기준(KC 62619),api,admin_rule,notice,,고시,nlic_admrul,norm:Notice,true,국가기술표준원,true,nlic_api,DOC-000439,UNIT-0187339,,,,2023-27,20230320,20230320,고시,
DOC-004027,LAW-KR-000156,전기용품 안전기준(KC 62368-1),api,admin_rule,notice,,고시,nlic_admrul,norm:Notice,true,국가기술표준원,true,nlic_api,DOC-000439,UNIT-0187339,,,,2021-283,20210827,20210827,고시,
DOC-004028,LAW-KR-000156,전기용품 안전기준(KC 62196-2),api,admin_rule,notice,,고시,nlic_admrul,norm:Notice,true,국가기술표준원,true,nlic_api,DOC-000439,UNIT-0187339,,,,2020-138,20200721,20200721,고시,
DOC-004029,LAW-KR-000156,전기용품 안전기준(KC 62133-2),api,admin_rule,notice,,고시,nlic_admrul,norm:Notice,true,국가기술표준원,true,nlic_api,DOC-000439,UNIT-0187339,,,,2020-138,20200721,20200721,고시,
DOC-004030,LAW-KR-000156,전기용품 안전기준(KC 62035),api,admin_rule,notice,,고시,nlic_admrul,norm:Notice,true,국가기술표준원,true,nlic_api,DOC-000439,UNIT-0187339,,,,2020-357,20201106,20201106,고시,
DOC-004031,LAW-KR-000156,전기용품 안전기준(KC 62031),api,admin_rule,notice,,고시,nlic_admrul,norm:Notice,true,국가기술표준원,true,nlic_api,DOC-000439,UNIT-0187339,,,,2022-16,20220216,20220216,고시,
DOC-004032,LAW-KR-000156,전기용품 안전기준(KC 61851-1),api,admin_rule,notice,,고시,nlic_admrul,norm:Notice,true,국가기술표준원,true,nlic_api,DOC-000439,UNIT-0187339,,,,2022-513,20221111,20221111,고시,
DOC-004033,LAW-KR-000156,전기용품 안전기준(KC 61347-2-9),api,admin_rule,notice,,고시,nlic_admrul,norm:Notice,true,국가기술표준원,true,nlic_api,DOC-000439,UNIT-0187339,,,,2022-16,20220216,20220216,고시,
DOC-004034,LAW-KR-000156,전기용품 안전기준(KC 61347-2-8),api,admin_rule,notice,,고시,nlic_admrul,norm:Notice,true,국가기술표준원,true,nlic_api,DOC-000439,UNIT-0187339,,,,2022-16,20220216,20220216,고시,
DOC-004035,LAW-KR-000156,전기용품 안전기준(KC 61347-2-13),api,admin_rule,notice,,고시,nlic_admrul,norm:Notice,true,국가기술표준원,true,nlic_api,DOC-000439,UNIT-0187339,,,,2022-16,20220216,20220216,고시,
DOC-004036,LAW-KR-000156,전기용품 안전기준(KC 61347-2-12),api,admin_rule,notice,,고시,nlic_admrul,norm:Notice,true,국가기술표준원,true,nlic_api,DOC-000439,UNIT-0187339,,,,2022-16,20220216,20220216,고시,
DOC-004037,LAW-KR-000156,전기용품 안전기준(KC 61347-1),api,admin_rule,notice,,고시,nlic_admrul,norm:Notice,true,국가기술표준원,true,nlic_api,DOC-000439,UNIT-0187339,,,,2022-16,20220216,20220216,고시,
DOC-004038,LAW-KR-000156,전기용품 안전기준(KC 61199),api,admin_rule,notice,,고시,nlic_admrul,norm:Notice,true,국가기술표준원,true,nlic_api,DOC-000439,UNIT-0187339,,,,2020-357,20201106,20201106,고시,
DOC-004039,LAW-KR-000156,전기용품 안전기준(KC 61195),api,admin_rule,notice,,고시,nlic_admrul,norm:Notice,true,국가기술표준원,true,nlic_api,DOC-000439,UNIT-0187339,,,,2020-357,20201106,20201106,고시,
DOC-004040,LAW-KR-000156,전기용품 안전기준(KC 61050),api,admin_rule,notice,,고시,nlic_admrul,norm:Notice,true,국가기술표준원,true,nlic_api,DOC-000439,UNIT-0187339,,,,2022-16,20220216,20220216,고시,
DOC-004041,LAW-KR-000156,전기용품 안전기준(KC 60598-2-8),api,admin_rule,notice,,고시,nlic_admrul,norm:Notice,true,국가기술표준원,true,nlic_api,DOC-000439,UNIT-0187339,,,,2021-232,20210811,20210811,고시,
DOC-004042,LAW-KR-000156,전기용품 안전기준(KC 60598-2-5),api,admin_rule,notice,,고시,nlic_admrul,norm:Notice,true,국가기술표준원,true,nlic_api,DOC-000439,UNIT-0187339,,,,2022-16,20220216,20220216,고시,
DOC-004043,LAW-KR-000156,전기용품 안전기준(KC 60335-2-102),api,admin_rule,notice,,고시,nlic_admrul,norm:Notice,true,국가기술표준원,true,nlic_api,DOC-000439,UNIT-0187339,,,,2022-16,20220216,20220216,고시,
DOC-004044,LAW-KR-000156,전기용품 안전기준(KC 60335-2-11),api,admin_rule,notice,,고시,nlic_admrul,norm:Notice,true,국가기술표준원,true,nlic_api,DOC-000439,UNIT-0187339,,,,2021-31,20210208,20210208,고시,
DOC-004045,LAW-KR-000156,전기용품 안전기준(KC 60335-2-15),api,admin_rule,notice,,고시,nlic_admrul,norm:Notice,true,국가기술표준원,true,nlic_api,DOC-000439,UNIT-0187339,,,,2022-16,20220216,20220216,고시,
DOC-004046,LAW-KR-000156,전기용품 안전기준(KC 60335-2-17),api,admin_rule,notice,,고시,nlic_admrul,norm:Notice,true,국가기술표준원,true,nlic_api,DOC-000439,UNIT-0187339,,,,2015-510,20151109,20151109,고시,
DOC-004047,LAW-KR-000156,전기용품 안전기준(KC 60335-2-21),api,admin_rule,notice,,고시,nlic_admrul,norm:Notice,true,국가기술표준원,true,nlic_api,DOC-000439,UNIT-0187339,,,,2022-16,20220216,20220216,고시,
DOC-004048,LAW-KR-000156,전기용품 안전기준(KC 60335-2-23),api,admin_rule,notice,,고시,nlic_admrul,norm:Notice,true,국가기술표준원,true,nlic_api,DOC-000439,UNIT-0187339,,,,2021-686,20220106,20220106,고시,
DOC-004049,LAW-KR-000156,전기용품 안전기준(KC 60335-2-24),api,admin_rule,notice,,고시,nlic_admrul,norm:Notice,true,국가기술표준원,true,nlic_api,DOC-000439,UNIT-0187339,,,,2022-16,20220216,20220216,고시,
DOC-004050,LAW-KR-000156,전기용품 안전기준(KC 60335-2-25),api,admin_rule,notice,,고시,nlic_admrul,norm:Notice,true,국가기술표준원,true,nlic_api,DOC-000439,UNIT-0187339,,,,2022-16,20220216,20220216,고시,
DOC-004051,LAW-KR-000156,전기용품 안전기준(KC 60335-2-29),api,admin_rule,notice,,고시,nlic_admrul,norm:Notice,true,국가기술표준원,true,nlic_api,DOC-000439,UNIT-0187339,,,,2020-87,20200514,20200514,고시,
DOC-004052,LAW-KR-000156,전기용품 안전기준(KC 60335-2-31),api,admin_rule,notice,,고시,nlic_admrul,norm:Notice,true,국가기술표준원,true,nlic_api,DOC-000439,UNIT-0187339,,,,2022-16,20220216,20220216,고시,
DOC-004053,LAW-KR-000156,전기용품 안전기준(KC 60335-2-35),api,admin_rule,notice,,고시,nlic_admrul,norm:Notice,true,국가기술표준원,true,nlic_api,DOC-000439,UNIT-0187339,,,,2022-16,20220216,20220216,고시,
DOC-004054,LAW-KR-000156,전기용품 안전기준(KC 60335-2-40),api,admin_rule,notice,,고시,nlic_admrul,norm:Notice,true,국가기술표준원,true,nlic_api,DOC-000439,UNIT-0187339,,,,2022-105,20220610,20220610,고시,
DOC-004055,LAW-KR-000156,전기용품 안전기준(KC 60335-2-43),api,admin_rule,notice,,고시,nlic_admrul,norm:Notice,true,국가기술표준원,true,nlic_api,DOC-000439,UNIT-0187339,,,,2022-16,20220216,20220216,고시,
DOC-004056,LAW-KR-000156,전기용품 안전기준(KC 60335-2-44),api,admin_rule,notice,,고시,nlic_admrul,norm:Notice,true,국가기술표준원,true,nlic_api,DOC-000439,UNIT-0187339,,,,2021-453,20211012,20211012,고시,
DOC-004057,LAW-KR-000156,전기용품 안전기준(KC 60335-2-58),api,admin_rule,notice,,고시,nlic_admrul,norm:Notice,true,국가기술표준원,true,nlic_api,DOC-000439,UNIT-0187339,,,,2022-16,20220216,20220216,고시,
DOC-004058,LAW-KR-000156,전기용품 안전기준(KC 60335-2-6),api,admin_rule,notice,,고시,nlic_admrul,norm:Notice,true,국가기술표준원,true,nlic_api,DOC-000439,UNIT-0187339,,,,2022-16,20220216,20220216,고시,
DOC-004059,LAW-KR-000156,전기용품 안전기준(KC 60335-2-60),api,admin_rule,notice,,고시,nlic_admrul,norm:Notice,true,국가기술표준원,true,nlic_api,DOC-000439,UNIT-0187339,,,,2022-16,20220216,20220216,고시,
DOC-004060,LAW-KR-000156,전기용품 안전기준(KC 60335-2-65),api,admin_rule,notice,,고시,nlic_admrul,norm:Notice,true,국가기술표준원,true,nlic_api,DOC-000439,UNIT-0187339,,,,2022-105,20220610,20220610,고시,
DOC-004061,LAW-KR-000156,전기용품 안전기준(KC 60335-2-100),api,admin_rule,notice,,고시,nlic_admrul,norm:Notice,true,국가기술표준원,true,nlic_api,DOC-000439,UNIT-0187339,,,,2020-357,20201106,20201106,고시,
DOC-004062,LAW-KR-000156,전기용품 안전기준(KC 60335-1),api,admin_rule,notice,,고시,nlic_admrul,norm:Notice,true,국가기술표준원,true,nlic_api,DOC-000439,UNIT-0187339,,,,2022-105,20220610,20220610,고시,
DOC-004063,LAW-KR-000156,전기용품 안전기준(KC 10025),api,admin_rule,notice,,고시,nlic_admrul,norm:Notice,true,국가기술표준원,true,nlic_api,DOC-000439,UNIT-0187339,,,,2022-16,20220216,20220216,고시,
DOC-004064,LAW-KR-000156,전기용품 안전기준(KC 60598-2-4),api,admin_rule,notice,,고시,nlic_admrul,norm:Notice,true,국가기술표준원,true,nlic_api,DOC-000439,UNIT-0187339,,,,2022-16,20220216,20220216,고시,
DOC-004065,LAW-KR-000156,전기용품 안전기준(KC 60598-2-21),api,admin_rule,notice,,고시,nlic_admrul,norm:Notice,true,국가기술표준원,true,nlic_api,DOC-000439,UNIT-0187339,,,,2022-16,20220216,20220216,고시,
DOC-004066,LAW-KR-000156,전기용품 안전기준(KC 60598-2-20),api,admin_rule,notice,,고시,nlic_admrul,norm:Notice,true,국가기술표준원,true,nlic_api,DOC-000439,UNIT-0187339,,,,2022-16,20220216,20220216,고시,
DOC-004067,LAW-KR-000156,전기용품 안전기준(KC 60598-2-2),api,admin_rule,notice,,고시,nlic_admrul,norm:Notice,true,국가기술표준원,true,nlic_api,DOC-000439,UNIT-0187339,,,,2022-16,20220216,20220216,고시,
DOC-004068,LAW-KR-000156,전기용품 안전기준(KC 60598-2-1),api,admin_rule,notice,,고시,nlic_admrul,norm:Notice,true,국가기술표준원,true,nlic_api,DOC-000439,UNIT-0187339,,,,2022-16,20220216,20220216,고시,
DOC-004069,LAW-KR-000156,전기용품 안전기준(KC 60598-1),api,admin_rule,notice,,고시,nlic_admrul,norm:Notice,true,국가기술표준원,true,nlic_api,DOC-000439,UNIT-0187339,,,,2022-16,20220216,20220216,고시,
DOC-004070,LAW-KR-000156,전기용품 안전기준(KC 60400),api,admin_rule,notice,,고시,nlic_admrul,norm:Notice,true,국가기술표준원,true,nlic_api,DOC-000439,UNIT-0187339,,,,2021-232,20210811,20210811,고시,
DOC-004071,LAW-KR-000156,전기용품 안전기준(KC 60335-2-84),api,admin_rule,notice,,고시,nlic_admrul,norm:Notice,true,국가기술표준원,true,nlic_api,DOC-000439,UNIT-0187339,,,,2022-458,20221025,20221025,고시,
DOC-004072,LAW-KR-000156,전기용품 안전기준(KC 60335-2-82),api,admin_rule,notice,,고시,nlic_admrul,norm:Notice,true,국가기술표준원,true,nlic_api,DOC-000439,UNIT-0187339,,,,2022-16,20220216,20220216,고시,
DOC-004073,LAW-KR-000156,전기용품 안전기준(KC 60335-2-79),api,admin_rule,notice,,고시,nlic_admrul,norm:Notice,true,국가기술표준원,true,nlic_api,DOC-000439,UNIT-0187339,,,,2022-16,20220216,20220216,고시,
DOC-004074,LAW-KR-000156,전기용품 안전기준(KC 60335-2-71),api,admin_rule,notice,,고시,nlic_admrul,norm:Notice,true,국가기술표준원,true,nlic_api,DOC-000439,UNIT-0187339,,,,2022-16,20220216,20220216,고시,
DOC-004075,LAW-KR-000156,전기용품 안전기준(KC 60335-2-70),api,admin_rule,notice,,고시,nlic_admrul,norm:Notice,true,국가기술표준원,true,nlic_api,DOC-000439,UNIT-0187339,,,,2022-16,20220216,20220216,고시,
DOC-004076,LAW-KR-000156,전기용품 안전기준(K 10020),api,admin_rule,notice,,고시,nlic_admrul,norm:Notice,true,국가기술표준원,true,nlic_api,DOC-000439,UNIT-0187339,,,,2021-453,20211012,20211012,고시,
DOC-004077,LAW-KR-000156,전기용품 안전기준(K 10021),api,admin_rule,notice,,고시,nlic_admrul,norm:Notice,true,국가기술표준원,true,nlic_api,DOC-000439,UNIT-0187339,,,,2021-232,20210811,20210811,고시,
DOC-004078,LAW-KR-000156,전기용품 안전기준(KC 10018),api,admin_rule,notice,,고시,nlic_admrul,norm:Notice,true,국가기술표준원,true,nlic_api,DOC-000439,UNIT-0187339,,,,2021-453,20211012,20220413,고시,
DOC-004079,LAW-KR-000156,전기용품 안전기준(KC 10023),api,admin_rule,notice,,고시,nlic_admrul,norm:Notice,true,국가기술표준원,true,nlic_api,DOC-000439,UNIT-0187339,,,,2022-16,20220216,20220216,고시,
DOC-004080,LAW-KR-000156,전기용품 안전기준(KC 60335-2-80),api,admin_rule,notice,,고시,nlic_admrul,norm:Notice,true,국가기술표준원,true,nlic_api,DOC-000439,UNIT-0187339,,,,2021-686,20220106,20220106,고시,
DOC-004081,LAW-KR-000156,전기용품 안전기준(KC 60335-2-7),api,admin_rule,notice,,고시,nlic_admrul,norm:Notice,true,국가기술표준원,true,nlic_api,DOC-000439,UNIT-0187339,,,,2021-686,20220106,20220106,고시,
DOC-004082,LAW-KR-000156,어린이보호포장대상공산품의 안전기준,api,admin_rule,notice,,고시,nlic_admrul,norm:Notice,true,국가기술표준원,true,nlic_api,DOC-000439,UNIT-0187072,,,,2017-337,20170829,20170829,고시,
DOC-004083,LAW-KR-000156,전기용품 및 생활용품 안전관리 운용요령,api,admin_rule,notice,,고시,nlic_admrul,norm:Notice,true,국가기술표준원,true,nlic_api,DOC-000439,UNIT-0187084,,,,2025-416,20251031,20260826,고시,
DOC-004084,LAW-KR-000159,구제역 방역실시요령,api,admin_rule,notice,,고시,nlic_admrul,norm:Notice,true,농림축산식품부,true,nlic_api,DOC-000448,UNIT-0189581,,,,2026-53,20260408,20260408,고시,
DOC-004085,LAW-KR-000159,조류인플루엔자 방역실시요령,api,admin_rule,notice,,고시,nlic_admrul,norm:Notice,true,농림축산식품부,true,nlic_api,DOC-000448,UNIT-0189581,,,,2026-25,20260202,20260202,고시,
DOC-004086,LAW-KR-000159,소독설비의 운영 및 소독요령,api,admin_rule,notice,,고시,nlic_admrul,norm:Notice,true,농림축산식품부,true,nlic_api,DOC-000448,UNIT-0189415,,,,2016-50,20160607,20160607,고시,
DOC-004087,LAW-KR-000159,방역관리 책임자 교육 운영 요령,api,admin_rule,notice,,고시,nlic_admrul,norm:Notice,true,농림축산검역본부,true,nlic_api,DOC-000450,UNIT-0191057,,,,2022-49,20221229,20221229,고시,
DOC-004088,LAW-KR-000159,축산시설 출입차량 소유자·운전자 교육 및 무선인식장치 운영요령,api,admin_rule,notice,,고시,nlic_admrul,norm:Notice,true,농림축산검역본부,true,nlic_api,DOC-000450,UNIT-0190493,,,,2023-46,20231204,20231204,고시,
DOC-004089,LAW-KR-000162,건축물관리계획 작성기준,api,admin_rule,notice,,고시,nlic_admrul,norm:Notice,true,국토교통부,true,nlic_api,DOC-000457,UNIT-0192663,,,,2020-316,20200501,20200501,고시,
DOC-004090,LAW-KR-000164,선원업무 처리지침,api,admin_rule,directive,,훈령,nlic_admrul,norm:Directive,true,해양수산부,true,nlic_api,DOC-000463,UNIT-0195387,,,,828,20260511,20260511,훈령,
DOC-004091,LAW-KR-000166,어린이놀이시설의 시설기준 및 기술기준,api,admin_rule,notice,,고시,nlic_admrul,norm:Notice,true,행정안전부,true,nlic_api,DOC-000469,UNIT-0196849,,,,2023-73,20231031,20231031,고시,
DOC-004092,LAW-KR-000173,지하정보활용지원센터 지정 고시,api,admin_rule,notice,,고시,nlic_admrul,norm:Notice,true,국토교통부,true,nlic_api,DOC-000490,UNIT-0200776,,,,2022-824,20221222,20230101,고시,
DOC-004093,LAW-KR-000179,가공·변형된 석면함유가능물질의 석면허용기준,api,admin_rule,notice,,고시,nlic_admrul,norm:Notice,true,기후에너지환경부,true,nlic_api,DOC-000508,UNIT-0206588,,,,2025-165,20251001,20251001,고시,
DOC-004094,LAW-KR-000179,석면건축물의 위해성 평가 및 조치 방법,api,admin_rule,notice,,고시,nlic_admrul,norm:Notice,true,기후에너지환경부,true,nlic_api,DOC-000509,UNIT-0206944,,,,2025-165,20251001,20251007,고시,
DOC-004095,LAW-KR-000182,공연장 무대시설 안전진단 시행세칙,api,admin_rule,notice,,고시,nlic_admrul,norm:Notice,true,문화체육관광부,true,nlic_api,DOC-000516,UNIT-0208931,,,,2023-51,20231108,20231108,고시,
DOC-004096,LAW-KR-000184,여객자동차 운수종사자 음주 확인 및 기록에 대한 업무규정,api,admin_rule,directive,,훈령,nlic_admrul,norm:Directive,true,국토교통부,true,nlic_api,DOC-000522,UNIT-0211253,,,,1568,20221122,20221122,훈령,
DOC-004097,LAW-KR-000192,컨테이너 형식승인 시험 및 검정기준,api,admin_rule,notice,,고시,nlic_admrul,norm:Notice,true,해양수산부,true,nlic_api,DOC-000543,UNIT-0221254,,,,2023-118,20230727,20230727,고시,
DOC-004098,LAW-KR-000192,강화플라스틱(FRP)선의 구조기준,api,admin_rule,notice,,고시,nlic_admrul,norm:Notice,true,해양수산부,true,nlic_api,DOC-000543,UNIT-0221319,,,,2025-14,20250120,20250120,고시,
DOC-004099,LAW-KR-000192,강선의 구조기준,api,admin_rule,notice,,고시,nlic_admrul,norm:Notice,true,해양수산부,true,nlic_api,DOC-000543,UNIT-0221319,,,,2025-14,20250120,20250120,고시,
DOC-004100,LAW-KR-000192,저인화점연료 추진선박기준,api,admin_rule,notice,,고시,nlic_admrul,norm:Notice,true,해양수산부,true,nlic_api,DOC-000543,UNIT-0221319,,,,2026-88,20260721,20260721,고시,
DOC-004101,LAW-KR-000192,공기부양정의 구조 및 설비 등에 관한 기준,api,admin_rule,notice,,고시,nlic_admrul,norm:Notice,true,해양수산부,true,nlic_api,DOC-000543,UNIT-0221319,,,,2025-14,20250120,20250120,고시,
DOC-004102,LAW-KR-000192,선박방화구조기준,api,admin_rule,notice,,고시,nlic_admrul,norm:Notice,true,해양수산부,true,nlic_api,DOC-000543,UNIT-0221319,,,,2025-225,20251231,20251231,고시,
DOC-004103,LAW-KR-000192,목선의 구조기준,api,admin_rule,notice,,고시,nlic_admrul,norm:Notice,true,해양수산부,true,nlic_api,DOC-000543,UNIT-0221319,,,,2025-14,20250120,20250120,고시,
DOC-004104,LAW-KR-000192,"부선(艀船)의 구조, 설비, 만재흘수선 및 복원성에 관한 기준",api,admin_rule,notice,,고시,nlic_admrul,norm:Notice,true,해양수산부,true,nlic_api,DOC-000543,UNIT-0221319,,,,2022-79,20220523,20220523,고시,
DOC-004105,LAW-KR-000192,새로운 형식의 선박시설에 대한 잠정기준 마련에 관한 규정,api,admin_rule,established_rule,,예규,nlic_admrul,norm:EstablishedRule,true,해양수산부,true,nlic_api,DOC-000543,UNIT-0221319,,,,112,20200722,20200722,예규,
DOC-004106,LAW-KR-000192,선박구명설비기준,api,admin_rule,notice,,고시,nlic_admrul,norm:Notice,true,해양수산부,true,nlic_api,DOC-000543,UNIT-0221319,,,,2025-226,20251231,20251231,고시,
DOC-004107,LAW-KR-000192,선박구획기준,api,admin_rule,notice,,고시,nlic_admrul,norm:Notice,true,해양수산부,true,nlic_api,DOC-000543,UNIT-0221319,,,,2024-43,20240419,20240419,고시,
DOC-004108,LAW-KR-000192,선박설비기준,api,admin_rule,notice,,고시,nlic_admrul,norm:Notice,true,해양수산부,true,nlic_api,DOC-000543,UNIT-0221319,,,,2025-227,20251231,20251231,고시,
DOC-004109,LAW-KR-000192,선박소방설비기준,api,admin_rule,notice,,고시,nlic_admrul,norm:Notice,true,해양수산부,true,nlic_api,DOC-000543,UNIT-0221319,,,,2025-228,20251231,20251231,고시,
DOC-004110,LAW-KR-000192,선박전기설비기준,api,admin_rule,notice,,고시,nlic_admrul,norm:Notice,true,해양수산부,true,nlic_api,DOC-000543,UNIT-0221319,,,,2025-14,20250120,20250120,고시,
DOC-004111,LAW-KR-000192,소형선박의 구조 및 설비 등에 관한 기준,api,admin_rule,notice,,고시,nlic_admrul,norm:Notice,true,해양수산부,true,nlic_api,DOC-000543,UNIT-0221319,,,,2025-14,20250120,20250120,고시,
DOC-004112,LAW-KR-000192,알루미늄선의 구조기준,api,admin_rule,notice,,고시,nlic_admrul,norm:Notice,true,해양수산부,true,nlic_api,DOC-000543,UNIT-0221319,,,,2024-103,20240912,20240912,고시,
DOC-004113,LAW-KR-000192,원자력선기준,api,admin_rule,notice,,고시,nlic_admrul,norm:Notice,true,해양수산부,true,nlic_api,DOC-000543,UNIT-0221319,,,,2025-14,20250120,20250120,고시,
DOC-004114,LAW-KR-000192,잠수선 기준,api,admin_rule,notice,,고시,nlic_admrul,norm:Notice,true,해양수산부,true,nlic_api,DOC-000543,UNIT-0221319,,,,2025-14,20250120,20250120,고시,
DOC-004115,LAW-KR-000192,전기추진 선박기준,api,admin_rule,notice,,고시,nlic_admrul,norm:Notice,true,해양수산부,true,nlic_api,DOC-000543,UNIT-0221319,,,,2025-92,20250529,20250529,고시,
DOC-004116,LAW-KR-000192,카페리선박의 구조 및 설비 등에 관한 기준,api,admin_rule,notice,,고시,nlic_admrul,norm:Notice,true,해양수산부,true,nlic_api,DOC-000543,UNIT-0221319,,,,2020-116,20200731,20200731,고시,
DOC-004117,LAW-KR-000192,고속선 기준,api,admin_rule,notice,,고시,nlic_admrul,norm:Notice,true,해양수산부,true,nlic_api,DOC-000543,UNIT-0221319,,,,2026-65,20260619,20260619,고시,
DOC-004118,LAW-KR-000192,범선의 구조 및 설비 등에 관한 기준,api,admin_rule,notice,,고시,nlic_admrul,norm:Notice,true,해양수산부,true,nlic_api,DOC-000543,UNIT-0221319,,,,2025-14,20250120,20250120,고시,
DOC-004119,LAW-KR-000192,선박만재흘수선기준,api,admin_rule,notice,,고시,nlic_admrul,norm:Notice,true,해양수산부,true,nlic_api,DOC-000543,UNIT-0221321,,,,2024-44,20240419,20240419,고시,
DOC-004120,LAW-KR-000192,선박복원성기준,api,admin_rule,notice,,고시,nlic_admrul,norm:Notice,true,해양수산부,true,nlic_api,DOC-000543,UNIT-0221329,,,,2025-14,20250120,20250120,고시,
DOC-004121,LAW-KR-000192,방사성물질 운송선박의 안전기준,api,admin_rule,notice,,고시,nlic_admrul,norm:Notice,true,해양수산부,true,nlic_api,DOC-000543,UNIT-0221395,,,,2025-14,20250120,20250120,고시,
DOC-004122,LAW-KR-000065,"산적액체위험물 운송선박의 시설, 구조, 설비, 재료 및 부속품에 관한 기준",api,admin_rule,notice,,고시,nlic_admrul,norm:Notice,true,해양수산부,true,nlic_api,DOC-003279,UNIT-0273067,,,,2026-66,20260621,20260621,고시,
DOC-004123,LAW-KR-000192,외국적 시운전 선박에 대한 임시항해검사 지침,api,admin_rule,established_rule,,예규,nlic_admrul,norm:EstablishedRule,true,해양수산부,true,nlic_api,DOC-000545,UNIT-0222008,,,,2016-75,20160811,20160811,예규,
DOC-004124,LAW-KR-000192,컨테이너 안전점검 기준,api,admin_rule,notice,,고시,nlic_admrul,norm:Notice,true,해양수산부,true,nlic_api,DOC-000545,UNIT-0222455,,,,2023-119,20230727,20230727,고시,
DOC-004125,LAW-KR-000193,폐기물처리 신고업무 처리지침,api,admin_rule,established_rule,,예규,nlic_admrul,norm:EstablishedRule,true,기후에너지환경부,true,nlic_api,DOC-000546,UNIT-0223006,,,,4,20251105,20251111,예규,
DOC-004126,LAW-KR-000193,폐기물처리시설의 검사방법에 관한 규정,api,admin_rule,notice,,고시,nlic_admrul,norm:Notice,true,국립환경과학원,true,nlic_api,DOC-000546,UNIT-0223152,,,,2026-30,20260727,20260727,고시,
DOC-004127,LAW-KR-000193,폐기물처리업자 등에 대한 영상정보처리기기의 설치·운영 등에 관한 고시,api,admin_rule,notice,,고시,nlic_admrul,norm:Notice,true,기후에너지환경부,true,nlic_api,DOC-000548,UNIT-0224830,,,,2021-137,20210706,20210706,고시,
DOC-004128,LAW-KR-000193,폐기물매립시설 상부를 덮는 시설물 등의 설치 및 관리기준,api,admin_rule,notice,,고시,nlic_admrul,norm:Notice,true,기후에너지환경부,true,nlic_api,DOC-000548,UNIT-0224914,,,,2025-165,20251001,20251001,고시,
DOC-004129,LAW-KR-000121,타워크레인의 구조·규격 및 성능에 관한 기준,api,admin_rule,notice,,고시,nlic_admrul,norm:Notice,true,국토교통부,true,nlic_api,DOC-000579,UNIT-0226525,,,,2015-662,20150908,20150908,고시,
DOC-004130,LAW-KR-000037,공공기관 구매위탁 예외에 관한 처리지침,api,admin_rule,notice,,지침,nlic_admrul_미배치,norm:AdministrativeRule,true,조달청,true,nlic_api,DOC-000635,UNIT-0229330,,,,5901,20200929,20201001,지침,
DOC-004131,LAW-KR-000037,공공기관이 자회사 등과 수의계약을 할 수 있는 고용 기준에 관한 고시,api,admin_rule,notice,,고시,nlic_admrul,norm:Notice,true,고용노동부,true,nlic_api,DOC-000635,UNIT-0229339,,,,2023-58,20231110,20231110,고시,
DOC-004132,LAW-KR-000037,공공기관의 개발선정품 지정 및 운영에 관한 기준,api,admin_rule,notice,,고시,nlic_admrul,norm:Notice,true,재정경제부,true,nlic_api,DOC-000635,UNIT-0229342,,,,2026-51,20260102,20260102,고시,
DOC-004133,LAW-KR-000037,공기업·준정부기관 회계기준,api,admin_rule,notice,,고시,nlic_admrul,norm:Notice,true,재정경제부,true,nlic_api,DOC-000636,UNIT-0229397,,,,2026-5,20260102,20260102,고시,
DOC-004134,LAW-KR-000185,디지털취약계층의 정보 접근 및 이용 편의 증진을 위한 고시,api,admin_rule,notice,,고시,nlic_admrul,norm:Notice,true,과학기술정보통신부,true,nlic_api,DOC-000779,UNIT-0236163,,,,2026-1,20260120,20260122,고시,
DOC-004135,LAW-KR-000185,노인성 질환 의료 지원 기준 등에 관한 고시,api,admin_rule,notice,,고시,nlic_admrul,norm:Notice,true,보건복지부,true,nlic_api,DOC-000779,UNIT-0236220,,,,2020-140,20200701,20200701,고시,
DOC-004136,LAW-KR-000185,노인학대 신고의 접수 및 상담방법 등 운영기준에 관한 고시,api,admin_rule,notice,,고시,nlic_admrul,norm:Notice,true,보건복지부,true,nlic_api,DOC-000779,UNIT-0236229,,,,2024-259,20241218,20241218,고시,
DOC-004137,LAW-KR-000042,엔지니어링사업대가의 기준,api,admin_rule,notice,,고시,nlic_admrul,norm:Notice,true,산업통상부,true,nlic_api,DOC-000789,UNIT-0236381,,,,2024-217,20241231,20241231,고시,
DOC-004138,LAW-KR-000042,제로에너지건축물 인증 기준,api,admin_rule,notice,,고시,nlic_admrul,norm:Notice,true,국토교통부,true,nlic_api,DOC-000790,UNIT-0236539,,,,2024-893,20241230,20250101,고시,
DOC-004139,LAW-KR-000024,공원녹지 시범사업 운영지침,api,admin_rule,directive,,훈령,nlic_admrul,norm:Directive,true,국토교통부,true,nlic_api,DOC-001038,UNIT-0238397,,,,1787,20240808,20240808,훈령,
DOC-004140,LAW-KR-000024,도시자연공원구역의 지정·변경 등에 관한 지침,api,admin_rule,notice,,고시,nlic_admrul,norm:Notice,true,국토교통부,true,nlic_api,DOC-001038,UNIT-0238450,,,,2024-563,20241023,20241023,고시,
DOC-004141,LAW-KR-000168,도시철도 정거장 및 환승·편의시설 설계 지침,api,admin_rule,notice,,고시,nlic_admrul,norm:Notice,true,대도시권광역교통위원회,true,nlic_api,DOC-001042,UNIT-0238876,,,,2025-241,20250515,20250521,고시,
DOC-004142,LAW-KR-000031,군수용 마약류 관리 업무 훈령,api,admin_rule,directive,,훈령,nlic_admrul,norm:Directive,true,국방부,true,nlic_api,DOC-001087,UNIT-0239368,,,,3107,20251217,20251217,훈령,
DOC-004143,LAW-KR-000179,자연발생석면 지질도 작성 방법,api,admin_rule,notice,,고시,nlic_admrul,norm:Notice,true,기후에너지환경부,true,nlic_api,DOC-001440,UNIT-0243953,,,,2025-165,20251001,20251007,고시,
DOC-004144,LAW-KR-000179,자연발생석면 영향조사 방법,api,admin_rule,notice,,고시,nlic_admrul,norm:Notice,true,기후에너지환경부,true,nlic_api,DOC-001440,UNIT-0243973,,,,2025-165,20251001,20251001,고시,
DOC-004145,LAW-KR-000192,위험물컨테이너 등의 점검에 관한 요령,api,admin_rule,notice,,고시,nlic_admrul,norm:Notice,true,해양수산부,true,nlic_api,DOC-001472,UNIT-0244907,,,,2020-145,20200904,20200904,고시,
DOC-004146,LAW-KR-000192,고체화물 개별운송요건,api,admin_rule,notice,,고시,nlic_admrul,norm:Notice,true,해양수산부,true,nlic_api,DOC-001473,UNIT-0245355,,,,2026-89,20260721,20260721,고시,
DOC-004147,LAW-KR-000153,지방 소방조직 및 정원관리에 관한 규칙,api,admin_rule,directive,,훈령,nlic_admrul,norm:Directive,true,소방청,true,nlic_api,DOC-001575,UNIT-0247208,,,,453,20260204,20260204,훈령,
DOC-004148,LAW-KR-000009,소방용품의 견품수량 및 수출용합격표시 등에 관한 규정,api,admin_rule,notice,,고시,nlic_admrul,norm:Notice,true,소방청,true,nlic_api,DOC-001584,UNIT-0247536,,,,2026-10,20260504,20260504,고시,
DOC-004149,LAW-KR-000009,소방용품의 세부시험시설 기준,api,admin_rule,notice,,고시,nlic_admrul,norm:Notice,true,소방청,true,nlic_api,DOC-001584,UNIT-0247549,,,,2026-9,20260504,20260504,고시,
DOC-004150,LAW-KR-000009,소방용품의 우수품질인증에 관한 업무처리규정,api,admin_rule,notice,,고시,nlic_admrul,norm:Notice,true,소방청,true,nlic_api,DOC-001584,UNIT-0247362,,,,2022-29,20221201,20221201,고시,
DOC-004151,LAW-KR-000009,소방용품의 제품검사 전문기관 지정 등에 관한 규정,api,admin_rule,notice,,고시,nlic_admrul,norm:Notice,true,소방청,true,nlic_api,DOC-001584,UNIT-0247429,,,,2022-29,20221201,20221201,고시,
DOC-004152,LAW-KR-000191,위탁가정 보호자의 제한적 범위의 권한 행사 등에 관한 고시,api,admin_rule,notice,,고시,nlic_admrul,norm:Notice,true,보건복지부,true,nlic_api,DOC-001835,UNIT-0251623,,,,2026-119,20260528,20260528,고시,
DOC-004153,LAW-KR-000191,2026년 하반기 적용 공직유관단체 지정 고시,api,admin_rule,notice,,고시,nlic_admrul,norm:Notice,true,인사혁신처,true,nlic_api,DOC-001835,UNIT-0251756,,,,2026-4,20260630,20260701,고시,
DOC-004154,LAW-KR-000072,에너지통계의 작성 등에 관한 규정,api,admin_rule,notice,,고시,nlic_admrul,norm:Notice,true,기후에너지환경부,true,nlic_api,DOC-002046,UNIT-0255133,,,,2025-61,20251218,20251218,고시,
DOC-004155,LAW-KR-000034,한국동물약품협회 신고대상 품목에 관한 규정,api,admin_rule,notice,,고시,nlic_admrul,norm:Notice,true,농림축산식품부,true,nlic_api,DOC-002300,UNIT-0258201,,,,2020-75,20201007,20201007,고시,
DOC-004156,LAW-KR-000034,수산용 동물용의약품등 기술검토 요령,api,admin_rule,established_rule,,예규,nlic_admrul,norm:EstablishedRule,true,국립수산물품질관리원,true,nlic_api,DOC-002300,UNIT-0258293,,,,17,20210224,20210301,예규,
DOC-004157,LAW-KR-000034,동물용의료기기 기술문서 등 심사에 관한 규정,api,admin_rule,notice,,고시,nlic_admrul,norm:Notice,true,농림축산검역본부,true,nlic_api,DOC-002300,UNIT-0258306,,,,2020-18,20200421,20200421,고시,
DOC-004158,LAW-KR-000034,수산용 동물용의약품등 제조·검사시설 및 품질관리 기준,api,admin_rule,notice,,고시,nlic_admrul,norm:Notice,true,국립수산물품질관리원,true,nlic_api,DOC-002300,UNIT-0257755,,,,2025-5,20250327,20250327,고시,
DOC-004159,LAW-KR-000034,동물용의약품등 제조·검사시설 및 품질관리 기준,api,admin_rule,notice,,고시,nlic_admrul,norm:Notice,true,농림축산검역본부,true,nlic_api,DOC-002300,UNIT-0257755,,,,2020-37,20200811,20200811,고시,
DOC-004160,LAW-KR-000034,통합공고,api,admin_rule,notice,,고시,nlic_admrul,norm:Notice,true,산업통상부,true,nlic_api,DOC-002300,UNIT-0257853,,,,2025-42,20251224,20251224,고시,
DOC-004161,LAW-KR-000034,(국립수산물품질관리원) 동물약사심의위원회 운영규정,api,admin_rule,established_rule,,예규,nlic_admrul,norm:EstablishedRule,true,국립수산물품질관리원,true,nlic_api,DOC-002300,UNIT-0257970,,,,13,20210224,20210301,예규,
DOC-004162,LAW-KR-000034,동물약사심의위원회 운영규정,api,admin_rule,established_rule,,예규,nlic_admrul,norm:EstablishedRule,true,농림축산검역본부,true,nlic_api,DOC-002300,UNIT-0257970,,,,219,20250117,20250117,예규,
DOC-004163,LAW-KR-000034,국가출하승인 수산용 동물용의약품 검정기준,api,admin_rule,notice,,고시,nlic_admrul,norm:Notice,true,국립수산물품질관리원,true,nlic_api,DOC-002300,UNIT-0258047,,,,2023-24,20230621,20230621,고시,
DOC-004164,LAW-KR-000130,자유무역협정체결로 인정되는 자동차 안전기준,api,admin_rule,notice,,고시,nlic_admrul,norm:Notice,true,국토교통부,true,nlic_api,DOC-002434,UNIT-0259222,,,,2020-48,20200131,20210101,고시,
DOC-004165,LAW-KR-000130,주한 외교용등 자동차의 관리에 관한 요령,api,admin_rule,notice,,고시,nlic_admrul,norm:Notice,true,국토교통부,true,nlic_api,DOC-002436,UNIT-0260268,,,,2016-129,20160323,20160323,고시,
DOC-004166,LAW-KR-000130,일시운행자동차의 운행구간 및 경로에 관한 고시,api,admin_rule,notice,,고시,nlic_admrul,norm:Notice,true,국토교통부,true,nlic_api,DOC-002436,UNIT-0260316,,,,2016-197,20160415,20160415,고시,
DOC-004167,LAW-KR-000023,공원시설의 설치 권고기준에 관한 규정,api,admin_rule,directive,,훈령,nlic_admrul,norm:Directive,true,기후에너지환경부,true,nlic_api,DOC-002444,UNIT-0260489,,,,1235,20160913,20160913,훈령,
DOC-004168,LAW-KR-000070,포장재의 중금속 함량 권장기준 및 시험방법 등에 관한 고시,api,admin_rule,notice,,고시,nlic_admrul,norm:Notice,true,기후에너지환경부,true,nlic_api,DOC-002507,UNIT-0260980,,,,2025-165,20251001,20251001,고시,
DOC-004169,LAW-KR-000070,제품의 포장재질 및 포장방법에 관한 검사 전문기관 지정고시,api,admin_rule,notice,,고시,nlic_admrul,norm:Notice,true,기후에너지환경부,true,nlic_api,DOC-002507,UNIT-0261000,,,,2025-165,20251001,20251001,고시,
DOC-004170,LAW-KR-000006,재난현장 표준작전절차 수립운영에 관한 규정,api,admin_rule,directive,,훈령,nlic_admrul,norm:Directive,true,소방청,true,nlic_api,DOC-002517,UNIT-0261033,,,,463,20260420,20260420,훈령,
DOC-004171,LAW-KR-000006,국가 소방 동원에 관한 규정,api,admin_rule,directive,,훈령,nlic_admrul,norm:Directive,true,소방청,true,nlic_api,DOC-002517,UNIT-0261043,,,,436,20250820,20250820,훈령,
DOC-004172,LAW-KR-000021,화차의 적재 및 축중 관리기준,api,admin_rule,notice,,고시,nlic_admrul,norm:Notice,true,국토교통부,true,nlic_api,DOC-002846,UNIT-0269065,,,,2023-366,20230630,20230701,고시,
DOC-004173,LAW-KR-000039,위성항법보정시스템 운영규정,api,admin_rule,directive,,훈령,nlic_admrul,norm:Directive,true,해양수산부,true,nlic_api,DOC-003151,UNIT-0271714,,,,767,20240813,20240813,훈령,
DOC-004174,LAW-KR-000039,위성항법보정시스템 전국망구축 및 운영에 관한 규정,api,admin_rule,directive,,훈령,nlic_admrul,norm:Directive,true,해양수산부,true,nlic_api,DOC-003151,UNIT-0271714,,,,766,20240813,20240813,훈령,
DOC-004175,LAW-KR-000065,해양오염방지설비 형식승인을 위한 성능시험 및 검정기준,api,admin_rule,notice,,고시,nlic_admrul,norm:Notice,true,해양수산부,true,nlic_api,DOC-003279,UNIT-0273552,,,,2023-93,20230616,20230616,고시,
DOC-004176,LAW-KR-000033,물질승인 신청자료의 자료제공 및 자료제공금액 등에 관한 규정,api,admin_rule,notice,,고시,nlic_admrul,norm:Notice,true,기후에너지환경부,true,nlic_api,DOC-003380,UNIT-0275241,,,,2025-165,20251001,20251007,고시,
DOC-004177,LAW-KR-000197,국토의 계획 및 이용에 관한 법률,api,statutory,act,2,,api,norm:Act,true,국토교통부,true,nlic_api_20260920t,,,,,284013,21447,20260305,20260701,법률,
DOC-004178,LAW-KR-000197,국토의 계획 및 이용에 관한 법률 시행령,api,statutory,presidential_decree,3,,api,norm:PresidentialDecree,true,국토교통부,true,nlic_api,,,,,288857,36656,20260908,20260908,시행령,
DOC-004179,LAW-KR-000197,국토의 계획 및 이용에 관한 법률 시행규칙,api,statutory,ministerial_ordinance,4,,api,norm:EnforcementRule,true,국토교통부,true,nlic_api_20260920t,,,,,289249,00056,20260831,20260918,시행규칙,
DOC-004180,LAW-KR-000198,어촌ㆍ어항법,api,statutory,act,2,,api,norm:Act,true,해양수산부,true,nlic_api_20260920t,,,,,284087,21447,20260305,20260701,법률,
DOC-004181,LAW-KR-000198,어촌ㆍ어항법 시행령,api,statutory,presidential_decree,3,,api,norm:PresidentialDecree,true,해양수산부,true,nlic_api_20260920t,,,,,287305,36424,20260623,20260701,시행령,
DOC-004182,LAW-KR-000198,어촌ㆍ어항법 시행규칙,api,statutory,ministerial_ordinance,4,,api,norm:EnforcementRule,true,해양수산부,true,nlic_api_20260920t,,,,,269817,00726,20250311,20250311,시행규칙,
DOC-004183,LAW-KR-000199,수자원의 조사ㆍ계획 및 관리에 관한 법률,api,statutory,act,2,,api,norm:Act,true,기후에너지환경부,true,nlic_api_20260920t,,,,,276759,21065,20251001,20251001,법률,
DOC-004184,LAW-KR-000199,수자원의 조사ㆍ계획 및 관리에 관한 법률 시행령,api,statutory,presidential_decree,3,,api,norm:PresidentialDecree,true,기후에너지환경부,true,nlic_api_20260920t,,,,,278565,35804,20251001,20251001,시행령,
DOC-004185,LAW-KR-000199,수자원의 조사ㆍ계획 및 관리에 관한 법률 시행규칙,api,statutory,ministerial_ordinance,4,,api,norm:EnforcementRule,true,기후에너지환경부,true,nlic_api_20260920t,,,,,278947,00001,20251001,20251001,시행규칙,
DOC-004186,LAW-KR-000200,유통산업발전법,api,statutory,act,2,,api,norm:Act,true,산업통상부,true,nlic_api_20260920t,,,,,283979,21438,20260310,20260310,법률,
DOC-004187,LAW-KR-000200,유통산업발전법 시행령,api,statutory,presidential_decree,3,,api,norm:PresidentialDecree,true,산업통상부,true,nlic_api_20260920t,,,,,280595,35939,20251223,20251223,시행령,
DOC-004188,LAW-KR-000200,유통산업발전법 시행규칙,api,statutory,ministerial_ordinance,4,,api,norm:EnforcementRule,true,산업통상부,true,nlic_api_20260920t,,,,,278763,00001,20251001,20251001,시행규칙,
DOC-004189,LAW-KR-000122,건축물의 피난ㆍ방화구조 등의 기준에 관한 규칙,api,statutory,ministerial_ordinance,4,,api,norm:SeparateMinisterialRule,true,국토교통부,true,nlic_api,,,,,,01531,20251031,20251031,부령규칙,
DOC-004190,LAW-KR-000031,마약류 관리에 관한 법률 시행규칙,api,statutory,ministerial_ordinance,4,,api,norm:EnforcementRule,true,식품의약품안전처,true,nlic_api_20260920t,,,,,269047,02011,20250206,20250207,시행규칙,
DOC-004191,LAW-KR-000201,게임산업진흥에 관한 법률,api,statutory,act,2,,api,norm:Act,true,문화체육관광부,true,nlic_api_20260920t,,,,,265811,20485,20241022,20241022,법률,
DOC-004192,LAW-KR-000201,게임산업진흥에 관한 법률 시행령,api,statutory,presidential_decree,3,,api,norm:PresidentialDecree,true,문화체육관광부,true,nlic_api_20260920t,,,,,284663,36220,20260324,20260324,시행령,
DOC-004193,LAW-KR-000201,게임산업진흥에 관한 법률 시행규칙,api,statutory,ministerial_ordinance,4,,api,norm:EnforcementRule,true,문화체육관광부,true,nlic_api_20260920t,,,,,279203,00615,20251002,20251009,시행규칙,
DOC-004194,LAW-KR-000201,게임물의 성격이 혼재되어 있고 안전성 관리 필요성이 크지 아니하여 게임제공업에서 제공할 수 있는 유기시설 또는 유기기구,api,admin_rule,notice,,고시,nlic_admrul,norm:Notice,true,문화체육관광부,true,nlic_api_20260920a,DOC-004191,UNIT-0359897,,,2100000209336,2022-8,20220221,20220221,고시,
DOC-004195,LAW-KR-000201,게임제공업소 등이 아닌 영업소의 게임물 설치 대수,api,admin_rule,notice,,고시,nlic_admrul,norm:Notice,true,문화체육관광부,true,nlic_api_20260920a,DOC-004192,UNIT-0360448,,,2100000211669,2022-1005,20220519,20220524,고시,
DOC-004196,LAW-KR-000201,음란물 및 사행성게임물 차단 프로그램,api,admin_rule,notice,,고시,nlic_admrul,norm:Notice,true,문화체육관광부,true,nlic_api_20260920a,DOC-004191,UNIT-0360234,,,2100000276184,2026-11,20260323,20260423,고시,
DOC-004197,LAW-KR-000202,교육시설 등의 안전 및 유지관리 등에 관한 법률,api,statutory,act,2,,api,norm:Act,true,교육부,true,nlic_api_20260920t,,,,,259603,20181,20240206,20250207,법률,
DOC-004198,LAW-KR-000202,교육시설 등의 안전 및 유지관리 등에 관한 법률 시행령,api,statutory,presidential_decree,3,,api,norm:PresidentialDecree,true,교육부,true,nlic_api_20260920t,,,,,281439,35948,20251230,20260102,시행령,
DOC-004199,LAW-KR-000202,교육시설 등의 안전 및 유지관리 등에 관한 법률 시행규칙,api,statutory,ministerial_ordinance,4,,api,norm:EnforcementRule,true,교육부,true,nlic_api_20260920t,,,,,269059,00349,20250207,20250207,시행규칙,
DOC-004200,LAW-KR-000202,교육시설안전 인증 운영 규정,api,admin_rule,notice,,고시,nlic_admrul,norm:Notice,true,교육부,true,nlic_api_20260920a,DOC-004198,UNIT-0361501,,,2100000215927,2022-30,20221115,20221115,고시,
DOC-004201,LAW-KR-000202,교육시설의 사전기획 등 업무수행 지침,api,admin_rule,notice,,고시,nlic_admrul,norm:Notice,true,교육부,true,nlic_api_20260920a,DOC-004197,UNIT-0361227,,,2100000279082,2026-8,20260512,20260512,고시,
DOC-004202,LAW-KR-000203,근로기준법,api,statutory,act,2,,api,norm:Act,true,고용노동부,true,nlic_api_20260920t,,,,,283457,21373,20260219,20260820,법률,
DOC-004203,LAW-KR-000203,근로기준법 시행령,api,statutory,presidential_decree,3,,api,norm:PresidentialDecree,true,고용노동부,true,nlic_api_20260920t,,,,,270551,35436,20250408,20251023,시행령,
DOC-004204,LAW-KR-000203,근로기준법 시행규칙,api,statutory,ministerial_ordinance,4,,api,norm:EnforcementRule,true,고용노동부,true,nlic_api_20260920t,,,,,269393,00436,20250221,20250223,시행규칙,
DOC-004205,LAW-KR-000203,상습체불사업주 결정을 위한 월보수액 산정방법 고시,api,admin_rule,notice,,고시,nlic_admrul,norm:Notice,true,고용노동부,true,nlic_api_20260920a,DOC-004203,UNIT-0362697,,,2100000265886,2025-66,20251023,20251023,고시,
DOC-004206,LAW-KR-000203,임금체불사업주 명단 공개 및 체불자료 제공 관련 업무 처리 규정,api,admin_rule,directive,,훈령,nlic_admrul,norm:Directive,true,고용노동부,true,nlic_api_20260920a,DOC-004204,UNIT-0362938,,,2100000015166,142,20150227,20150227,훈령,
DOC-004207,LAW-KR-000203,재량근로의 대상 업무,api,admin_rule,notice,,고시,nlic_admrul,norm:Notice,true,고용노동부,true,nlic_api_20260920a,DOC-004203,UNIT-0362779,,,2100000180819,2019-36,20190731,20190731,고시,
DOC-004208,LAW-KR-000203,평균임금산정 특례 고시,api,admin_rule,notice,,고시,nlic_admrul,norm:Notice,true,고용노동부,true,nlic_api_20260920a,DOC-004203,UNIT-0362558,,,2100000029605,2015-77,20151014,20151014,고시,
DOC-004209,LAW-KR-000204,모자보건법,api,statutory,act,2,,api,norm:Act,true,보건복지부,true,nlic_api_20260920t,,,,,286727,21777,20260609,20260910,법률,
DOC-004210,LAW-KR-000204,모자보건법 시행령,api,statutory,presidential_decree,3,,api,norm:PresidentialDecree,true,보건복지부,true,nlic_api_20260920t,,,,,272453,35597,20250620,20250621,시행령,
DOC-004211,LAW-KR-000204,모자보건법 시행규칙,api,statutory,ministerial_ordinance,4,,api,norm:EnforcementRule,true,보건복지부,true,nlic_api_20260920t,,,,,283857,01159,20260304,20260304,시행규칙,
DOC-004212,LAW-KR-000204,난임시술 의료기관 평가 등에 관한 기준,api,admin_rule,notice,,고시,nlic_admrul,norm:Notice,true,보건복지부,true,nlic_api_20260920a,DOC-004211,UNIT-0363620,,,2100000270360,2025-219,20251224,20260101,고시,
DOC-004213,LAW-KR-000204,산후조리원 감염 예방 등에 관한 교육지침,api,admin_rule,notice,,고시,nlic_admrul,norm:Notice,true,보건복지부,true,nlic_api_20260920a,,,,,2100000216858,2022-280,20221216,20230101,고시,
DOC-004214,LAW-KR-000204,산후조리원 평가에 관한 고시,api,admin_rule,notice,,고시,nlic_admrul,norm:Notice,true,보건복지부,true,nlic_api_20260920a,DOC-004211,UNIT-0363725,,,2100000269050,2025-202,20251202,20260101,고시,
DOC-004215,LAW-KR-000204,필수예방접종이 필요한 감염병 지정 등,api,admin_rule,notice,,고시,nlic_admrul,norm:Notice,true,질병관리청,true,nlic_api_20260920a,DOC-004210,UNIT-0363430,,,2100000229944,2023-13,20230925,20230925,고시,
DOC-004216,LAW-KR-000205,사격 및 사격장 안전관리에 관한 법률,api,statutory,act,2,,api,norm:Act,true,경찰청,true,nlic_api_20260920t,,,,,223475,17580,20201208,20210609,법률,
DOC-004217,LAW-KR-000205,사격 및 사격장 안전관리에 관한 법률 시행령,api,statutory,presidential_decree,3,,api,norm:PresidentialDecree,true,경찰청,true,nlic_api_20260920t,,,,,265033,34872,20240903,20240903,시행령,
DOC-004218,LAW-KR-000205,사격 및 사격장 안전관리에 관한 법률 시행규칙,api,statutory,ministerial_ordinance,4,,api,norm:EnforcementRule,true,경찰청,true,nlic_api_20260920t,,,,,264623,00505,20240730,20240730,시행규칙,
DOC-004219,LAW-KR-000206,소상공인 보호 및 지원에 관한 법률,api,statutory,act,2,,api,norm:Act,true,중소벤처기업부,true,nlic_api_20260920t,,,,,281985,21288,20251230,20260701,법률,
DOC-004220,LAW-KR-000206,소상공인 보호 및 지원에 관한 법률 시행령,api,statutory,presidential_decree,3,,api,norm:PresidentialDecree,true,중소벤처기업부,true,nlic_api_20260920t,,,,,287355,36440,20260623,20260701,시행령,
DOC-004221,LAW-KR-000206,소상공인 보호 및 지원에 관한 법률 시행규칙,api,statutory,ministerial_ordinance,4,,api,norm:EnforcementRule,true,중소벤처기업부,true,nlic_api_20260920t,,,,,286679,00109,20260602,20260603,시행규칙,
DOC-004222,LAW-KR-000206,2021년 3분기 손실보상 기준 등에 관한 고시,api,admin_rule,notice,,고시,nlic_admrul,norm:Notice,true,중소벤처기업부,true,nlic_api_20260920a,DOC-004219,UNIT-0364196,,,2100000244582,2024-47,20240716,20240716,고시,
DOC-004223,LAW-KR-000206,2022년 2분기 손실보상 기준 등에 관한 고시,api,admin_rule,notice,,고시,nlic_admrul,norm:Notice,true,중소벤처기업부,true,nlic_api_20260920a,DOC-004220,UNIT-0364590,,,2100000244588,2024-50,20240716,20240716,고시,
DOC-004224,LAW-KR-000206,백년소상공인 지정 및 관리에 관한 운영요령,api,admin_rule,notice,,고시,nlic_admrul,norm:Notice,true,중소벤처기업부,true,nlic_api_20260920a,DOC-004220,UNIT-0364715,,,2100000253928,2025-7,20250123,20250123,고시,
DOC-004225,LAW-KR-000206,소상공인 고용보험료 및 산업재해보상보험료 지원에 관한 고시,api,admin_rule,notice,,고시,nlic_admrul,norm:Notice,true,중소벤처기업부,true,nlic_api_20260920a,,,,,2100000249978,2024-98,20241128,20241128,고시,
DOC-004226,LAW-KR-000206,소상공인시장진흥기금 운용·관리 규정,api,admin_rule,notice,,고시,nlic_admrul,norm:Notice,true,중소벤처기업부,true,nlic_api_20260920a,DOC-004220,UNIT-0364761,,,2100000202419,2021-42,20210630,20210630,고시,
DOC-004227,LAW-KR-000206,한국표준산업분류,api,admin_rule,notice,,고시,nlic_admrul,norm:Notice,true,국가데이터처,true,nlic_api_20260920a,,,,,2100000243048,2024-203,20240430,20240701,고시,
DOC-004228,LAW-KR-000207,소상공인기본법,api,statutory,act,2,,api,norm:Act,true,중소벤처기업부,true,nlic_api_20260920t,,,,,280155,21192,20251202,20260603,법률,
DOC-004229,LAW-KR-000207,소상공인기본법 시행령,api,statutory,presidential_decree,3,,api,norm:PresidentialDecree,true,중소벤처기업부,true,nlic_api_20260920t,,,,,282975,36055,20260127,20260201,시행령,
DOC-004230,LAW-KR-000208,영화 및 비디오물의 진흥에 관한 법률,api,statutory,act,2,,api,norm:Act,true,문화체육관광부,true,nlic_api_20260920t,,,,,279649,21093,20251111,20260512,법률,
DOC-004231,LAW-KR-000208,영화 및 비디오물의 진흥에 관한 법률 시행령,api,statutory,presidential_decree,3,,api,norm:PresidentialDecree,true,문화체육관광부,true,nlic_api_20260920t,,,,,284811,36220,20260324,20260324,시행령,
DOC-004232,LAW-KR-000208,영화 및 비디오물의 진흥에 관한 법률 시행규칙,api,statutory,ministerial_ordinance,4,,api,norm:EnforcementRule,true,문화체육관광부,true,nlic_api_20260920t,,,,,286045,00632,20260512,20260512,시행규칙,
DOC-004233,LAW-KR-000209,위생용품 관리법,api,statutory,act,2,,api,norm:Act,true,식품의약품안전처,true,nlic_api_20260920t,,,,,279749,21142,20251111,20260512,법률,
DOC-004234,LAW-KR-000209,위생용품 관리법 시행령,api,statutory,presidential_decree,3,,api,norm:PresidentialDecree,true,식품의약품안전처,true,nlic_api_20260920t,,,,,285823,36315,20260506,20260512,시행령,
DOC-004235,LAW-KR-000209,위생용품 관리법 시행규칙,api,statutory,ministerial_ordinance,4,,api,norm:EnforcementRule,true,식품의약품안전처,true,nlic_api_20260920t,,,,,264881,01978,20240812,20240812,시행규칙,
DOC-004236,LAW-KR-000210,음악산업진흥에 관한 법률,api,statutory,act,2,,api,norm:Act,true,문화체육관광부,true,nlic_api_20260920t,,,,,270191,20839,20250325,20250626,법률,
DOC-004237,LAW-KR-000210,음악산업진흥에 관한 법률 시행령,api,statutory,presidential_decree,3,,api,norm:PresidentialDecree,true,문화체육관광부,true,nlic_api_20260920t,,,,,256669,33913,20231212,20231212,시행령,
DOC-004238,LAW-KR-000210,음악산업진흥에 관한 법률 시행규칙,api,statutory,ministerial_ordinance,4,,api,norm:EnforcementRule,true,문화체육관광부,true,nlic_api_20260920t,,,,,270011,00589,20250314,20250314,시행규칙,
DOC-004239,LAW-KR-000211,전자문서 및 전자거래 기본법,api,statutory,act,2,,api,norm:Act,true,과학기술정보통신부,true,nlic_api_20260920t,,,,,236053,18478,20211019,20221020,법률,
DOC-004240,LAW-KR-000211,전자문서 및 전자거래 기본법 시행령,api,statutory,presidential_decree,3,,api,norm:PresidentialDecree,true,법무부,true,nlic_api_20260920t,,,,,256703,33913,20231212,20231212,시행령,
DOC-004241,LAW-KR-000211,전자문서 및 전자거래 기본법 시행규칙,api,statutory,ministerial_ordinance,4,,api,norm:EnforcementRule,true,과학기술정보통신부,true,nlic_api_20260920t,,,,,224723,00061,20201222,20201222,시행규칙,
DOC-004242,LAW-KR-000211,공인전자문서보관소 사업자 지정,api,admin_rule,notice,,고시,nlic_admrul,norm:Notice,true,산업통상부,true,nlic_api_20260920a,DOC-004240,UNIT-0368120,,,2000000060896,2009-231,20091019,20091019,고시,
DOC-004243,LAW-KR-000211,"공인전자문서센터 인력·기술능력, 시설·장비 규정",api,admin_rule,notice,,고시,nlic_admrul,norm:Notice,true,과학기술정보통신부,true,nlic_api_20260920a,DOC-004240,UNIT-0368124,,,2100000204301,2021-59,20210827,20210827,고시,
DOC-004244,LAW-KR-000211,공인전자문서중계자 업무준칙,api,admin_rule,notice,,고시,nlic_admrul,norm:Notice,true,과학기술정보통신부,true,nlic_api_20260920a,DOC-004239,UNIT-0367918,,,2100000204303,2021-61,20210827,20210827,고시,
DOC-004245,LAW-KR-000211,공인전자문서중계자 설비에 관한 규정,api,admin_rule,notice,,고시,nlic_admrul,norm:Notice,true,과학기술정보통신부,true,nlic_api_20260920a,,,,,2100000204305,2021-62,20210827,20210827,고시,
DOC-004246,LAW-KR-000211,공인전자주소의 구성 및 체계 등에 관한 규정,api,admin_rule,notice,,고시,nlic_admrul,norm:Notice,true,과학기술정보통신부,true,nlic_api_20260920a,DOC-004241,UNIT-0368262,,,2100000096889,2017-15,20170926,20170926,고시,
DOC-004247,LAW-KR-000211,전자문서보관등 표준업무준칙,api,admin_rule,notice,,고시,nlic_admrul,norm:Notice,true,과학기술정보통신부,true,nlic_api_20260920a,DOC-004241,UNIT-0368318,,,2100000204306,2021-63,20210827,20210827,고시,
DOC-004248,LAW-KR-000211,전자화문서의 작성 절차 및 방법에 관한 규정,api,admin_rule,notice,,고시,nlic_admrul,norm:Notice,true,과학기술정보통신부,true,nlic_api_20260920a,DOC-004239,UNIT-0367682,,,2100000204307,2021-64,20210827,20210827,고시,
DOC-004249,LAW-KR-000212,전통시장 및 상점가 육성을 위한 특별법,api,statutory,act,2,,api,norm:Act,true,중소벤처기업부,true,nlic_api_20260920t,,,,,280271,21204,20251216,20260617,법률,
DOC-004250,LAW-KR-000212,전통시장 및 상점가 육성을 위한 특별법 시행령,api,statutory,presidential_decree,3,,api,norm:PresidentialDecree,true,중소벤처기업부,true,nlic_api_20260920t,,,,,287019,36415,20260616,20260617,시행령,
DOC-004251,LAW-KR-000212,전통시장 및 상점가 육성을 위한 특별법 시행규칙,api,statutory,ministerial_ordinance,4,,api,norm:EnforcementRule,true,중소벤처기업부,true,nlic_api_20260920t,,,,,287039,00111,20260617,20260617,시행규칙,
DOC-004252,LAW-KR-000212,상권활성화 사업 운영지침,api,admin_rule,notice,,고시,nlic_admrul,norm:Notice,true,중소벤처기업부,true,nlic_api_20260920a,DOC-004249,UNIT-0369502,,,2100000238958,2024-19,20240408,20240408,고시,
DOC-004253,LAW-KR-000212,온누리상품권 사업 운영요령,api,admin_rule,notice,,고시,nlic_admrul,norm:Notice,true,중소벤처기업부,true,nlic_api_20260920a,DOC-004249,UNIT-0369562,,,2100000254054,2025-9,20250124,20250124,고시,
DOC-004254,LAW-KR-000213,지방공기업법,api,statutory,act,2,,api,norm:Act,true,행정안전부,true,nlic_api_20260920t,,,,,284391,21467,20260317,20260918,법률,
DOC-004255,LAW-KR-000213,지방공기업법 시행령,api,statutory,presidential_decree,3,,api,norm:PresidentialDecree,true,행정안전부,true,nlic_api_20260920t,,,,,285217,36228,20260331,20260331,시행령,
DOC-004256,LAW-KR-000213,지방공기업법 시행규칙,api,statutory,ministerial_ordinance,4,,api,norm:EnforcementRule,true,행정안전부,true,nlic_api_20260920t,,,,,235341,00274,20210907,20210907,시행규칙,
DOC-004257,LAW-KR-000213,지방공기업 설립 타당성 검토 전문기관,api,admin_rule,notice,,고시,nlic_admrul,norm:Notice,true,행정안전부,true,nlic_api_20260920a,DOC-004254,UNIT-0371060,,,2100000234760,2024-1,20240103,20240101,고시,
DOC-004258,LAW-KR-000213,지방공기업 신규 투자사업 타당성 검토 전문기관,api,admin_rule,notice,,고시,nlic_admrul,norm:Notice,true,행정안전부,true,nlic_api_20260920a,DOC-004254,UNIT-0371244,,,2100000234784,2024-2,20240103,20240101,고시,
DOC-004259,LAW-KR-000213,지방공기업정책위원회 운영규정,api,admin_rule,directive,,훈령,nlic_admrul,norm:Directive,true,행정안전부,true,nlic_api_20260920a,DOC-004255,UNIT-0371998,,,2100000205593,211,20210930,20210930,훈령,
DOC-004260,LAW-KR-000213,지방공사의 다른 법인 출자 타당성 검토 전문기관,api,admin_rule,notice,,고시,nlic_admrul,norm:Notice,true,행정안전부,true,nlic_api_20260920a,,,,,2100000244106,2024-48,20240627,20240627,고시,
DOC-004261,LAW-KR-000214,학원의 설립ㆍ운영 및 과외교습에 관한 법률,api,statutory,act,2,,api,norm:Act,true,교육부,true,nlic_api_20260920t,,,,,249991,19347,20230418,20231019,법률,
DOC-004262,LAW-KR-000214,학원의 설립ㆍ운영 및 과외교습에 관한 법률 시행령,api,statutory,presidential_decree,3,,api,norm:PresidentialDecree,true,교육부,true,nlic_api_20260920t,,,,,284907,36220,20260324,20260324,시행령,
DOC-004263,LAW-KR-000214,학원의 설립ㆍ운영 및 과외교습에 관한 법률 시행규칙,api,statutory,ministerial_ordinance,4,,api,norm:EnforcementRule,true,교육부,true,nlic_api_20260920t,,,,,288263,00388,20260716,20260716,시행규칙,
DOC-004264,LAW-KR-000215,항공사업법,api,statutory,act,2,,api,norm:Act,true,국토교통부,true,nlic_api_20260920t,,,,,280131,21189,20251202,20260603,법률,
DOC-004265,LAW-KR-000215,항공사업법 시행령,api,statutory,presidential_decree,3,,api,norm:PresidentialDecree,true,국토교통부,true,nlic_api_20260920t,,,,,286173,36354,20260526,20260603,시행령,
DOC-004266,LAW-KR-000215,항공사업법 시행규칙,api,statutory,ministerial_ordinance,4,,api,norm:EnforcementRule,true,국토교통부,true,nlic_api_20260920t,,,,,282207,01548,20251230,20251230,시행규칙,
DOC-004267,LAW-KR-000215,비행훈련업자의 보증보험 가입 등의 운영규정,api,admin_rule,notice,,고시,nlic_admrul,norm:Notice,true,국토교통부,true,nlic_api_20260920a,DOC-004266,UNIT-0374301,,,2100000191995,2020-551,20200731,20200731,고시,
DOC-004268,LAW-KR-000215,항공교통서비스 평가업무지침,api,admin_rule,directive,,훈령,nlic_admrul,norm:Directive,true,국토교통부,true,nlic_api_20260920a,DOC-004266,UNIT-0374628,,,2100000283562,1977,20260807,20260807,훈령,
DOC-004269,LAW-KR-000215,항공교통이용자 보호기준,api,admin_rule,notice,,고시,nlic_admrul,norm:Notice,true,국토교통부,true,nlic_api_20260920a,DOC-004264,UNIT-0373386,,,2100000275630,2026-116,20260312,20260318,고시,
DOC-004270,LAW-KR-000209,수입 위생용품 검사에 관한 규정,api,admin_rule,notice,,고시,nlic_admrul,norm:Notice,true,식품의약품안전처,true,nlic_api_20260920a,DOC-004235,UNIT-0367110,,,2100000248660,2024-65,20241017,20241017,고시,
DOC-004271,LAW-KR-000209,수입 위생용품 수입신고 수리의 자동화 운영 규정,api,admin_rule,established_rule,,예규,nlic_admrul,norm:EstablishedRule,true,식품의약품안전처,true,nlic_api_20260920a,,,,,2100000284184,225,20260821,20260821,예규,
DOC-004272,LAW-KR-000209,위생용품 위생교육기관 지정 및 운영에 관한 규정,api,admin_rule,notice,,고시,nlic_admrul,norm:Notice,true,식품의약품안전처,true,nlic_api_20260920a,DOC-004235,UNIT-0367151,,,2100000228646,2023-55,20230830,20230830,고시,
DOC-004273,LAW-KR-000209,위생용품의 기준 및 규격,api,admin_rule,notice,,고시,nlic_admrul,norm:Notice,true,식품의약품안전처,true,nlic_api_20260920a,DOC-004233,UNIT-0366813,,,2100000283830,2026-59,20260810,20260810,고시,
DOC-004274,LAW-KR-000209,위생용품의 표시기준,api,admin_rule,notice,,고시,nlic_admrul,norm:Notice,true,식품의약품안전처,true,nlic_api_20260920a,DOC-004235,UNIT-0367181,,,2100000259600,2025-34,20250527,20250527,고시,
DOC-004275,LAW-KR-000209,위생용품의 한시적 기준 및 규격 인정기준,api,admin_rule,notice,,고시,nlic_admrul,norm:Notice,true,식품의약품안전처,true,nlic_api_20260920a,DOC-004235,UNIT-0367170,,,2100000255230,2025-9,20250224,20250224,고시,
DOC-004276,LAW-KR-000209,위생용품의 회수·폐기 등에 관한 규정,api,admin_rule,notice,,고시,nlic_admrul,norm:Notice,true,식품의약품안전처,true,nlic_api_20260920a,DOC-004235,UNIT-0367214,,,2100000246580,2024-49,20240830,20240830,고시,
DOC-004277,LAW-KR-000216,장애인복지법,api,statutory,act,2,,api,norm:Act,true,보건복지부,true,nlic_api_20260920t,,,,,281941,21266,20251230,20260701,법률,
DOC-004278,LAW-KR-000216,장애인복지법 시행령,api,statutory,presidential_decree,3,,api,norm:PresidentialDecree,true,보건복지부,true,nlic_api_20260920t,,,,,288467,36559,20260804,20260901,시행령,
DOC-004279,LAW-KR-000216,장애인복지법 시행규칙,api,statutory,ministerial_ordinance,4,,api,norm:EnforcementRule,true,보건복지부,true,nlic_api_20260920t,,,,,282417,01149,20251231,20260101,시행규칙,
DOC-004280,LAW-KR-000216,장애정도심사규정,api,admin_rule,notice,,고시,nlic_admrul,norm:Notice,true,보건복지부,true,nlic_api_20260920a,,,,,2100000254902,2025-29,20250221,20250221,고시,
DOC-004281,LAW-KR-000216,장애정도판정기준,api,admin_rule,notice,,고시,nlic_admrul,norm:Notice,true,보건복지부,true,nlic_api_20260920a,,,,,2100000271088,2025-228,20251231,20260701,고시,
DOC-004282,LAW-KR-000216,장애인 서비스 지원 종합조사의 내용 및 점수 산정 방법에 관한 고시,api,admin_rule,notice,,고시,nlic_admrul,norm:Notice,true,보건복지부,true,nlic_api_20260920a,DOC-004279,UNIT-0376849,,,2100000194221,2020-237,20201030,20201030,고시,
DOC-004283,LAW-KR-000216,장애인 응시자에 대한 시험 편의제공의 내용·방법 등,api,admin_rule,notice,,고시,nlic_admrul,norm:Notice,true,보건복지부,true,nlic_api_20260920a,DOC-004279,UNIT-0376963,,,2100000207143,2021-304,20211217,20211217,고시,
DOC-004284,LAW-KR-000216,장애인보조견전문훈련기관의시설기준,api,admin_rule,notice,,고시,nlic_admrul,norm:Notice,true,보건복지부,true,nlic_api_20260920a,DOC-004279,UNIT-0376926,,,2100000217947,2022-315,20221230,20221230,고시,
DOC-004285,LAW-KR-000009,방염성능기준,api,admin_rule,notice,,고시,nlic_admrul,norm:Notice,true,소방청,true,nlic_api_20260920g,DOC-000025,UNIT-0017130,,,2100000269722,2025-24,20251215,20251215,고시,
DOC-004286,LAW-KR-000217,건강기능식품에 관한 법률,api,statutory,act,2,,api,norm:Act,true,식품의약품안전처,true,nlic_api_20260920t,,,,,259283,20138,20240123,20240724,법률,
DOC-004287,LAW-KR-000217,건강기능식품에 관한 법률 시행령,api,statutory,presidential_decree,3,,api,norm:PresidentialDecree,true,식품의약품안전처,true,nlic_api_20260920t,,,,,267803,35174,20241231,20250103,시행령,
DOC-004288,LAW-KR-000217,건강기능식품에 관한 법률 시행규칙,api,statutory,ministerial_ordinance,4,,api,norm:EnforcementRule,true,식품의약품안전처,true,nlic_api_20260920t,,,,,286669,02118,20260602,20260602,시행규칙,
DOC-004289,LAW-KR-000218,농수산물 품질관리법,api,statutory,act,2,,api,norm:Act,true,농림축산식품부,true,nlic_api_20260920t,,,,,273431,21032,20250826,20260827,법률,
DOC-004290,LAW-KR-000218,농수산물 품질관리법 시행령,api,statutory,presidential_decree,3,,api,norm:PresidentialDecree,true,농림축산식품부,true,nlic_api_20260920t,,,,,288973,36624,20260825,20270101,시행령,
DOC-004291,LAW-KR-000218,농수산물 품질관리법 시행규칙,api,statutory,ministerial_ordinance,4,,api,norm:EnforcementRule,true,농림축산식품부,true,nlic_api_20260920t,,,,,287721,00777,20260626,20260626,시행규칙,
DOC-004292,LAW-KR-000219,먹는물관리법,api,statutory,act,2,,api,norm:Act,true,기후에너지환경부,true,nlic_api_20260920t,,,,,276727,21065,20251001,20251001,법률,
DOC-004293,LAW-KR-000219,먹는물관리법 시행령,api,statutory,presidential_decree,3,,api,norm:PresidentialDecree,true,기후에너지환경부,true,nlic_api_20260920t,,,,,279923,35865,20251125,20251125,시행령,
DOC-004294,LAW-KR-000219,먹는물관리법 시행규칙,api,statutory,ministerial_ordinance,4,,api,norm:EnforcementRule,true,기후에너지환경부,true,nlic_api_20260920t,,,,,279937,00007,20251125,20251125,시행규칙,
DOC-004295,LAW-KR-000220,사료관리법,api,statutory,act,2,,api,norm:Act,true,농림축산식품부,true,nlic_api_20260920t,,,,,255451,19752,20231024,20240425,법률,
DOC-004296,LAW-KR-000220,사료관리법 시행령,api,statutory,presidential_decree,3,,api,norm:PresidentialDecree,true,농림축산식품부,true,nlic_api_20260920t,,,,,256791,33944,20231212,20231228,시행령,
DOC-004297,LAW-KR-000220,사료관리법 시행규칙,api,statutory,ministerial_ordinance,4,,api,norm:EnforcementRule,true,농림축산식품부,true,nlic_api_20260920t,,,,,266991,00694,20241205,20241205,시행규칙,
DOC-004298,LAW-KR-000221,소비자기본법,api,statutory,act,2,,api,norm:Act,true,공정거래위원회,true,nlic_api_20260920t,,,,,283837,21444,20260310,20260911,법률,
DOC-004299,LAW-KR-000221,소비자기본법 시행령,api,statutory,presidential_decree,3,,api,norm:PresidentialDecree,true,공정거래위원회,true,nlic_api_20260920t,,,,,289451,36663,20260908,20260911,시행령,
DOC-004300,LAW-KR-000222,수입식품안전관리 특별법,api,statutory,act,2,,api,norm:Act,true,식품의약품안전처,true,nlic_api_20260920t,,,,,269925,20825,20250318,20260101,법률,
DOC-004301,LAW-KR-000222,수입식품안전관리 특별법 시행령,api,statutory,presidential_decree,3,,api,norm:PresidentialDecree,true,식품의약품안전처,true,nlic_api_20260920t,,,,,280513,35941,20251223,20251223,시행령,
DOC-004302,LAW-KR-000222,수입식품안전관리 특별법 시행규칙,api,statutory,ministerial_ordinance,4,,api,norm:EnforcementRule,true,식품의약품안전처,true,nlic_api_20260920t,,,,,272975,02038,20250723,20250723,시행규칙,
DOC-004303,LAW-KR-000223,어린이제품 안전 특별법,api,statutory,act,2,,api,norm:Act,true,산업통상부,true,nlic_api_20260920t,,,,,276551,21065,20251001,20251001,법률,
DOC-004304,LAW-KR-000223,어린이제품 안전 특별법 시행령,api,statutory,presidential_decree,3,,api,norm:PresidentialDecree,true,산업통상부,true,nlic_api_20260920t,,,,,278389,35803,20251001,20251001,시행령,
DOC-004305,LAW-KR-000223,어린이제품 안전 특별법 시행규칙,api,statutory,ministerial_ordinance,4,,api,norm:EnforcementRule,true,산업통상부,true,nlic_api_20260920t,,,,,286387,00012,20260527,20260603,시행규칙,
DOC-004306,LAW-KR-000224,제품안전기본법,api,statutory,act,2,,api,norm:Act,true,산업통상부,true,nlic_api_20260920t,,,,,280055,21159,20251202,20260603,법률,
DOC-004307,LAW-KR-000224,제품안전기본법 시행령,api,statutory,presidential_decree,3,,api,norm:PresidentialDecree,true,산업통상부,true,nlic_api_20260920t,,,,,286473,36370,20260602,20260603,시행령,
DOC-004308,LAW-KR-000225,학교급식법,api,statutory,act,2,,api,norm:Act,true,교육부,true,nlic_api_20260920t,,,,,283421,21354,20260219,20270220,법률,
DOC-004309,LAW-KR-000225,학교급식법 시행령,api,statutory,presidential_decree,3,,api,norm:PresidentialDecree,true,교육부,true,nlic_api_20260920t,,,,,288941,36595,20260819,20260820,시행령,
DOC-004310,LAW-KR-000225,학교급식법 시행규칙,api,statutory,ministerial_ordinance,4,,api,norm:EnforcementRule,true,교육부,true,nlic_api_20260920t,,,,,233553,00240,20210630,20210630,시행규칙,
DOC-004311,LAW-KR-000226,화장품법,api,statutory,act,2,,api,norm:Act,true,식품의약품안전처,true,nlic_api_20260920t,,,,,270323,20901,20250401,20260402,법률,
DOC-004312,LAW-KR-000226,화장품법 시행령,api,statutory,presidential_decree,3,,api,norm:PresidentialDecree,true,식품의약품안전처,true,nlic_api_20260920t,,,,,283963,36176,20260310,20260310,시행령,
DOC-004313,LAW-KR-000226,화장품법 시행규칙,api,statutory,ministerial_ordinance,4,,api,norm:EnforcementRule,true,식품의약품안전처,true,nlic_api_20260920t,,,,,285249,02109,20260331,20260402,시행규칙,
DOC-004314,LAW-KR-000217,건강기능식품 기능성 원료 및 기준·규격 인정에 관한 규정,api,admin_rule,notice,,고시,nlic_admrul,norm:Notice,true,식품의약품안전처,true,nlic_api_20260920b,DOC-004286,UNIT-0377645,,,2100000277826,2026-33,20260413,20260413,고시,
DOC-004315,LAW-KR-000217,건강기능식품 안전위생교육기관의 위탁 및 운영 등에 관한 규정,api,admin_rule,notice,,고시,nlic_admrul,norm:Notice,true,식품의약품안전처,true,nlic_api_20260920b,DOC-004288,UNIT-0378208,,,2100000266204,2025-67,20251017,20251017,고시,
DOC-004316,LAW-KR-000217,건강기능식품심의위원회 운영 규정,api,admin_rule,established_rule,,예규,nlic_admrul,norm:EstablishedRule,true,식품의약품안전처,true,nlic_api_20260920b,DOC-004287,UNIT-0377999,,,2100000279984,224,20260527,20260527,예규,
DOC-004317,LAW-KR-000217,건강기능식품의 기준 및 규격,api,admin_rule,notice,,고시,nlic_admrul,norm:Notice,true,식품의약품안전처,true,nlic_api_20260920b,DOC-004286,UNIT-0377639,,,2100000280574,2026-43,20260611,20260611,고시,
DOC-004318,LAW-KR-000217,건강기능식품의 원재료 진위검사에 관한 규정,api,admin_rule,notice,,고시,nlic_admrul,norm:Notice,true,식품의약품안전처,true,nlic_api_20260920b,DOC-004286,UNIT-0377684,,,2100000135809,2018-49,20180626,20190101,고시,
DOC-004319,LAW-KR-000217,기능성 원료 등의 재평가 실시에 관한 규정,api,admin_rule,notice,,고시,nlic_admrul,norm:Notice,true,식품의약품안전처,true,nlic_api_20260920b,DOC-004288,UNIT-0378276,,,2100000272864,2026-2,20260114,20260114,고시,
DOC-004320,LAW-KR-000217,우수건강기능식품 제조기준 운영에 관한 규정,api,admin_rule,notice,,고시,nlic_admrul,norm:Notice,true,식품의약품안전처,true,nlic_api_20260920b,DOC-004288,UNIT-0378315,,,2100000243412,2024-33,20240628,20240703,고시,
DOC-004321,LAW-KR-000218,검사대상농산물,api,admin_rule,notice,,고시,nlic_admrul,norm:Notice,true,농림축산식품부,true,nlic_api_20260920b,DOC-004290,UNIT-0379438,,,2100000188688,2020-32,20200422,20200422,고시,
DOC-004322,LAW-KR-000218,검사시료 수거 및 검사결과 표시방법에 관한 고시,api,admin_rule,notice,,고시,nlic_admrul,norm:Notice,true,국립수산물품질관리원,true,nlic_api_20260920b,DOC-004291,UNIT-0380149,,,2100000274592,2026-4,20260211,20260211,고시,
DOC-004323,LAW-KR-000218,검정 수수료 면제대상 수산물,api,admin_rule,notice,,고시,nlic_admrul,norm:Notice,true,해양수산부,true,nlic_api_20260920b,DOC-004291,UNIT-0380339,,,2100000211478,2022-77,20220517,20220701,고시,
DOC-004324,LAW-KR-000218,농산물등의 검정기관 지정 세부절차 및 운영 요령,api,admin_rule,notice,,고시,nlic_admrul,norm:Notice,true,국립농산물품질관리원,true,nlic_api_20260920b,,,,,2100000281892,2026-18,20260706,20260706,고시,
DOC-004325,LAW-KR-000218,농산물 검사ㆍ검정방법 및 절차 등에 관한 규정,api,admin_rule,notice,,고시,nlic_admrul,norm:Notice,true,국립농산물품질관리원,true,nlic_api_20260920b,DOC-004289,UNIT-0378977,,,2100000284888,2026-20,20260827,20260827,고시,
DOC-004326,LAW-KR-000218,농산물 검사관 기술교육 및 경진대회 운영요령,api,admin_rule,established_rule,,예규,nlic_admrul,norm:EstablishedRule,true,국립농산물품질관리원,true,nlic_api_20260920b,DOC-004291,UNIT-0380132,,,2100000212149,229,20220615,20220615,예규,
DOC-004327,LAW-KR-000218,농산물 검사관 자격시험 및 관리 요령,api,admin_rule,notice,,고시,nlic_admrul,norm:Notice,true,국립농산물품질관리원,true,nlic_api_20260920b,DOC-004291,UNIT-0380119,,,2100000185178,2019-13,20191226,20191226,고시,
DOC-004328,LAW-KR-000218,농산물 지정검사기관 지정 및 업무범위,api,admin_rule,notice,,고시,nlic_admrul,norm:Notice,true,국립농산물품질관리원,true,nlic_api_20260920b,,,,,2100000195969,2020-22,20201222,20201222,고시,
DOC-004329,LAW-KR-000218,농산물검사관 교육기관 지정·운영 요령,api,admin_rule,notice,,고시,nlic_admrul,norm:Notice,true,국립농산물품질관리원,true,nlic_api_20260920b,DOC-004291,UNIT-0380132,,,2100000235354,2024-1,20240117,20240117,고시,
DOC-004330,LAW-KR-000218,농산물 검사기준,api,admin_rule,notice,,고시,nlic_admrul,norm:Notice,true,농림축산식품부,true,nlic_api_20260920b,DOC-004289,UNIT-0378977,,,2100000274118,2026-18,20260202,20260202,고시,
DOC-004331,LAW-KR-000218,농산물안전정보시스템 운영 및 정보관리에 관한 규정,api,admin_rule,notice,,고시,nlic_admrul,norm:Notice,true,농림축산식품부,true,nlic_api_20260920b,DOC-004291,UNIT-0380264,,,2100000223630,2023-38,20230519,20230519,고시,
DOC-004332,LAW-KR-000218,농산물우수관리 인증 등에 관한 세부실시 요령,api,admin_rule,notice,,고시,nlic_admrul,norm:Notice,true,국립농산물품질관리원,true,nlic_api_20260920b,DOC-004291,UNIT-0379685,,,2100000281904,2026-16,20260706,20260706,고시,
DOC-004333,LAW-KR-000218,농산물우수관리시설의 지정 및 운영 요령,api,admin_rule,notice,,고시,nlic_admrul,norm:Notice,true,국립농산물품질관리원,true,nlic_api_20260920b,DOC-004291,UNIT-0379795,,,2100000281850,2026-15,20260706,20260706,고시,
DOC-004334,LAW-KR-000218,농산물우수관리인증기관 지정 및 운영 요령,api,admin_rule,notice,,고시,nlic_admrul,norm:Notice,true,국립농산물품질관리원,true,nlic_api_20260920b,DOC-004289,UNIT-0378502,,,2100000250196,2024-15,20241203,20241203,고시,
DOC-004335,LAW-KR-000218,농산물의 지리적표시 등록 및 공고요령,api,admin_rule,notice,,고시,nlic_admrul,norm:Notice,true,농림축산식품부,true,nlic_api_20260920b,DOC-004290,UNIT-0379354,,,2100000229914,2023-67,20230926,20230926,고시,
DOC-004336,LAW-KR-000218,농산물이력추적관리기준 및 그 밖에 농산물의 수확 후 관리를 하는 시설,api,admin_rule,notice,,고시,nlic_admrul,norm:Notice,true,농림축산식품부,true,nlic_api_20260920b,DOC-004289,UNIT-0378533,,,2100000189999,2020-44,20200609,20200609,고시,
DOC-004337,LAW-KR-000218,농산물이력추적관리제도 세부실시요령,api,admin_rule,notice,,고시,nlic_admrul,norm:Notice,true,국립농산물품질관리원,true,nlic_api_20260920b,DOC-004291,UNIT-0379910,,,2100000281856,2026-17,20260706,20260706,고시,
DOC-004338,LAW-KR-000218,농산물품질관리사 교육 실시기관 지정·운영 요령,api,admin_rule,notice,,고시,nlic_admrul,norm:Notice,true,국립농산물품질관리원,true,nlic_api_20260920b,DOC-004291,UNIT-0380321,,,2100000187272,2020-5,20200303,20200303,고시,
DOC-004339,LAW-KR-000218,대한민국과 러시아 간 수출·입 수산물 및 수산가공품의 품질관리 및 위생안전,api,admin_rule,notice,,고시,nlic_admrul,norm:Notice,true,해양수산부,true,nlic_api_20260920b,DOC-004289,UNIT-0378911,,,2100000219396,2023-36,20230228,20230228,고시,
DOC-004340,LAW-KR-000218,대한민국과 베트남사회주의공화국 간 수산물 위생 및 식품 안전관리와 검역에 관한 고시,api,admin_rule,notice,,고시,nlic_admrul,norm:Notice,true,국립수산물품질관리원,true,nlic_api_20260920b,DOC-004289,UNIT-0379026,,,2100000212307,2022-24,20220621,20220621,고시,
DOC-004341,LAW-KR-000218,대한민국과 에콰도르공화국간 수산물의 품질관리 및 위생안전에 관한 고시,api,admin_rule,notice,,고시,nlic_admrul,norm:Notice,true,국립수산물품질관리원,true,nlic_api_20260920b,DOC-004289,UNIT-0379026,,,2100000181691,2019-7,20190822,20190912,고시,
DOC-004342,LAW-KR-000218,대한민국과 인도네시아공화국 간 수출입 수산물·수산가공품의 품질관리 및 위생안전 협력에 관한 고시,api,admin_rule,notice,,고시,nlic_admrul,norm:Notice,true,국립수산물품질관리원,true,nlic_api_20260920b,DOC-004289,UNIT-0379026,,,2100000250588,2024-7,20241210,20241210,고시,
DOC-004343,LAW-KR-000218,대한민국과 중화인민공화국 간 수출·입 수산물 위생관리,api,admin_rule,notice,,고시,nlic_admrul,norm:Notice,true,해양수산부,true,nlic_api_20260920b,DOC-004289,UNIT-0378911,,,2100000219394,2023-34,20230228,20230228,고시,
DOC-004344,LAW-KR-000218,대한민국과 중화인민공화국 간 수출·입 활수생동물의 검사·검역,api,admin_rule,notice,,고시,nlic_admrul,norm:Notice,true,해양수산부,true,nlic_api_20260920b,DOC-004289,UNIT-0378911,,,2100000219368,2023-35,20230228,20230228,고시,
DOC-004345,LAW-KR-000218,대한민국과 중화인민공화국 간 수출입 야생 수산물의 검사 및 위생 요건에 관한 고시,api,admin_rule,notice,,고시,nlic_admrul,norm:Notice,true,해양수산부,true,nlic_api_20260920b,DOC-004289,UNIT-0378911,,,2100000282018,2026-76,20260706,20260705,고시,
DOC-004346,LAW-KR-000218,대한민국과 태국 간 수출·입 수산물·수산제품의 품질관리 및 위생안전,api,admin_rule,notice,,고시,nlic_admrul,norm:Notice,true,해양수산부,true,nlic_api_20260920b,DOC-004289,UNIT-0378911,,,2100000219398,2023-37,20230228,20230228,고시,
DOC-004347,LAW-KR-000218,미국으로 수출하는 패류의 수출조건에 관한 규정,api,admin_rule,notice,,고시,nlic_admrul,norm:Notice,true,해양수산부,true,nlic_api_20260920b,DOC-004289,UNIT-0378911,,,2100000219406,2023-41,20230228,20230228,고시,
DOC-004348,LAW-KR-000218,생산·출하전단계 수산물의 안전관리인증기준,api,admin_rule,notice,,고시,nlic_admrul,norm:Notice,true,해양수산부,true,nlic_api_20260920b,,,,,2100000238522,2024-37,20240401,20240401,고시,
DOC-004349,LAW-KR-000218,생식용 생굴 대일 수출 요령,api,admin_rule,notice,,고시,nlic_admrul,norm:Notice,true,해양수산부,true,nlic_api_20260920b,DOC-004289,UNIT-0378911,,,2100000219392,2023-33,20230228,20230228,고시,
DOC-004350,LAW-KR-000218,수산물 검사 예규,api,admin_rule,established_rule,,예규,nlic_admrul,norm:EstablishedRule,true,국립수산물품질관리원,true,nlic_api_20260920b,DOC-004291,UNIT-0380194,,,2100000229258,30,20230912,20230912,예규,
DOC-004351,LAW-KR-000218,수산물 검정기관 지정 세부절차 및 운영 등에 관한 요령,api,admin_rule,notice,,고시,nlic_admrul,norm:Notice,true,국립수산물품질관리원,true,nlic_api_20260920b,DOC-004291,UNIT-0380251,,,2100000203940,2021-37,20210824,20210824,고시,
DOC-004352,LAW-KR-000218,수산물 등의 검정에 관한 세부요령,api,admin_rule,notice,,고시,nlic_admrul,norm:Notice,true,국립수산물품질관리원,true,nlic_api_20260920b,DOC-004291,UNIT-0380218,,,2100000200163,2021-26,20210416,20210416,고시,
DOC-004353,LAW-KR-000218,수산물 명예감시원 운영요령,api,admin_rule,notice,,고시,nlic_admrul,norm:Notice,true,국립수산물품질관리원,true,nlic_api_20260920b,DOC-004291,UNIT-0380282,,,2100000239648,2024-2,20240424,20240424,고시,
DOC-004354,LAW-KR-000218,수산물의 품질인증 세부기준,api,admin_rule,notice,,고시,nlic_admrul,norm:Notice,true,국립수산물품질관리원,true,nlic_api_20260920b,,,,,2100000278062,2026-6,20260421,20260421,고시,
DOC-004355,LAW-KR-000218,수산물의 품질인증에 관한 세부실시요령,api,admin_rule,notice,,고시,nlic_admrul,norm:Notice,true,국립수산물품질관리원,true,nlic_api_20260920b,,,,,2100000272104,2026-10,20251217,20251217,고시,
DOC-004356,LAW-KR-000218,수산물의 생산·가공시설 및 해역의 위생관리기준,api,admin_rule,notice,,고시,nlic_admrul,norm:Notice,true,해양수산부,true,nlic_api_20260920b,DOC-004289,UNIT-0378911,,,2100000241882,2024-58,20240529,20240529,고시,
DOC-004357,LAW-KR-000218,수산물의 지리적표시 등록 및 공고 요령,api,admin_rule,notice,,고시,nlic_admrul,norm:Notice,true,해양수산부,true,nlic_api_20260920b,DOC-004290,UNIT-0379354,,,2100000180434,2019-115,20190718,20190718,고시,
DOC-004358,LAW-KR-000218,수산물의 품질인증기관 지정 및 운영요령,api,admin_rule,notice,,고시,nlic_admrul,norm:Notice,true,국립수산물품질관리원,true,nlic_api_20260920b,DOC-004291,UNIT-0379877,,,2100000227572,2023-32,20230804,20230804,고시,
DOC-004359,LAW-KR-000218,수산물품질관리사 교육실시기관 지정·운영 요령,api,admin_rule,notice,,고시,nlic_admrul,norm:Notice,true,해양수산부,true,nlic_api_20260920b,DOC-004291,UNIT-0380321,,,2100000196212,2020-236,20201228,20201228,고시,
DOC-004360,LAW-KR-000218,수출 수산물·수산가공품 검사 대상품목 지정,api,admin_rule,notice,,고시,nlic_admrul,norm:Notice,true,해양수산부,true,nlic_api_20260920b,DOC-004289,UNIT-0379026,,,2100000219366,2023-32,20230228,20230228,고시,
DOC-004361,LAW-KR-000218,유전자변형 표시대상 농산물의 시료수거 및 검정방법,api,admin_rule,notice,,고시,nlic_admrul,norm:Notice,true,식품의약품안전처,true,nlic_api_20260920b,DOC-004290,UNIT-0379384,,,2100000187122,2020-12,20200225,20200225,고시,
DOC-004362,LAW-KR-000218,유전자변형농수산물 표시 위반 신고포상금 지급요령,api,admin_rule,notice,,고시,nlic_admrul,norm:Notice,true,식품의약품안전처,true,nlic_api_20260920b,DOC-004290,UNIT-0379520,,,2100000190920,2020-60,20200709,20200709,고시,
DOC-004363,LAW-KR-000218,임산물 명예감시원 운영 요령,api,admin_rule,notice,,고시,nlic_admrul,norm:Notice,true,산림청,true,nlic_api_20260920b,DOC-004291,UNIT-0380282,,,2100000249706,2024-113,20241122,20241122,고시,
DOC-004364,LAW-KR-000218,지정해역의 지정고시,api,admin_rule,notice,,고시,nlic_admrul,norm:Notice,true,해양수산부,true,nlic_api_20260920b,DOC-004289,UNIT-0378921,,,2100000219388,2023-30,20230228,20230228,고시,
DOC-004365,LAW-KR-000219,먹는물 수질감시항목 운영 등에 관한 고시,api,admin_rule,notice,,고시,nlic_admrul,norm:Notice,true,기후에너지환경부,true,nlic_api_20260920b,,,,,2100000281600,2026-171,20260701,20260701,고시,
DOC-004366,LAW-KR-000219,먹는물공동시설 관리요령,api,admin_rule,directive,,훈령,nlic_admrul,norm:Directive,true,기후에너지환경부,true,nlic_api_20260920b,DOC-004294,UNIT-0380952,,,2100000229368,1614,20230912,20230912,훈령,
DOC-004367,LAW-KR-000219,먹는물관련 검사기관의 측정·분석능력 평가에 관한 규정,api,admin_rule,notice,,고시,nlic_admrul,norm:Notice,true,국립환경과학원,true,nlic_api_20260920b,DOC-004294,UNIT-0381235,,,2100000184155,2019-53,20191121,20191121,고시,
DOC-004368,LAW-KR-000219,먹는물수질검사기관 바이러스 및 원생동물 분야 지정 등에 관한 규정,api,admin_rule,notice,,고시,nlic_admrul,norm:Notice,true,국립환경과학원,true,nlic_api_20260920b,DOC-004294,UNIT-0381235,,,2100000207435,2021-90,20211220,20211220,고시,
DOC-004369,LAW-KR-000219,먹는물수질공정시험기준,api,admin_rule,notice,,고시,nlic_admrul,norm:Notice,true,국립환경과학원,true,nlic_api_20260920b,DOC-004292,UNIT-0380388,,,2100000284952,2026-38,20260914,20260914,고시,
DOC-004370,LAW-KR-000219,샘물등의 개발에 따른 환경영향심사 업무처리규정,api,admin_rule,directive,,훈령,nlic_admrul,norm:Directive,true,기후에너지환경부,true,nlic_api_20260920b,DOC-004293,UNIT-0380856,,,2100000256606,1681,20250317,20250317,훈령,
DOC-004371,LAW-KR-000219,수처리제등(수처리제와 먹는샘물)의 자가기준과 자가규격 인정기준,api,admin_rule,notice,,고시,nlic_admrul,norm:Notice,true,국립환경과학원(구),true,nlic_api_20260920b,,,,,2100000270846,2025-60,20251230,20260105,고시,
DOC-004372,LAW-KR-000219,수처리제의 기준과 규격 및 표시기준,api,admin_rule,notice,,고시,nlic_admrul,norm:Notice,true,기후에너지환경부,true,nlic_api_20260920b,,,,,2100000266164,2025-165,20251001,20251007,고시,
DOC-004373,LAW-KR-000219,식품의 기준 및 규격,api,admin_rule,notice,,고시,nlic_admrul,norm:Notice,true,식품의약품안전처,true,nlic_api_20260920b,DOC-000028,UNIT-0018694,,,2100000283336,2026-55,20260731,20261001,고시,
DOC-004374,LAW-KR-000219,정수기의 기준·규격 및 검사기관 지정고시,api,admin_rule,notice,,고시,nlic_admrul,norm:Notice,true,기후에너지환경부,true,nlic_api_20260920b,DOC-004292,UNIT-0380375,,,2100000203667,2021-157,20210803,20210803,고시,
DOC-004375,LAW-KR-000219,"정수기의 품질검사, 먹는샘물·수처리제·정수기 또는 그 용기의 자가기준과 자가규격검사, 먹는샘물·수처리제·정수기의 자가품질검사 수수료에 관한 고시",api,admin_rule,notice,,고시,nlic_admrul,norm:Notice,true,국립환경과학원,true,nlic_api_20260920b,DOC-004294,UNIT-0381352,,,2100000208012,2021-100,20211229,20211229,고시,
DOC-004376,LAW-KR-000220,사료검사기준,api,admin_rule,notice,,고시,nlic_admrul,norm:Notice,true,농림축산식품부,true,nlic_api_20260920b,DOC-004295,UNIT-0381482,,,2100000231618,2023-87,20231120,20231120,고시,
DOC-004377,LAW-KR-000220,사료공장 위해요소중점관리기준,api,admin_rule,notice,,고시,nlic_admrul,norm:Notice,true,농림축산식품부,true,nlic_api_20260920b,DOC-004295,UNIT-0381460,,,2100000236636,2024-19,20240222,20240222,고시,
DOC-004378,LAW-KR-000220,수입사료 사후관리기준,api,admin_rule,notice,,고시,nlic_admrul,norm:Notice,true,농림축산식품부,true,nlic_api_20260920b,DOC-004295,UNIT-0381393,,,2100000231572,2023-88,20231120,20231120,고시,
DOC-004379,LAW-KR-000221,단체소송 제기가능 경제단체 지정,api,admin_rule,notice,,고시,nlic_admrul,norm:Notice,true,공정거래위원회,true,nlic_api_20260920b,DOC-004299,UNIT-0382944,,,2100000213094,2022-14,20220718,20220718,고시,
DOC-004380,LAW-KR-000221,사업자의 부당한 소비자거래행위 지정 고시,api,admin_rule,notice,,고시,nlic_admrul,norm:Notice,true,공정거래위원회,true,nlic_api_20260920b,DOC-004298,UNIT-0381996,,,2100000240184,2024-7,20240503,20240803,고시,
DOC-004381,LAW-KR-000221,소비자분쟁해결기준,api,admin_rule,notice,,고시,nlic_admrul,norm:Notice,true,공정거래위원회,true,nlic_api_20260920b,DOC-004299,UNIT-0382566,,,2100000270136,2025-14,20251218,20251218,고시,
DOC-004382,LAW-KR-000221,소비자정책위원회 위원 추천관련 고시,api,admin_rule,notice,,고시,nlic_admrul,norm:Notice,true,공정거래위원회,true,nlic_api_20260920b,DOC-004299,UNIT-0382640,,,2000000013881,2008-15,20080229,20080229,고시,
DOC-004383,LAW-KR-000221,소비자종합지원시스템 운영 등에 관한 고시,api,admin_rule,notice,,고시,nlic_admrul,norm:Notice,true,공정거래위원회,true,nlic_api_20260920b,DOC-004298,UNIT-0382026,,,2100000193353,2020-15,20201008,20201008,고시,
DOC-004384,LAW-KR-000221,소비자중심경영(CCM) 사업자 지정제도 운영·심사에 관한 규정,api,admin_rule,notice,,고시,nlic_admrul,norm:Notice,true,공정거래위원회,true,nlic_api_20260920b,,,,,2100000285096,2026-16,20260911,20260911,고시,
DOC-004385,LAW-KR-000221,위해정보 제출기관 지정·운영 등에 관한 규정,api,admin_rule,notice,,고시,nlic_admrul,norm:Notice,true,공정거래위원회,true,nlic_api_20260920b,DOC-004299,UNIT-0382866,,,2100000268404,2025-10,20251114,20251114,고시,
DOC-004386,LAW-KR-000222,네덜란드산 쇠고기 수입위생요건,api,admin_rule,notice,,고시,nlic_admrul,norm:Notice,true,식품의약품안전처,true,nlic_api_20260920b,DOC-004300,UNIT-0383096,,,2100000178167,2019-35,20190503,20190503,고시,
DOC-004387,LAW-KR-000222,덴마크산 쇠고기 수입위생요건,api,admin_rule,notice,,고시,nlic_admrul,norm:Notice,true,식품의약품안전처,true,nlic_api_20260920b,DOC-004300,UNIT-0383096,,,2100000178168,2019-36,20190503,20190503,고시,
DOC-004388,LAW-KR-000222,"라트비아산 가금육, 가금육가공품, 식용란 및 알가공품 수입위생요건",api,admin_rule,notice,,고시,nlic_admrul,norm:Notice,true,식품의약품안전처,true,nlic_api_20260920b,DOC-004300,UNIT-0383096,,,2100000277076,2026-14,20260225,20260225,고시,
DOC-004389,LAW-KR-000222,리투아니아산 가금육 수입위생요건,api,admin_rule,notice,,고시,nlic_admrul,norm:Notice,true,식품의약품안전처,true,nlic_api_20260920b,DOC-004300,UNIT-0383096,,,2100000192278,2020-74,20200826,20200826,고시,
DOC-004390,LAW-KR-000222,베트남산 열처리가금육 수입위생요건,api,admin_rule,notice,,고시,nlic_admrul,norm:Notice,true,식품의약품안전처,true,nlic_api_20260920b,DOC-004300,UNIT-0383096,,,2100000253502,2025-2,20250116,20250116,고시,
DOC-004391,LAW-KR-000222,벨기에산 가금육 수입위생요건,api,admin_rule,notice,,고시,nlic_admrul,norm:Notice,true,식품의약품안전처,true,nlic_api_20260920b,DOC-004300,UNIT-0383096,,,2100000253500,2025-1,20250116,20250116,고시,
DOC-004392,LAW-KR-000222,벨기에산 식용란 및 알가공품 수입위생요건,api,admin_rule,notice,,고시,nlic_admrul,norm:Notice,true,식품의약품안전처,true,nlic_api_20260920b,DOC-004300,UNIT-0383096,,,2100000284206,2026-62,20260824,20260824,고시,
DOC-004393,LAW-KR-000222,브라질산 식용란 및 알가공품 수입위생요건,api,admin_rule,notice,,고시,nlic_admrul,norm:Notice,true,식품의약품안전처,true,nlic_api_20260920b,DOC-004300,UNIT-0383096,,,2100000277074,2026-30,20260406,20260406,고시,
DOC-004394,LAW-KR-000222,수입식품등 정보수집요원 운영에 관한 규정,api,admin_rule,notice,,고시,nlic_admrul,norm:Notice,true,식품의약품안전처,true,nlic_api_20260920b,,,,,2100000180333,2019-60,20190715,20190715,고시,
DOC-004395,LAW-KR-000222,수입식품등 신고 및 검사에 관한 규정,api,admin_rule,notice,,고시,nlic_admrul,norm:Notice,true,식품의약품안전처,true,nlic_api_20260920b,DOC-004300,UNIT-0383197,,,2100000263512,2025-59,20250828,20250901,고시,
DOC-004396,LAW-KR-000222,아르헨티나산 가금육 수입위생요건,api,admin_rule,notice,,고시,nlic_admrul,norm:Notice,true,식품의약품안전처,true,nlic_api_20260920b,DOC-004300,UNIT-0383096,,,2100000247336,2024-52,20240924,20240924,고시,
DOC-004397,LAW-KR-000222,아일랜드산 쇠고기 수입위생요건,api,admin_rule,notice,,고시,nlic_admrul,norm:Notice,true,식품의약품안전처,true,nlic_api_20260920b,DOC-004300,UNIT-0383096,,,2100000236288,2024-12,20240208,20240208,고시,
DOC-004398,LAW-KR-000222,축산물 또는 동물성 식품의 수입허용국가(지역) 및 수입위생요건,api,admin_rule,notice,,고시,nlic_admrul,norm:Notice,true,식품의약품안전처,true,nlic_api_20260920b,,,,,2100000279882,2026-41,20260526,20260526,고시,
DOC-004399,LAW-KR-000222,태국산 식용란 및 알가공품 수입위생요건,api,admin_rule,notice,,고시,nlic_admrul,norm:Notice,true,식품의약품안전처,true,nlic_api_20260920b,DOC-004300,UNIT-0383096,,,2100000178705,2019-42,20190522,20190522,고시,
DOC-004400,LAW-KR-000222,특별위생관리식품의 수입위생요건 등에 관한 고시,api,admin_rule,notice,,고시,nlic_admrul,norm:Notice,true,식품의약품안전처,true,nlic_api_20260920b,DOC-004301,UNIT-0383404,,,2100000263256,2025-55,20250822,20250822,고시,
DOC-004401,LAW-KR-000222,프랑스산 쇠고기 수입위생요건,api,admin_rule,notice,,고시,nlic_admrul,norm:Notice,true,식품의약품안전처,true,nlic_api_20260920b,DOC-004300,UNIT-0383096,,,2100000236286,2024-11,20240208,20240208,고시,
DOC-004402,LAW-KR-000222,"핀란드산 가금육, 가금육가공품, 식용란 및 알가공품 수입위생요건",api,admin_rule,notice,,고시,nlic_admrul,norm:Notice,true,식품의약품안전처,true,nlic_api_20260920b,,,,,2100000259666,2025-35,20250529,20250529,고시,
DOC-004403,LAW-KR-000222,해외식품 위생평가기관 업무에 관한 규정,api,admin_rule,notice,,고시,nlic_admrul,norm:Notice,true,식품의약품안전처,true,nlic_api_20260920b,DOC-004300,UNIT-0383084,,,2100000090549,2017-54,20170626,20170626,고시,
DOC-004404,LAW-KR-000222,해외작업장 등록에 관한 규정,api,admin_rule,established_rule,,예규,nlic_admrul,norm:EstablishedRule,true,식품의약품안전처,true,nlic_api_20260920b,DOC-004302,UNIT-0383644,,,2100000156349,118,20180919,20180919,예규,
DOC-004405,LAW-KR-000223,개별안전기준이 있는 공급자적합성확인대상 어린이제품,api,admin_rule,notice,,고시,nlic_admrul,norm:Notice,true,산업통상부,true,nlic_api_20260920b,,,,,2100000269554,2025-25,20251208,20251214,고시,
DOC-004406,LAW-KR-000223,안전인증대상 어린이제품의 안전기준,api,admin_rule,notice,,고시,nlic_admrul,norm:Notice,true,산업통상부,true,nlic_api_20260920b,DOC-004303,UNIT-0384137,,,2100000250856,2024-198,20241223,20250101,고시,
DOC-004407,LAW-KR-000223,안전확인대상 어린이제품의 안전기준,api,admin_rule,notice,,고시,nlic_admrul,norm:Notice,true,산업통상부,true,nlic_api_20260920b,DOC-004303,UNIT-0384181,,,2100000271284,2025-146,20250818,20260101,고시,
DOC-004408,LAW-KR-000223,어린이제품 공통안전기준,api,admin_rule,notice,,고시,nlic_admrul,norm:Notice,true,산업통상부,true,nlic_api_20260920b,DOC-004303,UNIT-0384137,,,2100000216780,2022-220,20221214,20230401,고시,
DOC-004409,LAW-KR-000223,어린이제품 안전친화기업 지정제도 운영요령,api,admin_rule,notice,,고시,nlic_admrul,norm:Notice,true,국가기술표준원,true,nlic_api_20260920b,DOC-004305,UNIT-0384840,,,2100000272736,2015-691,20151231,20160229,고시,
DOC-004410,LAW-KR-000223,어린이제품안전관리제도 운용요령,api,admin_rule,notice,,고시,nlic_admrul,norm:Notice,true,국가기술표준원,true,nlic_api_20260920b,DOC-004305,UNIT-0384565,,,2100000254530,2024-226,20240710,20240710,고시,
DOC-004411,LAW-KR-000226,기능성화장품 기준 및 시험방법,api,admin_rule,notice,,고시,nlic_admrul,norm:Notice,true,식품의약품안전처,true,nlic_api_20260920b,DOC-004313,UNIT-0386327,,,2100000269816,2025-89,20251216,20251216,고시,
DOC-004412,LAW-KR-000226,기능성화장품 심사에 관한 규정,api,admin_rule,notice,,고시,nlic_admrul,norm:Notice,true,식품의약품안전처,true,nlic_api_20260920b,DOC-004313,UNIT-0386327,,,2100000269812,2025-88,20251216,20251216,고시,
DOC-004413,LAW-KR-000226,맞춤형화장품조제관리사 자격시험 운영에 관한 규정,api,admin_rule,notice,,고시,nlic_admrul,norm:Notice,true,식품의약품안전처,true,nlic_api_20260920b,DOC-004313,UNIT-0386315,,,2100000237716,2024-15,20240319,20240319,고시,
DOC-004414,LAW-KR-000226,맞춤형화장품판매업자의 준수사항에 관한 규정,api,admin_rule,notice,,고시,nlic_admrul,norm:Notice,true,식품의약품안전처,true,nlic_api_20260920b,DOC-004313,UNIT-0386464,,,2100000208414,2022-3,20220114,20220114,고시,
DOC-004415,LAW-KR-000226,소비자화장품안전관리감시원 운영 규정,api,admin_rule,notice,,고시,nlic_admrul,norm:Notice,true,식품의약품안전처,true,nlic_api_20260920b,DOC-004313,UNIT-0386640,,,2100000205803,2021-85,20211102,20211102,고시,
DOC-004416,LAW-KR-000226,수입화장품 품질검사 면제에 관한 규정,api,admin_rule,notice,,고시,nlic_admrul,norm:Notice,true,식품의약품안전처,true,nlic_api_20260920b,DOC-004313,UNIT-0386447,,,2100000187188,2020-12,20200225,20200225,고시,
DOC-004417,LAW-KR-000226,영유아 또는 어린이 사용 화장품 안전성 자료의 작성·보관에 관한 규정,api,admin_rule,notice,,고시,nlic_admrul,norm:Notice,true,식품의약품안전처,true,nlic_api_20260920b,DOC-004313,UNIT-0386388,,,2100000191392,2020-66,20200724,20200724,고시,
DOC-004418,LAW-KR-000226,우수화장품 제조 및 품질관리기준,api,admin_rule,notice,,고시,nlic_admrul,norm:Notice,true,식품의약품안전처,true,nlic_api_20260920b,DOC-004313,UNIT-0386424,,,2100000246206,2024-46,20240822,20240822,고시,
DOC-004419,LAW-KR-000226,화장품 가격표시제 실시요령,api,admin_rule,notice,,고시,nlic_admrul,norm:Notice,true,식품의약품안전처,true,nlic_api_20260920b,DOC-004313,UNIT-0386609,,,2100000187208,2020-12,20200225,20200225,고시,
DOC-004420,LAW-KR-000226,화장품 바코드 표시 및 관리요령,api,admin_rule,notice,,고시,nlic_admrul,norm:Notice,true,식품의약품안전처,true,nlic_api_20260920b,DOC-004313,UNIT-0386594,,,2100000187191,2020-12,20200225,20200225,고시,
DOC-004421,LAW-KR-000226,화장품 법령·제도 등 교육실시기관 지정 및 교육에 관한 규정,api,admin_rule,notice,,고시,nlic_admrul,norm:Notice,true,식품의약품안전처,true,nlic_api_20260920b,DOC-004313,UNIT-0386501,,,2100000208572,2022-2,20220114,20220114,고시,
DOC-004422,LAW-KR-000226,화장품 사용할 때의 주의사항 및 알레르기 유발성분 표시에 관한 규정,api,admin_rule,notice,,고시,nlic_admrul,norm:Notice,true,식품의약품안전처,true,nlic_api_20260920b,DOC-004313,UNIT-0386580,,,2100000283642,2026-56,20260805,20260805,고시,
DOC-004423,LAW-KR-000226,화장품 안전기준 등에 관한 규정,api,admin_rule,notice,,고시,nlic_admrul,norm:Notice,true,식품의약품안전처,true,nlic_api_20260920b,DOC-004311,UNIT-0385852,,,2100000276068,2026-19,20260318,20260318,고시,
DOC-004424,LAW-KR-000226,화장품 안전성 정보관리 규정,api,admin_rule,notice,,고시,nlic_admrul,norm:Notice,true,식품의약품안전처,true,nlic_api_20260920b,DOC-004313,UNIT-0386450,,,2100000209268,2022-12,20220218,20220218,고시,
DOC-004425,LAW-KR-000226,화장품 원료 사용금지 해제·변경 및 사용기준 지정·변경 심사에 관한 규정,api,admin_rule,notice,,고시,nlic_admrul,norm:Notice,true,식품의약품안전처,true,nlic_api_20260920b,,,,,2100000257060,2025-17,20250326,20250326,고시,
DOC-004426,LAW-KR-000226,화장품 표시·광고 실증에 관한 규정,api,admin_rule,notice,,고시,nlic_admrul,norm:Notice,true,식품의약품안전처,true,nlic_api_20260920b,DOC-004313,UNIT-0386615,,,2100000192523,2020-80,20200904,20200904,고시,
DOC-004427,LAW-KR-000226,화장품의 색소 종류 및 기준,api,admin_rule,notice,,고시,nlic_admrul,norm:Notice,true,식품의약품안전처,true,nlic_api_20260920b,,,,,2100000229664,2023-61,20230921,20230921,고시,
DOC-004428,LAW-KR-000226,화장품의 생산ㆍ수입실적 및 원료목록 보고에 관한 규정,api,admin_rule,notice,,고시,nlic_admrul,norm:Notice,true,식품의약품안전처,true,nlic_api_20260920b,DOC-004313,UNIT-0386474,,,2100000279170,2026-38,20260513,20260513,고시,
DOC-004429,LAW-KR-000037,2020년 공공기관 지정 고시,api,admin_rule,notice,,고시,nlic_admrul,norm:Notice,true,재정경제부,true,nlic_api_20260920e,,,,,2100000186652,2020-2,20200205,20200205,고시,
DOC-004430,LAW-KR-000037,공공기관 구분회계 운영 지침,api,admin_rule,notice,,고시,nlic_admrul,norm:Notice,true,재정경제부,true,nlic_api_20260920e,DOC-000104,UNIT-0055538,,,2100000101929,2015-30,20151229,20151229,고시,
DOC-004431,LAW-KR-000037,공기업·준정부기관 사업 예비타당성조사 운용지침,api,admin_rule,directive,,훈령,nlic_admrul,norm:Directive,true,재정경제부,true,nlic_api_20260920e,DOC-000105,UNIT-0055792,,,2100000272202,8,20260102,20260108,훈령,
DOC-004432,LAW-KR-000037,한국보건복지정보개발원 공공기관 변경지정,api,admin_rule,notice,,고시,nlic_admrul,norm:Notice,true,재정경제부,true,nlic_api_20260920e,DOC-000104,UNIT-0055611,,,2000000064658,2011-11,20110531,20110531,고시,
DOC-004433,LAW-KR-000037,한국청소년활동진흥원 공공기관 변경지정,api,admin_rule,notice,,고시,nlic_admrul,norm:Notice,true,재정경제부,true,nlic_api_20260920e,DOC-000104,UNIT-0055611,,,2000000064665,2010-25,20101001,20101001,고시,
DOC-004434,LAW-KR-000197,2026년 기반시설 표준시설비용 및 단위당 표준조성비 고시,api,admin_rule,notice,,고시,nlic_admrul,norm:Notice,true,국토교통부,true,nlic_api_20260920e,,,,,2100000280344,2026-262,20260609,20260610,고시,
DOC-004435,LAW-KR-000197,개발제한구역의 조정을 위한 도시·군관리계획 변경안 수립지침,api,admin_rule,directive,,훈령,nlic_admrul,norm:Directive,true,국토교통부,true,nlic_api_20260920e,,,,,2100000280442,1956,20260609,20260609,훈령,
DOC-004436,LAW-KR-000197,개발행위허가운영지침,api,admin_rule,directive,,훈령,nlic_admrul,norm:Directive,true,국토교통부,true,nlic_api_20260920e,DOC-004178,UNIT-0351774,,,2100000199565,1375,20210331,20210331,훈령,
DOC-004437,LAW-KR-000197,공간재구조화계획 수립 등에 관한 지침,api,admin_rule,notice,,고시,nlic_admrul,norm:Notice,true,국토교통부,true,nlic_api_20260920e,DOC-004177,UNIT-0349996,,,2100000245296,2024-410,20240731,20240807,고시,
DOC-004438,LAW-KR-000197,공동구 설치 및 관리지침,api,admin_rule,directive,,훈령,nlic_admrul,norm:Directive,true,국토교통부,true,nlic_api_20260920e,DOC-004177,UNIT-0350157,,,2100000221570,1608,20230404,20230404,훈령,
DOC-004439,LAW-KR-000197,광역도시계획수립지침,api,admin_rule,directive,,훈령,nlic_admrul,norm:Directive,true,국토교통부,true,nlic_api_20260920e,DOC-004177,UNIT-0349825,,,2100000282276,1967,20260708,20260708,훈령,
DOC-004440,LAW-KR-000197,기반시설연동제 운영지침,api,admin_rule,directive,,훈령,nlic_admrul,norm:Directive,true,국토교통부,true,nlic_api_20260920e,DOC-004177,UNIT-0350389,,,2100000176470,1107,20181126,20181126,훈령,
DOC-004441,LAW-KR-000197,도시·군관리계획수립지침,api,admin_rule,directive,,훈령,nlic_admrul,norm:Directive,true,국토교통부,true,nlic_api_20260920e,DOC-004177,UNIT-0349922,,,2100000282348,1967,20260708,20260708,훈령,
DOC-004442,LAW-KR-000197,도시·군기본계획수립지침,api,admin_rule,directive,,훈령,nlic_admrul,norm:Directive,true,국토교통부,true,nlic_api_20260920e,DOC-004177,UNIT-0349879,,,2100000282350,1967,20260708,20260708,훈령,
DOC-004443,LAW-KR-000197,도시의 지속가능성 및 생활인프라 평가 지침,api,admin_rule,directive,,훈령,nlic_admrul,norm:Directive,true,국토교통부,true,nlic_api_20260920e,DOC-004177,UNIT-0349740,,,2100000244466,1777,20240712,20240712,훈령,
DOC-004444,LAW-KR-000197,성장관리계획수립지침,api,admin_rule,directive,,훈령,nlic_admrul,norm:Directive,true,국토교통부,true,nlic_api_20260920e,DOC-004178,UNIT-0352014,,,2100000204567,1428,20210914,20210914,훈령,
DOC-004445,LAW-KR-000197,저탄소 녹색도시 조성을 위한 도시·군계획수립 지침,api,admin_rule,directive,,훈령,nlic_admrul,norm:Directive,true,국토교통부,true,nlic_api_20260920e,DOC-004177,UNIT-0349825,,,2100000174477,1126,20181221,20181221,훈령,
DOC-004446,LAW-KR-000197,중앙도시계획위원회 운영세칙,api,admin_rule,directive,,훈령,nlic_admrul,norm:Directive,true,국토교통부,true,nlic_api_20260920e,DOC-004178,UNIT-0352442,,,2100000282364,1967,20260708,20260708,훈령,
DOC-004447,LAW-KR-000197,지구단위계획수립지침,api,admin_rule,directive,,훈령,nlic_admrul,norm:Directive,true,국토교통부,true,nlic_api_20260920e,DOC-004177,UNIT-0350209,,,2100000241690,1765,20240529,20240529,훈령,
DOC-004448,LAW-KR-000197,토지의 적성평가에 관한 지침,api,admin_rule,directive,,훈령,nlic_admrul,norm:Directive,true,국토교통부,true,nlic_api_20260920e,,,,,2200000107985,1902,20251002,20260101,훈령,
DOC-004449,LAW-KR-000197,필요감염병관리시설에 관한 고시,api,admin_rule,notice,,고시,nlic_admrul,norm:Notice,true,질병관리청,true,nlic_api_20260920e,DOC-004178,UNIT-0352215,,,2100000215974,2022-20,20221117,20221117,고시,
DOC-004450,LAW-KR-000060,2019년도 산업·발전부문 온실가스 목표관리업체 변경,api,admin_rule,notice,,고시,nlic_admrul,norm:Notice,true,산업통상부,true,nlic_api_20260920e,DOC-000170,UNIT-0074298,,,2100000212748,2022-116,20220705,20220711,고시,
DOC-004451,LAW-KR-000060,2020년도 산업·발전부문 온실가스 목표관리업체 변경,api,admin_rule,notice,,고시,nlic_admrul,norm:Notice,true,산업통상부,true,nlic_api_20260920e,DOC-000170,UNIT-0074298,,,2100000219168,2023-28,20230213,20230219,고시,
DOC-004452,LAW-KR-000060,2021년도 산업·발전부문 온실가스 목표관리업체 변경,api,admin_rule,notice,,고시,nlic_admrul,norm:Notice,true,산업통상부,true,nlic_api_20260920e,DOC-000170,UNIT-0074298,,,2100000240666,2024-80,20240509,20240515,고시,
DOC-004453,LAW-KR-000060,2022년도 산업·발전부문 온실가스 목표관리업체 변경고시,api,admin_rule,notice,,고시,nlic_admrul,norm:Notice,true,산업통상부,true,nlic_api_20260920e,,,,,2100000263080,2025-136,20250811,20250817,고시,
DOC-004454,LAW-KR-000060,2023년도 산업·발전부문 온실가스 목표관리업체 변경고시,api,admin_rule,notice,,고시,nlic_admrul,norm:Notice,true,산업통상부,true,nlic_api_20260920e,DOC-000170,UNIT-0074298,,,2100000263082,2025-137,20250811,20250817,고시,
DOC-004455,LAW-KR-000060,2025년도 산업·발전부문 온실가스 목표관리업체 변경,api,admin_rule,notice,,고시,nlic_admrul,norm:Notice,true,산업통상부,true,nlic_api_20260920e,,,,,2100000280914,2026-70,20260629,20260705,고시,
DOC-004456,LAW-KR-000060,2026년도 산업부문 온실가스 목표관리업체 지정고시,api,admin_rule,notice,,고시,nlic_admrul,norm:Notice,true,산업통상부,true,nlic_api_20260920e,,,,,2100000281024,2026-71,20260630,20260630,고시,
DOC-004457,LAW-KR-000060,지역 온실가스 통계 총괄관리에 관한 규정,api,admin_rule,directive,,훈령,nlic_admrul,norm:Directive,true,기후에너지환경부,true,nlic_api_20260920e,DOC-000170,UNIT-0074554,,,2100000268408,83,20251119,20251125,훈령,
DOC-004458,LAW-KR-000060,탄소공간지도 운영 업무 위탁기관 지정,api,admin_rule,notice,,고시,nlic_admrul,norm:Notice,true,국토교통부,true,nlic_api_20260920e,DOC-000170,UNIT-0074980,,,2100000243818,2023-289,20230602,20230602,고시,
DOC-004459,LAW-KR-000151,공공건설임대주택 표준건축비,api,admin_rule,notice,,고시,nlic_admrul,norm:Notice,true,국토교통부,true,nlic_api_20260920e,DOC-000424,UNIT-0178150,,,2100000218618,2023-64,20230201,20230201,고시,
DOC-004460,LAW-KR-000151,도시·주거환경 정비계획 수립 지침,api,admin_rule,directive,,훈령,nlic_admrul,norm:Directive,true,국토교통부,true,nlic_api_20260920e,DOC-000424,UNIT-0178475,,,2100000259788,1872,20250604,20250604,훈령,
DOC-004461,LAW-KR-000151,도시·주거환경정비기본계획 수립 지침,api,admin_rule,directive,,훈령,nlic_admrul,norm:Directive,true,국토교통부,true,nlic_api_20260920e,DOC-000424,UNIT-0178054,,,2100000224832,1625,20230616,20230616,훈령,
DOC-004462,LAW-KR-000151,분양가상한제 적용주택의 기본형건축비 및 가산비용,api,admin_rule,notice,,고시,nlic_admrul,norm:Notice,true,국토교통부,true,nlic_api_20260920e,DOC-000424,UNIT-0178242,,,2100000285100,2026-488,20260915,20260915,고시,
DOC-004463,LAW-KR-000151,소형주택의 활용기준 산정방법,api,admin_rule,notice,,고시,nlic_admrul,norm:Notice,true,국토교통부,true,nlic_api_20260920e,DOC-000425,UNIT-0179135,,,2100000196320,2020-1182,20201230,20210101,고시,
DOC-004464,LAW-KR-000151,주택 재건축 판정을 위한 재건축진단 기준,api,admin_rule,notice,,고시,nlic_admrul,norm:Notice,true,국토교통부,true,nlic_api_20260920e,DOC-000425,UNIT-0178554,,,2100000282452,2026-360,20260708,20260708,고시,
DOC-004465,LAW-KR-000101,선박 톤수 측정 요령,api,admin_rule,directive,,훈령,nlic_admrul,norm:Directive,true,해양수산부,true,nlic_api_20260920e,DOC-000278,UNIT-0109077,,,2100000025246,272,20150819,20150819,훈령,
DOC-004466,LAW-KR-000101,선박톤수 측정 등의 대행수수료,api,admin_rule,notice,,고시,nlic_admrul,norm:Notice,true,해양수산부,true,nlic_api_20260920e,DOC-000278,UNIT-0109074,,,2100000115389,2018-16,20180222,20180222,고시,
DOC-004467,LAW-KR-000199,가뭄조사 및 모니터링 사업 위탁기관 지정,api,admin_rule,notice,,고시,nlic_admrul,norm:Notice,true,기후에너지환경부,true,nlic_api_20260920e,DOC-004184,UNIT-0354394,,,2100000266278,2025-165,20251001,20251001,고시,
DOC-004468,LAW-KR-000199,국제개발협력사업 지원(ODA) 업무 위탁 고시,api,admin_rule,notice,,고시,nlic_admrul,norm:Notice,true,기후에너지환경부,true,nlic_api_20260920e,DOC-004184,UNIT-0354394,,,2100000188710,2020-93,20200423,20200423,고시,
DOC-004469,LAW-KR-000199,금강권역 하천유역수자원관리계획 고시,api,admin_rule,notice,,고시,nlic_admrul,norm:Notice,true,기후에너지환경부,true,nlic_api_20260920e,,,,,2100000259516,2025-79,20250515,20250521,고시,
DOC-004470,LAW-KR-000199,낙동강권역 하천유역수자원관리계획 고시,api,admin_rule,notice,,고시,nlic_admrul,norm:Notice,true,기후에너지환경부,true,nlic_api_20260920e,,,,,2100000259514,2025-78,20250515,20250521,고시,
DOC-004471,LAW-KR-000199,섬진강권역 하천유역수자원관리계획 고시,api,admin_rule,notice,,고시,nlic_admrul,norm:Notice,true,기후에너지환경부,true,nlic_api_20260920e,,,,,2100000259520,2025-81,20250515,20250521,고시,
DOC-004472,LAW-KR-000199,수문(水文)자료의 공인 및 저장 배포 활용 기준,api,admin_rule,notice,,고시,nlic_admrul,norm:Notice,true,기후에너지환경부,true,nlic_api_20260920e,DOC-004184,UNIT-0354191,,,2100000266718,2025-165,20251001,20251007,고시,
DOC-004473,LAW-KR-000199,수문(水文)조사 업무규정,api,admin_rule,directive,,훈령,nlic_admrul,norm:Directive,true,기후에너지환경부,true,nlic_api_20260920e,DOC-004184,UNIT-0354191,,,2100000267736,4,20251105,20251111,훈령,
DOC-004474,LAW-KR-000199,수문조사전담기관의 지정 및 운영에 관한 규정,api,admin_rule,notice,,고시,nlic_admrul,norm:Notice,true,기후에너지환경부,true,nlic_api_20260920e,DOC-004184,UNIT-0354167,,,2100000266692,2025-165,20251001,20251007,고시,
DOC-004475,LAW-KR-000199,수문조사 종사자 교육 운영규정,api,admin_rule,directive,,훈령,nlic_admrul,norm:Directive,true,기후에너지환경부,true,nlic_api_20260920e,DOC-004184,UNIT-0354196,,,2100000267856,4,20251105,20251111,훈령,
DOC-004476,LAW-KR-000199,수문조사시설의 설치환경 및 유지·관리와 수문자료의 품질관리기준,api,admin_rule,notice,,고시,nlic_admrul,norm:Notice,true,기후에너지환경부,true,nlic_api_20260920e,DOC-004184,UNIT-0354191,,,2100000266720,2025-165,20251001,20251007,고시,
DOC-004477,LAW-KR-000199,수자원 분야 국제협력 업무 위탁 고시,api,admin_rule,notice,,고시,nlic_admrul,norm:Notice,true,기후에너지환경부,true,nlic_api_20260920e,DOC-004184,UNIT-0354394,,,2100000265406,2025-165,20251001,20251007,고시,
DOC-004478,LAW-KR-000199,영산강권역 하천유역수자원관리계획 고시,api,admin_rule,notice,,고시,nlic_admrul,norm:Notice,true,기후에너지환경부,true,nlic_api_20260920e,,,,,2100000259518,2025-80,20250515,20250521,고시,
DOC-004479,LAW-KR-000199,하천유역조사 지침,api,admin_rule,directive,,훈령,nlic_admrul,norm:Directive,true,기후에너지환경부,true,nlic_api_20260920e,,,,,2100000267408,4,20251105,20251111,훈령,
DOC-004480,LAW-KR-000199,하천유역조사 업무의 위탁기관 지정,api,admin_rule,notice,,고시,nlic_admrul,norm:Notice,true,기후에너지환경부,true,nlic_api_20260920e,DOC-004184,UNIT-0354394,,,2100000266612,2025-165,20251001,20251001,고시,
DOC-004481,LAW-KR-000199,한강권역 하천유역수자원관리계획 고시,api,admin_rule,notice,,고시,nlic_admrul,norm:Notice,true,기후에너지환경부,true,nlic_api_20260920e,,,,,2100000259512,2025-77,20250515,20250521,고시,
DOC-004482,LAW-KR-000199,홍수피해 상황조사 및 수해원인조사위원회 운영규정,api,admin_rule,notice,,고시,nlic_admrul,norm:Notice,true,기후에너지환경부,true,nlic_api_20260920e,DOC-004184,UNIT-0354122,,,2100000266722,2025-165,20251103,20251109,고시,
DOC-004483,LAW-KR-000049,2025년도 가격변동지수 및 2026년도 폐기물처분부담금 산정지수,api,admin_rule,notice,,고시,nlic_admrul,norm:Notice,true,기후에너지환경부,true,nlic_api_20260920e,,,,,2100000273082,2026-14,20260115,20260115,고시,
DOC-004484,LAW-KR-000198,바다해설사 교육과정 운영 등에 관한 고시,api,admin_rule,notice,,고시,nlic_admrul,norm:Notice,true,해양수산부,true,nlic_api_20260920e,DOC-004182,UNIT-0353784,,,2100000283456,2026-180,20251028,20251028,고시,
DOC-004485,LAW-KR-000198,비지정권자 어항개발사업 경합신청 시 사업시행자 선정 기준,api,admin_rule,directive,,훈령,nlic_admrul,norm:Directive,true,해양수산부,true,nlic_api_20260920e,DOC-004181,UNIT-0353371,,,2100000092750,382,20170725,20170725,훈령,
DOC-004486,LAW-KR-000069,(산업통상자원부) 특정물질(HCFC류)의 생산량 및 소비량 기준한도,api,admin_rule,notice,,공고,nlic_admrul_미배치,norm:AdministrativeRule,true,산업통상부,true,nlic_api_20260920e,,,,,2100000188189,2020-219,20200331,20200331,공고,
DOC-004487,LAW-KR-000069,(환경부) 특정물질(HCFC류)의 생산량 및 소비량 기준한도,api,admin_rule,notice,,공고,nlic_admrul_미배치,norm:AdministrativeRule,true,기후에너지환경부,true,nlic_api_20260920e,DOC-000193,UNIT-0086647,,,2000000082235,2012-518,20121026,20121026,공고,
DOC-004488,LAW-KR-000069,특정물질(HFC류)의 생산량 및 소비량 기준한도 등 공고,api,admin_rule,notice,,공고,nlic_admrul_미배치,norm:AdministrativeRule,true,산업통상부,true,nlic_api_20260920e,DOC-000193,UNIT-0086647,,,2100000232348,2023-799,20231208,20231214,공고,
DOC-004489,LAW-KR-000069,할론의 배출억제 및 사용합리화 지침 공고,api,admin_rule,notice,,공고,nlic_admrul_미배치,norm:AdministrativeRule,true,산업통상부,true,nlic_api_20260920e,DOC-000193,UNIT-0086570,,,2100000208574,2022-46,20220117,20220117,공고,
DOC-004490,LAW-KR-000058,배출권거래제 2차 계획기간 음식료품·목재 업종 할당대상업체,api,admin_rule,notice,,고시,nlic_admrul,norm:Notice,true,농림축산식품부,true,nlic_api_20260920e,DOC-000164,UNIT-0072011,,,2100000121709,2017-103,20171116,20171122,고시,
DOC-004491,LAW-KR-000200,공동집배송센터 지정(경기 평택),api,admin_rule,notice,,고시,nlic_admrul,norm:Notice,true,산업통상부,true,nlic_api_20260920e,DOC-004186,UNIT-0354821,,,5047,2005-77,20050805,20050805,고시,
DOC-004492,LAW-KR-000200,공동집배송센터 지정(용인 동천),api,admin_rule,notice,,고시,nlic_admrul,norm:Notice,true,산업통상부,true,nlic_api_20260920e,DOC-004186,UNIT-0354821,,,2000000085182,2012-285,20121129,20121129,고시,
DOC-004493,LAW-KR-000200,공동집배송센터 지정(용인 양지),api,admin_rule,notice,,고시,nlic_admrul,norm:Notice,true,산업통상부,true,nlic_api_20260920e,DOC-004186,UNIT-0354821,,,2100000182030,2019-131,20190822,20190828,고시,
DOC-004494,LAW-KR-000200,공동집배송센터 지정(울산 진장),api,admin_rule,notice,,고시,nlic_admrul,norm:Notice,true,산업통상부,true,nlic_api_20260920e,DOC-004186,UNIT-0354821,,,2000000050752,2010-9,20100108,20100108,고시,
DOC-004495,LAW-KR-000200,공동집배송센터 지정(인천 오류동),api,admin_rule,notice,,고시,nlic_admrul,norm:Notice,true,산업통상부,true,nlic_api_20260920e,DOC-004186,UNIT-0354821,,,2100000068449,2016-172,20160921,20160921,고시,
DOC-004496,LAW-KR-000200,대규모점포등의 유지·관리를 위한 계약체결지침,api,admin_rule,notice,,고시,nlic_admrul,norm:Notice,true,산업통상부,true,nlic_api_20260920e,DOC-004187,UNIT-0355074,,,2100000174698,2018-226,20181213,20181213,고시,
DOC-004497,LAW-KR-000200,전통상점가 고시,api,admin_rule,notice,,고시,nlic_admrul,norm:Notice,true,중소기업청,true,nlic_api_20260920e,DOC-004186,UNIT-0354668,,,2000000015051,2010-38,20101124,20101124,고시,
DOC-004498,LAW-KR-000200,중소유통공동도매물류센터 건립·운영요령,api,admin_rule,notice,,고시,nlic_admrul,norm:Notice,true,중소벤처기업부,true,nlic_api_20260920e,DOC-004186,UNIT-0354721,,,2100000213643,2022-57,20220801,20220801,고시,
DOC-004499,LAW-KR-000200,체인사업자 평가제도 운영요령,api,admin_rule,notice,,고시,nlic_admrul,norm:Notice,true,중소벤처기업부,true,nlic_api_20260920e,DOC-004186,UNIT-0354707,,,2100000283544,2026-65,20260804,20260804,고시,
DOC-004500,LAW-KR-000091,2026년도 의사자 유족에 대한 보상금,api,admin_rule,notice,,고시,nlic_admrul,norm:Notice,true,보건복지부,true,nlic_api_20260920e,,,,,2100000270266,2025-217,20251223,20260101,고시,
DOC-004501,LAW-KR-000080,풍수해·지진재해보험 손해평가요령,api,admin_rule,notice,,고시,nlic_admrul,norm:Notice,true,행정안전부,true,nlic_api_20260920e,,,,,2100000240056,2024-33,20240425,20240514,고시,
DOC-004502,LAW-KR-000052,공공환경시설 기술진단 업무처리규정,api,admin_rule,directive,,훈령,nlic_admrul,norm:Directive,true,기후에너지환경부,true,nlic_api_20260920e,DOC-000148,UNIT-0066883,,,2100000279174,38,20260513,20260513,훈령,
DOC-004503,LAW-KR-000052,녹색환경지원센터 설립·운영에 관한 규정,api,admin_rule,directive,,훈령,nlic_admrul,norm:Directive,true,기후에너지환경부,true,nlic_api_20260920e,DOC-000148,UNIT-0066843,,,2100000267866,4,20251105,20251111,훈령,
DOC-004504,LAW-KR-000052,환경기술개발사업 운영규정,api,admin_rule,directive,,훈령,nlic_admrul,norm:Directive,true,기후에너지환경부,true,nlic_api_20260920e,DOC-000147,UNIT-0066035,,,2100000273764,22,20260121,20260121,훈령,
DOC-004505,LAW-KR-000062,공유수면 점용·사용 실시계획 신고,api,admin_rule,notice,,고시,nlic_admrul,norm:Notice,true,농림축산식품부,true,nlic_api_20260920e,DOC-000172,UNIT-0075177,,,2100000206410,2021-84,20211125,20211109,고시,
DOC-004506,LAW-KR-000062,공유수면 점용·사용 허가(글로벌리더센터 신축공사 중 상·하수도 관로 설치),api,admin_rule,notice,,고시,nlic_admrul,norm:Notice,true,농림축산식품부,true,nlic_api_20260920e,DOC-000172,UNIT-0075592,,,2100000213069,2022-50,20220719,20220610,고시,
DOC-004507,LAW-KR-000062,공유수면 점용·사용 허가(글로벌리더센터 신축공사 중 통신관로 설치),api,admin_rule,notice,,고시,nlic_admrul,norm:Notice,true,농림축산식품부,true,nlic_api_20260920e,DOC-000172,UNIT-0075592,,,2100000213071,2022-52,20220719,20220610,고시,
DOC-004508,LAW-KR-000062,공유수면 점용·사용허가(2023 새만금 세계잼버리 대회 기반시설 설치),api,admin_rule,notice,,고시,nlic_admrul,norm:Notice,true,농림축산식품부,true,nlic_api_20260920e,DOC-000172,UNIT-0075592,,,2100000206411,2021-85,20211125,20211115,고시,
DOC-004509,LAW-KR-000062,공유수면 점용·사용허가(새만금 에코숲벨트 조성),api,admin_rule,notice,,고시,nlic_admrul,norm:Notice,true,농림축산식품부,true,nlic_api_20260920e,,,,,2100000205689,2021-78,20211103,20211021,고시,
DOC-004510,LAW-KR-000062,포락지조사 증명기관의 지정,api,admin_rule,notice,,고시,nlic_admrul,norm:Notice,true,해양수산부,true,nlic_api_20260920e,DOC-000174,UNIT-0076294,,,2100000208060,2021-216,20211224,20211230,고시,
DOC-004511,LAW-KR-000138,보 관리규정,api,admin_rule,directive,,훈령,nlic_admrul,norm:Directive,true,기후에너지환경부,true,nlic_api_20260920f,DOC-000385,UNIT-0160960,,,2100000267116,4,20251105,20251111,훈령,
DOC-004512,LAW-KR-000127,감염병 치료용 비축의약품 관리규정,api,admin_rule,directive,,훈령,nlic_admrul,norm:Directive,true,질병관리청,true,nlic_api_20260920f,DOC-000352,UNIT-0141016,,,2100000223280,56,20230507,20230507,훈령,
DOC-004513,LAW-KR-000127,감염병관리통합정보시스템의 운영 업무 위탁에 관한 고시,api,admin_rule,notice,,고시,nlic_admrul,norm:Notice,true,질병관리청,true,nlic_api_20260920f,DOC-000353,UNIT-0142090,,,2100000268764,2025-14,20251124,20251124,고시,
DOC-004514,LAW-KR-000127,감염병의 예방 및 관리 업무 위탁에 관한 고시,api,admin_rule,notice,,고시,nlic_admrul,norm:Notice,true,질병관리청,true,nlic_api_20260920f,DOC-000353,UNIT-0142090,,,2100000251142,2024-16,20241218,20241218,고시,
DOC-004515,LAW-KR-000127,감염병의 예방 및 치료를 위한 의약품의 안정적 확보 및 공급에 관한 규정,api,admin_rule,directive,,훈령,nlic_admrul,norm:Directive,true,질병관리청,true,nlic_api_20260920f,,,,,2100000251958,91,20241227,20241227,훈령,
DOC-004516,LAW-KR-000127,감염병 신고를 위한 진단기준 고시,api,admin_rule,notice,,고시,nlic_admrul,norm:Notice,true,질병관리청,true,nlic_api_20260920f,,,,,2100000284380,2026-12,20260828,20260828,고시,
DOC-004517,LAW-KR-000127,감염병전문병원 지정 의료기관 등,api,admin_rule,notice,,고시,nlic_admrul,norm:Notice,true,보건복지부,true,nlic_api_20260920f,DOC-000353,UNIT-0141721,,,2100000190895,2020-140,20200701,20200701,고시,
DOC-004518,LAW-KR-000127,감염병통합관리협의기구 운영규정,api,admin_rule,established_rule,,예규,nlic_admrul,norm:EstablishedRule,true,질병관리청,true,nlic_api_20260920f,DOC-000353,UNIT-0141764,,,2100000283782,186,20260810,20260810,예규,
DOC-004519,LAW-KR-000127,감염병환자등에 대한 예방·관리·치료 업무에 필요한 자료,api,admin_rule,notice,,고시,nlic_admrul,norm:Notice,true,질병관리청,true,nlic_api_20260920f,DOC-000353,UNIT-0141876,,,2100000278524,2026-6,20260428,20260428,고시,
DOC-004520,LAW-KR-000127,권역별 감염병전문병원 지정 등에 관한 고시,api,admin_rule,notice,,고시,nlic_admrul,norm:Notice,true,질병관리청,true,nlic_api_20260920f,DOC-000353,UNIT-0141729,,,2100000210592,2022-7,20220413,20220413,고시,
DOC-004521,LAW-KR-000127,손실보상금 지급제외 및 감액기준에 관한 고시,api,admin_rule,notice,,고시,nlic_admrul,norm:Notice,true,보건복지부,true,nlic_api_20260920f,DOC-000353,UNIT-0141985,,,2100000199339,2021-90,20210324,20210324,고시,
DOC-004522,LAW-KR-000127,감염병 발생에 따른 유급휴가비용 및 생활지원비 지원금액,api,admin_rule,notice,,고시,nlic_admrul,norm:Notice,true,질병관리청,true,nlic_api_20260920f,,,,,2100000228866,2023-10,20230831,20230831,고시,
DOC-004523,LAW-KR-000127,글로벌보건안보 조정사무소 감염병대응 역량강화 기술지원 사업 업무 위탁기관 지정 고시,api,admin_rule,notice,,고시,nlic_admrul,norm:Notice,true,질병관리청,true,nlic_api_20260920f,,,,,2100000255386,2025-2,20250221,20250221,고시,
DOC-004524,LAW-KR-000127,예방접종 등에 따른 장애(장해) 피해의 보상 기준에 관한 고시,api,admin_rule,notice,,고시,nlic_admrul,norm:Notice,true,질병관리청,true,nlic_api_20260920f,DOC-000353,UNIT-0142038,,,2100000192955,2020-4,20200914,20200914,고시,
DOC-004525,LAW-KR-000127,예방접종 효과평가에 관한 조사·연구 업무 위탁기관 지정 고시,api,admin_rule,notice,,고시,nlic_admrul,norm:Notice,true,질병관리청,true,nlic_api_20260920f,DOC-000353,UNIT-0142089,,,2100000262646,2025-8,20250805,20250805,고시,
DOC-004526,LAW-KR-000127,예방접종업무의 위탁에 관한 규정,api,admin_rule,notice,,고시,nlic_admrul,norm:Notice,true,질병관리청,true,nlic_api_20260920f,DOC-000353,UNIT-0141779,,,2100000230866,2023-16,20231101,20231101,고시,
DOC-004527,LAW-KR-000127,예방접종의 실시기준 및 방법,api,admin_rule,notice,,고시,nlic_admrul,norm:Notice,true,질병관리청,true,nlic_api_20260920f,DOC-000354,UNIT-0142378,,,2100000283150,2026-11,20260727,20260802,고시,
DOC-004528,LAW-KR-000127,중앙역학조사반 구성·운영 등에 관한 규정,api,admin_rule,directive,,훈령,nlic_admrul,norm:Directive,true,질병관리청,true,nlic_api_20260920f,DOC-000353,UNIT-0141606,,,2100000252894,98,20250106,20250106,훈령,
DOC-004529,LAW-KR-000127,질병관리청 감염병관리위원회 운영세칙,api,admin_rule,established_rule,,예규,nlic_admrul,norm:EstablishedRule,true,질병관리청,true,nlic_api_20260920f,DOC-000353,UNIT-0142134,,,2100000242768,151,20240614,20240614,예규,
DOC-004530,LAW-KR-000127,질병관리청 국가지정 입원치료병상 운영규정,api,admin_rule,established_rule,,예규,nlic_admrul,norm:EstablishedRule,true,질병관리청,true,nlic_api_20260920f,DOC-000354,UNIT-0142413,,,2100000279630,180,20260521,20260521,예규,
DOC-004531,LAW-KR-000127,질병관리청 예방접종 이상반응 검사 등에 관한 고시,api,admin_rule,notice,,고시,nlic_admrul,norm:Notice,true,질병관리청,true,nlic_api_20260920f,DOC-000352,UNIT-0140909,,,2100000236484,2024-7,20240215,20240215,고시,
DOC-004532,LAW-KR-000127,질병관리청 종합상황실 운영규정,api,admin_rule,established_rule,,예규,nlic_admrul,norm:EstablishedRule,true,질병관리청,true,nlic_api_20260920f,DOC-000353,UNIT-0141753,,,2100000282588,183,20260715,20260715,예규,
DOC-004533,LAW-KR-000127,백신 안전성 조사·연구 업무 위탁 기관 지정 고시,api,admin_rule,notice,,고시,nlic_admrul,norm:Notice,true,질병관리청,true,nlic_api_20260920f,,,,,2100000269804,2025-12,20251014,20251014,고시,
DOC-004534,LAW-KR-000145,시공능력평가공시 등의 위탁기관 지정,api,admin_rule,notice,,고시,nlic_admrul,norm:Notice,true,국토교통부,true,nlic_api_20260920f,DOC-000406,UNIT-0170400,,,2100000235590,2023-736,20231207,20231207,고시,
DOC-004535,LAW-KR-000146,환경오염물질배출시설 등에 관한 통합지도·점검규정,api,admin_rule,directive,,훈령,nlic_admrul,norm:Directive,true,기후에너지환경부,true,nlic_api_20260920f,DOC-000411,UNIT-0172614,,,2100000278872,37,20260508,20260508,훈령,
DOC-004536,LAW-KR-000162,중앙건축물사고조사위원회 운영규정,api,admin_rule,notice,,고시,nlic_admrul,norm:Notice,true,국토교통부,true,nlic_api_20260920f,DOC-000458,UNIT-0193494,,,2100000213177,2022-439,20220727,20220727,고시,
DOC-004537,LAW-KR-000122,건축 화재안전 모니터링 전문기관 지정,api,admin_rule,notice,,고시,nlic_admrul,norm:Notice,true,국토교통부,true,nlic_api_20260920f,DOC-000338,UNIT-0134526,,,2100000205516,2021-1135,20211007,20211007,고시,
DOC-004538,LAW-KR-000122,건축구조기준,api,admin_rule,notice,,고시,nlic_admrul,norm:Notice,true,국토교통부,true,nlic_api_20260920f,DOC-000337,UNIT-0132614,,,2100000251146,2024-846,20241224,20241224,고시,
DOC-004539,LAW-KR-000122,건축구조안전 모니터링 전문기관 지정,api,admin_rule,notice,,고시,nlic_admrul,norm:Notice,true,국토교통부,true,nlic_api_20260920f,,,,,2100000235798,2024-76,20240201,20240201,고시,
DOC-004540,LAW-KR-000122,건축물의 설계도서 작성기준,api,admin_rule,notice,,고시,nlic_admrul,norm:Notice,true,국토교통부,true,nlic_api_20260920f,DOC-000337,UNIT-0132247,,,2100000251374,2024-907,20241231,20241231,고시,
DOC-004541,LAW-KR-000122,건축위원회 심의 기준,api,admin_rule,notice,,고시,nlic_admrul,norm:Notice,true,국토교통부,true,nlic_api_20260920f,DOC-000338,UNIT-0134163,,,2100000234792,2023-910,20231229,20231229,고시,
DOC-004542,LAW-KR-000122,건축행정시스템 운영규정,api,admin_rule,directive,,훈령,nlic_admrul,norm:Directive,true,국토교통부,true,nlic_api_20260920f,DOC-000339,UNIT-0134740,,,2100000198238,1369,20210218,20210218,훈령,
DOC-004543,LAW-KR-000122,고강도 콘크리트 기둥·보의 내화성능 관리기준,api,admin_rule,notice,,고시,nlic_admrul,norm:Notice,true,국토교통부,true,nlic_api_20260920f,DOC-000337,UNIT-0132614,,,65892,2008-334,20080721,20080721,고시,
DOC-004544,LAW-KR-000122,발코니 등의 구조변경절차 및 설치기준,api,admin_rule,notice,,고시,nlic_admrul,norm:Notice,true,국토교통부,true,nlic_api_20260920f,DOC-000338,UNIT-0133681,,,2100000171416,2018-775,20181207,20181207,고시,
DOC-004545,LAW-KR-000122,범죄예방 건축기준 고시,api,admin_rule,notice,,고시,nlic_admrul,norm:Notice,true,국토교통부,true,nlic_api_20260920f,DOC-000337,UNIT-0132542,,,2100000202409,2021-930,20210701,20210701,고시,
DOC-004546,LAW-KR-000122,생활숙박시설의 오피스텔 용도변경을 위한 화재안전성 인정기준,api,admin_rule,notice,,고시,nlic_admrul,norm:Notice,true,국토교통부,true,nlic_api_20260920f,DOC-000338,UNIT-0134029,,,2100000261950,2025-408,20250718,20250718,고시,
DOC-004547,LAW-KR-000122,지능형건축물 인증기준,api,admin_rule,notice,,고시,nlic_admrul,norm:Notice,true,국토교통부,true,nlic_api_20260920f,DOC-000337,UNIT-0132594,,,2100000196952,2020-1028,20201210,20201210,고시,
DOC-004548,LAW-KR-000122,특수구조 건축물 대상기준,api,admin_rule,notice,,고시,nlic_admrul,norm:Notice,true,국토교통부,true,nlic_api_20260920f,DOC-000338,UNIT-0133705,,,2100000171418,2018-777,20181207,20181207,고시,
DOC-004549,LAW-KR-000013,"고압가스 안전관리법, 액화석유가스의 안전관리 및 사업법 및 도시가스사업법의 운영에 관한 규정",api,admin_rule,directive,,훈령,nlic_admrul,norm:Directive,true,산업통상부,true,nlic_api_20260920f,DOC-000038,UNIT-0023452,,,2100000218651,247,20230126,20230126,훈령,
DOC-004550,LAW-KR-000013,고압가스시설 등의 검사수수료 및 교육비 기준,api,admin_rule,notice,,고시,nlic_admrul,norm:Notice,true,산업통상부,true,nlic_api_20260920f,DOC-000036,UNIT-0022207,,,2100000263758,2025-155,20250901,20251001,고시,
DOC-004551,LAW-KR-000013,수소자동차 충전소시설기준 및 기술기준 등에 관한 특례기준,api,admin_rule,notice,,고시,nlic_admrul,norm:Notice,true,산업통상부,true,nlic_api_20260920f,DOC-000038,UNIT-0023448,,,2000000074766,2012-67,20120326,20120401,고시,
DOC-004552,LAW-KR-000013,"융·복합충전소 및 패키지형, 이동식 수소연료 충전시설의 시설기준 등에 관한 특례기준",api,admin_rule,notice,,고시,nlic_admrul,norm:Notice,true,산업통상부,true,nlic_api_20260920f,,,,,2100000259176,2025-76,20250519,20250519,고시,
DOC-004553,LAW-KR-000182,공연안전지원센터 지정요건에 관한 고시,api,admin_rule,notice,,고시,nlic_admrul,norm:Notice,true,문화체육관광부,true,nlic_api_20260920f,DOC-000516,UNIT-0208954,,,2100000240342,2024-24,20240503,20240503,고시,
DOC-004554,LAW-KR-000182,공연예술통합전산망 전담기관 지정 및 고시,api,admin_rule,notice,,고시,nlic_admrul,norm:Notice,true,문화체육관광부,true,nlic_api_20260920f,,,,,2100000277160,2026-15,20260401,20260401,고시,
DOC-004555,LAW-KR-000182,공연장안전정보시스템 구축 및 운영에 관한 고시,api,admin_rule,notice,,고시,nlic_admrul,norm:Notice,true,문화체육관광부,true,nlic_api_20260920f,DOC-000517,UNIT-0209152,,,2100000232900,2023-60,20231218,20231218,고시,
DOC-004556,LAW-KR-000025,위성항법시설(SBAS) 관리·운영 업무 위탁기관 지정 고시,api,admin_rule,notice,,고시,nlic_admrul,norm:Notice,true,국토교통부,true,nlic_api_20260920f,DOC-000072,UNIT-0043413,,,2100000222388,2023-212,20230420,20230420,고시,
DOC-004557,LAW-KR-000025,항공통신업무 종사자 자격 및 교육훈련에 관한 규정,api,admin_rule,directive,,훈령,nlic_admrul,norm:Directive,true,국토교통부,true,nlic_api_20260920f,,,,,2100000244796,1782,20240722,20240722,훈령,
DOC-004558,LAW-KR-000025,항공학적 검토 전문기관 인력기준에 관한 고시,api,admin_rule,notice,,고시,nlic_admrul,norm:Notice,true,국토교통부,true,nlic_api_20260920f,DOC-000073,UNIT-0043664,,,2100000136789,2018-437,20180706,20180706,고시,
DOC-004559,LAW-KR-000187,관광특구 통계전문기관 기준,api,admin_rule,notice,,고시,nlic_admrul,norm:Notice,true,문화체육관광부,true,nlic_api_20260920f,DOC-000530,UNIT-0216389,,,3513,2008-13,20080626,20080626,고시,
DOC-004560,LAW-KR-000187,유기시설 또는 유기기구 안전성검사기관 지정 고시,api,admin_rule,notice,,고시,nlic_admrul,norm:Notice,true,문화체육관광부,true,nlic_api_20260920f,DOC-000530,UNIT-0216074,,,2100000218099,2022-60,20230101,20230101,고시,
DOC-004561,LAW-KR-000187,카지노업 관광진흥개발기금 납부금 납부기한 연기 기준 등에 관한 고시,api,admin_rule,notice,,고시,nlic_admrul,norm:Notice,true,문화체육관광부,true,nlic_api_20260920f,DOC-000530,UNIT-0216038,,,2100000210152,2022-17,20220401,20220401,고시,
DOC-004562,LAW-KR-000187,한국관광품질인증의 대상에 관한 고시,api,admin_rule,notice,,고시,nlic_admrul,norm:Notice,true,문화체육관광부,true,nlic_api_20260920f,DOC-000530,UNIT-0216168,,,2100000195113,2020-55,20201130,20201130,고시,
DOC-004563,LAW-KR-000187,호텔 등급 표지,api,admin_rule,notice,,고시,nlic_admrul,norm:Notice,true,문화체육관광부,true,nlic_api_20260920f,DOC-000531,UNIT-0216660,,,2100000212275,2022-32,20220701,20220701,고시,
DOC-004564,LAW-KR-000135,계측비용과 계측기기의 성능검사 수수료에 대한 산정기준,api,admin_rule,notice,,고시,nlic_admrul,norm:Notice,true,행정안전부,true,nlic_api_20260920f,DOC-000376,UNIT-0157464,,,2100000183498,2019-84,20191105,20191111,고시,
DOC-004565,LAW-KR-000135,급경사지 계측전문인력 교육대행기관 지정·고시,api,admin_rule,notice,,고시,nlic_admrul,norm:Notice,true,행정안전부,true,nlic_api_20260920f,DOC-000376,UNIT-0157461,,,2100000284592,2026-54,20260901,20260901,고시,
DOC-004566,LAW-KR-000135,급경사지 붕괴위험지역 정비사업 기준,api,admin_rule,notice,,고시,nlic_admrul,norm:Notice,true,행정안전부,true,nlic_api_20260920f,,,,,2100000269636,2025-68,20251211,20251217,고시,
DOC-004567,LAW-KR-000178,기계설비 유지관리교육에 관한 업무 위탁기관 지정,api,admin_rule,notice,,고시,nlic_admrul,norm:Notice,true,국토교통부,true,nlic_api_20260920f,DOC-000506,UNIT-0206323,,,2100000188643,2020-345,20200418,20200418,고시,
DOC-004568,LAW-KR-000018,다중이용업주 및 종업원 소방안전교육에 관한 규정,api,admin_rule,directive,,훈령,nlic_admrul,norm:Directive,true,소방청,true,nlic_api_20260920f,DOC-000053,UNIT-0027479,,,2100000182183,99,20190911,20190911,훈령,
DOC-004569,LAW-KR-000114,관광도로 지정 절차 및 평가 지침,api,admin_rule,directive,,훈령,nlic_admrul,norm:Directive,true,국토교통부,true,nlic_api_20260920f,DOC-000314,UNIT-0123279,,,2100000256604,1851,20250314,20250314,훈령,
DOC-004570,LAW-KR-000003,굴착공사정보지원센터 운영비용 부과기준,api,admin_rule,notice,,고시,nlic_admrul,norm:Notice,true,산업통상부,true,nlic_api_20260920f,DOC-000006,UNIT-0005337,,,2100000187733,2020-35,20200323,20200323,고시,
DOC-004571,LAW-KR-000003,도시가스시설 등의 검사수수료 및 교육비 기준,api,admin_rule,notice,,고시,nlic_admrul,norm:Notice,true,산업통상부,true,nlic_api_20260920f,DOC-000006,UNIT-0005325,,,2100000263762,2025-157,20250901,20251001,고시,
DOC-004572,LAW-KR-000067,(대구지방환경청) 수질오염물질의 배출허용기준 중 별도배출허용기준 통합고시,api,admin_rule,notice,,고시,nlic_admrul,norm:Notice,true,대구지방환경청,true,nlic_api_20260920f,,,,,2100000257620,2025-6,20250415,20250415,고시,
DOC-004573,LAW-KR-000067,(영산강유역환경청) 수질오염물질 배출허용기준 중 별도배출허용기준 지정 통합고시,api,admin_rule,notice,,고시,nlic_admrul,norm:Notice,true,영산강유역환경청,true,nlic_api_20260920f,DOC-000187,UNIT-0082288,,,2100000246852,2024-32,20240905,20240905,고시,
DOC-004574,LAW-KR-000067,(원주지방환경청) 수질오염물질의 배출허용기준 중 별도 배출허용기준,api,admin_rule,notice,,고시,nlic_admrul,norm:Notice,true,원주지방환경청,true,nlic_api_20260920f,,,,,2100000284390,2026-195,20260902,20260902,고시,
DOC-004575,LAW-KR-000067,(전북지방환경청) 수질오염물질의 배출허용기준 중 별도배출허용기준 개정 통합고시,api,admin_rule,notice,,고시,nlic_admrul,norm:Notice,true,전북지방환경청,true,nlic_api_20260920f,DOC-000187,UNIT-0082288,,,2100000187934,2020-1,20200309,20200309,고시,
DOC-004576,LAW-KR-000067,금강수계 수변구역 변경,api,admin_rule,notice,,고시,nlic_admrul,norm:Notice,true,기후에너지환경부,true,nlic_api_20260920f,,,,,2100000277136,2026-84,20260407,20260407,고시,
DOC-004577,LAW-KR-000067,낙동강수계 수변구역 변경,api,admin_rule,notice,,고시,nlic_admrul,norm:Notice,true,기후에너지환경부,true,nlic_api_20260920f,DOC-000187,UNIT-0082087,,,2100000201801,2021-111,20210611,20210611,고시,
DOC-004578,LAW-KR-000067,수질오염물질 배출허용기준 중 별도 배출허용기준 지정·고시,api,admin_rule,notice,,고시,nlic_admrul,norm:Notice,true,영산강유역환경청,true,nlic_api_20260920f,DOC-000187,UNIT-0082288,,,2200000038762,2015-6,20150810,20150810,고시,
DOC-004579,LAW-KR-000067,수질오염물질 배출허용기준 중 별도배출허용기준 지정(마산진북산업단지),api,admin_rule,notice,,고시,nlic_admrul,norm:Notice,true,기후에너지환경부,true,nlic_api_20260920f,DOC-000187,UNIT-0082288,,,2000000015648,2011-12,20110128,20110128,고시,
DOC-004580,LAW-KR-000067,"수질오염물질 배출허용기준 중 별도배출허용기준 지정(사천산단,사남농공)",api,admin_rule,notice,,고시,nlic_admrul,norm:Notice,true,기후에너지환경부,true,nlic_api_20260920f,DOC-000187,UNIT-0082288,,,2000000012320,2009-270,20091215,20091215,고시,
DOC-004581,LAW-KR-000067,"수질오염물질 배출허용기준 중 별도배출허용기준 지정·고시(공주 월미1,2농공단지)",api,admin_rule,notice,,고시,nlic_admrul,norm:Notice,true,금강유역환경청,true,nlic_api_20260920f,DOC-000187,UNIT-0082288,,,2100000111644,2018-3,20180118,20180118,고시,
DOC-004582,LAW-KR-000067,수질오염물질 배출허용기준 중 별도배출허용기준 지정·고시(공주 정안제1·제2농공단지),api,admin_rule,notice,,고시,nlic_admrul,norm:Notice,true,금강유역환경청,true,nlic_api_20260920f,DOC-000187,UNIT-0082288,,,2100000111636,2018-3,20180118,20180118,고시,
DOC-004583,LAW-KR-000067,수질오염물질 배출허용기준 중 별도배출허용기준 지정·고시(공주 탄천일반산업단지),api,admin_rule,notice,,고시,nlic_admrul,norm:Notice,true,금강유역환경청,true,nlic_api_20260920f,DOC-000187,UNIT-0082288,,,2100000111633,2018-3,20180118,20180118,고시,
DOC-004584,LAW-KR-000067,수질오염물질 배출허용기준 중 별도배출허용기준 지정·고시(공주보물농공단지),api,admin_rule,notice,,고시,nlic_admrul,norm:Notice,true,금강유역환경청,true,nlic_api_20260920f,DOC-000187,UNIT-0082288,,,2100000111642,2018-3,20180118,20180118,고시,
DOC-004585,LAW-KR-000067,수질오염물질 배출허용기준 중 별도배출허용기준 지정·고시(광혜원산업단지),api,admin_rule,notice,,고시,nlic_admrul,norm:Notice,true,금강유역환경청,true,nlic_api_20260920f,DOC-000187,UNIT-0082288,,,2100000111648,2018-3,20180118,20180118,고시,
DOC-004586,LAW-KR-000067,수질오염물질 배출허용기준 중 별도배출허용기준 지정·고시(광혜원제2농공단지),api,admin_rule,notice,,고시,nlic_admrul,norm:Notice,true,금강유역환경청,true,nlic_api_20260920f,DOC-000187,UNIT-0082288,,,2100000111649,2018-3,20180118,20180118,고시,
DOC-004587,LAW-KR-000067,수질오염물질 배출허용기준 중 별도배출허용기준 지정·고시(구례 용방),api,admin_rule,notice,,고시,nlic_admrul,norm:Notice,true,영산강유역환경청,true,nlic_api_20260920f,DOC-000187,UNIT-0082288,,,2100000113069,2018-3,20180118,20180118,고시,
DOC-004588,LAW-KR-000067,수질오염물질 배출허용기준 중 별도배출허용기준 지정·고시(구례자연드림파크2단지),api,admin_rule,notice,,고시,nlic_admrul,norm:Notice,true,영산강유역환경청,true,nlic_api_20260920f,DOC-000187,UNIT-0082288,,,2100000113076,2018-8,20180118,20180118,고시,
DOC-004589,LAW-KR-000067,수질오염물질 배출허용기준 중 별도배출허용기준 지정·고시(논산 강경농공단지),api,admin_rule,notice,,고시,nlic_admrul,norm:Notice,true,금강유역환경청,true,nlic_api_20260920f,DOC-000187,UNIT-0082288,,,2100000111629,2018-3,20180118,20180118,고시,
DOC-004590,LAW-KR-000067,수질오염물질 배출허용기준 중 별도배출허용기준 지정·고시(논산 동산일반산업단지),api,admin_rule,notice,,고시,nlic_admrul,norm:Notice,true,금강유역환경청,true,nlic_api_20260920f,DOC-000187,UNIT-0082288,,,2100000111634,2018-3,20180118,20180118,고시,
DOC-004591,LAW-KR-000067,수질오염물질 배출허용기준 중 별도배출허용기준 지정·고시(당진 석문국가산업단지),api,admin_rule,notice,,고시,nlic_admrul,norm:Notice,true,금강유역환경청,true,nlic_api_20260920f,DOC-000187,UNIT-0082288,,,2100000111638,2018-3,20180118,20180118,고시,
DOC-004592,LAW-KR-000067,수질오염물질 배출허용기준 중 별도배출허용기준 지정·고시(당진 합덕일반산업단지),api,admin_rule,notice,,고시,nlic_admrul,norm:Notice,true,금강유역환경청,true,nlic_api_20260920f,DOC-000187,UNIT-0082288,,,2100000111635,2018-3,20180118,20180118,고시,
DOC-004593,LAW-KR-000067,수질오염물질 배출허용기준 중 별도배출허용기준 지정·고시(대전광역시 환경에너지종합타운),api,admin_rule,notice,,고시,nlic_admrul,norm:Notice,true,금강유역환경청,true,nlic_api_20260920f,DOC-000187,UNIT-0082288,,,2100000111643,2018-3,20180118,20180118,고시,
DOC-004594,LAW-KR-000067,수질오염물질 배출허용기준 중 별도배출허용기준 지정·고시(명학일반산업단지),api,admin_rule,notice,,고시,nlic_admrul,norm:Notice,true,금강유역환경청,true,nlic_api_20260920f,DOC-000187,UNIT-0082288,,,2100000111639,2018-3,20180118,20180118,고시,
DOC-004595,LAW-KR-000067,수질오염물질 배출허용기준 중 별도배출허용기준 지정·고시(서산테크노밸리산단),api,admin_rule,notice,,고시,nlic_admrul,norm:Notice,true,금강유역환경청,true,nlic_api_20260920f,DOC-000187,UNIT-0082288,,,2100000111632,2018-3,20180118,20180118,고시,
DOC-004596,LAW-KR-000067,수질오염물질 배출허용기준 중 별도배출허용기준 지정·고시(세종 첨단일반산업단지),api,admin_rule,notice,,고시,nlic_admrul,norm:Notice,true,금강유역환경청,true,nlic_api_20260920f,DOC-000187,UNIT-0082288,,,2100000111637,2018-3,20180118,20180118,고시,
DOC-004597,LAW-KR-000067,수질오염물질 배출허용기준 중 별도배출허용기준 지정·고시(영광 대마산업단지),api,admin_rule,notice,,고시,nlic_admrul,norm:Notice,true,영산강유역환경청,true,nlic_api_20260920f,DOC-000187,UNIT-0082288,,,2100000113073,2018-5,20180118,20180118,고시,
DOC-004598,LAW-KR-000067,수질오염물질 배출허용기준 중 별도배출허용기준 지정·고시(영암 특화),api,admin_rule,notice,,고시,nlic_admrul,norm:Notice,true,영산강유역환경청,true,nlic_api_20260920f,DOC-000187,UNIT-0082288,,,2100000113075,2018-7,20180118,20180118,고시,
DOC-004599,LAW-KR-000067,수질오염물질 배출허용기준 중 별도배출허용기준 지정·고시(예당일반산업단지),api,admin_rule,notice,,고시,nlic_admrul,norm:Notice,true,금강유역환경청,true,nlic_api_20260920f,DOC-000187,UNIT-0082288,,,2100000111647,2018-3,20180118,20180118,고시,
DOC-004600,LAW-KR-000067,수질오염물질 배출허용기준 중 별도배출허용기준 지정·고시(예산관작농공단지),api,admin_rule,notice,,고시,nlic_admrul,norm:Notice,true,금강유역환경청,true,nlic_api_20260920f,DOC-000187,UNIT-0082288,,,2100000111646,2018-3,20180118,20180118,고시,
DOC-004601,LAW-KR-000067,수질오염물질 배출허용기준 중 별도배출허용기준 지정·고시(예산일반산업단지),api,admin_rule,notice,,고시,nlic_admrul,norm:Notice,true,금강유역환경청,true,nlic_api_20260920f,DOC-000187,UNIT-0082288,,,2100000111640,2018-3,20180118,20180118,고시,
DOC-004602,LAW-KR-000067,수질오염물질 배출허용기준 중 별도배출허용기준 지정·고시(장흥 농공단지),api,admin_rule,notice,,고시,nlic_admrul,norm:Notice,true,영산강유역환경청,true,nlic_api_20260920f,DOC-000187,UNIT-0082288,,,2100000113074,2018-6,20180118,20180118,고시,
DOC-004603,LAW-KR-000067,수질오염물질 배출허용기준 중 별도배출허용기준 지정·고시(장흥 바이오식품산업단지),api,admin_rule,notice,,고시,nlic_admrul,norm:Notice,true,영산강유역환경청,true,nlic_api_20260920f,DOC-000187,UNIT-0082288,,,2100000113071,2018-4,20180118,20180118,고시,
DOC-004604,LAW-KR-000067,수질오염물질 배출허용기준 중 별도배출허용기준 지정·고시(증평일반산업단지),api,admin_rule,notice,,고시,nlic_admrul,norm:Notice,true,금강유역환경청,true,nlic_api_20260920f,DOC-000187,UNIT-0082288,,,2100000111645,2018-3,20180118,20180118,고시,
DOC-004605,LAW-KR-000067,수질오염물질 배출허용기준 중 별도배출허용기준 지정·고시(진천문백산업단지),api,admin_rule,notice,,고시,nlic_admrul,norm:Notice,true,금강유역환경청,true,nlic_api_20260920f,DOC-000187,UNIT-0082288,,,2100000111641,2018-3,20180118,20180118,고시,
DOC-004606,LAW-KR-000067,수질오염물질 배출허용기준 중 별도배출허용기준 지정·고시(테크노폴리스일반산업단지),api,admin_rule,notice,,고시,nlic_admrul,norm:Notice,true,대구지방환경청,true,nlic_api_20260920f,DOC-000187,UNIT-0082288,,,2100000112204,2018-2,20180118,20180118,고시,
DOC-004607,LAW-KR-000067,수질오염물질 배출허용기준 중 별도배출허용기준 지정·고시(홍성 일반산업단지),api,admin_rule,notice,,고시,nlic_admrul,norm:Notice,true,금강유역환경청,true,nlic_api_20260920f,DOC-000187,UNIT-0082288,,,2100000111630,2018-3,20180118,20180118,고시,
DOC-004608,LAW-KR-000067,수질오염물질 배출허용기준 중 별도배출허용기준(나주시 혁신산업단지),api,admin_rule,notice,,고시,nlic_admrul,norm:Notice,true,영산강유역환경청,true,nlic_api_20260920f,DOC-000187,UNIT-0082288,,,2100000123078,2018-9,20180502,20180502,고시,
DOC-004609,LAW-KR-000067,(낙동강유역환경청) 수질오염물질의 배출허용기준 중 별도배출허용기준,api,admin_rule,notice,,고시,nlic_admrul,norm:Notice,true,낙동강유역환경청,true,nlic_api_20260920f,,,,,2100000248042,2024-132,20241016,20241016,고시,
DOC-004610,LAW-KR-000067,영산강·섬진강수계 수변구역 변경,api,admin_rule,notice,,고시,nlic_admrul,norm:Notice,true,기후에너지환경부,true,nlic_api_20260920f,DOC-000187,UNIT-0082087,,,2100000081334,2017-65,20170330,20170330,고시,
DOC-004611,LAW-KR-000067,한강수계 수변구역 변경,api,admin_rule,notice,,고시,nlic_admrul,norm:Notice,true,기후에너지환경부,true,nlic_api_20260920f,DOC-000187,UNIT-0082087,,,2100000254254,2025-5,20250110,20250110,고시,
DOC-004612,LAW-KR-000189,2022년 공립박물관 평가인증 대상기관 고시,api,admin_rule,notice,,고시,nlic_admrul,norm:Notice,true,문화체육관광부,true,nlic_api_20260920f,,,,,2100000208898,2022-4,20220131,20220201,고시,
DOC-004613,LAW-KR-000189,2023년 공립미술관 평가인증 대상기관 고시,api,admin_rule,notice,,고시,nlic_admrul,norm:Notice,true,문화체육관광부,true,nlic_api_20260920f,,,,,2100000218738,2023-8,20230131,20230201,고시,
DOC-004614,LAW-KR-000189,2023년 국립박물관 평가인증 대상기관 고시,api,admin_rule,notice,,고시,nlic_admrul,norm:Notice,true,문화체육관광부,true,nlic_api_20260920f,,,,,2100000218737,2023-7,20230131,20230201,고시,
DOC-004615,LAW-KR-000032,우량비료 지정,api,admin_rule,notice,,고시,nlic_admrul,norm:Notice,true,농촌진흥청,true,nlic_api_20260920f,,,,,2100000263298,2025-18,20250814,20250814,고시,
DOC-004616,LAW-KR-000020,건설업 유해·위험방지계획서 중 지도사가 평가·확인 할 수 있는 대상 건설공사의 범위 및 지도사의 요건,api,admin_rule,notice,,고시,nlic_admrul,norm:Notice,true,고용노동부,true,nlic_api_20260920f,DOC-000059,UNIT-0034709,,,2100000186089,2020-1,20200107,20200116,고시,
DOC-004617,LAW-KR-000020,근로자 건강진단 관리규정,api,admin_rule,established_rule,,예규,nlic_admrul,norm:EstablishedRule,true,고용노동부,true,nlic_api_20260920f,DOC-000057,UNIT-0031679,,,2100000186105,167,20200115,20200116,예규,
DOC-004618,LAW-KR-000020,명예산업안전감독관 운영규정,api,admin_rule,established_rule,,예규,nlic_admrul,norm:EstablishedRule,true,고용노동부,true,nlic_api_20260920f,DOC-000058,UNIT-0032981,,,2100000283418,248,20260730,20260801,예규,
DOC-004619,LAW-KR-000020,산업안전·보건표준제정위원회 규정,api,admin_rule,established_rule,,예규,nlic_admrul,norm:EstablishedRule,true,고용노동부,true,nlic_api_20260920f,,,,,2100000237054,224,20240227,20240227,예규,
DOC-004620,LAW-KR-000020,산업안전보건업무 수수료,api,admin_rule,notice,,고시,nlic_admrul,norm:Notice,true,고용노동부,true,nlic_api_20260920f,DOC-000059,UNIT-0034509,,,2100000197188,2021-7,20210115,20210116,고시,
DOC-004621,LAW-KR-000020,산업안전지도사 및 산업보건지도사 시험위원회 구성·운영 등에 관한 규정,api,admin_rule,established_rule,,예규,nlic_admrul,norm:EstablishedRule,true,고용노동부,true,nlic_api_20260920f,DOC-000058,UNIT-0032651,,,2100000275476,246,20260303,20260303,예규,
DOC-004622,LAW-KR-000020,산업재해예방시설자금 융자금 지원사업 및 클린사업장 조성지원사업 운영규정,api,admin_rule,notice,,고시,nlic_admrul,norm:Notice,true,고용노동부,true,nlic_api_20260920f,,,,,2100000275176,2026-15,20260226,20260226,고시,
DOC-004623,LAW-KR-000020,안전·보건관리전문기관 및 건설재해예방전문지도기관 관리규정,api,admin_rule,established_rule,,예규,nlic_admrul,norm:EstablishedRule,true,고용노동부,true,nlic_api_20260920f,,,,,2100000251782,231,20241227,20250101,예규,
DOC-004624,LAW-KR-000020,주로 하나의 사업자로부터 업무를 의뢰받아 퀵서비스 또는 대리운전업무를 하는 사람의 기준(퀵서비스기사 및 대리운전기사의 전속성 기준),api,admin_rule,notice,,고시,nlic_admrul,norm:Notice,true,고용노동부,true,nlic_api_20260920f,DOC-000058,UNIT-0033256,,,2100000081374,2017-21,20170331,20170331,고시,
DOC-004625,LAW-KR-000020,제8차 한국표준직업분류,api,admin_rule,notice,,고시,nlic_admrul,norm:Notice,true,국가데이터처,true,nlic_api_20260920f,,,,,2100000243058,2024-328,20240701,20250101,고시,
DOC-004626,LAW-KR-000020,화학물질의 유해성·위험성 평가에 관한 규정,api,admin_rule,established_rule,,예규,nlic_admrul,norm:EstablishedRule,true,고용노동부,true,nlic_api_20260920f,DOC-000059,UNIT-0033877,,,2100000217673,203,20230103,20230103,예규,
DOC-004627,LAW-KR-000033,과징금 산정 세부기준,api,admin_rule,notice,,고시,nlic_admrul,norm:Notice,true,기후에너지환경부,true,nlic_api_20260920f,DOC-000094,UNIT-0050018,,,2100000267228,2025-165,20251001,20251007,고시,
DOC-004628,LAW-KR-000033,전신 장애율 산정에 관한 고시,api,admin_rule,notice,,고시,nlic_admrul,norm:Notice,true,기후에너지환경부,true,nlic_api_20260920f,DOC-003380,UNIT-0359846,,,2100000265984,2025-165,20251001,20251007,고시,
DOC-004629,LAW-KR-000033,화학물질저감 우수제품의 선정기준에 관한 고시,api,admin_rule,notice,,고시,nlic_admrul,norm:Notice,true,기후에너지환경부,true,nlic_api_20260920f,DOC-000093,UNIT-0049345,,,2100000281384,2026-170,20260701,20260701,고시,
DOC-004630,LAW-KR-000179,석면안전관리교육 위탁기관 및 위탁업무,api,admin_rule,notice,,고시,nlic_admrul,norm:Notice,true,기후에너지환경부,true,nlic_api_20260920f,DOC-000509,UNIT-0206997,,,2100000267772,2025-165,20251001,20251007,고시,
DOC-004631,LAW-KR-000179,석면건축물안전관리인 교육비용,api,admin_rule,notice,,고시,nlic_admrul,norm:Notice,true,기후에너지환경부,true,nlic_api_20260920f,,,,,2100000184218,2019-223,20191204,20200101,고시,
DOC-004632,LAW-KR-000179,석면을 함유할 가능성이 있는 물질,api,admin_rule,notice,,고시,nlic_admrul,norm:Notice,true,기후에너지환경부,true,nlic_api_20260920f,DOC-000508,UNIT-0206579,,,2000000073201,2012-72,20120427,20121101,고시,
DOC-004633,LAW-KR-000179,학교석면안전관리인 교육 위탁기관 및 위탁업무,api,admin_rule,notice,,고시,nlic_admrul,norm:Notice,true,교육부,true,nlic_api_20260920f,DOC-000509,UNIT-0206997,,,2100000261478,2025-18,20250714,20250714,고시,
DOC-004634,LAW-KR-000148,2025년도 석유비축계획 중 중요사항 고시,api,admin_rule,notice,,고시,nlic_admrul,norm:Notice,true,산업통상부,true,nlic_api_20260920f,,,,,2100000256302,2025-33,20250317,20250323,고시,
DOC-004635,LAW-KR-000148,석유판매가격의 최고액,api,admin_rule,notice,,고시,nlic_admrul,norm:Notice,true,산업통상부,true,nlic_api_20260920f,DOC-000415,UNIT-0173480,,,2100000284202,2026-102,20260821,20260822,고시,
DOC-004636,LAW-KR-000009,가스관선택밸브의 우수품질인증 기술기준,api,admin_rule,notice,,고시,nlic_admrul,norm:Notice,true,소방청,true,nlic_api_20260920f,,,,,2100000215808,2022-30,20221201,20221201,고시,
DOC-004637,LAW-KR-000009,가스누설경보기의 우수품질인증 기술기준,api,admin_rule,notice,,고시,nlic_admrul,norm:Notice,true,소방청,true,nlic_api_20260920f,,,,,2100000215809,2022-30,20221201,20221201,고시,
DOC-004638,LAW-KR-000009,간이스프링클러설비의 화재안전성능기준(NFPC 103A),api,admin_rule,notice,,고시,nlic_admrul,norm:Notice,true,소방청,true,nlic_api_20260920f,,,,,2100000273566,2025-25,20251224,20260301,고시,
DOC-004639,LAW-KR-000009,고체에어로졸소화설비의 화재안전성능기준(NFPC 110),api,admin_rule,notice,,고시,nlic_admrul,norm:Notice,true,소방청,true,nlic_api_20260920f,,,,,2100000278538,2026-12,20260504,20260504,고시,
DOC-004640,LAW-KR-000009,고체에어로졸자동소화장치의 우수품질인증 기술기준,api,admin_rule,notice,,고시,nlic_admrul,norm:Notice,true,소방청,true,nlic_api_20260920f,,,,,2100000215816,2022-30,20221201,20221201,고시,
DOC-004641,LAW-KR-000009,고층건축물의 화재안전성능기준 (NFPC 604),api,admin_rule,notice,,고시,nlic_admrul,norm:Notice,true,소방청,true,nlic_api_20260920f,,,,,2100000216101,2022-65,20221125,20221201,고시,
DOC-004642,LAW-KR-000009,공기호흡기의 우수품질인증 기술기준,api,admin_rule,notice,,고시,nlic_admrul,norm:Notice,true,소방청,true,nlic_api_20260920f,,,,,2100000215817,2022-30,20221201,20221201,고시,
DOC-004643,LAW-KR-000009,관창의 우수품질인증 기술기준,api,admin_rule,notice,,고시,nlic_admrul,norm:Notice,true,소방청,true,nlic_api_20260920f,,,,,2100000215818,2022-30,20221201,20221201,고시,
DOC-004644,LAW-KR-000009,구조대의 우수품질인증 기술기준,api,admin_rule,notice,,고시,nlic_admrul,norm:Notice,true,소방청,true,nlic_api_20260920f,,,,,2100000215819,2022-30,20221201,20221201,고시,
DOC-004645,LAW-KR-000009,국립소방연구원 화재안전기술기준 운영규정,api,admin_rule,established_rule,,예규,nlic_admrul,norm:EstablishedRule,true,국립소방연구원,true,nlic_api_20260920f,DOC-000026,UNIT-0017393,,,2100000276594,24,20260401,20260401,예규,
DOC-004646,LAW-KR-000009,기동용수압개폐장치의 우수품질인증 기술기준,api,admin_rule,notice,,고시,nlic_admrul,norm:Notice,true,소방청,true,nlic_api_20260920f,,,,,2100000215820,2022-30,20221201,20221201,고시,
DOC-004647,LAW-KR-000009,누전경보기의 우수품질인증 기술기준,api,admin_rule,notice,,고시,nlic_admrul,norm:Notice,true,소방청,true,nlic_api_20260920f,,,,,2100000215821,2022-30,20221201,20221201,고시,
DOC-004648,LAW-KR-000009,누전경보기의 화재안전성능기준(NFPC 205),api,admin_rule,notice,,고시,nlic_admrul,norm:Notice,true,소방청,true,nlic_api_20260920f,,,,,2100000278570,2026-13,20260504,20260504,고시,
DOC-004649,LAW-KR-000009,무선통신보조설비의 화재안전성능기준(NFPC 505),api,admin_rule,notice,,고시,nlic_admrul,norm:Notice,true,소방청,true,nlic_api_20260920f,,,,,2100000278542,2026-14,20260504,20260504,고시,
DOC-004650,LAW-KR-000009,미분무소화설비의 화재안전성능기준(NFPC 104A),api,admin_rule,notice,,고시,nlic_admrul,norm:Notice,true,소방청,true,nlic_api_20260920f,,,,,2100000269752,2025-25,20251224,20260301,고시,
DOC-004651,LAW-KR-000009,방염제의 우수품질인증 기술기준,api,admin_rule,notice,,고시,nlic_admrul,norm:Notice,true,소방청,true,nlic_api_20260920f,,,,,2100000215822,2022-30,20221201,20221201,고시,
DOC-004652,LAW-KR-000009,분말소화설비의 화재안전성능기준(NFPC 108),api,admin_rule,notice,,고시,nlic_admrul,norm:Notice,true,소방청,true,nlic_api_20260920f,,,,,2100000278572,2026-15,20260504,20260504,고시,
DOC-004653,LAW-KR-000009,비상경보설비 및 단독경보형감지기의 화재안전성능기준(NFPC 201),api,admin_rule,notice,,고시,nlic_admrul,norm:Notice,true,소방청,true,nlic_api_20260920f,,,,,2100000278574,2026-16,20260504,20260504,고시,
DOC-004654,LAW-KR-000009,비상방송설비의 화재안전성능기준(NFPC202),api,admin_rule,notice,,고시,nlic_admrul,norm:Notice,true,소방청,true,nlic_api_20260920f,,,,,2100000219011,2023-7,20230210,20230210,고시,
DOC-004655,LAW-KR-000009,비상조명등의 화재안전성능기준(NFPC 304),api,admin_rule,notice,,고시,nlic_admrul,norm:Notice,true,소방청,true,nlic_api_20260920f,,,,,2100000278586,2026-17,20260504,20260504,고시,
DOC-004656,LAW-KR-000009,비상콘센트설비의 화재안전성능기준(NFPC 504),api,admin_rule,notice,,고시,nlic_admrul,norm:Notice,true,소방청,true,nlic_api_20260920f,,,,,2100000278588,2026-18,20260504,20260504,고시,
DOC-004657,LAW-KR-000009,성능인증의 대상이 되는 소방용품의 품목에 관한 고시,api,admin_rule,notice,,고시,nlic_admrul,norm:Notice,true,소방청,true,nlic_api_20260920f,,,,,2100000278576,2026-20,20260504,20260504,고시,
DOC-004658,LAW-KR-000009,소방시설 자체점검사항 등에 관한 고시,api,admin_rule,notice,,고시,nlic_admrul,norm:Notice,true,소방청,true,nlic_api_20260920f,DOC-000026,UNIT-0017397,,,2100000216342,2022-71,20221201,20221201,고시,
DOC-004659,LAW-KR-000009,소방시설관리업 점검능력 평가 등 업무위탁 및 수탁기관 지정 고시,api,admin_rule,notice,,고시,nlic_admrul,norm:Notice,true,소방청,true,nlic_api_20260920f,,,,,2100000216343,2022-72,20221201,20221201,고시,
DOC-004660,LAW-KR-000009,소방실무경력 인정범위에 관한 기준 고시,api,admin_rule,notice,,고시,nlic_admrul,norm:Notice,true,소방청,true,nlic_api_20260920f,DOC-000025,UNIT-0017175,,,2100000216347,2022-73,20221201,20221201,고시,
DOC-004661,LAW-KR-000009,소방안전 관련 교과목·소방안전 관련 학과 및 소방관련 학과 등에 관한 기준,api,admin_rule,notice,,고시,nlic_admrul,norm:Notice,true,소방청,true,nlic_api_20260920f,DOC-000025,UNIT-0017174,,,2100000232616,2023-46,20231213,20231213,고시,
DOC-004662,LAW-KR-000009,소방용품의 품질제품검사 운영에 관한 규정,api,admin_rule,notice,,고시,nlic_admrul,norm:Notice,true,소방청,true,nlic_api_20260920f,,,,,2100000277950,2026-5,20260413,20260501,고시,
DOC-004663,LAW-KR-000009,소방용품의 형식승인 등에 관한 수수료 산출규정,api,admin_rule,notice,,고시,nlic_admrul,norm:Notice,true,소방청,true,nlic_api_20260920f,,,,,2100000227596,2023-31,20230810,20230810,고시,
DOC-004664,LAW-KR-000009,소방호스의 우수품질인증 기술기준,api,admin_rule,notice,,고시,nlic_admrul,norm:Notice,true,소방청,true,nlic_api_20260920f,,,,,2100000215848,2022-30,20221201,20221201,고시,
DOC-004665,LAW-KR-000009,소화기의 우수품질인증 기술기준,api,admin_rule,notice,,고시,nlic_admrul,norm:Notice,true,소방청,true,nlic_api_20260920f,,,,,2100000215824,2022-30,20221201,20221201,고시,
DOC-004666,LAW-KR-000009,소화수조 및 저수조의 화재안전성능기준(NFPC 402),api,admin_rule,notice,,고시,nlic_admrul,norm:Notice,true,소방청,true,nlic_api_20260920f,,,,,2100000278592,2026-22,20260504,20260504,고시,
DOC-004667,LAW-KR-000009,소화전의 우수품질인증 기술기준,api,admin_rule,notice,,고시,nlic_admrul,norm:Notice,true,소방청,true,nlic_api_20260920f,,,,,2100000215851,2022-30,20221201,20221201,고시,
DOC-004668,LAW-KR-000009,송수구의 우수품질인증 기술기준,api,admin_rule,notice,,고시,nlic_admrul,norm:Notice,true,소방청,true,nlic_api_20260920f,,,,,2100000215827,2022-30,20221201,20221201,고시,
DOC-004669,LAW-KR-000009,수신기의 우수품질인증 기술기준,api,admin_rule,notice,,고시,nlic_admrul,norm:Notice,true,소방청,true,nlic_api_20260920f,,,,,2100000215829,2022-30,20221201,20221201,고시,
DOC-004670,LAW-KR-000009,스프링클러설비의 화재안전성능기준(NFPC 103),api,admin_rule,notice,,고시,nlic_admrul,norm:Notice,true,소방청,true,nlic_api_20260920f,,,,,2100000270474,2025-25,20251224,20260301,고시,
DOC-004671,LAW-KR-000009,스프링클러헤드의 우수품질인증 기술기준,api,admin_rule,notice,,고시,nlic_admrul,norm:Notice,true,소방청,true,nlic_api_20260920f,,,,,2100000215830,2022-30,20221201,20221201,고시,
DOC-004672,LAW-KR-000009,에어로졸식소화용구의 우수품질인증 기술기준,api,admin_rule,notice,,고시,nlic_admrul,norm:Notice,true,소방청,true,nlic_api_20260920f,,,,,2100000215831,2022-30,20221201,20221201,고시,
DOC-004673,LAW-KR-000009,연결살수설비의 화재안전성능기준(NFPC 503),api,admin_rule,notice,,고시,nlic_admrul,norm:Notice,true,소방청,true,nlic_api_20260920f,,,,,2100000278594,2026-24,20260504,20260504,고시,
DOC-004674,LAW-KR-000009,연결송수관설비의 화재안전성능기준(NFPC 502),api,admin_rule,notice,,고시,nlic_admrul,norm:Notice,true,소방청,true,nlic_api_20260920f,,,,,2100000240188,2024-19,20240510,20240701,고시,
DOC-004675,LAW-KR-000009,지하구의 화재안전성능기준(NFPC 605),api,admin_rule,notice,,고시,nlic_admrul,norm:Notice,true,소방청,true,nlic_api_20260920f,,,,,2100000253154,2022-66,20221125,20221201,고시,
DOC-004676,LAW-KR-000009,옥내소화전설비의 화재안전성능기준(NFPC 102),api,admin_rule,notice,,고시,nlic_admrul,norm:Notice,true,소방청,true,nlic_api_20260920f,,,,,2100000273564,2025-25,20251224,20260301,고시,
DOC-004677,LAW-KR-000009,옥외소화전설비의 화재안전성능기준(NFPC 109),api,admin_rule,notice,,고시,nlic_admrul,norm:Notice,true,소방청,true,nlic_api_20260920f,,,,,2100000273562,2025-28,20251231,20260301,고시,
DOC-004678,LAW-KR-000009,완강기의 우수품질인증 기술기준,api,admin_rule,notice,,고시,nlic_admrul,norm:Notice,true,소방청,true,nlic_api_20260920f,,,,,2100000215832,2022-30,20221201,20221201,고시,
DOC-004679,LAW-KR-000009,유수제어밸브의 우수품질인증 기술기준,api,admin_rule,notice,,고시,nlic_admrul,norm:Notice,true,소방청,true,nlic_api_20260920f,,,,,2100000215834,2022-30,20221201,20221201,고시,
DOC-004680,LAW-KR-000009,이산화탄소소화설비의 화재안전성능기준(NFPC 106),api,admin_rule,notice,,고시,nlic_admrul,norm:Notice,true,소방청,true,nlic_api_20260920f,,,,,2100000243626,2024-33,20240710,20240801,고시,
DOC-004681,LAW-KR-000009,인명구조기구의 화재안전성능기준(NFPC 302),api,admin_rule,notice,,고시,nlic_admrul,norm:Notice,true,소방청,true,nlic_api_20260920f,,,,,2100000264984,2025-16,20251031,20251201,고시,
DOC-004682,LAW-KR-000009,자동화재속보설비의 화재안전성능기준(NFPC 204),api,admin_rule,notice,,고시,nlic_admrul,norm:Notice,true,소방청,true,nlic_api_20260920f,,,,,2100000216129,2022-48,20221125,20221201,고시,
DOC-004683,LAW-KR-000009,자동화재탐지설비 및 시각경보장치의 화재안전성능기준(NFPC 203),api,admin_rule,notice,,고시,nlic_admrul,norm:Notice,true,소방청,true,nlic_api_20260920f,,,,,2100000269850,2025-26,20251224,20260301,고시,
DOC-004684,LAW-KR-000009,자동확산소화기의 우수품질인증 기술기준,api,admin_rule,notice,,고시,nlic_admrul,norm:Notice,true,소방청,true,nlic_api_20260920f,,,,,2100000215835,2022-30,20221201,20221201,고시,
DOC-004685,LAW-KR-000009,전기저장시설의 화재안전성능기준(NFPC 607),api,admin_rule,notice,,고시,nlic_admrul,norm:Notice,true,소방청,true,nlic_api_20260920f,,,,,2100000278596,2026-25,20260504,20260504,고시,
DOC-004686,LAW-KR-000009,제연설비의 화재안전성능기준(NFPC 501),api,admin_rule,notice,,고시,nlic_admrul,norm:Notice,true,소방청,true,nlic_api_20260920f,,,,,2100000246734,2024-48,20240913,20241001,고시,
DOC-004687,LAW-KR-000009,주거용주방자동소화장치의 우수품질인증 기술기준,api,admin_rule,notice,,고시,nlic_admrul,norm:Notice,true,소방청,true,nlic_api_20260920f,,,,,2100000215837,2022-30,20221201,20221201,고시,
DOC-004688,LAW-KR-000009,중계기의 우수품질인증 기술기준,api,admin_rule,notice,,고시,nlic_admrul,norm:Notice,true,소방청,true,nlic_api_20260920f,,,,,2100000215839,2022-30,20221201,20221201,고시,
DOC-004689,LAW-KR-000009,중앙소방기술심의위원회 운영에 관한 규정,api,admin_rule,established_rule,,예규,nlic_admrul,norm:EstablishedRule,true,소방청,true,nlic_api_20260920f,DOC-000025,UNIT-0017094,,,2100000256100,107,20250306,20250306,예규,
DOC-004690,LAW-KR-000009,할로겐화합물 및 불활성기체소화설비의 화재안전성능기준(NFPC 107A),api,admin_rule,notice,,고시,nlic_admrul,norm:Notice,true,소방청,true,nlic_api_20260920f,,,,,2100000243628,2024-34,20240710,20240801,고시,
DOC-004691,LAW-KR-000009,캐비닛형자동소화장치의 우수품질인증 기술기준,api,admin_rule,notice,,고시,nlic_admrul,norm:Notice,true,소방청,true,nlic_api_20260920f,,,,,2100000215842,2022-30,20221201,20221201,고시,
DOC-004692,LAW-KR-000009,투척용소화용구의 우수품질인증 기술기준,api,admin_rule,notice,,고시,nlic_admrul,norm:Notice,true,소방청,true,nlic_api_20260920f,,,,,2100000215844,2022-30,20221201,20221201,고시,
DOC-004693,LAW-KR-000009,특별피난계단의 계단실 및 부속실 제연설비의 화재안전성능기준(NFPC 501A),api,admin_rule,notice,,고시,nlic_admrul,norm:Notice,true,소방청,true,nlic_api_20260920f,,,,,2100000253152,2024-5,20240318,20240701,고시,
DOC-004694,LAW-KR-000009,포소화설비의 화재안전성능기준(NFPC 105),api,admin_rule,notice,,고시,nlic_admrul,norm:Notice,true,소방청,true,nlic_api_20260920f,,,,,2100000273596,2025-25,20251224,20260301,고시,
DOC-004695,LAW-KR-000009,플랩댐퍼의 성능인증 및 제품검사의 기술기준,api,admin_rule,notice,,고시,nlic_admrul,norm:Notice,true,소방청,true,nlic_api_20260920f,DOC-000024,UNIT-0016773,,,2100000256528,2025-5,20250314,20250314,고시,
DOC-004696,LAW-KR-000009,피난기구의 화재안전성능기준(NFPC 301),api,admin_rule,notice,,고시,nlic_admrul,norm:Notice,true,소방청,true,nlic_api_20260920f,,,,,2100000269698,2025-27,20251224,20260301,고시,
DOC-004697,LAW-KR-000009,피난사다리의 우수품질인증 기술기준,api,admin_rule,notice,,고시,nlic_admrul,norm:Notice,true,소방청,true,nlic_api_20260920f,,,,,2100000215845,2022-30,20221201,20221201,고시,
DOC-004698,LAW-KR-000009,피난유도선 성능인증 및 제품검사의 기술기준,api,admin_rule,notice,,고시,nlic_admrul,norm:Notice,true,소방청,true,nlic_api_20260920f,DOC-000024,UNIT-0016773,,,2100000215756,2022-28,20221201,20221201,고시,
DOC-004699,LAW-KR-000009,할론소화설비의 화재안전성능기준(NFPC 107),api,admin_rule,notice,,고시,nlic_admrul,norm:Notice,true,소방청,true,nlic_api_20260920f,,,,,2100000218508,2023-3,20230210,20230210,고시,
DOC-004700,LAW-KR-000009,화재알림설비의 화재안전성능기준(NFPC 207),api,admin_rule,notice,,고시,nlic_admrul,norm:Notice,true,소방청,true,nlic_api_20260920f,DOC-000024,UNIT-0016622,,,2100000232170,2023-48,20231207,20231207,고시,
DOC-004701,LAW-KR-000009,화재조기진압용 스프링클러설비의 화재안전성능기준(NFPC 103B),api,admin_rule,notice,,고시,nlic_admrul,norm:Notice,true,소방청,true,nlic_api_20260920f,,,,,2100000269748,2025-25,20251224,20260301,고시,
DOC-004702,LAW-KR-000174,2027년도 상수원보호구역 주민지원사업의 재원 조성을 위한 수도사업자의 출연비율,api,admin_rule,notice,,고시,nlic_admrul,norm:Notice,true,기후에너지환경부,true,nlic_api_20260920f,,,,,2100000280948,2026-49,20260227,20260227,고시,
DOC-004703,LAW-KR-000174,공업용수도사업인가 고시(함안군북일반산업단지 용수공급시설),api,admin_rule,notice,,고시,nlic_admrul,norm:Notice,true,낙동강유역환경청,true,nlic_api_20260920f,,,,,2100000260640,2025-30,20250627,20250627,고시,
DOC-004704,LAW-KR-000174,국가수도기본계획 부분변경,api,admin_rule,notice,,고시,nlic_admrul,norm:Notice,true,기후에너지환경부,true,nlic_api_20260920f,,,,,2100000269374,2025-46,20251205,20251205,고시,
DOC-004705,LAW-KR-000174,부산광역시 일반수도사업(덕산정수장) 변경인가,api,admin_rule,notice,,고시,nlic_admrul,norm:Notice,true,기후에너지환경부,true,nlic_api_20260920f,DOC-000493,UNIT-0201517,,,2100000073880,2017-25,20170117,20170117,고시,
DOC-004706,LAW-KR-000174,수도사업변경인가(칠서정수장 도수관로 복선화사업),api,admin_rule,notice,,고시,nlic_admrul,norm:Notice,true,낙동강유역환경청,true,nlic_api_20260920f,DOC-000493,UNIT-0201517,,,2100000125729,2018-8,20180518,20180524,고시,
DOC-004707,LAW-KR-000174,수도시설 운영·관리업무 위탁에 관한 규정,api,admin_rule,notice,,고시,nlic_admrul,norm:Notice,true,기후에너지환경부,true,nlic_api_20260920f,DOC-000494,UNIT-0202503,,,2100000266136,2025-165,20251001,20251001,고시,
DOC-004708,LAW-KR-000174,아산시 일반수도사업 인가 정정(추가) 고시,api,admin_rule,notice,,고시,nlic_admrul,norm:Notice,true,금강유역환경청,true,nlic_api_20260920f,DOC-000493,UNIT-0201517,,,2100000162289,2018-16,20180917,20180923,고시,
DOC-004709,LAW-KR-000174,일반수도사업 변경인가(도남정수장 확장사업),api,admin_rule,notice,,고시,nlic_admrul,norm:Notice,true,낙동강유역환경청,true,nlic_api_20260920f,DOC-000493,UNIT-0201517,,,2100000183169,2019-12,20191021,20191027,고시,
DOC-004710,LAW-KR-000174,일반수도사업 인가 고시(김해시 노후상수도 정비사업),api,admin_rule,notice,,고시,nlic_admrul,norm:Notice,true,낙동강유역환경청,true,nlic_api_20260920f,DOC-000493,UNIT-0201517,,,2100000263658,2025-34,20250905,20250905,고시,
DOC-004711,LAW-KR-000174,일반수도사업 인가 고시(김해시 삼계~덕산정수장 권역간 비상공급망 구축사업),api,admin_rule,notice,,고시,nlic_admrul,norm:Notice,true,낙동강유역환경청,true,nlic_api_20260920f,,,,,2100000259462,2025-25,20250602,20250602,고시,
DOC-004712,LAW-KR-000174,일반수도사업 인가 고시(포항융합기술산업지구),api,admin_rule,notice,,고시,nlic_admrul,norm:Notice,true,낙동강유역환경청,true,nlic_api_20260920f,DOC-000493,UNIT-0201517,,,2100000187868,2020-7,20200326,20200401,고시,
DOC-004713,LAW-KR-000174,일반수도사업 인가(교동취수장 이설공사),api,admin_rule,notice,,고시,nlic_admrul,norm:Notice,true,낙동강유역환경청,true,nlic_api_20260920f,DOC-000493,UNIT-0201517,,,2100000277144,2026-24,20260413,20260419,고시,
DOC-004714,LAW-KR-000174,일반수도사업 인가(변경) 고시(거창배수지),api,admin_rule,notice,,고시,nlic_admrul,norm:Notice,true,낙동강유역환경청,true,nlic_api_20260920f,DOC-000493,UNIT-0201517,,,2100000219408,2023-3,20230202,20230208,고시,
DOC-004715,LAW-KR-000174,일반수도사업 인가(변경) 고시(김해시 명동정수장 증설),api,admin_rule,notice,,고시,nlic_admrul,norm:Notice,true,낙동강유역환경청,true,nlic_api_20260920f,DOC-000493,UNIT-0201517,,,2100000193474,2020-15,20201005,20201011,고시,
DOC-004716,LAW-KR-000174,일반수도사업 인가(변경) 고시(양산시 범어정수장),api,admin_rule,notice,,고시,nlic_admrul,norm:Notice,true,낙동강유역환경청,true,nlic_api_20260920f,DOC-000493,UNIT-0201517,,,2100000214048,2022-41,20220817,20220823,고시,
DOC-004717,LAW-KR-000174,일반수도사업 인가(변경) 고시(양산시 신도시정수장),api,admin_rule,notice,,고시,nlic_admrul,norm:Notice,true,낙동강유역환경청,true,nlic_api_20260920f,DOC-000493,UNIT-0201517,,,2100000214047,2022-40,20220817,20220823,고시,
DOC-004718,LAW-KR-000174,일반수도사업 인가(변경) 고시(진주시 노후정수장),api,admin_rule,notice,,고시,nlic_admrul,norm:Notice,true,낙동강유역환경청,true,nlic_api_20260920f,DOC-000493,UNIT-0201517,,,2100000215767,2022-50,20221107,20221113,고시,
DOC-004719,LAW-KR-000174,일반수도사업 인가(변경) 고시(창원시 감계배수지 및 감계가압장),api,admin_rule,notice,,고시,nlic_admrul,norm:Notice,true,낙동강유역환경청,true,nlic_api_20260920f,,,,,2100000192839,2020-13,20200914,20200920,고시,
DOC-004720,LAW-KR-000174,일반수도사업 인가(창원시 칠서~대산정수장 비상연계 공급망 구축사업),api,admin_rule,notice,,고시,nlic_admrul,norm:Notice,true,낙동강유역환경청,true,nlic_api_20260920f,DOC-000493,UNIT-0201517,,,2100000282946,2026-38,20260722,20260728,고시,
DOC-004721,LAW-KR-000174,일반수도사업 인가(창원시 칠서~석동정수장 비상연계 공급망 구축사업),api,admin_rule,notice,,고시,nlic_admrul,norm:Notice,true,낙동강유역환경청,true,nlic_api_20260920f,DOC-000493,UNIT-0201517,,,2100000269184,2025-52,20251208,20251214,고시,
DOC-004722,LAW-KR-000174,일반수도사업(매곡정수장) 변경인가,api,admin_rule,notice,,고시,nlic_admrul,norm:Notice,true,기후에너지환경부,true,nlic_api_20260920f,DOC-000493,UNIT-0201517,,,2100000034172,2015-222,20151106,20151106,고시,
DOC-004723,LAW-KR-000174,합천군 일반수도사업 인가(변경),api,admin_rule,notice,,고시,nlic_admrul,norm:Notice,true,낙동강유역환경청,true,nlic_api_20260920f,DOC-000493,UNIT-0201517,,,2100000219358,2023-2,20230202,20230208,고시,
DOC-004724,LAW-KR-000011,(고용노동부) 제3종시설물 지정 고시,api,admin_rule,notice,,고시,nlic_admrul,norm:Notice,true,고용노동부,true,nlic_api_20260920f,DOC-000030,UNIT-0020431,,,2100000271718,2025-113,20251230,20251230,고시,
DOC-004725,LAW-KR-000011,(과학기술정보통신부) 제3종시설물의 지정(해제) 고시,api,admin_rule,notice,,고시,nlic_admrul,norm:Notice,true,과학기술정보통신부,true,nlic_api_20260920f,,,,,2100000273724,2026-3,20260127,20260127,고시,
DOC-004726,LAW-KR-000011,(국가보훈부) 제3종시설물의 지정 고시,api,admin_rule,notice,,고시,nlic_admrul,norm:Notice,true,국가보훈부,true,nlic_api_20260920f,,,,,2100000224232,2023-1,20230605,20230605,고시,
DOC-004727,LAW-KR-000011,(국가보훈부) 제3종시설물의 해제 고시,api,admin_rule,notice,,고시,nlic_admrul,norm:Notice,true,국가보훈부,true,nlic_api_20260920f,,,,,2100000224284,2023-1,20230605,20230605,고시,
DOC-004728,LAW-KR-000011,(국토교통부) 제3종시설물의 지정 고시,api,admin_rule,notice,,고시,nlic_admrul,norm:Notice,true,국토교통부,true,nlic_api_20260920f,,,,,2100000272808,2026-35,20260120,20260120,고시,
DOC-004729,LAW-KR-000011,(문화재청) 제3종시설물의 지정 고시,api,admin_rule,notice,,고시,nlic_admrul,norm:Notice,true,국가유산청,true,nlic_api_20260920f,,,,,2100000196814,2020-149,20201223,20201229,고시,
DOC-004730,LAW-KR-000011,(문화체육관광부) 제3종시설물의 지정 고시,api,admin_rule,notice,,고시,nlic_admrul,norm:Notice,true,문화체육관광부,true,nlic_api_20260920f,,,,,2100000270808,2025-62,20251202,20251208,고시,
DOC-004731,LAW-KR-000011,(보건복지부) 제3종시설물의 지정·해제 고시,api,admin_rule,notice,,고시,nlic_admrul,norm:Notice,true,보건복지부,true,nlic_api_20260920f,,,,,2100000256272,2025-47,20250311,20250311,고시,
DOC-004732,LAW-KR-000011,(산업통상자원부) 제3종시설물의 지정 고시,api,admin_rule,notice,,고시,nlic_admrul,norm:Notice,true,산업통상부,true,nlic_api_20260920f,,,,,2100000262316,2025-130,20250725,20250731,고시,
DOC-004733,LAW-KR-000011,(식품의약품안전처) 제3종시설물의 지정,api,admin_rule,notice,,고시,nlic_admrul,norm:Notice,true,식품의약품안전처,true,nlic_api_20260920f,,,,,2100000223792,2023-33,20230530,20230605,고시,
DOC-004734,LAW-KR-000011,(성평등가족부) 제3종시설물 지정·고시,api,admin_rule,notice,,고시,nlic_admrul,norm:Notice,true,성평등가족부,true,nlic_api_20260920f,,,,,2100000268806,2025-8,20251201,20251201,고시,
DOC-004735,LAW-KR-000011,(조달청) 제3종시설물의 지정 및 해제 고시,api,admin_rule,notice,,고시,nlic_admrul,norm:Notice,true,조달청,true,nlic_api_20260920f,DOC-000030,UNIT-0020431,,,2100000278992,2026-34,20260511,20260517,고시,
DOC-004736,LAW-KR-000011,(통계청) 제3종시설물의 해제 고시,api,admin_rule,notice,,고시,nlic_admrul,norm:Notice,true,국가데이터처,true,nlic_api_20260920f,,,,,2100000211293,2022-147,20220503,20220509,고시,
DOC-004737,LAW-KR-000011,(지식재산처) 제3종시설물의 지정 고시,api,admin_rule,notice,,고시,nlic_admrul,norm:Notice,true,지식재산처,true,nlic_api_20260920f,,,,,2100000266182,2025-4,20251030,20251105,고시,
DOC-004738,LAW-KR-000011,(지식재산처) 제3종시설물의 해제 고시,api,admin_rule,notice,,고시,nlic_admrul,norm:Notice,true,지식재산처,true,nlic_api_20260920f,,,,,2100000266224,2025-4,20251030,20251030,고시,
DOC-004739,LAW-KR-000011,국립수산과학원 제3종시설물의 지정(해제) 고시,api,admin_rule,notice,,고시,nlic_admrul,norm:Notice,true,해양수산부,true,nlic_api_20260920f,,,,,2100000283800,2026-96,20260806,20260806,고시,
DOC-004740,LAW-KR-000011,(기후에너지환경부) 제3종 시설물 지정 고시,api,admin_rule,notice,,고시,nlic_admrul,norm:Notice,true,기후에너지환경부,true,nlic_api_20260920f,,,,,2100000267690,2025-165,20251001,20251007,고시,
DOC-004741,LAW-KR-000011,(환경부) 제3종 시설물의 해제 고시,api,admin_rule,notice,,고시,nlic_admrul,norm:Notice,true,기후에너지환경부,true,nlic_api_20260920f,,,,,2100000166022,2018-177,20181109,20181115,고시,
DOC-004742,LAW-KR-000011,(환경부) 제3종시설물의 고시,api,admin_rule,notice,,고시,nlic_admrul,norm:Notice,true,기후에너지환경부,true,nlic_api_20260920f,,,,,2100000206794,2021-257,20211203,20211209,고시,
DOC-004743,LAW-KR-000011,국립자연휴양림 제3종 시설물 지정 고시,api,admin_rule,notice,,고시,nlic_admrul,norm:Notice,true,산림청,true,nlic_api_20260920f,DOC-000030,UNIT-0020431,,,2100000260306,2025-54,20250526,20250526,고시,
DOC-004744,LAW-KR-000011,제5차 시설물의 안전 및 유지관리 기본계획(2023∼2027),api,admin_rule,notice,,고시,nlic_admrul,norm:Notice,true,국토교통부,true,nlic_api_20260920f,,,,,2100000219360,2023-55,20230131,20230206,고시,
DOC-004745,LAW-KR-000011,질병관리청 제3종시설물의 지정 고시,api,admin_rule,notice,,고시,nlic_admrul,norm:Notice,true,질병관리청,true,nlic_api_20260920f,DOC-000030,UNIT-0020431,,,2100000229768,2023-12,20230922,20230922,고시,
DOC-004746,LAW-KR-000011,국토안전관리원 정밀안전진단 전담시설물 고시,api,admin_rule,notice,,고시,nlic_admrul,norm:Notice,true,국토교통부,true,nlic_api_20260920f,,,,,2100000231584,2023-655,20231114,20240101,고시,
DOC-004747,LAW-KR-000010,식중독대책협의기구 운영규정,api,admin_rule,directive,,훈령,nlic_admrul,norm:Directive,true,식품의약품안전처,true,nlic_api_20260920f,DOC-000028,UNIT-0019012,,,2100000184018,152,20191127,20191127,훈령,
DOC-004748,LAW-KR-000010,식품 등 영업자 등에 대한 위생교육기관지정,api,admin_rule,notice,,고시,nlic_admrul,norm:Notice,true,식품의약품안전처,true,nlic_api_20260920f,DOC-000029,UNIT-0019437,,,2100000263574,2025-58,20250901,20250901,고시,
DOC-004749,LAW-KR-000163,건축자재 오염물질 방출 확인 시험기관 지정고시,api,admin_rule,notice,,고시,nlic_admrul,norm:Notice,true,기후에너지환경부,true,nlic_api_20260920f,DOC-000462,UNIT-0194276,,,2100000279412,2026-127,20260521,20260521,고시,
DOC-004750,LAW-KR-000015,액화석유가스 비축의무자의 의무이행에 관한 고시,api,admin_rule,notice,,고시,nlic_admrul,norm:Notice,true,산업통상부,true,nlic_api_20260920f,DOC-000043,UNIT-0024820,,,2100000081992,2017-46,20170329,20170329,고시,
DOC-004751,LAW-KR-000015,액화석유가스시설 등의 검사수수료 및 교육비기준,api,admin_rule,notice,,고시,nlic_admrul,norm:Notice,true,산업통상부,true,nlic_api_20260920f,DOC-000042,UNIT-0024636,,,2100000263760,2025-156,20250901,20251001,고시,
DOC-004752,LAW-KR-000120,의약외품 범위 지정,api,admin_rule,notice,,고시,nlic_admrul,norm:Notice,true,식품의약품안전처,true,nlic_api_20260920f,DOC-000331,UNIT-0127541,,,2100000189721,2020-48,20200529,20200601,고시,
DOC-004753,LAW-KR-000166,어린이놀이시설 안전검사 수수료,api,admin_rule,notice,,고시,nlic_admrul,norm:Notice,true,행정안전부,true,nlic_api_20260920f,DOC-000470,UNIT-0197064,,,2100000119916,2018-27,20180411,20180712,고시,
DOC-004754,LAW-KR-000184,광역급행형 및 직행좌석형 시내버스 운임심의위원회 구성·운영지침,api,admin_rule,directive,,훈령,nlic_admrul,norm:Directive,true,대도시권광역교통위원회,true,nlic_api_20260920f,,,,,2100000202121,2,20210621,20210621,훈령,
DOC-004755,LAW-KR-000184,군인·의무경찰대원 사업용자동차 운전경력 등 요건,api,admin_rule,notice,,고시,nlic_admrul,norm:Notice,true,국토교통부,true,nlic_api_20260920f,DOC-000523,UNIT-0212543,,,2100000186145,2019-611,20191101,20191101,고시,
DOC-004756,LAW-KR-000184,"버스, 택시 모바일 운전자격증 고시",api,admin_rule,notice,,고시,nlic_admrul,norm:Notice,true,국토교통부,true,nlic_api_20260920f,DOC-000523,UNIT-0212637,,,2100000235984,2024-77,20240130,20240130,고시,
DOC-004757,LAW-KR-000184,시내(농어촌)버스운송사업 탄력운행 지역 고시,api,admin_rule,notice,,고시,nlic_admrul,norm:Notice,true,국토교통부,true,nlic_api_20260920f,DOC-000523,UNIT-0212301,,,2200000027281,2015-71,20150212,20150212,고시,
DOC-004758,LAW-KR-000184,여객자동차 운송사업 운임·요율 등 조정요령,api,admin_rule,directive,,훈령,nlic_admrul,norm:Directive,true,국토교통부,true,nlic_api_20260920f,DOC-000523,UNIT-0212239,,,2100000255844,1716,20250228,20250306,훈령,
DOC-004759,LAW-KR-000184,여객자동차운수사업 인·면허업무처리요령,api,admin_rule,directive,,훈령,nlic_admrul,norm:Directive,true,국토교통부,true,nlic_api_20260920f,DOC-000523,UNIT-0212587,,,2100000209086,1510,20220210,20220210,훈령,
DOC-004760,LAW-KR-000184,의료적성검사 수행 병ㆍ의원 지정 고시,api,admin_rule,notice,,고시,nlic_admrul,norm:Notice,true,국토교통부,true,nlic_api_20260920f,DOC-000523,UNIT-0212564,,,2100000282154,2026-367,20260709,20260709,고시,
DOC-004761,LAW-KR-000184,전세버스 교통안전정보 공시 요령,api,admin_rule,directive,,훈령,nlic_admrul,norm:Directive,true,국토교통부,true,nlic_api_20260920f,DOC-000523,UNIT-0212478,,,2100000174591,1137,20190101,20190101,훈령,
DOC-004762,LAW-KR-000184,택시운송사업 심의·조정위원회 구성·운영지침,api,admin_rule,directive,,훈령,nlic_admrul,norm:Directive,true,대도시권광역교통위원회,true,nlic_api_20260920f,DOC-000523,UNIT-0213198,,,2100000189259,4,20200515,20200515,훈령,
DOC-004763,LAW-KR-000190,건강검진 실시기준,api,admin_rule,notice,,고시,nlic_admrul,norm:Notice,true,보건복지부,true,nlic_api_20260920f,DOC-000540,UNIT-0219797,,,2100000272270,2026-6,20260107,20260107,고시,
DOC-004764,LAW-KR-000190,암검진 실시기준,api,admin_rule,notice,,고시,nlic_admrul,norm:Notice,true,보건복지부,true,nlic_api_20260920f,DOC-000540,UNIT-0219797,,,2100000270432,2025-220,20251224,20260101,고시,
DOC-004765,LAW-KR-000019,국제규제물자 등의 보고에 관한 규정,api,admin_rule,notice,,고시,nlic_admrul,norm:Notice,true,원자력안전위원회,true,nlic_api_20260920f,DOC-000055,UNIT-0028847,,,2100000265504,2025-5,20251010,20251010,고시,
DOC-004766,LAW-KR-000019,기타 원자로의 안전에 관계되는 시설에 관한 규정,api,admin_rule,notice,,고시,nlic_admrul,norm:Notice,true,원자력안전위원회,true,nlic_api_20260920f,DOC-000055,UNIT-0029576,,,2100000181388,2019-14,20190819,20190819,고시,
DOC-004767,LAW-KR-000019,발전용원자로 및 관계시설의 액체 및 기체 상태의 방사성물질등의 배출계획서 작성에 관한 규정,api,admin_rule,notice,,고시,nlic_admrul,norm:Notice,true,원자력안전위원회,true,nlic_api_20260920f,DOC-000056,UNIT-0030180,,,2100000233102,2023-11,20231227,20231227,고시,
DOC-004768,LAW-KR-000019,방사선발생장치 추가 적용대상에 관한 규정,api,admin_rule,notice,,고시,nlic_admrul,norm:Notice,true,원자력안전위원회,true,nlic_api_20260920f,DOC-000055,UNIT-0029480,,,2100000107555,2017-37,20171226,20171226,고시,
DOC-004769,LAW-KR-000019,방사선발생장치에서 제외되는 용도 및 용량 등에 관한 규정,api,admin_rule,notice,,고시,nlic_admrul,norm:Notice,true,원자력안전위원회,true,nlic_api_20260920f,DOC-000055,UNIT-0029475,,,2100000107560,2017-42,20171226,20171226,고시,
DOC-004770,LAW-KR-000019,방사성동위원소등의 허가사용자 및 업무대행자에 대한 정기검사 면제에 관한 규정,api,admin_rule,notice,,고시,nlic_admrul,norm:Notice,true,원자력안전위원회,true,nlic_api_20260920f,DOC-000055,UNIT-0029566,,,2100000107573,2017-48,20171226,20171226,고시,
DOC-004771,LAW-KR-000019,방사성동위원소에서 제외되는 물질 등에 관한 규정,api,admin_rule,notice,,고시,nlic_admrul,norm:Notice,true,원자력안전위원회,true,nlic_api_20260920f,DOC-000055,UNIT-0029358,,,2100000107559,2017-41,20171226,20171226,고시,
DOC-004772,LAW-KR-000019,방사성폐기물 처리설비의 구조 및 설비에 관한 기술기준,api,admin_rule,notice,,고시,nlic_admrul,norm:Notice,true,원자력안전위원회,true,nlic_api_20260920f,DOC-000054,UNIT-0028278,,,2100000252300,2024-13,20241231,20241231,고시,
DOC-004773,LAW-KR-000019,방사성폐기물 폐기시설 품질보증기준,api,admin_rule,notice,,고시,nlic_admrul,norm:Notice,true,원자력안전위원회,true,nlic_api_20260920f,DOC-000054,UNIT-0028282,,,2100000107585,2017-61,20171226,20171226,고시,
DOC-004774,LAW-KR-000019,방사성폐기물관리시설등의 화재위험도분석에 관한 기술기준,api,admin_rule,notice,,고시,nlic_admrul,norm:Notice,true,원자력안전위원회,true,nlic_api_20260920f,DOC-000054,UNIT-0028278,,,2100000202931,2021-25,20210713,20210713,고시,
DOC-004775,LAW-KR-000019,사용허가 대상에서 제외되는 핵연료물질의 종류 및 수량 등에 관한 규정,api,admin_rule,notice,,고시,nlic_admrul,norm:Notice,true,원자력안전위원회,true,nlic_api_20260920f,DOC-000055,UNIT-0029445,,,2100000184609,2019-23,20191216,20191216,고시,
DOC-004776,LAW-KR-000019,사용후핵연료 중간저장시설의 구조 및 설비에 관한 세부기술기준,api,admin_rule,notice,,고시,nlic_admrul,norm:Notice,true,원자력안전위원회,true,nlic_api_20260920f,DOC-000054,UNIT-0028278,,,2100000252346,2024-13,20241231,20241231,고시,
DOC-004777,LAW-KR-000019,사용후핵연료 중간저장시설의 위치에 관한 기술기준,api,admin_rule,notice,,고시,nlic_admrul,norm:Notice,true,원자력안전위원회,true,nlic_api_20260920f,DOC-000054,UNIT-0028278,,,2100000202921,2021-18,20210713,20210713,고시,
DOC-004778,LAW-KR-000019,소형모듈원자로 안전규제 연구개발사업 운영관리규정,api,admin_rule,directive,,훈령,nlic_admrul,norm:Directive,true,원자력안전위원회,true,nlic_api_20260920f,DOC-000055,UNIT-0029101,,,2100000253262,229,20250110,20250110,훈령,
DOC-004779,LAW-KR-000019,운영기술지침서의 작성에 관한 기준,api,admin_rule,notice,,고시,nlic_admrul,norm:Notice,true,원자력안전위원회,true,nlic_api_20260920f,DOC-000056,UNIT-0030154,,,2100000252286,2024-13,20241231,20241231,고시,
DOC-004780,LAW-KR-000019,원자력관계 면허시험 시행에 따른 경력(교육훈련 포함)의 내용 및 산출방법 등에 관한 규정,api,admin_rule,notice,,고시,nlic_admrul,norm:Notice,true,원자력안전위원회,true,nlic_api_20260920f,DOC-000055,UNIT-0028740,,,2100000239936,2024-6,20240429,20240429,고시,
DOC-004781,LAW-KR-000019,원자력기금 원자력안전규제계정 관리·운용 규정,api,admin_rule,directive,,훈령,nlic_admrul,norm:Directive,true,원자력안전위원회,true,nlic_api_20260920f,DOC-000055,UNIT-0029166,,,2100000272362,242,20260102,20260102,훈령,
DOC-004782,LAW-KR-000019,원자력안전 위반행위 신고자 등에 대한 포상금지급에 관한 규정,api,admin_rule,notice,,고시,nlic_admrul,norm:Notice,true,원자력안전위원회,true,nlic_api_20260920f,DOC-000055,UNIT-0028958,,,2100000216429,2022-4,20221201,20221201,고시,
DOC-004783,LAW-KR-000019,원자력안전관리부담금에 관한 규정,api,admin_rule,notice,,고시,nlic_admrul,norm:Notice,true,원자력안전위원회,true,nlic_api_20260920f,DOC-000055,UNIT-0029051,,,2100000271602,2025-9,20260101,20260101,고시,
DOC-004784,LAW-KR-000019,원자력안전위원회 소관 연구개발사업 처리규정,api,admin_rule,directive,,훈령,nlic_admrul,norm:Directive,true,원자력안전위원회,true,nlic_api_20260920f,DOC-000055,UNIT-0028797,,,2100000272292,245,20260107,20260107,훈령,
DOC-004785,LAW-KR-000019,원자력안전정보의 적극적인 정보공개에 관한 규정,api,admin_rule,notice,,고시,nlic_admrul,norm:Notice,true,원자력안전위원회,true,nlic_api_20260920f,DOC-000055,UNIT-0028901,,,2100000107654,2017-89,20171226,20171226,고시,
DOC-004786,LAW-KR-000019,원자력통제교육에 관한 규정,api,admin_rule,notice,,고시,nlic_admrul,norm:Notice,true,원자력안전위원회,true,nlic_api_20260920f,DOC-000055,UNIT-0028948,,,2100000252672,2024-11,20241231,20241231,고시,
DOC-004787,LAW-KR-000019,원자로시설 안전관련설비의 공급자 등 검사에 관한 규정,api,admin_rule,notice,,고시,nlic_admrul,norm:Notice,true,원자력안전위원회,true,nlic_api_20260920f,DOC-000055,UNIT-0029267,,,2100000107546,2017-32,20171226,20171226,고시,
DOC-004788,LAW-KR-000019,원자로시설의 사용 전 검사에 관한 규정,api,admin_rule,notice,,고시,nlic_admrul,norm:Notice,true,원자력안전위원회,true,nlic_api_20260920f,DOC-000055,UNIT-0029250,,,2100000252290,2024-13,20241231,20241231,고시,
DOC-004789,LAW-KR-000019,위탁업무취급자의 자격기준,api,admin_rule,notice,,고시,nlic_admrul,norm:Notice,true,원자력안전위원회,true,nlic_api_20260920f,DOC-000055,UNIT-0029087,,,2100000107651,2017-86,20171226,20171226,고시,
DOC-004790,LAW-KR-000019,"중·저준위방사성폐기물 처분시설의 운영, 폐쇄 및 폐쇄 후 관리에 관한 기술기준",api,admin_rule,notice,,고시,nlic_admrul,norm:Notice,true,원자력안전위원회,true,nlic_api_20260920f,,,,,2100000252302,2024-13,20241231,20241231,고시,
DOC-004791,LAW-KR-000019,중·저준위방사성폐기물 처분시설의 안전성분석보고서 작성지침,api,admin_rule,notice,,고시,nlic_admrul,norm:Notice,true,원자력안전위원회,true,nlic_api_20260920f,DOC-000056,UNIT-0031115,,,2100000252344,2024-13,20241231,20241231,고시,
DOC-004792,LAW-KR-000019,중·저준위방사성폐기물 처분시설의 위치에 관한 기술기준,api,admin_rule,notice,,고시,nlic_admrul,norm:Notice,true,원자력안전위원회,true,nlic_api_20260920f,DOC-000054,UNIT-0028278,,,2100000252294,2024-13,20241231,20241231,고시,
DOC-004793,LAW-KR-000019,특정핵물질의 계량관리 검사에 관한 규정,api,admin_rule,notice,,고시,nlic_admrul,norm:Notice,true,원자력안전위원회,true,nlic_api_20260920f,DOC-000055,UNIT-0029237,,,2100000255804,2025-2,20250228,20250228,고시,
DOC-004794,LAW-KR-000019,핵연료주기시설의 화재위험도분석에 관한 기술기준,api,admin_rule,notice,,고시,nlic_admrul,norm:Notice,true,원자력안전위원회,true,nlic_api_20260920f,DOC-000054,UNIT-0027989,,,2100000251330,2024-10,20241223,20241223,고시,
DOC-004795,LAW-KR-000034,동물용의약품 공정서,api,admin_rule,notice,,고시,nlic_admrul,norm:Notice,true,농림축산검역본부,true,nlic_api_20260920f,,,,,2100000175570,2019-3,20190121,20190121,고시,
DOC-004796,LAW-KR-000034,수산용 동물용의약품등 공정서,api,admin_rule,notice,,고시,nlic_admrul,norm:Notice,true,국립수산물품질관리원,true,nlic_api_20260920f,,,,,2100000198544,2021-15,20210224,20210301,고시,
DOC-004797,LAW-KR-000143,보건의료인국가시험관리기관 지정,api,admin_rule,notice,,고시,nlic_admrul,norm:Notice,true,보건복지부,true,nlic_api_20260920f,DOC-000402,UNIT-0168355,,,2100000203195,2021-188,20210701,20210701,고시,
DOC-004798,LAW-KR-000143,신의료기술의 안전성ㆍ유효성 평가결과 고시,api,admin_rule,notice,,고시,nlic_admrul,norm:Notice,true,보건복지부,true,nlic_api_20260920f,DOC-000400,UNIT-0166964,,,2100000283840,2026-170,20260810,20260810,고시,
DOC-004799,LAW-KR-000143,의료기관 회계기준 운영 업무 위탁 내용 등 고시,api,admin_rule,notice,,고시,nlic_admrul,norm:Notice,true,보건복지부,true,nlic_api_20260920f,DOC-000401,UNIT-0167697,,,2100000205429,2021-259,20211019,20211025,고시,
DOC-004800,LAW-KR-000143,의학용어와 진료기록부 등의 서식 및 세부내용에 관한 표준마련 업무의 수탁기관 지정,api,admin_rule,notice,,고시,nlic_admrul,norm:Notice,true,보건복지부,true,nlic_api_20260920f,DOC-000401,UNIT-0167695,,,2100000202890,2021-188,20210701,20210701,고시,
DOC-004801,LAW-KR-000143,전자의무기록시스템 인증제도 운영에 관한 고시,api,admin_rule,notice,,고시,nlic_admrul,norm:Notice,true,보건복지부,true,nlic_api_20260920f,DOC-000401,UNIT-0167441,,,2100000278854,2026-112,20260508,20260508,고시,
DOC-004802,LAW-KR-000143,전자의무기록의 관리·보존에 필요한 시설과 장비에 관한 기준,api,admin_rule,notice,,고시,nlic_admrul,norm:Notice,true,보건복지부,true,nlic_api_20260920f,DOC-000400,UNIT-0166512,,,2100000232676,2023-245,20231214,20231214,고시,
DOC-004803,LAW-KR-000143,전자의무기록의 안전성·신뢰성 확보에 관한 고시,api,admin_rule,notice,,고시,nlic_admrul,norm:Notice,true,보건복지부,true,nlic_api_20260920f,DOC-000401,UNIT-0167384,,,2100000227844,2023-149,20230803,20230803,고시,
DOC-004804,LAW-KR-000143,진료정보교류 표준,api,admin_rule,notice,,고시,nlic_admrul,norm:Notice,true,보건복지부,true,nlic_api_20260920f,DOC-000400,UNIT-0166505,,,2100000283332,2026-168,20260730,20260730,고시,
DOC-004805,LAW-KR-000143,휴·폐업 의료기관의 진료기록 이관 및 진료기록보관시스템 운영에 관한 고시,api,admin_rule,notice,,고시,nlic_admrul,norm:Notice,true,보건복지부,true,nlic_api_20260920f,DOC-000401,UNIT-0167518,,,2100000261896,2025-120,20250718,20250718,고시,
DOC-004806,LAW-KR-000128,방재관리대책 업무 대행비용의 산정기준,api,admin_rule,notice,,고시,nlic_admrul,norm:Notice,true,행정안전부,true,nlic_api_20260920f,DOC-000355,UNIT-0143114,,,2100000093829,2017-1,20170726,20170726,고시,
DOC-004807,LAW-KR-000128,방재관리대책대행자의 등록 등의 업무 위탁기관 지정 고시,api,admin_rule,notice,,고시,nlic_admrul,norm:Notice,true,행정안전부,true,nlic_api_20260920f,DOC-000356,UNIT-0144271,,,2100000196026,2020-70,20201223,20210101,고시,
DOC-004808,LAW-KR-000128,방재분야 표준품셈,api,admin_rule,notice,,고시,nlic_admrul,norm:Notice,true,행정안전부,true,nlic_api_20260920f,,,,,2100000248806,2024-83,20241028,20241028,고시,
DOC-004809,LAW-KR-000128,방재시설의 유지·관리 평가항목·기준 및 평가방법 등에 관한 고시,api,admin_rule,notice,,고시,nlic_admrul,norm:Notice,true,행정안전부,true,nlic_api_20260920f,DOC-000356,UNIT-0144139,,,2100000118982,2018-23,20180329,20180329,고시,
DOC-004810,LAW-KR-000128,방재전문인력 교육운영규정,api,admin_rule,directive,,훈령,nlic_admrul,norm:Directive,true,행정안전부,true,nlic_api_20260920f,DOC-000357,UNIT-0144484,,,2100000188212,138,20200408,20200408,훈령,
DOC-004811,LAW-KR-000128,재해영향평가등의 협의 실무지침,api,admin_rule,notice,,고시,nlic_admrul,norm:Notice,true,행정안전부,true,nlic_api_20260920f,,,,,2100000258436,2025-30,20250501,20250507,고시,
DOC-004812,LAW-KR-000128,상습가뭄재해지역의 지정해제 및 관리지침,api,admin_rule,notice,,고시,nlic_admrul,norm:Notice,true,행정안전부,true,nlic_api_20260920f,DOC-000356,UNIT-0143789,,,2100000248098,2024-81,20241011,20241011,고시,
DOC-004813,LAW-KR-000128,자연재해저감 종합계획 세부수립기준,api,admin_rule,notice,,고시,nlic_admrul,norm:Notice,true,행정안전부,true,nlic_api_20260920f,,,,,2100000250032,2024-89,20241121,20241121,고시,
DOC-004814,LAW-KR-000128,자연재해복구공사추진 및 품질관리 운영규정,api,admin_rule,directive,,훈령,nlic_admrul,norm:Directive,true,행정안전부,true,nlic_api_20260920f,DOC-000357,UNIT-0144452,,,2100000215645,258,20221101,20221101,훈령,
DOC-004815,LAW-KR-000128,자연재해위험개선지구 관리지침,api,admin_rule,notice,,고시,nlic_admrul,norm:Notice,true,행정안전부,true,nlic_api_20260920f,,,,,2100000264362,2025-58,20250911,20250911,고시,
DOC-004816,LAW-KR-000128,재해경감대책협의회 운영규정,api,admin_rule,directive,,훈령,nlic_admrul,norm:Directive,true,행정안전부,true,nlic_api_20260920f,DOC-000357,UNIT-0144444,,,2100000235662,335,20240124,20240124,훈령,
DOC-004817,LAW-KR-000128,재해복구사업의 분석·평가 시행지침,api,admin_rule,directive,,훈령,nlic_admrul,norm:Directive,true,행정안전부,true,nlic_api_20260920f,DOC-000357,UNIT-0144461,,,2100000200923,192,20210514,20210514,훈령,
DOC-004818,LAW-KR-000128,재해영향평가심의위원회 운영규정,api,admin_rule,established_rule,,예규,nlic_admrul,norm:EstablishedRule,true,행정안전부,true,nlic_api_20260920f,DOC-000356,UNIT-0144107,,,2100000252614,313,20250102,20250102,예규,
DOC-004819,LAW-KR-000128,중앙재난안전대책본부 중앙합동점검반 운영규정,api,admin_rule,directive,,훈령,nlic_admrul,norm:Directive,true,행정안전부,true,nlic_api_20260920f,DOC-000356,UNIT-0144065,,,2100000144976,49,20180808,20180808,훈령,
DOC-004820,LAW-KR-000128,지붕 제설제빙 대상 시설물의 구조에 관한 고시,api,admin_rule,notice,,고시,nlic_admrul,norm:Notice,true,행정안전부,true,nlic_api_20260920f,DOC-000356,UNIT-0143767,,,2100000098749,2017-1,20170726,20170726,고시,
DOC-004821,LAW-KR-000128,지진해일 대비 주민대피계획 수립 지침,api,admin_rule,directive,,훈령,nlic_admrul,norm:Directive,true,행정안전부,true,nlic_api_20260920f,DOC-000356,UNIT-0143912,,,2100000258810,391,20250509,20250509,훈령,
DOC-004822,LAW-KR-000006,(행정안전부) 재난지원금 선지급 비율ㆍ절차 등에 관한 기준,api,admin_rule,notice,,고시,nlic_admrul,norm:Notice,true,행정안전부,true,nlic_api_20260920f,DOC-000016,UNIT-0013225,,,2100000276148,2026-15,20260319,20260319,고시,
DOC-004823,LAW-KR-000006,고용노동부 소관 재난관리책임기관 지정 고시,api,admin_rule,notice,,고시,nlic_admrul,norm:Notice,true,고용노동부,true,nlic_api_20260920f,DOC-000016,UNIT-0012504,,,2100000271980,2026-1,20260106,20260106,고시,
DOC-004824,LAW-KR-000006,고용노동부 중앙사고수습본부 구성 및 운영 등에 관한 규정,api,admin_rule,directive,,훈령,nlic_admrul,norm:Directive,true,고용노동부,true,nlic_api_20260920f,DOC-000016,UNIT-0012354,,,2100000272074,577,20260106,20260106,훈령,
DOC-004825,LAW-KR-000006,과학기술정보통신부 중앙사고수습본부 구성 및 운영 등에 관한 규정,api,admin_rule,directive,,훈령,nlic_admrul,norm:Directive,true,과학기술정보통신부,true,nlic_api_20260920f,DOC-000016,UNIT-0012354,,,2100000246486,276,20240829,20240829,훈령,
DOC-004826,LAW-KR-000006,관세청 중앙사고수습본부의 구성 및 운영 등에 관한 규정,api,admin_rule,directive,,훈령,nlic_admrul,norm:Directive,true,관세청,true,nlic_api_20260920f,DOC-000016,UNIT-0012354,,,2100000261156,2414,20250701,20250701,훈령,
DOC-004827,LAW-KR-000006,교육부 중앙사고수습본부 구성 및 운영 등에 관한 규정,api,admin_rule,directive,,훈령,nlic_admrul,norm:Directive,true,교육부,true,nlic_api_20260920f,DOC-000016,UNIT-0012354,,,2100000276668,561,20260401,20260401,훈령,
DOC-004828,LAW-KR-000006,국가기반시설 지정,api,admin_rule,notice,,고시,nlic_admrul,norm:Notice,true,경찰청,true,nlic_api_20260920f,DOC-000015,UNIT-0011421,,,2100000054176,2016-1,20160107,20160107,고시,
DOC-004829,LAW-KR-000006,"국가기반시설 지정(신규, 변경)",api,admin_rule,notice,,고시,nlic_admrul,norm:Notice,true,산업통상부,true,nlic_api_20260920f,DOC-000015,UNIT-0011421,,,2100000086409,2017-59,20170426,20170426,고시,
DOC-004830,LAW-KR-000006,국가보훈부 중앙사고수습본부의 구성 및 운영 등에 관한 규정,api,admin_rule,directive,,훈령,nlic_admrul,norm:Directive,true,국가보훈부,true,nlic_api_20260920f,DOC-000016,UNIT-0012354,,,2100000261102,116,20250701,20250701,훈령,
DOC-004831,LAW-KR-000006,국가재난원인조사협의회 운영규정,api,admin_rule,directive,,훈령,nlic_admrul,norm:Directive,true,행정안전부,true,nlic_api_20260920f,DOC-000016,UNIT-0013386,,,2100000279776,439,20260519,20260519,훈령,
DOC-004832,LAW-KR-000006,국방 재난관리 훈령,api,admin_rule,directive,,훈령,nlic_admrul,norm:Directive,true,국방부,true,nlic_api_20260920f,DOC-000016,UNIT-0012354,,,2100000246038,2957,20240805,20240805,훈령,
DOC-004833,LAW-KR-000006,국세청 중앙사고수습본부의 구성 및 운영 등에 관한 규정,api,admin_rule,directive,,훈령,nlic_admrul,norm:Directive,true,국세청,true,nlic_api_20260920f,DOC-000016,UNIT-0012354,,,2100000268160,2707,20251201,20251207,훈령,
DOC-004834,LAW-KR-000006,국토교통부 중앙사고수습본부 구성 및 운영 등에 관한 규정,api,admin_rule,directive,,훈령,nlic_admrul,norm:Directive,true,국토교통부,true,nlic_api_20260920f,DOC-000016,UNIT-0012354,,,2100000274432,1884,20250630,20250630,훈령,
DOC-004835,LAW-KR-000006,금융위원회 중앙사고수습본부 구성 및 운영 등에 관한 규정,api,admin_rule,directive,,훈령,nlic_admrul,norm:Directive,true,금융위원회,true,nlic_api_20260920f,DOC-000016,UNIT-0012354,,,2100000220420,65,20151231,20151231,훈령,
DOC-004836,LAW-KR-000006,기상청 중앙사고수습본부의 구성 및 운영 등에 관한 규정,api,admin_rule,directive,,훈령,nlic_admrul,norm:Directive,true,기상청,true,nlic_api_20260920f,DOC-000016,UNIT-0012354,,,2100000268126,1161,20251112,20251112,훈령,
DOC-004837,LAW-KR-000006,기획예산처 중앙사고수습본부의 구성 및 운영 등에 관한 규정,api,admin_rule,directive,,훈령,nlic_admrul,norm:Directive,true,기획예산처,true,nlic_api_20260920f,DOC-000016,UNIT-0012354,,,2100000271758,34,20260102,20260102,훈령,
DOC-004838,LAW-KR-000006,재정경제부 중앙사고수습본부의 구성 및 운영 등에 관한 규정,api,admin_rule,directive,,훈령,nlic_admrul,norm:Directive,true,재정경제부,true,nlic_api_20260920f,,,,,2100000273084,113,20260102,20260102,훈령,
DOC-004839,LAW-KR-000006,긴급구조활동 평가에 관한 규정,api,admin_rule,directive,,훈령,nlic_admrul,norm:Directive,true,소방청,true,nlic_api_20260920f,,,,,2100000276384,460,20260330,20260330,훈령,
DOC-004840,LAW-KR-000006,긴급구조지원기관 능력평가에 관한 규정,api,admin_rule,notice,,고시,nlic_admrul,norm:Notice,true,소방청,true,nlic_api_20260920f,DOC-000016,UNIT-0013043,,,2100000280102,2026-27,20260529,20260529,고시,
DOC-004841,LAW-KR-000006,긴급대응협력관 지정 및 운영에 관한 규정,api,admin_rule,notice,,고시,nlic_admrul,norm:Notice,true,소방청,true,nlic_api_20260920f,DOC-000016,UNIT-0012944,,,2100000229460,2023-38,20230922,20230922,고시,
DOC-004842,LAW-KR-000006,농림축산식품부 중앙사고수습본부 구성 및 운영 등에 관한 규정,api,admin_rule,directive,,훈령,nlic_admrul,norm:Directive,true,농림축산식품부,true,nlic_api_20260920f,DOC-000016,UNIT-0012354,,,2100000257856,536,20250416,20250416,훈령,
DOC-004843,LAW-KR-000006,농촌진흥청 중앙사고수습본부의 구성 및 운영 등에 관한 규정,api,admin_rule,directive,,훈령,nlic_admrul,norm:Directive,true,농촌진흥청,true,nlic_api_20260920f,DOC-000016,UNIT-0012354,,,2100000257982,1479,20250416,20250416,훈령,
DOC-004844,LAW-KR-000006,대책지원본부 구성 및 운영 등에 관한 규정,api,admin_rule,directive,,훈령,nlic_admrul,norm:Directive,true,행정안전부,true,nlic_api_20260920f,DOC-000016,UNIT-0012385,,,2100000214036,251,20220823,20220823,훈령,
DOC-004845,LAW-KR-000006,국가유산청 중앙사고수습본부 구성·운영 등에 관한 규정,api,admin_rule,directive,,훈령,nlic_admrul,norm:Directive,true,국가유산청,true,nlic_api_20260920f,,,,,2100000250834,17,20250101,20250101,훈령,
DOC-004846,LAW-KR-000006,문화체육관광부 소관 재난관리책임기관 지정 고시,api,admin_rule,notice,,고시,nlic_admrul,norm:Notice,true,문화체육관광부,true,nlic_api_20260920f,DOC-000016,UNIT-0012504,,,2100000265106,2025-53,20250930,20250930,고시,
DOC-004847,LAW-KR-000006,문화체육관광부 중앙사고수습본부의 구성 및 운영 등에 관한 규정,api,admin_rule,directive,,훈령,nlic_admrul,norm:Directive,true,문화체육관광부,true,nlic_api_20260920f,DOC-000016,UNIT-0012354,,,2100000251564,538,20241226,20241226,훈령,
DOC-004848,LAW-KR-000006,방송미디어통신위원회 소관 재난관리책임기관 지정 고시,api,admin_rule,notice,,고시,nlic_admrul,norm:Notice,true,방송미디어통신위원회,true,nlic_api_20260920f,DOC-000016,UNIT-0012504,,,2100000280674,2026-16,20260616,20260616,고시,
DOC-004849,LAW-KR-000006,방위사업청 중앙사고수습본부의 구성 및 운영 등에 관한 규정,api,admin_rule,directive,,훈령,nlic_admrul,norm:Directive,true,방위사업청,true,nlic_api_20260920f,DOC-000016,UNIT-0012354,,,2100000276000,962,20260317,20260317,훈령,
DOC-004850,LAW-KR-000006,법무부 중앙사고수습본부의 구성 및 운영 등에 관한 규정,api,admin_rule,directive,,훈령,nlic_admrul,norm:Directive,true,법무부,true,nlic_api_20260920f,,,,,2100000250550,1557,20241213,20241213,훈령,
DOC-004851,LAW-KR-000006,법제처 중앙사고수습본부의 구성 및 운영 등에 관한 규정,api,admin_rule,directive,,훈령,nlic_admrul,norm:Directive,true,법제처,true,nlic_api_20260920f,DOC-000016,UNIT-0012354,,,2100000280142,500,20260529,20260529,훈령,
DOC-004852,LAW-KR-000006,병무청 중앙사고수습본부의 구성 및 운영 등에 관한 규정,api,admin_rule,directive,,훈령,nlic_admrul,norm:Directive,true,병무청,true,nlic_api_20260920f,DOC-000016,UNIT-0012354,,,2100000284678,2231,20260903,20260903,훈령,
DOC-004853,LAW-KR-000006,보건복지부 소관 재난관리책임기관 지정 고시,api,admin_rule,notice,,고시,nlic_admrul,norm:Notice,true,보건복지부,true,nlic_api_20260920f,DOC-000016,UNIT-0012504,,,2100000272264,2026-5,20260107,20260114,고시,
DOC-004854,LAW-KR-000006,보건복지부 중앙사고수습본부 구성 및 운영 등에 관한 규정,api,admin_rule,directive,,훈령,nlic_admrul,norm:Directive,true,보건복지부,true,nlic_api_20260920f,,,,,2100000262104,285,20250722,20250722,훈령,
DOC-004855,LAW-KR-000006,사회재난 생활안정지원 선지급 비율 및 절차 등에 관한 지침,api,admin_rule,notice,,고시,nlic_admrul,norm:Notice,true,행정안전부,true,nlic_api_20260920f,DOC-000016,UNIT-0013225,,,2100000276130,2026-17,20260319,20260319,고시,
DOC-004856,LAW-KR-000006,산림청 소관 재난관리책임기관 지정 고시,api,admin_rule,notice,,고시,nlic_admrul,norm:Notice,true,산림청,true,nlic_api_20260920f,DOC-000016,UNIT-0012504,,,2100000282026,2026-64,20260625,20260625,고시,
DOC-004857,LAW-KR-000006,산림청 중앙사고수습본부의 구성 및 운영에 관한 규정,api,admin_rule,directive,,훈령,nlic_admrul,norm:Directive,true,산림청,true,nlic_api_20260920f,DOC-000016,UNIT-0012354,,,2100000276298,1712,20260324,20260324,훈령,
DOC-004858,LAW-KR-000006,산업통상자원부 중앙사고수습본부 구성 및 운영 등에 관한 규정,api,admin_rule,directive,,훈령,nlic_admrul,norm:Directive,true,산업통상부,true,nlic_api_20260920f,DOC-000016,UNIT-0012354,,,2100000225216,258,20230701,20230701,훈령,
DOC-004859,LAW-KR-000006,소방청 중앙사고수습본부 구성 및 운영 등에 관한 규정,api,admin_rule,directive,,훈령,nlic_admrul,norm:Directive,true,소방청,true,nlic_api_20260920f,DOC-000016,UNIT-0012354,,,2100000226230,332,20230710,20230710,훈령,
DOC-004860,LAW-KR-000006,수습지원단 구성 및 운영 규정,api,admin_rule,directive,,훈령,nlic_admrul,norm:Directive,true,행정안전부,true,nlic_api_20260920f,DOC-000016,UNIT-0012313,,,2100000204630,210,20210915,20210915,훈령,
DOC-004861,LAW-KR-000006,식품의약품안전처 중앙사고수습본부의 구성 및 운영 등에 관한 규정,api,admin_rule,directive,,훈령,nlic_admrul,norm:Directive,true,식품의약품안전처,true,nlic_api_20260920f,DOC-000016,UNIT-0012354,,,2100000261492,259,20250708,20250708,훈령,
DOC-004862,LAW-KR-000006,안전기준 등록,api,admin_rule,notice,,고시,nlic_admrul,norm:Notice,true,행정안전부,true,nlic_api_20260920f,DOC-000016,UNIT-0012710,,,2100000125289,2018-39,20180517,20180523,고시,
DOC-004863,LAW-KR-000006,안전기준심의회 운영규정,api,admin_rule,directive,,훈령,nlic_admrul,norm:Directive,true,행정안전부,true,nlic_api_20260920f,DOC-000016,UNIT-0012716,,,2100000258086,387,20250423,20250423,훈령,
DOC-004864,LAW-KR-000006,안전문화운동 추진 중앙협의회 운영규정,api,admin_rule,directive,,훈령,nlic_admrul,norm:Directive,true,행정안전부,true,nlic_api_20260920f,DOC-000016,UNIT-0013231,,,2100000186599,132,20200206,20200206,훈령,
DOC-004865,LAW-KR-000006,안전신고 포상금 지급에 관한 고시,api,admin_rule,notice,,고시,nlic_admrul,norm:Notice,true,행정안전부,true,nlic_api_20260920f,DOC-000017,UNIT-0013974,,,2100000247770,2024-78,20240930,20240930,고시,
DOC-004866,LAW-KR-000006,안전정책조정위원회 운영규정,api,admin_rule,directive,,훈령,nlic_admrul,norm:Directive,true,행정안전부,true,nlic_api_20260920f,DOC-000016,UNIT-0013853,,,2100000099148,1,20170726,20170726,훈령,
DOC-004867,LAW-KR-000006,안전지수 운영 및 활용 지침,api,admin_rule,established_rule,,예규,nlic_admrul,norm:EstablishedRule,true,행정안전부,true,nlic_api_20260920f,DOC-000016,UNIT-0013268,,,2100000228060,259,20230818,20230818,예규,
DOC-004868,LAW-KR-000006,성평등가족부 소관 재난관리책임기관 지정 고시,api,admin_rule,notice,,고시,nlic_admrul,norm:Notice,true,성평등가족부,true,nlic_api_20260920f,,,,,2100000268830,2025-8,20251201,20251201,고시,
DOC-004869,LAW-KR-000006,성평등가족부 중앙사고수습본부의 구성 및 운영 등에 관한 규정,api,admin_rule,directive,,훈령,nlic_admrul,norm:Directive,true,성평등가족부,true,nlic_api_20260920f,,,,,2100000265716,1,20251001,20251001,훈령,
DOC-004870,LAW-KR-000006,원자력안전위원회 소관 재난관리책임기관 지정고시,api,admin_rule,notice,,고시,nlic_admrul,norm:Notice,true,원자력안전위원회,true,nlic_api_20260920f,DOC-000016,UNIT-0012504,,,2100000269848,2025-7,20251215,20251215,고시,
DOC-004871,LAW-KR-000006,원자력안전위원회 중앙사고수습본부 구성 및 운영 등에 관한 규정,api,admin_rule,directive,,훈령,nlic_admrul,norm:Directive,true,원자력안전위원회,true,nlic_api_20260920f,DOC-000016,UNIT-0012354,,,2100000216231,181,20221128,20221128,훈령,
DOC-004872,LAW-KR-000006,위기관리 매뉴얼협의회 운영규정,api,admin_rule,established_rule,,예규,nlic_admrul,norm:EstablishedRule,true,행정안전부,true,nlic_api_20260920f,DOC-000016,UNIT-0012804,,,2100000234862,275,20240109,20240109,예규,
DOC-004873,LAW-KR-000006,의사 집단행동 중앙사고수습본부 설치 및 운영에 관한 규정,api,admin_rule,directive,,훈령,nlic_admrul,norm:Directive,true,보건복지부,true,nlic_api_20260920f,DOC-000016,UNIT-0012354,,,2100000237722,234,20240317,20240317,훈령,
DOC-004874,LAW-KR-000006,인사혁신처 중앙사고수습본부의 구성 및 운영 등에 관한 규정,api,admin_rule,directive,,훈령,nlic_admrul,norm:Directive,true,인사혁신처,true,nlic_api_20260920f,DOC-000016,UNIT-0012354,,,2100000262436,189,20250731,20250731,훈령,
DOC-004875,LAW-KR-000006,재난 및 안전관리 사업 평가자문위원회 구성 및 운영에 관한 고시,api,admin_rule,notice,,고시,nlic_admrul,norm:Notice,true,행정안전부,true,nlic_api_20260920f,DOC-000016,UNIT-0012206,,,2100000257336,2025-27,20250402,20250402,고시,
DOC-004876,LAW-KR-000006,재난관리 의무 위반 처분에 관한 규칙,api,admin_rule,notice,,고시,nlic_admrul,norm:Notice,true,행정안전부,true,nlic_api_20260920f,DOC-000017,UNIT-0013964,,,2100000201731,2021-33,20210608,20210608,고시,
DOC-004877,LAW-KR-000006,재난관리기준,api,admin_rule,notice,,고시,nlic_admrul,norm:Notice,true,행정안전부,true,nlic_api_20260920f,DOC-000015,UNIT-0011472,,,2100000096455,2017-1,20170726,20170726,고시,
DOC-004878,LAW-KR-000006,재난관리정보통신체계 구축·운영사업 사전협의 지침,api,admin_rule,established_rule,,예규,nlic_admrul,norm:EstablishedRule,true,행정안전부,true,nlic_api_20260920f,DOC-000016,UNIT-0013490,,,2100000200277,155,20210305,20210305,예규,
DOC-004879,LAW-KR-000006,재난긴급대응단 운영규정,api,admin_rule,notice,,고시,nlic_admrul,norm:Notice,true,행정안전부,true,nlic_api_20260920f,DOC-000016,UNIT-0012264,,,2100000170849,2018-79,20181208,20181208,고시,
DOC-004880,LAW-KR-000006,재난문자방송 기준 및 운영규정,api,admin_rule,established_rule,,예규,nlic_admrul,norm:EstablishedRule,true,행정안전부,true,nlic_api_20260920f,DOC-000017,UNIT-0013877,,,2100000274384,361,20260204,20260204,예규,
DOC-004881,LAW-KR-000006,재난안전분야 전문교육 대행기관 지정·관리 등에 관한 고시,api,admin_rule,notice,,고시,nlic_admrul,norm:Notice,true,행정안전부,true,nlic_api_20260920f,DOC-000016,UNIT-0012591,,,2100000246750,2024-68,20240903,20240903,고시,
DOC-004882,LAW-KR-000006,재난안전의무보험 종합정보시스템 구축·운영 업무위탁 고시,api,admin_rule,notice,,고시,nlic_admrul,norm:Notice,true,행정안전부,true,nlic_api_20260920f,DOC-000016,UNIT-0013831,,,2100000212658,2022-49,20220701,20220701,고시,
DOC-004883,LAW-KR-000006,재난안전정보 공동이용 협의회 운영에 관한 규정,api,admin_rule,directive,,훈령,nlic_admrul,norm:Directive,true,행정안전부,true,nlic_api_20260920f,DOC-000016,UNIT-0013665,,,2100000229174,306,20230908,20230908,훈령,
DOC-004884,LAW-KR-000006,재난원인조사 실시 및 운영에 관한 규정,api,admin_rule,directive,,훈령,nlic_admrul,norm:Directive,true,행정안전부,true,nlic_api_20260920f,DOC-000016,UNIT-0013343,,,2100000279778,440,20260519,20260519,훈령,
DOC-004885,LAW-KR-000006,재난피해자등의 개인 및 위치정보 요청·제공·이용지침,api,admin_rule,notice,,고시,nlic_admrul,norm:Notice,true,행정안전부,true,nlic_api_20260920f,DOC-000016,UNIT-0013618,,,2100000268896,2025-67,20251127,20251127,고시,
DOC-004886,LAW-KR-000006,중소벤처기업부 소관 재난관리책임기관 지정 고시,api,admin_rule,notice,,고시,nlic_admrul,norm:Notice,true,중소벤처기업부,true,nlic_api_20260920f,DOC-000016,UNIT-0012504,,,2100000275936,2026-17,20260316,20260316,고시,
DOC-004887,LAW-KR-000006,중소벤처기업부 중앙사고수습본부 구성 및 운영 등에 관한 규정,api,admin_rule,directive,,훈령,nlic_admrul,norm:Directive,true,중소벤처기업부,true,nlic_api_20260920f,DOC-000016,UNIT-0012354,,,2100000247114,176,20240909,20240909,훈령,
DOC-004888,LAW-KR-000006,중앙방역대책본부 설치 및 운영에 관한 규정,api,admin_rule,directive,,훈령,nlic_admrul,norm:Directive,true,질병관리청,true,nlic_api_20260920f,DOC-000016,UNIT-0012354,,,2100000242802,81,20240614,20240614,훈령,
DOC-004889,LAW-KR-000006,중앙안전관리민관협력위원회 운영규정,api,admin_rule,directive,,훈령,nlic_admrul,norm:Directive,true,행정안전부,true,nlic_api_20260920f,DOC-000016,UNIT-0012253,,,2100000236520,343,20240219,20240219,훈령,
DOC-004890,LAW-KR-000006,중앙안전관리위원회 운영규정,api,admin_rule,directive,,국무총리훈령,nlic_admrul,norm:Directive,true,행정안전부,true,nlic_api_20260920f,DOC-000016,UNIT-0013473,,,2200000069878,00696,20171025,20171025,국무총리훈령,
DOC-004891,LAW-KR-000006,중앙재난안전대책본부 구성 및 운영 등에 관한 규정,api,admin_rule,directive,,대통령훈령,nlic_admrul,norm:Directive,true,행정안전부,true,nlic_api_20260920f,DOC-000017,UNIT-0013997,,,2200000082897,00472,20241021,20241021,대통령훈령,
DOC-004892,LAW-KR-000006,중앙재난안전대책본부 중앙재난피해합동조사단 운영규정,api,admin_rule,directive,,훈령,nlic_admrul,norm:Directive,true,행정안전부,true,nlic_api_20260920f,DOC-000017,UNIT-0013908,,,2100000224408,289,20230605,20230605,훈령,
DOC-004893,LAW-KR-000006,중앙재난안전상황실 운영 규정,api,admin_rule,established_rule,,예규,nlic_admrul,norm:EstablishedRule,true,행정안전부,true,nlic_api_20260920f,DOC-000016,UNIT-0012391,,,2100000230752,265,20231024,20231101,예규,
DOC-004894,LAW-KR-000006,중앙합동재난피해자지원센터 설치 및 운영 등에 관한 규정,api,admin_rule,directive,,훈령,nlic_admrul,norm:Directive,true,행정안전부,true,nlic_api_20260920f,DOC-000016,UNIT-0012337,,,2100000282572,451,20260722,20260722,훈령,
DOC-004895,LAW-KR-000006,지방자치단체 영상정보처리기기 통합관제센터 설치·운영에 관한 고시,api,admin_rule,notice,,고시,nlic_admrul,norm:Notice,true,행정안전부,true,nlic_api_20260920f,DOC-000016,UNIT-0013671,,,2100000278958,2026-31,20260511,20260511,고시,
DOC-004896,LAW-KR-000006,지진 재난문자방송 운영규정,api,admin_rule,directive,,훈령,nlic_admrul,norm:Directive,true,기상청,true,nlic_api_20260920f,DOC-000017,UNIT-0013877,,,2100000279886,1182,20260526,20260528,훈령,
DOC-004897,LAW-KR-000006,국가데이터처 중앙사고수습본부의 구성 및 운영 등에 관한 규정,api,admin_rule,directive,,훈령,nlic_admrul,norm:Directive,true,국가데이터처,true,nlic_api_20260920f,,,,,2100000271878,5,20251205,20251205,훈령,
DOC-004898,LAW-KR-000006,통일부 중앙사고수습본부의 구성 및 운영 등에 관한 규정,api,admin_rule,directive,,훈령,nlic_admrul,norm:Directive,true,통일부,true,nlic_api_20260920f,DOC-000016,UNIT-0012354,,,2100000260730,717,20250624,20250624,훈령,
DOC-004899,LAW-KR-000006,육상 항공기 수색·구조 계획,api,admin_rule,directive,,훈령,nlic_admrul,norm:Directive,true,소방청,true,nlic_api_20260920f,,,,,2100000263784,437,20250910,20250910,훈령,
DOC-004900,LAW-KR-000006,해양수산부 소관 재난관리책임기관 지정 고시,api,admin_rule,notice,,고시,nlic_admrul,norm:Notice,true,해양수산부,true,nlic_api_20260920f,DOC-000016,UNIT-0012504,,,2100000271312,2025-235,20251231,20251231,고시,
DOC-004901,LAW-KR-000006,해양수산부 중앙사고수습본부 구성 및 운영 등에 관한 규정,api,admin_rule,directive,,훈령,nlic_admrul,norm:Directive,true,해양수산부,true,nlic_api_20260920f,DOC-000016,UNIT-0012354,,,2100000271318,821,20251231,20251231,훈령,
DOC-004902,LAW-KR-000006,행정안전부 소관 재난관리책임기관 지정 고시,api,admin_rule,notice,,고시,nlic_admrul,norm:Notice,true,행정안전부,true,nlic_api_20260920f,DOC-000016,UNIT-0012504,,,2100000268330,2025-65,20251119,20251119,고시,
DOC-004903,LAW-KR-000006,행정안전부 중앙사고수습본부 구성 및 운영 등에 관한 규정,api,admin_rule,directive,,훈령,nlic_admrul,norm:Directive,true,행정안전부,true,nlic_api_20260920f,DOC-000016,UNIT-0012354,,,2100000253052,376,20250107,20250107,훈령,
DOC-004904,LAW-KR-000006,기후에너지환경부 소관 재난관리책임기관 지정 고시,api,admin_rule,notice,,고시,nlic_admrul,norm:Notice,true,기후에너지환경부,true,nlic_api_20260920f,,,,,2100000269034,2025-40,20251128,20251128,고시,
DOC-004905,LAW-KR-000006,환경부 중앙사고수습본부 구성 및 운영 등에 관한 규정,api,admin_rule,directive,,훈령,nlic_admrul,norm:Directive,true,기후에너지환경부,true,nlic_api_20260920f,DOC-000016,UNIT-0012354,,,2100000255560,1680,20250226,20250226,훈령,
DOC-004906,LAW-KR-000008,전기안전관리자의 직무에 관한 고시,api,admin_rule,notice,,고시,nlic_admrul,norm:Notice,true,기후에너지환경부,true,nlic_api_20260920f,DOC-000023,UNIT-0016382,,,2100000267862,2025-15,20251001,20251001,고시,
DOC-004907,LAW-KR-000118,공항시설 내진설계기준,api,admin_rule,notice,,고시,nlic_admrul,norm:Notice,true,국토교통부,true,nlic_api_20260920f,DOC-000325,UNIT-0126244,,,2100000174686,2018-944,20181231,20181231,고시,
DOC-004908,LAW-KR-000118,기초 내진 설계기준(KDS 11 50 25),api,admin_rule,notice,,고시,nlic_admrul,norm:Notice,true,국토교통부,true,nlic_api_20260920f,DOC-000325,UNIT-0126244,,,2100000174679,2018-841,20181227,20190102,고시,
DOC-004909,LAW-KR-000118,내진설계 일반(KDS 17 10 00),api,admin_rule,notice,,고시,nlic_admrul,norm:Notice,true,국토교통부,true,nlic_api_20260920f,DOC-000325,UNIT-0126244,,,2100000237514,2024-147,20240321,20240327,고시,
DOC-004910,LAW-KR-000118,단층정보의 구축 및 활용에 관한 규정,api,admin_rule,notice,,고시,nlic_admrul,norm:Notice,true,행정안전부,true,nlic_api_20260920f,DOC-000325,UNIT-0126339,,,2100000236818,2024-17,20240227,20240304,고시,
DOC-004911,LAW-KR-000118,도시철도 내진설계기준,api,admin_rule,notice,,고시,nlic_admrul,norm:Notice,true,국토교통부,true,nlic_api_20260920f,DOC-000325,UNIT-0126244,,,2100000175217,2018-1021,20181231,20190101,고시,
DOC-004912,LAW-KR-000118,민간소유 건축물의 내진성능 확인서 작성 세부기준,api,admin_rule,notice,,고시,nlic_admrul,norm:Notice,true,행정안전부,true,nlic_api_20260920f,DOC-000327,UNIT-0126825,,,2100000096475,2017-1,20170726,20170726,고시,
DOC-004913,LAW-KR-000118,재해지도 작성 기준 등에 관한 지침,api,admin_rule,notice,,고시,nlic_admrul,norm:Notice,true,행정안전부,true,nlic_api_20260920f,,,,,2100000240106,2024-35,20240514,20240514,고시,
DOC-004914,LAW-KR-000118,"종합병원, 병원, 요양병원 내진설계 기준",api,admin_rule,notice,,고시,nlic_admrul,norm:Notice,true,보건복지부,true,nlic_api_20260920f,DOC-000325,UNIT-0126244,,,2100000063352,2016-201,20161031,20161031,고시,
DOC-004915,LAW-KR-000118,중앙지진·화산재해원인조사단 구성 및 운영에 관한 규정,api,admin_rule,directive,,훈령,nlic_admrul,norm:Directive,true,행정안전부,true,nlic_api_20260920f,,,,,2100000179078,94,20190604,20190604,훈령,
DOC-004916,LAW-KR-000118,지진안전 시설물 인증기관 지정 고시,api,admin_rule,notice,,고시,nlic_admrul,norm:Notice,true,행정안전부,true,nlic_api_20260920f,DOC-000325,UNIT-0126279,,,2100000210892,2022-34,20220426,20220426,고시,
DOC-004917,LAW-KR-000118,폐기물매립시설 내진설계 기준 등에 관한 고시,api,admin_rule,notice,,고시,nlic_admrul,norm:Notice,true,기후에너지환경부,true,nlic_api_20260920f,DOC-000325,UNIT-0126244,,,2100000266610,2025-165,20251001,20251001,고시,
DOC-004918,LAW-KR-000118,학교시설 내진설계 기준 고시,api,admin_rule,notice,,고시,nlic_admrul,norm:Notice,true,교육부,true,nlic_api_20260920f,DOC-000325,UNIT-0126244,,,2100000188170,2020-223,20200401,20200401,고시,
DOC-004919,LAW-KR-000173,지하안전관리 업무위탁기관 등 지정에 관한 고시,api,admin_rule,notice,,고시,nlic_admrul,norm:Notice,true,국토교통부,true,nlic_api_20260920f,,,,,2100000217554,2022-896,20230101,20230101,고시,
DOC-004920,LAW-KR-000173,지하정보통합체계 위탁기관 지정 고시,api,admin_rule,notice,,고시,nlic_admrul,norm:Notice,true,국토교통부,true,nlic_api_20260920f,DOC-000491,UNIT-0201110,,,2100000239016,2023-136,20230313,20230410,고시,
DOC-004921,LAW-KR-000173,지하정보통합체계 협의체 운영규정,api,admin_rule,directive,,훈령,nlic_admrul,norm:Directive,true,국토교통부,true,nlic_api_20260920f,DOC-000491,UNIT-0201123,,,2100000282366,1967,20260708,20260708,훈령,
DOC-004922,LAW-KR-000021,철도보안검색장비 시험기관 지정 및 운영 등에 관한 규정,api,admin_rule,notice,,고시,nlic_admrul,norm:Notice,true,국토교통부,true,nlic_api_20260920f,DOC-000061,UNIT-0038434,,,2100000188667,2020-350,20200423,20200423,고시,
DOC-004923,LAW-KR-000021,철도보안검색장비 운영 및 유지관리 등에 관한 기준,api,admin_rule,notice,,고시,nlic_admrul,norm:Notice,true,국토교통부,true,nlic_api_20260920f,DOC-000061,UNIT-0038428,,,2100000180812,2019-409,20190801,20191024,고시,
DOC-004924,LAW-KR-000021,철도보호지구에서의 행위제한에 관한 업무지침,api,admin_rule,notice,,고시,nlic_admrul,norm:Notice,true,국토교통부,true,nlic_api_20260920f,DOC-000062,UNIT-0039031,,,2100000233406,2023-959,20231227,20231227,고시,
DOC-004925,LAW-KR-000021,철도안전관리 수준평가 시행지침,api,admin_rule,directive,,훈령,nlic_admrul,norm:Directive,true,국토교통부,true,nlic_api_20260920f,DOC-000063,UNIT-0040295,,,2100000253922,1848,20250203,20250804,훈령,
DOC-004926,LAW-KR-000021,철도안전전문기관 지정지침,api,admin_rule,notice,,고시,nlic_admrul,norm:Notice,true,국토교통부,true,nlic_api_20260920f,DOC-000062,UNIT-0039129,,,2100000174859,2018-884,20181227,20181227,고시,
DOC-004927,LAW-KR-000021,철도용품 기술기준,api,admin_rule,notice,,고시,nlic_admrul,norm:Notice,true,국토교통부,true,nlic_api_20260920f,,,,,2100000238044,2024-162,20240326,20240326,고시,
DOC-004928,LAW-KR-000021,철도종사자 음주 또는 약물사용 확인·검사 등에 관한 규정,api,admin_rule,directive,,훈령,nlic_admrul,norm:Directive,true,국토교통부,true,nlic_api_20260920f,,,,,2100000214057,1551,20220829,20220829,훈령,
DOC-004929,LAW-KR-000021,철도차량 운전면허시험 시행지침,api,admin_rule,notice,,고시,nlic_admrul,norm:Notice,true,국토교통부,true,nlic_api_20260920f,DOC-000063,UNIT-0039372,,,2100000284022,2026-447,20260825,20260825,고시,
DOC-004930,LAW-KR-000021,철도표준규격관리 시행지침,api,admin_rule,notice,,고시,nlic_admrul,norm:Notice,true,국토교통부,true,nlic_api_20260920f,DOC-000063,UNIT-0039914,,,2100000070905,2016-1009,20161226,20161226,고시,
DOC-004931,LAW-KR-000186,청소년수련시설 종합평가 운영규정,api,admin_rule,notice,,고시,nlic_admrul,norm:Notice,true,성평등가족부,true,nlic_api_20260920f,DOC-000528,UNIT-0215009,,,2100000284830,2026-35,20260907,20260907,고시,
DOC-004932,LAW-KR-000119,안전관리 취약 체육시설의 지정 고시,api,admin_rule,notice,,고시,nlic_admrul,norm:Notice,true,문화체육관광부,true,nlic_api_20260920f,,,,,2100000252932,2025-1,20250109,20250109,고시,
DOC-004933,LAW-KR-000119,체육시설업 회원증 확인자 지정,api,admin_rule,notice,,고시,nlic_admrul,norm:Notice,true,문화체육관광부,true,nlic_api_20260920f,DOC-000330,UNIT-0127339,,,2100000016564,2012-80,20120402,20120402,고시,
DOC-004934,LAW-KR-000175,개인하수처리시설의 재질검사기관 및 성능·재질검사의 수수료에 관한 규정,api,admin_rule,notice,,고시,nlic_admrul,norm:Notice,true,기후에너지환경부,true,nlic_api_20260920f,DOC-000498,UNIT-0204732,,,2100000267166,2025-165,20251001,20251001,고시,
DOC-004935,LAW-KR-000175,건축물의 용도별 오수발생량 및 정화조 처리대상인원 산정방법,api,admin_rule,notice,,고시,nlic_admrul,norm:Notice,true,기후에너지환경부,true,nlic_api_20260920f,DOC-000496,UNIT-0203539,,,2100000267136,2025-165,20251001,20251001,고시,
DOC-004936,LAW-KR-000175,금강하류 단위유역 방류수수질기준 강화지역(시설) 고시,api,admin_rule,notice,,고시,nlic_admrul,norm:Notice,true,금강유역환경청,true,nlic_api_20260920f,DOC-000498,UNIT-0204564,,,2100000182739,2019-15,20191002,20191002,고시,
DOC-004937,LAW-KR-000175,금호강 단위유역 방류수 수질기준 강화지역(시설),api,admin_rule,notice,,고시,nlic_admrul,norm:Notice,true,대구지방환경청,true,nlic_api_20260920f,,,,,2100000244540,2024-6,20240718,20250101,고시,
DOC-004938,LAW-KR-000175,남한강하류 단위유역 공공하수처리시설 방류수 수질기준 강화지역 및 대상시설,api,admin_rule,notice,,고시,nlic_admrul,norm:Notice,true,원주지방환경청,true,nlic_api_20260920f,DOC-000498,UNIT-0204564,,,2100000168974,2018-38,20181130,20220101,고시,
DOC-004939,LAW-KR-000175,대청댐 단위유역 방류수수질기준 강화지역(시설) 고시,api,admin_rule,notice,,고시,nlic_admrul,norm:Notice,true,금강유역환경청,true,nlic_api_20260920f,DOC-000498,UNIT-0204564,,,2100000100554,2017-2,20170227,20210101,고시,
DOC-004940,LAW-KR-000175,동부경남 단위유역 공공하수처리시설 방류수수질기준 강화지역(시설) 고시,api,admin_rule,notice,,고시,nlic_admrul,norm:Notice,true,낙동강유역환경청,true,nlic_api_20260920f,,,,,2100000208257,2021-8,20210824,20210901,고시,
DOC-004941,LAW-KR-000175,동해남부 단위유역 경주시 공공하수처리시설 방류수수질기준 강화 고시,api,admin_rule,notice,,고시,nlic_admrul,norm:Notice,true,대구지방환경청,true,nlic_api_20260920f,DOC-000498,UNIT-0204564,,,2100000185940,2020-1,20200110,20200110,고시,
DOC-004942,LAW-KR-000175,동해남부 단위유역(울산광역시) 공공하수처리시설 방류수수질기준 강화지역(시설) 고시,api,admin_rule,notice,,고시,nlic_admrul,norm:Notice,true,낙동강유역환경청,true,nlic_api_20260920f,,,,,2100000185908,2020-1,20200110,20200110,고시,
DOC-004943,LAW-KR-000175,미호천 단위유역 방류수수질기준 강화지역(시설) 고시,api,admin_rule,notice,,고시,nlic_admrul,norm:Notice,true,금강유역환경청,true,nlic_api_20260920f,DOC-000498,UNIT-0204564,,,2100000182740,2019-16,20191002,20191002,고시,
DOC-004944,LAW-KR-000175,북한강하류 단위유역 공공하수처리시설 방류수 수질기준 강화지역 및 대상시설,api,admin_rule,notice,,고시,nlic_admrul,norm:Notice,true,한강유역환경청,true,nlic_api_20260920f,DOC-000498,UNIT-0204564,,,2100000175896,2019-2,20190130,20210101,고시,
DOC-004945,LAW-KR-000175,삽교천 단위유역 방류수수질기준 강화지역(시설) 고시,api,admin_rule,notice,,고시,nlic_admrul,norm:Notice,true,금강유역환경청,true,nlic_api_20260920f,DOC-000498,UNIT-0204564,,,2100000182738,2019-14,20191002,20191002,고시,
DOC-004946,LAW-KR-000175,새만금 단위유역 공공하수처리시설 방류수 수질기준 강화지역,api,admin_rule,notice,,고시,nlic_admrul,norm:Notice,true,전북지방환경청,true,nlic_api_20260920f,DOC-000498,UNIT-0204564,,,2100000187263,2019-2,20191217,20200101,고시,
DOC-004947,LAW-KR-000175,서부경남 단위유역 공공하수처리시설 방류수수질기준 강화지역(시설) 고시,api,admin_rule,notice,,고시,nlic_admrul,norm:Notice,true,낙동강유역환경청,true,nlic_api_20260920f,,,,,2100000196722,2020-19,20201230,20210101,고시,
DOC-004948,LAW-KR-000175,안성천 단위유역 방류수 수질기준 강화지역(시설),api,admin_rule,notice,,고시,nlic_admrul,norm:Notice,true,한강유역환경청,true,nlic_api_20260920f,DOC-000498,UNIT-0204564,,,2100000256878,2015-18,20151229,20210101,고시,
DOC-004949,LAW-KR-000175,안성천 단위유역 방류수 수질기준 강화지역(시설)(Ⅱ),api,admin_rule,notice,,고시,nlic_admrul,norm:Notice,true,한강유역환경청,true,nlic_api_20260920f,DOC-000498,UNIT-0204564,,,2100000256880,2021-3,20210128,20250101,고시,
DOC-004950,LAW-KR-000175,영산강상류 단위유역 공공하수처리시설 방류수수질기준 강화지역(시설),api,admin_rule,notice,,고시,nlic_admrul,norm:Notice,true,영산강유역환경청,true,nlic_api_20260920f,,,,,2100000207501,2021-21,20211229,20211229,고시,
DOC-004951,LAW-KR-000175,유역하수도정비계획 세부 단위유역,api,admin_rule,notice,,고시,nlic_admrul,norm:Notice,true,기후에너지환경부,true,nlic_api_20260920f,DOC-000498,UNIT-0204433,,,2100000246372,2024-168,20240822,20240822,고시,
DOC-004952,LAW-KR-000175,유역하수도지원센터의 설립 및 운영 등에 관한 규정,api,admin_rule,notice,,고시,nlic_admrul,norm:Notice,true,기후에너지환경부,true,nlic_api_20260920f,,,,,2100000278054,2023-96,20230530,20230530,고시,
DOC-004953,LAW-KR-000175,임진강 단위유역 공공하수처리시설 방류수 수질기준 강화지역 및 대상시설,api,admin_rule,notice,,고시,nlic_admrul,norm:Notice,true,한강유역환경청,true,nlic_api_20260920f,DOC-000498,UNIT-0204564,,,2100000175897,2019-3,20190130,20210101,고시,
DOC-004954,LAW-KR-000175,팔당댐상류 단위유역 방류수수질기준 강화지역(시설),api,admin_rule,notice,,고시,nlic_admrul,norm:Notice,true,한강유역환경청,true,nlic_api_20260920f,DOC-000498,UNIT-0204564,,,2100000100350,2016-14,20161018,20210101,고시,
DOC-004955,LAW-KR-000175,한강본류 단위유역 방류수수질기준 강화지역(시설) 고시,api,admin_rule,notice,,고시,nlic_admrul,norm:Notice,true,한강유역환경청,true,nlic_api_20260920f,DOC-000498,UNIT-0204564,,,2100000222706,2022-192,20221012,20221012,고시,
DOC-004956,LAW-KR-000138,다기능보 및 아라천·굴포천 운영·유지관리 수탁기관 및 수탁업무 지정,api,admin_rule,notice,,고시,nlic_admrul,norm:Notice,true,기후에너지환경부,true,nlic_api_20260920f,DOC-000386,UNIT-0161647,,,2100000209075,2022-37,20220216,20220216,고시,
DOC-004957,LAW-KR-000138,하천관리에 필요한 하천시설(변경) 고시,api,admin_rule,notice,,고시,nlic_admrul,norm:Notice,true,기후에너지환경부,true,nlic_api_20260920f,DOC-000386,UNIT-0161690,,,2100000282040,2012-471,20120807,20120807,고시,
DOC-004958,LAW-KR-000134,무역항내 어항구(분구) 설정 고시,api,admin_rule,notice,,고시,nlic_admrul,norm:Notice,true,동해지방해양수산청,true,nlic_api_20260920f,DOC-000374,UNIT-0156493,,,2200000040535,2015-19,20150303,20150303,고시,
DOC-004959,LAW-KR-000134,중앙항만정책심의회 운영규정,api,admin_rule,directive,,훈령,nlic_admrul,norm:Directive,true,해양수산부,true,nlic_api_20260920f,DOC-000374,UNIT-0156857,,,2100000245450,761,20240801,20240801,훈령,
DOC-004960,LAW-KR-000134,항만재개발 사업시행자 지정,api,admin_rule,notice,,고시,nlic_admrul,norm:Notice,true,해양수산부,true,nlic_api_20260920f,DOC-000373,UNIT-0155956,,,2200000028641,2015-25,20150309,20150309,고시,
DOC-004961,LAW-KR-000134,해양수산 건설공사의 신기술 활용 업무처리지침,api,admin_rule,directive,,훈령,nlic_admrul,norm:Directive,true,해양수산부,true,nlic_api_20260920f,DOC-000375,UNIT-0157204,,,2100000234410,734,20240102,20240102,훈령,
DOC-004962,LAW-KR-000161,화재안전영향평가 운영절차 등에 관한 규정,api,admin_rule,established_rule,,예규,nlic_admrul,norm:EstablishedRule,true,소방청,true,nlic_api_20260920f,DOC-000455,UNIT-0192088,,,2100000221722,80,20230411,20230411,예규,
DOC-004963,LAW-KR-000161,화재안전조사에 관한 세부운영규정,api,admin_rule,directive,,훈령,nlic_admrul,norm:Directive,true,소방청,true,nlic_api_20260920f,DOC-000455,UNIT-0192345,,,2100000216369,284,20221201,20221201,훈령,
DOC-004964,LAW-KR-000161,화재안전취약자에 대한 지원의 방법 및 절차에 관한 규정,api,admin_rule,directive,,훈령,nlic_admrul,norm:Directive,true,소방청,true,nlic_api_20260920f,DOC-000455,UNIT-0192130,,,2100000242212,327,20240607,20240607,훈령,
DOC-004965,LAW-KR-000161,화재예방 및 안전관리 실태조사의 방법 및 절차에 관한 규정,api,admin_rule,established_rule,,예규,nlic_admrul,norm:EstablishedRule,true,소방청,true,nlic_api_20260920f,DOC-000456,UNIT-0192444,,,2100000224708,86,20230619,20230619,예규,
DOC-004966,LAW-KR-000004,유해화학물질 안전교육 전문기관 지정 및 운영 등에 관한 규정,api,admin_rule,notice,,고시,nlic_admrul,norm:Notice,true,화학물질안전원,true,nlic_api_20260920f,DOC-000011,UNIT-0008043,,,2100000260474,2025-9,20250618,20250618,고시,
DOC-004967,LAW-KR-000004,유해화학물질 안전교육 전문기관의 지정,api,admin_rule,notice,,고시,nlic_admrul,norm:Notice,true,화학물질안전원,true,nlic_api_20260920f,DOC-000011,UNIT-0008036,,,2100000270892,2025-31,20251229,20260101,고시,
DOC-004968,LAW-KR-000004,유해화학물질 취급시설 검사기관 관리 등에 관한 규정,api,admin_rule,directive,,훈령,nlic_admrul,norm:Directive,true,기후에너지환경부,true,nlic_api_20260920f,DOC-000011,UNIT-0007822,,,2100000267514,3,20251112,20251112,훈령,
DOC-004969,LAW-KR-000004,유해화학물질의 규정수량에 관한 규정,api,admin_rule,notice,,고시,nlic_admrul,norm:Notice,true,화학물질안전원,true,nlic_api_20260920f,DOC-000011,UNIT-0007715,,,2100000278502,2026-4,20260506,20260506,고시,
DOC-004970,LAW-KR-000004,유해화학물질의 영업허가 등에 관한 규정,api,admin_rule,notice,,고시,nlic_admrul,norm:Notice,true,기후에너지환경부,true,nlic_api_20260920f,DOC-000010,UNIT-0007379,,,2100000278914,2026-113,20260511,20260511,고시,
DOC-004971,LAW-KR-000004,화학물질 자료 등의 보호에 관한 규정,api,admin_rule,notice,,고시,nlic_admrul,norm:Notice,true,기후에너지환경부,true,nlic_api_20260920f,DOC-000010,UNIT-0007444,,,2100000266504,2025-165,20251001,20251007,고시,
DOC-004972,LAW-KR-000004,화학물질 종합정보시스템 협의체 운영규정,api,admin_rule,established_rule,,예규,nlic_admrul,norm:EstablishedRule,true,화학물질안전원,true,nlic_api_20260920f,,,,,2100000208332,101,20220112,20220112,예규,
DOC-004973,LAW-KR-000004,화학물질 통계조사에 관한 규정,api,admin_rule,notice,,고시,nlic_admrul,norm:Notice,true,기후에너지환경부,true,nlic_api_20260920f,DOC-000011,UNIT-0008095,,,2100000266554,2025-165,20251001,20251001,고시,
DOC-004974,LAW-KR-000004,화학물질관리위원회 운영규정,api,admin_rule,directive,,훈령,nlic_admrul,norm:Directive,true,기후에너지환경부,true,nlic_api_20260920f,DOC-000010,UNIT-0007545,,,2100000268022,4,20251105,20251111,훈령,
DOC-004975,LAW-KR-000004,화학물질정보공개심의위원회 구성 및 운영에 관한 규정,api,admin_rule,established_rule,,예규,nlic_admrul,norm:EstablishedRule,true,화학물질안전원,true,nlic_api_20260920f,DOC-000011,UNIT-0008332,,,2100000205902,99,20211105,20211105,예규,
DOC-004976,LAW-KR-000004,화학물질확인 제외기준,api,admin_rule,notice,,고시,nlic_admrul,norm:Notice,true,기후에너지환경부,true,nlic_api_20260920f,DOC-000009,UNIT-0007350,,,2100000269070,2025-39,20251202,20251202,고시,
DOC-004977,LAW-KR-000004,화학사고 조사단 구성ㆍ운영 및 영향조사에 관한 지침,api,admin_rule,directive,,훈령,nlic_admrul,norm:Directive,true,기후에너지환경부,true,nlic_api_20260920f,DOC-000010,UNIT-0007414,,,2100000284618,55,20260902,20260902,훈령,
DOC-004978,LAW-KR-000227,국민 안전교육 진흥 기본법,api,statutory,act,2,,api,norm:Act,true,행정안전부,true,nlic_api_20260920t,,,,,213521,16878,20200129,20200129,법률,
DOC-004979,LAW-KR-000227,국민 안전교육 진흥 기본법 시행령,api,statutory,presidential_decree,3,,api,norm:PresidentialDecree,true,행정안전부,true,nlic_api_20260920t,,,,,268199,35199,20250114,20250114,시행령,
DOC-004980,LAW-KR-000227,국민 안전교육 진흥 기본법 시행규칙,api,statutory,ministerial_ordinance,4,,api,norm:EnforcementRule,true,행정안전부,true,nlic_api_20260920t,,,,,196204,00001,20170726,20170726,시행규칙,
DOC-004981,LAW-KR-000227,안전교육기관 지정 세부기준 고시,api,admin_rule,notice,,고시,nlic_admrul,norm:Notice,true,행정안전부,true,nlic_api_20260920c,,,,,2100000247372,2024-76,20240920,20240920,고시,
DOC-004982,LAW-KR-000228,노인ㆍ장애인 등 사회복지시설의 급식안전 지원에 관한 법률,api,statutory,act,2,,api,norm:Act,true,식품의약품안전처,true,nlic_api_20260920t,,,,,253665,19622,20230808,20240209,법률,
DOC-004983,LAW-KR-000228,노인ㆍ장애인 등 사회복지시설의 급식안전 지원에 관한 법률 시행령,api,statutory,presidential_decree,3,,api,norm:PresidentialDecree,true,식품의약품안전처,true,nlic_api_20260920t,,,,,260757,34260,20240227,20240227,시행령,
DOC-004984,LAW-KR-000228,노인ㆍ장애인 등 사회복지시설의 급식안전 지원에 관한 법률 시행규칙,api,statutory,ministerial_ordinance,4,,api,norm:EnforcementRule,true,식품의약품안전처,true,nlic_api_20260920t,,,,,244041,01821,20220728,20220728,시행규칙,
DOC-004985,LAW-KR-000228,어린이급식관리지원센터와 사회복지급식관리지원센터의 업무 위탁 및 운영규정,api,admin_rule,notice,,고시,nlic_admrul,norm:Notice,true,식품의약품안전처,true,nlic_api_20260920c,,,,,2100000218064,2022-82,20221125,20221125,고시,
DOC-004986,LAW-KR-000229,보행안전 및 편의증진에 관한 법률,api,statutory,act,2,,api,norm:Act,true,행정안전부,true,nlic_api_20260920t,,,,,248781,19234,20230314,20230915,법률,
DOC-004987,LAW-KR-000229,보행안전 및 편의증진에 관한 법률 시행령,api,statutory,presidential_decree,3,,api,norm:PresidentialDecree,true,행정안전부,true,nlic_api_20260920t,,,,,281521,35948,20251230,20260102,시행령,
DOC-004988,LAW-KR-000229,보행안전 및 편의증진에 관한 법률 시행규칙,api,statutory,ministerial_ordinance,4,,api,norm:EnforcementRule,true,행정안전부,true,nlic_api_20260920t,,,,,243865,00344,20220712,20220712,시행규칙,
DOC-004989,LAW-KR-000230,소규모 공공시설 안전관리 등에 관한 법률,api,statutory,act,2,,api,norm:Act,true,행정안전부,true,nlic_api_20260920t,,,,,254811,19702,20230914,20240915,법률,
DOC-004990,LAW-KR-000230,소규모 공공시설 안전관리 등에 관한 법률 시행령,api,statutory,presidential_decree,3,,api,norm:PresidentialDecree,true,행정안전부,true,nlic_api_20260920t,,,,,222685,31137,20201103,20201210,시행령,
DOC-004991,LAW-KR-000230,소규모 공공시설 안전관리 등에 관한 법률 시행규칙,api,statutory,ministerial_ordinance,4,,api,norm:EnforcementRule,true,행정안전부,true,nlic_api_20260920t,,,,,196210,00001,20170726,20170726,시행규칙,
DOC-004992,LAW-KR-000230,소규모 공공시설 유지관리기준,api,admin_rule,notice,,고시,nlic_admrul,norm:Notice,true,행정안전부,true,nlic_api_20260920c,,,,,2100000182213,2019-76,20190911,20190917,고시,
DOC-004993,LAW-KR-000230,소규모 공공시설의 범위,api,admin_rule,notice,,고시,nlic_admrul,norm:Notice,true,행정안전부,true,nlic_api_20260920c,,,,,2100000182212,2019-75,20190911,20190917,고시,
DOC-004994,LAW-KR-000231,식품안전기본법,api,statutory,act,2,,api,norm:Act,true,식품의약품안전처,true,nlic_api_20260920t,,,,,269927,20827,20250318,20260319,법률,
DOC-004995,LAW-KR-000231,식품안전기본법 시행령,api,statutory,presidential_decree,3,,api,norm:PresidentialDecree,true,식품의약품안전처,true,nlic_api_20260920t,,,,,283505,36122,20260219,20260319,시행령,
DOC-004996,LAW-KR-000231,통합식품안전정보망 운영협의회 규정,api,admin_rule,directive,,훈령,nlic_admrul,norm:Directive,true,식품의약품안전처,true,nlic_api_20260920c,,,,,2100000185292,158,20191231,20191231,훈령,
DOC-004997,LAW-KR-000232,어린이 식생활안전관리 특별법,api,statutory,act,2,,api,norm:Act,true,식품의약품안전처,true,nlic_api_20260920t,,,,,253663,19622,20230808,20230808,법률,
DOC-004998,LAW-KR-000232,어린이 식생활안전관리 특별법 시행령,api,statutory,presidential_decree,3,,api,norm:PresidentialDecree,true,식품의약품안전처,true,nlic_api_20260920t,,,,,285791,36292,20260506,20260512,시행령,
DOC-004999,LAW-KR-000232,어린이 식생활안전관리 특별법 시행규칙,api,statutory,ministerial_ordinance,4,,api,norm:EnforcementRule,true,식품의약품안전처,true,nlic_api_20260920t,,,,,260865,01939,20240226,20240226,시행규칙,
DOC-005000,LAW-KR-000232,고열량·저영양 식품 영양성분 기준,api,admin_rule,notice,,고시,nlic_admrul,norm:Notice,true,식품의약품안전처,true,nlic_api_20260920c,,,,,2100000229586,2023-59,20230918,20230918,고시,
DOC-005001,LAW-KR-000232,광고 제한 및 금지 대상 고열량·저영양 식품과 고카페인 함유 식품,api,admin_rule,notice,,고시,nlic_admrul,norm:Notice,true,식품의약품안전처,true,nlic_api_20260920c,,,,,2100000180014,2019-24,20190322,20190322,고시,
DOC-005002,LAW-KR-000232,어린이 기호식품 등의 알레르기 유발 식품 표시기준 및 방법,api,admin_rule,notice,,고시,nlic_admrul,norm:Notice,true,식품의약품안전처,true,nlic_api_20260920c,,,,,2100000183534,2019-99,20191028,20191028,고시,
DOC-005003,LAW-KR-000232,어린이 기호식품 등의 영양성분과 고카페인 함유 식품 표시기준 및 방법에 관한 규정,api,admin_rule,notice,,고시,nlic_admrul,norm:Notice,true,식품의약품안전처,true,nlic_api_20260920c,,,,,2100000232800,2023-77,20231215,20231215,고시,
DOC-005004,LAW-KR-000232,어린이 기호식품 전담 관리원 운영 규정,api,admin_rule,notice,,고시,nlic_admrul,norm:Notice,true,식품의약품안전처,true,nlic_api_20260920c,,,,,2100000215507,2022-78,20221031,20221031,고시,
DOC-005005,LAW-KR-000232,어린이 기호식품 품질인증기준,api,admin_rule,notice,,고시,nlic_admrul,norm:Notice,true,식품의약품안전처,true,nlic_api_20260920c,,,,,2100000283980,2026-61,20260814,20260814,고시,
DOC-005006,LAW-KR-000232,어린이 식생활 안전지수 조사에 관한 업무 위탁 고시,api,admin_rule,notice,,고시,nlic_admrul,norm:Notice,true,식품의약품안전처,true,nlic_api_20260920c,,,,,2100000275284,2026-16,20260227,20260227,고시,
DOC-005007,LAW-KR-000232,어린이 식생활 안전지수의 조사 항목 및 방법 등의 기준,api,admin_rule,notice,,고시,nlic_admrul,norm:Notice,true,식품의약품안전처,true,nlic_api_20260920c,,,,,2100000142589,2018-56,20180801,20180801,고시,
DOC-005008,LAW-KR-000232,정서저해 식품 등의 판매 등 금지에 관한 규정,api,admin_rule,notice,,고시,nlic_admrul,norm:Notice,true,식품의약품안전처,true,nlic_api_20260920c,,,,,2100000000934,2014-38,20140212,20140212,고시,
DOC-005009,LAW-KR-000233,의료사고 피해구제 및 의료분쟁 조정 등에 관한 법률,api,statutory,act,2,,api,norm:Act,true,보건복지부,true,nlic_api_20260920t,,,,,265473,20445,20240920,20250621,법률,
DOC-005010,LAW-KR-000233,의료사고 피해구제 및 의료분쟁 조정 등에 관한 법률 시행령,api,statutory,presidential_decree,3,,api,norm:PresidentialDecree,true,보건복지부,true,nlic_api_20260920t,,,,,288791,36585,20260818,20260818,시행령,
DOC-005011,LAW-KR-000233,의료사고 피해구제 및 의료분쟁 조정 등에 관한 법률 시행규칙,api,statutory,ministerial_ordinance,4,,api,norm:EnforcementRule,true,보건복지부,true,nlic_api_20260920t,,,,,270275,01102,20250321,20250321,시행규칙,
DOC-005012,LAW-KR-000233,불가항력 의료사고 보상금 지급 등에 관한 고시,api,admin_rule,notice,,고시,nlic_admrul,norm:Notice,true,보건복지부,true,nlic_api_20260920c,,,,,2100000284060,2026-172,20260818,20260818,고시,
DOC-005013,LAW-KR-000234,재난관리자원의 관리 등에 관한 법률,api,statutory,act,2,,api,norm:Act,true,행정안전부,true,nlic_api_20260920t,,,,,276325,21065,20251001,20251001,법률,
DOC-005014,LAW-KR-000234,재난관리자원의 관리 등에 관한 법률 시행령,api,statutory,presidential_decree,3,,api,norm:PresidentialDecree,true,행정안전부,true,nlic_api_20260920t,,,,,258451,34111,20240109,20240118,시행령,
DOC-005015,LAW-KR-000234,재난관리자원의 관리 등에 관한 법률 시행규칙,api,statutory,ministerial_ordinance,4,,api,norm:EnforcementRule,true,행정안전부,true,nlic_api_20260920t,,,,,259023,00454,20240117,20240118,시행규칙,
DOC-005016,LAW-KR-000234,국가재난관리지원기업 및 국가재난관리물류기업 지정 공모 운영 지침,api,admin_rule,notice,,고시,nlic_admrul,norm:Notice,true,행정안전부,true,nlic_api_20260920c,,,,,2100000284828,2026-55,20260831,20260831,고시,
DOC-005017,LAW-KR-000234,재난관리자원의 관리 기준,api,admin_rule,established_rule,,예규,nlic_admrul,norm:EstablishedRule,true,행정안전부,true,nlic_api_20260920c,,,,,2100000253088,315,20250109,20250109,예규,
DOC-005018,LAW-KR-000234,재난관리자원의 분류기준 등에 관한 고시,api,admin_rule,notice,,고시,nlic_admrul,norm:Notice,true,행정안전부,true,nlic_api_20260920c,,,,,2100000238518,2024-24,20240329,20240329,고시,
DOC-005019,LAW-KR-000235,정신건강증진 및 정신질환자 복지서비스 지원에 관한 법률,api,statutory,act,2,,api,norm:Act,true,보건복지부,true,nlic_api_20260920t,,,,,279761,21117,20251111,20260212,법률,
DOC-005020,LAW-KR-000235,정신건강증진 및 정신질환자 복지서비스 지원에 관한 법률 시행령,api,statutory,presidential_decree,3,,api,norm:PresidentialDecree,true,보건복지부,true,nlic_api_20260920t,,,,,287177,36423,20260623,20260701,시행령,
DOC-005021,LAW-KR-000235,정신건강증진 및 정신질환자 복지서비스 지원에 관한 법률 시행규칙,api,statutory,ministerial_ordinance,4,,api,norm:EnforcementRule,true,보건복지부,true,nlic_api_20260920t,,,,,285743,01172,20260423,20260423,시행규칙,
DOC-005022,LAW-KR-000235,보호의무자 의무를 이행할 수 없는 사유에 관한 고시,api,admin_rule,notice,,고시,nlic_admrul,norm:Notice,true,보건복지부,true,nlic_api_20260920c,,,,,2100000202761,2021-2,20210105,20210105,고시,
DOC-005023,LAW-KR-000235,입원적합성심사위원회 운영 규정,api,admin_rule,directive,,훈령,nlic_admrul,norm:Directive,true,보건복지부,true,nlic_api_20260920c,,,,,2100000276492,68,20260330,20260330,훈령,
DOC-005024,LAW-KR-000235,입원적합성심사위원회 조사원에 관한 고시,api,admin_rule,notice,,고시,nlic_admrul,norm:Notice,true,보건복지부,true,nlic_api_20260920c,,,,,2100000202762,2021-2,20210105,20210105,고시,
DOC-005025,LAW-KR-000235,정신건강전문요원의 수련 및 보수교육 등에 관한 규정,api,admin_rule,notice,,고시,nlic_admrul,norm:Notice,true,보건복지부,true,nlic_api_20260920c,,,,,2100000250082,2024-238,20241126,20250102,고시,
DOC-005026,LAW-KR-000235,정신의료기관의규모제한에관한고시,api,admin_rule,notice,,고시,nlic_admrul,norm:Notice,true,보건복지부,true,nlic_api_20260920c,,,,,2100000197199,2021-2,20210105,20210105,고시,
DOC-005027,LAW-KR-000236,국민보호와 공공안전을 위한 테러방지법,api,statutory,act,2,,api,norm:Act,true,국가정보원,true,nlic_api_20260920t,,,,,253319,19580,20230808,20240209,법률,
DOC-005028,LAW-KR-000236,국민보호와 공공안전을 위한 테러방지법 시행령,api,statutory,presidential_decree,3,,api,norm:PresidentialDecree,true,국가정보원,true,nlic_api_20260920t,,,,,288333,36526,20260728,20260731,시행령,
DOC-005029,LAW-KR-000236,국민보호와 공공안전을 위한 테러방지법 시행규칙,api,statutory,ministerial_ordinance,4,,api,norm:EnforcementRule,true,국가정보원,true,nlic_api_20260920t,,,,,272963,02040,20250729,20250729,시행규칙,
DOC-005030,LAW-KR-000236,국가테러대책위원회 및 테러대책실무위원회 운영규정,api,admin_rule,directive,,훈령,nlic_admrul,norm:Directive,true,국무조정실,true,nlic_api_20260920c,,,,,2100000094379,107,20170823,20170823,훈령,
DOC-005031,LAW-KR-000236,테러피해자 특별위로금 지급 운영지침,api,admin_rule,established_rule,,예규,nlic_admrul,norm:EstablishedRule,true,국무조정실,true,nlic_api_20260920c,,,,,2100000263296,29,20250827,20250827,예규,
DOC-005032,LAW-KR-000236,테러피해자 피해지원금 지급 운영지침,api,admin_rule,established_rule,,예규,nlic_admrul,norm:EstablishedRule,true,국무조정실,true,nlic_api_20260920c,,,,,2100000263294,28,20250827,20250827,예규,
DOC-005033,LAW-KR-000237,재해위험 개선사업 및 이주대책에 관한 특별법,api,statutory,act,2,,api,norm:Act,true,행정안전부,true,nlic_api_20260920t,,,,,276327,21065,20251001,20251001,법률,
DOC-005034,LAW-KR-000237,재해위험 개선사업 및 이주대책에 관한 특별법 시행령,api,statutory,presidential_decree,3,,api,norm:PresidentialDecree,true,행정안전부,true,nlic_api_20260920t,,,,,277755,35811,20251001,20251001,시행령,
DOC-005035,LAW-KR-000237,재해위험 개선사업 및 이주대책에 관한 특별법 시행규칙,api,statutory,ministerial_ordinance,4,,api,norm:EnforcementRule,true,행정안전부,true,nlic_api_20260920t,,,,,228725,00235,20210112,20210112,시행규칙,
DOC-005036,LAW-KR-000238,공무원 재해보상법,api,statutory,act,2,,api,norm:Act,true,인사혁신처,true,nlic_api_20260920t,,,,,283709,21417,20260227,20270228,법률,
DOC-005037,LAW-KR-000238,공무원 재해보상법 시행령,api,statutory,presidential_decree,3,,api,norm:PresidentialDecree,true,인사혁신처,true,nlic_api_20260920t,,,,,286319,36359,20260526,20260528,시행령,
DOC-005038,LAW-KR-000238,공무원 재해보상법 시행규칙,api,statutory,ministerial_ordinance,4,,api,norm:EnforcementRule,true,인사혁신처,true,nlic_api_20260920t,,,,,270211,02028,20250320,20250320,시행규칙,
DOC-005039,LAW-KR-000238,공무상 질병 판정기준,api,admin_rule,established_rule,,예규,nlic_admrul,norm:EstablishedRule,true,인사혁신처,true,nlic_api_20260920d1,,,,,2100000240340,181,20240507,20240507,예규,
DOC-005040,LAW-KR-000238,특수요양급여비용 산정기준,api,admin_rule,notice,,고시,nlic_admrul,norm:Notice,true,인사혁신처,true,nlic_api_20260920d1,,,,,2100000256886,2025-3,20250325,20250325,고시,
DOC-005041,LAW-KR-000238,"재활급여(재활운동비, 심리상담비) 상한금액 고시",api,admin_rule,notice,,고시,nlic_admrul,norm:Notice,true,인사혁신처,true,nlic_api_20260920d1,,,,,2100000157349,2018-7,20180921,20180921,고시,
DOC-005042,LAW-KR-000239,국민체육진흥법,api,statutory,act,2,,api,norm:Act,true,문화체육관광부,true,nlic_api_20260920t,,,,,286627,21742,20260602,20260602,법률,
DOC-005043,LAW-KR-000239,국민체육진흥법 시행령,api,statutory,presidential_decree,3,,api,norm:PresidentialDecree,true,문화체육관광부,true,nlic_api_20260920t,,,,,288987,36616,20260825,20260828,시행령,
DOC-005044,LAW-KR-000239,국민체육진흥법 시행규칙,api,statutory,ministerial_ordinance,4,,api,norm:EnforcementRule,true,문화체육관광부,true,nlic_api_20260920t,,,,,286043,00635,20260512,20260512,시행규칙,
DOC-005045,LAW-KR-000239,2022년 우수체육용구 생산업체 지정·고시(4차),api,admin_rule,notice,,고시,nlic_admrul,norm:Notice,true,문화체육관광부,true,nlic_api_20260920d1,,,,,2100000219254,2022-57,20230101,20230101,고시,
DOC-005046,LAW-KR-000239,국민체육진흥계정 사업 집행 및 성과관리 지침,api,admin_rule,directive,,훈령,nlic_admrul,norm:Directive,true,문화체육관광부,true,nlic_api_20260920d1,,,,,2100000251974,539,20250101,20250101,훈령,
DOC-005047,LAW-KR-000239,국민체육진흥기금 융자 대상 업종 추가 지정 고시,api,admin_rule,notice,,고시,nlic_admrul,norm:Notice,true,문화체육관광부,true,nlic_api_20260920d1,,,,,2100000196750,2021-2,20210105,20210105,고시,
DOC-005048,LAW-KR-000239,금지목록,api,admin_rule,notice,,고시,nlic_admrul,norm:Notice,true,문화체육관광부,true,nlic_api_20260920d1,,,,,2100000270062,2025-67,20260101,20260101,고시,
DOC-005049,LAW-KR-000239,긴급히 개수·보수가 필요한 체육시설 기준,api,admin_rule,notice,,고시,nlic_admrul,norm:Notice,true,문화체육관광부,true,nlic_api_20260920d1,,,,,2100000005005,2014-31,20140901,20140901,고시,
DOC-005050,LAW-KR-000239,도핑 행위,api,admin_rule,notice,,고시,nlic_admrul,norm:Notice,true,문화체육관광부,true,nlic_api_20260920d1,,,,,2100000278056,2026-17,20260512,20260512,고시,
DOC-005051,LAW-KR-000239,생활체육 활동 및 체력인증을 위한 인증기관의 지정 기준,api,admin_rule,notice,,고시,nlic_admrul,norm:Notice,true,문화체육관광부,true,nlic_api_20260920d1,,,,,2100000279414,2026-20,20260522,20260522,고시,
DOC-005052,LAW-KR-000239,서울올림픽기념국민체육진흥공단의 체육진흥사업 시행에 관한 규정,api,admin_rule,directive,,훈령,nlic_admrul,norm:Directive,true,문화체육관광부,true,nlic_api_20260920d1,,,,,2100000195229,432,20201203,20201203,훈령,
DOC-005053,LAW-KR-000239,선수와 지도자 보호를 위한 신고·상담 위탁기관 지정,api,admin_rule,notice,,고시,nlic_admrul,norm:Notice,true,문화체육관광부,true,nlic_api_20260920d1,,,,,2100000093867,2017-30,20170809,20170809,고시,
DOC-005054,LAW-KR-000239,우수체육용구 생산업체 지정 및 관리요령,api,admin_rule,notice,,고시,nlic_admrul,norm:Notice,true,문화체육관광부,true,nlic_api_20260920d1,,,,,2100000213517,2022-44,20220803,20220803,고시,
DOC-005055,LAW-KR-000239,체력인증의 등급별 기준과 절차에 관한 규정,api,admin_rule,notice,,고시,nlic_admrul,norm:Notice,true,문화체육관광부,true,nlic_api_20260920d1,,,,,2100000258594,2025-27,20250602,20250602,고시,
DOC-005056,LAW-KR-000239,체육지도자 연수기관의 지정기준 및 절차,api,admin_rule,notice,,고시,nlic_admrul,norm:Notice,true,문화체육관광부,true,nlic_api_20260920d1,,,,,2100000171490,2018-51,20181210,20181210,고시,
DOC-005057,LAW-KR-000239,체육지도자 윤리 및 인권의식 향상 재교육기관 지정 고시,api,admin_rule,notice,,고시,nlic_admrul,norm:Notice,true,문화체육관광부,true,nlic_api_20260920d1,,,,,2100000202974,2021-44,20210715,20210715,고시,
DOC-005058,LAW-KR-000239,체육지도자 자격종목 신설ㆍ변경ㆍ폐지 등에 관한 고시,api,admin_rule,notice,,고시,nlic_admrul,norm:Notice,true,문화체육관광부,true,nlic_api_20260920d1,,,,,2100000282960,2026-34,20260728,20260728,고시,
DOC-005059,LAW-KR-000239,체육지도자 자격취득을 위한 연수과정 이수 시한 계산 시 포함하지 않는 기간에 관한 고시,api,admin_rule,notice,,고시,nlic_admrul,norm:Notice,true,문화체육관광부,true,nlic_api_20260920d1,,,,,2100000196117,2020-71,20201228,20201228,고시,
DOC-005060,LAW-KR-000239,체육진흥투표권 발행대상 운동경기 주최단체 지정고시,api,admin_rule,notice,,고시,nlic_admrul,norm:Notice,true,문화관광부,true,nlic_api_20260920d1,,,,,2000000002411,2005-34,20051230,20051230,고시,
DOC-005061,LAW-KR-000239,체육진흥투표권 주최단체 지원 등의 사업비 집행규정,api,admin_rule,directive,,훈령,nlic_admrul,norm:Directive,true,문화체육관광부,true,nlic_api_20260920d1,,,,,2100000213167,467,20220721,20220901,훈령,
DOC-005062,LAW-KR-000240,도시하천유역 침수피해방지대책법,api,statutory,act,2,,api,norm:Act,true,기후에너지환경부,true,nlic_api_20260920t,,,,,276721,21065,20251001,20251001,법률,
DOC-005063,LAW-KR-000240,도시하천유역 침수피해방지대책법 시행령,api,statutory,presidential_decree,3,,api,norm:PresidentialDecree,true,기후에너지환경부,true,nlic_api_20260920t,,,,,289705,36677,20260915,20260915,시행령,
DOC-005064,LAW-KR-000241,진폐의 예방과 진폐근로자의 보호 등에 관한 법률,api,statutory,act,2,,api,norm:Act,true,고용노동부,true,nlic_api_20260920t,,,,,253647,19613,20230808,20230808,법률,
DOC-005065,LAW-KR-000241,진폐의 예방과 진폐근로자의 보호 등에 관한 법률 시행령,api,statutory,presidential_decree,3,,api,norm:PresidentialDecree,true,고용노동부,true,nlic_api_20260920t,,,,,277419,35805,20251001,20251001,시행령,
DOC-005066,LAW-KR-000241,진폐의 예방과 진폐근로자의 보호 등에 관한 법률 시행규칙,api,statutory,ministerial_ordinance,4,,api,norm:EnforcementRule,true,고용노동부,true,nlic_api_20260920t,,,,,252309,00383,20230630,20230630,시행규칙,
DOC-005067,LAW-KR-000241,진폐건강진단 실시 및 관리규정,api,admin_rule,notice,,고시,nlic_admrul,norm:Notice,true,고용노동부,true,nlic_api_20260920d1,,,,,2100000243786,2024-37,20240628,20240628,고시,
DOC-005068,LAW-KR-000241,진폐업무 처리규정,api,admin_rule,established_rule,,예규,nlic_admrul,norm:EstablishedRule,true,고용노동부,true,nlic_api_20260920d1,,,,,2100000271412,243,20251231,20260101,예규,
DOC-005069,LAW-KR-000242,환경보건법,api,statutory,act,2,,api,norm:Act,true,기후에너지환경부,true,nlic_api_20260920t,,,,,279803,21131,20251111,20260512,법률,
DOC-005070,LAW-KR-000242,환경보건법 시행령,api,statutory,presidential_decree,3,,api,norm:PresidentialDecree,true,기후에너지환경부,true,nlic_api_20260920t,,,,,281619,35948,20251230,20260102,시행령,
DOC-005071,LAW-KR-000242,환경보건법 시행규칙,api,statutory,ministerial_ordinance,4,,api,norm:EnforcementRule,true,기후에너지환경부,true,nlic_api_20260920t,,,,,267495,01140,20241224,20241224,시행규칙,
DOC-005072,LAW-KR-000242,어린이용품 환경유해인자 사용제한 등에 관한 규정,api,admin_rule,notice,,고시,nlic_admrul,norm:Notice,true,기후에너지환경부,true,nlic_api_20260920d1,,,,,2100000266390,2025-165,20251001,20251001,고시,
DOC-005073,LAW-KR-000242,위해성평가 실시 등의 대상이 되는 환경유해인자의 목록,api,admin_rule,notice,,고시,nlic_admrul,norm:Notice,true,국립환경과학원,true,nlic_api_20260920d1,,,,,2100000265856,2025-45,20251103,20251103,고시,
DOC-005074,LAW-KR-000242,환경보건이용권 사업 운영에 관한 규정,api,admin_rule,notice,,고시,nlic_admrul,norm:Notice,true,기후에너지환경부,true,nlic_api_20260920d1,,,,,2100000249504,2024-222,20241119,20241119,고시,
DOC-005075,LAW-KR-000242,환경유해인자 시험·검사기관의 지정 등에 관한 규정,api,admin_rule,established_rule,,예규,nlic_admrul,norm:EstablishedRule,true,국립환경과학원,true,nlic_api_20260920d1,,,,,2100000283126,913,20260727,20260727,예규,
DOC-005076,LAW-KR-000242,환경유해인자 위해성평가를 위한 절차와 방법 등에 관한 지침,api,admin_rule,notice,,고시,nlic_admrul,norm:Notice,true,국립환경과학원,true,nlic_api_20260920d1,,,,,2100000259382,2025-11,20250523,20250523,고시,
DOC-005077,LAW-KR-000243,공동주택관리법,api,statutory,act,2,,api,norm:Act,true,국토교통부,true,nlic_api_20260920t,,,,,284009,21447,20260305,20260701,법률,
DOC-005078,LAW-KR-000243,공동주택관리법 시행령,api,statutory,presidential_decree,3,,api,norm:PresidentialDecree,true,국토교통부,true,nlic_api_20260920t,,,,,287261,36424,20260623,20260701,시행령,
DOC-005079,LAW-KR-000243,공동주택관리법 시행규칙,api,statutory,ministerial_ordinance,4,,api,norm:EnforcementRule,true,국토교통부,true,nlic_api_20260920t,,,,,288369,01606,20260730,20260730,시행규칙,
DOC-005080,LAW-KR-000243,공동주택 회계처리기준,api,admin_rule,notice,,고시,nlic_admrul,norm:Notice,true,국토교통부,true,nlic_api_20260920d2,,,,,2100000224666,2023-300,20230613,20230613,고시,
DOC-005081,LAW-KR-000243,공동주택관리정보시스템 운영 관리규정,api,admin_rule,notice,,고시,nlic_admrul,norm:Notice,true,국토교통부,true,nlic_api_20260920d2,,,,,2100000233270,2023-862,20231222,20240101,고시,
DOC-005082,LAW-KR-000243,소규모 공동주택의 안전관리에 관한 업무 수행 법인 인정,api,admin_rule,notice,,고시,nlic_admrul,norm:Notice,true,국토교통부,true,nlic_api_20260920d2,,,,,2100000262820,2025-443,20250812,20250812,고시,
DOC-005083,LAW-KR-000243,주택관리업자 및 사업자 선정지침,api,admin_rule,notice,,고시,nlic_admrul,norm:Notice,true,국토교통부,true,nlic_api_20260920d2,,,,,2100000239024,2024-196,20240411,20240411,고시,
DOC-005084,LAW-KR-000243,하자심사·분쟁조정위원회 의사·운영에 관한 규칙,api,admin_rule,directive,,훈령,nlic_admrul,norm:Directive,true,국토교통부,true,nlic_api_20260920d2,,,,,2100000238108,1725,20240326,20240326,훈령,
DOC-005085,LAW-KR-000243,하자심사·분쟁조정위원회 조정등의 신청 수수료,api,admin_rule,notice,,고시,nlic_admrul,norm:Notice,true,국토교통부,true,nlic_api_20260920d2,,,,,2100000206305,2021-1260,20211123,20211209,고시,
DOC-005086,LAW-KR-000244,방송통신발전 기본법,api,statutory,act,2,,api,norm:Act,true,과학기술정보통신부,true,nlic_api_20260920t,,,,,283381,21380,20260219,20260820,법률,
DOC-005087,LAW-KR-000244,방송통신발전 기본법 시행령,api,statutory,presidential_decree,3,,api,norm:PresidentialDecree,true,과학기술정보통신부,true,nlic_api_20260920t,,,,,277563,35810,20251001,20251001,시행령,
DOC-005088,LAW-KR-000244,(과학기술정보통신부) 방송통신발전기금 운용·관리규정,api,admin_rule,notice,,고시,nlic_admrul,norm:Notice,true,과학기술정보통신부,true,nlic_api_20260920d2,,,,,2100000208402,2022-2,20220114,20220114,고시,
DOC-005089,LAW-KR-000244,(방송미디어통신위원회) 방송통신발전기금 운용ㆍ관리규정,api,admin_rule,notice,,고시,nlic_admrul,norm:Notice,true,방송미디어통신위원회,true,nlic_api_20260920d2,,,,,2100000282128,2026-25,20260709,20260709,고시,
DOC-005090,LAW-KR-000244,방송통신발전기금 분담금 산정 및 부과에 관한 세부사항,api,admin_rule,notice,,고시,nlic_admrul,norm:Notice,true,방송미디어통신위원회,true,nlic_api_20260920d2,,,,,2100000282146,2026-24,20260709,20260709,고시,
DOC-005091,LAW-KR-000244,방송통신발전기금 분담금 징수 및 부과 등에 관한 사항,api,admin_rule,notice,,고시,nlic_admrul,norm:Notice,true,방송미디어통신위원회,true,nlic_api_20260920d2,,,,,2100000282144,2026-23,20260709,20260709,고시,
DOC-005092,LAW-KR-000244,방송통신표준화지침,api,admin_rule,notice,,고시,nlic_admrul,norm:Notice,true,국립전파연구원,true,nlic_api_20260920d2,,,,,2100000094691,2017-8,20170828,20170828,고시,
DOC-005093,LAW-KR-000244,재난 시 무선통신시설 공동이용 범위 및 절차에 대한 고시,api,admin_rule,notice,,고시,nlic_admrul,norm:Notice,true,과학기술정보통신부,true,nlic_api_20260920d2,,,,,2100000229122,2023-31,20230905,20230905,고시,
DOC-005094,LAW-KR-000244,주요통신사업자의 통신시설 등급 지정 및 관리 기준,api,admin_rule,notice,,고시,nlic_admrul,norm:Notice,true,과학기술정보통신부,true,nlic_api_20260920d2,,,,,2100000275754,2026-12,20260310,20260310,고시,
DOC-005095,LAW-KR-000245,비상대비에 관한 법률,api,statutory,act,2,,api,norm:Act,true,행정안전부,true,nlic_api_20260920t,,,,,238763,18682,20220104,20220705,법률,
DOC-005096,LAW-KR-000245,비상대비에 관한 법률 시행령,api,statutory,presidential_decree,3,,api,norm:PresidentialDecree,true,행정안전부,true,nlic_api_20260920t,,,,,281523,35948,20251230,20260102,시행령,
DOC-005097,LAW-KR-000245,비상대비에 관한 법률 시행규칙,api,statutory,ministerial_ordinance,4,,api,norm:EnforcementRule,true,행정안전부,true,nlic_api_20260920t,,,,,243771,00339,20220705,20220705,시행규칙,
DOC-005098,LAW-KR-000245,동원자원 소요심의규정,api,admin_rule,established_rule,,예규,nlic_admrul,norm:EstablishedRule,true,행정안전부,true,nlic_api_20260920d2,,,,,2100000229108,261,20230901,20230901,예규,
DOC-005099,LAW-KR-000245,비상대비업무담당자 인사관리규정,api,admin_rule,established_rule,,예규,nlic_admrul,norm:EstablishedRule,true,행정안전부,true,nlic_api_20260920d2,,,,,2100000263836,338,20250908,20250908,예규,
DOC-005100,LAW-KR-000246,야생생물 보호 및 관리에 관한 법률,api,statutory,act,2,,api,norm:Act,true,기후에너지환경부,true,nlic_api_20260920t,,,,,279791,21126,20251111,20260512,법률,
DOC-005101,LAW-KR-000246,야생생물 보호 및 관리에 관한 법률 시행령,api,statutory,presidential_decree,3,,api,norm:PresidentialDecree,true,기후에너지환경부,true,nlic_api_20260920t,,,,,282985,36055,20260127,20260201,시행령,
DOC-005102,LAW-KR-000246,야생생물 보호 및 관리에 관한 법률 시행규칙,api,statutory,ministerial_ordinance,4,,api,norm:EnforcementRule,true,기후에너지환경부,true,nlic_api_20260920t,,,,,286031,00039,20260512,20260512,시행규칙,
DOC-005103,LAW-KR-000246,국외반출 승인대상 생물자원 지정,api,admin_rule,notice,,고시,nlic_admrul,norm:Notice,true,기후에너지환경부,true,nlic_api_20260920d2,,,,,2100000274980,2026-51,20260227,20260227,고시,
DOC-005104,LAW-KR-000246,국제적멸종위기종 목록,api,admin_rule,notice,,고시,nlic_admrul,norm:Notice,true,기후에너지환경부,true,nlic_api_20260920d2,,,,,2100000275380,2026-63,20260305,20260305,고시,
DOC-005105,LAW-KR-000246,들고양이 관리지침,api,admin_rule,established_rule,,예규,nlic_admrul,norm:EstablishedRule,true,기후에너지환경부,true,nlic_api_20260920d2,,,,,2100000267646,4,20251109,20251109,예규,
DOC-005106,LAW-KR-000246,멸종위기 야생생물의 인공증식에 관한 규정,api,admin_rule,established_rule,,예규,nlic_admrul,norm:EstablishedRule,true,기후에너지환경부,true,nlic_api_20260920d2,,,,,2100000266860,4,20251105,20251105,예규,
DOC-005107,LAW-KR-000246,백색목록 검토 및 지정 등에 관한 지침,api,admin_rule,directive,,훈령,nlic_admrul,norm:Directive,true,기후에너지환경부,true,nlic_api_20260920d2,,,,,2100000269774,11,20251214,20251214,훈령,
DOC-005108,LAW-KR-000246,백색목록 지정,api,admin_rule,notice,,고시,nlic_admrul,norm:Notice,true,기후에너지환경부,true,nlic_api_20260920d2,,,,,2100000269770,2025-55,20251214,20251214,고시,
DOC-005109,LAW-KR-000246,별도 수입장소 지정 요령,api,admin_rule,notice,,고시,nlic_admrul,norm:Notice,true,국립야생동물질병관리원,true,nlic_api_20260920d2,,,,,2100000269718,2025-1,20251215,20251215,고시,
DOC-005110,LAW-KR-000246,서식지외보전기관 신규 지정 고시,api,admin_rule,notice,,고시,nlic_admrul,norm:Notice,true,기후에너지환경부,true,nlic_api_20260920d2,,,,,2100000284806,2026-224,20260910,20260910,고시,
DOC-005111,LAW-KR-000246,수렵동물의 종류 지정,api,admin_rule,notice,,고시,nlic_admrul,norm:Notice,true,기후에너지환경부,true,nlic_api_20260920d2,,,,,2100000267294,2025-165,20251106,20251112,고시,
DOC-005112,LAW-KR-000246,수출허가 면제대상 국제적멸종위기종 식물종,api,admin_rule,notice,,고시,nlic_admrul,norm:Notice,true,기후에너지환경부,true,nlic_api_20260920d2,,,,,2100000267286,2025-165,20251001,20251007,고시,
DOC-005113,LAW-KR-000246,야생동물 인공증식 관리지침,api,admin_rule,established_rule,,예규,nlic_admrul,norm:EstablishedRule,true,기후에너지환경부,true,nlic_api_20260920d2,,,,,2100000268130,4,20251105,20251105,예규,
DOC-005114,LAW-KR-000246,야생동물 충돌·추락 피해 심각도 판정기준,api,admin_rule,established_rule,,예규,nlic_admrul,norm:EstablishedRule,true,기후에너지환경부,true,nlic_api_20260920d2,,,,,2100000265084,3,20251024,20251024,예규,
DOC-005115,LAW-KR-000246,야생화된 동물의 지정,api,admin_rule,notice,,고시,nlic_admrul,norm:Notice,true,기후에너지환경부,true,nlic_api_20260920d2,,,,,2100000267298,2025-165,20251106,20251106,고시,
DOC-005116,LAW-KR-000246,"양도·양수, 폐사·질병신고 제외대상 국제적 멸종위기종",api,admin_rule,notice,,고시,nlic_admrul,norm:Notice,true,기후에너지환경부,true,nlic_api_20260920d2,,,,,2100000267288,2025-165,20251001,20251007,고시,
DOC-005117,LAW-KR-000246,양도·양수 등의 신고 제외 대상,api,admin_rule,notice,,고시,nlic_admrul,norm:Notice,true,기후에너지환경부,true,nlic_api_20260920d2,,,,,2100000269772,2025-56,20251211,20251214,고시,
DOC-005118,LAW-KR-000246,유해야생동물 포획도구에 관한 규정,api,admin_rule,notice,,고시,nlic_admrul,norm:Notice,true,기후에너지환경부,true,nlic_api_20260920d2,,,,,2100000266312,2025-6,20251024,20251024,고시,
DOC-005119,LAW-KR-000246,제3차 야생생물 보호 기본계획('16~'20),api,admin_rule,notice,,고시,nlic_admrul,norm:Notice,true,기후에너지환경부,true,nlic_api_20260920d2,,,,,2100000039008,2016-25,20160129,20160129,고시,
DOC-005120,LAW-KR-000246,지정검역물의 범위 및 검역 방법·기준 등에 관한 고시,api,admin_rule,notice,,고시,nlic_admrul,norm:Notice,true,국립야생동물질병관리원,true,nlic_api_20260920d2,,,,,2100000240810,2024-1,20240514,20240519,고시,
DOC-005121,LAW-KR-000246,진양호 수달서식지 야생생물 특별보호구역 안에서 야생동물의 보호에 지장이 없다고 인정하는 행위,api,admin_rule,notice,,고시,nlic_admrul,norm:Notice,true,기후에너지환경부,true,nlic_api_20260920d2,,,,,2100000265138,2025-165,20251001,20251001,고시,
DOC-005122,LAW-KR-000246,질병에 걸린 야생동물 신고제도 운영 및 포상금 지급에 관한 규정,api,admin_rule,notice,,고시,nlic_admrul,norm:Notice,true,기후에너지환경부,true,nlic_api_20260920d2,,,,,2100000275184,2026-52,20260303,20260303,고시,
DOC-005123,LAW-KR-000247,연안사고 예방에 관한 법률,api,statutory,act,2,,api,norm:Act,true,해양경찰청,true,nlic_api_20260920t,,,,,270841,20946,20250422,20251023,법률,
DOC-005124,LAW-KR-000247,연안사고 예방에 관한 법률 시행령,api,statutory,presidential_decree,3,,api,norm:PresidentialDecree,true,해양경찰청,true,nlic_api_20260920t,,,,,287163,36423,20260623,20260701,시행령,
DOC-005125,LAW-KR-000247,연안사고 예방에 관한 법률 시행규칙,api,statutory,ministerial_ordinance,4,,api,norm:EnforcementRule,true,해양경찰청,true,nlic_api_20260920t,,,,,279179,00765,20251017,20251023,시행규칙,
DOC-005126,LAW-KR-000247,(강릉해양경찰서) 하조대해변 갯바위 및 주변해역 출입통제장소 지정 고시,api,admin_rule,notice,,고시,nlic_admrul,norm:Notice,true,강릉해양경찰서,true,nlic_api_20260920d2,,,,,2100000283178,2026-1,20260724,20260724,고시,
DOC-005127,LAW-KR-000247,(동해해양경찰서) 울릉권 방파제 테트라포드 출입통제장소 지정 고시,api,admin_rule,notice,,고시,nlic_admrul,norm:Notice,true,동해해양경찰서,true,nlic_api_20260920d2,,,,,2100000283156,2026-1,20260805,20260805,고시,
DOC-005128,LAW-KR-000247,(보령해양경찰서) 직언도 갯벌 인근 해역 출입통제구역 지정 공고,api,admin_rule,notice,,공고,nlic_admrul_미배치,norm:AdministrativeRule,true,보령해양경찰서,true,nlic_api_20260920d2,,,,,2100000273404,2026-1,20260108,20260126,공고,
DOC-005129,LAW-KR-000247,(인천해양경찰서) 하나개해수욕장 갯벌 일부 출입통제 구역 고시,api,admin_rule,notice,,고시,nlic_admrul,norm:Notice,true,인천해양경찰서,true,nlic_api_20260920d2,,,,,2100000248022,2024-2,20241008,20241008,고시,
DOC-005130,LAW-KR-000247,동해해양경찰서 테트라포드 출입통제구역 지정 고시,api,admin_rule,notice,,고시,nlic_admrul,norm:Notice,true,동해해양경찰서,true,nlic_api_20260920d2,,,,,2100000263736,2025-3,20250904,20250904,고시,
DOC-005131,LAW-KR-000247,연안사고 안전관리규정,api,admin_rule,directive,,훈령,nlic_admrul,norm:Directive,true,해양경찰청,true,nlic_api_20260920d2,,,,,2100000251878,421,20241230,20241230,훈령,
DOC-005132,LAW-KR-000247,연안안전지킴이 운영규칙,api,admin_rule,notice,,고시,nlic_admrul,norm:Notice,true,해양경찰청,true,nlic_api_20260920d2,,,,,2100000275534,2026-3,20260303,20260303,고시,
DOC-005133,LAW-KR-000247,연안체험활동 안전교육 위탁기관 및 위탁업무의 범위에 관한 고시,api,admin_rule,notice,,고시,nlic_admrul,norm:Notice,true,해양경찰청,true,nlic_api_20260920d2,,,,,2100000283530,2026-8,20260806,20260806,고시,
DOC-005134,LAW-KR-000247,태안해양경찰서 가경주항 해역 모래톱 출입통제구역 지정 공고,api,admin_rule,notice,,공고,nlic_admrul_미배치,norm:AdministrativeRule,true,태안해양경찰서,true,nlic_api_20260920d2,,,,,2100000264364,2025-22,20250818,20250908,공고,
DOC-005135,LAW-KR-000247,태안해양경찰서 곰섬 갯벌 출입통제구역 지정 공고,api,admin_rule,notice,,공고,nlic_admrul_미배치,norm:AdministrativeRule,true,태안해양경찰서,true,nlic_api_20260920d2,,,,,2100000264500,2023-23,20231020,20231113,공고,
DOC-005136,LAW-KR-000247,태안해양경찰서 안흥외항 테트라포드 출입통제구역 지정 공고,api,admin_rule,notice,,공고,nlic_admrul_미배치,norm:AdministrativeRule,true,태안해양경찰서,true,nlic_api_20260920d2,,,,,2100000264544,2024-3,20240514,20240601,공고,
DOC-005137,LAW-KR-000247,태안해양경찰서 통개항 해역 출입통제구역 지정 공고,api,admin_rule,notice,,공고,nlic_admrul_미배치,norm:AdministrativeRule,true,태안해양경찰서,true,nlic_api_20260920d2,,,,,2100000268572,2025-36,20251110,20251201,공고,
DOC-005138,LAW-KR-000248,원양산업발전법,api,statutory,act,2,,api,norm:Act,true,해양수산부,true,nlic_api_20260920t,,,,,284315,21462,20260317,20260918,법률,
DOC-005139,LAW-KR-000248,원양산업발전법 시행령,api,statutory,presidential_decree,3,,api,norm:PresidentialDecree,true,해양수산부,true,nlic_api_20260920t,,,,,281691,35948,20251230,20260102,시행령,
DOC-005140,LAW-KR-000248,원양산업발전법 시행규칙,api,statutory,ministerial_ordinance,4,,api,norm:EnforcementRule,true,해양수산부,true,nlic_api_20260920t,,,,,266147,00697,20241025,20241025,시행규칙,
DOC-005141,LAW-KR-000248,어선위치추적장치의 설비 및 운영방법 등에 관한 고시,api,admin_rule,notice,,고시,nlic_admrul,norm:Notice,true,해양수산부,true,nlic_api_20260920d2,,,,,2100000203501,2021-147,20210802,20210802,고시,
DOC-005142,LAW-KR-000248,어획할당량 배분 등에 관한 고시,api,admin_rule,notice,,고시,nlic_admrul,norm:Notice,true,해양수산부,true,nlic_api_20260920d2,,,,,2100000276270,2026-34,20260323,20260323,고시,
DOC-005143,LAW-KR-000248,원양어선 안전펀드 운영에 관한 고시,api,admin_rule,notice,,고시,nlic_admrul,norm:Notice,true,해양수산부,true,nlic_api_20260920d2,,,,,2100000253370,2025-9,20250113,20250113,고시,
DOC-005144,LAW-KR-000248,원양어업허가 제한 기준에 관한 고시,api,admin_rule,notice,,고시,nlic_admrul,norm:Notice,true,해양수산부,true,nlic_api_20260920d2,,,,,2100000191277,2020-99,20200721,20200721,고시,
DOC-005145,LAW-KR-000248,해외수역 어획물 전재 허가에 관한 고시,api,admin_rule,notice,,고시,nlic_admrul,norm:Notice,true,해양수산부,true,nlic_api_20260920d2,,,,,2100000284646,2026-104,20260902,20260902,고시,
DOC-005146,LAW-KR-000249,재난안전통신망법,api,statutory,act,2,,api,norm:Act,true,행정안전부,true,nlic_api_20260920t,,,,,232629,18206,20210608,20211209,법률,
DOC-005147,LAW-KR-000249,재난안전통신망법 시행령,api,statutory,presidential_decree,3,,api,norm:PresidentialDecree,true,행정안전부,true,nlic_api_20260920t,,,,,265225,34881,20240910,20240915,시행령,
DOC-005148,LAW-KR-000249,설비 등의 제공조건 및 대가산정기준,api,admin_rule,notice,,고시,nlic_admrul,norm:Notice,true,과학기술정보통신부,true,nlic_api_20260920d2,,,,,2100000231140,2023-36,20231103,20231103,고시,
DOC-005149,LAW-KR-000249,재난안전통신망 운영 및 사용에 관한 규정,api,admin_rule,notice,,고시,nlic_admrul,norm:Notice,true,행정안전부,true,nlic_api_20260920d2,,,,,2100000281990,2026-46,20260707,20260707,고시,
DOC-005150,LAW-KR-000249,재난안전통신망 표준운영절차의 관리와 활용에 관한 규정,api,admin_rule,notice,,고시,nlic_admrul,norm:Notice,true,행정안전부,true,nlic_api_20260920d2,,,,,2100000225568,2023-48,20230623,20230623,고시,
DOC-005151,LAW-KR-000249,전기통신설비의 상호접속기준,api,admin_rule,notice,,고시,nlic_admrul,norm:Notice,true,과학기술정보통신부,true,nlic_api_20260920d2,,,,,2100000278370,2026-31,20260428,20260428,고시,
DOC-005152,LAW-KR-000250,학교안전사고 예방 및 보상에 관한 법률,api,statutory,act,2,,api,norm:Act,true,교육부,true,nlic_api_20260920t,,,,,280025,21149,20251202,20251202,법률,
DOC-005153,LAW-KR-000250,학교안전사고 예방 및 보상에 관한 법률 시행령,api,statutory,presidential_decree,3,,api,norm:PresidentialDecree,true,교육부,true,nlic_api_20260920t,,,,,289695,36672,20260915,20260915,시행령,
DOC-005154,LAW-KR-000250,학교안전사고 예방 및 보상에 관한 법률 시행규칙,api,statutory,ministerial_ordinance,4,,api,norm:EnforcementRule,true,교육부,true,nlic_api_20260920t,,,,,272937,00363,20250722,20250722,시행규칙,
DOC-005155,LAW-KR-000250,2026년 학교안전공제료 산정기준,api,admin_rule,notice,,고시,nlic_admrul,norm:Notice,true,교육부,true,nlic_api_20260920d2,,,,,2100000280608,2025-28,20251202,20251208,고시,
DOC-005156,LAW-KR-000250,2026년 재외한국학교안전공제료 산정기준,api,admin_rule,notice,,고시,nlic_admrul,norm:Notice,true,교육부,true,nlic_api_20260920d2,,,,,2100000280628,2025-29,20251202,20251208,고시,
DOC-005157,LAW-KR-000250,학교안전교육 실시 기준 등에 관한 고시,api,admin_rule,notice,,고시,nlic_admrul,norm:Notice,true,교육부,true,nlic_api_20260920d2,,,,,2100000230598,2023-33,20231016,20231016,고시,
DOC-005158,LAW-KR-000250,학교안전법 상 장해등급 판정 세부기준,api,admin_rule,notice,,고시,nlic_admrul,norm:Notice,true,교육부,true,nlic_api_20260920d2,,,,,2100000258600,2025-12,20250506,20250506,고시,
DOC-005159,LAW-KR-000250,학교안전사고 예방에 대한 실태조사 고시,api,admin_rule,notice,,고시,nlic_admrul,norm:Notice,true,교육부,true,nlic_api_20260920d2,,,,,2100000178852,2019-182,20190527,20190527,고시,
DOC-005160,LAW-KR-000251,해수욕장의 이용 및 관리에 관한 법률,api,statutory,act,2,,api,norm:Act,true,해양수산부,true,nlic_api_20260920t,,,,,285153,21519,20260331,20260701,법률,
DOC-005161,LAW-KR-000251,해수욕장의 이용 및 관리에 관한 법률 시행령,api,statutory,presidential_decree,3,,api,norm:PresidentialDecree,true,해양수산부,true,nlic_api_20260920t,,,,,278029,35811,20251001,20251001,시행령,
DOC-005162,LAW-KR-000251,해수욕장의 이용 및 관리에 관한 법률 시행규칙,api,statutory,ministerial_ordinance,4,,api,norm:EnforcementRule,true,해양수산부,true,nlic_api_20260920t,,,,,252227,00610,20230627,20230628,시행규칙,
DOC-005163,LAW-KR-000251,해수욕장 안전관리에 관한 지침,api,admin_rule,notice,,고시,nlic_admrul,norm:Notice,true,해양경찰청,true,nlic_api_20260920d2,,,,,2100000233962,2023-132,20231227,20231227,고시,
DOC-005164,LAW-KR-000251,해수욕장 평가위원회 운영규정,api,admin_rule,directive,,훈령,nlic_admrul,norm:Directive,true,해양수산부,true,nlic_api_20260920d2,,,,,2100000179544,477,20190621,20190621,훈령,
DOC-005165,LAW-KR-000251,해수욕장의 환경관리에 관한 지침,api,admin_rule,notice,,고시,nlic_admrul,norm:Notice,true,해양수산부,true,nlic_api_20260920d2,,,,,2100000234594,2024-1,20240104,20240104,고시,
