asset_id,asset_name,asset_gbn,asset_kind,asset_class,safety_grade,completed_ymd,addr,dept_id,source,sapa_l2_result,sapa_basis,need_data,verified,subject_tier,subject_name,subject_source,subject_note,mgmt_class,mgmt_laws,res_storage_k,res_dam_height,res_emergency_plan,consign,consign_note
AR1998-0002431,용인도시공사 청사,건축물,기타,3종,B등급,19980529,경기도 용인시 처인구 ,D09,FMS,검토필요,시행령 별표3 제5호 2)3),연면적·층수·용도,N,용인도시공사,(추정) 용인도시공사,estimated,명칭 추정 — 관리주체 원본 미확인,위탁 시설(용인도시공사 운영),시설물의 안전 및 유지관리에 관한 특별법 · 석면안전관리법 · 기계설비법,,,,위탁(용인도시공사 운영),소유(용인시 여부)·위탁 계약 확인 필요 — 용인시 소유·위탁이면 중대재해처벌법 제9조제3항으로 용인시장 의무도 걸림
AR2003-0006407,용인시 실내체육관,건축물,다중이용건축물,2종,B등급,20030402,경기도 용인시 처인구 경안천로 76 (마평동),D09,FMS,검토필요,시행령 별표3 제5호 2)3),연면적·층수·용도,N,용인도시공사,용인도시공사,api,지방공기업 — 중처법 제2조제9호나목의 별도 경영책임자,위탁 시설(용인도시공사 운영),시설물의 안전 및 유지관리에 관한 특별법 · 석면안전관리법 · 기계설비법,,,,위탁(용인도시공사 운영),소유(용인시 여부)·위탁 계약 확인 필요 — 용인시 소유·위탁이면 중대재해처벌법 제9조제3항으로 용인시장 의무도 걸림
AR2004-0004612,용인시 평생학습관,건축물,다중이용건축물,2종,B등급,20040715,경기도 용인시 수지구 문정로7번길 15 (풍덕천동),D09,FMS,검토필요,시행령 별표3 제5호 2)3),연면적·층수·용도,N,용인시,용인시 평생학습관,api,용인시 본청·소속기관,중처법 공중이용시설,시설물의 안전 및 유지관리에 관한 특별법 · 석면안전관리법 · 기계설비법,,,,,
AR2005-0002918,용인시문화복지행정타운본청사,건축물,대형건축물,2종,B등급,20050625,경기도 용인시 처인구 중부대로 1199 (삼가동),D09,FMS,검토필요,시행령 별표3 제5호 2)3),연면적·층수·용도,N,용인시,용인시 재산관리과,api,용인시 본청·소속기관,중처법 공중이용시설,시설물의 안전 및 유지관리에 관한 특별법 · 석면안전관리법 · 기계설비법,,,,,
AR2005-0003904,용인시문화복지행정타운문화예술원,건축물,다중이용건축물,2종,B등급,20050625,경기도 용인시 처인구 중부대로,D09,FMS,검토필요,시행령 별표3 제5호 2)3),연면적·층수·용도,N,용인시,용인시 재산관리과,api,용인시 본청·소속기관,중처법 공중이용시설,시설물의 안전 및 유지관리에 관한 특별법 · 석면안전관리법 · 기계설비법,,,,,
AR2005-0003905,용인시문화복지행정타운복지센타,건축물,다중이용건축물,2종,B등급,20050625,경기도 용인시 처인구 중부대로,D09,FMS,검토필요,시행령 별표3 제5호 2)3),연면적·층수·용도,N,용인시,용인시 재산관리과,api,용인시 본청·소속기관,중처법 공중이용시설,시설물의 안전 및 유지관리에 관한 특별법 · 석면안전관리법 · 기계설비법,,,,,
AR2009-0002925,용인시민체육센터,건축물,다중이용건축물,2종,B등급,20091203,경기도 용인시 처인구 포곡읍 금어로 317,D09,FMS,검토필요,시행령 별표3 제5호 2)3),연면적·층수·용도,N,용인도시공사,용인도시공사,api,지방공기업 — 중처법 제2조제9호나목의 별도 경영책임자,위탁 시설(용인도시공사 운영),시설물의 안전 및 유지관리에 관한 특별법 · 석면안전관리법 · 기계설비법,,,,위탁(용인도시공사 운영),소유(용인시 여부)·위탁 계약 확인 필요 — 용인시 소유·위탁이면 중대재해처벌법 제9조제3항으로 용인시장 의무도 걸림
AR2010-0002931,용인종합운동장,건축물,다중이용건축물,2종,B등급,19950926,경기도 용인시 처인구 경안천로,D09,FMS,검토필요,시행령 별표3 제5호 2)3),연면적·층수·용도,N,용인도시공사,용인도시공사,api,지방공기업 — 중처법 제2조제9호나목의 별도 경영책임자,위탁 시설(용인도시공사 운영),시설물의 안전 및 유지관리에 관한 특별법 · 석면안전관리법 · 기계설비법,,,,위탁(용인도시공사 운영),소유(용인시 여부)·위탁 계약 확인 필요 — 용인시 소유·위탁이면 중대재해처벌법 제9조제3항으로 용인시장 의무도 걸림
AR2012-0002015,아르피아스포츠센터,건축물,다중이용건축물,2종,B등급,20120527,경기도 용인시 수지구 포은대로 499 (죽전동),D09,FMS,검토필요,시행령 별표3 제5호 2)3),연면적·층수·용도,N,용인도시공사,용인도시공사,api,지방공기업 — 중처법 제2조제9호나목의 별도 경영책임자,위탁 시설(용인도시공사 운영),시설물의 안전 및 유지관리에 관한 특별법 · 석면안전관리법 · 기계설비법,,,,위탁(용인도시공사 운영),소유(용인시 여부)·위탁 계약 확인 필요 — 용인시 소유·위탁이면 중대재해처벌법 제9조제3항으로 용인시장 의무도 걸림
AR2018-0000223,용인미르스타디움,건축물,대형건축물,1종,불명,20171120,경기도 용인시 처인구 삼가동,D09,FMS,검토필요,시행령 별표3 제5호 2)3),연면적·층수·용도,N,용인도시공사,용인도시공사,api,지방공기업 — 중처법 제2조제9호나목의 별도 경영책임자,위탁 시설(용인도시공사 운영),시설물의 안전 및 유지관리에 관한 특별법 · 석면안전관리법 · 기계설비법,,,,위탁(용인도시공사 운영),소유(용인시 여부)·위탁 계약 확인 필요 — 용인시 소유·위탁이면 중대재해처벌법 제9조제3항으로 용인시장 의무도 걸림
AR2018-0002175,남사 스포츠센터,건축물,다중이용건축물,2종,불명,20180626,경기도 용인시 처인구 남사면,D09,FMS,검토필요,시행령 별표3 제5호 2)3),연면적·층수·용도,N,용인도시공사,용인도시공사,api,지방공기업 — 중처법 제2조제9호나목의 별도 경영책임자,위탁 시설(용인도시공사 운영),시설물의 안전 및 유지관리에 관한 특별법 · 석면안전관리법 · 기계설비법,,,,위탁(용인도시공사 운영),소유(용인시 여부)·위탁 계약 확인 필요 — 용인시 소유·위탁이면 중대재해처벌법 제9조제3항으로 용인시장 의무도 걸림
BR1992-0000156,용인고가육교,교량,도로교량,2종,C등급,19921222,경기도 용인시 처인구 김량장동,D03,FMS,검토필요,시행령 제3조제4호 가목,연장(m),N,용인시,용인시 처인구청 도로과,api,용인시 본청·소속기관,중처법 공중이용시설,시설물의 안전 및 유지관리에 관한 특별법 · 도로법 · 보행안전 및 편의증진에 관한 법률,,,,,
BR1992-0000904,오산천보도교,교량,도로교량,2종,B등급,19921231,경기도 용인시 기흥구 구갈동,D03,FMS,검토필요,시행령 제3조제4호 가목,연장(m),N,용인시,용인시 기흥구청 도로과,api,용인시 본청·소속기관,중처법 공중이용시설,시설물의 안전 및 유지관리에 관한 특별법 · 도로법 · 보행안전 및 편의증진에 관한 법률,,,,,
BR1993-0000845,전궁교,교량,도로교량,2종,B등급,19931006,경기도 용인시 처인구 남사면 전궁리,D03,FMS,검토필요,시행령 제3조제4호 가목,연장(m),N,용인시,용인시 처인구청 도로과,api,용인시 본청·소속기관,중처법 공중이용시설,시설물의 안전 및 유지관리에 관한 특별법 · 도로법 · 보행안전 및 편의증진에 관한 법률,,,,,
BR1996-0000136,(신)왕산교,교량,도로교량,2종,C등급,19960903,경기도 용인시 처인구 모현면 왕산리,D03,FMS,검토필요,시행령 제3조제4호 가목,연장(m),N,용인시,용인시 처인구청 도로과,api,용인시 본청·소속기관,중처법 공중이용시설,시설물의 안전 및 유지관리에 관한 특별법 · 도로법 · 보행안전 및 편의증진에 관한 법률,,,,,
BR1997-0000183,보라횡단교,교량,도로교량,1종,B등급,19971215,경기도 용인시 기흥구 보라동,D03,FMS,검토필요,시행령 제3조제4호 가목,연장(m),N,용인시,용인시 기흥구청 도로과,api,용인시 본청·소속기관,중처법 공중이용시설,시설물의 안전 및 유지관리에 관한 특별법 · 도로법 · 보행안전 및 편의증진에 관한 법률,,,,,
BR1997-0000185,하갈교,교량,도로교량,2종,B등급,19971215,경기도 용인시 기흥구 하갈동,D03,FMS,검토필요,시행령 제3조제4호 가목,연장(m),N,용인시,용인시 기흥구청 도로과,api,용인시 본청·소속기관,중처법 공중이용시설,시설물의 안전 및 유지관리에 관한 특별법 · 도로법 · 보행안전 및 편의증진에 관한 법률,,,,,
BR1999-0000081,오산천교,교량,도로교량,2종,C등급,19990731,경기도 용인시 기흥구 농서동,D03,FMS,검토필요,시행령 제3조제4호 가목,연장(m),N,용인시,용인시 기흥구청 도로과,api,용인시 본청·소속기관,중처법 공중이용시설,시설물의 안전 및 유지관리에 관한 특별법 · 도로법 · 보행안전 및 편의증진에 관한 법률,,,,,
BR1999-0000261,영덕고가차도(상),교량,도로교량,1종,B등급,19991225,경기도 용인시 기흥구 영덕동,D03,FMS,검토필요,시행령 제3조제4호 가목,연장(m),N,용인시,용인시 기흥구청 도로과,api,용인시 본청·소속기관,중처법 공중이용시설,시설물의 안전 및 유지관리에 관한 특별법 · 도로법 · 보행안전 및 편의증진에 관한 법률,,,,,
BR1999-0000262,영덕고가차도(하),교량,도로교량,1종,B등급,19991225,경기도 용인시 기흥구 영덕동,D03,FMS,검토필요,시행령 제3조제4호 가목,연장(m),N,용인시,용인시 기흥구청 도로과,api,용인시 본청·소속기관,중처법 공중이용시설,시설물의 안전 및 유지관리에 관한 특별법 · 도로법 · 보행안전 및 편의증진에 관한 법률,,,,,
BR2000-0000080,독정교,교량,도로교량,2종,B등급,20000531,경기도 용인시 기흥구 보정동,D03,FMS,검토필요,시행령 제3조제4호 가목,연장(m),N,용인시,용인시 기흥구청 도로과,api,용인시 본청·소속기관,중처법 공중이용시설,시설물의 안전 및 유지관리에 관한 특별법 · 도로법 · 보행안전 및 편의증진에 관한 법률,,,,,
BR2000-0000084,보정교,교량,도로교량,2종,B등급,20000531,경기도 용인시 기흥구 보정동,D03,FMS,검토필요,시행령 제3조제4호 가목,연장(m),N,용인시,용인시 기흥구청 도로과,api,용인시 본청·소속기관,중처법 공중이용시설,시설물의 안전 및 유지관리에 관한 특별법 · 도로법 · 보행안전 및 편의증진에 관한 법률,,,,,
BR2000-0000090,죽전고가차도,교량,도로교량,1종,B등급,20000531,경기도 용인시 수지구 죽전동,D03,FMS,검토필요,시행령 제3조제4호 가목,연장(m),N,용인시,용인시 수지구청 건설도로과,api,용인시 본청·소속기관,중처법 공중이용시설,시설물의 안전 및 유지관리에 관한 특별법 · 도로법 · 보행안전 및 편의증진에 관한 법률,,,,,
BR2000-0000151,상하교,교량,도로교량,1종,C등급,20001030,경기도 용인시 기흥구 상하동,D03,FMS,검토필요,시행령 제3조제4호 가목,연장(m),N,용인시,용인시 기흥구청 도로과,api,용인시 본청·소속기관,중처법 공중이용시설,시설물의 안전 및 유지관리에 관한 특별법 · 도로법 · 보행안전 및 편의증진에 관한 법률,,,,,
BR2004-0000628,(신)수포교,교량,도로교량,2종,C등급,19971231,경기도 용인시 처인구 유방동,D03,FMS,검토필요,시행령 제3조제4호 가목,연장(m),N,용인시,용인시 처인구청 도로과,api,용인시 본청·소속기관,중처법 공중이용시설,시설물의 안전 및 유지관리에 관한 특별법 · 도로법 · 보행안전 및 편의증진에 관한 법률,,,,,
BR2004-0001988,풍덕고가차도,교량,도로교량,1종,B등급,20040830,경기도 용인시 수지구 풍덕천동,D03,FMS,검토필요,시행령 제3조제4호 가목,연장(m),N,용인시,용인시 수지구청 건설도로과,api,용인시 본청·소속기관,중처법 공중이용시설,시설물의 안전 및 유지관리에 관한 특별법 · 도로법 · 보행안전 및 편의증진에 관한 법률,,,,,
BR2004-0001989,풍덕고가(RAMP-A교),교량,도로교량,1종,B등급,20040830,경기도 용인시 수지구 풍덕천동,D03,FMS,검토필요,시행령 제3조제4호 가목,연장(m),N,용인시,용인시 수지구청 건설도로과,api,용인시 본청·소속기관,중처법 공중이용시설,시설물의 안전 및 유지관리에 관한 특별법 · 도로법 · 보행안전 및 편의증진에 관한 법률,,,,,
BR2004-0001990,풍덕고가(RAMP-B교),교량,도로교량,1종,B등급,20040830,경기도 용인시 수지구 풍덕천동,D03,FMS,검토필요,시행령 제3조제4호 가목,연장(m),N,용인시,용인시 수지구청 건설도로과,api,용인시 본청·소속기관,중처법 공중이용시설,시설물의 안전 및 유지관리에 관한 특별법 · 도로법 · 보행안전 및 편의증진에 관한 법률,,,,,
BR2004-0002027,신갈제1고가차도,교량,도로교량,1종,C등급,20041031,경기도 용인시 기흥구 신갈동,D03,FMS,검토필요,시행령 제3조제4호 가목,연장(m),N,용인시,용인시 기흥구청 도로과,api,용인시 본청·소속기관,중처법 공중이용시설,시설물의 안전 및 유지관리에 관한 특별법 · 도로법 · 보행안전 및 편의증진에 관한 법률,,,,,
BR2004-0002028,신갈제2고가차도,교량,도로교량,1종,B등급,20041031,경기도 용인시 기흥구 신갈동,D03,FMS,검토필요,시행령 제3조제4호 가목,연장(m),N,용인시,용인시 기흥구청 도로과,api,용인시 본청·소속기관,중처법 공중이용시설,시설물의 안전 및 유지관리에 관한 특별법 · 도로법 · 보행안전 및 편의증진에 관한 법률,,,,,
BR2004-0002101,공세1교,교량,도로교량,1종,B등급,20041015,경기도 용인시 기흥구 공세동,D03,FMS,검토필요,시행령 제3조제4호 가목,연장(m),N,용인시,용인시 기흥구청 도로과,api,용인시 본청·소속기관,중처법 공중이용시설,시설물의 안전 및 유지관리에 관한 특별법 · 도로법 · 보행안전 및 편의증진에 관한 법률,,,,,
BR2004-0002102,공세2교,교량,도로교량,1종,B등급,20041015,경기도 용인시 기흥구 공세동,D03,FMS,검토필요,시행령 제3조제4호 가목,연장(m),N,용인시,용인시 기흥구청 도로과,api,용인시 본청·소속기관,중처법 공중이용시설,시설물의 안전 및 유지관리에 관한 특별법 · 도로법 · 보행안전 및 편의증진에 관한 법률,,,,,
BR2004-0002103,상갈육교,교량,도로교량,1종,B등급,20041015,경기도 용인시 기흥구 상갈동,D03,FMS,검토필요,시행령 제3조제4호 가목,연장(m),N,용인시,용인시 기흥구청 도로과,api,용인시 본청·소속기관,중처법 공중이용시설,시설물의 안전 및 유지관리에 관한 특별법 · 도로법 · 보행안전 및 편의증진에 관한 법률,,,,,
BR2005-0000279,남리교(상행선),교량,도로교량,1종,C등급,20041230,경기도 용인시 처인구 남동,D03,FMS,검토필요,시행령 제3조제4호 가목,연장(m),N,용인시,용인시 처인구청 도로과,api,용인시 본청·소속기관,중처법 공중이용시설,시설물의 안전 및 유지관리에 관한 특별법 · 도로법 · 보행안전 및 편의증진에 관한 법률,,,,,
BR2005-0000280,남리교(하행선),교량,도로교량,1종,C등급,20041230,경기도 용인시 처인구 남동,D03,FMS,검토필요,시행령 제3조제4호 가목,연장(m),N,용인시,용인시 처인구청 도로과,api,용인시 본청·소속기관,중처법 공중이용시설,시설물의 안전 및 유지관리에 관한 특별법 · 도로법 · 보행안전 및 편의증진에 관한 법률,,,,,
BR2005-0000281,기선교,교량,도로교량,1종,B등급,20041230,경기도 용인시 처인구 남동,D03,FMS,검토필요,시행령 제3조제4호 가목,연장(m),N,용인시,용인시 처인구청 도로과,api,용인시 본청·소속기관,중처법 공중이용시설,시설물의 안전 및 유지관리에 관한 특별법 · 도로법 · 보행안전 및 편의증진에 관한 법률,,,,,
BR2005-0000282,마평육교(상행선),교량,도로교량,1종,B등급,20041230,경기도 용인시 처인구 마평동,D03,FMS,검토필요,시행령 제3조제4호 가목,연장(m),N,용인시,용인시 처인구청 도로과,api,용인시 본청·소속기관,중처법 공중이용시설,시설물의 안전 및 유지관리에 관한 특별법 · 도로법 · 보행안전 및 편의증진에 관한 법률,,,,,
BR2005-0000283,마평육교(하행선),교량,도로교량,1종,B등급,20041230,경기도 용인시 처인구 마평동,D03,FMS,검토필요,시행령 제3조제4호 가목,연장(m),N,용인시,용인시 처인구청 도로과,api,용인시 본청·소속기관,중처법 공중이용시설,시설물의 안전 및 유지관리에 관한 특별법 · 도로법 · 보행안전 및 편의증진에 관한 법률,,,,,
BR2005-0000637,탄천 1교,교량,도로교량,1종,B등급,20041229,경기도 용인시 수지구 죽전동,D03,FMS,검토필요,시행령 제3조제4호 가목,연장(m),N,용인시,용인시 수지구청 건설도로과,api,용인시 본청·소속기관,중처법 공중이용시설,시설물의 안전 및 유지관리에 관한 특별법 · 도로법 · 보행안전 및 편의증진에 관한 법률,,,,,
BR2005-0000638,현메교,교량,도로교량,1종,B등급,20041229,경기도 용인시 수지구 죽전동,D03,FMS,검토필요,시행령 제3조제4호 가목,연장(m),N,용인시,용인시 수지구청 건설도로과,api,용인시 본청·소속기관,중처법 공중이용시설,시설물의 안전 및 유지관리에 관한 특별법 · 도로법 · 보행안전 및 편의증진에 관한 법률,,,,,
BR2005-0000639,동아고가교,교량,도로교량,1종,B등급,20041229,경기도 용인시 기흥구 보정동,D03,FMS,검토필요,시행령 제3조제4호 가목,연장(m),N,용인시,용인시 기흥구청 도로과,api,용인시 본청·소속기관,중처법 공중이용시설,시설물의 안전 및 유지관리에 관한 특별법 · 도로법 · 보행안전 및 편의증진에 관한 법률,,,,,
BR2005-0000717,신국도43호선 연결램프교,교량,도로교량,1종,B등급,20041229,경기도 용인시 수지구 죽전동,D03,FMS,검토필요,시행령 제3조제4호 가목,연장(m),N,용인시,용인시 수지구청 건설도로과,api,용인시 본청·소속기관,중처법 공중이용시설,시설물의 안전 및 유지관리에 관한 특별법 · 도로법 · 보행안전 및 편의증진에 관한 법률,,,,,
BR2006-0000127,상마곡교(죽전방향),교량,도로교량,1종,B등급,20051229,경기도 용인시 기흥구 마북동,D03,FMS,검토필요,시행령 제3조제4호 가목,연장(m),N,용인시,용인시 기흥구청 도로과,api,용인시 본청·소속기관,중처법 공중이용시설,시설물의 안전 및 유지관리에 관한 특별법 · 도로법 · 보행안전 및 편의증진에 관한 법률,,,,,
BR2006-0000128,상마곡교(동백방향),교량,도로교량,2종,B등급,20051229,경기도 용인시 기흥구 마북동,D03,FMS,검토필요,시행령 제3조제4호 가목,연장(m),N,용인시,용인시 기흥구청 도로과,api,용인시 본청·소속기관,중처법 공중이용시설,시설물의 안전 및 유지관리에 관한 특별법 · 도로법 · 보행안전 및 편의증진에 관한 법률,,,,,
BR2006-0000743,우당육교,교량,도로교량,1종,B등급,20051229,경기도 용인시 기흥구 마북동,D03,FMS,검토필요,시행령 제3조제4호 가목,연장(m),N,용인시,용인시 기흥구청 도로과,api,용인시 본청·소속기관,중처법 공중이용시설,시설물의 안전 및 유지관리에 관한 특별법 · 도로법 · 보행안전 및 편의증진에 관한 법률,,,,,
BR2006-0000827,언동육교,교량,도로교량,2종,B등급,20051229,경기도 용인시 기흥구 언남동,D03,FMS,검토필요,시행령 제3조제4호 가목,연장(m),N,용인시,용인시 기흥구청 도로과,api,용인시 본청·소속기관,중처법 공중이용시설,시설물의 안전 및 유지관리에 관한 특별법 · 도로법 · 보행안전 및 편의증진에 관한 법률,,,,,
BR2007-0000723,수역교,교량,도로교량,2종,C등급,20030630,경기도 용인시 처인구 이동면 어비리,D03,FMS,검토필요,시행령 제3조제4호 가목,연장(m),N,용인시,용인시 처인구청 도로과,api,용인시 본청·소속기관,중처법 공중이용시설,시설물의 안전 및 유지관리에 관한 특별법 · 도로법 · 보행안전 및 편의증진에 관한 법률,,,,,
BR2007-0000724,봉천교,교량,도로교량,2종,C등급,19920816,경기도 용인시 처인구 백암면 용천리,D03,FMS,검토필요,시행령 제3조제4호 가목,연장(m),N,용인시,용인시 처인구청 도로과,api,용인시 본청·소속기관,중처법 공중이용시설,시설물의 안전 및 유지관리에 관한 특별법 · 도로법 · 보행안전 및 편의증진에 관한 법률,,,,,
BR2007-0000725,남리대교,교량,도로교량,2종,C등급,19940712,경기도 용인시 처인구 남동,D03,FMS,검토필요,시행령 제3조제4호 가목,연장(m),N,용인시,용인시 처인구청 도로과,api,용인시 본청·소속기관,중처법 공중이용시설,시설물의 안전 및 유지관리에 관한 특별법 · 도로법 · 보행안전 및 편의증진에 관한 법률,,,,,
BR2007-0000726,유림교,교량,도로교량,2종,C등급,19990109,경기도 용인시 처인구 유방동,D03,FMS,검토필요,시행령 제3조제4호 가목,연장(m),N,용인시,용인시 처인구청 도로과,api,용인시 본청·소속기관,중처법 공중이용시설,시설물의 안전 및 유지관리에 관한 특별법 · 도로법 · 보행안전 및 편의증진에 관한 법률,,,,,
BR2008-0000456,신역1교,교량,도로교량,1종,B등급,20071130,경기도 용인시 기흥구 신갈동,D03,FMS,검토필요,시행령 제3조제4호 가목,연장(m),N,용인시,용인시 기흥구청 도로과,api,용인시 본청·소속기관,중처법 공중이용시설,시설물의 안전 및 유지관리에 관한 특별법 · 도로법 · 보행안전 및 편의증진에 관한 법률,,,,,
BR2008-0000457,흥덕IC교,교량,도로교량,2종,B등급,20071130,경기도 용인시 기흥구 신갈동,D03,FMS,검토필요,시행령 제3조제4호 가목,연장(m),N,용인시,용인시 기흥구청 도로과,api,용인시 본청·소속기관,중처법 공중이용시설,시설물의 안전 및 유지관리에 관한 특별법 · 도로법 · 보행안전 및 편의증진에 관한 법률,,,,,
BR2008-0000636,풍덕천제2고가차도,교량,도로교량,1종,B등급,20080430,경기도 용인시 수지구 죽전동,D03,FMS,검토필요,시행령 제3조제4호 가목,연장(m),N,용인시,용인시 수지구청 건설도로과,api,용인시 본청·소속기관,중처법 공중이용시설,시설물의 안전 및 유지관리에 관한 특별법 · 도로법 · 보행안전 및 편의증진에 관한 법률,,,,,
BR2008-0000700,공세교,교량,도로교량,2종,B등급,20080328,경기도 용인시 기흥구 공세동,D03,FMS,검토필요,시행령 제3조제4호 가목,연장(m),N,용인시,용인시 기흥구청 도로과,api,용인시 본청·소속기관,중처법 공중이용시설,시설물의 안전 및 유지관리에 관한 특별법 · 도로법 · 보행안전 및 편의증진에 관한 법률,,,,,
BR2008-0001067,죽전2교,교량,도로교량,2종,C등급,20011224,경기도 용인시 수지구 죽전동,D03,FMS,검토필요,시행령 제3조제4호 가목,연장(m),N,용인시,용인시 수지구청 건설도로과,api,용인시 본청·소속기관,중처법 공중이용시설,시설물의 안전 및 유지관리에 관한 특별법 · 도로법 · 보행안전 및 편의증진에 관한 법률,,,,,
BR2008-0001312,마성 1R-A교,교량,도로교량,1종,불명,20190520,경기도 용인시 처인구 포곡읍 마성리,D03,FMS,검토필요,시행령 별표3 제1호,연장·최대경간장·상부구조형식,N,용인시,용인시 처인구청 도로과,api,용인시 본청·소속기관,중처법 공중이용시설,시설물의 안전 및 유지관리에 관한 특별법 · 도로법 · 보행안전 및 편의증진에 관한 법률,,,,,
BR2008-0001313,마성 1R-B교,교량,도로교량,1종,불명,20190520,경기도 용인시 처인구 포곡읍 마성리,D03,FMS,검토필요,시행령 별표3 제1호,연장·최대경간장·상부구조형식,N,용인시,용인시 처인구청 도로과,api,용인시 본청·소속기관,중처법 공중이용시설,시설물의 안전 및 유지관리에 관한 특별법 · 도로법 · 보행안전 및 편의증진에 관한 법률,,,,,
BR2008-0001314,마성 2연결교,교량,도로교량,1종,불명,20190520,경기도 용인시 처인구 포곡읍 마성리,D03,FMS,검토필요,시행령 별표3 제1호,연장·최대경간장·상부구조형식,N,용인시,용인시 처인구청 도로과,api,용인시 본청·소속기관,중처법 공중이용시설,시설물의 안전 및 유지관리에 관한 특별법 · 도로법 · 보행안전 및 편의증진에 관한 법률,,,,,
BR2008-0001315,마성 2R-D교,교량,도로교량,2종,불명,20190520,경기도 용인시 처인구 포곡읍 마성리,D03,FMS,검토필요,시행령 별표3 제1호,연장·최대경간장·상부구조형식,N,용인시,용인시 처인구청 도로과,api,용인시 본청·소속기관,중처법 공중이용시설,시설물의 안전 및 유지관리에 관한 특별법 · 도로법 · 보행안전 및 편의증진에 관한 법률,,,,,
BR2009-0000178,제34호교통광장RAMP교,교량,도로교량,1종,B등급,20081210,경기도 용인시 기흥구 영덕동,D03,FMS,검토필요,시행령 제3조제4호 가목,연장(m),N,용인시,용인시 기흥구청 도로과,api,용인시 본청·소속기관,중처법 공중이용시설,시설물의 안전 및 유지관리에 관한 특별법 · 도로법 · 보행안전 및 편의증진에 관한 법률,,,,,
BR2009-0000427,하갈2교,교량,도로교량,1종,B등급,20090531,경기도 용인시 기흥구 하갈동,D03,FMS,검토필요,시행령 제3조제4호 가목,연장(m),N,용인시,용인시 기흥구청 도로과,api,용인시 본청·소속기관,중처법 공중이용시설,시설물의 안전 및 유지관리에 관한 특별법 · 도로법 · 보행안전 및 편의증진에 관한 법률,,,,,
BR2009-0000429,기흥교,교량,도로교량,1종,B등급,20090530,경기도 용인시 기흥구 고매동,D03,FMS,검토필요,시행령 제3조제4호 가목,연장(m),N,용인시,용인시 기흥구청 도로과,api,용인시 본청·소속기관,중처법 공중이용시설,시설물의 안전 및 유지관리에 관한 특별법 · 도로법 · 보행안전 및 편의증진에 관한 법률,,,,,
BR2009-0000430,기흥1교,교량,도로교량,1종,B등급,20090530,경기도 용인시 기흥구 농서동,D03,FMS,검토필요,시행령 제3조제4호 가목,연장(m),N,용인시,용인시 기흥구청 도로과,api,용인시 본청·소속기관,중처법 공중이용시설,시설물의 안전 및 유지관리에 관한 특별법 · 도로법 · 보행안전 및 편의증진에 관한 법률,,,,,
BR2009-0000597,영덕교,교량,도로교량,1종,B등급,20090829,경기도 용인시 기흥구 영덕동,D03,FMS,검토필요,시행령 제3조제4호 가목,연장(m),N,용인시,용인시 기흥구청 도로과,api,용인시 본청·소속기관,중처법 공중이용시설,시설물의 안전 및 유지관리에 관한 특별법 · 도로법 · 보행안전 및 편의증진에 관한 법률,,,,,
BR2009-0000598,영덕1교,교량,도로교량,1종,B등급,20090829,경기도 용인시 기흥구 영덕동,D03,FMS,검토필요,시행령 제3조제4호 가목,연장(m),N,용인시,용인시 기흥구청 도로과,api,용인시 본청·소속기관,중처법 공중이용시설,시설물의 안전 및 유지관리에 관한 특별법 · 도로법 · 보행안전 및 편의증진에 관한 법률,,,,,
BR2009-0000599,하갈1교,교량,도로교량,1종,C등급,20090829,경기도 용인시 기흥구 하갈동,D03,FMS,검토필요,시행령 제3조제4호 가목,연장(m),N,용인시,용인시 기흥구청 도로과,api,용인시 본청·소속기관,중처법 공중이용시설,시설물의 안전 및 유지관리에 관한 특별법 · 도로법 · 보행안전 및 편의증진에 관한 법률,,,,,
BR2009-0000600,청명RAMP-B1교,교량,도로교량,1종,B등급,20090829,경기도 용인시 기흥구 하갈동,D03,FMS,검토필요,시행령 제3조제4호 가목,연장(m),N,용인시,용인시 기흥구청 도로과,api,용인시 본청·소속기관,중처법 공중이용시설,시설물의 안전 및 유지관리에 관한 특별법 · 도로법 · 보행안전 및 편의증진에 관한 법률,,,,,
BR2009-0000601,청명RAMP-C교,교량,도로교량,1종,B등급,20090829,경기도 용인시 기흥구 하갈동,D03,FMS,검토필요,시행령 제3조제4호 가목,연장(m),N,용인시,용인시 기흥구청 도로과,api,용인시 본청·소속기관,중처법 공중이용시설,시설물의 안전 및 유지관리에 관한 특별법 · 도로법 · 보행안전 및 편의증진에 관한 법률,,,,,
BR2010-0000471,청덕고가차도,교량,도로교량,1종,B등급,20090630,경기도 용인시 기흥구 청덕동,D03,FMS,검토필요,시행령 제3조제4호 가목,연장(m),N,용인시,용인시 기흥구청 도로과,api,용인시 본청·소속기관,중처법 공중이용시설,시설물의 안전 및 유지관리에 관한 특별법 · 도로법 · 보행안전 및 편의증진에 관한 법률,,,,,
BR2011-0001084,갈천교,교량,도로교량,2종,B등급,20110726,경기도 용인시 기흥구 상갈동,D03,FMS,검토필요,시행령 제3조제4호 가목,연장(m),N,용인시,용인시 기흥구청 도로과,api,용인시 본청·소속기관,중처법 공중이용시설,시설물의 안전 및 유지관리에 관한 특별법 · 도로법 · 보행안전 및 편의증진에 관한 법률,,,,,
BR2012-0000256,유운교,교량,도로교량,2종,C등급,20031231,경기도 용인시 처인구 옥현로,D03,FMS,검토필요,시행령 제3조제4호 가목,연장(m),N,용인시,용인시 처인구청 도로과,api,용인시 본청·소속기관,중처법 공중이용시설,시설물의 안전 및 유지관리에 관한 특별법 · 도로법 · 보행안전 및 편의증진에 관한 법률,,,,,
BR2013-0000007,동백2교 상행(동백방향),교량,도로교량,1종,B등급,20120930,경기도 용인시 기흥구 동백동,D03,FMS,검토필요,시행령 제3조제4호 가목,연장(m),N,용인시,용인시 기흥구청 도로과,api,용인시 본청·소속기관,중처법 공중이용시설,시설물의 안전 및 유지관리에 관한 특별법 · 도로법 · 보행안전 및 편의증진에 관한 법률,,,,,
BR2013-0000008,동백2교 하행(마성방향),교량,도로교량,1종,B등급,20120930,경기도 용인시 기흥구 동백동,D03,FMS,검토필요,시행령 제3조제4호 가목,연장(m),N,용인시,용인시 기흥구청 도로과,api,용인시 본청·소속기관,중처법 공중이용시설,시설물의 안전 및 유지관리에 관한 특별법 · 도로법 · 보행안전 및 편의증진에 관한 법률,,,,,
BR2013-0000319,상미교,교량,도로교량,1종,B등급,20111127,경기도 용인시 기흥구 신갈동,D03,FMS,검토필요,시행령 제3조제4호 가목,연장(m),N,용인시,용인시 기흥구청 도로과,api,용인시 본청·소속기관,중처법 공중이용시설,시설물의 안전 및 유지관리에 관한 특별법 · 도로법 · 보행안전 및 편의증진에 관한 법률,,,,,
BR2013-0000320,신갈교,교량,도로교량,1종,B등급,20111127,경기도 용인시 기흥구 신갈동,D03,FMS,검토필요,시행령 제3조제4호 가목,연장(m),N,용인시,용인시 기흥구청 도로과,api,용인시 본청·소속기관,중처법 공중이용시설,시설물의 안전 및 유지관리에 관한 특별법 · 도로법 · 보행안전 및 편의증진에 관한 법률,,,,,
BR2013-0000652,삼막곡교,교량,도로교량,2종,B등급,20081001,경기도 용인시 기흥구 보정동,D03,FMS,검토필요,시행령 제3조제4호 가목,연장(m),N,용인시,용인시 기흥구청 도로과,api,용인시 본청·소속기관,중처법 공중이용시설,시설물의 안전 및 유지관리에 관한 특별법 · 도로법 · 보행안전 및 편의증진에 관한 법률,,,,,
BR2013-0000653,마복교,교량,도로교량,2종,B등급,20081001,경기도 용인시 기흥구 보정동,D03,FMS,검토필요,시행령 제3조제4호 가목,연장(m),N,용인시,용인시 기흥구청 도로과,api,용인시 본청·소속기관,중처법 공중이용시설,시설물의 안전 및 유지관리에 관한 특별법 · 도로법 · 보행안전 및 편의증진에 관한 법률,,,,,
BR2015-0000118,고매2교(성남방향),교량,도로교량,1종,B등급,20150430,경기도 용인시 기흥구 고매로,D03,FMS,검토필요,시행령 제3조제4호 가목,연장(m),N,용인시,용인시 기흥구청 도로과,api,용인시 본청·소속기관,중처법 공중이용시설,시설물의 안전 및 유지관리에 관한 특별법 · 도로법 · 보행안전 및 편의증진에 관한 법률,,,,,
BR2015-0000119,고매2교(오산방향),교량,도로교량,1종,B등급,20150430,경기도 용인시 기흥구 고매로,D03,FMS,검토필요,시행령 제3조제4호 가목,연장(m),N,용인시,용인시 기흥구청 도로과,api,용인시 본청·소속기관,중처법 공중이용시설,시설물의 안전 및 유지관리에 관한 특별법 · 도로법 · 보행안전 및 편의증진에 관한 법률,,,,,
BR2019-0000041,초부교,교량,도로교량,2종,불명,20190104,경기도 용인시 처인구 모현면 초부리,D03,FMS,검토필요,시행령 별표3 제1호,연장·최대경간장·상부구조형식,N,용인시,용인시 처인구청 도로과,api,용인시 본청·소속기관,중처법 공중이용시설,시설물의 안전 및 유지관리에 관한 특별법 · 도로법 · 보행안전 및 편의증진에 관한 법률,,,,,
BR2019-0000061,구갈1교(수원방향),교량,도로교량,2종,불명,20190420,경기도 용인시 기흥구 상하동,D03,FMS,검토필요,시행령 별표3 제1호,연장·최대경간장·상부구조형식,N,용인시,용인시 기흥구청 도로과,api,용인시 본청·소속기관,중처법 공중이용시설,시설물의 안전 및 유지관리에 관한 특별법 · 도로법 · 보행안전 및 편의증진에 관한 법률,,,,,
BR2019-0000062,구갈1교(용인방향),교량,도로교량,2종,불명,20190420,경기도 용인시 기흥구 상하동,D03,FMS,검토필요,시행령 별표3 제1호,연장·최대경간장·상부구조형식,N,용인시,용인시 기흥구청 도로과,api,용인시 본청·소속기관,중처법 공중이용시설,시설물의 안전 및 유지관리에 관한 특별법 · 도로법 · 보행안전 및 편의증진에 관한 법률,,,,,
BR2019-0000063,상갈2교(수원방향),교량,도로교량,2종,불명,20190420,경기도 용인시 기흥구 구갈동,D03,FMS,검토필요,시행령 별표3 제1호,연장·최대경간장·상부구조형식,N,용인시,용인시 기흥구청 도로과,api,용인시 본청·소속기관,중처법 공중이용시설,시설물의 안전 및 유지관리에 관한 특별법 · 도로법 · 보행안전 및 편의증진에 관한 법률,,,,,
BR2019-0000064,상갈4교(수원방향),교량,도로교량,2종,불명,20190420,경기도 용인시 기흥구 구갈동,D03,FMS,검토필요,시행령 별표3 제1호,연장·최대경간장·상부구조형식,N,용인시,용인시 기흥구청 도로과,api,용인시 본청·소속기관,중처법 공중이용시설,시설물의 안전 및 유지관리에 관한 특별법 · 도로법 · 보행안전 및 편의증진에 관한 법률,,,,,
BR2019-0000065,상갈4교(용인방향),교량,도로교량,2종,불명,20190420,경기도 용인시 기흥구 구갈동,D03,FMS,검토필요,시행령 별표3 제1호,연장·최대경간장·상부구조형식,N,용인시,용인시 기흥구청 도로과,api,용인시 본청·소속기관,중처법 공중이용시설,시설물의 안전 및 유지관리에 관한 특별법 · 도로법 · 보행안전 및 편의증진에 관한 법률,,,,,
BR2019-0000066,신갈고가교(수원방향),교량,도로교량,1종,불명,20190420,경기도 용인시 기흥구 상갈동,D03,FMS,검토필요,시행령 별표3 제1호,연장·최대경간장·상부구조형식,N,용인시,용인시 기흥구청 도로과,api,용인시 본청·소속기관,중처법 공중이용시설,시설물의 안전 및 유지관리에 관한 특별법 · 도로법 · 보행안전 및 편의증진에 관한 법률,,,,,
BR2019-0000067,신갈고가교(용인방향),교량,도로교량,1종,불명,20190420,경기도 용인시 기흥구 상갈동,D03,FMS,검토필요,시행령 별표3 제1호,연장·최대경간장·상부구조형식,N,용인시,용인시 기흥구청 도로과,api,용인시 본청·소속기관,중처법 공중이용시설,시설물의 안전 및 유지관리에 관한 특별법 · 도로법 · 보행안전 및 편의증진에 관한 법률,,,,,
BR2019-0000068,어정1교(수원방향),교량,도로교량,2종,불명,20190420,경기도 용인시 기흥구 상하동,D03,FMS,검토필요,시행령 별표3 제1호,연장·최대경간장·상부구조형식,N,용인시,용인시 기흥구청 도로과,api,용인시 본청·소속기관,중처법 공중이용시설,시설물의 안전 및 유지관리에 관한 특별법 · 도로법 · 보행안전 및 편의증진에 관한 법률,,,,,
BR2019-0000069,어정1교(용인방향),교량,도로교량,2종,불명,20190420,경기도 용인시 기흥구 상하동,D03,FMS,검토필요,시행령 별표3 제1호,연장·최대경간장·상부구조형식,N,용인시,용인시 기흥구청 도로과,api,용인시 본청·소속기관,중처법 공중이용시설,시설물의 안전 및 유지관리에 관한 특별법 · 도로법 · 보행안전 및 편의증진에 관한 법률,,,,,
BR2019-0000070,어정R-D1교,교량,도로교량,2종,불명,20190420,경기도 용인시 기흥구 구갈동,D03,FMS,검토필요,시행령 별표3 제1호,연장·최대경간장·상부구조형식,N,용인시,용인시 기흥구청 도로과,api,용인시 본청·소속기관,중처법 공중이용시설,시설물의 안전 및 유지관리에 관한 특별법 · 도로법 · 보행안전 및 편의증진에 관한 법률,,,,,
BR2020-0000150,영덕교(신갈~수지),교량,도로교량,1종,불명,20201028,경기도 용인시 기흥구 영덕동,D03,FMS,검토필요,시행령 별표3 제1호,연장·최대경간장·상부구조형식,N,용인시,용인시 기흥구청 도로과,api,용인시 본청·소속기관,중처법 공중이용시설,시설물의 안전 및 유지관리에 관한 특별법 · 도로법 · 보행안전 및 편의증진에 관한 법률,,,,,
CS1960-0000004,신갈오거리복개구조물,교량,복개구조물,2종,B등급,19601231,경기도 용인시 기흥구 신갈동,D03,FMS,검토필요,시행령 제3조제4호 가목,연장(m),N,용인시,용인시 기흥구청 도로과,api,용인시 본청·소속기관,중처법 공중이용시설,시설물의 안전 및 유지관리에 관한 특별법 · 도로법 · 보행안전 및 편의증진에 관한 법률,,,,,
CS1999-0000001,고매복개천교,교량,복개구조물,2종,B등급,19990731,경기도 용인시 기흥구 고매동,D03,FMS,검토필요,시행령 제3조제4호 가목,연장(m),N,용인시,용인시 기흥구청 도로과,api,용인시 본청·소속기관,중처법 공중이용시설,시설물의 안전 및 유지관리에 관한 특별법 · 도로법 · 보행안전 및 편의증진에 관한 법률,,,,,
CS2004-0000197,남산3교,교량,복개구조물,2종,B등급,20040701,경기도 용인시 기흥구 마북동,D03,FMS,검토필요,시행령 제3조제4호 가목,연장(m),N,용인시,용인시 기흥구청 도로과,api,용인시 본청·소속기관,중처법 공중이용시설,시설물의 안전 및 유지관리에 관한 특별법 · 도로법 · 보행안전 및 편의증진에 관한 법률,,,,,
CS2010-0000007,복개BOX,교량,복개구조물,2종,B등급,20090630,경기도 용인시 기흥구 청덕동,D03,FMS,검토필요,시행령 제3조제4호 가목,연장(m),N,용인시,용인시 기흥구청 도로과,api,용인시 본청·소속기관,중처법 공중이용시설,시설물의 안전 및 유지관리에 관한 특별법 · 도로법 · 보행안전 및 편의증진에 관한 법률,,,,,
RW2002-0000002,이현중학교 앞 옹벽,옹벽,도로옹벽,2종,A등급,20020719,경기도 용인시 수지구 풍덕천동,D03,FMS,검토필요,중처법 제2조제4호 단서,교육시설 부대시설 여부,N,용인시,용인시 수지구청 건설도로과,api,용인시 본청·소속기관,중처법 공중이용시설,시설물의 안전 및 유지관리에 관한 특별법 · 도로법 · 급경사지 재해예방에 관한 법률,,,,,
RW2005-0000071,용인죽전1공구 내 RC옹벽 3호,옹벽,도로옹벽,2종,A등급,20041229,경기도 용인시 수지구 죽전동,D03,FMS,검토필요,시행령 별표3 제8호,노출높이·수평연장,N,용인시,용인시 수지구청 건설도로과,api,용인시 본청·소속기관,중처법 공중이용시설,시설물의 안전 및 유지관리에 관한 특별법 · 도로법 · 급경사지 재해예방에 관한 법률,,,,,
RW2006-0000050,동백연수원간 보강토옹벽 1호,옹벽,도로옹벽,2종,A등급,20051229,경기도 용인시 기흥구 청덕동,D03,FMS,검토필요,시행령 별표3 제8호,노출높이·수평연장,N,용인시,용인시 기흥구청 도로과,api,용인시 본청·소속기관,중처법 공중이용시설,시설물의 안전 및 유지관리에 관한 특별법 · 도로법 · 급경사지 재해예방에 관한 법률,,,,,
RW2006-0000051,동백연수원간 보강토옹벽 2호,옹벽,도로옹벽,2종,A등급,20051229,경기도 용인시 기흥구 청덕동,D03,FMS,검토필요,시행령 별표3 제8호,노출높이·수평연장,N,용인시,용인시 기흥구청 도로과,api,용인시 본청·소속기관,중처법 공중이용시설,시설물의 안전 및 유지관리에 관한 특별법 · 도로법 · 급경사지 재해예방에 관한 법률,,,,,
RW2007-0000127,동백동 도로옹벽,옹벽,도로옹벽,2종,A등급,20070813,경기도 용인시 기흥구 동백동,D03,FMS,검토필요,시행령 별표3 제8호,노출높이·수평연장,N,용인시,용인시 기흥구청 도로과,api,용인시 본청·소속기관,중처법 공중이용시설,시설물의 안전 및 유지관리에 관한 특별법 · 도로법 · 급경사지 재해예방에 관한 법률,,,,,
RW2008-0000019,용인보라도로옹벽,옹벽,도로옹벽,2종,A등급,20080103,경기도 용인시 기흥구 보라동,D03,FMS,검토필요,시행령 별표3 제8호,노출높이·수평연장,N,용인시,용인시 기흥구청 도로과,api,용인시 본청·소속기관,중처법 공중이용시설,시설물의 안전 및 유지관리에 관한 특별법 · 도로법 · 급경사지 재해예방에 관한 법률,,,,,
RW2008-0000077,강재틀 옹벽,옹벽,도로옹벽,2종,A등급,20080328,경기도 용인시 기흥구 공세동,D03,FMS,검토필요,시행령 별표3 제8호,노출높이·수평연장,N,용인시,용인시 기흥구청 도로과,api,용인시 본청·소속기관,중처법 공중이용시설,시설물의 안전 및 유지관리에 관한 특별법 · 도로법 · 급경사지 재해예방에 관한 법률,,,,,
RW2008-0000173,용인시청소년수련원 대운동장 보강토옹벽,옹벽,기타옹벽,2종,A등급,20081224,경기도 용인시 처인구 양지면,D03,FMS,검토필요,시행령 별표3 제8호,노출높이·수평연장,N,용인시,용인시 교육청소년과 용인시청소년수련원,api,용인시 본청·소속기관,중처법 공중이용시설,시설물의 안전 및 유지관리에 관한 특별법 · 급경사지 재해예방에 관한 법률 · 사방사업법,,,,,
RW2008-0000175,보강토옹벽(마성1교차로 RAMP-B교: 우측),옹벽,도로옹벽,2종,불명,20190520,경기도 용인시 처인구 포곡읍 마성리,D03,FMS,검토필요,시행령 별표3 제8호,노출높이·수평연장,N,용인시,용인시 처인구청 도로과,api,용인시 본청·소속기관,중처법 공중이용시설,시설물의 안전 및 유지관리에 관한 특별법 · 도로법 · 급경사지 재해예방에 관한 법률,,,,,
RW2008-0000176,보강토옹벽(LINE11),옹벽,도로옹벽,2종,불명,20190520,경기도 용인시 처인구 포곡읍 마성리,D03,FMS,검토필요,시행령 별표3 제8호,노출높이·수평연장,N,용인시,용인시 처인구청 도로과,api,용인시 본청·소속기관,중처법 공중이용시설,시설물의 안전 및 유지관리에 관한 특별법 · 도로법 · 급경사지 재해예방에 관한 법률,,,,,
RW2010-0000078,보강토 옹벽 1호,옹벽,도로옹벽,2종,A등급,20090630,경기도 용인시 기흥구 청덕동,D03,FMS,검토필요,시행령 별표3 제8호,노출높이·수평연장,N,용인시,용인시 기흥구청 도로과,api,용인시 본청·소속기관,중처법 공중이용시설,시설물의 안전 및 유지관리에 관한 특별법 · 도로법 · 급경사지 재해예방에 관한 법률,,,,,
RW2010-0000079,보강토 옹벽 3호,옹벽,도로옹벽,2종,A등급,20090630,경기도 용인시 기흥구 청덕동,D03,FMS,검토필요,시행령 별표3 제8호,노출높이·수평연장,N,용인시,용인시 기흥구청 도로과,api,용인시 본청·소속기관,중처법 공중이용시설,시설물의 안전 및 유지관리에 관한 특별법 · 도로법 · 급경사지 재해예방에 관한 법률,,,,,
RW2010-0000080,향린동산진입도로 보강토 옹벽,옹벽,도로옹벽,2종,A등급,20090630,경기도 용인시 기흥구 청덕동,D03,FMS,검토필요,시행령 별표3 제8호,노출높이·수평연장,N,용인시,용인시 기흥구청 도로과,api,용인시 본청·소속기관,중처법 공중이용시설,시설물의 안전 및 유지관리에 관한 특별법 · 도로법 · 급경사지 재해예방에 관한 법률,,,,,
RW2011-0000080,중로2-1옹벽,옹벽,도로옹벽,2종,A등급,20090428,경기도 용인시 수지구 동천동,D03,FMS,검토필요,시행령 별표3 제8호,노출높이·수평연장,N,용인시,용인시 수지구청 건설도로과,api,용인시 본청·소속기관,중처법 공중이용시설,시설물의 안전 및 유지관리에 관한 특별법 · 도로법 · 급경사지 재해예방에 관한 법률,,,,,
RW2012-0000001,PEM옹벽,옹벽,도로옹벽,2종,A등급,20110930,경기도 용인시 수지구 성복동,D03,FMS,검토필요,시행령 별표3 제8호,노출높이·수평연장,N,용인시,용인시 수지구청 건설도로과,api,용인시 본청·소속기관,중처법 공중이용시설,시설물의 안전 및 유지관리에 관한 특별법 · 도로법 · 급경사지 재해예방에 관한 법률,,,,,
RW2012-0000123,석벽43호,옹벽,도로옹벽,2종,A등급,20120930,경기도 용인시 수지구 상현동,D03,FMS,검토필요,시행령 별표3 제8호,노출높이·수평연장,N,용인시,용인시 수지구청 건설도로과,api,용인시 본청·소속기관,중처법 공중이용시설,시설물의 안전 및 유지관리에 관한 특별법 · 도로법 · 급경사지 재해예방에 관한 법률,,,,,
RW2013-0000137,용인 평온의 숲,옹벽,건축물옹벽,2종,A등급,20130721,경기도 용인시 처인구 이동면 어비리,D03,FMS,검토필요,시행령 별표3 제8호,노출높이·수평연장,N,용인도시공사,용인도시공사,api,지방공기업 — 중처법 제2조제9호나목의 별도 경영책임자,위탁 시설(용인도시공사 운영),시설물의 안전 및 유지관리에 관한 특별법 · 석면안전관리법 · 급경사지 재해예방에 관한 법률,,,,위탁(용인도시공사 운영),소유(용인시 여부)·위탁 계약 확인 필요 — 용인시 소유·위탁이면 중대재해처벌법 제9조제3항으로 용인시장 의무도 걸림
RW2017-0000261,용인미르스타디움 옹벽,옹벽,건축물옹벽,2종,A등급,20171120,경기도 용인시 처인구 동백죽전대로,D03,FMS,검토필요,시행령 별표3 제8호,노출높이·수평연장,N,용인도시공사,용인도시공사,api,지방공기업 — 중처법 제2조제9호나목의 별도 경영책임자,위탁 시설(용인도시공사 운영),시설물의 안전 및 유지관리에 관한 특별법 · 석면안전관리법 · 급경사지 재해예방에 관한 법률,,,,위탁(용인도시공사 운영),소유(용인시 여부)·위탁 계약 확인 필요 — 용인시 소유·위탁이면 중대재해처벌법 제9조제3항으로 용인시장 의무도 걸림
RW2019-0000031,보강토옹벽(Sta.3+647~3+801(L)),옹벽,도로옹벽,2종,불명,20190420,경기도 용인시 기흥구 구갈동,D03,FMS,검토필요,시행령 별표3 제8호,노출높이·수평연장,N,용인시,용인시 기흥구청 도로과,api,용인시 본청·소속기관,중처법 공중이용시설,시설물의 안전 및 유지관리에 관한 특별법 · 도로법 · 급경사지 재해예방에 관한 법률,,,,,
RW2019-0000032,보강토옹벽(Sta.4+018~4+250(L)),옹벽,도로옹벽,2종,불명,20190420,경기도 용인시 기흥구 상하동,D03,FMS,검토필요,시행령 별표3 제8호,노출높이·수평연장,N,용인시,용인시 기흥구청 도로과,api,용인시 본청·소속기관,중처법 공중이용시설,시설물의 안전 및 유지관리에 관한 특별법 · 도로법 · 급경사지 재해예방에 관한 법률,,,,,
RW2019-0000033,보강토옹벽(Sta.4+260~4+392(L)),옹벽,도로옹벽,2종,불명,20190420,경기도 용인시 기흥구 상하동,D03,FMS,검토필요,시행령 별표3 제8호,노출높이·수평연장,N,용인시,용인시 기흥구청 도로과,api,용인시 본청·소속기관,중처법 공중이용시설,시설물의 안전 및 유지관리에 관한 특별법 · 도로법 · 급경사지 재해예방에 관한 법률,,,,,
RW2019-0000034,성토부 보강토옹벽(LINE3),옹벽,도로옹벽,2종,불명,20190420,경기도 용인시 기흥구 상갈동,D03,FMS,검토필요,시행령 별표3 제8호,노출높이·수평연장,N,용인시,용인시 기흥구청 도로과,api,용인시 본청·소속기관,중처법 공중이용시설,시설물의 안전 및 유지관리에 관한 특별법 · 도로법 · 급경사지 재해예방에 관한 법률,,,,,
RW2019-0000035,성토부 보강토옹벽(LINE5),옹벽,도로옹벽,2종,불명,20190420,경기도 용인시 기흥구 구갈동,D03,FMS,검토필요,시행령 별표3 제8호,노출높이·수평연장,N,용인시,용인시 기흥구청 도로과,api,용인시 본청·소속기관,중처법 공중이용시설,시설물의 안전 및 유지관리에 관한 특별법 · 도로법 · 급경사지 재해예방에 관한 법률,,,,,
RW2019-0000037,중1-53호 TD옹벽,옹벽,도로옹벽,2종,불명,20190530,경기도 용인시 처인구 유방동,D03,FMS,검토필요,시행령 별표3 제8호,노출높이·수평연장,N,용인시,용인시 처인구청 도로과,api,용인시 본청·소속기관,중처법 공중이용시설,시설물의 안전 및 유지관리에 관한 특별법 · 도로법 · 급경사지 재해예방에 관한 법률,,,,,
RW2019-0000059,GPA옹벽,옹벽,도로옹벽,2종,불명,20190614,경기도 용인시 기흥구 언남동,D03,FMS,검토필요,시행령 별표3 제8호,노출높이·수평연장,N,용인시,용인시 기흥구청 도로과,api,용인시 본청·소속기관,중처법 공중이용시설,시설물의 안전 및 유지관리에 관한 특별법 · 도로법 · 급경사지 재해예방에 관한 법률,,,,,
RW2019-0000060,보강토옹벽 1구간,옹벽,도로옹벽,2종,불명,20190614,경기도 용인시 기흥구 언남동,D03,FMS,검토필요,시행령 별표3 제8호,노출높이·수평연장,N,용인시,용인시 기흥구청 도로과,api,용인시 본청·소속기관,중처법 공중이용시설,시설물의 안전 및 유지관리에 관한 특별법 · 도로법 · 급경사지 재해예방에 관한 법률,,,,,
RW2019-0000061,보강토옹벽 2구간,옹벽,도로옹벽,2종,불명,20190614,경기도 용인시 기흥구 언남동,D03,FMS,검토필요,시행령 별표3 제8호,노출높이·수평연장,N,용인시,용인시 기흥구청 도로과,api,용인시 본청·소속기관,중처법 공중이용시설,시설물의 안전 및 유지관리에 관한 특별법 · 도로법 · 급경사지 재해예방에 관한 법률,,,,,
RW2020-0000152,중(집)2-1 합벽식옹벽(CEP),옹벽,기타옹벽,2종,불명,20200522,경기도 용인시 처인구 이동읍,D03,FMS,검토필요,시행령 별표3 제8호,노출높이·수평연장,N,용인시,용인시 처인구청 도시미관과,api,용인시 본청·소속기관,중처법 공중이용시설,시설물의 안전 및 유지관리에 관한 특별법 · 급경사지 재해예방에 관한 법률 · 사방사업법,,,,,
RW2020-0000153,가도-산업6 합벽식옹벽(PPP),옹벽,기타옹벽,2종,불명,20200522,경기도 용인시 처인구 이동읍,D03,FMS,검토필요,시행령 별표3 제8호,노출높이·수평연장,N,용인시,용인시 처인구청 도시미관과,api,용인시 본청·소속기관,중처법 공중이용시설,시설물의 안전 및 유지관리에 관한 특별법 · 급경사지 재해예방에 관한 법률 · 사방사업법,,,,,
RW2020-0000154,중(국)3-10 합벽식옹벽(PPP),옹벽,기타옹벽,2종,불명,20200522,경기도 용인시 처인구 이동읍,D03,FMS,검토필요,시행령 별표3 제8호,노출높이·수평연장,N,용인시,용인시 처인구청 도시미관과,api,용인시 본청·소속기관,중처법 공중이용시설,시설물의 안전 및 유지관리에 관한 특별법 · 급경사지 재해예방에 관한 법률 · 사방사업법,,,,,
RW2020-0000155,블록식 보강토 옹벽,옹벽,기타옹벽,2종,불명,20200522,경기도 용인시 처인구 이동읍,D03,FMS,검토필요,시행령 별표3 제8호,노출높이·수평연장,N,용인시,용인시 처인구청 도시미관과,api,용인시 본청·소속기관,중처법 공중이용시설,시설물의 안전 및 유지관리에 관한 특별법 · 급경사지 재해예방에 관한 법률 · 사방사업법,,,,,
ST2005-0000048,기흥레스피아,상하수도,공공하수처리시설,2종,B등급,20050811,경기도 용인시 기흥읍,D05,FMS,검토필요,시행령 별표3 제7호 나목,1일 최대처리용량(톤),N,용인시,용인시 하수도사업소,web,용인시 상하수도사업소 누리집 「레스피아 현황」(하수운영과) · 하수도법 공공하수도,중처법 공중이용시설,시설물의 안전 및 유지관리에 관한 특별법 · 하수도법 · 수도법,,,,,
ST2005-0000049,구갈레스피아,상하수도,공공하수처리시설,2종,B등급,20050731,경기도 용인시 기흥구 중부대로,D05,FMS,검토필요,시행령 별표3 제7호 나목,1일 최대처리용량(톤),N,용인시,용인시 하수도사업소,web,용인시 상하수도사업소 누리집 「레스피아 현황」(하수운영과) · 하수도법 공공하수도,중처법 공중이용시설,시설물의 안전 및 유지관리에 관한 특별법 · 하수도법 · 수도법,,,,,
ST2009-0000031,영덕레스피아,상하수도,공공하수처리시설,2종,B등급,20090730,경기도 용인시 기흥구 영덕동,D05,FMS,검토필요,시행령 별표3 제7호 나목,1일 최대처리용량(톤),N,용인시,용인시 하수도사업소,web,용인시 상하수도사업소 누리집 「레스피아 현황」(하수운영과) · 하수도법 공공하수도,중처법 공중이용시설,시설물의 안전 및 유지관리에 관한 특별법 · 하수도법 · 수도법,,,,,
ST2010-0000022,수지레스피아,상하수도,공공하수처리시설,2종,B등급,20100226,경기도 용인시 수지구 포은대로,D05,FMS,검토필요,시행령 별표3 제7호 나목,1일 최대처리용량(톤),N,용인시,용인시 하수도사업소,web,용인시 상하수도사업소 누리집 「레스피아 현황」(하수운영과) · 하수도법 공공하수도,중처법 공중이용시설,시설물의 안전 및 유지관리에 관한 특별법 · 하수도법 · 수도법,,,,,
ST2010-0000023,상현레스피아,상하수도,공공하수처리시설,2종,A등급,20100226,경기도 용인시 수지구 광교마을로,D05,FMS,검토필요,시행령 별표3 제7호 나목,1일 최대처리용량(톤),N,용인시,용인시 하수도사업소,law,하수도법 제2조 공공하수도(지방자치단체가 설치·관리) — 용인시 하수도사업소,중처법 공중이용시설,시설물의 안전 및 유지관리에 관한 특별법 · 하수도법 · 수도법,,,,,
ST2010-0000024,고매레스피아,상하수도,공공하수처리시설,2종,A등급,20100226,경기도 용인시 기흥구 농서동,D05,FMS,검토필요,시행령 별표3 제7호 나목,1일 최대처리용량(톤),N,용인시,용인시 하수도사업소,law,하수도법 제2조 공공하수도(지방자치단체가 설치·관리) — 용인시 하수도사업소,중처법 공중이용시설,시설물의 안전 및 유지관리에 관한 특별법 · 하수도법 · 수도법,,,,,
ST2010-0000025,서천레스피아,상하수도,공공하수처리시설,2종,B등급,20100226,경기도 용인시 기흥구 서천동,D05,FMS,검토필요,시행령 별표3 제7호 나목,1일 최대처리용량(톤),N,용인시,용인시 하수도사업소,law,하수도법 제2조 공공하수도(지방자치단체가 설치·관리) — 용인시 하수도사업소,중처법 공중이용시설,시설물의 안전 및 유지관리에 관한 특별법 · 하수도법 · 수도법,,,,,
ST2010-0000026,모현레스피아,상하수도,공공하수처리시설,2종,B등급,20100226,경기도 용인시 처인구 모현읍,D05,FMS,검토필요,시행령 별표3 제7호 나목,1일 최대처리용량(톤),N,용인시,용인시 하수도사업소,law,하수도법 제2조 공공하수도(지방자치단체가 설치·관리) — 용인시 하수도사업소,중처법 공중이용시설,시설물의 안전 및 유지관리에 관한 특별법 · 하수도법 · 수도법,,,,,
ST2010-0000027,동부레스피아,상하수도,공공하수처리시설,2종,A등급,20100226,경기도 용인시 처인구 동부로162번길,D05,FMS,검토필요,시행령 별표3 제7호 나목,1일 최대처리용량(톤),N,용인시,용인시 하수도사업소,law,하수도법 제2조 공공하수도(지방자치단체가 설치·관리) — 용인시 하수도사업소,중처법 공중이용시설,시설물의 안전 및 유지관리에 관한 특별법 · 하수도법 · 수도법,,,,,
ST2010-0000028,백암레스피아,상하수도,공공하수처리시설,2종,A등급,20100226,경기도 용인시 처인구 근창로35번길,D05,FMS,검토필요,시행령 별표3 제7호 나목,1일 최대처리용량(톤),N,용인시,용인시 하수도사업소,law,하수도법 제2조 공공하수도(지방자치단체가 설치·관리) — 용인시 하수도사업소,중처법 공중이용시설,시설물의 안전 및 유지관리에 관한 특별법 · 하수도법 · 수도법,,,,,
ST2010-0000029,송전레스피아,상하수도,공공하수처리시설,2종,B등급,20100226,경기도 용인시 처인구 이동면 송전리,D05,FMS,검토필요,시행령 별표3 제7호 나목,1일 최대처리용량(톤),N,용인시,용인시 하수도사업소,law,하수도법 제2조 공공하수도(지방자치단체가 설치·관리) — 용인시 하수도사업소,중처법 공중이용시설,시설물의 안전 및 유지관리에 관한 특별법 · 하수도법 · 수도법,,,,,
ST2010-0000030,천리레스피아,상하수도,공공하수처리시설,2종,B등급,20100226,경기도 용인시 처인구 덕성로,D05,FMS,검토필요,시행령 별표3 제7호 나목,1일 최대처리용량(톤),N,용인시,용인시 하수도사업소,law,하수도법 제2조 공공하수도(지방자치단체가 설치·관리) — 용인시 하수도사업소,중처법 공중이용시설,시설물의 안전 및 유지관리에 관한 특별법 · 하수도법 · 수도법,,,,,
ST2010-0000031,남사레스피아,상하수도,공공하수처리시설,2종,B등급,20100226,경기도 용인시 처인구 천덕산로,D05,FMS,검토필요,시행령 별표3 제7호 나목,1일 최대처리용량(톤),N,용인시,용인시 하수도사업소,law,하수도법 제2조 공공하수도(지방자치단체가 설치·관리) — 용인시 하수도사업소,중처법 공중이용시설,시설물의 안전 및 유지관리에 관한 특별법 · 하수도법 · 수도법,,,,,
ST2010-0000032,추계레스피아,상하수도,공공하수처리시설,2종,A등급,20100226,경기도 용인시 처인구 식금로,D05,FMS,검토필요,시행령 별표3 제7호 나목,1일 최대처리용량(톤),N,용인시,용인시 하수도사업소,law,하수도법 제2조 공공하수도(지방자치단체가 설치·관리) — 용인시 하수도사업소,중처법 공중이용시설,시설물의 안전 및 유지관리에 관한 특별법 · 하수도법 · 수도법,,,,,
ST2014-0000006,상현하수처리수 재이용(총인)시설,상하수도,공공하수처리시설,2종,A등급,20131031,경기도 용인시 수지구 광교마을로,D05,FMS,검토필요,시행령 별표3 제7호 나목,1일 최대처리용량(톤),N,용인시,용인시 하수도사업소,law,하수도법 제2조 공공하수도(지방자치단체가 설치·관리) — 용인시 하수도사업소,중처법 공중이용시설,시설물의 안전 및 유지관리에 관한 특별법 · 하수도법 · 수도법,,,,,
ST2018-0000019,아곡레스피아,상하수도,공공하수처리시설,2종,A등급,20181031,경기도 용인시 처인구 남사면,D05,FMS,검토필요,시행령 별표3 제7호 나목,1일 최대처리용량(톤),N,용인시,용인시 하수도사업소,law,하수도법 제2조 공공하수도(지방자치단체가 설치·관리) — 용인시 하수도사업소,중처법 공중이용시설,시설물의 안전 및 유지관리에 관한 특별법 · 하수도법 · 수도법,,,,,
ST2019-0000005,용인레스피아,상하수도,공공하수처리시설,2종,불명,20190831,경기도 용인시 처인구 포곡읍,D05,FMS,검토필요,시행령 별표3 제7호 나목,1일 최대처리용량(톤),N,용인시,용인시 하수도사업소,web,용인시 상하수도사업소 누리집 「레스피아 현황」(하수운영과) · 하수도법 공공하수도,중처법 공중이용시설,시설물의 안전 및 유지관리에 관한 특별법 · 하수도법 · 수도법,,,,,
TU2006-0000031,법화터널,터널,도로터널,1종,B등급,20051229,경기도 용인시 기흥구 마북동,D03,FMS,검토필요,시행령 제3조제4호 나목,도로등급,N,용인시,용인시 기흥구청 도로과,api,용인시 본청·소속기관,중처법 공중이용시설,시설물의 안전 및 유지관리에 관한 특별법 · 도로법 · 보행안전 및 편의증진에 관한 법률,,,,,
TU2006-0000032,마북터널,터널,도로터널,2종,B등급,20051229,경기도 용인시 기흥구 마북동,D03,FMS,검토필요,시행령 제3조제4호 나목,도로등급,N,용인시,용인시 기흥구청 도로과,api,용인시 본청·소속기관,중처법 공중이용시설,시설물의 안전 및 유지관리에 관한 특별법 · 도로법 · 보행안전 및 편의증진에 관한 법률,,,,,
TU2007-0000147,역북터널,터널,도로터널,2종,B등급,20070617,경기도 용인시 처인구 백옥대로,D03,FMS,검토필요,시행령 제3조제4호 나목,도로등급,N,용인시,용인시 처인구청 도로과,api,용인시 본청·소속기관,중처법 공중이용시설,시설물의 안전 및 유지관리에 관한 특별법 · 도로법 · 보행안전 및 편의증진에 관한 법률,,,,,
TU2009-0000101,청명터널,터널,도로터널,1종,B등급,20090531,경기도 용인시 기흥구 하갈동,D03,FMS,검토필요,시행령 제3조제4호 나목,도로등급,N,용인시,용인시 기흥구청 도로과,api,용인시 본청·소속기관,중처법 공중이용시설,시설물의 안전 및 유지관리에 관한 특별법 · 도로법 · 보행안전 및 편의증진에 관한 법률,,,,,
TU2009-0000102,기흥터널,터널,도로터널,1종,B등급,20090531,경기도 용인시 기흥구 하갈동,D03,FMS,검토필요,시행령 제3조제4호 나목,도로등급,N,용인시,용인시 기흥구청 도로과,api,용인시 본청·소속기관,중처법 공중이용시설,시설물의 안전 및 유지관리에 관한 특별법 · 도로법 · 보행안전 및 편의증진에 관한 법률,,,,,
TU2009-0000143,영덕3터널,터널,도로터널,1종,B등급,20090829,경기도 용인시 기흥구 영덕동,D03,FMS,검토필요,시행령 제3조제4호 나목,도로등급,N,용인시,용인시 기흥구청 도로과,api,용인시 본청·소속기관,중처법 공중이용시설,시설물의 안전 및 유지관리에 관한 특별법 · 도로법 · 보행안전 및 편의증진에 관한 법률,,,,,
TU2009-0000144,영덕2터널,터널,도로터널,1종,B등급,20090829,경기도 용인시 기흥구 영덕동,D03,FMS,검토필요,시행령 제3조제4호 나목,도로등급,N,용인시,용인시 기흥구청 도로과,api,용인시 본청·소속기관,중처법 공중이용시설,시설물의 안전 및 유지관리에 관한 특별법 · 도로법 · 보행안전 및 편의증진에 관한 법률,,,,,
TU2009-0000243,청명생태터널,터널,도로터널,2종,B등급,20090829,경기도 용인시 기흥구 하갈동,D03,FMS,검토필요,시행령 제3조제4호 나목,도로등급,N,용인시,용인시 기흥구청 도로과,api,용인시 본청·소속기관,중처법 공중이용시설,시설물의 안전 및 유지관리에 관한 특별법 · 도로법 · 보행안전 및 편의증진에 관한 법률,,,,,
TU2009-0000247,동천터널,터널,도로터널,2종,B등급,20090428,경기도 용인시 수지구 동천동,D03,FMS,검토필요,시행령 제3조제4호 나목,도로등급,N,용인시,용인시 수지구청 건설도로과,api,용인시 본청·소속기관,중처법 공중이용시설,시설물의 안전 및 유지관리에 관한 특별법 · 도로법 · 보행안전 및 편의증진에 관한 법률,,,,,
TU2011-0000221,버들치터널(상),터널,도로터널,2종,B등급,20110930,경기도 용인시 수지구 성복동,D03,FMS,검토필요,시행령 제3조제4호 나목,도로등급,N,용인시,용인시 수지구청 건설도로과,api,용인시 본청·소속기관,중처법 공중이용시설,시설물의 안전 및 유지관리에 관한 특별법 · 도로법 · 보행안전 및 편의증진에 관한 법률,,,,,
TU2011-0000222,버들치터널(하),터널,도로터널,2종,B등급,20110930,경기도 용인시 수지구 성복동,D03,FMS,검토필요,시행령 제3조제4호 나목,도로등급,N,용인시,용인시 수지구청 건설도로과,api,용인시 본청·소속기관,중처법 공중이용시설,시설물의 안전 및 유지관리에 관한 특별법 · 도로법 · 보행안전 및 편의증진에 관한 법률,,,,,
TU2011-0000223,신봉터널,터널,도로터널,2종,B등급,20111115,경기도 용인시 수지구 동천동,D03,FMS,검토필요,시행령 제3조제4호 나목,도로등급,N,용인시,용인시 수지구청 건설도로과,api,용인시 본청·소속기관,중처법 공중이용시설,시설물의 안전 및 유지관리에 관한 특별법 · 도로법 · 보행안전 및 편의증진에 관한 법률,,,,,
TU2013-0000002,동백터널(동백방향),터널,도로터널,2종,A등급,20120930,경기도 용인시 기흥구 동백동,D03,FMS,검토필요,시행령 제3조제4호 나목,도로등급,N,용인시,용인시 기흥구청 도로과,api,용인시 본청·소속기관,중처법 공중이용시설,시설물의 안전 및 유지관리에 관한 특별법 · 도로법 · 보행안전 및 편의증진에 관한 법률,,,,,
TU2013-0000003,동백터널(마성방향),터널,도로터널,2종,B등급,20120930,경기도 용인시 기흥구 동백동,D03,FMS,검토필요,시행령 제3조제4호 나목,도로등급,N,용인시,용인시 기흥구청 도로과,api,용인시 본청·소속기관,중처법 공중이용시설,시설물의 안전 및 유지관리에 관한 특별법 · 도로법 · 보행안전 및 편의증진에 관한 법률,,,,,
TU2015-0000033,고매터널(성남방향),터널,도로터널,2종,B등급,20150430,경기도 용인시 기흥구 기흥단지로158번길,D03,FMS,검토필요,시행령 제3조제4호 나목,도로등급,N,용인시,용인시 기흥구청 도로과,api,용인시 본청·소속기관,중처법 공중이용시설,시설물의 안전 및 유지관리에 관한 특별법 · 도로법 · 보행안전 및 편의증진에 관한 법률,,,,,
TU2015-0000034,고매터널(오산방향),터널,도로터널,2종,B등급,20150430,경기도 용인시 기흥구 기흥단지로158번길,D03,FMS,검토필요,시행령 제3조제4호 나목,도로등급,N,용인시,용인시 기흥구청 도로과,api,용인시 본청·소속기관,중처법 공중이용시설,시설물의 안전 및 유지관리에 관한 특별법 · 도로법 · 보행안전 및 편의증진에 관한 법률,,,,,
TU2019-0000023,Precast Arch 통로암거,터널,도로터널,2종,불명,20190420,경기도 용인시 기흥구 구갈동,D03,FMS,검토필요,시행령 별표3 제2호,연장·차로수,N,용인시,용인시 기흥구청 도로과,api,용인시 본청·소속기관,중처법 공중이용시설,시설물의 안전 및 유지관리에 관한 특별법 · 도로법 · 보행안전 및 편의증진에 관한 법률,,,,,
WS1991-0000015,기흥상수도,상하수도,지방상수도,2종,B등급,19911101,경기도 용인시 기흥읍,D04,FMS,해당,시행령 별표3 제7호 가목,,N,용인시,용인시 상수도사업소,law,수도법 제3조 지방상수도(지방자치단체가 주민에게 공급) — 용인시 상수도사업소,중처법 공중이용시설,수도법 · 시설물의 안전 및 유지관리에 관한 특별법 · 먹는물관리법,,,,,
WS1991-0000016,용인상수도,상하수도,지방상수도,2종,B등급,19911101,경기도 용인시 동백죽전대로,D04,FMS,해당,시행령 별표3 제7호 가목,,N,용인시,용인시 상수도사업소,law,수도법 제3조 지방상수도(지방자치단체가 주민에게 공급) — 용인시 상수도사업소,중처법 공중이용시설,수도법 · 시설물의 안전 및 유지관리에 관한 특별법 · 먹는물관리법,,,,,
WS1991-0000019,구성상수도,상하수도,지방상수도,2종,B등급,19911201,경기도 용인시 구성읍,D04,FMS,해당,시행령 별표3 제7호 가목,,N,용인시,용인시 상수도사업소,law,수도법 제3조 지방상수도(지방자치단체가 주민에게 공급) — 용인시 상수도사업소,중처법 공중이용시설,수도법 · 시설물의 안전 및 유지관리에 관한 특별법 · 먹는물관리법,,,,,
WS2003-0000053,용인시 지방상수도,상하수도,지방상수도,1종,B등급,20030117,경기도 용인시 모현면 매산리,D04,FMS,해당,시행령 별표3 제7호 가목,,N,용인시,용인시 상수도사업소,law,수도법 제3조 지방상수도(지방자치단체가 주민에게 공급) — 용인시 상수도사업소,중처법 공중이용시설,수도법 · 시설물의 안전 및 유지관리에 관한 특별법 · 먹는물관리법,,,,,
WS2005-0000091,죽전지구 상수도,상하수도,지방상수도,2종,B등급,20041229,경기도 용인시 구성읍 보정리,D04,FMS,해당,시행령 별표3 제7호 가목,,N,용인시,용인시 상수도사업소,law,수도법 제3조 지방상수도(지방자치단체가 주민에게 공급) — 용인시 상수도사업소,중처법 공중이용시설,수도법 · 시설물의 안전 및 유지관리에 관한 특별법 · 먹는물관리법,,,,,
WS2006-0000016,신봉상수도,상하수도,지방상수도,2종,B등급,20081027,경기도 용인시 신봉동,D04,FMS,해당,시행령 별표3 제7호 가목,,N,용인시,용인시 상수도사업소,law,수도법 제3조 지방상수도(지방자치단체가 주민에게 공급) — 용인시 상수도사업소,중처법 공중이용시설,수도법 · 시설물의 안전 및 유지관리에 관한 특별법 · 먹는물관리법,,,,,
WS2009-0000054,백원지역상수도시설,상하수도,지방상수도,2종,B등급,20090707,경기도 용인시 처인구 양지면,D04,FMS,해당,시행령 별표3 제7호 가목,,N,용인시,용인시 상수도사업소,law,수도법 제3조 지방상수도(지방자치단체가 주민에게 공급) — 용인시 상수도사업소,중처법 공중이용시설,수도법 · 시설물의 안전 및 유지관리에 관한 특별법 · 먹는물관리법,,,,,
WS2012-0000006,지방상수도(배수지-용인시),상하수도,지방상수도,2종,B등급,20110926,경기도 용인시 수지구 상현동,D04,FMS,제외,시행령 별표3 비고 21,,N,용인시,용인시 상수도사업소,law,수도법 제3조 지방상수도(지방자치단체가 주민에게 공급) — 용인시 상수도사업소,관계법령 관리시설,수도법 · 시설물의 안전 및 유지관리에 관한 특별법 · 먹는물관리법,,,,,
WS2013-0000050,청덕상수도,상하수도,지방상수도,2종,B등급,20090630,경기도 용인시 기흥구 청덕동,D04,FMS,해당,시행령 별표3 제7호 가목,,N,용인시,용인시 상수도사업소,law,수도법 제3조 지방상수도(지방자치단체가 주민에게 공급) — 용인시 상수도사업소,중처법 공중이용시설,수도법 · 시설물의 안전 및 유지관리에 관한 특별법 · 먹는물관리법,,,,,
WS2013-0000051,고기상수도,상하수도,지방상수도,2종,B등급,20110902,경기도 용인시 수지구 동천동,D04,FMS,해당,시행령 별표3 제7호 가목,,N,용인시,용인시 상수도사업소,law,수도법 제3조 지방상수도(지방자치단체가 주민에게 공급) — 용인시 상수도사업소,중처법 공중이용시설,수도법 · 시설물의 안전 및 유지관리에 관한 특별법 · 먹는물관리법,,,,,
WS2018-0000041,남사 상수도,상하수도,지방상수도,2종,B등급,20181208,경기도 용인시 처인구 남사면 완장리,D04,FMS,해당,시행령 별표3 제7호 가목,,N,용인시,용인시 상수도사업소,law,수도법 제3조 지방상수도(지방자치단체가 주민에게 공급) — 용인시 상수도사업소,중처법 공중이용시설,수도법 · 시설물의 안전 및 유지관리에 관한 특별법 · 먹는물관리법,,,,,
RS-YI-0001,관곡저수지,저수지,농업용 저수지(흙댐),,,1945,경기도 용인시 역북동 180-6,D23,공공데이터(경기도 용인시 저수지 현황 2016-07),제외,중대재해처벌법 관리대상 아님 — 시행령 별표 3 댐 기준(총저수용량 1천만 톤 이상 용수전용댐 등) 미만 · 관계법령 관리시설,,Y,용인시,용인시 농업정책과(농업기반팀),web,공공데이터포털 「경기도 용인시 저수지 현황」 · 용인시청 업무안내(농업기반시설 유지관리),관계법령 관리시설,저수지ㆍ댐의 안전관리 및 재해예방에 관한 법률,18,5,,,
RS-YI-0002,동진저수지,저수지,농업용 저수지(흙댐),,,1967,경기도 용인시 남동 613,D23,공공데이터(경기도 용인시 저수지 현황 2016-07),제외,중대재해처벌법 관리대상 아님 — 시행령 별표 3 댐 기준(총저수용량 1천만 톤 이상 용수전용댐 등) 미만 · 관계법령 관리시설,,Y,용인시,용인시 농업정책과(농업기반팀),web,공공데이터포털 「경기도 용인시 저수지 현황」 · 용인시청 업무안내(농업기반시설 유지관리),관계법령 관리시설,저수지ㆍ댐의 안전관리 및 재해예방에 관한 법률,19,8,,,
RS-YI-0003,신기저수지,저수지,농업용 저수지(흙댐),,,1968,경기도 용인시 남동 542,D23,공공데이터(경기도 용인시 저수지 현황 2016-07),제외,중대재해처벌법 관리대상 아님 — 시행령 별표 3 댐 기준(총저수용량 1천만 톤 이상 용수전용댐 등) 미만 · 관계법령 관리시설,,Y,용인시,용인시 농업정책과(농업기반팀),web,공공데이터포털 「경기도 용인시 저수지 현황」 · 용인시청 업무안내(농업기반시설 유지관리),관계법령 관리시설,저수지ㆍ댐의 안전관리 및 재해예방에 관한 법률,56,11,,,
RS-YI-0004,장재미저수지,저수지,농업용 저수지(흙댐),,,1945,경기도 용인시 운학동 316,D23,공공데이터(경기도 용인시 저수지 현황 2016-07),제외,중대재해처벌법 관리대상 아님 — 시행령 별표 3 댐 기준(총저수용량 1천만 톤 이상 용수전용댐 등) 미만 · 관계법령 관리시설,,Y,용인시,용인시 농업정책과(농업기반팀),web,공공데이터포털 「경기도 용인시 저수지 현황」 · 용인시청 업무안내(농업기반시설 유지관리),관계법령 관리시설,저수지ㆍ댐의 안전관리 및 재해예방에 관한 법률,6,5,,,
RS-YI-0005,지곡저수지,저수지,농업용 저수지(흙댐),,,1970,경기도 용인시 기흥 지곡동 71,D23,공공데이터(경기도 용인시 저수지 현황 2016-07),제외,중대재해처벌법 관리대상 아님 — 시행령 별표 3 댐 기준(총저수용량 1천만 톤 이상 용수전용댐 등) 미만 · 관계법령 관리시설,,Y,용인시,용인시 농업정책과(농업기반팀),web,공공데이터포털 「경기도 용인시 저수지 현황」 · 용인시청 업무안내(농업기반시설 유지관리),관계법령 관리시설,저수지ㆍ댐의 안전관리 및 재해예방에 관한 법률,128,10,,,
RS-YI-0006,성저저수지,저수지,농업용 저수지(흙댐),,,1945,경기도 용인시 포곡 마성리 402,D23,공공데이터(경기도 용인시 저수지 현황 2016-07),제외,중대재해처벌법 관리대상 아님 — 시행령 별표 3 댐 기준(총저수용량 1천만 톤 이상 용수전용댐 등) 미만 · 관계법령 관리시설,,Y,용인시,용인시 농업정책과(농업기반팀),web,공공데이터포털 「경기도 용인시 저수지 현황」 · 용인시청 업무안내(농업기반시설 유지관리),관계법령 관리시설,저수지ㆍ댐의 안전관리 및 재해예방에 관한 법률,26,10,,,
RS-YI-0007,마가저수지,저수지,농업용 저수지(흙댐),,,1971,경기도 용인시 포곡 마성리 578-3,D23,공공데이터(경기도 용인시 저수지 현황 2016-07),제외,중대재해처벌법 관리대상 아님 — 시행령 별표 3 댐 기준(총저수용량 1천만 톤 이상 용수전용댐 등) 미만 · 관계법령 관리시설,,Y,용인시,용인시 농업정책과(농업기반팀),web,공공데이터포털 「경기도 용인시 저수지 현황」 · 용인시청 업무안내(농업기반시설 유지관리),관계법령 관리시설,저수지ㆍ댐의 안전관리 및 재해예방에 관한 법률,4,7,,,
RS-YI-0008,소운저수지,저수지,농업용 저수지(흙댐),,,1970,경기도 용인시 포곡 유운리 409-2,D23,공공데이터(경기도 용인시 저수지 현황 2016-07),제외,중대재해처벌법 관리대상 아님 — 시행령 별표 3 댐 기준(총저수용량 1천만 톤 이상 용수전용댐 등) 미만 · 관계법령 관리시설,,Y,용인시,용인시 농업정책과(농업기반팀),web,공공데이터포털 「경기도 용인시 저수지 현황」 · 용인시청 업무안내(농업기반시설 유지관리),관계법령 관리시설,저수지ㆍ댐의 안전관리 및 재해예방에 관한 법률,12,5,,,
RS-YI-0009,유실저수지,저수지,농업용 저수지(흙댐),,,1968,경기도 용인시 포곡 유운리 455-2,D23,공공데이터(경기도 용인시 저수지 현황 2016-07),제외,중대재해처벌법 관리대상 아님 — 시행령 별표 3 댐 기준(총저수용량 1천만 톤 이상 용수전용댐 등) 미만 · 관계법령 관리시설,,Y,용인시,용인시 농업정책과(농업기반팀),web,공공데이터포털 「경기도 용인시 저수지 현황」 · 용인시청 업무안내(농업기반시설 유지관리),관계법령 관리시설,저수지ㆍ댐의 안전관리 및 재해예방에 관한 법률,25,8,,,
RS-YI-0010,신원저수지,저수지,농업용 저수지(흙댐),,,1969,경기도 용인시 포곡 신원리 590-1,D23,공공데이터(경기도 용인시 저수지 현황 2016-07),제외,중대재해처벌법 관리대상 아님 — 시행령 별표 3 댐 기준(총저수용량 1천만 톤 이상 용수전용댐 등) 미만 · 관계법령 관리시설,,Y,용인시,용인시 농업정책과(농업기반팀),web,공공데이터포털 「경기도 용인시 저수지 현황」 · 용인시청 업무안내(농업기반시설 유지관리),관계법령 관리시설,저수지ㆍ댐의 안전관리 및 재해예방에 관한 법률,30,11,,,
RS-YI-0011,갈담저수지,저수지,농업용 저수지(흙댐),,,1975,경기도 용인시 모현 갈담리 109-2,D23,공공데이터(경기도 용인시 저수지 현황 2016-07),제외,중대재해처벌법 관리대상 아님 — 시행령 별표 3 댐 기준(총저수용량 1천만 톤 이상 용수전용댐 등) 미만 · 관계법령 관리시설,,Y,용인시,용인시 농업정책과(농업기반팀),web,공공데이터포털 「경기도 용인시 저수지 현황」 · 용인시청 업무안내(농업기반시설 유지관리),관계법령 관리시설,저수지ㆍ댐의 안전관리 및 재해예방에 관한 법률,98,15,,,
RS-YI-0012,동산저수지,저수지,농업용 저수지(흙댐),,,1945,경기도 용인시 모현 동림리 283,D23,공공데이터(경기도 용인시 저수지 현황 2016-07),제외,중대재해처벌법 관리대상 아님 — 시행령 별표 3 댐 기준(총저수용량 1천만 톤 이상 용수전용댐 등) 미만 · 관계법령 관리시설,,Y,용인시,용인시 농업정책과(농업기반팀),web,공공데이터포털 「경기도 용인시 저수지 현황」 · 용인시청 업무안내(농업기반시설 유지관리),관계법령 관리시설,저수지ㆍ댐의 안전관리 및 재해예방에 관한 법률,10,10,,,
RS-YI-0013,삼마곡저수지,저수지,농업용 저수지(흙댐),,,1945,경기도 용인시 기흥 보정동 1058-6,D23,공공데이터(경기도 용인시 저수지 현황 2016-07),제외,중대재해처벌법 관리대상 아님 — 시행령 별표 3 댐 기준(총저수용량 1천만 톤 이상 용수전용댐 등) 미만 · 관계법령 관리시설,,Y,용인시,용인시 농업정책과(농업기반팀),web,공공데이터포털 「경기도 용인시 저수지 현황」 · 용인시청 업무안내(농업기반시설 유지관리),관계법령 관리시설,저수지ㆍ댐의 안전관리 및 재해예방에 관한 법률,11,10,,,
RS-YI-0014,북리저수지,저수지,농업용 저수지(흙댐),,,1973,경기도 용인시 남사 북리 2-4,D23,공공데이터(경기도 용인시 저수지 현황 2016-07),제외,중대재해처벌법 관리대상 아님 — 시행령 별표 3 댐 기준(총저수용량 1천만 톤 이상 용수전용댐 등) 미만 · 관계법령 관리시설,,Y,용인시,용인시 농업정책과(농업기반팀),web,공공데이터포털 「경기도 용인시 저수지 현황」 · 용인시청 업무안내(농업기반시설 유지관리),관계법령 관리시설,저수지ㆍ댐의 안전관리 및 재해예방에 관한 법률,34,9,,,
RS-YI-0015,동막저수지,저수지,농업용 저수지(흙댐),,,1973,경기도 용인시 남사 통삼리 646-15,D23,공공데이터(경기도 용인시 저수지 현황 2016-07),제외,중대재해처벌법 관리대상 아님 — 시행령 별표 3 댐 기준(총저수용량 1천만 톤 이상 용수전용댐 등) 미만 · 관계법령 관리시설,,Y,용인시,용인시 농업정책과(농업기반팀),web,공공데이터포털 「경기도 용인시 저수지 현황」 · 용인시청 업무안내(농업기반시설 유지관리),관계법령 관리시설,저수지ㆍ댐의 안전관리 및 재해예방에 관한 법률,17,9,,,
RS-YI-0016,통삼저수지,저수지,농업용 저수지(흙댐),,,1966,경기도 용인시 남사 통삼리 51,D23,공공데이터(경기도 용인시 저수지 현황 2016-07),제외,중대재해처벌법 관리대상 아님 — 시행령 별표 3 댐 기준(총저수용량 1천만 톤 이상 용수전용댐 등) 미만 · 관계법령 관리시설,,Y,용인시,용인시 농업정책과(농업기반팀),web,공공데이터포털 「경기도 용인시 저수지 현황」 · 용인시청 업무안내(농업기반시설 유지관리),관계법령 관리시설,저수지ㆍ댐의 안전관리 및 재해예방에 관한 법률,26,9,,,
RS-YI-0017,방아(방축)저수지,저수지,농업용 저수지(흙댐),,,1967,경기도 용인시 남사 방아리 20-2,D23,공공데이터(경기도 용인시 저수지 현황 2016-07),제외,중대재해처벌법 관리대상 아님 — 시행령 별표 3 댐 기준(총저수용량 1천만 톤 이상 용수전용댐 등) 미만 · 관계법령 관리시설,,Y,용인시,용인시 농업정책과(농업기반팀),web,공공데이터포털 「경기도 용인시 저수지 현황」 · 용인시청 업무안내(농업기반시설 유지관리),관계법령 관리시설,저수지ㆍ댐의 안전관리 및 재해예방에 관한 법률,45,11,,,
RS-YI-0018,월곡1호저수지,저수지,농업용 저수지(흙댐),,,1971,경기도 용인시 남사 창리 470-1,D23,공공데이터(경기도 용인시 저수지 현황 2016-07),제외,중대재해처벌법 관리대상 아님 — 시행령 별표 3 댐 기준(총저수용량 1천만 톤 이상 용수전용댐 등) 미만 · 관계법령 관리시설,,Y,용인시,용인시 농업정책과(농업기반팀),web,공공데이터포털 「경기도 용인시 저수지 현황」 · 용인시청 업무안내(농업기반시설 유지관리),관계법령 관리시설,저수지ㆍ댐의 안전관리 및 재해예방에 관한 법률,10,8,,,
RS-YI-0019,창리저수지,저수지,농업용 저수지(흙댐),,,1971,경기도 용인시 남사 창리 356-3,D23,공공데이터(경기도 용인시 저수지 현황 2016-07),제외,중대재해처벌법 관리대상 아님 — 시행령 별표 3 댐 기준(총저수용량 1천만 톤 이상 용수전용댐 등) 미만 · 관계법령 관리시설,,Y,용인시,용인시 농업정책과(농업기반팀),web,공공데이터포털 「경기도 용인시 저수지 현황」 · 용인시청 업무안내(농업기반시설 유지관리),관계법령 관리시설,저수지ㆍ댐의 안전관리 및 재해예방에 관한 법률,221,10,대상,,
RS-YI-0020,아곡1호저수지,저수지,농업용 저수지(흙댐),,,1969,경기도 용인시 남사 아곡리 산30-3,D23,공공데이터(경기도 용인시 저수지 현황 2016-07),제외,중대재해처벌법 관리대상 아님 — 시행령 별표 3 댐 기준(총저수용량 1천만 톤 이상 용수전용댐 등) 미만 · 관계법령 관리시설,,Y,용인시,용인시 농업정책과(농업기반팀),web,공공데이터포털 「경기도 용인시 저수지 현황」 · 용인시청 업무안내(농업기반시설 유지관리),관계법령 관리시설,저수지ㆍ댐의 안전관리 및 재해예방에 관한 법률,28,12,,,
RS-YI-0021,완장1호저수지,저수지,농업용 저수지(흙댐),,,1970,경기도 용인시 남사 완장리 401-1,D23,공공데이터(경기도 용인시 저수지 현황 2016-07),제외,중대재해처벌법 관리대상 아님 — 시행령 별표 3 댐 기준(총저수용량 1천만 톤 이상 용수전용댐 등) 미만 · 관계법령 관리시설,,Y,용인시,용인시 농업정책과(농업기반팀),web,공공데이터포털 「경기도 용인시 저수지 현황」 · 용인시청 업무안내(농업기반시설 유지관리),관계법령 관리시설,저수지ㆍ댐의 안전관리 및 재해예방에 관한 법률,139,11,,,
RS-YI-0022,완장2호저수지,저수지,농업용 저수지(흙댐),,,1973,경기도 용인시 남사 완장리 118-2,D23,공공데이터(경기도 용인시 저수지 현황 2016-07),제외,중대재해처벌법 관리대상 아님 — 시행령 별표 3 댐 기준(총저수용량 1천만 톤 이상 용수전용댐 등) 미만 · 관계법령 관리시설,,Y,용인시,용인시 농업정책과(농업기반팀),web,공공데이터포털 「경기도 용인시 저수지 현황」 · 용인시청 업무안내(농업기반시설 유지관리),관계법령 관리시설,저수지ㆍ댐의 안전관리 및 재해예방에 관한 법률,86,11,,,
RS-YI-0023,상동저수지,저수지,농업용 저수지(흙댐),,,1945,경기도 용인시 남사 완장리 82-5,D23,공공데이터(경기도 용인시 저수지 현황 2016-07),제외,중대재해처벌법 관리대상 아님 — 시행령 별표 3 댐 기준(총저수용량 1천만 톤 이상 용수전용댐 등) 미만 · 관계법령 관리시설,,Y,용인시,용인시 농업정책과(농업기반팀),web,공공데이터포털 「경기도 용인시 저수지 현황」 · 용인시청 업무안내(농업기반시설 유지관리),관계법령 관리시설,저수지ㆍ댐의 안전관리 및 재해예방에 관한 법률,5,6,,,
RS-YI-0024,당아저수지,저수지,농업용 저수지(흙댐),,,1945,경기도 용인시 남사 북리 543,D23,공공데이터(경기도 용인시 저수지 현황 2016-07),제외,중대재해처벌법 관리대상 아님 — 시행령 별표 3 댐 기준(총저수용량 1천만 톤 이상 용수전용댐 등) 미만 · 관계법령 관리시설,,Y,용인시,용인시 농업정책과(농업기반팀),web,공공데이터포털 「경기도 용인시 저수지 현황」 · 용인시청 업무안내(농업기반시설 유지관리),관계법령 관리시설,저수지ㆍ댐의 안전관리 및 재해예방에 관한 법률,5,5,,,
RS-YI-0025,월곡2호저수지,저수지,농업용 저수지(흙댐),,,1945,경기도 용인시 남사 창리 450,D23,공공데이터(경기도 용인시 저수지 현황 2016-07),제외,중대재해처벌법 관리대상 아님 — 시행령 별표 3 댐 기준(총저수용량 1천만 톤 이상 용수전용댐 등) 미만 · 관계법령 관리시설,,Y,용인시,용인시 농업정책과(농업기반팀),web,공공데이터포털 「경기도 용인시 저수지 현황」 · 용인시청 업무안내(농업기반시설 유지관리),관계법령 관리시설,저수지ㆍ댐의 안전관리 및 재해예방에 관한 법률,7,8,,,
RS-YI-0026,요덕저수지,저수지,농업용 저수지(흙댐),,,1945,경기도 용인시 이동 송전리 48-1,D23,공공데이터(경기도 용인시 저수지 현황 2016-07),제외,중대재해처벌법 관리대상 아님 — 시행령 별표 3 댐 기준(총저수용량 1천만 톤 이상 용수전용댐 등) 미만 · 관계법령 관리시설,,Y,용인시,용인시 농업정책과(농업기반팀),web,공공데이터포털 「경기도 용인시 저수지 현황」 · 용인시청 업무안내(농업기반시설 유지관리),관계법령 관리시설,저수지ㆍ댐의 안전관리 및 재해예방에 관한 법률,27,7,,,
RS-YI-0027,수역저수지,저수지,농업용 저수지(흙댐),,,1945,경기도 용인시 이동 어비리 861-1,D23,공공데이터(경기도 용인시 저수지 현황 2016-07),제외,중대재해처벌법 관리대상 아님 — 시행령 별표 3 댐 기준(총저수용량 1천만 톤 이상 용수전용댐 등) 미만 · 관계법령 관리시설,,Y,용인시,용인시 농업정책과(농업기반팀),web,공공데이터포털 「경기도 용인시 저수지 현황」 · 용인시청 업무안내(농업기반시설 유지관리),관계법령 관리시설,저수지ㆍ댐의 안전관리 및 재해예방에 관한 법률,15,8,,,
RS-YI-0028,장율저수지,저수지,농업용 저수지(흙댐),,,1945,경기도 용인시 이동 어비리 1462-2,D23,공공데이터(경기도 용인시 저수지 현황 2016-07),제외,중대재해처벌법 관리대상 아님 — 시행령 별표 3 댐 기준(총저수용량 1천만 톤 이상 용수전용댐 등) 미만 · 관계법령 관리시설,,Y,용인시,용인시 농업정책과(농업기반팀),web,공공데이터포털 「경기도 용인시 저수지 현황」 · 용인시청 업무안내(농업기반시설 유지관리),관계법령 관리시설,저수지ㆍ댐의 안전관리 및 재해예방에 관한 법률,16,7,,,
RS-YI-0029,중리저수지,저수지,농업용 저수지(흙댐),,,1969,경기도 용인시 이동 묘봉리 137,D23,공공데이터(경기도 용인시 저수지 현황 2016-07),제외,중대재해처벌법 관리대상 아님 — 시행령 별표 3 댐 기준(총저수용량 1천만 톤 이상 용수전용댐 등) 미만 · 관계법령 관리시설,,Y,용인시,용인시 농업정책과(농업기반팀),web,공공데이터포털 「경기도 용인시 저수지 현황」 · 용인시청 업무안내(농업기반시설 유지관리),관계법령 관리시설,저수지ㆍ댐의 안전관리 및 재해예방에 관한 법률,86,8,,,
RS-YI-0030,하리저수지,저수지,농업용 저수지(흙댐),,,1969,경기도 용인시 이동 묘봉리 797,D23,공공데이터(경기도 용인시 저수지 현황 2016-07),제외,중대재해처벌법 관리대상 아님 — 시행령 별표 3 댐 기준(총저수용량 1천만 톤 이상 용수전용댐 등) 미만 · 관계법령 관리시설,,Y,용인시,용인시 농업정책과(농업기반팀),web,공공데이터포털 「경기도 용인시 저수지 현황」 · 용인시청 업무안내(농업기반시설 유지관리),관계법령 관리시설,저수지ㆍ댐의 안전관리 및 재해예방에 관한 법률,11,7,,,
RS-YI-0031,요산저수지,저수지,농업용 저수지(흙댐),,,1945,경기도 용인시 이동 화산리 30,D23,공공데이터(경기도 용인시 저수지 현황 2016-07),제외,중대재해처벌법 관리대상 아님 — 시행령 별표 3 댐 기준(총저수용량 1천만 톤 이상 용수전용댐 등) 미만 · 관계법령 관리시설,,Y,용인시,용인시 농업정책과(농업기반팀),web,공공데이터포털 「경기도 용인시 저수지 현황」 · 용인시청 업무안내(농업기반시설 유지관리),관계법령 관리시설,저수지ㆍ댐의 안전관리 및 재해예방에 관한 법률,2,5,,,
RS-YI-0032,화산저수지,저수지,농업용 저수지(흙댐),,,1968,경기도 용인시 이동 화산리 160,D23,공공데이터(경기도 용인시 저수지 현황 2016-07),제외,중대재해처벌법 관리대상 아님 — 시행령 별표 3 댐 기준(총저수용량 1천만 톤 이상 용수전용댐 등) 미만 · 관계법령 관리시설,,Y,용인시,용인시 농업정책과(농업기반팀),web,공공데이터포털 「경기도 용인시 저수지 현황」 · 용인시청 업무안내(농업기반시설 유지관리),관계법령 관리시설,저수지ㆍ댐의 안전관리 및 재해예방에 관한 법률,51,8,,,
RS-YI-0033,안악골저수지,저수지,농업용 저수지(흙댐),,,1945,경기도 용인시 이동 시미리 235,D23,공공데이터(경기도 용인시 저수지 현황 2016-07),제외,중대재해처벌법 관리대상 아님 — 시행령 별표 3 댐 기준(총저수용량 1천만 톤 이상 용수전용댐 등) 미만 · 관계법령 관리시설,,Y,용인시,용인시 농업정책과(농업기반팀),web,공공데이터포털 「경기도 용인시 저수지 현황」 · 용인시청 업무안내(농업기반시설 유지관리),관계법령 관리시설,저수지ㆍ댐의 안전관리 및 재해예방에 관한 법률,7,7,,,
RS-YI-0034,시미곡저수지,저수지,농업용 저수지(흙댐),,,1968,경기도 용인시 이동 시미리 4-2,D23,공공데이터(경기도 용인시 저수지 현황 2016-07),제외,중대재해처벌법 관리대상 아님 — 시행령 별표 3 댐 기준(총저수용량 1천만 톤 이상 용수전용댐 등) 미만 · 관계법령 관리시설,,Y,용인시,용인시 농업정책과(농업기반팀),web,공공데이터포털 「경기도 용인시 저수지 현황」 · 용인시청 업무안내(농업기반시설 유지관리),관계법령 관리시설,저수지ㆍ댐의 안전관리 및 재해예방에 관한 법률,7,8,,,
RS-YI-0035,상덕저수지,저수지,농업용 저수지(흙댐),,,1970,경기도 용인시 이동 서리 825-4,D23,공공데이터(경기도 용인시 저수지 현황 2016-07),제외,중대재해처벌법 관리대상 아님 — 시행령 별표 3 댐 기준(총저수용량 1천만 톤 이상 용수전용댐 등) 미만 · 관계법령 관리시설,,Y,용인시,용인시 농업정책과(농업기반팀),web,공공데이터포털 「경기도 용인시 저수지 현황」 · 용인시청 업무안내(농업기반시설 유지관리),관계법령 관리시설,저수지ㆍ댐의 안전관리 및 재해예방에 관한 법률,32,12,,,
RS-YI-0036,맹리저수지,저수지,농업용 저수지(흙댐),,,1977,경기도 용인시 원삼 맹리 16,D23,공공데이터(경기도 용인시 저수지 현황 2016-07),제외,중대재해처벌법 관리대상 아님 — 시행령 별표 3 댐 기준(총저수용량 1천만 톤 이상 용수전용댐 등) 미만 · 관계법령 관리시설,,Y,용인시,용인시 농업정책과(농업기반팀),web,공공데이터포털 「경기도 용인시 저수지 현황」 · 용인시청 업무안내(농업기반시설 유지관리),관계법령 관리시설,저수지ㆍ댐의 안전관리 및 재해예방에 관한 법률,50,12,,,
RS-YI-0037,좌항1호저수지,저수지,농업용 저수지(흙댐),,,1973,경기도 용인시 원삼 좌항리 227-1,D23,공공데이터(경기도 용인시 저수지 현황 2016-07),제외,중대재해처벌법 관리대상 아님 — 시행령 별표 3 댐 기준(총저수용량 1천만 톤 이상 용수전용댐 등) 미만 · 관계법령 관리시설,,Y,용인시,용인시 농업정책과(농업기반팀),web,공공데이터포털 「경기도 용인시 저수지 현황」 · 용인시청 업무안내(농업기반시설 유지관리),관계법령 관리시설,저수지ㆍ댐의 안전관리 및 재해예방에 관한 법률,10,11,,,
RS-YI-0038,좌항2호저수지,저수지,농업용 저수지(흙댐),,,1945,경기도 용인시 원삼 좌항리 14-4,D23,공공데이터(경기도 용인시 저수지 현황 2016-07),제외,중대재해처벌법 관리대상 아님 — 시행령 별표 3 댐 기준(총저수용량 1천만 톤 이상 용수전용댐 등) 미만 · 관계법령 관리시설,,Y,용인시,용인시 농업정책과(농업기반팀),web,공공데이터포털 「경기도 용인시 저수지 현황」 · 용인시청 업무안내(농업기반시설 유지관리),관계법령 관리시설,저수지ㆍ댐의 안전관리 및 재해예방에 관한 법률,25,8,,,
RS-YI-0039,후동저수지,저수지,농업용 저수지(흙댐),,,1945,경기도 용인시 원삼 목신리 817,D23,공공데이터(경기도 용인시 저수지 현황 2016-07),제외,중대재해처벌법 관리대상 아님 — 시행령 별표 3 댐 기준(총저수용량 1천만 톤 이상 용수전용댐 등) 미만 · 관계법령 관리시설,,Y,용인시,용인시 농업정책과(농업기반팀),web,공공데이터포털 「경기도 용인시 저수지 현황」 · 용인시청 업무안내(농업기반시설 유지관리),관계법령 관리시설,저수지ㆍ댐의 안전관리 및 재해예방에 관한 법률,16,8,,,
RS-YI-0040,학일1호저수지,저수지,농업용 저수지(흙댐),,,1970,경기도 용인시 원삼 학일리 104,D23,공공데이터(경기도 용인시 저수지 현황 2016-07),제외,중대재해처벌법 관리대상 아님 — 시행령 별표 3 댐 기준(총저수용량 1천만 톤 이상 용수전용댐 등) 미만 · 관계법령 관리시설,,Y,용인시,용인시 농업정책과(농업기반팀),web,공공데이터포털 「경기도 용인시 저수지 현황」 · 용인시청 업무안내(농업기반시설 유지관리),관계법령 관리시설,저수지ㆍ댐의 안전관리 및 재해예방에 관한 법률,84,10,,,
RS-YI-0041,학일2호저수지,저수지,농업용 저수지(흙댐),,,1981,경기도 용인시 원삼 학일리 산37-3,D23,공공데이터(경기도 용인시 저수지 현황 2016-07),제외,중대재해처벌법 관리대상 아님 — 시행령 별표 3 댐 기준(총저수용량 1천만 톤 이상 용수전용댐 등) 미만 · 관계법령 관리시설,,Y,용인시,용인시 농업정책과(농업기반팀),web,공공데이터포털 「경기도 용인시 저수지 현황」 · 용인시청 업무안내(농업기반시설 유지관리),관계법령 관리시설,저수지ㆍ댐의 안전관리 및 재해예방에 관한 법률,258,15,대상,,
RS-YI-0042,아곡저수지,저수지,농업용 저수지(흙댐),,,1945,경기도 용인시 백암 고안리 산153,D23,공공데이터(경기도 용인시 저수지 현황 2016-07),제외,중대재해처벌법 관리대상 아님 — 시행령 별표 3 댐 기준(총저수용량 1천만 톤 이상 용수전용댐 등) 미만 · 관계법령 관리시설,,Y,용인시,용인시 농업정책과(농업기반팀),web,공공데이터포털 「경기도 용인시 저수지 현황」 · 용인시청 업무안내(농업기반시설 유지관리),관계법령 관리시설,저수지ㆍ댐의 안전관리 및 재해예방에 관한 법률,30,8,,,
RS-YI-0043,가리산저수지,저수지,농업용 저수지(흙댐),,,1945,경기도 용인시 백암 근삼리 422,D23,공공데이터(경기도 용인시 저수지 현황 2016-07),제외,중대재해처벌법 관리대상 아님 — 시행령 별표 3 댐 기준(총저수용량 1천만 톤 이상 용수전용댐 등) 미만 · 관계법령 관리시설,,Y,용인시,용인시 농업정책과(농업기반팀),web,공공데이터포털 「경기도 용인시 저수지 현황」 · 용인시청 업무안내(농업기반시설 유지관리),관계법령 관리시설,저수지ㆍ댐의 안전관리 및 재해예방에 관한 법률,22,10,,,
RS-YI-0044,구백암저수지,저수지,농업용 저수지(흙댐),,,1945,경기도 용인시 백암 가창리 374,D23,공공데이터(경기도 용인시 저수지 현황 2016-07),제외,중대재해처벌법 관리대상 아님 — 시행령 별표 3 댐 기준(총저수용량 1천만 톤 이상 용수전용댐 등) 미만 · 관계법령 관리시설,,Y,용인시,용인시 농업정책과(농업기반팀),web,공공데이터포털 「경기도 용인시 저수지 현황」 · 용인시청 업무안내(농업기반시설 유지관리),관계법령 관리시설,저수지ㆍ댐의 안전관리 및 재해예방에 관한 법률,9,10,,,
RS-YI-0045,남곡저수지,저수지,농업용 저수지(흙댐),,,1973,경기도 용인시 양지 남곡리 37-2,D23,공공데이터(경기도 용인시 저수지 현황 2016-07),제외,중대재해처벌법 관리대상 아님 — 시행령 별표 3 댐 기준(총저수용량 1천만 톤 이상 용수전용댐 등) 미만 · 관계법령 관리시설,,Y,용인시,용인시 농업정책과(농업기반팀),web,공공데이터포털 「경기도 용인시 저수지 현황」 · 용인시청 업무안내(농업기반시설 유지관리),관계법령 관리시설,저수지ㆍ댐의 안전관리 및 재해예방에 관한 법률,11,8,,,
RS-YI-0046,평창저수지,저수지,농업용 저수지(흙댐),,,1945,경기도 용인시 양지 평창리 537-1,D23,공공데이터(경기도 용인시 저수지 현황 2016-07),제외,중대재해처벌법 관리대상 아님 — 시행령 별표 3 댐 기준(총저수용량 1천만 톤 이상 용수전용댐 등) 미만 · 관계법령 관리시설,,Y,용인시,용인시 농업정책과(농업기반팀),web,공공데이터포털 「경기도 용인시 저수지 현황」 · 용인시청 업무안내(농업기반시설 유지관리),관계법령 관리시설,저수지ㆍ댐의 안전관리 및 재해예방에 관한 법률,69,9,,,
RS-YI-0047,대대저수지,저수지,농업용 저수지(흙댐),,,1976,경기도 용인시 양지 대대리 554-1,D23,공공데이터(경기도 용인시 저수지 현황 2016-07),제외,중대재해처벌법 관리대상 아님 — 시행령 별표 3 댐 기준(총저수용량 1천만 톤 이상 용수전용댐 등) 미만 · 관계법령 관리시설,,Y,용인시,용인시 농업정책과(농업기반팀),web,공공데이터포털 「경기도 용인시 저수지 현황」 · 용인시청 업무안내(농업기반시설 유지관리),관계법령 관리시설,저수지ㆍ댐의 안전관리 및 재해예방에 관한 법률,195,10,경계,,
RS-YI-0048,정수리저수지,저수지,농업용 저수지(흙댐),,,1991,경기도 용인시 양지 정수리 8-3,D23,공공데이터(경기도 용인시 저수지 현황 2016-07),제외,중대재해처벌법 관리대상 아님 — 시행령 별표 3 댐 기준(총저수용량 1천만 톤 이상 용수전용댐 등) 미만 · 관계법령 관리시설,,Y,용인시,용인시 농업정책과(농업기반팀),web,공공데이터포털 「경기도 용인시 저수지 현황」 · 용인시청 업무안내(농업기반시설 유지관리),관계법령 관리시설,저수지ㆍ댐의 안전관리 및 재해예방에 관한 법률,44,12,,,
BR2004-0002546,능안교,교량,도로교량,3종,C등급,20040509,경기도 용인시 기흥구 ,D03,FMS,검토필요,시행령 제3조제4호 가목,연장(m)·도로 노선(시도·국도·지방도),N,용인시,용인시 기흥구청 도로과(추정),law,도로법 제23조(도로관리청)·제16조(시도) — 동 지역·고속국도 표기 없음으로 판정한 용인시 관리청(2026-09-25 · bridge_road_authority.csv). 노선 대장 확인 전 · 담당 구청 도로과는 추정,중처법 공중이용시설,시설물의 안전 및 유지관리에 관한 특별법 · 도로법 · 보행안전 및 편의증진에 관한 법률,,,,,
BR2004-0002545,보라교,교량,도로교량,3종,C등급,20041015,경기도 용인시 기흥구 ,D03,FMS,검토필요,시행령 제3조제4호 가목,연장(m)·도로 노선(시도·국도·지방도),N,용인시,용인시 기흥구청 도로과(추정),law,도로법 제23조(도로관리청)·제16조(시도) — 동 지역·고속국도 표기 없음으로 판정한 용인시 관리청(2026-09-25 · bridge_road_authority.csv). 노선 대장 확인 전 · 담당 구청 도로과는 추정,중처법 공중이용시설,시설물의 안전 및 유지관리에 관한 특별법 · 도로법 · 보행안전 및 편의증진에 관한 법률,,,,,
BR2005-0001933,언동1교,교량,도로교량,3종,B등급,20051229,경기도 용인시 기흥구 ,D03,FMS,검토필요,시행령 제3조제4호 가목,연장(m)·도로 노선(시도·국도·지방도),N,용인시,용인시 기흥구청 도로과(추정),law,도로법 제23조(도로관리청)·제16조(시도) — 동 지역·고속국도 표기 없음으로 판정한 용인시 관리청(2026-09-25 · bridge_road_authority.csv). 노선 대장 확인 전 · 담당 구청 도로과는 추정,중처법 공중이용시설,시설물의 안전 및 유지관리에 관한 특별법 · 도로법 · 보행안전 및 편의증진에 관한 법률,,,,,
BR2005-0001939,청덕1교,교량,도로교량,3종,B등급,20051229,경기도 용인시 기흥구 ,D03,FMS,검토필요,시행령 제3조제4호 가목,연장(m)·도로 노선(시도·국도·지방도),N,용인시,용인시 기흥구청 도로과(추정),law,도로법 제23조(도로관리청)·제16조(시도) — 동 지역·고속국도 표기 없음으로 판정한 용인시 관리청(2026-09-25 · bridge_road_authority.csv). 노선 대장 확인 전 · 담당 구청 도로과는 추정,중처법 공중이용시설,시설물의 안전 및 유지관리에 관한 특별법 · 도로법 · 보행안전 및 편의증진에 관한 법률,,,,,
BR2005-0001942,청덕교,교량,도로교량,3종,B등급,20051229,경기도 용인시 기흥구 ,D03,FMS,검토필요,시행령 제3조제4호 가목,연장(m)·도로 노선(시도·국도·지방도),N,용인시,용인시 기흥구청 도로과(추정),law,도로법 제23조(도로관리청)·제16조(시도) — 동 지역·고속국도 표기 없음으로 판정한 용인시 관리청(2026-09-25 · bridge_road_authority.csv). 노선 대장 확인 전 · 담당 구청 도로과는 추정,중처법 공중이용시설,시설물의 안전 및 유지관리에 관한 특별법 · 도로법 · 보행안전 및 편의증진에 관한 법률,,,,,
BR2006-0001914,한보라교,교량,도로교량,3종,C등급,20060930,경기도 용인시 기흥구 ,D03,FMS,검토필요,시행령 제3조제4호 가목,연장(m)·도로 노선(시도·국도·지방도),N,용인시,용인시 기흥구청 도로과(추정),law,도로법 제23조(도로관리청)·제16조(시도) — 동 지역·고속국도 표기 없음으로 판정한 용인시 관리청(2026-09-25 · bridge_road_authority.csv). 노선 대장 확인 전 · 담당 구청 도로과는 추정,중처법 공중이용시설,시설물의 안전 및 유지관리에 관한 특별법 · 도로법 · 보행안전 및 편의증진에 관한 법률,,,,,
BR2007-0001446,고매2교,교량,도로교량,3종,B등급,20071108,경기도 용인시 기흥구 고매동,D03,FMS,검토필요,시행령 제3조제4호 가목,연장(m)·도로 노선(시도·국도·지방도),N,용인시,용인시 기흥구청 도로과(추정),law,도로법 제23조(도로관리청)·제16조(시도) — 동 지역·고속국도 표기 없음으로 판정한 용인시 관리청(2026-09-25 · bridge_road_authority.csv). 노선 대장 확인 전 · 담당 구청 도로과는 추정,중처법 공중이용시설,시설물의 안전 및 유지관리에 관한 특별법 · 도로법 · 보행안전 및 편의증진에 관한 법률,,,,,
BR2007-0001449,고매4교,교량,도로교량,3종,B등급,20071108,경기도 용인시 기흥구 고매동,D03,FMS,검토필요,시행령 제3조제4호 가목,연장(m)·도로 노선(시도·국도·지방도),N,용인시,용인시 기흥구청 도로과(추정),law,도로법 제23조(도로관리청)·제16조(시도) — 동 지역·고속국도 표기 없음으로 판정한 용인시 관리청(2026-09-25 · bridge_road_authority.csv). 노선 대장 확인 전 · 담당 구청 도로과는 추정,중처법 공중이용시설,시설물의 안전 및 유지관리에 관한 특별법 · 도로법 · 보행안전 및 편의증진에 관한 법률,,,,,
BR2008-0001356,고매교,교량,도로교량,3종,B등급,20080830,경기도 용인시 기흥구 고매동,D03,FMS,검토필요,시행령 제3조제4호 가목,연장(m)·도로 노선(시도·국도·지방도),N,용인시,용인시 기흥구청 도로과(추정),law,도로법 제23조(도로관리청)·제16조(시도) — 동 지역·고속국도 표기 없음으로 판정한 용인시 관리청(2026-09-25 · bridge_road_authority.csv). 노선 대장 확인 전 · 담당 구청 도로과는 추정,중처법 공중이용시설,시설물의 안전 및 유지관리에 관한 특별법 · 도로법 · 보행안전 및 편의증진에 관한 법률,,,,,
BR1974-0000037,공세교,교량,도로교량,3종,C등급,19740101,경기도 용인시 기흥구 고매동,D03,FMS,검토필요,시행령 제3조제4호 가목,연장(m)·도로 노선(시도·국도·지방도),N,용인시,용인시 기흥구청 도로과(추정),law,도로법 제23조(도로관리청)·제16조(시도) — 동 지역·고속국도 표기 없음으로 판정한 용인시 관리청(2026-09-25 · bridge_road_authority.csv). 노선 대장 확인 전 · 담당 구청 도로과는 추정,중처법 공중이용시설,시설물의 안전 및 유지관리에 관한 특별법 · 도로법 · 보행안전 및 편의증진에 관한 법률,,,,,
BR2009-0001240,불당교,교량,도로교량,3종,B등급,20090625,경기도 용인시 기흥구 고매동,D03,FMS,검토필요,시행령 제3조제4호 가목,연장(m)·도로 노선(시도·국도·지방도),N,용인시,용인시 기흥구청 도로과(추정),law,도로법 제23조(도로관리청)·제16조(시도) — 동 지역·고속국도 표기 없음으로 판정한 용인시 관리청(2026-09-25 · bridge_road_authority.csv). 노선 대장 확인 전 · 담당 구청 도로과는 추정,중처법 공중이용시설,시설물의 안전 및 유지관리에 관한 특별법 · 도로법 · 보행안전 및 편의증진에 관한 법률,,,,,
BR1995-0000589,공세교,교량,도로교량,3종,C등급,19951031,경기도 용인시 기흥구 공세동,D03,FMS,검토필요,시행령 제3조제4호 가목,연장(m)·도로 노선(시도·국도·지방도),N,용인시,용인시 기흥구청 도로과(추정),law,도로법 제23조(도로관리청)·제16조(시도) — 동 지역·고속국도 표기 없음으로 판정한 용인시 관리청(2026-09-25 · bridge_road_authority.csv). 노선 대장 확인 전 · 담당 구청 도로과는 추정,중처법 공중이용시설,시설물의 안전 및 유지관리에 관한 특별법 · 도로법 · 보행안전 및 편의증진에 관한 법률,,,,,
BR1984-0000143,농서교,교량,도로교량,3종,B등급,19840331,경기도 용인시 기흥구 농서동,D03,FMS,검토필요,시행령 제3조제4호 가목,연장(m)·도로 노선(시도·국도·지방도),N,용인시,용인시 기흥구청 도로과(추정),law,도로법 제23조(도로관리청)·제16조(시도) — 동 지역·고속국도 표기 없음으로 판정한 용인시 관리청(2026-09-25 · bridge_road_authority.csv). 노선 대장 확인 전 · 담당 구청 도로과는 추정,중처법 공중이용시설,시설물의 안전 및 유지관리에 관한 특별법 · 도로법 · 보행안전 및 편의증진에 관한 법률,,,,,
BR2010-0001215,오산천교(진입),교량,도로교량,3종,B등급,20101109,경기도 용인시 기흥구 농서동,D03,FMS,검토필요,시행령 제3조제4호 가목,연장(m)·도로 노선(시도·국도·지방도),N,용인시,용인시 기흥구청 도로과(추정),law,도로법 제23조(도로관리청)·제16조(시도) — 동 지역·고속국도 표기 없음으로 판정한 용인시 관리청(2026-09-25 · bridge_road_authority.csv). 노선 대장 확인 전 · 담당 구청 도로과는 추정,중처법 공중이용시설,시설물의 안전 및 유지관리에 관한 특별법 · 도로법 · 보행안전 및 편의증진에 관한 법률,,,,,
BR2010-0001218,오산천교(진출),교량,도로교량,3종,B등급,20101109,경기도 용인시 기흥구 농서동,D03,FMS,검토필요,시행령 제3조제4호 가목,연장(m)·도로 노선(시도·국도·지방도),N,용인시,용인시 기흥구청 도로과(추정),law,도로법 제23조(도로관리청)·제16조(시도) — 동 지역·고속국도 표기 없음으로 판정한 용인시 관리청(2026-09-25 · bridge_road_authority.csv). 노선 대장 확인 전 · 담당 구청 도로과는 추정,중처법 공중이용시설,시설물의 안전 및 유지관리에 관한 특별법 · 도로법 · 보행안전 및 편의증진에 관한 법률,,,,,
BR2005-0001940,구성교,교량,도로교량,3종,B등급,20051229,경기도 용인시 기흥구 마북동,D03,FMS,검토필요,시행령 제3조제4호 가목,연장(m)·도로 노선(시도·국도·지방도),N,용인시,용인시 기흥구청 도로과(추정),law,도로법 제23조(도로관리청)·제16조(시도) — 동 지역·고속국도 표기 없음으로 판정한 용인시 관리청(2026-09-25 · bridge_road_authority.csv). 노선 대장 확인 전 · 담당 구청 도로과는 추정,중처법 공중이용시설,시설물의 안전 및 유지관리에 관한 특별법 · 도로법 · 보행안전 및 편의증진에 관한 법률,,,,,
BR2003-0003366,남산1교,교량,도로교량,3종,C등급,20030630,경기도 용인시 기흥구 마북동,D03,FMS,검토필요,시행령 제3조제4호 가목,연장(m)·도로 노선(시도·국도·지방도),N,용인시,용인시 기흥구청 도로과(추정),law,도로법 제23조(도로관리청)·제16조(시도) — 동 지역·고속국도 표기 없음으로 판정한 용인시 관리청(2026-09-25 · bridge_road_authority.csv). 노선 대장 확인 전 · 담당 구청 도로과는 추정,중처법 공중이용시설,시설물의 안전 및 유지관리에 관한 특별법 · 도로법 · 보행안전 및 편의증진에 관한 법률,,,,,
BR2004-0002548,남산2교,교량,도로교량,3종,C등급,20040701,경기도 용인시 기흥구 마북동,D03,FMS,검토필요,시행령 제3조제4호 가목,연장(m)·도로 노선(시도·국도·지방도),N,용인시,용인시 기흥구청 도로과(추정),law,도로법 제23조(도로관리청)·제16조(시도) — 동 지역·고속국도 표기 없음으로 판정한 용인시 관리청(2026-09-25 · bridge_road_authority.csv). 노선 대장 확인 전 · 담당 구청 도로과는 추정,중처법 공중이용시설,시설물의 안전 및 유지관리에 관한 특별법 · 도로법 · 보행안전 및 편의증진에 관한 법률,,,,,
BR2004-0002549,남산교,교량,도로교량,3종,B등급,20040101,경기도 용인시 기흥구 마북동,D03,FMS,검토필요,시행령 제3조제4호 가목,연장(m)·도로 노선(시도·국도·지방도),N,용인시,용인시 기흥구청 도로과(추정),law,도로법 제23조(도로관리청)·제16조(시도) — 동 지역·고속국도 표기 없음으로 판정한 용인시 관리청(2026-09-25 · bridge_road_authority.csv). 노선 대장 확인 전 · 담당 구청 도로과는 추정,중처법 공중이용시설,시설물의 안전 및 유지관리에 관한 특별법 · 도로법 · 보행안전 및 편의증진에 관한 법률,,,,,
BR2007-0001450,마북교,교량,도로교량,3종,B등급,20070611,경기도 용인시 기흥구 마북동,D03,FMS,검토필요,시행령 제3조제4호 가목,연장(m)·도로 노선(시도·국도·지방도),N,용인시,용인시 기흥구청 도로과(추정),law,도로법 제23조(도로관리청)·제16조(시도) — 동 지역·고속국도 표기 없음으로 판정한 용인시 관리청(2026-09-25 · bridge_road_authority.csv). 노선 대장 확인 전 · 담당 구청 도로과는 추정,중처법 공중이용시설,시설물의 안전 및 유지관리에 관한 특별법 · 도로법 · 보행안전 및 편의증진에 관한 법률,,,,,
BR2000-0000641,삼거교-상행,교량,도로교량,3종,C등급,20000531,경기도 용인시 기흥구 마북동,D03,FMS,검토필요,시행령 제3조제4호 가목,연장(m)·도로 노선(시도·국도·지방도),N,용인시,용인시 기흥구청 도로과(추정),law,도로법 제23조(도로관리청)·제16조(시도) — 동 지역·고속국도 표기 없음으로 판정한 용인시 관리청(2026-09-25 · bridge_road_authority.csv). 노선 대장 확인 전 · 담당 구청 도로과는 추정,중처법 공중이용시설,시설물의 안전 및 유지관리에 관한 특별법 · 도로법 · 보행안전 및 편의증진에 관한 법률,,,,,
BR2000-0000638,삼거교-하행,교량,도로교량,3종,B등급,20000531,경기도 용인시 기흥구 마북동,D03,FMS,검토필요,시행령 제3조제4호 가목,연장(m)·도로 노선(시도·국도·지방도),N,용인시,용인시 기흥구청 도로과(추정),law,도로법 제23조(도로관리청)·제16조(시도) — 동 지역·고속국도 표기 없음으로 판정한 용인시 관리청(2026-09-25 · bridge_road_authority.csv). 노선 대장 확인 전 · 담당 구청 도로과는 추정,중처법 공중이용시설,시설물의 안전 및 유지관리에 관한 특별법 · 도로법 · 보행안전 및 편의증진에 관한 법률,,,,,
BR2008-0001353,상마곡교(포은),교량,도로교량,3종,B등급,20081219,경기도 용인시 기흥구 마북동,D03,FMS,검토필요,시행령 제3조제4호 가목,연장(m)·도로 노선(시도·국도·지방도),N,용인시,용인시 기흥구청 도로과(추정),law,도로법 제23조(도로관리청)·제16조(시도) — 동 지역·고속국도 표기 없음으로 판정한 용인시 관리청(2026-09-25 · bridge_road_authority.csv). 노선 대장 확인 전 · 담당 구청 도로과는 추정,중처법 공중이용시설,시설물의 안전 및 유지관리에 관한 특별법 · 도로법 · 보행안전 및 편의증진에 관한 법률,,,,,
BR1990-0000234,중동교,교량,도로교량,3종,B등급,19900101,경기도 용인시 기흥구 마북동,D03,FMS,검토필요,시행령 제3조제4호 가목,연장(m)·도로 노선(시도·국도·지방도),N,용인시,용인시 기흥구청 도로과(추정),law,도로법 제23조(도로관리청)·제16조(시도) — 동 지역·고속국도 표기 없음으로 판정한 용인시 관리청(2026-09-25 · bridge_road_authority.csv). 노선 대장 확인 전 · 담당 구청 도로과는 추정,중처법 공중이용시설,시설물의 안전 및 유지관리에 관한 특별법 · 도로법 · 보행안전 및 편의증진에 관한 법률,,,,,
BR1979-0000106,보정교,교량,도로교량,3종,C등급,19791201,경기도 용인시 기흥구 보정동,D03,FMS,검토필요,시행령 제3조제4호 가목,연장(m)·도로 노선(시도·국도·지방도),N,용인시,용인시 기흥구청 도로과(추정),law,도로법 제23조(도로관리청)·제16조(시도) — 동 지역·고속국도 표기 없음으로 판정한 용인시 관리청(2026-09-25 · bridge_road_authority.csv). 노선 대장 확인 전 · 담당 구청 도로과는 추정,중처법 공중이용시설,시설물의 안전 및 유지관리에 관한 특별법 · 도로법 · 보행안전 및 편의증진에 관한 법률,,,,,
BR2004-0002653,풍덕천2교,교량,도로교량,3종,B등급,19991231,경기도 용인시 기흥구 보정동,D03,FMS,검토필요,시행령 제3조제4호 가목,연장(m)·도로 노선(시도·국도·지방도),N,용인시,용인시 기흥구청 도로과(추정),law,도로법 제23조(도로관리청)·제16조(시도) — 동 지역·고속국도 표기 없음으로 판정한 용인시 관리청(2026-09-25 · bridge_road_authority.csv). 노선 대장 확인 전 · 담당 구청 도로과는 추정,중처법 공중이용시설,시설물의 안전 및 유지관리에 관한 특별법 · 도로법 · 보행안전 및 편의증진에 관한 법률,,,,,
BR2004-0002662,풍덕천2교(풍덕공원옆),교량,도로교량,3종,B등급,20040801,경기도 용인시 기흥구 보정동,D03,FMS,검토필요,시행령 제3조제4호 가목,연장(m)·도로 노선(시도·국도·지방도),N,용인시,용인시 기흥구청 도로과(추정),law,도로법 제23조(도로관리청)·제16조(시도) — 동 지역·고속국도 표기 없음으로 판정한 용인시 관리청(2026-09-25 · bridge_road_authority.csv). 노선 대장 확인 전 · 담당 구청 도로과는 추정,중처법 공중이용시설,시설물의 안전 및 유지관리에 관한 특별법 · 도로법 · 보행안전 및 편의증진에 관한 법률,,,,,
BR1998-0000697,(구)상갈교,교량,도로교량,3종,B등급,19980610,경기도 용인시 기흥구 상갈동,D03,FMS,검토필요,시행령 제3조제4호 가목,연장(m)·도로 노선(시도·국도·지방도),N,용인시,용인시 기흥구청 도로과(추정),law,도로법 제23조(도로관리청)·제16조(시도) — 동 지역·고속국도 표기 없음으로 판정한 용인시 관리청(2026-09-25 · bridge_road_authority.csv). 노선 대장 확인 전 · 담당 구청 도로과는 추정,중처법 공중이용시설,시설물의 안전 및 유지관리에 관한 특별법 · 도로법 · 보행안전 및 편의증진에 관한 법률,,,,,
BR1986-0000243,상갈교,교량,도로교량,3종,C등급,19860101,경기도 용인시 기흥구 상갈동,D03,FMS,검토필요,시행령 제3조제4호 가목,연장(m)·도로 노선(시도·국도·지방도),N,용인시,용인시 기흥구청 도로과(추정),law,도로법 제23조(도로관리청)·제16조(시도) — 동 지역·고속국도 표기 없음으로 판정한 용인시 관리청(2026-09-25 · bridge_road_authority.csv). 노선 대장 확인 전 · 담당 구청 도로과는 추정,중처법 공중이용시설,시설물의 안전 및 유지관리에 관한 특별법 · 도로법 · 보행안전 및 편의증진에 관한 법률,,,,,
BR2000-0000640,기흥구갈2교,교량,도로교량,3종,B등급,20000702,경기도 용인시 기흥구 신갈동,D03,FMS,검토필요,시행령 제3조제4호 가목,연장(m)·도로 노선(시도·국도·지방도),N,용인시,용인시 기흥구청 도로과(추정),law,도로법 제23조(도로관리청)·제16조(시도) — 동 지역·고속국도 표기 없음으로 판정한 용인시 관리청(2026-09-25 · bridge_road_authority.csv). 노선 대장 확인 전 · 담당 구청 도로과는 추정,중처법 공중이용시설,시설물의 안전 및 유지관리에 관한 특별법 · 도로법 · 보행안전 및 편의증진에 관한 법률,,,,,
BR2004-0002551,신갈보도교,교량,도로교량,3종,B등급,20040101,경기도 용인시 기흥구 신갈동,D03,FMS,검토필요,시행령 제3조제4호 가목,연장(m)·도로 노선(시도·국도·지방도),N,용인시,용인시 기흥구청 도로과(추정),law,도로법 제23조(도로관리청)·제16조(시도) — 동 지역·고속국도 표기 없음으로 판정한 용인시 관리청(2026-09-25 · bridge_road_authority.csv). 노선 대장 확인 전 · 담당 구청 도로과는 추정,중처법 공중이용시설,시설물의 안전 및 유지관리에 관한 특별법 · 도로법 · 보행안전 및 편의증진에 관한 법률,,,,,
BR2005-0001936,구성1교,교량,도로교량,3종,B등급,20051229,경기도 용인시 기흥구 언남동,D03,FMS,검토필요,시행령 제3조제4호 가목,연장(m)·도로 노선(시도·국도·지방도),N,용인시,용인시 기흥구청 도로과(추정),law,도로법 제23조(도로관리청)·제16조(시도) — 동 지역·고속국도 표기 없음으로 판정한 용인시 관리청(2026-09-25 · bridge_road_authority.csv). 노선 대장 확인 전 · 담당 구청 도로과는 추정,중처법 공중이용시설,시설물의 안전 및 유지관리에 관한 특별법 · 도로법 · 보행안전 및 편의증진에 관한 법률,,,,,
BR1996-0000753,언동2교,교량,도로교량,3종,C등급,19960101,경기도 용인시 기흥구 언남동,D03,FMS,검토필요,시행령 제3조제4호 가목,연장(m)·도로 노선(시도·국도·지방도),N,용인시,용인시 기흥구청 도로과(추정),law,도로법 제23조(도로관리청)·제16조(시도) — 동 지역·고속국도 표기 없음으로 판정한 용인시 관리청(2026-09-25 · bridge_road_authority.csv). 노선 대장 확인 전 · 담당 구청 도로과는 추정,중처법 공중이용시설,시설물의 안전 및 유지관리에 관한 특별법 · 도로법 · 보행안전 및 편의증진에 관한 법률,,,,,
BR2009-0001235,영덕2교,교량,도로교량,3종,B등급,20090630,경기도 용인시 기흥구 영덕동,D03,FMS,검토필요,시행령 제3조제4호 가목,연장(m)·도로 노선(시도·국도·지방도),N,용인시,용인시 기흥구청 도로과(추정),law,도로법 제23조(도로관리청)·제16조(시도) — 동 지역·고속국도 표기 없음으로 판정한 용인시 관리청(2026-09-25 · bridge_road_authority.csv). 노선 대장 확인 전 · 담당 구청 도로과는 추정,중처법 공중이용시설,시설물의 안전 및 유지관리에 관한 특별법 · 도로법 · 보행안전 및 편의증진에 관한 법률,,,,,
BR1968-0000035,영덕교(0),교량,도로교량,3종,B등급,19680826,경기도 용인시 기흥구 영덕동,D03,FMS,검토필요,시행령 제3조제4호 가목,연장(m)·도로 노선(시도·국도·지방도),N,용인시,용인시 기흥구청 도로과(추정),law,도로법 제23조(도로관리청)·제16조(시도) — 동 지역·고속국도 표기 없음으로 판정한 용인시 관리청(2026-09-25 · bridge_road_authority.csv). 노선 대장 확인 전 · 담당 구청 도로과는 추정,중처법 공중이용시설,시설물의 안전 및 유지관리에 관한 특별법 · 도로법 · 보행안전 및 편의증진에 관한 법률,,,,,
BR1987-0000200,영덕교(1),교량,도로교량,3종,B등급,19870828,경기도 용인시 기흥구 영덕동,D03,FMS,검토필요,시행령 제3조제4호 가목,연장(m)·도로 노선(시도·국도·지방도),N,용인시,용인시 기흥구청 도로과(추정),law,도로법 제23조(도로관리청)·제16조(시도) — 동 지역·고속국도 표기 없음으로 판정한 용인시 관리청(2026-09-25 · bridge_road_authority.csv). 노선 대장 확인 전 · 담당 구청 도로과는 추정,중처법 공중이용시설,시설물의 안전 및 유지관리에 관한 특별법 · 도로법 · 보행안전 및 편의증진에 관한 법률,,,,,
BR1992-0000280,영덕교(2),교량,도로교량,3종,B등급,19920826,경기도 용인시 기흥구 영덕동,D03,FMS,검토필요,시행령 제3조제4호 가목,연장(m)·도로 노선(시도·국도·지방도),N,용인시,용인시 기흥구청 도로과(추정),law,도로법 제23조(도로관리청)·제16조(시도) — 동 지역·고속국도 표기 없음으로 판정한 용인시 관리청(2026-09-25 · bridge_road_authority.csv). 노선 대장 확인 전 · 담당 구청 도로과는 추정,중처법 공중이용시설,시설물의 안전 및 유지관리에 관한 특별법 · 도로법 · 보행안전 및 편의증진에 관한 법률,,,,,
BR1996-0000392,영덕교(3),교량,도로교량,3종,B등급,19961203,경기도 용인시 기흥구 영덕동,D03,FMS,검토필요,시행령 제3조제4호 가목,연장(m)·도로 노선(시도·국도·지방도),N,용인시,용인시 기흥구청 도로과(추정),law,도로법 제23조(도로관리청)·제16조(시도) — 동 지역·고속국도 표기 없음으로 판정한 용인시 관리청(2026-09-25 · bridge_road_authority.csv). 노선 대장 확인 전 · 담당 구청 도로과는 추정,중처법 공중이용시설,시설물의 안전 및 유지관리에 관한 특별법 · 도로법 · 보행안전 및 편의증진에 관한 법률,,,,,
BR2009-0001236,영덕육교,교량,도로교량,3종,C등급,20090630,경기도 용인시 기흥구 영덕동,D03,FMS,검토필요,시행령 제3조제4호 가목,연장(m)·도로 노선(시도·국도·지방도),N,용인시,용인시 기흥구청 도로과(추정),law,도로법 제23조(도로관리청)·제16조(시도) — 동 지역·고속국도 표기 없음으로 판정한 용인시 관리청(2026-09-25 · bridge_road_authority.csv). 노선 대장 확인 전 · 담당 구청 도로과는 추정,중처법 공중이용시설,시설물의 안전 및 유지관리에 관한 특별법 · 도로법 · 보행안전 및 편의증진에 관한 법률,,,,,
BR2009-0001470,흥덕1교,교량,도로교량,3종,B등급,20090330,경기도 용인시 기흥구 영덕동,D03,FMS,검토필요,시행령 제3조제4호 가목,연장(m)·도로 노선(시도·국도·지방도),N,용인시,용인시 기흥구청 도로과(추정),law,도로법 제23조(도로관리청)·제16조(시도) — 동 지역·고속국도 표기 없음으로 판정한 용인시 관리청(2026-09-25 · bridge_road_authority.csv). 노선 대장 확인 전 · 담당 구청 도로과는 추정,중처법 공중이용시설,시설물의 안전 및 유지관리에 관한 특별법 · 도로법 · 보행안전 및 편의증진에 관한 법률,,,,,
BR2009-0001471,흥덕2교,교량,도로교량,3종,B등급,20090330,경기도 용인시 기흥구 영덕동,D03,FMS,검토필요,시행령 제3조제4호 가목,연장(m)·도로 노선(시도·국도·지방도),N,용인시,용인시 기흥구청 도로과(추정),law,도로법 제23조(도로관리청)·제16조(시도) — 동 지역·고속국도 표기 없음으로 판정한 용인시 관리청(2026-09-25 · bridge_road_authority.csv). 노선 대장 확인 전 · 담당 구청 도로과는 추정,중처법 공중이용시설,시설물의 안전 및 유지관리에 관한 특별법 · 도로법 · 보행안전 및 편의증진에 관한 법률,,,,,
BR2009-0001472,흥덕3교,교량,도로교량,3종,B등급,20090330,경기도 용인시 기흥구 영덕동,D03,FMS,검토필요,시행령 제3조제4호 가목,연장(m)·도로 노선(시도·국도·지방도),N,용인시,용인시 기흥구청 도로과(추정),law,도로법 제23조(도로관리청)·제16조(시도) — 동 지역·고속국도 표기 없음으로 판정한 용인시 관리청(2026-09-25 · bridge_road_authority.csv). 노선 대장 확인 전 · 담당 구청 도로과는 추정,중처법 공중이용시설,시설물의 안전 및 유지관리에 관한 특별법 · 도로법 · 보행안전 및 편의증진에 관한 법률,,,,,
BR2007-0001447,지곡1새마을교,교량,도로교량,3종,B등급,20071220,경기도 용인시 기흥구 지곡동,D03,FMS,검토필요,시행령 제3조제4호 가목,연장(m)·도로 노선(시도·국도·지방도),N,용인시,용인시 기흥구청 도로과(추정),law,도로법 제23조(도로관리청)·제16조(시도) — 동 지역·고속국도 표기 없음으로 판정한 용인시 관리청(2026-09-25 · bridge_road_authority.csv). 노선 대장 확인 전 · 담당 구청 도로과는 추정,중처법 공중이용시설,시설물의 안전 및 유지관리에 관한 특별법 · 도로법 · 보행안전 및 편의증진에 관한 법률,,,,,
BR2007-0001448,지곡2새마을교,교량,도로교량,3종,B등급,20071220,경기도 용인시 기흥구 지곡동,D03,FMS,검토필요,시행령 제3조제4호 가목,연장(m)·도로 노선(시도·국도·지방도),N,용인시,용인시 기흥구청 도로과(추정),law,도로법 제23조(도로관리청)·제16조(시도) — 동 지역·고속국도 표기 없음으로 판정한 용인시 관리청(2026-09-25 · bridge_road_authority.csv). 노선 대장 확인 전 · 담당 구청 도로과는 추정,중처법 공중이용시설,시설물의 안전 및 유지관리에 관한 특별법 · 도로법 · 보행안전 및 편의증진에 관한 법률,,,,,
BR2000-0000642,하동교,교량,도로교량,3종,B등급,20000621,경기도 용인시 기흥구 지곡동,D03,FMS,검토필요,시행령 제3조제4호 가목,연장(m)·도로 노선(시도·국도·지방도),N,용인시,용인시 기흥구청 도로과(추정),law,도로법 제23조(도로관리청)·제16조(시도) — 동 지역·고속국도 표기 없음으로 판정한 용인시 관리청(2026-09-25 · bridge_road_authority.csv). 노선 대장 확인 전 · 담당 구청 도로과는 추정,중처법 공중이용시설,시설물의 안전 및 유지관리에 관한 특별법 · 도로법 · 보행안전 및 편의증진에 관한 법률,,,,,
BR2007-0001451,하동교,교량,도로교량,3종,B등급,20071220,경기도 용인시 기흥구 지곡동,D03,FMS,검토필요,시행령 제3조제4호 가목,연장(m)·도로 노선(시도·국도·지방도),N,용인시,용인시 기흥구청 도로과(추정),law,도로법 제23조(도로관리청)·제16조(시도) — 동 지역·고속국도 표기 없음으로 판정한 용인시 관리청(2026-09-25 · bridge_road_authority.csv). 노선 대장 확인 전 · 담당 구청 도로과는 추정,중처법 공중이용시설,시설물의 안전 및 유지관리에 관한 특별법 · 도로법 · 보행안전 및 편의증진에 관한 법률,,,,,
BR2009-0001469,물푸레생태교,교량,도로교량,3종,B등급,20090630,경기도 용인시 기흥구 청덕동,D03,FMS,검토필요,시행령 제3조제4호 가목,연장(m)·도로 노선(시도·국도·지방도),N,용인시,용인시 기흥구청 도로과(추정),law,도로법 제23조(도로관리청)·제16조(시도) — 동 지역·고속국도 표기 없음으로 판정한 용인시 관리청(2026-09-25 · bridge_road_authority.csv). 노선 대장 확인 전 · 담당 구청 도로과는 추정,중처법 공중이용시설,시설물의 안전 및 유지관리에 관한 특별법 · 도로법 · 보행안전 및 편의증진에 관한 법률,,,,,
BR2009-0001238,언남3교,교량,도로교량,3종,B등급,20090630,경기도 용인시 기흥구 청덕동,D03,FMS,검토필요,시행령 제3조제4호 가목,연장(m)·도로 노선(시도·국도·지방도),N,용인시,용인시 기흥구청 도로과(추정),law,도로법 제23조(도로관리청)·제16조(시도) — 동 지역·고속국도 표기 없음으로 판정한 용인시 관리청(2026-09-25 · bridge_road_authority.csv). 노선 대장 확인 전 · 담당 구청 도로과는 추정,중처법 공중이용시설,시설물의 안전 및 유지관리에 관한 특별법 · 도로법 · 보행안전 및 편의증진에 관한 법률,,,,,
BR2008-0001355,청덕1교,교량,도로교량,3종,B등급,20081030,경기도 용인시 기흥구 청덕동,D03,FMS,검토필요,시행령 제3조제4호 가목,연장(m)·도로 노선(시도·국도·지방도),N,용인시,용인시 기흥구청 도로과(추정),law,도로법 제23조(도로관리청)·제16조(시도) — 동 지역·고속국도 표기 없음으로 판정한 용인시 관리청(2026-09-25 · bridge_road_authority.csv). 노선 대장 확인 전 · 담당 구청 도로과는 추정,중처법 공중이용시설,시설물의 안전 및 유지관리에 관한 특별법 · 도로법 · 보행안전 및 편의증진에 관한 법률,,,,,
BR2008-0001350,청덕2교,교량,도로교량,3종,B등급,20081030,경기도 용인시 기흥구 청덕동,D03,FMS,검토필요,시행령 제3조제4호 가목,연장(m)·도로 노선(시도·국도·지방도),N,용인시,용인시 기흥구청 도로과(추정),law,도로법 제23조(도로관리청)·제16조(시도) — 동 지역·고속국도 표기 없음으로 판정한 용인시 관리청(2026-09-25 · bridge_road_authority.csv). 노선 대장 확인 전 · 담당 구청 도로과는 추정,중처법 공중이용시설,시설물의 안전 및 유지관리에 관한 특별법 · 도로법 · 보행안전 및 편의증진에 관한 법률,,,,,
BR2008-0001351,청덕3교,교량,도로교량,3종,B등급,20081030,경기도 용인시 기흥구 청덕동,D03,FMS,검토필요,시행령 제3조제4호 가목,연장(m)·도로 노선(시도·국도·지방도),N,용인시,용인시 기흥구청 도로과(추정),law,도로법 제23조(도로관리청)·제16조(시도) — 동 지역·고속국도 표기 없음으로 판정한 용인시 관리청(2026-09-25 · bridge_road_authority.csv). 노선 대장 확인 전 · 담당 구청 도로과는 추정,중처법 공중이용시설,시설물의 안전 및 유지관리에 관한 특별법 · 도로법 · 보행안전 및 편의증진에 관한 법률,,,,,
BR2008-0001352,청덕4교,교량,도로교량,3종,B등급,20081030,경기도 용인시 기흥구 청덕동,D03,FMS,검토필요,시행령 제3조제4호 가목,연장(m)·도로 노선(시도·국도·지방도),N,용인시,용인시 기흥구청 도로과(추정),law,도로법 제23조(도로관리청)·제16조(시도) — 동 지역·고속국도 표기 없음으로 판정한 용인시 관리청(2026-09-25 · bridge_road_authority.csv). 노선 대장 확인 전 · 담당 구청 도로과는 추정,중처법 공중이용시설,시설물의 안전 및 유지관리에 관한 특별법 · 도로법 · 보행안전 및 편의증진에 관한 법률,,,,,
BR1992-0000499,고려교,교량,도로교량,3종,B등급,19920115,경기도 용인시 기흥구 하갈동,D03,FMS,검토필요,시행령 제3조제4호 가목,연장(m)·도로 노선(시도·국도·지방도),N,용인시,용인시 기흥구청 도로과(추정),law,도로법 제23조(도로관리청)·제16조(시도) — 동 지역·고속국도 표기 없음으로 판정한 용인시 관리청(2026-09-25 · bridge_road_authority.csv). 노선 대장 확인 전 · 담당 구청 도로과는 추정,중처법 공중이용시설,시설물의 안전 및 유지관리에 관한 특별법 · 도로법 · 보행안전 및 편의증진에 관한 법률,,,,,
BR2005-0001937,보뜰교,교량,도로교량,3종,B등급,20050101,경기도 용인시 기흥구 하갈동,D03,FMS,검토필요,시행령 제3조제4호 가목,연장(m)·도로 노선(시도·국도·지방도),N,용인시,용인시 기흥구청 도로과(추정),law,도로법 제23조(도로관리청)·제16조(시도) — 동 지역·고속국도 표기 없음으로 판정한 용인시 관리청(2026-09-25 · bridge_road_authority.csv). 노선 대장 확인 전 · 담당 구청 도로과는 추정,중처법 공중이용시설,시설물의 안전 및 유지관리에 관한 특별법 · 도로법 · 보행안전 및 편의증진에 관한 법률,,,,,
BR1984-0000148,하갈교,교량,도로교량,3종,B등급,19840715,경기도 용인시 기흥구 하갈동,D03,FMS,검토필요,시행령 제3조제4호 가목,연장(m)·도로 노선(시도·국도·지방도),N,용인시,용인시 기흥구청 도로과(추정),law,도로법 제23조(도로관리청)·제16조(시도) — 동 지역·고속국도 표기 없음으로 판정한 용인시 관리청(2026-09-25 · bridge_road_authority.csv). 노선 대장 확인 전 · 담당 구청 도로과는 추정,중처법 공중이용시설,시설물의 안전 및 유지관리에 관한 특별법 · 도로법 · 보행안전 및 편의증진에 관한 법률,,,,,
BR2004-0002625,죽전5교,교량,도로교량,3종,B등급,20041231,경기도 용인시 수지구 ,D03,FMS,검토필요,시행령 제3조제4호 가목,연장(m)·도로 노선(시도·국도·지방도),N,용인시,용인시 수지구청 건설도로과(추정),law,도로법 제23조(도로관리청)·제16조(시도) — 동 지역·고속국도 표기 없음으로 판정한 용인시 관리청(2026-09-25 · bridge_road_authority.csv). 노선 대장 확인 전 · 담당 구청 도로과는 추정,중처법 공중이용시설,시설물의 안전 및 유지관리에 관한 특별법 · 도로법 · 보행안전 및 편의증진에 관한 법률,,,,,
BR2003-0003431,고기교,교량,도로교량,3종,B등급,20031101,경기도 용인시 수지구 고기동,D03,FMS,검토필요,시행령 제3조제4호 가목,연장(m)·도로 노선(시도·국도·지방도),N,용인시,용인시 수지구청 건설도로과(추정),law,도로법 제23조(도로관리청)·제16조(시도) — 동 지역·고속국도 표기 없음으로 판정한 용인시 관리청(2026-09-25 · bridge_road_authority.csv). 노선 대장 확인 전 · 담당 구청 도로과는 추정,중처법 공중이용시설,시설물의 안전 및 유지관리에 관한 특별법 · 도로법 · 보행안전 및 편의증진에 관한 법률,,,,,
BR2001-0001306,망현1육교,교량,도로교량,3종,B등급,20010415,경기도 용인시 수지구 상현동,D03,FMS,검토필요,시행령 제3조제4호 가목,연장(m)·도로 노선(시도·국도·지방도),N,용인시,용인시 수지구청 건설도로과(추정),law,도로법 제23조(도로관리청)·제16조(시도) — 동 지역·고속국도 표기 없음으로 판정한 용인시 관리청(2026-09-25 · bridge_road_authority.csv). 노선 대장 확인 전 · 담당 구청 도로과는 추정,중처법 공중이용시설,시설물의 안전 및 유지관리에 관한 특별법 · 도로법 · 보행안전 및 편의증진에 관한 법률,,,,,
BR2001-0001307,성복교,교량,도로교량,3종,B등급,20010930,경기도 용인시 수지구 상현동,D03,FMS,검토필요,시행령 제3조제4호 가목,연장(m)·도로 노선(시도·국도·지방도),N,용인시,용인시 수지구청 건설도로과(추정),law,도로법 제23조(도로관리청)·제16조(시도) — 동 지역·고속국도 표기 없음으로 판정한 용인시 관리청(2026-09-25 · bridge_road_authority.csv). 노선 대장 확인 전 · 담당 구청 도로과는 추정,중처법 공중이용시설,시설물의 안전 및 유지관리에 관한 특별법 · 도로법 · 보행안전 및 편의증진에 관한 법률,,,,,
BR1999-0000738,성복2교,교량,도로교량,3종,B등급,19990430,경기도 용인시 수지구 성복동,D03,FMS,검토필요,시행령 제3조제4호 가목,연장(m)·도로 노선(시도·국도·지방도),N,용인시,용인시 수지구청 건설도로과(추정),law,도로법 제23조(도로관리청)·제16조(시도) — 동 지역·고속국도 표기 없음으로 판정한 용인시 관리청(2026-09-25 · bridge_road_authority.csv). 노선 대장 확인 전 · 담당 구청 도로과는 추정,중처법 공중이용시설,시설물의 안전 및 유지관리에 관한 특별법 · 도로법 · 보행안전 및 편의증진에 관한 법률,,,,,
BR2002-0000682,성복4교,교량,도로교량,3종,B등급,20020731,경기도 용인시 수지구 성복동,D03,FMS,검토필요,시행령 제3조제4호 가목,연장(m)·도로 노선(시도·국도·지방도),N,용인시,용인시 수지구청 건설도로과(추정),law,도로법 제23조(도로관리청)·제16조(시도) — 동 지역·고속국도 표기 없음으로 판정한 용인시 관리청(2026-09-25 · bridge_road_authority.csv). 노선 대장 확인 전 · 담당 구청 도로과는 추정,중처법 공중이용시설,시설물의 안전 및 유지관리에 관한 특별법 · 도로법 · 보행안전 및 편의증진에 관한 법률,,,,,
BR2000-0000766,어청교,교량,도로교량,3종,C등급,20001031,경기도 용인시 수지구 성복동,D03,FMS,검토필요,시행령 제3조제4호 가목,연장(m)·도로 노선(시도·국도·지방도),N,용인시,용인시 수지구청 건설도로과(추정),law,도로법 제23조(도로관리청)·제16조(시도) — 동 지역·고속국도 표기 없음으로 판정한 용인시 관리청(2026-09-25 · bridge_road_authority.csv). 노선 대장 확인 전 · 담당 구청 도로과는 추정,중처법 공중이용시설,시설물의 안전 및 유지관리에 관한 특별법 · 도로법 · 보행안전 및 편의증진에 관한 법률,,,,,
BR2003-0003497,신봉1교,교량,도로교량,3종,B등급,20031230,경기도 용인시 수지구 신봉동,D03,FMS,검토필요,시행령 제3조제4호 가목,연장(m)·도로 노선(시도·국도·지방도),N,용인시,용인시 수지구청 건설도로과(추정),law,도로법 제23조(도로관리청)·제16조(시도) — 동 지역·고속국도 표기 없음으로 판정한 용인시 관리청(2026-09-25 · bridge_road_authority.csv). 노선 대장 확인 전 · 담당 구청 도로과는 추정,중처법 공중이용시설,시설물의 안전 및 유지관리에 관한 특별법 · 도로법 · 보행안전 및 편의증진에 관한 법률,,,,,
BR2002-0000636,신봉2교,교량,도로교량,3종,C등급,20020831,경기도 용인시 수지구 신봉동,D03,FMS,검토필요,시행령 제3조제4호 가목,연장(m)·도로 노선(시도·국도·지방도),N,용인시,용인시 수지구청 건설도로과(추정),law,도로법 제23조(도로관리청)·제16조(시도) — 동 지역·고속국도 표기 없음으로 판정한 용인시 관리청(2026-09-25 · bridge_road_authority.csv). 노선 대장 확인 전 · 담당 구청 도로과는 추정,중처법 공중이용시설,시설물의 안전 및 유지관리에 관한 특별법 · 도로법 · 보행안전 및 편의증진에 관한 법률,,,,,
BR1996-0000899,신봉교,교량,도로교량,3종,B등급,19960426,경기도 용인시 수지구 신봉동,D03,FMS,검토필요,시행령 제3조제4호 가목,연장(m)·도로 노선(시도·국도·지방도),N,용인시,용인시 수지구청 건설도로과(추정),law,도로법 제23조(도로관리청)·제16조(시도) — 동 지역·고속국도 표기 없음으로 판정한 용인시 관리청(2026-09-25 · bridge_road_authority.csv). 노선 대장 확인 전 · 담당 구청 도로과는 추정,중처법 공중이용시설,시설물의 안전 및 유지관리에 관한 특별법 · 도로법 · 보행안전 및 편의증진에 관한 법률,,,,,
BR2003-0003434,정평1교,교량,도로교량,3종,B등급,20031231,경기도 용인시 수지구 신봉동,D03,FMS,검토필요,시행령 제3조제4호 가목,연장(m)·도로 노선(시도·국도·지방도),N,용인시,용인시 수지구청 건설도로과(추정),law,도로법 제23조(도로관리청)·제16조(시도) — 동 지역·고속국도 표기 없음으로 판정한 용인시 관리청(2026-09-25 · bridge_road_authority.csv). 노선 대장 확인 전 · 담당 구청 도로과는 추정,중처법 공중이용시설,시설물의 안전 및 유지관리에 관한 특별법 · 도로법 · 보행안전 및 편의증진에 관한 법률,,,,,
BR2003-0003498,정평2교,교량,도로교량,3종,B등급,20031231,경기도 용인시 수지구 신봉동,D03,FMS,검토필요,시행령 제3조제4호 가목,연장(m)·도로 노선(시도·국도·지방도),N,용인시,용인시 수지구청 건설도로과(추정),law,도로법 제23조(도로관리청)·제16조(시도) — 동 지역·고속국도 표기 없음으로 판정한 용인시 관리청(2026-09-25 · bridge_road_authority.csv). 노선 대장 확인 전 · 담당 구청 도로과는 추정,중처법 공중이용시설,시설물의 안전 및 유지관리에 관한 특별법 · 도로법 · 보행안전 및 편의증진에 관한 법률,,,,,
BR0000-0000002,꽃터교(안대지2교),교량,도로교량,3종,C등급,20041229,경기도 용인시 수지구 죽전동,D03,FMS,검토필요,시행령 제3조제4호 가목,연장(m)·도로 노선(시도·국도·지방도),N,용인시,용인시 수지구청 건설도로과(추정),law,도로법 제23조(도로관리청)·제16조(시도) — 동 지역·고속국도 표기 없음으로 판정한 용인시 관리청(2026-09-25 · bridge_road_authority.csv). 노선 대장 확인 전 · 담당 구청 도로과는 추정,중처법 공중이용시설,시설물의 안전 및 유지관리에 관한 특별법 · 도로법 · 보행안전 및 편의증진에 관한 법률,,,,,
BR2004-0002657,대지교,교량,도로교량,3종,B등급,20041229,경기도 용인시 수지구 죽전동,D03,FMS,검토필요,시행령 제3조제4호 가목,연장(m)·도로 노선(시도·국도·지방도),N,용인시,용인시 수지구청 건설도로과(추정),law,도로법 제23조(도로관리청)·제16조(시도) — 동 지역·고속국도 표기 없음으로 판정한 용인시 관리청(2026-09-25 · bridge_road_authority.csv). 노선 대장 확인 전 · 담당 구청 도로과는 추정,중처법 공중이용시설,시설물의 안전 및 유지관리에 관한 특별법 · 도로법 · 보행안전 및 편의증진에 관한 법률,,,,,
BR2004-0002621,새터교,교량,도로교량,3종,B등급,20041219,경기도 용인시 수지구 죽전동,D03,FMS,검토필요,시행령 제3조제4호 가목,연장(m)·도로 노선(시도·국도·지방도),N,용인시,용인시 수지구청 건설도로과(추정),law,도로법 제23조(도로관리청)·제16조(시도) — 동 지역·고속국도 표기 없음으로 판정한 용인시 관리청(2026-09-25 · bridge_road_authority.csv). 노선 대장 확인 전 · 담당 구청 도로과는 추정,중처법 공중이용시설,시설물의 안전 및 유지관리에 관한 특별법 · 도로법 · 보행안전 및 편의증진에 관한 법률,,,,,
BR2000-0000730,성복천교(이마트인근),교량,도로교량,3종,B등급,20000531,경기도 용인시 수지구 죽전동,D03,FMS,검토필요,시행령 제3조제4호 가목,연장(m)·도로 노선(시도·국도·지방도),N,용인시,용인시 수지구청 건설도로과(추정),law,도로법 제23조(도로관리청)·제16조(시도) — 동 지역·고속국도 표기 없음으로 판정한 용인시 관리청(2026-09-25 · bridge_road_authority.csv). 노선 대장 확인 전 · 담당 구청 도로과는 추정,중처법 공중이용시설,시설물의 안전 및 유지관리에 관한 특별법 · 도로법 · 보행안전 및 편의증진에 관한 법률,,,,,
BR2004-0002658,성현교,교량,도로교량,3종,B등급,20041229,경기도 용인시 수지구 죽전동,D03,FMS,검토필요,시행령 제3조제4호 가목,연장(m)·도로 노선(시도·국도·지방도),N,용인시,용인시 수지구청 건설도로과(추정),law,도로법 제23조(도로관리청)·제16조(시도) — 동 지역·고속국도 표기 없음으로 판정한 용인시 관리청(2026-09-25 · bridge_road_authority.csv). 노선 대장 확인 전 · 담당 구청 도로과는 추정,중처법 공중이용시설,시설물의 안전 및 유지관리에 관한 특별법 · 도로법 · 보행안전 및 편의증진에 관한 법률,,,,,
BR1900-0000009,안대지천교,교량,도로교량,3종,C등급,20041229,경기도 용인시 수지구 죽전동,D03,FMS,검토필요,시행령 제3조제4호 가목,연장(m)·도로 노선(시도·국도·지방도),N,용인시,용인시 수지구청 건설도로과(추정),law,도로법 제23조(도로관리청)·제16조(시도) — 동 지역·고속국도 표기 없음으로 판정한 용인시 관리청(2026-09-25 · bridge_road_authority.csv). 노선 대장 확인 전 · 담당 구청 도로과는 추정,중처법 공중이용시설,시설물의 안전 및 유지관리에 관한 특별법 · 도로법 · 보행안전 및 편의증진에 관한 법률,,,,,
BR2000-0000741,죽전3교,교량,도로교량,3종,B등급,20000630,경기도 용인시 수지구 죽전동,D03,FMS,검토필요,시행령 제3조제4호 가목,연장(m)·도로 노선(시도·국도·지방도),N,용인시,용인시 수지구청 건설도로과(추정),law,도로법 제23조(도로관리청)·제16조(시도) — 동 지역·고속국도 표기 없음으로 판정한 용인시 관리청(2026-09-25 · bridge_road_authority.csv). 노선 대장 확인 전 · 담당 구청 도로과는 추정,중처법 공중이용시설,시설물의 안전 및 유지관리에 관한 특별법 · 도로법 · 보행안전 및 편의증진에 관한 법률,,,,,
BR2000-0000771,죽전4교,교량,도로교량,3종,B등급,20001231,경기도 용인시 수지구 죽전동,D03,FMS,검토필요,시행령 제3조제4호 가목,연장(m)·도로 노선(시도·국도·지방도),N,용인시,용인시 수지구청 건설도로과(추정),law,도로법 제23조(도로관리청)·제16조(시도) — 동 지역·고속국도 표기 없음으로 판정한 용인시 관리청(2026-09-25 · bridge_road_authority.csv). 노선 대장 확인 전 · 담당 구청 도로과는 추정,중처법 공중이용시설,시설물의 안전 및 유지관리에 관한 특별법 · 도로법 · 보행안전 및 편의증진에 관한 법률,,,,,
BR1997-0000727,죽전교,교량,도로교량,3종,B등급,19971214,경기도 용인시 수지구 죽전동,D03,FMS,검토필요,시행령 제3조제4호 가목,연장(m)·도로 노선(시도·국도·지방도),N,용인시,용인시 수지구청 건설도로과(추정),law,도로법 제23조(도로관리청)·제16조(시도) — 동 지역·고속국도 표기 없음으로 판정한 용인시 관리청(2026-09-25 · bridge_road_authority.csv). 노선 대장 확인 전 · 담당 구청 도로과는 추정,중처법 공중이용시설,시설물의 안전 및 유지관리에 관한 특별법 · 도로법 · 보행안전 및 편의증진에 관한 법률,,,,,
BR2001-0001308,죽전육교,교량,도로교량,3종,B등급,20011224,경기도 용인시 수지구 죽전동,D03,FMS,검토필요,시행령 제3조제4호 가목,연장(m)·도로 노선(시도·국도·지방도),N,용인시,용인시 수지구청 건설도로과(추정),law,도로법 제23조(도로관리청)·제16조(시도) — 동 지역·고속국도 표기 없음으로 판정한 용인시 관리청(2026-09-25 · bridge_road_authority.csv). 노선 대장 확인 전 · 담당 구청 도로과는 추정,중처법 공중이용시설,시설물의 안전 및 유지관리에 관한 특별법 · 도로법 · 보행안전 및 편의증진에 관한 법률,,,,,
BR2005-0002043,백설교,교량,도로교량,3종,B등급,20050819,경기도 용인시 수지구 풍덕천동,D03,FMS,검토필요,시행령 제3조제4호 가목,연장(m)·도로 노선(시도·국도·지방도),N,용인시,용인시 수지구청 건설도로과(추정),law,도로법 제23조(도로관리청)·제16조(시도) — 동 지역·고속국도 표기 없음으로 판정한 용인시 관리청(2026-09-25 · bridge_road_authority.csv). 노선 대장 확인 전 · 담당 구청 도로과는 추정,중처법 공중이용시설,시설물의 안전 및 유지관리에 관한 특별법 · 도로법 · 보행안전 및 편의증진에 관한 법률,,,,,
BR2004-0002622,성복천교(정평1교),교량,도로교량,3종,B등급,19911230,경기도 용인시 수지구 풍덕천동,D03,FMS,검토필요,시행령 제3조제4호 가목,연장(m)·도로 노선(시도·국도·지방도),N,용인시,용인시 수지구청 건설도로과(추정),law,도로법 제23조(도로관리청)·제16조(시도) — 동 지역·고속국도 표기 없음으로 판정한 용인시 관리청(2026-09-25 · bridge_road_authority.csv). 노선 대장 확인 전 · 담당 구청 도로과는 추정,중처법 공중이용시설,시설물의 안전 및 유지관리에 관한 특별법 · 도로법 · 보행안전 및 편의증진에 관한 법률,,,,,
BR1999-0000747,성원교,교량,도로교량,3종,B등급,19990131,경기도 용인시 수지구 풍덕천동,D03,FMS,검토필요,시행령 제3조제4호 가목,연장(m)·도로 노선(시도·국도·지방도),N,용인시,용인시 수지구청 건설도로과(추정),law,도로법 제23조(도로관리청)·제16조(시도) — 동 지역·고속국도 표기 없음으로 판정한 용인시 관리청(2026-09-25 · bridge_road_authority.csv). 노선 대장 확인 전 · 담당 구청 도로과는 추정,중처법 공중이용시설,시설물의 안전 및 유지관리에 관한 특별법 · 도로법 · 보행안전 및 편의증진에 관한 법률,,,,,
BR1999-0000737,신촌1교,교량,도로교량,3종,B등급,19991231,경기도 용인시 수지구 풍덕천동,D03,FMS,검토필요,시행령 제3조제4호 가목,연장(m)·도로 노선(시도·국도·지방도),N,용인시,용인시 수지구청 건설도로과(추정),law,도로법 제23조(도로관리청)·제16조(시도) — 동 지역·고속국도 표기 없음으로 판정한 용인시 관리청(2026-09-25 · bridge_road_authority.csv). 노선 대장 확인 전 · 담당 구청 도로과는 추정,중처법 공중이용시설,시설물의 안전 및 유지관리에 관한 특별법 · 도로법 · 보행안전 및 편의증진에 관한 법률,,,,,
BR1999-0000748,신촌2교,교량,도로교량,3종,B등급,19991231,경기도 용인시 수지구 풍덕천동,D03,FMS,검토필요,시행령 제3조제4호 가목,연장(m)·도로 노선(시도·국도·지방도),N,용인시,용인시 수지구청 건설도로과(추정),law,도로법 제23조(도로관리청)·제16조(시도) — 동 지역·고속국도 표기 없음으로 판정한 용인시 관리청(2026-09-25 · bridge_road_authority.csv). 노선 대장 확인 전 · 담당 구청 도로과는 추정,중처법 공중이용시설,시설물의 안전 및 유지관리에 관한 특별법 · 도로법 · 보행안전 및 편의증진에 관한 법률,,,,,
BR1999-0000735,신촌3교,교량,도로교량,3종,B등급,19991231,경기도 용인시 수지구 풍덕천동,D03,FMS,검토필요,시행령 제3조제4호 가목,연장(m)·도로 노선(시도·국도·지방도),N,용인시,용인시 수지구청 건설도로과(추정),law,도로법 제23조(도로관리청)·제16조(시도) — 동 지역·고속국도 표기 없음으로 판정한 용인시 관리청(2026-09-25 · bridge_road_authority.csv). 노선 대장 확인 전 · 담당 구청 도로과는 추정,중처법 공중이용시설,시설물의 안전 및 유지관리에 관한 특별법 · 도로법 · 보행안전 및 편의증진에 관한 법률,,,,,
BR1997-0000747,정평교,교량,도로교량,3종,B등급,19971214,경기도 용인시 수지구 풍덕천동,D03,FMS,검토필요,시행령 제3조제4호 가목,연장(m)·도로 노선(시도·국도·지방도),N,용인시,용인시 수지구청 건설도로과(추정),law,도로법 제23조(도로관리청)·제16조(시도) — 동 지역·고속국도 표기 없음으로 판정한 용인시 관리청(2026-09-25 · bridge_road_authority.csv). 노선 대장 확인 전 · 담당 구청 도로과는 추정,중처법 공중이용시설,시설물의 안전 및 유지관리에 관한 특별법 · 도로법 · 보행안전 및 편의증진에 관한 법률,,,,,
BR1991-0000430,정평교(구),교량,도로교량,3종,B등급,19911201,경기도 용인시 수지구 풍덕천동,D03,FMS,검토필요,시행령 제3조제4호 가목,연장(m)·도로 노선(시도·국도·지방도),N,용인시,용인시 수지구청 건설도로과(추정),law,도로법 제23조(도로관리청)·제16조(시도) — 동 지역·고속국도 표기 없음으로 판정한 용인시 관리청(2026-09-25 · bridge_road_authority.csv). 노선 대장 확인 전 · 담당 구청 도로과는 추정,중처법 공중이용시설,시설물의 안전 및 유지관리에 관한 특별법 · 도로법 · 보행안전 및 편의증진에 관한 법률,,,,,
BR1999-0000734,풍덕천교,교량,도로교량,3종,C등급,19991231,경기도 용인시 수지구 풍덕천동,D03,FMS,검토필요,시행령 제3조제4호 가목,연장(m)·도로 노선(시도·국도·지방도),N,용인시,용인시 수지구청 건설도로과(추정),law,도로법 제23조(도로관리청)·제16조(시도) — 동 지역·고속국도 표기 없음으로 판정한 용인시 관리청(2026-09-25 · bridge_road_authority.csv). 노선 대장 확인 전 · 담당 구청 도로과는 추정,중처법 공중이용시설,시설물의 안전 및 유지관리에 관한 특별법 · 도로법 · 보행안전 및 편의증진에 관한 법률,,,,,
BR1996-0001054,고진교,교량,도로교량,3종,B등급,19960913,경기도 용인시 처인구 고림동,D03,FMS,검토필요,시행령 제3조제4호 가목,연장(m)·도로 노선(시도·국도·지방도),N,용인시,용인시 처인구청 도로과(추정),law,도로법 제23조(도로관리청)·제16조(시도) — 동 지역·고속국도 표기 없음으로 판정한 용인시 관리청(2026-09-25 · bridge_road_authority.csv). 노선 대장 확인 전 · 담당 구청 도로과는 추정,중처법 공중이용시설,시설물의 안전 및 유지관리에 관한 특별법 · 도로법 · 보행안전 및 편의증진에 관한 법률,,,,,
BR1988-0000418,금북교,교량,도로교량,3종,B등급,19881118,경기도 용인시 처인구 김량장동,D03,FMS,검토필요,시행령 제3조제4호 가목,연장(m)·도로 노선(시도·국도·지방도),N,용인시,용인시 처인구청 도로과(추정),law,도로법 제23조(도로관리청)·제16조(시도) — 동 지역·고속국도 표기 없음으로 판정한 용인시 관리청(2026-09-25 · bridge_road_authority.csv). 노선 대장 확인 전 · 담당 구청 도로과는 추정,중처법 공중이용시설,시설물의 안전 및 유지관리에 관한 특별법 · 도로법 · 보행안전 및 편의증진에 관한 법률,,,,,
BR1995-0000820,금학교,교량,도로교량,3종,B등급,19950502,경기도 용인시 처인구 김량장동,D03,FMS,검토필요,시행령 제3조제4호 가목,연장(m)·도로 노선(시도·국도·지방도),N,용인시,용인시 처인구청 도로과(추정),law,도로법 제23조(도로관리청)·제16조(시도) — 동 지역·고속국도 표기 없음으로 판정한 용인시 관리청(2026-09-25 · bridge_road_authority.csv). 노선 대장 확인 전 · 담당 구청 도로과는 추정,중처법 공중이용시설,시설물의 안전 및 유지관리에 관한 특별법 · 도로법 · 보행안전 및 편의증진에 관한 법률,,,,,
BR1987-0000421,능말교,교량,도로교량,3종,B등급,19870924,경기도 용인시 처인구 김량장동,D03,FMS,검토필요,시행령 제3조제4호 가목,연장(m)·도로 노선(시도·국도·지방도),N,용인시,용인시 처인구청 도로과(추정),law,도로법 제23조(도로관리청)·제16조(시도) — 동 지역·고속국도 표기 없음으로 판정한 용인시 관리청(2026-09-25 · bridge_road_authority.csv). 노선 대장 확인 전 · 담당 구청 도로과는 추정,중처법 공중이용시설,시설물의 안전 및 유지관리에 관한 특별법 · 도로법 · 보행안전 및 편의증진에 관한 법률,,,,,
BR1987-0000420,석성교,교량,도로교량,3종,B등급,19871217,경기도 용인시 처인구 김량장동,D03,FMS,검토필요,시행령 제3조제4호 가목,연장(m)·도로 노선(시도·국도·지방도),N,용인시,용인시 처인구청 도로과(추정),law,도로법 제23조(도로관리청)·제16조(시도) — 동 지역·고속국도 표기 없음으로 판정한 용인시 관리청(2026-09-25 · bridge_road_authority.csv). 노선 대장 확인 전 · 담당 구청 도로과는 추정,중처법 공중이용시설,시설물의 안전 및 유지관리에 관한 특별법 · 도로법 · 보행안전 및 편의증진에 관한 법률,,,,,
BR1990-0000453,용인교,교량,도로교량,3종,C등급,19900515,경기도 용인시 처인구 김량장동,D03,FMS,검토필요,시행령 제3조제4호 가목,연장(m)·도로 노선(시도·국도·지방도),N,용인시,용인시 처인구청 도로과(추정),law,도로법 제23조(도로관리청)·제16조(시도) — 동 지역·고속국도 표기 없음으로 판정한 용인시 관리청(2026-09-25 · bridge_road_authority.csv). 노선 대장 확인 전 · 담당 구청 도로과는 추정,중처법 공중이용시설,시설물의 안전 및 유지관리에 관한 특별법 · 도로법 · 보행안전 및 편의증진에 관한 법률,,,,,
BR1989-0000314,마평교,교량,도로교량,3종,C등급,19891130,경기도 용인시 처인구 마평동,D03,FMS,검토필요,시행령 제3조제4호 가목,연장(m)·도로 노선(시도·국도·지방도),N,용인시,용인시 처인구청 도로과(추정),law,도로법 제23조(도로관리청)·제16조(시도) — 동 지역·고속국도 표기 없음으로 판정한 용인시 관리청(2026-09-25 · bridge_road_authority.csv). 노선 대장 확인 전 · 담당 구청 도로과는 추정,중처법 공중이용시설,시설물의 안전 및 유지관리에 관한 특별법 · 도로법 · 보행안전 및 편의증진에 관한 법률,,,,,
BR1993-0000744,무수교,교량,도로교량,3종,B등급,19931231,경기도 용인시 처인구 유방동,D03,FMS,검토필요,시행령 제3조제4호 가목,연장(m)·도로 노선(시도·국도·지방도),N,용인시,용인시 처인구청 도로과(추정),law,도로법 제23조(도로관리청)·제16조(시도) — 동 지역·고속국도 표기 없음으로 판정한 용인시 관리청(2026-09-25 · bridge_road_authority.csv). 노선 대장 확인 전 · 담당 구청 도로과는 추정,중처법 공중이용시설,시설물의 안전 및 유지관리에 관한 특별법 · 도로법 · 보행안전 및 편의증진에 관한 법률,,,,,
BR1997-0000360,수포1육교,교량,도로교량,3종,B등급,19970712,경기도 용인시 처인구 유방동,D03,FMS,검토필요,시행령 제3조제4호 가목,연장(m)·도로 노선(시도·국도·지방도),N,용인시,용인시 처인구청 도로과(추정),law,도로법 제23조(도로관리청)·제16조(시도) — 동 지역·고속국도 표기 없음으로 판정한 용인시 관리청(2026-09-25 · bridge_road_authority.csv). 노선 대장 확인 전 · 담당 구청 도로과는 추정,중처법 공중이용시설,시설물의 안전 및 유지관리에 관한 특별법 · 도로법 · 보행안전 및 편의증진에 관한 법률,,,,,
BR2011-0001346,수포2육교,교량,도로교량,3종,B등급,20111214,경기도 용인시 처인구 유방동,D03,FMS,검토필요,시행령 제3조제4호 가목,연장(m)·도로 노선(시도·국도·지방도),N,용인시,용인시 처인구청 도로과(추정),law,도로법 제23조(도로관리청)·제16조(시도) — 동 지역·고속국도 표기 없음으로 판정한 용인시 관리청(2026-09-25 · bridge_road_authority.csv). 노선 대장 확인 전 · 담당 구청 도로과는 추정,중처법 공중이용시설,시설물의 안전 및 유지관리에 관한 특별법 · 도로법 · 보행안전 및 편의증진에 관한 법률,,,,,
BR2011-0001351,회차로교,교량,도로교량,3종,B등급,20111214,경기도 용인시 처인구 유방동,D03,FMS,검토필요,시행령 제3조제4호 가목,연장(m)·도로 노선(시도·국도·지방도),N,용인시,용인시 처인구청 도로과(추정),law,도로법 제23조(도로관리청)·제16조(시도) — 동 지역·고속국도 표기 없음으로 판정한 용인시 관리청(2026-09-25 · bridge_road_authority.csv). 노선 대장 확인 전 · 담당 구청 도로과는 추정,중처법 공중이용시설,시설물의 안전 및 유지관리에 관한 특별법 · 도로법 · 보행안전 및 편의증진에 관한 법률,,,,,
UR2005-0000013,강남대지하차도,터널,지하차도,2종,B등급,20041130,경기도 용인시 기흥구 강남로,D03,FMS,검토필요,시행령 별표3 제2호 · 용인시 공표(26.2) + FMS 대조 B — 관리주체 확인 필요,관리주체,N,용인시,용인시(확인필요),estimated,확인필요 — FMS 에 관리주체 없음(점검진단 API NODATA_ERROR),중처법 공중이용시설,시설물의 안전 및 유지관리에 관한 특별법 · 도로법 · 보행안전 및 편의증진에 관한 법률,,,,,
UR2018-0000010,공세지하차도,터널,지하차도,2종,A등급,20181204,경기도 용인시 기흥구 탑실로,D03,FMS,검토필요,시행령 별표3 제2호 · 용인시 공표(26.2) + FMS 대조 B — 관리주체 확인 필요,관리주체,N,용인시,용인시(확인필요),estimated,확인필요 — FMS 에 관리주체 없음(점검진단 API NODATA_ERROR),중처법 공중이용시설,시설물의 안전 및 유지관리에 관한 특별법 · 도로법 · 보행안전 및 편의증진에 관한 법률,,,,,
TU2004-0000147,금어리터널,터널,도로터널,3종,B등급,20040101,경기도 용인시 처인구 포곡읍 금어리,D03,FMS,검토필요,시행령 제3조제4호 나목 · 용인시 공표(26.2) + FMS 대조 B — 관리주체 확인 필요 · 기준 충족 추정,관리주체,N,용인시,용인시(확인필요),estimated,확인필요 — FMS 에 관리주체 없음(점검진단 API NODATA_ERROR),중처법 공중이용시설,시설물의 안전 및 유지관리에 관한 특별법 · 도로법 · 보행안전 및 편의증진에 관한 법률,,,,,
UR1999-0000007,농서지하차도,터널,지하차도,3종,B등급,19990403,경기도 용인시 기흥구 농서동,D03,FMS,검토필요,시행령 제3조제4호 나목 · 용인시 공표(26.2) + FMS 대조 B — 관리주체 확인 필요 · 기준 해석 필요,관리주체,N,용인시,용인시(확인필요),estimated,확인필요 — FMS 에 관리주체 없음(점검진단 API NODATA_ERROR),중처법 공중이용시설,시설물의 안전 및 유지관리에 관한 특별법 · 도로법 · 보행안전 및 편의증진에 관한 법률,,,,,
TU2002-0000027,능원터널,터널,도로터널,3종,B등급,20020430,경기도 용인시 처인구 모현읍,D03,FMS,검토필요,시행령 제3조제4호 나목 · 용인시 공표(26.2) + FMS 대조 B — 관리주체 확인 필요 · 기준 충족 추정,관리주체,N,용인시,용인시(확인필요),estimated,확인필요 — FMS 에 관리주체 없음(점검진단 API NODATA_ERROR),중처법 공중이용시설,시설물의 안전 및 유지관리에 관한 특별법 · 도로법 · 보행안전 및 편의증진에 관한 법률,,,,,
UR2006-0000030,동백지하차도(지하차도 #1),터널,지하차도,2종,B등급,20060430,경기도 용인시 기흥구 동백동,D03,FMS,검토필요,시행령 별표3 제2호 · 용인시 공표(26.2) + FMS 대조 B — 관리주체 확인 필요,관리주체,N,용인시,용인시(확인필요),estimated,확인필요 — 추정 — 용인 지명이나 도로관리청(국가·도·시) 구분 불가 — 확인 필요,중처법 공중이용시설,시설물의 안전 및 유지관리에 관한 특별법 · 도로법 · 보행안전 및 편의증진에 관한 법률,,,,,
UR2006-0000018,삼막곡 제1지하차도,터널,지하차도,2종,B등급,20051229,경기도 용인시 기흥구 보정동,D03,FMS,검토필요,시행령 별표3 제2호 · 용인시 공표(26.2) + FMS 대조 B — 관리주체 확인 필요,관리주체,N,용인시,용인시(확인필요),estimated,확인필요 — FMS 에 관리주체 없음(점검진단 API NODATA_ERROR),중처법 공중이용시설,시설물의 안전 및 유지관리에 관한 특별법 · 도로법 · 보행안전 및 편의증진에 관한 법률,,,,,
UR2005-0000055,삼막곡제2지하차도,터널,지하차도,3종,B등급,20051229,경기도 용인시 기흥구 보정동,D03,FMS,검토필요,시행령 제3조제4호 나목 · 용인시 공표(26.2) + FMS 대조 B — 관리주체 확인 필요 · 기준 해석 필요,관리주체,N,용인시,용인시(확인필요),estimated,확인필요 — FMS 에 관리주체 없음(점검진단 API NODATA_ERROR),중처법 공중이용시설,시설물의 안전 및 유지관리에 관한 특별법 · 도로법 · 보행안전 및 편의증진에 관한 법률,,,,,
UR2008-0000048,삼막곡터널,터널,지하차도,3종,B등급,20081001,경기도 용인시 기흥구 신수로,D03,FMS,검토필요,시행령 제3조제4호 나목 · 용인시 공표(26.2) + FMS 대조 B — 관리주체 확인 필요 · 기준 해석 필요,관리주체,N,용인시,용인시(확인필요),estimated,확인필요 — FMS 에 관리주체 없음(점검진단 API NODATA_ERROR),중처법 공중이용시설,시설물의 안전 및 유지관리에 관한 특별법 · 도로법 · 보행안전 및 편의증진에 관한 법률,,,,,
UR2017-0000003,상현지하차도,터널,지하차도,1종,B등급,20170428,경기도 용인시 수지구 상현동,D03,FMS,검토필요,시행령 별표3 제2호 · 용인시 공표(26.2) + FMS 대조 B — 관리주체 확인 필요,관리주체,N,용인시,용인시(확인필요),estimated,확인필요 — FMS 에 관리주체 없음(점검진단 API NODATA_ERROR),중처법 공중이용시설,시설물의 안전 및 유지관리에 관한 특별법 · 도로법 · 보행안전 및 편의증진에 관한 법률,,,,,
UR2012-0000009,서천지하차도,터널,지하차도,2종,B등급,20111220,경기도 용인시 기흥구 농서동,D03,FMS,검토필요,시행령 별표3 제2호 · 용인시 공표(26.2) + FMS 대조 B — 관리주체 확인 필요,관리주체,N,용인시,용인시(확인필요),estimated,확인필요 — FMS 에 관리주체 없음(점검진단 API NODATA_ERROR),중처법 공중이용시설,시설물의 안전 및 유지관리에 관한 특별법 · 도로법 · 보행안전 및 편의증진에 관한 법률,,,,,
UR2013-0000010,성복지하차도,터널,지하차도,2종,B등급,20121226,경기도 용인시 수지구 성복동,D03,FMS,검토필요,시행령 별표3 제2호 · 용인시 공표(26.2) + FMS 대조 B — 관리주체 확인 필요,관리주체,N,용인시,용인시(확인필요),estimated,확인필요 — FMS 에 관리주체 없음(점검진단 API NODATA_ERROR),중처법 공중이용시설,시설물의 안전 및 유지관리에 관한 특별법 · 도로법 · 보행안전 및 편의증진에 관한 법률,,,,,
UR2006-0000036,성산지하차도(지하차도#3),터널,지하차도,2종,B등급,20060430,경기도 용인시 기흥구 중동,D03,FMS,검토필요,시행령 별표3 제2호 · 용인시 공표(26.2) + FMS 대조 B — 관리주체 확인 필요,관리주체,N,용인시,용인시(확인필요),estimated,확인필요 — FMS 에 관리주체 없음(점검진단 API NODATA_ERROR),중처법 공중이용시설,시설물의 안전 및 유지관리에 관한 특별법 · 도로법 · 보행안전 및 편의증진에 관한 법률,,,,,
UR2006-0000031,수성지하차도(지하차도 #2),터널,지하차도,2종,B등급,20060430,경기도 용인시 기흥구 동백동,D03,FMS,검토필요,시행령 별표3 제2호 · 용인시 공표(26.2) + FMS 대조 B — 관리주체 확인 필요,관리주체,N,용인시,용인시(확인필요),estimated,확인필요 — FMS 에 관리주체 없음(점검진단 API NODATA_ERROR),중처법 공중이용시설,시설물의 안전 및 유지관리에 관한 특별법 · 도로법 · 보행안전 및 편의증진에 관한 법률,,,,,
TU2008-0000224,신갈터널,터널,도로터널,3종,B등급,20081001,경기도 용인시 기흥구 영덕동,D03,FMS,검토필요,시행령 제3조제4호 나목 · 용인시 공표(26.2) + FMS 대조 B — 관리주체 확인 필요 · 기준 충족 추정,관리주체,N,용인시,용인시(확인필요),estimated,확인필요 — 추정 — 용인 지명이나 도로관리청(국가·도·시) 구분 불가 — 확인 필요,중처법 공중이용시설,시설물의 안전 및 유지관리에 관한 특별법 · 도로법 · 보행안전 및 편의증진에 관한 법률,,,,,
UR2012-0000054,신대지하차도,터널,지하차도,1종,B등급,20120930,경기도 용인시 수지구 상현동,D03,FMS,검토필요,시행령 별표3 제2호 · 용인시 공표(26.2) + FMS 대조 B — 관리주체 확인 필요,관리주체,N,용인시,용인시(확인필요),estimated,확인필요 — FMS 에 관리주체 없음(점검진단 API NODATA_ERROR),중처법 공중이용시설,시설물의 안전 및 유지관리에 관한 특별법 · 도로법 · 보행안전 및 편의증진에 관한 법률,,,,,
UR2006-0000017,신일지하차도,터널,지하차도,2종,B등급,20051229,경기도 용인시 기흥구 언남동,D03,FMS,검토필요,시행령 별표3 제2호 · 용인시 공표(26.2) + FMS 대조 B — 관리주체 확인 필요,관리주체,N,용인시,용인시(확인필요),estimated,확인필요 — FMS 에 관리주체 없음(점검진단 API NODATA_ERROR),중처법 공중이용시설,시설물의 안전 및 유지관리에 관한 특별법 · 도로법 · 보행안전 및 편의증진에 관한 법률,,,,,
TU2007-0000145,여수곡터널,터널,도로터널,3종,B등급,20070617,경기도 용인시 처인구 유방동,D03,FMS,검토필요,시행령 제3조제4호 나목 · 용인시 공표(26.2) + FMS 대조 B — 관리주체 확인 필요 · 기준 충족 추정,관리주체,N,용인시,용인시(확인필요),estimated,확인필요 — FMS 에 관리주체 없음(점검진단 API NODATA_ERROR),중처법 공중이용시설,시설물의 안전 및 유지관리에 관한 특별법 · 도로법 · 보행안전 및 편의증진에 관한 법률,,,,,
TU2012-0000181,영덕1터널,터널,도로터널,3종,B등급,20090829,경기도 용인시 기흥구 영덕동,D03,FMS,검토필요,시행령 제3조제4호 나목 · 용인시 공표(26.2) + FMS 대조 B — 관리주체 확인 필요 · 기준 충족 추정,관리주체,N,용인시,용인시(확인필요),estimated,확인필요 — FMS 에 관리주체 없음(점검진단 API NODATA_ERROR),중처법 공중이용시설,시설물의 안전 및 유지관리에 관한 특별법 · 도로법 · 보행안전 및 편의증진에 관한 법률,,,,,
UR2006-0000037,은목지하차도(지하차도#4),터널,지하차도,2종,B등급,20060430,경기도 용인시 기흥구 중동,D03,FMS,검토필요,시행령 별표3 제2호 · 용인시 공표(26.2) + FMS 대조 B — 관리주체 확인 필요,관리주체,N,용인시,용인시(확인필요),estimated,확인필요 — FMS 에 관리주체 없음(점검진단 API NODATA_ERROR),중처법 공중이용시설,시설물의 안전 및 유지관리에 관한 특별법 · 도로법 · 보행안전 및 편의증진에 관한 법률,,,,,
TU1980-0000032,주북리터널,터널,도로터널,3종,B등급,19800101,경기도 용인시 처인구 양지면 대대리,D03,FMS,검토필요,시행령 제3조제4호 나목 · 용인시 공표(26.2) + FMS 대조 B — 관리주체 확인 필요 · 기준 충족 추정,관리주체,N,용인시,용인시(확인필요),estimated,확인필요 — FMS 에 관리주체 없음(점검진단 API NODATA_ERROR),중처법 공중이용시설,시설물의 안전 및 유지관리에 관한 특별법 · 도로법 · 보행안전 및 편의증진에 관한 법률,,,,,
UR2009-0000011,죽전지하차도,터널,지하차도,1종,B등급,20090413,경기도 용인시 수지구 동천동,D03,FMS,검토필요,시행령 별표3 제2호 · 용인시 공표(26.2) + FMS 대조 B — 관리주체 확인 필요,관리주체,N,용인시,용인시(확인필요),estimated,확인필요 — 추정 — 용인 지명이나 도로관리청(국가·도·시) 구분 불가 — 확인 필요,중처법 공중이용시설,시설물의 안전 및 유지관리에 관한 특별법 · 도로법 · 보행안전 및 편의증진에 관한 법률,,,,,
UR2008-0000045,청덕지하차도,터널,지하차도,3종,B등급,20081030,경기도 용인시 기흥구 청덕동,D03,FMS,검토필요,시행령 제3조제4호 나목 · 용인시 공표(26.2) + FMS 대조 B — 관리주체 확인 필요 · 기준 해석 필요,관리주체,N,용인시,용인시(확인필요),estimated,확인필요 — 추정 — 용인 지명이나 도로관리청(국가·도·시) 구분 불가 — 확인 필요,중처법 공중이용시설,시설물의 안전 및 유지관리에 관한 특별법 · 도로법 · 보행안전 및 편의증진에 관한 법률,,,,,
UR2006-0000038,초당지하차도(지하차도#5),터널,지하차도,2종,B등급,20060430,경기도 용인시 기흥구 중동,D03,FMS,검토필요,시행령 별표3 제2호 · 용인시 공표(26.2) + FMS 대조 B — 관리주체 확인 필요,관리주체,N,용인시,용인시(확인필요),estimated,확인필요 — FMS 에 관리주체 없음(점검진단 API NODATA_ERROR),중처법 공중이용시설,시설물의 안전 및 유지관리에 관한 특별법 · 도로법 · 보행안전 및 편의증진에 관한 법률,,,,,
TU2002-0000025,학고개터널,터널,도로터널,3종,B등급,20021130,경기도 용인시 처인구 역북동,D03,FMS,검토필요,시행령 제3조제4호 나목 · 용인시 공표(26.2) + FMS 대조 B — 관리주체 확인 필요 · 기준 충족 추정,관리주체,N,용인시,용인시(확인필요),estimated,확인필요 — FMS 에 관리주체 없음(점검진단 API NODATA_ERROR),중처법 공중이용시설,시설물의 안전 및 유지관리에 관한 특별법 · 도로법 · 보행안전 및 편의증진에 관한 법률,,,,,
UR2010-0000038,흥덕지하차도,터널,지하차도,2종,A등급,20100514,경기도 용인시 기흥구 영덕동,D03,FMS,검토필요,시행령 별표3 제2호 · 용인시 공표(26.2) + FMS 대조 B — 관리주체 확인 필요,관리주체,N,용인시,용인시(확인필요),estimated,확인필요 — FMS 에 관리주체 없음(점검진단 API NODATA_ERROR),중처법 공중이용시설,시설물의 안전 및 유지관리에 관한 특별법 · 도로법 · 보행안전 및 편의증진에 관한 법률,,,,,
RW2021-0000131,상미 다목적구장 옹벽,옹벽,기타옹벽,2종,불명,20210913,경기도 용인시 기흥구 신갈동,D03,FMS,검토필요,시행령 별표3 제8호 · 용인시 공표(26.2) + FMS 대조 A,노출높이·수평연장,N,용인시,용인시 기흥구청,api,FMS 관리주체명 「기흥구청」 = 용인시 행정구 부서 — subject_rules allowlist 가 「용인시」 접두만 봐서 타기관으로 떨어졌다(보정),중처법 공중이용시설,시설물의 안전 및 유지관리에 관한 특별법 · 도로법 · 급경사지 재해예방에 관한 법률,,,,,
AR2012-0000804,수지문화복지타운,건축물,대형건축물,2종,B등급,20120229,경기도 용인시 수지구 포은대로 435 (풍덕천동),D09,FMS,검토필요,시행령 별표3 제5호 2)3) · 용인시 공표(26.2) + FMS 대조 A,연면적·층수·용도,N,용인시,용인시 수지구 자치행정과,api,FMS 관리주체명 「수지구 자치행정과」 = 용인시 행정구 부서 — subject_rules allowlist 가 「용인시」 접두만 봐서 타기관으로 떨어졌다(보정) · 관리부서 추정 — 기존 건축물 관례(건축과),중처법 공중이용시설,시설물의 안전 및 유지관리에 관한 특별법 · 석면안전관리법 · 기계설비법,,,,,
AR2013-0001894,용인포은아트홀,건축물,다중이용건축물,2종,B등급,20120625,경기도 용인시 수지구 포은대로 499 (죽전동),D09,FMS,검토필요,시행령 별표3 제5호 2)3) · 용인시 공표(26.2) + FMS 대조 B — 관리주체 용인시 출연 재단(위탁·소유 관계 확인),연면적·층수·용도,N,용인시,용인시(확인필요),estimated,확인필요 — FMS 관리주체명 — 용인시 출연 재단(별도 법인). 시 소유 시설 위탁 여부 확인 · 관리부서 추정 — 기존 건축물 관례(건축과),중처법 공중이용시설,시설물의 안전 및 유지관리에 관한 특별법 · 석면안전관리법 · 기계설비법,,,,,
IQ-YI-0001,구갈희망누리도서관,도서관,실내공기질 대상 후보,,,,경기도 용인시 기흥구 갈곡로12번길 1 (구갈동 598),D99,용인시 공표 대조(누리집 · 사업장 조사),면적 확인 필요,법 제2조제4호가목 · 시행령 제3조제1호 · 별표 2 제7호 · 용인시 공표(26.2) + FMS 대조 B — 관리주체 확인 필요 · 기준 면적 확인 필요,연면적,N,용인시,용인시(확인필요),estimated,확인필요 — 도서관사업소 소속(누리집) — 건물 관리주체 확인 필요 · 관리부서 데모 조직에 도서관 부서가 없어 미지정(공표 관리부서: 동부·중부·서부도서관),중처법 공중이용시설,실내공기질 관리법,,,,,
IQ-YI-0002,구성도서관,도서관,실내공기질 대상 후보,,,,경기도 용인시 기흥구 구성로77번길 17(언남동 342-1),D99,용인시 공표 대조(누리집 · 사업장 조사),면적 확인 필요,법 제2조제4호가목 · 시행령 제3조제1호 · 별표 2 제7호 · 용인시 공표(26.2) + FMS 대조 B — 관리주체 확인 필요 · 기준 면적 확인 필요,연면적,N,용인시,용인시(확인필요),estimated,확인필요 — 도서관사업소 소속(누리집) — 건물 관리주체 확인 필요 · 관리부서 데모 조직에 도서관 부서가 없어 미지정(공표 관리부서: 동부·중부·서부도서관),중처법 공중이용시설,실내공기질 관리법,,,,,
IQ-YI-0003,기흥도서관,도서관,실내공기질 대상 후보,,,,경기도 용인시 기흥구 기흥로116번길 10(신갈동 산14),D99,용인시 공표 대조(누리집 · 사업장 조사),면적 확인 필요,법 제2조제4호가목 · 시행령 제3조제1호 · 별표 2 제7호 · 용인시 공표(26.2) + FMS 대조 B — 관리주체 확인 필요 · 기준 면적 확인 필요,연면적,N,용인시,용인시(확인필요),estimated,확인필요 — 도서관사업소 소속(누리집) — 건물 관리주체 확인 필요 · 관리부서 데모 조직에 도서관 부서가 없어 미지정(공표 관리부서: 동부·중부·서부도서관),중처법 공중이용시설,실내공기질 관리법,,,,,
IQ-YI-0004,남사도서관,도서관,실내공기질 대상 후보,,,,경기도 용인시 처인구 남사읍 한숲로 61(아곡리 681-1),D99,용인시 공표 대조(누리집 · 사업장 조사),면적 확인 필요,법 제2조제4호가목 · 시행령 제3조제1호 · 별표 2 제7호 · 용인시 공표(26.2) + FMS 대조 B — 관리주체 확인 필요 · 기준 면적 확인 필요,연면적,N,용인시,용인시(확인필요),estimated,확인필요 — 도서관사업소 소속(누리집) — 건물 관리주체 확인 필요 · 관리부서 데모 조직에 도서관 부서가 없어 미지정(공표 관리부서: 동부·중부·서부도서관),중처법 공중이용시설,실내공기질 관리법,,,,,
IQ-YI-0005,동백도서관,도서관,실내공기질 대상 후보,,,,경기도 용인시 기흥구 동백3로 80(중동 921),D99,용인시 공표 대조(누리집 · 사업장 조사),면적 확인 필요,법 제2조제4호가목 · 시행령 제3조제1호 · 별표 2 제7호 · 용인시 공표(26.2) + FMS 대조 B — 관리주체 확인 필요 · 기준 면적 확인 필요,연면적,N,용인시,용인시(확인필요),estimated,확인필요 — 도서관사업소 소속(누리집) — 건물 관리주체 확인 필요 · 관리부서 데모 조직에 도서관 부서가 없어 미지정(공표 관리부서: 동부·중부·서부도서관),중처법 공중이용시설,실내공기질 관리법,,,,,
IQ-YI-0006,동천도서관,도서관,실내공기질 대상 후보,,,,경기도 용인시 수지구 수풍로 57-14 (동천동),D99,용인시 공표 대조(누리집 · 사업장 조사),면적 확인 필요,법 제2조제4호가목 · 시행령 제3조제1호 · 별표 2 제7호 · 용인시 공표(26.2) + FMS 대조 B — 관리주체 확인 필요 · 기준 면적 확인 필요,연면적,N,용인시,용인시(확인필요),estimated,확인필요 — 도서관사업소 소속(누리집) — 건물 관리주체 확인 필요 · 관리부서 데모 조직에 도서관 부서가 없어 미지정(공표 관리부서: 동부·중부·서부도서관),중처법 공중이용시설,실내공기질 관리법,,,,,
IQ-YI-0007,모현도서관,도서관,실내공기질 대상 후보,,,,경기도 용인시 처인구 모현읍 백옥대로 2378(왕산리 804-3),D99,용인시 공표 대조(누리집 · 사업장 조사),면적 확인 필요,법 제2조제4호가목 · 시행령 제3조제1호 · 별표 2 제7호 · 용인시 공표(26.2) + FMS 대조 B — 관리주체 확인 필요 · 기준 면적 확인 필요,연면적,N,용인시,용인시(확인필요),estimated,확인필요 — 도서관사업소 소속(누리집) — 건물 관리주체 확인 필요 · 관리부서 데모 조직에 도서관 부서가 없어 미지정(공표 관리부서: 동부·중부·서부도서관),중처법 공중이용시설,실내공기질 관리법,,,,,
IQ-YI-0008,보라도서관,도서관,실내공기질 대상 후보,,,,경기도 용인시 기흥구 한보라2로 116(보라동 619),D99,용인시 공표 대조(누리집 · 사업장 조사),면적 확인 필요,법 제2조제4호가목 · 시행령 제3조제1호 · 별표 2 제7호 · 용인시 공표(26.2) + FMS 대조 B — 관리주체 확인 필요 · 기준 면적 확인 필요,연면적,N,용인시,용인시(확인필요),estimated,확인필요 — 도서관사업소 소속(누리집) — 건물 관리주체 확인 필요 · 관리부서 데모 조직에 도서관 부서가 없어 미지정(공표 관리부서: 동부·중부·서부도서관),중처법 공중이용시설,실내공기질 관리법,,,,,
IQ-YI-0009,보정도서관,도서관,실내공기질 대상 후보,,,,경기 용인시 기흥구 죽전로 30(보정동 1264-2) 보정미르휴먼센터 4층,D99,용인시 공표 대조(누리집 · 사업장 조사),면적 확인 필요,법 제2조제4호가목 · 시행령 제3조제1호 · 별표 2 제7호 · 용인시 공표(26.2) + FMS 대조 B — 관리주체 확인 필요 · 기준 면적 확인 필요,연면적,N,용인시,용인시(확인필요),estimated,확인필요 — 도서관사업소 소속(누리집) — 건물 관리주체 확인 필요 · 관리부서 데모 조직에 도서관 부서가 없어 미지정(공표 관리부서: 동부·중부·서부도서관),중처법 공중이용시설,실내공기질 관리법,,,,,
IQ-YI-0010,상현도서관,도서관,실내공기질 대상 후보,,,,경기도 용인시 수지구 법조로 232(상현동 1129-2),D99,용인시 공표 대조(누리집 · 사업장 조사),면적 확인 필요,법 제2조제4호가목 · 시행령 제3조제1호 · 별표 2 제7호 · 용인시 공표(26.2) + FMS 대조 B — 관리주체 확인 필요 · 기준 면적 확인 필요,연면적,N,용인시,용인시(확인필요),estimated,확인필요 — 도서관사업소 소속(누리집) — 건물 관리주체 확인 필요 · 관리부서 데모 조직에 도서관 부서가 없어 미지정(공표 관리부서: 동부·중부·서부도서관),중처법 공중이용시설,실내공기질 관리법,,,,,
IQ-YI-0011,서농도서관,도서관,실내공기질 대상 후보,,,,경기도 용인시 기흥구 서천서로 83(서천동 748),D99,용인시 공표 대조(누리집 · 사업장 조사),면적 확인 필요,법 제2조제4호가목 · 시행령 제3조제1호 · 별표 2 제7호 · 용인시 공표(26.2) + FMS 대조 B — 관리주체 확인 필요 · 기준 면적 확인 필요,연면적,N,용인시,용인시(확인필요),estimated,확인필요 — 도서관사업소 소속(누리집) — 건물 관리주체 확인 필요 · 관리부서 데모 조직에 도서관 부서가 없어 미지정(공표 관리부서: 동부·중부·서부도서관),중처법 공중이용시설,실내공기질 관리법,,,,,
IQ-YI-0012,성복도서관,도서관,실내공기질 대상 후보,,,,경기도 용인시 수지구 성복1로164번길 6(성복동),D99,용인시 공표 대조(누리집 · 사업장 조사),면적 확인 필요,법 제2조제4호가목 · 시행령 제3조제1호 · 별표 2 제7호 · 용인시 공표(26.2) + FMS 대조 B — 관리주체 확인 필요 · 기준 면적 확인 필요,연면적,N,용인시,용인시(확인필요),estimated,확인필요 — 도서관사업소 소속(누리집) — 건물 관리주체 확인 필요 · 관리부서 데모 조직에 도서관 부서가 없어 미지정(공표 관리부서: 동부·중부·서부도서관),중처법 공중이용시설,실내공기질 관리법,,,,,
IQ-YI-0013,수지도서관,도서관,실내공기질 대상 후보,,,,경기도 용인시 수지구 문정로7번길 23(풍덕천동 1088),D99,용인시 공표 대조(누리집 · 사업장 조사),면적 확인 필요,법 제2조제4호가목 · 시행령 제3조제1호 · 별표 2 제7호 · 용인시 공표(26.2) + FMS 대조 B — 관리주체 확인 필요 · 기준 면적 확인 필요,연면적,N,용인시,용인시(확인필요),estimated,확인필요 — 도서관사업소 소속(누리집) — 건물 관리주체 확인 필요 · 관리부서 데모 조직에 도서관 부서가 없어 미지정(공표 관리부서: 동부·중부·서부도서관),중처법 공중이용시설,실내공기질 관리법,,,,,
IQ-YI-0014,양지해밀도서관,도서관,실내공기질 대상 후보,,,,경기도 용인시 처인구 양지면 교동로18번길 8(양지리 364-1),D99,용인시 공표 대조(누리집 · 사업장 조사),면적 확인 필요,법 제2조제4호가목 · 시행령 제3조제1호 · 별표 2 제7호 · 용인시 공표(26.2) + FMS 대조 B — 관리주체 확인 필요 · 기준 면적 확인 필요,연면적,N,용인시,용인시(확인필요),estimated,확인필요 — 도서관사업소 소속(누리집) — 건물 관리주체 확인 필요 · 관리부서 데모 조직에 도서관 부서가 없어 미지정(공표 관리부서: 동부·중부·서부도서관),중처법 공중이용시설,실내공기질 관리법,,,,,
IQ-YI-0015,영덕도서관,도서관,실내공기질 대상 후보,,,,경기도 용인시 기흥구 덕영대로 2077번길 7 영덕도서관 (영덕동 1329),D99,용인시 공표 대조(누리집 · 사업장 조사),면적 확인 필요,법 제2조제4호가목 · 시행령 제3조제1호 · 별표 2 제7호 · 용인시 공표(26.2) + FMS 대조 B — 관리주체 확인 필요 · 기준 면적 확인 필요,연면적,N,용인시,용인시(확인필요),estimated,확인필요 — 도서관사업소 소속(누리집) — 건물 관리주체 확인 필요 · 관리부서 데모 조직에 도서관 부서가 없어 미지정(공표 관리부서: 동부·중부·서부도서관),중처법 공중이용시설,실내공기질 관리법,,,,,
IQ-YI-0016,용인중앙도서관,도서관,실내공기질 대상 후보,,,,경기도 용인시 처인구 명지로 27(역북동 504-1),D99,용인시 공표 대조(누리집 · 사업장 조사),면적 확인 필요,법 제2조제4호가목 · 시행령 제3조제1호 · 별표 2 제7호 · 용인시 공표(26.2) + FMS 대조 B — 관리주체 확인 필요 · 기준 면적 확인 필요,연면적,N,용인시,용인시(확인필요),estimated,확인필요 — 도서관사업소 소속(누리집) — 건물 관리주체 확인 필요 · 관리부서 데모 조직에 도서관 부서가 없어 미지정(공표 관리부서: 동부·중부·서부도서관),중처법 공중이용시설,실내공기질 관리법,,,,,
IQ-YI-0017,이동꿈틀도서관,도서관,실내공기질 대상 후보,,,,경기도 용인시 처인구 이동읍 경기동로 705번길 16(송전리 1228-1),D99,용인시 공표 대조(누리집 · 사업장 조사),면적 확인 필요,법 제2조제4호가목 · 시행령 제3조제1호 · 별표 2 제7호 · 용인시 공표(26.2) + FMS 대조 B — 관리주체 확인 필요 · 기준 면적 확인 필요,연면적,N,용인시,용인시(확인필요),estimated,확인필요 — 도서관사업소 소속(누리집) — 건물 관리주체 확인 필요 · 관리부서 데모 조직에 도서관 부서가 없어 미지정(공표 관리부서: 동부·중부·서부도서관),중처법 공중이용시설,실내공기질 관리법,,,,,
IQ-YI-0018,죽전도서관,도서관,실내공기질 대상 후보,,,,경기도 용인시 수지구 대지로 89(죽전동 1212),D99,용인시 공표 대조(누리집 · 사업장 조사),면적 확인 필요,법 제2조제4호가목 · 시행령 제3조제1호 · 별표 2 제7호 · 용인시 공표(26.2) + FMS 대조 B — 관리주체 확인 필요 · 기준 면적 확인 필요,연면적,N,용인시,용인시(확인필요),estimated,확인필요 — 도서관사업소 소속(누리집) — 건물 관리주체 확인 필요 · 관리부서 데모 조직에 도서관 부서가 없어 미지정(공표 관리부서: 동부·중부·서부도서관),중처법 공중이용시설,실내공기질 관리법,,,,,
IQ-YI-0019,청덕도서관,도서관,실내공기질 대상 후보,,,,경기도 용인시 기흥구 구성1로 44(청덕동 549),D99,용인시 공표 대조(누리집 · 사업장 조사),면적 확인 필요,법 제2조제4호가목 · 시행령 제3조제1호 · 별표 2 제7호 · 용인시 공표(26.2) + FMS 대조 B — 관리주체 확인 필요 · 기준 면적 확인 필요,연면적,N,용인시,용인시(확인필요),estimated,확인필요 — 도서관사업소 소속(누리집) — 건물 관리주체 확인 필요 · 관리부서 데모 조직에 도서관 부서가 없어 미지정(공표 관리부서: 동부·중부·서부도서관),중처법 공중이용시설,실내공기질 관리법,,,,,
IQ-YI-0020,포곡도서관,도서관,실내공기질 대상 후보,,,,경기도 용인시 처인구 포곡읍 포곡로278번길 8(삼계리 556-2),D99,용인시 공표 대조(누리집 · 사업장 조사),면적 확인 필요,법 제2조제4호가목 · 시행령 제3조제1호 · 별표 2 제7호 · 용인시 공표(26.2) + FMS 대조 B — 관리주체 확인 필요 · 기준 면적 확인 필요,연면적,N,용인시,용인시(확인필요),estimated,확인필요 — 도서관사업소 소속(누리집) — 건물 관리주체 확인 필요 · 관리부서 데모 조직에 도서관 부서가 없어 미지정(공표 관리부서: 동부·중부·서부도서관),중처법 공중이용시설,실내공기질 관리법,,,,,
IQ-YI-0021,흥덕도서관,도서관,실내공기질 대상 후보,,,,경기도 용인시 기흥구 흥덕중앙로 153(영덕동 1235),D99,용인시 공표 대조(누리집 · 사업장 조사),면적 확인 필요,법 제2조제4호가목 · 시행령 제3조제1호 · 별표 2 제7호 · 용인시 공표(26.2) + FMS 대조 B — 관리주체 확인 필요 · 기준 면적 확인 필요,연면적,N,용인시,용인시(확인필요),estimated,확인필요 — 도서관사업소 소속(누리집) — 건물 관리주체 확인 필요 · 관리부서 데모 조직에 도서관 부서가 없어 미지정(공표 관리부서: 동부·중부·서부도서관),중처법 공중이용시설,실내공기질 관리법,,,,,
AR2008-0004738,구갈동 행정복지센터,업무시설,다중이용건축물,3종,불명,20080304,경기도 용인시 기흥구 강남로,D09,FMS,면적 확인 필요,법 제2조제4호가목 · 시행령 제3조제1호 · 별표 2 제16호 · 용인시 공표(26.2) + FMS 대조 B — 관리주체 확인 필요 · 기준 면적 확인 필요,연면적·용도,N,용인시,용인시(확인필요),estimated,확인필요 — 소속 근무 장소 조사(구청 누리집 목록) — 건물 관리주체 확인 필요 · 관리부서 추정 — 기존 건축물 관례(건축과),중처법 공중이용시설,실내공기질 관리법,,,,,
AR1996-0002570,구성동 행정복지센터,업무시설,다중이용건축물,3종,B등급,19960520,경기도 용인시 기흥구 구성로77번길,D09,FMS,면적 확인 필요,법 제2조제4호가목 · 시행령 제3조제1호 · 별표 2 제16호 · 용인시 공표(26.2) + FMS 대조 B — 관리주체 확인 필요 · 기준 면적 확인 필요,연면적·용도,N,용인시,용인시(확인필요),estimated,확인필요 — 소속 근무 장소 조사(구청 누리집 목록) — 건물 관리주체 확인 필요 · 관리부서 추정 — 기존 건축물 관례(건축과),중처법 공중이용시설,실내공기질 관리법,,,,,
IQ-YI-0022,기흥구보건소,업무시설,실내공기질 대상 후보,,,,[16969] 경기도 용인시 기흥구 신갈로58번길 11,D11,용인시 공표 대조(누리집 · 사업장 조사),면적 확인 필요,법 제2조제4호가목 · 시행령 제3조제1호 · 별표 2 제16호 · 용인시 공표(26.2) + FMS 대조 B — 관리주체 확인 필요 · 기준 면적 확인 필요,연면적·용도,N,용인시,용인시(확인필요),estimated,확인필요 — 사업장 조사(누리집) — 시 소속 기관 · 건물 관리주체 확인 필요,중처법 공중이용시설,실내공기질 관리법,,,,,
AR2003-0009584,기흥구청,업무시설,다중이용건축물,3종,B등급,20030930,[우]16963 경기도 용인시 기흥구 관곡로 95(구갈동),D09,FMS,면적 확인 필요,법 제2조제4호가목 · 시행령 제3조제1호 · 별표 2 제16호 · 용인시 공표(26.2) + FMS 대조 B — 관리주체 확인 필요 · 기준 면적 확인 필요,연면적·용도,N,용인시,용인시(확인필요),estimated,확인필요 — 사업장 조사(누리집) — 시 소속 기관 · 건물 관리주체 확인 필요 · 관리부서 추정 — 기존 건축물 관례(건축과),중처법 공중이용시설,실내공기질 관리법,,,,,
IQ-YI-0023,기흥동 행정복지센터,업무시설,실내공기질 대상 후보,,,,,D09,용인시 공표 대조(누리집 · 사업장 조사),면적 확인 필요,법 제2조제4호가목 · 시행령 제3조제1호 · 별표 2 제16호 · 용인시 공표(26.2) + FMS 대조 B — 관리주체 확인 필요 · 기준 면적 확인 필요,연면적·용도,N,용인시,용인시(확인필요),estimated,확인필요 — 소속 근무 장소 조사(구청 누리집 목록) — 건물 관리주체 확인 필요 · 관리부서 추정 — 기존 건축물 관례(건축과),중처법 공중이용시설,실내공기질 관리법,,,,,
AR2001-0002157,남사읍 행정복지센터,업무시설,다중이용건축물,3종,B등급,20010518,경기도 용인시 처인구 남사읍,D09,FMS,면적 확인 필요,법 제2조제4호가목 · 시행령 제3조제1호 · 별표 2 제16호 · 용인시 공표(26.2) + FMS 대조 B — 관리주체 확인 필요 · 기준 면적 확인 필요,연면적·용도,N,용인시,용인시(확인필요),estimated,확인필요 — 소속 근무 장소 조사(구청 누리집 목록) — 건물 관리주체 확인 필요 · 관리부서 추정 — 기존 건축물 관례(건축과),중처법 공중이용시설,실내공기질 관리법,,,,,
AR1999-0003538,농업기술센터,업무시설,다중이용건축물,3종,B등급,19990910,(17167) 경기도 용인시 처인구 원삼면 농촌파크로 80 (사암리 858-1),D14,FMS,면적 확인 필요,법 제2조제4호가목 · 시행령 제3조제1호 · 별표 2 제16호 · 용인시 공표(26.2) + FMS 대조 B — 관리주체 확인 필요 · 기준 면적 확인 필요,연면적·용도,N,용인시,용인시(확인필요),estimated,확인필요 — 사업장 조사(누리집) — 시 소속 기관 · 건물 관리주체 확인 필요,중처법 공중이용시설,실내공기질 관리법,,,,,
IQ-YI-0024,동백1동 행정복지센터,업무시설,실내공기질 대상 후보,,,,,D09,용인시 공표 대조(누리집 · 사업장 조사),면적 확인 필요,법 제2조제4호가목 · 시행령 제3조제1호 · 별표 2 제16호 · 용인시 공표(26.2) + FMS 대조 B — 관리주체 확인 필요 · 기준 면적 확인 필요,연면적·용도,N,용인시,용인시(확인필요),estimated,확인필요 — 소속 근무 장소 조사(구청 누리집 목록) — 건물 관리주체 확인 필요 · 관리부서 추정 — 기존 건축물 관례(건축과),중처법 공중이용시설,실내공기질 관리법,,,,,
IQ-YI-0025,동백2동 행정복지센터,업무시설,실내공기질 대상 후보,,,,,D09,용인시 공표 대조(누리집 · 사업장 조사),면적 확인 필요,법 제2조제4호가목 · 시행령 제3조제1호 · 별표 2 제16호 · 용인시 공표(26.2) + FMS 대조 B — 관리주체 확인 필요 · 기준 면적 확인 필요,연면적·용도,N,용인시,용인시(확인필요),estimated,확인필요 — 소속 근무 장소 조사(구청 누리집 목록) — 건물 관리주체 확인 필요 · 관리부서 추정 — 기존 건축물 관례(건축과),중처법 공중이용시설,실내공기질 관리법,,,,,
IQ-YI-0026,동백3동 행정복지센터,업무시설,실내공기질 대상 후보,,,,,D09,용인시 공표 대조(누리집 · 사업장 조사),면적 확인 필요,법 제2조제4호가목 · 시행령 제3조제1호 · 별표 2 제16호 · 용인시 공표(26.2) + FMS 대조 B — 관리주체 확인 필요 · 기준 면적 확인 필요,연면적·용도,N,용인시,용인시(확인필요),estimated,확인필요 — 소속 근무 장소 조사(구청 누리집 목록) — 건물 관리주체 확인 필요 · 관리부서 추정 — 기존 건축물 관례(건축과),중처법 공중이용시설,실내공기질 관리법,,,,,
AR2002-0001743,동부동 행정복지센터,업무시설,다중이용건축물,3종,B등급,20020830,경기도 용인시 처인구 중부대로,D09,FMS,면적 확인 필요,법 제2조제4호가목 · 시행령 제3조제1호 · 별표 2 제16호 · 용인시 공표(26.2) + FMS 대조 B — 관리주체 확인 필요 · 기준 면적 확인 필요,연면적·용도,N,용인시,용인시(확인필요),estimated,확인필요 — 소속 근무 장소 조사(구청 누리집 목록) — 건물 관리주체 확인 필요 · 관리부서 추정 — 기존 건축물 관례(건축과),중처법 공중이용시설,실내공기질 관리법,,,,,
AR2006-0004246,동천동 행정복지센터,업무시설,다중이용건축물,3종,불명,20060809,경기도 용인시 수지구 동천동,D09,FMS,면적 확인 필요,법 제2조제4호가목 · 시행령 제3조제1호 · 별표 2 제16호 · 용인시 공표(26.2) + FMS 대조 B — 관리주체 확인 필요 · 기준 면적 확인 필요,연면적·용도,N,용인시,용인시(확인필요),estimated,확인필요 — 소속 근무 장소 조사(구청 누리집 목록) — 건물 관리주체 확인 필요 · 관리부서 추정 — 기존 건축물 관례(건축과),중처법 공중이용시설,실내공기질 관리법,,,,,
IQ-YI-0027,마북동 행정복지센터,업무시설,실내공기질 대상 후보,,,,,D09,용인시 공표 대조(누리집 · 사업장 조사),면적 확인 필요,법 제2조제4호가목 · 시행령 제3조제1호 · 별표 2 제16호 · 용인시 공표(26.2) + FMS 대조 B — 관리주체 확인 필요 · 기준 면적 확인 필요,연면적·용도,N,용인시,용인시(확인필요),estimated,확인필요 — 소속 근무 장소 조사(구청 누리집 목록) — 건물 관리주체 확인 필요 · 관리부서 추정 — 기존 건축물 관례(건축과),중처법 공중이용시설,실내공기질 관리법,,,,,
AR2006-0004258,모현읍 행정복지센터,업무시설,다중이용건축물,3종,불명,20060905,경기도 용인시 처인구 모현읍,D09,FMS,면적 확인 필요,법 제2조제4호가목 · 시행령 제3조제1호 · 별표 2 제16호 · 용인시 공표(26.2) + FMS 대조 B — 관리주체 확인 필요 · 기준 면적 확인 필요,연면적·용도,N,용인시,용인시(확인필요),estimated,확인필요 — 소속 근무 장소 조사(구청 누리집 목록) — 건물 관리주체 확인 필요 · 관리부서 추정 — 기존 건축물 관례(건축과),중처법 공중이용시설,실내공기질 관리법,,,,,
AR1990-0000745,백암면 행정복지센터,업무시설,다중이용건축물,3종,B등급,19900905,경기도 용인시 처인구 백암면,D09,FMS,면적 확인 필요,법 제2조제4호가목 · 시행령 제3조제1호 · 별표 2 제16호 · 용인시 공표(26.2) + FMS 대조 B — 관리주체 확인 필요 · 기준 면적 확인 필요,연면적·용도,N,용인시,용인시(확인필요),estimated,확인필요 — 소속 근무 장소 조사(구청 누리집 목록) — 건물 관리주체 확인 필요 · 관리부서 추정 — 기존 건축물 관례(건축과),중처법 공중이용시설,실내공기질 관리법,,,,,
IQ-YI-0028,보라동 행정복지센터,업무시설,실내공기질 대상 후보,,,,,D09,용인시 공표 대조(누리집 · 사업장 조사),면적 확인 필요,법 제2조제4호가목 · 시행령 제3조제1호 · 별표 2 제16호 · 용인시 공표(26.2) + FMS 대조 B — 관리주체 확인 필요 · 기준 면적 확인 필요,연면적·용도,N,용인시,용인시(확인필요),estimated,확인필요 — 소속 근무 장소 조사(구청 누리집 목록) — 건물 관리주체 확인 필요 · 관리부서 추정 — 기존 건축물 관례(건축과),중처법 공중이용시설,실내공기질 관리법,,,,,
IQ-YI-0029,보정동 행정복지센터,업무시설,실내공기질 대상 후보,,,,,D09,용인시 공표 대조(누리집 · 사업장 조사),면적 확인 필요,법 제2조제4호가목 · 시행령 제3조제1호 · 별표 2 제16호 · 용인시 공표(26.2) + FMS 대조 B — 관리주체 확인 필요 · 기준 면적 확인 필요,연면적·용도,N,용인시,용인시(확인필요),estimated,확인필요 — 소속 근무 장소 조사(구청 누리집 목록) — 건물 관리주체 확인 필요 · 관리부서 추정 — 기존 건축물 관례(건축과),중처법 공중이용시설,실내공기질 관리법,,,,,
IQ-YI-0030,삼가동 행정복지센터,업무시설,실내공기질 대상 후보,,,,,D09,용인시 공표 대조(누리집 · 사업장 조사),면적 확인 필요,법 제2조제4호가목 · 시행령 제3조제1호 · 별표 2 제16호 · 용인시 공표(26.2) + FMS 대조 B — 관리주체 확인 필요 · 기준 면적 확인 필요,연면적·용도,N,용인시,용인시(확인필요),estimated,확인필요 — 소속 근무 장소 조사(구청 누리집 목록) — 건물 관리주체 확인 필요 · 관리부서 추정 — 기존 건축물 관례(건축과),중처법 공중이용시설,실내공기질 관리법,,,,,
AR2009-0003439,상갈동 행정복지센터,업무시설,다중이용건축물,3종,불명,20091030,경기도 용인시 기흥구 상갈로,D09,FMS,면적 확인 필요,법 제2조제4호가목 · 시행령 제3조제1호 · 별표 2 제16호 · 용인시 공표(26.2) + FMS 대조 B — 관리주체 확인 필요 · 기준 면적 확인 필요,연면적·용도,N,용인시,용인시(확인필요),estimated,확인필요 — 소속 근무 장소 조사(구청 누리집 목록) — 건물 관리주체 확인 필요 · 관리부서 추정 — 기존 건축물 관례(건축과),중처법 공중이용시설,실내공기질 관리법,,,,,
IQ-YI-0031,상하동 행정복지센터,업무시설,실내공기질 대상 후보,,,,,D09,용인시 공표 대조(누리집 · 사업장 조사),면적 확인 필요,법 제2조제4호가목 · 시행령 제3조제1호 · 별표 2 제16호 · 용인시 공표(26.2) + FMS 대조 B — 관리주체 확인 필요 · 기준 면적 확인 필요,연면적·용도,N,용인시,용인시(확인필요),estimated,확인필요 — 소속 근무 장소 조사(구청 누리집 목록) — 건물 관리주체 확인 필요 · 관리부서 추정 — 기존 건축물 관례(건축과),중처법 공중이용시설,실내공기질 관리법,,,,,
AR2003-0009544,상현1동 행정복지센터,업무시설,다중이용건축물,3종,B등급,20030603,경기도 용인시 수지구 상현로,D09,FMS,면적 확인 필요,법 제2조제4호가목 · 시행령 제3조제1호 · 별표 2 제16호 · 용인시 공표(26.2) + FMS 대조 B — 관리주체 확인 필요 · 기준 면적 확인 필요,연면적·용도,N,용인시,용인시(확인필요),estimated,확인필요 — 소속 근무 장소 조사(구청 누리집 목록) — 건물 관리주체 확인 필요 · 관리부서 추정 — 기존 건축물 관례(건축과),중처법 공중이용시설,실내공기질 관리법,,,,,
IQ-YI-0032,상현2동 행정복지센터,업무시설,실내공기질 대상 후보,,,,,D09,용인시 공표 대조(누리집 · 사업장 조사),면적 확인 필요,법 제2조제4호가목 · 시행령 제3조제1호 · 별표 2 제16호 · 용인시 공표(26.2) + FMS 대조 B — 관리주체 확인 필요 · 기준 면적 확인 필요,연면적·용도,N,용인시,용인시(확인필요),estimated,확인필요 — 소속 근무 장소 조사(구청 누리집 목록) — 건물 관리주체 확인 필요 · 관리부서 추정 — 기존 건축물 관례(건축과),중처법 공중이용시설,실내공기질 관리법,,,,,
IQ-YI-0033,상현3동 행정복지센터,업무시설,실내공기질 대상 후보,,,,,D09,용인시 공표 대조(누리집 · 사업장 조사),면적 확인 필요,법 제2조제4호가목 · 시행령 제3조제1호 · 별표 2 제16호 · 용인시 공표(26.2) + FMS 대조 B — 관리주체 확인 필요 · 기준 면적 확인 필요,연면적·용도,N,용인시,용인시(확인필요),estimated,확인필요 — 소속 근무 장소 조사(구청 누리집 목록) — 건물 관리주체 확인 필요 · 관리부서 추정 — 기존 건축물 관례(건축과),중처법 공중이용시설,실내공기질 관리법,,,,,
IQ-YI-0034,서농동 행정복지센터,업무시설,실내공기질 대상 후보,,,,,D09,용인시 공표 대조(누리집 · 사업장 조사),면적 확인 필요,법 제2조제4호가목 · 시행령 제3조제1호 · 별표 2 제16호 · 용인시 공표(26.2) + FMS 대조 B — 관리주체 확인 필요 · 기준 면적 확인 필요,연면적·용도,N,용인시,용인시(확인필요),estimated,확인필요 — 소속 근무 장소 조사(구청 누리집 목록) — 건물 관리주체 확인 필요 · 관리부서 추정 — 기존 건축물 관례(건축과),중처법 공중이용시설,실내공기질 관리법,,,,,
AR2009-0003440,성복동 행정복지센터,업무시설,다중이용건축물,3종,불명,20090828,경기도 용인시 수지구 성복1로,D09,FMS,면적 확인 필요,법 제2조제4호가목 · 시행령 제3조제1호 · 별표 2 제16호 · 용인시 공표(26.2) + FMS 대조 B — 관리주체 확인 필요 · 기준 면적 확인 필요,연면적·용도,N,용인시,용인시(확인필요),estimated,확인필요 — 소속 근무 장소 조사(구청 누리집 목록) — 건물 관리주체 확인 필요 · 관리부서 추정 — 기존 건축물 관례(건축과),중처법 공중이용시설,실내공기질 관리법,,,,,
IQ-YI-0035,신갈동 행정복지센터,업무시설,실내공기질 대상 후보,,,,,D09,용인시 공표 대조(누리집 · 사업장 조사),면적 확인 필요,법 제2조제4호가목 · 시행령 제3조제1호 · 별표 2 제16호 · 용인시 공표(26.2) + FMS 대조 B — 관리주체 확인 필요 · 기준 면적 확인 필요,연면적·용도,N,용인시,용인시(확인필요),estimated,확인필요 — 소속 근무 장소 조사(구청 누리집 목록) — 건물 관리주체 확인 필요 · 관리부서 추정 — 기존 건축물 관례(건축과),중처법 공중이용시설,실내공기질 관리법,,,,,
AR2008-0004135,신봉동 행정복지센터,업무시설,다중이용건축물,3종,불명,20080212,경기도 용인시 수지구 수지로,D09,FMS,면적 확인 필요,법 제2조제4호가목 · 시행령 제3조제1호 · 별표 2 제16호 · 용인시 공표(26.2) + FMS 대조 B — 관리주체 확인 필요 · 기준 면적 확인 필요,연면적·용도,N,용인시,용인시(확인필요),estimated,확인필요 — 소속 근무 장소 조사(구청 누리집 목록) — 건물 관리주체 확인 필요 · 관리부서 추정 — 기존 건축물 관례(건축과),중처법 공중이용시설,실내공기질 관리법,,,,,
AR1993-0002067,양지읍 행정복지센터,업무시설,다중이용건축물,3종,B등급,19931019,경기도 용인시 처인구 양지면,D09,FMS,면적 확인 필요,법 제2조제4호가목 · 시행령 제3조제1호 · 별표 2 제16호 · 용인시 공표(26.2) + FMS 대조 B — 관리주체 확인 필요 · 기준 면적 확인 필요,연면적·용도,N,용인시,용인시(확인필요),estimated,확인필요 — 소속 근무 장소 조사(구청 누리집 목록) — 건물 관리주체 확인 필요 · 관리부서 추정 — 기존 건축물 관례(건축과),중처법 공중이용시설,실내공기질 관리법,,,,,
IQ-YI-0036,역북동 행정복지센터,업무시설,실내공기질 대상 후보,,,,,D09,용인시 공표 대조(누리집 · 사업장 조사),면적 확인 필요,법 제2조제4호가목 · 시행령 제3조제1호 · 별표 2 제16호 · 용인시 공표(26.2) + FMS 대조 B — 관리주체 확인 필요 · 기준 면적 확인 필요,연면적·용도,N,용인시,용인시(확인필요),estimated,확인필요 — 소속 근무 장소 조사(구청 누리집 목록) — 건물 관리주체 확인 필요 · 관리부서 추정 — 기존 건축물 관례(건축과),중처법 공중이용시설,실내공기질 관리법,,,,,
IQ-YI-0037,영덕1동 행정복지센터,업무시설,실내공기질 대상 후보,,,,,D09,용인시 공표 대조(누리집 · 사업장 조사),면적 확인 필요,법 제2조제4호가목 · 시행령 제3조제1호 · 별표 2 제16호 · 용인시 공표(26.2) + FMS 대조 B — 관리주체 확인 필요 · 기준 면적 확인 필요,연면적·용도,N,용인시,용인시(확인필요),estimated,확인필요 — 소속 근무 장소 조사(구청 누리집 목록) — 건물 관리주체 확인 필요 · 관리부서 추정 — 기존 건축물 관례(건축과),중처법 공중이용시설,실내공기질 관리법,,,,,
IQ-YI-0038,영덕2동 행정복지센터,업무시설,실내공기질 대상 후보,,,,,D09,용인시 공표 대조(누리집 · 사업장 조사),면적 확인 필요,법 제2조제4호가목 · 시행령 제3조제1호 · 별표 2 제16호 · 용인시 공표(26.2) + FMS 대조 B — 관리주체 확인 필요 · 기준 면적 확인 필요,연면적·용도,N,용인시,용인시(확인필요),estimated,확인필요 — 소속 근무 장소 조사(구청 누리집 목록) — 건물 관리주체 확인 필요 · 관리부서 추정 — 기존 건축물 관례(건축과),중처법 공중이용시설,실내공기질 관리법,,,,,
AR2005-0003907,용인특례시의회(의회청사),업무시설,다중이용건축물,3종,B등급,20050625,[17019] 경기도 용인시 처인구 중부대로 1199,D09,FMS,면적 확인 필요,법 제2조제4호가목 · 시행령 제3조제1호 · 별표 2 제16호 · 용인시 공표(26.2) + FMS 대조 B — 관리주체 확인 필요 · 기준 면적 확인 필요,연면적·용도,N,용인시,용인시(확인필요),estimated,확인필요 — 사업장 조사(누리집) — 시 소속 기관 · 건물 관리주체 확인 필요 · 관리부서 추정 — 기존 건축물 관례(건축과),중처법 공중이용시설,실내공기질 관리법,,,,,
AR2004-0006390,원삼면 행정복지센터,업무시설,다중이용건축물,3종,불명,20041021,경기도 용인시 처인구 원삼면,D09,FMS,면적 확인 필요,법 제2조제4호가목 · 시행령 제3조제1호 · 별표 2 제16호 · 용인시 공표(26.2) + FMS 대조 B — 관리주체 확인 필요 · 기준 면적 확인 필요,연면적·용도,N,용인시,용인시(확인필요),estimated,확인필요 — 소속 근무 장소 조사(구청 누리집 목록) — 건물 관리주체 확인 필요 · 관리부서 추정 — 기존 건축물 관례(건축과),중처법 공중이용시설,실내공기질 관리법,,,,,
IQ-YI-0039,유림1동 행정복지센터,업무시설,실내공기질 대상 후보,,,,,D09,용인시 공표 대조(누리집 · 사업장 조사),면적 확인 필요,법 제2조제4호가목 · 시행령 제3조제1호 · 별표 2 제16호 · 용인시 공표(26.2) + FMS 대조 B — 관리주체 확인 필요 · 기준 면적 확인 필요,연면적·용도,N,용인시,용인시(확인필요),estimated,확인필요 — 소속 근무 장소 조사(구청 누리집 목록) — 건물 관리주체 확인 필요 · 관리부서 추정 — 기존 건축물 관례(건축과),중처법 공중이용시설,실내공기질 관리법,,,,,
IQ-YI-0040,유림2동 행정복지센터,업무시설,실내공기질 대상 후보,,,,,D09,용인시 공표 대조(누리집 · 사업장 조사),면적 확인 필요,법 제2조제4호가목 · 시행령 제3조제1호 · 별표 2 제16호 · 용인시 공표(26.2) + FMS 대조 B — 관리주체 확인 필요 · 기준 면적 확인 필요,연면적·용도,N,용인시,용인시(확인필요),estimated,확인필요 — 소속 근무 장소 조사(구청 누리집 목록) — 건물 관리주체 확인 필요 · 관리부서 추정 — 기존 건축물 관례(건축과),중처법 공중이용시설,실내공기질 관리법,,,,,
AR1999-0003651,유림동주민센터,업무시설,다중이용건축물,3종,B등급,19990111,경기도 용인시 처인구 ,D09,FMS,면적 확인 필요,법 제2조제4호가목 · 시행령 제3조제1호 · 별표 2 제16호 · 용인시 공표(26.2) + FMS 대조 B — 관리주체 확인 필요 · 기준 면적 확인 필요,연면적·용도,N,용인시,용인시(확인필요),estimated,확인필요 — FMS 3종 건축물(명칭) — 관리주체 FMS 에 없음 · 관리부서 추정 — 기존 건축물 관례(건축과),중처법 공중이용시설,실내공기질 관리법,,,,,
AR1993-0002013,이동읍 행정복지센터,업무시설,다중이용건축물,3종,C등급,19930429,경기도 용인시 처인구 이동면,D09,FMS,면적 확인 필요,법 제2조제4호가목 · 시행령 제3조제1호 · 별표 2 제16호 · 용인시 공표(26.2) + FMS 대조 B — 관리주체 확인 필요 · 기준 면적 확인 필요,연면적·용도,N,용인시,용인시(확인필요),estimated,확인필요 — 소속 근무 장소 조사(구청 누리집 목록) — 건물 관리주체 확인 필요 · 관리부서 추정 — 기존 건축물 관례(건축과),중처법 공중이용시설,실내공기질 관리법,,,,,
AR2005-0004883,죽전1동 행정복지센터,업무시설,다중이용건축물,3종,B등급,20050912,경기도 용인시 수지구 죽전동,D09,FMS,면적 확인 필요,법 제2조제4호가목 · 시행령 제3조제1호 · 별표 2 제16호 · 용인시 공표(26.2) + FMS 대조 B — 관리주체 확인 필요 · 기준 면적 확인 필요,연면적·용도,N,용인시,용인시(확인필요),estimated,확인필요 — 소속 근무 장소 조사(구청 누리집 목록) — 건물 관리주체 확인 필요 · 관리부서 추정 — 기존 건축물 관례(건축과),중처법 공중이용시설,실내공기질 관리법,,,,,
IQ-YI-0041,죽전2동 행정복지센터,업무시설,실내공기질 대상 후보,,,,,D09,용인시 공표 대조(누리집 · 사업장 조사),면적 확인 필요,법 제2조제4호가목 · 시행령 제3조제1호 · 별표 2 제16호 · 용인시 공표(26.2) + FMS 대조 B — 관리주체 확인 필요 · 기준 면적 확인 필요,연면적·용도,N,용인시,용인시(확인필요),estimated,확인필요 — 소속 근무 장소 조사(구청 누리집 목록) — 건물 관리주체 확인 필요 · 관리부서 추정 — 기존 건축물 관례(건축과),중처법 공중이용시설,실내공기질 관리법,,,,,
IQ-YI-0042,죽전3동 행정복지센터,업무시설,실내공기질 대상 후보,,,,,D09,용인시 공표 대조(누리집 · 사업장 조사),면적 확인 필요,법 제2조제4호가목 · 시행령 제3조제1호 · 별표 2 제16호 · 용인시 공표(26.2) + FMS 대조 B — 관리주체 확인 필요 · 기준 면적 확인 필요,연면적·용도,N,용인시,용인시(확인필요),estimated,확인필요 — 소속 근무 장소 조사(구청 누리집 목록) — 건물 관리주체 확인 필요 · 관리부서 추정 — 기존 건축물 관례(건축과),중처법 공중이용시설,실내공기질 관리법,,,,,
IQ-YI-0043,중앙동 행정복지센터,업무시설,실내공기질 대상 후보,,,,,D09,용인시 공표 대조(누리집 · 사업장 조사),면적 확인 필요,법 제2조제4호가목 · 시행령 제3조제1호 · 별표 2 제16호 · 용인시 공표(26.2) + FMS 대조 B — 관리주체 확인 필요 · 기준 면적 확인 필요,연면적·용도,N,용인시,용인시(확인필요),estimated,확인필요 — 소속 근무 장소 조사(구청 누리집 목록) — 건물 관리주체 확인 필요 · 관리부서 추정 — 기존 건축물 관례(건축과),중처법 공중이용시설,실내공기질 관리법,,,,,
AR2005-0003906,처인구보건소,업무시설,다중이용건축물,3종,B등급,20050625,[17019] 경기도 용인시 처인구 중부대로 1199(삼가동),D11,FMS,면적 확인 필요,법 제2조제4호가목 · 시행령 제3조제1호 · 별표 2 제16호 · 용인시 공표(26.2) + FMS 대조 B — 관리주체 확인 필요 · 기준 면적 확인 필요,연면적·용도,N,용인시,용인시(확인필요),estimated,확인필요 — 사업장 조사(누리집) — 시 소속 기관 · 건물 관리주체 확인 필요,중처법 공중이용시설,실내공기질 관리법,,,,,
AR1982-0000084,처인구청,업무시설,다중이용건축물,3종,B등급,19820520,[17049] 경기도 용인시 처인구 금령로50(김량장동),D09,FMS,면적 확인 필요,법 제2조제4호가목 · 시행령 제3조제1호 · 별표 2 제16호 · 용인시 공표(26.2) + FMS 대조 B — 관리주체 확인 필요 · 기준 면적 확인 필요,연면적·용도,N,용인시,용인시(확인필요),estimated,확인필요 — 사업장 조사(누리집) — 시 소속 기관 · 건물 관리주체 확인 필요 · 관리부서 추정 — 기존 건축물 관례(건축과),중처법 공중이용시설,실내공기질 관리법,,,,,
AR1990-0000202,처인구청(별관 1),업무시설,다중이용건축물,3종,B등급,19901116,경기도 용인시 처인구 금령로,D09,FMS,면적 확인 필요,법 제2조제4호가목 · 시행령 제3조제1호 · 별표 2 제16호 · 용인시 공표(26.2) + FMS 대조 B — 관리주체 확인 필요 · 기준 면적 확인 필요,연면적·용도,N,용인시,용인시(확인필요),estimated,확인필요 — 처인구청 부속 동(명칭) · 관리주체 FMS 에 없음 · 관리부서 추정 — 기존 건축물 관례(건축과),중처법 공중이용시설,실내공기질 관리법,,,,,
AR2001-0002365,처인구청(별관2),업무시설,다중이용건축물,3종,B등급,20011107,경기도 용인시 처인구 금령로,D09,FMS,면적 확인 필요,법 제2조제4호가목 · 시행령 제3조제1호 · 별표 2 제16호 · 용인시 공표(26.2) + FMS 대조 B — 관리주체 확인 필요 · 기준 면적 확인 필요,연면적·용도,N,용인시,용인시(확인필요),estimated,확인필요 — 처인구청 부속 동(명칭) · 관리주체 FMS 에 없음 · 관리부서 추정 — 기존 건축물 관례(건축과),중처법 공중이용시설,실내공기질 관리법,,,,,
AR2002-0001653,포곡읍 행정복지센터,업무시설,다중이용건축물,3종,B등급,20020904,경기도 용인시 처인구 포곡읍,D09,FMS,면적 확인 필요,법 제2조제4호가목 · 시행령 제3조제1호 · 별표 2 제16호 · 용인시 공표(26.2) + FMS 대조 B — 관리주체 확인 필요 · 기준 면적 확인 필요,연면적·용도,N,용인시,용인시(확인필요),estimated,확인필요 — 소속 근무 장소 조사(구청 누리집 목록) — 건물 관리주체 확인 필요 · 관리부서 추정 — 기존 건축물 관례(건축과),중처법 공중이용시설,실내공기질 관리법,,,,,
AR2003-0009551,풍덕천1동 행정복지센터,업무시설,다중이용건축물,3종,B등급,20030603,경기도 용인시 수지구 수지로342번길,D09,FMS,면적 확인 필요,법 제2조제4호가목 · 시행령 제3조제1호 · 별표 2 제16호 · 용인시 공표(26.2) + FMS 대조 B — 관리주체 확인 필요 · 기준 면적 확인 필요,연면적·용도,N,용인시,용인시(확인필요),estimated,확인필요 — 소속 근무 장소 조사(구청 누리집 목록) — 건물 관리주체 확인 필요 · 관리부서 추정 — 기존 건축물 관례(건축과),중처법 공중이용시설,실내공기질 관리법,,,,,
AR2003-0009575,풍덕천2동 행정복지센터,업무시설,다중이용건축물,3종,B등급,20031222,경기도 용인시 수지구 풍덕천로,D09,FMS,면적 확인 필요,법 제2조제4호가목 · 시행령 제3조제1호 · 별표 2 제16호 · 용인시 공표(26.2) + FMS 대조 B — 관리주체 확인 필요 · 기준 면적 확인 필요,연면적·용도,N,용인시,용인시(확인필요),estimated,확인필요 — 소속 근무 장소 조사(구청 누리집 목록) — 건물 관리주체 확인 필요 · 관리부서 추정 — 기존 건축물 관례(건축과),중처법 공중이용시설,실내공기질 관리법,,,,,
IQ-YI-0044,용인평온의숲(장례식장 여부·위치),지하 장례식장,실내공기질 대상 후보,,,,처인구 이동읍 평온의숲로 77,D09,용인시 공표 대조(누리집 · 사업장 조사),지하·면적 확인 필요,법 제2조제4호가목 · 시행령 제3조제1호 · 별표 2 제14호 · 용인시 공표(26.2) + FMS 대조 B — 관리주체 용인도시공사(위탁·소유 관계 확인) · 기준 해석 필요,지하 위치·연면적,N,용인도시공사,용인도시공사(운영 · 확인필요),estimated,확인필요 — 사업장 조사 7-3-9 — 산하기관 운영(용인도시공사) · 시 소관 노인복지과 장묘문화팀 · 관리부서 추정 — 기존 건축물 관례(건축과),위탁 시설(용인도시공사 운영),실내공기질 관리법,,,,위탁(용인도시공사 운영),09-24 결정(용인도시공사 운영 시설 = 위탁 시설 표시) · 장례식장이 있는지·지하에 있는지·면적 확인 필요
AR1989-0000718,용인시문예회관,실내공연장,다중이용건축물,3종,B등급,19891106,경기도 용인시 처인구 김량장동,D09,FMS,객석 확인 필요,법 제2조제4호가목 · 시행령 제3조제1호 · 별표 2 제18호 · 용인시 공표(26.2) + FMS 대조 B — 관리주체 확인 필요 · 기준 객석·관람석 수 확인 필요,객석 수,N,용인시,용인시(확인필요),estimated,확인필요 — FMS 에 관리주체 없음(점검진단 API NODATA_ERROR) · 관리부서 추정 — 기존 건축물 관례(건축과),중처법 공중이용시설,실내공기질 관리법,,,,,
