table,key,col,old,new,why
asset,ST2005-0000048,subject_tier,확인필요,용인시,① 상하수도 관리주체
asset,ST2005-0000048,subject_name,(추정) 용인시,용인시 하수도사업소,① 상하수도 관리주체
asset,ST2005-0000048,subject_source,estimated,web,① 상하수도 관리주체
asset,ST2005-0000048,subject_note,"용인시로 추정(이름) — 관리주체 확인 필요 · 상하수도 공공 인프라 + 용인 지명 — 관리주체 원본 미확인, 검수 필요",용인시 상하수도사업소 누리집 「레스피아 현황」(하수운영과) · 하수도법 공공하수도,① 상하수도 관리주체
asset,ST2005-0000049,subject_tier,확인필요,용인시,① 상하수도 관리주체
asset,ST2005-0000049,subject_name,,용인시 하수도사업소,① 상하수도 관리주체
asset,ST2005-0000049,subject_source,none,web,① 상하수도 관리주체
asset,ST2005-0000049,subject_note,관리주체 정보 없음,용인시 상하수도사업소 누리집 「레스피아 현황」(하수운영과) · 하수도법 공공하수도,① 상하수도 관리주체
asset,ST2009-0000031,subject_tier,확인필요,용인시,① 상하수도 관리주체
asset,ST2009-0000031,subject_name,,용인시 하수도사업소,① 상하수도 관리주체
asset,ST2009-0000031,subject_source,none,web,① 상하수도 관리주체
asset,ST2009-0000031,subject_note,관리주체 정보 없음,용인시 상하수도사업소 누리집 「레스피아 현황」(하수운영과) · 하수도법 공공하수도,① 상하수도 관리주체
asset,ST2010-0000022,subject_tier,확인필요,용인시,① 상하수도 관리주체
asset,ST2010-0000022,subject_name,(추정) 용인시,용인시 하수도사업소,① 상하수도 관리주체
asset,ST2010-0000022,subject_source,estimated,web,① 상하수도 관리주체
asset,ST2010-0000022,subject_note,"용인시로 추정(이름) — 관리주체 확인 필요 · 상하수도 공공 인프라 + 용인 지명 — 관리주체 원본 미확인, 검수 필요",용인시 상하수도사업소 누리집 「레스피아 현황」(하수운영과) · 하수도법 공공하수도,① 상하수도 관리주체
asset,ST2010-0000023,subject_tier,확인필요,용인시,① 상하수도 관리주체
asset,ST2010-0000023,subject_name,,용인시 하수도사업소,① 상하수도 관리주체
asset,ST2010-0000023,subject_source,none,law,① 상하수도 관리주체
asset,ST2010-0000023,subject_note,관리주체 정보 없음,하수도법 제2조 공공하수도(지방자치단체가 설치·관리) — 용인시 하수도사업소,① 상하수도 관리주체
asset,ST2010-0000024,subject_tier,확인필요,용인시,① 상하수도 관리주체
asset,ST2010-0000024,subject_name,,용인시 하수도사업소,① 상하수도 관리주체
asset,ST2010-0000024,subject_source,none,law,① 상하수도 관리주체
asset,ST2010-0000024,subject_note,관리주체 정보 없음,하수도법 제2조 공공하수도(지방자치단체가 설치·관리) — 용인시 하수도사업소,① 상하수도 관리주체
asset,ST2010-0000025,subject_tier,확인필요,용인시,① 상하수도 관리주체
asset,ST2010-0000025,subject_name,,용인시 하수도사업소,① 상하수도 관리주체
asset,ST2010-0000025,subject_source,none,law,① 상하수도 관리주체
asset,ST2010-0000025,subject_note,관리주체 정보 없음,하수도법 제2조 공공하수도(지방자치단체가 설치·관리) — 용인시 하수도사업소,① 상하수도 관리주체
asset,ST2010-0000026,subject_tier,확인필요,용인시,① 상하수도 관리주체
asset,ST2010-0000026,subject_name,(추정) 용인시,용인시 하수도사업소,① 상하수도 관리주체
asset,ST2010-0000026,subject_source,estimated,law,① 상하수도 관리주체
asset,ST2010-0000026,subject_note,"용인시로 추정(이름) — 관리주체 확인 필요 · 상하수도 공공 인프라 + 용인 지명 — 관리주체 원본 미확인, 검수 필요",하수도법 제2조 공공하수도(지방자치단체가 설치·관리) — 용인시 하수도사업소,① 상하수도 관리주체
asset,ST2010-0000027,subject_tier,확인필요,용인시,① 상하수도 관리주체
asset,ST2010-0000027,subject_name,,용인시 하수도사업소,① 상하수도 관리주체
asset,ST2010-0000027,subject_source,none,law,① 상하수도 관리주체
asset,ST2010-0000027,subject_note,관리주체 정보 없음,하수도법 제2조 공공하수도(지방자치단체가 설치·관리) — 용인시 하수도사업소,① 상하수도 관리주체
asset,ST2010-0000028,subject_tier,확인필요,용인시,① 상하수도 관리주체
asset,ST2010-0000028,subject_name,(추정) 용인시,용인시 하수도사업소,① 상하수도 관리주체
asset,ST2010-0000028,subject_source,estimated,law,① 상하수도 관리주체
asset,ST2010-0000028,subject_note,"용인시로 추정(이름) — 관리주체 확인 필요 · 상하수도 공공 인프라 + 용인 지명 — 관리주체 원본 미확인, 검수 필요",하수도법 제2조 공공하수도(지방자치단체가 설치·관리) — 용인시 하수도사업소,① 상하수도 관리주체
asset,ST2010-0000029,subject_tier,확인필요,용인시,① 상하수도 관리주체
asset,ST2010-0000029,subject_name,,용인시 하수도사업소,① 상하수도 관리주체
asset,ST2010-0000029,subject_source,none,law,① 상하수도 관리주체
asset,ST2010-0000029,subject_note,관리주체 정보 없음,하수도법 제2조 공공하수도(지방자치단체가 설치·관리) — 용인시 하수도사업소,① 상하수도 관리주체
asset,ST2010-0000030,subject_tier,확인필요,용인시,① 상하수도 관리주체
asset,ST2010-0000030,subject_name,,용인시 하수도사업소,① 상하수도 관리주체
asset,ST2010-0000030,subject_source,none,law,① 상하수도 관리주체
asset,ST2010-0000030,subject_note,관리주체 정보 없음,하수도법 제2조 공공하수도(지방자치단체가 설치·관리) — 용인시 하수도사업소,① 상하수도 관리주체
asset,ST2010-0000031,subject_tier,확인필요,용인시,① 상하수도 관리주체
asset,ST2010-0000031,subject_name,(추정) 용인시,용인시 하수도사업소,① 상하수도 관리주체
asset,ST2010-0000031,subject_source,estimated,law,① 상하수도 관리주체
asset,ST2010-0000031,subject_note,"용인시로 추정(이름) — 관리주체 확인 필요 · 상하수도 공공 인프라 + 용인 지명 — 관리주체 원본 미확인, 검수 필요",하수도법 제2조 공공하수도(지방자치단체가 설치·관리) — 용인시 하수도사업소,① 상하수도 관리주체
asset,ST2010-0000032,subject_tier,확인필요,용인시,① 상하수도 관리주체
asset,ST2010-0000032,subject_name,,용인시 하수도사업소,① 상하수도 관리주체
asset,ST2010-0000032,subject_source,none,law,① 상하수도 관리주체
asset,ST2010-0000032,subject_note,관리주체 정보 없음,하수도법 제2조 공공하수도(지방자치단체가 설치·관리) — 용인시 하수도사업소,① 상하수도 관리주체
asset,ST2014-0000006,subject_tier,확인필요,용인시,① 상하수도 관리주체
asset,ST2014-0000006,subject_name,,용인시 하수도사업소,① 상하수도 관리주체
asset,ST2014-0000006,subject_source,none,law,① 상하수도 관리주체
asset,ST2014-0000006,subject_note,관리주체 정보 없음,하수도법 제2조 공공하수도(지방자치단체가 설치·관리) — 용인시 하수도사업소,① 상하수도 관리주체
asset,ST2018-0000019,subject_tier,확인필요,용인시,① 상하수도 관리주체
asset,ST2018-0000019,subject_name,,용인시 하수도사업소,① 상하수도 관리주체
asset,ST2018-0000019,subject_source,none,law,① 상하수도 관리주체
asset,ST2018-0000019,subject_note,관리주체 정보 없음,하수도법 제2조 공공하수도(지방자치단체가 설치·관리) — 용인시 하수도사업소,① 상하수도 관리주체
asset,ST2019-0000005,subject_tier,확인필요,용인시,① 상하수도 관리주체
asset,ST2019-0000005,subject_name,(추정) 용인시,용인시 하수도사업소,① 상하수도 관리주체
asset,ST2019-0000005,subject_source,estimated,web,① 상하수도 관리주체
asset,ST2019-0000005,subject_note,"용인시로 추정(이름) — 관리주체 확인 필요 · 상하수도 공공 인프라 + 용인 지명 — 관리주체 원본 미확인, 검수 필요",용인시 상하수도사업소 누리집 「레스피아 현황」(하수운영과) · 하수도법 공공하수도,① 상하수도 관리주체
asset,WS1991-0000015,subject_tier,확인필요,용인시,① 상하수도 관리주체
asset,WS1991-0000015,subject_name,(추정) 용인시,용인시 상수도사업소,① 상하수도 관리주체
asset,WS1991-0000015,subject_source,estimated,law,① 상하수도 관리주체
asset,WS1991-0000015,subject_note,"용인시로 추정(이름) — 관리주체 확인 필요 · 상하수도 공공 인프라 + 용인 지명 — 관리주체 원본 미확인, 검수 필요",수도법 제3조 지방상수도(지방자치단체가 주민에게 공급) — 용인시 상수도사업소,① 상하수도 관리주체
asset,WS1991-0000016,subject_tier,확인필요,용인시,① 상하수도 관리주체
asset,WS1991-0000016,subject_name,(추정) 용인시,용인시 상수도사업소,① 상하수도 관리주체
asset,WS1991-0000016,subject_source,estimated,law,① 상하수도 관리주체
asset,WS1991-0000016,subject_note,"용인시로 추정(이름) — 관리주체 확인 필요 · 상하수도 공공 인프라 + 용인 지명 — 관리주체 원본 미확인, 검수 필요",수도법 제3조 지방상수도(지방자치단체가 주민에게 공급) — 용인시 상수도사업소,① 상하수도 관리주체
asset,WS1991-0000019,subject_tier,확인필요,용인시,① 상하수도 관리주체
asset,WS1991-0000019,subject_name,(추정) 용인시,용인시 상수도사업소,① 상하수도 관리주체
asset,WS1991-0000019,subject_source,estimated,law,① 상하수도 관리주체
asset,WS1991-0000019,subject_note,"용인시로 추정(이름) — 관리주체 확인 필요 · 상하수도 공공 인프라 + 용인 지명 — 관리주체 원본 미확인, 검수 필요",수도법 제3조 지방상수도(지방자치단체가 주민에게 공급) — 용인시 상수도사업소,① 상하수도 관리주체
asset,WS2003-0000053,subject_tier,확인필요,용인시,① 상하수도 관리주체
asset,WS2003-0000053,subject_name,(추정) 용인시,용인시 상수도사업소,① 상하수도 관리주체
asset,WS2003-0000053,subject_source,estimated,law,① 상하수도 관리주체
asset,WS2003-0000053,subject_note,"용인시로 추정(이름) — 관리주체 확인 필요 · 상하수도 공공 인프라 + 용인 지명 — 관리주체 원본 미확인, 검수 필요",수도법 제3조 지방상수도(지방자치단체가 주민에게 공급) — 용인시 상수도사업소,① 상하수도 관리주체
asset,WS2005-0000091,subject_tier,확인필요,용인시,① 상하수도 관리주체
asset,WS2005-0000091,subject_name,(추정) 용인시,용인시 상수도사업소,① 상하수도 관리주체
asset,WS2005-0000091,subject_source,estimated,law,① 상하수도 관리주체
asset,WS2005-0000091,subject_note,"용인시로 추정(이름) — 관리주체 확인 필요 · 상하수도 공공 인프라 + 용인 지명 — 관리주체 원본 미확인, 검수 필요",수도법 제3조 지방상수도(지방자치단체가 주민에게 공급) — 용인시 상수도사업소,① 상하수도 관리주체
asset,WS2006-0000016,subject_tier,확인필요,용인시,① 상하수도 관리주체
asset,WS2006-0000016,subject_name,(추정) 용인시,용인시 상수도사업소,① 상하수도 관리주체
asset,WS2006-0000016,subject_source,estimated,law,① 상하수도 관리주체
asset,WS2006-0000016,subject_note,"용인시로 추정(이름) — 관리주체 확인 필요 · 상하수도 공공 인프라 + 용인 지명 — 관리주체 원본 미확인, 검수 필요",수도법 제3조 지방상수도(지방자치단체가 주민에게 공급) — 용인시 상수도사업소,① 상하수도 관리주체
asset,WS2009-0000054,subject_tier,확인필요,용인시,① 상하수도 관리주체
asset,WS2009-0000054,subject_name,,용인시 상수도사업소,① 상하수도 관리주체
asset,WS2009-0000054,subject_source,none,law,① 상하수도 관리주체
asset,WS2009-0000054,subject_note,관리주체 정보 없음,수도법 제3조 지방상수도(지방자치단체가 주민에게 공급) — 용인시 상수도사업소,① 상하수도 관리주체
asset,WS2012-0000006,subject_tier,확인필요,용인시,① 상하수도 관리주체
asset,WS2012-0000006,subject_name,(추정) 용인시,용인시 상수도사업소,① 상하수도 관리주체
asset,WS2012-0000006,subject_source,estimated,law,① 상하수도 관리주체
asset,WS2012-0000006,subject_note,"용인시로 추정(이름) — 관리주체 확인 필요 · 상하수도 공공 인프라 + 용인 지명 — 관리주체 원본 미확인, 검수 필요",수도법 제3조 지방상수도(지방자치단체가 주민에게 공급) — 용인시 상수도사업소,① 상하수도 관리주체
asset,WS2013-0000050,subject_tier,확인필요,용인시,① 상하수도 관리주체
asset,WS2013-0000050,subject_name,(추정) 용인시,용인시 상수도사업소,① 상하수도 관리주체
asset,WS2013-0000050,subject_source,estimated,law,① 상하수도 관리주체
asset,WS2013-0000050,subject_note,"용인시로 추정(이름) — 관리주체 확인 필요 · 상하수도 공공 인프라 + 용인 지명 — 관리주체 원본 미확인, 검수 필요",수도법 제3조 지방상수도(지방자치단체가 주민에게 공급) — 용인시 상수도사업소,① 상하수도 관리주체
asset,WS2013-0000051,subject_tier,확인필요,용인시,① 상하수도 관리주체
asset,WS2013-0000051,subject_name,(추정) 용인시,용인시 상수도사업소,① 상하수도 관리주체
asset,WS2013-0000051,subject_source,estimated,law,① 상하수도 관리주체
asset,WS2013-0000051,subject_note,"용인시로 추정(이름) — 관리주체 확인 필요 · 상하수도 공공 인프라 + 용인 지명 — 관리주체 원본 미확인, 검수 필요",수도법 제3조 지방상수도(지방자치단체가 주민에게 공급) — 용인시 상수도사업소,① 상하수도 관리주체
asset,WS2018-0000041,subject_tier,확인필요,용인시,① 상하수도 관리주체
asset,WS2018-0000041,subject_name,(추정) 용인시,용인시 상수도사업소,① 상하수도 관리주체
asset,WS2018-0000041,subject_source,estimated,law,① 상하수도 관리주체
asset,WS2018-0000041,subject_note,"용인시로 추정(이름) — 관리주체 확인 필요 · 상하수도 공공 인프라 + 용인 지명 — 관리주체 원본 미확인, 검수 필요",수도법 제3조 지방상수도(지방자치단체가 주민에게 공급) — 용인시 상수도사업소,① 상하수도 관리주체
duty_assignment,ASG-000012,asset_id,BR0000-0000002,BR1992-0000156,② 시설 옮김
duty_assignment,ASG-000012,applicability,확인필요,해당,② 시설 옮김
duty_assignment,ASG-000012,applicability_note,관리주체 확인 필요(FMS 관리주체 정보 없음·추정) — 용인시 관리면 「해당」으로,시연 배정을 용인시 관리 시설로 옮김(원래 꽃터교(안대지2교) — 관리주체 확인필요),② 시설 옮김
duty_assignment,ASG-000013,asset_id,BR1018-0000001,BR1992-0000904,② 시설 옮김
duty_assignment,ASG-000013,applicability,비해당,해당,② 시설 옮김
duty_assignment,ASG-000013,applicability_note,관리주체 타기관(수원국토관리사무소) — 용인시 관리 시설 아님(FMS 관리주체 · 09-24),시연 배정을 용인시 관리 시설로 옮김(원래 하고개교(상행) — 관리주체 수원국토관리사무소),② 시설 옮김
duty_assignment,ASG-000013,decided_by,G01,,② 시설 옮김
duty_assignment,ASG-000013,decided_at,2026-09-24,,② 시설 옮김
duty_assignment,ASG-000014,asset_id,BR1900-0000009,BR1993-0000845,② 시설 옮김
duty_assignment,ASG-000014,applicability,확인필요,해당,② 시설 옮김
duty_assignment,ASG-000014,applicability_note,관리주체 확인 필요(FMS 관리주체 정보 없음·추정) — 용인시 관리면 「해당」으로,시연 배정을 용인시 관리 시설로 옮김(원래 안대지천교 — 관리주체 확인필요),② 시설 옮김
duty_assignment,ASG-000016,asset_id,BR0000-0000002,BR1992-0000156,② 시설 옮김
duty_assignment,ASG-000016,applicability,확인필요,해당,② 시설 옮김
duty_assignment,ASG-000016,applicability_note,관리주체 확인 필요(FMS 관리주체 정보 없음·추정) — 용인시 관리면 「해당」으로,시연 배정을 용인시 관리 시설로 옮김(원래 꽃터교(안대지2교) — 관리주체 확인필요),② 시설 옮김
duty_assignment,ASG-000017,asset_id,BR1018-0000001,BR1992-0000904,② 시설 옮김
duty_assignment,ASG-000017,applicability,비해당,해당,② 시설 옮김
duty_assignment,ASG-000017,applicability_note,관리주체 타기관(수원국토관리사무소) — 용인시 관리 시설 아님(FMS 관리주체 · 09-24),시연 배정을 용인시 관리 시설로 옮김(원래 하고개교(상행) — 관리주체 수원국토관리사무소),② 시설 옮김
duty_assignment,ASG-000017,decided_by,G01,,② 시설 옮김
duty_assignment,ASG-000017,decided_at,2026-09-24,,② 시설 옮김
duty_assignment,ASG-000018,asset_id,BR1900-0000009,BR1993-0000845,② 시설 옮김
duty_assignment,ASG-000018,applicability,확인필요,해당,② 시설 옮김
duty_assignment,ASG-000018,applicability_note,관리주체 확인 필요(FMS 관리주체 정보 없음·추정) — 용인시 관리면 「해당」으로,시연 배정을 용인시 관리 시설로 옮김(원래 안대지천교 — 관리주체 확인필요),② 시설 옮김
duty_assignment,ASG-000020,asset_id,BR0000-0000002,BR1992-0000156,② 시설 옮김
duty_assignment,ASG-000020,applicability,확인필요,해당,② 시설 옮김
duty_assignment,ASG-000020,applicability_note,관리주체 확인 필요(FMS 관리주체 정보 없음·추정) — 용인시 관리면 「해당」으로,시연 배정을 용인시 관리 시설로 옮김(원래 꽃터교(안대지2교) — 관리주체 확인필요),② 시설 옮김
duty_assignment,ASG-000021,asset_id,BR1018-0000001,BR1992-0000904,② 시설 옮김
duty_assignment,ASG-000021,applicability,비해당,해당,② 시설 옮김
duty_assignment,ASG-000021,applicability_note,관리주체 타기관(수원국토관리사무소) — 용인시 관리 시설 아님(FMS 관리주체 · 09-24),시연 배정을 용인시 관리 시설로 옮김(원래 하고개교(상행) — 관리주체 수원국토관리사무소),② 시설 옮김
duty_assignment,ASG-000021,decided_by,G01,,② 시설 옮김
duty_assignment,ASG-000021,decided_at,2026-09-24,,② 시설 옮김
duty_assignment,ASG-000022,asset_id,BR1900-0000009,BR1993-0000845,② 시설 옮김
duty_assignment,ASG-000022,applicability,확인필요,해당,② 시설 옮김
duty_assignment,ASG-000022,applicability_note,관리주체 확인 필요(FMS 관리주체 정보 없음·추정) — 용인시 관리면 「해당」으로,시연 배정을 용인시 관리 시설로 옮김(원래 안대지천교 — 관리주체 확인필요),② 시설 옮김
duty_assignment,ASG-000024,asset_id,BR0000-0000002,BR1992-0000156,② 시설 옮김
duty_assignment,ASG-000024,applicability,확인필요,해당,② 시설 옮김
duty_assignment,ASG-000024,applicability_note,관리주체 확인 필요(FMS 관리주체 정보 없음·추정) — 용인시 관리면 「해당」으로,시연 배정을 용인시 관리 시설로 옮김(원래 꽃터교(안대지2교) — 관리주체 확인필요),② 시설 옮김
duty_assignment,ASG-000025,asset_id,BR1018-0000001,BR1992-0000904,② 시설 옮김
duty_assignment,ASG-000025,applicability,비해당,해당,② 시설 옮김
duty_assignment,ASG-000025,applicability_note,관리주체 타기관(수원국토관리사무소) — 용인시 관리 시설 아님(FMS 관리주체 · 09-24),시연 배정을 용인시 관리 시설로 옮김(원래 하고개교(상행) — 관리주체 수원국토관리사무소),② 시설 옮김
duty_assignment,ASG-000025,decided_by,G01,,② 시설 옮김
duty_assignment,ASG-000025,decided_at,2026-09-24,,② 시설 옮김
duty_assignment,ASG-000026,asset_id,BR1900-0000009,BR1993-0000845,② 시설 옮김
duty_assignment,ASG-000026,applicability,확인필요,해당,② 시설 옮김
duty_assignment,ASG-000026,applicability_note,관리주체 확인 필요(FMS 관리주체 정보 없음·추정) — 용인시 관리면 「해당」으로,시연 배정을 용인시 관리 시설로 옮김(원래 안대지천교 — 관리주체 확인필요),② 시설 옮김
duty_assignment,ASG-000028,asset_id,BR0000-0000002,BR1992-0000156,② 시설 옮김
duty_assignment,ASG-000028,applicability,확인필요,해당,② 시설 옮김
duty_assignment,ASG-000028,applicability_note,관리주체 확인 필요(FMS 관리주체 정보 없음·추정) — 용인시 관리면 「해당」으로,시연 배정을 용인시 관리 시설로 옮김(원래 꽃터교(안대지2교) — 관리주체 확인필요),② 시설 옮김
duty_assignment,ASG-000029,asset_id,BR1018-0000001,BR1992-0000904,② 시설 옮김
duty_assignment,ASG-000029,applicability,비해당,해당,② 시설 옮김
duty_assignment,ASG-000029,applicability_note,관리주체 타기관(수원국토관리사무소) — 용인시 관리 시설 아님(FMS 관리주체 · 09-24),시연 배정을 용인시 관리 시설로 옮김(원래 하고개교(상행) — 관리주체 수원국토관리사무소),② 시설 옮김
duty_assignment,ASG-000029,decided_by,G01,,② 시설 옮김
duty_assignment,ASG-000029,decided_at,2026-09-24,,② 시설 옮김
duty_assignment,ASG-000030,asset_id,BR1900-0000009,BR1993-0000845,② 시설 옮김
duty_assignment,ASG-000030,applicability,확인필요,해당,② 시설 옮김
duty_assignment,ASG-000030,applicability_note,관리주체 확인 필요(FMS 관리주체 정보 없음·추정) — 용인시 관리면 「해당」으로,시연 배정을 용인시 관리 시설로 옮김(원래 안대지천교 — 관리주체 확인필요),② 시설 옮김
duty_assignment,ASG-000034,applicability,확인필요,해당,① 관리주체 확정 — 되돌림
duty_assignment,ASG-000034,applicability_note,관리주체 확인 필요(FMS 관리주체 정보 없음·추정) — 용인시 관리면 「해당」으로,,① 관리주체 확정 — 되돌림
duty_assignment,ASG-000035,applicability,확인필요,해당,① 관리주체 확정 — 되돌림
duty_assignment,ASG-000035,applicability_note,관리주체 확인 필요(FMS 관리주체 정보 없음·추정) — 용인시 관리면 「해당」으로,,① 관리주체 확정 — 되돌림
duty_assignment,ASG-000036,applicability,확인필요,해당,① 관리주체 확정 — 되돌림
duty_assignment,ASG-000036,applicability_note,관리주체 확인 필요(FMS 관리주체 정보 없음·추정) — 용인시 관리면 「해당」으로,,① 관리주체 확정 — 되돌림
duty_assignment,ASG-000040,asset_id,AR1967-0000142,AR2004-0004612,② 시설 옮김
duty_assignment,ASG-000040,applicability,비해당,해당,② 시설 옮김
duty_assignment,ASG-000040,applicability_note,관리주체 아님(시설 판정 「제외」) — 비해당으로 닫음(09-24 결정),시연 배정을 용인시 관리 시설로 옮김(원래 고기초등학교 교사동 — 관리주체 확인필요),② 시설 옮김
duty_assignment,ASG-000040,decided_by,G01,,② 시설 옮김
duty_assignment,ASG-000040,decided_at,2026-09-24,,② 시설 옮김
duty_assignment,ASG-000041,asset_id,AR1969-0000298,AR2005-0003904,② 시설 옮김
duty_assignment,ASG-000041,applicability,비해당,해당,② 시설 옮김
duty_assignment,ASG-000041,applicability_note,관리주체 아님(시설 판정 「제외」) — 비해당으로 닫음(09-24 결정),시연 배정을 용인시 관리 시설로 옮김(원래 두창초등학교 교사1호동 — 관리주체 확인필요),② 시설 옮김
duty_assignment,ASG-000041,decided_by,G01,,② 시설 옮김
duty_assignment,ASG-000041,decided_at,2026-09-24,,② 시설 옮김
duty_assignment,ASG-000042,asset_id,AR1969-0000299,AR2005-0003905,② 시설 옮김
duty_assignment,ASG-000042,applicability,비해당,해당,② 시설 옮김
duty_assignment,ASG-000042,applicability_note,관리주체 아님(시설 판정 「제외」) — 비해당으로 닫음(09-24 결정),시연 배정을 용인시 관리 시설로 옮김(원래 백암고등학교 교사동(1호동) — 관리주체 확인필요),② 시설 옮김
duty_assignment,ASG-000042,decided_by,G01,,② 시설 옮김
duty_assignment,ASG-000042,decided_at,2026-09-24,,② 시설 옮김
duty_assignment,ASG-000046,asset_id,AR1967-0000142,AR2004-0004612,② 시설 옮김
duty_assignment,ASG-000046,applicability,비해당,해당,② 시설 옮김
duty_assignment,ASG-000046,applicability_note,관리주체 아님(시설 판정 「제외」) — 비해당으로 닫음(09-24 결정),시연 배정을 용인시 관리 시설로 옮김(원래 고기초등학교 교사동 — 관리주체 확인필요),② 시설 옮김
duty_assignment,ASG-000046,decided_by,G01,,② 시설 옮김
duty_assignment,ASG-000046,decided_at,2026-09-24,,② 시설 옮김
duty_assignment,ASG-000047,asset_id,AR1969-0000298,AR2005-0003904,② 시설 옮김
duty_assignment,ASG-000047,applicability,비해당,해당,② 시설 옮김
duty_assignment,ASG-000047,applicability_note,관리주체 아님(시설 판정 「제외」) — 비해당으로 닫음(09-24 결정),시연 배정을 용인시 관리 시설로 옮김(원래 두창초등학교 교사1호동 — 관리주체 확인필요),② 시설 옮김
duty_assignment,ASG-000047,decided_by,G01,,② 시설 옮김
duty_assignment,ASG-000047,decided_at,2026-09-24,,② 시설 옮김
duty_assignment,ASG-000048,asset_id,AR1969-0000299,AR2005-0003905,② 시설 옮김
duty_assignment,ASG-000048,applicability,비해당,해당,② 시설 옮김
duty_assignment,ASG-000048,applicability_note,관리주체 아님(시설 판정 「제외」) — 비해당으로 닫음(09-24 결정),시연 배정을 용인시 관리 시설로 옮김(원래 백암고등학교 교사동(1호동) — 관리주체 확인필요),② 시설 옮김
duty_assignment,ASG-000048,decided_by,G01,,② 시설 옮김
duty_assignment,ASG-000048,decided_at,2026-09-24,,② 시설 옮김
duty_assignment,ASG-000052,asset_id,AR1967-0000142,AR2004-0004612,② 시설 옮김
duty_assignment,ASG-000052,applicability,비해당,해당,② 시설 옮김
duty_assignment,ASG-000052,applicability_note,관리주체 아님(시설 판정 「제외」) — 비해당으로 닫음(09-24 결정),시연 배정을 용인시 관리 시설로 옮김(원래 고기초등학교 교사동 — 관리주체 확인필요),② 시설 옮김
duty_assignment,ASG-000052,decided_by,G01,,② 시설 옮김
duty_assignment,ASG-000052,decided_at,2026-09-24,,② 시설 옮김
duty_assignment,ASG-000053,asset_id,AR1969-0000298,AR2005-0003904,② 시설 옮김
duty_assignment,ASG-000053,applicability,비해당,해당,② 시설 옮김
duty_assignment,ASG-000053,applicability_note,관리주체 아님(시설 판정 「제외」) — 비해당으로 닫음(09-24 결정),시연 배정을 용인시 관리 시설로 옮김(원래 두창초등학교 교사1호동 — 관리주체 확인필요),② 시설 옮김
duty_assignment,ASG-000053,decided_by,G01,,② 시설 옮김
duty_assignment,ASG-000053,decided_at,2026-09-24,,② 시설 옮김
duty_assignment,ASG-000054,asset_id,AR1969-0000299,AR2005-0003905,② 시설 옮김
duty_assignment,ASG-000054,applicability,비해당,해당,② 시설 옮김
duty_assignment,ASG-000054,applicability_note,관리주체 아님(시설 판정 「제외」) — 비해당으로 닫음(09-24 결정),시연 배정을 용인시 관리 시설로 옮김(원래 백암고등학교 교사동(1호동) — 관리주체 확인필요),② 시설 옮김
duty_assignment,ASG-000054,decided_by,G01,,② 시설 옮김
duty_assignment,ASG-000054,decided_at,2026-09-24,,② 시설 옮김
duty_assignment,ASG-000060,asset_id,AR1967-0000142,AR2004-0004612,② 시설 옮김
duty_assignment,ASG-000060,applicability,비해당,해당,② 시설 옮김
duty_assignment,ASG-000060,applicability_note,관리주체 아님(시설 판정 「제외」) — 비해당으로 닫음(09-24 결정),시연 배정을 용인시 관리 시설로 옮김(원래 고기초등학교 교사동 — 관리주체 확인필요),② 시설 옮김
duty_assignment,ASG-000060,decided_by,G01,,② 시설 옮김
duty_assignment,ASG-000060,decided_at,2026-09-24,,② 시설 옮김
duty_assignment,ASG-000061,asset_id,AR1969-0000298,AR2005-0003904,② 시설 옮김
duty_assignment,ASG-000061,applicability,비해당,해당,② 시설 옮김
duty_assignment,ASG-000061,applicability_note,관리주체 아님(시설 판정 「제외」) — 비해당으로 닫음(09-24 결정),시연 배정을 용인시 관리 시설로 옮김(원래 두창초등학교 교사1호동 — 관리주체 확인필요),② 시설 옮김
duty_assignment,ASG-000061,decided_by,G01,,② 시설 옮김
duty_assignment,ASG-000061,decided_at,2026-09-24,,② 시설 옮김
duty_assignment,ASG-000062,asset_id,AR1969-0000299,AR2005-0003905,② 시설 옮김
duty_assignment,ASG-000062,applicability,비해당,해당,② 시설 옮김
duty_assignment,ASG-000062,applicability_note,관리주체 아님(시설 판정 「제외」) — 비해당으로 닫음(09-24 결정),시연 배정을 용인시 관리 시설로 옮김(원래 백암고등학교 교사동(1호동) — 관리주체 확인필요),② 시설 옮김
duty_assignment,ASG-000062,decided_by,G01,,② 시설 옮김
duty_assignment,ASG-000062,decided_at,2026-09-24,,② 시설 옮김
duty_assignment,ASG-000064,asset_id,AR1967-0000142,AR2004-0004612,② 시설 옮김
duty_assignment,ASG-000064,applicability,비해당,해당,② 시설 옮김
duty_assignment,ASG-000064,applicability_note,관리주체 아님(시설 판정 「제외」) — 비해당으로 닫음(09-24 결정),시연 배정을 용인시 관리 시설로 옮김(원래 고기초등학교 교사동 — 관리주체 확인필요),② 시설 옮김
duty_assignment,ASG-000064,decided_by,G01,,② 시설 옮김
duty_assignment,ASG-000064,decided_at,2026-09-24,,② 시설 옮김
duty_assignment,ASG-000065,asset_id,AR1969-0000298,AR2005-0003904,② 시설 옮김
duty_assignment,ASG-000065,applicability,비해당,해당,② 시설 옮김
duty_assignment,ASG-000065,applicability_note,관리주체 아님(시설 판정 「제외」) — 비해당으로 닫음(09-24 결정),시연 배정을 용인시 관리 시설로 옮김(원래 두창초등학교 교사1호동 — 관리주체 확인필요),② 시설 옮김
duty_assignment,ASG-000065,decided_by,G01,,② 시설 옮김
duty_assignment,ASG-000065,decided_at,2026-09-24,,② 시설 옮김
duty_assignment,ASG-000066,asset_id,AR1969-0000299,AR2005-0003905,② 시설 옮김
duty_assignment,ASG-000066,applicability,비해당,해당,② 시설 옮김
duty_assignment,ASG-000066,applicability_note,관리주체 아님(시설 판정 「제외」) — 비해당으로 닫음(09-24 결정),시연 배정을 용인시 관리 시설로 옮김(원래 백암고등학교 교사동(1호동) — 관리주체 확인필요),② 시설 옮김
duty_assignment,ASG-000066,decided_by,G01,,② 시설 옮김
duty_assignment,ASG-000066,decided_at,2026-09-24,,② 시설 옮김
duty_assignment,ASG-000072,asset_id,AR1967-0000142,AR2004-0004612,② 시설 옮김
duty_assignment,ASG-000072,applicability,비해당,해당,② 시설 옮김
duty_assignment,ASG-000072,applicability_note,관리주체 아님(시설 판정 「제외」) — 비해당으로 닫음(09-24 결정),시연 배정을 용인시 관리 시설로 옮김(원래 고기초등학교 교사동 — 관리주체 확인필요),② 시설 옮김
duty_assignment,ASG-000072,decided_by,G01,,② 시설 옮김
duty_assignment,ASG-000072,decided_at,2026-09-24,,② 시설 옮김
duty_assignment,ASG-000073,asset_id,AR1969-0000298,AR2005-0003904,② 시설 옮김
duty_assignment,ASG-000073,applicability,비해당,해당,② 시설 옮김
duty_assignment,ASG-000073,applicability_note,관리주체 아님(시설 판정 「제외」) — 비해당으로 닫음(09-24 결정),시연 배정을 용인시 관리 시설로 옮김(원래 두창초등학교 교사1호동 — 관리주체 확인필요),② 시설 옮김
duty_assignment,ASG-000073,decided_by,G01,,② 시설 옮김
duty_assignment,ASG-000073,decided_at,2026-09-24,,② 시설 옮김
duty_assignment,ASG-000074,asset_id,AR1969-0000299,AR2005-0003905,② 시설 옮김
duty_assignment,ASG-000074,applicability,비해당,해당,② 시설 옮김
duty_assignment,ASG-000074,applicability_note,관리주체 아님(시설 판정 「제외」) — 비해당으로 닫음(09-24 결정),시연 배정을 용인시 관리 시설로 옮김(원래 백암고등학교 교사동(1호동) — 관리주체 확인필요),② 시설 옮김
duty_assignment,ASG-000074,decided_by,G01,,② 시설 옮김
duty_assignment,ASG-000074,decided_at,2026-09-24,,② 시설 옮김
duty_assignment,ASG-000076,asset_id,AR1967-0000142,AR2004-0004612,② 시설 옮김
duty_assignment,ASG-000076,applicability,비해당,해당,② 시설 옮김
duty_assignment,ASG-000076,applicability_note,관리주체 아님(시설 판정 「제외」) — 비해당으로 닫음(09-24 결정),시연 배정을 용인시 관리 시설로 옮김(원래 고기초등학교 교사동 — 관리주체 확인필요),② 시설 옮김
duty_assignment,ASG-000076,decided_by,G01,,② 시설 옮김
duty_assignment,ASG-000076,decided_at,2026-09-24,,② 시설 옮김
duty_assignment,ASG-000077,asset_id,AR1969-0000298,AR2005-0003904,② 시설 옮김
duty_assignment,ASG-000077,applicability,비해당,해당,② 시설 옮김
duty_assignment,ASG-000077,applicability_note,관리주체 아님(시설 판정 「제외」) — 비해당으로 닫음(09-24 결정),시연 배정을 용인시 관리 시설로 옮김(원래 두창초등학교 교사1호동 — 관리주체 확인필요),② 시설 옮김
duty_assignment,ASG-000077,decided_by,G01,,② 시설 옮김
duty_assignment,ASG-000077,decided_at,2026-09-24,,② 시설 옮김
duty_assignment,ASG-000078,asset_id,AR1969-0000299,AR2005-0003905,② 시설 옮김
duty_assignment,ASG-000078,applicability,비해당,해당,② 시설 옮김
duty_assignment,ASG-000078,applicability_note,관리주체 아님(시설 판정 「제외」) — 비해당으로 닫음(09-24 결정),시연 배정을 용인시 관리 시설로 옮김(원래 백암고등학교 교사동(1호동) — 관리주체 확인필요),② 시설 옮김
duty_assignment,ASG-000078,decided_by,G01,,② 시설 옮김
duty_assignment,ASG-000078,decided_at,2026-09-24,,② 시설 옮김
duty_assignment,ASG-000219,asset_id,BR0000-0000002,BR1992-0000156,② 시설 옮김
duty_assignment,ASG-000219,applicability,확인필요,해당,② 시설 옮김
duty_assignment,ASG-000219,applicability_note,관리주체 확인 필요(FMS 관리주체 정보 없음·추정) — 용인시 관리면 「해당」으로,시연 배정을 용인시 관리 시설로 옮김(원래 꽃터교(안대지2교) — 관리주체 확인필요),② 시설 옮김
duty_assignment,ASG-000220,asset_id,BR1018-0000001,BR1992-0000904,② 시설 옮김
duty_assignment,ASG-000220,applicability,비해당,해당,② 시설 옮김
duty_assignment,ASG-000220,applicability_note,관리주체 타기관(수원국토관리사무소) — 용인시 관리 시설 아님(FMS 관리주체 · 09-24),시연 배정을 용인시 관리 시설로 옮김(원래 하고개교(상행) — 관리주체 수원국토관리사무소),② 시설 옮김
duty_assignment,ASG-000220,decided_by,G01,,② 시설 옮김
duty_assignment,ASG-000220,decided_at,2026-09-24,,② 시설 옮김
duty_assignment,ASG-000221,asset_id,BR1900-0000009,BR1993-0000845,② 시설 옮김
duty_assignment,ASG-000221,applicability,확인필요,해당,② 시설 옮김
duty_assignment,ASG-000221,applicability_note,관리주체 확인 필요(FMS 관리주체 정보 없음·추정) — 용인시 관리면 「해당」으로,시연 배정을 용인시 관리 시설로 옮김(원래 안대지천교 — 관리주체 확인필요),② 시설 옮김
duty_assignment,ASG-000227,asset_id,BR0000-0000002,BR1992-0000156,② 시설 옮김
duty_assignment,ASG-000227,applicability,확인필요,해당,② 시설 옮김
duty_assignment,ASG-000227,applicability_note,관리주체 확인 필요(FMS 관리주체 정보 없음·추정) — 용인시 관리면 「해당」으로,시연 배정을 용인시 관리 시설로 옮김(원래 꽃터교(안대지2교) — 관리주체 확인필요),② 시설 옮김
duty_assignment,ASG-000228,asset_id,BR1018-0000001,BR1992-0000904,② 시설 옮김
duty_assignment,ASG-000228,applicability,비해당,해당,② 시설 옮김
duty_assignment,ASG-000228,applicability_note,관리주체 타기관(수원국토관리사무소) — 용인시 관리 시설 아님(FMS 관리주체 · 09-24),시연 배정을 용인시 관리 시설로 옮김(원래 하고개교(상행) — 관리주체 수원국토관리사무소),② 시설 옮김
duty_assignment,ASG-000228,decided_by,G01,,② 시설 옮김
duty_assignment,ASG-000228,decided_at,2026-09-24,,② 시설 옮김
duty_assignment,ASG-000229,asset_id,BR1900-0000009,BR1993-0000845,② 시설 옮김
duty_assignment,ASG-000229,applicability,확인필요,해당,② 시설 옮김
duty_assignment,ASG-000229,applicability_note,관리주체 확인 필요(FMS 관리주체 정보 없음·추정) — 용인시 관리면 「해당」으로,시연 배정을 용인시 관리 시설로 옮김(원래 안대지천교 — 관리주체 확인필요),② 시설 옮김
duty_assignment,ASG-000231,asset_id,BR0000-0000002,BR1992-0000156,② 시설 옮김
duty_assignment,ASG-000231,applicability,확인필요,해당,② 시설 옮김
duty_assignment,ASG-000231,applicability_note,관리주체 확인 필요(FMS 관리주체 정보 없음·추정) — 용인시 관리면 「해당」으로,시연 배정을 용인시 관리 시설로 옮김(원래 꽃터교(안대지2교) — 관리주체 확인필요),② 시설 옮김
duty_assignment,ASG-000232,asset_id,BR1018-0000001,BR1992-0000904,② 시설 옮김
duty_assignment,ASG-000232,applicability,비해당,해당,② 시설 옮김
duty_assignment,ASG-000232,applicability_note,관리주체 타기관(수원국토관리사무소) — 용인시 관리 시설 아님(FMS 관리주체 · 09-24),시연 배정을 용인시 관리 시설로 옮김(원래 하고개교(상행) — 관리주체 수원국토관리사무소),② 시설 옮김
duty_assignment,ASG-000232,decided_by,G01,,② 시설 옮김
duty_assignment,ASG-000232,decided_at,2026-09-24,,② 시설 옮김
duty_assignment,ASG-000233,asset_id,BR1900-0000009,BR1993-0000845,② 시설 옮김
duty_assignment,ASG-000233,applicability,확인필요,해당,② 시설 옮김
duty_assignment,ASG-000233,applicability_note,관리주체 확인 필요(FMS 관리주체 정보 없음·추정) — 용인시 관리면 「해당」으로,시연 배정을 용인시 관리 시설로 옮김(원래 안대지천교 — 관리주체 확인필요),② 시설 옮김
duty_assignment,ASG-000235,asset_id,BR0000-0000002,BR1992-0000156,② 시설 옮김
duty_assignment,ASG-000235,applicability,확인필요,해당,② 시설 옮김
duty_assignment,ASG-000235,applicability_note,관리주체 확인 필요(FMS 관리주체 정보 없음·추정) — 용인시 관리면 「해당」으로,시연 배정을 용인시 관리 시설로 옮김(원래 꽃터교(안대지2교) — 관리주체 확인필요),② 시설 옮김
duty_assignment,ASG-000236,asset_id,BR1018-0000001,BR1992-0000904,② 시설 옮김
duty_assignment,ASG-000236,applicability,비해당,해당,② 시설 옮김
duty_assignment,ASG-000236,applicability_note,관리주체 타기관(수원국토관리사무소) — 용인시 관리 시설 아님(FMS 관리주체 · 09-24),시연 배정을 용인시 관리 시설로 옮김(원래 하고개교(상행) — 관리주체 수원국토관리사무소),② 시설 옮김
duty_assignment,ASG-000236,decided_by,G01,,② 시설 옮김
duty_assignment,ASG-000236,decided_at,2026-09-24,,② 시설 옮김
duty_assignment,ASG-000237,asset_id,BR1900-0000009,BR1993-0000845,② 시설 옮김
duty_assignment,ASG-000237,applicability,확인필요,해당,② 시설 옮김
duty_assignment,ASG-000237,applicability_note,관리주체 확인 필요(FMS 관리주체 정보 없음·추정) — 용인시 관리면 「해당」으로,시연 배정을 용인시 관리 시설로 옮김(원래 안대지천교 — 관리주체 확인필요),② 시설 옮김
duty_assignment,ASG-000239,asset_id,BR0000-0000002,BR1992-0000156,② 시설 옮김
duty_assignment,ASG-000239,applicability,확인필요,해당,② 시설 옮김
duty_assignment,ASG-000239,applicability_note,관리주체 확인 필요(FMS 관리주체 정보 없음·추정) — 용인시 관리면 「해당」으로,시연 배정을 용인시 관리 시설로 옮김(원래 꽃터교(안대지2교) — 관리주체 확인필요),② 시설 옮김
duty_assignment,ASG-000240,asset_id,BR1018-0000001,BR1992-0000904,② 시설 옮김
duty_assignment,ASG-000240,applicability,비해당,해당,② 시설 옮김
duty_assignment,ASG-000240,applicability_note,관리주체 타기관(수원국토관리사무소) — 용인시 관리 시설 아님(FMS 관리주체 · 09-24),시연 배정을 용인시 관리 시설로 옮김(원래 하고개교(상행) — 관리주체 수원국토관리사무소),② 시설 옮김
duty_assignment,ASG-000240,decided_by,G01,,② 시설 옮김
duty_assignment,ASG-000240,decided_at,2026-09-24,,② 시설 옮김
duty_assignment,ASG-000241,asset_id,BR1900-0000009,BR1993-0000845,② 시설 옮김
duty_assignment,ASG-000241,applicability,확인필요,해당,② 시설 옮김
duty_assignment,ASG-000241,applicability_note,관리주체 확인 필요(FMS 관리주체 정보 없음·추정) — 용인시 관리면 「해당」으로,시연 배정을 용인시 관리 시설로 옮김(원래 안대지천교 — 관리주체 확인필요),② 시설 옮김
duty_assignment,ASG-000243,asset_id,BR0000-0000002,BR1992-0000156,② 시설 옮김
duty_assignment,ASG-000243,applicability,확인필요,해당,② 시설 옮김
duty_assignment,ASG-000243,applicability_note,관리주체 확인 필요(FMS 관리주체 정보 없음·추정) — 용인시 관리면 「해당」으로,시연 배정을 용인시 관리 시설로 옮김(원래 꽃터교(안대지2교) — 관리주체 확인필요),② 시설 옮김
duty_assignment,ASG-000244,asset_id,BR1018-0000001,BR1992-0000904,② 시설 옮김
duty_assignment,ASG-000244,applicability,비해당,해당,② 시설 옮김
duty_assignment,ASG-000244,applicability_note,관리주체 타기관(수원국토관리사무소) — 용인시 관리 시설 아님(FMS 관리주체 · 09-24),시연 배정을 용인시 관리 시설로 옮김(원래 하고개교(상행) — 관리주체 수원국토관리사무소),② 시설 옮김
duty_assignment,ASG-000244,decided_by,G01,,② 시설 옮김
duty_assignment,ASG-000244,decided_at,2026-09-24,,② 시설 옮김
duty_assignment,ASG-000245,asset_id,BR1900-0000009,BR1993-0000845,② 시설 옮김
duty_assignment,ASG-000245,applicability,확인필요,해당,② 시설 옮김
duty_assignment,ASG-000245,applicability_note,관리주체 확인 필요(FMS 관리주체 정보 없음·추정) — 용인시 관리면 「해당」으로,시연 배정을 용인시 관리 시설로 옮김(원래 안대지천교 — 관리주체 확인필요),② 시설 옮김
duty_assignment,ASG-000247,asset_id,BR0000-0000002,BR1992-0000156,② 시설 옮김
duty_assignment,ASG-000247,applicability,확인필요,해당,② 시설 옮김
duty_assignment,ASG-000247,applicability_note,관리주체 확인 필요(FMS 관리주체 정보 없음·추정) — 용인시 관리면 「해당」으로,시연 배정을 용인시 관리 시설로 옮김(원래 꽃터교(안대지2교) — 관리주체 확인필요),② 시설 옮김
duty_assignment,ASG-000248,asset_id,BR1018-0000001,BR1992-0000904,② 시설 옮김
duty_assignment,ASG-000248,applicability,비해당,해당,② 시설 옮김
duty_assignment,ASG-000248,applicability_note,관리주체 타기관(수원국토관리사무소) — 용인시 관리 시설 아님(FMS 관리주체 · 09-24),시연 배정을 용인시 관리 시설로 옮김(원래 하고개교(상행) — 관리주체 수원국토관리사무소),② 시설 옮김
duty_assignment,ASG-000248,decided_by,G01,,② 시설 옮김
duty_assignment,ASG-000248,decided_at,2026-09-24,,② 시설 옮김
duty_assignment,ASG-000249,asset_id,BR1900-0000009,BR1993-0000845,② 시설 옮김
duty_assignment,ASG-000249,applicability,확인필요,해당,② 시설 옮김
duty_assignment,ASG-000249,applicability_note,관리주체 확인 필요(FMS 관리주체 정보 없음·추정) — 용인시 관리면 「해당」으로,시연 배정을 용인시 관리 시설로 옮김(원래 안대지천교 — 관리주체 확인필요),② 시설 옮김
duty_assignment,ASG-000251,asset_id,BR0000-0000002,BR1992-0000156,② 시설 옮김
duty_assignment,ASG-000251,applicability,확인필요,해당,② 시설 옮김
duty_assignment,ASG-000251,applicability_note,관리주체 확인 필요(FMS 관리주체 정보 없음·추정) — 용인시 관리면 「해당」으로,시연 배정을 용인시 관리 시설로 옮김(원래 꽃터교(안대지2교) — 관리주체 확인필요),② 시설 옮김
duty_assignment,ASG-000252,asset_id,BR1018-0000001,BR1992-0000904,② 시설 옮김
duty_assignment,ASG-000252,applicability,비해당,해당,② 시설 옮김
duty_assignment,ASG-000252,applicability_note,관리주체 타기관(수원국토관리사무소) — 용인시 관리 시설 아님(FMS 관리주체 · 09-24),시연 배정을 용인시 관리 시설로 옮김(원래 하고개교(상행) — 관리주체 수원국토관리사무소),② 시설 옮김
duty_assignment,ASG-000252,decided_by,G01,,② 시설 옮김
duty_assignment,ASG-000252,decided_at,2026-09-24,,② 시설 옮김
duty_assignment,ASG-000253,asset_id,BR1900-0000009,BR1993-0000845,② 시설 옮김
duty_assignment,ASG-000253,applicability,확인필요,해당,② 시설 옮김
duty_assignment,ASG-000253,applicability_note,관리주체 확인 필요(FMS 관리주체 정보 없음·추정) — 용인시 관리면 「해당」으로,시연 배정을 용인시 관리 시설로 옮김(원래 안대지천교 — 관리주체 확인필요),② 시설 옮김
duty_assignment,ASG-000255,asset_id,BR0000-0000002,BR1992-0000156,② 시설 옮김
duty_assignment,ASG-000255,applicability,확인필요,해당,② 시설 옮김
duty_assignment,ASG-000255,applicability_note,관리주체 확인 필요(FMS 관리주체 정보 없음·추정) — 용인시 관리면 「해당」으로,시연 배정을 용인시 관리 시설로 옮김(원래 꽃터교(안대지2교) — 관리주체 확인필요),② 시설 옮김
duty_assignment,ASG-000256,asset_id,BR1018-0000001,BR1992-0000904,② 시설 옮김
duty_assignment,ASG-000256,applicability,비해당,해당,② 시설 옮김
duty_assignment,ASG-000256,applicability_note,관리주체 타기관(수원국토관리사무소) — 용인시 관리 시설 아님(FMS 관리주체 · 09-24),시연 배정을 용인시 관리 시설로 옮김(원래 하고개교(상행) — 관리주체 수원국토관리사무소),② 시설 옮김
duty_assignment,ASG-000256,decided_by,G01,,② 시설 옮김
duty_assignment,ASG-000256,decided_at,2026-09-24,,② 시설 옮김
duty_assignment,ASG-000257,asset_id,BR1900-0000009,BR1993-0000845,② 시설 옮김
duty_assignment,ASG-000257,applicability,확인필요,해당,② 시설 옮김
duty_assignment,ASG-000257,applicability_note,관리주체 확인 필요(FMS 관리주체 정보 없음·추정) — 용인시 관리면 「해당」으로,시연 배정을 용인시 관리 시설로 옮김(원래 안대지천교 — 관리주체 확인필요),② 시설 옮김
duty_assignment,ASG-000259,asset_id,BR0000-0000002,BR1992-0000156,② 시설 옮김
duty_assignment,ASG-000259,applicability,확인필요,해당,② 시설 옮김
duty_assignment,ASG-000259,applicability_note,관리주체 확인 필요(FMS 관리주체 정보 없음·추정) — 용인시 관리면 「해당」으로,시연 배정을 용인시 관리 시설로 옮김(원래 꽃터교(안대지2교) — 관리주체 확인필요),② 시설 옮김
duty_assignment,ASG-000260,asset_id,BR1018-0000001,BR1992-0000904,② 시설 옮김
duty_assignment,ASG-000260,applicability,비해당,해당,② 시설 옮김
duty_assignment,ASG-000260,applicability_note,관리주체 타기관(수원국토관리사무소) — 용인시 관리 시설 아님(FMS 관리주체 · 09-24),시연 배정을 용인시 관리 시설로 옮김(원래 하고개교(상행) — 관리주체 수원국토관리사무소),② 시설 옮김
duty_assignment,ASG-000260,decided_by,G01,,② 시설 옮김
duty_assignment,ASG-000260,decided_at,2026-09-24,,② 시설 옮김
duty_assignment,ASG-000261,asset_id,BR1900-0000009,BR1993-0000845,② 시설 옮김
duty_assignment,ASG-000261,applicability,확인필요,해당,② 시설 옮김
duty_assignment,ASG-000261,applicability_note,관리주체 확인 필요(FMS 관리주체 정보 없음·추정) — 용인시 관리면 「해당」으로,시연 배정을 용인시 관리 시설로 옮김(원래 안대지천교 — 관리주체 확인필요),② 시설 옮김
duty_assignment,ASG-000263,asset_id,BR0000-0000002,BR1992-0000156,② 시설 옮김
duty_assignment,ASG-000263,applicability,확인필요,해당,② 시설 옮김
duty_assignment,ASG-000263,applicability_note,관리주체 확인 필요(FMS 관리주체 정보 없음·추정) — 용인시 관리면 「해당」으로,시연 배정을 용인시 관리 시설로 옮김(원래 꽃터교(안대지2교) — 관리주체 확인필요),② 시설 옮김
duty_assignment,ASG-000264,asset_id,BR1018-0000001,BR1992-0000904,② 시설 옮김
duty_assignment,ASG-000264,applicability,비해당,해당,② 시설 옮김
duty_assignment,ASG-000264,applicability_note,관리주체 타기관(수원국토관리사무소) — 용인시 관리 시설 아님(FMS 관리주체 · 09-24),시연 배정을 용인시 관리 시설로 옮김(원래 하고개교(상행) — 관리주체 수원국토관리사무소),② 시설 옮김
duty_assignment,ASG-000264,decided_by,G01,,② 시설 옮김
duty_assignment,ASG-000264,decided_at,2026-09-24,,② 시설 옮김
duty_assignment,ASG-000265,asset_id,BR1900-0000009,BR1993-0000845,② 시설 옮김
duty_assignment,ASG-000265,applicability,확인필요,해당,② 시설 옮김
duty_assignment,ASG-000265,applicability_note,관리주체 확인 필요(FMS 관리주체 정보 없음·추정) — 용인시 관리면 「해당」으로,시연 배정을 용인시 관리 시설로 옮김(원래 안대지천교 — 관리주체 확인필요),② 시설 옮김
duty_assignment,ASG-000267,asset_id,BR0000-0000002,BR1992-0000156,② 시설 옮김
duty_assignment,ASG-000267,applicability,확인필요,해당,② 시설 옮김
duty_assignment,ASG-000267,applicability_note,관리주체 확인 필요(FMS 관리주체 정보 없음·추정) — 용인시 관리면 「해당」으로,시연 배정을 용인시 관리 시설로 옮김(원래 꽃터교(안대지2교) — 관리주체 확인필요),② 시설 옮김
duty_assignment,ASG-000268,asset_id,BR1018-0000001,BR1992-0000904,② 시설 옮김
duty_assignment,ASG-000268,applicability,비해당,해당,② 시설 옮김
duty_assignment,ASG-000268,applicability_note,관리주체 타기관(수원국토관리사무소) — 용인시 관리 시설 아님(FMS 관리주체 · 09-24),시연 배정을 용인시 관리 시설로 옮김(원래 하고개교(상행) — 관리주체 수원국토관리사무소),② 시설 옮김
duty_assignment,ASG-000268,decided_by,G01,,② 시설 옮김
duty_assignment,ASG-000268,decided_at,2026-09-24,,② 시설 옮김
duty_assignment,ASG-000269,asset_id,BR1900-0000009,BR1993-0000845,② 시설 옮김
duty_assignment,ASG-000269,applicability,확인필요,해당,② 시설 옮김
duty_assignment,ASG-000269,applicability_note,관리주체 확인 필요(FMS 관리주체 정보 없음·추정) — 용인시 관리면 「해당」으로,시연 배정을 용인시 관리 시설로 옮김(원래 안대지천교 — 관리주체 확인필요),② 시설 옮김
duty_assignment,ASG-000271,asset_id,BR0000-0000002,BR1992-0000156,② 시설 옮김
duty_assignment,ASG-000271,applicability,확인필요,해당,② 시설 옮김
duty_assignment,ASG-000271,applicability_note,관리주체 확인 필요(FMS 관리주체 정보 없음·추정) — 용인시 관리면 「해당」으로,시연 배정을 용인시 관리 시설로 옮김(원래 꽃터교(안대지2교) — 관리주체 확인필요),② 시설 옮김
duty_assignment,ASG-000272,asset_id,BR1018-0000001,BR1992-0000904,② 시설 옮김
duty_assignment,ASG-000272,applicability,비해당,해당,② 시설 옮김
duty_assignment,ASG-000272,applicability_note,관리주체 타기관(수원국토관리사무소) — 용인시 관리 시설 아님(FMS 관리주체 · 09-24),시연 배정을 용인시 관리 시설로 옮김(원래 하고개교(상행) — 관리주체 수원국토관리사무소),② 시설 옮김
duty_assignment,ASG-000272,decided_by,G01,,② 시설 옮김
duty_assignment,ASG-000272,decided_at,2026-09-24,,② 시설 옮김
duty_assignment,ASG-000273,asset_id,BR1900-0000009,BR1993-0000845,② 시설 옮김
duty_assignment,ASG-000273,applicability,확인필요,해당,② 시설 옮김
duty_assignment,ASG-000273,applicability_note,관리주체 확인 필요(FMS 관리주체 정보 없음·추정) — 용인시 관리면 「해당」으로,시연 배정을 용인시 관리 시설로 옮김(원래 안대지천교 — 관리주체 확인필요),② 시설 옮김
duty_assignment,ASG-000275,asset_id,BR0000-0000002,BR1992-0000156,② 시설 옮김
duty_assignment,ASG-000275,applicability,확인필요,해당,② 시설 옮김
duty_assignment,ASG-000275,applicability_note,관리주체 확인 필요(FMS 관리주체 정보 없음·추정) — 용인시 관리면 「해당」으로,시연 배정을 용인시 관리 시설로 옮김(원래 꽃터교(안대지2교) — 관리주체 확인필요),② 시설 옮김
duty_assignment,ASG-000276,asset_id,BR1018-0000001,BR1992-0000904,② 시설 옮김
duty_assignment,ASG-000276,applicability,비해당,해당,② 시설 옮김
duty_assignment,ASG-000276,applicability_note,관리주체 타기관(수원국토관리사무소) — 용인시 관리 시설 아님(FMS 관리주체 · 09-24),시연 배정을 용인시 관리 시설로 옮김(원래 하고개교(상행) — 관리주체 수원국토관리사무소),② 시설 옮김
duty_assignment,ASG-000276,decided_by,G01,,② 시설 옮김
duty_assignment,ASG-000276,decided_at,2026-09-24,,② 시설 옮김
duty_assignment,ASG-000277,asset_id,BR1900-0000009,BR1993-0000845,② 시설 옮김
duty_assignment,ASG-000277,applicability,확인필요,해당,② 시설 옮김
duty_assignment,ASG-000277,applicability_note,관리주체 확인 필요(FMS 관리주체 정보 없음·추정) — 용인시 관리면 「해당」으로,시연 배정을 용인시 관리 시설로 옮김(원래 안대지천교 — 관리주체 확인필요),② 시설 옮김
duty_assignment,ASG-000279,asset_id,BR0000-0000002,BR1992-0000156,② 시설 옮김
duty_assignment,ASG-000279,applicability,확인필요,해당,② 시설 옮김
duty_assignment,ASG-000279,applicability_note,관리주체 확인 필요(FMS 관리주체 정보 없음·추정) — 용인시 관리면 「해당」으로,시연 배정을 용인시 관리 시설로 옮김(원래 꽃터교(안대지2교) — 관리주체 확인필요),② 시설 옮김
duty_assignment,ASG-000280,asset_id,BR1018-0000001,BR1992-0000904,② 시설 옮김
duty_assignment,ASG-000280,applicability,비해당,해당,② 시설 옮김
duty_assignment,ASG-000280,applicability_note,관리주체 타기관(수원국토관리사무소) — 용인시 관리 시설 아님(FMS 관리주체 · 09-24),시연 배정을 용인시 관리 시설로 옮김(원래 하고개교(상행) — 관리주체 수원국토관리사무소),② 시설 옮김
duty_assignment,ASG-000280,decided_by,G01,,② 시설 옮김
duty_assignment,ASG-000280,decided_at,2026-09-24,,② 시설 옮김
duty_assignment,ASG-000281,asset_id,BR1900-0000009,BR1993-0000845,② 시설 옮김
duty_assignment,ASG-000281,applicability,확인필요,해당,② 시설 옮김
duty_assignment,ASG-000281,applicability_note,관리주체 확인 필요(FMS 관리주체 정보 없음·추정) — 용인시 관리면 「해당」으로,시연 배정을 용인시 관리 시설로 옮김(원래 안대지천교 — 관리주체 확인필요),② 시설 옮김
duty_assignment,ASG-000283,asset_id,BR0000-0000002,BR1992-0000156,② 시설 옮김
duty_assignment,ASG-000283,applicability,확인필요,해당,② 시설 옮김
duty_assignment,ASG-000283,applicability_note,관리주체 확인 필요(FMS 관리주체 정보 없음·추정) — 용인시 관리면 「해당」으로,시연 배정을 용인시 관리 시설로 옮김(원래 꽃터교(안대지2교) — 관리주체 확인필요),② 시설 옮김
duty_assignment,ASG-000284,asset_id,BR1018-0000001,BR1992-0000904,② 시설 옮김
duty_assignment,ASG-000284,applicability,비해당,해당,② 시설 옮김
duty_assignment,ASG-000284,applicability_note,관리주체 타기관(수원국토관리사무소) — 용인시 관리 시설 아님(FMS 관리주체 · 09-24),시연 배정을 용인시 관리 시설로 옮김(원래 하고개교(상행) — 관리주체 수원국토관리사무소),② 시설 옮김
duty_assignment,ASG-000284,decided_by,G01,,② 시설 옮김
duty_assignment,ASG-000284,decided_at,2026-09-24,,② 시설 옮김
duty_assignment,ASG-000285,asset_id,BR1900-0000009,BR1993-0000845,② 시설 옮김
duty_assignment,ASG-000285,applicability,확인필요,해당,② 시설 옮김
duty_assignment,ASG-000285,applicability_note,관리주체 확인 필요(FMS 관리주체 정보 없음·추정) — 용인시 관리면 「해당」으로,시연 배정을 용인시 관리 시설로 옮김(원래 안대지천교 — 관리주체 확인필요),② 시설 옮김
duty_assignment,ASG-000287,asset_id,BR0000-0000002,BR1992-0000156,② 시설 옮김
duty_assignment,ASG-000287,applicability,확인필요,해당,② 시설 옮김
duty_assignment,ASG-000287,applicability_note,관리주체 확인 필요(FMS 관리주체 정보 없음·추정) — 용인시 관리면 「해당」으로,시연 배정을 용인시 관리 시설로 옮김(원래 꽃터교(안대지2교) — 관리주체 확인필요),② 시설 옮김
duty_assignment,ASG-000288,asset_id,BR1018-0000001,BR1992-0000904,② 시설 옮김
duty_assignment,ASG-000288,applicability,비해당,해당,② 시설 옮김
duty_assignment,ASG-000288,applicability_note,관리주체 타기관(수원국토관리사무소) — 용인시 관리 시설 아님(FMS 관리주체 · 09-24),시연 배정을 용인시 관리 시설로 옮김(원래 하고개교(상행) — 관리주체 수원국토관리사무소),② 시설 옮김
duty_assignment,ASG-000288,decided_by,G01,,② 시설 옮김
duty_assignment,ASG-000288,decided_at,2026-09-24,,② 시설 옮김
duty_assignment,ASG-000289,asset_id,BR1900-0000009,BR1993-0000845,② 시설 옮김
duty_assignment,ASG-000289,applicability,확인필요,해당,② 시설 옮김
duty_assignment,ASG-000289,applicability_note,관리주체 확인 필요(FMS 관리주체 정보 없음·추정) — 용인시 관리면 「해당」으로,시연 배정을 용인시 관리 시설로 옮김(원래 안대지천교 — 관리주체 확인필요),② 시설 옮김
duty_assignment,ASG-000291,asset_id,BR0000-0000002,BR1992-0000156,② 시설 옮김
duty_assignment,ASG-000291,applicability,확인필요,해당,② 시설 옮김
duty_assignment,ASG-000291,applicability_note,관리주체 확인 필요(FMS 관리주체 정보 없음·추정) — 용인시 관리면 「해당」으로,시연 배정을 용인시 관리 시설로 옮김(원래 꽃터교(안대지2교) — 관리주체 확인필요),② 시설 옮김
duty_assignment,ASG-000292,asset_id,BR1018-0000001,BR1992-0000904,② 시설 옮김
duty_assignment,ASG-000292,applicability,비해당,해당,② 시설 옮김
duty_assignment,ASG-000292,applicability_note,관리주체 타기관(수원국토관리사무소) — 용인시 관리 시설 아님(FMS 관리주체 · 09-24),시연 배정을 용인시 관리 시설로 옮김(원래 하고개교(상행) — 관리주체 수원국토관리사무소),② 시설 옮김
duty_assignment,ASG-000292,decided_by,G01,,② 시설 옮김
duty_assignment,ASG-000292,decided_at,2026-09-24,,② 시설 옮김
duty_assignment,ASG-000293,asset_id,BR1900-0000009,BR1993-0000845,② 시설 옮김
duty_assignment,ASG-000293,applicability,확인필요,해당,② 시설 옮김
duty_assignment,ASG-000293,applicability_note,관리주체 확인 필요(FMS 관리주체 정보 없음·추정) — 용인시 관리면 「해당」으로,시연 배정을 용인시 관리 시설로 옮김(원래 안대지천교 — 관리주체 확인필요),② 시설 옮김
duty_assignment,ASG-000295,asset_id,BR0000-0000002,BR1992-0000156,② 시설 옮김
duty_assignment,ASG-000295,applicability,확인필요,해당,② 시설 옮김
duty_assignment,ASG-000295,applicability_note,관리주체 확인 필요(FMS 관리주체 정보 없음·추정) — 용인시 관리면 「해당」으로,시연 배정을 용인시 관리 시설로 옮김(원래 꽃터교(안대지2교) — 관리주체 확인필요),② 시설 옮김
duty_assignment,ASG-000296,asset_id,BR1018-0000001,BR1992-0000904,② 시설 옮김
duty_assignment,ASG-000296,applicability,비해당,해당,② 시설 옮김
duty_assignment,ASG-000296,applicability_note,관리주체 타기관(수원국토관리사무소) — 용인시 관리 시설 아님(FMS 관리주체 · 09-24),시연 배정을 용인시 관리 시설로 옮김(원래 하고개교(상행) — 관리주체 수원국토관리사무소),② 시설 옮김
duty_assignment,ASG-000296,decided_by,G01,,② 시설 옮김
duty_assignment,ASG-000296,decided_at,2026-09-24,,② 시설 옮김
duty_assignment,ASG-000297,asset_id,BR1900-0000009,BR1993-0000845,② 시설 옮김
duty_assignment,ASG-000297,applicability,확인필요,해당,② 시설 옮김
duty_assignment,ASG-000297,applicability_note,관리주체 확인 필요(FMS 관리주체 정보 없음·추정) — 용인시 관리면 「해당」으로,시연 배정을 용인시 관리 시설로 옮김(원래 안대지천교 — 관리주체 확인필요),② 시설 옮김
duty_assignment,ASG-000299,asset_id,BR0000-0000002,BR1992-0000156,② 시설 옮김
duty_assignment,ASG-000299,applicability,확인필요,해당,② 시설 옮김
duty_assignment,ASG-000299,applicability_note,관리주체 확인 필요(FMS 관리주체 정보 없음·추정) — 용인시 관리면 「해당」으로,시연 배정을 용인시 관리 시설로 옮김(원래 꽃터교(안대지2교) — 관리주체 확인필요),② 시설 옮김
duty_assignment,ASG-000300,asset_id,BR1018-0000001,BR1992-0000904,② 시설 옮김
duty_assignment,ASG-000300,applicability,비해당,해당,② 시설 옮김
duty_assignment,ASG-000300,applicability_note,관리주체 타기관(수원국토관리사무소) — 용인시 관리 시설 아님(FMS 관리주체 · 09-24),시연 배정을 용인시 관리 시설로 옮김(원래 하고개교(상행) — 관리주체 수원국토관리사무소),② 시설 옮김
duty_assignment,ASG-000300,decided_by,G01,,② 시설 옮김
duty_assignment,ASG-000300,decided_at,2026-09-24,,② 시설 옮김
duty_assignment,ASG-000301,asset_id,BR1900-0000009,BR1993-0000845,② 시설 옮김
duty_assignment,ASG-000301,applicability,확인필요,해당,② 시설 옮김
duty_assignment,ASG-000301,applicability_note,관리주체 확인 필요(FMS 관리주체 정보 없음·추정) — 용인시 관리면 「해당」으로,시연 배정을 용인시 관리 시설로 옮김(원래 안대지천교 — 관리주체 확인필요),② 시설 옮김
duty_assignment,ASG-000303,asset_id,BR0000-0000002,BR1992-0000156,② 시설 옮김
duty_assignment,ASG-000303,applicability,확인필요,해당,② 시설 옮김
duty_assignment,ASG-000303,applicability_note,관리주체 확인 필요(FMS 관리주체 정보 없음·추정) — 용인시 관리면 「해당」으로,시연 배정을 용인시 관리 시설로 옮김(원래 꽃터교(안대지2교) — 관리주체 확인필요),② 시설 옮김
duty_assignment,ASG-000304,asset_id,BR1018-0000001,BR1992-0000904,② 시설 옮김
duty_assignment,ASG-000304,applicability,비해당,해당,② 시설 옮김
duty_assignment,ASG-000304,applicability_note,관리주체 타기관(수원국토관리사무소) — 용인시 관리 시설 아님(FMS 관리주체 · 09-24),시연 배정을 용인시 관리 시설로 옮김(원래 하고개교(상행) — 관리주체 수원국토관리사무소),② 시설 옮김
duty_assignment,ASG-000304,decided_by,G01,,② 시설 옮김
duty_assignment,ASG-000304,decided_at,2026-09-24,,② 시설 옮김
duty_assignment,ASG-000305,asset_id,BR1900-0000009,BR1993-0000845,② 시설 옮김
duty_assignment,ASG-000305,applicability,확인필요,해당,② 시설 옮김
duty_assignment,ASG-000305,applicability_note,관리주체 확인 필요(FMS 관리주체 정보 없음·추정) — 용인시 관리면 「해당」으로,시연 배정을 용인시 관리 시설로 옮김(원래 안대지천교 — 관리주체 확인필요),② 시설 옮김
duty_assignment,ASG-000307,asset_id,BR0000-0000002,BR1992-0000156,② 시설 옮김
duty_assignment,ASG-000307,applicability,확인필요,해당,② 시설 옮김
duty_assignment,ASG-000307,applicability_note,관리주체 확인 필요(FMS 관리주체 정보 없음·추정) — 용인시 관리면 「해당」으로,시연 배정을 용인시 관리 시설로 옮김(원래 꽃터교(안대지2교) — 관리주체 확인필요),② 시설 옮김
duty_assignment,ASG-000308,asset_id,BR1018-0000001,BR1992-0000904,② 시설 옮김
duty_assignment,ASG-000308,applicability,비해당,해당,② 시설 옮김
duty_assignment,ASG-000308,applicability_note,관리주체 타기관(수원국토관리사무소) — 용인시 관리 시설 아님(FMS 관리주체 · 09-24),시연 배정을 용인시 관리 시설로 옮김(원래 하고개교(상행) — 관리주체 수원국토관리사무소),② 시설 옮김
duty_assignment,ASG-000308,decided_by,G01,,② 시설 옮김
duty_assignment,ASG-000308,decided_at,2026-09-24,,② 시설 옮김
duty_assignment,ASG-000309,asset_id,BR1900-0000009,BR1993-0000845,② 시설 옮김
duty_assignment,ASG-000309,applicability,확인필요,해당,② 시설 옮김
duty_assignment,ASG-000309,applicability_note,관리주체 확인 필요(FMS 관리주체 정보 없음·추정) — 용인시 관리면 「해당」으로,시연 배정을 용인시 관리 시설로 옮김(원래 안대지천교 — 관리주체 확인필요),② 시설 옮김
duty_assignment,ASG-000311,asset_id,BR0000-0000002,BR1992-0000156,② 시설 옮김
duty_assignment,ASG-000311,applicability,확인필요,해당,② 시설 옮김
duty_assignment,ASG-000311,applicability_note,관리주체 확인 필요(FMS 관리주체 정보 없음·추정) — 용인시 관리면 「해당」으로,시연 배정을 용인시 관리 시설로 옮김(원래 꽃터교(안대지2교) — 관리주체 확인필요),② 시설 옮김
duty_assignment,ASG-000312,asset_id,BR1018-0000001,BR1992-0000904,② 시설 옮김
duty_assignment,ASG-000312,applicability,비해당,해당,② 시설 옮김
duty_assignment,ASG-000312,applicability_note,관리주체 타기관(수원국토관리사무소) — 용인시 관리 시설 아님(FMS 관리주체 · 09-24),시연 배정을 용인시 관리 시설로 옮김(원래 하고개교(상행) — 관리주체 수원국토관리사무소),② 시설 옮김
duty_assignment,ASG-000312,decided_by,G01,,② 시설 옮김
duty_assignment,ASG-000312,decided_at,2026-09-24,,② 시설 옮김
duty_assignment,ASG-000313,asset_id,BR1900-0000009,BR1993-0000845,② 시설 옮김
duty_assignment,ASG-000313,applicability,확인필요,해당,② 시설 옮김
duty_assignment,ASG-000313,applicability_note,관리주체 확인 필요(FMS 관리주체 정보 없음·추정) — 용인시 관리면 「해당」으로,시연 배정을 용인시 관리 시설로 옮김(원래 안대지천교 — 관리주체 확인필요),② 시설 옮김
duty_assignment,ASG-000315,asset_id,BR0000-0000002,BR1992-0000156,② 시설 옮김
duty_assignment,ASG-000315,applicability,확인필요,해당,② 시설 옮김
duty_assignment,ASG-000315,applicability_note,관리주체 확인 필요(FMS 관리주체 정보 없음·추정) — 용인시 관리면 「해당」으로,시연 배정을 용인시 관리 시설로 옮김(원래 꽃터교(안대지2교) — 관리주체 확인필요),② 시설 옮김
duty_assignment,ASG-000316,asset_id,BR1018-0000001,BR1992-0000904,② 시설 옮김
duty_assignment,ASG-000316,applicability,비해당,해당,② 시설 옮김
duty_assignment,ASG-000316,applicability_note,관리주체 타기관(수원국토관리사무소) — 용인시 관리 시설 아님(FMS 관리주체 · 09-24),시연 배정을 용인시 관리 시설로 옮김(원래 하고개교(상행) — 관리주체 수원국토관리사무소),② 시설 옮김
duty_assignment,ASG-000316,decided_by,G01,,② 시설 옮김
duty_assignment,ASG-000316,decided_at,2026-09-24,,② 시설 옮김
duty_assignment,ASG-000317,asset_id,BR1900-0000009,BR1993-0000845,② 시설 옮김
duty_assignment,ASG-000317,applicability,확인필요,해당,② 시설 옮김
duty_assignment,ASG-000317,applicability_note,관리주체 확인 필요(FMS 관리주체 정보 없음·추정) — 용인시 관리면 「해당」으로,시연 배정을 용인시 관리 시설로 옮김(원래 안대지천교 — 관리주체 확인필요),② 시설 옮김
duty_assignment,ASG-000344,asset_id,BR0000-0000002,BR1992-0000156,② 시설 옮김
duty_assignment,ASG-000344,applicability,확인필요,해당,② 시설 옮김
duty_assignment,ASG-000344,applicability_note,관리주체 확인 필요(FMS 관리주체 정보 없음·추정) — 용인시 관리면 「해당」으로,시연 배정을 용인시 관리 시설로 옮김(원래 꽃터교(안대지2교) — 관리주체 확인필요),② 시설 옮김
duty_assignment,ASG-000345,asset_id,BR1018-0000001,BR1992-0000904,② 시설 옮김
duty_assignment,ASG-000345,applicability,비해당,해당,② 시설 옮김
duty_assignment,ASG-000345,applicability_note,관리주체 타기관(수원국토관리사무소) — 용인시 관리 시설 아님(FMS 관리주체 · 09-24),시연 배정을 용인시 관리 시설로 옮김(원래 하고개교(상행) — 관리주체 수원국토관리사무소),② 시설 옮김
duty_assignment,ASG-000345,decided_by,G01,,② 시설 옮김
duty_assignment,ASG-000345,decided_at,2026-09-24,,② 시설 옮김
duty_assignment,ASG-000346,asset_id,BR1900-0000009,BR1993-0000845,② 시설 옮김
duty_assignment,ASG-000346,applicability,확인필요,해당,② 시설 옮김
duty_assignment,ASG-000346,applicability_note,관리주체 확인 필요(FMS 관리주체 정보 없음·추정) — 용인시 관리면 「해당」으로,시연 배정을 용인시 관리 시설로 옮김(원래 안대지천교 — 관리주체 확인필요),② 시설 옮김
duty_assignment,ASG-000348,asset_id,BR0000-0000002,BR1992-0000156,② 시설 옮김
duty_assignment,ASG-000348,applicability,확인필요,해당,② 시설 옮김
duty_assignment,ASG-000348,applicability_note,관리주체 확인 필요(FMS 관리주체 정보 없음·추정) — 용인시 관리면 「해당」으로,시연 배정을 용인시 관리 시설로 옮김(원래 꽃터교(안대지2교) — 관리주체 확인필요),② 시설 옮김
duty_assignment,ASG-000349,asset_id,BR1018-0000001,BR1992-0000904,② 시설 옮김
duty_assignment,ASG-000349,applicability,비해당,해당,② 시설 옮김
duty_assignment,ASG-000349,applicability_note,관리주체 타기관(수원국토관리사무소) — 용인시 관리 시설 아님(FMS 관리주체 · 09-24),시연 배정을 용인시 관리 시설로 옮김(원래 하고개교(상행) — 관리주체 수원국토관리사무소),② 시설 옮김
duty_assignment,ASG-000349,decided_by,G01,,② 시설 옮김
duty_assignment,ASG-000349,decided_at,2026-09-24,,② 시설 옮김
duty_assignment,ASG-000350,asset_id,BR1900-0000009,BR1993-0000845,② 시설 옮김
duty_assignment,ASG-000350,applicability,확인필요,해당,② 시설 옮김
duty_assignment,ASG-000350,applicability_note,관리주체 확인 필요(FMS 관리주체 정보 없음·추정) — 용인시 관리면 「해당」으로,시연 배정을 용인시 관리 시설로 옮김(원래 안대지천교 — 관리주체 확인필요),② 시설 옮김
duty_assignment,ASG-000355,applicability,확인필요,해당,① 관리주체 확정 — 되돌림
duty_assignment,ASG-000355,applicability_note,관리주체 확인 필요(FMS 관리주체 정보 없음·추정) — 용인시 관리면 「해당」으로,,① 관리주체 확정 — 되돌림
duty_assignment,ASG-000356,applicability,확인필요,해당,① 관리주체 확정 — 되돌림
duty_assignment,ASG-000356,applicability_note,관리주체 확인 필요(FMS 관리주체 정보 없음·추정) — 용인시 관리면 「해당」으로,,① 관리주체 확정 — 되돌림
duty_assignment,ASG-000357,applicability,확인필요,해당,① 관리주체 확정 — 되돌림
duty_assignment,ASG-000357,applicability_note,관리주체 확인 필요(FMS 관리주체 정보 없음·추정) — 용인시 관리면 「해당」으로,,① 관리주체 확정 — 되돌림
duty_assignment,ASG-000359,applicability,확인필요,해당,① 관리주체 확정 — 되돌림
duty_assignment,ASG-000359,applicability_note,관리주체 확인 필요(FMS 관리주체 정보 없음·추정) — 용인시 관리면 「해당」으로,,① 관리주체 확정 — 되돌림
duty_assignment,ASG-000360,applicability,확인필요,해당,① 관리주체 확정 — 되돌림
duty_assignment,ASG-000360,applicability_note,관리주체 확인 필요(FMS 관리주체 정보 없음·추정) — 용인시 관리면 「해당」으로,,① 관리주체 확정 — 되돌림
duty_assignment,ASG-000361,applicability,확인필요,해당,① 관리주체 확정 — 되돌림
duty_assignment,ASG-000361,applicability_note,관리주체 확인 필요(FMS 관리주체 정보 없음·추정) — 용인시 관리면 「해당」으로,,① 관리주체 확정 — 되돌림
duty_assignment,ASG-000363,applicability,확인필요,해당,① 관리주체 확정 — 되돌림
duty_assignment,ASG-000363,applicability_note,관리주체 확인 필요(FMS 관리주체 정보 없음·추정) — 용인시 관리면 「해당」으로,,① 관리주체 확정 — 되돌림
duty_assignment,ASG-000364,applicability,확인필요,해당,① 관리주체 확정 — 되돌림
duty_assignment,ASG-000364,applicability_note,관리주체 확인 필요(FMS 관리주체 정보 없음·추정) — 용인시 관리면 「해당」으로,,① 관리주체 확정 — 되돌림
duty_assignment,ASG-000365,applicability,확인필요,해당,① 관리주체 확정 — 되돌림
duty_assignment,ASG-000365,applicability_note,관리주체 확인 필요(FMS 관리주체 정보 없음·추정) — 용인시 관리면 「해당」으로,,① 관리주체 확정 — 되돌림
duty_assignment,ASG-000367,applicability,확인필요,해당,① 관리주체 확정 — 되돌림
duty_assignment,ASG-000367,applicability_note,관리주체 확인 필요(FMS 관리주체 정보 없음·추정) — 용인시 관리면 「해당」으로,,① 관리주체 확정 — 되돌림
duty_assignment,ASG-000368,applicability,확인필요,해당,① 관리주체 확정 — 되돌림
duty_assignment,ASG-000368,applicability_note,관리주체 확인 필요(FMS 관리주체 정보 없음·추정) — 용인시 관리면 「해당」으로,,① 관리주체 확정 — 되돌림
duty_assignment,ASG-000369,applicability,확인필요,해당,① 관리주체 확정 — 되돌림
duty_assignment,ASG-000369,applicability_note,관리주체 확인 필요(FMS 관리주체 정보 없음·추정) — 용인시 관리면 「해당」으로,,① 관리주체 확정 — 되돌림
duty_assignment,ASG-000371,applicability,확인필요,해당,① 관리주체 확정 — 되돌림
duty_assignment,ASG-000371,applicability_note,관리주체 확인 필요(FMS 관리주체 정보 없음·추정) — 용인시 관리면 「해당」으로,,① 관리주체 확정 — 되돌림
duty_assignment,ASG-000372,applicability,확인필요,해당,① 관리주체 확정 — 되돌림
duty_assignment,ASG-000372,applicability_note,관리주체 확인 필요(FMS 관리주체 정보 없음·추정) — 용인시 관리면 「해당」으로,,① 관리주체 확정 — 되돌림
duty_assignment,ASG-000373,applicability,확인필요,해당,① 관리주체 확정 — 되돌림
duty_assignment,ASG-000373,applicability_note,관리주체 확인 필요(FMS 관리주체 정보 없음·추정) — 용인시 관리면 「해당」으로,,① 관리주체 확정 — 되돌림
duty_assignment,ASG-000375,applicability,확인필요,해당,① 관리주체 확정 — 되돌림
duty_assignment,ASG-000375,applicability_note,관리주체 확인 필요(FMS 관리주체 정보 없음·추정) — 용인시 관리면 「해당」으로,,① 관리주체 확정 — 되돌림
duty_assignment,ASG-000376,applicability,확인필요,해당,① 관리주체 확정 — 되돌림
duty_assignment,ASG-000376,applicability_note,관리주체 확인 필요(FMS 관리주체 정보 없음·추정) — 용인시 관리면 「해당」으로,,① 관리주체 확정 — 되돌림
duty_assignment,ASG-000377,applicability,확인필요,해당,① 관리주체 확정 — 되돌림
duty_assignment,ASG-000377,applicability_note,관리주체 확인 필요(FMS 관리주체 정보 없음·추정) — 용인시 관리면 「해당」으로,,① 관리주체 확정 — 되돌림
duty_assignment,ASG-000383,applicability,확인필요,해당,① 관리주체 확정 — 되돌림
duty_assignment,ASG-000383,applicability_note,관리주체 확인 필요(FMS 관리주체 정보 없음·추정) — 용인시 관리면 「해당」으로,,① 관리주체 확정 — 되돌림
duty_assignment,ASG-000384,applicability,확인필요,해당,① 관리주체 확정 — 되돌림
duty_assignment,ASG-000384,applicability_note,관리주체 확인 필요(FMS 관리주체 정보 없음·추정) — 용인시 관리면 「해당」으로,,① 관리주체 확정 — 되돌림
duty_assignment,ASG-000385,applicability,확인필요,해당,① 관리주체 확정 — 되돌림
duty_assignment,ASG-000385,applicability_note,관리주체 확인 필요(FMS 관리주체 정보 없음·추정) — 용인시 관리면 「해당」으로,,① 관리주체 확정 — 되돌림
duty_assignment,ASG-000387,applicability,확인필요,해당,① 관리주체 확정 — 되돌림
duty_assignment,ASG-000387,applicability_note,관리주체 확인 필요(FMS 관리주체 정보 없음·추정) — 용인시 관리면 「해당」으로,,① 관리주체 확정 — 되돌림
duty_assignment,ASG-000388,applicability,확인필요,해당,① 관리주체 확정 — 되돌림
duty_assignment,ASG-000388,applicability_note,관리주체 확인 필요(FMS 관리주체 정보 없음·추정) — 용인시 관리면 「해당」으로,,① 관리주체 확정 — 되돌림
duty_assignment,ASG-000389,applicability,확인필요,해당,① 관리주체 확정 — 되돌림
duty_assignment,ASG-000389,applicability_note,관리주체 확인 필요(FMS 관리주체 정보 없음·추정) — 용인시 관리면 「해당」으로,,① 관리주체 확정 — 되돌림
duty_assignment,ASG-000391,applicability,확인필요,해당,① 관리주체 확정 — 되돌림
duty_assignment,ASG-000391,applicability_note,관리주체 확인 필요(FMS 관리주체 정보 없음·추정) — 용인시 관리면 「해당」으로,,① 관리주체 확정 — 되돌림
duty_assignment,ASG-000392,applicability,확인필요,해당,① 관리주체 확정 — 되돌림
duty_assignment,ASG-000392,applicability_note,관리주체 확인 필요(FMS 관리주체 정보 없음·추정) — 용인시 관리면 「해당」으로,,① 관리주체 확정 — 되돌림
duty_assignment,ASG-000393,applicability,확인필요,해당,① 관리주체 확정 — 되돌림
duty_assignment,ASG-000393,applicability_note,관리주체 확인 필요(FMS 관리주체 정보 없음·추정) — 용인시 관리면 「해당」으로,,① 관리주체 확정 — 되돌림
duty_assignment,ASG-000400,applicability,확인필요,해당,① 관리주체 확정 — 되돌림
duty_assignment,ASG-000400,applicability_note,관리주체 확인 필요(FMS 관리주체 정보 없음·추정) — 용인시 관리면 「해당」으로,,① 관리주체 확정 — 되돌림
duty_assignment,ASG-000401,applicability,확인필요,해당,① 관리주체 확정 — 되돌림
duty_assignment,ASG-000401,applicability_note,관리주체 확인 필요(FMS 관리주체 정보 없음·추정) — 용인시 관리면 「해당」으로,,① 관리주체 확정 — 되돌림
duty_assignment,ASG-000402,applicability,확인필요,해당,① 관리주체 확정 — 되돌림
duty_assignment,ASG-000402,applicability_note,관리주체 확인 필요(FMS 관리주체 정보 없음·추정) — 용인시 관리면 「해당」으로,,① 관리주체 확정 — 되돌림
duty_assignment,ASG-000404,applicability,확인필요,해당,① 관리주체 확정 — 되돌림
duty_assignment,ASG-000404,applicability_note,관리주체 확인 필요(FMS 관리주체 정보 없음·추정) — 용인시 관리면 「해당」으로,,① 관리주체 확정 — 되돌림
duty_assignment,ASG-000405,applicability,확인필요,해당,① 관리주체 확정 — 되돌림
duty_assignment,ASG-000405,applicability_note,관리주체 확인 필요(FMS 관리주체 정보 없음·추정) — 용인시 관리면 「해당」으로,,① 관리주체 확정 — 되돌림
duty_assignment,ASG-000406,applicability,확인필요,해당,① 관리주체 확정 — 되돌림
duty_assignment,ASG-000406,applicability_note,관리주체 확인 필요(FMS 관리주체 정보 없음·추정) — 용인시 관리면 「해당」으로,,① 관리주체 확정 — 되돌림
duty_assignment,ASG-000410,applicability,확인필요,해당,① 관리주체 확정 — 되돌림
duty_assignment,ASG-000410,applicability_note,관리주체 확인 필요(FMS 관리주체 정보 없음·추정) — 용인시 관리면 「해당」으로,,① 관리주체 확정 — 되돌림
duty_assignment,ASG-000411,applicability,확인필요,해당,① 관리주체 확정 — 되돌림
duty_assignment,ASG-000411,applicability_note,관리주체 확인 필요(FMS 관리주체 정보 없음·추정) — 용인시 관리면 「해당」으로,,① 관리주체 확정 — 되돌림
duty_assignment,ASG-000412,applicability,확인필요,해당,① 관리주체 확정 — 되돌림
duty_assignment,ASG-000412,applicability_note,관리주체 확인 필요(FMS 관리주체 정보 없음·추정) — 용인시 관리면 「해당」으로,,① 관리주체 확정 — 되돌림
duty_assignment,ASG-000414,applicability,확인필요,해당,① 관리주체 확정 — 되돌림
duty_assignment,ASG-000414,applicability_note,관리주체 확인 필요(FMS 관리주체 정보 없음·추정) — 용인시 관리면 「해당」으로,,① 관리주체 확정 — 되돌림
duty_assignment,ASG-000415,applicability,확인필요,해당,① 관리주체 확정 — 되돌림
duty_assignment,ASG-000415,applicability_note,관리주체 확인 필요(FMS 관리주체 정보 없음·추정) — 용인시 관리면 「해당」으로,,① 관리주체 확정 — 되돌림
duty_assignment,ASG-000416,applicability,확인필요,해당,① 관리주체 확정 — 되돌림
duty_assignment,ASG-000416,applicability_note,관리주체 확인 필요(FMS 관리주체 정보 없음·추정) — 용인시 관리면 「해당」으로,,① 관리주체 확정 — 되돌림
duty_assignment,ASG-000418,applicability,확인필요,해당,① 관리주체 확정 — 되돌림
duty_assignment,ASG-000418,applicability_note,관리주체 확인 필요(FMS 관리주체 정보 없음·추정) — 용인시 관리면 「해당」으로,,① 관리주체 확정 — 되돌림
duty_assignment,ASG-000419,applicability,확인필요,해당,① 관리주체 확정 — 되돌림
duty_assignment,ASG-000419,applicability_note,관리주체 확인 필요(FMS 관리주체 정보 없음·추정) — 용인시 관리면 「해당」으로,,① 관리주체 확정 — 되돌림
duty_assignment,ASG-000420,applicability,확인필요,해당,① 관리주체 확정 — 되돌림
duty_assignment,ASG-000420,applicability_note,관리주체 확인 필요(FMS 관리주체 정보 없음·추정) — 용인시 관리면 「해당」으로,,① 관리주체 확정 — 되돌림
duty_assignment,ASG-000422,applicability,확인필요,해당,① 관리주체 확정 — 되돌림
duty_assignment,ASG-000422,applicability_note,관리주체 확인 필요(FMS 관리주체 정보 없음·추정) — 용인시 관리면 「해당」으로,,① 관리주체 확정 — 되돌림
duty_assignment,ASG-000423,applicability,확인필요,해당,① 관리주체 확정 — 되돌림
duty_assignment,ASG-000423,applicability_note,관리주체 확인 필요(FMS 관리주체 정보 없음·추정) — 용인시 관리면 「해당」으로,,① 관리주체 확정 — 되돌림
duty_assignment,ASG-000424,applicability,확인필요,해당,① 관리주체 확정 — 되돌림
duty_assignment,ASG-000424,applicability_note,관리주체 확인 필요(FMS 관리주체 정보 없음·추정) — 용인시 관리면 「해당」으로,,① 관리주체 확정 — 되돌림
duty_assignment,ASG-000426,applicability,확인필요,해당,① 관리주체 확정 — 되돌림
duty_assignment,ASG-000426,applicability_note,관리주체 확인 필요(FMS 관리주체 정보 없음·추정) — 용인시 관리면 「해당」으로,,① 관리주체 확정 — 되돌림
duty_assignment,ASG-000427,applicability,확인필요,해당,① 관리주체 확정 — 되돌림
duty_assignment,ASG-000427,applicability_note,관리주체 확인 필요(FMS 관리주체 정보 없음·추정) — 용인시 관리면 「해당」으로,,① 관리주체 확정 — 되돌림
duty_assignment,ASG-000428,applicability,확인필요,해당,① 관리주체 확정 — 되돌림
duty_assignment,ASG-000428,applicability_note,관리주체 확인 필요(FMS 관리주체 정보 없음·추정) — 용인시 관리면 「해당」으로,,① 관리주체 확정 — 되돌림
duty_assignment,ASG-000430,applicability,확인필요,해당,① 관리주체 확정 — 되돌림
duty_assignment,ASG-000430,applicability_note,관리주체 확인 필요(FMS 관리주체 정보 없음·추정) — 용인시 관리면 「해당」으로,,① 관리주체 확정 — 되돌림
duty_assignment,ASG-000431,applicability,확인필요,해당,① 관리주체 확정 — 되돌림
duty_assignment,ASG-000431,applicability_note,관리주체 확인 필요(FMS 관리주체 정보 없음·추정) — 용인시 관리면 「해당」으로,,① 관리주체 확정 — 되돌림
duty_assignment,ASG-000432,applicability,확인필요,해당,① 관리주체 확정 — 되돌림
duty_assignment,ASG-000432,applicability_note,관리주체 확인 필요(FMS 관리주체 정보 없음·추정) — 용인시 관리면 「해당」으로,,① 관리주체 확정 — 되돌림
duty_assignment,ASG-000434,applicability,확인필요,해당,① 관리주체 확정 — 되돌림
duty_assignment,ASG-000434,applicability_note,관리주체 확인 필요(FMS 관리주체 정보 없음·추정) — 용인시 관리면 「해당」으로,,① 관리주체 확정 — 되돌림
duty_assignment,ASG-000435,applicability,확인필요,해당,① 관리주체 확정 — 되돌림
duty_assignment,ASG-000435,applicability_note,관리주체 확인 필요(FMS 관리주체 정보 없음·추정) — 용인시 관리면 「해당」으로,,① 관리주체 확정 — 되돌림
duty_assignment,ASG-000436,applicability,확인필요,해당,① 관리주체 확정 — 되돌림
duty_assignment,ASG-000436,applicability_note,관리주체 확인 필요(FMS 관리주체 정보 없음·추정) — 용인시 관리면 「해당」으로,,① 관리주체 확정 — 되돌림
duty_assignment,ASG-000438,applicability,확인필요,해당,① 관리주체 확정 — 되돌림
duty_assignment,ASG-000438,applicability_note,관리주체 확인 필요(FMS 관리주체 정보 없음·추정) — 용인시 관리면 「해당」으로,,① 관리주체 확정 — 되돌림
duty_assignment,ASG-000439,applicability,확인필요,해당,① 관리주체 확정 — 되돌림
duty_assignment,ASG-000439,applicability_note,관리주체 확인 필요(FMS 관리주체 정보 없음·추정) — 용인시 관리면 「해당」으로,,① 관리주체 확정 — 되돌림
duty_assignment,ASG-000440,applicability,확인필요,해당,① 관리주체 확정 — 되돌림
duty_assignment,ASG-000440,applicability_note,관리주체 확인 필요(FMS 관리주체 정보 없음·추정) — 용인시 관리면 「해당」으로,,① 관리주체 확정 — 되돌림
duty_assignment,ASG-000442,applicability,확인필요,해당,① 관리주체 확정 — 되돌림
duty_assignment,ASG-000442,applicability_note,관리주체 확인 필요(FMS 관리주체 정보 없음·추정) — 용인시 관리면 「해당」으로,,① 관리주체 확정 — 되돌림
duty_assignment,ASG-000443,applicability,확인필요,해당,① 관리주체 확정 — 되돌림
duty_assignment,ASG-000443,applicability_note,관리주체 확인 필요(FMS 관리주체 정보 없음·추정) — 용인시 관리면 「해당」으로,,① 관리주체 확정 — 되돌림
duty_assignment,ASG-000444,applicability,확인필요,해당,① 관리주체 확정 — 되돌림
duty_assignment,ASG-000444,applicability_note,관리주체 확인 필요(FMS 관리주체 정보 없음·추정) — 용인시 관리면 「해당」으로,,① 관리주체 확정 — 되돌림
duty_assignment,ASG-000446,applicability,확인필요,해당,① 관리주체 확정 — 되돌림
duty_assignment,ASG-000446,applicability_note,관리주체 확인 필요(FMS 관리주체 정보 없음·추정) — 용인시 관리면 「해당」으로,,① 관리주체 확정 — 되돌림
duty_assignment,ASG-000447,applicability,확인필요,해당,① 관리주체 확정 — 되돌림
duty_assignment,ASG-000447,applicability_note,관리주체 확인 필요(FMS 관리주체 정보 없음·추정) — 용인시 관리면 「해당」으로,,① 관리주체 확정 — 되돌림
duty_assignment,ASG-000448,applicability,확인필요,해당,① 관리주체 확정 — 되돌림
duty_assignment,ASG-000448,applicability_note,관리주체 확인 필요(FMS 관리주체 정보 없음·추정) — 용인시 관리면 「해당」으로,,① 관리주체 확정 — 되돌림
duty_assignment,ASG-000450,applicability,확인필요,해당,① 관리주체 확정 — 되돌림
duty_assignment,ASG-000450,applicability_note,관리주체 확인 필요(FMS 관리주체 정보 없음·추정) — 용인시 관리면 「해당」으로,,① 관리주체 확정 — 되돌림
duty_assignment,ASG-000451,applicability,확인필요,해당,① 관리주체 확정 — 되돌림
duty_assignment,ASG-000451,applicability_note,관리주체 확인 필요(FMS 관리주체 정보 없음·추정) — 용인시 관리면 「해당」으로,,① 관리주체 확정 — 되돌림
duty_assignment,ASG-000452,applicability,확인필요,해당,① 관리주체 확정 — 되돌림
duty_assignment,ASG-000452,applicability_note,관리주체 확인 필요(FMS 관리주체 정보 없음·추정) — 용인시 관리면 「해당」으로,,① 관리주체 확정 — 되돌림
duty_assignment,ASG-000454,applicability,확인필요,해당,① 관리주체 확정 — 되돌림
duty_assignment,ASG-000454,applicability_note,관리주체 확인 필요(FMS 관리주체 정보 없음·추정) — 용인시 관리면 「해당」으로,,① 관리주체 확정 — 되돌림
duty_assignment,ASG-000455,applicability,확인필요,해당,① 관리주체 확정 — 되돌림
duty_assignment,ASG-000455,applicability_note,관리주체 확인 필요(FMS 관리주체 정보 없음·추정) — 용인시 관리면 「해당」으로,,① 관리주체 확정 — 되돌림
duty_assignment,ASG-000456,applicability,확인필요,해당,① 관리주체 확정 — 되돌림
duty_assignment,ASG-000456,applicability_note,관리주체 확인 필요(FMS 관리주체 정보 없음·추정) — 용인시 관리면 「해당」으로,,① 관리주체 확정 — 되돌림
duty_assignment,ASG-000458,asset_id,AR1967-0000142,AR2004-0004612,② 시설 옮김
duty_assignment,ASG-000458,applicability,비해당,해당,② 시설 옮김
duty_assignment,ASG-000458,applicability_note,관리주체 아님(시설 판정 「제외」) — 비해당으로 닫음(09-24 결정),시연 배정을 용인시 관리 시설로 옮김(원래 고기초등학교 교사동 — 관리주체 확인필요),② 시설 옮김
duty_assignment,ASG-000458,decided_by,G01,,② 시설 옮김
duty_assignment,ASG-000458,decided_at,2026-09-24,,② 시설 옮김
duty_assignment,ASG-000459,asset_id,AR1969-0000298,AR2005-0003904,② 시설 옮김
duty_assignment,ASG-000459,applicability,비해당,해당,② 시설 옮김
duty_assignment,ASG-000459,applicability_note,관리주체 아님(시설 판정 「제외」) — 비해당으로 닫음(09-24 결정),시연 배정을 용인시 관리 시설로 옮김(원래 두창초등학교 교사1호동 — 관리주체 확인필요),② 시설 옮김
duty_assignment,ASG-000459,decided_by,G01,,② 시설 옮김
duty_assignment,ASG-000459,decided_at,2026-09-24,,② 시설 옮김
duty_assignment,ASG-000460,asset_id,AR1969-0000299,AR2005-0003905,② 시설 옮김
duty_assignment,ASG-000460,applicability,비해당,해당,② 시설 옮김
duty_assignment,ASG-000460,applicability_note,관리주체 아님(시설 판정 「제외」) — 비해당으로 닫음(09-24 결정),시연 배정을 용인시 관리 시설로 옮김(원래 백암고등학교 교사동(1호동) — 관리주체 확인필요),② 시설 옮김
duty_assignment,ASG-000460,decided_by,G01,,② 시설 옮김
duty_assignment,ASG-000460,decided_at,2026-09-24,,② 시설 옮김
duty_assignment,ASG-000462,asset_id,AR1967-0000142,AR2004-0004612,② 시설 옮김
duty_assignment,ASG-000462,applicability,비해당,해당,② 시설 옮김
duty_assignment,ASG-000462,applicability_note,관리주체 아님(시설 판정 「제외」) — 비해당으로 닫음(09-24 결정),시연 배정을 용인시 관리 시설로 옮김(원래 고기초등학교 교사동 — 관리주체 확인필요),② 시설 옮김
duty_assignment,ASG-000462,decided_by,G01,,② 시설 옮김
duty_assignment,ASG-000462,decided_at,2026-09-24,,② 시설 옮김
duty_assignment,ASG-000463,asset_id,AR1969-0000298,AR2005-0003904,② 시설 옮김
duty_assignment,ASG-000463,applicability,비해당,해당,② 시설 옮김
duty_assignment,ASG-000463,applicability_note,관리주체 아님(시설 판정 「제외」) — 비해당으로 닫음(09-24 결정),시연 배정을 용인시 관리 시설로 옮김(원래 두창초등학교 교사1호동 — 관리주체 확인필요),② 시설 옮김
duty_assignment,ASG-000463,decided_by,G01,,② 시설 옮김
duty_assignment,ASG-000463,decided_at,2026-09-24,,② 시설 옮김
duty_assignment,ASG-000464,asset_id,AR1969-0000299,AR2005-0003905,② 시설 옮김
duty_assignment,ASG-000464,applicability,비해당,해당,② 시설 옮김
duty_assignment,ASG-000464,applicability_note,관리주체 아님(시설 판정 「제외」) — 비해당으로 닫음(09-24 결정),시연 배정을 용인시 관리 시설로 옮김(원래 백암고등학교 교사동(1호동) — 관리주체 확인필요),② 시설 옮김
duty_assignment,ASG-000464,decided_by,G01,,② 시설 옮김
duty_assignment,ASG-000464,decided_at,2026-09-24,,② 시설 옮김
duty_assignment,ASG-000466,asset_id,BR0000-0000002,BR1992-0000156,② 시설 옮김
duty_assignment,ASG-000466,applicability,확인필요,해당,② 시설 옮김
duty_assignment,ASG-000466,applicability_note,관리주체 확인 필요(FMS 관리주체 정보 없음·추정) — 용인시 관리면 「해당」으로,시연 배정을 용인시 관리 시설로 옮김(원래 꽃터교(안대지2교) — 관리주체 확인필요),② 시설 옮김
duty_assignment,ASG-000467,asset_id,BR1018-0000001,BR1992-0000904,② 시설 옮김
duty_assignment,ASG-000467,applicability,비해당,해당,② 시설 옮김
duty_assignment,ASG-000467,applicability_note,관리주체 타기관(수원국토관리사무소) — 용인시 관리 시설 아님(FMS 관리주체 · 09-24),시연 배정을 용인시 관리 시설로 옮김(원래 하고개교(상행) — 관리주체 수원국토관리사무소),② 시설 옮김
duty_assignment,ASG-000467,decided_by,G01,,② 시설 옮김
duty_assignment,ASG-000467,decided_at,2026-09-24,,② 시설 옮김
duty_assignment,ASG-000468,asset_id,BR1900-0000009,BR1993-0000845,② 시설 옮김
duty_assignment,ASG-000468,applicability,확인필요,해당,② 시설 옮김
duty_assignment,ASG-000468,applicability_note,관리주체 확인 필요(FMS 관리주체 정보 없음·추정) — 용인시 관리면 「해당」으로,시연 배정을 용인시 관리 시설로 옮김(원래 안대지천교 — 관리주체 확인필요),② 시설 옮김
duty_assignment,ASG-000470,asset_id,AR1967-0000142,AR2004-0004612,② 시설 옮김
duty_assignment,ASG-000470,applicability,비해당,해당,② 시설 옮김
duty_assignment,ASG-000470,applicability_note,관리주체 아님(시설 판정 「제외」) — 비해당으로 닫음(09-24 결정),시연 배정을 용인시 관리 시설로 옮김(원래 고기초등학교 교사동 — 관리주체 확인필요),② 시설 옮김
duty_assignment,ASG-000470,decided_by,G01,,② 시설 옮김
duty_assignment,ASG-000470,decided_at,2026-09-24,,② 시설 옮김
duty_assignment,ASG-000471,asset_id,AR1969-0000298,AR2005-0003904,② 시설 옮김
duty_assignment,ASG-000471,applicability,비해당,해당,② 시설 옮김
duty_assignment,ASG-000471,applicability_note,관리주체 아님(시설 판정 「제외」) — 비해당으로 닫음(09-24 결정),시연 배정을 용인시 관리 시설로 옮김(원래 두창초등학교 교사1호동 — 관리주체 확인필요),② 시설 옮김
duty_assignment,ASG-000471,decided_by,G01,,② 시설 옮김
duty_assignment,ASG-000471,decided_at,2026-09-24,,② 시설 옮김
duty_assignment,ASG-000472,asset_id,AR1969-0000299,AR2005-0003905,② 시설 옮김
duty_assignment,ASG-000472,applicability,비해당,해당,② 시설 옮김
duty_assignment,ASG-000472,applicability_note,관리주체 아님(시설 판정 「제외」) — 비해당으로 닫음(09-24 결정),시연 배정을 용인시 관리 시설로 옮김(원래 백암고등학교 교사동(1호동) — 관리주체 확인필요),② 시설 옮김
duty_assignment,ASG-000472,decided_by,G01,,② 시설 옮김
duty_assignment,ASG-000472,decided_at,2026-09-24,,② 시설 옮김
duty_assignment,ASG-000474,asset_id,AR1967-0000142,AR2004-0004612,② 시설 옮김
duty_assignment,ASG-000474,applicability,비해당,해당,② 시설 옮김
duty_assignment,ASG-000474,applicability_note,관리주체 아님(시설 판정 「제외」) — 비해당으로 닫음(09-24 결정),시연 배정을 용인시 관리 시설로 옮김(원래 고기초등학교 교사동 — 관리주체 확인필요),② 시설 옮김
duty_assignment,ASG-000474,decided_by,G01,,② 시설 옮김
duty_assignment,ASG-000474,decided_at,2026-09-24,,② 시설 옮김
duty_assignment,ASG-000475,asset_id,AR1969-0000298,AR2005-0003904,② 시설 옮김
duty_assignment,ASG-000475,applicability,비해당,해당,② 시설 옮김
duty_assignment,ASG-000475,applicability_note,관리주체 아님(시설 판정 「제외」) — 비해당으로 닫음(09-24 결정),시연 배정을 용인시 관리 시설로 옮김(원래 두창초등학교 교사1호동 — 관리주체 확인필요),② 시설 옮김
duty_assignment,ASG-000475,decided_by,G01,,② 시설 옮김
duty_assignment,ASG-000475,decided_at,2026-09-24,,② 시설 옮김
duty_assignment,ASG-000476,asset_id,AR1969-0000299,AR2005-0003905,② 시설 옮김
duty_assignment,ASG-000476,applicability,비해당,해당,② 시설 옮김
duty_assignment,ASG-000476,applicability_note,관리주체 아님(시설 판정 「제외」) — 비해당으로 닫음(09-24 결정),시연 배정을 용인시 관리 시설로 옮김(원래 백암고등학교 교사동(1호동) — 관리주체 확인필요),② 시설 옮김
duty_assignment,ASG-000476,decided_by,G01,,② 시설 옮김
duty_assignment,ASG-000476,decided_at,2026-09-24,,② 시설 옮김
duty_assignment,ASG-000478,asset_id,AR1967-0000142,AR2004-0004612,② 시설 옮김
duty_assignment,ASG-000478,applicability,비해당,해당,② 시설 옮김
duty_assignment,ASG-000478,applicability_note,관리주체 아님(시설 판정 「제외」) — 비해당으로 닫음(09-24 결정),시연 배정을 용인시 관리 시설로 옮김(원래 고기초등학교 교사동 — 관리주체 확인필요),② 시설 옮김
duty_assignment,ASG-000478,decided_by,G01,,② 시설 옮김
duty_assignment,ASG-000478,decided_at,2026-09-24,,② 시설 옮김
duty_assignment,ASG-000479,asset_id,AR1969-0000298,AR2005-0003904,② 시설 옮김
duty_assignment,ASG-000479,applicability,비해당,해당,② 시설 옮김
duty_assignment,ASG-000479,applicability_note,관리주체 아님(시설 판정 「제외」) — 비해당으로 닫음(09-24 결정),시연 배정을 용인시 관리 시설로 옮김(원래 두창초등학교 교사1호동 — 관리주체 확인필요),② 시설 옮김
duty_assignment,ASG-000479,decided_by,G01,,② 시설 옮김
duty_assignment,ASG-000479,decided_at,2026-09-24,,② 시설 옮김
duty_assignment,ASG-000480,asset_id,AR1969-0000299,AR2005-0003905,② 시설 옮김
duty_assignment,ASG-000480,applicability,비해당,해당,② 시설 옮김
duty_assignment,ASG-000480,applicability_note,관리주체 아님(시설 판정 「제외」) — 비해당으로 닫음(09-24 결정),시연 배정을 용인시 관리 시설로 옮김(원래 백암고등학교 교사동(1호동) — 관리주체 확인필요),② 시설 옮김
duty_assignment,ASG-000480,decided_by,G01,,② 시설 옮김
duty_assignment,ASG-000480,decided_at,2026-09-24,,② 시설 옮김
duty_assignment,ASG-000531,applicability,확인필요,해당,① 관리주체 확정 — 되돌림
duty_assignment,ASG-000531,applicability_note,관리주체 확인 필요(FMS 관리주체 정보 없음·추정) — 용인시 관리면 「해당」으로,,① 관리주체 확정 — 되돌림
duty_assignment,ASG-000532,applicability,확인필요,해당,① 관리주체 확정 — 되돌림
duty_assignment,ASG-000532,applicability_note,관리주체 확인 필요(FMS 관리주체 정보 없음·추정) — 용인시 관리면 「해당」으로,,① 관리주체 확정 — 되돌림
duty_assignment,ASG-000533,applicability,확인필요,해당,① 관리주체 확정 — 되돌림
duty_assignment,ASG-000533,applicability_note,관리주체 확인 필요(FMS 관리주체 정보 없음·추정) — 용인시 관리면 「해당」으로,,① 관리주체 확정 — 되돌림
duty_assignment,ASG-000566,asset_id,AR1967-0000142,AR2004-0004612,② 시설 옮김
duty_assignment,ASG-000566,applicability,비해당,해당,② 시설 옮김
duty_assignment,ASG-000566,applicability_note,관리주체 아님(시설 판정 「제외」) — 비해당으로 닫음(09-24 결정),시연 배정을 용인시 관리 시설로 옮김(원래 고기초등학교 교사동 — 관리주체 확인필요),② 시설 옮김
duty_assignment,ASG-000566,decided_by,G01,,② 시설 옮김
duty_assignment,ASG-000566,decided_at,2026-09-24,,② 시설 옮김
duty_assignment,ASG-000567,asset_id,AR1969-0000298,AR2005-0003904,② 시설 옮김
duty_assignment,ASG-000567,applicability,비해당,해당,② 시설 옮김
duty_assignment,ASG-000567,applicability_note,관리주체 아님(시설 판정 「제외」) — 비해당으로 닫음(09-24 결정),시연 배정을 용인시 관리 시설로 옮김(원래 두창초등학교 교사1호동 — 관리주체 확인필요),② 시설 옮김
duty_assignment,ASG-000567,decided_by,G01,,② 시설 옮김
duty_assignment,ASG-000567,decided_at,2026-09-24,,② 시설 옮김
duty_assignment,ASG-000568,asset_id,AR1969-0000299,AR2005-0003905,② 시설 옮김
duty_assignment,ASG-000568,applicability,비해당,해당,② 시설 옮김
duty_assignment,ASG-000568,applicability_note,관리주체 아님(시설 판정 「제외」) — 비해당으로 닫음(09-24 결정),시연 배정을 용인시 관리 시설로 옮김(원래 백암고등학교 교사동(1호동) — 관리주체 확인필요),② 시설 옮김
duty_assignment,ASG-000568,decided_by,G01,,② 시설 옮김
duty_assignment,ASG-000568,decided_at,2026-09-24,,② 시설 옮김
duty_assignment,ASG-000665,asset_id,RW1994-0000054,RW2002-0000002,② 시설 옮김
duty_assignment,ASG-000665,applicability,확인필요,해당,② 시설 옮김
duty_assignment,ASG-000665,applicability_note,관리주체 확인 필요(FMS 관리주체 정보 없음·추정) — 용인시 관리면 「해당」으로,시연 배정을 용인시 관리 시설로 옮김(원래 영동선60.39k(강릉)옹벽 — 관리주체 확인필요),② 시설 옮김
duty_assignment,ASG-000666,asset_id,RW1998-0000037,RW2005-0000071,② 시설 옮김
duty_assignment,ASG-000666,applicability,비해당,해당,② 시설 옮김
duty_assignment,ASG-000666,applicability_note,관리주체 타기관(한국석유공사 용인지사) — 용인시 관리 시설 아님(FMS 관리주체 · 09-24),시연 배정을 용인시 관리 시설로 옮김(원래 한국석유공사 용인비축기지 옹벽(휘발유 지역) — 관리주체 한국석유공사 용인지사),② 시설 옮김
duty_assignment,ASG-000666,decided_by,G01,,② 시설 옮김
duty_assignment,ASG-000666,decided_at,2026-09-24,,② 시설 옮김
duty_assignment,ASG-000667,asset_id,RW2000-0000064,RW2006-0000050,② 시설 옮김
duty_assignment,ASG-000667,applicability,비해당,해당,② 시설 옮김
duty_assignment,ASG-000667,applicability_note,관리주체 타기관(경기도용인교육지원청) — 용인시 관리 시설 아님(FMS 관리주체 · 09-24),시연 배정을 용인시 관리 시설로 옮김(원래 구성고 운동장 부지경계부 옹벽 — 관리주체 경기도용인교육지원청),② 시설 옮김
duty_assignment,ASG-000667,decided_by,G01,,② 시설 옮김
duty_assignment,ASG-000667,decided_at,2026-09-24,,② 시설 옮김
duty_assignment,ASG-000669,asset_id,RW1994-0000054,RW2002-0000002,② 시설 옮김
duty_assignment,ASG-000669,applicability,확인필요,해당,② 시설 옮김
duty_assignment,ASG-000669,applicability_note,관리주체 확인 필요(FMS 관리주체 정보 없음·추정) — 용인시 관리면 「해당」으로,시연 배정을 용인시 관리 시설로 옮김(원래 영동선60.39k(강릉)옹벽 — 관리주체 확인필요),② 시설 옮김
duty_assignment,ASG-000670,asset_id,RW1998-0000037,RW2005-0000071,② 시설 옮김
duty_assignment,ASG-000670,applicability,비해당,해당,② 시설 옮김
duty_assignment,ASG-000670,applicability_note,관리주체 타기관(한국석유공사 용인지사) — 용인시 관리 시설 아님(FMS 관리주체 · 09-24),시연 배정을 용인시 관리 시설로 옮김(원래 한국석유공사 용인비축기지 옹벽(휘발유 지역) — 관리주체 한국석유공사 용인지사),② 시설 옮김
duty_assignment,ASG-000670,decided_by,G01,,② 시설 옮김
duty_assignment,ASG-000670,decided_at,2026-09-24,,② 시설 옮김
duty_assignment,ASG-000671,asset_id,RW2000-0000064,RW2006-0000050,② 시설 옮김
duty_assignment,ASG-000671,applicability,비해당,해당,② 시설 옮김
duty_assignment,ASG-000671,applicability_note,관리주체 타기관(경기도용인교육지원청) — 용인시 관리 시설 아님(FMS 관리주체 · 09-24),시연 배정을 용인시 관리 시설로 옮김(원래 구성고 운동장 부지경계부 옹벽 — 관리주체 경기도용인교육지원청),② 시설 옮김
duty_assignment,ASG-000671,decided_by,G01,,② 시설 옮김
duty_assignment,ASG-000671,decided_at,2026-09-24,,② 시설 옮김
duty_assignment,ASG-000673,asset_id,RW1994-0000054,RW2002-0000002,② 시설 옮김
duty_assignment,ASG-000673,applicability,확인필요,해당,② 시설 옮김
duty_assignment,ASG-000673,applicability_note,관리주체 확인 필요(FMS 관리주체 정보 없음·추정) — 용인시 관리면 「해당」으로,시연 배정을 용인시 관리 시설로 옮김(원래 영동선60.39k(강릉)옹벽 — 관리주체 확인필요),② 시설 옮김
duty_assignment,ASG-000674,asset_id,RW1998-0000037,RW2005-0000071,② 시설 옮김
duty_assignment,ASG-000674,applicability,비해당,해당,② 시설 옮김
duty_assignment,ASG-000674,applicability_note,관리주체 타기관(한국석유공사 용인지사) — 용인시 관리 시설 아님(FMS 관리주체 · 09-24),시연 배정을 용인시 관리 시설로 옮김(원래 한국석유공사 용인비축기지 옹벽(휘발유 지역) — 관리주체 한국석유공사 용인지사),② 시설 옮김
duty_assignment,ASG-000674,decided_by,G01,,② 시설 옮김
duty_assignment,ASG-000674,decided_at,2026-09-24,,② 시설 옮김
duty_assignment,ASG-000675,asset_id,RW2000-0000064,RW2006-0000050,② 시설 옮김
duty_assignment,ASG-000675,applicability,비해당,해당,② 시설 옮김
duty_assignment,ASG-000675,applicability_note,관리주체 타기관(경기도용인교육지원청) — 용인시 관리 시설 아님(FMS 관리주체 · 09-24),시연 배정을 용인시 관리 시설로 옮김(원래 구성고 운동장 부지경계부 옹벽 — 관리주체 경기도용인교육지원청),② 시설 옮김
duty_assignment,ASG-000675,decided_by,G01,,② 시설 옮김
duty_assignment,ASG-000675,decided_at,2026-09-24,,② 시설 옮김
duty_assignment,ASG-000677,asset_id,RW1994-0000054,RW2002-0000002,② 시설 옮김
duty_assignment,ASG-000677,applicability,확인필요,해당,② 시설 옮김
duty_assignment,ASG-000677,applicability_note,관리주체 확인 필요(FMS 관리주체 정보 없음·추정) — 용인시 관리면 「해당」으로,시연 배정을 용인시 관리 시설로 옮김(원래 영동선60.39k(강릉)옹벽 — 관리주체 확인필요),② 시설 옮김
duty_assignment,ASG-000678,asset_id,RW1998-0000037,RW2005-0000071,② 시설 옮김
duty_assignment,ASG-000678,applicability,비해당,해당,② 시설 옮김
duty_assignment,ASG-000678,applicability_note,관리주체 타기관(한국석유공사 용인지사) — 용인시 관리 시설 아님(FMS 관리주체 · 09-24),시연 배정을 용인시 관리 시설로 옮김(원래 한국석유공사 용인비축기지 옹벽(휘발유 지역) — 관리주체 한국석유공사 용인지사),② 시설 옮김
duty_assignment,ASG-000678,decided_by,G01,,② 시설 옮김
duty_assignment,ASG-000678,decided_at,2026-09-24,,② 시설 옮김
duty_assignment,ASG-000679,asset_id,RW2000-0000064,RW2006-0000050,② 시설 옮김
duty_assignment,ASG-000679,applicability,비해당,해당,② 시설 옮김
duty_assignment,ASG-000679,applicability_note,관리주체 타기관(경기도용인교육지원청) — 용인시 관리 시설 아님(FMS 관리주체 · 09-24),시연 배정을 용인시 관리 시설로 옮김(원래 구성고 운동장 부지경계부 옹벽 — 관리주체 경기도용인교육지원청),② 시설 옮김
duty_assignment,ASG-000679,decided_by,G01,,② 시설 옮김
duty_assignment,ASG-000679,decided_at,2026-09-24,,② 시설 옮김
duty_assignment,ASG-000681,asset_id,RW1994-0000054,RW2002-0000002,② 시설 옮김
duty_assignment,ASG-000681,applicability,확인필요,해당,② 시설 옮김
duty_assignment,ASG-000681,applicability_note,관리주체 확인 필요(FMS 관리주체 정보 없음·추정) — 용인시 관리면 「해당」으로,시연 배정을 용인시 관리 시설로 옮김(원래 영동선60.39k(강릉)옹벽 — 관리주체 확인필요),② 시설 옮김
duty_assignment,ASG-000682,asset_id,RW1998-0000037,RW2005-0000071,② 시설 옮김
duty_assignment,ASG-000682,applicability,비해당,해당,② 시설 옮김
duty_assignment,ASG-000682,applicability_note,관리주체 타기관(한국석유공사 용인지사) — 용인시 관리 시설 아님(FMS 관리주체 · 09-24),시연 배정을 용인시 관리 시설로 옮김(원래 한국석유공사 용인비축기지 옹벽(휘발유 지역) — 관리주체 한국석유공사 용인지사),② 시설 옮김
duty_assignment,ASG-000682,decided_by,G01,,② 시설 옮김
duty_assignment,ASG-000682,decided_at,2026-09-24,,② 시설 옮김
duty_assignment,ASG-000683,asset_id,RW2000-0000064,RW2006-0000050,② 시설 옮김
duty_assignment,ASG-000683,applicability,비해당,해당,② 시설 옮김
duty_assignment,ASG-000683,applicability_note,관리주체 타기관(경기도용인교육지원청) — 용인시 관리 시설 아님(FMS 관리주체 · 09-24),시연 배정을 용인시 관리 시설로 옮김(원래 구성고 운동장 부지경계부 옹벽 — 관리주체 경기도용인교육지원청),② 시설 옮김
duty_assignment,ASG-000683,decided_by,G01,,② 시설 옮김
duty_assignment,ASG-000683,decided_at,2026-09-24,,② 시설 옮김
duty_assignment,ASG-000685,asset_id,RW1994-0000054,RW2002-0000002,② 시설 옮김
duty_assignment,ASG-000685,applicability,확인필요,해당,② 시설 옮김
duty_assignment,ASG-000685,applicability_note,관리주체 확인 필요(FMS 관리주체 정보 없음·추정) — 용인시 관리면 「해당」으로,시연 배정을 용인시 관리 시설로 옮김(원래 영동선60.39k(강릉)옹벽 — 관리주체 확인필요),② 시설 옮김
duty_assignment,ASG-000686,asset_id,RW1998-0000037,RW2005-0000071,② 시설 옮김
duty_assignment,ASG-000686,applicability,비해당,해당,② 시설 옮김
duty_assignment,ASG-000686,applicability_note,관리주체 타기관(한국석유공사 용인지사) — 용인시 관리 시설 아님(FMS 관리주체 · 09-24),시연 배정을 용인시 관리 시설로 옮김(원래 한국석유공사 용인비축기지 옹벽(휘발유 지역) — 관리주체 한국석유공사 용인지사),② 시설 옮김
duty_assignment,ASG-000686,decided_by,G01,,② 시설 옮김
duty_assignment,ASG-000686,decided_at,2026-09-24,,② 시설 옮김
duty_assignment,ASG-000687,asset_id,RW2000-0000064,RW2006-0000050,② 시설 옮김
duty_assignment,ASG-000687,applicability,비해당,해당,② 시설 옮김
duty_assignment,ASG-000687,applicability_note,관리주체 타기관(경기도용인교육지원청) — 용인시 관리 시설 아님(FMS 관리주체 · 09-24),시연 배정을 용인시 관리 시설로 옮김(원래 구성고 운동장 부지경계부 옹벽 — 관리주체 경기도용인교육지원청),② 시설 옮김
duty_assignment,ASG-000687,decided_by,G01,,② 시설 옮김
duty_assignment,ASG-000687,decided_at,2026-09-24,,② 시설 옮김
duty_assignment,ASG-000689,asset_id,RW1994-0000054,RW2002-0000002,② 시설 옮김
duty_assignment,ASG-000689,applicability,확인필요,해당,② 시설 옮김
duty_assignment,ASG-000689,applicability_note,관리주체 확인 필요(FMS 관리주체 정보 없음·추정) — 용인시 관리면 「해당」으로,시연 배정을 용인시 관리 시설로 옮김(원래 영동선60.39k(강릉)옹벽 — 관리주체 확인필요),② 시설 옮김
duty_assignment,ASG-000690,asset_id,RW1998-0000037,RW2005-0000071,② 시설 옮김
duty_assignment,ASG-000690,applicability,비해당,해당,② 시설 옮김
duty_assignment,ASG-000690,applicability_note,관리주체 타기관(한국석유공사 용인지사) — 용인시 관리 시설 아님(FMS 관리주체 · 09-24),시연 배정을 용인시 관리 시설로 옮김(원래 한국석유공사 용인비축기지 옹벽(휘발유 지역) — 관리주체 한국석유공사 용인지사),② 시설 옮김
duty_assignment,ASG-000690,decided_by,G01,,② 시설 옮김
duty_assignment,ASG-000690,decided_at,2026-09-24,,② 시설 옮김
duty_assignment,ASG-000691,asset_id,RW2000-0000064,RW2006-0000050,② 시설 옮김
duty_assignment,ASG-000691,applicability,비해당,해당,② 시설 옮김
duty_assignment,ASG-000691,applicability_note,관리주체 타기관(경기도용인교육지원청) — 용인시 관리 시설 아님(FMS 관리주체 · 09-24),시연 배정을 용인시 관리 시설로 옮김(원래 구성고 운동장 부지경계부 옹벽 — 관리주체 경기도용인교육지원청),② 시설 옮김
duty_assignment,ASG-000691,decided_by,G01,,② 시설 옮김
duty_assignment,ASG-000691,decided_at,2026-09-24,,② 시설 옮김
duty_assignment,ASG-000693,asset_id,RW1994-0000054,RW2002-0000002,② 시설 옮김
duty_assignment,ASG-000693,applicability,확인필요,해당,② 시설 옮김
duty_assignment,ASG-000693,applicability_note,관리주체 확인 필요(FMS 관리주체 정보 없음·추정) — 용인시 관리면 「해당」으로,시연 배정을 용인시 관리 시설로 옮김(원래 영동선60.39k(강릉)옹벽 — 관리주체 확인필요),② 시설 옮김
duty_assignment,ASG-000694,asset_id,RW1998-0000037,RW2005-0000071,② 시설 옮김
duty_assignment,ASG-000694,applicability,비해당,해당,② 시설 옮김
duty_assignment,ASG-000694,applicability_note,관리주체 타기관(한국석유공사 용인지사) — 용인시 관리 시설 아님(FMS 관리주체 · 09-24),시연 배정을 용인시 관리 시설로 옮김(원래 한국석유공사 용인비축기지 옹벽(휘발유 지역) — 관리주체 한국석유공사 용인지사),② 시설 옮김
duty_assignment,ASG-000694,decided_by,G01,,② 시설 옮김
duty_assignment,ASG-000694,decided_at,2026-09-24,,② 시설 옮김
duty_assignment,ASG-000695,asset_id,RW2000-0000064,RW2006-0000050,② 시설 옮김
duty_assignment,ASG-000695,applicability,비해당,해당,② 시설 옮김
duty_assignment,ASG-000695,applicability_note,관리주체 타기관(경기도용인교육지원청) — 용인시 관리 시설 아님(FMS 관리주체 · 09-24),시연 배정을 용인시 관리 시설로 옮김(원래 구성고 운동장 부지경계부 옹벽 — 관리주체 경기도용인교육지원청),② 시설 옮김
duty_assignment,ASG-000695,decided_by,G01,,② 시설 옮김
duty_assignment,ASG-000695,decided_at,2026-09-24,,② 시설 옮김
duty_assignment,ASG-000697,asset_id,RW1994-0000054,RW2002-0000002,② 시설 옮김
duty_assignment,ASG-000697,applicability,확인필요,해당,② 시설 옮김
duty_assignment,ASG-000697,applicability_note,관리주체 확인 필요(FMS 관리주체 정보 없음·추정) — 용인시 관리면 「해당」으로,시연 배정을 용인시 관리 시설로 옮김(원래 영동선60.39k(강릉)옹벽 — 관리주체 확인필요),② 시설 옮김
duty_assignment,ASG-000698,asset_id,RW1998-0000037,RW2005-0000071,② 시설 옮김
duty_assignment,ASG-000698,applicability,비해당,해당,② 시설 옮김
duty_assignment,ASG-000698,applicability_note,관리주체 타기관(한국석유공사 용인지사) — 용인시 관리 시설 아님(FMS 관리주체 · 09-24),시연 배정을 용인시 관리 시설로 옮김(원래 한국석유공사 용인비축기지 옹벽(휘발유 지역) — 관리주체 한국석유공사 용인지사),② 시설 옮김
duty_assignment,ASG-000698,decided_by,G01,,② 시설 옮김
duty_assignment,ASG-000698,decided_at,2026-09-24,,② 시설 옮김
duty_assignment,ASG-000699,asset_id,RW2000-0000064,RW2006-0000050,② 시설 옮김
duty_assignment,ASG-000699,applicability,비해당,해당,② 시설 옮김
duty_assignment,ASG-000699,applicability_note,관리주체 타기관(경기도용인교육지원청) — 용인시 관리 시설 아님(FMS 관리주체 · 09-24),시연 배정을 용인시 관리 시설로 옮김(원래 구성고 운동장 부지경계부 옹벽 — 관리주체 경기도용인교육지원청),② 시설 옮김
duty_assignment,ASG-000699,decided_by,G01,,② 시설 옮김
duty_assignment,ASG-000699,decided_at,2026-09-24,,② 시설 옮김
duty_assignment,ASG-000701,asset_id,RW1994-0000054,RW2002-0000002,② 시설 옮김
duty_assignment,ASG-000701,applicability,확인필요,해당,② 시설 옮김
duty_assignment,ASG-000701,applicability_note,관리주체 확인 필요(FMS 관리주체 정보 없음·추정) — 용인시 관리면 「해당」으로,시연 배정을 용인시 관리 시설로 옮김(원래 영동선60.39k(강릉)옹벽 — 관리주체 확인필요),② 시설 옮김
duty_assignment,ASG-000702,asset_id,RW1998-0000037,RW2005-0000071,② 시설 옮김
duty_assignment,ASG-000702,applicability,비해당,해당,② 시설 옮김
duty_assignment,ASG-000702,applicability_note,관리주체 타기관(한국석유공사 용인지사) — 용인시 관리 시설 아님(FMS 관리주체 · 09-24),시연 배정을 용인시 관리 시설로 옮김(원래 한국석유공사 용인비축기지 옹벽(휘발유 지역) — 관리주체 한국석유공사 용인지사),② 시설 옮김
duty_assignment,ASG-000702,decided_by,G01,,② 시설 옮김
duty_assignment,ASG-000702,decided_at,2026-09-24,,② 시설 옮김
duty_assignment,ASG-000703,asset_id,RW2000-0000064,RW2006-0000050,② 시설 옮김
duty_assignment,ASG-000703,applicability,비해당,해당,② 시설 옮김
duty_assignment,ASG-000703,applicability_note,관리주체 타기관(경기도용인교육지원청) — 용인시 관리 시설 아님(FMS 관리주체 · 09-24),시연 배정을 용인시 관리 시설로 옮김(원래 구성고 운동장 부지경계부 옹벽 — 관리주체 경기도용인교육지원청),② 시설 옮김
duty_assignment,ASG-000703,decided_by,G01,,② 시설 옮김
duty_assignment,ASG-000703,decided_at,2026-09-24,,② 시설 옮김
duty_assignment,ASG-000705,asset_id,RW1994-0000054,RW2002-0000002,② 시설 옮김
duty_assignment,ASG-000705,applicability,확인필요,해당,② 시설 옮김
duty_assignment,ASG-000705,applicability_note,관리주체 확인 필요(FMS 관리주체 정보 없음·추정) — 용인시 관리면 「해당」으로,시연 배정을 용인시 관리 시설로 옮김(원래 영동선60.39k(강릉)옹벽 — 관리주체 확인필요),② 시설 옮김
duty_assignment,ASG-000706,asset_id,RW1998-0000037,RW2005-0000071,② 시설 옮김
duty_assignment,ASG-000706,applicability,비해당,해당,② 시설 옮김
duty_assignment,ASG-000706,applicability_note,관리주체 타기관(한국석유공사 용인지사) — 용인시 관리 시설 아님(FMS 관리주체 · 09-24),시연 배정을 용인시 관리 시설로 옮김(원래 한국석유공사 용인비축기지 옹벽(휘발유 지역) — 관리주체 한국석유공사 용인지사),② 시설 옮김
duty_assignment,ASG-000706,decided_by,G01,,② 시설 옮김
duty_assignment,ASG-000706,decided_at,2026-09-24,,② 시설 옮김
duty_assignment,ASG-000707,asset_id,RW2000-0000064,RW2006-0000050,② 시설 옮김
duty_assignment,ASG-000707,applicability,비해당,해당,② 시설 옮김
duty_assignment,ASG-000707,applicability_note,관리주체 타기관(경기도용인교육지원청) — 용인시 관리 시설 아님(FMS 관리주체 · 09-24),시연 배정을 용인시 관리 시설로 옮김(원래 구성고 운동장 부지경계부 옹벽 — 관리주체 경기도용인교육지원청),② 시설 옮김
duty_assignment,ASG-000707,decided_by,G01,,② 시설 옮김
duty_assignment,ASG-000707,decided_at,2026-09-24,,② 시설 옮김
duty_assignment,ASG-000709,asset_id,RW1994-0000054,RW2002-0000002,② 시설 옮김
duty_assignment,ASG-000709,applicability,확인필요,해당,② 시설 옮김
duty_assignment,ASG-000709,applicability_note,관리주체 확인 필요(FMS 관리주체 정보 없음·추정) — 용인시 관리면 「해당」으로,시연 배정을 용인시 관리 시설로 옮김(원래 영동선60.39k(강릉)옹벽 — 관리주체 확인필요),② 시설 옮김
duty_assignment,ASG-000710,asset_id,RW1998-0000037,RW2005-0000071,② 시설 옮김
duty_assignment,ASG-000710,applicability,비해당,해당,② 시설 옮김
duty_assignment,ASG-000710,applicability_note,관리주체 타기관(한국석유공사 용인지사) — 용인시 관리 시설 아님(FMS 관리주체 · 09-24),시연 배정을 용인시 관리 시설로 옮김(원래 한국석유공사 용인비축기지 옹벽(휘발유 지역) — 관리주체 한국석유공사 용인지사),② 시설 옮김
duty_assignment,ASG-000710,decided_by,G01,,② 시설 옮김
duty_assignment,ASG-000710,decided_at,2026-09-24,,② 시설 옮김
duty_assignment,ASG-000711,asset_id,RW2000-0000064,RW2006-0000050,② 시설 옮김
duty_assignment,ASG-000711,applicability,비해당,해당,② 시설 옮김
duty_assignment,ASG-000711,applicability_note,관리주체 타기관(경기도용인교육지원청) — 용인시 관리 시설 아님(FMS 관리주체 · 09-24),시연 배정을 용인시 관리 시설로 옮김(원래 구성고 운동장 부지경계부 옹벽 — 관리주체 경기도용인교육지원청),② 시설 옮김
duty_assignment,ASG-000711,decided_by,G01,,② 시설 옮김
duty_assignment,ASG-000711,decided_at,2026-09-24,,② 시설 옮김
duty_assignment,ASG-000713,asset_id,RW1994-0000054,RW2002-0000002,② 시설 옮김
duty_assignment,ASG-000713,applicability,확인필요,해당,② 시설 옮김
duty_assignment,ASG-000713,applicability_note,관리주체 확인 필요(FMS 관리주체 정보 없음·추정) — 용인시 관리면 「해당」으로,시연 배정을 용인시 관리 시설로 옮김(원래 영동선60.39k(강릉)옹벽 — 관리주체 확인필요),② 시설 옮김
duty_assignment,ASG-000714,asset_id,RW1998-0000037,RW2005-0000071,② 시설 옮김
duty_assignment,ASG-000714,applicability,비해당,해당,② 시설 옮김
duty_assignment,ASG-000714,applicability_note,관리주체 타기관(한국석유공사 용인지사) — 용인시 관리 시설 아님(FMS 관리주체 · 09-24),시연 배정을 용인시 관리 시설로 옮김(원래 한국석유공사 용인비축기지 옹벽(휘발유 지역) — 관리주체 한국석유공사 용인지사),② 시설 옮김
duty_assignment,ASG-000714,decided_by,G01,,② 시설 옮김
duty_assignment,ASG-000714,decided_at,2026-09-24,,② 시설 옮김
duty_assignment,ASG-000715,asset_id,RW2000-0000064,RW2006-0000050,② 시설 옮김
duty_assignment,ASG-000715,applicability,비해당,해당,② 시설 옮김
duty_assignment,ASG-000715,applicability_note,관리주체 타기관(경기도용인교육지원청) — 용인시 관리 시설 아님(FMS 관리주체 · 09-24),시연 배정을 용인시 관리 시설로 옮김(원래 구성고 운동장 부지경계부 옹벽 — 관리주체 경기도용인교육지원청),② 시설 옮김
duty_assignment,ASG-000715,decided_by,G01,,② 시설 옮김
duty_assignment,ASG-000715,decided_at,2026-09-24,,② 시설 옮김
duty_assignment,ASG-000717,asset_id,RW1994-0000054,RW2002-0000002,② 시설 옮김
duty_assignment,ASG-000717,applicability,확인필요,해당,② 시설 옮김
duty_assignment,ASG-000717,applicability_note,관리주체 확인 필요(FMS 관리주체 정보 없음·추정) — 용인시 관리면 「해당」으로,시연 배정을 용인시 관리 시설로 옮김(원래 영동선60.39k(강릉)옹벽 — 관리주체 확인필요),② 시설 옮김
duty_assignment,ASG-000718,asset_id,RW1998-0000037,RW2005-0000071,② 시설 옮김
duty_assignment,ASG-000718,applicability,비해당,해당,② 시설 옮김
duty_assignment,ASG-000718,applicability_note,관리주체 타기관(한국석유공사 용인지사) — 용인시 관리 시설 아님(FMS 관리주체 · 09-24),시연 배정을 용인시 관리 시설로 옮김(원래 한국석유공사 용인비축기지 옹벽(휘발유 지역) — 관리주체 한국석유공사 용인지사),② 시설 옮김
duty_assignment,ASG-000718,decided_by,G01,,② 시설 옮김
duty_assignment,ASG-000718,decided_at,2026-09-24,,② 시설 옮김
duty_assignment,ASG-000719,asset_id,RW2000-0000064,RW2006-0000050,② 시설 옮김
duty_assignment,ASG-000719,applicability,비해당,해당,② 시설 옮김
duty_assignment,ASG-000719,applicability_note,관리주체 타기관(경기도용인교육지원청) — 용인시 관리 시설 아님(FMS 관리주체 · 09-24),시연 배정을 용인시 관리 시설로 옮김(원래 구성고 운동장 부지경계부 옹벽 — 관리주체 경기도용인교육지원청),② 시설 옮김
duty_assignment,ASG-000719,decided_by,G01,,② 시설 옮김
duty_assignment,ASG-000719,decided_at,2026-09-24,,② 시설 옮김
duty_assignment,ASG-000721,asset_id,RW1994-0000054,RW2002-0000002,② 시설 옮김
duty_assignment,ASG-000721,applicability,확인필요,해당,② 시설 옮김
duty_assignment,ASG-000721,applicability_note,관리주체 확인 필요(FMS 관리주체 정보 없음·추정) — 용인시 관리면 「해당」으로,시연 배정을 용인시 관리 시설로 옮김(원래 영동선60.39k(강릉)옹벽 — 관리주체 확인필요),② 시설 옮김
duty_assignment,ASG-000722,asset_id,RW1998-0000037,RW2005-0000071,② 시설 옮김
duty_assignment,ASG-000722,applicability,비해당,해당,② 시설 옮김
duty_assignment,ASG-000722,applicability_note,관리주체 타기관(한국석유공사 용인지사) — 용인시 관리 시설 아님(FMS 관리주체 · 09-24),시연 배정을 용인시 관리 시설로 옮김(원래 한국석유공사 용인비축기지 옹벽(휘발유 지역) — 관리주체 한국석유공사 용인지사),② 시설 옮김
duty_assignment,ASG-000722,decided_by,G01,,② 시설 옮김
duty_assignment,ASG-000722,decided_at,2026-09-24,,② 시설 옮김
duty_assignment,ASG-000723,asset_id,RW2000-0000064,RW2006-0000050,② 시설 옮김
duty_assignment,ASG-000723,applicability,비해당,해당,② 시설 옮김
duty_assignment,ASG-000723,applicability_note,관리주체 타기관(경기도용인교육지원청) — 용인시 관리 시설 아님(FMS 관리주체 · 09-24),시연 배정을 용인시 관리 시설로 옮김(원래 구성고 운동장 부지경계부 옹벽 — 관리주체 경기도용인교육지원청),② 시설 옮김
duty_assignment,ASG-000723,decided_by,G01,,② 시설 옮김
duty_assignment,ASG-000723,decided_at,2026-09-24,,② 시설 옮김
duty_assignment,ASG-000725,asset_id,RW1994-0000054,RW2002-0000002,② 시설 옮김
duty_assignment,ASG-000725,applicability,확인필요,해당,② 시설 옮김
duty_assignment,ASG-000725,applicability_note,관리주체 확인 필요(FMS 관리주체 정보 없음·추정) — 용인시 관리면 「해당」으로,시연 배정을 용인시 관리 시설로 옮김(원래 영동선60.39k(강릉)옹벽 — 관리주체 확인필요),② 시설 옮김
duty_assignment,ASG-000726,asset_id,RW1998-0000037,RW2005-0000071,② 시설 옮김
duty_assignment,ASG-000726,applicability,비해당,해당,② 시설 옮김
duty_assignment,ASG-000726,applicability_note,관리주체 타기관(한국석유공사 용인지사) — 용인시 관리 시설 아님(FMS 관리주체 · 09-24),시연 배정을 용인시 관리 시설로 옮김(원래 한국석유공사 용인비축기지 옹벽(휘발유 지역) — 관리주체 한국석유공사 용인지사),② 시설 옮김
duty_assignment,ASG-000726,decided_by,G01,,② 시설 옮김
duty_assignment,ASG-000726,decided_at,2026-09-24,,② 시설 옮김
duty_assignment,ASG-000727,asset_id,RW2000-0000064,RW2006-0000050,② 시설 옮김
duty_assignment,ASG-000727,applicability,비해당,해당,② 시설 옮김
duty_assignment,ASG-000727,applicability_note,관리주체 타기관(경기도용인교육지원청) — 용인시 관리 시설 아님(FMS 관리주체 · 09-24),시연 배정을 용인시 관리 시설로 옮김(원래 구성고 운동장 부지경계부 옹벽 — 관리주체 경기도용인교육지원청),② 시설 옮김
duty_assignment,ASG-000727,decided_by,G01,,② 시설 옮김
duty_assignment,ASG-000727,decided_at,2026-09-24,,② 시설 옮김
duty_assignment,ASG-000729,asset_id,BR0000-0000002,BR1992-0000156,② 시설 옮김
duty_assignment,ASG-000729,applicability,확인필요,해당,② 시설 옮김
duty_assignment,ASG-000729,applicability_note,관리주체 확인 필요(FMS 관리주체 정보 없음·추정) — 용인시 관리면 「해당」으로,시연 배정을 용인시 관리 시설로 옮김(원래 꽃터교(안대지2교) — 관리주체 확인필요),② 시설 옮김
duty_assignment,ASG-000730,asset_id,BR1018-0000001,BR1992-0000904,② 시설 옮김
duty_assignment,ASG-000730,applicability,비해당,해당,② 시설 옮김
duty_assignment,ASG-000730,applicability_note,관리주체 타기관(수원국토관리사무소) — 용인시 관리 시설 아님(FMS 관리주체 · 09-24),시연 배정을 용인시 관리 시설로 옮김(원래 하고개교(상행) — 관리주체 수원국토관리사무소),② 시설 옮김
duty_assignment,ASG-000730,decided_by,G01,,② 시설 옮김
duty_assignment,ASG-000730,decided_at,2026-09-24,,② 시설 옮김
duty_assignment,ASG-000731,asset_id,BR1900-0000009,BR1993-0000845,② 시설 옮김
duty_assignment,ASG-000731,applicability,확인필요,해당,② 시설 옮김
duty_assignment,ASG-000731,applicability_note,관리주체 확인 필요(FMS 관리주체 정보 없음·추정) — 용인시 관리면 「해당」으로,시연 배정을 용인시 관리 시설로 옮김(원래 안대지천교 — 관리주체 확인필요),② 시설 옮김
duty_assignment,ASG-000733,asset_id,BR0000-0000002,BR1992-0000156,② 시설 옮김
duty_assignment,ASG-000733,applicability,확인필요,해당,② 시설 옮김
duty_assignment,ASG-000733,applicability_note,관리주체 확인 필요(FMS 관리주체 정보 없음·추정) — 용인시 관리면 「해당」으로,시연 배정을 용인시 관리 시설로 옮김(원래 꽃터교(안대지2교) — 관리주체 확인필요),② 시설 옮김
duty_assignment,ASG-000734,asset_id,BR1018-0000001,BR1992-0000904,② 시설 옮김
duty_assignment,ASG-000734,applicability,비해당,해당,② 시설 옮김
duty_assignment,ASG-000734,applicability_note,관리주체 타기관(수원국토관리사무소) — 용인시 관리 시설 아님(FMS 관리주체 · 09-24),시연 배정을 용인시 관리 시설로 옮김(원래 하고개교(상행) — 관리주체 수원국토관리사무소),② 시설 옮김
duty_assignment,ASG-000734,decided_by,G01,,② 시설 옮김
duty_assignment,ASG-000734,decided_at,2026-09-24,,② 시설 옮김
duty_assignment,ASG-000735,asset_id,BR1900-0000009,BR1993-0000845,② 시설 옮김
duty_assignment,ASG-000735,applicability,확인필요,해당,② 시설 옮김
duty_assignment,ASG-000735,applicability_note,관리주체 확인 필요(FMS 관리주체 정보 없음·추정) — 용인시 관리면 「해당」으로,시연 배정을 용인시 관리 시설로 옮김(원래 안대지천교 — 관리주체 확인필요),② 시설 옮김
duty_assignment,ASG-000737,asset_id,BR0000-0000002,BR1992-0000156,② 시설 옮김
duty_assignment,ASG-000737,applicability,확인필요,해당,② 시설 옮김
duty_assignment,ASG-000737,applicability_note,관리주체 확인 필요(FMS 관리주체 정보 없음·추정) — 용인시 관리면 「해당」으로,시연 배정을 용인시 관리 시설로 옮김(원래 꽃터교(안대지2교) — 관리주체 확인필요),② 시설 옮김
duty_assignment,ASG-000738,asset_id,BR1018-0000001,BR1992-0000904,② 시설 옮김
duty_assignment,ASG-000738,applicability,비해당,해당,② 시설 옮김
duty_assignment,ASG-000738,applicability_note,관리주체 타기관(수원국토관리사무소) — 용인시 관리 시설 아님(FMS 관리주체 · 09-24),시연 배정을 용인시 관리 시설로 옮김(원래 하고개교(상행) — 관리주체 수원국토관리사무소),② 시설 옮김
duty_assignment,ASG-000738,decided_by,G01,,② 시설 옮김
duty_assignment,ASG-000738,decided_at,2026-09-24,,② 시설 옮김
duty_assignment,ASG-000739,asset_id,BR1900-0000009,BR1993-0000845,② 시설 옮김
duty_assignment,ASG-000739,applicability,확인필요,해당,② 시설 옮김
duty_assignment,ASG-000739,applicability_note,관리주체 확인 필요(FMS 관리주체 정보 없음·추정) — 용인시 관리면 「해당」으로,시연 배정을 용인시 관리 시설로 옮김(원래 안대지천교 — 관리주체 확인필요),② 시설 옮김
duty_assignment,ASG-000741,asset_id,BR0000-0000002,BR1992-0000156,② 시설 옮김
duty_assignment,ASG-000741,applicability,확인필요,해당,② 시설 옮김
duty_assignment,ASG-000741,applicability_note,관리주체 확인 필요(FMS 관리주체 정보 없음·추정) — 용인시 관리면 「해당」으로,시연 배정을 용인시 관리 시설로 옮김(원래 꽃터교(안대지2교) — 관리주체 확인필요),② 시설 옮김
duty_assignment,ASG-000742,asset_id,BR1018-0000001,BR1992-0000904,② 시설 옮김
duty_assignment,ASG-000742,applicability,비해당,해당,② 시설 옮김
duty_assignment,ASG-000742,applicability_note,관리주체 타기관(수원국토관리사무소) — 용인시 관리 시설 아님(FMS 관리주체 · 09-24),시연 배정을 용인시 관리 시설로 옮김(원래 하고개교(상행) — 관리주체 수원국토관리사무소),② 시설 옮김
duty_assignment,ASG-000742,decided_by,G01,,② 시설 옮김
duty_assignment,ASG-000742,decided_at,2026-09-24,,② 시설 옮김
duty_assignment,ASG-000743,asset_id,BR1900-0000009,BR1993-0000845,② 시설 옮김
duty_assignment,ASG-000743,applicability,확인필요,해당,② 시설 옮김
duty_assignment,ASG-000743,applicability_note,관리주체 확인 필요(FMS 관리주체 정보 없음·추정) — 용인시 관리면 「해당」으로,시연 배정을 용인시 관리 시설로 옮김(원래 안대지천교 — 관리주체 확인필요),② 시설 옮김
duty_assignment,ASG-000745,asset_id,BR0000-0000002,BR1992-0000156,② 시설 옮김
duty_assignment,ASG-000745,applicability,확인필요,해당,② 시설 옮김
duty_assignment,ASG-000745,applicability_note,관리주체 확인 필요(FMS 관리주체 정보 없음·추정) — 용인시 관리면 「해당」으로,시연 배정을 용인시 관리 시설로 옮김(원래 꽃터교(안대지2교) — 관리주체 확인필요),② 시설 옮김
duty_assignment,ASG-000746,asset_id,BR1018-0000001,BR1992-0000904,② 시설 옮김
duty_assignment,ASG-000746,applicability,비해당,해당,② 시설 옮김
duty_assignment,ASG-000746,applicability_note,관리주체 타기관(수원국토관리사무소) — 용인시 관리 시설 아님(FMS 관리주체 · 09-24),시연 배정을 용인시 관리 시설로 옮김(원래 하고개교(상행) — 관리주체 수원국토관리사무소),② 시설 옮김
duty_assignment,ASG-000746,decided_by,G01,,② 시설 옮김
duty_assignment,ASG-000746,decided_at,2026-09-24,,② 시설 옮김
duty_assignment,ASG-000747,asset_id,BR1900-0000009,BR1993-0000845,② 시설 옮김
duty_assignment,ASG-000747,applicability,확인필요,해당,② 시설 옮김
duty_assignment,ASG-000747,applicability_note,관리주체 확인 필요(FMS 관리주체 정보 없음·추정) — 용인시 관리면 「해당」으로,시연 배정을 용인시 관리 시설로 옮김(원래 안대지천교 — 관리주체 확인필요),② 시설 옮김
duty_assignment,ASG-000749,asset_id,BR0000-0000002,BR1992-0000156,② 시설 옮김
duty_assignment,ASG-000749,applicability,확인필요,해당,② 시설 옮김
duty_assignment,ASG-000749,applicability_note,관리주체 확인 필요(FMS 관리주체 정보 없음·추정) — 용인시 관리면 「해당」으로,시연 배정을 용인시 관리 시설로 옮김(원래 꽃터교(안대지2교) — 관리주체 확인필요),② 시설 옮김
duty_assignment,ASG-000750,asset_id,BR1018-0000001,BR1992-0000904,② 시설 옮김
duty_assignment,ASG-000750,applicability,비해당,해당,② 시설 옮김
duty_assignment,ASG-000750,applicability_note,관리주체 타기관(수원국토관리사무소) — 용인시 관리 시설 아님(FMS 관리주체 · 09-24),시연 배정을 용인시 관리 시설로 옮김(원래 하고개교(상행) — 관리주체 수원국토관리사무소),② 시설 옮김
duty_assignment,ASG-000750,decided_by,G01,,② 시설 옮김
duty_assignment,ASG-000750,decided_at,2026-09-24,,② 시설 옮김
duty_assignment,ASG-000751,asset_id,BR1900-0000009,BR1993-0000845,② 시설 옮김
duty_assignment,ASG-000751,applicability,확인필요,해당,② 시설 옮김
duty_assignment,ASG-000751,applicability_note,관리주체 확인 필요(FMS 관리주체 정보 없음·추정) — 용인시 관리면 「해당」으로,시연 배정을 용인시 관리 시설로 옮김(원래 안대지천교 — 관리주체 확인필요),② 시설 옮김
duty_assignment,ASG-000753,asset_id,BR0000-0000002,BR1992-0000156,② 시설 옮김
duty_assignment,ASG-000753,applicability,확인필요,해당,② 시설 옮김
duty_assignment,ASG-000753,applicability_note,관리주체 확인 필요(FMS 관리주체 정보 없음·추정) — 용인시 관리면 「해당」으로,시연 배정을 용인시 관리 시설로 옮김(원래 꽃터교(안대지2교) — 관리주체 확인필요),② 시설 옮김
duty_assignment,ASG-000754,asset_id,BR1018-0000001,BR1992-0000904,② 시설 옮김
duty_assignment,ASG-000754,applicability,비해당,해당,② 시설 옮김
duty_assignment,ASG-000754,applicability_note,관리주체 타기관(수원국토관리사무소) — 용인시 관리 시설 아님(FMS 관리주체 · 09-24),시연 배정을 용인시 관리 시설로 옮김(원래 하고개교(상행) — 관리주체 수원국토관리사무소),② 시설 옮김
duty_assignment,ASG-000754,decided_by,G01,,② 시설 옮김
duty_assignment,ASG-000754,decided_at,2026-09-24,,② 시설 옮김
duty_assignment,ASG-000755,asset_id,BR1900-0000009,BR1993-0000845,② 시설 옮김
duty_assignment,ASG-000755,applicability,확인필요,해당,② 시설 옮김
duty_assignment,ASG-000755,applicability_note,관리주체 확인 필요(FMS 관리주체 정보 없음·추정) — 용인시 관리면 「해당」으로,시연 배정을 용인시 관리 시설로 옮김(원래 안대지천교 — 관리주체 확인필요),② 시설 옮김
duty_assignment,ASG-000757,asset_id,BR0000-0000002,BR1992-0000156,② 시설 옮김
duty_assignment,ASG-000757,applicability,확인필요,해당,② 시설 옮김
duty_assignment,ASG-000757,applicability_note,관리주체 확인 필요(FMS 관리주체 정보 없음·추정) — 용인시 관리면 「해당」으로,시연 배정을 용인시 관리 시설로 옮김(원래 꽃터교(안대지2교) — 관리주체 확인필요),② 시설 옮김
duty_assignment,ASG-000758,asset_id,BR1018-0000001,BR1992-0000904,② 시설 옮김
duty_assignment,ASG-000758,applicability,비해당,해당,② 시설 옮김
duty_assignment,ASG-000758,applicability_note,관리주체 타기관(수원국토관리사무소) — 용인시 관리 시설 아님(FMS 관리주체 · 09-24),시연 배정을 용인시 관리 시설로 옮김(원래 하고개교(상행) — 관리주체 수원국토관리사무소),② 시설 옮김
duty_assignment,ASG-000758,decided_by,G01,,② 시설 옮김
duty_assignment,ASG-000758,decided_at,2026-09-24,,② 시설 옮김
duty_assignment,ASG-000759,asset_id,BR1900-0000009,BR1993-0000845,② 시설 옮김
duty_assignment,ASG-000759,applicability,확인필요,해당,② 시설 옮김
duty_assignment,ASG-000759,applicability_note,관리주체 확인 필요(FMS 관리주체 정보 없음·추정) — 용인시 관리면 「해당」으로,시연 배정을 용인시 관리 시설로 옮김(원래 안대지천교 — 관리주체 확인필요),② 시설 옮김
duty_assignment,ASG-000761,asset_id,BR0000-0000002,BR1992-0000156,② 시설 옮김
duty_assignment,ASG-000761,applicability,확인필요,해당,② 시설 옮김
duty_assignment,ASG-000761,applicability_note,관리주체 확인 필요(FMS 관리주체 정보 없음·추정) — 용인시 관리면 「해당」으로,시연 배정을 용인시 관리 시설로 옮김(원래 꽃터교(안대지2교) — 관리주체 확인필요),② 시설 옮김
duty_assignment,ASG-000762,asset_id,BR1018-0000001,BR1992-0000904,② 시설 옮김
duty_assignment,ASG-000762,applicability,비해당,해당,② 시설 옮김
duty_assignment,ASG-000762,applicability_note,관리주체 타기관(수원국토관리사무소) — 용인시 관리 시설 아님(FMS 관리주체 · 09-24),시연 배정을 용인시 관리 시설로 옮김(원래 하고개교(상행) — 관리주체 수원국토관리사무소),② 시설 옮김
duty_assignment,ASG-000762,decided_by,G01,,② 시설 옮김
duty_assignment,ASG-000762,decided_at,2026-09-24,,② 시설 옮김
duty_assignment,ASG-000763,asset_id,BR1900-0000009,BR1993-0000845,② 시설 옮김
duty_assignment,ASG-000763,applicability,확인필요,해당,② 시설 옮김
duty_assignment,ASG-000763,applicability_note,관리주체 확인 필요(FMS 관리주체 정보 없음·추정) — 용인시 관리면 「해당」으로,시연 배정을 용인시 관리 시설로 옮김(원래 안대지천교 — 관리주체 확인필요),② 시설 옮김
duty_assignment,ASG-000766,asset_id,BR0000-0000002,BR1992-0000156,② 시설 옮김
duty_assignment,ASG-000766,applicability,확인필요,해당,② 시설 옮김
duty_assignment,ASG-000766,applicability_note,관리주체 확인 필요(FMS 관리주체 정보 없음·추정) — 용인시 관리면 「해당」으로,시연 배정을 용인시 관리 시설로 옮김(원래 꽃터교(안대지2교) — 관리주체 확인필요),② 시설 옮김
duty_assignment,ASG-000767,asset_id,BR1018-0000001,BR1992-0000904,② 시설 옮김
duty_assignment,ASG-000767,applicability,비해당,해당,② 시설 옮김
duty_assignment,ASG-000767,applicability_note,관리주체 타기관(수원국토관리사무소) — 용인시 관리 시설 아님(FMS 관리주체 · 09-24),시연 배정을 용인시 관리 시설로 옮김(원래 하고개교(상행) — 관리주체 수원국토관리사무소),② 시설 옮김
duty_assignment,ASG-000767,decided_by,G01,,② 시설 옮김
duty_assignment,ASG-000767,decided_at,2026-09-24,,② 시설 옮김
duty_assignment,ASG-000768,asset_id,BR1900-0000009,BR1993-0000845,② 시설 옮김
duty_assignment,ASG-000768,applicability,확인필요,해당,② 시설 옮김
duty_assignment,ASG-000768,applicability_note,관리주체 확인 필요(FMS 관리주체 정보 없음·추정) — 용인시 관리면 「해당」으로,시연 배정을 용인시 관리 시설로 옮김(원래 안대지천교 — 관리주체 확인필요),② 시설 옮김
duty_assignment,ASG-000770,asset_id,BR0000-0000002,BR1992-0000156,② 시설 옮김
duty_assignment,ASG-000770,applicability,확인필요,해당,② 시설 옮김
duty_assignment,ASG-000770,applicability_note,관리주체 확인 필요(FMS 관리주체 정보 없음·추정) — 용인시 관리면 「해당」으로,시연 배정을 용인시 관리 시설로 옮김(원래 꽃터교(안대지2교) — 관리주체 확인필요),② 시설 옮김
duty_assignment,ASG-000771,asset_id,BR1018-0000001,BR1992-0000904,② 시설 옮김
duty_assignment,ASG-000771,applicability,비해당,해당,② 시설 옮김
duty_assignment,ASG-000771,applicability_note,관리주체 타기관(수원국토관리사무소) — 용인시 관리 시설 아님(FMS 관리주체 · 09-24),시연 배정을 용인시 관리 시설로 옮김(원래 하고개교(상행) — 관리주체 수원국토관리사무소),② 시설 옮김
duty_assignment,ASG-000771,decided_by,G01,,② 시설 옮김
duty_assignment,ASG-000771,decided_at,2026-09-24,,② 시설 옮김
duty_assignment,ASG-000772,asset_id,BR1900-0000009,BR1993-0000845,② 시설 옮김
duty_assignment,ASG-000772,applicability,확인필요,해당,② 시설 옮김
duty_assignment,ASG-000772,applicability_note,관리주체 확인 필요(FMS 관리주체 정보 없음·추정) — 용인시 관리면 「해당」으로,시연 배정을 용인시 관리 시설로 옮김(원래 안대지천교 — 관리주체 확인필요),② 시설 옮김
duty_assignment,ASG-000774,asset_id,BR0000-0000002,BR1992-0000156,② 시설 옮김
duty_assignment,ASG-000774,applicability,확인필요,해당,② 시설 옮김
duty_assignment,ASG-000774,applicability_note,관리주체 확인 필요(FMS 관리주체 정보 없음·추정) — 용인시 관리면 「해당」으로,시연 배정을 용인시 관리 시설로 옮김(원래 꽃터교(안대지2교) — 관리주체 확인필요),② 시설 옮김
duty_assignment,ASG-000775,asset_id,BR1018-0000001,BR1992-0000904,② 시설 옮김
duty_assignment,ASG-000775,applicability,비해당,해당,② 시설 옮김
duty_assignment,ASG-000775,applicability_note,관리주체 타기관(수원국토관리사무소) — 용인시 관리 시설 아님(FMS 관리주체 · 09-24),시연 배정을 용인시 관리 시설로 옮김(원래 하고개교(상행) — 관리주체 수원국토관리사무소),② 시설 옮김
duty_assignment,ASG-000775,decided_by,G01,,② 시설 옮김
duty_assignment,ASG-000775,decided_at,2026-09-24,,② 시설 옮김
duty_assignment,ASG-000776,asset_id,BR1900-0000009,BR1993-0000845,② 시설 옮김
duty_assignment,ASG-000776,applicability,확인필요,해당,② 시설 옮김
duty_assignment,ASG-000776,applicability_note,관리주체 확인 필요(FMS 관리주체 정보 없음·추정) — 용인시 관리면 「해당」으로,시연 배정을 용인시 관리 시설로 옮김(원래 안대지천교 — 관리주체 확인필요),② 시설 옮김
duty_assignment,ASG-000778,asset_id,BR0000-0000002,BR1992-0000156,② 시설 옮김
duty_assignment,ASG-000778,applicability,확인필요,해당,② 시설 옮김
duty_assignment,ASG-000778,applicability_note,관리주체 확인 필요(FMS 관리주체 정보 없음·추정) — 용인시 관리면 「해당」으로,시연 배정을 용인시 관리 시설로 옮김(원래 꽃터교(안대지2교) — 관리주체 확인필요),② 시설 옮김
duty_assignment,ASG-000779,asset_id,BR1018-0000001,BR1992-0000904,② 시설 옮김
duty_assignment,ASG-000779,applicability,비해당,해당,② 시설 옮김
duty_assignment,ASG-000779,applicability_note,관리주체 타기관(수원국토관리사무소) — 용인시 관리 시설 아님(FMS 관리주체 · 09-24),시연 배정을 용인시 관리 시설로 옮김(원래 하고개교(상행) — 관리주체 수원국토관리사무소),② 시설 옮김
duty_assignment,ASG-000779,decided_by,G01,,② 시설 옮김
duty_assignment,ASG-000779,decided_at,2026-09-24,,② 시설 옮김
duty_assignment,ASG-000780,asset_id,BR1900-0000009,BR1993-0000845,② 시설 옮김
duty_assignment,ASG-000780,applicability,확인필요,해당,② 시설 옮김
duty_assignment,ASG-000780,applicability_note,관리주체 확인 필요(FMS 관리주체 정보 없음·추정) — 용인시 관리면 「해당」으로,시연 배정을 용인시 관리 시설로 옮김(원래 안대지천교 — 관리주체 확인필요),② 시설 옮김
duty_assignment,ASG-000782,asset_id,BR0000-0000002,BR1992-0000156,② 시설 옮김
duty_assignment,ASG-000782,applicability,확인필요,해당,② 시설 옮김
duty_assignment,ASG-000782,applicability_note,관리주체 확인 필요(FMS 관리주체 정보 없음·추정) — 용인시 관리면 「해당」으로,시연 배정을 용인시 관리 시설로 옮김(원래 꽃터교(안대지2교) — 관리주체 확인필요),② 시설 옮김
duty_assignment,ASG-000783,asset_id,BR1018-0000001,BR1992-0000904,② 시설 옮김
duty_assignment,ASG-000783,applicability,비해당,해당,② 시설 옮김
duty_assignment,ASG-000783,applicability_note,관리주체 타기관(수원국토관리사무소) — 용인시 관리 시설 아님(FMS 관리주체 · 09-24),시연 배정을 용인시 관리 시설로 옮김(원래 하고개교(상행) — 관리주체 수원국토관리사무소),② 시설 옮김
duty_assignment,ASG-000783,decided_by,G01,,② 시설 옮김
duty_assignment,ASG-000783,decided_at,2026-09-24,,② 시설 옮김
duty_assignment,ASG-000784,asset_id,BR1900-0000009,BR1993-0000845,② 시설 옮김
duty_assignment,ASG-000784,applicability,확인필요,해당,② 시설 옮김
duty_assignment,ASG-000784,applicability_note,관리주체 확인 필요(FMS 관리주체 정보 없음·추정) — 용인시 관리면 「해당」으로,시연 배정을 용인시 관리 시설로 옮김(원래 안대지천교 — 관리주체 확인필요),② 시설 옮김
duty_assignment,ASG-000786,asset_id,BR0000-0000002,BR1992-0000156,② 시설 옮김
duty_assignment,ASG-000786,applicability,확인필요,해당,② 시설 옮김
duty_assignment,ASG-000786,applicability_note,관리주체 확인 필요(FMS 관리주체 정보 없음·추정) — 용인시 관리면 「해당」으로,시연 배정을 용인시 관리 시설로 옮김(원래 꽃터교(안대지2교) — 관리주체 확인필요),② 시설 옮김
duty_assignment,ASG-000787,asset_id,BR1018-0000001,BR1992-0000904,② 시설 옮김
duty_assignment,ASG-000787,applicability,비해당,해당,② 시설 옮김
duty_assignment,ASG-000787,applicability_note,관리주체 타기관(수원국토관리사무소) — 용인시 관리 시설 아님(FMS 관리주체 · 09-24),시연 배정을 용인시 관리 시설로 옮김(원래 하고개교(상행) — 관리주체 수원국토관리사무소),② 시설 옮김
duty_assignment,ASG-000787,decided_by,G01,,② 시설 옮김
duty_assignment,ASG-000787,decided_at,2026-09-24,,② 시설 옮김
duty_assignment,ASG-000788,asset_id,BR1900-0000009,BR1993-0000845,② 시설 옮김
duty_assignment,ASG-000788,applicability,확인필요,해당,② 시설 옮김
duty_assignment,ASG-000788,applicability_note,관리주체 확인 필요(FMS 관리주체 정보 없음·추정) — 용인시 관리면 「해당」으로,시연 배정을 용인시 관리 시설로 옮김(원래 안대지천교 — 관리주체 확인필요),② 시설 옮김
duty_assignment,ASG-000801,applicability,확인필요,해당,① 관리주체 확정 — 되돌림
duty_assignment,ASG-000801,applicability_note,관리주체 확인 필요(FMS 관리주체 정보 없음·추정) — 용인시 관리면 「해당」으로,,① 관리주체 확정 — 되돌림
duty_assignment,ASG-000802,applicability,확인필요,해당,① 관리주체 확정 — 되돌림
duty_assignment,ASG-000802,applicability_note,관리주체 확인 필요(FMS 관리주체 정보 없음·추정) — 용인시 관리면 「해당」으로,,① 관리주체 확정 — 되돌림
duty_assignment,ASG-000803,applicability,확인필요,해당,① 관리주체 확정 — 되돌림
duty_assignment,ASG-000803,applicability_note,관리주체 확인 필요(FMS 관리주체 정보 없음·추정) — 용인시 관리면 「해당」으로,,① 관리주체 확정 — 되돌림
duty_assignment,ASG-000805,applicability,확인필요,해당,① 관리주체 확정 — 되돌림
duty_assignment,ASG-000805,applicability_note,관리주체 확인 필요(FMS 관리주체 정보 없음·추정) — 용인시 관리면 「해당」으로,,① 관리주체 확정 — 되돌림
duty_assignment,ASG-000806,applicability,확인필요,해당,① 관리주체 확정 — 되돌림
duty_assignment,ASG-000806,applicability_note,관리주체 확인 필요(FMS 관리주체 정보 없음·추정) — 용인시 관리면 「해당」으로,,① 관리주체 확정 — 되돌림
duty_assignment,ASG-000807,applicability,확인필요,해당,① 관리주체 확정 — 되돌림
duty_assignment,ASG-000807,applicability_note,관리주체 확인 필요(FMS 관리주체 정보 없음·추정) — 용인시 관리면 「해당」으로,,① 관리주체 확정 — 되돌림
duty_assignment,ASG-000809,applicability,확인필요,해당,① 관리주체 확정 — 되돌림
duty_assignment,ASG-000809,applicability_note,관리주체 확인 필요(FMS 관리주체 정보 없음·추정) — 용인시 관리면 「해당」으로,,① 관리주체 확정 — 되돌림
duty_assignment,ASG-000810,applicability,확인필요,해당,① 관리주체 확정 — 되돌림
duty_assignment,ASG-000810,applicability_note,관리주체 확인 필요(FMS 관리주체 정보 없음·추정) — 용인시 관리면 「해당」으로,,① 관리주체 확정 — 되돌림
duty_assignment,ASG-000811,applicability,확인필요,해당,① 관리주체 확정 — 되돌림
duty_assignment,ASG-000811,applicability_note,관리주체 확인 필요(FMS 관리주체 정보 없음·추정) — 용인시 관리면 「해당」으로,,① 관리주체 확정 — 되돌림
duty_assignment,ASG-000813,applicability,확인필요,해당,① 관리주체 확정 — 되돌림
duty_assignment,ASG-000813,applicability_note,관리주체 확인 필요(FMS 관리주체 정보 없음·추정) — 용인시 관리면 「해당」으로,,① 관리주체 확정 — 되돌림
duty_assignment,ASG-000814,applicability,확인필요,해당,① 관리주체 확정 — 되돌림
duty_assignment,ASG-000814,applicability_note,관리주체 확인 필요(FMS 관리주체 정보 없음·추정) — 용인시 관리면 「해당」으로,,① 관리주체 확정 — 되돌림
duty_assignment,ASG-000815,applicability,확인필요,해당,① 관리주체 확정 — 되돌림
duty_assignment,ASG-000815,applicability_note,관리주체 확인 필요(FMS 관리주체 정보 없음·추정) — 용인시 관리면 「해당」으로,,① 관리주체 확정 — 되돌림
duty_assignment,ASG-000817,applicability,확인필요,해당,① 관리주체 확정 — 되돌림
duty_assignment,ASG-000817,applicability_note,관리주체 확인 필요(FMS 관리주체 정보 없음·추정) — 용인시 관리면 「해당」으로,,① 관리주체 확정 — 되돌림
duty_assignment,ASG-000818,applicability,확인필요,해당,① 관리주체 확정 — 되돌림
duty_assignment,ASG-000818,applicability_note,관리주체 확인 필요(FMS 관리주체 정보 없음·추정) — 용인시 관리면 「해당」으로,,① 관리주체 확정 — 되돌림
duty_assignment,ASG-000819,applicability,확인필요,해당,① 관리주체 확정 — 되돌림
duty_assignment,ASG-000819,applicability_note,관리주체 확인 필요(FMS 관리주체 정보 없음·추정) — 용인시 관리면 「해당」으로,,① 관리주체 확정 — 되돌림
duty_assignment,ASG-000821,applicability,확인필요,해당,① 관리주체 확정 — 되돌림
duty_assignment,ASG-000821,applicability_note,관리주체 확인 필요(FMS 관리주체 정보 없음·추정) — 용인시 관리면 「해당」으로,,① 관리주체 확정 — 되돌림
duty_assignment,ASG-000822,applicability,확인필요,해당,① 관리주체 확정 — 되돌림
duty_assignment,ASG-000822,applicability_note,관리주체 확인 필요(FMS 관리주체 정보 없음·추정) — 용인시 관리면 「해당」으로,,① 관리주체 확정 — 되돌림
duty_assignment,ASG-000823,applicability,확인필요,해당,① 관리주체 확정 — 되돌림
duty_assignment,ASG-000823,applicability_note,관리주체 확인 필요(FMS 관리주체 정보 없음·추정) — 용인시 관리면 「해당」으로,,① 관리주체 확정 — 되돌림
duty_assignment,ASG-000825,applicability,확인필요,해당,① 관리주체 확정 — 되돌림
duty_assignment,ASG-000825,applicability_note,관리주체 확인 필요(FMS 관리주체 정보 없음·추정) — 용인시 관리면 「해당」으로,,① 관리주체 확정 — 되돌림
duty_assignment,ASG-000826,applicability,확인필요,해당,① 관리주체 확정 — 되돌림
duty_assignment,ASG-000826,applicability_note,관리주체 확인 필요(FMS 관리주체 정보 없음·추정) — 용인시 관리면 「해당」으로,,① 관리주체 확정 — 되돌림
duty_assignment,ASG-000827,applicability,확인필요,해당,① 관리주체 확정 — 되돌림
duty_assignment,ASG-000827,applicability_note,관리주체 확인 필요(FMS 관리주체 정보 없음·추정) — 용인시 관리면 「해당」으로,,① 관리주체 확정 — 되돌림
duty_assignment,ASG-000829,applicability,확인필요,해당,① 관리주체 확정 — 되돌림
duty_assignment,ASG-000829,applicability_note,관리주체 확인 필요(FMS 관리주체 정보 없음·추정) — 용인시 관리면 「해당」으로,,① 관리주체 확정 — 되돌림
duty_assignment,ASG-000830,applicability,확인필요,해당,① 관리주체 확정 — 되돌림
duty_assignment,ASG-000830,applicability_note,관리주체 확인 필요(FMS 관리주체 정보 없음·추정) — 용인시 관리면 「해당」으로,,① 관리주체 확정 — 되돌림
duty_assignment,ASG-000831,applicability,확인필요,해당,① 관리주체 확정 — 되돌림
duty_assignment,ASG-000831,applicability_note,관리주체 확인 필요(FMS 관리주체 정보 없음·추정) — 용인시 관리면 「해당」으로,,① 관리주체 확정 — 되돌림
duty_assignment,ASG-000833,applicability,확인필요,해당,① 관리주체 확정 — 되돌림
duty_assignment,ASG-000833,applicability_note,관리주체 확인 필요(FMS 관리주체 정보 없음·추정) — 용인시 관리면 「해당」으로,,① 관리주체 확정 — 되돌림
duty_assignment,ASG-000834,applicability,확인필요,해당,① 관리주체 확정 — 되돌림
duty_assignment,ASG-000834,applicability_note,관리주체 확인 필요(FMS 관리주체 정보 없음·추정) — 용인시 관리면 「해당」으로,,① 관리주체 확정 — 되돌림
duty_assignment,ASG-000835,applicability,확인필요,해당,① 관리주체 확정 — 되돌림
duty_assignment,ASG-000835,applicability_note,관리주체 확인 필요(FMS 관리주체 정보 없음·추정) — 용인시 관리면 「해당」으로,,① 관리주체 확정 — 되돌림
duty_assignment,ASG-000837,applicability,확인필요,해당,① 관리주체 확정 — 되돌림
duty_assignment,ASG-000837,applicability_note,관리주체 확인 필요(FMS 관리주체 정보 없음·추정) — 용인시 관리면 「해당」으로,,① 관리주체 확정 — 되돌림
duty_assignment,ASG-000838,applicability,확인필요,해당,① 관리주체 확정 — 되돌림
duty_assignment,ASG-000838,applicability_note,관리주체 확인 필요(FMS 관리주체 정보 없음·추정) — 용인시 관리면 「해당」으로,,① 관리주체 확정 — 되돌림
duty_assignment,ASG-000839,applicability,확인필요,해당,① 관리주체 확정 — 되돌림
duty_assignment,ASG-000839,applicability_note,관리주체 확인 필요(FMS 관리주체 정보 없음·추정) — 용인시 관리면 「해당」으로,,① 관리주체 확정 — 되돌림
duty_assignment,ASG-000841,applicability,확인필요,해당,① 관리주체 확정 — 되돌림
duty_assignment,ASG-000841,applicability_note,관리주체 확인 필요(FMS 관리주체 정보 없음·추정) — 용인시 관리면 「해당」으로,,① 관리주체 확정 — 되돌림
duty_assignment,ASG-000842,applicability,확인필요,해당,① 관리주체 확정 — 되돌림
duty_assignment,ASG-000842,applicability_note,관리주체 확인 필요(FMS 관리주체 정보 없음·추정) — 용인시 관리면 「해당」으로,,① 관리주체 확정 — 되돌림
duty_assignment,ASG-000843,applicability,확인필요,해당,① 관리주체 확정 — 되돌림
duty_assignment,ASG-000843,applicability_note,관리주체 확인 필요(FMS 관리주체 정보 없음·추정) — 용인시 관리면 「해당」으로,,① 관리주체 확정 — 되돌림
duty_assignment,ASG-000845,applicability,확인필요,해당,① 관리주체 확정 — 되돌림
duty_assignment,ASG-000845,applicability_note,관리주체 확인 필요(FMS 관리주체 정보 없음·추정) — 용인시 관리면 「해당」으로,,① 관리주체 확정 — 되돌림
duty_assignment,ASG-000846,applicability,확인필요,해당,① 관리주체 확정 — 되돌림
duty_assignment,ASG-000846,applicability_note,관리주체 확인 필요(FMS 관리주체 정보 없음·추정) — 용인시 관리면 「해당」으로,,① 관리주체 확정 — 되돌림
duty_assignment,ASG-000847,applicability,확인필요,해당,① 관리주체 확정 — 되돌림
duty_assignment,ASG-000847,applicability_note,관리주체 확인 필요(FMS 관리주체 정보 없음·추정) — 용인시 관리면 「해당」으로,,① 관리주체 확정 — 되돌림
duty_assignment,ASG-000849,applicability,확인필요,해당,① 관리주체 확정 — 되돌림
duty_assignment,ASG-000849,applicability_note,관리주체 확인 필요(FMS 관리주체 정보 없음·추정) — 용인시 관리면 「해당」으로,,① 관리주체 확정 — 되돌림
duty_assignment,ASG-000850,applicability,확인필요,해당,① 관리주체 확정 — 되돌림
duty_assignment,ASG-000850,applicability_note,관리주체 확인 필요(FMS 관리주체 정보 없음·추정) — 용인시 관리면 「해당」으로,,① 관리주체 확정 — 되돌림
duty_assignment,ASG-000851,applicability,확인필요,해당,① 관리주체 확정 — 되돌림
duty_assignment,ASG-000851,applicability_note,관리주체 확인 필요(FMS 관리주체 정보 없음·추정) — 용인시 관리면 「해당」으로,,① 관리주체 확정 — 되돌림
duty_assignment,ASG-000853,applicability,확인필요,해당,① 관리주체 확정 — 되돌림
duty_assignment,ASG-000853,applicability_note,관리주체 확인 필요(FMS 관리주체 정보 없음·추정) — 용인시 관리면 「해당」으로,,① 관리주체 확정 — 되돌림
duty_assignment,ASG-000854,applicability,확인필요,해당,① 관리주체 확정 — 되돌림
duty_assignment,ASG-000854,applicability_note,관리주체 확인 필요(FMS 관리주체 정보 없음·추정) — 용인시 관리면 「해당」으로,,① 관리주체 확정 — 되돌림
duty_assignment,ASG-000855,applicability,확인필요,해당,① 관리주체 확정 — 되돌림
duty_assignment,ASG-000855,applicability_note,관리주체 확인 필요(FMS 관리주체 정보 없음·추정) — 용인시 관리면 「해당」으로,,① 관리주체 확정 — 되돌림
duty_assignment,ASG-000857,applicability,확인필요,해당,① 관리주체 확정 — 되돌림
duty_assignment,ASG-000857,applicability_note,관리주체 확인 필요(FMS 관리주체 정보 없음·추정) — 용인시 관리면 「해당」으로,,① 관리주체 확정 — 되돌림
duty_assignment,ASG-000858,applicability,확인필요,해당,① 관리주체 확정 — 되돌림
duty_assignment,ASG-000858,applicability_note,관리주체 확인 필요(FMS 관리주체 정보 없음·추정) — 용인시 관리면 「해당」으로,,① 관리주체 확정 — 되돌림
duty_assignment,ASG-000859,applicability,확인필요,해당,① 관리주체 확정 — 되돌림
duty_assignment,ASG-000859,applicability_note,관리주체 확인 필요(FMS 관리주체 정보 없음·추정) — 용인시 관리면 「해당」으로,,① 관리주체 확정 — 되돌림
duty_assignment,ASG-000861,applicability,확인필요,해당,① 관리주체 확정 — 되돌림
duty_assignment,ASG-000861,applicability_note,관리주체 확인 필요(FMS 관리주체 정보 없음·추정) — 용인시 관리면 「해당」으로,,① 관리주체 확정 — 되돌림
duty_assignment,ASG-000862,applicability,확인필요,해당,① 관리주체 확정 — 되돌림
duty_assignment,ASG-000862,applicability_note,관리주체 확인 필요(FMS 관리주체 정보 없음·추정) — 용인시 관리면 「해당」으로,,① 관리주체 확정 — 되돌림
duty_assignment,ASG-000863,applicability,확인필요,해당,① 관리주체 확정 — 되돌림
duty_assignment,ASG-000863,applicability_note,관리주체 확인 필요(FMS 관리주체 정보 없음·추정) — 용인시 관리면 「해당」으로,,① 관리주체 확정 — 되돌림
duty_assignment,ASG-000865,applicability,확인필요,해당,① 관리주체 확정 — 되돌림
duty_assignment,ASG-000865,applicability_note,관리주체 확인 필요(FMS 관리주체 정보 없음·추정) — 용인시 관리면 「해당」으로,,① 관리주체 확정 — 되돌림
duty_assignment,ASG-000866,applicability,확인필요,해당,① 관리주체 확정 — 되돌림
duty_assignment,ASG-000866,applicability_note,관리주체 확인 필요(FMS 관리주체 정보 없음·추정) — 용인시 관리면 「해당」으로,,① 관리주체 확정 — 되돌림
duty_assignment,ASG-000867,applicability,확인필요,해당,① 관리주체 확정 — 되돌림
duty_assignment,ASG-000867,applicability_note,관리주체 확인 필요(FMS 관리주체 정보 없음·추정) — 용인시 관리면 「해당」으로,,① 관리주체 확정 — 되돌림
duty_assignment,ASG-000869,applicability,확인필요,해당,① 관리주체 확정 — 되돌림
duty_assignment,ASG-000869,applicability_note,관리주체 확인 필요(FMS 관리주체 정보 없음·추정) — 용인시 관리면 「해당」으로,,① 관리주체 확정 — 되돌림
duty_assignment,ASG-000870,applicability,확인필요,해당,① 관리주체 확정 — 되돌림
duty_assignment,ASG-000870,applicability_note,관리주체 확인 필요(FMS 관리주체 정보 없음·추정) — 용인시 관리면 「해당」으로,,① 관리주체 확정 — 되돌림
duty_assignment,ASG-000871,applicability,확인필요,해당,① 관리주체 확정 — 되돌림
duty_assignment,ASG-000871,applicability_note,관리주체 확인 필요(FMS 관리주체 정보 없음·추정) — 용인시 관리면 「해당」으로,,① 관리주체 확정 — 되돌림
duty_assignment,ASG-000873,applicability,확인필요,해당,① 관리주체 확정 — 되돌림
duty_assignment,ASG-000873,applicability_note,관리주체 확인 필요(FMS 관리주체 정보 없음·추정) — 용인시 관리면 「해당」으로,,① 관리주체 확정 — 되돌림
duty_assignment,ASG-000874,applicability,확인필요,해당,① 관리주체 확정 — 되돌림
duty_assignment,ASG-000874,applicability_note,관리주체 확인 필요(FMS 관리주체 정보 없음·추정) — 용인시 관리면 「해당」으로,,① 관리주체 확정 — 되돌림
duty_assignment,ASG-000875,applicability,확인필요,해당,① 관리주체 확정 — 되돌림
duty_assignment,ASG-000875,applicability_note,관리주체 확인 필요(FMS 관리주체 정보 없음·추정) — 용인시 관리면 「해당」으로,,① 관리주체 확정 — 되돌림
duty_assignment,ASG-000877,applicability,확인필요,해당,① 관리주체 확정 — 되돌림
duty_assignment,ASG-000877,applicability_note,관리주체 확인 필요(FMS 관리주체 정보 없음·추정) — 용인시 관리면 「해당」으로,,① 관리주체 확정 — 되돌림
duty_assignment,ASG-000878,applicability,확인필요,해당,① 관리주체 확정 — 되돌림
duty_assignment,ASG-000878,applicability_note,관리주체 확인 필요(FMS 관리주체 정보 없음·추정) — 용인시 관리면 「해당」으로,,① 관리주체 확정 — 되돌림
duty_assignment,ASG-000879,applicability,확인필요,해당,① 관리주체 확정 — 되돌림
duty_assignment,ASG-000879,applicability_note,관리주체 확인 필요(FMS 관리주체 정보 없음·추정) — 용인시 관리면 「해당」으로,,① 관리주체 확정 — 되돌림
duty_assignment,ASG-000882,asset_id,AR1967-0000142,AR2004-0004612,② 시설 옮김
duty_assignment,ASG-000882,applicability,비해당,해당,② 시설 옮김
duty_assignment,ASG-000882,applicability_note,관리주체 아님(시설 판정 「제외」) — 비해당으로 닫음(09-24 결정),시연 배정을 용인시 관리 시설로 옮김(원래 고기초등학교 교사동 — 관리주체 확인필요),② 시설 옮김
duty_assignment,ASG-000882,decided_by,G01,,② 시설 옮김
duty_assignment,ASG-000882,decided_at,2026-09-24,,② 시설 옮김
duty_assignment,ASG-000883,asset_id,AR1969-0000298,AR2005-0003904,② 시설 옮김
duty_assignment,ASG-000883,applicability,비해당,해당,② 시설 옮김
duty_assignment,ASG-000883,applicability_note,관리주체 아님(시설 판정 「제외」) — 비해당으로 닫음(09-24 결정),시연 배정을 용인시 관리 시설로 옮김(원래 두창초등학교 교사1호동 — 관리주체 확인필요),② 시설 옮김
duty_assignment,ASG-000883,decided_by,G01,,② 시설 옮김
duty_assignment,ASG-000883,decided_at,2026-09-24,,② 시설 옮김
duty_assignment,ASG-000884,asset_id,AR1969-0000299,AR2005-0003905,② 시설 옮김
duty_assignment,ASG-000884,applicability,비해당,해당,② 시설 옮김
duty_assignment,ASG-000884,applicability_note,관리주체 아님(시설 판정 「제외」) — 비해당으로 닫음(09-24 결정),시연 배정을 용인시 관리 시설로 옮김(원래 백암고등학교 교사동(1호동) — 관리주체 확인필요),② 시설 옮김
duty_assignment,ASG-000884,decided_by,G01,,② 시설 옮김
duty_assignment,ASG-000884,decided_at,2026-09-24,,② 시설 옮김
duty_assignment,ASG-000892,asset_id,AR1967-0000142,AR2004-0004612,② 시설 옮김
duty_assignment,ASG-000892,applicability,비해당,해당,② 시설 옮김
duty_assignment,ASG-000892,applicability_note,관리주체 아님(시설 판정 「제외」) — 비해당으로 닫음(09-24 결정),시연 배정을 용인시 관리 시설로 옮김(원래 고기초등학교 교사동 — 관리주체 확인필요),② 시설 옮김
duty_assignment,ASG-000892,decided_by,G01,,② 시설 옮김
duty_assignment,ASG-000892,decided_at,2026-09-24,,② 시설 옮김
duty_assignment,ASG-000893,asset_id,AR1969-0000298,AR2005-0003904,② 시설 옮김
duty_assignment,ASG-000893,applicability,비해당,해당,② 시설 옮김
duty_assignment,ASG-000893,applicability_note,관리주체 아님(시설 판정 「제외」) — 비해당으로 닫음(09-24 결정),시연 배정을 용인시 관리 시설로 옮김(원래 두창초등학교 교사1호동 — 관리주체 확인필요),② 시설 옮김
duty_assignment,ASG-000893,decided_by,G01,,② 시설 옮김
duty_assignment,ASG-000893,decided_at,2026-09-24,,② 시설 옮김
duty_assignment,ASG-000894,asset_id,AR1969-0000299,AR2005-0003905,② 시설 옮김
duty_assignment,ASG-000894,applicability,비해당,해당,② 시설 옮김
duty_assignment,ASG-000894,applicability_note,관리주체 아님(시설 판정 「제외」) — 비해당으로 닫음(09-24 결정),시연 배정을 용인시 관리 시설로 옮김(원래 백암고등학교 교사동(1호동) — 관리주체 확인필요),② 시설 옮김
duty_assignment,ASG-000894,decided_by,G01,,② 시설 옮김
duty_assignment,ASG-000894,decided_at,2026-09-24,,② 시설 옮김
duty_assignment,ASG-000896,asset_id,AR1967-0000142,AR2004-0004612,② 시설 옮김
duty_assignment,ASG-000896,applicability,비해당,해당,② 시설 옮김
duty_assignment,ASG-000896,applicability_note,관리주체 아님(시설 판정 「제외」) — 비해당으로 닫음(09-24 결정),시연 배정을 용인시 관리 시설로 옮김(원래 고기초등학교 교사동 — 관리주체 확인필요),② 시설 옮김
duty_assignment,ASG-000896,decided_by,G01,,② 시설 옮김
duty_assignment,ASG-000896,decided_at,2026-09-24,,② 시설 옮김
duty_assignment,ASG-000897,asset_id,AR1969-0000298,AR2005-0003904,② 시설 옮김
duty_assignment,ASG-000897,applicability,비해당,해당,② 시설 옮김
duty_assignment,ASG-000897,applicability_note,관리주체 아님(시설 판정 「제외」) — 비해당으로 닫음(09-24 결정),시연 배정을 용인시 관리 시설로 옮김(원래 두창초등학교 교사1호동 — 관리주체 확인필요),② 시설 옮김
duty_assignment,ASG-000897,decided_by,G01,,② 시설 옮김
duty_assignment,ASG-000897,decided_at,2026-09-24,,② 시설 옮김
duty_assignment,ASG-000898,asset_id,AR1969-0000299,AR2005-0003905,② 시설 옮김
duty_assignment,ASG-000898,applicability,비해당,해당,② 시설 옮김
duty_assignment,ASG-000898,applicability_note,관리주체 아님(시설 판정 「제외」) — 비해당으로 닫음(09-24 결정),시연 배정을 용인시 관리 시설로 옮김(원래 백암고등학교 교사동(1호동) — 관리주체 확인필요),② 시설 옮김
duty_assignment,ASG-000898,decided_by,G01,,② 시설 옮김
duty_assignment,ASG-000898,decided_at,2026-09-24,,② 시설 옮김
duty_assignment,ASG-000900,asset_id,AR1967-0000142,AR2004-0004612,② 시설 옮김
duty_assignment,ASG-000900,applicability,비해당,해당,② 시설 옮김
duty_assignment,ASG-000900,applicability_note,관리주체 아님(시설 판정 「제외」) — 비해당으로 닫음(09-24 결정),시연 배정을 용인시 관리 시설로 옮김(원래 고기초등학교 교사동 — 관리주체 확인필요),② 시설 옮김
duty_assignment,ASG-000900,decided_by,G01,,② 시설 옮김
duty_assignment,ASG-000900,decided_at,2026-09-24,,② 시설 옮김
duty_assignment,ASG-000901,asset_id,AR1969-0000298,AR2005-0003904,② 시설 옮김
duty_assignment,ASG-000901,applicability,비해당,해당,② 시설 옮김
duty_assignment,ASG-000901,applicability_note,관리주체 아님(시설 판정 「제외」) — 비해당으로 닫음(09-24 결정),시연 배정을 용인시 관리 시설로 옮김(원래 두창초등학교 교사1호동 — 관리주체 확인필요),② 시설 옮김
duty_assignment,ASG-000901,decided_by,G01,,② 시설 옮김
duty_assignment,ASG-000901,decided_at,2026-09-24,,② 시설 옮김
duty_assignment,ASG-000902,asset_id,AR1969-0000299,AR2005-0003905,② 시설 옮김
duty_assignment,ASG-000902,applicability,비해당,해당,② 시설 옮김
duty_assignment,ASG-000902,applicability_note,관리주체 아님(시설 판정 「제외」) — 비해당으로 닫음(09-24 결정),시연 배정을 용인시 관리 시설로 옮김(원래 백암고등학교 교사동(1호동) — 관리주체 확인필요),② 시설 옮김
duty_assignment,ASG-000902,decided_by,G01,,② 시설 옮김
duty_assignment,ASG-000902,decided_at,2026-09-24,,② 시설 옮김
duty_assignment,ASG-000904,asset_id,AR1967-0000142,AR2004-0004612,② 시설 옮김
duty_assignment,ASG-000904,applicability,비해당,해당,② 시설 옮김
duty_assignment,ASG-000904,applicability_note,관리주체 아님(시설 판정 「제외」) — 비해당으로 닫음(09-24 결정),시연 배정을 용인시 관리 시설로 옮김(원래 고기초등학교 교사동 — 관리주체 확인필요),② 시설 옮김
duty_assignment,ASG-000904,decided_by,G01,,② 시설 옮김
duty_assignment,ASG-000904,decided_at,2026-09-24,,② 시설 옮김
duty_assignment,ASG-000905,asset_id,AR1969-0000298,AR2005-0003904,② 시설 옮김
duty_assignment,ASG-000905,applicability,비해당,해당,② 시설 옮김
duty_assignment,ASG-000905,applicability_note,관리주체 아님(시설 판정 「제외」) — 비해당으로 닫음(09-24 결정),시연 배정을 용인시 관리 시설로 옮김(원래 두창초등학교 교사1호동 — 관리주체 확인필요),② 시설 옮김
duty_assignment,ASG-000905,decided_by,G01,,② 시설 옮김
duty_assignment,ASG-000905,decided_at,2026-09-24,,② 시설 옮김
duty_assignment,ASG-000906,asset_id,AR1969-0000299,AR2005-0003905,② 시설 옮김
duty_assignment,ASG-000906,applicability,비해당,해당,② 시설 옮김
duty_assignment,ASG-000906,applicability_note,관리주체 아님(시설 판정 「제외」) — 비해당으로 닫음(09-24 결정),시연 배정을 용인시 관리 시설로 옮김(원래 백암고등학교 교사동(1호동) — 관리주체 확인필요),② 시설 옮김
duty_assignment,ASG-000906,decided_by,G01,,② 시설 옮김
duty_assignment,ASG-000906,decided_at,2026-09-24,,② 시설 옮김
duty_assignment,ASG-000908,asset_id,AR1967-0000142,AR2004-0004612,② 시설 옮김
duty_assignment,ASG-000908,applicability,비해당,해당,② 시설 옮김
duty_assignment,ASG-000908,applicability_note,관리주체 아님(시설 판정 「제외」) — 비해당으로 닫음(09-24 결정),시연 배정을 용인시 관리 시설로 옮김(원래 고기초등학교 교사동 — 관리주체 확인필요),② 시설 옮김
duty_assignment,ASG-000908,decided_by,G01,,② 시설 옮김
duty_assignment,ASG-000908,decided_at,2026-09-24,,② 시설 옮김
duty_assignment,ASG-000909,asset_id,AR1969-0000298,AR2005-0003904,② 시설 옮김
duty_assignment,ASG-000909,applicability,비해당,해당,② 시설 옮김
duty_assignment,ASG-000909,applicability_note,관리주체 아님(시설 판정 「제외」) — 비해당으로 닫음(09-24 결정),시연 배정을 용인시 관리 시설로 옮김(원래 두창초등학교 교사1호동 — 관리주체 확인필요),② 시설 옮김
duty_assignment,ASG-000909,decided_by,G01,,② 시설 옮김
duty_assignment,ASG-000909,decided_at,2026-09-24,,② 시설 옮김
duty_assignment,ASG-000910,asset_id,AR1969-0000299,AR2005-0003905,② 시설 옮김
duty_assignment,ASG-000910,applicability,비해당,해당,② 시설 옮김
duty_assignment,ASG-000910,applicability_note,관리주체 아님(시설 판정 「제외」) — 비해당으로 닫음(09-24 결정),시연 배정을 용인시 관리 시설로 옮김(원래 백암고등학교 교사동(1호동) — 관리주체 확인필요),② 시설 옮김
duty_assignment,ASG-000910,decided_by,G01,,② 시설 옮김
duty_assignment,ASG-000910,decided_at,2026-09-24,,② 시설 옮김
duty_assignment,ASG-000912,asset_id,AR1967-0000142,AR2004-0004612,② 시설 옮김
duty_assignment,ASG-000912,applicability,비해당,해당,② 시설 옮김
duty_assignment,ASG-000912,applicability_note,관리주체 아님(시설 판정 「제외」) — 비해당으로 닫음(09-24 결정),시연 배정을 용인시 관리 시설로 옮김(원래 고기초등학교 교사동 — 관리주체 확인필요),② 시설 옮김
duty_assignment,ASG-000912,decided_by,G01,,② 시설 옮김
duty_assignment,ASG-000912,decided_at,2026-09-24,,② 시설 옮김
duty_assignment,ASG-000913,asset_id,AR1969-0000298,AR2005-0003904,② 시설 옮김
duty_assignment,ASG-000913,applicability,비해당,해당,② 시설 옮김
duty_assignment,ASG-000913,applicability_note,관리주체 아님(시설 판정 「제외」) — 비해당으로 닫음(09-24 결정),시연 배정을 용인시 관리 시설로 옮김(원래 두창초등학교 교사1호동 — 관리주체 확인필요),② 시설 옮김
duty_assignment,ASG-000913,decided_by,G01,,② 시설 옮김
duty_assignment,ASG-000913,decided_at,2026-09-24,,② 시설 옮김
duty_assignment,ASG-000914,asset_id,AR1969-0000299,AR2005-0003905,② 시설 옮김
duty_assignment,ASG-000914,applicability,비해당,해당,② 시설 옮김
duty_assignment,ASG-000914,applicability_note,관리주체 아님(시설 판정 「제외」) — 비해당으로 닫음(09-24 결정),시연 배정을 용인시 관리 시설로 옮김(원래 백암고등학교 교사동(1호동) — 관리주체 확인필요),② 시설 옮김
duty_assignment,ASG-000914,decided_by,G01,,② 시설 옮김
duty_assignment,ASG-000914,decided_at,2026-09-24,,② 시설 옮김
duty_assignment,ASG-000916,asset_id,AR1967-0000142,AR2004-0004612,② 시설 옮김
duty_assignment,ASG-000916,applicability,비해당,해당,② 시설 옮김
duty_assignment,ASG-000916,applicability_note,관리주체 아님(시설 판정 「제외」) — 비해당으로 닫음(09-24 결정),시연 배정을 용인시 관리 시설로 옮김(원래 고기초등학교 교사동 — 관리주체 확인필요),② 시설 옮김
duty_assignment,ASG-000916,decided_by,G01,,② 시설 옮김
duty_assignment,ASG-000916,decided_at,2026-09-24,,② 시설 옮김
duty_assignment,ASG-000917,asset_id,AR1969-0000298,AR2005-0003904,② 시설 옮김
duty_assignment,ASG-000917,applicability,비해당,해당,② 시설 옮김
duty_assignment,ASG-000917,applicability_note,관리주체 아님(시설 판정 「제외」) — 비해당으로 닫음(09-24 결정),시연 배정을 용인시 관리 시설로 옮김(원래 두창초등학교 교사1호동 — 관리주체 확인필요),② 시설 옮김
duty_assignment,ASG-000917,decided_by,G01,,② 시설 옮김
duty_assignment,ASG-000917,decided_at,2026-09-24,,② 시설 옮김
duty_assignment,ASG-000918,asset_id,AR1969-0000299,AR2005-0003905,② 시설 옮김
duty_assignment,ASG-000918,applicability,비해당,해당,② 시설 옮김
duty_assignment,ASG-000918,applicability_note,관리주체 아님(시설 판정 「제외」) — 비해당으로 닫음(09-24 결정),시연 배정을 용인시 관리 시설로 옮김(원래 백암고등학교 교사동(1호동) — 관리주체 확인필요),② 시설 옮김
duty_assignment,ASG-000918,decided_by,G01,,② 시설 옮김
duty_assignment,ASG-000918,decided_at,2026-09-24,,② 시설 옮김
duty_assignment,ASG-000920,asset_id,AR1967-0000142,AR2004-0004612,② 시설 옮김
duty_assignment,ASG-000920,applicability,비해당,해당,② 시설 옮김
duty_assignment,ASG-000920,applicability_note,관리주체 아님(시설 판정 「제외」) — 비해당으로 닫음(09-24 결정),시연 배정을 용인시 관리 시설로 옮김(원래 고기초등학교 교사동 — 관리주체 확인필요),② 시설 옮김
duty_assignment,ASG-000920,decided_by,G01,,② 시설 옮김
duty_assignment,ASG-000920,decided_at,2026-09-24,,② 시설 옮김
duty_assignment,ASG-000921,asset_id,AR1969-0000298,AR2005-0003904,② 시설 옮김
duty_assignment,ASG-000921,applicability,비해당,해당,② 시설 옮김
duty_assignment,ASG-000921,applicability_note,관리주체 아님(시설 판정 「제외」) — 비해당으로 닫음(09-24 결정),시연 배정을 용인시 관리 시설로 옮김(원래 두창초등학교 교사1호동 — 관리주체 확인필요),② 시설 옮김
duty_assignment,ASG-000921,decided_by,G01,,② 시설 옮김
duty_assignment,ASG-000921,decided_at,2026-09-24,,② 시설 옮김
duty_assignment,ASG-000922,asset_id,AR1969-0000299,AR2005-0003905,② 시설 옮김
duty_assignment,ASG-000922,applicability,비해당,해당,② 시설 옮김
duty_assignment,ASG-000922,applicability_note,관리주체 아님(시설 판정 「제외」) — 비해당으로 닫음(09-24 결정),시연 배정을 용인시 관리 시설로 옮김(원래 백암고등학교 교사동(1호동) — 관리주체 확인필요),② 시설 옮김
duty_assignment,ASG-000922,decided_by,G01,,② 시설 옮김
duty_assignment,ASG-000922,decided_at,2026-09-24,,② 시설 옮김
duty_assignment,ASG-000924,asset_id,AR1967-0000142,AR2004-0004612,② 시설 옮김
duty_assignment,ASG-000924,applicability,비해당,해당,② 시설 옮김
duty_assignment,ASG-000924,applicability_note,관리주체 아님(시설 판정 「제외」) — 비해당으로 닫음(09-24 결정),시연 배정을 용인시 관리 시설로 옮김(원래 고기초등학교 교사동 — 관리주체 확인필요),② 시설 옮김
duty_assignment,ASG-000924,decided_by,G01,,② 시설 옮김
duty_assignment,ASG-000924,decided_at,2026-09-24,,② 시설 옮김
duty_assignment,ASG-000925,asset_id,AR1969-0000298,AR2005-0003904,② 시설 옮김
duty_assignment,ASG-000925,applicability,비해당,해당,② 시설 옮김
duty_assignment,ASG-000925,applicability_note,관리주체 아님(시설 판정 「제외」) — 비해당으로 닫음(09-24 결정),시연 배정을 용인시 관리 시설로 옮김(원래 두창초등학교 교사1호동 — 관리주체 확인필요),② 시설 옮김
duty_assignment,ASG-000925,decided_by,G01,,② 시설 옮김
duty_assignment,ASG-000925,decided_at,2026-09-24,,② 시설 옮김
duty_assignment,ASG-000926,asset_id,AR1969-0000299,AR2005-0003905,② 시설 옮김
duty_assignment,ASG-000926,applicability,비해당,해당,② 시설 옮김
duty_assignment,ASG-000926,applicability_note,관리주체 아님(시설 판정 「제외」) — 비해당으로 닫음(09-24 결정),시연 배정을 용인시 관리 시설로 옮김(원래 백암고등학교 교사동(1호동) — 관리주체 확인필요),② 시설 옮김
duty_assignment,ASG-000926,decided_by,G01,,② 시설 옮김
duty_assignment,ASG-000926,decided_at,2026-09-24,,② 시설 옮김
duty_assignment,ASG-000928,asset_id,AR1967-0000142,AR2004-0004612,② 시설 옮김
duty_assignment,ASG-000928,applicability,비해당,해당,② 시설 옮김
duty_assignment,ASG-000928,applicability_note,관리주체 아님(시설 판정 「제외」) — 비해당으로 닫음(09-24 결정),시연 배정을 용인시 관리 시설로 옮김(원래 고기초등학교 교사동 — 관리주체 확인필요),② 시설 옮김
duty_assignment,ASG-000928,decided_by,G01,,② 시설 옮김
duty_assignment,ASG-000928,decided_at,2026-09-24,,② 시설 옮김
duty_assignment,ASG-000929,asset_id,AR1969-0000298,AR2005-0003904,② 시설 옮김
duty_assignment,ASG-000929,applicability,비해당,해당,② 시설 옮김
duty_assignment,ASG-000929,applicability_note,관리주체 아님(시설 판정 「제외」) — 비해당으로 닫음(09-24 결정),시연 배정을 용인시 관리 시설로 옮김(원래 두창초등학교 교사1호동 — 관리주체 확인필요),② 시설 옮김
duty_assignment,ASG-000929,decided_by,G01,,② 시설 옮김
duty_assignment,ASG-000929,decided_at,2026-09-24,,② 시설 옮김
duty_assignment,ASG-000930,asset_id,AR1969-0000299,AR2005-0003905,② 시설 옮김
duty_assignment,ASG-000930,applicability,비해당,해당,② 시설 옮김
duty_assignment,ASG-000930,applicability_note,관리주체 아님(시설 판정 「제외」) — 비해당으로 닫음(09-24 결정),시연 배정을 용인시 관리 시설로 옮김(원래 백암고등학교 교사동(1호동) — 관리주체 확인필요),② 시설 옮김
duty_assignment,ASG-000930,decided_by,G01,,② 시설 옮김
duty_assignment,ASG-000930,decided_at,2026-09-24,,② 시설 옮김
duty_assignment,ASG-000932,asset_id,AR1967-0000142,AR2004-0004612,② 시설 옮김
duty_assignment,ASG-000932,applicability,비해당,해당,② 시설 옮김
duty_assignment,ASG-000932,applicability_note,관리주체 아님(시설 판정 「제외」) — 비해당으로 닫음(09-24 결정),시연 배정을 용인시 관리 시설로 옮김(원래 고기초등학교 교사동 — 관리주체 확인필요),② 시설 옮김
duty_assignment,ASG-000932,decided_by,G01,,② 시설 옮김
duty_assignment,ASG-000932,decided_at,2026-09-24,,② 시설 옮김
duty_assignment,ASG-000933,asset_id,AR1969-0000298,AR2005-0003904,② 시설 옮김
duty_assignment,ASG-000933,applicability,비해당,해당,② 시설 옮김
duty_assignment,ASG-000933,applicability_note,관리주체 아님(시설 판정 「제외」) — 비해당으로 닫음(09-24 결정),시연 배정을 용인시 관리 시설로 옮김(원래 두창초등학교 교사1호동 — 관리주체 확인필요),② 시설 옮김
duty_assignment,ASG-000933,decided_by,G01,,② 시설 옮김
duty_assignment,ASG-000933,decided_at,2026-09-24,,② 시설 옮김
duty_assignment,ASG-000934,asset_id,AR1969-0000299,AR2005-0003905,② 시설 옮김
duty_assignment,ASG-000934,applicability,비해당,해당,② 시설 옮김
duty_assignment,ASG-000934,applicability_note,관리주체 아님(시설 판정 「제외」) — 비해당으로 닫음(09-24 결정),시연 배정을 용인시 관리 시설로 옮김(원래 백암고등학교 교사동(1호동) — 관리주체 확인필요),② 시설 옮김
duty_assignment,ASG-000934,decided_by,G01,,② 시설 옮김
duty_assignment,ASG-000934,decided_at,2026-09-24,,② 시설 옮김
duty_assignment,ASG-000936,asset_id,AR1967-0000142,AR2004-0004612,② 시설 옮김
duty_assignment,ASG-000936,applicability,비해당,해당,② 시설 옮김
duty_assignment,ASG-000936,applicability_note,관리주체 아님(시설 판정 「제외」) — 비해당으로 닫음(09-24 결정),시연 배정을 용인시 관리 시설로 옮김(원래 고기초등학교 교사동 — 관리주체 확인필요),② 시설 옮김
duty_assignment,ASG-000936,decided_by,G01,,② 시설 옮김
duty_assignment,ASG-000936,decided_at,2026-09-24,,② 시설 옮김
duty_assignment,ASG-000937,asset_id,AR1969-0000298,AR2005-0003904,② 시설 옮김
duty_assignment,ASG-000937,applicability,비해당,해당,② 시설 옮김
duty_assignment,ASG-000937,applicability_note,관리주체 아님(시설 판정 「제외」) — 비해당으로 닫음(09-24 결정),시연 배정을 용인시 관리 시설로 옮김(원래 두창초등학교 교사1호동 — 관리주체 확인필요),② 시설 옮김
duty_assignment,ASG-000937,decided_by,G01,,② 시설 옮김
duty_assignment,ASG-000937,decided_at,2026-09-24,,② 시설 옮김
duty_assignment,ASG-000938,asset_id,AR1969-0000299,AR2005-0003905,② 시설 옮김
duty_assignment,ASG-000938,applicability,비해당,해당,② 시설 옮김
duty_assignment,ASG-000938,applicability_note,관리주체 아님(시설 판정 「제외」) — 비해당으로 닫음(09-24 결정),시연 배정을 용인시 관리 시설로 옮김(원래 백암고등학교 교사동(1호동) — 관리주체 확인필요),② 시설 옮김
duty_assignment,ASG-000938,decided_by,G01,,② 시설 옮김
duty_assignment,ASG-000938,decided_at,2026-09-24,,② 시설 옮김
duty_assignment,ASG-000940,asset_id,AR1967-0000142,AR2004-0004612,② 시설 옮김
duty_assignment,ASG-000940,applicability,비해당,해당,② 시설 옮김
duty_assignment,ASG-000940,applicability_note,관리주체 아님(시설 판정 「제외」) — 비해당으로 닫음(09-24 결정),시연 배정을 용인시 관리 시설로 옮김(원래 고기초등학교 교사동 — 관리주체 확인필요),② 시설 옮김
duty_assignment,ASG-000940,decided_by,G01,,② 시설 옮김
duty_assignment,ASG-000940,decided_at,2026-09-24,,② 시설 옮김
duty_assignment,ASG-000941,asset_id,AR1969-0000298,AR2005-0003904,② 시설 옮김
duty_assignment,ASG-000941,applicability,비해당,해당,② 시설 옮김
duty_assignment,ASG-000941,applicability_note,관리주체 아님(시설 판정 「제외」) — 비해당으로 닫음(09-24 결정),시연 배정을 용인시 관리 시설로 옮김(원래 두창초등학교 교사1호동 — 관리주체 확인필요),② 시설 옮김
duty_assignment,ASG-000941,decided_by,G01,,② 시설 옮김
duty_assignment,ASG-000941,decided_at,2026-09-24,,② 시설 옮김
duty_assignment,ASG-000942,asset_id,AR1969-0000299,AR2005-0003905,② 시설 옮김
duty_assignment,ASG-000942,applicability,비해당,해당,② 시설 옮김
duty_assignment,ASG-000942,applicability_note,관리주체 아님(시설 판정 「제외」) — 비해당으로 닫음(09-24 결정),시연 배정을 용인시 관리 시설로 옮김(원래 백암고등학교 교사동(1호동) — 관리주체 확인필요),② 시설 옮김
duty_assignment,ASG-000942,decided_by,G01,,② 시설 옮김
duty_assignment,ASG-000942,decided_at,2026-09-24,,② 시설 옮김
duty_assignment,ASG-000944,asset_id,BR0000-0000002,BR1992-0000156,② 시설 옮김
duty_assignment,ASG-000944,applicability,확인필요,해당,② 시설 옮김
duty_assignment,ASG-000944,applicability_note,관리주체 확인 필요(FMS 관리주체 정보 없음·추정) — 용인시 관리면 「해당」으로,시연 배정을 용인시 관리 시설로 옮김(원래 꽃터교(안대지2교) — 관리주체 확인필요),② 시설 옮김
duty_assignment,ASG-000945,asset_id,BR1018-0000001,BR1992-0000904,② 시설 옮김
duty_assignment,ASG-000945,applicability,비해당,해당,② 시설 옮김
duty_assignment,ASG-000945,applicability_note,관리주체 타기관(수원국토관리사무소) — 용인시 관리 시설 아님(FMS 관리주체 · 09-24),시연 배정을 용인시 관리 시설로 옮김(원래 하고개교(상행) — 관리주체 수원국토관리사무소),② 시설 옮김
duty_assignment,ASG-000945,decided_by,G01,,② 시설 옮김
duty_assignment,ASG-000945,decided_at,2026-09-24,,② 시설 옮김
duty_assignment,ASG-000946,asset_id,BR1900-0000009,BR1993-0000845,② 시설 옮김
duty_assignment,ASG-000946,applicability,확인필요,해당,② 시설 옮김
duty_assignment,ASG-000946,applicability_note,관리주체 확인 필요(FMS 관리주체 정보 없음·추정) — 용인시 관리면 「해당」으로,시연 배정을 용인시 관리 시설로 옮김(원래 안대지천교 — 관리주체 확인필요),② 시설 옮김
duty_assignment,ASG-000948,asset_id,BR0000-0000002,BR1992-0000156,② 시설 옮김
duty_assignment,ASG-000948,applicability,확인필요,해당,② 시설 옮김
duty_assignment,ASG-000948,applicability_note,관리주체 확인 필요(FMS 관리주체 정보 없음·추정) — 용인시 관리면 「해당」으로,시연 배정을 용인시 관리 시설로 옮김(원래 꽃터교(안대지2교) — 관리주체 확인필요),② 시설 옮김
duty_assignment,ASG-000949,asset_id,BR1018-0000001,BR1992-0000904,② 시설 옮김
duty_assignment,ASG-000949,applicability,비해당,해당,② 시설 옮김
duty_assignment,ASG-000949,applicability_note,관리주체 타기관(수원국토관리사무소) — 용인시 관리 시설 아님(FMS 관리주체 · 09-24),시연 배정을 용인시 관리 시설로 옮김(원래 하고개교(상행) — 관리주체 수원국토관리사무소),② 시설 옮김
duty_assignment,ASG-000949,decided_by,G01,,② 시설 옮김
duty_assignment,ASG-000949,decided_at,2026-09-24,,② 시설 옮김
duty_assignment,ASG-000950,asset_id,BR1900-0000009,BR1993-0000845,② 시설 옮김
duty_assignment,ASG-000950,applicability,확인필요,해당,② 시설 옮김
duty_assignment,ASG-000950,applicability_note,관리주체 확인 필요(FMS 관리주체 정보 없음·추정) — 용인시 관리면 「해당」으로,시연 배정을 용인시 관리 시설로 옮김(원래 안대지천교 — 관리주체 확인필요),② 시설 옮김
duty_assignment,ASG-000952,asset_id,AR1967-0000142,AR2004-0004612,② 시설 옮김
duty_assignment,ASG-000952,applicability,비해당,해당,② 시설 옮김
duty_assignment,ASG-000952,applicability_note,관리주체 아님(시설 판정 「제외」) — 비해당으로 닫음(09-24 결정),시연 배정을 용인시 관리 시설로 옮김(원래 고기초등학교 교사동 — 관리주체 확인필요),② 시설 옮김
duty_assignment,ASG-000952,decided_by,G01,,② 시설 옮김
duty_assignment,ASG-000952,decided_at,2026-09-24,,② 시설 옮김
duty_assignment,ASG-000953,asset_id,AR1969-0000298,AR2005-0003904,② 시설 옮김
duty_assignment,ASG-000953,applicability,비해당,해당,② 시설 옮김
duty_assignment,ASG-000953,applicability_note,관리주체 아님(시설 판정 「제외」) — 비해당으로 닫음(09-24 결정),시연 배정을 용인시 관리 시설로 옮김(원래 두창초등학교 교사1호동 — 관리주체 확인필요),② 시설 옮김
duty_assignment,ASG-000953,decided_by,G01,,② 시설 옮김
duty_assignment,ASG-000953,decided_at,2026-09-24,,② 시설 옮김
duty_assignment,ASG-000954,asset_id,AR1969-0000299,AR2005-0003905,② 시설 옮김
duty_assignment,ASG-000954,applicability,비해당,해당,② 시설 옮김
duty_assignment,ASG-000954,applicability_note,관리주체 아님(시설 판정 「제외」) — 비해당으로 닫음(09-24 결정),시연 배정을 용인시 관리 시설로 옮김(원래 백암고등학교 교사동(1호동) — 관리주체 확인필요),② 시설 옮김
duty_assignment,ASG-000954,decided_by,G01,,② 시설 옮김
duty_assignment,ASG-000954,decided_at,2026-09-24,,② 시설 옮김
duty_assignment,ASG-000956,asset_id,AR1967-0000142,AR2004-0004612,② 시설 옮김
duty_assignment,ASG-000956,applicability,비해당,해당,② 시설 옮김
duty_assignment,ASG-000956,applicability_note,관리주체 아님(시설 판정 「제외」) — 비해당으로 닫음(09-24 결정),시연 배정을 용인시 관리 시설로 옮김(원래 고기초등학교 교사동 — 관리주체 확인필요),② 시설 옮김
duty_assignment,ASG-000956,decided_by,G01,,② 시설 옮김
duty_assignment,ASG-000956,decided_at,2026-09-24,,② 시설 옮김
duty_assignment,ASG-000957,asset_id,AR1969-0000298,AR2005-0003904,② 시설 옮김
duty_assignment,ASG-000957,applicability,비해당,해당,② 시설 옮김
duty_assignment,ASG-000957,applicability_note,관리주체 아님(시설 판정 「제외」) — 비해당으로 닫음(09-24 결정),시연 배정을 용인시 관리 시설로 옮김(원래 두창초등학교 교사1호동 — 관리주체 확인필요),② 시설 옮김
duty_assignment,ASG-000957,decided_by,G01,,② 시설 옮김
duty_assignment,ASG-000957,decided_at,2026-09-24,,② 시설 옮김
duty_assignment,ASG-000958,asset_id,AR1969-0000299,AR2005-0003905,② 시설 옮김
duty_assignment,ASG-000958,applicability,비해당,해당,② 시설 옮김
duty_assignment,ASG-000958,applicability_note,관리주체 아님(시설 판정 「제외」) — 비해당으로 닫음(09-24 결정),시연 배정을 용인시 관리 시설로 옮김(원래 백암고등학교 교사동(1호동) — 관리주체 확인필요),② 시설 옮김
duty_assignment,ASG-000958,decided_by,G01,,② 시설 옮김
duty_assignment,ASG-000958,decided_at,2026-09-24,,② 시설 옮김
duty_assignment,ASG-000960,asset_id,AR1967-0000142,AR2004-0004612,② 시설 옮김
duty_assignment,ASG-000960,applicability,비해당,해당,② 시설 옮김
duty_assignment,ASG-000960,applicability_note,관리주체 아님(시설 판정 「제외」) — 비해당으로 닫음(09-24 결정),시연 배정을 용인시 관리 시설로 옮김(원래 고기초등학교 교사동 — 관리주체 확인필요),② 시설 옮김
duty_assignment,ASG-000960,decided_by,G01,,② 시설 옮김
duty_assignment,ASG-000960,decided_at,2026-09-24,,② 시설 옮김
duty_assignment,ASG-000961,asset_id,AR1969-0000298,AR2005-0003904,② 시설 옮김
duty_assignment,ASG-000961,applicability,비해당,해당,② 시설 옮김
duty_assignment,ASG-000961,applicability_note,관리주체 아님(시설 판정 「제외」) — 비해당으로 닫음(09-24 결정),시연 배정을 용인시 관리 시설로 옮김(원래 두창초등학교 교사1호동 — 관리주체 확인필요),② 시설 옮김
duty_assignment,ASG-000961,decided_by,G01,,② 시설 옮김
duty_assignment,ASG-000961,decided_at,2026-09-24,,② 시설 옮김
duty_assignment,ASG-000962,asset_id,AR1969-0000299,AR2005-0003905,② 시설 옮김
duty_assignment,ASG-000962,applicability,비해당,해당,② 시설 옮김
duty_assignment,ASG-000962,applicability_note,관리주체 아님(시설 판정 「제외」) — 비해당으로 닫음(09-24 결정),시연 배정을 용인시 관리 시설로 옮김(원래 백암고등학교 교사동(1호동) — 관리주체 확인필요),② 시설 옮김
duty_assignment,ASG-000962,decided_by,G01,,② 시설 옮김
duty_assignment,ASG-000962,decided_at,2026-09-24,,② 시설 옮김
duty_assignment,ASG-000964,asset_id,AR1967-0000142,AR2004-0004612,② 시설 옮김
duty_assignment,ASG-000964,applicability,비해당,해당,② 시설 옮김
duty_assignment,ASG-000964,applicability_note,관리주체 아님(시설 판정 「제외」) — 비해당으로 닫음(09-24 결정),시연 배정을 용인시 관리 시설로 옮김(원래 고기초등학교 교사동 — 관리주체 확인필요),② 시설 옮김
duty_assignment,ASG-000964,decided_by,G01,,② 시설 옮김
duty_assignment,ASG-000964,decided_at,2026-09-24,,② 시설 옮김
duty_assignment,ASG-000965,asset_id,AR1969-0000298,AR2005-0003904,② 시설 옮김
duty_assignment,ASG-000965,applicability,비해당,해당,② 시설 옮김
duty_assignment,ASG-000965,applicability_note,관리주체 아님(시설 판정 「제외」) — 비해당으로 닫음(09-24 결정),시연 배정을 용인시 관리 시설로 옮김(원래 두창초등학교 교사1호동 — 관리주체 확인필요),② 시설 옮김
duty_assignment,ASG-000965,decided_by,G01,,② 시설 옮김
duty_assignment,ASG-000965,decided_at,2026-09-24,,② 시설 옮김
duty_assignment,ASG-000966,asset_id,AR1969-0000299,AR2005-0003905,② 시설 옮김
duty_assignment,ASG-000966,applicability,비해당,해당,② 시설 옮김
duty_assignment,ASG-000966,applicability_note,관리주체 아님(시설 판정 「제외」) — 비해당으로 닫음(09-24 결정),시연 배정을 용인시 관리 시설로 옮김(원래 백암고등학교 교사동(1호동) — 관리주체 확인필요),② 시설 옮김
duty_assignment,ASG-000966,decided_by,G01,,② 시설 옮김
duty_assignment,ASG-000966,decided_at,2026-09-24,,② 시설 옮김
duty_assignment,ASG-000968,asset_id,AR1967-0000142,AR2004-0004612,② 시설 옮김
duty_assignment,ASG-000968,applicability,비해당,해당,② 시설 옮김
duty_assignment,ASG-000968,applicability_note,관리주체 아님(시설 판정 「제외」) — 비해당으로 닫음(09-24 결정),시연 배정을 용인시 관리 시설로 옮김(원래 고기초등학교 교사동 — 관리주체 확인필요),② 시설 옮김
duty_assignment,ASG-000968,decided_by,G01,,② 시설 옮김
duty_assignment,ASG-000968,decided_at,2026-09-24,,② 시설 옮김
duty_assignment,ASG-000969,asset_id,AR1969-0000298,AR2005-0003904,② 시설 옮김
duty_assignment,ASG-000969,applicability,비해당,해당,② 시설 옮김
duty_assignment,ASG-000969,applicability_note,관리주체 아님(시설 판정 「제외」) — 비해당으로 닫음(09-24 결정),시연 배정을 용인시 관리 시설로 옮김(원래 두창초등학교 교사1호동 — 관리주체 확인필요),② 시설 옮김
duty_assignment,ASG-000969,decided_by,G01,,② 시설 옮김
duty_assignment,ASG-000969,decided_at,2026-09-24,,② 시설 옮김
duty_assignment,ASG-000970,asset_id,AR1969-0000299,AR2005-0003905,② 시설 옮김
duty_assignment,ASG-000970,applicability,비해당,해당,② 시설 옮김
duty_assignment,ASG-000970,applicability_note,관리주체 아님(시설 판정 「제외」) — 비해당으로 닫음(09-24 결정),시연 배정을 용인시 관리 시설로 옮김(원래 백암고등학교 교사동(1호동) — 관리주체 확인필요),② 시설 옮김
duty_assignment,ASG-000970,decided_by,G01,,② 시설 옮김
duty_assignment,ASG-000970,decided_at,2026-09-24,,② 시설 옮김
duty_assignment,ASG-000972,asset_id,AR1967-0000142,AR2004-0004612,② 시설 옮김
duty_assignment,ASG-000972,applicability,비해당,해당,② 시설 옮김
duty_assignment,ASG-000972,applicability_note,관리주체 아님(시설 판정 「제외」) — 비해당으로 닫음(09-24 결정),시연 배정을 용인시 관리 시설로 옮김(원래 고기초등학교 교사동 — 관리주체 확인필요),② 시설 옮김
duty_assignment,ASG-000972,decided_by,G01,,② 시설 옮김
duty_assignment,ASG-000972,decided_at,2026-09-24,,② 시설 옮김
duty_assignment,ASG-000973,asset_id,AR1969-0000298,AR2005-0003904,② 시설 옮김
duty_assignment,ASG-000973,applicability,비해당,해당,② 시설 옮김
duty_assignment,ASG-000973,applicability_note,관리주체 아님(시설 판정 「제외」) — 비해당으로 닫음(09-24 결정),시연 배정을 용인시 관리 시설로 옮김(원래 두창초등학교 교사1호동 — 관리주체 확인필요),② 시설 옮김
duty_assignment,ASG-000973,decided_by,G01,,② 시설 옮김
duty_assignment,ASG-000973,decided_at,2026-09-24,,② 시설 옮김
duty_assignment,ASG-000974,asset_id,AR1969-0000299,AR2005-0003905,② 시설 옮김
duty_assignment,ASG-000974,applicability,비해당,해당,② 시설 옮김
duty_assignment,ASG-000974,applicability_note,관리주체 아님(시설 판정 「제외」) — 비해당으로 닫음(09-24 결정),시연 배정을 용인시 관리 시설로 옮김(원래 백암고등학교 교사동(1호동) — 관리주체 확인필요),② 시설 옮김
duty_assignment,ASG-000974,decided_by,G01,,② 시설 옮김
duty_assignment,ASG-000974,decided_at,2026-09-24,,② 시설 옮김
duty_assignment,ASG-000976,asset_id,AR1967-0000142,AR2004-0004612,② 시설 옮김
duty_assignment,ASG-000976,applicability,비해당,해당,② 시설 옮김
duty_assignment,ASG-000976,applicability_note,관리주체 아님(시설 판정 「제외」) — 비해당으로 닫음(09-24 결정),시연 배정을 용인시 관리 시설로 옮김(원래 고기초등학교 교사동 — 관리주체 확인필요),② 시설 옮김
duty_assignment,ASG-000976,decided_by,G01,,② 시설 옮김
duty_assignment,ASG-000976,decided_at,2026-09-24,,② 시설 옮김
duty_assignment,ASG-000977,asset_id,AR1969-0000298,AR2005-0003904,② 시설 옮김
duty_assignment,ASG-000977,applicability,비해당,해당,② 시설 옮김
duty_assignment,ASG-000977,applicability_note,관리주체 아님(시설 판정 「제외」) — 비해당으로 닫음(09-24 결정),시연 배정을 용인시 관리 시설로 옮김(원래 두창초등학교 교사1호동 — 관리주체 확인필요),② 시설 옮김
duty_assignment,ASG-000977,decided_by,G01,,② 시설 옮김
duty_assignment,ASG-000977,decided_at,2026-09-24,,② 시설 옮김
duty_assignment,ASG-000978,asset_id,AR1969-0000299,AR2005-0003905,② 시설 옮김
duty_assignment,ASG-000978,applicability,비해당,해당,② 시설 옮김
duty_assignment,ASG-000978,applicability_note,관리주체 아님(시설 판정 「제외」) — 비해당으로 닫음(09-24 결정),시연 배정을 용인시 관리 시설로 옮김(원래 백암고등학교 교사동(1호동) — 관리주체 확인필요),② 시설 옮김
duty_assignment,ASG-000978,decided_by,G01,,② 시설 옮김
duty_assignment,ASG-000978,decided_at,2026-09-24,,② 시설 옮김
duty_assignment,ASG-000980,asset_id,AR1967-0000142,AR2004-0004612,② 시설 옮김
duty_assignment,ASG-000980,applicability,비해당,해당,② 시설 옮김
duty_assignment,ASG-000980,applicability_note,관리주체 아님(시설 판정 「제외」) — 비해당으로 닫음(09-24 결정),시연 배정을 용인시 관리 시설로 옮김(원래 고기초등학교 교사동 — 관리주체 확인필요),② 시설 옮김
duty_assignment,ASG-000980,decided_by,G01,,② 시설 옮김
duty_assignment,ASG-000980,decided_at,2026-09-24,,② 시설 옮김
duty_assignment,ASG-000981,asset_id,AR1969-0000298,AR2005-0003904,② 시설 옮김
duty_assignment,ASG-000981,applicability,비해당,해당,② 시설 옮김
duty_assignment,ASG-000981,applicability_note,관리주체 아님(시설 판정 「제외」) — 비해당으로 닫음(09-24 결정),시연 배정을 용인시 관리 시설로 옮김(원래 두창초등학교 교사1호동 — 관리주체 확인필요),② 시설 옮김
duty_assignment,ASG-000981,decided_by,G01,,② 시설 옮김
duty_assignment,ASG-000981,decided_at,2026-09-24,,② 시설 옮김
duty_assignment,ASG-000982,asset_id,AR1969-0000299,AR2005-0003905,② 시설 옮김
duty_assignment,ASG-000982,applicability,비해당,해당,② 시설 옮김
duty_assignment,ASG-000982,applicability_note,관리주체 아님(시설 판정 「제외」) — 비해당으로 닫음(09-24 결정),시연 배정을 용인시 관리 시설로 옮김(원래 백암고등학교 교사동(1호동) — 관리주체 확인필요),② 시설 옮김
duty_assignment,ASG-000982,decided_by,G01,,② 시설 옮김
duty_assignment,ASG-000982,decided_at,2026-09-24,,② 시설 옮김
duty_assignment,ASG-001134,asset_id,AR1967-0000142,AR2004-0004612,② 시설 옮김
duty_assignment,ASG-001134,applicability,비해당,해당,② 시설 옮김
duty_assignment,ASG-001134,applicability_note,관리주체 아님(시설 판정 「제외」) — 비해당으로 닫음(09-24 결정),시연 배정을 용인시 관리 시설로 옮김(원래 고기초등학교 교사동 — 관리주체 확인필요),② 시설 옮김
duty_assignment,ASG-001134,decided_by,G01,,② 시설 옮김
duty_assignment,ASG-001134,decided_at,2026-09-24,,② 시설 옮김
duty_assignment,ASG-001135,asset_id,AR1969-0000298,AR2005-0003904,② 시설 옮김
duty_assignment,ASG-001135,applicability,비해당,해당,② 시설 옮김
duty_assignment,ASG-001135,applicability_note,관리주체 아님(시설 판정 「제외」) — 비해당으로 닫음(09-24 결정),시연 배정을 용인시 관리 시설로 옮김(원래 두창초등학교 교사1호동 — 관리주체 확인필요),② 시설 옮김
duty_assignment,ASG-001135,decided_by,G01,,② 시설 옮김
duty_assignment,ASG-001135,decided_at,2026-09-24,,② 시설 옮김
duty_assignment,ASG-001136,asset_id,AR1969-0000299,AR2005-0003905,② 시설 옮김
duty_assignment,ASG-001136,applicability,비해당,해당,② 시설 옮김
duty_assignment,ASG-001136,applicability_note,관리주체 아님(시설 판정 「제외」) — 비해당으로 닫음(09-24 결정),시연 배정을 용인시 관리 시설로 옮김(원래 백암고등학교 교사동(1호동) — 관리주체 확인필요),② 시설 옮김
duty_assignment,ASG-001136,decided_by,G01,,② 시설 옮김
duty_assignment,ASG-001136,decided_at,2026-09-24,,② 시설 옮김
duty_assignment,ASG-001138,asset_id,AR1967-0000142,AR2004-0004612,② 시설 옮김
duty_assignment,ASG-001138,applicability,비해당,해당,② 시설 옮김
duty_assignment,ASG-001138,applicability_note,관리주체 아님(시설 판정 「제외」) — 비해당으로 닫음(09-24 결정),시연 배정을 용인시 관리 시설로 옮김(원래 고기초등학교 교사동 — 관리주체 확인필요),② 시설 옮김
duty_assignment,ASG-001138,decided_by,G01,,② 시설 옮김
duty_assignment,ASG-001138,decided_at,2026-09-24,,② 시설 옮김
duty_assignment,ASG-001139,asset_id,AR1969-0000298,AR2005-0003904,② 시설 옮김
duty_assignment,ASG-001139,applicability,비해당,해당,② 시설 옮김
duty_assignment,ASG-001139,applicability_note,관리주체 아님(시설 판정 「제외」) — 비해당으로 닫음(09-24 결정),시연 배정을 용인시 관리 시설로 옮김(원래 두창초등학교 교사1호동 — 관리주체 확인필요),② 시설 옮김
duty_assignment,ASG-001139,decided_by,G01,,② 시설 옮김
duty_assignment,ASG-001139,decided_at,2026-09-24,,② 시설 옮김
duty_assignment,ASG-001140,asset_id,AR1969-0000299,AR2005-0003905,② 시설 옮김
duty_assignment,ASG-001140,applicability,비해당,해당,② 시설 옮김
duty_assignment,ASG-001140,applicability_note,관리주체 아님(시설 판정 「제외」) — 비해당으로 닫음(09-24 결정),시연 배정을 용인시 관리 시설로 옮김(원래 백암고등학교 교사동(1호동) — 관리주체 확인필요),② 시설 옮김
duty_assignment,ASG-001140,decided_by,G01,,② 시설 옮김
duty_assignment,ASG-001140,decided_at,2026-09-24,,② 시설 옮김
duty_assignment,ASG-001142,asset_id,AR1967-0000142,AR2004-0004612,② 시설 옮김
duty_assignment,ASG-001142,applicability,비해당,해당,② 시설 옮김
duty_assignment,ASG-001142,applicability_note,관리주체 아님(시설 판정 「제외」) — 비해당으로 닫음(09-24 결정),시연 배정을 용인시 관리 시설로 옮김(원래 고기초등학교 교사동 — 관리주체 확인필요),② 시설 옮김
duty_assignment,ASG-001142,decided_by,G01,,② 시설 옮김
duty_assignment,ASG-001142,decided_at,2026-09-24,,② 시설 옮김
duty_assignment,ASG-001143,asset_id,AR1969-0000298,AR2005-0003904,② 시설 옮김
duty_assignment,ASG-001143,applicability,비해당,해당,② 시설 옮김
duty_assignment,ASG-001143,applicability_note,관리주체 아님(시설 판정 「제외」) — 비해당으로 닫음(09-24 결정),시연 배정을 용인시 관리 시설로 옮김(원래 두창초등학교 교사1호동 — 관리주체 확인필요),② 시설 옮김
duty_assignment,ASG-001143,decided_by,G01,,② 시설 옮김
duty_assignment,ASG-001143,decided_at,2026-09-24,,② 시설 옮김
duty_assignment,ASG-001144,asset_id,AR1969-0000299,AR2005-0003905,② 시설 옮김
duty_assignment,ASG-001144,applicability,비해당,해당,② 시설 옮김
duty_assignment,ASG-001144,applicability_note,관리주체 아님(시설 판정 「제외」) — 비해당으로 닫음(09-24 결정),시연 배정을 용인시 관리 시설로 옮김(원래 백암고등학교 교사동(1호동) — 관리주체 확인필요),② 시설 옮김
duty_assignment,ASG-001144,decided_by,G01,,② 시설 옮김
duty_assignment,ASG-001144,decided_at,2026-09-24,,② 시설 옮김
duty_assignment,ASG-001146,asset_id,AR1967-0000142,AR2004-0004612,② 시설 옮김
duty_assignment,ASG-001146,applicability,비해당,해당,② 시설 옮김
duty_assignment,ASG-001146,applicability_note,관리주체 아님(시설 판정 「제외」) — 비해당으로 닫음(09-24 결정),시연 배정을 용인시 관리 시설로 옮김(원래 고기초등학교 교사동 — 관리주체 확인필요),② 시설 옮김
duty_assignment,ASG-001146,decided_by,G01,,② 시설 옮김
duty_assignment,ASG-001146,decided_at,2026-09-24,,② 시설 옮김
duty_assignment,ASG-001147,asset_id,AR1969-0000298,AR2005-0003904,② 시설 옮김
duty_assignment,ASG-001147,applicability,비해당,해당,② 시설 옮김
duty_assignment,ASG-001147,applicability_note,관리주체 아님(시설 판정 「제외」) — 비해당으로 닫음(09-24 결정),시연 배정을 용인시 관리 시설로 옮김(원래 두창초등학교 교사1호동 — 관리주체 확인필요),② 시설 옮김
duty_assignment,ASG-001147,decided_by,G01,,② 시설 옮김
duty_assignment,ASG-001147,decided_at,2026-09-24,,② 시설 옮김
duty_assignment,ASG-001148,asset_id,AR1969-0000299,AR2005-0003905,② 시설 옮김
duty_assignment,ASG-001148,applicability,비해당,해당,② 시설 옮김
duty_assignment,ASG-001148,applicability_note,관리주체 아님(시설 판정 「제외」) — 비해당으로 닫음(09-24 결정),시연 배정을 용인시 관리 시설로 옮김(원래 백암고등학교 교사동(1호동) — 관리주체 확인필요),② 시설 옮김
duty_assignment,ASG-001148,decided_by,G01,,② 시설 옮김
duty_assignment,ASG-001148,decided_at,2026-09-24,,② 시설 옮김
duty_assignment,ASG-001150,asset_id,AR1967-0000142,AR2004-0004612,② 시설 옮김
duty_assignment,ASG-001150,applicability,비해당,해당,② 시설 옮김
duty_assignment,ASG-001150,applicability_note,관리주체 아님(시설 판정 「제외」) — 비해당으로 닫음(09-24 결정),시연 배정을 용인시 관리 시설로 옮김(원래 고기초등학교 교사동 — 관리주체 확인필요),② 시설 옮김
duty_assignment,ASG-001150,decided_by,G01,,② 시설 옮김
duty_assignment,ASG-001150,decided_at,2026-09-24,,② 시설 옮김
duty_assignment,ASG-001151,asset_id,AR1969-0000298,AR2005-0003904,② 시설 옮김
duty_assignment,ASG-001151,applicability,비해당,해당,② 시설 옮김
duty_assignment,ASG-001151,applicability_note,관리주체 아님(시설 판정 「제외」) — 비해당으로 닫음(09-24 결정),시연 배정을 용인시 관리 시설로 옮김(원래 두창초등학교 교사1호동 — 관리주체 확인필요),② 시설 옮김
duty_assignment,ASG-001151,decided_by,G01,,② 시설 옮김
duty_assignment,ASG-001151,decided_at,2026-09-24,,② 시설 옮김
duty_assignment,ASG-001152,asset_id,AR1969-0000299,AR2005-0003905,② 시설 옮김
duty_assignment,ASG-001152,applicability,비해당,해당,② 시설 옮김
duty_assignment,ASG-001152,applicability_note,관리주체 아님(시설 판정 「제외」) — 비해당으로 닫음(09-24 결정),시연 배정을 용인시 관리 시설로 옮김(원래 백암고등학교 교사동(1호동) — 관리주체 확인필요),② 시설 옮김
duty_assignment,ASG-001152,decided_by,G01,,② 시설 옮김
duty_assignment,ASG-001152,decided_at,2026-09-24,,② 시설 옮김
duty_assignment,ASG-001184,asset_id,RW1994-0000054,RW2002-0000002,② 시설 옮김
duty_assignment,ASG-001184,applicability,확인필요,해당,② 시설 옮김
duty_assignment,ASG-001184,applicability_note,관리주체 확인 필요(FMS 관리주체 정보 없음·추정) — 용인시 관리면 「해당」으로,시연 배정을 용인시 관리 시설로 옮김(원래 영동선60.39k(강릉)옹벽 — 관리주체 확인필요),② 시설 옮김
duty_assignment,ASG-001185,asset_id,RW1998-0000037,RW2005-0000071,② 시설 옮김
duty_assignment,ASG-001185,applicability,비해당,해당,② 시설 옮김
duty_assignment,ASG-001185,applicability_note,관리주체 타기관(한국석유공사 용인지사) — 용인시 관리 시설 아님(FMS 관리주체 · 09-24),시연 배정을 용인시 관리 시설로 옮김(원래 한국석유공사 용인비축기지 옹벽(휘발유 지역) — 관리주체 한국석유공사 용인지사),② 시설 옮김
duty_assignment,ASG-001185,decided_by,G01,,② 시설 옮김
duty_assignment,ASG-001185,decided_at,2026-09-24,,② 시설 옮김
duty_assignment,ASG-001186,asset_id,RW2000-0000064,RW2006-0000050,② 시설 옮김
duty_assignment,ASG-001186,applicability,비해당,해당,② 시설 옮김
duty_assignment,ASG-001186,applicability_note,관리주체 타기관(경기도용인교육지원청) — 용인시 관리 시설 아님(FMS 관리주체 · 09-24),시연 배정을 용인시 관리 시설로 옮김(원래 구성고 운동장 부지경계부 옹벽 — 관리주체 경기도용인교육지원청),② 시설 옮김
duty_assignment,ASG-001186,decided_by,G01,,② 시설 옮김
duty_assignment,ASG-001186,decided_at,2026-09-24,,② 시설 옮김
duty_assignment,ASG-001245,asset_id,BR0000-0000002,BR1992-0000156,② 시설 옮김
duty_assignment,ASG-001245,applicability,확인필요,해당,② 시설 옮김
duty_assignment,ASG-001245,applicability_note,관리주체 확인 필요(FMS 관리주체 정보 없음·추정) — 용인시 관리면 「해당」으로,시연 배정을 용인시 관리 시설로 옮김(원래 꽃터교(안대지2교) — 관리주체 확인필요),② 시설 옮김
duty_assignment,ASG-001246,asset_id,BR1018-0000001,BR1992-0000904,② 시설 옮김
duty_assignment,ASG-001246,applicability,비해당,해당,② 시설 옮김
duty_assignment,ASG-001246,applicability_note,관리주체 타기관(수원국토관리사무소) — 용인시 관리 시설 아님(FMS 관리주체 · 09-24),시연 배정을 용인시 관리 시설로 옮김(원래 하고개교(상행) — 관리주체 수원국토관리사무소),② 시설 옮김
duty_assignment,ASG-001246,decided_by,G01,,② 시설 옮김
duty_assignment,ASG-001246,decided_at,2026-09-24,,② 시설 옮김
duty_assignment,ASG-001247,asset_id,BR1900-0000009,BR1993-0000845,② 시설 옮김
duty_assignment,ASG-001247,applicability,확인필요,해당,② 시설 옮김
duty_assignment,ASG-001247,applicability_note,관리주체 확인 필요(FMS 관리주체 정보 없음·추정) — 용인시 관리면 「해당」으로,시연 배정을 용인시 관리 시설로 옮김(원래 안대지천교 — 관리주체 확인필요),② 시설 옮김
duty_assignment,ASG-001249,asset_id,BR0000-0000002,BR1992-0000156,② 시설 옮김
duty_assignment,ASG-001249,applicability,확인필요,해당,② 시설 옮김
duty_assignment,ASG-001249,applicability_note,관리주체 확인 필요(FMS 관리주체 정보 없음·추정) — 용인시 관리면 「해당」으로,시연 배정을 용인시 관리 시설로 옮김(원래 꽃터교(안대지2교) — 관리주체 확인필요),② 시설 옮김
duty_assignment,ASG-001250,asset_id,BR1018-0000001,BR1992-0000904,② 시설 옮김
duty_assignment,ASG-001250,applicability,비해당,해당,② 시설 옮김
duty_assignment,ASG-001250,applicability_note,관리주체 타기관(수원국토관리사무소) — 용인시 관리 시설 아님(FMS 관리주체 · 09-24),시연 배정을 용인시 관리 시설로 옮김(원래 하고개교(상행) — 관리주체 수원국토관리사무소),② 시설 옮김
duty_assignment,ASG-001250,decided_by,G01,,② 시설 옮김
duty_assignment,ASG-001250,decided_at,2026-09-24,,② 시설 옮김
duty_assignment,ASG-001251,asset_id,BR1900-0000009,BR1993-0000845,② 시설 옮김
duty_assignment,ASG-001251,applicability,확인필요,해당,② 시설 옮김
duty_assignment,ASG-001251,applicability_note,관리주체 확인 필요(FMS 관리주체 정보 없음·추정) — 용인시 관리면 「해당」으로,시연 배정을 용인시 관리 시설로 옮김(원래 안대지천교 — 관리주체 확인필요),② 시설 옮김
duty_assignment,ASG-001260,asset_id,RW1994-0000054,RW2002-0000002,② 시설 옮김
duty_assignment,ASG-001260,applicability,확인필요,해당,② 시설 옮김
duty_assignment,ASG-001260,applicability_note,관리주체 확인 필요(FMS 관리주체 정보 없음·추정) — 용인시 관리면 「해당」으로,시연 배정을 용인시 관리 시설로 옮김(원래 영동선60.39k(강릉)옹벽 — 관리주체 확인필요),② 시설 옮김
duty_assignment,ASG-001261,asset_id,RW1998-0000037,RW2005-0000071,② 시설 옮김
duty_assignment,ASG-001261,applicability,비해당,해당,② 시설 옮김
duty_assignment,ASG-001261,applicability_note,관리주체 타기관(한국석유공사 용인지사) — 용인시 관리 시설 아님(FMS 관리주체 · 09-24),시연 배정을 용인시 관리 시설로 옮김(원래 한국석유공사 용인비축기지 옹벽(휘발유 지역) — 관리주체 한국석유공사 용인지사),② 시설 옮김
duty_assignment,ASG-001261,decided_by,G01,,② 시설 옮김
duty_assignment,ASG-001261,decided_at,2026-09-24,,② 시설 옮김
duty_assignment,ASG-001262,asset_id,RW2000-0000064,RW2006-0000050,② 시설 옮김
duty_assignment,ASG-001262,applicability,비해당,해당,② 시설 옮김
duty_assignment,ASG-001262,applicability_note,관리주체 타기관(경기도용인교육지원청) — 용인시 관리 시설 아님(FMS 관리주체 · 09-24),시연 배정을 용인시 관리 시설로 옮김(원래 구성고 운동장 부지경계부 옹벽 — 관리주체 경기도용인교육지원청),② 시설 옮김
duty_assignment,ASG-001262,decided_by,G01,,② 시설 옮김
duty_assignment,ASG-001262,decided_at,2026-09-24,,② 시설 옮김
duty_assignment,ASG-001264,asset_id,RW1994-0000054,RW2002-0000002,② 시설 옮김
duty_assignment,ASG-001264,applicability,확인필요,해당,② 시설 옮김
duty_assignment,ASG-001264,applicability_note,관리주체 확인 필요(FMS 관리주체 정보 없음·추정) — 용인시 관리면 「해당」으로,시연 배정을 용인시 관리 시설로 옮김(원래 영동선60.39k(강릉)옹벽 — 관리주체 확인필요),② 시설 옮김
duty_assignment,ASG-001265,asset_id,RW1998-0000037,RW2005-0000071,② 시설 옮김
duty_assignment,ASG-001265,applicability,비해당,해당,② 시설 옮김
duty_assignment,ASG-001265,applicability_note,관리주체 타기관(한국석유공사 용인지사) — 용인시 관리 시설 아님(FMS 관리주체 · 09-24),시연 배정을 용인시 관리 시설로 옮김(원래 한국석유공사 용인비축기지 옹벽(휘발유 지역) — 관리주체 한국석유공사 용인지사),② 시설 옮김
duty_assignment,ASG-001265,decided_by,G01,,② 시설 옮김
duty_assignment,ASG-001265,decided_at,2026-09-24,,② 시설 옮김
duty_assignment,ASG-001266,asset_id,RW2000-0000064,RW2006-0000050,② 시설 옮김
duty_assignment,ASG-001266,applicability,비해당,해당,② 시설 옮김
duty_assignment,ASG-001266,applicability_note,관리주체 타기관(경기도용인교육지원청) — 용인시 관리 시설 아님(FMS 관리주체 · 09-24),시연 배정을 용인시 관리 시설로 옮김(원래 구성고 운동장 부지경계부 옹벽 — 관리주체 경기도용인교육지원청),② 시설 옮김
duty_assignment,ASG-001266,decided_by,G01,,② 시설 옮김
duty_assignment,ASG-001266,decided_at,2026-09-24,,② 시설 옮김
duty_assignment,ASG-001268,asset_id,RW1994-0000054,RW2002-0000002,② 시설 옮김
duty_assignment,ASG-001268,applicability,확인필요,해당,② 시설 옮김
duty_assignment,ASG-001268,applicability_note,관리주체 확인 필요(FMS 관리주체 정보 없음·추정) — 용인시 관리면 「해당」으로,시연 배정을 용인시 관리 시설로 옮김(원래 영동선60.39k(강릉)옹벽 — 관리주체 확인필요),② 시설 옮김
duty_assignment,ASG-001269,asset_id,RW1998-0000037,RW2005-0000071,② 시설 옮김
duty_assignment,ASG-001269,applicability,비해당,해당,② 시설 옮김
duty_assignment,ASG-001269,applicability_note,관리주체 타기관(한국석유공사 용인지사) — 용인시 관리 시설 아님(FMS 관리주체 · 09-24),시연 배정을 용인시 관리 시설로 옮김(원래 한국석유공사 용인비축기지 옹벽(휘발유 지역) — 관리주체 한국석유공사 용인지사),② 시설 옮김
duty_assignment,ASG-001269,decided_by,G01,,② 시설 옮김
duty_assignment,ASG-001269,decided_at,2026-09-24,,② 시설 옮김
duty_assignment,ASG-001270,asset_id,RW2000-0000064,RW2006-0000050,② 시설 옮김
duty_assignment,ASG-001270,applicability,비해당,해당,② 시설 옮김
duty_assignment,ASG-001270,applicability_note,관리주체 타기관(경기도용인교육지원청) — 용인시 관리 시설 아님(FMS 관리주체 · 09-24),시연 배정을 용인시 관리 시설로 옮김(원래 구성고 운동장 부지경계부 옹벽 — 관리주체 경기도용인교육지원청),② 시설 옮김
duty_assignment,ASG-001270,decided_by,G01,,② 시설 옮김
duty_assignment,ASG-001270,decided_at,2026-09-24,,② 시설 옮김
duty_assignment,ASG-001272,asset_id,RW1994-0000054,RW2002-0000002,② 시설 옮김
duty_assignment,ASG-001272,applicability,확인필요,해당,② 시설 옮김
duty_assignment,ASG-001272,applicability_note,관리주체 확인 필요(FMS 관리주체 정보 없음·추정) — 용인시 관리면 「해당」으로,시연 배정을 용인시 관리 시설로 옮김(원래 영동선60.39k(강릉)옹벽 — 관리주체 확인필요),② 시설 옮김
duty_assignment,ASG-001273,asset_id,RW1998-0000037,RW2005-0000071,② 시설 옮김
duty_assignment,ASG-001273,applicability,비해당,해당,② 시설 옮김
duty_assignment,ASG-001273,applicability_note,관리주체 타기관(한국석유공사 용인지사) — 용인시 관리 시설 아님(FMS 관리주체 · 09-24),시연 배정을 용인시 관리 시설로 옮김(원래 한국석유공사 용인비축기지 옹벽(휘발유 지역) — 관리주체 한국석유공사 용인지사),② 시설 옮김
duty_assignment,ASG-001273,decided_by,G01,,② 시설 옮김
duty_assignment,ASG-001273,decided_at,2026-09-24,,② 시설 옮김
duty_assignment,ASG-001274,asset_id,RW2000-0000064,RW2006-0000050,② 시설 옮김
duty_assignment,ASG-001274,applicability,비해당,해당,② 시설 옮김
duty_assignment,ASG-001274,applicability_note,관리주체 타기관(경기도용인교육지원청) — 용인시 관리 시설 아님(FMS 관리주체 · 09-24),시연 배정을 용인시 관리 시설로 옮김(원래 구성고 운동장 부지경계부 옹벽 — 관리주체 경기도용인교육지원청),② 시설 옮김
duty_assignment,ASG-001274,decided_by,G01,,② 시설 옮김
duty_assignment,ASG-001274,decided_at,2026-09-24,,② 시설 옮김
duty_assignment,ASG-001276,asset_id,BR0000-0000002,BR1992-0000156,② 시설 옮김
duty_assignment,ASG-001276,applicability,확인필요,해당,② 시설 옮김
duty_assignment,ASG-001276,applicability_note,관리주체 확인 필요(FMS 관리주체 정보 없음·추정) — 용인시 관리면 「해당」으로,시연 배정을 용인시 관리 시설로 옮김(원래 꽃터교(안대지2교) — 관리주체 확인필요),② 시설 옮김
duty_assignment,ASG-001277,asset_id,BR1018-0000001,BR1992-0000904,② 시설 옮김
duty_assignment,ASG-001277,applicability,비해당,해당,② 시설 옮김
duty_assignment,ASG-001277,applicability_note,관리주체 타기관(수원국토관리사무소) — 용인시 관리 시설 아님(FMS 관리주체 · 09-24),시연 배정을 용인시 관리 시설로 옮김(원래 하고개교(상행) — 관리주체 수원국토관리사무소),② 시설 옮김
duty_assignment,ASG-001277,decided_by,G01,,② 시설 옮김
duty_assignment,ASG-001277,decided_at,2026-09-24,,② 시설 옮김
duty_assignment,ASG-001278,asset_id,BR1900-0000009,BR1993-0000845,② 시설 옮김
duty_assignment,ASG-001278,applicability,확인필요,해당,② 시설 옮김
duty_assignment,ASG-001278,applicability_note,관리주체 확인 필요(FMS 관리주체 정보 없음·추정) — 용인시 관리면 「해당」으로,시연 배정을 용인시 관리 시설로 옮김(원래 안대지천교 — 관리주체 확인필요),② 시설 옮김
duty_assignment,ASG-001280,asset_id,BR0000-0000002,BR1992-0000156,② 시설 옮김
duty_assignment,ASG-001280,applicability,확인필요,해당,② 시설 옮김
duty_assignment,ASG-001280,applicability_note,관리주체 확인 필요(FMS 관리주체 정보 없음·추정) — 용인시 관리면 「해당」으로,시연 배정을 용인시 관리 시설로 옮김(원래 꽃터교(안대지2교) — 관리주체 확인필요),② 시설 옮김
duty_assignment,ASG-001281,asset_id,BR1018-0000001,BR1992-0000904,② 시설 옮김
duty_assignment,ASG-001281,applicability,비해당,해당,② 시설 옮김
duty_assignment,ASG-001281,applicability_note,관리주체 타기관(수원국토관리사무소) — 용인시 관리 시설 아님(FMS 관리주체 · 09-24),시연 배정을 용인시 관리 시설로 옮김(원래 하고개교(상행) — 관리주체 수원국토관리사무소),② 시설 옮김
duty_assignment,ASG-001281,decided_by,G01,,② 시설 옮김
duty_assignment,ASG-001281,decided_at,2026-09-24,,② 시설 옮김
duty_assignment,ASG-001282,asset_id,BR1900-0000009,BR1993-0000845,② 시설 옮김
duty_assignment,ASG-001282,applicability,확인필요,해당,② 시설 옮김
duty_assignment,ASG-001282,applicability_note,관리주체 확인 필요(FMS 관리주체 정보 없음·추정) — 용인시 관리면 「해당」으로,시연 배정을 용인시 관리 시설로 옮김(원래 안대지천교 — 관리주체 확인필요),② 시설 옮김
duty_assignment,ASG-001284,asset_id,BR0000-0000002,BR1992-0000156,② 시설 옮김
duty_assignment,ASG-001284,applicability,확인필요,해당,② 시설 옮김
duty_assignment,ASG-001284,applicability_note,관리주체 확인 필요(FMS 관리주체 정보 없음·추정) — 용인시 관리면 「해당」으로,시연 배정을 용인시 관리 시설로 옮김(원래 꽃터교(안대지2교) — 관리주체 확인필요),② 시설 옮김
duty_assignment,ASG-001285,asset_id,BR1018-0000001,BR1992-0000904,② 시설 옮김
duty_assignment,ASG-001285,applicability,비해당,해당,② 시설 옮김
duty_assignment,ASG-001285,applicability_note,관리주체 타기관(수원국토관리사무소) — 용인시 관리 시설 아님(FMS 관리주체 · 09-24),시연 배정을 용인시 관리 시설로 옮김(원래 하고개교(상행) — 관리주체 수원국토관리사무소),② 시설 옮김
duty_assignment,ASG-001285,decided_by,G01,,② 시설 옮김
duty_assignment,ASG-001285,decided_at,2026-09-24,,② 시설 옮김
duty_assignment,ASG-001286,asset_id,BR1900-0000009,BR1993-0000845,② 시설 옮김
duty_assignment,ASG-001286,applicability,확인필요,해당,② 시설 옮김
duty_assignment,ASG-001286,applicability_note,관리주체 확인 필요(FMS 관리주체 정보 없음·추정) — 용인시 관리면 「해당」으로,시연 배정을 용인시 관리 시설로 옮김(원래 안대지천교 — 관리주체 확인필요),② 시설 옮김
duty_assignment,ASG-001288,asset_id,BR0000-0000002,BR1992-0000156,② 시설 옮김
duty_assignment,ASG-001288,applicability,확인필요,해당,② 시설 옮김
duty_assignment,ASG-001288,applicability_note,관리주체 확인 필요(FMS 관리주체 정보 없음·추정) — 용인시 관리면 「해당」으로,시연 배정을 용인시 관리 시설로 옮김(원래 꽃터교(안대지2교) — 관리주체 확인필요),② 시설 옮김
duty_assignment,ASG-001289,asset_id,BR1018-0000001,BR1992-0000904,② 시설 옮김
duty_assignment,ASG-001289,applicability,비해당,해당,② 시설 옮김
duty_assignment,ASG-001289,applicability_note,관리주체 타기관(수원국토관리사무소) — 용인시 관리 시설 아님(FMS 관리주체 · 09-24),시연 배정을 용인시 관리 시설로 옮김(원래 하고개교(상행) — 관리주체 수원국토관리사무소),② 시설 옮김
duty_assignment,ASG-001289,decided_by,G01,,② 시설 옮김
duty_assignment,ASG-001289,decided_at,2026-09-24,,② 시설 옮김
duty_assignment,ASG-001290,asset_id,BR1900-0000009,BR1993-0000845,② 시설 옮김
duty_assignment,ASG-001290,applicability,확인필요,해당,② 시설 옮김
duty_assignment,ASG-001290,applicability_note,관리주체 확인 필요(FMS 관리주체 정보 없음·추정) — 용인시 관리면 「해당」으로,시연 배정을 용인시 관리 시설로 옮김(원래 안대지천교 — 관리주체 확인필요),② 시설 옮김
duty_assignment,ASG-001292,asset_id,BR0000-0000002,BR1992-0000156,② 시설 옮김
duty_assignment,ASG-001292,applicability,확인필요,해당,② 시설 옮김
duty_assignment,ASG-001292,applicability_note,관리주체 확인 필요(FMS 관리주체 정보 없음·추정) — 용인시 관리면 「해당」으로,시연 배정을 용인시 관리 시설로 옮김(원래 꽃터교(안대지2교) — 관리주체 확인필요),② 시설 옮김
duty_assignment,ASG-001293,asset_id,BR1018-0000001,BR1992-0000904,② 시설 옮김
duty_assignment,ASG-001293,applicability,비해당,해당,② 시설 옮김
duty_assignment,ASG-001293,applicability_note,관리주체 타기관(수원국토관리사무소) — 용인시 관리 시설 아님(FMS 관리주체 · 09-24),시연 배정을 용인시 관리 시설로 옮김(원래 하고개교(상행) — 관리주체 수원국토관리사무소),② 시설 옮김
duty_assignment,ASG-001293,decided_by,G01,,② 시설 옮김
duty_assignment,ASG-001293,decided_at,2026-09-24,,② 시설 옮김
duty_assignment,ASG-001294,asset_id,BR1900-0000009,BR1993-0000845,② 시설 옮김
duty_assignment,ASG-001294,applicability,확인필요,해당,② 시설 옮김
duty_assignment,ASG-001294,applicability_note,관리주체 확인 필요(FMS 관리주체 정보 없음·추정) — 용인시 관리면 「해당」으로,시연 배정을 용인시 관리 시설로 옮김(원래 안대지천교 — 관리주체 확인필요),② 시설 옮김
duty_assignment,ASG-001322,asset_id,BR0000-0000002,BR1992-0000156,② 시설 옮김
duty_assignment,ASG-001322,applicability,확인필요,해당,② 시설 옮김
duty_assignment,ASG-001322,applicability_note,관리주체 확인 필요(FMS 관리주체 정보 없음·추정) — 용인시 관리면 「해당」으로,시연 배정을 용인시 관리 시설로 옮김(원래 꽃터교(안대지2교) — 관리주체 확인필요),② 시설 옮김
duty_assignment,ASG-001323,asset_id,BR1018-0000001,BR1992-0000904,② 시설 옮김
duty_assignment,ASG-001323,applicability,비해당,해당,② 시설 옮김
duty_assignment,ASG-001323,applicability_note,관리주체 타기관(수원국토관리사무소) — 용인시 관리 시설 아님(FMS 관리주체 · 09-24),시연 배정을 용인시 관리 시설로 옮김(원래 하고개교(상행) — 관리주체 수원국토관리사무소),② 시설 옮김
duty_assignment,ASG-001323,decided_by,G01,,② 시설 옮김
duty_assignment,ASG-001323,decided_at,2026-09-24,,② 시설 옮김
duty_assignment,ASG-001324,asset_id,BR1900-0000009,BR1993-0000845,② 시설 옮김
duty_assignment,ASG-001324,applicability,확인필요,해당,② 시설 옮김
duty_assignment,ASG-001324,applicability_note,관리주체 확인 필요(FMS 관리주체 정보 없음·추정) — 용인시 관리면 「해당」으로,시연 배정을 용인시 관리 시설로 옮김(원래 안대지천교 — 관리주체 확인필요),② 시설 옮김
duty_assignment,ASG-001326,asset_id,BR0000-0000002,BR1992-0000156,② 시설 옮김
duty_assignment,ASG-001326,applicability,확인필요,해당,② 시설 옮김
duty_assignment,ASG-001326,applicability_note,관리주체 확인 필요(FMS 관리주체 정보 없음·추정) — 용인시 관리면 「해당」으로,시연 배정을 용인시 관리 시설로 옮김(원래 꽃터교(안대지2교) — 관리주체 확인필요),② 시설 옮김
duty_assignment,ASG-001327,asset_id,BR1018-0000001,BR1992-0000904,② 시설 옮김
duty_assignment,ASG-001327,applicability,비해당,해당,② 시설 옮김
duty_assignment,ASG-001327,applicability_note,관리주체 타기관(수원국토관리사무소) — 용인시 관리 시설 아님(FMS 관리주체 · 09-24),시연 배정을 용인시 관리 시설로 옮김(원래 하고개교(상행) — 관리주체 수원국토관리사무소),② 시설 옮김
duty_assignment,ASG-001327,decided_by,G01,,② 시설 옮김
duty_assignment,ASG-001327,decided_at,2026-09-24,,② 시설 옮김
duty_assignment,ASG-001328,asset_id,BR1900-0000009,BR1993-0000845,② 시설 옮김
duty_assignment,ASG-001328,applicability,확인필요,해당,② 시설 옮김
duty_assignment,ASG-001328,applicability_note,관리주체 확인 필요(FMS 관리주체 정보 없음·추정) — 용인시 관리면 「해당」으로,시연 배정을 용인시 관리 시설로 옮김(원래 안대지천교 — 관리주체 확인필요),② 시설 옮김
duty_assignment,ASG-001330,asset_id,BR0000-0000002,BR1992-0000156,② 시설 옮김
duty_assignment,ASG-001330,applicability,확인필요,해당,② 시설 옮김
duty_assignment,ASG-001330,applicability_note,관리주체 확인 필요(FMS 관리주체 정보 없음·추정) — 용인시 관리면 「해당」으로,시연 배정을 용인시 관리 시설로 옮김(원래 꽃터교(안대지2교) — 관리주체 확인필요),② 시설 옮김
duty_assignment,ASG-001331,asset_id,BR1018-0000001,BR1992-0000904,② 시설 옮김
duty_assignment,ASG-001331,applicability,비해당,해당,② 시설 옮김
duty_assignment,ASG-001331,applicability_note,관리주체 타기관(수원국토관리사무소) — 용인시 관리 시설 아님(FMS 관리주체 · 09-24),시연 배정을 용인시 관리 시설로 옮김(원래 하고개교(상행) — 관리주체 수원국토관리사무소),② 시설 옮김
duty_assignment,ASG-001331,decided_by,G01,,② 시설 옮김
duty_assignment,ASG-001331,decided_at,2026-09-24,,② 시설 옮김
duty_assignment,ASG-001332,asset_id,BR1900-0000009,BR1993-0000845,② 시설 옮김
duty_assignment,ASG-001332,applicability,확인필요,해당,② 시설 옮김
duty_assignment,ASG-001332,applicability_note,관리주체 확인 필요(FMS 관리주체 정보 없음·추정) — 용인시 관리면 「해당」으로,시연 배정을 용인시 관리 시설로 옮김(원래 안대지천교 — 관리주체 확인필요),② 시설 옮김
duty_assignment,ASG-001334,asset_id,BR0000-0000002,BR1992-0000156,② 시설 옮김
duty_assignment,ASG-001334,applicability,확인필요,해당,② 시설 옮김
duty_assignment,ASG-001334,applicability_note,관리주체 확인 필요(FMS 관리주체 정보 없음·추정) — 용인시 관리면 「해당」으로,시연 배정을 용인시 관리 시설로 옮김(원래 꽃터교(안대지2교) — 관리주체 확인필요),② 시설 옮김
duty_assignment,ASG-001335,asset_id,BR1018-0000001,BR1992-0000904,② 시설 옮김
duty_assignment,ASG-001335,applicability,비해당,해당,② 시설 옮김
duty_assignment,ASG-001335,applicability_note,관리주체 타기관(수원국토관리사무소) — 용인시 관리 시설 아님(FMS 관리주체 · 09-24),시연 배정을 용인시 관리 시설로 옮김(원래 하고개교(상행) — 관리주체 수원국토관리사무소),② 시설 옮김
duty_assignment,ASG-001335,decided_by,G01,,② 시설 옮김
duty_assignment,ASG-001335,decided_at,2026-09-24,,② 시설 옮김
duty_assignment,ASG-001336,asset_id,BR1900-0000009,BR1993-0000845,② 시설 옮김
duty_assignment,ASG-001336,applicability,확인필요,해당,② 시설 옮김
duty_assignment,ASG-001336,applicability_note,관리주체 확인 필요(FMS 관리주체 정보 없음·추정) — 용인시 관리면 「해당」으로,시연 배정을 용인시 관리 시설로 옮김(원래 안대지천교 — 관리주체 확인필요),② 시설 옮김
duty_assignment,ASG-001338,asset_id,BR0000-0000002,BR1992-0000156,② 시설 옮김
duty_assignment,ASG-001338,applicability,확인필요,해당,② 시설 옮김
duty_assignment,ASG-001338,applicability_note,관리주체 확인 필요(FMS 관리주체 정보 없음·추정) — 용인시 관리면 「해당」으로,시연 배정을 용인시 관리 시설로 옮김(원래 꽃터교(안대지2교) — 관리주체 확인필요),② 시설 옮김
duty_assignment,ASG-001339,asset_id,BR1018-0000001,BR1992-0000904,② 시설 옮김
duty_assignment,ASG-001339,applicability,비해당,해당,② 시설 옮김
duty_assignment,ASG-001339,applicability_note,관리주체 타기관(수원국토관리사무소) — 용인시 관리 시설 아님(FMS 관리주체 · 09-24),시연 배정을 용인시 관리 시설로 옮김(원래 하고개교(상행) — 관리주체 수원국토관리사무소),② 시설 옮김
duty_assignment,ASG-001339,decided_by,G01,,② 시설 옮김
duty_assignment,ASG-001339,decided_at,2026-09-24,,② 시설 옮김
duty_assignment,ASG-001340,asset_id,BR1900-0000009,BR1993-0000845,② 시설 옮김
duty_assignment,ASG-001340,applicability,확인필요,해당,② 시설 옮김
duty_assignment,ASG-001340,applicability_note,관리주체 확인 필요(FMS 관리주체 정보 없음·추정) — 용인시 관리면 「해당」으로,시연 배정을 용인시 관리 시설로 옮김(원래 안대지천교 — 관리주체 확인필요),② 시설 옮김
duty_assignment,ASG-001342,asset_id,BR0000-0000002,BR1992-0000156,② 시설 옮김
duty_assignment,ASG-001342,applicability,확인필요,해당,② 시설 옮김
duty_assignment,ASG-001342,applicability_note,관리주체 확인 필요(FMS 관리주체 정보 없음·추정) — 용인시 관리면 「해당」으로,시연 배정을 용인시 관리 시설로 옮김(원래 꽃터교(안대지2교) — 관리주체 확인필요),② 시설 옮김
duty_assignment,ASG-001343,asset_id,BR1018-0000001,BR1992-0000904,② 시설 옮김
duty_assignment,ASG-001343,applicability,비해당,해당,② 시설 옮김
duty_assignment,ASG-001343,applicability_note,관리주체 타기관(수원국토관리사무소) — 용인시 관리 시설 아님(FMS 관리주체 · 09-24),시연 배정을 용인시 관리 시설로 옮김(원래 하고개교(상행) — 관리주체 수원국토관리사무소),② 시설 옮김
duty_assignment,ASG-001343,decided_by,G01,,② 시설 옮김
duty_assignment,ASG-001343,decided_at,2026-09-24,,② 시설 옮김
duty_assignment,ASG-001344,asset_id,BR1900-0000009,BR1993-0000845,② 시설 옮김
duty_assignment,ASG-001344,applicability,확인필요,해당,② 시설 옮김
duty_assignment,ASG-001344,applicability_note,관리주체 확인 필요(FMS 관리주체 정보 없음·추정) — 용인시 관리면 「해당」으로,시연 배정을 용인시 관리 시설로 옮김(원래 안대지천교 — 관리주체 확인필요),② 시설 옮김
duty_assignment,ASG-001346,asset_id,BR0000-0000002,BR1992-0000156,② 시설 옮김
duty_assignment,ASG-001346,applicability,확인필요,해당,② 시설 옮김
duty_assignment,ASG-001346,applicability_note,관리주체 확인 필요(FMS 관리주체 정보 없음·추정) — 용인시 관리면 「해당」으로,시연 배정을 용인시 관리 시설로 옮김(원래 꽃터교(안대지2교) — 관리주체 확인필요),② 시설 옮김
duty_assignment,ASG-001347,asset_id,BR1018-0000001,BR1992-0000904,② 시설 옮김
duty_assignment,ASG-001347,applicability,비해당,해당,② 시설 옮김
duty_assignment,ASG-001347,applicability_note,관리주체 타기관(수원국토관리사무소) — 용인시 관리 시설 아님(FMS 관리주체 · 09-24),시연 배정을 용인시 관리 시설로 옮김(원래 하고개교(상행) — 관리주체 수원국토관리사무소),② 시설 옮김
duty_assignment,ASG-001347,decided_by,G01,,② 시설 옮김
duty_assignment,ASG-001347,decided_at,2026-09-24,,② 시설 옮김
duty_assignment,ASG-001348,asset_id,BR1900-0000009,BR1993-0000845,② 시설 옮김
duty_assignment,ASG-001348,applicability,확인필요,해당,② 시설 옮김
duty_assignment,ASG-001348,applicability_note,관리주체 확인 필요(FMS 관리주체 정보 없음·추정) — 용인시 관리면 「해당」으로,시연 배정을 용인시 관리 시설로 옮김(원래 안대지천교 — 관리주체 확인필요),② 시설 옮김
duty_assignment,ASG-001350,asset_id,BR0000-0000002,BR1992-0000156,② 시설 옮김
duty_assignment,ASG-001350,applicability,확인필요,해당,② 시설 옮김
duty_assignment,ASG-001350,applicability_note,관리주체 확인 필요(FMS 관리주체 정보 없음·추정) — 용인시 관리면 「해당」으로,시연 배정을 용인시 관리 시설로 옮김(원래 꽃터교(안대지2교) — 관리주체 확인필요),② 시설 옮김
duty_assignment,ASG-001351,asset_id,BR1018-0000001,BR1992-0000904,② 시설 옮김
duty_assignment,ASG-001351,applicability,비해당,해당,② 시설 옮김
duty_assignment,ASG-001351,applicability_note,관리주체 타기관(수원국토관리사무소) — 용인시 관리 시설 아님(FMS 관리주체 · 09-24),시연 배정을 용인시 관리 시설로 옮김(원래 하고개교(상행) — 관리주체 수원국토관리사무소),② 시설 옮김
duty_assignment,ASG-001351,decided_by,G01,,② 시설 옮김
duty_assignment,ASG-001351,decided_at,2026-09-24,,② 시설 옮김
duty_assignment,ASG-001352,asset_id,BR1900-0000009,BR1993-0000845,② 시설 옮김
duty_assignment,ASG-001352,applicability,확인필요,해당,② 시설 옮김
duty_assignment,ASG-001352,applicability_note,관리주체 확인 필요(FMS 관리주체 정보 없음·추정) — 용인시 관리면 「해당」으로,시연 배정을 용인시 관리 시설로 옮김(원래 안대지천교 — 관리주체 확인필요),② 시설 옮김
duty_assignment,ASG-001354,asset_id,BR0000-0000002,BR1992-0000156,② 시설 옮김
duty_assignment,ASG-001354,applicability,확인필요,해당,② 시설 옮김
duty_assignment,ASG-001354,applicability_note,관리주체 확인 필요(FMS 관리주체 정보 없음·추정) — 용인시 관리면 「해당」으로,시연 배정을 용인시 관리 시설로 옮김(원래 꽃터교(안대지2교) — 관리주체 확인필요),② 시설 옮김
duty_assignment,ASG-001355,asset_id,BR1018-0000001,BR1992-0000904,② 시설 옮김
duty_assignment,ASG-001355,applicability,비해당,해당,② 시설 옮김
duty_assignment,ASG-001355,applicability_note,관리주체 타기관(수원국토관리사무소) — 용인시 관리 시설 아님(FMS 관리주체 · 09-24),시연 배정을 용인시 관리 시설로 옮김(원래 하고개교(상행) — 관리주체 수원국토관리사무소),② 시설 옮김
duty_assignment,ASG-001355,decided_by,G01,,② 시설 옮김
duty_assignment,ASG-001355,decided_at,2026-09-24,,② 시설 옮김
duty_assignment,ASG-001356,asset_id,BR1900-0000009,BR1993-0000845,② 시설 옮김
duty_assignment,ASG-001356,applicability,확인필요,해당,② 시설 옮김
duty_assignment,ASG-001356,applicability_note,관리주체 확인 필요(FMS 관리주체 정보 없음·추정) — 용인시 관리면 「해당」으로,시연 배정을 용인시 관리 시설로 옮김(원래 안대지천교 — 관리주체 확인필요),② 시설 옮김
duty_assignment,ASG-001358,asset_id,BR0000-0000002,BR1992-0000156,② 시설 옮김
duty_assignment,ASG-001358,applicability,확인필요,해당,② 시설 옮김
duty_assignment,ASG-001358,applicability_note,관리주체 확인 필요(FMS 관리주체 정보 없음·추정) — 용인시 관리면 「해당」으로,시연 배정을 용인시 관리 시설로 옮김(원래 꽃터교(안대지2교) — 관리주체 확인필요),② 시설 옮김
duty_assignment,ASG-001359,asset_id,BR1018-0000001,BR1992-0000904,② 시설 옮김
duty_assignment,ASG-001359,applicability,비해당,해당,② 시설 옮김
duty_assignment,ASG-001359,applicability_note,관리주체 타기관(수원국토관리사무소) — 용인시 관리 시설 아님(FMS 관리주체 · 09-24),시연 배정을 용인시 관리 시설로 옮김(원래 하고개교(상행) — 관리주체 수원국토관리사무소),② 시설 옮김
duty_assignment,ASG-001359,decided_by,G01,,② 시설 옮김
duty_assignment,ASG-001359,decided_at,2026-09-24,,② 시설 옮김
duty_assignment,ASG-001360,asset_id,BR1900-0000009,BR1993-0000845,② 시설 옮김
duty_assignment,ASG-001360,applicability,확인필요,해당,② 시설 옮김
duty_assignment,ASG-001360,applicability_note,관리주체 확인 필요(FMS 관리주체 정보 없음·추정) — 용인시 관리면 「해당」으로,시연 배정을 용인시 관리 시설로 옮김(원래 안대지천교 — 관리주체 확인필요),② 시설 옮김
duty_assignment,ASG-001362,asset_id,BR0000-0000002,BR1992-0000156,② 시설 옮김
duty_assignment,ASG-001362,applicability,확인필요,해당,② 시설 옮김
duty_assignment,ASG-001362,applicability_note,관리주체 확인 필요(FMS 관리주체 정보 없음·추정) — 용인시 관리면 「해당」으로,시연 배정을 용인시 관리 시설로 옮김(원래 꽃터교(안대지2교) — 관리주체 확인필요),② 시설 옮김
duty_assignment,ASG-001363,asset_id,BR1018-0000001,BR1992-0000904,② 시설 옮김
duty_assignment,ASG-001363,applicability,비해당,해당,② 시설 옮김
duty_assignment,ASG-001363,applicability_note,관리주체 타기관(수원국토관리사무소) — 용인시 관리 시설 아님(FMS 관리주체 · 09-24),시연 배정을 용인시 관리 시설로 옮김(원래 하고개교(상행) — 관리주체 수원국토관리사무소),② 시설 옮김
duty_assignment,ASG-001363,decided_by,G01,,② 시설 옮김
duty_assignment,ASG-001363,decided_at,2026-09-24,,② 시설 옮김
duty_assignment,ASG-001364,asset_id,BR1900-0000009,BR1993-0000845,② 시설 옮김
duty_assignment,ASG-001364,applicability,확인필요,해당,② 시설 옮김
duty_assignment,ASG-001364,applicability_note,관리주체 확인 필요(FMS 관리주체 정보 없음·추정) — 용인시 관리면 「해당」으로,시연 배정을 용인시 관리 시설로 옮김(원래 안대지천교 — 관리주체 확인필요),② 시설 옮김
duty_assignment,ASG-001366,asset_id,BR0000-0000002,BR1992-0000156,② 시설 옮김
duty_assignment,ASG-001366,applicability,확인필요,해당,② 시설 옮김
duty_assignment,ASG-001366,applicability_note,관리주체 확인 필요(FMS 관리주체 정보 없음·추정) — 용인시 관리면 「해당」으로,시연 배정을 용인시 관리 시설로 옮김(원래 꽃터교(안대지2교) — 관리주체 확인필요),② 시설 옮김
duty_assignment,ASG-001367,asset_id,BR1018-0000001,BR1992-0000904,② 시설 옮김
duty_assignment,ASG-001367,applicability,비해당,해당,② 시설 옮김
duty_assignment,ASG-001367,applicability_note,관리주체 타기관(수원국토관리사무소) — 용인시 관리 시설 아님(FMS 관리주체 · 09-24),시연 배정을 용인시 관리 시설로 옮김(원래 하고개교(상행) — 관리주체 수원국토관리사무소),② 시설 옮김
duty_assignment,ASG-001367,decided_by,G01,,② 시설 옮김
duty_assignment,ASG-001367,decided_at,2026-09-24,,② 시설 옮김
duty_assignment,ASG-001368,asset_id,BR1900-0000009,BR1993-0000845,② 시설 옮김
duty_assignment,ASG-001368,applicability,확인필요,해당,② 시설 옮김
duty_assignment,ASG-001368,applicability_note,관리주체 확인 필요(FMS 관리주체 정보 없음·추정) — 용인시 관리면 「해당」으로,시연 배정을 용인시 관리 시설로 옮김(원래 안대지천교 — 관리주체 확인필요),② 시설 옮김
duty_assignment,ASG-001370,asset_id,BR0000-0000002,BR1992-0000156,② 시설 옮김
duty_assignment,ASG-001370,applicability,확인필요,해당,② 시설 옮김
duty_assignment,ASG-001370,applicability_note,관리주체 확인 필요(FMS 관리주체 정보 없음·추정) — 용인시 관리면 「해당」으로,시연 배정을 용인시 관리 시설로 옮김(원래 꽃터교(안대지2교) — 관리주체 확인필요),② 시설 옮김
duty_assignment,ASG-001371,asset_id,BR1018-0000001,BR1992-0000904,② 시설 옮김
duty_assignment,ASG-001371,applicability,비해당,해당,② 시설 옮김
duty_assignment,ASG-001371,applicability_note,관리주체 타기관(수원국토관리사무소) — 용인시 관리 시설 아님(FMS 관리주체 · 09-24),시연 배정을 용인시 관리 시설로 옮김(원래 하고개교(상행) — 관리주체 수원국토관리사무소),② 시설 옮김
duty_assignment,ASG-001371,decided_by,G01,,② 시설 옮김
duty_assignment,ASG-001371,decided_at,2026-09-24,,② 시설 옮김
duty_assignment,ASG-001372,asset_id,BR1900-0000009,BR1993-0000845,② 시설 옮김
duty_assignment,ASG-001372,applicability,확인필요,해당,② 시설 옮김
duty_assignment,ASG-001372,applicability_note,관리주체 확인 필요(FMS 관리주체 정보 없음·추정) — 용인시 관리면 「해당」으로,시연 배정을 용인시 관리 시설로 옮김(원래 안대지천교 — 관리주체 확인필요),② 시설 옮김
duty_assignment,ASG-001374,asset_id,BR0000-0000002,BR1992-0000156,② 시설 옮김
duty_assignment,ASG-001374,applicability,확인필요,해당,② 시설 옮김
duty_assignment,ASG-001374,applicability_note,관리주체 확인 필요(FMS 관리주체 정보 없음·추정) — 용인시 관리면 「해당」으로,시연 배정을 용인시 관리 시설로 옮김(원래 꽃터교(안대지2교) — 관리주체 확인필요),② 시설 옮김
duty_assignment,ASG-001375,asset_id,BR1018-0000001,BR1992-0000904,② 시설 옮김
duty_assignment,ASG-001375,applicability,비해당,해당,② 시설 옮김
duty_assignment,ASG-001375,applicability_note,관리주체 타기관(수원국토관리사무소) — 용인시 관리 시설 아님(FMS 관리주체 · 09-24),시연 배정을 용인시 관리 시설로 옮김(원래 하고개교(상행) — 관리주체 수원국토관리사무소),② 시설 옮김
duty_assignment,ASG-001375,decided_by,G01,,② 시설 옮김
duty_assignment,ASG-001375,decided_at,2026-09-24,,② 시설 옮김
duty_assignment,ASG-001376,asset_id,BR1900-0000009,BR1993-0000845,② 시설 옮김
duty_assignment,ASG-001376,applicability,확인필요,해당,② 시설 옮김
duty_assignment,ASG-001376,applicability_note,관리주체 확인 필요(FMS 관리주체 정보 없음·추정) — 용인시 관리면 「해당」으로,시연 배정을 용인시 관리 시설로 옮김(원래 안대지천교 — 관리주체 확인필요),② 시설 옮김
duty_assignment,ASG-001378,asset_id,BR0000-0000002,BR1992-0000156,② 시설 옮김
duty_assignment,ASG-001378,applicability,확인필요,해당,② 시설 옮김
duty_assignment,ASG-001378,applicability_note,관리주체 확인 필요(FMS 관리주체 정보 없음·추정) — 용인시 관리면 「해당」으로,시연 배정을 용인시 관리 시설로 옮김(원래 꽃터교(안대지2교) — 관리주체 확인필요),② 시설 옮김
duty_assignment,ASG-001379,asset_id,BR1018-0000001,BR1992-0000904,② 시설 옮김
duty_assignment,ASG-001379,applicability,비해당,해당,② 시설 옮김
duty_assignment,ASG-001379,applicability_note,관리주체 타기관(수원국토관리사무소) — 용인시 관리 시설 아님(FMS 관리주체 · 09-24),시연 배정을 용인시 관리 시설로 옮김(원래 하고개교(상행) — 관리주체 수원국토관리사무소),② 시설 옮김
duty_assignment,ASG-001379,decided_by,G01,,② 시설 옮김
duty_assignment,ASG-001379,decided_at,2026-09-24,,② 시설 옮김
duty_assignment,ASG-001380,asset_id,BR1900-0000009,BR1993-0000845,② 시설 옮김
duty_assignment,ASG-001380,applicability,확인필요,해당,② 시설 옮김
duty_assignment,ASG-001380,applicability_note,관리주체 확인 필요(FMS 관리주체 정보 없음·추정) — 용인시 관리면 「해당」으로,시연 배정을 용인시 관리 시설로 옮김(원래 안대지천교 — 관리주체 확인필요),② 시설 옮김
duty_assignment,ASG-001393,applicability,확인필요,해당,① 관리주체 확정 — 되돌림
duty_assignment,ASG-001393,applicability_note,관리주체 확인 필요(FMS 관리주체 정보 없음·추정) — 용인시 관리면 「해당」으로,,① 관리주체 확정 — 되돌림
duty_assignment,ASG-001394,applicability,확인필요,해당,① 관리주체 확정 — 되돌림
duty_assignment,ASG-001394,applicability_note,관리주체 확인 필요(FMS 관리주체 정보 없음·추정) — 용인시 관리면 「해당」으로,,① 관리주체 확정 — 되돌림
duty_assignment,ASG-001395,applicability,확인필요,해당,① 관리주체 확정 — 되돌림
duty_assignment,ASG-001395,applicability_note,관리주체 확인 필요(FMS 관리주체 정보 없음·추정) — 용인시 관리면 「해당」으로,,① 관리주체 확정 — 되돌림
duty_assignment,ASG-001397,applicability,확인필요,해당,① 관리주체 확정 — 되돌림
duty_assignment,ASG-001397,applicability_note,관리주체 확인 필요(FMS 관리주체 정보 없음·추정) — 용인시 관리면 「해당」으로,,① 관리주체 확정 — 되돌림
duty_assignment,ASG-001398,applicability,확인필요,해당,① 관리주체 확정 — 되돌림
duty_assignment,ASG-001398,applicability_note,관리주체 확인 필요(FMS 관리주체 정보 없음·추정) — 용인시 관리면 「해당」으로,,① 관리주체 확정 — 되돌림
duty_assignment,ASG-001399,applicability,확인필요,해당,① 관리주체 확정 — 되돌림
duty_assignment,ASG-001399,applicability_note,관리주체 확인 필요(FMS 관리주체 정보 없음·추정) — 용인시 관리면 「해당」으로,,① 관리주체 확정 — 되돌림
duty_assignment,ASG-001401,applicability,확인필요,해당,① 관리주체 확정 — 되돌림
duty_assignment,ASG-001401,applicability_note,관리주체 확인 필요(FMS 관리주체 정보 없음·추정) — 용인시 관리면 「해당」으로,,① 관리주체 확정 — 되돌림
duty_assignment,ASG-001402,applicability,확인필요,해당,① 관리주체 확정 — 되돌림
duty_assignment,ASG-001402,applicability_note,관리주체 확인 필요(FMS 관리주체 정보 없음·추정) — 용인시 관리면 「해당」으로,,① 관리주체 확정 — 되돌림
duty_assignment,ASG-001403,applicability,확인필요,해당,① 관리주체 확정 — 되돌림
duty_assignment,ASG-001403,applicability_note,관리주체 확인 필요(FMS 관리주체 정보 없음·추정) — 용인시 관리면 「해당」으로,,① 관리주체 확정 — 되돌림
duty_assignment,ASG-001405,applicability,확인필요,해당,① 관리주체 확정 — 되돌림
duty_assignment,ASG-001405,applicability_note,관리주체 확인 필요(FMS 관리주체 정보 없음·추정) — 용인시 관리면 「해당」으로,,① 관리주체 확정 — 되돌림
duty_assignment,ASG-001406,applicability,확인필요,해당,① 관리주체 확정 — 되돌림
duty_assignment,ASG-001406,applicability_note,관리주체 확인 필요(FMS 관리주체 정보 없음·추정) — 용인시 관리면 「해당」으로,,① 관리주체 확정 — 되돌림
duty_assignment,ASG-001407,applicability,확인필요,해당,① 관리주체 확정 — 되돌림
duty_assignment,ASG-001407,applicability_note,관리주체 확인 필요(FMS 관리주체 정보 없음·추정) — 용인시 관리면 「해당」으로,,① 관리주체 확정 — 되돌림
duty_assignment,ASG-001409,applicability,확인필요,해당,① 관리주체 확정 — 되돌림
duty_assignment,ASG-001409,applicability_note,관리주체 확인 필요(FMS 관리주체 정보 없음·추정) — 용인시 관리면 「해당」으로,,① 관리주체 확정 — 되돌림
duty_assignment,ASG-001410,applicability,확인필요,해당,① 관리주체 확정 — 되돌림
duty_assignment,ASG-001410,applicability_note,관리주체 확인 필요(FMS 관리주체 정보 없음·추정) — 용인시 관리면 「해당」으로,,① 관리주체 확정 — 되돌림
duty_assignment,ASG-001411,applicability,확인필요,해당,① 관리주체 확정 — 되돌림
duty_assignment,ASG-001411,applicability_note,관리주체 확인 필요(FMS 관리주체 정보 없음·추정) — 용인시 관리면 「해당」으로,,① 관리주체 확정 — 되돌림
duty_assignment,ASG-001413,applicability,확인필요,해당,① 관리주체 확정 — 되돌림
duty_assignment,ASG-001413,applicability_note,관리주체 확인 필요(FMS 관리주체 정보 없음·추정) — 용인시 관리면 「해당」으로,,① 관리주체 확정 — 되돌림
duty_assignment,ASG-001414,applicability,확인필요,해당,① 관리주체 확정 — 되돌림
duty_assignment,ASG-001414,applicability_note,관리주체 확인 필요(FMS 관리주체 정보 없음·추정) — 용인시 관리면 「해당」으로,,① 관리주체 확정 — 되돌림
duty_assignment,ASG-001415,applicability,확인필요,해당,① 관리주체 확정 — 되돌림
duty_assignment,ASG-001415,applicability_note,관리주체 확인 필요(FMS 관리주체 정보 없음·추정) — 용인시 관리면 「해당」으로,,① 관리주체 확정 — 되돌림
duty_assignment,ASG-001417,applicability,확인필요,해당,① 관리주체 확정 — 되돌림
duty_assignment,ASG-001417,applicability_note,관리주체 확인 필요(FMS 관리주체 정보 없음·추정) — 용인시 관리면 「해당」으로,,① 관리주체 확정 — 되돌림
duty_assignment,ASG-001418,applicability,확인필요,해당,① 관리주체 확정 — 되돌림
duty_assignment,ASG-001418,applicability_note,관리주체 확인 필요(FMS 관리주체 정보 없음·추정) — 용인시 관리면 「해당」으로,,① 관리주체 확정 — 되돌림
duty_assignment,ASG-001419,applicability,확인필요,해당,① 관리주체 확정 — 되돌림
duty_assignment,ASG-001419,applicability_note,관리주체 확인 필요(FMS 관리주체 정보 없음·추정) — 용인시 관리면 「해당」으로,,① 관리주체 확정 — 되돌림
duty_assignment,ASG-001421,applicability,확인필요,해당,① 관리주체 확정 — 되돌림
duty_assignment,ASG-001421,applicability_note,관리주체 확인 필요(FMS 관리주체 정보 없음·추정) — 용인시 관리면 「해당」으로,,① 관리주체 확정 — 되돌림
duty_assignment,ASG-001422,applicability,확인필요,해당,① 관리주체 확정 — 되돌림
duty_assignment,ASG-001422,applicability_note,관리주체 확인 필요(FMS 관리주체 정보 없음·추정) — 용인시 관리면 「해당」으로,,① 관리주체 확정 — 되돌림
duty_assignment,ASG-001423,applicability,확인필요,해당,① 관리주체 확정 — 되돌림
duty_assignment,ASG-001423,applicability_note,관리주체 확인 필요(FMS 관리주체 정보 없음·추정) — 용인시 관리면 「해당」으로,,① 관리주체 확정 — 되돌림
duty_assignment,ASG-001425,applicability,확인필요,해당,① 관리주체 확정 — 되돌림
duty_assignment,ASG-001425,applicability_note,관리주체 확인 필요(FMS 관리주체 정보 없음·추정) — 용인시 관리면 「해당」으로,,① 관리주체 확정 — 되돌림
duty_assignment,ASG-001426,applicability,확인필요,해당,① 관리주체 확정 — 되돌림
duty_assignment,ASG-001426,applicability_note,관리주체 확인 필요(FMS 관리주체 정보 없음·추정) — 용인시 관리면 「해당」으로,,① 관리주체 확정 — 되돌림
duty_assignment,ASG-001427,applicability,확인필요,해당,① 관리주체 확정 — 되돌림
duty_assignment,ASG-001427,applicability_note,관리주체 확인 필요(FMS 관리주체 정보 없음·추정) — 용인시 관리면 「해당」으로,,① 관리주체 확정 — 되돌림
duty_assignment,ASG-001429,applicability,확인필요,해당,① 관리주체 확정 — 되돌림
duty_assignment,ASG-001429,applicability_note,관리주체 확인 필요(FMS 관리주체 정보 없음·추정) — 용인시 관리면 「해당」으로,,① 관리주체 확정 — 되돌림
duty_assignment,ASG-001430,applicability,확인필요,해당,① 관리주체 확정 — 되돌림
duty_assignment,ASG-001430,applicability_note,관리주체 확인 필요(FMS 관리주체 정보 없음·추정) — 용인시 관리면 「해당」으로,,① 관리주체 확정 — 되돌림
duty_assignment,ASG-001431,applicability,확인필요,해당,① 관리주체 확정 — 되돌림
duty_assignment,ASG-001431,applicability_note,관리주체 확인 필요(FMS 관리주체 정보 없음·추정) — 용인시 관리면 「해당」으로,,① 관리주체 확정 — 되돌림
duty_assignment,ASG-001433,applicability,확인필요,해당,① 관리주체 확정 — 되돌림
duty_assignment,ASG-001433,applicability_note,관리주체 확인 필요(FMS 관리주체 정보 없음·추정) — 용인시 관리면 「해당」으로,,① 관리주체 확정 — 되돌림
duty_assignment,ASG-001434,applicability,확인필요,해당,① 관리주체 확정 — 되돌림
duty_assignment,ASG-001434,applicability_note,관리주체 확인 필요(FMS 관리주체 정보 없음·추정) — 용인시 관리면 「해당」으로,,① 관리주체 확정 — 되돌림
duty_assignment,ASG-001435,applicability,확인필요,해당,① 관리주체 확정 — 되돌림
duty_assignment,ASG-001435,applicability_note,관리주체 확인 필요(FMS 관리주체 정보 없음·추정) — 용인시 관리면 「해당」으로,,① 관리주체 확정 — 되돌림
duty_assignment,ASG-001437,applicability,확인필요,해당,① 관리주체 확정 — 되돌림
duty_assignment,ASG-001437,applicability_note,관리주체 확인 필요(FMS 관리주체 정보 없음·추정) — 용인시 관리면 「해당」으로,,① 관리주체 확정 — 되돌림
duty_assignment,ASG-001438,applicability,확인필요,해당,① 관리주체 확정 — 되돌림
duty_assignment,ASG-001438,applicability_note,관리주체 확인 필요(FMS 관리주체 정보 없음·추정) — 용인시 관리면 「해당」으로,,① 관리주체 확정 — 되돌림
duty_assignment,ASG-001439,applicability,확인필요,해당,① 관리주체 확정 — 되돌림
duty_assignment,ASG-001439,applicability_note,관리주체 확인 필요(FMS 관리주체 정보 없음·추정) — 용인시 관리면 「해당」으로,,① 관리주체 확정 — 되돌림
duty_assignment,ASG-001441,applicability,확인필요,해당,① 관리주체 확정 — 되돌림
duty_assignment,ASG-001441,applicability_note,관리주체 확인 필요(FMS 관리주체 정보 없음·추정) — 용인시 관리면 「해당」으로,,① 관리주체 확정 — 되돌림
duty_assignment,ASG-001442,applicability,확인필요,해당,① 관리주체 확정 — 되돌림
duty_assignment,ASG-001442,applicability_note,관리주체 확인 필요(FMS 관리주체 정보 없음·추정) — 용인시 관리면 「해당」으로,,① 관리주체 확정 — 되돌림
duty_assignment,ASG-001443,applicability,확인필요,해당,① 관리주체 확정 — 되돌림
duty_assignment,ASG-001443,applicability_note,관리주체 확인 필요(FMS 관리주체 정보 없음·추정) — 용인시 관리면 「해당」으로,,① 관리주체 확정 — 되돌림
duty_assignment,ASG-001445,asset_id,AR1967-0000142,AR2004-0004612,② 시설 옮김
duty_assignment,ASG-001445,applicability,비해당,해당,② 시설 옮김
duty_assignment,ASG-001445,applicability_note,관리주체 아님(시설 판정 「제외」) — 비해당으로 닫음(09-24 결정),시연 배정을 용인시 관리 시설로 옮김(원래 고기초등학교 교사동 — 관리주체 확인필요),② 시설 옮김
duty_assignment,ASG-001445,decided_by,G01,,② 시설 옮김
duty_assignment,ASG-001445,decided_at,2026-09-24,,② 시설 옮김
duty_assignment,ASG-001446,asset_id,AR1969-0000298,AR2005-0003904,② 시설 옮김
duty_assignment,ASG-001446,applicability,비해당,해당,② 시설 옮김
duty_assignment,ASG-001446,applicability_note,관리주체 아님(시설 판정 「제외」) — 비해당으로 닫음(09-24 결정),시연 배정을 용인시 관리 시설로 옮김(원래 두창초등학교 교사1호동 — 관리주체 확인필요),② 시설 옮김
duty_assignment,ASG-001446,decided_by,G01,,② 시설 옮김
duty_assignment,ASG-001446,decided_at,2026-09-24,,② 시설 옮김
duty_assignment,ASG-001447,asset_id,AR1969-0000299,AR2005-0003905,② 시설 옮김
duty_assignment,ASG-001447,applicability,비해당,해당,② 시설 옮김
duty_assignment,ASG-001447,applicability_note,관리주체 아님(시설 판정 「제외」) — 비해당으로 닫음(09-24 결정),시연 배정을 용인시 관리 시설로 옮김(원래 백암고등학교 교사동(1호동) — 관리주체 확인필요),② 시설 옮김
duty_assignment,ASG-001447,decided_by,G01,,② 시설 옮김
duty_assignment,ASG-001447,decided_at,2026-09-24,,② 시설 옮김
duty_assignment,ASG-001449,asset_id,AR1967-0000142,AR2004-0004612,② 시설 옮김
duty_assignment,ASG-001449,applicability,비해당,해당,② 시설 옮김
duty_assignment,ASG-001449,applicability_note,관리주체 아님(시설 판정 「제외」) — 비해당으로 닫음(09-24 결정),시연 배정을 용인시 관리 시설로 옮김(원래 고기초등학교 교사동 — 관리주체 확인필요),② 시설 옮김
duty_assignment,ASG-001449,decided_by,G01,,② 시설 옮김
duty_assignment,ASG-001449,decided_at,2026-09-24,,② 시설 옮김
duty_assignment,ASG-001450,asset_id,AR1969-0000298,AR2005-0003904,② 시설 옮김
duty_assignment,ASG-001450,applicability,비해당,해당,② 시설 옮김
duty_assignment,ASG-001450,applicability_note,관리주체 아님(시설 판정 「제외」) — 비해당으로 닫음(09-24 결정),시연 배정을 용인시 관리 시설로 옮김(원래 두창초등학교 교사1호동 — 관리주체 확인필요),② 시설 옮김
duty_assignment,ASG-001450,decided_by,G01,,② 시설 옮김
duty_assignment,ASG-001450,decided_at,2026-09-24,,② 시설 옮김
duty_assignment,ASG-001451,asset_id,AR1969-0000299,AR2005-0003905,② 시설 옮김
duty_assignment,ASG-001451,applicability,비해당,해당,② 시설 옮김
duty_assignment,ASG-001451,applicability_note,관리주체 아님(시설 판정 「제외」) — 비해당으로 닫음(09-24 결정),시연 배정을 용인시 관리 시설로 옮김(원래 백암고등학교 교사동(1호동) — 관리주체 확인필요),② 시설 옮김
duty_assignment,ASG-001451,decided_by,G01,,② 시설 옮김
duty_assignment,ASG-001451,decided_at,2026-09-24,,② 시설 옮김
duty_assignment,ASG-001453,asset_id,AR1967-0000142,AR2004-0004612,② 시설 옮김
duty_assignment,ASG-001453,applicability,비해당,해당,② 시설 옮김
duty_assignment,ASG-001453,applicability_note,관리주체 아님(시설 판정 「제외」) — 비해당으로 닫음(09-24 결정),시연 배정을 용인시 관리 시설로 옮김(원래 고기초등학교 교사동 — 관리주체 확인필요),② 시설 옮김
duty_assignment,ASG-001453,decided_by,G01,,② 시설 옮김
duty_assignment,ASG-001453,decided_at,2026-09-24,,② 시설 옮김
duty_assignment,ASG-001454,asset_id,AR1969-0000298,AR2005-0003904,② 시설 옮김
duty_assignment,ASG-001454,applicability,비해당,해당,② 시설 옮김
duty_assignment,ASG-001454,applicability_note,관리주체 아님(시설 판정 「제외」) — 비해당으로 닫음(09-24 결정),시연 배정을 용인시 관리 시설로 옮김(원래 두창초등학교 교사1호동 — 관리주체 확인필요),② 시설 옮김
duty_assignment,ASG-001454,decided_by,G01,,② 시설 옮김
duty_assignment,ASG-001454,decided_at,2026-09-24,,② 시설 옮김
duty_assignment,ASG-001455,asset_id,AR1969-0000299,AR2005-0003905,② 시설 옮김
duty_assignment,ASG-001455,applicability,비해당,해당,② 시설 옮김
duty_assignment,ASG-001455,applicability_note,관리주체 아님(시설 판정 「제외」) — 비해당으로 닫음(09-24 결정),시연 배정을 용인시 관리 시설로 옮김(원래 백암고등학교 교사동(1호동) — 관리주체 확인필요),② 시설 옮김
duty_assignment,ASG-001455,decided_by,G01,,② 시설 옮김
duty_assignment,ASG-001455,decided_at,2026-09-24,,② 시설 옮김
duty_assignment,ASG-001457,asset_id,AR1967-0000142,AR2004-0004612,② 시설 옮김
duty_assignment,ASG-001457,applicability,비해당,해당,② 시설 옮김
duty_assignment,ASG-001457,applicability_note,관리주체 아님(시설 판정 「제외」) — 비해당으로 닫음(09-24 결정),시연 배정을 용인시 관리 시설로 옮김(원래 고기초등학교 교사동 — 관리주체 확인필요),② 시설 옮김
duty_assignment,ASG-001457,decided_by,G01,,② 시설 옮김
duty_assignment,ASG-001457,decided_at,2026-09-24,,② 시설 옮김
duty_assignment,ASG-001458,asset_id,AR1969-0000298,AR2005-0003904,② 시설 옮김
duty_assignment,ASG-001458,applicability,비해당,해당,② 시설 옮김
duty_assignment,ASG-001458,applicability_note,관리주체 아님(시설 판정 「제외」) — 비해당으로 닫음(09-24 결정),시연 배정을 용인시 관리 시설로 옮김(원래 두창초등학교 교사1호동 — 관리주체 확인필요),② 시설 옮김
duty_assignment,ASG-001458,decided_by,G01,,② 시설 옮김
duty_assignment,ASG-001458,decided_at,2026-09-24,,② 시설 옮김
duty_assignment,ASG-001459,asset_id,AR1969-0000299,AR2005-0003905,② 시설 옮김
duty_assignment,ASG-001459,applicability,비해당,해당,② 시설 옮김
duty_assignment,ASG-001459,applicability_note,관리주체 아님(시설 판정 「제외」) — 비해당으로 닫음(09-24 결정),시연 배정을 용인시 관리 시설로 옮김(원래 백암고등학교 교사동(1호동) — 관리주체 확인필요),② 시설 옮김
duty_assignment,ASG-001459,decided_by,G01,,② 시설 옮김
duty_assignment,ASG-001459,decided_at,2026-09-24,,② 시설 옮김
duty_assignment,ASG-001461,asset_id,AR1967-0000142,AR2004-0004612,② 시설 옮김
duty_assignment,ASG-001461,applicability,비해당,해당,② 시설 옮김
duty_assignment,ASG-001461,applicability_note,관리주체 아님(시설 판정 「제외」) — 비해당으로 닫음(09-24 결정),시연 배정을 용인시 관리 시설로 옮김(원래 고기초등학교 교사동 — 관리주체 확인필요),② 시설 옮김
duty_assignment,ASG-001461,decided_by,G01,,② 시설 옮김
duty_assignment,ASG-001461,decided_at,2026-09-24,,② 시설 옮김
duty_assignment,ASG-001462,asset_id,AR1969-0000298,AR2005-0003904,② 시설 옮김
duty_assignment,ASG-001462,applicability,비해당,해당,② 시설 옮김
duty_assignment,ASG-001462,applicability_note,관리주체 아님(시설 판정 「제외」) — 비해당으로 닫음(09-24 결정),시연 배정을 용인시 관리 시설로 옮김(원래 두창초등학교 교사1호동 — 관리주체 확인필요),② 시설 옮김
duty_assignment,ASG-001462,decided_by,G01,,② 시설 옮김
duty_assignment,ASG-001462,decided_at,2026-09-24,,② 시설 옮김
duty_assignment,ASG-001463,asset_id,AR1969-0000299,AR2005-0003905,② 시설 옮김
duty_assignment,ASG-001463,applicability,비해당,해당,② 시설 옮김
duty_assignment,ASG-001463,applicability_note,관리주체 아님(시설 판정 「제외」) — 비해당으로 닫음(09-24 결정),시연 배정을 용인시 관리 시설로 옮김(원래 백암고등학교 교사동(1호동) — 관리주체 확인필요),② 시설 옮김
duty_assignment,ASG-001463,decided_by,G01,,② 시설 옮김
duty_assignment,ASG-001463,decided_at,2026-09-24,,② 시설 옮김
duty_assignment,ASG-001465,asset_id,AR1967-0000142,AR2004-0004612,② 시설 옮김
duty_assignment,ASG-001465,applicability,비해당,해당,② 시설 옮김
duty_assignment,ASG-001465,applicability_note,관리주체 아님(시설 판정 「제외」) — 비해당으로 닫음(09-24 결정),시연 배정을 용인시 관리 시설로 옮김(원래 고기초등학교 교사동 — 관리주체 확인필요),② 시설 옮김
duty_assignment,ASG-001465,decided_by,G01,,② 시설 옮김
duty_assignment,ASG-001465,decided_at,2026-09-24,,② 시설 옮김
duty_assignment,ASG-001466,asset_id,AR1969-0000298,AR2005-0003904,② 시설 옮김
duty_assignment,ASG-001466,applicability,비해당,해당,② 시설 옮김
duty_assignment,ASG-001466,applicability_note,관리주체 아님(시설 판정 「제외」) — 비해당으로 닫음(09-24 결정),시연 배정을 용인시 관리 시설로 옮김(원래 두창초등학교 교사1호동 — 관리주체 확인필요),② 시설 옮김
duty_assignment,ASG-001466,decided_by,G01,,② 시설 옮김
duty_assignment,ASG-001466,decided_at,2026-09-24,,② 시설 옮김
duty_assignment,ASG-001467,asset_id,AR1969-0000299,AR2005-0003905,② 시설 옮김
duty_assignment,ASG-001467,applicability,비해당,해당,② 시설 옮김
duty_assignment,ASG-001467,applicability_note,관리주체 아님(시설 판정 「제외」) — 비해당으로 닫음(09-24 결정),시연 배정을 용인시 관리 시설로 옮김(원래 백암고등학교 교사동(1호동) — 관리주체 확인필요),② 시설 옮김
duty_assignment,ASG-001467,decided_by,G01,,② 시설 옮김
duty_assignment,ASG-001467,decided_at,2026-09-24,,② 시설 옮김
duty_assignment,ASG-001469,asset_id,AR1967-0000142,AR2004-0004612,② 시설 옮김
duty_assignment,ASG-001469,applicability,비해당,해당,② 시설 옮김
duty_assignment,ASG-001469,applicability_note,관리주체 아님(시설 판정 「제외」) — 비해당으로 닫음(09-24 결정),시연 배정을 용인시 관리 시설로 옮김(원래 고기초등학교 교사동 — 관리주체 확인필요),② 시설 옮김
duty_assignment,ASG-001469,decided_by,G01,,② 시설 옮김
duty_assignment,ASG-001469,decided_at,2026-09-24,,② 시설 옮김
duty_assignment,ASG-001470,asset_id,AR1969-0000298,AR2005-0003904,② 시설 옮김
duty_assignment,ASG-001470,applicability,비해당,해당,② 시설 옮김
duty_assignment,ASG-001470,applicability_note,관리주체 아님(시설 판정 「제외」) — 비해당으로 닫음(09-24 결정),시연 배정을 용인시 관리 시설로 옮김(원래 두창초등학교 교사1호동 — 관리주체 확인필요),② 시설 옮김
duty_assignment,ASG-001470,decided_by,G01,,② 시설 옮김
duty_assignment,ASG-001470,decided_at,2026-09-24,,② 시설 옮김
duty_assignment,ASG-001471,asset_id,AR1969-0000299,AR2005-0003905,② 시설 옮김
duty_assignment,ASG-001471,applicability,비해당,해당,② 시설 옮김
duty_assignment,ASG-001471,applicability_note,관리주체 아님(시설 판정 「제외」) — 비해당으로 닫음(09-24 결정),시연 배정을 용인시 관리 시설로 옮김(원래 백암고등학교 교사동(1호동) — 관리주체 확인필요),② 시설 옮김
duty_assignment,ASG-001471,decided_by,G01,,② 시설 옮김
duty_assignment,ASG-001471,decided_at,2026-09-24,,② 시설 옮김
duty_assignment,ASG-001473,asset_id,AR1967-0000142,AR2004-0004612,② 시설 옮김
duty_assignment,ASG-001473,applicability,비해당,해당,② 시설 옮김
duty_assignment,ASG-001473,applicability_note,관리주체 아님(시설 판정 「제외」) — 비해당으로 닫음(09-24 결정),시연 배정을 용인시 관리 시설로 옮김(원래 고기초등학교 교사동 — 관리주체 확인필요),② 시설 옮김
duty_assignment,ASG-001473,decided_by,G01,,② 시설 옮김
duty_assignment,ASG-001473,decided_at,2026-09-24,,② 시설 옮김
duty_assignment,ASG-001474,asset_id,AR1969-0000298,AR2005-0003904,② 시설 옮김
duty_assignment,ASG-001474,applicability,비해당,해당,② 시설 옮김
duty_assignment,ASG-001474,applicability_note,관리주체 아님(시설 판정 「제외」) — 비해당으로 닫음(09-24 결정),시연 배정을 용인시 관리 시설로 옮김(원래 두창초등학교 교사1호동 — 관리주체 확인필요),② 시설 옮김
duty_assignment,ASG-001474,decided_by,G01,,② 시설 옮김
duty_assignment,ASG-001474,decided_at,2026-09-24,,② 시설 옮김
duty_assignment,ASG-001475,asset_id,AR1969-0000299,AR2005-0003905,② 시설 옮김
duty_assignment,ASG-001475,applicability,비해당,해당,② 시설 옮김
duty_assignment,ASG-001475,applicability_note,관리주체 아님(시설 판정 「제외」) — 비해당으로 닫음(09-24 결정),시연 배정을 용인시 관리 시설로 옮김(원래 백암고등학교 교사동(1호동) — 관리주체 확인필요),② 시설 옮김
duty_assignment,ASG-001475,decided_by,G01,,② 시설 옮김
duty_assignment,ASG-001475,decided_at,2026-09-24,,② 시설 옮김
duty_assignment,ASG-001477,asset_id,AR1967-0000142,AR2004-0004612,② 시설 옮김
duty_assignment,ASG-001477,applicability,비해당,해당,② 시설 옮김
duty_assignment,ASG-001477,applicability_note,관리주체 아님(시설 판정 「제외」) — 비해당으로 닫음(09-24 결정),시연 배정을 용인시 관리 시설로 옮김(원래 고기초등학교 교사동 — 관리주체 확인필요),② 시설 옮김
duty_assignment,ASG-001477,decided_by,G01,,② 시설 옮김
duty_assignment,ASG-001477,decided_at,2026-09-24,,② 시설 옮김
duty_assignment,ASG-001478,asset_id,AR1969-0000298,AR2005-0003904,② 시설 옮김
duty_assignment,ASG-001478,applicability,비해당,해당,② 시설 옮김
duty_assignment,ASG-001478,applicability_note,관리주체 아님(시설 판정 「제외」) — 비해당으로 닫음(09-24 결정),시연 배정을 용인시 관리 시설로 옮김(원래 두창초등학교 교사1호동 — 관리주체 확인필요),② 시설 옮김
duty_assignment,ASG-001478,decided_by,G01,,② 시설 옮김
duty_assignment,ASG-001478,decided_at,2026-09-24,,② 시설 옮김
duty_assignment,ASG-001479,asset_id,AR1969-0000299,AR2005-0003905,② 시설 옮김
duty_assignment,ASG-001479,applicability,비해당,해당,② 시설 옮김
duty_assignment,ASG-001479,applicability_note,관리주체 아님(시설 판정 「제외」) — 비해당으로 닫음(09-24 결정),시연 배정을 용인시 관리 시설로 옮김(원래 백암고등학교 교사동(1호동) — 관리주체 확인필요),② 시설 옮김
duty_assignment,ASG-001479,decided_by,G01,,② 시설 옮김
duty_assignment,ASG-001479,decided_at,2026-09-24,,② 시설 옮김
duty_assignment,ASG-001481,asset_id,AR1967-0000142,AR2004-0004612,② 시설 옮김
duty_assignment,ASG-001481,applicability,비해당,해당,② 시설 옮김
duty_assignment,ASG-001481,applicability_note,관리주체 아님(시설 판정 「제외」) — 비해당으로 닫음(09-24 결정),시연 배정을 용인시 관리 시설로 옮김(원래 고기초등학교 교사동 — 관리주체 확인필요),② 시설 옮김
duty_assignment,ASG-001481,decided_by,G01,,② 시설 옮김
duty_assignment,ASG-001481,decided_at,2026-09-24,,② 시설 옮김
duty_assignment,ASG-001482,asset_id,AR1969-0000298,AR2005-0003904,② 시설 옮김
duty_assignment,ASG-001482,applicability,비해당,해당,② 시설 옮김
duty_assignment,ASG-001482,applicability_note,관리주체 아님(시설 판정 「제외」) — 비해당으로 닫음(09-24 결정),시연 배정을 용인시 관리 시설로 옮김(원래 두창초등학교 교사1호동 — 관리주체 확인필요),② 시설 옮김
duty_assignment,ASG-001482,decided_by,G01,,② 시설 옮김
duty_assignment,ASG-001482,decided_at,2026-09-24,,② 시설 옮김
duty_assignment,ASG-001483,asset_id,AR1969-0000299,AR2005-0003905,② 시설 옮김
duty_assignment,ASG-001483,applicability,비해당,해당,② 시설 옮김
duty_assignment,ASG-001483,applicability_note,관리주체 아님(시설 판정 「제외」) — 비해당으로 닫음(09-24 결정),시연 배정을 용인시 관리 시설로 옮김(원래 백암고등학교 교사동(1호동) — 관리주체 확인필요),② 시설 옮김
duty_assignment,ASG-001483,decided_by,G01,,② 시설 옮김
duty_assignment,ASG-001483,decided_at,2026-09-24,,② 시설 옮김
duty_assignment,ASG-001485,asset_id,AR1967-0000142,AR2004-0004612,② 시설 옮김
duty_assignment,ASG-001485,applicability,비해당,해당,② 시설 옮김
duty_assignment,ASG-001485,applicability_note,관리주체 아님(시설 판정 「제외」) — 비해당으로 닫음(09-24 결정),시연 배정을 용인시 관리 시설로 옮김(원래 고기초등학교 교사동 — 관리주체 확인필요),② 시설 옮김
duty_assignment,ASG-001485,decided_by,G01,,② 시설 옮김
duty_assignment,ASG-001485,decided_at,2026-09-24,,② 시설 옮김
duty_assignment,ASG-001486,asset_id,AR1969-0000298,AR2005-0003904,② 시설 옮김
duty_assignment,ASG-001486,applicability,비해당,해당,② 시설 옮김
duty_assignment,ASG-001486,applicability_note,관리주체 아님(시설 판정 「제외」) — 비해당으로 닫음(09-24 결정),시연 배정을 용인시 관리 시설로 옮김(원래 두창초등학교 교사1호동 — 관리주체 확인필요),② 시설 옮김
duty_assignment,ASG-001486,decided_by,G01,,② 시설 옮김
duty_assignment,ASG-001486,decided_at,2026-09-24,,② 시설 옮김
duty_assignment,ASG-001487,asset_id,AR1969-0000299,AR2005-0003905,② 시설 옮김
duty_assignment,ASG-001487,applicability,비해당,해당,② 시설 옮김
duty_assignment,ASG-001487,applicability_note,관리주체 아님(시설 판정 「제외」) — 비해당으로 닫음(09-24 결정),시연 배정을 용인시 관리 시설로 옮김(원래 백암고등학교 교사동(1호동) — 관리주체 확인필요),② 시설 옮김
duty_assignment,ASG-001487,decided_by,G01,,② 시설 옮김
duty_assignment,ASG-001487,decided_at,2026-09-24,,② 시설 옮김
duty_assignment,ASG-001489,asset_id,AR1967-0000142,AR2004-0004612,② 시설 옮김
duty_assignment,ASG-001489,applicability,비해당,해당,② 시설 옮김
duty_assignment,ASG-001489,applicability_note,관리주체 아님(시설 판정 「제외」) — 비해당으로 닫음(09-24 결정),시연 배정을 용인시 관리 시설로 옮김(원래 고기초등학교 교사동 — 관리주체 확인필요),② 시설 옮김
duty_assignment,ASG-001489,decided_by,G01,,② 시설 옮김
duty_assignment,ASG-001489,decided_at,2026-09-24,,② 시설 옮김
duty_assignment,ASG-001490,asset_id,AR1969-0000298,AR2005-0003904,② 시설 옮김
duty_assignment,ASG-001490,applicability,비해당,해당,② 시설 옮김
duty_assignment,ASG-001490,applicability_note,관리주체 아님(시설 판정 「제외」) — 비해당으로 닫음(09-24 결정),시연 배정을 용인시 관리 시설로 옮김(원래 두창초등학교 교사1호동 — 관리주체 확인필요),② 시설 옮김
duty_assignment,ASG-001490,decided_by,G01,,② 시설 옮김
duty_assignment,ASG-001490,decided_at,2026-09-24,,② 시설 옮김
duty_assignment,ASG-001491,asset_id,AR1969-0000299,AR2005-0003905,② 시설 옮김
duty_assignment,ASG-001491,applicability,비해당,해당,② 시설 옮김
duty_assignment,ASG-001491,applicability_note,관리주체 아님(시설 판정 「제외」) — 비해당으로 닫음(09-24 결정),시연 배정을 용인시 관리 시설로 옮김(원래 백암고등학교 교사동(1호동) — 관리주체 확인필요),② 시설 옮김
duty_assignment,ASG-001491,decided_by,G01,,② 시설 옮김
duty_assignment,ASG-001491,decided_at,2026-09-24,,② 시설 옮김
duty_assignment,ASG-001493,asset_id,AR1967-0000142,AR2004-0004612,② 시설 옮김
duty_assignment,ASG-001493,applicability,비해당,해당,② 시설 옮김
duty_assignment,ASG-001493,applicability_note,관리주체 아님(시설 판정 「제외」) — 비해당으로 닫음(09-24 결정),시연 배정을 용인시 관리 시설로 옮김(원래 고기초등학교 교사동 — 관리주체 확인필요),② 시설 옮김
duty_assignment,ASG-001493,decided_by,G01,,② 시설 옮김
duty_assignment,ASG-001493,decided_at,2026-09-24,,② 시설 옮김
duty_assignment,ASG-001494,asset_id,AR1969-0000298,AR2005-0003904,② 시설 옮김
duty_assignment,ASG-001494,applicability,비해당,해당,② 시설 옮김
duty_assignment,ASG-001494,applicability_note,관리주체 아님(시설 판정 「제외」) — 비해당으로 닫음(09-24 결정),시연 배정을 용인시 관리 시설로 옮김(원래 두창초등학교 교사1호동 — 관리주체 확인필요),② 시설 옮김
duty_assignment,ASG-001494,decided_by,G01,,② 시설 옮김
duty_assignment,ASG-001494,decided_at,2026-09-24,,② 시설 옮김
duty_assignment,ASG-001495,asset_id,AR1969-0000299,AR2005-0003905,② 시설 옮김
duty_assignment,ASG-001495,applicability,비해당,해당,② 시설 옮김
duty_assignment,ASG-001495,applicability_note,관리주체 아님(시설 판정 「제외」) — 비해당으로 닫음(09-24 결정),시연 배정을 용인시 관리 시설로 옮김(원래 백암고등학교 교사동(1호동) — 관리주체 확인필요),② 시설 옮김
duty_assignment,ASG-001495,decided_by,G01,,② 시설 옮김
duty_assignment,ASG-001495,decided_at,2026-09-24,,② 시설 옮김
duty_assignment,ASG-001497,asset_id,AR1967-0000142,AR2004-0004612,② 시설 옮김
duty_assignment,ASG-001497,applicability,비해당,해당,② 시설 옮김
duty_assignment,ASG-001497,applicability_note,관리주체 아님(시설 판정 「제외」) — 비해당으로 닫음(09-24 결정),시연 배정을 용인시 관리 시설로 옮김(원래 고기초등학교 교사동 — 관리주체 확인필요),② 시설 옮김
duty_assignment,ASG-001497,decided_by,G01,,② 시설 옮김
duty_assignment,ASG-001497,decided_at,2026-09-24,,② 시설 옮김
duty_assignment,ASG-001498,asset_id,AR1969-0000298,AR2005-0003904,② 시설 옮김
duty_assignment,ASG-001498,applicability,비해당,해당,② 시설 옮김
duty_assignment,ASG-001498,applicability_note,관리주체 아님(시설 판정 「제외」) — 비해당으로 닫음(09-24 결정),시연 배정을 용인시 관리 시설로 옮김(원래 두창초등학교 교사1호동 — 관리주체 확인필요),② 시설 옮김
duty_assignment,ASG-001498,decided_by,G01,,② 시설 옮김
duty_assignment,ASG-001498,decided_at,2026-09-24,,② 시설 옮김
duty_assignment,ASG-001499,asset_id,AR1969-0000299,AR2005-0003905,② 시설 옮김
duty_assignment,ASG-001499,applicability,비해당,해당,② 시설 옮김
duty_assignment,ASG-001499,applicability_note,관리주체 아님(시설 판정 「제외」) — 비해당으로 닫음(09-24 결정),시연 배정을 용인시 관리 시설로 옮김(원래 백암고등학교 교사동(1호동) — 관리주체 확인필요),② 시설 옮김
duty_assignment,ASG-001499,decided_by,G01,,② 시설 옮김
duty_assignment,ASG-001499,decided_at,2026-09-24,,② 시설 옮김
duty_assignment,ASG-001501,asset_id,AR1967-0000142,AR2004-0004612,② 시설 옮김
duty_assignment,ASG-001501,applicability,비해당,해당,② 시설 옮김
duty_assignment,ASG-001501,applicability_note,관리주체 아님(시설 판정 「제외」) — 비해당으로 닫음(09-24 결정),시연 배정을 용인시 관리 시설로 옮김(원래 고기초등학교 교사동 — 관리주체 확인필요),② 시설 옮김
duty_assignment,ASG-001501,decided_by,G01,,② 시설 옮김
duty_assignment,ASG-001501,decided_at,2026-09-24,,② 시설 옮김
duty_assignment,ASG-001502,asset_id,AR1969-0000298,AR2005-0003904,② 시설 옮김
duty_assignment,ASG-001502,applicability,비해당,해당,② 시설 옮김
duty_assignment,ASG-001502,applicability_note,관리주체 아님(시설 판정 「제외」) — 비해당으로 닫음(09-24 결정),시연 배정을 용인시 관리 시설로 옮김(원래 두창초등학교 교사1호동 — 관리주체 확인필요),② 시설 옮김
duty_assignment,ASG-001502,decided_by,G01,,② 시설 옮김
duty_assignment,ASG-001502,decided_at,2026-09-24,,② 시설 옮김
duty_assignment,ASG-001503,asset_id,AR1969-0000299,AR2005-0003905,② 시설 옮김
duty_assignment,ASG-001503,applicability,비해당,해당,② 시설 옮김
duty_assignment,ASG-001503,applicability_note,관리주체 아님(시설 판정 「제외」) — 비해당으로 닫음(09-24 결정),시연 배정을 용인시 관리 시설로 옮김(원래 백암고등학교 교사동(1호동) — 관리주체 확인필요),② 시설 옮김
duty_assignment,ASG-001503,decided_by,G01,,② 시설 옮김
duty_assignment,ASG-001503,decided_at,2026-09-24,,② 시설 옮김
duty_assignment,ASG-001505,asset_id,AR1967-0000142,AR2004-0004612,② 시설 옮김
duty_assignment,ASG-001505,applicability,비해당,해당,② 시설 옮김
duty_assignment,ASG-001505,applicability_note,관리주체 아님(시설 판정 「제외」) — 비해당으로 닫음(09-24 결정),시연 배정을 용인시 관리 시설로 옮김(원래 고기초등학교 교사동 — 관리주체 확인필요),② 시설 옮김
duty_assignment,ASG-001505,decided_by,G01,,② 시설 옮김
duty_assignment,ASG-001505,decided_at,2026-09-24,,② 시설 옮김
duty_assignment,ASG-001506,asset_id,AR1969-0000298,AR2005-0003904,② 시설 옮김
duty_assignment,ASG-001506,applicability,비해당,해당,② 시설 옮김
duty_assignment,ASG-001506,applicability_note,관리주체 아님(시설 판정 「제외」) — 비해당으로 닫음(09-24 결정),시연 배정을 용인시 관리 시설로 옮김(원래 두창초등학교 교사1호동 — 관리주체 확인필요),② 시설 옮김
duty_assignment,ASG-001506,decided_by,G01,,② 시설 옮김
duty_assignment,ASG-001506,decided_at,2026-09-24,,② 시설 옮김
duty_assignment,ASG-001507,asset_id,AR1969-0000299,AR2005-0003905,② 시설 옮김
duty_assignment,ASG-001507,applicability,비해당,해당,② 시설 옮김
duty_assignment,ASG-001507,applicability_note,관리주체 아님(시설 판정 「제외」) — 비해당으로 닫음(09-24 결정),시연 배정을 용인시 관리 시설로 옮김(원래 백암고등학교 교사동(1호동) — 관리주체 확인필요),② 시설 옮김
duty_assignment,ASG-001507,decided_by,G01,,② 시설 옮김
duty_assignment,ASG-001507,decided_at,2026-09-24,,② 시설 옮김
duty_assignment,ASG-001509,asset_id,AR1967-0000142,AR2004-0004612,② 시설 옮김
duty_assignment,ASG-001509,applicability,비해당,해당,② 시설 옮김
duty_assignment,ASG-001509,applicability_note,관리주체 아님(시설 판정 「제외」) — 비해당으로 닫음(09-24 결정),시연 배정을 용인시 관리 시설로 옮김(원래 고기초등학교 교사동 — 관리주체 확인필요),② 시설 옮김
duty_assignment,ASG-001509,decided_by,G01,,② 시설 옮김
duty_assignment,ASG-001509,decided_at,2026-09-24,,② 시설 옮김
duty_assignment,ASG-001510,asset_id,AR1969-0000298,AR2005-0003904,② 시설 옮김
duty_assignment,ASG-001510,applicability,비해당,해당,② 시설 옮김
duty_assignment,ASG-001510,applicability_note,관리주체 아님(시설 판정 「제외」) — 비해당으로 닫음(09-24 결정),시연 배정을 용인시 관리 시설로 옮김(원래 두창초등학교 교사1호동 — 관리주체 확인필요),② 시설 옮김
duty_assignment,ASG-001510,decided_by,G01,,② 시설 옮김
duty_assignment,ASG-001510,decided_at,2026-09-24,,② 시설 옮김
duty_assignment,ASG-001511,asset_id,AR1969-0000299,AR2005-0003905,② 시설 옮김
duty_assignment,ASG-001511,applicability,비해당,해당,② 시설 옮김
duty_assignment,ASG-001511,applicability_note,관리주체 아님(시설 판정 「제외」) — 비해당으로 닫음(09-24 결정),시연 배정을 용인시 관리 시설로 옮김(원래 백암고등학교 교사동(1호동) — 관리주체 확인필요),② 시설 옮김
duty_assignment,ASG-001511,decided_by,G01,,② 시설 옮김
duty_assignment,ASG-001511,decided_at,2026-09-24,,② 시설 옮김
duty_assignment,ASG-001513,asset_id,AR1967-0000142,AR2004-0004612,② 시설 옮김
duty_assignment,ASG-001513,applicability,비해당,해당,② 시설 옮김
duty_assignment,ASG-001513,applicability_note,관리주체 아님(시설 판정 「제외」) — 비해당으로 닫음(09-24 결정),시연 배정을 용인시 관리 시설로 옮김(원래 고기초등학교 교사동 — 관리주체 확인필요),② 시설 옮김
duty_assignment,ASG-001513,decided_by,G01,,② 시설 옮김
duty_assignment,ASG-001513,decided_at,2026-09-24,,② 시설 옮김
duty_assignment,ASG-001514,asset_id,AR1969-0000298,AR2005-0003904,② 시설 옮김
duty_assignment,ASG-001514,applicability,비해당,해당,② 시설 옮김
duty_assignment,ASG-001514,applicability_note,관리주체 아님(시설 판정 「제외」) — 비해당으로 닫음(09-24 결정),시연 배정을 용인시 관리 시설로 옮김(원래 두창초등학교 교사1호동 — 관리주체 확인필요),② 시설 옮김
duty_assignment,ASG-001514,decided_by,G01,,② 시설 옮김
duty_assignment,ASG-001514,decided_at,2026-09-24,,② 시설 옮김
duty_assignment,ASG-001515,asset_id,AR1969-0000299,AR2005-0003905,② 시설 옮김
duty_assignment,ASG-001515,applicability,비해당,해당,② 시설 옮김
duty_assignment,ASG-001515,applicability_note,관리주체 아님(시설 판정 「제외」) — 비해당으로 닫음(09-24 결정),시연 배정을 용인시 관리 시설로 옮김(원래 백암고등학교 교사동(1호동) — 관리주체 확인필요),② 시설 옮김
duty_assignment,ASG-001515,decided_by,G01,,② 시설 옮김
duty_assignment,ASG-001515,decided_at,2026-09-24,,② 시설 옮김
duty_assignment,ASG-001517,asset_id,AR1967-0000142,AR2004-0004612,② 시설 옮김
duty_assignment,ASG-001517,applicability,비해당,해당,② 시설 옮김
duty_assignment,ASG-001517,applicability_note,관리주체 아님(시설 판정 「제외」) — 비해당으로 닫음(09-24 결정),시연 배정을 용인시 관리 시설로 옮김(원래 고기초등학교 교사동 — 관리주체 확인필요),② 시설 옮김
duty_assignment,ASG-001517,decided_by,G01,,② 시설 옮김
duty_assignment,ASG-001517,decided_at,2026-09-24,,② 시설 옮김
duty_assignment,ASG-001518,asset_id,AR1969-0000298,AR2005-0003904,② 시설 옮김
duty_assignment,ASG-001518,applicability,비해당,해당,② 시설 옮김
duty_assignment,ASG-001518,applicability_note,관리주체 아님(시설 판정 「제외」) — 비해당으로 닫음(09-24 결정),시연 배정을 용인시 관리 시설로 옮김(원래 두창초등학교 교사1호동 — 관리주체 확인필요),② 시설 옮김
duty_assignment,ASG-001518,decided_by,G01,,② 시설 옮김
duty_assignment,ASG-001518,decided_at,2026-09-24,,② 시설 옮김
duty_assignment,ASG-001519,asset_id,AR1969-0000299,AR2005-0003905,② 시설 옮김
duty_assignment,ASG-001519,applicability,비해당,해당,② 시설 옮김
duty_assignment,ASG-001519,applicability_note,관리주체 아님(시설 판정 「제외」) — 비해당으로 닫음(09-24 결정),시연 배정을 용인시 관리 시설로 옮김(원래 백암고등학교 교사동(1호동) — 관리주체 확인필요),② 시설 옮김
duty_assignment,ASG-001519,decided_by,G01,,② 시설 옮김
duty_assignment,ASG-001519,decided_at,2026-09-24,,② 시설 옮김
duty_assignment,ASG-001521,asset_id,AR1967-0000142,AR2004-0004612,② 시설 옮김
duty_assignment,ASG-001521,applicability,비해당,해당,② 시설 옮김
duty_assignment,ASG-001521,applicability_note,관리주체 아님(시설 판정 「제외」) — 비해당으로 닫음(09-24 결정),시연 배정을 용인시 관리 시설로 옮김(원래 고기초등학교 교사동 — 관리주체 확인필요),② 시설 옮김
duty_assignment,ASG-001521,decided_by,G01,,② 시설 옮김
duty_assignment,ASG-001521,decided_at,2026-09-24,,② 시설 옮김
duty_assignment,ASG-001522,asset_id,AR1969-0000298,AR2005-0003904,② 시설 옮김
duty_assignment,ASG-001522,applicability,비해당,해당,② 시설 옮김
duty_assignment,ASG-001522,applicability_note,관리주체 아님(시설 판정 「제외」) — 비해당으로 닫음(09-24 결정),시연 배정을 용인시 관리 시설로 옮김(원래 두창초등학교 교사1호동 — 관리주체 확인필요),② 시설 옮김
duty_assignment,ASG-001522,decided_by,G01,,② 시설 옮김
duty_assignment,ASG-001522,decided_at,2026-09-24,,② 시설 옮김
duty_assignment,ASG-001523,asset_id,AR1969-0000299,AR2005-0003905,② 시설 옮김
duty_assignment,ASG-001523,applicability,비해당,해당,② 시설 옮김
duty_assignment,ASG-001523,applicability_note,관리주체 아님(시설 판정 「제외」) — 비해당으로 닫음(09-24 결정),시연 배정을 용인시 관리 시설로 옮김(원래 백암고등학교 교사동(1호동) — 관리주체 확인필요),② 시설 옮김
duty_assignment,ASG-001523,decided_by,G01,,② 시설 옮김
duty_assignment,ASG-001523,decided_at,2026-09-24,,② 시설 옮김
duty_assignment,ASG-001525,asset_id,AR1967-0000142,AR2004-0004612,② 시설 옮김
duty_assignment,ASG-001525,applicability,비해당,해당,② 시설 옮김
duty_assignment,ASG-001525,applicability_note,관리주체 아님(시설 판정 「제외」) — 비해당으로 닫음(09-24 결정),시연 배정을 용인시 관리 시설로 옮김(원래 고기초등학교 교사동 — 관리주체 확인필요),② 시설 옮김
duty_assignment,ASG-001525,decided_by,G01,,② 시설 옮김
duty_assignment,ASG-001525,decided_at,2026-09-24,,② 시설 옮김
duty_assignment,ASG-001526,asset_id,AR1969-0000298,AR2005-0003904,② 시설 옮김
duty_assignment,ASG-001526,applicability,비해당,해당,② 시설 옮김
duty_assignment,ASG-001526,applicability_note,관리주체 아님(시설 판정 「제외」) — 비해당으로 닫음(09-24 결정),시연 배정을 용인시 관리 시설로 옮김(원래 두창초등학교 교사1호동 — 관리주체 확인필요),② 시설 옮김
duty_assignment,ASG-001526,decided_by,G01,,② 시설 옮김
duty_assignment,ASG-001526,decided_at,2026-09-24,,② 시설 옮김
duty_assignment,ASG-001527,asset_id,AR1969-0000299,AR2005-0003905,② 시설 옮김
duty_assignment,ASG-001527,applicability,비해당,해당,② 시설 옮김
duty_assignment,ASG-001527,applicability_note,관리주체 아님(시설 판정 「제외」) — 비해당으로 닫음(09-24 결정),시연 배정을 용인시 관리 시설로 옮김(원래 백암고등학교 교사동(1호동) — 관리주체 확인필요),② 시설 옮김
duty_assignment,ASG-001527,decided_by,G01,,② 시설 옮김
duty_assignment,ASG-001527,decided_at,2026-09-24,,② 시설 옮김
duty_assignment,ASG-001529,asset_id,AR1967-0000142,AR2004-0004612,② 시설 옮김
duty_assignment,ASG-001529,applicability,비해당,해당,② 시설 옮김
duty_assignment,ASG-001529,applicability_note,관리주체 아님(시설 판정 「제외」) — 비해당으로 닫음(09-24 결정),시연 배정을 용인시 관리 시설로 옮김(원래 고기초등학교 교사동 — 관리주체 확인필요),② 시설 옮김
duty_assignment,ASG-001529,decided_by,G01,,② 시설 옮김
duty_assignment,ASG-001529,decided_at,2026-09-24,,② 시설 옮김
duty_assignment,ASG-001530,asset_id,AR1969-0000298,AR2005-0003904,② 시설 옮김
duty_assignment,ASG-001530,applicability,비해당,해당,② 시설 옮김
duty_assignment,ASG-001530,applicability_note,관리주체 아님(시설 판정 「제외」) — 비해당으로 닫음(09-24 결정),시연 배정을 용인시 관리 시설로 옮김(원래 두창초등학교 교사1호동 — 관리주체 확인필요),② 시설 옮김
duty_assignment,ASG-001530,decided_by,G01,,② 시설 옮김
duty_assignment,ASG-001530,decided_at,2026-09-24,,② 시설 옮김
duty_assignment,ASG-001531,asset_id,AR1969-0000299,AR2005-0003905,② 시설 옮김
duty_assignment,ASG-001531,applicability,비해당,해당,② 시설 옮김
duty_assignment,ASG-001531,applicability_note,관리주체 아님(시설 판정 「제외」) — 비해당으로 닫음(09-24 결정),시연 배정을 용인시 관리 시설로 옮김(원래 백암고등학교 교사동(1호동) — 관리주체 확인필요),② 시설 옮김
duty_assignment,ASG-001531,decided_by,G01,,② 시설 옮김
duty_assignment,ASG-001531,decided_at,2026-09-24,,② 시설 옮김
duty_assignment,ASG-001674,asset_id,BR0000-0000002,BR1992-0000156,② 시설 옮김
duty_assignment,ASG-001674,applicability,확인필요,해당,② 시설 옮김
duty_assignment,ASG-001674,applicability_note,관리주체 확인 필요(FMS 관리주체 정보 없음·추정) — 용인시 관리면 「해당」으로,시연 배정을 용인시 관리 시설로 옮김(원래 꽃터교(안대지2교) — 관리주체 확인필요),② 시설 옮김
duty_assignment,ASG-001675,asset_id,BR1018-0000001,BR1992-0000904,② 시설 옮김
duty_assignment,ASG-001675,applicability,비해당,해당,② 시설 옮김
duty_assignment,ASG-001675,applicability_note,관리주체 타기관(수원국토관리사무소) — 용인시 관리 시설 아님(FMS 관리주체 · 09-24),시연 배정을 용인시 관리 시설로 옮김(원래 하고개교(상행) — 관리주체 수원국토관리사무소),② 시설 옮김
duty_assignment,ASG-001675,decided_by,G01,,② 시설 옮김
duty_assignment,ASG-001675,decided_at,2026-09-24,,② 시설 옮김
duty_assignment,ASG-001676,asset_id,BR1900-0000009,BR1993-0000845,② 시설 옮김
duty_assignment,ASG-001676,applicability,확인필요,해당,② 시설 옮김
duty_assignment,ASG-001676,applicability_note,관리주체 확인 필요(FMS 관리주체 정보 없음·추정) — 용인시 관리면 「해당」으로,시연 배정을 용인시 관리 시설로 옮김(원래 안대지천교 — 관리주체 확인필요),② 시설 옮김
duty_assignment,ASG-001678,asset_id,BR0000-0000002,BR1992-0000156,② 시설 옮김
duty_assignment,ASG-001678,applicability,확인필요,해당,② 시설 옮김
duty_assignment,ASG-001678,applicability_note,관리주체 확인 필요(FMS 관리주체 정보 없음·추정) — 용인시 관리면 「해당」으로,시연 배정을 용인시 관리 시설로 옮김(원래 꽃터교(안대지2교) — 관리주체 확인필요),② 시설 옮김
duty_assignment,ASG-001679,asset_id,BR1018-0000001,BR1992-0000904,② 시설 옮김
duty_assignment,ASG-001679,applicability,비해당,해당,② 시설 옮김
duty_assignment,ASG-001679,applicability_note,관리주체 타기관(수원국토관리사무소) — 용인시 관리 시설 아님(FMS 관리주체 · 09-24),시연 배정을 용인시 관리 시설로 옮김(원래 하고개교(상행) — 관리주체 수원국토관리사무소),② 시설 옮김
duty_assignment,ASG-001679,decided_by,G01,,② 시설 옮김
duty_assignment,ASG-001679,decided_at,2026-09-24,,② 시설 옮김
duty_assignment,ASG-001680,asset_id,BR1900-0000009,BR1993-0000845,② 시설 옮김
duty_assignment,ASG-001680,applicability,확인필요,해당,② 시설 옮김
duty_assignment,ASG-001680,applicability_note,관리주체 확인 필요(FMS 관리주체 정보 없음·추정) — 용인시 관리면 「해당」으로,시연 배정을 용인시 관리 시설로 옮김(원래 안대지천교 — 관리주체 확인필요),② 시설 옮김
duty_assignment,ASG-001688,asset_id,BR0000-0000002,BR1992-0000156,② 시설 옮김
duty_assignment,ASG-001688,applicability,확인필요,해당,② 시설 옮김
duty_assignment,ASG-001688,applicability_note,관리주체 확인 필요(FMS 관리주체 정보 없음·추정) — 용인시 관리면 「해당」으로,시연 배정을 용인시 관리 시설로 옮김(원래 꽃터교(안대지2교) — 관리주체 확인필요),② 시설 옮김
duty_assignment,ASG-001689,asset_id,BR1018-0000001,BR1992-0000904,② 시설 옮김
duty_assignment,ASG-001689,applicability,비해당,해당,② 시설 옮김
duty_assignment,ASG-001689,applicability_note,관리주체 타기관(수원국토관리사무소) — 용인시 관리 시설 아님(FMS 관리주체 · 09-24),시연 배정을 용인시 관리 시설로 옮김(원래 하고개교(상행) — 관리주체 수원국토관리사무소),② 시설 옮김
duty_assignment,ASG-001689,decided_by,G01,,② 시설 옮김
duty_assignment,ASG-001689,decided_at,2026-09-24,,② 시설 옮김
duty_assignment,ASG-001690,asset_id,BR1900-0000009,BR1993-0000845,② 시설 옮김
duty_assignment,ASG-001690,applicability,확인필요,해당,② 시설 옮김
duty_assignment,ASG-001690,applicability_note,관리주체 확인 필요(FMS 관리주체 정보 없음·추정) — 용인시 관리면 「해당」으로,시연 배정을 용인시 관리 시설로 옮김(원래 안대지천교 — 관리주체 확인필요),② 시설 옮김
duty_assignment,ASG-001692,asset_id,BR0000-0000002,BR1992-0000156,② 시설 옮김
duty_assignment,ASG-001692,applicability,확인필요,해당,② 시설 옮김
duty_assignment,ASG-001692,applicability_note,관리주체 확인 필요(FMS 관리주체 정보 없음·추정) — 용인시 관리면 「해당」으로,시연 배정을 용인시 관리 시설로 옮김(원래 꽃터교(안대지2교) — 관리주체 확인필요),② 시설 옮김
duty_assignment,ASG-001693,asset_id,BR1018-0000001,BR1992-0000904,② 시설 옮김
duty_assignment,ASG-001693,applicability,비해당,해당,② 시설 옮김
duty_assignment,ASG-001693,applicability_note,관리주체 타기관(수원국토관리사무소) — 용인시 관리 시설 아님(FMS 관리주체 · 09-24),시연 배정을 용인시 관리 시설로 옮김(원래 하고개교(상행) — 관리주체 수원국토관리사무소),② 시설 옮김
duty_assignment,ASG-001693,decided_by,G01,,② 시설 옮김
duty_assignment,ASG-001693,decided_at,2026-09-24,,② 시설 옮김
duty_assignment,ASG-001694,asset_id,BR1900-0000009,BR1993-0000845,② 시설 옮김
duty_assignment,ASG-001694,applicability,확인필요,해당,② 시설 옮김
duty_assignment,ASG-001694,applicability_note,관리주체 확인 필요(FMS 관리주체 정보 없음·추정) — 용인시 관리면 「해당」으로,시연 배정을 용인시 관리 시설로 옮김(원래 안대지천교 — 관리주체 확인필요),② 시설 옮김
duty_assignment,ASG-001696,asset_id,BR0000-0000002,BR1992-0000156,② 시설 옮김
duty_assignment,ASG-001696,applicability,확인필요,해당,② 시설 옮김
duty_assignment,ASG-001696,applicability_note,관리주체 확인 필요(FMS 관리주체 정보 없음·추정) — 용인시 관리면 「해당」으로,시연 배정을 용인시 관리 시설로 옮김(원래 꽃터교(안대지2교) — 관리주체 확인필요),② 시설 옮김
duty_assignment,ASG-001697,asset_id,BR1018-0000001,BR1992-0000904,② 시설 옮김
duty_assignment,ASG-001697,applicability,비해당,해당,② 시설 옮김
duty_assignment,ASG-001697,applicability_note,관리주체 타기관(수원국토관리사무소) — 용인시 관리 시설 아님(FMS 관리주체 · 09-24),시연 배정을 용인시 관리 시설로 옮김(원래 하고개교(상행) — 관리주체 수원국토관리사무소),② 시설 옮김
duty_assignment,ASG-001697,decided_by,G01,,② 시설 옮김
duty_assignment,ASG-001697,decided_at,2026-09-24,,② 시설 옮김
duty_assignment,ASG-001698,asset_id,BR1900-0000009,BR1993-0000845,② 시설 옮김
duty_assignment,ASG-001698,applicability,확인필요,해당,② 시설 옮김
duty_assignment,ASG-001698,applicability_note,관리주체 확인 필요(FMS 관리주체 정보 없음·추정) — 용인시 관리면 「해당」으로,시연 배정을 용인시 관리 시설로 옮김(원래 안대지천교 — 관리주체 확인필요),② 시설 옮김
duty_assignment,ASG-001734,asset_id,AR1967-0000142,AR2004-0004612,② 시설 옮김
duty_assignment,ASG-001734,applicability,비해당,해당,② 시설 옮김
duty_assignment,ASG-001734,applicability_note,관리주체 아님(시설 판정 「제외」) — 비해당으로 닫음(09-24 결정),시연 배정을 용인시 관리 시설로 옮김(원래 고기초등학교 교사동 — 관리주체 확인필요),② 시설 옮김
duty_assignment,ASG-001734,decided_by,G01,,② 시설 옮김
duty_assignment,ASG-001734,decided_at,2026-09-24,,② 시설 옮김
duty_assignment,ASG-001735,asset_id,AR1969-0000298,AR2005-0003904,② 시설 옮김
duty_assignment,ASG-001735,applicability,비해당,해당,② 시설 옮김
duty_assignment,ASG-001735,applicability_note,관리주체 아님(시설 판정 「제외」) — 비해당으로 닫음(09-24 결정),시연 배정을 용인시 관리 시설로 옮김(원래 두창초등학교 교사1호동 — 관리주체 확인필요),② 시설 옮김
duty_assignment,ASG-001735,decided_by,G01,,② 시설 옮김
duty_assignment,ASG-001735,decided_at,2026-09-24,,② 시설 옮김
duty_assignment,ASG-001736,asset_id,AR1969-0000299,AR2005-0003905,② 시설 옮김
duty_assignment,ASG-001736,applicability,비해당,해당,② 시설 옮김
duty_assignment,ASG-001736,applicability_note,관리주체 아님(시설 판정 「제외」) — 비해당으로 닫음(09-24 결정),시연 배정을 용인시 관리 시설로 옮김(원래 백암고등학교 교사동(1호동) — 관리주체 확인필요),② 시설 옮김
duty_assignment,ASG-001736,decided_by,G01,,② 시설 옮김
duty_assignment,ASG-001736,decided_at,2026-09-24,,② 시설 옮김
duty_assignment,ASG-001738,asset_id,AR1967-0000142,AR2004-0004612,② 시설 옮김
duty_assignment,ASG-001738,applicability,비해당,해당,② 시설 옮김
duty_assignment,ASG-001738,applicability_note,관리주체 아님(시설 판정 「제외」) — 비해당으로 닫음(09-24 결정),시연 배정을 용인시 관리 시설로 옮김(원래 고기초등학교 교사동 — 관리주체 확인필요),② 시설 옮김
duty_assignment,ASG-001738,decided_by,G01,,② 시설 옮김
duty_assignment,ASG-001738,decided_at,2026-09-24,,② 시설 옮김
duty_assignment,ASG-001739,asset_id,AR1969-0000298,AR2005-0003904,② 시설 옮김
duty_assignment,ASG-001739,applicability,비해당,해당,② 시설 옮김
duty_assignment,ASG-001739,applicability_note,관리주체 아님(시설 판정 「제외」) — 비해당으로 닫음(09-24 결정),시연 배정을 용인시 관리 시설로 옮김(원래 두창초등학교 교사1호동 — 관리주체 확인필요),② 시설 옮김
duty_assignment,ASG-001739,decided_by,G01,,② 시설 옮김
duty_assignment,ASG-001739,decided_at,2026-09-24,,② 시설 옮김
duty_assignment,ASG-001740,asset_id,AR1969-0000299,AR2005-0003905,② 시설 옮김
duty_assignment,ASG-001740,applicability,비해당,해당,② 시설 옮김
duty_assignment,ASG-001740,applicability_note,관리주체 아님(시설 판정 「제외」) — 비해당으로 닫음(09-24 결정),시연 배정을 용인시 관리 시설로 옮김(원래 백암고등학교 교사동(1호동) — 관리주체 확인필요),② 시설 옮김
duty_assignment,ASG-001740,decided_by,G01,,② 시설 옮김
duty_assignment,ASG-001740,decided_at,2026-09-24,,② 시설 옮김
duty_assignment,ASG-001742,asset_id,AR1967-0000142,AR2004-0004612,② 시설 옮김
duty_assignment,ASG-001742,applicability,비해당,해당,② 시설 옮김
duty_assignment,ASG-001742,applicability_note,관리주체 아님(시설 판정 「제외」) — 비해당으로 닫음(09-24 결정),시연 배정을 용인시 관리 시설로 옮김(원래 고기초등학교 교사동 — 관리주체 확인필요),② 시설 옮김
duty_assignment,ASG-001742,decided_by,G01,,② 시설 옮김
duty_assignment,ASG-001742,decided_at,2026-09-24,,② 시설 옮김
duty_assignment,ASG-001743,asset_id,AR1969-0000298,AR2005-0003904,② 시설 옮김
duty_assignment,ASG-001743,applicability,비해당,해당,② 시설 옮김
duty_assignment,ASG-001743,applicability_note,관리주체 아님(시설 판정 「제외」) — 비해당으로 닫음(09-24 결정),시연 배정을 용인시 관리 시설로 옮김(원래 두창초등학교 교사1호동 — 관리주체 확인필요),② 시설 옮김
duty_assignment,ASG-001743,decided_by,G01,,② 시설 옮김
duty_assignment,ASG-001743,decided_at,2026-09-24,,② 시설 옮김
duty_assignment,ASG-001744,asset_id,AR1969-0000299,AR2005-0003905,② 시설 옮김
duty_assignment,ASG-001744,applicability,비해당,해당,② 시설 옮김
duty_assignment,ASG-001744,applicability_note,관리주체 아님(시설 판정 「제외」) — 비해당으로 닫음(09-24 결정),시연 배정을 용인시 관리 시설로 옮김(원래 백암고등학교 교사동(1호동) — 관리주체 확인필요),② 시설 옮김
duty_assignment,ASG-001744,decided_by,G01,,② 시설 옮김
duty_assignment,ASG-001744,decided_at,2026-09-24,,② 시설 옮김
duty_assignment,ASG-001775,asset_id,RW1994-0000054,RW2002-0000002,② 시설 옮김
duty_assignment,ASG-001775,applicability,확인필요,해당,② 시설 옮김
duty_assignment,ASG-001775,applicability_note,관리주체 확인 필요(FMS 관리주체 정보 없음·추정) — 용인시 관리면 「해당」으로,시연 배정을 용인시 관리 시설로 옮김(원래 영동선60.39k(강릉)옹벽 — 관리주체 확인필요),② 시설 옮김
duty_assignment,ASG-001776,asset_id,RW1998-0000037,RW2005-0000071,② 시설 옮김
duty_assignment,ASG-001776,applicability,비해당,해당,② 시설 옮김
duty_assignment,ASG-001776,applicability_note,관리주체 타기관(한국석유공사 용인지사) — 용인시 관리 시설 아님(FMS 관리주체 · 09-24),시연 배정을 용인시 관리 시설로 옮김(원래 한국석유공사 용인비축기지 옹벽(휘발유 지역) — 관리주체 한국석유공사 용인지사),② 시설 옮김
duty_assignment,ASG-001776,decided_by,G01,,② 시설 옮김
duty_assignment,ASG-001776,decided_at,2026-09-24,,② 시설 옮김
duty_assignment,ASG-001777,asset_id,RW2000-0000064,RW2006-0000050,② 시설 옮김
duty_assignment,ASG-001777,applicability,비해당,해당,② 시설 옮김
duty_assignment,ASG-001777,applicability_note,관리주체 타기관(경기도용인교육지원청) — 용인시 관리 시설 아님(FMS 관리주체 · 09-24),시연 배정을 용인시 관리 시설로 옮김(원래 구성고 운동장 부지경계부 옹벽 — 관리주체 경기도용인교육지원청),② 시설 옮김
duty_assignment,ASG-001777,decided_by,G01,,② 시설 옮김
duty_assignment,ASG-001777,decided_at,2026-09-24,,② 시설 옮김
duty_assignment,ASG-001779,asset_id,RW1994-0000054,RW2002-0000002,② 시설 옮김
duty_assignment,ASG-001779,applicability,확인필요,해당,② 시설 옮김
duty_assignment,ASG-001779,applicability_note,관리주체 확인 필요(FMS 관리주체 정보 없음·추정) — 용인시 관리면 「해당」으로,시연 배정을 용인시 관리 시설로 옮김(원래 영동선60.39k(강릉)옹벽 — 관리주체 확인필요),② 시설 옮김
duty_assignment,ASG-001780,asset_id,RW1998-0000037,RW2005-0000071,② 시설 옮김
duty_assignment,ASG-001780,applicability,비해당,해당,② 시설 옮김
duty_assignment,ASG-001780,applicability_note,관리주체 타기관(한국석유공사 용인지사) — 용인시 관리 시설 아님(FMS 관리주체 · 09-24),시연 배정을 용인시 관리 시설로 옮김(원래 한국석유공사 용인비축기지 옹벽(휘발유 지역) — 관리주체 한국석유공사 용인지사),② 시설 옮김
duty_assignment,ASG-001780,decided_by,G01,,② 시설 옮김
duty_assignment,ASG-001780,decided_at,2026-09-24,,② 시설 옮김
duty_assignment,ASG-001781,asset_id,RW2000-0000064,RW2006-0000050,② 시설 옮김
duty_assignment,ASG-001781,applicability,비해당,해당,② 시설 옮김
duty_assignment,ASG-001781,applicability_note,관리주체 타기관(경기도용인교육지원청) — 용인시 관리 시설 아님(FMS 관리주체 · 09-24),시연 배정을 용인시 관리 시설로 옮김(원래 구성고 운동장 부지경계부 옹벽 — 관리주체 경기도용인교육지원청),② 시설 옮김
duty_assignment,ASG-001781,decided_by,G01,,② 시설 옮김
duty_assignment,ASG-001781,decided_at,2026-09-24,,② 시설 옮김
duty_assignment,ASG-001783,asset_id,RW1994-0000054,RW2002-0000002,② 시설 옮김
duty_assignment,ASG-001783,applicability,확인필요,해당,② 시설 옮김
duty_assignment,ASG-001783,applicability_note,관리주체 확인 필요(FMS 관리주체 정보 없음·추정) — 용인시 관리면 「해당」으로,시연 배정을 용인시 관리 시설로 옮김(원래 영동선60.39k(강릉)옹벽 — 관리주체 확인필요),② 시설 옮김
duty_assignment,ASG-001784,asset_id,RW1998-0000037,RW2005-0000071,② 시설 옮김
duty_assignment,ASG-001784,applicability,비해당,해당,② 시설 옮김
duty_assignment,ASG-001784,applicability_note,관리주체 타기관(한국석유공사 용인지사) — 용인시 관리 시설 아님(FMS 관리주체 · 09-24),시연 배정을 용인시 관리 시설로 옮김(원래 한국석유공사 용인비축기지 옹벽(휘발유 지역) — 관리주체 한국석유공사 용인지사),② 시설 옮김
duty_assignment,ASG-001784,decided_by,G01,,② 시설 옮김
duty_assignment,ASG-001784,decided_at,2026-09-24,,② 시설 옮김
duty_assignment,ASG-001785,asset_id,RW2000-0000064,RW2006-0000050,② 시설 옮김
duty_assignment,ASG-001785,applicability,비해당,해당,② 시설 옮김
duty_assignment,ASG-001785,applicability_note,관리주체 타기관(경기도용인교육지원청) — 용인시 관리 시설 아님(FMS 관리주체 · 09-24),시연 배정을 용인시 관리 시설로 옮김(원래 구성고 운동장 부지경계부 옹벽 — 관리주체 경기도용인교육지원청),② 시설 옮김
duty_assignment,ASG-001785,decided_by,G01,,② 시설 옮김
duty_assignment,ASG-001785,decided_at,2026-09-24,,② 시설 옮김
duty_assignment,ASG-001787,asset_id,RW1994-0000054,RW2002-0000002,② 시설 옮김
duty_assignment,ASG-001787,applicability,확인필요,해당,② 시설 옮김
duty_assignment,ASG-001787,applicability_note,관리주체 확인 필요(FMS 관리주체 정보 없음·추정) — 용인시 관리면 「해당」으로,시연 배정을 용인시 관리 시설로 옮김(원래 영동선60.39k(강릉)옹벽 — 관리주체 확인필요),② 시설 옮김
duty_assignment,ASG-001788,asset_id,RW1998-0000037,RW2005-0000071,② 시설 옮김
duty_assignment,ASG-001788,applicability,비해당,해당,② 시설 옮김
duty_assignment,ASG-001788,applicability_note,관리주체 타기관(한국석유공사 용인지사) — 용인시 관리 시설 아님(FMS 관리주체 · 09-24),시연 배정을 용인시 관리 시설로 옮김(원래 한국석유공사 용인비축기지 옹벽(휘발유 지역) — 관리주체 한국석유공사 용인지사),② 시설 옮김
duty_assignment,ASG-001788,decided_by,G01,,② 시설 옮김
duty_assignment,ASG-001788,decided_at,2026-09-24,,② 시설 옮김
duty_assignment,ASG-001789,asset_id,RW2000-0000064,RW2006-0000050,② 시설 옮김
duty_assignment,ASG-001789,applicability,비해당,해당,② 시설 옮김
duty_assignment,ASG-001789,applicability_note,관리주체 타기관(경기도용인교육지원청) — 용인시 관리 시설 아님(FMS 관리주체 · 09-24),시연 배정을 용인시 관리 시설로 옮김(원래 구성고 운동장 부지경계부 옹벽 — 관리주체 경기도용인교육지원청),② 시설 옮김
duty_assignment,ASG-001789,decided_by,G01,,② 시설 옮김
duty_assignment,ASG-001789,decided_at,2026-09-24,,② 시설 옮김
duty_assignment,ASG-001791,asset_id,RW1994-0000054,RW2002-0000002,② 시설 옮김
duty_assignment,ASG-001791,applicability,확인필요,해당,② 시설 옮김
duty_assignment,ASG-001791,applicability_note,관리주체 확인 필요(FMS 관리주체 정보 없음·추정) — 용인시 관리면 「해당」으로,시연 배정을 용인시 관리 시설로 옮김(원래 영동선60.39k(강릉)옹벽 — 관리주체 확인필요),② 시설 옮김
duty_assignment,ASG-001792,asset_id,RW1998-0000037,RW2005-0000071,② 시설 옮김
duty_assignment,ASG-001792,applicability,비해당,해당,② 시설 옮김
duty_assignment,ASG-001792,applicability_note,관리주체 타기관(한국석유공사 용인지사) — 용인시 관리 시설 아님(FMS 관리주체 · 09-24),시연 배정을 용인시 관리 시설로 옮김(원래 한국석유공사 용인비축기지 옹벽(휘발유 지역) — 관리주체 한국석유공사 용인지사),② 시설 옮김
duty_assignment,ASG-001792,decided_by,G01,,② 시설 옮김
duty_assignment,ASG-001792,decided_at,2026-09-24,,② 시설 옮김
duty_assignment,ASG-001793,asset_id,RW2000-0000064,RW2006-0000050,② 시설 옮김
duty_assignment,ASG-001793,applicability,비해당,해당,② 시설 옮김
duty_assignment,ASG-001793,applicability_note,관리주체 타기관(경기도용인교육지원청) — 용인시 관리 시설 아님(FMS 관리주체 · 09-24),시연 배정을 용인시 관리 시설로 옮김(원래 구성고 운동장 부지경계부 옹벽 — 관리주체 경기도용인교육지원청),② 시설 옮김
duty_assignment,ASG-001793,decided_by,G01,,② 시설 옮김
duty_assignment,ASG-001793,decided_at,2026-09-24,,② 시설 옮김
duty_assignment,ASG-001795,asset_id,RW1994-0000054,RW2002-0000002,② 시설 옮김
duty_assignment,ASG-001795,applicability,확인필요,해당,② 시설 옮김
duty_assignment,ASG-001795,applicability_note,관리주체 확인 필요(FMS 관리주체 정보 없음·추정) — 용인시 관리면 「해당」으로,시연 배정을 용인시 관리 시설로 옮김(원래 영동선60.39k(강릉)옹벽 — 관리주체 확인필요),② 시설 옮김
duty_assignment,ASG-001796,asset_id,RW1998-0000037,RW2005-0000071,② 시설 옮김
duty_assignment,ASG-001796,applicability,비해당,해당,② 시설 옮김
duty_assignment,ASG-001796,applicability_note,관리주체 타기관(한국석유공사 용인지사) — 용인시 관리 시설 아님(FMS 관리주체 · 09-24),시연 배정을 용인시 관리 시설로 옮김(원래 한국석유공사 용인비축기지 옹벽(휘발유 지역) — 관리주체 한국석유공사 용인지사),② 시설 옮김
duty_assignment,ASG-001796,decided_by,G01,,② 시설 옮김
duty_assignment,ASG-001796,decided_at,2026-09-24,,② 시설 옮김
duty_assignment,ASG-001797,asset_id,RW2000-0000064,RW2006-0000050,② 시설 옮김
duty_assignment,ASG-001797,applicability,비해당,해당,② 시설 옮김
duty_assignment,ASG-001797,applicability_note,관리주체 타기관(경기도용인교육지원청) — 용인시 관리 시설 아님(FMS 관리주체 · 09-24),시연 배정을 용인시 관리 시설로 옮김(원래 구성고 운동장 부지경계부 옹벽 — 관리주체 경기도용인교육지원청),② 시설 옮김
duty_assignment,ASG-001797,decided_by,G01,,② 시설 옮김
duty_assignment,ASG-001797,decided_at,2026-09-24,,② 시설 옮김
duty_assignment,ASG-001799,asset_id,RW1994-0000054,RW2002-0000002,② 시설 옮김
duty_assignment,ASG-001799,applicability,확인필요,해당,② 시설 옮김
duty_assignment,ASG-001799,applicability_note,관리주체 확인 필요(FMS 관리주체 정보 없음·추정) — 용인시 관리면 「해당」으로,시연 배정을 용인시 관리 시설로 옮김(원래 영동선60.39k(강릉)옹벽 — 관리주체 확인필요),② 시설 옮김
duty_assignment,ASG-001800,asset_id,RW1998-0000037,RW2005-0000071,② 시설 옮김
duty_assignment,ASG-001800,applicability,비해당,해당,② 시설 옮김
duty_assignment,ASG-001800,applicability_note,관리주체 타기관(한국석유공사 용인지사) — 용인시 관리 시설 아님(FMS 관리주체 · 09-24),시연 배정을 용인시 관리 시설로 옮김(원래 한국석유공사 용인비축기지 옹벽(휘발유 지역) — 관리주체 한국석유공사 용인지사),② 시설 옮김
duty_assignment,ASG-001800,decided_by,G01,,② 시설 옮김
duty_assignment,ASG-001800,decided_at,2026-09-24,,② 시설 옮김
duty_assignment,ASG-001801,asset_id,RW2000-0000064,RW2006-0000050,② 시설 옮김
duty_assignment,ASG-001801,applicability,비해당,해당,② 시설 옮김
duty_assignment,ASG-001801,applicability_note,관리주체 타기관(경기도용인교육지원청) — 용인시 관리 시설 아님(FMS 관리주체 · 09-24),시연 배정을 용인시 관리 시설로 옮김(원래 구성고 운동장 부지경계부 옹벽 — 관리주체 경기도용인교육지원청),② 시설 옮김
duty_assignment,ASG-001801,decided_by,G01,,② 시설 옮김
duty_assignment,ASG-001801,decided_at,2026-09-24,,② 시설 옮김
duty_assignment,ASG-001803,asset_id,RW1994-0000054,RW2002-0000002,② 시설 옮김
duty_assignment,ASG-001803,applicability,확인필요,해당,② 시설 옮김
duty_assignment,ASG-001803,applicability_note,관리주체 확인 필요(FMS 관리주체 정보 없음·추정) — 용인시 관리면 「해당」으로,시연 배정을 용인시 관리 시설로 옮김(원래 영동선60.39k(강릉)옹벽 — 관리주체 확인필요),② 시설 옮김
duty_assignment,ASG-001804,asset_id,RW1998-0000037,RW2005-0000071,② 시설 옮김
duty_assignment,ASG-001804,applicability,비해당,해당,② 시설 옮김
duty_assignment,ASG-001804,applicability_note,관리주체 타기관(한국석유공사 용인지사) — 용인시 관리 시설 아님(FMS 관리주체 · 09-24),시연 배정을 용인시 관리 시설로 옮김(원래 한국석유공사 용인비축기지 옹벽(휘발유 지역) — 관리주체 한국석유공사 용인지사),② 시설 옮김
duty_assignment,ASG-001804,decided_by,G01,,② 시설 옮김
duty_assignment,ASG-001804,decided_at,2026-09-24,,② 시설 옮김
duty_assignment,ASG-001805,asset_id,RW2000-0000064,RW2006-0000050,② 시설 옮김
duty_assignment,ASG-001805,applicability,비해당,해당,② 시설 옮김
duty_assignment,ASG-001805,applicability_note,관리주체 타기관(경기도용인교육지원청) — 용인시 관리 시설 아님(FMS 관리주체 · 09-24),시연 배정을 용인시 관리 시설로 옮김(원래 구성고 운동장 부지경계부 옹벽 — 관리주체 경기도용인교육지원청),② 시설 옮김
duty_assignment,ASG-001805,decided_by,G01,,② 시설 옮김
duty_assignment,ASG-001805,decided_at,2026-09-24,,② 시설 옮김
duty_assignment,ASG-001807,asset_id,RW1994-0000054,RW2002-0000002,② 시설 옮김
duty_assignment,ASG-001807,applicability,확인필요,해당,② 시설 옮김
duty_assignment,ASG-001807,applicability_note,관리주체 확인 필요(FMS 관리주체 정보 없음·추정) — 용인시 관리면 「해당」으로,시연 배정을 용인시 관리 시설로 옮김(원래 영동선60.39k(강릉)옹벽 — 관리주체 확인필요),② 시설 옮김
duty_assignment,ASG-001808,asset_id,RW1998-0000037,RW2005-0000071,② 시설 옮김
duty_assignment,ASG-001808,applicability,비해당,해당,② 시설 옮김
duty_assignment,ASG-001808,applicability_note,관리주체 타기관(한국석유공사 용인지사) — 용인시 관리 시설 아님(FMS 관리주체 · 09-24),시연 배정을 용인시 관리 시설로 옮김(원래 한국석유공사 용인비축기지 옹벽(휘발유 지역) — 관리주체 한국석유공사 용인지사),② 시설 옮김
duty_assignment,ASG-001808,decided_by,G01,,② 시설 옮김
duty_assignment,ASG-001808,decided_at,2026-09-24,,② 시설 옮김
duty_assignment,ASG-001809,asset_id,RW2000-0000064,RW2006-0000050,② 시설 옮김
duty_assignment,ASG-001809,applicability,비해당,해당,② 시설 옮김
duty_assignment,ASG-001809,applicability_note,관리주체 타기관(경기도용인교육지원청) — 용인시 관리 시설 아님(FMS 관리주체 · 09-24),시연 배정을 용인시 관리 시설로 옮김(원래 구성고 운동장 부지경계부 옹벽 — 관리주체 경기도용인교육지원청),② 시설 옮김
duty_assignment,ASG-001809,decided_by,G01,,② 시설 옮김
duty_assignment,ASG-001809,decided_at,2026-09-24,,② 시설 옮김
duty_assignment,ASG-001811,asset_id,RW1994-0000054,RW2002-0000002,② 시설 옮김
duty_assignment,ASG-001811,applicability,확인필요,해당,② 시설 옮김
duty_assignment,ASG-001811,applicability_note,관리주체 확인 필요(FMS 관리주체 정보 없음·추정) — 용인시 관리면 「해당」으로,시연 배정을 용인시 관리 시설로 옮김(원래 영동선60.39k(강릉)옹벽 — 관리주체 확인필요),② 시설 옮김
duty_assignment,ASG-001812,asset_id,RW1998-0000037,RW2005-0000071,② 시설 옮김
duty_assignment,ASG-001812,applicability,비해당,해당,② 시설 옮김
duty_assignment,ASG-001812,applicability_note,관리주체 타기관(한국석유공사 용인지사) — 용인시 관리 시설 아님(FMS 관리주체 · 09-24),시연 배정을 용인시 관리 시설로 옮김(원래 한국석유공사 용인비축기지 옹벽(휘발유 지역) — 관리주체 한국석유공사 용인지사),② 시설 옮김
duty_assignment,ASG-001812,decided_by,G01,,② 시설 옮김
duty_assignment,ASG-001812,decided_at,2026-09-24,,② 시설 옮김
duty_assignment,ASG-001813,asset_id,RW2000-0000064,RW2006-0000050,② 시설 옮김
duty_assignment,ASG-001813,applicability,비해당,해당,② 시설 옮김
duty_assignment,ASG-001813,applicability_note,관리주체 타기관(경기도용인교육지원청) — 용인시 관리 시설 아님(FMS 관리주체 · 09-24),시연 배정을 용인시 관리 시설로 옮김(원래 구성고 운동장 부지경계부 옹벽 — 관리주체 경기도용인교육지원청),② 시설 옮김
duty_assignment,ASG-001813,decided_by,G01,,② 시설 옮김
duty_assignment,ASG-001813,decided_at,2026-09-24,,② 시설 옮김
duty_assignment,ASG-001815,asset_id,RW1994-0000054,RW2002-0000002,② 시설 옮김
duty_assignment,ASG-001815,applicability,확인필요,해당,② 시설 옮김
duty_assignment,ASG-001815,applicability_note,관리주체 확인 필요(FMS 관리주체 정보 없음·추정) — 용인시 관리면 「해당」으로,시연 배정을 용인시 관리 시설로 옮김(원래 영동선60.39k(강릉)옹벽 — 관리주체 확인필요),② 시설 옮김
duty_assignment,ASG-001816,asset_id,RW1998-0000037,RW2005-0000071,② 시설 옮김
duty_assignment,ASG-001816,applicability,비해당,해당,② 시설 옮김
duty_assignment,ASG-001816,applicability_note,관리주체 타기관(한국석유공사 용인지사) — 용인시 관리 시설 아님(FMS 관리주체 · 09-24),시연 배정을 용인시 관리 시설로 옮김(원래 한국석유공사 용인비축기지 옹벽(휘발유 지역) — 관리주체 한국석유공사 용인지사),② 시설 옮김
duty_assignment,ASG-001816,decided_by,G01,,② 시설 옮김
duty_assignment,ASG-001816,decided_at,2026-09-24,,② 시설 옮김
duty_assignment,ASG-001817,asset_id,RW2000-0000064,RW2006-0000050,② 시설 옮김
duty_assignment,ASG-001817,applicability,비해당,해당,② 시설 옮김
duty_assignment,ASG-001817,applicability_note,관리주체 타기관(경기도용인교육지원청) — 용인시 관리 시설 아님(FMS 관리주체 · 09-24),시연 배정을 용인시 관리 시설로 옮김(원래 구성고 운동장 부지경계부 옹벽 — 관리주체 경기도용인교육지원청),② 시설 옮김
duty_assignment,ASG-001817,decided_by,G01,,② 시설 옮김
duty_assignment,ASG-001817,decided_at,2026-09-24,,② 시설 옮김
duty_assignment,ASG-001819,asset_id,BR0000-0000002,BR1992-0000156,② 시설 옮김
duty_assignment,ASG-001819,applicability,확인필요,해당,② 시설 옮김
duty_assignment,ASG-001819,applicability_note,관리주체 확인 필요(FMS 관리주체 정보 없음·추정) — 용인시 관리면 「해당」으로,시연 배정을 용인시 관리 시설로 옮김(원래 꽃터교(안대지2교) — 관리주체 확인필요),② 시설 옮김
duty_assignment,ASG-001820,asset_id,BR1018-0000001,BR1992-0000904,② 시설 옮김
duty_assignment,ASG-001820,applicability,비해당,해당,② 시설 옮김
duty_assignment,ASG-001820,applicability_note,관리주체 타기관(수원국토관리사무소) — 용인시 관리 시설 아님(FMS 관리주체 · 09-24),시연 배정을 용인시 관리 시설로 옮김(원래 하고개교(상행) — 관리주체 수원국토관리사무소),② 시설 옮김
duty_assignment,ASG-001820,decided_by,G01,,② 시설 옮김
duty_assignment,ASG-001820,decided_at,2026-09-24,,② 시설 옮김
duty_assignment,ASG-001821,asset_id,BR1900-0000009,BR1993-0000845,② 시설 옮김
duty_assignment,ASG-001821,applicability,확인필요,해당,② 시설 옮김
duty_assignment,ASG-001821,applicability_note,관리주체 확인 필요(FMS 관리주체 정보 없음·추정) — 용인시 관리면 「해당」으로,시연 배정을 용인시 관리 시설로 옮김(원래 안대지천교 — 관리주체 확인필요),② 시설 옮김
duty_assignment,ASG-001823,asset_id,BR0000-0000002,BR1992-0000156,② 시설 옮김
duty_assignment,ASG-001823,applicability,확인필요,해당,② 시설 옮김
duty_assignment,ASG-001823,applicability_note,관리주체 확인 필요(FMS 관리주체 정보 없음·추정) — 용인시 관리면 「해당」으로,시연 배정을 용인시 관리 시설로 옮김(원래 꽃터교(안대지2교) — 관리주체 확인필요),② 시설 옮김
duty_assignment,ASG-001824,asset_id,BR1018-0000001,BR1992-0000904,② 시설 옮김
duty_assignment,ASG-001824,applicability,비해당,해당,② 시설 옮김
duty_assignment,ASG-001824,applicability_note,관리주체 타기관(수원국토관리사무소) — 용인시 관리 시설 아님(FMS 관리주체 · 09-24),시연 배정을 용인시 관리 시설로 옮김(원래 하고개교(상행) — 관리주체 수원국토관리사무소),② 시설 옮김
duty_assignment,ASG-001824,decided_by,G01,,② 시설 옮김
duty_assignment,ASG-001824,decided_at,2026-09-24,,② 시설 옮김
duty_assignment,ASG-001825,asset_id,BR1900-0000009,BR1993-0000845,② 시설 옮김
duty_assignment,ASG-001825,applicability,확인필요,해당,② 시설 옮김
duty_assignment,ASG-001825,applicability_note,관리주체 확인 필요(FMS 관리주체 정보 없음·추정) — 용인시 관리면 「해당」으로,시연 배정을 용인시 관리 시설로 옮김(원래 안대지천교 — 관리주체 확인필요),② 시설 옮김
duty_assignment,ASG-001827,applicability,확인필요,해당,① 관리주체 확정 — 되돌림
duty_assignment,ASG-001827,applicability_note,관리주체 확인 필요(FMS 관리주체 정보 없음·추정) — 용인시 관리면 「해당」으로,,① 관리주체 확정 — 되돌림
duty_assignment,ASG-001828,applicability,확인필요,해당,① 관리주체 확정 — 되돌림
duty_assignment,ASG-001828,applicability_note,관리주체 확인 필요(FMS 관리주체 정보 없음·추정) — 용인시 관리면 「해당」으로,,① 관리주체 확정 — 되돌림
duty_assignment,ASG-001829,applicability,확인필요,해당,① 관리주체 확정 — 되돌림
duty_assignment,ASG-001829,applicability_note,관리주체 확인 필요(FMS 관리주체 정보 없음·추정) — 용인시 관리면 「해당」으로,,① 관리주체 확정 — 되돌림
duty_assignment,ASG-001831,asset_id,BR0000-0000002,BR1992-0000156,② 시설 옮김
duty_assignment,ASG-001831,applicability,확인필요,해당,② 시설 옮김
duty_assignment,ASG-001831,applicability_note,관리주체 확인 필요(FMS 관리주체 정보 없음·추정) — 용인시 관리면 「해당」으로,시연 배정을 용인시 관리 시설로 옮김(원래 꽃터교(안대지2교) — 관리주체 확인필요),② 시설 옮김
duty_assignment,ASG-001832,asset_id,BR1018-0000001,BR1992-0000904,② 시설 옮김
duty_assignment,ASG-001832,applicability,비해당,해당,② 시설 옮김
duty_assignment,ASG-001832,applicability_note,관리주체 타기관(수원국토관리사무소) — 용인시 관리 시설 아님(FMS 관리주체 · 09-24),시연 배정을 용인시 관리 시설로 옮김(원래 하고개교(상행) — 관리주체 수원국토관리사무소),② 시설 옮김
duty_assignment,ASG-001832,decided_by,G01,,② 시설 옮김
duty_assignment,ASG-001832,decided_at,2026-09-24,,② 시설 옮김
duty_assignment,ASG-001833,asset_id,BR1900-0000009,BR1993-0000845,② 시설 옮김
duty_assignment,ASG-001833,applicability,확인필요,해당,② 시설 옮김
duty_assignment,ASG-001833,applicability_note,관리주체 확인 필요(FMS 관리주체 정보 없음·추정) — 용인시 관리면 「해당」으로,시연 배정을 용인시 관리 시설로 옮김(원래 안대지천교 — 관리주체 확인필요),② 시설 옮김
duty_assignment,ASG-001835,asset_id,BR0000-0000002,BR1992-0000156,② 시설 옮김
duty_assignment,ASG-001835,applicability,확인필요,해당,② 시설 옮김
duty_assignment,ASG-001835,applicability_note,관리주체 확인 필요(FMS 관리주체 정보 없음·추정) — 용인시 관리면 「해당」으로,시연 배정을 용인시 관리 시설로 옮김(원래 꽃터교(안대지2교) — 관리주체 확인필요),② 시설 옮김
duty_assignment,ASG-001836,asset_id,BR1018-0000001,BR1992-0000904,② 시설 옮김
duty_assignment,ASG-001836,applicability,비해당,해당,② 시설 옮김
duty_assignment,ASG-001836,applicability_note,관리주체 타기관(수원국토관리사무소) — 용인시 관리 시설 아님(FMS 관리주체 · 09-24),시연 배정을 용인시 관리 시설로 옮김(원래 하고개교(상행) — 관리주체 수원국토관리사무소),② 시설 옮김
duty_assignment,ASG-001836,decided_by,G01,,② 시설 옮김
duty_assignment,ASG-001836,decided_at,2026-09-24,,② 시설 옮김
duty_assignment,ASG-001837,asset_id,BR1900-0000009,BR1993-0000845,② 시설 옮김
duty_assignment,ASG-001837,applicability,확인필요,해당,② 시설 옮김
duty_assignment,ASG-001837,applicability_note,관리주체 확인 필요(FMS 관리주체 정보 없음·추정) — 용인시 관리면 「해당」으로,시연 배정을 용인시 관리 시설로 옮김(원래 안대지천교 — 관리주체 확인필요),② 시설 옮김
duty_assignment,ASG-001839,asset_id,BR0000-0000002,BR1992-0000156,② 시설 옮김
duty_assignment,ASG-001839,applicability,확인필요,해당,② 시설 옮김
duty_assignment,ASG-001839,applicability_note,관리주체 확인 필요(FMS 관리주체 정보 없음·추정) — 용인시 관리면 「해당」으로,시연 배정을 용인시 관리 시설로 옮김(원래 꽃터교(안대지2교) — 관리주체 확인필요),② 시설 옮김
duty_assignment,ASG-001840,asset_id,BR1018-0000001,BR1992-0000904,② 시설 옮김
duty_assignment,ASG-001840,applicability,비해당,해당,② 시설 옮김
duty_assignment,ASG-001840,applicability_note,관리주체 타기관(수원국토관리사무소) — 용인시 관리 시설 아님(FMS 관리주체 · 09-24),시연 배정을 용인시 관리 시설로 옮김(원래 하고개교(상행) — 관리주체 수원국토관리사무소),② 시설 옮김
duty_assignment,ASG-001840,decided_by,G01,,② 시설 옮김
duty_assignment,ASG-001840,decided_at,2026-09-24,,② 시설 옮김
duty_assignment,ASG-001841,asset_id,BR1900-0000009,BR1993-0000845,② 시설 옮김
duty_assignment,ASG-001841,applicability,확인필요,해당,② 시설 옮김
duty_assignment,ASG-001841,applicability_note,관리주체 확인 필요(FMS 관리주체 정보 없음·추정) — 용인시 관리면 「해당」으로,시연 배정을 용인시 관리 시설로 옮김(원래 안대지천교 — 관리주체 확인필요),② 시설 옮김
duty_assignment,ASG-001843,asset_id,BR0000-0000002,BR1992-0000156,② 시설 옮김
duty_assignment,ASG-001843,applicability,확인필요,해당,② 시설 옮김
duty_assignment,ASG-001843,applicability_note,관리주체 확인 필요(FMS 관리주체 정보 없음·추정) — 용인시 관리면 「해당」으로,시연 배정을 용인시 관리 시설로 옮김(원래 꽃터교(안대지2교) — 관리주체 확인필요),② 시설 옮김
duty_assignment,ASG-001844,asset_id,BR1018-0000001,BR1992-0000904,② 시설 옮김
duty_assignment,ASG-001844,applicability,비해당,해당,② 시설 옮김
duty_assignment,ASG-001844,applicability_note,관리주체 타기관(수원국토관리사무소) — 용인시 관리 시설 아님(FMS 관리주체 · 09-24),시연 배정을 용인시 관리 시설로 옮김(원래 하고개교(상행) — 관리주체 수원국토관리사무소),② 시설 옮김
duty_assignment,ASG-001844,decided_by,G01,,② 시설 옮김
duty_assignment,ASG-001844,decided_at,2026-09-24,,② 시설 옮김
duty_assignment,ASG-001845,asset_id,BR1900-0000009,BR1993-0000845,② 시설 옮김
duty_assignment,ASG-001845,applicability,확인필요,해당,② 시설 옮김
duty_assignment,ASG-001845,applicability_note,관리주체 확인 필요(FMS 관리주체 정보 없음·추정) — 용인시 관리면 「해당」으로,시연 배정을 용인시 관리 시설로 옮김(원래 안대지천교 — 관리주체 확인필요),② 시설 옮김
duty_assignment,ASG-001847,asset_id,BR0000-0000002,BR1992-0000156,② 시설 옮김
duty_assignment,ASG-001847,applicability,확인필요,해당,② 시설 옮김
duty_assignment,ASG-001847,applicability_note,관리주체 확인 필요(FMS 관리주체 정보 없음·추정) — 용인시 관리면 「해당」으로,시연 배정을 용인시 관리 시설로 옮김(원래 꽃터교(안대지2교) — 관리주체 확인필요),② 시설 옮김
duty_assignment,ASG-001848,asset_id,BR1018-0000001,BR1992-0000904,② 시설 옮김
duty_assignment,ASG-001848,applicability,비해당,해당,② 시설 옮김
duty_assignment,ASG-001848,applicability_note,관리주체 타기관(수원국토관리사무소) — 용인시 관리 시설 아님(FMS 관리주체 · 09-24),시연 배정을 용인시 관리 시설로 옮김(원래 하고개교(상행) — 관리주체 수원국토관리사무소),② 시설 옮김
duty_assignment,ASG-001848,decided_by,G01,,② 시설 옮김
duty_assignment,ASG-001848,decided_at,2026-09-24,,② 시설 옮김
duty_assignment,ASG-001849,asset_id,BR1900-0000009,BR1993-0000845,② 시설 옮김
duty_assignment,ASG-001849,applicability,확인필요,해당,② 시설 옮김
duty_assignment,ASG-001849,applicability_note,관리주체 확인 필요(FMS 관리주체 정보 없음·추정) — 용인시 관리면 「해당」으로,시연 배정을 용인시 관리 시설로 옮김(원래 안대지천교 — 관리주체 확인필요),② 시설 옮김
duty_assignment,ASG-001851,asset_id,BR0000-0000002,BR1992-0000156,② 시설 옮김
duty_assignment,ASG-001851,applicability,확인필요,해당,② 시설 옮김
duty_assignment,ASG-001851,applicability_note,관리주체 확인 필요(FMS 관리주체 정보 없음·추정) — 용인시 관리면 「해당」으로,시연 배정을 용인시 관리 시설로 옮김(원래 꽃터교(안대지2교) — 관리주체 확인필요),② 시설 옮김
duty_assignment,ASG-001852,asset_id,BR1018-0000001,BR1992-0000904,② 시설 옮김
duty_assignment,ASG-001852,applicability,비해당,해당,② 시설 옮김
duty_assignment,ASG-001852,applicability_note,관리주체 타기관(수원국토관리사무소) — 용인시 관리 시설 아님(FMS 관리주체 · 09-24),시연 배정을 용인시 관리 시설로 옮김(원래 하고개교(상행) — 관리주체 수원국토관리사무소),② 시설 옮김
duty_assignment,ASG-001852,decided_by,G01,,② 시설 옮김
duty_assignment,ASG-001852,decided_at,2026-09-24,,② 시설 옮김
duty_assignment,ASG-001853,asset_id,BR1900-0000009,BR1993-0000845,② 시설 옮김
duty_assignment,ASG-001853,applicability,확인필요,해당,② 시설 옮김
duty_assignment,ASG-001853,applicability_note,관리주체 확인 필요(FMS 관리주체 정보 없음·추정) — 용인시 관리면 「해당」으로,시연 배정을 용인시 관리 시설로 옮김(원래 안대지천교 — 관리주체 확인필요),② 시설 옮김
duty_assignment,ASG-001855,asset_id,BR0000-0000002,BR1992-0000156,② 시설 옮김
duty_assignment,ASG-001855,applicability,확인필요,해당,② 시설 옮김
duty_assignment,ASG-001855,applicability_note,관리주체 확인 필요(FMS 관리주체 정보 없음·추정) — 용인시 관리면 「해당」으로,시연 배정을 용인시 관리 시설로 옮김(원래 꽃터교(안대지2교) — 관리주체 확인필요),② 시설 옮김
duty_assignment,ASG-001856,asset_id,BR1018-0000001,BR1992-0000904,② 시설 옮김
duty_assignment,ASG-001856,applicability,비해당,해당,② 시설 옮김
duty_assignment,ASG-001856,applicability_note,관리주체 타기관(수원국토관리사무소) — 용인시 관리 시설 아님(FMS 관리주체 · 09-24),시연 배정을 용인시 관리 시설로 옮김(원래 하고개교(상행) — 관리주체 수원국토관리사무소),② 시설 옮김
duty_assignment,ASG-001856,decided_by,G01,,② 시설 옮김
duty_assignment,ASG-001856,decided_at,2026-09-24,,② 시설 옮김
duty_assignment,ASG-001857,asset_id,BR1900-0000009,BR1993-0000845,② 시설 옮김
duty_assignment,ASG-001857,applicability,확인필요,해당,② 시설 옮김
duty_assignment,ASG-001857,applicability_note,관리주체 확인 필요(FMS 관리주체 정보 없음·추정) — 용인시 관리면 「해당」으로,시연 배정을 용인시 관리 시설로 옮김(원래 안대지천교 — 관리주체 확인필요),② 시설 옮김
duty_assignment,ASG-001859,asset_id,BR0000-0000002,BR1992-0000156,② 시설 옮김
duty_assignment,ASG-001859,applicability,확인필요,해당,② 시설 옮김
duty_assignment,ASG-001859,applicability_note,관리주체 확인 필요(FMS 관리주체 정보 없음·추정) — 용인시 관리면 「해당」으로,시연 배정을 용인시 관리 시설로 옮김(원래 꽃터교(안대지2교) — 관리주체 확인필요),② 시설 옮김
duty_assignment,ASG-001860,asset_id,BR1018-0000001,BR1992-0000904,② 시설 옮김
duty_assignment,ASG-001860,applicability,비해당,해당,② 시설 옮김
duty_assignment,ASG-001860,applicability_note,관리주체 타기관(수원국토관리사무소) — 용인시 관리 시설 아님(FMS 관리주체 · 09-24),시연 배정을 용인시 관리 시설로 옮김(원래 하고개교(상행) — 관리주체 수원국토관리사무소),② 시설 옮김
duty_assignment,ASG-001860,decided_by,G01,,② 시설 옮김
duty_assignment,ASG-001860,decided_at,2026-09-24,,② 시설 옮김
duty_assignment,ASG-001861,asset_id,BR1900-0000009,BR1993-0000845,② 시설 옮김
duty_assignment,ASG-001861,applicability,확인필요,해당,② 시설 옮김
duty_assignment,ASG-001861,applicability_note,관리주체 확인 필요(FMS 관리주체 정보 없음·추정) — 용인시 관리면 「해당」으로,시연 배정을 용인시 관리 시설로 옮김(원래 안대지천교 — 관리주체 확인필요),② 시설 옮김
duty_assignment,ASG-001863,asset_id,BR0000-0000002,BR1992-0000156,② 시설 옮김
duty_assignment,ASG-001863,applicability,확인필요,해당,② 시설 옮김
duty_assignment,ASG-001863,applicability_note,관리주체 확인 필요(FMS 관리주체 정보 없음·추정) — 용인시 관리면 「해당」으로,시연 배정을 용인시 관리 시설로 옮김(원래 꽃터교(안대지2교) — 관리주체 확인필요),② 시설 옮김
duty_assignment,ASG-001864,asset_id,BR1018-0000001,BR1992-0000904,② 시설 옮김
duty_assignment,ASG-001864,applicability,비해당,해당,② 시설 옮김
duty_assignment,ASG-001864,applicability_note,관리주체 타기관(수원국토관리사무소) — 용인시 관리 시설 아님(FMS 관리주체 · 09-24),시연 배정을 용인시 관리 시설로 옮김(원래 하고개교(상행) — 관리주체 수원국토관리사무소),② 시설 옮김
duty_assignment,ASG-001864,decided_by,G01,,② 시설 옮김
duty_assignment,ASG-001864,decided_at,2026-09-24,,② 시설 옮김
duty_assignment,ASG-001865,asset_id,BR1900-0000009,BR1993-0000845,② 시설 옮김
duty_assignment,ASG-001865,applicability,확인필요,해당,② 시설 옮김
duty_assignment,ASG-001865,applicability_note,관리주체 확인 필요(FMS 관리주체 정보 없음·추정) — 용인시 관리면 「해당」으로,시연 배정을 용인시 관리 시설로 옮김(원래 안대지천교 — 관리주체 확인필요),② 시설 옮김
duty_assignment,ASG-001867,asset_id,BR0000-0000002,BR1992-0000156,② 시설 옮김
duty_assignment,ASG-001867,applicability,확인필요,해당,② 시설 옮김
duty_assignment,ASG-001867,applicability_note,관리주체 확인 필요(FMS 관리주체 정보 없음·추정) — 용인시 관리면 「해당」으로,시연 배정을 용인시 관리 시설로 옮김(원래 꽃터교(안대지2교) — 관리주체 확인필요),② 시설 옮김
duty_assignment,ASG-001868,asset_id,BR1018-0000001,BR1992-0000904,② 시설 옮김
duty_assignment,ASG-001868,applicability,비해당,해당,② 시설 옮김
duty_assignment,ASG-001868,applicability_note,관리주체 타기관(수원국토관리사무소) — 용인시 관리 시설 아님(FMS 관리주체 · 09-24),시연 배정을 용인시 관리 시설로 옮김(원래 하고개교(상행) — 관리주체 수원국토관리사무소),② 시설 옮김
duty_assignment,ASG-001868,decided_by,G01,,② 시설 옮김
duty_assignment,ASG-001868,decided_at,2026-09-24,,② 시설 옮김
duty_assignment,ASG-001869,asset_id,BR1900-0000009,BR1993-0000845,② 시설 옮김
duty_assignment,ASG-001869,applicability,확인필요,해당,② 시설 옮김
duty_assignment,ASG-001869,applicability_note,관리주체 확인 필요(FMS 관리주체 정보 없음·추정) — 용인시 관리면 「해당」으로,시연 배정을 용인시 관리 시설로 옮김(원래 안대지천교 — 관리주체 확인필요),② 시설 옮김
duty_assignment,ASG-001871,asset_id,BR0000-0000002,BR1992-0000156,② 시설 옮김
duty_assignment,ASG-001871,applicability,확인필요,해당,② 시설 옮김
duty_assignment,ASG-001871,applicability_note,관리주체 확인 필요(FMS 관리주체 정보 없음·추정) — 용인시 관리면 「해당」으로,시연 배정을 용인시 관리 시설로 옮김(원래 꽃터교(안대지2교) — 관리주체 확인필요),② 시설 옮김
duty_assignment,ASG-001872,asset_id,BR1018-0000001,BR1992-0000904,② 시설 옮김
duty_assignment,ASG-001872,applicability,비해당,해당,② 시설 옮김
duty_assignment,ASG-001872,applicability_note,관리주체 타기관(수원국토관리사무소) — 용인시 관리 시설 아님(FMS 관리주체 · 09-24),시연 배정을 용인시 관리 시설로 옮김(원래 하고개교(상행) — 관리주체 수원국토관리사무소),② 시설 옮김
duty_assignment,ASG-001872,decided_by,G01,,② 시설 옮김
duty_assignment,ASG-001872,decided_at,2026-09-24,,② 시설 옮김
duty_assignment,ASG-001873,asset_id,BR1900-0000009,BR1993-0000845,② 시설 옮김
duty_assignment,ASG-001873,applicability,확인필요,해당,② 시설 옮김
duty_assignment,ASG-001873,applicability_note,관리주체 확인 필요(FMS 관리주체 정보 없음·추정) — 용인시 관리면 「해당」으로,시연 배정을 용인시 관리 시설로 옮김(원래 안대지천교 — 관리주체 확인필요),② 시설 옮김
duty_assignment,ASG-001875,asset_id,BR0000-0000002,BR1992-0000156,② 시설 옮김
duty_assignment,ASG-001875,applicability,확인필요,해당,② 시설 옮김
duty_assignment,ASG-001875,applicability_note,관리주체 확인 필요(FMS 관리주체 정보 없음·추정) — 용인시 관리면 「해당」으로,시연 배정을 용인시 관리 시설로 옮김(원래 꽃터교(안대지2교) — 관리주체 확인필요),② 시설 옮김
duty_assignment,ASG-001876,asset_id,BR1018-0000001,BR1992-0000904,② 시설 옮김
duty_assignment,ASG-001876,applicability,비해당,해당,② 시설 옮김
duty_assignment,ASG-001876,applicability_note,관리주체 타기관(수원국토관리사무소) — 용인시 관리 시설 아님(FMS 관리주체 · 09-24),시연 배정을 용인시 관리 시설로 옮김(원래 하고개교(상행) — 관리주체 수원국토관리사무소),② 시설 옮김
duty_assignment,ASG-001876,decided_by,G01,,② 시설 옮김
duty_assignment,ASG-001876,decided_at,2026-09-24,,② 시설 옮김
duty_assignment,ASG-001877,asset_id,BR1900-0000009,BR1993-0000845,② 시설 옮김
duty_assignment,ASG-001877,applicability,확인필요,해당,② 시설 옮김
duty_assignment,ASG-001877,applicability_note,관리주체 확인 필요(FMS 관리주체 정보 없음·추정) — 용인시 관리면 「해당」으로,시연 배정을 용인시 관리 시설로 옮김(원래 안대지천교 — 관리주체 확인필요),② 시설 옮김
duty_assignment,ASG-001879,asset_id,BR0000-0000002,BR1992-0000156,② 시설 옮김
duty_assignment,ASG-001879,applicability,확인필요,해당,② 시설 옮김
duty_assignment,ASG-001879,applicability_note,관리주체 확인 필요(FMS 관리주체 정보 없음·추정) — 용인시 관리면 「해당」으로,시연 배정을 용인시 관리 시설로 옮김(원래 꽃터교(안대지2교) — 관리주체 확인필요),② 시설 옮김
duty_assignment,ASG-001880,asset_id,BR1018-0000001,BR1992-0000904,② 시설 옮김
duty_assignment,ASG-001880,applicability,비해당,해당,② 시설 옮김
duty_assignment,ASG-001880,applicability_note,관리주체 타기관(수원국토관리사무소) — 용인시 관리 시설 아님(FMS 관리주체 · 09-24),시연 배정을 용인시 관리 시설로 옮김(원래 하고개교(상행) — 관리주체 수원국토관리사무소),② 시설 옮김
duty_assignment,ASG-001880,decided_by,G01,,② 시설 옮김
duty_assignment,ASG-001880,decided_at,2026-09-24,,② 시설 옮김
duty_assignment,ASG-001881,asset_id,BR1900-0000009,BR1993-0000845,② 시설 옮김
duty_assignment,ASG-001881,applicability,확인필요,해당,② 시설 옮김
duty_assignment,ASG-001881,applicability_note,관리주체 확인 필요(FMS 관리주체 정보 없음·추정) — 용인시 관리면 「해당」으로,시연 배정을 용인시 관리 시설로 옮김(원래 안대지천교 — 관리주체 확인필요),② 시설 옮김
duty_assignment,ASG-001883,asset_id,BR0000-0000002,BR1992-0000156,② 시설 옮김
duty_assignment,ASG-001883,applicability,확인필요,해당,② 시설 옮김
duty_assignment,ASG-001883,applicability_note,관리주체 확인 필요(FMS 관리주체 정보 없음·추정) — 용인시 관리면 「해당」으로,시연 배정을 용인시 관리 시설로 옮김(원래 꽃터교(안대지2교) — 관리주체 확인필요),② 시설 옮김
duty_assignment,ASG-001884,asset_id,BR1018-0000001,BR1992-0000904,② 시설 옮김
duty_assignment,ASG-001884,applicability,비해당,해당,② 시설 옮김
duty_assignment,ASG-001884,applicability_note,관리주체 타기관(수원국토관리사무소) — 용인시 관리 시설 아님(FMS 관리주체 · 09-24),시연 배정을 용인시 관리 시설로 옮김(원래 하고개교(상행) — 관리주체 수원국토관리사무소),② 시설 옮김
duty_assignment,ASG-001884,decided_by,G01,,② 시설 옮김
duty_assignment,ASG-001884,decided_at,2026-09-24,,② 시설 옮김
duty_assignment,ASG-001885,asset_id,BR1900-0000009,BR1993-0000845,② 시설 옮김
duty_assignment,ASG-001885,applicability,확인필요,해당,② 시설 옮김
duty_assignment,ASG-001885,applicability_note,관리주체 확인 필요(FMS 관리주체 정보 없음·추정) — 용인시 관리면 「해당」으로,시연 배정을 용인시 관리 시설로 옮김(원래 안대지천교 — 관리주체 확인필요),② 시설 옮김
duty_assignment,ASG-001887,asset_id,BR0000-0000002,BR1992-0000156,② 시설 옮김
duty_assignment,ASG-001887,applicability,확인필요,해당,② 시설 옮김
duty_assignment,ASG-001887,applicability_note,관리주체 확인 필요(FMS 관리주체 정보 없음·추정) — 용인시 관리면 「해당」으로,시연 배정을 용인시 관리 시설로 옮김(원래 꽃터교(안대지2교) — 관리주체 확인필요),② 시설 옮김
duty_assignment,ASG-001888,asset_id,BR1018-0000001,BR1992-0000904,② 시설 옮김
duty_assignment,ASG-001888,applicability,비해당,해당,② 시설 옮김
duty_assignment,ASG-001888,applicability_note,관리주체 타기관(수원국토관리사무소) — 용인시 관리 시설 아님(FMS 관리주체 · 09-24),시연 배정을 용인시 관리 시설로 옮김(원래 하고개교(상행) — 관리주체 수원국토관리사무소),② 시설 옮김
duty_assignment,ASG-001888,decided_by,G01,,② 시설 옮김
duty_assignment,ASG-001888,decided_at,2026-09-24,,② 시설 옮김
duty_assignment,ASG-001889,asset_id,BR1900-0000009,BR1993-0000845,② 시설 옮김
duty_assignment,ASG-001889,applicability,확인필요,해당,② 시설 옮김
duty_assignment,ASG-001889,applicability_note,관리주체 확인 필요(FMS 관리주체 정보 없음·추정) — 용인시 관리면 「해당」으로,시연 배정을 용인시 관리 시설로 옮김(원래 안대지천교 — 관리주체 확인필요),② 시설 옮김
duty_assignment,ASG-001891,asset_id,BR0000-0000002,BR1992-0000156,② 시설 옮김
duty_assignment,ASG-001891,applicability,확인필요,해당,② 시설 옮김
duty_assignment,ASG-001891,applicability_note,관리주체 확인 필요(FMS 관리주체 정보 없음·추정) — 용인시 관리면 「해당」으로,시연 배정을 용인시 관리 시설로 옮김(원래 꽃터교(안대지2교) — 관리주체 확인필요),② 시설 옮김
duty_assignment,ASG-001892,asset_id,BR1018-0000001,BR1992-0000904,② 시설 옮김
duty_assignment,ASG-001892,applicability,비해당,해당,② 시설 옮김
duty_assignment,ASG-001892,applicability_note,관리주체 타기관(수원국토관리사무소) — 용인시 관리 시설 아님(FMS 관리주체 · 09-24),시연 배정을 용인시 관리 시설로 옮김(원래 하고개교(상행) — 관리주체 수원국토관리사무소),② 시설 옮김
duty_assignment,ASG-001892,decided_by,G01,,② 시설 옮김
duty_assignment,ASG-001892,decided_at,2026-09-24,,② 시설 옮김
duty_assignment,ASG-001893,asset_id,BR1900-0000009,BR1993-0000845,② 시설 옮김
duty_assignment,ASG-001893,applicability,확인필요,해당,② 시설 옮김
duty_assignment,ASG-001893,applicability_note,관리주체 확인 필요(FMS 관리주체 정보 없음·추정) — 용인시 관리면 「해당」으로,시연 배정을 용인시 관리 시설로 옮김(원래 안대지천교 — 관리주체 확인필요),② 시설 옮김
duty_assignment,ASG-001895,asset_id,BR0000-0000002,BR1992-0000156,② 시설 옮김
duty_assignment,ASG-001895,applicability,확인필요,해당,② 시설 옮김
duty_assignment,ASG-001895,applicability_note,관리주체 확인 필요(FMS 관리주체 정보 없음·추정) — 용인시 관리면 「해당」으로,시연 배정을 용인시 관리 시설로 옮김(원래 꽃터교(안대지2교) — 관리주체 확인필요),② 시설 옮김
duty_assignment,ASG-001896,asset_id,BR1018-0000001,BR1992-0000904,② 시설 옮김
duty_assignment,ASG-001896,applicability,비해당,해당,② 시설 옮김
duty_assignment,ASG-001896,applicability_note,관리주체 타기관(수원국토관리사무소) — 용인시 관리 시설 아님(FMS 관리주체 · 09-24),시연 배정을 용인시 관리 시설로 옮김(원래 하고개교(상행) — 관리주체 수원국토관리사무소),② 시설 옮김
duty_assignment,ASG-001896,decided_by,G01,,② 시설 옮김
duty_assignment,ASG-001896,decided_at,2026-09-24,,② 시설 옮김
duty_assignment,ASG-001897,asset_id,BR1900-0000009,BR1993-0000845,② 시설 옮김
duty_assignment,ASG-001897,applicability,확인필요,해당,② 시설 옮김
duty_assignment,ASG-001897,applicability_note,관리주체 확인 필요(FMS 관리주체 정보 없음·추정) — 용인시 관리면 「해당」으로,시연 배정을 용인시 관리 시설로 옮김(원래 안대지천교 — 관리주체 확인필요),② 시설 옮김
duty_assignment,ASG-001899,asset_id,BR0000-0000002,BR1992-0000156,② 시설 옮김
duty_assignment,ASG-001899,applicability,확인필요,해당,② 시설 옮김
duty_assignment,ASG-001899,applicability_note,관리주체 확인 필요(FMS 관리주체 정보 없음·추정) — 용인시 관리면 「해당」으로,시연 배정을 용인시 관리 시설로 옮김(원래 꽃터교(안대지2교) — 관리주체 확인필요),② 시설 옮김
duty_assignment,ASG-001900,asset_id,BR1018-0000001,BR1992-0000904,② 시설 옮김
duty_assignment,ASG-001900,applicability,비해당,해당,② 시설 옮김
duty_assignment,ASG-001900,applicability_note,관리주체 타기관(수원국토관리사무소) — 용인시 관리 시설 아님(FMS 관리주체 · 09-24),시연 배정을 용인시 관리 시설로 옮김(원래 하고개교(상행) — 관리주체 수원국토관리사무소),② 시설 옮김
duty_assignment,ASG-001900,decided_by,G01,,② 시설 옮김
duty_assignment,ASG-001900,decided_at,2026-09-24,,② 시설 옮김
duty_assignment,ASG-001901,asset_id,BR1900-0000009,BR1993-0000845,② 시설 옮김
duty_assignment,ASG-001901,applicability,확인필요,해당,② 시설 옮김
duty_assignment,ASG-001901,applicability_note,관리주체 확인 필요(FMS 관리주체 정보 없음·추정) — 용인시 관리면 「해당」으로,시연 배정을 용인시 관리 시설로 옮김(원래 안대지천교 — 관리주체 확인필요),② 시설 옮김
duty_assignment,ASG-001903,asset_id,BR0000-0000002,BR1992-0000156,② 시설 옮김
duty_assignment,ASG-001903,applicability,확인필요,해당,② 시설 옮김
duty_assignment,ASG-001903,applicability_note,관리주체 확인 필요(FMS 관리주체 정보 없음·추정) — 용인시 관리면 「해당」으로,시연 배정을 용인시 관리 시설로 옮김(원래 꽃터교(안대지2교) — 관리주체 확인필요),② 시설 옮김
duty_assignment,ASG-001904,asset_id,BR1018-0000001,BR1992-0000904,② 시설 옮김
duty_assignment,ASG-001904,applicability,비해당,해당,② 시설 옮김
duty_assignment,ASG-001904,applicability_note,관리주체 타기관(수원국토관리사무소) — 용인시 관리 시설 아님(FMS 관리주체 · 09-24),시연 배정을 용인시 관리 시설로 옮김(원래 하고개교(상행) — 관리주체 수원국토관리사무소),② 시설 옮김
duty_assignment,ASG-001904,decided_by,G01,,② 시설 옮김
duty_assignment,ASG-001904,decided_at,2026-09-24,,② 시설 옮김
duty_assignment,ASG-001905,asset_id,BR1900-0000009,BR1993-0000845,② 시설 옮김
duty_assignment,ASG-001905,applicability,확인필요,해당,② 시설 옮김
duty_assignment,ASG-001905,applicability_note,관리주체 확인 필요(FMS 관리주체 정보 없음·추정) — 용인시 관리면 「해당」으로,시연 배정을 용인시 관리 시설로 옮김(원래 안대지천교 — 관리주체 확인필요),② 시설 옮김
duty_assignment,ASG-001907,asset_id,BR0000-0000002,BR1992-0000156,② 시설 옮김
duty_assignment,ASG-001907,applicability,확인필요,해당,② 시설 옮김
duty_assignment,ASG-001907,applicability_note,관리주체 확인 필요(FMS 관리주체 정보 없음·추정) — 용인시 관리면 「해당」으로,시연 배정을 용인시 관리 시설로 옮김(원래 꽃터교(안대지2교) — 관리주체 확인필요),② 시설 옮김
duty_assignment,ASG-001908,asset_id,BR1018-0000001,BR1992-0000904,② 시설 옮김
duty_assignment,ASG-001908,applicability,비해당,해당,② 시설 옮김
duty_assignment,ASG-001908,applicability_note,관리주체 타기관(수원국토관리사무소) — 용인시 관리 시설 아님(FMS 관리주체 · 09-24),시연 배정을 용인시 관리 시설로 옮김(원래 하고개교(상행) — 관리주체 수원국토관리사무소),② 시설 옮김
duty_assignment,ASG-001908,decided_by,G01,,② 시설 옮김
duty_assignment,ASG-001908,decided_at,2026-09-24,,② 시설 옮김
duty_assignment,ASG-001909,asset_id,BR1900-0000009,BR1993-0000845,② 시설 옮김
duty_assignment,ASG-001909,applicability,확인필요,해당,② 시설 옮김
duty_assignment,ASG-001909,applicability_note,관리주체 확인 필요(FMS 관리주체 정보 없음·추정) — 용인시 관리면 「해당」으로,시연 배정을 용인시 관리 시설로 옮김(원래 안대지천교 — 관리주체 확인필요),② 시설 옮김
duty_assignment,ASG-001911,asset_id,BR0000-0000002,BR1992-0000156,② 시설 옮김
duty_assignment,ASG-001911,applicability,확인필요,해당,② 시설 옮김
duty_assignment,ASG-001911,applicability_note,관리주체 확인 필요(FMS 관리주체 정보 없음·추정) — 용인시 관리면 「해당」으로,시연 배정을 용인시 관리 시설로 옮김(원래 꽃터교(안대지2교) — 관리주체 확인필요),② 시설 옮김
duty_assignment,ASG-001912,asset_id,BR1018-0000001,BR1992-0000904,② 시설 옮김
duty_assignment,ASG-001912,applicability,비해당,해당,② 시설 옮김
duty_assignment,ASG-001912,applicability_note,관리주체 타기관(수원국토관리사무소) — 용인시 관리 시설 아님(FMS 관리주체 · 09-24),시연 배정을 용인시 관리 시설로 옮김(원래 하고개교(상행) — 관리주체 수원국토관리사무소),② 시설 옮김
duty_assignment,ASG-001912,decided_by,G01,,② 시설 옮김
duty_assignment,ASG-001912,decided_at,2026-09-24,,② 시설 옮김
duty_assignment,ASG-001913,asset_id,BR1900-0000009,BR1993-0000845,② 시설 옮김
duty_assignment,ASG-001913,applicability,확인필요,해당,② 시설 옮김
duty_assignment,ASG-001913,applicability_note,관리주체 확인 필요(FMS 관리주체 정보 없음·추정) — 용인시 관리면 「해당」으로,시연 배정을 용인시 관리 시설로 옮김(원래 안대지천교 — 관리주체 확인필요),② 시설 옮김
duty_assignment,ASG-001915,asset_id,BR0000-0000002,BR1992-0000156,② 시설 옮김
duty_assignment,ASG-001915,applicability,확인필요,해당,② 시설 옮김
duty_assignment,ASG-001915,applicability_note,관리주체 확인 필요(FMS 관리주체 정보 없음·추정) — 용인시 관리면 「해당」으로,시연 배정을 용인시 관리 시설로 옮김(원래 꽃터교(안대지2교) — 관리주체 확인필요),② 시설 옮김
duty_assignment,ASG-001916,asset_id,BR1018-0000001,BR1992-0000904,② 시설 옮김
duty_assignment,ASG-001916,applicability,비해당,해당,② 시설 옮김
duty_assignment,ASG-001916,applicability_note,관리주체 타기관(수원국토관리사무소) — 용인시 관리 시설 아님(FMS 관리주체 · 09-24),시연 배정을 용인시 관리 시설로 옮김(원래 하고개교(상행) — 관리주체 수원국토관리사무소),② 시설 옮김
duty_assignment,ASG-001916,decided_by,G01,,② 시설 옮김
duty_assignment,ASG-001916,decided_at,2026-09-24,,② 시설 옮김
duty_assignment,ASG-001917,asset_id,BR1900-0000009,BR1993-0000845,② 시설 옮김
duty_assignment,ASG-001917,applicability,확인필요,해당,② 시설 옮김
duty_assignment,ASG-001917,applicability_note,관리주체 확인 필요(FMS 관리주체 정보 없음·추정) — 용인시 관리면 「해당」으로,시연 배정을 용인시 관리 시설로 옮김(원래 안대지천교 — 관리주체 확인필요),② 시설 옮김
duty_assignment,ASG-001919,asset_id,BR0000-0000002,BR1992-0000156,② 시설 옮김
duty_assignment,ASG-001919,applicability,확인필요,해당,② 시설 옮김
duty_assignment,ASG-001919,applicability_note,관리주체 확인 필요(FMS 관리주체 정보 없음·추정) — 용인시 관리면 「해당」으로,시연 배정을 용인시 관리 시설로 옮김(원래 꽃터교(안대지2교) — 관리주체 확인필요),② 시설 옮김
duty_assignment,ASG-001920,asset_id,BR1018-0000001,BR1992-0000904,② 시설 옮김
duty_assignment,ASG-001920,applicability,비해당,해당,② 시설 옮김
duty_assignment,ASG-001920,applicability_note,관리주체 타기관(수원국토관리사무소) — 용인시 관리 시설 아님(FMS 관리주체 · 09-24),시연 배정을 용인시 관리 시설로 옮김(원래 하고개교(상행) — 관리주체 수원국토관리사무소),② 시설 옮김
duty_assignment,ASG-001920,decided_by,G01,,② 시설 옮김
duty_assignment,ASG-001920,decided_at,2026-09-24,,② 시설 옮김
duty_assignment,ASG-001921,asset_id,BR1900-0000009,BR1993-0000845,② 시설 옮김
duty_assignment,ASG-001921,applicability,확인필요,해당,② 시설 옮김
duty_assignment,ASG-001921,applicability_note,관리주체 확인 필요(FMS 관리주체 정보 없음·추정) — 용인시 관리면 「해당」으로,시연 배정을 용인시 관리 시설로 옮김(원래 안대지천교 — 관리주체 확인필요),② 시설 옮김
duty_assignment,ASG-001923,asset_id,BR0000-0000002,BR1992-0000156,② 시설 옮김
duty_assignment,ASG-001923,applicability,확인필요,해당,② 시설 옮김
duty_assignment,ASG-001923,applicability_note,관리주체 확인 필요(FMS 관리주체 정보 없음·추정) — 용인시 관리면 「해당」으로,시연 배정을 용인시 관리 시설로 옮김(원래 꽃터교(안대지2교) — 관리주체 확인필요),② 시설 옮김
duty_assignment,ASG-001924,asset_id,BR1018-0000001,BR1992-0000904,② 시설 옮김
duty_assignment,ASG-001924,applicability,비해당,해당,② 시설 옮김
duty_assignment,ASG-001924,applicability_note,관리주체 타기관(수원국토관리사무소) — 용인시 관리 시설 아님(FMS 관리주체 · 09-24),시연 배정을 용인시 관리 시설로 옮김(원래 하고개교(상행) — 관리주체 수원국토관리사무소),② 시설 옮김
duty_assignment,ASG-001924,decided_by,G01,,② 시설 옮김
duty_assignment,ASG-001924,decided_at,2026-09-24,,② 시설 옮김
duty_assignment,ASG-001925,asset_id,BR1900-0000009,BR1993-0000845,② 시설 옮김
duty_assignment,ASG-001925,applicability,확인필요,해당,② 시설 옮김
duty_assignment,ASG-001925,applicability_note,관리주체 확인 필요(FMS 관리주체 정보 없음·추정) — 용인시 관리면 「해당」으로,시연 배정을 용인시 관리 시설로 옮김(원래 안대지천교 — 관리주체 확인필요),② 시설 옮김
duty_assignment,ASG-001927,asset_id,BR0000-0000002,BR1992-0000156,② 시설 옮김
duty_assignment,ASG-001927,applicability,확인필요,해당,② 시설 옮김
duty_assignment,ASG-001927,applicability_note,관리주체 확인 필요(FMS 관리주체 정보 없음·추정) — 용인시 관리면 「해당」으로,시연 배정을 용인시 관리 시설로 옮김(원래 꽃터교(안대지2교) — 관리주체 확인필요),② 시설 옮김
duty_assignment,ASG-001928,asset_id,BR1018-0000001,BR1992-0000904,② 시설 옮김
duty_assignment,ASG-001928,applicability,비해당,해당,② 시설 옮김
duty_assignment,ASG-001928,applicability_note,관리주체 타기관(수원국토관리사무소) — 용인시 관리 시설 아님(FMS 관리주체 · 09-24),시연 배정을 용인시 관리 시설로 옮김(원래 하고개교(상행) — 관리주체 수원국토관리사무소),② 시설 옮김
duty_assignment,ASG-001928,decided_by,G01,,② 시설 옮김
duty_assignment,ASG-001928,decided_at,2026-09-24,,② 시설 옮김
duty_assignment,ASG-001929,asset_id,BR1900-0000009,BR1993-0000845,② 시설 옮김
duty_assignment,ASG-001929,applicability,확인필요,해당,② 시설 옮김
duty_assignment,ASG-001929,applicability_note,관리주체 확인 필요(FMS 관리주체 정보 없음·추정) — 용인시 관리면 「해당」으로,시연 배정을 용인시 관리 시설로 옮김(원래 안대지천교 — 관리주체 확인필요),② 시설 옮김
duty_assignment,ASG-001931,asset_id,BR0000-0000002,BR1992-0000156,② 시설 옮김
duty_assignment,ASG-001931,applicability,확인필요,해당,② 시설 옮김
duty_assignment,ASG-001931,applicability_note,관리주체 확인 필요(FMS 관리주체 정보 없음·추정) — 용인시 관리면 「해당」으로,시연 배정을 용인시 관리 시설로 옮김(원래 꽃터교(안대지2교) — 관리주체 확인필요),② 시설 옮김
duty_assignment,ASG-001932,asset_id,BR1018-0000001,BR1992-0000904,② 시설 옮김
duty_assignment,ASG-001932,applicability,비해당,해당,② 시설 옮김
duty_assignment,ASG-001932,applicability_note,관리주체 타기관(수원국토관리사무소) — 용인시 관리 시설 아님(FMS 관리주체 · 09-24),시연 배정을 용인시 관리 시설로 옮김(원래 하고개교(상행) — 관리주체 수원국토관리사무소),② 시설 옮김
duty_assignment,ASG-001932,decided_by,G01,,② 시설 옮김
duty_assignment,ASG-001932,decided_at,2026-09-24,,② 시설 옮김
duty_assignment,ASG-001933,asset_id,BR1900-0000009,BR1993-0000845,② 시설 옮김
duty_assignment,ASG-001933,applicability,확인필요,해당,② 시설 옮김
duty_assignment,ASG-001933,applicability_note,관리주체 확인 필요(FMS 관리주체 정보 없음·추정) — 용인시 관리면 「해당」으로,시연 배정을 용인시 관리 시설로 옮김(원래 안대지천교 — 관리주체 확인필요),② 시설 옮김
duty_assignment,ASG-001935,asset_id,BR0000-0000002,BR1992-0000156,② 시설 옮김
duty_assignment,ASG-001935,applicability,확인필요,해당,② 시설 옮김
duty_assignment,ASG-001935,applicability_note,관리주체 확인 필요(FMS 관리주체 정보 없음·추정) — 용인시 관리면 「해당」으로,시연 배정을 용인시 관리 시설로 옮김(원래 꽃터교(안대지2교) — 관리주체 확인필요),② 시설 옮김
duty_assignment,ASG-001936,asset_id,BR1018-0000001,BR1992-0000904,② 시설 옮김
duty_assignment,ASG-001936,applicability,비해당,해당,② 시설 옮김
duty_assignment,ASG-001936,applicability_note,관리주체 타기관(수원국토관리사무소) — 용인시 관리 시설 아님(FMS 관리주체 · 09-24),시연 배정을 용인시 관리 시설로 옮김(원래 하고개교(상행) — 관리주체 수원국토관리사무소),② 시설 옮김
duty_assignment,ASG-001936,decided_by,G01,,② 시설 옮김
duty_assignment,ASG-001936,decided_at,2026-09-24,,② 시설 옮김
duty_assignment,ASG-001937,asset_id,BR1900-0000009,BR1993-0000845,② 시설 옮김
duty_assignment,ASG-001937,applicability,확인필요,해당,② 시설 옮김
duty_assignment,ASG-001937,applicability_note,관리주체 확인 필요(FMS 관리주체 정보 없음·추정) — 용인시 관리면 「해당」으로,시연 배정을 용인시 관리 시설로 옮김(원래 안대지천교 — 관리주체 확인필요),② 시설 옮김
duty_assignment,ASG-001939,asset_id,BR0000-0000002,BR1992-0000156,② 시설 옮김
duty_assignment,ASG-001939,applicability,확인필요,해당,② 시설 옮김
duty_assignment,ASG-001939,applicability_note,관리주체 확인 필요(FMS 관리주체 정보 없음·추정) — 용인시 관리면 「해당」으로,시연 배정을 용인시 관리 시설로 옮김(원래 꽃터교(안대지2교) — 관리주체 확인필요),② 시설 옮김
duty_assignment,ASG-001940,asset_id,BR1018-0000001,BR1992-0000904,② 시설 옮김
duty_assignment,ASG-001940,applicability,비해당,해당,② 시설 옮김
duty_assignment,ASG-001940,applicability_note,관리주체 타기관(수원국토관리사무소) — 용인시 관리 시설 아님(FMS 관리주체 · 09-24),시연 배정을 용인시 관리 시설로 옮김(원래 하고개교(상행) — 관리주체 수원국토관리사무소),② 시설 옮김
duty_assignment,ASG-001940,decided_by,G01,,② 시설 옮김
duty_assignment,ASG-001940,decided_at,2026-09-24,,② 시설 옮김
duty_assignment,ASG-001941,asset_id,BR1900-0000009,BR1993-0000845,② 시설 옮김
duty_assignment,ASG-001941,applicability,확인필요,해당,② 시설 옮김
duty_assignment,ASG-001941,applicability_note,관리주체 확인 필요(FMS 관리주체 정보 없음·추정) — 용인시 관리면 「해당」으로,시연 배정을 용인시 관리 시설로 옮김(원래 안대지천교 — 관리주체 확인필요),② 시설 옮김
duty_assignment,ASG-001943,asset_id,BR0000-0000002,BR1992-0000156,② 시설 옮김
duty_assignment,ASG-001943,applicability,확인필요,해당,② 시설 옮김
duty_assignment,ASG-001943,applicability_note,관리주체 확인 필요(FMS 관리주체 정보 없음·추정) — 용인시 관리면 「해당」으로,시연 배정을 용인시 관리 시설로 옮김(원래 꽃터교(안대지2교) — 관리주체 확인필요),② 시설 옮김
duty_assignment,ASG-001944,asset_id,BR1018-0000001,BR1992-0000904,② 시설 옮김
duty_assignment,ASG-001944,applicability,비해당,해당,② 시설 옮김
duty_assignment,ASG-001944,applicability_note,관리주체 타기관(수원국토관리사무소) — 용인시 관리 시설 아님(FMS 관리주체 · 09-24),시연 배정을 용인시 관리 시설로 옮김(원래 하고개교(상행) — 관리주체 수원국토관리사무소),② 시설 옮김
duty_assignment,ASG-001944,decided_by,G01,,② 시설 옮김
duty_assignment,ASG-001944,decided_at,2026-09-24,,② 시설 옮김
duty_assignment,ASG-001945,asset_id,BR1900-0000009,BR1993-0000845,② 시설 옮김
duty_assignment,ASG-001945,applicability,확인필요,해당,② 시설 옮김
duty_assignment,ASG-001945,applicability_note,관리주체 확인 필요(FMS 관리주체 정보 없음·추정) — 용인시 관리면 「해당」으로,시연 배정을 용인시 관리 시설로 옮김(원래 안대지천교 — 관리주체 확인필요),② 시설 옮김
duty_assignment,ASG-001953,applicability,확인필요,해당,① 관리주체 확정 — 되돌림
duty_assignment,ASG-001953,applicability_note,관리주체 확인 필요(FMS 관리주체 정보 없음·추정) — 용인시 관리면 「해당」으로,,① 관리주체 확정 — 되돌림
duty_assignment,ASG-001954,applicability,확인필요,해당,① 관리주체 확정 — 되돌림
duty_assignment,ASG-001954,applicability_note,관리주체 확인 필요(FMS 관리주체 정보 없음·추정) — 용인시 관리면 「해당」으로,,① 관리주체 확정 — 되돌림
duty_assignment,ASG-001955,applicability,확인필요,해당,① 관리주체 확정 — 되돌림
duty_assignment,ASG-001955,applicability_note,관리주체 확인 필요(FMS 관리주체 정보 없음·추정) — 용인시 관리면 「해당」으로,,① 관리주체 확정 — 되돌림
duty_assignment,ASG-001957,applicability,확인필요,해당,① 관리주체 확정 — 되돌림
duty_assignment,ASG-001957,applicability_note,관리주체 확인 필요(FMS 관리주체 정보 없음·추정) — 용인시 관리면 「해당」으로,,① 관리주체 확정 — 되돌림
duty_assignment,ASG-001958,applicability,확인필요,해당,① 관리주체 확정 — 되돌림
duty_assignment,ASG-001958,applicability_note,관리주체 확인 필요(FMS 관리주체 정보 없음·추정) — 용인시 관리면 「해당」으로,,① 관리주체 확정 — 되돌림
duty_assignment,ASG-001959,applicability,확인필요,해당,① 관리주체 확정 — 되돌림
duty_assignment,ASG-001959,applicability_note,관리주체 확인 필요(FMS 관리주체 정보 없음·추정) — 용인시 관리면 「해당」으로,,① 관리주체 확정 — 되돌림
duty_assignment,ASG-001961,applicability,확인필요,해당,① 관리주체 확정 — 되돌림
duty_assignment,ASG-001961,applicability_note,관리주체 확인 필요(FMS 관리주체 정보 없음·추정) — 용인시 관리면 「해당」으로,,① 관리주체 확정 — 되돌림
duty_assignment,ASG-001962,applicability,확인필요,해당,① 관리주체 확정 — 되돌림
duty_assignment,ASG-001962,applicability_note,관리주체 확인 필요(FMS 관리주체 정보 없음·추정) — 용인시 관리면 「해당」으로,,① 관리주체 확정 — 되돌림
duty_assignment,ASG-001963,applicability,확인필요,해당,① 관리주체 확정 — 되돌림
duty_assignment,ASG-001963,applicability_note,관리주체 확인 필요(FMS 관리주체 정보 없음·추정) — 용인시 관리면 「해당」으로,,① 관리주체 확정 — 되돌림
duty_assignment,ASG-001971,asset_id,AR1967-0000142,AR2004-0004612,② 시설 옮김
duty_assignment,ASG-001971,applicability,비해당,해당,② 시설 옮김
duty_assignment,ASG-001971,applicability_note,관리주체 아님(시설 판정 「제외」) — 비해당으로 닫음(09-24 결정),시연 배정을 용인시 관리 시설로 옮김(원래 고기초등학교 교사동 — 관리주체 확인필요),② 시설 옮김
duty_assignment,ASG-001971,decided_by,G01,,② 시설 옮김
duty_assignment,ASG-001971,decided_at,2026-09-24,,② 시설 옮김
duty_assignment,ASG-001972,asset_id,AR1969-0000298,AR2005-0003904,② 시설 옮김
duty_assignment,ASG-001972,applicability,비해당,해당,② 시설 옮김
duty_assignment,ASG-001972,applicability_note,관리주체 아님(시설 판정 「제외」) — 비해당으로 닫음(09-24 결정),시연 배정을 용인시 관리 시설로 옮김(원래 두창초등학교 교사1호동 — 관리주체 확인필요),② 시설 옮김
duty_assignment,ASG-001972,decided_by,G01,,② 시설 옮김
duty_assignment,ASG-001972,decided_at,2026-09-24,,② 시설 옮김
duty_assignment,ASG-001973,asset_id,AR1969-0000299,AR2005-0003905,② 시설 옮김
duty_assignment,ASG-001973,applicability,비해당,해당,② 시설 옮김
duty_assignment,ASG-001973,applicability_note,관리주체 아님(시설 판정 「제외」) — 비해당으로 닫음(09-24 결정),시연 배정을 용인시 관리 시설로 옮김(원래 백암고등학교 교사동(1호동) — 관리주체 확인필요),② 시설 옮김
duty_assignment,ASG-001973,decided_by,G01,,② 시설 옮김
duty_assignment,ASG-001973,decided_at,2026-09-24,,② 시설 옮김
duty_assignment,ASG-001975,asset_id,AR1967-0000142,AR2004-0004612,② 시설 옮김
duty_assignment,ASG-001975,applicability,비해당,해당,② 시설 옮김
duty_assignment,ASG-001975,applicability_note,관리주체 아님(시설 판정 「제외」) — 비해당으로 닫음(09-24 결정),시연 배정을 용인시 관리 시설로 옮김(원래 고기초등학교 교사동 — 관리주체 확인필요),② 시설 옮김
duty_assignment,ASG-001975,decided_by,G01,,② 시설 옮김
duty_assignment,ASG-001975,decided_at,2026-09-24,,② 시설 옮김
duty_assignment,ASG-001976,asset_id,AR1969-0000298,AR2005-0003904,② 시설 옮김
duty_assignment,ASG-001976,applicability,비해당,해당,② 시설 옮김
duty_assignment,ASG-001976,applicability_note,관리주체 아님(시설 판정 「제외」) — 비해당으로 닫음(09-24 결정),시연 배정을 용인시 관리 시설로 옮김(원래 두창초등학교 교사1호동 — 관리주체 확인필요),② 시설 옮김
duty_assignment,ASG-001976,decided_by,G01,,② 시설 옮김
duty_assignment,ASG-001976,decided_at,2026-09-24,,② 시설 옮김
duty_assignment,ASG-001977,asset_id,AR1969-0000299,AR2005-0003905,② 시설 옮김
duty_assignment,ASG-001977,applicability,비해당,해당,② 시설 옮김
duty_assignment,ASG-001977,applicability_note,관리주체 아님(시설 판정 「제외」) — 비해당으로 닫음(09-24 결정),시연 배정을 용인시 관리 시설로 옮김(원래 백암고등학교 교사동(1호동) — 관리주체 확인필요),② 시설 옮김
duty_assignment,ASG-001977,decided_by,G01,,② 시설 옮김
duty_assignment,ASG-001977,decided_at,2026-09-24,,② 시설 옮김
duty_assignment,ASG-001979,asset_id,AR1967-0000142,AR2004-0004612,② 시설 옮김
duty_assignment,ASG-001979,applicability,비해당,해당,② 시설 옮김
duty_assignment,ASG-001979,applicability_note,관리주체 아님(시설 판정 「제외」) — 비해당으로 닫음(09-24 결정),시연 배정을 용인시 관리 시설로 옮김(원래 고기초등학교 교사동 — 관리주체 확인필요),② 시설 옮김
duty_assignment,ASG-001979,decided_by,G01,,② 시설 옮김
duty_assignment,ASG-001979,decided_at,2026-09-24,,② 시설 옮김
duty_assignment,ASG-001980,asset_id,AR1969-0000298,AR2005-0003904,② 시설 옮김
duty_assignment,ASG-001980,applicability,비해당,해당,② 시설 옮김
duty_assignment,ASG-001980,applicability_note,관리주체 아님(시설 판정 「제외」) — 비해당으로 닫음(09-24 결정),시연 배정을 용인시 관리 시설로 옮김(원래 두창초등학교 교사1호동 — 관리주체 확인필요),② 시설 옮김
duty_assignment,ASG-001980,decided_by,G01,,② 시설 옮김
duty_assignment,ASG-001980,decided_at,2026-09-24,,② 시설 옮김
duty_assignment,ASG-001981,asset_id,AR1969-0000299,AR2005-0003905,② 시설 옮김
duty_assignment,ASG-001981,applicability,비해당,해당,② 시설 옮김
duty_assignment,ASG-001981,applicability_note,관리주체 아님(시설 판정 「제외」) — 비해당으로 닫음(09-24 결정),시연 배정을 용인시 관리 시설로 옮김(원래 백암고등학교 교사동(1호동) — 관리주체 확인필요),② 시설 옮김
duty_assignment,ASG-001981,decided_by,G01,,② 시설 옮김
duty_assignment,ASG-001981,decided_at,2026-09-24,,② 시설 옮김
duty_assignment,ASG-001984,asset_id,AR1967-0000142,AR2004-0004612,② 시설 옮김
duty_assignment,ASG-001984,applicability,비해당,해당,② 시설 옮김
duty_assignment,ASG-001984,applicability_note,관리주체 아님(시설 판정 「제외」) — 비해당으로 닫음(09-24 결정),시연 배정을 용인시 관리 시설로 옮김(원래 고기초등학교 교사동 — 관리주체 확인필요),② 시설 옮김
duty_assignment,ASG-001984,decided_by,G01,,② 시설 옮김
duty_assignment,ASG-001984,decided_at,2026-09-24,,② 시설 옮김
duty_assignment,ASG-001985,asset_id,AR1969-0000298,AR2005-0003904,② 시설 옮김
duty_assignment,ASG-001985,applicability,비해당,해당,② 시설 옮김
duty_assignment,ASG-001985,applicability_note,관리주체 아님(시설 판정 「제외」) — 비해당으로 닫음(09-24 결정),시연 배정을 용인시 관리 시설로 옮김(원래 두창초등학교 교사1호동 — 관리주체 확인필요),② 시설 옮김
duty_assignment,ASG-001985,decided_by,G01,,② 시설 옮김
duty_assignment,ASG-001985,decided_at,2026-09-24,,② 시설 옮김
duty_assignment,ASG-001986,asset_id,AR1969-0000299,AR2005-0003905,② 시설 옮김
duty_assignment,ASG-001986,applicability,비해당,해당,② 시설 옮김
duty_assignment,ASG-001986,applicability_note,관리주체 아님(시설 판정 「제외」) — 비해당으로 닫음(09-24 결정),시연 배정을 용인시 관리 시설로 옮김(원래 백암고등학교 교사동(1호동) — 관리주체 확인필요),② 시설 옮김
duty_assignment,ASG-001986,decided_by,G01,,② 시설 옮김
duty_assignment,ASG-001986,decided_at,2026-09-24,,② 시설 옮김
duty_assignment,ASG-002183,applicability,확인필요,해당,① 관리주체 확정 — 되돌림
duty_assignment,ASG-002183,applicability_note,관리주체 확인 필요(FMS 관리주체 정보 없음·추정) — 용인시 관리면 「해당」으로,,① 관리주체 확정 — 되돌림
duty_assignment,ASG-002184,applicability,확인필요,해당,① 관리주체 확정 — 되돌림
duty_assignment,ASG-002184,applicability_note,관리주체 확인 필요(FMS 관리주체 정보 없음·추정) — 용인시 관리면 「해당」으로,,① 관리주체 확정 — 되돌림
duty_assignment,ASG-002185,applicability,확인필요,해당,① 관리주체 확정 — 되돌림
duty_assignment,ASG-002185,applicability_note,관리주체 확인 필요(FMS 관리주체 정보 없음·추정) — 용인시 관리면 「해당」으로,,① 관리주체 확정 — 되돌림
duty_assignment,ASG-002232,asset_id,AR1967-0000142,AR2004-0004612,② 시설 옮김
duty_assignment,ASG-002232,applicability,비해당,해당,② 시설 옮김
duty_assignment,ASG-002232,applicability_note,관리주체 아님(시설 판정 「제외」) — 비해당으로 닫음(09-24 결정),시연 배정을 용인시 관리 시설로 옮김(원래 고기초등학교 교사동 — 관리주체 확인필요),② 시설 옮김
duty_assignment,ASG-002232,decided_by,G01,,② 시설 옮김
duty_assignment,ASG-002232,decided_at,2026-09-24,,② 시설 옮김
duty_assignment,ASG-002233,asset_id,AR1969-0000298,AR2005-0003904,② 시설 옮김
duty_assignment,ASG-002233,applicability,비해당,해당,② 시설 옮김
duty_assignment,ASG-002233,applicability_note,관리주체 아님(시설 판정 「제외」) — 비해당으로 닫음(09-24 결정),시연 배정을 용인시 관리 시설로 옮김(원래 두창초등학교 교사1호동 — 관리주체 확인필요),② 시설 옮김
duty_assignment,ASG-002233,decided_by,G01,,② 시설 옮김
duty_assignment,ASG-002233,decided_at,2026-09-24,,② 시설 옮김
duty_assignment,ASG-002234,asset_id,AR1969-0000299,AR2005-0003905,② 시설 옮김
duty_assignment,ASG-002234,applicability,비해당,해당,② 시설 옮김
duty_assignment,ASG-002234,applicability_note,관리주체 아님(시설 판정 「제외」) — 비해당으로 닫음(09-24 결정),시연 배정을 용인시 관리 시설로 옮김(원래 백암고등학교 교사동(1호동) — 관리주체 확인필요),② 시설 옮김
duty_assignment,ASG-002234,decided_by,G01,,② 시설 옮김
duty_assignment,ASG-002234,decided_at,2026-09-24,,② 시설 옮김
duty_assignment,ASG-002247,asset_id,AR1967-0000142,AR2004-0004612,② 시설 옮김
duty_assignment,ASG-002247,applicability,비해당,해당,② 시설 옮김
duty_assignment,ASG-002247,applicability_note,관리주체 아님(시설 판정 「제외」) — 비해당으로 닫음(09-24 결정),시연 배정을 용인시 관리 시설로 옮김(원래 고기초등학교 교사동 — 관리주체 확인필요),② 시설 옮김
duty_assignment,ASG-002247,decided_by,G01,,② 시설 옮김
duty_assignment,ASG-002247,decided_at,2026-09-24,,② 시설 옮김
duty_assignment,ASG-002248,asset_id,AR1969-0000298,AR2005-0003904,② 시설 옮김
duty_assignment,ASG-002248,applicability,비해당,해당,② 시설 옮김
duty_assignment,ASG-002248,applicability_note,관리주체 아님(시설 판정 「제외」) — 비해당으로 닫음(09-24 결정),시연 배정을 용인시 관리 시설로 옮김(원래 두창초등학교 교사1호동 — 관리주체 확인필요),② 시설 옮김
duty_assignment,ASG-002248,decided_by,G01,,② 시설 옮김
duty_assignment,ASG-002248,decided_at,2026-09-24,,② 시설 옮김
duty_assignment,ASG-002249,asset_id,AR1969-0000299,AR2005-0003905,② 시설 옮김
duty_assignment,ASG-002249,applicability,비해당,해당,② 시설 옮김
duty_assignment,ASG-002249,applicability_note,관리주체 아님(시설 판정 「제외」) — 비해당으로 닫음(09-24 결정),시연 배정을 용인시 관리 시설로 옮김(원래 백암고등학교 교사동(1호동) — 관리주체 확인필요),② 시설 옮김
duty_assignment,ASG-002249,decided_by,G01,,② 시설 옮김
duty_assignment,ASG-002249,decided_at,2026-09-24,,② 시설 옮김
duty_assignment,ASG-002251,asset_id,AR1967-0000142,AR2004-0004612,② 시설 옮김
duty_assignment,ASG-002251,applicability,비해당,해당,② 시설 옮김
duty_assignment,ASG-002251,applicability_note,관리주체 아님(시설 판정 「제외」) — 비해당으로 닫음(09-24 결정),시연 배정을 용인시 관리 시설로 옮김(원래 고기초등학교 교사동 — 관리주체 확인필요),② 시설 옮김
duty_assignment,ASG-002251,decided_by,G01,,② 시설 옮김
duty_assignment,ASG-002251,decided_at,2026-09-24,,② 시설 옮김
duty_assignment,ASG-002252,asset_id,AR1969-0000298,AR2005-0003904,② 시설 옮김
duty_assignment,ASG-002252,applicability,비해당,해당,② 시설 옮김
duty_assignment,ASG-002252,applicability_note,관리주체 아님(시설 판정 「제외」) — 비해당으로 닫음(09-24 결정),시연 배정을 용인시 관리 시설로 옮김(원래 두창초등학교 교사1호동 — 관리주체 확인필요),② 시설 옮김
duty_assignment,ASG-002252,decided_by,G01,,② 시설 옮김
duty_assignment,ASG-002252,decided_at,2026-09-24,,② 시설 옮김
duty_assignment,ASG-002253,asset_id,AR1969-0000299,AR2005-0003905,② 시설 옮김
duty_assignment,ASG-002253,applicability,비해당,해당,② 시설 옮김
duty_assignment,ASG-002253,applicability_note,관리주체 아님(시설 판정 「제외」) — 비해당으로 닫음(09-24 결정),시연 배정을 용인시 관리 시설로 옮김(원래 백암고등학교 교사동(1호동) — 관리주체 확인필요),② 시설 옮김
duty_assignment,ASG-002253,decided_by,G01,,② 시설 옮김
duty_assignment,ASG-002253,decided_at,2026-09-24,,② 시설 옮김
duty_assignment,ASG-002255,asset_id,AR1967-0000142,AR2004-0004612,② 시설 옮김
duty_assignment,ASG-002255,applicability,비해당,해당,② 시설 옮김
duty_assignment,ASG-002255,applicability_note,관리주체 아님(시설 판정 「제외」) — 비해당으로 닫음(09-24 결정),시연 배정을 용인시 관리 시설로 옮김(원래 고기초등학교 교사동 — 관리주체 확인필요),② 시설 옮김
duty_assignment,ASG-002255,decided_by,G01,,② 시설 옮김
duty_assignment,ASG-002255,decided_at,2026-09-24,,② 시설 옮김
duty_assignment,ASG-002256,asset_id,AR1969-0000298,AR2005-0003904,② 시설 옮김
duty_assignment,ASG-002256,applicability,비해당,해당,② 시설 옮김
duty_assignment,ASG-002256,applicability_note,관리주체 아님(시설 판정 「제외」) — 비해당으로 닫음(09-24 결정),시연 배정을 용인시 관리 시설로 옮김(원래 두창초등학교 교사1호동 — 관리주체 확인필요),② 시설 옮김
duty_assignment,ASG-002256,decided_by,G01,,② 시설 옮김
duty_assignment,ASG-002256,decided_at,2026-09-24,,② 시설 옮김
duty_assignment,ASG-002257,asset_id,AR1969-0000299,AR2005-0003905,② 시설 옮김
duty_assignment,ASG-002257,applicability,비해당,해당,② 시설 옮김
duty_assignment,ASG-002257,applicability_note,관리주체 아님(시설 판정 「제외」) — 비해당으로 닫음(09-24 결정),시연 배정을 용인시 관리 시설로 옮김(원래 백암고등학교 교사동(1호동) — 관리주체 확인필요),② 시설 옮김
duty_assignment,ASG-002257,decided_by,G01,,② 시설 옮김
duty_assignment,ASG-002257,decided_at,2026-09-24,,② 시설 옮김
duty_assignment,ASG-002272,asset_id,RW1994-0000054,RW2002-0000002,② 시설 옮김
duty_assignment,ASG-002272,applicability,확인필요,해당,② 시설 옮김
duty_assignment,ASG-002272,applicability_note,관리주체 확인 필요(FMS 관리주체 정보 없음·추정) — 용인시 관리면 「해당」으로,시연 배정을 용인시 관리 시설로 옮김(원래 영동선60.39k(강릉)옹벽 — 관리주체 확인필요),② 시설 옮김
duty_assignment,ASG-002273,asset_id,RW1998-0000037,RW2005-0000071,② 시설 옮김
duty_assignment,ASG-002273,applicability,비해당,해당,② 시설 옮김
duty_assignment,ASG-002273,applicability_note,관리주체 타기관(한국석유공사 용인지사) — 용인시 관리 시설 아님(FMS 관리주체 · 09-24),시연 배정을 용인시 관리 시설로 옮김(원래 한국석유공사 용인비축기지 옹벽(휘발유 지역) — 관리주체 한국석유공사 용인지사),② 시설 옮김
duty_assignment,ASG-002273,decided_by,G01,,② 시설 옮김
duty_assignment,ASG-002273,decided_at,2026-09-24,,② 시설 옮김
duty_assignment,ASG-002274,asset_id,RW2000-0000064,RW2006-0000050,② 시설 옮김
duty_assignment,ASG-002274,applicability,비해당,해당,② 시설 옮김
duty_assignment,ASG-002274,applicability_note,관리주체 타기관(경기도용인교육지원청) — 용인시 관리 시설 아님(FMS 관리주체 · 09-24),시연 배정을 용인시 관리 시설로 옮김(원래 구성고 운동장 부지경계부 옹벽 — 관리주체 경기도용인교육지원청),② 시설 옮김
duty_assignment,ASG-002274,decided_by,G01,,② 시설 옮김
duty_assignment,ASG-002274,decided_at,2026-09-24,,② 시설 옮김
duty_assignment,ASG-002276,asset_id,RW1994-0000054,RW2002-0000002,② 시설 옮김
duty_assignment,ASG-002276,applicability,확인필요,해당,② 시설 옮김
duty_assignment,ASG-002276,applicability_note,관리주체 확인 필요(FMS 관리주체 정보 없음·추정) — 용인시 관리면 「해당」으로,시연 배정을 용인시 관리 시설로 옮김(원래 영동선60.39k(강릉)옹벽 — 관리주체 확인필요),② 시설 옮김
duty_assignment,ASG-002277,asset_id,RW1998-0000037,RW2005-0000071,② 시설 옮김
duty_assignment,ASG-002277,applicability,비해당,해당,② 시설 옮김
duty_assignment,ASG-002277,applicability_note,관리주체 타기관(한국석유공사 용인지사) — 용인시 관리 시설 아님(FMS 관리주체 · 09-24),시연 배정을 용인시 관리 시설로 옮김(원래 한국석유공사 용인비축기지 옹벽(휘발유 지역) — 관리주체 한국석유공사 용인지사),② 시설 옮김
duty_assignment,ASG-002277,decided_by,G01,,② 시설 옮김
duty_assignment,ASG-002277,decided_at,2026-09-24,,② 시설 옮김
duty_assignment,ASG-002278,asset_id,RW2000-0000064,RW2006-0000050,② 시설 옮김
duty_assignment,ASG-002278,applicability,비해당,해당,② 시설 옮김
duty_assignment,ASG-002278,applicability_note,관리주체 타기관(경기도용인교육지원청) — 용인시 관리 시설 아님(FMS 관리주체 · 09-24),시연 배정을 용인시 관리 시설로 옮김(원래 구성고 운동장 부지경계부 옹벽 — 관리주체 경기도용인교육지원청),② 시설 옮김
duty_assignment,ASG-002278,decided_by,G01,,② 시설 옮김
duty_assignment,ASG-002278,decided_at,2026-09-24,,② 시설 옮김
duty_assignment,ASG-002280,asset_id,RW1994-0000054,RW2002-0000002,② 시설 옮김
duty_assignment,ASG-002280,applicability,확인필요,해당,② 시설 옮김
duty_assignment,ASG-002280,applicability_note,관리주체 확인 필요(FMS 관리주체 정보 없음·추정) — 용인시 관리면 「해당」으로,시연 배정을 용인시 관리 시설로 옮김(원래 영동선60.39k(강릉)옹벽 — 관리주체 확인필요),② 시설 옮김
duty_assignment,ASG-002281,asset_id,RW1998-0000037,RW2005-0000071,② 시설 옮김
duty_assignment,ASG-002281,applicability,비해당,해당,② 시설 옮김
duty_assignment,ASG-002281,applicability_note,관리주체 타기관(한국석유공사 용인지사) — 용인시 관리 시설 아님(FMS 관리주체 · 09-24),시연 배정을 용인시 관리 시설로 옮김(원래 한국석유공사 용인비축기지 옹벽(휘발유 지역) — 관리주체 한국석유공사 용인지사),② 시설 옮김
duty_assignment,ASG-002281,decided_by,G01,,② 시설 옮김
duty_assignment,ASG-002281,decided_at,2026-09-24,,② 시설 옮김
duty_assignment,ASG-002282,asset_id,RW2000-0000064,RW2006-0000050,② 시설 옮김
duty_assignment,ASG-002282,applicability,비해당,해당,② 시설 옮김
duty_assignment,ASG-002282,applicability_note,관리주체 타기관(경기도용인교육지원청) — 용인시 관리 시설 아님(FMS 관리주체 · 09-24),시연 배정을 용인시 관리 시설로 옮김(원래 구성고 운동장 부지경계부 옹벽 — 관리주체 경기도용인교육지원청),② 시설 옮김
duty_assignment,ASG-002282,decided_by,G01,,② 시설 옮김
duty_assignment,ASG-002282,decided_at,2026-09-24,,② 시설 옮김
duty_assignment,ASG-002284,asset_id,RW1994-0000054,RW2002-0000002,② 시설 옮김
duty_assignment,ASG-002284,applicability,확인필요,해당,② 시설 옮김
duty_assignment,ASG-002284,applicability_note,관리주체 확인 필요(FMS 관리주체 정보 없음·추정) — 용인시 관리면 「해당」으로,시연 배정을 용인시 관리 시설로 옮김(원래 영동선60.39k(강릉)옹벽 — 관리주체 확인필요),② 시설 옮김
duty_assignment,ASG-002285,asset_id,RW1998-0000037,RW2005-0000071,② 시설 옮김
duty_assignment,ASG-002285,applicability,비해당,해당,② 시설 옮김
duty_assignment,ASG-002285,applicability_note,관리주체 타기관(한국석유공사 용인지사) — 용인시 관리 시설 아님(FMS 관리주체 · 09-24),시연 배정을 용인시 관리 시설로 옮김(원래 한국석유공사 용인비축기지 옹벽(휘발유 지역) — 관리주체 한국석유공사 용인지사),② 시설 옮김
duty_assignment,ASG-002285,decided_by,G01,,② 시설 옮김
duty_assignment,ASG-002285,decided_at,2026-09-24,,② 시설 옮김
duty_assignment,ASG-002286,asset_id,RW2000-0000064,RW2006-0000050,② 시설 옮김
duty_assignment,ASG-002286,applicability,비해당,해당,② 시설 옮김
duty_assignment,ASG-002286,applicability_note,관리주체 타기관(경기도용인교육지원청) — 용인시 관리 시설 아님(FMS 관리주체 · 09-24),시연 배정을 용인시 관리 시설로 옮김(원래 구성고 운동장 부지경계부 옹벽 — 관리주체 경기도용인교육지원청),② 시설 옮김
duty_assignment,ASG-002286,decided_by,G01,,② 시설 옮김
duty_assignment,ASG-002286,decided_at,2026-09-24,,② 시설 옮김
duty_assignment,ASG-002288,asset_id,RW1994-0000054,RW2002-0000002,② 시설 옮김
duty_assignment,ASG-002288,applicability,확인필요,해당,② 시설 옮김
duty_assignment,ASG-002288,applicability_note,관리주체 확인 필요(FMS 관리주체 정보 없음·추정) — 용인시 관리면 「해당」으로,시연 배정을 용인시 관리 시설로 옮김(원래 영동선60.39k(강릉)옹벽 — 관리주체 확인필요),② 시설 옮김
duty_assignment,ASG-002289,asset_id,RW1998-0000037,RW2005-0000071,② 시설 옮김
duty_assignment,ASG-002289,applicability,비해당,해당,② 시설 옮김
duty_assignment,ASG-002289,applicability_note,관리주체 타기관(한국석유공사 용인지사) — 용인시 관리 시설 아님(FMS 관리주체 · 09-24),시연 배정을 용인시 관리 시설로 옮김(원래 한국석유공사 용인비축기지 옹벽(휘발유 지역) — 관리주체 한국석유공사 용인지사),② 시설 옮김
duty_assignment,ASG-002289,decided_by,G01,,② 시설 옮김
duty_assignment,ASG-002289,decided_at,2026-09-24,,② 시설 옮김
duty_assignment,ASG-002290,asset_id,RW2000-0000064,RW2006-0000050,② 시설 옮김
duty_assignment,ASG-002290,applicability,비해당,해당,② 시설 옮김
duty_assignment,ASG-002290,applicability_note,관리주체 타기관(경기도용인교육지원청) — 용인시 관리 시설 아님(FMS 관리주체 · 09-24),시연 배정을 용인시 관리 시설로 옮김(원래 구성고 운동장 부지경계부 옹벽 — 관리주체 경기도용인교육지원청),② 시설 옮김
duty_assignment,ASG-002290,decided_by,G01,,② 시설 옮김
duty_assignment,ASG-002290,decided_at,2026-09-24,,② 시설 옮김
duty_assignment,ASG-002294,asset_id,BR0000-0000002,BR1992-0000156,② 시설 옮김
duty_assignment,ASG-002294,applicability,확인필요,해당,② 시설 옮김
duty_assignment,ASG-002294,applicability_note,관리주체 확인 필요(FMS 관리주체 정보 없음·추정) — 용인시 관리면 「해당」으로,시연 배정을 용인시 관리 시설로 옮김(원래 꽃터교(안대지2교) — 관리주체 확인필요),② 시설 옮김
duty_assignment,ASG-002295,asset_id,BR1018-0000001,BR1992-0000904,② 시설 옮김
duty_assignment,ASG-002295,applicability,비해당,해당,② 시설 옮김
duty_assignment,ASG-002295,applicability_note,관리주체 타기관(수원국토관리사무소) — 용인시 관리 시설 아님(FMS 관리주체 · 09-24),시연 배정을 용인시 관리 시설로 옮김(원래 하고개교(상행) — 관리주체 수원국토관리사무소),② 시설 옮김
duty_assignment,ASG-002295,decided_by,G01,,② 시설 옮김
duty_assignment,ASG-002295,decided_at,2026-09-24,,② 시설 옮김
duty_assignment,ASG-002296,asset_id,BR1900-0000009,BR1993-0000845,② 시설 옮김
duty_assignment,ASG-002296,applicability,확인필요,해당,② 시설 옮김
duty_assignment,ASG-002296,applicability_note,관리주체 확인 필요(FMS 관리주체 정보 없음·추정) — 용인시 관리면 「해당」으로,시연 배정을 용인시 관리 시설로 옮김(원래 안대지천교 — 관리주체 확인필요),② 시설 옮김
duty_assignment,ASG-002298,asset_id,BR0000-0000002,BR1992-0000156,② 시설 옮김
duty_assignment,ASG-002298,applicability,확인필요,해당,② 시설 옮김
duty_assignment,ASG-002298,applicability_note,관리주체 확인 필요(FMS 관리주체 정보 없음·추정) — 용인시 관리면 「해당」으로,시연 배정을 용인시 관리 시설로 옮김(원래 꽃터교(안대지2교) — 관리주체 확인필요),② 시설 옮김
duty_assignment,ASG-002299,asset_id,BR1018-0000001,BR1992-0000904,② 시설 옮김
duty_assignment,ASG-002299,applicability,비해당,해당,② 시설 옮김
duty_assignment,ASG-002299,applicability_note,관리주체 타기관(수원국토관리사무소) — 용인시 관리 시설 아님(FMS 관리주체 · 09-24),시연 배정을 용인시 관리 시설로 옮김(원래 하고개교(상행) — 관리주체 수원국토관리사무소),② 시설 옮김
duty_assignment,ASG-002299,decided_by,G01,,② 시설 옮김
duty_assignment,ASG-002299,decided_at,2026-09-24,,② 시설 옮김
duty_assignment,ASG-002300,asset_id,BR1900-0000009,BR1993-0000845,② 시설 옮김
duty_assignment,ASG-002300,applicability,확인필요,해당,② 시설 옮김
duty_assignment,ASG-002300,applicability_note,관리주체 확인 필요(FMS 관리주체 정보 없음·추정) — 용인시 관리면 「해당」으로,시연 배정을 용인시 관리 시설로 옮김(원래 안대지천교 — 관리주체 확인필요),② 시설 옮김
duty_assignment,ASG-002302,asset_id,BR0000-0000002,BR1992-0000156,② 시설 옮김
duty_assignment,ASG-002302,applicability,확인필요,해당,② 시설 옮김
duty_assignment,ASG-002302,applicability_note,관리주체 확인 필요(FMS 관리주체 정보 없음·추정) — 용인시 관리면 「해당」으로,시연 배정을 용인시 관리 시설로 옮김(원래 꽃터교(안대지2교) — 관리주체 확인필요),② 시설 옮김
duty_assignment,ASG-002303,asset_id,BR1018-0000001,BR1992-0000904,② 시설 옮김
duty_assignment,ASG-002303,applicability,비해당,해당,② 시설 옮김
duty_assignment,ASG-002303,applicability_note,관리주체 타기관(수원국토관리사무소) — 용인시 관리 시설 아님(FMS 관리주체 · 09-24),시연 배정을 용인시 관리 시설로 옮김(원래 하고개교(상행) — 관리주체 수원국토관리사무소),② 시설 옮김
duty_assignment,ASG-002303,decided_by,G01,,② 시설 옮김
duty_assignment,ASG-002303,decided_at,2026-09-24,,② 시설 옮김
duty_assignment,ASG-002304,asset_id,BR1900-0000009,BR1993-0000845,② 시설 옮김
duty_assignment,ASG-002304,applicability,확인필요,해당,② 시설 옮김
duty_assignment,ASG-002304,applicability_note,관리주체 확인 필요(FMS 관리주체 정보 없음·추정) — 용인시 관리면 「해당」으로,시연 배정을 용인시 관리 시설로 옮김(원래 안대지천교 — 관리주체 확인필요),② 시설 옮김
duty_assignment,ASG-002306,asset_id,BR0000-0000002,BR1992-0000156,② 시설 옮김
duty_assignment,ASG-002306,applicability,확인필요,해당,② 시설 옮김
duty_assignment,ASG-002306,applicability_note,관리주체 확인 필요(FMS 관리주체 정보 없음·추정) — 용인시 관리면 「해당」으로,시연 배정을 용인시 관리 시설로 옮김(원래 꽃터교(안대지2교) — 관리주체 확인필요),② 시설 옮김
duty_assignment,ASG-002307,asset_id,BR1018-0000001,BR1992-0000904,② 시설 옮김
duty_assignment,ASG-002307,applicability,비해당,해당,② 시설 옮김
duty_assignment,ASG-002307,applicability_note,관리주체 타기관(수원국토관리사무소) — 용인시 관리 시설 아님(FMS 관리주체 · 09-24),시연 배정을 용인시 관리 시설로 옮김(원래 하고개교(상행) — 관리주체 수원국토관리사무소),② 시설 옮김
duty_assignment,ASG-002307,decided_by,G01,,② 시설 옮김
duty_assignment,ASG-002307,decided_at,2026-09-24,,② 시설 옮김
duty_assignment,ASG-002308,asset_id,BR1900-0000009,BR1993-0000845,② 시설 옮김
duty_assignment,ASG-002308,applicability,확인필요,해당,② 시설 옮김
duty_assignment,ASG-002308,applicability_note,관리주체 확인 필요(FMS 관리주체 정보 없음·추정) — 용인시 관리면 「해당」으로,시연 배정을 용인시 관리 시설로 옮김(원래 안대지천교 — 관리주체 확인필요),② 시설 옮김
duty_assignment,ASG-002310,asset_id,BR0000-0000002,BR1992-0000156,② 시설 옮김
duty_assignment,ASG-002310,applicability,확인필요,해당,② 시설 옮김
duty_assignment,ASG-002310,applicability_note,관리주체 확인 필요(FMS 관리주체 정보 없음·추정) — 용인시 관리면 「해당」으로,시연 배정을 용인시 관리 시설로 옮김(원래 꽃터교(안대지2교) — 관리주체 확인필요),② 시설 옮김
duty_assignment,ASG-002311,asset_id,BR1018-0000001,BR1992-0000904,② 시설 옮김
duty_assignment,ASG-002311,applicability,비해당,해당,② 시설 옮김
duty_assignment,ASG-002311,applicability_note,관리주체 타기관(수원국토관리사무소) — 용인시 관리 시설 아님(FMS 관리주체 · 09-24),시연 배정을 용인시 관리 시설로 옮김(원래 하고개교(상행) — 관리주체 수원국토관리사무소),② 시설 옮김
duty_assignment,ASG-002311,decided_by,G01,,② 시설 옮김
duty_assignment,ASG-002311,decided_at,2026-09-24,,② 시설 옮김
duty_assignment,ASG-002312,asset_id,BR1900-0000009,BR1993-0000845,② 시설 옮김
duty_assignment,ASG-002312,applicability,확인필요,해당,② 시설 옮김
duty_assignment,ASG-002312,applicability_note,관리주체 확인 필요(FMS 관리주체 정보 없음·추정) — 용인시 관리면 「해당」으로,시연 배정을 용인시 관리 시설로 옮김(원래 안대지천교 — 관리주체 확인필요),② 시설 옮김
duty_assignment,ASG-002315,asset_id,BR0000-0000002,BR1992-0000156,② 시설 옮김
duty_assignment,ASG-002315,applicability,확인필요,해당,② 시설 옮김
duty_assignment,ASG-002315,applicability_note,관리주체 확인 필요(FMS 관리주체 정보 없음·추정) — 용인시 관리면 「해당」으로,시연 배정을 용인시 관리 시설로 옮김(원래 꽃터교(안대지2교) — 관리주체 확인필요),② 시설 옮김
duty_assignment,ASG-002316,asset_id,BR1018-0000001,BR1992-0000904,② 시설 옮김
duty_assignment,ASG-002316,applicability,비해당,해당,② 시설 옮김
duty_assignment,ASG-002316,applicability_note,관리주체 타기관(수원국토관리사무소) — 용인시 관리 시설 아님(FMS 관리주체 · 09-24),시연 배정을 용인시 관리 시설로 옮김(원래 하고개교(상행) — 관리주체 수원국토관리사무소),② 시설 옮김
duty_assignment,ASG-002316,decided_by,G01,,② 시설 옮김
duty_assignment,ASG-002316,decided_at,2026-09-24,,② 시설 옮김
duty_assignment,ASG-002317,asset_id,BR1900-0000009,BR1993-0000845,② 시설 옮김
duty_assignment,ASG-002317,applicability,확인필요,해당,② 시설 옮김
duty_assignment,ASG-002317,applicability_note,관리주체 확인 필요(FMS 관리주체 정보 없음·추정) — 용인시 관리면 「해당」으로,시연 배정을 용인시 관리 시설로 옮김(원래 안대지천교 — 관리주체 확인필요),② 시설 옮김
duty_assignment,ASG-002319,asset_id,BR0000-0000002,BR1992-0000156,② 시설 옮김
duty_assignment,ASG-002319,applicability,확인필요,해당,② 시설 옮김
duty_assignment,ASG-002319,applicability_note,관리주체 확인 필요(FMS 관리주체 정보 없음·추정) — 용인시 관리면 「해당」으로,시연 배정을 용인시 관리 시설로 옮김(원래 꽃터교(안대지2교) — 관리주체 확인필요),② 시설 옮김
duty_assignment,ASG-002320,asset_id,BR1018-0000001,BR1992-0000904,② 시설 옮김
duty_assignment,ASG-002320,applicability,비해당,해당,② 시설 옮김
duty_assignment,ASG-002320,applicability_note,관리주체 타기관(수원국토관리사무소) — 용인시 관리 시설 아님(FMS 관리주체 · 09-24),시연 배정을 용인시 관리 시설로 옮김(원래 하고개교(상행) — 관리주체 수원국토관리사무소),② 시설 옮김
duty_assignment,ASG-002320,decided_by,G01,,② 시설 옮김
duty_assignment,ASG-002320,decided_at,2026-09-24,,② 시설 옮김
duty_assignment,ASG-002321,asset_id,BR1900-0000009,BR1993-0000845,② 시설 옮김
duty_assignment,ASG-002321,applicability,확인필요,해당,② 시설 옮김
duty_assignment,ASG-002321,applicability_note,관리주체 확인 필요(FMS 관리주체 정보 없음·추정) — 용인시 관리면 「해당」으로,시연 배정을 용인시 관리 시설로 옮김(원래 안대지천교 — 관리주체 확인필요),② 시설 옮김
duty_assignment,ASG-002323,asset_id,BR0000-0000002,BR1992-0000156,② 시설 옮김
duty_assignment,ASG-002323,applicability,확인필요,해당,② 시설 옮김
duty_assignment,ASG-002323,applicability_note,관리주체 확인 필요(FMS 관리주체 정보 없음·추정) — 용인시 관리면 「해당」으로,시연 배정을 용인시 관리 시설로 옮김(원래 꽃터교(안대지2교) — 관리주체 확인필요),② 시설 옮김
duty_assignment,ASG-002324,asset_id,BR1018-0000001,BR1992-0000904,② 시설 옮김
duty_assignment,ASG-002324,applicability,비해당,해당,② 시설 옮김
duty_assignment,ASG-002324,applicability_note,관리주체 타기관(수원국토관리사무소) — 용인시 관리 시설 아님(FMS 관리주체 · 09-24),시연 배정을 용인시 관리 시설로 옮김(원래 하고개교(상행) — 관리주체 수원국토관리사무소),② 시설 옮김
duty_assignment,ASG-002324,decided_by,G01,,② 시설 옮김
duty_assignment,ASG-002324,decided_at,2026-09-24,,② 시설 옮김
duty_assignment,ASG-002325,asset_id,BR1900-0000009,BR1993-0000845,② 시설 옮김
duty_assignment,ASG-002325,applicability,확인필요,해당,② 시설 옮김
duty_assignment,ASG-002325,applicability_note,관리주체 확인 필요(FMS 관리주체 정보 없음·추정) — 용인시 관리면 「해당」으로,시연 배정을 용인시 관리 시설로 옮김(원래 안대지천교 — 관리주체 확인필요),② 시설 옮김
duty_assignment,ASG-002327,asset_id,BR0000-0000002,BR1992-0000156,② 시설 옮김
duty_assignment,ASG-002327,applicability,확인필요,해당,② 시설 옮김
duty_assignment,ASG-002327,applicability_note,관리주체 확인 필요(FMS 관리주체 정보 없음·추정) — 용인시 관리면 「해당」으로,시연 배정을 용인시 관리 시설로 옮김(원래 꽃터교(안대지2교) — 관리주체 확인필요),② 시설 옮김
duty_assignment,ASG-002328,asset_id,BR1018-0000001,BR1992-0000904,② 시설 옮김
duty_assignment,ASG-002328,applicability,비해당,해당,② 시설 옮김
duty_assignment,ASG-002328,applicability_note,관리주체 타기관(수원국토관리사무소) — 용인시 관리 시설 아님(FMS 관리주체 · 09-24),시연 배정을 용인시 관리 시설로 옮김(원래 하고개교(상행) — 관리주체 수원국토관리사무소),② 시설 옮김
duty_assignment,ASG-002328,decided_by,G01,,② 시설 옮김
duty_assignment,ASG-002328,decided_at,2026-09-24,,② 시설 옮김
duty_assignment,ASG-002329,asset_id,BR1900-0000009,BR1993-0000845,② 시설 옮김
duty_assignment,ASG-002329,applicability,확인필요,해당,② 시설 옮김
duty_assignment,ASG-002329,applicability_note,관리주체 확인 필요(FMS 관리주체 정보 없음·추정) — 용인시 관리면 「해당」으로,시연 배정을 용인시 관리 시설로 옮김(원래 안대지천교 — 관리주체 확인필요),② 시설 옮김
duty_assignment,ASG-002331,asset_id,BR0000-0000002,BR1992-0000156,② 시설 옮김
duty_assignment,ASG-002331,applicability,확인필요,해당,② 시설 옮김
duty_assignment,ASG-002331,applicability_note,관리주체 확인 필요(FMS 관리주체 정보 없음·추정) — 용인시 관리면 「해당」으로,시연 배정을 용인시 관리 시설로 옮김(원래 꽃터교(안대지2교) — 관리주체 확인필요),② 시설 옮김
duty_assignment,ASG-002332,asset_id,BR1018-0000001,BR1992-0000904,② 시설 옮김
duty_assignment,ASG-002332,applicability,비해당,해당,② 시설 옮김
duty_assignment,ASG-002332,applicability_note,관리주체 타기관(수원국토관리사무소) — 용인시 관리 시설 아님(FMS 관리주체 · 09-24),시연 배정을 용인시 관리 시설로 옮김(원래 하고개교(상행) — 관리주체 수원국토관리사무소),② 시설 옮김
duty_assignment,ASG-002332,decided_by,G01,,② 시설 옮김
duty_assignment,ASG-002332,decided_at,2026-09-24,,② 시설 옮김
duty_assignment,ASG-002333,asset_id,BR1900-0000009,BR1993-0000845,② 시설 옮김
duty_assignment,ASG-002333,applicability,확인필요,해당,② 시설 옮김
duty_assignment,ASG-002333,applicability_note,관리주체 확인 필요(FMS 관리주체 정보 없음·추정) — 용인시 관리면 「해당」으로,시연 배정을 용인시 관리 시설로 옮김(원래 안대지천교 — 관리주체 확인필요),② 시설 옮김
duty_assignment,ASG-002335,asset_id,BR0000-0000002,BR1992-0000156,② 시설 옮김
duty_assignment,ASG-002335,applicability,확인필요,해당,② 시설 옮김
duty_assignment,ASG-002335,applicability_note,관리주체 확인 필요(FMS 관리주체 정보 없음·추정) — 용인시 관리면 「해당」으로,시연 배정을 용인시 관리 시설로 옮김(원래 꽃터교(안대지2교) — 관리주체 확인필요),② 시설 옮김
duty_assignment,ASG-002336,asset_id,BR1018-0000001,BR1992-0000904,② 시설 옮김
duty_assignment,ASG-002336,applicability,비해당,해당,② 시설 옮김
duty_assignment,ASG-002336,applicability_note,관리주체 타기관(수원국토관리사무소) — 용인시 관리 시설 아님(FMS 관리주체 · 09-24),시연 배정을 용인시 관리 시설로 옮김(원래 하고개교(상행) — 관리주체 수원국토관리사무소),② 시설 옮김
duty_assignment,ASG-002336,decided_by,G01,,② 시설 옮김
duty_assignment,ASG-002336,decided_at,2026-09-24,,② 시설 옮김
duty_assignment,ASG-002337,asset_id,BR1900-0000009,BR1993-0000845,② 시설 옮김
duty_assignment,ASG-002337,applicability,확인필요,해당,② 시설 옮김
duty_assignment,ASG-002337,applicability_note,관리주체 확인 필요(FMS 관리주체 정보 없음·추정) — 용인시 관리면 「해당」으로,시연 배정을 용인시 관리 시설로 옮김(원래 안대지천교 — 관리주체 확인필요),② 시설 옮김
duty_assignment,ASG-002339,asset_id,BR0000-0000002,BR1992-0000156,② 시설 옮김
duty_assignment,ASG-002339,applicability,확인필요,해당,② 시설 옮김
duty_assignment,ASG-002339,applicability_note,관리주체 확인 필요(FMS 관리주체 정보 없음·추정) — 용인시 관리면 「해당」으로,시연 배정을 용인시 관리 시설로 옮김(원래 꽃터교(안대지2교) — 관리주체 확인필요),② 시설 옮김
duty_assignment,ASG-002340,asset_id,BR1018-0000001,BR1992-0000904,② 시설 옮김
duty_assignment,ASG-002340,applicability,비해당,해당,② 시설 옮김
duty_assignment,ASG-002340,applicability_note,관리주체 타기관(수원국토관리사무소) — 용인시 관리 시설 아님(FMS 관리주체 · 09-24),시연 배정을 용인시 관리 시설로 옮김(원래 하고개교(상행) — 관리주체 수원국토관리사무소),② 시설 옮김
duty_assignment,ASG-002340,decided_by,G01,,② 시설 옮김
duty_assignment,ASG-002340,decided_at,2026-09-24,,② 시설 옮김
duty_assignment,ASG-002341,asset_id,BR1900-0000009,BR1993-0000845,② 시설 옮김
duty_assignment,ASG-002341,applicability,확인필요,해당,② 시설 옮김
duty_assignment,ASG-002341,applicability_note,관리주체 확인 필요(FMS 관리주체 정보 없음·추정) — 용인시 관리면 「해당」으로,시연 배정을 용인시 관리 시설로 옮김(원래 안대지천교 — 관리주체 확인필요),② 시설 옮김
duty_assignment,ASG-002343,asset_id,BR0000-0000002,BR1992-0000156,② 시설 옮김
duty_assignment,ASG-002343,applicability,확인필요,해당,② 시설 옮김
duty_assignment,ASG-002343,applicability_note,관리주체 확인 필요(FMS 관리주체 정보 없음·추정) — 용인시 관리면 「해당」으로,시연 배정을 용인시 관리 시설로 옮김(원래 꽃터교(안대지2교) — 관리주체 확인필요),② 시설 옮김
duty_assignment,ASG-002344,asset_id,BR1018-0000001,BR1992-0000904,② 시설 옮김
duty_assignment,ASG-002344,applicability,비해당,해당,② 시설 옮김
duty_assignment,ASG-002344,applicability_note,관리주체 타기관(수원국토관리사무소) — 용인시 관리 시설 아님(FMS 관리주체 · 09-24),시연 배정을 용인시 관리 시설로 옮김(원래 하고개교(상행) — 관리주체 수원국토관리사무소),② 시설 옮김
duty_assignment,ASG-002344,decided_by,G01,,② 시설 옮김
duty_assignment,ASG-002344,decided_at,2026-09-24,,② 시설 옮김
duty_assignment,ASG-002345,asset_id,BR1900-0000009,BR1993-0000845,② 시설 옮김
duty_assignment,ASG-002345,applicability,확인필요,해당,② 시설 옮김
duty_assignment,ASG-002345,applicability_note,관리주체 확인 필요(FMS 관리주체 정보 없음·추정) — 용인시 관리면 「해당」으로,시연 배정을 용인시 관리 시설로 옮김(원래 안대지천교 — 관리주체 확인필요),② 시설 옮김
duty_assignment,ASG-002347,asset_id,BR0000-0000002,BR1992-0000156,② 시설 옮김
duty_assignment,ASG-002347,applicability,확인필요,해당,② 시설 옮김
duty_assignment,ASG-002347,applicability_note,관리주체 확인 필요(FMS 관리주체 정보 없음·추정) — 용인시 관리면 「해당」으로,시연 배정을 용인시 관리 시설로 옮김(원래 꽃터교(안대지2교) — 관리주체 확인필요),② 시설 옮김
duty_assignment,ASG-002348,asset_id,BR1018-0000001,BR1992-0000904,② 시설 옮김
duty_assignment,ASG-002348,applicability,비해당,해당,② 시설 옮김
duty_assignment,ASG-002348,applicability_note,관리주체 타기관(수원국토관리사무소) — 용인시 관리 시설 아님(FMS 관리주체 · 09-24),시연 배정을 용인시 관리 시설로 옮김(원래 하고개교(상행) — 관리주체 수원국토관리사무소),② 시설 옮김
duty_assignment,ASG-002348,decided_by,G01,,② 시설 옮김
duty_assignment,ASG-002348,decided_at,2026-09-24,,② 시설 옮김
duty_assignment,ASG-002349,asset_id,BR1900-0000009,BR1993-0000845,② 시설 옮김
duty_assignment,ASG-002349,applicability,확인필요,해당,② 시설 옮김
duty_assignment,ASG-002349,applicability_note,관리주체 확인 필요(FMS 관리주체 정보 없음·추정) — 용인시 관리면 「해당」으로,시연 배정을 용인시 관리 시설로 옮김(원래 안대지천교 — 관리주체 확인필요),② 시설 옮김
duty_assignment,ASG-002351,asset_id,BR0000-0000002,BR1992-0000156,② 시설 옮김
duty_assignment,ASG-002351,applicability,확인필요,해당,② 시설 옮김
duty_assignment,ASG-002351,applicability_note,관리주체 확인 필요(FMS 관리주체 정보 없음·추정) — 용인시 관리면 「해당」으로,시연 배정을 용인시 관리 시설로 옮김(원래 꽃터교(안대지2교) — 관리주체 확인필요),② 시설 옮김
duty_assignment,ASG-002352,asset_id,BR1018-0000001,BR1992-0000904,② 시설 옮김
duty_assignment,ASG-002352,applicability,비해당,해당,② 시설 옮김
duty_assignment,ASG-002352,applicability_note,관리주체 타기관(수원국토관리사무소) — 용인시 관리 시설 아님(FMS 관리주체 · 09-24),시연 배정을 용인시 관리 시설로 옮김(원래 하고개교(상행) — 관리주체 수원국토관리사무소),② 시설 옮김
duty_assignment,ASG-002352,decided_by,G01,,② 시설 옮김
duty_assignment,ASG-002352,decided_at,2026-09-24,,② 시설 옮김
duty_assignment,ASG-002353,asset_id,BR1900-0000009,BR1993-0000845,② 시설 옮김
duty_assignment,ASG-002353,applicability,확인필요,해당,② 시설 옮김
duty_assignment,ASG-002353,applicability_note,관리주체 확인 필요(FMS 관리주체 정보 없음·추정) — 용인시 관리면 「해당」으로,시연 배정을 용인시 관리 시설로 옮김(원래 안대지천교 — 관리주체 확인필요),② 시설 옮김
duty_assignment,ASG-002355,asset_id,BR0000-0000002,BR1992-0000156,② 시설 옮김
duty_assignment,ASG-002355,applicability,확인필요,해당,② 시설 옮김
duty_assignment,ASG-002355,applicability_note,관리주체 확인 필요(FMS 관리주체 정보 없음·추정) — 용인시 관리면 「해당」으로,시연 배정을 용인시 관리 시설로 옮김(원래 꽃터교(안대지2교) — 관리주체 확인필요),② 시설 옮김
duty_assignment,ASG-002356,asset_id,BR1018-0000001,BR1992-0000904,② 시설 옮김
duty_assignment,ASG-002356,applicability,비해당,해당,② 시설 옮김
duty_assignment,ASG-002356,applicability_note,관리주체 타기관(수원국토관리사무소) — 용인시 관리 시설 아님(FMS 관리주체 · 09-24),시연 배정을 용인시 관리 시설로 옮김(원래 하고개교(상행) — 관리주체 수원국토관리사무소),② 시설 옮김
duty_assignment,ASG-002356,decided_by,G01,,② 시설 옮김
duty_assignment,ASG-002356,decided_at,2026-09-24,,② 시설 옮김
duty_assignment,ASG-002357,asset_id,BR1900-0000009,BR1993-0000845,② 시설 옮김
duty_assignment,ASG-002357,applicability,확인필요,해당,② 시설 옮김
duty_assignment,ASG-002357,applicability_note,관리주체 확인 필요(FMS 관리주체 정보 없음·추정) — 용인시 관리면 「해당」으로,시연 배정을 용인시 관리 시설로 옮김(원래 안대지천교 — 관리주체 확인필요),② 시설 옮김
duty_assignment,ASG-002359,asset_id,BR0000-0000002,BR1992-0000156,② 시설 옮김
duty_assignment,ASG-002359,applicability,확인필요,해당,② 시설 옮김
duty_assignment,ASG-002359,applicability_note,관리주체 확인 필요(FMS 관리주체 정보 없음·추정) — 용인시 관리면 「해당」으로,시연 배정을 용인시 관리 시설로 옮김(원래 꽃터교(안대지2교) — 관리주체 확인필요),② 시설 옮김
duty_assignment,ASG-002360,asset_id,BR1018-0000001,BR1992-0000904,② 시설 옮김
duty_assignment,ASG-002360,applicability,비해당,해당,② 시설 옮김
duty_assignment,ASG-002360,applicability_note,관리주체 타기관(수원국토관리사무소) — 용인시 관리 시설 아님(FMS 관리주체 · 09-24),시연 배정을 용인시 관리 시설로 옮김(원래 하고개교(상행) — 관리주체 수원국토관리사무소),② 시설 옮김
duty_assignment,ASG-002360,decided_by,G01,,② 시설 옮김
duty_assignment,ASG-002360,decided_at,2026-09-24,,② 시설 옮김
duty_assignment,ASG-002361,asset_id,BR1900-0000009,BR1993-0000845,② 시설 옮김
duty_assignment,ASG-002361,applicability,확인필요,해당,② 시설 옮김
duty_assignment,ASG-002361,applicability_note,관리주체 확인 필요(FMS 관리주체 정보 없음·추정) — 용인시 관리면 「해당」으로,시연 배정을 용인시 관리 시설로 옮김(원래 안대지천교 — 관리주체 확인필요),② 시설 옮김
duty_assignment,ASG-002363,asset_id,BR0000-0000002,BR1992-0000156,② 시설 옮김
duty_assignment,ASG-002363,applicability,확인필요,해당,② 시설 옮김
duty_assignment,ASG-002363,applicability_note,관리주체 확인 필요(FMS 관리주체 정보 없음·추정) — 용인시 관리면 「해당」으로,시연 배정을 용인시 관리 시설로 옮김(원래 꽃터교(안대지2교) — 관리주체 확인필요),② 시설 옮김
duty_assignment,ASG-002364,asset_id,BR1018-0000001,BR1992-0000904,② 시설 옮김
duty_assignment,ASG-002364,applicability,비해당,해당,② 시설 옮김
duty_assignment,ASG-002364,applicability_note,관리주체 타기관(수원국토관리사무소) — 용인시 관리 시설 아님(FMS 관리주체 · 09-24),시연 배정을 용인시 관리 시설로 옮김(원래 하고개교(상행) — 관리주체 수원국토관리사무소),② 시설 옮김
duty_assignment,ASG-002364,decided_by,G01,,② 시설 옮김
duty_assignment,ASG-002364,decided_at,2026-09-24,,② 시설 옮김
duty_assignment,ASG-002365,asset_id,BR1900-0000009,BR1993-0000845,② 시설 옮김
duty_assignment,ASG-002365,applicability,확인필요,해당,② 시설 옮김
duty_assignment,ASG-002365,applicability_note,관리주체 확인 필요(FMS 관리주체 정보 없음·추정) — 용인시 관리면 「해당」으로,시연 배정을 용인시 관리 시설로 옮김(원래 안대지천교 — 관리주체 확인필요),② 시설 옮김
duty_assignment,ASG-002367,asset_id,BR0000-0000002,BR1992-0000156,② 시설 옮김
duty_assignment,ASG-002367,applicability,확인필요,해당,② 시설 옮김
duty_assignment,ASG-002367,applicability_note,관리주체 확인 필요(FMS 관리주체 정보 없음·추정) — 용인시 관리면 「해당」으로,시연 배정을 용인시 관리 시설로 옮김(원래 꽃터교(안대지2교) — 관리주체 확인필요),② 시설 옮김
duty_assignment,ASG-002368,asset_id,BR1018-0000001,BR1992-0000904,② 시설 옮김
duty_assignment,ASG-002368,applicability,비해당,해당,② 시설 옮김
duty_assignment,ASG-002368,applicability_note,관리주체 타기관(수원국토관리사무소) — 용인시 관리 시설 아님(FMS 관리주체 · 09-24),시연 배정을 용인시 관리 시설로 옮김(원래 하고개교(상행) — 관리주체 수원국토관리사무소),② 시설 옮김
duty_assignment,ASG-002368,decided_by,G01,,② 시설 옮김
duty_assignment,ASG-002368,decided_at,2026-09-24,,② 시설 옮김
duty_assignment,ASG-002369,asset_id,BR1900-0000009,BR1993-0000845,② 시설 옮김
duty_assignment,ASG-002369,applicability,확인필요,해당,② 시설 옮김
duty_assignment,ASG-002369,applicability_note,관리주체 확인 필요(FMS 관리주체 정보 없음·추정) — 용인시 관리면 「해당」으로,시연 배정을 용인시 관리 시설로 옮김(원래 안대지천교 — 관리주체 확인필요),② 시설 옮김
duty_assignment,ASG-002371,asset_id,BR0000-0000002,BR1992-0000156,② 시설 옮김
duty_assignment,ASG-002371,applicability,확인필요,해당,② 시설 옮김
duty_assignment,ASG-002371,applicability_note,관리주체 확인 필요(FMS 관리주체 정보 없음·추정) — 용인시 관리면 「해당」으로,시연 배정을 용인시 관리 시설로 옮김(원래 꽃터교(안대지2교) — 관리주체 확인필요),② 시설 옮김
duty_assignment,ASG-002372,asset_id,BR1018-0000001,BR1992-0000904,② 시설 옮김
duty_assignment,ASG-002372,applicability,비해당,해당,② 시설 옮김
duty_assignment,ASG-002372,applicability_note,관리주체 타기관(수원국토관리사무소) — 용인시 관리 시설 아님(FMS 관리주체 · 09-24),시연 배정을 용인시 관리 시설로 옮김(원래 하고개교(상행) — 관리주체 수원국토관리사무소),② 시설 옮김
duty_assignment,ASG-002372,decided_by,G01,,② 시설 옮김
duty_assignment,ASG-002372,decided_at,2026-09-24,,② 시설 옮김
duty_assignment,ASG-002373,asset_id,BR1900-0000009,BR1993-0000845,② 시설 옮김
duty_assignment,ASG-002373,applicability,확인필요,해당,② 시설 옮김
duty_assignment,ASG-002373,applicability_note,관리주체 확인 필요(FMS 관리주체 정보 없음·추정) — 용인시 관리면 「해당」으로,시연 배정을 용인시 관리 시설로 옮김(원래 안대지천교 — 관리주체 확인필요),② 시설 옮김
duty_assignment,ASG-002375,asset_id,BR0000-0000002,BR1992-0000156,② 시설 옮김
duty_assignment,ASG-002375,applicability,확인필요,해당,② 시설 옮김
duty_assignment,ASG-002375,applicability_note,관리주체 확인 필요(FMS 관리주체 정보 없음·추정) — 용인시 관리면 「해당」으로,시연 배정을 용인시 관리 시설로 옮김(원래 꽃터교(안대지2교) — 관리주체 확인필요),② 시설 옮김
duty_assignment,ASG-002376,asset_id,BR1018-0000001,BR1992-0000904,② 시설 옮김
duty_assignment,ASG-002376,applicability,비해당,해당,② 시설 옮김
duty_assignment,ASG-002376,applicability_note,관리주체 타기관(수원국토관리사무소) — 용인시 관리 시설 아님(FMS 관리주체 · 09-24),시연 배정을 용인시 관리 시설로 옮김(원래 하고개교(상행) — 관리주체 수원국토관리사무소),② 시설 옮김
duty_assignment,ASG-002376,decided_by,G01,,② 시설 옮김
duty_assignment,ASG-002376,decided_at,2026-09-24,,② 시설 옮김
duty_assignment,ASG-002377,asset_id,BR1900-0000009,BR1993-0000845,② 시설 옮김
duty_assignment,ASG-002377,applicability,확인필요,해당,② 시설 옮김
duty_assignment,ASG-002377,applicability_note,관리주체 확인 필요(FMS 관리주체 정보 없음·추정) — 용인시 관리면 「해당」으로,시연 배정을 용인시 관리 시설로 옮김(원래 안대지천교 — 관리주체 확인필요),② 시설 옮김
duty_assignment,ASG-002379,asset_id,BR0000-0000002,BR1992-0000156,② 시설 옮김
duty_assignment,ASG-002379,applicability,확인필요,해당,② 시설 옮김
duty_assignment,ASG-002379,applicability_note,관리주체 확인 필요(FMS 관리주체 정보 없음·추정) — 용인시 관리면 「해당」으로,시연 배정을 용인시 관리 시설로 옮김(원래 꽃터교(안대지2교) — 관리주체 확인필요),② 시설 옮김
duty_assignment,ASG-002380,asset_id,BR1018-0000001,BR1992-0000904,② 시설 옮김
duty_assignment,ASG-002380,applicability,비해당,해당,② 시설 옮김
duty_assignment,ASG-002380,applicability_note,관리주체 타기관(수원국토관리사무소) — 용인시 관리 시설 아님(FMS 관리주체 · 09-24),시연 배정을 용인시 관리 시설로 옮김(원래 하고개교(상행) — 관리주체 수원국토관리사무소),② 시설 옮김
duty_assignment,ASG-002380,decided_by,G01,,② 시설 옮김
duty_assignment,ASG-002380,decided_at,2026-09-24,,② 시설 옮김
duty_assignment,ASG-002381,asset_id,BR1900-0000009,BR1993-0000845,② 시설 옮김
duty_assignment,ASG-002381,applicability,확인필요,해당,② 시설 옮김
duty_assignment,ASG-002381,applicability_note,관리주체 확인 필요(FMS 관리주체 정보 없음·추정) — 용인시 관리면 「해당」으로,시연 배정을 용인시 관리 시설로 옮김(원래 안대지천교 — 관리주체 확인필요),② 시설 옮김
duty_assignment,ASG-002383,asset_id,BR0000-0000002,BR1992-0000156,② 시설 옮김
duty_assignment,ASG-002383,applicability,확인필요,해당,② 시설 옮김
duty_assignment,ASG-002383,applicability_note,관리주체 확인 필요(FMS 관리주체 정보 없음·추정) — 용인시 관리면 「해당」으로,시연 배정을 용인시 관리 시설로 옮김(원래 꽃터교(안대지2교) — 관리주체 확인필요),② 시설 옮김
duty_assignment,ASG-002384,asset_id,BR1018-0000001,BR1992-0000904,② 시설 옮김
duty_assignment,ASG-002384,applicability,비해당,해당,② 시설 옮김
duty_assignment,ASG-002384,applicability_note,관리주체 타기관(수원국토관리사무소) — 용인시 관리 시설 아님(FMS 관리주체 · 09-24),시연 배정을 용인시 관리 시설로 옮김(원래 하고개교(상행) — 관리주체 수원국토관리사무소),② 시설 옮김
duty_assignment,ASG-002384,decided_by,G01,,② 시설 옮김
duty_assignment,ASG-002384,decided_at,2026-09-24,,② 시설 옮김
duty_assignment,ASG-002385,asset_id,BR1900-0000009,BR1993-0000845,② 시설 옮김
duty_assignment,ASG-002385,applicability,확인필요,해당,② 시설 옮김
duty_assignment,ASG-002385,applicability_note,관리주체 확인 필요(FMS 관리주체 정보 없음·추정) — 용인시 관리면 「해당」으로,시연 배정을 용인시 관리 시설로 옮김(원래 안대지천교 — 관리주체 확인필요),② 시설 옮김
duty_assignment,ASG-002387,asset_id,BR0000-0000002,BR1992-0000156,② 시설 옮김
duty_assignment,ASG-002387,applicability,확인필요,해당,② 시설 옮김
duty_assignment,ASG-002387,applicability_note,관리주체 확인 필요(FMS 관리주체 정보 없음·추정) — 용인시 관리면 「해당」으로,시연 배정을 용인시 관리 시설로 옮김(원래 꽃터교(안대지2교) — 관리주체 확인필요),② 시설 옮김
duty_assignment,ASG-002388,asset_id,BR1018-0000001,BR1992-0000904,② 시설 옮김
duty_assignment,ASG-002388,applicability,비해당,해당,② 시설 옮김
duty_assignment,ASG-002388,applicability_note,관리주체 타기관(수원국토관리사무소) — 용인시 관리 시설 아님(FMS 관리주체 · 09-24),시연 배정을 용인시 관리 시설로 옮김(원래 하고개교(상행) — 관리주체 수원국토관리사무소),② 시설 옮김
duty_assignment,ASG-002388,decided_by,G01,,② 시설 옮김
duty_assignment,ASG-002388,decided_at,2026-09-24,,② 시설 옮김
duty_assignment,ASG-002389,asset_id,BR1900-0000009,BR1993-0000845,② 시설 옮김
duty_assignment,ASG-002389,applicability,확인필요,해당,② 시설 옮김
duty_assignment,ASG-002389,applicability_note,관리주체 확인 필요(FMS 관리주체 정보 없음·추정) — 용인시 관리면 「해당」으로,시연 배정을 용인시 관리 시설로 옮김(원래 안대지천교 — 관리주체 확인필요),② 시설 옮김
duty_assignment,ASG-002391,asset_id,BR0000-0000002,BR1992-0000156,② 시설 옮김
duty_assignment,ASG-002391,applicability,확인필요,해당,② 시설 옮김
duty_assignment,ASG-002391,applicability_note,관리주체 확인 필요(FMS 관리주체 정보 없음·추정) — 용인시 관리면 「해당」으로,시연 배정을 용인시 관리 시설로 옮김(원래 꽃터교(안대지2교) — 관리주체 확인필요),② 시설 옮김
duty_assignment,ASG-002392,asset_id,BR1018-0000001,BR1992-0000904,② 시설 옮김
duty_assignment,ASG-002392,applicability,비해당,해당,② 시설 옮김
duty_assignment,ASG-002392,applicability_note,관리주체 타기관(수원국토관리사무소) — 용인시 관리 시설 아님(FMS 관리주체 · 09-24),시연 배정을 용인시 관리 시설로 옮김(원래 하고개교(상행) — 관리주체 수원국토관리사무소),② 시설 옮김
duty_assignment,ASG-002392,decided_by,G01,,② 시설 옮김
duty_assignment,ASG-002392,decided_at,2026-09-24,,② 시설 옮김
duty_assignment,ASG-002393,asset_id,BR1900-0000009,BR1993-0000845,② 시설 옮김
duty_assignment,ASG-002393,applicability,확인필요,해당,② 시설 옮김
duty_assignment,ASG-002393,applicability_note,관리주체 확인 필요(FMS 관리주체 정보 없음·추정) — 용인시 관리면 「해당」으로,시연 배정을 용인시 관리 시설로 옮김(원래 안대지천교 — 관리주체 확인필요),② 시설 옮김
duty_assignment,ASG-002395,asset_id,BR0000-0000002,BR1992-0000156,② 시설 옮김
duty_assignment,ASG-002395,applicability,확인필요,해당,② 시설 옮김
duty_assignment,ASG-002395,applicability_note,관리주체 확인 필요(FMS 관리주체 정보 없음·추정) — 용인시 관리면 「해당」으로,시연 배정을 용인시 관리 시설로 옮김(원래 꽃터교(안대지2교) — 관리주체 확인필요),② 시설 옮김
duty_assignment,ASG-002396,asset_id,BR1018-0000001,BR1992-0000904,② 시설 옮김
duty_assignment,ASG-002396,applicability,비해당,해당,② 시설 옮김
duty_assignment,ASG-002396,applicability_note,관리주체 타기관(수원국토관리사무소) — 용인시 관리 시설 아님(FMS 관리주체 · 09-24),시연 배정을 용인시 관리 시설로 옮김(원래 하고개교(상행) — 관리주체 수원국토관리사무소),② 시설 옮김
duty_assignment,ASG-002396,decided_by,G01,,② 시설 옮김
duty_assignment,ASG-002396,decided_at,2026-09-24,,② 시설 옮김
duty_assignment,ASG-002397,asset_id,BR1900-0000009,BR1993-0000845,② 시설 옮김
duty_assignment,ASG-002397,applicability,확인필요,해당,② 시설 옮김
duty_assignment,ASG-002397,applicability_note,관리주체 확인 필요(FMS 관리주체 정보 없음·추정) — 용인시 관리면 「해당」으로,시연 배정을 용인시 관리 시설로 옮김(원래 안대지천교 — 관리주체 확인필요),② 시설 옮김
duty_assignment,ASG-002399,asset_id,BR0000-0000002,BR1992-0000156,② 시설 옮김
duty_assignment,ASG-002399,applicability,확인필요,해당,② 시설 옮김
duty_assignment,ASG-002399,applicability_note,관리주체 확인 필요(FMS 관리주체 정보 없음·추정) — 용인시 관리면 「해당」으로,시연 배정을 용인시 관리 시설로 옮김(원래 꽃터교(안대지2교) — 관리주체 확인필요),② 시설 옮김
duty_assignment,ASG-002400,asset_id,BR1018-0000001,BR1992-0000904,② 시설 옮김
duty_assignment,ASG-002400,applicability,비해당,해당,② 시설 옮김
duty_assignment,ASG-002400,applicability_note,관리주체 타기관(수원국토관리사무소) — 용인시 관리 시설 아님(FMS 관리주체 · 09-24),시연 배정을 용인시 관리 시설로 옮김(원래 하고개교(상행) — 관리주체 수원국토관리사무소),② 시설 옮김
duty_assignment,ASG-002400,decided_by,G01,,② 시설 옮김
duty_assignment,ASG-002400,decided_at,2026-09-24,,② 시설 옮김
duty_assignment,ASG-002401,asset_id,BR1900-0000009,BR1993-0000845,② 시설 옮김
duty_assignment,ASG-002401,applicability,확인필요,해당,② 시설 옮김
duty_assignment,ASG-002401,applicability_note,관리주체 확인 필요(FMS 관리주체 정보 없음·추정) — 용인시 관리면 「해당」으로,시연 배정을 용인시 관리 시설로 옮김(원래 안대지천교 — 관리주체 확인필요),② 시설 옮김
duty_assignment,ASG-002403,asset_id,BR0000-0000002,BR1992-0000156,② 시설 옮김
duty_assignment,ASG-002403,applicability,확인필요,해당,② 시설 옮김
duty_assignment,ASG-002403,applicability_note,관리주체 확인 필요(FMS 관리주체 정보 없음·추정) — 용인시 관리면 「해당」으로,시연 배정을 용인시 관리 시설로 옮김(원래 꽃터교(안대지2교) — 관리주체 확인필요),② 시설 옮김
duty_assignment,ASG-002404,asset_id,BR1018-0000001,BR1992-0000904,② 시설 옮김
duty_assignment,ASG-002404,applicability,비해당,해당,② 시설 옮김
duty_assignment,ASG-002404,applicability_note,관리주체 타기관(수원국토관리사무소) — 용인시 관리 시설 아님(FMS 관리주체 · 09-24),시연 배정을 용인시 관리 시설로 옮김(원래 하고개교(상행) — 관리주체 수원국토관리사무소),② 시설 옮김
duty_assignment,ASG-002404,decided_by,G01,,② 시설 옮김
duty_assignment,ASG-002404,decided_at,2026-09-24,,② 시설 옮김
duty_assignment,ASG-002405,asset_id,BR1900-0000009,BR1993-0000845,② 시설 옮김
duty_assignment,ASG-002405,applicability,확인필요,해당,② 시설 옮김
duty_assignment,ASG-002405,applicability_note,관리주체 확인 필요(FMS 관리주체 정보 없음·추정) — 용인시 관리면 「해당」으로,시연 배정을 용인시 관리 시설로 옮김(원래 안대지천교 — 관리주체 확인필요),② 시설 옮김
duty_assignment,ASG-002407,asset_id,BR0000-0000002,BR1992-0000156,② 시설 옮김
duty_assignment,ASG-002407,applicability,확인필요,해당,② 시설 옮김
duty_assignment,ASG-002407,applicability_note,관리주체 확인 필요(FMS 관리주체 정보 없음·추정) — 용인시 관리면 「해당」으로,시연 배정을 용인시 관리 시설로 옮김(원래 꽃터교(안대지2교) — 관리주체 확인필요),② 시설 옮김
duty_assignment,ASG-002408,asset_id,BR1018-0000001,BR1992-0000904,② 시설 옮김
duty_assignment,ASG-002408,applicability,비해당,해당,② 시설 옮김
duty_assignment,ASG-002408,applicability_note,관리주체 타기관(수원국토관리사무소) — 용인시 관리 시설 아님(FMS 관리주체 · 09-24),시연 배정을 용인시 관리 시설로 옮김(원래 하고개교(상행) — 관리주체 수원국토관리사무소),② 시설 옮김
duty_assignment,ASG-002408,decided_by,G01,,② 시설 옮김
duty_assignment,ASG-002408,decided_at,2026-09-24,,② 시설 옮김
duty_assignment,ASG-002409,asset_id,BR1900-0000009,BR1993-0000845,② 시설 옮김
duty_assignment,ASG-002409,applicability,확인필요,해당,② 시설 옮김
duty_assignment,ASG-002409,applicability_note,관리주체 확인 필요(FMS 관리주체 정보 없음·추정) — 용인시 관리면 「해당」으로,시연 배정을 용인시 관리 시설로 옮김(원래 안대지천교 — 관리주체 확인필요),② 시설 옮김
duty_assignment,ASG-002411,asset_id,BR0000-0000002,BR1992-0000156,② 시설 옮김
duty_assignment,ASG-002411,applicability,확인필요,해당,② 시설 옮김
duty_assignment,ASG-002411,applicability_note,관리주체 확인 필요(FMS 관리주체 정보 없음·추정) — 용인시 관리면 「해당」으로,시연 배정을 용인시 관리 시설로 옮김(원래 꽃터교(안대지2교) — 관리주체 확인필요),② 시설 옮김
duty_assignment,ASG-002412,asset_id,BR1018-0000001,BR1992-0000904,② 시설 옮김
duty_assignment,ASG-002412,applicability,비해당,해당,② 시설 옮김
duty_assignment,ASG-002412,applicability_note,관리주체 타기관(수원국토관리사무소) — 용인시 관리 시설 아님(FMS 관리주체 · 09-24),시연 배정을 용인시 관리 시설로 옮김(원래 하고개교(상행) — 관리주체 수원국토관리사무소),② 시설 옮김
duty_assignment,ASG-002412,decided_by,G01,,② 시설 옮김
duty_assignment,ASG-002412,decided_at,2026-09-24,,② 시설 옮김
duty_assignment,ASG-002413,asset_id,BR1900-0000009,BR1993-0000845,② 시설 옮김
duty_assignment,ASG-002413,applicability,확인필요,해당,② 시설 옮김
duty_assignment,ASG-002413,applicability_note,관리주체 확인 필요(FMS 관리주체 정보 없음·추정) — 용인시 관리면 「해당」으로,시연 배정을 용인시 관리 시설로 옮김(원래 안대지천교 — 관리주체 확인필요),② 시설 옮김
duty_assignment,ASG-002415,asset_id,BR0000-0000002,BR1992-0000156,② 시설 옮김
duty_assignment,ASG-002415,applicability,확인필요,해당,② 시설 옮김
duty_assignment,ASG-002415,applicability_note,관리주체 확인 필요(FMS 관리주체 정보 없음·추정) — 용인시 관리면 「해당」으로,시연 배정을 용인시 관리 시설로 옮김(원래 꽃터교(안대지2교) — 관리주체 확인필요),② 시설 옮김
duty_assignment,ASG-002416,asset_id,BR1018-0000001,BR1992-0000904,② 시설 옮김
duty_assignment,ASG-002416,applicability,비해당,해당,② 시설 옮김
duty_assignment,ASG-002416,applicability_note,관리주체 타기관(수원국토관리사무소) — 용인시 관리 시설 아님(FMS 관리주체 · 09-24),시연 배정을 용인시 관리 시설로 옮김(원래 하고개교(상행) — 관리주체 수원국토관리사무소),② 시설 옮김
duty_assignment,ASG-002416,decided_by,G01,,② 시설 옮김
duty_assignment,ASG-002416,decided_at,2026-09-24,,② 시설 옮김
duty_assignment,ASG-002417,asset_id,BR1900-0000009,BR1993-0000845,② 시설 옮김
duty_assignment,ASG-002417,applicability,확인필요,해당,② 시설 옮김
duty_assignment,ASG-002417,applicability_note,관리주체 확인 필요(FMS 관리주체 정보 없음·추정) — 용인시 관리면 「해당」으로,시연 배정을 용인시 관리 시설로 옮김(원래 안대지천교 — 관리주체 확인필요),② 시설 옮김
duty_assignment,ASG-002419,asset_id,BR0000-0000002,BR1992-0000156,② 시설 옮김
duty_assignment,ASG-002419,applicability,확인필요,해당,② 시설 옮김
duty_assignment,ASG-002419,applicability_note,관리주체 확인 필요(FMS 관리주체 정보 없음·추정) — 용인시 관리면 「해당」으로,시연 배정을 용인시 관리 시설로 옮김(원래 꽃터교(안대지2교) — 관리주체 확인필요),② 시설 옮김
duty_assignment,ASG-002420,asset_id,BR1018-0000001,BR1992-0000904,② 시설 옮김
duty_assignment,ASG-002420,applicability,비해당,해당,② 시설 옮김
duty_assignment,ASG-002420,applicability_note,관리주체 타기관(수원국토관리사무소) — 용인시 관리 시설 아님(FMS 관리주체 · 09-24),시연 배정을 용인시 관리 시설로 옮김(원래 하고개교(상행) — 관리주체 수원국토관리사무소),② 시설 옮김
duty_assignment,ASG-002420,decided_by,G01,,② 시설 옮김
duty_assignment,ASG-002420,decided_at,2026-09-24,,② 시설 옮김
duty_assignment,ASG-002421,asset_id,BR1900-0000009,BR1993-0000845,② 시설 옮김
duty_assignment,ASG-002421,applicability,확인필요,해당,② 시설 옮김
duty_assignment,ASG-002421,applicability_note,관리주체 확인 필요(FMS 관리주체 정보 없음·추정) — 용인시 관리면 「해당」으로,시연 배정을 용인시 관리 시설로 옮김(원래 안대지천교 — 관리주체 확인필요),② 시설 옮김
duty_assignment,ASG-002423,asset_id,BR0000-0000002,BR1992-0000156,② 시설 옮김
duty_assignment,ASG-002423,applicability,확인필요,해당,② 시설 옮김
duty_assignment,ASG-002423,applicability_note,관리주체 확인 필요(FMS 관리주체 정보 없음·추정) — 용인시 관리면 「해당」으로,시연 배정을 용인시 관리 시설로 옮김(원래 꽃터교(안대지2교) — 관리주체 확인필요),② 시설 옮김
duty_assignment,ASG-002424,asset_id,BR1018-0000001,BR1992-0000904,② 시설 옮김
duty_assignment,ASG-002424,applicability,비해당,해당,② 시설 옮김
duty_assignment,ASG-002424,applicability_note,관리주체 타기관(수원국토관리사무소) — 용인시 관리 시설 아님(FMS 관리주체 · 09-24),시연 배정을 용인시 관리 시설로 옮김(원래 하고개교(상행) — 관리주체 수원국토관리사무소),② 시설 옮김
duty_assignment,ASG-002424,decided_by,G01,,② 시설 옮김
duty_assignment,ASG-002424,decided_at,2026-09-24,,② 시설 옮김
duty_assignment,ASG-002425,asset_id,BR1900-0000009,BR1993-0000845,② 시설 옮김
duty_assignment,ASG-002425,applicability,확인필요,해당,② 시설 옮김
duty_assignment,ASG-002425,applicability_note,관리주체 확인 필요(FMS 관리주체 정보 없음·추정) — 용인시 관리면 「해당」으로,시연 배정을 용인시 관리 시설로 옮김(원래 안대지천교 — 관리주체 확인필요),② 시설 옮김
duty_assignment,ASG-002427,applicability,확인필요,해당,① 관리주체 확정 — 되돌림
duty_assignment,ASG-002427,applicability_note,관리주체 확인 필요(FMS 관리주체 정보 없음·추정) — 용인시 관리면 「해당」으로,,① 관리주체 확정 — 되돌림
duty_assignment,ASG-002428,applicability,확인필요,해당,① 관리주체 확정 — 되돌림
duty_assignment,ASG-002428,applicability_note,관리주체 확인 필요(FMS 관리주체 정보 없음·추정) — 용인시 관리면 「해당」으로,,① 관리주체 확정 — 되돌림
duty_assignment,ASG-002429,applicability,확인필요,해당,① 관리주체 확정 — 되돌림
duty_assignment,ASG-002429,applicability_note,관리주체 확인 필요(FMS 관리주체 정보 없음·추정) — 용인시 관리면 「해당」으로,,① 관리주체 확정 — 되돌림
duty_assignment,ASG-002432,asset_id,BR0000-0000002,BR1992-0000156,② 시설 옮김
duty_assignment,ASG-002432,applicability,확인필요,해당,② 시설 옮김
duty_assignment,ASG-002432,applicability_note,관리주체 확인 필요(FMS 관리주체 정보 없음·추정) — 용인시 관리면 「해당」으로,시연 배정을 용인시 관리 시설로 옮김(원래 꽃터교(안대지2교) — 관리주체 확인필요),② 시설 옮김
duty_assignment,ASG-002433,asset_id,BR1018-0000001,BR1992-0000904,② 시설 옮김
duty_assignment,ASG-002433,applicability,비해당,해당,② 시설 옮김
duty_assignment,ASG-002433,applicability_note,관리주체 타기관(수원국토관리사무소) — 용인시 관리 시설 아님(FMS 관리주체 · 09-24),시연 배정을 용인시 관리 시설로 옮김(원래 하고개교(상행) — 관리주체 수원국토관리사무소),② 시설 옮김
duty_assignment,ASG-002433,decided_by,G01,,② 시설 옮김
duty_assignment,ASG-002433,decided_at,2026-09-24,,② 시설 옮김
duty_assignment,ASG-002434,asset_id,BR1900-0000009,BR1993-0000845,② 시설 옮김
duty_assignment,ASG-002434,applicability,확인필요,해당,② 시설 옮김
duty_assignment,ASG-002434,applicability_note,관리주체 확인 필요(FMS 관리주체 정보 없음·추정) — 용인시 관리면 「해당」으로,시연 배정을 용인시 관리 시설로 옮김(원래 안대지천교 — 관리주체 확인필요),② 시설 옮김
duty_assignment,ASG-002436,asset_id,BR0000-0000002,BR1992-0000156,② 시설 옮김
duty_assignment,ASG-002436,applicability,확인필요,해당,② 시설 옮김
duty_assignment,ASG-002436,applicability_note,관리주체 확인 필요(FMS 관리주체 정보 없음·추정) — 용인시 관리면 「해당」으로,시연 배정을 용인시 관리 시설로 옮김(원래 꽃터교(안대지2교) — 관리주체 확인필요),② 시설 옮김
duty_assignment,ASG-002437,asset_id,BR1018-0000001,BR1992-0000904,② 시설 옮김
duty_assignment,ASG-002437,applicability,비해당,해당,② 시설 옮김
duty_assignment,ASG-002437,applicability_note,관리주체 타기관(수원국토관리사무소) — 용인시 관리 시설 아님(FMS 관리주체 · 09-24),시연 배정을 용인시 관리 시설로 옮김(원래 하고개교(상행) — 관리주체 수원국토관리사무소),② 시설 옮김
duty_assignment,ASG-002437,decided_by,G01,,② 시설 옮김
duty_assignment,ASG-002437,decided_at,2026-09-24,,② 시설 옮김
duty_assignment,ASG-002438,asset_id,BR1900-0000009,BR1993-0000845,② 시설 옮김
duty_assignment,ASG-002438,applicability,확인필요,해당,② 시설 옮김
duty_assignment,ASG-002438,applicability_note,관리주체 확인 필요(FMS 관리주체 정보 없음·추정) — 용인시 관리면 「해당」으로,시연 배정을 용인시 관리 시설로 옮김(원래 안대지천교 — 관리주체 확인필요),② 시설 옮김
duty_assignment,ASG-002440,asset_id,BR0000-0000002,BR1992-0000156,② 시설 옮김
duty_assignment,ASG-002440,applicability,확인필요,해당,② 시설 옮김
duty_assignment,ASG-002440,applicability_note,관리주체 확인 필요(FMS 관리주체 정보 없음·추정) — 용인시 관리면 「해당」으로,시연 배정을 용인시 관리 시설로 옮김(원래 꽃터교(안대지2교) — 관리주체 확인필요),② 시설 옮김
duty_assignment,ASG-002441,asset_id,BR1018-0000001,BR1992-0000904,② 시설 옮김
duty_assignment,ASG-002441,applicability,비해당,해당,② 시설 옮김
duty_assignment,ASG-002441,applicability_note,관리주체 타기관(수원국토관리사무소) — 용인시 관리 시설 아님(FMS 관리주체 · 09-24),시연 배정을 용인시 관리 시설로 옮김(원래 하고개교(상행) — 관리주체 수원국토관리사무소),② 시설 옮김
duty_assignment,ASG-002441,decided_by,G01,,② 시설 옮김
duty_assignment,ASG-002441,decided_at,2026-09-24,,② 시설 옮김
duty_assignment,ASG-002442,asset_id,BR1900-0000009,BR1993-0000845,② 시설 옮김
duty_assignment,ASG-002442,applicability,확인필요,해당,② 시설 옮김
duty_assignment,ASG-002442,applicability_note,관리주체 확인 필요(FMS 관리주체 정보 없음·추정) — 용인시 관리면 「해당」으로,시연 배정을 용인시 관리 시설로 옮김(원래 안대지천교 — 관리주체 확인필요),② 시설 옮김
duty_assignment,ASG-002444,asset_id,BR0000-0000002,BR1992-0000156,② 시설 옮김
duty_assignment,ASG-002444,applicability,확인필요,해당,② 시설 옮김
duty_assignment,ASG-002444,applicability_note,관리주체 확인 필요(FMS 관리주체 정보 없음·추정) — 용인시 관리면 「해당」으로,시연 배정을 용인시 관리 시설로 옮김(원래 꽃터교(안대지2교) — 관리주체 확인필요),② 시설 옮김
duty_assignment,ASG-002445,asset_id,BR1018-0000001,BR1992-0000904,② 시설 옮김
duty_assignment,ASG-002445,applicability,비해당,해당,② 시설 옮김
duty_assignment,ASG-002445,applicability_note,관리주체 타기관(수원국토관리사무소) — 용인시 관리 시설 아님(FMS 관리주체 · 09-24),시연 배정을 용인시 관리 시설로 옮김(원래 하고개교(상행) — 관리주체 수원국토관리사무소),② 시설 옮김
duty_assignment,ASG-002445,decided_by,G01,,② 시설 옮김
duty_assignment,ASG-002445,decided_at,2026-09-24,,② 시설 옮김
duty_assignment,ASG-002446,asset_id,BR1900-0000009,BR1993-0000845,② 시설 옮김
duty_assignment,ASG-002446,applicability,확인필요,해당,② 시설 옮김
duty_assignment,ASG-002446,applicability_note,관리주체 확인 필요(FMS 관리주체 정보 없음·추정) — 용인시 관리면 「해당」으로,시연 배정을 용인시 관리 시설로 옮김(원래 안대지천교 — 관리주체 확인필요),② 시설 옮김
duty_assignment,ASG-002448,asset_id,BR0000-0000002,BR1992-0000156,② 시설 옮김
duty_assignment,ASG-002448,applicability,확인필요,해당,② 시설 옮김
duty_assignment,ASG-002448,applicability_note,관리주체 확인 필요(FMS 관리주체 정보 없음·추정) — 용인시 관리면 「해당」으로,시연 배정을 용인시 관리 시설로 옮김(원래 꽃터교(안대지2교) — 관리주체 확인필요),② 시설 옮김
duty_assignment,ASG-002449,asset_id,BR1018-0000001,BR1992-0000904,② 시설 옮김
duty_assignment,ASG-002449,applicability,비해당,해당,② 시설 옮김
duty_assignment,ASG-002449,applicability_note,관리주체 타기관(수원국토관리사무소) — 용인시 관리 시설 아님(FMS 관리주체 · 09-24),시연 배정을 용인시 관리 시설로 옮김(원래 하고개교(상행) — 관리주체 수원국토관리사무소),② 시설 옮김
duty_assignment,ASG-002449,decided_by,G01,,② 시설 옮김
duty_assignment,ASG-002449,decided_at,2026-09-24,,② 시설 옮김
duty_assignment,ASG-002450,asset_id,BR1900-0000009,BR1993-0000845,② 시설 옮김
duty_assignment,ASG-002450,applicability,확인필요,해당,② 시설 옮김
duty_assignment,ASG-002450,applicability_note,관리주체 확인 필요(FMS 관리주체 정보 없음·추정) — 용인시 관리면 「해당」으로,시연 배정을 용인시 관리 시설로 옮김(원래 안대지천교 — 관리주체 확인필요),② 시설 옮김
duty_assignment,ASG-002452,asset_id,BR0000-0000002,BR1992-0000156,② 시설 옮김
duty_assignment,ASG-002452,applicability,확인필요,해당,② 시설 옮김
duty_assignment,ASG-002452,applicability_note,관리주체 확인 필요(FMS 관리주체 정보 없음·추정) — 용인시 관리면 「해당」으로,시연 배정을 용인시 관리 시설로 옮김(원래 꽃터교(안대지2교) — 관리주체 확인필요),② 시설 옮김
duty_assignment,ASG-002453,asset_id,BR1018-0000001,BR1992-0000904,② 시설 옮김
duty_assignment,ASG-002453,applicability,비해당,해당,② 시설 옮김
duty_assignment,ASG-002453,applicability_note,관리주체 타기관(수원국토관리사무소) — 용인시 관리 시설 아님(FMS 관리주체 · 09-24),시연 배정을 용인시 관리 시설로 옮김(원래 하고개교(상행) — 관리주체 수원국토관리사무소),② 시설 옮김
duty_assignment,ASG-002453,decided_by,G01,,② 시설 옮김
duty_assignment,ASG-002453,decided_at,2026-09-24,,② 시설 옮김
duty_assignment,ASG-002454,asset_id,BR1900-0000009,BR1993-0000845,② 시설 옮김
duty_assignment,ASG-002454,applicability,확인필요,해당,② 시설 옮김
duty_assignment,ASG-002454,applicability_note,관리주체 확인 필요(FMS 관리주체 정보 없음·추정) — 용인시 관리면 「해당」으로,시연 배정을 용인시 관리 시설로 옮김(원래 안대지천교 — 관리주체 확인필요),② 시설 옮김
duty_assignment,ASG-002456,asset_id,BR0000-0000002,BR1992-0000156,② 시설 옮김
duty_assignment,ASG-002456,applicability,확인필요,해당,② 시설 옮김
duty_assignment,ASG-002456,applicability_note,관리주체 확인 필요(FMS 관리주체 정보 없음·추정) — 용인시 관리면 「해당」으로,시연 배정을 용인시 관리 시설로 옮김(원래 꽃터교(안대지2교) — 관리주체 확인필요),② 시설 옮김
duty_assignment,ASG-002457,asset_id,BR1018-0000001,BR1992-0000904,② 시설 옮김
duty_assignment,ASG-002457,applicability,비해당,해당,② 시설 옮김
duty_assignment,ASG-002457,applicability_note,관리주체 타기관(수원국토관리사무소) — 용인시 관리 시설 아님(FMS 관리주체 · 09-24),시연 배정을 용인시 관리 시설로 옮김(원래 하고개교(상행) — 관리주체 수원국토관리사무소),② 시설 옮김
duty_assignment,ASG-002457,decided_by,G01,,② 시설 옮김
duty_assignment,ASG-002457,decided_at,2026-09-24,,② 시설 옮김
duty_assignment,ASG-002458,asset_id,BR1900-0000009,BR1993-0000845,② 시설 옮김
duty_assignment,ASG-002458,applicability,확인필요,해당,② 시설 옮김
duty_assignment,ASG-002458,applicability_note,관리주체 확인 필요(FMS 관리주체 정보 없음·추정) — 용인시 관리면 「해당」으로,시연 배정을 용인시 관리 시설로 옮김(원래 안대지천교 — 관리주체 확인필요),② 시설 옮김
duty_assignment,ASG-002460,asset_id,BR0000-0000002,BR1992-0000156,② 시설 옮김
duty_assignment,ASG-002460,applicability,확인필요,해당,② 시설 옮김
duty_assignment,ASG-002460,applicability_note,관리주체 확인 필요(FMS 관리주체 정보 없음·추정) — 용인시 관리면 「해당」으로,시연 배정을 용인시 관리 시설로 옮김(원래 꽃터교(안대지2교) — 관리주체 확인필요),② 시설 옮김
duty_assignment,ASG-002461,asset_id,BR1018-0000001,BR1992-0000904,② 시설 옮김
duty_assignment,ASG-002461,applicability,비해당,해당,② 시설 옮김
duty_assignment,ASG-002461,applicability_note,관리주체 타기관(수원국토관리사무소) — 용인시 관리 시설 아님(FMS 관리주체 · 09-24),시연 배정을 용인시 관리 시설로 옮김(원래 하고개교(상행) — 관리주체 수원국토관리사무소),② 시설 옮김
duty_assignment,ASG-002461,decided_by,G01,,② 시설 옮김
duty_assignment,ASG-002461,decided_at,2026-09-24,,② 시설 옮김
duty_assignment,ASG-002462,asset_id,BR1900-0000009,BR1993-0000845,② 시설 옮김
duty_assignment,ASG-002462,applicability,확인필요,해당,② 시설 옮김
duty_assignment,ASG-002462,applicability_note,관리주체 확인 필요(FMS 관리주체 정보 없음·추정) — 용인시 관리면 「해당」으로,시연 배정을 용인시 관리 시설로 옮김(원래 안대지천교 — 관리주체 확인필요),② 시설 옮김
duty_assignment,ASG-002464,asset_id,BR0000-0000002,BR1992-0000156,② 시설 옮김
duty_assignment,ASG-002464,applicability,확인필요,해당,② 시설 옮김
duty_assignment,ASG-002464,applicability_note,관리주체 확인 필요(FMS 관리주체 정보 없음·추정) — 용인시 관리면 「해당」으로,시연 배정을 용인시 관리 시설로 옮김(원래 꽃터교(안대지2교) — 관리주체 확인필요),② 시설 옮김
duty_assignment,ASG-002465,asset_id,BR1018-0000001,BR1992-0000904,② 시설 옮김
duty_assignment,ASG-002465,applicability,비해당,해당,② 시설 옮김
duty_assignment,ASG-002465,applicability_note,관리주체 타기관(수원국토관리사무소) — 용인시 관리 시설 아님(FMS 관리주체 · 09-24),시연 배정을 용인시 관리 시설로 옮김(원래 하고개교(상행) — 관리주체 수원국토관리사무소),② 시설 옮김
duty_assignment,ASG-002465,decided_by,G01,,② 시설 옮김
duty_assignment,ASG-002465,decided_at,2026-09-24,,② 시설 옮김
duty_assignment,ASG-002466,asset_id,BR1900-0000009,BR1993-0000845,② 시설 옮김
duty_assignment,ASG-002466,applicability,확인필요,해당,② 시설 옮김
duty_assignment,ASG-002466,applicability_note,관리주체 확인 필요(FMS 관리주체 정보 없음·추정) — 용인시 관리면 「해당」으로,시연 배정을 용인시 관리 시설로 옮김(원래 안대지천교 — 관리주체 확인필요),② 시설 옮김
duty_assignment,ASG-002468,asset_id,BR0000-0000002,BR1992-0000156,② 시설 옮김
duty_assignment,ASG-002468,applicability,확인필요,해당,② 시설 옮김
duty_assignment,ASG-002468,applicability_note,관리주체 확인 필요(FMS 관리주체 정보 없음·추정) — 용인시 관리면 「해당」으로,시연 배정을 용인시 관리 시설로 옮김(원래 꽃터교(안대지2교) — 관리주체 확인필요),② 시설 옮김
duty_assignment,ASG-002469,asset_id,BR1018-0000001,BR1992-0000904,② 시설 옮김
duty_assignment,ASG-002469,applicability,비해당,해당,② 시설 옮김
duty_assignment,ASG-002469,applicability_note,관리주체 타기관(수원국토관리사무소) — 용인시 관리 시설 아님(FMS 관리주체 · 09-24),시연 배정을 용인시 관리 시설로 옮김(원래 하고개교(상행) — 관리주체 수원국토관리사무소),② 시설 옮김
duty_assignment,ASG-002469,decided_by,G01,,② 시설 옮김
duty_assignment,ASG-002469,decided_at,2026-09-24,,② 시설 옮김
duty_assignment,ASG-002470,asset_id,BR1900-0000009,BR1993-0000845,② 시설 옮김
duty_assignment,ASG-002470,applicability,확인필요,해당,② 시설 옮김
duty_assignment,ASG-002470,applicability_note,관리주체 확인 필요(FMS 관리주체 정보 없음·추정) — 용인시 관리면 「해당」으로,시연 배정을 용인시 관리 시설로 옮김(원래 안대지천교 — 관리주체 확인필요),② 시설 옮김
duty_assignment,ASG-002472,asset_id,BR0000-0000002,BR1992-0000156,② 시설 옮김
duty_assignment,ASG-002472,applicability,확인필요,해당,② 시설 옮김
duty_assignment,ASG-002472,applicability_note,관리주체 확인 필요(FMS 관리주체 정보 없음·추정) — 용인시 관리면 「해당」으로,시연 배정을 용인시 관리 시설로 옮김(원래 꽃터교(안대지2교) — 관리주체 확인필요),② 시설 옮김
duty_assignment,ASG-002473,asset_id,BR1018-0000001,BR1992-0000904,② 시설 옮김
duty_assignment,ASG-002473,applicability,비해당,해당,② 시설 옮김
duty_assignment,ASG-002473,applicability_note,관리주체 타기관(수원국토관리사무소) — 용인시 관리 시설 아님(FMS 관리주체 · 09-24),시연 배정을 용인시 관리 시설로 옮김(원래 하고개교(상행) — 관리주체 수원국토관리사무소),② 시설 옮김
duty_assignment,ASG-002473,decided_by,G01,,② 시설 옮김
duty_assignment,ASG-002473,decided_at,2026-09-24,,② 시설 옮김
duty_assignment,ASG-002474,asset_id,BR1900-0000009,BR1993-0000845,② 시설 옮김
duty_assignment,ASG-002474,applicability,확인필요,해당,② 시설 옮김
duty_assignment,ASG-002474,applicability_note,관리주체 확인 필요(FMS 관리주체 정보 없음·추정) — 용인시 관리면 「해당」으로,시연 배정을 용인시 관리 시설로 옮김(원래 안대지천교 — 관리주체 확인필요),② 시설 옮김
duty_assignment,ASG-002476,asset_id,BR0000-0000002,BR1992-0000156,② 시설 옮김
duty_assignment,ASG-002476,applicability,확인필요,해당,② 시설 옮김
duty_assignment,ASG-002476,applicability_note,관리주체 확인 필요(FMS 관리주체 정보 없음·추정) — 용인시 관리면 「해당」으로,시연 배정을 용인시 관리 시설로 옮김(원래 꽃터교(안대지2교) — 관리주체 확인필요),② 시설 옮김
duty_assignment,ASG-002477,asset_id,BR1018-0000001,BR1992-0000904,② 시설 옮김
duty_assignment,ASG-002477,applicability,비해당,해당,② 시설 옮김
duty_assignment,ASG-002477,applicability_note,관리주체 타기관(수원국토관리사무소) — 용인시 관리 시설 아님(FMS 관리주체 · 09-24),시연 배정을 용인시 관리 시설로 옮김(원래 하고개교(상행) — 관리주체 수원국토관리사무소),② 시설 옮김
duty_assignment,ASG-002477,decided_by,G01,,② 시설 옮김
duty_assignment,ASG-002477,decided_at,2026-09-24,,② 시설 옮김
duty_assignment,ASG-002478,asset_id,BR1900-0000009,BR1993-0000845,② 시설 옮김
duty_assignment,ASG-002478,applicability,확인필요,해당,② 시설 옮김
duty_assignment,ASG-002478,applicability_note,관리주체 확인 필요(FMS 관리주체 정보 없음·추정) — 용인시 관리면 「해당」으로,시연 배정을 용인시 관리 시설로 옮김(원래 안대지천교 — 관리주체 확인필요),② 시설 옮김
duty_assignment,ASG-002480,asset_id,BR0000-0000002,BR1992-0000156,② 시설 옮김
duty_assignment,ASG-002480,applicability,확인필요,해당,② 시설 옮김
duty_assignment,ASG-002480,applicability_note,관리주체 확인 필요(FMS 관리주체 정보 없음·추정) — 용인시 관리면 「해당」으로,시연 배정을 용인시 관리 시설로 옮김(원래 꽃터교(안대지2교) — 관리주체 확인필요),② 시설 옮김
duty_assignment,ASG-002481,asset_id,BR1018-0000001,BR1992-0000904,② 시설 옮김
duty_assignment,ASG-002481,applicability,비해당,해당,② 시설 옮김
duty_assignment,ASG-002481,applicability_note,관리주체 타기관(수원국토관리사무소) — 용인시 관리 시설 아님(FMS 관리주체 · 09-24),시연 배정을 용인시 관리 시설로 옮김(원래 하고개교(상행) — 관리주체 수원국토관리사무소),② 시설 옮김
duty_assignment,ASG-002481,decided_by,G01,,② 시설 옮김
duty_assignment,ASG-002481,decided_at,2026-09-24,,② 시설 옮김
duty_assignment,ASG-002482,asset_id,BR1900-0000009,BR1993-0000845,② 시설 옮김
duty_assignment,ASG-002482,applicability,확인필요,해당,② 시설 옮김
duty_assignment,ASG-002482,applicability_note,관리주체 확인 필요(FMS 관리주체 정보 없음·추정) — 용인시 관리면 「해당」으로,시연 배정을 용인시 관리 시설로 옮김(원래 안대지천교 — 관리주체 확인필요),② 시설 옮김
duty_assignment,ASG-002484,asset_id,BR0000-0000002,BR1992-0000156,② 시설 옮김
duty_assignment,ASG-002484,applicability,확인필요,해당,② 시설 옮김
duty_assignment,ASG-002484,applicability_note,관리주체 확인 필요(FMS 관리주체 정보 없음·추정) — 용인시 관리면 「해당」으로,시연 배정을 용인시 관리 시설로 옮김(원래 꽃터교(안대지2교) — 관리주체 확인필요),② 시설 옮김
duty_assignment,ASG-002485,asset_id,BR1018-0000001,BR1992-0000904,② 시설 옮김
duty_assignment,ASG-002485,applicability,비해당,해당,② 시설 옮김
duty_assignment,ASG-002485,applicability_note,관리주체 타기관(수원국토관리사무소) — 용인시 관리 시설 아님(FMS 관리주체 · 09-24),시연 배정을 용인시 관리 시설로 옮김(원래 하고개교(상행) — 관리주체 수원국토관리사무소),② 시설 옮김
duty_assignment,ASG-002485,decided_by,G01,,② 시설 옮김
duty_assignment,ASG-002485,decided_at,2026-09-24,,② 시설 옮김
duty_assignment,ASG-002486,asset_id,BR1900-0000009,BR1993-0000845,② 시설 옮김
duty_assignment,ASG-002486,applicability,확인필요,해당,② 시설 옮김
duty_assignment,ASG-002486,applicability_note,관리주체 확인 필요(FMS 관리주체 정보 없음·추정) — 용인시 관리면 「해당」으로,시연 배정을 용인시 관리 시설로 옮김(원래 안대지천교 — 관리주체 확인필요),② 시설 옮김
duty_assignment,ASG-002488,asset_id,BR0000-0000002,BR1992-0000156,② 시설 옮김
duty_assignment,ASG-002488,applicability,확인필요,해당,② 시설 옮김
duty_assignment,ASG-002488,applicability_note,관리주체 확인 필요(FMS 관리주체 정보 없음·추정) — 용인시 관리면 「해당」으로,시연 배정을 용인시 관리 시설로 옮김(원래 꽃터교(안대지2교) — 관리주체 확인필요),② 시설 옮김
duty_assignment,ASG-002489,asset_id,BR1018-0000001,BR1992-0000904,② 시설 옮김
duty_assignment,ASG-002489,applicability,비해당,해당,② 시설 옮김
duty_assignment,ASG-002489,applicability_note,관리주체 타기관(수원국토관리사무소) — 용인시 관리 시설 아님(FMS 관리주체 · 09-24),시연 배정을 용인시 관리 시설로 옮김(원래 하고개교(상행) — 관리주체 수원국토관리사무소),② 시설 옮김
duty_assignment,ASG-002489,decided_by,G01,,② 시설 옮김
duty_assignment,ASG-002489,decided_at,2026-09-24,,② 시설 옮김
duty_assignment,ASG-002490,asset_id,BR1900-0000009,BR1993-0000845,② 시설 옮김
duty_assignment,ASG-002490,applicability,확인필요,해당,② 시설 옮김
duty_assignment,ASG-002490,applicability_note,관리주체 확인 필요(FMS 관리주체 정보 없음·추정) — 용인시 관리면 「해당」으로,시연 배정을 용인시 관리 시설로 옮김(원래 안대지천교 — 관리주체 확인필요),② 시설 옮김
duty_assignment,ASG-002492,asset_id,BR0000-0000002,BR1992-0000156,② 시설 옮김
duty_assignment,ASG-002492,applicability,확인필요,해당,② 시설 옮김
duty_assignment,ASG-002492,applicability_note,관리주체 확인 필요(FMS 관리주체 정보 없음·추정) — 용인시 관리면 「해당」으로,시연 배정을 용인시 관리 시설로 옮김(원래 꽃터교(안대지2교) — 관리주체 확인필요),② 시설 옮김
duty_assignment,ASG-002493,asset_id,BR1018-0000001,BR1992-0000904,② 시설 옮김
duty_assignment,ASG-002493,applicability,비해당,해당,② 시설 옮김
duty_assignment,ASG-002493,applicability_note,관리주체 타기관(수원국토관리사무소) — 용인시 관리 시설 아님(FMS 관리주체 · 09-24),시연 배정을 용인시 관리 시설로 옮김(원래 하고개교(상행) — 관리주체 수원국토관리사무소),② 시설 옮김
duty_assignment,ASG-002493,decided_by,G01,,② 시설 옮김
duty_assignment,ASG-002493,decided_at,2026-09-24,,② 시설 옮김
duty_assignment,ASG-002494,asset_id,BR1900-0000009,BR1993-0000845,② 시설 옮김
duty_assignment,ASG-002494,applicability,확인필요,해당,② 시설 옮김
duty_assignment,ASG-002494,applicability_note,관리주체 확인 필요(FMS 관리주체 정보 없음·추정) — 용인시 관리면 「해당」으로,시연 배정을 용인시 관리 시설로 옮김(원래 안대지천교 — 관리주체 확인필요),② 시설 옮김
duty_assignment,ASG-002496,asset_id,BR0000-0000002,BR1992-0000156,② 시설 옮김
duty_assignment,ASG-002496,applicability,확인필요,해당,② 시설 옮김
duty_assignment,ASG-002496,applicability_note,관리주체 확인 필요(FMS 관리주체 정보 없음·추정) — 용인시 관리면 「해당」으로,시연 배정을 용인시 관리 시설로 옮김(원래 꽃터교(안대지2교) — 관리주체 확인필요),② 시설 옮김
duty_assignment,ASG-002497,asset_id,BR1018-0000001,BR1992-0000904,② 시설 옮김
duty_assignment,ASG-002497,applicability,비해당,해당,② 시설 옮김
duty_assignment,ASG-002497,applicability_note,관리주체 타기관(수원국토관리사무소) — 용인시 관리 시설 아님(FMS 관리주체 · 09-24),시연 배정을 용인시 관리 시설로 옮김(원래 하고개교(상행) — 관리주체 수원국토관리사무소),② 시설 옮김
duty_assignment,ASG-002497,decided_by,G01,,② 시설 옮김
duty_assignment,ASG-002497,decided_at,2026-09-24,,② 시설 옮김
duty_assignment,ASG-002498,asset_id,BR1900-0000009,BR1993-0000845,② 시설 옮김
duty_assignment,ASG-002498,applicability,확인필요,해당,② 시설 옮김
duty_assignment,ASG-002498,applicability_note,관리주체 확인 필요(FMS 관리주체 정보 없음·추정) — 용인시 관리면 「해당」으로,시연 배정을 용인시 관리 시설로 옮김(원래 안대지천교 — 관리주체 확인필요),② 시설 옮김
duty_assignment,ASG-002500,asset_id,BR0000-0000002,BR1992-0000156,② 시설 옮김
duty_assignment,ASG-002500,applicability,확인필요,해당,② 시설 옮김
duty_assignment,ASG-002500,applicability_note,관리주체 확인 필요(FMS 관리주체 정보 없음·추정) — 용인시 관리면 「해당」으로,시연 배정을 용인시 관리 시설로 옮김(원래 꽃터교(안대지2교) — 관리주체 확인필요),② 시설 옮김
duty_assignment,ASG-002501,asset_id,BR1018-0000001,BR1992-0000904,② 시설 옮김
duty_assignment,ASG-002501,applicability,비해당,해당,② 시설 옮김
duty_assignment,ASG-002501,applicability_note,관리주체 타기관(수원국토관리사무소) — 용인시 관리 시설 아님(FMS 관리주체 · 09-24),시연 배정을 용인시 관리 시설로 옮김(원래 하고개교(상행) — 관리주체 수원국토관리사무소),② 시설 옮김
duty_assignment,ASG-002501,decided_by,G01,,② 시설 옮김
duty_assignment,ASG-002501,decided_at,2026-09-24,,② 시설 옮김
duty_assignment,ASG-002502,asset_id,BR1900-0000009,BR1993-0000845,② 시설 옮김
duty_assignment,ASG-002502,applicability,확인필요,해당,② 시설 옮김
duty_assignment,ASG-002502,applicability_note,관리주체 확인 필요(FMS 관리주체 정보 없음·추정) — 용인시 관리면 「해당」으로,시연 배정을 용인시 관리 시설로 옮김(원래 안대지천교 — 관리주체 확인필요),② 시설 옮김
duty_assignment,ASG-002504,asset_id,BR0000-0000002,BR1992-0000156,② 시설 옮김
duty_assignment,ASG-002504,applicability,확인필요,해당,② 시설 옮김
duty_assignment,ASG-002504,applicability_note,관리주체 확인 필요(FMS 관리주체 정보 없음·추정) — 용인시 관리면 「해당」으로,시연 배정을 용인시 관리 시설로 옮김(원래 꽃터교(안대지2교) — 관리주체 확인필요),② 시설 옮김
duty_assignment,ASG-002505,asset_id,BR1018-0000001,BR1992-0000904,② 시설 옮김
duty_assignment,ASG-002505,applicability,비해당,해당,② 시설 옮김
duty_assignment,ASG-002505,applicability_note,관리주체 타기관(수원국토관리사무소) — 용인시 관리 시설 아님(FMS 관리주체 · 09-24),시연 배정을 용인시 관리 시설로 옮김(원래 하고개교(상행) — 관리주체 수원국토관리사무소),② 시설 옮김
duty_assignment,ASG-002505,decided_by,G01,,② 시설 옮김
duty_assignment,ASG-002505,decided_at,2026-09-24,,② 시설 옮김
duty_assignment,ASG-002506,asset_id,BR1900-0000009,BR1993-0000845,② 시설 옮김
duty_assignment,ASG-002506,applicability,확인필요,해당,② 시설 옮김
duty_assignment,ASG-002506,applicability_note,관리주체 확인 필요(FMS 관리주체 정보 없음·추정) — 용인시 관리면 「해당」으로,시연 배정을 용인시 관리 시설로 옮김(원래 안대지천교 — 관리주체 확인필요),② 시설 옮김
duty_assignment,ASG-002534,asset_id,BR0000-0000002,BR1992-0000156,② 시설 옮김
duty_assignment,ASG-002534,applicability,확인필요,해당,② 시설 옮김
duty_assignment,ASG-002534,applicability_note,관리주체 확인 필요(FMS 관리주체 정보 없음·추정) — 용인시 관리면 「해당」으로,시연 배정을 용인시 관리 시설로 옮김(원래 꽃터교(안대지2교) — 관리주체 확인필요),② 시설 옮김
duty_assignment,ASG-002535,asset_id,BR1018-0000001,BR1992-0000904,② 시설 옮김
duty_assignment,ASG-002535,applicability,비해당,해당,② 시설 옮김
duty_assignment,ASG-002535,applicability_note,관리주체 타기관(수원국토관리사무소) — 용인시 관리 시설 아님(FMS 관리주체 · 09-24),시연 배정을 용인시 관리 시설로 옮김(원래 하고개교(상행) — 관리주체 수원국토관리사무소),② 시설 옮김
duty_assignment,ASG-002535,decided_by,G01,,② 시설 옮김
duty_assignment,ASG-002535,decided_at,2026-09-24,,② 시설 옮김
duty_assignment,ASG-002536,asset_id,BR1900-0000009,BR1993-0000845,② 시설 옮김
duty_assignment,ASG-002536,applicability,확인필요,해당,② 시설 옮김
duty_assignment,ASG-002536,applicability_note,관리주체 확인 필요(FMS 관리주체 정보 없음·추정) — 용인시 관리면 「해당」으로,시연 배정을 용인시 관리 시설로 옮김(원래 안대지천교 — 관리주체 확인필요),② 시설 옮김
duty_assignment,ASG-002538,asset_id,BR0000-0000002,BR1992-0000156,② 시설 옮김
duty_assignment,ASG-002538,applicability,확인필요,해당,② 시설 옮김
duty_assignment,ASG-002538,applicability_note,관리주체 확인 필요(FMS 관리주체 정보 없음·추정) — 용인시 관리면 「해당」으로,시연 배정을 용인시 관리 시설로 옮김(원래 꽃터교(안대지2교) — 관리주체 확인필요),② 시설 옮김
duty_assignment,ASG-002539,asset_id,BR1018-0000001,BR1992-0000904,② 시설 옮김
duty_assignment,ASG-002539,applicability,비해당,해당,② 시설 옮김
duty_assignment,ASG-002539,applicability_note,관리주체 타기관(수원국토관리사무소) — 용인시 관리 시설 아님(FMS 관리주체 · 09-24),시연 배정을 용인시 관리 시설로 옮김(원래 하고개교(상행) — 관리주체 수원국토관리사무소),② 시설 옮김
duty_assignment,ASG-002539,decided_by,G01,,② 시설 옮김
duty_assignment,ASG-002539,decided_at,2026-09-24,,② 시설 옮김
duty_assignment,ASG-002540,asset_id,BR1900-0000009,BR1993-0000845,② 시설 옮김
duty_assignment,ASG-002540,applicability,확인필요,해당,② 시설 옮김
duty_assignment,ASG-002540,applicability_note,관리주체 확인 필요(FMS 관리주체 정보 없음·추정) — 용인시 관리면 「해당」으로,시연 배정을 용인시 관리 시설로 옮김(원래 안대지천교 — 관리주체 확인필요),② 시설 옮김
duty_assignment,ASG-002542,asset_id,BR0000-0000002,BR1992-0000156,② 시설 옮김
duty_assignment,ASG-002542,applicability,확인필요,해당,② 시설 옮김
duty_assignment,ASG-002542,applicability_note,관리주체 확인 필요(FMS 관리주체 정보 없음·추정) — 용인시 관리면 「해당」으로,시연 배정을 용인시 관리 시설로 옮김(원래 꽃터교(안대지2교) — 관리주체 확인필요),② 시설 옮김
duty_assignment,ASG-002543,asset_id,BR1018-0000001,BR1992-0000904,② 시설 옮김
duty_assignment,ASG-002543,applicability,비해당,해당,② 시설 옮김
duty_assignment,ASG-002543,applicability_note,관리주체 타기관(수원국토관리사무소) — 용인시 관리 시설 아님(FMS 관리주체 · 09-24),시연 배정을 용인시 관리 시설로 옮김(원래 하고개교(상행) — 관리주체 수원국토관리사무소),② 시설 옮김
duty_assignment,ASG-002543,decided_by,G01,,② 시설 옮김
duty_assignment,ASG-002543,decided_at,2026-09-24,,② 시설 옮김
duty_assignment,ASG-002544,asset_id,BR1900-0000009,BR1993-0000845,② 시설 옮김
duty_assignment,ASG-002544,applicability,확인필요,해당,② 시설 옮김
duty_assignment,ASG-002544,applicability_note,관리주체 확인 필요(FMS 관리주체 정보 없음·추정) — 용인시 관리면 「해당」으로,시연 배정을 용인시 관리 시설로 옮김(원래 안대지천교 — 관리주체 확인필요),② 시설 옮김
duty_assignment,ASG-002546,asset_id,BR0000-0000002,BR1992-0000156,② 시설 옮김
duty_assignment,ASG-002546,applicability,확인필요,해당,② 시설 옮김
duty_assignment,ASG-002546,applicability_note,관리주체 확인 필요(FMS 관리주체 정보 없음·추정) — 용인시 관리면 「해당」으로,시연 배정을 용인시 관리 시설로 옮김(원래 꽃터교(안대지2교) — 관리주체 확인필요),② 시설 옮김
duty_assignment,ASG-002547,asset_id,BR1018-0000001,BR1992-0000904,② 시설 옮김
duty_assignment,ASG-002547,applicability,비해당,해당,② 시설 옮김
duty_assignment,ASG-002547,applicability_note,관리주체 타기관(수원국토관리사무소) — 용인시 관리 시설 아님(FMS 관리주체 · 09-24),시연 배정을 용인시 관리 시설로 옮김(원래 하고개교(상행) — 관리주체 수원국토관리사무소),② 시설 옮김
duty_assignment,ASG-002547,decided_by,G01,,② 시설 옮김
duty_assignment,ASG-002547,decided_at,2026-09-24,,② 시설 옮김
duty_assignment,ASG-002548,asset_id,BR1900-0000009,BR1993-0000845,② 시설 옮김
duty_assignment,ASG-002548,applicability,확인필요,해당,② 시설 옮김
duty_assignment,ASG-002548,applicability_note,관리주체 확인 필요(FMS 관리주체 정보 없음·추정) — 용인시 관리면 「해당」으로,시연 배정을 용인시 관리 시설로 옮김(원래 안대지천교 — 관리주체 확인필요),② 시설 옮김
duty_assignment,ASG-002550,asset_id,BR0000-0000002,BR1992-0000156,② 시설 옮김
duty_assignment,ASG-002550,applicability,확인필요,해당,② 시설 옮김
duty_assignment,ASG-002550,applicability_note,관리주체 확인 필요(FMS 관리주체 정보 없음·추정) — 용인시 관리면 「해당」으로,시연 배정을 용인시 관리 시설로 옮김(원래 꽃터교(안대지2교) — 관리주체 확인필요),② 시설 옮김
duty_assignment,ASG-002551,asset_id,BR1018-0000001,BR1992-0000904,② 시설 옮김
duty_assignment,ASG-002551,applicability,비해당,해당,② 시설 옮김
duty_assignment,ASG-002551,applicability_note,관리주체 타기관(수원국토관리사무소) — 용인시 관리 시설 아님(FMS 관리주체 · 09-24),시연 배정을 용인시 관리 시설로 옮김(원래 하고개교(상행) — 관리주체 수원국토관리사무소),② 시설 옮김
duty_assignment,ASG-002551,decided_by,G01,,② 시설 옮김
duty_assignment,ASG-002551,decided_at,2026-09-24,,② 시설 옮김
duty_assignment,ASG-002552,asset_id,BR1900-0000009,BR1993-0000845,② 시설 옮김
duty_assignment,ASG-002552,applicability,확인필요,해당,② 시설 옮김
duty_assignment,ASG-002552,applicability_note,관리주체 확인 필요(FMS 관리주체 정보 없음·추정) — 용인시 관리면 「해당」으로,시연 배정을 용인시 관리 시설로 옮김(원래 안대지천교 — 관리주체 확인필요),② 시설 옮김
duty_assignment,ASG-002554,asset_id,BR0000-0000002,BR1992-0000156,② 시설 옮김
duty_assignment,ASG-002554,applicability,확인필요,해당,② 시설 옮김
duty_assignment,ASG-002554,applicability_note,관리주체 확인 필요(FMS 관리주체 정보 없음·추정) — 용인시 관리면 「해당」으로,시연 배정을 용인시 관리 시설로 옮김(원래 꽃터교(안대지2교) — 관리주체 확인필요),② 시설 옮김
duty_assignment,ASG-002555,asset_id,BR1018-0000001,BR1992-0000904,② 시설 옮김
duty_assignment,ASG-002555,applicability,비해당,해당,② 시설 옮김
duty_assignment,ASG-002555,applicability_note,관리주체 타기관(수원국토관리사무소) — 용인시 관리 시설 아님(FMS 관리주체 · 09-24),시연 배정을 용인시 관리 시설로 옮김(원래 하고개교(상행) — 관리주체 수원국토관리사무소),② 시설 옮김
duty_assignment,ASG-002555,decided_by,G01,,② 시설 옮김
duty_assignment,ASG-002555,decided_at,2026-09-24,,② 시설 옮김
duty_assignment,ASG-002556,asset_id,BR1900-0000009,BR1993-0000845,② 시설 옮김
duty_assignment,ASG-002556,applicability,확인필요,해당,② 시설 옮김
duty_assignment,ASG-002556,applicability_note,관리주체 확인 필요(FMS 관리주체 정보 없음·추정) — 용인시 관리면 「해당」으로,시연 배정을 용인시 관리 시설로 옮김(원래 안대지천교 — 관리주체 확인필요),② 시설 옮김
duty_assignment,ASG-002558,asset_id,BR0000-0000002,BR1992-0000156,② 시설 옮김
duty_assignment,ASG-002558,applicability,확인필요,해당,② 시설 옮김
duty_assignment,ASG-002558,applicability_note,관리주체 확인 필요(FMS 관리주체 정보 없음·추정) — 용인시 관리면 「해당」으로,시연 배정을 용인시 관리 시설로 옮김(원래 꽃터교(안대지2교) — 관리주체 확인필요),② 시설 옮김
duty_assignment,ASG-002559,asset_id,BR1018-0000001,BR1992-0000904,② 시설 옮김
duty_assignment,ASG-002559,applicability,비해당,해당,② 시설 옮김
duty_assignment,ASG-002559,applicability_note,관리주체 타기관(수원국토관리사무소) — 용인시 관리 시설 아님(FMS 관리주체 · 09-24),시연 배정을 용인시 관리 시설로 옮김(원래 하고개교(상행) — 관리주체 수원국토관리사무소),② 시설 옮김
duty_assignment,ASG-002559,decided_by,G01,,② 시설 옮김
duty_assignment,ASG-002559,decided_at,2026-09-24,,② 시설 옮김
duty_assignment,ASG-002560,asset_id,BR1900-0000009,BR1993-0000845,② 시설 옮김
duty_assignment,ASG-002560,applicability,확인필요,해당,② 시설 옮김
duty_assignment,ASG-002560,applicability_note,관리주체 확인 필요(FMS 관리주체 정보 없음·추정) — 용인시 관리면 「해당」으로,시연 배정을 용인시 관리 시설로 옮김(원래 안대지천교 — 관리주체 확인필요),② 시설 옮김
duty_assignment,ASG-002562,asset_id,BR0000-0000002,BR1992-0000156,② 시설 옮김
duty_assignment,ASG-002562,applicability,확인필요,해당,② 시설 옮김
duty_assignment,ASG-002562,applicability_note,관리주체 확인 필요(FMS 관리주체 정보 없음·추정) — 용인시 관리면 「해당」으로,시연 배정을 용인시 관리 시설로 옮김(원래 꽃터교(안대지2교) — 관리주체 확인필요),② 시설 옮김
duty_assignment,ASG-002563,asset_id,BR1018-0000001,BR1992-0000904,② 시설 옮김
duty_assignment,ASG-002563,applicability,비해당,해당,② 시설 옮김
duty_assignment,ASG-002563,applicability_note,관리주체 타기관(수원국토관리사무소) — 용인시 관리 시설 아님(FMS 관리주체 · 09-24),시연 배정을 용인시 관리 시설로 옮김(원래 하고개교(상행) — 관리주체 수원국토관리사무소),② 시설 옮김
duty_assignment,ASG-002563,decided_by,G01,,② 시설 옮김
duty_assignment,ASG-002563,decided_at,2026-09-24,,② 시설 옮김
duty_assignment,ASG-002564,asset_id,BR1900-0000009,BR1993-0000845,② 시설 옮김
duty_assignment,ASG-002564,applicability,확인필요,해당,② 시설 옮김
duty_assignment,ASG-002564,applicability_note,관리주체 확인 필요(FMS 관리주체 정보 없음·추정) — 용인시 관리면 「해당」으로,시연 배정을 용인시 관리 시설로 옮김(원래 안대지천교 — 관리주체 확인필요),② 시설 옮김
duty_assignment,ASG-002566,asset_id,BR0000-0000002,BR1992-0000156,② 시설 옮김
duty_assignment,ASG-002566,applicability,확인필요,해당,② 시설 옮김
duty_assignment,ASG-002566,applicability_note,관리주체 확인 필요(FMS 관리주체 정보 없음·추정) — 용인시 관리면 「해당」으로,시연 배정을 용인시 관리 시설로 옮김(원래 꽃터교(안대지2교) — 관리주체 확인필요),② 시설 옮김
duty_assignment,ASG-002567,asset_id,BR1018-0000001,BR1992-0000904,② 시설 옮김
duty_assignment,ASG-002567,applicability,비해당,해당,② 시설 옮김
duty_assignment,ASG-002567,applicability_note,관리주체 타기관(수원국토관리사무소) — 용인시 관리 시설 아님(FMS 관리주체 · 09-24),시연 배정을 용인시 관리 시설로 옮김(원래 하고개교(상행) — 관리주체 수원국토관리사무소),② 시설 옮김
duty_assignment,ASG-002567,decided_by,G01,,② 시설 옮김
duty_assignment,ASG-002567,decided_at,2026-09-24,,② 시설 옮김
duty_assignment,ASG-002568,asset_id,BR1900-0000009,BR1993-0000845,② 시설 옮김
duty_assignment,ASG-002568,applicability,확인필요,해당,② 시설 옮김
duty_assignment,ASG-002568,applicability_note,관리주체 확인 필요(FMS 관리주체 정보 없음·추정) — 용인시 관리면 「해당」으로,시연 배정을 용인시 관리 시설로 옮김(원래 안대지천교 — 관리주체 확인필요),② 시설 옮김
duty_assignment,ASG-002570,asset_id,BR0000-0000002,BR1992-0000156,② 시설 옮김
duty_assignment,ASG-002570,applicability,확인필요,해당,② 시설 옮김
duty_assignment,ASG-002570,applicability_note,관리주체 확인 필요(FMS 관리주체 정보 없음·추정) — 용인시 관리면 「해당」으로,시연 배정을 용인시 관리 시설로 옮김(원래 꽃터교(안대지2교) — 관리주체 확인필요),② 시설 옮김
duty_assignment,ASG-002571,asset_id,BR1018-0000001,BR1992-0000904,② 시설 옮김
duty_assignment,ASG-002571,applicability,비해당,해당,② 시설 옮김
duty_assignment,ASG-002571,applicability_note,관리주체 타기관(수원국토관리사무소) — 용인시 관리 시설 아님(FMS 관리주체 · 09-24),시연 배정을 용인시 관리 시설로 옮김(원래 하고개교(상행) — 관리주체 수원국토관리사무소),② 시설 옮김
duty_assignment,ASG-002571,decided_by,G01,,② 시설 옮김
duty_assignment,ASG-002571,decided_at,2026-09-24,,② 시설 옮김
duty_assignment,ASG-002572,asset_id,BR1900-0000009,BR1993-0000845,② 시설 옮김
duty_assignment,ASG-002572,applicability,확인필요,해당,② 시설 옮김
duty_assignment,ASG-002572,applicability_note,관리주체 확인 필요(FMS 관리주체 정보 없음·추정) — 용인시 관리면 「해당」으로,시연 배정을 용인시 관리 시설로 옮김(원래 안대지천교 — 관리주체 확인필요),② 시설 옮김
duty_assignment,ASG-002575,asset_id,BR0000-0000002,BR1992-0000156,② 시설 옮김
duty_assignment,ASG-002575,applicability,확인필요,해당,② 시설 옮김
duty_assignment,ASG-002575,applicability_note,관리주체 확인 필요(FMS 관리주체 정보 없음·추정) — 용인시 관리면 「해당」으로,시연 배정을 용인시 관리 시설로 옮김(원래 꽃터교(안대지2교) — 관리주체 확인필요),② 시설 옮김
duty_assignment,ASG-002576,asset_id,BR1018-0000001,BR1992-0000904,② 시설 옮김
duty_assignment,ASG-002576,applicability,비해당,해당,② 시설 옮김
duty_assignment,ASG-002576,applicability_note,관리주체 타기관(수원국토관리사무소) — 용인시 관리 시설 아님(FMS 관리주체 · 09-24),시연 배정을 용인시 관리 시설로 옮김(원래 하고개교(상행) — 관리주체 수원국토관리사무소),② 시설 옮김
duty_assignment,ASG-002576,decided_by,G01,,② 시설 옮김
duty_assignment,ASG-002576,decided_at,2026-09-24,,② 시설 옮김
duty_assignment,ASG-002577,asset_id,BR1900-0000009,BR1993-0000845,② 시설 옮김
duty_assignment,ASG-002577,applicability,확인필요,해당,② 시설 옮김
duty_assignment,ASG-002577,applicability_note,관리주체 확인 필요(FMS 관리주체 정보 없음·추정) — 용인시 관리면 「해당」으로,시연 배정을 용인시 관리 시설로 옮김(원래 안대지천교 — 관리주체 확인필요),② 시설 옮김
duty_assignment,ASG-002579,asset_id,BR0000-0000002,BR1992-0000156,② 시설 옮김
duty_assignment,ASG-002579,applicability,확인필요,해당,② 시설 옮김
duty_assignment,ASG-002579,applicability_note,관리주체 확인 필요(FMS 관리주체 정보 없음·추정) — 용인시 관리면 「해당」으로,시연 배정을 용인시 관리 시설로 옮김(원래 꽃터교(안대지2교) — 관리주체 확인필요),② 시설 옮김
duty_assignment,ASG-002580,asset_id,BR1018-0000001,BR1992-0000904,② 시설 옮김
duty_assignment,ASG-002580,applicability,비해당,해당,② 시설 옮김
duty_assignment,ASG-002580,applicability_note,관리주체 타기관(수원국토관리사무소) — 용인시 관리 시설 아님(FMS 관리주체 · 09-24),시연 배정을 용인시 관리 시설로 옮김(원래 하고개교(상행) — 관리주체 수원국토관리사무소),② 시설 옮김
duty_assignment,ASG-002580,decided_by,G01,,② 시설 옮김
duty_assignment,ASG-002580,decided_at,2026-09-24,,② 시설 옮김
duty_assignment,ASG-002581,asset_id,BR1900-0000009,BR1993-0000845,② 시설 옮김
duty_assignment,ASG-002581,applicability,확인필요,해당,② 시설 옮김
duty_assignment,ASG-002581,applicability_note,관리주체 확인 필요(FMS 관리주체 정보 없음·추정) — 용인시 관리면 「해당」으로,시연 배정을 용인시 관리 시설로 옮김(원래 안대지천교 — 관리주체 확인필요),② 시설 옮김
duty_assignment,ASG-002583,asset_id,BR0000-0000002,BR1992-0000156,② 시설 옮김
duty_assignment,ASG-002583,applicability,확인필요,해당,② 시설 옮김
duty_assignment,ASG-002583,applicability_note,관리주체 확인 필요(FMS 관리주체 정보 없음·추정) — 용인시 관리면 「해당」으로,시연 배정을 용인시 관리 시설로 옮김(원래 꽃터교(안대지2교) — 관리주체 확인필요),② 시설 옮김
duty_assignment,ASG-002584,asset_id,BR1018-0000001,BR1992-0000904,② 시설 옮김
duty_assignment,ASG-002584,applicability,비해당,해당,② 시설 옮김
duty_assignment,ASG-002584,applicability_note,관리주체 타기관(수원국토관리사무소) — 용인시 관리 시설 아님(FMS 관리주체 · 09-24),시연 배정을 용인시 관리 시설로 옮김(원래 하고개교(상행) — 관리주체 수원국토관리사무소),② 시설 옮김
duty_assignment,ASG-002584,decided_by,G01,,② 시설 옮김
duty_assignment,ASG-002584,decided_at,2026-09-24,,② 시설 옮김
duty_assignment,ASG-002585,asset_id,BR1900-0000009,BR1993-0000845,② 시설 옮김
duty_assignment,ASG-002585,applicability,확인필요,해당,② 시설 옮김
duty_assignment,ASG-002585,applicability_note,관리주체 확인 필요(FMS 관리주체 정보 없음·추정) — 용인시 관리면 「해당」으로,시연 배정을 용인시 관리 시설로 옮김(원래 안대지천교 — 관리주체 확인필요),② 시설 옮김
duty_assignment,ASG-002587,asset_id,BR0000-0000002,BR1992-0000156,② 시설 옮김
duty_assignment,ASG-002587,applicability,확인필요,해당,② 시설 옮김
duty_assignment,ASG-002587,applicability_note,관리주체 확인 필요(FMS 관리주체 정보 없음·추정) — 용인시 관리면 「해당」으로,시연 배정을 용인시 관리 시설로 옮김(원래 꽃터교(안대지2교) — 관리주체 확인필요),② 시설 옮김
duty_assignment,ASG-002588,asset_id,BR1018-0000001,BR1992-0000904,② 시설 옮김
duty_assignment,ASG-002588,applicability,비해당,해당,② 시설 옮김
duty_assignment,ASG-002588,applicability_note,관리주체 타기관(수원국토관리사무소) — 용인시 관리 시설 아님(FMS 관리주체 · 09-24),시연 배정을 용인시 관리 시설로 옮김(원래 하고개교(상행) — 관리주체 수원국토관리사무소),② 시설 옮김
duty_assignment,ASG-002588,decided_by,G01,,② 시설 옮김
duty_assignment,ASG-002588,decided_at,2026-09-24,,② 시설 옮김
duty_assignment,ASG-002589,asset_id,BR1900-0000009,BR1993-0000845,② 시설 옮김
duty_assignment,ASG-002589,applicability,확인필요,해당,② 시설 옮김
duty_assignment,ASG-002589,applicability_note,관리주체 확인 필요(FMS 관리주체 정보 없음·추정) — 용인시 관리면 「해당」으로,시연 배정을 용인시 관리 시설로 옮김(원래 안대지천교 — 관리주체 확인필요),② 시설 옮김
duty_assignment,ASG-002591,asset_id,BR0000-0000002,BR1992-0000156,② 시설 옮김
duty_assignment,ASG-002591,applicability,확인필요,해당,② 시설 옮김
duty_assignment,ASG-002591,applicability_note,관리주체 확인 필요(FMS 관리주체 정보 없음·추정) — 용인시 관리면 「해당」으로,시연 배정을 용인시 관리 시설로 옮김(원래 꽃터교(안대지2교) — 관리주체 확인필요),② 시설 옮김
duty_assignment,ASG-002592,asset_id,BR1018-0000001,BR1992-0000904,② 시설 옮김
duty_assignment,ASG-002592,applicability,비해당,해당,② 시설 옮김
duty_assignment,ASG-002592,applicability_note,관리주체 타기관(수원국토관리사무소) — 용인시 관리 시설 아님(FMS 관리주체 · 09-24),시연 배정을 용인시 관리 시설로 옮김(원래 하고개교(상행) — 관리주체 수원국토관리사무소),② 시설 옮김
duty_assignment,ASG-002592,decided_by,G01,,② 시설 옮김
duty_assignment,ASG-002592,decided_at,2026-09-24,,② 시설 옮김
duty_assignment,ASG-002593,asset_id,BR1900-0000009,BR1993-0000845,② 시설 옮김
duty_assignment,ASG-002593,applicability,확인필요,해당,② 시설 옮김
duty_assignment,ASG-002593,applicability_note,관리주체 확인 필요(FMS 관리주체 정보 없음·추정) — 용인시 관리면 「해당」으로,시연 배정을 용인시 관리 시설로 옮김(원래 안대지천교 — 관리주체 확인필요),② 시설 옮김
duty_assignment,ASG-002595,asset_id,BR0000-0000002,BR1992-0000156,② 시설 옮김
duty_assignment,ASG-002595,applicability,확인필요,해당,② 시설 옮김
duty_assignment,ASG-002595,applicability_note,관리주체 확인 필요(FMS 관리주체 정보 없음·추정) — 용인시 관리면 「해당」으로,시연 배정을 용인시 관리 시설로 옮김(원래 꽃터교(안대지2교) — 관리주체 확인필요),② 시설 옮김
duty_assignment,ASG-002596,asset_id,BR1018-0000001,BR1992-0000904,② 시설 옮김
duty_assignment,ASG-002596,applicability,비해당,해당,② 시설 옮김
duty_assignment,ASG-002596,applicability_note,관리주체 타기관(수원국토관리사무소) — 용인시 관리 시설 아님(FMS 관리주체 · 09-24),시연 배정을 용인시 관리 시설로 옮김(원래 하고개교(상행) — 관리주체 수원국토관리사무소),② 시설 옮김
duty_assignment,ASG-002596,decided_by,G01,,② 시설 옮김
duty_assignment,ASG-002596,decided_at,2026-09-24,,② 시설 옮김
duty_assignment,ASG-002597,asset_id,BR1900-0000009,BR1993-0000845,② 시설 옮김
duty_assignment,ASG-002597,applicability,확인필요,해당,② 시설 옮김
duty_assignment,ASG-002597,applicability_note,관리주체 확인 필요(FMS 관리주체 정보 없음·추정) — 용인시 관리면 「해당」으로,시연 배정을 용인시 관리 시설로 옮김(원래 안대지천교 — 관리주체 확인필요),② 시설 옮김
duty_assignment,ASG-002599,asset_id,BR0000-0000002,BR1992-0000156,② 시설 옮김
duty_assignment,ASG-002599,applicability,확인필요,해당,② 시설 옮김
duty_assignment,ASG-002599,applicability_note,관리주체 확인 필요(FMS 관리주체 정보 없음·추정) — 용인시 관리면 「해당」으로,시연 배정을 용인시 관리 시설로 옮김(원래 꽃터교(안대지2교) — 관리주체 확인필요),② 시설 옮김
duty_assignment,ASG-002600,asset_id,BR1018-0000001,BR1992-0000904,② 시설 옮김
duty_assignment,ASG-002600,applicability,비해당,해당,② 시설 옮김
duty_assignment,ASG-002600,applicability_note,관리주체 타기관(수원국토관리사무소) — 용인시 관리 시설 아님(FMS 관리주체 · 09-24),시연 배정을 용인시 관리 시설로 옮김(원래 하고개교(상행) — 관리주체 수원국토관리사무소),② 시설 옮김
duty_assignment,ASG-002600,decided_by,G01,,② 시설 옮김
duty_assignment,ASG-002600,decided_at,2026-09-24,,② 시설 옮김
duty_assignment,ASG-002601,asset_id,BR1900-0000009,BR1993-0000845,② 시설 옮김
duty_assignment,ASG-002601,applicability,확인필요,해당,② 시설 옮김
duty_assignment,ASG-002601,applicability_note,관리주체 확인 필요(FMS 관리주체 정보 없음·추정) — 용인시 관리면 「해당」으로,시연 배정을 용인시 관리 시설로 옮김(원래 안대지천교 — 관리주체 확인필요),② 시설 옮김
duty_assignment,ASG-002603,asset_id,BR0000-0000002,BR1992-0000156,② 시설 옮김
duty_assignment,ASG-002603,applicability,확인필요,해당,② 시설 옮김
duty_assignment,ASG-002603,applicability_note,관리주체 확인 필요(FMS 관리주체 정보 없음·추정) — 용인시 관리면 「해당」으로,시연 배정을 용인시 관리 시설로 옮김(원래 꽃터교(안대지2교) — 관리주체 확인필요),② 시설 옮김
duty_assignment,ASG-002604,asset_id,BR1018-0000001,BR1992-0000904,② 시설 옮김
duty_assignment,ASG-002604,applicability,비해당,해당,② 시설 옮김
duty_assignment,ASG-002604,applicability_note,관리주체 타기관(수원국토관리사무소) — 용인시 관리 시설 아님(FMS 관리주체 · 09-24),시연 배정을 용인시 관리 시설로 옮김(원래 하고개교(상행) — 관리주체 수원국토관리사무소),② 시설 옮김
duty_assignment,ASG-002604,decided_by,G01,,② 시설 옮김
duty_assignment,ASG-002604,decided_at,2026-09-24,,② 시설 옮김
duty_assignment,ASG-002605,asset_id,BR1900-0000009,BR1993-0000845,② 시설 옮김
duty_assignment,ASG-002605,applicability,확인필요,해당,② 시설 옮김
duty_assignment,ASG-002605,applicability_note,관리주체 확인 필요(FMS 관리주체 정보 없음·추정) — 용인시 관리면 「해당」으로,시연 배정을 용인시 관리 시설로 옮김(원래 안대지천교 — 관리주체 확인필요),② 시설 옮김
duty_assignment,ASG-002607,asset_id,BR0000-0000002,BR1992-0000156,② 시설 옮김
duty_assignment,ASG-002607,applicability,확인필요,해당,② 시설 옮김
duty_assignment,ASG-002607,applicability_note,관리주체 확인 필요(FMS 관리주체 정보 없음·추정) — 용인시 관리면 「해당」으로,시연 배정을 용인시 관리 시설로 옮김(원래 꽃터교(안대지2교) — 관리주체 확인필요),② 시설 옮김
duty_assignment,ASG-002608,asset_id,BR1018-0000001,BR1992-0000904,② 시설 옮김
duty_assignment,ASG-002608,applicability,비해당,해당,② 시설 옮김
duty_assignment,ASG-002608,applicability_note,관리주체 타기관(수원국토관리사무소) — 용인시 관리 시설 아님(FMS 관리주체 · 09-24),시연 배정을 용인시 관리 시설로 옮김(원래 하고개교(상행) — 관리주체 수원국토관리사무소),② 시설 옮김
duty_assignment,ASG-002608,decided_by,G01,,② 시설 옮김
duty_assignment,ASG-002608,decided_at,2026-09-24,,② 시설 옮김
duty_assignment,ASG-002609,asset_id,BR1900-0000009,BR1993-0000845,② 시설 옮김
duty_assignment,ASG-002609,applicability,확인필요,해당,② 시설 옮김
duty_assignment,ASG-002609,applicability_note,관리주체 확인 필요(FMS 관리주체 정보 없음·추정) — 용인시 관리면 「해당」으로,시연 배정을 용인시 관리 시설로 옮김(원래 안대지천교 — 관리주체 확인필요),② 시설 옮김
duty_assignment,ASG-002611,asset_id,BR0000-0000002,BR1992-0000156,② 시설 옮김
duty_assignment,ASG-002611,applicability,확인필요,해당,② 시설 옮김
duty_assignment,ASG-002611,applicability_note,관리주체 확인 필요(FMS 관리주체 정보 없음·추정) — 용인시 관리면 「해당」으로,시연 배정을 용인시 관리 시설로 옮김(원래 꽃터교(안대지2교) — 관리주체 확인필요),② 시설 옮김
duty_assignment,ASG-002612,asset_id,BR1018-0000001,BR1992-0000904,② 시설 옮김
duty_assignment,ASG-002612,applicability,비해당,해당,② 시설 옮김
duty_assignment,ASG-002612,applicability_note,관리주체 타기관(수원국토관리사무소) — 용인시 관리 시설 아님(FMS 관리주체 · 09-24),시연 배정을 용인시 관리 시설로 옮김(원래 하고개교(상행) — 관리주체 수원국토관리사무소),② 시설 옮김
duty_assignment,ASG-002612,decided_by,G01,,② 시설 옮김
duty_assignment,ASG-002612,decided_at,2026-09-24,,② 시설 옮김
duty_assignment,ASG-002613,asset_id,BR1900-0000009,BR1993-0000845,② 시설 옮김
duty_assignment,ASG-002613,applicability,확인필요,해당,② 시설 옮김
duty_assignment,ASG-002613,applicability_note,관리주체 확인 필요(FMS 관리주체 정보 없음·추정) — 용인시 관리면 「해당」으로,시연 배정을 용인시 관리 시설로 옮김(원래 안대지천교 — 관리주체 확인필요),② 시설 옮김
duty_assignment,ASG-002630,applicability,확인필요,해당,① 관리주체 확정 — 되돌림
duty_assignment,ASG-002630,applicability_note,관리주체 확인 필요(FMS 관리주체 정보 없음·추정) — 용인시 관리면 「해당」으로,,① 관리주체 확정 — 되돌림
duty_assignment,ASG-002631,applicability,확인필요,해당,① 관리주체 확정 — 되돌림
duty_assignment,ASG-002631,applicability_note,관리주체 확인 필요(FMS 관리주체 정보 없음·추정) — 용인시 관리면 「해당」으로,,① 관리주체 확정 — 되돌림
duty_assignment,ASG-002632,applicability,확인필요,해당,① 관리주체 확정 — 되돌림
duty_assignment,ASG-002632,applicability_note,관리주체 확인 필요(FMS 관리주체 정보 없음·추정) — 용인시 관리면 「해당」으로,,① 관리주체 확정 — 되돌림
duty_assignment,ASG-002634,applicability,확인필요,해당,① 관리주체 확정 — 되돌림
duty_assignment,ASG-002634,applicability_note,관리주체 확인 필요(FMS 관리주체 정보 없음·추정) — 용인시 관리면 「해당」으로,,① 관리주체 확정 — 되돌림
duty_assignment,ASG-002635,applicability,확인필요,해당,① 관리주체 확정 — 되돌림
duty_assignment,ASG-002635,applicability_note,관리주체 확인 필요(FMS 관리주체 정보 없음·추정) — 용인시 관리면 「해당」으로,,① 관리주체 확정 — 되돌림
duty_assignment,ASG-002636,applicability,확인필요,해당,① 관리주체 확정 — 되돌림
duty_assignment,ASG-002636,applicability_note,관리주체 확인 필요(FMS 관리주체 정보 없음·추정) — 용인시 관리면 「해당」으로,,① 관리주체 확정 — 되돌림
duty_assignment,ASG-002638,applicability,확인필요,해당,① 관리주체 확정 — 되돌림
duty_assignment,ASG-002638,applicability_note,관리주체 확인 필요(FMS 관리주체 정보 없음·추정) — 용인시 관리면 「해당」으로,,① 관리주체 확정 — 되돌림
duty_assignment,ASG-002639,applicability,확인필요,해당,① 관리주체 확정 — 되돌림
duty_assignment,ASG-002639,applicability_note,관리주체 확인 필요(FMS 관리주체 정보 없음·추정) — 용인시 관리면 「해당」으로,,① 관리주체 확정 — 되돌림
duty_assignment,ASG-002640,applicability,확인필요,해당,① 관리주체 확정 — 되돌림
duty_assignment,ASG-002640,applicability_note,관리주체 확인 필요(FMS 관리주체 정보 없음·추정) — 용인시 관리면 「해당」으로,,① 관리주체 확정 — 되돌림
duty_assignment,ASG-002642,applicability,확인필요,해당,① 관리주체 확정 — 되돌림
duty_assignment,ASG-002642,applicability_note,관리주체 확인 필요(FMS 관리주체 정보 없음·추정) — 용인시 관리면 「해당」으로,,① 관리주체 확정 — 되돌림
duty_assignment,ASG-002643,applicability,확인필요,해당,① 관리주체 확정 — 되돌림
duty_assignment,ASG-002643,applicability_note,관리주체 확인 필요(FMS 관리주체 정보 없음·추정) — 용인시 관리면 「해당」으로,,① 관리주체 확정 — 되돌림
duty_assignment,ASG-002644,applicability,확인필요,해당,① 관리주체 확정 — 되돌림
duty_assignment,ASG-002644,applicability_note,관리주체 확인 필요(FMS 관리주체 정보 없음·추정) — 용인시 관리면 「해당」으로,,① 관리주체 확정 — 되돌림
duty_assignment,ASG-002646,applicability,확인필요,해당,① 관리주체 확정 — 되돌림
duty_assignment,ASG-002646,applicability_note,관리주체 확인 필요(FMS 관리주체 정보 없음·추정) — 용인시 관리면 「해당」으로,,① 관리주체 확정 — 되돌림
duty_assignment,ASG-002647,applicability,확인필요,해당,① 관리주체 확정 — 되돌림
duty_assignment,ASG-002647,applicability_note,관리주체 확인 필요(FMS 관리주체 정보 없음·추정) — 용인시 관리면 「해당」으로,,① 관리주체 확정 — 되돌림
duty_assignment,ASG-002648,applicability,확인필요,해당,① 관리주체 확정 — 되돌림
duty_assignment,ASG-002648,applicability_note,관리주체 확인 필요(FMS 관리주체 정보 없음·추정) — 용인시 관리면 「해당」으로,,① 관리주체 확정 — 되돌림
duty_assignment,ASG-002650,applicability,확인필요,해당,① 관리주체 확정 — 되돌림
duty_assignment,ASG-002650,applicability_note,관리주체 확인 필요(FMS 관리주체 정보 없음·추정) — 용인시 관리면 「해당」으로,,① 관리주체 확정 — 되돌림
duty_assignment,ASG-002651,applicability,확인필요,해당,① 관리주체 확정 — 되돌림
duty_assignment,ASG-002651,applicability_note,관리주체 확인 필요(FMS 관리주체 정보 없음·추정) — 용인시 관리면 「해당」으로,,① 관리주체 확정 — 되돌림
duty_assignment,ASG-002652,applicability,확인필요,해당,① 관리주체 확정 — 되돌림
duty_assignment,ASG-002652,applicability_note,관리주체 확인 필요(FMS 관리주체 정보 없음·추정) — 용인시 관리면 「해당」으로,,① 관리주체 확정 — 되돌림
duty_assignment,ASG-002654,applicability,확인필요,해당,① 관리주체 확정 — 되돌림
duty_assignment,ASG-002654,applicability_note,관리주체 확인 필요(FMS 관리주체 정보 없음·추정) — 용인시 관리면 「해당」으로,,① 관리주체 확정 — 되돌림
duty_assignment,ASG-002655,applicability,확인필요,해당,① 관리주체 확정 — 되돌림
duty_assignment,ASG-002655,applicability_note,관리주체 확인 필요(FMS 관리주체 정보 없음·추정) — 용인시 관리면 「해당」으로,,① 관리주체 확정 — 되돌림
duty_assignment,ASG-002656,applicability,확인필요,해당,① 관리주체 확정 — 되돌림
duty_assignment,ASG-002656,applicability_note,관리주체 확인 필요(FMS 관리주체 정보 없음·추정) — 용인시 관리면 「해당」으로,,① 관리주체 확정 — 되돌림
duty_assignment,ASG-002658,applicability,확인필요,해당,① 관리주체 확정 — 되돌림
duty_assignment,ASG-002658,applicability_note,관리주체 확인 필요(FMS 관리주체 정보 없음·추정) — 용인시 관리면 「해당」으로,,① 관리주체 확정 — 되돌림
duty_assignment,ASG-002659,applicability,확인필요,해당,① 관리주체 확정 — 되돌림
duty_assignment,ASG-002659,applicability_note,관리주체 확인 필요(FMS 관리주체 정보 없음·추정) — 용인시 관리면 「해당」으로,,① 관리주체 확정 — 되돌림
duty_assignment,ASG-002660,applicability,확인필요,해당,① 관리주체 확정 — 되돌림
duty_assignment,ASG-002660,applicability_note,관리주체 확인 필요(FMS 관리주체 정보 없음·추정) — 용인시 관리면 「해당」으로,,① 관리주체 확정 — 되돌림
duty_assignment,ASG-002662,applicability,확인필요,해당,① 관리주체 확정 — 되돌림
duty_assignment,ASG-002662,applicability_note,관리주체 확인 필요(FMS 관리주체 정보 없음·추정) — 용인시 관리면 「해당」으로,,① 관리주체 확정 — 되돌림
duty_assignment,ASG-002663,applicability,확인필요,해당,① 관리주체 확정 — 되돌림
duty_assignment,ASG-002663,applicability_note,관리주체 확인 필요(FMS 관리주체 정보 없음·추정) — 용인시 관리면 「해당」으로,,① 관리주체 확정 — 되돌림
duty_assignment,ASG-002664,applicability,확인필요,해당,① 관리주체 확정 — 되돌림
duty_assignment,ASG-002664,applicability_note,관리주체 확인 필요(FMS 관리주체 정보 없음·추정) — 용인시 관리면 「해당」으로,,① 관리주체 확정 — 되돌림
duty_assignment,ASG-002666,applicability,확인필요,해당,① 관리주체 확정 — 되돌림
duty_assignment,ASG-002666,applicability_note,관리주체 확인 필요(FMS 관리주체 정보 없음·추정) — 용인시 관리면 「해당」으로,,① 관리주체 확정 — 되돌림
duty_assignment,ASG-002667,applicability,확인필요,해당,① 관리주체 확정 — 되돌림
duty_assignment,ASG-002667,applicability_note,관리주체 확인 필요(FMS 관리주체 정보 없음·추정) — 용인시 관리면 「해당」으로,,① 관리주체 확정 — 되돌림
duty_assignment,ASG-002668,applicability,확인필요,해당,① 관리주체 확정 — 되돌림
duty_assignment,ASG-002668,applicability_note,관리주체 확인 필요(FMS 관리주체 정보 없음·추정) — 용인시 관리면 「해당」으로,,① 관리주체 확정 — 되돌림
duty_assignment,ASG-002670,applicability,확인필요,해당,① 관리주체 확정 — 되돌림
duty_assignment,ASG-002670,applicability_note,관리주체 확인 필요(FMS 관리주체 정보 없음·추정) — 용인시 관리면 「해당」으로,,① 관리주체 확정 — 되돌림
duty_assignment,ASG-002671,applicability,확인필요,해당,① 관리주체 확정 — 되돌림
duty_assignment,ASG-002671,applicability_note,관리주체 확인 필요(FMS 관리주체 정보 없음·추정) — 용인시 관리면 「해당」으로,,① 관리주체 확정 — 되돌림
duty_assignment,ASG-002672,applicability,확인필요,해당,① 관리주체 확정 — 되돌림
duty_assignment,ASG-002672,applicability_note,관리주체 확인 필요(FMS 관리주체 정보 없음·추정) — 용인시 관리면 「해당」으로,,① 관리주체 확정 — 되돌림
duty_assignment,ASG-002674,applicability,확인필요,해당,① 관리주체 확정 — 되돌림
duty_assignment,ASG-002674,applicability_note,관리주체 확인 필요(FMS 관리주체 정보 없음·추정) — 용인시 관리면 「해당」으로,,① 관리주체 확정 — 되돌림
duty_assignment,ASG-002675,applicability,확인필요,해당,① 관리주체 확정 — 되돌림
duty_assignment,ASG-002675,applicability_note,관리주체 확인 필요(FMS 관리주체 정보 없음·추정) — 용인시 관리면 「해당」으로,,① 관리주체 확정 — 되돌림
duty_assignment,ASG-002676,applicability,확인필요,해당,① 관리주체 확정 — 되돌림
duty_assignment,ASG-002676,applicability_note,관리주체 확인 필요(FMS 관리주체 정보 없음·추정) — 용인시 관리면 「해당」으로,,① 관리주체 확정 — 되돌림
duty_assignment,ASG-002678,applicability,확인필요,해당,① 관리주체 확정 — 되돌림
duty_assignment,ASG-002678,applicability_note,관리주체 확인 필요(FMS 관리주체 정보 없음·추정) — 용인시 관리면 「해당」으로,,① 관리주체 확정 — 되돌림
duty_assignment,ASG-002679,applicability,확인필요,해당,① 관리주체 확정 — 되돌림
duty_assignment,ASG-002679,applicability_note,관리주체 확인 필요(FMS 관리주체 정보 없음·추정) — 용인시 관리면 「해당」으로,,① 관리주체 확정 — 되돌림
duty_assignment,ASG-002680,applicability,확인필요,해당,① 관리주체 확정 — 되돌림
duty_assignment,ASG-002680,applicability_note,관리주체 확인 필요(FMS 관리주체 정보 없음·추정) — 용인시 관리면 「해당」으로,,① 관리주체 확정 — 되돌림
duty_assignment,ASG-002682,applicability,확인필요,해당,① 관리주체 확정 — 되돌림
duty_assignment,ASG-002682,applicability_note,관리주체 확인 필요(FMS 관리주체 정보 없음·추정) — 용인시 관리면 「해당」으로,,① 관리주체 확정 — 되돌림
duty_assignment,ASG-002683,applicability,확인필요,해당,① 관리주체 확정 — 되돌림
duty_assignment,ASG-002683,applicability_note,관리주체 확인 필요(FMS 관리주체 정보 없음·추정) — 용인시 관리면 「해당」으로,,① 관리주체 확정 — 되돌림
duty_assignment,ASG-002684,applicability,확인필요,해당,① 관리주체 확정 — 되돌림
duty_assignment,ASG-002684,applicability_note,관리주체 확인 필요(FMS 관리주체 정보 없음·추정) — 용인시 관리면 「해당」으로,,① 관리주체 확정 — 되돌림
duty_assignment,ASG-002686,applicability,확인필요,해당,① 관리주체 확정 — 되돌림
duty_assignment,ASG-002686,applicability_note,관리주체 확인 필요(FMS 관리주체 정보 없음·추정) — 용인시 관리면 「해당」으로,,① 관리주체 확정 — 되돌림
duty_assignment,ASG-002687,applicability,확인필요,해당,① 관리주체 확정 — 되돌림
duty_assignment,ASG-002687,applicability_note,관리주체 확인 필요(FMS 관리주체 정보 없음·추정) — 용인시 관리면 「해당」으로,,① 관리주체 확정 — 되돌림
duty_assignment,ASG-002688,applicability,확인필요,해당,① 관리주체 확정 — 되돌림
duty_assignment,ASG-002688,applicability_note,관리주체 확인 필요(FMS 관리주체 정보 없음·추정) — 용인시 관리면 「해당」으로,,① 관리주체 확정 — 되돌림
duty_assignment,ASG-002690,applicability,확인필요,해당,① 관리주체 확정 — 되돌림
duty_assignment,ASG-002690,applicability_note,관리주체 확인 필요(FMS 관리주체 정보 없음·추정) — 용인시 관리면 「해당」으로,,① 관리주체 확정 — 되돌림
duty_assignment,ASG-002691,applicability,확인필요,해당,① 관리주체 확정 — 되돌림
duty_assignment,ASG-002691,applicability_note,관리주체 확인 필요(FMS 관리주체 정보 없음·추정) — 용인시 관리면 「해당」으로,,① 관리주체 확정 — 되돌림
duty_assignment,ASG-002692,applicability,확인필요,해당,① 관리주체 확정 — 되돌림
duty_assignment,ASG-002692,applicability_note,관리주체 확인 필요(FMS 관리주체 정보 없음·추정) — 용인시 관리면 「해당」으로,,① 관리주체 확정 — 되돌림
duty_assignment,ASG-002694,applicability,확인필요,해당,① 관리주체 확정 — 되돌림
duty_assignment,ASG-002694,applicability_note,관리주체 확인 필요(FMS 관리주체 정보 없음·추정) — 용인시 관리면 「해당」으로,,① 관리주체 확정 — 되돌림
duty_assignment,ASG-002695,applicability,확인필요,해당,① 관리주체 확정 — 되돌림
duty_assignment,ASG-002695,applicability_note,관리주체 확인 필요(FMS 관리주체 정보 없음·추정) — 용인시 관리면 「해당」으로,,① 관리주체 확정 — 되돌림
duty_assignment,ASG-002696,applicability,확인필요,해당,① 관리주체 확정 — 되돌림
duty_assignment,ASG-002696,applicability_note,관리주체 확인 필요(FMS 관리주체 정보 없음·추정) — 용인시 관리면 「해당」으로,,① 관리주체 확정 — 되돌림
duty_assignment,ASG-002698,applicability,확인필요,해당,① 관리주체 확정 — 되돌림
duty_assignment,ASG-002698,applicability_note,관리주체 확인 필요(FMS 관리주체 정보 없음·추정) — 용인시 관리면 「해당」으로,,① 관리주체 확정 — 되돌림
duty_assignment,ASG-002699,applicability,확인필요,해당,① 관리주체 확정 — 되돌림
duty_assignment,ASG-002699,applicability_note,관리주체 확인 필요(FMS 관리주체 정보 없음·추정) — 용인시 관리면 「해당」으로,,① 관리주체 확정 — 되돌림
duty_assignment,ASG-002700,applicability,확인필요,해당,① 관리주체 확정 — 되돌림
duty_assignment,ASG-002700,applicability_note,관리주체 확인 필요(FMS 관리주체 정보 없음·추정) — 용인시 관리면 「해당」으로,,① 관리주체 확정 — 되돌림
duty_assignment,ASG-002702,applicability,확인필요,해당,① 관리주체 확정 — 되돌림
duty_assignment,ASG-002702,applicability_note,관리주체 확인 필요(FMS 관리주체 정보 없음·추정) — 용인시 관리면 「해당」으로,,① 관리주체 확정 — 되돌림
duty_assignment,ASG-002703,applicability,확인필요,해당,① 관리주체 확정 — 되돌림
duty_assignment,ASG-002703,applicability_note,관리주체 확인 필요(FMS 관리주체 정보 없음·추정) — 용인시 관리면 「해당」으로,,① 관리주체 확정 — 되돌림
duty_assignment,ASG-002704,applicability,확인필요,해당,① 관리주체 확정 — 되돌림
duty_assignment,ASG-002704,applicability_note,관리주체 확인 필요(FMS 관리주체 정보 없음·추정) — 용인시 관리면 「해당」으로,,① 관리주체 확정 — 되돌림
duty_assignment,ASG-002707,asset_id,AR1967-0000142,AR2004-0004612,② 시설 옮김
duty_assignment,ASG-002707,applicability,비해당,해당,② 시설 옮김
duty_assignment,ASG-002707,applicability_note,관리주체 아님(시설 판정 「제외」) — 비해당으로 닫음(09-24 결정),시연 배정을 용인시 관리 시설로 옮김(원래 고기초등학교 교사동 — 관리주체 확인필요),② 시설 옮김
duty_assignment,ASG-002707,decided_by,G01,,② 시설 옮김
duty_assignment,ASG-002707,decided_at,2026-09-24,,② 시설 옮김
duty_assignment,ASG-002708,asset_id,AR1969-0000298,AR2005-0003904,② 시설 옮김
duty_assignment,ASG-002708,applicability,비해당,해당,② 시설 옮김
duty_assignment,ASG-002708,applicability_note,관리주체 아님(시설 판정 「제외」) — 비해당으로 닫음(09-24 결정),시연 배정을 용인시 관리 시설로 옮김(원래 두창초등학교 교사1호동 — 관리주체 확인필요),② 시설 옮김
duty_assignment,ASG-002708,decided_by,G01,,② 시설 옮김
duty_assignment,ASG-002708,decided_at,2026-09-24,,② 시설 옮김
duty_assignment,ASG-002709,asset_id,AR1969-0000299,AR2005-0003905,② 시설 옮김
duty_assignment,ASG-002709,applicability,비해당,해당,② 시설 옮김
duty_assignment,ASG-002709,applicability_note,관리주체 아님(시설 판정 「제외」) — 비해당으로 닫음(09-24 결정),시연 배정을 용인시 관리 시설로 옮김(원래 백암고등학교 교사동(1호동) — 관리주체 확인필요),② 시설 옮김
duty_assignment,ASG-002709,decided_by,G01,,② 시설 옮김
duty_assignment,ASG-002709,decided_at,2026-09-24,,② 시설 옮김
duty_assignment,ASG-002721,asset_id,AR1967-0000142,AR2004-0004612,② 시설 옮김
duty_assignment,ASG-002721,applicability,비해당,해당,② 시설 옮김
duty_assignment,ASG-002721,applicability_note,관리주체 아님(시설 판정 「제외」) — 비해당으로 닫음(09-24 결정),시연 배정을 용인시 관리 시설로 옮김(원래 고기초등학교 교사동 — 관리주체 확인필요),② 시설 옮김
duty_assignment,ASG-002721,decided_by,G01,,② 시설 옮김
duty_assignment,ASG-002721,decided_at,2026-09-24,,② 시설 옮김
duty_assignment,ASG-002722,asset_id,AR1969-0000298,AR2005-0003904,② 시설 옮김
duty_assignment,ASG-002722,applicability,비해당,해당,② 시설 옮김
duty_assignment,ASG-002722,applicability_note,관리주체 아님(시설 판정 「제외」) — 비해당으로 닫음(09-24 결정),시연 배정을 용인시 관리 시설로 옮김(원래 두창초등학교 교사1호동 — 관리주체 확인필요),② 시설 옮김
duty_assignment,ASG-002722,decided_by,G01,,② 시설 옮김
duty_assignment,ASG-002722,decided_at,2026-09-24,,② 시설 옮김
duty_assignment,ASG-002723,asset_id,AR1969-0000299,AR2005-0003905,② 시설 옮김
duty_assignment,ASG-002723,applicability,비해당,해당,② 시설 옮김
duty_assignment,ASG-002723,applicability_note,관리주체 아님(시설 판정 「제외」) — 비해당으로 닫음(09-24 결정),시연 배정을 용인시 관리 시설로 옮김(원래 백암고등학교 교사동(1호동) — 관리주체 확인필요),② 시설 옮김
duty_assignment,ASG-002723,decided_by,G01,,② 시설 옮김
duty_assignment,ASG-002723,decided_at,2026-09-24,,② 시설 옮김
duty_assignment,ASG-002725,asset_id,AR1967-0000142,AR2004-0004612,② 시설 옮김
duty_assignment,ASG-002725,applicability,비해당,해당,② 시설 옮김
duty_assignment,ASG-002725,applicability_note,관리주체 아님(시설 판정 「제외」) — 비해당으로 닫음(09-24 결정),시연 배정을 용인시 관리 시설로 옮김(원래 고기초등학교 교사동 — 관리주체 확인필요),② 시설 옮김
duty_assignment,ASG-002725,decided_by,G01,,② 시설 옮김
duty_assignment,ASG-002725,decided_at,2026-09-24,,② 시설 옮김
duty_assignment,ASG-002726,asset_id,AR1969-0000298,AR2005-0003904,② 시설 옮김
duty_assignment,ASG-002726,applicability,비해당,해당,② 시설 옮김
duty_assignment,ASG-002726,applicability_note,관리주체 아님(시설 판정 「제외」) — 비해당으로 닫음(09-24 결정),시연 배정을 용인시 관리 시설로 옮김(원래 두창초등학교 교사1호동 — 관리주체 확인필요),② 시설 옮김
duty_assignment,ASG-002726,decided_by,G01,,② 시설 옮김
duty_assignment,ASG-002726,decided_at,2026-09-24,,② 시설 옮김
duty_assignment,ASG-002727,asset_id,AR1969-0000299,AR2005-0003905,② 시설 옮김
duty_assignment,ASG-002727,applicability,비해당,해당,② 시설 옮김
duty_assignment,ASG-002727,applicability_note,관리주체 아님(시설 판정 「제외」) — 비해당으로 닫음(09-24 결정),시연 배정을 용인시 관리 시설로 옮김(원래 백암고등학교 교사동(1호동) — 관리주체 확인필요),② 시설 옮김
duty_assignment,ASG-002727,decided_by,G01,,② 시설 옮김
duty_assignment,ASG-002727,decided_at,2026-09-24,,② 시설 옮김
duty_assignment,ASG-002729,asset_id,AR1967-0000142,AR2004-0004612,② 시설 옮김
duty_assignment,ASG-002729,applicability,비해당,해당,② 시설 옮김
duty_assignment,ASG-002729,applicability_note,관리주체 아님(시설 판정 「제외」) — 비해당으로 닫음(09-24 결정),시연 배정을 용인시 관리 시설로 옮김(원래 고기초등학교 교사동 — 관리주체 확인필요),② 시설 옮김
duty_assignment,ASG-002729,decided_by,G01,,② 시설 옮김
duty_assignment,ASG-002729,decided_at,2026-09-24,,② 시설 옮김
duty_assignment,ASG-002730,asset_id,AR1969-0000298,AR2005-0003904,② 시설 옮김
duty_assignment,ASG-002730,applicability,비해당,해당,② 시설 옮김
duty_assignment,ASG-002730,applicability_note,관리주체 아님(시설 판정 「제외」) — 비해당으로 닫음(09-24 결정),시연 배정을 용인시 관리 시설로 옮김(원래 두창초등학교 교사1호동 — 관리주체 확인필요),② 시설 옮김
duty_assignment,ASG-002730,decided_by,G01,,② 시설 옮김
duty_assignment,ASG-002730,decided_at,2026-09-24,,② 시설 옮김
duty_assignment,ASG-002731,asset_id,AR1969-0000299,AR2005-0003905,② 시설 옮김
duty_assignment,ASG-002731,applicability,비해당,해당,② 시설 옮김
duty_assignment,ASG-002731,applicability_note,관리주체 아님(시설 판정 「제외」) — 비해당으로 닫음(09-24 결정),시연 배정을 용인시 관리 시설로 옮김(원래 백암고등학교 교사동(1호동) — 관리주체 확인필요),② 시설 옮김
duty_assignment,ASG-002731,decided_by,G01,,② 시설 옮김
duty_assignment,ASG-002731,decided_at,2026-09-24,,② 시설 옮김
duty_assignment,ASG-002788,asset_id,BR0000-0000002,BR1992-0000156,② 시설 옮김
duty_assignment,ASG-002788,applicability,확인필요,해당,② 시설 옮김
duty_assignment,ASG-002788,applicability_note,관리주체 확인 필요(FMS 관리주체 정보 없음·추정) — 용인시 관리면 「해당」으로,시연 배정을 용인시 관리 시설로 옮김(원래 꽃터교(안대지2교) — 관리주체 확인필요),② 시설 옮김
duty_assignment,ASG-002789,asset_id,BR1018-0000001,BR1992-0000904,② 시설 옮김
duty_assignment,ASG-002789,applicability,비해당,해당,② 시설 옮김
duty_assignment,ASG-002789,applicability_note,관리주체 타기관(수원국토관리사무소) — 용인시 관리 시설 아님(FMS 관리주체 · 09-24),시연 배정을 용인시 관리 시설로 옮김(원래 하고개교(상행) — 관리주체 수원국토관리사무소),② 시설 옮김
duty_assignment,ASG-002789,decided_by,G01,,② 시설 옮김
duty_assignment,ASG-002789,decided_at,2026-09-24,,② 시설 옮김
duty_assignment,ASG-002790,asset_id,BR1900-0000009,BR1993-0000845,② 시설 옮김
duty_assignment,ASG-002790,applicability,확인필요,해당,② 시설 옮김
duty_assignment,ASG-002790,applicability_note,관리주체 확인 필요(FMS 관리주체 정보 없음·추정) — 용인시 관리면 「해당」으로,시연 배정을 용인시 관리 시설로 옮김(원래 안대지천교 — 관리주체 확인필요),② 시설 옮김
duty_assignment,ASG-002966,applicability,확인필요,해당,① 관리주체 확정 — 되돌림
duty_assignment,ASG-002966,applicability_note,관리주체 확인 필요(FMS 관리주체 정보 없음·추정) — 용인시 관리면 「해당」으로,,① 관리주체 확정 — 되돌림
duty_assignment,ASG-002967,applicability,확인필요,해당,① 관리주체 확정 — 되돌림
duty_assignment,ASG-002967,applicability_note,관리주체 확인 필요(FMS 관리주체 정보 없음·추정) — 용인시 관리면 「해당」으로,,① 관리주체 확정 — 되돌림
duty_assignment,ASG-002968,applicability,확인필요,해당,① 관리주체 확정 — 되돌림
duty_assignment,ASG-002968,applicability_note,관리주체 확인 필요(FMS 관리주체 정보 없음·추정) — 용인시 관리면 「해당」으로,,① 관리주체 확정 — 되돌림
duty_assignment,ASG-002970,applicability,확인필요,해당,① 관리주체 확정 — 되돌림
duty_assignment,ASG-002970,applicability_note,관리주체 확인 필요(FMS 관리주체 정보 없음·추정) — 용인시 관리면 「해당」으로,,① 관리주체 확정 — 되돌림
duty_assignment,ASG-002971,applicability,확인필요,해당,① 관리주체 확정 — 되돌림
duty_assignment,ASG-002971,applicability_note,관리주체 확인 필요(FMS 관리주체 정보 없음·추정) — 용인시 관리면 「해당」으로,,① 관리주체 확정 — 되돌림
duty_assignment,ASG-002972,applicability,확인필요,해당,① 관리주체 확정 — 되돌림
duty_assignment,ASG-002972,applicability_note,관리주체 확인 필요(FMS 관리주체 정보 없음·추정) — 용인시 관리면 「해당」으로,,① 관리주체 확정 — 되돌림
duty_assignment,ASG-002974,applicability,확인필요,해당,① 관리주체 확정 — 되돌림
duty_assignment,ASG-002974,applicability_note,관리주체 확인 필요(FMS 관리주체 정보 없음·추정) — 용인시 관리면 「해당」으로,,① 관리주체 확정 — 되돌림
duty_assignment,ASG-002975,applicability,확인필요,해당,① 관리주체 확정 — 되돌림
duty_assignment,ASG-002975,applicability_note,관리주체 확인 필요(FMS 관리주체 정보 없음·추정) — 용인시 관리면 「해당」으로,,① 관리주체 확정 — 되돌림
duty_assignment,ASG-002976,applicability,확인필요,해당,① 관리주체 확정 — 되돌림
duty_assignment,ASG-002976,applicability_note,관리주체 확인 필요(FMS 관리주체 정보 없음·추정) — 용인시 관리면 「해당」으로,,① 관리주체 확정 — 되돌림
duty_assignment,ASG-002978,applicability,확인필요,해당,① 관리주체 확정 — 되돌림
duty_assignment,ASG-002978,applicability_note,관리주체 확인 필요(FMS 관리주체 정보 없음·추정) — 용인시 관리면 「해당」으로,,① 관리주체 확정 — 되돌림
duty_assignment,ASG-002979,applicability,확인필요,해당,① 관리주체 확정 — 되돌림
duty_assignment,ASG-002979,applicability_note,관리주체 확인 필요(FMS 관리주체 정보 없음·추정) — 용인시 관리면 「해당」으로,,① 관리주체 확정 — 되돌림
duty_assignment,ASG-002980,applicability,확인필요,해당,① 관리주체 확정 — 되돌림
duty_assignment,ASG-002980,applicability_note,관리주체 확인 필요(FMS 관리주체 정보 없음·추정) — 용인시 관리면 「해당」으로,,① 관리주체 확정 — 되돌림
duty_assignment,ASG-003094,asset_id,AR1967-0000142,AR2004-0004612,② 시설 옮김
duty_assignment,ASG-003094,applicability,비해당,해당,② 시설 옮김
duty_assignment,ASG-003094,applicability_note,관리주체 아님(시설 판정 「제외」) — 비해당으로 닫음(09-24 결정),시연 배정을 용인시 관리 시설로 옮김(원래 고기초등학교 교사동 — 관리주체 확인필요),② 시설 옮김
duty_assignment,ASG-003094,decided_by,G01,,② 시설 옮김
duty_assignment,ASG-003094,decided_at,2026-09-24,,② 시설 옮김
duty_assignment,ASG-003095,asset_id,AR1969-0000298,AR2005-0003904,② 시설 옮김
duty_assignment,ASG-003095,applicability,비해당,해당,② 시설 옮김
duty_assignment,ASG-003095,applicability_note,관리주체 아님(시설 판정 「제외」) — 비해당으로 닫음(09-24 결정),시연 배정을 용인시 관리 시설로 옮김(원래 두창초등학교 교사1호동 — 관리주체 확인필요),② 시설 옮김
duty_assignment,ASG-003095,decided_by,G01,,② 시설 옮김
duty_assignment,ASG-003095,decided_at,2026-09-24,,② 시설 옮김
duty_assignment,ASG-003096,asset_id,AR1969-0000299,AR2005-0003905,② 시설 옮김
duty_assignment,ASG-003096,applicability,비해당,해당,② 시설 옮김
duty_assignment,ASG-003096,applicability_note,관리주체 아님(시설 판정 「제외」) — 비해당으로 닫음(09-24 결정),시연 배정을 용인시 관리 시설로 옮김(원래 백암고등학교 교사동(1호동) — 관리주체 확인필요),② 시설 옮김
duty_assignment,ASG-003096,decided_by,G01,,② 시설 옮김
duty_assignment,ASG-003096,decided_at,2026-09-24,,② 시설 옮김
duty_assignment,ASG-003100,asset_id,AR1967-0000142,AR2004-0004612,② 시설 옮김
duty_assignment,ASG-003100,applicability,비해당,해당,② 시설 옮김
duty_assignment,ASG-003100,applicability_note,관리주체 아님(시설 판정 「제외」) — 비해당으로 닫음(09-24 결정),시연 배정을 용인시 관리 시설로 옮김(원래 고기초등학교 교사동 — 관리주체 확인필요),② 시설 옮김
duty_assignment,ASG-003100,decided_by,G01,,② 시설 옮김
duty_assignment,ASG-003100,decided_at,2026-09-24,,② 시설 옮김
duty_assignment,ASG-003101,asset_id,AR1969-0000298,AR2005-0003904,② 시설 옮김
duty_assignment,ASG-003101,applicability,비해당,해당,② 시설 옮김
duty_assignment,ASG-003101,applicability_note,관리주체 아님(시설 판정 「제외」) — 비해당으로 닫음(09-24 결정),시연 배정을 용인시 관리 시설로 옮김(원래 두창초등학교 교사1호동 — 관리주체 확인필요),② 시설 옮김
duty_assignment,ASG-003101,decided_by,G01,,② 시설 옮김
duty_assignment,ASG-003101,decided_at,2026-09-24,,② 시설 옮김
duty_assignment,ASG-003102,asset_id,AR1969-0000299,AR2005-0003905,② 시설 옮김
duty_assignment,ASG-003102,applicability,비해당,해당,② 시설 옮김
duty_assignment,ASG-003102,applicability_note,관리주체 아님(시설 판정 「제외」) — 비해당으로 닫음(09-24 결정),시연 배정을 용인시 관리 시설로 옮김(원래 백암고등학교 교사동(1호동) — 관리주체 확인필요),② 시설 옮김
duty_assignment,ASG-003102,decided_by,G01,,② 시설 옮김
duty_assignment,ASG-003102,decided_at,2026-09-24,,② 시설 옮김
duty_assignment,ASG-003108,asset_id,AR1967-0000142,AR2004-0004612,② 시설 옮김
duty_assignment,ASG-003108,applicability,비해당,해당,② 시설 옮김
duty_assignment,ASG-003108,applicability_note,관리주체 아님(시설 판정 「제외」) — 비해당으로 닫음(09-24 결정),시연 배정을 용인시 관리 시설로 옮김(원래 고기초등학교 교사동 — 관리주체 확인필요),② 시설 옮김
duty_assignment,ASG-003108,decided_by,G01,,② 시설 옮김
duty_assignment,ASG-003108,decided_at,2026-09-24,,② 시설 옮김
duty_assignment,ASG-003109,asset_id,AR1969-0000298,AR2005-0003904,② 시설 옮김
duty_assignment,ASG-003109,applicability,비해당,해당,② 시설 옮김
duty_assignment,ASG-003109,applicability_note,관리주체 아님(시설 판정 「제외」) — 비해당으로 닫음(09-24 결정),시연 배정을 용인시 관리 시설로 옮김(원래 두창초등학교 교사1호동 — 관리주체 확인필요),② 시설 옮김
duty_assignment,ASG-003109,decided_by,G01,,② 시설 옮김
duty_assignment,ASG-003109,decided_at,2026-09-24,,② 시설 옮김
duty_assignment,ASG-003110,asset_id,AR1969-0000299,AR2005-0003905,② 시설 옮김
duty_assignment,ASG-003110,applicability,비해당,해당,② 시설 옮김
duty_assignment,ASG-003110,applicability_note,관리주체 아님(시설 판정 「제외」) — 비해당으로 닫음(09-24 결정),시연 배정을 용인시 관리 시설로 옮김(원래 백암고등학교 교사동(1호동) — 관리주체 확인필요),② 시설 옮김
duty_assignment,ASG-003110,decided_by,G01,,② 시설 옮김
duty_assignment,ASG-003110,decided_at,2026-09-24,,② 시설 옮김
duty_assignment,ASG-003178,asset_id,BR0000-0000002,BR1992-0000156,② 시설 옮김
duty_assignment,ASG-003178,applicability,확인필요,해당,② 시설 옮김
duty_assignment,ASG-003178,applicability_note,관리주체 확인 필요(FMS 관리주체 정보 없음·추정) — 용인시 관리면 「해당」으로,시연 배정을 용인시 관리 시설로 옮김(원래 꽃터교(안대지2교) — 관리주체 확인필요),② 시설 옮김
duty_assignment,ASG-003179,asset_id,BR1018-0000001,BR1992-0000904,② 시설 옮김
duty_assignment,ASG-003179,applicability,비해당,해당,② 시설 옮김
duty_assignment,ASG-003179,applicability_note,관리주체 타기관(수원국토관리사무소) — 용인시 관리 시설 아님(FMS 관리주체 · 09-24),시연 배정을 용인시 관리 시설로 옮김(원래 하고개교(상행) — 관리주체 수원국토관리사무소),② 시설 옮김
duty_assignment,ASG-003179,decided_by,G01,,② 시설 옮김
duty_assignment,ASG-003179,decided_at,2026-09-24,,② 시설 옮김
duty_assignment,ASG-003180,asset_id,BR1900-0000009,BR1993-0000845,② 시설 옮김
duty_assignment,ASG-003180,applicability,확인필요,해당,② 시설 옮김
duty_assignment,ASG-003180,applicability_note,관리주체 확인 필요(FMS 관리주체 정보 없음·추정) — 용인시 관리면 「해당」으로,시연 배정을 용인시 관리 시설로 옮김(원래 안대지천교 — 관리주체 확인필요),② 시설 옮김
duty_assignment,ASG-003182,asset_id,BR0000-0000002,BR1992-0000156,② 시설 옮김
duty_assignment,ASG-003182,applicability,확인필요,해당,② 시설 옮김
duty_assignment,ASG-003182,applicability_note,관리주체 확인 필요(FMS 관리주체 정보 없음·추정) — 용인시 관리면 「해당」으로,시연 배정을 용인시 관리 시설로 옮김(원래 꽃터교(안대지2교) — 관리주체 확인필요),② 시설 옮김
duty_assignment,ASG-003183,asset_id,BR1018-0000001,BR1992-0000904,② 시설 옮김
duty_assignment,ASG-003183,applicability,비해당,해당,② 시설 옮김
duty_assignment,ASG-003183,applicability_note,관리주체 타기관(수원국토관리사무소) — 용인시 관리 시설 아님(FMS 관리주체 · 09-24),시연 배정을 용인시 관리 시설로 옮김(원래 하고개교(상행) — 관리주체 수원국토관리사무소),② 시설 옮김
duty_assignment,ASG-003183,decided_by,G01,,② 시설 옮김
duty_assignment,ASG-003183,decided_at,2026-09-24,,② 시설 옮김
duty_assignment,ASG-003184,asset_id,BR1900-0000009,BR1993-0000845,② 시설 옮김
duty_assignment,ASG-003184,applicability,확인필요,해당,② 시설 옮김
duty_assignment,ASG-003184,applicability_note,관리주체 확인 필요(FMS 관리주체 정보 없음·추정) — 용인시 관리면 「해당」으로,시연 배정을 용인시 관리 시설로 옮김(원래 안대지천교 — 관리주체 확인필요),② 시설 옮김
duty_assignment,ASG-003186,asset_id,BR0000-0000002,BR1992-0000156,② 시설 옮김
duty_assignment,ASG-003186,applicability,확인필요,해당,② 시설 옮김
duty_assignment,ASG-003186,applicability_note,관리주체 확인 필요(FMS 관리주체 정보 없음·추정) — 용인시 관리면 「해당」으로,시연 배정을 용인시 관리 시설로 옮김(원래 꽃터교(안대지2교) — 관리주체 확인필요),② 시설 옮김
duty_assignment,ASG-003187,asset_id,BR1018-0000001,BR1992-0000904,② 시설 옮김
duty_assignment,ASG-003187,applicability,비해당,해당,② 시설 옮김
duty_assignment,ASG-003187,applicability_note,관리주체 타기관(수원국토관리사무소) — 용인시 관리 시설 아님(FMS 관리주체 · 09-24),시연 배정을 용인시 관리 시설로 옮김(원래 하고개교(상행) — 관리주체 수원국토관리사무소),② 시설 옮김
duty_assignment,ASG-003187,decided_by,G01,,② 시설 옮김
duty_assignment,ASG-003187,decided_at,2026-09-24,,② 시설 옮김
duty_assignment,ASG-003188,asset_id,BR1900-0000009,BR1993-0000845,② 시설 옮김
duty_assignment,ASG-003188,applicability,확인필요,해당,② 시설 옮김
duty_assignment,ASG-003188,applicability_note,관리주체 확인 필요(FMS 관리주체 정보 없음·추정) — 용인시 관리면 「해당」으로,시연 배정을 용인시 관리 시설로 옮김(원래 안대지천교 — 관리주체 확인필요),② 시설 옮김
duty_assignment,ASG-003248,asset_id,AR1967-0000142,AR2004-0004612,② 시설 옮김
duty_assignment,ASG-003248,applicability,비해당,해당,② 시설 옮김
duty_assignment,ASG-003248,applicability_note,관리주체 아님(시설 판정 「제외」) — 비해당으로 닫음(09-24 결정),시연 배정을 용인시 관리 시설로 옮김(원래 고기초등학교 교사동 — 관리주체 확인필요),② 시설 옮김
duty_assignment,ASG-003248,decided_by,G01,,② 시설 옮김
duty_assignment,ASG-003248,decided_at,2026-09-24,,② 시설 옮김
duty_assignment,ASG-003249,asset_id,AR1969-0000298,AR2005-0003904,② 시설 옮김
duty_assignment,ASG-003249,applicability,비해당,해당,② 시설 옮김
duty_assignment,ASG-003249,applicability_note,관리주체 아님(시설 판정 「제외」) — 비해당으로 닫음(09-24 결정),시연 배정을 용인시 관리 시설로 옮김(원래 두창초등학교 교사1호동 — 관리주체 확인필요),② 시설 옮김
duty_assignment,ASG-003249,decided_by,G01,,② 시설 옮김
duty_assignment,ASG-003249,decided_at,2026-09-24,,② 시설 옮김
duty_assignment,ASG-003250,asset_id,AR1969-0000299,AR2005-0003905,② 시설 옮김
duty_assignment,ASG-003250,applicability,비해당,해당,② 시설 옮김
duty_assignment,ASG-003250,applicability_note,관리주체 아님(시설 판정 「제외」) — 비해당으로 닫음(09-24 결정),시연 배정을 용인시 관리 시설로 옮김(원래 백암고등학교 교사동(1호동) — 관리주체 확인필요),② 시설 옮김
duty_assignment,ASG-003250,decided_by,G01,,② 시설 옮김
duty_assignment,ASG-003250,decided_at,2026-09-24,,② 시설 옮김
duty_assignment,ASG-003329,applicability,확인필요,해당,① 관리주체 확정 — 되돌림
duty_assignment,ASG-003329,applicability_note,관리주체 확인 필요(FMS 관리주체 정보 없음·추정) — 용인시 관리면 「해당」으로,,① 관리주체 확정 — 되돌림
duty_assignment,ASG-003330,applicability,확인필요,해당,① 관리주체 확정 — 되돌림
duty_assignment,ASG-003330,applicability_note,관리주체 확인 필요(FMS 관리주체 정보 없음·추정) — 용인시 관리면 「해당」으로,,① 관리주체 확정 — 되돌림
duty_assignment,ASG-003331,applicability,확인필요,해당,① 관리주체 확정 — 되돌림
duty_assignment,ASG-003331,applicability_note,관리주체 확인 필요(FMS 관리주체 정보 없음·추정) — 용인시 관리면 「해당」으로,,① 관리주체 확정 — 되돌림
duty_assignment,ASG-003334,applicability,확인필요,해당,① 관리주체 확정 — 되돌림
duty_assignment,ASG-003334,applicability_note,관리주체 확인 필요(FMS 관리주체 정보 없음·추정) — 용인시 관리면 「해당」으로,,① 관리주체 확정 — 되돌림
duty_assignment,ASG-003335,applicability,확인필요,해당,① 관리주체 확정 — 되돌림
duty_assignment,ASG-003335,applicability_note,관리주체 확인 필요(FMS 관리주체 정보 없음·추정) — 용인시 관리면 「해당」으로,,① 관리주체 확정 — 되돌림
duty_assignment,ASG-003336,applicability,확인필요,해당,① 관리주체 확정 — 되돌림
duty_assignment,ASG-003336,applicability_note,관리주체 확인 필요(FMS 관리주체 정보 없음·추정) — 용인시 관리면 「해당」으로,,① 관리주체 확정 — 되돌림
duty_assignment,ASG-003338,applicability,확인필요,해당,① 관리주체 확정 — 되돌림
duty_assignment,ASG-003338,applicability_note,관리주체 확인 필요(FMS 관리주체 정보 없음·추정) — 용인시 관리면 「해당」으로,,① 관리주체 확정 — 되돌림
duty_assignment,ASG-003339,applicability,확인필요,해당,① 관리주체 확정 — 되돌림
duty_assignment,ASG-003339,applicability_note,관리주체 확인 필요(FMS 관리주체 정보 없음·추정) — 용인시 관리면 「해당」으로,,① 관리주체 확정 — 되돌림
duty_assignment,ASG-003340,applicability,확인필요,해당,① 관리주체 확정 — 되돌림
duty_assignment,ASG-003340,applicability_note,관리주체 확인 필요(FMS 관리주체 정보 없음·추정) — 용인시 관리면 「해당」으로,,① 관리주체 확정 — 되돌림
duty_assignment,ASG-003342,applicability,확인필요,해당,① 관리주체 확정 — 되돌림
duty_assignment,ASG-003342,applicability_note,관리주체 확인 필요(FMS 관리주체 정보 없음·추정) — 용인시 관리면 「해당」으로,,① 관리주체 확정 — 되돌림
duty_assignment,ASG-003343,applicability,확인필요,해당,① 관리주체 확정 — 되돌림
duty_assignment,ASG-003343,applicability_note,관리주체 확인 필요(FMS 관리주체 정보 없음·추정) — 용인시 관리면 「해당」으로,,① 관리주체 확정 — 되돌림
duty_assignment,ASG-003344,applicability,확인필요,해당,① 관리주체 확정 — 되돌림
duty_assignment,ASG-003344,applicability_note,관리주체 확인 필요(FMS 관리주체 정보 없음·추정) — 용인시 관리면 「해당」으로,,① 관리주체 확정 — 되돌림
duty_assignment,ASG-003346,applicability,확인필요,해당,① 관리주체 확정 — 되돌림
duty_assignment,ASG-003346,applicability_note,관리주체 확인 필요(FMS 관리주체 정보 없음·추정) — 용인시 관리면 「해당」으로,,① 관리주체 확정 — 되돌림
duty_assignment,ASG-003347,applicability,확인필요,해당,① 관리주체 확정 — 되돌림
duty_assignment,ASG-003347,applicability_note,관리주체 확인 필요(FMS 관리주체 정보 없음·추정) — 용인시 관리면 「해당」으로,,① 관리주체 확정 — 되돌림
duty_assignment,ASG-003348,applicability,확인필요,해당,① 관리주체 확정 — 되돌림
duty_assignment,ASG-003348,applicability_note,관리주체 확인 필요(FMS 관리주체 정보 없음·추정) — 용인시 관리면 「해당」으로,,① 관리주체 확정 — 되돌림
duty_assignment,ASG-003355,applicability,확인필요,해당,① 관리주체 확정 — 되돌림
duty_assignment,ASG-003355,applicability_note,관리주체 확인 필요(FMS 관리주체 정보 없음·추정) — 용인시 관리면 「해당」으로,,① 관리주체 확정 — 되돌림
duty_assignment,ASG-003356,applicability,확인필요,해당,① 관리주체 확정 — 되돌림
duty_assignment,ASG-003356,applicability_note,관리주체 확인 필요(FMS 관리주체 정보 없음·추정) — 용인시 관리면 「해당」으로,,① 관리주체 확정 — 되돌림
duty_assignment,ASG-003357,applicability,확인필요,해당,① 관리주체 확정 — 되돌림
duty_assignment,ASG-003357,applicability_note,관리주체 확인 필요(FMS 관리주체 정보 없음·추정) — 용인시 관리면 「해당」으로,,① 관리주체 확정 — 되돌림
duty_assignment,ASG-003359,applicability,확인필요,해당,① 관리주체 확정 — 되돌림
duty_assignment,ASG-003359,applicability_note,관리주체 확인 필요(FMS 관리주체 정보 없음·추정) — 용인시 관리면 「해당」으로,,① 관리주체 확정 — 되돌림
duty_assignment,ASG-003360,applicability,확인필요,해당,① 관리주체 확정 — 되돌림
duty_assignment,ASG-003360,applicability_note,관리주체 확인 필요(FMS 관리주체 정보 없음·추정) — 용인시 관리면 「해당」으로,,① 관리주체 확정 — 되돌림
duty_assignment,ASG-003361,applicability,확인필요,해당,① 관리주체 확정 — 되돌림
duty_assignment,ASG-003361,applicability_note,관리주체 확인 필요(FMS 관리주체 정보 없음·추정) — 용인시 관리면 「해당」으로,,① 관리주체 확정 — 되돌림
duty_assignment,ASG-003365,applicability,확인필요,해당,① 관리주체 확정 — 되돌림
duty_assignment,ASG-003365,applicability_note,관리주체 확인 필요(FMS 관리주체 정보 없음·추정) — 용인시 관리면 「해당」으로,,① 관리주체 확정 — 되돌림
duty_assignment,ASG-003366,applicability,확인필요,해당,① 관리주체 확정 — 되돌림
duty_assignment,ASG-003366,applicability_note,관리주체 확인 필요(FMS 관리주체 정보 없음·추정) — 용인시 관리면 「해당」으로,,① 관리주체 확정 — 되돌림
duty_assignment,ASG-003367,applicability,확인필요,해당,① 관리주체 확정 — 되돌림
duty_assignment,ASG-003367,applicability_note,관리주체 확인 필요(FMS 관리주체 정보 없음·추정) — 용인시 관리면 「해당」으로,,① 관리주체 확정 — 되돌림
duty_assignment,ASG-003369,applicability,확인필요,해당,① 관리주체 확정 — 되돌림
duty_assignment,ASG-003369,applicability_note,관리주체 확인 필요(FMS 관리주체 정보 없음·추정) — 용인시 관리면 「해당」으로,,① 관리주체 확정 — 되돌림
duty_assignment,ASG-003370,applicability,확인필요,해당,① 관리주체 확정 — 되돌림
duty_assignment,ASG-003370,applicability_note,관리주체 확인 필요(FMS 관리주체 정보 없음·추정) — 용인시 관리면 「해당」으로,,① 관리주체 확정 — 되돌림
duty_assignment,ASG-003371,applicability,확인필요,해당,① 관리주체 확정 — 되돌림
duty_assignment,ASG-003371,applicability_note,관리주체 확인 필요(FMS 관리주체 정보 없음·추정) — 용인시 관리면 「해당」으로,,① 관리주체 확정 — 되돌림
duty_assignment,ASG-003373,applicability,확인필요,해당,① 관리주체 확정 — 되돌림
duty_assignment,ASG-003373,applicability_note,관리주체 확인 필요(FMS 관리주체 정보 없음·추정) — 용인시 관리면 「해당」으로,,① 관리주체 확정 — 되돌림
duty_assignment,ASG-003374,applicability,확인필요,해당,① 관리주체 확정 — 되돌림
duty_assignment,ASG-003374,applicability_note,관리주체 확인 필요(FMS 관리주체 정보 없음·추정) — 용인시 관리면 「해당」으로,,① 관리주체 확정 — 되돌림
duty_assignment,ASG-003375,applicability,확인필요,해당,① 관리주체 확정 — 되돌림
duty_assignment,ASG-003375,applicability_note,관리주체 확인 필요(FMS 관리주체 정보 없음·추정) — 용인시 관리면 「해당」으로,,① 관리주체 확정 — 되돌림
duty_assignment,ASG-003377,applicability,확인필요,해당,① 관리주체 확정 — 되돌림
duty_assignment,ASG-003377,applicability_note,관리주체 확인 필요(FMS 관리주체 정보 없음·추정) — 용인시 관리면 「해당」으로,,① 관리주체 확정 — 되돌림
duty_assignment,ASG-003378,applicability,확인필요,해당,① 관리주체 확정 — 되돌림
duty_assignment,ASG-003378,applicability_note,관리주체 확인 필요(FMS 관리주체 정보 없음·추정) — 용인시 관리면 「해당」으로,,① 관리주체 확정 — 되돌림
duty_assignment,ASG-003379,applicability,확인필요,해당,① 관리주체 확정 — 되돌림
duty_assignment,ASG-003379,applicability_note,관리주체 확인 필요(FMS 관리주체 정보 없음·추정) — 용인시 관리면 「해당」으로,,① 관리주체 확정 — 되돌림
duty_assignment,ASG-003381,applicability,확인필요,해당,① 관리주체 확정 — 되돌림
duty_assignment,ASG-003381,applicability_note,관리주체 확인 필요(FMS 관리주체 정보 없음·추정) — 용인시 관리면 「해당」으로,,① 관리주체 확정 — 되돌림
duty_assignment,ASG-003382,applicability,확인필요,해당,① 관리주체 확정 — 되돌림
duty_assignment,ASG-003382,applicability_note,관리주체 확인 필요(FMS 관리주체 정보 없음·추정) — 용인시 관리면 「해당」으로,,① 관리주체 확정 — 되돌림
duty_assignment,ASG-003383,applicability,확인필요,해당,① 관리주체 확정 — 되돌림
duty_assignment,ASG-003383,applicability_note,관리주체 확인 필요(FMS 관리주체 정보 없음·추정) — 용인시 관리면 「해당」으로,,① 관리주체 확정 — 되돌림
duty_assignment,ASG-003385,applicability,확인필요,해당,① 관리주체 확정 — 되돌림
duty_assignment,ASG-003385,applicability_note,관리주체 확인 필요(FMS 관리주체 정보 없음·추정) — 용인시 관리면 「해당」으로,,① 관리주체 확정 — 되돌림
duty_assignment,ASG-003386,applicability,확인필요,해당,① 관리주체 확정 — 되돌림
duty_assignment,ASG-003386,applicability_note,관리주체 확인 필요(FMS 관리주체 정보 없음·추정) — 용인시 관리면 「해당」으로,,① 관리주체 확정 — 되돌림
duty_assignment,ASG-003387,applicability,확인필요,해당,① 관리주체 확정 — 되돌림
duty_assignment,ASG-003387,applicability_note,관리주체 확인 필요(FMS 관리주체 정보 없음·추정) — 용인시 관리면 「해당」으로,,① 관리주체 확정 — 되돌림
duty_assignment,ASG-003389,applicability,확인필요,해당,① 관리주체 확정 — 되돌림
duty_assignment,ASG-003389,applicability_note,관리주체 확인 필요(FMS 관리주체 정보 없음·추정) — 용인시 관리면 「해당」으로,,① 관리주체 확정 — 되돌림
duty_assignment,ASG-003390,applicability,확인필요,해당,① 관리주체 확정 — 되돌림
duty_assignment,ASG-003390,applicability_note,관리주체 확인 필요(FMS 관리주체 정보 없음·추정) — 용인시 관리면 「해당」으로,,① 관리주체 확정 — 되돌림
duty_assignment,ASG-003391,applicability,확인필요,해당,① 관리주체 확정 — 되돌림
duty_assignment,ASG-003391,applicability_note,관리주체 확인 필요(FMS 관리주체 정보 없음·추정) — 용인시 관리면 「해당」으로,,① 관리주체 확정 — 되돌림
duty_assignment,ASG-003393,applicability,확인필요,해당,① 관리주체 확정 — 되돌림
duty_assignment,ASG-003393,applicability_note,관리주체 확인 필요(FMS 관리주체 정보 없음·추정) — 용인시 관리면 「해당」으로,,① 관리주체 확정 — 되돌림
duty_assignment,ASG-003394,applicability,확인필요,해당,① 관리주체 확정 — 되돌림
duty_assignment,ASG-003394,applicability_note,관리주체 확인 필요(FMS 관리주체 정보 없음·추정) — 용인시 관리면 「해당」으로,,① 관리주체 확정 — 되돌림
duty_assignment,ASG-003395,applicability,확인필요,해당,① 관리주체 확정 — 되돌림
duty_assignment,ASG-003395,applicability_note,관리주체 확인 필요(FMS 관리주체 정보 없음·추정) — 용인시 관리면 「해당」으로,,① 관리주체 확정 — 되돌림
duty_assignment,ASG-003397,applicability,확인필요,해당,① 관리주체 확정 — 되돌림
duty_assignment,ASG-003397,applicability_note,관리주체 확인 필요(FMS 관리주체 정보 없음·추정) — 용인시 관리면 「해당」으로,,① 관리주체 확정 — 되돌림
duty_assignment,ASG-003398,applicability,확인필요,해당,① 관리주체 확정 — 되돌림
duty_assignment,ASG-003398,applicability_note,관리주체 확인 필요(FMS 관리주체 정보 없음·추정) — 용인시 관리면 「해당」으로,,① 관리주체 확정 — 되돌림
duty_assignment,ASG-003399,applicability,확인필요,해당,① 관리주체 확정 — 되돌림
duty_assignment,ASG-003399,applicability_note,관리주체 확인 필요(FMS 관리주체 정보 없음·추정) — 용인시 관리면 「해당」으로,,① 관리주체 확정 — 되돌림
duty_assignment,ASG-003401,applicability,확인필요,해당,① 관리주체 확정 — 되돌림
duty_assignment,ASG-003401,applicability_note,관리주체 확인 필요(FMS 관리주체 정보 없음·추정) — 용인시 관리면 「해당」으로,,① 관리주체 확정 — 되돌림
duty_assignment,ASG-003402,applicability,확인필요,해당,① 관리주체 확정 — 되돌림
duty_assignment,ASG-003402,applicability_note,관리주체 확인 필요(FMS 관리주체 정보 없음·추정) — 용인시 관리면 「해당」으로,,① 관리주체 확정 — 되돌림
duty_assignment,ASG-003403,applicability,확인필요,해당,① 관리주체 확정 — 되돌림
duty_assignment,ASG-003403,applicability_note,관리주체 확인 필요(FMS 관리주체 정보 없음·추정) — 용인시 관리면 「해당」으로,,① 관리주체 확정 — 되돌림
duty_assignment,ASG-003405,applicability,확인필요,해당,① 관리주체 확정 — 되돌림
duty_assignment,ASG-003405,applicability_note,관리주체 확인 필요(FMS 관리주체 정보 없음·추정) — 용인시 관리면 「해당」으로,,① 관리주체 확정 — 되돌림
duty_assignment,ASG-003406,applicability,확인필요,해당,① 관리주체 확정 — 되돌림
duty_assignment,ASG-003406,applicability_note,관리주체 확인 필요(FMS 관리주체 정보 없음·추정) — 용인시 관리면 「해당」으로,,① 관리주체 확정 — 되돌림
duty_assignment,ASG-003407,applicability,확인필요,해당,① 관리주체 확정 — 되돌림
duty_assignment,ASG-003407,applicability_note,관리주체 확인 필요(FMS 관리주체 정보 없음·추정) — 용인시 관리면 「해당」으로,,① 관리주체 확정 — 되돌림
duty_assignment,ASG-003409,applicability,확인필요,해당,① 관리주체 확정 — 되돌림
duty_assignment,ASG-003409,applicability_note,관리주체 확인 필요(FMS 관리주체 정보 없음·추정) — 용인시 관리면 「해당」으로,,① 관리주체 확정 — 되돌림
duty_assignment,ASG-003410,applicability,확인필요,해당,① 관리주체 확정 — 되돌림
duty_assignment,ASG-003410,applicability_note,관리주체 확인 필요(FMS 관리주체 정보 없음·추정) — 용인시 관리면 「해당」으로,,① 관리주체 확정 — 되돌림
duty_assignment,ASG-003411,applicability,확인필요,해당,① 관리주체 확정 — 되돌림
duty_assignment,ASG-003411,applicability_note,관리주체 확인 필요(FMS 관리주체 정보 없음·추정) — 용인시 관리면 「해당」으로,,① 관리주체 확정 — 되돌림
duty_assignment,ASG-003416,applicability,확인필요,해당,① 관리주체 확정 — 되돌림
duty_assignment,ASG-003416,applicability_note,관리주체 확인 필요(FMS 관리주체 정보 없음·추정) — 용인시 관리면 「해당」으로,,① 관리주체 확정 — 되돌림
duty_assignment,ASG-003417,applicability,확인필요,해당,① 관리주체 확정 — 되돌림
duty_assignment,ASG-003417,applicability_note,관리주체 확인 필요(FMS 관리주체 정보 없음·추정) — 용인시 관리면 「해당」으로,,① 관리주체 확정 — 되돌림
duty_assignment,ASG-003418,applicability,확인필요,해당,① 관리주체 확정 — 되돌림
duty_assignment,ASG-003418,applicability_note,관리주체 확인 필요(FMS 관리주체 정보 없음·추정) — 용인시 관리면 「해당」으로,,① 관리주체 확정 — 되돌림
duty_assignment,ASG-003421,applicability,확인필요,해당,① 관리주체 확정 — 되돌림
duty_assignment,ASG-003421,applicability_note,관리주체 확인 필요(FMS 관리주체 정보 없음·추정) — 용인시 관리면 「해당」으로,,① 관리주체 확정 — 되돌림
duty_assignment,ASG-003422,applicability,확인필요,해당,① 관리주체 확정 — 되돌림
duty_assignment,ASG-003422,applicability_note,관리주체 확인 필요(FMS 관리주체 정보 없음·추정) — 용인시 관리면 「해당」으로,,① 관리주체 확정 — 되돌림
duty_assignment,ASG-003423,applicability,확인필요,해당,① 관리주체 확정 — 되돌림
duty_assignment,ASG-003423,applicability_note,관리주체 확인 필요(FMS 관리주체 정보 없음·추정) — 용인시 관리면 「해당」으로,,① 관리주체 확정 — 되돌림
duty_assignment,ASG-003425,applicability,확인필요,해당,① 관리주체 확정 — 되돌림
duty_assignment,ASG-003425,applicability_note,관리주체 확인 필요(FMS 관리주체 정보 없음·추정) — 용인시 관리면 「해당」으로,,① 관리주체 확정 — 되돌림
duty_assignment,ASG-003426,applicability,확인필요,해당,① 관리주체 확정 — 되돌림
duty_assignment,ASG-003426,applicability_note,관리주체 확인 필요(FMS 관리주체 정보 없음·추정) — 용인시 관리면 「해당」으로,,① 관리주체 확정 — 되돌림
duty_assignment,ASG-003427,applicability,확인필요,해당,① 관리주체 확정 — 되돌림
duty_assignment,ASG-003427,applicability_note,관리주체 확인 필요(FMS 관리주체 정보 없음·추정) — 용인시 관리면 「해당」으로,,① 관리주체 확정 — 되돌림
duty_assignment,ASG-003429,applicability,확인필요,해당,① 관리주체 확정 — 되돌림
duty_assignment,ASG-003429,applicability_note,관리주체 확인 필요(FMS 관리주체 정보 없음·추정) — 용인시 관리면 「해당」으로,,① 관리주체 확정 — 되돌림
duty_assignment,ASG-003430,applicability,확인필요,해당,① 관리주체 확정 — 되돌림
duty_assignment,ASG-003430,applicability_note,관리주체 확인 필요(FMS 관리주체 정보 없음·추정) — 용인시 관리면 「해당」으로,,① 관리주체 확정 — 되돌림
duty_assignment,ASG-003431,applicability,확인필요,해당,① 관리주체 확정 — 되돌림
duty_assignment,ASG-003431,applicability_note,관리주체 확인 필요(FMS 관리주체 정보 없음·추정) — 용인시 관리면 「해당」으로,,① 관리주체 확정 — 되돌림
duty_assignment,ASG-003433,applicability,확인필요,해당,① 관리주체 확정 — 되돌림
duty_assignment,ASG-003433,applicability_note,관리주체 확인 필요(FMS 관리주체 정보 없음·추정) — 용인시 관리면 「해당」으로,,① 관리주체 확정 — 되돌림
duty_assignment,ASG-003434,applicability,확인필요,해당,① 관리주체 확정 — 되돌림
duty_assignment,ASG-003434,applicability_note,관리주체 확인 필요(FMS 관리주체 정보 없음·추정) — 용인시 관리면 「해당」으로,,① 관리주체 확정 — 되돌림
duty_assignment,ASG-003435,applicability,확인필요,해당,① 관리주체 확정 — 되돌림
duty_assignment,ASG-003435,applicability_note,관리주체 확인 필요(FMS 관리주체 정보 없음·추정) — 용인시 관리면 「해당」으로,,① 관리주체 확정 — 되돌림
duty_assignment,ASG-003437,applicability,확인필요,해당,① 관리주체 확정 — 되돌림
duty_assignment,ASG-003437,applicability_note,관리주체 확인 필요(FMS 관리주체 정보 없음·추정) — 용인시 관리면 「해당」으로,,① 관리주체 확정 — 되돌림
duty_assignment,ASG-003438,applicability,확인필요,해당,① 관리주체 확정 — 되돌림
duty_assignment,ASG-003438,applicability_note,관리주체 확인 필요(FMS 관리주체 정보 없음·추정) — 용인시 관리면 「해당」으로,,① 관리주체 확정 — 되돌림
duty_assignment,ASG-003439,applicability,확인필요,해당,① 관리주체 확정 — 되돌림
duty_assignment,ASG-003439,applicability_note,관리주체 확인 필요(FMS 관리주체 정보 없음·추정) — 용인시 관리면 「해당」으로,,① 관리주체 확정 — 되돌림
duty_assignment,ASG-003441,applicability,확인필요,해당,① 관리주체 확정 — 되돌림
duty_assignment,ASG-003441,applicability_note,관리주체 확인 필요(FMS 관리주체 정보 없음·추정) — 용인시 관리면 「해당」으로,,① 관리주체 확정 — 되돌림
duty_assignment,ASG-003442,applicability,확인필요,해당,① 관리주체 확정 — 되돌림
duty_assignment,ASG-003442,applicability_note,관리주체 확인 필요(FMS 관리주체 정보 없음·추정) — 용인시 관리면 「해당」으로,,① 관리주체 확정 — 되돌림
duty_assignment,ASG-003443,applicability,확인필요,해당,① 관리주체 확정 — 되돌림
duty_assignment,ASG-003443,applicability_note,관리주체 확인 필요(FMS 관리주체 정보 없음·추정) — 용인시 관리면 「해당」으로,,① 관리주체 확정 — 되돌림
duty_assignment,ASG-003445,applicability,확인필요,해당,① 관리주체 확정 — 되돌림
duty_assignment,ASG-003445,applicability_note,관리주체 확인 필요(FMS 관리주체 정보 없음·추정) — 용인시 관리면 「해당」으로,,① 관리주체 확정 — 되돌림
duty_assignment,ASG-003446,applicability,확인필요,해당,① 관리주체 확정 — 되돌림
duty_assignment,ASG-003446,applicability_note,관리주체 확인 필요(FMS 관리주체 정보 없음·추정) — 용인시 관리면 「해당」으로,,① 관리주체 확정 — 되돌림
duty_assignment,ASG-003447,applicability,확인필요,해당,① 관리주체 확정 — 되돌림
duty_assignment,ASG-003447,applicability_note,관리주체 확인 필요(FMS 관리주체 정보 없음·추정) — 용인시 관리면 「해당」으로,,① 관리주체 확정 — 되돌림
duty_assignment,ASG-003449,applicability,확인필요,해당,① 관리주체 확정 — 되돌림
duty_assignment,ASG-003449,applicability_note,관리주체 확인 필요(FMS 관리주체 정보 없음·추정) — 용인시 관리면 「해당」으로,,① 관리주체 확정 — 되돌림
duty_assignment,ASG-003450,applicability,확인필요,해당,① 관리주체 확정 — 되돌림
duty_assignment,ASG-003450,applicability_note,관리주체 확인 필요(FMS 관리주체 정보 없음·추정) — 용인시 관리면 「해당」으로,,① 관리주체 확정 — 되돌림
duty_assignment,ASG-003451,applicability,확인필요,해당,① 관리주체 확정 — 되돌림
duty_assignment,ASG-003451,applicability_note,관리주체 확인 필요(FMS 관리주체 정보 없음·추정) — 용인시 관리면 「해당」으로,,① 관리주체 확정 — 되돌림
duty_assignment,ASG-003453,applicability,확인필요,해당,① 관리주체 확정 — 되돌림
duty_assignment,ASG-003453,applicability_note,관리주체 확인 필요(FMS 관리주체 정보 없음·추정) — 용인시 관리면 「해당」으로,,① 관리주체 확정 — 되돌림
duty_assignment,ASG-003454,applicability,확인필요,해당,① 관리주체 확정 — 되돌림
duty_assignment,ASG-003454,applicability_note,관리주체 확인 필요(FMS 관리주체 정보 없음·추정) — 용인시 관리면 「해당」으로,,① 관리주체 확정 — 되돌림
duty_assignment,ASG-003455,applicability,확인필요,해당,① 관리주체 확정 — 되돌림
duty_assignment,ASG-003455,applicability_note,관리주체 확인 필요(FMS 관리주체 정보 없음·추정) — 용인시 관리면 「해당」으로,,① 관리주체 확정 — 되돌림
duty_assignment,ASG-003457,applicability,확인필요,해당,① 관리주체 확정 — 되돌림
duty_assignment,ASG-003457,applicability_note,관리주체 확인 필요(FMS 관리주체 정보 없음·추정) — 용인시 관리면 「해당」으로,,① 관리주체 확정 — 되돌림
duty_assignment,ASG-003458,applicability,확인필요,해당,① 관리주체 확정 — 되돌림
duty_assignment,ASG-003458,applicability_note,관리주체 확인 필요(FMS 관리주체 정보 없음·추정) — 용인시 관리면 「해당」으로,,① 관리주체 확정 — 되돌림
duty_assignment,ASG-003459,applicability,확인필요,해당,① 관리주체 확정 — 되돌림
duty_assignment,ASG-003459,applicability_note,관리주체 확인 필요(FMS 관리주체 정보 없음·추정) — 용인시 관리면 「해당」으로,,① 관리주체 확정 — 되돌림
duty_assignment,ASG-003461,applicability,확인필요,해당,① 관리주체 확정 — 되돌림
duty_assignment,ASG-003461,applicability_note,관리주체 확인 필요(FMS 관리주체 정보 없음·추정) — 용인시 관리면 「해당」으로,,① 관리주체 확정 — 되돌림
duty_assignment,ASG-003462,applicability,확인필요,해당,① 관리주체 확정 — 되돌림
duty_assignment,ASG-003462,applicability_note,관리주체 확인 필요(FMS 관리주체 정보 없음·추정) — 용인시 관리면 「해당」으로,,① 관리주체 확정 — 되돌림
duty_assignment,ASG-003463,applicability,확인필요,해당,① 관리주체 확정 — 되돌림
duty_assignment,ASG-003463,applicability_note,관리주체 확인 필요(FMS 관리주체 정보 없음·추정) — 용인시 관리면 「해당」으로,,① 관리주체 확정 — 되돌림
duty_assignment,ASG-003465,applicability,확인필요,해당,① 관리주체 확정 — 되돌림
duty_assignment,ASG-003465,applicability_note,관리주체 확인 필요(FMS 관리주체 정보 없음·추정) — 용인시 관리면 「해당」으로,,① 관리주체 확정 — 되돌림
duty_assignment,ASG-003466,applicability,확인필요,해당,① 관리주체 확정 — 되돌림
duty_assignment,ASG-003466,applicability_note,관리주체 확인 필요(FMS 관리주체 정보 없음·추정) — 용인시 관리면 「해당」으로,,① 관리주체 확정 — 되돌림
duty_assignment,ASG-003467,applicability,확인필요,해당,① 관리주체 확정 — 되돌림
duty_assignment,ASG-003467,applicability_note,관리주체 확인 필요(FMS 관리주체 정보 없음·추정) — 용인시 관리면 「해당」으로,,① 관리주체 확정 — 되돌림
duty_assignment,ASG-003469,applicability,확인필요,해당,① 관리주체 확정 — 되돌림
duty_assignment,ASG-003469,applicability_note,관리주체 확인 필요(FMS 관리주체 정보 없음·추정) — 용인시 관리면 「해당」으로,,① 관리주체 확정 — 되돌림
duty_assignment,ASG-003470,applicability,확인필요,해당,① 관리주체 확정 — 되돌림
duty_assignment,ASG-003470,applicability_note,관리주체 확인 필요(FMS 관리주체 정보 없음·추정) — 용인시 관리면 「해당」으로,,① 관리주체 확정 — 되돌림
duty_assignment,ASG-003471,applicability,확인필요,해당,① 관리주체 확정 — 되돌림
duty_assignment,ASG-003471,applicability_note,관리주체 확인 필요(FMS 관리주체 정보 없음·추정) — 용인시 관리면 「해당」으로,,① 관리주체 확정 — 되돌림
duty_assignment,ASG-003473,applicability,확인필요,해당,① 관리주체 확정 — 되돌림
duty_assignment,ASG-003473,applicability_note,관리주체 확인 필요(FMS 관리주체 정보 없음·추정) — 용인시 관리면 「해당」으로,,① 관리주체 확정 — 되돌림
duty_assignment,ASG-003474,applicability,확인필요,해당,① 관리주체 확정 — 되돌림
duty_assignment,ASG-003474,applicability_note,관리주체 확인 필요(FMS 관리주체 정보 없음·추정) — 용인시 관리면 「해당」으로,,① 관리주체 확정 — 되돌림
duty_assignment,ASG-003475,applicability,확인필요,해당,① 관리주체 확정 — 되돌림
duty_assignment,ASG-003475,applicability_note,관리주체 확인 필요(FMS 관리주체 정보 없음·추정) — 용인시 관리면 「해당」으로,,① 관리주체 확정 — 되돌림
duty_assignment,ASG-003477,applicability,확인필요,해당,① 관리주체 확정 — 되돌림
duty_assignment,ASG-003477,applicability_note,관리주체 확인 필요(FMS 관리주체 정보 없음·추정) — 용인시 관리면 「해당」으로,,① 관리주체 확정 — 되돌림
duty_assignment,ASG-003478,applicability,확인필요,해당,① 관리주체 확정 — 되돌림
duty_assignment,ASG-003478,applicability_note,관리주체 확인 필요(FMS 관리주체 정보 없음·추정) — 용인시 관리면 「해당」으로,,① 관리주체 확정 — 되돌림
duty_assignment,ASG-003479,applicability,확인필요,해당,① 관리주체 확정 — 되돌림
duty_assignment,ASG-003479,applicability_note,관리주체 확인 필요(FMS 관리주체 정보 없음·추정) — 용인시 관리면 「해당」으로,,① 관리주체 확정 — 되돌림
duty_assignment,ASG-003481,applicability,확인필요,해당,① 관리주체 확정 — 되돌림
duty_assignment,ASG-003481,applicability_note,관리주체 확인 필요(FMS 관리주체 정보 없음·추정) — 용인시 관리면 「해당」으로,,① 관리주체 확정 — 되돌림
duty_assignment,ASG-003482,applicability,확인필요,해당,① 관리주체 확정 — 되돌림
duty_assignment,ASG-003482,applicability_note,관리주체 확인 필요(FMS 관리주체 정보 없음·추정) — 용인시 관리면 「해당」으로,,① 관리주체 확정 — 되돌림
duty_assignment,ASG-003483,applicability,확인필요,해당,① 관리주체 확정 — 되돌림
duty_assignment,ASG-003483,applicability_note,관리주체 확인 필요(FMS 관리주체 정보 없음·추정) — 용인시 관리면 「해당」으로,,① 관리주체 확정 — 되돌림
duty_assignment,ASG-003485,applicability,확인필요,해당,① 관리주체 확정 — 되돌림
duty_assignment,ASG-003485,applicability_note,관리주체 확인 필요(FMS 관리주체 정보 없음·추정) — 용인시 관리면 「해당」으로,,① 관리주체 확정 — 되돌림
duty_assignment,ASG-003486,applicability,확인필요,해당,① 관리주체 확정 — 되돌림
duty_assignment,ASG-003486,applicability_note,관리주체 확인 필요(FMS 관리주체 정보 없음·추정) — 용인시 관리면 「해당」으로,,① 관리주체 확정 — 되돌림
duty_assignment,ASG-003487,applicability,확인필요,해당,① 관리주체 확정 — 되돌림
duty_assignment,ASG-003487,applicability_note,관리주체 확인 필요(FMS 관리주체 정보 없음·추정) — 용인시 관리면 「해당」으로,,① 관리주체 확정 — 되돌림
duty_assignment,ASG-003489,applicability,확인필요,해당,① 관리주체 확정 — 되돌림
duty_assignment,ASG-003489,applicability_note,관리주체 확인 필요(FMS 관리주체 정보 없음·추정) — 용인시 관리면 「해당」으로,,① 관리주체 확정 — 되돌림
duty_assignment,ASG-003490,applicability,확인필요,해당,① 관리주체 확정 — 되돌림
duty_assignment,ASG-003490,applicability_note,관리주체 확인 필요(FMS 관리주체 정보 없음·추정) — 용인시 관리면 「해당」으로,,① 관리주체 확정 — 되돌림
duty_assignment,ASG-003491,applicability,확인필요,해당,① 관리주체 확정 — 되돌림
duty_assignment,ASG-003491,applicability_note,관리주체 확인 필요(FMS 관리주체 정보 없음·추정) — 용인시 관리면 「해당」으로,,① 관리주체 확정 — 되돌림
duty_assignment,ASG-003493,applicability,확인필요,해당,① 관리주체 확정 — 되돌림
duty_assignment,ASG-003493,applicability_note,관리주체 확인 필요(FMS 관리주체 정보 없음·추정) — 용인시 관리면 「해당」으로,,① 관리주체 확정 — 되돌림
duty_assignment,ASG-003494,applicability,확인필요,해당,① 관리주체 확정 — 되돌림
duty_assignment,ASG-003494,applicability_note,관리주체 확인 필요(FMS 관리주체 정보 없음·추정) — 용인시 관리면 「해당」으로,,① 관리주체 확정 — 되돌림
duty_assignment,ASG-003495,applicability,확인필요,해당,① 관리주체 확정 — 되돌림
duty_assignment,ASG-003495,applicability_note,관리주체 확인 필요(FMS 관리주체 정보 없음·추정) — 용인시 관리면 「해당」으로,,① 관리주체 확정 — 되돌림
duty_assignment,ASG-003497,applicability,확인필요,해당,① 관리주체 확정 — 되돌림
duty_assignment,ASG-003497,applicability_note,관리주체 확인 필요(FMS 관리주체 정보 없음·추정) — 용인시 관리면 「해당」으로,,① 관리주체 확정 — 되돌림
duty_assignment,ASG-003498,applicability,확인필요,해당,① 관리주체 확정 — 되돌림
duty_assignment,ASG-003498,applicability_note,관리주체 확인 필요(FMS 관리주체 정보 없음·추정) — 용인시 관리면 「해당」으로,,① 관리주체 확정 — 되돌림
duty_assignment,ASG-003499,applicability,확인필요,해당,① 관리주체 확정 — 되돌림
duty_assignment,ASG-003499,applicability_note,관리주체 확인 필요(FMS 관리주체 정보 없음·추정) — 용인시 관리면 「해당」으로,,① 관리주체 확정 — 되돌림
duty_assignment,ASG-003501,applicability,확인필요,해당,① 관리주체 확정 — 되돌림
duty_assignment,ASG-003501,applicability_note,관리주체 확인 필요(FMS 관리주체 정보 없음·추정) — 용인시 관리면 「해당」으로,,① 관리주체 확정 — 되돌림
duty_assignment,ASG-003502,applicability,확인필요,해당,① 관리주체 확정 — 되돌림
duty_assignment,ASG-003502,applicability_note,관리주체 확인 필요(FMS 관리주체 정보 없음·추정) — 용인시 관리면 「해당」으로,,① 관리주체 확정 — 되돌림
duty_assignment,ASG-003503,applicability,확인필요,해당,① 관리주체 확정 — 되돌림
duty_assignment,ASG-003503,applicability_note,관리주체 확인 필요(FMS 관리주체 정보 없음·추정) — 용인시 관리면 「해당」으로,,① 관리주체 확정 — 되돌림
duty_assignment,ASG-003505,applicability,확인필요,해당,① 관리주체 확정 — 되돌림
duty_assignment,ASG-003505,applicability_note,관리주체 확인 필요(FMS 관리주체 정보 없음·추정) — 용인시 관리면 「해당」으로,,① 관리주체 확정 — 되돌림
duty_assignment,ASG-003506,applicability,확인필요,해당,① 관리주체 확정 — 되돌림
duty_assignment,ASG-003506,applicability_note,관리주체 확인 필요(FMS 관리주체 정보 없음·추정) — 용인시 관리면 「해당」으로,,① 관리주체 확정 — 되돌림
duty_assignment,ASG-003507,applicability,확인필요,해당,① 관리주체 확정 — 되돌림
duty_assignment,ASG-003507,applicability_note,관리주체 확인 필요(FMS 관리주체 정보 없음·추정) — 용인시 관리면 「해당」으로,,① 관리주체 확정 — 되돌림
duty_assignment,ASG-003511,applicability,확인필요,해당,① 관리주체 확정 — 되돌림
duty_assignment,ASG-003511,applicability_note,관리주체 확인 필요(FMS 관리주체 정보 없음·추정) — 용인시 관리면 「해당」으로,,① 관리주체 확정 — 되돌림
duty_assignment,ASG-003512,applicability,확인필요,해당,① 관리주체 확정 — 되돌림
duty_assignment,ASG-003512,applicability_note,관리주체 확인 필요(FMS 관리주체 정보 없음·추정) — 용인시 관리면 「해당」으로,,① 관리주체 확정 — 되돌림
duty_assignment,ASG-003513,applicability,확인필요,해당,① 관리주체 확정 — 되돌림
duty_assignment,ASG-003513,applicability_note,관리주체 확인 필요(FMS 관리주체 정보 없음·추정) — 용인시 관리면 「해당」으로,,① 관리주체 확정 — 되돌림
duty_assignment,ASG-003515,applicability,확인필요,해당,① 관리주체 확정 — 되돌림
duty_assignment,ASG-003515,applicability_note,관리주체 확인 필요(FMS 관리주체 정보 없음·추정) — 용인시 관리면 「해당」으로,,① 관리주체 확정 — 되돌림
duty_assignment,ASG-003516,applicability,확인필요,해당,① 관리주체 확정 — 되돌림
duty_assignment,ASG-003516,applicability_note,관리주체 확인 필요(FMS 관리주체 정보 없음·추정) — 용인시 관리면 「해당」으로,,① 관리주체 확정 — 되돌림
duty_assignment,ASG-003517,applicability,확인필요,해당,① 관리주체 확정 — 되돌림
duty_assignment,ASG-003517,applicability_note,관리주체 확인 필요(FMS 관리주체 정보 없음·추정) — 용인시 관리면 「해당」으로,,① 관리주체 확정 — 되돌림
duty_assignment,ASG-003519,applicability,확인필요,해당,① 관리주체 확정 — 되돌림
duty_assignment,ASG-003519,applicability_note,관리주체 확인 필요(FMS 관리주체 정보 없음·추정) — 용인시 관리면 「해당」으로,,① 관리주체 확정 — 되돌림
duty_assignment,ASG-003520,applicability,확인필요,해당,① 관리주체 확정 — 되돌림
duty_assignment,ASG-003520,applicability_note,관리주체 확인 필요(FMS 관리주체 정보 없음·추정) — 용인시 관리면 「해당」으로,,① 관리주체 확정 — 되돌림
duty_assignment,ASG-003521,applicability,확인필요,해당,① 관리주체 확정 — 되돌림
duty_assignment,ASG-003521,applicability_note,관리주체 확인 필요(FMS 관리주체 정보 없음·추정) — 용인시 관리면 「해당」으로,,① 관리주체 확정 — 되돌림
duty_assignment,ASG-003523,applicability,확인필요,해당,① 관리주체 확정 — 되돌림
duty_assignment,ASG-003523,applicability_note,관리주체 확인 필요(FMS 관리주체 정보 없음·추정) — 용인시 관리면 「해당」으로,,① 관리주체 확정 — 되돌림
duty_assignment,ASG-003524,applicability,확인필요,해당,① 관리주체 확정 — 되돌림
duty_assignment,ASG-003524,applicability_note,관리주체 확인 필요(FMS 관리주체 정보 없음·추정) — 용인시 관리면 「해당」으로,,① 관리주체 확정 — 되돌림
duty_assignment,ASG-003525,applicability,확인필요,해당,① 관리주체 확정 — 되돌림
duty_assignment,ASG-003525,applicability_note,관리주체 확인 필요(FMS 관리주체 정보 없음·추정) — 용인시 관리면 「해당」으로,,① 관리주체 확정 — 되돌림
duty_assignment,ASG-003527,applicability,확인필요,해당,① 관리주체 확정 — 되돌림
duty_assignment,ASG-003527,applicability_note,관리주체 확인 필요(FMS 관리주체 정보 없음·추정) — 용인시 관리면 「해당」으로,,① 관리주체 확정 — 되돌림
duty_assignment,ASG-003528,applicability,확인필요,해당,① 관리주체 확정 — 되돌림
duty_assignment,ASG-003528,applicability_note,관리주체 확인 필요(FMS 관리주체 정보 없음·추정) — 용인시 관리면 「해당」으로,,① 관리주체 확정 — 되돌림
duty_assignment,ASG-003529,applicability,확인필요,해당,① 관리주체 확정 — 되돌림
duty_assignment,ASG-003529,applicability_note,관리주체 확인 필요(FMS 관리주체 정보 없음·추정) — 용인시 관리면 「해당」으로,,① 관리주체 확정 — 되돌림
duty_assignment,ASG-003531,applicability,확인필요,해당,① 관리주체 확정 — 되돌림
duty_assignment,ASG-003531,applicability_note,관리주체 확인 필요(FMS 관리주체 정보 없음·추정) — 용인시 관리면 「해당」으로,,① 관리주체 확정 — 되돌림
duty_assignment,ASG-003532,applicability,확인필요,해당,① 관리주체 확정 — 되돌림
duty_assignment,ASG-003532,applicability_note,관리주체 확인 필요(FMS 관리주체 정보 없음·추정) — 용인시 관리면 「해당」으로,,① 관리주체 확정 — 되돌림
duty_assignment,ASG-003533,applicability,확인필요,해당,① 관리주체 확정 — 되돌림
duty_assignment,ASG-003533,applicability_note,관리주체 확인 필요(FMS 관리주체 정보 없음·추정) — 용인시 관리면 「해당」으로,,① 관리주체 확정 — 되돌림
duty_assignment,ASG-003535,applicability,확인필요,해당,① 관리주체 확정 — 되돌림
duty_assignment,ASG-003535,applicability_note,관리주체 확인 필요(FMS 관리주체 정보 없음·추정) — 용인시 관리면 「해당」으로,,① 관리주체 확정 — 되돌림
duty_assignment,ASG-003536,applicability,확인필요,해당,① 관리주체 확정 — 되돌림
duty_assignment,ASG-003536,applicability_note,관리주체 확인 필요(FMS 관리주체 정보 없음·추정) — 용인시 관리면 「해당」으로,,① 관리주체 확정 — 되돌림
duty_assignment,ASG-003537,applicability,확인필요,해당,① 관리주체 확정 — 되돌림
duty_assignment,ASG-003537,applicability_note,관리주체 확인 필요(FMS 관리주체 정보 없음·추정) — 용인시 관리면 「해당」으로,,① 관리주체 확정 — 되돌림
duty_assignment,ASG-003539,applicability,확인필요,해당,① 관리주체 확정 — 되돌림
duty_assignment,ASG-003539,applicability_note,관리주체 확인 필요(FMS 관리주체 정보 없음·추정) — 용인시 관리면 「해당」으로,,① 관리주체 확정 — 되돌림
duty_assignment,ASG-003540,applicability,확인필요,해당,① 관리주체 확정 — 되돌림
duty_assignment,ASG-003540,applicability_note,관리주체 확인 필요(FMS 관리주체 정보 없음·추정) — 용인시 관리면 「해당」으로,,① 관리주체 확정 — 되돌림
duty_assignment,ASG-003541,applicability,확인필요,해당,① 관리주체 확정 — 되돌림
duty_assignment,ASG-003541,applicability_note,관리주체 확인 필요(FMS 관리주체 정보 없음·추정) — 용인시 관리면 「해당」으로,,① 관리주체 확정 — 되돌림
duty_assignment,ASG-003543,applicability,확인필요,해당,① 관리주체 확정 — 되돌림
duty_assignment,ASG-003543,applicability_note,관리주체 확인 필요(FMS 관리주체 정보 없음·추정) — 용인시 관리면 「해당」으로,,① 관리주체 확정 — 되돌림
duty_assignment,ASG-003544,applicability,확인필요,해당,① 관리주체 확정 — 되돌림
duty_assignment,ASG-003544,applicability_note,관리주체 확인 필요(FMS 관리주체 정보 없음·추정) — 용인시 관리면 「해당」으로,,① 관리주체 확정 — 되돌림
duty_assignment,ASG-003545,applicability,확인필요,해당,① 관리주체 확정 — 되돌림
duty_assignment,ASG-003545,applicability_note,관리주체 확인 필요(FMS 관리주체 정보 없음·추정) — 용인시 관리면 「해당」으로,,① 관리주체 확정 — 되돌림
duty_assignment,ASG-003547,applicability,확인필요,해당,① 관리주체 확정 — 되돌림
duty_assignment,ASG-003547,applicability_note,관리주체 확인 필요(FMS 관리주체 정보 없음·추정) — 용인시 관리면 「해당」으로,,① 관리주체 확정 — 되돌림
duty_assignment,ASG-003548,applicability,확인필요,해당,① 관리주체 확정 — 되돌림
duty_assignment,ASG-003548,applicability_note,관리주체 확인 필요(FMS 관리주체 정보 없음·추정) — 용인시 관리면 「해당」으로,,① 관리주체 확정 — 되돌림
duty_assignment,ASG-003549,applicability,확인필요,해당,① 관리주체 확정 — 되돌림
duty_assignment,ASG-003549,applicability_note,관리주체 확인 필요(FMS 관리주체 정보 없음·추정) — 용인시 관리면 「해당」으로,,① 관리주체 확정 — 되돌림
duty_assignment,ASG-003551,applicability,확인필요,해당,① 관리주체 확정 — 되돌림
duty_assignment,ASG-003551,applicability_note,관리주체 확인 필요(FMS 관리주체 정보 없음·추정) — 용인시 관리면 「해당」으로,,① 관리주체 확정 — 되돌림
duty_assignment,ASG-003552,applicability,확인필요,해당,① 관리주체 확정 — 되돌림
duty_assignment,ASG-003552,applicability_note,관리주체 확인 필요(FMS 관리주체 정보 없음·추정) — 용인시 관리면 「해당」으로,,① 관리주체 확정 — 되돌림
duty_assignment,ASG-003553,applicability,확인필요,해당,① 관리주체 확정 — 되돌림
duty_assignment,ASG-003553,applicability_note,관리주체 확인 필요(FMS 관리주체 정보 없음·추정) — 용인시 관리면 「해당」으로,,① 관리주체 확정 — 되돌림
duty_assignment,ASG-003555,applicability,확인필요,해당,① 관리주체 확정 — 되돌림
duty_assignment,ASG-003555,applicability_note,관리주체 확인 필요(FMS 관리주체 정보 없음·추정) — 용인시 관리면 「해당」으로,,① 관리주체 확정 — 되돌림
duty_assignment,ASG-003556,applicability,확인필요,해당,① 관리주체 확정 — 되돌림
duty_assignment,ASG-003556,applicability_note,관리주체 확인 필요(FMS 관리주체 정보 없음·추정) — 용인시 관리면 「해당」으로,,① 관리주체 확정 — 되돌림
duty_assignment,ASG-003557,applicability,확인필요,해당,① 관리주체 확정 — 되돌림
duty_assignment,ASG-003557,applicability_note,관리주체 확인 필요(FMS 관리주체 정보 없음·추정) — 용인시 관리면 「해당」으로,,① 관리주체 확정 — 되돌림
duty_assignment,ASG-003559,applicability,확인필요,해당,① 관리주체 확정 — 되돌림
duty_assignment,ASG-003559,applicability_note,관리주체 확인 필요(FMS 관리주체 정보 없음·추정) — 용인시 관리면 「해당」으로,,① 관리주체 확정 — 되돌림
duty_assignment,ASG-003560,applicability,확인필요,해당,① 관리주체 확정 — 되돌림
duty_assignment,ASG-003560,applicability_note,관리주체 확인 필요(FMS 관리주체 정보 없음·추정) — 용인시 관리면 「해당」으로,,① 관리주체 확정 — 되돌림
duty_assignment,ASG-003561,applicability,확인필요,해당,① 관리주체 확정 — 되돌림
duty_assignment,ASG-003561,applicability_note,관리주체 확인 필요(FMS 관리주체 정보 없음·추정) — 용인시 관리면 「해당」으로,,① 관리주체 확정 — 되돌림
duty_assignment,ASG-003563,applicability,확인필요,해당,① 관리주체 확정 — 되돌림
duty_assignment,ASG-003563,applicability_note,관리주체 확인 필요(FMS 관리주체 정보 없음·추정) — 용인시 관리면 「해당」으로,,① 관리주체 확정 — 되돌림
duty_assignment,ASG-003564,applicability,확인필요,해당,① 관리주체 확정 — 되돌림
duty_assignment,ASG-003564,applicability_note,관리주체 확인 필요(FMS 관리주체 정보 없음·추정) — 용인시 관리면 「해당」으로,,① 관리주체 확정 — 되돌림
duty_assignment,ASG-003565,applicability,확인필요,해당,① 관리주체 확정 — 되돌림
duty_assignment,ASG-003565,applicability_note,관리주체 확인 필요(FMS 관리주체 정보 없음·추정) — 용인시 관리면 「해당」으로,,① 관리주체 확정 — 되돌림
duty_assignment,ASG-003576,applicability,확인필요,해당,① 관리주체 확정 — 되돌림
duty_assignment,ASG-003576,applicability_note,관리주체 확인 필요(FMS 관리주체 정보 없음·추정) — 용인시 관리면 「해당」으로,,① 관리주체 확정 — 되돌림
duty_assignment,ASG-003577,applicability,확인필요,해당,① 관리주체 확정 — 되돌림
duty_assignment,ASG-003577,applicability_note,관리주체 확인 필요(FMS 관리주체 정보 없음·추정) — 용인시 관리면 「해당」으로,,① 관리주체 확정 — 되돌림
duty_assignment,ASG-003578,applicability,확인필요,해당,① 관리주체 확정 — 되돌림
duty_assignment,ASG-003578,applicability_note,관리주체 확인 필요(FMS 관리주체 정보 없음·추정) — 용인시 관리면 「해당」으로,,① 관리주체 확정 — 되돌림
duty_assignment,ASG-003580,applicability,확인필요,해당,① 관리주체 확정 — 되돌림
duty_assignment,ASG-003580,applicability_note,관리주체 확인 필요(FMS 관리주체 정보 없음·추정) — 용인시 관리면 「해당」으로,,① 관리주체 확정 — 되돌림
duty_assignment,ASG-003581,applicability,확인필요,해당,① 관리주체 확정 — 되돌림
duty_assignment,ASG-003581,applicability_note,관리주체 확인 필요(FMS 관리주체 정보 없음·추정) — 용인시 관리면 「해당」으로,,① 관리주체 확정 — 되돌림
duty_assignment,ASG-003582,applicability,확인필요,해당,① 관리주체 확정 — 되돌림
duty_assignment,ASG-003582,applicability_note,관리주체 확인 필요(FMS 관리주체 정보 없음·추정) — 용인시 관리면 「해당」으로,,① 관리주체 확정 — 되돌림
duty_assignment,ASG-003584,applicability,확인필요,해당,① 관리주체 확정 — 되돌림
duty_assignment,ASG-003584,applicability_note,관리주체 확인 필요(FMS 관리주체 정보 없음·추정) — 용인시 관리면 「해당」으로,,① 관리주체 확정 — 되돌림
duty_assignment,ASG-003585,applicability,확인필요,해당,① 관리주체 확정 — 되돌림
duty_assignment,ASG-003585,applicability_note,관리주체 확인 필요(FMS 관리주체 정보 없음·추정) — 용인시 관리면 「해당」으로,,① 관리주체 확정 — 되돌림
duty_assignment,ASG-003586,applicability,확인필요,해당,① 관리주체 확정 — 되돌림
duty_assignment,ASG-003586,applicability_note,관리주체 확인 필요(FMS 관리주체 정보 없음·추정) — 용인시 관리면 「해당」으로,,① 관리주체 확정 — 되돌림
duty_assignment,ASG-003588,applicability,확인필요,해당,① 관리주체 확정 — 되돌림
duty_assignment,ASG-003588,applicability_note,관리주체 확인 필요(FMS 관리주체 정보 없음·추정) — 용인시 관리면 「해당」으로,,① 관리주체 확정 — 되돌림
duty_assignment,ASG-003589,applicability,확인필요,해당,① 관리주체 확정 — 되돌림
duty_assignment,ASG-003589,applicability_note,관리주체 확인 필요(FMS 관리주체 정보 없음·추정) — 용인시 관리면 「해당」으로,,① 관리주체 확정 — 되돌림
duty_assignment,ASG-003590,applicability,확인필요,해당,① 관리주체 확정 — 되돌림
duty_assignment,ASG-003590,applicability_note,관리주체 확인 필요(FMS 관리주체 정보 없음·추정) — 용인시 관리면 「해당」으로,,① 관리주체 확정 — 되돌림
duty_assignment,ASG-003592,applicability,확인필요,해당,① 관리주체 확정 — 되돌림
duty_assignment,ASG-003592,applicability_note,관리주체 확인 필요(FMS 관리주체 정보 없음·추정) — 용인시 관리면 「해당」으로,,① 관리주체 확정 — 되돌림
duty_assignment,ASG-003593,applicability,확인필요,해당,① 관리주체 확정 — 되돌림
duty_assignment,ASG-003593,applicability_note,관리주체 확인 필요(FMS 관리주체 정보 없음·추정) — 용인시 관리면 「해당」으로,,① 관리주체 확정 — 되돌림
duty_assignment,ASG-003594,applicability,확인필요,해당,① 관리주체 확정 — 되돌림
duty_assignment,ASG-003594,applicability_note,관리주체 확인 필요(FMS 관리주체 정보 없음·추정) — 용인시 관리면 「해당」으로,,① 관리주체 확정 — 되돌림
duty_assignment,ASG-003596,applicability,확인필요,해당,① 관리주체 확정 — 되돌림
duty_assignment,ASG-003596,applicability_note,관리주체 확인 필요(FMS 관리주체 정보 없음·추정) — 용인시 관리면 「해당」으로,,① 관리주체 확정 — 되돌림
duty_assignment,ASG-003597,applicability,확인필요,해당,① 관리주체 확정 — 되돌림
duty_assignment,ASG-003597,applicability_note,관리주체 확인 필요(FMS 관리주체 정보 없음·추정) — 용인시 관리면 「해당」으로,,① 관리주체 확정 — 되돌림
duty_assignment,ASG-003598,applicability,확인필요,해당,① 관리주체 확정 — 되돌림
duty_assignment,ASG-003598,applicability_note,관리주체 확인 필요(FMS 관리주체 정보 없음·추정) — 용인시 관리면 「해당」으로,,① 관리주체 확정 — 되돌림
duty_assignment,ASG-003600,applicability,확인필요,해당,① 관리주체 확정 — 되돌림
duty_assignment,ASG-003600,applicability_note,관리주체 확인 필요(FMS 관리주체 정보 없음·추정) — 용인시 관리면 「해당」으로,,① 관리주체 확정 — 되돌림
duty_assignment,ASG-003601,applicability,확인필요,해당,① 관리주체 확정 — 되돌림
duty_assignment,ASG-003601,applicability_note,관리주체 확인 필요(FMS 관리주체 정보 없음·추정) — 용인시 관리면 「해당」으로,,① 관리주체 확정 — 되돌림
duty_assignment,ASG-003602,applicability,확인필요,해당,① 관리주체 확정 — 되돌림
duty_assignment,ASG-003602,applicability_note,관리주체 확인 필요(FMS 관리주체 정보 없음·추정) — 용인시 관리면 「해당」으로,,① 관리주체 확정 — 되돌림
duty_assignment,ASG-003604,applicability,확인필요,해당,① 관리주체 확정 — 되돌림
duty_assignment,ASG-003604,applicability_note,관리주체 확인 필요(FMS 관리주체 정보 없음·추정) — 용인시 관리면 「해당」으로,,① 관리주체 확정 — 되돌림
duty_assignment,ASG-003605,applicability,확인필요,해당,① 관리주체 확정 — 되돌림
duty_assignment,ASG-003605,applicability_note,관리주체 확인 필요(FMS 관리주체 정보 없음·추정) — 용인시 관리면 「해당」으로,,① 관리주체 확정 — 되돌림
duty_assignment,ASG-003606,applicability,확인필요,해당,① 관리주체 확정 — 되돌림
duty_assignment,ASG-003606,applicability_note,관리주체 확인 필요(FMS 관리주체 정보 없음·추정) — 용인시 관리면 「해당」으로,,① 관리주체 확정 — 되돌림
duty_assignment,ASG-003608,applicability,확인필요,해당,① 관리주체 확정 — 되돌림
duty_assignment,ASG-003608,applicability_note,관리주체 확인 필요(FMS 관리주체 정보 없음·추정) — 용인시 관리면 「해당」으로,,① 관리주체 확정 — 되돌림
duty_assignment,ASG-003609,applicability,확인필요,해당,① 관리주체 확정 — 되돌림
duty_assignment,ASG-003609,applicability_note,관리주체 확인 필요(FMS 관리주체 정보 없음·추정) — 용인시 관리면 「해당」으로,,① 관리주체 확정 — 되돌림
duty_assignment,ASG-003610,applicability,확인필요,해당,① 관리주체 확정 — 되돌림
duty_assignment,ASG-003610,applicability_note,관리주체 확인 필요(FMS 관리주체 정보 없음·추정) — 용인시 관리면 「해당」으로,,① 관리주체 확정 — 되돌림
duty_assignment,ASG-003612,applicability,확인필요,해당,① 관리주체 확정 — 되돌림
duty_assignment,ASG-003612,applicability_note,관리주체 확인 필요(FMS 관리주체 정보 없음·추정) — 용인시 관리면 「해당」으로,,① 관리주체 확정 — 되돌림
duty_assignment,ASG-003613,applicability,확인필요,해당,① 관리주체 확정 — 되돌림
duty_assignment,ASG-003613,applicability_note,관리주체 확인 필요(FMS 관리주체 정보 없음·추정) — 용인시 관리면 「해당」으로,,① 관리주체 확정 — 되돌림
duty_assignment,ASG-003614,applicability,확인필요,해당,① 관리주체 확정 — 되돌림
duty_assignment,ASG-003614,applicability_note,관리주체 확인 필요(FMS 관리주체 정보 없음·추정) — 용인시 관리면 「해당」으로,,① 관리주체 확정 — 되돌림
duty_assignment,ASG-003616,applicability,확인필요,해당,① 관리주체 확정 — 되돌림
duty_assignment,ASG-003616,applicability_note,관리주체 확인 필요(FMS 관리주체 정보 없음·추정) — 용인시 관리면 「해당」으로,,① 관리주체 확정 — 되돌림
duty_assignment,ASG-003617,applicability,확인필요,해당,① 관리주체 확정 — 되돌림
duty_assignment,ASG-003617,applicability_note,관리주체 확인 필요(FMS 관리주체 정보 없음·추정) — 용인시 관리면 「해당」으로,,① 관리주체 확정 — 되돌림
duty_assignment,ASG-003618,applicability,확인필요,해당,① 관리주체 확정 — 되돌림
duty_assignment,ASG-003618,applicability_note,관리주체 확인 필요(FMS 관리주체 정보 없음·추정) — 용인시 관리면 「해당」으로,,① 관리주체 확정 — 되돌림
duty_assignment,ASG-003620,applicability,확인필요,해당,① 관리주체 확정 — 되돌림
duty_assignment,ASG-003620,applicability_note,관리주체 확인 필요(FMS 관리주체 정보 없음·추정) — 용인시 관리면 「해당」으로,,① 관리주체 확정 — 되돌림
duty_assignment,ASG-003621,applicability,확인필요,해당,① 관리주체 확정 — 되돌림
duty_assignment,ASG-003621,applicability_note,관리주체 확인 필요(FMS 관리주체 정보 없음·추정) — 용인시 관리면 「해당」으로,,① 관리주체 확정 — 되돌림
duty_assignment,ASG-003622,applicability,확인필요,해당,① 관리주체 확정 — 되돌림
duty_assignment,ASG-003622,applicability_note,관리주체 확인 필요(FMS 관리주체 정보 없음·추정) — 용인시 관리면 「해당」으로,,① 관리주체 확정 — 되돌림
duty_assignment,ASG-003624,applicability,확인필요,해당,① 관리주체 확정 — 되돌림
duty_assignment,ASG-003624,applicability_note,관리주체 확인 필요(FMS 관리주체 정보 없음·추정) — 용인시 관리면 「해당」으로,,① 관리주체 확정 — 되돌림
duty_assignment,ASG-003625,applicability,확인필요,해당,① 관리주체 확정 — 되돌림
duty_assignment,ASG-003625,applicability_note,관리주체 확인 필요(FMS 관리주체 정보 없음·추정) — 용인시 관리면 「해당」으로,,① 관리주체 확정 — 되돌림
duty_assignment,ASG-003626,applicability,확인필요,해당,① 관리주체 확정 — 되돌림
duty_assignment,ASG-003626,applicability_note,관리주체 확인 필요(FMS 관리주체 정보 없음·추정) — 용인시 관리면 「해당」으로,,① 관리주체 확정 — 되돌림
duty_assignment,ASG-003628,applicability,확인필요,해당,① 관리주체 확정 — 되돌림
duty_assignment,ASG-003628,applicability_note,관리주체 확인 필요(FMS 관리주체 정보 없음·추정) — 용인시 관리면 「해당」으로,,① 관리주체 확정 — 되돌림
duty_assignment,ASG-003629,applicability,확인필요,해당,① 관리주체 확정 — 되돌림
duty_assignment,ASG-003629,applicability_note,관리주체 확인 필요(FMS 관리주체 정보 없음·추정) — 용인시 관리면 「해당」으로,,① 관리주체 확정 — 되돌림
duty_assignment,ASG-003630,applicability,확인필요,해당,① 관리주체 확정 — 되돌림
duty_assignment,ASG-003630,applicability_note,관리주체 확인 필요(FMS 관리주체 정보 없음·추정) — 용인시 관리면 「해당」으로,,① 관리주체 확정 — 되돌림
duty_assignment,ASG-003632,applicability,확인필요,해당,① 관리주체 확정 — 되돌림
duty_assignment,ASG-003632,applicability_note,관리주체 확인 필요(FMS 관리주체 정보 없음·추정) — 용인시 관리면 「해당」으로,,① 관리주체 확정 — 되돌림
duty_assignment,ASG-003633,applicability,확인필요,해당,① 관리주체 확정 — 되돌림
duty_assignment,ASG-003633,applicability_note,관리주체 확인 필요(FMS 관리주체 정보 없음·추정) — 용인시 관리면 「해당」으로,,① 관리주체 확정 — 되돌림
duty_assignment,ASG-003634,applicability,확인필요,해당,① 관리주체 확정 — 되돌림
duty_assignment,ASG-003634,applicability_note,관리주체 확인 필요(FMS 관리주체 정보 없음·추정) — 용인시 관리면 「해당」으로,,① 관리주체 확정 — 되돌림
duty_assignment,ASG-003636,applicability,확인필요,해당,① 관리주체 확정 — 되돌림
duty_assignment,ASG-003636,applicability_note,관리주체 확인 필요(FMS 관리주체 정보 없음·추정) — 용인시 관리면 「해당」으로,,① 관리주체 확정 — 되돌림
duty_assignment,ASG-003637,applicability,확인필요,해당,① 관리주체 확정 — 되돌림
duty_assignment,ASG-003637,applicability_note,관리주체 확인 필요(FMS 관리주체 정보 없음·추정) — 용인시 관리면 「해당」으로,,① 관리주체 확정 — 되돌림
duty_assignment,ASG-003638,applicability,확인필요,해당,① 관리주체 확정 — 되돌림
duty_assignment,ASG-003638,applicability_note,관리주체 확인 필요(FMS 관리주체 정보 없음·추정) — 용인시 관리면 「해당」으로,,① 관리주체 확정 — 되돌림
duty_assignment,ASG-003644,applicability,확인필요,해당,① 관리주체 확정 — 되돌림
duty_assignment,ASG-003644,applicability_note,관리주체 확인 필요(FMS 관리주체 정보 없음·추정) — 용인시 관리면 「해당」으로,,① 관리주체 확정 — 되돌림
duty_assignment,ASG-003645,applicability,확인필요,해당,① 관리주체 확정 — 되돌림
duty_assignment,ASG-003645,applicability_note,관리주체 확인 필요(FMS 관리주체 정보 없음·추정) — 용인시 관리면 「해당」으로,,① 관리주체 확정 — 되돌림
duty_assignment,ASG-003646,applicability,확인필요,해당,① 관리주체 확정 — 되돌림
duty_assignment,ASG-003646,applicability_note,관리주체 확인 필요(FMS 관리주체 정보 없음·추정) — 용인시 관리면 「해당」으로,,① 관리주체 확정 — 되돌림
duty_assignment,ASG-003648,applicability,확인필요,해당,① 관리주체 확정 — 되돌림
duty_assignment,ASG-003648,applicability_note,관리주체 확인 필요(FMS 관리주체 정보 없음·추정) — 용인시 관리면 「해당」으로,,① 관리주체 확정 — 되돌림
duty_assignment,ASG-003649,applicability,확인필요,해당,① 관리주체 확정 — 되돌림
duty_assignment,ASG-003649,applicability_note,관리주체 확인 필요(FMS 관리주체 정보 없음·추정) — 용인시 관리면 「해당」으로,,① 관리주체 확정 — 되돌림
duty_assignment,ASG-003650,applicability,확인필요,해당,① 관리주체 확정 — 되돌림
duty_assignment,ASG-003650,applicability_note,관리주체 확인 필요(FMS 관리주체 정보 없음·추정) — 용인시 관리면 「해당」으로,,① 관리주체 확정 — 되돌림
duty_assignment,ASG-003652,applicability,확인필요,해당,① 관리주체 확정 — 되돌림
duty_assignment,ASG-003652,applicability_note,관리주체 확인 필요(FMS 관리주체 정보 없음·추정) — 용인시 관리면 「해당」으로,,① 관리주체 확정 — 되돌림
duty_assignment,ASG-003653,applicability,확인필요,해당,① 관리주체 확정 — 되돌림
duty_assignment,ASG-003653,applicability_note,관리주체 확인 필요(FMS 관리주체 정보 없음·추정) — 용인시 관리면 「해당」으로,,① 관리주체 확정 — 되돌림
duty_assignment,ASG-003654,applicability,확인필요,해당,① 관리주체 확정 — 되돌림
duty_assignment,ASG-003654,applicability_note,관리주체 확인 필요(FMS 관리주체 정보 없음·추정) — 용인시 관리면 「해당」으로,,① 관리주체 확정 — 되돌림
duty_assignment,ASG-003656,applicability,확인필요,해당,① 관리주체 확정 — 되돌림
duty_assignment,ASG-003656,applicability_note,관리주체 확인 필요(FMS 관리주체 정보 없음·추정) — 용인시 관리면 「해당」으로,,① 관리주체 확정 — 되돌림
duty_assignment,ASG-003657,applicability,확인필요,해당,① 관리주체 확정 — 되돌림
duty_assignment,ASG-003657,applicability_note,관리주체 확인 필요(FMS 관리주체 정보 없음·추정) — 용인시 관리면 「해당」으로,,① 관리주체 확정 — 되돌림
duty_assignment,ASG-003658,applicability,확인필요,해당,① 관리주체 확정 — 되돌림
duty_assignment,ASG-003658,applicability_note,관리주체 확인 필요(FMS 관리주체 정보 없음·추정) — 용인시 관리면 「해당」으로,,① 관리주체 확정 — 되돌림
duty_assignment,ASG-003660,applicability,확인필요,해당,① 관리주체 확정 — 되돌림
duty_assignment,ASG-003660,applicability_note,관리주체 확인 필요(FMS 관리주체 정보 없음·추정) — 용인시 관리면 「해당」으로,,① 관리주체 확정 — 되돌림
duty_assignment,ASG-003661,applicability,확인필요,해당,① 관리주체 확정 — 되돌림
duty_assignment,ASG-003661,applicability_note,관리주체 확인 필요(FMS 관리주체 정보 없음·추정) — 용인시 관리면 「해당」으로,,① 관리주체 확정 — 되돌림
duty_assignment,ASG-003662,applicability,확인필요,해당,① 관리주체 확정 — 되돌림
duty_assignment,ASG-003662,applicability_note,관리주체 확인 필요(FMS 관리주체 정보 없음·추정) — 용인시 관리면 「해당」으로,,① 관리주체 확정 — 되돌림
duty_assignment,ASG-003664,applicability,확인필요,해당,① 관리주체 확정 — 되돌림
duty_assignment,ASG-003664,applicability_note,관리주체 확인 필요(FMS 관리주체 정보 없음·추정) — 용인시 관리면 「해당」으로,,① 관리주체 확정 — 되돌림
duty_assignment,ASG-003665,applicability,확인필요,해당,① 관리주체 확정 — 되돌림
duty_assignment,ASG-003665,applicability_note,관리주체 확인 필요(FMS 관리주체 정보 없음·추정) — 용인시 관리면 「해당」으로,,① 관리주체 확정 — 되돌림
duty_assignment,ASG-003666,applicability,확인필요,해당,① 관리주체 확정 — 되돌림
duty_assignment,ASG-003666,applicability_note,관리주체 확인 필요(FMS 관리주체 정보 없음·추정) — 용인시 관리면 「해당」으로,,① 관리주체 확정 — 되돌림
duty_assignment,ASG-003668,applicability,확인필요,해당,① 관리주체 확정 — 되돌림
duty_assignment,ASG-003668,applicability_note,관리주체 확인 필요(FMS 관리주체 정보 없음·추정) — 용인시 관리면 「해당」으로,,① 관리주체 확정 — 되돌림
duty_assignment,ASG-003669,applicability,확인필요,해당,① 관리주체 확정 — 되돌림
duty_assignment,ASG-003669,applicability_note,관리주체 확인 필요(FMS 관리주체 정보 없음·추정) — 용인시 관리면 「해당」으로,,① 관리주체 확정 — 되돌림
duty_assignment,ASG-003670,applicability,확인필요,해당,① 관리주체 확정 — 되돌림
duty_assignment,ASG-003670,applicability_note,관리주체 확인 필요(FMS 관리주체 정보 없음·추정) — 용인시 관리면 「해당」으로,,① 관리주체 확정 — 되돌림
duty_assignment,ASG-003672,applicability,확인필요,해당,① 관리주체 확정 — 되돌림
duty_assignment,ASG-003672,applicability_note,관리주체 확인 필요(FMS 관리주체 정보 없음·추정) — 용인시 관리면 「해당」으로,,① 관리주체 확정 — 되돌림
duty_assignment,ASG-003673,applicability,확인필요,해당,① 관리주체 확정 — 되돌림
duty_assignment,ASG-003673,applicability_note,관리주체 확인 필요(FMS 관리주체 정보 없음·추정) — 용인시 관리면 「해당」으로,,① 관리주체 확정 — 되돌림
duty_assignment,ASG-003674,applicability,확인필요,해당,① 관리주체 확정 — 되돌림
duty_assignment,ASG-003674,applicability_note,관리주체 확인 필요(FMS 관리주체 정보 없음·추정) — 용인시 관리면 「해당」으로,,① 관리주체 확정 — 되돌림
duty_assignment,ASG-003676,applicability,확인필요,해당,① 관리주체 확정 — 되돌림
duty_assignment,ASG-003676,applicability_note,관리주체 확인 필요(FMS 관리주체 정보 없음·추정) — 용인시 관리면 「해당」으로,,① 관리주체 확정 — 되돌림
duty_assignment,ASG-003677,applicability,확인필요,해당,① 관리주체 확정 — 되돌림
duty_assignment,ASG-003677,applicability_note,관리주체 확인 필요(FMS 관리주체 정보 없음·추정) — 용인시 관리면 「해당」으로,,① 관리주체 확정 — 되돌림
duty_assignment,ASG-003678,applicability,확인필요,해당,① 관리주체 확정 — 되돌림
duty_assignment,ASG-003678,applicability_note,관리주체 확인 필요(FMS 관리주체 정보 없음·추정) — 용인시 관리면 「해당」으로,,① 관리주체 확정 — 되돌림
duty_assignment,ASG-003680,applicability,확인필요,해당,① 관리주체 확정 — 되돌림
duty_assignment,ASG-003680,applicability_note,관리주체 확인 필요(FMS 관리주체 정보 없음·추정) — 용인시 관리면 「해당」으로,,① 관리주체 확정 — 되돌림
duty_assignment,ASG-003681,applicability,확인필요,해당,① 관리주체 확정 — 되돌림
duty_assignment,ASG-003681,applicability_note,관리주체 확인 필요(FMS 관리주체 정보 없음·추정) — 용인시 관리면 「해당」으로,,① 관리주체 확정 — 되돌림
duty_assignment,ASG-003682,applicability,확인필요,해당,① 관리주체 확정 — 되돌림
duty_assignment,ASG-003682,applicability_note,관리주체 확인 필요(FMS 관리주체 정보 없음·추정) — 용인시 관리면 「해당」으로,,① 관리주체 확정 — 되돌림
duty_assignment,ASG-003684,applicability,확인필요,해당,① 관리주체 확정 — 되돌림
duty_assignment,ASG-003684,applicability_note,관리주체 확인 필요(FMS 관리주체 정보 없음·추정) — 용인시 관리면 「해당」으로,,① 관리주체 확정 — 되돌림
duty_assignment,ASG-003685,applicability,확인필요,해당,① 관리주체 확정 — 되돌림
duty_assignment,ASG-003685,applicability_note,관리주체 확인 필요(FMS 관리주체 정보 없음·추정) — 용인시 관리면 「해당」으로,,① 관리주체 확정 — 되돌림
duty_assignment,ASG-003686,applicability,확인필요,해당,① 관리주체 확정 — 되돌림
duty_assignment,ASG-003686,applicability_note,관리주체 확인 필요(FMS 관리주체 정보 없음·추정) — 용인시 관리면 「해당」으로,,① 관리주체 확정 — 되돌림
duty_assignment,ASG-003688,applicability,확인필요,해당,① 관리주체 확정 — 되돌림
duty_assignment,ASG-003688,applicability_note,관리주체 확인 필요(FMS 관리주체 정보 없음·추정) — 용인시 관리면 「해당」으로,,① 관리주체 확정 — 되돌림
duty_assignment,ASG-003689,applicability,확인필요,해당,① 관리주체 확정 — 되돌림
duty_assignment,ASG-003689,applicability_note,관리주체 확인 필요(FMS 관리주체 정보 없음·추정) — 용인시 관리면 「해당」으로,,① 관리주체 확정 — 되돌림
duty_assignment,ASG-003690,applicability,확인필요,해당,① 관리주체 확정 — 되돌림
duty_assignment,ASG-003690,applicability_note,관리주체 확인 필요(FMS 관리주체 정보 없음·추정) — 용인시 관리면 「해당」으로,,① 관리주체 확정 — 되돌림
duty_assignment,ASG-003692,applicability,확인필요,해당,① 관리주체 확정 — 되돌림
duty_assignment,ASG-003692,applicability_note,관리주체 확인 필요(FMS 관리주체 정보 없음·추정) — 용인시 관리면 「해당」으로,,① 관리주체 확정 — 되돌림
duty_assignment,ASG-003693,applicability,확인필요,해당,① 관리주체 확정 — 되돌림
duty_assignment,ASG-003693,applicability_note,관리주체 확인 필요(FMS 관리주체 정보 없음·추정) — 용인시 관리면 「해당」으로,,① 관리주체 확정 — 되돌림
duty_assignment,ASG-003694,applicability,확인필요,해당,① 관리주체 확정 — 되돌림
duty_assignment,ASG-003694,applicability_note,관리주체 확인 필요(FMS 관리주체 정보 없음·추정) — 용인시 관리면 「해당」으로,,① 관리주체 확정 — 되돌림
duty_assignment,ASG-003696,applicability,확인필요,해당,① 관리주체 확정 — 되돌림
duty_assignment,ASG-003696,applicability_note,관리주체 확인 필요(FMS 관리주체 정보 없음·추정) — 용인시 관리면 「해당」으로,,① 관리주체 확정 — 되돌림
duty_assignment,ASG-003697,applicability,확인필요,해당,① 관리주체 확정 — 되돌림
duty_assignment,ASG-003697,applicability_note,관리주체 확인 필요(FMS 관리주체 정보 없음·추정) — 용인시 관리면 「해당」으로,,① 관리주체 확정 — 되돌림
duty_assignment,ASG-003698,applicability,확인필요,해당,① 관리주체 확정 — 되돌림
duty_assignment,ASG-003698,applicability_note,관리주체 확인 필요(FMS 관리주체 정보 없음·추정) — 용인시 관리면 「해당」으로,,① 관리주체 확정 — 되돌림
duty_assignment,ASG-003703,applicability,확인필요,해당,① 관리주체 확정 — 되돌림
duty_assignment,ASG-003703,applicability_note,관리주체 확인 필요(FMS 관리주체 정보 없음·추정) — 용인시 관리면 「해당」으로,,① 관리주체 확정 — 되돌림
duty_assignment,ASG-003704,applicability,확인필요,해당,① 관리주체 확정 — 되돌림
duty_assignment,ASG-003704,applicability_note,관리주체 확인 필요(FMS 관리주체 정보 없음·추정) — 용인시 관리면 「해당」으로,,① 관리주체 확정 — 되돌림
duty_assignment,ASG-003705,applicability,확인필요,해당,① 관리주체 확정 — 되돌림
duty_assignment,ASG-003705,applicability_note,관리주체 확인 필요(FMS 관리주체 정보 없음·추정) — 용인시 관리면 「해당」으로,,① 관리주체 확정 — 되돌림
duty_assignment,ASG-003707,applicability,확인필요,해당,① 관리주체 확정 — 되돌림
duty_assignment,ASG-003707,applicability_note,관리주체 확인 필요(FMS 관리주체 정보 없음·추정) — 용인시 관리면 「해당」으로,,① 관리주체 확정 — 되돌림
duty_assignment,ASG-003708,applicability,확인필요,해당,① 관리주체 확정 — 되돌림
duty_assignment,ASG-003708,applicability_note,관리주체 확인 필요(FMS 관리주체 정보 없음·추정) — 용인시 관리면 「해당」으로,,① 관리주체 확정 — 되돌림
duty_assignment,ASG-003709,applicability,확인필요,해당,① 관리주체 확정 — 되돌림
duty_assignment,ASG-003709,applicability_note,관리주체 확인 필요(FMS 관리주체 정보 없음·추정) — 용인시 관리면 「해당」으로,,① 관리주체 확정 — 되돌림
duty_assignment,ASG-003711,applicability,확인필요,해당,① 관리주체 확정 — 되돌림
duty_assignment,ASG-003711,applicability_note,관리주체 확인 필요(FMS 관리주체 정보 없음·추정) — 용인시 관리면 「해당」으로,,① 관리주체 확정 — 되돌림
duty_assignment,ASG-003712,applicability,확인필요,해당,① 관리주체 확정 — 되돌림
duty_assignment,ASG-003712,applicability_note,관리주체 확인 필요(FMS 관리주체 정보 없음·추정) — 용인시 관리면 「해당」으로,,① 관리주체 확정 — 되돌림
duty_assignment,ASG-003713,applicability,확인필요,해당,① 관리주체 확정 — 되돌림
duty_assignment,ASG-003713,applicability_note,관리주체 확인 필요(FMS 관리주체 정보 없음·추정) — 용인시 관리면 「해당」으로,,① 관리주체 확정 — 되돌림
duty_assignment,ASG-003715,applicability,확인필요,해당,① 관리주체 확정 — 되돌림
duty_assignment,ASG-003715,applicability_note,관리주체 확인 필요(FMS 관리주체 정보 없음·추정) — 용인시 관리면 「해당」으로,,① 관리주체 확정 — 되돌림
duty_assignment,ASG-003716,applicability,확인필요,해당,① 관리주체 확정 — 되돌림
duty_assignment,ASG-003716,applicability_note,관리주체 확인 필요(FMS 관리주체 정보 없음·추정) — 용인시 관리면 「해당」으로,,① 관리주체 확정 — 되돌림
duty_assignment,ASG-003717,applicability,확인필요,해당,① 관리주체 확정 — 되돌림
duty_assignment,ASG-003717,applicability_note,관리주체 확인 필요(FMS 관리주체 정보 없음·추정) — 용인시 관리면 「해당」으로,,① 관리주체 확정 — 되돌림
duty_assignment,ASG-003719,applicability,확인필요,해당,① 관리주체 확정 — 되돌림
duty_assignment,ASG-003719,applicability_note,관리주체 확인 필요(FMS 관리주체 정보 없음·추정) — 용인시 관리면 「해당」으로,,① 관리주체 확정 — 되돌림
duty_assignment,ASG-003720,applicability,확인필요,해당,① 관리주체 확정 — 되돌림
duty_assignment,ASG-003720,applicability_note,관리주체 확인 필요(FMS 관리주체 정보 없음·추정) — 용인시 관리면 「해당」으로,,① 관리주체 확정 — 되돌림
duty_assignment,ASG-003721,applicability,확인필요,해당,① 관리주체 확정 — 되돌림
duty_assignment,ASG-003721,applicability_note,관리주체 확인 필요(FMS 관리주체 정보 없음·추정) — 용인시 관리면 「해당」으로,,① 관리주체 확정 — 되돌림
duty_assignment,ASG-003724,applicability,확인필요,해당,① 관리주체 확정 — 되돌림
duty_assignment,ASG-003724,applicability_note,관리주체 확인 필요(FMS 관리주체 정보 없음·추정) — 용인시 관리면 「해당」으로,,① 관리주체 확정 — 되돌림
duty_assignment,ASG-003725,applicability,확인필요,해당,① 관리주체 확정 — 되돌림
duty_assignment,ASG-003725,applicability_note,관리주체 확인 필요(FMS 관리주체 정보 없음·추정) — 용인시 관리면 「해당」으로,,① 관리주체 확정 — 되돌림
duty_assignment,ASG-003726,applicability,확인필요,해당,① 관리주체 확정 — 되돌림
duty_assignment,ASG-003726,applicability_note,관리주체 확인 필요(FMS 관리주체 정보 없음·추정) — 용인시 관리면 「해당」으로,,① 관리주체 확정 — 되돌림
duty_assignment,ASG-003729,applicability,확인필요,해당,① 관리주체 확정 — 되돌림
duty_assignment,ASG-003729,applicability_note,관리주체 확인 필요(FMS 관리주체 정보 없음·추정) — 용인시 관리면 「해당」으로,,① 관리주체 확정 — 되돌림
duty_assignment,ASG-003730,applicability,확인필요,해당,① 관리주체 확정 — 되돌림
duty_assignment,ASG-003730,applicability_note,관리주체 확인 필요(FMS 관리주체 정보 없음·추정) — 용인시 관리면 「해당」으로,,① 관리주체 확정 — 되돌림
duty_assignment,ASG-003731,applicability,확인필요,해당,① 관리주체 확정 — 되돌림
duty_assignment,ASG-003731,applicability_note,관리주체 확인 필요(FMS 관리주체 정보 없음·추정) — 용인시 관리면 「해당」으로,,① 관리주체 확정 — 되돌림
duty_assignment,ASG-003734,applicability,확인필요,해당,① 관리주체 확정 — 되돌림
duty_assignment,ASG-003734,applicability_note,관리주체 확인 필요(FMS 관리주체 정보 없음·추정) — 용인시 관리면 「해당」으로,,① 관리주체 확정 — 되돌림
duty_assignment,ASG-003735,applicability,확인필요,해당,① 관리주체 확정 — 되돌림
duty_assignment,ASG-003735,applicability_note,관리주체 확인 필요(FMS 관리주체 정보 없음·추정) — 용인시 관리면 「해당」으로,,① 관리주체 확정 — 되돌림
duty_assignment,ASG-003736,applicability,확인필요,해당,① 관리주체 확정 — 되돌림
duty_assignment,ASG-003736,applicability_note,관리주체 확인 필요(FMS 관리주체 정보 없음·추정) — 용인시 관리면 「해당」으로,,① 관리주체 확정 — 되돌림
duty_assignment,ASG-003738,applicability,확인필요,해당,① 관리주체 확정 — 되돌림
duty_assignment,ASG-003738,applicability_note,관리주체 확인 필요(FMS 관리주체 정보 없음·추정) — 용인시 관리면 「해당」으로,,① 관리주체 확정 — 되돌림
duty_assignment,ASG-003739,applicability,확인필요,해당,① 관리주체 확정 — 되돌림
duty_assignment,ASG-003739,applicability_note,관리주체 확인 필요(FMS 관리주체 정보 없음·추정) — 용인시 관리면 「해당」으로,,① 관리주체 확정 — 되돌림
duty_assignment,ASG-003740,applicability,확인필요,해당,① 관리주체 확정 — 되돌림
duty_assignment,ASG-003740,applicability_note,관리주체 확인 필요(FMS 관리주체 정보 없음·추정) — 용인시 관리면 「해당」으로,,① 관리주체 확정 — 되돌림
duty_assignment,ASG-003742,applicability,확인필요,해당,① 관리주체 확정 — 되돌림
duty_assignment,ASG-003742,applicability_note,관리주체 확인 필요(FMS 관리주체 정보 없음·추정) — 용인시 관리면 「해당」으로,,① 관리주체 확정 — 되돌림
duty_assignment,ASG-003743,applicability,확인필요,해당,① 관리주체 확정 — 되돌림
duty_assignment,ASG-003743,applicability_note,관리주체 확인 필요(FMS 관리주체 정보 없음·추정) — 용인시 관리면 「해당」으로,,① 관리주체 확정 — 되돌림
duty_assignment,ASG-003744,applicability,확인필요,해당,① 관리주체 확정 — 되돌림
duty_assignment,ASG-003744,applicability_note,관리주체 확인 필요(FMS 관리주체 정보 없음·추정) — 용인시 관리면 「해당」으로,,① 관리주체 확정 — 되돌림
duty_assignment,ASG-003746,applicability,확인필요,해당,① 관리주체 확정 — 되돌림
duty_assignment,ASG-003746,applicability_note,관리주체 확인 필요(FMS 관리주체 정보 없음·추정) — 용인시 관리면 「해당」으로,,① 관리주체 확정 — 되돌림
duty_assignment,ASG-003747,applicability,확인필요,해당,① 관리주체 확정 — 되돌림
duty_assignment,ASG-003747,applicability_note,관리주체 확인 필요(FMS 관리주체 정보 없음·추정) — 용인시 관리면 「해당」으로,,① 관리주체 확정 — 되돌림
duty_assignment,ASG-003748,applicability,확인필요,해당,① 관리주체 확정 — 되돌림
duty_assignment,ASG-003748,applicability_note,관리주체 확인 필요(FMS 관리주체 정보 없음·추정) — 용인시 관리면 「해당」으로,,① 관리주체 확정 — 되돌림
duty_assignment,ASG-003750,applicability,확인필요,해당,① 관리주체 확정 — 되돌림
duty_assignment,ASG-003750,applicability_note,관리주체 확인 필요(FMS 관리주체 정보 없음·추정) — 용인시 관리면 「해당」으로,,① 관리주체 확정 — 되돌림
duty_assignment,ASG-003751,applicability,확인필요,해당,① 관리주체 확정 — 되돌림
duty_assignment,ASG-003751,applicability_note,관리주체 확인 필요(FMS 관리주체 정보 없음·추정) — 용인시 관리면 「해당」으로,,① 관리주체 확정 — 되돌림
duty_assignment,ASG-003752,applicability,확인필요,해당,① 관리주체 확정 — 되돌림
duty_assignment,ASG-003752,applicability_note,관리주체 확인 필요(FMS 관리주체 정보 없음·추정) — 용인시 관리면 「해당」으로,,① 관리주체 확정 — 되돌림
duty_assignment,ASG-003754,applicability,확인필요,해당,① 관리주체 확정 — 되돌림
duty_assignment,ASG-003754,applicability_note,관리주체 확인 필요(FMS 관리주체 정보 없음·추정) — 용인시 관리면 「해당」으로,,① 관리주체 확정 — 되돌림
duty_assignment,ASG-003755,applicability,확인필요,해당,① 관리주체 확정 — 되돌림
duty_assignment,ASG-003755,applicability_note,관리주체 확인 필요(FMS 관리주체 정보 없음·추정) — 용인시 관리면 「해당」으로,,① 관리주체 확정 — 되돌림
duty_assignment,ASG-003756,applicability,확인필요,해당,① 관리주체 확정 — 되돌림
duty_assignment,ASG-003756,applicability_note,관리주체 확인 필요(FMS 관리주체 정보 없음·추정) — 용인시 관리면 「해당」으로,,① 관리주체 확정 — 되돌림
duty_assignment,ASG-003758,applicability,확인필요,해당,① 관리주체 확정 — 되돌림
duty_assignment,ASG-003758,applicability_note,관리주체 확인 필요(FMS 관리주체 정보 없음·추정) — 용인시 관리면 「해당」으로,,① 관리주체 확정 — 되돌림
duty_assignment,ASG-003759,applicability,확인필요,해당,① 관리주체 확정 — 되돌림
duty_assignment,ASG-003759,applicability_note,관리주체 확인 필요(FMS 관리주체 정보 없음·추정) — 용인시 관리면 「해당」으로,,① 관리주체 확정 — 되돌림
duty_assignment,ASG-003760,applicability,확인필요,해당,① 관리주체 확정 — 되돌림
duty_assignment,ASG-003760,applicability_note,관리주체 확인 필요(FMS 관리주체 정보 없음·추정) — 용인시 관리면 「해당」으로,,① 관리주체 확정 — 되돌림
duty_assignment,ASG-003762,applicability,확인필요,해당,① 관리주체 확정 — 되돌림
duty_assignment,ASG-003762,applicability_note,관리주체 확인 필요(FMS 관리주체 정보 없음·추정) — 용인시 관리면 「해당」으로,,① 관리주체 확정 — 되돌림
duty_assignment,ASG-003763,applicability,확인필요,해당,① 관리주체 확정 — 되돌림
duty_assignment,ASG-003763,applicability_note,관리주체 확인 필요(FMS 관리주체 정보 없음·추정) — 용인시 관리면 「해당」으로,,① 관리주체 확정 — 되돌림
duty_assignment,ASG-003764,applicability,확인필요,해당,① 관리주체 확정 — 되돌림
duty_assignment,ASG-003764,applicability_note,관리주체 확인 필요(FMS 관리주체 정보 없음·추정) — 용인시 관리면 「해당」으로,,① 관리주체 확정 — 되돌림
duty_assignment,ASG-003766,applicability,확인필요,해당,① 관리주체 확정 — 되돌림
duty_assignment,ASG-003766,applicability_note,관리주체 확인 필요(FMS 관리주체 정보 없음·추정) — 용인시 관리면 「해당」으로,,① 관리주체 확정 — 되돌림
duty_assignment,ASG-003767,applicability,확인필요,해당,① 관리주체 확정 — 되돌림
duty_assignment,ASG-003767,applicability_note,관리주체 확인 필요(FMS 관리주체 정보 없음·추정) — 용인시 관리면 「해당」으로,,① 관리주체 확정 — 되돌림
duty_assignment,ASG-003768,applicability,확인필요,해당,① 관리주체 확정 — 되돌림
duty_assignment,ASG-003768,applicability_note,관리주체 확인 필요(FMS 관리주체 정보 없음·추정) — 용인시 관리면 「해당」으로,,① 관리주체 확정 — 되돌림
duty_assignment,ASG-003770,applicability,확인필요,해당,① 관리주체 확정 — 되돌림
duty_assignment,ASG-003770,applicability_note,관리주체 확인 필요(FMS 관리주체 정보 없음·추정) — 용인시 관리면 「해당」으로,,① 관리주체 확정 — 되돌림
duty_assignment,ASG-003771,applicability,확인필요,해당,① 관리주체 확정 — 되돌림
duty_assignment,ASG-003771,applicability_note,관리주체 확인 필요(FMS 관리주체 정보 없음·추정) — 용인시 관리면 「해당」으로,,① 관리주체 확정 — 되돌림
duty_assignment,ASG-003772,applicability,확인필요,해당,① 관리주체 확정 — 되돌림
duty_assignment,ASG-003772,applicability_note,관리주체 확인 필요(FMS 관리주체 정보 없음·추정) — 용인시 관리면 「해당」으로,,① 관리주체 확정 — 되돌림
duty_assignment,ASG-003774,applicability,확인필요,해당,① 관리주체 확정 — 되돌림
duty_assignment,ASG-003774,applicability_note,관리주체 확인 필요(FMS 관리주체 정보 없음·추정) — 용인시 관리면 「해당」으로,,① 관리주체 확정 — 되돌림
duty_assignment,ASG-003775,applicability,확인필요,해당,① 관리주체 확정 — 되돌림
duty_assignment,ASG-003775,applicability_note,관리주체 확인 필요(FMS 관리주체 정보 없음·추정) — 용인시 관리면 「해당」으로,,① 관리주체 확정 — 되돌림
duty_assignment,ASG-003776,applicability,확인필요,해당,① 관리주체 확정 — 되돌림
duty_assignment,ASG-003776,applicability_note,관리주체 확인 필요(FMS 관리주체 정보 없음·추정) — 용인시 관리면 「해당」으로,,① 관리주체 확정 — 되돌림
duty_assignment,ASG-003778,applicability,확인필요,해당,① 관리주체 확정 — 되돌림
duty_assignment,ASG-003778,applicability_note,관리주체 확인 필요(FMS 관리주체 정보 없음·추정) — 용인시 관리면 「해당」으로,,① 관리주체 확정 — 되돌림
duty_assignment,ASG-003779,applicability,확인필요,해당,① 관리주체 확정 — 되돌림
duty_assignment,ASG-003779,applicability_note,관리주체 확인 필요(FMS 관리주체 정보 없음·추정) — 용인시 관리면 「해당」으로,,① 관리주체 확정 — 되돌림
duty_assignment,ASG-003780,applicability,확인필요,해당,① 관리주체 확정 — 되돌림
duty_assignment,ASG-003780,applicability_note,관리주체 확인 필요(FMS 관리주체 정보 없음·추정) — 용인시 관리면 「해당」으로,,① 관리주체 확정 — 되돌림
duty_assignment,ASG-003782,applicability,확인필요,해당,① 관리주체 확정 — 되돌림
duty_assignment,ASG-003782,applicability_note,관리주체 확인 필요(FMS 관리주체 정보 없음·추정) — 용인시 관리면 「해당」으로,,① 관리주체 확정 — 되돌림
duty_assignment,ASG-003783,applicability,확인필요,해당,① 관리주체 확정 — 되돌림
duty_assignment,ASG-003783,applicability_note,관리주체 확인 필요(FMS 관리주체 정보 없음·추정) — 용인시 관리면 「해당」으로,,① 관리주체 확정 — 되돌림
duty_assignment,ASG-003784,applicability,확인필요,해당,① 관리주체 확정 — 되돌림
duty_assignment,ASG-003784,applicability_note,관리주체 확인 필요(FMS 관리주체 정보 없음·추정) — 용인시 관리면 「해당」으로,,① 관리주체 확정 — 되돌림
duty_assignment,ASG-003786,applicability,확인필요,해당,① 관리주체 확정 — 되돌림
duty_assignment,ASG-003786,applicability_note,관리주체 확인 필요(FMS 관리주체 정보 없음·추정) — 용인시 관리면 「해당」으로,,① 관리주체 확정 — 되돌림
duty_assignment,ASG-003787,applicability,확인필요,해당,① 관리주체 확정 — 되돌림
duty_assignment,ASG-003787,applicability_note,관리주체 확인 필요(FMS 관리주체 정보 없음·추정) — 용인시 관리면 「해당」으로,,① 관리주체 확정 — 되돌림
duty_assignment,ASG-003788,applicability,확인필요,해당,① 관리주체 확정 — 되돌림
duty_assignment,ASG-003788,applicability_note,관리주체 확인 필요(FMS 관리주체 정보 없음·추정) — 용인시 관리면 「해당」으로,,① 관리주체 확정 — 되돌림
duty_assignment,ASG-003790,applicability,확인필요,해당,① 관리주체 확정 — 되돌림
duty_assignment,ASG-003790,applicability_note,관리주체 확인 필요(FMS 관리주체 정보 없음·추정) — 용인시 관리면 「해당」으로,,① 관리주체 확정 — 되돌림
duty_assignment,ASG-003791,applicability,확인필요,해당,① 관리주체 확정 — 되돌림
duty_assignment,ASG-003791,applicability_note,관리주체 확인 필요(FMS 관리주체 정보 없음·추정) — 용인시 관리면 「해당」으로,,① 관리주체 확정 — 되돌림
duty_assignment,ASG-003792,applicability,확인필요,해당,① 관리주체 확정 — 되돌림
duty_assignment,ASG-003792,applicability_note,관리주체 확인 필요(FMS 관리주체 정보 없음·추정) — 용인시 관리면 「해당」으로,,① 관리주체 확정 — 되돌림
duty_assignment,ASG-003795,applicability,확인필요,해당,① 관리주체 확정 — 되돌림
duty_assignment,ASG-003795,applicability_note,관리주체 확인 필요(FMS 관리주체 정보 없음·추정) — 용인시 관리면 「해당」으로,,① 관리주체 확정 — 되돌림
duty_assignment,ASG-003796,applicability,확인필요,해당,① 관리주체 확정 — 되돌림
duty_assignment,ASG-003796,applicability_note,관리주체 확인 필요(FMS 관리주체 정보 없음·추정) — 용인시 관리면 「해당」으로,,① 관리주체 확정 — 되돌림
duty_assignment,ASG-003797,applicability,확인필요,해당,① 관리주체 확정 — 되돌림
duty_assignment,ASG-003797,applicability_note,관리주체 확인 필요(FMS 관리주체 정보 없음·추정) — 용인시 관리면 「해당」으로,,① 관리주체 확정 — 되돌림
duty_assignment,ASG-003799,applicability,확인필요,해당,① 관리주체 확정 — 되돌림
duty_assignment,ASG-003799,applicability_note,관리주체 확인 필요(FMS 관리주체 정보 없음·추정) — 용인시 관리면 「해당」으로,,① 관리주체 확정 — 되돌림
duty_assignment,ASG-003800,applicability,확인필요,해당,① 관리주체 확정 — 되돌림
duty_assignment,ASG-003800,applicability_note,관리주체 확인 필요(FMS 관리주체 정보 없음·추정) — 용인시 관리면 「해당」으로,,① 관리주체 확정 — 되돌림
duty_assignment,ASG-003801,applicability,확인필요,해당,① 관리주체 확정 — 되돌림
duty_assignment,ASG-003801,applicability_note,관리주체 확인 필요(FMS 관리주체 정보 없음·추정) — 용인시 관리면 「해당」으로,,① 관리주체 확정 — 되돌림
duty_assignment,ASG-003803,applicability,확인필요,해당,① 관리주체 확정 — 되돌림
duty_assignment,ASG-003803,applicability_note,관리주체 확인 필요(FMS 관리주체 정보 없음·추정) — 용인시 관리면 「해당」으로,,① 관리주체 확정 — 되돌림
duty_assignment,ASG-003804,applicability,확인필요,해당,① 관리주체 확정 — 되돌림
duty_assignment,ASG-003804,applicability_note,관리주체 확인 필요(FMS 관리주체 정보 없음·추정) — 용인시 관리면 「해당」으로,,① 관리주체 확정 — 되돌림
duty_assignment,ASG-003805,applicability,확인필요,해당,① 관리주체 확정 — 되돌림
duty_assignment,ASG-003805,applicability_note,관리주체 확인 필요(FMS 관리주체 정보 없음·추정) — 용인시 관리면 「해당」으로,,① 관리주체 확정 — 되돌림
duty_assignment,ASG-003807,applicability,확인필요,해당,① 관리주체 확정 — 되돌림
duty_assignment,ASG-003807,applicability_note,관리주체 확인 필요(FMS 관리주체 정보 없음·추정) — 용인시 관리면 「해당」으로,,① 관리주체 확정 — 되돌림
duty_assignment,ASG-003808,applicability,확인필요,해당,① 관리주체 확정 — 되돌림
duty_assignment,ASG-003808,applicability_note,관리주체 확인 필요(FMS 관리주체 정보 없음·추정) — 용인시 관리면 「해당」으로,,① 관리주체 확정 — 되돌림
duty_assignment,ASG-003809,applicability,확인필요,해당,① 관리주체 확정 — 되돌림
duty_assignment,ASG-003809,applicability_note,관리주체 확인 필요(FMS 관리주체 정보 없음·추정) — 용인시 관리면 「해당」으로,,① 관리주체 확정 — 되돌림
duty_assignment,ASG-003811,applicability,확인필요,해당,① 관리주체 확정 — 되돌림
duty_assignment,ASG-003811,applicability_note,관리주체 확인 필요(FMS 관리주체 정보 없음·추정) — 용인시 관리면 「해당」으로,,① 관리주체 확정 — 되돌림
duty_assignment,ASG-003812,applicability,확인필요,해당,① 관리주체 확정 — 되돌림
duty_assignment,ASG-003812,applicability_note,관리주체 확인 필요(FMS 관리주체 정보 없음·추정) — 용인시 관리면 「해당」으로,,① 관리주체 확정 — 되돌림
duty_assignment,ASG-003813,applicability,확인필요,해당,① 관리주체 확정 — 되돌림
duty_assignment,ASG-003813,applicability_note,관리주체 확인 필요(FMS 관리주체 정보 없음·추정) — 용인시 관리면 「해당」으로,,① 관리주체 확정 — 되돌림
duty_assignment,ASG-003815,applicability,확인필요,해당,① 관리주체 확정 — 되돌림
duty_assignment,ASG-003815,applicability_note,관리주체 확인 필요(FMS 관리주체 정보 없음·추정) — 용인시 관리면 「해당」으로,,① 관리주체 확정 — 되돌림
duty_assignment,ASG-003816,applicability,확인필요,해당,① 관리주체 확정 — 되돌림
duty_assignment,ASG-003816,applicability_note,관리주체 확인 필요(FMS 관리주체 정보 없음·추정) — 용인시 관리면 「해당」으로,,① 관리주체 확정 — 되돌림
duty_assignment,ASG-003817,applicability,확인필요,해당,① 관리주체 확정 — 되돌림
duty_assignment,ASG-003817,applicability_note,관리주체 확인 필요(FMS 관리주체 정보 없음·추정) — 용인시 관리면 「해당」으로,,① 관리주체 확정 — 되돌림
duty_assignment,ASG-003819,applicability,확인필요,해당,① 관리주체 확정 — 되돌림
duty_assignment,ASG-003819,applicability_note,관리주체 확인 필요(FMS 관리주체 정보 없음·추정) — 용인시 관리면 「해당」으로,,① 관리주체 확정 — 되돌림
duty_assignment,ASG-003820,applicability,확인필요,해당,① 관리주체 확정 — 되돌림
duty_assignment,ASG-003820,applicability_note,관리주체 확인 필요(FMS 관리주체 정보 없음·추정) — 용인시 관리면 「해당」으로,,① 관리주체 확정 — 되돌림
duty_assignment,ASG-003821,applicability,확인필요,해당,① 관리주체 확정 — 되돌림
duty_assignment,ASG-003821,applicability_note,관리주체 확인 필요(FMS 관리주체 정보 없음·추정) — 용인시 관리면 「해당」으로,,① 관리주체 확정 — 되돌림
duty_assignment,ASG-003823,applicability,확인필요,해당,① 관리주체 확정 — 되돌림
duty_assignment,ASG-003823,applicability_note,관리주체 확인 필요(FMS 관리주체 정보 없음·추정) — 용인시 관리면 「해당」으로,,① 관리주체 확정 — 되돌림
duty_assignment,ASG-003824,applicability,확인필요,해당,① 관리주체 확정 — 되돌림
duty_assignment,ASG-003824,applicability_note,관리주체 확인 필요(FMS 관리주체 정보 없음·추정) — 용인시 관리면 「해당」으로,,① 관리주체 확정 — 되돌림
duty_assignment,ASG-003825,applicability,확인필요,해당,① 관리주체 확정 — 되돌림
duty_assignment,ASG-003825,applicability_note,관리주체 확인 필요(FMS 관리주체 정보 없음·추정) — 용인시 관리면 「해당」으로,,① 관리주체 확정 — 되돌림
duty_assignment,ASG-003832,applicability,확인필요,해당,① 관리주체 확정 — 되돌림
duty_assignment,ASG-003832,applicability_note,관리주체 확인 필요(FMS 관리주체 정보 없음·추정) — 용인시 관리면 「해당」으로,,① 관리주체 확정 — 되돌림
duty_assignment,ASG-003833,applicability,확인필요,해당,① 관리주체 확정 — 되돌림
duty_assignment,ASG-003833,applicability_note,관리주체 확인 필요(FMS 관리주체 정보 없음·추정) — 용인시 관리면 「해당」으로,,① 관리주체 확정 — 되돌림
duty_assignment,ASG-003834,applicability,확인필요,해당,① 관리주체 확정 — 되돌림
duty_assignment,ASG-003834,applicability_note,관리주체 확인 필요(FMS 관리주체 정보 없음·추정) — 용인시 관리면 「해당」으로,,① 관리주체 확정 — 되돌림
duty_assignment,ASG-003836,applicability,확인필요,해당,① 관리주체 확정 — 되돌림
duty_assignment,ASG-003836,applicability_note,관리주체 확인 필요(FMS 관리주체 정보 없음·추정) — 용인시 관리면 「해당」으로,,① 관리주체 확정 — 되돌림
duty_assignment,ASG-003837,applicability,확인필요,해당,① 관리주체 확정 — 되돌림
duty_assignment,ASG-003837,applicability_note,관리주체 확인 필요(FMS 관리주체 정보 없음·추정) — 용인시 관리면 「해당」으로,,① 관리주체 확정 — 되돌림
duty_assignment,ASG-003838,applicability,확인필요,해당,① 관리주체 확정 — 되돌림
duty_assignment,ASG-003838,applicability_note,관리주체 확인 필요(FMS 관리주체 정보 없음·추정) — 용인시 관리면 「해당」으로,,① 관리주체 확정 — 되돌림
duty_assignment,ASG-003840,applicability,확인필요,해당,① 관리주체 확정 — 되돌림
duty_assignment,ASG-003840,applicability_note,관리주체 확인 필요(FMS 관리주체 정보 없음·추정) — 용인시 관리면 「해당」으로,,① 관리주체 확정 — 되돌림
duty_assignment,ASG-003841,applicability,확인필요,해당,① 관리주체 확정 — 되돌림
duty_assignment,ASG-003841,applicability_note,관리주체 확인 필요(FMS 관리주체 정보 없음·추정) — 용인시 관리면 「해당」으로,,① 관리주체 확정 — 되돌림
duty_assignment,ASG-003842,applicability,확인필요,해당,① 관리주체 확정 — 되돌림
duty_assignment,ASG-003842,applicability_note,관리주체 확인 필요(FMS 관리주체 정보 없음·추정) — 용인시 관리면 「해당」으로,,① 관리주체 확정 — 되돌림
duty_assignment,ASG-003844,applicability,확인필요,해당,① 관리주체 확정 — 되돌림
duty_assignment,ASG-003844,applicability_note,관리주체 확인 필요(FMS 관리주체 정보 없음·추정) — 용인시 관리면 「해당」으로,,① 관리주체 확정 — 되돌림
duty_assignment,ASG-003845,applicability,확인필요,해당,① 관리주체 확정 — 되돌림
duty_assignment,ASG-003845,applicability_note,관리주체 확인 필요(FMS 관리주체 정보 없음·추정) — 용인시 관리면 「해당」으로,,① 관리주체 확정 — 되돌림
duty_assignment,ASG-003846,applicability,확인필요,해당,① 관리주체 확정 — 되돌림
duty_assignment,ASG-003846,applicability_note,관리주체 확인 필요(FMS 관리주체 정보 없음·추정) — 용인시 관리면 「해당」으로,,① 관리주체 확정 — 되돌림
incident,INC-001,check_note,시설 번호(고기초등학교 교사동)와 사고 설명(하수처리시설)이 맞지 않음 · 피해 「부상 1명」은 법 제2조제2호 중대산업재해 정의에 못 미침 — 원 기록 대조 필요,시설 번호(용인시 평생학습관)와 사고 설명(하수처리시설)이 맞지 않음 · 피해 「부상 1명」은 법 제2조제2호 중대산업재해 정의에 못 미침 — 원 기록 대조 필요,③ 기록 따라 옮김
incident,INC-002,check_note,시설 번호(두창초등학교 교사1호동)와 사고 설명(도로 교량)이 맞지 않음 · 피해 「부상 1명」은 법 제2조제3호 중대시민재해 정의에 못 미침 — 원 기록 대조 필요,시설 번호(용인시문화복지행정타운문화예술원)와 사고 설명(도로 교량)이 맞지 않음 · 피해 「부상 1명」은 법 제2조제3호 중대시민재해 정의에 못 미침 — 원 기록 대조 필요,③ 기록 따라 옮김
us:usb2_timing,T-fc-BR0000-0000002,rec_id,T-fc-BR0000-0000002,T-fc-BR1992-0000156,③ 기록 따라 옮김
us:usb2_timing,T-fc-BR0000-0000002,target_id,BR0000-0000002,BR1992-0000156,③ 기록 따라 옮김
us:usb2_timing,T-fc-BR1018-0000001,rec_id,T-fc-BR1018-0000001,T-fc-BR1992-0000904,③ 기록 따라 옮김
us:usb2_timing,T-fc-BR1018-0000001,target_id,BR1018-0000001,BR1992-0000904,③ 기록 따라 옮김
us:usb2_timing,T-fc-BR1900-0000009,rec_id,T-fc-BR1900-0000009,T-fc-BR1993-0000845,③ 기록 따라 옮김
us:usb2_timing,T-fc-BR1900-0000009,target_id,BR1900-0000009,BR1993-0000845,③ 기록 따라 옮김
